symbol,date,open,high,low,close,volume,source,collected_at
AGHA,2020-11-02,32.5,34.4,31.75,34.4,16760000,psxdata,2026-05-11T12:52:35
AGHA,2020-11-03,35.1,35.54,33.51,33.93,19750000,psxdata,2026-05-11T12:52:35
AGHA,2020-11-04,34.19,34.19,32.7,32.98,8797500,psxdata,2026-05-11T12:52:35
AGHA,2020-11-05,33.01,34.84,32.86,33.81,12324000,psxdata,2026-05-11T12:52:35
AGHA,2020-11-06,33.9,34.65,33.5,33.69,6247500,psxdata,2026-05-11T12:52:35
AGHA,2020-11-09,33.78,34.04,33.1,33.3,3296500,psxdata,2026-05-11T12:52:35
AGHA,2020-11-10,33.7,34.02,33.16,33.25,3400000,psxdata,2026-05-11T12:52:35
AGHA,2020-11-11,33.45,33.45,32.75,32.9,1829500,psxdata,2026-05-11T12:52:35
AGHA,2020-11-12,32.9,33.01,31.93,32.05,5861000,psxdata,2026-05-11T12:52:35
AGHA,2020-11-13,32.01,32.24,31.6,31.77,1897000,psxdata,2026-05-11T12:52:35
AGHA,2020-11-16,31.99,32.09,31.5,31.6,1020500,psxdata,2026-05-11T12:52:35
AGHA,2020-11-17,31.76,32.23,31.61,31.66,1534500,psxdata,2026-05-11T12:52:35
AGHA,2020-11-18,31.65,31.92,31.35,31.58,728500,psxdata,2026-05-11T12:52:35
AGHA,2020-11-19,31.45,32.4,31.39,32.08,2429000,psxdata,2026-05-11T12:52:35
AGHA,2020-11-20,32.19,32.69,31.7,31.87,3170000,psxdata,2026-05-11T12:52:35
AGHA,2020-11-23,31.5,31.5,30.85,31.27,2114500,psxdata,2026-05-11T12:52:35
AGHA,2020-11-24,31.4,32.35,31.11,31.42,3571500,psxdata,2026-05-11T12:52:35
AGHA,2020-11-25,31.51,32.9,31.49,32.37,3087500,psxdata,2026-05-11T12:52:35
AGHA,2020-11-26,32.38,33.2,32.2,33.02,4456000,psxdata,2026-05-11T12:52:35
AGHA,2020-11-27,32.93,33.45,32.61,32.93,1917000,psxdata,2026-05-11T12:52:35
AGHA,2020-11-30,33.01,33.4,32.69,33.08,2080500,psxdata,2026-05-11T12:52:35
AGHA,2020-12-01,33.1,33.5,33.0,33.32,2006000,psxdata,2026-05-11T12:52:35
AGHA,2020-12-02,33.38,33.88,33.0,33.25,2156500,psxdata,2026-05-11T12:52:35
AGHA,2020-12-03,33.2,33.81,33.02,33.13,2262000,psxdata,2026-05-11T12:52:35
AGHA,2020-12-04,33.3,35.2,33.2,34.71,17826000,psxdata,2026-05-11T12:52:35
AGHA,2020-12-07,34.93,35.15,34.11,34.6,3927000,psxdata,2026-05-11T12:52:35
AGHA,2020-12-08,34.5,34.75,34.19,34.47,1962000,psxdata,2026-05-11T12:52:35
AGHA,2020-12-09,34.49,34.85,33.75,33.89,2239000,psxdata,2026-05-11T12:52:35
AGHA,2020-12-10,33.6,34.68,33.6,34.23,3233000,psxdata,2026-05-11T12:52:35
AGHA,2020-12-11,34.49,35.2,34.4,34.72,6345500,psxdata,2026-05-11T12:52:35
AGHA,2020-12-14,35.1,37.32,34.89,36.92,18888500,psxdata,2026-05-11T12:52:35
AGHA,2020-12-15,37.6,38.39,36.85,37.29,9739500,psxdata,2026-05-11T12:52:35
AGHA,2020-12-16,37.55,37.95,36.0,36.29,4165000,psxdata,2026-05-11T12:52:35
AGHA,2020-12-17,36.5,37.09,36.2,36.88,1630000,psxdata,2026-05-11T12:52:35
AGHA,2020-12-18,36.71,37.55,36.4,36.62,2214000,psxdata,2026-05-11T12:52:35
AGHA,2020-12-21,36.9,37.62,36.36,36.65,5100000,psxdata,2026-05-11T12:52:35
AGHA,2020-12-22,37.2,39.39,37.2,38.04,15087000,psxdata,2026-05-11T12:52:35
AGHA,2020-12-23,38.26,38.8,37.86,38.13,3090000,psxdata,2026-05-11T12:52:35
AGHA,2020-12-24,38.31,38.85,37.43,37.58,3365000,psxdata,2026-05-11T12:52:35
AGHA,2020-12-28,38.0,38.0,37.26,37.46,1362000,psxdata,2026-05-11T12:52:35
AGHA,2020-12-29,37.7,37.74,36.55,36.72,1993000,psxdata,2026-05-11T12:52:35
AGHA,2020-12-30,36.91,38.0,36.67,37.82,2483500,psxdata,2026-05-11T12:52:35
AGHA,2020-12-31,37.98,39.75,37.9,39.41,7331000,psxdata,2026-05-11T12:52:35
AGHA,2021-01-01,39.75,40.7,38.45,38.74,7849000,psxdata,2026-05-11T12:52:35
AGHA,2021-01-04,39.0,39.1,36.25,36.61,6012000,psxdata,2026-05-11T12:52:35
AGHA,2021-01-05,36.55,37.75,36.55,37.35,2276500,psxdata,2026-05-11T12:52:35
AGHA,2021-01-06,37.7,37.74,36.92,37.01,1028500,psxdata,2026-05-11T12:52:35
AGHA,2021-01-07,37.0,37.5,36.9,37.18,4123000,psxdata,2026-05-11T12:52:35
AGHA,2021-01-08,37.39,38.0,37.3,37.6,3867000,psxdata,2026-05-11T12:52:35
AGHA,2021-01-11,37.75,38.4,37.3,37.44,3124000,psxdata,2026-05-11T12:52:35
AGHA,2021-01-12,37.52,37.9,37.45,37.52,1209000,psxdata,2026-05-11T12:52:35
AGHA,2021-01-13,37.79,38.15,37.45,37.94,4241500,psxdata,2026-05-11T12:52:35
AGHA,2021-01-14,38.35,38.79,37.72,37.92,3915500,psxdata,2026-05-11T12:52:35
AGHA,2021-01-15,38.01,38.12,37.21,37.33,1732500,psxdata,2026-05-11T12:52:35
AGHA,2021-01-18,37.49,37.49,36.75,36.84,1169000,psxdata,2026-05-11T12:52:35
AGHA,2021-01-19,36.84,37.1,36.0,36.15,1915500,psxdata,2026-05-11T12:52:35
AGHA,2021-01-20,36.2,36.3,35.85,36.17,790500,psxdata,2026-05-11T12:52:35
AGHA,2021-01-21,36.21,36.75,36.0,36.56,1795000,psxdata,2026-05-11T12:52:35
AGHA,2021-01-22,36.7,36.8,35.5,35.87,1984000,psxdata,2026-05-11T12:52:35
AGHA,2021-01-25,36.12,37.25,35.9,36.82,2757500,psxdata,2026-05-11T12:52:35
AGHA,2021-01-26,37.15,37.3,36.4,36.73,1730500,psxdata,2026-05-11T12:52:35
AGHA,2021-01-27,36.99,37.65,36.99,37.15,2839500,psxdata,2026-05-11T12:52:35
AGHA,2021-01-28,37.1,38.97,36.86,38.68,9526500,psxdata,2026-05-11T12:52:35
AGHA,2021-01-29,39.8,39.87,38.82,38.98,5641000,psxdata,2026-05-11T12:52:35
AGHA,2021-02-01,39.0,39.5,38.31,38.5,1915000,psxdata,2026-05-11T12:52:35
AGHA,2021-02-02,38.6,38.75,38.0,38.59,1129500,psxdata,2026-05-11T12:52:35
AGHA,2021-02-03,38.26,40.45,38.26,40.1,7002500,psxdata,2026-05-11T12:52:35
AGHA,2021-02-04,40.4,40.4,38.83,39.43,2348000,psxdata,2026-05-11T12:52:35
AGHA,2021-02-08,39.39,39.39,38.05,38.22,1029000,psxdata,2026-05-11T12:52:35
AGHA,2021-02-09,38.25,38.8,37.9,38.53,1802500,psxdata,2026-05-11T12:52:35
AGHA,2021-02-10,38.69,38.75,37.9,38.32,1135500,psxdata,2026-05-11T12:52:35
AGHA,2021-02-11,38.5,40.97,38.01,38.37,2841000,psxdata,2026-05-11T12:52:35
AGHA,2021-02-12,38.15,39.29,37.9,38.09,1861000,psxdata,2026-05-11T12:52:35
AGHA,2021-02-15,38.5,38.55,38.12,38.41,1286500,psxdata,2026-05-11T12:52:35
AGHA,2021-02-16,38.5,38.58,37.96,38.02,1651000,psxdata,2026-05-11T12:52:35
AGHA,2021-02-17,38.21,38.9,38.05,38.17,958500,psxdata,2026-05-11T12:52:35
AGHA,2021-02-18,38.0,38.55,37.95,38.05,659000,psxdata,2026-05-11T12:52:35
AGHA,2021-02-19,38.01,40.39,38.0,39.45,5183000,psxdata,2026-05-11T12:52:35
AGHA,2021-02-22,39.8,40.5,38.71,39.57,3995500,psxdata,2026-05-11T12:52:35
AGHA,2021-02-23,39.55,41.88,39.21,41.48,4493500,psxdata,2026-05-11T12:52:35
AGHA,2021-02-24,41.9,42.39,39.76,40.66,2767500,psxdata,2026-05-11T12:52:35
AGHA,2021-02-25,40.99,41.25,40.0,40.15,1460500,psxdata,2026-05-11T12:52:35
AGHA,2021-02-26,40.15,40.35,38.65,39.01,2590000,psxdata,2026-05-11T12:52:35
AGHA,2021-03-01,37.51,37.7,36.09,36.09,8140000,psxdata,2026-05-11T12:52:35
AGHA,2021-03-02,36.28,36.73,34.85,35.0,5155500,psxdata,2026-05-11T12:52:35
AGHA,2021-03-03,35.25,36.44,34.75,35.77,9333000,psxdata,2026-05-11T12:52:35
AGHA,2021-03-04,35.1,35.4,34.6,34.72,2960000,psxdata,2026-05-11T12:52:35
AGHA,2021-03-05,34.62,35.0,34.25,34.79,1660000,psxdata,2026-05-11T12:52:35
AGHA,2021-03-08,35.51,35.58,33.75,33.97,2202000,psxdata,2026-05-11T12:52:35
AGHA,2021-03-09,34.01,34.01,31.43,31.56,3426000,psxdata,2026-05-11T12:52:35
AGHA,2021-03-10,32.0,32.49,30.91,31.59,1939000,psxdata,2026-05-11T12:52:35
AGHA,2021-03-11,31.55,32.3,29.5,29.92,3045500,psxdata,2026-05-11T12:52:35
AGHA,2021-03-12,30.48,31.5,29.1,30.28,5849000,psxdata,2026-05-11T12:52:35
AGHA,2021-03-15,31.59,32.55,31.2,32.49,2257000,psxdata,2026-05-11T12:52:35
AGHA,2021-03-16,33.0,33.0,32.01,32.68,1631500,psxdata,2026-05-11T12:52:35
AGHA,2021-03-17,33.1,33.5,32.65,33.18,2505000,psxdata,2026-05-11T12:52:35
AGHA,2021-03-18,33.49,33.49,31.5,31.87,2513500,psxdata,2026-05-11T12:52:35
AGHA,2021-03-19,31.69,33.25,31.35,31.5,4138500,psxdata,2026-05-11T12:52:35
AGHA,2021-03-22,31.2,32.0,31.0,31.34,1459000,psxdata,2026-05-11T12:52:35
AGHA,2021-03-24,31.31,31.6,31.24,31.41,407500,psxdata,2026-05-11T12:52:35
AGHA,2021-03-25,31.69,31.89,31.2,31.29,710500,psxdata,2026-05-11T12:52:35
AGHA,2021-03-26,31.5,31.59,31.02,31.47,605000,psxdata,2026-05-11T12:52:35
AGHA,2021-03-29,31.51,31.51,29.62,30.06,950000,psxdata,2026-05-11T12:52:35
AGHA,2021-03-30,29.92,30.69,29.91,30.19,468000,psxdata,2026-05-11T12:52:35
AGHA,2021-03-31,30.6,31.95,30.5,30.88,1985000,psxdata,2026-05-11T12:52:35
AGHA,2021-04-01,30.93,31.4,30.9,31.05,917000,psxdata,2026-05-11T12:52:35
AGHA,2021-04-02,31.3,31.54,31.05,31.27,605500,psxdata,2026-05-11T12:52:35
AGHA,2021-04-05,31.31,31.31,30.5,30.74,473500,psxdata,2026-05-11T12:52:35
AGHA,2021-04-06,30.61,31.54,30.56,31.31,622500,psxdata,2026-05-11T12:52:35
AGHA,2021-04-07,31.65,31.65,30.85,31.02,451500,psxdata,2026-05-11T12:52:35
AGHA,2021-04-08,31.3,32.0,31.0,31.88,921500,psxdata,2026-05-11T12:52:35
AGHA,2021-04-09,31.8,32.19,31.0,31.16,3146500,psxdata,2026-05-11T12:52:35
AGHA,2021-04-12,31.15,32.0,30.95,31.22,1527000,psxdata,2026-05-11T12:52:35
AGHA,2021-04-13,31.01,31.6,30.9,31.31,442500,psxdata,2026-05-11T12:52:35
AGHA,2021-04-14,31.4,31.8,31.32,31.48,379500,psxdata,2026-05-11T12:52:35
AGHA,2021-04-15,31.6,31.85,31.11,31.18,478500,psxdata,2026-05-11T12:52:35
AGHA,2021-04-16,31.45,31.45,31.01,31.1,294500,psxdata,2026-05-11T12:52:35
AGHA,2021-04-19,30.51,31.07,30.32,30.83,335000,psxdata,2026-05-11T12:52:35
AGHA,2021-04-20,31.22,32.25,31.0,31.88,1996000,psxdata,2026-05-11T12:52:35
AGHA,2021-04-21,31.85,31.85,31.19,31.29,1095500,psxdata,2026-05-11T12:52:35
AGHA,2021-04-22,31.27,31.3,30.0,30.34,677500,psxdata,2026-05-11T12:52:35
AGHA,2021-04-23,30.19,30.19,29.8,29.93,913000,psxdata,2026-05-11T12:52:35
AGHA,2021-04-26,29.49,29.95,29.0,29.33,612500,psxdata,2026-05-11T12:52:35
AGHA,2021-04-27,29.48,30.09,29.4,29.53,854500,psxdata,2026-05-11T12:52:35
AGHA,2021-04-28,29.55,29.75,28.73,28.82,1774000,psxdata,2026-05-11T12:52:35
AGHA,2021-04-29,28.71,28.93,27.7,27.89,1045000,psxdata,2026-05-11T12:52:35
AGHA,2021-04-30,27.9,28.0,26.0,26.56,1340000,psxdata,2026-05-11T12:52:35
AGHA,2021-05-03,26.3,27.49,26.21,26.58,679500,psxdata,2026-05-11T12:52:35
AGHA,2021-05-04,26.98,27.37,26.66,27.19,332000,psxdata,2026-05-11T12:52:35
AGHA,2021-05-05,27.48,27.75,27.19,27.24,505500,psxdata,2026-05-11T12:52:35
AGHA,2021-05-06,27.31,27.5,27.2,27.5,566000,psxdata,2026-05-11T12:52:35
AGHA,2021-05-17,28.1,28.99,27.95,28.58,1501000,psxdata,2026-05-11T12:52:35
AGHA,2021-05-18,28.68,29.47,28.52,29.18,1171500,psxdata,2026-05-11T12:52:35
AGHA,2021-05-19,29.01,29.18,28.66,28.97,378000,psxdata,2026-05-11T12:52:35
AGHA,2021-05-20,28.53,29.4,28.53,28.94,486500,psxdata,2026-05-11T12:52:35
AGHA,2021-05-21,28.71,29.2,28.51,28.97,749000,psxdata,2026-05-11T12:52:35
AGHA,2021-05-24,29.21,30.5,28.7,29.93,2803500,psxdata,2026-05-11T12:52:35
AGHA,2021-05-25,30.39,30.39,30.0,30.03,599000,psxdata,2026-05-11T12:52:35
AGHA,2021-05-26,30.0,30.2,29.75,30.0,1210000,psxdata,2026-05-11T12:52:35
AGHA,2021-05-27,30.0,30.2,28.51,28.99,3333500,psxdata,2026-05-11T12:52:35
AGHA,2021-05-28,29.09,29.19,28.3,28.49,1705000,psxdata,2026-05-11T12:52:35
AGHA,2021-05-31,28.71,29.77,28.71,29.09,2419000,psxdata,2026-05-11T12:52:35
AGHA,2021-06-01,29.4,31.27,29.25,31.27,6601500,psxdata,2026-05-11T12:52:35
AGHA,2021-06-02,31.75,33.5,31.4,33.33,6787000,psxdata,2026-05-11T12:52:35
AGHA,2021-06-03,33.49,34.67,33.1,34.44,7328500,psxdata,2026-05-11T12:52:35
AGHA,2021-06-04,34.9,34.9,33.01,33.35,5334000,psxdata,2026-05-11T12:52:35
AGHA,2021-06-07,33.51,35.0,33.1,34.65,9460500,psxdata,2026-05-11T12:52:35
AGHA,2021-06-08,34.5,35.0,33.81,34.12,1903500,psxdata,2026-05-11T12:52:35
AGHA,2021-06-09,34.3,34.7,33.26,33.39,884000,psxdata,2026-05-11T12:52:35
AGHA,2021-06-10,33.17,35.05,33.16,34.59,3564000,psxdata,2026-05-11T12:52:35
AGHA,2021-06-11,34.88,34.95,34.4,34.67,2765500,psxdata,2026-05-11T12:52:35
AGHA,2021-06-14,35.26,36.35,34.8,35.96,6047500,psxdata,2026-05-11T12:52:35
AGHA,2021-06-15,35.9,36.1,35.52,35.99,2703000,psxdata,2026-05-11T12:52:35
AGHA,2021-06-16,35.95,35.95,35.25,35.42,912500,psxdata,2026-05-11T12:52:35
AGHA,2021-06-17,35.35,35.35,34.61,34.8,1216000,psxdata,2026-05-11T12:52:35
AGHA,2021-06-18,34.6,34.81,34.0,34.28,705500,psxdata,2026-05-11T12:52:35
AGHA,2021-06-21,34.51,34.8,33.9,34.02,1190000,psxdata,2026-05-11T12:52:35
AGHA,2021-06-22,34.3,34.4,33.4,33.64,1034500,psxdata,2026-05-11T12:52:35
AGHA,2021-06-23,34.14,34.49,33.55,34.18,712000,psxdata,2026-05-11T12:52:35
AGHA,2021-06-24,34.13,34.74,33.81,34.21,416000,psxdata,2026-05-11T12:52:35
AGHA,2021-06-25,34.45,34.49,33.75,34.05,589000,psxdata,2026-05-11T12:52:35
AGHA,2021-06-28,34.3,34.3,32.65,33.33,831500,psxdata,2026-05-11T12:52:35
AGHA,2021-06-29,33.8,34.9,33.33,34.16,619000,psxdata,2026-05-11T12:52:35
AGHA,2021-06-30,34.01,34.2,33.4,33.73,641500,psxdata,2026-05-11T12:52:35
AGHA,2021-07-01,33.98,33.98,33.5,33.54,318000,psxdata,2026-05-11T12:52:35
AGHA,2021-07-02,33.75,33.75,33.0,33.09,483500,psxdata,2026-05-11T12:52:35
AGHA,2021-07-05,33.03,33.11,32.33,32.51,1424500,psxdata,2026-05-11T12:52:35
AGHA,2021-07-06,32.56,33.05,32.0,32.12,632500,psxdata,2026-05-11T12:52:35
AGHA,2021-07-07,31.85,32.65,31.85,32.48,557500,psxdata,2026-05-11T12:52:35
AGHA,2021-07-08,32.26,34.07,32.26,33.22,1222500,psxdata,2026-05-11T12:52:35
AGHA,2021-07-09,33.48,33.5,32.3,32.39,682500,psxdata,2026-05-11T12:52:35
AGHA,2021-07-12,32.41,32.5,32.11,32.13,133500,psxdata,2026-05-11T12:52:35
AGHA,2021-07-13,31.91,32.37,31.91,31.95,542000,psxdata,2026-05-11T12:52:35
AGHA,2021-07-14,32.39,32.55,31.9,32.48,252000,psxdata,2026-05-11T12:52:35
AGHA,2021-07-15,32.55,32.55,31.96,32.01,825500,psxdata,2026-05-11T12:52:35
AGHA,2021-07-16,32.3,32.35,32.05,32.13,403000,psxdata,2026-05-11T12:52:35
AGHA,2021-07-19,32.39,32.39,32.02,32.05,310000,psxdata,2026-05-11T12:52:35
AGHA,2021-07-23,32.39,32.4,31.92,31.98,454500,psxdata,2026-05-11T12:52:35
AGHA,2021-07-26,32.1,33.2,31.7,32.29,1170000,psxdata,2026-05-11T12:52:35
AGHA,2021-07-27,32.44,32.5,32.1,32.1,348500,psxdata,2026-05-11T12:52:35
AGHA,2021-07-28,32.15,33.7,32.15,32.58,2198500,psxdata,2026-05-11T12:52:35
AGHA,2021-07-29,32.64,33.1,32.2,32.69,973000,psxdata,2026-05-11T12:52:35
AGHA,2021-07-30,33.0,33.65,32.5,32.61,3157500,psxdata,2026-05-11T12:52:35
AGHA,2021-08-02,32.61,33.2,32.6,32.81,766000,psxdata,2026-05-11T12:52:35
AGHA,2021-08-03,33.09,33.25,32.51,32.61,821500,psxdata,2026-05-11T12:52:35
AGHA,2021-08-04,32.75,32.95,32.51,32.54,353500,psxdata,2026-05-11T12:52:35
AGHA,2021-08-05,32.54,32.7,32.25,32.32,178000,psxdata,2026-05-11T12:52:35
AGHA,2021-08-06,32.25,32.8,32.2,32.63,961000,psxdata,2026-05-11T12:52:35
AGHA,2021-08-09,32.6,32.8,32.0,32.22,464000,psxdata,2026-05-11T12:52:35
AGHA,2021-08-10,32.22,32.69,32.01,32.26,167000,psxdata,2026-05-11T12:52:35
AGHA,2021-08-11,32.5,32.5,32.01,32.1,682500,psxdata,2026-05-11T12:52:35
AGHA,2021-08-12,32.15,32.3,31.85,31.91,227000,psxdata,2026-05-11T12:52:35
AGHA,2021-08-13,31.81,31.96,31.6,31.72,496000,psxdata,2026-05-11T12:52:35
AGHA,2021-08-16,31.7,31.76,31.0,31.57,912500,psxdata,2026-05-11T12:52:35
AGHA,2021-08-17,31.75,32.25,31.71,32.03,579500,psxdata,2026-05-11T12:52:35
AGHA,2021-08-20,32.44,32.7,31.51,32.41,722500,psxdata,2026-05-11T12:52:35
AGHA,2021-08-23,32.5,33.0,32.42,32.53,419000,psxdata,2026-05-11T12:52:35
AGHA,2021-08-24,32.53,32.95,32.1,32.15,276500,psxdata,2026-05-11T12:52:35
AGHA,2021-08-25,32.5,32.5,31.8,31.87,298000,psxdata,2026-05-11T12:52:35
AGHA,2021-08-26,32.3,32.49,31.5,31.58,194000,psxdata,2026-05-11T12:52:35
AGHA,2021-08-27,31.51,31.69,31.0,31.57,1165000,psxdata,2026-05-11T12:52:35
AGHA,2021-08-30,31.74,32.25,31.31,31.6,1338000,psxdata,2026-05-11T12:52:35
AGHA,2021-08-31,31.73,32.35,31.5,31.61,790000,psxdata,2026-05-11T12:52:35
AGHA,2021-09-01,31.5,32.11,31.5,31.85,1128000,psxdata,2026-05-11T12:52:35
AGHA,2021-09-02,31.99,31.99,31.0,31.42,1097000,psxdata,2026-05-11T12:52:35
AGHA,2021-09-03,31.5,31.8,31.15,31.22,246500,psxdata,2026-05-11T12:52:35
AGHA,2021-09-06,31.42,31.42,30.72,31.2,518500,psxdata,2026-05-11T12:52:35
AGHA,2021-09-07,31.04,31.2,30.5,30.84,670500,psxdata,2026-05-11T12:52:35
AGHA,2021-09-08,31.28,31.28,29.92,29.98,323000,psxdata,2026-05-11T12:52:35
AGHA,2021-09-09,30.37,30.37,29.62,29.9,310000,psxdata,2026-05-11T12:52:35
AGHA,2021-09-10,30.15,30.15,29.7,29.77,415000,psxdata,2026-05-11T12:52:35
AGHA,2021-09-13,29.66,30.1,29.66,29.78,327500,psxdata,2026-05-11T12:52:35
AGHA,2021-09-14,30.0,30.0,28.97,29.39,415500,psxdata,2026-05-11T12:52:35
AGHA,2021-09-15,29.5,29.5,29.0,29.03,251500,psxdata,2026-05-11T12:52:35
AGHA,2021-09-16,29.01,29.51,29.0,29.07,441000,psxdata,2026-05-11T12:52:35
AGHA,2021-09-17,29.49,31.25,29.07,29.77,2595000,psxdata,2026-05-11T12:52:35
AGHA,2021-09-20,30.69,30.69,28.71,29.15,3061000,psxdata,2026-05-11T12:52:35
AGHA,2021-09-21,29.41,29.45,27.5,28.1,862500,psxdata,2026-05-11T12:52:35
AGHA,2021-09-22,27.9,28.0,26.03,27.52,1429500,psxdata,2026-05-11T12:52:35
AGHA,2021-09-23,27.97,28.18,27.0,27.42,180500,psxdata,2026-05-11T12:52:35
AGHA,2021-09-24,27.4,28.15,26.6,27.93,387000,psxdata,2026-05-11T12:52:35
AGHA,2021-09-27,27.94,28.05,27.6,27.7,181000,psxdata,2026-05-11T12:52:35
AGHA,2021-09-28,28.04,28.69,27.55,27.88,313500,psxdata,2026-05-11T12:52:35
AGHA,2021-09-29,28.0,28.1,27.0,27.26,255500,psxdata,2026-05-11T12:52:35
AGHA,2021-09-30,27.17,27.74,26.8,27.49,176500,psxdata,2026-05-11T12:52:35
AGHA,2021-10-01,27.45,27.52,26.8,27.23,560500,psxdata,2026-05-11T12:52:35
AGHA,2021-10-04,26.06,27.75,26.06,27.62,398000,psxdata,2026-05-11T12:52:35
AGHA,2021-10-05,27.55,27.85,26.82,27.5,956000,psxdata,2026-05-11T12:52:35
AGHA,2021-10-06,27.5,27.5,26.25,27.16,1528000,psxdata,2026-05-11T12:52:35
AGHA,2021-10-07,27.01,27.94,27.01,27.5,721500,psxdata,2026-05-11T12:52:35
AGHA,2021-10-08,27.1,27.5,27.0,27.2,70500,psxdata,2026-05-11T12:52:35
AGHA,2021-10-11,27.5,27.5,26.11,27.04,1192500,psxdata,2026-05-11T12:52:35
AGHA,2021-10-12,26.27,28.0,26.26,27.48,486000,psxdata,2026-05-11T12:52:35
AGHA,2021-10-13,27.0,27.01,26.0,26.0,553500,psxdata,2026-05-11T12:52:35
AGHA,2021-10-14,26.0,26.78,25.71,26.71,125000,psxdata,2026-05-11T12:52:35
AGHA,2021-10-15,26.5,27.29,26.21,27.07,197500,psxdata,2026-05-11T12:52:35
AGHA,2021-10-18,26.71,27.15,26.01,26.31,469500,psxdata,2026-05-11T12:52:35
AGHA,2021-10-20,26.5,27.27,26.12,27.12,1031500,psxdata,2026-05-11T12:52:35
AGHA,2021-10-21,27.01,27.58,26.76,27.5,695000,psxdata,2026-05-11T12:52:35
AGHA,2021-10-22,27.02,27.18,26.4,26.49,553000,psxdata,2026-05-11T12:52:35
AGHA,2021-10-25,26.85,27.2,26.5,26.66,965500,psxdata,2026-05-11T12:52:35
AGHA,2021-10-26,26.8,27.39,26.4,26.99,949500,psxdata,2026-05-11T12:52:35
AGHA,2021-10-27,27.25,29.01,27.25,28.65,1318000,psxdata,2026-05-11T12:52:35
AGHA,2021-10-28,28.81,29.09,28.11,29.0,865500,psxdata,2026-05-11T12:52:35
AGHA,2021-10-29,29.4,29.4,28.05,28.25,550500,psxdata,2026-05-11T12:52:35
AGHA,2021-11-01,29.0,30.36,28.25,30.22,1495500,psxdata,2026-05-11T12:52:35
AGHA,2021-11-02,30.41,32.48,30.0,32.48,3506000,psxdata,2026-05-11T12:52:35
AGHA,2021-11-03,33.0,33.4,31.05,31.27,2260500,psxdata,2026-05-11T12:52:35
AGHA,2021-11-04,31.01,32.1,31.0,31.51,1045500,psxdata,2026-05-11T12:52:35
AGHA,2021-11-05,31.5,31.98,30.7,30.8,357500,psxdata,2026-05-11T12:52:35
AGHA,2021-11-08,31.0,31.1,29.7,29.91,589500,psxdata,2026-05-11T12:52:35
AGHA,2021-11-09,29.96,30.01,28.4,28.76,692500,psxdata,2026-05-11T12:52:35
AGHA,2021-11-10,28.97,29.5,28.0,28.24,894500,psxdata,2026-05-11T12:52:35
AGHA,2021-11-11,28.6,28.79,28.0,28.04,221500,psxdata,2026-05-11T12:52:35
AGHA,2021-11-12,28.01,28.08,27.3,27.68,210500,psxdata,2026-05-11T12:52:35
AGHA,2021-11-15,27.95,28.14,27.32,27.51,139500,psxdata,2026-05-11T12:52:35
AGHA,2021-11-16,27.85,29.57,27.76,29.09,645500,psxdata,2026-05-11T12:52:35
AGHA,2021-11-17,29.1,29.69,28.2,28.5,238500,psxdata,2026-05-11T12:52:35
AGHA,2021-11-18,28.5,28.73,28.05,28.37,114000,psxdata,2026-05-11T12:52:35
AGHA,2021-11-19,28.8,29.3,28.15,28.8,407500,psxdata,2026-05-11T12:52:35
AGHA,2021-11-22,28.36,28.59,27.45,27.73,427000,psxdata,2026-05-11T12:52:35
AGHA,2021-11-23,27.6,27.9,26.02,26.37,330000,psxdata,2026-05-11T12:52:35
AGHA,2021-11-24,26.75,27.29,26.0,26.06,313000,psxdata,2026-05-11T12:52:35
AGHA,2021-11-25,26.4,26.4,25.85,25.94,155500,psxdata,2026-05-11T12:52:35
AGHA,2021-11-26,26.06,26.5,25.3,25.86,331000,psxdata,2026-05-11T12:52:35
AGHA,2021-11-29,25.85,27.5,25.75,27.24,427000,psxdata,2026-05-11T12:52:35
AGHA,2021-11-30,27.01,27.9,26.8,26.99,596000,psxdata,2026-05-11T12:52:35
AGHA,2021-12-01,27.0,27.15,26.62,26.71,349500,psxdata,2026-05-11T12:52:35
AGHA,2021-12-02,26.5,26.5,24.71,24.71,1496500,psxdata,2026-05-11T12:52:35
AGHA,2021-12-03,24.0,24.45,22.86,23.04,934000,psxdata,2026-05-11T12:52:35
AGHA,2021-12-06,23.75,23.75,22.8,22.97,322000,psxdata,2026-05-11T12:52:35
AGHA,2021-12-07,23.01,24.4,23.01,24.0,907000,psxdata,2026-05-11T12:52:35
AGHA,2021-12-08,24.0,24.0,22.2,22.27,1510000,psxdata,2026-05-11T12:52:35
AGHA,2021-12-09,22.49,22.7,21.7,22.34,274500,psxdata,2026-05-11T12:52:35
AGHA,2021-12-10,22.02,22.69,21.5,22.38,285000,psxdata,2026-05-11T12:52:35
AGHA,2021-12-13,22.0,22.3,21.9,22.03,154000,psxdata,2026-05-11T12:52:35
AGHA,2021-12-14,22.0,23.4,21.75,22.74,251000,psxdata,2026-05-11T12:52:35
AGHA,2021-12-15,24.44,24.44,23.5,24.31,1308500,psxdata,2026-05-11T12:52:35
AGHA,2021-12-16,24.39,24.85,23.0,23.58,969000,psxdata,2026-05-11T12:52:35
AGHA,2021-12-17,23.6,24.5,23.16,24.42,833500,psxdata,2026-05-11T12:52:35
AGHA,2021-12-20,24.1,25.1,24.1,24.5,453000,psxdata,2026-05-11T12:52:35
AGHA,2021-12-21,24.89,25.15,24.01,24.3,210000,psxdata,2026-05-11T12:52:35
AGHA,2021-12-22,24.3,24.7,23.87,23.89,142000,psxdata,2026-05-11T12:52:35
AGHA,2021-12-23,24.0,24.3,23.8,24.01,97500,psxdata,2026-05-11T12:52:35
AGHA,2021-12-24,24.0,25.74,23.62,25.19,1250500,psxdata,2026-05-11T12:52:35
AGHA,2021-12-27,25.56,25.69,24.98,25.52,658000,psxdata,2026-05-11T12:52:35
AGHA,2021-12-28,25.15,25.8,25.1,25.76,484000,psxdata,2026-05-11T12:52:35
AGHA,2021-12-29,25.5,27.2,25.5,26.95,1614000,psxdata,2026-05-11T12:52:35
AGHA,2021-12-30,27.3,27.3,26.39,26.76,352500,psxdata,2026-05-11T12:52:35
AGHA,2021-12-31,26.75,26.86,25.15,26.17,933000,psxdata,2026-05-11T12:52:35
AGHA,2022-01-03,26.4,26.9,25.51,26.74,463500,psxdata,2026-05-11T12:52:35
AGHA,2022-01-04,26.49,27.89,26.49,27.62,719500,psxdata,2026-05-11T12:52:35
AGHA,2022-01-05,27.5,27.5,26.5,26.62,498000,psxdata,2026-05-11T12:52:35
AGHA,2022-01-06,26.5,26.5,25.8,26.08,347500,psxdata,2026-05-11T12:52:35
AGHA,2022-01-07,25.65,26.9,25.6,26.21,160000,psxdata,2026-05-11T12:52:35
AGHA,2022-01-10,26.49,27.0,26.27,26.92,260000,psxdata,2026-05-11T12:52:35
AGHA,2022-01-11,26.65,26.8,26.5,26.69,48500,psxdata,2026-05-11T12:52:35
AGHA,2022-01-12,26.5,26.75,26.4,26.41,326000,psxdata,2026-05-11T12:52:35
AGHA,2022-01-13,26.16,26.39,26.0,26.03,134500,psxdata,2026-05-11T12:52:35
AGHA,2022-01-14,26.48,26.48,25.8,26.04,81500,psxdata,2026-05-11T12:52:35
AGHA,2022-01-17,26.48,26.48,25.62,25.91,81000,psxdata,2026-05-11T12:52:35
AGHA,2022-01-18,26.0,26.1,25.75,25.84,34000,psxdata,2026-05-11T12:52:35
AGHA,2022-01-19,25.71,25.71,24.3,24.48,125000,psxdata,2026-05-11T12:52:35
AGHA,2022-01-20,24.48,24.48,23.02,24.05,959500,psxdata,2026-05-11T12:52:35
AGHA,2022-01-21,24.25,24.64,23.91,23.97,288500,psxdata,2026-05-11T12:52:35
AGHA,2022-01-24,23.88,24.0,23.72,23.93,551500,psxdata,2026-05-11T12:52:35
AGHA,2022-01-25,24.18,24.49,23.9,24.03,387500,psxdata,2026-05-11T12:52:35
AGHA,2022-01-26,23.9,23.98,23.66,23.84,114000,psxdata,2026-05-11T12:52:35
AGHA,2022-01-27,23.99,24.0,23.46,23.93,71500,psxdata,2026-05-11T12:52:35
AGHA,2022-01-28,24.0,24.0,23.7,23.78,168000,psxdata,2026-05-11T12:52:35
AGHA,2022-01-31,24.0,24.14,23.75,24.0,446000,psxdata,2026-05-11T12:52:35
AGHA,2022-02-01,24.4,24.4,23.8,24.0,576000,psxdata,2026-05-11T12:52:35
AGHA,2022-02-02,24.0,24.69,23.86,24.55,849000,psxdata,2026-05-11T12:52:35
AGHA,2022-02-03,24.75,24.98,24.0,24.13,491500,psxdata,2026-05-11T12:52:35
AGHA,2022-02-04,24.0,24.15,23.9,23.96,1347000,psxdata,2026-05-11T12:52:35
AGHA,2022-02-07,23.8,24.0,23.75,23.82,152000,psxdata,2026-05-11T12:52:35
AGHA,2022-02-08,23.75,24.0,23.71,23.91,63500,psxdata,2026-05-11T12:52:35
AGHA,2022-02-09,23.86,24.1,23.75,23.84,453000,psxdata,2026-05-11T12:52:35
AGHA,2022-02-10,23.85,23.85,23.68,23.74,86000,psxdata,2026-05-11T12:52:35
AGHA,2022-02-11,23.95,23.95,23.73,23.77,187000,psxdata,2026-05-11T12:52:35
AGHA,2022-02-14,23.62,23.62,23.3,23.46,153500,psxdata,2026-05-11T12:52:35
AGHA,2022-02-15,23.26,23.48,23.0,23.46,115000,psxdata,2026-05-11T12:52:35
AGHA,2022-02-16,23.35,23.45,23.22,23.41,15500,psxdata,2026-05-11T12:52:35
AGHA,2022-02-17,23.28,23.41,23.05,23.16,67500,psxdata,2026-05-11T12:52:35
AGHA,2022-02-18,23.11,23.2,22.8,23.0,124500,psxdata,2026-05-11T12:52:35
AGHA,2022-02-21,23.1,23.1,22.5,22.61,207000,psxdata,2026-05-11T12:52:35
AGHA,2022-02-22,22.6,22.88,21.61,21.7,1231500,psxdata,2026-05-11T12:52:35
AGHA,2022-02-23,22.0,22.19,21.75,22.02,661500,psxdata,2026-05-11T12:52:35
AGHA,2022-02-24,21.9,21.94,20.37,20.39,1219500,psxdata,2026-05-11T12:52:35
AGHA,2022-02-25,20.5,21.05,20.0,20.05,905500,psxdata,2026-05-11T12:52:35
AGHA,2022-02-28,20.0,21.0,19.71,20.63,2192000,psxdata,2026-05-11T12:52:35
AGHA,2022-03-01,21.01,21.01,20.6,20.75,358500,psxdata,2026-05-11T12:52:35
AGHA,2022-03-02,20.7,20.97,20.0,20.52,863000,psxdata,2026-05-11T12:52:35
AGHA,2022-03-03,20.5,20.98,19.7,20.05,1927000,psxdata,2026-05-11T12:52:35
AGHA,2022-03-04,20.12,20.33,19.85,20.05,326500,psxdata,2026-05-11T12:52:35
AGHA,2022-03-07,19.85,19.85,18.7,18.78,1500000,psxdata,2026-05-11T12:52:35
AGHA,2022-03-08,18.9,19.25,17.6,17.81,833500,psxdata,2026-05-11T12:52:35
AGHA,2022-03-09,17.99,18.45,17.61,17.98,334000,psxdata,2026-05-11T12:52:35
AGHA,2022-03-10,18.7,19.0,17.12,17.77,987000,psxdata,2026-05-11T12:52:35
AGHA,2022-03-11,17.65,18.15,17.5,17.9,210500,psxdata,2026-05-11T12:52:35
AGHA,2022-03-14,17.75,18.0,17.61,17.85,351000,psxdata,2026-05-11T12:52:35
AGHA,2022-03-15,17.67,18.9,17.67,18.81,415000,psxdata,2026-05-11T12:52:35
AGHA,2022-03-16,18.8,19.3,18.72,19.22,537000,psxdata,2026-05-11T12:52:35
AGHA,2022-03-17,19.25,19.44,19.16,19.19,138000,psxdata,2026-05-11T12:52:35
AGHA,2022-03-18,19.0,19.0,18.1,18.52,417500,psxdata,2026-05-11T12:52:35
AGHA,2022-03-21,18.65,18.65,18.2,18.5,76500,psxdata,2026-05-11T12:52:35
AGHA,2022-03-22,18.63,18.63,17.66,17.78,396500,psxdata,2026-05-11T12:52:35
AGHA,2022-03-24,17.75,18.3,17.65,18.22,179500,psxdata,2026-05-11T12:52:35
AGHA,2022-03-25,18.3,18.4,18.1,18.16,93500,psxdata,2026-05-11T12:52:35
AGHA,2022-03-28,18.4,18.7,17.85,18.52,594500,psxdata,2026-05-11T12:52:35
AGHA,2022-03-29,18.84,19.47,18.61,19.25,403000,psxdata,2026-05-11T12:52:35
AGHA,2022-03-30,19.25,19.99,18.81,19.75,766500,psxdata,2026-05-11T12:52:35
AGHA,2022-03-31,19.45,20.6,19.38,20.14,833000,psxdata,2026-05-11T12:52:35
AGHA,2022-04-01,20.15,20.15,19.52,19.6,321000,psxdata,2026-05-11T12:52:35
AGHA,2022-04-04,18.5,18.77,18.21,18.45,142500,psxdata,2026-05-11T12:52:35
AGHA,2022-04-05,18.25,18.9,17.93,18.05,331000,psxdata,2026-05-11T12:52:35
AGHA,2022-04-06,18.01,18.49,17.95,18.0,405000,psxdata,2026-05-11T12:52:35
AGHA,2022-04-07,18.0,18.1,17.13,17.32,732500,psxdata,2026-05-11T12:52:35
AGHA,2022-04-08,17.19,17.5,17.0,17.4,737500,psxdata,2026-05-11T12:52:35
AGHA,2022-04-11,18.05,18.7,17.99,18.59,2011500,psxdata,2026-05-11T12:52:35
AGHA,2022-04-12,18.6,18.97,18.25,18.75,582000,psxdata,2026-05-11T12:52:35
AGHA,2022-04-13,18.9,18.95,18.5,18.61,377500,psxdata,2026-05-11T12:52:35
AGHA,2022-04-14,18.65,18.75,18.49,18.64,918000,psxdata,2026-05-11T12:52:35
AGHA,2022-04-15,18.76,18.97,18.5,18.57,524000,psxdata,2026-05-11T12:52:35
AGHA,2022-04-18,18.6,18.8,18.51,18.7,315000,psxdata,2026-05-11T12:52:35
AGHA,2022-04-19,18.7,19.19,18.53,18.66,492000,psxdata,2026-05-11T12:52:35
AGHA,2022-04-20,18.57,18.58,18.13,18.22,189500,psxdata,2026-05-11T12:52:35
AGHA,2022-04-21,18.37,18.37,17.6,17.7,410000,psxdata,2026-05-11T12:52:35
AGHA,2022-04-22,17.7,17.95,17.46,17.51,762000,psxdata,2026-05-11T12:52:35
AGHA,2022-04-25,18.09,18.1,17.51,17.63,280000,psxdata,2026-05-11T12:52:35
AGHA,2022-04-26,17.75,17.8,17.46,17.5,84500,psxdata,2026-05-11T12:52:35
AGHA,2022-04-27,17.45,17.68,17.28,17.3,188000,psxdata,2026-05-11T12:52:35
AGHA,2022-04-28,17.17,17.54,16.9,16.96,536500,psxdata,2026-05-11T12:52:35
AGHA,2022-05-06,17.39,17.39,16.8,16.84,212500,psxdata,2026-05-11T12:52:35
AGHA,2022-05-09,16.85,16.85,15.8,16.04,246500,psxdata,2026-05-11T12:52:35
AGHA,2022-05-10,16.02,16.9,15.55,16.31,297500,psxdata,2026-05-11T12:52:35
AGHA,2022-05-11,16.0,16.0,15.09,15.21,717500,psxdata,2026-05-11T12:52:35
AGHA,2022-05-12,15.02,15.47,14.88,15.09,209500,psxdata,2026-05-11T12:52:35
AGHA,2022-05-13,15.05,15.78,14.88,15.54,733000,psxdata,2026-05-11T12:52:35
AGHA,2022-05-16,15.2,15.3,14.9,15.0,603500,psxdata,2026-05-11T12:52:35
AGHA,2022-05-17,14.99,15.2,14.91,15.0,760500,psxdata,2026-05-11T12:52:35
AGHA,2022-05-18,15.0,16.12,15.0,15.83,945000,psxdata,2026-05-11T12:52:35
AGHA,2022-05-19,15.85,16.24,15.41,15.59,585500,psxdata,2026-05-11T12:52:35
AGHA,2022-05-20,15.9,16.25,15.51,16.03,80000,psxdata,2026-05-11T12:52:35
AGHA,2022-05-23,15.55,15.77,15.5,15.56,69000,psxdata,2026-05-11T12:52:35
AGHA,2022-05-24,15.05,15.5,15.05,15.16,104000,psxdata,2026-05-11T12:52:35
AGHA,2022-05-25,15.39,15.4,15.04,15.34,1561000,psxdata,2026-05-11T12:52:35
AGHA,2022-05-26,15.45,15.84,15.1,15.74,112000,psxdata,2026-05-11T12:52:35
AGHA,2022-05-27,15.75,16.36,15.5,15.72,276000,psxdata,2026-05-11T12:52:35
AGHA,2022-05-30,15.98,15.98,15.75,15.79,97000,psxdata,2026-05-11T12:52:35
AGHA,2022-05-31,15.79,16.1,15.75,15.85,419500,psxdata,2026-05-11T12:52:35
AGHA,2022-06-01,15.75,15.95,15.75,15.77,25500,psxdata,2026-05-11T12:52:35
AGHA,2022-06-02,15.75,15.75,15.4,15.65,58500,psxdata,2026-05-11T12:52:35
AGHA,2022-06-03,15.13,15.25,14.48,14.55,788000,psxdata,2026-05-11T12:52:35
AGHA,2022-06-06,14.55,14.7,14.36,14.48,135000,psxdata,2026-05-11T12:52:35
AGHA,2022-06-07,14.5,14.79,14.4,14.52,67000,psxdata,2026-05-11T12:52:35
AGHA,2022-06-08,14.52,14.6,14.4,14.44,112500,psxdata,2026-05-11T12:52:35
AGHA,2022-06-09,14.6,15.0,14.25,14.31,1013000,psxdata,2026-05-11T12:52:35
AGHA,2022-06-10,14.32,14.5,14.11,14.16,299500,psxdata,2026-05-11T12:52:35
AGHA,2022-06-13,14.16,14.24,13.78,13.83,332500,psxdata,2026-05-11T12:52:35
AGHA,2022-06-14,13.9,14.15,13.5,13.99,1118000,psxdata,2026-05-11T12:52:35
AGHA,2022-06-15,14.2,14.27,13.85,13.93,239500,psxdata,2026-05-11T12:52:35
AGHA,2022-06-17,14.24,14.9,14.24,14.59,1277500,psxdata,2026-05-11T12:52:35
AGHA,2022-06-20,14.55,14.77,14.1,14.32,714000,psxdata,2026-05-11T12:52:35
AGHA,2022-06-21,14.47,15.27,14.47,15.09,2205500,psxdata,2026-05-11T12:52:35
AGHA,2022-06-22,15.11,15.11,14.75,14.9,255500,psxdata,2026-05-11T12:52:35
AGHA,2022-06-23,15.0,16.01,15.0,15.8,1815000,psxdata,2026-05-11T12:52:35
AGHA,2022-06-24,15.8,16.1,14.62,14.71,966000,psxdata,2026-05-11T12:52:35
AGHA,2022-06-27,14.45,15.6,14.45,15.39,136500,psxdata,2026-05-11T12:52:35
AGHA,2022-06-28,15.1,15.5,15.0,15.17,589500,psxdata,2026-05-11T12:52:35
AGHA,2022-06-29,15.44,15.44,15.0,15.09,457500,psxdata,2026-05-11T12:52:35
AGHA,2022-06-30,15.1,16.19,15.02,15.68,1544000,psxdata,2026-05-11T12:52:35
AGHA,2022-07-01,15.47,15.58,15.2,15.35,52000,psxdata,2026-05-11T12:52:35
AGHA,2022-07-04,15.23,15.25,15.0,15.01,53000,psxdata,2026-05-11T12:52:35
AGHA,2022-07-05,15.01,15.02,14.8,14.88,74000,psxdata,2026-05-11T12:52:35
AGHA,2022-07-06,15.0,15.0,14.7,14.76,46500,psxdata,2026-05-11T12:52:35
AGHA,2022-07-07,14.77,15.28,14.7,14.89,26000,psxdata,2026-05-11T12:52:35
AGHA,2022-07-13,14.85,15.45,14.8,15.12,55000,psxdata,2026-05-11T12:52:35
AGHA,2022-07-14,15.12,15.8,15.1,15.58,1525000,psxdata,2026-05-11T12:52:35
AGHA,2022-07-15,15.55,15.55,15.15,15.25,438000,psxdata,2026-05-11T12:52:35
AGHA,2022-07-18,15.0,15.23,14.81,14.88,70000,psxdata,2026-05-11T12:52:35
AGHA,2022-07-19,14.88,14.9,13.77,13.96,291000,psxdata,2026-05-11T12:52:35
AGHA,2022-07-20,14.12,14.5,13.8,13.93,197000,psxdata,2026-05-11T12:52:35
AGHA,2022-07-21,14.2,14.2,13.3,13.48,213000,psxdata,2026-05-11T12:52:35
AGHA,2022-07-22,13.5,14.0,13.5,13.9,92000,psxdata,2026-05-11T12:52:35
AGHA,2022-07-25,13.9,13.98,13.85,13.98,12500,psxdata,2026-05-11T12:52:35
AGHA,2022-07-26,13.35,14.05,13.35,13.81,19500,psxdata,2026-05-11T12:52:35
AGHA,2022-07-27,14.2,14.29,13.84,14.02,65500,psxdata,2026-05-11T12:52:35
AGHA,2022-07-28,14.24,14.25,13.96,13.99,46500,psxdata,2026-05-11T12:52:35
AGHA,2022-07-29,13.82,14.0,13.52,13.72,59500,psxdata,2026-05-11T12:52:35
AGHA,2022-08-01,13.84,13.9,13.51,13.8,91000,psxdata,2026-05-11T12:52:35
AGHA,2022-08-02,13.79,14.06,13.78,13.93,51500,psxdata,2026-05-11T12:52:35
AGHA,2022-08-03,14.2,14.82,14.05,14.7,330500,psxdata,2026-05-11T12:52:35
AGHA,2022-08-04,14.8,15.4,14.8,14.97,470500,psxdata,2026-05-11T12:52:35
AGHA,2022-08-05,15.2,15.65,15.01,15.33,1034500,psxdata,2026-05-11T12:52:35
AGHA,2022-08-10,15.41,15.72,15.22,15.31,292500,psxdata,2026-05-11T12:52:35
AGHA,2022-08-11,15.2,15.4,14.91,14.95,172000,psxdata,2026-05-11T12:52:35
AGHA,2022-08-12,14.9,15.25,14.9,15.17,177500,psxdata,2026-05-11T12:52:35
AGHA,2022-08-15,15.23,16.02,15.1,15.92,773000,psxdata,2026-05-11T12:52:35
AGHA,2022-08-16,15.87,16.39,15.65,15.85,310000,psxdata,2026-05-11T12:52:35
AGHA,2022-08-17,15.78,16.71,15.78,16.27,1067500,psxdata,2026-05-11T12:52:35
AGHA,2022-08-18,16.27,16.49,15.7,15.83,260000,psxdata,2026-05-11T12:52:35
AGHA,2022-08-19,15.75,16.0,15.62,15.87,105500,psxdata,2026-05-11T12:52:35
AGHA,2022-08-22,15.8,15.82,15.3,15.36,284000,psxdata,2026-05-11T12:52:35
AGHA,2022-08-23,15.7,15.75,15.55,15.69,126500,psxdata,2026-05-11T12:52:35
AGHA,2022-08-24,15.76,15.77,15.45,15.5,183000,psxdata,2026-05-11T12:52:35
AGHA,2022-08-25,15.5,15.6,15.25,15.32,174500,psxdata,2026-05-11T12:52:35
AGHA,2022-08-26,15.25,15.69,15.05,15.41,461000,psxdata,2026-05-11T12:52:35
AGHA,2022-08-29,15.08,16.48,14.95,16.07,337000,psxdata,2026-05-11T12:52:35
AGHA,2022-08-30,16.17,16.5,15.8,15.82,261500,psxdata,2026-05-11T12:52:35
AGHA,2022-08-31,15.55,16.7,15.3,16.33,408500,psxdata,2026-05-11T12:52:35
AGHA,2022-09-01,16.49,17.1,16.2,16.53,161500,psxdata,2026-05-11T12:52:35
AGHA,2022-09-02,16.35,16.5,16.15,16.28,55000,psxdata,2026-05-11T12:52:35
AGHA,2022-09-05,16.38,16.38,15.8,15.87,73500,psxdata,2026-05-11T12:52:35
AGHA,2022-09-06,15.87,16.09,15.7,15.72,128000,psxdata,2026-05-11T12:52:35
AGHA,2022-09-07,15.8,15.8,15.01,15.27,146000,psxdata,2026-05-11T12:52:35
AGHA,2022-09-08,15.15,15.5,15.1,15.44,38000,psxdata,2026-05-11T12:52:35
AGHA,2022-09-09,15.33,15.49,15.2,15.44,69500,psxdata,2026-05-11T12:52:35
AGHA,2022-09-12,15.14,15.96,15.14,15.65,146000,psxdata,2026-05-11T12:52:35
AGHA,2022-09-13,15.6,15.73,15.5,15.58,106000,psxdata,2026-05-11T12:52:35
AGHA,2022-09-14,15.32,15.45,15.25,15.44,84500,psxdata,2026-05-11T12:52:35
AGHA,2022-09-15,15.59,15.59,15.06,15.1,103500,psxdata,2026-05-11T12:52:35
AGHA,2022-09-16,15.01,15.2,15.0,15.11,60500,psxdata,2026-05-11T12:52:35
AGHA,2022-09-19,15.01,15.01,14.87,14.93,39500,psxdata,2026-05-11T12:52:35
AGHA,2022-09-20,14.86,14.88,14.41,14.5,145500,psxdata,2026-05-11T12:52:35
AGHA,2022-09-21,14.5,14.69,14.32,14.38,33000,psxdata,2026-05-11T12:52:35
AGHA,2022-09-22,14.21,14.21,13.86,14.08,112500,psxdata,2026-05-11T12:52:35
AGHA,2022-09-23,14.26,14.4,13.81,14.11,59000,psxdata,2026-05-11T12:52:35
AGHA,2022-09-26,14.5,15.16,14.2,15.16,329500,psxdata,2026-05-11T12:52:35
AGHA,2022-09-27,15.5,15.7,15.31,15.43,76500,psxdata,2026-05-11T12:52:35
AGHA,2022-09-28,15.5,16.25,15.21,15.73,453000,psxdata,2026-05-11T12:52:35
AGHA,2022-09-29,15.7,15.7,15.43,15.51,247500,psxdata,2026-05-11T12:52:35
AGHA,2022-09-30,15.05,16.37,15.05,15.98,797500,psxdata,2026-05-11T12:52:35
AGHA,2022-10-03,15.86,15.9,15.51,15.64,75500,psxdata,2026-05-11T12:52:35
AGHA,2022-10-04,15.65,16.05,15.56,15.61,158000,psxdata,2026-05-11T12:52:35
AGHA,2022-10-05,15.61,15.9,15.61,15.8,96000,psxdata,2026-05-11T12:52:35
AGHA,2022-10-06,15.52,16.85,15.52,16.56,1388500,psxdata,2026-05-11T12:52:35
AGHA,2022-10-07,16.11,16.95,16.0,16.07,335000,psxdata,2026-05-11T12:52:35
AGHA,2022-10-10,16.07,16.49,15.9,16.17,719500,psxdata,2026-05-11T12:52:35
AGHA,2022-10-11,16.3,16.35,15.97,15.99,60500,psxdata,2026-05-11T12:52:35
AGHA,2022-10-12,15.99,16.14,15.4,15.5,416000,psxdata,2026-05-11T12:52:35
AGHA,2022-10-13,15.84,15.84,15.5,15.57,95500,psxdata,2026-05-11T12:52:35
AGHA,2022-10-14,15.57,15.94,15.49,15.5,44500,psxdata,2026-05-11T12:52:35
AGHA,2022-10-17,15.5,15.68,15.1,15.27,75500,psxdata,2026-05-11T12:52:35
AGHA,2022-10-18,15.26,15.3,15.0,15.07,152000,psxdata,2026-05-11T12:52:35
AGHA,2022-10-19,15.1,15.45,15.0,15.21,301500,psxdata,2026-05-11T12:52:35
AGHA,2022-10-20,15.4,15.51,15.25,15.25,70500,psxdata,2026-05-11T12:52:35
AGHA,2022-10-21,15.24,15.5,15.1,15.31,58500,psxdata,2026-05-11T12:52:35
AGHA,2022-10-24,15.6,15.6,15.08,15.1,252500,psxdata,2026-05-11T12:52:35
AGHA,2022-10-25,15.24,15.24,15.0,15.0,53000,psxdata,2026-05-11T12:52:35
AGHA,2022-10-26,14.8,14.8,14.5,14.57,105500,psxdata,2026-05-11T12:52:35
AGHA,2022-10-27,14.55,14.7,14.2,14.42,107500,psxdata,2026-05-11T12:52:35
AGHA,2022-10-28,14.5,14.5,13.8,13.84,88000,psxdata,2026-05-11T12:52:35
AGHA,2022-10-31,14.01,14.1,13.9,13.91,50000,psxdata,2026-05-11T12:52:35
AGHA,2022-11-01,14.15,14.29,13.9,14.13,305000,psxdata,2026-05-11T12:52:35
AGHA,2022-11-03,14.29,14.6,14.1,14.21,300000,psxdata,2026-05-11T12:52:35
AGHA,2022-11-04,14.0,14.2,13.92,13.98,207500,psxdata,2026-05-11T12:52:35
AGHA,2022-11-07,14.14,14.3,14.08,14.24,40500,psxdata,2026-05-11T12:52:35
AGHA,2022-11-08,14.38,14.38,14.0,14.05,213000,psxdata,2026-05-11T12:52:35
AGHA,2022-11-10,14.05,14.4,14.05,14.3,251500,psxdata,2026-05-11T12:52:35
AGHA,2022-11-11,14.15,14.37,14.1,14.26,52000,psxdata,2026-05-11T12:52:35
AGHA,2022-11-14,14.1,14.25,13.9,14.08,101000,psxdata,2026-05-11T12:52:35
AGHA,2022-11-15,14.02,14.3,14.0,14.09,54000,psxdata,2026-05-11T12:52:35
AGHA,2022-11-16,14.06,14.09,14.0,14.06,81000,psxdata,2026-05-11T12:52:35
AGHA,2022-11-17,13.86,14.1,13.86,13.99,46500,psxdata,2026-05-11T12:52:35
AGHA,2022-11-18,14.2,14.2,13.9,13.92,82500,psxdata,2026-05-11T12:52:35
AGHA,2022-11-21,13.77,14.1,13.77,13.89,58500,psxdata,2026-05-11T12:52:35
AGHA,2022-11-22,13.77,14.0,13.77,13.97,56000,psxdata,2026-05-11T12:52:35
AGHA,2022-11-23,13.9,13.9,13.75,13.86,61500,psxdata,2026-05-11T12:52:35
AGHA,2022-11-24,13.76,13.84,13.53,13.67,72000,psxdata,2026-05-11T12:52:35
AGHA,2022-11-25,13.82,13.85,13.6,13.69,35500,psxdata,2026-05-11T12:52:35
AGHA,2022-11-28,13.49,13.75,12.8,13.44,225000,psxdata,2026-05-11T12:52:35
AGHA,2022-11-29,13.49,13.49,13.01,13.05,49500,psxdata,2026-05-11T12:52:35
AGHA,2022-11-30,13.28,13.3,13.0,13.01,142000,psxdata,2026-05-11T12:52:35
AGHA,2022-12-01,13.02,13.1,12.95,12.95,76000,psxdata,2026-05-11T12:52:35
AGHA,2022-12-02,13.01,13.02,12.63,12.89,67000,psxdata,2026-05-11T12:52:35
AGHA,2022-12-05,12.76,12.78,12.45,12.51,473500,psxdata,2026-05-11T12:52:35
AGHA,2022-12-06,12.51,12.87,12.45,12.73,148500,psxdata,2026-05-11T12:52:35
AGHA,2022-12-07,12.8,13.5,12.75,13.34,1110500,psxdata,2026-05-11T12:52:35
AGHA,2022-12-08,13.34,13.34,12.91,13.02,56500,psxdata,2026-05-11T12:52:35
AGHA,2022-12-09,13.18,13.18,12.6,12.9,48500,psxdata,2026-05-11T12:52:35
AGHA,2022-12-12,12.65,12.9,12.61,12.78,46000,psxdata,2026-05-11T12:52:35
AGHA,2022-12-13,12.53,13.49,12.5,13.13,117500,psxdata,2026-05-11T12:52:35
AGHA,2022-12-14,12.82,13.1,12.53,12.74,51500,psxdata,2026-05-11T12:52:35
AGHA,2022-12-15,12.75,12.79,12.6,12.73,32000,psxdata,2026-05-11T12:52:35
AGHA,2022-12-16,12.51,12.85,12.4,12.58,60000,psxdata,2026-05-11T12:52:35
AGHA,2022-12-19,12.45,12.57,12.24,12.44,56500,psxdata,2026-05-11T12:52:35
AGHA,2022-12-20,12.83,12.83,11.44,11.45,169000,psxdata,2026-05-11T12:52:35
AGHA,2022-12-21,11.7,12.1,11.0,11.76,68500,psxdata,2026-05-11T12:52:35
AGHA,2022-12-22,11.94,12.44,11.5,12.06,124500,psxdata,2026-05-11T12:52:35
AGHA,2022-12-23,11.76,12.27,11.5,11.88,79500,psxdata,2026-05-11T12:52:35
AGHA,2022-12-26,11.3,12.5,11.3,12.29,145000,psxdata,2026-05-11T12:52:35
AGHA,2022-12-27,12.1,12.49,12.01,12.32,116500,psxdata,2026-05-11T12:52:35
AGHA,2022-12-28,12.15,12.47,11.95,12.26,120000,psxdata,2026-05-11T12:52:35
AGHA,2022-12-29,12.1,13.26,12.08,12.96,601000,psxdata,2026-05-11T12:52:35
AGHA,2022-12-30,12.95,13.96,12.86,13.9,1892500,psxdata,2026-05-11T12:52:35
AGHA,2023-01-02,13.92,13.92,13.35,13.5,179500,psxdata,2026-05-11T12:52:35
AGHA,2023-01-03,13.17,13.49,13.0,13.4,88000,psxdata,2026-05-11T12:52:35
AGHA,2023-01-04,13.06,13.3,13.01,13.2,30000,psxdata,2026-05-11T12:52:35
AGHA,2023-01-05,13.44,13.44,12.9,12.98,45500,psxdata,2026-05-11T12:52:35
AGHA,2023-01-06,12.9,13.34,12.72,12.94,86000,psxdata,2026-05-11T12:52:35
AGHA,2023-01-09,12.67,13.19,12.5,12.97,161000,psxdata,2026-05-11T12:52:35
AGHA,2023-01-10,12.97,13.2,12.6,12.92,754000,psxdata,2026-05-11T12:52:35
AGHA,2023-01-11,12.92,13.09,12.2,12.98,368500,psxdata,2026-05-11T12:52:35
AGHA,2023-01-12,12.9,13.27,12.21,12.74,2069000,psxdata,2026-05-11T12:52:35
AGHA,2023-01-13,12.52,12.95,12.25,12.63,445000,psxdata,2026-05-11T12:52:35
AGHA,2023-01-16,12.33,12.9,12.33,12.63,59500,psxdata,2026-05-11T12:52:35
AGHA,2023-01-17,12.52,12.77,12.0,12.35,156500,psxdata,2026-05-11T12:52:35
AGHA,2023-01-18,12.36,12.68,12.0,12.31,264500,psxdata,2026-05-11T12:52:35
AGHA,2023-01-19,12.25,12.54,11.95,12.24,690500,psxdata,2026-05-11T12:52:35
AGHA,2023-01-20,12.28,12.33,11.98,12.22,394500,psxdata,2026-05-11T12:52:35
AGHA,2023-01-23,12.2,12.2,11.81,12.08,175500,psxdata,2026-05-11T12:52:35
AGHA,2023-01-24,12.08,12.48,11.85,12.32,1722000,psxdata,2026-05-11T12:52:35
AGHA,2023-01-25,12.4,12.4,12.15,12.32,1151000,psxdata,2026-05-11T12:52:35
AGHA,2023-01-26,12.41,12.8,12.11,12.57,2771500,psxdata,2026-05-11T12:52:35
AGHA,2023-01-27,12.59,12.59,11.77,12.0,792500,psxdata,2026-05-11T12:52:35
AGHA,2023-01-30,11.62,12.19,11.53,11.91,310500,psxdata,2026-05-11T12:52:35
AGHA,2023-01-31,11.93,11.94,11.67,11.85,676000,psxdata,2026-05-11T12:52:35
AGHA,2023-02-01,11.97,12.2,11.7,12.07,614000,psxdata,2026-05-11T12:52:35
AGHA,2023-02-02,12.0,12.22,11.89,12.1,994000,psxdata,2026-05-11T12:52:35
AGHA,2023-02-03,12.04,12.18,11.91,12.07,401000,psxdata,2026-05-11T12:52:35
AGHA,2023-02-06,11.96,12.18,11.95,12.06,214000,psxdata,2026-05-11T12:52:35
AGHA,2023-02-07,11.99,12.28,11.99,12.21,721000,psxdata,2026-05-11T12:52:35
AGHA,2023-02-08,12.16,12.32,11.9,11.99,596000,psxdata,2026-05-11T12:52:35
AGHA,2023-02-09,12.08,12.45,11.98,12.31,1181500,psxdata,2026-05-11T12:52:35
AGHA,2023-02-10,12.1,12.22,11.98,12.15,373500,psxdata,2026-05-11T12:52:35
AGHA,2023-02-13,12.18,12.18,11.71,11.91,126500,psxdata,2026-05-11T12:52:35
AGHA,2023-02-14,11.91,12.04,11.71,11.85,111500,psxdata,2026-05-11T12:52:35
AGHA,2023-02-15,11.8,11.96,11.76,11.91,140000,psxdata,2026-05-11T12:52:35
AGHA,2023-02-16,11.89,11.99,11.7,11.74,71000,psxdata,2026-05-11T12:52:35
AGHA,2023-02-17,11.89,11.89,11.68,11.7,37500,psxdata,2026-05-11T12:52:35
AGHA,2023-02-20,11.7,11.75,11.36,11.46,82000,psxdata,2026-05-11T12:52:35
AGHA,2023-02-21,11.78,11.88,11.33,11.76,562000,psxdata,2026-05-11T12:52:35
AGHA,2023-02-22,11.68,11.89,11.52,11.83,531500,psxdata,2026-05-11T12:52:35
AGHA,2023-02-23,11.55,11.6,11.3,11.48,156000,psxdata,2026-05-11T12:52:35
AGHA,2023-02-24,11.45,11.56,11.2,11.49,645500,psxdata,2026-05-11T12:52:35
AGHA,2023-02-27,11.4,11.5,11.21,11.42,219000,psxdata,2026-05-11T12:52:35
AGHA,2023-02-28,11.3,11.45,11.17,11.29,310000,psxdata,2026-05-11T12:52:35
AGHA,2023-03-01,11.32,11.38,10.81,11.31,435500,psxdata,2026-05-11T12:52:35
AGHA,2023-03-02,11.28,11.28,11.0,11.05,95000,psxdata,2026-05-11T12:52:35
AGHA,2023-03-03,11.05,11.41,10.95,11.29,957500,psxdata,2026-05-11T12:52:35
AGHA,2023-03-06,11.05,11.37,11.0,11.32,515500,psxdata,2026-05-11T12:52:35
AGHA,2023-03-07,11.2,11.25,11.0,11.04,149500,psxdata,2026-05-11T12:52:35
AGHA,2023-03-08,11.09,11.87,11.02,11.23,2640500,psxdata,2026-05-11T12:52:35
AGHA,2023-03-09,11.07,11.5,11.05,11.33,1155000,psxdata,2026-05-11T12:52:35
AGHA,2023-03-10,11.4,11.5,11.23,11.29,268000,psxdata,2026-05-11T12:52:35
AGHA,2023-03-13,11.33,11.45,11.22,11.38,398000,psxdata,2026-05-11T12:52:35
AGHA,2023-03-14,11.15,11.3,11.15,11.23,79000,psxdata,2026-05-11T12:52:35
AGHA,2023-03-15,11.17,11.7,11.16,11.57,1134000,psxdata,2026-05-11T12:52:35
AGHA,2023-03-16,11.57,11.99,11.51,11.93,1563500,psxdata,2026-05-11T12:52:35
AGHA,2023-03-17,11.93,12.1,11.53,11.7,359000,psxdata,2026-05-11T12:52:35
AGHA,2023-03-20,11.61,11.79,11.32,11.76,649000,psxdata,2026-05-11T12:52:35
AGHA,2023-03-21,11.79,11.83,11.5,11.78,401000,psxdata,2026-05-11T12:52:35
AGHA,2023-03-22,11.78,11.81,11.4,11.75,781500,psxdata,2026-05-11T12:52:35
AGHA,2023-03-24,11.42,11.68,11.35,11.66,541000,psxdata,2026-05-11T12:52:35
AGHA,2023-03-27,11.39,11.5,11.3,11.46,846500,psxdata,2026-05-11T12:52:35
AGHA,2023-03-28,11.46,12.2,11.29,11.43,658000,psxdata,2026-05-11T12:52:35
AGHA,2023-03-29,11.3,11.4,10.64,11.14,2763500,psxdata,2026-05-11T12:52:35
AGHA,2023-03-30,11.19,12.14,10.6,11.72,3689500,psxdata,2026-05-11T12:52:35
AGHA,2023-03-31,11.76,12.26,11.41,12.0,1811000,psxdata,2026-05-11T12:52:35
AGHA,2023-04-03,11.98,11.98,11.14,11.43,1657500,psxdata,2026-05-11T12:52:35
AGHA,2023-04-04,11.47,11.47,11.05,11.37,998000,psxdata,2026-05-11T12:52:35
AGHA,2023-04-05,11.4,11.77,11.12,11.46,1228000,psxdata,2026-05-11T12:52:35
AGHA,2023-04-06,11.41,11.5,11.32,11.46,1259500,psxdata,2026-05-11T12:52:35
AGHA,2023-04-07,11.45,11.9,11.25,11.75,859000,psxdata,2026-05-11T12:52:35
AGHA,2023-04-10,11.69,11.79,11.45,11.76,628500,psxdata,2026-05-11T12:52:35
AGHA,2023-04-11,11.72,11.74,11.4,11.67,1247000,psxdata,2026-05-11T12:52:35
AGHA,2023-04-12,11.8,11.87,11.51,11.8,1444000,psxdata,2026-05-11T12:52:35
AGHA,2023-04-13,11.81,12.06,11.66,11.95,1187500,psxdata,2026-05-11T12:52:35
AGHA,2023-04-17,11.73,11.94,11.66,11.78,703000,psxdata,2026-05-11T12:52:35
AGHA,2023-04-18,11.77,11.96,11.7,11.87,2721500,psxdata,2026-05-11T12:52:35
AGHA,2023-04-19,11.87,11.87,11.63,11.72,172000,psxdata,2026-05-11T12:52:35
AGHA,2023-04-20,11.75,12.49,11.75,11.96,1577500,psxdata,2026-05-11T12:52:35
AGHA,2023-04-26,11.7,11.89,11.62,11.8,717500,psxdata,2026-05-11T12:52:35
AGHA,2023-04-27,11.7,11.84,11.64,11.82,480000,psxdata,2026-05-11T12:52:35
AGHA,2023-04-28,11.94,11.94,11.43,11.69,797500,psxdata,2026-05-11T12:52:35
AGHA,2023-05-02,11.51,11.55,11.4,11.49,209500,psxdata,2026-05-11T12:52:35
AGHA,2023-05-03,11.41,11.71,11.4,11.66,1174500,psxdata,2026-05-11T12:52:35
AGHA,2023-05-04,11.72,11.78,11.43,11.69,898000,psxdata,2026-05-11T12:52:35
AGHA,2023-05-05,11.43,11.73,11.16,11.69,523500,psxdata,2026-05-11T12:52:35
AGHA,2023-05-08,11.67,11.67,11.32,11.57,386000,psxdata,2026-05-11T12:52:35
AGHA,2023-05-09,11.45,11.49,11.02,11.31,630500,psxdata,2026-05-11T12:52:35
AGHA,2023-05-10,11.04,11.31,10.86,11.27,500000,psxdata,2026-05-11T12:52:35
AGHA,2023-05-11,11.34,11.42,11.07,11.38,678000,psxdata,2026-05-11T12:52:35
AGHA,2023-05-12,11.11,11.4,11.11,11.38,595500,psxdata,2026-05-11T12:52:35
AGHA,2023-05-15,11.45,11.45,10.95,11.19,695000,psxdata,2026-05-11T12:52:35
AGHA,2023-05-16,11.15,11.29,11.08,11.27,2466500,psxdata,2026-05-11T12:52:35
AGHA,2023-05-17,11.25,11.28,11.12,11.26,754000,psxdata,2026-05-11T12:52:35
AGHA,2023-05-18,11.16,11.16,10.9,11.07,548500,psxdata,2026-05-11T12:52:35
AGHA,2023-05-19,11.05,11.19,10.94,11.17,534500,psxdata,2026-05-11T12:52:35
AGHA,2023-05-22,10.95,11.07,10.75,10.82,193000,psxdata,2026-05-11T12:52:35
AGHA,2023-05-23,10.72,10.79,10.6,10.63,142500,psxdata,2026-05-11T12:52:35
AGHA,2023-05-24,10.89,10.89,10.55,10.84,457500,psxdata,2026-05-11T12:52:35
AGHA,2023-05-25,10.87,10.93,10.6,10.91,498000,psxdata,2026-05-11T12:52:35
AGHA,2023-05-26,10.63,10.77,10.51,10.74,284000,psxdata,2026-05-11T12:52:35
AGHA,2023-05-29,10.76,10.82,10.45,10.69,682500,psxdata,2026-05-11T12:52:35
AGHA,2023-05-30,10.79,10.83,10.6,10.79,613500,psxdata,2026-05-11T12:52:35
AGHA,2023-05-31,10.77,10.77,10.5,10.68,219500,psxdata,2026-05-11T12:52:35
AGHA,2023-06-01,10.53,10.73,10.46,10.7,612500,psxdata,2026-05-11T12:52:35
AGHA,2023-06-02,10.65,10.65,10.22,10.49,266000,psxdata,2026-05-11T12:52:35
AGHA,2023-06-05,10.58,10.59,10.35,10.53,450500,psxdata,2026-05-11T12:52:35
AGHA,2023-06-06,10.49,10.49,10.34,10.43,306500,psxdata,2026-05-11T12:52:35
AGHA,2023-06-07,10.54,10.55,10.28,10.46,1334000,psxdata,2026-05-11T12:52:35
AGHA,2023-06-08,10.46,10.48,10.33,10.41,579000,psxdata,2026-05-11T12:52:35
AGHA,2023-06-09,10.4,10.47,10.16,10.43,1103500,psxdata,2026-05-11T12:52:35
AGHA,2023-06-12,10.37,10.4,10.0,10.34,487500,psxdata,2026-05-11T12:52:35
AGHA,2023-06-13,10.25,10.38,10.08,10.33,464000,psxdata,2026-05-11T12:52:35
AGHA,2023-06-14,10.31,10.38,10.01,10.34,1086000,psxdata,2026-05-11T12:52:35
AGHA,2023-06-15,10.21,10.36,10.01,10.29,731500,psxdata,2026-05-11T12:52:35
AGHA,2023-06-16,10.07,10.28,9.94,10.21,848500,psxdata,2026-05-11T12:52:35
AGHA,2023-06-19,10.05,10.09,9.74,9.94,421500,psxdata,2026-05-11T12:52:35
AGHA,2023-06-20,9.89,10.17,9.7,9.9,693500,psxdata,2026-05-11T12:52:35
AGHA,2023-06-21,9.85,9.85,9.31,9.53,450500,psxdata,2026-05-11T12:52:35
AGHA,2023-06-22,9.27,9.49,9.26,9.39,130500,psxdata,2026-05-11T12:52:35
AGHA,2023-06-23,9.36,9.4,9.0,9.11,334000,psxdata,2026-05-11T12:52:35
AGHA,2023-06-26,9.35,9.99,9.16,9.8,591000,psxdata,2026-05-11T12:52:35
AGHA,2023-06-27,9.75,9.98,9.6,9.72,387000,psxdata,2026-05-11T12:52:35
AGHA,2023-07-03,10.23,10.72,10.2,10.58,1362500,psxdata,2026-05-11T12:52:35
AGHA,2023-07-04,10.4,10.61,10.2,10.27,492500,psxdata,2026-05-11T12:52:35
AGHA,2023-07-05,10.39,10.6,10.3,10.45,1308500,psxdata,2026-05-11T12:52:35
AGHA,2023-07-06,10.43,10.61,10.25,10.56,737500,psxdata,2026-05-11T12:52:35
AGHA,2023-07-07,10.45,10.6,10.3,10.37,259852,psxdata,2026-05-11T12:52:35
AGHA,2023-07-10,10.36,10.88,10.26,10.83,2053693,psxdata,2026-05-11T12:52:35
AGHA,2023-07-11,10.96,11.79,10.85,11.54,4736355,psxdata,2026-05-11T12:52:35
AGHA,2023-07-12,11.68,11.99,11.5,11.65,1583420,psxdata,2026-05-11T12:52:35
AGHA,2023-07-13,11.92,11.92,11.2,11.26,1407935,psxdata,2026-05-11T12:52:35
AGHA,2023-07-14,11.33,11.35,11.0,11.09,939955,psxdata,2026-05-11T12:52:35
AGHA,2023-07-17,11.12,11.12,10.8,10.88,358050,psxdata,2026-05-11T12:52:35
AGHA,2023-07-18,11.0,11.0,10.55,10.61,474414,psxdata,2026-05-11T12:52:35
AGHA,2023-07-19,10.7,10.7,10.37,10.57,654060,psxdata,2026-05-11T12:52:35
AGHA,2023-07-20,10.57,10.82,10.55,10.65,274643,psxdata,2026-05-11T12:52:35
AGHA,2023-07-21,10.8,10.8,10.6,10.68,159161,psxdata,2026-05-11T12:52:35
AGHA,2023-07-24,10.59,10.65,10.48,10.56,672045,psxdata,2026-05-11T12:52:35
AGHA,2023-07-25,10.5,10.6,10.25,10.35,685294,psxdata,2026-05-11T12:52:35
AGHA,2023-07-26,10.3,10.56,10.3,10.48,138500,psxdata,2026-05-11T12:52:35
AGHA,2023-07-27,10.6,10.71,10.47,10.59,1076324,psxdata,2026-05-11T12:52:35
AGHA,2023-07-31,10.72,10.78,10.36,10.65,212648,psxdata,2026-05-11T12:52:35
AGHA,2023-08-01,11.02,11.65,11.02,11.65,3606839,psxdata,2026-05-11T12:52:35
AGHA,2023-08-02,11.85,12.1,11.6,11.67,2562472,psxdata,2026-05-11T12:52:35
AGHA,2023-08-03,11.88,12.0,11.11,11.5,1248888,psxdata,2026-05-11T12:52:35
AGHA,2023-08-04,11.69,11.84,11.2,11.34,443016,psxdata,2026-05-11T12:52:35
AGHA,2023-08-07,11.27,11.65,11.25,11.46,247435,psxdata,2026-05-11T12:52:35
AGHA,2023-08-08,11.35,11.39,10.99,11.0,149541,psxdata,2026-05-11T12:52:35
AGHA,2023-08-09,11.0,11.2,10.8,10.89,138050,psxdata,2026-05-11T12:52:35
AGHA,2023-08-10,11.0,11.35,10.7,10.72,222190,psxdata,2026-05-11T12:52:35
AGHA,2023-08-11,10.6,11.43,10.6,11.34,2007934,psxdata,2026-05-11T12:52:35
AGHA,2023-08-15,11.29,11.98,11.29,11.86,1782321,psxdata,2026-05-11T12:52:35
AGHA,2023-08-16,11.73,12.2,11.66,11.91,1835652,psxdata,2026-05-11T12:52:35
AGHA,2023-08-17,11.92,12.0,11.75,11.91,595946,psxdata,2026-05-11T12:52:35
AGHA,2023-08-18,11.8,11.95,11.51,11.8,232388,psxdata,2026-05-11T12:52:35
AGHA,2023-08-21,11.52,11.75,11.3,11.32,416376,psxdata,2026-05-11T12:52:35
AGHA,2023-08-22,11.39,11.49,11.25,11.28,41483,psxdata,2026-05-11T12:52:35
AGHA,2023-08-23,11.33,11.33,10.4,10.89,160800,psxdata,2026-05-11T12:52:35
AGHA,2023-08-24,10.64,11.25,10.64,10.93,42183,psxdata,2026-05-11T12:52:35
AGHA,2023-08-25,11.0,11.0,10.5,10.62,54131,psxdata,2026-05-11T12:52:35
AGHA,2023-08-28,10.43,10.97,10.0,10.6,96963,psxdata,2026-05-11T12:52:35
AGHA,2023-08-29,10.89,10.89,10.3,10.49,40714,psxdata,2026-05-11T12:52:35
AGHA,2023-08-30,10.65,10.8,9.95,10.18,101359,psxdata,2026-05-11T12:52:35
AGHA,2023-08-31,10.23,10.23,9.3,9.5,366557,psxdata,2026-05-11T12:52:35
AGHA,2023-09-01,9.78,9.78,9.4,9.47,152945,psxdata,2026-05-11T12:52:35
AGHA,2023-09-04,9.5,9.65,9.28,9.32,453521,psxdata,2026-05-11T12:52:35
AGHA,2023-09-05,9.5,9.5,9.14,9.19,142749,psxdata,2026-05-11T12:52:35
AGHA,2023-09-06,9.12,9.38,9.1,9.27,75305,psxdata,2026-05-11T12:52:35
AGHA,2023-09-07,9.38,9.38,9.12,9.28,159764,psxdata,2026-05-11T12:52:35
AGHA,2023-09-08,9.4,9.4,9.25,9.29,61646,psxdata,2026-05-11T12:52:35
AGHA,2023-09-11,9.36,9.47,9.16,9.27,139326,psxdata,2026-05-11T12:52:35
AGHA,2023-09-12,9.39,9.39,9.12,9.19,53760,psxdata,2026-05-11T12:52:35
AGHA,2023-09-13,9.48,10.19,9.22,9.52,698251,psxdata,2026-05-11T12:52:35
AGHA,2023-09-14,9.74,10.09,9.4,9.54,1170186,psxdata,2026-05-11T12:52:35
AGHA,2023-09-15,9.85,10.03,9.38,9.51,616389,psxdata,2026-05-11T12:52:35
AGHA,2023-09-18,9.51,10.51,9.51,10.49,1639430,psxdata,2026-05-11T12:52:35
AGHA,2023-09-19,10.8,10.9,10.1,10.16,1204801,psxdata,2026-05-11T12:52:35
AGHA,2023-09-20,10.38,10.38,9.81,9.89,494353,psxdata,2026-05-11T12:52:35
AGHA,2023-09-21,9.85,10.3,9.85,10.23,649177,psxdata,2026-05-11T12:52:35
AGHA,2023-09-22,10.2,10.48,10.16,10.32,360911,psxdata,2026-05-11T12:52:35
AGHA,2023-09-25,10.31,10.5,10.2,10.45,503074,psxdata,2026-05-11T12:52:35
AGHA,2023-09-26,10.25,10.38,10.0,10.06,586997,psxdata,2026-05-11T12:52:35
AGHA,2023-09-27,10.15,10.48,10.0,10.43,776165,psxdata,2026-05-11T12:52:35
AGHA,2023-09-28,10.59,10.75,10.25,10.27,529047,psxdata,2026-05-11T12:52:35
AGHA,2023-10-02,10.18,10.88,10.17,10.42,1069044,psxdata,2026-05-11T12:52:35
AGHA,2023-10-03,10.5,10.59,10.23,10.33,238801,psxdata,2026-05-11T12:52:35
AGHA,2023-10-04,10.5,10.55,10.3,10.47,120033,psxdata,2026-05-11T12:52:35
AGHA,2023-10-05,10.41,11.0,10.41,10.85,1182413,psxdata,2026-05-11T12:52:35
AGHA,2023-10-06,10.95,10.95,10.57,10.79,491949,psxdata,2026-05-11T12:52:35
AGHA,2023-10-09,10.48,10.75,10.3,10.61,247440,psxdata,2026-05-11T12:52:35
AGHA,2023-10-10,10.79,11.61,10.7,11.52,2650582,psxdata,2026-05-11T12:52:35
AGHA,2023-10-11,11.59,11.75,11.02,11.2,477128,psxdata,2026-05-11T12:52:35
AGHA,2023-10-12,11.17,11.4,11.01,11.17,478847,psxdata,2026-05-11T12:52:35
AGHA,2023-10-13,11.23,11.95,11.23,11.83,990358,psxdata,2026-05-11T12:52:35
AGHA,2023-10-16,12.0,12.67,12.0,12.16,4474432,psxdata,2026-05-11T12:52:35
AGHA,2023-10-17,12.2,12.37,12.0,12.09,721114,psxdata,2026-05-11T12:52:35
AGHA,2023-10-18,12.02,13.09,12.02,13.09,2987270,psxdata,2026-05-11T12:52:35
AGHA,2023-10-19,13.25,14.09,13.1,14.09,4211976,psxdata,2026-05-11T12:52:35
AGHA,2023-10-20,14.24,15.11,14.15,14.92,2165721,psxdata,2026-05-11T12:52:35
AGHA,2023-10-23,15.0,15.34,14.6,14.97,1637163,psxdata,2026-05-11T12:52:35
AGHA,2023-10-24,15.0,15.38,14.33,14.75,1264991,psxdata,2026-05-11T12:52:35
AGHA,2023-10-25,14.71,14.98,14.29,14.67,453156,psxdata,2026-05-11T12:52:35
AGHA,2023-10-26,14.7,14.7,14.25,14.26,137917,psxdata,2026-05-11T12:52:35
AGHA,2023-10-27,14.11,14.11,13.75,13.88,293933,psxdata,2026-05-11T12:52:35
AGHA,2023-10-30,13.86,14.92,13.83,14.84,1609989,psxdata,2026-05-11T12:52:35
AGHA,2023-10-31,14.55,15.14,14.51,14.76,546049,psxdata,2026-05-11T12:52:35
AGHA,2023-11-01,15.0,15.8,14.8,15.67,2430649,psxdata,2026-05-11T12:52:35
AGHA,2023-11-02,15.75,16.36,15.75,16.16,2514665,psxdata,2026-05-11T12:52:35
AGHA,2023-11-03,16.2,16.7,15.0,15.92,1962976,psxdata,2026-05-11T12:52:35
AGHA,2023-11-06,16.15,16.15,15.75,15.99,1320797,psxdata,2026-05-11T12:52:35
AGHA,2023-11-07,16.09,16.09,14.9,15.02,1223507,psxdata,2026-05-11T12:52:35
AGHA,2023-11-08,15.04,15.44,14.85,15.06,585269,psxdata,2026-05-11T12:52:35
AGHA,2023-11-10,15.14,15.45,14.75,14.88,814739,psxdata,2026-05-11T12:52:35
AGHA,2023-11-13,15.39,15.39,14.7,14.87,660434,psxdata,2026-05-11T12:52:35
AGHA,2023-11-14,15.1,15.1,14.3,14.42,1193694,psxdata,2026-05-11T12:52:35
AGHA,2023-11-15,14.97,15.5,14.81,15.21,11114525,psxdata,2026-05-11T12:52:35
AGHA,2023-11-16,15.25,15.64,14.99,15.15,4126984,psxdata,2026-05-11T12:52:35
AGHA,2023-11-17,15.3,15.35,14.8,14.89,1617555,psxdata,2026-05-11T12:52:35
AGHA,2023-11-20,15.01,15.07,14.45,14.62,804146,psxdata,2026-05-11T12:52:35
AGHA,2023-11-21,14.62,15.3,14.62,14.86,1914007,psxdata,2026-05-11T12:52:35
AGHA,2023-11-22,15.09,15.14,14.71,14.91,713949,psxdata,2026-05-11T12:52:35
AGHA,2023-11-23,15.09,15.4,15.0,15.14,1042629,psxdata,2026-05-11T12:52:35
AGHA,2023-11-24,15.27,15.34,14.8,14.87,1482194,psxdata,2026-05-11T12:52:35
AGHA,2023-11-27,15.58,15.99,15.45,15.99,9609785,psxdata,2026-05-11T12:52:35
AGHA,2023-11-28,16.7,16.74,15.8,15.84,10520726,psxdata,2026-05-11T12:52:35
AGHA,2023-11-29,15.99,16.25,15.65,15.84,6109570,psxdata,2026-05-11T12:52:35
AGHA,2023-11-30,16.01,16.01,15.62,15.65,855510,psxdata,2026-05-11T12:52:35
AGHA,2023-12-01,15.66,15.97,15.61,15.92,1205206,psxdata,2026-05-11T12:52:35
AGHA,2023-12-04,16.01,16.36,15.9,16.07,3457462,psxdata,2026-05-11T12:52:35
AGHA,2023-12-05,16.07,16.36,15.37,15.73,4278458,psxdata,2026-05-11T12:52:35
AGHA,2023-12-06,15.83,16.11,15.72,15.93,1834891,psxdata,2026-05-11T12:52:35
AGHA,2023-12-07,16.0,16.15,15.51,15.84,2335759,psxdata,2026-05-11T12:52:35
AGHA,2023-12-08,16.0,16.0,15.53,15.87,1382692,psxdata,2026-05-11T12:52:35
AGHA,2023-12-11,16.0,16.0,15.41,15.58,2708962,psxdata,2026-05-11T12:52:35
AGHA,2023-12-12,15.6,15.94,15.5,15.8,1547319,psxdata,2026-05-11T12:52:35
AGHA,2023-12-13,15.8,16.05,15.15,15.79,2749306,psxdata,2026-05-11T12:52:35
AGHA,2023-12-14,15.52,15.81,15.42,15.6,1037908,psxdata,2026-05-11T12:52:35
AGHA,2023-12-15,15.55,15.97,15.5,15.82,1595206,psxdata,2026-05-11T12:52:35
AGHA,2023-12-18,15.8,15.8,15.15,15.37,1753192,psxdata,2026-05-11T12:52:35
AGHA,2023-12-19,15.25,15.29,14.55,14.63,1937843,psxdata,2026-05-11T12:52:35
AGHA,2023-12-20,14.61,14.75,13.62,14.5,1284738,psxdata,2026-05-11T12:52:35
AGHA,2023-12-21,14.51,14.89,14.51,14.77,247620,psxdata,2026-05-11T12:52:35
AGHA,2023-12-22,14.77,14.89,14.35,14.43,216374,psxdata,2026-05-11T12:52:35
AGHA,2023-12-26,14.24,14.25,13.51,13.63,587922,psxdata,2026-05-11T12:52:35
AGHA,2023-12-27,13.82,13.97,13.05,13.71,627062,psxdata,2026-05-11T12:52:35
AGHA,2023-12-28,13.8,14.38,13.5,13.78,1190971,psxdata,2026-05-11T12:52:35
AGHA,2023-12-29,13.76,14.65,13.75,14.23,1586315,psxdata,2026-05-11T12:52:35
AGHA,2024-01-01,14.0,15.25,13.6,15.15,2711317,psxdata,2026-05-11T12:52:35
AGHA,2024-01-02,15.3,15.4,14.7,14.79,387160,psxdata,2026-05-11T12:52:35
AGHA,2024-01-03,14.81,15.42,14.65,14.96,1698198,psxdata,2026-05-11T12:52:35
AGHA,2024-01-04,14.91,15.15,14.7,14.89,695299,psxdata,2026-05-11T12:52:35
AGHA,2024-01-05,14.76,14.92,14.25,14.48,661246,psxdata,2026-05-11T12:52:35
AGHA,2024-01-08,14.49,14.69,14.4,14.43,239653,psxdata,2026-05-11T12:52:35
AGHA,2024-01-09,14.6,14.6,14.0,14.22,401991,psxdata,2026-05-11T12:52:35
AGHA,2024-01-10,14.1,14.14,13.87,13.96,738329,psxdata,2026-05-11T12:52:35
AGHA,2024-01-11,13.76,14.15,13.76,13.91,555175,psxdata,2026-05-11T12:52:35
AGHA,2024-01-12,14.1,14.17,13.75,13.83,321854,psxdata,2026-05-11T12:52:35
AGHA,2024-01-15,14.06,14.24,13.7,13.75,183723,psxdata,2026-05-11T12:52:35
AGHA,2024-01-16,13.88,13.88,13.35,13.54,202767,psxdata,2026-05-11T12:52:35
AGHA,2024-01-17,13.45,13.72,13.35,13.51,177883,psxdata,2026-05-11T12:52:35
AGHA,2024-01-18,13.51,13.51,13.27,13.32,139718,psxdata,2026-05-11T12:52:35
AGHA,2024-01-19,13.47,13.47,13.29,13.39,110788,psxdata,2026-05-11T12:52:35
AGHA,2024-01-22,13.36,13.36,13.0,13.2,414533,psxdata,2026-05-11T12:52:35
AGHA,2024-01-23,13.2,13.35,13.0,13.29,171907,psxdata,2026-05-11T12:52:35
AGHA,2024-01-24,13.25,13.42,13.25,13.32,133332,psxdata,2026-05-11T12:52:35
AGHA,2024-01-25,13.22,13.53,13.22,13.24,1313802,psxdata,2026-05-11T12:52:35
AGHA,2024-01-26,13.36,13.36,12.76,12.84,1161727,psxdata,2026-05-11T12:52:35
AGHA,2024-01-29,12.82,12.95,12.7,12.83,229757,psxdata,2026-05-11T12:52:35
AGHA,2024-01-30,12.72,12.96,12.0,12.22,1757450,psxdata,2026-05-11T12:52:35
AGHA,2024-01-31,12.2,12.47,12.11,12.3,194308,psxdata,2026-05-11T12:52:35
AGHA,2024-02-01,12.4,12.47,12.05,12.29,116842,psxdata,2026-05-11T12:52:35
AGHA,2024-02-02,12.35,12.35,12.0,12.24,147400,psxdata,2026-05-11T12:52:35
AGHA,2024-02-06,12.32,12.34,12.06,12.25,801280,psxdata,2026-05-11T12:52:35
AGHA,2024-02-07,12.17,12.34,12.16,12.27,398927,psxdata,2026-05-11T12:52:35
AGHA,2024-02-09,12.4,12.49,11.9,12.02,180820,psxdata,2026-05-11T12:52:35
AGHA,2024-02-12,12.0,12.1,11.21,11.35,926924,psxdata,2026-05-11T12:52:35
AGHA,2024-02-13,11.35,11.47,10.73,11.25,466440,psxdata,2026-05-11T12:52:35
AGHA,2024-02-14,11.35,11.85,11.35,11.71,269885,psxdata,2026-05-11T12:52:35
AGHA,2024-02-15,11.73,11.94,11.5,11.67,125073,psxdata,2026-05-11T12:52:35
AGHA,2024-02-16,11.84,11.84,10.81,11.15,389655,psxdata,2026-05-11T12:52:35
AGHA,2024-02-19,11.01,11.24,10.62,11.03,145388,psxdata,2026-05-11T12:52:35
AGHA,2024-02-20,11.08,11.32,11.0,11.08,258051,psxdata,2026-05-11T12:52:35
AGHA,2024-02-21,11.29,11.68,11.29,11.55,140551,psxdata,2026-05-11T12:52:35
AGHA,2024-02-22,11.69,11.9,11.67,11.68,115916,psxdata,2026-05-11T12:52:35
AGHA,2024-02-23,11.9,11.9,11.25,11.56,176441,psxdata,2026-05-11T12:52:35
AGHA,2024-02-26,11.5,11.74,10.9,11.04,1573014,psxdata,2026-05-11T12:52:35
AGHA,2024-02-27,11.19,11.3,10.99,11.03,424052,psxdata,2026-05-11T12:52:35
AGHA,2024-02-28,11.09,11.3,11.02,11.24,264373,psxdata,2026-05-11T12:52:35
AGHA,2024-02-29,11.25,11.45,11.21,11.38,521337,psxdata,2026-05-11T12:52:35
AGHA,2024-03-01,11.3,11.38,11.15,11.29,212949,psxdata,2026-05-11T12:52:35
AGHA,2024-03-04,11.4,11.4,11.08,11.12,319418,psxdata,2026-05-11T12:52:35
AGHA,2024-03-05,11.12,11.35,11.07,11.16,289849,psxdata,2026-05-11T12:52:35
AGHA,2024-03-06,11.2,11.25,11.06,11.12,402661,psxdata,2026-05-11T12:52:35
AGHA,2024-03-07,11.06,11.24,11.0,11.15,340001,psxdata,2026-05-11T12:52:35
AGHA,2024-03-08,11.25,11.65,11.0,11.47,1369742,psxdata,2026-05-11T12:52:35
AGHA,2024-03-11,11.5,12.47,11.5,12.32,2659820,psxdata,2026-05-11T12:52:35
AGHA,2024-03-12,12.4,12.4,11.87,11.89,629934,psxdata,2026-05-11T12:52:35
AGHA,2024-03-13,11.9,12.07,11.66,11.75,333771,psxdata,2026-05-11T12:52:35
AGHA,2024-03-14,11.99,12.28,11.73,12.2,361813,psxdata,2026-05-11T12:52:35
AGHA,2024-03-15,12.0,12.13,11.45,11.56,1049786,psxdata,2026-05-11T12:52:35
AGHA,2024-03-18,11.61,11.83,11.42,11.44,445211,psxdata,2026-05-11T12:52:35
AGHA,2024-03-19,11.5,11.65,11.16,11.32,722439,psxdata,2026-05-11T12:52:35
AGHA,2024-03-20,11.31,11.49,11.0,11.04,1497936,psxdata,2026-05-11T12:52:35
AGHA,2024-03-21,11.08,11.09,10.81,10.89,919307,psxdata,2026-05-11T12:52:35
AGHA,2024-03-22,10.9,11.0,10.66,10.95,432353,psxdata,2026-05-11T12:52:35
AGHA,2024-03-25,10.98,10.98,10.6,10.78,1481334,psxdata,2026-05-11T12:52:35
AGHA,2024-03-26,10.88,10.88,10.38,10.52,1576044,psxdata,2026-05-11T12:52:35
AGHA,2024-03-27,10.52,10.69,10.33,10.59,806417,psxdata,2026-05-11T12:52:35
AGHA,2024-03-28,10.43,10.81,10.41,10.47,937454,psxdata,2026-05-11T12:52:35
AGHA,2024-03-29,10.54,10.6,10.33,10.42,537375,psxdata,2026-05-11T12:52:35
AGHA,2024-04-01,10.5,10.63,10.28,10.3,565534,psxdata,2026-05-11T12:52:35
AGHA,2024-04-02,10.2,10.21,9.89,9.98,4123290,psxdata,2026-05-11T12:52:35
AGHA,2024-04-03,9.99,10.18,9.6,10.13,3396155,psxdata,2026-05-11T12:52:35
AGHA,2024-04-04,10.16,10.26,9.95,10.18,1322998,psxdata,2026-05-11T12:52:35
AGHA,2024-04-08,10.18,10.38,10.03,10.29,1081750,psxdata,2026-05-11T12:52:35
AGHA,2024-04-09,10.29,10.3,10.04,10.1,1212552,psxdata,2026-05-11T12:52:35
AGHA,2024-04-15,10.03,10.17,10.01,10.13,491019,psxdata,2026-05-11T12:52:35
AGHA,2024-04-16,10.2,10.55,10.1,10.19,1413854,psxdata,2026-05-11T12:52:35
AGHA,2024-04-17,10.13,10.25,10.1,10.16,800142,psxdata,2026-05-11T12:52:35
AGHA,2024-04-18,10.2,10.2,10.0,10.01,970921,psxdata,2026-05-11T12:52:35
AGHA,2024-04-19,10.02,10.1,10.0,10.05,642440,psxdata,2026-05-11T12:52:35
AGHA,2024-04-22,10.15,10.56,10.0,10.28,2080328,psxdata,2026-05-11T12:52:35
AGHA,2024-04-23,10.39,10.55,10.2,10.4,1191771,psxdata,2026-05-11T12:52:35
AGHA,2024-04-24,10.55,11.19,10.4,10.97,5053963,psxdata,2026-05-11T12:52:35
AGHA,2024-04-25,11.24,11.37,10.95,11.02,2718253,psxdata,2026-05-11T12:52:35
AGHA,2024-04-26,11.24,11.24,10.8,10.83,775653,psxdata,2026-05-11T12:52:35
AGHA,2024-04-29,10.78,10.9,9.95,10.09,4332816,psxdata,2026-05-11T12:52:35
AGHA,2024-04-30,10.0,10.16,9.86,9.9,1334430,psxdata,2026-05-11T12:52:35
AGHA,2024-05-02,9.91,9.93,9.63,9.72,1038851,psxdata,2026-05-11T12:52:35
AGHA,2024-05-03,9.7,9.95,9.61,9.8,684121,psxdata,2026-05-11T12:52:35
AGHA,2024-05-06,9.85,10.16,9.8,9.99,1154880,psxdata,2026-05-11T12:52:35
AGHA,2024-05-07,10.0,10.29,9.92,10.15,1185558,psxdata,2026-05-11T12:52:35
AGHA,2024-05-08,10.1,10.2,9.89,10.0,904009,psxdata,2026-05-11T12:52:35
AGHA,2024-05-09,10.13,10.13,9.9,10.0,1633890,psxdata,2026-05-11T12:52:35
AGHA,2024-05-10,10.05,10.26,10.0,10.17,8419182,psxdata,2026-05-11T12:52:35
AGHA,2024-05-13,10.3,11.17,10.2,10.91,10755137,psxdata,2026-05-11T12:52:35
AGHA,2024-05-14,11.0,11.17,10.2,10.25,6662479,psxdata,2026-05-11T12:52:35
AGHA,2024-05-15,10.21,10.39,10.07,10.11,1193040,psxdata,2026-05-11T12:52:35
AGHA,2024-05-16,10.06,10.44,10.06,10.32,1809987,psxdata,2026-05-11T12:52:35
AGHA,2024-05-17,10.45,10.8,10.35,10.49,3432108,psxdata,2026-05-11T12:52:35
AGHA,2024-05-20,10.42,10.59,10.18,10.27,726949,psxdata,2026-05-11T12:52:35
AGHA,2024-05-21,10.21,10.39,10.2,10.23,553348,psxdata,2026-05-11T12:52:35
AGHA,2024-05-22,10.2,10.3,10.06,10.1,747056,psxdata,2026-05-11T12:52:35
AGHA,2024-05-23,10.02,10.14,9.96,10.04,565247,psxdata,2026-05-11T12:52:35
AGHA,2024-05-24,10.06,10.4,10.06,10.19,1863663,psxdata,2026-05-11T12:52:35
AGHA,2024-05-27,10.3,10.3,10.01,10.05,969418,psxdata,2026-05-11T12:52:35
AGHA,2024-05-29,10.02,10.12,9.94,9.95,636248,psxdata,2026-05-11T12:52:35
AGHA,2024-05-30,9.98,10.05,9.82,9.87,850297,psxdata,2026-05-11T12:52:35
AGHA,2024-05-31,10.0,10.87,9.9,10.76,5720274,psxdata,2026-05-11T12:52:35
AGHA,2024-06-03,10.75,11.28,10.65,10.94,5395674,psxdata,2026-05-11T12:52:35
AGHA,2024-06-04,11.04,11.3,10.76,10.79,2555624,psxdata,2026-05-11T12:52:35
AGHA,2024-06-05,10.61,11.29,10.55,10.78,2806240,psxdata,2026-05-11T12:52:35
AGHA,2024-06-06,10.94,10.94,10.5,10.53,818296,psxdata,2026-05-11T12:52:35
AGHA,2024-06-07,10.51,10.72,10.27,10.67,1264344,psxdata,2026-05-11T12:52:35
AGHA,2024-06-10,10.79,10.79,10.38,10.54,862527,psxdata,2026-05-11T12:52:35
AGHA,2024-06-11,10.8,11.0,10.02,10.12,1306521,psxdata,2026-05-11T12:52:35
AGHA,2024-06-12,10.29,10.5,10.19,10.27,720799,psxdata,2026-05-11T12:52:35
AGHA,2024-06-13,11.15,11.15,10.66,10.9,2560637,psxdata,2026-05-11T12:52:35
AGHA,2024-06-14,10.8,10.94,10.48,10.53,969705,psxdata,2026-05-11T12:52:35
AGHA,2024-06-20,10.53,10.62,10.46,10.51,418416,psxdata,2026-05-11T12:52:35
AGHA,2024-06-21,10.53,10.6,10.22,10.34,758692,psxdata,2026-05-11T12:52:35
AGHA,2024-06-24,10.23,10.39,10.22,10.26,303499,psxdata,2026-05-11T12:52:35
AGHA,2024-06-25,10.3,10.3,10.08,10.12,810933,psxdata,2026-05-11T12:52:35
AGHA,2024-06-26,10.08,10.15,9.92,10.07,1690544,psxdata,2026-05-11T12:52:35
AGHA,2024-06-27,10.1,10.18,9.96,10.0,776912,psxdata,2026-05-11T12:52:35
AGHA,2024-06-28,10.2,10.2,10.0,10.02,314928,psxdata,2026-05-11T12:52:35
AGHA,2024-07-01,10.0,10.18,9.97,10.03,312722,psxdata,2026-05-11T12:52:35
AGHA,2024-07-02,10.03,10.39,10.02,10.2,1419640,psxdata,2026-05-11T12:52:35
AGHA,2024-07-03,10.2,10.33,10.08,10.14,402564,psxdata,2026-05-11T12:52:35
AGHA,2024-07-04,10.15,10.25,10.03,10.09,381847,psxdata,2026-05-11T12:52:35
AGHA,2024-07-05,10.02,10.19,10.0,10.11,423856,psxdata,2026-05-11T12:52:35
AGHA,2024-07-08,10.14,10.24,10.01,10.07,171821,psxdata,2026-05-11T12:52:35
AGHA,2024-07-09,10.06,10.14,9.96,10.0,675255,psxdata,2026-05-11T12:52:35
AGHA,2024-07-10,10.0,10.09,9.9,9.96,491494,psxdata,2026-05-11T12:52:35
AGHA,2024-07-11,10.0,10.06,9.89,9.93,493613,psxdata,2026-05-11T12:52:35
AGHA,2024-07-12,10.0,10.0,9.75,9.83,414318,psxdata,2026-05-11T12:52:35
AGHA,2024-07-15,9.97,9.99,9.9,9.92,473296,psxdata,2026-05-11T12:52:35
AGHA,2024-07-18,10.0,10.0,9.8,9.92,356094,psxdata,2026-05-11T12:52:35
AGHA,2024-07-19,10.0,10.0,9.51,9.58,1302993,psxdata,2026-05-11T12:52:35
AGHA,2024-07-22,9.53,9.7,9.39,9.4,322024,psxdata,2026-05-11T12:52:35
AGHA,2024-07-23,9.56,9.56,9.35,9.44,216688,psxdata,2026-05-11T12:52:35
AGHA,2024-07-24,9.58,9.6,9.25,9.56,281797,psxdata,2026-05-11T12:52:35
AGHA,2024-07-25,9.59,9.68,9.37,9.42,161176,psxdata,2026-05-11T12:52:35
AGHA,2024-07-26,9.42,9.42,9.1,9.16,458482,psxdata,2026-05-11T12:52:35
AGHA,2024-07-29,9.1,9.31,9.1,9.21,172368,psxdata,2026-05-11T12:52:35
AGHA,2024-07-30,9.31,9.31,8.95,9.0,639255,psxdata,2026-05-11T12:52:35
AGHA,2024-07-31,9.19,9.19,8.8,8.86,807742,psxdata,2026-05-11T12:52:35
AGHA,2024-08-01,8.97,8.97,8.8,8.85,206710,psxdata,2026-05-11T12:52:35
AGHA,2024-08-02,8.8,9.48,8.78,9.19,13283656,psxdata,2026-05-11T12:52:35
AGHA,2024-08-05,9.1,9.23,8.9,8.95,467300,psxdata,2026-05-11T12:52:35
AGHA,2024-08-06,9.05,9.1,8.92,9.0,173702,psxdata,2026-05-11T12:52:35
AGHA,2024-08-07,9.05,9.15,8.9,8.97,259212,psxdata,2026-05-11T12:52:35
AGHA,2024-08-08,9.0,9.01,8.88,8.92,139331,psxdata,2026-05-11T12:52:35
AGHA,2024-08-09,9.08,9.09,8.85,8.95,179419,psxdata,2026-05-11T12:52:35
AGHA,2024-08-12,9.08,9.08,8.72,8.78,668505,psxdata,2026-05-11T12:52:35
AGHA,2024-08-13,9.07,9.07,8.62,8.7,433894,psxdata,2026-05-11T12:52:35
AGHA,2024-08-15,8.72,8.9,8.61,8.66,350724,psxdata,2026-05-11T12:52:35
AGHA,2024-08-16,8.82,8.88,8.66,8.76,382350,psxdata,2026-05-11T12:52:35
AGHA,2024-08-19,8.87,8.87,8.03,8.61,333494,psxdata,2026-05-11T12:52:35
AGHA,2024-08-20,8.83,8.83,8.21,8.43,417101,psxdata,2026-05-11T12:52:35
AGHA,2024-08-21,8.54,8.8,8.4,8.66,771843,psxdata,2026-05-11T12:52:35
AGHA,2024-08-22,9.0,9.36,8.75,9.28,3636746,psxdata,2026-05-11T12:52:35
AGHA,2024-08-23,9.34,10.28,9.34,10.28,4588727,psxdata,2026-05-11T12:52:35
AGHA,2024-08-26,11.31,11.31,11.31,11.31,1056855,psxdata,2026-05-11T12:52:35
AGHA,2024-08-27,12.44,12.44,12.44,12.44,1256755,psxdata,2026-05-11T12:52:35
AGHA,2024-08-28,13.68,13.68,12.15,12.56,28102646,psxdata,2026-05-11T12:52:35
AGHA,2024-08-29,12.16,13.82,12.16,13.82,20042202,psxdata,2026-05-11T12:52:35
AGHA,2024-08-30,15.2,15.2,14.7,15.2,20670665,psxdata,2026-05-11T12:52:35
AGHA,2024-09-02,15.77,15.85,13.68,13.68,28794375,psxdata,2026-05-11T12:52:35
AGHA,2024-09-03,13.1,14.88,12.62,13.88,21567881,psxdata,2026-05-11T12:52:35
AGHA,2024-09-04,14.0,14.3,13.56,13.71,8139828,psxdata,2026-05-11T12:52:35
AGHA,2024-09-05,13.98,14.78,13.5,14.39,13999805,psxdata,2026-05-11T12:52:35
AGHA,2024-09-06,14.34,14.6,13.76,13.89,4222954,psxdata,2026-05-11T12:52:35
AGHA,2024-09-09,14.15,14.44,13.6,14.08,5649198,psxdata,2026-05-11T12:52:35
AGHA,2024-09-10,14.02,14.39,13.75,13.9,3400060,psxdata,2026-05-11T12:52:35
AGHA,2024-09-11,13.95,14.39,13.95,14.07,2946580,psxdata,2026-05-11T12:52:35
AGHA,2024-09-12,14.23,14.76,13.9,14.6,6038698,psxdata,2026-05-11T12:52:35
AGHA,2024-09-13,15.45,15.45,14.01,14.1,6061495,psxdata,2026-05-11T12:52:35
AGHA,2024-09-16,14.27,14.27,12.79,13.13,3962401,psxdata,2026-05-11T12:52:35
AGHA,2024-09-18,12.99,13.47,12.61,13.09,4035048,psxdata,2026-05-11T12:52:35
AGHA,2024-09-19,13.34,13.4,12.8,12.84,1473743,psxdata,2026-05-11T12:52:35
AGHA,2024-09-20,12.76,12.98,12.64,12.7,732267,psxdata,2026-05-11T12:52:35
AGHA,2024-09-23,12.88,13.45,12.35,13.11,2913754,psxdata,2026-05-11T12:52:35
AGHA,2024-09-24,13.1,13.2,12.61,12.81,2156559,psxdata,2026-05-11T12:52:35
AGHA,2024-09-25,12.93,12.95,12.36,12.46,1160482,psxdata,2026-05-11T12:52:35
AGHA,2024-09-26,12.69,12.79,12.22,12.25,1088418,psxdata,2026-05-11T12:52:35
AGHA,2024-09-27,12.45,12.45,11.4,11.55,1418391,psxdata,2026-05-11T12:52:35
AGHA,2024-09-30,11.55,11.84,10.92,11.27,2299009,psxdata,2026-05-11T12:52:35
AGHA,2024-10-01,10.75,11.5,10.7,10.79,6760233,psxdata,2026-05-11T12:52:35
AGHA,2024-10-02,10.71,11.03,10.05,10.72,30832938,psxdata,2026-05-11T12:52:35
AGHA,2024-10-03,10.72,11.02,10.41,10.49,8354112,psxdata,2026-05-11T12:52:35
AGHA,2024-10-04,10.68,10.7,10.35,10.4,1805730,psxdata,2026-05-11T12:52:35
AGHA,2024-10-07,10.31,10.85,10.1,10.72,7253363,psxdata,2026-05-11T12:52:35
AGHA,2024-10-08,10.75,11.3,10.6,11.11,9628467,psxdata,2026-05-11T12:52:35
AGHA,2024-10-09,11.29,11.9,11.17,11.43,7307459,psxdata,2026-05-11T12:52:35
AGHA,2024-10-10,11.39,11.5,11.0,11.05,2249230,psxdata,2026-05-11T12:52:35
AGHA,2024-10-11,11.01,11.74,10.51,11.62,4541572,psxdata,2026-05-11T12:52:35
AGHA,2024-10-14,11.56,12.2,11.56,12.11,5196516,psxdata,2026-05-11T12:52:35
AGHA,2024-10-15,12.18,12.5,11.9,12.14,4688089,psxdata,2026-05-11T12:52:35
AGHA,2024-10-16,12.01,12.35,11.9,12.07,3728790,psxdata,2026-05-11T12:52:35
AGHA,2024-10-17,12.27,13.11,12.0,12.86,8066779,psxdata,2026-05-11T12:52:35
AGHA,2024-10-18,12.9,12.9,12.36,12.51,2288587,psxdata,2026-05-11T12:52:35
AGHA,2024-10-21,12.5,12.85,12.3,12.37,1740213,psxdata,2026-05-11T12:52:35
AGHA,2024-10-22,12.65,13.0,12.2,12.41,5137306,psxdata,2026-05-11T12:52:35
AGHA,2024-10-23,12.63,12.65,12.2,12.24,2290384,psxdata,2026-05-11T12:52:35
AGHA,2024-10-24,12.46,12.53,12.14,12.37,1814219,psxdata,2026-05-11T12:52:35
AGHA,2024-10-25,12.38,12.5,12.0,12.16,4029614,psxdata,2026-05-11T12:52:35
AGHA,2024-10-28,12.17,12.89,11.95,12.78,8901660,psxdata,2026-05-11T12:52:35
AGHA,2024-10-29,12.98,13.05,12.16,12.67,8407822,psxdata,2026-05-11T12:52:35
AGHA,2024-10-30,12.7,12.95,12.25,12.28,6559730,psxdata,2026-05-11T12:52:35
AGHA,2024-10-31,12.28,13.35,12.28,12.74,11519671,psxdata,2026-05-11T12:52:35
AGHA,2024-11-01,12.75,12.95,12.51,12.76,1167519,psxdata,2026-05-11T12:52:35
AGHA,2024-11-04,12.8,13.15,12.72,12.8,2447599,psxdata,2026-05-11T12:52:35
AGHA,2024-11-05,13.0,13.05,12.55,12.62,2413701,psxdata,2026-05-11T12:52:35
AGHA,2024-11-06,12.87,12.88,12.26,12.56,2182217,psxdata,2026-05-11T12:52:35
AGHA,2024-11-07,12.7,12.79,12.5,12.52,981437,psxdata,2026-05-11T12:52:35
AGHA,2024-11-08,12.69,12.69,12.33,12.36,1699290,psxdata,2026-05-11T12:52:35
AGHA,2024-11-11,12.38,12.69,12.21,12.33,2814582,psxdata,2026-05-11T12:52:35
AGHA,2024-11-12,12.35,12.5,11.1,11.43,6707505,psxdata,2026-05-11T12:52:35
AGHA,2024-11-13,10.29,10.29,10.29,10.29,1130210,psxdata,2026-05-11T12:52:35
AGHA,2024-11-14,9.73,10.3,9.72,10.01,20701568,psxdata,2026-05-11T12:52:35
AGHA,2024-11-15,10.19,10.39,10.05,10.28,5152633,psxdata,2026-05-11T12:52:35
AGHA,2024-11-18,10.39,10.39,10.1,10.15,2062967,psxdata,2026-05-11T12:52:35
AGHA,2024-11-19,10.25,10.25,9.97,10.04,3464694,psxdata,2026-05-11T12:52:35
AGHA,2024-11-20,10.18,10.3,9.97,10.17,5969706,psxdata,2026-05-11T12:52:35
AGHA,2024-11-21,10.2,10.75,10.02,10.44,10074404,psxdata,2026-05-11T12:52:35
AGHA,2024-11-22,10.31,10.55,9.9,9.96,3893725,psxdata,2026-05-11T12:52:35
AGHA,2024-11-25,9.97,10.13,9.75,9.99,2393683,psxdata,2026-05-11T12:52:35
AGHA,2024-11-26,10.0,10.01,9.47,9.52,3100199,psxdata,2026-05-11T12:52:35
AGHA,2024-11-27,9.77,9.87,9.65,9.78,1948104,psxdata,2026-05-11T12:52:35
AGHA,2024-11-28,9.83,10.14,9.55,9.96,4954378,psxdata,2026-05-11T12:52:35
AGHA,2024-11-29,10.07,10.1,9.9,9.97,2471396,psxdata,2026-05-11T12:52:35
AGHA,2024-12-02,9.97,10.34,9.92,10.23,4343011,psxdata,2026-05-11T12:52:35
AGHA,2024-12-03,10.31,10.89,10.31,10.81,10243517,psxdata,2026-05-11T12:52:35
AGHA,2024-12-04,10.9,10.99,10.6,10.87,3780971,psxdata,2026-05-11T12:52:35
AGHA,2024-12-05,10.82,11.12,10.7,10.9,4704181,psxdata,2026-05-11T12:52:35
AGHA,2024-12-06,10.82,10.95,10.65,10.81,3046144,psxdata,2026-05-11T12:52:35
AGHA,2024-12-09,10.76,11.14,10.6,11.09,3605194,psxdata,2026-05-11T12:52:35
AGHA,2024-12-10,11.1,11.19,10.65,10.79,3463903,psxdata,2026-05-11T12:52:35
AGHA,2024-12-11,10.62,10.89,10.62,10.78,1225318,psxdata,2026-05-11T12:52:35
AGHA,2024-12-12,10.81,11.08,10.81,10.97,1662899,psxdata,2026-05-11T12:52:35
AGHA,2024-12-13,11.0,11.05,10.81,10.93,1275666,psxdata,2026-05-11T12:52:35
AGHA,2024-12-16,10.82,11.15,10.8,11.07,3396068,psxdata,2026-05-11T12:52:35
AGHA,2024-12-17,11.0,11.13,10.82,10.97,1783558,psxdata,2026-05-11T12:52:35
AGHA,2024-12-18,10.9,11.45,10.81,10.84,5782664,psxdata,2026-05-11T12:52:35
AGHA,2024-12-19,10.8,10.89,9.89,10.06,3742520,psxdata,2026-05-11T12:52:35
AGHA,2024-12-20,10.06,10.22,9.82,10.11,1241059,psxdata,2026-05-11T12:52:35
AGHA,2024-12-23,10.25,10.43,10.12,10.31,1758855,psxdata,2026-05-11T12:52:35
AGHA,2024-12-24,10.39,10.4,10.11,10.14,1253226,psxdata,2026-05-11T12:52:35
AGHA,2024-12-26,10.3,10.3,9.97,10.02,1097092,psxdata,2026-05-11T12:52:35
AGHA,2024-12-27,10.02,10.26,9.9,9.96,1489336,psxdata,2026-05-11T12:52:35
AGHA,2024-12-30,10.17,10.57,10.05,10.45,5014697,psxdata,2026-05-11T12:52:35
AGHA,2024-12-31,10.6,10.7,10.33,10.44,6787542,psxdata,2026-05-11T12:52:35
AGHA,2025-01-01,10.41,11.25,10.32,11.11,11484380,psxdata,2026-05-11T12:52:35
AGHA,2025-01-02,11.25,11.67,11.2,11.23,11314399,psxdata,2026-05-11T12:52:35
AGHA,2025-01-03,11.25,11.25,10.79,10.9,2962823,psxdata,2026-05-11T12:52:35
AGHA,2025-01-06,10.99,11.11,10.72,10.79,2133803,psxdata,2026-05-11T12:52:35
AGHA,2025-01-07,10.89,10.89,10.5,10.63,853944,psxdata,2026-05-11T12:52:35
AGHA,2025-01-08,10.7,10.86,10.45,10.51,939998,psxdata,2026-05-11T12:52:35
AGHA,2025-01-09,10.5,10.54,10.2,10.26,758333,psxdata,2026-05-11T12:52:35
AGHA,2025-01-10,10.34,10.39,10.1,10.19,632312,psxdata,2026-05-11T12:52:35
AGHA,2025-01-13,10.25,10.35,10.12,10.24,396345,psxdata,2026-05-11T12:52:35
AGHA,2025-01-14,10.38,10.69,10.27,10.5,771051,psxdata,2026-05-11T12:52:35
AGHA,2025-01-15,10.6,10.79,10.5,10.71,1385707,psxdata,2026-05-11T12:52:35
AGHA,2025-01-16,10.71,10.75,10.44,10.45,313581,psxdata,2026-05-11T12:52:35
AGHA,2025-01-17,10.58,10.71,10.4,10.67,556145,psxdata,2026-05-11T12:52:35
AGHA,2025-01-20,10.8,10.8,10.56,10.66,649922,psxdata,2026-05-11T12:52:35
AGHA,2025-01-21,10.7,10.75,10.5,10.55,668630,psxdata,2026-05-11T12:52:35
AGHA,2025-01-22,10.51,10.75,10.3,10.42,1374029,psxdata,2026-05-11T12:52:35
AGHA,2025-01-23,10.55,10.57,10.25,10.38,426796,psxdata,2026-05-11T12:52:35
AGHA,2025-01-24,10.49,10.57,10.3,10.46,679545,psxdata,2026-05-11T12:52:35
AGHA,2025-01-27,10.55,10.55,10.01,10.25,554546,psxdata,2026-05-11T12:52:35
AGHA,2025-01-28,10.16,10.38,9.8,9.9,2245020,psxdata,2026-05-11T12:52:35
AGHA,2025-01-29,10.08,10.08,9.75,9.78,1380768,psxdata,2026-05-11T12:52:35
AGHA,2025-01-30,9.8,10.0,9.8,9.91,1362302,psxdata,2026-05-11T12:52:35
AGHA,2025-01-31,9.99,10.03,9.8,9.84,1446480,psxdata,2026-05-11T12:52:35
AGHA,2025-02-03,9.95,9.99,9.76,9.8,837536,psxdata,2026-05-11T12:52:35
AGHA,2025-02-04,9.95,9.95,9.8,9.82,314278,psxdata,2026-05-11T12:52:35
AGHA,2025-02-06,10.0,10.0,9.8,9.9,391057,psxdata,2026-05-11T12:52:35
AGHA,2025-02-07,9.99,9.99,9.8,9.85,291855,psxdata,2026-05-11T12:52:35
AGHA,2025-02-10,9.8,9.93,9.77,9.85,715820,psxdata,2026-05-11T12:52:35
AGHA,2025-02-11,9.94,10.18,9.8,10.07,1104893,psxdata,2026-05-11T12:52:35
AGHA,2025-02-12,10.17,10.2,9.9,9.91,297938,psxdata,2026-05-11T12:52:35
AGHA,2025-02-13,10.08,10.08,9.85,9.87,491296,psxdata,2026-05-11T12:52:35
AGHA,2025-02-14,9.99,9.99,9.8,9.83,242855,psxdata,2026-05-11T12:52:35
AGHA,2025-02-17,9.97,9.97,9.7,9.74,164636,psxdata,2026-05-11T12:52:35
AGHA,2025-02-18,9.73,9.9,9.7,9.77,338395,psxdata,2026-05-11T12:52:35
AGHA,2025-02-19,9.9,9.92,9.75,9.82,383647,psxdata,2026-05-11T12:52:35
AGHA,2025-02-20,9.93,10.15,9.81,9.96,1334798,psxdata,2026-05-11T12:52:35
AGHA,2025-02-21,9.9,10.05,9.82,9.9,256006,psxdata,2026-05-11T12:52:35
AGHA,2025-02-24,9.83,10.11,9.8,10.06,454557,psxdata,2026-05-11T12:52:35
AGHA,2025-02-25,10.05,10.11,9.81,9.84,597417,psxdata,2026-05-11T12:52:35
AGHA,2025-02-26,9.82,9.96,9.8,9.82,227807,psxdata,2026-05-11T12:52:35
AGHA,2025-02-27,9.96,9.96,9.6,9.62,487404,psxdata,2026-05-11T12:52:35
AGHA,2025-02-28,9.7,9.7,8.8,8.97,2108183,psxdata,2026-05-11T12:52:35
AGHA,2025-03-03,8.94,9.0,8.71,8.83,469968,psxdata,2026-05-11T12:52:35
AGHA,2025-03-04,8.97,8.97,8.85,8.95,222788,psxdata,2026-05-11T12:52:35
AGHA,2025-03-05,8.95,9.07,8.84,8.94,418225,psxdata,2026-05-11T12:52:35
AGHA,2025-03-06,8.91,9.2,8.91,9.03,226841,psxdata,2026-05-11T12:52:35
AGHA,2025-03-07,9.15,9.19,9.03,9.15,258680,psxdata,2026-05-11T12:52:35
AGHA,2025-03-10,9.15,9.21,9.0,9.05,645713,psxdata,2026-05-11T12:52:35
AGHA,2025-03-11,9.1,9.1,8.9,8.92,306921,psxdata,2026-05-11T12:52:35
AGHA,2025-03-12,9.08,9.08,8.89,8.98,204139,psxdata,2026-05-11T12:52:35
AGHA,2025-03-13,8.98,9.08,8.92,8.95,320564,psxdata,2026-05-11T12:52:35
AGHA,2025-03-14,8.96,8.99,8.8,8.88,537955,psxdata,2026-05-11T12:52:35
AGHA,2025-03-17,8.91,8.93,8.65,8.84,1259900,psxdata,2026-05-11T12:52:35
AGHA,2025-03-18,8.9,8.96,8.7,8.74,795764,psxdata,2026-05-11T12:52:35
AGHA,2025-03-19,8.76,8.95,8.65,8.88,616156,psxdata,2026-05-11T12:52:35
AGHA,2025-03-20,8.88,9.27,8.8,9.17,1143221,psxdata,2026-05-11T12:52:35
AGHA,2025-03-21,9.25,9.7,9.06,9.38,3385538,psxdata,2026-05-11T12:52:35
AGHA,2025-03-24,9.5,9.5,9.1,9.19,480513,psxdata,2026-05-11T12:52:35
AGHA,2025-03-25,9.49,9.49,8.94,8.99,641615,psxdata,2026-05-11T12:52:35
AGHA,2025-03-26,9.15,9.3,8.89,9.11,2025900,psxdata,2026-05-11T12:52:35
AGHA,2025-03-27,9.14,9.14,8.97,9.0,224131,psxdata,2026-05-11T12:52:35
AGHA,2025-04-03,9.01,9.06,8.9,8.95,436578,psxdata,2026-05-11T12:52:35
AGHA,2025-04-04,8.93,9.5,8.93,9.17,2359575,psxdata,2026-05-11T12:52:35
AGHA,2025-04-07,9.05,9.1,8.22,8.76,1373381,psxdata,2026-05-11T12:52:35
AGHA,2025-04-08,8.99,8.99,8.71,8.87,343447,psxdata,2026-05-11T12:52:35
AGHA,2025-04-09,8.89,9.16,8.55,8.74,839158,psxdata,2026-05-11T12:52:35
AGHA,2025-04-10,8.91,9.29,8.85,9.21,1909952,psxdata,2026-05-11T12:52:35
AGHA,2025-04-11,9.03,9.15,8.9,8.91,376000,psxdata,2026-05-11T12:52:35
AGHA,2025-04-14,9.1,9.15,8.84,8.87,797182,psxdata,2026-05-11T12:52:35
AGHA,2025-04-15,9.04,9.04,8.85,8.94,289604,psxdata,2026-05-11T12:52:35
AGHA,2025-04-16,8.94,9.03,8.81,8.88,340242,psxdata,2026-05-11T12:52:35
AGHA,2025-04-17,8.81,9.04,8.8,8.87,272770,psxdata,2026-05-11T12:52:35
AGHA,2025-04-18,8.87,9.04,8.85,8.89,444602,psxdata,2026-05-11T12:52:35
AGHA,2025-04-21,9.08,9.08,8.87,8.9,174073,psxdata,2026-05-11T12:52:35
AGHA,2025-04-22,8.72,9.23,8.72,9.12,932117,psxdata,2026-05-11T12:52:35
AGHA,2025-04-23,9.0,9.14,8.96,9.02,739098,psxdata,2026-05-11T12:52:35
AGHA,2025-04-24,8.87,8.95,8.67,8.77,822784,psxdata,2026-05-11T12:52:35
AGHA,2025-04-25,9.25,9.25,8.7,8.8,410594,psxdata,2026-05-11T12:52:35
AGHA,2025-04-28,8.94,8.95,8.11,8.2,1455092,psxdata,2026-05-11T12:52:35
AGHA,2025-04-29,8.37,8.42,8.11,8.19,493938,psxdata,2026-05-11T12:52:35
AGHA,2025-04-30,8.2,8.23,7.82,7.88,852444,psxdata,2026-05-11T12:52:35
AGHA,2025-05-02,7.9,8.25,7.8,7.98,1719686,psxdata,2026-05-11T12:52:35
AGHA,2025-05-05,7.94,8.11,7.7,8.09,231983,psxdata,2026-05-11T12:52:35
AGHA,2025-05-06,8.01,8.29,8.0,8.01,735614,psxdata,2026-05-11T12:52:35
AGHA,2025-05-07,7.51,7.88,7.49,7.52,1358614,psxdata,2026-05-11T12:52:35
AGHA,2025-05-08,7.77,7.77,6.52,6.52,3627239,psxdata,2026-05-11T12:52:35
AGHA,2025-05-09,6.47,6.83,6.02,6.32,2826893,psxdata,2026-05-11T12:52:35
AGHA,2025-05-12,7.19,7.32,6.89,7.32,2598091,psxdata,2026-05-11T12:52:35
AGHA,2025-05-13,7.4,7.6,7.22,7.54,971561,psxdata,2026-05-11T12:52:35
AGHA,2025-05-14,7.59,7.59,7.35,7.5,578844,psxdata,2026-05-11T12:52:35
AGHA,2025-05-15,7.49,7.7,7.41,7.66,1112986,psxdata,2026-05-11T12:52:35
AGHA,2025-05-16,7.6,8.5,7.6,8.08,3284164,psxdata,2026-05-11T12:52:35
AGHA,2025-05-19,8.24,9.08,8.11,8.69,7863604,psxdata,2026-05-11T12:52:35
AGHA,2025-05-20,8.89,8.89,8.3,8.36,1672683,psxdata,2026-05-11T12:52:35
AGHA,2025-05-21,8.36,8.5,8.25,8.41,1236506,psxdata,2026-05-11T12:52:35
AGHA,2025-05-22,8.5,8.85,8.4,8.45,1328938,psxdata,2026-05-11T12:52:35
AGHA,2025-05-23,8.57,8.57,8.35,8.4,171838,psxdata,2026-05-11T12:52:35
AGHA,2025-05-26,8.42,8.5,8.26,8.34,787805,psxdata,2026-05-11T12:52:35
AGHA,2025-05-27,8.39,8.4,8.27,8.31,329792,psxdata,2026-05-11T12:52:35
AGHA,2025-05-29,8.3,8.65,8.16,8.5,820949,psxdata,2026-05-11T12:52:35
AGHA,2025-05-30,8.5,8.74,8.5,8.6,1063766,psxdata,2026-05-11T12:52:35
AGHA,2025-06-02,8.5,8.78,8.47,8.5,521130,psxdata,2026-05-11T12:52:35
AGHA,2025-06-03,8.65,9.15,8.35,9.05,3451547,psxdata,2026-05-11T12:52:35
AGHA,2025-06-04,9.08,9.29,8.8,8.9,2127230,psxdata,2026-05-11T12:52:35
AGHA,2025-06-05,8.87,8.97,8.8,8.88,653984,psxdata,2026-05-11T12:52:35
AGHA,2025-06-10,9.01,9.29,8.95,9.01,2189670,psxdata,2026-05-11T12:52:35
AGHA,2025-06-11,9.29,9.39,9.0,9.22,3835770,psxdata,2026-05-11T12:52:35
AGHA,2025-06-12,9.39,9.39,8.81,8.89,2862939,psxdata,2026-05-11T12:52:35
AGHA,2025-06-13,8.74,8.87,8.51,8.65,1279726,psxdata,2026-05-11T12:52:35
AGHA,2025-06-16,8.6,8.98,8.59,8.84,1083510,psxdata,2026-05-11T12:52:35
AGHA,2025-06-17,8.97,9.04,8.8,8.81,633908,psxdata,2026-05-11T12:52:35
AGHA,2025-06-18,8.83,9.1,8.61,8.65,721918,psxdata,2026-05-11T12:52:35
AGHA,2025-06-19,8.8,8.9,8.53,8.57,384057,psxdata,2026-05-11T12:52:35
AGHA,2025-06-20,8.51,8.65,8.24,8.32,1002538,psxdata,2026-05-11T12:52:35
AGHA,2025-06-23,7.8,8.14,7.8,7.89,624494,psxdata,2026-05-11T12:52:35
AGHA,2025-06-24,8.34,8.5,8.11,8.33,910739,psxdata,2026-05-11T12:52:35
AGHA,2025-06-25,8.57,8.7,8.31,8.49,1190517,psxdata,2026-05-11T12:52:35
AGHA,2025-06-26,8.51,8.57,8.22,8.32,1096932,psxdata,2026-05-11T12:52:35
AGHA,2025-06-27,8.45,8.46,8.21,8.34,499810,psxdata,2026-05-11T12:52:35
AGHA,2025-06-30,8.46,8.75,8.35,8.59,1407209,psxdata,2026-05-11T12:52:35
AGHA,2025-07-01,8.7,8.85,8.65,8.79,1107694,psxdata,2026-05-11T12:52:35
AGHA,2025-07-02,8.79,8.9,8.7,8.77,907181,psxdata,2026-05-11T12:52:35
AGHA,2025-07-03,8.87,9.13,8.67,8.91,2353826,psxdata,2026-05-11T12:52:35
AGHA,2025-07-04,9.09,9.11,8.9,8.93,1104955,psxdata,2026-05-11T12:52:35
AGHA,2025-07-07,9.0,9.05,8.75,8.86,926786,psxdata,2026-05-11T12:52:35
AGHA,2025-07-08,9.0,9.0,8.72,8.86,1101890,psxdata,2026-05-11T12:52:35
AGHA,2025-07-09,8.94,9.33,8.75,9.12,7785129,psxdata,2026-05-11T12:52:35
AGHA,2025-07-10,9.12,9.62,9.12,9.22,8181083,psxdata,2026-05-11T12:52:35
AGHA,2025-07-11,9.32,9.75,9.01,9.46,8599116,psxdata,2026-05-11T12:52:35
AGHA,2025-07-14,9.55,9.69,9.31,9.39,1805582,psxdata,2026-05-11T12:52:35
AGHA,2025-07-15,9.48,9.49,9.03,9.09,1402920,psxdata,2026-05-11T12:52:35
AGHA,2025-07-16,9.29,9.29,8.85,9.09,945899,psxdata,2026-05-11T12:52:35
AGHA,2025-07-17,9.23,9.23,8.9,9.02,541693,psxdata,2026-05-11T12:52:35
AGHA,2025-07-18,9.08,9.14,8.65,8.73,1591628,psxdata,2026-05-11T12:52:35
AGHA,2025-07-21,8.82,8.99,8.51,8.8,1162554,psxdata,2026-05-11T12:52:35
AGHA,2025-07-22,8.82,9.06,8.74,8.83,706177,psxdata,2026-05-11T12:52:35
AGHA,2025-07-23,8.82,9.0,8.71,8.77,521407,psxdata,2026-05-11T12:52:35
AGHA,2025-07-24,8.75,8.91,8.72,8.73,201077,psxdata,2026-05-11T12:52:35
AGHA,2025-07-25,8.88,9.07,8.65,8.98,1266345,psxdata,2026-05-11T12:52:35
AGHA,2025-07-28,9.0,9.98,9.0,9.92,46621631,psxdata,2026-05-11T12:52:35
AGHA,2025-07-29,10.09,10.37,9.4,9.49,18754413,psxdata,2026-05-11T12:52:35
AGHA,2025-07-30,9.5,9.92,9.3,9.34,8048199,psxdata,2026-05-11T12:52:35
AGHA,2025-07-31,9.33,9.48,9.15,9.17,1486873,psxdata,2026-05-11T12:52:35
AGHA,2025-08-01,9.2,9.35,8.9,9.01,3488846,psxdata,2026-05-11T12:52:35
AGHA,2025-08-04,9.02,9.37,8.95,9.17,4083894,psxdata,2026-05-11T12:52:35
AGHA,2025-08-05,9.15,9.24,9.06,9.12,417417,psxdata,2026-05-11T12:52:35
AGHA,2025-08-06,9.15,9.34,9.05,9.11,1728864,psxdata,2026-05-11T12:52:35
AGHA,2025-08-07,9.44,9.44,9.03,9.07,1567368,psxdata,2026-05-11T12:52:35
AGHA,2025-08-08,9.1,9.1,8.88,8.98,2003746,psxdata,2026-05-11T12:52:35
AGHA,2025-08-11,8.93,9.0,8.8,8.87,738329,psxdata,2026-05-11T12:52:35
AGHA,2025-08-12,8.95,9.12,8.8,8.81,2682822,psxdata,2026-05-11T12:52:35
AGHA,2025-08-13,8.84,9.27,8.8,8.99,6054962,psxdata,2026-05-11T12:52:35
AGHA,2025-08-15,9.06,9.25,9.04,9.06,2491377,psxdata,2026-05-11T12:52:35
AGHA,2025-08-18,9.07,9.18,9.01,9.06,768120,psxdata,2026-05-11T12:52:35
AGHA,2025-08-19,9.05,9.38,9.04,9.17,3476749,psxdata,2026-05-11T12:52:35
AGHA,2025-08-20,9.2,9.3,9.1,9.11,862491,psxdata,2026-05-11T12:52:35
AGHA,2025-08-21,9.09,9.2,8.9,9.01,1064716,psxdata,2026-05-11T12:52:35
AGHA,2025-08-22,9.02,9.14,8.9,8.96,790581,psxdata,2026-05-11T12:52:35
AGHA,2025-08-25,8.99,9.09,8.86,8.95,758778,psxdata,2026-05-11T12:52:35
AGHA,2025-08-26,8.96,9.0,8.9,8.92,1026214,psxdata,2026-05-11T12:52:35
AGHA,2025-08-27,9.0,9.19,8.91,9.0,2977207,psxdata,2026-05-11T12:52:35
AGHA,2025-08-28,8.86,9.2,8.86,9.03,2174009,psxdata,2026-05-11T12:52:35
AGHA,2025-08-29,9.17,9.21,8.95,8.98,3820705,psxdata,2026-05-11T12:52:35
AGHA,2025-09-01,9.01,9.61,9.01,9.37,15933202,psxdata,2026-05-11T12:52:35
AGHA,2025-09-02,9.29,9.58,9.14,9.17,14635205,psxdata,2026-05-11T12:52:35
AGHA,2025-09-03,9.27,9.3,9.01,9.06,4618124,psxdata,2026-05-11T12:52:35
AGHA,2025-09-04,9.06,9.16,9.02,9.09,1697033,psxdata,2026-05-11T12:52:35
AGHA,2025-09-05,9.12,9.3,9.03,9.11,3603987,psxdata,2026-05-11T12:52:35
AGHA,2025-09-08,9.2,9.44,9.1,9.19,6540800,psxdata,2026-05-11T12:52:35
AGHA,2025-09-09,9.29,9.3,9.05,9.1,2208191,psxdata,2026-05-11T12:52:35
AGHA,2025-09-10,9.02,9.14,9.0,9.06,1921684,psxdata,2026-05-11T12:52:35
AGHA,2025-09-11,9.14,9.92,9.04,9.77,113014099,psxdata,2026-05-11T12:52:35
AGHA,2025-09-12,9.99,10.35,9.67,9.93,61302066,psxdata,2026-05-11T12:52:35
AGHA,2025-09-15,9.96,10.09,9.7,9.81,8415570,psxdata,2026-05-11T12:52:35
AGHA,2025-09-16,9.8,9.97,9.63,9.7,5118070,psxdata,2026-05-11T12:52:35
AGHA,2025-09-17,9.8,10.15,9.67,10.06,18493841,psxdata,2026-05-11T12:52:35
AGHA,2025-09-18,10.12,10.81,10.12,10.6,39661132,psxdata,2026-05-11T12:52:35
AGHA,2025-09-19,10.7,10.85,10.2,10.27,12672462,psxdata,2026-05-11T12:52:35
AGHA,2025-09-22,10.25,10.49,10.0,10.15,8850553,psxdata,2026-05-11T12:52:35
AGHA,2025-09-23,10.16,10.41,10.1,10.2,7554439,psxdata,2026-05-11T12:52:35
AGHA,2025-09-24,10.26,10.35,10.1,10.16,7576935,psxdata,2026-05-11T12:52:35
AGHA,2025-09-25,10.35,10.45,9.95,10.02,9890741,psxdata,2026-05-11T12:52:35
AGHA,2025-09-26,10.1,10.18,9.8,9.83,5769319,psxdata,2026-05-11T12:52:35
AGHA,2025-09-29,9.76,10.25,9.75,10.15,5615721,psxdata,2026-05-11T12:52:35
AGHA,2025-09-30,10.24,10.65,9.95,10.05,17363948,psxdata,2026-05-11T12:52:35
AGHA,2025-10-01,10.15,10.16,9.76,9.81,8523251,psxdata,2026-05-11T12:52:35
AGHA,2025-10-02,9.82,9.86,9.7,9.74,4789640,psxdata,2026-05-11T12:52:35
AGHA,2025-10-03,9.74,9.85,9.57,9.62,3347552,psxdata,2026-05-11T12:52:35
AGHA,2025-10-06,9.62,9.7,9.25,9.41,3611706,psxdata,2026-05-11T12:52:35
AGHA,2025-10-07,9.55,9.6,9.02,9.4,3796226,psxdata,2026-05-11T12:52:35
AGHA,2025-10-08,9.4,9.49,9.24,9.28,956798,psxdata,2026-05-11T12:52:35
AGHA,2025-10-09,9.48,9.48,9.1,9.15,2141745,psxdata,2026-05-11T12:52:35
AGHA,2025-10-10,9.15,9.25,8.9,8.96,3721939,psxdata,2026-05-11T12:52:35
AGHA,2025-10-13,8.96,9.18,8.71,8.77,3249558,psxdata,2026-05-11T12:52:35
AGHA,2025-10-14,8.98,9.02,8.9,8.95,1496102,psxdata,2026-05-11T12:52:35
AGHA,2025-10-15,9.1,9.42,9.01,9.13,4831647,psxdata,2026-05-11T12:52:35
AGHA,2025-10-16,9.07,9.33,9.02,9.09,2298188,psxdata,2026-05-11T12:52:35
AGHA,2025-10-17,9.11,9.39,9.1,9.2,1627502,psxdata,2026-05-11T12:52:35
AGHA,2025-10-20,9.21,9.32,9.06,9.1,962398,psxdata,2026-05-11T12:52:35
AGHA,2025-10-21,9.21,9.21,8.88,8.91,3522958,psxdata,2026-05-11T12:52:35
AGHA,2025-10-22,8.84,9.1,8.75,8.94,8680415,psxdata,2026-05-11T12:52:35
AGHA,2025-10-23,8.98,9.05,8.7,8.76,6119052,psxdata,2026-05-11T12:52:35
AGHA,2025-10-24,8.88,8.88,8.56,8.6,3119014,psxdata,2026-05-11T12:52:35
AGHA,2025-10-27,8.65,8.65,8.45,8.48,1892022,psxdata,2026-05-11T12:52:35
AGHA,2025-10-28,8.56,8.59,8.17,8.24,1587125,psxdata,2026-05-11T12:52:35
AGHA,2025-10-29,8.11,8.24,8.0,8.02,2361146,psxdata,2026-05-11T12:52:35
AGHA,2025-10-30,8.1,8.15,7.85,7.91,2305476,psxdata,2026-05-11T12:52:35
AGHA,2025-10-31,8.0,8.24,7.92,7.98,2551289,psxdata,2026-05-11T12:52:35
AGHA,2025-11-03,7.99,8.32,7.94,8.15,1600116,psxdata,2026-05-11T12:52:35
AGHA,2025-11-04,8.1,8.27,8.02,8.14,669193,psxdata,2026-05-11T12:52:35
AGHA,2025-11-05,8.05,8.19,8.0,8.05,670526,psxdata,2026-05-11T12:52:35
AGHA,2025-11-06,8.15,8.23,8.11,8.13,869044,psxdata,2026-05-11T12:52:35
AGHA,2025-11-07,8.2,8.25,8.06,8.1,903649,psxdata,2026-05-11T12:52:35
AGHA,2025-11-10,8.15,8.79,8.1,8.61,5814365,psxdata,2026-05-11T12:52:35
AGHA,2025-11-11,8.6,8.66,8.1,8.22,1396087,psxdata,2026-05-11T12:52:35
AGHA,2025-11-12,8.22,8.35,8.05,8.14,827076,psxdata,2026-05-11T12:52:35
AGHA,2025-11-13,8.28,8.28,8.01,8.11,2450628,psxdata,2026-05-11T12:52:35
AGHA,2025-11-14,8.28,8.28,7.99,8.15,1924198,psxdata,2026-05-11T12:52:35
AGHA,2025-11-17,8.34,8.48,8.1,8.37,1883147,psxdata,2026-05-11T12:52:35
AGHA,2025-11-18,8.21,9.37,8.21,8.75,41683325,psxdata,2026-05-11T12:52:35
AGHA,2025-11-19,8.85,9.03,8.68,8.73,11007347,psxdata,2026-05-11T12:52:35
AGHA,2025-11-20,8.7,8.8,8.46,8.61,2408102,psxdata,2026-05-11T12:52:35
AGHA,2025-11-21,8.73,8.75,8.38,8.47,1777568,psxdata,2026-05-11T12:52:35
AGHA,2025-11-24,8.4,8.62,8.29,8.4,908725,psxdata,2026-05-11T12:52:35
AGHA,2025-11-25,8.44,8.6,8.3,8.46,2368763,psxdata,2026-05-11T12:52:35
AGHA,2025-11-26,8.36,8.56,7.86,7.94,11046637,psxdata,2026-05-11T12:52:35
AGHA,2025-11-27,8.07,8.1,7.96,8.08,2199387,psxdata,2026-05-11T12:52:35
AGHA,2025-11-28,8.16,8.19,8.01,8.05,1652628,psxdata,2026-05-11T12:52:35
AGHA,2025-12-01,8.03,8.34,8.02,8.3,4033933,psxdata,2026-05-11T12:52:35
AGHA,2025-12-02,8.26,8.53,8.1,8.25,4612697,psxdata,2026-05-11T12:52:35
AGHA,2025-12-03,8.25,8.35,8.15,8.17,469026,psxdata,2026-05-11T12:52:35
AGHA,2025-12-04,8.28,8.28,8.1,8.14,1087117,psxdata,2026-05-11T12:52:35
AGHA,2025-12-05,8.16,8.28,8.0,8.04,2415793,psxdata,2026-05-11T12:52:35
AGHA,2025-12-08,8.05,8.3,8.05,8.14,2530261,psxdata,2026-05-11T12:52:35
AGHA,2025-12-09,8.24,8.43,8.01,8.26,4855339,psxdata,2026-05-11T12:52:35
AGHA,2025-12-10,8.35,8.65,8.29,8.47,9168467,psxdata,2026-05-11T12:52:35
AGHA,2025-12-11,8.5,8.55,8.2,8.32,3581113,psxdata,2026-05-11T12:52:35
AGHA,2025-12-12,8.46,8.46,8.25,8.28,1304887,psxdata,2026-05-11T12:52:35
AGHA,2025-12-15,8.27,8.45,8.26,8.41,1220422,psxdata,2026-05-11T12:52:35
AGHA,2025-12-16,8.51,8.75,8.51,8.69,8998465,psxdata,2026-05-11T12:52:35
AGHA,2025-12-17,8.5,8.89,8.5,8.68,5300745,psxdata,2026-05-11T12:52:35
AGHA,2025-12-18,8.65,8.92,8.54,8.59,9226269,psxdata,2026-05-11T12:52:35
AGHA,2025-12-19,8.6,8.64,8.32,8.39,2163389,psxdata,2026-05-11T12:52:35
AGHA,2025-12-22,8.34,8.6,8.25,8.43,3585687,psxdata,2026-05-11T12:52:35
AGHA,2025-12-23,8.43,8.55,8.3,8.34,748627,psxdata,2026-05-11T12:52:35
AGHA,2025-12-24,8.35,8.47,8.23,8.25,1298280,psxdata,2026-05-11T12:52:35
AGHA,2025-12-26,8.25,8.4,8.12,8.16,3426750,psxdata,2026-05-11T12:52:35
AGHA,2025-12-29,8.13,8.26,8.08,8.11,2187351,psxdata,2026-05-11T12:52:35
AGHA,2025-12-30,8.15,8.22,8.11,8.16,1432411,psxdata,2026-05-11T12:52:35
AGHA,2025-12-31,8.16,8.78,8.15,8.54,31387400,psxdata,2026-05-11T12:52:35
AGHA,2026-01-01,8.67,8.76,8.4,8.66,7576819,psxdata,2026-05-11T12:52:35
AGHA,2026-01-02,8.65,8.69,8.47,8.5,6045285,psxdata,2026-05-11T12:52:35
AGHA,2026-01-05,8.5,8.58,8.01,8.34,2753062,psxdata,2026-05-11T12:52:35
AGHA,2026-01-06,8.35,8.75,8.34,8.6,22162405,psxdata,2026-05-11T12:52:35
AGHA,2026-01-07,8.7,8.72,8.56,8.61,7356580,psxdata,2026-05-11T12:52:35
AGHA,2026-01-08,8.69,9.61,8.65,9.44,131879869,psxdata,2026-05-11T12:52:35
AGHA,2026-01-09,9.44,9.44,9.04,9.1,23800144,psxdata,2026-05-11T12:52:35
AGHA,2026-01-12,9.05,9.38,8.92,9.15,17995622,psxdata,2026-05-11T12:52:35
AGHA,2026-01-13,9.23,9.29,9.04,9.11,7946039,psxdata,2026-05-11T12:52:35
AGHA,2026-01-14,9.11,9.18,8.75,8.91,14086185,psxdata,2026-05-11T12:52:35
AGHA,2026-01-15,8.99,9.11,8.72,9.04,9153151,psxdata,2026-05-11T12:52:35
AGHA,2026-01-16,9.15,9.23,8.92,8.98,13773961,psxdata,2026-05-11T12:52:35
AGHA,2026-01-19,9.03,9.15,8.93,8.99,4745524,psxdata,2026-05-11T12:52:35
AGHA,2026-01-20,9.0,9.06,8.86,8.88,5333039,psxdata,2026-05-11T12:52:35
AGHA,2026-01-21,8.86,8.98,8.7,8.72,5327273,psxdata,2026-05-11T12:52:35
AGHA,2026-01-22,8.72,8.92,8.72,8.77,7787276,psxdata,2026-05-11T12:52:35
AGHA,2026-01-23,8.8,8.85,8.66,8.7,1752787,psxdata,2026-05-11T12:52:35
AGHA,2026-01-26,8.73,8.79,8.51,8.54,3661581,psxdata,2026-05-11T12:52:35
AGHA,2026-01-27,8.51,8.58,8.4,8.43,2447603,psxdata,2026-05-11T12:52:35
AGHA,2026-01-28,8.55,8.61,8.38,8.46,6698447,psxdata,2026-05-11T12:52:35
AGHA,2026-01-29,8.5,8.5,8.2,8.22,4231083,psxdata,2026-05-11T12:52:35
AGHA,2026-01-30,8.26,8.47,8.11,8.19,6702987,psxdata,2026-05-11T12:52:35
AGHA,2026-02-02,8.2,8.35,8.2,8.25,2509086,psxdata,2026-05-11T12:52:35
AGHA,2026-02-03,8.25,8.41,8.2,8.34,2482211,psxdata,2026-05-11T12:52:35
AGHA,2026-02-04,8.31,8.54,8.31,8.45,9160842,psxdata,2026-05-11T12:52:35
AGHA,2026-02-06,8.5,8.89,8.45,8.64,23896401,psxdata,2026-05-11T12:52:35
AGHA,2026-02-09,8.8,9.32,8.8,8.98,46978063,psxdata,2026-05-11T12:52:35
AGHA,2026-02-10,9.01,9.35,8.85,8.9,24874193,psxdata,2026-05-11T12:52:35
AGHA,2026-02-11,8.99,9.05,8.71,8.76,4999699,psxdata,2026-05-11T12:52:35
AGHA,2026-02-12,8.7,8.84,8.35,8.42,5859783,psxdata,2026-05-11T12:52:35
AGHA,2026-02-13,8.57,8.57,8.3,8.45,8310628,psxdata,2026-05-11T12:52:35
AGHA,2026-02-16,8.49,8.5,8.09,8.11,6648642,psxdata,2026-05-11T12:52:35
AGHA,2026-02-17,8.12,8.2,7.9,8.02,4202058,psxdata,2026-05-11T12:52:35
AGHA,2026-02-18,8.14,8.25,8.04,8.17,2938817,psxdata,2026-05-11T12:52:35
AGHA,2026-02-19,8.24,8.25,7.65,7.79,2857592,psxdata,2026-05-11T12:52:35
AGHA,2026-02-20,7.81,7.89,7.31,7.68,3391770,psxdata,2026-05-11T12:52:35
AGHA,2026-02-23,7.8,7.85,7.14,7.24,3777596,psxdata,2026-05-11T12:52:35
AGHA,2026-02-24,7.25,7.48,6.95,7.24,3780611,psxdata,2026-05-11T12:52:35
AGHA,2026-02-25,7.37,7.43,6.98,7.01,5200648,psxdata,2026-05-11T12:52:35
AGHA,2026-02-26,7.19,7.38,6.92,7.28,4579482,psxdata,2026-05-11T12:52:35
AGHA,2026-02-27,7.2,7.2,6.95,7.02,3402869,psxdata,2026-05-11T12:52:35
AGHA,2026-03-02,6.15,6.44,6.02,6.06,7457643,psxdata,2026-05-11T12:52:35
AGHA,2026-03-03,6.07,6.63,6.06,6.56,3326904,psxdata,2026-05-11T12:52:35
AGHA,2026-03-04,6.57,6.95,6.33,6.62,3114441,psxdata,2026-05-11T12:52:35
AGHA,2026-03-05,6.7,7.1,6.65,6.95,4754172,psxdata,2026-05-11T12:52:35
AGHA,2026-03-06,6.9,6.9,6.5,6.64,3025689,psxdata,2026-05-11T12:52:35
AGHA,2026-03-09,6.38,6.38,5.85,6.03,5436465,psxdata,2026-05-11T12:52:35
AGHA,2026-03-10,6.39,6.75,6.3,6.55,4918800,psxdata,2026-05-11T12:52:35
AGHA,2026-03-11,6.6,6.96,6.6,6.66,4678351,psxdata,2026-05-11T12:52:35
AGHA,2026-03-12,6.58,6.65,6.4,6.54,1343606,psxdata,2026-05-11T12:52:35
AGHA,2026-03-13,6.51,6.78,6.46,6.58,1160309,psxdata,2026-05-11T12:52:35
AGHA,2026-03-16,6.58,6.69,6.45,6.48,2779266,psxdata,2026-05-11T12:52:35
AGHA,2026-03-17,6.66,6.66,6.46,6.5,2030037,psxdata,2026-05-11T12:52:35
AGHA,2026-03-18,6.49,6.59,6.47,6.52,917373,psxdata,2026-05-11T12:52:35
AGHA,2026-03-19,6.49,6.49,6.34,6.39,1492011,psxdata,2026-05-11T12:52:35
AGHA,2026-03-24,6.57,6.66,6.42,6.5,6904794,psxdata,2026-05-11T12:52:35
AGHA,2026-03-25,6.57,6.85,6.48,6.78,8499309,psxdata,2026-05-11T12:52:35
AGHA,2026-03-26,6.7,6.83,6.6,6.63,3761344,psxdata,2026-05-11T12:52:35
AGHA,2026-03-27,6.62,6.75,6.45,6.53,2244450,psxdata,2026-05-11T12:52:35
AGHA,2026-03-30,6.53,6.63,6.03,6.21,2107546,psxdata,2026-05-11T12:52:35
AGHA,2026-03-31,6.21,6.4,6.16,6.29,1547680,psxdata,2026-05-11T12:52:35
AGHA,2026-04-01,6.4,6.68,6.28,6.5,1983226,psxdata,2026-05-11T12:52:35
AGHA,2026-04-02,6.32,6.55,6.26,6.44,1394724,psxdata,2026-05-11T12:52:35
AGHA,2026-04-03,6.15,6.44,6.15,6.27,1123434,psxdata,2026-05-11T12:52:35
AGHA,2026-04-06,6.37,6.45,6.27,6.42,1293720,psxdata,2026-05-11T12:52:35
AGHA,2026-04-07,6.36,6.55,6.36,6.5,760182,psxdata,2026-05-11T12:52:35
AGHA,2026-04-08,7.0,7.18,6.77,7.08,8855260,psxdata,2026-05-11T12:52:35
AGHA,2026-04-09,7.0,7.0,6.69,6.78,3090506,psxdata,2026-05-11T12:52:35
AGHA,2026-04-10,6.88,7.05,6.82,6.97,4754316,psxdata,2026-05-11T12:52:35
AGHA,2026-04-13,6.8,6.8,6.6,6.68,1550666,psxdata,2026-05-11T12:52:35
AGHA,2026-04-14,6.75,6.87,6.72,6.83,904885,psxdata,2026-05-11T12:52:35
AGHA,2026-04-15,6.96,7.09,6.9,6.96,4295387,psxdata,2026-05-11T12:52:35
AGHA,2026-04-16,7.07,7.2,6.88,7.09,4694955,psxdata,2026-05-11T12:52:35
AGHA,2026-04-17,7.11,7.36,7.1,7.22,7673319,psxdata,2026-05-11T12:52:35
AGHA,2026-04-20,7.15,7.32,6.81,7.02,7685823,psxdata,2026-05-11T12:52:35
AGHA,2026-04-21,7.08,7.22,7.02,7.1,3173509,psxdata,2026-05-11T12:52:35
AGHA,2026-04-22,7.22,7.98,7.02,7.77,38192139,psxdata,2026-05-11T12:52:35
AGHA,2026-04-23,7.98,8.37,7.8,8.29,24954763,psxdata,2026-05-11T12:52:35
AGHA,2026-04-24,8.21,8.53,8.0,8.07,10320137,psxdata,2026-05-11T12:52:35
AGHA,2026-04-27,8.1,8.16,7.81,7.89,4722497,psxdata,2026-05-11T12:52:35
AGHA,2026-04-28,7.75,7.88,7.6,7.83,2309855,psxdata,2026-05-11T12:52:35
AGHA,2026-04-29,7.9,7.9,7.31,7.43,4865931,psxdata,2026-05-11T12:52:35
AGHA,2026-04-30,7.5,7.5,7.04,7.32,4128059,psxdata,2026-05-11T12:52:35
AGHA,2026-05-04,7.39,7.7,7.3,7.39,2770505,psxdata,2026-05-11T12:52:35
AGHA,2026-05-05,7.23,7.53,7.23,7.46,3349015,psxdata,2026-05-11T12:52:35
AGHA,2026-05-06,7.57,7.93,7.5,7.82,6419623,psxdata,2026-05-11T12:52:35
AGHA,2026-05-07,7.99,8.6,7.99,8.18,30674209,psxdata,2026-05-11T12:52:35
AGHA,2026-05-08,8.25,8.31,7.94,7.95,12204485,psxdata,2026-05-11T12:52:35
