symbol,date,open,high,low,close,volume,source,collected_at
AMTEX,2016-05-11,1.6,1.62,1.6,1.6,275000,psxdata,2026-05-11T12:54:41
AMTEX,2016-05-12,1.6,1.65,1.57,1.63,85000,psxdata,2026-05-11T12:54:41
AMTEX,2016-05-13,1.6,1.7,1.6,1.62,168000,psxdata,2026-05-11T12:54:41
AMTEX,2016-05-16,1.6,1.9,1.6,1.8,1253500,psxdata,2026-05-11T12:54:41
AMTEX,2016-05-17,1.86,2.08,1.79,1.8,3824500,psxdata,2026-05-11T12:54:41
AMTEX,2016-05-18,1.9,1.9,1.75,1.79,339500,psxdata,2026-05-11T12:54:41
AMTEX,2016-05-19,1.8,1.85,1.77,1.82,267500,psxdata,2026-05-11T12:54:41
AMTEX,2016-05-20,1.8,1.8,1.71,1.77,412000,psxdata,2026-05-11T12:54:41
AMTEX,2016-05-23,1.88,1.88,1.75,1.77,42000,psxdata,2026-05-11T12:54:41
AMTEX,2016-05-24,1.76,1.76,1.61,1.68,246000,psxdata,2026-05-11T12:54:41
AMTEX,2016-05-25,1.66,1.75,1.66,1.7,156500,psxdata,2026-05-11T12:54:41
AMTEX,2016-05-26,1.66,1.7,1.63,1.66,93000,psxdata,2026-05-11T12:54:41
AMTEX,2016-05-27,1.73,1.77,1.68,1.75,252500,psxdata,2026-05-11T12:54:41
AMTEX,2016-05-30,1.78,1.93,1.72,1.85,1215000,psxdata,2026-05-11T12:54:41
AMTEX,2016-05-31,1.78,1.85,1.75,1.76,219500,psxdata,2026-05-11T12:54:41
AMTEX,2016-06-01,1.85,1.85,1.75,1.8,280000,psxdata,2026-05-11T12:54:41
AMTEX,2016-06-02,1.76,1.85,1.76,1.84,115000,psxdata,2026-05-11T12:54:41
AMTEX,2016-06-03,1.85,2.0,1.83,1.92,1163500,psxdata,2026-05-11T12:54:41
AMTEX,2016-06-06,1.85,1.95,1.85,1.93,448000,psxdata,2026-05-11T12:54:41
AMTEX,2016-06-07,1.86,1.88,1.77,1.81,107000,psxdata,2026-05-11T12:54:41
AMTEX,2016-06-08,1.8,1.81,1.71,1.74,81000,psxdata,2026-05-11T12:54:41
AMTEX,2016-06-09,1.83,1.83,1.65,1.74,151500,psxdata,2026-05-11T12:54:41
AMTEX,2016-06-10,1.66,1.75,1.62,1.64,85000,psxdata,2026-05-11T12:54:41
AMTEX,2016-06-13,1.62,1.7,1.58,1.65,224500,psxdata,2026-05-11T12:54:41
AMTEX,2016-06-14,1.69,1.7,1.62,1.7,11500,psxdata,2026-05-11T12:54:41
AMTEX,2016-06-15,1.66,1.68,1.65,1.67,23000,psxdata,2026-05-11T12:54:41
AMTEX,2016-06-16,1.63,1.67,1.55,1.61,202500,psxdata,2026-05-11T12:54:41
AMTEX,2016-06-17,1.69,1.69,1.56,1.62,73000,psxdata,2026-05-11T12:54:41
AMTEX,2016-06-20,1.6,1.68,1.6,1.65,2500,psxdata,2026-05-11T12:54:41
AMTEX,2016-06-21,1.73,1.73,1.65,1.65,7000,psxdata,2026-05-11T12:54:41
AMTEX,2016-06-22,1.72,1.72,1.6,1.6,81500,psxdata,2026-05-11T12:54:41
AMTEX,2016-06-23,1.61,1.61,1.59,1.6,52000,psxdata,2026-05-11T12:54:41
AMTEX,2016-06-24,1.6,1.66,1.6,1.64,79500,psxdata,2026-05-11T12:54:41
AMTEX,2016-06-27,1.68,1.68,1.58,1.61,185000,psxdata,2026-05-11T12:54:41
AMTEX,2016-06-28,1.6,1.66,1.59,1.65,130000,psxdata,2026-05-11T12:54:41
AMTEX,2016-06-29,1.65,1.65,1.55,1.59,109500,psxdata,2026-05-11T12:54:41
AMTEX,2016-06-30,1.59,1.63,1.57,1.59,34000,psxdata,2026-05-11T12:54:41
AMTEX,2016-07-04,1.6,1.6,1.6,1.6,4000,psxdata,2026-05-11T12:54:41
AMTEX,2016-07-11,1.58,1.65,1.58,1.6,151000,psxdata,2026-05-11T12:54:41
AMTEX,2016-07-12,1.6,1.65,1.58,1.64,218000,psxdata,2026-05-11T12:54:41
AMTEX,2016-07-13,1.64,1.64,1.58,1.6,126500,psxdata,2026-05-11T12:54:41
AMTEX,2016-07-14,1.6,1.6,1.58,1.59,155500,psxdata,2026-05-11T12:54:41
AMTEX,2016-07-15,1.6,1.6,1.56,1.59,96000,psxdata,2026-05-11T12:54:41
AMTEX,2016-07-18,1.59,1.59,1.56,1.58,47500,psxdata,2026-05-11T12:54:41
AMTEX,2016-07-19,1.58,1.59,1.56,1.58,36500,psxdata,2026-05-11T12:54:41
AMTEX,2016-07-20,1.58,1.6,1.56,1.57,82500,psxdata,2026-05-11T12:54:41
AMTEX,2016-07-21,1.56,1.63,1.54,1.58,539000,psxdata,2026-05-11T12:54:41
AMTEX,2016-07-22,1.6,1.62,1.58,1.62,146000,psxdata,2026-05-11T12:54:41
AMTEX,2016-07-25,1.62,1.62,1.58,1.59,23000,psxdata,2026-05-11T12:54:41
AMTEX,2016-07-26,1.58,1.61,1.52,1.57,630500,psxdata,2026-05-11T12:54:41
AMTEX,2016-07-27,1.6,1.6,1.54,1.56,167500,psxdata,2026-05-11T12:54:41
AMTEX,2016-07-28,1.55,1.59,1.54,1.56,107500,psxdata,2026-05-11T12:54:41
AMTEX,2016-07-29,1.55,1.57,1.52,1.56,37500,psxdata,2026-05-11T12:54:41
AMTEX,2016-08-01,1.53,1.58,1.53,1.58,109500,psxdata,2026-05-11T12:54:41
AMTEX,2016-08-02,1.56,1.57,1.54,1.54,56500,psxdata,2026-05-11T12:54:41
AMTEX,2016-08-03,1.55,1.62,1.55,1.61,144500,psxdata,2026-05-11T12:54:41
AMTEX,2016-08-04,1.58,1.59,1.54,1.54,17000,psxdata,2026-05-11T12:54:41
AMTEX,2016-08-05,1.56,1.69,1.51,1.62,25500,psxdata,2026-05-11T12:54:41
AMTEX,2016-08-08,1.61,1.62,1.57,1.57,53500,psxdata,2026-05-11T12:54:41
AMTEX,2016-08-09,1.6,1.8,1.56,1.72,720500,psxdata,2026-05-11T12:54:41
AMTEX,2016-08-10,1.73,1.77,1.62,1.72,175500,psxdata,2026-05-11T12:54:41
AMTEX,2016-08-11,1.65,1.76,1.65,1.71,281500,psxdata,2026-05-11T12:54:41
AMTEX,2016-08-12,1.62,1.75,1.62,1.75,124500,psxdata,2026-05-11T12:54:41
AMTEX,2016-08-15,1.72,1.75,1.69,1.75,116000,psxdata,2026-05-11T12:54:41
AMTEX,2016-08-16,1.75,1.76,1.7,1.75,342500,psxdata,2026-05-11T12:54:41
AMTEX,2016-08-17,1.72,1.86,1.7,1.85,1137000,psxdata,2026-05-11T12:54:41
AMTEX,2016-08-18,1.8,1.97,1.8,1.9,2378500,psxdata,2026-05-11T12:54:41
AMTEX,2016-08-19,1.9,1.93,1.84,1.89,281500,psxdata,2026-05-11T12:54:41
AMTEX,2016-08-22,1.93,2.67,1.92,2.54,24565000,psxdata,2026-05-11T12:54:41
AMTEX,2016-08-23,2.59,2.64,2.1,2.13,11763500,psxdata,2026-05-11T12:54:41
AMTEX,2016-08-24,2.16,2.16,1.92,2.0,2201000,psxdata,2026-05-11T12:54:41
AMTEX,2016-08-25,1.99,2.22,1.94,2.07,4969000,psxdata,2026-05-11T12:54:41
AMTEX,2016-08-26,2.16,2.18,2.05,2.12,1036000,psxdata,2026-05-11T12:54:41
AMTEX,2016-08-29,2.16,2.17,2.05,2.07,519000,psxdata,2026-05-11T12:54:41
AMTEX,2016-08-30,2.03,2.1,2.0,2.01,684500,psxdata,2026-05-11T12:54:41
AMTEX,2016-08-31,2.03,2.25,2.0,2.17,2518000,psxdata,2026-05-11T12:54:41
AMTEX,2016-09-01,2.2,2.24,2.11,2.14,907000,psxdata,2026-05-11T12:54:41
AMTEX,2016-09-02,2.2,2.2,2.07,2.13,744500,psxdata,2026-05-11T12:54:41
AMTEX,2016-09-05,2.19,2.19,2.0,2.08,751000,psxdata,2026-05-11T12:54:41
AMTEX,2016-09-06,2.1,2.15,2.01,2.03,431000,psxdata,2026-05-11T12:54:41
AMTEX,2016-09-07,2.01,2.15,2.01,2.08,473000,psxdata,2026-05-11T12:54:41
AMTEX,2016-09-08,2.09,2.27,2.06,2.12,2826500,psxdata,2026-05-11T12:54:41
AMTEX,2016-09-09,2.13,2.47,2.1,2.37,6613500,psxdata,2026-05-11T12:54:41
AMTEX,2016-09-15,2.49,2.57,2.4,2.54,3407500,psxdata,2026-05-11T12:54:41
AMTEX,2016-09-16,2.59,2.79,2.45,2.71,7971000,psxdata,2026-05-11T12:54:41
AMTEX,2016-09-19,2.84,3.2,2.82,3.12,16709000,psxdata,2026-05-11T12:54:41
AMTEX,2016-09-20,3.29,3.29,2.5,2.87,10050500,psxdata,2026-05-11T12:54:41
AMTEX,2016-09-21,2.92,2.92,2.35,2.47,5497000,psxdata,2026-05-11T12:54:41
AMTEX,2016-09-22,2.51,2.84,2.51,2.75,2594500,psxdata,2026-05-11T12:54:41
AMTEX,2016-09-23,2.85,2.85,2.62,2.73,2538000,psxdata,2026-05-11T12:54:41
AMTEX,2016-09-26,2.73,3.04,2.73,3.0,3724000,psxdata,2026-05-11T12:54:41
AMTEX,2016-09-27,3.01,3.09,2.79,2.89,3354000,psxdata,2026-05-11T12:54:41
AMTEX,2016-09-28,2.94,2.94,2.71,2.74,1251500,psxdata,2026-05-11T12:54:41
AMTEX,2016-09-29,2.8,2.87,2.42,2.57,1760500,psxdata,2026-05-11T12:54:41
AMTEX,2016-09-30,2.69,2.85,2.55,2.76,1476500,psxdata,2026-05-11T12:54:41
AMTEX,2016-10-03,2.87,2.89,2.75,2.83,1982000,psxdata,2026-05-11T12:54:41
AMTEX,2016-10-04,2.71,2.79,2.65,2.68,1005500,psxdata,2026-05-11T12:54:41
AMTEX,2016-10-05,2.7,2.8,2.67,2.71,1064500,psxdata,2026-05-11T12:54:41
AMTEX,2016-10-06,2.7,2.86,2.7,2.78,2491500,psxdata,2026-05-11T12:54:41
AMTEX,2016-10-07,2.8,2.85,2.73,2.77,771000,psxdata,2026-05-11T12:54:41
AMTEX,2016-10-10,2.82,3.0,2.78,2.88,2670000,psxdata,2026-05-11T12:54:41
AMTEX,2016-10-13,3.0,3.01,2.79,2.82,1494500,psxdata,2026-05-11T12:54:41
AMTEX,2016-10-14,2.72,2.95,2.7,2.86,704000,psxdata,2026-05-11T12:54:41
AMTEX,2016-10-17,2.91,3.04,2.86,2.89,2522500,psxdata,2026-05-11T12:54:41
AMTEX,2016-10-18,2.82,2.89,2.75,2.79,883000,psxdata,2026-05-11T12:54:41
AMTEX,2016-10-19,2.85,2.89,2.71,2.76,354500,psxdata,2026-05-11T12:54:41
AMTEX,2016-10-20,2.8,2.94,2.76,2.8,1378500,psxdata,2026-05-11T12:54:41
AMTEX,2016-10-21,2.8,2.92,2.73,2.82,783000,psxdata,2026-05-11T12:54:41
AMTEX,2016-10-24,2.8,2.8,2.62,2.64,974500,psxdata,2026-05-11T12:54:41
AMTEX,2016-10-25,2.61,2.61,2.4,2.53,1259500,psxdata,2026-05-11T12:54:41
AMTEX,2016-10-26,2.59,2.65,2.4,2.42,397500,psxdata,2026-05-11T12:54:41
AMTEX,2016-10-27,2.32,2.45,2.17,2.23,631000,psxdata,2026-05-11T12:54:41
AMTEX,2016-10-28,2.07,2.25,2.06,2.19,792000,psxdata,2026-05-11T12:54:41
AMTEX,2016-10-31,2.33,2.34,2.1,2.25,380000,psxdata,2026-05-11T12:54:41
AMTEX,2016-11-01,2.25,2.75,2.16,2.65,2404500,psxdata,2026-05-11T12:54:41
AMTEX,2016-11-02,2.59,2.72,2.5,2.57,1516500,psxdata,2026-05-11T12:54:41
AMTEX,2016-11-03,2.6,2.6,2.5,2.55,400000,psxdata,2026-05-11T12:54:41
AMTEX,2016-11-04,2.55,2.58,2.43,2.45,278500,psxdata,2026-05-11T12:54:41
AMTEX,2016-11-07,2.5,2.63,2.47,2.5,1112000,psxdata,2026-05-11T12:54:41
AMTEX,2016-11-08,2.6,2.66,2.5,2.5,1177000,psxdata,2026-05-11T12:54:41
AMTEX,2016-11-09,2.42,2.6,2.39,2.54,448500,psxdata,2026-05-11T12:54:41
AMTEX,2016-11-10,2.64,2.76,2.61,2.71,1782000,psxdata,2026-05-11T12:54:41
AMTEX,2016-11-11,2.78,2.85,2.66,2.72,1169000,psxdata,2026-05-11T12:54:41
AMTEX,2016-11-14,2.65,2.84,2.65,2.7,395000,psxdata,2026-05-11T12:54:41
AMTEX,2016-11-15,2.71,2.73,2.5,2.71,405500,psxdata,2026-05-11T12:54:41
AMTEX,2016-11-16,2.7,2.75,2.67,2.71,690500,psxdata,2026-05-11T12:54:41
AMTEX,2016-11-17,2.56,2.77,2.56,2.69,170000,psxdata,2026-05-11T12:54:41
AMTEX,2016-11-18,2.71,2.76,2.63,2.64,506000,psxdata,2026-05-11T12:54:41
AMTEX,2016-11-21,2.66,2.75,2.65,2.68,179000,psxdata,2026-05-11T12:54:41
AMTEX,2016-11-22,2.7,3.0,2.7,2.88,5952500,psxdata,2026-05-11T12:54:41
AMTEX,2016-11-23,2.95,2.99,2.85,2.86,1584000,psxdata,2026-05-11T12:54:41
AMTEX,2016-11-24,2.94,3.14,2.91,3.09,4183000,psxdata,2026-05-11T12:54:41
AMTEX,2016-11-25,3.1,3.98,3.1,3.83,28322500,psxdata,2026-05-11T12:54:41
AMTEX,2016-11-28,4.04,4.13,3.72,3.76,10442000,psxdata,2026-05-11T12:54:41
AMTEX,2016-11-29,3.79,3.8,3.45,3.52,5243500,psxdata,2026-05-11T12:54:41
AMTEX,2016-11-30,3.53,3.8,3.35,3.62,4250500,psxdata,2026-05-11T12:54:41
AMTEX,2016-12-01,3.76,3.79,3.53,3.57,2679500,psxdata,2026-05-11T12:54:41
AMTEX,2016-12-02,3.57,3.99,3.57,3.65,5504000,psxdata,2026-05-11T12:54:41
AMTEX,2016-12-05,3.7,3.77,3.53,3.57,1607000,psxdata,2026-05-11T12:54:41
AMTEX,2016-12-06,3.6,3.65,3.41,3.44,1653500,psxdata,2026-05-11T12:54:41
AMTEX,2016-12-07,3.46,3.52,3.3,3.34,1849500,psxdata,2026-05-11T12:54:41
AMTEX,2016-12-08,3.3,3.31,3.16,3.2,1448500,psxdata,2026-05-11T12:54:41
AMTEX,2016-12-09,3.18,3.39,3.18,3.24,1134500,psxdata,2026-05-11T12:54:41
AMTEX,2016-12-13,3.29,3.35,3.22,3.24,510500,psxdata,2026-05-11T12:54:41
AMTEX,2016-12-14,3.25,3.25,3.1,3.18,1132500,psxdata,2026-05-11T12:54:41
AMTEX,2016-12-15,3.18,3.44,3.14,3.31,1285000,psxdata,2026-05-11T12:54:41
AMTEX,2016-12-16,3.31,3.35,3.25,3.27,298500,psxdata,2026-05-11T12:54:41
AMTEX,2016-12-19,3.28,3.3,3.15,3.18,443500,psxdata,2026-05-11T12:54:41
AMTEX,2016-12-20,3.18,3.21,3.1,3.13,478000,psxdata,2026-05-11T12:54:41
AMTEX,2016-12-21,3.13,3.19,2.95,3.14,1059000,psxdata,2026-05-11T12:54:41
AMTEX,2016-12-22,3.14,3.25,3.1,3.13,375000,psxdata,2026-05-11T12:54:41
AMTEX,2016-12-23,3.22,3.22,3.1,3.14,422000,psxdata,2026-05-11T12:54:41
AMTEX,2016-12-26,3.14,3.25,3.08,3.13,309500,psxdata,2026-05-11T12:54:41
AMTEX,2016-12-27,3.13,3.18,3.05,3.07,252500,psxdata,2026-05-11T12:54:41
AMTEX,2016-12-28,3.07,3.15,3.01,3.04,477500,psxdata,2026-05-11T12:54:41
AMTEX,2016-12-29,3.03,3.29,3.0,3.14,1062500,psxdata,2026-05-11T12:54:41
AMTEX,2016-12-30,3.15,3.27,3.05,3.2,583000,psxdata,2026-05-11T12:54:41
AMTEX,2017-01-02,3.17,3.25,3.1,3.15,274500,psxdata,2026-05-11T12:54:41
AMTEX,2017-01-03,3.14,3.19,3.07,3.16,326000,psxdata,2026-05-11T12:54:41
AMTEX,2017-01-04,3.15,3.43,3.14,3.31,1687500,psxdata,2026-05-11T12:54:41
AMTEX,2017-01-05,3.35,3.43,3.3,3.37,504000,psxdata,2026-05-11T12:54:41
AMTEX,2017-01-06,3.4,3.7,3.3,3.6,2775500,psxdata,2026-05-11T12:54:41
AMTEX,2017-01-09,3.91,4.09,3.8,3.84,5552500,psxdata,2026-05-11T12:54:41
AMTEX,2017-01-10,3.95,4.08,3.78,4.0,4573500,psxdata,2026-05-11T12:54:41
AMTEX,2017-01-11,4.0,4.0,3.6,3.67,4315500,psxdata,2026-05-11T12:54:41
AMTEX,2017-01-12,3.66,3.78,3.45,3.48,1968500,psxdata,2026-05-11T12:54:41
AMTEX,2017-01-13,3.48,3.55,3.4,3.48,899500,psxdata,2026-05-11T12:54:41
AMTEX,2017-01-16,3.54,3.55,3.33,3.37,890500,psxdata,2026-05-11T12:54:41
AMTEX,2017-01-17,3.4,3.41,3.3,3.38,584500,psxdata,2026-05-11T12:54:41
AMTEX,2017-01-18,3.36,3.43,3.3,3.32,510500,psxdata,2026-05-11T12:54:41
AMTEX,2017-01-19,3.32,3.52,3.27,3.46,848500,psxdata,2026-05-11T12:54:41
AMTEX,2017-01-20,3.46,3.56,3.33,3.37,663000,psxdata,2026-05-11T12:54:41
AMTEX,2017-01-23,3.37,3.44,3.33,3.36,322000,psxdata,2026-05-11T12:54:41
AMTEX,2017-01-24,3.4,3.42,3.31,3.35,505000,psxdata,2026-05-11T12:54:41
AMTEX,2017-01-25,3.4,3.45,3.29,3.34,912500,psxdata,2026-05-11T12:54:41
AMTEX,2017-01-26,3.37,3.41,3.25,3.26,576500,psxdata,2026-05-11T12:54:41
AMTEX,2017-01-27,3.3,3.33,3.1,3.16,564500,psxdata,2026-05-11T12:54:41
AMTEX,2017-01-30,3.19,3.2,3.11,3.15,680500,psxdata,2026-05-11T12:54:41
AMTEX,2017-01-31,3.15,3.19,3.05,3.07,489000,psxdata,2026-05-11T12:54:41
AMTEX,2017-02-01,3.11,3.19,3.03,3.1,833000,psxdata,2026-05-11T12:54:41
AMTEX,2017-02-02,3.11,3.16,3.01,3.06,683500,psxdata,2026-05-11T12:54:41
AMTEX,2017-02-03,3.09,3.13,3.0,3.01,589000,psxdata,2026-05-11T12:54:41
AMTEX,2017-02-06,3.05,3.19,3.01,3.07,300000,psxdata,2026-05-11T12:54:41
AMTEX,2017-02-07,3.1,3.29,3.08,3.2,567500,psxdata,2026-05-11T12:54:41
AMTEX,2017-02-08,3.14,3.3,3.14,3.28,391500,psxdata,2026-05-11T12:54:41
AMTEX,2017-02-09,3.2,3.28,3.16,3.18,418000,psxdata,2026-05-11T12:54:41
AMTEX,2017-02-10,3.15,3.19,3.03,3.06,257500,psxdata,2026-05-11T12:54:41
AMTEX,2017-02-13,2.97,3.1,2.97,3.03,403500,psxdata,2026-05-11T12:54:41
AMTEX,2017-02-14,3.0,3.07,2.98,3.03,593000,psxdata,2026-05-11T12:54:41
AMTEX,2017-02-15,3.02,3.07,3.0,3.01,357000,psxdata,2026-05-11T12:54:41
AMTEX,2017-02-16,3.02,3.25,2.97,3.13,489500,psxdata,2026-05-11T12:54:41
AMTEX,2017-02-17,3.03,3.34,3.03,3.22,593500,psxdata,2026-05-11T12:54:41
AMTEX,2017-02-20,3.24,3.34,3.11,3.12,352000,psxdata,2026-05-11T12:54:41
AMTEX,2017-02-21,3.17,3.17,3.05,3.06,211000,psxdata,2026-05-11T12:54:41
AMTEX,2017-02-22,3.09,3.15,2.98,3.0,524500,psxdata,2026-05-11T12:54:41
AMTEX,2017-02-23,2.98,3.12,2.95,3.01,561000,psxdata,2026-05-11T12:54:41
AMTEX,2017-02-24,3.0,3.15,2.98,3.0,584500,psxdata,2026-05-11T12:54:41
AMTEX,2017-02-27,3.0,3.0,2.85,2.9,451500,psxdata,2026-05-11T12:54:41
AMTEX,2017-02-28,2.85,2.9,2.6,2.74,622500,psxdata,2026-05-11T12:54:41
AMTEX,2017-03-01,2.77,2.85,2.73,2.78,579000,psxdata,2026-05-11T12:54:41
AMTEX,2017-03-02,2.77,3.04,2.77,2.92,566000,psxdata,2026-05-11T12:54:41
AMTEX,2017-03-03,2.95,3.06,2.95,2.99,493000,psxdata,2026-05-11T12:54:41
AMTEX,2017-03-06,3.0,3.08,2.9,2.93,743000,psxdata,2026-05-11T12:54:41
AMTEX,2017-03-07,2.9,2.98,2.9,2.94,122500,psxdata,2026-05-11T12:54:41
AMTEX,2017-03-08,2.96,2.97,2.85,2.89,66000,psxdata,2026-05-11T12:54:41
AMTEX,2017-03-09,2.95,2.95,2.8,2.81,277500,psxdata,2026-05-11T12:54:41
AMTEX,2017-03-10,2.81,2.99,2.8,2.83,130000,psxdata,2026-05-11T12:54:41
AMTEX,2017-03-13,2.88,2.89,2.77,2.81,67500,psxdata,2026-05-11T12:54:41
AMTEX,2017-03-14,2.81,2.81,2.67,2.76,283000,psxdata,2026-05-11T12:54:41
AMTEX,2017-03-15,2.77,2.8,2.67,2.72,170000,psxdata,2026-05-11T12:54:41
AMTEX,2017-03-16,2.7,2.73,2.67,2.71,133500,psxdata,2026-05-11T12:54:41
AMTEX,2017-03-17,2.77,2.78,2.7,2.73,73000,psxdata,2026-05-11T12:54:41
AMTEX,2017-03-20,2.7,2.8,2.6,2.65,299500,psxdata,2026-05-11T12:54:41
AMTEX,2017-03-21,2.73,2.73,2.63,2.7,50500,psxdata,2026-05-11T12:54:41
AMTEX,2017-03-22,2.75,2.98,2.7,2.88,288500,psxdata,2026-05-11T12:54:41
AMTEX,2017-03-24,2.92,2.99,2.8,2.84,267500,psxdata,2026-05-11T12:54:41
AMTEX,2017-03-27,2.99,2.99,2.83,2.84,118000,psxdata,2026-05-11T12:54:41
AMTEX,2017-03-28,2.82,2.9,2.8,2.83,117000,psxdata,2026-05-11T12:54:41
AMTEX,2017-03-29,2.89,3.12,2.85,3.01,2003000,psxdata,2026-05-11T12:54:41
AMTEX,2017-03-30,3.02,3.24,3.0,3.19,1083500,psxdata,2026-05-11T12:54:41
AMTEX,2017-03-31,3.3,3.45,3.21,3.34,2416500,psxdata,2026-05-11T12:54:41
AMTEX,2017-04-03,3.22,3.23,2.9,2.92,964000,psxdata,2026-05-11T12:54:41
AMTEX,2017-04-04,2.9,2.99,2.84,2.88,347500,psxdata,2026-05-11T12:54:41
AMTEX,2017-04-05,2.86,2.94,2.79,2.82,378500,psxdata,2026-05-11T12:54:41
AMTEX,2017-04-06,2.82,3.0,2.75,2.89,375000,psxdata,2026-05-11T12:54:41
AMTEX,2017-04-07,2.93,2.94,2.76,2.82,279500,psxdata,2026-05-11T12:54:41
AMTEX,2017-04-11,2.9,3.25,2.87,3.12,1771000,psxdata,2026-05-11T12:54:41
AMTEX,2017-04-12,3.18,3.3,3.16,3.23,1309500,psxdata,2026-05-11T12:54:41
AMTEX,2017-04-13,3.28,3.39,3.03,3.11,819000,psxdata,2026-05-11T12:54:41
AMTEX,2017-04-14,3.18,3.25,3.02,3.05,118000,psxdata,2026-05-11T12:54:41
AMTEX,2017-04-17,3.1,3.11,2.93,3.0,298000,psxdata,2026-05-11T12:54:41
AMTEX,2017-04-18,3.0,3.13,2.83,2.92,347000,psxdata,2026-05-11T12:54:41
AMTEX,2017-04-19,2.8,2.88,2.7,2.84,557000,psxdata,2026-05-11T12:54:41
AMTEX,2017-04-20,2.85,3.03,2.75,2.9,1413500,psxdata,2026-05-11T12:54:41
AMTEX,2017-04-21,2.91,3.01,2.8,2.94,833000,psxdata,2026-05-11T12:54:41
AMTEX,2017-04-24,2.9,3.0,2.9,2.92,322500,psxdata,2026-05-11T12:54:41
AMTEX,2017-04-25,2.99,3.0,2.84,2.89,476000,psxdata,2026-05-11T12:54:41
AMTEX,2017-04-26,2.94,2.95,2.8,2.83,744500,psxdata,2026-05-11T12:54:41
AMTEX,2017-04-27,2.8,2.94,2.79,2.83,947000,psxdata,2026-05-11T12:54:41
AMTEX,2017-04-28,2.85,2.91,2.78,2.8,604000,psxdata,2026-05-11T12:54:41
AMTEX,2017-05-02,2.76,2.85,2.76,2.8,189000,psxdata,2026-05-11T12:54:41
AMTEX,2017-05-03,2.77,2.87,2.76,2.79,317000,psxdata,2026-05-11T12:54:41
AMTEX,2017-05-04,2.8,2.86,2.7,2.76,841500,psxdata,2026-05-11T12:54:41
AMTEX,2017-05-05,2.83,2.84,2.75,2.78,260500,psxdata,2026-05-11T12:54:41
AMTEX,2017-05-08,2.8,3.02,2.77,2.86,1640500,psxdata,2026-05-11T12:54:41
AMTEX,2017-05-09,2.91,3.0,2.86,2.92,1034000,psxdata,2026-05-11T12:54:41
AMTEX,2017-05-10,3.05,3.15,2.97,3.04,2099000,psxdata,2026-05-11T12:54:41
AMTEX,2017-05-11,3.0,3.13,3.0,3.04,505500,psxdata,2026-05-11T12:54:41
AMTEX,2017-05-12,3.08,3.1,2.92,2.97,395000,psxdata,2026-05-11T12:54:41
AMTEX,2017-05-15,2.92,3.08,2.9,2.91,331500,psxdata,2026-05-11T12:54:41
AMTEX,2017-05-16,2.9,3.0,2.83,2.85,391000,psxdata,2026-05-11T12:54:41
AMTEX,2017-05-17,2.86,3.2,2.86,3.0,1671000,psxdata,2026-05-11T12:54:41
AMTEX,2017-05-18,2.96,3.15,2.96,3.02,838000,psxdata,2026-05-11T12:54:41
AMTEX,2017-05-19,3.04,3.44,3.04,3.29,5087500,psxdata,2026-05-11T12:54:41
AMTEX,2017-05-22,3.4,3.4,3.17,3.2,1324500,psxdata,2026-05-11T12:54:41
AMTEX,2017-05-23,3.2,3.38,3.11,3.16,1470500,psxdata,2026-05-11T12:54:41
AMTEX,2017-05-24,3.11,3.27,3.01,3.05,784500,psxdata,2026-05-11T12:54:41
AMTEX,2017-05-25,3.02,3.09,3.0,3.03,381000,psxdata,2026-05-11T12:54:41
AMTEX,2017-05-26,3.09,3.09,2.99,3.02,404500,psxdata,2026-05-11T12:54:41
AMTEX,2017-05-29,3.0,3.05,2.95,2.99,193500,psxdata,2026-05-11T12:54:41
AMTEX,2017-05-30,2.99,3.02,2.89,2.9,151500,psxdata,2026-05-11T12:54:41
AMTEX,2017-05-31,2.9,2.94,2.87,2.9,212500,psxdata,2026-05-11T12:54:41
AMTEX,2017-06-01,2.9,2.99,2.63,2.74,698000,psxdata,2026-05-11T12:54:41
AMTEX,2017-06-02,2.66,2.85,2.66,2.81,158500,psxdata,2026-05-11T12:54:41
AMTEX,2017-06-05,2.89,2.97,2.85,2.87,217500,psxdata,2026-05-11T12:54:41
AMTEX,2017-06-06,2.9,2.93,2.86,2.9,93000,psxdata,2026-05-11T12:54:41
AMTEX,2017-06-07,3.0,3.0,2.81,2.86,101000,psxdata,2026-05-11T12:54:41
AMTEX,2017-06-08,2.94,2.99,2.8,2.82,145500,psxdata,2026-05-11T12:54:41
AMTEX,2017-06-09,2.95,2.95,2.8,2.85,128500,psxdata,2026-05-11T12:54:41
AMTEX,2017-06-12,2.85,2.93,2.7,2.71,444000,psxdata,2026-05-11T12:54:41
AMTEX,2017-06-13,2.78,2.89,2.66,2.7,401000,psxdata,2026-05-11T12:54:41
AMTEX,2017-06-15,2.62,2.79,2.62,2.68,103000,psxdata,2026-05-11T12:54:41
AMTEX,2017-06-16,2.8,2.85,2.7,2.75,364500,psxdata,2026-05-11T12:54:41
AMTEX,2017-06-19,2.69,2.85,2.56,2.71,77000,psxdata,2026-05-11T12:54:41
AMTEX,2017-06-20,2.79,2.9,2.57,2.63,237000,psxdata,2026-05-11T12:54:41
AMTEX,2017-06-21,2.61,2.8,2.5,2.63,156000,psxdata,2026-05-11T12:54:41
AMTEX,2017-06-29,2.78,2.78,2.55,2.6,21000,psxdata,2026-05-11T12:54:41
AMTEX,2017-06-30,2.56,3.24,2.52,3.01,1426500,psxdata,2026-05-11T12:54:41
AMTEX,2017-07-03,3.0,3.04,2.75,2.75,253000,psxdata,2026-05-11T12:54:41
AMTEX,2017-07-04,2.88,2.88,2.71,2.75,35500,psxdata,2026-05-11T12:54:41
AMTEX,2017-07-05,2.73,2.85,2.7,2.71,228500,psxdata,2026-05-11T12:54:41
AMTEX,2017-07-06,2.56,2.8,2.56,2.74,156500,psxdata,2026-05-11T12:54:41
AMTEX,2017-07-07,2.8,2.8,2.7,2.79,58000,psxdata,2026-05-11T12:54:41
AMTEX,2017-07-10,2.77,2.86,2.75,2.81,81000,psxdata,2026-05-11T12:54:41
AMTEX,2017-07-11,2.76,2.76,2.6,2.66,142000,psxdata,2026-05-11T12:54:41
AMTEX,2017-07-13,2.7,2.7,2.55,2.61,95000,psxdata,2026-05-11T12:54:41
AMTEX,2017-07-14,2.62,2.74,2.6,2.62,12500,psxdata,2026-05-11T12:54:41
AMTEX,2017-07-17,2.57,2.64,2.55,2.62,59500,psxdata,2026-05-11T12:54:41
AMTEX,2017-07-18,2.64,2.75,2.6,2.71,202000,psxdata,2026-05-11T12:54:41
AMTEX,2017-07-19,2.65,2.68,2.61,2.66,67000,psxdata,2026-05-11T12:54:41
AMTEX,2017-07-20,2.61,2.69,2.6,2.61,284000,psxdata,2026-05-11T12:54:41
AMTEX,2017-07-21,2.56,2.66,2.56,2.64,32000,psxdata,2026-05-11T12:54:41
AMTEX,2017-07-24,2.69,2.69,2.6,2.65,18000,psxdata,2026-05-11T12:54:41
AMTEX,2017-07-25,2.65,3.06,2.61,2.99,2987500,psxdata,2026-05-11T12:54:41
AMTEX,2017-07-26,3.03,3.09,2.75,2.85,1539000,psxdata,2026-05-11T12:54:41
AMTEX,2017-07-27,3.0,3.31,2.96,3.03,5303500,psxdata,2026-05-11T12:54:41
AMTEX,2017-07-28,2.82,3.11,2.8,3.08,1434500,psxdata,2026-05-11T12:54:41
AMTEX,2017-07-31,3.19,3.45,3.0,3.22,4934000,psxdata,2026-05-11T12:54:41
AMTEX,2017-08-01,3.29,3.3,3.07,3.12,996000,psxdata,2026-05-11T12:54:41
AMTEX,2017-08-02,3.18,3.23,3.07,3.12,1111000,psxdata,2026-05-11T12:54:41
AMTEX,2017-08-03,3.12,3.3,3.1,3.27,1645500,psxdata,2026-05-11T12:54:41
AMTEX,2017-08-04,3.3,3.37,3.01,3.05,2087500,psxdata,2026-05-11T12:54:41
AMTEX,2017-08-07,3.11,3.12,2.95,3.08,2500000,psxdata,2026-05-11T12:54:41
AMTEX,2017-08-08,3.12,3.14,2.98,3.0,510000,psxdata,2026-05-11T12:54:41
AMTEX,2017-08-09,3.05,3.06,2.9,2.94,1137500,psxdata,2026-05-11T12:54:41
AMTEX,2017-08-10,2.96,3.0,2.8,2.81,1148000,psxdata,2026-05-11T12:54:41
AMTEX,2017-08-11,2.9,2.9,2.8,2.85,359500,psxdata,2026-05-11T12:54:41
AMTEX,2017-08-15,2.89,2.92,2.7,2.73,522500,psxdata,2026-05-11T12:54:41
AMTEX,2017-08-16,2.73,2.85,2.73,2.78,233000,psxdata,2026-05-11T12:54:41
AMTEX,2017-08-17,2.8,2.8,2.71,2.73,136500,psxdata,2026-05-11T12:54:41
AMTEX,2017-08-18,2.8,2.98,2.7,2.74,137500,psxdata,2026-05-11T12:54:41
AMTEX,2017-08-21,2.72,2.75,2.66,2.67,147500,psxdata,2026-05-11T12:54:41
AMTEX,2017-08-22,2.65,2.88,2.57,2.82,231000,psxdata,2026-05-11T12:54:41
AMTEX,2017-08-23,2.73,2.95,2.72,2.83,447000,psxdata,2026-05-11T12:54:41
AMTEX,2017-08-24,2.8,2.85,2.74,2.76,272000,psxdata,2026-05-11T12:54:41
AMTEX,2017-08-29,2.7,2.73,2.51,2.55,169000,psxdata,2026-05-11T12:54:41
AMTEX,2017-08-30,2.6,2.9,2.55,2.6,279500,psxdata,2026-05-11T12:54:41
AMTEX,2017-08-31,2.56,2.65,2.56,2.65,82000,psxdata,2026-05-11T12:54:41
AMTEX,2017-09-05,2.61,2.69,2.51,2.58,326500,psxdata,2026-05-11T12:54:41
AMTEX,2017-09-06,2.6,2.62,2.55,2.57,177500,psxdata,2026-05-11T12:54:41
AMTEX,2017-09-07,2.6,2.6,2.16,2.48,408500,psxdata,2026-05-11T12:54:41
AMTEX,2017-09-08,2.5,2.59,2.47,2.51,125000,psxdata,2026-05-11T12:54:41
AMTEX,2017-09-11,2.55,2.57,2.48,2.48,92500,psxdata,2026-05-11T12:54:41
AMTEX,2017-09-12,2.46,2.5,2.42,2.5,84500,psxdata,2026-05-11T12:54:41
AMTEX,2017-09-13,2.45,2.55,2.45,2.5,198500,psxdata,2026-05-11T12:54:41
AMTEX,2017-09-14,2.55,2.8,2.46,2.75,872000,psxdata,2026-05-11T12:54:41
AMTEX,2017-09-15,2.75,2.94,2.3,2.4,4665500,psxdata,2026-05-11T12:54:41
AMTEX,2017-09-18,2.49,2.5,2.37,2.45,1287000,psxdata,2026-05-11T12:54:41
AMTEX,2017-09-19,2.55,2.55,2.38,2.44,1072500,psxdata,2026-05-11T12:54:41
AMTEX,2017-09-20,2.5,2.5,2.37,2.4,438000,psxdata,2026-05-11T12:54:41
AMTEX,2017-09-21,2.4,2.44,2.35,2.38,667000,psxdata,2026-05-11T12:54:41
AMTEX,2017-09-22,2.36,2.42,2.27,2.4,422000,psxdata,2026-05-11T12:54:41
AMTEX,2017-09-25,2.4,2.44,2.31,2.37,618500,psxdata,2026-05-11T12:54:41
AMTEX,2017-09-26,2.36,2.37,2.02,2.17,3202000,psxdata,2026-05-11T12:54:41
AMTEX,2017-09-27,2.08,2.34,2.04,2.2,1562000,psxdata,2026-05-11T12:54:41
AMTEX,2017-09-28,2.4,2.7,2.4,2.54,3961500,psxdata,2026-05-11T12:54:41
AMTEX,2017-09-29,2.6,2.89,2.55,2.65,2867000,psxdata,2026-05-11T12:54:41
AMTEX,2017-10-02,2.65,2.65,2.46,2.49,533000,psxdata,2026-05-11T12:54:41
AMTEX,2017-10-03,2.42,2.49,2.4,2.46,453000,psxdata,2026-05-11T12:54:41
AMTEX,2017-10-04,2.4,2.49,2.3,2.43,928000,psxdata,2026-05-11T12:54:41
AMTEX,2017-10-06,2.58,2.58,2.45,2.49,180500,psxdata,2026-05-11T12:54:41
AMTEX,2017-10-09,2.49,2.55,2.4,2.41,75000,psxdata,2026-05-11T12:54:41
AMTEX,2017-10-10,2.41,2.41,2.22,2.34,146000,psxdata,2026-05-11T12:54:41
AMTEX,2017-10-11,2.27,2.31,2.2,2.25,563000,psxdata,2026-05-11T12:54:41
AMTEX,2017-10-12,2.27,2.37,2.16,2.19,244000,psxdata,2026-05-11T12:54:41
AMTEX,2017-10-13,2.23,2.23,2.02,2.06,274000,psxdata,2026-05-11T12:54:41
AMTEX,2017-10-16,2.04,2.14,2.04,2.11,137500,psxdata,2026-05-11T12:54:41
AMTEX,2017-10-17,2.16,2.18,2.06,2.08,86500,psxdata,2026-05-11T12:54:41
AMTEX,2017-10-18,2.06,2.1,1.97,2.05,221000,psxdata,2026-05-11T12:54:41
AMTEX,2017-10-19,2.0,2.11,1.97,2.05,292500,psxdata,2026-05-11T12:54:41
AMTEX,2017-10-20,2.06,2.18,2.05,2.16,216500,psxdata,2026-05-11T12:54:41
AMTEX,2017-10-23,2.11,2.14,2.0,2.08,167500,psxdata,2026-05-11T12:54:41
AMTEX,2017-10-24,2.05,2.06,2.0,2.02,123500,psxdata,2026-05-11T12:54:41
AMTEX,2017-10-25,1.97,2.05,1.97,2.01,84000,psxdata,2026-05-11T12:54:41
AMTEX,2017-10-26,1.99,2.0,1.9,1.91,392500,psxdata,2026-05-11T12:54:41
AMTEX,2017-10-27,1.99,1.99,1.82,1.86,268500,psxdata,2026-05-11T12:54:41
AMTEX,2017-10-30,1.82,1.9,1.8,1.85,61000,psxdata,2026-05-11T12:54:41
AMTEX,2017-10-31,1.85,1.9,1.75,1.79,110500,psxdata,2026-05-11T12:54:41
AMTEX,2017-11-01,1.84,1.85,1.76,1.82,45500,psxdata,2026-05-11T12:54:41
AMTEX,2017-11-02,1.84,1.85,1.8,1.8,50500,psxdata,2026-05-11T12:54:41
AMTEX,2017-11-03,1.76,1.85,1.52,1.82,60000,psxdata,2026-05-11T12:54:41
AMTEX,2017-11-06,1.72,1.84,1.72,1.8,14500,psxdata,2026-05-11T12:54:41
AMTEX,2017-11-07,1.72,1.74,1.52,1.7,94500,psxdata,2026-05-11T12:54:41
AMTEX,2017-11-08,1.7,1.78,1.52,1.75,176000,psxdata,2026-05-11T12:54:41
AMTEX,2017-11-09,1.7,1.8,1.63,1.69,100500,psxdata,2026-05-11T12:54:41
AMTEX,2017-11-10,1.73,1.79,1.62,1.65,274500,psxdata,2026-05-11T12:54:41
AMTEX,2017-11-13,1.7,1.7,1.6,1.62,159500,psxdata,2026-05-11T12:54:41
AMTEX,2017-11-14,1.61,1.74,1.56,1.71,202000,psxdata,2026-05-11T12:54:41
AMTEX,2017-11-15,1.66,1.73,1.55,1.7,31500,psxdata,2026-05-11T12:54:41
AMTEX,2017-11-16,1.64,1.75,1.64,1.73,58000,psxdata,2026-05-11T12:54:41
AMTEX,2017-11-17,1.57,1.78,1.57,1.78,68500,psxdata,2026-05-11T12:54:41
AMTEX,2017-11-20,1.64,1.79,1.64,1.75,108000,psxdata,2026-05-11T12:54:41
AMTEX,2017-11-21,1.77,1.78,1.61,1.75,174000,psxdata,2026-05-11T12:54:41
AMTEX,2017-11-22,1.71,1.75,1.7,1.73,61000,psxdata,2026-05-11T12:54:41
AMTEX,2017-11-24,1.65,1.78,1.6,1.73,70500,psxdata,2026-05-11T12:54:41
AMTEX,2017-11-27,1.7,1.75,1.7,1.74,50000,psxdata,2026-05-11T12:54:41
AMTEX,2017-11-28,1.77,1.78,1.72,1.76,48500,psxdata,2026-05-11T12:54:41
AMTEX,2017-11-29,1.7,1.76,1.7,1.76,94500,psxdata,2026-05-11T12:54:41
AMTEX,2017-11-30,1.71,1.79,1.62,1.75,63000,psxdata,2026-05-11T12:54:41
AMTEX,2017-12-04,1.65,1.75,1.65,1.73,122000,psxdata,2026-05-11T12:54:41
AMTEX,2017-12-05,1.71,1.88,1.68,1.85,52500,psxdata,2026-05-11T12:54:41
AMTEX,2017-12-06,1.88,1.89,1.72,1.8,47000,psxdata,2026-05-11T12:54:41
AMTEX,2017-12-07,1.8,1.84,1.75,1.8,149000,psxdata,2026-05-11T12:54:41
AMTEX,2017-12-08,1.84,1.84,1.74,1.8,80500,psxdata,2026-05-11T12:54:41
AMTEX,2017-12-11,1.8,1.83,1.62,1.7,154000,psxdata,2026-05-11T12:54:41
AMTEX,2017-12-12,1.63,1.74,1.56,1.67,148000,psxdata,2026-05-11T12:54:41
AMTEX,2017-12-13,1.67,1.75,1.65,1.71,41000,psxdata,2026-05-11T12:54:41
AMTEX,2017-12-14,1.66,1.66,1.56,1.64,49000,psxdata,2026-05-11T12:54:41
AMTEX,2017-12-15,1.65,1.69,1.55,1.64,73500,psxdata,2026-05-11T12:54:41
AMTEX,2017-12-18,1.6,1.6,1.51,1.54,208500,psxdata,2026-05-11T12:54:41
AMTEX,2017-12-19,1.52,1.55,1.39,1.47,561000,psxdata,2026-05-11T12:54:41
AMTEX,2017-12-20,1.4,1.46,1.4,1.44,237000,psxdata,2026-05-11T12:54:41
AMTEX,2017-12-21,1.25,1.37,1.15,1.34,960500,psxdata,2026-05-11T12:54:41
AMTEX,2017-12-22,1.23,1.32,1.16,1.22,1484500,psxdata,2026-05-11T12:54:41
AMTEX,2017-12-26,1.26,1.26,1.15,1.2,335000,psxdata,2026-05-11T12:54:41
AMTEX,2017-12-27,1.2,1.28,1.2,1.25,99500,psxdata,2026-05-11T12:54:41
AMTEX,2017-12-28,1.29,1.29,1.22,1.25,99500,psxdata,2026-05-11T12:54:41
AMTEX,2017-12-29,1.29,1.29,1.2,1.29,189500,psxdata,2026-05-11T12:54:41
AMTEX,2018-01-01,1.22,1.29,1.21,1.26,72000,psxdata,2026-05-11T12:54:41
AMTEX,2018-01-02,1.3,1.32,1.22,1.3,306000,psxdata,2026-05-11T12:54:41
AMTEX,2018-01-03,1.31,1.32,1.22,1.3,320000,psxdata,2026-05-11T12:54:41
AMTEX,2018-01-04,1.33,1.33,1.22,1.3,340000,psxdata,2026-05-11T12:54:41
AMTEX,2018-01-05,1.26,1.3,1.23,1.29,474000,psxdata,2026-05-11T12:54:41
AMTEX,2018-01-08,1.34,1.35,1.25,1.3,708000,psxdata,2026-05-11T12:54:41
AMTEX,2018-01-09,1.3,1.33,1.23,1.29,452500,psxdata,2026-05-11T12:54:41
AMTEX,2018-01-10,1.25,1.48,1.25,1.43,669500,psxdata,2026-05-11T12:54:41
AMTEX,2018-01-11,1.45,1.45,1.35,1.4,255000,psxdata,2026-05-11T12:54:41
AMTEX,2018-01-12,1.47,1.47,1.2,1.24,937500,psxdata,2026-05-11T12:54:41
AMTEX,2018-01-15,1.24,1.25,1.16,1.19,718500,psxdata,2026-05-11T12:54:41
AMTEX,2018-01-16,1.17,1.24,1.05,1.09,1312500,psxdata,2026-05-11T12:54:41
AMTEX,2018-01-17,1.07,1.14,1.01,1.1,1265500,psxdata,2026-05-11T12:54:41
AMTEX,2018-01-18,1.1,1.16,1.0,1.03,2817000,psxdata,2026-05-11T12:54:41
AMTEX,2018-01-19,1.04,1.45,0.98,1.3,6354500,psxdata,2026-05-11T12:54:41
AMTEX,2018-01-22,1.68,2.08,1.49,1.88,19699500,psxdata,2026-05-11T12:54:41
AMTEX,2018-01-23,1.95,1.96,1.67,1.85,2309500,psxdata,2026-05-11T12:54:41
AMTEX,2018-01-24,1.8,1.88,1.72,1.76,1469500,psxdata,2026-05-11T12:54:41
AMTEX,2018-01-25,1.76,1.79,1.68,1.69,881500,psxdata,2026-05-11T12:54:41
AMTEX,2018-01-26,1.66,1.73,1.62,1.71,419500,psxdata,2026-05-11T12:54:41
AMTEX,2018-01-29,1.71,1.71,1.61,1.67,487000,psxdata,2026-05-11T12:54:41
AMTEX,2018-01-30,1.64,1.68,1.51,1.65,1132500,psxdata,2026-05-11T12:54:41
AMTEX,2018-01-31,1.67,1.7,1.57,1.62,415500,psxdata,2026-05-11T12:54:41
AMTEX,2018-02-01,1.65,1.66,1.55,1.6,369500,psxdata,2026-05-11T12:54:41
AMTEX,2018-02-02,1.7,1.75,1.61,1.7,391000,psxdata,2026-05-11T12:54:41
AMTEX,2018-02-06,1.63,1.72,1.6,1.64,193000,psxdata,2026-05-11T12:54:41
AMTEX,2018-02-07,1.63,1.65,1.61,1.62,199000,psxdata,2026-05-11T12:54:41
AMTEX,2018-02-08,1.59,1.62,1.52,1.6,310500,psxdata,2026-05-11T12:54:41
AMTEX,2018-02-09,1.69,1.69,1.56,1.59,140000,psxdata,2026-05-11T12:54:41
AMTEX,2018-02-12,1.52,1.65,1.51,1.55,412000,psxdata,2026-05-11T12:54:41
AMTEX,2018-02-13,1.57,1.64,1.55,1.57,387000,psxdata,2026-05-11T12:54:41
AMTEX,2018-02-14,1.55,1.6,1.52,1.53,182000,psxdata,2026-05-11T12:54:41
AMTEX,2018-02-15,1.53,1.58,1.5,1.51,214000,psxdata,2026-05-11T12:54:41
AMTEX,2018-02-16,1.62,1.65,1.51,1.54,148500,psxdata,2026-05-11T12:54:41
AMTEX,2018-02-19,1.55,1.6,1.49,1.57,200500,psxdata,2026-05-11T12:54:41
AMTEX,2018-02-20,1.5,1.59,1.5,1.55,59500,psxdata,2026-05-11T12:54:41
AMTEX,2018-02-21,1.57,1.59,1.49,1.5,175500,psxdata,2026-05-11T12:54:41
AMTEX,2018-02-22,1.45,1.52,1.41,1.5,184500,psxdata,2026-05-11T12:54:41
AMTEX,2018-02-23,1.58,1.59,1.43,1.48,231500,psxdata,2026-05-11T12:54:41
AMTEX,2018-02-26,1.56,1.56,1.39,1.42,267000,psxdata,2026-05-11T12:54:41
AMTEX,2018-02-27,1.45,1.5,1.4,1.49,133000,psxdata,2026-05-11T12:54:41
AMTEX,2018-02-28,1.42,1.55,1.42,1.5,530000,psxdata,2026-05-11T12:54:41
AMTEX,2018-03-01,1.43,1.58,1.43,1.5,212500,psxdata,2026-05-11T12:54:41
AMTEX,2018-03-02,1.5,1.52,1.47,1.49,21500,psxdata,2026-05-11T12:54:41
AMTEX,2018-03-05,1.5,1.54,1.43,1.43,135500,psxdata,2026-05-11T12:54:41
AMTEX,2018-03-06,1.42,1.48,1.4,1.4,254000,psxdata,2026-05-11T12:54:41
AMTEX,2018-03-07,1.38,1.4,1.35,1.35,136500,psxdata,2026-05-11T12:54:41
AMTEX,2018-03-08,1.35,1.35,1.01,1.26,538000,psxdata,2026-05-11T12:54:41
AMTEX,2018-03-09,1.22,1.5,1.22,1.31,73000,psxdata,2026-05-11T12:54:41
AMTEX,2018-03-12,1.35,1.39,1.28,1.38,55500,psxdata,2026-05-11T12:54:41
AMTEX,2018-03-13,1.4,1.44,1.4,1.41,167500,psxdata,2026-05-11T12:54:41
AMTEX,2018-03-14,1.37,1.57,1.37,1.51,727500,psxdata,2026-05-11T12:54:41
AMTEX,2018-03-15,1.55,2.01,1.52,1.92,6442000,psxdata,2026-05-11T12:54:41
AMTEX,2018-03-16,1.86,2.11,1.67,1.71,3955500,psxdata,2026-05-11T12:54:41
AMTEX,2018-03-19,1.72,1.81,1.72,1.74,754000,psxdata,2026-05-11T12:54:41
AMTEX,2018-03-20,1.79,1.8,1.7,1.71,363000,psxdata,2026-05-11T12:54:41
AMTEX,2018-03-21,1.71,1.85,1.69,1.71,201500,psxdata,2026-05-11T12:54:41
AMTEX,2018-03-22,1.71,1.72,1.6,1.66,844000,psxdata,2026-05-11T12:54:41
AMTEX,2018-03-26,1.64,1.65,1.59,1.6,183500,psxdata,2026-05-11T12:54:41
AMTEX,2018-03-27,1.68,1.68,1.56,1.57,83500,psxdata,2026-05-11T12:54:41
AMTEX,2018-03-28,1.6,1.64,1.51,1.57,284000,psxdata,2026-05-11T12:54:41
AMTEX,2018-03-29,1.59,1.6,1.54,1.56,119500,psxdata,2026-05-11T12:54:41
AMTEX,2018-03-30,1.55,1.58,1.55,1.55,167000,psxdata,2026-05-11T12:54:41
AMTEX,2018-04-02,1.55,1.6,1.51,1.55,30000,psxdata,2026-05-11T12:54:41
AMTEX,2018-04-03,1.59,1.6,1.53,1.56,189000,psxdata,2026-05-11T12:54:41
AMTEX,2018-04-04,1.55,1.6,1.55,1.58,97500,psxdata,2026-05-11T12:54:41
AMTEX,2018-04-05,1.64,1.64,1.53,1.54,179000,psxdata,2026-05-11T12:54:41
AMTEX,2018-04-06,1.53,1.69,1.52,1.59,65500,psxdata,2026-05-11T12:54:41
AMTEX,2018-04-09,1.55,1.7,1.52,1.63,430000,psxdata,2026-05-11T12:54:41
AMTEX,2018-04-10,1.65,1.78,1.63,1.69,341500,psxdata,2026-05-11T12:54:41
AMTEX,2018-04-11,1.7,1.74,1.7,1.72,259000,psxdata,2026-05-11T12:54:41
AMTEX,2018-04-12,1.75,1.84,1.65,1.75,1050000,psxdata,2026-05-11T12:54:41
AMTEX,2018-04-13,1.76,1.94,1.71,1.79,260000,psxdata,2026-05-11T12:54:41
AMTEX,2018-04-16,1.79,1.82,1.73,1.8,297000,psxdata,2026-05-11T12:54:41
AMTEX,2018-04-17,1.73,1.77,1.7,1.7,220500,psxdata,2026-05-11T12:54:41
AMTEX,2018-04-18,1.74,1.78,1.69,1.72,42500,psxdata,2026-05-11T12:54:41
AMTEX,2018-04-19,1.72,1.72,1.6,1.66,127000,psxdata,2026-05-11T12:54:41
AMTEX,2018-04-20,1.62,1.8,1.59,1.65,127500,psxdata,2026-05-11T12:54:41
AMTEX,2018-04-23,1.66,1.7,1.6,1.61,40500,psxdata,2026-05-11T12:54:41
AMTEX,2018-04-24,1.62,1.65,1.58,1.6,34000,psxdata,2026-05-11T12:54:41
AMTEX,2018-04-25,1.61,1.61,1.58,1.6,145000,psxdata,2026-05-11T12:54:41
AMTEX,2018-04-26,1.63,1.65,1.57,1.58,111000,psxdata,2026-05-11T12:54:41
AMTEX,2018-04-27,1.58,1.69,1.58,1.62,38500,psxdata,2026-05-11T12:54:41
AMTEX,2018-04-30,1.71,1.73,1.6,1.65,277500,psxdata,2026-05-11T12:54:41
AMTEX,2018-05-02,1.69,1.69,1.57,1.58,72000,psxdata,2026-05-11T12:54:41
AMTEX,2018-05-03,1.63,1.63,1.55,1.58,74500,psxdata,2026-05-11T12:54:41
AMTEX,2018-05-04,1.63,1.63,1.56,1.57,129500,psxdata,2026-05-11T12:54:41
AMTEX,2018-05-07,1.56,1.71,1.56,1.63,204000,psxdata,2026-05-11T12:54:41
AMTEX,2018-05-08,1.6,1.64,1.56,1.61,51500,psxdata,2026-05-11T12:54:41
AMTEX,2018-05-09,1.56,1.6,1.5,1.6,217000,psxdata,2026-05-11T12:54:41
AMTEX,2018-05-10,1.6,1.8,1.57,1.67,805500,psxdata,2026-05-11T12:54:41
AMTEX,2018-05-11,1.64,1.85,1.6,1.75,1059000,psxdata,2026-05-11T12:54:41
AMTEX,2018-05-14,1.71,1.71,1.6,1.6,340000,psxdata,2026-05-11T12:54:41
AMTEX,2018-05-15,1.55,1.69,1.55,1.65,60000,psxdata,2026-05-11T12:54:41
AMTEX,2018-05-16,1.65,1.7,1.6,1.7,67000,psxdata,2026-05-11T12:54:41
AMTEX,2018-05-17,1.7,1.7,1.62,1.68,7500,psxdata,2026-05-11T12:54:41
AMTEX,2018-05-18,1.62,1.69,1.55,1.64,244000,psxdata,2026-05-11T12:54:41
AMTEX,2018-05-21,1.6,1.7,1.56,1.65,33500,psxdata,2026-05-11T12:54:41
AMTEX,2018-05-22,1.46,1.64,1.4,1.55,174500,psxdata,2026-05-11T12:54:41
AMTEX,2018-05-23,1.55,1.6,1.51,1.55,329000,psxdata,2026-05-11T12:54:41
AMTEX,2018-05-24,1.59,1.6,1.5,1.55,42500,psxdata,2026-05-11T12:54:41
AMTEX,2018-05-25,1.53,1.54,1.5,1.51,118000,psxdata,2026-05-11T12:54:41
AMTEX,2018-05-28,1.5,1.57,1.48,1.56,26000,psxdata,2026-05-11T12:54:41
AMTEX,2018-05-29,1.59,1.59,1.52,1.54,61500,psxdata,2026-05-11T12:54:41
AMTEX,2018-05-30,1.56,1.56,1.53,1.55,44000,psxdata,2026-05-11T12:54:41
AMTEX,2018-05-31,1.55,1.64,1.55,1.6,107500,psxdata,2026-05-11T12:54:41
AMTEX,2018-06-01,1.58,1.58,1.58,1.58,500,psxdata,2026-05-11T12:54:41
AMTEX,2018-06-04,1.58,1.67,1.58,1.6,7000,psxdata,2026-05-11T12:54:41
AMTEX,2018-06-05,1.62,1.62,1.6,1.6,33500,psxdata,2026-05-11T12:54:41
AMTEX,2018-06-06,1.64,1.7,1.6,1.61,73000,psxdata,2026-05-11T12:54:41
AMTEX,2018-06-07,1.63,1.7,1.62,1.63,182000,psxdata,2026-05-11T12:54:41
AMTEX,2018-06-11,1.66,1.7,1.6,1.68,65000,psxdata,2026-05-11T12:54:41
AMTEX,2018-06-12,1.61,1.65,1.61,1.62,37000,psxdata,2026-05-11T12:54:41
AMTEX,2018-06-13,1.63,1.63,1.6,1.6,32500,psxdata,2026-05-11T12:54:41
AMTEX,2018-06-14,1.57,1.59,1.56,1.57,100000,psxdata,2026-05-11T12:54:41
AMTEX,2018-06-19,1.57,1.58,1.52,1.55,28000,psxdata,2026-05-11T12:54:41
AMTEX,2018-06-20,1.65,1.69,1.53,1.55,62500,psxdata,2026-05-11T12:54:41
AMTEX,2018-06-21,1.51,1.55,1.46,1.5,106000,psxdata,2026-05-11T12:54:41
AMTEX,2018-06-22,1.5,1.5,1.43,1.44,32500,psxdata,2026-05-11T12:54:41
AMTEX,2018-06-25,1.4,1.45,1.3,1.3,173000,psxdata,2026-05-11T12:54:41
AMTEX,2018-06-26,1.28,1.3,1.17,1.19,822500,psxdata,2026-05-11T12:54:41
AMTEX,2018-06-27,1.25,1.34,1.25,1.28,127500,psxdata,2026-05-11T12:54:41
AMTEX,2018-06-28,1.35,1.49,1.25,1.31,144500,psxdata,2026-05-11T12:54:41
AMTEX,2018-06-29,1.45,1.45,1.21,1.3,125000,psxdata,2026-05-11T12:54:41
AMTEX,2018-07-02,1.41,1.43,1.4,1.4,30000,psxdata,2026-05-11T12:54:41
AMTEX,2018-07-03,1.44,1.44,1.35,1.39,28500,psxdata,2026-05-11T12:54:41
AMTEX,2018-07-04,1.32,1.45,1.3,1.38,115000,psxdata,2026-05-11T12:54:41
AMTEX,2018-07-05,1.35,1.39,1.31,1.39,24000,psxdata,2026-05-11T12:54:41
AMTEX,2018-07-06,1.35,1.37,1.31,1.32,30500,psxdata,2026-05-11T12:54:41
AMTEX,2018-07-09,1.41,1.41,1.3,1.36,78500,psxdata,2026-05-11T12:54:41
AMTEX,2018-07-10,1.33,1.33,1.25,1.3,36500,psxdata,2026-05-11T12:54:41
AMTEX,2018-07-11,1.37,1.38,1.31,1.35,21000,psxdata,2026-05-11T12:54:41
AMTEX,2018-07-12,1.3,1.4,1.3,1.39,23500,psxdata,2026-05-11T12:54:41
AMTEX,2018-07-13,1.43,1.43,1.3,1.39,35500,psxdata,2026-05-11T12:54:41
AMTEX,2018-07-16,1.32,1.4,1.32,1.35,19500,psxdata,2026-05-11T12:54:41
AMTEX,2018-07-17,1.43,1.43,1.32,1.4,19000,psxdata,2026-05-11T12:54:41
AMTEX,2018-07-18,1.4,1.48,1.37,1.48,132000,psxdata,2026-05-11T12:54:41
AMTEX,2018-07-19,1.45,1.5,1.4,1.42,126500,psxdata,2026-05-11T12:54:41
AMTEX,2018-07-20,1.38,1.44,1.35,1.37,83000,psxdata,2026-05-11T12:54:41
AMTEX,2018-07-23,1.49,1.49,1.31,1.4,10000,psxdata,2026-05-11T12:54:41
AMTEX,2018-07-24,1.39,1.46,1.39,1.42,95500,psxdata,2026-05-11T12:54:41
AMTEX,2018-07-26,1.48,1.49,1.4,1.4,251500,psxdata,2026-05-11T12:54:41
AMTEX,2018-07-27,1.4,1.7,1.39,1.64,639000,psxdata,2026-05-11T12:54:41
AMTEX,2018-07-30,1.65,1.89,1.64,1.75,1507000,psxdata,2026-05-11T12:54:41
AMTEX,2018-07-31,1.75,1.75,1.68,1.7,393500,psxdata,2026-05-11T12:54:41
AMTEX,2018-08-01,1.7,1.83,1.69,1.74,289000,psxdata,2026-05-11T12:54:41
AMTEX,2018-08-03,1.74,1.8,1.71,1.75,145000,psxdata,2026-05-11T12:54:41
AMTEX,2018-08-06,1.7,1.8,1.7,1.71,87000,psxdata,2026-05-11T12:54:41
AMTEX,2018-08-07,1.71,1.75,1.67,1.7,61000,psxdata,2026-05-11T12:54:41
AMTEX,2018-08-08,1.7,1.79,1.7,1.73,125000,psxdata,2026-05-11T12:54:41
AMTEX,2018-08-09,1.79,1.92,1.75,1.87,1964500,psxdata,2026-05-11T12:54:41
AMTEX,2018-08-10,1.9,1.95,1.85,1.9,1812500,psxdata,2026-05-11T12:54:41
AMTEX,2018-08-13,1.9,1.95,1.83,1.93,185500,psxdata,2026-05-11T12:54:41
AMTEX,2018-08-15,1.96,1.96,1.88,1.91,302000,psxdata,2026-05-11T12:54:41
AMTEX,2018-08-16,1.89,1.91,1.85,1.88,195000,psxdata,2026-05-11T12:54:41
AMTEX,2018-08-17,1.9,1.92,1.85,1.9,231500,psxdata,2026-05-11T12:54:41
AMTEX,2018-08-20,1.91,1.91,1.84,1.85,145500,psxdata,2026-05-11T12:54:41
AMTEX,2018-08-24,1.85,1.85,1.8,1.84,34000,psxdata,2026-05-11T12:54:41
AMTEX,2018-08-27,1.84,1.9,1.75,1.78,138000,psxdata,2026-05-11T12:54:41
AMTEX,2018-08-28,1.81,1.85,1.74,1.75,124500,psxdata,2026-05-11T12:54:41
AMTEX,2018-08-29,1.76,1.76,1.64,1.7,244000,psxdata,2026-05-11T12:54:41
AMTEX,2018-08-30,1.66,1.7,1.5,1.53,608500,psxdata,2026-05-11T12:54:41
AMTEX,2018-08-31,1.61,1.69,1.55,1.62,197000,psxdata,2026-05-11T12:54:41
AMTEX,2018-09-03,1.75,1.75,1.62,1.64,10500,psxdata,2026-05-11T12:54:41
AMTEX,2018-09-04,1.65,1.73,1.6,1.63,50500,psxdata,2026-05-11T12:54:41
AMTEX,2018-09-05,1.69,1.7,1.6,1.69,82000,psxdata,2026-05-11T12:54:41
AMTEX,2018-09-06,1.69,1.75,1.58,1.61,35500,psxdata,2026-05-11T12:54:41
AMTEX,2018-09-10,1.54,1.61,1.51,1.54,40000,psxdata,2026-05-11T12:54:41
AMTEX,2018-09-11,1.59,1.79,1.56,1.67,170000,psxdata,2026-05-11T12:54:41
AMTEX,2018-09-12,1.75,1.75,1.59,1.61,83500,psxdata,2026-05-11T12:54:41
AMTEX,2018-09-13,1.65,1.74,1.61,1.66,88500,psxdata,2026-05-11T12:54:41
AMTEX,2018-09-14,1.68,1.74,1.63,1.63,16500,psxdata,2026-05-11T12:54:41
AMTEX,2018-09-17,1.63,1.7,1.6,1.6,193000,psxdata,2026-05-11T12:54:41
AMTEX,2018-09-18,1.69,1.74,1.57,1.73,70500,psxdata,2026-05-11T12:54:41
AMTEX,2018-09-19,1.74,1.98,1.71,1.75,688000,psxdata,2026-05-11T12:54:41
AMTEX,2018-09-24,1.87,1.88,1.7,1.7,24500,psxdata,2026-05-11T12:54:41
AMTEX,2018-09-25,1.65,1.72,1.5,1.51,448500,psxdata,2026-05-11T12:54:41
AMTEX,2018-09-27,1.52,1.59,1.5,1.57,27500,psxdata,2026-05-11T12:54:41
AMTEX,2018-09-28,1.6,1.65,1.53,1.62,87500,psxdata,2026-05-11T12:54:41
AMTEX,2018-10-01,1.61,1.68,1.51,1.55,121500,psxdata,2026-05-11T12:54:41
AMTEX,2018-10-02,1.58,1.58,1.58,1.58,1500,psxdata,2026-05-11T12:54:41
AMTEX,2018-10-03,1.63,1.64,1.53,1.56,23500,psxdata,2026-05-11T12:54:41
AMTEX,2018-10-04,1.52,1.6,1.52,1.53,63000,psxdata,2026-05-11T12:54:41
AMTEX,2018-10-05,1.51,1.59,1.36,1.54,28500,psxdata,2026-05-11T12:54:41
AMTEX,2018-10-08,1.43,1.57,1.38,1.39,140000,psxdata,2026-05-11T12:54:41
AMTEX,2018-10-09,1.49,1.55,1.36,1.4,149000,psxdata,2026-05-11T12:54:41
AMTEX,2018-10-10,1.4,1.5,1.25,1.35,54500,psxdata,2026-05-11T12:54:41
AMTEX,2018-10-11,1.35,1.37,1.3,1.31,117500,psxdata,2026-05-11T12:54:41
AMTEX,2018-10-12,1.32,1.34,1.25,1.29,283500,psxdata,2026-05-11T12:54:41
AMTEX,2018-10-15,1.25,1.3,1.21,1.29,61000,psxdata,2026-05-11T12:54:41
AMTEX,2018-10-16,1.29,1.35,1.25,1.25,63500,psxdata,2026-05-11T12:54:41
AMTEX,2018-10-17,1.35,1.39,1.25,1.3,800500,psxdata,2026-05-11T12:54:41
AMTEX,2018-10-18,1.35,1.44,1.27,1.3,1053000,psxdata,2026-05-11T12:54:41
AMTEX,2018-10-19,1.3,1.45,1.26,1.36,559500,psxdata,2026-05-11T12:54:41
AMTEX,2018-10-22,1.49,1.49,1.38,1.4,358500,psxdata,2026-05-11T12:54:41
AMTEX,2018-10-23,1.4,1.65,1.4,1.45,674500,psxdata,2026-05-11T12:54:41
AMTEX,2018-10-24,1.6,1.74,1.45,1.6,626000,psxdata,2026-05-11T12:54:41
AMTEX,2018-10-25,1.68,1.68,1.49,1.51,386000,psxdata,2026-05-11T12:54:41
AMTEX,2018-10-26,1.65,1.65,1.46,1.52,102000,psxdata,2026-05-11T12:54:41
AMTEX,2018-10-29,1.6,1.6,1.46,1.48,468000,psxdata,2026-05-11T12:54:41
AMTEX,2018-10-30,1.45,1.49,1.37,1.38,168000,psxdata,2026-05-11T12:54:41
AMTEX,2018-10-31,1.47,1.47,1.34,1.38,107500,psxdata,2026-05-11T12:54:41
AMTEX,2018-11-01,1.38,1.44,1.32,1.38,132500,psxdata,2026-05-11T12:54:41
AMTEX,2018-11-02,1.36,1.65,1.36,1.49,253500,psxdata,2026-05-11T12:54:41
AMTEX,2018-11-05,1.5,1.5,1.4,1.46,53500,psxdata,2026-05-11T12:54:41
AMTEX,2018-11-06,1.46,1.49,1.42,1.46,47500,psxdata,2026-05-11T12:54:41
AMTEX,2018-11-07,1.47,1.59,1.47,1.55,816000,psxdata,2026-05-11T12:54:41
AMTEX,2018-11-08,1.55,1.57,1.49,1.54,33500,psxdata,2026-05-11T12:54:41
AMTEX,2018-11-09,1.54,1.58,1.47,1.54,156500,psxdata,2026-05-11T12:54:41
AMTEX,2018-11-12,1.48,1.59,1.48,1.52,455500,psxdata,2026-05-11T12:54:41
AMTEX,2018-11-13,1.44,1.55,1.4,1.47,110500,psxdata,2026-05-11T12:54:41
AMTEX,2018-11-14,1.54,1.54,1.4,1.43,364000,psxdata,2026-05-11T12:54:41
AMTEX,2018-11-15,1.4,1.5,1.4,1.47,160500,psxdata,2026-05-11T12:54:41
AMTEX,2018-11-16,1.41,1.61,1.4,1.54,259500,psxdata,2026-05-11T12:54:41
AMTEX,2018-11-19,1.6,1.6,1.4,1.46,166000,psxdata,2026-05-11T12:54:41
AMTEX,2018-11-20,1.43,1.53,1.43,1.45,80500,psxdata,2026-05-11T12:54:41
AMTEX,2018-11-22,1.45,1.48,1.4,1.4,175000,psxdata,2026-05-11T12:54:41
AMTEX,2018-11-23,1.38,1.5,1.38,1.43,92000,psxdata,2026-05-11T12:54:41
AMTEX,2018-11-26,1.5,1.5,1.39,1.41,19500,psxdata,2026-05-11T12:54:41
AMTEX,2018-11-27,1.48,1.48,1.33,1.35,106500,psxdata,2026-05-11T12:54:41
AMTEX,2018-11-28,1.44,1.5,1.34,1.35,100000,psxdata,2026-05-11T12:54:41
AMTEX,2018-11-29,1.36,1.41,1.36,1.39,5000,psxdata,2026-05-11T12:54:41
AMTEX,2018-11-30,1.36,1.36,1.31,1.35,149000,psxdata,2026-05-11T12:54:41
AMTEX,2018-12-03,1.31,1.34,1.22,1.25,144500,psxdata,2026-05-11T12:54:41
AMTEX,2018-12-04,1.26,1.34,1.25,1.3,32500,psxdata,2026-05-11T12:54:41
AMTEX,2018-12-05,1.3,1.3,1.25,1.26,52500,psxdata,2026-05-11T12:54:41
AMTEX,2018-12-06,1.28,1.34,1.17,1.2,112000,psxdata,2026-05-11T12:54:41
AMTEX,2018-12-07,1.18,1.3,1.18,1.25,141500,psxdata,2026-05-11T12:54:41
AMTEX,2018-12-10,1.25,1.35,1.25,1.3,107000,psxdata,2026-05-11T12:54:41
AMTEX,2018-12-11,1.35,1.35,1.29,1.31,23500,psxdata,2026-05-11T12:54:41
AMTEX,2018-12-12,1.29,1.34,1.26,1.33,142000,psxdata,2026-05-11T12:54:41
AMTEX,2018-12-13,1.3,1.39,1.3,1.3,14500,psxdata,2026-05-11T12:54:41
AMTEX,2018-12-14,1.28,1.39,1.28,1.32,21000,psxdata,2026-05-11T12:54:41
AMTEX,2018-12-17,1.35,1.35,1.26,1.31,45000,psxdata,2026-05-11T12:54:41
AMTEX,2018-12-18,1.3,1.39,1.3,1.32,45000,psxdata,2026-05-11T12:54:41
AMTEX,2018-12-19,1.3,1.34,1.25,1.28,87500,psxdata,2026-05-11T12:54:41
AMTEX,2018-12-20,1.4,1.45,1.3,1.32,126000,psxdata,2026-05-11T12:54:41
AMTEX,2018-12-21,1.39,1.39,1.28,1.3,379000,psxdata,2026-05-11T12:54:41
AMTEX,2018-12-24,1.3,1.36,1.25,1.27,60500,psxdata,2026-05-11T12:54:41
AMTEX,2018-12-26,1.26,1.33,1.26,1.27,38500,psxdata,2026-05-11T12:54:41
AMTEX,2018-12-27,1.26,1.35,1.11,1.21,173500,psxdata,2026-05-11T12:54:41
AMTEX,2018-12-28,1.29,1.3,1.15,1.17,53500,psxdata,2026-05-11T12:54:41
AMTEX,2018-12-31,1.21,1.26,1.17,1.18,34500,psxdata,2026-05-11T12:54:41
AMTEX,2019-01-01,1.23,1.28,1.23,1.27,22000,psxdata,2026-05-11T12:54:41
AMTEX,2019-01-02,1.36,1.36,1.19,1.23,41500,psxdata,2026-05-11T12:54:41
AMTEX,2019-01-03,1.18,1.3,1.18,1.3,23000,psxdata,2026-05-11T12:54:41
AMTEX,2019-01-04,1.2,1.4,1.2,1.32,61500,psxdata,2026-05-11T12:54:41
AMTEX,2019-01-07,1.3,1.34,1.3,1.32,50000,psxdata,2026-05-11T12:54:41
AMTEX,2019-01-08,1.3,1.32,1.27,1.31,75000,psxdata,2026-05-11T12:54:41
AMTEX,2019-01-09,1.34,1.39,1.27,1.28,17000,psxdata,2026-05-11T12:54:41
AMTEX,2019-01-10,1.21,1.3,1.21,1.27,38500,psxdata,2026-05-11T12:54:41
AMTEX,2019-01-11,1.35,1.37,1.2,1.24,134500,psxdata,2026-05-11T12:54:41
AMTEX,2019-01-14,1.28,1.3,1.24,1.24,113500,psxdata,2026-05-11T12:54:41
AMTEX,2019-01-15,1.29,1.29,1.22,1.24,144000,psxdata,2026-05-11T12:54:41
AMTEX,2019-01-16,1.25,1.26,1.21,1.22,137500,psxdata,2026-05-11T12:54:41
AMTEX,2019-01-17,1.21,1.22,1.19,1.2,148000,psxdata,2026-05-11T12:54:41
AMTEX,2019-01-18,1.19,1.24,1.19,1.22,98000,psxdata,2026-05-11T12:54:41
AMTEX,2019-01-21,1.23,1.35,1.23,1.25,77000,psxdata,2026-05-11T12:54:41
AMTEX,2019-01-22,1.25,1.38,1.25,1.33,132500,psxdata,2026-05-11T12:54:41
AMTEX,2019-01-23,1.38,1.39,1.25,1.36,257500,psxdata,2026-05-11T12:54:41
AMTEX,2019-01-24,1.31,1.42,1.3,1.39,180000,psxdata,2026-05-11T12:54:41
AMTEX,2019-01-25,1.39,1.4,1.31,1.37,92000,psxdata,2026-05-11T12:54:41
AMTEX,2019-01-28,1.33,1.34,1.28,1.31,444000,psxdata,2026-05-11T12:54:41
AMTEX,2019-01-29,1.4,1.4,1.31,1.35,461000,psxdata,2026-05-11T12:54:41
AMTEX,2019-01-30,1.31,1.4,1.31,1.35,539500,psxdata,2026-05-11T12:54:41
AMTEX,2019-01-31,1.27,1.55,1.2,1.53,579000,psxdata,2026-05-11T12:54:41
AMTEX,2019-02-01,1.52,1.63,1.45,1.55,408000,psxdata,2026-05-11T12:54:41
AMTEX,2019-02-04,1.51,1.6,1.5,1.55,528500,psxdata,2026-05-11T12:54:41
AMTEX,2019-02-06,1.58,1.65,1.47,1.5,264500,psxdata,2026-05-11T12:54:41
AMTEX,2019-02-07,1.41,1.41,1.15,1.22,2347500,psxdata,2026-05-11T12:54:41
AMTEX,2019-02-08,1.21,1.22,1.15,1.17,617500,psxdata,2026-05-11T12:54:41
AMTEX,2019-02-11,1.13,1.23,1.13,1.15,389500,psxdata,2026-05-11T12:54:41
AMTEX,2019-02-12,1.15,1.18,1.1,1.11,717500,psxdata,2026-05-11T12:54:41
AMTEX,2019-02-13,1.11,1.15,1.1,1.1,244500,psxdata,2026-05-11T12:54:41
AMTEX,2019-02-14,1.09,1.1,1.03,1.09,127500,psxdata,2026-05-11T12:54:41
AMTEX,2019-02-15,1.08,1.11,1.03,1.09,178000,psxdata,2026-05-11T12:54:41
AMTEX,2019-02-18,1.11,1.14,0.55,1.05,210000,psxdata,2026-05-11T12:54:41
AMTEX,2019-02-19,1.08,1.08,1.05,1.06,138000,psxdata,2026-05-11T12:54:41
AMTEX,2019-02-20,1.06,1.08,1.02,1.06,71000,psxdata,2026-05-11T12:54:41
AMTEX,2019-02-21,1.05,1.05,0.81,0.99,709000,psxdata,2026-05-11T12:54:41
AMTEX,2019-02-22,1.0,1.05,0.96,1.0,213000,psxdata,2026-05-11T12:54:41
AMTEX,2019-02-25,1.0,1.0,0.91,0.94,380000,psxdata,2026-05-11T12:54:41
AMTEX,2019-02-26,0.95,0.97,0.86,0.89,445500,psxdata,2026-05-11T12:54:41
AMTEX,2019-02-27,0.82,0.99,0.7,0.84,374500,psxdata,2026-05-11T12:54:41
AMTEX,2019-02-28,0.87,0.89,0.8,0.86,358000,psxdata,2026-05-11T12:54:41
AMTEX,2019-03-01,0.86,0.99,0.86,0.92,70500,psxdata,2026-05-11T12:54:41
AMTEX,2019-03-04,0.9,0.9,0.8,0.82,579000,psxdata,2026-05-11T12:54:41
AMTEX,2019-03-05,0.82,0.89,0.82,0.88,134000,psxdata,2026-05-11T12:54:41
AMTEX,2019-03-06,0.88,0.9,0.86,0.9,60000,psxdata,2026-05-11T12:54:41
AMTEX,2019-03-07,0.9,0.92,0.86,0.91,38500,psxdata,2026-05-11T12:54:41
AMTEX,2019-03-08,0.84,0.91,0.81,0.9,54500,psxdata,2026-05-11T12:54:41
AMTEX,2019-03-11,0.92,0.93,0.87,0.88,76000,psxdata,2026-05-11T12:54:41
AMTEX,2019-03-12,0.85,0.92,0.85,0.87,53000,psxdata,2026-05-11T12:54:41
AMTEX,2019-03-13,0.84,0.88,0.83,0.84,8500,psxdata,2026-05-11T12:54:41
AMTEX,2019-03-14,0.83,0.85,0.8,0.8,115500,psxdata,2026-05-11T12:54:41
AMTEX,2019-03-15,0.8,0.9,0.78,0.84,34000,psxdata,2026-05-11T12:54:41
AMTEX,2019-03-18,0.8,0.89,0.8,0.88,31500,psxdata,2026-05-11T12:54:41
AMTEX,2019-03-19,0.83,0.86,0.8,0.8,46500,psxdata,2026-05-11T12:54:41
AMTEX,2019-03-20,0.8,0.83,0.75,0.8,100500,psxdata,2026-05-11T12:54:41
AMTEX,2019-03-21,0.78,0.81,0.76,0.78,37500,psxdata,2026-05-11T12:54:41
AMTEX,2019-03-22,0.83,0.83,0.78,0.79,24000,psxdata,2026-05-11T12:54:41
AMTEX,2019-03-25,0.79,0.79,0.75,0.76,37000,psxdata,2026-05-11T12:54:41
AMTEX,2019-03-26,0.79,0.8,0.7,0.71,254000,psxdata,2026-05-11T12:54:41
AMTEX,2019-03-27,0.77,0.77,0.67,0.72,440000,psxdata,2026-05-11T12:54:41
AMTEX,2019-03-28,0.79,0.79,0.69,0.7,263000,psxdata,2026-05-11T12:54:41
AMTEX,2019-03-29,0.75,0.75,0.65,0.7,37000,psxdata,2026-05-11T12:54:41
AMTEX,2019-04-01,0.7,0.7,0.69,0.69,26000,psxdata,2026-05-11T12:54:41
AMTEX,2019-04-02,0.65,0.7,0.62,0.68,232000,psxdata,2026-05-11T12:54:41
AMTEX,2019-04-03,0.65,0.75,0.64,0.7,136500,psxdata,2026-05-11T12:54:41
AMTEX,2019-04-04,0.7,0.7,0.65,0.66,20500,psxdata,2026-05-11T12:54:41
AMTEX,2019-04-05,0.65,0.68,0.61,0.64,221500,psxdata,2026-05-11T12:54:41
AMTEX,2019-04-08,0.64,0.65,0.62,0.63,83500,psxdata,2026-05-11T12:54:41
AMTEX,2019-04-09,0.64,0.65,0.6,0.61,138500,psxdata,2026-05-11T12:54:41
AMTEX,2019-04-10,0.61,0.65,0.61,0.63,91000,psxdata,2026-05-11T12:54:41
AMTEX,2019-04-11,0.61,0.66,0.61,0.63,54500,psxdata,2026-05-11T12:54:41
AMTEX,2019-04-12,0.65,0.69,0.64,0.68,49000,psxdata,2026-05-11T12:54:41
AMTEX,2019-04-15,0.7,0.7,0.66,0.66,16500,psxdata,2026-05-11T12:54:41
AMTEX,2019-04-16,0.73,0.75,0.72,0.74,31000,psxdata,2026-05-11T12:54:41
AMTEX,2019-04-17,0.67,0.73,0.66,0.7,88500,psxdata,2026-05-11T12:54:41
AMTEX,2019-04-18,0.7,0.74,0.67,0.67,50500,psxdata,2026-05-11T12:54:41
AMTEX,2019-04-19,0.7,0.79,0.68,0.75,93500,psxdata,2026-05-11T12:54:41
AMTEX,2019-04-22,0.9,0.9,0.78,0.81,64000,psxdata,2026-05-11T12:54:41
AMTEX,2019-04-23,0.82,0.82,0.7,0.77,85500,psxdata,2026-05-11T12:54:41
AMTEX,2019-04-24,0.8,0.8,0.68,0.7,15000,psxdata,2026-05-11T12:54:41
AMTEX,2019-04-25,0.94,0.94,0.67,0.7,67500,psxdata,2026-05-11T12:54:41
AMTEX,2019-04-26,0.66,0.8,0.65,0.7,63000,psxdata,2026-05-11T12:54:41
AMTEX,2019-04-29,0.79,0.79,0.67,0.7,12500,psxdata,2026-05-11T12:54:41
AMTEX,2019-04-30,0.76,0.76,0.5,0.58,632000,psxdata,2026-05-11T12:54:41
AMTEX,2019-05-02,0.6,0.64,0.59,0.61,130500,psxdata,2026-05-11T12:54:41
AMTEX,2019-05-03,0.6,0.62,0.55,0.56,168000,psxdata,2026-05-11T12:54:41
AMTEX,2019-05-06,0.68,0.68,0.45,0.53,263000,psxdata,2026-05-11T12:54:41
AMTEX,2019-05-07,0.53,0.55,0.52,0.55,54000,psxdata,2026-05-11T12:54:41
AMTEX,2019-05-08,0.54,0.54,0.5,0.5,36000,psxdata,2026-05-11T12:54:41
AMTEX,2019-05-09,0.57,0.63,0.54,0.55,107500,psxdata,2026-05-11T12:54:41
AMTEX,2019-05-10,0.54,0.55,0.5,0.53,19500,psxdata,2026-05-11T12:54:41
AMTEX,2019-05-13,0.59,0.59,0.44,0.44,53500,psxdata,2026-05-11T12:54:41
AMTEX,2019-05-14,0.49,0.5,0.44,0.48,117500,psxdata,2026-05-11T12:54:41
AMTEX,2019-05-15,0.51,0.57,0.51,0.57,121000,psxdata,2026-05-11T12:54:41
AMTEX,2019-05-16,0.52,0.57,0.5,0.5,83500,psxdata,2026-05-11T12:54:41
AMTEX,2019-05-17,0.5,0.5,0.39,0.49,65000,psxdata,2026-05-11T12:54:41
AMTEX,2019-05-20,0.5,0.54,0.48,0.49,55000,psxdata,2026-05-11T12:54:41
AMTEX,2019-05-21,0.5,0.5,0.48,0.48,44000,psxdata,2026-05-11T12:54:41
AMTEX,2019-05-22,0.46,0.59,0.46,0.56,128500,psxdata,2026-05-11T12:54:41
AMTEX,2019-05-23,0.62,0.62,0.53,0.57,43000,psxdata,2026-05-11T12:54:41
AMTEX,2019-05-24,0.54,0.58,0.52,0.58,9000,psxdata,2026-05-11T12:54:41
AMTEX,2019-05-27,0.57,0.61,0.56,0.6,19000,psxdata,2026-05-11T12:54:41
AMTEX,2019-05-28,0.55,0.6,0.52,0.6,8000,psxdata,2026-05-11T12:54:41
AMTEX,2019-05-29,0.6,0.65,0.6,0.64,19500,psxdata,2026-05-11T12:54:41
AMTEX,2019-05-30,0.61,0.69,0.61,0.62,65000,psxdata,2026-05-11T12:54:41
AMTEX,2019-06-03,0.66,0.66,0.6,0.6,24500,psxdata,2026-05-11T12:54:41
AMTEX,2019-06-10,0.6,0.6,0.54,0.58,11000,psxdata,2026-05-11T12:54:41
AMTEX,2019-06-11,0.6,0.65,0.6,0.6,75000,psxdata,2026-05-11T12:54:41
AMTEX,2019-06-12,0.66,0.66,0.6,0.63,39000,psxdata,2026-05-11T12:54:41
AMTEX,2019-06-13,0.64,0.64,0.58,0.6,67500,psxdata,2026-05-11T12:54:41
AMTEX,2019-06-14,0.6,0.65,0.55,0.6,18500,psxdata,2026-05-11T12:54:41
AMTEX,2019-06-17,0.6,0.64,0.6,0.6,7500,psxdata,2026-05-11T12:54:41
AMTEX,2019-06-18,0.64,0.64,0.64,0.64,1500,psxdata,2026-05-11T12:54:41
AMTEX,2019-06-19,0.55,0.6,0.55,0.59,64000,psxdata,2026-05-11T12:54:41
AMTEX,2019-06-20,0.6,0.6,0.6,0.6,24000,psxdata,2026-05-11T12:54:41
AMTEX,2019-06-21,0.62,0.62,0.6,0.61,78500,psxdata,2026-05-11T12:54:41
AMTEX,2019-06-24,0.57,0.57,0.52,0.54,15500,psxdata,2026-05-11T12:54:41
AMTEX,2019-06-25,0.55,0.58,0.51,0.58,34500,psxdata,2026-05-11T12:54:41
AMTEX,2019-06-26,0.63,0.63,0.5,0.57,397000,psxdata,2026-05-11T12:54:41
AMTEX,2019-06-27,0.66,0.66,0.55,0.56,1500,psxdata,2026-05-11T12:54:41
AMTEX,2019-06-28,0.53,0.64,0.53,0.62,1500,psxdata,2026-05-11T12:54:41
AMTEX,2019-07-01,0.6,0.6,0.55,0.58,15000,psxdata,2026-05-11T12:54:41
AMTEX,2019-07-02,0.58,0.61,0.58,0.61,67500,psxdata,2026-05-11T12:54:41
AMTEX,2019-07-03,0.65,0.66,0.6,0.64,19500,psxdata,2026-05-11T12:54:41
AMTEX,2019-07-04,0.63,0.63,0.62,0.62,1000,psxdata,2026-05-11T12:54:41
AMTEX,2019-07-05,0.57,0.58,0.57,0.57,2500,psxdata,2026-05-11T12:54:41
AMTEX,2019-07-09,0.67,0.67,0.6,0.6,2000,psxdata,2026-05-11T12:54:41
AMTEX,2019-07-10,0.54,0.55,0.42,0.52,116000,psxdata,2026-05-11T12:54:41
AMTEX,2019-07-11,0.52,0.56,0.52,0.55,21000,psxdata,2026-05-11T12:54:41
AMTEX,2019-07-12,0.53,0.55,0.53,0.54,19500,psxdata,2026-05-11T12:54:41
AMTEX,2019-07-15,0.52,0.52,0.51,0.51,34500,psxdata,2026-05-11T12:54:41
AMTEX,2019-07-16,0.57,0.57,0.5,0.51,39500,psxdata,2026-05-11T12:54:41
AMTEX,2019-07-17,0.51,0.54,0.5,0.54,20000,psxdata,2026-05-11T12:54:41
AMTEX,2019-07-18,0.5,0.5,0.5,0.5,45000,psxdata,2026-05-11T12:54:41
AMTEX,2019-07-19,0.45,0.55,0.4,0.5,18000,psxdata,2026-05-11T12:54:41
AMTEX,2019-07-22,0.5,0.52,0.5,0.51,3000,psxdata,2026-05-11T12:54:41
AMTEX,2019-07-23,0.51,0.55,0.5,0.55,57500,psxdata,2026-05-11T12:54:41
AMTEX,2019-07-24,0.52,0.54,0.51,0.53,12500,psxdata,2026-05-11T12:54:41
AMTEX,2019-07-25,0.54,0.54,0.54,0.54,4000,psxdata,2026-05-11T12:54:41
AMTEX,2019-07-26,0.51,0.51,0.4,0.44,62500,psxdata,2026-05-11T12:54:41
AMTEX,2019-07-29,0.5,0.5,0.43,0.44,26500,psxdata,2026-05-11T12:54:41
AMTEX,2019-07-30,0.49,0.49,0.44,0.44,9000,psxdata,2026-05-11T12:54:41
AMTEX,2019-07-31,0.47,0.49,0.46,0.49,2500,psxdata,2026-05-11T12:54:41
AMTEX,2019-08-01,0.47,0.47,0.46,0.46,1500,psxdata,2026-05-11T12:54:41
AMTEX,2019-08-05,0.46,0.46,0.46,0.46,1500,psxdata,2026-05-11T12:54:41
AMTEX,2019-08-06,0.48,0.48,0.48,0.48,500,psxdata,2026-05-11T12:54:41
AMTEX,2019-08-07,0.48,0.48,0.45,0.45,7500,psxdata,2026-05-11T12:54:41
AMTEX,2019-08-08,0.42,0.5,0.32,0.39,42500,psxdata,2026-05-11T12:54:41
AMTEX,2019-08-09,0.4,0.5,0.38,0.43,20000,psxdata,2026-05-11T12:54:41
AMTEX,2019-08-16,0.44,0.47,0.36,0.39,66000,psxdata,2026-05-11T12:54:41
AMTEX,2019-08-19,0.41,0.41,0.41,0.41,25500,psxdata,2026-05-11T12:54:41
AMTEX,2019-08-20,0.49,0.49,0.45,0.45,3500,psxdata,2026-05-11T12:54:41
AMTEX,2019-08-21,0.41,0.41,0.41,0.41,5000,psxdata,2026-05-11T12:54:41
AMTEX,2019-08-22,0.45,0.52,0.45,0.5,24000,psxdata,2026-05-11T12:54:41
AMTEX,2019-08-23,0.56,0.56,0.5,0.5,70500,psxdata,2026-05-11T12:54:41
AMTEX,2019-08-26,0.48,0.53,0.47,0.53,14500,psxdata,2026-05-11T12:54:41
AMTEX,2019-08-28,0.6,0.6,0.48,0.49,122000,psxdata,2026-05-11T12:54:41
AMTEX,2019-08-29,0.55,0.6,0.51,0.56,58000,psxdata,2026-05-11T12:54:41
AMTEX,2019-08-30,0.46,0.61,0.46,0.55,23500,psxdata,2026-05-11T12:54:41
AMTEX,2019-09-02,0.56,0.56,0.51,0.51,18500,psxdata,2026-05-11T12:54:41
AMTEX,2019-09-03,0.51,0.52,0.51,0.52,14500,psxdata,2026-05-11T12:54:41
AMTEX,2019-09-04,0.57,0.57,0.57,0.57,28000,psxdata,2026-05-11T12:54:41
AMTEX,2019-09-05,0.52,0.55,0.52,0.55,20000,psxdata,2026-05-11T12:54:41
AMTEX,2019-09-06,0.55,0.55,0.55,0.55,5000,psxdata,2026-05-11T12:54:41
AMTEX,2019-09-12,0.5,0.64,0.5,0.59,304500,psxdata,2026-05-11T12:54:41
AMTEX,2019-09-13,0.54,0.65,0.54,0.59,32500,psxdata,2026-05-11T12:54:41
AMTEX,2019-09-16,0.6,0.6,0.57,0.57,160500,psxdata,2026-05-11T12:54:41
AMTEX,2019-09-17,0.57,0.64,0.57,0.59,60500,psxdata,2026-05-11T12:54:41
AMTEX,2019-09-18,0.64,0.64,0.54,0.6,108500,psxdata,2026-05-11T12:54:41
AMTEX,2019-09-19,0.6,0.6,0.57,0.59,12500,psxdata,2026-05-11T12:54:41
AMTEX,2019-09-20,0.6,0.69,0.56,0.6,16500,psxdata,2026-05-11T12:54:41
AMTEX,2019-09-23,0.64,0.64,0.52,0.54,36000,psxdata,2026-05-11T12:54:41
AMTEX,2019-09-24,0.55,0.56,0.54,0.56,7500,psxdata,2026-05-11T12:54:41
AMTEX,2019-09-25,0.54,0.54,0.5,0.51,17000,psxdata,2026-05-11T12:54:41
AMTEX,2019-09-26,0.62,0.62,0.56,0.58,6500,psxdata,2026-05-11T12:54:41
AMTEX,2019-09-27,0.55,0.6,0.55,0.56,3000,psxdata,2026-05-11T12:54:41
AMTEX,2019-09-30,0.6,0.6,0.51,0.55,40000,psxdata,2026-05-11T12:54:41
AMTEX,2019-10-01,0.52,0.63,0.52,0.61,52000,psxdata,2026-05-11T12:54:41
AMTEX,2019-10-02,0.55,0.62,0.55,0.61,38000,psxdata,2026-05-11T12:54:41
AMTEX,2019-10-03,0.58,0.72,0.57,0.69,273000,psxdata,2026-05-11T12:54:41
AMTEX,2019-10-04,0.7,0.77,0.67,0.7,464500,psxdata,2026-05-11T12:54:41
AMTEX,2019-10-07,0.75,1.37,0.71,1.14,2788000,psxdata,2026-05-11T12:54:41
AMTEX,2019-10-08,1.12,1.25,1.0,1.0,760500,psxdata,2026-05-11T12:54:41
AMTEX,2019-10-09,1.01,1.05,1.0,1.01,357000,psxdata,2026-05-11T12:54:41
AMTEX,2019-10-10,1.05,1.07,0.94,0.97,282000,psxdata,2026-05-11T12:54:41
AMTEX,2019-10-11,1.01,1.01,0.81,0.92,159000,psxdata,2026-05-11T12:54:41
AMTEX,2019-10-14,0.85,0.89,0.83,0.88,10000,psxdata,2026-05-11T12:54:41
AMTEX,2019-10-15,0.79,0.85,0.75,0.84,116000,psxdata,2026-05-11T12:54:41
AMTEX,2019-10-16,0.85,0.89,0.84,0.85,34000,psxdata,2026-05-11T12:54:41
AMTEX,2019-10-17,0.87,0.89,0.82,0.88,15500,psxdata,2026-05-11T12:54:41
AMTEX,2019-10-18,0.9,0.93,0.87,0.88,75000,psxdata,2026-05-11T12:54:41
AMTEX,2019-10-21,0.75,0.85,0.75,0.76,67500,psxdata,2026-05-11T12:54:41
AMTEX,2019-10-22,0.76,0.77,0.72,0.74,131500,psxdata,2026-05-11T12:54:41
AMTEX,2019-10-23,0.75,0.84,0.71,0.73,503500,psxdata,2026-05-11T12:54:41
AMTEX,2019-10-24,0.72,0.84,0.71,0.8,181500,psxdata,2026-05-11T12:54:41
AMTEX,2019-10-25,0.85,0.85,0.7,0.73,154000,psxdata,2026-05-11T12:54:41
AMTEX,2019-10-28,0.8,0.8,0.75,0.8,20000,psxdata,2026-05-11T12:54:41
AMTEX,2019-10-29,0.75,0.75,0.61,0.73,237000,psxdata,2026-05-11T12:54:41
AMTEX,2019-10-30,0.69,0.73,0.65,0.66,155000,psxdata,2026-05-11T12:54:41
AMTEX,2019-10-31,0.76,0.9,0.71,0.71,18500,psxdata,2026-05-11T12:54:41
AMTEX,2019-11-01,0.8,0.8,0.7,0.74,58000,psxdata,2026-05-11T12:54:41
AMTEX,2019-11-04,0.75,0.8,0.7,0.71,56500,psxdata,2026-05-11T12:54:41
AMTEX,2019-11-05,0.71,0.85,0.7,0.74,460500,psxdata,2026-05-11T12:54:41
AMTEX,2019-11-06,0.82,0.82,0.72,0.75,204000,psxdata,2026-05-11T12:54:41
AMTEX,2019-11-07,0.77,0.79,0.74,0.75,130000,psxdata,2026-05-11T12:54:41
AMTEX,2019-11-08,0.8,0.9,0.79,0.84,333500,psxdata,2026-05-11T12:54:41
AMTEX,2019-11-11,0.98,1.05,0.89,0.98,815500,psxdata,2026-05-11T12:54:41
AMTEX,2019-11-12,0.89,1.04,0.88,0.98,130500,psxdata,2026-05-11T12:54:41
AMTEX,2019-11-13,0.9,0.99,0.9,0.97,53500,psxdata,2026-05-11T12:54:41
AMTEX,2019-11-14,0.91,1.0,0.9,0.96,166000,psxdata,2026-05-11T12:54:41
AMTEX,2019-11-15,0.87,0.99,0.86,0.97,42500,psxdata,2026-05-11T12:54:41
AMTEX,2019-11-18,0.99,1.03,0.95,0.95,93500,psxdata,2026-05-11T12:54:41
AMTEX,2019-11-19,0.95,1.05,0.95,0.97,557000,psxdata,2026-05-11T12:54:41
AMTEX,2019-11-20,1.09,1.09,0.92,0.98,1437000,psxdata,2026-05-11T12:54:41
AMTEX,2019-11-21,1.01,1.01,0.96,0.98,91500,psxdata,2026-05-11T12:54:41
AMTEX,2019-11-22,0.91,1.03,0.91,0.98,368000,psxdata,2026-05-11T12:54:41
AMTEX,2019-11-25,0.96,1.05,0.94,1.0,81000,psxdata,2026-05-11T12:54:41
AMTEX,2019-11-26,1.0,1.0,0.87,0.88,122000,psxdata,2026-05-11T12:54:41
AMTEX,2019-11-27,1.08,1.09,0.81,0.83,326000,psxdata,2026-05-11T12:54:41
AMTEX,2019-11-28,0.86,1.0,0.85,0.88,179000,psxdata,2026-05-11T12:54:41
AMTEX,2019-11-29,1.0,1.01,0.91,0.94,265000,psxdata,2026-05-11T12:54:41
AMTEX,2019-12-02,0.98,1.0,0.93,0.97,150500,psxdata,2026-05-11T12:54:41
AMTEX,2019-12-03,1.04,1.09,0.95,1.01,180500,psxdata,2026-05-11T12:54:41
AMTEX,2019-12-04,0.95,1.06,0.95,1.0,109500,psxdata,2026-05-11T12:54:41
AMTEX,2019-12-05,1.08,1.08,0.95,0.97,72000,psxdata,2026-05-11T12:54:41
AMTEX,2019-12-06,1.0,1.04,0.91,0.97,366500,psxdata,2026-05-11T12:54:41
AMTEX,2019-12-09,1.0,1.0,0.95,0.97,62000,psxdata,2026-05-11T12:54:41
AMTEX,2019-12-10,1.0,1.0,0.93,0.95,49000,psxdata,2026-05-11T12:54:41
AMTEX,2019-12-11,0.93,0.95,0.86,0.9,230500,psxdata,2026-05-11T12:54:41
AMTEX,2019-12-12,0.9,0.92,0.87,0.91,40000,psxdata,2026-05-11T12:54:41
AMTEX,2019-12-13,0.85,1.05,0.85,0.91,384000,psxdata,2026-05-11T12:54:41
AMTEX,2019-12-16,0.99,1.0,0.9,0.93,261500,psxdata,2026-05-11T12:54:41
AMTEX,2019-12-17,1.0,1.0,0.92,0.92,68000,psxdata,2026-05-11T12:54:41
AMTEX,2019-12-18,0.9,0.96,0.9,0.9,66500,psxdata,2026-05-11T12:54:41
AMTEX,2019-12-19,0.9,0.95,0.83,0.88,84000,psxdata,2026-05-11T12:54:41
AMTEX,2019-12-20,0.84,0.9,0.84,0.89,35000,psxdata,2026-05-11T12:54:41
AMTEX,2019-12-23,0.9,0.9,0.81,0.83,13500,psxdata,2026-05-11T12:54:41
AMTEX,2019-12-24,0.81,0.86,0.8,0.84,47000,psxdata,2026-05-11T12:54:41
AMTEX,2019-12-26,0.8,0.89,0.8,0.85,88500,psxdata,2026-05-11T12:54:41
AMTEX,2019-12-27,0.85,0.9,0.85,0.86,39500,psxdata,2026-05-11T12:54:41
AMTEX,2019-12-30,0.89,0.99,0.89,0.9,34500,psxdata,2026-05-11T12:54:41
AMTEX,2019-12-31,0.89,0.89,0.82,0.82,107500,psxdata,2026-05-11T12:54:41
AMTEX,2020-01-01,0.94,0.94,0.86,0.93,12000,psxdata,2026-05-11T12:54:41
AMTEX,2020-01-02,0.94,0.95,0.9,0.95,71000,psxdata,2026-05-11T12:54:41
AMTEX,2020-01-03,0.97,0.98,0.9,0.97,149000,psxdata,2026-05-11T12:54:41
AMTEX,2020-01-06,0.94,0.94,0.85,0.85,100000,psxdata,2026-05-11T12:54:41
AMTEX,2020-01-07,0.9,0.97,0.82,0.9,38000,psxdata,2026-05-11T12:54:41
AMTEX,2020-01-08,0.98,0.98,0.87,0.9,12500,psxdata,2026-05-11T12:54:41
AMTEX,2020-01-09,0.96,1.0,0.9,0.95,167500,psxdata,2026-05-11T12:54:41
AMTEX,2020-01-10,0.94,0.99,0.9,0.9,28000,psxdata,2026-05-11T12:54:41
AMTEX,2020-01-13,0.99,0.99,0.9,0.9,360500,psxdata,2026-05-11T12:54:41
AMTEX,2020-01-14,0.97,0.97,0.9,0.93,216000,psxdata,2026-05-11T12:54:41
AMTEX,2020-01-15,0.99,1.02,0.92,0.95,387500,psxdata,2026-05-11T12:54:41
AMTEX,2020-01-16,1.06,1.06,0.94,0.96,124500,psxdata,2026-05-11T12:54:41
AMTEX,2020-01-17,1.0,1.0,0.95,0.96,16500,psxdata,2026-05-11T12:54:41
AMTEX,2020-01-20,0.99,0.99,0.91,0.98,18500,psxdata,2026-05-11T12:54:41
AMTEX,2020-01-21,0.99,0.99,0.94,0.95,17500,psxdata,2026-05-11T12:54:41
AMTEX,2020-01-22,0.91,0.98,0.9,0.9,69000,psxdata,2026-05-11T12:54:41
AMTEX,2020-01-23,0.91,0.95,0.9,0.93,145000,psxdata,2026-05-11T12:54:41
AMTEX,2020-01-24,0.94,0.94,0.87,0.94,3000,psxdata,2026-05-11T12:54:41
AMTEX,2020-01-27,0.9,0.91,0.9,0.9,39000,psxdata,2026-05-11T12:54:41
AMTEX,2020-01-28,0.86,0.92,0.86,0.9,55500,psxdata,2026-05-11T12:54:41
AMTEX,2020-01-29,0.87,0.9,0.87,0.89,102500,psxdata,2026-05-11T12:54:41
AMTEX,2020-01-30,0.9,0.9,0.88,0.88,12000,psxdata,2026-05-11T12:54:41
AMTEX,2020-01-31,0.96,0.96,0.88,0.9,52000,psxdata,2026-05-11T12:54:41
AMTEX,2020-02-03,0.86,0.87,0.86,0.86,104000,psxdata,2026-05-11T12:54:41
AMTEX,2020-02-04,0.88,0.95,0.88,0.94,3500,psxdata,2026-05-11T12:54:41
AMTEX,2020-02-06,0.88,0.9,0.87,0.89,16000,psxdata,2026-05-11T12:54:41
AMTEX,2020-02-07,0.85,0.85,0.82,0.82,92500,psxdata,2026-05-11T12:54:41
AMTEX,2020-02-10,0.82,0.84,0.76,0.8,42500,psxdata,2026-05-11T12:54:41
AMTEX,2020-02-11,0.82,0.85,0.71,0.82,229000,psxdata,2026-05-11T12:54:41
AMTEX,2020-02-12,0.95,0.95,0.79,0.81,142000,psxdata,2026-05-11T12:54:41
AMTEX,2020-02-13,0.81,0.81,0.8,0.8,6500,psxdata,2026-05-11T12:54:41
AMTEX,2020-02-14,0.8,0.8,0.8,0.8,500,psxdata,2026-05-11T12:54:41
AMTEX,2020-02-17,0.78,0.78,0.78,0.78,2000,psxdata,2026-05-11T12:54:41
AMTEX,2020-02-18,0.76,0.78,0.76,0.78,2500,psxdata,2026-05-11T12:54:41
AMTEX,2020-02-19,0.79,0.8,0.78,0.78,11000,psxdata,2026-05-11T12:54:41
AMTEX,2020-02-20,0.83,0.83,0.8,0.8,8000,psxdata,2026-05-11T12:54:41
AMTEX,2020-02-21,0.9,0.9,0.86,0.88,201500,psxdata,2026-05-11T12:54:41
AMTEX,2020-02-24,0.8,0.84,0.8,0.84,11000,psxdata,2026-05-11T12:54:41
AMTEX,2020-02-25,0.76,0.79,0.73,0.75,97000,psxdata,2026-05-11T12:54:41
AMTEX,2020-02-26,0.72,0.75,0.7,0.72,21000,psxdata,2026-05-11T12:54:41
AMTEX,2020-02-27,0.7,0.79,0.6,0.78,91000,psxdata,2026-05-11T12:54:41
AMTEX,2020-02-28,0.78,0.86,0.7,0.76,23500,psxdata,2026-05-11T12:54:41
AMTEX,2020-03-02,0.78,0.82,0.69,0.74,69000,psxdata,2026-05-11T12:54:41
AMTEX,2020-03-03,0.75,0.82,0.66,0.69,225500,psxdata,2026-05-11T12:54:41
AMTEX,2020-03-04,0.65,0.7,0.53,0.56,764500,psxdata,2026-05-11T12:54:41
AMTEX,2024-06-03,1.56,1.56,1.56,1.56,2771014,psxdata,2026-05-11T12:54:41
AMTEX,2024-06-04,2.56,2.56,2.01,2.56,11403366,psxdata,2026-05-11T12:54:41
AMTEX,2024-06-05,2.84,3.56,2.78,3.56,23587783,psxdata,2026-05-11T12:54:41
AMTEX,2024-06-06,4.19,4.56,4.01,4.56,9552983,psxdata,2026-05-11T12:54:41
AMTEX,2024-06-07,5.5,5.56,5.01,5.56,5339210,psxdata,2026-05-11T12:54:41
AMTEX,2024-06-10,6.35,6.56,4.56,4.56,33746280,psxdata,2026-05-11T12:54:41
AMTEX,2024-06-11,4.56,4.65,3.56,3.58,20549793,psxdata,2026-05-11T12:54:41
AMTEX,2024-06-12,3.65,4.2,3.2,3.56,5822232,psxdata,2026-05-11T12:54:41
AMTEX,2024-06-13,3.8,3.8,3.41,3.48,3273516,psxdata,2026-05-11T12:54:41
AMTEX,2024-06-14,3.5,3.55,2.7,2.91,6045400,psxdata,2026-05-11T12:54:41
AMTEX,2024-06-20,2.84,3.79,2.84,3.47,11555028,psxdata,2026-05-11T12:54:41
AMTEX,2024-06-21,3.47,3.5,2.97,3.12,4185354,psxdata,2026-05-11T12:54:41
AMTEX,2024-06-24,3.29,3.49,3.02,3.24,3142109,psxdata,2026-05-11T12:54:41
AMTEX,2024-06-25,3.23,3.4,3.0,3.05,2031564,psxdata,2026-05-11T12:54:41
AMTEX,2024-06-26,3.1,3.25,3.0,3.02,1346508,psxdata,2026-05-11T12:54:41
AMTEX,2024-06-27,3.19,3.19,2.95,3.12,1312265,psxdata,2026-05-11T12:54:41
AMTEX,2024-06-28,3.18,3.48,3.1,3.16,3513327,psxdata,2026-05-11T12:54:41
AMTEX,2024-07-01,3.25,3.29,3.0,3.04,1510277,psxdata,2026-05-11T12:54:41
AMTEX,2024-07-02,3.02,3.33,2.99,3.22,3882875,psxdata,2026-05-11T12:54:41
AMTEX,2024-07-03,3.24,3.3,3.06,3.09,2985512,psxdata,2026-05-11T12:54:41
AMTEX,2024-07-04,3.1,3.17,3.01,3.03,2033259,psxdata,2026-05-11T12:54:41
AMTEX,2024-07-05,3.06,3.12,3.0,3.03,1534299,psxdata,2026-05-11T12:54:41
AMTEX,2024-07-08,3.04,3.09,2.96,2.99,829044,psxdata,2026-05-11T12:54:41
AMTEX,2024-07-09,3.0,3.05,2.9,2.91,1746658,psxdata,2026-05-11T12:54:41
AMTEX,2024-07-10,2.93,2.94,2.77,2.79,1404699,psxdata,2026-05-11T12:54:41
AMTEX,2024-07-11,2.76,2.78,2.65,2.67,857038,psxdata,2026-05-11T12:54:41
AMTEX,2024-07-12,2.72,2.72,2.02,2.53,1282165,psxdata,2026-05-11T12:54:41
AMTEX,2024-07-15,2.06,2.8,2.06,2.42,2445053,psxdata,2026-05-11T12:54:41
AMTEX,2024-07-18,2.51,2.67,2.37,2.42,622260,psxdata,2026-05-11T12:54:41
AMTEX,2024-07-19,2.56,2.56,2.31,2.4,802578,psxdata,2026-05-11T12:54:41
AMTEX,2024-07-22,2.33,2.45,2.21,2.32,202001,psxdata,2026-05-11T12:54:41
AMTEX,2024-07-23,2.4,2.77,2.31,2.46,1902538,psxdata,2026-05-11T12:54:41
AMTEX,2024-07-24,2.59,2.59,2.4,2.45,324629,psxdata,2026-05-11T12:54:41
AMTEX,2024-07-25,2.5,2.58,2.3,2.36,1332891,psxdata,2026-05-11T12:54:41
AMTEX,2024-07-26,2.45,2.45,2.29,2.31,482440,psxdata,2026-05-11T12:54:41
AMTEX,2024-07-29,2.32,3.1,2.21,2.8,5383147,psxdata,2026-05-11T12:54:41
AMTEX,2024-07-30,3.0,3.0,2.59,2.77,2830504,psxdata,2026-05-11T12:54:41
AMTEX,2024-07-31,2.86,2.92,2.66,2.7,1879042,psxdata,2026-05-11T12:54:41
AMTEX,2024-08-01,2.65,2.79,2.51,2.53,529718,psxdata,2026-05-11T12:54:41
AMTEX,2024-08-02,2.65,2.71,2.54,2.58,777615,psxdata,2026-05-11T12:54:41
AMTEX,2024-08-05,2.52,2.91,2.51,2.71,2580402,psxdata,2026-05-11T12:54:41
AMTEX,2024-08-06,2.85,2.98,2.6,2.73,6712025,psxdata,2026-05-11T12:54:41
AMTEX,2024-08-07,2.67,3.05,2.63,2.91,4899690,psxdata,2026-05-11T12:54:41
AMTEX,2024-08-08,2.99,3.08,2.8,2.85,1942073,psxdata,2026-05-11T12:54:41
AMTEX,2024-08-09,2.78,2.9,2.76,2.82,679429,psxdata,2026-05-11T12:54:41
AMTEX,2024-08-12,2.9,3.31,2.85,3.14,10145039,psxdata,2026-05-11T12:54:41
AMTEX,2024-08-13,3.34,3.75,3.08,3.47,16849320,psxdata,2026-05-11T12:54:41
AMTEX,2024-08-15,3.6,3.74,3.32,3.56,5478955,psxdata,2026-05-11T12:54:41
AMTEX,2024-08-16,3.47,3.64,3.16,3.23,3435570,psxdata,2026-05-11T12:54:41
AMTEX,2024-08-19,3.24,3.3,2.83,2.87,2150228,psxdata,2026-05-11T12:54:41
AMTEX,2024-08-20,2.97,2.97,2.7,2.89,1243622,psxdata,2026-05-11T12:54:41
AMTEX,2024-08-21,3.07,3.2,2.9,3.06,1792060,psxdata,2026-05-11T12:54:41
AMTEX,2024-08-22,3.18,3.5,3.03,3.23,5895442,psxdata,2026-05-11T12:54:41
AMTEX,2024-08-23,3.25,3.39,3.17,3.19,1822854,psxdata,2026-05-11T12:54:41
AMTEX,2024-08-26,3.31,3.31,3.06,3.08,1041068,psxdata,2026-05-11T12:54:41
AMTEX,2024-08-27,3.12,3.2,3.03,3.06,1112199,psxdata,2026-05-11T12:54:41
AMTEX,2024-08-28,3.02,3.19,2.97,3.02,1351115,psxdata,2026-05-11T12:54:41
AMTEX,2024-08-29,3.02,3.37,3.0,3.13,4460767,psxdata,2026-05-11T12:54:41
AMTEX,2024-08-30,3.13,3.95,3.13,3.51,15597430,psxdata,2026-05-11T12:54:41
AMTEX,2024-09-02,3.7,3.7,3.2,3.26,5265098,psxdata,2026-05-11T12:54:41
AMTEX,2024-09-03,3.31,3.48,3.25,3.38,2195037,psxdata,2026-05-11T12:54:41
AMTEX,2024-09-04,3.44,4.38,3.44,4.38,27018078,psxdata,2026-05-11T12:54:41
AMTEX,2024-09-05,4.78,4.8,3.85,4.1,21709832,psxdata,2026-05-11T12:54:41
AMTEX,2024-09-06,4.15,4.3,3.85,3.92,8242944,psxdata,2026-05-11T12:54:41
AMTEX,2024-09-09,4.05,4.05,3.6,3.72,2120108,psxdata,2026-05-11T12:54:41
AMTEX,2024-09-10,3.9,3.94,3.75,3.77,1372102,psxdata,2026-05-11T12:54:41
AMTEX,2024-09-11,3.89,3.93,3.71,3.74,631195,psxdata,2026-05-11T12:54:41
AMTEX,2024-09-12,3.8,4.06,3.73,3.8,5988142,psxdata,2026-05-11T12:54:41
AMTEX,2024-09-13,4.1,4.1,3.71,3.79,3617085,psxdata,2026-05-11T12:54:41
AMTEX,2024-09-16,3.89,3.94,3.4,3.49,4836641,psxdata,2026-05-11T12:54:41
AMTEX,2024-09-18,3.55,3.6,3.32,3.4,2377096,psxdata,2026-05-11T12:54:41
AMTEX,2024-09-19,3.35,3.55,3.35,3.46,1177041,psxdata,2026-05-11T12:54:41
AMTEX,2024-09-20,3.55,3.65,3.32,3.38,488959,psxdata,2026-05-11T12:54:41
AMTEX,2024-09-23,3.41,3.72,3.38,3.67,1623910,psxdata,2026-05-11T12:54:41
AMTEX,2024-09-24,3.67,3.97,3.67,3.76,4840698,psxdata,2026-05-11T12:54:41
AMTEX,2024-09-25,3.8,3.89,3.6,3.64,2964157,psxdata,2026-05-11T12:54:41
AMTEX,2024-09-26,3.77,3.84,3.42,3.47,2717766,psxdata,2026-05-11T12:54:41
AMTEX,2024-09-27,3.42,3.58,3.35,3.39,1107874,psxdata,2026-05-11T12:54:41
AMTEX,2024-09-30,3.42,3.49,3.0,3.18,741324,psxdata,2026-05-11T12:54:41
AMTEX,2024-10-01,3.17,3.29,3.15,3.21,396905,psxdata,2026-05-11T12:54:41
AMTEX,2024-10-02,3.21,3.4,3.16,3.24,995029,psxdata,2026-05-11T12:54:41
AMTEX,2024-10-03,3.29,3.35,3.16,3.19,492409,psxdata,2026-05-11T12:54:41
AMTEX,2024-10-04,3.28,3.28,3.18,3.21,657004,psxdata,2026-05-11T12:54:41
AMTEX,2024-10-07,3.3,3.35,3.19,3.25,556172,psxdata,2026-05-11T12:54:41
AMTEX,2024-10-08,3.28,3.34,3.18,3.2,215506,psxdata,2026-05-11T12:54:41
AMTEX,2024-10-09,3.25,3.3,3.07,3.11,934325,psxdata,2026-05-11T12:54:41
AMTEX,2024-10-10,3.24,3.24,3.07,3.08,432291,psxdata,2026-05-11T12:54:41
AMTEX,2024-10-11,3.17,3.17,2.9,2.92,1016987,psxdata,2026-05-11T12:54:41
AMTEX,2024-10-14,3.09,3.09,2.8,2.88,196395,psxdata,2026-05-11T12:54:41
AMTEX,2024-10-15,3.04,3.04,2.9,2.99,326398,psxdata,2026-05-11T12:54:41
AMTEX,2024-10-16,3.05,3.08,2.96,3.02,223133,psxdata,2026-05-11T12:54:41
AMTEX,2024-10-17,3.03,3.11,2.92,3.0,454620,psxdata,2026-05-11T12:54:41
AMTEX,2024-10-18,2.92,3.09,2.92,2.96,33157,psxdata,2026-05-11T12:54:41
AMTEX,2024-10-21,3.05,3.09,2.94,3.04,236215,psxdata,2026-05-11T12:54:41
AMTEX,2024-10-22,3.01,3.13,3.01,3.04,322521,psxdata,2026-05-11T12:54:41
AMTEX,2024-10-23,3.08,3.12,3.0,3.04,202042,psxdata,2026-05-11T12:54:41
AMTEX,2024-10-24,3.07,3.1,2.97,3.03,630618,psxdata,2026-05-11T12:54:41
AMTEX,2024-10-25,2.98,3.1,2.92,2.99,750601,psxdata,2026-05-11T12:54:41
AMTEX,2024-10-28,2.71,3.3,2.71,3.11,1890313,psxdata,2026-05-11T12:54:41
AMTEX,2024-10-29,3.15,3.2,3.0,3.0,243922,psxdata,2026-05-11T12:54:41
AMTEX,2024-10-30,3.08,3.08,2.95,2.97,129631,psxdata,2026-05-11T12:54:41
AMTEX,2024-10-31,3.0,3.0,2.82,2.86,563349,psxdata,2026-05-11T12:54:41
AMTEX,2024-11-01,2.99,2.99,2.79,2.85,205168,psxdata,2026-05-11T12:54:41
AMTEX,2024-11-04,2.85,3.34,2.7,2.91,1133159,psxdata,2026-05-11T12:54:41
AMTEX,2024-11-05,2.95,3.09,2.86,2.99,941635,psxdata,2026-05-11T12:54:41
AMTEX,2024-11-06,2.93,3.0,2.87,2.9,743102,psxdata,2026-05-11T12:54:41
AMTEX,2024-11-07,2.9,3.24,2.9,3.07,3511436,psxdata,2026-05-11T12:54:41
AMTEX,2024-11-08,3.0,3.23,3.0,3.15,2717388,psxdata,2026-05-11T12:54:41
AMTEX,2024-11-11,3.18,3.25,3.08,3.11,1152210,psxdata,2026-05-11T12:54:41
AMTEX,2024-11-12,3.14,3.15,3.05,3.07,635423,psxdata,2026-05-11T12:54:41
AMTEX,2024-11-13,3.15,3.21,3.07,3.11,605873,psxdata,2026-05-11T12:54:41
AMTEX,2024-11-14,3.17,3.28,3.1,3.2,1570834,psxdata,2026-05-11T12:54:41
AMTEX,2024-11-15,3.28,3.3,3.12,3.15,951147,psxdata,2026-05-11T12:54:41
AMTEX,2024-11-18,3.19,3.37,3.07,3.22,1633203,psxdata,2026-05-11T12:54:41
AMTEX,2024-11-19,3.3,3.35,3.19,3.24,1267241,psxdata,2026-05-11T12:54:41
AMTEX,2024-11-20,3.33,3.33,3.14,3.22,1686041,psxdata,2026-05-11T12:54:41
AMTEX,2024-11-21,3.3,3.6,3.2,3.29,3832233,psxdata,2026-05-11T12:54:41
AMTEX,2024-11-22,3.35,3.42,2.99,3.02,1818812,psxdata,2026-05-11T12:54:41
AMTEX,2024-11-25,3.07,3.19,3.05,3.09,807747,psxdata,2026-05-11T12:54:41
AMTEX,2024-11-26,3.14,3.16,2.95,2.97,1234174,psxdata,2026-05-11T12:54:41
AMTEX,2024-11-27,2.96,3.15,2.96,3.12,387715,psxdata,2026-05-11T12:54:41
AMTEX,2024-11-28,3.16,3.22,3.1,3.13,709577,psxdata,2026-05-11T12:54:41
AMTEX,2024-11-29,3.14,3.24,3.1,3.17,211182,psxdata,2026-05-11T12:54:41
AMTEX,2024-12-02,3.25,3.35,3.0,3.28,1299284,psxdata,2026-05-11T12:54:41
AMTEX,2024-12-03,3.3,3.42,3.26,3.34,1511035,psxdata,2026-05-11T12:54:41
AMTEX,2024-12-04,3.39,3.4,3.2,3.31,795159,psxdata,2026-05-11T12:54:41
AMTEX,2024-12-05,3.4,3.5,3.26,3.41,2380720,psxdata,2026-05-11T12:54:41
AMTEX,2024-12-06,3.52,3.58,3.4,3.47,1086486,psxdata,2026-05-11T12:54:41
AMTEX,2024-12-09,3.31,3.5,3.26,3.44,726827,psxdata,2026-05-11T12:54:41
AMTEX,2024-12-10,3.4,3.65,3.21,3.39,1474027,psxdata,2026-05-11T12:54:41
AMTEX,2024-12-11,3.46,3.46,3.28,3.31,1041487,psxdata,2026-05-11T12:54:41
AMTEX,2024-12-12,3.44,3.46,3.32,3.4,473003,psxdata,2026-05-11T12:54:41
AMTEX,2024-12-13,3.48,3.5,3.31,3.33,690080,psxdata,2026-05-11T12:54:41
AMTEX,2024-12-16,3.48,3.48,3.2,3.34,1056673,psxdata,2026-05-11T12:54:41
AMTEX,2024-12-17,3.24,3.39,3.24,3.26,619935,psxdata,2026-05-11T12:54:41
AMTEX,2024-12-18,3.25,3.33,3.17,3.19,405200,psxdata,2026-05-11T12:54:41
AMTEX,2024-12-19,3.2,3.26,2.9,2.98,893369,psxdata,2026-05-11T12:54:41
AMTEX,2024-12-20,3.2,3.24,2.98,3.05,348055,psxdata,2026-05-11T12:54:41
AMTEX,2024-12-23,3.16,3.22,3.0,3.05,685675,psxdata,2026-05-11T12:54:41
AMTEX,2024-12-24,3.22,3.28,3.05,3.25,674259,psxdata,2026-05-11T12:54:41
AMTEX,2024-12-26,3.23,3.3,3.14,3.24,94657,psxdata,2026-05-11T12:54:41
AMTEX,2024-12-27,3.26,3.35,3.25,3.3,548683,psxdata,2026-05-11T12:54:41
AMTEX,2024-12-30,3.32,3.43,3.24,3.34,377768,psxdata,2026-05-11T12:54:41
AMTEX,2024-12-31,3.25,3.75,3.22,3.6,3977178,psxdata,2026-05-11T12:54:41
AMTEX,2025-01-01,3.69,3.69,3.4,3.52,922715,psxdata,2026-05-11T12:54:41
AMTEX,2025-01-02,3.57,3.59,3.1,3.42,1264220,psxdata,2026-05-11T12:54:41
AMTEX,2025-01-03,3.6,3.6,3.3,3.35,190669,psxdata,2026-05-11T12:54:41
AMTEX,2025-01-06,3.36,3.49,3.25,3.27,318324,psxdata,2026-05-11T12:54:41
AMTEX,2025-01-07,3.21,3.48,3.19,3.38,483384,psxdata,2026-05-11T12:54:41
AMTEX,2025-01-08,3.39,3.4,3.2,3.36,43512,psxdata,2026-05-11T12:54:41
AMTEX,2025-01-09,3.36,3.36,3.06,3.11,326907,psxdata,2026-05-11T12:54:41
AMTEX,2025-01-10,3.11,3.29,3.1,3.19,109326,psxdata,2026-05-11T12:54:41
AMTEX,2025-01-13,3.07,3.35,3.07,3.27,28914,psxdata,2026-05-11T12:54:41
AMTEX,2025-01-14,3.17,3.28,3.15,3.21,76015,psxdata,2026-05-11T12:54:41
AMTEX,2025-01-15,3.35,3.35,3.13,3.17,52776,psxdata,2026-05-11T12:54:41
AMTEX,2025-01-16,3.01,3.3,2.81,3.13,440797,psxdata,2026-05-11T12:54:41
AMTEX,2025-01-17,3.22,3.3,3.1,3.12,50092,psxdata,2026-05-11T12:54:41
AMTEX,2025-01-20,3.15,3.22,2.99,3.15,962488,psxdata,2026-05-11T12:54:41
AMTEX,2025-01-21,3.14,3.18,3.02,3.15,205337,psxdata,2026-05-11T12:54:41
AMTEX,2025-01-22,3.2,3.2,3.0,3.01,512007,psxdata,2026-05-11T12:54:41
AMTEX,2025-01-23,3.1,3.1,3.01,3.02,477014,psxdata,2026-05-11T12:54:41
AMTEX,2025-01-24,3.02,3.09,3.02,3.02,72639,psxdata,2026-05-11T12:54:41
AMTEX,2025-01-27,3.13,3.14,3.07,3.08,71796,psxdata,2026-05-11T12:54:41
AMTEX,2025-01-28,3.05,3.09,2.9,3.01,39962,psxdata,2026-05-11T12:54:41
AMTEX,2025-01-29,3.08,3.13,2.94,3.01,114674,psxdata,2026-05-11T12:54:41
AMTEX,2025-01-30,3.05,3.09,3.0,3.06,98213,psxdata,2026-05-11T12:54:41
AMTEX,2025-01-31,3.13,3.15,2.96,3.01,299302,psxdata,2026-05-11T12:54:41
AMTEX,2025-02-03,3.09,3.09,2.95,3.04,127411,psxdata,2026-05-11T12:54:41
AMTEX,2025-02-04,3.0,3.09,3.0,3.05,226287,psxdata,2026-05-11T12:54:41
AMTEX,2025-02-06,3.0,3.09,2.81,3.02,120020,psxdata,2026-05-11T12:54:41
AMTEX,2025-02-07,3.0,3.07,2.92,3.0,114052,psxdata,2026-05-11T12:54:41
AMTEX,2025-02-10,3.01,3.07,2.9,3.0,365634,psxdata,2026-05-11T12:54:41
AMTEX,2025-02-11,3.0,3.08,2.91,2.97,220476,psxdata,2026-05-11T12:54:41
AMTEX,2025-02-12,3.08,3.08,2.9,2.91,140326,psxdata,2026-05-11T12:54:41
AMTEX,2025-02-13,2.92,3.05,2.92,2.96,65933,psxdata,2026-05-11T12:54:41
AMTEX,2025-02-14,2.92,3.05,2.91,2.93,47604,psxdata,2026-05-11T12:54:41
AMTEX,2025-02-17,3.08,3.08,2.91,2.92,29195,psxdata,2026-05-11T12:54:41
AMTEX,2025-02-18,2.95,3.05,2.92,2.93,53220,psxdata,2026-05-11T12:54:41
AMTEX,2025-02-19,2.99,3.07,2.94,2.98,553180,psxdata,2026-05-11T12:54:41
AMTEX,2025-02-20,2.98,3.09,2.95,3.09,298485,psxdata,2026-05-11T12:54:41
AMTEX,2025-02-21,3.08,3.08,3.0,3.0,25223,psxdata,2026-05-11T12:54:41
AMTEX,2025-02-24,2.98,3.08,2.98,3.0,51053,psxdata,2026-05-11T12:54:41
AMTEX,2025-02-25,3.08,3.19,3.0,3.07,1013638,psxdata,2026-05-11T12:54:41
AMTEX,2025-02-26,2.96,3.2,2.96,3.05,194058,psxdata,2026-05-11T12:54:41
AMTEX,2025-02-27,3.14,3.14,3.0,3.05,153331,psxdata,2026-05-11T12:54:41
AMTEX,2025-02-28,3.1,3.1,3.0,3.02,344780,psxdata,2026-05-11T12:54:41
AMTEX,2025-03-03,3.12,3.12,2.51,2.81,151753,psxdata,2026-05-11T12:54:41
AMTEX,2025-03-04,3.0,3.0,2.83,2.96,158797,psxdata,2026-05-11T12:54:41
AMTEX,2025-03-05,3.0,3.0,2.86,2.9,36110,psxdata,2026-05-11T12:54:41
AMTEX,2025-03-06,3.0,3.0,2.8,2.87,81567,psxdata,2026-05-11T12:54:41
AMTEX,2025-03-07,2.98,2.98,2.85,2.87,139789,psxdata,2026-05-11T12:54:41
AMTEX,2025-03-10,2.96,2.97,2.82,2.83,70037,psxdata,2026-05-11T12:54:41
AMTEX,2025-03-11,3.25,3.25,2.52,2.95,245264,psxdata,2026-05-11T12:54:41
AMTEX,2025-03-12,2.75,3.03,2.75,2.93,43218,psxdata,2026-05-11T12:54:41
AMTEX,2025-03-13,2.98,2.98,2.91,2.95,20926,psxdata,2026-05-11T12:54:41
AMTEX,2025-03-14,2.83,3.0,2.83,2.95,11173,psxdata,2026-05-11T12:54:41
AMTEX,2025-03-17,3.07,3.07,2.83,2.85,96443,psxdata,2026-05-11T12:54:41
AMTEX,2025-03-18,2.98,2.98,2.78,2.89,43913,psxdata,2026-05-11T12:54:41
AMTEX,2025-03-19,2.89,2.99,2.81,2.9,57578,psxdata,2026-05-11T12:54:41
AMTEX,2025-03-20,2.9,2.97,2.86,2.92,23273,psxdata,2026-05-11T12:54:41
AMTEX,2025-03-21,2.99,2.99,2.8,2.88,45332,psxdata,2026-05-11T12:54:41
AMTEX,2025-03-24,2.98,2.98,2.82,2.83,29071,psxdata,2026-05-11T12:54:41
AMTEX,2025-03-25,2.81,2.96,2.79,2.8,168922,psxdata,2026-05-11T12:54:41
AMTEX,2025-03-26,2.9,2.9,2.83,2.83,115017,psxdata,2026-05-11T12:54:41
AMTEX,2025-03-27,2.9,2.94,2.79,2.81,12521,psxdata,2026-05-11T12:54:41
AMTEX,2025-04-03,2.81,2.91,2.78,2.83,23772,psxdata,2026-05-11T12:54:41
AMTEX,2025-04-04,2.93,3.0,2.7,2.85,160955,psxdata,2026-05-11T12:54:41
AMTEX,2025-04-07,2.8,2.99,2.14,2.74,249543,psxdata,2026-05-11T12:54:41
AMTEX,2025-04-08,2.88,2.88,2.79,2.8,23031,psxdata,2026-05-11T12:54:41
AMTEX,2025-04-09,2.85,2.85,2.55,2.7,81931,psxdata,2026-05-11T12:54:41
AMTEX,2025-04-10,2.85,2.85,2.71,2.74,365044,psxdata,2026-05-11T12:54:41
AMTEX,2025-04-11,2.74,2.83,2.68,2.69,47261,psxdata,2026-05-11T12:54:41
AMTEX,2025-04-14,2.82,2.82,2.51,2.73,58360,psxdata,2026-05-11T12:54:41
AMTEX,2025-04-15,2.78,2.83,2.67,2.79,217820,psxdata,2026-05-11T12:54:41
AMTEX,2025-04-16,2.71,2.81,2.71,2.78,28629,psxdata,2026-05-11T12:54:41
AMTEX,2025-04-17,2.84,2.84,2.52,2.7,877557,psxdata,2026-05-11T12:54:41
AMTEX,2025-04-18,2.85,2.88,2.61,2.66,458095,psxdata,2026-05-11T12:54:41
AMTEX,2025-04-21,2.8,2.8,2.65,2.74,98213,psxdata,2026-05-11T12:54:41
AMTEX,2025-04-22,2.75,2.99,2.56,2.86,882802,psxdata,2026-05-11T12:54:41
AMTEX,2025-04-23,2.94,2.99,2.75,2.75,161638,psxdata,2026-05-11T12:54:41
AMTEX,2025-04-24,2.76,2.9,2.62,2.71,266770,psxdata,2026-05-11T12:54:41
AMTEX,2025-04-25,2.91,2.91,2.67,2.74,110545,psxdata,2026-05-11T12:54:41
AMTEX,2025-04-28,2.85,2.85,2.56,2.65,42171,psxdata,2026-05-11T12:54:41
AMTEX,2025-04-29,2.54,2.75,2.52,2.55,117483,psxdata,2026-05-11T12:54:41
AMTEX,2025-04-30,2.68,2.68,2.3,2.3,282057,psxdata,2026-05-11T12:54:41
AMTEX,2025-05-02,2.3,2.68,2.26,2.63,377396,psxdata,2026-05-11T12:54:41
AMTEX,2025-05-05,2.69,2.69,2.51,2.6,80293,psxdata,2026-05-11T12:54:41
AMTEX,2025-05-06,2.9,2.9,2.53,2.7,187890,psxdata,2026-05-11T12:54:41
AMTEX,2025-05-07,2.55,2.74,2.55,2.58,52821,psxdata,2026-05-11T12:54:41
AMTEX,2025-05-08,2.6,3.4,1.8,2.44,62842,psxdata,2026-05-11T12:54:41
AMTEX,2025-05-09,2.68,2.68,2.1,2.45,82764,psxdata,2026-05-11T12:54:41
AMTEX,2025-05-12,2.53,2.84,2.53,2.74,216979,psxdata,2026-05-11T12:54:41
AMTEX,2025-05-13,2.74,2.88,2.65,2.65,77175,psxdata,2026-05-11T12:54:41
AMTEX,2025-05-14,2.76,2.78,2.6,2.62,35433,psxdata,2026-05-11T12:54:41
AMTEX,2025-05-15,2.72,2.72,2.55,2.7,87358,psxdata,2026-05-11T12:54:41
AMTEX,2025-05-16,2.8,2.8,2.59,2.61,99819,psxdata,2026-05-11T12:54:41
AMTEX,2025-05-19,2.73,2.73,2.6,2.6,46661,psxdata,2026-05-11T12:54:41
AMTEX,2025-05-20,2.67,2.7,2.5,2.65,167204,psxdata,2026-05-11T12:54:41
AMTEX,2025-05-21,2.73,2.74,2.53,2.71,363083,psxdata,2026-05-11T12:54:41
AMTEX,2025-05-22,2.76,2.95,2.7,2.82,528494,psxdata,2026-05-11T12:54:41
AMTEX,2025-05-23,2.95,2.95,2.76,2.78,91514,psxdata,2026-05-11T12:54:41
AMTEX,2025-05-26,2.88,3.05,2.7,3.01,1966838,psxdata,2026-05-11T12:54:41
AMTEX,2025-05-27,3.02,3.19,2.83,3.11,1917080,psxdata,2026-05-11T12:54:41
AMTEX,2025-05-29,3.17,3.25,3.0,3.1,3055060,psxdata,2026-05-11T12:54:41
AMTEX,2025-05-30,3.15,3.16,3.05,3.05,847781,psxdata,2026-05-11T12:54:41
AMTEX,2025-06-02,3.13,3.13,3.0,3.02,1148031,psxdata,2026-05-11T12:54:41
AMTEX,2025-06-03,3.13,3.13,3.0,3.02,823760,psxdata,2026-05-11T12:54:41
AMTEX,2025-06-04,3.13,3.19,3.01,3.03,435544,psxdata,2026-05-11T12:54:41
AMTEX,2025-06-05,3.15,3.49,3.0,3.09,6261348,psxdata,2026-05-11T12:54:41
AMTEX,2025-06-10,3.2,3.2,3.06,3.07,1379682,psxdata,2026-05-11T12:54:41
AMTEX,2025-06-11,3.08,3.18,3.07,3.12,835099,psxdata,2026-05-11T12:54:41
AMTEX,2025-06-12,3.15,3.3,3.1,3.11,1609943,psxdata,2026-05-11T12:54:41
AMTEX,2025-06-13,3.24,3.47,3.01,3.22,3268755,psxdata,2026-05-11T12:54:41
AMTEX,2025-06-16,3.25,3.66,3.25,3.48,8327571,psxdata,2026-05-11T12:54:41
AMTEX,2025-06-17,3.64,3.74,3.2,3.25,8425411,psxdata,2026-05-11T12:54:41
AMTEX,2025-06-18,3.35,3.4,3.11,3.14,2747941,psxdata,2026-05-11T12:54:41
AMTEX,2025-06-19,3.29,3.34,3.06,3.24,1922252,psxdata,2026-05-11T12:54:41
AMTEX,2025-06-20,3.3,3.5,3.21,3.26,2686267,psxdata,2026-05-11T12:54:41
AMTEX,2025-06-23,3.23,3.38,3.02,3.11,1852248,psxdata,2026-05-11T12:54:41
AMTEX,2025-06-24,3.24,3.44,3.23,3.3,1071773,psxdata,2026-05-11T12:54:41
AMTEX,2025-06-25,3.35,3.38,3.21,3.25,1250267,psxdata,2026-05-11T12:54:41
AMTEX,2025-06-26,3.35,3.35,3.1,3.14,2280323,psxdata,2026-05-11T12:54:41
AMTEX,2025-06-27,3.25,3.55,3.15,3.37,6583390,psxdata,2026-05-11T12:54:41
AMTEX,2025-06-30,3.45,3.89,3.41,3.6,10709996,psxdata,2026-05-11T12:54:41
AMTEX,2025-07-01,3.65,3.75,3.35,3.4,4105315,psxdata,2026-05-11T12:54:41
AMTEX,2025-07-02,3.42,3.55,3.2,3.34,4397953,psxdata,2026-05-11T12:54:41
AMTEX,2025-07-03,3.45,3.45,3.22,3.3,2039160,psxdata,2026-05-11T12:54:41
AMTEX,2025-07-04,3.4,3.4,3.22,3.25,686432,psxdata,2026-05-11T12:54:41
AMTEX,2025-07-07,3.39,3.4,3.2,3.22,1085665,psxdata,2026-05-11T12:54:41
AMTEX,2025-07-08,3.38,3.38,3.19,3.25,611995,psxdata,2026-05-11T12:54:41
AMTEX,2025-07-09,3.3,3.4,3.26,3.34,2048512,psxdata,2026-05-11T12:54:41
AMTEX,2025-07-10,3.3,3.39,3.29,3.32,371736,psxdata,2026-05-11T12:54:41
AMTEX,2025-07-11,3.39,3.39,3.2,3.27,904407,psxdata,2026-05-11T12:54:41
AMTEX,2025-07-14,3.36,3.36,3.2,3.26,1511155,psxdata,2026-05-11T12:54:41
AMTEX,2025-07-15,3.38,3.38,3.16,3.18,958052,psxdata,2026-05-11T12:54:41
AMTEX,2025-07-16,3.29,3.34,3.1,3.25,611227,psxdata,2026-05-11T12:54:41
AMTEX,2025-07-17,3.21,3.27,3.12,3.17,531844,psxdata,2026-05-11T12:54:41
AMTEX,2025-07-18,3.24,3.24,3.12,3.14,188246,psxdata,2026-05-11T12:54:41
AMTEX,2025-07-21,3.16,3.2,3.04,3.07,1873108,psxdata,2026-05-11T12:54:41
AMTEX,2025-07-22,3.38,3.38,3.11,3.13,739832,psxdata,2026-05-11T12:54:41
AMTEX,2025-07-23,3.29,3.34,3.12,3.27,2776256,psxdata,2026-05-11T12:54:41
AMTEX,2025-07-24,3.41,3.41,3.14,3.16,1182750,psxdata,2026-05-11T12:54:41
AMTEX,2025-07-25,3.25,3.29,3.14,3.16,371537,psxdata,2026-05-11T12:54:41
AMTEX,2025-07-28,3.16,3.27,3.16,3.22,335327,psxdata,2026-05-11T12:54:41
AMTEX,2025-07-29,3.3,3.3,3.14,3.17,692582,psxdata,2026-05-11T12:54:41
AMTEX,2025-07-30,3.11,3.28,3.11,3.12,826035,psxdata,2026-05-11T12:54:41
AMTEX,2025-07-31,3.29,3.37,3.1,3.24,6983520,psxdata,2026-05-11T12:54:41
AMTEX,2025-08-01,3.27,3.28,3.15,3.2,341639,psxdata,2026-05-11T12:54:41
AMTEX,2025-08-04,3.32,3.32,3.13,3.16,359199,psxdata,2026-05-11T12:54:41
AMTEX,2025-08-05,3.2,3.29,3.15,3.2,1025901,psxdata,2026-05-11T12:54:41
AMTEX,2025-08-06,3.32,3.97,3.24,3.83,25304731,psxdata,2026-05-11T12:54:41
AMTEX,2025-08-07,3.85,4.02,3.6,3.65,11077697,psxdata,2026-05-11T12:54:41
AMTEX,2025-08-08,3.72,3.76,3.56,3.61,2663227,psxdata,2026-05-11T12:54:41
AMTEX,2025-08-11,3.7,3.79,3.55,3.62,2541274,psxdata,2026-05-11T12:54:41
AMTEX,2025-08-12,3.73,3.82,3.6,3.66,3165516,psxdata,2026-05-11T12:54:41
AMTEX,2025-08-13,3.75,3.75,3.53,3.55,1511109,psxdata,2026-05-11T12:54:41
AMTEX,2025-08-15,3.64,3.64,3.5,3.55,1340459,psxdata,2026-05-11T12:54:41
AMTEX,2025-08-18,3.73,4.4,3.4,4.17,24270788,psxdata,2026-05-11T12:54:41
AMTEX,2025-08-19,4.45,4.5,3.96,4.0,20592576,psxdata,2026-05-11T12:54:41
AMTEX,2025-08-20,4.02,4.15,3.82,4.0,5681834,psxdata,2026-05-11T12:54:41
AMTEX,2025-08-21,3.86,4.1,3.51,3.8,3532745,psxdata,2026-05-11T12:54:41
AMTEX,2025-08-22,3.8,4.05,3.78,3.85,3530346,psxdata,2026-05-11T12:54:41
AMTEX,2025-08-25,3.99,4.28,3.86,4.06,8134243,psxdata,2026-05-11T12:54:41
AMTEX,2025-08-26,4.1,4.15,3.89,4.0,2828382,psxdata,2026-05-11T12:54:41
AMTEX,2025-08-27,4.1,4.1,3.84,3.86,1800613,psxdata,2026-05-11T12:54:41
AMTEX,2025-08-28,3.99,4.0,3.81,3.92,940033,psxdata,2026-05-11T12:54:41
AMTEX,2025-08-29,3.92,4.13,3.9,3.94,3631819,psxdata,2026-05-11T12:54:41
AMTEX,2025-09-01,3.89,4.08,3.89,3.94,2400582,psxdata,2026-05-11T12:54:41
AMTEX,2025-09-02,3.99,4.04,3.93,3.95,1357058,psxdata,2026-05-11T12:54:41
AMTEX,2025-09-03,3.95,4.24,3.93,4.11,4108032,psxdata,2026-05-11T12:54:41
AMTEX,2025-09-04,4.19,4.63,4.12,4.49,23203005,psxdata,2026-05-11T12:54:41
AMTEX,2025-09-05,4.6,4.65,4.34,4.37,4104790,psxdata,2026-05-11T12:54:41
AMTEX,2025-09-08,4.45,4.5,4.2,4.25,3142155,psxdata,2026-05-11T12:54:41
AMTEX,2025-09-09,4.3,4.38,4.01,4.06,2193755,psxdata,2026-05-11T12:54:41
AMTEX,2025-09-10,4.14,4.14,3.95,4.01,998932,psxdata,2026-05-11T12:54:41
AMTEX,2025-09-11,4.1,4.35,4.06,4.11,2990284,psxdata,2026-05-11T12:54:41
AMTEX,2025-09-12,4.24,4.32,4.09,4.1,1988120,psxdata,2026-05-11T12:54:41
AMTEX,2025-09-15,4.11,4.38,4.05,4.25,4279976,psxdata,2026-05-11T12:54:41
AMTEX,2025-09-16,4.3,4.39,4.13,4.17,1615309,psxdata,2026-05-11T12:54:41
AMTEX,2025-09-17,4.24,4.44,4.18,4.37,5570993,psxdata,2026-05-11T12:54:41
AMTEX,2025-09-18,4.44,4.75,4.35,4.65,10680517,psxdata,2026-05-11T12:54:41
AMTEX,2025-09-19,4.63,4.9,4.44,4.53,8140927,psxdata,2026-05-11T12:54:41
AMTEX,2025-09-22,4.6,4.7,4.41,4.49,3687622,psxdata,2026-05-11T12:54:41
AMTEX,2025-09-23,4.53,4.53,4.35,4.37,990766,psxdata,2026-05-11T12:54:41
AMTEX,2025-09-24,4.47,4.47,4.33,4.34,801413,psxdata,2026-05-11T12:54:41
AMTEX,2025-09-25,4.39,4.39,4.24,4.3,747565,psxdata,2026-05-11T12:54:41
AMTEX,2025-09-26,4.21,4.29,4.12,4.17,877661,psxdata,2026-05-11T12:54:41
AMTEX,2025-09-29,4.28,4.35,4.16,4.21,798252,psxdata,2026-05-11T12:54:41
AMTEX,2025-09-30,4.21,4.33,4.14,4.17,467671,psxdata,2026-05-11T12:54:41
AMTEX,2025-10-01,4.2,4.39,4.14,4.15,880261,psxdata,2026-05-11T12:54:41
AMTEX,2025-10-02,4.2,4.2,4.05,4.12,461671,psxdata,2026-05-11T12:54:41
AMTEX,2025-10-03,4.15,4.2,4.01,4.05,962930,psxdata,2026-05-11T12:54:41
AMTEX,2025-10-06,4.23,4.23,4.0,4.02,643183,psxdata,2026-05-11T12:54:41
AMTEX,2025-10-07,4.04,4.15,4.0,4.1,682739,psxdata,2026-05-11T12:54:41
AMTEX,2025-10-08,4.2,4.24,4.0,4.02,1060487,psxdata,2026-05-11T12:54:41
AMTEX,2025-10-09,4.13,4.13,3.97,3.99,747395,psxdata,2026-05-11T12:54:41
AMTEX,2025-10-10,4.0,4.17,3.95,3.96,1412490,psxdata,2026-05-11T12:54:41
AMTEX,2025-10-13,3.9,4.04,3.8,3.83,468943,psxdata,2026-05-11T12:54:41
AMTEX,2025-10-14,3.9,4.0,3.8,3.88,417353,psxdata,2026-05-11T12:54:41
AMTEX,2025-10-15,3.9,3.95,3.87,3.88,210610,psxdata,2026-05-11T12:54:41
AMTEX,2025-10-16,3.88,4.03,3.85,3.89,1614531,psxdata,2026-05-11T12:54:41
AMTEX,2025-10-17,3.92,4.5,3.9,4.1,8498721,psxdata,2026-05-11T12:54:41
AMTEX,2025-10-20,4.16,4.29,4.02,4.08,1086451,psxdata,2026-05-11T12:54:41
AMTEX,2025-10-21,4.14,4.23,4.02,4.04,1798989,psxdata,2026-05-11T12:54:41
AMTEX,2025-10-22,4.04,4.35,4.04,4.19,4715682,psxdata,2026-05-11T12:54:41
AMTEX,2025-10-23,4.19,4.85,4.19,4.56,15811038,psxdata,2026-05-11T12:54:41
AMTEX,2025-10-24,4.61,4.61,4.33,4.35,3080859,psxdata,2026-05-11T12:54:41
AMTEX,2025-10-27,4.46,4.46,4.16,4.17,1189718,psxdata,2026-05-11T12:54:41
AMTEX,2025-10-28,4.34,4.39,3.94,4.01,1738500,psxdata,2026-05-11T12:54:41
AMTEX,2025-10-29,4.09,4.35,3.8,3.86,890605,psxdata,2026-05-11T12:54:41
AMTEX,2025-10-30,4.0,4.04,3.78,3.79,942701,psxdata,2026-05-11T12:54:41
AMTEX,2025-10-31,3.8,4.05,3.75,3.91,835659,psxdata,2026-05-11T12:54:41
AMTEX,2025-11-03,3.99,4.14,3.93,3.98,711027,psxdata,2026-05-11T12:54:41
AMTEX,2025-11-04,4.05,4.05,3.8,3.92,1208520,psxdata,2026-05-11T12:54:41
AMTEX,2025-11-05,4.05,4.47,3.8,4.4,12233220,psxdata,2026-05-11T12:54:41
AMTEX,2025-11-06,4.5,5.4,4.4,4.87,41330652,psxdata,2026-05-11T12:54:41
AMTEX,2025-11-07,5.0,5.3,4.8,4.87,12003602,psxdata,2026-05-11T12:54:41
AMTEX,2025-11-10,4.9,5.25,4.73,5.08,11131063,psxdata,2026-05-11T12:54:41
AMTEX,2025-11-11,5.19,6.0,5.0,5.49,31156638,psxdata,2026-05-11T12:54:41
AMTEX,2025-11-12,5.5,6.49,5.25,6.39,42496446,psxdata,2026-05-11T12:54:41
AMTEX,2025-11-13,6.46,6.48,5.75,5.79,18032642,psxdata,2026-05-11T12:54:41
AMTEX,2025-11-14,5.8,6.05,5.5,5.53,7252283,psxdata,2026-05-11T12:54:41
AMTEX,2025-11-17,5.69,5.69,5.2,5.27,8900243,psxdata,2026-05-11T12:54:41
AMTEX,2025-11-18,5.38,5.59,5.18,5.24,2601751,psxdata,2026-05-11T12:54:41
AMTEX,2025-11-19,5.37,5.4,5.05,5.12,3927417,psxdata,2026-05-11T12:54:41
AMTEX,2025-11-20,5.19,5.39,5.05,5.07,1898076,psxdata,2026-05-11T12:54:41
AMTEX,2025-11-21,5.24,5.24,4.88,4.93,3230425,psxdata,2026-05-11T12:54:41
AMTEX,2025-11-24,4.97,5.36,4.9,5.24,4733883,psxdata,2026-05-11T12:54:41
AMTEX,2025-11-25,5.36,5.36,4.96,5.0,1538846,psxdata,2026-05-11T12:54:41
AMTEX,2025-11-26,5.0,5.1,4.5,4.75,4312180,psxdata,2026-05-11T12:54:41
AMTEX,2025-11-27,4.72,4.83,4.37,4.43,3201349,psxdata,2026-05-11T12:54:41
AMTEX,2025-11-28,4.41,4.6,4.41,4.51,689941,psxdata,2026-05-11T12:54:41
AMTEX,2025-12-01,4.35,4.7,4.35,4.61,974075,psxdata,2026-05-11T12:54:41
AMTEX,2025-12-02,4.57,4.69,4.43,4.59,704723,psxdata,2026-05-11T12:54:41
AMTEX,2025-12-03,4.7,4.7,4.4,4.43,1001340,psxdata,2026-05-11T12:54:41
AMTEX,2025-12-04,4.42,4.59,4.35,4.41,644537,psxdata,2026-05-11T12:54:41
AMTEX,2025-12-05,4.54,4.6,4.3,4.44,606308,psxdata,2026-05-11T12:54:41
AMTEX,2025-12-08,4.54,4.99,4.44,4.63,4179916,psxdata,2026-05-11T12:54:41
AMTEX,2025-12-09,4.57,4.74,4.44,4.5,1837853,psxdata,2026-05-11T12:54:41
AMTEX,2025-12-10,4.65,4.65,4.42,4.44,1649570,psxdata,2026-05-11T12:54:41
AMTEX,2025-12-11,4.55,4.7,4.42,4.54,1147734,psxdata,2026-05-11T12:54:41
AMTEX,2025-12-12,4.63,4.79,4.51,4.64,3230161,psxdata,2026-05-11T12:54:41
AMTEX,2025-12-15,4.6,4.85,4.55,4.64,2896823,psxdata,2026-05-11T12:54:41
AMTEX,2025-12-16,4.64,4.8,4.5,4.51,2033509,psxdata,2026-05-11T12:54:41
AMTEX,2025-12-17,4.51,4.65,4.46,4.55,503619,psxdata,2026-05-11T12:54:41
AMTEX,2025-12-18,4.65,4.65,4.51,4.52,654594,psxdata,2026-05-11T12:54:41
AMTEX,2025-12-19,4.64,4.68,4.51,4.52,968731,psxdata,2026-05-11T12:54:41
AMTEX,2025-12-22,4.52,4.64,4.45,4.47,587903,psxdata,2026-05-11T12:54:41
AMTEX,2025-12-23,4.47,4.6,4.36,4.39,466591,psxdata,2026-05-11T12:54:41
AMTEX,2025-12-24,4.4,4.47,4.32,4.35,315984,psxdata,2026-05-11T12:54:41
AMTEX,2025-12-26,4.48,4.48,4.3,4.33,319134,psxdata,2026-05-11T12:54:41
AMTEX,2025-12-29,4.4,4.5,4.07,4.25,652631,psxdata,2026-05-11T12:54:41
AMTEX,2025-12-30,4.25,4.35,4.2,4.28,438389,psxdata,2026-05-11T12:54:41
AMTEX,2025-12-31,4.42,4.42,4.23,4.3,153124,psxdata,2026-05-11T12:54:41
AMTEX,2026-01-01,4.4,4.74,4.31,4.65,3185915,psxdata,2026-05-11T12:54:41
AMTEX,2026-01-02,4.7,4.89,4.58,4.66,2216331,psxdata,2026-05-11T12:54:41
AMTEX,2026-01-05,4.54,4.75,4.51,4.69,1372998,psxdata,2026-05-11T12:54:41
AMTEX,2026-01-06,4.61,4.97,4.61,4.8,4966097,psxdata,2026-05-11T12:54:41
AMTEX,2026-01-07,4.85,5.4,4.82,5.14,10141964,psxdata,2026-05-11T12:54:41
AMTEX,2026-01-08,5.29,5.29,4.81,4.84,3428231,psxdata,2026-05-11T12:54:41
AMTEX,2026-01-09,4.85,4.9,4.67,4.69,2269593,psxdata,2026-05-11T12:54:41
AMTEX,2026-01-12,4.6,5.15,4.6,4.86,3727345,psxdata,2026-05-11T12:54:41
AMTEX,2026-01-13,4.89,4.96,4.67,4.74,1070750,psxdata,2026-05-11T12:54:41
AMTEX,2026-01-14,4.9,4.9,4.5,4.52,1651882,psxdata,2026-05-11T12:54:41
AMTEX,2026-01-15,4.52,4.69,4.48,4.49,329809,psxdata,2026-05-11T12:54:41
AMTEX,2026-01-16,4.6,4.7,4.51,4.53,462179,psxdata,2026-05-11T12:54:41
AMTEX,2026-01-19,4.51,4.64,4.51,4.53,377302,psxdata,2026-05-11T12:54:41
AMTEX,2026-01-20,4.44,4.63,4.44,4.58,324424,psxdata,2026-05-11T12:54:41
AMTEX,2026-01-21,4.51,4.8,4.44,4.48,624275,psxdata,2026-05-11T12:54:41
AMTEX,2026-01-22,4.6,4.98,4.51,4.66,4245782,psxdata,2026-05-11T12:54:41
AMTEX,2026-01-23,4.7,4.96,4.62,4.67,1987831,psxdata,2026-05-11T12:54:41
AMTEX,2026-01-26,4.61,4.78,4.53,4.55,294604,psxdata,2026-05-11T12:54:41
AMTEX,2026-01-27,4.55,4.7,4.45,4.47,634129,psxdata,2026-05-11T12:54:41
AMTEX,2026-01-28,4.57,4.59,4.44,4.47,247739,psxdata,2026-05-11T12:54:41
AMTEX,2026-01-29,4.48,4.6,4.4,4.43,538336,psxdata,2026-05-11T12:54:41
AMTEX,2026-01-30,4.54,4.6,4.43,4.47,317732,psxdata,2026-05-11T12:54:41
AMTEX,2026-02-02,4.47,4.59,4.4,4.46,172454,psxdata,2026-05-11T12:54:41
AMTEX,2026-02-03,4.55,4.55,4.4,4.42,534623,psxdata,2026-05-11T12:54:41
AMTEX,2026-02-04,4.5,4.5,4.43,4.45,282274,psxdata,2026-05-11T12:54:41
AMTEX,2026-02-06,4.5,4.5,4.4,4.44,143367,psxdata,2026-05-11T12:54:41
AMTEX,2026-02-09,4.48,4.53,4.4,4.4,302069,psxdata,2026-05-11T12:54:41
AMTEX,2026-02-10,4.48,4.48,4.3,4.31,200542,psxdata,2026-05-11T12:54:41
AMTEX,2026-02-11,4.42,5.31,4.15,5.31,23061382,psxdata,2026-05-11T12:54:41
AMTEX,2026-02-12,5.49,5.94,4.55,4.67,39738759,psxdata,2026-05-11T12:54:41
AMTEX,2026-02-13,4.53,4.89,4.42,4.56,4314113,psxdata,2026-05-11T12:54:41
AMTEX,2026-02-16,4.56,4.7,4.27,4.54,4108561,psxdata,2026-05-11T12:54:41
AMTEX,2026-02-17,4.43,4.65,4.2,4.29,1102706,psxdata,2026-05-11T12:54:41
AMTEX,2026-02-18,4.43,4.62,4.26,4.58,1974944,psxdata,2026-05-11T12:54:41
AMTEX,2026-02-19,4.7,4.7,4.31,4.33,699006,psxdata,2026-05-11T12:54:41
AMTEX,2026-02-20,4.33,4.39,4.0,4.13,879327,psxdata,2026-05-11T12:54:41
AMTEX,2026-02-23,4.13,4.35,3.81,3.98,744421,psxdata,2026-05-11T12:54:41
AMTEX,2026-02-24,4.09,4.09,3.71,3.94,299113,psxdata,2026-05-11T12:54:41
AMTEX,2026-02-25,3.95,4.21,3.85,4.02,364163,psxdata,2026-05-11T12:54:41
AMTEX,2026-02-26,4.17,4.18,3.88,4.14,503631,psxdata,2026-05-11T12:54:41
AMTEX,2026-02-27,4.1,4.35,4.05,4.26,235306,psxdata,2026-05-11T12:54:41
AMTEX,2026-03-02,3.51,3.9,3.35,3.45,1156492,psxdata,2026-05-11T12:54:41
AMTEX,2026-03-03,3.05,3.64,3.05,3.47,540184,psxdata,2026-05-11T12:54:41
AMTEX,2026-03-04,3.74,3.74,3.32,3.5,79868,psxdata,2026-05-11T12:54:41
AMTEX,2026-03-05,3.52,3.85,3.52,3.8,540967,psxdata,2026-05-11T12:54:41
AMTEX,2026-03-06,3.81,4.4,3.76,3.91,2396878,psxdata,2026-05-11T12:54:41
AMTEX,2026-03-09,3.83,3.83,3.45,3.47,617326,psxdata,2026-05-11T12:54:41
AMTEX,2026-03-10,3.61,4.2,3.61,3.91,857088,psxdata,2026-05-11T12:54:41
AMTEX,2026-03-11,3.99,4.2,3.81,3.91,803747,psxdata,2026-05-11T12:54:41
AMTEX,2026-03-12,3.82,3.94,3.74,3.79,295327,psxdata,2026-05-11T12:54:41
AMTEX,2026-03-13,3.89,4.11,3.7,3.94,686977,psxdata,2026-05-11T12:54:41
AMTEX,2026-03-16,4.05,4.15,3.8,3.84,304337,psxdata,2026-05-11T12:54:41
AMTEX,2026-03-17,3.99,3.99,3.76,3.79,154884,psxdata,2026-05-11T12:54:41
AMTEX,2026-03-18,3.9,3.99,3.76,3.95,167255,psxdata,2026-05-11T12:54:41
AMTEX,2026-03-19,3.92,3.99,3.71,3.82,187650,psxdata,2026-05-11T12:54:41
AMTEX,2026-03-24,4.0,4.15,3.71,3.89,267605,psxdata,2026-05-11T12:54:41
AMTEX,2026-03-25,3.99,4.13,3.9,4.05,601229,psxdata,2026-05-11T12:54:41
AMTEX,2026-03-26,4.05,4.05,3.78,3.8,767117,psxdata,2026-05-11T12:54:41
AMTEX,2026-03-27,3.74,3.95,3.74,3.83,126780,psxdata,2026-05-11T12:54:41
AMTEX,2026-03-30,3.83,3.95,3.7,3.73,228094,psxdata,2026-05-11T12:54:41
AMTEX,2026-03-31,3.8,3.87,3.7,3.72,157978,psxdata,2026-05-11T12:54:41
AMTEX,2026-04-01,3.92,3.92,3.73,3.82,224940,psxdata,2026-05-11T12:54:41
AMTEX,2026-04-02,3.8,3.85,3.73,3.83,141695,psxdata,2026-05-11T12:54:41
AMTEX,2026-04-03,3.85,3.92,3.6,3.76,626389,psxdata,2026-05-11T12:54:41
AMTEX,2026-04-06,3.85,3.85,3.71,3.78,105118,psxdata,2026-05-11T12:54:41
AMTEX,2026-04-07,3.75,3.83,3.75,3.75,84647,psxdata,2026-05-11T12:54:41
AMTEX,2026-04-08,4.02,4.7,3.84,4.4,7632450,psxdata,2026-05-11T12:54:41
AMTEX,2026-04-09,4.4,4.47,4.08,4.09,832549,psxdata,2026-05-11T12:54:41
AMTEX,2026-04-10,4.21,4.51,4.15,4.39,2515268,psxdata,2026-05-11T12:54:41
AMTEX,2026-04-13,4.24,4.33,4.05,4.08,1063229,psxdata,2026-05-11T12:54:41
AMTEX,2026-04-14,4.18,4.33,4.18,4.19,447904,psxdata,2026-05-11T12:54:41
AMTEX,2026-04-15,4.3,4.79,4.22,4.45,5996763,psxdata,2026-05-11T12:54:41
AMTEX,2026-04-16,4.65,4.72,4.43,4.48,1914512,psxdata,2026-05-11T12:54:41
AMTEX,2026-04-17,4.7,4.7,4.47,4.5,1190449,psxdata,2026-05-11T12:54:41
AMTEX,2026-04-20,4.4,4.65,4.3,4.36,1689634,psxdata,2026-05-11T12:54:41
AMTEX,2026-04-21,4.5,4.75,4.31,4.47,6957123,psxdata,2026-05-11T12:54:41
AMTEX,2026-04-22,4.55,4.77,4.4,4.61,4051518,psxdata,2026-05-11T12:54:41
AMTEX,2026-04-23,4.85,5.35,4.76,4.97,18062827,psxdata,2026-05-11T12:54:41
AMTEX,2026-04-24,5.08,5.08,4.61,4.72,4387920,psxdata,2026-05-11T12:54:41
AMTEX,2026-04-27,4.72,5.0,4.62,4.78,3013275,psxdata,2026-05-11T12:54:41
AMTEX,2026-04-28,4.79,5.05,4.65,4.7,3945964,psxdata,2026-05-11T12:54:41
AMTEX,2026-04-29,4.8,5.13,4.6,4.64,7121539,psxdata,2026-05-11T12:54:41
AMTEX,2026-04-30,4.6,4.75,4.35,4.42,1097305,psxdata,2026-05-11T12:54:41
AMTEX,2026-05-04,4.5,4.7,4.36,4.42,852591,psxdata,2026-05-11T12:54:41
AMTEX,2026-05-05,4.4,4.5,4.25,4.3,450384,psxdata,2026-05-11T12:54:41
AMTEX,2026-05-06,4.4,5.2,4.4,4.8,14445228,psxdata,2026-05-11T12:54:41
AMTEX,2026-05-07,5.0,5.09,4.65,4.73,6780955,psxdata,2026-05-11T12:54:41
AMTEX,2026-05-08,4.75,5.0,4.69,4.8,2234426,psxdata,2026-05-11T12:54:41
