symbol,date,open,high,low,close,volume,source,collected_at
ASTL,2016-05-11,53.4,53.98,52.35,52.51,824500,psxdata,2026-05-11T12:56:41
ASTL,2016-05-12,52.26,53.49,52.25,52.64,1241500,psxdata,2026-05-11T12:56:41
ASTL,2016-05-13,52.7,54.0,52.5,53.05,1142500,psxdata,2026-05-11T12:56:41
ASTL,2016-05-16,53.15,53.49,52.5,52.56,537000,psxdata,2026-05-11T12:56:41
ASTL,2016-05-17,52.86,53.75,52.55,52.78,667000,psxdata,2026-05-11T12:56:41
ASTL,2016-05-18,52.8,53.1,52.65,52.81,346500,psxdata,2026-05-11T12:56:41
ASTL,2016-05-19,52.61,53.7,52.61,53.13,861000,psxdata,2026-05-11T12:56:41
ASTL,2016-05-20,53.05,53.11,52.18,52.31,874500,psxdata,2026-05-11T12:56:41
ASTL,2016-05-23,52.5,52.6,52.13,52.5,269000,psxdata,2026-05-11T12:56:41
ASTL,2016-05-24,52.5,52.5,52.15,52.3,631000,psxdata,2026-05-11T12:56:41
ASTL,2016-05-25,52.5,52.5,51.82,52.14,202500,psxdata,2026-05-11T12:56:41
ASTL,2016-05-26,52.4,52.44,51.85,51.92,277000,psxdata,2026-05-11T12:56:41
ASTL,2016-05-27,52.23,52.24,51.9,52.03,176000,psxdata,2026-05-11T12:56:41
ASTL,2016-05-30,52.0,52.34,51.11,51.24,429000,psxdata,2026-05-11T12:56:41
ASTL,2016-05-31,51.11,51.6,50.75,50.91,377500,psxdata,2026-05-11T12:56:41
ASTL,2016-06-01,50.99,51.55,50.81,51.49,131000,psxdata,2026-05-11T12:56:41
ASTL,2016-06-02,51.5,51.69,51.26,51.55,103500,psxdata,2026-05-11T12:56:41
ASTL,2016-06-03,51.25,52.5,50.98,51.95,617500,psxdata,2026-05-11T12:56:41
ASTL,2016-06-06,51.6,51.95,51.0,51.07,127500,psxdata,2026-05-11T12:56:41
ASTL,2016-06-07,51.0,51.25,50.1,50.21,136000,psxdata,2026-05-11T12:56:41
ASTL,2016-06-08,50.0,50.8,50.0,50.01,522500,psxdata,2026-05-11T12:56:41
ASTL,2016-06-09,50.2,50.5,48.8,49.01,386000,psxdata,2026-05-11T12:56:41
ASTL,2016-06-10,49.0,49.0,47.5,47.72,507000,psxdata,2026-05-11T12:56:41
ASTL,2016-06-13,47.01,48.2,47.0,47.13,333000,psxdata,2026-05-11T12:56:41
ASTL,2016-06-14,47.44,47.99,47.35,47.47,420000,psxdata,2026-05-11T12:56:41
ASTL,2016-06-15,47.81,47.99,46.47,47.07,5702000,psxdata,2026-05-11T12:56:41
ASTL,2016-06-16,47.7,48.2,47.01,47.31,1325500,psxdata,2026-05-11T12:56:41
ASTL,2016-06-17,47.2,47.5,46.8,47.02,134000,psxdata,2026-05-11T12:56:41
ASTL,2016-06-20,47.3,47.47,46.9,47.09,123500,psxdata,2026-05-11T12:56:41
ASTL,2016-06-21,47.01,47.35,46.9,47.08,254500,psxdata,2026-05-11T12:56:41
ASTL,2016-06-22,46.96,47.48,46.8,46.87,223000,psxdata,2026-05-11T12:56:41
ASTL,2016-06-23,47.25,47.25,46.3,46.51,1540000,psxdata,2026-05-11T12:56:41
ASTL,2016-06-24,46.8,47.09,44.3,45.8,941000,psxdata,2026-05-11T12:56:41
ASTL,2016-06-27,46.0,46.38,45.21,45.37,494500,psxdata,2026-05-11T12:56:41
ASTL,2016-06-28,45.7,46.2,45.06,45.32,203500,psxdata,2026-05-11T12:56:41
ASTL,2016-06-29,45.65,47.15,45.65,46.98,399000,psxdata,2026-05-11T12:56:41
ASTL,2016-06-30,46.18,47.4,46.18,47.02,129000,psxdata,2026-05-11T12:56:41
ASTL,2016-07-04,46.6,47.2,46.6,46.9,74500,psxdata,2026-05-11T12:56:41
ASTL,2016-07-11,47.0,47.99,46.92,47.82,523000,psxdata,2026-05-11T12:56:41
ASTL,2016-07-12,48.0,48.75,47.45,48.53,704500,psxdata,2026-05-11T12:56:41
ASTL,2016-07-13,48.75,48.99,47.9,48.02,260000,psxdata,2026-05-11T12:56:41
ASTL,2016-07-14,48.01,49.4,48.0,48.39,542500,psxdata,2026-05-11T12:56:41
ASTL,2016-07-15,48.48,50.8,48.45,50.8,1610000,psxdata,2026-05-11T12:56:41
ASTL,2016-07-18,51.8,53.34,51.05,53.34,2793500,psxdata,2026-05-11T12:56:41
ASTL,2016-07-19,53.98,54.4,52.8,54.08,1949000,psxdata,2026-05-11T12:56:41
ASTL,2016-07-20,54.38,54.38,53.05,53.9,692000,psxdata,2026-05-11T12:56:41
ASTL,2016-07-21,53.9,54.9,53.5,54.59,1457500,psxdata,2026-05-11T12:56:41
ASTL,2016-07-22,55.0,57.2,54.75,56.24,4219000,psxdata,2026-05-11T12:56:41
ASTL,2016-07-25,56.03,57.25,55.31,56.26,1532000,psxdata,2026-05-11T12:56:41
ASTL,2016-07-26,56.0,57.0,55.4,56.6,1157000,psxdata,2026-05-11T12:56:41
ASTL,2016-07-27,56.6,56.69,55.85,56.05,533000,psxdata,2026-05-11T12:56:41
ASTL,2016-07-28,56.03,56.6,55.06,55.66,628000,psxdata,2026-05-11T12:56:41
ASTL,2016-07-29,55.0,55.99,54.91,55.4,199000,psxdata,2026-05-11T12:56:41
ASTL,2016-08-01,55.4,55.84,54.9,55.02,799000,psxdata,2026-05-11T12:56:41
ASTL,2016-08-02,55.0,55.5,54.65,54.82,326000,psxdata,2026-05-11T12:56:41
ASTL,2016-08-03,54.9,57.6,54.7,57.06,3335000,psxdata,2026-05-11T12:56:41
ASTL,2016-08-04,57.15,57.7,56.75,56.78,618000,psxdata,2026-05-11T12:56:41
ASTL,2016-08-05,56.3,56.8,56.0,56.02,326000,psxdata,2026-05-11T12:56:41
ASTL,2016-08-08,56.0,56.4,55.4,56.2,371500,psxdata,2026-05-11T12:56:41
ASTL,2016-08-09,56.0,56.19,56.0,56.02,327000,psxdata,2026-05-11T12:56:41
ASTL,2016-08-10,56.0,56.47,55.75,56.2,202500,psxdata,2026-05-11T12:56:41
ASTL,2016-08-11,56.7,56.7,55.5,55.78,434000,psxdata,2026-05-11T12:56:41
ASTL,2016-08-12,55.65,56.7,55.45,56.0,1206500,psxdata,2026-05-11T12:56:41
ASTL,2016-08-15,56.01,56.35,55.7,56.07,237000,psxdata,2026-05-11T12:56:41
ASTL,2016-08-16,56.0,58.85,55.9,57.88,2493000,psxdata,2026-05-11T12:56:41
ASTL,2016-08-17,58.0,58.85,57.95,58.22,859000,psxdata,2026-05-11T12:56:41
ASTL,2016-08-18,58.0,58.75,57.75,57.77,757500,psxdata,2026-05-11T12:56:41
ASTL,2016-08-19,57.55,57.55,55.75,55.89,701000,psxdata,2026-05-11T12:56:41
ASTL,2016-08-22,56.05,56.05,55.25,55.98,254500,psxdata,2026-05-11T12:56:41
ASTL,2016-08-23,56.0,58.15,55.6,57.06,991000,psxdata,2026-05-11T12:56:41
ASTL,2016-08-24,57.25,58.48,57.0,58.03,1282500,psxdata,2026-05-11T12:56:41
ASTL,2016-08-25,58.0,59.94,57.75,59.16,1916500,psxdata,2026-05-11T12:56:41
ASTL,2016-08-26,59.49,62.11,59.0,61.47,3875000,psxdata,2026-05-11T12:56:41
ASTL,2016-08-29,62.6,62.85,60.8,61.63,1867500,psxdata,2026-05-11T12:56:41
ASTL,2016-08-30,61.9,63.5,61.53,62.49,2476000,psxdata,2026-05-11T12:56:41
ASTL,2016-08-31,62.65,62.95,62.05,62.37,659000,psxdata,2026-05-11T12:56:41
ASTL,2016-09-01,62.31,65.15,61.81,64.88,3209000,psxdata,2026-05-11T12:56:41
ASTL,2016-09-02,64.99,66.5,64.99,65.98,2138000,psxdata,2026-05-11T12:56:41
ASTL,2016-09-05,65.81,67.4,65.1,65.32,1134500,psxdata,2026-05-11T12:56:41
ASTL,2016-09-06,65.45,65.7,64.61,65.31,587000,psxdata,2026-05-11T12:56:41
ASTL,2016-09-07,64.81,66.0,64.4,64.93,2649000,psxdata,2026-05-11T12:56:41
ASTL,2016-09-08,64.22,65.0,63.5,63.91,1243000,psxdata,2026-05-11T12:56:41
ASTL,2016-09-09,63.6,65.9,62.75,65.29,1664000,psxdata,2026-05-11T12:56:41
ASTL,2016-09-15,64.01,65.97,63.8,65.3,992500,psxdata,2026-05-11T12:56:41
ASTL,2016-09-16,64.36,66.95,64.36,66.15,747000,psxdata,2026-05-11T12:56:41
ASTL,2016-09-19,66.02,67.01,65.3,66.88,819000,psxdata,2026-05-11T12:56:41
ASTL,2016-09-20,67.45,70.22,66.4,70.22,1717500,psxdata,2026-05-11T12:56:41
ASTL,2016-09-21,71.25,72.89,69.25,72.05,2736500,psxdata,2026-05-11T12:56:41
ASTL,2016-09-22,72.5,74.0,72.0,72.94,1788500,psxdata,2026-05-11T12:56:41
ASTL,2016-09-23,72.1,72.5,70.12,71.41,1144500,psxdata,2026-05-11T12:56:41
ASTL,2016-09-26,71.5,72.5,71.5,72.24,931500,psxdata,2026-05-11T12:56:41
ASTL,2016-09-27,72.1,72.25,71.6,72.0,454500,psxdata,2026-05-11T12:56:41
ASTL,2016-09-28,71.2,72.0,70.75,71.1,685000,psxdata,2026-05-11T12:56:41
ASTL,2016-09-29,70.5,72.19,70.0,70.63,660500,psxdata,2026-05-11T12:56:41
ASTL,2016-09-30,70.35,71.5,70.15,71.29,311500,psxdata,2026-05-11T12:56:41
ASTL,2016-10-03,71.9,74.5,71.5,74.04,862500,psxdata,2026-05-11T12:56:41
ASTL,2016-10-04,74.0,74.47,73.0,74.1,503000,psxdata,2026-05-11T12:56:41
ASTL,2016-10-05,74.2,76.25,74.2,74.99,1586500,psxdata,2026-05-11T12:56:41
ASTL,2016-10-06,75.7,77.5,74.06,76.4,2320000,psxdata,2026-05-11T12:56:41
ASTL,2016-10-07,76.7,77.4,74.85,75.47,903000,psxdata,2026-05-11T12:56:41
ASTL,2016-10-10,75.5,76.5,75.5,76.15,738500,psxdata,2026-05-11T12:56:41
ASTL,2016-10-13,74.1,76.88,73.5,76.23,577500,psxdata,2026-05-11T12:56:41
ASTL,2016-10-14,75.17,77.29,74.5,76.92,597500,psxdata,2026-05-11T12:56:41
ASTL,2016-10-17,76.55,77.5,74.8,75.23,410500,psxdata,2026-05-11T12:56:41
ASTL,2016-10-18,73.2,73.85,72.55,72.98,677500,psxdata,2026-05-11T12:56:41
ASTL,2016-10-19,71.61,73.49,70.0,71.63,1109000,psxdata,2026-05-11T12:56:41
ASTL,2016-10-20,72.44,73.49,71.6,71.9,698500,psxdata,2026-05-11T12:56:41
ASTL,2016-10-21,72.0,72.2,70.0,70.31,533000,psxdata,2026-05-11T12:56:41
ASTL,2016-10-24,70.0,70.5,69.0,69.9,91000,psxdata,2026-05-11T12:56:41
ASTL,2016-10-25,66.51,69.99,66.51,69.07,393500,psxdata,2026-05-11T12:56:41
ASTL,2016-10-26,69.0,69.59,65.62,66.08,582000,psxdata,2026-05-11T12:56:41
ASTL,2016-10-27,64.01,64.5,62.78,62.78,1139000,psxdata,2026-05-11T12:56:41
ASTL,2016-10-28,60.01,61.0,59.65,59.95,1214000,psxdata,2026-05-11T12:56:41
ASTL,2016-10-31,60.6,60.6,57.01,57.77,992000,psxdata,2026-05-11T12:56:41
ASTL,2016-11-01,57.9,60.65,57.8,60.65,1022500,psxdata,2026-05-11T12:56:41
ASTL,2016-11-02,62.0,63.68,62.0,63.68,759500,psxdata,2026-05-11T12:56:41
ASTL,2016-11-03,66.86,66.86,66.86,66.86,328500,psxdata,2026-05-11T12:56:41
ASTL,2016-11-04,69.9,70.2,67.4,70.2,3747500,psxdata,2026-05-11T12:56:41
ASTL,2016-11-07,71.02,71.99,67.5,68.22,1181500,psxdata,2026-05-11T12:56:41
ASTL,2016-11-08,68.0,68.5,67.01,67.47,296500,psxdata,2026-05-11T12:56:41
ASTL,2016-11-09,67.01,67.5,64.51,66.61,643000,psxdata,2026-05-11T12:56:41
ASTL,2016-11-10,67.0,69.94,67.0,69.62,1791500,psxdata,2026-05-11T12:56:41
ASTL,2016-11-11,69.7,71.5,69.1,70.38,1089000,psxdata,2026-05-11T12:56:41
ASTL,2016-11-14,70.0,70.5,68.1,68.99,638000,psxdata,2026-05-11T12:56:41
ASTL,2016-11-15,69.2,69.41,67.99,68.33,557000,psxdata,2026-05-11T12:56:41
ASTL,2016-11-16,68.75,68.75,66.56,68.21,342500,psxdata,2026-05-11T12:56:41
ASTL,2016-11-17,68.88,68.94,67.62,68.21,423000,psxdata,2026-05-11T12:56:41
ASTL,2016-11-18,67.51,68.25,67.15,67.48,498000,psxdata,2026-05-11T12:56:41
ASTL,2016-11-21,67.0,68.0,66.7,66.99,520000,psxdata,2026-05-11T12:56:41
ASTL,2016-11-22,66.7,68.38,66.7,67.59,284000,psxdata,2026-05-11T12:56:41
ASTL,2016-11-23,68.4,70.96,68.0,70.96,1680500,psxdata,2026-05-11T12:56:41
ASTL,2016-11-24,74.5,74.5,74.5,74.5,975000,psxdata,2026-05-11T12:56:41
ASTL,2016-11-25,74.99,75.49,71.85,72.47,1512000,psxdata,2026-05-11T12:56:41
ASTL,2016-11-28,72.65,76.09,72.3,75.98,3870000,psxdata,2026-05-11T12:56:41
ASTL,2016-11-29,76.25,78.2,75.25,75.61,1270500,psxdata,2026-05-11T12:56:41
ASTL,2016-11-30,74.96,75.5,73.83,74.61,188000,psxdata,2026-05-11T12:56:41
ASTL,2016-12-01,74.6,75.45,73.1,74.17,413500,psxdata,2026-05-11T12:56:41
ASTL,2016-12-02,73.5,76.0,72.5,74.26,1111000,psxdata,2026-05-11T12:56:41
ASTL,2016-12-05,74.89,75.01,71.11,72.3,331500,psxdata,2026-05-11T12:56:41
ASTL,2016-12-06,72.99,73.44,71.84,72.89,429000,psxdata,2026-05-11T12:56:41
ASTL,2016-12-07,73.0,73.11,71.02,71.43,307500,psxdata,2026-05-11T12:56:41
ASTL,2016-12-08,71.0,71.5,68.5,68.98,442000,psxdata,2026-05-11T12:56:41
ASTL,2016-12-09,69.5,71.0,68.86,69.05,648000,psxdata,2026-05-11T12:56:41
ASTL,2016-12-13,69.0,69.7,67.9,69.18,1401500,psxdata,2026-05-11T12:56:41
ASTL,2016-12-14,68.5,69.0,67.31,67.71,594500,psxdata,2026-05-11T12:56:41
ASTL,2016-12-15,67.25,69.0,67.1,68.6,746000,psxdata,2026-05-11T12:56:41
ASTL,2016-12-16,68.7,69.4,68.01,68.82,309500,psxdata,2026-05-11T12:56:41
ASTL,2016-12-19,68.71,71.2,68.71,69.0,1067500,psxdata,2026-05-11T12:56:41
ASTL,2016-12-20,68.85,69.24,67.5,67.59,2071500,psxdata,2026-05-11T12:56:41
ASTL,2016-12-21,68.31,68.31,66.5,66.79,2881000,psxdata,2026-05-11T12:56:41
ASTL,2016-12-22,66.7,67.5,66.01,66.28,1206000,psxdata,2026-05-11T12:56:41
ASTL,2016-12-23,66.0,66.48,65.4,65.52,416500,psxdata,2026-05-11T12:56:41
ASTL,2016-12-26,65.85,68.75,65.7,67.8,2212500,psxdata,2026-05-11T12:56:41
ASTL,2016-12-27,68.0,68.75,66.9,67.14,914500,psxdata,2026-05-11T12:56:41
ASTL,2016-12-28,67.2,67.7,66.5,66.63,659500,psxdata,2026-05-11T12:56:41
ASTL,2016-12-29,66.63,67.25,65.9,66.42,605000,psxdata,2026-05-11T12:56:41
ASTL,2016-12-30,66.2,67.6,66.16,66.59,1169000,psxdata,2026-05-11T12:56:41
ASTL,2017-01-02,66.9,69.91,66.8,69.8,4316500,psxdata,2026-05-11T12:56:41
ASTL,2017-01-03,70.45,72.19,69.22,70.4,3942500,psxdata,2026-05-11T12:56:41
ASTL,2017-01-04,70.5,73.45,69.6,72.68,4916500,psxdata,2026-05-11T12:56:41
ASTL,2017-01-05,73.0,76.31,72.95,75.67,6499000,psxdata,2026-05-11T12:56:41
ASTL,2017-01-06,76.0,79.45,76.0,79.45,4179500,psxdata,2026-05-11T12:56:41
ASTL,2017-01-09,81.6,83.42,80.15,82.41,4640000,psxdata,2026-05-11T12:56:41
ASTL,2017-01-10,83.11,86.53,81.6,84.26,2894500,psxdata,2026-05-11T12:56:41
ASTL,2017-01-11,86.0,88.47,86.0,88.47,2798000,psxdata,2026-05-11T12:56:41
ASTL,2017-01-12,91.25,92.89,90.6,92.34,3878500,psxdata,2026-05-11T12:56:41
ASTL,2017-01-13,93.4,96.95,92.5,95.68,2446000,psxdata,2026-05-11T12:56:41
ASTL,2017-01-16,96.12,98.4,90.9,91.45,2369500,psxdata,2026-05-11T12:56:41
ASTL,2017-01-17,90.98,92.0,86.88,87.05,5681500,psxdata,2026-05-11T12:56:41
ASTL,2017-01-18,87.0,88.88,82.7,82.71,6015000,psxdata,2026-05-11T12:56:41
ASTL,2017-01-19,83.47,86.84,83.47,86.84,3695000,psxdata,2026-05-11T12:56:41
ASTL,2017-01-20,88.39,90.99,87.0,88.78,3292500,psxdata,2026-05-11T12:56:41
ASTL,2017-01-23,91.0,91.0,86.71,87.57,1534000,psxdata,2026-05-11T12:56:41
ASTL,2017-01-24,88.0,88.0,84.01,85.69,974000,psxdata,2026-05-11T12:56:41
ASTL,2017-01-25,85.95,87.35,83.0,83.89,2190000,psxdata,2026-05-11T12:56:41
ASTL,2017-01-26,83.99,86.9,83.1,85.22,2587500,psxdata,2026-05-11T12:56:41
ASTL,2017-01-27,85.4,86.1,82.5,83.06,1529000,psxdata,2026-05-11T12:56:41
ASTL,2017-01-30,83.06,86.7,82.7,84.16,3023500,psxdata,2026-05-11T12:56:41
ASTL,2017-01-31,84.45,86.0,82.5,83.17,1324500,psxdata,2026-05-11T12:56:41
ASTL,2017-02-01,84.2,86.0,83.11,85.26,2229500,psxdata,2026-05-11T12:56:41
ASTL,2017-02-02,85.89,87.02,83.7,83.93,3653000,psxdata,2026-05-11T12:56:41
ASTL,2017-02-03,83.15,84.55,83.15,83.8,556500,psxdata,2026-05-11T12:56:41
ASTL,2017-02-06,83.9,84.9,83.9,84.16,458500,psxdata,2026-05-11T12:56:41
ASTL,2017-02-07,84.0,88.24,84.0,86.99,2087500,psxdata,2026-05-11T12:56:41
ASTL,2017-02-08,88.25,90.25,88.0,89.19,2245500,psxdata,2026-05-11T12:56:41
ASTL,2017-02-09,88.95,91.98,88.0,88.58,3110500,psxdata,2026-05-11T12:56:41
ASTL,2017-02-10,88.05,91.85,86.5,90.5,2229000,psxdata,2026-05-11T12:56:41
ASTL,2017-02-13,91.49,92.31,85.98,87.5,1741000,psxdata,2026-05-11T12:56:41
ASTL,2017-02-14,89.98,90.75,87.5,89.33,1626500,psxdata,2026-05-11T12:56:41
ASTL,2017-02-15,89.98,90.55,86.56,87.82,1540500,psxdata,2026-05-11T12:56:41
ASTL,2017-02-16,87.98,89.75,86.65,88.72,497500,psxdata,2026-05-11T12:56:41
ASTL,2017-02-17,88.7,88.99,87.4,87.54,190000,psxdata,2026-05-11T12:56:41
ASTL,2017-02-20,87.5,87.6,84.15,84.72,943500,psxdata,2026-05-11T12:56:41
ASTL,2017-02-21,84.5,85.6,82.7,83.78,763000,psxdata,2026-05-11T12:56:41
ASTL,2017-02-22,84.5,85.1,82.25,83.24,540500,psxdata,2026-05-11T12:56:41
ASTL,2017-02-23,81.15,84.4,81.0,83.44,646500,psxdata,2026-05-11T12:56:41
ASTL,2017-02-24,83.5,85.1,82.0,82.91,1787000,psxdata,2026-05-11T12:56:41
ASTL,2017-02-27,84.0,84.0,79.6,81.15,340500,psxdata,2026-05-11T12:56:41
ASTL,2017-02-28,80.0,82.73,80.0,81.54,234000,psxdata,2026-05-11T12:56:41
ASTL,2017-03-01,82.15,85.61,82.15,85.24,578500,psxdata,2026-05-11T12:56:41
ASTL,2017-03-02,86.39,87.65,86.0,86.9,649000,psxdata,2026-05-11T12:56:41
ASTL,2017-03-03,87.0,87.5,85.0,85.33,228500,psxdata,2026-05-11T12:56:41
ASTL,2017-03-06,84.61,85.0,83.6,84.02,79500,psxdata,2026-05-11T12:56:41
ASTL,2017-03-07,83.51,84.5,83.5,83.59,123500,psxdata,2026-05-11T12:56:41
ASTL,2017-03-08,83.1,86.0,83.1,85.28,510000,psxdata,2026-05-11T12:56:41
ASTL,2017-03-09,84.55,85.4,84.0,84.46,301000,psxdata,2026-05-11T12:56:41
ASTL,2017-03-10,82.52,86.28,82.5,85.76,396000,psxdata,2026-05-11T12:56:41
ASTL,2017-03-13,86.38,87.5,86.0,86.68,464500,psxdata,2026-05-11T12:56:41
ASTL,2017-03-14,86.12,87.5,84.25,86.99,431000,psxdata,2026-05-11T12:56:41
ASTL,2017-03-15,87.5,91.33,87.05,91.33,2528500,psxdata,2026-05-11T12:56:41
ASTL,2017-03-16,91.65,92.7,88.5,91.25,1596500,psxdata,2026-05-11T12:56:41
ASTL,2017-03-17,91.8,92.0,89.1,90.28,216000,psxdata,2026-05-11T12:56:41
ASTL,2017-03-20,91.0,92.5,91.0,91.78,406500,psxdata,2026-05-11T12:56:41
ASTL,2017-03-21,92.5,94.26,91.4,92.96,588000,psxdata,2026-05-11T12:56:41
ASTL,2017-03-22,92.75,95.75,92.75,93.03,645500,psxdata,2026-05-11T12:56:41
ASTL,2017-03-24,93.2,94.9,92.0,92.7,1200500,psxdata,2026-05-11T12:56:41
ASTL,2017-03-27,92.3,93.78,92.3,93.01,800500,psxdata,2026-05-11T12:56:41
ASTL,2017-03-28,92.9,93.2,92.5,93.01,217000,psxdata,2026-05-11T12:56:41
ASTL,2017-03-29,93.01,94.0,92.5,93.0,459500,psxdata,2026-05-11T12:56:41
ASTL,2017-03-30,93.0,94.5,92.5,93.13,1760000,psxdata,2026-05-11T12:56:41
ASTL,2017-03-31,93.0,96.7,92.55,94.95,576500,psxdata,2026-05-11T12:56:41
ASTL,2017-04-03,95.25,95.25,90.61,93.59,926000,psxdata,2026-05-11T12:56:41
ASTL,2017-04-04,93.61,95.5,92.5,94.25,424500,psxdata,2026-05-11T12:56:41
ASTL,2017-04-05,95.6,98.96,93.5,94.3,1910000,psxdata,2026-05-11T12:56:41
ASTL,2017-04-06,94.79,96.0,92.9,94.93,408500,psxdata,2026-05-11T12:56:41
ASTL,2017-04-07,94.8,95.69,94.0,94.14,71000,psxdata,2026-05-11T12:56:41
ASTL,2017-04-10,93.35,98.1,93.0,95.97,520500,psxdata,2026-05-11T12:56:41
ASTL,2017-04-11,96.99,100.0,96.25,96.78,577000,psxdata,2026-05-11T12:56:41
ASTL,2017-04-12,97.1,97.5,95.5,95.85,186500,psxdata,2026-05-11T12:56:41
ASTL,2017-04-13,96.9,96.9,95.0,95.33,141500,psxdata,2026-05-11T12:56:41
ASTL,2017-04-14,95.55,96.98,94.12,94.71,92000,psxdata,2026-05-11T12:56:41
ASTL,2017-04-17,94.2,94.2,91.05,92.13,118500,psxdata,2026-05-11T12:56:41
ASTL,2017-04-18,92.51,94.2,92.1,93.27,79000,psxdata,2026-05-11T12:56:41
ASTL,2017-04-19,90.0,96.8,90.0,96.01,290500,psxdata,2026-05-11T12:56:41
ASTL,2017-04-20,95.05,100.81,94.5,100.69,3167000,psxdata,2026-05-11T12:56:41
ASTL,2017-04-21,105.72,105.72,105.72,105.72,219000,psxdata,2026-05-11T12:56:41
ASTL,2017-04-24,111.0,111.0,111.0,111.0,104000,psxdata,2026-05-11T12:56:41
ASTL,2017-04-25,116.55,116.55,114.01,116.51,1657500,psxdata,2026-05-11T12:56:41
ASTL,2017-04-26,117.4,119.9,113.0,113.9,527000,psxdata,2026-05-11T12:56:41
ASTL,2017-04-27,112.5,116.55,108.21,108.33,789000,psxdata,2026-05-11T12:56:41
ASTL,2017-04-28,108.5,113.74,107.5,113.74,395500,psxdata,2026-05-11T12:56:41
ASTL,2017-05-02,115.39,117.8,110.1,111.43,256500,psxdata,2026-05-11T12:56:41
ASTL,2017-05-03,110.65,115.5,110.1,110.8,286500,psxdata,2026-05-11T12:56:41
ASTL,2017-05-04,113.99,114.21,111.1,112.51,278000,psxdata,2026-05-11T12:56:41
ASTL,2017-05-05,111.5,118.13,111.5,116.82,628500,psxdata,2026-05-11T12:56:41
ASTL,2017-05-08,118.0,120.35,118.0,119.37,388500,psxdata,2026-05-11T12:56:41
ASTL,2017-05-09,121.7,125.33,118.1,120.2,1270000,psxdata,2026-05-11T12:56:41
ASTL,2017-05-10,120.98,122.0,118.81,120.79,291000,psxdata,2026-05-11T12:56:41
ASTL,2017-05-11,122.5,122.5,120.55,120.76,117000,psxdata,2026-05-11T12:56:41
ASTL,2017-05-12,119.62,123.0,119.6,121.24,240000,psxdata,2026-05-11T12:56:41
ASTL,2017-05-15,120.0,125.85,120.0,124.04,368000,psxdata,2026-05-11T12:56:41
ASTL,2017-05-16,124.0,125.0,121.5,121.53,225500,psxdata,2026-05-11T12:56:41
ASTL,2017-05-17,122.0,124.0,121.65,122.13,123500,psxdata,2026-05-11T12:56:41
ASTL,2017-05-18,120.75,122.22,120.75,121.97,50000,psxdata,2026-05-11T12:56:41
ASTL,2017-05-19,123.0,123.0,120.0,120.61,107000,psxdata,2026-05-11T12:56:41
ASTL,2017-05-22,120.61,122.0,119.5,121.66,106000,psxdata,2026-05-11T12:56:41
ASTL,2017-05-23,121.0,123.1,121.0,122.12,96500,psxdata,2026-05-11T12:56:41
ASTL,2017-05-24,122.11,123.0,119.5,119.64,849000,psxdata,2026-05-11T12:56:41
ASTL,2017-05-25,119.0,125.62,119.0,125.62,441000,psxdata,2026-05-11T12:56:41
ASTL,2017-05-26,129.4,131.9,127.0,131.43,1176000,psxdata,2026-05-11T12:56:41
ASTL,2017-05-29,126.01,138.0,126.01,137.97,842500,psxdata,2026-05-11T12:56:41
ASTL,2017-05-30,142.0,144.15,132.5,135.86,433500,psxdata,2026-05-11T12:56:41
ASTL,2017-05-31,137.0,140.49,134.0,136.21,441000,psxdata,2026-05-11T12:56:41
ASTL,2017-06-01,135.9,138.0,129.4,130.1,465000,psxdata,2026-05-11T12:56:41
ASTL,2017-06-02,124.01,131.0,123.6,128.04,287500,psxdata,2026-05-11T12:56:41
ASTL,2017-06-05,130.5,134.44,129.0,133.81,226500,psxdata,2026-05-11T12:56:41
ASTL,2017-06-06,134.0,134.0,131.8,133.66,97000,psxdata,2026-05-11T12:56:41
ASTL,2017-06-07,133.5,136.0,133.0,133.34,70500,psxdata,2026-05-11T12:56:41
ASTL,2017-06-08,133.05,134.5,132.6,133.0,35000,psxdata,2026-05-11T12:56:41
ASTL,2017-06-09,133.8,133.8,127.6,128.24,28500,psxdata,2026-05-11T12:56:41
ASTL,2017-06-12,122.0,124.9,121.83,124.34,306500,psxdata,2026-05-11T12:56:41
ASTL,2017-06-13,125.0,130.0,120.0,126.58,342500,psxdata,2026-05-11T12:56:41
ASTL,2017-06-14,129.98,129.98,124.0,124.08,54000,psxdata,2026-05-11T12:56:41
ASTL,2017-06-15,122.0,130.16,120.01,127.56,209000,psxdata,2026-05-11T12:56:41
ASTL,2017-06-16,128.0,128.0,125.9,126.07,24500,psxdata,2026-05-11T12:56:41
ASTL,2017-06-19,130.0,132.0,123.0,126.26,97500,psxdata,2026-05-11T12:56:41
ASTL,2017-06-20,125.0,127.89,119.95,119.95,376000,psxdata,2026-05-11T12:56:41
ASTL,2017-06-21,123.0,123.0,113.96,121.61,500000,psxdata,2026-05-11T12:56:41
ASTL,2017-06-22,125.0,127.69,124.8,127.69,761000,psxdata,2026-05-11T12:56:41
ASTL,2017-06-29,129.01,129.01,121.31,121.96,319000,psxdata,2026-05-11T12:56:41
ASTL,2017-06-30,122.8,125.5,121.0,122.95,74500,psxdata,2026-05-11T12:56:41
ASTL,2017-07-03,121.0,121.0,116.81,116.81,257900,psxdata,2026-05-11T12:56:41
ASTL,2017-07-04,117.0,122.0,115.0,116.11,229800,psxdata,2026-05-11T12:56:41
ASTL,2017-07-05,114.98,116.95,110.31,110.34,533800,psxdata,2026-05-11T12:56:41
ASTL,2017-07-06,108.98,112.39,108.98,110.38,49900,psxdata,2026-05-11T12:56:41
ASTL,2017-07-07,112.95,115.89,110.0,113.99,294700,psxdata,2026-05-11T12:56:41
ASTL,2017-07-10,110.0,119.68,110.0,119.48,1895400,psxdata,2026-05-11T12:56:41
ASTL,2017-07-11,115.99,115.99,113.51,113.51,490000,psxdata,2026-05-11T12:56:41
ASTL,2017-07-12,110.1,112.99,107.84,107.85,1980100,psxdata,2026-05-11T12:56:41
ASTL,2017-07-13,106.99,109.9,102.46,103.75,361800,psxdata,2026-05-11T12:56:41
ASTL,2017-07-14,103.5,108.93,102.0,108.89,399100,psxdata,2026-05-11T12:56:41
ASTL,2017-07-17,105.35,109.99,105.35,107.99,111900,psxdata,2026-05-11T12:56:41
ASTL,2017-07-18,107.98,113.38,107.98,113.38,520700,psxdata,2026-05-11T12:56:41
ASTL,2017-07-19,111.5,115.39,110.05,111.48,476900,psxdata,2026-05-11T12:56:41
ASTL,2017-07-20,114.49,115.99,109.5,110.41,320600,psxdata,2026-05-11T12:56:41
ASTL,2017-07-21,109.9,113.0,108.52,111.81,93200,psxdata,2026-05-11T12:56:41
ASTL,2017-07-24,114.0,114.5,111.5,114.08,105500,psxdata,2026-05-11T12:56:41
ASTL,2017-07-25,114.2,116.8,114.0,115.56,181700,psxdata,2026-05-11T12:56:41
ASTL,2017-07-26,115.97,118.0,114.11,115.4,119400,psxdata,2026-05-11T12:56:41
ASTL,2017-07-27,114.0,116.5,114.0,114.51,52300,psxdata,2026-05-11T12:56:41
ASTL,2017-07-28,110.0,115.87,108.79,109.04,4067600,psxdata,2026-05-11T12:56:41
ASTL,2017-07-31,110.95,112.6,109.02,109.77,802400,psxdata,2026-05-11T12:56:41
ASTL,2017-08-01,110.97,112.0,109.57,111.48,1037300,psxdata,2026-05-11T12:56:41
ASTL,2017-08-02,112.8,113.75,112.0,113.21,593600,psxdata,2026-05-11T12:56:41
ASTL,2017-08-03,115.3,115.9,112.7,115.08,926300,psxdata,2026-05-11T12:56:41
ASTL,2017-08-04,115.78,115.95,113.0,113.6,343900,psxdata,2026-05-11T12:56:41
ASTL,2017-08-07,114.0,114.0,110.5,110.98,216600,psxdata,2026-05-11T12:56:41
ASTL,2017-08-08,112.0,112.0,106.51,106.95,259200,psxdata,2026-05-11T12:56:41
ASTL,2017-08-09,104.61,109.49,104.31,108.96,285600,psxdata,2026-05-11T12:56:41
ASTL,2017-08-10,109.5,110.99,105.5,106.19,171200,psxdata,2026-05-11T12:56:41
ASTL,2017-08-11,104.8,107.88,104.75,106.23,53600,psxdata,2026-05-11T12:56:41
ASTL,2017-08-15,106.79,106.9,100.92,100.92,339800,psxdata,2026-05-11T12:56:41
ASTL,2017-08-16,101.98,101.98,97.8,98.22,361200,psxdata,2026-05-11T12:56:41
ASTL,2017-08-17,99.0,99.11,93.31,93.81,714900,psxdata,2026-05-11T12:56:41
ASTL,2017-08-18,90.6,91.99,89.12,89.54,737800,psxdata,2026-05-11T12:56:41
ASTL,2017-08-21,90.99,91.85,87.0,89.14,301700,psxdata,2026-05-11T12:56:41
ASTL,2017-08-22,87.0,93.59,85.0,92.64,197800,psxdata,2026-05-11T12:56:41
ASTL,2017-08-23,93.4,97.2,93.0,96.98,581600,psxdata,2026-05-11T12:56:41
ASTL,2017-08-24,97.4,99.5,92.24,93.36,804900,psxdata,2026-05-11T12:56:41
ASTL,2017-08-25,92.5,95.99,92.25,95.87,237800,psxdata,2026-05-11T12:56:41
ASTL,2017-08-28,93.0,95.0,91.08,92.09,631900,psxdata,2026-05-11T12:56:41
ASTL,2017-08-29,92.5,95.0,91.25,93.48,536000,psxdata,2026-05-11T12:56:41
ASTL,2017-08-30,94.0,95.0,92.51,94.12,271500,psxdata,2026-05-11T12:56:41
ASTL,2017-08-31,94.2,96.4,93.66,95.77,72500,psxdata,2026-05-11T12:56:41
ASTL,2017-09-05,96.0,100.55,96.0,100.53,581000,psxdata,2026-05-11T12:56:41
ASTL,2017-09-06,101.45,104.3,99.5,100.82,506800,psxdata,2026-05-11T12:56:41
ASTL,2017-09-07,97.0,103.5,95.78,99.05,442900,psxdata,2026-05-11T12:56:41
ASTL,2017-09-08,101.0,102.5,99.0,100.96,287500,psxdata,2026-05-11T12:56:41
ASTL,2017-09-11,100.11,102.45,97.0,100.28,117600,psxdata,2026-05-11T12:56:41
ASTL,2017-09-12,99.1,99.25,95.52,96.28,125600,psxdata,2026-05-11T12:56:41
ASTL,2017-09-13,95.7,101.0,94.7,100.36,361500,psxdata,2026-05-11T12:56:41
ASTL,2017-09-14,101.0,102.5,99.5,100.99,286700,psxdata,2026-05-11T12:56:41
ASTL,2017-09-15,100.0,102.88,100.0,100.51,170200,psxdata,2026-05-11T12:56:41
ASTL,2017-09-18,102.0,102.0,100.0,100.36,43700,psxdata,2026-05-11T12:56:41
ASTL,2017-09-19,100.99,104.95,100.99,104.16,216300,psxdata,2026-05-11T12:56:41
ASTL,2017-09-20,105.51,108.5,104.0,106.06,394000,psxdata,2026-05-11T12:56:41
ASTL,2017-09-21,105.5,106.5,103.5,103.99,209200,psxdata,2026-05-11T12:56:41
ASTL,2017-09-22,103.5,107.5,102.5,104.05,85800,psxdata,2026-05-11T12:56:41
ASTL,2017-09-25,103.5,106.0,102.5,104.18,66500,psxdata,2026-05-11T12:56:41
ASTL,2017-09-26,103.06,103.16,100.04,101.43,50300,psxdata,2026-05-11T12:56:41
ASTL,2017-09-27,102.0,103.5,100.0,100.5,33900,psxdata,2026-05-11T12:56:41
ASTL,2017-09-28,100.75,102.52,100.5,101.93,36200,psxdata,2026-05-11T12:56:41
ASTL,2017-09-29,102.1,103.0,101.3,101.97,752900,psxdata,2026-05-11T12:56:41
ASTL,2017-10-02,100.26,101.31,100.0,100.12,28400,psxdata,2026-05-11T12:56:41
ASTL,2017-10-03,100.0,100.0,97.0,98.55,113000,psxdata,2026-05-11T12:56:41
ASTL,2017-10-04,99.5,100.25,93.63,93.85,718100,psxdata,2026-05-11T12:56:41
ASTL,2017-10-05,96.0,97.0,89.5,91.37,575000,psxdata,2026-05-11T12:56:41
ASTL,2017-10-06,91.98,94.7,90.0,93.06,262700,psxdata,2026-05-11T12:56:41
ASTL,2017-10-09,93.05,93.9,90.0,90.98,57100,psxdata,2026-05-11T12:56:41
ASTL,2017-10-10,89.5,91.38,87.01,89.21,180700,psxdata,2026-05-11T12:56:41
ASTL,2017-10-11,89.89,89.89,84.55,87.06,104200,psxdata,2026-05-11T12:56:41
ASTL,2017-10-12,87.0,87.1,82.8,83.92,188500,psxdata,2026-05-11T12:56:41
ASTL,2017-10-13,83.6,83.6,79.73,79.73,1002500,psxdata,2026-05-11T12:56:41
ASTL,2017-10-16,80.0,82.95,77.05,81.97,410100,psxdata,2026-05-11T12:56:41
ASTL,2017-10-17,81.99,84.0,79.3,81.63,389700,psxdata,2026-05-11T12:56:41
ASTL,2017-10-18,81.45,85.7,79.26,80.12,77800,psxdata,2026-05-11T12:56:41
ASTL,2017-10-19,81.25,84.12,81.0,84.12,642000,psxdata,2026-05-11T12:56:41
ASTL,2017-10-20,86.0,88.32,86.0,88.32,389100,psxdata,2026-05-11T12:56:41
ASTL,2017-10-23,92.73,92.73,92.73,92.73,137800,psxdata,2026-05-11T12:56:41
ASTL,2017-10-24,96.5,96.79,93.0,94.78,774900,psxdata,2026-05-11T12:56:41
ASTL,2017-10-25,95.4,95.5,92.0,93.65,130200,psxdata,2026-05-11T12:56:41
ASTL,2017-10-26,95.11,97.9,89.22,90.74,1664500,psxdata,2026-05-11T12:56:41
ASTL,2017-10-27,89.0,90.1,88.0,88.8,209800,psxdata,2026-05-11T12:56:41
ASTL,2017-10-30,89.0,89.0,87.5,87.95,100500,psxdata,2026-05-11T12:56:41
ASTL,2017-10-31,84.25,90.59,84.22,88.11,230200,psxdata,2026-05-11T12:56:41
ASTL,2017-11-01,89.55,92.0,89.01,91.6,45700,psxdata,2026-05-11T12:56:41
ASTL,2017-11-02,92.0,93.98,90.1,91.7,60800,psxdata,2026-05-11T12:56:41
ASTL,2017-11-03,91.09,93.0,90.02,91.41,145200,psxdata,2026-05-11T12:56:41
ASTL,2017-11-06,91.0,91.0,88.15,89.41,90700,psxdata,2026-05-11T12:56:41
ASTL,2017-11-07,88.6,89.79,87.01,87.32,106900,psxdata,2026-05-11T12:56:41
ASTL,2017-11-08,87.89,91.68,87.0,91.68,227900,psxdata,2026-05-11T12:56:41
ASTL,2017-11-09,93.5,96.26,93.0,96.26,542300,psxdata,2026-05-11T12:56:41
ASTL,2017-11-10,95.0,97.98,94.0,94.81,197500,psxdata,2026-05-11T12:56:41
ASTL,2017-11-13,94.97,97.49,93.0,95.44,111000,psxdata,2026-05-11T12:56:41
ASTL,2017-11-14,97.34,97.8,94.8,95.04,71900,psxdata,2026-05-11T12:56:41
ASTL,2017-11-15,94.3,96.0,94.25,95.31,217300,psxdata,2026-05-11T12:56:41
ASTL,2017-11-16,95.35,96.0,95.01,95.48,80700,psxdata,2026-05-11T12:56:41
ASTL,2017-11-17,96.98,99.35,96.01,97.7,418100,psxdata,2026-05-11T12:56:41
ASTL,2017-11-20,98.3,101.0,96.75,97.72,1177000,psxdata,2026-05-11T12:56:41
ASTL,2017-11-21,97.98,98.98,97.02,97.53,233800,psxdata,2026-05-11T12:56:41
ASTL,2017-11-22,97.35,98.0,95.51,95.83,883000,psxdata,2026-05-11T12:56:41
ASTL,2017-11-23,96.5,96.54,93.6,94.94,228900,psxdata,2026-05-11T12:56:41
ASTL,2017-11-24,94.0,95.79,92.0,93.25,407600,psxdata,2026-05-11T12:56:41
ASTL,2017-11-27,92.05,92.5,90.0,91.67,227200,psxdata,2026-05-11T12:56:41
ASTL,2017-11-28,91.98,92.7,89.02,89.58,41500,psxdata,2026-05-11T12:56:41
ASTL,2017-11-29,90.95,91.49,89.0,90.89,52700,psxdata,2026-05-11T12:56:41
ASTL,2017-11-30,91.0,94.5,91.0,94.01,188300,psxdata,2026-05-11T12:56:41
ASTL,2017-12-04,93.99,95.03,93.1,93.78,22700,psxdata,2026-05-11T12:56:41
ASTL,2017-12-05,94.5,95.9,93.01,93.2,36200,psxdata,2026-05-11T12:56:41
ASTL,2017-12-06,92.51,94.15,92.51,93.67,8300,psxdata,2026-05-11T12:56:41
ASTL,2017-12-07,93.2,94.0,88.99,89.28,160100,psxdata,2026-05-11T12:56:41
ASTL,2017-12-08,86.51,91.95,86.2,88.31,115100,psxdata,2026-05-11T12:56:41
ASTL,2017-12-11,88.5,89.5,83.9,84.13,175500,psxdata,2026-05-11T12:56:41
ASTL,2017-12-12,85.99,85.99,82.0,85.0,304400,psxdata,2026-05-11T12:56:41
ASTL,2017-12-13,87.5,87.5,84.0,85.76,51300,psxdata,2026-05-11T12:56:41
ASTL,2017-12-14,84.5,85.5,81.52,82.13,67900,psxdata,2026-05-11T12:56:41
ASTL,2017-12-15,81.1,85.35,81.1,84.65,100500,psxdata,2026-05-11T12:56:41
ASTL,2017-12-18,84.75,85.75,84.0,84.0,29100,psxdata,2026-05-11T12:56:41
ASTL,2017-12-19,83.0,83.9,81.0,81.37,20000,psxdata,2026-05-11T12:56:41
ASTL,2017-12-20,82.9,84.49,77.5,79.11,282100,psxdata,2026-05-11T12:56:41
ASTL,2017-12-21,81.5,83.06,78.25,83.06,244500,psxdata,2026-05-11T12:56:41
ASTL,2017-12-22,82.82,87.21,82.8,87.21,171100,psxdata,2026-05-11T12:56:41
ASTL,2017-12-26,90.7,91.57,90.0,91.49,319700,psxdata,2026-05-11T12:56:41
ASTL,2017-12-27,93.4,96.06,92.0,96.06,603000,psxdata,2026-05-11T12:56:41
ASTL,2017-12-28,96.75,97.5,93.12,94.54,488800,psxdata,2026-05-11T12:56:41
ASTL,2017-12-29,95.0,96.99,91.1,92.66,518500,psxdata,2026-05-11T12:56:41
ASTL,2018-01-01,92.01,94.5,91.0,93.78,73000,psxdata,2026-05-11T12:56:41
ASTL,2018-01-02,94.0,95.95,93.25,94.86,351000,psxdata,2026-05-11T12:56:41
ASTL,2018-01-03,95.95,96.0,93.5,93.6,57500,psxdata,2026-05-11T12:56:41
ASTL,2018-01-04,93.5,94.48,93.0,94.03,65500,psxdata,2026-05-11T12:56:41
ASTL,2018-01-05,95.85,98.73,95.85,96.84,707500,psxdata,2026-05-11T12:56:41
ASTL,2018-01-08,97.87,99.5,96.0,97.97,1489500,psxdata,2026-05-11T12:56:41
ASTL,2018-01-09,98.49,98.5,96.01,96.34,137500,psxdata,2026-05-11T12:56:41
ASTL,2018-01-10,98.0,99.97,96.5,99.52,1722500,psxdata,2026-05-11T12:56:41
ASTL,2018-01-11,99.08,100.9,96.01,96.49,1465000,psxdata,2026-05-11T12:56:41
ASTL,2018-01-12,96.0,96.5,91.67,92.56,449500,psxdata,2026-05-11T12:56:41
ASTL,2018-01-15,91.62,93.0,89.21,90.04,348500,psxdata,2026-05-11T12:56:41
ASTL,2018-01-16,88.2,94.5,88.2,92.92,213500,psxdata,2026-05-11T12:56:41
ASTL,2018-01-17,93.75,97.41,92.56,94.96,332500,psxdata,2026-05-11T12:56:41
ASTL,2018-01-18,96.5,99.7,96.1,98.08,1890500,psxdata,2026-05-11T12:56:41
ASTL,2018-01-19,99.4,99.9,97.11,98.16,336500,psxdata,2026-05-11T12:56:41
ASTL,2018-01-22,98.5,99.98,98.1,99.37,683000,psxdata,2026-05-11T12:56:41
ASTL,2018-01-23,98.01,99.0,97.0,97.91,453500,psxdata,2026-05-11T12:56:41
ASTL,2018-01-24,98.99,100.0,97.5,97.83,451000,psxdata,2026-05-11T12:56:41
ASTL,2018-01-25,97.09,97.51,96.5,96.92,66500,psxdata,2026-05-11T12:56:41
ASTL,2018-01-26,96.5,98.0,95.51,96.98,151500,psxdata,2026-05-11T12:56:41
ASTL,2018-01-29,97.01,97.4,96.35,96.42,157000,psxdata,2026-05-11T12:56:41
ASTL,2018-01-30,96.33,98.49,96.21,97.67,315000,psxdata,2026-05-11T12:56:41
ASTL,2018-01-31,98.0,98.25,97.0,97.09,165000,psxdata,2026-05-11T12:56:41
ASTL,2018-02-01,97.5,99.0,97.0,97.22,473500,psxdata,2026-05-11T12:56:41
ASTL,2018-02-02,98.0,98.0,96.11,96.44,79000,psxdata,2026-05-11T12:56:41
ASTL,2018-02-06,95.02,97.25,95.01,95.63,134500,psxdata,2026-05-11T12:56:41
ASTL,2018-02-07,96.7,96.95,92.0,94.35,378500,psxdata,2026-05-11T12:56:41
ASTL,2018-02-08,94.06,94.06,93.15,93.51,56000,psxdata,2026-05-11T12:56:41
ASTL,2018-02-09,92.12,95.8,92.11,93.55,70500,psxdata,2026-05-11T12:56:41
ASTL,2018-02-12,93.65,93.65,92.51,93.5,32000,psxdata,2026-05-11T12:56:41
ASTL,2018-02-13,94.99,95.95,94.25,94.49,126500,psxdata,2026-05-11T12:56:41
ASTL,2018-02-14,96.1,96.1,91.0,91.97,83500,psxdata,2026-05-11T12:56:41
ASTL,2018-02-15,92.4,92.4,88.4,89.03,547000,psxdata,2026-05-11T12:56:41
ASTL,2018-02-16,88.01,92.0,88.0,91.53,158500,psxdata,2026-05-11T12:56:41
ASTL,2018-02-19,93.0,94.08,92.0,94.0,139500,psxdata,2026-05-11T12:56:41
ASTL,2018-02-20,94.0,97.99,93.0,95.85,285500,psxdata,2026-05-11T12:56:41
ASTL,2018-02-21,97.0,97.0,94.0,94.12,167000,psxdata,2026-05-11T12:56:41
ASTL,2018-02-22,92.0,93.8,92.0,93.12,91000,psxdata,2026-05-11T12:56:41
ASTL,2018-02-23,93.5,93.89,91.1,92.43,58000,psxdata,2026-05-11T12:56:41
ASTL,2018-02-26,92.45,93.5,91.6,92.33,226000,psxdata,2026-05-11T12:56:41
ASTL,2018-02-27,92.0,92.5,90.13,90.75,75000,psxdata,2026-05-11T12:56:41
ASTL,2018-02-28,92.49,93.12,90.51,92.17,88500,psxdata,2026-05-11T12:56:41
ASTL,2018-03-01,92.5,93.0,91.05,92.62,46000,psxdata,2026-05-11T12:56:41
ASTL,2018-03-02,93.0,93.0,92.0,92.11,44000,psxdata,2026-05-11T12:56:41
ASTL,2018-03-05,92.51,93.0,92.0,92.24,33500,psxdata,2026-05-11T12:56:41
ASTL,2018-03-06,93.0,94.47,92.5,94.09,525000,psxdata,2026-05-11T12:56:41
ASTL,2018-03-07,94.4,95.0,94.0,94.25,75000,psxdata,2026-05-11T12:56:41
ASTL,2018-03-08,93.52,94.49,93.5,93.52,253000,psxdata,2026-05-11T12:56:41
ASTL,2018-03-09,93.02,94.5,93.0,93.88,40500,psxdata,2026-05-11T12:56:41
ASTL,2018-03-12,94.49,95.75,92.3,95.72,270000,psxdata,2026-05-11T12:56:41
ASTL,2018-03-13,96.25,97.1,95.9,96.69,119500,psxdata,2026-05-11T12:56:41
ASTL,2018-03-14,96.05,96.3,95.16,95.34,48500,psxdata,2026-05-11T12:56:41
ASTL,2018-03-15,95.6,95.6,94.5,94.95,431500,psxdata,2026-05-11T12:56:41
ASTL,2018-03-16,95.75,95.75,94.01,94.44,108000,psxdata,2026-05-11T12:56:41
ASTL,2018-03-19,94.55,95.0,94.0,94.21,88000,psxdata,2026-05-11T12:56:41
ASTL,2018-03-20,94.99,95.0,93.0,93.57,748000,psxdata,2026-05-11T12:56:41
ASTL,2018-03-21,93.13,94.2,92.6,93.55,247500,psxdata,2026-05-11T12:56:41
ASTL,2018-03-22,94.41,94.41,92.5,94.01,91500,psxdata,2026-05-11T12:56:41
ASTL,2018-03-26,93.55,94.75,93.5,94.66,383000,psxdata,2026-05-11T12:56:41
ASTL,2018-03-27,94.5,95.0,92.5,93.25,618500,psxdata,2026-05-11T12:56:41
ASTL,2018-03-28,92.21,93.0,91.75,91.81,127500,psxdata,2026-05-11T12:56:41
ASTL,2018-03-29,92.4,92.9,91.5,91.6,288000,psxdata,2026-05-11T12:56:41
ASTL,2018-03-30,92.44,92.5,91.5,92.03,237500,psxdata,2026-05-11T12:56:41
ASTL,2018-04-02,92.21,94.37,92.21,93.61,404000,psxdata,2026-05-11T12:56:41
ASTL,2018-04-03,94.98,95.0,93.7,93.94,174000,psxdata,2026-05-11T12:56:41
ASTL,2018-04-04,94.1,96.51,94.0,94.5,618500,psxdata,2026-05-11T12:56:41
ASTL,2018-04-05,94.0,94.0,91.0,92.46,612500,psxdata,2026-05-11T12:56:41
ASTL,2018-04-06,92.98,93.5,91.5,91.73,165000,psxdata,2026-05-11T12:56:41
ASTL,2018-04-09,92.75,94.22,91.45,91.52,245000,psxdata,2026-05-11T12:56:41
ASTL,2018-04-10,91.52,92.0,91.4,91.57,48000,psxdata,2026-05-11T12:56:41
ASTL,2018-04-11,92.1,92.4,91.0,91.28,940000,psxdata,2026-05-11T12:56:41
ASTL,2018-04-12,91.5,91.5,90.56,90.81,82500,psxdata,2026-05-11T12:56:41
ASTL,2018-04-13,90.02,91.0,89.71,90.05,238000,psxdata,2026-05-11T12:56:41
ASTL,2018-04-16,89.9,90.2,89.25,89.48,87000,psxdata,2026-05-11T12:56:41
ASTL,2018-04-17,89.51,90.75,89.0,89.58,47500,psxdata,2026-05-11T12:56:41
ASTL,2018-04-18,90.5,90.99,89.0,89.03,115000,psxdata,2026-05-11T12:56:41
ASTL,2018-04-19,89.5,89.99,86.5,88.03,249000,psxdata,2026-05-11T12:56:41
ASTL,2018-04-20,88.03,88.1,84.52,86.03,163000,psxdata,2026-05-11T12:56:41
ASTL,2018-04-23,86.12,88.4,86.0,87.54,92000,psxdata,2026-05-11T12:56:41
ASTL,2018-04-24,87.5,88.9,87.02,87.3,246500,psxdata,2026-05-11T12:56:41
ASTL,2018-04-25,86.8,86.8,85.0,85.34,103500,psxdata,2026-05-11T12:56:41
ASTL,2018-04-26,85.0,85.5,83.5,83.61,218000,psxdata,2026-05-11T12:56:41
ASTL,2018-04-27,83.5,84.25,81.61,81.94,177500,psxdata,2026-05-11T12:56:41
ASTL,2018-04-30,82.99,85.97,82.5,83.0,326500,psxdata,2026-05-11T12:56:41
ASTL,2018-05-02,83.0,83.6,82.06,83.47,41000,psxdata,2026-05-11T12:56:41
ASTL,2018-05-03,82.05,82.95,82.05,82.28,35500,psxdata,2026-05-11T12:56:41
ASTL,2018-05-04,82.95,86.39,82.6,83.91,276000,psxdata,2026-05-11T12:56:41
ASTL,2018-05-07,85.59,85.59,81.65,81.76,105500,psxdata,2026-05-11T12:56:41
ASTL,2018-05-08,82.05,82.05,80.0,80.58,103500,psxdata,2026-05-11T12:56:41
ASTL,2018-05-09,80.7,80.9,78.01,79.95,183000,psxdata,2026-05-11T12:56:41
ASTL,2018-05-10,80.6,81.35,79.6,80.0,44500,psxdata,2026-05-11T12:56:41
ASTL,2018-05-11,80.15,80.6,79.05,79.53,37500,psxdata,2026-05-11T12:56:41
ASTL,2018-05-14,78.1,78.5,75.56,75.66,162000,psxdata,2026-05-11T12:56:41
ASTL,2018-05-15,76.0,79.44,72.23,77.77,242500,psxdata,2026-05-11T12:56:41
ASTL,2018-05-16,79.5,81.65,77.51,77.76,13500,psxdata,2026-05-11T12:56:41
ASTL,2018-05-17,77.0,77.0,75.0,75.72,30500,psxdata,2026-05-11T12:56:41
ASTL,2018-05-18,75.5,75.75,73.5,75.32,27000,psxdata,2026-05-11T12:56:41
ASTL,2018-05-21,72.2,75.12,72.2,74.95,34500,psxdata,2026-05-11T12:56:41
ASTL,2018-05-22,76.25,78.69,75.5,78.23,426500,psxdata,2026-05-11T12:56:41
ASTL,2018-05-23,79.9,81.2,77.75,78.08,221500,psxdata,2026-05-11T12:56:41
ASTL,2018-05-24,77.1,77.5,75.0,75.19,289000,psxdata,2026-05-11T12:56:41
ASTL,2018-05-25,75.01,75.93,74.6,75.01,76500,psxdata,2026-05-11T12:56:41
ASTL,2018-05-28,75.0,77.5,74.45,75.05,40000,psxdata,2026-05-11T12:56:41
ASTL,2018-05-29,76.0,76.9,74.75,76.53,27000,psxdata,2026-05-11T12:56:41
ASTL,2018-05-30,76.99,80.35,76.3,79.84,158500,psxdata,2026-05-11T12:56:41
ASTL,2018-05-31,80.65,81.5,79.0,81.02,206000,psxdata,2026-05-11T12:56:41
ASTL,2018-06-01,80.5,81.5,80.26,81.03,72500,psxdata,2026-05-11T12:56:41
ASTL,2018-06-04,81.0,81.69,81.0,81.48,176000,psxdata,2026-05-11T12:56:41
ASTL,2018-06-05,81.11,85.5,81.11,84.22,611500,psxdata,2026-05-11T12:56:41
ASTL,2018-06-06,85.25,85.5,83.51,85.0,244500,psxdata,2026-05-11T12:56:41
ASTL,2018-06-07,84.05,84.4,81.2,82.12,50000,psxdata,2026-05-11T12:56:41
ASTL,2018-06-11,82.0,83.0,78.02,78.02,160000,psxdata,2026-05-11T12:56:41
ASTL,2018-06-12,77.89,77.89,74.12,74.12,553500,psxdata,2026-05-11T12:56:41
ASTL,2018-06-13,74.0,75.79,73.2,73.88,184000,psxdata,2026-05-11T12:56:41
ASTL,2018-06-14,73.99,75.0,73.9,73.95,102000,psxdata,2026-05-11T12:56:41
ASTL,2018-06-19,74.0,74.9,71.75,72.24,147000,psxdata,2026-05-11T12:56:41
ASTL,2018-06-20,72.01,72.5,69.06,69.36,226500,psxdata,2026-05-11T12:56:41
ASTL,2018-06-21,67.56,70.1,67.56,69.32,1227500,psxdata,2026-05-11T12:56:41
ASTL,2018-06-22,70.45,70.45,65.86,66.16,574000,psxdata,2026-05-11T12:56:41
ASTL,2018-06-25,66.5,67.3,63.37,64.34,744000,psxdata,2026-05-11T12:56:41
ASTL,2018-06-26,65.0,67.55,64.5,65.36,539500,psxdata,2026-05-11T12:56:41
ASTL,2018-06-27,65.36,68.62,65.0,68.62,452500,psxdata,2026-05-11T12:56:41
ASTL,2018-06-28,69.0,71.9,69.0,70.93,579500,psxdata,2026-05-11T12:56:41
ASTL,2018-06-29,71.1,72.99,70.0,70.55,387500,psxdata,2026-05-11T12:56:41
ASTL,2018-07-02,71.25,71.25,69.06,69.08,52000,psxdata,2026-05-11T12:56:41
ASTL,2018-07-03,68.04,68.04,66.05,66.67,268000,psxdata,2026-05-11T12:56:41
ASTL,2018-07-04,65.52,66.0,63.34,63.34,142000,psxdata,2026-05-11T12:56:41
ASTL,2018-07-05,63.0,63.89,60.77,61.08,242000,psxdata,2026-05-11T12:56:41
ASTL,2018-07-06,60.01,62.0,60.01,61.16,223000,psxdata,2026-05-11T12:56:41
ASTL,2018-07-09,62.68,62.68,58.11,58.39,172500,psxdata,2026-05-11T12:56:41
ASTL,2018-07-10,58.35,61.3,58.0,59.4,377500,psxdata,2026-05-11T12:56:41
ASTL,2018-07-11,59.0,60.9,57.0,57.85,211000,psxdata,2026-05-11T12:56:41
ASTL,2018-07-12,57.0,58.23,56.56,57.95,81000,psxdata,2026-05-11T12:56:41
ASTL,2018-07-13,58.25,59.5,56.5,57.26,200500,psxdata,2026-05-11T12:56:41
ASTL,2018-07-16,56.5,57.0,54.4,54.4,242000,psxdata,2026-05-11T12:56:41
ASTL,2018-07-17,54.71,55.2,53.51,54.78,675500,psxdata,2026-05-11T12:56:41
ASTL,2018-07-18,55.51,57.51,55.51,57.51,929500,psxdata,2026-05-11T12:56:41
ASTL,2018-07-19,60.38,60.38,60.38,60.38,31500,psxdata,2026-05-11T12:56:41
ASTL,2018-07-20,63.39,63.39,61.18,62.35,3640500,psxdata,2026-05-11T12:56:41
ASTL,2018-07-23,62.0,62.85,61.0,61.92,441500,psxdata,2026-05-11T12:56:41
ASTL,2018-07-24,62.75,65.01,62.75,65.01,881000,psxdata,2026-05-11T12:56:41
ASTL,2018-07-26,68.26,68.26,66.11,68.26,740500,psxdata,2026-05-11T12:56:41
ASTL,2018-07-27,69.99,71.67,69.99,71.67,2030000,psxdata,2026-05-11T12:56:41
ASTL,2018-07-30,74.4,75.25,73.25,75.24,2352500,psxdata,2026-05-11T12:56:41
ASTL,2018-07-31,76.8,79.0,74.5,78.48,2643500,psxdata,2026-05-11T12:56:41
ASTL,2018-08-01,78.9,80.5,77.0,78.53,540500,psxdata,2026-05-11T12:56:41
ASTL,2018-08-02,78.5,78.5,76.1,78.04,675000,psxdata,2026-05-11T12:56:41
ASTL,2018-08-03,78.01,80.0,77.0,78.61,733000,psxdata,2026-05-11T12:56:41
ASTL,2018-08-06,81.6,82.54,77.65,81.91,2362500,psxdata,2026-05-11T12:56:41
ASTL,2018-08-07,82.0,83.18,80.0,81.82,731000,psxdata,2026-05-11T12:56:41
ASTL,2018-08-08,81.9,83.3,79.5,80.44,670000,psxdata,2026-05-11T12:56:41
ASTL,2018-08-09,80.25,80.8,79.0,79.85,985500,psxdata,2026-05-11T12:56:41
ASTL,2018-08-10,80.0,80.5,77.51,79.41,481000,psxdata,2026-05-11T12:56:41
ASTL,2018-08-13,80.0,80.0,76.1,77.02,466000,psxdata,2026-05-11T12:56:41
ASTL,2018-08-15,76.82,78.25,76.02,76.81,273000,psxdata,2026-05-11T12:56:41
ASTL,2018-08-16,76.0,76.7,74.02,75.42,190000,psxdata,2026-05-11T12:56:41
ASTL,2018-08-17,76.5,78.39,76.0,77.46,1316000,psxdata,2026-05-11T12:56:41
ASTL,2018-08-20,78.35,78.35,76.5,77.25,388000,psxdata,2026-05-11T12:56:41
ASTL,2018-08-24,77.89,79.25,76.11,78.8,397000,psxdata,2026-05-11T12:56:41
ASTL,2018-08-27,79.11,80.0,79.0,79.4,392000,psxdata,2026-05-11T12:56:41
ASTL,2018-08-28,79.25,79.4,76.7,76.91,232500,psxdata,2026-05-11T12:56:41
ASTL,2018-08-29,77.0,77.1,76.0,76.5,602500,psxdata,2026-05-11T12:56:41
ASTL,2018-08-30,76.11,76.39,76.0,76.05,224000,psxdata,2026-05-11T12:56:41
ASTL,2018-08-31,76.25,76.25,74.62,75.02,126500,psxdata,2026-05-11T12:56:41
ASTL,2018-09-03,74.62,74.62,71.8,73.23,35500,psxdata,2026-05-11T12:56:41
ASTL,2018-09-04,73.0,74.55,73.0,74.52,170000,psxdata,2026-05-11T12:56:41
ASTL,2018-09-05,74.52,74.52,72.28,73.23,159500,psxdata,2026-05-11T12:56:41
ASTL,2018-09-06,72.55,74.5,72.25,73.31,94500,psxdata,2026-05-11T12:56:41
ASTL,2018-09-07,73.0,73.3,70.2,71.95,124000,psxdata,2026-05-11T12:56:41
ASTL,2018-09-10,70.0,70.67,69.1,69.57,105000,psxdata,2026-05-11T12:56:41
ASTL,2018-09-11,70.0,71.5,69.5,71.32,274500,psxdata,2026-05-11T12:56:41
ASTL,2018-09-12,69.6,74.24,67.76,68.0,1823000,psxdata,2026-05-11T12:56:41
ASTL,2018-09-13,66.88,69.0,66.1,68.35,209000,psxdata,2026-05-11T12:56:41
ASTL,2018-09-14,70.0,70.0,68.5,69.67,173500,psxdata,2026-05-11T12:56:41
ASTL,2018-09-17,69.75,72.49,68.05,69.83,133000,psxdata,2026-05-11T12:56:41
ASTL,2018-09-18,71.0,72.4,68.01,71.43,253500,psxdata,2026-05-11T12:56:41
ASTL,2018-09-19,71.3,73.0,70.5,71.36,233500,psxdata,2026-05-11T12:56:41
ASTL,2018-09-24,71.1,71.6,68.0,69.87,218500,psxdata,2026-05-11T12:56:41
ASTL,2018-09-25,70.0,70.0,68.15,69.4,72000,psxdata,2026-05-11T12:56:41
ASTL,2018-09-26,68.3,68.65,67.2,67.96,117500,psxdata,2026-05-11T12:56:41
ASTL,2018-09-27,67.25,67.75,65.0,65.79,323000,psxdata,2026-05-11T12:56:41
ASTL,2018-09-28,65.2,68.9,64.1,64.95,302000,psxdata,2026-05-11T12:56:41
ASTL,2018-10-01,63.5,64.35,63.19,63.78,56000,psxdata,2026-05-11T12:56:41
ASTL,2018-10-02,63.5,64.9,62.26,62.97,352500,psxdata,2026-05-11T12:56:41
ASTL,2018-10-03,63.5,64.3,59.83,59.97,783500,psxdata,2026-05-11T12:56:41
ASTL,2018-10-04,59.0,59.4,57.75,58.22,420500,psxdata,2026-05-11T12:56:41
ASTL,2018-10-05,58.5,59.4,57.49,58.51,551500,psxdata,2026-05-11T12:56:41
ASTL,2018-10-08,57.75,60.9,55.59,55.59,855500,psxdata,2026-05-11T12:56:41
ASTL,2018-10-09,56.98,58.36,56.0,58.29,630000,psxdata,2026-05-11T12:56:41
ASTL,2018-10-10,57.36,61.2,56.1,60.94,254500,psxdata,2026-05-11T12:56:41
ASTL,2018-10-11,61.0,62.99,60.02,60.93,109500,psxdata,2026-05-11T12:56:41
ASTL,2018-10-12,59.01,59.01,55.8,57.91,300500,psxdata,2026-05-11T12:56:41
ASTL,2018-10-15,56.99,59.0,55.2,57.71,106500,psxdata,2026-05-11T12:56:41
ASTL,2018-10-16,57.7,60.3,56.32,56.7,103000,psxdata,2026-05-11T12:56:41
ASTL,2018-10-17,57.9,59.53,57.75,59.36,147000,psxdata,2026-05-11T12:56:41
ASTL,2018-10-18,60.0,60.5,56.9,57.84,464000,psxdata,2026-05-11T12:56:41
ASTL,2018-10-19,58.0,59.24,56.8,58.75,818500,psxdata,2026-05-11T12:56:41
ASTL,2018-10-22,58.75,59.6,56.94,57.09,531000,psxdata,2026-05-11T12:56:41
ASTL,2018-10-23,56.03,56.25,54.9,55.01,187000,psxdata,2026-05-11T12:56:41
ASTL,2018-10-24,57.0,57.76,57.0,57.76,233000,psxdata,2026-05-11T12:56:41
ASTL,2018-10-25,59.79,59.97,57.4,59.05,564500,psxdata,2026-05-11T12:56:41
ASTL,2018-10-26,59.2,62.0,58.01,62.0,395000,psxdata,2026-05-11T12:56:41
ASTL,2018-10-29,64.94,65.1,64.49,65.1,83500,psxdata,2026-05-11T12:56:41
ASTL,2018-10-30,68.35,68.35,67.0,67.93,662500,psxdata,2026-05-11T12:56:41
ASTL,2018-10-31,67.93,68.79,65.15,68.49,578000,psxdata,2026-05-11T12:56:41
ASTL,2018-11-01,68.5,70.0,67.75,68.07,264000,psxdata,2026-05-11T12:56:41
ASTL,2018-11-02,68.0,70.2,67.3,69.18,539000,psxdata,2026-05-11T12:56:41
ASTL,2018-11-05,69.01,69.01,65.75,65.92,507000,psxdata,2026-05-11T12:56:41
ASTL,2018-11-06,65.11,65.5,64.0,64.01,215500,psxdata,2026-05-11T12:56:41
ASTL,2018-11-07,66.99,67.21,66.11,67.19,440500,psxdata,2026-05-11T12:56:41
ASTL,2018-11-08,66.61,67.5,66.0,66.13,99000,psxdata,2026-05-11T12:56:41
ASTL,2018-11-09,65.5,69.25,65.5,67.81,281000,psxdata,2026-05-11T12:56:41
ASTL,2018-11-12,68.2,68.99,65.6,65.77,131000,psxdata,2026-05-11T12:56:41
ASTL,2018-11-13,65.0,66.4,64.5,65.37,136000,psxdata,2026-05-11T12:56:41
ASTL,2018-11-14,65.35,67.36,65.35,66.33,70000,psxdata,2026-05-11T12:56:41
ASTL,2018-11-15,66.0,67.34,65.0,65.3,180500,psxdata,2026-05-11T12:56:41
ASTL,2018-11-16,65.2,66.2,64.6,64.8,193500,psxdata,2026-05-11T12:56:41
ASTL,2018-11-19,64.5,66.3,64.3,64.73,183500,psxdata,2026-05-11T12:56:41
ASTL,2018-11-20,64.99,66.5,64.81,65.03,293000,psxdata,2026-05-11T12:56:41
ASTL,2018-11-22,65.0,65.98,64.25,64.54,260500,psxdata,2026-05-11T12:56:41
ASTL,2018-11-23,64.02,65.0,63.55,64.97,159000,psxdata,2026-05-11T12:56:41
ASTL,2018-11-26,64.99,65.0,64.03,64.47,67000,psxdata,2026-05-11T12:56:41
ASTL,2018-11-27,63.75,64.95,62.8,62.93,260500,psxdata,2026-05-11T12:56:41
ASTL,2018-11-28,62.1,62.89,61.0,61.13,423500,psxdata,2026-05-11T12:56:41
ASTL,2018-11-29,61.1,61.1,60.75,60.99,219000,psxdata,2026-05-11T12:56:41
ASTL,2018-11-30,60.55,60.55,57.95,57.95,175500,psxdata,2026-05-11T12:56:41
ASTL,2018-12-03,55.06,55.06,55.06,55.06,33000,psxdata,2026-05-11T12:56:41
ASTL,2018-12-04,52.31,53.01,52.31,52.31,1052000,psxdata,2026-05-11T12:56:41
ASTL,2018-12-05,52.1,53.5,49.7,52.22,1237000,psxdata,2026-05-11T12:56:41
ASTL,2018-12-06,52.5,53.0,50.8,52.05,1483000,psxdata,2026-05-11T12:56:41
ASTL,2018-12-07,52.5,53.6,51.6,51.98,1229500,psxdata,2026-05-11T12:56:41
ASTL,2018-12-10,52.8,53.6,50.3,50.98,1094500,psxdata,2026-05-11T12:56:41
ASTL,2018-12-11,51.0,53.52,49.85,52.37,8573500,psxdata,2026-05-11T12:56:41
ASTL,2018-12-12,52.01,52.4,49.8,50.16,2529500,psxdata,2026-05-11T12:56:41
ASTL,2018-12-13,50.0,51.6,49.0,49.39,1752000,psxdata,2026-05-11T12:56:41
ASTL,2018-12-14,49.39,50.85,49.35,49.93,1649500,psxdata,2026-05-11T12:56:41
ASTL,2018-12-17,49.7,50.5,49.6,49.76,492500,psxdata,2026-05-11T12:56:41
ASTL,2018-12-18,49.7,50.02,48.7,49.75,1468500,psxdata,2026-05-11T12:56:41
ASTL,2018-12-19,49.41,50.5,49.0,49.09,993500,psxdata,2026-05-11T12:56:41
ASTL,2018-12-20,49.01,50.5,49.0,49.58,1205500,psxdata,2026-05-11T12:56:41
ASTL,2018-12-21,49.3,50.49,49.1,49.61,924500,psxdata,2026-05-11T12:56:41
ASTL,2018-12-24,49.99,51.44,49.5,50.85,1254500,psxdata,2026-05-11T12:56:41
ASTL,2018-12-26,50.7,51.75,49.9,50.2,2307500,psxdata,2026-05-11T12:56:41
ASTL,2018-12-27,50.15,50.8,49.5,49.73,1369500,psxdata,2026-05-11T12:56:41
ASTL,2018-12-28,50.0,50.0,47.25,47.59,3528500,psxdata,2026-05-11T12:56:41
ASTL,2018-12-31,47.0,48.24,46.7,47.88,2103000,psxdata,2026-05-11T12:56:41
ASTL,2019-01-01,48.4,49.62,48.1,49.44,270500,psxdata,2026-05-11T12:56:41
ASTL,2019-01-02,49.49,49.7,47.8,47.92,925000,psxdata,2026-05-11T12:56:41
ASTL,2019-01-03,47.92,48.49,47.0,47.27,182500,psxdata,2026-05-11T12:56:41
ASTL,2019-01-04,47.5,47.8,46.7,46.93,292000,psxdata,2026-05-11T12:56:41
ASTL,2019-01-07,47.6,48.39,47.16,47.5,763000,psxdata,2026-05-11T12:56:41
ASTL,2019-01-08,47.9,49.7,47.7,49.14,1122000,psxdata,2026-05-11T12:56:41
ASTL,2019-01-09,49.47,49.48,48.22,48.47,305500,psxdata,2026-05-11T12:56:41
ASTL,2019-01-10,48.9,49.19,48.05,48.29,264500,psxdata,2026-05-11T12:56:41
ASTL,2019-01-11,48.49,49.39,47.99,49.08,216000,psxdata,2026-05-11T12:56:41
ASTL,2019-01-14,48.6,50.4,48.6,49.78,312500,psxdata,2026-05-11T12:56:41
ASTL,2019-01-15,49.7,49.77,48.86,49.08,270000,psxdata,2026-05-11T12:56:41
ASTL,2019-01-16,49.2,49.2,48.7,48.83,225000,psxdata,2026-05-11T12:56:41
ASTL,2019-01-17,48.48,48.55,47.82,48.4,322500,psxdata,2026-05-11T12:56:41
ASTL,2019-01-18,48.2,49.0,48.08,48.31,234000,psxdata,2026-05-11T12:56:41
ASTL,2019-01-21,48.49,49.0,48.0,48.02,203500,psxdata,2026-05-11T12:56:41
ASTL,2019-01-22,48.5,49.45,48.1,49.17,387500,psxdata,2026-05-11T12:56:41
ASTL,2019-01-23,49.75,50.75,49.25,49.89,625500,psxdata,2026-05-11T12:56:41
ASTL,2019-01-24,50.8,50.8,49.0,49.34,262000,psxdata,2026-05-11T12:56:41
ASTL,2019-01-25,49.0,49.0,48.3,48.54,134000,psxdata,2026-05-11T12:56:41
ASTL,2019-01-28,48.75,50.4,48.75,49.68,584500,psxdata,2026-05-11T12:56:41
ASTL,2019-01-29,49.5,50.5,48.9,50.39,939500,psxdata,2026-05-11T12:56:41
ASTL,2019-01-30,50.5,52.0,50.11,50.37,906500,psxdata,2026-05-11T12:56:41
ASTL,2019-01-31,49.8,50.55,49.8,50.31,315500,psxdata,2026-05-11T12:56:41
ASTL,2019-02-01,50.55,52.82,50.5,52.6,2011500,psxdata,2026-05-11T12:56:41
ASTL,2019-02-04,53.75,54.7,52.6,54.31,1398500,psxdata,2026-05-11T12:56:41
ASTL,2019-02-06,54.01,54.3,52.35,52.53,596000,psxdata,2026-05-11T12:56:41
ASTL,2019-02-07,52.5,54.65,52.0,54.23,1520500,psxdata,2026-05-11T12:56:41
ASTL,2019-02-08,54.0,54.7,53.35,53.46,1004500,psxdata,2026-05-11T12:56:41
ASTL,2019-02-11,54.0,55.87,52.65,52.95,804000,psxdata,2026-05-11T12:56:41
ASTL,2019-02-12,52.6,54.9,52.6,54.77,1051000,psxdata,2026-05-11T12:56:41
ASTL,2019-02-13,54.5,56.35,54.5,54.93,668500,psxdata,2026-05-11T12:56:41
ASTL,2019-02-14,54.9,55.99,54.11,54.42,229500,psxdata,2026-05-11T12:56:41
ASTL,2019-02-15,54.5,54.98,53.5,53.8,109000,psxdata,2026-05-11T12:56:41
ASTL,2019-02-18,54.74,54.74,51.65,51.95,201500,psxdata,2026-05-11T12:56:41
ASTL,2019-02-19,52.0,52.0,51.0,51.27,170500,psxdata,2026-05-11T12:56:41
ASTL,2019-02-20,50.28,52.5,49.5,51.86,400000,psxdata,2026-05-11T12:56:41
ASTL,2019-02-21,51.9,52.39,50.75,50.97,95500,psxdata,2026-05-11T12:56:41
ASTL,2019-02-22,50.5,52.48,50.5,51.54,177000,psxdata,2026-05-11T12:56:41
ASTL,2019-02-25,52.05,53.95,51.1,51.14,68500,psxdata,2026-05-11T12:56:41
ASTL,2019-02-26,50.75,50.9,48.66,49.23,492000,psxdata,2026-05-11T12:56:41
ASTL,2019-02-27,49.5,49.5,46.77,47.95,1009000,psxdata,2026-05-11T12:56:41
ASTL,2019-02-28,47.3,48.0,45.56,45.56,920500,psxdata,2026-05-11T12:56:41
ASTL,2019-03-01,44.51,45.0,43.29,43.41,2877000,psxdata,2026-05-11T12:56:41
ASTL,2019-03-04,43.0,44.2,43.0,43.61,829500,psxdata,2026-05-11T12:56:41
ASTL,2019-03-05,43.6,44.55,43.2,43.44,728500,psxdata,2026-05-11T12:56:41
ASTL,2019-03-06,43.85,44.0,41.52,41.83,1076000,psxdata,2026-05-11T12:56:41
ASTL,2019-03-07,42.17,42.49,41.1,41.8,460000,psxdata,2026-05-11T12:56:41
ASTL,2019-03-08,41.5,42.39,41.0,41.08,320500,psxdata,2026-05-11T12:56:41
ASTL,2019-03-11,41.59,42.6,41.2,41.8,569500,psxdata,2026-05-11T12:56:41
ASTL,2019-03-12,41.9,42.1,40.3,41.28,1150500,psxdata,2026-05-11T12:56:41
ASTL,2019-03-13,41.41,41.9,41.0,41.1,373500,psxdata,2026-05-11T12:56:41
ASTL,2019-03-14,40.55,41.35,40.15,40.28,220500,psxdata,2026-05-11T12:56:41
ASTL,2019-03-15,40.15,40.4,38.5,38.75,700500,psxdata,2026-05-11T12:56:41
ASTL,2019-03-18,39.3,39.3,38.0,38.86,303500,psxdata,2026-05-11T12:56:41
ASTL,2019-03-19,39.0,39.5,37.91,38.22,381000,psxdata,2026-05-11T12:56:41
ASTL,2019-03-20,38.1,38.25,37.25,37.36,392000,psxdata,2026-05-11T12:56:41
ASTL,2019-03-21,37.4,39.22,37.0,39.22,1629000,psxdata,2026-05-11T12:56:41
ASTL,2019-03-22,40.95,40.99,39.9,40.4,1573000,psxdata,2026-05-11T12:56:41
ASTL,2019-03-25,40.4,40.4,38.38,38.53,226500,psxdata,2026-05-11T12:56:41
ASTL,2019-03-26,38.53,40.45,38.01,39.92,1052500,psxdata,2026-05-11T12:56:41
ASTL,2019-03-27,40.3,41.88,40.0,41.6,2208500,psxdata,2026-05-11T12:56:41
ASTL,2019-03-28,41.05,42.99,40.5,42.81,1512500,psxdata,2026-05-11T12:56:41
ASTL,2019-03-29,44.9,44.9,42.6,43.07,905500,psxdata,2026-05-11T12:56:41
ASTL,2019-04-01,42.35,42.4,41.03,41.29,381500,psxdata,2026-05-11T12:56:41
ASTL,2019-04-02,41.5,41.7,39.32,40.06,161000,psxdata,2026-05-11T12:56:41
ASTL,2019-04-03,40.5,40.7,38.4,38.59,705500,psxdata,2026-05-11T12:56:41
ASTL,2019-04-04,38.45,39.1,37.3,37.52,294000,psxdata,2026-05-11T12:56:41
ASTL,2019-04-05,37.06,38.0,35.8,36.27,942500,psxdata,2026-05-11T12:56:41
ASTL,2019-04-08,36.0,37.37,35.5,36.06,549000,psxdata,2026-05-11T12:56:41
ASTL,2019-04-09,36.15,36.8,35.21,35.95,298500,psxdata,2026-05-11T12:56:41
ASTL,2019-04-10,36.21,36.45,34.5,34.59,249000,psxdata,2026-05-11T12:56:41
ASTL,2019-04-11,34.75,35.6,34.6,34.91,355000,psxdata,2026-05-11T12:56:41
ASTL,2019-04-12,35.0,36.5,35.0,36.47,315000,psxdata,2026-05-11T12:56:41
ASTL,2019-04-15,36.7,37.7,36.0,37.15,192500,psxdata,2026-05-11T12:56:41
ASTL,2019-04-16,37.3,37.77,36.5,37.0,228000,psxdata,2026-05-11T12:56:41
ASTL,2019-04-17,37.0,37.0,35.15,35.29,122000,psxdata,2026-05-11T12:56:41
ASTL,2019-04-18,35.5,35.7,34.55,34.97,70500,psxdata,2026-05-11T12:56:41
ASTL,2019-04-19,35.25,36.5,35.0,35.92,146000,psxdata,2026-05-11T12:56:41
ASTL,2019-04-22,36.2,36.39,35.7,36.07,134500,psxdata,2026-05-11T12:56:41
ASTL,2019-04-23,35.65,35.65,34.3,34.51,99000,psxdata,2026-05-11T12:56:41
ASTL,2019-04-24,34.55,34.55,32.79,32.79,612500,psxdata,2026-05-11T12:56:41
ASTL,2019-04-25,32.98,33.3,31.16,31.16,528500,psxdata,2026-05-11T12:56:41
ASTL,2019-04-26,31.2,32.4,30.6,32.3,839000,psxdata,2026-05-11T12:56:41
ASTL,2019-04-29,32.25,33.5,31.66,32.46,588000,psxdata,2026-05-11T12:56:41
ASTL,2019-04-30,32.0,32.4,30.84,31.0,1469000,psxdata,2026-05-11T12:56:41
ASTL,2019-05-02,30.71,31.03,30.5,30.63,70500,psxdata,2026-05-11T12:56:41
ASTL,2019-05-03,30.31,31.44,29.5,29.7,767000,psxdata,2026-05-11T12:56:41
ASTL,2019-05-06,29.5,30.8,28.26,29.81,858500,psxdata,2026-05-11T12:56:41
ASTL,2019-05-07,29.45,30.8,29.0,29.12,123500,psxdata,2026-05-11T12:56:41
ASTL,2019-05-08,29.09,29.47,27.76,28.07,216000,psxdata,2026-05-11T12:56:41
ASTL,2019-05-09,27.75,28.8,26.67,27.18,1320000,psxdata,2026-05-11T12:56:41
ASTL,2019-05-10,26.9,27.0,26.5,26.63,927500,psxdata,2026-05-11T12:56:41
ASTL,2019-05-13,27.0,27.5,25.3,25.3,589000,psxdata,2026-05-11T12:56:41
ASTL,2019-05-14,25.3,25.7,24.04,24.04,253000,psxdata,2026-05-11T12:56:41
ASTL,2019-05-15,23.54,24.6,23.44,23.55,371500,psxdata,2026-05-11T12:56:41
ASTL,2019-05-16,23.5,23.5,22.38,22.66,390500,psxdata,2026-05-11T12:56:41
ASTL,2019-05-17,22.1,22.89,21.53,21.57,394500,psxdata,2026-05-11T12:56:41
ASTL,2019-05-20,21.9,22.64,20.6,22.64,1014000,psxdata,2026-05-11T12:56:41
ASTL,2019-05-21,23.24,23.77,22.6,23.77,346500,psxdata,2026-05-11T12:56:41
ASTL,2019-05-22,24.25,24.95,24.25,24.95,779000,psxdata,2026-05-11T12:56:41
ASTL,2019-05-23,26.05,26.19,25.51,26.14,1658500,psxdata,2026-05-11T12:56:41
ASTL,2019-05-24,26.0,26.55,25.51,25.9,543500,psxdata,2026-05-11T12:56:41
ASTL,2019-05-27,25.5,26.3,24.79,25.01,517500,psxdata,2026-05-11T12:56:41
ASTL,2019-05-28,24.75,24.75,23.76,23.78,227500,psxdata,2026-05-11T12:56:41
ASTL,2019-05-29,23.8,24.96,23.8,24.56,1075500,psxdata,2026-05-11T12:56:41
ASTL,2019-05-30,24.61,24.9,23.75,24.17,332500,psxdata,2026-05-11T12:56:41
ASTL,2019-06-03,23.71,24.0,23.09,23.21,309500,psxdata,2026-05-11T12:56:41
ASTL,2019-06-10,22.5,22.69,22.05,22.16,172500,psxdata,2026-05-11T12:56:41
ASTL,2019-06-11,22.14,23.26,21.6,22.91,1107500,psxdata,2026-05-11T12:56:41
ASTL,2019-06-12,23.23,24.05,22.9,23.77,693500,psxdata,2026-05-11T12:56:41
ASTL,2019-06-13,23.9,24.95,23.9,24.87,819500,psxdata,2026-05-11T12:56:41
ASTL,2019-06-14,25.0,25.88,24.3,25.21,698000,psxdata,2026-05-11T12:56:41
ASTL,2019-06-17,25.48,25.48,24.7,25.04,149500,psxdata,2026-05-11T12:56:41
ASTL,2019-06-18,25.0,25.38,24.5,24.81,218000,psxdata,2026-05-11T12:56:41
ASTL,2019-06-19,24.51,25.98,24.51,25.81,588500,psxdata,2026-05-11T12:56:41
ASTL,2019-06-20,26.69,27.1,26.0,26.7,1161000,psxdata,2026-05-11T12:56:41
ASTL,2019-06-21,26.41,27.0,26.15,26.27,471500,psxdata,2026-05-11T12:56:41
ASTL,2019-06-24,26.25,26.25,24.96,24.96,837000,psxdata,2026-05-11T12:56:41
ASTL,2019-06-25,25.0,26.15,23.76,25.43,3394500,psxdata,2026-05-11T12:56:41
ASTL,2019-06-26,25.4,26.7,24.16,25.45,4506000,psxdata,2026-05-11T12:56:41
ASTL,2019-06-27,24.9,25.6,24.26,24.83,1429000,psxdata,2026-05-11T12:56:41
ASTL,2019-06-28,24.49,24.8,23.8,24.66,695000,psxdata,2026-05-11T12:56:41
ASTL,2019-07-01,24.5,24.69,23.43,23.53,870000,psxdata,2026-05-11T12:56:41
ASTL,2019-07-02,23.59,23.95,22.65,23.07,987500,psxdata,2026-05-11T12:56:41
ASTL,2019-07-03,23.38,24.16,23.15,23.44,3759000,psxdata,2026-05-11T12:56:41
ASTL,2019-07-04,23.85,24.35,23.4,23.6,2616000,psxdata,2026-05-11T12:56:41
ASTL,2019-07-05,23.75,23.98,23.35,23.51,368000,psxdata,2026-05-11T12:56:41
ASTL,2019-07-08,23.89,23.89,22.5,22.75,473500,psxdata,2026-05-11T12:56:41
ASTL,2019-07-09,22.85,23.2,22.4,22.75,168000,psxdata,2026-05-11T12:56:41
ASTL,2019-07-10,23.25,23.7,22.5,23.36,458000,psxdata,2026-05-11T12:56:41
ASTL,2019-07-11,23.69,23.69,22.9,23.07,246000,psxdata,2026-05-11T12:56:41
ASTL,2019-07-12,23.49,23.5,22.5,22.69,220500,psxdata,2026-05-11T12:56:41
ASTL,2019-07-15,22.5,22.6,21.56,21.78,506000,psxdata,2026-05-11T12:56:41
ASTL,2019-07-16,22.18,22.78,21.5,22.38,392500,psxdata,2026-05-11T12:56:41
ASTL,2019-07-17,22.49,23.35,21.7,21.93,368500,psxdata,2026-05-11T12:56:41
ASTL,2019-07-18,21.8,22.0,20.84,20.84,289500,psxdata,2026-05-11T12:56:41
ASTL,2019-07-19,20.5,21.4,19.8,20.67,2039500,psxdata,2026-05-11T12:56:41
ASTL,2019-07-22,20.88,21.25,19.78,20.1,293500,psxdata,2026-05-11T12:56:41
ASTL,2019-07-23,20.3,20.3,19.5,20.1,594500,psxdata,2026-05-11T12:56:41
ASTL,2019-07-24,20.19,21.1,19.91,20.61,422000,psxdata,2026-05-11T12:56:41
ASTL,2019-07-25,20.8,21.48,19.8,20.06,1049500,psxdata,2026-05-11T12:56:41
ASTL,2019-07-26,19.8,19.9,19.06,19.08,485500,psxdata,2026-05-11T12:56:41
ASTL,2019-07-29,18.95,18.95,18.08,18.09,458000,psxdata,2026-05-11T12:56:41
ASTL,2019-07-30,18.0,18.0,17.09,17.09,1135000,psxdata,2026-05-11T12:56:41
ASTL,2019-07-31,16.6,17.0,16.09,16.52,2589500,psxdata,2026-05-11T12:56:41
ASTL,2019-08-01,16.39,17.52,15.8,16.16,1905000,psxdata,2026-05-11T12:56:41
ASTL,2019-08-02,16.45,16.76,15.95,16.65,577000,psxdata,2026-05-11T12:56:41
ASTL,2019-08-05,16.31,16.6,15.9,16.16,353500,psxdata,2026-05-11T12:56:41
ASTL,2019-08-06,16.24,16.4,15.8,15.99,404500,psxdata,2026-05-11T12:56:41
ASTL,2019-08-07,15.99,16.25,15.5,15.83,512000,psxdata,2026-05-11T12:56:41
ASTL,2019-08-08,15.8,16.35,15.41,16.05,348500,psxdata,2026-05-11T12:56:41
ASTL,2019-08-09,16.19,16.6,15.8,16.41,291500,psxdata,2026-05-11T12:56:41
ASTL,2019-08-16,16.12,16.59,15.62,15.83,450500,psxdata,2026-05-11T12:56:41
ASTL,2019-08-19,15.8,16.83,15.8,16.8,754500,psxdata,2026-05-11T12:56:41
ASTL,2019-08-20,16.85,17.4,16.8,17.17,1187000,psxdata,2026-05-11T12:56:41
ASTL,2019-08-21,17.14,18.05,16.6,17.78,1386500,psxdata,2026-05-11T12:56:41
ASTL,2019-08-22,17.98,18.78,17.75,18.78,1319500,psxdata,2026-05-11T12:56:41
ASTL,2019-08-23,18.9,19.78,18.53,19.44,2342000,psxdata,2026-05-11T12:56:41
ASTL,2019-08-26,19.2,19.9,18.44,18.5,818500,psxdata,2026-05-11T12:56:41
ASTL,2019-08-27,18.3,19.19,18.0,18.97,523000,psxdata,2026-05-11T12:56:41
ASTL,2019-08-28,19.24,19.89,19.0,19.47,1237500,psxdata,2026-05-11T12:56:41
ASTL,2019-08-29,19.1,20.45,18.47,18.55,2035000,psxdata,2026-05-11T12:56:41
ASTL,2019-08-30,18.4,18.4,17.55,17.67,1864500,psxdata,2026-05-11T12:56:41
ASTL,2019-09-02,18.0,18.45,17.65,18.08,412500,psxdata,2026-05-11T12:56:41
ASTL,2019-09-03,17.85,18.27,17.16,17.68,605500,psxdata,2026-05-11T12:56:41
ASTL,2019-09-04,17.8,18.5,17.45,18.3,837000,psxdata,2026-05-11T12:56:41
ASTL,2019-09-05,18.35,19.25,17.6,17.99,1466500,psxdata,2026-05-11T12:56:41
ASTL,2019-09-06,17.7,18.29,17.4,17.81,190500,psxdata,2026-05-11T12:56:41
ASTL,2019-09-11,17.75,18.1,16.81,16.92,1555000,psxdata,2026-05-11T12:56:41
ASTL,2019-09-12,16.9,17.92,16.9,17.92,1823500,psxdata,2026-05-11T12:56:41
ASTL,2019-09-13,18.49,18.92,18.3,18.92,850000,psxdata,2026-05-11T12:56:41
ASTL,2019-09-16,19.92,19.92,18.95,19.48,3133500,psxdata,2026-05-11T12:56:41
ASTL,2019-09-17,19.5,20.48,19.06,20.16,2512000,psxdata,2026-05-11T12:56:41
ASTL,2019-09-18,20.0,20.88,19.66,20.15,999000,psxdata,2026-05-11T12:56:41
ASTL,2019-09-19,19.95,20.87,19.95,20.51,1297500,psxdata,2026-05-11T12:56:41
ASTL,2019-09-20,20.89,21.53,20.61,21.43,3269000,psxdata,2026-05-11T12:56:41
ASTL,2019-09-23,21.6,21.64,20.36,20.36,1101000,psxdata,2026-05-11T12:56:41
ASTL,2019-09-24,20.68,21.37,20.05,21.37,2120000,psxdata,2026-05-11T12:56:41
ASTL,2019-09-25,21.7,22.43,21.7,22.43,656000,psxdata,2026-05-11T12:56:41
ASTL,2019-09-26,23.55,23.55,21.75,22.01,3946000,psxdata,2026-05-11T12:56:41
ASTL,2019-09-27,22.4,22.87,20.99,22.24,3266000,psxdata,2026-05-11T12:56:41
ASTL,2019-09-30,22.4,22.64,21.6,21.81,1022500,psxdata,2026-05-11T12:56:41
ASTL,2019-10-01,22.0,22.9,22.0,22.9,2545000,psxdata,2026-05-11T12:56:41
ASTL,2019-10-02,23.22,24.0,22.7,23.71,3943000,psxdata,2026-05-11T12:56:41
ASTL,2019-10-03,23.82,24.38,23.45,23.63,5323000,psxdata,2026-05-11T12:56:41
ASTL,2019-10-04,23.63,24.81,23.3,24.81,3015500,psxdata,2026-05-11T12:56:41
ASTL,2019-10-07,25.35,26.05,25.35,26.05,2730000,psxdata,2026-05-11T12:56:41
ASTL,2019-10-08,26.6,27.35,26.6,27.35,4958000,psxdata,2026-05-11T12:56:41
ASTL,2019-10-09,27.9,27.9,25.99,26.09,4664000,psxdata,2026-05-11T12:56:41
ASTL,2019-10-10,25.9,26.87,25.65,26.3,1459500,psxdata,2026-05-11T12:56:41
ASTL,2019-10-11,26.4,26.84,26.0,26.1,1522000,psxdata,2026-05-11T12:56:41
ASTL,2019-10-14,25.85,26.37,25.5,25.66,689500,psxdata,2026-05-11T12:56:41
ASTL,2019-10-15,25.77,26.94,25.76,26.83,2827000,psxdata,2026-05-11T12:56:41
ASTL,2019-10-16,26.99,27.51,26.75,27.11,2233000,psxdata,2026-05-11T12:56:41
ASTL,2019-10-17,27.01,27.38,26.31,26.53,1212000,psxdata,2026-05-11T12:56:41
ASTL,2019-10-18,26.5,27.3,26.4,26.55,1810500,psxdata,2026-05-11T12:56:41
ASTL,2019-10-21,26.51,26.51,25.23,25.23,3235500,psxdata,2026-05-11T12:56:41
ASTL,2019-10-22,25.0,26.0,24.85,25.81,1315000,psxdata,2026-05-11T12:56:41
ASTL,2019-10-24,27.0,28.21,27.0,28.04,3684000,psxdata,2026-05-11T12:56:41
ASTL,2019-10-25,28.0,28.25,27.2,27.7,1128000,psxdata,2026-05-11T12:56:41
ASTL,2019-10-28,27.99,29.08,27.5,29.08,3675000,psxdata,2026-05-11T12:56:41
ASTL,2019-10-29,29.2,30.42,28.7,28.99,2901500,psxdata,2026-05-11T12:56:41
ASTL,2019-10-30,28.57,30.43,28.19,30.38,6499000,psxdata,2026-05-11T12:56:41
ASTL,2019-10-31,30.4,31.89,30.0,31.88,2493000,psxdata,2026-05-11T12:56:41
ASTL,2019-11-01,32.3,33.47,32.3,32.87,2454000,psxdata,2026-05-11T12:56:41
ASTL,2019-11-04,33.05,33.85,32.6,33.2,3634500,psxdata,2026-05-11T12:56:41
ASTL,2019-11-05,33.05,33.25,31.55,31.69,1714500,psxdata,2026-05-11T12:56:41
ASTL,2019-11-06,31.97,33.09,31.75,31.99,1102000,psxdata,2026-05-11T12:56:41
ASTL,2019-11-07,31.75,32.88,31.15,31.99,2910500,psxdata,2026-05-11T12:56:41
ASTL,2019-11-08,32.05,32.45,31.45,31.72,904000,psxdata,2026-05-11T12:56:41
ASTL,2019-11-11,32.19,33.3,32.17,33.3,2906000,psxdata,2026-05-11T12:56:41
ASTL,2019-11-12,34.49,34.96,33.45,34.96,3479500,psxdata,2026-05-11T12:56:41
ASTL,2019-11-13,35.29,36.7,34.56,36.7,5376500,psxdata,2026-05-11T12:56:41
ASTL,2019-11-14,37.3,38.53,37.3,38.29,2912500,psxdata,2026-05-11T12:56:41
ASTL,2019-11-15,38.65,40.2,38.5,40.2,3213500,psxdata,2026-05-11T12:56:41
ASTL,2019-11-18,42.0,42.21,38.5,39.19,5599000,psxdata,2026-05-11T12:56:41
ASTL,2019-11-19,39.1,39.38,38.0,38.75,2938000,psxdata,2026-05-11T12:56:41
ASTL,2019-11-20,39.22,40.25,38.0,39.03,5460000,psxdata,2026-05-11T12:56:41
ASTL,2019-11-21,39.45,39.45,37.08,37.08,2277000,psxdata,2026-05-11T12:56:41
ASTL,2019-11-22,36.65,38.93,36.1,38.93,5445000,psxdata,2026-05-11T12:56:41
ASTL,2019-11-25,39.35,39.5,38.25,38.54,2794500,psxdata,2026-05-11T12:56:41
ASTL,2019-11-26,38.55,39.94,36.65,38.32,6833000,psxdata,2026-05-11T12:56:41
ASTL,2019-11-27,38.9,39.39,37.71,38.99,2093500,psxdata,2026-05-11T12:56:41
ASTL,2019-11-28,39.25,39.9,38.6,38.77,3925000,psxdata,2026-05-11T12:56:41
ASTL,2019-11-29,38.9,39.9,37.7,39.45,6043500,psxdata,2026-05-11T12:56:41
ASTL,2019-12-02,39.9,40.64,39.0,40.04,4748000,psxdata,2026-05-11T12:56:41
ASTL,2019-12-03,40.0,40.05,38.1,38.27,2906500,psxdata,2026-05-11T12:56:41
ASTL,2019-12-04,37.83,39.01,37.78,38.66,1906500,psxdata,2026-05-11T12:56:41
ASTL,2019-12-05,38.75,40.59,38.51,40.41,11172000,psxdata,2026-05-11T12:56:41
ASTL,2019-12-06,40.12,42.43,39.45,41.61,8585500,psxdata,2026-05-11T12:56:41
ASTL,2019-12-09,41.15,41.8,39.62,40.05,2257000,psxdata,2026-05-11T12:56:41
ASTL,2019-12-10,40.0,40.84,39.7,40.07,1528000,psxdata,2026-05-11T12:56:41
ASTL,2019-12-11,40.4,40.9,38.2,38.65,2531000,psxdata,2026-05-11T12:56:41
ASTL,2019-12-12,38.65,38.7,37.23,38.02,1379500,psxdata,2026-05-11T12:56:41
ASTL,2019-12-13,38.45,38.9,37.16,38.13,1034500,psxdata,2026-05-11T12:56:41
ASTL,2019-12-16,37.99,39.25,37.99,38.73,1792500,psxdata,2026-05-11T12:56:41
ASTL,2019-12-17,39.29,39.3,37.51,37.94,1262500,psxdata,2026-05-11T12:56:41
ASTL,2019-12-18,37.21,37.99,37.2,37.39,1415500,psxdata,2026-05-11T12:56:41
ASTL,2019-12-19,37.5,38.75,35.53,35.9,1844500,psxdata,2026-05-11T12:56:41
ASTL,2019-12-20,36.6,36.6,34.53,35.13,1378500,psxdata,2026-05-11T12:56:41
ASTL,2019-12-23,35.11,35.99,34.1,34.4,1095500,psxdata,2026-05-11T12:56:41
ASTL,2019-12-24,34.42,35.65,32.9,35.16,1519000,psxdata,2026-05-11T12:56:41
ASTL,2019-12-26,35.3,36.66,35.1,36.33,1370000,psxdata,2026-05-11T12:56:41
ASTL,2019-12-27,36.5,37.49,36.01,36.26,1364000,psxdata,2026-05-11T12:56:41
ASTL,2019-12-30,36.62,37.1,35.9,36.06,678500,psxdata,2026-05-11T12:56:41
ASTL,2019-12-31,36.3,36.74,35.9,36.12,454000,psxdata,2026-05-11T12:56:41
ASTL,2020-01-01,36.1,37.92,36.1,37.7,1515000,psxdata,2026-05-11T12:56:41
ASTL,2020-01-02,38.15,39.58,37.87,39.4,3633500,psxdata,2026-05-11T12:56:41
ASTL,2020-01-03,39.41,40.7,38.6,39.28,2774500,psxdata,2026-05-11T12:56:41
ASTL,2020-01-06,38.0,38.38,37.32,37.32,874000,psxdata,2026-05-11T12:56:41
ASTL,2020-01-07,37.5,38.2,37.31,37.83,765500,psxdata,2026-05-11T12:56:41
ASTL,2020-01-08,36.59,37.35,35.94,35.95,800000,psxdata,2026-05-11T12:56:41
ASTL,2020-01-09,37.0,37.74,36.51,37.71,937000,psxdata,2026-05-11T12:56:41
ASTL,2020-01-10,37.8,38.69,37.02,37.19,1499000,psxdata,2026-05-11T12:56:41
ASTL,2020-01-13,37.6,37.6,36.85,36.95,414500,psxdata,2026-05-11T12:56:41
ASTL,2020-01-14,37.0,37.45,36.49,36.74,515500,psxdata,2026-05-11T12:56:41
ASTL,2020-01-15,36.99,37.01,36.0,36.41,654000,psxdata,2026-05-11T12:56:41
ASTL,2020-01-16,36.7,37.01,36.2,36.56,379500,psxdata,2026-05-11T12:56:41
ASTL,2020-01-17,36.88,36.88,36.4,36.53,112000,psxdata,2026-05-11T12:56:41
ASTL,2020-01-20,36.25,36.6,35.8,35.99,238500,psxdata,2026-05-11T12:56:41
ASTL,2020-01-21,35.99,35.99,35.0,35.23,502000,psxdata,2026-05-11T12:56:41
ASTL,2020-01-22,35.06,35.65,34.51,35.29,390000,psxdata,2026-05-11T12:56:41
ASTL,2020-01-23,35.65,36.7,35.1,35.46,1492500,psxdata,2026-05-11T12:56:41
ASTL,2020-01-24,34.51,35.46,34.51,35.05,335000,psxdata,2026-05-11T12:56:41
ASTL,2020-01-27,35.4,35.69,35.15,35.45,195000,psxdata,2026-05-11T12:56:41
ASTL,2020-01-28,35.5,36.25,35.0,35.75,925500,psxdata,2026-05-11T12:56:41
ASTL,2020-01-29,35.65,36.43,35.2,35.48,956500,psxdata,2026-05-11T12:56:41
ASTL,2020-01-30,35.3,36.0,35.0,35.75,533000,psxdata,2026-05-11T12:56:41
ASTL,2020-01-31,36.0,36.0,35.06,35.23,625000,psxdata,2026-05-11T12:56:41
ASTL,2020-02-03,34.92,34.95,33.5,33.64,324500,psxdata,2026-05-11T12:56:41
ASTL,2020-02-04,34.35,34.69,33.65,34.54,384000,psxdata,2026-05-11T12:56:41
ASTL,2020-02-06,34.85,35.5,33.71,34.21,444000,psxdata,2026-05-11T12:56:41
ASTL,2020-02-07,34.21,34.5,32.77,33.05,171500,psxdata,2026-05-11T12:56:41
ASTL,2020-02-10,32.73,32.73,31.07,31.12,418500,psxdata,2026-05-11T12:56:41
ASTL,2020-02-11,31.12,31.8,29.9,31.23,309500,psxdata,2026-05-11T12:56:41
ASTL,2020-02-12,31.88,33.1,31.75,33.1,822000,psxdata,2026-05-11T12:56:41
ASTL,2020-02-13,33.25,35.08,33.25,34.58,955000,psxdata,2026-05-11T12:56:41
ASTL,2020-02-14,34.4,34.4,33.25,33.47,421500,psxdata,2026-05-11T12:56:41
ASTL,2020-02-17,33.55,34.0,33.0,33.58,119000,psxdata,2026-05-11T12:56:41
ASTL,2020-02-18,33.28,33.75,33.0,33.24,125500,psxdata,2026-05-11T12:56:41
ASTL,2020-02-19,33.5,34.0,33.5,33.87,251500,psxdata,2026-05-11T12:56:41
ASTL,2020-02-20,33.51,34.0,33.35,33.46,118500,psxdata,2026-05-11T12:56:41
ASTL,2020-02-21,33.75,33.75,33.25,33.51,102500,psxdata,2026-05-11T12:56:41
ASTL,2020-02-24,33.41,33.41,31.34,31.52,631000,psxdata,2026-05-11T12:56:41
ASTL,2020-02-25,31.34,31.75,30.61,31.26,248500,psxdata,2026-05-11T12:56:41
ASTL,2020-02-26,31.01,31.3,29.8,29.94,773000,psxdata,2026-05-11T12:56:41
ASTL,2020-02-27,28.55,29.7,28.05,29.46,917500,psxdata,2026-05-11T12:56:41
ASTL,2020-02-28,28.25,31.37,28.25,31.31,2274000,psxdata,2026-05-11T12:56:41
ASTL,2020-03-02,31.71,33.5,31.7,33.5,1058000,psxdata,2026-05-11T12:56:41
ASTL,2020-03-03,35.18,35.84,34.55,35.81,2689000,psxdata,2026-05-11T12:56:41
ASTL,2020-03-04,35.99,37.5,35.2,36.86,2610500,psxdata,2026-05-11T12:56:41
ASTL,2020-03-05,37.25,39.44,37.25,39.35,4946500,psxdata,2026-05-11T12:56:41
ASTL,2020-03-06,38.6,39.9,36.67,37.13,3446500,psxdata,2026-05-11T12:56:41
ASTL,2020-03-09,34.54,39.7,34.54,39.35,3839500,psxdata,2026-05-11T12:56:41
ASTL,2020-03-10,39.6,40.01,37.63,38.36,2285000,psxdata,2026-05-11T12:56:41
ASTL,2020-03-11,38.2,38.5,36.65,36.87,1472000,psxdata,2026-05-11T12:56:41
ASTL,2020-03-12,35.5,36.7,34.29,34.38,2136000,psxdata,2026-05-11T12:56:41
ASTL,2020-03-13,32.5,36.0,31.98,34.49,1222500,psxdata,2026-05-11T12:56:41
ASTL,2020-03-16,32.6,33.2,31.91,31.91,1205500,psxdata,2026-05-11T12:56:41
ASTL,2020-03-17,31.0,33.48,30.5,32.47,3386500,psxdata,2026-05-11T12:56:41
ASTL,2020-03-18,31.5,31.89,30.04,30.04,445000,psxdata,2026-05-11T12:56:41
ASTL,2020-03-19,27.79,29.0,27.79,27.81,1811500,psxdata,2026-05-11T12:56:41
ASTL,2020-03-20,27.01,28.29,26.25,26.81,768000,psxdata,2026-05-11T12:56:41
ASTL,2020-03-24,24.8,24.8,24.8,24.8,43500,psxdata,2026-05-11T12:56:41
ASTL,2020-03-25,25.3,25.8,22.94,22.94,591500,psxdata,2026-05-11T12:56:41
ASTL,2020-03-26,23.1,23.5,21.22,21.28,859500,psxdata,2026-05-11T12:56:41
ASTL,2020-03-27,20.6,22.87,20.6,22.66,1423000,psxdata,2026-05-11T12:56:41
ASTL,2020-03-30,22.5,24.33,21.6,23.9,1658000,psxdata,2026-05-11T12:56:41
ASTL,2020-03-31,24.16,25.69,23.7,25.69,729500,psxdata,2026-05-11T12:56:41
ASTL,2020-04-01,26.75,27.61,25.1,27.56,1124500,psxdata,2026-05-11T12:56:41
ASTL,2020-04-02,27.7,29.62,27.0,29.62,711000,psxdata,2026-05-11T12:56:41
ASTL,2020-04-03,31.84,31.84,30.7,31.82,1354500,psxdata,2026-05-11T12:56:41
ASTL,2020-04-06,34.15,34.15,29.44,29.5,2087000,psxdata,2026-05-11T12:56:41
ASTL,2020-04-07,30.1,31.48,29.5,30.99,1148000,psxdata,2026-05-11T12:56:41
ASTL,2020-04-08,31.0,31.35,29.75,30.21,724000,psxdata,2026-05-11T12:56:41
ASTL,2020-04-09,30.71,31.9,30.71,31.29,1454500,psxdata,2026-05-11T12:56:41
ASTL,2020-04-10,31.55,31.58,30.5,31.35,489500,psxdata,2026-05-11T12:56:41
ASTL,2020-04-13,31.01,31.01,29.5,29.82,726000,psxdata,2026-05-11T12:56:41
ASTL,2020-04-14,30.17,30.75,30.1,30.35,659500,psxdata,2026-05-11T12:56:41
ASTL,2020-04-15,31.45,32.3,31.0,31.29,1867500,psxdata,2026-05-11T12:56:41
ASTL,2020-04-16,31.3,31.7,30.7,30.95,642500,psxdata,2026-05-11T12:56:41
ASTL,2020-04-17,33.27,33.27,33.27,33.27,395000,psxdata,2026-05-11T12:56:41
ASTL,2020-04-20,35.76,35.76,34.0,35.75,4441500,psxdata,2026-05-11T12:56:41
ASTL,2020-04-21,34.48,36.4,33.6,34.86,2773500,psxdata,2026-05-11T12:56:41
ASTL,2020-04-22,35.05,36.2,34.6,35.14,1664500,psxdata,2026-05-11T12:56:41
ASTL,2020-04-23,36.0,36.18,34.13,34.56,778000,psxdata,2026-05-11T12:56:41
ASTL,2020-04-24,34.16,34.55,33.0,33.22,596500,psxdata,2026-05-11T12:56:41
ASTL,2020-04-27,33.33,33.33,31.5,32.89,772000,psxdata,2026-05-11T12:56:41
ASTL,2020-04-28,33.24,33.55,32.39,33.1,1536000,psxdata,2026-05-11T12:56:41
ASTL,2020-04-29,33.11,35.58,33.11,34.94,3019000,psxdata,2026-05-11T12:56:41
ASTL,2020-04-30,35.4,36.1,34.8,35.56,2724000,psxdata,2026-05-11T12:56:41
ASTL,2020-05-04,36.0,36.0,34.75,35.74,1406500,psxdata,2026-05-11T12:56:41
ASTL,2020-05-05,36.25,36.7,35.22,35.92,1713500,psxdata,2026-05-11T12:56:41
ASTL,2020-05-06,35.81,38.0,35.8,37.46,6700500,psxdata,2026-05-11T12:56:41
ASTL,2020-05-07,37.66,37.67,34.66,35.08,3681500,psxdata,2026-05-11T12:56:41
ASTL,2020-05-08,35.3,35.7,34.51,35.08,697500,psxdata,2026-05-11T12:56:41
ASTL,2020-05-11,35.1,35.2,34.7,35.01,210500,psxdata,2026-05-11T12:56:41
ASTL,2020-05-12,36.11,36.8,35.95,36.52,1189000,psxdata,2026-05-11T12:56:41
ASTL,2020-05-13,36.85,36.98,35.95,36.27,828000,psxdata,2026-05-11T12:56:41
ASTL,2020-05-14,36.44,37.2,35.7,36.89,1621500,psxdata,2026-05-11T12:56:41
ASTL,2020-05-15,37.05,37.65,36.89,37.12,949500,psxdata,2026-05-11T12:56:41
ASTL,2020-05-18,37.6,37.9,36.0,36.12,1019500,psxdata,2026-05-11T12:56:41
ASTL,2020-05-19,36.2,36.5,34.99,35.31,991000,psxdata,2026-05-11T12:56:41
ASTL,2020-05-20,35.03,35.3,34.3,34.77,514000,psxdata,2026-05-11T12:56:41
ASTL,2020-05-21,34.42,35.49,34.42,34.7,443000,psxdata,2026-05-11T12:56:41
ASTL,2020-05-28,35.0,35.3,34.22,35.24,417000,psxdata,2026-05-11T12:56:41
ASTL,2020-05-29,35.6,35.6,34.61,34.77,747000,psxdata,2026-05-11T12:56:41
ASTL,2020-06-01,34.77,35.89,34.51,35.31,1321000,psxdata,2026-05-11T12:56:41
ASTL,2020-06-02,35.5,36.8,35.4,35.63,2331000,psxdata,2026-05-11T12:56:41
ASTL,2020-06-03,35.7,35.8,34.6,34.79,493500,psxdata,2026-05-11T12:56:41
ASTL,2020-06-04,34.9,35.1,34.19,34.4,479000,psxdata,2026-05-11T12:56:41
ASTL,2020-06-05,34.21,34.75,34.21,34.57,237500,psxdata,2026-05-11T12:56:41
ASTL,2020-06-08,34.95,35.55,34.66,35.18,637500,psxdata,2026-05-11T12:56:41
ASTL,2020-06-09,35.45,36.3,35.01,35.89,1906000,psxdata,2026-05-11T12:56:41
ASTL,2020-06-10,35.98,35.99,35.3,35.56,663000,psxdata,2026-05-11T12:56:41
ASTL,2020-06-11,35.89,36.42,35.2,35.98,1397000,psxdata,2026-05-11T12:56:41
ASTL,2020-06-12,35.51,35.89,35.0,35.54,641500,psxdata,2026-05-11T12:56:41
ASTL,2020-06-15,35.96,35.98,34.6,34.84,1012500,psxdata,2026-05-11T12:56:41
ASTL,2020-06-16,34.6,35.2,34.4,35.02,258000,psxdata,2026-05-11T12:56:41
ASTL,2020-06-17,35.0,35.25,33.52,33.84,578000,psxdata,2026-05-11T12:56:41
ASTL,2020-06-18,34.0,34.25,33.12,33.66,707000,psxdata,2026-05-11T12:56:41
ASTL,2020-06-19,33.65,34.11,33.25,33.49,349500,psxdata,2026-05-11T12:56:41
ASTL,2020-06-22,33.49,33.5,31.17,32.58,1341500,psxdata,2026-05-11T12:56:41
ASTL,2020-06-23,32.87,33.24,32.5,32.84,780000,psxdata,2026-05-11T12:56:41
ASTL,2020-06-24,32.8,33.05,32.3,32.51,521500,psxdata,2026-05-11T12:56:41
ASTL,2020-06-25,32.5,32.5,31.8,32.0,337000,psxdata,2026-05-11T12:56:41
ASTL,2020-06-26,33.5,33.5,32.45,32.57,1259500,psxdata,2026-05-11T12:56:41
ASTL,2020-06-29,32.49,32.75,31.8,32.7,365500,psxdata,2026-05-11T12:56:41
ASTL,2020-06-30,32.41,33.1,32.4,32.64,390500,psxdata,2026-05-11T12:56:41
ASTL,2020-07-01,32.79,34.75,32.55,34.29,1624500,psxdata,2026-05-11T12:56:41
ASTL,2020-07-02,34.5,36.48,34.5,35.41,3516500,psxdata,2026-05-11T12:56:41
ASTL,2020-07-03,35.6,36.0,35.21,35.83,859500,psxdata,2026-05-11T12:56:41
ASTL,2020-07-06,36.49,37.79,36.25,36.8,4181000,psxdata,2026-05-11T12:56:41
ASTL,2020-07-07,37.0,37.69,36.65,36.94,2085500,psxdata,2026-05-11T12:56:41
ASTL,2020-07-08,37.2,37.83,36.75,37.71,1550500,psxdata,2026-05-11T12:56:41
ASTL,2020-07-09,37.99,38.47,37.55,38.12,2136000,psxdata,2026-05-11T12:56:41
ASTL,2020-07-10,38.13,39.25,37.3,39.02,2818000,psxdata,2026-05-11T12:56:41
ASTL,2020-07-13,39.51,41.94,39.51,41.94,7005500,psxdata,2026-05-11T12:56:41
ASTL,2020-07-14,42.4,42.42,40.5,40.99,4746500,psxdata,2026-05-11T12:56:41
ASTL,2020-07-15,41.24,41.38,40.25,41.1,1593500,psxdata,2026-05-11T12:56:41
ASTL,2020-07-16,41.24,42.1,41.0,41.94,2426500,psxdata,2026-05-11T12:56:41
ASTL,2020-07-17,42.01,43.4,42.01,42.78,3360000,psxdata,2026-05-11T12:56:41
ASTL,2020-07-20,43.25,44.4,42.6,43.12,6419500,psxdata,2026-05-11T12:56:41
ASTL,2020-07-21,43.38,43.89,42.35,42.6,3723500,psxdata,2026-05-11T12:56:41
ASTL,2020-07-22,42.5,42.98,40.81,42.16,4420500,psxdata,2026-05-11T12:56:41
ASTL,2020-07-23,42.0,42.4,40.05,40.88,1336500,psxdata,2026-05-11T12:56:41
ASTL,2020-07-24,40.25,41.0,40.0,40.57,1359000,psxdata,2026-05-11T12:56:41
ASTL,2020-07-27,40.5,41.76,40.25,41.33,2197000,psxdata,2026-05-11T12:56:41
ASTL,2020-07-28,41.85,44.0,41.4,43.55,4021000,psxdata,2026-05-11T12:56:41
ASTL,2020-07-29,43.36,44.4,41.7,42.39,2789000,psxdata,2026-05-11T12:56:41
ASTL,2020-07-30,42.0,42.95,41.81,42.82,692500,psxdata,2026-05-11T12:56:41
ASTL,2020-08-03,42.55,45.65,42.55,45.06,5621000,psxdata,2026-05-11T12:56:41
ASTL,2020-08-04,45.0,45.8,43.0,43.25,3204500,psxdata,2026-05-11T12:56:41
ASTL,2020-08-05,42.71,44.34,42.71,44.17,1065500,psxdata,2026-05-11T12:56:41
ASTL,2020-08-06,44.41,47.2,44.0,46.82,9246000,psxdata,2026-05-11T12:56:41
ASTL,2020-08-07,47.85,50.33,46.82,50.33,10089000,psxdata,2026-05-11T12:56:41
ASTL,2020-08-10,51.3,52.15,49.16,49.65,8211500,psxdata,2026-05-11T12:56:41
ASTL,2020-08-11,49.98,51.5,48.65,50.18,6276000,psxdata,2026-05-11T12:56:41
ASTL,2020-08-12,50.5,52.3,49.5,50.0,9569000,psxdata,2026-05-11T12:56:41
ASTL,2020-08-13,50.4,50.49,48.53,49.12,5763000,psxdata,2026-05-11T12:56:41
ASTL,2020-08-17,49.65,51.25,49.3,50.73,5598000,psxdata,2026-05-11T12:56:41
ASTL,2020-08-18,51.05,51.25,49.55,49.73,2908000,psxdata,2026-05-11T12:56:41
ASTL,2020-08-19,49.81,51.1,49.5,49.81,3491500,psxdata,2026-05-11T12:56:41
ASTL,2020-08-20,49.79,49.95,47.73,48.25,2628000,psxdata,2026-05-11T12:56:41
ASTL,2020-08-21,48.21,48.65,46.22,47.05,2341000,psxdata,2026-05-11T12:56:41
ASTL,2020-08-24,47.35,49.75,47.02,49.43,3423000,psxdata,2026-05-11T12:56:41
ASTL,2020-08-25,49.9,51.3,49.71,50.39,5941500,psxdata,2026-05-11T12:56:41
ASTL,2020-08-26,50.7,50.8,49.66,49.9,2019500,psxdata,2026-05-11T12:56:41
ASTL,2020-08-27,50.39,51.0,49.75,49.86,2329000,psxdata,2026-05-11T12:56:41
ASTL,2020-08-28,49.8,50.25,49.25,49.42,1235500,psxdata,2026-05-11T12:56:41
ASTL,2020-08-31,49.48,50.15,49.0,49.17,2100500,psxdata,2026-05-11T12:56:41
ASTL,2020-09-01,49.48,52.4,49.36,51.58,7818000,psxdata,2026-05-11T12:56:41
ASTL,2020-09-02,52.0,52.05,51.27,51.4,2635000,psxdata,2026-05-11T12:56:41
ASTL,2020-09-03,51.26,53.0,51.15,51.82,4080500,psxdata,2026-05-11T12:56:41
ASTL,2020-09-04,51.75,54.2,51.0,53.18,9295500,psxdata,2026-05-11T12:56:41
ASTL,2020-09-07,54.16,54.65,53.01,53.46,6809000,psxdata,2026-05-11T12:56:41
ASTL,2020-09-08,53.6,53.9,51.51,51.84,3500500,psxdata,2026-05-11T12:56:41
ASTL,2020-09-09,51.1,53.24,49.97,52.88,8996500,psxdata,2026-05-11T12:56:41
ASTL,2020-09-10,54.0,54.25,52.3,52.44,4003500,psxdata,2026-05-11T12:56:41
ASTL,2020-09-11,52.4,52.4,50.7,50.9,3949000,psxdata,2026-05-11T12:56:41
ASTL,2020-09-14,51.0,51.9,50.25,50.48,5554000,psxdata,2026-05-11T12:56:41
ASTL,2020-09-15,51.3,51.49,50.4,50.73,3664000,psxdata,2026-05-11T12:56:41
ASTL,2020-09-16,51.24,51.64,50.2,50.42,2699000,psxdata,2026-05-11T12:56:41
ASTL,2020-09-17,51.1,52.39,50.7,51.34,8378500,psxdata,2026-05-11T12:56:41
ASTL,2020-09-18,51.49,51.7,50.8,50.9,911000,psxdata,2026-05-11T12:56:41
ASTL,2020-09-21,51.05,51.06,50.1,50.29,1002000,psxdata,2026-05-11T12:56:41
ASTL,2020-09-22,50.29,50.34,48.6,48.98,2409000,psxdata,2026-05-11T12:56:41
ASTL,2020-09-23,49.1,49.5,46.22,46.57,3776500,psxdata,2026-05-11T12:56:41
ASTL,2020-09-24,46.5,46.75,44.36,45.96,3342500,psxdata,2026-05-11T12:56:41
ASTL,2020-09-25,45.9,47.0,45.2,45.65,3021000,psxdata,2026-05-11T12:56:41
ASTL,2020-09-28,45.6,46.2,42.3,42.77,1764000,psxdata,2026-05-11T12:56:41
ASTL,2020-09-29,43.24,45.3,42.76,44.75,3568000,psxdata,2026-05-11T12:56:41
ASTL,2020-09-30,44.8,45.81,43.31,43.77,2527000,psxdata,2026-05-11T12:56:41
ASTL,2020-10-01,43.8,44.7,42.33,43.97,1499500,psxdata,2026-05-11T12:56:41
ASTL,2020-10-02,43.6,44.6,40.71,41.22,2341000,psxdata,2026-05-11T12:56:41
ASTL,2020-10-05,40.51,41.75,38.56,39.21,4884000,psxdata,2026-05-11T12:56:41
ASTL,2020-10-06,40.0,41.35,38.8,40.69,5263000,psxdata,2026-05-11T12:56:41
ASTL,2020-10-07,41.29,42.7,40.5,42.1,6356000,psxdata,2026-05-11T12:56:41
ASTL,2020-10-08,42.5,42.8,41.06,41.91,3484000,psxdata,2026-05-11T12:56:41
ASTL,2020-10-09,42.24,43.3,41.7,42.59,3878500,psxdata,2026-05-11T12:56:41
ASTL,2020-10-12,42.5,43.19,39.99,40.31,1707000,psxdata,2026-05-11T12:56:41
ASTL,2020-10-13,40.49,40.5,39.0,39.64,1796000,psxdata,2026-05-11T12:56:41
ASTL,2020-10-14,39.94,40.5,39.3,40.43,870500,psxdata,2026-05-11T12:56:41
ASTL,2020-10-15,40.5,41.35,39.8,39.94,1627000,psxdata,2026-05-11T12:56:41
ASTL,2020-10-16,39.8,40.4,39.1,40.17,848500,psxdata,2026-05-11T12:56:41
ASTL,2020-10-19,40.15,40.45,39.35,40.21,616500,psxdata,2026-05-11T12:56:41
ASTL,2020-10-20,40.34,42.16,40.34,41.93,2054000,psxdata,2026-05-11T12:56:41
ASTL,2020-10-21,42.15,43.5,42.1,42.55,4148500,psxdata,2026-05-11T12:56:41
ASTL,2020-10-22,42.58,44.99,42.36,43.66,8861500,psxdata,2026-05-11T12:56:41
ASTL,2020-10-23,43.98,44.3,43.1,43.52,1506000,psxdata,2026-05-11T12:56:41
ASTL,2020-10-26,44.1,46.29,43.75,45.78,6071000,psxdata,2026-05-11T12:56:41
ASTL,2020-10-27,45.99,45.99,43.75,43.89,4278000,psxdata,2026-05-11T12:56:41
ASTL,2020-10-28,43.75,44.25,42.77,43.16,2283500,psxdata,2026-05-11T12:56:41
ASTL,2020-10-29,42.7,42.7,39.93,40.23,5354500,psxdata,2026-05-11T12:56:41
ASTL,2020-11-02,39.7,39.7,37.25,38.25,2190000,psxdata,2026-05-11T12:56:41
ASTL,2020-11-03,39.1,41.11,39.0,40.9,1853000,psxdata,2026-05-11T12:56:41
ASTL,2020-11-04,41.65,43.7,41.49,42.94,5194500,psxdata,2026-05-11T12:56:41
ASTL,2020-11-05,43.61,44.0,42.62,43.03,1803500,psxdata,2026-05-11T12:56:41
ASTL,2020-11-06,43.25,43.25,42.3,42.49,655000,psxdata,2026-05-11T12:56:41
ASTL,2020-11-09,42.72,42.98,41.76,42.12,740500,psxdata,2026-05-11T12:56:41
ASTL,2020-11-10,43.25,43.4,42.01,42.17,1486000,psxdata,2026-05-11T12:56:41
ASTL,2020-11-11,42.35,42.5,41.0,41.36,834500,psxdata,2026-05-11T12:56:41
ASTL,2020-11-12,41.35,41.6,39.6,39.83,1331500,psxdata,2026-05-11T12:56:41
ASTL,2020-11-13,39.95,40.6,39.1,40.08,732000,psxdata,2026-05-11T12:56:41
ASTL,2020-11-16,40.4,40.74,39.11,40.08,509000,psxdata,2026-05-11T12:56:41
ASTL,2020-11-17,40.67,41.2,40.25,40.36,910000,psxdata,2026-05-11T12:56:41
ASTL,2020-11-18,40.02,41.55,40.0,41.13,868500,psxdata,2026-05-11T12:56:41
ASTL,2020-11-19,41.21,41.6,40.75,40.95,553000,psxdata,2026-05-11T12:56:41
ASTL,2020-11-20,41.1,41.1,39.8,40.11,272500,psxdata,2026-05-11T12:56:41
ASTL,2020-11-23,40.0,40.0,38.05,38.54,815500,psxdata,2026-05-11T12:56:41
ASTL,2020-11-24,39.4,39.4,37.81,38.71,759000,psxdata,2026-05-11T12:56:41
ASTL,2020-11-25,38.95,39.4,38.0,38.87,558500,psxdata,2026-05-11T12:56:41
ASTL,2020-11-26,39.25,40.45,39.11,40.26,1673500,psxdata,2026-05-11T12:56:41
ASTL,2020-11-27,40.26,40.89,39.95,40.11,1370500,psxdata,2026-05-11T12:56:41
ASTL,2020-11-30,40.0,41.5,39.51,41.22,1345000,psxdata,2026-05-11T12:56:41
ASTL,2020-12-01,41.5,42.79,41.0,42.06,3807500,psxdata,2026-05-11T12:56:41
ASTL,2020-12-02,42.39,43.15,41.8,42.37,2889000,psxdata,2026-05-11T12:56:41
ASTL,2020-12-03,42.59,42.89,41.85,42.13,1713500,psxdata,2026-05-11T12:56:41
ASTL,2020-12-04,42.5,45.28,41.88,45.28,9843000,psxdata,2026-05-11T12:56:41
ASTL,2020-12-07,46.25,47.2,45.65,45.81,7313000,psxdata,2026-05-11T12:56:41
ASTL,2020-12-08,46.0,47.98,44.85,46.29,6935000,psxdata,2026-05-11T12:56:41
ASTL,2020-12-09,46.29,47.98,45.5,46.51,4803000,psxdata,2026-05-11T12:56:41
ASTL,2020-12-10,47.2,47.4,46.2,47.18,3010000,psxdata,2026-05-11T12:56:41
ASTL,2020-12-11,47.5,47.6,46.36,46.75,3935000,psxdata,2026-05-11T12:56:41
ASTL,2020-12-14,47.1,49.4,46.66,48.44,9199000,psxdata,2026-05-11T12:56:41
ASTL,2020-12-15,49.0,49.15,46.5,46.96,3295500,psxdata,2026-05-11T12:56:41
ASTL,2020-12-16,47.2,47.3,46.0,46.22,1759000,psxdata,2026-05-11T12:56:41
ASTL,2020-12-17,46.25,47.0,46.25,46.83,1325500,psxdata,2026-05-11T12:56:41
ASTL,2020-12-18,46.99,47.65,46.0,46.27,2244000,psxdata,2026-05-11T12:56:41
ASTL,2020-12-21,46.99,48.39,46.85,47.29,5940000,psxdata,2026-05-11T12:56:41
ASTL,2020-12-22,47.5,48.61,46.5,46.74,4977000,psxdata,2026-05-11T12:56:41
ASTL,2020-12-23,46.45,47.5,46.4,47.21,2100500,psxdata,2026-05-11T12:56:41
ASTL,2020-12-24,47.51,48.6,47.3,47.5,5096000,psxdata,2026-05-11T12:56:41
ASTL,2020-12-28,48.19,48.19,46.8,47.04,1284500,psxdata,2026-05-11T12:56:41
ASTL,2020-12-29,47.45,47.55,46.51,46.6,1265000,psxdata,2026-05-11T12:56:41
ASTL,2020-12-30,46.8,47.7,46.8,47.34,1680000,psxdata,2026-05-11T12:56:41
ASTL,2020-12-31,47.65,48.99,47.5,48.26,5355000,psxdata,2026-05-11T12:56:41
ASTL,2021-01-01,49.0,49.3,47.5,47.73,3016000,psxdata,2026-05-11T12:56:41
ASTL,2021-01-04,47.9,48.2,46.71,46.88,1038000,psxdata,2026-05-11T12:56:41
ASTL,2021-01-05,46.75,48.5,46.63,47.69,2261000,psxdata,2026-05-11T12:56:41
ASTL,2021-01-06,47.99,48.2,47.35,47.52,995000,psxdata,2026-05-11T12:56:41
ASTL,2021-01-07,47.8,47.95,46.8,47.58,1897500,psxdata,2026-05-11T12:56:41
ASTL,2021-01-08,47.7,48.3,47.35,47.51,1990500,psxdata,2026-05-11T12:56:41
ASTL,2021-01-11,47.8,47.95,47.15,47.43,952000,psxdata,2026-05-11T12:56:41
ASTL,2021-01-12,47.5,47.8,47.25,47.55,868000,psxdata,2026-05-11T12:56:41
ASTL,2021-01-13,47.8,49.48,47.8,48.85,6653000,psxdata,2026-05-11T12:56:41
ASTL,2021-01-14,49.23,49.75,48.25,48.51,4535000,psxdata,2026-05-11T12:56:41
ASTL,2021-01-15,48.55,48.95,48.0,48.06,1913500,psxdata,2026-05-11T12:56:41
ASTL,2021-01-18,48.16,48.2,47.25,47.48,1179500,psxdata,2026-05-11T12:56:41
ASTL,2021-01-19,47.45,48.29,47.2,47.69,2148500,psxdata,2026-05-11T12:56:41
ASTL,2021-01-20,47.75,48.0,47.0,47.33,1637000,psxdata,2026-05-11T12:56:41
ASTL,2021-01-21,47.3,48.9,47.0,47.78,4623500,psxdata,2026-05-11T12:56:41
ASTL,2021-01-22,47.99,48.75,47.5,48.36,2377500,psxdata,2026-05-11T12:56:41
ASTL,2021-01-25,48.6,51.89,48.1,51.32,8548000,psxdata,2026-05-11T12:56:41
ASTL,2021-01-26,51.32,51.71,50.01,50.34,3893500,psxdata,2026-05-11T12:56:41
ASTL,2021-01-27,50.5,50.99,49.8,50.11,1809000,psxdata,2026-05-11T12:56:41
ASTL,2021-01-28,50.0,51.9,49.9,50.54,5666500,psxdata,2026-05-11T12:56:41
ASTL,2021-01-29,51.49,51.6,50.4,50.62,4414500,psxdata,2026-05-11T12:56:41
ASTL,2021-02-01,51.0,51.2,49.03,49.89,1579000,psxdata,2026-05-11T12:56:41
ASTL,2021-02-02,49.9,52.74,49.5,51.81,5192000,psxdata,2026-05-11T12:56:41
ASTL,2021-02-03,52.15,52.89,50.9,51.16,6308500,psxdata,2026-05-11T12:56:41
ASTL,2021-02-04,51.3,51.66,50.25,50.76,1974000,psxdata,2026-05-11T12:56:41
ASTL,2021-02-08,50.85,51.1,48.3,49.36,1992000,psxdata,2026-05-11T12:56:41
ASTL,2021-02-09,48.65,50.14,48.01,48.35,3590500,psxdata,2026-05-11T12:56:41
ASTL,2021-02-10,48.4,48.8,47.75,47.99,2000500,psxdata,2026-05-11T12:56:41
ASTL,2021-02-11,48.02,48.39,46.2,46.43,5015500,psxdata,2026-05-11T12:56:41
ASTL,2021-02-12,46.85,47.25,46.2,46.79,1408000,psxdata,2026-05-11T12:56:41
ASTL,2021-02-15,46.99,48.15,46.99,47.37,1985500,psxdata,2026-05-11T12:56:41
ASTL,2021-02-16,47.55,47.98,47.4,47.62,1130000,psxdata,2026-05-11T12:56:41
ASTL,2021-02-17,47.65,48.81,47.4,47.87,3075500,psxdata,2026-05-11T12:56:41
ASTL,2021-02-18,48.1,48.48,47.2,47.75,1360000,psxdata,2026-05-11T12:56:41
ASTL,2021-02-19,47.98,48.75,47.55,47.69,2358000,psxdata,2026-05-11T12:56:41
ASTL,2021-02-22,48.0,48.98,47.31,47.71,4118500,psxdata,2026-05-11T12:56:41
ASTL,2021-02-23,48.0,48.74,47.3,47.55,2231500,psxdata,2026-05-11T12:56:41
ASTL,2021-02-24,47.55,48.0,44.35,45.55,2127500,psxdata,2026-05-11T12:56:41
ASTL,2021-02-25,45.99,46.25,45.05,45.64,1252000,psxdata,2026-05-11T12:56:41
ASTL,2021-02-26,46.4,46.4,44.52,44.78,1545500,psxdata,2026-05-11T12:56:41
ASTL,2021-03-01,44.45,45.57,43.45,44.0,769000,psxdata,2026-05-11T12:56:41
ASTL,2021-03-02,44.39,46.4,44.2,44.92,2172500,psxdata,2026-05-11T12:56:41
ASTL,2021-03-03,45.25,45.9,44.86,45.74,1170000,psxdata,2026-05-11T12:56:41
ASTL,2021-03-04,43.91,45.0,43.01,44.12,1367000,psxdata,2026-05-11T12:56:41
ASTL,2021-03-05,44.1,44.95,43.01,44.62,891500,psxdata,2026-05-11T12:56:41
ASTL,2021-03-08,45.4,45.5,42.8,43.26,923000,psxdata,2026-05-11T12:56:41
ASTL,2021-03-09,43.5,44.2,41.05,42.37,1755000,psxdata,2026-05-11T12:56:41
ASTL,2021-03-10,43.0,43.19,40.0,40.89,1207500,psxdata,2026-05-11T12:56:41
ASTL,2021-03-11,40.99,42.2,38.4,39.3,1696500,psxdata,2026-05-11T12:56:41
ASTL,2021-03-12,39.01,42.15,39.01,41.51,1741000,psxdata,2026-05-11T12:56:41
ASTL,2021-03-15,42.49,44.23,42.05,43.91,1324000,psxdata,2026-05-11T12:56:41
ASTL,2021-03-16,44.4,44.4,42.6,43.27,748000,psxdata,2026-05-11T12:56:41
ASTL,2021-03-17,43.5,44.0,43.14,43.63,644000,psxdata,2026-05-11T12:56:41
ASTL,2021-03-18,43.76,44.9,42.0,42.47,1628500,psxdata,2026-05-11T12:56:41
ASTL,2021-03-19,42.0,43.47,42.0,43.19,625000,psxdata,2026-05-11T12:56:41
ASTL,2021-03-22,43.2,44.1,42.5,43.68,802000,psxdata,2026-05-11T12:56:41
ASTL,2021-03-24,44.0,44.23,43.19,43.53,1381500,psxdata,2026-05-11T12:56:41
ASTL,2021-03-25,44.0,44.2,43.33,43.5,771000,psxdata,2026-05-11T12:56:41
ASTL,2021-03-26,43.69,43.7,42.06,42.64,964500,psxdata,2026-05-11T12:56:41
ASTL,2021-03-29,43.4,43.4,39.61,40.14,1048500,psxdata,2026-05-11T12:56:41
ASTL,2021-03-30,41.0,41.5,39.93,40.67,948500,psxdata,2026-05-11T12:56:41
ASTL,2021-03-31,41.6,43.5,40.76,41.68,2322000,psxdata,2026-05-11T12:56:41
ASTL,2021-04-01,41.88,42.1,40.61,40.88,511500,psxdata,2026-05-11T12:56:41
ASTL,2021-04-02,41.06,41.7,40.51,40.96,475500,psxdata,2026-05-11T12:56:41
ASTL,2021-04-05,41.94,41.94,39.7,39.96,870500,psxdata,2026-05-11T12:56:41
ASTL,2021-04-06,40.3,41.0,40.05,40.5,951000,psxdata,2026-05-11T12:56:41
ASTL,2021-04-07,40.8,41.5,40.25,40.5,706500,psxdata,2026-05-11T12:56:41
ASTL,2021-04-08,40.85,42.4,40.5,42.11,1587500,psxdata,2026-05-11T12:56:41
ASTL,2021-04-09,42.5,42.78,41.91,42.06,1258500,psxdata,2026-05-11T12:56:41
ASTL,2021-04-12,42.0,42.0,41.0,41.35,581000,psxdata,2026-05-11T12:56:41
ASTL,2021-04-13,41.4,42.0,40.8,41.34,626500,psxdata,2026-05-11T12:56:41
ASTL,2021-04-14,41.9,41.9,40.73,40.95,767000,psxdata,2026-05-11T12:56:41
ASTL,2021-04-15,41.25,41.8,40.97,41.05,401500,psxdata,2026-05-11T12:56:41
ASTL,2021-04-16,41.49,41.59,41.05,41.4,204000,psxdata,2026-05-11T12:56:41
ASTL,2021-04-19,41.01,41.58,40.22,40.68,443500,psxdata,2026-05-11T12:56:41
ASTL,2021-04-20,41.7,43.2,40.68,42.09,2756500,psxdata,2026-05-11T12:56:41
ASTL,2021-04-21,42.4,42.4,41.05,41.14,515000,psxdata,2026-05-11T12:56:41
ASTL,2021-04-22,41.24,41.24,39.8,40.0,951000,psxdata,2026-05-11T12:56:41
ASTL,2021-04-23,39.6,40.2,39.25,40.06,451000,psxdata,2026-05-11T12:56:41
ASTL,2021-04-26,39.56,40.0,38.8,39.72,752000,psxdata,2026-05-11T12:56:41
ASTL,2021-04-27,39.96,40.15,39.12,39.27,438500,psxdata,2026-05-11T12:56:41
ASTL,2021-04-28,39.22,39.26,38.5,38.68,694000,psxdata,2026-05-11T12:56:41
ASTL,2021-04-29,38.67,38.89,38.11,38.27,308500,psxdata,2026-05-11T12:56:41
ASTL,2021-04-30,38.16,38.16,36.7,37.12,1101500,psxdata,2026-05-11T12:56:41
ASTL,2021-05-03,37.0,37.89,36.01,36.94,494500,psxdata,2026-05-11T12:56:41
ASTL,2021-05-04,37.79,37.79,36.8,37.12,249500,psxdata,2026-05-11T12:56:41
ASTL,2021-05-05,37.69,37.69,36.6,36.75,445000,psxdata,2026-05-11T12:56:41
ASTL,2021-05-06,36.8,37.7,36.8,37.56,375500,psxdata,2026-05-11T12:56:41
ASTL,2021-05-17,38.25,39.69,37.56,39.47,1154500,psxdata,2026-05-11T12:56:41
ASTL,2021-05-18,39.9,40.99,39.2,40.22,1542000,psxdata,2026-05-11T12:56:41
ASTL,2021-05-19,40.2,40.2,39.35,39.58,541000,psxdata,2026-05-11T12:56:41
ASTL,2021-05-20,39.58,40.1,39.46,39.57,362500,psxdata,2026-05-11T12:56:41
ASTL,2021-05-21,39.2,40.0,39.2,39.79,593500,psxdata,2026-05-11T12:56:41
ASTL,2021-05-24,39.8,41.48,39.8,41.15,1847500,psxdata,2026-05-11T12:56:41
ASTL,2021-05-25,40.95,41.75,40.95,41.09,989000,psxdata,2026-05-11T12:56:41
ASTL,2021-05-26,41.19,41.85,41.0,41.26,1056500,psxdata,2026-05-11T12:56:41
ASTL,2021-05-27,41.28,41.5,40.8,40.99,849500,psxdata,2026-05-11T12:56:41
ASTL,2021-05-28,41.0,41.65,40.51,41.4,601000,psxdata,2026-05-11T12:56:41
ASTL,2021-05-31,41.61,43.0,41.4,42.77,1956500,psxdata,2026-05-11T12:56:41
ASTL,2021-06-01,42.99,44.5,42.51,43.65,3356500,psxdata,2026-05-11T12:56:41
ASTL,2021-06-02,43.51,43.95,42.0,43.34,924500,psxdata,2026-05-11T12:56:41
ASTL,2021-06-03,43.79,46.59,43.6,46.59,10835000,psxdata,2026-05-11T12:56:41
ASTL,2021-06-04,47.3,48.7,46.5,47.43,6809500,psxdata,2026-05-11T12:56:41
ASTL,2021-06-07,47.99,48.79,47.12,47.56,2793000,psxdata,2026-05-11T12:56:41
ASTL,2021-06-08,47.7,47.8,46.51,46.74,1167500,psxdata,2026-05-11T12:56:41
ASTL,2021-06-09,46.8,47.0,45.4,45.69,1704000,psxdata,2026-05-11T12:56:41
ASTL,2021-06-10,46.1,46.15,45.7,45.87,721000,psxdata,2026-05-11T12:56:41
ASTL,2021-06-11,45.95,46.7,45.7,45.92,868500,psxdata,2026-05-11T12:56:41
ASTL,2021-06-14,46.9,48.15,46.46,47.17,4509500,psxdata,2026-05-11T12:56:41
ASTL,2021-06-15,47.05,48.1,46.4,47.23,2399500,psxdata,2026-05-11T12:56:41
ASTL,2021-06-16,47.39,48.25,47.0,47.65,1973000,psxdata,2026-05-11T12:56:41
ASTL,2021-06-17,47.53,47.79,45.15,45.46,6416500,psxdata,2026-05-11T12:56:41
ASTL,2021-06-18,45.6,46.79,45.12,46.08,1660000,psxdata,2026-05-11T12:56:41
ASTL,2021-06-21,46.01,46.25,44.9,44.94,1076000,psxdata,2026-05-11T12:56:41
ASTL,2021-06-22,44.7,45.25,44.25,44.45,602000,psxdata,2026-05-11T12:56:41
ASTL,2021-06-23,44.5,44.95,44.35,44.4,477000,psxdata,2026-05-11T12:56:41
ASTL,2021-06-24,44.5,44.85,44.01,44.61,717000,psxdata,2026-05-11T12:56:41
ASTL,2021-06-25,44.5,45.49,44.11,44.59,1309500,psxdata,2026-05-11T12:56:41
ASTL,2021-06-28,44.25,44.6,43.0,43.16,1186500,psxdata,2026-05-11T12:56:41
ASTL,2021-06-29,43.75,44.0,43.12,43.44,592000,psxdata,2026-05-11T12:56:41
ASTL,2021-06-30,43.89,43.9,42.9,43.44,400000,psxdata,2026-05-11T12:56:41
ASTL,2021-07-01,43.75,44.79,43.75,44.72,705500,psxdata,2026-05-11T12:56:41
ASTL,2021-07-02,44.6,45.0,44.32,44.46,626000,psxdata,2026-05-11T12:56:41
ASTL,2021-07-05,44.46,44.9,43.92,44.04,498000,psxdata,2026-05-11T12:56:41
ASTL,2021-07-06,44.3,44.49,43.5,43.79,475500,psxdata,2026-05-11T12:56:41
ASTL,2021-07-07,43.6,44.6,43.5,44.24,583500,psxdata,2026-05-11T12:56:41
ASTL,2021-07-08,44.26,45.18,44.26,44.52,1088000,psxdata,2026-05-11T12:56:41
ASTL,2021-07-09,44.89,44.89,43.86,43.9,204000,psxdata,2026-05-11T12:56:41
ASTL,2021-07-12,43.51,43.95,42.91,43.03,418000,psxdata,2026-05-11T12:56:41
ASTL,2021-07-13,43.01,43.68,43.0,43.54,476500,psxdata,2026-05-11T12:56:41
ASTL,2021-07-14,43.5,43.7,43.4,43.49,258000,psxdata,2026-05-11T12:56:41
ASTL,2021-07-15,43.11,44.89,43.11,44.53,781000,psxdata,2026-05-11T12:56:41
ASTL,2021-07-16,44.3,44.99,44.0,44.35,870500,psxdata,2026-05-11T12:56:41
ASTL,2021-07-19,44.5,44.5,43.95,44.04,303500,psxdata,2026-05-11T12:56:41
ASTL,2021-07-23,44.01,44.01,43.55,43.61,153500,psxdata,2026-05-11T12:56:41
ASTL,2021-07-26,43.61,43.85,43.3,43.5,116000,psxdata,2026-05-11T12:56:41
ASTL,2021-07-27,43.4,43.6,43.05,43.09,424000,psxdata,2026-05-11T12:56:41
ASTL,2021-07-28,43.28,44.0,42.11,42.6,490000,psxdata,2026-05-11T12:56:41
ASTL,2021-07-29,42.6,42.6,41.0,42.06,521000,psxdata,2026-05-11T12:56:41
ASTL,2021-07-30,42.25,43.0,42.0,42.11,917000,psxdata,2026-05-11T12:56:41
ASTL,2021-08-02,42.02,43.33,41.8,42.86,754000,psxdata,2026-05-11T12:56:41
ASTL,2021-08-03,43.0,44.0,43.0,43.19,962000,psxdata,2026-05-11T12:56:41
ASTL,2021-08-04,43.2,43.3,42.65,42.71,385500,psxdata,2026-05-11T12:56:41
ASTL,2021-08-05,42.66,42.95,42.4,42.54,258500,psxdata,2026-05-11T12:56:41
ASTL,2021-08-06,42.7,44.25,42.64,44.02,1139500,psxdata,2026-05-11T12:56:41
ASTL,2021-08-09,44.0,44.74,43.75,43.94,790000,psxdata,2026-05-11T12:56:41
ASTL,2021-08-10,43.8,44.35,43.5,43.85,489000,psxdata,2026-05-11T12:56:41
ASTL,2021-08-11,44.18,44.4,43.5,43.72,576000,psxdata,2026-05-11T12:56:41
ASTL,2021-08-12,43.72,43.9,43.25,43.3,187000,psxdata,2026-05-11T12:56:41
ASTL,2021-08-13,43.3,43.5,42.49,42.64,1399500,psxdata,2026-05-11T12:56:41
ASTL,2021-08-16,42.99,43.86,42.01,43.25,979000,psxdata,2026-05-11T12:56:41
ASTL,2021-08-17,43.7,45.55,43.4,45.02,1308500,psxdata,2026-05-11T12:56:41
ASTL,2021-08-20,45.3,46.6,44.9,46.42,2304000,psxdata,2026-05-11T12:56:41
ASTL,2021-08-23,46.4,47.1,45.75,46.21,1392500,psxdata,2026-05-11T12:56:41
ASTL,2021-08-24,46.5,46.5,45.3,45.38,333000,psxdata,2026-05-11T12:56:41
ASTL,2021-08-25,45.5,46.28,44.3,44.42,586000,psxdata,2026-05-11T12:56:41
ASTL,2021-08-26,44.4,44.55,43.47,43.53,248000,psxdata,2026-05-11T12:56:41
ASTL,2021-08-27,43.1,43.62,42.05,42.64,614500,psxdata,2026-05-11T12:56:41
ASTL,2021-08-30,43.0,44.94,42.7,44.6,685000,psxdata,2026-05-11T12:56:41
ASTL,2021-08-31,44.4,45.5,43.82,45.28,786000,psxdata,2026-05-11T12:56:41
ASTL,2021-09-01,45.28,46.9,45.28,46.5,2307000,psxdata,2026-05-11T12:56:41
ASTL,2021-09-02,46.3,46.3,45.06,45.37,805500,psxdata,2026-05-11T12:56:41
ASTL,2021-09-03,44.8,45.45,44.5,44.99,317000,psxdata,2026-05-11T12:56:41
ASTL,2021-09-06,45.4,46.0,44.5,44.57,150500,psxdata,2026-05-11T12:56:41
ASTL,2021-09-07,44.11,44.5,43.1,43.45,336000,psxdata,2026-05-11T12:56:41
ASTL,2021-09-08,43.0,43.85,42.75,43.57,424500,psxdata,2026-05-11T12:56:41
ASTL,2021-09-09,43.99,43.99,43.05,43.21,207500,psxdata,2026-05-11T12:56:41
ASTL,2021-09-10,43.7,43.8,42.02,42.19,1351000,psxdata,2026-05-11T12:56:41
ASTL,2021-09-13,42.5,45.05,42.3,44.73,1263500,psxdata,2026-05-11T12:56:41
ASTL,2021-09-14,44.87,44.87,42.55,43.09,491000,psxdata,2026-05-11T12:56:41
ASTL,2021-09-15,43.2,43.45,42.08,42.36,385000,psxdata,2026-05-11T12:56:41
ASTL,2021-09-16,42.5,43.22,42.35,42.86,169000,psxdata,2026-05-11T12:56:41
ASTL,2021-09-17,42.7,43.5,41.8,42.01,1351000,psxdata,2026-05-11T12:56:41
ASTL,2021-09-20,42.03,42.25,40.94,41.76,392500,psxdata,2026-05-11T12:56:41
ASTL,2021-09-21,41.76,42.25,40.5,41.15,152500,psxdata,2026-05-11T12:56:41
ASTL,2021-09-22,40.49,40.77,38.6,40.14,884500,psxdata,2026-05-11T12:56:41
ASTL,2021-09-23,40.49,40.55,39.25,39.45,377000,psxdata,2026-05-11T12:56:41
ASTL,2021-09-24,39.5,40.23,39.0,39.76,381500,psxdata,2026-05-11T12:56:41
ASTL,2021-09-27,40.1,40.1,38.1,38.84,496500,psxdata,2026-05-11T12:56:41
ASTL,2021-09-28,39.0,39.0,37.8,38.36,1440000,psxdata,2026-05-11T12:56:41
ASTL,2021-09-29,38.4,38.4,35.65,37.39,927500,psxdata,2026-05-11T12:56:41
ASTL,2021-09-30,36.1,39.5,36.1,39.15,790000,psxdata,2026-05-11T12:56:41
ASTL,2021-10-01,39.0,40.1,38.5,39.95,757500,psxdata,2026-05-11T12:56:41
ASTL,2021-10-04,39.02,39.85,39.0,39.28,105000,psxdata,2026-05-11T12:56:41
ASTL,2021-10-05,39.28,39.3,38.25,38.59,115000,psxdata,2026-05-11T12:56:41
ASTL,2021-10-06,38.1,38.1,37.65,37.76,101000,psxdata,2026-05-11T12:56:41
ASTL,2021-10-07,38.1,38.74,37.8,37.98,130500,psxdata,2026-05-11T12:56:41
ASTL,2021-10-11,37.01,37.3,36.5,36.86,216000,psxdata,2026-05-11T12:56:41
ASTL,2021-10-12,37.47,38.07,36.05,37.9,284500,psxdata,2026-05-11T12:56:41
ASTL,2021-10-13,38.39,38.39,37.0,37.33,138500,psxdata,2026-05-11T12:56:41
ASTL,2021-10-14,37.1,38.75,37.1,38.57,166000,psxdata,2026-05-11T12:56:41
ASTL,2021-10-15,38.4,39.18,38.26,38.54,163000,psxdata,2026-05-11T12:56:41
ASTL,2021-10-18,37.75,38.99,37.11,37.4,113000,psxdata,2026-05-11T12:56:41
ASTL,2021-10-20,38.0,38.4,37.7,37.89,148500,psxdata,2026-05-11T12:56:41
ASTL,2021-10-21,38.0,38.78,37.8,38.56,253500,psxdata,2026-05-11T12:56:41
ASTL,2021-10-22,38.03,39.0,36.36,36.6,932500,psxdata,2026-05-11T12:56:41
ASTL,2021-10-25,36.6,36.84,36.12,36.5,66500,psxdata,2026-05-11T12:56:41
ASTL,2021-10-26,36.7,39.23,36.7,39.0,2048500,psxdata,2026-05-11T12:56:41
ASTL,2021-10-27,39.5,41.51,39.5,40.52,1620000,psxdata,2026-05-11T12:56:41
ASTL,2021-10-28,40.0,41.3,38.56,38.69,1458000,psxdata,2026-05-11T12:56:41
ASTL,2021-10-29,39.15,40.3,38.25,40.09,833000,psxdata,2026-05-11T12:56:41
ASTL,2021-11-01,41.0,43.09,41.0,42.97,2850500,psxdata,2026-05-11T12:56:41
ASTL,2021-11-02,43.51,46.19,43.5,46.19,4043000,psxdata,2026-05-11T12:56:41
ASTL,2021-11-03,47.8,49.65,47.0,47.54,10101000,psxdata,2026-05-11T12:56:41
ASTL,2021-11-04,47.05,47.5,46.51,47.14,1477500,psxdata,2026-05-11T12:56:41
ASTL,2021-11-05,47.0,48.75,46.45,46.86,1497500,psxdata,2026-05-11T12:56:41
ASTL,2021-11-08,46.52,47.4,46.0,46.04,457000,psxdata,2026-05-11T12:56:41
ASTL,2021-11-09,46.05,46.05,43.5,45.05,2089000,psxdata,2026-05-11T12:56:41
ASTL,2021-11-10,45.48,46.75,44.72,45.48,1195500,psxdata,2026-05-11T12:56:41
ASTL,2021-11-11,45.5,45.99,44.65,44.93,307000,psxdata,2026-05-11T12:56:41
ASTL,2021-11-12,44.55,45.0,44.25,44.97,291500,psxdata,2026-05-11T12:56:41
ASTL,2021-11-15,45.29,47.0,45.1,45.86,528000,psxdata,2026-05-11T12:56:41
ASTL,2021-11-16,45.99,47.35,45.86,47.07,964000,psxdata,2026-05-11T12:56:41
ASTL,2021-11-17,47.02,47.02,45.86,46.35,203500,psxdata,2026-05-11T12:56:41
ASTL,2021-11-18,46.8,47.04,45.31,46.84,369000,psxdata,2026-05-11T12:56:41
ASTL,2021-11-19,46.98,49.98,46.9,48.54,1790500,psxdata,2026-05-11T12:56:41
ASTL,2021-11-22,47.12,47.9,44.99,45.43,904500,psxdata,2026-05-11T12:56:41
ASTL,2021-11-23,44.01,45.0,43.0,43.04,993500,psxdata,2026-05-11T12:56:41
ASTL,2021-11-24,42.85,44.0,41.5,43.04,276500,psxdata,2026-05-11T12:56:41
ASTL,2021-11-25,43.6,43.6,42.0,42.18,435500,psxdata,2026-05-11T12:56:41
ASTL,2021-11-26,42.99,43.35,41.3,42.59,577000,psxdata,2026-05-11T12:56:41
ASTL,2021-11-29,42.29,45.78,42.29,45.78,1057500,psxdata,2026-05-11T12:56:41
ASTL,2021-11-30,45.9,46.78,44.75,46.19,555500,psxdata,2026-05-11T12:56:41
ASTL,2021-12-01,46.01,47.49,45.8,46.29,437000,psxdata,2026-05-11T12:56:41
ASTL,2021-12-02,46.0,46.0,42.82,42.82,1173500,psxdata,2026-05-11T12:56:41
ASTL,2021-12-03,40.5,42.5,40.5,41.21,260500,psxdata,2026-05-11T12:56:41
ASTL,2021-12-06,41.25,41.7,40.2,40.72,165500,psxdata,2026-05-11T12:56:41
ASTL,2021-12-07,40.6,43.77,40.6,43.29,595500,psxdata,2026-05-11T12:56:41
ASTL,2021-12-08,43.4,43.49,40.9,41.36,277500,psxdata,2026-05-11T12:56:41
ASTL,2021-12-09,40.8,41.05,39.6,40.0,268000,psxdata,2026-05-11T12:56:41
ASTL,2021-12-10,40.0,41.35,39.0,40.51,283500,psxdata,2026-05-11T12:56:41
ASTL,2021-12-13,40.1,41.2,40.05,40.59,149000,psxdata,2026-05-11T12:56:41
ASTL,2021-12-14,40.0,42.5,40.0,42.14,218000,psxdata,2026-05-11T12:56:41
ASTL,2021-12-15,43.15,45.3,43.1,44.57,640500,psxdata,2026-05-11T12:56:41
ASTL,2021-12-17,43.03,44.95,42.75,44.23,312000,psxdata,2026-05-11T12:56:41
ASTL,2021-12-20,43.8,45.5,43.25,45.03,488500,psxdata,2026-05-11T12:56:41
ASTL,2021-12-21,45.39,45.6,44.6,44.96,288000,psxdata,2026-05-11T12:56:41
ASTL,2021-12-22,44.51,44.65,44.0,44.07,50000,psxdata,2026-05-11T12:56:41
ASTL,2021-12-23,44.49,44.5,44.0,44.01,29000,psxdata,2026-05-11T12:56:41
ASTL,2021-12-24,43.91,44.2,43.6,43.9,35000,psxdata,2026-05-11T12:56:41
ASTL,2021-12-27,43.8,44.18,43.5,43.59,8500,psxdata,2026-05-11T12:56:41
ASTL,2021-12-28,43.56,43.56,43.2,43.34,41500,psxdata,2026-05-11T12:56:41
ASTL,2021-12-29,43.02,43.75,42.75,43.32,556500,psxdata,2026-05-11T12:56:41
ASTL,2021-12-30,43.5,43.75,43.1,43.31,117000,psxdata,2026-05-11T12:56:41
ASTL,2021-12-31,43.77,46.35,43.11,44.76,497500,psxdata,2026-05-11T12:56:41
ASTL,2022-01-03,44.89,47.29,44.0,46.91,566000,psxdata,2026-05-11T12:56:41
ASTL,2022-01-04,46.5,47.74,46.5,47.09,445500,psxdata,2026-05-11T12:56:41
ASTL,2022-01-05,47.01,47.01,45.5,45.6,754500,psxdata,2026-05-11T12:56:41
ASTL,2022-01-06,46.0,46.0,44.5,44.6,152000,psxdata,2026-05-11T12:56:41
ASTL,2022-01-07,45.39,45.39,44.31,44.94,187000,psxdata,2026-05-11T12:56:41
ASTL,2022-01-10,44.65,47.19,44.65,46.99,1029000,psxdata,2026-05-11T12:56:41
ASTL,2022-01-11,46.99,47.25,45.95,46.37,145500,psxdata,2026-05-11T12:56:41
ASTL,2022-01-12,46.5,46.65,45.7,45.83,99000,psxdata,2026-05-11T12:56:41
ASTL,2022-01-13,46.24,46.3,45.0,45.0,127500,psxdata,2026-05-11T12:56:41
ASTL,2022-01-14,45.47,45.47,44.01,44.13,146000,psxdata,2026-05-11T12:56:41
ASTL,2022-01-17,44.5,44.5,43.3,43.93,143000,psxdata,2026-05-11T12:56:41
ASTL,2022-01-18,44.0,44.5,43.36,43.39,104000,psxdata,2026-05-11T12:56:41
ASTL,2022-01-19,43.89,43.89,42.3,42.55,235500,psxdata,2026-05-11T12:56:41
ASTL,2022-01-20,42.15,43.45,42.1,43.09,181000,psxdata,2026-05-11T12:56:41
ASTL,2022-01-21,43.49,44.25,42.31,42.65,612000,psxdata,2026-05-11T12:56:41
ASTL,2022-01-24,42.65,42.65,41.85,42.07,102000,psxdata,2026-05-11T12:56:41
ASTL,2022-01-25,42.5,43.3,42.5,43.15,167500,psxdata,2026-05-11T12:56:41
ASTL,2022-01-26,43.02,43.02,42.3,42.77,37000,psxdata,2026-05-11T12:56:41
ASTL,2022-01-27,42.9,43.0,42.1,42.64,151500,psxdata,2026-05-11T12:56:41
ASTL,2022-01-28,42.98,43.49,42.5,42.81,134500,psxdata,2026-05-11T12:56:41
ASTL,2022-01-31,43.3,43.48,42.6,42.92,116500,psxdata,2026-05-11T12:56:41
ASTL,2022-02-01,43.0,43.48,42.8,43.11,219000,psxdata,2026-05-11T12:56:41
ASTL,2022-02-02,43.48,44.65,43.15,44.44,518000,psxdata,2026-05-11T12:56:41
ASTL,2022-02-03,44.95,45.38,42.7,42.92,1580500,psxdata,2026-05-11T12:56:41
ASTL,2022-02-04,42.6,42.9,42.5,42.62,124500,psxdata,2026-05-11T12:56:41
ASTL,2022-02-07,42.5,43.3,42.25,42.26,265500,psxdata,2026-05-11T12:56:41
ASTL,2022-02-08,42.21,42.64,41.7,41.76,365500,psxdata,2026-05-11T12:56:41
ASTL,2022-02-09,42.01,42.5,41.81,42.0,212500,psxdata,2026-05-11T12:56:41
ASTL,2022-02-10,42.4,42.94,41.4,41.6,344000,psxdata,2026-05-11T12:56:41
ASTL,2022-02-11,41.6,41.8,40.74,40.94,170500,psxdata,2026-05-11T12:56:41
ASTL,2022-02-14,41.0,41.0,39.4,39.55,293000,psxdata,2026-05-11T12:56:41
ASTL,2022-02-15,39.91,41.99,39.31,41.43,730500,psxdata,2026-05-11T12:56:41
ASTL,2022-02-16,41.5,41.78,40.85,41.0,116500,psxdata,2026-05-11T12:56:41
ASTL,2022-02-17,41.0,41.43,40.05,40.39,152500,psxdata,2026-05-11T12:56:41
ASTL,2022-02-18,40.12,40.55,39.5,39.67,345500,psxdata,2026-05-11T12:56:41
ASTL,2022-02-21,39.75,39.84,39.46,39.75,66000,psxdata,2026-05-11T12:56:41
ASTL,2022-02-22,39.5,39.5,38.02,38.9,251000,psxdata,2026-05-11T12:56:41
ASTL,2022-02-23,39.05,40.24,37.69,38.36,921500,psxdata,2026-05-11T12:56:41
ASTL,2022-02-24,37.68,37.74,36.0,36.23,291000,psxdata,2026-05-11T12:56:41
ASTL,2022-02-25,36.51,36.65,34.65,35.45,449500,psxdata,2026-05-11T12:56:41
ASTL,2022-02-28,35.21,37.0,34.3,36.9,455500,psxdata,2026-05-11T12:56:41
ASTL,2022-03-01,37.45,37.79,36.8,37.13,328500,psxdata,2026-05-11T12:56:41
ASTL,2022-03-02,37.0,37.0,35.8,36.74,185500,psxdata,2026-05-11T12:56:41
ASTL,2022-03-03,36.4,36.94,36.0,36.09,106000,psxdata,2026-05-11T12:56:41
ASTL,2022-03-04,36.1,36.5,36.0,36.13,232000,psxdata,2026-05-11T12:56:41
ASTL,2022-03-07,35.8,35.8,33.43,33.43,767500,psxdata,2026-05-11T12:56:41
ASTL,2022-03-08,33.2,34.45,30.93,31.08,1052000,psxdata,2026-05-11T12:56:41
ASTL,2022-03-09,30.77,31.9,30.25,30.61,438500,psxdata,2026-05-11T12:56:41
ASTL,2022-03-10,31.15,31.5,30.31,31.2,1967000,psxdata,2026-05-11T12:56:41
ASTL,2022-03-11,31.05,31.5,29.85,30.01,1690000,psxdata,2026-05-11T12:56:41
ASTL,2022-03-14,29.6,30.44,29.5,29.59,650000,psxdata,2026-05-11T12:56:41
ASTL,2022-03-15,29.75,31.15,29.65,30.99,485500,psxdata,2026-05-11T12:56:41
ASTL,2022-03-16,31.2,32.4,31.2,32.16,582500,psxdata,2026-05-11T12:56:41
ASTL,2022-03-17,32.4,32.5,31.63,31.73,169000,psxdata,2026-05-11T12:56:41
ASTL,2022-03-18,31.4,31.5,29.95,30.02,304500,psxdata,2026-05-11T12:56:41
ASTL,2022-03-21,30.49,30.49,29.9,30.3,104500,psxdata,2026-05-11T12:56:41
ASTL,2022-03-22,30.3,30.35,29.7,29.76,163500,psxdata,2026-05-11T12:56:41
ASTL,2022-03-24,29.8,31.09,29.5,31.0,226000,psxdata,2026-05-11T12:56:41
ASTL,2022-03-25,31.0,31.49,30.55,30.7,403000,psxdata,2026-05-11T12:56:41
ASTL,2022-03-28,30.55,31.3,29.91,31.11,308500,psxdata,2026-05-11T12:56:41
ASTL,2022-03-29,31.42,31.99,31.3,31.71,434500,psxdata,2026-05-11T12:56:41
ASTL,2022-03-30,31.52,32.84,30.9,32.01,1000500,psxdata,2026-05-11T12:56:41
ASTL,2022-03-31,32.01,33.0,32.01,32.69,289000,psxdata,2026-05-11T12:56:41
ASTL,2022-04-01,32.51,33.9,32.21,33.02,1452000,psxdata,2026-05-11T12:56:41
ASTL,2022-04-04,31.65,32.0,31.4,31.5,242500,psxdata,2026-05-11T12:56:41
ASTL,2022-04-05,31.15,32.09,30.16,30.75,193500,psxdata,2026-05-11T12:56:41
ASTL,2022-04-06,30.61,32.89,30.61,32.22,546500,psxdata,2026-05-11T12:56:41
ASTL,2022-04-07,31.95,32.04,29.81,30.03,2415000,psxdata,2026-05-11T12:56:41
ASTL,2022-04-08,30.34,30.8,29.06,30.43,413500,psxdata,2026-05-11T12:56:41
ASTL,2022-04-11,31.5,32.71,31.5,32.7,1146000,psxdata,2026-05-11T12:56:41
ASTL,2022-04-12,32.7,33.5,31.95,33.02,833500,psxdata,2026-05-11T12:56:41
ASTL,2022-04-13,33.1,33.3,32.0,32.16,432500,psxdata,2026-05-11T12:56:41
ASTL,2022-04-14,32.16,33.05,32.0,32.94,505000,psxdata,2026-05-11T12:56:41
ASTL,2022-04-15,33.05,33.63,32.75,32.99,695000,psxdata,2026-05-11T12:56:41
ASTL,2022-04-18,32.95,33.0,32.15,32.26,429500,psxdata,2026-05-11T12:56:41
ASTL,2022-04-19,32.49,32.64,31.5,31.67,405000,psxdata,2026-05-11T12:56:41
ASTL,2022-04-20,31.7,32.0,30.5,30.58,524500,psxdata,2026-05-11T12:56:41
ASTL,2022-04-21,30.8,31.8,30.05,31.07,3049000,psxdata,2026-05-11T12:56:41
ASTL,2022-04-22,31.1,31.24,30.75,31.08,880000,psxdata,2026-05-11T12:56:41
ASTL,2022-04-25,31.24,31.5,30.9,31.03,305500,psxdata,2026-05-11T12:56:41
ASTL,2022-04-26,31.1,31.29,30.0,30.21,260000,psxdata,2026-05-11T12:56:41
ASTL,2022-04-27,30.49,30.97,29.35,29.58,359000,psxdata,2026-05-11T12:56:41
ASTL,2022-04-28,29.3,30.0,28.79,29.43,551500,psxdata,2026-05-11T12:56:41
ASTL,2022-05-06,29.43,29.69,28.86,28.96,187000,psxdata,2026-05-11T12:56:41
ASTL,2022-05-09,28.6,28.65,26.79,26.95,604000,psxdata,2026-05-11T12:56:41
ASTL,2022-05-10,26.96,27.0,25.7,26.58,842000,psxdata,2026-05-11T12:56:41
ASTL,2022-05-11,26.55,26.55,24.59,25.06,1748000,psxdata,2026-05-11T12:56:41
ASTL,2022-05-12,25.01,25.7,24.0,25.14,700500,psxdata,2026-05-11T12:56:41
ASTL,2022-05-13,25.4,25.9,25.14,25.53,367500,psxdata,2026-05-11T12:56:41
ASTL,2022-05-16,25.21,25.6,24.14,24.89,213500,psxdata,2026-05-11T12:56:41
ASTL,2022-05-17,24.9,25.35,24.9,25.25,75500,psxdata,2026-05-11T12:56:41
ASTL,2022-05-18,25.0,26.4,25.0,26.16,360000,psxdata,2026-05-11T12:56:41
ASTL,2022-05-19,25.8,27.36,25.65,26.02,635000,psxdata,2026-05-11T12:56:41
ASTL,2022-05-20,26.01,27.0,26.0,26.77,388000,psxdata,2026-05-11T12:56:41
ASTL,2022-05-23,26.15,26.65,25.85,26.31,115000,psxdata,2026-05-11T12:56:41
ASTL,2022-05-24,26.43,26.49,25.51,25.7,45500,psxdata,2026-05-11T12:56:41
ASTL,2022-05-25,25.36,26.0,25.36,25.92,74000,psxdata,2026-05-11T12:56:41
ASTL,2022-05-26,25.71,27.0,25.71,26.85,227000,psxdata,2026-05-11T12:56:41
ASTL,2022-05-27,26.83,27.75,26.8,26.97,700000,psxdata,2026-05-11T12:56:41
ASTL,2022-05-30,27.27,27.27,26.31,26.44,212000,psxdata,2026-05-11T12:56:41
ASTL,2022-05-31,26.4,26.5,25.91,26.01,157000,psxdata,2026-05-11T12:56:41
ASTL,2022-06-01,25.85,26.2,25.5,25.51,99500,psxdata,2026-05-11T12:56:41
ASTL,2022-06-02,25.45,25.45,24.1,24.38,656500,psxdata,2026-05-11T12:56:41
ASTL,2022-06-03,24.18,24.2,22.56,22.69,1155000,psxdata,2026-05-11T12:56:41
ASTL,2022-06-06,22.9,23.24,22.7,23.02,120000,psxdata,2026-05-11T12:56:41
ASTL,2022-06-07,23.32,23.35,22.61,22.66,581000,psxdata,2026-05-11T12:56:41
ASTL,2022-06-08,22.5,23.2,22.5,23.1,249000,psxdata,2026-05-11T12:56:41
ASTL,2022-06-09,23.1,23.75,22.9,23.05,317500,psxdata,2026-05-11T12:56:41
ASTL,2022-06-10,23.15,23.55,23.04,23.24,95000,psxdata,2026-05-11T12:56:41
ASTL,2022-06-13,23.0,23.01,21.76,21.94,514000,psxdata,2026-05-11T12:56:41
ASTL,2022-06-14,21.7,23.0,21.5,22.71,484500,psxdata,2026-05-11T12:56:41
ASTL,2022-06-15,22.8,23.49,22.8,22.99,329500,psxdata,2026-05-11T12:56:41
ASTL,2022-06-16,23.19,23.75,22.72,23.6,494000,psxdata,2026-05-11T12:56:41
ASTL,2022-06-17,23.49,24.78,23.3,23.91,2872000,psxdata,2026-05-11T12:56:41
ASTL,2022-06-20,24.0,24.49,23.6,23.66,328500,psxdata,2026-05-11T12:56:41
ASTL,2022-06-21,23.7,25.15,23.7,24.61,1637000,psxdata,2026-05-11T12:56:41
ASTL,2022-06-22,25.0,25.09,24.01,24.18,803000,psxdata,2026-05-11T12:56:41
ASTL,2022-06-23,24.5,25.99,24.03,25.03,3798500,psxdata,2026-05-11T12:56:41
ASTL,2022-06-24,24.72,25.3,23.16,23.33,1802500,psxdata,2026-05-11T12:56:41
ASTL,2022-06-27,23.75,24.43,23.31,24.18,357500,psxdata,2026-05-11T12:56:41
ASTL,2022-06-28,24.5,24.6,23.5,23.6,396500,psxdata,2026-05-11T12:56:41
ASTL,2022-06-29,23.5,23.85,23.3,23.52,259500,psxdata,2026-05-11T12:56:41
ASTL,2022-06-30,23.75,23.81,23.22,23.44,86000,psxdata,2026-05-11T12:56:41
ASTL,2022-07-01,23.3,23.9,23.3,23.63,153500,psxdata,2026-05-11T12:56:41
ASTL,2022-07-04,23.5,23.63,23.25,23.33,115000,psxdata,2026-05-11T12:56:41
ASTL,2022-07-05,23.2,23.75,23.2,23.31,172000,psxdata,2026-05-11T12:56:41
ASTL,2022-07-06,23.32,23.86,23.32,23.48,114000,psxdata,2026-05-11T12:56:41
ASTL,2022-07-07,23.23,23.39,22.9,23.02,298847,psxdata,2026-05-11T12:56:41
ASTL,2022-07-13,22.95,23.65,22.93,23.56,219248,psxdata,2026-05-11T12:56:41
ASTL,2022-07-14,23.7,25.32,23.4,25.32,1988635,psxdata,2026-05-11T12:56:41
ASTL,2022-07-15,25.8,25.99,24.3,24.37,2107129,psxdata,2026-05-11T12:56:41
ASTL,2022-07-18,24.01,24.01,23.51,23.61,391246,psxdata,2026-05-11T12:56:41
ASTL,2022-07-19,23.53,24.0,22.55,22.69,352393,psxdata,2026-05-11T12:56:41
ASTL,2022-07-20,23.28,23.29,22.4,22.75,506804,psxdata,2026-05-11T12:56:41
ASTL,2022-07-21,22.75,22.94,21.85,21.93,573288,psxdata,2026-05-11T12:56:41
ASTL,2022-07-22,22.24,23.35,21.8,23.25,686731,psxdata,2026-05-11T12:56:41
ASTL,2022-07-25,23.3,23.4,22.52,23.13,77433,psxdata,2026-05-11T12:56:41
ASTL,2022-07-26,22.91,23.25,22.52,23.05,183129,psxdata,2026-05-11T12:56:41
ASTL,2022-07-27,23.4,23.73,22.55,23.56,783047,psxdata,2026-05-11T12:56:41
ASTL,2022-07-28,23.69,24.15,23.2,23.42,962779,psxdata,2026-05-11T12:56:41
ASTL,2022-07-29,23.6,24.0,23.13,23.88,911423,psxdata,2026-05-11T12:56:41
ASTL,2022-08-01,23.7,23.9,23.0,23.18,278154,psxdata,2026-05-11T12:56:41
ASTL,2022-08-02,22.91,24.0,22.9,23.61,591172,psxdata,2026-05-11T12:56:41
ASTL,2022-08-03,23.75,25.3,23.75,25.0,2526124,psxdata,2026-05-11T12:56:41
ASTL,2022-08-04,25.4,26.87,25.1,25.79,3823734,psxdata,2026-05-11T12:56:41
ASTL,2022-08-05,25.8,27.72,25.8,27.72,2465656,psxdata,2026-05-11T12:56:41
ASTL,2022-08-10,28.89,28.95,27.7,27.76,1770604,psxdata,2026-05-11T12:56:41
ASTL,2022-08-11,27.75,28.29,27.4,27.43,509887,psxdata,2026-05-11T12:56:41
ASTL,2022-08-12,27.79,27.99,27.0,27.33,679515,psxdata,2026-05-11T12:56:41
ASTL,2022-08-15,27.6,29.02,27.6,28.55,2024007,psxdata,2026-05-11T12:56:41
ASTL,2022-08-16,28.5,29.99,28.3,28.71,2345102,psxdata,2026-05-11T12:56:41
ASTL,2022-08-17,28.71,30.86,28.7,30.86,4876781,psxdata,2026-05-11T12:56:41
ASTL,2022-08-18,31.3,31.66,28.55,28.6,5018827,psxdata,2026-05-11T12:56:41
ASTL,2022-08-19,28.45,28.64,27.51,28.22,872254,psxdata,2026-05-11T12:56:41
ASTL,2022-08-22,28.45,29.75,27.3,28.44,1735511,psxdata,2026-05-11T12:56:41
ASTL,2022-08-23,29.09,29.61,28.86,29.0,576022,psxdata,2026-05-11T12:56:41
ASTL,2022-08-24,29.01,29.6,28.5,28.62,394786,psxdata,2026-05-11T12:56:41
ASTL,2022-08-25,28.8,28.8,28.25,28.51,129893,psxdata,2026-05-11T12:56:41
ASTL,2022-08-26,28.5,28.6,27.84,28.0,542892,psxdata,2026-05-11T12:56:41
ASTL,2022-08-29,28.25,29.5,27.5,29.29,3355190,psxdata,2026-05-11T12:56:41
ASTL,2022-08-30,30.0,30.1,28.59,28.82,828551,psxdata,2026-05-11T12:56:41
ASTL,2022-08-31,29.0,29.9,28.02,28.43,1196463,psxdata,2026-05-11T12:56:41
ASTL,2022-09-01,28.35,28.65,27.77,27.97,1166943,psxdata,2026-05-11T12:56:41
ASTL,2022-09-02,27.85,28.0,27.63,27.92,208723,psxdata,2026-05-11T12:56:41
ASTL,2022-09-05,27.9,28.17,27.4,27.51,367290,psxdata,2026-05-11T12:56:41
ASTL,2022-09-06,27.6,27.8,27.08,27.37,211237,psxdata,2026-05-11T12:56:41
ASTL,2022-09-07,27.5,27.67,27.24,27.45,298875,psxdata,2026-05-11T12:56:41
ASTL,2022-09-08,27.62,27.83,27.5,27.79,463393,psxdata,2026-05-11T12:56:41
ASTL,2022-09-09,27.88,28.5,27.76,27.98,211291,psxdata,2026-05-11T12:56:41
ASTL,2022-09-12,28.22,28.3,27.3,27.33,287750,psxdata,2026-05-11T12:56:41
ASTL,2022-09-13,27.5,27.5,27.05,27.19,43044,psxdata,2026-05-11T12:56:41
ASTL,2022-09-14,27.19,27.35,26.75,26.82,163689,psxdata,2026-05-11T12:56:41
ASTL,2022-09-15,26.75,27.69,26.62,26.99,1574047,psxdata,2026-05-11T12:56:41
ASTL,2022-09-16,26.99,27.2,26.63,26.7,100882,psxdata,2026-05-11T12:56:41
ASTL,2022-09-19,27.19,27.6,26.1,26.44,604187,psxdata,2026-05-11T12:56:41
ASTL,2022-09-20,26.75,26.76,26.17,26.5,251614,psxdata,2026-05-11T12:56:41
ASTL,2022-09-21,26.75,27.47,25.81,26.41,308146,psxdata,2026-05-11T12:56:41
ASTL,2022-09-22,26.51,26.64,25.5,26.37,350136,psxdata,2026-05-11T12:56:41
ASTL,2022-09-23,26.79,26.79,26.0,26.21,173631,psxdata,2026-05-11T12:56:41
ASTL,2022-09-26,26.0,27.0,25.65,26.86,245493,psxdata,2026-05-11T12:56:41
ASTL,2022-09-27,26.99,27.5,26.51,26.88,308732,psxdata,2026-05-11T12:56:41
ASTL,2022-09-28,26.95,27.35,26.78,27.17,92171,psxdata,2026-05-11T12:56:41
ASTL,2022-09-29,26.9,27.5,26.51,27.02,67935,psxdata,2026-05-11T12:56:41
ASTL,2022-09-30,27.12,27.4,26.8,26.96,168371,psxdata,2026-05-11T12:56:41
ASTL,2022-10-03,26.8,27.19,26.75,26.79,31843,psxdata,2026-05-11T12:56:41
ASTL,2022-10-04,26.71,27.15,26.51,26.54,107755,psxdata,2026-05-11T12:56:41
ASTL,2022-10-05,26.63,27.99,26.51,27.59,415398,psxdata,2026-05-11T12:56:41
ASTL,2022-10-06,27.6,28.28,27.58,28.02,638676,psxdata,2026-05-11T12:56:41
ASTL,2022-10-07,28.1,28.5,27.5,27.62,346578,psxdata,2026-05-11T12:56:41
ASTL,2022-10-10,27.5,27.85,27.5,27.72,108974,psxdata,2026-05-11T12:56:41
ASTL,2022-10-11,27.95,28.0,27.2,27.36,71044,psxdata,2026-05-11T12:56:41
ASTL,2022-10-12,27.25,27.59,27.0,27.13,60471,psxdata,2026-05-11T12:56:41
ASTL,2022-10-13,27.2,27.4,26.8,27.01,66557,psxdata,2026-05-11T12:56:41
ASTL,2022-10-14,27.38,27.38,26.7,26.84,123093,psxdata,2026-05-11T12:56:41
ASTL,2022-10-17,26.53,26.89,25.9,26.1,179595,psxdata,2026-05-11T12:56:41
ASTL,2022-10-18,26.1,26.39,25.49,25.7,180143,psxdata,2026-05-11T12:56:41
ASTL,2022-10-19,26.44,26.44,25.75,25.89,178395,psxdata,2026-05-11T12:56:41
ASTL,2022-10-20,26.48,26.48,25.8,25.96,86539,psxdata,2026-05-11T12:56:41
ASTL,2022-10-21,26.09,26.1,25.5,25.97,219427,psxdata,2026-05-11T12:56:41
ASTL,2022-10-24,26.39,26.39,25.85,25.89,60492,psxdata,2026-05-11T12:56:41
ASTL,2022-10-25,25.66,25.99,24.95,25.11,232014,psxdata,2026-05-11T12:56:41
ASTL,2022-10-26,24.9,25.0,24.45,24.69,224429,psxdata,2026-05-11T12:56:41
ASTL,2022-10-27,25.5,25.5,24.0,24.35,134461,psxdata,2026-05-11T12:56:41
ASTL,2022-10-28,24.75,24.75,23.5,23.66,120639,psxdata,2026-05-11T12:56:41
ASTL,2022-10-31,23.55,23.98,23.26,23.5,82132,psxdata,2026-05-11T12:56:41
ASTL,2022-11-01,24.44,24.94,23.5,24.5,329143,psxdata,2026-05-11T12:56:41
ASTL,2022-11-02,24.5,25.0,24.2,24.52,1420693,psxdata,2026-05-11T12:56:41
ASTL,2022-11-03,24.79,25.0,24.3,24.35,1142476,psxdata,2026-05-11T12:56:41
ASTL,2022-11-04,24.02,24.4,23.8,23.91,309225,psxdata,2026-05-11T12:56:41
ASTL,2022-11-07,24.23,24.45,23.91,24.03,148820,psxdata,2026-05-11T12:56:41
ASTL,2022-11-08,24.24,24.5,23.92,24.22,152142,psxdata,2026-05-11T12:56:41
ASTL,2022-11-10,24.39,24.65,24.15,24.33,169897,psxdata,2026-05-11T12:56:41
ASTL,2022-11-11,24.32,24.5,24.15,24.37,95898,psxdata,2026-05-11T12:56:41
ASTL,2022-11-14,24.11,24.5,24.11,24.34,72740,psxdata,2026-05-11T12:56:41
ASTL,2022-11-15,24.4,24.5,24.2,24.23,120803,psxdata,2026-05-11T12:56:41
ASTL,2022-11-16,24.07,24.38,23.5,23.99,119985,psxdata,2026-05-11T12:56:41
ASTL,2022-11-17,24.05,24.15,23.86,23.91,169688,psxdata,2026-05-11T12:56:41
ASTL,2022-11-18,23.65,24.0,23.65,23.9,131759,psxdata,2026-05-11T12:56:41
ASTL,2022-11-21,23.8,24.1,23.51,23.66,44193,psxdata,2026-05-11T12:56:41
ASTL,2022-11-22,23.6,23.95,23.5,23.73,93036,psxdata,2026-05-11T12:56:41
ASTL,2022-11-23,24.0,24.0,23.51,23.58,20071,psxdata,2026-05-11T12:56:41
ASTL,2022-11-24,23.9,23.98,23.48,23.86,107762,psxdata,2026-05-11T12:56:41
ASTL,2022-11-25,24.0,24.0,23.5,23.76,77679,psxdata,2026-05-11T12:56:41
ASTL,2022-11-28,23.49,23.49,21.98,21.98,2318567,psxdata,2026-05-11T12:56:41
ASTL,2022-11-29,22.39,22.5,21.6,21.81,170007,psxdata,2026-05-11T12:56:41
ASTL,2022-11-30,21.99,22.4,21.75,21.81,167694,psxdata,2026-05-11T12:56:41
ASTL,2022-12-01,22.0,22.1,21.72,21.78,90492,psxdata,2026-05-11T12:56:41
ASTL,2022-12-02,22.18,22.18,21.5,21.53,85739,psxdata,2026-05-11T12:56:41
ASTL,2022-12-05,21.9,22.0,20.8,21.0,225019,psxdata,2026-05-11T12:56:41
ASTL,2022-12-06,21.0,21.19,20.5,20.9,80088,psxdata,2026-05-11T12:56:41
ASTL,2022-12-07,20.8,21.0,20.6,20.98,64252,psxdata,2026-05-11T12:56:41
ASTL,2022-12-08,21.0,21.0,19.8,20.0,375415,psxdata,2026-05-11T12:56:41
ASTL,2022-12-09,20.3,20.5,19.72,19.94,351595,psxdata,2026-05-11T12:56:41
ASTL,2022-12-12,19.91,20.25,19.75,19.87,40144,psxdata,2026-05-11T12:56:41
ASTL,2022-12-13,20.2,20.5,19.85,20.33,383470,psxdata,2026-05-11T12:56:41
ASTL,2022-12-14,20.37,20.5,19.81,20.08,165208,psxdata,2026-05-11T12:56:41
ASTL,2022-12-15,19.88,19.88,19.4,19.57,119544,psxdata,2026-05-11T12:56:41
ASTL,2022-12-16,19.51,19.57,18.95,19.31,114985,psxdata,2026-05-11T12:56:41
ASTL,2022-12-19,19.01,19.44,18.85,18.95,56083,psxdata,2026-05-11T12:56:41
ASTL,2022-12-20,19.01,19.44,18.57,18.7,128412,psxdata,2026-05-11T12:56:41
ASTL,2022-12-21,19.37,19.37,17.41,17.67,418379,psxdata,2026-05-11T12:56:41
ASTL,2022-12-22,17.95,18.0,17.5,17.74,225537,psxdata,2026-05-11T12:56:41
ASTL,2022-12-23,17.99,17.99,17.5,17.75,565939,psxdata,2026-05-11T12:56:41
ASTL,2022-12-26,17.75,18.2,17.2,17.55,282967,psxdata,2026-05-11T12:56:41
ASTL,2022-12-27,17.52,17.69,17.3,17.37,302974,psxdata,2026-05-11T12:56:41
ASTL,2022-12-28,17.5,17.68,17.05,17.2,102853,psxdata,2026-05-11T12:56:41
ASTL,2022-12-29,17.18,17.36,16.9,17.16,1292708,psxdata,2026-05-11T12:56:41
ASTL,2022-12-30,17.25,18.44,17.0,17.95,2252203,psxdata,2026-05-11T12:56:41
ASTL,2023-01-02,17.53,18.35,17.53,18.17,792704,psxdata,2026-05-11T12:56:41
ASTL,2023-01-03,18.2,18.96,17.55,18.54,859306,psxdata,2026-05-11T12:56:41
ASTL,2023-01-04,18.5,18.94,18.25,18.61,353696,psxdata,2026-05-11T12:56:41
ASTL,2023-01-05,18.61,19.48,18.45,19.05,833513,psxdata,2026-05-11T12:56:41
ASTL,2023-01-06,19.42,19.5,18.8,19.08,889784,psxdata,2026-05-11T12:56:41
ASTL,2023-01-09,19.19,19.19,17.66,17.86,613393,psxdata,2026-05-11T12:56:41
ASTL,2023-01-10,18.4,18.8,18.13,18.49,750910,psxdata,2026-05-11T12:56:41
ASTL,2023-01-11,18.76,18.8,18.34,18.75,166702,psxdata,2026-05-11T12:56:41
ASTL,2023-01-12,18.75,19.7,18.75,19.1,994235,psxdata,2026-05-11T12:56:41
ASTL,2023-01-13,18.9,19.25,18.51,18.78,188170,psxdata,2026-05-11T12:56:41
ASTL,2023-01-16,18.75,18.9,18.5,18.6,113280,psxdata,2026-05-11T12:56:41
ASTL,2023-01-17,18.6,18.8,17.75,17.79,243952,psxdata,2026-05-11T12:56:41
ASTL,2023-01-18,18.15,18.4,17.51,18.18,103661,psxdata,2026-05-11T12:56:41
ASTL,2023-01-19,18.35,18.4,17.6,17.63,98386,psxdata,2026-05-11T12:56:41
ASTL,2023-01-20,17.26,17.75,17.01,17.43,84461,psxdata,2026-05-11T12:56:41
ASTL,2023-01-23,17.13,17.7,17.0,17.61,56615,psxdata,2026-05-11T12:56:41
ASTL,2023-01-24,17.85,18.93,17.4,18.81,421472,psxdata,2026-05-11T12:56:41
ASTL,2023-01-25,18.51,19.34,18.51,18.89,685163,psxdata,2026-05-11T12:56:41
ASTL,2023-01-26,18.8,20.1,18.8,19.56,855486,psxdata,2026-05-11T12:56:41
ASTL,2023-01-27,19.5,19.51,18.75,18.8,361193,psxdata,2026-05-11T12:56:41
ASTL,2023-01-30,19.0,19.28,18.66,18.77,24208,psxdata,2026-05-11T12:56:41
ASTL,2023-01-31,18.6,19.5,18.6,19.24,189564,psxdata,2026-05-11T12:56:41
ASTL,2023-02-01,19.22,19.4,18.85,18.89,135161,psxdata,2026-05-11T12:56:41
ASTL,2023-02-02,18.57,19.05,18.56,18.85,21218,psxdata,2026-05-11T12:56:41
ASTL,2023-02-03,18.85,19.0,18.6,18.9,15381,psxdata,2026-05-11T12:56:41
ASTL,2023-02-06,19.0,19.15,18.77,19.05,58325,psxdata,2026-05-11T12:56:41
ASTL,2023-02-07,19.29,19.5,18.85,19.01,546670,psxdata,2026-05-11T12:56:41
ASTL,2023-02-08,19.5,19.5,19.0,19.22,154194,psxdata,2026-05-11T12:56:41
ASTL,2023-02-09,19.07,19.84,19.07,19.68,544810,psxdata,2026-05-11T12:56:41
ASTL,2023-02-10,18.8,19.64,18.8,19.19,121337,psxdata,2026-05-11T12:56:41
ASTL,2023-02-13,18.85,19.38,18.82,18.99,148205,psxdata,2026-05-11T12:56:41
ASTL,2023-02-14,18.88,19.0,18.75,18.94,25488,psxdata,2026-05-11T12:56:41
ASTL,2023-02-15,18.7,19.05,18.55,18.96,33126,psxdata,2026-05-11T12:56:41
ASTL,2023-02-16,18.6,19.19,18.6,18.75,34620,psxdata,2026-05-11T12:56:41
ASTL,2023-02-17,18.85,18.94,18.46,18.51,39484,psxdata,2026-05-11T12:56:41
ASTL,2023-02-20,18.27,18.5,17.71,17.88,106920,psxdata,2026-05-11T12:56:41
ASTL,2023-02-21,18.2,18.39,17.76,18.09,44907,psxdata,2026-05-11T12:56:41
ASTL,2023-02-22,18.0,18.45,18.0,18.25,74781,psxdata,2026-05-11T12:56:41
ASTL,2023-02-23,18.01,18.2,17.7,18.14,47416,psxdata,2026-05-11T12:56:41
ASTL,2023-02-24,17.9,18.0,17.24,17.4,102450,psxdata,2026-05-11T12:56:41
ASTL,2023-02-27,17.5,17.5,17.0,17.31,267330,psxdata,2026-05-11T12:56:41
ASTL,2023-02-28,17.31,17.31,17.01,17.03,117103,psxdata,2026-05-11T12:56:41
ASTL,2023-03-01,17.01,17.25,17.0,17.1,115589,psxdata,2026-05-11T12:56:41
ASTL,2023-03-02,17.02,17.32,17.02,17.12,12430,psxdata,2026-05-11T12:56:41
ASTL,2023-03-03,17.0,17.4,17.0,17.35,62082,psxdata,2026-05-11T12:56:41
ASTL,2023-03-06,17.49,17.84,17.3,17.39,77439,psxdata,2026-05-11T12:56:41
ASTL,2023-03-07,17.38,17.74,17.25,17.47,83639,psxdata,2026-05-11T12:56:41
ASTL,2023-03-08,17.5,18.67,17.36,18.18,616326,psxdata,2026-05-11T12:56:41
ASTL,2023-03-09,18.12,18.9,18.05,18.59,631008,psxdata,2026-05-11T12:56:41
ASTL,2023-03-10,18.5,19.1,18.5,18.63,660857,psxdata,2026-05-11T12:56:41
ASTL,2023-03-13,18.9,19.2,18.58,18.71,235125,psxdata,2026-05-11T12:56:41
ASTL,2023-03-14,18.79,18.8,18.3,18.38,87464,psxdata,2026-05-11T12:56:41
ASTL,2023-03-15,18.15,19.25,18.15,19.09,785608,psxdata,2026-05-11T12:56:41
ASTL,2023-03-16,19.24,19.88,19.09,19.24,834713,psxdata,2026-05-11T12:56:41
ASTL,2023-03-17,19.2,19.47,18.75,18.84,417816,psxdata,2026-05-11T12:56:41
ASTL,2023-03-20,18.98,18.98,18.62,18.79,190277,psxdata,2026-05-11T12:56:41
ASTL,2023-03-21,18.95,19.03,18.5,18.67,90307,psxdata,2026-05-11T12:56:41
ASTL,2023-03-22,18.8,18.8,18.02,18.17,89006,psxdata,2026-05-11T12:56:41
ASTL,2023-03-24,18.0,18.01,17.65,17.89,42585,psxdata,2026-05-11T12:56:41
ASTL,2023-03-27,17.01,18.0,17.01,17.79,362400,psxdata,2026-05-11T12:56:41
ASTL,2023-03-28,17.66,18.5,17.5,18.34,195518,psxdata,2026-05-11T12:56:41
ASTL,2023-03-29,18.59,18.59,18.0,18.04,87577,psxdata,2026-05-11T12:56:41
ASTL,2023-03-30,18.2,18.2,17.61,17.67,60450,psxdata,2026-05-11T12:56:41
ASTL,2023-03-31,17.7,17.9,17.47,17.67,92282,psxdata,2026-05-11T12:56:41
ASTL,2023-04-03,17.5,17.87,17.0,17.78,50548,psxdata,2026-05-11T12:56:41
ASTL,2023-04-04,17.65,17.65,17.45,17.5,46829,psxdata,2026-05-11T12:56:41
ASTL,2023-04-05,17.9,17.9,17.5,17.78,40718,psxdata,2026-05-11T12:56:41
ASTL,2023-04-06,17.99,18.6,17.76,18.31,158424,psxdata,2026-05-11T12:56:41
ASTL,2023-04-07,18.5,18.5,17.9,18.03,49783,psxdata,2026-05-11T12:56:41
ASTL,2023-04-10,18.12,18.12,17.85,17.89,10356,psxdata,2026-05-11T12:56:41
ASTL,2023-04-11,17.89,18.19,17.64,17.7,24655,psxdata,2026-05-11T12:56:41
ASTL,2023-04-12,17.67,18.13,17.67,17.95,14625,psxdata,2026-05-11T12:56:41
ASTL,2023-04-13,18.0,18.24,17.95,18.11,86013,psxdata,2026-05-11T12:56:41
ASTL,2023-04-17,17.82,18.0,17.82,17.96,7510,psxdata,2026-05-11T12:56:41
ASTL,2023-04-18,17.9,18.0,17.71,17.83,8820,psxdata,2026-05-11T12:56:41
ASTL,2023-04-19,17.83,17.95,17.67,17.94,15611,psxdata,2026-05-11T12:56:41
ASTL,2023-04-20,18.1,18.25,17.95,18.2,138039,psxdata,2026-05-11T12:56:41
ASTL,2023-04-26,18.27,18.5,18.1,18.31,130813,psxdata,2026-05-11T12:56:41
ASTL,2023-04-27,18.39,19.21,18.06,18.7,392239,psxdata,2026-05-11T12:56:41
ASTL,2023-04-28,18.9,18.9,18.0,18.28,140265,psxdata,2026-05-11T12:56:41
ASTL,2023-05-02,18.21,18.37,18.1,18.23,295655,psxdata,2026-05-11T12:56:41
ASTL,2023-05-03,18.19,18.55,18.05,18.15,186621,psxdata,2026-05-11T12:56:41
ASTL,2023-05-04,18.25,18.91,18.12,18.5,792372,psxdata,2026-05-11T12:56:41
ASTL,2023-05-05,18.3,18.5,18.0,18.08,125510,psxdata,2026-05-11T12:56:41
ASTL,2023-05-08,18.25,18.25,17.55,17.71,298851,psxdata,2026-05-11T12:56:41
ASTL,2023-05-09,17.65,17.9,17.5,17.54,165699,psxdata,2026-05-11T12:56:41
ASTL,2023-05-10,17.79,17.79,17.41,17.46,28114,psxdata,2026-05-11T12:56:41
ASTL,2023-05-11,17.5,17.74,17.5,17.55,16870,psxdata,2026-05-11T12:56:41
ASTL,2023-05-12,17.86,17.88,17.6,17.86,11079,psxdata,2026-05-11T12:56:41
ASTL,2023-05-15,17.89,17.9,17.42,17.75,13386,psxdata,2026-05-11T12:56:41
ASTL,2023-05-16,17.84,17.95,17.5,17.51,2630921,psxdata,2026-05-11T12:56:41
ASTL,2023-05-17,17.88,17.88,17.35,17.46,166518,psxdata,2026-05-11T12:56:41
ASTL,2023-05-18,17.59,18.0,17.5,17.55,227370,psxdata,2026-05-11T12:56:41
ASTL,2023-05-19,17.51,17.85,17.32,17.65,136197,psxdata,2026-05-11T12:56:41
ASTL,2023-05-22,17.56,17.69,17.4,17.46,110061,psxdata,2026-05-11T12:56:41
ASTL,2023-05-23,17.7,17.7,17.15,17.3,23168,psxdata,2026-05-11T12:56:41
ASTL,2023-05-24,17.55,17.55,17.2,17.21,103248,psxdata,2026-05-11T12:56:41
ASTL,2023-05-25,17.5,17.55,17.16,17.24,9157,psxdata,2026-05-11T12:56:41
ASTL,2023-05-26,17.1,17.81,16.66,16.95,657046,psxdata,2026-05-11T12:56:41
ASTL,2023-05-29,17.0,17.6,15.72,16.74,1345230,psxdata,2026-05-11T12:56:41
ASTL,2023-05-30,16.9,17.15,16.5,17.01,840511,psxdata,2026-05-11T12:56:41
ASTL,2023-05-31,17.19,17.19,16.5,16.73,448188,psxdata,2026-05-11T12:56:41
ASTL,2023-06-01,16.6,16.9,16.55,16.7,32821,psxdata,2026-05-11T12:56:41
ASTL,2023-06-02,16.75,16.84,16.51,16.56,36679,psxdata,2026-05-11T12:56:41
ASTL,2023-06-05,16.7,16.96,16.7,16.93,40610,psxdata,2026-05-11T12:56:41
ASTL,2023-06-06,16.94,17.47,16.94,17.08,146664,psxdata,2026-05-11T12:56:41
ASTL,2023-06-07,17.0,17.5,16.61,17.31,357535,psxdata,2026-05-11T12:56:41
ASTL,2023-06-08,17.05,17.84,17.01,17.13,602790,psxdata,2026-05-11T12:56:41
ASTL,2023-06-09,17.11,17.69,17.05,17.48,51223,psxdata,2026-05-11T12:56:41
ASTL,2023-06-12,17.48,17.76,17.34,17.54,382001,psxdata,2026-05-11T12:56:41
ASTL,2023-06-13,17.5,17.73,17.31,17.34,173696,psxdata,2026-05-11T12:56:41
ASTL,2023-06-14,17.25,17.84,16.9,17.21,303233,psxdata,2026-05-11T12:56:41
ASTL,2023-06-15,17.01,17.63,16.73,16.86,33730,psxdata,2026-05-11T12:56:41
ASTL,2023-06-16,16.95,17.1,16.64,16.73,41364,psxdata,2026-05-11T12:56:41
ASTL,2023-06-19,16.61,16.9,15.95,16.1,446137,psxdata,2026-05-11T12:56:41
ASTL,2023-06-20,16.25,16.25,16.02,16.04,23106,psxdata,2026-05-11T12:56:41
ASTL,2023-06-21,16.11,16.4,15.45,15.51,633679,psxdata,2026-05-11T12:56:41
ASTL,2023-06-22,15.51,15.77,15.23,15.41,53645,psxdata,2026-05-11T12:56:41
ASTL,2023-06-23,15.7,15.7,14.65,14.99,183284,psxdata,2026-05-11T12:56:41
ASTL,2023-06-26,15.48,15.74,15.45,15.68,751876,psxdata,2026-05-11T12:56:41
ASTL,2023-06-27,15.8,15.8,15.01,15.35,1174826,psxdata,2026-05-11T12:56:41
ASTL,2023-07-03,16.35,16.5,16.2,16.5,937418,psxdata,2026-05-11T12:56:41
ASTL,2023-07-04,16.75,17.15,16.02,16.71,1531798,psxdata,2026-05-11T12:56:41
ASTL,2023-07-05,16.6,17.88,16.6,17.5,2772754,psxdata,2026-05-11T12:56:41
ASTL,2023-07-06,17.45,17.85,17.23,17.41,798839,psxdata,2026-05-11T12:56:41
ASTL,2023-07-07,17.5,17.89,16.6,17.59,969303,psxdata,2026-05-11T12:56:41
ASTL,2023-07-10,17.84,18.79,17.55,18.43,3119828,psxdata,2026-05-11T12:56:41
ASTL,2023-07-11,18.5,19.81,18.3,19.81,4705261,psxdata,2026-05-11T12:56:41
ASTL,2023-07-12,20.01,21.3,19.3,21.3,9504331,psxdata,2026-05-11T12:56:41
ASTL,2023-07-13,22.4,22.4,20.81,22.0,7914581,psxdata,2026-05-11T12:56:41
ASTL,2023-07-14,21.5,22.7,21.0,21.26,758133,psxdata,2026-05-11T12:56:41
ASTL,2023-07-17,21.2,21.97,20.9,21.55,739064,psxdata,2026-05-11T12:56:41
ASTL,2023-07-18,21.2,21.84,21.0,21.6,994515,psxdata,2026-05-11T12:56:41
ASTL,2023-07-19,21.74,21.74,20.6,20.8,636489,psxdata,2026-05-11T12:56:41
ASTL,2023-07-20,20.75,21.55,20.33,20.7,827795,psxdata,2026-05-11T12:56:41
ASTL,2023-07-21,20.71,21.2,20.52,20.66,552645,psxdata,2026-05-11T12:56:41
ASTL,2023-07-24,21.35,21.35,20.4,20.98,549243,psxdata,2026-05-11T12:56:41
ASTL,2023-07-25,20.71,21.29,20.63,20.85,479850,psxdata,2026-05-11T12:56:41
ASTL,2023-07-26,20.7,21.6,20.7,21.15,947421,psxdata,2026-05-11T12:56:41
ASTL,2023-07-27,21.11,21.55,20.9,21.04,631381,psxdata,2026-05-11T12:56:41
ASTL,2023-07-31,21.27,21.44,20.53,20.85,1178742,psxdata,2026-05-11T12:56:41
ASTL,2023-08-01,21.5,22.41,21.5,22.21,3290829,psxdata,2026-05-11T12:56:41
ASTL,2023-08-02,22.34,23.0,21.8,22.13,668463,psxdata,2026-05-11T12:56:41
ASTL,2023-08-03,22.0,22.38,21.44,21.5,551830,psxdata,2026-05-11T12:56:41
ASTL,2023-08-04,21.83,21.83,21.1,21.17,394864,psxdata,2026-05-11T12:56:41
ASTL,2023-08-07,21.4,21.5,20.7,20.86,109255,psxdata,2026-05-11T12:56:41
ASTL,2023-08-08,20.81,21.1,19.82,20.04,565930,psxdata,2026-05-11T12:56:41
ASTL,2023-08-09,19.99,20.45,19.37,20.14,542046,psxdata,2026-05-11T12:56:41
ASTL,2023-08-10,20.1,21.65,19.61,21.2,1482537,psxdata,2026-05-11T12:56:41
ASTL,2023-08-11,21.5,22.79,20.06,22.73,3587738,psxdata,2026-05-11T12:56:41
ASTL,2023-08-15,23.1,24.35,22.02,23.1,1562418,psxdata,2026-05-11T12:56:41
ASTL,2023-08-16,23.3,23.3,21.71,22.0,4130940,psxdata,2026-05-11T12:56:41
ASTL,2023-08-17,22.0,22.52,21.91,22.15,2852965,psxdata,2026-05-11T12:56:41
ASTL,2023-08-18,22.35,23.24,22.05,22.61,1742567,psxdata,2026-05-11T12:56:41
ASTL,2023-08-21,22.14,22.49,21.55,21.63,164122,psxdata,2026-05-11T12:56:41
ASTL,2023-08-22,21.65,22.4,20.91,21.59,1053046,psxdata,2026-05-11T12:56:41
ASTL,2023-08-23,22.42,22.42,21.26,22.0,458513,psxdata,2026-05-11T12:56:41
ASTL,2023-08-24,21.5,22.44,21.5,21.87,687637,psxdata,2026-05-11T12:56:41
ASTL,2023-08-25,21.64,21.88,21.27,21.5,749258,psxdata,2026-05-11T12:56:41
ASTL,2023-08-28,21.02,21.69,20.75,20.77,277063,psxdata,2026-05-11T12:56:41
ASTL,2023-08-29,20.7,20.96,20.0,20.2,195615,psxdata,2026-05-11T12:56:41
ASTL,2023-08-30,20.39,20.6,19.65,19.93,247816,psxdata,2026-05-11T12:56:41
ASTL,2023-08-31,20.3,21.42,19.3,20.48,841208,psxdata,2026-05-11T12:56:41
ASTL,2023-09-01,19.56,20.6,19.56,20.47,822169,psxdata,2026-05-11T12:56:41
ASTL,2023-09-04,19.85,20.84,19.85,20.25,335185,psxdata,2026-05-11T12:56:41
ASTL,2023-09-05,20.25,20.67,20.06,20.31,61696,psxdata,2026-05-11T12:56:41
ASTL,2023-09-06,20.11,20.6,19.85,20.25,239798,psxdata,2026-05-11T12:56:41
ASTL,2023-09-07,20.69,20.69,19.85,19.91,100226,psxdata,2026-05-11T12:56:41
ASTL,2023-09-08,19.91,20.29,19.55,19.7,240498,psxdata,2026-05-11T12:56:41
ASTL,2023-09-11,19.58,19.85,19.55,19.68,140800,psxdata,2026-05-11T12:56:41
ASTL,2023-09-12,19.5,19.74,18.95,19.0,121225,psxdata,2026-05-11T12:56:41
ASTL,2023-09-13,19.44,19.44,18.8,18.91,166586,psxdata,2026-05-11T12:56:41
ASTL,2023-09-14,19.1,19.25,18.81,18.93,43512,psxdata,2026-05-11T12:56:41
ASTL,2023-09-15,19.1,20.35,18.85,18.99,702373,psxdata,2026-05-11T12:56:41
ASTL,2023-09-18,19.0,19.04,18.28,18.52,437633,psxdata,2026-05-11T12:56:41
ASTL,2023-09-19,18.56,18.61,18.49,18.56,63079,psxdata,2026-05-11T12:56:41
ASTL,2023-09-20,18.88,19.0,18.2,18.29,123451,psxdata,2026-05-11T12:56:41
ASTL,2023-09-21,18.74,18.74,18.18,18.5,55892,psxdata,2026-05-11T12:56:41
ASTL,2023-09-22,18.5,19.1,18.3,18.77,244321,psxdata,2026-05-11T12:56:41
ASTL,2023-09-25,18.99,18.99,18.5,18.55,82434,psxdata,2026-05-11T12:56:41
ASTL,2023-09-26,18.61,19.6,18.6,19.05,337684,psxdata,2026-05-11T12:56:41
ASTL,2023-09-27,19.06,19.7,19.0,19.37,572234,psxdata,2026-05-11T12:56:41
ASTL,2023-09-28,19.45,20.75,18.95,19.89,710011,psxdata,2026-05-11T12:56:41
ASTL,2023-10-02,19.7,20.25,19.36,19.45,579046,psxdata,2026-05-11T12:56:41
ASTL,2023-10-03,19.6,19.6,19.1,19.27,78091,psxdata,2026-05-11T12:56:41
ASTL,2023-10-04,19.27,19.35,19.15,19.23,93715,psxdata,2026-05-11T12:56:41
ASTL,2023-10-05,19.36,20.67,19.36,20.53,1600745,psxdata,2026-05-11T12:56:41
ASTL,2023-10-06,20.44,21.0,19.99,20.17,867630,psxdata,2026-05-11T12:56:41
ASTL,2023-10-09,20.2,20.2,19.7,19.81,126582,psxdata,2026-05-11T12:56:41
ASTL,2023-10-10,19.99,21.3,19.99,21.3,3887158,psxdata,2026-05-11T12:56:41
ASTL,2023-10-11,21.5,21.85,21.15,21.31,581672,psxdata,2026-05-11T12:56:41
ASTL,2023-10-12,21.39,21.74,21.01,21.28,171532,psxdata,2026-05-11T12:56:41
ASTL,2023-10-13,21.49,22.36,21.25,22.16,1997816,psxdata,2026-05-11T12:56:41
ASTL,2023-10-16,22.25,23.4,21.41,22.83,2304498,psxdata,2026-05-11T12:56:41
ASTL,2023-10-17,22.72,22.95,21.8,21.89,402940,psxdata,2026-05-11T12:56:41
ASTL,2023-10-18,21.65,23.47,21.65,22.31,2162347,psxdata,2026-05-11T12:56:41
ASTL,2023-10-19,22.53,23.1,22.0,22.88,812753,psxdata,2026-05-11T12:56:41
ASTL,2023-10-20,23.0,23.45,22.5,22.69,1137826,psxdata,2026-05-11T12:56:41
ASTL,2023-10-23,22.6,23.0,22.1,22.49,945588,psxdata,2026-05-11T12:56:41
ASTL,2023-10-24,22.4,22.9,22.22,22.49,525065,psxdata,2026-05-11T12:56:41
ASTL,2023-10-25,22.6,22.74,22.1,22.12,325739,psxdata,2026-05-11T12:56:41
ASTL,2023-10-26,22.16,22.25,21.4,21.51,392698,psxdata,2026-05-11T12:56:41
ASTL,2023-10-27,22.1,22.1,20.45,20.54,595035,psxdata,2026-05-11T12:56:41
ASTL,2023-10-30,20.56,22.08,20.55,22.03,1060369,psxdata,2026-05-11T12:56:41
ASTL,2023-10-31,21.8,22.2,21.15,21.25,513172,psxdata,2026-05-11T12:56:41
ASTL,2023-11-01,21.47,22.18,21.3,21.63,1698678,psxdata,2026-05-11T12:56:41
ASTL,2023-11-02,21.93,22.87,21.9,22.64,2651613,psxdata,2026-05-11T12:56:41
ASTL,2023-11-03,22.88,23.45,22.55,23.02,2025088,psxdata,2026-05-11T12:56:41
ASTL,2023-11-06,23.1,23.8,22.8,23.58,1784792,psxdata,2026-05-11T12:56:41
ASTL,2023-11-07,23.65,23.65,22.2,22.32,1655804,psxdata,2026-05-11T12:56:41
ASTL,2023-11-08,22.35,22.85,22.05,22.13,947126,psxdata,2026-05-11T12:56:41
ASTL,2023-11-10,22.44,22.84,22.3,22.35,936550,psxdata,2026-05-11T12:56:41
ASTL,2023-11-13,22.41,22.85,22.4,22.63,639310,psxdata,2026-05-11T12:56:41
ASTL,2023-11-14,22.6,22.71,22.1,22.22,873231,psxdata,2026-05-11T12:56:41
ASTL,2023-11-15,22.38,22.97,22.3,22.39,1586822,psxdata,2026-05-11T12:56:41
ASTL,2023-11-16,22.64,23.4,22.51,23.1,2859534,psxdata,2026-05-11T12:56:41
ASTL,2023-11-17,23.37,23.56,23.0,23.15,1792532,psxdata,2026-05-11T12:56:41
ASTL,2023-11-20,23.0,23.49,22.76,23.23,1009720,psxdata,2026-05-11T12:56:41
ASTL,2023-11-21,23.44,24.97,23.44,24.97,3570629,psxdata,2026-05-11T12:56:41
ASTL,2023-11-22,25.6,26.4,25.2,25.66,3364481,psxdata,2026-05-11T12:56:41
ASTL,2023-11-23,25.66,26.75,25.5,26.31,3033038,psxdata,2026-05-11T12:56:41
ASTL,2023-11-24,25.9,26.59,25.57,25.65,1058772,psxdata,2026-05-11T12:56:41
ASTL,2023-11-27,25.6,27.57,25.6,27.23,1635257,psxdata,2026-05-11T12:56:41
ASTL,2023-11-28,28.0,28.34,26.57,26.74,1456426,psxdata,2026-05-11T12:56:41
ASTL,2023-11-29,27.18,27.18,25.5,25.72,1014908,psxdata,2026-05-11T12:56:41
ASTL,2023-11-30,26.19,26.19,25.26,25.5,837538,psxdata,2026-05-11T12:56:41
ASTL,2023-12-01,25.41,26.5,25.41,26.4,1572109,psxdata,2026-05-11T12:56:41
ASTL,2023-12-04,26.65,26.9,26.2,26.4,1380428,psxdata,2026-05-11T12:56:41
ASTL,2023-12-05,26.59,27.35,26.2,26.55,2458086,psxdata,2026-05-11T12:56:41
ASTL,2023-12-06,26.74,27.42,26.5,26.86,5210782,psxdata,2026-05-11T12:56:41
ASTL,2023-12-07,27.0,27.4,26.5,26.83,1290054,psxdata,2026-05-11T12:56:41
ASTL,2023-12-08,26.66,27.4,26.5,27.02,1860550,psxdata,2026-05-11T12:56:41
ASTL,2023-12-11,27.19,27.3,26.15,26.24,1112296,psxdata,2026-05-11T12:56:41
ASTL,2023-12-12,26.59,26.85,26.3,26.78,900798,psxdata,2026-05-11T12:56:41
ASTL,2023-12-13,26.8,28.79,25.15,27.53,1804584,psxdata,2026-05-11T12:56:41
ASTL,2023-12-14,27.2,27.49,26.7,26.98,910957,psxdata,2026-05-11T12:56:41
ASTL,2023-12-15,27.27,27.27,26.5,26.98,584596,psxdata,2026-05-11T12:56:41
ASTL,2023-12-18,26.9,27.18,26.11,26.28,210764,psxdata,2026-05-11T12:56:41
ASTL,2023-12-19,26.22,26.45,24.31,24.56,596511,psxdata,2026-05-11T12:56:41
ASTL,2023-12-20,24.92,24.92,23.15,24.17,302185,psxdata,2026-05-11T12:56:41
ASTL,2023-12-21,24.1,24.87,23.91,24.67,222597,psxdata,2026-05-11T12:56:41
ASTL,2023-12-22,24.7,24.96,23.55,24.02,146290,psxdata,2026-05-11T12:56:41
ASTL,2023-12-26,24.0,24.0,22.22,22.27,604370,psxdata,2026-05-11T12:56:41
ASTL,2023-12-27,22.1,23.35,21.8,23.03,1032882,psxdata,2026-05-11T12:56:41
ASTL,2023-12-28,23.1,23.66,22.81,23.32,270312,psxdata,2026-05-11T12:56:41
ASTL,2023-12-29,23.51,23.65,22.6,23.06,385573,psxdata,2026-05-11T12:56:41
ASTL,2024-01-01,23.39,24.1,23.11,24.02,976912,psxdata,2026-05-11T12:56:41
ASTL,2024-01-02,24.0,24.24,23.6,23.73,162959,psxdata,2026-05-11T12:56:41
ASTL,2024-01-03,23.52,25.51,23.52,25.51,1186300,psxdata,2026-05-11T12:56:41
ASTL,2024-01-04,26.01,26.3,24.1,24.22,2100167,psxdata,2026-05-11T12:56:41
ASTL,2024-01-05,24.49,24.5,23.0,23.55,1213769,psxdata,2026-05-11T12:56:41
ASTL,2024-01-08,23.33,23.85,23.33,23.58,317610,psxdata,2026-05-11T12:56:41
ASTL,2024-01-09,23.49,24.0,23.02,23.62,203423,psxdata,2026-05-11T12:56:41
ASTL,2024-01-10,23.54,23.88,23.51,23.65,112938,psxdata,2026-05-11T12:56:41
ASTL,2024-01-11,23.8,24.35,23.5,23.85,567775,psxdata,2026-05-11T12:56:41
ASTL,2024-01-12,24.0,24.35,23.74,23.79,600951,psxdata,2026-05-11T12:56:41
ASTL,2024-01-15,23.62,23.84,23.32,23.4,147153,psxdata,2026-05-11T12:56:41
ASTL,2024-01-16,23.31,23.78,22.71,22.99,241995,psxdata,2026-05-11T12:56:41
ASTL,2024-01-17,22.99,24.25,22.7,24.02,1144654,psxdata,2026-05-11T12:56:41
ASTL,2024-01-18,23.89,24.29,23.4,23.54,423316,psxdata,2026-05-11T12:56:41
ASTL,2024-01-19,24.3,24.3,23.05,23.19,105079,psxdata,2026-05-11T12:56:41
ASTL,2024-01-22,23.57,24.1,23.0,24.0,499945,psxdata,2026-05-11T12:56:41
ASTL,2024-01-23,24.15,25.65,23.11,24.85,796529,psxdata,2026-05-11T12:56:41
ASTL,2024-01-24,25.0,25.38,24.8,25.12,374944,psxdata,2026-05-11T12:56:41
ASTL,2024-01-25,25.9,25.95,25.05,25.09,703103,psxdata,2026-05-11T12:56:41
ASTL,2024-01-26,24.95,25.39,24.95,25.04,726356,psxdata,2026-05-11T12:56:41
ASTL,2024-01-29,25.95,26.1,25.03,25.83,1399770,psxdata,2026-05-11T12:56:41
ASTL,2024-01-30,26.23,26.95,24.8,25.15,3297516,psxdata,2026-05-11T12:56:41
ASTL,2024-01-31,25.67,25.67,24.8,24.84,52329,psxdata,2026-05-11T12:56:41
ASTL,2024-02-01,24.65,24.9,22.98,23.4,1160517,psxdata,2026-05-11T12:56:41
ASTL,2024-02-02,23.26,23.48,22.9,23.05,502015,psxdata,2026-05-11T12:56:41
ASTL,2024-02-06,23.29,23.44,22.85,23.2,265341,psxdata,2026-05-11T12:56:41
ASTL,2024-02-07,23.38,23.79,23.3,23.52,389350,psxdata,2026-05-11T12:56:41
ASTL,2024-02-09,23.1,23.29,22.6,22.97,198248,psxdata,2026-05-11T12:56:41
ASTL,2024-02-12,22.91,23.18,22.1,22.26,138272,psxdata,2026-05-11T12:56:41
ASTL,2024-02-13,21.8,22.5,21.11,22.38,173280,psxdata,2026-05-11T12:56:41
ASTL,2024-02-14,22.7,23.0,22.31,22.51,107555,psxdata,2026-05-11T12:56:41
ASTL,2024-02-15,22.5,22.9,22.06,22.42,226656,psxdata,2026-05-11T12:56:41
ASTL,2024-02-16,22.49,22.55,21.5,21.71,194061,psxdata,2026-05-11T12:56:41
ASTL,2024-02-19,21.85,22.35,21.6,21.96,71891,psxdata,2026-05-11T12:56:41
ASTL,2024-02-20,21.8,22.5,21.8,21.9,44529,psxdata,2026-05-11T12:56:41
ASTL,2024-02-21,22.4,22.49,21.96,22.2,75872,psxdata,2026-05-11T12:56:41
ASTL,2024-02-22,22.2,22.5,22.05,22.25,53258,psxdata,2026-05-11T12:56:41
ASTL,2024-02-23,22.1,22.2,21.71,21.91,198549,psxdata,2026-05-11T12:56:41
ASTL,2024-02-26,22.45,22.45,21.85,21.91,386228,psxdata,2026-05-11T12:56:41
ASTL,2024-02-27,21.96,22.25,21.05,21.78,460067,psxdata,2026-05-11T12:56:41
ASTL,2024-02-28,21.01,21.9,21.01,21.19,183138,psxdata,2026-05-11T12:56:41
ASTL,2024-02-29,21.25,21.5,20.78,21.37,166179,psxdata,2026-05-11T12:56:41
ASTL,2024-03-01,21.68,21.79,21.13,21.53,96941,psxdata,2026-05-11T12:56:41
ASTL,2024-03-04,21.84,22.1,21.65,21.76,216409,psxdata,2026-05-11T12:56:41
ASTL,2024-03-05,21.75,22.35,21.5,21.75,195134,psxdata,2026-05-11T12:56:41
ASTL,2024-03-06,21.47,21.99,21.47,21.72,48558,psxdata,2026-05-11T12:56:41
ASTL,2024-03-07,21.45,21.95,21.35,21.84,51738,psxdata,2026-05-11T12:56:41
ASTL,2024-03-08,22.0,23.48,21.51,23.48,1300102,psxdata,2026-05-11T12:56:41
ASTL,2024-03-11,23.5,25.23,23.5,24.71,987774,psxdata,2026-05-11T12:56:41
ASTL,2024-03-12,24.8,24.8,23.11,23.49,273311,psxdata,2026-05-11T12:56:41
ASTL,2024-03-13,23.75,23.75,22.91,22.97,181458,psxdata,2026-05-11T12:56:41
ASTL,2024-03-14,23.15,24.09,23.15,23.93,258523,psxdata,2026-05-11T12:56:41
ASTL,2024-03-15,24.09,24.4,23.4,23.77,344047,psxdata,2026-05-11T12:56:41
ASTL,2024-03-18,23.84,23.84,22.87,22.98,287959,psxdata,2026-05-11T12:56:41
ASTL,2024-03-19,22.85,23.1,22.33,22.48,232176,psxdata,2026-05-11T12:56:41
ASTL,2024-03-20,22.8,22.99,22.3,22.36,344374,psxdata,2026-05-11T12:56:41
ASTL,2024-03-21,22.74,22.74,21.95,22.13,130951,psxdata,2026-05-11T12:56:41
ASTL,2024-03-22,22.16,22.34,21.76,21.85,62836,psxdata,2026-05-11T12:56:41
ASTL,2024-03-25,22.18,22.2,21.5,21.72,137613,psxdata,2026-05-11T12:56:41
ASTL,2024-03-26,21.81,22.0,21.5,21.71,184065,psxdata,2026-05-11T12:56:41
ASTL,2024-03-27,21.95,22.2,21.62,21.86,235880,psxdata,2026-05-11T12:56:41
ASTL,2024-03-28,22.01,22.39,21.75,21.81,236198,psxdata,2026-05-11T12:56:41
ASTL,2024-03-29,22.15,22.15,21.5,21.6,71228,psxdata,2026-05-11T12:56:41
ASTL,2024-04-01,21.52,21.87,21.2,21.33,114769,psxdata,2026-05-11T12:56:41
ASTL,2024-04-02,21.59,21.9,21.25,21.63,87720,psxdata,2026-05-11T12:56:41
ASTL,2024-04-03,21.83,22.68,21.61,22.49,319282,psxdata,2026-05-11T12:56:41
ASTL,2024-04-04,22.74,22.74,22.2,22.59,215274,psxdata,2026-05-11T12:56:41
ASTL,2024-04-08,23.09,23.6,22.36,23.48,1068666,psxdata,2026-05-11T12:56:41
ASTL,2024-04-09,23.65,23.75,22.86,22.98,267605,psxdata,2026-05-11T12:56:41
ASTL,2024-04-15,22.8,23.0,22.5,22.85,216522,psxdata,2026-05-11T12:56:41
ASTL,2024-04-16,22.88,23.66,22.87,23.24,733276,psxdata,2026-05-11T12:56:41
ASTL,2024-04-17,23.3,23.38,23.0,23.2,114560,psxdata,2026-05-11T12:56:41
ASTL,2024-04-18,23.25,23.5,22.95,23.3,850478,psxdata,2026-05-11T12:56:41
ASTL,2024-04-19,23.0,23.69,22.82,23.0,956125,psxdata,2026-05-11T12:56:41
ASTL,2024-04-22,23.0,24.73,23.0,24.73,809726,psxdata,2026-05-11T12:56:41
ASTL,2024-04-23,25.02,26.48,25.02,25.96,1626229,psxdata,2026-05-11T12:56:41
ASTL,2024-04-24,25.63,27.8,25.63,26.43,1799492,psxdata,2026-05-11T12:56:41
ASTL,2024-04-25,26.89,26.89,25.97,26.26,554865,psxdata,2026-05-11T12:56:41
ASTL,2024-04-26,26.69,26.69,24.9,25.48,331655,psxdata,2026-05-11T12:56:41
ASTL,2024-04-29,24.99,25.11,24.1,24.26,591794,psxdata,2026-05-11T12:56:41
ASTL,2024-04-30,24.01,24.2,23.45,23.52,446639,psxdata,2026-05-11T12:56:41
ASTL,2024-05-02,23.45,23.45,22.5,22.96,298220,psxdata,2026-05-11T12:56:41
ASTL,2024-05-03,23.19,23.9,23.0,23.73,428799,psxdata,2026-05-11T12:56:41
ASTL,2024-05-06,23.98,25.51,23.98,25.51,1060153,psxdata,2026-05-11T12:56:41
ASTL,2024-05-07,25.51,26.1,24.9,24.96,647233,psxdata,2026-05-11T12:56:41
ASTL,2024-05-08,24.9,26.0,24.85,25.57,562450,psxdata,2026-05-11T12:56:41
ASTL,2024-05-09,25.57,25.99,25.06,25.47,225999,psxdata,2026-05-11T12:56:41
ASTL,2024-05-10,25.3,26.75,25.3,26.03,1133940,psxdata,2026-05-11T12:56:41
ASTL,2024-05-13,26.33,27.98,26.06,27.34,2890621,psxdata,2026-05-11T12:56:41
ASTL,2024-05-14,27.25,28.65,25.29,27.9,1832341,psxdata,2026-05-11T12:56:41
ASTL,2024-05-15,27.8,29.4,27.5,27.89,618333,psxdata,2026-05-11T12:56:41
ASTL,2024-05-16,27.65,28.6,27.0,27.9,1030019,psxdata,2026-05-11T12:56:41
ASTL,2024-05-17,28.03,29.24,27.65,28.16,1384344,psxdata,2026-05-11T12:56:41
ASTL,2024-05-20,28.1,28.15,27.15,27.58,375827,psxdata,2026-05-11T12:56:41
ASTL,2024-05-21,27.88,27.88,26.65,26.77,454147,psxdata,2026-05-11T12:56:41
ASTL,2024-05-22,26.89,26.89,25.65,25.78,196420,psxdata,2026-05-11T12:56:41
ASTL,2024-05-23,25.92,26.19,25.6,25.81,74651,psxdata,2026-05-11T12:56:41
ASTL,2024-05-24,26.1,27.75,26.03,27.2,987028,psxdata,2026-05-11T12:56:41
ASTL,2024-05-27,27.0,27.3,26.75,26.87,301039,psxdata,2026-05-11T12:56:41
ASTL,2024-05-29,26.7,26.7,26.0,26.01,768946,psxdata,2026-05-11T12:56:41
ASTL,2024-05-30,26.25,27.4,25.7,26.65,696209,psxdata,2026-05-11T12:56:41
ASTL,2024-05-31,27.1,27.75,26.65,27.48,1309431,psxdata,2026-05-11T12:56:41
ASTL,2024-06-03,27.55,28.15,27.25,27.38,799070,psxdata,2026-05-11T12:56:41
ASTL,2024-06-04,27.5,27.77,26.9,27.06,420163,psxdata,2026-05-11T12:56:41
ASTL,2024-06-05,27.0,27.5,26.76,26.99,195442,psxdata,2026-05-11T12:56:41
ASTL,2024-06-06,27.0,27.5,26.26,26.37,203002,psxdata,2026-05-11T12:56:41
ASTL,2024-06-07,26.3,27.59,25.8,27.1,327937,psxdata,2026-05-11T12:56:41
ASTL,2024-06-10,26.84,28.98,26.31,28.59,1241423,psxdata,2026-05-11T12:56:41
ASTL,2024-06-11,29.99,29.99,27.1,27.48,1014863,psxdata,2026-05-11T12:56:41
ASTL,2024-06-12,27.48,28.65,27.4,28.11,346913,psxdata,2026-05-11T12:56:41
ASTL,2024-06-13,29.48,29.7,28.47,28.96,1472404,psxdata,2026-05-11T12:56:41
ASTL,2024-06-14,29.0,29.6,28.2,28.44,530092,psxdata,2026-05-11T12:56:41
ASTL,2024-06-20,28.7,28.8,28.2,28.26,125236,psxdata,2026-05-11T12:56:41
ASTL,2024-06-21,28.39,29.0,27.87,28.02,220075,psxdata,2026-05-11T12:56:41
ASTL,2024-06-24,27.91,28.23,26.49,26.85,401531,psxdata,2026-05-11T12:56:41
ASTL,2024-06-25,26.51,27.59,26.5,27.41,437681,psxdata,2026-05-11T12:56:41
ASTL,2024-06-26,27.65,27.7,26.81,26.94,206219,psxdata,2026-05-11T12:56:41
ASTL,2024-06-27,27.0,27.33,26.52,26.62,73001,psxdata,2026-05-11T12:56:41
ASTL,2024-06-28,26.94,27.2,26.67,26.99,59418,psxdata,2026-05-11T12:56:41
ASTL,2024-07-01,26.52,27.0,26.45,26.51,116847,psxdata,2026-05-11T12:56:41
ASTL,2024-07-02,26.79,27.5,26.7,26.93,1332316,psxdata,2026-05-11T12:56:41
ASTL,2024-07-03,27.2,27.2,26.6,26.74,564390,psxdata,2026-05-11T12:56:41
ASTL,2024-07-04,26.65,27.19,26.31,26.44,237427,psxdata,2026-05-11T12:56:41
ASTL,2024-07-05,26.44,26.84,26.0,26.28,74514,psxdata,2026-05-11T12:56:41
ASTL,2024-07-08,26.26,26.83,25.91,26.03,111570,psxdata,2026-05-11T12:56:41
ASTL,2024-07-09,26.44,26.45,25.85,25.98,165334,psxdata,2026-05-11T12:56:41
ASTL,2024-07-10,25.98,26.2,25.6,25.65,80825,psxdata,2026-05-11T12:56:41
ASTL,2024-07-11,25.7,25.98,25.15,25.23,150647,psxdata,2026-05-11T12:56:41
ASTL,2024-07-12,25.28,25.33,24.6,24.82,164264,psxdata,2026-05-11T12:56:41
ASTL,2024-07-15,25.01,25.93,25.0,25.57,147631,psxdata,2026-05-11T12:56:41
ASTL,2024-07-18,25.51,25.84,25.3,25.66,72776,psxdata,2026-05-11T12:56:41
ASTL,2024-07-19,25.46,25.51,24.11,24.43,282672,psxdata,2026-05-11T12:56:41
ASTL,2024-07-22,24.95,24.95,23.4,23.48,300725,psxdata,2026-05-11T12:56:41
ASTL,2024-07-23,23.88,24.45,22.62,24.08,263889,psxdata,2026-05-11T12:56:41
ASTL,2024-07-24,24.35,24.5,23.32,24.0,201673,psxdata,2026-05-11T12:56:41
ASTL,2024-07-25,24.0,24.35,23.65,24.21,20373,psxdata,2026-05-11T12:56:41
ASTL,2024-07-26,24.15,24.15,23.69,23.7,19442,psxdata,2026-05-11T12:56:41
ASTL,2024-07-29,23.41,24.11,23.41,23.94,148069,psxdata,2026-05-11T12:56:41
ASTL,2024-07-30,24.47,24.47,23.5,23.53,115397,psxdata,2026-05-11T12:56:41
ASTL,2024-07-31,23.6,23.68,23.1,23.2,188946,psxdata,2026-05-11T12:56:41
ASTL,2024-08-01,23.39,23.5,22.81,22.97,132801,psxdata,2026-05-11T12:56:41
ASTL,2024-08-02,23.1,23.45,23.0,23.32,141985,psxdata,2026-05-11T12:56:41
ASTL,2024-08-05,23.4,23.4,22.71,22.88,63515,psxdata,2026-05-11T12:56:41
ASTL,2024-08-06,23.0,23.0,22.65,22.99,137193,psxdata,2026-05-11T12:56:41
ASTL,2024-08-07,23.08,23.3,23.01,23.1,95281,psxdata,2026-05-11T12:56:41
ASTL,2024-08-08,23.29,23.29,23.1,23.11,55955,psxdata,2026-05-11T12:56:41
ASTL,2024-08-09,23.06,23.34,23.01,23.11,32071,psxdata,2026-05-11T12:56:41
ASTL,2024-08-12,23.05,23.24,22.66,22.84,375652,psxdata,2026-05-11T12:56:41
ASTL,2024-08-13,22.71,22.9,22.6,22.69,413239,psxdata,2026-05-11T12:56:41
ASTL,2024-08-15,22.9,22.9,22.46,22.68,437373,psxdata,2026-05-11T12:56:41
ASTL,2024-08-16,22.68,22.94,22.4,22.44,139657,psxdata,2026-05-11T12:56:41
ASTL,2024-08-19,22.44,22.85,21.9,21.99,70450,psxdata,2026-05-11T12:56:41
ASTL,2024-08-20,22.0,22.22,22.0,22.08,11112,psxdata,2026-05-11T12:56:41
ASTL,2024-08-21,22.13,23.89,22.13,23.25,526560,psxdata,2026-05-11T12:56:41
ASTL,2024-08-22,23.5,24.4,23.5,23.85,656863,psxdata,2026-05-11T12:56:41
ASTL,2024-08-23,24.0,24.47,23.5,23.91,180921,psxdata,2026-05-11T12:56:41
ASTL,2024-08-26,24.2,24.2,23.31,23.37,107108,psxdata,2026-05-11T12:56:41
ASTL,2024-08-27,23.51,25.71,23.47,24.27,901939,psxdata,2026-05-11T12:56:41
ASTL,2024-08-28,24.48,24.8,24.15,24.34,284303,psxdata,2026-05-11T12:56:41
ASTL,2024-08-29,24.49,24.6,23.95,24.09,129749,psxdata,2026-05-11T12:56:41
ASTL,2024-08-30,24.01,24.4,23.91,23.95,34535,psxdata,2026-05-11T12:56:41
ASTL,2024-09-02,24.37,24.37,23.3,23.3,44039,psxdata,2026-05-11T12:56:41
ASTL,2024-09-03,23.3,23.5,23.05,23.45,47360,psxdata,2026-05-11T12:56:41
ASTL,2024-09-04,23.49,24.05,23.02,23.98,150439,psxdata,2026-05-11T12:56:41
ASTL,2024-09-05,24.05,24.05,23.71,23.82,68277,psxdata,2026-05-11T12:56:41
ASTL,2024-09-06,24.0,24.05,23.7,24.0,46424,psxdata,2026-05-11T12:56:41
ASTL,2024-09-09,24.0,24.25,23.5,24.02,61696,psxdata,2026-05-11T12:56:41
ASTL,2024-09-10,24.0,24.34,23.81,24.18,71649,psxdata,2026-05-11T12:56:41
ASTL,2024-09-11,24.1,24.65,24.1,24.5,219646,psxdata,2026-05-11T12:56:41
ASTL,2024-09-12,24.29,25.4,24.2,24.91,314556,psxdata,2026-05-11T12:56:41
ASTL,2024-09-13,25.35,25.7,24.16,24.57,309851,psxdata,2026-05-11T12:56:41
ASTL,2024-09-16,24.97,24.97,22.81,22.93,412757,psxdata,2026-05-11T12:56:41
ASTL,2024-09-18,23.5,24.45,22.5,24.0,534685,psxdata,2026-05-11T12:56:41
ASTL,2024-09-19,24.24,24.24,23.2,23.29,72205,psxdata,2026-05-11T12:56:41
ASTL,2024-09-20,23.17,23.4,22.76,22.93,113684,psxdata,2026-05-11T12:56:41
ASTL,2024-09-23,22.81,23.21,20.64,20.66,1027629,psxdata,2026-05-11T12:56:41
ASTL,2024-09-24,20.0,20.0,18.59,18.62,543611,psxdata,2026-05-11T12:56:41
ASTL,2024-09-25,18.75,18.78,17.65,18.29,343426,psxdata,2026-05-11T12:56:41
ASTL,2024-09-26,18.29,18.68,18.0,18.05,276753,psxdata,2026-05-11T12:56:41
ASTL,2024-09-27,18.2,18.39,17.95,18.05,141023,psxdata,2026-05-11T12:56:41
ASTL,2024-09-30,18.05,18.78,17.5,18.16,149443,psxdata,2026-05-11T12:56:41
ASTL,2024-10-01,18.4,18.44,18.0,18.34,307713,psxdata,2026-05-11T12:56:41
ASTL,2024-10-02,18.01,18.8,17.65,17.74,223513,psxdata,2026-05-11T12:56:41
ASTL,2024-10-03,17.69,17.85,17.2,17.32,304433,psxdata,2026-05-11T12:56:41
ASTL,2024-10-04,17.39,17.7,17.09,17.46,76907,psxdata,2026-05-11T12:56:41
ASTL,2024-10-07,17.22,17.85,17.2,17.5,99729,psxdata,2026-05-11T12:56:41
ASTL,2024-10-08,17.88,17.88,17.5,17.74,96251,psxdata,2026-05-11T12:56:41
ASTL,2024-10-09,17.9,17.94,16.62,17.01,396026,psxdata,2026-05-11T12:56:41
ASTL,2024-10-10,17.19,17.29,16.56,16.98,202423,psxdata,2026-05-11T12:56:41
ASTL,2024-10-11,17.3,17.3,16.56,16.65,182110,psxdata,2026-05-11T12:56:41
ASTL,2024-10-14,16.68,17.25,16.68,17.08,405247,psxdata,2026-05-11T12:56:41
ASTL,2024-10-15,17.1,17.4,17.1,17.2,85267,psxdata,2026-05-11T12:56:41
ASTL,2024-10-16,17.43,17.5,16.95,17.03,163517,psxdata,2026-05-11T12:56:41
ASTL,2024-10-17,17.06,17.6,17.06,17.55,149614,psxdata,2026-05-11T12:56:41
ASTL,2024-10-18,17.55,19.31,17.55,19.31,1613193,psxdata,2026-05-11T12:56:41
ASTL,2024-10-21,19.5,20.14,18.52,18.77,926100,psxdata,2026-05-11T12:56:41
ASTL,2024-10-22,18.98,19.8,18.63,19.2,369803,psxdata,2026-05-11T12:56:41
ASTL,2024-10-23,19.12,19.35,18.77,18.89,113123,psxdata,2026-05-11T12:56:41
ASTL,2024-10-24,19.17,19.2,18.55,18.66,299450,psxdata,2026-05-11T12:56:41
ASTL,2024-10-25,18.66,18.9,18.5,18.65,243621,psxdata,2026-05-11T12:56:41
ASTL,2024-10-28,19.0,20.52,18.71,19.56,892869,psxdata,2026-05-11T12:56:41
ASTL,2024-10-29,19.8,20.49,18.9,19.28,383879,psxdata,2026-05-11T12:56:41
ASTL,2024-10-30,19.5,19.5,18.81,18.85,87143,psxdata,2026-05-11T12:56:41
ASTL,2024-10-31,18.78,18.93,18.5,18.58,125308,psxdata,2026-05-11T12:56:41
ASTL,2024-11-01,18.8,19.14,18.54,18.98,173760,psxdata,2026-05-11T12:56:41
ASTL,2024-11-04,19.2,19.72,19.12,19.66,248580,psxdata,2026-05-11T12:56:41
ASTL,2024-11-05,20.0,20.75,19.72,20.44,651886,psxdata,2026-05-11T12:56:41
ASTL,2024-11-06,20.55,20.7,20.05,20.27,179293,psxdata,2026-05-11T12:56:41
ASTL,2024-11-07,20.49,20.49,19.81,19.95,72505,psxdata,2026-05-11T12:56:41
ASTL,2024-11-08,20.48,20.48,19.8,20.19,158083,psxdata,2026-05-11T12:56:41
ASTL,2024-11-11,20.49,20.49,19.85,19.91,158654,psxdata,2026-05-11T12:56:41
ASTL,2024-11-12,20.0,20.25,19.71,20.09,228106,psxdata,2026-05-11T12:56:41
ASTL,2024-11-13,19.8,20.23,19.75,19.94,137481,psxdata,2026-05-11T12:56:41
ASTL,2024-11-14,20.39,20.68,20.1,20.49,166425,psxdata,2026-05-11T12:56:41
ASTL,2024-11-15,20.49,20.7,20.3,20.58,112485,psxdata,2026-05-11T12:56:41
ASTL,2024-11-18,20.64,20.65,20.25,20.58,145606,psxdata,2026-05-11T12:56:41
ASTL,2024-11-19,20.44,20.74,20.3,20.31,239690,psxdata,2026-05-11T12:56:41
ASTL,2024-11-20,20.4,21.8,20.4,21.55,724394,psxdata,2026-05-11T12:56:41
ASTL,2024-11-21,21.5,23.0,21.5,22.03,803052,psxdata,2026-05-11T12:56:41
ASTL,2024-11-22,22.37,22.5,20.95,21.08,215340,psxdata,2026-05-11T12:56:41
ASTL,2024-11-25,21.49,21.49,20.75,21.21,198917,psxdata,2026-05-11T12:56:41
ASTL,2024-11-26,21.21,21.75,20.32,20.42,128602,psxdata,2026-05-11T12:56:41
ASTL,2024-11-27,20.8,21.49,20.5,21.01,334784,psxdata,2026-05-11T12:56:41
ASTL,2024-11-28,20.55,21.7,20.55,21.4,324909,psxdata,2026-05-11T12:56:41
ASTL,2024-11-29,21.0,21.75,19.51,21.04,288655,psxdata,2026-05-11T12:56:41
ASTL,2024-12-02,21.69,23.14,21.1,23.03,863524,psxdata,2026-05-11T12:56:41
ASTL,2024-12-03,23.1,23.35,22.01,23.14,508043,psxdata,2026-05-11T12:56:41
ASTL,2024-12-04,23.45,24.25,22.75,23.12,579177,psxdata,2026-05-11T12:56:41
ASTL,2024-12-05,23.49,24.5,22.9,23.37,3435455,psxdata,2026-05-11T12:56:41
ASTL,2024-12-06,23.5,23.53,22.5,23.46,1097554,psxdata,2026-05-11T12:56:41
ASTL,2024-12-09,23.46,23.9,23.03,23.41,624091,psxdata,2026-05-11T12:56:41
ASTL,2024-12-10,23.31,23.7,22.56,22.67,382797,psxdata,2026-05-11T12:56:41
ASTL,2024-12-11,23.18,23.4,22.65,23.0,432854,psxdata,2026-05-11T12:56:41
ASTL,2024-12-12,23.0,24.0,22.75,23.88,1371613,psxdata,2026-05-11T12:56:41
ASTL,2024-12-13,24.05,24.7,23.0,24.43,1713067,psxdata,2026-05-11T12:56:41
ASTL,2024-12-16,24.5,26.5,24.5,25.92,2205720,psxdata,2026-05-11T12:56:41
ASTL,2024-12-17,26.0,26.4,25.5,25.78,821313,psxdata,2026-05-11T12:56:41
ASTL,2024-12-18,25.8,26.7,25.56,25.63,690325,psxdata,2026-05-11T12:56:41
ASTL,2024-12-19,25.51,25.51,23.8,23.98,410424,psxdata,2026-05-11T12:56:41
ASTL,2024-12-20,24.19,24.31,23.75,24.17,113735,psxdata,2026-05-11T12:56:41
ASTL,2024-12-23,24.25,26.45,24.1,26.07,527161,psxdata,2026-05-11T12:56:41
ASTL,2024-12-24,26.39,27.43,24.9,25.2,423211,psxdata,2026-05-11T12:56:41
ASTL,2024-12-26,25.2,26.3,24.85,25.8,233982,psxdata,2026-05-11T12:56:41
ASTL,2024-12-27,26.0,26.2,25.5,26.01,348936,psxdata,2026-05-11T12:56:41
ASTL,2024-12-30,25.57,26.3,25.5,25.76,1136094,psxdata,2026-05-11T12:56:41
ASTL,2024-12-31,25.78,26.2,25.7,25.78,178648,psxdata,2026-05-11T12:56:41
ASTL,2025-01-01,26.0,26.75,25.52,26.3,2634463,psxdata,2026-05-11T12:56:41
ASTL,2025-01-02,26.45,26.6,25.51,25.72,489329,psxdata,2026-05-11T12:56:41
ASTL,2025-01-03,25.66,26.3,25.0,26.2,617405,psxdata,2026-05-11T12:56:41
ASTL,2025-01-06,26.1,26.49,25.45,26.16,442861,psxdata,2026-05-11T12:56:41
ASTL,2025-01-07,26.16,26.16,25.45,25.81,197312,psxdata,2026-05-11T12:56:41
ASTL,2025-01-08,25.99,26.58,25.45,25.5,563861,psxdata,2026-05-11T12:56:41
ASTL,2025-01-09,25.97,25.97,24.5,24.63,177299,psxdata,2026-05-11T12:56:41
ASTL,2025-01-10,24.99,25.0,24.02,24.66,115939,psxdata,2026-05-11T12:56:41
ASTL,2025-01-13,24.99,25.0,24.5,24.74,87079,psxdata,2026-05-11T12:56:41
ASTL,2025-01-14,25.0,26.0,24.66,25.82,228747,psxdata,2026-05-11T12:56:41
ASTL,2025-01-15,26.0,26.1,25.1,25.25,172986,psxdata,2026-05-11T12:56:41
ASTL,2025-01-16,25.1,25.4,24.2,24.41,156677,psxdata,2026-05-11T12:56:41
ASTL,2025-01-17,24.51,25.19,24.44,24.79,79629,psxdata,2026-05-11T12:56:41
ASTL,2025-01-20,25.25,26.49,25.25,25.56,506369,psxdata,2026-05-11T12:56:41
ASTL,2025-01-21,25.6,26.0,24.52,24.84,224522,psxdata,2026-05-11T12:56:41
ASTL,2025-01-22,25.49,25.85,24.65,24.86,392781,psxdata,2026-05-11T12:56:41
ASTL,2025-01-23,25.44,25.44,24.65,24.93,97891,psxdata,2026-05-11T12:56:41
ASTL,2025-01-24,25.5,25.5,24.93,25.09,146311,psxdata,2026-05-11T12:56:41
ASTL,2025-01-27,25.3,25.5,24.3,24.4,251257,psxdata,2026-05-11T12:56:41
ASTL,2025-01-28,24.49,24.5,23.7,23.82,200419,psxdata,2026-05-11T12:56:41
ASTL,2025-01-29,23.98,24.0,23.5,23.52,104143,psxdata,2026-05-11T12:56:41
ASTL,2025-01-30,24.29,24.29,23.51,24.0,121801,psxdata,2026-05-11T12:56:41
ASTL,2025-01-31,24.48,24.48,23.52,23.85,70090,psxdata,2026-05-11T12:56:41
ASTL,2025-02-03,24.0,24.0,23.45,23.49,89841,psxdata,2026-05-11T12:56:41
ASTL,2025-02-04,23.31,24.0,22.92,23.0,108115,psxdata,2026-05-11T12:56:41
ASTL,2025-02-06,23.79,23.79,22.5,22.94,161496,psxdata,2026-05-11T12:56:41
ASTL,2025-02-07,23.39,23.39,22.11,22.55,35290,psxdata,2026-05-11T12:56:41
ASTL,2025-02-10,22.99,23.0,22.2,22.74,45227,psxdata,2026-05-11T12:56:41
ASTL,2025-02-11,23.0,23.4,22.56,23.14,87630,psxdata,2026-05-11T12:56:41
ASTL,2025-02-12,23.35,23.49,23.1,23.33,62502,psxdata,2026-05-11T12:56:41
ASTL,2025-02-13,23.05,23.5,23.0,23.27,42521,psxdata,2026-05-11T12:56:41
ASTL,2025-02-14,23.49,23.5,23.0,23.0,80699,psxdata,2026-05-11T12:56:41
ASTL,2025-02-17,22.9,22.95,21.4,21.98,300048,psxdata,2026-05-11T12:56:41
ASTL,2025-02-18,22.0,22.34,21.5,21.92,149808,psxdata,2026-05-11T12:56:41
ASTL,2025-02-19,22.1,22.45,22.01,22.03,107759,psxdata,2026-05-11T12:56:41
ASTL,2025-02-20,22.48,23.0,22.1,22.72,212753,psxdata,2026-05-11T12:56:41
ASTL,2025-02-21,23.0,23.0,22.05,22.13,56808,psxdata,2026-05-11T12:56:41
ASTL,2025-02-24,22.05,22.88,22.05,22.18,53656,psxdata,2026-05-11T12:56:41
ASTL,2025-02-25,22.2,22.74,21.05,21.79,93080,psxdata,2026-05-11T12:56:41
ASTL,2025-02-26,21.6,21.6,21.25,21.39,37351,psxdata,2026-05-11T12:56:41
ASTL,2025-02-27,21.26,21.49,21.2,21.23,43075,psxdata,2026-05-11T12:56:41
ASTL,2025-02-28,21.06,21.49,19.8,19.93,288473,psxdata,2026-05-11T12:56:41
ASTL,2025-03-03,20.5,20.5,19.5,19.66,57175,psxdata,2026-05-11T12:56:41
ASTL,2025-03-04,19.71,20.09,19.71,19.96,25746,psxdata,2026-05-11T12:56:41
ASTL,2025-03-05,19.96,20.45,19.57,20.03,26758,psxdata,2026-05-11T12:56:41
ASTL,2025-03-06,19.53,20.38,19.53,20.31,21511,psxdata,2026-05-11T12:56:41
ASTL,2025-03-07,20.49,20.87,20.0,20.75,106463,psxdata,2026-05-11T12:56:41
ASTL,2025-03-10,20.75,21.8,20.75,21.5,3717430,psxdata,2026-05-11T12:56:41
ASTL,2025-03-11,21.7,21.96,21.3,21.31,178791,psxdata,2026-05-11T12:56:41
ASTL,2025-03-12,21.03,21.54,21.0,21.31,3602695,psxdata,2026-05-11T12:56:41
ASTL,2025-03-13,21.3,21.58,21.3,21.35,28941,psxdata,2026-05-11T12:56:41
ASTL,2025-03-14,21.4,21.85,21.4,21.7,74490,psxdata,2026-05-11T12:56:41
ASTL,2025-03-17,21.93,21.95,21.48,21.5,78311,psxdata,2026-05-11T12:56:41
ASTL,2025-03-18,21.89,21.89,21.41,21.42,50445,psxdata,2026-05-11T12:56:41
ASTL,2025-03-19,21.42,21.99,21.0,21.41,186577,psxdata,2026-05-11T12:56:41
ASTL,2025-03-20,21.5,21.69,21.2,21.22,55943,psxdata,2026-05-11T12:56:41
ASTL,2025-03-21,21.59,21.61,21.2,21.5,54510,psxdata,2026-05-11T12:56:41
ASTL,2025-03-24,21.49,21.5,21.05,21.09,62278,psxdata,2026-05-11T12:56:41
ASTL,2025-03-25,21.64,21.64,20.53,21.01,30788,psxdata,2026-05-11T12:56:41
ASTL,2025-03-26,21.15,21.4,21.0,21.01,28927,psxdata,2026-05-11T12:56:41
ASTL,2025-03-27,21.0,21.32,20.5,20.53,52982,psxdata,2026-05-11T12:56:41
ASTL,2025-04-03,20.54,21.44,20.54,21.39,126241,psxdata,2026-05-11T12:56:41
ASTL,2025-04-04,21.48,23.53,21.02,23.53,1326217,psxdata,2026-05-11T12:56:41
ASTL,2025-04-07,23.48,23.48,21.18,21.39,1107279,psxdata,2026-05-11T12:56:41
ASTL,2025-04-08,21.8,21.89,21.5,21.73,280171,psxdata,2026-05-11T12:56:41
ASTL,2025-04-09,21.62,21.62,21.0,21.21,75063,psxdata,2026-05-11T12:56:41
ASTL,2025-04-10,21.88,23.33,21.56,23.09,1309842,psxdata,2026-05-11T12:56:41
ASTL,2025-04-11,22.5,22.9,22.31,22.39,162850,psxdata,2026-05-11T12:56:41
ASTL,2025-04-14,22.3,22.48,21.9,22.26,86258,psxdata,2026-05-11T12:56:41
ASTL,2025-04-15,22.48,22.48,21.5,22.08,57530,psxdata,2026-05-11T12:56:41
ASTL,2025-04-16,22.0,22.25,21.8,21.91,98585,psxdata,2026-05-11T12:56:41
ASTL,2025-04-17,21.71,22.49,21.71,22.12,26513,psxdata,2026-05-11T12:56:41
ASTL,2025-04-18,22.0,22.61,21.72,21.99,180969,psxdata,2026-05-11T12:56:41
ASTL,2025-04-21,22.0,22.4,21.95,22.04,155935,psxdata,2026-05-11T12:56:41
ASTL,2025-04-22,22.0,22.35,21.85,22.0,60924,psxdata,2026-05-11T12:56:41
ASTL,2025-04-23,21.61,22.19,21.61,21.97,69064,psxdata,2026-05-11T12:56:41
ASTL,2025-04-24,21.6,22.0,21.3,21.88,88711,psxdata,2026-05-11T12:56:41
ASTL,2025-04-25,21.99,22.0,20.85,21.86,170841,psxdata,2026-05-11T12:56:41
ASTL,2025-04-28,21.07,21.75,20.95,21.0,152699,psxdata,2026-05-11T12:56:41
ASTL,2025-04-29,21.0,21.0,20.5,20.96,20411,psxdata,2026-05-11T12:56:41
ASTL,2025-04-30,21.0,21.0,20.0,20.14,118180,psxdata,2026-05-11T12:56:41
ASTL,2025-05-02,20.5,20.91,20.21,20.58,795530,psxdata,2026-05-11T12:56:41
ASTL,2025-05-05,20.64,21.15,20.64,20.96,75333,psxdata,2026-05-11T12:56:41
ASTL,2025-05-06,20.75,21.49,20.69,20.76,95821,psxdata,2026-05-11T12:56:41
ASTL,2025-05-07,18.77,20.3,18.7,19.94,465216,psxdata,2026-05-11T12:56:41
ASTL,2025-05-08,20.0,20.44,18.4,18.7,239222,psxdata,2026-05-11T12:56:41
ASTL,2025-05-09,18.5,19.5,18.5,19.07,228571,psxdata,2026-05-11T12:56:41
ASTL,2025-05-12,20.15,20.98,19.51,20.67,318620,psxdata,2026-05-11T12:56:41
ASTL,2025-05-13,20.93,20.93,19.75,20.49,147069,psxdata,2026-05-11T12:56:41
ASTL,2025-05-14,20.69,20.69,20.22,20.32,28601,psxdata,2026-05-11T12:56:41
ASTL,2025-05-15,20.31,21.35,20.31,21.2,194331,psxdata,2026-05-11T12:56:41
ASTL,2025-05-16,21.16,23.32,21.16,23.13,2148822,psxdata,2026-05-11T12:56:41
ASTL,2025-05-19,23.6,25.44,23.54,25.44,3122253,psxdata,2026-05-11T12:56:41
ASTL,2025-05-20,26.0,26.35,24.18,25.65,3087086,psxdata,2026-05-11T12:56:41
ASTL,2025-05-21,26.3,26.44,25.0,25.31,473698,psxdata,2026-05-11T12:56:41
ASTL,2025-05-22,25.31,26.69,24.8,25.54,1142845,psxdata,2026-05-11T12:56:41
ASTL,2025-05-23,25.3,26.4,24.85,25.37,310239,psxdata,2026-05-11T12:56:41
ASTL,2025-05-26,25.5,25.99,24.81,24.96,267552,psxdata,2026-05-11T12:56:41
ASTL,2025-05-27,24.96,25.18,24.49,24.52,68582,psxdata,2026-05-11T12:56:41
ASTL,2025-05-29,24.86,25.9,24.79,25.61,571766,psxdata,2026-05-11T12:56:41
ASTL,2025-05-30,25.82,25.84,25.25,25.35,244610,psxdata,2026-05-11T12:56:41
ASTL,2025-06-02,25.35,25.65,24.85,25.13,134196,psxdata,2026-05-11T12:56:41
ASTL,2025-06-03,25.0,26.0,24.55,25.5,1194065,psxdata,2026-05-11T12:56:41
ASTL,2025-06-04,25.75,26.34,25.31,26.22,1264806,psxdata,2026-05-11T12:56:41
ASTL,2025-06-05,26.25,26.89,25.0,25.61,2484260,psxdata,2026-05-11T12:56:41
ASTL,2025-06-10,25.68,26.9,25.0,25.83,825080,psxdata,2026-05-11T12:56:41
ASTL,2025-06-11,26.44,27.48,24.7,24.96,2416135,psxdata,2026-05-11T12:56:41
ASTL,2025-06-12,25.0,25.29,24.0,24.13,830903,psxdata,2026-05-11T12:56:41
ASTL,2025-06-13,23.8,23.92,23.1,23.35,415130,psxdata,2026-05-11T12:56:41
ASTL,2025-06-16,24.19,24.19,23.4,23.83,188249,psxdata,2026-05-11T12:56:41
ASTL,2025-06-17,23.89,23.89,23.56,23.65,176403,psxdata,2026-05-11T12:56:41
ASTL,2025-06-18,23.6,23.7,22.4,22.46,792570,psxdata,2026-05-11T12:56:41
ASTL,2025-06-19,22.51,22.87,22.21,22.23,140395,psxdata,2026-05-11T12:56:41
ASTL,2025-06-20,22.64,22.69,21.6,21.78,280156,psxdata,2026-05-11T12:56:41
ASTL,2025-06-23,20.51,21.49,20.5,20.56,995375,psxdata,2026-05-11T12:56:41
ASTL,2025-06-24,21.5,22.5,21.45,22.25,911803,psxdata,2026-05-11T12:56:41
ASTL,2025-06-25,22.35,23.3,22.11,22.83,406908,psxdata,2026-05-11T12:56:41
ASTL,2025-06-26,23.29,23.45,22.02,22.3,236917,psxdata,2026-05-11T12:56:41
ASTL,2025-06-27,22.75,22.97,22.4,22.72,142191,psxdata,2026-05-11T12:56:41
ASTL,2025-06-30,23.18,23.74,22.52,23.37,836273,psxdata,2026-05-11T12:56:41
ASTL,2025-07-01,23.37,23.68,23.05,23.37,199451,psxdata,2026-05-11T12:56:41
ASTL,2025-07-02,23.49,23.78,22.91,23.0,191753,psxdata,2026-05-11T12:56:41
ASTL,2025-07-03,23.29,24.88,22.75,23.57,1543986,psxdata,2026-05-11T12:56:41
ASTL,2025-07-04,23.95,23.95,23.0,23.21,318739,psxdata,2026-05-11T12:56:41
ASTL,2025-07-07,23.16,23.35,22.95,23.0,366671,psxdata,2026-05-11T12:56:41
ASTL,2025-07-08,22.9,23.2,22.78,23.0,172695,psxdata,2026-05-11T12:56:41
ASTL,2025-07-09,23.29,23.4,22.8,23.02,756433,psxdata,2026-05-11T12:56:41
ASTL,2025-07-10,23.0,24.0,23.0,23.26,1684512,psxdata,2026-05-11T12:56:41
ASTL,2025-07-11,23.62,23.62,22.8,22.85,881584,psxdata,2026-05-11T12:56:41
ASTL,2025-07-14,23.0,23.87,23.0,23.11,881579,psxdata,2026-05-11T12:56:41
ASTL,2025-07-15,23.04,23.37,22.48,22.51,170873,psxdata,2026-05-11T12:56:41
ASTL,2025-07-16,22.53,22.98,22.4,22.6,254155,psxdata,2026-05-11T12:56:41
ASTL,2025-07-17,22.78,22.85,22.4,22.73,234942,psxdata,2026-05-11T12:56:41
ASTL,2025-07-18,22.55,22.6,22.07,22.22,51620,psxdata,2026-05-11T12:56:41
ASTL,2025-07-21,22.39,22.44,21.5,21.71,267149,psxdata,2026-05-11T12:56:41
ASTL,2025-07-22,21.71,21.94,21.41,21.5,215218,psxdata,2026-05-11T12:56:41
ASTL,2025-07-23,21.82,21.82,21.35,21.46,295592,psxdata,2026-05-11T12:56:41
ASTL,2025-07-24,21.31,21.84,21.25,21.36,51583,psxdata,2026-05-11T12:56:41
ASTL,2025-07-25,21.74,22.94,21.51,22.54,482106,psxdata,2026-05-11T12:56:41
ASTL,2025-07-28,22.97,23.35,22.75,23.0,1503035,psxdata,2026-05-11T12:56:41
ASTL,2025-07-29,23.33,23.33,22.0,22.2,366155,psxdata,2026-05-11T12:56:41
ASTL,2025-07-30,22.01,22.65,21.7,22.29,424294,psxdata,2026-05-11T12:56:41
ASTL,2025-07-31,22.0,22.43,21.8,21.99,145376,psxdata,2026-05-11T12:56:41
ASTL,2025-08-01,21.95,22.28,21.51,22.13,94209,psxdata,2026-05-11T12:56:41
ASTL,2025-08-04,22.13,22.4,21.75,22.0,84563,psxdata,2026-05-11T12:56:41
ASTL,2025-08-05,22.3,22.3,21.8,21.89,202098,psxdata,2026-05-11T12:56:41
ASTL,2025-08-06,22.0,22.24,21.51,21.88,65851,psxdata,2026-05-11T12:56:41
ASTL,2025-08-07,22.1,22.25,21.75,21.79,182840,psxdata,2026-05-11T12:56:41
ASTL,2025-08-08,22.2,22.3,21.7,21.86,252213,psxdata,2026-05-11T12:56:41
ASTL,2025-08-11,21.55,22.0,21.51,21.77,45667,psxdata,2026-05-11T12:56:41
ASTL,2025-08-12,21.61,22.11,21.58,21.73,134539,psxdata,2026-05-11T12:56:41
ASTL,2025-08-13,21.61,22.3,21.61,21.83,454636,psxdata,2026-05-11T12:56:41
ASTL,2025-08-15,21.87,22.65,21.87,22.34,717241,psxdata,2026-05-11T12:56:41
ASTL,2025-08-18,22.35,22.37,22.02,22.21,139919,psxdata,2026-05-11T12:56:41
ASTL,2025-08-19,22.36,23.44,22.3,22.68,1492437,psxdata,2026-05-11T12:56:41
ASTL,2025-08-20,23.0,23.1,22.5,22.62,392437,psxdata,2026-05-11T12:56:41
ASTL,2025-08-21,22.55,22.95,22.05,22.24,225934,psxdata,2026-05-11T12:56:41
ASTL,2025-08-22,22.01,22.45,22.0,22.01,135366,psxdata,2026-05-11T12:56:41
ASTL,2025-08-25,22.25,22.25,21.85,21.93,75712,psxdata,2026-05-11T12:56:41
ASTL,2025-08-26,21.95,22.0,21.5,21.89,365366,psxdata,2026-05-11T12:56:41
ASTL,2025-08-27,21.99,22.34,21.8,21.87,272973,psxdata,2026-05-11T12:56:41
ASTL,2025-08-28,21.8,22.23,21.52,21.91,115240,psxdata,2026-05-11T12:56:41
ASTL,2025-08-29,21.8,22.29,21.62,22.1,195341,psxdata,2026-05-11T12:56:41
ASTL,2025-09-01,22.5,23.43,22.3,23.22,1155615,psxdata,2026-05-11T12:56:41
ASTL,2025-09-02,23.22,24.19,23.22,23.37,1949276,psxdata,2026-05-11T12:56:41
ASTL,2025-09-03,23.45,23.84,23.22,23.3,564956,psxdata,2026-05-11T12:56:41
ASTL,2025-09-04,23.49,23.49,22.75,23.1,371492,psxdata,2026-05-11T12:56:41
ASTL,2025-09-05,23.2,23.28,22.93,23.02,245237,psxdata,2026-05-11T12:56:41
ASTL,2025-09-08,23.04,24.05,22.95,23.69,1116654,psxdata,2026-05-11T12:56:41
ASTL,2025-09-09,23.79,24.03,23.2,23.23,357115,psxdata,2026-05-11T12:56:41
ASTL,2025-09-10,23.25,23.34,22.92,23.11,182142,psxdata,2026-05-11T12:56:41
ASTL,2025-09-11,23.3,25.42,23.2,25.42,3374562,psxdata,2026-05-11T12:56:41
ASTL,2025-09-12,27.0,27.96,26.0,27.96,5554277,psxdata,2026-05-11T12:56:41
ASTL,2025-09-15,28.26,28.8,26.48,28.24,5532424,psxdata,2026-05-11T12:56:41
ASTL,2025-09-16,28.49,28.55,27.3,27.56,1501351,psxdata,2026-05-11T12:56:41
ASTL,2025-09-17,27.98,27.98,26.85,26.96,646461,psxdata,2026-05-11T12:56:41
ASTL,2025-09-18,26.96,27.25,26.6,27.07,1011484,psxdata,2026-05-11T12:56:41
ASTL,2025-09-19,27.2,28.55,26.85,28.36,2506892,psxdata,2026-05-11T12:56:41
ASTL,2025-09-22,28.9,29.01,27.5,28.13,1860560,psxdata,2026-05-11T12:56:41
ASTL,2025-09-23,28.49,28.99,27.5,27.93,964588,psxdata,2026-05-11T12:56:41
ASTL,2025-09-24,27.25,30.0,26.56,28.73,4502804,psxdata,2026-05-11T12:56:41
ASTL,2025-09-25,30.0,30.27,25.86,25.86,29452328,psxdata,2026-05-11T12:56:41
ASTL,2025-09-26,25.0,26.0,24.71,25.07,10743434,psxdata,2026-05-11T12:56:41
ASTL,2025-09-29,25.2,25.55,24.75,25.03,3494492,psxdata,2026-05-11T12:56:41
ASTL,2025-09-30,25.1,25.53,24.7,24.84,3309028,psxdata,2026-05-11T12:56:41
ASTL,2025-10-01,24.84,25.3,24.15,24.31,1642123,psxdata,2026-05-11T12:56:41
ASTL,2025-10-02,24.3,25.5,23.7,24.88,4334826,psxdata,2026-05-11T12:56:41
ASTL,2025-10-03,25.0,25.55,24.91,25.22,2829507,psxdata,2026-05-11T12:56:41
ASTL,2025-10-06,25.5,26.2,24.2,24.49,5417068,psxdata,2026-05-11T12:56:41
ASTL,2025-10-07,24.83,24.83,24.05,24.22,803182,psxdata,2026-05-11T12:56:41
ASTL,2025-10-08,24.38,24.52,23.8,23.93,1091006,psxdata,2026-05-11T12:56:41
ASTL,2025-10-09,23.93,24.51,23.4,23.99,1912138,psxdata,2026-05-11T12:56:41
ASTL,2025-10-10,23.6,24.0,23.31,23.46,1271922,psxdata,2026-05-11T12:56:41
ASTL,2025-10-13,23.0,24.4,21.25,21.62,2313751,psxdata,2026-05-11T12:56:41
ASTL,2025-10-14,22.0,22.9,22.0,22.65,2160562,psxdata,2026-05-11T12:56:41
ASTL,2025-10-15,23.1,24.05,23.1,23.56,2846642,psxdata,2026-05-11T12:56:41
ASTL,2025-10-16,24.11,24.8,22.9,23.17,12167879,psxdata,2026-05-11T12:56:41
ASTL,2025-10-17,23.94,25.4,23.94,24.4,15924132,psxdata,2026-05-11T12:56:41
ASTL,2025-10-20,24.7,24.94,23.56,23.64,2538767,psxdata,2026-05-11T12:56:41
ASTL,2025-10-21,23.89,23.89,23.01,23.18,2529075,psxdata,2026-05-11T12:56:41
ASTL,2025-10-22,23.4,23.4,22.75,22.98,1341588,psxdata,2026-05-11T12:56:41
ASTL,2025-10-23,22.82,23.6,22.5,22.68,2710058,psxdata,2026-05-11T12:56:41
ASTL,2025-10-24,23.02,23.9,22.6,22.94,4324050,psxdata,2026-05-11T12:56:41
ASTL,2025-10-27,23.01,23.88,22.75,22.82,1203058,psxdata,2026-05-11T12:56:41
ASTL,2025-10-28,22.9,23.0,21.85,22.02,1480178,psxdata,2026-05-11T12:56:41
ASTL,2025-10-29,22.27,22.4,21.25,21.32,1579396,psxdata,2026-05-11T12:56:41
ASTL,2025-10-30,21.57,21.88,21.05,21.34,1033010,psxdata,2026-05-11T12:56:41
ASTL,2025-10-31,21.6,22.5,21.12,22.26,1850311,psxdata,2026-05-11T12:56:41
ASTL,2025-11-03,22.31,22.64,21.8,21.89,682698,psxdata,2026-05-11T12:56:41
ASTL,2025-11-04,22.4,22.4,21.37,21.46,421584,psxdata,2026-05-11T12:56:41
ASTL,2025-11-05,21.37,21.99,21.37,21.86,747940,psxdata,2026-05-11T12:56:41
ASTL,2025-11-06,22.24,22.89,21.5,22.44,1719311,psxdata,2026-05-11T12:56:41
ASTL,2025-11-07,22.4,23.0,22.05,22.91,1512207,psxdata,2026-05-11T12:56:41
ASTL,2025-11-10,22.95,23.1,22.51,22.96,940763,psxdata,2026-05-11T12:56:41
ASTL,2025-11-11,22.51,24.0,21.62,22.07,2689519,psxdata,2026-05-11T12:56:41
ASTL,2025-11-12,21.95,22.43,21.65,21.75,508450,psxdata,2026-05-11T12:56:41
ASTL,2025-11-13,22.2,22.3,21.9,22.11,546738,psxdata,2026-05-11T12:56:41
ASTL,2025-11-14,22.63,22.63,22.0,22.13,397616,psxdata,2026-05-11T12:56:41
ASTL,2025-11-17,22.39,23.09,22.06,22.91,1216999,psxdata,2026-05-11T12:56:41
ASTL,2025-11-18,22.98,23.97,22.61,23.23,2786749,psxdata,2026-05-11T12:56:41
ASTL,2025-11-19,23.8,23.85,22.75,22.98,1470178,psxdata,2026-05-11T12:56:41
ASTL,2025-11-20,23.01,23.07,22.5,22.86,430857,psxdata,2026-05-11T12:56:41
ASTL,2025-11-21,23.15,23.8,22.65,22.79,554367,psxdata,2026-05-11T12:56:41
ASTL,2025-11-24,23.2,23.2,22.8,23.02,369630,psxdata,2026-05-11T12:56:41
ASTL,2025-11-25,23.26,23.26,22.25,22.59,244469,psxdata,2026-05-11T12:56:41
ASTL,2025-11-26,22.79,24.2,22.21,23.26,1766440,psxdata,2026-05-11T12:56:41
ASTL,2025-11-27,23.01,23.4,22.81,23.07,467126,psxdata,2026-05-11T12:56:41
ASTL,2025-11-28,22.81,23.38,22.7,22.75,377244,psxdata,2026-05-11T12:56:41
ASTL,2025-12-01,23.0,23.0,22.39,22.56,1222067,psxdata,2026-05-11T12:56:41
ASTL,2025-12-02,22.56,22.89,22.3,22.55,487574,psxdata,2026-05-11T12:56:41
ASTL,2025-12-03,22.55,22.8,22.15,22.45,362959,psxdata,2026-05-11T12:56:41
ASTL,2025-12-04,22.24,23.35,22.2,22.8,1346602,psxdata,2026-05-11T12:56:41
ASTL,2025-12-05,23.0,23.0,22.4,22.46,134279,psxdata,2026-05-11T12:56:41
ASTL,2025-12-08,22.4,22.58,22.31,22.39,191462,psxdata,2026-05-11T12:56:41
ASTL,2025-12-09,22.85,23.6,22.3,23.43,3283252,psxdata,2026-05-11T12:56:41
ASTL,2025-12-10,23.5,24.17,23.35,24.01,3702116,psxdata,2026-05-11T12:56:41
ASTL,2025-12-11,24.0,24.0,22.9,23.07,1074564,psxdata,2026-05-11T12:56:41
ASTL,2025-12-12,23.02,23.29,22.92,23.03,315792,psxdata,2026-05-11T12:56:41
ASTL,2025-12-15,23.01,23.39,23.0,23.13,369325,psxdata,2026-05-11T12:56:41
ASTL,2025-12-16,23.36,24.2,23.3,24.02,2495518,psxdata,2026-05-11T12:56:41
ASTL,2025-12-17,23.6,24.4,23.6,24.03,755035,psxdata,2026-05-11T12:56:41
ASTL,2025-12-18,24.15,24.59,23.75,24.24,1147664,psxdata,2026-05-11T12:56:41
ASTL,2025-12-19,24.4,24.4,23.56,24.06,330767,psxdata,2026-05-11T12:56:41
ASTL,2025-12-22,24.03,24.25,23.51,23.99,638936,psxdata,2026-05-11T12:56:41
ASTL,2025-12-23,24.01,24.5,23.25,23.52,976415,psxdata,2026-05-11T12:56:41
ASTL,2025-12-24,23.36,23.95,23.36,23.46,106910,psxdata,2026-05-11T12:56:41
ASTL,2025-12-26,23.5,23.89,23.01,23.16,284194,psxdata,2026-05-11T12:56:41
ASTL,2025-12-29,23.75,23.9,23.16,23.38,426173,psxdata,2026-05-11T12:56:41
ASTL,2025-12-30,23.48,23.8,23.38,23.6,192562,psxdata,2026-05-11T12:56:41
ASTL,2025-12-31,23.88,23.88,23.25,23.37,126583,psxdata,2026-05-11T12:56:41
ASTL,2026-01-01,23.11,23.75,23.0,23.24,593805,psxdata,2026-05-11T12:56:41
ASTL,2026-01-02,23.45,23.45,23.0,23.16,265221,psxdata,2026-05-11T12:56:41
ASTL,2026-01-05,23.5,23.5,23.0,23.09,671994,psxdata,2026-05-11T12:56:41
ASTL,2026-01-06,23.41,23.41,23.0,23.21,316490,psxdata,2026-05-11T12:56:41
ASTL,2026-01-07,23.37,23.37,23.0,23.17,159750,psxdata,2026-05-11T12:56:41
ASTL,2026-01-08,23.1,23.6,23.0,23.34,749380,psxdata,2026-05-11T12:56:41
ASTL,2026-01-09,23.3,23.49,22.99,23.01,447171,psxdata,2026-05-11T12:56:41
ASTL,2026-01-12,23.2,23.3,22.8,22.88,219368,psxdata,2026-05-11T12:56:41
ASTL,2026-01-13,22.8,23.98,22.8,22.98,267955,psxdata,2026-05-11T12:56:41
ASTL,2026-01-14,22.98,23.0,22.47,22.59,479329,psxdata,2026-05-11T12:56:41
ASTL,2026-01-15,22.5,22.59,22.15,22.53,346109,psxdata,2026-05-11T12:56:41
ASTL,2026-01-16,22.7,23.0,22.61,22.89,713248,psxdata,2026-05-11T12:56:41
ASTL,2026-01-19,23.01,23.29,22.88,23.16,424018,psxdata,2026-05-11T12:56:41
ASTL,2026-01-20,23.12,23.13,22.75,22.81,234362,psxdata,2026-05-11T12:56:41
ASTL,2026-01-21,23.1,24.18,20.53,20.64,30022294,psxdata,2026-05-11T12:56:41
ASTL,2026-01-22,20.5,22.7,20.45,22.7,18759950,psxdata,2026-05-11T12:56:41
ASTL,2026-01-23,23.45,23.5,21.88,22.06,4596052,psxdata,2026-05-11T12:56:41
ASTL,2026-01-26,22.45,22.87,21.9,22.03,2016461,psxdata,2026-05-11T12:56:41
ASTL,2026-01-27,21.99,22.4,21.56,21.67,2797930,psxdata,2026-05-11T12:56:41
ASTL,2026-01-28,21.94,23.84,21.56,23.03,17542917,psxdata,2026-05-11T12:56:41
ASTL,2026-01-29,23.22,23.23,21.9,22.05,3980967,psxdata,2026-05-11T12:56:41
ASTL,2026-01-30,22.2,23.19,22.2,22.49,4505237,psxdata,2026-05-11T12:56:41
ASTL,2026-02-02,23.0,23.0,22.2,22.43,809339,psxdata,2026-05-11T12:56:41
ASTL,2026-02-03,22.72,22.72,22.2,22.48,2023100,psxdata,2026-05-11T12:56:41
ASTL,2026-02-04,22.69,22.8,22.0,22.27,1481731,psxdata,2026-05-11T12:56:41
ASTL,2026-02-06,22.31,22.5,21.85,22.03,823059,psxdata,2026-05-11T12:56:41
ASTL,2026-02-09,22.48,22.6,21.39,21.58,2650394,psxdata,2026-05-11T12:56:41
ASTL,2026-02-10,21.61,23.4,21.61,22.48,9433054,psxdata,2026-05-11T12:56:41
ASTL,2026-02-11,22.45,22.49,21.6,21.8,3218227,psxdata,2026-05-11T12:56:41
ASTL,2026-02-12,21.8,21.87,21.15,21.35,2035210,psxdata,2026-05-11T12:56:41
ASTL,2026-02-13,21.3,22.15,21.3,22.03,2910045,psxdata,2026-05-11T12:56:41
ASTL,2026-02-16,22.2,22.3,21.0,21.26,2580269,psxdata,2026-05-11T12:56:41
ASTL,2026-02-17,21.49,21.55,20.85,20.99,1094291,psxdata,2026-05-11T12:56:41
ASTL,2026-02-18,21.12,21.5,20.8,21.11,1251953,psxdata,2026-05-11T12:56:41
ASTL,2026-02-19,21.47,21.47,19.8,20.09,1088588,psxdata,2026-05-11T12:56:41
ASTL,2026-02-20,20.25,20.25,19.03,19.8,906489,psxdata,2026-05-11T12:56:41
ASTL,2026-02-23,20.0,20.0,18.25,18.83,1332341,psxdata,2026-05-11T12:56:41
ASTL,2026-02-24,18.8,18.8,18.2,18.34,1026608,psxdata,2026-05-11T12:56:41
ASTL,2026-02-25,18.3,18.55,18.0,18.01,608653,psxdata,2026-05-11T12:56:41
ASTL,2026-02-26,18.01,18.7,17.4,18.49,943918,psxdata,2026-05-11T12:56:41
ASTL,2026-02-27,18.45,20.2,18.2,19.22,1735273,psxdata,2026-05-11T12:56:41
ASTL,2026-03-02,17.3,17.9,17.3,17.3,1212573,psxdata,2026-05-11T12:56:41
ASTL,2026-03-03,16.63,17.5,15.57,16.15,3970471,psxdata,2026-05-11T12:56:41
ASTL,2026-03-04,15.55,16.25,15.3,15.62,5051686,psxdata,2026-05-11T12:56:41
ASTL,2026-03-05,15.95,16.5,15.65,16.01,3601588,psxdata,2026-05-11T12:56:41
ASTL,2026-03-06,15.82,15.94,15.05,15.38,1525222,psxdata,2026-05-11T12:56:41
ASTL,2026-03-09,14.0,15.0,13.84,14.57,5811933,psxdata,2026-05-11T12:56:41
ASTL,2026-03-10,15.2,15.8,15.2,15.44,1802981,psxdata,2026-05-11T12:56:41
ASTL,2026-03-11,15.59,15.75,15.3,15.51,714876,psxdata,2026-05-11T12:56:41
ASTL,2026-03-12,15.24,15.55,15.0,15.2,405816,psxdata,2026-05-11T12:56:41
ASTL,2026-03-13,15.04,15.67,15.04,15.56,506753,psxdata,2026-05-11T12:56:41
ASTL,2026-03-16,15.25,15.5,15.1,15.35,490251,psxdata,2026-05-11T12:56:41
ASTL,2026-03-17,15.35,15.35,14.35,14.5,1137328,psxdata,2026-05-11T12:56:41
ASTL,2026-03-18,14.5,14.8,14.25,14.43,2715908,psxdata,2026-05-11T12:56:41
ASTL,2026-03-19,14.43,14.43,14.0,14.19,1049093,psxdata,2026-05-11T12:56:41
ASTL,2026-03-24,14.39,14.85,14.1,14.24,455239,psxdata,2026-05-11T12:56:41
ASTL,2026-03-25,14.36,15.3,14.34,15.01,1865808,psxdata,2026-05-11T12:56:41
ASTL,2026-03-26,15.0,15.1,14.4,14.47,1047636,psxdata,2026-05-11T12:56:41
ASTL,2026-03-27,14.46,14.69,14.1,14.5,218638,psxdata,2026-05-11T12:56:41
ASTL,2026-03-30,14.6,14.6,14.03,14.13,232548,psxdata,2026-05-11T12:56:41
ASTL,2026-03-31,14.43,14.58,14.04,14.33,202067,psxdata,2026-05-11T12:56:41
ASTL,2026-04-01,14.75,15.1,14.56,14.87,532543,psxdata,2026-05-11T12:56:41
ASTL,2026-04-02,14.56,14.69,14.46,14.64,346466,psxdata,2026-05-11T12:56:41
ASTL,2026-04-03,14.49,14.62,14.08,14.37,565127,psxdata,2026-05-11T12:56:41
ASTL,2026-04-06,14.37,14.65,14.16,14.42,159052,psxdata,2026-05-11T12:56:41
ASTL,2026-04-07,14.31,14.55,14.2,14.3,484501,psxdata,2026-05-11T12:56:41
ASTL,2026-04-08,15.49,15.73,15.06,15.73,2869133,psxdata,2026-05-11T12:56:41
ASTL,2026-04-09,15.99,15.99,15.11,15.59,1615407,psxdata,2026-05-11T12:56:41
ASTL,2026-04-10,15.88,16.25,15.66,16.11,1845033,psxdata,2026-05-11T12:56:41
ASTL,2026-04-13,15.5,15.88,15.01,15.08,1009801,psxdata,2026-05-11T12:56:41
ASTL,2026-04-14,15.65,15.75,15.4,15.48,716699,psxdata,2026-05-11T12:56:41
ASTL,2026-04-15,15.99,16.7,15.98,16.27,3996525,psxdata,2026-05-11T12:56:41
ASTL,2026-04-16,16.3,16.9,16.25,16.65,3062882,psxdata,2026-05-11T12:56:41
ASTL,2026-04-17,16.76,17.2,16.71,16.95,2897701,psxdata,2026-05-11T12:56:41
ASTL,2026-04-20,16.76,17.0,15.94,16.38,1126110,psxdata,2026-05-11T12:56:41
ASTL,2026-04-21,16.4,16.75,16.16,16.38,728118,psxdata,2026-05-11T12:56:41
ASTL,2026-04-22,16.5,16.6,16.21,16.39,942585,psxdata,2026-05-11T12:56:41
ASTL,2026-04-23,16.39,16.7,15.75,15.83,1737579,psxdata,2026-05-11T12:56:41
ASTL,2026-04-24,15.99,16.08,15.6,16.0,1100886,psxdata,2026-05-11T12:56:41
ASTL,2026-04-27,16.14,16.45,15.61,16.22,3913356,psxdata,2026-05-11T12:56:41
ASTL,2026-04-28,15.99,16.3,15.7,15.9,936040,psxdata,2026-05-11T12:56:41
ASTL,2026-04-29,16.45,16.8,15.7,15.83,2644115,psxdata,2026-05-11T12:56:41
ASTL,2026-04-30,15.76,15.8,14.76,15.5,2789618,psxdata,2026-05-11T12:56:41
ASTL,2026-05-04,15.71,16.15,15.46,15.63,476950,psxdata,2026-05-11T12:56:41
ASTL,2026-05-05,15.65,15.9,15.4,15.67,313997,psxdata,2026-05-11T12:56:41
ASTL,2026-05-06,15.98,16.3,15.75,16.18,2458994,psxdata,2026-05-11T12:56:41
ASTL,2026-05-07,16.18,16.98,16.18,16.5,2093199,psxdata,2026-05-11T12:56:41
ASTL,2026-05-08,16.54,16.97,16.21,16.51,1055993,psxdata,2026-05-11T12:56:41
