symbol,date,open,high,low,close,volume,source,collected_at
DFML,2016-05-11,16.5,16.65,16.12,16.21,9793500,psxdata,2026-05-11T12:55:27
DFML,2016-05-12,16.25,17.2,16.25,16.89,14462000,psxdata,2026-05-11T12:55:27
DFML,2016-05-13,17.05,17.29,16.4,16.51,9940500,psxdata,2026-05-11T12:55:27
DFML,2016-05-16,16.55,16.95,16.12,16.26,5057000,psxdata,2026-05-11T12:55:27
DFML,2016-05-17,16.4,16.98,15.8,16.72,10414000,psxdata,2026-05-11T12:55:27
DFML,2016-05-18,17.04,17.72,17.04,17.72,9966000,psxdata,2026-05-11T12:55:27
DFML,2016-05-19,18.39,18.59,17.9,18.15,15191000,psxdata,2026-05-11T12:55:27
DFML,2016-05-20,18.15,18.4,17.48,17.69,11344000,psxdata,2026-05-11T12:55:27
DFML,2016-05-23,17.69,17.98,17.25,17.38,6241500,psxdata,2026-05-11T12:55:27
DFML,2016-05-24,17.45,17.88,17.21,17.32,6212500,psxdata,2026-05-11T12:55:27
DFML,2016-05-25,17.5,17.83,17.31,17.38,4585500,psxdata,2026-05-11T12:55:27
DFML,2016-05-26,17.5,17.55,16.38,16.68,4323500,psxdata,2026-05-11T12:55:27
DFML,2016-05-27,16.65,16.89,15.7,15.9,4260000,psxdata,2026-05-11T12:55:27
DFML,2016-05-30,15.9,16.1,14.9,15.01,3263500,psxdata,2026-05-11T12:55:27
DFML,2016-05-31,14.8,16.01,14.76,15.95,11605500,psxdata,2026-05-11T12:55:27
DFML,2016-06-01,16.3,16.95,16.16,16.95,9670000,psxdata,2026-05-11T12:55:27
DFML,2016-06-02,17.34,17.6,16.75,17.04,8880500,psxdata,2026-05-11T12:55:27
DFML,2016-06-03,17.24,17.43,16.32,16.47,7499000,psxdata,2026-05-11T12:55:27
DFML,2016-06-06,16.55,17.28,16.26,16.84,4834500,psxdata,2026-05-11T12:55:27
DFML,2016-06-07,17.15,17.74,17.0,17.63,10250500,psxdata,2026-05-11T12:55:27
DFML,2016-06-08,17.67,18.3,17.4,17.54,10489000,psxdata,2026-05-11T12:55:27
DFML,2016-06-09,17.69,17.89,17.03,17.09,4695000,psxdata,2026-05-11T12:55:27
DFML,2016-06-10,17.11,17.3,16.5,16.63,4065500,psxdata,2026-05-11T12:55:27
DFML,2016-06-13,16.5,16.75,16.03,16.39,3210500,psxdata,2026-05-11T12:55:27
DFML,2016-06-14,16.48,17.11,16.48,16.63,3964500,psxdata,2026-05-11T12:55:27
DFML,2016-06-15,16.95,17.15,16.6,16.87,3207500,psxdata,2026-05-11T12:55:27
DFML,2016-06-16,16.92,17.15,16.38,16.5,2351000,psxdata,2026-05-11T12:55:27
DFML,2016-06-17,16.5,16.75,15.95,16.05,4041500,psxdata,2026-05-11T12:55:27
DFML,2016-06-20,16.1,16.3,15.81,16.14,2818500,psxdata,2026-05-11T12:55:27
DFML,2016-06-21,16.39,16.7,15.14,15.16,10544500,psxdata,2026-05-11T12:55:27
DFML,2016-06-22,14.16,15.1,14.16,14.63,7626500,psxdata,2026-05-11T12:55:27
DFML,2016-06-23,14.57,15.63,14.57,15.63,5130500,psxdata,2026-05-11T12:55:27
DFML,2016-06-24,15.75,15.86,14.96,15.4,6658000,psxdata,2026-05-11T12:55:27
DFML,2016-06-27,15.4,15.7,15.03,15.21,1066000,psxdata,2026-05-11T12:55:27
DFML,2016-06-28,15.21,15.44,14.21,14.7,7335000,psxdata,2026-05-11T12:55:27
DFML,2016-06-29,14.75,15.1,14.36,14.55,2752500,psxdata,2026-05-11T12:55:27
DFML,2016-06-30,14.51,14.6,14.13,14.16,1865500,psxdata,2026-05-11T12:55:27
DFML,2016-07-04,14.25,14.44,13.55,14.27,2326500,psxdata,2026-05-11T12:55:27
DFML,2016-07-11,14.25,15.27,14.2,15.17,3892000,psxdata,2026-05-11T12:55:27
DFML,2016-07-12,15.36,15.55,14.98,15.05,3914500,psxdata,2026-05-11T12:55:27
DFML,2016-07-13,15.05,15.24,14.84,14.95,1596000,psxdata,2026-05-11T12:55:27
DFML,2016-07-14,15.06,15.95,15.06,15.95,8939000,psxdata,2026-05-11T12:55:27
DFML,2016-07-15,16.33,16.95,16.12,16.87,12391500,psxdata,2026-05-11T12:55:27
DFML,2016-07-18,17.25,17.5,16.17,16.57,12106000,psxdata,2026-05-11T12:55:27
DFML,2016-07-19,16.61,16.85,16.4,16.49,4351000,psxdata,2026-05-11T12:55:27
DFML,2016-07-20,16.55,17.49,16.51,17.49,10603500,psxdata,2026-05-11T12:55:27
DFML,2016-07-21,18.0,18.49,17.82,18.48,15107000,psxdata,2026-05-11T12:55:27
DFML,2016-07-22,18.4,18.85,17.9,18.07,6411000,psxdata,2026-05-11T12:55:27
DFML,2016-07-25,18.49,18.49,17.53,17.62,3357000,psxdata,2026-05-11T12:55:27
DFML,2016-07-26,17.7,18.4,17.4,18.07,5183000,psxdata,2026-05-11T12:55:27
DFML,2016-07-27,18.29,19.07,18.15,19.04,17868500,psxdata,2026-05-11T12:55:27
DFML,2016-07-28,19.19,19.7,18.9,19.41,12365500,psxdata,2026-05-11T12:55:27
DFML,2016-07-29,19.36,19.36,18.83,18.96,2096500,psxdata,2026-05-11T12:55:27
DFML,2016-08-01,19.19,19.4,18.8,18.95,4692500,psxdata,2026-05-11T12:55:27
DFML,2016-08-02,19.0,19.2,18.71,18.84,4548000,psxdata,2026-05-11T12:55:27
DFML,2016-08-03,18.97,19.79,18.87,19.42,9859500,psxdata,2026-05-11T12:55:27
DFML,2016-08-04,19.55,20.27,19.0,19.33,12510500,psxdata,2026-05-11T12:55:27
DFML,2016-08-05,19.25,19.49,18.61,18.76,4039500,psxdata,2026-05-11T12:55:27
DFML,2016-08-08,18.9,19.29,18.22,18.5,4318000,psxdata,2026-05-11T12:55:27
DFML,2016-08-09,18.6,18.96,18.36,18.48,2557000,psxdata,2026-05-11T12:55:27
DFML,2016-08-10,18.48,19.34,18.05,19.21,7488000,psxdata,2026-05-11T12:55:27
DFML,2016-08-11,20.21,20.21,20.0,20.21,5180000,psxdata,2026-05-11T12:55:27
DFML,2016-08-12,20.9,21.22,20.66,21.19,15295000,psxdata,2026-05-11T12:55:27
DFML,2016-08-15,21.49,22.24,20.9,21.67,15253000,psxdata,2026-05-11T12:55:27
DFML,2016-08-16,21.4,22.14,20.8,21.19,11943000,psxdata,2026-05-11T12:55:27
DFML,2016-08-17,21.39,21.79,21.0,21.19,4039000,psxdata,2026-05-11T12:55:27
DFML,2016-08-18,21.5,21.5,20.41,20.51,4350500,psxdata,2026-05-11T12:55:27
DFML,2016-08-19,20.5,20.84,19.95,20.52,4593000,psxdata,2026-05-11T12:55:27
DFML,2016-08-22,20.5,21.54,20.41,21.47,7429500,psxdata,2026-05-11T12:55:27
DFML,2016-08-23,21.8,22.1,21.3,21.48,5825500,psxdata,2026-05-11T12:55:27
DFML,2016-08-24,21.61,22.55,21.27,22.31,11429500,psxdata,2026-05-11T12:55:27
DFML,2016-08-25,22.68,23.42,22.6,23.42,10456500,psxdata,2026-05-11T12:55:27
DFML,2016-08-26,24.0,24.59,23.74,24.52,16611000,psxdata,2026-05-11T12:55:27
DFML,2016-08-29,25.23,25.74,25.0,25.74,3515500,psxdata,2026-05-11T12:55:27
DFML,2016-08-30,27.02,27.02,26.1,26.78,15640500,psxdata,2026-05-11T12:55:27
DFML,2016-08-31,26.65,28.11,26.41,28.11,13439000,psxdata,2026-05-11T12:55:27
DFML,2016-09-01,28.88,29.51,28.71,29.51,5290500,psxdata,2026-05-11T12:55:27
DFML,2016-09-02,30.72,30.98,30.36,30.98,7878500,psxdata,2026-05-11T12:55:27
DFML,2016-09-05,32.25,32.52,31.52,32.52,12371000,psxdata,2026-05-11T12:55:27
DFML,2016-09-06,34.13,34.14,33.8,34.14,2863000,psxdata,2026-05-11T12:55:27
DFML,2016-09-07,35.84,35.84,35.84,35.84,86500,psxdata,2026-05-11T12:55:27
DFML,2016-09-08,37.63,37.63,37.63,37.63,93000,psxdata,2026-05-11T12:55:27
DFML,2016-09-09,39.51,39.51,37.95,39.51,9217500,psxdata,2026-05-11T12:55:27
DFML,2016-09-15,40.48,41.48,40.25,41.48,1151000,psxdata,2026-05-11T12:55:27
DFML,2016-09-16,43.55,43.55,43.55,43.55,69500,psxdata,2026-05-11T12:55:27
DFML,2016-09-19,45.72,45.72,45.72,45.72,71000,psxdata,2026-05-11T12:55:27
DFML,2016-09-20,48.0,48.0,43.44,47.67,16429000,psxdata,2026-05-11T12:55:27
DFML,2016-09-21,47.74,47.74,45.29,45.29,12744500,psxdata,2026-05-11T12:55:27
DFML,2016-09-22,44.0,47.0,43.03,43.07,21207000,psxdata,2026-05-11T12:55:27
DFML,2016-09-23,41.5,42.3,40.92,40.92,4289500,psxdata,2026-05-11T12:55:27
DFML,2016-09-26,38.88,38.88,38.88,38.88,292000,psxdata,2026-05-11T12:55:27
DFML,2016-09-27,36.94,36.94,36.94,36.94,643500,psxdata,2026-05-11T12:55:27
DFML,2016-09-28,35.1,35.1,35.1,35.1,318500,psxdata,2026-05-11T12:55:27
DFML,2016-09-29,33.35,36.85,33.35,36.85,14339000,psxdata,2026-05-11T12:55:27
DFML,2016-09-30,38.69,38.69,37.21,38.69,5404000,psxdata,2026-05-11T12:55:27
DFML,2016-10-03,40.49,40.62,39.76,40.62,1349500,psxdata,2026-05-11T12:55:27
DFML,2016-10-04,42.65,42.65,38.59,40.65,14466500,psxdata,2026-05-11T12:55:27
DFML,2016-10-05,40.8,41.7,39.0,40.44,9506000,psxdata,2026-05-11T12:55:27
DFML,2016-10-06,40.4,40.94,39.05,39.37,6338000,psxdata,2026-05-11T12:55:27
DFML,2016-10-07,39.01,40.15,37.42,37.81,4965500,psxdata,2026-05-11T12:55:27
DFML,2016-10-10,38.2,39.1,37.2,38.36,5014000,psxdata,2026-05-11T12:55:27
DFML,2016-10-13,39.85,40.27,39.12,40.27,3204000,psxdata,2026-05-11T12:55:27
DFML,2016-10-14,41.0,41.25,39.3,39.61,7038000,psxdata,2026-05-11T12:55:27
DFML,2016-10-17,39.9,41.59,39.9,41.4,8009500,psxdata,2026-05-11T12:55:27
DFML,2016-10-18,40.98,41.29,39.9,40.29,6775000,psxdata,2026-05-11T12:55:27
DFML,2016-10-19,41.0,41.0,39.51,39.87,4003500,psxdata,2026-05-11T12:55:27
DFML,2016-10-20,40.06,40.65,39.41,39.64,4028000,psxdata,2026-05-11T12:55:27
DFML,2016-10-21,39.4,41.62,39.3,40.33,9792500,psxdata,2026-05-11T12:55:27
DFML,2016-10-24,40.49,41.94,39.99,40.72,11261000,psxdata,2026-05-11T12:55:27
DFML,2016-10-25,40.74,40.75,38.91,39.19,6435000,psxdata,2026-05-11T12:55:27
DFML,2016-10-26,39.5,40.4,37.24,37.95,5301000,psxdata,2026-05-11T12:55:27
DFML,2016-10-27,36.31,37.15,36.06,36.06,6993500,psxdata,2026-05-11T12:55:27
DFML,2016-10-28,34.26,35.98,34.26,34.59,8144500,psxdata,2026-05-11T12:55:27
DFML,2016-10-31,34.1,36.31,33.3,34.98,6883000,psxdata,2026-05-11T12:55:27
DFML,2016-11-01,35.99,36.72,35.35,36.72,5575500,psxdata,2026-05-11T12:55:27
DFML,2016-11-02,37.0,38.55,37.0,38.55,6546000,psxdata,2026-05-11T12:55:27
DFML,2016-11-03,39.25,39.33,36.63,36.8,7879500,psxdata,2026-05-11T12:55:27
DFML,2016-11-04,36.51,37.6,36.31,36.93,4979000,psxdata,2026-05-11T12:55:27
DFML,2016-11-07,37.22,38.77,37.2,38.77,8038000,psxdata,2026-05-11T12:55:27
DFML,2016-11-08,39.77,40.59,38.53,39.46,7531500,psxdata,2026-05-11T12:55:27
DFML,2016-11-09,38.7,41.43,37.8,41.43,13834500,psxdata,2026-05-11T12:55:27
DFML,2016-11-10,42.5,43.42,42.16,42.9,9209000,psxdata,2026-05-11T12:55:27
DFML,2016-11-11,42.49,43.4,41.25,41.66,6004500,psxdata,2026-05-11T12:55:27
DFML,2016-11-14,42.19,42.55,40.06,40.33,3431000,psxdata,2026-05-11T12:55:27
DFML,2016-11-15,40.35,42.34,39.76,41.23,6933500,psxdata,2026-05-11T12:55:27
DFML,2016-11-16,41.5,41.77,40.6,40.95,4295500,psxdata,2026-05-11T12:55:27
DFML,2016-11-17,41.25,42.89,40.7,41.98,8359000,psxdata,2026-05-11T12:55:27
DFML,2016-11-18,42.3,42.4,41.2,41.45,4767500,psxdata,2026-05-11T12:55:27
DFML,2016-11-21,41.4,41.79,40.95,41.15,2266500,psxdata,2026-05-11T12:55:27
DFML,2016-11-22,41.15,42.49,41.1,41.6,7198000,psxdata,2026-05-11T12:55:27
DFML,2016-11-23,41.8,42.45,41.52,41.68,2982000,psxdata,2026-05-11T12:55:27
DFML,2016-11-24,41.68,42.1,40.4,40.87,2724000,psxdata,2026-05-11T12:55:27
DFML,2016-11-25,41.1,41.85,40.06,40.23,2687000,psxdata,2026-05-11T12:55:27
DFML,2016-11-28,40.69,40.69,39.3,39.52,1732000,psxdata,2026-05-11T12:55:27
DFML,2016-11-29,39.51,41.39,39.51,39.93,2763500,psxdata,2026-05-11T12:55:27
DFML,2016-11-30,40.28,40.8,39.2,39.53,3112500,psxdata,2026-05-11T12:55:27
DFML,2016-12-01,39.8,40.1,37.56,37.56,2396500,psxdata,2026-05-11T12:55:27
DFML,2016-12-02,37.04,38.48,36.5,37.83,3149000,psxdata,2026-05-11T12:55:27
DFML,2016-12-05,38.15,39.57,37.86,38.51,2685000,psxdata,2026-05-11T12:55:27
DFML,2016-12-06,38.89,39.35,38.0,38.24,1476500,psxdata,2026-05-11T12:55:27
DFML,2016-12-07,38.58,38.58,36.7,37.34,1967500,psxdata,2026-05-11T12:55:27
DFML,2016-12-08,37.11,39.2,36.11,39.2,7984000,psxdata,2026-05-11T12:55:27
DFML,2016-12-09,40.4,40.4,38.25,38.53,6391500,psxdata,2026-05-11T12:55:27
DFML,2016-12-13,38.74,38.77,37.5,37.86,3439500,psxdata,2026-05-11T12:55:27
DFML,2016-12-14,37.79,38.1,37.0,37.55,1206000,psxdata,2026-05-11T12:55:27
DFML,2016-12-15,37.8,38.9,37.61,37.72,3036000,psxdata,2026-05-11T12:55:27
DFML,2016-12-16,38.0,38.3,37.5,37.63,1984500,psxdata,2026-05-11T12:55:27
DFML,2016-12-19,37.8,38.78,37.55,38.34,2423000,psxdata,2026-05-11T12:55:27
DFML,2016-12-20,38.4,38.89,37.6,37.86,1434000,psxdata,2026-05-11T12:55:27
DFML,2016-12-21,38.0,38.1,36.2,36.6,1251000,psxdata,2026-05-11T12:55:27
DFML,2016-12-22,36.94,37.95,35.5,36.13,1541000,psxdata,2026-05-11T12:55:27
DFML,2016-12-23,36.1,37.27,35.99,36.34,1558500,psxdata,2026-05-11T12:55:27
DFML,2016-12-26,36.69,37.05,36.2,36.39,625500,psxdata,2026-05-11T12:55:27
DFML,2016-12-27,36.89,37.64,36.5,37.29,2794000,psxdata,2026-05-11T12:55:27
DFML,2016-12-28,37.45,37.9,36.65,37.08,1738000,psxdata,2026-05-11T12:55:27
DFML,2016-12-29,37.24,37.8,36.85,37.13,1632500,psxdata,2026-05-11T12:55:27
DFML,2016-12-30,37.45,38.98,37.1,38.96,6098500,psxdata,2026-05-11T12:55:27
DFML,2017-01-02,39.4,40.9,39.31,40.9,5801500,psxdata,2026-05-11T12:55:27
DFML,2017-01-03,41.0,42.94,41.0,42.94,7207500,psxdata,2026-05-11T12:55:27
DFML,2017-01-04,43.49,43.9,40.9,41.25,6489000,psxdata,2026-05-11T12:55:27
DFML,2017-01-05,41.31,42.31,40.8,40.99,2923000,psxdata,2026-05-11T12:55:27
DFML,2017-01-06,41.25,41.64,39.65,39.96,1856500,psxdata,2026-05-11T12:55:27
DFML,2017-01-09,40.15,41.0,39.6,39.73,2672000,psxdata,2026-05-11T12:55:27
DFML,2017-01-10,39.99,40.89,39.55,39.72,2456500,psxdata,2026-05-11T12:55:27
DFML,2017-01-11,39.75,40.69,39.66,39.81,1926500,psxdata,2026-05-11T12:55:27
DFML,2017-01-12,40.18,40.81,39.7,40.07,3147000,psxdata,2026-05-11T12:55:27
DFML,2017-01-13,40.35,42.07,40.3,41.21,8174500,psxdata,2026-05-11T12:55:27
DFML,2017-01-16,41.2,41.39,39.4,39.65,2201000,psxdata,2026-05-11T12:55:27
DFML,2017-01-17,39.5,39.7,38.0,38.26,2197000,psxdata,2026-05-11T12:55:27
DFML,2017-01-18,38.65,38.98,37.6,37.77,2088000,psxdata,2026-05-11T12:55:27
DFML,2017-01-19,37.9,39.19,37.6,38.65,2688500,psxdata,2026-05-11T12:55:27
DFML,2017-01-20,38.59,40.58,38.59,40.58,6603000,psxdata,2026-05-11T12:55:27
DFML,2017-01-23,41.5,41.7,40.15,40.39,3678500,psxdata,2026-05-11T12:55:27
DFML,2017-01-24,41.2,41.23,39.57,39.91,2861500,psxdata,2026-05-11T12:55:27
DFML,2017-01-25,40.0,40.4,38.91,39.16,1812000,psxdata,2026-05-11T12:55:27
DFML,2017-01-26,39.19,40.9,38.92,40.46,3446500,psxdata,2026-05-11T12:55:27
DFML,2017-01-27,40.22,41.4,39.05,39.24,2908000,psxdata,2026-05-11T12:55:27
DFML,2017-01-30,39.2,39.74,37.28,37.31,1958000,psxdata,2026-05-11T12:55:27
DFML,2017-01-31,37.02,38.15,36.8,37.09,1478500,psxdata,2026-05-11T12:55:27
DFML,2017-02-01,37.99,38.5,37.7,38.26,1258000,psxdata,2026-05-11T12:55:27
DFML,2017-02-02,38.41,39.24,38.01,38.2,1993000,psxdata,2026-05-11T12:55:27
DFML,2017-02-03,38.2,39.9,37.55,39.01,3783000,psxdata,2026-05-11T12:55:27
DFML,2017-02-06,39.29,39.42,37.06,37.07,5157500,psxdata,2026-05-11T12:55:27
DFML,2017-02-07,37.24,38.0,36.35,36.88,4665500,psxdata,2026-05-11T12:55:27
DFML,2017-02-08,37.75,38.45,37.45,37.81,3712000,psxdata,2026-05-11T12:55:27
DFML,2017-02-09,38.48,39.14,37.85,38.35,4364500,psxdata,2026-05-11T12:55:27
DFML,2017-02-10,38.54,39.49,37.82,38.21,4101000,psxdata,2026-05-11T12:55:27
DFML,2017-02-13,38.5,38.64,36.8,37.13,1463500,psxdata,2026-05-11T12:55:27
DFML,2017-02-14,37.01,37.5,36.1,36.92,1740500,psxdata,2026-05-11T12:55:27
DFML,2017-02-15,37.01,37.6,36.2,36.4,1521500,psxdata,2026-05-11T12:55:27
DFML,2017-02-16,36.87,37.05,35.8,36.03,1814500,psxdata,2026-05-11T12:55:27
DFML,2017-02-17,36.07,36.44,35.51,35.8,1069000,psxdata,2026-05-11T12:55:27
DFML,2017-02-20,36.15,36.43,34.05,34.28,1360500,psxdata,2026-05-11T12:55:27
DFML,2017-02-21,34.48,34.8,33.5,33.74,1555500,psxdata,2026-05-11T12:55:27
DFML,2017-02-22,33.74,34.4,32.06,32.13,1689500,psxdata,2026-05-11T12:55:27
DFML,2017-02-23,31.51,31.99,30.7,31.0,1587000,psxdata,2026-05-11T12:55:27
DFML,2017-02-24,30.8,32.54,30.7,30.84,2090000,psxdata,2026-05-11T12:55:27
DFML,2017-02-27,32.38,32.38,31.5,32.37,3551500,psxdata,2026-05-11T12:55:27
DFML,2017-02-28,32.39,33.24,30.76,30.91,1883500,psxdata,2026-05-11T12:55:27
DFML,2017-03-01,30.4,32.11,29.8,31.58,2289500,psxdata,2026-05-11T12:55:27
DFML,2017-03-02,31.9,32.8,31.9,32.4,1807500,psxdata,2026-05-11T12:55:27
DFML,2017-03-03,32.5,32.83,31.35,31.55,627500,psxdata,2026-05-11T12:55:27
DFML,2017-03-06,31.89,32.2,30.8,31.0,474500,psxdata,2026-05-11T12:55:27
DFML,2017-03-07,30.9,30.9,30.0,30.25,1112500,psxdata,2026-05-11T12:55:27
DFML,2017-03-08,30.68,31.76,30.4,31.62,1715000,psxdata,2026-05-11T12:55:27
DFML,2017-03-09,31.79,31.8,30.5,30.85,1149000,psxdata,2026-05-11T12:55:27
DFML,2017-03-10,30.51,31.0,29.9,30.45,888500,psxdata,2026-05-11T12:55:27
DFML,2017-03-13,30.21,30.8,29.42,29.72,669500,psxdata,2026-05-11T12:55:27
DFML,2017-03-14,29.8,29.9,28.51,29.01,1228000,psxdata,2026-05-11T12:55:27
DFML,2017-03-15,28.26,29.15,27.78,27.91,1142500,psxdata,2026-05-11T12:55:27
DFML,2017-03-16,27.62,27.8,26.52,26.57,2130000,psxdata,2026-05-11T12:55:27
DFML,2017-03-17,26.6,27.24,25.79,25.94,1073500,psxdata,2026-05-11T12:55:27
DFML,2017-03-20,26.05,26.66,25.91,26.06,694500,psxdata,2026-05-11T12:55:27
DFML,2017-03-21,26.3,27.25,26.15,26.98,1657500,psxdata,2026-05-11T12:55:27
DFML,2017-03-22,27.06,27.35,26.37,26.48,1306500,psxdata,2026-05-11T12:55:27
DFML,2017-03-24,26.55,27.8,26.5,27.8,3417000,psxdata,2026-05-11T12:55:27
DFML,2017-03-27,28.5,29.19,28.2,29.19,2163000,psxdata,2026-05-11T12:55:27
DFML,2017-03-28,30.64,30.64,30.4,30.64,1737000,psxdata,2026-05-11T12:55:27
DFML,2017-03-29,32.17,32.17,30.05,31.56,2983500,psxdata,2026-05-11T12:55:27
DFML,2017-03-30,30.7,30.96,29.99,29.99,1857000,psxdata,2026-05-11T12:55:27
DFML,2017-03-31,28.75,30.45,28.5,29.68,2840500,psxdata,2026-05-11T12:55:27
DFML,2017-04-03,29.15,29.5,28.2,28.21,1546000,psxdata,2026-05-11T12:55:27
DFML,2017-04-04,27.98,29.15,27.61,28.2,1079500,psxdata,2026-05-11T12:55:27
DFML,2017-04-05,28.31,28.58,27.01,27.31,691000,psxdata,2026-05-11T12:55:27
DFML,2017-04-06,27.25,27.54,26.25,26.42,1004000,psxdata,2026-05-11T12:55:27
DFML,2017-04-07,26.61,27.49,26.0,26.85,1742500,psxdata,2026-05-11T12:55:27
DFML,2017-04-10,27.0,27.0,26.0,26.11,570000,psxdata,2026-05-11T12:55:27
DFML,2017-04-11,26.8,27.41,26.4,27.41,484500,psxdata,2026-05-11T12:55:27
DFML,2017-04-12,28.4,28.78,27.9,28.18,2783500,psxdata,2026-05-11T12:55:27
DFML,2017-04-13,28.3,29.15,27.75,28.11,1729500,psxdata,2026-05-11T12:55:27
DFML,2017-04-14,29.51,29.51,29.51,29.51,314500,psxdata,2026-05-11T12:55:27
DFML,2017-04-17,30.98,30.98,29.56,30.98,2440000,psxdata,2026-05-11T12:55:27
DFML,2017-04-18,31.49,32.52,31.11,32.52,4780500,psxdata,2026-05-11T12:55:27
DFML,2017-04-19,31.7,33.9,31.2,33.36,5897000,psxdata,2026-05-11T12:55:27
DFML,2017-04-20,33.29,35.02,33.02,35.0,6984000,psxdata,2026-05-11T12:55:27
DFML,2017-04-21,36.0,36.75,35.9,36.75,4234500,psxdata,2026-05-11T12:55:27
DFML,2017-04-24,37.94,38.58,36.99,38.58,4309000,psxdata,2026-05-11T12:55:27
DFML,2017-04-25,40.09,40.5,39.61,40.5,2883500,psxdata,2026-05-11T12:55:27
DFML,2017-04-26,42.3,42.52,42.0,42.52,821500,psxdata,2026-05-11T12:55:27
DFML,2017-04-27,44.64,44.64,40.51,40.8,10890500,psxdata,2026-05-11T12:55:27
DFML,2017-04-28,41.49,42.84,39.1,42.84,7665500,psxdata,2026-05-11T12:55:27
DFML,2017-05-02,44.7,44.95,41.75,42.52,7375000,psxdata,2026-05-11T12:55:27
DFML,2017-05-03,42.9,44.64,41.05,43.95,6250500,psxdata,2026-05-11T12:55:27
DFML,2017-05-04,45.14,46.14,44.65,46.14,4735000,psxdata,2026-05-11T12:55:27
DFML,2017-05-05,47.6,48.44,46.71,48.44,7824000,psxdata,2026-05-11T12:55:27
DFML,2017-05-08,49.49,50.86,49.49,50.86,5831000,psxdata,2026-05-11T12:55:27
DFML,2017-05-09,52.79,53.4,52.5,53.4,2545000,psxdata,2026-05-11T12:55:27
DFML,2017-05-10,54.99,56.07,52.01,56.07,15638000,psxdata,2026-05-11T12:55:27
DFML,2017-05-11,56.99,58.87,56.75,57.61,11911000,psxdata,2026-05-11T12:55:27
DFML,2017-05-12,56.5,56.8,54.73,54.73,3418000,psxdata,2026-05-11T12:55:27
DFML,2017-05-15,52.0,52.0,52.0,52.0,87000,psxdata,2026-05-11T12:55:27
DFML,2017-05-16,49.41,54.6,49.41,54.6,20155500,psxdata,2026-05-11T12:55:27
DFML,2017-05-17,55.1,56.47,51.87,51.87,11744000,psxdata,2026-05-11T12:55:27
DFML,2017-05-18,52.0,53.49,50.6,51.2,8848500,psxdata,2026-05-11T12:55:27
DFML,2017-05-19,51.5,53.76,51.4,53.76,6678000,psxdata,2026-05-11T12:55:27
DFML,2017-05-22,55.3,56.44,54.76,56.35,8038000,psxdata,2026-05-11T12:55:27
DFML,2017-05-23,56.4,56.8,53.54,53.55,9544500,psxdata,2026-05-11T12:55:27
DFML,2017-05-24,53.99,54.63,50.88,50.88,7231000,psxdata,2026-05-11T12:55:27
DFML,2017-05-25,51.0,51.25,48.34,48.34,7202000,psxdata,2026-05-11T12:55:27
DFML,2017-05-26,47.1,48.5,45.93,46.3,10044500,psxdata,2026-05-11T12:55:27
DFML,2017-05-29,45.01,47.2,43.99,44.4,5128500,psxdata,2026-05-11T12:55:27
DFML,2017-05-30,43.8,46.62,43.5,45.88,7324000,psxdata,2026-05-11T12:55:27
DFML,2017-05-31,47.0,48.0,43.92,45.76,4662500,psxdata,2026-05-11T12:55:27
DFML,2017-06-01,46.0,46.7,43.48,44.01,3003000,psxdata,2026-05-11T12:55:27
DFML,2017-06-02,43.15,43.98,41.81,41.99,4346500,psxdata,2026-05-11T12:55:27
DFML,2017-06-05,42.4,44.0,40.25,43.81,4520500,psxdata,2026-05-11T12:55:27
DFML,2017-06-06,43.89,45.2,43.75,44.05,2802000,psxdata,2026-05-11T12:55:27
DFML,2017-06-07,44.3,44.8,43.76,44.02,1637000,psxdata,2026-05-11T12:55:27
DFML,2017-06-08,44.4,45.7,44.1,44.45,3797000,psxdata,2026-05-11T12:55:27
DFML,2017-06-09,44.98,46.45,44.8,45.55,4092000,psxdata,2026-05-11T12:55:27
DFML,2017-06-12,45.0,45.0,43.28,43.28,1362000,psxdata,2026-05-11T12:55:27
DFML,2017-06-13,42.4,42.83,41.12,41.15,4083000,psxdata,2026-05-11T12:55:27
DFML,2017-06-14,42.0,42.47,39.1,39.1,2726000,psxdata,2026-05-11T12:55:27
DFML,2017-06-15,38.0,39.8,37.15,37.32,4184000,psxdata,2026-05-11T12:55:27
DFML,2017-06-16,37.4,38.45,36.99,37.57,1793500,psxdata,2026-05-11T12:55:27
DFML,2017-06-19,38.01,38.58,36.5,36.89,1578500,psxdata,2026-05-11T12:55:27
DFML,2017-06-20,36.9,37.36,35.05,35.05,1393000,psxdata,2026-05-11T12:55:27
DFML,2017-06-21,33.62,33.76,33.3,33.3,1978500,psxdata,2026-05-11T12:55:27
DFML,2017-06-22,32.55,34.41,32.5,33.09,3184000,psxdata,2026-05-11T12:55:27
DFML,2017-06-29,33.15,34.0,31.44,32.19,3404000,psxdata,2026-05-11T12:55:27
DFML,2017-06-30,32.2,33.79,31.9,33.79,2620500,psxdata,2026-05-11T12:55:27
DFML,2017-07-03,34.48,34.6,32.11,32.11,4060500,psxdata,2026-05-11T12:55:27
DFML,2017-07-04,32.29,33.71,31.4,33.65,4761500,psxdata,2026-05-11T12:55:27
DFML,2017-07-05,34.25,35.33,33.6,34.61,4642500,psxdata,2026-05-11T12:55:27
DFML,2017-07-06,34.61,36.34,34.5,36.18,4799500,psxdata,2026-05-11T12:55:27
DFML,2017-07-07,36.54,37.98,36.54,37.98,3188500,psxdata,2026-05-11T12:55:27
DFML,2017-07-10,38.5,39.78,37.2,39.14,8537000,psxdata,2026-05-11T12:55:27
DFML,2017-07-11,37.19,37.75,37.19,37.19,2484000,psxdata,2026-05-11T12:55:27
DFML,2017-07-12,36.0,36.9,35.34,35.34,5352500,psxdata,2026-05-11T12:55:27
DFML,2017-07-13,35.0,35.52,33.58,34.42,2251000,psxdata,2026-05-11T12:55:27
DFML,2017-07-14,34.95,36.14,34.72,36.11,4017500,psxdata,2026-05-11T12:55:27
DFML,2017-07-17,36.31,37.91,35.5,37.86,4288500,psxdata,2026-05-11T12:55:27
DFML,2017-07-18,38.45,39.75,38.45,39.54,3642500,psxdata,2026-05-11T12:55:27
DFML,2017-07-19,40.45,41.5,39.7,40.65,7201000,psxdata,2026-05-11T12:55:27
DFML,2017-07-20,41.0,41.4,38.62,38.62,7201500,psxdata,2026-05-11T12:55:27
DFML,2017-07-21,37.35,40.38,36.82,40.09,8394500,psxdata,2026-05-11T12:55:27
DFML,2017-07-24,40.48,42.09,40.48,42.09,5012500,psxdata,2026-05-11T12:55:27
DFML,2017-07-25,44.19,44.19,43.76,44.19,5743500,psxdata,2026-05-11T12:55:27
DFML,2017-07-26,44.48,45.22,42.03,42.81,11133500,psxdata,2026-05-11T12:55:27
DFML,2017-07-27,42.6,43.73,42.05,42.34,5008500,psxdata,2026-05-11T12:55:27
DFML,2017-07-28,40.23,43.95,40.23,43.3,7378500,psxdata,2026-05-11T12:55:27
DFML,2017-07-31,44.3,45.0,43.3,43.86,4381000,psxdata,2026-05-11T12:55:27
DFML,2017-08-01,43.65,44.7,42.85,43.82,6285000,psxdata,2026-05-11T12:55:27
DFML,2017-08-02,44.2,46.01,44.0,46.01,5329500,psxdata,2026-05-11T12:55:27
DFML,2017-08-03,48.31,48.31,47.5,48.31,8537000,psxdata,2026-05-11T12:55:27
DFML,2017-08-04,47.7,50.38,47.55,47.94,9054500,psxdata,2026-05-11T12:55:27
DFML,2017-08-07,47.3,48.9,46.02,47.16,4508500,psxdata,2026-05-11T12:55:27
DFML,2017-08-08,47.05,47.6,44.81,44.88,4336000,psxdata,2026-05-11T12:55:27
DFML,2017-08-09,44.06,47.12,44.0,47.04,6628000,psxdata,2026-05-11T12:55:27
DFML,2017-08-10,47.15,48.89,47.05,47.77,6925500,psxdata,2026-05-11T12:55:27
DFML,2017-08-11,47.7,48.67,45.6,46.97,4525500,psxdata,2026-05-11T12:55:27
DFML,2017-08-15,47.39,47.5,44.63,44.63,3086000,psxdata,2026-05-11T12:55:27
DFML,2017-08-16,43.36,44.95,42.4,43.14,7106000,psxdata,2026-05-11T12:55:27
DFML,2017-08-17,43.25,43.55,40.99,41.0,4860000,psxdata,2026-05-11T12:55:27
DFML,2017-08-18,40.2,40.85,38.95,39.09,6024000,psxdata,2026-05-11T12:55:27
DFML,2017-08-21,38.98,39.2,37.14,37.14,2346000,psxdata,2026-05-11T12:55:27
DFML,2017-08-22,36.0,36.45,35.29,35.29,8022000,psxdata,2026-05-11T12:55:27
DFML,2017-08-23,34.98,37.05,34.5,37.05,5083500,psxdata,2026-05-11T12:55:27
DFML,2017-08-24,38.2,38.4,35.2,35.28,4529500,psxdata,2026-05-11T12:55:27
DFML,2017-08-25,34.5,36.39,34.24,35.11,3249500,psxdata,2026-05-11T12:55:27
DFML,2017-08-28,35.15,36.86,35.15,36.86,3048500,psxdata,2026-05-11T12:55:27
DFML,2017-08-29,37.47,37.88,35.02,35.27,3290000,psxdata,2026-05-11T12:55:27
DFML,2017-08-30,35.51,36.39,33.56,34.28,2576000,psxdata,2026-05-11T12:55:27
DFML,2017-08-31,34.6,35.6,34.02,35.07,982500,psxdata,2026-05-11T12:55:27
DFML,2017-09-05,35.2,36.82,35.15,36.82,597500,psxdata,2026-05-11T12:55:27
DFML,2017-09-06,38.66,38.66,38.05,38.66,2785500,psxdata,2026-05-11T12:55:27
DFML,2017-09-07,38.6,40.3,37.06,39.21,4624500,psxdata,2026-05-11T12:55:27
DFML,2017-09-08,40.1,41.17,39.6,40.43,5094500,psxdata,2026-05-11T12:55:27
DFML,2017-09-11,40.9,40.98,38.6,38.95,1492500,psxdata,2026-05-11T12:55:27
DFML,2017-09-12,38.69,38.74,37.77,38.25,1772500,psxdata,2026-05-11T12:55:27
DFML,2017-09-13,38.4,38.7,37.21,38.12,4873500,psxdata,2026-05-11T12:55:27
DFML,2017-09-14,38.4,39.54,38.15,38.49,3387000,psxdata,2026-05-11T12:55:27
DFML,2017-09-15,38.98,38.98,37.4,37.64,2647500,psxdata,2026-05-11T12:55:27
DFML,2017-09-18,37.69,38.39,37.02,37.23,1695500,psxdata,2026-05-11T12:55:27
DFML,2017-09-19,37.53,37.9,37.1,37.29,1681500,psxdata,2026-05-11T12:55:27
DFML,2017-09-20,37.68,38.6,37.4,37.54,2838000,psxdata,2026-05-11T12:55:27
DFML,2017-09-21,37.79,38.75,37.35,37.73,3539000,psxdata,2026-05-11T12:55:27
DFML,2017-09-22,37.95,39.61,37.91,39.55,6447500,psxdata,2026-05-11T12:55:27
DFML,2017-09-25,40.4,40.6,37.9,38.31,2884000,psxdata,2026-05-11T12:55:27
DFML,2017-09-26,38.49,38.99,37.75,37.91,1283500,psxdata,2026-05-11T12:55:27
DFML,2017-09-27,38.2,39.2,37.65,37.92,2635500,psxdata,2026-05-11T12:55:27
DFML,2017-09-28,38.0,38.25,37.3,37.44,1199500,psxdata,2026-05-11T12:55:27
DFML,2017-09-29,37.44,38.75,36.05,36.81,2102500,psxdata,2026-05-11T12:55:27
DFML,2017-10-02,36.9,38.27,36.52,37.32,2802500,psxdata,2026-05-11T12:55:27
DFML,2017-10-03,37.61,37.95,35.52,35.69,2286000,psxdata,2026-05-11T12:55:27
DFML,2017-10-04,35.02,35.98,33.91,33.91,2782500,psxdata,2026-05-11T12:55:27
DFML,2017-10-05,33.8,34.7,32.22,32.4,4248500,psxdata,2026-05-11T12:55:27
DFML,2017-10-06,32.9,34.02,31.72,33.92,2997000,psxdata,2026-05-11T12:55:27
DFML,2017-10-09,34.05,34.9,32.88,33.26,2919500,psxdata,2026-05-11T12:55:27
DFML,2017-10-10,33.25,33.35,31.6,31.7,2282000,psxdata,2026-05-11T12:55:27
DFML,2017-10-11,31.7,32.25,30.12,30.48,2628500,psxdata,2026-05-11T12:55:27
DFML,2017-10-12,30.4,30.85,28.96,28.96,1971000,psxdata,2026-05-11T12:55:27
DFML,2017-10-13,28.01,28.2,27.52,27.52,2492000,psxdata,2026-05-11T12:55:27
DFML,2017-10-16,27.15,28.35,26.95,27.94,4245000,psxdata,2026-05-11T12:55:27
DFML,2017-10-17,28.02,28.6,26.55,26.57,5288000,psxdata,2026-05-11T12:55:27
DFML,2017-10-18,26.62,26.62,25.25,25.25,1982000,psxdata,2026-05-11T12:55:27
DFML,2017-10-19,24.8,26.51,24.01,26.51,6819500,psxdata,2026-05-11T12:55:27
DFML,2017-10-20,27.8,27.83,27.01,27.82,4871500,psxdata,2026-05-11T12:55:27
DFML,2017-10-23,28.09,28.38,27.0,27.23,2851500,psxdata,2026-05-11T12:55:27
DFML,2017-10-24,27.03,27.19,25.9,26.34,1970000,psxdata,2026-05-11T12:55:27
DFML,2017-10-25,26.34,27.35,26.34,26.82,776000,psxdata,2026-05-11T12:55:27
DFML,2017-10-26,26.82,27.19,25.7,25.86,1171500,psxdata,2026-05-11T12:55:27
DFML,2017-10-27,25.8,25.89,24.73,24.95,856000,psxdata,2026-05-11T12:55:27
DFML,2017-10-30,24.9,25.08,23.71,23.74,1195000,psxdata,2026-05-11T12:55:27
DFML,2017-10-31,23.15,23.75,22.56,22.56,1888000,psxdata,2026-05-11T12:55:27
DFML,2017-11-01,22.75,23.68,22.7,23.68,1675000,psxdata,2026-05-11T12:55:27
DFML,2017-11-02,23.79,23.79,22.5,22.5,2457000,psxdata,2026-05-11T12:55:27
DFML,2017-11-03,22.05,23.23,22.05,22.86,2242000,psxdata,2026-05-11T12:55:27
DFML,2017-11-06,23.04,23.04,22.2,22.3,878500,psxdata,2026-05-11T12:55:27
DFML,2017-11-07,22.21,22.85,22.1,22.34,1221000,psxdata,2026-05-11T12:55:27
DFML,2017-11-08,22.43,23.45,22.32,23.43,3290500,psxdata,2026-05-11T12:55:27
DFML,2017-11-09,23.65,24.6,23.65,24.57,2215000,psxdata,2026-05-11T12:55:27
DFML,2017-11-10,24.74,25.79,24.4,24.88,2494500,psxdata,2026-05-11T12:55:27
DFML,2017-11-13,24.27,26.12,24.26,26.11,3423500,psxdata,2026-05-11T12:55:27
DFML,2017-11-14,26.22,27.2,26.12,26.29,1772000,psxdata,2026-05-11T12:55:27
DFML,2017-11-15,26.35,26.9,24.98,25.13,1940500,psxdata,2026-05-11T12:55:27
DFML,2017-11-16,25.25,26.1,24.9,25.13,1049500,psxdata,2026-05-11T12:55:27
DFML,2017-11-17,25.3,26.38,25.25,26.34,2195000,psxdata,2026-05-11T12:55:27
DFML,2017-11-20,27.1,27.65,27.1,27.65,1468000,psxdata,2026-05-11T12:55:27
DFML,2017-11-21,28.1,28.9,26.27,26.71,4209000,psxdata,2026-05-11T12:55:27
DFML,2017-11-22,26.98,27.76,26.51,27.28,1801000,psxdata,2026-05-11T12:55:27
DFML,2017-11-23,27.45,27.45,26.41,26.62,934500,psxdata,2026-05-11T12:55:27
DFML,2017-11-24,26.6,26.75,25.52,25.7,1258500,psxdata,2026-05-11T12:55:27
DFML,2017-11-27,25.48,26.4,24.82,26.03,1170500,psxdata,2026-05-11T12:55:27
DFML,2017-11-28,26.6,27.33,25.13,25.48,6523000,psxdata,2026-05-11T12:55:27
DFML,2017-11-29,25.5,26.75,25.4,26.75,2407000,psxdata,2026-05-11T12:55:27
DFML,2017-11-30,28.08,28.08,27.15,28.08,3674000,psxdata,2026-05-11T12:55:27
DFML,2017-12-04,29.34,29.48,29.0,29.48,1470000,psxdata,2026-05-11T12:55:27
DFML,2017-12-05,30.95,30.95,30.95,30.95,155000,psxdata,2026-05-11T12:55:27
DFML,2017-12-06,32.49,32.49,30.56,32.31,6614000,psxdata,2026-05-11T12:55:27
DFML,2017-12-07,33.0,33.25,30.7,31.04,4829000,psxdata,2026-05-11T12:55:27
DFML,2017-12-08,29.8,30.98,29.49,29.49,3864500,psxdata,2026-05-11T12:55:27
DFML,2017-12-11,29.21,29.25,28.02,28.02,1731000,psxdata,2026-05-11T12:55:27
DFML,2017-12-12,27.31,27.5,26.62,26.85,2790500,psxdata,2026-05-11T12:55:27
DFML,2017-12-13,27.05,28.19,27.0,28.19,4078000,psxdata,2026-05-11T12:55:27
DFML,2017-12-14,28.0,29.0,27.05,27.14,3586500,psxdata,2026-05-11T12:55:27
DFML,2017-12-15,27.2,28.49,26.1,27.94,2554500,psxdata,2026-05-11T12:55:27
DFML,2017-12-18,27.99,28.2,26.55,26.7,1029500,psxdata,2026-05-11T12:55:27
DFML,2017-12-19,26.85,26.85,25.37,25.37,1157000,psxdata,2026-05-11T12:55:27
DFML,2017-12-20,25.25,25.95,24.11,24.15,2662000,psxdata,2026-05-11T12:55:27
DFML,2017-12-21,24.2,25.34,22.95,25.13,5586000,psxdata,2026-05-11T12:55:27
DFML,2017-12-22,25.9,26.38,24.7,26.38,3453500,psxdata,2026-05-11T12:55:27
DFML,2017-12-26,26.99,27.0,26.24,26.44,2528000,psxdata,2026-05-11T12:55:27
DFML,2017-12-27,27.0,27.48,26.75,27.24,2333000,psxdata,2026-05-11T12:55:27
DFML,2017-12-28,28.6,28.6,28.6,28.6,498000,psxdata,2026-05-11T12:55:27
DFML,2017-12-29,30.03,30.03,28.0,28.37,4132500,psxdata,2026-05-11T12:55:27
DFML,2018-01-01,28.7,29.78,27.55,29.5,4362500,psxdata,2026-05-11T12:55:27
DFML,2018-01-02,29.35,30.36,29.0,29.19,4274500,psxdata,2026-05-11T12:55:27
DFML,2018-01-03,29.15,29.7,28.3,28.58,1772000,psxdata,2026-05-11T12:55:27
DFML,2018-01-04,28.62,30.0,28.62,30.0,3998000,psxdata,2026-05-11T12:55:27
DFML,2018-01-05,31.5,31.5,30.85,31.5,2380500,psxdata,2026-05-11T12:55:27
DFML,2018-01-08,33.07,33.07,33.07,33.07,90500,psxdata,2026-05-11T12:55:27
DFML,2018-01-09,34.72,34.72,34.0,34.72,6705000,psxdata,2026-05-11T12:55:27
DFML,2018-01-10,34.2,36.44,33.7,36.21,5036500,psxdata,2026-05-11T12:55:27
DFML,2018-01-11,36.5,38.02,35.15,38.02,5788500,psxdata,2026-05-11T12:55:27
DFML,2018-01-12,38.99,39.45,36.12,36.9,5450000,psxdata,2026-05-11T12:55:27
DFML,2018-01-15,36.6,36.61,35.06,35.06,2113000,psxdata,2026-05-11T12:55:27
DFML,2018-01-16,34.0,36.49,33.5,33.84,5452000,psxdata,2026-05-11T12:55:27
DFML,2018-01-17,33.52,35.53,33.52,35.24,3328500,psxdata,2026-05-11T12:55:27
DFML,2018-01-18,35.85,37.0,35.7,36.79,7379000,psxdata,2026-05-11T12:55:27
DFML,2018-01-19,38.62,38.62,37.8,38.62,5646000,psxdata,2026-05-11T12:55:27
DFML,2018-01-22,39.95,40.55,39.9,40.55,3933000,psxdata,2026-05-11T12:55:27
DFML,2018-01-23,41.89,42.57,40.98,42.57,6358000,psxdata,2026-05-11T12:55:27
DFML,2018-01-24,43.15,44.48,42.0,43.11,7320000,psxdata,2026-05-11T12:55:27
DFML,2018-01-25,43.7,44.28,42.7,43.58,4311500,psxdata,2026-05-11T12:55:27
DFML,2018-01-26,43.97,43.97,41.49,41.74,4500000,psxdata,2026-05-11T12:55:27
DFML,2018-01-29,40.7,43.82,40.7,43.82,6149000,psxdata,2026-05-11T12:55:27
DFML,2018-01-30,45.4,46.01,44.1,46.01,7316500,psxdata,2026-05-11T12:55:27
DFML,2018-01-31,47.0,47.5,43.85,45.49,10465500,psxdata,2026-05-11T12:55:27
DFML,2018-02-01,46.64,47.75,46.2,47.47,6926000,psxdata,2026-05-11T12:55:27
DFML,2018-02-02,47.95,48.67,47.2,47.89,7475000,psxdata,2026-05-11T12:55:27
DFML,2018-02-06,45.85,47.87,45.85,46.35,6665000,psxdata,2026-05-11T12:55:27
DFML,2018-02-07,46.86,47.25,45.96,46.26,4706500,psxdata,2026-05-11T12:55:27
DFML,2018-02-08,46.3,46.9,44.2,44.73,4581500,psxdata,2026-05-11T12:55:27
DFML,2018-02-09,44.0,44.0,42.5,42.5,3929500,psxdata,2026-05-11T12:55:27
DFML,2018-02-12,41.98,44.62,41.02,44.62,8354000,psxdata,2026-05-11T12:55:27
DFML,2018-02-13,45.2,46.37,43.16,43.82,3910000,psxdata,2026-05-11T12:55:27
DFML,2018-02-14,43.8,44.3,41.7,42.1,3437000,psxdata,2026-05-11T12:55:27
DFML,2018-02-15,42.0,44.2,41.25,43.54,7746500,psxdata,2026-05-11T12:55:27
DFML,2018-02-16,43.8,44.07,42.25,42.66,3435500,psxdata,2026-05-11T12:55:27
DFML,2018-02-19,44.1,44.79,43.8,44.15,4919500,psxdata,2026-05-11T12:55:27
DFML,2018-02-20,44.1,45.5,42.5,44.69,5903500,psxdata,2026-05-11T12:55:27
DFML,2018-02-21,45.6,45.88,44.42,44.69,4497000,psxdata,2026-05-11T12:55:27
DFML,2018-02-22,43.5,46.4,43.5,45.61,5302500,psxdata,2026-05-11T12:55:27
DFML,2018-02-23,46.0,46.25,43.53,44.34,3676500,psxdata,2026-05-11T12:55:27
DFML,2018-02-26,46.25,46.25,43.25,43.87,5044000,psxdata,2026-05-11T12:55:27
DFML,2018-02-27,43.75,44.92,43.31,43.88,2644000,psxdata,2026-05-11T12:55:27
DFML,2018-02-28,44.1,44.45,43.5,43.77,1280000,psxdata,2026-05-11T12:55:27
DFML,2018-03-01,44.05,45.95,43.6,45.6,4720500,psxdata,2026-05-11T12:55:27
DFML,2018-03-02,46.44,47.3,45.6,45.9,6576500,psxdata,2026-05-11T12:55:27
DFML,2018-03-05,46.1,46.95,45.7,45.94,1617500,psxdata,2026-05-11T12:55:27
DFML,2018-03-06,46.02,46.45,44.8,45.05,3062000,psxdata,2026-05-11T12:55:27
DFML,2018-03-07,45.4,45.4,43.56,43.91,1644000,psxdata,2026-05-11T12:55:27
DFML,2018-03-08,44.5,45.2,43.9,44.61,4450500,psxdata,2026-05-11T12:55:27
DFML,2018-03-09,44.75,44.9,42.6,43.27,1959500,psxdata,2026-05-11T12:55:27
DFML,2018-03-12,43.26,44.0,42.75,43.15,1075500,psxdata,2026-05-11T12:55:27
DFML,2018-03-13,43.47,45.3,43.47,45.27,4107500,psxdata,2026-05-11T12:55:27
DFML,2018-03-14,45.74,45.85,44.11,44.38,4214000,psxdata,2026-05-11T12:55:27
DFML,2018-03-15,44.35,44.79,43.85,44.04,1072500,psxdata,2026-05-11T12:55:27
DFML,2018-03-16,43.75,44.05,43.0,43.23,942000,psxdata,2026-05-11T12:55:27
DFML,2018-03-19,43.5,44.24,43.4,43.61,1117500,psxdata,2026-05-11T12:55:27
DFML,2018-03-20,43.97,44.99,43.61,43.9,3642500,psxdata,2026-05-11T12:55:27
DFML,2018-03-21,44.34,44.9,44.0,44.56,2881000,psxdata,2026-05-11T12:55:27
DFML,2018-03-22,45.11,45.88,44.62,44.87,5020000,psxdata,2026-05-11T12:55:27
DFML,2018-03-26,44.8,46.35,44.25,45.22,4657500,psxdata,2026-05-11T12:55:27
DFML,2018-03-27,45.54,46.25,44.41,44.72,3081000,psxdata,2026-05-11T12:55:27
DFML,2018-03-28,44.69,45.43,44.5,44.74,2867000,psxdata,2026-05-11T12:55:27
DFML,2018-03-29,44.9,45.25,43.49,43.97,2112500,psxdata,2026-05-11T12:55:27
DFML,2018-03-30,44.0,44.35,43.4,43.55,1363000,psxdata,2026-05-11T12:55:27
DFML,2018-04-02,44.0,44.9,43.69,43.82,2946000,psxdata,2026-05-11T12:55:27
DFML,2018-04-03,43.9,44.08,43.21,43.42,1401000,psxdata,2026-05-11T12:55:27
DFML,2018-04-04,43.68,44.45,43.41,43.6,2099000,psxdata,2026-05-11T12:55:27
DFML,2018-04-05,43.61,44.25,43.17,43.34,1975500,psxdata,2026-05-11T12:55:27
DFML,2018-04-06,43.51,43.9,43.0,43.27,1661500,psxdata,2026-05-11T12:55:27
DFML,2018-04-09,43.51,43.7,43.04,43.09,1118500,psxdata,2026-05-11T12:55:27
DFML,2018-04-10,43.25,44.6,43.19,43.61,6603000,psxdata,2026-05-11T12:55:27
DFML,2018-04-11,43.89,44.24,43.15,43.28,3076000,psxdata,2026-05-11T12:55:27
DFML,2018-04-12,43.45,43.55,41.6,42.19,2179500,psxdata,2026-05-11T12:55:27
DFML,2018-04-13,41.7,42.15,41.05,41.4,1485000,psxdata,2026-05-11T12:55:27
DFML,2018-04-16,41.25,41.75,40.33,40.53,1017000,psxdata,2026-05-11T12:55:27
DFML,2018-04-17,40.25,41.9,40.13,41.4,2244500,psxdata,2026-05-11T12:55:27
DFML,2018-04-18,41.67,41.75,40.1,40.4,1248000,psxdata,2026-05-11T12:55:27
DFML,2018-04-19,40.31,40.55,38.38,38.38,1848000,psxdata,2026-05-11T12:55:27
DFML,2018-04-20,37.97,37.97,36.47,36.5,3416500,psxdata,2026-05-11T12:55:27
DFML,2018-04-23,36.4,38.32,36.4,38.32,2890500,psxdata,2026-05-11T12:55:27
DFML,2018-04-24,38.45,39.35,37.45,37.6,2361000,psxdata,2026-05-11T12:55:27
DFML,2018-04-25,37.69,38.15,36.8,36.98,986000,psxdata,2026-05-11T12:55:27
DFML,2018-04-26,37.01,37.3,35.45,36.02,2206500,psxdata,2026-05-11T12:55:27
DFML,2018-04-27,36.0,36.49,35.4,35.56,670000,psxdata,2026-05-11T12:55:27
DFML,2018-04-30,36.02,36.02,34.7,35.15,843500,psxdata,2026-05-11T12:55:27
DFML,2018-05-02,34.96,35.29,34.5,34.68,348000,psxdata,2026-05-11T12:55:27
DFML,2018-05-03,34.7,34.8,33.7,33.81,677500,psxdata,2026-05-11T12:55:27
DFML,2018-05-04,33.8,35.4,33.3,34.91,985000,psxdata,2026-05-11T12:55:27
DFML,2018-05-07,34.9,35.45,33.82,34.03,845000,psxdata,2026-05-11T12:55:27
DFML,2018-05-08,33.9,34.15,33.23,33.4,628500,psxdata,2026-05-11T12:55:27
DFML,2018-05-09,33.02,33.7,31.81,32.01,1075500,psxdata,2026-05-11T12:55:27
DFML,2018-05-10,31.8,33.61,31.73,33.3,1943000,psxdata,2026-05-11T12:55:27
DFML,2018-05-11,33.5,34.44,32.7,32.98,1255500,psxdata,2026-05-11T12:55:27
DFML,2018-05-14,32.65,32.65,31.34,31.34,732000,psxdata,2026-05-11T12:55:27
DFML,2018-05-15,31.34,31.5,29.78,30.47,1165500,psxdata,2026-05-11T12:55:27
DFML,2018-05-16,30.5,31.99,30.36,31.92,1081000,psxdata,2026-05-11T12:55:27
DFML,2018-05-17,32.5,32.8,30.33,30.47,1369500,psxdata,2026-05-11T12:55:27
DFML,2018-05-18,30.49,30.51,28.95,28.96,649000,psxdata,2026-05-11T12:55:27
DFML,2018-05-21,29.25,29.7,27.66,27.76,615500,psxdata,2026-05-11T12:55:27
DFML,2018-05-22,27.2,29.14,27.2,29.14,784500,psxdata,2026-05-11T12:55:27
DFML,2018-05-23,29.9,30.59,29.9,30.59,1219500,psxdata,2026-05-11T12:55:27
DFML,2018-05-24,31.05,31.45,30.61,30.94,1223000,psxdata,2026-05-11T12:55:27
DFML,2018-05-25,30.94,30.94,29.51,30.02,291000,psxdata,2026-05-11T12:55:27
DFML,2018-05-28,30.2,31.52,29.75,31.5,1559000,psxdata,2026-05-11T12:55:27
DFML,2018-05-29,31.98,32.39,31.8,31.95,988500,psxdata,2026-05-11T12:55:27
DFML,2018-05-30,32.5,32.8,31.51,32.14,815000,psxdata,2026-05-11T12:55:27
DFML,2018-05-31,32.05,32.29,31.46,31.62,504000,psxdata,2026-05-11T12:55:27
DFML,2018-06-01,31.35,32.0,31.1,31.29,395000,psxdata,2026-05-11T12:55:27
DFML,2018-06-04,31.45,31.64,31.1,31.45,431500,psxdata,2026-05-11T12:55:27
DFML,2018-06-05,31.8,33.02,31.4,33.02,1234000,psxdata,2026-05-11T12:55:27
DFML,2018-06-06,33.51,34.67,33.25,34.67,1884000,psxdata,2026-05-11T12:55:27
DFML,2018-06-07,35.3,35.5,34.0,34.23,1718500,psxdata,2026-05-11T12:55:27
DFML,2018-06-11,34.3,34.45,32.52,32.63,524000,psxdata,2026-05-11T12:55:27
DFML,2018-06-12,32.2,32.63,31.21,31.64,838000,psxdata,2026-05-11T12:55:27
DFML,2018-06-13,32.15,32.25,31.51,31.9,448000,psxdata,2026-05-11T12:55:27
DFML,2018-06-14,31.9,32.4,31.9,32.22,295500,psxdata,2026-05-11T12:55:27
DFML,2018-06-19,32.31,32.85,32.25,32.4,270000,psxdata,2026-05-11T12:55:27
DFML,2018-06-20,32.5,32.79,31.35,31.62,293000,psxdata,2026-05-11T12:55:27
DFML,2018-06-21,30.76,31.19,30.04,30.04,609500,psxdata,2026-05-11T12:55:27
DFML,2018-06-22,29.5,30.2,28.54,28.64,514500,psxdata,2026-05-11T12:55:27
DFML,2018-06-25,28.1,28.7,27.21,27.21,581000,psxdata,2026-05-11T12:55:27
DFML,2018-06-26,28.0,28.0,26.5,26.85,490000,psxdata,2026-05-11T12:55:27
DFML,2018-06-27,27.0,27.65,26.87,27.37,747500,psxdata,2026-05-11T12:55:27
DFML,2018-06-28,27.21,28.73,26.8,28.64,1386500,psxdata,2026-05-11T12:55:27
DFML,2018-06-29,28.95,29.79,28.25,28.43,1409500,psxdata,2026-05-11T12:55:27
DFML,2018-07-02,28.75,29.01,28.21,28.42,461500,psxdata,2026-05-11T12:55:27
DFML,2018-07-03,27.75,28.1,27.03,27.41,688500,psxdata,2026-05-11T12:55:27
DFML,2018-07-04,27.3,27.74,26.04,26.07,1091500,psxdata,2026-05-11T12:55:27
DFML,2018-07-05,25.81,26.58,25.5,26.12,599500,psxdata,2026-05-11T12:55:27
DFML,2018-07-06,25.71,27.4,25.71,26.62,528000,psxdata,2026-05-11T12:55:27
DFML,2018-07-09,26.99,27.25,25.35,25.5,651000,psxdata,2026-05-11T12:55:27
DFML,2018-07-10,25.26,26.2,24.25,25.67,704500,psxdata,2026-05-11T12:55:27
DFML,2018-07-11,25.5,26.95,25.0,26.49,2004000,psxdata,2026-05-11T12:55:27
DFML,2018-07-12,26.38,27.7,25.6,26.86,1682500,psxdata,2026-05-11T12:55:27
DFML,2018-07-13,26.94,28.2,26.44,28.03,1440500,psxdata,2026-05-11T12:55:27
DFML,2018-07-16,28.49,28.8,27.15,27.42,1445500,psxdata,2026-05-11T12:55:27
DFML,2018-07-17,27.25,28.79,27.25,28.79,1990500,psxdata,2026-05-11T12:55:27
DFML,2018-07-18,29.18,30.22,29.15,30.22,1398500,psxdata,2026-05-11T12:55:27
DFML,2018-07-19,30.55,31.55,30.25,30.72,2387000,psxdata,2026-05-11T12:55:27
DFML,2018-07-20,30.49,31.11,29.75,29.93,1798000,psxdata,2026-05-11T12:55:27
DFML,2018-07-23,29.55,29.95,28.75,28.94,375500,psxdata,2026-05-11T12:55:27
DFML,2018-07-24,29.0,30.38,29.0,30.38,676500,psxdata,2026-05-11T12:55:27
DFML,2018-07-26,31.58,31.58,30.39,31.06,1564500,psxdata,2026-05-11T12:55:27
DFML,2018-07-27,31.18,32.25,30.81,31.64,1832000,psxdata,2026-05-11T12:55:27
DFML,2018-07-30,31.96,33.15,31.7,32.89,1321500,psxdata,2026-05-11T12:55:27
DFML,2018-07-31,32.6,32.6,31.25,31.42,1146500,psxdata,2026-05-11T12:55:27
DFML,2018-08-01,31.5,31.85,31.1,31.64,854000,psxdata,2026-05-11T12:55:27
DFML,2018-08-02,31.95,32.11,30.5,30.71,984500,psxdata,2026-05-11T12:55:27
DFML,2018-08-03,30.9,31.99,30.4,31.24,1337500,psxdata,2026-05-11T12:55:27
DFML,2018-08-06,31.3,31.8,30.5,30.7,736000,psxdata,2026-05-11T12:55:27
DFML,2018-08-07,31.05,31.47,30.65,30.9,1009500,psxdata,2026-05-11T12:55:27
DFML,2018-08-08,31.09,31.78,30.8,30.96,1857500,psxdata,2026-05-11T12:55:27
DFML,2018-08-09,31.25,31.49,30.2,30.5,1344500,psxdata,2026-05-11T12:55:27
DFML,2018-08-10,30.52,30.88,28.98,29.22,1886500,psxdata,2026-05-11T12:55:27
DFML,2018-08-13,29.3,29.65,28.7,28.8,538000,psxdata,2026-05-11T12:55:27
DFML,2018-08-15,29.01,29.22,28.55,28.69,346000,psxdata,2026-05-11T12:55:27
DFML,2018-08-16,28.0,28.49,27.5,27.58,844000,psxdata,2026-05-11T12:55:27
DFML,2018-08-17,27.89,28.95,27.89,28.85,1439000,psxdata,2026-05-11T12:55:27
DFML,2018-08-20,29.33,29.7,28.4,28.5,878000,psxdata,2026-05-11T12:55:27
DFML,2018-08-24,28.5,29.35,28.3,29.18,250500,psxdata,2026-05-11T12:55:27
DFML,2018-08-27,29.2,30.63,29.2,30.63,2354500,psxdata,2026-05-11T12:55:27
DFML,2018-08-28,31.38,31.6,29.52,29.65,2001000,psxdata,2026-05-11T12:55:27
DFML,2018-08-29,29.46,29.8,29.01,29.14,566500,psxdata,2026-05-11T12:55:27
DFML,2018-08-30,29.15,29.45,28.56,28.85,859000,psxdata,2026-05-11T12:55:27
DFML,2018-08-31,29.08,29.1,27.9,28.08,572000,psxdata,2026-05-11T12:55:27
DFML,2018-09-03,28.11,28.57,27.21,28.19,424500,psxdata,2026-05-11T12:55:27
DFML,2018-09-04,28.11,29.38,27.9,28.9,977500,psxdata,2026-05-11T12:55:27
DFML,2018-09-05,29.3,29.3,28.03,28.28,651000,psxdata,2026-05-11T12:55:27
DFML,2018-09-06,28.08,28.5,27.25,27.34,332000,psxdata,2026-05-11T12:55:27
DFML,2018-09-07,27.4,27.55,26.27,26.45,394000,psxdata,2026-05-11T12:55:27
DFML,2018-09-10,26.56,26.7,25.7,26.38,649500,psxdata,2026-05-11T12:55:27
DFML,2018-09-11,26.5,26.89,26.1,26.27,760500,psxdata,2026-05-11T12:55:27
DFML,2018-09-12,26.2,27.58,26.1,27.13,1562000,psxdata,2026-05-11T12:55:27
DFML,2018-09-13,27.11,28.48,26.61,27.6,3045500,psxdata,2026-05-11T12:55:27
DFML,2018-09-14,27.9,28.2,27.4,27.64,1768000,psxdata,2026-05-11T12:55:27
DFML,2018-09-17,27.41,27.5,26.26,26.54,492000,psxdata,2026-05-11T12:55:27
DFML,2018-09-18,26.25,27.86,26.11,27.86,1178500,psxdata,2026-05-11T12:55:27
DFML,2018-09-19,28.2,28.89,27.68,28.08,1239500,psxdata,2026-05-11T12:55:27
DFML,2018-09-24,27.7,28.2,26.68,26.79,262000,psxdata,2026-05-11T12:55:27
DFML,2018-09-25,26.99,27.25,26.6,26.75,184000,psxdata,2026-05-11T12:55:27
DFML,2018-09-26,26.56,26.9,26.01,26.09,181000,psxdata,2026-05-11T12:55:27
DFML,2018-09-27,25.81,26.09,24.79,25.5,381500,psxdata,2026-05-11T12:55:27
DFML,2018-09-28,25.48,25.8,24.3,24.61,353000,psxdata,2026-05-11T12:55:27
DFML,2018-10-01,24.6,25.1,23.38,24.06,777000,psxdata,2026-05-11T12:55:27
DFML,2018-10-02,24.05,24.72,23.07,23.3,483000,psxdata,2026-05-11T12:55:27
DFML,2018-10-03,23.45,23.68,23.0,23.1,239500,psxdata,2026-05-11T12:55:27
DFML,2018-10-04,23.29,23.3,21.95,21.95,779000,psxdata,2026-05-11T12:55:27
DFML,2018-10-05,22.14,22.14,20.86,20.86,608500,psxdata,2026-05-11T12:55:27
DFML,2018-10-08,20.51,20.51,19.82,19.82,1252500,psxdata,2026-05-11T12:55:27
DFML,2018-10-09,19.3,20.35,18.82,18.82,1831500,psxdata,2026-05-11T12:55:27
DFML,2018-10-10,18.25,18.35,17.82,17.82,2039500,psxdata,2026-05-11T12:55:27
DFML,2018-10-11,17.4,18.2,16.88,17.16,2126500,psxdata,2026-05-11T12:55:27
DFML,2018-10-12,17.19,17.24,16.16,16.17,1113500,psxdata,2026-05-11T12:55:27
DFML,2018-10-15,16.25,16.25,15.17,15.44,1345000,psxdata,2026-05-11T12:55:27
DFML,2018-10-16,15.65,15.89,14.44,14.44,1258500,psxdata,2026-05-11T12:55:27
DFML,2018-10-17,14.38,15.44,14.0,15.44,2135500,psxdata,2026-05-11T12:55:27
DFML,2018-10-18,15.56,16.44,15.12,16.44,1836000,psxdata,2026-05-11T12:55:27
DFML,2018-10-19,16.98,17.44,16.5,17.44,1776500,psxdata,2026-05-11T12:55:27
DFML,2018-10-22,18.2,18.44,18.05,18.43,1335000,psxdata,2026-05-11T12:55:27
DFML,2018-10-23,18.85,19.25,17.9,18.05,1563500,psxdata,2026-05-11T12:55:27
DFML,2018-10-24,19.05,19.05,19.05,19.05,246500,psxdata,2026-05-11T12:55:27
DFML,2018-10-25,20.05,20.05,19.0,19.98,2474000,psxdata,2026-05-11T12:55:27
DFML,2018-10-26,20.2,20.98,19.65,20.97,1575500,psxdata,2026-05-11T12:55:27
DFML,2018-10-29,21.75,22.01,21.6,22.01,1506500,psxdata,2026-05-11T12:55:27
DFML,2018-10-30,22.1,22.25,21.25,21.49,1704500,psxdata,2026-05-11T12:55:27
DFML,2018-10-31,21.65,21.65,20.5,21.08,1098500,psxdata,2026-05-11T12:55:27
DFML,2018-11-01,20.5,21.7,20.41,21.13,1442500,psxdata,2026-05-11T12:55:27
DFML,2018-11-02,21.05,21.76,21.0,21.42,620000,psxdata,2026-05-11T12:55:27
DFML,2018-11-05,21.5,21.5,20.5,21.07,514000,psxdata,2026-05-11T12:55:27
DFML,2018-11-06,20.75,21.15,20.02,20.09,730000,psxdata,2026-05-11T12:55:27
DFML,2018-11-07,20.49,20.9,20.1,20.58,892000,psxdata,2026-05-11T12:55:27
DFML,2018-11-08,20.35,20.5,19.7,19.9,486500,psxdata,2026-05-11T12:55:27
DFML,2018-11-09,19.65,20.35,19.25,19.44,469000,psxdata,2026-05-11T12:55:27
DFML,2018-11-12,19.3,19.74,18.44,18.52,703500,psxdata,2026-05-11T12:55:27
DFML,2018-11-13,18.1,19.39,17.91,19.06,870500,psxdata,2026-05-11T12:55:27
DFML,2018-11-14,19.15,19.38,18.61,19.05,423500,psxdata,2026-05-11T12:55:27
DFML,2018-11-15,19.2,20.05,19.05,20.05,1122500,psxdata,2026-05-11T12:55:27
DFML,2018-11-16,20.4,21.05,20.4,21.04,1613000,psxdata,2026-05-11T12:55:27
DFML,2018-11-19,21.04,21.65,20.8,21.06,964000,psxdata,2026-05-11T12:55:27
DFML,2018-11-20,20.96,21.2,20.2,20.29,470000,psxdata,2026-05-11T12:55:27
DFML,2018-11-22,20.29,20.55,19.91,20.24,683500,psxdata,2026-05-11T12:55:27
DFML,2018-11-23,20.06,20.68,20.0,20.16,823000,psxdata,2026-05-11T12:55:27
DFML,2018-11-26,20.3,20.75,19.8,19.81,600500,psxdata,2026-05-11T12:55:27
DFML,2018-11-27,20.0,20.2,19.7,19.74,239500,psxdata,2026-05-11T12:55:27
DFML,2018-11-28,20.05,20.74,20.0,20.74,766000,psxdata,2026-05-11T12:55:27
DFML,2018-11-29,21.3,21.76,20.25,20.38,1380500,psxdata,2026-05-11T12:55:27
DFML,2018-11-30,20.25,20.6,19.37,19.44,612000,psxdata,2026-05-11T12:55:27
DFML,2018-12-03,18.5,18.99,18.44,18.44,159000,psxdata,2026-05-11T12:55:27
DFML,2018-12-04,18.1,18.98,17.8,18.2,917500,psxdata,2026-05-11T12:55:27
DFML,2018-12-05,18.15,18.49,17.51,17.85,463000,psxdata,2026-05-11T12:55:27
DFML,2018-12-06,18.0,18.18,17.3,17.5,302000,psxdata,2026-05-11T12:55:27
DFML,2018-12-07,17.1,18.0,17.0,17.77,324000,psxdata,2026-05-11T12:55:27
DFML,2018-12-10,18.0,18.5,18.0,18.05,493000,psxdata,2026-05-11T12:55:27
DFML,2018-12-11,18.0,18.0,17.41,17.51,218500,psxdata,2026-05-11T12:55:27
DFML,2018-12-12,17.25,17.69,16.67,16.96,597000,psxdata,2026-05-11T12:55:27
DFML,2018-12-13,17.0,17.4,16.6,16.76,174000,psxdata,2026-05-11T12:55:27
DFML,2018-12-14,17.09,17.48,16.85,17.22,295000,psxdata,2026-05-11T12:55:27
DFML,2018-12-17,17.5,17.59,17.2,17.46,382000,psxdata,2026-05-11T12:55:27
DFML,2018-12-18,17.4,17.5,17.25,17.26,79000,psxdata,2026-05-11T12:55:27
DFML,2018-12-19,17.25,17.47,17.02,17.07,65500,psxdata,2026-05-11T12:55:27
DFML,2018-12-20,17.5,17.5,17.01,17.25,390000,psxdata,2026-05-11T12:55:27
DFML,2018-12-21,17.45,17.5,17.1,17.17,164500,psxdata,2026-05-11T12:55:27
DFML,2018-12-24,17.05,17.29,17.0,17.15,68000,psxdata,2026-05-11T12:55:27
DFML,2018-12-26,17.4,17.45,17.09,17.17,109500,psxdata,2026-05-11T12:55:27
DFML,2018-12-27,17.49,17.5,17.0,17.0,102000,psxdata,2026-05-11T12:55:27
DFML,2018-12-28,16.81,16.81,16.03,16.17,121000,psxdata,2026-05-11T12:55:27
DFML,2018-12-31,16.01,16.58,15.8,15.91,138000,psxdata,2026-05-11T12:55:27
DFML,2019-01-01,16.41,16.8,16.0,16.44,265000,psxdata,2026-05-11T12:55:27
DFML,2019-01-02,16.7,16.7,16.05,16.2,166000,psxdata,2026-05-11T12:55:27
DFML,2019-01-03,16.19,16.25,15.81,15.98,73500,psxdata,2026-05-11T12:55:27
DFML,2019-01-04,16.01,16.2,15.82,15.93,73500,psxdata,2026-05-11T12:55:27
DFML,2019-01-07,16.49,16.6,15.92,16.3,225000,psxdata,2026-05-11T12:55:27
DFML,2019-01-08,16.49,17.3,16.3,17.3,586000,psxdata,2026-05-11T12:55:27
DFML,2019-01-09,17.5,17.66,16.86,17.01,615500,psxdata,2026-05-11T12:55:27
DFML,2019-01-10,17.07,17.2,16.6,16.68,259000,psxdata,2026-05-11T12:55:27
DFML,2019-01-11,16.4,16.85,16.05,16.5,53000,psxdata,2026-05-11T12:55:27
DFML,2019-01-14,16.7,17.14,16.7,16.95,331000,psxdata,2026-05-11T12:55:27
DFML,2019-01-15,16.8,17.1,16.6,16.71,161000,psxdata,2026-05-11T12:55:27
DFML,2019-01-16,16.89,17.71,16.89,17.71,1334500,psxdata,2026-05-11T12:55:27
DFML,2019-01-17,18.35,18.71,18.0,18.62,2348500,psxdata,2026-05-11T12:55:27
DFML,2019-01-18,18.65,18.81,18.25,18.34,837000,psxdata,2026-05-11T12:55:27
DFML,2019-01-21,18.5,19.34,18.5,19.33,2995000,psxdata,2026-05-11T12:55:27
DFML,2019-01-22,19.61,20.33,19.45,20.26,2401500,psxdata,2026-05-11T12:55:27
DFML,2019-01-23,20.5,21.27,20.1,21.02,2715500,psxdata,2026-05-11T12:55:27
DFML,2019-01-24,21.45,21.45,19.97,19.97,2004000,psxdata,2026-05-11T12:55:27
DFML,2019-01-25,19.41,19.74,18.97,18.97,2491000,psxdata,2026-05-11T12:55:27
DFML,2019-01-28,18.6,19.59,18.6,18.89,901500,psxdata,2026-05-11T12:55:27
DFML,2019-01-29,18.85,19.4,18.72,18.82,1415500,psxdata,2026-05-11T12:55:27
DFML,2019-01-30,18.99,19.33,18.8,18.84,397000,psxdata,2026-05-11T12:55:27
DFML,2019-01-31,18.85,18.95,18.51,18.7,315000,psxdata,2026-05-11T12:55:27
DFML,2019-02-01,18.7,19.25,18.7,18.85,685000,psxdata,2026-05-11T12:55:27
DFML,2019-02-04,18.8,19.3,18.7,18.99,505000,psxdata,2026-05-11T12:55:27
DFML,2019-02-06,19.19,19.99,18.77,19.6,3526500,psxdata,2026-05-11T12:55:27
DFML,2019-02-07,18.6,18.6,18.6,18.6,164000,psxdata,2026-05-11T12:55:27
DFML,2019-02-08,17.6,17.6,17.6,17.6,73500,psxdata,2026-05-11T12:55:27
DFML,2019-02-11,16.6,17.3,16.6,16.6,8085500,psxdata,2026-05-11T12:55:27
DFML,2019-02-12,16.59,16.59,15.6,15.64,3066500,psxdata,2026-05-11T12:55:27
DFML,2019-02-13,15.9,16.19,15.02,15.17,1300500,psxdata,2026-05-11T12:55:27
DFML,2019-02-14,15.11,15.6,14.95,15.45,682000,psxdata,2026-05-11T12:55:27
DFML,2019-02-15,15.49,15.53,15.02,15.28,436500,psxdata,2026-05-11T12:55:27
DFML,2019-02-18,15.22,15.3,14.5,14.62,337000,psxdata,2026-05-11T12:55:27
DFML,2019-02-19,14.85,14.85,14.02,14.13,242500,psxdata,2026-05-11T12:55:27
DFML,2019-02-20,14.36,14.36,13.4,13.57,826000,psxdata,2026-05-11T12:55:27
DFML,2019-02-21,13.54,13.65,13.14,13.3,397500,psxdata,2026-05-11T12:55:27
DFML,2019-02-22,13.2,14.3,12.9,14.3,1478000,psxdata,2026-05-11T12:55:27
DFML,2019-02-25,14.29,14.8,13.85,13.98,736500,psxdata,2026-05-11T12:55:27
DFML,2019-02-26,13.74,13.89,12.98,12.98,804000,psxdata,2026-05-11T12:55:27
DFML,2019-02-27,12.5,12.8,11.98,12.26,1458500,psxdata,2026-05-11T12:55:27
DFML,2019-02-28,12.35,13.0,12.03,12.88,663500,psxdata,2026-05-11T12:55:27
DFML,2019-03-01,12.98,13.36,12.9,13.13,457000,psxdata,2026-05-11T12:55:27
DFML,2019-03-04,13.26,13.8,12.53,13.68,592000,psxdata,2026-05-11T12:55:27
DFML,2019-03-05,13.8,13.8,13.2,13.31,327000,psxdata,2026-05-11T12:55:27
DFML,2019-03-06,13.55,13.55,13.1,13.13,130000,psxdata,2026-05-11T12:55:27
DFML,2019-03-07,13.81,14.12,13.31,13.39,546500,psxdata,2026-05-11T12:55:27
DFML,2019-03-08,13.44,13.5,13.24,13.26,260000,psxdata,2026-05-11T12:55:27
DFML,2019-03-11,13.26,13.7,13.2,13.23,100500,psxdata,2026-05-11T12:55:27
DFML,2019-03-12,13.25,13.35,12.95,13.1,172500,psxdata,2026-05-11T12:55:27
DFML,2019-03-13,13.09,13.14,12.8,12.92,130500,psxdata,2026-05-11T12:55:27
DFML,2019-03-14,12.9,12.98,11.92,12.2,916000,psxdata,2026-05-11T12:55:27
DFML,2019-03-15,12.15,12.3,11.8,11.94,265000,psxdata,2026-05-11T12:55:27
DFML,2019-03-18,11.98,12.17,11.11,12.07,437000,psxdata,2026-05-11T12:55:27
DFML,2019-03-19,12.4,12.4,11.45,11.55,388000,psxdata,2026-05-11T12:55:27
DFML,2019-03-20,11.6,11.77,11.4,11.43,180000,psxdata,2026-05-11T12:55:27
DFML,2019-03-21,11.5,11.81,11.2,11.65,156500,psxdata,2026-05-11T12:55:27
DFML,2019-03-22,11.61,11.73,11.25,11.34,48000,psxdata,2026-05-11T12:55:27
DFML,2019-03-25,11.31,11.31,11.07,11.12,107000,psxdata,2026-05-11T12:55:27
DFML,2019-03-26,11.0,11.3,10.76,11.22,293000,psxdata,2026-05-11T12:55:27
DFML,2019-03-27,11.49,11.8,10.98,11.52,687500,psxdata,2026-05-11T12:55:27
DFML,2019-03-28,11.55,11.55,11.06,11.09,148000,psxdata,2026-05-11T12:55:27
DFML,2019-03-29,11.4,11.4,10.5,10.79,243500,psxdata,2026-05-11T12:55:27
DFML,2019-04-01,10.55,10.89,10.5,10.68,134500,psxdata,2026-05-11T12:55:27
DFML,2019-04-02,10.75,10.75,9.68,9.71,618500,psxdata,2026-05-11T12:55:27
DFML,2019-04-03,9.51,9.65,8.9,8.95,776000,psxdata,2026-05-11T12:55:27
DFML,2019-04-04,8.95,9.1,8.12,8.33,937500,psxdata,2026-05-11T12:55:27
DFML,2019-04-05,8.3,9.05,8.22,8.79,626500,psxdata,2026-05-11T12:55:27
DFML,2019-04-08,8.5,8.74,8.25,8.29,215500,psxdata,2026-05-11T12:55:27
DFML,2019-04-09,8.29,8.5,7.9,8.38,318500,psxdata,2026-05-11T12:55:27
DFML,2019-04-10,8.35,8.35,7.7,7.78,154500,psxdata,2026-05-11T12:55:27
DFML,2019-04-11,7.69,8.14,7.02,7.9,414000,psxdata,2026-05-11T12:55:27
DFML,2019-04-12,7.61,8.88,7.61,8.78,344500,psxdata,2026-05-11T12:55:27
DFML,2019-04-15,8.5,9.44,8.5,9.28,550500,psxdata,2026-05-11T12:55:27
DFML,2019-04-16,9.5,10.28,9.3,10.18,1264000,psxdata,2026-05-11T12:55:27
DFML,2019-04-17,10.4,10.4,9.55,9.71,512000,psxdata,2026-05-11T12:55:27
DFML,2019-04-18,9.55,10.15,9.25,9.5,323500,psxdata,2026-05-11T12:55:27
DFML,2019-04-19,9.88,10.18,9.3,9.89,387000,psxdata,2026-05-11T12:55:27
DFML,2019-04-22,9.99,10.0,9.11,9.36,156000,psxdata,2026-05-11T12:55:27
DFML,2019-04-23,9.1,9.37,8.63,8.69,223500,psxdata,2026-05-11T12:55:27
DFML,2019-04-24,8.99,9.1,8.65,8.88,127000,psxdata,2026-05-11T12:55:27
DFML,2019-04-25,9.18,9.18,8.65,8.83,103500,psxdata,2026-05-11T12:55:27
DFML,2019-04-26,8.7,9.1,8.7,8.94,122500,psxdata,2026-05-11T12:55:27
DFML,2019-04-29,8.85,9.25,8.85,8.91,450500,psxdata,2026-05-11T12:55:27
DFML,2019-04-30,8.6,8.8,7.92,8.25,344500,psxdata,2026-05-11T12:55:27
DFML,2019-05-02,8.13,8.3,8.1,8.12,91000,psxdata,2026-05-11T12:55:27
DFML,2019-05-03,8.1,8.24,7.82,7.93,117500,psxdata,2026-05-11T12:55:27
DFML,2019-05-06,7.8,7.99,7.05,7.13,248000,psxdata,2026-05-11T12:55:27
DFML,2019-05-07,7.15,7.29,7.02,7.05,128500,psxdata,2026-05-11T12:55:27
DFML,2019-05-08,7.02,7.3,6.09,6.19,535500,psxdata,2026-05-11T12:55:27
DFML,2019-05-09,6.11,6.7,6.11,6.52,172500,psxdata,2026-05-11T12:55:27
DFML,2019-05-10,6.26,6.7,6.26,6.59,37500,psxdata,2026-05-11T12:55:27
DFML,2019-05-13,6.79,7.2,6.0,6.05,194500,psxdata,2026-05-11T12:55:27
DFML,2019-05-14,6.1,6.3,6.1,6.2,241500,psxdata,2026-05-11T12:55:27
DFML,2019-05-15,6.31,6.69,6.31,6.52,91000,psxdata,2026-05-11T12:55:27
DFML,2019-05-16,6.41,6.7,6.0,6.16,124000,psxdata,2026-05-11T12:55:27
DFML,2019-05-17,5.62,5.87,5.16,5.25,265500,psxdata,2026-05-11T12:55:27
DFML,2019-05-20,5.45,6.25,5.0,6.25,192500,psxdata,2026-05-11T12:55:27
DFML,2019-05-21,6.5,6.99,6.1,6.84,274500,psxdata,2026-05-11T12:55:27
DFML,2019-05-22,7.1,7.84,7.0,7.84,392500,psxdata,2026-05-11T12:55:27
DFML,2019-05-23,8.2,8.84,8.15,8.84,647000,psxdata,2026-05-11T12:55:27
DFML,2019-05-24,8.7,9.42,8.7,9.21,568500,psxdata,2026-05-11T12:55:27
DFML,2019-05-27,9.01,9.25,8.6,8.77,173000,psxdata,2026-05-11T12:55:27
DFML,2019-05-28,8.3,8.4,7.8,7.94,252000,psxdata,2026-05-11T12:55:27
DFML,2019-05-29,8.19,8.7,8.19,8.64,273000,psxdata,2026-05-11T12:55:27
DFML,2019-05-30,8.6,8.8,7.96,8.04,344500,psxdata,2026-05-11T12:55:27
DFML,2019-06-03,8.05,8.25,7.6,7.81,65000,psxdata,2026-05-11T12:55:27
DFML,2019-06-10,7.05,7.79,6.81,6.83,232000,psxdata,2026-05-11T12:55:27
DFML,2019-06-11,6.62,7.29,6.62,7.2,213000,psxdata,2026-05-11T12:55:27
DFML,2019-06-12,7.57,7.77,7.0,7.42,496500,psxdata,2026-05-11T12:55:27
DFML,2019-06-13,7.5,8.42,7.3,8.06,542000,psxdata,2026-05-11T12:55:27
DFML,2019-06-14,7.99,8.28,7.81,8.02,124000,psxdata,2026-05-11T12:55:27
DFML,2019-06-17,7.96,8.08,7.6,7.73,49500,psxdata,2026-05-11T12:55:27
DFML,2019-06-18,7.85,7.85,7.21,7.33,97000,psxdata,2026-05-11T12:55:27
DFML,2019-06-19,7.45,7.5,7.2,7.2,38000,psxdata,2026-05-11T12:55:27
DFML,2019-06-20,7.3,7.89,7.1,7.6,189000,psxdata,2026-05-11T12:55:27
DFML,2019-06-21,7.41,7.55,7.35,7.4,51000,psxdata,2026-05-11T12:55:27
DFML,2019-06-24,7.1,7.24,7.1,7.14,162000,psxdata,2026-05-11T12:55:27
DFML,2019-06-25,7.38,7.45,7.12,7.2,57000,psxdata,2026-05-11T12:55:27
DFML,2019-06-26,7.16,7.16,6.5,6.82,209000,psxdata,2026-05-11T12:55:27
DFML,2019-06-27,6.9,7.05,6.75,6.8,69500,psxdata,2026-05-11T12:55:27
DFML,2019-06-28,6.75,6.99,6.5,6.79,118500,psxdata,2026-05-11T12:55:27
DFML,2019-07-01,7.0,7.0,6.82,7.0,16500,psxdata,2026-05-11T12:55:27
DFML,2019-07-02,6.61,7.05,6.61,6.88,36000,psxdata,2026-05-11T12:55:27
DFML,2019-07-03,7.0,7.38,7.0,7.29,234500,psxdata,2026-05-11T12:55:27
DFML,2019-07-04,7.55,7.55,6.96,7.03,133000,psxdata,2026-05-11T12:55:27
DFML,2019-07-05,6.9,7.0,6.9,6.92,19500,psxdata,2026-05-11T12:55:27
DFML,2019-07-08,7.0,7.0,6.51,6.64,99000,psxdata,2026-05-11T12:55:27
DFML,2019-07-09,6.65,6.99,6.65,6.84,26500,psxdata,2026-05-11T12:55:27
DFML,2019-07-10,6.7,6.75,6.3,6.34,116500,psxdata,2026-05-11T12:55:27
DFML,2019-07-11,6.49,6.5,6.32,6.49,52000,psxdata,2026-05-11T12:55:27
DFML,2019-07-12,6.31,6.4,6.26,6.4,9500,psxdata,2026-05-11T12:55:27
DFML,2019-07-15,6.23,6.24,5.91,6.1,46500,psxdata,2026-05-11T12:55:27
DFML,2019-07-16,6.0,6.1,5.8,5.91,208500,psxdata,2026-05-11T12:55:27
DFML,2019-07-17,5.99,6.12,5.9,6.04,122000,psxdata,2026-05-11T12:55:27
DFML,2019-07-18,6.09,6.09,5.3,5.34,54500,psxdata,2026-05-11T12:55:27
DFML,2019-07-19,5.22,6.3,5.22,5.91,164500,psxdata,2026-05-11T12:55:27
DFML,2019-07-22,5.9,6.3,5.9,6.0,56500,psxdata,2026-05-11T12:55:27
DFML,2019-07-23,5.74,5.93,5.71,5.91,10000,psxdata,2026-05-11T12:55:27
DFML,2019-07-24,5.75,5.94,5.68,5.8,27500,psxdata,2026-05-11T12:55:27
DFML,2019-07-25,5.8,5.8,5.53,5.63,37500,psxdata,2026-05-11T12:55:27
DFML,2019-07-26,5.36,5.7,5.3,5.38,126000,psxdata,2026-05-11T12:55:27
DFML,2019-07-29,5.5,5.63,5.33,5.36,43500,psxdata,2026-05-11T12:55:27
DFML,2019-07-30,5.5,5.53,5.25,5.26,140000,psxdata,2026-05-11T12:55:27
DFML,2019-07-31,5.2,5.5,5.2,5.31,29000,psxdata,2026-05-11T12:55:27
DFML,2019-08-01,5.2,5.48,5.2,5.29,14000,psxdata,2026-05-11T12:55:27
DFML,2019-08-02,5.24,5.45,5.06,5.44,34500,psxdata,2026-05-11T12:55:27
DFML,2019-08-05,5.1,5.24,5.01,5.18,57000,psxdata,2026-05-11T12:55:27
DFML,2019-08-06,5.06,5.3,5.06,5.25,42000,psxdata,2026-05-11T12:55:27
DFML,2019-08-07,5.2,5.2,5.05,5.05,23500,psxdata,2026-05-11T12:55:27
DFML,2019-08-08,4.9,5.75,4.9,5.09,58500,psxdata,2026-05-11T12:55:27
DFML,2019-08-09,5.02,5.15,5.01,5.01,356500,psxdata,2026-05-11T12:55:27
DFML,2019-08-16,5.01,5.2,4.91,5.03,10500,psxdata,2026-05-11T12:55:27
DFML,2019-08-19,5.0,6.03,5.0,5.6,287000,psxdata,2026-05-11T12:55:27
DFML,2019-08-20,5.75,5.79,5.55,5.58,77000,psxdata,2026-05-11T12:55:27
DFML,2019-08-21,5.7,5.75,5.45,5.65,39500,psxdata,2026-05-11T12:55:27
DFML,2019-08-22,5.8,6.3,5.8,6.18,558000,psxdata,2026-05-11T12:55:27
DFML,2019-08-23,6.18,6.3,5.66,5.85,271500,psxdata,2026-05-11T12:55:27
DFML,2019-08-26,5.53,5.69,5.25,5.25,151000,psxdata,2026-05-11T12:55:27
DFML,2019-08-27,5.4,5.4,5.1,5.37,151500,psxdata,2026-05-11T12:55:27
DFML,2019-08-28,5.5,5.55,5.1,5.17,182500,psxdata,2026-05-11T12:55:27
DFML,2019-08-29,5.36,5.37,4.7,4.95,130000,psxdata,2026-05-11T12:55:27
DFML,2019-08-30,4.95,5.1,4.9,5.0,18500,psxdata,2026-05-11T12:55:27
DFML,2019-09-02,5.15,5.25,4.9,5.11,29500,psxdata,2026-05-11T12:55:27
DFML,2019-09-03,5.26,5.27,4.9,4.96,177500,psxdata,2026-05-11T12:55:27
DFML,2019-09-04,5.01,5.28,5.0,5.24,33500,psxdata,2026-05-11T12:55:27
DFML,2019-09-05,5.06,5.32,4.96,4.98,111000,psxdata,2026-05-11T12:55:27
DFML,2019-09-06,5.01,5.01,5.01,5.01,1000,psxdata,2026-05-11T12:55:27
DFML,2019-09-11,5.15,5.19,4.93,4.94,19000,psxdata,2026-05-11T12:55:27
DFML,2019-09-12,5.13,5.13,4.95,5.01,118500,psxdata,2026-05-11T12:55:27
DFML,2019-09-13,5.01,5.04,4.96,4.97,63000,psxdata,2026-05-11T12:55:27
DFML,2019-09-16,5.17,5.18,5.0,5.01,42000,psxdata,2026-05-11T12:55:27
DFML,2019-09-17,4.95,5.35,4.9,5.22,162500,psxdata,2026-05-11T12:55:27
DFML,2019-09-18,5.1,5.25,5.03,5.06,67500,psxdata,2026-05-11T12:55:27
DFML,2019-09-19,5.1,5.15,5.0,5.03,49500,psxdata,2026-05-11T12:55:27
DFML,2019-09-20,5.04,5.59,4.99,5.23,499500,psxdata,2026-05-11T12:55:27
DFML,2019-09-23,5.2,5.3,4.96,5.04,86500,psxdata,2026-05-11T12:55:27
DFML,2019-09-24,4.96,5.04,4.93,5.04,10000,psxdata,2026-05-11T12:55:27
DFML,2019-09-25,5.14,5.15,4.9,4.91,57000,psxdata,2026-05-11T12:55:27
DFML,2019-09-26,4.81,4.9,4.5,4.75,95000,psxdata,2026-05-11T12:55:27
DFML,2019-09-27,4.77,4.77,4.6,4.74,159500,psxdata,2026-05-11T12:55:27
DFML,2019-09-30,4.9,4.9,4.67,4.7,2000,psxdata,2026-05-11T12:55:27
DFML,2019-10-01,4.7,4.8,4.5,4.72,64500,psxdata,2026-05-11T12:55:27
DFML,2019-10-02,4.66,4.86,4.66,4.79,121000,psxdata,2026-05-11T12:55:27
DFML,2019-10-03,4.65,5.79,4.65,5.79,1270500,psxdata,2026-05-11T12:55:27
DFML,2019-10-04,6.0,6.28,5.82,5.98,488500,psxdata,2026-05-11T12:55:27
DFML,2019-10-07,6.0,6.57,5.74,6.06,622000,psxdata,2026-05-11T12:55:27
DFML,2019-10-08,6.2,6.2,5.6,5.65,235500,psxdata,2026-05-11T12:55:27
DFML,2019-10-09,5.41,6.45,5.41,6.15,665000,psxdata,2026-05-11T12:55:27
DFML,2019-10-10,6.1,6.4,6.05,6.1,352000,psxdata,2026-05-11T12:55:27
DFML,2019-10-11,6.1,6.45,6.07,6.17,187500,psxdata,2026-05-11T12:55:27
DFML,2019-10-14,6.25,6.25,5.9,5.97,35000,psxdata,2026-05-11T12:55:27
DFML,2019-10-15,5.75,5.95,5.55,5.75,114000,psxdata,2026-05-11T12:55:27
DFML,2019-10-16,5.61,5.95,5.6,5.78,48000,psxdata,2026-05-11T12:55:27
DFML,2019-10-17,5.8,5.8,5.63,5.78,38000,psxdata,2026-05-11T12:55:27
DFML,2019-10-18,5.65,5.79,5.51,5.61,45500,psxdata,2026-05-11T12:55:27
DFML,2019-10-21,5.37,5.37,5.0,5.03,114500,psxdata,2026-05-11T12:55:27
DFML,2019-10-22,5.19,5.3,4.98,5.07,83000,psxdata,2026-05-11T12:55:27
DFML,2019-10-23,5.12,5.2,5.06,5.07,55500,psxdata,2026-05-11T12:55:27
DFML,2019-10-24,5.03,5.25,5.03,5.11,75500,psxdata,2026-05-11T12:55:27
DFML,2019-10-25,5.12,5.5,4.92,5.19,503500,psxdata,2026-05-11T12:55:27
DFML,2019-10-28,5.05,5.4,4.92,5.0,620000,psxdata,2026-05-11T12:55:27
DFML,2019-10-29,5.08,5.15,4.91,4.98,276500,psxdata,2026-05-11T12:55:27
DFML,2019-10-30,5.05,5.13,4.95,5.02,119500,psxdata,2026-05-11T12:55:27
DFML,2019-10-31,5.05,5.25,5.0,5.1,55500,psxdata,2026-05-11T12:55:27
DFML,2019-11-01,5.02,5.2,5.01,5.08,87000,psxdata,2026-05-11T12:55:27
DFML,2019-11-04,4.96,5.25,4.96,5.22,186500,psxdata,2026-05-11T12:55:27
DFML,2019-11-05,5.25,5.55,5.14,5.32,648500,psxdata,2026-05-11T12:55:27
DFML,2019-11-06,5.45,5.65,5.3,5.43,483500,psxdata,2026-05-11T12:55:27
DFML,2019-11-07,5.53,6.15,5.3,5.81,947500,psxdata,2026-05-11T12:55:27
DFML,2019-11-08,6.0,6.04,5.7,5.73,142000,psxdata,2026-05-11T12:55:27
DFML,2019-11-11,5.9,6.15,5.7,6.0,361000,psxdata,2026-05-11T12:55:27
DFML,2019-11-12,6.02,6.25,5.87,5.98,353500,psxdata,2026-05-11T12:55:27
DFML,2019-11-13,5.92,6.06,5.91,5.92,166500,psxdata,2026-05-11T12:55:27
DFML,2019-11-14,5.95,6.46,5.95,6.2,829500,psxdata,2026-05-11T12:55:27
DFML,2019-11-15,6.4,7.2,6.22,7.2,2044500,psxdata,2026-05-11T12:55:27
DFML,2019-11-18,7.98,8.19,7.5,7.77,2181500,psxdata,2026-05-11T12:55:27
DFML,2019-11-19,7.85,8.0,7.16,7.25,814500,psxdata,2026-05-11T12:55:27
DFML,2019-11-20,7.15,7.45,6.7,6.81,495000,psxdata,2026-05-11T12:55:27
DFML,2019-11-21,6.86,6.95,6.5,6.52,175000,psxdata,2026-05-11T12:55:27
DFML,2019-11-22,6.5,7.16,6.5,7.02,260000,psxdata,2026-05-11T12:55:27
DFML,2019-11-25,7.1,7.75,6.96,7.62,809000,psxdata,2026-05-11T12:55:27
DFML,2019-11-26,7.88,8.18,7.2,7.56,1006500,psxdata,2026-05-11T12:55:27
DFML,2019-11-28,7.78,8.5,7.6,8.24,1650500,psxdata,2026-05-11T12:55:27
DFML,2019-11-29,8.49,8.49,7.95,7.99,792000,psxdata,2026-05-11T12:55:27
DFML,2019-12-02,8.3,8.3,7.89,7.96,569000,psxdata,2026-05-11T12:55:27
DFML,2019-12-03,7.98,8.07,7.55,7.62,532500,psxdata,2026-05-11T12:55:27
DFML,2019-12-04,7.84,8.06,7.31,7.81,576000,psxdata,2026-05-11T12:55:27
DFML,2019-12-05,7.83,8.81,7.83,8.72,3031000,psxdata,2026-05-11T12:55:27
DFML,2019-12-06,8.87,9.12,8.53,8.61,656500,psxdata,2026-05-11T12:55:27
DFML,2019-12-09,8.77,8.77,8.25,8.3,564500,psxdata,2026-05-11T12:55:27
DFML,2019-12-10,8.15,8.6,8.05,8.18,304000,psxdata,2026-05-11T12:55:27
DFML,2019-12-11,8.19,8.19,7.7,7.82,256500,psxdata,2026-05-11T12:55:27
DFML,2019-12-12,7.95,7.95,7.6,7.73,418000,psxdata,2026-05-11T12:55:27
DFML,2019-12-13,7.97,8.0,7.66,7.71,310000,psxdata,2026-05-11T12:55:27
DFML,2019-12-16,7.9,8.0,7.7,7.83,153000,psxdata,2026-05-11T12:55:27
DFML,2019-12-17,8.0,8.13,7.51,7.7,498000,psxdata,2026-05-11T12:55:27
DFML,2019-12-18,7.51,7.7,7.35,7.41,295500,psxdata,2026-05-11T12:55:27
DFML,2019-12-19,7.36,7.4,6.87,7.02,177000,psxdata,2026-05-11T12:55:27
DFML,2019-12-20,7.13,7.13,6.7,6.79,155500,psxdata,2026-05-11T12:55:27
DFML,2019-12-23,6.95,7.29,6.74,6.8,235000,psxdata,2026-05-11T12:55:27
DFML,2019-12-24,6.9,6.95,6.45,6.87,72000,psxdata,2026-05-11T12:55:27
DFML,2019-12-26,7.1,7.1,6.97,7.0,34500,psxdata,2026-05-11T12:55:27
DFML,2019-12-27,7.2,7.24,6.66,6.71,122500,psxdata,2026-05-11T12:55:27
DFML,2019-12-30,6.9,7.39,6.9,7.19,360000,psxdata,2026-05-11T12:55:27
DFML,2019-12-31,7.2,7.45,7.2,7.24,64500,psxdata,2026-05-11T12:55:27
DFML,2020-01-01,7.2,7.34,7.15,7.31,68500,psxdata,2026-05-11T12:55:27
DFML,2020-01-02,7.35,7.43,7.19,7.35,213500,psxdata,2026-05-11T12:55:27
DFML,2020-01-03,7.35,7.35,7.04,7.06,140000,psxdata,2026-05-11T12:55:27
DFML,2020-01-06,6.8,6.8,6.32,6.41,336000,psxdata,2026-05-11T12:55:27
DFML,2020-01-07,6.7,6.7,6.55,6.6,133500,psxdata,2026-05-11T12:55:27
DFML,2020-01-08,6.5,6.65,6.3,6.39,208000,psxdata,2026-05-11T12:55:27
DFML,2020-01-09,6.69,7.39,6.55,7.0,183000,psxdata,2026-05-11T12:55:27
DFML,2020-01-10,7.0,7.25,6.71,7.0,275500,psxdata,2026-05-11T12:55:27
DFML,2020-01-13,7.15,8.0,7.15,8.0,2130000,psxdata,2026-05-11T12:55:27
DFML,2020-01-14,8.35,8.39,7.71,8.11,1214500,psxdata,2026-05-11T12:55:27
DFML,2020-01-15,8.11,8.23,7.9,8.01,726500,psxdata,2026-05-11T12:55:27
DFML,2020-01-16,8.12,8.12,7.85,7.99,357000,psxdata,2026-05-11T12:55:27
DFML,2020-01-17,8.09,8.38,7.8,7.86,780500,psxdata,2026-05-11T12:55:27
DFML,2020-01-20,7.95,7.95,7.48,7.53,343000,psxdata,2026-05-11T12:55:27
DFML,2020-01-21,7.6,7.67,7.37,7.42,248000,psxdata,2026-05-11T12:55:27
DFML,2020-01-22,7.43,7.55,7.1,7.3,178500,psxdata,2026-05-11T12:55:27
DFML,2020-01-23,7.17,7.49,7.17,7.19,141500,psxdata,2026-05-11T12:55:27
DFML,2020-01-24,7.26,7.4,7.25,7.31,132500,psxdata,2026-05-11T12:55:27
DFML,2020-01-27,7.4,7.99,7.4,7.59,574000,psxdata,2026-05-11T12:55:27
DFML,2020-01-28,7.51,7.65,7.4,7.46,137500,psxdata,2026-05-11T12:55:27
DFML,2020-01-29,7.34,7.5,7.25,7.42,250500,psxdata,2026-05-11T12:55:27
DFML,2020-01-30,7.29,7.5,7.28,7.36,42000,psxdata,2026-05-11T12:55:27
DFML,2020-01-31,7.64,7.64,7.3,7.35,115000,psxdata,2026-05-11T12:55:27
DFML,2020-02-03,7.09,7.23,7.0,7.15,163000,psxdata,2026-05-11T12:55:27
DFML,2020-02-04,7.2,7.25,7.13,7.2,62500,psxdata,2026-05-11T12:55:27
DFML,2020-02-06,7.29,7.29,7.02,7.15,6000,psxdata,2026-05-11T12:55:27
DFML,2020-02-07,7.06,7.09,6.81,6.86,79000,psxdata,2026-05-11T12:55:27
DFML,2020-02-10,6.8,6.8,5.86,5.86,651000,psxdata,2026-05-11T12:55:27
DFML,2020-02-11,5.91,5.96,5.66,5.84,218500,psxdata,2026-05-11T12:55:27
DFML,2020-02-12,6.3,6.3,6.0,6.11,140500,psxdata,2026-05-11T12:55:27
DFML,2020-02-13,6.15,6.3,5.91,5.98,161500,psxdata,2026-05-11T12:55:27
DFML,2020-02-14,5.8,5.99,5.8,5.88,54500,psxdata,2026-05-11T12:55:27
DFML,2020-02-17,5.86,5.9,5.7,5.75,149500,psxdata,2026-05-11T12:55:27
DFML,2020-02-18,5.77,5.99,5.75,5.94,126000,psxdata,2026-05-11T12:55:27
DFML,2020-02-19,5.99,6.19,5.87,6.15,121500,psxdata,2026-05-11T12:55:27
DFML,2020-02-20,6.2,6.2,5.7,5.78,221500,psxdata,2026-05-11T12:55:27
DFML,2020-02-21,5.85,5.9,5.75,5.78,94000,psxdata,2026-05-11T12:55:27
DFML,2020-02-24,5.94,5.94,5.5,5.69,98000,psxdata,2026-05-11T12:55:27
DFML,2020-02-25,5.62,5.79,5.62,5.72,21000,psxdata,2026-05-11T12:55:27
DFML,2020-02-26,5.65,5.65,5.07,5.16,412500,psxdata,2026-05-11T12:55:27
DFML,2020-02-27,4.9,5.09,4.75,5.05,139500,psxdata,2026-05-11T12:55:27
DFML,2020-02-28,5.67,5.67,5.0,5.1,327500,psxdata,2026-05-11T12:55:27
DFML,2020-03-02,5.12,5.38,5.12,5.27,97000,psxdata,2026-05-11T12:55:27
DFML,2020-03-03,5.49,5.6,5.35,5.38,145000,psxdata,2026-05-11T12:55:27
DFML,2020-03-04,5.41,5.41,5.11,5.21,67500,psxdata,2026-05-11T12:55:27
DFML,2020-03-05,5.35,5.99,5.2,5.62,422500,psxdata,2026-05-11T12:55:27
DFML,2020-03-06,5.62,5.62,5.1,5.23,139000,psxdata,2026-05-11T12:55:27
DFML,2020-03-09,5.01,5.85,4.8,5.16,140000,psxdata,2026-05-11T12:55:27
DFML,2020-03-10,5.49,5.49,5.0,5.12,364000,psxdata,2026-05-11T12:55:27
DFML,2020-03-11,5.3,5.3,4.8,5.01,82000,psxdata,2026-05-11T12:55:27
DFML,2020-03-12,4.7,5.05,4.7,4.79,50500,psxdata,2026-05-11T12:55:27
DFML,2020-03-13,4.6,4.98,4.12,4.75,277000,psxdata,2026-05-11T12:55:27
DFML,2020-03-16,4.5,4.6,4.22,4.36,155000,psxdata,2026-05-11T12:55:27
DFML,2020-03-17,4.5,4.7,4.3,4.39,173500,psxdata,2026-05-11T12:55:27
DFML,2020-03-18,4.18,4.29,3.39,3.43,408500,psxdata,2026-05-11T12:55:27
DFML,2020-03-19,2.87,3.5,2.85,3.42,260500,psxdata,2026-05-11T12:55:27
DFML,2020-03-20,3.7,3.75,3.4,3.4,293000,psxdata,2026-05-11T12:55:27
DFML,2020-03-24,3.0,3.0,2.6,2.9,189000,psxdata,2026-05-11T12:55:27
DFML,2020-03-25,3.1,3.1,2.76,2.9,148500,psxdata,2026-05-11T12:55:27
DFML,2020-03-26,2.51,3.2,2.51,2.81,306500,psxdata,2026-05-11T12:55:27
DFML,2020-03-27,3.1,3.1,2.7,2.83,375500,psxdata,2026-05-11T12:55:27
DFML,2020-03-30,2.84,2.85,2.41,2.69,421000,psxdata,2026-05-11T12:55:27
DFML,2020-03-31,2.85,3.44,2.85,3.36,346000,psxdata,2026-05-11T12:55:27
DFML,2020-04-01,3.3,3.69,3.3,3.45,316000,psxdata,2026-05-11T12:55:27
DFML,2020-04-02,3.35,4.2,3.35,4.09,629500,psxdata,2026-05-11T12:55:27
DFML,2020-04-03,4.25,4.48,4.1,4.35,504500,psxdata,2026-05-11T12:55:27
DFML,2020-04-06,4.22,4.25,3.7,3.83,206000,psxdata,2026-05-11T12:55:27
DFML,2020-04-07,3.9,4.1,3.36,3.83,91500,psxdata,2026-05-11T12:55:27
DFML,2020-04-08,3.71,3.79,3.5,3.63,185500,psxdata,2026-05-11T12:55:27
DFML,2020-04-09,3.63,3.82,3.63,3.69,416000,psxdata,2026-05-11T12:55:27
DFML,2020-04-10,3.67,3.85,3.6,3.74,109000,psxdata,2026-05-11T12:55:27
DFML,2020-04-13,3.76,3.84,3.6,3.61,145500,psxdata,2026-05-11T12:55:27
DFML,2020-04-14,3.71,3.84,3.63,3.76,309000,psxdata,2026-05-11T12:55:27
DFML,2020-04-15,3.8,3.86,3.67,3.7,89000,psxdata,2026-05-11T12:55:27
DFML,2020-04-16,3.84,3.9,3.7,3.76,70500,psxdata,2026-05-11T12:55:27
DFML,2020-04-17,4.44,4.48,4.11,4.3,581000,psxdata,2026-05-11T12:55:27
DFML,2020-04-20,4.48,4.6,4.01,4.18,370500,psxdata,2026-05-11T12:55:27
DFML,2020-04-21,4.25,4.25,3.97,4.0,354000,psxdata,2026-05-11T12:55:27
DFML,2020-04-22,4.0,4.0,3.86,3.92,132000,psxdata,2026-05-11T12:55:27
DFML,2020-04-23,4.0,4.1,3.8,3.93,65500,psxdata,2026-05-11T12:55:27
DFML,2020-04-24,3.87,3.9,3.81,3.85,47000,psxdata,2026-05-11T12:55:27
DFML,2020-04-27,3.8,3.89,3.75,3.89,10500,psxdata,2026-05-11T12:55:27
DFML,2020-04-28,3.89,3.9,3.82,3.87,20000,psxdata,2026-05-11T12:55:27
DFML,2020-04-29,3.82,4.05,3.82,4.0,52000,psxdata,2026-05-11T12:55:27
DFML,2020-04-30,3.99,4.05,3.85,4.03,136500,psxdata,2026-05-11T12:55:27
DFML,2020-05-04,4.0,4.04,3.89,4.04,50000,psxdata,2026-05-11T12:55:27
DFML,2020-05-05,4.0,4.08,3.96,4.0,18000,psxdata,2026-05-11T12:55:27
DFML,2020-05-06,4.0,4.4,3.9,4.2,251500,psxdata,2026-05-11T12:55:27
DFML,2020-05-07,4.02,4.5,4.02,4.16,236500,psxdata,2026-05-11T12:55:27
DFML,2020-05-08,4.1,4.15,4.05,4.08,17500,psxdata,2026-05-11T12:55:27
DFML,2020-05-11,4.04,4.15,4.03,4.04,41000,psxdata,2026-05-11T12:55:27
DFML,2020-05-12,4.2,4.85,4.2,4.52,1147000,psxdata,2026-05-11T12:55:27
DFML,2020-05-13,4.42,4.65,4.35,4.39,232500,psxdata,2026-05-11T12:55:27
DFML,2020-05-14,4.45,4.49,4.28,4.35,347000,psxdata,2026-05-11T12:55:27
DFML,2020-05-15,4.44,4.59,4.24,4.29,444000,psxdata,2026-05-11T12:55:27
DFML,2020-05-18,4.45,4.6,4.3,4.39,243000,psxdata,2026-05-11T12:55:27
DFML,2020-05-19,4.45,4.5,4.25,4.3,131000,psxdata,2026-05-11T12:55:27
DFML,2020-05-20,4.36,4.45,4.22,4.41,342500,psxdata,2026-05-11T12:55:27
DFML,2020-05-21,4.43,4.43,4.15,4.18,165000,psxdata,2026-05-11T12:55:27
DFML,2020-05-28,4.21,4.38,4.13,4.23,50500,psxdata,2026-05-11T12:55:27
DFML,2020-05-29,4.39,4.4,4.2,4.24,85000,psxdata,2026-05-11T12:55:27
DFML,2020-06-01,4.21,4.34,4.15,4.16,94500,psxdata,2026-05-11T12:55:27
DFML,2020-06-02,4.16,4.25,4.15,4.16,160500,psxdata,2026-05-11T12:55:27
DFML,2020-06-03,4.18,4.3,4.11,4.12,47500,psxdata,2026-05-11T12:55:27
DFML,2020-06-04,4.24,4.24,4.0,4.03,86500,psxdata,2026-05-11T12:55:27
DFML,2020-06-05,4.1,4.1,3.8,3.9,244500,psxdata,2026-05-11T12:55:27
DFML,2020-06-08,4.1,4.4,3.98,4.24,399500,psxdata,2026-05-11T12:55:27
DFML,2020-06-09,4.31,4.42,4.18,4.22,143000,psxdata,2026-05-11T12:55:27
DFML,2020-06-10,4.25,4.3,4.16,4.19,97500,psxdata,2026-05-11T12:55:27
DFML,2020-06-11,4.29,4.3,4.18,4.27,103500,psxdata,2026-05-11T12:55:27
DFML,2020-06-12,4.15,4.37,4.15,4.32,166500,psxdata,2026-05-11T12:55:27
DFML,2020-06-15,4.35,4.35,4.05,4.15,150000,psxdata,2026-05-11T12:55:27
DFML,2020-06-16,4.29,4.35,4.1,4.28,326000,psxdata,2026-05-11T12:55:27
DFML,2020-06-17,4.38,5.1,4.25,4.53,3249000,psxdata,2026-05-11T12:55:27
DFML,2020-06-18,4.5,4.9,4.45,4.51,693000,psxdata,2026-05-11T12:55:27
DFML,2020-06-19,4.6,4.74,4.55,4.57,162000,psxdata,2026-05-11T12:55:27
DFML,2020-06-22,4.6,4.6,4.3,4.49,96000,psxdata,2026-05-11T12:55:27
DFML,2020-06-23,4.6,4.69,4.4,4.5,147500,psxdata,2026-05-11T12:55:27
DFML,2020-06-24,4.5,4.8,4.41,4.73,642000,psxdata,2026-05-11T12:55:27
DFML,2020-06-25,4.78,4.99,4.66,4.83,457000,psxdata,2026-05-11T12:55:27
DFML,2020-06-26,4.9,5.8,4.9,5.38,2926000,psxdata,2026-05-11T12:55:27
DFML,2020-06-29,5.38,5.49,5.06,5.34,712000,psxdata,2026-05-11T12:55:27
DFML,2020-06-30,5.35,5.75,5.05,5.2,326500,psxdata,2026-05-11T12:55:27
DFML,2020-07-01,5.32,5.33,5.06,5.12,254500,psxdata,2026-05-11T12:55:27
DFML,2020-07-02,5.2,5.27,5.12,5.12,149500,psxdata,2026-05-11T12:55:27
DFML,2020-07-03,5.12,5.13,5.01,5.04,281500,psxdata,2026-05-11T12:55:27
DFML,2020-07-06,5.1,5.35,5.0,5.15,341000,psxdata,2026-05-11T12:55:27
DFML,2020-07-07,5.1,5.35,5.1,5.19,295000,psxdata,2026-05-11T12:55:27
DFML,2020-07-08,5.15,5.3,5.15,5.2,124000,psxdata,2026-05-11T12:55:27
DFML,2020-07-09,5.25,5.99,5.1,5.76,1876000,psxdata,2026-05-11T12:55:27
DFML,2020-07-10,5.89,6.34,5.85,6.02,2634000,psxdata,2026-05-11T12:55:27
DFML,2020-07-13,6.0,6.32,5.86,6.11,728500,psxdata,2026-05-11T12:55:27
DFML,2020-07-14,6.1,6.29,6.05,6.09,290000,psxdata,2026-05-11T12:55:27
DFML,2020-07-15,6.2,6.2,5.86,5.99,436000,psxdata,2026-05-11T12:55:27
DFML,2020-07-16,5.93,6.39,5.85,6.24,1501500,psxdata,2026-05-11T12:55:27
DFML,2020-07-17,6.21,6.49,6.1,6.2,884500,psxdata,2026-05-11T12:55:27
DFML,2020-07-20,6.3,6.6,6.26,6.39,994500,psxdata,2026-05-11T12:55:27
DFML,2020-07-21,6.4,6.55,6.14,6.32,994500,psxdata,2026-05-11T12:55:27
DFML,2020-07-22,6.4,6.8,6.4,6.48,1275500,psxdata,2026-05-11T12:55:27
DFML,2020-07-23,6.42,6.55,6.21,6.22,274000,psxdata,2026-05-11T12:55:27
DFML,2020-07-24,6.2,6.28,6.02,6.1,484500,psxdata,2026-05-11T12:55:27
DFML,2020-07-27,5.95,6.23,5.95,6.05,174500,psxdata,2026-05-11T12:55:27
DFML,2020-07-28,6.15,6.23,5.98,6.1,225000,psxdata,2026-05-11T12:55:27
DFML,2020-07-29,6.11,6.28,6.0,6.06,566500,psxdata,2026-05-11T12:55:27
DFML,2020-07-30,6.0,6.16,5.93,5.98,439000,psxdata,2026-05-11T12:55:27
DFML,2020-08-03,6.02,6.23,5.95,6.05,844500,psxdata,2026-05-11T12:55:27
DFML,2020-08-04,6.01,6.1,5.92,5.95,432000,psxdata,2026-05-11T12:55:27
DFML,2020-08-05,5.93,6.1,5.85,6.07,362000,psxdata,2026-05-11T12:55:27
DFML,2020-08-06,6.1,6.25,5.86,6.13,792000,psxdata,2026-05-11T12:55:27
DFML,2020-08-07,6.2,6.35,5.95,6.02,1170000,psxdata,2026-05-11T12:55:27
DFML,2020-08-10,6.1,6.17,5.86,5.89,323000,psxdata,2026-05-11T12:55:27
DFML,2020-08-11,6.08,6.14,5.81,5.96,312500,psxdata,2026-05-11T12:55:27
DFML,2020-08-12,5.92,6.05,5.8,5.87,170000,psxdata,2026-05-11T12:55:27
DFML,2020-08-13,5.99,6.0,5.72,5.98,158000,psxdata,2026-05-11T12:55:27
DFML,2020-08-17,6.0,6.06,5.8,5.84,271500,psxdata,2026-05-11T12:55:27
DFML,2020-08-18,5.76,5.85,5.7,5.72,256000,psxdata,2026-05-11T12:55:27
DFML,2020-08-19,5.71,5.8,5.67,5.7,94000,psxdata,2026-05-11T12:55:27
DFML,2020-08-20,5.84,5.84,5.67,5.69,93000,psxdata,2026-05-11T12:55:27
DFML,2020-08-21,5.7,6.33,5.7,5.99,2021000,psxdata,2026-05-11T12:55:27
DFML,2020-08-24,6.14,6.14,5.9,6.04,324000,psxdata,2026-05-11T12:55:27
DFML,2020-08-25,5.92,6.13,5.91,5.99,242000,psxdata,2026-05-11T12:55:27
DFML,2020-08-26,6.13,6.13,5.92,5.94,220000,psxdata,2026-05-11T12:55:27
DFML,2020-08-27,5.94,5.99,5.9,5.9,180500,psxdata,2026-05-11T12:55:27
DFML,2020-08-28,5.99,5.99,5.95,5.95,11000,psxdata,2026-05-11T12:55:27
DFML,2020-08-31,5.91,6.05,5.81,5.88,149000,psxdata,2026-05-11T12:55:27
DFML,2020-09-01,5.96,6.0,5.81,5.96,233000,psxdata,2026-05-11T12:55:27
DFML,2020-09-02,6.0,6.18,5.95,6.03,376500,psxdata,2026-05-11T12:55:27
DFML,2020-09-03,5.97,6.3,5.97,6.24,762000,psxdata,2026-05-11T12:55:27
DFML,2020-09-04,6.25,7.0,6.0,6.69,1705000,psxdata,2026-05-11T12:55:27
DFML,2020-09-07,6.9,7.69,6.89,7.69,2921500,psxdata,2026-05-11T12:55:27
DFML,2020-09-08,8.15,8.69,8.15,8.64,5767000,psxdata,2026-05-11T12:55:27
DFML,2020-09-09,8.65,9.64,8.2,9.42,5746000,psxdata,2026-05-11T12:55:27
DFML,2020-09-10,9.55,10.15,8.42,8.42,3778500,psxdata,2026-05-11T12:55:27
DFML,2020-09-11,8.24,8.45,7.61,7.91,1629500,psxdata,2026-05-11T12:55:27
DFML,2020-09-14,7.91,8.0,7.61,7.67,496000,psxdata,2026-05-11T12:55:27
DFML,2020-09-15,7.98,8.66,7.65,8.16,1862500,psxdata,2026-05-11T12:55:27
DFML,2020-09-16,8.17,8.7,8.15,8.26,1177500,psxdata,2026-05-11T12:55:27
DFML,2020-09-17,8.4,9.05,8.4,8.69,1493000,psxdata,2026-05-11T12:55:27
DFML,2020-09-18,8.75,9.44,8.51,9.32,2142000,psxdata,2026-05-11T12:55:27
DFML,2020-09-21,9.5,10.05,9.01,9.29,2273000,psxdata,2026-05-11T12:55:27
DFML,2020-09-22,9.12,9.3,8.65,8.75,856000,psxdata,2026-05-11T12:55:27
DFML,2020-09-23,8.9,9.16,8.31,8.49,2166000,psxdata,2026-05-11T12:55:27
DFML,2020-09-24,8.51,8.95,8.5,8.7,2113500,psxdata,2026-05-11T12:55:27
DFML,2020-09-25,8.66,8.89,8.5,8.54,393500,psxdata,2026-05-11T12:55:27
DFML,2020-09-28,8.45,8.6,7.9,8.06,347500,psxdata,2026-05-11T12:55:27
DFML,2020-09-29,8.03,8.39,7.8,8.08,204000,psxdata,2026-05-11T12:55:27
DFML,2020-09-30,8.14,8.35,7.75,7.89,197500,psxdata,2026-05-11T12:55:27
DFML,2020-10-01,7.99,8.0,7.4,7.52,408000,psxdata,2026-05-11T12:55:27
DFML,2020-10-02,7.5,7.99,7.25,7.4,235500,psxdata,2026-05-11T12:55:27
DFML,2020-10-05,7.4,7.4,6.75,6.85,350000,psxdata,2026-05-11T12:55:27
DFML,2020-10-06,6.86,6.92,6.25,6.54,280500,psxdata,2026-05-11T12:55:27
DFML,2020-10-07,6.79,7.3,6.6,7.2,425000,psxdata,2026-05-11T12:55:27
DFML,2020-10-08,7.2,7.4,6.9,7.15,289000,psxdata,2026-05-11T12:55:27
DFML,2020-10-09,7.15,7.35,7.09,7.13,126500,psxdata,2026-05-11T12:55:27
DFML,2020-10-12,7.3,7.3,6.7,6.83,145000,psxdata,2026-05-11T12:55:27
DFML,2020-10-13,6.95,6.95,6.7,6.76,63500,psxdata,2026-05-11T12:55:27
DFML,2020-10-14,7.0,7.15,6.71,6.94,73000,psxdata,2026-05-11T12:55:27
DFML,2020-10-15,7.0,7.6,6.81,7.27,555000,psxdata,2026-05-11T12:55:27
DFML,2020-10-16,7.11,7.19,7.05,7.1,65000,psxdata,2026-05-11T12:55:27
DFML,2020-10-19,7.2,7.3,7.07,7.22,39500,psxdata,2026-05-11T12:55:27
DFML,2020-10-20,7.36,7.6,7.2,7.59,465500,psxdata,2026-05-11T12:55:27
DFML,2020-10-21,7.72,8.2,7.5,7.91,579000,psxdata,2026-05-11T12:55:27
DFML,2020-10-22,8.0,8.25,7.6,7.7,177000,psxdata,2026-05-11T12:55:27
DFML,2020-10-23,7.75,8.0,7.6,7.81,154000,psxdata,2026-05-11T12:55:27
DFML,2020-10-26,7.75,8.15,7.72,7.8,427500,psxdata,2026-05-11T12:55:27
DFML,2020-10-27,7.7,7.89,7.6,7.63,123500,psxdata,2026-05-11T12:55:27
DFML,2020-10-28,7.53,7.8,7.42,7.59,123500,psxdata,2026-05-11T12:55:27
DFML,2020-10-29,7.39,7.43,6.6,7.06,709500,psxdata,2026-05-11T12:55:27
DFML,2020-11-02,6.56,6.8,6.25,6.73,89000,psxdata,2026-05-11T12:55:27
DFML,2020-11-03,6.7,7.18,6.7,7.11,121500,psxdata,2026-05-11T12:55:27
DFML,2020-11-04,7.2,7.29,6.9,6.93,109000,psxdata,2026-05-11T12:55:27
DFML,2020-11-05,7.0,7.13,6.9,7.1,146000,psxdata,2026-05-11T12:55:27
DFML,2020-11-06,7.01,7.15,7.0,7.01,63000,psxdata,2026-05-11T12:55:27
DFML,2020-11-09,7.1,7.14,6.9,7.03,77500,psxdata,2026-05-11T12:55:27
DFML,2020-11-10,7.1,7.2,6.96,7.02,63500,psxdata,2026-05-11T12:55:27
DFML,2020-11-11,7.0,7.09,6.95,7.01,31000,psxdata,2026-05-11T12:55:27
DFML,2020-11-12,6.8,7.0,6.75,6.79,177000,psxdata,2026-05-11T12:55:27
DFML,2020-11-13,6.79,7.0,6.72,6.93,23500,psxdata,2026-05-11T12:55:27
DFML,2020-11-16,6.89,6.95,6.85,6.95,12000,psxdata,2026-05-11T12:55:27
DFML,2020-11-17,6.7,6.99,6.65,6.79,85000,psxdata,2026-05-11T12:55:27
DFML,2020-11-18,6.51,6.9,6.5,6.78,31500,psxdata,2026-05-11T12:55:27
DFML,2020-11-19,6.7,6.93,6.7,6.85,18000,psxdata,2026-05-11T12:55:27
DFML,2020-11-20,6.8,6.85,6.6,6.64,89500,psxdata,2026-05-11T12:55:27
DFML,2020-11-23,6.5,6.68,6.4,6.51,40000,psxdata,2026-05-11T12:55:27
DFML,2020-11-24,6.46,6.72,6.45,6.53,38500,psxdata,2026-05-11T12:55:27
DFML,2020-11-25,6.75,6.79,6.58,6.69,40500,psxdata,2026-05-11T12:55:27
DFML,2020-11-26,6.8,6.87,6.7,6.74,95000,psxdata,2026-05-11T12:55:27
DFML,2020-11-27,6.78,6.79,6.61,6.64,62500,psxdata,2026-05-11T12:55:27
DFML,2020-11-30,6.75,6.75,6.46,6.5,137000,psxdata,2026-05-11T12:55:27
DFML,2020-12-01,6.68,6.68,6.5,6.54,182500,psxdata,2026-05-11T12:55:27
DFML,2020-12-02,6.63,6.75,6.55,6.61,120500,psxdata,2026-05-11T12:55:27
DFML,2020-12-03,6.73,7.61,6.73,7.25,1262000,psxdata,2026-05-11T12:55:27
DFML,2020-12-04,7.0,7.34,6.95,7.0,464000,psxdata,2026-05-11T12:55:27
DFML,2020-12-07,7.0,7.18,7.0,7.0,121000,psxdata,2026-05-11T12:55:27
DFML,2020-12-08,7.0,7.05,6.93,6.98,23500,psxdata,2026-05-11T12:55:27
DFML,2020-12-09,6.71,7.2,6.71,7.17,114000,psxdata,2026-05-11T12:55:27
DFML,2020-12-10,7.06,7.21,7.01,7.04,64500,psxdata,2026-05-11T12:55:27
DFML,2020-12-11,7.04,7.15,7.0,7.04,56000,psxdata,2026-05-11T12:55:27
DFML,2020-12-14,7.04,7.2,7.0,7.17,471000,psxdata,2026-05-11T12:55:27
DFML,2020-12-15,7.16,7.35,7.03,7.05,371000,psxdata,2026-05-11T12:55:27
DFML,2020-12-16,7.0,7.13,6.95,7.0,91500,psxdata,2026-05-11T12:55:27
DFML,2020-12-17,7.17,7.25,7.01,7.18,205000,psxdata,2026-05-11T12:55:27
DFML,2020-12-18,7.24,7.25,7.0,7.01,180500,psxdata,2026-05-11T12:55:27
DFML,2020-12-21,6.95,6.95,6.5,6.85,222000,psxdata,2026-05-11T12:55:27
DFML,2020-12-22,6.85,6.9,6.47,6.57,352500,psxdata,2026-05-11T12:55:27
DFML,2020-12-23,6.75,6.75,6.51,6.61,48500,psxdata,2026-05-11T12:55:27
DFML,2020-12-24,6.9,7.15,6.81,6.83,186500,psxdata,2026-05-11T12:55:27
DFML,2020-12-28,6.9,7.15,6.7,7.11,487500,psxdata,2026-05-11T12:55:27
DFML,2020-12-29,7.15,7.18,6.9,6.97,194500,psxdata,2026-05-11T12:55:27
DFML,2020-12-30,7.16,7.17,6.96,7.09,232500,psxdata,2026-05-11T12:55:27
DFML,2020-12-31,7.14,7.21,6.99,7.0,295500,psxdata,2026-05-11T12:55:27
DFML,2021-01-01,7.01,7.24,6.81,7.02,244500,psxdata,2026-05-11T12:55:27
DFML,2021-01-04,7.1,7.25,6.95,7.03,275500,psxdata,2026-05-11T12:55:27
DFML,2021-01-05,7.15,7.9,7.1,7.41,1396000,psxdata,2026-05-11T12:55:27
DFML,2021-01-06,7.41,7.41,7.12,7.22,194500,psxdata,2026-05-11T12:55:27
DFML,2021-01-07,7.2,7.3,7.09,7.11,223000,psxdata,2026-05-11T12:55:27
DFML,2021-01-08,7.1,7.24,7.06,7.12,96500,psxdata,2026-05-11T12:55:27
DFML,2021-01-11,7.1,7.15,6.8,6.87,548000,psxdata,2026-05-11T12:55:27
DFML,2021-01-12,6.9,7.46,6.87,7.36,1358000,psxdata,2026-05-11T12:55:27
DFML,2021-01-13,7.3,7.48,7.13,7.16,466000,psxdata,2026-05-11T12:55:27
DFML,2021-01-14,7.28,7.28,7.0,7.05,217500,psxdata,2026-05-11T12:55:27
DFML,2021-01-15,7.1,7.11,6.9,6.97,253000,psxdata,2026-05-11T12:55:27
DFML,2021-01-18,7.0,7.1,6.9,6.96,160000,psxdata,2026-05-11T12:55:27
DFML,2021-01-19,7.12,7.12,6.9,7.0,97000,psxdata,2026-05-11T12:55:27
DFML,2021-01-20,7.01,7.15,6.91,7.07,103500,psxdata,2026-05-11T12:55:27
DFML,2021-01-21,7.07,7.13,6.95,7.0,182000,psxdata,2026-05-11T12:55:27
DFML,2021-01-22,7.08,7.08,6.82,6.91,83500,psxdata,2026-05-11T12:55:27
DFML,2021-01-25,6.83,7.47,6.79,7.2,3414000,psxdata,2026-05-11T12:55:27
DFML,2021-01-26,7.12,7.25,7.0,7.02,324500,psxdata,2026-05-11T12:55:27
DFML,2021-01-27,7.02,7.03,6.9,6.96,434500,psxdata,2026-05-11T12:55:27
DFML,2021-01-28,6.99,6.99,6.8,6.82,274500,psxdata,2026-05-11T12:55:27
DFML,2021-01-29,6.98,7.04,6.75,6.9,163500,psxdata,2026-05-11T12:55:27
DFML,2021-02-01,6.79,7.05,6.79,6.84,159000,psxdata,2026-05-11T12:55:27
DFML,2021-02-02,6.84,6.97,6.8,6.86,127500,psxdata,2026-05-11T12:55:27
DFML,2021-02-03,6.8,6.97,6.71,6.8,264000,psxdata,2026-05-11T12:55:27
DFML,2021-02-04,6.93,6.93,6.53,6.75,271000,psxdata,2026-05-11T12:55:27
DFML,2021-02-08,6.72,6.85,6.5,6.51,485500,psxdata,2026-05-11T12:55:27
DFML,2021-02-09,6.7,7.2,6.59,6.9,833500,psxdata,2026-05-11T12:55:27
DFML,2021-02-10,7.0,7.12,6.77,6.97,653500,psxdata,2026-05-11T12:55:27
DFML,2021-02-11,7.0,7.08,6.75,6.8,379000,psxdata,2026-05-11T12:55:27
DFML,2021-02-12,6.8,6.9,6.68,6.74,249000,psxdata,2026-05-11T12:55:27
DFML,2021-02-15,6.71,6.94,6.7,6.78,211000,psxdata,2026-05-11T12:55:27
DFML,2021-02-16,6.8,6.9,6.73,6.79,182500,psxdata,2026-05-11T12:55:27
DFML,2021-02-17,6.9,7.3,6.72,6.98,1379500,psxdata,2026-05-11T12:55:27
DFML,2021-02-18,7.0,7.19,6.85,6.91,621500,psxdata,2026-05-11T12:55:27
DFML,2021-02-19,7.0,7.34,7.0,7.21,1384500,psxdata,2026-05-11T12:55:27
DFML,2021-02-22,7.3,7.35,7.03,7.06,416500,psxdata,2026-05-11T12:55:27
DFML,2021-02-23,6.82,7.3,6.8,6.91,757000,psxdata,2026-05-11T12:55:27
DFML,2021-02-24,6.91,6.91,6.51,6.64,513000,psxdata,2026-05-11T12:55:27
DFML,2021-02-25,6.98,6.98,6.7,6.8,232500,psxdata,2026-05-11T12:55:27
DFML,2021-02-26,6.72,6.9,6.7,6.74,152500,psxdata,2026-05-11T12:55:27
DFML,2021-03-01,6.83,6.83,6.49,6.52,284000,psxdata,2026-05-11T12:55:27
DFML,2021-03-02,6.52,6.7,6.52,6.59,148500,psxdata,2026-05-11T12:55:27
DFML,2021-03-03,6.75,6.75,6.57,6.66,206000,psxdata,2026-05-11T12:55:27
DFML,2021-03-04,6.4,6.6,6.12,6.39,167000,psxdata,2026-05-11T12:55:27
DFML,2021-03-05,6.59,6.59,6.31,6.38,249000,psxdata,2026-05-11T12:55:27
DFML,2021-03-08,6.6,6.6,6.2,6.22,375000,psxdata,2026-05-11T12:55:27
DFML,2021-03-09,6.43,6.43,5.82,5.89,132000,psxdata,2026-05-11T12:55:27
DFML,2021-03-10,5.91,6.0,5.8,5.8,130000,psxdata,2026-05-11T12:55:27
DFML,2021-03-11,5.81,5.99,5.4,5.47,110000,psxdata,2026-05-11T12:55:27
DFML,2021-03-12,5.7,5.74,5.5,5.65,83000,psxdata,2026-05-11T12:55:27
DFML,2021-03-15,5.5,5.9,5.5,5.85,222500,psxdata,2026-05-11T12:55:27
DFML,2021-03-16,5.88,5.99,5.85,5.85,63500,psxdata,2026-05-11T12:55:27
DFML,2021-03-17,5.85,6.19,5.85,6.01,161500,psxdata,2026-05-11T12:55:27
DFML,2021-03-18,5.9,6.05,5.75,5.79,207500,psxdata,2026-05-11T12:55:27
DFML,2021-03-19,5.99,5.99,5.6,5.77,78000,psxdata,2026-05-11T12:55:27
DFML,2021-03-22,5.85,6.0,5.8,5.81,118500,psxdata,2026-05-11T12:55:27
DFML,2021-03-24,5.94,5.94,5.8,5.83,108000,psxdata,2026-05-11T12:55:27
DFML,2021-03-25,5.85,5.94,5.8,5.82,35000,psxdata,2026-05-11T12:55:27
DFML,2021-03-26,5.81,5.81,5.51,5.7,72000,psxdata,2026-05-11T12:55:27
DFML,2021-03-29,5.61,5.81,5.4,5.46,101000,psxdata,2026-05-11T12:55:27
DFML,2021-03-30,5.43,5.74,5.42,5.52,55000,psxdata,2026-05-11T12:55:27
DFML,2021-03-31,5.69,5.93,5.6,5.72,470000,psxdata,2026-05-11T12:55:27
DFML,2021-04-01,5.52,5.63,5.45,5.45,150000,psxdata,2026-05-11T12:55:27
DFML,2021-04-02,5.59,5.59,5.35,5.48,57000,psxdata,2026-05-11T12:55:27
DFML,2021-04-05,5.4,5.5,5.23,5.26,60500,psxdata,2026-05-11T12:55:27
DFML,2021-04-06,5.05,5.45,5.02,5.28,348000,psxdata,2026-05-11T12:55:27
DFML,2021-04-07,5.3,5.39,5.19,5.2,76500,psxdata,2026-05-11T12:55:27
DFML,2021-04-08,5.3,5.3,5.13,5.26,28000,psxdata,2026-05-11T12:55:27
DFML,2021-04-09,5.39,5.39,5.11,5.2,262500,psxdata,2026-05-11T12:55:27
DFML,2021-04-12,5.12,5.29,5.03,5.13,226500,psxdata,2026-05-11T12:55:27
DFML,2021-04-13,5.04,5.25,5.02,5.17,49500,psxdata,2026-05-11T12:55:27
DFML,2021-04-14,5.3,5.33,5.15,5.17,136500,psxdata,2026-05-11T12:55:27
DFML,2021-04-15,5.09,5.25,5.09,5.15,66000,psxdata,2026-05-11T12:55:27
DFML,2021-04-16,5.24,5.25,5.1,5.13,51000,psxdata,2026-05-11T12:55:27
DFML,2021-04-19,5.03,5.36,5.03,5.1,140500,psxdata,2026-05-11T12:55:27
DFML,2021-04-20,5.1,5.2,5.03,5.18,207000,psxdata,2026-05-11T12:55:27
DFML,2021-04-21,5.13,5.2,5.11,5.13,32500,psxdata,2026-05-11T12:55:27
DFML,2021-04-22,5.1,5.2,5.03,5.06,107000,psxdata,2026-05-11T12:55:27
DFML,2021-04-23,5.06,5.1,5.0,5.02,69000,psxdata,2026-05-11T12:55:27
DFML,2021-04-26,5.19,5.19,5.0,5.03,54500,psxdata,2026-05-11T12:55:27
DFML,2021-04-27,5.01,5.14,4.95,4.98,121000,psxdata,2026-05-11T12:55:27
DFML,2021-04-28,5.01,5.01,4.9,4.94,140500,psxdata,2026-05-11T12:55:27
DFML,2021-04-29,4.84,5.0,4.8,4.84,91500,psxdata,2026-05-11T12:55:27
DFML,2021-04-30,4.84,4.85,4.62,4.71,48500,psxdata,2026-05-11T12:55:27
DFML,2021-05-03,4.6,4.78,4.3,4.51,83000,psxdata,2026-05-11T12:55:27
DFML,2021-05-04,4.53,4.86,4.5,4.7,80000,psxdata,2026-05-11T12:55:27
DFML,2021-05-05,4.89,4.9,4.6,4.64,63500,psxdata,2026-05-11T12:55:27
DFML,2021-05-06,4.74,5.02,4.72,4.78,26000,psxdata,2026-05-11T12:55:27
DFML,2021-05-17,4.61,5.2,4.61,5.14,206000,psxdata,2026-05-11T12:55:27
DFML,2021-05-18,5.2,5.25,5.0,5.08,124500,psxdata,2026-05-11T12:55:27
DFML,2021-05-19,5.19,6.08,5.0,6.08,3257500,psxdata,2026-05-11T12:55:27
DFML,2021-05-20,6.35,7.08,6.35,7.08,3055500,psxdata,2026-05-11T12:55:27
DFML,2021-05-21,7.88,8.08,7.26,7.42,5425000,psxdata,2026-05-11T12:55:27
DFML,2021-05-24,7.46,7.46,6.7,6.99,1308500,psxdata,2026-05-11T12:55:27
DFML,2021-05-25,7.0,7.74,6.7,7.34,1264000,psxdata,2026-05-11T12:55:27
DFML,2021-05-26,7.21,7.65,7.05,7.12,1543000,psxdata,2026-05-11T12:55:27
DFML,2021-05-27,7.08,7.25,6.8,6.83,1382500,psxdata,2026-05-11T12:55:27
DFML,2021-05-28,6.99,7.1,6.85,6.88,526500,psxdata,2026-05-11T12:55:27
DFML,2021-05-31,6.81,7.44,6.81,7.34,1941000,psxdata,2026-05-11T12:55:27
DFML,2021-06-01,7.5,7.5,7.06,7.12,1004500,psxdata,2026-05-11T12:55:27
DFML,2021-06-02,7.25,7.6,7.03,7.19,2841000,psxdata,2026-05-11T12:55:27
DFML,2021-06-03,7.06,7.7,7.0,7.24,2490000,psxdata,2026-05-11T12:55:27
DFML,2021-06-04,7.21,7.59,7.06,7.29,1404000,psxdata,2026-05-11T12:55:27
DFML,2021-06-07,7.21,7.55,7.18,7.29,2154500,psxdata,2026-05-11T12:55:27
DFML,2021-06-08,7.26,7.34,6.91,6.97,613500,psxdata,2026-05-11T12:55:27
DFML,2021-06-09,7.0,7.1,6.9,6.96,268500,psxdata,2026-05-11T12:55:27
DFML,2021-06-10,6.86,7.11,6.86,6.9,371500,psxdata,2026-05-11T12:55:27
DFML,2021-06-11,6.94,7.18,6.94,6.98,467000,psxdata,2026-05-11T12:55:27
DFML,2021-06-14,7.2,7.23,6.94,6.99,444500,psxdata,2026-05-11T12:55:27
DFML,2021-06-15,7.0,7.25,6.95,7.0,344000,psxdata,2026-05-11T12:55:27
DFML,2021-06-16,7.01,8.0,7.01,8.0,11792000,psxdata,2026-05-11T12:55:27
DFML,2021-06-17,8.09,8.39,7.3,7.42,4948000,psxdata,2026-05-11T12:55:27
DFML,2021-06-18,7.4,7.79,7.3,7.39,1128000,psxdata,2026-05-11T12:55:27
DFML,2021-06-21,7.5,8.0,7.41,7.74,1618000,psxdata,2026-05-11T12:55:27
DFML,2021-06-22,7.81,8.74,7.78,8.32,10781000,psxdata,2026-05-11T12:55:27
DFML,2021-06-23,8.21,8.59,8.06,8.21,3624000,psxdata,2026-05-11T12:55:27
DFML,2021-06-24,8.24,9.21,8.24,9.21,9130000,psxdata,2026-05-11T12:55:27
DFML,2021-06-25,9.75,10.21,9.56,10.21,7257500,psxdata,2026-05-11T12:55:27
DFML,2021-06-28,10.59,10.7,9.6,9.74,6927500,psxdata,2026-05-11T12:55:27
DFML,2021-06-29,9.6,9.88,9.4,9.5,1523500,psxdata,2026-05-11T12:55:27
DFML,2021-06-30,9.5,10.5,9.4,10.5,5363500,psxdata,2026-05-11T12:55:27
DFML,2021-07-01,10.8,11.5,10.5,11.39,8087000,psxdata,2026-05-11T12:55:27
DFML,2021-07-02,11.55,12.39,11.02,12.39,7097000,psxdata,2026-05-11T12:55:27
DFML,2021-07-05,12.55,13.39,12.25,13.34,6750000,psxdata,2026-05-11T12:55:27
DFML,2021-07-06,13.0,13.9,12.51,12.71,7930500,psxdata,2026-05-11T12:55:27
DFML,2021-07-07,12.9,13.49,12.06,13.15,4693000,psxdata,2026-05-11T12:55:27
DFML,2021-07-08,13.12,14.15,13.12,14.15,5060000,psxdata,2026-05-11T12:55:27
DFML,2021-07-09,14.9,15.21,14.6,15.14,8811500,psxdata,2026-05-11T12:55:27
DFML,2021-07-12,15.55,15.64,14.6,14.89,3663000,psxdata,2026-05-11T12:55:27
DFML,2021-07-13,15.05,15.2,13.78,13.78,3543000,psxdata,2026-05-11T12:55:27
DFML,2021-07-14,13.48,13.6,12.75,12.75,4336500,psxdata,2026-05-11T12:55:27
DFML,2021-07-15,12.24,13.58,12.05,12.97,9225000,psxdata,2026-05-11T12:55:27
DFML,2021-07-16,13.11,13.23,11.97,12.01,4305000,psxdata,2026-05-11T12:55:27
DFML,2021-07-19,12.2,12.98,11.75,12.74,4307500,psxdata,2026-05-11T12:55:27
DFML,2021-07-23,12.7,12.74,12.06,12.18,1211500,psxdata,2026-05-11T12:55:27
DFML,2021-07-26,12.09,12.6,11.9,11.95,2031000,psxdata,2026-05-11T12:55:27
DFML,2021-07-27,11.9,12.05,10.95,10.95,2091000,psxdata,2026-05-11T12:55:27
DFML,2021-07-28,10.75,11.65,10.41,10.68,3879500,psxdata,2026-05-11T12:55:27
DFML,2021-07-29,10.65,11.68,10.55,11.68,5148500,psxdata,2026-05-11T12:55:27
DFML,2021-07-30,11.89,11.97,11.04,11.14,3512000,psxdata,2026-05-11T12:55:27
DFML,2021-08-02,11.44,11.84,11.11,11.56,2294000,psxdata,2026-05-11T12:55:27
DFML,2021-08-03,11.51,12.56,11.51,11.86,6629000,psxdata,2026-05-11T12:55:27
DFML,2021-08-04,11.91,12.1,11.6,11.66,1552000,psxdata,2026-05-11T12:55:27
DFML,2021-08-05,11.65,11.72,11.1,11.18,1925000,psxdata,2026-05-11T12:55:27
DFML,2021-08-06,11.11,11.56,11.05,11.26,846500,psxdata,2026-05-11T12:55:27
DFML,2021-08-09,11.3,11.45,10.35,10.51,1052000,psxdata,2026-05-11T12:55:27
DFML,2021-08-10,10.51,11.45,10.5,11.02,2328000,psxdata,2026-05-11T12:55:27
DFML,2021-08-11,11.28,11.8,11.0,11.39,2823500,psxdata,2026-05-11T12:55:27
DFML,2021-08-12,11.49,11.65,10.86,10.92,1183500,psxdata,2026-05-11T12:55:27
DFML,2021-08-13,10.86,11.05,10.51,10.57,888000,psxdata,2026-05-11T12:55:27
DFML,2021-08-16,10.62,10.66,9.81,10.02,771000,psxdata,2026-05-11T12:55:27
DFML,2021-08-17,10.14,10.58,10.14,10.46,485500,psxdata,2026-05-11T12:55:27
DFML,2021-08-20,10.51,10.75,10.2,10.57,502500,psxdata,2026-05-11T12:55:27
DFML,2021-08-23,10.9,11.57,10.88,11.57,1760000,psxdata,2026-05-11T12:55:27
DFML,2021-08-24,11.91,12.25,11.2,11.4,4034000,psxdata,2026-05-11T12:55:27
DFML,2021-08-25,11.53,11.73,11.3,11.35,742500,psxdata,2026-05-11T12:55:27
DFML,2021-08-26,11.35,11.53,10.75,10.8,877000,psxdata,2026-05-11T12:55:27
DFML,2021-08-27,11.04,11.6,10.55,11.25,1554500,psxdata,2026-05-11T12:55:27
DFML,2021-08-30,11.26,12.25,11.17,12.19,4081500,psxdata,2026-05-11T12:55:27
DFML,2021-08-31,12.28,12.4,11.61,11.72,2112000,psxdata,2026-05-11T12:55:27
DFML,2021-09-01,11.95,12.0,11.22,11.39,1155000,psxdata,2026-05-11T12:55:27
DFML,2021-09-02,11.45,11.98,11.4,11.49,1450000,psxdata,2026-05-11T12:55:27
DFML,2021-09-03,11.8,11.8,11.2,11.26,603000,psxdata,2026-05-11T12:55:27
DFML,2021-09-06,11.35,11.4,10.85,11.03,728000,psxdata,2026-05-11T12:55:27
DFML,2021-09-07,11.05,11.1,10.7,10.81,517500,psxdata,2026-05-11T12:55:27
DFML,2021-09-08,10.99,11.09,10.57,10.67,308000,psxdata,2026-05-11T12:55:27
DFML,2021-09-09,10.94,11.25,10.5,10.59,1347500,psxdata,2026-05-11T12:55:27
DFML,2021-09-10,10.8,10.8,10.2,10.25,1215500,psxdata,2026-05-11T12:55:27
DFML,2021-09-13,10.55,10.9,10.2,10.36,1098000,psxdata,2026-05-11T12:55:27
DFML,2021-09-14,10.4,10.7,9.75,10.14,875500,psxdata,2026-05-11T12:55:27
DFML,2021-09-15,10.07,10.13,9.66,9.73,425000,psxdata,2026-05-11T12:55:27
DFML,2021-09-16,9.75,10.0,9.65,9.72,496000,psxdata,2026-05-11T12:55:27
DFML,2021-09-17,9.86,10.35,9.51,9.83,1065500,psxdata,2026-05-11T12:55:27
DFML,2021-09-20,10.05,10.1,9.55,9.66,337500,psxdata,2026-05-11T12:55:27
DFML,2021-09-21,9.66,9.97,9.01,9.24,357000,psxdata,2026-05-11T12:55:27
DFML,2021-09-22,9.11,9.11,8.24,8.25,2307500,psxdata,2026-05-11T12:55:27
DFML,2021-09-23,8.49,8.5,7.39,7.61,745500,psxdata,2026-05-11T12:55:27
DFML,2021-09-24,7.89,7.89,7.13,7.29,725500,psxdata,2026-05-11T12:55:27
DFML,2021-09-27,7.23,7.4,6.93,7.01,276500,psxdata,2026-05-11T12:55:27
DFML,2021-09-28,7.25,8.01,7.01,7.8,790000,psxdata,2026-05-11T12:55:27
DFML,2021-09-29,7.9,7.9,7.05,7.22,820000,psxdata,2026-05-11T12:55:27
DFML,2021-09-30,7.11,7.6,7.1,7.51,352500,psxdata,2026-05-11T12:55:27
DFML,2021-10-01,7.4,7.85,7.4,7.55,323000,psxdata,2026-05-11T12:55:27
DFML,2021-10-04,7.2,7.8,7.1,7.66,306500,psxdata,2026-05-11T12:55:27
DFML,2021-10-05,7.8,8.35,7.66,7.93,969500,psxdata,2026-05-11T12:55:27
DFML,2021-10-06,7.67,7.97,7.67,7.73,219000,psxdata,2026-05-11T12:55:27
DFML,2021-10-07,7.77,7.9,7.6,7.65,207500,psxdata,2026-05-11T12:55:27
DFML,2021-10-08,7.55,7.85,7.37,7.49,123500,psxdata,2026-05-11T12:55:27
DFML,2021-10-11,7.44,7.44,6.88,6.99,400500,psxdata,2026-05-11T12:55:27
DFML,2021-10-12,6.81,7.07,6.6,6.88,426000,psxdata,2026-05-11T12:55:27
DFML,2021-10-13,7.1,7.1,6.4,6.5,1347500,psxdata,2026-05-11T12:55:27
DFML,2021-10-14,6.55,7.5,6.55,6.97,1521000,psxdata,2026-05-11T12:55:27
DFML,2021-10-15,7.0,7.01,6.6,6.73,1020000,psxdata,2026-05-11T12:55:27
DFML,2021-10-18,6.7,6.74,6.53,6.6,372500,psxdata,2026-05-11T12:55:27
DFML,2021-10-20,6.84,6.84,6.65,6.73,283500,psxdata,2026-05-11T12:55:27
DFML,2021-10-21,6.88,6.88,6.4,6.45,316000,psxdata,2026-05-11T12:55:27
DFML,2021-10-22,6.4,6.63,6.22,6.31,229000,psxdata,2026-05-11T12:55:27
DFML,2021-10-25,6.21,6.38,6.2,6.24,66500,psxdata,2026-05-11T12:55:27
DFML,2021-10-26,6.45,6.46,6.3,6.31,59500,psxdata,2026-05-11T12:55:27
DFML,2021-10-27,6.44,6.46,6.25,6.36,139500,psxdata,2026-05-11T12:55:27
DFML,2021-10-28,6.6,7.36,6.6,7.27,1949000,psxdata,2026-05-11T12:55:27
DFML,2021-10-29,7.34,7.34,6.82,7.06,368500,psxdata,2026-05-11T12:55:27
DFML,2021-11-01,7.3,7.86,7.11,7.41,1393000,psxdata,2026-05-11T12:55:27
DFML,2021-11-02,7.5,7.85,7.34,7.41,728500,psxdata,2026-05-11T12:55:27
DFML,2021-11-03,7.37,7.7,7.35,7.47,371500,psxdata,2026-05-11T12:55:27
DFML,2021-11-04,7.55,8.25,7.5,8.09,1791500,psxdata,2026-05-11T12:55:27
DFML,2021-11-05,8.18,8.35,7.72,7.91,963500,psxdata,2026-05-11T12:55:27
DFML,2021-11-08,7.95,8.09,7.66,7.72,420000,psxdata,2026-05-11T12:55:27
DFML,2021-11-09,7.45,7.69,7.02,7.21,689500,psxdata,2026-05-11T12:55:27
DFML,2021-11-10,7.24,7.42,7.2,7.22,275000,psxdata,2026-05-11T12:55:27
DFML,2021-11-11,7.2,7.24,6.69,6.75,901500,psxdata,2026-05-11T12:55:27
DFML,2021-11-12,6.75,6.9,6.56,6.61,245000,psxdata,2026-05-11T12:55:27
DFML,2021-11-15,6.65,6.79,6.56,6.69,173500,psxdata,2026-05-11T12:55:27
DFML,2021-11-16,6.8,7.06,6.7,7.0,591500,psxdata,2026-05-11T12:55:27
DFML,2021-11-17,7.0,7.0,6.48,6.56,709500,psxdata,2026-05-11T12:55:27
DFML,2021-11-18,6.68,6.69,6.4,6.5,397500,psxdata,2026-05-11T12:55:27
DFML,2021-11-19,6.5,6.65,6.39,6.41,731000,psxdata,2026-05-11T12:55:27
DFML,2021-11-22,6.41,6.41,6.0,6.13,381500,psxdata,2026-05-11T12:55:27
DFML,2021-11-23,6.16,6.45,5.8,5.86,595500,psxdata,2026-05-11T12:55:27
DFML,2021-11-24,5.75,5.82,5.53,5.66,262000,psxdata,2026-05-11T12:55:27
DFML,2021-11-25,5.84,6.6,5.78,6.32,2149500,psxdata,2026-05-11T12:55:27
DFML,2021-11-26,6.44,7.3,6.44,7.06,2624500,psxdata,2026-05-11T12:55:27
DFML,2021-11-29,6.71,7.15,6.68,6.84,1058000,psxdata,2026-05-11T12:55:27
DFML,2021-11-30,6.8,7.05,6.5,6.71,759000,psxdata,2026-05-11T12:55:27
DFML,2021-12-01,6.7,6.84,6.65,6.76,388000,psxdata,2026-05-11T12:55:27
DFML,2021-12-02,6.65,6.69,5.76,5.77,1363500,psxdata,2026-05-11T12:55:27
DFML,2021-12-03,5.9,6.15,5.4,5.73,647000,psxdata,2026-05-11T12:55:27
DFML,2021-12-06,5.99,6.05,5.75,5.97,246000,psxdata,2026-05-11T12:55:27
DFML,2021-12-07,5.82,6.28,5.82,6.09,333500,psxdata,2026-05-11T12:55:27
DFML,2021-12-08,6.15,6.65,5.93,6.51,1377000,psxdata,2026-05-11T12:55:27
DFML,2021-12-09,6.69,6.69,6.0,6.21,669500,psxdata,2026-05-11T12:55:27
DFML,2021-12-10,6.2,6.24,5.96,6.07,470000,psxdata,2026-05-11T12:55:27
DFML,2021-12-13,5.9,5.95,5.51,5.67,207500,psxdata,2026-05-11T12:55:27
DFML,2021-12-14,5.6,6.2,5.6,6.03,295000,psxdata,2026-05-11T12:55:27
DFML,2021-12-15,6.2,6.94,6.15,6.74,2092500,psxdata,2026-05-11T12:55:27
DFML,2021-12-16,6.51,6.62,6.1,6.25,512500,psxdata,2026-05-11T12:55:27
DFML,2021-12-17,6.38,6.38,6.11,6.24,232500,psxdata,2026-05-11T12:55:27
DFML,2021-12-20,6.22,6.61,6.2,6.38,671000,psxdata,2026-05-11T12:55:27
DFML,2021-12-21,6.55,6.55,6.24,6.28,216000,psxdata,2026-05-11T12:55:27
DFML,2021-12-22,6.45,6.98,6.45,6.77,3131500,psxdata,2026-05-11T12:55:27
DFML,2021-12-23,6.85,6.86,6.25,6.43,565500,psxdata,2026-05-11T12:55:27
DFML,2021-12-24,6.5,6.5,6.16,6.25,283500,psxdata,2026-05-11T12:55:27
DFML,2021-12-27,6.3,6.35,6.15,6.2,160000,psxdata,2026-05-11T12:55:27
DFML,2021-12-28,6.2,6.4,6.2,6.27,127500,psxdata,2026-05-11T12:55:27
DFML,2021-12-29,6.3,6.37,6.25,6.32,442000,psxdata,2026-05-11T12:55:27
DFML,2021-12-30,6.4,6.7,6.31,6.35,557000,psxdata,2026-05-11T12:55:27
DFML,2021-12-31,6.49,6.55,6.3,6.35,155000,psxdata,2026-05-11T12:55:27
DFML,2022-01-03,6.55,6.75,6.36,6.4,577000,psxdata,2026-05-11T12:55:27
DFML,2022-01-04,6.48,6.65,6.4,6.52,507000,psxdata,2026-05-11T12:55:27
DFML,2022-01-05,6.64,6.75,6.35,6.43,907000,psxdata,2026-05-11T12:55:27
DFML,2022-01-06,6.41,6.46,6.1,6.13,661500,psxdata,2026-05-11T12:55:27
DFML,2022-01-07,6.25,6.39,6.14,6.29,437000,psxdata,2026-05-11T12:55:27
DFML,2022-01-10,6.35,6.49,6.25,6.32,297500,psxdata,2026-05-11T12:55:27
DFML,2022-01-11,6.4,7.18,6.36,7.02,4825000,psxdata,2026-05-11T12:55:27
DFML,2022-01-12,7.19,7.19,6.51,6.65,1658000,psxdata,2026-05-11T12:55:27
DFML,2022-01-13,6.4,6.7,6.39,6.42,377000,psxdata,2026-05-11T12:55:27
DFML,2022-01-14,6.5,6.7,6.35,6.37,605500,psxdata,2026-05-11T12:55:27
DFML,2022-01-17,6.55,6.55,6.27,6.42,122500,psxdata,2026-05-11T12:55:27
DFML,2022-01-18,6.34,6.44,6.3,6.33,126000,psxdata,2026-05-11T12:55:27
DFML,2022-01-19,6.36,6.36,5.83,5.88,531500,psxdata,2026-05-11T12:55:27
DFML,2022-01-20,5.85,6.09,5.85,6.0,499000,psxdata,2026-05-11T12:55:27
DFML,2022-01-21,6.02,6.17,6.0,6.05,187000,psxdata,2026-05-11T12:55:27
DFML,2022-01-24,6.1,6.1,5.9,5.94,269500,psxdata,2026-05-11T12:55:27
DFML,2022-01-25,6.1,6.1,5.88,5.91,229000,psxdata,2026-05-11T12:55:27
DFML,2022-01-26,6.0,6.08,5.86,5.89,116000,psxdata,2026-05-11T12:55:27
DFML,2022-01-27,6.07,6.07,5.8,5.82,214500,psxdata,2026-05-11T12:55:27
DFML,2022-01-28,5.9,6.05,5.84,5.87,196000,psxdata,2026-05-11T12:55:27
DFML,2022-01-31,5.87,6.05,5.87,5.99,224500,psxdata,2026-05-11T12:55:27
DFML,2022-02-01,6.03,6.2,6.03,6.08,373500,psxdata,2026-05-11T12:55:27
DFML,2022-02-02,6.1,6.2,6.05,6.09,159500,psxdata,2026-05-11T12:55:27
DFML,2022-02-03,6.14,6.28,6.07,6.09,261000,psxdata,2026-05-11T12:55:27
DFML,2022-02-04,6.04,6.2,6.03,6.14,180000,psxdata,2026-05-11T12:55:27
DFML,2022-02-07,6.17,6.17,5.96,5.98,424500,psxdata,2026-05-11T12:55:27
DFML,2022-02-08,6.0,6.04,5.95,5.97,93000,psxdata,2026-05-11T12:55:27
DFML,2022-02-09,5.91,6.1,5.91,6.06,187000,psxdata,2026-05-11T12:55:27
DFML,2022-02-10,6.05,6.12,5.9,5.98,213500,psxdata,2026-05-11T12:55:27
DFML,2022-02-11,5.91,6.42,5.9,6.11,1060000,psxdata,2026-05-11T12:55:27
DFML,2022-02-14,6.15,6.19,5.85,5.88,366500,psxdata,2026-05-11T12:55:27
DFML,2022-02-15,5.83,6.0,5.82,5.94,176000,psxdata,2026-05-11T12:55:27
DFML,2022-02-16,6.08,6.08,5.88,5.9,208500,psxdata,2026-05-11T12:55:27
DFML,2022-02-17,5.95,5.95,5.81,5.9,70000,psxdata,2026-05-11T12:55:27
DFML,2022-02-18,5.95,5.95,5.8,5.82,113000,psxdata,2026-05-11T12:55:27
DFML,2022-02-21,5.73,5.85,5.7,5.74,94500,psxdata,2026-05-11T12:55:27
DFML,2022-02-22,5.7,5.89,5.52,5.59,252000,psxdata,2026-05-11T12:55:27
DFML,2022-02-23,5.6,5.78,5.58,5.67,112500,psxdata,2026-05-11T12:55:27
DFML,2022-02-24,5.5,5.59,5.01,5.14,395000,psxdata,2026-05-11T12:55:27
DFML,2022-02-25,5.2,5.3,5.01,5.29,178500,psxdata,2026-05-11T12:55:27
DFML,2022-02-28,5.02,5.64,5.02,5.46,64000,psxdata,2026-05-11T12:55:27
DFML,2022-03-01,5.6,5.9,5.52,5.6,166000,psxdata,2026-05-11T12:55:27
DFML,2022-03-02,5.51,5.6,5.5,5.54,143500,psxdata,2026-05-11T12:55:27
DFML,2022-03-03,5.6,6.54,5.54,6.14,6259500,psxdata,2026-05-11T12:55:27
DFML,2022-03-04,6.0,6.15,5.9,5.95,459500,psxdata,2026-05-11T12:55:27
DFML,2022-03-07,5.62,5.66,5.2,5.33,603500,psxdata,2026-05-11T12:55:27
DFML,2022-03-08,5.48,5.55,5.05,5.12,378500,psxdata,2026-05-11T12:55:27
DFML,2022-03-09,5.16,5.25,5.11,5.12,51000,psxdata,2026-05-11T12:55:27
DFML,2022-03-10,5.43,5.44,5.26,5.4,144000,psxdata,2026-05-11T12:55:27
DFML,2022-03-11,5.3,5.37,5.21,5.22,144000,psxdata,2026-05-11T12:55:27
DFML,2022-03-14,5.22,5.3,5.03,5.05,110000,psxdata,2026-05-11T12:55:27
DFML,2022-03-15,5.22,5.27,5.05,5.23,197000,psxdata,2026-05-11T12:55:27
DFML,2022-03-16,5.32,5.37,5.16,5.16,137000,psxdata,2026-05-11T12:55:27
DFML,2022-03-17,5.29,5.29,5.05,5.07,84500,psxdata,2026-05-11T12:55:27
DFML,2022-03-18,4.9,5.0,4.83,4.93,113500,psxdata,2026-05-11T12:55:27
DFML,2022-03-21,5.1,5.1,4.92,4.98,26000,psxdata,2026-05-11T12:55:27
DFML,2022-03-22,5.1,5.24,5.02,5.08,108000,psxdata,2026-05-11T12:55:27
DFML,2022-03-24,5.0,5.08,4.96,4.98,53000,psxdata,2026-05-11T12:55:27
DFML,2022-03-25,4.92,5.1,4.92,5.06,30000,psxdata,2026-05-11T12:55:27
DFML,2022-03-28,4.61,5.44,4.6,5.32,406500,psxdata,2026-05-11T12:55:27
DFML,2022-03-29,5.49,5.84,5.32,5.54,935500,psxdata,2026-05-11T12:55:27
DFML,2022-03-30,5.23,5.54,5.23,5.37,256500,psxdata,2026-05-11T12:55:27
DFML,2022-03-31,5.28,5.7,5.28,5.56,235500,psxdata,2026-05-11T12:55:27
DFML,2022-04-01,5.76,5.76,5.5,5.52,302500,psxdata,2026-05-11T12:55:27
DFML,2022-04-04,5.03,5.4,5.01,5.18,57500,psxdata,2026-05-11T12:55:27
DFML,2022-04-05,5.15,5.27,5.15,5.18,35500,psxdata,2026-05-11T12:55:27
DFML,2022-04-06,5.28,5.35,5.25,5.28,32500,psxdata,2026-05-11T12:55:27
DFML,2022-04-07,5.34,5.38,5.25,5.35,12000,psxdata,2026-05-11T12:55:27
DFML,2022-04-08,5.26,5.4,5.26,5.35,64000,psxdata,2026-05-11T12:55:27
DFML,2022-04-11,5.69,5.95,5.61,5.79,1031500,psxdata,2026-05-11T12:55:27
DFML,2022-04-12,5.99,6.3,5.53,6.18,600500,psxdata,2026-05-11T12:55:27
DFML,2022-04-13,6.0,6.19,5.88,5.9,305500,psxdata,2026-05-11T12:55:27
DFML,2022-04-14,5.77,5.95,5.77,5.94,77000,psxdata,2026-05-11T12:55:27
DFML,2022-04-15,5.99,6.13,5.8,5.86,402500,psxdata,2026-05-11T12:55:27
DFML,2022-04-18,5.86,5.97,5.72,5.74,114500,psxdata,2026-05-11T12:55:27
DFML,2022-04-19,5.61,5.83,5.57,5.61,186000,psxdata,2026-05-11T12:55:27
DFML,2022-04-20,5.57,5.78,5.54,5.6,21000,psxdata,2026-05-11T12:55:27
DFML,2022-04-21,5.5,5.6,5.5,5.6,20000,psxdata,2026-05-11T12:55:27
DFML,2022-04-22,5.5,5.6,5.5,5.58,52500,psxdata,2026-05-11T12:55:27
DFML,2022-04-25,5.83,5.83,5.53,5.55,58000,psxdata,2026-05-11T12:55:27
DFML,2022-04-26,5.47,5.6,5.4,5.47,16500,psxdata,2026-05-11T12:55:27
DFML,2022-04-27,5.5,5.5,5.25,5.28,201000,psxdata,2026-05-11T12:55:27
DFML,2022-04-28,5.15,5.3,5.0,5.23,355000,psxdata,2026-05-11T12:55:27
DFML,2022-05-06,5.35,5.35,5.11,5.12,41500,psxdata,2026-05-11T12:55:27
DFML,2022-05-09,5.05,5.05,4.7,4.74,165500,psxdata,2026-05-11T12:55:27
DFML,2022-05-10,4.95,4.98,4.49,4.57,331000,psxdata,2026-05-11T12:55:27
DFML,2022-05-11,4.69,5.57,4.67,5.01,1108000,psxdata,2026-05-11T12:55:27
DFML,2022-05-12,4.99,5.1,4.7,4.95,103500,psxdata,2026-05-11T12:55:27
DFML,2022-05-13,4.6,5.0,4.6,4.82,116500,psxdata,2026-05-11T12:55:27
DFML,2022-05-16,4.65,4.72,4.5,4.51,353500,psxdata,2026-05-11T12:55:27
DFML,2022-05-17,4.55,4.68,4.52,4.54,46000,psxdata,2026-05-11T12:55:27
DFML,2022-05-18,4.5,4.75,4.45,4.65,211000,psxdata,2026-05-11T12:55:27
DFML,2022-05-19,4.7,4.8,4.51,4.56,134500,psxdata,2026-05-11T12:55:27
DFML,2022-05-20,4.53,4.68,4.51,4.58,48000,psxdata,2026-05-11T12:55:27
DFML,2022-05-23,4.41,4.5,4.0,4.38,161000,psxdata,2026-05-11T12:55:27
DFML,2022-05-24,4.35,4.54,4.3,4.37,62000,psxdata,2026-05-11T12:55:27
DFML,2022-05-25,4.31,4.5,4.31,4.44,43000,psxdata,2026-05-11T12:55:27
DFML,2022-05-26,4.5,4.64,4.5,4.62,50000,psxdata,2026-05-11T12:55:27
DFML,2022-05-27,4.85,5.05,4.71,4.78,307500,psxdata,2026-05-11T12:55:27
DFML,2022-05-30,4.77,4.88,4.7,4.74,57000,psxdata,2026-05-11T12:55:27
DFML,2022-05-31,4.8,4.8,4.47,4.56,320500,psxdata,2026-05-11T12:55:27
DFML,2022-06-01,4.6,4.85,4.56,4.58,57500,psxdata,2026-05-11T12:55:27
DFML,2022-06-02,4.58,4.58,4.25,4.34,543000,psxdata,2026-05-11T12:55:27
DFML,2022-06-03,4.39,4.4,4.2,4.38,107500,psxdata,2026-05-11T12:55:27
DFML,2022-06-06,4.13,4.4,4.12,4.35,59500,psxdata,2026-05-11T12:55:27
DFML,2022-06-07,4.3,4.44,4.27,4.27,49000,psxdata,2026-05-11T12:55:27
DFML,2022-06-08,4.37,4.4,4.3,4.3,30000,psxdata,2026-05-11T12:55:27
DFML,2022-06-09,4.39,4.6,4.3,4.42,192000,psxdata,2026-05-11T12:55:27
DFML,2022-06-10,4.26,4.91,4.26,4.7,507500,psxdata,2026-05-11T12:55:27
DFML,2022-06-13,4.36,4.55,4.36,4.49,25000,psxdata,2026-05-11T12:55:27
DFML,2022-06-14,4.55,4.7,4.37,4.57,35500,psxdata,2026-05-11T12:55:27
DFML,2022-06-15,4.5,4.6,4.41,4.44,73500,psxdata,2026-05-11T12:55:27
DFML,2022-06-16,4.37,4.7,4.36,4.6,191500,psxdata,2026-05-11T12:55:27
DFML,2022-06-17,4.6,4.76,4.5,4.51,188500,psxdata,2026-05-11T12:55:27
DFML,2022-06-20,4.6,4.6,4.36,4.5,61500,psxdata,2026-05-11T12:55:27
DFML,2022-06-21,4.54,4.68,4.46,4.62,183500,psxdata,2026-05-11T12:55:27
DFML,2022-06-22,4.78,4.78,4.51,4.54,86000,psxdata,2026-05-11T12:55:27
DFML,2022-06-23,4.65,5.0,4.65,4.73,746000,psxdata,2026-05-11T12:55:27
DFML,2022-06-24,4.71,4.86,4.0,4.18,1247000,psxdata,2026-05-11T12:55:27
DFML,2022-06-27,4.35,4.5,4.25,4.43,326500,psxdata,2026-05-11T12:55:27
DFML,2022-06-28,4.41,4.5,4.2,4.27,276500,psxdata,2026-05-11T12:55:27
DFML,2022-06-29,4.43,4.44,4.25,4.31,80500,psxdata,2026-05-11T12:55:27
DFML,2022-06-30,4.35,4.44,4.3,4.37,104500,psxdata,2026-05-11T12:55:27
DFML,2022-07-01,4.45,4.47,4.33,4.41,238000,psxdata,2026-05-11T12:55:27
DFML,2022-07-04,4.32,4.44,4.3,4.33,43500,psxdata,2026-05-11T12:55:27
DFML,2022-07-05,4.33,4.33,4.28,4.29,77500,psxdata,2026-05-11T12:55:27
DFML,2022-07-06,4.45,4.45,4.3,4.32,45500,psxdata,2026-05-11T12:55:27
DFML,2022-07-07,4.26,4.38,4.25,4.35,107000,psxdata,2026-05-11T12:55:27
DFML,2022-07-13,4.23,4.43,4.1,4.37,187500,psxdata,2026-05-11T12:55:27
DFML,2022-07-14,4.43,4.44,4.35,4.41,139000,psxdata,2026-05-11T12:55:27
DFML,2022-07-15,4.44,4.44,4.27,4.32,39500,psxdata,2026-05-11T12:55:27
DFML,2022-07-18,4.25,4.35,4.0,4.06,274000,psxdata,2026-05-11T12:55:27
DFML,2022-07-19,4.15,4.15,4.0,4.01,141000,psxdata,2026-05-11T12:55:27
DFML,2022-07-20,4.19,4.19,4.0,4.02,128000,psxdata,2026-05-11T12:55:27
DFML,2022-07-21,3.89,4.0,3.56,3.77,195500,psxdata,2026-05-11T12:55:27
DFML,2022-07-22,3.98,3.98,3.76,3.89,53500,psxdata,2026-05-11T12:55:27
DFML,2022-07-25,4.0,4.0,3.95,3.98,83000,psxdata,2026-05-11T12:55:27
DFML,2022-07-26,3.9,3.95,3.8,3.89,94500,psxdata,2026-05-11T12:55:27
DFML,2022-07-27,3.86,3.98,3.76,3.87,74000,psxdata,2026-05-11T12:55:27
DFML,2022-07-28,3.98,4.0,3.9,4.0,123000,psxdata,2026-05-11T12:55:27
DFML,2022-07-29,3.93,4.01,3.8,3.86,17000,psxdata,2026-05-11T12:55:27
DFML,2022-08-01,3.9,3.9,3.85,3.9,10500,psxdata,2026-05-11T12:55:27
DFML,2022-08-02,3.92,3.96,3.85,3.91,177000,psxdata,2026-05-11T12:55:27
DFML,2022-08-03,3.99,4.25,3.99,4.2,179000,psxdata,2026-05-11T12:55:27
DFML,2022-08-04,4.2,4.28,4.1,4.2,142000,psxdata,2026-05-11T12:55:27
DFML,2022-08-05,4.29,4.49,4.25,4.38,518500,psxdata,2026-05-11T12:55:27
DFML,2022-08-10,4.4,4.42,4.3,4.33,179000,psxdata,2026-05-11T12:55:27
DFML,2022-08-11,4.25,4.3,4.18,4.19,138500,psxdata,2026-05-11T12:55:27
DFML,2022-08-12,4.37,4.57,4.18,4.46,552500,psxdata,2026-05-11T12:55:27
DFML,2022-08-15,4.57,4.79,4.56,4.64,601500,psxdata,2026-05-11T12:55:27
DFML,2022-08-16,4.72,5.2,4.63,4.89,1439500,psxdata,2026-05-11T12:55:27
DFML,2022-08-17,4.98,5.3,4.41,5.24,1375500,psxdata,2026-05-11T12:55:27
DFML,2022-08-18,5.2,5.34,4.95,5.01,525000,psxdata,2026-05-11T12:55:27
DFML,2022-08-19,5.04,5.1,4.81,4.87,93500,psxdata,2026-05-11T12:55:27
DFML,2022-08-22,4.85,4.99,4.75,4.79,220000,psxdata,2026-05-11T12:55:27
DFML,2022-08-23,5.16,5.31,4.95,5.06,824000,psxdata,2026-05-11T12:55:27
DFML,2022-08-24,5.25,5.34,5.1,5.21,588500,psxdata,2026-05-11T12:55:27
DFML,2022-08-25,5.25,5.25,5.05,5.08,136000,psxdata,2026-05-11T12:55:27
DFML,2022-08-26,5.21,5.21,4.95,4.99,252500,psxdata,2026-05-11T12:55:27
DFML,2022-08-29,4.75,4.9,4.7,4.84,425500,psxdata,2026-05-11T12:55:27
DFML,2022-08-30,5.0,5.05,4.75,4.81,67000,psxdata,2026-05-11T12:55:27
DFML,2022-08-31,4.9,4.93,4.8,4.8,25000,psxdata,2026-05-11T12:55:27
DFML,2022-09-01,4.9,4.92,4.82,4.91,42000,psxdata,2026-05-11T12:55:27
DFML,2022-09-02,4.86,4.94,4.77,4.81,62000,psxdata,2026-05-11T12:55:27
DFML,2022-09-05,4.94,5.04,4.8,4.82,156000,psxdata,2026-05-11T12:55:27
DFML,2022-09-06,4.97,4.98,4.71,4.74,163500,psxdata,2026-05-11T12:55:27
DFML,2022-09-07,4.9,4.9,4.52,4.57,185000,psxdata,2026-05-11T12:55:27
DFML,2022-09-08,4.6,4.7,4.56,4.58,197000,psxdata,2026-05-11T12:55:27
DFML,2022-09-09,4.54,4.76,4.5,4.59,112500,psxdata,2026-05-11T12:55:27
DFML,2022-09-12,4.68,4.75,4.6,4.61,96500,psxdata,2026-05-11T12:55:27
DFML,2022-09-13,4.46,4.65,4.45,4.58,15500,psxdata,2026-05-11T12:55:27
DFML,2022-09-14,4.52,4.8,4.52,4.63,141000,psxdata,2026-05-11T12:55:27
DFML,2022-09-15,4.55,4.8,4.5,4.56,177000,psxdata,2026-05-11T12:55:27
DFML,2022-09-16,4.55,4.65,4.5,4.51,57500,psxdata,2026-05-11T12:55:27
DFML,2022-09-19,4.68,4.68,4.45,4.5,234500,psxdata,2026-05-11T12:55:27
DFML,2022-09-20,4.6,4.6,4.5,4.5,65000,psxdata,2026-05-11T12:55:27
DFML,2022-09-21,4.69,4.69,4.48,4.52,159000,psxdata,2026-05-11T12:55:27
DFML,2022-09-22,4.44,4.58,4.44,4.5,13500,psxdata,2026-05-11T12:55:27
DFML,2022-09-23,4.79,4.79,4.35,4.5,131500,psxdata,2026-05-11T12:55:27
DFML,2022-09-26,4.5,4.65,4.4,4.45,296000,psxdata,2026-05-11T12:55:27
DFML,2022-09-27,4.67,4.8,4.51,4.66,145500,psxdata,2026-05-11T12:55:27
DFML,2022-09-28,4.57,4.86,4.51,4.54,360000,psxdata,2026-05-11T12:55:27
DFML,2022-09-29,4.5,4.5,4.42,4.5,19500,psxdata,2026-05-11T12:55:27
DFML,2022-09-30,4.59,4.65,4.4,4.5,43500,psxdata,2026-05-11T12:55:27
DFML,2022-10-03,4.55,4.75,4.5,4.51,302500,psxdata,2026-05-11T12:55:27
DFML,2022-10-04,4.63,4.74,4.5,4.54,261000,psxdata,2026-05-11T12:55:27
DFML,2022-10-05,4.69,4.75,4.52,4.59,283000,psxdata,2026-05-11T12:55:27
DFML,2022-10-06,4.53,4.77,4.53,4.7,355000,psxdata,2026-05-11T12:55:27
DFML,2022-10-07,4.73,4.73,4.5,4.56,176000,psxdata,2026-05-11T12:55:27
DFML,2022-10-10,4.67,4.68,4.46,4.51,60500,psxdata,2026-05-11T12:55:27
DFML,2022-10-11,4.52,4.63,4.5,4.5,78000,psxdata,2026-05-11T12:55:27
DFML,2022-10-12,4.51,4.78,4.51,4.74,258500,psxdata,2026-05-11T12:55:27
DFML,2022-10-13,4.75,5.38,4.75,5.07,2021500,psxdata,2026-05-11T12:55:27
DFML,2022-10-14,5.29,6.07,5.1,6.07,3716000,psxdata,2026-05-11T12:55:27
DFML,2022-10-17,6.5,7.07,6.5,7.07,2631000,psxdata,2026-05-11T12:55:27
DFML,2022-10-18,8.07,8.07,8.07,8.07,993000,psxdata,2026-05-11T12:55:27
DFML,2022-10-19,9.07,9.07,7.64,8.53,12224000,psxdata,2026-05-11T12:55:27
DFML,2022-10-20,8.56,9.53,8.27,9.29,6330500,psxdata,2026-05-11T12:55:27
DFML,2022-10-21,9.75,10.29,9.7,10.29,3894000,psxdata,2026-05-11T12:55:27
DFML,2022-10-24,10.97,11.29,9.92,11.21,12410000,psxdata,2026-05-11T12:55:27
DFML,2022-10-25,10.95,11.35,10.21,10.21,4230000,psxdata,2026-05-11T12:55:27
DFML,2022-10-26,9.41,9.65,9.21,9.21,3031500,psxdata,2026-05-11T12:55:27
DFML,2022-10-27,8.51,9.9,8.25,9.43,16813000,psxdata,2026-05-11T12:55:27
DFML,2022-10-28,9.43,9.85,8.71,8.8,3023000,psxdata,2026-05-11T12:55:27
DFML,2022-10-31,8.89,9.43,8.75,9.14,2096500,psxdata,2026-05-11T12:55:27
DFML,2022-11-01,9.24,9.64,9.12,9.31,3392000,psxdata,2026-05-11T12:55:27
DFML,2022-11-02,9.35,9.51,9.01,9.16,1984500,psxdata,2026-05-11T12:55:27
DFML,2022-11-03,9.28,10.16,9.28,10.16,2759500,psxdata,2026-05-11T12:55:27
DFML,2022-11-04,10.7,11.16,10.7,11.16,2008500,psxdata,2026-05-11T12:55:27
DFML,2022-11-07,11.35,12.16,10.16,11.41,17750500,psxdata,2026-05-11T12:55:27
DFML,2022-11-08,11.49,11.89,10.44,10.55,8074000,psxdata,2026-05-11T12:55:27
DFML,2022-11-10,10.5,10.79,9.56,9.74,8109000,psxdata,2026-05-11T12:55:27
DFML,2022-11-11,9.75,10.74,9.7,10.57,9834500,psxdata,2026-05-11T12:55:27
DFML,2022-11-14,10.89,11.24,10.62,10.79,8723500,psxdata,2026-05-11T12:55:27
DFML,2022-11-15,10.81,10.9,10.21,10.32,2434500,psxdata,2026-05-11T12:55:27
DFML,2022-11-16,10.4,10.75,10.15,10.27,1994500,psxdata,2026-05-11T12:55:27
DFML,2022-11-17,10.4,10.44,9.76,9.85,2366000,psxdata,2026-05-11T12:55:27
DFML,2022-11-18,9.97,10.67,9.85,10.21,6007000,psxdata,2026-05-11T12:55:27
DFML,2022-11-21,10.25,10.35,9.95,10.06,1919500,psxdata,2026-05-11T12:55:27
DFML,2022-11-22,10.14,10.4,9.99,10.04,2308000,psxdata,2026-05-11T12:55:27
DFML,2022-11-23,10.15,10.24,9.9,9.93,1386000,psxdata,2026-05-11T12:55:27
DFML,2022-11-24,9.99,10.93,9.96,10.93,7900000,psxdata,2026-05-11T12:55:27
DFML,2022-11-25,11.32,11.93,11.11,11.93,12256500,psxdata,2026-05-11T12:55:27
DFML,2022-11-28,11.59,12.67,11.46,11.87,13788500,psxdata,2026-05-11T12:55:27
DFML,2022-11-29,11.98,12.41,11.9,11.98,6038500,psxdata,2026-05-11T12:55:27
DFML,2022-11-30,12.07,12.98,11.85,12.98,5837000,psxdata,2026-05-11T12:55:27
DFML,2022-12-01,13.61,13.98,13.61,13.98,1272000,psxdata,2026-05-11T12:55:27
DFML,2022-12-02,14.87,14.87,13.81,14.29,12273000,psxdata,2026-05-11T12:55:27
DFML,2022-12-05,14.29,14.49,13.7,13.97,2960000,psxdata,2026-05-11T12:55:27
DFML,2022-12-06,14.1,15.01,13.3,15.01,9868000,psxdata,2026-05-11T12:55:27
DFML,2022-12-07,15.4,16.13,15.36,16.13,1999000,psxdata,2026-05-11T12:55:27
DFML,2022-12-08,16.7,17.17,15.9,16.39,11622500,psxdata,2026-05-11T12:55:27
DFML,2022-12-09,16.12,16.78,15.4,15.57,5386500,psxdata,2026-05-11T12:55:27
DFML,2022-12-12,15.59,16.73,15.58,16.68,8523500,psxdata,2026-05-11T12:55:27
DFML,2022-12-13,17.39,17.93,17.19,17.7,9589000,psxdata,2026-05-11T12:55:27
DFML,2022-12-14,17.9,17.9,16.38,16.46,7975500,psxdata,2026-05-11T12:55:27
DFML,2022-12-15,15.71,16.1,15.23,15.23,8784000,psxdata,2026-05-11T12:55:27
DFML,2022-12-16,15.1,16.2,14.15,14.55,8107500,psxdata,2026-05-11T12:55:27
DFML,2022-12-19,14.5,14.84,13.46,13.48,4425500,psxdata,2026-05-11T12:55:27
DFML,2022-12-20,13.39,13.39,12.47,12.47,3530500,psxdata,2026-05-11T12:55:27
DFML,2022-12-21,11.61,12.6,11.47,11.47,8573000,psxdata,2026-05-11T12:55:27
DFML,2022-12-22,11.02,12.05,11.0,11.39,4389500,psxdata,2026-05-11T12:55:27
DFML,2022-12-23,11.11,12.39,11.05,12.09,5227500,psxdata,2026-05-11T12:55:27
DFML,2022-12-26,12.35,13.09,12.31,13.09,4683500,psxdata,2026-05-11T12:55:27
DFML,2022-12-27,13.97,14.09,13.6,14.09,1396000,psxdata,2026-05-11T12:55:27
DFML,2022-12-28,14.5,14.8,13.12,13.65,8602000,psxdata,2026-05-11T12:55:27
DFML,2022-12-29,13.7,14.0,13.24,13.47,1643000,psxdata,2026-05-11T12:55:27
DFML,2022-12-30,13.67,13.85,12.65,13.19,2201500,psxdata,2026-05-11T12:55:27
DFML,2023-01-02,14.19,14.19,13.19,14.19,285500,psxdata,2026-05-11T12:55:27
DFML,2023-01-03,15.25,15.25,15.25,15.25,251000,psxdata,2026-05-11T12:55:27
DFML,2023-01-04,15.49,16.2,15.11,15.54,10850000,psxdata,2026-05-11T12:55:27
DFML,2023-01-05,15.67,15.95,15.08,15.24,2173000,psxdata,2026-05-11T12:55:27
DFML,2023-01-06,15.35,15.47,14.89,14.97,1967500,psxdata,2026-05-11T12:55:27
DFML,2023-01-09,14.95,15.09,13.85,13.92,1652500,psxdata,2026-05-11T12:55:27
DFML,2023-01-10,14.25,14.96,14.03,14.96,4217000,psxdata,2026-05-11T12:55:27
DFML,2023-01-11,15.23,15.43,14.76,14.85,2927500,psxdata,2026-05-11T12:55:27
DFML,2023-01-12,15.15,15.51,14.75,14.9,3023000,psxdata,2026-05-11T12:55:27
DFML,2023-01-13,14.55,14.97,14.2,14.33,2247500,psxdata,2026-05-11T12:55:27
DFML,2023-01-16,14.49,14.8,14.0,14.05,1412000,psxdata,2026-05-11T12:55:27
DFML,2023-01-17,14.19,14.47,13.0,13.0,1696500,psxdata,2026-05-11T12:55:27
DFML,2023-01-18,12.89,13.48,12.6,13.3,1782500,psxdata,2026-05-11T12:55:27
DFML,2023-01-19,13.74,13.76,13.01,13.16,1944000,psxdata,2026-05-11T12:55:27
DFML,2023-01-20,13.4,13.99,12.85,13.05,2166500,psxdata,2026-05-11T12:55:27
DFML,2023-01-23,13.0,13.45,12.92,13.07,1363500,psxdata,2026-05-11T12:55:27
DFML,2023-01-24,13.0,13.41,13.0,13.26,1832000,psxdata,2026-05-11T12:55:27
DFML,2023-01-25,13.61,14.26,13.35,14.26,3523500,psxdata,2026-05-11T12:55:27
DFML,2023-01-26,14.65,14.7,14.06,14.29,4443500,psxdata,2026-05-11T12:55:27
DFML,2023-01-27,14.29,14.33,13.25,13.5,2097000,psxdata,2026-05-11T12:55:27
DFML,2023-01-30,13.7,13.94,13.23,13.4,1623000,psxdata,2026-05-11T12:55:27
DFML,2023-01-31,13.55,13.8,13.28,13.44,1078000,psxdata,2026-05-11T12:55:27
DFML,2023-02-01,13.64,14.44,13.4,14.11,3803500,psxdata,2026-05-11T12:55:27
DFML,2023-02-02,14.16,15.05,14.0,14.48,6197500,psxdata,2026-05-11T12:55:27
DFML,2023-02-03,14.49,15.05,14.2,14.26,5698000,psxdata,2026-05-11T12:55:27
DFML,2023-02-06,14.5,14.65,14.26,14.49,1078500,psxdata,2026-05-11T12:55:27
DFML,2023-02-07,14.55,14.64,13.93,14.03,1849000,psxdata,2026-05-11T12:55:27
DFML,2023-02-08,14.14,14.37,13.96,14.05,1403500,psxdata,2026-05-11T12:55:27
DFML,2023-02-09,14.11,14.43,13.91,14.0,1480000,psxdata,2026-05-11T12:55:27
DFML,2023-02-10,14.0,14.12,13.31,13.46,986000,psxdata,2026-05-11T12:55:27
DFML,2023-02-13,13.46,14.0,13.35,13.6,2106500,psxdata,2026-05-11T12:55:27
DFML,2023-02-14,13.65,13.84,13.05,13.29,1322000,psxdata,2026-05-11T12:55:27
DFML,2023-02-15,13.25,13.35,13.11,13.18,286000,psxdata,2026-05-11T12:55:27
DFML,2023-02-16,13.28,13.45,13.0,13.03,611500,psxdata,2026-05-11T12:55:27
DFML,2023-02-17,13.1,13.24,12.7,12.86,765000,psxdata,2026-05-11T12:55:27
DFML,2023-02-20,12.9,12.91,11.86,11.87,1898500,psxdata,2026-05-11T12:55:27
DFML,2023-02-21,11.51,12.11,11.41,11.53,775500,psxdata,2026-05-11T12:55:27
DFML,2023-02-22,11.53,12.53,11.53,12.53,2477500,psxdata,2026-05-11T12:55:27
DFML,2023-02-23,12.8,13.53,12.5,12.69,6886000,psxdata,2026-05-11T12:55:27
DFML,2023-02-24,12.9,12.93,11.86,12.0,1405500,psxdata,2026-05-11T12:55:27
DFML,2023-02-27,11.99,12.06,11.55,11.7,739500,psxdata,2026-05-11T12:55:27
DFML,2023-02-28,11.7,11.75,10.7,10.8,2602000,psxdata,2026-05-11T12:55:27
DFML,2023-03-01,10.9,11.8,10.22,11.76,3721500,psxdata,2026-05-11T12:55:27
DFML,2023-03-02,11.92,12.4,11.26,11.4,5128000,psxdata,2026-05-11T12:55:27
DFML,2023-03-03,11.1,11.95,11.0,11.56,1603500,psxdata,2026-05-11T12:55:27
DFML,2023-03-06,11.8,12.37,11.58,12.15,2692500,psxdata,2026-05-11T12:55:27
DFML,2023-03-07,12.18,12.28,11.87,11.91,1331500,psxdata,2026-05-11T12:55:27
DFML,2023-03-08,11.82,12.18,11.75,11.81,993500,psxdata,2026-05-11T12:55:27
DFML,2023-03-09,11.94,12.41,11.94,12.04,2969500,psxdata,2026-05-11T12:55:27
DFML,2023-03-10,12.24,12.3,11.96,12.05,1594000,psxdata,2026-05-11T12:55:27
DFML,2023-03-13,12.3,13.05,12.15,12.33,8620500,psxdata,2026-05-11T12:55:27
DFML,2023-03-14,12.33,12.54,12.06,12.1,2375500,psxdata,2026-05-11T12:55:27
DFML,2023-03-15,12.25,12.4,12.08,12.23,1044500,psxdata,2026-05-11T12:55:27
DFML,2023-03-16,12.38,12.55,12.2,12.26,2191500,psxdata,2026-05-11T12:55:27
DFML,2023-03-17,12.39,12.44,12.02,12.3,1247000,psxdata,2026-05-11T12:55:27
DFML,2023-03-20,12.39,13.18,12.25,12.53,6524000,psxdata,2026-05-11T12:55:27
DFML,2023-03-21,12.8,12.8,12.2,12.25,1449000,psxdata,2026-05-11T12:55:27
DFML,2023-03-22,12.31,12.44,11.75,11.94,1112500,psxdata,2026-05-11T12:55:27
DFML,2023-03-24,12.2,12.2,11.5,11.56,372000,psxdata,2026-05-11T12:55:27
DFML,2023-03-27,11.69,11.69,11.25,11.35,76500,psxdata,2026-05-11T12:55:27
DFML,2023-03-28,11.4,11.42,11.3,11.36,87000,psxdata,2026-05-11T12:55:27
DFML,2023-03-29,11.48,12.35,11.48,11.71,2540000,psxdata,2026-05-11T12:55:27
DFML,2023-03-30,11.81,11.85,11.6,11.65,339000,psxdata,2026-05-11T12:55:27
DFML,2023-03-31,11.7,11.9,11.5,11.78,193500,psxdata,2026-05-11T12:55:27
DFML,2023-04-03,11.45,11.7,11.4,11.58,99500,psxdata,2026-05-11T12:55:27
DFML,2023-04-04,11.6,11.6,11.0,11.11,416500,psxdata,2026-05-11T12:55:27
DFML,2023-04-05,11.3,11.45,11.1,11.16,366000,psxdata,2026-05-11T12:55:27
DFML,2023-04-06,11.44,11.77,11.37,11.49,714000,psxdata,2026-05-11T12:55:27
DFML,2023-04-07,11.59,11.59,11.23,11.34,168000,psxdata,2026-05-11T12:55:27
DFML,2023-04-10,11.21,11.3,11.11,11.15,128500,psxdata,2026-05-11T12:55:27
DFML,2023-04-11,11.29,11.45,11.05,11.08,289000,psxdata,2026-05-11T12:55:27
DFML,2023-04-12,11.1,11.44,11.1,11.24,492000,psxdata,2026-05-11T12:55:27
DFML,2023-04-13,11.35,11.43,11.06,11.1,289000,psxdata,2026-05-11T12:55:27
DFML,2023-04-17,11.2,11.26,10.26,11.11,260500,psxdata,2026-05-11T12:55:27
DFML,2023-04-18,11.11,11.11,10.95,11.0,61500,psxdata,2026-05-11T12:55:27
DFML,2023-04-19,10.95,10.97,10.8,10.82,236500,psxdata,2026-05-11T12:55:27
DFML,2023-04-20,10.83,10.94,10.8,10.86,169000,psxdata,2026-05-11T12:55:27
DFML,2023-04-26,11.05,11.84,10.81,11.47,4758500,psxdata,2026-05-11T12:55:27
DFML,2023-04-27,11.5,11.73,11.26,11.45,1250000,psxdata,2026-05-11T12:55:27
DFML,2023-04-28,11.4,11.5,11.25,11.33,361500,psxdata,2026-05-11T12:55:27
DFML,2023-05-02,11.3,11.64,11.1,11.43,724000,psxdata,2026-05-11T12:55:27
DFML,2023-05-03,11.49,11.55,11.2,11.25,645000,psxdata,2026-05-11T12:55:27
DFML,2023-05-04,11.3,11.5,11.15,11.18,500500,psxdata,2026-05-11T12:55:27
DFML,2023-05-05,11.18,11.34,10.95,11.02,1294500,psxdata,2026-05-11T12:55:27
DFML,2023-05-08,11.02,11.06,10.37,10.54,717000,psxdata,2026-05-11T12:55:27
DFML,2023-05-09,10.61,10.61,9.81,10.06,1282500,psxdata,2026-05-11T12:55:27
DFML,2023-05-10,10.01,10.25,9.6,9.75,265000,psxdata,2026-05-11T12:55:27
DFML,2023-05-11,9.88,10.1,9.65,9.85,310500,psxdata,2026-05-11T12:55:27
DFML,2023-05-12,9.85,10.1,9.62,9.99,284000,psxdata,2026-05-11T12:55:27
DFML,2023-05-15,9.91,9.92,9.65,9.78,181500,psxdata,2026-05-11T12:55:27
DFML,2023-05-16,9.87,10.78,9.85,10.78,2107000,psxdata,2026-05-11T12:55:27
DFML,2023-05-17,10.99,11.39,10.83,11.09,2740500,psxdata,2026-05-11T12:55:27
DFML,2023-05-18,11.08,11.18,10.5,10.63,822500,psxdata,2026-05-11T12:55:27
DFML,2023-05-19,10.52,10.9,10.5,10.67,200000,psxdata,2026-05-11T12:55:27
DFML,2023-05-22,10.65,10.65,10.2,10.23,202000,psxdata,2026-05-11T12:55:27
DFML,2023-05-23,10.19,10.35,10.19,10.26,88500,psxdata,2026-05-11T12:55:27
DFML,2023-05-24,10.3,10.85,10.3,10.4,699500,psxdata,2026-05-11T12:55:27
DFML,2023-05-25,10.5,10.54,10.25,10.3,165500,psxdata,2026-05-11T12:55:27
DFML,2023-05-26,10.21,10.31,9.87,9.99,263500,psxdata,2026-05-11T12:55:27
DFML,2023-05-29,10.29,10.29,9.92,10.02,469500,psxdata,2026-05-11T12:55:27
DFML,2023-05-30,10.19,11.02,10.06,11.02,3582000,psxdata,2026-05-11T12:55:27
DFML,2023-05-31,11.25,11.55,10.51,10.6,2163000,psxdata,2026-05-11T12:55:27
DFML,2023-06-01,10.6,10.87,10.4,10.66,869000,psxdata,2026-05-11T12:55:27
DFML,2023-06-02,10.7,10.93,10.57,10.68,400000,psxdata,2026-05-11T12:55:27
DFML,2023-06-05,10.74,11.2,10.74,11.06,1665000,psxdata,2026-05-11T12:55:27
DFML,2023-06-06,11.05,11.22,10.85,10.93,2118000,psxdata,2026-05-11T12:55:27
DFML,2023-06-07,11.1,11.38,10.9,11.01,2253500,psxdata,2026-05-11T12:55:27
DFML,2023-06-08,11.15,11.27,10.7,10.78,1611500,psxdata,2026-05-11T12:55:27
DFML,2023-06-09,10.89,11.05,10.4,10.73,993500,psxdata,2026-05-11T12:55:27
DFML,2023-06-12,10.9,10.9,10.51,10.56,342000,psxdata,2026-05-11T12:55:27
DFML,2023-06-13,10.7,10.7,10.25,10.39,343000,psxdata,2026-05-11T12:55:27
DFML,2023-06-14,10.39,11.39,10.38,11.39,4589000,psxdata,2026-05-11T12:55:27
DFML,2023-06-15,11.69,11.85,10.9,10.95,5324500,psxdata,2026-05-11T12:55:27
DFML,2023-06-16,11.1,11.1,10.75,10.97,559000,psxdata,2026-05-11T12:55:27
DFML,2023-06-19,10.9,11.05,10.41,10.52,612500,psxdata,2026-05-11T12:55:27
DFML,2023-06-20,10.74,10.74,10.15,10.52,256500,psxdata,2026-05-11T12:55:27
DFML,2023-06-21,10.6,10.7,10.33,10.42,199500,psxdata,2026-05-11T12:55:27
DFML,2023-06-22,10.49,10.5,10.35,10.4,102000,psxdata,2026-05-11T12:55:27
DFML,2023-06-23,10.63,10.63,10.15,10.2,384000,psxdata,2026-05-11T12:55:27
DFML,2023-06-26,10.5,11.2,10.5,10.96,2408500,psxdata,2026-05-11T12:55:27
DFML,2023-06-27,10.97,11.14,10.6,10.74,1213500,psxdata,2026-05-11T12:55:27
DFML,2023-07-03,11.5,11.57,11.2,11.4,2737500,psxdata,2026-05-11T12:55:27
DFML,2023-07-04,11.46,11.46,11.06,11.14,988500,psxdata,2026-05-11T12:55:27
DFML,2023-07-05,11.21,11.35,11.0,11.04,531000,psxdata,2026-05-11T12:55:27
DFML,2023-07-06,10.96,11.72,10.8,11.55,3247500,psxdata,2026-05-11T12:55:27
DFML,2023-07-07,11.88,12.08,11.55,11.77,2952908,psxdata,2026-05-11T12:55:27
DFML,2023-07-10,11.9,12.5,11.66,12.23,6086701,psxdata,2026-05-11T12:55:27
DFML,2023-07-11,12.1,12.65,11.93,12.06,2762376,psxdata,2026-05-11T12:55:27
DFML,2023-07-12,12.18,12.6,12.1,12.23,3518504,psxdata,2026-05-11T12:55:27
DFML,2023-07-13,12.4,13.13,12.17,12.74,7428143,psxdata,2026-05-11T12:55:27
DFML,2023-07-14,12.55,13.74,12.55,13.74,8989987,psxdata,2026-05-11T12:55:27
DFML,2023-07-17,14.21,14.35,13.31,13.53,5850154,psxdata,2026-05-11T12:55:27
DFML,2023-07-18,13.5,13.62,13.1,13.2,1127228,psxdata,2026-05-11T12:55:27
DFML,2023-07-19,13.2,13.73,13.05,13.21,2769868,psxdata,2026-05-11T12:55:27
DFML,2023-07-20,13.34,14.05,13.11,13.61,5961944,psxdata,2026-05-11T12:55:27
DFML,2023-07-21,13.8,13.97,13.15,13.29,3904388,psxdata,2026-05-11T12:55:27
DFML,2023-07-24,13.3,13.4,12.76,13.02,4033278,psxdata,2026-05-11T12:55:27
DFML,2023-07-25,13.05,13.45,12.98,13.11,1905694,psxdata,2026-05-11T12:55:27
DFML,2023-07-26,13.3,13.3,13.01,13.08,1120840,psxdata,2026-05-11T12:55:27
DFML,2023-07-27,13.24,13.26,12.65,12.94,3515436,psxdata,2026-05-11T12:55:27
DFML,2023-07-31,12.6,13.38,12.6,12.95,4799049,psxdata,2026-05-11T12:55:27
DFML,2023-08-01,13.0,13.2,12.86,12.98,3970077,psxdata,2026-05-11T12:55:27
DFML,2023-08-02,13.1,13.55,13.0,13.13,5333245,psxdata,2026-05-11T12:55:27
DFML,2023-08-03,13.28,13.39,12.7,12.82,2337261,psxdata,2026-05-11T12:55:27
DFML,2023-08-04,13.0,13.02,12.62,12.71,732934,psxdata,2026-05-11T12:55:27
DFML,2023-08-07,12.72,12.93,12.65,12.69,2207788,psxdata,2026-05-11T12:55:27
DFML,2023-08-08,12.72,12.72,11.96,12.04,2396471,psxdata,2026-05-11T12:55:27
DFML,2023-08-09,12.06,12.4,11.92,12.1,1277391,psxdata,2026-05-11T12:55:27
DFML,2023-08-10,12.27,12.27,11.75,12.08,816374,psxdata,2026-05-11T12:55:27
DFML,2023-08-11,12.14,13.08,12.14,13.08,4305014,psxdata,2026-05-11T12:55:27
DFML,2023-08-15,13.5,14.08,13.26,14.08,16932604,psxdata,2026-05-11T12:55:27
DFML,2023-08-16,14.29,15.14,14.25,15.14,14109099,psxdata,2026-05-11T12:55:27
DFML,2023-08-17,15.41,16.28,14.0,14.23,25214746,psxdata,2026-05-11T12:55:27
DFML,2023-08-18,13.8,14.65,13.62,13.95,8124925,psxdata,2026-05-11T12:55:27
DFML,2023-08-21,14.27,14.64,13.8,14.38,3915190,psxdata,2026-05-11T12:55:27
DFML,2023-08-22,14.9,15.46,14.56,15.46,11960953,psxdata,2026-05-11T12:55:27
DFML,2023-08-23,15.99,16.26,15.22,15.94,9906895,psxdata,2026-05-11T12:55:27
DFML,2023-08-24,15.71,16.16,14.87,15.01,5771422,psxdata,2026-05-11T12:55:27
DFML,2023-08-25,15.2,15.65,14.9,15.36,3436883,psxdata,2026-05-11T12:55:27
DFML,2023-08-28,15.5,15.58,15.15,15.38,2241795,psxdata,2026-05-11T12:55:27
DFML,2023-08-29,15.48,16.53,15.35,16.32,9549974,psxdata,2026-05-11T12:55:27
DFML,2023-08-30,17.0,17.4,16.21,16.6,12107424,psxdata,2026-05-11T12:55:27
DFML,2023-08-31,16.78,16.78,15.4,15.98,5016185,psxdata,2026-05-11T12:55:27
DFML,2023-09-01,16.25,17.18,15.75,17.1,6305331,psxdata,2026-05-11T12:55:27
DFML,2023-09-04,17.5,17.75,16.2,16.41,8848489,psxdata,2026-05-11T12:55:27
DFML,2023-09-05,16.64,16.7,16.21,16.39,2091733,psxdata,2026-05-11T12:55:27
DFML,2023-09-06,16.74,17.62,16.4,17.62,7845285,psxdata,2026-05-11T12:55:27
DFML,2023-09-07,18.0,18.25,17.15,17.92,7543051,psxdata,2026-05-11T12:55:27
DFML,2023-09-08,17.89,18.01,17.5,17.62,3228864,psxdata,2026-05-11T12:55:27
DFML,2023-09-11,17.79,17.79,17.15,17.28,1572101,psxdata,2026-05-11T12:55:27
DFML,2023-09-12,17.32,17.65,15.98,15.98,5575994,psxdata,2026-05-11T12:55:27
DFML,2023-09-13,15.7,16.64,15.6,16.12,7200902,psxdata,2026-05-11T12:55:27
DFML,2023-09-14,16.3,16.4,15.91,16.12,1598566,psxdata,2026-05-11T12:55:27
DFML,2023-09-15,16.6,16.89,16.31,16.44,4220368,psxdata,2026-05-11T12:55:27
DFML,2023-09-18,16.6,16.99,16.24,16.55,4487180,psxdata,2026-05-11T12:55:27
DFML,2023-09-19,16.7,16.71,16.09,16.2,1698205,psxdata,2026-05-11T12:55:27
DFML,2023-09-20,16.32,16.5,16.01,16.09,1608452,psxdata,2026-05-11T12:55:27
DFML,2023-09-21,16.11,16.6,16.11,16.36,3499174,psxdata,2026-05-11T12:55:27
DFML,2023-09-22,16.48,17.05,16.12,16.55,6909431,psxdata,2026-05-11T12:55:27
DFML,2023-09-25,16.64,16.65,16.25,16.35,2036703,psxdata,2026-05-11T12:55:27
DFML,2023-09-26,16.35,16.57,16.2,16.27,3053000,psxdata,2026-05-11T12:55:27
DFML,2023-09-27,16.0,16.85,16.0,16.5,6537980,psxdata,2026-05-11T12:55:27
DFML,2023-09-28,16.55,16.85,16.2,16.26,2971549,psxdata,2026-05-11T12:55:27
DFML,2023-10-02,16.49,16.59,16.19,16.28,1410490,psxdata,2026-05-11T12:55:27
DFML,2023-10-03,16.38,16.55,16.0,16.29,2421761,psxdata,2026-05-11T12:55:27
DFML,2023-10-04,16.29,16.6,16.15,16.22,2448063,psxdata,2026-05-11T12:55:27
DFML,2023-10-05,16.21,16.37,15.83,16.03,1683842,psxdata,2026-05-11T12:55:27
DFML,2023-10-06,16.09,16.45,15.9,16.31,3383306,psxdata,2026-05-11T12:55:27
DFML,2023-10-09,16.42,16.65,16.21,16.25,2467470,psxdata,2026-05-11T12:55:27
DFML,2023-10-10,16.5,17.47,16.41,16.99,11497268,psxdata,2026-05-11T12:55:27
DFML,2023-10-11,17.0,17.18,16.6,16.75,2167917,psxdata,2026-05-11T12:55:27
DFML,2023-10-12,16.8,17.43,16.8,17.23,6373421,psxdata,2026-05-11T12:55:27
DFML,2023-10-13,17.51,17.94,16.87,17.04,8191855,psxdata,2026-05-11T12:55:27
DFML,2023-10-16,17.3,17.3,16.61,16.73,2781973,psxdata,2026-05-11T12:55:27
DFML,2023-10-17,16.8,16.99,16.25,16.35,851839,psxdata,2026-05-11T12:55:27
DFML,2023-10-18,16.26,16.94,16.15,16.35,4844992,psxdata,2026-05-11T12:55:27
DFML,2023-10-19,16.4,16.64,16.0,16.1,4841535,psxdata,2026-05-11T12:55:27
DFML,2023-10-20,16.23,16.65,16.07,16.15,4133461,psxdata,2026-05-11T12:55:27
DFML,2023-10-23,16.15,16.35,15.9,15.98,1087492,psxdata,2026-05-11T12:55:27
DFML,2023-10-24,16.0,16.09,15.61,15.76,1165348,psxdata,2026-05-11T12:55:27
DFML,2023-10-25,15.94,16.07,15.71,15.77,1321657,psxdata,2026-05-11T12:55:27
DFML,2023-10-26,15.8,15.9,15.19,15.33,1366108,psxdata,2026-05-11T12:55:27
DFML,2023-10-27,15.21,15.48,14.4,14.61,1479635,psxdata,2026-05-11T12:55:27
DFML,2023-10-30,14.85,15.71,14.4,15.71,2532046,psxdata,2026-05-11T12:55:27
DFML,2023-10-31,16.0,16.41,15.24,15.56,4485210,psxdata,2026-05-11T12:55:27
DFML,2023-11-01,15.56,15.75,15.25,15.32,1649496,psxdata,2026-05-11T12:55:27
DFML,2023-11-02,15.25,16.05,15.0,15.58,3354433,psxdata,2026-05-11T12:55:27
DFML,2023-11-03,15.65,15.94,15.3,15.36,2303138,psxdata,2026-05-11T12:55:27
DFML,2023-11-06,15.5,16.42,15.5,16.07,7404260,psxdata,2026-05-11T12:55:27
DFML,2023-11-07,16.28,16.28,15.48,15.56,1966366,psxdata,2026-05-11T12:55:27
DFML,2023-11-08,15.68,15.9,15.5,15.56,1129713,psxdata,2026-05-11T12:55:27
DFML,2023-11-10,15.8,16.2,15.56,15.94,3936927,psxdata,2026-05-11T12:55:27
DFML,2023-11-13,16.05,16.15,15.4,15.53,2309155,psxdata,2026-05-11T12:55:27
DFML,2023-11-14,15.7,15.82,15.26,15.71,1431996,psxdata,2026-05-11T12:55:27
DFML,2023-11-15,15.88,16.18,15.61,15.77,3483249,psxdata,2026-05-11T12:55:27
DFML,2023-11-16,16.0,16.35,15.83,16.1,4652400,psxdata,2026-05-11T12:55:27
DFML,2023-11-17,16.2,16.35,15.7,15.8,1618023,psxdata,2026-05-11T12:55:27
DFML,2023-11-20,15.98,16.99,15.81,16.44,12536021,psxdata,2026-05-11T12:55:27
DFML,2023-11-21,16.63,16.63,15.95,16.03,2810394,psxdata,2026-05-11T12:55:27
DFML,2023-11-22,16.2,16.26,15.82,16.07,2230382,psxdata,2026-05-11T12:55:27
DFML,2023-11-23,16.01,16.46,15.91,16.05,3682938,psxdata,2026-05-11T12:55:27
DFML,2023-11-24,16.2,16.3,15.6,15.7,4900666,psxdata,2026-05-11T12:55:27
DFML,2023-11-27,15.89,16.13,15.57,15.89,4019828,psxdata,2026-05-11T12:55:27
DFML,2023-11-28,15.82,16.04,15.7,15.75,1231337,psxdata,2026-05-11T12:55:27
DFML,2023-11-29,15.89,16.18,15.46,15.82,3734398,psxdata,2026-05-11T12:55:27
DFML,2023-11-30,15.98,16.04,15.6,15.65,1373688,psxdata,2026-05-11T12:55:27
DFML,2023-12-01,15.75,16.38,15.7,16.01,4930700,psxdata,2026-05-11T12:55:27
DFML,2023-12-04,16.16,17.21,16.15,16.61,13348410,psxdata,2026-05-11T12:55:27
DFML,2023-12-05,16.8,17.86,16.8,17.51,14901755,psxdata,2026-05-11T12:55:27
DFML,2023-12-06,17.75,18.82,17.3,18.82,11808122,psxdata,2026-05-11T12:55:27
DFML,2023-12-07,19.5,19.85,18.8,18.99,10791745,psxdata,2026-05-11T12:55:27
DFML,2023-12-08,19.1,19.9,18.95,19.35,5279550,psxdata,2026-05-11T12:55:27
DFML,2023-12-11,19.35,19.65,18.7,18.84,4518243,psxdata,2026-05-11T12:55:27
DFML,2023-12-12,18.95,19.2,18.45,18.57,2682190,psxdata,2026-05-11T12:55:27
DFML,2023-12-13,18.55,19.0,17.18,17.75,5322032,psxdata,2026-05-11T12:55:27
DFML,2023-12-14,17.99,19.08,17.25,18.82,7338641,psxdata,2026-05-11T12:55:27
DFML,2023-12-15,19.4,19.4,18.01,18.15,6566612,psxdata,2026-05-11T12:55:27
DFML,2023-12-18,18.2,18.39,17.45,17.63,2904963,psxdata,2026-05-11T12:55:27
DFML,2023-12-19,17.66,17.76,16.31,16.31,3057071,psxdata,2026-05-11T12:55:27
DFML,2023-12-20,16.5,16.6,15.09,15.16,3309181,psxdata,2026-05-11T12:55:27
DFML,2023-12-21,15.68,15.7,14.81,15.53,1936485,psxdata,2026-05-11T12:55:27
DFML,2023-12-22,15.78,16.25,15.31,15.65,2788120,psxdata,2026-05-11T12:55:27
DFML,2023-12-26,15.2,15.48,14.48,14.48,791487,psxdata,2026-05-11T12:55:27
DFML,2023-12-27,14.12,14.45,13.6,14.35,1787516,psxdata,2026-05-11T12:55:27
DFML,2023-12-28,14.7,15.42,14.5,14.96,5504760,psxdata,2026-05-11T12:55:27
DFML,2023-12-29,15.15,15.4,14.82,14.96,2833194,psxdata,2026-05-11T12:55:27
DFML,2024-01-01,15.1,15.95,15.1,15.85,4283957,psxdata,2026-05-11T12:55:27
DFML,2024-01-02,15.99,16.0,15.1,15.3,1575459,psxdata,2026-05-11T12:55:27
DFML,2024-01-03,15.3,15.89,15.2,15.46,1907133,psxdata,2026-05-11T12:55:27
DFML,2024-01-04,15.7,16.48,15.4,16.3,5163307,psxdata,2026-05-11T12:55:27
DFML,2024-01-05,16.26,16.85,15.65,16.01,5082497,psxdata,2026-05-11T12:55:27
DFML,2024-01-08,16.26,16.31,15.5,15.6,1847904,psxdata,2026-05-11T12:55:27
DFML,2024-01-09,15.78,16.08,15.3,15.95,1563259,psxdata,2026-05-11T12:55:27
DFML,2024-01-10,16.19,16.24,15.5,15.69,1312637,psxdata,2026-05-11T12:55:27
DFML,2024-01-11,15.89,16.7,15.46,16.45,5547612,psxdata,2026-05-11T12:55:27
DFML,2024-01-12,16.48,16.48,15.35,15.64,2512757,psxdata,2026-05-11T12:55:27
DFML,2024-01-15,15.82,15.9,15.3,15.38,420310,psxdata,2026-05-11T12:55:27
DFML,2024-01-16,15.5,15.62,14.51,14.62,1696747,psxdata,2026-05-11T12:55:27
DFML,2024-01-17,14.79,15.0,14.29,14.36,791714,psxdata,2026-05-11T12:55:27
DFML,2024-01-18,14.4,14.5,13.5,13.73,925055,psxdata,2026-05-11T12:55:27
DFML,2024-01-19,13.9,14.76,13.9,14.37,4792273,psxdata,2026-05-11T12:55:27
DFML,2024-01-22,14.59,14.59,13.8,13.93,895422,psxdata,2026-05-11T12:55:27
DFML,2024-01-23,14.0,14.39,13.75,13.96,680178,psxdata,2026-05-11T12:55:27
DFML,2024-01-24,14.15,14.78,14.0,14.46,1878684,psxdata,2026-05-11T12:55:27
DFML,2024-01-25,14.68,14.85,14.2,14.35,1359493,psxdata,2026-05-11T12:55:27
DFML,2024-01-26,14.55,14.66,13.7,13.83,1378749,psxdata,2026-05-11T12:55:27
DFML,2024-01-29,13.85,13.99,13.71,13.78,942681,psxdata,2026-05-11T12:55:27
DFML,2024-01-30,13.8,14.0,13.3,13.69,808883,psxdata,2026-05-11T12:55:27
DFML,2024-01-31,13.7,13.98,13.5,13.62,298975,psxdata,2026-05-11T12:55:27
DFML,2024-02-01,13.8,13.85,13.5,13.75,301073,psxdata,2026-05-11T12:55:27
DFML,2024-02-02,13.98,14.05,13.83,13.91,221629,psxdata,2026-05-11T12:55:27
DFML,2024-02-06,14.1,14.34,13.96,14.14,488435,psxdata,2026-05-11T12:55:27
DFML,2024-02-07,14.39,15.09,14.06,14.56,4324616,psxdata,2026-05-11T12:55:27
DFML,2024-02-09,14.6,14.6,13.56,13.93,724766,psxdata,2026-05-11T12:55:27
DFML,2024-02-12,13.82,13.91,13.12,13.37,811044,psxdata,2026-05-11T12:55:27
DFML,2024-02-13,13.0,13.8,12.7,13.32,1050571,psxdata,2026-05-11T12:55:27
DFML,2024-02-14,13.65,14.12,13.41,13.91,1704064,psxdata,2026-05-11T12:55:27
DFML,2024-02-15,13.92,14.95,13.6,14.29,4171479,psxdata,2026-05-11T12:55:27
DFML,2024-02-16,14.54,15.36,14.3,15.36,4086057,psxdata,2026-05-11T12:55:27
DFML,2024-02-19,16.25,16.51,15.6,16.51,5395904,psxdata,2026-05-11T12:55:27
DFML,2024-02-20,17.0,17.3,15.51,15.63,9676233,psxdata,2026-05-11T12:55:27
DFML,2024-02-21,15.98,16.12,15.5,15.73,3003916,psxdata,2026-05-11T12:55:27
DFML,2024-02-22,15.7,16.25,15.66,16.08,3319104,psxdata,2026-05-11T12:55:27
DFML,2024-02-23,15.8,16.5,15.8,16.07,3378612,psxdata,2026-05-11T12:55:27
DFML,2024-02-26,16.43,16.65,16.01,16.24,2677223,psxdata,2026-05-11T12:55:27
DFML,2024-02-27,16.1,16.24,15.71,15.89,1415738,psxdata,2026-05-11T12:55:27
DFML,2024-02-28,15.85,16.25,15.7,15.91,1268106,psxdata,2026-05-11T12:55:27
DFML,2024-02-29,15.94,16.18,15.7,15.74,672309,psxdata,2026-05-11T12:55:27
DFML,2024-03-01,16.05,16.1,15.68,15.91,1255142,psxdata,2026-05-11T12:55:27
DFML,2024-03-04,15.9,16.35,15.9,16.0,1218613,psxdata,2026-05-11T12:55:27
DFML,2024-03-05,16.0,16.35,15.85,15.93,1325380,psxdata,2026-05-11T12:55:27
DFML,2024-03-06,16.02,16.85,16.02,16.33,5317274,psxdata,2026-05-11T12:55:27
DFML,2024-03-07,16.58,16.58,15.92,16.01,828958,psxdata,2026-05-11T12:55:27
DFML,2024-03-08,16.2,16.4,15.91,16.12,1946575,psxdata,2026-05-11T12:55:27
DFML,2024-03-11,16.36,16.7,16.12,16.18,2604318,psxdata,2026-05-11T12:55:27
DFML,2024-03-12,16.1,16.2,15.39,15.45,1172631,psxdata,2026-05-11T12:55:27
DFML,2024-03-13,15.65,15.65,14.45,14.65,750658,psxdata,2026-05-11T12:55:27
DFML,2024-03-14,14.75,15.4,14.75,15.27,746655,psxdata,2026-05-11T12:55:27
DFML,2024-03-15,15.12,15.68,15.1,15.16,492818,psxdata,2026-05-11T12:55:27
DFML,2024-03-18,15.44,15.44,14.89,14.93,383883,psxdata,2026-05-11T12:55:27
DFML,2024-03-19,14.81,15.2,14.78,14.94,803534,psxdata,2026-05-11T12:55:27
DFML,2024-03-20,15.0,15.4,14.91,14.97,560289,psxdata,2026-05-11T12:55:27
DFML,2024-03-21,14.95,15.2,14.55,14.65,504528,psxdata,2026-05-11T12:55:27
DFML,2024-03-22,14.66,15.35,14.5,14.82,739906,psxdata,2026-05-11T12:55:27
DFML,2024-03-25,14.9,15.19,14.61,14.78,331530,psxdata,2026-05-11T12:55:27
DFML,2024-03-26,14.85,15.0,14.7,14.84,550469,psxdata,2026-05-11T12:55:27
DFML,2024-03-27,14.78,15.95,14.78,15.84,5196068,psxdata,2026-05-11T12:55:27
DFML,2024-03-28,16.05,16.33,15.41,15.56,3465245,psxdata,2026-05-11T12:55:27
DFML,2024-03-29,15.52,15.7,15.15,15.28,813269,psxdata,2026-05-11T12:55:27
DFML,2024-04-01,15.4,16.43,15.18,16.43,3057972,psxdata,2026-05-11T12:55:27
DFML,2024-04-02,17.44,17.66,17.0,17.66,2844117,psxdata,2026-05-11T12:55:27
DFML,2024-04-03,18.5,18.95,17.55,18.51,10394564,psxdata,2026-05-11T12:55:27
DFML,2024-04-04,18.65,18.65,17.66,18.35,2116028,psxdata,2026-05-11T12:55:27
DFML,2024-04-08,18.85,19.73,18.47,19.73,3087341,psxdata,2026-05-11T12:55:27
DFML,2024-04-09,20.88,20.89,19.01,19.31,5388279,psxdata,2026-05-11T12:55:27
DFML,2024-04-15,18.75,20.76,18.5,20.76,8224767,psxdata,2026-05-11T12:55:27
DFML,2024-04-16,21.48,22.32,21.3,22.32,3497398,psxdata,2026-05-11T12:55:27
DFML,2024-04-17,23.7,23.79,22.5,22.81,13890067,psxdata,2026-05-11T12:55:27
DFML,2024-04-18,23.0,24.52,22.55,23.92,9186199,psxdata,2026-05-11T12:55:27
DFML,2024-04-19,24.4,25.71,24.4,25.71,4388934,psxdata,2026-05-11T12:55:27
DFML,2024-04-22,26.79,27.64,26.5,27.64,3412228,psxdata,2026-05-11T12:55:27
DFML,2024-04-23,28.97,29.71,28.12,28.72,14716463,psxdata,2026-05-11T12:55:27
DFML,2024-04-24,28.5,30.87,27.11,30.87,10766672,psxdata,2026-05-11T12:55:27
DFML,2024-04-25,33.19,33.19,31.02,33.19,9031644,psxdata,2026-05-11T12:55:27
DFML,2024-04-26,34.89,35.68,33.0,34.63,15954040,psxdata,2026-05-11T12:55:27
DFML,2024-04-29,34.49,36.24,33.71,35.08,11599712,psxdata,2026-05-11T12:55:27
DFML,2024-04-30,34.95,35.88,32.45,32.91,6994058,psxdata,2026-05-11T12:55:27
DFML,2024-05-02,32.95,33.0,30.44,30.46,9063719,psxdata,2026-05-11T12:55:27
DFML,2024-05-03,30.4,32.5,29.4,31.74,10568947,psxdata,2026-05-11T12:55:27
DFML,2024-05-06,32.05,32.95,29.41,30.3,7805037,psxdata,2026-05-11T12:55:27
DFML,2024-05-07,29.95,31.4,28.4,28.66,8678892,psxdata,2026-05-11T12:55:27
DFML,2024-05-08,28.94,29.26,27.61,28.39,4949958,psxdata,2026-05-11T12:55:27
DFML,2024-05-09,28.5,30.52,28.5,30.41,10674156,psxdata,2026-05-11T12:55:27
DFML,2024-05-10,30.75,31.0,29.5,29.92,4116869,psxdata,2026-05-11T12:55:27
DFML,2024-05-13,30.3,31.15,29.65,30.26,3999003,psxdata,2026-05-11T12:55:27
DFML,2024-05-14,30.35,32.53,29.55,32.53,10758129,psxdata,2026-05-11T12:55:27
DFML,2024-05-15,33.26,34.89,32.65,33.34,12600266,psxdata,2026-05-11T12:55:27
DFML,2024-05-16,33.99,35.84,33.4,35.69,14419046,psxdata,2026-05-11T12:55:27
DFML,2024-05-17,37.78,38.37,36.67,37.05,15018229,psxdata,2026-05-11T12:55:27
DFML,2024-05-20,36.94,39.83,34.51,39.73,17860403,psxdata,2026-05-11T12:55:27
DFML,2024-05-21,41.71,42.69,38.7,40.2,29415163,psxdata,2026-05-11T12:55:27
DFML,2024-05-22,39.5,40.44,38.61,38.89,8765740,psxdata,2026-05-11T12:55:27
DFML,2024-05-23,38.9,41.48,38.75,40.06,12758203,psxdata,2026-05-11T12:55:27
DFML,2024-05-24,41.5,43.0,41.11,42.44,13423546,psxdata,2026-05-11T12:55:27
DFML,2024-05-27,42.84,45.8,42.06,44.76,16744564,psxdata,2026-05-11T12:55:27
DFML,2024-05-29,45.5,47.49,41.18,41.42,19354593,psxdata,2026-05-11T12:55:27
DFML,2024-05-30,41.05,44.73,38.38,44.73,25937975,psxdata,2026-05-11T12:55:27
DFML,2024-05-31,46.31,47.67,43.12,46.78,25205573,psxdata,2026-05-11T12:55:27
DFML,2024-06-03,47.3,47.52,44.81,45.71,18872126,psxdata,2026-05-11T12:55:27
DFML,2024-06-04,45.8,46.74,44.75,45.18,11410901,psxdata,2026-05-11T12:55:27
DFML,2024-06-05,45.5,45.74,41.57,42.38,14210068,psxdata,2026-05-11T12:55:27
DFML,2024-06-06,41.52,43.25,39.1,39.44,13692244,psxdata,2026-05-11T12:55:27
DFML,2024-06-07,39.51,41.2,37.2,40.05,10265096,psxdata,2026-05-11T12:55:27
DFML,2024-06-10,40.35,40.7,39.11,39.44,5371487,psxdata,2026-05-11T12:55:27
DFML,2024-06-11,40.38,40.39,36.09,36.13,5587020,psxdata,2026-05-11T12:55:27
DFML,2024-06-12,35.5,37.26,34.14,36.21,7687991,psxdata,2026-05-11T12:55:27
DFML,2024-06-13,37.0,39.29,36.62,38.88,8583154,psxdata,2026-05-11T12:55:27
DFML,2024-06-14,39.5,40.0,37.5,37.85,5617120,psxdata,2026-05-11T12:55:27
DFML,2024-06-20,38.1,38.8,37.61,37.86,2500643,psxdata,2026-05-11T12:55:27
DFML,2024-06-21,38.44,38.5,36.6,37.21,2343504,psxdata,2026-05-11T12:55:27
DFML,2024-06-24,37.74,40.56,36.65,40.56,11166435,psxdata,2026-05-11T12:55:27
DFML,2024-06-25,41.38,42.0,39.25,40.32,12269220,psxdata,2026-05-11T12:55:27
DFML,2024-06-26,40.85,40.99,38.9,39.23,5740724,psxdata,2026-05-11T12:55:27
DFML,2024-06-27,39.2,41.3,38.2,40.67,7386340,psxdata,2026-05-11T12:55:27
DFML,2024-06-28,40.7,41.48,39.7,40.49,6063020,psxdata,2026-05-11T12:55:27
DFML,2024-07-01,40.2,41.31,39.85,40.51,4422364,psxdata,2026-05-11T12:55:27
DFML,2024-07-02,40.69,44.16,40.55,43.47,19255582,psxdata,2026-05-11T12:55:27
DFML,2024-07-03,43.47,43.47,41.55,41.92,7668569,psxdata,2026-05-11T12:55:27
DFML,2024-07-04,42.2,43.1,41.91,42.27,5130655,psxdata,2026-05-11T12:55:27
DFML,2024-07-05,42.27,42.75,41.75,42.1,4635128,psxdata,2026-05-11T12:55:27
DFML,2024-07-08,42.21,43.36,42.21,42.64,3350044,psxdata,2026-05-11T12:55:27
DFML,2024-07-09,42.75,45.28,42.6,43.01,16272964,psxdata,2026-05-11T12:55:27
DFML,2024-07-10,43.4,43.4,42.01,42.28,4878067,psxdata,2026-05-11T12:55:27
DFML,2024-07-11,42.41,44.2,42.06,42.92,7650362,psxdata,2026-05-11T12:55:27
DFML,2024-07-12,42.99,43.19,39.75,41.68,5326566,psxdata,2026-05-11T12:55:27
DFML,2024-07-15,42.0,43.15,41.8,42.11,3569811,psxdata,2026-05-11T12:55:27
DFML,2024-07-18,42.23,43.3,41.82,42.17,5146778,psxdata,2026-05-11T12:55:27
DFML,2024-07-19,42.04,42.88,38.6,39.62,3265747,psxdata,2026-05-11T12:55:27
DFML,2024-07-22,39.67,39.67,36.2,36.61,3670907,psxdata,2026-05-11T12:55:27
DFML,2024-07-23,37.1,40.27,37.1,40.27,5065894,psxdata,2026-05-11T12:55:27
DFML,2024-07-24,43.0,44.3,42.99,44.3,14560291,psxdata,2026-05-11T12:55:27
DFML,2024-07-25,45.35,45.64,42.85,44.57,16451307,psxdata,2026-05-11T12:55:27
DFML,2024-07-26,44.44,44.5,41.4,41.9,7176317,psxdata,2026-05-11T12:55:27
DFML,2024-07-29,41.55,44.75,41.55,43.86,14274013,psxdata,2026-05-11T12:55:27
DFML,2024-07-30,44.0,44.39,42.15,42.42,4446992,psxdata,2026-05-11T12:55:27
DFML,2024-07-31,42.65,42.7,40.3,40.75,3696033,psxdata,2026-05-11T12:55:27
DFML,2024-08-01,40.98,41.6,39.72,40.81,3115459,psxdata,2026-05-11T12:55:27
DFML,2024-08-02,41.4,42.8,41.13,42.38,6533328,psxdata,2026-05-11T12:55:27
DFML,2024-08-05,42.0,42.0,40.13,40.47,3873262,psxdata,2026-05-11T12:55:27
DFML,2024-08-06,40.75,43.84,40.15,41.91,8770110,psxdata,2026-05-11T12:55:27
DFML,2024-08-07,41.91,43.49,41.5,42.28,7636537,psxdata,2026-05-11T12:55:27
DFML,2024-08-08,42.48,43.25,41.61,41.92,6352328,psxdata,2026-05-11T12:55:27
DFML,2024-08-09,42.4,42.6,41.3,41.48,3358577,psxdata,2026-05-11T12:55:27
DFML,2024-08-12,41.6,42.28,39.4,39.77,5049757,psxdata,2026-05-11T12:55:27
DFML,2024-08-13,39.8,40.32,39.0,39.79,4974681,psxdata,2026-05-11T12:55:27
DFML,2024-08-15,40.0,41.5,39.81,40.04,4677479,psxdata,2026-05-11T12:55:27
DFML,2024-08-16,40.11,41.1,38.5,38.96,4649400,psxdata,2026-05-11T12:55:27
DFML,2024-08-19,39.5,41.44,39.41,40.0,6218137,psxdata,2026-05-11T12:55:27
DFML,2024-08-20,41.0,42.17,40.4,40.59,5699237,psxdata,2026-05-11T12:55:27
DFML,2024-08-21,41.39,41.39,40.26,40.59,3068211,psxdata,2026-05-11T12:55:27
DFML,2024-08-22,41.0,42.24,40.7,41.04,5676884,psxdata,2026-05-11T12:55:27
DFML,2024-08-23,41.15,42.2,41.09,41.37,4258922,psxdata,2026-05-11T12:55:27
DFML,2024-08-26,41.81,45.51,41.8,45.51,17453100,psxdata,2026-05-11T12:55:27
DFML,2024-08-27,46.51,50.06,45.83,48.99,28590007,psxdata,2026-05-11T12:55:27
DFML,2024-08-28,49.44,53.48,48.1,50.81,23953467,psxdata,2026-05-11T12:55:27
DFML,2024-08-29,50.39,53.95,49.9,50.6,14245212,psxdata,2026-05-11T12:55:27
DFML,2024-08-30,51.0,54.59,50.61,52.84,20169968,psxdata,2026-05-11T12:55:27
DFML,2024-09-02,53.01,54.0,47.56,48.1,12565447,psxdata,2026-05-11T12:55:27
DFML,2024-09-03,47.1,50.75,46.12,49.85,9165808,psxdata,2026-05-11T12:55:27
DFML,2024-09-04,50.02,52.44,49.6,51.19,11031252,psxdata,2026-05-11T12:55:27
DFML,2024-09-05,51.2,52.88,48.65,50.13,8812947,psxdata,2026-05-11T12:55:27
DFML,2024-09-06,50.89,50.99,49.2,49.41,3801750,psxdata,2026-05-11T12:55:27
DFML,2024-09-09,50.7,53.83,50.5,51.39,9111621,psxdata,2026-05-11T12:55:27
DFML,2024-09-10,51.9,53.35,51.34,52.51,9424951,psxdata,2026-05-11T12:55:27
DFML,2024-09-11,53.48,53.7,51.5,51.67,5790436,psxdata,2026-05-11T12:55:27
DFML,2024-09-12,51.68,52.3,50.7,51.47,3280634,psxdata,2026-05-11T12:55:27
DFML,2024-09-13,53.0,53.43,48.32,49.94,5514212,psxdata,2026-05-11T12:55:27
DFML,2024-09-16,50.3,50.3,48.51,48.74,2230200,psxdata,2026-05-11T12:55:27
DFML,2024-09-18,48.2,49.0,47.31,47.51,3605009,psxdata,2026-05-11T12:55:27
DFML,2024-09-19,47.74,48.33,43.55,44.21,3517560,psxdata,2026-05-11T12:55:27
DFML,2024-09-20,44.5,45.7,42.5,45.21,3820951,psxdata,2026-05-11T12:55:27
DFML,2024-09-23,45.45,47.3,45.45,46.13,3381863,psxdata,2026-05-11T12:55:27
DFML,2024-09-24,46.6,48.7,44.01,47.78,4949466,psxdata,2026-05-11T12:55:27
DFML,2024-09-25,48.4,51.01,48.15,50.26,8257621,psxdata,2026-05-11T12:55:27
DFML,2024-09-26,50.52,51.0,48.01,48.28,4663384,psxdata,2026-05-11T12:55:27
DFML,2024-09-27,48.0,49.7,47.1,48.38,4518925,psxdata,2026-05-11T12:55:27
DFML,2024-09-30,48.88,48.9,46.46,46.82,1978505,psxdata,2026-05-11T12:55:27
DFML,2024-10-01,46.79,48.15,46.5,47.32,2471723,psxdata,2026-05-11T12:55:27
DFML,2024-10-02,47.0,47.29,45.1,45.36,2955668,psxdata,2026-05-11T12:55:27
DFML,2024-10-03,45.5,46.4,43.76,44.14,1984064,psxdata,2026-05-11T12:55:27
DFML,2024-10-04,44.55,45.25,44.0,44.42,1802297,psxdata,2026-05-11T12:55:27
DFML,2024-10-07,44.7,46.0,44.0,45.2,1740395,psxdata,2026-05-11T12:55:27
DFML,2024-10-08,45.39,46.95,45.2,46.21,3709710,psxdata,2026-05-11T12:55:27
DFML,2024-10-09,46.3,48.15,45.61,47.4,5853995,psxdata,2026-05-11T12:55:27
DFML,2024-10-10,47.8,48.2,45.9,46.21,3183526,psxdata,2026-05-11T12:55:27
DFML,2024-10-11,46.45,46.6,43.0,45.79,4356226,psxdata,2026-05-11T12:55:27
DFML,2024-10-14,45.45,46.2,45.0,45.22,1844857,psxdata,2026-05-11T12:55:27
DFML,2024-10-15,45.4,46.65,45.01,46.1,3030714,psxdata,2026-05-11T12:55:27
DFML,2024-10-16,46.49,48.13,46.0,46.25,5483743,psxdata,2026-05-11T12:55:27
DFML,2024-10-17,46.38,46.7,45.2,45.3,1710402,psxdata,2026-05-11T12:55:27
DFML,2024-10-18,45.39,46.32,45.01,45.36,1965221,psxdata,2026-05-11T12:55:27
DFML,2024-10-21,45.5,46.3,45.5,45.9,1917444,psxdata,2026-05-11T12:55:27
DFML,2024-10-22,46.2,46.65,45.55,45.85,2225170,psxdata,2026-05-11T12:55:27
DFML,2024-10-23,45.9,46.15,45.32,45.59,1892926,psxdata,2026-05-11T12:55:27
DFML,2024-10-24,45.39,46.58,45.27,45.46,3310246,psxdata,2026-05-11T12:55:27
DFML,2024-10-25,45.73,46.0,43.82,44.01,3764974,psxdata,2026-05-11T12:55:27
DFML,2024-10-28,44.4,45.2,42.76,43.38,1849453,psxdata,2026-05-11T12:55:27
DFML,2024-10-29,43.85,44.0,42.0,42.21,2238427,psxdata,2026-05-11T12:55:27
DFML,2024-10-30,42.5,42.95,40.11,40.37,3223356,psxdata,2026-05-11T12:55:27
DFML,2024-10-31,40.5,41.85,39.7,40.73,4188782,psxdata,2026-05-11T12:55:27
DFML,2024-11-01,40.56,41.12,40.25,40.47,2185465,psxdata,2026-05-11T12:55:27
DFML,2024-11-04,40.21,41.44,40.21,40.94,1165504,psxdata,2026-05-11T12:55:27
DFML,2024-11-05,41.05,42.49,40.48,41.9,2627276,psxdata,2026-05-11T12:55:27
DFML,2024-11-06,41.75,41.75,40.5,40.57,2633631,psxdata,2026-05-11T12:55:27
DFML,2024-11-07,40.8,42.0,40.6,41.33,2770157,psxdata,2026-05-11T12:55:27
DFML,2024-11-08,41.42,42.95,41.32,41.51,3002952,psxdata,2026-05-11T12:55:27
DFML,2024-11-11,41.51,41.97,40.93,41.09,1129446,psxdata,2026-05-11T12:55:27
DFML,2024-11-12,41.9,43.25,41.3,41.48,7310086,psxdata,2026-05-11T12:55:27
DFML,2024-11-13,41.35,42.3,41.25,41.44,1821821,psxdata,2026-05-11T12:55:27
DFML,2024-11-14,41.2,42.5,41.2,41.58,1908820,psxdata,2026-05-11T12:55:27
DFML,2024-11-15,41.5,41.99,41.01,41.16,803586,psxdata,2026-05-11T12:55:27
DFML,2024-11-18,41.0,41.7,40.65,41.04,1348827,psxdata,2026-05-11T12:55:27
DFML,2024-11-19,41.44,41.5,40.8,40.95,877035,psxdata,2026-05-11T12:55:27
DFML,2024-11-20,41.0,41.8,40.43,40.61,2398592,psxdata,2026-05-11T12:55:27
DFML,2024-11-21,41.0,42.06,40.61,41.69,2619939,psxdata,2026-05-11T12:55:27
DFML,2024-11-22,42.4,44.5,39.6,40.82,7367596,psxdata,2026-05-11T12:55:27
DFML,2024-11-25,40.85,41.8,40.7,41.47,1330449,psxdata,2026-05-11T12:55:27
DFML,2024-11-26,41.01,41.49,37.32,37.34,2799200,psxdata,2026-05-11T12:55:27
DFML,2024-11-27,38.45,39.2,38.01,38.94,1813162,psxdata,2026-05-11T12:55:27
DFML,2024-11-28,39.01,40.4,38.0,39.78,2196149,psxdata,2026-05-11T12:55:27
DFML,2024-11-29,40.1,40.24,37.99,38.34,3484056,psxdata,2026-05-11T12:55:27
DFML,2024-12-02,38.5,40.4,38.15,39.44,4684861,psxdata,2026-05-11T12:55:27
DFML,2024-12-03,39.6,41.33,39.1,40.31,4113380,psxdata,2026-05-11T12:55:27
DFML,2024-12-04,40.6,40.9,39.7,40.64,2196633,psxdata,2026-05-11T12:55:27
DFML,2024-12-05,40.99,43.35,40.4,42.74,8208976,psxdata,2026-05-11T12:55:27
DFML,2024-12-06,43.5,44.85,42.8,43.13,8552808,psxdata,2026-05-11T12:55:27
DFML,2024-12-09,43.3,45.0,42.4,43.82,5036517,psxdata,2026-05-11T12:55:27
DFML,2024-12-10,44.0,44.95,40.5,41.57,3477345,psxdata,2026-05-11T12:55:27
DFML,2024-12-11,41.76,42.38,41.5,41.57,1163294,psxdata,2026-05-11T12:55:27
DFML,2024-12-12,42.0,42.75,41.5,41.8,2342014,psxdata,2026-05-11T12:55:27
DFML,2024-12-13,41.7,41.8,40.5,41.31,2300176,psxdata,2026-05-11T12:55:27
DFML,2024-12-16,41.5,42.8,41.32,41.68,3772675,psxdata,2026-05-11T12:55:27
DFML,2024-12-17,41.55,42.0,40.6,41.14,1313885,psxdata,2026-05-11T12:55:27
DFML,2024-12-18,41.14,41.7,39.75,40.02,1430280,psxdata,2026-05-11T12:55:27
DFML,2024-12-19,39.25,40.0,36.1,36.46,1484043,psxdata,2026-05-11T12:55:27
DFML,2024-12-20,36.5,37.4,34.5,35.74,2055124,psxdata,2026-05-11T12:55:27
DFML,2024-12-23,35.72,39.29,35.72,38.96,4428258,psxdata,2026-05-11T12:55:27
DFML,2024-12-24,39.9,40.05,38.0,38.37,2632739,psxdata,2026-05-11T12:55:27
DFML,2024-12-26,41.37,42.21,39.7,42.21,4474521,psxdata,2026-05-11T12:55:27
DFML,2024-12-27,44.2,44.5,40.58,41.04,9375376,psxdata,2026-05-11T12:55:27
DFML,2024-12-30,41.0,42.38,40.72,41.34,3255848,psxdata,2026-05-11T12:55:27
DFML,2024-12-31,42.21,42.21,40.6,40.78,2075786,psxdata,2026-05-11T12:55:27
DFML,2025-01-01,41.0,42.3,40.51,41.7,3738917,psxdata,2026-05-11T12:55:27
DFML,2025-01-02,41.99,42.25,40.51,40.96,1878070,psxdata,2026-05-11T12:55:27
DFML,2025-01-03,40.51,41.0,40.1,40.28,1115128,psxdata,2026-05-11T12:55:27
DFML,2025-01-06,40.3,42.29,40.02,41.97,4794186,psxdata,2026-05-11T12:55:27
DFML,2025-01-07,42.35,42.37,39.5,40.83,2599982,psxdata,2026-05-11T12:55:27
DFML,2025-01-08,40.98,41.6,38.26,38.69,2580826,psxdata,2026-05-11T12:55:27
DFML,2025-01-09,39.15,39.2,37.5,37.88,1121586,psxdata,2026-05-11T12:55:27
DFML,2025-01-10,37.88,38.25,37.0,37.4,1362747,psxdata,2026-05-11T12:55:27
DFML,2025-01-13,37.6,38.98,37.6,38.12,2319764,psxdata,2026-05-11T12:55:27
DFML,2025-01-14,38.12,39.5,38.01,39.14,2290426,psxdata,2026-05-11T12:55:27
DFML,2025-01-15,39.8,42.25,39.25,41.58,7711747,psxdata,2026-05-11T12:55:27
DFML,2025-01-16,42.1,45.74,42.1,45.74,19331666,psxdata,2026-05-11T12:55:27
DFML,2025-01-17,46.75,49.89,45.6,49.12,28438701,psxdata,2026-05-11T12:55:27
DFML,2025-01-20,48.99,52.19,48.15,50.23,22896108,psxdata,2026-05-11T12:55:27
DFML,2025-01-21,49.7,50.2,45.21,45.72,9667235,psxdata,2026-05-11T12:55:27
DFML,2025-01-22,44.99,45.5,41.4,41.88,9105165,psxdata,2026-05-11T12:55:27
DFML,2025-01-23,41.58,46.07,41.58,45.85,12601689,psxdata,2026-05-11T12:55:27
DFML,2025-01-24,48.5,49.44,45.36,46.17,11151372,psxdata,2026-05-11T12:55:27
DFML,2025-01-27,46.5,46.5,42.9,43.2,3943272,psxdata,2026-05-11T12:55:27
DFML,2025-01-28,43.45,47.52,43.45,47.33,11751571,psxdata,2026-05-11T12:55:27
DFML,2025-01-29,48.48,52.0,48.25,51.04,24726221,psxdata,2026-05-11T12:55:27
DFML,2025-01-30,50.81,51.15,48.75,49.51,11750038,psxdata,2026-05-11T12:55:27
DFML,2025-01-31,49.49,50.9,48.25,48.86,8481210,psxdata,2026-05-11T12:55:27
DFML,2025-02-03,49.25,50.6,47.01,47.68,9727513,psxdata,2026-05-11T12:55:27
DFML,2025-02-04,47.99,48.68,46.2,46.4,4354552,psxdata,2026-05-11T12:55:27
DFML,2025-02-06,46.8,47.0,43.33,45.71,3517544,psxdata,2026-05-11T12:55:27
DFML,2025-02-07,45.75,47.3,45.01,46.18,3848153,psxdata,2026-05-11T12:55:27
DFML,2025-02-10,46.4,48.3,45.76,47.3,5107707,psxdata,2026-05-11T12:55:27
DFML,2025-02-11,52.0,52.03,50.05,51.81,20647597,psxdata,2026-05-11T12:55:27
DFML,2025-02-12,51.8,51.99,49.2,50.04,10670626,psxdata,2026-05-11T12:55:27
DFML,2025-02-13,50.1,55.04,50.0,54.5,31281602,psxdata,2026-05-11T12:55:27
DFML,2025-02-14,53.8,55.66,51.28,51.89,15560501,psxdata,2026-05-11T12:55:27
DFML,2025-02-17,52.1,53.3,50.8,52.09,5971526,psxdata,2026-05-11T12:55:27
DFML,2025-02-18,52.25,52.7,51.01,51.71,2936844,psxdata,2026-05-11T12:55:27
DFML,2025-02-19,51.75,52.55,50.36,51.2,4399032,psxdata,2026-05-11T12:55:27
DFML,2025-02-20,51.99,52.1,50.7,51.01,4383652,psxdata,2026-05-11T12:55:27
DFML,2025-02-21,51.45,51.45,49.5,50.06,2492162,psxdata,2026-05-11T12:55:27
DFML,2025-02-24,50.1,50.4,48.15,49.34,2944603,psxdata,2026-05-11T12:55:27
DFML,2025-02-25,49.56,49.98,48.5,48.6,2521013,psxdata,2026-05-11T12:55:27
DFML,2025-02-26,49.69,50.85,48.82,49.12,4503845,psxdata,2026-05-11T12:55:27
DFML,2025-02-27,49.4,49.59,48.01,48.19,2120267,psxdata,2026-05-11T12:55:27
DFML,2025-02-28,48.2,48.4,45.0,45.54,2715157,psxdata,2026-05-11T12:55:27
DFML,2025-03-03,45.8,45.8,44.0,44.22,1199489,psxdata,2026-05-11T12:55:27
DFML,2025-03-04,44.69,46.2,43.83,45.85,2509575,psxdata,2026-05-11T12:55:27
DFML,2025-03-05,46.18,46.2,44.8,45.1,1295139,psxdata,2026-05-11T12:55:27
DFML,2025-03-06,44.63,45.34,44.6,44.85,736173,psxdata,2026-05-11T12:55:27
DFML,2025-03-07,44.62,47.7,44.5,47.0,3932797,psxdata,2026-05-11T12:55:27
DFML,2025-03-10,46.99,48.5,46.65,47.22,2881801,psxdata,2026-05-11T12:55:27
DFML,2025-03-11,47.0,47.44,46.43,46.73,986861,psxdata,2026-05-11T12:55:27
DFML,2025-03-12,46.41,47.0,45.5,45.8,1034589,psxdata,2026-05-11T12:55:27
DFML,2025-03-13,46.0,46.58,45.9,46.12,843394,psxdata,2026-05-11T12:55:27
DFML,2025-03-14,46.02,46.75,45.7,45.89,1524215,psxdata,2026-05-11T12:55:27
DFML,2025-03-17,46.1,46.69,46.0,46.08,1835319,psxdata,2026-05-11T12:55:27
DFML,2025-03-18,46.11,46.6,45.8,45.98,1378356,psxdata,2026-05-11T12:55:27
DFML,2025-03-19,46.4,47.45,46.1,46.71,3831813,psxdata,2026-05-11T12:55:27
DFML,2025-03-20,47.25,47.35,45.9,46.06,1825769,psxdata,2026-05-11T12:55:27
DFML,2025-03-21,46.12,46.5,45.98,46.03,1225205,psxdata,2026-05-11T12:55:27
DFML,2025-03-24,45.95,46.29,44.5,44.93,1434501,psxdata,2026-05-11T12:55:27
DFML,2025-03-25,45.15,45.4,44.26,44.51,1043815,psxdata,2026-05-11T12:55:27
DFML,2025-03-26,45.0,45.18,44.11,44.67,1962781,psxdata,2026-05-11T12:55:27
DFML,2025-03-27,44.95,45.0,44.2,44.6,1732510,psxdata,2026-05-11T12:55:27
DFML,2025-04-03,44.6,45.81,44.41,45.26,1694044,psxdata,2026-05-11T12:55:27
DFML,2025-04-04,45.26,49.31,45.11,47.84,14302128,psxdata,2026-05-11T12:55:27
DFML,2025-04-07,46.95,46.95,43.06,44.43,5931576,psxdata,2026-05-11T12:55:27
DFML,2025-04-08,44.9,45.2,43.36,43.5,2495088,psxdata,2026-05-11T12:55:27
DFML,2025-04-09,43.0,43.25,40.5,42.31,4777453,psxdata,2026-05-11T12:55:27
DFML,2025-04-10,43.5,44.14,43.0,43.34,3355016,psxdata,2026-05-11T12:55:27
DFML,2025-04-11,42.5,44.99,42.25,44.04,5071726,psxdata,2026-05-11T12:55:27
DFML,2025-04-14,44.6,45.42,44.06,44.57,3447231,psxdata,2026-05-11T12:55:27
DFML,2025-04-15,44.6,45.3,44.0,44.23,1931127,psxdata,2026-05-11T12:55:27
DFML,2025-04-16,44.2,44.46,42.0,43.0,1694632,psxdata,2026-05-11T12:55:27
DFML,2025-04-17,43.4,43.75,42.7,43.19,1073575,psxdata,2026-05-11T12:55:27
DFML,2025-04-18,43.06,44.78,42.75,43.73,4430037,psxdata,2026-05-11T12:55:27
DFML,2025-04-21,44.11,44.99,43.55,43.83,2632960,psxdata,2026-05-11T12:55:27
DFML,2025-04-22,44.29,44.29,42.75,43.03,1857093,psxdata,2026-05-11T12:55:27
DFML,2025-04-23,43.35,43.41,42.3,42.88,1642094,psxdata,2026-05-11T12:55:27
DFML,2025-04-24,42.0,42.0,39.8,40.16,2257417,psxdata,2026-05-11T12:55:27
DFML,2025-04-25,40.16,40.75,38.0,38.54,3115367,psxdata,2026-05-11T12:55:27
DFML,2025-04-28,39.02,39.25,37.45,37.87,1877947,psxdata,2026-05-11T12:55:27
DFML,2025-04-29,37.51,38.85,37.01,38.52,1273505,psxdata,2026-05-11T12:55:27
DFML,2025-04-30,38.3,38.3,34.67,35.11,2931798,psxdata,2026-05-11T12:55:27
DFML,2025-05-02,36.8,37.1,36.02,36.64,1513936,psxdata,2026-05-11T12:55:27
DFML,2025-05-05,36.65,37.75,35.4,37.33,1597307,psxdata,2026-05-11T12:55:27
DFML,2025-05-06,38.1,38.45,34.1,35.02,2767337,psxdata,2026-05-11T12:55:27
DFML,2025-05-07,31.52,33.4,31.52,31.65,4109798,psxdata,2026-05-11T12:55:27
DFML,2025-05-08,32.02,32.8,28.49,28.49,2428721,psxdata,2026-05-11T12:55:27
DFML,2025-05-09,26.5,28.0,25.64,27.06,6698169,psxdata,2026-05-11T12:55:27
DFML,2025-05-12,29.77,29.77,29.77,29.77,694527,psxdata,2026-05-11T12:55:27
DFML,2025-05-13,32.75,32.75,31.7,32.75,2134385,psxdata,2026-05-11T12:55:27
DFML,2025-05-14,33.75,36.03,33.5,36.03,5440689,psxdata,2026-05-11T12:55:27
DFML,2025-05-15,37.51,37.83,36.8,37.25,3667365,psxdata,2026-05-11T12:55:27
DFML,2025-05-16,37.48,37.48,36.2,36.34,1878172,psxdata,2026-05-11T12:55:27
DFML,2025-05-19,36.02,36.5,35.11,35.54,1135054,psxdata,2026-05-11T12:55:27
DFML,2025-05-20,35.0,35.65,34.45,34.69,1140455,psxdata,2026-05-11T12:55:27
DFML,2025-05-21,34.7,37.25,34.16,36.24,4777424,psxdata,2026-05-11T12:55:27
DFML,2025-05-22,36.68,36.68,35.34,35.62,1367891,psxdata,2026-05-11T12:55:27
DFML,2025-05-23,35.75,35.87,34.8,35.1,604129,psxdata,2026-05-11T12:55:27
DFML,2025-05-26,35.4,35.5,34.56,34.99,764005,psxdata,2026-05-11T12:55:27
DFML,2025-05-27,35.11,35.41,34.4,34.55,821461,psxdata,2026-05-11T12:55:27
DFML,2025-05-29,34.6,35.08,34.6,34.79,886950,psxdata,2026-05-11T12:55:27
DFML,2025-05-30,35.0,35.7,34.65,34.99,2106590,psxdata,2026-05-11T12:55:27
DFML,2025-06-02,35.0,35.58,34.85,35.37,1235765,psxdata,2026-05-11T12:55:27
DFML,2025-06-03,35.3,35.39,34.94,35.17,631045,psxdata,2026-05-11T12:55:27
DFML,2025-06-04,35.24,36.6,35.24,35.78,3617701,psxdata,2026-05-11T12:55:27
DFML,2025-06-05,35.88,36.44,35.3,35.44,1948287,psxdata,2026-05-11T12:55:27
DFML,2025-06-10,35.41,36.55,34.96,36.4,2411681,psxdata,2026-05-11T12:55:27
DFML,2025-06-11,36.4,36.48,35.45,36.1,3019475,psxdata,2026-05-11T12:55:27
DFML,2025-06-12,36.14,37.28,35.75,35.89,2483764,psxdata,2026-05-11T12:55:27
DFML,2025-06-13,36.38,39.48,35.0,39.48,9705108,psxdata,2026-05-11T12:55:27
DFML,2025-06-16,40.75,41.99,37.55,37.98,8484250,psxdata,2026-05-11T12:55:27
DFML,2025-06-17,37.85,39.4,37.4,37.67,3951125,psxdata,2026-05-11T12:55:27
DFML,2025-06-18,37.95,38.45,36.7,37.14,2646861,psxdata,2026-05-11T12:55:27
DFML,2025-06-19,37.48,37.88,35.81,36.14,1372796,psxdata,2026-05-11T12:55:27
DFML,2025-06-20,36.5,36.6,35.2,35.46,858625,psxdata,2026-05-11T12:55:27
DFML,2025-06-23,34.0,34.7,31.91,31.92,2188734,psxdata,2026-05-11T12:55:27
DFML,2025-06-24,34.11,35.1,33.5,34.75,2261992,psxdata,2026-05-11T12:55:27
DFML,2025-06-25,35.48,35.48,34.51,34.72,1180087,psxdata,2026-05-11T12:55:27
DFML,2025-06-26,34.71,35.35,34.0,34.34,1531641,psxdata,2026-05-11T12:55:27
DFML,2025-06-27,34.89,35.38,34.11,34.39,1146738,psxdata,2026-05-11T12:55:27
DFML,2025-06-30,34.52,35.06,34.3,34.64,1109766,psxdata,2026-05-11T12:55:27
DFML,2025-07-01,34.87,37.25,34.52,36.7,6112236,psxdata,2026-05-11T12:55:27
DFML,2025-07-02,37.4,38.44,36.9,37.6,7210244,psxdata,2026-05-11T12:55:27
DFML,2025-07-03,37.75,37.95,36.11,36.69,1975500,psxdata,2026-05-11T12:55:27
DFML,2025-07-04,36.99,37.59,36.35,36.76,3703583,psxdata,2026-05-11T12:55:27
DFML,2025-07-07,36.79,37.09,35.4,35.56,4093415,psxdata,2026-05-11T12:55:27
DFML,2025-07-08,38.0,38.2,36.25,36.47,10026847,psxdata,2026-05-11T12:55:27
DFML,2025-07-09,36.9,36.9,36.0,36.07,1917595,psxdata,2026-05-11T12:55:27
DFML,2025-07-10,36.17,36.89,35.65,35.99,9521273,psxdata,2026-05-11T12:55:27
DFML,2025-07-11,36.15,38.0,36.0,36.75,18372236,psxdata,2026-05-11T12:55:27
DFML,2025-07-14,37.0,37.5,36.31,36.96,6997384,psxdata,2026-05-11T12:55:27
DFML,2025-07-15,36.96,37.49,35.05,35.36,2839278,psxdata,2026-05-11T12:55:27
DFML,2025-07-16,35.7,35.7,34.91,35.23,922430,psxdata,2026-05-11T12:55:27
DFML,2025-07-17,35.8,37.14,35.65,35.9,4919148,psxdata,2026-05-11T12:55:27
DFML,2025-07-18,36.44,36.57,35.01,35.39,1814039,psxdata,2026-05-11T12:55:27
DFML,2025-07-21,35.79,35.97,34.9,35.01,1572409,psxdata,2026-05-11T12:55:27
DFML,2025-07-22,35.27,35.27,34.85,34.92,1092076,psxdata,2026-05-11T12:55:27
DFML,2025-07-23,34.92,37.0,34.91,35.86,7894519,psxdata,2026-05-11T12:55:27
DFML,2025-07-24,36.3,36.75,35.63,35.77,3569253,psxdata,2026-05-11T12:55:27
DFML,2025-07-25,35.51,36.3,35.0,35.11,2452219,psxdata,2026-05-11T12:55:27
DFML,2025-07-28,35.49,35.79,35.06,35.2,1535822,psxdata,2026-05-11T12:55:27
DFML,2025-07-29,35.48,36.31,35.11,35.24,2982696,psxdata,2026-05-11T12:55:27
DFML,2025-07-30,35.49,35.7,34.55,34.83,1664382,psxdata,2026-05-11T12:55:27
DFML,2025-07-31,34.7,35.38,34.66,34.88,1216413,psxdata,2026-05-11T12:55:27
DFML,2025-08-01,34.67,35.0,34.5,34.64,828855,psxdata,2026-05-11T12:55:27
DFML,2025-08-04,35.0,35.0,34.51,34.64,629014,psxdata,2026-05-11T12:55:27
DFML,2025-08-05,35.0,35.15,34.56,34.69,968638,psxdata,2026-05-11T12:55:27
DFML,2025-08-06,34.98,35.5,34.75,35.02,2607860,psxdata,2026-05-11T12:55:27
DFML,2025-08-07,35.24,35.73,34.85,34.97,1429979,psxdata,2026-05-11T12:55:27
DFML,2025-08-08,35.0,35.08,34.4,34.48,1064380,psxdata,2026-05-11T12:55:27
DFML,2025-08-11,34.79,34.8,34.26,34.33,1057940,psxdata,2026-05-11T12:55:27
DFML,2025-08-12,34.6,34.6,34.22,34.33,635105,psxdata,2026-05-11T12:55:27
DFML,2025-08-13,34.2,35.6,34.2,34.4,3069825,psxdata,2026-05-11T12:55:27
DFML,2025-08-15,34.6,34.74,33.95,34.31,1315658,psxdata,2026-05-11T12:55:27
DFML,2025-08-18,34.31,34.5,34.06,34.18,787400,psxdata,2026-05-11T12:55:27
DFML,2025-08-19,34.3,35.15,34.21,34.33,1859107,psxdata,2026-05-11T12:55:27
DFML,2025-08-20,34.4,34.5,34.13,34.33,1125342,psxdata,2026-05-11T12:55:27
DFML,2025-08-21,34.4,34.89,33.88,34.01,2196290,psxdata,2026-05-11T12:55:27
DFML,2025-08-22,34.05,34.55,34.0,34.08,842623,psxdata,2026-05-11T12:55:27
DFML,2025-08-25,34.19,34.4,33.7,33.83,1785529,psxdata,2026-05-11T12:55:27
DFML,2025-08-26,33.8,34.21,33.8,33.87,740071,psxdata,2026-05-11T12:55:27
DFML,2025-08-27,34.0,34.25,33.3,33.42,923507,psxdata,2026-05-11T12:55:27
DFML,2025-08-28,33.69,34.0,33.41,33.7,1092969,psxdata,2026-05-11T12:55:27
DFML,2025-08-29,33.75,34.29,33.43,33.73,2726997,psxdata,2026-05-11T12:55:27
DFML,2025-09-01,33.75,34.32,33.75,33.99,1729795,psxdata,2026-05-11T12:55:27
DFML,2025-09-02,33.91,36.75,33.8,36.41,16892785,psxdata,2026-05-11T12:55:27
DFML,2025-09-03,36.6,36.75,35.49,35.62,4861739,psxdata,2026-05-11T12:55:27
DFML,2025-09-04,35.6,35.92,34.8,35.0,2604101,psxdata,2026-05-11T12:55:27
DFML,2025-09-05,35.0,35.65,34.7,34.84,2176459,psxdata,2026-05-11T12:55:27
DFML,2025-09-08,34.9,35.13,34.12,34.39,2035960,psxdata,2026-05-11T12:55:27
DFML,2025-09-09,34.4,35.2,34.26,34.55,2755998,psxdata,2026-05-11T12:55:27
DFML,2025-09-10,34.55,35.85,34.27,35.16,6900298,psxdata,2026-05-11T12:55:27
DFML,2025-09-11,35.3,35.7,34.8,34.84,2968369,psxdata,2026-05-11T12:55:27
DFML,2025-09-12,35.1,35.81,34.76,35.29,3695583,psxdata,2026-05-11T12:55:27
DFML,2025-09-15,35.48,35.75,35.0,35.46,1466224,psxdata,2026-05-11T12:55:27
DFML,2025-09-16,35.7,35.93,35.52,35.67,2201586,psxdata,2026-05-11T12:55:27
DFML,2025-09-17,36.0,38.38,35.35,37.05,15851313,psxdata,2026-05-11T12:55:27
DFML,2025-09-18,37.5,37.57,36.11,36.45,4382054,psxdata,2026-05-11T12:55:27
DFML,2025-09-19,36.51,36.88,35.5,35.57,3950250,psxdata,2026-05-11T12:55:27
DFML,2025-09-22,35.57,35.79,35.21,35.33,1436471,psxdata,2026-05-11T12:55:27
DFML,2025-09-23,35.44,35.65,35.01,35.06,1340774,psxdata,2026-05-11T12:55:27
DFML,2025-09-24,35.2,35.35,34.75,34.82,1898940,psxdata,2026-05-11T12:55:27
DFML,2025-09-25,34.98,35.05,34.4,34.44,2596734,psxdata,2026-05-11T12:55:27
DFML,2025-09-26,34.5,34.64,33.8,33.96,3455402,psxdata,2026-05-11T12:55:27
DFML,2025-09-29,33.9,34.6,33.9,34.21,1781290,psxdata,2026-05-11T12:55:27
DFML,2025-09-30,34.3,34.3,33.5,33.57,3331449,psxdata,2026-05-11T12:55:27
DFML,2025-10-01,33.7,33.87,33.25,33.3,1375589,psxdata,2026-05-11T12:55:27
DFML,2025-10-02,33.5,34.98,33.29,33.6,3047253,psxdata,2026-05-11T12:55:27
DFML,2025-10-03,33.67,34.01,33.16,33.26,3317246,psxdata,2026-05-11T12:55:27
DFML,2025-10-06,33.26,33.49,32.15,32.23,1791204,psxdata,2026-05-11T12:55:27
DFML,2025-10-07,32.79,32.79,31.7,31.84,1413899,psxdata,2026-05-11T12:55:27
DFML,2025-10-08,31.8,32.38,30.0,30.94,3458228,psxdata,2026-05-11T12:55:27
DFML,2025-10-09,30.88,31.13,30.45,30.52,1232324,psxdata,2026-05-11T12:55:27
DFML,2025-10-10,30.0,30.68,29.86,30.01,1793220,psxdata,2026-05-11T12:55:27
DFML,2025-10-13,30.0,30.0,28.5,28.67,1667419,psxdata,2026-05-11T12:55:27
DFML,2025-10-14,29.03,30.44,29.02,29.88,2435627,psxdata,2026-05-11T12:55:27
DFML,2025-10-15,30.4,31.99,29.8,31.06,6680055,psxdata,2026-05-11T12:55:27
DFML,2025-10-16,31.1,31.7,30.51,30.66,1574767,psxdata,2026-05-11T12:55:27
DFML,2025-10-17,30.6,31.6,30.01,30.24,1001141,psxdata,2026-05-11T12:55:27
DFML,2025-10-20,30.75,32.25,30.2,30.86,11690781,psxdata,2026-05-11T12:55:27
DFML,2025-10-21,31.2,31.31,29.82,30.03,3905881,psxdata,2026-05-11T12:55:27
DFML,2025-10-22,30.37,30.37,29.41,29.54,2113346,psxdata,2026-05-11T12:55:27
DFML,2025-10-23,29.6,29.79,29.0,29.16,1296736,psxdata,2026-05-11T12:55:27
DFML,2025-10-24,29.21,29.5,28.47,28.57,1075092,psxdata,2026-05-11T12:55:27
DFML,2025-10-27,29.0,29.18,28.4,28.74,1841055,psxdata,2026-05-11T12:55:27
DFML,2025-10-28,28.99,28.99,26.01,27.23,1449151,psxdata,2026-05-11T12:55:27
DFML,2025-10-29,27.25,27.4,26.51,26.75,1775390,psxdata,2026-05-11T12:55:27
DFML,2025-10-30,27.39,27.4,26.38,26.54,1349589,psxdata,2026-05-11T12:55:27
DFML,2025-10-31,26.95,27.01,26.11,26.2,2524719,psxdata,2026-05-11T12:55:27
DFML,2025-11-03,26.38,26.97,26.06,26.75,1324028,psxdata,2026-05-11T12:55:27
DFML,2025-11-04,26.8,26.97,26.1,26.21,713182,psxdata,2026-05-11T12:55:27
DFML,2025-11-05,26.23,26.5,25.88,25.94,909166,psxdata,2026-05-11T12:55:27
DFML,2025-11-06,26.1,27.5,26.01,27.35,3567500,psxdata,2026-05-11T12:55:27
DFML,2025-11-07,27.7,27.89,26.52,26.78,1872766,psxdata,2026-05-11T12:55:27
DFML,2025-11-10,26.8,27.01,26.4,26.54,874659,psxdata,2026-05-11T12:55:27
DFML,2025-11-11,26.85,26.85,24.8,25.38,2245701,psxdata,2026-05-11T12:55:27
DFML,2025-11-12,26.05,26.17,25.4,25.49,1098176,psxdata,2026-05-11T12:55:27
DFML,2025-11-13,25.6,25.8,25.1,25.18,681943,psxdata,2026-05-11T12:55:27
DFML,2025-11-14,25.65,27.7,25.55,27.7,3721698,psxdata,2026-05-11T12:55:27
DFML,2025-11-17,28.3,29.4,27.1,28.75,7604667,psxdata,2026-05-11T12:55:27
DFML,2025-11-18,29.05,29.05,26.51,27.67,2202947,psxdata,2026-05-11T12:55:27
DFML,2025-11-19,27.7,28.35,27.5,27.69,2411646,psxdata,2026-05-11T12:55:27
DFML,2025-11-20,27.89,28.18,27.51,27.71,997512,psxdata,2026-05-11T12:55:27
DFML,2025-11-21,27.51,28.0,27.03,27.24,725634,psxdata,2026-05-11T12:55:27
DFML,2025-11-24,27.4,27.4,26.64,26.8,550422,psxdata,2026-05-11T12:55:27
DFML,2025-11-25,27.19,27.19,26.15,26.2,734339,psxdata,2026-05-11T12:55:27
DFML,2025-11-26,26.3,27.4,25.8,26.44,1142342,psxdata,2026-05-11T12:55:27
DFML,2025-11-27,26.79,26.79,26.01,26.29,720415,psxdata,2026-05-11T12:55:27
DFML,2025-11-28,26.59,27.65,26.1,26.78,3630954,psxdata,2026-05-11T12:55:27
DFML,2025-12-01,27.0,27.39,26.45,26.98,1452501,psxdata,2026-05-11T12:55:27
DFML,2025-12-02,26.48,26.48,25.04,25.21,6212528,psxdata,2026-05-11T12:55:27
DFML,2025-12-03,25.31,25.35,24.31,24.49,4261519,psxdata,2026-05-11T12:55:27
DFML,2025-12-04,24.0,24.58,23.3,23.69,3057789,psxdata,2026-05-11T12:55:27
DFML,2025-12-05,24.2,24.2,23.71,23.9,810780,psxdata,2026-05-11T12:55:27
DFML,2025-12-08,23.98,24.93,23.7,24.48,1855853,psxdata,2026-05-11T12:55:27
DFML,2025-12-09,24.68,24.68,24.1,24.16,792161,psxdata,2026-05-11T12:55:27
DFML,2025-12-10,24.36,25.7,24.18,25.32,3544442,psxdata,2026-05-11T12:55:27
DFML,2025-12-11,25.5,25.74,24.81,24.92,1407249,psxdata,2026-05-11T12:55:27
DFML,2025-12-12,24.7,25.0,24.0,24.6,1046449,psxdata,2026-05-11T12:55:27
DFML,2025-12-15,24.3,24.78,24.29,24.33,893591,psxdata,2026-05-11T12:55:27
DFML,2025-12-16,24.3,24.68,23.7,23.82,1569149,psxdata,2026-05-11T12:55:27
DFML,2025-12-17,24.0,24.95,23.71,24.42,2940854,psxdata,2026-05-11T12:55:27
DFML,2025-12-18,24.6,24.6,23.96,24.01,1154478,psxdata,2026-05-11T12:55:27
DFML,2025-12-19,24.3,24.3,23.75,23.9,444650,psxdata,2026-05-11T12:55:27
DFML,2025-12-22,23.92,24.0,23.67,23.77,346197,psxdata,2026-05-11T12:55:27
DFML,2025-12-23,23.71,23.71,23.27,23.31,518410,psxdata,2026-05-11T12:55:27
DFML,2025-12-24,23.4,23.4,22.01,22.4,1829442,psxdata,2026-05-11T12:55:27
DFML,2025-12-26,22.4,24.0,22.0,22.65,3113944,psxdata,2026-05-11T12:55:27
DFML,2025-12-29,22.66,22.89,21.96,22.05,880605,psxdata,2026-05-11T12:55:27
DFML,2025-12-30,22.36,22.49,22.05,22.4,695652,psxdata,2026-05-11T12:55:27
DFML,2025-12-31,22.44,23.0,22.36,22.68,701831,psxdata,2026-05-11T12:55:27
DFML,2026-01-01,22.98,23.1,22.55,22.8,918908,psxdata,2026-05-11T12:55:27
DFML,2026-01-02,23.05,23.05,22.5,22.54,682207,psxdata,2026-05-11T12:55:27
DFML,2026-01-05,22.75,24.79,22.74,24.79,3174851,psxdata,2026-05-11T12:55:27
DFML,2026-01-06,25.99,27.27,25.61,27.27,2802623,psxdata,2026-05-11T12:55:27
DFML,2026-01-07,28.5,29.2,26.6,26.84,11381092,psxdata,2026-05-11T12:55:27
DFML,2026-01-08,27.01,28.0,26.43,26.61,4266336,psxdata,2026-05-11T12:55:27
DFML,2026-01-09,26.65,26.79,26.0,26.21,1627021,psxdata,2026-05-11T12:55:27
DFML,2026-01-12,26.0,26.7,25.4,25.87,3391057,psxdata,2026-05-11T12:55:27
DFML,2026-01-13,26.13,26.3,25.31,25.66,2785395,psxdata,2026-05-11T12:55:27
DFML,2026-01-14,25.61,25.98,24.66,24.8,2624888,psxdata,2026-05-11T12:55:27
DFML,2026-01-15,24.8,24.94,24.0,24.23,1569893,psxdata,2026-05-11T12:55:27
DFML,2026-01-16,24.49,24.98,24.31,24.49,899156,psxdata,2026-05-11T12:55:27
DFML,2026-01-19,24.9,24.9,24.25,24.37,883741,psxdata,2026-05-11T12:55:27
DFML,2026-01-20,24.4,24.44,23.75,23.95,1587797,psxdata,2026-05-11T12:55:27
DFML,2026-01-21,24.0,24.5,23.9,23.98,1666227,psxdata,2026-05-11T12:55:27
DFML,2026-01-22,24.34,26.38,24.2,26.38,2085527,psxdata,2026-05-11T12:55:27
DFML,2026-01-23,27.74,27.82,24.85,25.33,5506389,psxdata,2026-05-11T12:55:27
DFML,2026-01-26,25.52,25.81,24.6,24.68,813915,psxdata,2026-05-11T12:55:27
DFML,2026-01-27,24.8,26.85,24.25,25.67,5835267,psxdata,2026-05-11T12:55:27
DFML,2026-01-28,25.63,26.48,25.0,25.46,2913796,psxdata,2026-05-11T12:55:27
DFML,2026-01-29,25.44,25.44,23.5,24.25,1200457,psxdata,2026-05-11T12:55:27
DFML,2026-01-30,24.59,24.69,23.8,23.94,1310189,psxdata,2026-05-11T12:55:27
DFML,2026-02-02,23.84,24.75,23.84,24.36,673123,psxdata,2026-05-11T12:55:27
DFML,2026-02-03,24.21,25.0,24.21,24.45,1168040,psxdata,2026-05-11T12:55:27
DFML,2026-02-04,24.69,24.86,24.4,24.46,434316,psxdata,2026-05-11T12:55:27
DFML,2026-02-06,24.47,24.79,24.01,24.12,946779,psxdata,2026-05-11T12:55:27
DFML,2026-02-09,24.2,24.4,23.72,23.78,979434,psxdata,2026-05-11T12:55:27
DFML,2026-02-10,23.9,24.89,23.74,24.06,1933449,psxdata,2026-05-11T12:55:27
DFML,2026-02-11,24.39,24.7,23.65,23.75,1895023,psxdata,2026-05-11T12:55:27
DFML,2026-02-12,24.45,24.99,23.3,23.94,2435472,psxdata,2026-05-11T12:55:27
DFML,2026-02-13,25.75,25.75,24.1,24.29,4610361,psxdata,2026-05-11T12:55:27
DFML,2026-02-16,24.59,24.59,22.66,22.91,1670193,psxdata,2026-05-11T12:55:27
DFML,2026-02-17,23.0,23.7,22.12,22.67,1402905,psxdata,2026-05-11T12:55:27
DFML,2026-02-18,23.24,23.24,22.72,22.84,764952,psxdata,2026-05-11T12:55:27
DFML,2026-02-19,22.9,22.98,20.56,20.67,1185986,psxdata,2026-05-11T12:55:27
DFML,2026-02-20,20.06,20.79,18.65,20.02,1764208,psxdata,2026-05-11T12:55:27
DFML,2026-02-23,19.99,22.02,18.03,19.29,3038220,psxdata,2026-05-11T12:55:27
DFML,2026-02-24,18.0,18.73,17.51,17.72,1645602,psxdata,2026-05-11T12:55:27
DFML,2026-02-25,18.0,19.49,16.9,19.49,3881576,psxdata,2026-05-11T12:55:27
DFML,2026-02-26,19.2,20.5,17.54,17.93,7634991,psxdata,2026-05-11T12:55:27
DFML,2026-02-27,17.01,17.68,16.5,17.13,2055762,psxdata,2026-05-11T12:55:27
DFML,2026-03-02,15.42,15.42,15.42,15.42,623505,psxdata,2026-05-11T12:55:27
DFML,2026-03-03,14.01,15.0,13.88,14.01,2884645,psxdata,2026-05-11T12:55:27
DFML,2026-03-04,14.16,14.5,13.35,13.84,1528713,psxdata,2026-05-11T12:55:27
DFML,2026-03-05,14.05,14.82,13.95,14.64,1237771,psxdata,2026-05-11T12:55:27
DFML,2026-03-06,14.75,16.1,14.11,15.32,2321727,psxdata,2026-05-11T12:55:27
DFML,2026-03-09,14.7,14.7,13.79,13.82,904466,psxdata,2026-05-11T12:55:27
DFML,2026-03-10,14.5,15.18,14.41,14.99,883868,psxdata,2026-05-11T12:55:27
DFML,2026-03-11,14.96,15.8,14.96,15.31,1025302,psxdata,2026-05-11T12:55:27
DFML,2026-03-12,14.99,15.3,14.82,15.0,287794,psxdata,2026-05-11T12:55:27
DFML,2026-03-13,14.7,15.18,14.61,14.69,872247,psxdata,2026-05-11T12:55:27
DFML,2026-03-16,14.8,14.84,14.05,14.3,394530,psxdata,2026-05-11T12:55:27
DFML,2026-03-17,14.41,14.57,14.15,14.38,118111,psxdata,2026-05-11T12:55:27
DFML,2026-03-18,14.75,15.82,14.74,15.82,2275409,psxdata,2026-05-11T12:55:27
DFML,2026-03-19,16.07,16.39,15.51,15.96,2030729,psxdata,2026-05-11T12:55:27
DFML,2026-03-24,16.49,16.75,16.11,16.34,1315152,psxdata,2026-05-11T12:55:27
DFML,2026-03-25,16.12,17.45,15.83,16.58,2713130,psxdata,2026-05-11T12:55:27
DFML,2026-03-26,16.51,16.51,15.5,15.57,767662,psxdata,2026-05-11T12:55:27
DFML,2026-03-27,15.78,15.79,14.9,14.93,511630,psxdata,2026-05-11T12:55:27
DFML,2026-03-30,15.2,15.2,14.15,14.39,424752,psxdata,2026-05-11T12:55:27
DFML,2026-03-31,14.51,14.95,14.31,14.48,290583,psxdata,2026-05-11T12:55:27
DFML,2026-04-01,15.05,15.43,14.68,15.08,645388,psxdata,2026-05-11T12:55:27
DFML,2026-04-02,14.5,15.05,14.5,14.77,353133,psxdata,2026-05-11T12:55:27
DFML,2026-04-03,14.5,14.89,14.16,14.65,297115,psxdata,2026-05-11T12:55:27
DFML,2026-04-06,14.7,16.12,14.25,15.27,1406946,psxdata,2026-05-11T12:55:27
DFML,2026-04-07,14.9,15.47,14.89,15.35,484158,psxdata,2026-05-11T12:55:27
DFML,2026-04-08,16.44,16.89,16.38,16.88,1493966,psxdata,2026-05-11T12:55:27
DFML,2026-04-09,16.5,18.0,16.0,17.22,2701652,psxdata,2026-05-11T12:55:27
DFML,2026-04-10,17.23,18.22,17.23,18.08,3309977,psxdata,2026-05-11T12:55:27
DFML,2026-04-13,16.99,17.3,16.42,16.55,1252638,psxdata,2026-05-11T12:55:27
DFML,2026-04-14,16.8,17.71,16.8,17.53,2085933,psxdata,2026-05-11T12:55:27
DFML,2026-04-15,17.94,18.19,17.61,17.64,1927204,psxdata,2026-05-11T12:55:27
DFML,2026-04-16,17.99,18.25,17.49,17.66,1479281,psxdata,2026-05-11T12:55:27
DFML,2026-04-17,17.95,18.39,17.7,18.1,2282783,psxdata,2026-05-11T12:55:27
DFML,2026-04-20,18.41,18.41,16.99,17.76,2168085,psxdata,2026-05-11T12:55:27
DFML,2026-04-21,17.98,18.35,17.75,17.98,3706132,psxdata,2026-05-11T12:55:27
DFML,2026-04-22,18.09,18.2,17.52,17.6,2363382,psxdata,2026-05-11T12:55:27
DFML,2026-04-23,17.51,18.1,17.41,17.76,1201425,psxdata,2026-05-11T12:55:27
DFML,2026-04-24,17.76,18.1,17.13,17.71,1621622,psxdata,2026-05-11T12:55:27
DFML,2026-04-27,17.7,18.7,17.49,18.02,3935372,psxdata,2026-05-11T12:55:27
DFML,2026-04-28,17.7,18.29,17.61,17.87,1039890,psxdata,2026-05-11T12:55:27
DFML,2026-04-29,18.15,18.15,17.03,17.22,1252974,psxdata,2026-05-11T12:55:27
DFML,2026-04-30,17.22,17.22,16.31,16.58,548254,psxdata,2026-05-11T12:55:27
DFML,2026-05-04,16.58,17.2,16.5,16.6,304453,psxdata,2026-05-11T12:55:27
DFML,2026-05-05,16.51,16.85,16.36,16.69,193805,psxdata,2026-05-11T12:55:27
DFML,2026-05-06,18.36,18.36,18.36,18.36,1009596,psxdata,2026-05-11T12:55:27
DFML,2026-05-07,20.2,20.2,20.2,20.2,830953,psxdata,2026-05-11T12:55:27
DFML,2026-05-08,21.25,22.22,20.56,22.22,9851592,psxdata,2026-05-11T12:55:27
