symbol,date,open,high,low,close,volume,source,collected_at
DSIL,2016-05-11,3.15,3.15,3.0,3.05,74000,psxdata,2026-05-11T12:56:01
DSIL,2016-05-12,3.14,3.19,3.0,3.1,132500,psxdata,2026-05-11T12:56:01
DSIL,2016-05-13,3.19,3.33,3.16,3.26,392000,psxdata,2026-05-11T12:56:01
DSIL,2016-05-16,3.27,3.3,3.21,3.25,68000,psxdata,2026-05-11T12:56:01
DSIL,2016-05-17,3.28,3.29,3.0,3.08,296000,psxdata,2026-05-11T12:56:01
DSIL,2016-05-18,3.1,3.22,3.1,3.18,83500,psxdata,2026-05-11T12:56:01
DSIL,2016-05-19,3.13,3.32,3.13,3.21,201500,psxdata,2026-05-11T12:56:01
DSIL,2016-05-20,3.27,3.29,3.11,3.16,91500,psxdata,2026-05-11T12:56:01
DSIL,2016-05-23,3.1,3.16,3.1,3.11,130000,psxdata,2026-05-11T12:56:01
DSIL,2016-05-24,3.08,3.25,3.0,3.04,172500,psxdata,2026-05-11T12:56:01
DSIL,2016-05-25,3.09,3.3,3.05,3.24,558000,psxdata,2026-05-11T12:56:01
DSIL,2016-05-26,3.22,3.22,3.02,3.07,190500,psxdata,2026-05-11T12:56:01
DSIL,2016-05-27,3.03,3.19,3.01,3.05,38500,psxdata,2026-05-11T12:56:01
DSIL,2016-05-30,3.19,3.44,3.15,3.15,955500,psxdata,2026-05-11T12:56:01
DSIL,2016-05-31,3.35,3.39,3.05,3.09,303500,psxdata,2026-05-11T12:56:01
DSIL,2016-06-01,3.11,3.16,3.08,3.16,19000,psxdata,2026-05-11T12:56:01
DSIL,2016-06-02,3.2,3.3,3.2,3.2,56500,psxdata,2026-05-11T12:56:01
DSIL,2016-06-03,3.28,3.32,3.16,3.31,92500,psxdata,2026-05-11T12:56:01
DSIL,2016-06-06,3.49,3.49,2.95,3.01,1267500,psxdata,2026-05-11T12:56:01
DSIL,2016-06-07,3.05,3.05,2.91,2.94,142500,psxdata,2026-05-11T12:56:01
DSIL,2016-06-08,2.94,2.99,2.75,2.79,300000,psxdata,2026-05-11T12:56:01
DSIL,2016-06-09,2.69,2.88,2.52,2.6,509000,psxdata,2026-05-11T12:56:01
DSIL,2016-06-10,2.6,2.62,2.39,2.41,1413000,psxdata,2026-05-11T12:56:01
DSIL,2016-06-13,2.54,2.7,2.44,2.62,540500,psxdata,2026-05-11T12:56:01
DSIL,2016-06-14,2.65,2.83,2.65,2.69,628000,psxdata,2026-05-11T12:56:01
DSIL,2016-06-15,2.77,2.78,2.61,2.64,100500,psxdata,2026-05-11T12:56:01
DSIL,2016-06-16,2.72,2.72,2.55,2.64,228500,psxdata,2026-05-11T12:56:01
DSIL,2016-06-17,2.59,2.65,2.5,2.52,1149000,psxdata,2026-05-11T12:56:01
DSIL,2016-06-20,2.57,2.57,2.49,2.5,67500,psxdata,2026-05-11T12:56:01
DSIL,2016-06-21,2.5,3.1,2.47,2.87,2464500,psxdata,2026-05-11T12:56:01
DSIL,2016-06-22,2.88,3.07,2.8,3.02,1106500,psxdata,2026-05-11T12:56:01
DSIL,2016-06-23,3.0,3.09,2.91,2.96,180000,psxdata,2026-05-11T12:56:01
DSIL,2016-06-24,2.92,2.92,2.7,2.78,133500,psxdata,2026-05-11T12:56:01
DSIL,2016-06-27,2.86,2.86,2.52,2.7,273000,psxdata,2026-05-11T12:56:01
DSIL,2016-06-28,2.7,2.8,2.51,2.6,266500,psxdata,2026-05-11T12:56:01
DSIL,2016-06-30,2.75,2.8,2.71,2.77,20000,psxdata,2026-05-11T12:56:01
DSIL,2016-07-04,2.83,2.87,2.75,2.8,130000,psxdata,2026-05-11T12:56:01
DSIL,2016-07-11,2.85,2.85,2.71,2.77,51000,psxdata,2026-05-11T12:56:01
DSIL,2016-07-12,2.79,2.79,2.7,2.75,178000,psxdata,2026-05-11T12:56:01
DSIL,2016-07-13,2.78,2.8,2.65,2.67,255000,psxdata,2026-05-11T12:56:01
DSIL,2016-07-14,2.7,2.73,2.65,2.67,78500,psxdata,2026-05-11T12:56:01
DSIL,2016-07-15,2.78,2.78,2.55,2.62,217000,psxdata,2026-05-11T12:56:01
DSIL,2016-07-18,2.6,2.66,2.6,2.66,88500,psxdata,2026-05-11T12:56:01
DSIL,2016-07-19,2.6,2.66,2.6,2.6,93000,psxdata,2026-05-11T12:56:01
DSIL,2016-07-20,2.6,2.6,2.55,2.55,74000,psxdata,2026-05-11T12:56:01
DSIL,2016-07-21,2.59,2.72,2.59,2.62,196000,psxdata,2026-05-11T12:56:01
DSIL,2016-07-22,2.61,2.7,2.61,2.7,53000,psxdata,2026-05-11T12:56:01
DSIL,2016-07-25,2.67,2.67,2.6,2.6,241000,psxdata,2026-05-11T12:56:01
DSIL,2016-07-26,2.66,2.66,2.61,2.63,135500,psxdata,2026-05-11T12:56:01
DSIL,2016-07-27,2.61,2.65,2.57,2.59,34500,psxdata,2026-05-11T12:56:01
DSIL,2016-07-28,2.65,2.8,2.62,2.64,296000,psxdata,2026-05-11T12:56:01
DSIL,2016-07-29,2.7,2.75,2.6,2.61,64000,psxdata,2026-05-11T12:56:01
DSIL,2016-08-01,2.66,2.66,2.6,2.62,87000,psxdata,2026-05-11T12:56:01
DSIL,2016-08-02,2.61,2.65,2.59,2.6,117000,psxdata,2026-05-11T12:56:01
DSIL,2016-08-03,2.59,2.73,2.59,2.67,266000,psxdata,2026-05-11T12:56:01
DSIL,2016-08-04,2.77,2.77,2.6,2.64,189000,psxdata,2026-05-11T12:56:01
DSIL,2016-08-05,2.65,2.65,2.6,2.63,67000,psxdata,2026-05-11T12:56:01
DSIL,2016-08-08,2.6,2.68,2.6,2.65,115500,psxdata,2026-05-11T12:56:01
DSIL,2016-08-09,2.67,2.75,2.61,2.71,140000,psxdata,2026-05-11T12:56:01
DSIL,2016-08-10,2.72,2.86,2.65,2.8,402000,psxdata,2026-05-11T12:56:01
DSIL,2016-08-11,2.83,3.19,2.8,3.02,1804000,psxdata,2026-05-11T12:56:01
DSIL,2016-08-12,3.01,3.09,2.88,2.89,187500,psxdata,2026-05-11T12:56:01
DSIL,2016-08-15,2.82,2.96,2.82,2.88,169000,psxdata,2026-05-11T12:56:01
DSIL,2016-08-16,2.9,2.95,2.8,2.82,144000,psxdata,2026-05-11T12:56:01
DSIL,2016-08-17,2.82,2.98,2.82,2.86,338500,psxdata,2026-05-11T12:56:01
DSIL,2016-08-18,2.9,2.98,2.85,2.92,321000,psxdata,2026-05-11T12:56:01
DSIL,2016-08-19,2.9,3.2,2.9,3.08,1337000,psxdata,2026-05-11T12:56:01
DSIL,2016-08-22,3.09,3.31,3.06,3.22,1453000,psxdata,2026-05-11T12:56:01
DSIL,2016-08-23,3.2,3.38,3.02,3.05,770000,psxdata,2026-05-11T12:56:01
DSIL,2016-08-24,3.05,3.16,3.05,3.09,130000,psxdata,2026-05-11T12:56:01
DSIL,2016-08-25,3.11,3.3,3.11,3.15,271000,psxdata,2026-05-11T12:56:01
DSIL,2016-08-29,3.16,3.18,3.06,3.08,331000,psxdata,2026-05-11T12:56:01
DSIL,2016-08-30,3.19,3.35,3.05,3.2,1080500,psxdata,2026-05-11T12:56:01
DSIL,2016-08-31,3.22,3.4,3.2,3.38,615500,psxdata,2026-05-11T12:56:01
DSIL,2016-09-01,3.4,3.6,3.35,3.44,890500,psxdata,2026-05-11T12:56:01
DSIL,2016-09-02,3.3,3.56,3.25,3.32,405000,psxdata,2026-05-11T12:56:01
DSIL,2016-09-05,3.31,3.42,3.21,3.31,180000,psxdata,2026-05-11T12:56:01
DSIL,2016-09-06,3.21,3.31,3.12,3.25,133500,psxdata,2026-05-11T12:56:01
DSIL,2016-09-07,3.18,3.65,3.14,3.48,775000,psxdata,2026-05-11T12:56:01
DSIL,2016-09-08,3.58,4.1,3.58,3.82,2858500,psxdata,2026-05-11T12:56:01
DSIL,2016-09-09,3.7,4.25,3.7,3.92,2581000,psxdata,2026-05-11T12:56:01
DSIL,2016-09-15,3.95,4.16,3.95,4.14,668000,psxdata,2026-05-11T12:56:01
DSIL,2016-09-16,4.21,4.6,4.09,4.38,3411000,psxdata,2026-05-11T12:56:01
DSIL,2016-09-19,4.58,5.25,4.51,5.0,5823500,psxdata,2026-05-11T12:56:01
DSIL,2016-09-20,5.15,5.15,4.22,4.64,2404500,psxdata,2026-05-11T12:56:01
DSIL,2016-09-21,4.6,4.6,3.65,3.76,1187000,psxdata,2026-05-11T12:56:01
DSIL,2016-09-22,3.77,4.3,3.77,4.22,824000,psxdata,2026-05-11T12:56:01
DSIL,2016-09-23,4.37,4.49,4.01,4.13,867000,psxdata,2026-05-11T12:56:01
DSIL,2016-09-26,4.25,4.45,4.13,4.34,708000,psxdata,2026-05-11T12:56:01
DSIL,2016-09-27,4.26,4.35,4.0,4.2,1112500,psxdata,2026-05-11T12:56:01
DSIL,2016-09-28,4.2,4.55,3.9,4.24,1669500,psxdata,2026-05-11T12:56:01
DSIL,2016-09-29,4.16,4.4,4.0,4.12,903000,psxdata,2026-05-11T12:56:01
DSIL,2016-09-30,4.16,4.38,4.0,4.22,692500,psxdata,2026-05-11T12:56:01
DSIL,2016-10-03,4.4,5.05,4.3,4.86,5722000,psxdata,2026-05-11T12:56:01
DSIL,2016-10-04,4.88,5.0,4.6,4.71,1286000,psxdata,2026-05-11T12:56:01
DSIL,2016-10-05,4.9,4.9,4.11,4.75,1491000,psxdata,2026-05-11T12:56:01
DSIL,2016-10-06,4.85,4.99,4.78,4.84,1082000,psxdata,2026-05-11T12:56:01
DSIL,2016-10-07,4.89,4.95,4.74,4.77,594000,psxdata,2026-05-11T12:56:01
DSIL,2016-10-10,4.65,4.94,4.65,4.87,584000,psxdata,2026-05-11T12:56:01
DSIL,2016-10-14,4.43,5.1,4.43,4.93,3369500,psxdata,2026-05-11T12:56:01
DSIL,2016-10-17,5.02,5.48,5.0,5.13,8038000,psxdata,2026-05-11T12:56:01
DSIL,2016-10-18,5.21,5.21,4.9,4.98,1059500,psxdata,2026-05-11T12:56:01
DSIL,2016-10-19,5.0,5.2,4.98,5.04,595500,psxdata,2026-05-11T12:56:01
DSIL,2016-10-20,5.1,5.49,5.1,5.33,2034000,psxdata,2026-05-11T12:56:01
DSIL,2016-10-21,5.35,6.33,5.35,6.09,10467000,psxdata,2026-05-11T12:56:01
DSIL,2016-10-24,6.15,6.19,5.6,5.66,1425000,psxdata,2026-05-11T12:56:01
DSIL,2016-10-25,5.4,5.59,5.0,5.13,1968500,psxdata,2026-05-11T12:56:01
DSIL,2016-10-26,5.2,5.3,4.66,4.84,847000,psxdata,2026-05-11T12:56:01
DSIL,2016-10-27,5.1,5.1,4.05,4.27,1650500,psxdata,2026-05-11T12:56:01
DSIL,2016-10-28,4.37,4.4,4.1,4.29,1146000,psxdata,2026-05-11T12:56:01
DSIL,2016-10-31,4.31,4.98,4.25,4.71,1176000,psxdata,2026-05-11T12:56:01
DSIL,2016-11-01,4.89,5.48,4.78,5.41,1625500,psxdata,2026-05-11T12:56:01
DSIL,2016-11-02,5.45,5.65,5.19,5.25,1540000,psxdata,2026-05-11T12:56:01
DSIL,2016-11-03,5.21,5.33,5.07,5.15,626000,psxdata,2026-05-11T12:56:01
DSIL,2016-11-04,4.9,5.3,4.9,5.02,258000,psxdata,2026-05-11T12:56:01
DSIL,2016-11-07,4.92,5.35,4.92,5.18,526000,psxdata,2026-05-11T12:56:01
DSIL,2016-11-08,5.2,5.45,5.12,5.28,475000,psxdata,2026-05-11T12:56:01
DSIL,2016-11-09,5.02,5.4,4.95,5.21,462000,psxdata,2026-05-11T12:56:01
DSIL,2016-11-10,5.33,5.45,5.2,5.35,875000,psxdata,2026-05-11T12:56:01
DSIL,2016-11-11,5.26,5.85,5.26,5.55,2506500,psxdata,2026-05-11T12:56:01
DSIL,2016-11-14,5.65,5.77,5.45,5.65,396500,psxdata,2026-05-11T12:56:01
DSIL,2016-11-15,5.53,5.59,5.39,5.42,286000,psxdata,2026-05-11T12:56:01
DSIL,2016-11-16,5.59,5.59,5.36,5.42,164500,psxdata,2026-05-11T12:56:01
DSIL,2016-11-17,5.31,5.55,5.21,5.47,335000,psxdata,2026-05-11T12:56:01
DSIL,2016-11-18,5.41,5.5,5.17,5.27,252000,psxdata,2026-05-11T12:56:01
DSIL,2016-11-21,5.3,5.3,5.03,5.12,391000,psxdata,2026-05-11T12:56:01
DSIL,2016-11-22,5.24,5.47,5.16,5.31,1048000,psxdata,2026-05-11T12:56:01
DSIL,2016-11-23,5.45,5.52,5.32,5.4,633000,psxdata,2026-05-11T12:56:01
DSIL,2016-11-24,5.51,5.9,5.4,5.79,2471500,psxdata,2026-05-11T12:56:01
DSIL,2016-11-25,5.95,6.12,5.79,6.0,2462000,psxdata,2026-05-11T12:56:01
DSIL,2016-11-28,6.14,6.76,6.02,6.46,4422500,psxdata,2026-05-11T12:56:01
DSIL,2016-11-29,6.7,6.74,6.2,6.29,3059500,psxdata,2026-05-11T12:56:01
DSIL,2016-11-30,6.28,6.6,6.2,6.36,1464500,psxdata,2026-05-11T12:56:01
DSIL,2016-12-01,6.41,7.36,6.37,6.89,10905000,psxdata,2026-05-11T12:56:01
DSIL,2016-12-02,6.98,7.59,6.98,7.05,5795500,psxdata,2026-05-11T12:56:01
DSIL,2016-12-05,7.1,7.4,6.9,6.97,1911000,psxdata,2026-05-11T12:56:01
DSIL,2016-12-06,6.9,7.14,6.75,6.98,1091500,psxdata,2026-05-11T12:56:01
DSIL,2016-12-07,7.06,7.06,6.65,6.72,822000,psxdata,2026-05-11T12:56:01
DSIL,2016-12-08,6.56,6.74,6.4,6.53,637500,psxdata,2026-05-11T12:56:01
DSIL,2016-12-09,6.5,7.0,6.4,6.56,963000,psxdata,2026-05-11T12:56:01
DSIL,2016-12-13,6.6,6.68,6.06,6.16,1041500,psxdata,2026-05-11T12:56:01
DSIL,2016-12-14,6.16,6.24,6.0,6.13,519500,psxdata,2026-05-11T12:56:01
DSIL,2016-12-15,6.24,6.7,6.15,6.4,1176000,psxdata,2026-05-11T12:56:01
DSIL,2016-12-16,6.4,6.49,6.1,6.22,219000,psxdata,2026-05-11T12:56:01
DSIL,2016-12-19,6.25,6.35,6.13,6.26,186000,psxdata,2026-05-11T12:56:01
DSIL,2016-12-20,6.3,6.3,6.08,6.15,315000,psxdata,2026-05-11T12:56:01
DSIL,2016-12-21,6.11,6.5,5.81,6.43,874000,psxdata,2026-05-11T12:56:01
DSIL,2016-12-22,6.5,6.7,6.19,6.26,546000,psxdata,2026-05-11T12:56:01
DSIL,2016-12-23,6.25,6.39,6.2,6.23,119000,psxdata,2026-05-11T12:56:01
DSIL,2016-12-26,6.25,6.33,6.05,6.08,74000,psxdata,2026-05-11T12:56:01
DSIL,2016-12-27,6.08,6.18,5.97,6.0,292000,psxdata,2026-05-11T12:56:01
DSIL,2016-12-28,6.02,6.37,6.0,6.02,471000,psxdata,2026-05-11T12:56:01
DSIL,2016-12-29,6.16,6.2,6.02,6.09,423500,psxdata,2026-05-11T12:56:01
DSIL,2016-12-30,6.15,6.23,5.86,5.92,210500,psxdata,2026-05-11T12:56:01
DSIL,2017-01-02,6.0,6.3,5.89,6.0,466500,psxdata,2026-05-11T12:56:01
DSIL,2017-01-03,6.1,6.1,5.81,5.87,324000,psxdata,2026-05-11T12:56:01
DSIL,2017-01-04,5.75,6.39,5.75,6.22,1090000,psxdata,2026-05-11T12:56:01
DSIL,2017-01-05,6.29,6.44,6.2,6.25,370500,psxdata,2026-05-11T12:56:01
DSIL,2017-01-06,6.25,6.85,6.16,6.75,1768000,psxdata,2026-05-11T12:56:01
DSIL,2017-01-09,6.95,7.1,6.7,6.73,1684500,psxdata,2026-05-11T12:56:01
DSIL,2017-01-10,6.7,6.84,6.65,6.74,470000,psxdata,2026-05-11T12:56:01
DSIL,2017-01-11,7.0,7.0,6.35,6.4,304000,psxdata,2026-05-11T12:56:01
DSIL,2017-01-12,6.95,7.08,6.4,6.44,1789000,psxdata,2026-05-11T12:56:01
DSIL,2017-01-13,6.75,6.75,6.25,6.28,231500,psxdata,2026-05-11T12:56:01
DSIL,2017-01-16,6.21,6.5,6.05,6.13,119500,psxdata,2026-05-11T12:56:01
DSIL,2017-01-17,6.32,6.35,5.98,6.11,399500,psxdata,2026-05-11T12:56:01
DSIL,2017-01-18,6.3,6.3,6.01,6.03,245500,psxdata,2026-05-11T12:56:01
DSIL,2017-01-19,6.03,6.15,6.02,6.12,434500,psxdata,2026-05-11T12:56:01
DSIL,2017-01-20,6.26,6.26,6.0,6.05,266500,psxdata,2026-05-11T12:56:01
DSIL,2017-01-23,6.07,6.25,6.05,6.14,263000,psxdata,2026-05-11T12:56:01
DSIL,2017-01-24,6.04,6.24,6.0,6.0,341500,psxdata,2026-05-11T12:56:01
DSIL,2017-01-25,6.14,6.14,5.97,6.04,105000,psxdata,2026-05-11T12:56:01
DSIL,2017-01-26,6.01,6.14,5.96,6.0,147000,psxdata,2026-05-11T12:56:01
DSIL,2017-01-27,6.18,6.18,5.8,5.84,170500,psxdata,2026-05-11T12:56:01
DSIL,2017-01-30,5.94,6.0,5.75,5.79,109500,psxdata,2026-05-11T12:56:01
DSIL,2017-01-31,5.88,5.88,5.55,5.59,178500,psxdata,2026-05-11T12:56:01
DSIL,2017-02-01,5.75,5.75,5.44,5.64,294000,psxdata,2026-05-11T12:56:01
DSIL,2017-02-02,5.7,5.77,5.52,5.7,180000,psxdata,2026-05-11T12:56:01
DSIL,2017-02-03,5.56,5.83,5.5,5.53,452500,psxdata,2026-05-11T12:56:01
DSIL,2017-02-06,5.74,5.74,5.53,5.53,94000,psxdata,2026-05-11T12:56:01
DSIL,2017-02-07,5.51,6.4,5.4,6.2,2038500,psxdata,2026-05-11T12:56:01
DSIL,2017-02-08,6.3,6.77,6.3,6.44,1502500,psxdata,2026-05-11T12:56:01
DSIL,2017-02-09,6.5,6.55,6.3,6.34,634500,psxdata,2026-05-11T12:56:01
DSIL,2017-02-10,6.3,6.3,6.0,6.14,376500,psxdata,2026-05-11T12:56:01
DSIL,2017-02-13,6.12,6.25,5.83,5.93,261000,psxdata,2026-05-11T12:56:01
DSIL,2017-02-14,5.5,5.98,5.5,5.83,283500,psxdata,2026-05-11T12:56:01
DSIL,2017-02-15,6.09,6.09,5.55,5.59,850500,psxdata,2026-05-11T12:56:01
DSIL,2017-02-16,5.65,6.0,5.56,5.82,579000,psxdata,2026-05-11T12:56:01
DSIL,2017-02-17,5.75,6.3,5.75,6.21,775500,psxdata,2026-05-11T12:56:01
DSIL,2017-02-20,6.3,6.35,5.97,6.09,739500,psxdata,2026-05-11T12:56:01
DSIL,2017-02-22,5.97,5.97,5.7,5.81,173000,psxdata,2026-05-11T12:56:01
DSIL,2017-02-23,5.6,5.9,5.6,5.75,250000,psxdata,2026-05-11T12:56:01
DSIL,2017-02-24,5.85,5.95,5.6,5.65,194500,psxdata,2026-05-11T12:56:01
DSIL,2017-02-27,5.6,5.65,5.5,5.5,114500,psxdata,2026-05-11T12:56:01
DSIL,2017-02-28,5.93,5.93,5.17,5.22,368000,psxdata,2026-05-11T12:56:01
DSIL,2017-03-01,5.35,5.55,5.35,5.51,275000,psxdata,2026-05-11T12:56:01
DSIL,2017-03-02,5.59,5.89,5.5,5.78,466500,psxdata,2026-05-11T12:56:01
DSIL,2017-03-03,5.8,5.99,5.61,5.67,197500,psxdata,2026-05-11T12:56:01
DSIL,2017-03-06,5.71,5.8,5.45,5.51,124500,psxdata,2026-05-11T12:56:01
DSIL,2017-03-07,5.55,5.55,5.4,5.41,248500,psxdata,2026-05-11T12:56:01
DSIL,2017-03-08,5.51,5.54,5.4,5.42,142500,psxdata,2026-05-11T12:56:01
DSIL,2017-03-09,5.35,5.55,5.32,5.34,170000,psxdata,2026-05-11T12:56:01
DSIL,2017-03-10,5.4,5.4,5.22,5.25,99500,psxdata,2026-05-11T12:56:01
DSIL,2017-03-13,5.21,5.21,5.09,5.1,368000,psxdata,2026-05-11T12:56:01
DSIL,2017-03-14,5.05,5.24,5.02,5.16,66500,psxdata,2026-05-11T12:56:01
DSIL,2017-03-15,5.1,5.11,4.91,4.97,254500,psxdata,2026-05-11T12:56:01
DSIL,2017-03-16,5.05,5.1,4.95,5.01,58000,psxdata,2026-05-11T12:56:01
DSIL,2017-03-17,4.98,5.04,4.91,5.0,32000,psxdata,2026-05-11T12:56:01
DSIL,2017-03-20,5.15,5.15,4.9,4.96,78000,psxdata,2026-05-11T12:56:01
DSIL,2017-03-21,4.9,5.05,4.9,4.96,243000,psxdata,2026-05-11T12:56:01
DSIL,2017-03-22,5.0,5.0,4.85,4.95,307500,psxdata,2026-05-11T12:56:01
DSIL,2017-03-24,4.95,5.28,4.9,5.06,566500,psxdata,2026-05-11T12:56:01
DSIL,2017-03-27,5.19,5.5,5.19,5.32,883500,psxdata,2026-05-11T12:56:01
DSIL,2017-03-28,5.55,5.55,5.25,5.31,70500,psxdata,2026-05-11T12:56:01
DSIL,2017-03-29,5.39,5.4,5.1,5.14,224000,psxdata,2026-05-11T12:56:01
DSIL,2017-03-30,5.3,5.68,5.15,5.23,573500,psxdata,2026-05-11T12:56:01
DSIL,2017-03-31,5.44,5.44,5.07,5.1,399500,psxdata,2026-05-11T12:56:01
DSIL,2017-04-03,5.07,5.1,4.96,4.99,147500,psxdata,2026-05-11T12:56:01
DSIL,2017-04-04,4.95,5.1,4.93,4.96,25000,psxdata,2026-05-11T12:56:01
DSIL,2017-04-05,4.92,4.95,4.55,4.67,156500,psxdata,2026-05-11T12:56:01
DSIL,2017-04-06,4.71,4.85,4.71,4.73,78000,psxdata,2026-05-11T12:56:01
DSIL,2017-04-07,4.84,4.94,4.72,4.9,112000,psxdata,2026-05-11T12:56:01
DSIL,2017-04-10,5.0,5.0,4.8,4.82,55500,psxdata,2026-05-11T12:56:01
DSIL,2017-04-11,4.95,4.95,4.4,4.75,165500,psxdata,2026-05-11T12:56:01
DSIL,2017-04-12,4.88,4.88,4.63,4.65,366500,psxdata,2026-05-11T12:56:01
DSIL,2017-04-13,4.6,4.76,4.6,4.69,268500,psxdata,2026-05-11T12:56:01
DSIL,2017-04-14,4.74,4.74,4.55,4.56,57000,psxdata,2026-05-11T12:56:01
DSIL,2017-04-17,4.64,4.64,4.37,4.44,66000,psxdata,2026-05-11T12:56:01
DSIL,2017-04-18,4.41,4.75,4.4,4.5,32000,psxdata,2026-05-11T12:56:01
DSIL,2017-04-19,4.2,4.45,4.1,4.4,120500,psxdata,2026-05-11T12:56:01
DSIL,2017-04-20,4.35,4.7,4.35,4.53,192000,psxdata,2026-05-11T12:56:01
DSIL,2017-04-21,4.6,4.79,4.6,4.7,72500,psxdata,2026-05-11T12:56:01
DSIL,2017-04-24,4.64,4.7,4.5,4.67,113500,psxdata,2026-05-11T12:56:01
DSIL,2017-04-25,4.6,4.63,4.46,4.55,114500,psxdata,2026-05-11T12:56:01
DSIL,2017-04-26,4.5,4.65,4.41,4.46,173500,psxdata,2026-05-11T12:56:01
DSIL,2017-04-27,4.45,4.85,4.42,4.72,137000,psxdata,2026-05-11T12:56:01
DSIL,2017-04-28,4.8,4.8,4.45,4.53,329000,psxdata,2026-05-11T12:56:01
DSIL,2017-05-02,4.6,4.6,4.36,4.4,127000,psxdata,2026-05-11T12:56:01
DSIL,2017-05-03,4.57,4.57,4.34,4.39,139000,psxdata,2026-05-11T12:56:01
DSIL,2017-05-04,4.41,4.55,4.34,4.42,118000,psxdata,2026-05-11T12:56:01
DSIL,2017-05-05,4.35,4.56,4.25,4.38,213000,psxdata,2026-05-11T12:56:01
DSIL,2017-05-08,4.6,4.6,4.25,4.3,665000,psxdata,2026-05-11T12:56:01
DSIL,2017-05-09,4.31,4.51,4.25,4.4,641000,psxdata,2026-05-11T12:56:01
DSIL,2017-05-10,4.35,4.4,4.23,4.34,1124000,psxdata,2026-05-11T12:56:01
DSIL,2017-05-11,4.36,4.54,4.28,4.47,914500,psxdata,2026-05-11T12:56:01
DSIL,2017-05-12,4.52,4.54,4.32,4.43,913000,psxdata,2026-05-11T12:56:01
DSIL,2017-05-15,4.53,4.55,4.33,4.36,556500,psxdata,2026-05-11T12:56:01
DSIL,2017-05-16,4.48,4.48,4.26,4.28,522500,psxdata,2026-05-11T12:56:01
DSIL,2017-05-17,4.31,4.83,4.28,4.61,1839000,psxdata,2026-05-11T12:56:01
DSIL,2017-05-18,4.74,4.97,4.6,4.68,1889000,psxdata,2026-05-11T12:56:01
DSIL,2017-05-19,4.62,5.47,4.62,5.37,5137000,psxdata,2026-05-11T12:56:01
DSIL,2017-05-22,5.75,5.75,5.06,5.15,1470000,psxdata,2026-05-11T12:56:01
DSIL,2017-05-23,5.07,5.2,4.83,4.98,2822500,psxdata,2026-05-11T12:56:01
DSIL,2017-05-24,4.91,5.09,4.62,4.7,1291000,psxdata,2026-05-11T12:56:01
DSIL,2017-05-25,4.77,4.79,4.45,4.53,731000,psxdata,2026-05-11T12:56:01
DSIL,2017-05-26,4.55,4.66,4.5,4.56,590000,psxdata,2026-05-11T12:56:01
DSIL,2017-05-29,4.66,4.66,4.42,4.47,295500,psxdata,2026-05-11T12:56:01
DSIL,2017-05-30,4.46,4.46,4.25,4.3,620000,psxdata,2026-05-11T12:56:01
DSIL,2017-05-31,4.32,4.49,4.2,4.26,417000,psxdata,2026-05-11T12:56:01
DSIL,2017-06-01,4.4,4.54,4.15,4.27,1199500,psxdata,2026-05-11T12:56:01
DSIL,2017-06-02,4.2,4.35,4.0,4.28,158500,psxdata,2026-05-11T12:56:01
DSIL,2017-06-05,4.35,4.6,4.34,4.5,413500,psxdata,2026-05-11T12:56:01
DSIL,2017-06-06,4.45,4.6,4.41,4.58,137000,psxdata,2026-05-11T12:56:01
DSIL,2017-06-07,4.59,4.77,4.57,4.66,537500,psxdata,2026-05-11T12:56:01
DSIL,2017-06-08,4.75,4.75,4.44,4.46,253500,psxdata,2026-05-11T12:56:01
DSIL,2017-06-09,4.33,4.39,4.17,4.24,620500,psxdata,2026-05-11T12:56:01
DSIL,2017-06-12,4.2,4.2,4.0,4.02,333500,psxdata,2026-05-11T12:56:01
DSIL,2017-06-13,4.28,4.29,3.95,4.0,492000,psxdata,2026-05-11T12:56:01
DSIL,2017-06-14,4.02,4.2,3.9,3.99,167500,psxdata,2026-05-11T12:56:01
DSIL,2017-06-15,3.82,4.0,3.8,3.86,228000,psxdata,2026-05-11T12:56:01
DSIL,2017-06-16,4.0,4.1,3.9,3.97,223500,psxdata,2026-05-11T12:56:01
DSIL,2017-06-19,3.93,4.0,3.85,3.95,118000,psxdata,2026-05-11T12:56:01
DSIL,2017-06-20,4.0,4.0,3.5,3.59,136500,psxdata,2026-05-11T12:56:01
DSIL,2017-06-21,3.45,3.73,3.02,3.7,45000,psxdata,2026-05-11T12:56:01
DSIL,2017-06-22,3.85,3.9,3.7,3.77,57000,psxdata,2026-05-11T12:56:01
DSIL,2017-06-29,3.84,3.85,3.7,3.77,42000,psxdata,2026-05-11T12:56:01
DSIL,2017-06-30,3.95,3.99,3.7,3.83,255000,psxdata,2026-05-11T12:56:01
DSIL,2017-07-03,3.71,3.8,3.5,3.72,54000,psxdata,2026-05-11T12:56:01
DSIL,2017-07-04,3.26,3.89,3.26,3.75,227500,psxdata,2026-05-11T12:56:01
DSIL,2017-07-05,3.7,3.8,3.4,3.53,290500,psxdata,2026-05-11T12:56:01
DSIL,2017-07-06,3.45,3.65,3.45,3.51,138500,psxdata,2026-05-11T12:56:01
DSIL,2017-07-07,3.75,3.75,3.4,3.64,461000,psxdata,2026-05-11T12:56:01
DSIL,2017-07-10,3.57,3.8,3.47,3.71,436000,psxdata,2026-05-11T12:56:01
DSIL,2017-07-11,3.45,3.45,3.29,3.32,554000,psxdata,2026-05-11T12:56:01
DSIL,2017-07-12,3.26,3.44,3.16,3.38,495000,psxdata,2026-05-11T12:56:01
DSIL,2017-07-13,3.4,3.4,3.25,3.3,129500,psxdata,2026-05-11T12:56:01
DSIL,2017-07-14,3.39,3.5,3.28,3.36,55000,psxdata,2026-05-11T12:56:01
DSIL,2017-07-17,3.42,3.42,3.29,3.3,9500,psxdata,2026-05-11T12:56:01
DSIL,2017-07-18,3.45,3.69,3.37,3.61,253500,psxdata,2026-05-11T12:56:01
DSIL,2017-07-19,3.69,3.83,3.5,3.57,214000,psxdata,2026-05-11T12:56:01
DSIL,2017-07-20,3.55,3.7,3.42,3.45,111000,psxdata,2026-05-11T12:56:01
DSIL,2017-07-21,3.4,3.55,3.4,3.47,18000,psxdata,2026-05-11T12:56:01
DSIL,2017-07-24,3.6,3.6,3.4,3.5,27500,psxdata,2026-05-11T12:56:01
DSIL,2017-07-25,3.46,3.7,3.46,3.56,90500,psxdata,2026-05-11T12:56:01
DSIL,2017-07-26,3.59,3.75,3.51,3.61,105500,psxdata,2026-05-11T12:56:01
DSIL,2017-07-27,3.59,3.9,3.59,3.64,476000,psxdata,2026-05-11T12:56:01
DSIL,2017-07-28,3.45,3.78,3.35,3.66,172500,psxdata,2026-05-11T12:56:01
DSIL,2017-07-31,3.8,4.0,3.75,3.79,230500,psxdata,2026-05-11T12:56:01
DSIL,2017-08-01,4.05,4.05,3.75,3.79,76000,psxdata,2026-05-11T12:56:01
DSIL,2017-08-02,3.93,4.06,3.89,3.99,294000,psxdata,2026-05-11T12:56:01
DSIL,2017-08-03,4.02,4.25,3.92,4.11,1283500,psxdata,2026-05-11T12:56:01
DSIL,2017-08-04,4.2,4.4,4.12,4.15,723000,psxdata,2026-05-11T12:56:01
DSIL,2017-08-07,4.15,4.15,3.8,3.82,689500,psxdata,2026-05-11T12:56:01
DSIL,2017-08-08,3.7,3.9,3.56,3.69,690500,psxdata,2026-05-11T12:56:01
DSIL,2017-08-09,3.75,3.8,3.62,3.79,81000,psxdata,2026-05-11T12:56:01
DSIL,2017-08-10,3.66,3.9,3.58,3.6,1028000,psxdata,2026-05-11T12:56:01
DSIL,2017-08-11,3.79,3.8,3.57,3.68,109000,psxdata,2026-05-11T12:56:01
DSIL,2017-08-15,3.61,3.78,3.5,3.7,358000,psxdata,2026-05-11T12:56:01
DSIL,2017-08-16,3.6,3.6,3.31,3.53,700000,psxdata,2026-05-11T12:56:01
DSIL,2017-08-17,3.49,3.5,3.33,3.37,306500,psxdata,2026-05-11T12:56:01
DSIL,2017-08-18,3.3,3.5,3.27,3.43,191500,psxdata,2026-05-11T12:56:01
DSIL,2017-08-21,3.46,3.46,3.12,3.19,367500,psxdata,2026-05-11T12:56:01
DSIL,2017-08-22,3.11,3.29,2.97,3.12,512500,psxdata,2026-05-11T12:56:01
DSIL,2017-08-23,3.19,3.54,3.15,3.48,256500,psxdata,2026-05-11T12:56:01
DSIL,2017-08-24,3.6,3.65,3.25,3.29,271500,psxdata,2026-05-11T12:56:01
DSIL,2017-08-25,3.44,3.5,3.2,3.44,605000,psxdata,2026-05-11T12:56:01
DSIL,2017-08-28,3.4,3.48,3.25,3.27,115500,psxdata,2026-05-11T12:56:01
DSIL,2017-08-29,3.22,3.22,3.1,3.13,219000,psxdata,2026-05-11T12:56:01
DSIL,2017-08-30,3.2,3.4,3.11,3.17,289500,psxdata,2026-05-11T12:56:01
DSIL,2017-08-31,3.24,3.38,3.16,3.3,78000,psxdata,2026-05-11T12:56:01
DSIL,2017-09-05,3.38,3.38,3.22,3.25,141500,psxdata,2026-05-11T12:56:01
DSIL,2017-09-06,3.29,3.29,3.1,3.12,420000,psxdata,2026-05-11T12:56:01
DSIL,2017-09-07,3.12,3.12,2.97,3.01,465000,psxdata,2026-05-11T12:56:01
DSIL,2017-09-08,3.05,3.25,3.0,3.18,1411000,psxdata,2026-05-11T12:56:01
DSIL,2017-09-11,3.25,3.25,3.07,3.11,167500,psxdata,2026-05-11T12:56:01
DSIL,2017-09-12,3.08,3.2,3.08,3.18,118500,psxdata,2026-05-11T12:56:01
DSIL,2017-09-13,3.1,3.29,3.1,3.22,298500,psxdata,2026-05-11T12:56:01
DSIL,2017-09-14,3.25,3.4,3.19,3.36,562000,psxdata,2026-05-11T12:56:01
DSIL,2017-09-15,3.44,3.45,3.1,3.16,432500,psxdata,2026-05-11T12:56:01
DSIL,2017-09-18,3.1,3.29,3.1,3.23,234000,psxdata,2026-05-11T12:56:01
DSIL,2017-09-19,3.25,3.35,3.2,3.3,151000,psxdata,2026-05-11T12:56:01
DSIL,2017-09-20,3.37,3.48,3.3,3.39,203500,psxdata,2026-05-11T12:56:01
DSIL,2017-09-21,3.48,4.09,3.42,3.89,4176000,psxdata,2026-05-11T12:56:01
DSIL,2017-09-22,3.9,3.9,3.65,3.76,323000,psxdata,2026-05-11T12:56:01
DSIL,2017-09-25,3.76,4.0,3.7,3.73,252000,psxdata,2026-05-11T12:56:01
DSIL,2017-09-26,3.66,3.79,3.5,3.57,242500,psxdata,2026-05-11T12:56:01
DSIL,2017-09-27,3.75,3.75,3.31,3.41,986000,psxdata,2026-05-11T12:56:01
DSIL,2017-09-28,3.4,3.95,3.4,3.74,1211000,psxdata,2026-05-11T12:56:01
DSIL,2017-09-29,3.61,4.25,3.61,4.04,2152500,psxdata,2026-05-11T12:56:01
DSIL,2017-10-02,4.02,4.1,3.75,3.81,541000,psxdata,2026-05-11T12:56:01
DSIL,2017-10-03,3.84,3.98,3.6,3.79,313000,psxdata,2026-05-11T12:56:01
DSIL,2017-10-04,3.62,3.95,3.6,3.64,430000,psxdata,2026-05-11T12:56:01
DSIL,2017-10-05,3.75,3.8,3.55,3.73,358500,psxdata,2026-05-11T12:56:01
DSIL,2017-10-06,3.75,3.75,3.55,3.58,181500,psxdata,2026-05-11T12:56:01
DSIL,2017-10-09,3.78,4.48,3.53,4.15,1626500,psxdata,2026-05-11T12:56:01
DSIL,2017-10-10,4.15,4.5,4.1,4.29,3147500,psxdata,2026-05-11T12:56:01
DSIL,2017-10-11,4.22,4.42,3.85,3.99,953500,psxdata,2026-05-11T12:56:01
DSIL,2017-10-12,4.13,4.13,3.5,3.61,1094000,psxdata,2026-05-11T12:56:01
DSIL,2017-10-13,3.57,3.6,3.4,3.51,509000,psxdata,2026-05-11T12:56:01
DSIL,2017-10-16,3.39,3.8,3.25,3.42,529000,psxdata,2026-05-11T12:56:01
DSIL,2017-10-17,3.59,3.59,3.33,3.37,391000,psxdata,2026-05-11T12:56:01
DSIL,2017-10-19,3.32,3.38,3.15,3.33,1001000,psxdata,2026-05-11T12:56:01
DSIL,2017-10-20,3.31,3.7,3.29,3.58,1996000,psxdata,2026-05-11T12:56:01
DSIL,2017-10-24,3.35,3.5,3.3,3.39,160000,psxdata,2026-05-11T12:56:01
DSIL,2017-10-25,3.35,3.46,3.34,3.38,121000,psxdata,2026-05-11T12:56:01
DSIL,2017-10-26,3.3,3.4,3.2,3.22,316500,psxdata,2026-05-11T12:56:01
DSIL,2017-10-27,3.29,3.3,3.1,3.13,380000,psxdata,2026-05-11T12:56:01
DSIL,2017-10-30,3.15,3.28,3.07,3.17,681000,psxdata,2026-05-11T12:56:01
DSIL,2017-10-31,3.12,3.15,3.0,3.02,256000,psxdata,2026-05-11T12:56:01
DSIL,2017-11-01,3.0,3.19,2.99,3.01,983500,psxdata,2026-05-11T12:56:01
DSIL,2017-11-02,3.05,3.05,2.9,2.94,195500,psxdata,2026-05-11T12:56:01
DSIL,2017-11-03,2.95,3.05,2.9,2.95,391500,psxdata,2026-05-11T12:56:01
DSIL,2017-11-06,2.91,3.0,2.8,2.81,187500,psxdata,2026-05-11T12:56:01
DSIL,2017-11-07,2.8,2.89,2.68,2.78,124500,psxdata,2026-05-11T12:56:01
DSIL,2017-11-08,2.75,2.79,2.65,2.73,257500,psxdata,2026-05-11T12:56:01
DSIL,2017-11-09,2.8,2.9,2.7,2.79,262000,psxdata,2026-05-11T12:56:01
DSIL,2017-11-10,2.72,2.79,2.67,2.72,193000,psxdata,2026-05-11T12:56:01
DSIL,2017-11-13,2.7,2.89,2.66,2.76,48000,psxdata,2026-05-11T12:56:01
DSIL,2017-11-14,2.7,2.79,2.66,2.74,95500,psxdata,2026-05-11T12:56:01
DSIL,2017-11-15,2.65,2.77,2.6,2.61,230500,psxdata,2026-05-11T12:56:01
DSIL,2017-11-16,2.63,2.7,2.6,2.69,26500,psxdata,2026-05-11T12:56:01
DSIL,2017-11-17,2.88,2.88,2.6,2.68,109000,psxdata,2026-05-11T12:56:01
DSIL,2017-11-20,2.61,2.69,2.55,2.56,161500,psxdata,2026-05-11T12:56:01
DSIL,2017-11-21,2.6,2.65,2.56,2.65,98000,psxdata,2026-05-11T12:56:01
DSIL,2017-11-22,2.61,2.65,2.55,2.61,122500,psxdata,2026-05-11T12:56:01
DSIL,2017-11-23,2.78,2.78,2.6,2.63,35000,psxdata,2026-05-11T12:56:01
DSIL,2017-11-24,2.65,2.79,2.59,2.6,62500,psxdata,2026-05-11T12:56:01
DSIL,2017-11-27,2.5,2.89,2.4,2.67,97000,psxdata,2026-05-11T12:56:01
DSIL,2017-11-28,2.62,2.69,2.52,2.56,50000,psxdata,2026-05-11T12:56:01
DSIL,2017-11-29,2.58,2.58,2.5,2.56,150000,psxdata,2026-05-11T12:56:01
DSIL,2017-11-30,2.6,2.65,2.52,2.61,87500,psxdata,2026-05-11T12:56:01
DSIL,2017-12-04,2.57,2.73,2.55,2.69,26000,psxdata,2026-05-11T12:56:01
DSIL,2017-12-05,2.75,2.89,2.66,2.86,148500,psxdata,2026-05-11T12:56:01
DSIL,2017-12-06,2.89,2.94,2.85,2.87,139000,psxdata,2026-05-11T12:56:01
DSIL,2017-12-07,2.9,2.96,2.68,2.75,183500,psxdata,2026-05-11T12:56:01
DSIL,2017-12-08,2.69,3.0,2.69,2.86,531500,psxdata,2026-05-11T12:56:01
DSIL,2017-12-11,2.95,3.0,2.55,2.61,581500,psxdata,2026-05-11T12:56:01
DSIL,2017-12-12,2.7,2.74,2.5,2.62,202500,psxdata,2026-05-11T12:56:01
DSIL,2017-12-13,2.84,2.84,2.6,2.73,45000,psxdata,2026-05-11T12:56:01
DSIL,2017-12-14,2.68,2.68,2.52,2.6,68000,psxdata,2026-05-11T12:56:01
DSIL,2017-12-15,2.57,2.84,2.46,2.72,124000,psxdata,2026-05-11T12:56:01
DSIL,2017-12-18,2.71,2.71,2.6,2.63,67000,psxdata,2026-05-11T12:56:01
DSIL,2017-12-19,2.6,2.67,2.4,2.55,242500,psxdata,2026-05-11T12:56:01
DSIL,2017-12-20,2.55,2.7,2.44,2.57,316500,psxdata,2026-05-11T12:56:01
DSIL,2017-12-21,2.5,2.5,2.0,2.23,993500,psxdata,2026-05-11T12:56:01
DSIL,2017-12-22,2.3,2.47,2.25,2.4,461500,psxdata,2026-05-11T12:56:01
DSIL,2017-12-26,2.45,2.5,2.2,2.35,192500,psxdata,2026-05-11T12:56:01
DSIL,2017-12-27,2.4,2.4,2.24,2.33,112500,psxdata,2026-05-11T12:56:01
DSIL,2017-12-28,2.21,2.35,2.2,2.32,142500,psxdata,2026-05-11T12:56:01
DSIL,2017-12-29,2.3,2.35,2.18,2.26,171000,psxdata,2026-05-11T12:56:01
DSIL,2018-01-01,2.25,2.33,2.2,2.25,78000,psxdata,2026-05-11T12:56:01
DSIL,2018-01-02,2.23,2.33,2.23,2.33,84000,psxdata,2026-05-11T12:56:01
DSIL,2018-01-03,2.39,2.6,2.32,2.47,530000,psxdata,2026-05-11T12:56:01
DSIL,2018-01-04,2.55,2.6,2.5,2.55,309000,psxdata,2026-05-11T12:56:01
DSIL,2018-01-05,2.55,2.62,2.5,2.59,157500,psxdata,2026-05-11T12:56:01
DSIL,2018-01-08,2.65,2.79,2.63,2.66,118000,psxdata,2026-05-11T12:56:01
DSIL,2018-01-09,2.6,2.62,2.55,2.59,78500,psxdata,2026-05-11T12:56:01
DSIL,2018-01-10,2.62,2.85,2.6,2.8,471000,psxdata,2026-05-11T12:56:01
DSIL,2018-01-11,2.9,2.9,2.7,2.71,296000,psxdata,2026-05-11T12:56:01
DSIL,2018-01-12,2.75,2.75,2.36,2.46,477500,psxdata,2026-05-11T12:56:01
DSIL,2018-01-15,2.3,2.45,2.3,2.39,173000,psxdata,2026-05-11T12:56:01
DSIL,2018-01-16,2.5,2.5,2.4,2.47,25500,psxdata,2026-05-11T12:56:01
DSIL,2018-01-17,2.41,2.59,2.4,2.57,73500,psxdata,2026-05-11T12:56:01
DSIL,2018-01-18,2.68,2.68,2.51,2.63,20000,psxdata,2026-05-11T12:56:01
DSIL,2018-01-19,2.51,2.55,2.41,2.5,334000,psxdata,2026-05-11T12:56:01
DSIL,2018-01-22,2.45,2.65,2.45,2.6,272500,psxdata,2026-05-11T12:56:01
DSIL,2018-01-23,2.57,2.65,2.55,2.62,89000,psxdata,2026-05-11T12:56:01
DSIL,2018-01-24,2.7,2.7,2.55,2.64,158500,psxdata,2026-05-11T12:56:01
DSIL,2018-01-25,2.56,2.7,2.56,2.64,322000,psxdata,2026-05-11T12:56:01
DSIL,2018-01-26,2.58,2.93,2.58,2.66,458000,psxdata,2026-05-11T12:56:01
DSIL,2018-01-29,2.9,2.9,2.65,2.8,364500,psxdata,2026-05-11T12:56:01
DSIL,2018-01-30,2.7,2.84,2.6,2.69,366000,psxdata,2026-05-11T12:56:01
DSIL,2018-01-31,2.66,2.7,2.61,2.65,122500,psxdata,2026-05-11T12:56:01
DSIL,2018-02-01,2.65,2.79,2.6,2.72,120500,psxdata,2026-05-11T12:56:01
DSIL,2018-02-02,2.7,2.77,2.61,2.66,121500,psxdata,2026-05-11T12:56:01
DSIL,2018-02-06,2.61,2.7,2.0,2.67,92500,psxdata,2026-05-11T12:56:01
DSIL,2018-02-07,2.65,2.69,2.61,2.67,13500,psxdata,2026-05-11T12:56:01
DSIL,2018-02-08,2.6,2.7,2.6,2.63,93000,psxdata,2026-05-11T12:56:01
DSIL,2018-02-09,2.57,2.69,2.55,2.6,42000,psxdata,2026-05-11T12:56:01
DSIL,2018-02-12,2.6,2.69,2.58,2.69,135500,psxdata,2026-05-11T12:56:01
DSIL,2018-02-13,2.52,2.72,2.52,2.68,59000,psxdata,2026-05-11T12:56:01
DSIL,2018-02-14,2.65,2.65,2.47,2.51,308500,psxdata,2026-05-11T12:56:01
DSIL,2018-02-15,2.43,2.58,2.42,2.53,106500,psxdata,2026-05-11T12:56:01
DSIL,2018-02-16,2.54,2.58,2.43,2.54,41000,psxdata,2026-05-11T12:56:01
DSIL,2018-02-19,2.54,2.54,2.4,2.42,39500,psxdata,2026-05-11T12:56:01
DSIL,2018-02-20,2.41,2.43,2.37,2.43,64500,psxdata,2026-05-11T12:56:01
DSIL,2018-02-21,2.42,2.43,2.3,2.32,201000,psxdata,2026-05-11T12:56:01
DSIL,2018-02-22,2.35,2.45,2.31,2.42,114000,psxdata,2026-05-11T12:56:01
DSIL,2018-02-23,2.33,2.47,2.33,2.42,84000,psxdata,2026-05-11T12:56:01
DSIL,2018-02-26,2.37,2.45,2.36,2.41,64500,psxdata,2026-05-11T12:56:01
DSIL,2018-02-27,2.45,2.45,2.3,2.43,137500,psxdata,2026-05-11T12:56:01
DSIL,2018-02-28,2.48,2.48,2.35,2.38,124500,psxdata,2026-05-11T12:56:01
DSIL,2018-03-01,2.4,2.45,2.36,2.4,54000,psxdata,2026-05-11T12:56:01
DSIL,2018-03-02,2.44,2.6,2.38,2.47,445000,psxdata,2026-05-11T12:56:01
DSIL,2018-03-05,2.47,2.63,2.47,2.59,76000,psxdata,2026-05-11T12:56:01
DSIL,2018-03-06,2.63,2.67,2.61,2.66,139000,psxdata,2026-05-11T12:56:01
DSIL,2018-03-07,2.65,2.65,2.6,2.63,48500,psxdata,2026-05-11T12:56:01
DSIL,2018-03-08,2.6,2.6,2.44,2.49,73500,psxdata,2026-05-11T12:56:01
DSIL,2018-03-09,2.45,2.45,2.36,2.42,61000,psxdata,2026-05-11T12:56:01
DSIL,2018-03-12,2.37,2.82,2.31,2.68,627500,psxdata,2026-05-11T12:56:01
DSIL,2018-03-13,2.7,3.15,2.65,2.7,2597000,psxdata,2026-05-11T12:56:01
DSIL,2018-03-14,2.65,2.93,2.58,2.82,886000,psxdata,2026-05-11T12:56:01
DSIL,2018-03-15,2.87,3.22,2.87,3.11,1937000,psxdata,2026-05-11T12:56:01
DSIL,2018-03-16,3.05,3.39,3.02,3.19,2439500,psxdata,2026-05-11T12:56:01
DSIL,2018-03-19,3.3,3.3,3.11,3.18,530000,psxdata,2026-05-11T12:56:01
DSIL,2018-03-20,3.25,3.5,3.25,3.35,2361000,psxdata,2026-05-11T12:56:01
DSIL,2018-03-21,3.4,3.4,3.26,3.31,262000,psxdata,2026-05-11T12:56:01
DSIL,2018-03-22,3.27,3.35,3.26,3.33,186500,psxdata,2026-05-11T12:56:01
DSIL,2018-03-26,3.21,3.21,3.1,3.14,219000,psxdata,2026-05-11T12:56:01
DSIL,2018-03-27,3.18,3.18,3.0,3.08,278500,psxdata,2026-05-11T12:56:01
DSIL,2018-03-28,3.04,3.14,3.0,3.06,290500,psxdata,2026-05-11T12:56:01
DSIL,2018-03-29,3.1,3.12,2.91,3.06,123000,psxdata,2026-05-11T12:56:01
DSIL,2018-03-30,2.97,3.06,2.97,3.02,22500,psxdata,2026-05-11T12:56:01
DSIL,2018-04-02,2.98,3.05,2.98,3.02,393000,psxdata,2026-05-11T12:56:01
DSIL,2018-04-03,3.13,3.13,2.96,2.97,99000,psxdata,2026-05-11T12:56:01
DSIL,2018-04-04,3.0,3.04,2.97,3.0,108000,psxdata,2026-05-11T12:56:01
DSIL,2018-04-05,3.0,3.08,2.97,3.04,176000,psxdata,2026-05-11T12:56:01
DSIL,2018-04-06,3.08,3.15,3.0,3.08,1478500,psxdata,2026-05-11T12:56:01
DSIL,2018-04-09,3.1,3.34,2.91,3.24,1585000,psxdata,2026-05-11T12:56:01
DSIL,2018-04-10,3.39,3.39,3.15,3.28,696500,psxdata,2026-05-11T12:56:01
DSIL,2018-04-11,3.33,3.49,3.24,3.47,1196500,psxdata,2026-05-11T12:56:01
DSIL,2018-04-12,3.49,3.65,3.3,3.39,1908500,psxdata,2026-05-11T12:56:01
DSIL,2018-04-13,3.32,3.5,3.28,3.36,176000,psxdata,2026-05-11T12:56:01
DSIL,2018-04-16,3.3,3.35,3.28,3.33,104500,psxdata,2026-05-11T12:56:01
DSIL,2018-04-17,3.3,3.3,3.2,3.22,187000,psxdata,2026-05-11T12:56:01
DSIL,2018-04-18,3.21,3.3,3.19,3.25,108500,psxdata,2026-05-11T12:56:01
DSIL,2018-04-19,3.2,3.21,3.1,3.14,409500,psxdata,2026-05-11T12:56:01
DSIL,2018-04-20,3.15,3.24,3.1,3.24,23500,psxdata,2026-05-11T12:56:01
DSIL,2018-04-23,3.15,3.2,3.0,3.02,302500,psxdata,2026-05-11T12:56:01
DSIL,2018-04-24,3.09,3.17,3.01,3.13,139500,psxdata,2026-05-11T12:56:01
DSIL,2018-04-25,3.1,3.18,3.03,3.07,430500,psxdata,2026-05-11T12:56:01
DSIL,2018-04-26,3.05,3.11,3.03,3.08,449500,psxdata,2026-05-11T12:56:01
DSIL,2018-04-27,3.1,3.18,3.09,3.15,49500,psxdata,2026-05-11T12:56:01
DSIL,2018-04-30,3.1,3.24,3.09,3.1,392000,psxdata,2026-05-11T12:56:01
DSIL,2018-05-02,3.1,3.35,3.1,3.27,479000,psxdata,2026-05-11T12:56:01
DSIL,2018-05-03,3.36,3.45,3.26,3.41,1540000,psxdata,2026-05-11T12:56:01
DSIL,2018-05-04,3.48,4.25,3.48,4.04,4531000,psxdata,2026-05-11T12:56:01
DSIL,2018-05-07,4.3,4.35,3.68,3.88,4274500,psxdata,2026-05-11T12:56:01
DSIL,2018-05-08,3.95,4.16,3.82,4.12,1510500,psxdata,2026-05-11T12:56:01
DSIL,2018-05-09,4.16,4.43,3.88,4.29,2506000,psxdata,2026-05-11T12:56:01
DSIL,2018-05-10,4.26,4.35,3.8,3.85,4936500,psxdata,2026-05-11T12:56:01
DSIL,2018-05-11,3.85,3.9,3.75,3.84,962000,psxdata,2026-05-11T12:56:01
DSIL,2018-05-14,3.81,3.87,3.79,3.81,1136000,psxdata,2026-05-11T12:56:01
DSIL,2018-05-15,3.9,4.05,3.81,4.0,1390000,psxdata,2026-05-11T12:56:01
DSIL,2018-05-16,4.05,4.23,4.0,4.2,991000,psxdata,2026-05-11T12:56:01
DSIL,2018-05-17,4.18,4.44,4.15,4.4,837500,psxdata,2026-05-11T12:56:01
DSIL,2018-05-18,4.31,4.55,4.31,4.47,913500,psxdata,2026-05-11T12:56:01
DSIL,2018-05-21,4.49,4.6,4.46,4.59,1244500,psxdata,2026-05-11T12:56:01
DSIL,2018-05-22,4.51,4.88,4.5,4.83,1073500,psxdata,2026-05-11T12:56:01
DSIL,2018-05-23,4.89,5.27,4.83,5.23,2895500,psxdata,2026-05-11T12:56:01
DSIL,2018-05-24,5.17,5.24,4.23,4.23,5543500,psxdata,2026-05-11T12:56:01
DSIL,2018-05-25,4.0,4.15,3.85,4.08,816500,psxdata,2026-05-11T12:56:01
DSIL,2018-05-28,4.0,4.15,3.98,4.1,641500,psxdata,2026-05-11T12:56:01
DSIL,2018-05-29,4.16,4.2,4.08,4.19,414500,psxdata,2026-05-11T12:56:01
DSIL,2018-05-30,4.2,4.21,4.08,4.18,404000,psxdata,2026-05-11T12:56:01
DSIL,2018-05-31,4.18,4.2,4.0,4.02,306500,psxdata,2026-05-11T12:56:01
DSIL,2018-06-01,4.15,4.25,3.99,4.01,730500,psxdata,2026-05-11T12:56:01
DSIL,2018-06-04,4.05,4.07,3.99,4.02,269500,psxdata,2026-05-11T12:56:01
DSIL,2018-06-05,4.05,4.1,4.0,4.08,292500,psxdata,2026-05-11T12:56:01
DSIL,2018-06-06,4.13,4.2,4.04,4.09,167000,psxdata,2026-05-11T12:56:01
DSIL,2018-06-07,4.14,4.38,4.08,4.1,144000,psxdata,2026-05-11T12:56:01
DSIL,2018-06-11,4.15,4.15,4.01,4.05,115500,psxdata,2026-05-11T12:56:01
DSIL,2018-06-12,4.19,4.19,3.89,3.95,330500,psxdata,2026-05-11T12:56:01
DSIL,2018-06-13,4.09,4.09,4.0,4.04,774000,psxdata,2026-05-11T12:56:01
DSIL,2018-06-14,4.05,4.1,4.04,4.07,214500,psxdata,2026-05-11T12:56:01
DSIL,2018-06-19,4.23,4.23,4.06,4.1,132500,psxdata,2026-05-11T12:56:01
DSIL,2018-06-20,4.1,4.12,4.04,4.11,128500,psxdata,2026-05-11T12:56:01
DSIL,2018-06-21,4.15,4.15,4.04,4.11,236500,psxdata,2026-05-11T12:56:01
DSIL,2018-06-22,4.08,4.15,4.05,4.1,441000,psxdata,2026-05-11T12:56:01
DSIL,2018-06-25,4.04,4.13,3.99,4.08,319000,psxdata,2026-05-11T12:56:01
DSIL,2018-06-26,4.08,4.19,4.0,4.09,627500,psxdata,2026-05-11T12:56:01
DSIL,2018-06-27,4.15,4.53,4.1,4.39,849500,psxdata,2026-05-11T12:56:01
DSIL,2018-06-28,4.45,4.53,4.36,4.49,461500,psxdata,2026-05-11T12:56:01
DSIL,2018-06-29,4.55,4.61,4.44,4.59,638500,psxdata,2026-05-11T12:56:01
DSIL,2018-07-02,4.55,4.75,4.48,4.72,491000,psxdata,2026-05-11T12:56:01
DSIL,2018-07-03,4.75,4.78,4.61,4.75,968500,psxdata,2026-05-11T12:56:01
DSIL,2018-07-04,4.6,4.79,4.6,4.71,902000,psxdata,2026-05-11T12:56:01
DSIL,2018-07-05,4.67,4.84,4.63,4.79,477000,psxdata,2026-05-11T12:56:01
DSIL,2018-07-06,4.82,4.96,4.65,4.92,645500,psxdata,2026-05-11T12:56:01
DSIL,2018-07-09,4.95,4.95,4.83,4.9,1278500,psxdata,2026-05-11T12:56:01
DSIL,2018-07-10,4.97,4.97,4.75,4.91,178500,psxdata,2026-05-11T12:56:01
DSIL,2018-07-11,4.99,5.05,4.8,4.9,608000,psxdata,2026-05-11T12:56:01
DSIL,2018-07-12,4.95,4.95,4.8,4.92,690500,psxdata,2026-05-11T12:56:01
DSIL,2018-07-13,4.95,5.0,4.85,4.88,379500,psxdata,2026-05-11T12:56:01
DSIL,2018-07-16,4.9,4.92,4.84,4.89,140000,psxdata,2026-05-11T12:56:01
DSIL,2018-07-17,4.9,4.93,4.81,4.87,285500,psxdata,2026-05-11T12:56:01
DSIL,2018-07-18,4.9,5.0,4.85,4.92,325500,psxdata,2026-05-11T12:56:01
DSIL,2018-07-19,4.99,5.3,4.92,5.1,3641500,psxdata,2026-05-11T12:56:01
DSIL,2018-07-20,5.02,5.13,4.96,5.09,438000,psxdata,2026-05-11T12:56:01
DSIL,2018-07-23,5.05,5.13,4.9,5.13,248500,psxdata,2026-05-11T12:56:01
DSIL,2018-07-24,5.19,5.51,5.11,5.42,1653000,psxdata,2026-05-11T12:56:01
DSIL,2018-07-26,5.5,5.69,5.35,5.5,812500,psxdata,2026-05-11T12:56:01
DSIL,2018-07-27,5.5,5.65,5.45,5.6,945000,psxdata,2026-05-11T12:56:01
DSIL,2018-07-30,5.6,5.95,5.55,5.8,3216000,psxdata,2026-05-11T12:56:01
DSIL,2018-07-31,5.8,6.1,5.8,6.02,16658500,psxdata,2026-05-11T12:56:01
DSIL,2018-08-01,6.0,6.63,5.95,6.51,43171500,psxdata,2026-05-11T12:56:01
DSIL,2018-08-02,6.54,6.6,5.51,5.51,11975500,psxdata,2026-05-11T12:56:01
DSIL,2018-08-03,4.9,4.9,4.51,4.51,17945500,psxdata,2026-05-11T12:56:01
DSIL,2018-08-06,4.48,4.88,4.17,4.55,3335500,psxdata,2026-05-11T12:56:01
DSIL,2018-08-07,4.55,4.69,4.47,4.5,882500,psxdata,2026-05-11T12:56:01
DSIL,2018-08-08,4.5,4.68,4.3,4.49,1050000,psxdata,2026-05-11T12:56:01
DSIL,2018-08-09,4.55,4.61,4.36,4.44,753000,psxdata,2026-05-11T12:56:01
DSIL,2018-08-10,4.41,4.47,4.25,4.28,786000,psxdata,2026-05-11T12:56:01
DSIL,2018-08-13,4.4,4.5,4.2,4.28,720000,psxdata,2026-05-11T12:56:01
DSIL,2018-08-15,4.25,4.43,4.15,4.19,333000,psxdata,2026-05-11T12:56:01
DSIL,2018-08-17,4.3,4.49,4.26,4.32,766500,psxdata,2026-05-11T12:56:01
DSIL,2018-08-20,4.47,4.47,4.21,4.34,468500,psxdata,2026-05-11T12:56:01
DSIL,2018-08-24,4.41,4.44,4.25,4.33,229000,psxdata,2026-05-11T12:56:01
DSIL,2018-08-27,4.44,4.44,4.15,4.18,472000,psxdata,2026-05-11T12:56:01
DSIL,2018-08-28,4.25,4.25,4.0,4.02,736500,psxdata,2026-05-11T12:56:01
DSIL,2018-08-29,4.02,4.17,3.89,3.92,672500,psxdata,2026-05-11T12:56:01
DSIL,2018-08-30,4.0,4.0,3.83,3.91,412000,psxdata,2026-05-11T12:56:01
DSIL,2018-08-31,3.91,3.91,3.72,3.81,784000,psxdata,2026-05-11T12:56:01
DSIL,2018-09-03,3.94,3.94,3.5,3.73,885500,psxdata,2026-05-11T12:56:01
DSIL,2018-09-04,3.79,3.8,3.7,3.76,130000,psxdata,2026-05-11T12:56:01
DSIL,2018-09-05,3.76,3.85,3.51,3.6,437500,psxdata,2026-05-11T12:56:01
DSIL,2018-09-06,3.69,3.75,3.6,3.63,413500,psxdata,2026-05-11T12:56:01
DSIL,2018-09-07,3.7,3.71,3.6,3.66,223000,psxdata,2026-05-11T12:56:01
DSIL,2018-09-10,3.46,3.76,3.46,3.7,157500,psxdata,2026-05-11T12:56:01
DSIL,2018-09-11,3.71,3.84,3.65,3.8,146000,psxdata,2026-05-11T12:56:01
DSIL,2018-09-12,3.76,3.85,3.72,3.76,271500,psxdata,2026-05-11T12:56:01
DSIL,2018-09-13,3.84,3.84,3.72,3.77,21500,psxdata,2026-05-11T12:56:01
DSIL,2018-09-14,3.7,4.3,3.7,3.97,834500,psxdata,2026-05-11T12:56:01
DSIL,2018-09-17,4.0,4.05,3.75,3.88,487500,psxdata,2026-05-11T12:56:01
DSIL,2018-09-18,3.9,4.24,3.7,4.2,572000,psxdata,2026-05-11T12:56:01
DSIL,2018-09-19,4.05,4.1,3.93,3.99,262000,psxdata,2026-05-11T12:56:01
DSIL,2018-09-24,3.85,3.97,3.6,3.63,393000,psxdata,2026-05-11T12:56:01
DSIL,2018-09-25,3.64,3.74,3.6,3.69,152500,psxdata,2026-05-11T12:56:01
DSIL,2018-09-26,3.8,3.8,3.63,3.74,329500,psxdata,2026-05-11T12:56:01
DSIL,2018-09-27,3.8,3.8,3.37,3.54,548500,psxdata,2026-05-11T12:56:01
DSIL,2018-09-28,3.69,3.69,3.4,3.56,227500,psxdata,2026-05-11T12:56:01
DSIL,2018-10-01,3.8,3.8,3.42,3.45,285000,psxdata,2026-05-11T12:56:01
DSIL,2018-10-02,3.44,3.55,3.4,3.5,60000,psxdata,2026-05-11T12:56:01
DSIL,2018-10-03,3.4,3.5,3.3,3.44,125000,psxdata,2026-05-11T12:56:01
DSIL,2018-10-04,3.36,3.47,3.22,3.35,185000,psxdata,2026-05-11T12:56:01
DSIL,2018-10-05,3.3,3.3,2.83,2.98,439500,psxdata,2026-05-11T12:56:01
DSIL,2018-10-08,3.0,3.07,2.4,2.49,561000,psxdata,2026-05-11T12:56:01
DSIL,2018-10-09,2.74,2.8,2.56,2.57,373500,psxdata,2026-05-11T12:56:01
DSIL,2018-10-10,2.53,2.7,2.5,2.63,198000,psxdata,2026-05-11T12:56:01
DSIL,2018-10-11,2.8,2.8,2.6,2.67,219000,psxdata,2026-05-11T12:56:01
DSIL,2018-10-12,2.56,2.69,2.45,2.68,164500,psxdata,2026-05-11T12:56:01
DSIL,2018-10-15,2.55,2.6,2.33,2.45,271000,psxdata,2026-05-11T12:56:01
DSIL,2018-10-16,2.54,2.61,2.41,2.47,280500,psxdata,2026-05-11T12:56:01
DSIL,2018-10-17,2.64,2.79,2.6,2.68,336000,psxdata,2026-05-11T12:56:01
DSIL,2018-10-18,2.72,2.94,2.65,2.89,497500,psxdata,2026-05-11T12:56:01
DSIL,2018-10-19,2.9,3.2,2.85,3.14,420500,psxdata,2026-05-11T12:56:01
DSIL,2018-10-22,3.3,3.48,3.1,3.28,501500,psxdata,2026-05-11T12:56:01
DSIL,2018-10-23,3.37,3.39,3.13,3.21,596000,psxdata,2026-05-11T12:56:01
DSIL,2018-10-24,3.39,3.7,3.35,3.63,913500,psxdata,2026-05-11T12:56:01
DSIL,2018-10-25,3.53,3.69,3.34,3.38,396000,psxdata,2026-05-11T12:56:01
DSIL,2018-10-26,3.31,3.49,3.0,3.1,776500,psxdata,2026-05-11T12:56:01
DSIL,2018-10-29,3.2,3.71,3.2,3.56,1068000,psxdata,2026-05-11T12:56:01
DSIL,2018-10-30,3.41,3.79,3.36,3.41,303500,psxdata,2026-05-11T12:56:01
DSIL,2018-10-31,3.5,3.63,3.32,3.5,389500,psxdata,2026-05-11T12:56:01
DSIL,2018-11-01,3.55,3.8,3.55,3.69,696500,psxdata,2026-05-11T12:56:01
DSIL,2018-11-02,3.7,3.99,3.6,3.91,1061000,psxdata,2026-05-11T12:56:01
DSIL,2018-11-05,3.95,3.97,3.54,3.74,369000,psxdata,2026-05-11T12:56:01
DSIL,2018-11-06,3.82,3.84,3.6,3.65,94500,psxdata,2026-05-11T12:56:01
DSIL,2018-11-07,3.85,3.85,3.51,3.7,97500,psxdata,2026-05-11T12:56:01
DSIL,2018-11-08,3.7,3.7,3.61,3.64,45000,psxdata,2026-05-11T12:56:01
DSIL,2018-11-09,3.55,3.8,3.55,3.77,261500,psxdata,2026-05-11T12:56:01
DSIL,2018-11-12,3.7,3.79,3.58,3.62,224000,psxdata,2026-05-11T12:56:01
DSIL,2018-11-13,3.51,3.6,3.35,3.41,405500,psxdata,2026-05-11T12:56:01
DSIL,2018-11-14,3.4,3.55,3.35,3.47,338500,psxdata,2026-05-11T12:56:01
DSIL,2018-11-15,3.44,3.5,3.36,3.38,493000,psxdata,2026-05-11T12:56:01
DSIL,2018-11-16,3.35,3.44,3.34,3.38,103500,psxdata,2026-05-11T12:56:01
DSIL,2018-11-19,3.31,3.38,3.24,3.3,186000,psxdata,2026-05-11T12:56:01
DSIL,2018-11-20,3.24,3.4,3.2,3.31,299500,psxdata,2026-05-11T12:56:01
DSIL,2018-11-22,3.38,3.38,3.1,3.15,337000,psxdata,2026-05-11T12:56:01
DSIL,2018-11-23,3.2,3.33,3.13,3.19,58000,psxdata,2026-05-11T12:56:01
DSIL,2018-11-26,3.16,3.25,3.04,3.1,186500,psxdata,2026-05-11T12:56:01
DSIL,2018-11-27,3.15,3.15,3.01,3.07,88000,psxdata,2026-05-11T12:56:01
DSIL,2018-11-28,3.11,3.11,3.0,3.03,246000,psxdata,2026-05-11T12:56:01
DSIL,2018-11-29,3.05,3.13,2.91,3.03,240500,psxdata,2026-05-11T12:56:01
DSIL,2018-11-30,3.0,3.35,2.92,3.07,192000,psxdata,2026-05-11T12:56:01
DSIL,2018-12-03,3.02,3.02,2.8,2.91,151000,psxdata,2026-05-11T12:56:01
DSIL,2018-12-04,2.81,3.08,2.76,3.05,46500,psxdata,2026-05-11T12:56:01
DSIL,2018-12-05,3.0,3.05,2.8,3.04,200500,psxdata,2026-05-11T12:56:01
DSIL,2018-12-06,3.02,3.02,3.02,3.02,1000,psxdata,2026-05-11T12:56:01
DSIL,2018-12-07,2.77,3.05,2.76,2.94,138000,psxdata,2026-05-11T12:56:01
DSIL,2018-12-10,2.95,2.95,2.8,2.83,612000,psxdata,2026-05-11T12:56:01
DSIL,2018-12-11,2.79,2.94,2.79,2.85,36000,psxdata,2026-05-11T12:56:01
DSIL,2018-12-12,2.94,2.95,2.75,2.83,69000,psxdata,2026-05-11T12:56:01
DSIL,2018-12-13,2.73,2.89,2.6,2.65,389500,psxdata,2026-05-11T12:56:01
DSIL,2018-12-14,2.65,2.78,2.57,2.6,248500,psxdata,2026-05-11T12:56:01
DSIL,2018-12-17,2.6,2.66,2.59,2.66,19000,psxdata,2026-05-11T12:56:01
DSIL,2018-12-18,2.61,2.85,2.61,2.81,149000,psxdata,2026-05-11T12:56:01
DSIL,2018-12-19,2.8,3.18,2.75,3.06,1171500,psxdata,2026-05-11T12:56:01
DSIL,2018-12-20,3.14,3.35,3.0,3.06,1784000,psxdata,2026-05-11T12:56:01
DSIL,2018-12-21,3.06,3.3,3.03,3.26,780000,psxdata,2026-05-11T12:56:01
DSIL,2018-12-24,3.26,3.33,3.16,3.31,26000,psxdata,2026-05-11T12:56:01
DSIL,2018-12-26,3.31,3.37,3.2,3.35,84500,psxdata,2026-05-11T12:56:01
DSIL,2018-12-27,3.21,3.37,3.0,3.06,210500,psxdata,2026-05-11T12:56:01
DSIL,2018-12-28,3.1,3.1,2.9,2.99,108500,psxdata,2026-05-11T12:56:01
DSIL,2018-12-31,3.14,3.14,2.61,2.8,127000,psxdata,2026-05-11T12:56:01
DSIL,2019-01-01,2.98,3.0,2.88,2.97,109500,psxdata,2026-05-11T12:56:01
DSIL,2019-01-02,2.9,3.02,2.85,2.95,79500,psxdata,2026-05-11T12:56:01
DSIL,2019-01-03,2.88,2.97,2.76,2.97,21500,psxdata,2026-05-11T12:56:01
DSIL,2019-01-04,2.9,2.95,2.86,2.88,7500,psxdata,2026-05-11T12:56:01
DSIL,2019-01-07,2.71,3.09,2.71,3.06,105500,psxdata,2026-05-11T12:56:01
DSIL,2019-01-08,3.1,3.19,3.05,3.14,42500,psxdata,2026-05-11T12:56:01
DSIL,2019-01-09,3.19,3.19,3.03,3.1,190000,psxdata,2026-05-11T12:56:01
DSIL,2019-01-10,3.18,3.18,3.1,3.14,193500,psxdata,2026-05-11T12:56:01
DSIL,2019-01-11,3.15,3.2,3.01,3.11,500500,psxdata,2026-05-11T12:56:01
DSIL,2019-01-14,3.1,3.19,3.07,3.13,307000,psxdata,2026-05-11T12:56:01
DSIL,2019-01-15,3.03,3.17,2.99,3.0,75000,psxdata,2026-05-11T12:56:01
DSIL,2019-01-16,2.95,2.95,2.7,2.86,806000,psxdata,2026-05-11T12:56:01
DSIL,2019-01-17,2.94,2.94,2.73,2.79,38500,psxdata,2026-05-11T12:56:01
DSIL,2019-01-18,2.88,2.88,2.77,2.84,17000,psxdata,2026-05-11T12:56:01
DSIL,2019-01-21,2.88,2.9,2.79,2.81,191500,psxdata,2026-05-11T12:56:01
DSIL,2019-01-22,2.88,2.9,2.8,2.8,434000,psxdata,2026-05-11T12:56:01
DSIL,2019-01-23,2.9,3.13,2.82,3.1,2201500,psxdata,2026-05-11T12:56:01
DSIL,2019-01-24,3.15,3.2,2.99,3.04,227000,psxdata,2026-05-11T12:56:01
DSIL,2019-01-25,3.0,3.0,2.81,2.84,396000,psxdata,2026-05-11T12:56:01
DSIL,2019-01-28,2.98,2.98,2.81,2.9,572500,psxdata,2026-05-11T12:56:01
DSIL,2019-01-29,2.95,2.96,2.8,2.82,623500,psxdata,2026-05-11T12:56:01
DSIL,2019-01-30,2.86,2.88,2.8,2.84,130000,psxdata,2026-05-11T12:56:01
DSIL,2019-01-31,2.92,3.07,2.85,3.03,525500,psxdata,2026-05-11T12:56:01
DSIL,2019-02-01,2.82,3.31,2.82,3.17,1493000,psxdata,2026-05-11T12:56:01
DSIL,2019-02-04,3.28,3.5,3.2,3.45,2301000,psxdata,2026-05-11T12:56:01
DSIL,2019-02-06,3.45,3.64,3.32,3.36,1307500,psxdata,2026-05-11T12:56:01
DSIL,2019-02-07,3.45,3.49,3.2,3.27,233500,psxdata,2026-05-11T12:56:01
DSIL,2019-02-08,3.29,3.29,3.15,3.17,207000,psxdata,2026-05-11T12:56:01
DSIL,2019-02-11,3.35,3.35,3.02,3.08,188500,psxdata,2026-05-11T12:56:01
DSIL,2019-02-12,3.05,3.12,3.0,3.03,237000,psxdata,2026-05-11T12:56:01
DSIL,2019-02-13,3.17,3.17,2.95,2.98,138000,psxdata,2026-05-11T12:56:01
DSIL,2019-02-14,3.0,3.1,2.95,3.01,155500,psxdata,2026-05-11T12:56:01
DSIL,2019-02-15,3.15,3.16,3.01,3.05,156500,psxdata,2026-05-11T12:56:01
DSIL,2019-02-18,3.14,3.14,2.97,3.02,43500,psxdata,2026-05-11T12:56:01
DSIL,2019-02-19,3.05,3.05,2.94,3.01,27000,psxdata,2026-05-11T12:56:01
DSIL,2019-02-20,2.95,3.0,2.85,2.94,183000,psxdata,2026-05-11T12:56:01
DSIL,2019-02-21,2.92,3.07,2.86,2.9,133500,psxdata,2026-05-11T12:56:01
DSIL,2019-02-22,3.0,3.0,2.87,2.87,118500,psxdata,2026-05-11T12:56:01
DSIL,2019-02-25,2.86,3.02,2.83,2.85,138500,psxdata,2026-05-11T12:56:01
DSIL,2019-02-26,2.82,2.87,2.8,2.81,347000,psxdata,2026-05-11T12:56:01
DSIL,2019-02-27,2.71,2.8,2.3,2.72,409500,psxdata,2026-05-11T12:56:01
DSIL,2019-02-28,2.83,2.85,2.7,2.79,79000,psxdata,2026-05-11T12:56:01
DSIL,2019-03-01,2.7,2.85,2.65,2.74,384000,psxdata,2026-05-11T12:56:01
DSIL,2019-03-04,2.75,2.78,2.68,2.7,58000,psxdata,2026-05-11T12:56:01
DSIL,2019-03-05,2.71,2.8,2.68,2.69,98000,psxdata,2026-05-11T12:56:01
DSIL,2019-03-06,2.71,2.83,2.63,2.75,103500,psxdata,2026-05-11T12:56:01
DSIL,2019-03-07,2.81,2.81,2.72,2.76,4000,psxdata,2026-05-11T12:56:01
DSIL,2019-03-08,2.84,2.84,2.7,2.7,37500,psxdata,2026-05-11T12:56:01
DSIL,2019-03-11,2.78,2.88,2.7,2.71,139500,psxdata,2026-05-11T12:56:01
DSIL,2019-03-12,2.72,2.75,2.67,2.72,95000,psxdata,2026-05-11T12:56:01
DSIL,2019-03-13,2.77,2.81,2.73,2.77,63000,psxdata,2026-05-11T12:56:01
DSIL,2019-03-14,2.75,2.79,2.7,2.75,42500,psxdata,2026-05-11T12:56:01
DSIL,2019-03-15,2.72,2.72,2.63,2.64,99000,psxdata,2026-05-11T12:56:01
DSIL,2019-03-18,2.75,2.8,2.7,2.74,264500,psxdata,2026-05-11T12:56:01
DSIL,2019-03-19,2.7,2.73,2.65,2.71,19000,psxdata,2026-05-11T12:56:01
DSIL,2019-03-20,2.75,2.76,2.5,2.74,533500,psxdata,2026-05-11T12:56:01
DSIL,2019-03-21,2.72,2.87,2.72,2.82,159500,psxdata,2026-05-11T12:56:01
DSIL,2019-03-22,2.75,2.88,2.67,2.82,117000,psxdata,2026-05-11T12:56:01
DSIL,2019-03-25,2.8,2.89,2.8,2.85,134000,psxdata,2026-05-11T12:56:01
DSIL,2019-03-26,2.8,2.95,2.75,2.86,151500,psxdata,2026-05-11T12:56:01
DSIL,2019-03-27,2.89,3.09,2.85,3.06,407500,psxdata,2026-05-11T12:56:01
DSIL,2019-03-28,3.07,3.07,2.95,3.06,365500,psxdata,2026-05-11T12:56:01
DSIL,2019-03-29,3.08,3.1,2.95,3.06,85500,psxdata,2026-05-11T12:56:01
DSIL,2019-04-01,3.08,3.18,2.95,3.02,84500,psxdata,2026-05-11T12:56:01
DSIL,2019-04-02,3.04,3.04,2.87,2.9,37500,psxdata,2026-05-11T12:56:01
DSIL,2019-04-03,2.88,2.89,2.81,2.84,126000,psxdata,2026-05-11T12:56:01
DSIL,2019-04-04,2.81,2.81,2.72,2.78,49000,psxdata,2026-05-11T12:56:01
DSIL,2019-04-05,2.8,2.95,2.75,2.89,92500,psxdata,2026-05-11T12:56:01
DSIL,2019-04-08,2.78,2.83,2.7,2.82,139000,psxdata,2026-05-11T12:56:01
DSIL,2019-04-09,2.8,2.82,2.74,2.79,227000,psxdata,2026-05-11T12:56:01
DSIL,2019-04-10,2.82,2.82,2.26,2.35,423000,psxdata,2026-05-11T12:56:01
DSIL,2019-04-11,2.33,2.35,2.24,2.31,248000,psxdata,2026-05-11T12:56:01
DSIL,2019-04-12,2.31,3.18,2.2,2.6,344000,psxdata,2026-05-11T12:56:01
DSIL,2019-04-15,2.62,2.62,2.46,2.5,280500,psxdata,2026-05-11T12:56:01
DSIL,2019-04-16,2.48,2.54,2.48,2.48,19500,psxdata,2026-05-11T12:56:01
DSIL,2019-04-17,2.49,2.5,2.3,2.35,182500,psxdata,2026-05-11T12:56:01
DSIL,2019-04-18,2.24,2.4,2.14,2.16,408500,psxdata,2026-05-11T12:56:01
DSIL,2019-04-19,2.21,2.21,2.0,2.11,1588500,psxdata,2026-05-11T12:56:01
DSIL,2019-04-22,2.1,2.18,2.1,2.14,83000,psxdata,2026-05-11T12:56:01
DSIL,2019-04-23,2.15,2.15,2.03,2.08,172500,psxdata,2026-05-11T12:56:01
DSIL,2019-04-24,2.08,2.15,2.05,2.06,190500,psxdata,2026-05-11T12:56:01
DSIL,2019-04-25,2.1,2.19,2.05,2.1,26000,psxdata,2026-05-11T12:56:01
DSIL,2019-04-26,2.1,2.14,2.06,2.09,85000,psxdata,2026-05-11T12:56:01
DSIL,2019-04-29,2.15,2.33,2.12,2.13,115500,psxdata,2026-05-11T12:56:01
DSIL,2019-04-30,2.03,2.19,2.03,2.14,69000,psxdata,2026-05-11T12:56:01
DSIL,2019-05-02,2.1,2.14,2.06,2.09,115500,psxdata,2026-05-11T12:56:01
DSIL,2019-05-03,2.07,2.07,2.01,2.01,142500,psxdata,2026-05-11T12:56:01
DSIL,2019-05-06,2.07,2.07,2.0,2.05,47000,psxdata,2026-05-11T12:56:01
DSIL,2019-05-07,2.09,2.09,2.03,2.03,6000,psxdata,2026-05-11T12:56:01
DSIL,2019-05-08,2.01,2.01,1.94,1.99,254500,psxdata,2026-05-11T12:56:01
DSIL,2019-05-09,2.0,2.03,1.93,1.99,19500,psxdata,2026-05-11T12:56:01
DSIL,2019-05-10,1.95,2.0,1.95,2.0,21500,psxdata,2026-05-11T12:56:01
DSIL,2019-05-13,1.98,2.07,1.65,1.7,154500,psxdata,2026-05-11T12:56:01
DSIL,2019-05-14,1.7,1.73,1.65,1.7,43000,psxdata,2026-05-11T12:56:01
DSIL,2019-05-15,1.84,1.85,1.7,1.73,16000,psxdata,2026-05-11T12:56:01
DSIL,2019-05-16,1.7,1.7,1.28,1.46,178500,psxdata,2026-05-11T12:56:01
DSIL,2019-05-17,1.39,1.55,1.39,1.41,46500,psxdata,2026-05-11T12:56:01
DSIL,2019-05-20,1.25,1.4,1.2,1.4,413500,psxdata,2026-05-11T12:56:01
DSIL,2019-05-21,1.36,1.39,1.25,1.3,678000,psxdata,2026-05-11T12:56:01
DSIL,2019-05-22,1.4,1.7,1.35,1.48,2039000,psxdata,2026-05-11T12:56:01
DSIL,2019-05-23,1.65,1.8,1.5,1.77,372500,psxdata,2026-05-11T12:56:01
DSIL,2019-05-24,1.67,1.75,1.6,1.69,98500,psxdata,2026-05-11T12:56:01
DSIL,2019-05-27,1.65,1.7,1.62,1.65,81500,psxdata,2026-05-11T12:56:01
DSIL,2019-05-28,1.64,1.71,1.5,1.51,156500,psxdata,2026-05-11T12:56:01
DSIL,2019-05-29,1.65,1.72,1.61,1.61,72000,psxdata,2026-05-11T12:56:01
DSIL,2019-05-30,1.63,1.72,1.5,1.51,62500,psxdata,2026-05-11T12:56:01
DSIL,2019-06-03,1.51,1.58,1.5,1.5,98000,psxdata,2026-05-11T12:56:01
DSIL,2019-06-10,1.4,1.4,1.34,1.38,191500,psxdata,2026-05-11T12:56:01
DSIL,2019-06-11,1.4,1.56,1.4,1.45,113000,psxdata,2026-05-11T12:56:01
DSIL,2019-06-12,1.47,1.7,1.45,1.65,302000,psxdata,2026-05-11T12:56:01
DSIL,2019-06-13,1.72,1.79,1.65,1.79,114500,psxdata,2026-05-11T12:56:01
DSIL,2019-06-14,1.75,1.75,1.66,1.7,38500,psxdata,2026-05-11T12:56:01
DSIL,2019-06-17,1.68,1.7,1.61,1.62,17000,psxdata,2026-05-11T12:56:01
DSIL,2019-06-18,1.7,1.7,1.6,1.61,95000,psxdata,2026-05-11T12:56:01
DSIL,2019-06-19,1.9,1.9,1.55,1.55,25500,psxdata,2026-05-11T12:56:01
DSIL,2019-06-20,1.55,1.62,1.52,1.54,40500,psxdata,2026-05-11T12:56:01
DSIL,2019-06-21,1.6,1.62,1.54,1.54,21500,psxdata,2026-05-11T12:56:01
DSIL,2019-06-24,1.5,1.5,1.5,1.5,10000,psxdata,2026-05-11T12:56:01
DSIL,2019-06-25,1.6,1.65,1.41,1.53,29500,psxdata,2026-05-11T12:56:01
DSIL,2019-06-26,1.48,1.53,1.36,1.38,253500,psxdata,2026-05-11T12:56:01
DSIL,2019-06-27,1.39,1.5,1.38,1.47,32000,psxdata,2026-05-11T12:56:01
DSIL,2019-06-28,1.42,1.48,1.4,1.42,5500,psxdata,2026-05-11T12:56:01
DSIL,2019-07-01,1.55,1.55,1.46,1.55,19500,psxdata,2026-05-11T12:56:01
DSIL,2019-07-02,1.5,1.57,1.5,1.57,7000,psxdata,2026-05-11T12:56:01
DSIL,2019-07-03,1.6,1.65,1.55,1.59,46500,psxdata,2026-05-11T12:56:01
DSIL,2019-07-04,1.65,1.65,1.49,1.5,83500,psxdata,2026-05-11T12:56:01
DSIL,2019-07-05,1.49,1.49,1.36,1.4,162000,psxdata,2026-05-11T12:56:01
DSIL,2019-07-08,1.4,1.4,1.36,1.37,31000,psxdata,2026-05-11T12:56:01
DSIL,2019-07-09,1.33,1.43,1.33,1.43,13500,psxdata,2026-05-11T12:56:01
DSIL,2019-07-10,1.39,1.41,1.39,1.4,25000,psxdata,2026-05-11T12:56:01
DSIL,2019-07-11,1.45,1.45,1.36,1.37,45500,psxdata,2026-05-11T12:56:01
DSIL,2019-07-12,1.37,1.45,1.32,1.36,47500,psxdata,2026-05-11T12:56:01
DSIL,2019-07-15,1.35,1.42,1.2,1.3,135500,psxdata,2026-05-11T12:56:01
DSIL,2019-07-16,1.3,1.33,1.25,1.3,151500,psxdata,2026-05-11T12:56:01
DSIL,2019-07-17,1.28,1.33,1.25,1.26,62500,psxdata,2026-05-11T12:56:01
DSIL,2019-07-18,1.29,1.29,1.2,1.23,41500,psxdata,2026-05-11T12:56:01
DSIL,2019-07-19,1.18,1.23,1.16,1.18,106000,psxdata,2026-05-11T12:56:01
DSIL,2019-07-22,1.2,1.3,1.2,1.2,175500,psxdata,2026-05-11T12:56:01
DSIL,2019-07-23,1.21,1.24,1.16,1.24,303000,psxdata,2026-05-11T12:56:01
DSIL,2019-07-24,1.2,1.2,1.2,1.2,269000,psxdata,2026-05-11T12:56:01
DSIL,2019-07-25,1.2,1.23,1.2,1.23,40500,psxdata,2026-05-11T12:56:01
DSIL,2019-07-26,1.39,1.39,1.17,1.23,13000,psxdata,2026-05-11T12:56:01
DSIL,2019-07-29,1.21,1.21,1.2,1.2,42000,psxdata,2026-05-11T12:56:01
DSIL,2019-07-30,1.16,1.21,1.15,1.21,25500,psxdata,2026-05-11T12:56:01
DSIL,2019-07-31,1.25,1.26,1.25,1.26,5500,psxdata,2026-05-11T12:56:01
DSIL,2019-08-01,1.34,1.34,1.21,1.21,16000,psxdata,2026-05-11T12:56:01
DSIL,2019-08-02,1.15,1.2,1.08,1.2,47500,psxdata,2026-05-11T12:56:01
DSIL,2019-08-05,1.2,1.2,1.05,1.06,45500,psxdata,2026-05-11T12:56:01
DSIL,2019-08-06,1.11,1.18,1.07,1.18,58000,psxdata,2026-05-11T12:56:01
DSIL,2019-08-07,1.19,1.19,1.19,1.19,8000,psxdata,2026-05-11T12:56:01
DSIL,2019-08-08,1.06,1.1,1.0,1.08,156500,psxdata,2026-05-11T12:56:01
DSIL,2019-08-09,1.11,1.11,1.02,1.08,4500,psxdata,2026-05-11T12:56:01
DSIL,2019-08-16,1.02,1.05,1.01,1.01,97500,psxdata,2026-05-11T12:56:01
DSIL,2019-08-19,1.05,1.12,1.05,1.1,51000,psxdata,2026-05-11T12:56:01
DSIL,2019-08-20,1.18,1.29,1.05,1.08,33500,psxdata,2026-05-11T12:56:01
DSIL,2019-08-21,1.1,1.18,1.1,1.16,17500,psxdata,2026-05-11T12:56:01
DSIL,2019-08-22,1.2,1.48,1.2,1.42,373500,psxdata,2026-05-11T12:56:01
DSIL,2019-08-23,1.45,1.56,1.3,1.4,316000,psxdata,2026-05-11T12:56:01
DSIL,2019-08-26,1.33,1.35,1.2,1.26,18000,psxdata,2026-05-11T12:56:01
DSIL,2019-08-27,1.2,1.3,1.2,1.28,7000,psxdata,2026-05-11T12:56:01
DSIL,2019-08-28,1.44,1.69,1.35,1.36,181000,psxdata,2026-05-11T12:56:01
DSIL,2019-08-29,1.36,1.52,1.18,1.2,424500,psxdata,2026-05-11T12:56:01
DSIL,2019-09-02,1.25,1.34,1.2,1.28,38500,psxdata,2026-05-11T12:56:01
DSIL,2019-09-03,1.26,1.26,1.19,1.21,73500,psxdata,2026-05-11T12:56:01
DSIL,2019-09-04,1.17,1.21,1.15,1.2,23500,psxdata,2026-05-11T12:56:01
DSIL,2019-09-05,1.21,1.27,1.16,1.21,20500,psxdata,2026-05-11T12:56:01
DSIL,2019-09-11,1.19,1.21,1.15,1.18,87500,psxdata,2026-05-11T12:56:01
DSIL,2019-09-12,1.15,1.34,1.15,1.31,36500,psxdata,2026-05-11T12:56:01
DSIL,2019-09-13,1.31,1.42,1.31,1.38,11500,psxdata,2026-05-11T12:56:01
DSIL,2019-09-16,1.49,1.49,1.22,1.43,66500,psxdata,2026-05-11T12:56:01
DSIL,2019-09-18,1.46,1.49,1.34,1.45,21500,psxdata,2026-05-11T12:56:01
DSIL,2019-09-19,1.49,1.58,1.41,1.44,8500,psxdata,2026-05-11T12:56:01
DSIL,2019-09-20,1.37,1.57,1.36,1.46,31500,psxdata,2026-05-11T12:56:01
DSIL,2019-09-23,1.36,1.58,1.36,1.46,6500,psxdata,2026-05-11T12:56:01
DSIL,2019-09-24,1.37,1.43,1.32,1.41,22000,psxdata,2026-05-11T12:56:01
DSIL,2019-09-25,1.45,1.45,1.3,1.41,28000,psxdata,2026-05-11T12:56:01
DSIL,2019-09-26,1.34,1.45,1.34,1.39,49000,psxdata,2026-05-11T12:56:01
DSIL,2019-09-27,1.44,1.55,1.4,1.49,36000,psxdata,2026-05-11T12:56:01
DSIL,2019-09-30,1.64,1.64,1.43,1.49,4000,psxdata,2026-05-11T12:56:01
DSIL,2019-10-01,1.41,1.49,1.33,1.41,215500,psxdata,2026-05-11T12:56:01
DSIL,2019-10-02,1.42,1.49,1.37,1.38,48500,psxdata,2026-05-11T12:56:01
DSIL,2019-10-03,1.36,1.75,1.36,1.69,352000,psxdata,2026-05-11T12:56:01
DSIL,2019-10-04,1.95,1.97,1.56,1.68,668000,psxdata,2026-05-11T12:56:01
DSIL,2019-10-07,1.74,1.97,1.74,1.87,1356000,psxdata,2026-05-11T12:56:01
DSIL,2019-10-08,1.84,1.85,1.6,1.64,613500,psxdata,2026-05-11T12:56:01
DSIL,2019-10-09,1.69,1.8,1.6,1.7,552500,psxdata,2026-05-11T12:56:01
DSIL,2019-10-10,1.9,1.9,1.8,1.86,787500,psxdata,2026-05-11T12:56:01
DSIL,2019-10-11,1.7,1.94,1.7,1.9,187500,psxdata,2026-05-11T12:56:01
DSIL,2019-10-15,1.89,2.01,1.89,1.93,233500,psxdata,2026-05-11T12:56:01
DSIL,2019-10-16,1.96,2.06,1.9,2.01,303500,psxdata,2026-05-11T12:56:01
DSIL,2019-10-18,1.91,1.98,1.85,1.86,122500,psxdata,2026-05-11T12:56:01
DSIL,2019-10-21,1.8,1.87,1.64,1.8,201000,psxdata,2026-05-11T12:56:01
DSIL,2019-10-22,1.79,1.79,1.7,1.73,43500,psxdata,2026-05-11T12:56:01
DSIL,2019-10-23,1.67,1.84,1.67,1.71,120500,psxdata,2026-05-11T12:56:01
DSIL,2019-10-24,1.73,1.85,1.6,1.68,335500,psxdata,2026-05-11T12:56:01
DSIL,2019-10-25,1.7,1.7,1.6,1.62,45500,psxdata,2026-05-11T12:56:01
DSIL,2019-10-28,1.69,1.69,1.63,1.67,92000,psxdata,2026-05-11T12:56:01
DSIL,2019-10-29,1.7,1.71,1.6,1.63,129500,psxdata,2026-05-11T12:56:01
DSIL,2019-10-30,1.6,1.68,1.6,1.6,70500,psxdata,2026-05-11T12:56:01
DSIL,2019-10-31,1.61,1.7,1.6,1.63,290000,psxdata,2026-05-11T12:56:01
DSIL,2019-11-01,1.63,1.65,1.63,1.64,77000,psxdata,2026-05-11T12:56:01
DSIL,2019-11-04,1.65,1.69,1.61,1.67,127000,psxdata,2026-05-11T12:56:01
DSIL,2019-11-05,1.68,1.81,1.66,1.8,293500,psxdata,2026-05-11T12:56:01
DSIL,2019-11-06,1.85,1.86,1.64,1.66,864500,psxdata,2026-05-11T12:56:01
DSIL,2019-11-07,1.63,1.71,1.6,1.67,269500,psxdata,2026-05-11T12:56:01
DSIL,2019-11-08,1.63,1.89,1.6,1.71,446500,psxdata,2026-05-11T12:56:01
DSIL,2019-11-11,1.85,1.85,1.73,1.79,180500,psxdata,2026-05-11T12:56:01
DSIL,2019-11-12,1.83,1.87,1.74,1.79,237000,psxdata,2026-05-11T12:56:01
DSIL,2019-11-13,1.76,1.78,1.7,1.76,63000,psxdata,2026-05-11T12:56:01
DSIL,2019-11-14,1.71,1.83,1.68,1.74,375000,psxdata,2026-05-11T12:56:01
DSIL,2019-11-15,1.75,1.83,1.72,1.82,140000,psxdata,2026-05-11T12:56:01
DSIL,2019-11-18,1.82,1.91,1.82,1.87,241000,psxdata,2026-05-11T12:56:01
DSIL,2019-11-19,1.85,2.0,1.81,1.94,298000,psxdata,2026-05-11T12:56:01
DSIL,2019-11-20,1.98,2.3,1.96,2.23,1774500,psxdata,2026-05-11T12:56:01
DSIL,2019-11-21,2.33,2.35,2.1,2.19,519500,psxdata,2026-05-11T12:56:01
DSIL,2019-11-22,2.05,2.24,2.05,2.12,275000,psxdata,2026-05-11T12:56:01
DSIL,2019-11-25,2.09,2.14,2.04,2.08,518500,psxdata,2026-05-11T12:56:01
DSIL,2019-11-26,2.06,2.13,1.98,2.04,252500,psxdata,2026-05-11T12:56:01
DSIL,2019-11-27,2.0,2.0,1.91,2.0,81500,psxdata,2026-05-11T12:56:01
DSIL,2019-11-28,2.0,2.15,2.0,2.15,146500,psxdata,2026-05-11T12:56:01
DSIL,2019-11-29,2.3,2.3,2.1,2.2,477500,psxdata,2026-05-11T12:56:01
DSIL,2019-12-02,2.25,2.35,2.23,2.26,496500,psxdata,2026-05-11T12:56:01
DSIL,2019-12-03,2.33,2.45,2.2,2.22,364000,psxdata,2026-05-11T12:56:01
DSIL,2019-12-04,2.22,2.26,2.15,2.2,298000,psxdata,2026-05-11T12:56:01
DSIL,2019-12-05,2.18,2.18,2.1,2.1,191500,psxdata,2026-05-11T12:56:01
DSIL,2019-12-06,2.07,2.19,2.07,2.16,211500,psxdata,2026-05-11T12:56:01
DSIL,2019-12-09,2.18,2.24,2.15,2.2,162000,psxdata,2026-05-11T12:56:01
DSIL,2019-12-10,2.2,2.2,2.13,2.2,209500,psxdata,2026-05-11T12:56:01
DSIL,2019-12-11,2.22,2.22,2.12,2.13,89000,psxdata,2026-05-11T12:56:01
DSIL,2019-12-12,2.25,2.25,2.03,2.06,181000,psxdata,2026-05-11T12:56:01
DSIL,2019-12-13,2.0,2.15,2.0,2.11,121500,psxdata,2026-05-11T12:56:01
DSIL,2019-12-16,2.2,2.25,2.0,2.05,251000,psxdata,2026-05-11T12:56:01
DSIL,2019-12-17,2.2,2.2,2.02,2.03,134500,psxdata,2026-05-11T12:56:01
DSIL,2019-12-18,2.14,2.15,2.0,2.04,236500,psxdata,2026-05-11T12:56:01
DSIL,2019-12-19,2.0,2.1,1.85,1.9,94500,psxdata,2026-05-11T12:56:01
DSIL,2019-12-20,2.0,2.0,1.91,1.95,77000,psxdata,2026-05-11T12:56:01
DSIL,2019-12-23,1.95,2.0,1.8,1.81,55500,psxdata,2026-05-11T12:56:01
DSIL,2019-12-24,1.85,1.86,1.71,1.86,15500,psxdata,2026-05-11T12:56:01
DSIL,2019-12-26,1.8,1.9,1.8,1.9,17500,psxdata,2026-05-11T12:56:01
DSIL,2019-12-27,1.95,1.99,1.75,1.81,202000,psxdata,2026-05-11T12:56:01
DSIL,2020-01-01,1.77,2.1,1.77,2.05,75000,psxdata,2026-05-11T12:56:01
DSIL,2020-01-02,2.17,2.17,2.01,2.14,171000,psxdata,2026-05-11T12:56:01
DSIL,2020-01-03,2.09,2.14,1.95,1.96,69500,psxdata,2026-05-11T12:56:01
DSIL,2020-01-06,1.95,1.95,1.84,1.86,102000,psxdata,2026-05-11T12:56:01
DSIL,2020-01-07,1.95,2.07,1.95,2.06,119500,psxdata,2026-05-11T12:56:01
DSIL,2020-01-09,2.15,2.2,2.03,2.11,226000,psxdata,2026-05-11T12:56:01
DSIL,2020-01-10,2.11,2.15,2.0,2.01,77000,psxdata,2026-05-11T12:56:01
DSIL,2020-01-13,2.01,2.13,2.0,2.03,151500,psxdata,2026-05-11T12:56:01
DSIL,2020-01-14,2.17,2.17,2.03,2.04,122500,psxdata,2026-05-11T12:56:01
DSIL,2020-01-15,2.15,2.15,2.01,2.02,148500,psxdata,2026-05-11T12:56:01
DSIL,2020-01-16,2.09,2.09,2.0,2.05,139000,psxdata,2026-05-11T12:56:01
DSIL,2020-01-17,2.1,2.4,2.09,2.33,1622000,psxdata,2026-05-11T12:56:01
DSIL,2020-01-20,2.36,2.45,2.18,2.2,245500,psxdata,2026-05-11T12:56:01
DSIL,2020-01-22,2.3,2.3,2.06,2.13,66000,psxdata,2026-05-11T12:56:01
DSIL,2020-01-23,2.29,2.29,2.05,2.05,117000,psxdata,2026-05-11T12:56:01
DSIL,2020-01-24,2.19,2.19,1.94,2.05,303000,psxdata,2026-05-11T12:56:01
DSIL,2020-01-27,2.01,2.12,2.0,2.02,38000,psxdata,2026-05-11T12:56:01
DSIL,2020-01-28,2.0,2.0,1.9,1.91,204000,psxdata,2026-05-11T12:56:01
DSIL,2020-01-29,1.9,1.98,1.87,1.9,168500,psxdata,2026-05-11T12:56:01
DSIL,2020-01-30,1.9,1.94,1.9,1.91,67500,psxdata,2026-05-11T12:56:01
DSIL,2020-01-31,1.86,2.19,1.86,1.91,85500,psxdata,2026-05-11T12:56:01
DSIL,2020-02-04,1.91,1.96,1.89,1.93,40000,psxdata,2026-05-11T12:56:01
DSIL,2020-02-06,1.99,2.02,1.9,1.9,37000,psxdata,2026-05-11T12:56:01
DSIL,2020-02-12,1.72,1.84,1.72,1.83,19000,psxdata,2026-05-11T12:56:01
DSIL,2020-02-13,1.99,1.99,1.8,1.81,13500,psxdata,2026-05-11T12:56:01
DSIL,2020-02-14,1.78,1.82,1.78,1.8,8500,psxdata,2026-05-11T12:56:01
DSIL,2020-02-18,1.81,1.82,1.81,1.81,2500,psxdata,2026-05-11T12:56:01
DSIL,2020-02-19,1.88,1.97,1.88,1.96,53000,psxdata,2026-05-11T12:56:01
DSIL,2020-02-20,1.9,1.91,1.88,1.88,18000,psxdata,2026-05-11T12:56:01
DSIL,2020-02-21,1.86,1.92,1.86,1.89,2500,psxdata,2026-05-11T12:56:01
DSIL,2020-02-24,1.82,1.82,1.8,1.8,22500,psxdata,2026-05-11T12:56:01
DSIL,2020-02-25,1.8,1.8,1.72,1.76,25500,psxdata,2026-05-11T12:56:01
DSIL,2020-02-26,1.72,1.79,1.68,1.69,146000,psxdata,2026-05-11T12:56:01
DSIL,2020-02-27,1.6,1.68,1.2,1.6,200500,psxdata,2026-05-11T12:56:01
DSIL,2020-02-28,1.86,1.86,1.62,1.68,28000,psxdata,2026-05-11T12:56:01
DSIL,2020-03-02,1.83,1.83,1.75,1.79,10500,psxdata,2026-05-11T12:56:01
DSIL,2020-03-03,1.87,1.87,1.75,1.79,18500,psxdata,2026-05-11T12:56:01
DSIL,2020-03-04,1.7,1.78,1.14,1.71,17500,psxdata,2026-05-11T12:56:01
DSIL,2020-03-05,1.75,1.87,1.64,1.66,71500,psxdata,2026-05-11T12:56:01
DSIL,2020-03-06,1.7,1.7,1.65,1.7,8500,psxdata,2026-05-11T12:56:01
DSIL,2020-03-09,1.51,1.67,1.21,1.6,38000,psxdata,2026-05-11T12:56:01
DSIL,2020-03-10,1.56,1.6,1.54,1.58,36000,psxdata,2026-05-11T12:56:01
DSIL,2020-03-11,1.65,1.65,1.54,1.54,20500,psxdata,2026-05-11T12:56:01
DSIL,2020-03-13,1.3,1.89,1.3,1.45,16500,psxdata,2026-05-11T12:56:01
DSIL,2020-03-16,1.41,1.5,1.4,1.4,47500,psxdata,2026-05-11T12:56:01
DSIL,2020-03-17,1.49,1.5,1.2,1.26,158500,psxdata,2026-05-11T12:56:01
DSIL,2020-03-18,1.17,1.18,1.05,1.11,288500,psxdata,2026-05-11T12:56:01
DSIL,2020-03-19,1.1,1.24,1.0,1.23,63500,psxdata,2026-05-11T12:56:01
DSIL,2020-03-20,1.44,1.44,1.12,1.18,174000,psxdata,2026-05-11T12:56:01
DSIL,2020-03-24,1.1,1.19,1.1,1.16,4000,psxdata,2026-05-11T12:56:01
DSIL,2020-03-25,1.32,1.32,1.05,1.1,58000,psxdata,2026-05-11T12:56:01
DSIL,2020-03-26,1.05,1.3,1.05,1.15,33500,psxdata,2026-05-11T12:56:01
DSIL,2020-03-27,1.27,1.3,1.06,1.25,13000,psxdata,2026-05-11T12:56:01
DSIL,2020-03-30,1.19,1.19,1.11,1.13,8500,psxdata,2026-05-11T12:56:01
DSIL,2020-03-31,1.37,1.37,1.2,1.32,76000,psxdata,2026-05-11T12:56:01
DSIL,2020-04-01,1.25,1.35,1.22,1.25,68000,psxdata,2026-05-11T12:56:01
DSIL,2020-04-02,1.32,1.38,1.32,1.37,30000,psxdata,2026-05-11T12:56:01
DSIL,2020-04-03,1.44,1.44,1.3,1.37,85500,psxdata,2026-05-11T12:56:01
DSIL,2020-04-06,1.24,1.34,1.2,1.29,118500,psxdata,2026-05-11T12:56:01
DSIL,2020-04-07,1.4,1.4,1.3,1.3,12500,psxdata,2026-05-11T12:56:01
DSIL,2020-04-08,1.21,1.29,1.18,1.21,48500,psxdata,2026-05-11T12:56:01
DSIL,2020-04-09,1.25,1.27,1.15,1.25,49500,psxdata,2026-05-11T12:56:01
DSIL,2020-04-10,1.19,1.4,1.17,1.34,90500,psxdata,2026-05-11T12:56:01
DSIL,2020-04-13,1.25,1.32,1.2,1.23,22500,psxdata,2026-05-11T12:56:01
DSIL,2020-04-14,1.37,1.37,1.37,1.37,1000,psxdata,2026-05-11T12:56:01
DSIL,2020-04-15,1.18,1.41,1.18,1.35,67000,psxdata,2026-05-11T12:56:01
DSIL,2020-04-16,1.23,1.4,1.23,1.4,36000,psxdata,2026-05-11T12:56:01
DSIL,2020-04-17,1.45,1.6,1.4,1.52,225000,psxdata,2026-05-11T12:56:01
DSIL,2020-04-20,1.4,1.6,1.4,1.56,133500,psxdata,2026-05-11T12:56:01
DSIL,2020-04-21,1.51,1.58,1.4,1.43,76000,psxdata,2026-05-11T12:56:01
DSIL,2020-04-22,1.42,1.5,1.42,1.5,28500,psxdata,2026-05-11T12:56:01
DSIL,2020-04-23,1.45,1.55,1.45,1.54,45000,psxdata,2026-05-11T12:56:01
DSIL,2020-04-24,1.55,1.63,1.49,1.49,2000,psxdata,2026-05-11T12:56:01
DSIL,2020-04-27,1.44,1.59,1.44,1.54,52000,psxdata,2026-05-11T12:56:01
DSIL,2020-04-28,1.52,1.52,1.5,1.5,17500,psxdata,2026-05-11T12:56:01
DSIL,2020-04-29,1.55,1.55,1.45,1.48,49000,psxdata,2026-05-11T12:56:01
DSIL,2020-04-30,1.53,1.53,1.49,1.5,21500,psxdata,2026-05-11T12:56:01
DSIL,2020-05-04,1.49,1.49,1.4,1.45,31500,psxdata,2026-05-11T12:56:01
DSIL,2020-05-05,1.45,1.49,1.45,1.47,1000,psxdata,2026-05-11T12:56:01
DSIL,2020-05-06,1.69,1.69,1.43,1.46,46500,psxdata,2026-05-11T12:56:01
DSIL,2020-05-07,1.5,1.5,1.5,1.5,3000,psxdata,2026-05-11T12:56:01
DSIL,2020-05-08,1.48,1.54,1.48,1.54,4000,psxdata,2026-05-11T12:56:01
DSIL,2020-05-11,1.5,1.55,1.5,1.52,47500,psxdata,2026-05-11T12:56:01
DSIL,2020-05-12,1.55,1.59,1.48,1.55,594500,psxdata,2026-05-11T12:56:01
DSIL,2020-05-13,1.55,1.61,1.55,1.6,115000,psxdata,2026-05-11T12:56:01
DSIL,2020-05-14,1.64,1.72,1.64,1.7,472000,psxdata,2026-05-11T12:56:01
DSIL,2020-05-15,1.7,1.75,1.6,1.62,92000,psxdata,2026-05-11T12:56:01
DSIL,2020-05-18,1.7,1.8,1.67,1.7,131000,psxdata,2026-05-11T12:56:01
DSIL,2020-05-19,1.65,1.69,1.56,1.67,103500,psxdata,2026-05-11T12:56:01
DSIL,2020-05-20,1.59,1.6,1.53,1.57,48500,psxdata,2026-05-11T12:56:01
DSIL,2020-05-21,1.57,1.69,1.57,1.62,46000,psxdata,2026-05-11T12:56:01
DSIL,2020-05-28,1.57,1.65,1.51,1.63,95500,psxdata,2026-05-11T12:56:01
DSIL,2020-05-29,1.67,1.68,1.52,1.62,53500,psxdata,2026-05-11T12:56:01
DSIL,2020-06-01,1.69,1.69,1.5,1.57,35000,psxdata,2026-05-11T12:56:01
DSIL,2020-06-02,1.57,1.61,1.57,1.6,37000,psxdata,2026-05-11T12:56:01
DSIL,2020-06-03,1.6,1.6,1.55,1.56,50000,psxdata,2026-05-11T12:56:01
DSIL,2020-06-04,1.54,1.55,1.33,1.43,141500,psxdata,2026-05-11T12:56:01
DSIL,2020-06-05,1.36,1.47,1.36,1.44,73000,psxdata,2026-05-11T12:56:01
DSIL,2020-06-08,1.43,1.6,1.42,1.58,84500,psxdata,2026-05-11T12:56:01
DSIL,2020-06-09,1.43,1.69,1.43,1.59,48000,psxdata,2026-05-11T12:56:01
DSIL,2020-06-10,1.51,1.55,1.5,1.55,57000,psxdata,2026-05-11T12:56:01
DSIL,2020-06-11,1.59,1.7,1.59,1.6,74500,psxdata,2026-05-11T12:56:01
DSIL,2020-06-12,1.49,1.6,1.46,1.6,48000,psxdata,2026-05-11T12:56:01
DSIL,2020-06-15,1.59,1.59,1.38,1.46,173000,psxdata,2026-05-11T12:56:01
DSIL,2020-06-16,1.5,1.58,1.5,1.51,100000,psxdata,2026-05-11T12:56:01
DSIL,2020-06-17,1.55,1.59,1.5,1.51,137500,psxdata,2026-05-11T12:56:01
DSIL,2020-06-18,1.51,1.54,1.46,1.46,52500,psxdata,2026-05-11T12:56:01
DSIL,2020-06-19,1.57,1.6,1.5,1.5,21500,psxdata,2026-05-11T12:56:01
DSIL,2020-06-22,1.47,1.5,1.47,1.5,7500,psxdata,2026-05-11T12:56:01
DSIL,2020-06-23,1.5,1.5,1.36,1.44,303500,psxdata,2026-05-11T12:56:01
DSIL,2020-06-24,1.41,1.5,1.41,1.46,30000,psxdata,2026-05-11T12:56:01
DSIL,2020-06-25,1.49,1.52,1.41,1.43,50000,psxdata,2026-05-11T12:56:01
DSIL,2020-06-26,1.5,1.5,1.41,1.44,48500,psxdata,2026-05-11T12:56:01
DSIL,2020-06-29,1.41,1.44,1.37,1.39,139000,psxdata,2026-05-11T12:56:01
DSIL,2020-06-30,1.45,1.45,1.38,1.39,29000,psxdata,2026-05-11T12:56:01
DSIL,2020-07-01,1.49,1.49,1.38,1.41,110500,psxdata,2026-05-11T12:56:01
DSIL,2020-07-02,1.4,1.47,1.35,1.39,262000,psxdata,2026-05-11T12:56:01
DSIL,2020-07-03,1.4,1.4,1.36,1.37,123500,psxdata,2026-05-11T12:56:01
DSIL,2020-07-06,1.45,1.54,1.37,1.5,159500,psxdata,2026-05-11T12:56:01
DSIL,2020-07-07,1.49,1.5,1.43,1.45,90000,psxdata,2026-05-11T12:56:01
DSIL,2020-07-08,1.45,1.49,1.42,1.42,279000,psxdata,2026-05-11T12:56:01
DSIL,2020-07-09,1.41,1.64,1.4,1.61,920000,psxdata,2026-05-11T12:56:01
DSIL,2020-07-10,1.47,1.59,1.4,1.5,243000,psxdata,2026-05-11T12:56:01
DSIL,2020-07-13,1.41,1.81,1.41,1.8,976500,psxdata,2026-05-11T12:56:01
DSIL,2020-07-14,1.74,1.83,1.65,1.71,200500,psxdata,2026-05-11T12:56:01
DSIL,2020-07-15,1.68,1.72,1.61,1.67,142500,psxdata,2026-05-11T12:56:01
DSIL,2020-07-16,1.69,1.69,1.5,1.62,142000,psxdata,2026-05-11T12:56:01
DSIL,2020-07-17,1.6,1.67,1.53,1.61,57000,psxdata,2026-05-11T12:56:01
DSIL,2020-07-20,1.6,1.66,1.52,1.66,119000,psxdata,2026-05-11T12:56:01
DSIL,2020-07-21,1.6,1.62,1.54,1.56,111500,psxdata,2026-05-11T12:56:01
DSIL,2020-07-22,1.58,1.7,1.57,1.61,257000,psxdata,2026-05-11T12:56:01
DSIL,2020-07-23,1.82,1.82,1.65,1.65,128500,psxdata,2026-05-11T12:56:01
DSIL,2020-07-24,1.65,1.7,1.6,1.64,30500,psxdata,2026-05-11T12:56:01
DSIL,2020-07-27,1.6,1.77,1.57,1.6,208500,psxdata,2026-05-11T12:56:01
DSIL,2020-07-28,1.57,1.7,1.56,1.65,109000,psxdata,2026-05-11T12:56:01
DSIL,2020-07-29,1.61,1.72,1.6,1.6,27500,psxdata,2026-05-11T12:56:01
DSIL,2020-07-30,1.62,1.64,1.59,1.6,115500,psxdata,2026-05-11T12:56:01
DSIL,2020-08-03,1.73,1.73,1.55,1.61,109000,psxdata,2026-05-11T12:56:01
DSIL,2020-08-04,1.62,1.64,1.57,1.59,242000,psxdata,2026-05-11T12:56:01
DSIL,2020-08-05,1.59,1.6,1.56,1.6,60500,psxdata,2026-05-11T12:56:01
DSIL,2020-08-06,1.69,1.69,1.54,1.63,415000,psxdata,2026-05-11T12:56:01
DSIL,2020-08-07,1.59,1.84,1.59,1.73,227500,psxdata,2026-05-11T12:56:01
DSIL,2020-08-10,1.7,1.86,1.7,1.85,86000,psxdata,2026-05-11T12:56:01
DSIL,2020-08-11,1.8,1.9,1.79,1.81,325500,psxdata,2026-05-11T12:56:01
DSIL,2020-08-12,1.88,1.88,1.73,1.78,15500,psxdata,2026-05-11T12:56:01
DSIL,2020-08-13,1.7,1.78,1.65,1.66,91500,psxdata,2026-05-11T12:56:01
DSIL,2020-08-17,1.67,1.7,1.65,1.65,36500,psxdata,2026-05-11T12:56:01
DSIL,2020-08-18,1.7,1.79,1.66,1.73,393000,psxdata,2026-05-11T12:56:01
DSIL,2020-08-19,1.78,1.78,1.7,1.71,13000,psxdata,2026-05-11T12:56:01
DSIL,2020-08-20,1.76,1.93,1.7,1.77,306500,psxdata,2026-05-11T12:56:01
DSIL,2020-08-21,1.88,1.88,1.67,1.75,55000,psxdata,2026-05-11T12:56:01
DSIL,2020-08-24,1.8,1.9,1.72,1.84,164500,psxdata,2026-05-11T12:56:01
DSIL,2020-08-25,1.89,1.9,1.75,1.84,173000,psxdata,2026-05-11T12:56:01
DSIL,2020-08-26,1.86,1.89,1.8,1.85,42000,psxdata,2026-05-11T12:56:01
DSIL,2020-08-27,1.9,2.01,1.8,1.94,536000,psxdata,2026-05-11T12:56:01
DSIL,2020-08-28,2.02,2.14,1.85,2.11,885000,psxdata,2026-05-11T12:56:01
DSIL,2020-08-31,2.18,2.73,2.1,2.53,6328500,psxdata,2026-05-11T12:56:01
DSIL,2020-09-01,2.62,2.75,2.52,2.66,3294000,psxdata,2026-05-11T12:56:01
DSIL,2020-09-02,2.79,2.79,2.56,2.6,1482500,psxdata,2026-05-11T12:56:01
DSIL,2020-09-03,2.65,2.8,2.6,2.71,1268500,psxdata,2026-05-11T12:56:01
DSIL,2020-09-04,2.6,2.69,2.52,2.57,452000,psxdata,2026-05-11T12:56:01
DSIL,2020-09-07,2.54,2.69,2.12,2.48,660500,psxdata,2026-05-11T12:56:01
DSIL,2020-09-08,2.45,3.02,2.38,2.65,5197500,psxdata,2026-05-11T12:56:01
DSIL,2020-09-09,2.55,2.87,2.5,2.71,984000,psxdata,2026-05-11T12:56:01
DSIL,2020-09-10,2.8,2.85,2.69,2.72,1136000,psxdata,2026-05-11T12:56:01
DSIL,2020-09-11,2.71,2.95,2.7,2.75,1335000,psxdata,2026-05-11T12:56:01
DSIL,2020-09-14,2.72,2.82,2.66,2.67,551000,psxdata,2026-05-11T12:56:01
DSIL,2020-09-15,2.63,2.67,2.57,2.57,557500,psxdata,2026-05-11T12:56:01
DSIL,2020-09-16,2.62,2.63,2.41,2.54,102000,psxdata,2026-05-11T12:56:01
DSIL,2020-09-17,2.52,2.6,2.48,2.51,303500,psxdata,2026-05-11T12:56:01
DSIL,2020-09-18,2.48,2.53,2.42,2.46,203500,psxdata,2026-05-11T12:56:01
DSIL,2020-09-21,2.46,2.55,2.46,2.51,14500,psxdata,2026-05-11T12:56:01
DSIL,2020-09-22,2.46,2.46,2.3,2.39,234000,psxdata,2026-05-11T12:56:01
DSIL,2020-09-23,2.36,2.48,2.26,2.34,135000,psxdata,2026-05-11T12:56:01
DSIL,2020-09-24,2.33,2.39,2.22,2.32,300000,psxdata,2026-05-11T12:56:01
DSIL,2020-09-25,2.4,2.55,2.27,2.33,57500,psxdata,2026-05-11T12:56:01
DSIL,2020-09-28,2.22,2.3,2.2,2.22,137500,psxdata,2026-05-11T12:56:01
DSIL,2020-09-29,2.17,2.3,2.15,2.19,69500,psxdata,2026-05-11T12:56:01
DSIL,2020-09-30,2.22,2.34,2.15,2.22,34000,psxdata,2026-05-11T12:56:01
DSIL,2020-10-01,2.15,2.2,2.13,2.15,65500,psxdata,2026-05-11T12:56:01
DSIL,2020-10-02,2.2,2.28,2.1,2.1,150500,psxdata,2026-05-11T12:56:01
DSIL,2020-10-05,2.1,2.1,1.92,1.96,77000,psxdata,2026-05-11T12:56:01
DSIL,2020-10-06,1.91,2.14,1.74,2.0,69500,psxdata,2026-05-11T12:56:01
DSIL,2020-10-07,2.01,2.34,1.96,2.3,600500,psxdata,2026-05-11T12:56:01
DSIL,2020-10-08,2.36,2.42,2.1,2.25,423000,psxdata,2026-05-11T12:56:01
DSIL,2020-10-09,2.18,2.5,2.15,2.24,146000,psxdata,2026-05-11T12:56:01
DSIL,2020-10-12,2.33,2.33,2.1,2.17,10000,psxdata,2026-05-11T12:56:01
DSIL,2020-10-13,2.11,2.3,2.11,2.28,47000,psxdata,2026-05-11T12:56:01
DSIL,2020-10-14,2.13,2.26,2.1,2.17,49500,psxdata,2026-05-11T12:56:01
DSIL,2020-10-15,2.12,2.29,2.12,2.23,33000,psxdata,2026-05-11T12:56:01
DSIL,2020-10-16,2.29,2.74,2.29,2.62,1438500,psxdata,2026-05-11T12:56:01
DSIL,2020-10-19,2.8,2.9,2.6,2.81,3623000,psxdata,2026-05-11T12:56:01
DSIL,2020-10-20,2.88,2.88,2.52,2.75,599500,psxdata,2026-05-11T12:56:01
DSIL,2020-10-21,2.67,2.74,2.54,2.6,210500,psxdata,2026-05-11T12:56:01
DSIL,2020-10-22,2.7,2.7,2.5,2.51,76000,psxdata,2026-05-11T12:56:01
DSIL,2020-10-23,2.57,2.65,2.51,2.55,97500,psxdata,2026-05-11T12:56:01
DSIL,2020-10-26,2.5,2.71,2.5,2.58,274500,psxdata,2026-05-11T12:56:01
DSIL,2020-10-27,2.53,2.8,2.49,2.53,386000,psxdata,2026-05-11T12:56:01
DSIL,2020-10-28,2.55,2.65,2.37,2.41,248000,psxdata,2026-05-11T12:56:01
DSIL,2020-10-29,2.36,2.41,2.2,2.31,521000,psxdata,2026-05-11T12:56:01
DSIL,2020-11-02,2.15,2.3,2.03,2.07,555000,psxdata,2026-05-11T12:56:01
DSIL,2020-11-03,2.2,2.29,2.18,2.2,129000,psxdata,2026-05-11T12:56:01
DSIL,2020-11-04,2.35,2.4,2.2,2.22,568500,psxdata,2026-05-11T12:56:01
DSIL,2020-11-05,2.26,2.35,2.19,2.25,12500,psxdata,2026-05-11T12:56:01
DSIL,2020-11-06,2.3,2.31,2.22,2.31,6500,psxdata,2026-05-11T12:56:01
DSIL,2020-11-09,2.35,2.4,2.21,2.29,85000,psxdata,2026-05-11T12:56:01
DSIL,2020-11-10,2.29,2.29,2.21,2.23,59000,psxdata,2026-05-11T12:56:01
DSIL,2020-11-11,2.24,2.26,2.15,2.2,64000,psxdata,2026-05-11T12:56:01
DSIL,2020-11-12,2.29,2.46,2.26,2.3,193000,psxdata,2026-05-11T12:56:01
DSIL,2020-11-13,2.37,2.58,2.34,2.43,1220500,psxdata,2026-05-11T12:56:01
DSIL,2020-11-16,2.49,2.5,2.35,2.4,214500,psxdata,2026-05-11T12:56:01
DSIL,2020-11-17,2.5,2.5,2.2,2.35,150500,psxdata,2026-05-11T12:56:01
DSIL,2020-11-18,2.4,2.4,2.27,2.3,36000,psxdata,2026-05-11T12:56:01
DSIL,2020-11-19,2.3,2.31,2.25,2.3,49500,psxdata,2026-05-11T12:56:01
DSIL,2020-11-20,2.26,2.29,2.22,2.24,73500,psxdata,2026-05-11T12:56:01
DSIL,2020-11-23,2.2,2.24,2.07,2.13,140000,psxdata,2026-05-11T12:56:01
DSIL,2020-11-24,2.09,2.24,2.09,2.2,60500,psxdata,2026-05-11T12:56:01
DSIL,2020-11-25,2.2,2.25,2.15,2.17,108000,psxdata,2026-05-11T12:56:01
DSIL,2020-11-26,2.2,2.27,2.2,2.25,216000,psxdata,2026-05-11T12:56:01
DSIL,2020-11-27,2.25,2.27,2.2,2.2,23000,psxdata,2026-05-11T12:56:01
DSIL,2020-11-30,2.17,2.3,2.16,2.23,28500,psxdata,2026-05-11T12:56:01
DSIL,2020-12-01,2.25,2.34,2.24,2.25,221000,psxdata,2026-05-11T12:56:01
DSIL,2020-12-02,2.22,2.34,2.2,2.26,88500,psxdata,2026-05-11T12:56:01
DSIL,2020-12-03,2.25,2.34,2.23,2.25,189000,psxdata,2026-05-11T12:56:01
DSIL,2020-12-04,2.3,2.34,2.19,2.23,523000,psxdata,2026-05-11T12:56:01
DSIL,2020-12-07,2.29,2.29,2.21,2.23,13500,psxdata,2026-05-11T12:56:01
DSIL,2020-12-08,2.21,2.3,2.2,2.22,96000,psxdata,2026-05-11T12:56:01
DSIL,2020-12-09,2.24,2.3,2.24,2.28,27500,psxdata,2026-05-11T12:56:01
DSIL,2020-12-10,2.24,2.3,2.2,2.22,43000,psxdata,2026-05-11T12:56:01
DSIL,2020-12-11,2.21,2.21,2.15,2.2,597500,psxdata,2026-05-11T12:56:01
DSIL,2020-12-14,2.2,2.28,2.15,2.25,400000,psxdata,2026-05-11T12:56:01
DSIL,2020-12-15,2.24,2.29,2.24,2.25,147000,psxdata,2026-05-11T12:56:01
DSIL,2020-12-16,2.18,2.34,2.18,2.23,226500,psxdata,2026-05-11T12:56:01
DSIL,2020-12-17,2.3,2.38,2.23,2.32,307500,psxdata,2026-05-11T12:56:01
DSIL,2020-12-18,2.3,2.37,2.24,2.32,258500,psxdata,2026-05-11T12:56:01
DSIL,2020-12-21,2.27,2.37,2.27,2.34,140000,psxdata,2026-05-11T12:56:01
DSIL,2020-12-22,2.38,2.63,2.3,2.51,1323000,psxdata,2026-05-11T12:56:01
DSIL,2020-12-23,2.47,2.84,2.47,2.76,1705500,psxdata,2026-05-11T12:56:01
DSIL,2020-12-24,2.83,3.2,2.78,3.14,3794000,psxdata,2026-05-11T12:56:01
DSIL,2020-12-28,3.25,3.7,3.21,3.43,7223500,psxdata,2026-05-11T12:56:01
DSIL,2020-12-29,3.55,3.55,3.2,3.25,3495500,psxdata,2026-05-11T12:56:01
DSIL,2020-12-30,3.25,3.63,3.21,3.51,2628500,psxdata,2026-05-11T12:56:01
DSIL,2020-12-31,3.51,3.65,3.23,3.29,809500,psxdata,2026-05-11T12:56:01
DSIL,2021-01-01,3.23,3.42,3.15,3.33,1336500,psxdata,2026-05-11T12:56:01
DSIL,2021-01-04,3.26,3.49,3.21,3.25,696000,psxdata,2026-05-11T12:56:01
DSIL,2021-01-05,3.21,3.44,3.15,3.28,775000,psxdata,2026-05-11T12:56:01
DSIL,2021-01-06,3.22,3.4,3.2,3.27,708000,psxdata,2026-05-11T12:56:01
DSIL,2021-01-07,3.39,3.39,3.18,3.2,335000,psxdata,2026-05-11T12:56:01
DSIL,2021-01-08,3.35,3.4,3.24,3.25,513000,psxdata,2026-05-11T12:56:01
DSIL,2021-01-11,3.25,3.25,3.06,3.12,1043000,psxdata,2026-05-11T12:56:01
DSIL,2021-01-12,3.13,3.32,3.1,3.21,277000,psxdata,2026-05-11T12:56:01
DSIL,2021-01-13,3.27,3.28,3.15,3.22,217000,psxdata,2026-05-11T12:56:01
DSIL,2021-01-14,3.28,3.94,3.28,3.76,9014000,psxdata,2026-05-11T12:56:01
DSIL,2021-01-15,3.7,3.72,3.49,3.56,1438500,psxdata,2026-05-11T12:56:01
DSIL,2021-01-18,3.56,3.58,3.4,3.43,223500,psxdata,2026-05-11T12:56:01
DSIL,2021-01-19,3.4,3.52,3.35,3.44,657500,psxdata,2026-05-11T12:56:01
DSIL,2021-01-20,3.41,3.48,3.31,3.35,229000,psxdata,2026-05-11T12:56:01
DSIL,2021-01-21,3.35,3.5,3.31,3.4,700500,psxdata,2026-05-11T12:56:01
DSIL,2021-01-22,3.41,3.44,3.3,3.34,372000,psxdata,2026-05-11T12:56:01
DSIL,2021-01-25,3.4,3.4,3.3,3.31,251000,psxdata,2026-05-11T12:56:01
DSIL,2021-01-26,3.4,3.4,3.18,3.22,476000,psxdata,2026-05-11T12:56:01
DSIL,2021-01-27,3.2,3.29,3.11,3.18,520500,psxdata,2026-05-11T12:56:01
DSIL,2021-01-28,3.2,3.25,3.1,3.16,374500,psxdata,2026-05-11T12:56:01
DSIL,2021-01-29,3.16,3.2,3.05,3.15,314500,psxdata,2026-05-11T12:56:01
DSIL,2021-02-01,3.2,3.29,3.16,3.19,357000,psxdata,2026-05-11T12:56:01
DSIL,2021-02-02,3.11,3.25,3.1,3.19,310000,psxdata,2026-05-11T12:56:01
DSIL,2021-02-03,3.16,3.39,3.15,3.31,770000,psxdata,2026-05-11T12:56:01
DSIL,2021-02-04,3.41,3.41,3.24,3.38,135500,psxdata,2026-05-11T12:56:01
DSIL,2021-02-08,3.38,3.39,3.2,3.32,47000,psxdata,2026-05-11T12:56:01
DSIL,2021-02-09,3.44,3.5,3.25,3.46,383000,psxdata,2026-05-11T12:56:01
DSIL,2021-02-10,3.32,3.78,3.32,3.63,1401000,psxdata,2026-05-11T12:56:01
DSIL,2021-02-11,3.65,3.85,3.4,3.46,658000,psxdata,2026-05-11T12:56:01
DSIL,2021-02-12,3.31,3.6,3.16,3.25,423500,psxdata,2026-05-11T12:56:01
DSIL,2021-02-15,3.3,3.36,3.25,3.26,164500,psxdata,2026-05-11T12:56:01
DSIL,2021-02-16,3.25,3.35,3.22,3.34,182000,psxdata,2026-05-11T12:56:01
DSIL,2021-02-17,3.41,3.41,3.27,3.28,218000,psxdata,2026-05-11T12:56:01
DSIL,2021-02-18,3.29,3.4,3.28,3.29,82500,psxdata,2026-05-11T12:56:01
DSIL,2021-02-19,3.37,3.79,3.36,3.39,227500,psxdata,2026-05-11T12:56:01
DSIL,2021-02-22,3.5,3.5,3.36,3.43,245000,psxdata,2026-05-11T12:56:01
DSIL,2021-02-23,3.53,3.77,3.33,3.6,1817000,psxdata,2026-05-11T12:56:01
DSIL,2021-02-24,3.64,4.13,3.5,3.72,4545000,psxdata,2026-05-11T12:56:01
DSIL,2021-02-25,3.98,4.05,3.7,3.72,1340000,psxdata,2026-05-11T12:56:01
DSIL,2021-02-26,3.96,4.0,3.58,3.73,1686000,psxdata,2026-05-11T12:56:01
DSIL,2021-03-01,3.62,3.66,3.51,3.59,155500,psxdata,2026-05-11T12:56:01
DSIL,2021-03-02,3.46,3.7,3.46,3.69,101500,psxdata,2026-05-11T12:56:01
DSIL,2021-03-03,3.7,3.75,3.6,3.63,139500,psxdata,2026-05-11T12:56:01
DSIL,2021-03-04,3.51,3.6,3.3,3.36,451000,psxdata,2026-05-11T12:56:01
DSIL,2021-03-05,3.32,3.54,3.3,3.35,64500,psxdata,2026-05-11T12:56:01
DSIL,2021-03-08,3.42,3.6,3.4,3.41,118500,psxdata,2026-05-11T12:56:01
DSIL,2021-03-09,3.35,3.37,3.02,3.07,553500,psxdata,2026-05-11T12:56:01
DSIL,2021-03-10,3.07,3.25,3.0,3.1,568500,psxdata,2026-05-11T12:56:01
DSIL,2021-03-11,3.28,3.28,2.95,2.98,345500,psxdata,2026-05-11T12:56:01
DSIL,2021-03-12,3.36,3.39,2.99,3.21,388500,psxdata,2026-05-11T12:56:01
DSIL,2021-03-15,3.4,3.5,3.25,3.47,368000,psxdata,2026-05-11T12:56:01
DSIL,2021-03-16,3.5,3.55,3.3,3.44,199000,psxdata,2026-05-11T12:56:01
DSIL,2021-03-17,3.44,3.7,3.44,3.53,387500,psxdata,2026-05-11T12:56:01
DSIL,2021-03-18,3.36,3.45,3.3,3.4,370500,psxdata,2026-05-11T12:56:01
DSIL,2021-03-19,3.3,3.47,3.27,3.33,142500,psxdata,2026-05-11T12:56:01
DSIL,2021-03-22,3.21,3.46,3.16,3.33,43500,psxdata,2026-05-11T12:56:01
DSIL,2021-03-24,3.27,3.39,3.25,3.26,49000,psxdata,2026-05-11T12:56:01
DSIL,2021-03-25,3.38,3.4,3.25,3.29,179000,psxdata,2026-05-11T12:56:01
DSIL,2021-03-26,3.25,3.34,3.2,3.25,69500,psxdata,2026-05-11T12:56:01
DSIL,2021-03-29,3.21,3.25,2.7,2.85,538500,psxdata,2026-05-11T12:56:01
DSIL,2021-03-30,2.85,2.97,2.75,2.88,34000,psxdata,2026-05-11T12:56:01
DSIL,2021-03-31,3.0,3.1,2.85,2.9,143500,psxdata,2026-05-11T12:56:01
DSIL,2021-04-01,2.79,3.0,2.79,2.88,228000,psxdata,2026-05-11T12:56:01
DSIL,2021-04-02,2.96,3.19,2.71,2.98,99500,psxdata,2026-05-11T12:56:01
DSIL,2021-04-05,2.98,2.98,2.75,2.81,89000,psxdata,2026-05-11T12:56:01
DSIL,2021-04-06,2.7,2.85,2.7,2.81,34000,psxdata,2026-05-11T12:56:01
DSIL,2021-04-07,2.88,2.88,2.73,2.8,86500,psxdata,2026-05-11T12:56:01
DSIL,2021-04-08,2.8,2.87,2.7,2.7,201500,psxdata,2026-05-11T12:56:01
DSIL,2021-04-09,2.76,2.89,2.7,2.71,92000,psxdata,2026-05-11T12:56:01
DSIL,2021-04-12,2.85,2.85,2.66,2.74,117000,psxdata,2026-05-11T12:56:01
DSIL,2021-04-13,2.7,2.8,2.68,2.7,53500,psxdata,2026-05-11T12:56:01
DSIL,2021-04-14,2.85,2.85,2.65,2.68,161000,psxdata,2026-05-11T12:56:01
DSIL,2021-04-15,2.79,2.8,2.75,2.78,225500,psxdata,2026-05-11T12:56:01
DSIL,2021-04-16,2.85,2.89,2.76,2.8,91500,psxdata,2026-05-11T12:56:01
DSIL,2021-04-20,2.71,2.8,2.68,2.7,213000,psxdata,2026-05-11T12:56:01
DSIL,2021-04-21,2.66,2.78,2.55,2.59,144500,psxdata,2026-05-11T12:56:01
DSIL,2021-04-22,2.62,2.63,2.5,2.53,149000,psxdata,2026-05-11T12:56:01
DSIL,2021-04-23,2.35,2.7,2.35,2.61,128000,psxdata,2026-05-11T12:56:01
DSIL,2021-04-26,2.5,2.8,2.5,2.65,50000,psxdata,2026-05-11T12:56:01
DSIL,2021-04-27,2.75,2.75,2.62,2.72,16000,psxdata,2026-05-11T12:56:01
DSIL,2021-04-28,2.7,2.7,2.5,2.52,101000,psxdata,2026-05-11T12:56:01
DSIL,2021-04-29,2.52,2.54,2.41,2.44,51500,psxdata,2026-05-11T12:56:01
DSIL,2021-04-30,2.43,2.5,2.43,2.45,18500,psxdata,2026-05-11T12:56:01
DSIL,2021-05-03,2.35,2.4,2.1,2.4,11500,psxdata,2026-05-11T12:56:01
DSIL,2021-05-04,2.4,2.4,2.35,2.4,7500,psxdata,2026-05-11T12:56:01
DSIL,2021-05-05,2.43,2.59,2.42,2.5,14000,psxdata,2026-05-11T12:56:01
DSIL,2021-05-06,2.41,2.58,2.41,2.55,3000,psxdata,2026-05-11T12:56:01
DSIL,2021-05-17,2.55,2.65,2.55,2.65,57000,psxdata,2026-05-11T12:56:01
DSIL,2021-05-18,2.5,2.6,2.5,2.56,100000,psxdata,2026-05-11T12:56:01
DSIL,2021-05-19,2.55,2.59,2.51,2.55,130000,psxdata,2026-05-11T12:56:01
DSIL,2021-05-20,2.55,2.73,2.55,2.6,817000,psxdata,2026-05-11T12:56:01
DSIL,2021-05-21,2.6,2.98,2.6,2.9,2043000,psxdata,2026-05-11T12:56:01
DSIL,2021-05-24,3.01,3.35,3.0,3.3,2388000,psxdata,2026-05-11T12:56:01
DSIL,2021-05-25,3.38,3.38,3.1,3.18,306500,psxdata,2026-05-11T12:56:01
DSIL,2021-05-26,3.32,3.43,3.18,3.34,856000,psxdata,2026-05-11T12:56:01
DSIL,2021-05-27,3.3,3.52,3.27,3.28,794000,psxdata,2026-05-11T12:56:01
DSIL,2021-05-28,3.2,3.5,3.2,3.32,772500,psxdata,2026-05-11T12:56:01
DSIL,2021-05-31,3.26,3.44,3.2,3.39,968000,psxdata,2026-05-11T12:56:01
DSIL,2021-06-01,3.45,4.12,3.32,4.08,7320500,psxdata,2026-05-11T12:56:01
DSIL,2021-06-02,4.19,4.33,3.8,4.02,2294000,psxdata,2026-05-11T12:56:01
DSIL,2021-06-03,4.1,4.3,3.85,3.99,1546500,psxdata,2026-05-11T12:56:01
DSIL,2021-06-04,3.81,4.05,3.77,3.83,1203500,psxdata,2026-05-11T12:56:01
DSIL,2021-06-07,3.7,3.82,3.61,3.69,883500,psxdata,2026-05-11T12:56:01
DSIL,2021-06-08,3.7,3.79,3.55,3.67,434000,psxdata,2026-05-11T12:56:01
DSIL,2021-06-09,3.63,3.7,3.56,3.59,108500,psxdata,2026-05-11T12:56:01
DSIL,2021-06-10,3.65,3.82,3.5,3.79,512500,psxdata,2026-05-11T12:56:01
DSIL,2021-06-11,3.99,4.18,3.9,3.96,2504500,psxdata,2026-05-11T12:56:01
DSIL,2021-06-14,4.23,4.26,3.9,4.02,2252000,psxdata,2026-05-11T12:56:01
DSIL,2021-06-15,3.91,4.0,3.81,3.86,260500,psxdata,2026-05-11T12:56:01
DSIL,2021-06-16,3.95,4.4,3.86,4.36,4434000,psxdata,2026-05-11T12:56:01
DSIL,2021-06-17,4.4,4.4,4.0,4.05,1607500,psxdata,2026-05-11T12:56:01
DSIL,2021-06-18,4.1,4.2,3.98,4.02,352000,psxdata,2026-05-11T12:56:01
DSIL,2021-06-21,3.9,4.1,3.9,3.91,420000,psxdata,2026-05-11T12:56:01
DSIL,2021-06-22,4.0,4.0,3.79,3.82,176000,psxdata,2026-05-11T12:56:01
DSIL,2021-06-23,3.8,3.99,3.53,3.8,228500,psxdata,2026-05-11T12:56:01
DSIL,2021-06-24,3.85,4.14,3.7,3.94,1122000,psxdata,2026-05-11T12:56:01
DSIL,2021-06-25,4.04,4.2,3.9,3.98,1178000,psxdata,2026-05-11T12:56:01
DSIL,2021-06-28,4.1,4.43,4.0,4.13,3328500,psxdata,2026-05-11T12:56:01
DSIL,2021-06-29,4.24,4.38,4.1,4.25,1795500,psxdata,2026-05-11T12:56:01
DSIL,2021-06-30,4.35,4.83,4.3,4.51,6989500,psxdata,2026-05-11T12:56:01
DSIL,2021-07-01,4.64,4.85,4.55,4.59,5046500,psxdata,2026-05-11T12:56:01
DSIL,2021-07-02,4.62,4.81,4.4,4.49,1882500,psxdata,2026-05-11T12:56:01
DSIL,2021-07-05,4.5,4.6,4.25,4.3,1913000,psxdata,2026-05-11T12:56:01
DSIL,2021-07-06,4.4,4.66,4.3,4.37,3030500,psxdata,2026-05-11T12:56:01
DSIL,2021-07-07,4.31,4.67,4.31,4.45,2390500,psxdata,2026-05-11T12:56:01
DSIL,2021-07-08,4.51,4.79,4.5,4.58,4126500,psxdata,2026-05-11T12:56:01
DSIL,2021-07-09,4.69,5.01,4.52,4.68,9693000,psxdata,2026-05-11T12:56:01
DSIL,2021-07-12,4.75,4.83,4.48,4.53,1931000,psxdata,2026-05-11T12:56:01
DSIL,2021-07-13,4.59,4.59,4.31,4.36,849000,psxdata,2026-05-11T12:56:01
DSIL,2021-07-14,4.36,4.43,4.25,4.27,965000,psxdata,2026-05-11T12:56:01
DSIL,2021-07-15,4.17,4.39,4.17,4.27,1805500,psxdata,2026-05-11T12:56:01
DSIL,2021-07-16,4.35,4.5,4.33,4.38,494000,psxdata,2026-05-11T12:56:01
DSIL,2021-07-19,4.35,4.46,4.28,4.33,747500,psxdata,2026-05-11T12:56:01
DSIL,2021-07-23,4.6,4.6,4.26,4.32,340000,psxdata,2026-05-11T12:56:01
DSIL,2021-07-26,4.28,4.4,4.28,4.3,141000,psxdata,2026-05-11T12:56:01
DSIL,2021-07-27,4.38,4.55,4.25,4.27,1419500,psxdata,2026-05-11T12:56:01
DSIL,2021-07-28,4.27,4.36,4.05,4.14,892500,psxdata,2026-05-11T12:56:01
DSIL,2021-07-29,4.1,4.1,3.91,4.02,416500,psxdata,2026-05-11T12:56:01
DSIL,2021-07-30,4.19,4.19,3.9,3.93,516500,psxdata,2026-05-11T12:56:01
DSIL,2021-08-02,3.9,4.05,3.9,4.02,126500,psxdata,2026-05-11T12:56:01
DSIL,2021-08-03,4.01,4.31,4.01,4.21,505000,psxdata,2026-05-11T12:56:01
DSIL,2021-08-04,4.16,4.29,4.03,4.06,365500,psxdata,2026-05-11T12:56:01
DSIL,2021-08-05,4.16,4.4,4.01,4.34,940500,psxdata,2026-05-11T12:56:01
DSIL,2021-08-06,4.34,4.68,4.3,4.33,1735000,psxdata,2026-05-11T12:56:01
DSIL,2021-08-09,4.35,4.35,4.07,4.1,146000,psxdata,2026-05-11T12:56:01
DSIL,2021-08-10,4.1,4.23,3.92,4.21,408500,psxdata,2026-05-11T12:56:01
DSIL,2021-08-11,4.25,4.33,4.21,4.3,532500,psxdata,2026-05-11T12:56:01
DSIL,2021-08-12,4.35,4.39,4.2,4.37,779000,psxdata,2026-05-11T12:56:01
DSIL,2021-08-13,4.4,4.55,4.31,4.49,1062000,psxdata,2026-05-11T12:56:01
DSIL,2021-08-16,4.22,4.5,4.22,4.5,816500,psxdata,2026-05-11T12:56:01
DSIL,2021-08-17,4.5,4.8,4.5,4.6,812500,psxdata,2026-05-11T12:56:01
DSIL,2021-08-20,4.45,4.66,4.4,4.6,203500,psxdata,2026-05-11T12:56:01
DSIL,2021-08-23,4.55,4.8,4.52,4.62,479500,psxdata,2026-05-11T12:56:01
DSIL,2021-08-24,4.66,4.9,4.58,4.86,1764500,psxdata,2026-05-11T12:56:01
DSIL,2021-08-25,4.9,5.25,4.9,5.14,4780500,psxdata,2026-05-11T12:56:01
DSIL,2021-08-26,5.05,5.53,5.05,5.13,4091000,psxdata,2026-05-11T12:56:01
DSIL,2021-08-27,5.1,5.2,4.86,5.01,1248500,psxdata,2026-05-11T12:56:01
DSIL,2021-08-30,5.15,5.15,4.96,5.01,1056500,psxdata,2026-05-11T12:56:01
DSIL,2021-08-31,5.15,5.27,5.0,5.07,1088500,psxdata,2026-05-11T12:56:01
DSIL,2021-09-01,5.2,5.28,5.1,5.19,484500,psxdata,2026-05-11T12:56:01
DSIL,2021-09-02,5.23,5.58,5.15,5.37,3761500,psxdata,2026-05-11T12:56:01
DSIL,2021-09-03,5.45,5.54,5.13,5.23,505500,psxdata,2026-05-11T12:56:01
DSIL,2021-09-06,5.23,6.05,5.23,5.56,8111500,psxdata,2026-05-11T12:56:01
DSIL,2021-09-07,5.77,5.77,5.1,5.18,2104000,psxdata,2026-05-11T12:56:01
DSIL,2021-09-08,5.29,5.39,5.1,5.17,790000,psxdata,2026-05-11T12:56:01
DSIL,2021-09-09,5.35,5.35,5.06,5.1,407500,psxdata,2026-05-11T12:56:01
DSIL,2021-09-10,5.06,5.11,4.75,4.93,536000,psxdata,2026-05-11T12:56:01
DSIL,2021-09-13,4.9,5.08,4.6,4.74,404500,psxdata,2026-05-11T12:56:01
DSIL,2021-09-14,4.74,5.1,4.0,5.0,1442500,psxdata,2026-05-11T12:56:01
DSIL,2021-09-15,5.01,5.25,4.75,5.18,2215500,psxdata,2026-05-11T12:56:01
DSIL,2021-09-16,5.2,5.33,5.13,5.26,1006000,psxdata,2026-05-11T12:56:01
DSIL,2021-09-17,5.16,5.3,5.0,5.21,892500,psxdata,2026-05-11T12:56:01
DSIL,2021-09-20,5.07,5.2,5.07,5.12,99500,psxdata,2026-05-11T12:56:01
DSIL,2021-09-21,5.29,5.39,5.14,5.3,1293500,psxdata,2026-05-11T12:56:01
DSIL,2021-09-22,5.3,5.67,5.0,5.4,3944000,psxdata,2026-05-11T12:56:01
DSIL,2021-09-23,5.35,5.58,5.05,5.12,1585000,psxdata,2026-05-11T12:56:01
DSIL,2021-09-24,5.2,5.22,5.05,5.19,1249500,psxdata,2026-05-11T12:56:01
DSIL,2021-09-27,5.21,5.21,4.97,5.06,345500,psxdata,2026-05-11T12:56:01
DSIL,2021-09-28,5.24,5.25,4.87,5.2,377500,psxdata,2026-05-11T12:56:01
DSIL,2021-09-29,5.3,5.3,4.86,5.12,415000,psxdata,2026-05-11T12:56:01
DSIL,2021-09-30,5.0,5.2,5.0,5.03,492000,psxdata,2026-05-11T12:56:01
DSIL,2021-10-01,5.02,5.18,5.01,5.12,202000,psxdata,2026-05-11T12:56:01
DSIL,2021-10-04,5.15,5.25,5.04,5.21,673000,psxdata,2026-05-11T12:56:01
DSIL,2021-10-05,5.21,5.31,5.07,5.27,531000,psxdata,2026-05-11T12:56:01
DSIL,2021-10-06,5.32,5.32,5.0,5.06,200000,psxdata,2026-05-11T12:56:01
DSIL,2021-10-07,4.87,5.2,4.87,4.98,1495500,psxdata,2026-05-11T12:56:01
DSIL,2021-10-08,4.92,5.04,4.5,4.65,462000,psxdata,2026-05-11T12:56:01
DSIL,2021-10-11,4.64,4.64,4.2,4.3,247000,psxdata,2026-05-11T12:56:01
DSIL,2021-10-12,4.26,4.26,4.1,4.15,224500,psxdata,2026-05-11T12:56:01
DSIL,2021-10-13,4.25,4.3,4.0,4.02,287500,psxdata,2026-05-11T12:56:01
DSIL,2021-10-14,4.09,4.39,3.92,4.36,339500,psxdata,2026-05-11T12:56:01
DSIL,2021-10-15,4.48,4.55,4.23,4.51,81000,psxdata,2026-05-11T12:56:01
DSIL,2021-10-18,4.49,4.78,4.35,4.64,447000,psxdata,2026-05-11T12:56:01
DSIL,2021-10-20,4.51,4.79,4.5,4.71,91000,psxdata,2026-05-11T12:56:01
DSIL,2021-10-21,4.55,4.86,4.53,4.74,189000,psxdata,2026-05-11T12:56:01
DSIL,2021-10-22,4.41,4.8,4.41,4.78,343000,psxdata,2026-05-11T12:56:01
DSIL,2021-10-25,4.21,4.75,4.21,4.75,16500,psxdata,2026-05-11T12:56:01
DSIL,2021-10-26,4.78,4.79,4.6,4.76,83000,psxdata,2026-05-11T12:56:01
DSIL,2021-10-27,4.65,4.95,4.65,4.95,8500,psxdata,2026-05-11T12:56:01
DSIL,2021-10-28,4.9,5.12,4.79,5.07,265000,psxdata,2026-05-11T12:56:01
DSIL,2021-10-29,5.1,5.12,4.95,5.0,38000,psxdata,2026-05-11T12:56:01
DSIL,2021-11-01,5.18,5.18,4.2,4.55,433000,psxdata,2026-05-11T12:56:01
DSIL,2021-11-02,4.55,4.98,4.55,4.63,428500,psxdata,2026-05-11T12:56:01
DSIL,2021-11-03,4.7,5.0,4.63,5.0,656500,psxdata,2026-05-11T12:56:01
DSIL,2021-11-04,5.0,5.32,5.0,5.16,1794000,psxdata,2026-05-11T12:56:01
DSIL,2021-11-05,5.3,5.46,5.1,5.2,1492000,psxdata,2026-05-11T12:56:01
DSIL,2021-11-08,5.24,5.31,4.32,5.14,1393000,psxdata,2026-05-11T12:56:01
DSIL,2021-11-09,4.88,5.0,4.8,4.92,96500,psxdata,2026-05-11T12:56:01
DSIL,2021-11-10,5.0,5.0,4.71,4.75,141500,psxdata,2026-05-11T12:56:01
DSIL,2021-11-11,4.75,4.85,4.61,4.78,397500,psxdata,2026-05-11T12:56:01
DSIL,2021-11-12,4.8,5.15,4.8,5.05,1107000,psxdata,2026-05-11T12:56:01
DSIL,2021-11-15,5.05,5.1,4.99,5.0,152500,psxdata,2026-05-11T12:56:01
DSIL,2021-11-16,5.0,5.09,4.99,5.0,145000,psxdata,2026-05-11T12:56:01
DSIL,2021-11-17,4.95,5.05,4.93,5.0,125000,psxdata,2026-05-11T12:56:01
DSIL,2021-11-18,5.05,5.09,4.85,5.01,109000,psxdata,2026-05-11T12:56:01
DSIL,2021-11-19,5.1,5.25,5.0,5.17,1111000,psxdata,2026-05-11T12:56:01
DSIL,2021-11-22,5.02,5.08,4.9,4.97,135500,psxdata,2026-05-11T12:56:01
DSIL,2021-11-23,4.85,5.03,4.85,4.98,308000,psxdata,2026-05-11T12:56:01
DSIL,2021-11-24,4.85,5.0,4.81,4.9,157500,psxdata,2026-05-11T12:56:01
DSIL,2021-11-25,4.99,5.0,4.82,4.87,80000,psxdata,2026-05-11T12:56:01
DSIL,2021-11-26,4.85,5.12,4.8,5.02,347000,psxdata,2026-05-11T12:56:01
DSIL,2021-11-29,4.64,5.05,4.63,5.02,30000,psxdata,2026-05-11T12:56:01
DSIL,2021-11-30,4.9,5.02,4.9,4.99,46000,psxdata,2026-05-11T12:56:01
DSIL,2021-12-01,4.96,5.15,4.96,5.0,18500,psxdata,2026-05-11T12:56:01
DSIL,2021-12-02,4.92,5.0,4.46,4.64,892000,psxdata,2026-05-11T12:56:01
DSIL,2021-12-03,4.88,5.0,4.65,4.88,1869500,psxdata,2026-05-11T12:56:01
DSIL,2021-12-06,4.88,4.93,4.78,4.9,19500,psxdata,2026-05-11T12:56:01
DSIL,2021-12-07,4.8,4.95,4.8,4.82,483500,psxdata,2026-05-11T12:56:01
DSIL,2021-12-08,4.8,4.89,4.77,4.81,143000,psxdata,2026-05-11T12:56:01
DSIL,2021-12-09,4.8,4.88,4.5,4.52,1211000,psxdata,2026-05-11T12:56:01
DSIL,2021-12-10,4.4,4.68,4.26,4.59,649000,psxdata,2026-05-11T12:56:01
DSIL,2021-12-13,4.58,4.58,4.32,4.42,17000,psxdata,2026-05-11T12:56:01
DSIL,2021-12-14,4.42,4.56,4.31,4.41,235000,psxdata,2026-05-11T12:56:01
DSIL,2021-12-15,4.63,4.9,4.51,4.88,258500,psxdata,2026-05-11T12:56:01
DSIL,2021-12-16,4.96,4.96,4.7,4.89,62500,psxdata,2026-05-11T12:56:01
DSIL,2021-12-17,4.76,5.15,4.76,5.12,1786000,psxdata,2026-05-11T12:56:01
DSIL,2021-12-20,4.92,5.23,4.92,5.2,91500,psxdata,2026-05-11T12:56:01
DSIL,2021-12-21,5.2,5.79,5.2,5.68,1898500,psxdata,2026-05-11T12:56:01
DSIL,2021-12-22,5.85,6.05,5.7,5.79,2899000,psxdata,2026-05-11T12:56:01
DSIL,2021-12-23,5.84,5.93,5.7,5.74,1516500,psxdata,2026-05-11T12:56:01
DSIL,2021-12-24,5.74,5.9,5.7,5.83,785000,psxdata,2026-05-11T12:56:01
DSIL,2021-12-27,5.9,6.1,5.68,5.93,1877500,psxdata,2026-05-11T12:56:01
DSIL,2021-12-28,5.97,6.0,5.85,5.94,374000,psxdata,2026-05-11T12:56:01
DSIL,2021-12-29,5.94,6.55,5.81,6.24,10602500,psxdata,2026-05-11T12:56:01
DSIL,2021-12-30,6.26,6.4,6.11,6.22,661500,psxdata,2026-05-11T12:56:01
DSIL,2021-12-31,6.02,6.37,5.83,6.2,457500,psxdata,2026-05-11T12:56:01
DSIL,2022-01-03,6.21,6.34,6.15,6.19,350500,psxdata,2026-05-11T12:56:01
DSIL,2022-01-04,6.19,6.6,6.19,6.43,3303500,psxdata,2026-05-11T12:56:01
DSIL,2022-01-05,6.54,7.18,6.52,7.15,3676000,psxdata,2026-05-11T12:56:01
DSIL,2022-01-06,7.02,7.38,6.85,7.17,2551500,psxdata,2026-05-11T12:56:01
DSIL,2022-01-07,7.21,8.0,7.2,7.91,3680500,psxdata,2026-05-11T12:56:01
DSIL,2022-01-10,8.0,8.38,7.75,8.22,4351000,psxdata,2026-05-11T12:56:01
DSIL,2022-01-11,8.25,8.43,8.2,8.35,3058000,psxdata,2026-05-11T12:56:01
DSIL,2022-01-12,8.25,8.55,8.23,8.4,2934000,psxdata,2026-05-11T12:56:01
DSIL,2022-01-13,8.2,8.51,8.11,8.47,2083500,psxdata,2026-05-11T12:56:01
DSIL,2022-01-14,8.59,8.82,8.47,8.59,3428500,psxdata,2026-05-11T12:56:01
DSIL,2022-01-17,8.55,8.67,8.26,8.6,1629500,psxdata,2026-05-11T12:56:01
DSIL,2022-01-18,8.58,8.75,8.45,8.6,1289000,psxdata,2026-05-11T12:56:01
DSIL,2022-01-19,8.69,8.85,8.35,8.4,2067500,psxdata,2026-05-11T12:56:01
DSIL,2022-01-20,8.05,8.47,8.05,8.41,711000,psxdata,2026-05-11T12:56:01
DSIL,2022-01-21,8.31,8.6,8.06,8.35,1222000,psxdata,2026-05-11T12:56:01
DSIL,2022-01-24,8.31,8.38,7.4,7.58,1325500,psxdata,2026-05-11T12:56:01
DSIL,2022-01-25,7.79,7.79,6.58,6.58,2968000,psxdata,2026-05-11T12:56:01
DSIL,2022-01-26,6.25,6.85,5.87,6.51,3542000,psxdata,2026-05-11T12:56:01
DSIL,2022-01-27,6.63,6.87,6.25,6.73,736500,psxdata,2026-05-11T12:56:01
DSIL,2022-01-28,6.97,7.2,6.76,7.05,3389000,psxdata,2026-05-11T12:56:01
DSIL,2022-01-31,6.93,7.28,6.56,6.83,1166500,psxdata,2026-05-11T12:56:01
DSIL,2022-02-01,6.98,6.98,6.55,6.6,340500,psxdata,2026-05-11T12:56:01
DSIL,2022-02-02,6.84,6.84,6.55,6.62,259500,psxdata,2026-05-11T12:56:01
DSIL,2022-02-03,6.7,6.8,6.55,6.68,493000,psxdata,2026-05-11T12:56:01
DSIL,2022-02-04,6.73,6.73,6.4,6.44,189500,psxdata,2026-05-11T12:56:01
DSIL,2022-02-07,6.36,6.59,6.3,6.53,165500,psxdata,2026-05-11T12:56:01
DSIL,2022-02-08,6.45,6.62,6.42,6.55,97000,psxdata,2026-05-11T12:56:01
DSIL,2022-02-09,6.58,6.77,6.5,6.7,371500,psxdata,2026-05-11T12:56:01
DSIL,2022-02-10,6.7,6.99,6.62,6.76,2063500,psxdata,2026-05-11T12:56:01
DSIL,2022-02-11,6.8,6.85,6.52,6.63,138000,psxdata,2026-05-11T12:56:01
DSIL,2022-02-14,6.63,6.65,6.47,6.5,508000,psxdata,2026-05-11T12:56:01
DSIL,2022-02-15,6.4,6.52,6.33,6.45,417000,psxdata,2026-05-11T12:56:01
DSIL,2022-02-16,6.43,6.54,6.4,6.5,44000,psxdata,2026-05-11T12:56:01
DSIL,2022-02-17,6.5,6.6,6.35,6.36,510000,psxdata,2026-05-11T12:56:01
DSIL,2022-02-18,6.5,6.59,6.4,6.53,118000,psxdata,2026-05-11T12:56:01
DSIL,2022-02-21,6.5,6.63,6.37,6.47,137500,psxdata,2026-05-11T12:56:01
DSIL,2022-02-22,6.35,6.5,6.2,6.39,199000,psxdata,2026-05-11T12:56:01
DSIL,2022-02-23,6.25,6.39,6.2,6.33,405500,psxdata,2026-05-11T12:56:01
DSIL,2022-02-24,6.25,6.27,5.7,5.8,1436000,psxdata,2026-05-11T12:56:01
DSIL,2022-02-25,5.99,6.24,5.95,6.0,319500,psxdata,2026-05-11T12:56:01
DSIL,2022-02-28,5.95,6.03,5.41,6.02,112500,psxdata,2026-05-11T12:56:01
DSIL,2022-03-01,6.02,6.5,5.85,6.37,2137000,psxdata,2026-05-11T12:56:01
DSIL,2022-03-02,6.3,6.3,5.7,5.79,799000,psxdata,2026-05-11T12:56:01
DSIL,2022-03-03,6.0,6.2,5.5,5.72,869000,psxdata,2026-05-11T12:56:01
DSIL,2022-03-04,5.85,5.89,5.6,5.7,195500,psxdata,2026-05-11T12:56:01
DSIL,2022-03-07,5.62,5.63,5.26,5.31,215500,psxdata,2026-05-11T12:56:01
DSIL,2022-03-08,5.25,5.65,5.25,5.53,135500,psxdata,2026-05-11T12:56:01
DSIL,2022-03-09,5.79,5.79,5.55,5.56,22500,psxdata,2026-05-11T12:56:01
DSIL,2022-03-10,5.5,6.1,5.5,5.89,625500,psxdata,2026-05-11T12:56:01
DSIL,2022-03-11,5.8,5.9,5.73,5.79,63000,psxdata,2026-05-11T12:56:01
DSIL,2022-03-14,5.7,5.7,5.4,5.47,144000,psxdata,2026-05-11T12:56:01
DSIL,2022-03-15,5.5,5.74,5.4,5.6,123000,psxdata,2026-05-11T12:56:01
DSIL,2022-03-16,5.6,5.7,5.51,5.68,41000,psxdata,2026-05-11T12:56:01
DSIL,2022-03-17,5.55,5.6,5.45,5.5,82000,psxdata,2026-05-11T12:56:01
DSIL,2022-03-18,5.39,6.4,5.21,5.33,205500,psxdata,2026-05-11T12:56:01
DSIL,2022-03-21,5.5,5.55,5.35,5.36,31000,psxdata,2026-05-11T12:56:01
DSIL,2022-03-22,5.31,5.45,5.3,5.38,25000,psxdata,2026-05-11T12:56:01
DSIL,2022-03-24,5.3,5.45,5.3,5.45,13000,psxdata,2026-05-11T12:56:01
DSIL,2022-03-25,5.36,5.58,5.31,5.55,234500,psxdata,2026-05-11T12:56:01
DSIL,2022-03-28,5.53,5.54,5.4,5.44,209000,psxdata,2026-05-11T12:56:01
DSIL,2022-03-29,5.55,5.55,5.3,5.33,123500,psxdata,2026-05-11T12:56:01
DSIL,2022-03-30,5.4,5.48,5.15,5.19,317000,psxdata,2026-05-11T12:56:01
DSIL,2022-03-31,5.21,5.65,5.21,5.57,222500,psxdata,2026-05-11T12:56:01
DSIL,2022-04-01,5.42,5.84,5.4,5.64,339000,psxdata,2026-05-11T12:56:01
DSIL,2022-04-04,5.15,5.45,5.0,5.14,77000,psxdata,2026-05-11T12:56:01
DSIL,2022-04-05,5.06,5.3,5.0,5.05,168500,psxdata,2026-05-11T12:56:01
DSIL,2022-04-06,5.1,5.1,5.0,5.0,88000,psxdata,2026-05-11T12:56:01
DSIL,2022-04-07,5.05,5.08,5.0,5.08,244000,psxdata,2026-05-11T12:56:01
DSIL,2022-04-08,4.98,5.5,4.92,5.37,111500,psxdata,2026-05-11T12:56:01
DSIL,2022-04-11,5.5,5.84,5.42,5.62,170000,psxdata,2026-05-11T12:56:01
DSIL,2022-04-12,5.84,5.84,5.46,5.66,282500,psxdata,2026-05-11T12:56:01
DSIL,2022-04-13,5.8,5.8,5.35,5.48,321000,psxdata,2026-05-11T12:56:01
DSIL,2022-04-14,5.31,5.69,5.31,5.57,177000,psxdata,2026-05-11T12:56:01
DSIL,2022-04-15,5.6,5.65,5.5,5.65,14000,psxdata,2026-05-11T12:56:01
DSIL,2022-04-18,5.55,5.6,5.28,5.46,16000,psxdata,2026-05-11T12:56:01
DSIL,2022-04-19,5.64,5.7,5.6,5.63,12500,psxdata,2026-05-11T12:56:01
DSIL,2022-04-20,5.1,5.59,5.1,5.36,3500,psxdata,2026-05-11T12:56:01
DSIL,2022-04-21,5.31,5.58,5.26,5.38,38000,psxdata,2026-05-11T12:56:01
DSIL,2022-04-22,5.38,5.49,5.38,5.49,3500,psxdata,2026-05-11T12:56:01
DSIL,2022-04-25,5.53,5.53,5.32,5.34,7000,psxdata,2026-05-11T12:56:01
DSIL,2022-04-26,5.17,5.17,4.98,5.0,157500,psxdata,2026-05-11T12:56:01
DSIL,2022-04-27,5.15,5.15,4.8,4.84,127500,psxdata,2026-05-11T12:56:01
DSIL,2022-04-28,4.97,5.2,4.97,5.0,109500,psxdata,2026-05-11T12:56:01
DSIL,2022-05-06,5.0,5.2,4.8,4.86,35500,psxdata,2026-05-11T12:56:01
DSIL,2022-05-09,4.9,5.2,4.2,4.25,183000,psxdata,2026-05-11T12:56:01
DSIL,2022-05-10,4.89,5.2,4.2,5.04,495000,psxdata,2026-05-11T12:56:01
DSIL,2022-05-11,5.3,5.3,4.52,4.71,90500,psxdata,2026-05-11T12:56:01
DSIL,2022-05-12,4.5,4.9,4.4,4.82,324000,psxdata,2026-05-11T12:56:01
DSIL,2022-05-13,4.99,5.15,4.45,4.56,287000,psxdata,2026-05-11T12:56:01
DSIL,2022-05-16,4.31,4.56,4.26,4.33,62500,psxdata,2026-05-11T12:56:01
DSIL,2022-05-17,4.7,4.7,4.35,4.41,9000,psxdata,2026-05-11T12:56:01
DSIL,2022-05-18,4.36,4.55,4.36,4.48,384500,psxdata,2026-05-11T12:56:01
DSIL,2022-05-19,4.5,4.54,4.37,4.4,79500,psxdata,2026-05-11T12:56:01
DSIL,2022-05-20,4.75,4.75,4.4,4.45,437000,psxdata,2026-05-11T12:56:01
DSIL,2022-05-23,4.11,4.45,3.99,4.03,855500,psxdata,2026-05-11T12:56:01
DSIL,2022-05-24,4.24,4.25,3.81,3.99,39000,psxdata,2026-05-11T12:56:01
DSIL,2022-05-25,3.81,3.89,3.6,3.82,3666500,psxdata,2026-05-11T12:56:01
DSIL,2022-05-26,3.9,4.25,3.74,4.1,613000,psxdata,2026-05-11T12:56:01
DSIL,2022-05-27,4.1,4.5,4.1,4.37,2809000,psxdata,2026-05-11T12:56:01
DSIL,2022-05-30,4.43,4.44,4.19,4.22,64500,psxdata,2026-05-11T12:56:01
DSIL,2022-05-31,4.11,4.34,4.11,4.21,1100000,psxdata,2026-05-11T12:56:01
DSIL,2022-06-01,4.27,4.3,4.21,4.23,1267500,psxdata,2026-05-11T12:56:01
DSIL,2022-06-02,4.2,4.2,4.2,4.2,4500,psxdata,2026-05-11T12:56:01
DSIL,2022-06-03,4.12,4.14,3.91,4.03,60000,psxdata,2026-05-11T12:56:01
DSIL,2022-06-06,4.05,4.1,3.86,3.93,208000,psxdata,2026-05-11T12:56:01
DSIL,2022-06-07,3.99,4.0,3.8,3.81,96500,psxdata,2026-05-11T12:56:01
DSIL,2022-06-08,3.81,3.9,3.76,3.87,47000,psxdata,2026-05-11T12:56:01
DSIL,2022-06-09,3.8,3.95,3.8,3.9,11000,psxdata,2026-05-11T12:56:01
DSIL,2022-06-10,3.9,3.95,3.77,3.9,31000,psxdata,2026-05-11T12:56:01
DSIL,2022-06-13,3.94,3.94,3.81,3.81,13500,psxdata,2026-05-11T12:56:01
DSIL,2022-06-14,3.8,3.89,3.75,3.81,54000,psxdata,2026-05-11T12:56:01
DSIL,2022-06-15,3.79,3.9,3.79,3.85,149500,psxdata,2026-05-11T12:56:01
DSIL,2022-06-16,3.85,3.85,3.65,3.71,441000,psxdata,2026-05-11T12:56:01
DSIL,2022-06-17,3.75,3.8,3.7,3.74,376000,psxdata,2026-05-11T12:56:01
DSIL,2022-06-20,3.75,4.05,3.7,3.85,821500,psxdata,2026-05-11T12:56:01
DSIL,2022-06-21,3.98,4.2,3.95,4.02,603500,psxdata,2026-05-11T12:56:01
DSIL,2022-06-22,4.14,4.14,3.8,3.81,526000,psxdata,2026-05-11T12:56:01
DSIL,2022-06-23,3.85,3.94,3.77,3.83,215500,psxdata,2026-05-11T12:56:01
DSIL,2022-06-24,3.9,3.94,3.48,3.55,159500,psxdata,2026-05-11T12:56:01
DSIL,2022-06-27,3.7,3.74,3.55,3.69,26500,psxdata,2026-05-11T12:56:01
DSIL,2022-06-28,3.66,3.76,3.5,3.56,92500,psxdata,2026-05-11T12:56:01
DSIL,2022-06-29,3.7,3.73,3.57,3.6,88000,psxdata,2026-05-11T12:56:01
DSIL,2022-06-30,3.52,3.68,3.52,3.6,58500,psxdata,2026-05-11T12:56:01
DSIL,2022-07-01,3.75,3.83,3.69,3.77,110000,psxdata,2026-05-11T12:56:01
DSIL,2022-07-04,3.65,3.8,3.63,3.77,16500,psxdata,2026-05-11T12:56:01
DSIL,2022-07-05,3.77,3.84,3.65,3.65,59000,psxdata,2026-05-11T12:56:01
DSIL,2022-07-06,3.63,3.78,3.62,3.71,39000,psxdata,2026-05-11T12:56:01
DSIL,2022-07-07,3.7,3.79,3.7,3.75,31000,psxdata,2026-05-11T12:56:01
DSIL,2022-07-13,3.57,3.85,3.57,3.8,54000,psxdata,2026-05-11T12:56:01
DSIL,2022-07-14,3.79,3.83,3.75,3.8,29500,psxdata,2026-05-11T12:56:01
DSIL,2022-07-15,3.7,3.7,3.61,3.65,129000,psxdata,2026-05-11T12:56:01
DSIL,2022-07-18,3.51,3.65,3.49,3.5,33500,psxdata,2026-05-11T12:56:01
DSIL,2022-07-19,3.5,3.53,3.45,3.45,104500,psxdata,2026-05-11T12:56:01
DSIL,2022-07-20,3.31,3.5,3.31,3.45,69500,psxdata,2026-05-11T12:56:01
DSIL,2022-07-21,3.45,3.5,2.87,3.08,780500,psxdata,2026-05-11T12:56:01
DSIL,2022-07-22,3.2,3.38,3.2,3.2,33000,psxdata,2026-05-11T12:56:01
DSIL,2022-07-25,3.7,3.7,3.31,3.37,18500,psxdata,2026-05-11T12:56:01
DSIL,2022-07-26,3.24,3.38,3.23,3.24,12000,psxdata,2026-05-11T12:56:01
DSIL,2022-07-27,3.14,3.24,2.87,3.02,99500,psxdata,2026-05-11T12:56:01
DSIL,2022-07-28,3.24,3.24,3.1,3.1,21500,psxdata,2026-05-11T12:56:01
DSIL,2022-07-29,3.22,3.25,3.1,3.1,16000,psxdata,2026-05-11T12:56:01
DSIL,2022-08-01,3.24,3.4,3.1,3.23,170500,psxdata,2026-05-11T12:56:01
DSIL,2022-08-02,3.2,3.53,3.15,3.5,219000,psxdata,2026-05-11T12:56:01
DSIL,2022-08-03,3.32,3.76,3.32,3.63,122500,psxdata,2026-05-11T12:56:01
DSIL,2022-08-04,3.8,3.8,3.5,3.53,52500,psxdata,2026-05-11T12:56:01
DSIL,2022-08-05,3.65,3.65,3.5,3.57,70000,psxdata,2026-05-11T12:56:01
DSIL,2022-08-10,3.51,3.79,3.49,3.71,459500,psxdata,2026-05-11T12:56:01
DSIL,2022-08-11,3.8,4.0,3.79,3.85,379500,psxdata,2026-05-11T12:56:01
DSIL,2022-08-12,3.94,4.08,3.79,3.81,514500,psxdata,2026-05-11T12:56:01
DSIL,2022-08-15,3.85,3.85,3.71,3.76,305000,psxdata,2026-05-11T12:56:01
DSIL,2022-08-16,3.88,3.89,3.7,3.7,283500,psxdata,2026-05-11T12:56:01
DSIL,2022-08-18,3.84,4.07,3.79,3.89,956500,psxdata,2026-05-11T12:56:01
DSIL,2022-08-19,3.86,3.92,3.75,3.82,132500,psxdata,2026-05-11T12:56:01
DSIL,2022-08-22,3.77,3.87,3.75,3.76,196500,psxdata,2026-05-11T12:56:01
DSIL,2022-08-23,3.72,3.87,3.72,3.8,82500,psxdata,2026-05-11T12:56:01
DSIL,2022-08-24,3.89,3.9,3.71,3.77,74500,psxdata,2026-05-11T12:56:01
DSIL,2022-08-25,3.88,3.9,3.65,3.83,127500,psxdata,2026-05-11T12:56:01
DSIL,2022-08-26,3.88,3.9,3.75,3.78,69500,psxdata,2026-05-11T12:56:01
DSIL,2022-08-29,3.61,3.83,3.51,3.79,177000,psxdata,2026-05-11T12:56:01
DSIL,2022-08-30,3.9,3.9,3.61,3.79,23000,psxdata,2026-05-11T12:56:01
DSIL,2022-08-31,3.7,3.75,3.65,3.72,23500,psxdata,2026-05-11T12:56:01
DSIL,2022-09-01,3.79,3.8,3.79,3.8,14000,psxdata,2026-05-11T12:56:01
DSIL,2022-09-02,3.7,3.78,3.7,3.74,12500,psxdata,2026-05-11T12:56:01
DSIL,2022-09-05,3.75,3.75,3.6,3.65,106000,psxdata,2026-05-11T12:56:01
DSIL,2022-09-06,3.74,3.74,3.6,3.61,78000,psxdata,2026-05-11T12:56:01
DSIL,2022-09-07,3.72,3.72,3.55,3.55,27500,psxdata,2026-05-11T12:56:01
DSIL,2022-09-08,3.55,3.64,3.5,3.51,50000,psxdata,2026-05-11T12:56:01
DSIL,2022-09-09,3.69,3.69,3.43,3.45,49500,psxdata,2026-05-11T12:56:01
DSIL,2022-09-12,3.57,3.57,3.2,3.25,260500,psxdata,2026-05-11T12:56:01
DSIL,2022-09-13,3.3,3.35,3.26,3.27,70000,psxdata,2026-05-11T12:56:01
DSIL,2022-09-14,3.38,3.4,3.3,3.31,26500,psxdata,2026-05-11T12:56:01
DSIL,2022-09-15,3.45,3.45,3.3,3.3,4000,psxdata,2026-05-11T12:56:01
DSIL,2022-09-16,3.25,3.36,3.24,3.31,25500,psxdata,2026-05-11T12:56:01
DSIL,2022-09-19,3.3,3.31,3.3,3.3,15000,psxdata,2026-05-11T12:56:01
DSIL,2022-09-20,3.36,3.4,3.18,3.21,48500,psxdata,2026-05-11T12:56:01
DSIL,2022-09-21,3.3,3.32,3.1,3.22,36000,psxdata,2026-05-11T12:56:01
DSIL,2022-09-22,3.14,3.33,3.14,3.33,5000,psxdata,2026-05-11T12:56:01
DSIL,2022-09-23,3.3,3.6,3.3,3.47,40500,psxdata,2026-05-11T12:56:01
DSIL,2022-09-26,3.5,3.5,3.3,3.5,42000,psxdata,2026-05-11T12:56:01
DSIL,2022-09-27,3.38,3.48,3.25,3.45,69500,psxdata,2026-05-11T12:56:01
DSIL,2022-09-28,3.48,3.49,3.2,3.26,28500,psxdata,2026-05-11T12:56:01
DSIL,2022-09-29,3.34,3.34,3.34,3.34,1000,psxdata,2026-05-11T12:56:01
DSIL,2022-09-30,3.17,3.46,3.16,3.39,11000,psxdata,2026-05-11T12:56:01
DSIL,2022-10-03,3.27,3.43,3.17,3.23,41000,psxdata,2026-05-11T12:56:01
DSIL,2022-10-04,3.4,3.4,3.2,3.22,37000,psxdata,2026-05-11T12:56:01
DSIL,2022-10-05,3.22,3.3,3.21,3.23,77500,psxdata,2026-05-11T12:56:01
DSIL,2022-10-06,3.33,3.35,3.2,3.29,3000,psxdata,2026-05-11T12:56:01
DSIL,2022-10-07,3.37,3.37,3.22,3.29,8500,psxdata,2026-05-11T12:56:01
DSIL,2022-10-10,3.4,3.4,3.2,3.21,81000,psxdata,2026-05-11T12:56:01
DSIL,2022-10-11,3.18,3.27,3.18,3.2,42000,psxdata,2026-05-11T12:56:01
DSIL,2022-10-12,3.17,3.25,3.16,3.22,245500,psxdata,2026-05-11T12:56:01
DSIL,2022-10-13,3.32,3.32,3.15,3.18,119500,psxdata,2026-05-11T12:56:01
DSIL,2022-10-14,3.24,3.34,3.16,3.21,109000,psxdata,2026-05-11T12:56:01
DSIL,2022-10-17,3.24,3.24,2.81,3.09,80000,psxdata,2026-05-11T12:56:01
DSIL,2022-10-18,3.15,3.2,3.15,3.2,68500,psxdata,2026-05-11T12:56:01
DSIL,2022-10-19,3.19,3.42,3.15,3.17,410500,psxdata,2026-05-11T12:56:01
DSIL,2022-10-20,3.26,3.28,3.2,3.23,45000,psxdata,2026-05-11T12:56:01
DSIL,2022-10-21,3.37,3.49,3.2,3.34,270000,psxdata,2026-05-11T12:56:01
DSIL,2022-10-24,3.32,3.4,3.25,3.26,33500,psxdata,2026-05-11T12:56:01
DSIL,2022-10-25,3.3,3.31,3.16,3.17,63500,psxdata,2026-05-11T12:56:01
DSIL,2022-10-26,3.14,3.18,3.05,3.18,28000,psxdata,2026-05-11T12:56:01
DSIL,2022-10-27,3.19,3.24,3.01,3.02,94000,psxdata,2026-05-11T12:56:01
DSIL,2022-10-28,3.19,3.2,2.91,3.02,34000,psxdata,2026-05-11T12:56:01
DSIL,2022-10-31,3.18,3.21,3.07,3.21,45000,psxdata,2026-05-11T12:56:01
DSIL,2022-11-01,3.21,3.3,3.17,3.2,109000,psxdata,2026-05-11T12:56:01
DSIL,2022-11-02,3.29,3.29,3.11,3.2,19000,psxdata,2026-05-11T12:56:01
DSIL,2022-11-03,3.19,3.4,3.19,3.23,545500,psxdata,2026-05-11T12:56:01
DSIL,2022-11-04,3.2,3.34,2.96,3.0,471500,psxdata,2026-05-11T12:56:01
DSIL,2022-11-07,3.1,3.1,3.0,3.0,211500,psxdata,2026-05-11T12:56:01
DSIL,2022-11-08,3.1,3.12,3.05,3.09,49000,psxdata,2026-05-11T12:56:01
DSIL,2022-11-10,3.05,3.09,3.05,3.05,35500,psxdata,2026-05-11T12:56:01
DSIL,2022-11-11,3.01,3.1,3.01,3.07,11000,psxdata,2026-05-11T12:56:01
DSIL,2022-11-14,3.01,3.19,3.01,3.11,62500,psxdata,2026-05-11T12:56:01
DSIL,2022-11-15,3.17,3.2,3.03,3.05,214000,psxdata,2026-05-11T12:56:01
DSIL,2022-11-16,3.1,3.13,3.04,3.13,21500,psxdata,2026-05-11T12:56:01
DSIL,2022-11-17,3.06,3.14,3.05,3.13,32000,psxdata,2026-05-11T12:56:01
DSIL,2022-11-18,3.1,3.13,3.01,3.09,19500,psxdata,2026-05-11T12:56:01
DSIL,2022-11-21,3.09,3.12,3.0,3.04,86000,psxdata,2026-05-11T12:56:01
DSIL,2022-11-22,3.0,3.15,3.0,3.09,23000,psxdata,2026-05-11T12:56:01
DSIL,2022-11-23,3.14,3.14,3.02,3.04,8000,psxdata,2026-05-11T12:56:01
DSIL,2022-11-24,3.02,3.07,2.99,3.0,29000,psxdata,2026-05-11T12:56:01
DSIL,2022-11-25,3.1,3.14,3.1,3.11,25500,psxdata,2026-05-11T12:56:01
DSIL,2022-11-28,3.02,3.07,2.93,3.07,32500,psxdata,2026-05-11T12:56:01
DSIL,2022-11-29,3.13,3.13,3.01,3.09,4000,psxdata,2026-05-11T12:56:01
DSIL,2022-11-30,3.01,3.2,3.0,3.07,88000,psxdata,2026-05-11T12:56:01
DSIL,2022-12-01,3.13,3.35,3.02,3.11,1336500,psxdata,2026-05-11T12:56:01
DSIL,2022-12-02,3.07,3.07,2.67,2.75,2094500,psxdata,2026-05-11T12:56:01
DSIL,2022-12-05,2.72,3.4,2.72,3.07,6377000,psxdata,2026-05-11T12:56:01
DSIL,2022-12-06,3.13,3.24,2.82,2.98,1029000,psxdata,2026-05-11T12:56:01
DSIL,2022-12-07,3.03,3.29,2.91,3.0,1125500,psxdata,2026-05-11T12:56:01
DSIL,2022-12-08,3.16,3.54,3.04,3.3,2949000,psxdata,2026-05-11T12:56:01
DSIL,2022-12-09,3.4,3.45,3.2,3.25,577000,psxdata,2026-05-11T12:56:01
DSIL,2022-12-12,3.4,3.4,3.06,3.12,299000,psxdata,2026-05-11T12:56:01
DSIL,2022-12-13,3.11,3.24,3.0,3.09,262500,psxdata,2026-05-11T12:56:01
DSIL,2022-12-14,3.09,3.1,2.95,3.02,683500,psxdata,2026-05-11T12:56:01
DSIL,2022-12-15,3.14,3.14,2.8,2.92,137500,psxdata,2026-05-11T12:56:01
DSIL,2022-12-16,2.96,3.1,2.71,2.81,1295500,psxdata,2026-05-11T12:56:01
DSIL,2022-12-19,2.76,2.9,2.65,2.75,665500,psxdata,2026-05-11T12:56:01
DSIL,2022-12-20,2.74,2.79,2.39,2.41,389500,psxdata,2026-05-11T12:56:01
DSIL,2022-12-21,2.58,2.77,2.42,2.71,289000,psxdata,2026-05-11T12:56:01
DSIL,2022-12-22,2.84,2.89,2.66,2.84,120500,psxdata,2026-05-11T12:56:01
DSIL,2022-12-23,2.9,2.94,2.55,2.67,61500,psxdata,2026-05-11T12:56:01
DSIL,2022-12-26,2.92,2.92,2.68,2.71,47500,psxdata,2026-05-11T12:56:01
DSIL,2022-12-27,2.79,2.79,2.65,2.69,20500,psxdata,2026-05-11T12:56:01
DSIL,2022-12-28,2.77,2.77,2.41,2.5,1804500,psxdata,2026-05-11T12:56:01
DSIL,2022-12-29,2.67,2.67,2.47,2.51,177000,psxdata,2026-05-11T12:56:01
DSIL,2022-12-30,2.55,2.55,2.38,2.45,194500,psxdata,2026-05-11T12:56:01
DSIL,2023-01-02,2.46,2.74,2.25,2.67,744000,psxdata,2026-05-11T12:56:01
DSIL,2023-01-03,2.57,2.66,2.4,2.6,585000,psxdata,2026-05-11T12:56:01
DSIL,2023-01-04,2.54,2.67,2.51,2.56,20000,psxdata,2026-05-11T12:56:01
DSIL,2023-01-05,2.62,2.62,2.45,2.47,53000,psxdata,2026-05-11T12:56:01
DSIL,2023-01-06,2.55,2.65,2.53,2.6,135000,psxdata,2026-05-11T12:56:01
DSIL,2023-01-09,2.5,2.65,2.35,2.41,140500,psxdata,2026-05-11T12:56:01
DSIL,2023-01-10,2.45,2.59,2.45,2.59,25500,psxdata,2026-05-11T12:56:01
DSIL,2023-01-11,2.64,2.64,2.43,2.46,83000,psxdata,2026-05-11T12:56:01
DSIL,2023-01-12,2.43,2.54,2.42,2.53,52500,psxdata,2026-05-11T12:56:01
DSIL,2023-01-13,2.44,2.55,2.41,2.51,28000,psxdata,2026-05-11T12:56:01
DSIL,2023-01-16,2.4,2.51,2.38,2.39,14500,psxdata,2026-05-11T12:56:01
DSIL,2023-01-17,2.53,2.53,2.31,2.32,44000,psxdata,2026-05-11T12:56:01
DSIL,2023-01-18,2.48,2.48,2.27,2.41,30000,psxdata,2026-05-11T12:56:01
DSIL,2023-01-19,2.44,2.44,2.3,2.38,9000,psxdata,2026-05-11T12:56:01
DSIL,2023-01-20,2.35,2.39,2.25,2.27,68000,psxdata,2026-05-11T12:56:01
DSIL,2023-01-23,2.25,2.35,2.2,2.35,41500,psxdata,2026-05-11T12:56:01
DSIL,2023-01-24,2.39,2.44,2.28,2.38,20000,psxdata,2026-05-11T12:56:01
DSIL,2023-01-25,2.42,2.47,2.4,2.47,33000,psxdata,2026-05-11T12:56:01
DSIL,2023-01-26,2.54,2.58,2.49,2.51,45500,psxdata,2026-05-11T12:56:01
DSIL,2023-01-27,2.53,2.53,2.35,2.36,1500,psxdata,2026-05-11T12:56:01
DSIL,2023-01-30,2.52,2.52,2.25,2.39,60000,psxdata,2026-05-11T12:56:01
DSIL,2023-01-31,2.56,2.57,2.38,2.39,53000,psxdata,2026-05-11T12:56:01
DSIL,2023-02-01,2.47,2.47,2.3,2.39,24500,psxdata,2026-05-11T12:56:01
DSIL,2023-02-02,2.45,2.45,2.35,2.41,10000,psxdata,2026-05-11T12:56:01
DSIL,2023-02-03,2.4,2.4,2.3,2.36,36000,psxdata,2026-05-11T12:56:01
DSIL,2023-02-06,2.35,2.44,2.31,2.41,7500,psxdata,2026-05-11T12:56:01
DSIL,2023-02-07,2.24,2.43,2.24,2.34,55000,psxdata,2026-05-11T12:56:01
DSIL,2023-02-08,2.44,2.44,2.31,2.33,20500,psxdata,2026-05-11T12:56:01
DSIL,2023-02-09,2.33,2.38,2.25,2.32,376500,psxdata,2026-05-11T12:56:01
DSIL,2023-02-10,2.28,2.4,2.15,2.3,22500,psxdata,2026-05-11T12:56:01
DSIL,2023-02-13,2.4,2.4,2.3,2.31,137500,psxdata,2026-05-11T12:56:01
DSIL,2023-02-14,2.43,2.45,2.2,2.28,221000,psxdata,2026-05-11T12:56:01
DSIL,2023-02-15,2.28,2.35,2.28,2.34,34500,psxdata,2026-05-11T12:56:01
DSIL,2023-02-16,2.38,2.38,2.25,2.27,20000,psxdata,2026-05-11T12:56:01
DSIL,2023-02-17,2.38,2.4,2.21,2.29,13500,psxdata,2026-05-11T12:56:01
DSIL,2023-02-20,2.34,2.34,2.2,2.21,11000,psxdata,2026-05-11T12:56:01
DSIL,2023-02-21,2.3,2.3,2.18,2.18,6500,psxdata,2026-05-11T12:56:01
DSIL,2023-02-22,2.2,2.27,2.17,2.21,22000,psxdata,2026-05-11T12:56:01
DSIL,2023-02-23,2.19,2.29,2.12,2.19,387000,psxdata,2026-05-11T12:56:01
DSIL,2023-02-24,2.25,2.37,2.12,2.22,49000,psxdata,2026-05-11T12:56:01
DSIL,2023-02-27,2.32,2.32,2.18,2.26,7000,psxdata,2026-05-11T12:56:01
DSIL,2023-02-28,2.17,2.2,2.11,2.13,28500,psxdata,2026-05-11T12:56:01
DSIL,2023-03-01,2.08,2.2,1.71,2.15,176500,psxdata,2026-05-11T12:56:01
DSIL,2023-03-02,2.05,2.15,1.97,2.03,62500,psxdata,2026-05-11T12:56:01
DSIL,2023-03-03,2.1,2.25,2.1,2.22,47500,psxdata,2026-05-11T12:56:01
DSIL,2023-03-06,2.25,2.25,2.2,2.25,19500,psxdata,2026-05-11T12:56:01
DSIL,2023-03-07,2.29,2.29,2.15,2.22,140500,psxdata,2026-05-11T12:56:01
DSIL,2023-03-08,2.29,2.65,2.25,2.27,17000,psxdata,2026-05-11T12:56:01
DSIL,2023-03-09,2.34,2.34,2.25,2.33,171000,psxdata,2026-05-11T12:56:01
DSIL,2023-03-10,2.3,2.38,2.3,2.31,100000,psxdata,2026-05-11T12:56:01
DSIL,2023-03-13,2.29,2.3,2.29,2.3,2500,psxdata,2026-05-11T12:56:01
DSIL,2023-03-14,2.21,2.26,2.16,2.2,57500,psxdata,2026-05-11T12:56:01
DSIL,2023-03-15,2.29,2.64,2.29,2.41,357500,psxdata,2026-05-11T12:56:01
DSIL,2023-03-16,2.45,2.55,2.44,2.5,128500,psxdata,2026-05-11T12:56:01
DSIL,2023-03-17,2.41,2.52,2.41,2.52,18000,psxdata,2026-05-11T12:56:01
DSIL,2023-03-20,2.48,2.48,2.45,2.45,3000,psxdata,2026-05-11T12:56:01
DSIL,2023-03-21,2.42,2.42,2.23,2.26,80500,psxdata,2026-05-11T12:56:01
DSIL,2023-03-22,2.38,2.5,2.28,2.4,55000,psxdata,2026-05-11T12:56:01
DSIL,2023-03-24,2.32,2.32,2.22,2.24,44500,psxdata,2026-05-11T12:56:01
DSIL,2023-03-27,2.44,2.44,2.2,2.23,12500,psxdata,2026-05-11T12:56:01
DSIL,2023-03-28,2.22,2.33,2.0,2.02,205500,psxdata,2026-05-11T12:56:01
DSIL,2023-03-29,2.11,2.15,2.05,2.07,23000,psxdata,2026-05-11T12:56:01
DSIL,2023-03-30,2.17,2.25,2.17,2.2,11500,psxdata,2026-05-11T12:56:01
DSIL,2023-03-31,2.21,2.29,2.13,2.2,34500,psxdata,2026-05-11T12:56:01
DSIL,2023-04-03,2.14,2.14,2.14,2.14,11500,psxdata,2026-05-11T12:56:01
DSIL,2023-04-04,2.22,2.22,2.11,2.11,14000,psxdata,2026-05-11T12:56:01
DSIL,2023-04-05,2.2,2.2,2.11,2.15,9000,psxdata,2026-05-11T12:56:01
DSIL,2023-04-06,2.19,2.2,2.19,2.2,6000,psxdata,2026-05-11T12:56:01
DSIL,2023-04-10,2.12,2.15,2.11,2.15,6000,psxdata,2026-05-11T12:56:01
DSIL,2023-04-11,2.15,2.19,2.11,2.12,10000,psxdata,2026-05-11T12:56:01
DSIL,2023-04-12,2.1,2.24,2.03,2.09,18000,psxdata,2026-05-11T12:56:01
DSIL,2023-04-13,2.08,2.19,2.07,2.16,10000,psxdata,2026-05-11T12:56:01
DSIL,2023-04-17,2.2,2.2,2.2,2.2,2000,psxdata,2026-05-11T12:56:01
DSIL,2023-04-19,2.1,2.24,2.03,2.12,10000,psxdata,2026-05-11T12:56:01
DSIL,2023-04-20,2.27,2.27,2.11,2.25,12000,psxdata,2026-05-11T12:56:01
DSIL,2023-04-26,2.3,2.3,2.15,2.16,13000,psxdata,2026-05-11T12:56:01
DSIL,2023-04-27,2.24,2.37,2.24,2.3,14000,psxdata,2026-05-11T12:56:01
DSIL,2023-04-28,2.23,2.29,2.13,2.16,30500,psxdata,2026-05-11T12:56:01
DSIL,2023-05-02,2.28,2.28,2.15,2.19,48000,psxdata,2026-05-11T12:56:01
DSIL,2023-05-03,2.17,2.19,2.16,2.16,15500,psxdata,2026-05-11T12:56:01
DSIL,2023-05-04,2.14,2.15,2.11,2.15,13500,psxdata,2026-05-11T12:56:01
DSIL,2023-05-05,2.16,2.19,2.16,2.18,5000,psxdata,2026-05-11T12:56:01
DSIL,2023-05-08,2.1,2.19,2.01,2.05,91000,psxdata,2026-05-11T12:56:01
DSIL,2023-05-09,2.06,2.2,2.0,2.13,76500,psxdata,2026-05-11T12:56:01
DSIL,2023-05-10,2.0,2.13,2.0,2.09,16500,psxdata,2026-05-11T12:56:01
DSIL,2023-05-11,2.1,2.23,1.93,1.99,109500,psxdata,2026-05-11T12:56:01
DSIL,2023-05-12,1.99,2.12,1.99,2.1,29000,psxdata,2026-05-11T12:56:01
DSIL,2023-05-16,2.01,2.1,2.0,2.1,117000,psxdata,2026-05-11T12:56:01
DSIL,2023-05-17,2.05,2.15,2.0,2.15,50500,psxdata,2026-05-11T12:56:01
DSIL,2023-05-19,2.0,2.15,1.92,2.03,33000,psxdata,2026-05-11T12:56:01
DSIL,2023-05-22,2.01,2.01,2.0,2.0,68000,psxdata,2026-05-11T12:56:01
DSIL,2023-05-23,1.98,2.03,1.98,1.99,87500,psxdata,2026-05-11T12:56:01
DSIL,2023-05-24,2.03,2.03,1.9,1.99,88500,psxdata,2026-05-11T12:56:01
DSIL,2023-05-25,1.92,1.96,1.91,1.95,32500,psxdata,2026-05-11T12:56:01
DSIL,2023-05-26,2.0,2.08,2.0,2.04,9500,psxdata,2026-05-11T12:56:01
DSIL,2023-05-29,2.08,2.08,2.05,2.05,25000,psxdata,2026-05-11T12:56:01
DSIL,2023-05-31,2.08,2.08,2.0,2.0,75000,psxdata,2026-05-11T12:56:01
DSIL,2023-06-01,2.0,2.0,2.0,2.0,1000,psxdata,2026-05-11T12:56:01
DSIL,2023-06-02,1.85,2.05,1.85,2.03,4000,psxdata,2026-05-11T12:56:01
DSIL,2023-06-05,1.81,2.1,1.81,2.02,165000,psxdata,2026-05-11T12:56:01
DSIL,2023-06-06,1.9,2.1,1.9,2.1,95500,psxdata,2026-05-11T12:56:01
DSIL,2023-06-07,2.05,2.1,2.0,2.08,13000,psxdata,2026-05-11T12:56:01
DSIL,2023-06-08,2.1,2.1,2.05,2.05,8000,psxdata,2026-05-11T12:56:01
DSIL,2023-06-09,2.0,2.12,2.0,2.1,4000,psxdata,2026-05-11T12:56:01
DSIL,2023-06-12,2.05,2.05,1.92,2.0,26000,psxdata,2026-05-11T12:56:01
DSIL,2023-06-13,1.95,2.0,1.91,1.95,20000,psxdata,2026-05-11T12:56:01
DSIL,2023-06-14,1.95,2.0,1.9,1.9,67500,psxdata,2026-05-11T12:56:01
DSIL,2023-06-15,1.88,1.95,1.75,1.81,164500,psxdata,2026-05-11T12:56:01
DSIL,2023-06-16,1.9,1.9,1.85,1.85,9000,psxdata,2026-05-11T12:56:01
DSIL,2023-06-19,1.86,1.86,1.77,1.77,15000,psxdata,2026-05-11T12:56:01
DSIL,2023-06-20,1.74,1.85,1.71,1.75,16000,psxdata,2026-05-11T12:56:01
DSIL,2023-06-21,1.8,1.84,1.75,1.84,6000,psxdata,2026-05-11T12:56:01
DSIL,2023-06-22,1.8,1.89,1.8,1.88,10000,psxdata,2026-05-11T12:56:01
DSIL,2023-06-23,1.89,1.89,1.8,1.89,12500,psxdata,2026-05-11T12:56:01
DSIL,2023-06-26,1.9,1.99,1.9,1.97,52000,psxdata,2026-05-11T12:56:01
DSIL,2023-06-27,1.95,1.99,1.87,1.95,18500,psxdata,2026-05-11T12:56:01
DSIL,2023-07-03,2.0,2.09,2.0,2.04,242000,psxdata,2026-05-11T12:56:01
DSIL,2023-07-04,2.0,2.0,1.91,1.95,21500,psxdata,2026-05-11T12:56:01
DSIL,2023-07-05,2.0,2.0,1.85,1.88,87000,psxdata,2026-05-11T12:56:01
DSIL,2023-07-06,1.95,1.98,1.87,1.9,30500,psxdata,2026-05-11T12:56:01
DSIL,2023-07-07,1.9,1.9,1.88,1.89,15500,psxdata,2026-05-11T12:56:01
DSIL,2023-07-10,1.94,1.95,1.8,1.9,279000,psxdata,2026-05-11T12:56:01
DSIL,2023-07-11,1.95,2.04,1.88,1.96,105500,psxdata,2026-05-11T12:56:01
DSIL,2023-07-12,2.0,2.0,1.97,1.98,7500,psxdata,2026-05-11T12:56:01
DSIL,2023-07-13,2.03,2.17,1.95,2.02,278500,psxdata,2026-05-11T12:56:01
DSIL,2023-07-14,2.05,2.05,2.0,2.04,123500,psxdata,2026-05-11T12:56:01
DSIL,2023-07-17,2.02,2.05,2.0,2.0,50000,psxdata,2026-05-11T12:56:01
DSIL,2023-07-18,1.96,2.04,1.96,2.04,29000,psxdata,2026-05-11T12:56:01
DSIL,2023-07-19,2.0,2.04,1.94,2.04,3000,psxdata,2026-05-11T12:56:01
DSIL,2023-07-20,1.96,2.05,1.96,2.05,3500,psxdata,2026-05-11T12:56:01
DSIL,2023-07-21,2.05,2.08,1.96,2.07,39000,psxdata,2026-05-11T12:56:01
DSIL,2023-07-24,2.05,2.09,2.0,2.05,29000,psxdata,2026-05-11T12:56:01
DSIL,2023-07-25,2.1,2.24,2.07,2.17,278000,psxdata,2026-05-11T12:56:01
DSIL,2023-07-26,2.1,2.54,2.1,2.4,1604500,psxdata,2026-05-11T12:56:01
DSIL,2023-07-27,2.49,2.69,2.4,2.51,980500,psxdata,2026-05-11T12:56:01
DSIL,2023-07-31,2.37,2.53,2.36,2.48,100500,psxdata,2026-05-11T12:56:01
DSIL,2023-08-01,2.58,2.58,2.35,2.37,156000,psxdata,2026-05-11T12:56:01
DSIL,2023-08-02,2.4,2.55,2.37,2.5,185500,psxdata,2026-05-11T12:56:01
DSIL,2023-08-03,2.5,2.54,2.3,2.41,462000,psxdata,2026-05-11T12:56:01
DSIL,2023-08-04,2.4,2.4,2.28,2.29,81500,psxdata,2026-05-11T12:56:01
DSIL,2023-08-07,2.25,2.3,2.03,2.1,200500,psxdata,2026-05-11T12:56:01
DSIL,2023-08-08,2.1,2.1,1.95,1.97,367500,psxdata,2026-05-11T12:56:01
DSIL,2023-08-09,1.99,2.1,1.99,2.04,88500,psxdata,2026-05-11T12:56:01
DSIL,2023-08-10,2.1,2.15,2.06,2.12,8500,psxdata,2026-05-11T12:56:01
DSIL,2023-08-11,2.15,2.15,2.15,2.15,500,psxdata,2026-05-11T12:56:01
DSIL,2023-08-15,2.15,2.2,2.15,2.2,14500,psxdata,2026-05-11T12:56:01
DSIL,2023-08-16,2.11,2.15,2.07,2.1,12000,psxdata,2026-05-11T12:56:01
DSIL,2023-08-17,2.06,2.13,2.05,2.07,45000,psxdata,2026-05-11T12:56:01
DSIL,2023-08-18,2.07,2.14,2.05,2.14,132500,psxdata,2026-05-11T12:56:01
DSIL,2023-08-21,2.07,2.15,2.07,2.11,674000,psxdata,2026-05-11T12:56:01
DSIL,2023-08-22,2.17,2.17,2.07,2.14,23500,psxdata,2026-05-11T12:56:01
DSIL,2023-08-23,2.1,2.15,2.01,2.14,409500,psxdata,2026-05-11T12:56:01
DSIL,2023-08-24,2.14,2.15,2.1,2.13,55500,psxdata,2026-05-11T12:56:01
DSIL,2023-08-25,2.15,2.15,2.14,2.14,3500,psxdata,2026-05-11T12:56:01
DSIL,2023-08-28,2.02,2.2,2.02,2.16,15500,psxdata,2026-05-11T12:56:01
DSIL,2023-08-29,2.1,2.1,2.09,2.09,1000,psxdata,2026-05-11T12:56:01
DSIL,2023-08-30,2.05,2.14,2.01,2.08,34000,psxdata,2026-05-11T12:56:01
DSIL,2023-08-31,2.02,2.03,1.96,2.0,57000,psxdata,2026-05-11T12:56:01
DSIL,2023-09-01,2.0,2.05,2.0,2.03,12000,psxdata,2026-05-11T12:56:01
DSIL,2023-09-04,2.02,2.02,1.85,1.89,276500,psxdata,2026-05-11T12:56:01
DSIL,2023-09-05,1.87,1.99,1.84,1.94,143000,psxdata,2026-05-11T12:56:01
DSIL,2023-09-06,1.9,1.91,1.89,1.91,20000,psxdata,2026-05-11T12:56:01
DSIL,2023-09-07,1.99,1.99,1.87,1.94,63500,psxdata,2026-05-11T12:56:01
DSIL,2023-09-08,2.01,2.2,1.98,2.13,134000,psxdata,2026-05-11T12:56:01
DSIL,2023-09-11,2.13,2.13,2.05,2.1,30000,psxdata,2026-05-11T12:56:01
DSIL,2023-09-12,2.15,2.24,2.11,2.19,197000,psxdata,2026-05-11T12:56:01
DSIL,2023-09-13,2.18,2.2,2.15,2.19,57500,psxdata,2026-05-11T12:56:01
DSIL,2023-09-14,2.06,2.17,2.06,2.15,18500,psxdata,2026-05-11T12:56:01
DSIL,2023-09-15,2.19,2.2,2.18,2.18,82500,psxdata,2026-05-11T12:56:01
DSIL,2023-09-18,2.2,2.2,2.18,2.18,37000,psxdata,2026-05-11T12:56:01
DSIL,2023-09-19,2.15,2.15,2.13,2.13,8000,psxdata,2026-05-11T12:56:01
DSIL,2023-09-20,2.23,2.23,2.11,2.12,6500,psxdata,2026-05-11T12:56:01
DSIL,2023-09-21,2.07,2.13,2.07,2.13,6500,psxdata,2026-05-11T12:56:01
DSIL,2023-09-22,2.1,2.1,2.07,2.09,22000,psxdata,2026-05-11T12:56:01
DSIL,2023-09-25,2.1,2.1,2.1,2.1,8500,psxdata,2026-05-11T12:56:01
DSIL,2023-09-28,2.05,2.1,2.04,2.1,13500,psxdata,2026-05-11T12:56:01
DSIL,2023-10-02,2.29,2.29,2.08,2.2,33500,psxdata,2026-05-11T12:56:01
DSIL,2023-10-04,2.04,2.17,2.0,2.02,124000,psxdata,2026-05-11T12:56:01
DSIL,2023-10-05,2.0,2.02,1.96,1.99,89500,psxdata,2026-05-11T12:56:01
DSIL,2023-10-06,2.09,2.09,2.08,2.08,2000,psxdata,2026-05-11T12:56:01
DSIL,2023-10-09,2.07,2.07,1.99,1.99,34000,psxdata,2026-05-11T12:56:01
DSIL,2023-10-10,1.99,2.08,1.96,1.99,9000,psxdata,2026-05-11T12:56:01
DSIL,2023-10-11,1.96,2.05,1.95,2.02,71500,psxdata,2026-05-11T12:56:01
DSIL,2023-10-12,1.98,2.04,1.97,2.04,5500,psxdata,2026-05-11T12:56:01
DSIL,2023-10-13,2.0,2.0,1.96,1.97,23500,psxdata,2026-05-11T12:56:01
DSIL,2023-10-16,1.97,2.0,1.97,2.0,3500,psxdata,2026-05-11T12:56:01
DSIL,2023-10-17,1.99,2.08,1.99,1.99,27500,psxdata,2026-05-11T12:56:01
DSIL,2023-10-18,1.98,2.0,1.98,1.98,9500,psxdata,2026-05-11T12:56:01
DSIL,2023-10-19,2.03,2.09,1.96,2.07,65500,psxdata,2026-05-11T12:56:01
DSIL,2023-10-20,2.06,2.06,2.0,2.0,10000,psxdata,2026-05-11T12:56:01
DSIL,2023-10-23,2.02,2.1,2.02,2.1,162500,psxdata,2026-05-11T12:56:01
DSIL,2023-10-24,2.09,2.2,2.0,2.2,137000,psxdata,2026-05-11T12:56:01
DSIL,2023-10-25,2.17,2.2,2.14,2.17,45500,psxdata,2026-05-11T12:56:01
DSIL,2023-10-26,2.16,2.19,2.14,2.14,23500,psxdata,2026-05-11T12:56:01
DSIL,2023-10-27,2.18,2.19,2.17,2.19,8500,psxdata,2026-05-11T12:56:01
DSIL,2023-10-30,2.18,2.18,2.15,2.15,3500,psxdata,2026-05-11T12:56:01
DSIL,2023-10-31,2.18,2.18,2.12,2.12,8500,psxdata,2026-05-11T12:56:01
DSIL,2023-11-01,2.15,2.15,2.15,2.15,8500,psxdata,2026-05-11T12:56:01
DSIL,2023-11-02,2.1,2.19,2.04,2.18,85000,psxdata,2026-05-11T12:56:01
DSIL,2023-11-03,2.2,2.3,2.2,2.26,199500,psxdata,2026-05-11T12:56:01
DSIL,2023-11-06,2.25,2.29,2.21,2.26,45500,psxdata,2026-05-11T12:56:01
DSIL,2023-11-07,2.25,2.25,2.2,2.2,13000,psxdata,2026-05-11T12:56:01
DSIL,2023-11-08,2.2,2.28,2.2,2.25,273000,psxdata,2026-05-11T12:56:01
DSIL,2023-11-10,2.22,2.29,2.22,2.24,76000,psxdata,2026-05-11T12:56:01
DSIL,2023-11-13,2.28,2.43,2.22,2.28,130000,psxdata,2026-05-11T12:56:01
DSIL,2023-11-14,2.39,2.39,2.22,2.26,8000,psxdata,2026-05-11T12:56:01
DSIL,2023-11-15,2.29,2.35,2.29,2.29,28500,psxdata,2026-05-11T12:56:01
DSIL,2023-11-16,2.3,2.32,2.29,2.29,45000,psxdata,2026-05-11T12:56:01
DSIL,2023-11-17,2.32,2.39,2.3,2.31,51000,psxdata,2026-05-11T12:56:01
DSIL,2023-11-20,2.32,2.36,2.32,2.35,120000,psxdata,2026-05-11T12:56:01
DSIL,2023-11-21,2.21,2.6,2.21,2.54,1127500,psxdata,2026-05-11T12:56:01
DSIL,2023-11-22,2.61,2.62,2.55,2.55,24000,psxdata,2026-05-11T12:56:01
DSIL,2023-11-23,2.51,2.55,2.5,2.54,10000,psxdata,2026-05-11T12:56:01
DSIL,2023-11-24,2.59,2.59,2.43,2.56,89000,psxdata,2026-05-11T12:56:01
DSIL,2023-11-27,2.4,3.0,2.4,2.96,1727500,psxdata,2026-05-11T12:56:01
DSIL,2023-11-28,3.1,3.14,2.8,2.81,940000,psxdata,2026-05-11T12:56:01
DSIL,2023-11-29,2.85,2.9,2.7,2.85,214500,psxdata,2026-05-11T12:56:01
DSIL,2023-11-30,2.85,2.87,2.76,2.84,92000,psxdata,2026-05-11T12:56:01
DSIL,2023-12-01,2.98,3.05,2.8,3.01,216500,psxdata,2026-05-11T12:56:01
DSIL,2023-12-04,3.05,3.06,2.78,2.85,151500,psxdata,2026-05-11T12:56:01
DSIL,2023-12-05,2.99,2.99,2.8,2.8,232500,psxdata,2026-05-11T12:56:01
DSIL,2023-12-06,2.8,2.9,2.77,2.77,55000,psxdata,2026-05-11T12:56:01
DSIL,2023-12-07,2.9,2.95,2.82,2.87,118000,psxdata,2026-05-11T12:56:01
DSIL,2023-12-08,2.94,3.0,2.7,2.74,628000,psxdata,2026-05-11T12:56:01
DSIL,2023-12-11,2.93,2.94,2.75,2.91,710500,psxdata,2026-05-11T12:56:01
DSIL,2023-12-12,3.1,3.18,2.86,3.03,1009500,psxdata,2026-05-11T12:56:01
DSIL,2023-12-13,3.17,3.17,2.65,2.84,949000,psxdata,2026-05-11T12:56:01
DSIL,2023-12-14,2.42,3.2,2.42,3.08,1170500,psxdata,2026-05-11T12:56:01
DSIL,2023-12-15,3.19,3.51,3.1,3.41,2437000,psxdata,2026-05-11T12:56:01
DSIL,2023-12-18,3.54,3.6,3.31,3.41,600500,psxdata,2026-05-11T12:56:01
DSIL,2023-12-19,3.4,3.4,2.7,2.95,487500,psxdata,2026-05-11T12:56:01
DSIL,2023-12-20,2.66,2.9,2.66,2.81,162500,psxdata,2026-05-11T12:56:01
DSIL,2023-12-21,2.98,3.19,2.41,3.04,1145000,psxdata,2026-05-11T12:56:01
DSIL,2023-12-22,3.25,3.25,2.9,2.91,82000,psxdata,2026-05-11T12:56:01
DSIL,2023-12-26,2.81,2.88,2.5,2.63,63500,psxdata,2026-05-11T12:56:01
DSIL,2023-12-27,2.63,2.98,2.63,2.84,12500,psxdata,2026-05-11T12:56:01
DSIL,2023-12-28,2.98,2.98,2.9,2.9,74500,psxdata,2026-05-11T12:56:01
DSIL,2023-12-29,2.99,3.07,2.8,3.07,116500,psxdata,2026-05-11T12:56:01
DSIL,2024-01-01,3.09,3.1,2.96,3.01,51500,psxdata,2026-05-11T12:56:01
DSIL,2024-01-02,3.01,3.05,2.82,2.98,23500,psxdata,2026-05-11T12:56:01
DSIL,2024-01-03,3.0,3.11,3.0,3.1,228500,psxdata,2026-05-11T12:56:01
DSIL,2024-01-04,3.2,3.5,3.2,3.46,1020500,psxdata,2026-05-11T12:56:01
DSIL,2024-01-05,3.51,3.53,3.26,3.31,180500,psxdata,2026-05-11T12:56:01
DSIL,2024-01-08,3.3,3.39,3.24,3.34,177000,psxdata,2026-05-11T12:56:01
DSIL,2024-01-09,3.3,3.32,3.2,3.24,26500,psxdata,2026-05-11T12:56:01
DSIL,2024-01-10,3.16,3.25,3.15,3.2,108500,psxdata,2026-05-11T12:56:01
DSIL,2024-01-11,3.28,3.5,3.15,3.36,442000,psxdata,2026-05-11T12:56:01
DSIL,2024-01-12,3.2,3.55,2.61,3.18,202000,psxdata,2026-05-11T12:56:01
DSIL,2024-01-15,3.48,3.48,3.0,3.03,65500,psxdata,2026-05-11T12:56:01
DSIL,2024-01-16,2.91,3.19,2.9,3.19,22500,psxdata,2026-05-11T12:56:01
DSIL,2024-01-17,3.05,3.15,3.0,3.12,23500,psxdata,2026-05-11T12:56:01
DSIL,2024-01-18,3.0,3.05,3.0,3.0,25500,psxdata,2026-05-11T12:56:01
DSIL,2024-01-19,3.0,3.08,2.71,2.81,139000,psxdata,2026-05-11T12:56:01
DSIL,2024-01-22,2.99,2.99,2.9,2.99,24000,psxdata,2026-05-11T12:56:01
DSIL,2024-01-23,2.86,3.0,2.86,2.94,35500,psxdata,2026-05-11T12:56:01
DSIL,2024-01-24,3.03,3.03,2.75,2.9,125500,psxdata,2026-05-11T12:56:01
DSIL,2024-01-25,2.9,3.0,2.76,2.81,123500,psxdata,2026-05-11T12:56:01
DSIL,2024-01-26,2.9,2.9,2.78,2.78,20500,psxdata,2026-05-11T12:56:01
DSIL,2024-01-29,2.72,2.77,2.66,2.71,135500,psxdata,2026-05-11T12:56:01
DSIL,2024-01-30,2.56,2.57,2.4,2.42,177000,psxdata,2026-05-11T12:56:01
DSIL,2024-01-31,2.5,2.6,2.3,2.4,76000,psxdata,2026-05-11T12:56:01
DSIL,2024-02-01,2.5,2.57,2.36,2.4,51500,psxdata,2026-05-11T12:56:01
DSIL,2024-02-02,2.5,2.93,2.5,2.79,144500,psxdata,2026-05-11T12:56:01
DSIL,2024-02-06,2.99,2.99,2.7,2.87,15000,psxdata,2026-05-11T12:56:01
DSIL,2024-02-07,2.8,2.85,2.62,2.72,20500,psxdata,2026-05-11T12:56:01
DSIL,2024-02-09,2.72,2.75,2.68,2.75,2500,psxdata,2026-05-11T12:56:01
DSIL,2024-02-12,2.5,2.7,2.5,2.65,82000,psxdata,2026-05-11T12:56:01
DSIL,2024-02-13,2.31,2.65,2.31,2.65,8500,psxdata,2026-05-11T12:56:01
DSIL,2024-02-14,2.88,2.88,2.65,2.65,41500,psxdata,2026-05-11T12:56:01
DSIL,2024-02-15,2.85,2.85,2.5,2.7,39000,psxdata,2026-05-11T12:56:01
DSIL,2024-02-16,2.61,2.7,2.53,2.7,38000,psxdata,2026-05-11T12:56:01
DSIL,2024-02-19,2.75,2.85,2.75,2.85,63500,psxdata,2026-05-11T12:56:01
DSIL,2024-02-20,2.85,2.88,2.7,2.79,57500,psxdata,2026-05-11T12:56:01
DSIL,2024-02-21,2.85,2.95,2.5,2.58,29000,psxdata,2026-05-11T12:56:01
DSIL,2024-02-22,2.66,2.68,2.56,2.64,30500,psxdata,2026-05-11T12:56:01
DSIL,2024-02-23,2.63,3.18,2.63,2.97,315000,psxdata,2026-05-11T12:56:01
DSIL,2024-02-26,3.0,3.0,2.82,2.92,161000,psxdata,2026-05-11T12:56:01
DSIL,2024-02-27,2.9,2.97,2.8,2.81,72500,psxdata,2026-05-11T12:56:01
DSIL,2024-02-28,2.99,2.99,2.77,2.8,9000,psxdata,2026-05-11T12:56:01
DSIL,2024-02-29,2.9,2.9,2.87,2.87,5500,psxdata,2026-05-11T12:56:01
DSIL,2024-03-01,2.98,2.98,2.16,2.82,203000,psxdata,2026-05-11T12:56:01
DSIL,2024-03-04,2.9,2.97,2.8,2.81,59500,psxdata,2026-05-11T12:56:01
DSIL,2024-03-05,2.9,2.9,2.7,2.7,74000,psxdata,2026-05-11T12:56:01
DSIL,2024-03-06,2.66,2.8,2.55,2.64,167500,psxdata,2026-05-11T12:56:01
DSIL,2024-03-07,2.65,2.67,2.6,2.61,73000,psxdata,2026-05-11T12:56:01
DSIL,2024-03-08,2.61,2.98,2.61,2.78,37500,psxdata,2026-05-11T12:56:01
DSIL,2024-03-11,2.9,2.96,2.8,2.8,63500,psxdata,2026-05-11T12:56:01
DSIL,2024-03-12,2.75,2.75,2.52,2.57,15500,psxdata,2026-05-11T12:56:01
DSIL,2024-03-13,2.85,2.85,2.62,2.65,4000,psxdata,2026-05-11T12:56:01
DSIL,2024-03-14,2.65,2.85,2.65,2.76,24000,psxdata,2026-05-11T12:56:01
DSIL,2024-03-15,2.77,2.77,2.7,2.72,16000,psxdata,2026-05-11T12:56:01
DSIL,2024-03-18,2.8,2.8,2.51,2.56,96500,psxdata,2026-05-11T12:56:01
DSIL,2024-03-19,2.86,2.93,2.52,2.78,224000,psxdata,2026-05-11T12:56:01
DSIL,2024-03-20,2.9,2.94,2.73,2.8,29500,psxdata,2026-05-11T12:56:01
DSIL,2024-03-21,2.9,2.9,2.76,2.77,42500,psxdata,2026-05-11T12:56:01
DSIL,2024-03-22,2.58,2.9,2.58,2.62,79000,psxdata,2026-05-11T12:56:01
DSIL,2024-03-25,2.62,2.62,2.55,2.62,10500,psxdata,2026-05-11T12:56:01
DSIL,2024-03-26,2.6,2.71,2.6,2.63,16000,psxdata,2026-05-11T12:56:01
DSIL,2024-03-27,2.6,3.29,2.6,2.85,238000,psxdata,2026-05-11T12:56:01
DSIL,2024-03-28,2.89,2.96,2.75,2.91,39500,psxdata,2026-05-11T12:56:01
DSIL,2024-03-29,2.88,2.88,2.65,2.67,47000,psxdata,2026-05-11T12:56:01
DSIL,2024-04-01,2.56,2.85,2.56,2.6,18500,psxdata,2026-05-11T12:56:01
DSIL,2024-04-02,2.65,2.65,2.57,2.61,44500,psxdata,2026-05-11T12:56:01
DSIL,2024-04-03,2.55,2.65,2.5,2.55,196000,psxdata,2026-05-11T12:56:01
DSIL,2024-04-04,2.55,2.63,2.53,2.55,34000,psxdata,2026-05-11T12:56:01
DSIL,2024-04-08,2.6,2.69,2.45,2.55,76000,psxdata,2026-05-11T12:56:01
DSIL,2024-04-09,2.58,2.6,2.55,2.6,3000,psxdata,2026-05-11T12:56:01
DSIL,2024-04-15,2.6,2.63,2.56,2.61,126500,psxdata,2026-05-11T12:56:01
DSIL,2024-04-16,2.5,2.73,2.5,2.62,316000,psxdata,2026-05-11T12:56:01
DSIL,2024-04-17,2.62,2.7,2.62,2.7,18500,psxdata,2026-05-11T12:56:01
DSIL,2024-04-18,2.73,2.75,2.6,2.75,32500,psxdata,2026-05-11T12:56:01
DSIL,2024-04-19,2.74,2.74,2.6,2.63,550000,psxdata,2026-05-11T12:56:01
DSIL,2024-04-22,2.65,2.65,2.6,2.6,17500,psxdata,2026-05-11T12:56:01
DSIL,2024-04-23,2.7,2.7,2.49,2.51,664500,psxdata,2026-05-11T12:56:01
DSIL,2024-04-24,2.53,2.57,2.47,2.5,169500,psxdata,2026-05-11T12:56:01
DSIL,2024-04-25,2.59,2.59,2.46,2.53,56000,psxdata,2026-05-11T12:56:01
DSIL,2024-04-26,2.6,2.6,2.42,2.53,49000,psxdata,2026-05-11T12:56:01
DSIL,2024-04-29,2.5,2.63,2.5,2.61,43500,psxdata,2026-05-11T12:56:01
DSIL,2024-04-30,2.78,2.78,2.42,2.5,277000,psxdata,2026-05-11T12:56:01
DSIL,2024-05-02,2.6,2.6,2.43,2.5,3000,psxdata,2026-05-11T12:56:01
DSIL,2024-05-03,2.66,2.69,2.37,2.49,35500,psxdata,2026-05-11T12:56:01
DSIL,2024-05-06,2.73,2.73,2.39,2.4,402500,psxdata,2026-05-11T12:56:01
DSIL,2024-05-07,2.37,2.41,2.35,2.37,231500,psxdata,2026-05-11T12:56:01
DSIL,2024-05-08,2.64,2.64,2.2,2.45,184500,psxdata,2026-05-11T12:56:01
DSIL,2024-05-09,2.4,2.59,2.4,2.47,114500,psxdata,2026-05-11T12:56:01
DSIL,2024-05-10,2.64,2.73,2.46,2.49,250000,psxdata,2026-05-11T12:56:01
DSIL,2024-05-13,2.37,2.53,2.37,2.48,26000,psxdata,2026-05-11T12:56:01
DSIL,2024-05-14,2.62,2.62,2.45,2.46,46500,psxdata,2026-05-11T12:56:01
DSIL,2024-05-15,2.47,2.49,2.41,2.42,54500,psxdata,2026-05-11T12:56:01
DSIL,2024-05-16,2.42,2.49,2.4,2.42,39000,psxdata,2026-05-11T12:56:01
DSIL,2024-05-17,2.41,2.45,2.16,2.39,281000,psxdata,2026-05-11T12:56:01
DSIL,2024-05-20,2.41,2.41,2.35,2.37,49500,psxdata,2026-05-11T12:56:01
DSIL,2024-05-21,2.39,2.48,2.31,2.36,152500,psxdata,2026-05-11T12:56:01
DSIL,2024-05-22,2.4,2.4,2.3,2.35,90500,psxdata,2026-05-11T12:56:01
DSIL,2024-05-23,2.49,2.69,2.3,2.55,643500,psxdata,2026-05-11T12:56:01
DSIL,2024-05-24,2.55,3.2,2.55,2.69,1516500,psxdata,2026-05-11T12:56:01
DSIL,2024-05-27,2.7,2.75,2.45,2.53,113425,psxdata,2026-05-11T12:56:01
DSIL,2024-05-29,2.6,2.85,2.48,2.59,176293,psxdata,2026-05-11T12:56:01
DSIL,2024-05-30,2.55,2.68,2.49,2.49,38061,psxdata,2026-05-11T12:56:01
DSIL,2024-05-31,2.49,2.6,2.45,2.52,5210,psxdata,2026-05-11T12:56:01
DSIL,2024-06-03,2.46,2.68,2.46,2.56,14771,psxdata,2026-05-11T12:56:01
DSIL,2024-06-04,2.67,2.74,2.55,2.61,33492,psxdata,2026-05-11T12:56:01
DSIL,2024-06-05,2.55,2.69,2.46,2.56,24851,psxdata,2026-05-11T12:56:01
DSIL,2024-06-06,2.64,3.12,2.64,2.9,2340634,psxdata,2026-05-11T12:56:01
DSIL,2024-06-07,3.15,3.9,2.9,3.9,5737994,psxdata,2026-05-11T12:56:01
DSIL,2024-06-10,4.3,4.6,3.05,3.56,7415829,psxdata,2026-05-11T12:56:01
DSIL,2024-06-11,3.5,3.7,3.2,3.28,1184903,psxdata,2026-05-11T12:56:01
DSIL,2024-06-12,3.39,3.6,3.05,3.33,632878,psxdata,2026-05-11T12:56:01
DSIL,2024-06-13,3.3,3.34,3.1,3.18,665986,psxdata,2026-05-11T12:56:01
DSIL,2024-06-14,3.11,3.2,3.0,3.01,182294,psxdata,2026-05-11T12:56:01
DSIL,2024-06-20,3.24,4.01,3.0,3.95,3950595,psxdata,2026-05-11T12:56:01
DSIL,2024-06-21,4.06,4.29,3.66,3.82,3010139,psxdata,2026-05-11T12:56:01
DSIL,2024-06-24,3.9,4.1,3.66,3.76,1743212,psxdata,2026-05-11T12:56:01
DSIL,2024-06-25,3.89,3.89,3.39,3.42,944163,psxdata,2026-05-11T12:56:01
DSIL,2024-06-26,3.45,3.59,3.24,3.31,717775,psxdata,2026-05-11T12:56:01
DSIL,2024-06-27,3.47,3.47,3.25,3.3,171174,psxdata,2026-05-11T12:56:01
DSIL,2024-06-28,3.22,3.59,3.22,3.45,410055,psxdata,2026-05-11T12:56:01
DSIL,2024-07-01,3.59,3.86,3.5,3.67,1602694,psxdata,2026-05-11T12:56:01
DSIL,2024-07-02,3.7,3.8,3.48,3.61,644788,psxdata,2026-05-11T12:56:01
DSIL,2024-07-03,3.8,3.8,3.5,3.58,438190,psxdata,2026-05-11T12:56:01
DSIL,2024-07-04,3.7,3.9,3.54,3.83,2229401,psxdata,2026-05-11T12:56:01
DSIL,2024-07-05,4.0,4.37,3.71,3.8,3218766,psxdata,2026-05-11T12:56:01
DSIL,2024-07-08,4.0,4.0,3.8,3.83,317676,psxdata,2026-05-11T12:56:01
DSIL,2024-07-09,3.95,4.2,3.75,3.8,1450983,psxdata,2026-05-11T12:56:01
DSIL,2024-07-10,3.8,3.9,3.66,3.71,212829,psxdata,2026-05-11T12:56:01
DSIL,2024-07-11,3.88,3.94,3.45,3.51,514265,psxdata,2026-05-11T12:56:01
DSIL,2024-07-12,3.6,3.69,3.3,3.41,505928,psxdata,2026-05-11T12:56:01
DSIL,2024-07-15,3.71,3.71,3.3,3.34,117291,psxdata,2026-05-11T12:56:01
DSIL,2024-07-18,3.3,3.6,3.3,3.46,178087,psxdata,2026-05-11T12:56:01
DSIL,2024-07-19,3.59,3.59,3.25,3.31,98944,psxdata,2026-05-11T12:56:01
DSIL,2024-07-22,3.3,3.56,3.2,3.22,112636,psxdata,2026-05-11T12:56:01
DSIL,2024-07-23,3.56,3.56,3.23,3.3,196345,psxdata,2026-05-11T12:56:01
DSIL,2024-07-24,3.3,3.52,3.3,3.43,143110,psxdata,2026-05-11T12:56:01
DSIL,2024-07-25,3.6,3.6,3.31,3.44,53271,psxdata,2026-05-11T12:56:01
DSIL,2024-07-26,3.6,3.95,3.4,3.45,22611,psxdata,2026-05-11T12:56:01
DSIL,2024-07-29,3.45,3.65,3.33,3.46,90999,psxdata,2026-05-11T12:56:01
DSIL,2024-07-30,3.6,3.6,3.3,3.35,79457,psxdata,2026-05-11T12:56:01
DSIL,2024-07-31,3.45,3.46,3.2,3.23,220710,psxdata,2026-05-11T12:56:01
DSIL,2024-08-01,3.49,3.5,3.1,3.44,616357,psxdata,2026-05-11T12:56:01
DSIL,2024-08-02,3.25,3.63,3.2,3.39,213676,psxdata,2026-05-11T12:56:01
DSIL,2024-08-05,3.3,3.73,3.3,3.7,286612,psxdata,2026-05-11T12:56:01
DSIL,2024-08-06,3.51,3.77,3.51,3.64,206226,psxdata,2026-05-11T12:56:01
DSIL,2024-08-07,3.45,3.71,3.45,3.65,107394,psxdata,2026-05-11T12:56:01
DSIL,2024-08-08,3.73,3.73,3.55,3.59,20100,psxdata,2026-05-11T12:56:01
DSIL,2024-08-09,3.69,3.89,3.58,3.73,184238,psxdata,2026-05-11T12:56:01
DSIL,2024-08-12,3.84,4.2,3.8,3.84,2074722,psxdata,2026-05-11T12:56:01
DSIL,2024-08-13,4.0,4.0,3.75,3.83,993382,psxdata,2026-05-11T12:56:01
DSIL,2024-08-15,3.99,3.99,3.7,3.81,329437,psxdata,2026-05-11T12:56:01
DSIL,2024-08-16,3.89,3.99,3.72,3.76,296787,psxdata,2026-05-11T12:56:01
DSIL,2024-08-19,3.75,4.24,3.75,3.97,1431565,psxdata,2026-05-11T12:56:01
DSIL,2024-08-20,4.1,4.15,3.8,4.1,751606,psxdata,2026-05-11T12:56:01
DSIL,2024-08-21,4.17,4.5,4.12,4.28,1142813,psxdata,2026-05-11T12:56:01
DSIL,2024-08-22,4.36,4.68,4.18,4.28,1123902,psxdata,2026-05-11T12:56:01
DSIL,2024-08-23,4.35,4.5,4.2,4.24,283702,psxdata,2026-05-11T12:56:01
DSIL,2024-08-26,4.3,4.44,3.77,3.92,622828,psxdata,2026-05-11T12:56:01
DSIL,2024-08-27,3.83,4.08,3.8,3.95,164435,psxdata,2026-05-11T12:56:01
DSIL,2024-08-28,4.04,4.04,3.77,3.81,501413,psxdata,2026-05-11T12:56:01
DSIL,2024-08-29,3.98,4.28,3.85,3.91,707146,psxdata,2026-05-11T12:56:01
DSIL,2024-08-30,4.19,4.5,3.81,4.16,2383935,psxdata,2026-05-11T12:56:01
DSIL,2024-09-02,4.25,4.25,3.82,3.86,276512,psxdata,2026-05-11T12:56:01
DSIL,2024-09-03,4.05,4.09,3.8,3.99,390026,psxdata,2026-05-11T12:56:01
DSIL,2024-09-04,4.09,4.75,4.06,4.46,4570656,psxdata,2026-05-11T12:56:01
DSIL,2024-09-05,4.73,4.9,4.32,4.72,2042908,psxdata,2026-05-11T12:56:01
DSIL,2024-09-06,4.96,5.38,4.83,5.08,3315125,psxdata,2026-05-11T12:56:01
DSIL,2024-09-09,5.1,5.23,4.8,4.95,725374,psxdata,2026-05-11T12:56:01
DSIL,2024-09-10,5.02,5.18,4.95,5.08,1175190,psxdata,2026-05-11T12:56:01
DSIL,2024-09-11,5.19,5.19,4.73,4.84,285650,psxdata,2026-05-11T12:56:01
DSIL,2024-09-12,5.0,5.0,4.62,4.7,352387,psxdata,2026-05-11T12:56:01
DSIL,2024-09-13,4.85,5.24,4.4,4.88,1888235,psxdata,2026-05-11T12:56:01
DSIL,2024-09-16,5.0,5.0,4.4,4.51,256531,psxdata,2026-05-11T12:56:01
DSIL,2024-09-18,4.74,4.74,4.32,4.47,291603,psxdata,2026-05-11T12:56:01
DSIL,2024-09-19,4.7,4.84,4.45,4.69,626734,psxdata,2026-05-11T12:56:01
DSIL,2024-09-20,4.88,4.88,4.5,4.54,264578,psxdata,2026-05-11T12:56:01
DSIL,2024-09-23,4.46,4.68,4.45,4.67,117166,psxdata,2026-05-11T12:56:01
DSIL,2024-09-24,4.67,4.75,4.54,4.68,41544,psxdata,2026-05-11T12:56:01
DSIL,2024-09-25,4.5,4.8,4.5,4.7,241813,psxdata,2026-05-11T12:56:01
DSIL,2024-09-26,4.81,4.81,4.55,4.7,998528,psxdata,2026-05-11T12:56:01
DSIL,2024-09-27,4.55,4.84,4.55,4.72,104758,psxdata,2026-05-11T12:56:01
DSIL,2024-09-30,4.74,5.2,4.73,4.84,471661,psxdata,2026-05-11T12:56:01
DSIL,2024-10-01,5.18,5.29,4.73,5.2,749396,psxdata,2026-05-11T12:56:01
DSIL,2024-10-02,5.14,5.6,5.06,5.47,767834,psxdata,2026-05-11T12:56:01
DSIL,2024-10-03,5.58,5.58,5.15,5.25,171468,psxdata,2026-05-11T12:56:01
DSIL,2024-10-04,5.3,5.44,5.1,5.12,116126,psxdata,2026-05-11T12:56:01
DSIL,2024-10-07,5.39,5.39,4.95,5.1,191138,psxdata,2026-05-11T12:56:01
DSIL,2024-10-08,5.1,5.25,5.1,5.23,398325,psxdata,2026-05-11T12:56:01
DSIL,2024-10-09,5.29,5.44,5.07,5.35,442123,psxdata,2026-05-11T12:56:01
DSIL,2024-10-10,5.47,5.49,5.21,5.32,121522,psxdata,2026-05-11T12:56:01
DSIL,2024-10-11,5.11,5.47,5.04,5.41,563298,psxdata,2026-05-11T12:56:01
DSIL,2024-10-14,5.44,5.8,5.21,5.72,2078570,psxdata,2026-05-11T12:56:01
DSIL,2024-10-15,5.74,5.89,5.67,5.8,920403,psxdata,2026-05-11T12:56:01
DSIL,2024-10-16,5.8,6.16,5.7,5.87,1462367,psxdata,2026-05-11T12:56:01
DSIL,2024-10-17,6.08,6.08,5.85,5.89,430390,psxdata,2026-05-11T12:56:01
DSIL,2024-10-18,6.09,6.1,5.6,6.07,609222,psxdata,2026-05-11T12:56:01
DSIL,2024-10-21,5.7,6.37,5.7,6.32,1032842,psxdata,2026-05-11T12:56:01
DSIL,2024-10-22,6.39,6.5,6.17,6.38,1453654,psxdata,2026-05-11T12:56:01
DSIL,2024-10-23,6.49,6.5,6.11,6.48,1262480,psxdata,2026-05-11T12:56:01
DSIL,2024-10-24,6.5,6.75,6.36,6.69,1024299,psxdata,2026-05-11T12:56:01
DSIL,2024-10-25,6.84,6.84,6.18,6.74,1519445,psxdata,2026-05-11T12:56:01
DSIL,2024-10-28,6.85,6.99,6.5,6.89,961916,psxdata,2026-05-11T12:56:01
DSIL,2024-10-29,6.81,6.98,6.57,6.66,614266,psxdata,2026-05-11T12:56:01
DSIL,2024-10-30,6.35,6.85,6.35,6.79,1411183,psxdata,2026-05-11T12:56:01
DSIL,2024-10-31,6.85,6.9,6.66,6.86,137707,psxdata,2026-05-11T12:56:01
DSIL,2024-11-01,6.93,6.95,6.61,6.79,288840,psxdata,2026-05-11T12:56:01
DSIL,2024-11-04,6.98,6.99,6.75,6.95,541000,psxdata,2026-05-11T12:56:01
DSIL,2024-11-05,6.95,7.25,6.76,7.15,1122962,psxdata,2026-05-11T12:56:01
DSIL,2024-11-06,7.2,7.25,6.91,7.24,587123,psxdata,2026-05-11T12:56:01
DSIL,2024-11-07,7.29,7.44,7.03,7.34,701834,psxdata,2026-05-11T12:56:01
DSIL,2024-11-08,7.01,7.69,7.01,7.58,988726,psxdata,2026-05-11T12:56:01
DSIL,2024-11-11,7.58,7.88,7.5,7.75,642096,psxdata,2026-05-11T12:56:01
DSIL,2024-11-12,7.89,8.0,7.7,7.96,893441,psxdata,2026-05-11T12:56:01
DSIL,2024-11-13,8.1,8.26,7.9,8.2,1746545,psxdata,2026-05-11T12:56:01
DSIL,2024-11-14,8.35,8.83,8.1,8.65,3385376,psxdata,2026-05-11T12:56:01
DSIL,2024-11-15,8.98,9.48,8.71,9.31,32226742,psxdata,2026-05-11T12:56:01
DSIL,2024-11-18,9.3,9.44,8.31,8.31,5041097,psxdata,2026-05-11T12:56:01
DSIL,2024-11-19,7.42,8.15,7.32,7.82,5061689,psxdata,2026-05-11T12:56:01
DSIL,2024-11-20,8.1,8.29,7.7,8.01,7000052,psxdata,2026-05-11T12:56:01
DSIL,2024-11-21,8.2,8.2,7.7,7.79,4557560,psxdata,2026-05-11T12:56:01
DSIL,2024-11-22,7.74,7.88,6.79,6.79,2295747,psxdata,2026-05-11T12:56:01
DSIL,2024-11-25,6.48,6.6,5.79,5.92,3309163,psxdata,2026-05-11T12:56:01
DSIL,2024-11-26,5.76,5.94,5.06,5.17,3547527,psxdata,2026-05-11T12:56:01
DSIL,2024-11-27,5.44,5.63,5.18,5.42,1725746,psxdata,2026-05-11T12:56:01
DSIL,2024-11-28,5.66,5.87,5.52,5.64,1922026,psxdata,2026-05-11T12:56:01
DSIL,2024-11-29,5.72,6.06,5.56,5.73,857764,psxdata,2026-05-11T12:56:01
DSIL,2024-12-02,5.96,6.09,5.7,5.92,386905,psxdata,2026-05-11T12:56:01
DSIL,2024-12-03,6.2,6.87,6.0,6.68,1875232,psxdata,2026-05-11T12:56:01
DSIL,2024-12-04,6.8,7.11,6.7,6.72,1600152,psxdata,2026-05-11T12:56:01
DSIL,2024-12-05,6.85,6.98,6.51,6.84,957740,psxdata,2026-05-11T12:56:01
DSIL,2024-12-06,6.97,7.09,6.3,6.56,755608,psxdata,2026-05-11T12:56:01
DSIL,2024-12-09,6.79,6.8,6.3,6.5,227720,psxdata,2026-05-11T12:56:01
DSIL,2024-12-10,6.55,6.6,5.8,5.93,716085,psxdata,2026-05-11T12:56:01
DSIL,2024-12-11,5.82,6.49,5.82,6.19,1840769,psxdata,2026-05-11T12:56:01
DSIL,2024-12-12,6.01,6.49,6.01,6.07,1434771,psxdata,2026-05-11T12:56:01
DSIL,2024-12-13,6.3,6.3,6.0,6.11,184091,psxdata,2026-05-11T12:56:01
DSIL,2024-12-16,6.12,6.27,6.0,6.09,183143,psxdata,2026-05-11T12:56:01
DSIL,2024-12-17,6.0,6.29,5.7,5.82,394622,psxdata,2026-05-11T12:56:01
DSIL,2024-12-18,5.82,6.0,5.7,5.81,154802,psxdata,2026-05-11T12:56:01
DSIL,2024-12-19,5.9,5.96,5.5,5.61,569819,psxdata,2026-05-11T12:56:01
DSIL,2024-12-20,5.87,5.87,5.32,5.47,56291,psxdata,2026-05-11T12:56:01
DSIL,2024-12-23,5.69,5.92,5.6,5.79,74253,psxdata,2026-05-11T12:56:01
DSIL,2024-12-24,5.93,6.1,5.68,5.72,106639,psxdata,2026-05-11T12:56:01
DSIL,2024-12-26,5.7,5.95,5.55,5.57,37551,psxdata,2026-05-11T12:56:01
DSIL,2024-12-27,5.84,5.84,5.42,5.65,1577537,psxdata,2026-05-11T12:56:01
DSIL,2024-12-30,5.88,5.88,5.46,5.71,223517,psxdata,2026-05-11T12:56:01
DSIL,2024-12-31,5.96,5.96,5.58,5.81,63776,psxdata,2026-05-11T12:56:01
DSIL,2025-01-01,5.72,6.1,5.72,5.82,1721989,psxdata,2026-05-11T12:56:01
DSIL,2025-01-02,6.15,6.15,5.82,5.84,301090,psxdata,2026-05-11T12:56:01
DSIL,2025-01-03,6.12,6.12,5.69,5.72,117034,psxdata,2026-05-11T12:56:01
DSIL,2025-01-06,5.9,5.9,5.34,5.47,432113,psxdata,2026-05-11T12:56:01
DSIL,2025-01-07,5.45,5.7,5.33,5.41,112175,psxdata,2026-05-11T12:56:01
DSIL,2025-01-08,5.72,5.72,5.35,5.5,34962,psxdata,2026-05-11T12:56:01
DSIL,2025-01-09,5.75,5.75,5.3,5.36,159164,psxdata,2026-05-11T12:56:01
DSIL,2025-01-10,5.7,5.7,5.21,5.4,980147,psxdata,2026-05-11T12:56:01
DSIL,2025-01-13,5.5,5.55,5.26,5.4,1735945,psxdata,2026-05-11T12:56:01
DSIL,2025-01-14,5.64,5.64,5.27,5.33,1063318,psxdata,2026-05-11T12:56:01
DSIL,2025-01-15,5.34,5.58,5.28,5.33,1569620,psxdata,2026-05-11T12:56:01
DSIL,2025-01-16,5.48,5.53,5.25,5.39,1482494,psxdata,2026-05-11T12:56:01
DSIL,2025-01-17,5.45,5.54,5.33,5.4,32405,psxdata,2026-05-11T12:56:01
DSIL,2025-01-20,5.32,5.51,5.28,5.35,218612,psxdata,2026-05-11T12:56:01
DSIL,2025-01-21,5.31,5.5,5.24,5.3,272605,psxdata,2026-05-11T12:56:01
DSIL,2025-01-22,5.45,5.55,5.2,5.44,369900,psxdata,2026-05-11T12:56:01
DSIL,2025-01-23,5.5,5.5,5.28,5.47,108737,psxdata,2026-05-11T12:56:01
DSIL,2025-01-24,5.69,5.69,5.27,5.49,139864,psxdata,2026-05-11T12:56:01
DSIL,2025-01-27,5.5,5.5,5.4,5.45,27184,psxdata,2026-05-11T12:56:01
DSIL,2025-01-28,5.59,5.59,5.3,5.36,122962,psxdata,2026-05-11T12:56:01
DSIL,2025-01-29,5.45,5.6,4.36,4.48,3509785,psxdata,2026-05-11T12:56:01
DSIL,2025-01-30,4.55,4.55,4.19,4.23,4192372,psxdata,2026-05-11T12:56:01
DSIL,2025-01-31,4.35,4.61,4.27,4.48,1241309,psxdata,2026-05-11T12:56:01
DSIL,2025-02-03,4.62,5.48,4.45,5.48,3256836,psxdata,2026-05-11T12:56:01
DSIL,2025-02-04,6.47,6.48,5.73,5.82,9348990,psxdata,2026-05-11T12:56:01
DSIL,2025-02-06,5.9,6.2,5.4,5.62,1476477,psxdata,2026-05-11T12:56:01
DSIL,2025-02-07,5.57,5.65,5.33,5.41,298333,psxdata,2026-05-11T12:56:01
DSIL,2025-02-10,5.68,5.95,5.27,5.61,900624,psxdata,2026-05-11T12:56:01
DSIL,2025-02-11,5.51,5.75,5.45,5.58,197961,psxdata,2026-05-11T12:56:01
DSIL,2025-02-12,5.73,6.1,5.7,5.91,1236081,psxdata,2026-05-11T12:56:01
DSIL,2025-02-13,6.1,6.22,5.66,6.0,2697049,psxdata,2026-05-11T12:56:01
DSIL,2025-02-14,6.0,6.5,6.0,6.29,3636098,psxdata,2026-05-11T12:56:01
DSIL,2025-02-17,6.51,7.0,6.03,6.1,5246969,psxdata,2026-05-11T12:56:01
DSIL,2025-02-18,6.25,6.25,5.9,6.07,833825,psxdata,2026-05-11T12:56:01
DSIL,2025-02-19,6.01,6.25,5.8,5.99,632136,psxdata,2026-05-11T12:56:01
DSIL,2025-02-20,5.9,6.04,5.8,5.81,358061,psxdata,2026-05-11T12:56:01
DSIL,2025-02-21,5.95,5.99,5.76,5.83,72539,psxdata,2026-05-11T12:56:01
DSIL,2025-02-24,5.95,6.1,5.8,5.91,437494,psxdata,2026-05-11T12:56:01
DSIL,2025-02-25,5.76,6.05,5.76,6.02,254348,psxdata,2026-05-11T12:56:01
DSIL,2025-02-26,6.1,6.1,5.9,6.05,580746,psxdata,2026-05-11T12:56:01
DSIL,2025-02-27,5.87,6.09,5.87,5.91,335420,psxdata,2026-05-11T12:56:01
DSIL,2025-02-28,5.9,6.01,5.85,5.87,297506,psxdata,2026-05-11T12:56:01
DSIL,2025-03-03,6.0,6.0,5.66,5.72,40804,psxdata,2026-05-11T12:56:01
DSIL,2025-03-04,5.65,5.9,5.65,5.86,31740,psxdata,2026-05-11T12:56:01
DSIL,2025-03-05,5.7,5.96,5.67,5.85,171284,psxdata,2026-05-11T12:56:01
DSIL,2025-03-06,5.98,6.0,5.4,5.66,330143,psxdata,2026-05-11T12:56:01
DSIL,2025-03-07,5.8,5.8,5.77,5.79,39616,psxdata,2026-05-11T12:56:01
DSIL,2025-03-10,5.46,5.94,5.46,5.89,633670,psxdata,2026-05-11T12:56:01
DSIL,2025-03-11,5.89,5.89,5.67,5.69,91313,psxdata,2026-05-11T12:56:01
DSIL,2025-03-12,5.65,5.79,5.35,5.63,1490686,psxdata,2026-05-11T12:56:01
DSIL,2025-03-13,5.68,5.72,5.6,5.6,40455,psxdata,2026-05-11T12:56:01
DSIL,2025-03-14,5.35,5.68,5.35,5.51,33067,psxdata,2026-05-11T12:56:01
DSIL,2025-03-17,5.62,5.62,5.45,5.49,18498,psxdata,2026-05-11T12:56:01
DSIL,2025-03-18,5.5,5.59,5.35,5.38,175441,psxdata,2026-05-11T12:56:01
DSIL,2025-03-19,5.38,5.5,5.25,5.29,326053,psxdata,2026-05-11T12:56:01
DSIL,2025-03-20,5.47,5.84,5.0,5.19,1290113,psxdata,2026-05-11T12:56:01
DSIL,2025-03-21,5.25,5.33,5.19,5.25,108827,psxdata,2026-05-11T12:56:01
DSIL,2025-03-24,5.44,5.45,5.3,5.38,236240,psxdata,2026-05-11T12:56:01
DSIL,2025-03-25,5.4,5.51,5.23,5.3,677707,psxdata,2026-05-11T12:56:01
DSIL,2025-03-26,5.36,5.4,5.23,5.34,46886,psxdata,2026-05-11T12:56:01
DSIL,2025-03-27,5.3,5.3,5.1,5.14,763104,psxdata,2026-05-11T12:56:01
DSIL,2025-04-03,5.25,5.39,5.15,5.3,344380,psxdata,2026-05-11T12:56:01
DSIL,2025-04-04,5.1,5.38,5.1,5.27,326316,psxdata,2026-05-11T12:56:01
DSIL,2025-04-07,5.12,5.45,4.97,5.09,208108,psxdata,2026-05-11T12:56:01
DSIL,2025-04-08,5.3,5.3,4.5,5.01,242684,psxdata,2026-05-11T12:56:01
DSIL,2025-04-09,5.14,5.14,4.7,5.04,134061,psxdata,2026-05-11T12:56:01
DSIL,2025-04-10,5.19,5.19,5.0,5.03,86250,psxdata,2026-05-11T12:56:01
DSIL,2025-04-11,4.87,5.29,4.87,5.08,1609581,psxdata,2026-05-11T12:56:01
DSIL,2025-04-14,5.22,5.27,5.06,5.15,367244,psxdata,2026-05-11T12:56:01
DSIL,2025-04-15,5.1,5.54,5.06,5.33,1364875,psxdata,2026-05-11T12:56:01
DSIL,2025-04-16,5.48,5.86,5.3,5.61,2057739,psxdata,2026-05-11T12:56:01
DSIL,2025-04-17,5.7,5.83,5.57,5.73,1530529,psxdata,2026-05-11T12:56:01
DSIL,2025-04-18,5.8,5.9,5.55,5.69,661724,psxdata,2026-05-11T12:56:01
DSIL,2025-04-21,5.77,5.78,5.5,5.53,349542,psxdata,2026-05-11T12:56:01
DSIL,2025-04-22,5.54,5.63,5.36,5.43,155985,psxdata,2026-05-11T12:56:01
DSIL,2025-04-23,5.8,5.8,5.21,5.6,1169820,psxdata,2026-05-11T12:56:01
DSIL,2025-04-24,5.45,5.5,5.25,5.29,130249,psxdata,2026-05-11T12:56:01
DSIL,2025-04-25,5.58,5.58,5.21,5.36,121691,psxdata,2026-05-11T12:56:01
DSIL,2025-04-28,5.65,5.79,5.21,5.52,1724864,psxdata,2026-05-11T12:56:01
DSIL,2025-04-29,5.65,5.79,5.26,5.49,3519016,psxdata,2026-05-11T12:56:01
DSIL,2025-04-30,5.5,5.5,5.22,5.36,191560,psxdata,2026-05-11T12:56:01
DSIL,2025-05-02,5.65,5.65,4.95,5.02,2168668,psxdata,2026-05-11T12:56:01
DSIL,2025-05-05,5.05,5.05,4.79,4.8,428031,psxdata,2026-05-11T12:56:01
DSIL,2025-05-06,5.12,5.12,4.5,4.7,1202940,psxdata,2026-05-11T12:56:01
DSIL,2025-05-07,4.5,4.65,4.18,4.22,670965,psxdata,2026-05-11T12:56:01
DSIL,2025-05-08,4.5,4.5,3.22,3.49,2446492,psxdata,2026-05-11T12:56:01
DSIL,2025-05-09,3.5,3.95,3.3,3.9,199593,psxdata,2026-05-11T12:56:01
DSIL,2025-05-12,4.69,4.71,4.35,4.6,563469,psxdata,2026-05-11T12:56:01
DSIL,2025-05-13,4.74,4.74,4.0,4.51,294689,psxdata,2026-05-11T12:56:01
DSIL,2025-05-14,4.57,4.57,4.22,4.33,170369,psxdata,2026-05-11T12:56:01
DSIL,2025-05-15,4.45,4.5,4.3,4.31,160298,psxdata,2026-05-11T12:56:01
DSIL,2025-05-16,4.32,4.48,4.25,4.4,189596,psxdata,2026-05-11T12:56:01
DSIL,2025-05-19,4.31,4.49,4.28,4.44,191867,psxdata,2026-05-11T12:56:01
DSIL,2025-05-20,4.5,4.73,4.4,4.68,394479,psxdata,2026-05-11T12:56:01
DSIL,2025-05-21,4.73,5.05,4.7,4.78,589622,psxdata,2026-05-11T12:56:01
DSIL,2025-05-22,4.91,5.05,4.7,4.87,1263170,psxdata,2026-05-11T12:56:01
DSIL,2025-05-23,4.94,5.18,4.76,5.02,870996,psxdata,2026-05-11T12:56:01
DSIL,2025-05-26,5.25,5.25,4.95,5.0,391472,psxdata,2026-05-11T12:56:01
DSIL,2025-05-27,5.22,5.22,4.82,4.86,240861,psxdata,2026-05-11T12:56:01
DSIL,2025-05-29,5.1,5.12,4.85,5.03,336952,psxdata,2026-05-11T12:56:01
DSIL,2025-05-30,5.1,5.1,4.91,5.01,173608,psxdata,2026-05-11T12:56:01
DSIL,2025-06-02,5.18,5.18,4.84,4.91,60723,psxdata,2026-05-11T12:56:01
DSIL,2025-06-03,5.0,5.0,4.85,4.93,79153,psxdata,2026-05-11T12:56:01
DSIL,2025-06-04,4.85,5.09,4.75,4.97,77550,psxdata,2026-05-11T12:56:01
DSIL,2025-06-05,4.99,5.09,4.8,4.86,122636,psxdata,2026-05-11T12:56:01
DSIL,2025-06-10,5.0,5.07,4.9,4.95,261760,psxdata,2026-05-11T12:56:01
DSIL,2025-06-11,5.09,5.49,4.86,5.32,1554365,psxdata,2026-05-11T12:56:01
DSIL,2025-06-12,5.49,5.6,5.1,5.16,2093903,psxdata,2026-05-11T12:56:01
DSIL,2025-06-13,5.38,5.7,4.81,5.64,6184504,psxdata,2026-05-11T12:56:01
DSIL,2025-06-16,5.75,6.3,5.75,5.9,8295348,psxdata,2026-05-11T12:56:01
DSIL,2025-06-17,6.0,6.1,5.6,5.7,1664211,psxdata,2026-05-11T12:56:01
DSIL,2025-06-18,5.7,5.74,5.35,5.42,597839,psxdata,2026-05-11T12:56:01
DSIL,2025-06-19,5.65,5.65,5.34,5.36,387617,psxdata,2026-05-11T12:56:01
DSIL,2025-06-20,5.59,5.64,5.2,5.24,704203,psxdata,2026-05-11T12:56:01
DSIL,2025-06-23,4.75,5.24,4.75,4.89,573679,psxdata,2026-05-11T12:56:01
DSIL,2025-06-24,5.25,5.5,5.11,5.39,320525,psxdata,2026-05-11T12:56:01
DSIL,2025-06-25,5.58,5.58,5.2,5.4,160402,psxdata,2026-05-11T12:56:01
DSIL,2025-06-26,5.44,5.44,5.11,5.39,663809,psxdata,2026-05-11T12:56:01
DSIL,2025-06-27,5.4,6.23,5.35,5.8,2831136,psxdata,2026-05-11T12:56:01
DSIL,2025-06-30,6.12,6.12,5.71,6.03,3460640,psxdata,2026-05-11T12:56:01
DSIL,2025-07-01,6.24,6.29,5.88,5.94,861451,psxdata,2026-05-11T12:56:01
DSIL,2025-07-02,5.9,6.1,5.73,5.81,638343,psxdata,2026-05-11T12:56:01
DSIL,2025-07-03,5.76,6.0,5.76,5.86,430956,psxdata,2026-05-11T12:56:01
DSIL,2025-07-04,5.87,5.98,5.61,5.89,297735,psxdata,2026-05-11T12:56:01
DSIL,2025-07-07,6.01,6.1,5.81,5.91,568270,psxdata,2026-05-11T12:56:01
DSIL,2025-07-08,6.08,6.6,5.9,6.16,5717984,psxdata,2026-05-11T12:56:01
DSIL,2025-07-09,6.16,6.96,5.96,6.68,11901860,psxdata,2026-05-11T12:56:01
DSIL,2025-07-10,6.69,6.8,6.31,6.36,1408614,psxdata,2026-05-11T12:56:01
DSIL,2025-07-11,6.5,6.5,6.06,6.28,978298,psxdata,2026-05-11T12:56:01
DSIL,2025-07-14,6.31,7.11,6.28,6.99,11154771,psxdata,2026-05-11T12:56:01
DSIL,2025-07-15,7.18,7.28,6.4,6.48,6014826,psxdata,2026-05-11T12:56:01
DSIL,2025-07-16,6.4,6.6,6.4,6.51,798409,psxdata,2026-05-11T12:56:01
DSIL,2025-07-17,6.61,6.64,6.45,6.51,598604,psxdata,2026-05-11T12:56:01
DSIL,2025-07-18,6.59,6.59,6.3,6.42,541953,psxdata,2026-05-11T12:56:01
DSIL,2025-07-21,6.4,6.49,6.21,6.32,173721,psxdata,2026-05-11T12:56:01
DSIL,2025-07-22,6.48,6.71,6.2,6.58,626313,psxdata,2026-05-11T12:56:01
DSIL,2025-07-23,6.51,6.73,6.45,6.5,828571,psxdata,2026-05-11T12:56:01
DSIL,2025-07-24,6.45,6.65,6.4,6.44,346577,psxdata,2026-05-11T12:56:01
DSIL,2025-07-25,6.35,6.57,6.3,6.33,172445,psxdata,2026-05-11T12:56:01
DSIL,2025-07-28,6.69,6.69,6.29,6.35,413045,psxdata,2026-05-11T12:56:01
DSIL,2025-07-29,6.31,7.05,6.2,6.31,22149521,psxdata,2026-05-11T12:56:01
DSIL,2025-07-30,6.39,6.65,6.03,6.22,5383025,psxdata,2026-05-11T12:56:01
DSIL,2025-07-31,6.34,6.73,6.27,6.52,10000121,psxdata,2026-05-11T12:56:01
DSIL,2025-08-01,6.55,6.83,6.4,6.44,6986705,psxdata,2026-05-11T12:56:01
DSIL,2025-08-04,6.54,6.65,6.32,6.35,3780043,psxdata,2026-05-11T12:56:01
DSIL,2025-08-05,6.36,6.69,6.21,6.52,6068472,psxdata,2026-05-11T12:56:01
DSIL,2025-08-06,6.5,6.75,6.45,6.53,3638209,psxdata,2026-05-11T12:56:01
DSIL,2025-08-07,6.53,6.53,6.3,6.34,776171,psxdata,2026-05-11T12:56:01
DSIL,2025-08-08,6.31,6.45,6.05,6.15,965462,psxdata,2026-05-11T12:56:01
DSIL,2025-08-11,6.28,6.35,6.15,6.17,410217,psxdata,2026-05-11T12:56:01
DSIL,2025-08-12,6.29,6.43,6.05,6.18,1053414,psxdata,2026-05-11T12:56:01
DSIL,2025-08-13,6.3,6.3,6.13,6.17,334152,psxdata,2026-05-11T12:56:01
DSIL,2025-08-15,6.29,6.29,6.06,6.12,453090,psxdata,2026-05-11T12:56:01
DSIL,2025-08-18,6.13,6.34,6.03,6.13,621784,psxdata,2026-05-11T12:56:01
DSIL,2025-08-19,6.13,6.28,6.01,6.08,912323,psxdata,2026-05-11T12:56:01
DSIL,2025-08-20,6.06,6.23,6.04,6.1,665566,psxdata,2026-05-11T12:56:01
DSIL,2025-08-21,6.17,6.17,5.81,5.91,845803,psxdata,2026-05-11T12:56:01
DSIL,2025-08-22,5.91,6.1,5.9,6.02,749535,psxdata,2026-05-11T12:56:01
DSIL,2025-08-25,6.05,6.2,5.83,6.11,619074,psxdata,2026-05-11T12:56:01
DSIL,2025-08-26,6.03,6.2,6.0,6.12,419504,psxdata,2026-05-11T12:56:01
DSIL,2025-08-27,6.18,6.2,5.95,6.0,900765,psxdata,2026-05-11T12:56:01
DSIL,2025-08-28,6.15,6.15,6.0,6.08,197769,psxdata,2026-05-11T12:56:01
DSIL,2025-08-29,6.06,6.25,6.0,6.02,729589,psxdata,2026-05-11T12:56:01
DSIL,2025-09-01,6.02,6.25,6.0,6.09,588216,psxdata,2026-05-11T12:56:01
DSIL,2025-09-02,6.02,6.18,6.01,6.06,568223,psxdata,2026-05-11T12:56:01
DSIL,2025-09-03,6.17,6.19,6.0,6.04,641960,psxdata,2026-05-11T12:56:01
DSIL,2025-09-04,6.1,6.16,6.02,6.09,348246,psxdata,2026-05-11T12:56:01
DSIL,2025-09-05,6.06,6.15,6.02,6.06,272157,psxdata,2026-05-11T12:56:01
DSIL,2025-09-08,6.14,6.6,6.1,6.43,2723928,psxdata,2026-05-11T12:56:01
DSIL,2025-09-09,6.41,7.02,6.1,6.91,6332812,psxdata,2026-05-11T12:56:01
DSIL,2025-09-10,6.87,6.91,6.5,6.53,1274436,psxdata,2026-05-11T12:56:01
DSIL,2025-09-11,6.6,6.85,6.51,6.55,4530467,psxdata,2026-05-11T12:56:01
DSIL,2025-09-12,6.41,7.55,6.16,7.55,9543742,psxdata,2026-05-11T12:56:01
DSIL,2025-09-15,8.29,8.55,8.0,8.18,34827815,psxdata,2026-05-11T12:56:01
DSIL,2025-09-16,8.1,8.25,7.79,8.1,5351066,psxdata,2026-05-11T12:56:01
DSIL,2025-09-17,8.15,8.53,7.99,8.18,2946075,psxdata,2026-05-11T12:56:01
DSIL,2025-09-18,8.22,9.18,8.15,9.18,9048527,psxdata,2026-05-11T12:56:01
DSIL,2025-09-19,9.4,10.18,9.4,10.18,7080956,psxdata,2026-05-11T12:56:01
DSIL,2025-09-22,10.55,11.2,10.3,11.2,6257593,psxdata,2026-05-11T12:56:01
DSIL,2025-09-23,11.5,11.95,11.25,11.52,6836879,psxdata,2026-05-11T12:56:01
DSIL,2025-09-24,11.76,12.67,11.06,12.67,9750537,psxdata,2026-05-11T12:56:01
DSIL,2025-09-25,11.5,13.94,11.5,13.94,5292929,psxdata,2026-05-11T12:56:01
DSIL,2025-09-26,14.5,15.33,14.5,15.33,678502,psxdata,2026-05-11T12:56:01
DSIL,2025-09-29,16.86,16.86,13.8,13.99,10495170,psxdata,2026-05-11T12:56:01
DSIL,2025-09-30,13.85,14.0,13.25,13.33,1839378,psxdata,2026-05-11T12:56:01
DSIL,2025-10-01,13.7,13.7,13.0,13.17,903720,psxdata,2026-05-11T12:56:01
DSIL,2025-10-02,14.0,14.49,13.3,13.63,6955002,psxdata,2026-05-11T12:56:01
DSIL,2025-10-03,13.9,14.2,13.25,13.66,2136433,psxdata,2026-05-11T12:56:01
DSIL,2025-10-06,14.0,14.2,13.2,13.26,2243928,psxdata,2026-05-11T12:56:01
DSIL,2025-10-07,13.2,14.17,13.15,13.52,2412725,psxdata,2026-05-11T12:56:01
DSIL,2025-10-08,13.99,13.99,13.02,13.71,995824,psxdata,2026-05-11T12:56:01
DSIL,2025-10-09,13.81,13.93,13.5,13.62,749294,psxdata,2026-05-11T12:56:01
DSIL,2025-10-10,12.51,13.73,12.51,13.15,1603034,psxdata,2026-05-11T12:56:01
DSIL,2025-10-13,12.95,13.44,12.31,12.45,272398,psxdata,2026-05-11T12:56:01
DSIL,2025-10-14,12.99,13.7,12.8,13.16,1441368,psxdata,2026-05-11T12:56:01
DSIL,2025-10-15,13.16,13.44,13.0,13.05,431965,psxdata,2026-05-11T12:56:01
DSIL,2025-10-16,13.06,13.37,12.65,12.84,257508,psxdata,2026-05-11T12:56:01
DSIL,2025-10-17,12.72,13.0,12.35,12.52,444465,psxdata,2026-05-11T12:56:01
DSIL,2025-10-20,12.85,12.88,12.2,12.29,305159,psxdata,2026-05-11T12:56:01
DSIL,2025-10-21,12.21,13.52,12.02,13.2,1822023,psxdata,2026-05-11T12:56:01
DSIL,2025-10-22,13.5,13.5,12.51,13.21,1391015,psxdata,2026-05-11T12:56:01
DSIL,2025-10-23,13.47,14.53,13.12,14.53,8599488,psxdata,2026-05-11T12:56:01
DSIL,2025-10-24,15.0,15.89,14.15,14.64,4808446,psxdata,2026-05-11T12:56:01
DSIL,2025-10-27,14.7,15.4,14.0,14.09,1872514,psxdata,2026-05-11T12:56:01
DSIL,2025-10-28,14.06,14.3,12.68,12.91,1309289,psxdata,2026-05-11T12:56:01
DSIL,2025-10-29,12.9,13.11,12.37,12.5,615480,psxdata,2026-05-11T12:56:01
DSIL,2025-10-30,12.56,12.8,12.0,12.16,390090,psxdata,2026-05-11T12:56:01
DSIL,2025-10-31,11.5,12.9,11.5,11.98,470887,psxdata,2026-05-11T12:56:01
DSIL,2025-11-03,12.25,12.74,11.98,12.42,353150,psxdata,2026-05-11T12:56:01
DSIL,2025-11-04,12.2,13.4,11.66,12.25,841092,psxdata,2026-05-11T12:56:01
DSIL,2025-11-05,12.75,13.0,12.21,12.67,629057,psxdata,2026-05-11T12:56:01
DSIL,2025-11-06,12.65,13.88,12.12,13.26,1296123,psxdata,2026-05-11T12:56:01
DSIL,2025-11-07,13.5,13.5,13.0,13.14,291182,psxdata,2026-05-11T12:56:01
DSIL,2025-11-10,12.7,13.49,12.7,13.24,542605,psxdata,2026-05-11T12:56:01
DSIL,2025-11-11,13.46,13.46,12.25,12.6,466909,psxdata,2026-05-11T12:56:01
DSIL,2025-11-12,12.97,12.99,12.49,12.68,217497,psxdata,2026-05-11T12:56:01
DSIL,2025-11-13,12.88,12.95,12.1,12.63,136355,psxdata,2026-05-11T12:56:01
DSIL,2025-11-14,12.25,12.75,12.25,12.5,117114,psxdata,2026-05-11T12:56:01
DSIL,2025-11-17,12.8,12.8,12.2,12.3,128507,psxdata,2026-05-11T12:56:01
DSIL,2025-11-18,12.69,12.69,12.01,12.11,221540,psxdata,2026-05-11T12:56:01
DSIL,2025-11-19,12.35,12.49,12.15,12.23,174653,psxdata,2026-05-11T12:56:01
DSIL,2025-11-20,12.4,13.15,12.19,12.73,789229,psxdata,2026-05-11T12:56:01
DSIL,2025-11-21,12.95,14.0,12.5,14.0,10547233,psxdata,2026-05-11T12:56:01
DSIL,2025-11-24,15.4,15.4,15.4,15.4,952154,psxdata,2026-05-11T12:56:01
DSIL,2025-11-25,16.94,16.94,13.86,13.86,19918240,psxdata,2026-05-11T12:56:01
DSIL,2025-11-26,13.1,14.45,12.8,13.42,6364504,psxdata,2026-05-11T12:56:01
DSIL,2025-11-27,13.6,14.76,13.51,14.76,8546283,psxdata,2026-05-11T12:56:01
DSIL,2025-11-28,15.0,15.39,13.29,13.51,5120592,psxdata,2026-05-11T12:56:01
DSIL,2025-12-01,13.51,13.8,13.0,13.31,2648220,psxdata,2026-05-11T12:56:01
DSIL,2025-12-02,13.5,13.6,12.75,12.86,1871781,psxdata,2026-05-11T12:56:01
DSIL,2025-12-03,13.09,13.09,12.2,12.24,1393080,psxdata,2026-05-11T12:56:01
DSIL,2025-12-04,12.49,13.46,11.95,13.46,3762098,psxdata,2026-05-11T12:56:01
DSIL,2025-12-05,13.84,14.14,12.9,13.12,3853435,psxdata,2026-05-11T12:56:01
DSIL,2025-12-08,13.13,13.8,12.93,13.63,3343999,psxdata,2026-05-11T12:56:01
DSIL,2025-12-09,13.87,13.87,13.02,13.2,1218153,psxdata,2026-05-11T12:56:01
DSIL,2025-12-10,13.32,13.62,13.1,13.25,1446499,psxdata,2026-05-11T12:56:01
DSIL,2025-12-11,13.45,14.58,13.1,14.58,6592247,psxdata,2026-05-11T12:56:01
DSIL,2025-12-12,15.48,16.04,13.6,15.45,16204816,psxdata,2026-05-11T12:56:01
DSIL,2025-12-15,15.95,17.0,15.75,17.0,8456474,psxdata,2026-05-11T12:56:01
DSIL,2025-12-16,17.79,17.9,15.3,15.3,8408822,psxdata,2026-05-11T12:56:01
DSIL,2025-12-17,14.7,15.5,13.77,15.15,6806285,psxdata,2026-05-11T12:56:01
DSIL,2025-12-18,15.05,16.0,14.7,14.89,1866050,psxdata,2026-05-11T12:56:01
DSIL,2025-12-19,15.0,15.24,14.4,14.58,1350265,psxdata,2026-05-11T12:56:01
DSIL,2025-12-22,14.5,14.89,14.35,14.41,670402,psxdata,2026-05-11T12:56:01
DSIL,2025-12-23,14.46,14.5,13.0,13.08,3112972,psxdata,2026-05-11T12:56:01
DSIL,2025-12-24,13.45,13.49,12.49,12.67,1743143,psxdata,2026-05-11T12:56:01
DSIL,2025-12-26,12.7,12.92,11.4,11.77,7697424,psxdata,2026-05-11T12:56:01
DSIL,2025-12-29,11.99,12.0,10.59,10.78,8398845,psxdata,2026-05-11T12:56:01
DSIL,2025-12-30,10.88,11.81,10.65,11.44,3523403,psxdata,2026-05-11T12:56:01
DSIL,2025-12-31,11.5,11.6,10.9,10.99,2274610,psxdata,2026-05-11T12:56:01
DSIL,2026-01-01,11.05,11.45,11.05,11.24,2320532,psxdata,2026-05-11T12:56:01
DSIL,2026-01-02,11.35,11.73,11.14,11.4,2512560,psxdata,2026-05-11T12:56:01
DSIL,2026-01-05,11.3,11.9,11.3,11.57,2359864,psxdata,2026-05-11T12:56:01
DSIL,2026-01-06,11.64,11.7,11.18,11.2,1836566,psxdata,2026-05-11T12:56:01
DSIL,2026-01-07,11.35,11.5,11.1,11.28,1332294,psxdata,2026-05-11T12:56:01
DSIL,2026-01-08,11.32,11.85,11.2,11.43,2129536,psxdata,2026-05-11T12:56:01
DSIL,2026-01-09,11.36,11.45,11.2,11.27,607795,psxdata,2026-05-11T12:56:01
DSIL,2026-01-12,11.2,11.75,11.17,11.48,2058475,psxdata,2026-05-11T12:56:01
DSIL,2026-01-13,11.51,11.53,11.02,11.1,1093016,psxdata,2026-05-11T12:56:01
DSIL,2026-01-14,11.15,11.3,10.53,10.65,1653843,psxdata,2026-05-11T12:56:01
DSIL,2026-01-15,10.75,10.91,10.41,10.56,541175,psxdata,2026-05-11T12:56:01
DSIL,2026-01-16,10.79,11.35,10.57,11.01,1330279,psxdata,2026-05-11T12:56:01
DSIL,2026-01-19,11.0,11.11,10.38,10.74,1146857,psxdata,2026-05-11T12:56:01
DSIL,2026-01-20,10.8,10.9,10.32,10.65,869553,psxdata,2026-05-11T12:56:01
DSIL,2026-01-21,10.83,10.83,10.5,10.7,442310,psxdata,2026-05-11T12:56:01
DSIL,2026-01-22,10.7,11.08,10.53,10.66,827475,psxdata,2026-05-11T12:56:01
DSIL,2026-01-23,10.6,10.78,10.48,10.59,455934,psxdata,2026-05-11T12:56:01
DSIL,2026-01-26,10.76,10.76,9.66,10.16,799337,psxdata,2026-05-11T12:56:01
DSIL,2026-01-27,10.01,11.17,9.9,10.8,2084159,psxdata,2026-05-11T12:56:01
DSIL,2026-01-28,10.9,11.16,10.25,10.8,1180969,psxdata,2026-05-11T12:56:01
DSIL,2026-01-29,10.99,10.99,10.3,10.34,552737,psxdata,2026-05-11T12:56:01
DSIL,2026-01-30,10.5,10.69,10.2,10.53,439676,psxdata,2026-05-11T12:56:01
DSIL,2026-02-02,10.87,10.87,10.25,10.36,244319,psxdata,2026-05-11T12:56:01
DSIL,2026-02-03,10.4,10.62,10.25,10.38,269956,psxdata,2026-05-11T12:56:01
DSIL,2026-02-04,10.5,10.5,10.22,10.29,395229,psxdata,2026-05-11T12:56:01
DSIL,2026-02-06,10.5,10.5,9.98,10.2,234115,psxdata,2026-05-11T12:56:01
DSIL,2026-02-09,10.3,10.42,10.02,10.06,281695,psxdata,2026-05-11T12:56:01
DSIL,2026-02-10,10.3,10.3,10.0,10.02,319881,psxdata,2026-05-11T12:56:01
DSIL,2026-02-11,10.1,10.19,9.9,9.96,462244,psxdata,2026-05-11T12:56:01
DSIL,2026-02-12,9.92,9.92,9.3,9.48,673853,psxdata,2026-05-11T12:56:01
DSIL,2026-02-13,9.6,9.84,9.31,9.59,240005,psxdata,2026-05-11T12:56:01
DSIL,2026-02-16,9.33,9.5,8.59,8.65,1221263,psxdata,2026-05-11T12:56:01
DSIL,2026-02-17,8.99,8.99,8.25,8.35,372716,psxdata,2026-05-11T12:56:01
DSIL,2026-02-18,8.5,8.75,8.02,8.55,683986,psxdata,2026-05-11T12:56:01
DSIL,2026-02-19,8.69,8.75,7.55,7.68,1037310,psxdata,2026-05-11T12:56:01
DSIL,2026-02-20,7.75,7.98,7.31,7.76,137913,psxdata,2026-05-11T12:56:01
DSIL,2026-02-23,7.76,7.87,6.76,6.83,716865,psxdata,2026-05-11T12:56:01
DSIL,2026-02-24,6.83,7.36,6.1,6.74,764710,psxdata,2026-05-11T12:56:01
DSIL,2026-02-25,6.6,7.14,6.6,6.79,150167,psxdata,2026-05-11T12:56:01
DSIL,2026-02-26,6.25,7.3,6.25,7.18,371553,psxdata,2026-05-11T12:56:01
DSIL,2026-02-27,7.0,7.0,6.65,6.84,134829,psxdata,2026-05-11T12:56:01
DSIL,2026-03-02,5.98,6.2,5.84,5.84,1849928,psxdata,2026-05-11T12:56:01
DSIL,2026-03-03,5.75,6.29,5.75,6.07,408210,psxdata,2026-05-11T12:56:01
DSIL,2026-03-04,6.35,6.35,6.0,6.26,242827,psxdata,2026-05-11T12:56:01
DSIL,2026-03-05,6.47,6.7,6.09,6.61,264010,psxdata,2026-05-11T12:56:01
DSIL,2026-03-06,6.4,6.65,6.26,6.38,243207,psxdata,2026-05-11T12:56:01
DSIL,2026-03-09,6.0,6.39,5.57,5.88,157131,psxdata,2026-05-11T12:56:01
DSIL,2026-03-10,5.95,6.5,5.95,6.41,149401,psxdata,2026-05-11T12:56:01
DSIL,2026-03-11,6.63,6.63,6.2,6.3,65470,psxdata,2026-05-11T12:56:01
DSIL,2026-03-12,6.49,6.65,6.21,6.36,89911,psxdata,2026-05-11T12:56:01
DSIL,2026-03-13,6.36,6.66,6.21,6.56,105738,psxdata,2026-05-11T12:56:01
DSIL,2026-03-16,6.64,6.64,6.32,6.37,33980,psxdata,2026-05-11T12:56:01
DSIL,2026-03-17,6.37,6.47,6.2,6.24,50504,psxdata,2026-05-11T12:56:01
DSIL,2026-03-18,6.48,6.65,6.24,6.4,54638,psxdata,2026-05-11T12:56:01
DSIL,2026-03-19,6.3,6.57,6.22,6.38,90640,psxdata,2026-05-11T12:56:01
DSIL,2026-03-24,6.51,6.55,6.35,6.47,106033,psxdata,2026-05-11T12:56:01
DSIL,2026-03-25,6.54,6.97,6.36,6.84,610766,psxdata,2026-05-11T12:56:01
DSIL,2026-03-26,6.84,7.67,6.51,7.24,2021861,psxdata,2026-05-11T12:56:01
DSIL,2026-03-27,7.44,7.77,7.11,7.21,501099,psxdata,2026-05-11T12:56:01
DSIL,2026-03-30,7.3,7.3,6.44,6.61,236863,psxdata,2026-05-11T12:56:01
DSIL,2026-03-31,6.89,6.89,6.63,6.82,81574,psxdata,2026-05-11T12:56:01
DSIL,2026-04-01,7.18,7.5,6.8,7.11,363290,psxdata,2026-05-11T12:56:01
DSIL,2026-04-02,7.47,7.47,6.85,6.99,202534,psxdata,2026-05-11T12:56:01
DSIL,2026-04-03,7.0,7.38,6.8,6.85,78902,psxdata,2026-05-11T12:56:01
DSIL,2026-04-06,6.93,7.1,6.8,6.85,53773,psxdata,2026-05-11T12:56:01
DSIL,2026-04-07,6.85,7.0,6.76,6.9,93654,psxdata,2026-05-11T12:56:01
DSIL,2026-04-08,7.31,7.79,7.09,7.42,1211789,psxdata,2026-05-11T12:56:01
DSIL,2026-04-09,7.07,7.44,7.0,7.01,703533,psxdata,2026-05-11T12:56:01
DSIL,2026-04-10,7.2,7.5,7.0,7.1,2240746,psxdata,2026-05-11T12:56:01
DSIL,2026-04-13,6.94,7.0,6.69,6.77,334366,psxdata,2026-05-11T12:56:01
DSIL,2026-04-14,7.19,7.19,6.86,6.98,1076633,psxdata,2026-05-11T12:56:01
DSIL,2026-04-15,7.16,7.7,7.1,7.34,2637767,psxdata,2026-05-11T12:56:01
DSIL,2026-04-16,7.49,7.69,7.3,7.39,957522,psxdata,2026-05-11T12:56:01
DSIL,2026-04-17,7.59,7.78,7.46,7.63,1408845,psxdata,2026-05-11T12:56:01
DSIL,2026-04-20,7.8,8.49,7.2,8.14,2561734,psxdata,2026-05-11T12:56:01
DSIL,2026-04-21,8.11,8.94,8.11,8.51,4044294,psxdata,2026-05-11T12:56:01
DSIL,2026-04-22,8.69,8.69,8.22,8.32,787214,psxdata,2026-05-11T12:56:01
DSIL,2026-04-23,8.32,9.09,8.1,8.7,2880608,psxdata,2026-05-11T12:56:01
DSIL,2026-04-24,8.88,9.2,8.5,8.55,1470218,psxdata,2026-05-11T12:56:01
DSIL,2026-04-27,8.52,8.65,8.21,8.5,426340,psxdata,2026-05-11T12:56:01
DSIL,2026-04-28,8.3,8.64,8.05,8.17,876322,psxdata,2026-05-11T12:56:01
DSIL,2026-04-29,8.33,8.33,7.65,7.67,323038,psxdata,2026-05-11T12:56:01
DSIL,2026-04-30,7.66,7.66,7.21,7.45,270725,psxdata,2026-05-11T12:56:01
DSIL,2026-05-04,7.45,7.85,7.45,7.55,864672,psxdata,2026-05-11T12:56:01
DSIL,2026-05-05,7.5,8.0,7.3,7.96,395703,psxdata,2026-05-11T12:56:01
DSIL,2026-05-06,8.25,8.96,8.16,8.96,1462007,psxdata,2026-05-11T12:56:01
DSIL,2026-05-07,9.59,9.96,9.25,9.96,4635637,psxdata,2026-05-11T12:56:01
DSIL,2026-05-08,10.29,10.43,9.56,10.01,4154808,psxdata,2026-05-11T12:56:01
