symbol,date,open,high,low,close,volume,source,collected_at
EPCL,2016-05-11,9.52,9.6,9.48,9.5,197000,psxdata,2026-05-11T12:55:20
EPCL,2016-05-12,9.59,10.34,9.59,9.78,5938000,psxdata,2026-05-11T12:55:20
EPCL,2016-05-13,9.97,10.28,9.9,9.98,3556500,psxdata,2026-05-11T12:55:20
EPCL,2016-05-16,10.0,10.1,9.5,9.55,2547500,psxdata,2026-05-11T12:55:20
EPCL,2016-05-17,9.65,9.87,9.56,9.62,735000,psxdata,2026-05-11T12:55:20
EPCL,2016-05-18,9.74,9.75,9.39,9.61,1799500,psxdata,2026-05-11T12:55:20
EPCL,2016-05-19,9.69,9.85,9.65,9.71,1259000,psxdata,2026-05-11T12:55:20
EPCL,2016-05-20,9.8,9.98,9.71,9.85,1418000,psxdata,2026-05-11T12:55:20
EPCL,2016-05-23,9.9,10.13,9.76,9.83,3049500,psxdata,2026-05-11T12:55:20
EPCL,2016-05-24,9.93,9.93,9.68,9.75,951500,psxdata,2026-05-11T12:55:20
EPCL,2016-05-25,9.8,9.9,9.75,9.79,267500,psxdata,2026-05-11T12:55:20
EPCL,2016-05-26,9.72,9.87,9.65,9.68,366500,psxdata,2026-05-11T12:55:20
EPCL,2016-05-27,9.63,9.8,9.48,9.51,522500,psxdata,2026-05-11T12:55:20
EPCL,2016-05-30,9.55,9.6,9.3,9.32,375500,psxdata,2026-05-11T12:55:20
EPCL,2016-05-31,9.31,9.5,9.31,9.44,154500,psxdata,2026-05-11T12:55:20
EPCL,2016-06-01,9.47,9.64,9.4,9.59,293000,psxdata,2026-05-11T12:55:20
EPCL,2016-06-02,9.58,9.63,9.48,9.5,171000,psxdata,2026-05-11T12:55:20
EPCL,2016-06-03,9.52,9.6,9.45,9.48,107500,psxdata,2026-05-11T12:55:20
EPCL,2016-06-06,9.35,9.5,9.31,9.37,208500,psxdata,2026-05-11T12:55:20
EPCL,2016-06-07,9.33,9.43,9.31,9.37,47500,psxdata,2026-05-11T12:55:20
EPCL,2016-06-08,9.33,9.42,9.23,9.25,122000,psxdata,2026-05-11T12:55:20
EPCL,2016-06-09,9.25,9.3,9.12,9.16,138500,psxdata,2026-05-11T12:55:20
EPCL,2016-06-10,9.13,9.13,9.04,9.05,179000,psxdata,2026-05-11T12:55:20
EPCL,2016-06-13,9.01,9.18,8.95,9.0,108500,psxdata,2026-05-11T12:55:20
EPCL,2016-06-14,9.21,9.28,9.0,9.02,99500,psxdata,2026-05-11T12:55:20
EPCL,2016-06-15,9.2,9.2,9.04,9.1,100000,psxdata,2026-05-11T12:55:20
EPCL,2016-06-16,9.05,9.18,9.02,9.07,69500,psxdata,2026-05-11T12:55:20
EPCL,2016-06-17,9.01,9.04,8.84,8.86,260500,psxdata,2026-05-11T12:55:20
EPCL,2016-06-20,8.95,8.95,8.8,8.87,278000,psxdata,2026-05-11T12:55:20
EPCL,2016-06-21,8.86,8.9,8.79,8.8,214000,psxdata,2026-05-11T12:55:20
EPCL,2016-06-22,8.77,8.89,8.75,8.78,122500,psxdata,2026-05-11T12:55:20
EPCL,2016-06-23,8.75,8.85,8.66,8.69,232000,psxdata,2026-05-11T12:55:20
EPCL,2016-06-24,8.64,8.75,8.2,8.4,484000,psxdata,2026-05-11T12:55:20
EPCL,2016-06-27,8.4,8.5,8.3,8.31,111500,psxdata,2026-05-11T12:55:20
EPCL,2016-06-28,8.37,8.4,8.26,8.31,237000,psxdata,2026-05-11T12:55:20
EPCL,2016-06-29,8.2,8.69,8.2,8.48,135000,psxdata,2026-05-11T12:55:20
EPCL,2016-06-30,8.46,8.6,8.33,8.5,138500,psxdata,2026-05-11T12:55:20
EPCL,2016-07-04,8.65,8.65,8.5,8.58,15500,psxdata,2026-05-11T12:55:20
EPCL,2016-07-11,8.55,8.65,8.45,8.56,104500,psxdata,2026-05-11T12:55:20
EPCL,2016-07-12,8.56,8.62,8.45,8.52,378500,psxdata,2026-05-11T12:55:20
EPCL,2016-07-13,8.5,8.67,8.47,8.49,584000,psxdata,2026-05-11T12:55:20
EPCL,2016-07-14,8.49,8.84,8.49,8.61,1260000,psxdata,2026-05-11T12:55:20
EPCL,2016-07-15,8.7,8.7,8.5,8.53,412500,psxdata,2026-05-11T12:55:20
EPCL,2016-07-18,8.49,8.6,8.49,8.58,74000,psxdata,2026-05-11T12:55:20
EPCL,2016-07-19,8.54,8.57,8.49,8.56,409000,psxdata,2026-05-11T12:55:20
EPCL,2016-07-20,8.57,8.61,8.52,8.6,96500,psxdata,2026-05-11T12:55:20
EPCL,2016-07-21,8.6,8.71,8.55,8.58,237500,psxdata,2026-05-11T12:55:20
EPCL,2016-07-22,8.56,8.83,8.56,8.75,173000,psxdata,2026-05-11T12:55:20
EPCL,2016-07-25,8.65,8.87,8.57,8.76,214500,psxdata,2026-05-11T12:55:20
EPCL,2016-07-26,8.8,8.99,8.76,8.82,212500,psxdata,2026-05-11T12:55:20
EPCL,2016-07-27,8.71,8.89,8.65,8.72,199000,psxdata,2026-05-11T12:55:20
EPCL,2016-07-28,8.7,8.75,8.57,8.6,179000,psxdata,2026-05-11T12:55:20
EPCL,2016-07-29,8.62,8.63,8.5,8.51,264000,psxdata,2026-05-11T12:55:20
EPCL,2016-08-01,8.52,8.8,8.51,8.72,738000,psxdata,2026-05-11T12:55:20
EPCL,2016-08-02,8.63,8.71,8.59,8.65,302500,psxdata,2026-05-11T12:55:20
EPCL,2016-08-03,8.74,8.95,8.55,8.59,1214000,psxdata,2026-05-11T12:55:20
EPCL,2016-08-04,8.61,8.69,8.54,8.57,265500,psxdata,2026-05-11T12:55:20
EPCL,2016-08-05,8.57,8.6,8.46,8.49,218000,psxdata,2026-05-11T12:55:20
EPCL,2016-08-08,8.55,8.62,8.5,8.51,363000,psxdata,2026-05-11T12:55:20
EPCL,2016-08-09,8.64,8.88,8.55,8.62,806000,psxdata,2026-05-11T12:55:20
EPCL,2016-08-10,8.7,8.72,8.61,8.69,261000,psxdata,2026-05-11T12:55:20
EPCL,2016-08-11,8.7,8.84,8.67,8.69,792500,psxdata,2026-05-11T12:55:20
EPCL,2016-08-12,8.66,8.9,8.65,8.76,767000,psxdata,2026-05-11T12:55:20
EPCL,2016-08-15,8.75,8.8,8.6,8.64,2077500,psxdata,2026-05-11T12:55:20
EPCL,2016-08-16,8.66,9.18,8.65,8.76,4867000,psxdata,2026-05-11T12:55:20
EPCL,2016-08-17,8.77,8.88,8.75,8.77,750500,psxdata,2026-05-11T12:55:20
EPCL,2016-08-18,8.81,9.08,8.63,8.7,3293000,psxdata,2026-05-11T12:55:20
EPCL,2016-08-19,8.7,8.7,8.5,8.65,690000,psxdata,2026-05-11T12:55:20
EPCL,2016-08-22,8.55,8.66,8.55,8.64,223000,psxdata,2026-05-11T12:55:20
EPCL,2016-08-23,8.6,8.74,8.51,8.56,663000,psxdata,2026-05-11T12:55:20
EPCL,2016-08-24,8.55,8.6,8.52,8.56,192500,psxdata,2026-05-11T12:55:20
EPCL,2016-08-25,8.6,8.71,8.6,8.61,1330500,psxdata,2026-05-11T12:55:20
EPCL,2016-08-26,8.62,8.76,8.6,8.74,730500,psxdata,2026-05-11T12:55:20
EPCL,2016-08-29,8.74,8.8,8.66,8.67,298000,psxdata,2026-05-11T12:55:20
EPCL,2016-08-30,8.65,8.71,8.6,8.64,706000,psxdata,2026-05-11T12:55:20
EPCL,2016-08-31,8.69,8.76,8.64,8.7,373500,psxdata,2026-05-11T12:55:20
EPCL,2016-09-01,8.71,9.12,8.7,8.86,6079500,psxdata,2026-05-11T12:55:20
EPCL,2016-09-02,8.91,8.91,8.69,8.71,1058000,psxdata,2026-05-11T12:55:20
EPCL,2016-09-05,8.75,8.9,8.67,8.77,1025000,psxdata,2026-05-11T12:55:20
EPCL,2016-09-06,8.87,8.87,8.7,8.72,659500,psxdata,2026-05-11T12:55:20
EPCL,2016-09-07,8.72,8.88,8.72,8.82,417000,psxdata,2026-05-11T12:55:20
EPCL,2016-09-08,8.88,9.32,8.87,9.04,3800500,psxdata,2026-05-11T12:55:20
EPCL,2016-09-09,9.18,9.29,9.0,9.15,1373000,psxdata,2026-05-11T12:55:20
EPCL,2016-09-15,9.09,9.55,9.09,9.29,2683000,psxdata,2026-05-11T12:55:20
EPCL,2016-09-16,9.39,9.59,9.0,9.05,14727000,psxdata,2026-05-11T12:55:20
EPCL,2016-09-19,9.18,9.92,9.16,9.77,27732000,psxdata,2026-05-11T12:55:20
EPCL,2016-09-20,9.92,10.69,9.7,10.37,30239000,psxdata,2026-05-11T12:55:20
EPCL,2016-09-21,10.36,10.36,9.5,9.66,10245500,psxdata,2026-05-11T12:55:20
EPCL,2016-09-22,9.78,10.24,9.78,9.9,5426500,psxdata,2026-05-11T12:55:20
EPCL,2016-09-23,9.95,10.0,9.55,9.62,2664500,psxdata,2026-05-11T12:55:20
EPCL,2016-09-26,9.66,10.1,9.62,10.01,3278500,psxdata,2026-05-11T12:55:20
EPCL,2016-09-27,9.96,10.09,9.79,9.84,1620000,psxdata,2026-05-11T12:55:20
EPCL,2016-09-28,9.9,10.05,9.73,9.75,1580000,psxdata,2026-05-11T12:55:20
EPCL,2016-09-29,9.8,10.35,9.73,9.95,12681000,psxdata,2026-05-11T12:55:20
EPCL,2016-09-30,10.05,10.5,9.96,10.38,15185000,psxdata,2026-05-11T12:55:20
EPCL,2016-10-03,10.54,10.75,10.29,10.41,6593000,psxdata,2026-05-11T12:55:20
EPCL,2016-10-04,10.49,10.7,10.3,10.41,5670500,psxdata,2026-05-11T12:55:20
EPCL,2016-10-05,10.5,11.09,10.35,10.92,16298500,psxdata,2026-05-11T12:55:20
EPCL,2016-10-06,11.2,11.34,10.55,10.63,8244500,psxdata,2026-05-11T12:55:20
EPCL,2016-10-07,10.62,10.74,10.36,10.51,2124500,psxdata,2026-05-11T12:55:20
EPCL,2016-10-10,10.46,10.85,10.46,10.54,1583000,psxdata,2026-05-11T12:55:20
EPCL,2016-10-13,10.6,10.64,10.26,10.3,2073500,psxdata,2026-05-11T12:55:20
EPCL,2016-10-14,10.29,10.29,10.01,10.11,2187000,psxdata,2026-05-11T12:55:20
EPCL,2016-10-17,10.13,10.79,10.1,10.48,7003500,psxdata,2026-05-11T12:55:20
EPCL,2016-10-18,10.5,10.66,10.07,10.5,8551500,psxdata,2026-05-11T12:55:20
EPCL,2016-10-19,10.49,11.24,10.49,11.13,13969500,psxdata,2026-05-11T12:55:20
EPCL,2016-10-20,11.2,11.37,10.99,11.01,10452500,psxdata,2026-05-11T12:55:20
EPCL,2016-10-21,11.0,11.33,10.95,11.05,8368500,psxdata,2026-05-11T12:55:20
EPCL,2016-10-24,11.0,11.0,10.31,10.37,4420000,psxdata,2026-05-11T12:55:20
EPCL,2016-10-25,10.2,10.5,9.77,10.38,9186500,psxdata,2026-05-11T12:55:20
EPCL,2016-10-26,10.4,10.79,10.0,10.14,6114500,psxdata,2026-05-11T12:55:20
EPCL,2016-10-27,10.15,10.35,9.6,9.71,4163000,psxdata,2026-05-11T12:55:20
EPCL,2016-10-28,9.6,10.06,9.5,9.95,2521500,psxdata,2026-05-11T12:55:20
EPCL,2016-10-31,9.68,10.2,9.68,9.89,1358000,psxdata,2026-05-11T12:55:20
EPCL,2016-11-01,10.0,10.89,9.9,10.81,6546000,psxdata,2026-05-11T12:55:20
EPCL,2016-11-02,10.8,11.8,10.8,11.59,15433500,psxdata,2026-05-11T12:55:20
EPCL,2016-11-03,11.6,11.65,11.15,11.25,1954000,psxdata,2026-05-11T12:55:20
EPCL,2016-11-04,11.25,11.59,10.95,11.01,3071500,psxdata,2026-05-11T12:55:20
EPCL,2016-11-07,11.15,11.32,11.05,11.17,1457500,psxdata,2026-05-11T12:55:20
EPCL,2016-11-08,11.2,11.4,10.9,10.99,1576500,psxdata,2026-05-11T12:55:20
EPCL,2016-11-09,11.0,11.14,10.5,11.05,2662500,psxdata,2026-05-11T12:55:20
EPCL,2016-11-10,11.15,11.3,11.0,11.03,1427000,psxdata,2026-05-11T12:55:20
EPCL,2016-11-11,11.01,12.03,10.75,11.97,10453500,psxdata,2026-05-11T12:55:20
EPCL,2016-11-14,12.45,12.97,12.34,12.74,22349000,psxdata,2026-05-11T12:55:20
EPCL,2016-11-15,12.65,13.02,12.31,12.45,6585000,psxdata,2026-05-11T12:55:20
EPCL,2016-11-16,12.41,12.79,12.1,12.22,2260000,psxdata,2026-05-11T12:55:20
EPCL,2016-11-17,12.2,13.22,11.9,13.08,9406500,psxdata,2026-05-11T12:55:20
EPCL,2016-11-18,13.19,13.74,12.75,12.85,14444000,psxdata,2026-05-11T12:55:20
EPCL,2016-11-21,13.0,13.25,12.75,12.82,3109000,psxdata,2026-05-11T12:55:20
EPCL,2016-11-22,12.89,13.33,12.81,12.89,2766500,psxdata,2026-05-11T12:55:20
EPCL,2016-11-23,12.95,13.14,12.65,12.73,1704000,psxdata,2026-05-11T12:55:20
EPCL,2016-11-24,12.65,13.13,12.6,12.68,3874500,psxdata,2026-05-11T12:55:20
EPCL,2016-11-25,12.75,13.68,12.67,13.68,12085000,psxdata,2026-05-11T12:55:20
EPCL,2016-11-28,14.68,14.68,14.68,14.68,255000,psxdata,2026-05-11T12:55:20
EPCL,2016-11-29,15.68,15.68,15.0,15.68,12791500,psxdata,2026-05-11T12:55:20
EPCL,2016-11-30,15.68,16.34,15.29,15.64,19717000,psxdata,2026-05-11T12:55:20
EPCL,2016-12-01,15.75,16.59,15.3,16.28,14487500,psxdata,2026-05-11T12:55:20
EPCL,2016-12-02,16.25,16.5,15.52,15.72,4562500,psxdata,2026-05-11T12:55:20
EPCL,2016-12-05,16.0,16.0,14.75,15.17,10266500,psxdata,2026-05-11T12:55:20
EPCL,2016-12-06,15.02,15.7,15.0,15.47,2379500,psxdata,2026-05-11T12:55:20
EPCL,2016-12-07,15.55,15.7,15.02,15.16,2276500,psxdata,2026-05-11T12:55:20
EPCL,2016-12-08,15.3,15.35,14.85,14.97,1462000,psxdata,2026-05-11T12:55:20
EPCL,2016-12-09,14.91,15.49,14.9,14.95,2446000,psxdata,2026-05-11T12:55:20
EPCL,2016-12-13,14.8,15.95,14.8,15.57,14071500,psxdata,2026-05-11T12:55:20
EPCL,2016-12-14,15.55,15.92,15.0,15.12,7918000,psxdata,2026-05-11T12:55:20
EPCL,2016-12-15,15.25,16.12,15.25,16.03,14036500,psxdata,2026-05-11T12:55:20
EPCL,2016-12-16,15.92,16.54,15.8,15.97,17630000,psxdata,2026-05-11T12:55:20
EPCL,2016-12-19,16.07,16.85,16.07,16.64,9199500,psxdata,2026-05-11T12:55:20
EPCL,2016-12-20,16.82,17.64,16.7,17.42,23829000,psxdata,2026-05-11T12:55:20
EPCL,2016-12-21,17.23,17.37,16.5,17.21,8873500,psxdata,2026-05-11T12:55:20
EPCL,2016-12-22,17.35,17.87,17.2,17.52,15637000,psxdata,2026-05-11T12:55:20
EPCL,2016-12-23,17.83,18.5,17.7,18.19,26434000,psxdata,2026-05-11T12:55:20
EPCL,2016-12-26,18.2,18.7,17.95,18.06,13620000,psxdata,2026-05-11T12:55:20
EPCL,2016-12-27,18.24,18.39,17.65,17.8,3677000,psxdata,2026-05-11T12:55:20
EPCL,2016-12-28,17.98,18.35,17.84,18.27,5122000,psxdata,2026-05-11T12:55:20
EPCL,2016-12-29,18.45,18.96,18.3,18.63,8694500,psxdata,2026-05-11T12:55:20
EPCL,2016-12-30,18.89,19.0,18.31,18.46,6369500,psxdata,2026-05-11T12:55:20
EPCL,2017-01-02,18.65,18.8,18.01,18.46,7072000,psxdata,2026-05-11T12:55:20
EPCL,2017-01-03,18.1,19.18,18.1,18.99,21257500,psxdata,2026-05-11T12:55:20
EPCL,2017-01-04,19.0,19.35,18.65,18.74,8088000,psxdata,2026-05-11T12:55:20
EPCL,2017-01-05,18.82,19.1,17.95,18.11,5299000,psxdata,2026-05-11T12:55:20
EPCL,2017-01-06,18.21,18.55,18.12,18.19,5887000,psxdata,2026-05-11T12:55:20
EPCL,2017-01-09,18.29,18.89,18.2,18.7,7334000,psxdata,2026-05-11T12:55:20
EPCL,2017-01-10,18.92,18.95,18.46,18.63,3632500,psxdata,2026-05-11T12:55:20
EPCL,2017-01-11,18.8,19.17,18.65,18.84,7143000,psxdata,2026-05-11T12:55:20
EPCL,2017-01-12,19.1,19.78,19.05,19.65,15993000,psxdata,2026-05-11T12:55:20
EPCL,2017-01-13,19.8,20.29,19.51,19.94,12880000,psxdata,2026-05-11T12:55:20
EPCL,2017-01-16,20.01,20.25,19.26,19.42,3844500,psxdata,2026-05-11T12:55:20
EPCL,2017-01-17,19.45,19.75,18.66,19.2,5299000,psxdata,2026-05-11T12:55:20
EPCL,2017-01-18,19.3,19.6,18.81,19.11,3234500,psxdata,2026-05-11T12:55:20
EPCL,2017-01-19,19.02,20.09,19.02,19.92,11169500,psxdata,2026-05-11T12:55:20
EPCL,2017-01-20,20.1,20.92,20.1,20.92,14218500,psxdata,2026-05-11T12:55:20
EPCL,2017-01-23,21.55,21.96,21.21,21.96,2345500,psxdata,2026-05-11T12:55:20
EPCL,2017-01-24,23.05,23.05,22.11,22.43,16415500,psxdata,2026-05-11T12:55:20
EPCL,2017-01-25,22.6,22.88,21.9,22.52,8073000,psxdata,2026-05-11T12:55:20
EPCL,2017-01-26,22.75,23.38,22.5,23.26,10404500,psxdata,2026-05-11T12:55:20
EPCL,2017-01-27,23.65,24.42,23.26,23.67,15159000,psxdata,2026-05-11T12:55:20
EPCL,2017-01-30,23.6,23.85,22.49,22.49,13394000,psxdata,2026-05-11T12:55:20
EPCL,2017-01-31,22.6,23.1,21.99,22.25,6755000,psxdata,2026-05-11T12:55:20
EPCL,2017-02-01,22.5,23.35,22.48,23.25,9297000,psxdata,2026-05-11T12:55:20
EPCL,2017-02-02,23.51,24.41,23.48,24.41,13769500,psxdata,2026-05-11T12:55:20
EPCL,2017-02-03,24.75,25.25,24.23,25.2,10163000,psxdata,2026-05-11T12:55:20
EPCL,2017-02-06,25.69,26.46,25.5,26.32,12408500,psxdata,2026-05-11T12:55:20
EPCL,2017-02-07,27.5,27.5,25.91,26.46,18712000,psxdata,2026-05-11T12:55:20
EPCL,2017-02-08,26.9,27.0,26.0,26.72,11538000,psxdata,2026-05-11T12:55:20
EPCL,2017-02-09,26.8,27.4,26.5,26.76,10136500,psxdata,2026-05-11T12:55:20
EPCL,2017-02-10,26.61,26.85,25.51,25.97,4877000,psxdata,2026-05-11T12:55:20
EPCL,2017-02-13,26.2,26.44,24.75,25.24,3479500,psxdata,2026-05-11T12:55:20
EPCL,2017-02-14,25.07,25.95,24.41,24.58,3779000,psxdata,2026-05-11T12:55:20
EPCL,2017-02-15,24.62,25.18,23.36,23.36,10926000,psxdata,2026-05-11T12:55:20
EPCL,2017-02-16,23.85,24.52,22.6,24.51,5545000,psxdata,2026-05-11T12:55:20
EPCL,2017-02-17,24.8,24.85,24.01,24.14,6562500,psxdata,2026-05-11T12:55:20
EPCL,2017-02-20,24.12,24.3,22.94,23.11,3311000,psxdata,2026-05-11T12:55:20
EPCL,2017-02-21,23.01,23.5,22.6,22.94,2796500,psxdata,2026-05-11T12:55:20
EPCL,2017-02-22,23.05,23.19,21.8,21.83,3689000,psxdata,2026-05-11T12:55:20
EPCL,2017-02-23,21.4,22.92,21.0,22.92,6517500,psxdata,2026-05-11T12:55:20
EPCL,2017-02-24,23.3,23.87,22.9,23.49,3360500,psxdata,2026-05-11T12:55:20
EPCL,2017-02-27,23.4,24.6,23.4,23.82,3639500,psxdata,2026-05-11T12:55:20
EPCL,2017-02-28,24.0,24.99,23.37,24.75,3199000,psxdata,2026-05-11T12:55:20
EPCL,2017-03-01,24.99,25.98,24.99,25.96,6080500,psxdata,2026-05-11T12:55:20
EPCL,2017-03-02,26.4,27.25,25.5,27.05,14387500,psxdata,2026-05-11T12:55:20
EPCL,2017-03-03,27.35,28.1,26.71,27.11,12813000,psxdata,2026-05-11T12:55:20
EPCL,2017-03-06,27.3,27.3,25.76,25.86,3755000,psxdata,2026-05-11T12:55:20
EPCL,2017-03-07,25.39,26.5,25.11,25.53,4820000,psxdata,2026-05-11T12:55:20
EPCL,2017-03-08,25.59,26.15,25.4,25.61,2543000,psxdata,2026-05-11T12:55:20
EPCL,2017-03-09,25.61,25.8,24.6,24.69,2400000,psxdata,2026-05-11T12:55:20
EPCL,2017-03-10,24.73,24.9,24.0,24.35,1241500,psxdata,2026-05-11T12:55:20
EPCL,2017-03-13,24.28,24.5,23.7,24.13,875500,psxdata,2026-05-11T12:55:20
EPCL,2017-03-14,24.01,25.33,24.01,25.31,4217000,psxdata,2026-05-11T12:55:20
EPCL,2017-03-15,25.65,26.0,25.0,25.16,3172000,psxdata,2026-05-11T12:55:20
EPCL,2017-03-16,24.82,25.29,24.52,24.87,2219500,psxdata,2026-05-11T12:55:20
EPCL,2017-03-17,24.98,25.0,23.63,23.79,4708000,psxdata,2026-05-11T12:55:20
EPCL,2017-03-20,23.89,24.3,23.11,23.78,1318500,psxdata,2026-05-11T12:55:20
EPCL,2017-03-21,23.95,24.95,23.7,24.81,3280000,psxdata,2026-05-11T12:55:20
EPCL,2017-03-22,25.0,25.4,24.6,24.74,4687500,psxdata,2026-05-11T12:55:20
EPCL,2017-03-24,24.85,25.42,24.8,24.92,2734500,psxdata,2026-05-11T12:55:20
EPCL,2017-03-27,24.99,25.07,24.34,24.44,1604500,psxdata,2026-05-11T12:55:20
EPCL,2017-03-28,24.49,25.66,24.35,25.65,8866500,psxdata,2026-05-11T12:55:20
EPCL,2017-03-29,25.98,26.37,24.52,24.91,5970500,psxdata,2026-05-11T12:55:20
EPCL,2017-03-30,24.94,24.95,23.91,24.1,2403000,psxdata,2026-05-11T12:55:20
EPCL,2017-03-31,24.15,25.3,24.15,25.28,4476000,psxdata,2026-05-11T12:55:20
EPCL,2017-04-03,25.7,25.9,25.2,25.37,2122000,psxdata,2026-05-11T12:55:20
EPCL,2017-04-04,25.25,26.2,25.17,25.65,3407500,psxdata,2026-05-11T12:55:20
EPCL,2017-04-05,25.6,25.99,24.8,24.92,2929500,psxdata,2026-05-11T12:55:20
EPCL,2017-04-06,25.0,25.27,24.5,24.86,2025500,psxdata,2026-05-11T12:55:20
EPCL,2017-04-07,24.83,25.3,24.31,25.09,1270000,psxdata,2026-05-11T12:55:20
EPCL,2017-04-10,25.25,25.89,24.65,25.68,4668000,psxdata,2026-05-11T12:55:20
EPCL,2017-04-11,25.74,26.14,25.5,25.99,9244000,psxdata,2026-05-11T12:55:20
EPCL,2017-04-12,26.21,27.1,26.11,26.54,12929500,psxdata,2026-05-11T12:55:20
EPCL,2017-04-13,26.84,26.89,25.3,25.51,7294000,psxdata,2026-05-11T12:55:20
EPCL,2017-04-14,25.51,25.9,24.85,24.95,2298000,psxdata,2026-05-11T12:55:20
EPCL,2017-04-17,25.24,25.95,24.01,25.36,6888000,psxdata,2026-05-11T12:55:20
EPCL,2017-04-18,25.11,26.14,24.81,25.11,16998500,psxdata,2026-05-11T12:55:20
EPCL,2017-04-19,24.2,25.89,23.91,25.67,17129500,psxdata,2026-05-11T12:55:20
EPCL,2017-04-20,25.67,26.94,25.2,26.18,27638000,psxdata,2026-05-11T12:55:20
EPCL,2017-04-21,26.62,27.48,26.44,27.48,37657000,psxdata,2026-05-11T12:55:20
EPCL,2017-04-24,28.85,28.85,28.1,28.85,20115500,psxdata,2026-05-11T12:55:20
EPCL,2017-04-25,29.7,30.29,28.8,29.13,30920500,psxdata,2026-05-11T12:55:20
EPCL,2017-04-26,29.2,29.4,27.83,28.19,20202000,psxdata,2026-05-11T12:55:20
EPCL,2017-04-27,28.2,29.39,27.38,29.0,36646000,psxdata,2026-05-11T12:55:20
EPCL,2017-04-28,29.24,29.94,28.62,28.84,21734500,psxdata,2026-05-11T12:55:20
EPCL,2017-05-02,28.5,29.28,28.4,28.52,11476000,psxdata,2026-05-11T12:55:20
EPCL,2017-05-03,28.5,29.32,28.41,28.92,25404500,psxdata,2026-05-11T12:55:20
EPCL,2017-05-04,29.5,30.36,29.5,30.36,39189500,psxdata,2026-05-11T12:55:20
EPCL,2017-05-05,31.1,31.6,30.57,30.93,37524500,psxdata,2026-05-11T12:55:20
EPCL,2017-05-08,31.2,31.35,30.13,30.95,34942500,psxdata,2026-05-11T12:55:20
EPCL,2017-05-09,31.09,31.26,30.41,30.51,16347500,psxdata,2026-05-11T12:55:20
EPCL,2017-05-10,30.55,30.74,29.15,29.57,21553500,psxdata,2026-05-11T12:55:20
EPCL,2017-05-11,29.75,30.41,29.6,29.69,13853000,psxdata,2026-05-11T12:55:20
EPCL,2017-05-12,29.56,30.9,29.51,30.51,13630500,psxdata,2026-05-11T12:55:20
EPCL,2017-05-15,31.0,31.7,30.42,31.18,35905000,psxdata,2026-05-11T12:55:20
EPCL,2017-05-16,31.4,32.55,31.35,31.48,42403000,psxdata,2026-05-11T12:55:20
EPCL,2017-05-17,31.6,31.7,30.7,30.81,13844000,psxdata,2026-05-11T12:55:20
EPCL,2017-05-18,30.9,31.68,30.7,31.1,15117500,psxdata,2026-05-11T12:55:20
EPCL,2017-05-19,31.4,31.5,30.8,30.88,4294000,psxdata,2026-05-11T12:55:20
EPCL,2017-05-22,31.0,31.35,30.78,30.82,4257500,psxdata,2026-05-11T12:55:20
EPCL,2017-05-23,30.95,30.97,30.35,30.51,4743000,psxdata,2026-05-11T12:55:20
EPCL,2017-05-24,30.59,31.29,30.36,30.53,9000500,psxdata,2026-05-11T12:55:20
EPCL,2017-05-25,30.56,32.05,30.15,32.05,22961500,psxdata,2026-05-11T12:55:20
EPCL,2017-05-26,32.97,33.55,32.2,33.11,25491000,psxdata,2026-05-11T12:55:20
EPCL,2017-05-29,32.0,32.75,31.9,32.53,10436500,psxdata,2026-05-11T12:55:20
EPCL,2017-05-30,32.59,32.88,31.0,31.63,11627000,psxdata,2026-05-11T12:55:20
EPCL,2017-05-31,31.7,32.14,30.9,31.46,6860500,psxdata,2026-05-11T12:55:20
EPCL,2017-06-01,31.26,32.39,29.89,30.68,12563500,psxdata,2026-05-11T12:55:20
EPCL,2017-06-02,30.2,31.75,29.81,31.36,8872000,psxdata,2026-05-11T12:55:20
EPCL,2017-06-05,31.79,32.92,31.79,32.92,5953000,psxdata,2026-05-11T12:55:20
EPCL,2017-06-06,34.0,34.56,33.5,34.56,15990000,psxdata,2026-05-11T12:55:20
EPCL,2017-06-07,35.0,36.28,34.9,36.28,21275500,psxdata,2026-05-11T12:55:20
EPCL,2017-06-08,37.21,38.09,37.12,38.09,6892000,psxdata,2026-05-11T12:55:20
EPCL,2017-06-09,39.24,39.24,36.51,36.9,18794500,psxdata,2026-05-11T12:55:20
EPCL,2017-06-12,36.05,36.05,35.06,35.26,12826500,psxdata,2026-05-11T12:55:20
EPCL,2017-06-13,36.49,37.02,36.49,37.02,19293500,psxdata,2026-05-11T12:55:20
EPCL,2017-06-14,38.87,38.87,38.87,38.87,3181500,psxdata,2026-05-11T12:55:20
EPCL,2017-06-15,38.8,40.5,36.93,39.07,22108500,psxdata,2026-05-11T12:55:20
EPCL,2017-06-16,39.07,39.5,38.25,38.55,3347500,psxdata,2026-05-11T12:55:20
EPCL,2017-06-19,38.97,39.23,37.55,38.57,4737500,psxdata,2026-05-11T12:55:20
EPCL,2017-06-20,38.89,38.9,36.65,37.01,9761500,psxdata,2026-05-11T12:55:20
EPCL,2017-06-21,37.2,38.86,35.55,38.73,10941000,psxdata,2026-05-11T12:55:20
EPCL,2017-06-22,39.39,40.66,39.3,39.71,13034000,psxdata,2026-05-11T12:55:20
EPCL,2017-06-29,39.69,39.69,37.73,37.73,7017500,psxdata,2026-05-11T12:55:20
EPCL,2017-06-30,37.05,37.7,35.85,36.5,18034500,psxdata,2026-05-11T12:55:20
EPCL,2017-07-03,36.0,36.0,34.68,34.68,10512000,psxdata,2026-05-11T12:55:20
EPCL,2017-07-04,34.0,36.15,33.56,34.9,14781000,psxdata,2026-05-11T12:55:20
EPCL,2017-07-05,34.99,36.14,34.1,34.54,8826500,psxdata,2026-05-11T12:55:20
EPCL,2017-07-06,34.33,34.9,33.01,33.44,6495500,psxdata,2026-05-11T12:55:20
EPCL,2017-07-07,33.65,34.6,32.81,34.28,6069500,psxdata,2026-05-11T12:55:20
EPCL,2017-07-10,33.52,35.99,33.1,35.99,8558500,psxdata,2026-05-11T12:55:20
EPCL,2017-07-11,34.5,35.1,34.2,34.2,6872000,psxdata,2026-05-11T12:55:20
EPCL,2017-07-12,33.65,34.65,32.72,33.28,8489000,psxdata,2026-05-11T12:55:20
EPCL,2017-07-13,33.27,33.85,31.7,32.94,6560500,psxdata,2026-05-11T12:55:20
EPCL,2017-07-14,33.49,33.8,32.71,33.53,4264500,psxdata,2026-05-11T12:55:20
EPCL,2017-07-17,33.1,34.25,32.81,33.97,4587000,psxdata,2026-05-11T12:55:20
EPCL,2017-07-18,34.0,35.66,34.0,35.64,6916000,psxdata,2026-05-11T12:55:20
EPCL,2017-07-19,35.89,36.52,35.21,35.66,10555500,psxdata,2026-05-11T12:55:20
EPCL,2017-07-20,36.24,36.45,34.48,34.64,7130500,psxdata,2026-05-11T12:55:20
EPCL,2017-07-21,34.31,35.9,34.15,35.7,5777000,psxdata,2026-05-11T12:55:20
EPCL,2017-07-24,35.95,36.5,35.8,36.45,5391000,psxdata,2026-05-11T12:55:20
EPCL,2017-07-25,36.52,37.99,36.0,37.79,13906000,psxdata,2026-05-11T12:55:20
EPCL,2017-07-26,37.86,38.2,36.85,37.06,6825000,psxdata,2026-05-11T12:55:20
EPCL,2017-07-27,37.0,37.75,36.49,36.95,5186500,psxdata,2026-05-11T12:55:20
EPCL,2017-07-28,35.56,37.5,35.11,37.03,19748000,psxdata,2026-05-11T12:55:20
EPCL,2017-07-31,37.7,38.45,37.01,37.85,11762500,psxdata,2026-05-11T12:55:20
EPCL,2017-08-01,38.4,38.93,38.16,38.7,7224000,psxdata,2026-05-11T12:55:20
EPCL,2017-08-02,38.6,38.7,36.77,37.02,15681000,psxdata,2026-05-11T12:55:20
EPCL,2017-08-03,36.99,37.0,36.01,36.24,6177000,psxdata,2026-05-11T12:55:20
EPCL,2017-08-04,36.15,36.49,35.5,35.62,5196500,psxdata,2026-05-11T12:55:20
EPCL,2017-08-07,35.75,36.25,34.33,34.88,11399000,psxdata,2026-05-11T12:55:20
EPCL,2017-08-08,35.1,35.25,33.53,34.33,6418000,psxdata,2026-05-11T12:55:20
EPCL,2017-08-09,34.5,36.04,34.3,36.02,5557000,psxdata,2026-05-11T12:55:20
EPCL,2017-08-10,36.15,37.42,35.5,35.87,7549000,psxdata,2026-05-11T12:55:20
EPCL,2017-08-11,35.99,36.48,35.51,35.69,2590500,psxdata,2026-05-11T12:55:20
EPCL,2017-08-15,36.0,36.25,33.91,33.91,9297500,psxdata,2026-05-11T12:55:20
EPCL,2017-08-16,33.6,34.6,33.41,34.05,4188500,psxdata,2026-05-11T12:55:20
EPCL,2017-08-17,34.1,34.4,32.4,32.5,4886000,psxdata,2026-05-11T12:55:20
EPCL,2017-08-18,32.5,32.7,31.15,32.14,5797500,psxdata,2026-05-11T12:55:20
EPCL,2017-08-21,32.39,32.49,30.54,30.54,3345000,psxdata,2026-05-11T12:55:20
EPCL,2017-08-22,29.52,31.75,29.02,30.33,6571000,psxdata,2026-05-11T12:55:20
EPCL,2017-08-23,30.33,31.84,30.25,31.84,3077500,psxdata,2026-05-11T12:55:20
EPCL,2017-08-24,32.15,33.3,32.0,32.35,4409000,psxdata,2026-05-11T12:55:20
EPCL,2017-08-25,31.51,33.7,31.51,33.55,3680000,psxdata,2026-05-11T12:55:20
EPCL,2017-08-28,33.9,33.9,32.4,32.75,1364000,psxdata,2026-05-11T12:55:20
EPCL,2017-08-29,32.31,33.45,32.0,32.21,1461000,psxdata,2026-05-11T12:55:20
EPCL,2017-08-30,32.59,33.48,32.2,32.53,1241500,psxdata,2026-05-11T12:55:20
EPCL,2017-08-31,32.66,32.95,32.0,32.62,735000,psxdata,2026-05-11T12:55:20
EPCL,2017-09-05,32.81,33.0,31.41,32.0,3672500,psxdata,2026-05-11T12:55:20
EPCL,2017-09-06,32.15,32.4,30.4,30.49,4682000,psxdata,2026-05-11T12:55:20
EPCL,2017-09-07,30.45,30.64,28.97,28.98,6357000,psxdata,2026-05-11T12:55:20
EPCL,2017-09-08,29.74,30.29,29.22,30.1,6579500,psxdata,2026-05-11T12:55:20
EPCL,2017-09-11,30.0,30.4,28.6,28.62,3111500,psxdata,2026-05-11T12:55:20
EPCL,2017-09-12,28.88,29.2,27.19,27.34,9426500,psxdata,2026-05-11T12:55:20
EPCL,2017-09-13,27.56,28.7,27.37,28.7,3658500,psxdata,2026-05-11T12:55:20
EPCL,2017-09-14,29.11,29.5,28.45,28.76,2208000,psxdata,2026-05-11T12:55:20
EPCL,2017-09-15,29.09,29.34,28.56,29.11,2305500,psxdata,2026-05-11T12:55:20
EPCL,2017-09-18,29.2,29.55,29.05,29.46,1594000,psxdata,2026-05-11T12:55:20
EPCL,2017-09-19,29.64,30.93,29.64,30.93,6489500,psxdata,2026-05-11T12:55:20
EPCL,2017-09-20,31.5,32.47,31.5,32.47,7973000,psxdata,2026-05-11T12:55:20
EPCL,2017-09-21,32.5,33.98,32.5,33.01,9937000,psxdata,2026-05-11T12:55:20
EPCL,2017-09-22,33.5,34.44,33.25,34.01,8924000,psxdata,2026-05-11T12:55:20
EPCL,2017-09-25,34.35,34.69,33.11,33.51,3646500,psxdata,2026-05-11T12:55:20
EPCL,2017-09-26,33.5,34.0,32.8,33.18,1925000,psxdata,2026-05-11T12:55:20
EPCL,2017-09-27,33.15,33.48,32.5,32.65,1712500,psxdata,2026-05-11T12:55:20
EPCL,2017-09-28,32.56,33.95,32.45,33.32,3596500,psxdata,2026-05-11T12:55:20
EPCL,2017-09-29,33.5,34.24,33.25,33.41,2467000,psxdata,2026-05-11T12:55:20
EPCL,2017-10-02,33.2,33.45,32.7,32.98,1003000,psxdata,2026-05-11T12:55:20
EPCL,2017-10-03,33.0,33.0,31.34,31.4,3971500,psxdata,2026-05-11T12:55:20
EPCL,2017-10-04,31.1,31.45,29.83,29.86,6607000,psxdata,2026-05-11T12:55:20
EPCL,2017-10-05,30.2,31.15,29.06,30.81,4551000,psxdata,2026-05-11T12:55:20
EPCL,2017-10-06,31.22,32.35,31.1,32.29,7973500,psxdata,2026-05-11T12:55:20
EPCL,2017-10-09,32.45,32.94,31.51,32.6,5401500,psxdata,2026-05-11T12:55:20
EPCL,2017-10-10,32.85,33.25,31.12,31.66,4994000,psxdata,2026-05-11T12:55:20
EPCL,2017-10-11,31.97,31.97,30.8,31.02,2341500,psxdata,2026-05-11T12:55:20
EPCL,2017-10-12,31.2,31.4,29.71,30.47,3074000,psxdata,2026-05-11T12:55:20
EPCL,2017-10-13,30.7,30.8,29.7,30.5,2857500,psxdata,2026-05-11T12:55:20
EPCL,2017-10-16,31.25,32.02,30.99,32.02,2249000,psxdata,2026-05-11T12:55:20
EPCL,2017-10-17,32.65,33.31,31.9,32.75,6229500,psxdata,2026-05-11T12:55:20
EPCL,2017-10-18,33.1,34.38,32.57,34.33,21286000,psxdata,2026-05-11T12:55:20
EPCL,2017-10-19,34.6,36.0,33.82,35.98,18959000,psxdata,2026-05-11T12:55:20
EPCL,2017-10-20,36.05,37.35,35.5,36.99,20715000,psxdata,2026-05-11T12:55:20
EPCL,2017-10-23,36.65,36.75,35.25,35.47,8314000,psxdata,2026-05-11T12:55:20
EPCL,2017-10-24,35.02,36.2,34.7,35.54,6752000,psxdata,2026-05-11T12:55:20
EPCL,2017-10-25,35.65,37.2,35.65,36.96,7766500,psxdata,2026-05-11T12:55:20
EPCL,2017-10-26,36.9,37.1,35.8,36.04,3169000,psxdata,2026-05-11T12:55:20
EPCL,2017-10-27,36.0,36.45,35.15,35.4,3052500,psxdata,2026-05-11T12:55:20
EPCL,2017-10-30,35.5,35.5,33.87,34.13,3233000,psxdata,2026-05-11T12:55:20
EPCL,2017-10-31,34.1,35.1,33.35,33.56,3509500,psxdata,2026-05-11T12:55:20
EPCL,2017-11-01,33.95,35.23,33.95,35.18,3170000,psxdata,2026-05-11T12:55:20
EPCL,2017-11-02,35.49,35.75,33.86,34.1,4231000,psxdata,2026-05-11T12:55:20
EPCL,2017-11-03,34.1,34.9,34.0,34.53,3822500,psxdata,2026-05-11T12:55:20
EPCL,2017-11-06,34.26,34.45,33.55,33.73,1483000,psxdata,2026-05-11T12:55:20
EPCL,2017-11-07,33.99,34.1,33.04,33.21,1875000,psxdata,2026-05-11T12:55:20
EPCL,2017-11-08,33.2,33.32,32.58,32.72,2162000,psxdata,2026-05-11T12:55:20
EPCL,2017-11-09,32.98,34.35,32.98,34.25,5673000,psxdata,2026-05-11T12:55:20
EPCL,2017-11-10,34.31,35.7,34.2,34.7,6881000,psxdata,2026-05-11T12:55:20
EPCL,2017-11-13,34.6,34.87,34.0,34.18,2833000,psxdata,2026-05-11T12:55:20
EPCL,2017-11-14,34.3,34.95,34.05,34.15,1442500,psxdata,2026-05-11T12:55:20
EPCL,2017-11-15,34.4,34.59,33.86,34.1,943500,psxdata,2026-05-11T12:55:20
EPCL,2017-11-16,34.35,35.19,34.3,34.5,2372500,psxdata,2026-05-11T12:55:20
EPCL,2017-11-17,34.6,34.75,34.25,34.36,1203000,psxdata,2026-05-11T12:55:20
EPCL,2017-11-20,34.48,34.6,33.5,33.55,1162000,psxdata,2026-05-11T12:55:20
EPCL,2017-11-21,33.4,34.25,33.4,33.94,1936000,psxdata,2026-05-11T12:55:20
EPCL,2017-11-22,34.28,34.35,33.55,33.72,1291500,psxdata,2026-05-11T12:55:20
EPCL,2017-11-23,33.71,33.95,33.14,33.46,854500,psxdata,2026-05-11T12:55:20
EPCL,2017-11-24,33.4,34.15,33.25,33.91,1883000,psxdata,2026-05-11T12:55:20
EPCL,2017-11-27,33.6,34.25,33.4,33.82,1448000,psxdata,2026-05-11T12:55:20
EPCL,2017-11-28,34.01,34.38,33.1,33.34,2326500,psxdata,2026-05-11T12:55:20
EPCL,2017-11-29,33.2,33.7,33.0,33.54,1083000,psxdata,2026-05-11T12:55:20
EPCL,2017-11-30,33.8,34.2,33.6,34.01,1863500,psxdata,2026-05-11T12:55:20
EPCL,2017-12-04,33.95,34.21,33.65,33.71,160500,psxdata,2026-05-11T12:55:20
EPCL,2017-12-05,33.61,34.15,33.51,33.56,268500,psxdata,2026-05-11T12:55:20
EPCL,2017-12-06,33.65,33.75,33.4,33.57,372000,psxdata,2026-05-11T12:55:20
EPCL,2017-12-07,33.65,33.82,31.9,31.9,2558500,psxdata,2026-05-11T12:55:20
EPCL,2017-12-08,31.5,32.14,31.0,31.13,2115500,psxdata,2026-05-11T12:55:20
EPCL,2017-12-11,31.25,31.25,29.58,29.58,2587000,psxdata,2026-05-11T12:55:20
EPCL,2017-12-12,29.0,31.05,28.11,30.61,2904500,psxdata,2026-05-11T12:55:20
EPCL,2017-12-13,31.1,31.68,30.15,31.2,1093000,psxdata,2026-05-11T12:55:20
EPCL,2017-12-14,31.5,31.5,29.64,29.64,1245000,psxdata,2026-05-11T12:55:20
EPCL,2017-12-15,28.7,30.5,28.4,29.82,2571500,psxdata,2026-05-11T12:55:20
EPCL,2017-12-18,29.8,30.0,28.33,28.48,974500,psxdata,2026-05-11T12:55:20
EPCL,2017-12-19,28.24,28.34,27.06,27.12,1023500,psxdata,2026-05-11T12:55:20
EPCL,2017-12-20,27.5,28.1,26.82,27.26,583000,psxdata,2026-05-11T12:55:20
EPCL,2017-12-21,27.5,28.5,26.51,28.31,1309000,psxdata,2026-05-11T12:55:20
EPCL,2017-12-22,28.35,29.72,28.35,29.72,1197000,psxdata,2026-05-11T12:55:20
EPCL,2017-12-26,30.49,31.2,30.29,30.48,2931000,psxdata,2026-05-11T12:55:20
EPCL,2017-12-27,30.85,31.69,30.6,31.07,2350000,psxdata,2026-05-11T12:55:20
EPCL,2017-12-28,31.05,32.25,29.52,30.06,7200000,psxdata,2026-05-11T12:55:20
EPCL,2017-12-29,28.56,28.56,28.56,28.56,239500,psxdata,2026-05-11T12:55:20
EPCL,2018-01-01,27.14,28.29,27.14,27.97,9521000,psxdata,2026-05-11T12:55:20
EPCL,2018-01-02,27.31,28.0,26.9,27.18,4525500,psxdata,2026-05-11T12:55:20
EPCL,2018-01-03,27.11,27.32,25.83,25.9,3024500,psxdata,2026-05-11T12:55:20
EPCL,2018-01-04,25.96,27.19,25.31,26.77,10156500,psxdata,2026-05-11T12:55:20
EPCL,2018-01-05,26.77,28.1,26.2,27.77,8158500,psxdata,2026-05-11T12:55:20
EPCL,2018-01-08,28.19,28.44,26.96,27.2,5020500,psxdata,2026-05-11T12:55:20
EPCL,2018-01-09,27.05,27.6,26.6,27.26,6659000,psxdata,2026-05-11T12:55:20
EPCL,2018-01-10,27.51,28.48,27.35,27.78,9790000,psxdata,2026-05-11T12:55:20
EPCL,2018-01-11,27.73,27.8,27.05,27.29,3206000,psxdata,2026-05-11T12:55:20
EPCL,2018-01-12,27.45,27.45,26.0,26.25,1652000,psxdata,2026-05-11T12:55:20
EPCL,2018-01-15,26.0,26.4,25.36,25.51,1736500,psxdata,2026-05-11T12:55:20
EPCL,2018-01-16,25.4,26.4,24.97,25.49,2993000,psxdata,2026-05-11T12:55:20
EPCL,2018-01-17,25.26,25.95,25.26,25.69,1244500,psxdata,2026-05-11T12:55:20
EPCL,2018-01-18,25.99,26.65,25.67,25.92,4822500,psxdata,2026-05-11T12:55:20
EPCL,2018-01-19,26.4,26.55,26.11,26.41,4048500,psxdata,2026-05-11T12:55:20
EPCL,2018-01-22,26.64,27.43,26.5,27.27,4949000,psxdata,2026-05-11T12:55:20
EPCL,2018-01-23,27.35,27.35,26.35,26.49,5234000,psxdata,2026-05-11T12:55:20
EPCL,2018-01-24,26.5,27.25,26.32,26.49,12160000,psxdata,2026-05-11T12:55:20
EPCL,2018-01-25,26.61,27.45,26.55,27.09,8904000,psxdata,2026-05-11T12:55:20
EPCL,2018-01-26,27.2,27.26,26.72,27.01,4756000,psxdata,2026-05-11T12:55:20
EPCL,2018-01-29,27.1,27.1,26.1,26.23,3251500,psxdata,2026-05-11T12:55:20
EPCL,2018-01-30,26.42,27.05,26.3,26.4,5173000,psxdata,2026-05-11T12:55:20
EPCL,2018-01-31,26.31,27.72,26.31,26.88,26320500,psxdata,2026-05-11T12:55:20
EPCL,2018-02-01,27.0,27.1,26.65,26.72,3979500,psxdata,2026-05-11T12:55:20
EPCL,2018-02-02,26.7,26.99,26.45,26.57,3722000,psxdata,2026-05-11T12:55:20
EPCL,2018-02-06,26.3,26.6,26.01,26.42,1490000,psxdata,2026-05-11T12:55:20
EPCL,2018-02-07,26.58,27.1,26.58,26.77,1857000,psxdata,2026-05-11T12:55:20
EPCL,2018-02-08,26.8,27.0,26.56,26.77,1046000,psxdata,2026-05-11T12:55:20
EPCL,2018-02-09,26.7,26.7,26.1,26.3,2838500,psxdata,2026-05-11T12:55:20
EPCL,2018-02-12,26.26,27.61,26.05,27.61,8171500,psxdata,2026-05-11T12:55:20
EPCL,2018-02-13,27.95,28.99,27.95,28.43,13469500,psxdata,2026-05-11T12:55:20
EPCL,2018-02-14,28.5,28.5,27.66,27.79,3932000,psxdata,2026-05-11T12:55:20
EPCL,2018-02-15,27.6,28.4,27.4,28.01,3845000,psxdata,2026-05-11T12:55:20
EPCL,2018-02-16,28.01,29.01,27.9,28.64,3565500,psxdata,2026-05-11T12:55:20
EPCL,2018-02-19,28.6,29.22,28.0,28.25,2421000,psxdata,2026-05-11T12:55:20
EPCL,2018-02-20,28.2,28.9,27.9,28.68,3995000,psxdata,2026-05-11T12:55:20
EPCL,2018-02-21,29.25,29.45,28.54,28.67,3549000,psxdata,2026-05-11T12:55:20
EPCL,2018-02-22,28.6,29.21,28.06,29.13,3243000,psxdata,2026-05-11T12:55:20
EPCL,2018-02-23,29.2,29.45,28.1,28.52,1707000,psxdata,2026-05-11T12:55:20
EPCL,2018-02-26,28.5,28.9,28.15,28.7,2174000,psxdata,2026-05-11T12:55:20
EPCL,2018-02-27,28.89,29.2,28.35,28.85,2362500,psxdata,2026-05-11T12:55:20
EPCL,2018-02-28,29.1,29.8,28.9,29.49,4844500,psxdata,2026-05-11T12:55:20
EPCL,2018-03-01,29.7,30.3,29.51,29.82,5001500,psxdata,2026-05-11T12:55:20
EPCL,2018-03-02,30.0,30.1,29.6,29.69,1181500,psxdata,2026-05-11T12:55:20
EPCL,2018-03-05,30.4,30.99,30.3,30.89,7091500,psxdata,2026-05-11T12:55:20
EPCL,2018-03-06,31.0,31.23,29.35,29.48,5809000,psxdata,2026-05-11T12:55:20
EPCL,2018-03-07,29.27,29.74,29.2,29.34,1087000,psxdata,2026-05-11T12:55:20
EPCL,2018-03-08,29.3,29.5,28.8,28.94,1582500,psxdata,2026-05-11T12:55:20
EPCL,2018-03-09,28.7,29.32,28.46,29.03,1428000,psxdata,2026-05-11T12:55:20
EPCL,2018-03-12,28.95,29.35,28.8,29.09,977000,psxdata,2026-05-11T12:55:20
EPCL,2018-03-13,29.09,30.54,29.09,30.0,4939000,psxdata,2026-05-11T12:55:20
EPCL,2018-03-14,29.9,30.9,28.9,30.12,8718500,psxdata,2026-05-11T12:55:20
EPCL,2018-03-15,30.2,30.97,30.1,30.62,3885000,psxdata,2026-05-11T12:55:20
EPCL,2018-03-16,30.49,30.6,30.15,30.33,853500,psxdata,2026-05-11T12:55:20
EPCL,2018-03-19,30.59,30.9,30.41,30.67,2053000,psxdata,2026-05-11T12:55:20
EPCL,2018-03-20,30.39,30.97,30.1,30.59,2716000,psxdata,2026-05-11T12:55:20
EPCL,2018-03-21,30.85,31.6,30.5,31.33,7554500,psxdata,2026-05-11T12:55:20
EPCL,2018-03-22,31.61,32.0,31.02,31.67,4846000,psxdata,2026-05-11T12:55:20
EPCL,2018-03-26,31.51,32.84,31.35,32.54,9406000,psxdata,2026-05-11T12:55:20
EPCL,2018-03-27,32.56,33.25,32.45,32.56,9843000,psxdata,2026-05-11T12:55:20
EPCL,2018-03-28,32.6,32.93,31.7,32.7,6294500,psxdata,2026-05-11T12:55:20
EPCL,2018-03-29,32.51,34.33,32.5,34.33,28260500,psxdata,2026-05-11T12:55:20
EPCL,2018-03-30,35.27,36.0,34.75,35.65,21823000,psxdata,2026-05-11T12:55:20
EPCL,2018-04-02,36.5,36.97,36.0,36.64,16798000,psxdata,2026-05-11T12:55:20
EPCL,2018-04-03,37.25,37.3,36.3,36.76,13562500,psxdata,2026-05-11T12:55:20
EPCL,2018-04-04,36.55,37.25,35.81,36.62,22753000,psxdata,2026-05-11T12:55:20
EPCL,2018-04-05,36.98,37.35,36.7,36.94,15433000,psxdata,2026-05-11T12:55:20
EPCL,2018-04-06,37.19,37.83,36.88,37.7,16299000,psxdata,2026-05-11T12:55:20
EPCL,2018-04-09,38.1,38.86,37.71,38.68,15537000,psxdata,2026-05-11T12:55:20
EPCL,2018-04-10,38.75,39.4,38.6,38.9,15488000,psxdata,2026-05-11T12:55:20
EPCL,2018-04-11,38.88,39.17,38.15,38.28,9729000,psxdata,2026-05-11T12:55:20
EPCL,2018-04-12,38.5,40.19,38.41,39.91,23866000,psxdata,2026-05-11T12:55:20
EPCL,2018-04-13,39.91,39.94,39.02,39.22,10867000,psxdata,2026-05-11T12:55:20
EPCL,2018-04-16,39.4,39.7,38.12,38.37,9829000,psxdata,2026-05-11T12:55:20
EPCL,2018-04-17,38.4,39.6,38.15,39.41,12869500,psxdata,2026-05-11T12:55:20
EPCL,2018-04-18,39.66,39.85,38.7,38.88,5412000,psxdata,2026-05-11T12:55:20
EPCL,2018-04-19,39.7,39.98,38.05,38.45,15208500,psxdata,2026-05-11T12:55:20
EPCL,2018-04-20,38.7,39.15,38.6,38.82,8322500,psxdata,2026-05-11T12:55:20
EPCL,2018-04-23,39.0,39.0,38.3,38.41,2377000,psxdata,2026-05-11T12:55:20
EPCL,2018-04-24,38.3,38.7,37.6,38.33,8570500,psxdata,2026-05-11T12:55:20
EPCL,2018-04-25,40.24,40.24,39.02,39.25,23849000,psxdata,2026-05-11T12:55:20
EPCL,2018-04-26,39.3,39.34,38.02,38.17,6309500,psxdata,2026-05-11T12:55:20
EPCL,2018-04-27,38.15,38.36,37.7,38.22,2361000,psxdata,2026-05-11T12:55:20
EPCL,2018-04-30,38.89,38.9,37.75,37.94,4134000,psxdata,2026-05-11T12:55:20
EPCL,2018-05-02,38.01,38.01,37.12,37.34,1821000,psxdata,2026-05-11T12:55:20
EPCL,2018-05-03,37.19,37.45,35.75,36.13,5245000,psxdata,2026-05-11T12:55:20
EPCL,2018-05-04,36.24,37.01,35.89,36.63,4711000,psxdata,2026-05-11T12:55:20
EPCL,2018-05-07,36.99,37.0,36.12,36.24,2028500,psxdata,2026-05-11T12:55:20
EPCL,2018-05-08,36.5,37.2,36.25,36.73,8183500,psxdata,2026-05-11T12:55:20
EPCL,2018-05-09,36.98,36.98,35.8,36.34,2417500,psxdata,2026-05-11T12:55:20
EPCL,2018-05-10,36.9,37.39,35.8,36.67,7404500,psxdata,2026-05-11T12:55:20
EPCL,2018-05-11,36.67,36.85,36.2,36.34,2286000,psxdata,2026-05-11T12:55:20
EPCL,2018-05-14,36.0,36.0,34.53,34.64,5732000,psxdata,2026-05-11T12:55:20
EPCL,2018-05-15,34.64,35.9,33.61,35.78,6326000,psxdata,2026-05-11T12:55:20
EPCL,2018-05-16,35.8,36.3,35.3,35.46,3537500,psxdata,2026-05-11T12:55:20
EPCL,2018-05-17,35.8,35.8,34.49,34.64,1226000,psxdata,2026-05-11T12:55:20
EPCL,2018-05-18,34.9,35.74,33.51,34.71,4986000,psxdata,2026-05-11T12:55:20
EPCL,2018-05-21,35.3,35.5,33.0,33.19,5535000,psxdata,2026-05-11T12:55:20
EPCL,2018-05-22,33.02,34.84,32.69,34.81,6005500,psxdata,2026-05-11T12:55:20
EPCL,2018-05-23,35.0,35.4,34.45,34.6,2096500,psxdata,2026-05-11T12:55:20
EPCL,2018-05-24,34.5,34.5,33.63,33.79,1469000,psxdata,2026-05-11T12:55:20
EPCL,2018-05-25,34.05,34.68,33.6,34.12,2102500,psxdata,2026-05-11T12:55:20
EPCL,2018-05-28,34.12,34.75,33.76,33.93,2370500,psxdata,2026-05-11T12:55:20
EPCL,2018-05-29,34.2,34.56,33.96,34.44,1888500,psxdata,2026-05-11T12:55:20
EPCL,2018-05-30,34.4,35.4,33.96,35.26,2569000,psxdata,2026-05-11T12:55:20
EPCL,2018-05-31,35.36,35.84,34.83,35.12,3023500,psxdata,2026-05-11T12:55:20
EPCL,2018-06-01,35.2,35.2,34.66,34.76,549000,psxdata,2026-05-11T12:55:20
EPCL,2018-06-04,34.27,35.3,34.25,35.23,1849000,psxdata,2026-05-11T12:55:20
EPCL,2018-06-05,35.3,35.84,35.15,35.5,2148000,psxdata,2026-05-11T12:55:20
EPCL,2018-06-06,31.84,33.44,31.84,33.44,1616000,psxdata,2026-05-11T12:55:20
EPCL,2018-06-07,34.5,35.0,33.9,34.43,11205000,psxdata,2026-05-11T12:55:20
EPCL,2018-06-11,34.43,35.48,34.43,34.67,3113000,psxdata,2026-05-11T12:55:20
EPCL,2018-06-12,34.5,34.61,33.0,33.2,3237000,psxdata,2026-05-11T12:55:20
EPCL,2018-06-13,33.75,34.5,33.3,34.14,2837500,psxdata,2026-05-11T12:55:20
EPCL,2018-06-14,34.5,34.76,34.2,34.57,749500,psxdata,2026-05-11T12:55:20
EPCL,2018-06-19,34.75,35.44,34.75,35.08,2501500,psxdata,2026-05-11T12:55:20
EPCL,2018-06-20,35.3,35.88,34.0,34.28,2982500,psxdata,2026-05-11T12:55:20
EPCL,2018-06-21,33.75,34.19,33.35,33.67,2273500,psxdata,2026-05-11T12:55:20
EPCL,2018-06-22,34.05,34.25,31.99,32.05,5637000,psxdata,2026-05-11T12:55:20
EPCL,2018-06-25,31.15,31.65,30.45,30.45,6084000,psxdata,2026-05-11T12:55:20
EPCL,2018-06-26,30.45,30.74,28.93,29.3,3370000,psxdata,2026-05-11T12:55:20
EPCL,2018-06-27,29.55,30.76,29.31,30.76,4480000,psxdata,2026-05-11T12:55:20
EPCL,2018-06-28,30.65,32.01,30.35,31.72,5733500,psxdata,2026-05-11T12:55:20
EPCL,2018-06-29,31.7,31.97,31.27,31.36,1475000,psxdata,2026-05-11T12:55:20
EPCL,2018-07-02,31.5,31.5,29.9,30.04,1007000,psxdata,2026-05-11T12:55:20
EPCL,2018-07-03,30.0,31.3,29.8,30.97,3689000,psxdata,2026-05-11T12:55:20
EPCL,2018-07-04,30.5,30.7,29.43,29.43,2697000,psxdata,2026-05-11T12:55:20
EPCL,2018-07-05,29.01,30.1,28.45,29.82,5639000,psxdata,2026-05-11T12:55:20
EPCL,2018-07-06,29.25,30.2,29.25,29.85,1902500,psxdata,2026-05-11T12:55:20
EPCL,2018-07-09,29.98,30.25,28.36,28.36,2079500,psxdata,2026-05-11T12:55:20
EPCL,2018-07-10,28.0,28.4,26.95,28.03,13195500,psxdata,2026-05-11T12:55:20
EPCL,2018-07-11,28.01,28.75,27.5,27.83,4427000,psxdata,2026-05-11T12:55:20
EPCL,2018-07-12,27.74,28.6,27.1,28.45,4694500,psxdata,2026-05-11T12:55:20
EPCL,2018-07-13,28.4,28.59,27.45,28.23,5029000,psxdata,2026-05-11T12:55:20
EPCL,2018-07-16,28.34,28.36,27.15,27.28,5931500,psxdata,2026-05-11T12:55:20
EPCL,2018-07-17,27.44,28.64,27.0,28.64,3842000,psxdata,2026-05-11T12:55:20
EPCL,2018-07-18,29.0,30.07,29.0,30.04,10308000,psxdata,2026-05-11T12:55:20
EPCL,2018-07-19,30.6,31.54,30.6,31.54,10031000,psxdata,2026-05-11T12:55:20
EPCL,2018-07-20,31.65,31.95,30.76,31.05,6742500,psxdata,2026-05-11T12:55:20
EPCL,2018-07-23,30.9,30.95,29.9,30.08,3269500,psxdata,2026-05-11T12:55:20
EPCL,2018-07-24,30.01,31.58,30.01,31.54,8449000,psxdata,2026-05-11T12:55:20
EPCL,2018-07-26,31.73,32.65,31.72,32.06,6814000,psxdata,2026-05-11T12:55:20
EPCL,2018-07-27,32.35,33.65,32.01,33.58,11483000,psxdata,2026-05-11T12:55:20
EPCL,2018-07-30,33.81,35.25,33.75,35.03,12956500,psxdata,2026-05-11T12:55:20
EPCL,2018-07-31,35.01,35.01,33.9,34.27,6025000,psxdata,2026-05-11T12:55:20
EPCL,2018-08-01,34.75,35.59,34.52,35.19,12902500,psxdata,2026-05-11T12:55:20
EPCL,2018-08-02,35.25,36.28,34.51,35.54,29949500,psxdata,2026-05-11T12:55:20
EPCL,2018-08-03,35.65,36.27,34.8,35.2,24988000,psxdata,2026-05-11T12:55:20
EPCL,2018-08-06,35.5,35.59,34.77,35.41,5848500,psxdata,2026-05-11T12:55:20
EPCL,2018-08-07,35.65,35.87,34.3,34.45,9719500,psxdata,2026-05-11T12:55:20
EPCL,2018-08-08,34.65,35.2,34.11,34.86,7326500,psxdata,2026-05-11T12:55:20
EPCL,2018-08-09,34.89,35.0,34.0,34.16,7353500,psxdata,2026-05-11T12:55:20
EPCL,2018-08-10,34.1,35.05,34.05,34.77,13395000,psxdata,2026-05-11T12:55:20
EPCL,2018-08-13,34.69,35.47,34.32,34.94,8923000,psxdata,2026-05-11T12:55:20
EPCL,2018-08-15,35.1,35.2,34.45,34.53,4309000,psxdata,2026-05-11T12:55:20
EPCL,2018-08-16,34.6,34.64,33.2,34.03,6627500,psxdata,2026-05-11T12:55:20
EPCL,2018-08-17,34.3,35.24,34.15,34.89,6495500,psxdata,2026-05-11T12:55:20
EPCL,2018-08-20,35.15,35.58,34.35,34.46,6899500,psxdata,2026-05-11T12:55:20
EPCL,2018-08-24,34.5,34.65,34.1,34.26,3463000,psxdata,2026-05-11T12:55:20
EPCL,2018-08-27,34.4,35.9,34.02,35.51,20304000,psxdata,2026-05-11T12:55:20
EPCL,2018-08-28,35.6,35.9,34.51,34.67,9063500,psxdata,2026-05-11T12:55:20
EPCL,2018-08-29,34.8,34.98,34.4,34.78,4525000,psxdata,2026-05-11T12:55:20
EPCL,2018-08-30,34.9,35.15,34.1,34.43,9610500,psxdata,2026-05-11T12:55:20
EPCL,2018-08-31,34.45,35.2,34.0,34.84,10463000,psxdata,2026-05-11T12:55:20
EPCL,2018-09-03,34.85,35.1,34.11,34.83,6164000,psxdata,2026-05-11T12:55:20
EPCL,2018-09-04,34.88,35.11,34.5,34.61,1986000,psxdata,2026-05-11T12:55:20
EPCL,2018-09-05,34.01,34.4,33.0,33.13,7863500,psxdata,2026-05-11T12:55:20
EPCL,2018-09-06,33.45,33.7,32.81,33.31,6662500,psxdata,2026-05-11T12:55:20
EPCL,2018-09-07,32.7,33.25,32.02,32.88,7977500,psxdata,2026-05-11T12:55:20
EPCL,2018-09-10,32.51,33.3,31.9,32.79,5265000,psxdata,2026-05-11T12:55:20
EPCL,2018-09-11,32.9,33.34,32.25,32.8,2933000,psxdata,2026-05-11T12:55:20
EPCL,2018-09-12,32.8,33.14,32.12,32.33,1635500,psxdata,2026-05-11T12:55:20
EPCL,2018-09-13,31.9,33.24,31.55,32.57,5242000,psxdata,2026-05-11T12:55:20
EPCL,2018-09-14,32.87,33.5,32.48,33.21,6337500,psxdata,2026-05-11T12:55:20
EPCL,2018-09-17,33.2,33.2,31.55,31.85,6224000,psxdata,2026-05-11T12:55:20
EPCL,2018-09-18,32.09,32.75,31.25,32.61,3487000,psxdata,2026-05-11T12:55:20
EPCL,2018-09-19,32.5,32.67,32.1,32.21,1357000,psxdata,2026-05-11T12:55:20
EPCL,2018-09-24,32.3,32.3,30.8,31.06,2632500,psxdata,2026-05-11T12:55:20
EPCL,2018-09-25,30.98,31.0,30.3,30.37,1322500,psxdata,2026-05-11T12:55:20
EPCL,2018-09-26,30.4,30.85,30.03,30.43,1628000,psxdata,2026-05-11T12:55:20
EPCL,2018-09-27,30.1,30.45,29.7,30.2,1899000,psxdata,2026-05-11T12:55:20
EPCL,2018-09-28,30.0,30.06,28.69,29.04,5187500,psxdata,2026-05-11T12:55:20
EPCL,2018-10-01,29.2,30.25,28.3,29.82,3832500,psxdata,2026-05-11T12:55:20
EPCL,2018-10-02,29.97,30.72,29.71,30.08,2831000,psxdata,2026-05-11T12:55:20
EPCL,2018-10-03,30.1,30.89,29.9,30.36,3829000,psxdata,2026-05-11T12:55:20
EPCL,2018-10-04,30.5,30.6,29.8,30.02,2549000,psxdata,2026-05-11T12:55:20
EPCL,2018-10-05,29.95,29.95,28.52,28.71,6511000,psxdata,2026-05-11T12:55:20
EPCL,2018-10-08,29.01,29.3,27.32,27.58,4393000,psxdata,2026-05-11T12:55:20
EPCL,2018-10-09,27.8,28.95,27.73,28.93,6547000,psxdata,2026-05-11T12:55:20
EPCL,2018-10-10,29.0,30.37,27.81,30.37,7274000,psxdata,2026-05-11T12:55:20
EPCL,2018-10-11,30.5,31.1,29.81,30.11,5856000,psxdata,2026-05-11T12:55:20
EPCL,2018-10-12,29.95,30.15,28.71,29.36,8701000,psxdata,2026-05-11T12:55:20
EPCL,2018-10-15,29.01,29.91,28.3,29.37,5196000,psxdata,2026-05-11T12:55:20
EPCL,2018-10-16,29.6,30.32,29.3,29.57,5452500,psxdata,2026-05-11T12:55:20
EPCL,2018-10-17,29.62,31.04,29.62,31.04,6846500,psxdata,2026-05-11T12:55:20
EPCL,2018-10-18,31.4,32.25,30.56,31.76,10540000,psxdata,2026-05-11T12:55:20
EPCL,2018-10-19,31.76,33.34,31.5,33.22,13143500,psxdata,2026-05-11T12:55:20
EPCL,2018-10-22,33.48,33.95,32.31,32.85,10023500,psxdata,2026-05-11T12:55:20
EPCL,2018-10-23,32.7,32.7,31.5,31.76,4984000,psxdata,2026-05-11T12:55:20
EPCL,2018-10-24,33.0,33.34,32.75,33.34,3488000,psxdata,2026-05-11T12:55:20
EPCL,2018-10-25,34.0,34.71,33.12,33.92,10159000,psxdata,2026-05-11T12:55:20
EPCL,2018-10-26,33.51,34.94,33.2,34.73,11748500,psxdata,2026-05-11T12:55:20
EPCL,2018-10-29,35.25,36.46,35.2,36.46,21840000,psxdata,2026-05-11T12:55:20
EPCL,2018-10-30,36.49,37.2,35.81,36.64,18243500,psxdata,2026-05-11T12:55:20
EPCL,2018-10-31,36.5,36.75,35.75,35.99,8750500,psxdata,2026-05-11T12:55:20
EPCL,2018-11-01,35.7,36.7,35.5,35.99,4057000,psxdata,2026-05-11T12:55:20
EPCL,2018-11-02,35.81,37.07,35.81,36.55,8952500,psxdata,2026-05-11T12:55:20
EPCL,2018-11-05,36.49,38.37,35.25,37.96,18061000,psxdata,2026-05-11T12:55:20
EPCL,2018-11-06,38.8,39.04,36.56,38.08,15838000,psxdata,2026-05-11T12:55:20
EPCL,2018-11-07,38.8,38.9,37.75,38.58,10744500,psxdata,2026-05-11T12:55:20
EPCL,2018-11-08,38.5,38.6,37.75,37.83,5761000,psxdata,2026-05-11T12:55:20
EPCL,2018-11-09,38.0,39.43,37.5,38.7,12615000,psxdata,2026-05-11T12:55:20
EPCL,2018-11-12,38.72,39.22,38.01,38.22,4294000,psxdata,2026-05-11T12:55:20
EPCL,2018-11-13,38.1,38.7,37.42,38.49,4405500,psxdata,2026-05-11T12:55:20
EPCL,2018-11-14,38.8,39.25,38.4,38.74,6939000,psxdata,2026-05-11T12:55:20
EPCL,2018-11-15,38.75,39.85,38.6,39.36,12584000,psxdata,2026-05-11T12:55:20
EPCL,2018-11-16,39.49,40.03,38.82,39.05,8366500,psxdata,2026-05-11T12:55:20
EPCL,2018-11-19,39.55,39.55,38.55,39.23,3353500,psxdata,2026-05-11T12:55:20
EPCL,2018-11-20,39.4,41.19,38.75,40.34,15964000,psxdata,2026-05-11T12:55:20
EPCL,2018-11-22,41.24,41.24,39.62,40.41,10971500,psxdata,2026-05-11T12:55:20
EPCL,2018-11-23,40.15,41.0,39.8,40.73,5717000,psxdata,2026-05-11T12:55:20
EPCL,2018-11-26,40.8,41.39,39.25,39.94,5767000,psxdata,2026-05-11T12:55:20
EPCL,2018-11-27,40.19,40.19,38.85,39.84,4988500,psxdata,2026-05-11T12:55:20
EPCL,2018-11-28,39.89,40.0,38.65,39.2,4947000,psxdata,2026-05-11T12:55:20
EPCL,2018-11-29,39.25,39.59,38.68,38.87,2854500,psxdata,2026-05-11T12:55:20
EPCL,2018-11-30,38.8,39.0,38.02,38.21,4077000,psxdata,2026-05-11T12:55:20
EPCL,2018-12-03,37.11,37.21,36.3,36.3,2871000,psxdata,2026-05-11T12:55:20
EPCL,2018-12-04,35.81,38.11,35.7,38.03,5956500,psxdata,2026-05-11T12:55:20
EPCL,2018-12-05,38.11,38.89,36.23,37.39,7244000,psxdata,2026-05-11T12:55:20
EPCL,2018-12-06,37.48,37.5,36.5,36.6,8773000,psxdata,2026-05-11T12:55:20
EPCL,2018-12-07,36.6,37.2,35.74,36.79,4680500,psxdata,2026-05-11T12:55:20
EPCL,2018-12-10,37.4,38.45,37.0,37.8,7949500,psxdata,2026-05-11T12:55:20
EPCL,2018-12-11,37.8,37.95,37.3,37.41,3366500,psxdata,2026-05-11T12:55:20
EPCL,2018-12-12,36.5,36.95,36.28,36.54,6186000,psxdata,2026-05-11T12:55:20
EPCL,2018-12-13,36.35,36.92,36.09,36.22,1724500,psxdata,2026-05-11T12:55:20
EPCL,2018-12-14,36.59,37.85,36.5,37.63,4078000,psxdata,2026-05-11T12:55:20
EPCL,2018-12-17,37.7,37.95,37.35,37.67,3409000,psxdata,2026-05-11T12:55:20
EPCL,2018-12-18,37.6,38.6,37.6,38.29,4598000,psxdata,2026-05-11T12:55:20
EPCL,2018-12-19,38.36,39.44,37.95,39.18,7731000,psxdata,2026-05-11T12:55:20
EPCL,2018-12-20,39.29,39.95,39.0,39.2,2944000,psxdata,2026-05-11T12:55:20
EPCL,2018-12-21,39.69,40.4,38.74,39.21,8142000,psxdata,2026-05-11T12:55:20
EPCL,2018-12-24,39.0,39.2,38.4,39.04,1969500,psxdata,2026-05-11T12:55:20
EPCL,2018-12-26,39.06,39.39,38.71,38.83,1380500,psxdata,2026-05-11T12:55:20
EPCL,2018-12-27,39.08,39.6,38.0,38.51,4288500,psxdata,2026-05-11T12:55:20
EPCL,2018-12-28,38.51,38.6,37.25,37.45,3082500,psxdata,2026-05-11T12:55:20
EPCL,2018-12-31,37.31,37.95,36.74,37.14,1482000,psxdata,2026-05-11T12:55:20
EPCL,2019-01-01,37.5,38.91,37.5,38.85,3204500,psxdata,2026-05-11T12:55:20
EPCL,2019-01-02,38.85,39.3,38.15,38.54,2240000,psxdata,2026-05-11T12:55:20
EPCL,2019-01-03,38.58,39.19,38.05,38.88,1678000,psxdata,2026-05-11T12:55:20
EPCL,2019-01-04,38.7,39.14,38.53,38.88,1058500,psxdata,2026-05-11T12:55:20
EPCL,2019-01-07,39.15,40.5,39.1,40.19,6144000,psxdata,2026-05-11T12:55:20
EPCL,2019-01-08,40.4,40.94,40.02,40.44,4506500,psxdata,2026-05-11T12:55:20
EPCL,2019-01-09,40.5,40.5,39.5,39.57,1725500,psxdata,2026-05-11T12:55:20
EPCL,2019-01-10,39.95,40.1,39.45,39.58,1507500,psxdata,2026-05-11T12:55:20
EPCL,2019-01-11,39.58,39.7,38.6,39.08,4170000,psxdata,2026-05-11T12:55:20
EPCL,2019-01-14,39.39,40.38,39.2,40.15,2710500,psxdata,2026-05-11T12:55:20
EPCL,2019-01-15,40.29,40.4,39.12,39.39,1816000,psxdata,2026-05-11T12:55:20
EPCL,2019-01-16,39.23,39.59,39.08,39.45,1568500,psxdata,2026-05-11T12:55:20
EPCL,2019-01-17,39.4,39.59,38.85,39.44,1095000,psxdata,2026-05-11T12:55:20
EPCL,2019-01-18,39.31,40.98,39.3,40.64,6012000,psxdata,2026-05-11T12:55:20
EPCL,2019-01-21,40.9,41.68,40.75,41.05,3665000,psxdata,2026-05-11T12:55:20
EPCL,2019-01-22,41.19,42.49,41.0,41.84,5678000,psxdata,2026-05-11T12:55:20
EPCL,2019-01-23,42.0,42.33,41.5,41.75,4369000,psxdata,2026-05-11T12:55:20
EPCL,2019-01-24,42.0,42.2,40.01,40.42,5459000,psxdata,2026-05-11T12:55:20
EPCL,2019-01-25,40.2,40.81,39.92,40.14,1981000,psxdata,2026-05-11T12:55:20
EPCL,2019-01-28,40.0,40.35,39.5,40.05,3754500,psxdata,2026-05-11T12:55:20
EPCL,2019-01-29,40.01,40.2,39.66,40.0,1610000,psxdata,2026-05-11T12:55:20
EPCL,2019-01-30,39.95,40.29,39.8,39.91,1103000,psxdata,2026-05-11T12:55:20
EPCL,2019-01-31,40.0,41.0,39.41,40.22,11950500,psxdata,2026-05-11T12:55:20
EPCL,2019-02-01,39.91,40.59,39.51,39.69,1741000,psxdata,2026-05-11T12:55:20
EPCL,2019-02-04,39.84,40.21,39.5,40.03,4891000,psxdata,2026-05-11T12:55:20
EPCL,2019-02-06,40.04,40.04,38.75,38.9,5825000,psxdata,2026-05-11T12:55:20
EPCL,2019-02-07,38.81,39.2,38.6,38.93,1136000,psxdata,2026-05-11T12:55:20
EPCL,2019-02-08,39.19,39.7,38.5,38.73,5197000,psxdata,2026-05-11T12:55:20
EPCL,2019-02-11,38.8,39.0,38.4,38.49,1627500,psxdata,2026-05-11T12:55:20
EPCL,2019-02-12,38.4,38.85,37.96,38.42,1398000,psxdata,2026-05-11T12:55:20
EPCL,2019-02-13,38.49,38.6,37.2,37.37,4926500,psxdata,2026-05-11T12:55:20
EPCL,2019-02-14,37.21,37.79,36.81,37.51,1797500,psxdata,2026-05-11T12:55:20
EPCL,2019-02-15,37.51,37.7,37.05,37.47,1067500,psxdata,2026-05-11T12:55:20
EPCL,2019-02-18,37.4,37.69,37.02,37.23,811000,psxdata,2026-05-11T12:55:20
EPCL,2019-02-19,37.38,37.38,36.25,36.45,2938500,psxdata,2026-05-11T12:55:20
EPCL,2019-02-20,36.1,38.0,35.7,37.04,2310000,psxdata,2026-05-11T12:55:20
EPCL,2019-02-21,37.42,37.5,36.81,37.03,1182500,psxdata,2026-05-11T12:55:20
EPCL,2019-02-22,37.15,37.15,36.4,36.57,1068500,psxdata,2026-05-11T12:55:20
EPCL,2019-02-25,36.3,36.65,36.12,36.41,841000,psxdata,2026-05-11T12:55:20
EPCL,2019-02-26,36.05,36.54,35.62,36.47,7908000,psxdata,2026-05-11T12:55:20
EPCL,2019-02-27,36.01,36.3,34.65,35.83,11966000,psxdata,2026-05-11T12:55:20
EPCL,2019-02-28,36.19,37.45,34.52,36.47,2781500,psxdata,2026-05-11T12:55:20
EPCL,2019-03-01,36.39,37.4,36.1,37.09,3483500,psxdata,2026-05-11T12:55:20
EPCL,2019-03-04,37.0,37.25,36.51,36.99,1329500,psxdata,2026-05-11T12:55:20
EPCL,2019-03-05,37.28,37.4,36.81,37.19,1792000,psxdata,2026-05-11T12:55:20
EPCL,2019-03-06,37.01,37.99,36.83,37.55,1191000,psxdata,2026-05-11T12:55:20
EPCL,2019-03-07,37.9,37.9,37.11,37.23,367500,psxdata,2026-05-11T12:55:20
EPCL,2019-03-08,37.05,37.05,36.61,36.75,217000,psxdata,2026-05-11T12:55:20
EPCL,2019-03-11,36.72,37.1,36.57,36.85,813000,psxdata,2026-05-11T12:55:20
EPCL,2019-03-12,37.0,37.49,36.9,36.97,1415500,psxdata,2026-05-11T12:55:20
EPCL,2019-03-13,37.15,37.89,37.1,37.64,1730000,psxdata,2026-05-11T12:55:20
EPCL,2019-03-14,37.5,37.7,36.95,37.06,515000,psxdata,2026-05-11T12:55:20
EPCL,2019-03-15,37.01,37.13,36.5,36.57,1389500,psxdata,2026-05-11T12:55:20
EPCL,2019-03-18,36.9,37.2,36.5,37.06,634500,psxdata,2026-05-11T12:55:20
EPCL,2019-03-19,37.1,37.19,36.5,36.61,372500,psxdata,2026-05-11T12:55:20
EPCL,2019-03-20,36.55,37.4,36.46,36.77,536500,psxdata,2026-05-11T12:55:20
EPCL,2019-03-21,37.0,37.0,35.8,36.04,1463500,psxdata,2026-05-11T12:55:20
EPCL,2019-03-22,36.25,36.29,35.1,36.06,242000,psxdata,2026-05-11T12:55:20
EPCL,2019-03-25,35.61,36.0,35.5,35.59,334500,psxdata,2026-05-11T12:55:20
EPCL,2019-03-26,35.36,35.6,34.83,35.37,631500,psxdata,2026-05-11T12:55:20
EPCL,2019-03-27,35.41,36.3,35.41,36.24,517000,psxdata,2026-05-11T12:55:20
EPCL,2019-03-28,36.2,36.2,35.42,35.57,890000,psxdata,2026-05-11T12:55:20
EPCL,2019-03-29,35.2,37.0,35.1,36.32,1069500,psxdata,2026-05-11T12:55:20
EPCL,2019-04-01,36.0,36.0,35.3,35.39,475500,psxdata,2026-05-11T12:55:20
EPCL,2019-04-02,35.4,35.42,34.6,34.82,828000,psxdata,2026-05-11T12:55:20
EPCL,2019-04-03,34.65,34.9,33.91,34.02,880500,psxdata,2026-05-11T12:55:20
EPCL,2019-04-04,34.01,34.01,33.15,33.49,672500,psxdata,2026-05-11T12:55:20
EPCL,2019-04-05,33.0,34.0,33.0,33.16,864000,psxdata,2026-05-11T12:55:20
EPCL,2019-04-08,33.05,33.25,31.51,31.61,1019000,psxdata,2026-05-11T12:55:20
EPCL,2019-04-09,31.26,32.66,31.2,32.25,1124000,psxdata,2026-05-11T12:55:20
EPCL,2019-04-10,32.01,32.5,31.2,31.5,749500,psxdata,2026-05-11T12:55:20
EPCL,2019-04-11,31.1,33.07,31.1,32.2,1185000,psxdata,2026-05-11T12:55:20
EPCL,2019-04-12,32.7,33.81,32.2,33.8,1294000,psxdata,2026-05-11T12:55:20
EPCL,2019-04-15,33.85,34.19,33.02,33.72,1318000,psxdata,2026-05-11T12:55:20
EPCL,2019-04-16,33.75,33.75,33.06,33.21,507000,psxdata,2026-05-11T12:55:20
EPCL,2019-04-17,33.29,33.29,32.03,32.11,347000,psxdata,2026-05-11T12:55:20
EPCL,2019-04-18,32.52,32.88,31.3,32.22,640000,psxdata,2026-05-11T12:55:20
EPCL,2019-04-19,32.5,33.83,32.4,33.3,2253500,psxdata,2026-05-11T12:55:20
EPCL,2019-04-22,33.65,33.69,32.3,32.47,481500,psxdata,2026-05-11T12:55:20
EPCL,2019-04-23,32.15,33.48,31.3,31.52,1265000,psxdata,2026-05-11T12:55:20
EPCL,2019-04-24,31.21,32.25,30.5,30.92,2109500,psxdata,2026-05-11T12:55:20
EPCL,2019-04-25,30.92,31.47,30.62,30.88,713000,psxdata,2026-05-11T12:55:20
EPCL,2019-04-26,31.0,31.39,30.85,30.95,1048500,psxdata,2026-05-11T12:55:20
EPCL,2019-04-29,31.03,31.9,30.6,30.85,1824000,psxdata,2026-05-11T12:55:20
EPCL,2019-04-30,30.5,30.85,30.11,30.26,529000,psxdata,2026-05-11T12:55:20
EPCL,2019-05-02,30.3,30.3,29.6,29.69,494500,psxdata,2026-05-11T12:55:20
EPCL,2019-05-03,29.75,29.75,28.3,28.67,1327500,psxdata,2026-05-11T12:55:20
EPCL,2019-05-06,28.55,29.98,28.45,28.65,1034500,psxdata,2026-05-11T12:55:20
EPCL,2019-05-07,28.65,29.35,28.5,28.52,174500,psxdata,2026-05-11T12:55:20
EPCL,2019-05-08,28.35,28.35,27.1,27.1,1648000,psxdata,2026-05-11T12:55:20
EPCL,2019-05-09,27.11,27.64,26.25,26.67,874000,psxdata,2026-05-11T12:55:20
EPCL,2019-05-10,26.6,26.85,25.5,25.73,552000,psxdata,2026-05-11T12:55:20
EPCL,2019-05-13,26.11,26.79,24.45,24.45,643500,psxdata,2026-05-11T12:55:20
EPCL,2019-05-14,24.89,24.89,23.23,23.32,1711500,psxdata,2026-05-11T12:55:20
EPCL,2019-05-15,23.4,24.48,23.4,24.13,4863000,psxdata,2026-05-11T12:55:20
EPCL,2019-05-16,23.78,23.84,22.93,22.99,1330500,psxdata,2026-05-11T12:55:20
EPCL,2019-05-17,22.12,22.12,21.85,21.85,1407500,psxdata,2026-05-11T12:55:20
EPCL,2019-05-20,21.0,22.1,20.76,21.64,3293500,psxdata,2026-05-11T12:55:20
EPCL,2019-05-21,21.4,22.5,20.65,21.87,3380000,psxdata,2026-05-11T12:55:20
EPCL,2019-05-22,22.45,22.96,22.45,22.96,931000,psxdata,2026-05-11T12:55:20
EPCL,2019-05-23,24.1,24.1,24.1,24.1,467500,psxdata,2026-05-11T12:55:20
EPCL,2019-05-24,25.3,25.3,25.3,25.3,147000,psxdata,2026-05-11T12:55:20
EPCL,2019-05-27,26.49,26.56,26.0,26.56,5109000,psxdata,2026-05-11T12:55:20
EPCL,2019-05-28,26.97,27.65,25.32,27.06,6785500,psxdata,2026-05-11T12:55:20
EPCL,2019-05-29,27.5,28.41,27.5,28.41,3617000,psxdata,2026-05-11T12:55:20
EPCL,2019-05-30,29.4,29.65,27.4,28.25,4627500,psxdata,2026-05-11T12:55:20
EPCL,2019-06-03,27.55,28.0,27.21,27.78,764500,psxdata,2026-05-11T12:55:20
EPCL,2019-06-10,26.5,26.9,26.4,26.4,856500,psxdata,2026-05-11T12:55:20
EPCL,2019-06-11,25.4,27.05,25.25,26.84,3334500,psxdata,2026-05-11T12:55:20
EPCL,2019-06-12,27.98,28.18,26.5,27.37,6721500,psxdata,2026-05-11T12:55:20
EPCL,2019-06-13,27.15,28.73,27.15,28.73,5322000,psxdata,2026-05-11T12:55:20
EPCL,2019-06-14,29.6,30.11,28.9,29.47,4462500,psxdata,2026-05-11T12:55:20
EPCL,2019-06-17,29.09,29.2,28.02,28.08,3877500,psxdata,2026-05-11T12:55:20
EPCL,2019-06-18,28.1,28.7,27.03,27.5,3652000,psxdata,2026-05-11T12:55:20
EPCL,2019-06-19,27.5,28.0,26.83,27.16,1588500,psxdata,2026-05-11T12:55:20
EPCL,2019-06-20,27.39,28.42,27.15,28.05,1741500,psxdata,2026-05-11T12:55:20
EPCL,2019-06-21,28.15,28.25,27.7,27.75,620500,psxdata,2026-05-11T12:55:20
EPCL,2019-06-24,27.6,27.78,26.37,26.62,1398500,psxdata,2026-05-11T12:55:20
EPCL,2019-06-25,26.35,26.65,26.02,26.41,651500,psxdata,2026-05-11T12:55:20
EPCL,2019-06-26,26.8,26.87,25.93,26.25,721500,psxdata,2026-05-11T12:55:20
EPCL,2019-06-27,26.59,26.95,26.0,26.73,877500,psxdata,2026-05-11T12:55:20
EPCL,2019-06-28,26.5,27.19,26.0,26.96,1277000,psxdata,2026-05-11T12:55:20
EPCL,2019-07-01,27.4,27.4,26.51,26.92,227500,psxdata,2026-05-11T12:55:20
EPCL,2019-07-02,26.77,28.26,26.75,28.22,2779500,psxdata,2026-05-11T12:55:20
EPCL,2019-07-03,28.5,29.63,28.5,29.59,5047000,psxdata,2026-05-11T12:55:20
EPCL,2019-07-04,29.9,30.44,28.25,28.6,3332000,psxdata,2026-05-11T12:55:20
EPCL,2019-07-05,28.25,28.69,27.7,28.07,1520000,psxdata,2026-05-11T12:55:20
EPCL,2019-07-08,27.76,28.18,27.52,27.89,601000,psxdata,2026-05-11T12:55:20
EPCL,2019-07-09,27.89,28.89,27.8,28.13,2610000,psxdata,2026-05-11T12:55:20
EPCL,2019-07-10,28.21,28.6,28.07,28.17,1039500,psxdata,2026-05-11T12:55:20
EPCL,2019-07-11,28.34,28.34,28.0,28.06,525000,psxdata,2026-05-11T12:55:20
EPCL,2019-07-12,28.18,28.35,27.4,27.65,608500,psxdata,2026-05-11T12:55:20
EPCL,2019-07-15,27.11,27.31,26.27,26.27,1534500,psxdata,2026-05-11T12:55:20
EPCL,2019-07-16,26.2,26.7,25.72,26.45,1855500,psxdata,2026-05-11T12:55:20
EPCL,2019-07-17,26.75,27.77,26.75,27.66,3477000,psxdata,2026-05-11T12:55:20
EPCL,2019-07-18,27.69,27.8,26.51,26.72,1868000,psxdata,2026-05-11T12:55:20
EPCL,2019-07-19,26.32,27.74,26.3,27.63,2135500,psxdata,2026-05-11T12:55:20
EPCL,2019-07-22,27.88,27.99,27.15,27.32,1045500,psxdata,2026-05-11T12:55:20
EPCL,2019-07-23,27.5,27.65,26.9,27.32,1514500,psxdata,2026-05-11T12:55:20
EPCL,2019-07-24,27.3,27.34,26.61,26.74,1211000,psxdata,2026-05-11T12:55:20
EPCL,2019-07-25,26.45,26.67,26.2,26.52,874000,psxdata,2026-05-11T12:55:20
EPCL,2019-07-26,26.54,26.54,25.5,25.76,1041500,psxdata,2026-05-11T12:55:20
EPCL,2019-07-29,25.8,26.1,25.4,25.67,450500,psxdata,2026-05-11T12:55:20
EPCL,2019-07-30,25.65,26.24,25.5,25.76,362500,psxdata,2026-05-11T12:55:20
EPCL,2019-07-31,25.79,26.27,25.51,26.24,564000,psxdata,2026-05-11T12:55:20
EPCL,2019-08-01,26.25,26.7,25.83,25.94,1278500,psxdata,2026-05-11T12:55:20
EPCL,2019-08-02,25.7,25.9,24.85,25.63,932000,psxdata,2026-05-11T12:55:20
EPCL,2019-08-05,25.3,25.89,24.71,25.67,663500,psxdata,2026-05-11T12:55:20
EPCL,2019-08-06,25.61,25.88,25.28,25.33,622500,psxdata,2026-05-11T12:55:20
EPCL,2019-08-07,24.07,24.07,24.07,24.07,116000,psxdata,2026-05-11T12:55:20
EPCL,2019-08-08,22.87,22.87,22.87,22.87,394000,psxdata,2026-05-11T12:55:20
EPCL,2019-08-09,22.29,22.65,21.73,21.73,5067500,psxdata,2026-05-11T12:55:20
EPCL,2019-08-16,21.3,21.65,20.65,20.93,2620000,psxdata,2026-05-11T12:55:20
EPCL,2019-08-19,21.09,21.92,21.01,21.77,3039000,psxdata,2026-05-11T12:55:20
EPCL,2019-08-20,22.0,22.83,21.51,22.28,5199500,psxdata,2026-05-11T12:55:20
EPCL,2019-08-21,22.28,23.15,21.78,22.85,2981000,psxdata,2026-05-11T12:55:20
EPCL,2019-08-22,23.34,23.99,23.11,23.98,3120500,psxdata,2026-05-11T12:55:20
EPCL,2019-08-23,24.1,24.25,23.0,23.16,2480500,psxdata,2026-05-11T12:55:20
EPCL,2019-08-26,22.95,23.5,22.01,22.05,2200500,psxdata,2026-05-11T12:55:20
EPCL,2019-08-27,21.66,22.0,21.3,21.71,1483500,psxdata,2026-05-11T12:55:20
EPCL,2019-08-28,21.99,22.79,21.75,22.65,2929500,psxdata,2026-05-11T12:55:20
EPCL,2019-08-29,22.5,23.78,21.8,22.12,4060000,psxdata,2026-05-11T12:55:20
EPCL,2019-08-30,22.01,22.35,21.5,21.8,1408000,psxdata,2026-05-11T12:55:20
EPCL,2019-09-02,22.3,22.49,21.7,22.24,705000,psxdata,2026-05-11T12:55:20
EPCL,2019-09-03,22.06,22.6,21.55,21.98,631000,psxdata,2026-05-11T12:55:20
EPCL,2019-09-04,22.2,23.07,21.62,22.97,1448000,psxdata,2026-05-11T12:55:20
EPCL,2019-09-05,23.1,23.75,23.01,23.12,2072500,psxdata,2026-05-11T12:55:20
EPCL,2019-09-06,22.81,23.1,22.5,22.92,421500,psxdata,2026-05-11T12:55:20
EPCL,2019-09-11,22.75,23.5,22.6,22.77,1653000,psxdata,2026-05-11T12:55:20
EPCL,2019-09-12,22.95,23.9,22.95,23.6,4546000,psxdata,2026-05-11T12:55:20
EPCL,2019-09-13,23.5,24.68,23.41,24.51,2192000,psxdata,2026-05-11T12:55:20
EPCL,2019-09-16,24.71,24.81,23.75,24.08,995500,psxdata,2026-05-11T12:55:20
EPCL,2019-09-17,24.2,24.2,23.6,23.75,583000,psxdata,2026-05-11T12:55:20
EPCL,2019-09-18,23.6,23.74,22.87,23.49,1528000,psxdata,2026-05-11T12:55:20
EPCL,2019-09-19,23.5,24.66,23.5,24.66,1330000,psxdata,2026-05-11T12:55:20
EPCL,2019-09-20,25.74,25.89,25.02,25.64,4744500,psxdata,2026-05-11T12:55:20
EPCL,2019-09-23,25.4,25.6,25.0,25.04,1091000,psxdata,2026-05-11T12:55:20
EPCL,2019-09-24,25.0,26.15,24.8,25.86,1996500,psxdata,2026-05-11T12:55:20
EPCL,2019-09-25,25.95,26.1,25.1,25.38,862000,psxdata,2026-05-11T12:55:20
EPCL,2019-09-26,25.4,25.4,24.14,24.43,908500,psxdata,2026-05-11T12:55:20
EPCL,2019-09-27,24.5,24.8,24.1,24.57,550000,psxdata,2026-05-11T12:55:20
EPCL,2019-09-30,24.57,24.95,24.19,24.55,834000,psxdata,2026-05-11T12:55:20
EPCL,2019-10-01,24.5,25.49,24.4,25.04,1195000,psxdata,2026-05-11T12:55:20
EPCL,2019-10-02,25.25,26.2,24.9,26.04,3123500,psxdata,2026-05-11T12:55:20
EPCL,2019-10-03,25.95,26.5,25.55,25.81,5177500,psxdata,2026-05-11T12:55:20
EPCL,2019-10-04,25.65,25.88,24.9,25.33,4567000,psxdata,2026-05-11T12:55:20
EPCL,2019-10-07,25.19,26.4,25.16,25.77,4024500,psxdata,2026-05-11T12:55:20
EPCL,2019-10-08,25.9,26.0,25.37,25.49,1573000,psxdata,2026-05-11T12:55:20
EPCL,2019-10-09,25.3,26.76,25.25,26.76,8552000,psxdata,2026-05-11T12:55:20
EPCL,2019-10-10,27.0,28.09,27.0,27.73,10030000,psxdata,2026-05-11T12:55:20
EPCL,2019-10-11,28.1,28.95,27.45,28.24,5341000,psxdata,2026-05-11T12:55:20
EPCL,2019-10-14,28.25,28.93,27.6,28.13,5642500,psxdata,2026-05-11T12:55:20
EPCL,2019-10-15,28.21,28.75,27.26,28.26,7300000,psxdata,2026-05-11T12:55:20
EPCL,2019-10-16,28.29,28.82,28.1,28.23,2690500,psxdata,2026-05-11T12:55:20
EPCL,2019-10-17,28.4,28.49,27.47,27.77,1772500,psxdata,2026-05-11T12:55:20
EPCL,2019-10-18,27.6,28.09,27.51,27.62,807000,psxdata,2026-05-11T12:55:20
EPCL,2019-10-21,27.5,27.62,26.65,26.83,1613000,psxdata,2026-05-11T12:55:20
EPCL,2019-10-22,26.31,27.44,26.31,27.33,996000,psxdata,2026-05-11T12:55:20
EPCL,2019-10-23,27.48,27.9,27.25,27.51,992000,psxdata,2026-05-11T12:55:20
EPCL,2019-10-24,27.6,28.07,27.54,27.85,477500,psxdata,2026-05-11T12:55:20
EPCL,2019-10-25,28.0,28.5,27.69,28.2,1278500,psxdata,2026-05-11T12:55:20
EPCL,2019-10-28,28.29,28.8,27.95,28.62,1515500,psxdata,2026-05-11T12:55:20
EPCL,2019-10-29,28.62,28.95,28.26,28.31,823000,psxdata,2026-05-11T12:55:20
EPCL,2019-10-30,28.3,28.65,27.9,28.01,811000,psxdata,2026-05-11T12:55:20
EPCL,2019-10-31,28.35,29.08,28.2,28.92,1933000,psxdata,2026-05-11T12:55:20
EPCL,2019-11-01,28.75,29.8,28.61,29.01,2713500,psxdata,2026-05-11T12:55:20
EPCL,2019-11-04,29.0,29.79,29.0,29.55,2755000,psxdata,2026-05-11T12:55:20
EPCL,2019-11-05,29.9,31.02,29.6,30.44,8423500,psxdata,2026-05-11T12:55:20
EPCL,2019-11-06,30.75,31.5,30.5,30.57,3839000,psxdata,2026-05-11T12:55:20
EPCL,2019-11-07,30.6,30.6,29.77,30.1,2581000,psxdata,2026-05-11T12:55:20
EPCL,2019-11-08,29.9,30.4,29.85,30.08,853500,psxdata,2026-05-11T12:55:20
EPCL,2019-11-11,30.3,30.95,30.25,30.81,2157500,psxdata,2026-05-11T12:55:20
EPCL,2019-11-12,30.7,30.9,30.0,30.17,2372000,psxdata,2026-05-11T12:55:20
EPCL,2019-11-13,29.91,31.3,29.65,30.81,4713000,psxdata,2026-05-11T12:55:20
EPCL,2019-11-14,30.99,31.3,30.72,30.8,1882000,psxdata,2026-05-11T12:55:20
EPCL,2019-11-15,31.0,31.1,30.6,30.77,1025000,psxdata,2026-05-11T12:55:20
EPCL,2019-11-18,31.0,31.6,30.76,30.99,2874500,psxdata,2026-05-11T12:55:20
EPCL,2019-11-19,31.1,32.53,31.05,31.49,14053000,psxdata,2026-05-11T12:55:20
EPCL,2019-11-20,31.59,31.7,30.46,30.59,3918000,psxdata,2026-05-11T12:55:20
EPCL,2019-11-21,30.45,30.84,29.07,29.36,3653500,psxdata,2026-05-11T12:55:20
EPCL,2019-11-22,29.49,30.6,29.0,30.49,1988500,psxdata,2026-05-11T12:55:20
EPCL,2019-11-25,30.49,31.3,29.94,31.13,2241000,psxdata,2026-05-11T12:55:20
EPCL,2019-11-26,31.3,31.45,29.75,30.72,1953500,psxdata,2026-05-11T12:55:20
EPCL,2019-11-27,31.02,31.85,30.65,31.78,2811500,psxdata,2026-05-11T12:55:20
EPCL,2019-11-28,31.78,33.36,31.78,33.36,4287500,psxdata,2026-05-11T12:55:20
EPCL,2019-11-29,34.7,35.02,33.16,33.54,6562500,psxdata,2026-05-11T12:55:20
EPCL,2019-12-02,33.88,33.9,32.99,33.41,1721500,psxdata,2026-05-11T12:55:20
EPCL,2019-12-03,33.88,33.99,33.0,33.12,1927500,psxdata,2026-05-11T12:55:20
EPCL,2019-12-04,33.25,34.65,33.25,34.49,5252500,psxdata,2026-05-11T12:55:20
EPCL,2019-12-05,34.59,35.2,34.1,34.31,2270500,psxdata,2026-05-11T12:55:20
EPCL,2019-12-06,34.3,34.75,34.1,34.34,2355500,psxdata,2026-05-11T12:55:20
EPCL,2019-12-09,34.79,36.0,34.55,35.48,7495000,psxdata,2026-05-11T12:55:20
EPCL,2019-12-10,35.75,37.2,35.0,37.01,3584000,psxdata,2026-05-11T12:55:20
EPCL,2019-12-11,37.2,37.5,36.32,36.54,2347000,psxdata,2026-05-11T12:55:20
EPCL,2019-12-12,36.7,37.4,36.31,36.78,2760000,psxdata,2026-05-11T12:55:20
EPCL,2019-12-13,37.22,37.22,36.5,36.73,2478000,psxdata,2026-05-11T12:55:20
EPCL,2019-12-16,37.0,37.51,36.8,37.41,2363000,psxdata,2026-05-11T12:55:20
EPCL,2019-12-17,37.41,37.68,35.54,35.54,7232500,psxdata,2026-05-11T12:55:20
EPCL,2019-12-18,33.77,34.14,33.77,33.77,6995500,psxdata,2026-05-11T12:55:20
EPCL,2019-12-19,34.5,35.3,32.6,33.14,11302500,psxdata,2026-05-11T12:55:20
EPCL,2019-12-20,33.5,34.1,32.55,32.96,3735000,psxdata,2026-05-11T12:55:20
EPCL,2019-12-23,32.6,33.35,32.3,32.79,3459500,psxdata,2026-05-11T12:55:20
EPCL,2019-12-24,32.7,33.7,32.05,33.54,2910000,psxdata,2026-05-11T12:55:20
EPCL,2019-12-26,33.54,35.21,33.49,35.03,7303500,psxdata,2026-05-11T12:55:20
EPCL,2019-12-27,35.49,35.49,33.28,33.45,3017500,psxdata,2026-05-11T12:55:20
EPCL,2019-12-30,33.5,34.78,33.5,33.54,3436500,psxdata,2026-05-11T12:55:20
EPCL,2019-12-31,33.5,34.0,33.0,33.21,2659000,psxdata,2026-05-11T12:55:20
EPCL,2020-01-01,33.49,34.0,33.3,33.8,5068000,psxdata,2026-05-11T12:55:20
EPCL,2020-01-02,33.99,34.32,33.8,33.88,4288000,psxdata,2026-05-11T12:55:20
EPCL,2020-01-03,34.05,34.12,32.66,33.06,5478500,psxdata,2026-05-11T12:55:20
EPCL,2020-01-06,32.19,32.75,31.41,32.22,6372500,psxdata,2026-05-11T12:55:20
EPCL,2020-01-07,32.5,32.75,31.9,32.48,2880000,psxdata,2026-05-11T12:55:20
EPCL,2020-01-08,31.9,32.65,31.3,32.03,2942500,psxdata,2026-05-11T12:55:20
EPCL,2020-01-09,32.98,33.63,32.98,33.63,4564000,psxdata,2026-05-11T12:55:20
EPCL,2020-01-10,33.99,35.31,33.8,35.31,13261000,psxdata,2026-05-11T12:55:20
EPCL,2020-01-13,35.51,35.88,34.5,34.9,2031500,psxdata,2026-05-11T12:55:20
EPCL,2020-01-14,35.1,35.1,33.16,33.58,12040000,psxdata,2026-05-11T12:55:20
EPCL,2020-01-15,33.0,34.1,32.93,34.0,4582500,psxdata,2026-05-11T12:55:20
EPCL,2020-01-16,33.75,34.75,33.53,34.04,3470000,psxdata,2026-05-11T12:55:20
EPCL,2020-01-17,33.85,34.5,33.8,33.97,3339000,psxdata,2026-05-11T12:55:20
EPCL,2020-01-20,33.9,33.94,32.11,32.64,7443500,psxdata,2026-05-11T12:55:20
EPCL,2020-01-21,33.0,33.3,30.85,32.32,9402500,psxdata,2026-05-11T12:55:20
EPCL,2020-01-22,32.65,33.55,32.3,33.06,4152500,psxdata,2026-05-11T12:55:20
EPCL,2020-01-23,33.35,33.45,32.65,32.7,828500,psxdata,2026-05-11T12:55:20
EPCL,2020-01-24,32.71,33.0,32.3,32.75,496500,psxdata,2026-05-11T12:55:20
EPCL,2020-01-27,32.35,33.05,32.1,32.49,473500,psxdata,2026-05-11T12:55:20
EPCL,2020-01-28,32.2,34.07,32.01,33.77,2333500,psxdata,2026-05-11T12:55:20
EPCL,2020-01-29,33.4,33.69,32.61,32.7,1124500,psxdata,2026-05-11T12:55:20
EPCL,2020-01-30,32.6,33.59,32.14,33.15,669500,psxdata,2026-05-11T12:55:20
EPCL,2020-01-31,33.25,33.6,32.3,32.46,1523500,psxdata,2026-05-11T12:55:20
EPCL,2020-02-03,32.41,32.41,30.75,30.99,2043000,psxdata,2026-05-11T12:55:20
EPCL,2020-02-04,31.25,32.1,31.1,31.2,2453000,psxdata,2026-05-11T12:55:20
EPCL,2020-02-06,31.1,32.73,31.1,31.68,3305500,psxdata,2026-05-11T12:55:20
EPCL,2020-02-07,31.73,31.8,29.85,30.1,7391500,psxdata,2026-05-11T12:55:20
EPCL,2020-02-10,30.0,30.0,29.0,29.23,2325000,psxdata,2026-05-11T12:55:20
EPCL,2020-02-11,29.0,30.48,29.0,30.15,1100500,psxdata,2026-05-11T12:55:20
EPCL,2020-02-12,30.35,30.95,30.06,30.71,1748500,psxdata,2026-05-11T12:55:20
EPCL,2020-02-13,30.97,31.14,30.3,30.37,933500,psxdata,2026-05-11T12:55:20
EPCL,2020-02-14,30.41,30.65,30.0,30.5,518500,psxdata,2026-05-11T12:55:20
EPCL,2020-02-17,30.55,30.59,30.15,30.37,580500,psxdata,2026-05-11T12:55:20
EPCL,2020-02-18,30.36,30.87,30.19,30.71,818500,psxdata,2026-05-11T12:55:20
EPCL,2020-02-19,30.93,32.0,30.8,31.74,1584500,psxdata,2026-05-11T12:55:20
EPCL,2020-02-20,31.95,32.99,31.6,32.13,3205500,psxdata,2026-05-11T12:55:20
EPCL,2020-02-21,32.1,32.15,31.61,31.73,673500,psxdata,2026-05-11T12:55:20
EPCL,2020-02-24,31.6,31.6,29.95,30.23,1742000,psxdata,2026-05-11T12:55:20
EPCL,2020-02-25,30.0,31.35,30.0,31.0,1379000,psxdata,2026-05-11T12:55:20
EPCL,2020-02-26,31.01,31.18,30.5,31.0,1071000,psxdata,2026-05-11T12:55:20
EPCL,2020-02-27,30.6,30.8,29.8,30.67,3566000,psxdata,2026-05-11T12:55:20
EPCL,2020-02-28,30.7,30.98,30.02,30.45,1215500,psxdata,2026-05-11T12:55:20
EPCL,2020-03-02,30.8,32.58,30.8,32.58,3632000,psxdata,2026-05-11T12:55:20
EPCL,2020-03-03,32.75,34.4,32.75,33.08,5656500,psxdata,2026-05-11T12:55:20
EPCL,2020-03-04,33.3,33.34,31.85,32.02,1022000,psxdata,2026-05-11T12:55:20
EPCL,2020-03-05,32.4,34.01,32.21,32.53,5883000,psxdata,2026-05-11T12:55:20
EPCL,2020-03-06,32.7,32.7,30.4,30.64,3961000,psxdata,2026-05-11T12:55:20
EPCL,2020-03-09,29.05,30.15,28.5,28.63,5903000,psxdata,2026-05-11T12:55:20
EPCL,2020-03-10,28.8,30.5,28.8,30.1,2529500,psxdata,2026-05-11T12:55:20
EPCL,2020-03-11,30.0,30.5,29.35,29.51,1685500,psxdata,2026-05-11T12:55:20
EPCL,2020-03-12,29.01,29.5,27.45,27.89,2936500,psxdata,2026-05-11T12:55:20
EPCL,2020-03-13,26.9,29.84,26.0,29.18,4541000,psxdata,2026-05-11T12:55:20
EPCL,2020-03-16,29.5,29.5,27.0,27.0,1863000,psxdata,2026-05-11T12:55:20
EPCL,2020-03-17,26.15,29.02,26.15,28.46,2917500,psxdata,2026-05-11T12:55:20
EPCL,2020-03-18,27.8,27.8,26.33,26.33,923500,psxdata,2026-05-11T12:55:20
EPCL,2020-03-19,24.36,28.25,24.36,27.71,2549000,psxdata,2026-05-11T12:55:20
EPCL,2020-03-20,27.5,28.3,26.55,27.13,1027000,psxdata,2026-05-11T12:55:20
EPCL,2020-03-24,25.1,25.1,25.1,25.1,53000,psxdata,2026-05-11T12:55:20
EPCL,2020-03-25,25.9,25.9,23.22,23.23,790000,psxdata,2026-05-11T12:55:20
EPCL,2020-03-26,22.05,24.0,22.05,22.47,1462000,psxdata,2026-05-11T12:55:20
EPCL,2020-03-27,22.5,24.0,21.51,23.19,1751000,psxdata,2026-05-11T12:55:20
EPCL,2020-03-30,23.75,23.75,22.25,22.96,857500,psxdata,2026-05-11T12:55:20
EPCL,2020-03-31,22.9,24.67,22.9,24.52,1312000,psxdata,2026-05-11T12:55:20
EPCL,2020-04-01,24.99,25.0,24.01,24.83,1035000,psxdata,2026-05-11T12:55:20
EPCL,2020-04-02,24.7,26.69,24.7,26.65,2316000,psxdata,2026-05-11T12:55:20
EPCL,2020-04-03,27.44,27.9,26.75,27.45,1354000,psxdata,2026-05-11T12:55:20
EPCL,2020-04-06,27.13,27.44,26.3,26.68,1112000,psxdata,2026-05-11T12:55:20
EPCL,2020-04-07,26.79,27.82,26.62,26.99,1294500,psxdata,2026-05-11T12:55:20
EPCL,2020-04-08,27.0,27.0,26.0,26.26,762500,psxdata,2026-05-11T12:55:20
EPCL,2020-04-09,26.49,27.27,26.49,26.82,1203000,psxdata,2026-05-11T12:55:20
EPCL,2020-04-10,26.75,27.2,26.02,27.0,475500,psxdata,2026-05-11T12:55:20
EPCL,2020-04-13,27.0,27.0,25.8,25.98,1099000,psxdata,2026-05-11T12:55:20
EPCL,2020-04-14,26.25,26.5,25.8,26.24,833500,psxdata,2026-05-11T12:55:20
EPCL,2020-04-15,26.55,27.99,26.55,27.67,5080500,psxdata,2026-05-11T12:55:20
EPCL,2020-04-16,26.99,27.1,25.6,26.71,5209500,psxdata,2026-05-11T12:55:20
EPCL,2020-04-17,27.99,28.71,27.6,28.71,1268500,psxdata,2026-05-11T12:55:20
EPCL,2020-04-20,29.7,30.36,28.0,28.78,5463500,psxdata,2026-05-11T12:55:20
EPCL,2020-04-21,28.51,28.6,27.55,28.01,2701500,psxdata,2026-05-11T12:55:20
EPCL,2020-04-22,27.7,28.3,27.6,27.97,953000,psxdata,2026-05-11T12:55:20
EPCL,2020-04-23,27.92,28.3,27.34,27.65,1109000,psxdata,2026-05-11T12:55:20
EPCL,2020-04-24,27.65,28.1,27.3,27.59,478000,psxdata,2026-05-11T12:55:20
EPCL,2020-04-27,27.63,27.63,25.8,26.02,1299500,psxdata,2026-05-11T12:55:20
EPCL,2020-04-28,26.0,26.5,25.63,25.96,865500,psxdata,2026-05-11T12:55:20
EPCL,2020-04-29,26.0,27.1,25.85,26.71,684000,psxdata,2026-05-11T12:55:20
EPCL,2020-04-30,27.0,28.4,27.0,28.08,1764500,psxdata,2026-05-11T12:55:20
EPCL,2020-05-04,28.1,28.1,27.41,27.6,826500,psxdata,2026-05-11T12:55:20
EPCL,2020-05-05,27.95,28.74,27.95,28.4,1423500,psxdata,2026-05-11T12:55:20
EPCL,2020-05-06,28.94,28.94,27.82,28.07,595000,psxdata,2026-05-11T12:55:20
EPCL,2020-05-07,27.81,28.5,27.5,27.53,414000,psxdata,2026-05-11T12:55:20
EPCL,2020-05-08,27.53,27.75,26.87,27.11,975000,psxdata,2026-05-11T12:55:20
EPCL,2020-05-11,27.15,27.6,26.8,27.02,589500,psxdata,2026-05-11T12:55:20
EPCL,2020-05-12,27.17,27.69,27.0,27.31,813000,psxdata,2026-05-11T12:55:20
EPCL,2020-05-13,27.68,27.68,27.2,27.33,396500,psxdata,2026-05-11T12:55:20
EPCL,2020-05-14,27.49,27.54,26.77,27.17,689000,psxdata,2026-05-11T12:55:20
EPCL,2020-05-15,27.01,28.25,27.01,27.9,892500,psxdata,2026-05-11T12:55:20
EPCL,2020-05-18,27.98,28.0,26.25,27.01,691500,psxdata,2026-05-11T12:55:20
EPCL,2020-05-19,27.3,27.3,26.75,27.12,1622500,psxdata,2026-05-11T12:55:20
EPCL,2020-05-20,27.0,27.05,26.5,26.86,523500,psxdata,2026-05-11T12:55:20
EPCL,2020-05-21,27.18,27.18,26.25,26.42,793000,psxdata,2026-05-11T12:55:20
EPCL,2020-05-28,26.55,26.94,25.65,26.02,1238000,psxdata,2026-05-11T12:55:20
EPCL,2020-05-29,26.06,26.5,26.0,26.18,544000,psxdata,2026-05-11T12:55:20
EPCL,2020-06-01,26.5,26.9,26.06,26.46,1669000,psxdata,2026-05-11T12:55:20
EPCL,2020-06-02,26.38,26.7,26.29,26.41,800000,psxdata,2026-05-11T12:55:20
EPCL,2020-06-03,26.29,26.94,26.1,26.38,1161000,psxdata,2026-05-11T12:55:20
EPCL,2020-06-04,26.31,26.5,25.9,25.95,648000,psxdata,2026-05-11T12:55:20
EPCL,2020-06-05,26.0,26.5,25.8,26.21,386500,psxdata,2026-05-11T12:55:20
EPCL,2020-06-08,26.29,26.55,26.2,26.43,928500,psxdata,2026-05-11T12:55:20
EPCL,2020-06-09,26.31,26.4,26.0,26.15,1274000,psxdata,2026-05-11T12:55:20
EPCL,2020-06-10,26.1,27.49,25.99,27.25,7504500,psxdata,2026-05-11T12:55:20
EPCL,2020-06-11,27.42,28.6,27.36,27.57,10287500,psxdata,2026-05-11T12:55:20
EPCL,2020-06-12,27.06,27.5,26.65,27.07,1982000,psxdata,2026-05-11T12:55:20
EPCL,2020-06-15,26.95,27.38,26.0,26.18,1957000,psxdata,2026-05-11T12:55:20
EPCL,2020-06-16,26.4,26.8,26.3,26.71,1298000,psxdata,2026-05-11T12:55:20
EPCL,2020-06-17,26.61,27.2,25.72,25.93,1800500,psxdata,2026-05-11T12:55:20
EPCL,2020-06-18,26.01,26.11,25.05,25.34,1523000,psxdata,2026-05-11T12:55:20
EPCL,2020-06-19,25.6,25.75,24.9,25.02,1029500,psxdata,2026-05-11T12:55:20
EPCL,2020-06-22,25.0,25.3,24.26,25.19,725500,psxdata,2026-05-11T12:55:20
EPCL,2020-06-23,25.49,25.59,25.15,25.47,726000,psxdata,2026-05-11T12:55:20
EPCL,2020-06-24,25.6,25.65,25.27,25.47,572000,psxdata,2026-05-11T12:55:20
EPCL,2020-06-25,25.32,25.32,25.0,25.12,602500,psxdata,2026-05-11T12:55:20
EPCL,2020-06-26,25.49,25.65,25.12,25.15,1191500,psxdata,2026-05-11T12:55:20
EPCL,2020-06-29,25.4,25.4,24.4,24.94,924000,psxdata,2026-05-11T12:55:20
EPCL,2020-06-30,25.19,25.32,24.9,24.98,765000,psxdata,2026-05-11T12:55:20
EPCL,2020-07-01,24.91,25.85,24.8,25.66,747000,psxdata,2026-05-11T12:55:20
EPCL,2020-07-02,25.8,26.95,25.8,26.32,3210500,psxdata,2026-05-11T12:55:20
EPCL,2020-07-03,26.5,26.64,26.2,26.34,971000,psxdata,2026-05-11T12:55:20
EPCL,2020-07-06,26.5,27.41,26.5,27.16,3408500,psxdata,2026-05-11T12:55:20
EPCL,2020-07-07,27.2,27.63,26.88,26.99,1883500,psxdata,2026-05-11T12:55:20
EPCL,2020-07-08,27.18,27.18,26.7,26.9,756500,psxdata,2026-05-11T12:55:20
EPCL,2020-07-09,26.9,27.68,26.8,27.54,2637000,psxdata,2026-05-11T12:55:20
EPCL,2020-07-10,27.72,28.4,27.2,27.72,3780500,psxdata,2026-05-11T12:55:20
EPCL,2020-07-13,28.4,28.95,27.9,28.59,6078500,psxdata,2026-05-11T12:55:20
EPCL,2020-07-14,28.7,29.84,28.4,28.97,9777500,psxdata,2026-05-11T12:55:20
EPCL,2020-07-15,29.2,29.39,28.5,28.79,2364000,psxdata,2026-05-11T12:55:20
EPCL,2020-07-16,28.99,30.1,28.99,29.42,4715000,psxdata,2026-05-11T12:55:20
EPCL,2020-07-17,29.74,31.62,29.5,31.46,10306000,psxdata,2026-05-11T12:55:20
EPCL,2020-07-20,31.6,32.49,31.25,32.01,5273000,psxdata,2026-05-11T12:55:20
EPCL,2020-07-21,32.0,32.3,29.61,31.62,3615000,psxdata,2026-05-11T12:55:20
EPCL,2020-07-22,31.7,31.9,30.7,31.05,2186500,psxdata,2026-05-11T12:55:20
EPCL,2020-07-23,31.02,31.5,30.4,30.68,977500,psxdata,2026-05-11T12:55:20
EPCL,2020-07-24,30.6,30.9,30.2,30.56,1045500,psxdata,2026-05-11T12:55:20
EPCL,2020-07-27,30.69,30.75,30.21,30.51,878500,psxdata,2026-05-11T12:55:20
EPCL,2020-07-28,30.5,31.35,30.35,31.21,1083500,psxdata,2026-05-11T12:55:20
EPCL,2020-07-29,31.45,31.6,30.75,31.25,979000,psxdata,2026-05-11T12:55:20
EPCL,2020-07-30,31.45,31.45,30.71,31.12,972500,psxdata,2026-05-11T12:55:20
EPCL,2020-08-03,31.15,32.78,31.1,32.04,10089500,psxdata,2026-05-11T12:55:20
EPCL,2020-08-04,32.4,32.58,29.64,30.61,7215500,psxdata,2026-05-11T12:55:20
EPCL,2020-08-05,30.99,31.8,30.8,31.61,1659000,psxdata,2026-05-11T12:55:20
EPCL,2020-08-06,31.5,32.25,31.5,31.75,1499500,psxdata,2026-05-11T12:55:20
EPCL,2020-08-07,31.5,32.7,30.4,31.2,5407000,psxdata,2026-05-11T12:55:20
EPCL,2020-08-10,31.01,31.01,30.2,30.32,1440500,psxdata,2026-05-11T12:55:20
EPCL,2020-08-11,30.12,31.75,30.12,31.43,9163500,psxdata,2026-05-11T12:55:20
EPCL,2020-08-12,31.79,33.78,30.21,31.91,16890000,psxdata,2026-05-11T12:55:20
EPCL,2020-08-13,32.19,32.6,29.9,31.96,12274500,psxdata,2026-05-11T12:55:20
EPCL,2020-08-17,32.0,32.2,31.16,31.66,866000,psxdata,2026-05-11T12:55:20
EPCL,2020-08-18,31.93,33.55,31.93,32.71,3131500,psxdata,2026-05-11T12:55:20
EPCL,2020-08-19,32.76,33.0,32.15,32.25,679500,psxdata,2026-05-11T12:55:20
EPCL,2020-08-20,32.02,33.59,32.0,33.0,3620000,psxdata,2026-05-11T12:55:20
EPCL,2020-08-21,32.98,33.79,31.55,33.61,3894000,psxdata,2026-05-11T12:55:20
EPCL,2020-08-24,33.91,35.49,33.85,34.52,7873000,psxdata,2026-05-11T12:55:20
EPCL,2020-08-25,35.25,36.5,35.01,36.04,11329000,psxdata,2026-05-11T12:55:20
EPCL,2020-08-26,36.2,36.5,35.9,36.07,2627000,psxdata,2026-05-11T12:55:20
EPCL,2020-08-27,36.04,36.88,35.71,36.38,2158500,psxdata,2026-05-11T12:55:20
EPCL,2020-08-28,36.5,36.5,35.4,36.08,263000,psxdata,2026-05-11T12:55:20
EPCL,2020-08-31,36.3,36.45,35.6,35.78,1506000,psxdata,2026-05-11T12:55:20
EPCL,2020-09-01,36.0,37.99,35.9,37.29,17120500,psxdata,2026-05-11T12:55:20
EPCL,2020-09-02,37.38,40.08,37.38,39.24,23402500,psxdata,2026-05-11T12:55:20
EPCL,2020-09-03,39.7,39.76,38.5,39.16,4709500,psxdata,2026-05-11T12:55:20
EPCL,2020-09-04,38.99,39.08,37.75,38.51,4391000,psxdata,2026-05-11T12:55:20
EPCL,2020-09-07,38.9,41.39,38.7,41.39,9604500,psxdata,2026-05-11T12:55:20
EPCL,2020-09-08,41.9,42.99,39.3,39.96,5702500,psxdata,2026-05-11T12:55:20
EPCL,2020-09-09,39.75,41.25,39.06,40.09,7221500,psxdata,2026-05-11T12:55:20
EPCL,2020-09-10,40.1,41.45,40.1,40.75,3510000,psxdata,2026-05-11T12:55:20
EPCL,2020-09-11,41.55,42.0,39.8,40.32,3421000,psxdata,2026-05-11T12:55:20
EPCL,2020-09-14,40.45,40.9,38.55,40.37,2032000,psxdata,2026-05-11T12:55:20
EPCL,2020-09-15,41.0,41.44,40.15,41.24,3918000,psxdata,2026-05-11T12:55:20
EPCL,2020-09-16,41.11,43.39,41.1,41.5,4904000,psxdata,2026-05-11T12:55:20
EPCL,2020-09-17,42.0,44.46,41.86,44.19,14758000,psxdata,2026-05-11T12:55:20
EPCL,2020-09-18,44.4,44.75,43.1,43.2,4020000,psxdata,2026-05-11T12:55:20
EPCL,2020-09-21,42.7,44.15,42.7,43.83,2224500,psxdata,2026-05-11T12:55:20
EPCL,2020-09-22,44.05,45.65,44.05,44.54,5574500,psxdata,2026-05-11T12:55:20
EPCL,2020-09-23,44.79,44.95,43.7,43.91,2218500,psxdata,2026-05-11T12:55:20
EPCL,2020-09-24,43.6,45.49,43.1,44.8,4613500,psxdata,2026-05-11T12:55:20
EPCL,2020-09-25,45.0,45.2,43.8,44.0,1705500,psxdata,2026-05-11T12:55:20
EPCL,2020-09-28,44.1,44.45,41.0,41.52,4995000,psxdata,2026-05-11T12:55:20
EPCL,2020-09-29,41.52,42.55,40.12,42.26,2040000,psxdata,2026-05-11T12:55:20
EPCL,2020-09-30,42.51,42.7,39.85,40.26,4024000,psxdata,2026-05-11T12:55:20
EPCL,2020-10-01,40.3,42.9,39.3,42.48,7081000,psxdata,2026-05-11T12:55:20
EPCL,2020-10-02,42.45,42.6,40.89,41.08,2570500,psxdata,2026-05-11T12:55:20
EPCL,2020-10-05,41.4,42.0,39.0,39.98,4083500,psxdata,2026-05-11T12:55:20
EPCL,2020-10-06,40.0,42.0,39.5,41.68,2307500,psxdata,2026-05-11T12:55:20
EPCL,2020-10-07,42.0,43.98,41.0,43.59,4524500,psxdata,2026-05-11T12:55:20
EPCL,2020-10-08,44.0,44.59,42.4,44.02,5272500,psxdata,2026-05-11T12:55:20
EPCL,2020-10-09,43.75,44.65,43.5,44.01,3414500,psxdata,2026-05-11T12:55:20
EPCL,2020-10-12,44.05,44.8,42.02,42.89,3080000,psxdata,2026-05-11T12:55:20
EPCL,2020-10-13,43.4,43.4,41.95,42.69,2264500,psxdata,2026-05-11T12:55:20
EPCL,2020-10-14,42.55,43.35,42.4,43.18,1263500,psxdata,2026-05-11T12:55:20
EPCL,2020-10-15,43.45,46.41,43.45,46.41,14687500,psxdata,2026-05-11T12:55:20
EPCL,2020-10-16,47.8,48.3,45.5,46.49,9044000,psxdata,2026-05-11T12:55:20
EPCL,2020-10-19,46.3,47.3,45.2,47.04,4741500,psxdata,2026-05-11T12:55:20
EPCL,2020-10-20,47.19,48.1,46.5,46.99,6017000,psxdata,2026-05-11T12:55:20
EPCL,2020-10-21,47.02,47.75,46.7,47.2,5055500,psxdata,2026-05-11T12:55:20
EPCL,2020-10-22,47.05,47.47,45.25,45.74,3708500,psxdata,2026-05-11T12:55:20
EPCL,2020-10-23,46.6,46.6,43.65,44.05,3463000,psxdata,2026-05-11T12:55:20
EPCL,2020-10-26,44.7,46.0,44.0,44.6,7101500,psxdata,2026-05-11T12:55:20
EPCL,2020-10-27,44.41,44.8,43.51,43.87,1182000,psxdata,2026-05-11T12:55:20
EPCL,2020-10-28,43.6,44.35,43.21,43.5,1456000,psxdata,2026-05-11T12:55:20
EPCL,2020-10-29,43.5,43.5,40.24,41.17,4891000,psxdata,2026-05-11T12:55:20
EPCL,2020-11-02,41.0,41.35,39.3,40.65,4163500,psxdata,2026-05-11T12:55:20
EPCL,2020-11-03,41.75,43.69,41.26,43.68,5906000,psxdata,2026-05-11T12:55:20
EPCL,2020-11-04,44.05,44.45,42.56,43.28,1697000,psxdata,2026-05-11T12:55:20
EPCL,2020-11-05,43.88,44.9,43.3,43.95,1790500,psxdata,2026-05-11T12:55:20
EPCL,2020-11-06,43.51,43.8,43.25,43.36,496000,psxdata,2026-05-11T12:55:20
EPCL,2020-11-09,43.95,43.95,42.7,42.93,520500,psxdata,2026-05-11T12:55:20
EPCL,2020-11-10,43.52,44.1,42.94,43.06,1837000,psxdata,2026-05-11T12:55:20
EPCL,2020-11-11,43.11,43.3,42.56,42.98,684000,psxdata,2026-05-11T12:55:20
EPCL,2020-11-12,42.88,43.0,42.26,42.52,623000,psxdata,2026-05-11T12:55:20
EPCL,2020-11-13,41.1,43.25,41.1,42.52,814500,psxdata,2026-05-11T12:55:20
EPCL,2020-11-16,43.49,44.0,42.49,43.43,2364500,psxdata,2026-05-11T12:55:20
EPCL,2020-11-17,43.99,44.25,43.0,43.66,1263500,psxdata,2026-05-11T12:55:20
EPCL,2020-11-18,43.7,44.48,43.45,43.62,3197000,psxdata,2026-05-11T12:55:20
EPCL,2020-11-19,43.84,44.6,43.7,44.02,2247000,psxdata,2026-05-11T12:55:20
EPCL,2020-11-20,43.9,45.75,43.6,44.08,7348500,psxdata,2026-05-11T12:55:20
EPCL,2020-11-23,43.79,44.25,42.61,43.83,2344000,psxdata,2026-05-11T12:55:20
EPCL,2020-11-24,44.15,44.4,42.85,43.51,2076000,psxdata,2026-05-11T12:55:20
EPCL,2020-11-25,43.9,43.9,42.95,43.49,2372500,psxdata,2026-05-11T12:55:20
EPCL,2020-11-26,43.75,44.98,43.75,44.75,3280500,psxdata,2026-05-11T12:55:20
EPCL,2020-11-27,44.25,45.0,43.9,44.56,1545500,psxdata,2026-05-11T12:55:20
EPCL,2020-11-30,44.26,45.1,44.0,44.78,2561000,psxdata,2026-05-11T12:55:20
EPCL,2020-12-01,44.89,45.84,44.6,44.94,4318500,psxdata,2026-05-11T12:55:20
EPCL,2020-12-02,45.1,46.48,45.1,45.72,4420500,psxdata,2026-05-11T12:55:20
EPCL,2020-12-03,46.0,46.1,45.15,45.28,1461500,psxdata,2026-05-11T12:55:20
EPCL,2020-12-04,45.14,45.73,44.71,45.05,904500,psxdata,2026-05-11T12:55:20
EPCL,2020-12-07,45.15,46.4,44.7,46.05,5126500,psxdata,2026-05-11T12:55:20
EPCL,2020-12-08,46.0,47.0,45.81,46.43,5342000,psxdata,2026-05-11T12:55:20
EPCL,2020-12-09,46.83,47.49,46.1,47.26,7824000,psxdata,2026-05-11T12:55:20
EPCL,2020-12-10,47.69,48.9,47.36,47.74,8889500,psxdata,2026-05-11T12:55:20
EPCL,2020-12-11,48.0,49.7,47.5,48.36,12260500,psxdata,2026-05-11T12:55:20
EPCL,2020-12-14,48.92,49.6,48.12,49.17,6766500,psxdata,2026-05-11T12:55:20
EPCL,2020-12-15,49.26,49.7,47.16,47.57,4678000,psxdata,2026-05-11T12:55:20
EPCL,2020-12-16,47.3,48.5,47.3,48.02,2475500,psxdata,2026-05-11T12:55:20
EPCL,2020-12-17,48.4,49.39,48.21,48.67,5948000,psxdata,2026-05-11T12:55:20
EPCL,2020-12-18,49.7,50.23,46.07,48.84,3998500,psxdata,2026-05-11T12:55:20
EPCL,2020-12-21,48.6,49.74,48.5,48.89,5588500,psxdata,2026-05-11T12:55:20
EPCL,2020-12-22,49.2,49.48,47.76,48.15,4048500,psxdata,2026-05-11T12:55:20
EPCL,2020-12-23,48.1,48.5,47.55,48.2,1187000,psxdata,2026-05-11T12:55:20
EPCL,2020-12-24,48.4,49.1,48.0,48.14,3123000,psxdata,2026-05-11T12:55:20
EPCL,2020-12-28,48.3,48.6,47.8,48.02,2627000,psxdata,2026-05-11T12:55:20
EPCL,2020-12-29,48.3,48.3,46.5,47.06,3198500,psxdata,2026-05-11T12:55:20
EPCL,2020-12-30,46.8,48.45,46.8,47.55,3496500,psxdata,2026-05-11T12:55:20
EPCL,2020-12-31,48.28,48.29,47.27,47.51,3844000,psxdata,2026-05-11T12:55:20
EPCL,2021-01-01,47.4,48.58,47.11,47.43,2050500,psxdata,2026-05-11T12:55:20
EPCL,2021-01-04,47.75,48.0,46.17,47.02,7134500,psxdata,2026-05-11T12:55:20
EPCL,2021-01-05,47.0,47.65,46.65,47.01,2678500,psxdata,2026-05-11T12:55:20
EPCL,2021-01-06,47.05,50.47,46.9,50.05,13158500,psxdata,2026-05-11T12:55:20
EPCL,2021-01-07,50.69,51.68,49.16,50.18,8890000,psxdata,2026-05-11T12:55:20
EPCL,2021-01-08,49.61,50.75,49.56,49.89,5546500,psxdata,2026-05-11T12:55:20
EPCL,2021-01-11,50.5,50.5,49.0,49.23,1686500,psxdata,2026-05-11T12:55:20
EPCL,2021-01-12,49.03,49.94,49.02,49.48,1201500,psxdata,2026-05-11T12:55:20
EPCL,2021-01-13,49.95,50.34,49.05,49.26,2292500,psxdata,2026-05-11T12:55:20
EPCL,2021-01-14,49.1,49.84,48.71,48.89,1592500,psxdata,2026-05-11T12:55:20
EPCL,2021-01-15,48.92,49.35,48.25,48.29,584500,psxdata,2026-05-11T12:55:20
EPCL,2021-01-18,48.2,48.7,47.6,47.74,824500,psxdata,2026-05-11T12:55:20
EPCL,2021-01-19,48.1,48.9,47.09,47.86,3994000,psxdata,2026-05-11T12:55:20
EPCL,2021-01-20,47.5,48.4,47.33,47.75,2399500,psxdata,2026-05-11T12:55:20
EPCL,2021-01-21,47.75,48.9,47.51,47.91,1659500,psxdata,2026-05-11T12:55:20
EPCL,2021-01-22,47.75,48.4,47.11,47.74,2489500,psxdata,2026-05-11T12:55:20
EPCL,2021-01-25,47.98,48.2,47.44,47.56,942000,psxdata,2026-05-11T12:55:20
EPCL,2021-01-26,47.74,49.0,47.25,48.77,5849500,psxdata,2026-05-11T12:55:20
EPCL,2021-01-27,48.9,49.44,48.01,48.26,3460000,psxdata,2026-05-11T12:55:20
EPCL,2021-01-28,48.2,48.4,46.9,47.24,3617500,psxdata,2026-05-11T12:55:20
EPCL,2021-01-29,47.89,49.5,47.31,49.08,6182500,psxdata,2026-05-11T12:55:20
EPCL,2021-02-01,49.39,51.39,48.95,50.29,12681500,psxdata,2026-05-11T12:55:20
EPCL,2021-02-02,50.5,51.2,50.25,50.58,2782000,psxdata,2026-05-11T12:55:20
EPCL,2021-02-03,50.99,51.91,50.6,51.16,3804500,psxdata,2026-05-11T12:55:20
EPCL,2021-02-04,51.5,51.5,49.9,50.05,3689000,psxdata,2026-05-11T12:55:20
EPCL,2021-02-08,49.9,50.0,47.5,47.8,11957000,psxdata,2026-05-11T12:55:20
EPCL,2021-02-09,48.1,48.39,47.42,48.02,2607000,psxdata,2026-05-11T12:55:20
EPCL,2021-02-10,48.0,48.49,47.5,48.32,2372500,psxdata,2026-05-11T12:55:20
EPCL,2021-02-11,49.5,49.5,47.4,47.66,6086000,psxdata,2026-05-11T12:55:20
EPCL,2021-02-12,47.16,48.1,47.11,47.83,1545500,psxdata,2026-05-11T12:55:20
EPCL,2021-02-15,47.99,48.39,47.0,47.41,1591000,psxdata,2026-05-11T12:55:20
EPCL,2021-02-16,47.51,48.99,47.16,48.17,2570500,psxdata,2026-05-11T12:55:20
EPCL,2021-02-17,48.5,49.5,48.1,48.49,3731000,psxdata,2026-05-11T12:55:20
EPCL,2021-02-18,48.5,48.5,47.5,48.01,2006500,psxdata,2026-05-11T12:55:20
EPCL,2021-02-19,48.0,49.8,48.0,48.71,3183500,psxdata,2026-05-11T12:55:20
EPCL,2021-02-22,49.4,49.8,48.61,49.01,2354500,psxdata,2026-05-11T12:55:20
EPCL,2021-02-23,48.75,49.8,48.75,49.0,2275500,psxdata,2026-05-11T12:55:20
EPCL,2021-02-24,48.8,49.35,47.9,48.44,1306000,psxdata,2026-05-11T12:55:20
EPCL,2021-02-25,48.97,50.0,48.56,49.58,3749000,psxdata,2026-05-11T12:55:20
EPCL,2021-02-26,49.61,50.51,49.51,50.03,4575000,psxdata,2026-05-11T12:55:20
EPCL,2021-03-01,50.5,52.85,50.3,52.44,8591500,psxdata,2026-05-11T12:55:20
EPCL,2021-03-02,53.0,53.05,51.06,51.26,1953000,psxdata,2026-05-11T12:55:20
EPCL,2021-03-03,51.76,51.85,50.75,51.62,2355500,psxdata,2026-05-11T12:55:20
EPCL,2021-03-04,49.11,50.7,48.7,49.9,4034500,psxdata,2026-05-11T12:55:20
EPCL,2021-03-05,49.99,50.9,49.75,50.61,1220500,psxdata,2026-05-11T12:55:20
EPCL,2021-03-08,51.01,51.15,47.18,47.92,3579000,psxdata,2026-05-11T12:55:20
EPCL,2021-03-09,47.9,48.38,46.5,46.83,3747500,psxdata,2026-05-11T12:55:20
EPCL,2021-03-10,47.05,47.4,45.6,46.31,5181500,psxdata,2026-05-11T12:55:20
EPCL,2021-03-11,46.31,47.6,42.84,44.09,3519000,psxdata,2026-05-11T12:55:20
EPCL,2021-03-12,44.75,47.39,44.75,47.3,2310500,psxdata,2026-05-11T12:55:20
EPCL,2021-03-15,48.15,49.52,47.35,49.33,4827500,psxdata,2026-05-11T12:55:20
EPCL,2021-03-16,49.21,49.89,48.3,48.7,1907000,psxdata,2026-05-11T12:55:20
EPCL,2021-03-17,49.05,50.15,49.05,49.85,4240000,psxdata,2026-05-11T12:55:20
EPCL,2021-03-18,50.5,52.49,50.25,51.22,12852500,psxdata,2026-05-11T12:55:20
EPCL,2021-03-19,51.35,52.74,50.8,52.4,8250000,psxdata,2026-05-11T12:55:20
EPCL,2021-03-22,51.9,52.47,51.5,51.83,5628000,psxdata,2026-05-11T12:55:20
EPCL,2021-03-24,52.4,54.2,52.1,53.47,5586500,psxdata,2026-05-11T12:55:20
EPCL,2021-03-25,53.75,55.85,53.75,54.99,6355500,psxdata,2026-05-11T12:55:20
EPCL,2021-03-26,55.06,56.5,55.0,55.98,6053000,psxdata,2026-05-11T12:55:20
EPCL,2021-03-29,56.38,56.38,53.25,54.25,5901000,psxdata,2026-05-11T12:55:20
EPCL,2021-03-30,54.98,55.99,54.25,55.42,3079500,psxdata,2026-05-11T12:55:20
EPCL,2021-03-31,56.1,56.6,54.5,54.99,3423500,psxdata,2026-05-11T12:55:20
EPCL,2021-04-01,54.55,55.7,53.5,54.79,3995000,psxdata,2026-05-11T12:55:20
EPCL,2021-04-02,54.21,55.25,54.21,54.78,2341500,psxdata,2026-05-11T12:55:20
EPCL,2021-04-05,55.48,55.65,53.75,54.09,2190500,psxdata,2026-05-11T12:55:20
EPCL,2021-04-06,54.09,54.8,54.0,54.35,1409500,psxdata,2026-05-11T12:55:20
EPCL,2021-04-07,54.93,55.4,54.2,54.79,3646000,psxdata,2026-05-11T12:55:20
EPCL,2021-04-08,55.2,55.5,54.6,55.33,1999500,psxdata,2026-05-11T12:55:20
EPCL,2021-04-09,55.4,57.75,55.4,57.36,9335000,psxdata,2026-05-11T12:55:20
EPCL,2021-04-12,57.5,57.75,55.4,56.03,3592000,psxdata,2026-05-11T12:55:20
EPCL,2021-04-13,56.04,56.8,55.55,56.46,751000,psxdata,2026-05-11T12:55:20
EPCL,2021-04-14,56.15,58.0,56.15,57.47,2048500,psxdata,2026-05-11T12:55:20
EPCL,2021-04-15,57.84,58.67,57.56,58.07,2316000,psxdata,2026-05-11T12:55:20
EPCL,2021-04-16,58.49,58.7,57.4,58.0,1246000,psxdata,2026-05-11T12:55:20
EPCL,2021-04-19,57.51,57.51,56.2,56.57,2545000,psxdata,2026-05-11T12:55:20
EPCL,2021-04-20,57.3,57.3,54.9,55.11,2328000,psxdata,2026-05-11T12:55:20
EPCL,2021-04-21,55.2,55.49,53.3,53.65,2661500,psxdata,2026-05-11T12:55:20
EPCL,2021-04-22,54.0,54.19,53.01,53.33,2466500,psxdata,2026-05-11T12:55:20
EPCL,2021-04-23,53.25,53.25,52.25,52.65,633000,psxdata,2026-05-11T12:55:20
EPCL,2021-04-26,51.75,55.9,51.61,54.06,2406500,psxdata,2026-05-11T12:55:20
EPCL,2021-04-27,54.75,55.0,52.0,52.16,1804000,psxdata,2026-05-11T12:55:20
EPCL,2021-04-28,51.93,52.75,51.25,51.32,842500,psxdata,2026-05-11T12:55:20
EPCL,2021-04-29,51.55,51.55,50.51,50.79,587000,psxdata,2026-05-11T12:55:20
EPCL,2021-04-30,51.0,51.05,48.02,49.33,3618000,psxdata,2026-05-11T12:55:20
EPCL,2021-05-03,48.55,50.2,47.7,49.17,2077500,psxdata,2026-05-11T12:55:20
EPCL,2021-05-04,50.43,50.43,49.3,50.19,1127500,psxdata,2026-05-11T12:55:20
EPCL,2021-05-05,50.4,51.44,50.4,50.8,714500,psxdata,2026-05-11T12:55:20
EPCL,2021-05-06,50.5,51.4,48.9,49.09,2200000,psxdata,2026-05-11T12:55:20
EPCL,2021-05-17,49.48,51.4,49.48,51.1,4454500,psxdata,2026-05-11T12:55:20
EPCL,2021-05-18,51.1,51.1,49.8,50.48,3068000,psxdata,2026-05-11T12:55:20
EPCL,2021-05-19,50.25,50.68,49.05,50.25,1848000,psxdata,2026-05-11T12:55:20
EPCL,2021-05-20,49.75,50.5,49.75,49.9,1905500,psxdata,2026-05-11T12:55:20
EPCL,2021-05-21,50.19,51.49,49.9,51.14,1671500,psxdata,2026-05-11T12:55:20
EPCL,2021-05-24,51.16,53.0,50.79,51.38,2657000,psxdata,2026-05-11T12:55:20
EPCL,2021-05-25,51.59,52.4,51.0,51.34,2673500,psxdata,2026-05-11T12:55:20
EPCL,2021-05-26,51.7,51.7,50.5,50.69,2260500,psxdata,2026-05-11T12:55:20
EPCL,2021-05-27,50.26,50.5,49.25,49.44,1883000,psxdata,2026-05-11T12:55:20
EPCL,2021-05-28,49.4,50.3,48.86,48.97,2756500,psxdata,2026-05-11T12:55:20
EPCL,2021-05-31,49.38,50.49,49.01,50.0,5246500,psxdata,2026-05-11T12:55:20
EPCL,2021-06-01,50.2,50.97,49.55,50.1,2541000,psxdata,2026-05-11T12:55:20
EPCL,2021-06-02,50.2,51.1,50.0,50.28,2380500,psxdata,2026-05-11T12:55:20
EPCL,2021-06-03,50.31,51.3,50.0,50.05,2687000,psxdata,2026-05-11T12:55:20
EPCL,2021-06-04,50.1,50.89,49.52,49.75,1437500,psxdata,2026-05-11T12:55:20
EPCL,2021-06-07,50.1,50.27,49.6,49.74,1209500,psxdata,2026-05-11T12:55:20
EPCL,2021-06-08,49.75,50.05,49.12,49.59,870500,psxdata,2026-05-11T12:55:20
EPCL,2021-06-09,49.51,49.8,48.51,48.81,1238500,psxdata,2026-05-11T12:55:20
EPCL,2021-06-10,48.51,48.79,47.9,48.01,1942500,psxdata,2026-05-11T12:55:20
EPCL,2021-06-11,48.2,48.45,47.4,47.71,676000,psxdata,2026-05-11T12:55:20
EPCL,2021-06-14,48.5,48.68,47.75,47.83,1170000,psxdata,2026-05-11T12:55:20
EPCL,2021-06-15,48.15,49.49,48.0,49.18,2205500,psxdata,2026-05-11T12:55:20
EPCL,2021-06-16,49.5,49.5,48.87,48.97,2541500,psxdata,2026-05-11T12:55:20
EPCL,2021-06-17,48.9,49.0,48.17,48.36,485500,psxdata,2026-05-11T12:55:20
EPCL,2021-06-18,48.5,48.55,47.72,47.83,1545500,psxdata,2026-05-11T12:55:20
EPCL,2021-06-21,47.83,48.45,47.53,47.65,708500,psxdata,2026-05-11T12:55:20
EPCL,2021-06-22,48.11,48.12,47.5,47.55,426500,psxdata,2026-05-11T12:55:20
EPCL,2021-06-23,47.95,47.96,47.1,47.38,2153000,psxdata,2026-05-11T12:55:20
EPCL,2021-06-24,47.7,48.5,47.55,48.02,1902000,psxdata,2026-05-11T12:55:20
EPCL,2021-06-25,48.4,49.31,47.8,48.21,3955000,psxdata,2026-05-11T12:55:20
EPCL,2021-06-28,48.45,48.5,47.0,47.32,1127000,psxdata,2026-05-11T12:55:20
EPCL,2021-06-29,48.0,48.0,46.5,46.67,1710500,psxdata,2026-05-11T12:55:20
EPCL,2021-06-30,46.99,47.44,46.6,47.24,1210500,psxdata,2026-05-11T12:55:20
EPCL,2021-07-01,47.49,48.04,47.4,47.79,667000,psxdata,2026-05-11T12:55:20
EPCL,2021-07-02,48.01,48.2,47.61,47.73,489000,psxdata,2026-05-11T12:55:20
EPCL,2021-07-05,47.66,47.8,47.0,47.22,723000,psxdata,2026-05-11T12:55:20
EPCL,2021-07-06,47.23,48.2,47.1,47.24,2255000,psxdata,2026-05-11T12:55:20
EPCL,2021-07-07,47.2,48.29,47.1,48.02,1027000,psxdata,2026-05-11T12:55:20
EPCL,2021-07-08,48.3,50.5,48.29,50.29,5906000,psxdata,2026-05-11T12:55:20
EPCL,2021-07-09,50.1,50.4,49.1,49.35,2075500,psxdata,2026-05-11T12:55:20
EPCL,2021-07-12,49.89,49.89,48.85,49.25,678500,psxdata,2026-05-11T12:55:20
EPCL,2021-07-13,49.25,49.5,49.0,49.13,428500,psxdata,2026-05-11T12:55:20
EPCL,2021-07-14,49.35,49.35,48.95,49.12,536500,psxdata,2026-05-11T12:55:20
EPCL,2021-07-15,49.01,50.6,48.8,50.35,1853500,psxdata,2026-05-11T12:55:20
EPCL,2021-07-16,50.02,52.3,50.02,52.0,4315000,psxdata,2026-05-11T12:55:20
EPCL,2021-07-19,52.4,52.85,51.76,52.2,3068000,psxdata,2026-05-11T12:55:20
EPCL,2021-07-23,52.4,52.8,50.71,51.04,732500,psxdata,2026-05-11T12:55:20
EPCL,2021-07-26,51.4,51.4,50.46,51.07,512500,psxdata,2026-05-11T12:55:20
EPCL,2021-07-27,51.5,53.0,50.7,51.19,1866500,psxdata,2026-05-11T12:55:20
EPCL,2021-07-28,51.55,51.55,50.5,50.75,893000,psxdata,2026-05-11T12:55:20
EPCL,2021-07-29,50.4,52.0,50.0,51.73,1228000,psxdata,2026-05-11T12:55:20
EPCL,2021-07-30,51.6,53.3,51.26,51.74,2694000,psxdata,2026-05-11T12:55:20
EPCL,2021-08-02,51.99,55.62,51.99,55.62,9714000,psxdata,2026-05-11T12:55:20
EPCL,2021-08-03,56.35,56.99,55.12,56.13,4630500,psxdata,2026-05-11T12:55:20
EPCL,2021-08-04,55.65,57.0,55.65,56.62,2460000,psxdata,2026-05-11T12:55:20
EPCL,2021-08-05,56.5,58.0,56.02,57.25,4027500,psxdata,2026-05-11T12:55:20
EPCL,2021-08-06,57.0,57.25,56.35,56.67,1426500,psxdata,2026-05-11T12:55:20
EPCL,2021-08-09,56.89,57.01,56.05,56.54,2126000,psxdata,2026-05-11T12:55:20
EPCL,2021-08-10,56.7,57.63,53.82,56.59,10157500,psxdata,2026-05-11T12:55:20
EPCL,2021-08-11,60.83,60.83,58.22,58.58,25980500,psxdata,2026-05-11T12:55:20
EPCL,2021-08-12,59.0,59.94,57.6,57.84,7976500,psxdata,2026-05-11T12:55:20
EPCL,2021-08-13,57.9,58.2,57.5,57.65,2104000,psxdata,2026-05-11T12:55:20
EPCL,2021-08-16,57.9,58.63,57.18,58.33,3208000,psxdata,2026-05-11T12:55:20
EPCL,2021-08-17,58.69,59.4,58.51,59.09,2714000,psxdata,2026-05-11T12:55:20
EPCL,2021-08-20,59.49,61.44,59.45,60.56,4904000,psxdata,2026-05-11T12:55:20
EPCL,2021-08-23,61.16,62.0,61.01,61.34,2435000,psxdata,2026-05-11T12:55:20
EPCL,2021-08-24,61.7,62.66,61.5,61.94,3543500,psxdata,2026-05-11T12:55:20
EPCL,2021-08-25,61.96,62.03,61.39,61.64,1916500,psxdata,2026-05-11T12:55:20
EPCL,2021-08-26,61.9,62.25,59.65,60.49,3651000,psxdata,2026-05-11T12:55:20
EPCL,2021-08-27,60.7,61.25,60.0,60.82,2607500,psxdata,2026-05-11T12:55:20
EPCL,2021-08-30,61.0,63.28,60.95,62.57,4436500,psxdata,2026-05-11T12:55:20
EPCL,2021-08-31,62.6,63.0,62.3,62.94,1824000,psxdata,2026-05-11T12:55:20
EPCL,2021-09-01,63.34,64.99,63.06,64.14,4262500,psxdata,2026-05-11T12:55:20
EPCL,2021-09-02,64.3,64.5,63.68,63.93,2271000,psxdata,2026-05-11T12:55:20
EPCL,2021-09-03,64.39,64.79,63.01,64.61,2683000,psxdata,2026-05-11T12:55:20
EPCL,2021-09-06,64.61,65.45,64.1,64.69,2320500,psxdata,2026-05-11T12:55:20
EPCL,2021-09-07,64.8,65.0,63.6,63.84,4309000,psxdata,2026-05-11T12:55:20
EPCL,2021-09-08,56.85,58.0,55.36,55.69,2367000,psxdata,2026-05-11T12:55:20
EPCL,2021-09-09,55.5,56.6,54.85,56.34,1638500,psxdata,2026-05-11T12:55:20
EPCL,2021-09-10,56.25,57.0,56.04,56.11,711000,psxdata,2026-05-11T12:55:20
EPCL,2021-09-13,55.7,56.5,55.7,56.01,992500,psxdata,2026-05-11T12:55:20
EPCL,2021-09-14,56.39,56.39,55.01,55.42,1520000,psxdata,2026-05-11T12:55:20
EPCL,2021-09-15,55.01,55.42,54.0,54.61,1009000,psxdata,2026-05-11T12:55:20
EPCL,2021-09-16,54.2,55.85,54.2,55.69,1083000,psxdata,2026-05-11T12:55:20
EPCL,2021-09-17,56.0,57.0,55.05,55.56,1211500,psxdata,2026-05-11T12:55:20
EPCL,2021-09-20,56.3,56.3,54.31,54.52,685000,psxdata,2026-05-11T12:55:20
EPCL,2021-09-21,54.11,55.01,53.2,53.42,1045500,psxdata,2026-05-11T12:55:20
EPCL,2021-09-22,53.15,54.0,51.7,53.45,2675000,psxdata,2026-05-11T12:55:20
EPCL,2021-09-23,54.5,56.0,53.8,55.12,2400000,psxdata,2026-05-11T12:55:20
EPCL,2021-09-24,55.5,56.49,54.55,54.98,3599000,psxdata,2026-05-11T12:55:20
EPCL,2021-09-27,54.98,56.74,54.3,55.89,2329500,psxdata,2026-05-11T12:55:20
EPCL,2021-09-28,56.1,56.9,55.6,56.41,1217000,psxdata,2026-05-11T12:55:20
EPCL,2021-09-29,56.0,56.45,52.18,54.25,5570500,psxdata,2026-05-11T12:55:20
EPCL,2021-09-30,53.6,55.48,53.0,55.07,2590500,psxdata,2026-05-11T12:55:20
EPCL,2021-10-01,55.07,56.7,54.75,56.45,2044000,psxdata,2026-05-11T12:55:20
EPCL,2021-10-04,55.61,57.25,55.6,57.07,1405000,psxdata,2026-05-11T12:55:20
EPCL,2021-10-05,57.47,59.25,57.1,58.53,2084000,psxdata,2026-05-11T12:55:20
EPCL,2021-10-06,58.62,58.85,57.1,57.44,1144000,psxdata,2026-05-11T12:55:20
EPCL,2021-10-07,57.66,58.0,56.0,56.32,844000,psxdata,2026-05-11T12:55:20
EPCL,2021-10-08,56.49,56.5,54.72,55.8,904500,psxdata,2026-05-11T12:55:20
EPCL,2021-10-11,56.11,56.11,54.6,55.57,1091500,psxdata,2026-05-11T12:55:20
EPCL,2021-10-12,55.01,56.68,54.8,55.27,1926500,psxdata,2026-05-11T12:55:20
EPCL,2021-10-13,55.79,55.85,54.25,54.81,910000,psxdata,2026-05-11T12:55:20
EPCL,2021-10-14,54.99,56.85,54.99,56.66,2219500,psxdata,2026-05-11T12:55:20
EPCL,2021-10-15,56.5,58.0,56.5,57.28,1475000,psxdata,2026-05-11T12:55:20
EPCL,2021-10-18,57.88,58.35,57.31,57.88,3271000,psxdata,2026-05-11T12:55:20
EPCL,2021-10-20,58.47,59.1,57.9,58.99,2311000,psxdata,2026-05-11T12:55:20
EPCL,2021-10-21,59.44,63.41,59.01,62.87,15947000,psxdata,2026-05-11T12:55:20
EPCL,2021-10-22,62.88,63.06,61.01,62.46,4632000,psxdata,2026-05-11T12:55:20
EPCL,2021-10-25,62.4,62.6,61.75,62.45,540000,psxdata,2026-05-11T12:55:20
EPCL,2021-10-26,62.11,63.59,61.9,62.37,2117500,psxdata,2026-05-11T12:55:20
EPCL,2021-10-27,59.9,61.89,59.9,60.36,2088500,psxdata,2026-05-11T12:55:20
EPCL,2021-10-28,60.5,60.94,59.8,59.99,886000,psxdata,2026-05-11T12:55:20
EPCL,2021-10-29,59.51,60.0,59.0,59.16,682500,psxdata,2026-05-11T12:55:20
EPCL,2021-11-01,60.05,61.5,59.6,60.8,2258000,psxdata,2026-05-11T12:55:20
EPCL,2021-11-02,60.95,61.5,59.9,60.0,1592000,psxdata,2026-05-11T12:55:20
EPCL,2021-11-03,60.25,60.49,59.31,60.11,1725500,psxdata,2026-05-11T12:55:20
EPCL,2021-11-04,60.0,60.45,59.62,60.09,840000,psxdata,2026-05-11T12:55:20
EPCL,2021-11-05,60.01,60.35,59.0,59.26,1198500,psxdata,2026-05-11T12:55:20
EPCL,2021-11-08,59.59,60.01,58.98,59.25,967000,psxdata,2026-05-11T12:55:20
EPCL,2021-11-09,59.07,59.07,58.09,58.59,2117500,psxdata,2026-05-11T12:55:20
EPCL,2021-11-10,58.75,59.75,58.25,58.83,1627000,psxdata,2026-05-11T12:55:20
EPCL,2021-11-11,59.0,59.5,58.89,59.1,429500,psxdata,2026-05-11T12:55:20
EPCL,2021-11-12,59.25,59.4,58.56,58.9,1183000,psxdata,2026-05-11T12:55:20
EPCL,2021-11-15,58.1,59.0,57.45,57.61,3944000,psxdata,2026-05-11T12:55:20
EPCL,2021-11-16,58.15,58.34,57.4,57.94,967500,psxdata,2026-05-11T12:55:20
EPCL,2021-11-17,58.01,58.22,57.0,57.33,937500,psxdata,2026-05-11T12:55:20
EPCL,2021-11-18,57.33,57.5,56.5,57.12,672000,psxdata,2026-05-11T12:55:20
EPCL,2021-11-19,56.75,57.99,56.5,57.13,1274500,psxdata,2026-05-11T12:55:20
EPCL,2021-11-22,56.6,56.9,56.0,56.21,931000,psxdata,2026-05-11T12:55:20
EPCL,2021-11-23,56.46,56.5,54.6,54.99,809500,psxdata,2026-05-11T12:55:20
EPCL,2021-11-24,55.3,55.3,52.8,52.97,3553000,psxdata,2026-05-11T12:55:20
EPCL,2021-11-25,53.5,54.0,52.8,53.02,2420000,psxdata,2026-05-11T12:55:20
EPCL,2021-11-26,53.49,54.4,53.49,54.24,2845500,psxdata,2026-05-11T12:55:20
EPCL,2021-11-29,54.01,54.85,53.56,54.5,1201000,psxdata,2026-05-11T12:55:20
EPCL,2021-11-30,54.51,54.8,53.6,54.4,1113500,psxdata,2026-05-11T12:55:20
EPCL,2021-12-01,54.7,55.2,54.7,54.94,462500,psxdata,2026-05-11T12:55:20
EPCL,2021-12-02,54.9,54.9,50.82,51.0,3958000,psxdata,2026-05-11T12:55:20
EPCL,2021-12-03,50.95,52.49,49.75,50.99,1922000,psxdata,2026-05-11T12:55:20
EPCL,2021-12-06,51.2,51.5,50.6,51.08,582500,psxdata,2026-05-11T12:55:20
EPCL,2021-12-07,51.45,52.2,51.2,51.99,756500,psxdata,2026-05-11T12:55:20
EPCL,2021-12-08,52.2,52.2,51.5,51.68,320500,psxdata,2026-05-11T12:55:20
EPCL,2021-12-09,51.85,55.55,50.1,53.37,1211000,psxdata,2026-05-11T12:55:20
EPCL,2021-12-10,52.3,53.2,51.76,52.99,2841500,psxdata,2026-05-11T12:55:20
EPCL,2021-12-13,53.34,53.5,52.1,52.52,623000,psxdata,2026-05-11T12:55:20
EPCL,2021-12-14,52.02,53.3,51.95,53.05,1165500,psxdata,2026-05-11T12:55:20
EPCL,2021-12-15,53.77,56.7,53.77,56.43,4039500,psxdata,2026-05-11T12:55:20
EPCL,2021-12-16,56.0,56.79,55.0,56.09,1901500,psxdata,2026-05-11T12:55:20
EPCL,2021-12-17,55.51,56.05,54.5,55.61,532500,psxdata,2026-05-11T12:55:20
EPCL,2021-12-20,55.55,56.0,55.4,55.63,379500,psxdata,2026-05-11T12:55:20
EPCL,2021-12-21,55.6,55.99,54.78,54.91,522500,psxdata,2026-05-11T12:55:20
EPCL,2021-12-22,54.75,55.0,54.03,54.22,414500,psxdata,2026-05-11T12:55:20
EPCL,2021-12-23,54.87,54.87,54.2,54.29,313500,psxdata,2026-05-11T12:55:20
EPCL,2021-12-24,54.25,54.6,53.8,54.14,617000,psxdata,2026-05-11T12:55:20
EPCL,2021-12-27,54.05,54.3,53.5,53.51,1027500,psxdata,2026-05-11T12:55:20
EPCL,2021-12-28,53.5,53.75,53.0,53.43,778500,psxdata,2026-05-11T12:55:20
EPCL,2021-12-29,53.61,54.25,53.5,53.92,1036500,psxdata,2026-05-11T12:55:20
EPCL,2021-12-30,54.0,54.9,54.0,54.62,849500,psxdata,2026-05-11T12:55:20
EPCL,2021-12-31,54.6,54.99,54.0,54.21,528000,psxdata,2026-05-11T12:55:20
EPCL,2022-01-03,54.44,55.1,54.1,54.98,524500,psxdata,2026-05-11T12:55:20
EPCL,2022-01-04,54.98,55.95,54.65,55.54,688000,psxdata,2026-05-11T12:55:20
EPCL,2022-01-05,55.35,56.75,55.3,56.53,1583500,psxdata,2026-05-11T12:55:20
EPCL,2022-01-06,56.55,56.98,55.93,56.0,1002000,psxdata,2026-05-11T12:55:20
EPCL,2022-01-07,56.1,56.9,55.9,56.42,792500,psxdata,2026-05-11T12:55:20
EPCL,2022-01-10,56.3,56.69,56.01,56.52,700500,psxdata,2026-05-11T12:55:20
EPCL,2022-01-11,56.5,56.8,56.45,56.7,465000,psxdata,2026-05-11T12:55:20
EPCL,2022-01-12,56.51,57.56,56.51,57.07,579000,psxdata,2026-05-11T12:55:20
EPCL,2022-01-13,57.05,57.2,56.85,57.13,508000,psxdata,2026-05-11T12:55:20
EPCL,2022-01-14,57.25,57.3,56.7,56.91,303000,psxdata,2026-05-11T12:55:20
EPCL,2022-01-17,56.57,57.05,56.25,56.75,175000,psxdata,2026-05-11T12:55:20
EPCL,2022-01-18,56.9,57.11,56.5,56.94,289500,psxdata,2026-05-11T12:55:20
EPCL,2022-01-19,57.26,57.26,55.0,55.86,504000,psxdata,2026-05-11T12:55:20
EPCL,2022-01-20,55.51,56.49,54.6,56.04,909000,psxdata,2026-05-11T12:55:20
EPCL,2022-01-21,56.25,56.9,56.01,56.48,326500,psxdata,2026-05-11T12:55:20
EPCL,2022-01-24,56.75,56.88,56.4,56.57,682000,psxdata,2026-05-11T12:55:20
EPCL,2022-01-25,56.7,57.39,56.7,57.02,660000,psxdata,2026-05-11T12:55:20
EPCL,2022-01-26,56.52,56.8,56.11,56.28,158000,psxdata,2026-05-11T12:55:20
EPCL,2022-01-27,56.69,57.21,56.18,56.95,830500,psxdata,2026-05-11T12:55:20
EPCL,2022-01-28,57.2,57.59,57.05,57.3,1245500,psxdata,2026-05-11T12:55:20
EPCL,2022-01-31,57.1,57.74,56.0,56.38,991000,psxdata,2026-05-11T12:55:20
EPCL,2022-02-01,56.44,56.45,55.55,55.92,1802000,psxdata,2026-05-11T12:55:20
EPCL,2022-02-02,56.4,56.63,55.6,56.44,1092000,psxdata,2026-05-11T12:55:20
EPCL,2022-02-03,56.9,56.9,56.0,56.16,1050500,psxdata,2026-05-11T12:55:20
EPCL,2022-02-04,56.12,57.01,56.11,56.54,1919000,psxdata,2026-05-11T12:55:20
EPCL,2022-02-07,56.75,58.19,56.75,57.51,2820500,psxdata,2026-05-11T12:55:20
EPCL,2022-02-08,57.6,61.65,56.85,61.21,14700000,psxdata,2026-05-11T12:55:20
EPCL,2022-02-09,61.75,62.85,61.1,62.46,10412000,psxdata,2026-05-11T12:55:20
EPCL,2022-02-10,62.75,62.8,61.72,61.82,3416500,psxdata,2026-05-11T12:55:20
EPCL,2022-02-11,61.93,61.93,60.75,60.95,3408000,psxdata,2026-05-11T12:55:20
EPCL,2022-02-14,60.54,62.25,60.53,61.92,3137500,psxdata,2026-05-11T12:55:20
EPCL,2022-02-15,61.55,63.1,61.4,61.9,7926000,psxdata,2026-05-11T12:55:20
EPCL,2022-02-16,62.0,62.41,61.25,62.2,5532000,psxdata,2026-05-11T12:55:20
EPCL,2022-02-17,62.38,62.75,62.02,62.6,1798500,psxdata,2026-05-11T12:55:20
EPCL,2022-02-18,62.85,62.99,62.11,62.48,969500,psxdata,2026-05-11T12:55:20
EPCL,2022-02-21,62.48,62.49,61.85,62.14,1469000,psxdata,2026-05-11T12:55:20
EPCL,2022-02-22,61.66,62.82,61.65,61.99,2598500,psxdata,2026-05-11T12:55:20
EPCL,2022-02-23,62.03,62.99,61.81,62.82,1437500,psxdata,2026-05-11T12:55:20
EPCL,2022-02-24,61.5,62.49,61.01,61.25,4668000,psxdata,2026-05-11T12:55:20
EPCL,2022-02-25,61.15,62.48,61.15,61.54,2199000,psxdata,2026-05-11T12:55:20
EPCL,2022-02-28,61.9,63.0,61.27,62.74,1866000,psxdata,2026-05-11T12:55:20
EPCL,2022-03-01,63.5,64.24,62.75,63.55,2506000,psxdata,2026-05-11T12:55:20
EPCL,2022-03-02,63.1,63.5,62.8,63.06,3017000,psxdata,2026-05-11T12:55:20
EPCL,2022-03-03,63.1,63.39,62.95,63.03,1751000,psxdata,2026-05-11T12:55:20
EPCL,2022-03-04,63.0,64.49,62.9,64.09,3758500,psxdata,2026-05-11T12:55:20
EPCL,2022-03-07,58.0,58.59,54.85,57.53,3028949,psxdata,2026-05-11T12:55:20
EPCL,2022-03-08,57.5,60.25,57.0,59.2,2662609,psxdata,2026-05-11T12:55:20
EPCL,2022-03-09,59.33,60.2,58.2,59.15,1262091,psxdata,2026-05-11T12:55:20
EPCL,2022-03-10,59.45,60.0,58.75,59.69,1238368,psxdata,2026-05-11T12:55:20
EPCL,2022-03-11,59.61,59.61,58.7,59.32,632700,psxdata,2026-05-11T12:55:20
EPCL,2022-03-14,59.32,59.6,58.4,58.61,709180,psxdata,2026-05-11T12:55:20
EPCL,2022-03-15,58.62,59.15,58.57,59.04,760267,psxdata,2026-05-11T12:55:20
EPCL,2022-03-16,59.25,59.7,58.9,59.05,783405,psxdata,2026-05-11T12:55:20
EPCL,2022-03-17,59.05,59.75,59.05,59.52,932435,psxdata,2026-05-11T12:55:20
EPCL,2022-03-18,58.81,59.65,58.01,59.06,930124,psxdata,2026-05-11T12:55:20
EPCL,2022-03-21,59.24,60.2,58.55,59.94,433622,psxdata,2026-05-11T12:55:20
EPCL,2022-03-22,60.26,60.98,60.0,60.56,624470,psxdata,2026-05-11T12:55:20
EPCL,2022-03-24,60.6,62.0,60.31,61.89,1424932,psxdata,2026-05-11T12:55:20
EPCL,2022-03-25,61.85,63.33,61.85,62.71,998588,psxdata,2026-05-11T12:55:20
EPCL,2022-03-28,62.26,62.65,61.5,62.22,2355404,psxdata,2026-05-11T12:55:20
EPCL,2022-03-29,62.44,63.75,62.31,63.38,1312265,psxdata,2026-05-11T12:55:20
EPCL,2022-03-30,63.05,63.5,62.85,63.17,716275,psxdata,2026-05-11T12:55:20
EPCL,2022-03-31,63.15,67.26,63.03,66.46,3242643,psxdata,2026-05-11T12:55:20
EPCL,2022-04-01,66.0,68.75,65.9,67.61,2180348,psxdata,2026-05-11T12:55:20
EPCL,2022-04-04,66.25,67.93,65.05,67.58,1785548,psxdata,2026-05-11T12:55:20
EPCL,2022-04-05,67.3,72.64,67.3,72.64,6522763,psxdata,2026-05-11T12:55:20
EPCL,2022-04-06,74.78,77.69,73.71,75.15,5562174,psxdata,2026-05-11T12:55:20
EPCL,2022-04-07,75.26,75.77,72.2,72.84,3951343,psxdata,2026-05-11T12:55:20
EPCL,2022-04-08,72.5,75.4,72.2,74.65,3532840,psxdata,2026-05-11T12:55:20
EPCL,2022-04-11,75.81,78.4,75.8,77.48,5665008,psxdata,2026-05-11T12:55:20
EPCL,2022-04-12,77.45,78.15,76.31,77.58,1831580,psxdata,2026-05-11T12:55:20
EPCL,2022-04-13,77.01,77.55,76.9,77.17,1726444,psxdata,2026-05-11T12:55:20
EPCL,2022-04-14,77.17,82.95,76.72,82.95,6697080,psxdata,2026-05-11T12:55:20
EPCL,2022-04-15,85.01,86.88,83.0,83.61,4968791,psxdata,2026-05-11T12:55:20
EPCL,2022-04-18,83.02,83.65,78.0,79.98,5371623,psxdata,2026-05-11T12:55:20
EPCL,2022-04-19,84.99,85.97,82.11,85.97,7111965,psxdata,2026-05-11T12:55:20
EPCL,2022-04-20,87.0,89.99,86.1,87.21,5203981,psxdata,2026-05-11T12:55:20
EPCL,2022-04-21,87.09,87.6,85.55,85.87,2699968,psxdata,2026-05-11T12:55:20
EPCL,2022-04-22,85.98,86.4,85.14,85.46,1231441,psxdata,2026-05-11T12:55:20
EPCL,2022-04-25,86.1,91.86,86.0,90.73,7576463,psxdata,2026-05-11T12:55:20
EPCL,2022-04-26,91.0,93.48,89.9,90.37,3845967,psxdata,2026-05-11T12:55:20
EPCL,2022-04-27,86.0,86.5,81.65,81.99,2606575,psxdata,2026-05-11T12:55:20
EPCL,2022-04-28,81.01,87.5,78.0,85.13,4521791,psxdata,2026-05-11T12:55:20
EPCL,2022-05-06,83.88,85.88,82.9,83.64,1838927,psxdata,2026-05-11T12:55:20
EPCL,2022-05-09,83.05,83.05,77.42,77.58,4600243,psxdata,2026-05-11T12:55:20
EPCL,2022-05-10,77.6,79.9,75.51,76.6,2650347,psxdata,2026-05-11T12:55:20
EPCL,2022-05-11,76.75,77.44,72.3,74.73,3160509,psxdata,2026-05-11T12:55:20
EPCL,2022-05-12,75.01,78.12,73.75,77.43,2616765,psxdata,2026-05-11T12:55:20
EPCL,2022-05-13,77.85,79.9,76.85,79.27,2656447,psxdata,2026-05-11T12:55:20
EPCL,2022-05-16,78.4,85.21,75.2,85.21,8326814,psxdata,2026-05-11T12:55:20
EPCL,2022-05-17,87.01,88.99,84.32,85.87,7201365,psxdata,2026-05-11T12:55:20
EPCL,2022-05-18,85.5,86.7,84.6,85.83,2309229,psxdata,2026-05-11T12:55:20
EPCL,2022-05-19,85.64,89.88,85.1,89.08,5889790,psxdata,2026-05-11T12:55:20
EPCL,2022-05-20,89.7,89.7,87.4,87.63,1149063,psxdata,2026-05-11T12:55:20
EPCL,2022-05-23,86.25,86.5,84.75,85.11,2576148,psxdata,2026-05-11T12:55:20
EPCL,2022-05-24,84.85,85.8,82.2,82.7,2598734,psxdata,2026-05-11T12:55:20
EPCL,2022-05-25,82.01,83.96,79.7,83.08,2996867,psxdata,2026-05-11T12:55:20
EPCL,2022-05-26,83.66,84.3,81.51,83.51,3385201,psxdata,2026-05-11T12:55:20
EPCL,2022-05-27,84.02,87.61,84.02,86.59,4239572,psxdata,2026-05-11T12:55:20
EPCL,2022-05-30,86.98,87.8,84.52,84.94,1759964,psxdata,2026-05-11T12:55:20
EPCL,2022-05-31,86.0,86.47,83.66,85.87,2835224,psxdata,2026-05-11T12:55:20
EPCL,2022-06-01,86.1,86.5,84.24,84.5,1113201,psxdata,2026-05-11T12:55:20
EPCL,2022-06-02,84.5,84.5,82.5,82.85,1699137,psxdata,2026-05-11T12:55:20
EPCL,2022-06-03,82.45,82.85,78.5,79.7,3010866,psxdata,2026-05-11T12:55:20
EPCL,2022-06-06,79.1,82.8,78.9,82.59,1871153,psxdata,2026-05-11T12:55:20
EPCL,2022-06-07,82.9,84.99,82.0,83.97,1214782,psxdata,2026-05-11T12:55:20
EPCL,2022-06-08,84.0,84.94,83.33,84.09,997983,psxdata,2026-05-11T12:55:20
EPCL,2022-06-09,84.0,84.89,83.1,83.48,774451,psxdata,2026-05-11T12:55:20
EPCL,2022-06-10,83.94,84.5,82.95,84.03,419833,psxdata,2026-05-11T12:55:20
EPCL,2022-06-13,84.06,84.06,77.73,80.44,1005579,psxdata,2026-05-11T12:55:20
EPCL,2022-06-14,80.4,81.45,79.06,80.38,1095277,psxdata,2026-05-11T12:55:20
EPCL,2022-06-15,80.4,81.63,80.4,80.97,504060,psxdata,2026-05-11T12:55:20
EPCL,2022-06-16,80.5,81.81,80.0,80.64,1006007,psxdata,2026-05-11T12:55:20
EPCL,2022-06-17,80.9,83.49,80.59,82.75,1775799,psxdata,2026-05-11T12:55:20
EPCL,2022-06-20,82.74,83.6,81.94,82.12,835333,psxdata,2026-05-11T12:55:20
EPCL,2022-06-21,82.44,83.5,81.21,83.17,1516125,psxdata,2026-05-11T12:55:20
EPCL,2022-06-22,83.75,84.94,82.8,84.11,1982413,psxdata,2026-05-11T12:55:20
EPCL,2022-06-23,83.36,85.4,83.36,84.56,1541563,psxdata,2026-05-11T12:55:20
EPCL,2022-06-24,84.56,84.98,78.22,81.87,4480043,psxdata,2026-05-11T12:55:20
EPCL,2022-06-27,82.05,83.4,81.87,82.5,1010880,psxdata,2026-05-11T12:55:20
EPCL,2022-06-28,82.5,83.0,80.5,81.01,1771020,psxdata,2026-05-11T12:55:20
EPCL,2022-06-29,81.5,81.5,79.11,79.51,1621210,psxdata,2026-05-11T12:55:20
EPCL,2022-06-30,80.49,80.49,79.3,79.63,579568,psxdata,2026-05-11T12:55:20
EPCL,2022-07-01,79.9,80.49,78.9,79.11,964008,psxdata,2026-05-11T12:55:20
EPCL,2022-07-04,79.5,79.5,78.0,78.14,671962,psxdata,2026-05-11T12:55:20
EPCL,2022-07-05,78.2,78.2,76.0,76.11,2264185,psxdata,2026-05-11T12:55:20
EPCL,2022-07-06,76.25,76.79,74.6,74.95,926535,psxdata,2026-05-11T12:55:20
EPCL,2022-07-07,74.93,76.4,73.51,74.89,2029431,psxdata,2026-05-11T12:55:20
EPCL,2022-07-13,75.0,76.98,74.25,76.13,1051900,psxdata,2026-05-11T12:55:20
EPCL,2022-07-14,76.52,77.5,76.0,77.02,1909956,psxdata,2026-05-11T12:55:20
EPCL,2022-07-15,77.45,77.74,76.7,77.36,803348,psxdata,2026-05-11T12:55:20
EPCL,2022-07-18,76.9,76.9,75.47,76.02,1233240,psxdata,2026-05-11T12:55:20
EPCL,2022-07-19,76.19,76.8,71.1,72.25,2746918,psxdata,2026-05-11T12:55:20
EPCL,2022-07-20,72.0,73.0,68.5,69.42,3155690,psxdata,2026-05-11T12:55:20
EPCL,2022-07-21,69.0,69.4,64.64,65.02,4584331,psxdata,2026-05-11T12:55:20
EPCL,2022-07-22,65.0,66.5,62.5,65.99,3028093,psxdata,2026-05-11T12:55:20
EPCL,2022-07-25,65.85,65.85,64.7,65.6,419444,psxdata,2026-05-11T12:55:20
EPCL,2022-07-26,65.31,66.37,63.91,64.87,1552135,psxdata,2026-05-11T12:55:20
EPCL,2022-07-27,65.25,69.73,65.0,69.73,2962757,psxdata,2026-05-11T12:55:20
EPCL,2022-07-28,70.49,72.49,65.5,67.12,5318137,psxdata,2026-05-11T12:55:20
EPCL,2022-07-29,67.0,67.0,65.35,66.34,1343159,psxdata,2026-05-11T12:55:20
EPCL,2022-08-01,66.6,66.98,65.16,65.27,611742,psxdata,2026-05-11T12:55:20
EPCL,2022-08-02,65.09,69.6,64.27,67.78,3864361,psxdata,2026-05-11T12:55:20
EPCL,2022-08-03,67.5,69.5,67.5,68.61,1489245,psxdata,2026-05-11T12:55:20
EPCL,2022-08-04,68.98,69.98,67.52,68.22,1573532,psxdata,2026-05-11T12:55:20
EPCL,2022-08-05,68.48,72.24,67.42,69.49,5219583,psxdata,2026-05-11T12:55:20
EPCL,2022-08-10,70.4,71.65,67.02,68.68,4692485,psxdata,2026-05-11T12:55:20
EPCL,2022-08-11,70.12,70.59,67.3,67.54,6482388,psxdata,2026-05-11T12:55:20
EPCL,2022-08-12,68.36,68.36,67.25,67.49,2092521,psxdata,2026-05-11T12:55:20
EPCL,2022-08-15,67.99,68.88,67.61,68.12,2487895,psxdata,2026-05-11T12:55:20
EPCL,2022-08-16,68.15,68.75,67.2,67.48,2258266,psxdata,2026-05-11T12:55:20
EPCL,2022-08-17,67.8,67.8,66.9,67.21,960389,psxdata,2026-05-11T12:55:20
EPCL,2022-08-18,67.45,68.28,66.8,67.23,1848431,psxdata,2026-05-11T12:55:20
EPCL,2022-08-19,65.45,66.75,64.73,65.89,1983619,psxdata,2026-05-11T12:55:20
EPCL,2022-08-22,65.8,66.25,65.0,65.57,727722,psxdata,2026-05-11T12:55:20
EPCL,2022-08-23,65.9,66.35,64.89,65.32,1356047,psxdata,2026-05-11T12:55:20
EPCL,2022-08-24,65.17,65.7,64.5,64.6,1109636,psxdata,2026-05-11T12:55:20
EPCL,2022-08-25,64.6,65.43,63.02,63.26,2149202,psxdata,2026-05-11T12:55:20
EPCL,2022-08-26,63.25,63.62,61.31,61.54,2091839,psxdata,2026-05-11T12:55:20
EPCL,2022-08-29,61.15,62.05,60.02,61.26,1258020,psxdata,2026-05-11T12:55:20
EPCL,2022-08-30,62.89,62.89,58.06,58.42,5402364,psxdata,2026-05-11T12:55:20
EPCL,2022-08-31,58.55,62.8,58.25,62.27,10260219,psxdata,2026-05-11T12:55:20
EPCL,2022-09-01,62.9,63.38,61.01,61.3,3120830,psxdata,2026-05-11T12:55:20
EPCL,2022-09-02,61.38,61.55,60.25,60.4,937521,psxdata,2026-05-11T12:55:20
EPCL,2022-09-05,60.8,60.8,59.0,59.16,857209,psxdata,2026-05-11T12:55:20
EPCL,2022-09-06,59.16,60.85,58.78,59.41,2395260,psxdata,2026-05-11T12:55:20
EPCL,2022-09-07,59.94,60.0,59.2,59.35,758093,psxdata,2026-05-11T12:55:20
EPCL,2022-09-08,59.65,59.94,58.91,59.34,710478,psxdata,2026-05-11T12:55:20
EPCL,2022-09-09,59.6,59.78,58.89,59.01,1294014,psxdata,2026-05-11T12:55:20
EPCL,2022-09-12,58.85,59.9,58.75,58.9,1680202,psxdata,2026-05-11T12:55:20
EPCL,2022-09-13,59.35,59.65,58.77,58.9,849967,psxdata,2026-05-11T12:55:20
EPCL,2022-09-14,58.99,59.15,58.75,58.93,517399,psxdata,2026-05-11T12:55:20
EPCL,2022-09-15,59.0,60.99,58.8,59.14,5270852,psxdata,2026-05-11T12:55:20
EPCL,2022-09-16,59.8,59.8,58.3,58.59,2723981,psxdata,2026-05-11T12:55:20
EPCL,2022-09-19,59.0,59.35,55.03,55.36,7320261,psxdata,2026-05-11T12:55:20
EPCL,2022-09-20,55.09,57.9,54.01,57.02,9160708,psxdata,2026-05-11T12:55:20
EPCL,2022-09-21,57.24,57.3,55.12,55.56,1752792,psxdata,2026-05-11T12:55:20
EPCL,2022-09-22,55.52,55.8,54.45,55.31,2178079,psxdata,2026-05-11T12:55:20
EPCL,2022-09-23,55.49,56.1,54.0,54.4,2352460,psxdata,2026-05-11T12:55:20
EPCL,2022-09-26,54.69,55.79,54.25,55.4,1997884,psxdata,2026-05-11T12:55:20
EPCL,2022-09-27,55.6,57.5,55.41,57.14,3453174,psxdata,2026-05-11T12:55:20
EPCL,2022-09-28,57.51,57.75,55.6,56.05,2136316,psxdata,2026-05-11T12:55:20
EPCL,2022-09-29,55.9,55.99,55.04,55.42,1031711,psxdata,2026-05-11T12:55:20
EPCL,2022-09-30,54.89,55.59,54.56,54.83,1195934,psxdata,2026-05-11T12:55:20
EPCL,2022-10-03,55.0,56.0,54.87,55.78,1290875,psxdata,2026-05-11T12:55:20
EPCL,2022-10-04,55.78,56.5,55.65,55.76,1542394,psxdata,2026-05-11T12:55:20
EPCL,2022-10-05,55.75,56.8,55.7,56.37,1790263,psxdata,2026-05-11T12:55:20
EPCL,2022-10-06,56.5,58.99,56.5,58.68,5276353,psxdata,2026-05-11T12:55:20
EPCL,2022-10-07,58.49,59.48,57.61,59.19,3527890,psxdata,2026-05-11T12:55:20
EPCL,2022-10-10,59.27,60.1,59.01,59.48,1965327,psxdata,2026-05-11T12:55:20
EPCL,2022-10-11,59.74,60.49,59.08,59.8,2618723,psxdata,2026-05-11T12:55:20
EPCL,2022-10-12,59.6,59.6,57.0,58.52,3597452,psxdata,2026-05-11T12:55:20
EPCL,2022-10-13,58.93,58.93,58.1,58.22,1339974,psxdata,2026-05-11T12:55:20
EPCL,2022-10-14,58.35,58.48,57.8,57.97,848358,psxdata,2026-05-11T12:55:20
EPCL,2022-10-17,58.0,58.39,57.25,57.63,1348934,psxdata,2026-05-11T12:55:20
EPCL,2022-10-18,57.99,58.25,56.7,56.81,1029617,psxdata,2026-05-11T12:55:20
EPCL,2022-10-19,56.8,57.15,54.6,55.13,4094024,psxdata,2026-05-11T12:55:20
EPCL,2022-10-20,55.3,56.23,55.0,55.88,1562084,psxdata,2026-05-11T12:55:20
EPCL,2022-10-21,55.88,56.45,55.0,56.07,1461680,psxdata,2026-05-11T12:55:20
EPCL,2022-10-24,55.0,55.4,53.57,54.47,846941,psxdata,2026-05-11T12:55:20
EPCL,2022-10-25,54.5,54.75,53.99,54.02,770800,psxdata,2026-05-11T12:55:20
EPCL,2022-10-26,53.99,53.99,53.0,53.16,734442,psxdata,2026-05-11T12:55:20
EPCL,2022-10-27,53.4,53.47,52.55,52.94,637958,psxdata,2026-05-11T12:55:20
EPCL,2022-10-28,52.94,53.3,52.3,52.48,360608,psxdata,2026-05-11T12:55:20
EPCL,2022-10-31,52.01,52.8,52.01,52.51,311101,psxdata,2026-05-11T12:55:20
EPCL,2022-11-01,52.7,53.8,52.5,53.5,716029,psxdata,2026-05-11T12:55:20
EPCL,2022-11-02,53.56,54.89,53.26,53.86,905608,psxdata,2026-05-11T12:55:20
EPCL,2022-11-03,53.76,54.3,53.7,53.86,424940,psxdata,2026-05-11T12:55:20
EPCL,2022-11-04,52.9,53.74,52.9,53.39,636245,psxdata,2026-05-11T12:55:20
EPCL,2022-11-07,53.74,53.97,53.1,53.56,288866,psxdata,2026-05-11T12:55:20
EPCL,2022-11-08,53.75,53.9,53.38,53.48,483526,psxdata,2026-05-11T12:55:20
EPCL,2022-11-10,53.53,54.3,53.5,53.87,955362,psxdata,2026-05-11T12:55:20
EPCL,2022-11-11,54.29,55.04,53.9,54.52,1831200,psxdata,2026-05-11T12:55:20
EPCL,2022-11-14,54.74,54.74,53.9,54.02,1569404,psxdata,2026-05-11T12:55:20
EPCL,2022-11-15,54.02,54.46,53.75,53.96,652086,psxdata,2026-05-11T12:55:20
EPCL,2022-11-16,54.0,55.7,53.8,54.7,1183071,psxdata,2026-05-11T12:55:20
EPCL,2022-11-17,55.0,55.0,54.1,54.38,1087476,psxdata,2026-05-11T12:55:20
EPCL,2022-11-18,54.03,54.33,53.8,53.98,583835,psxdata,2026-05-11T12:55:20
EPCL,2022-11-21,54.0,54.65,53.85,54.01,377032,psxdata,2026-05-11T12:55:20
EPCL,2022-11-22,54.35,54.5,53.87,53.97,675231,psxdata,2026-05-11T12:55:20
EPCL,2022-11-23,54.01,54.18,53.85,53.93,246286,psxdata,2026-05-11T12:55:20
EPCL,2022-11-24,53.8,54.2,53.8,53.9,327519,psxdata,2026-05-11T12:55:20
EPCL,2022-11-25,54.05,54.49,53.83,53.94,549272,psxdata,2026-05-11T12:55:20
EPCL,2022-11-28,53.5,53.5,51.65,51.97,1707224,psxdata,2026-05-11T12:55:20
EPCL,2022-11-29,52.5,52.95,49.5,50.87,3785411,psxdata,2026-05-11T12:55:20
EPCL,2022-11-30,51.31,51.45,50.71,50.91,1051443,psxdata,2026-05-11T12:55:20
EPCL,2022-12-01,50.98,51.25,50.5,50.96,828546,psxdata,2026-05-11T12:55:20
EPCL,2022-12-02,50.55,51.04,49.9,50.08,1177556,psxdata,2026-05-11T12:55:20
EPCL,2022-12-05,50.43,50.43,49.85,49.94,446218,psxdata,2026-05-11T12:55:20
EPCL,2022-12-06,50.0,50.15,49.0,49.17,707692,psxdata,2026-05-11T12:55:20
EPCL,2022-12-07,49.1,49.85,48.85,49.39,413730,psxdata,2026-05-11T12:55:20
EPCL,2022-12-08,49.45,49.7,49.0,49.54,876528,psxdata,2026-05-11T12:55:20
EPCL,2022-12-09,49.78,49.85,49.12,49.29,649635,psxdata,2026-05-11T12:55:20
EPCL,2022-12-12,49.25,49.35,48.2,48.29,638833,psxdata,2026-05-11T12:55:20
EPCL,2022-12-13,48.25,48.25,45.65,46.05,1941169,psxdata,2026-05-11T12:55:20
EPCL,2022-12-14,46.11,46.5,45.01,46.22,1735475,psxdata,2026-05-11T12:55:20
EPCL,2022-12-15,46.5,46.98,45.21,45.57,2744882,psxdata,2026-05-11T12:55:20
EPCL,2022-12-16,45.6,45.94,45.01,45.2,830140,psxdata,2026-05-11T12:55:20
EPCL,2022-12-19,44.8,45.0,42.61,42.9,984951,psxdata,2026-05-11T12:55:20
EPCL,2022-12-20,42.88,42.88,39.75,40.36,2222140,psxdata,2026-05-11T12:55:20
EPCL,2022-12-21,40.02,41.94,40.02,40.9,1460975,psxdata,2026-05-11T12:55:20
EPCL,2022-12-22,40.75,43.15,40.75,42.09,1891685,psxdata,2026-05-11T12:55:20
EPCL,2022-12-23,42.39,43.1,41.25,42.69,1076647,psxdata,2026-05-11T12:55:20
EPCL,2022-12-26,42.95,43.5,42.5,43.21,671174,psxdata,2026-05-11T12:55:20
EPCL,2022-12-27,43.8,44.03,43.29,43.36,696194,psxdata,2026-05-11T12:55:20
EPCL,2022-12-28,43.5,43.7,41.9,42.08,743656,psxdata,2026-05-11T12:55:20
EPCL,2022-12-29,42.49,42.75,42.04,42.48,412595,psxdata,2026-05-11T12:55:20
EPCL,2022-12-30,41.7,43.29,41.7,42.32,1089161,psxdata,2026-05-11T12:55:20
EPCL,2023-01-02,42.65,43.4,42.28,42.81,1123934,psxdata,2026-05-11T12:55:20
EPCL,2023-01-03,42.8,45.3,42.71,44.23,2485783,psxdata,2026-05-11T12:55:20
EPCL,2023-01-04,44.49,45.3,44.49,44.74,1007637,psxdata,2026-05-11T12:55:20
EPCL,2023-01-05,45.0,45.75,45.0,45.41,1150057,psxdata,2026-05-11T12:55:20
EPCL,2023-01-06,45.25,45.67,44.5,44.73,965570,psxdata,2026-05-11T12:55:20
EPCL,2023-01-09,44.75,44.95,43.7,43.87,656772,psxdata,2026-05-11T12:55:20
EPCL,2023-01-10,44.26,45.1,44.26,44.51,636998,psxdata,2026-05-11T12:55:20
EPCL,2023-01-11,44.22,44.59,43.7,43.89,745179,psxdata,2026-05-11T12:55:20
EPCL,2023-01-12,43.8,44.5,43.65,43.88,817612,psxdata,2026-05-11T12:55:20
EPCL,2023-01-13,43.5,43.5,42.75,42.94,704874,psxdata,2026-05-11T12:55:20
EPCL,2023-01-16,42.65,42.7,42.3,42.41,193112,psxdata,2026-05-11T12:55:20
EPCL,2023-01-17,42.89,42.89,41.0,41.31,523773,psxdata,2026-05-11T12:55:20
EPCL,2023-01-18,41.31,42.05,40.8,41.54,621379,psxdata,2026-05-11T12:55:20
EPCL,2023-01-19,41.6,42.3,41.5,42.12,418797,psxdata,2026-05-11T12:55:20
EPCL,2023-01-20,41.95,42.24,41.5,41.68,278550,psxdata,2026-05-11T12:55:20
EPCL,2023-01-23,42.18,42.18,41.1,41.3,387260,psxdata,2026-05-11T12:55:20
EPCL,2023-01-24,41.3,42.4,41.3,42.17,758616,psxdata,2026-05-11T12:55:20
EPCL,2023-01-25,42.3,43.04,42.0,42.28,749019,psxdata,2026-05-11T12:55:20
EPCL,2023-01-26,42.77,44.87,42.35,44.48,2410901,psxdata,2026-05-11T12:55:20
EPCL,2023-01-27,44.39,46.65,44.25,46.13,6713796,psxdata,2026-05-11T12:55:20
EPCL,2023-01-30,46.1,49.02,46.1,47.01,6695317,psxdata,2026-05-11T12:55:20
EPCL,2023-01-31,47.35,48.25,45.25,46.23,2750260,psxdata,2026-05-11T12:55:20
EPCL,2023-02-01,46.65,47.23,46.16,46.36,1003753,psxdata,2026-05-11T12:55:20
EPCL,2023-02-02,46.45,47.02,46.36,46.81,815137,psxdata,2026-05-11T12:55:20
EPCL,2023-02-03,46.95,47.23,46.3,46.56,777746,psxdata,2026-05-11T12:55:20
EPCL,2023-02-06,46.5,47.15,45.9,46.22,2374492,psxdata,2026-05-11T12:55:20
EPCL,2023-02-07,46.12,47.48,44.67,46.58,4809320,psxdata,2026-05-11T12:55:20
EPCL,2023-02-08,47.2,48.2,46.25,47.21,3586762,psxdata,2026-05-11T12:55:20
EPCL,2023-02-09,47.45,48.0,47.01,47.85,1535106,psxdata,2026-05-11T12:55:20
EPCL,2023-02-10,47.7,47.7,46.25,46.73,618395,psxdata,2026-05-11T12:55:20
EPCL,2023-02-13,46.8,47.13,46.18,46.41,859208,psxdata,2026-05-11T12:55:20
EPCL,2023-02-14,46.7,46.8,45.92,46.41,1094707,psxdata,2026-05-11T12:55:20
EPCL,2023-02-15,46.3,47.0,46.0,46.97,757771,psxdata,2026-05-11T12:55:20
EPCL,2023-02-16,47.0,47.01,46.6,46.72,383212,psxdata,2026-05-11T12:55:20
EPCL,2023-02-17,46.89,46.95,46.3,46.72,151955,psxdata,2026-05-11T12:55:20
EPCL,2023-02-20,46.55,46.7,46.1,46.15,378527,psxdata,2026-05-11T12:55:20
EPCL,2023-02-21,46.15,46.29,46.0,46.13,194216,psxdata,2026-05-11T12:55:20
EPCL,2023-02-22,46.13,46.44,45.91,45.95,373074,psxdata,2026-05-11T12:55:20
EPCL,2023-02-23,45.83,46.0,45.48,45.57,461625,psxdata,2026-05-11T12:55:20
EPCL,2023-02-24,45.16,45.74,44.99,45.18,403608,psxdata,2026-05-11T12:55:20
EPCL,2023-02-27,45.18,45.6,44.86,44.95,306758,psxdata,2026-05-11T12:55:20
EPCL,2023-02-28,44.8,45.25,44.03,44.12,332548,psxdata,2026-05-11T12:55:20
EPCL,2023-03-01,44.01,44.6,42.7,44.33,891847,psxdata,2026-05-11T12:55:20
EPCL,2023-03-02,44.6,47.01,44.21,46.18,4146683,psxdata,2026-05-11T12:55:20
EPCL,2023-03-03,46.0,49.5,45.2,47.95,5080294,psxdata,2026-05-11T12:55:20
EPCL,2023-03-06,48.59,48.59,47.05,47.18,1016751,psxdata,2026-05-11T12:55:20
EPCL,2023-03-07,47.7,47.7,46.88,46.98,190780,psxdata,2026-05-11T12:55:20
EPCL,2023-03-08,47.34,47.34,46.6,46.95,476365,psxdata,2026-05-11T12:55:20
EPCL,2023-03-09,47.22,47.23,46.4,46.51,743724,psxdata,2026-05-11T12:55:20
EPCL,2023-03-10,46.45,47.7,46.3,47.44,1620673,psxdata,2026-05-11T12:55:20
EPCL,2023-03-13,47.51,48.0,47.2,47.41,568254,psxdata,2026-05-11T12:55:20
EPCL,2023-03-14,47.4,47.52,46.98,47.05,482952,psxdata,2026-05-11T12:55:20
EPCL,2023-03-15,46.15,47.69,46.15,46.93,959800,psxdata,2026-05-11T12:55:20
EPCL,2023-03-16,47.12,47.52,46.87,46.95,577720,psxdata,2026-05-11T12:55:20
EPCL,2023-03-17,47.0,47.32,46.52,47.12,668509,psxdata,2026-05-11T12:55:20
EPCL,2023-03-20,47.12,47.45,46.75,46.95,234783,psxdata,2026-05-11T12:55:20
EPCL,2023-03-21,47.15,47.15,46.5,46.99,304912,psxdata,2026-05-11T12:55:20
EPCL,2023-03-22,46.89,47.0,45.85,45.97,537782,psxdata,2026-05-11T12:55:20
EPCL,2023-03-24,45.95,46.19,45.55,45.66,116529,psxdata,2026-05-11T12:55:20
EPCL,2023-03-27,45.65,46.49,45.16,46.31,269733,psxdata,2026-05-11T12:55:20
EPCL,2023-03-28,46.45,46.9,46.45,46.56,207287,psxdata,2026-05-11T12:55:20
EPCL,2023-03-29,46.65,46.75,45.5,45.86,385788,psxdata,2026-05-11T12:55:20
EPCL,2023-03-30,46.19,46.5,45.76,46.16,290522,psxdata,2026-05-11T12:55:20
EPCL,2023-03-31,46.0,47.15,46.0,46.78,281174,psxdata,2026-05-11T12:55:20
EPCL,2023-04-03,46.75,47.29,46.51,47.01,316983,psxdata,2026-05-11T12:55:20
EPCL,2023-04-04,47.18,47.18,46.5,46.95,251531,psxdata,2026-05-11T12:55:20
EPCL,2023-04-05,47.1,48.2,46.95,47.93,520430,psxdata,2026-05-11T12:55:20
EPCL,2023-04-06,48.02,49.45,48.02,49.07,975154,psxdata,2026-05-11T12:55:20
EPCL,2023-04-07,49.3,50.29,49.16,49.49,786602,psxdata,2026-05-11T12:55:20
EPCL,2023-04-10,49.65,50.0,49.56,49.89,601097,psxdata,2026-05-11T12:55:20
EPCL,2023-04-11,50.05,51.3,50.0,50.19,996140,psxdata,2026-05-11T12:55:20
EPCL,2023-04-12,50.01,50.75,49.48,49.9,1964605,psxdata,2026-05-11T12:55:20
EPCL,2023-04-13,47.8,47.9,45.86,45.97,1654958,psxdata,2026-05-11T12:55:20
EPCL,2023-04-17,45.51,45.55,43.87,44.44,4166256,psxdata,2026-05-11T12:55:20
EPCL,2023-04-18,44.44,44.84,44.01,44.52,756604,psxdata,2026-05-11T12:55:20
EPCL,2023-04-19,44.62,45.39,44.5,45.29,1550325,psxdata,2026-05-11T12:55:20
EPCL,2023-04-20,45.36,46.0,45.02,45.76,3038562,psxdata,2026-05-11T12:55:20
EPCL,2023-04-26,46.01,46.2,45.35,45.87,1252230,psxdata,2026-05-11T12:55:20
EPCL,2023-04-27,45.01,46.0,44.67,45.96,1688835,psxdata,2026-05-11T12:55:20
EPCL,2023-04-28,46.0,47.5,45.61,45.77,2240999,psxdata,2026-05-11T12:55:20
EPCL,2023-05-02,45.8,46.1,45.01,45.55,610250,psxdata,2026-05-11T12:55:20
EPCL,2023-05-03,45.4,45.6,45.0,45.34,455624,psxdata,2026-05-11T12:55:20
EPCL,2023-05-04,45.45,45.61,45.0,45.38,449973,psxdata,2026-05-11T12:55:20
EPCL,2023-05-05,45.2,45.89,45.13,45.59,548222,psxdata,2026-05-11T12:55:20
EPCL,2023-05-08,45.69,45.95,45.31,45.5,333081,psxdata,2026-05-11T12:55:20
EPCL,2023-05-09,45.26,45.94,44.83,44.98,415800,psxdata,2026-05-11T12:55:20
EPCL,2023-05-10,44.97,45.0,43.92,44.04,482345,psxdata,2026-05-11T12:55:20
EPCL,2023-05-11,44.25,44.88,43.82,43.97,370364,psxdata,2026-05-11T12:55:20
EPCL,2023-05-12,44.07,44.4,43.9,44.03,353283,psxdata,2026-05-11T12:55:20
EPCL,2023-05-15,44.25,45.3,43.9,45.05,453676,psxdata,2026-05-11T12:55:20
EPCL,2023-05-16,45.15,45.31,44.97,45.06,230854,psxdata,2026-05-11T12:55:20
EPCL,2023-05-17,45.15,45.18,44.81,44.88,176866,psxdata,2026-05-11T12:55:20
EPCL,2023-05-18,44.77,44.9,44.1,44.15,242926,psxdata,2026-05-11T12:55:20
EPCL,2023-05-19,44.45,44.78,43.81,44.24,222801,psxdata,2026-05-11T12:55:20
EPCL,2023-05-22,44.45,44.49,44.01,44.1,156062,psxdata,2026-05-11T12:55:20
EPCL,2023-05-23,44.0,45.2,43.82,43.97,210787,psxdata,2026-05-11T12:55:20
EPCL,2023-05-24,44.1,44.25,43.8,43.88,163605,psxdata,2026-05-11T12:55:20
EPCL,2023-05-25,43.7,43.98,43.5,43.54,149200,psxdata,2026-05-11T12:55:20
EPCL,2023-05-26,43.6,43.85,43.0,43.29,374378,psxdata,2026-05-11T12:55:20
EPCL,2023-05-29,43.3,44.0,42.47,42.99,841276,psxdata,2026-05-11T12:55:20
EPCL,2023-05-30,43.2,43.55,43.06,43.38,111290,psxdata,2026-05-11T12:55:20
EPCL,2023-05-31,43.27,43.71,42.35,42.45,645405,psxdata,2026-05-11T12:55:20
EPCL,2023-06-01,42.75,42.8,42.34,42.35,330585,psxdata,2026-05-11T12:55:20
EPCL,2023-06-02,42.25,42.75,42.25,42.52,170819,psxdata,2026-05-11T12:55:20
EPCL,2023-06-05,42.3,43.0,42.3,42.65,229298,psxdata,2026-05-11T12:55:20
EPCL,2023-06-06,42.75,43.55,42.75,43.09,257590,psxdata,2026-05-11T12:55:20
EPCL,2023-06-07,43.25,44.21,43.25,44.05,490341,psxdata,2026-05-11T12:55:20
EPCL,2023-06-08,43.9,44.55,43.5,43.62,486599,psxdata,2026-05-11T12:55:20
EPCL,2023-06-09,43.69,44.11,43.68,44.0,276256,psxdata,2026-05-11T12:55:20
EPCL,2023-06-12,43.55,44.0,43.0,43.43,214835,psxdata,2026-05-11T12:55:20
EPCL,2023-06-13,43.6,43.98,42.67,43.02,256119,psxdata,2026-05-11T12:55:20
EPCL,2023-06-14,43.05,43.3,42.35,42.48,449989,psxdata,2026-05-11T12:55:20
EPCL,2023-06-15,42.85,42.85,41.96,42.1,247387,psxdata,2026-05-11T12:55:20
EPCL,2023-06-16,42.0,42.35,41.51,41.72,308920,psxdata,2026-05-11T12:55:20
EPCL,2023-06-19,41.91,42.0,41.05,41.2,212773,psxdata,2026-05-11T12:55:20
EPCL,2023-06-20,41.55,42.0,41.0,41.18,174312,psxdata,2026-05-11T12:55:20
EPCL,2023-06-21,41.25,41.25,39.5,40.24,333006,psxdata,2026-05-11T12:55:20
EPCL,2023-06-22,40.0,40.7,39.91,40.1,221991,psxdata,2026-05-11T12:55:20
EPCL,2023-06-23,40.35,40.5,39.0,39.98,284948,psxdata,2026-05-11T12:55:20
EPCL,2023-06-26,40.9,42.4,40.9,42.21,513882,psxdata,2026-05-11T12:55:20
EPCL,2023-06-27,41.95,42.51,41.55,42.25,339016,psxdata,2026-05-11T12:55:20
EPCL,2023-07-03,45.25,45.42,44.0,45.23,1824382,psxdata,2026-05-11T12:55:20
EPCL,2023-07-04,45.41,45.41,42.85,43.09,786991,psxdata,2026-05-11T12:55:20
EPCL,2023-07-05,43.05,43.88,42.4,42.62,731623,psxdata,2026-05-11T12:55:20
EPCL,2023-07-06,42.75,43.1,42.33,42.68,1354482,psxdata,2026-05-11T12:55:20
EPCL,2023-07-07,42.8,43.4,42.78,43.07,971864,psxdata,2026-05-11T12:55:20
EPCL,2023-07-10,43.19,44.7,43.12,44.19,3518892,psxdata,2026-05-11T12:55:20
EPCL,2023-07-11,44.75,45.6,44.2,45.3,3550852,psxdata,2026-05-11T12:55:20
EPCL,2023-07-12,45.99,46.75,45.83,46.07,6902474,psxdata,2026-05-11T12:55:20
EPCL,2023-07-13,46.49,46.65,44.65,44.9,3318315,psxdata,2026-05-11T12:55:20
EPCL,2023-07-14,45.2,45.25,43.97,44.11,927573,psxdata,2026-05-11T12:55:20
EPCL,2023-07-17,44.25,44.44,43.45,44.01,1496068,psxdata,2026-05-11T12:55:20
EPCL,2023-07-18,44.26,44.8,44.0,44.24,902907,psxdata,2026-05-11T12:55:20
EPCL,2023-07-19,44.0,44.89,42.6,43.8,1186125,psxdata,2026-05-11T12:55:20
EPCL,2023-07-20,43.66,44.38,43.66,44.18,908531,psxdata,2026-05-11T12:55:20
EPCL,2023-07-21,44.4,44.9,43.6,43.87,1073621,psxdata,2026-05-11T12:55:20
EPCL,2023-07-24,44.67,44.7,44.0,44.06,974482,psxdata,2026-05-11T12:55:20
EPCL,2023-07-25,44.2,44.4,43.7,43.97,1186875,psxdata,2026-05-11T12:55:20
EPCL,2023-07-26,44.05,44.27,43.5,43.76,1687463,psxdata,2026-05-11T12:55:20
EPCL,2023-07-27,43.76,44.59,43.51,43.9,3004959,psxdata,2026-05-11T12:55:20
EPCL,2023-07-31,44.21,44.3,43.62,43.95,2665022,psxdata,2026-05-11T12:55:20
EPCL,2023-08-01,44.35,45.5,44.0,45.14,4539773,psxdata,2026-05-11T12:55:20
EPCL,2023-08-02,45.74,46.94,45.38,46.22,7105340,psxdata,2026-05-11T12:55:20
EPCL,2023-08-03,46.48,46.9,44.75,44.95,3777934,psxdata,2026-05-11T12:55:20
EPCL,2023-08-04,44.75,45.38,44.5,44.58,1288413,psxdata,2026-05-11T12:55:20
EPCL,2023-08-07,44.55,45.1,43.79,43.96,1883239,psxdata,2026-05-11T12:55:20
EPCL,2023-08-08,44.01,44.39,42.5,42.76,1254276,psxdata,2026-05-11T12:55:20
EPCL,2023-08-09,42.15,43.35,42.15,42.67,1605040,psxdata,2026-05-11T12:55:20
EPCL,2023-08-10,42.55,43.1,41.6,41.73,2228092,psxdata,2026-05-11T12:55:20
EPCL,2023-08-11,41.73,44.75,41.6,43.83,4518953,psxdata,2026-05-11T12:55:20
EPCL,2023-08-15,43.83,45.03,43.83,44.27,1575907,psxdata,2026-05-11T12:55:20
EPCL,2023-08-16,44.35,44.45,42.5,42.84,1615367,psxdata,2026-05-11T12:55:20
EPCL,2023-08-17,43.0,43.49,42.6,43.26,750603,psxdata,2026-05-11T12:55:20
EPCL,2023-08-18,42.0,42.25,41.86,42.03,686737,psxdata,2026-05-11T12:55:20
EPCL,2023-08-21,41.71,42.14,41.35,41.5,325081,psxdata,2026-05-11T12:55:20
EPCL,2023-08-22,41.35,41.8,41.28,41.35,497132,psxdata,2026-05-11T12:55:20
EPCL,2023-08-23,41.21,41.5,41.02,41.17,350164,psxdata,2026-05-11T12:55:20
EPCL,2023-08-24,41.25,42.38,41.01,42.16,860805,psxdata,2026-05-11T12:55:20
EPCL,2023-08-25,42.45,42.45,41.95,42.2,759971,psxdata,2026-05-11T12:55:20
EPCL,2023-08-28,42.0,42.47,41.75,42.16,600363,psxdata,2026-05-11T12:55:20
EPCL,2023-08-29,42.0,42.2,41.19,41.41,446749,psxdata,2026-05-11T12:55:20
EPCL,2023-08-30,41.4,42.25,41.03,41.34,825035,psxdata,2026-05-11T12:55:20
EPCL,2023-08-31,41.04,41.55,39.25,39.98,724970,psxdata,2026-05-11T12:55:20
EPCL,2023-09-01,39.2,40.94,39.2,40.18,448060,psxdata,2026-05-11T12:55:20
EPCL,2023-09-04,40.05,40.85,40.05,40.75,395881,psxdata,2026-05-11T12:55:20
EPCL,2023-09-05,40.85,40.97,40.5,40.72,116641,psxdata,2026-05-11T12:55:20
EPCL,2023-09-06,40.6,40.9,40.04,40.76,130834,psxdata,2026-05-11T12:55:20
EPCL,2023-09-07,40.9,41.0,40.15,40.51,326749,psxdata,2026-05-11T12:55:20
EPCL,2023-09-08,40.51,40.8,40.2,40.31,226491,psxdata,2026-05-11T12:55:20
EPCL,2023-09-11,40.5,40.69,40.0,40.06,312567,psxdata,2026-05-11T12:55:20
EPCL,2023-09-12,40.1,40.39,40.0,40.13,114483,psxdata,2026-05-11T12:55:20
EPCL,2023-09-13,40.01,40.33,40.0,40.02,220072,psxdata,2026-05-11T12:55:20
EPCL,2023-09-14,40.15,40.3,40.0,40.05,112626,psxdata,2026-05-11T12:55:20
EPCL,2023-09-15,40.15,40.75,39.5,39.81,1210248,psxdata,2026-05-11T12:55:20
EPCL,2023-09-18,40.0,40.1,39.48,39.52,840535,psxdata,2026-05-11T12:55:20
EPCL,2023-09-19,39.8,40.1,39.5,39.92,320287,psxdata,2026-05-11T12:55:20
EPCL,2023-09-20,40.0,40.15,39.5,39.65,336949,psxdata,2026-05-11T12:55:20
EPCL,2023-09-21,39.85,39.95,39.4,39.62,569886,psxdata,2026-05-11T12:55:20
EPCL,2023-09-22,39.75,40.3,39.4,39.52,759035,psxdata,2026-05-11T12:55:20
EPCL,2023-09-25,39.6,39.89,39.5,39.71,316564,psxdata,2026-05-11T12:55:20
EPCL,2023-09-26,39.95,40.0,39.5,39.57,409367,psxdata,2026-05-11T12:55:20
EPCL,2023-09-27,39.9,40.05,39.52,39.61,481223,psxdata,2026-05-11T12:55:20
EPCL,2023-09-28,39.7,39.8,39.25,39.31,716061,psxdata,2026-05-11T12:55:20
EPCL,2023-10-02,39.45,39.86,39.45,39.6,331642,psxdata,2026-05-11T12:55:20
EPCL,2023-10-03,39.75,40.7,39.6,40.38,1289402,psxdata,2026-05-11T12:55:20
EPCL,2023-10-04,40.74,41.15,40.5,40.54,890648,psxdata,2026-05-11T12:55:20
EPCL,2023-10-05,40.62,41.15,40.51,41.06,823990,psxdata,2026-05-11T12:55:20
EPCL,2023-10-06,41.15,42.0,41.01,41.85,1270331,psxdata,2026-05-11T12:55:20
EPCL,2023-10-09,41.6,41.99,41.45,41.7,454646,psxdata,2026-05-11T12:55:20
EPCL,2023-10-10,41.8,42.25,41.65,42.17,561529,psxdata,2026-05-11T12:55:20
EPCL,2023-10-11,42.3,42.53,41.95,42.09,1069459,psxdata,2026-05-11T12:55:20
EPCL,2023-10-12,42.0,42.2,41.6,42.08,664666,psxdata,2026-05-11T12:55:20
EPCL,2023-10-13,42.15,42.4,41.92,41.99,1834658,psxdata,2026-05-11T12:55:20
EPCL,2023-10-16,42.2,42.49,41.75,41.88,2978592,psxdata,2026-05-11T12:55:20
EPCL,2023-10-17,42.0,43.28,41.92,42.18,2519020,psxdata,2026-05-11T12:55:20
EPCL,2023-10-18,42.99,44.1,42.9,43.48,4780598,psxdata,2026-05-11T12:55:20
EPCL,2023-10-19,43.7,44.25,43.5,43.79,2766814,psxdata,2026-05-11T12:55:20
EPCL,2023-10-20,43.82,44.27,43.5,43.78,2185876,psxdata,2026-05-11T12:55:20
EPCL,2023-10-23,43.9,44.3,43.5,43.63,1872459,psxdata,2026-05-11T12:55:20
EPCL,2023-10-24,43.75,43.9,43.31,43.55,1694038,psxdata,2026-05-11T12:55:20
EPCL,2023-10-25,43.53,44.23,43.51,44.1,3240518,psxdata,2026-05-11T12:55:20
EPCL,2023-10-26,41.9,41.9,41.4,41.48,1545501,psxdata,2026-05-11T12:55:20
EPCL,2023-10-27,41.5,41.56,41.05,41.41,997253,psxdata,2026-05-11T12:55:20
EPCL,2023-10-30,41.6,41.6,41.0,41.3,402844,psxdata,2026-05-11T12:55:20
EPCL,2023-10-31,41.25,41.35,38.5,39.15,6900785,psxdata,2026-05-11T12:55:20
EPCL,2023-11-01,39.4,40.0,39.3,39.54,2248707,psxdata,2026-05-11T12:55:20
EPCL,2023-11-02,40.4,40.74,39.79,40.06,2019042,psxdata,2026-05-11T12:55:20
EPCL,2023-11-03,40.35,40.78,40.11,40.57,1787306,psxdata,2026-05-11T12:55:20
EPCL,2023-11-06,40.9,41.3,40.5,41.18,1491617,psxdata,2026-05-11T12:55:20
EPCL,2023-11-07,41.29,41.6,40.8,40.93,1764417,psxdata,2026-05-11T12:55:20
EPCL,2023-11-08,41.0,41.25,40.75,40.93,758129,psxdata,2026-05-11T12:55:20
EPCL,2023-11-10,40.89,41.6,40.75,41.4,1742203,psxdata,2026-05-11T12:55:20
EPCL,2023-11-13,41.4,41.85,41.35,41.65,2981673,psxdata,2026-05-11T12:55:20
EPCL,2023-11-14,41.52,44.77,41.52,44.77,7831208,psxdata,2026-05-11T12:55:20
EPCL,2023-11-15,46.49,47.95,46.01,46.76,8574854,psxdata,2026-05-11T12:55:20
EPCL,2023-11-16,47.0,47.1,45.55,45.75,4091361,psxdata,2026-05-11T12:55:20
EPCL,2023-11-17,45.7,46.35,45.3,45.62,2369013,psxdata,2026-05-11T12:55:20
EPCL,2023-11-20,45.59,45.6,44.45,45.0,2421924,psxdata,2026-05-11T12:55:20
EPCL,2023-11-21,45.2,45.9,44.98,45.05,1772938,psxdata,2026-05-11T12:55:20
EPCL,2023-11-22,45.11,45.8,45.05,45.32,1594812,psxdata,2026-05-11T12:55:20
EPCL,2023-11-23,45.3,46.6,45.05,45.53,4122262,psxdata,2026-05-11T12:55:20
EPCL,2023-11-24,45.5,46.2,45.4,45.5,1313938,psxdata,2026-05-11T12:55:20
EPCL,2023-11-27,46.0,46.05,44.9,45.11,2945897,psxdata,2026-05-11T12:55:20
EPCL,2023-11-28,45.26,45.7,45.0,45.25,2348446,psxdata,2026-05-11T12:55:20
EPCL,2023-11-29,45.45,45.66,44.82,44.94,1750772,psxdata,2026-05-11T12:55:20
EPCL,2023-11-30,45.1,45.49,44.9,45.04,1050179,psxdata,2026-05-11T12:55:20
EPCL,2023-12-01,45.15,45.3,44.8,45.01,2382640,psxdata,2026-05-11T12:55:20
EPCL,2023-12-04,45.11,48.39,45.11,48.39,14269096,psxdata,2026-05-11T12:55:20
EPCL,2023-12-05,49.0,50.75,48.61,49.37,15097108,psxdata,2026-05-11T12:55:20
EPCL,2023-12-06,49.4,49.89,48.7,49.04,3873636,psxdata,2026-05-11T12:55:20
EPCL,2023-12-07,49.11,49.55,47.5,48.25,5262933,psxdata,2026-05-11T12:55:20
EPCL,2023-12-08,48.89,50.39,48.8,49.44,7478771,psxdata,2026-05-11T12:55:20
EPCL,2023-12-11,49.03,52.39,49.03,51.02,9779033,psxdata,2026-05-11T12:55:20
EPCL,2023-12-12,51.49,52.0,51.0,51.25,2328039,psxdata,2026-05-11T12:55:20
EPCL,2023-12-13,51.75,51.75,47.41,49.95,6950956,psxdata,2026-05-11T12:55:20
EPCL,2023-12-14,50.0,51.4,49.02,50.0,6453073,psxdata,2026-05-11T12:55:20
EPCL,2023-12-15,50.17,50.65,49.21,49.59,4292768,psxdata,2026-05-11T12:55:20
EPCL,2023-12-18,49.95,50.0,48.4,48.91,1857022,psxdata,2026-05-11T12:55:20
EPCL,2023-12-19,49.0,49.0,45.25,45.91,4556231,psxdata,2026-05-11T12:55:20
EPCL,2023-12-20,45.66,46.3,44.11,45.34,1776821,psxdata,2026-05-11T12:55:20
EPCL,2023-12-21,45.61,46.0,45.01,45.77,826614,psxdata,2026-05-11T12:55:20
EPCL,2023-12-22,45.9,46.85,45.6,45.78,1396705,psxdata,2026-05-11T12:55:20
EPCL,2023-12-26,45.78,45.78,43.06,43.55,1437244,psxdata,2026-05-11T12:55:20
EPCL,2023-12-27,43.03,44.72,43.02,44.5,1272100,psxdata,2026-05-11T12:55:20
EPCL,2023-12-28,44.6,46.16,44.6,45.27,1608043,psxdata,2026-05-11T12:55:20
EPCL,2023-12-29,45.2,47.25,44.81,46.59,3658820,psxdata,2026-05-11T12:55:20
EPCL,2024-01-01,47.0,48.49,46.99,48.08,2277482,psxdata,2026-05-11T12:55:20
EPCL,2024-01-02,48.5,49.79,47.01,47.38,4370264,psxdata,2026-05-11T12:55:20
EPCL,2024-01-03,47.96,47.96,47.01,47.14,1135857,psxdata,2026-05-11T12:55:20
EPCL,2024-01-04,47.23,48.45,47.2,47.87,2679277,psxdata,2026-05-11T12:55:20
EPCL,2024-01-05,48.11,48.59,47.0,47.69,2908047,psxdata,2026-05-11T12:55:20
EPCL,2024-01-08,47.28,48.85,47.28,47.65,2433977,psxdata,2026-05-11T12:55:20
EPCL,2024-01-09,48.49,48.75,47.7,47.98,1712555,psxdata,2026-05-11T12:55:20
EPCL,2024-01-10,48.21,48.4,47.7,47.93,1146743,psxdata,2026-05-11T12:55:20
EPCL,2024-01-11,47.8,48.19,47.5,47.6,925955,psxdata,2026-05-11T12:55:20
EPCL,2024-01-12,47.9,48.04,46.9,47.13,1843850,psxdata,2026-05-11T12:55:20
EPCL,2024-01-15,47.35,47.45,45.75,46.09,2039062,psxdata,2026-05-11T12:55:20
EPCL,2024-01-16,46.15,46.15,45.5,45.83,802146,psxdata,2026-05-11T12:55:20
EPCL,2024-01-17,45.8,46.5,45.5,46.16,926420,psxdata,2026-05-11T12:55:20
EPCL,2024-01-18,46.15,47.49,45.8,47.24,3400588,psxdata,2026-05-11T12:55:20
EPCL,2024-01-19,47.48,48.0,46.8,47.02,2585432,psxdata,2026-05-11T12:55:20
EPCL,2024-01-22,47.49,47.49,46.9,47.07,990089,psxdata,2026-05-11T12:55:20
EPCL,2024-01-23,46.51,47.74,46.5,47.02,1858719,psxdata,2026-05-11T12:55:20
EPCL,2024-01-24,47.0,48.58,46.8,48.13,3789918,psxdata,2026-05-11T12:55:20
EPCL,2024-01-25,48.14,49.43,48.14,48.87,8947871,psxdata,2026-05-11T12:55:20
EPCL,2024-01-26,48.55,49.35,48.2,48.97,4648545,psxdata,2026-05-11T12:55:20
EPCL,2024-01-29,48.81,49.2,48.46,49.09,2169231,psxdata,2026-05-11T12:55:20
EPCL,2024-01-30,48.8,49.25,47.51,48.02,2161211,psxdata,2026-05-11T12:55:20
EPCL,2024-01-31,48.24,48.45,46.51,47.44,529118,psxdata,2026-05-11T12:55:20
EPCL,2024-02-01,47.65,47.75,47.0,47.44,271066,psxdata,2026-05-11T12:55:20
EPCL,2024-02-02,47.5,49.3,47.01,48.61,755942,psxdata,2026-05-11T12:55:20
EPCL,2024-02-06,49.0,49.25,48.4,48.63,788756,psxdata,2026-05-11T12:55:20
EPCL,2024-02-07,48.65,48.95,48.25,48.38,636096,psxdata,2026-05-11T12:55:20
EPCL,2024-02-09,47.4,48.5,46.5,47.67,843964,psxdata,2026-05-11T12:55:20
EPCL,2024-02-12,47.01,47.65,44.8,45.72,883069,psxdata,2026-05-11T12:55:20
EPCL,2024-02-13,45.71,46.99,44.95,46.48,813250,psxdata,2026-05-11T12:55:20
EPCL,2024-02-14,46.6,47.47,46.6,46.94,523570,psxdata,2026-05-11T12:55:20
EPCL,2024-02-15,47.05,47.05,45.64,46.16,474270,psxdata,2026-05-11T12:55:20
EPCL,2024-02-16,45.99,46.48,45.35,45.67,604704,psxdata,2026-05-11T12:55:20
EPCL,2024-02-19,45.65,45.65,43.93,44.68,1585406,psxdata,2026-05-11T12:55:20
EPCL,2024-02-20,44.68,45.39,42.8,43.39,3152902,psxdata,2026-05-11T12:55:20
EPCL,2024-02-21,43.3,43.8,42.8,43.27,2383588,psxdata,2026-05-11T12:55:20
EPCL,2024-02-22,43.17,43.55,43.02,43.38,718108,psxdata,2026-05-11T12:55:20
EPCL,2024-02-23,43.4,44.5,43.4,44.33,1049418,psxdata,2026-05-11T12:55:20
EPCL,2024-02-26,44.8,44.99,44.4,44.52,922533,psxdata,2026-05-11T12:55:20
EPCL,2024-02-27,44.52,44.99,43.78,43.9,1022637,psxdata,2026-05-11T12:55:20
EPCL,2024-02-28,43.9,44.55,43.9,44.18,522782,psxdata,2026-05-11T12:55:20
EPCL,2024-02-29,44.18,44.6,44.18,44.47,541211,psxdata,2026-05-11T12:55:20
EPCL,2024-03-01,44.4,44.85,44.07,44.3,797860,psxdata,2026-05-11T12:55:20
EPCL,2024-03-04,44.5,45.3,44.49,44.7,1212148,psxdata,2026-05-11T12:55:20
EPCL,2024-03-05,44.75,45.19,44.1,44.33,481425,psxdata,2026-05-11T12:55:20
EPCL,2024-03-06,44.3,44.69,43.95,44.03,911309,psxdata,2026-05-11T12:55:20
EPCL,2024-03-07,44.05,44.5,43.53,44.16,937013,psxdata,2026-05-11T12:55:20
EPCL,2024-03-08,44.16,44.99,43.99,44.09,472761,psxdata,2026-05-11T12:55:20
EPCL,2024-03-11,44.16,44.45,43.8,44.07,793851,psxdata,2026-05-11T12:55:20
EPCL,2024-03-12,44.07,44.26,43.7,43.75,413771,psxdata,2026-05-11T12:55:20
EPCL,2024-03-13,43.75,44.1,43.51,43.56,316140,psxdata,2026-05-11T12:55:20
EPCL,2024-03-14,43.5,44.0,43.5,43.66,520516,psxdata,2026-05-11T12:55:20
EPCL,2024-03-15,43.7,43.8,43.45,43.53,543561,psxdata,2026-05-11T12:55:20
EPCL,2024-03-18,43.6,44.25,43.6,43.97,1452343,psxdata,2026-05-11T12:55:20
EPCL,2024-03-19,42.95,44.6,42.9,44.41,3235748,psxdata,2026-05-11T12:55:20
EPCL,2024-03-20,44.55,44.9,44.09,44.4,931457,psxdata,2026-05-11T12:55:20
EPCL,2024-03-21,44.42,44.45,43.91,44.09,1084258,psxdata,2026-05-11T12:55:20
EPCL,2024-03-22,44.01,44.47,43.85,44.39,792059,psxdata,2026-05-11T12:55:20
EPCL,2024-03-25,44.15,44.49,44.15,44.41,503693,psxdata,2026-05-11T12:55:20
EPCL,2024-03-26,44.3,44.65,44.29,44.58,317619,psxdata,2026-05-11T12:55:20
EPCL,2024-03-27,44.6,45.2,44.31,44.97,751867,psxdata,2026-05-11T12:55:20
EPCL,2024-03-28,45.15,47.05,45.15,45.54,1243104,psxdata,2026-05-11T12:55:20
EPCL,2024-03-29,45.5,45.99,45.01,45.23,316305,psxdata,2026-05-11T12:55:20
EPCL,2024-04-01,45.49,45.55,45.05,45.14,122189,psxdata,2026-05-11T12:55:20
EPCL,2024-04-02,45.2,45.3,44.76,44.93,224971,psxdata,2026-05-11T12:55:20
EPCL,2024-04-03,44.81,45.24,44.56,45.11,386225,psxdata,2026-05-11T12:55:20
EPCL,2024-04-04,45.11,45.55,45.1,45.31,401077,psxdata,2026-05-11T12:55:20
EPCL,2024-04-08,45.36,45.75,45.3,45.57,755100,psxdata,2026-05-11T12:55:20
EPCL,2024-04-09,45.6,46.89,45.55,46.53,1578765,psxdata,2026-05-11T12:55:20
EPCL,2024-04-15,46.45,46.45,45.01,45.8,1187902,psxdata,2026-05-11T12:55:20
EPCL,2024-04-16,46.0,46.65,45.8,45.9,1387470,psxdata,2026-05-11T12:55:20
EPCL,2024-04-17,45.9,46.9,45.3,46.58,2341451,psxdata,2026-05-11T12:55:20
EPCL,2024-04-18,46.58,46.78,46.01,46.13,1100649,psxdata,2026-05-11T12:55:20
EPCL,2024-04-19,45.95,47.05,45.91,46.56,1712992,psxdata,2026-05-11T12:55:20
EPCL,2024-04-22,43.6,44.7,43.5,44.42,7624232,psxdata,2026-05-11T12:55:20
EPCL,2024-04-23,44.25,45.0,43.81,44.49,4640256,psxdata,2026-05-11T12:55:20
EPCL,2024-04-24,45.0,45.95,44.2,44.69,4595264,psxdata,2026-05-11T12:55:20
EPCL,2024-04-25,44.5,44.88,44.4,44.41,1356078,psxdata,2026-05-11T12:55:20
EPCL,2024-04-26,44.41,44.51,43.6,44.08,2400462,psxdata,2026-05-11T12:55:20
EPCL,2024-04-29,44.01,44.29,43.31,43.37,773072,psxdata,2026-05-11T12:55:20
EPCL,2024-04-30,43.01,43.59,42.4,42.6,973310,psxdata,2026-05-11T12:55:20
EPCL,2024-05-02,42.6,42.61,42.0,42.05,491892,psxdata,2026-05-11T12:55:20
EPCL,2024-05-03,42.0,43.1,42.0,42.96,742537,psxdata,2026-05-11T12:55:20
EPCL,2024-05-06,43.0,43.2,42.44,42.72,685794,psxdata,2026-05-11T12:55:20
EPCL,2024-05-07,42.75,43.1,42.5,42.87,353337,psxdata,2026-05-11T12:55:20
EPCL,2024-05-08,43.0,43.1,42.55,42.71,388223,psxdata,2026-05-11T12:55:20
EPCL,2024-05-09,42.87,42.95,42.51,42.74,417131,psxdata,2026-05-11T12:55:20
EPCL,2024-05-10,42.7,43.0,42.7,42.78,416724,psxdata,2026-05-11T12:55:20
EPCL,2024-05-13,42.8,44.2,42.51,43.5,2075517,psxdata,2026-05-11T12:55:20
EPCL,2024-05-14,43.97,43.99,42.6,42.82,1196400,psxdata,2026-05-11T12:55:20
EPCL,2024-05-15,42.92,43.49,42.69,42.76,464272,psxdata,2026-05-11T12:55:20
EPCL,2024-05-16,42.7,42.92,42.21,42.45,414119,psxdata,2026-05-11T12:55:20
EPCL,2024-05-17,42.57,42.99,42.5,42.74,235598,psxdata,2026-05-11T12:55:20
EPCL,2024-05-20,42.8,43.0,42.55,42.71,218175,psxdata,2026-05-11T12:55:20
EPCL,2024-05-21,42.79,42.94,42.65,42.71,303214,psxdata,2026-05-11T12:55:20
EPCL,2024-05-22,42.85,42.95,42.5,42.76,343782,psxdata,2026-05-11T12:55:20
EPCL,2024-05-23,42.75,42.8,42.6,42.64,142594,psxdata,2026-05-11T12:55:20
EPCL,2024-05-24,42.6,43.84,42.6,43.65,1718352,psxdata,2026-05-11T12:55:20
EPCL,2024-05-27,43.65,44.0,43.2,43.6,494316,psxdata,2026-05-11T12:55:20
EPCL,2024-05-29,43.5,44.6,43.03,44.22,2057297,psxdata,2026-05-11T12:55:20
EPCL,2024-05-30,44.25,44.8,44.0,44.27,594326,psxdata,2026-05-11T12:55:20
EPCL,2024-05-31,44.5,44.62,44.01,44.5,741078,psxdata,2026-05-11T12:55:20
EPCL,2024-06-03,44.5,44.6,44.17,44.26,557980,psxdata,2026-05-11T12:55:20
EPCL,2024-06-04,44.15,44.4,43.61,43.96,200075,psxdata,2026-05-11T12:55:20
EPCL,2024-06-05,43.8,44.15,43.6,43.61,219675,psxdata,2026-05-11T12:55:20
EPCL,2024-06-06,43.7,43.92,43.3,43.62,508106,psxdata,2026-05-11T12:55:20
EPCL,2024-06-07,43.52,43.85,42.6,43.73,630682,psxdata,2026-05-11T12:55:20
EPCL,2024-06-10,43.65,43.99,42.88,43.23,209710,psxdata,2026-05-11T12:55:20
EPCL,2024-06-11,43.5,43.99,42.9,43.42,233025,psxdata,2026-05-11T12:55:20
EPCL,2024-06-12,43.5,43.84,43.25,43.62,659997,psxdata,2026-05-11T12:55:20
EPCL,2024-06-13,43.75,44.4,43.5,44.04,787598,psxdata,2026-05-11T12:55:20
EPCL,2024-06-14,43.9,44.49,43.52,43.62,288041,psxdata,2026-05-11T12:55:20
EPCL,2024-06-20,43.62,44.59,43.52,44.31,628371,psxdata,2026-05-11T12:55:20
EPCL,2024-06-21,44.36,48.08,44.36,48.08,3720114,psxdata,2026-05-11T12:55:20
EPCL,2024-06-24,49.59,49.59,46.0,46.12,4112360,psxdata,2026-05-11T12:55:20
EPCL,2024-06-25,46.0,47.85,46.0,46.1,2094809,psxdata,2026-05-11T12:55:20
EPCL,2024-06-26,46.41,46.45,44.66,44.95,1108089,psxdata,2026-05-11T12:55:20
EPCL,2024-06-27,45.0,45.5,44.36,44.99,652541,psxdata,2026-05-11T12:55:20
EPCL,2024-06-28,45.1,45.7,44.62,44.92,574367,psxdata,2026-05-11T12:55:20
EPCL,2024-07-01,44.7,44.7,42.97,43.8,789622,psxdata,2026-05-11T12:55:20
EPCL,2024-07-02,44.0,44.0,43.6,43.8,1239881,psxdata,2026-05-11T12:55:20
EPCL,2024-07-03,43.99,44.5,43.62,43.71,617316,psxdata,2026-05-11T12:55:20
EPCL,2024-07-04,43.6,44.3,43.6,44.0,294501,psxdata,2026-05-11T12:55:20
EPCL,2024-07-05,43.96,43.97,43.35,43.75,361356,psxdata,2026-05-11T12:55:20
EPCL,2024-07-08,43.6,44.03,43.3,43.76,281797,psxdata,2026-05-11T12:55:20
EPCL,2024-07-09,43.8,44.0,43.51,43.79,464613,psxdata,2026-05-11T12:55:20
EPCL,2024-07-10,43.8,45.75,43.4,44.6,1445980,psxdata,2026-05-11T12:55:20
EPCL,2024-07-11,44.6,44.6,44.01,44.15,364735,psxdata,2026-05-11T12:55:20
EPCL,2024-07-12,44.05,44.64,42.8,43.66,495297,psxdata,2026-05-11T12:55:20
EPCL,2024-07-15,43.9,44.79,43.8,43.9,545857,psxdata,2026-05-11T12:55:20
EPCL,2024-07-18,43.9,44.75,43.65,43.97,877429,psxdata,2026-05-11T12:55:20
EPCL,2024-07-19,44.0,44.0,43.2,43.47,496736,psxdata,2026-05-11T12:55:20
EPCL,2024-07-22,43.47,43.5,42.81,42.91,391342,psxdata,2026-05-11T12:55:20
EPCL,2024-07-23,43.01,43.25,42.8,42.94,266307,psxdata,2026-05-11T12:55:20
EPCL,2024-07-24,42.95,43.47,42.76,43.04,214966,psxdata,2026-05-11T12:55:20
EPCL,2024-07-25,43.0,43.1,42.7,42.74,374209,psxdata,2026-05-11T12:55:20
EPCL,2024-07-26,42.65,42.87,42.1,42.3,276287,psxdata,2026-05-11T12:55:20
EPCL,2024-07-29,42.23,42.85,42.23,42.34,128856,psxdata,2026-05-11T12:55:20
EPCL,2024-07-30,42.51,42.7,42.01,42.08,318954,psxdata,2026-05-11T12:55:20
EPCL,2024-07-31,42.15,42.5,42.0,42.12,340452,psxdata,2026-05-11T12:55:20
EPCL,2024-08-01,42.2,42.5,41.95,42.0,421256,psxdata,2026-05-11T12:55:20
EPCL,2024-08-02,41.86,42.2,41.7,41.94,415777,psxdata,2026-05-11T12:55:20
EPCL,2024-08-05,42.05,42.2,41.5,41.64,276518,psxdata,2026-05-11T12:55:20
EPCL,2024-08-06,41.75,41.9,41.03,41.34,356958,psxdata,2026-05-11T12:55:20
EPCL,2024-08-07,41.45,41.7,41.3,41.47,121210,psxdata,2026-05-11T12:55:20
EPCL,2024-08-08,41.55,41.75,41.47,41.51,353331,psxdata,2026-05-11T12:55:20
EPCL,2024-08-09,41.52,41.88,41.45,41.59,456849,psxdata,2026-05-11T12:55:20
EPCL,2024-08-12,41.8,42.49,41.5,42.03,456532,psxdata,2026-05-11T12:55:20
EPCL,2024-08-13,41.71,42.48,41.71,42.05,303928,psxdata,2026-05-11T12:55:20
EPCL,2024-08-15,42.1,42.2,40.55,41.57,505073,psxdata,2026-05-11T12:55:20
EPCL,2024-08-16,39.81,40.5,39.0,39.26,2286127,psxdata,2026-05-11T12:55:20
EPCL,2024-08-19,39.01,39.01,38.0,38.06,741849,psxdata,2026-05-11T12:55:20
EPCL,2024-08-20,38.2,38.24,37.5,37.71,803691,psxdata,2026-05-11T12:55:20
EPCL,2024-08-21,37.71,38.51,37.56,37.75,431428,psxdata,2026-05-11T12:55:20
EPCL,2024-08-22,37.76,38.09,37.48,37.54,499817,psxdata,2026-05-11T12:55:20
EPCL,2024-08-23,37.65,37.75,37.1,37.18,469110,psxdata,2026-05-11T12:55:20
EPCL,2024-08-26,37.0,37.1,36.7,36.95,605762,psxdata,2026-05-11T12:55:20
EPCL,2024-08-27,37.04,37.4,36.75,37.04,627174,psxdata,2026-05-11T12:55:20
EPCL,2024-08-28,36.62,37.99,36.62,36.86,496027,psxdata,2026-05-11T12:55:20
EPCL,2024-08-29,36.75,37.4,36.7,37.11,482807,psxdata,2026-05-11T12:55:20
EPCL,2024-08-30,37.45,37.45,37.0,37.09,479193,psxdata,2026-05-11T12:55:20
EPCL,2024-09-02,37.0,37.3,36.5,36.57,538874,psxdata,2026-05-11T12:55:20
EPCL,2024-09-03,36.57,36.94,36.5,36.54,583605,psxdata,2026-05-11T12:55:20
EPCL,2024-09-04,36.6,36.62,36.3,36.5,376308,psxdata,2026-05-11T12:55:20
EPCL,2024-09-05,36.58,36.7,36.35,36.42,475814,psxdata,2026-05-11T12:55:20
EPCL,2024-09-06,36.43,36.59,36.11,36.2,291724,psxdata,2026-05-11T12:55:20
EPCL,2024-09-09,36.29,36.36,36.0,36.06,275451,psxdata,2026-05-11T12:55:20
EPCL,2024-09-10,36.06,36.06,35.35,35.5,379983,psxdata,2026-05-11T12:55:20
EPCL,2024-09-11,35.6,35.8,35.36,35.56,449533,psxdata,2026-05-11T12:55:20
EPCL,2024-09-12,35.6,35.74,35.31,35.47,660109,psxdata,2026-05-11T12:55:20
EPCL,2024-09-13,35.8,36.0,35.32,35.37,683026,psxdata,2026-05-11T12:55:20
EPCL,2024-09-16,35.49,35.5,34.6,34.87,473944,psxdata,2026-05-11T12:55:20
EPCL,2024-09-18,34.86,35.21,34.5,34.8,825543,psxdata,2026-05-11T12:55:20
EPCL,2024-09-19,34.9,35.23,34.55,34.69,861158,psxdata,2026-05-11T12:55:20
EPCL,2024-09-20,34.75,34.9,34.45,34.52,372426,psxdata,2026-05-11T12:55:20
EPCL,2024-09-23,34.5,34.69,34.15,34.29,191307,psxdata,2026-05-11T12:55:20
EPCL,2024-09-24,34.01,34.25,33.05,33.22,557340,psxdata,2026-05-11T12:55:20
EPCL,2024-09-25,33.31,33.99,33.1,33.54,334595,psxdata,2026-05-11T12:55:20
EPCL,2024-09-26,33.89,33.9,33.5,33.66,678524,psxdata,2026-05-11T12:55:20
EPCL,2024-09-27,33.52,34.3,33.52,33.64,327730,psxdata,2026-05-11T12:55:20
EPCL,2024-09-30,33.99,33.99,33.0,33.4,377130,psxdata,2026-05-11T12:55:20
EPCL,2024-10-01,33.5,33.54,30.22,31.95,1473169,psxdata,2026-05-11T12:55:20
EPCL,2024-10-02,31.5,32.35,31.5,31.66,594937,psxdata,2026-05-11T12:55:20
EPCL,2024-10-03,31.48,31.9,31.25,31.33,370554,psxdata,2026-05-11T12:55:20
EPCL,2024-10-04,31.32,31.32,30.76,31.0,517130,psxdata,2026-05-11T12:55:20
EPCL,2024-10-07,30.85,31.6,30.85,31.03,401784,psxdata,2026-05-11T12:55:20
EPCL,2024-10-08,31.44,32.25,31.03,31.94,916096,psxdata,2026-05-11T12:55:20
EPCL,2024-10-09,32.29,32.5,31.86,32.02,549204,psxdata,2026-05-11T12:55:20
EPCL,2024-10-10,32.0,32.32,31.9,32.15,335055,psxdata,2026-05-11T12:55:20
EPCL,2024-10-11,32.27,32.27,31.25,31.4,1155605,psxdata,2026-05-11T12:55:20
EPCL,2024-10-14,31.41,31.95,30.01,30.7,724753,psxdata,2026-05-11T12:55:20
EPCL,2024-10-15,30.94,31.15,30.5,30.74,467804,psxdata,2026-05-11T12:55:20
EPCL,2024-10-16,30.84,32.7,30.5,32.17,1292387,psxdata,2026-05-11T12:55:20
EPCL,2024-10-17,32.4,32.75,32.2,32.26,490101,psxdata,2026-05-11T12:55:20
EPCL,2024-10-18,33.0,33.0,31.7,32.37,341655,psxdata,2026-05-11T12:55:20
EPCL,2024-10-21,32.51,32.9,32.13,32.22,430725,psxdata,2026-05-11T12:55:20
EPCL,2024-10-22,32.0,32.01,31.18,31.27,1102195,psxdata,2026-05-11T12:55:20
EPCL,2024-10-23,31.17,31.9,31.1,31.39,747910,psxdata,2026-05-11T12:55:20
EPCL,2024-10-24,31.39,31.7,31.0,31.24,653881,psxdata,2026-05-11T12:55:20
EPCL,2024-10-25,31.69,32.73,31.0,31.37,1349644,psxdata,2026-05-11T12:55:20
EPCL,2024-10-28,31.36,31.9,31.21,31.48,701920,psxdata,2026-05-11T12:55:20
EPCL,2024-10-29,31.48,31.9,31.31,31.49,1317626,psxdata,2026-05-11T12:55:20
EPCL,2024-10-30,31.5,32.75,31.5,31.9,1240267,psxdata,2026-05-11T12:55:20
EPCL,2024-10-31,32.0,32.2,31.37,31.5,1416463,psxdata,2026-05-11T12:55:20
EPCL,2024-11-01,31.5,31.9,31.3,31.75,492772,psxdata,2026-05-11T12:55:20
EPCL,2024-11-04,31.6,32.15,31.46,32.01,521481,psxdata,2026-05-11T12:55:20
EPCL,2024-11-05,32.02,35.21,32.02,35.21,2823417,psxdata,2026-05-11T12:55:20
EPCL,2024-11-06,37.45,38.73,36.11,37.81,11610239,psxdata,2026-05-11T12:55:20
EPCL,2024-11-07,38.0,38.01,36.35,36.43,2166356,psxdata,2026-05-11T12:55:20
EPCL,2024-11-08,37.0,38.0,36.05,37.14,1740723,psxdata,2026-05-11T12:55:20
EPCL,2024-11-11,37.05,37.59,36.5,36.65,1953196,psxdata,2026-05-11T12:55:20
EPCL,2024-11-12,36.65,36.74,36.1,36.25,529376,psxdata,2026-05-11T12:55:20
EPCL,2024-11-13,36.1,36.3,35.77,35.99,743306,psxdata,2026-05-11T12:55:20
EPCL,2024-11-14,36.0,36.84,35.71,36.35,646289,psxdata,2026-05-11T12:55:20
EPCL,2024-11-15,36.52,37.36,33.2,36.49,1009392,psxdata,2026-05-11T12:55:20
EPCL,2024-11-18,36.5,38.9,36.0,37.43,5702362,psxdata,2026-05-11T12:55:20
EPCL,2024-11-19,37.99,38.84,37.15,37.88,3394500,psxdata,2026-05-11T12:55:20
EPCL,2024-11-20,38.15,39.0,37.15,37.63,3002245,psxdata,2026-05-11T12:55:20
EPCL,2024-11-21,37.9,38.1,37.25,37.39,1159371,psxdata,2026-05-11T12:55:20
EPCL,2024-11-22,37.33,37.75,36.52,36.79,895822,psxdata,2026-05-11T12:55:20
EPCL,2024-11-25,36.51,37.9,36.5,37.57,1442264,psxdata,2026-05-11T12:55:20
EPCL,2024-11-26,37.75,37.85,35.3,35.48,2726402,psxdata,2026-05-11T12:55:20
EPCL,2024-11-27,36.0,37.0,35.76,36.02,1248035,psxdata,2026-05-11T12:55:20
EPCL,2024-11-28,36.2,37.0,36.0,36.85,1103455,psxdata,2026-05-11T12:55:20
EPCL,2024-11-29,37.0,37.1,35.88,36.5,2417311,psxdata,2026-05-11T12:55:20
EPCL,2024-12-02,36.98,37.49,36.55,37.15,1556972,psxdata,2026-05-11T12:55:20
EPCL,2024-12-03,37.7,38.5,37.0,38.12,2655624,psxdata,2026-05-11T12:55:20
EPCL,2024-12-04,38.2,38.52,37.8,38.05,1960024,psxdata,2026-05-11T12:55:20
EPCL,2024-12-05,38.0,41.5,37.9,40.44,7400942,psxdata,2026-05-11T12:55:20
EPCL,2024-12-06,40.8,41.4,39.35,39.76,4080632,psxdata,2026-05-11T12:55:20
EPCL,2024-12-09,39.25,40.9,39.08,39.89,1750524,psxdata,2026-05-11T12:55:20
EPCL,2024-12-10,40.0,41.08,39.0,39.32,4844788,psxdata,2026-05-11T12:55:20
EPCL,2024-12-11,39.5,41.2,39.5,40.67,4249796,psxdata,2026-05-11T12:55:20
EPCL,2024-12-12,40.7,41.7,40.2,40.4,3043827,psxdata,2026-05-11T12:55:20
EPCL,2024-12-13,40.01,40.4,39.45,39.98,1523969,psxdata,2026-05-11T12:55:20
EPCL,2024-12-16,39.76,40.25,39.65,39.76,1258780,psxdata,2026-05-11T12:55:20
EPCL,2024-12-17,39.98,41.0,39.1,39.38,2194441,psxdata,2026-05-11T12:55:20
EPCL,2024-12-18,39.03,39.7,37.65,37.98,1528960,psxdata,2026-05-11T12:55:20
EPCL,2024-12-19,38.0,38.09,37.08,37.3,1018584,psxdata,2026-05-11T12:55:20
EPCL,2024-12-20,37.3,37.8,36.85,37.49,677006,psxdata,2026-05-11T12:55:20
EPCL,2024-12-23,37.6,38.35,37.6,37.87,1445045,psxdata,2026-05-11T12:55:20
EPCL,2024-12-24,37.9,38.1,36.8,36.89,1636875,psxdata,2026-05-11T12:55:20
EPCL,2024-12-26,36.51,37.5,35.81,36.03,2899199,psxdata,2026-05-11T12:55:20
EPCL,2024-12-27,36.11,36.5,35.8,35.95,1413875,psxdata,2026-05-11T12:55:20
EPCL,2024-12-30,36.0,37.0,36.0,36.77,1421085,psxdata,2026-05-11T12:55:20
EPCL,2024-12-31,36.77,37.35,36.77,37.07,1301620,psxdata,2026-05-11T12:55:20
EPCL,2025-01-01,36.89,37.75,36.88,37.49,1154054,psxdata,2026-05-11T12:55:20
EPCL,2025-01-02,37.5,38.15,37.25,37.5,1103889,psxdata,2026-05-11T12:55:20
EPCL,2025-01-03,37.34,37.6,37.0,37.43,699459,psxdata,2026-05-11T12:55:20
EPCL,2025-01-06,37.7,38.0,36.61,36.88,1584620,psxdata,2026-05-11T12:55:20
EPCL,2025-01-07,36.9,37.49,36.3,37.21,900003,psxdata,2026-05-11T12:55:20
EPCL,2025-01-08,36.93,37.95,36.3,36.53,769173,psxdata,2026-05-11T12:55:20
EPCL,2025-01-09,36.65,36.65,35.81,35.99,936378,psxdata,2026-05-11T12:55:20
EPCL,2025-01-10,36.0,36.3,35.75,35.9,359686,psxdata,2026-05-11T12:55:20
EPCL,2025-01-13,35.91,36.3,35.69,35.82,615637,psxdata,2026-05-11T12:55:20
EPCL,2025-01-14,36.0,36.39,35.7,36.15,371142,psxdata,2026-05-11T12:55:20
EPCL,2025-01-15,36.25,36.59,36.0,36.24,492370,psxdata,2026-05-11T12:55:20
EPCL,2025-01-16,36.1,36.73,36.05,36.13,540442,psxdata,2026-05-11T12:55:20
EPCL,2025-01-17,36.07,36.43,35.81,36.09,905218,psxdata,2026-05-11T12:55:20
EPCL,2025-01-20,36.35,36.91,36.15,36.33,1240923,psxdata,2026-05-11T12:55:20
EPCL,2025-01-21,36.55,36.7,35.82,35.94,964538,psxdata,2026-05-11T12:55:20
EPCL,2025-01-22,36.0,36.0,35.13,35.29,550042,psxdata,2026-05-11T12:55:20
EPCL,2025-01-23,35.33,36.06,35.33,35.67,571086,psxdata,2026-05-11T12:55:20
EPCL,2025-01-24,35.55,36.41,35.55,35.71,843036,psxdata,2026-05-11T12:55:20
EPCL,2025-01-27,35.5,36.1,35.21,35.43,506712,psxdata,2026-05-11T12:55:20
EPCL,2025-01-28,35.3,35.42,34.55,34.77,519347,psxdata,2026-05-11T12:55:20
EPCL,2025-01-29,35.1,35.1,34.1,34.21,435772,psxdata,2026-05-11T12:55:20
EPCL,2025-01-30,34.5,34.5,34.0,34.12,821256,psxdata,2026-05-11T12:55:20
EPCL,2025-01-31,34.4,35.19,33.82,34.44,908066,psxdata,2026-05-11T12:55:20
EPCL,2025-02-03,34.35,34.5,33.7,33.95,449893,psxdata,2026-05-11T12:55:20
EPCL,2025-02-04,34.2,34.29,33.7,33.98,328006,psxdata,2026-05-11T12:55:20
EPCL,2025-02-06,34.0,34.1,33.2,33.59,477942,psxdata,2026-05-11T12:55:20
EPCL,2025-02-07,33.75,34.5,33.6,33.73,156447,psxdata,2026-05-11T12:55:20
EPCL,2025-02-10,33.79,33.8,33.21,33.47,345140,psxdata,2026-05-11T12:55:20
EPCL,2025-02-11,35.26,36.82,35.15,36.82,5156851,psxdata,2026-05-11T12:55:20
EPCL,2025-02-12,36.98,37.25,35.5,35.74,3005949,psxdata,2026-05-11T12:55:20
EPCL,2025-02-13,35.74,36.1,35.4,35.43,618757,psxdata,2026-05-11T12:55:20
EPCL,2025-02-14,35.12,35.5,34.7,34.74,1079247,psxdata,2026-05-11T12:55:20
EPCL,2025-02-17,34.99,36.25,34.65,35.6,2976167,psxdata,2026-05-11T12:55:20
EPCL,2025-02-18,35.99,36.41,35.71,35.8,1560504,psxdata,2026-05-11T12:55:20
EPCL,2025-02-19,35.99,38.98,35.99,37.76,5676346,psxdata,2026-05-11T12:55:20
EPCL,2025-02-20,38.0,38.0,36.8,36.95,943113,psxdata,2026-05-11T12:55:20
EPCL,2025-02-21,36.95,37.5,36.3,36.61,933262,psxdata,2026-05-11T12:55:20
EPCL,2025-02-24,36.52,37.35,36.22,37.13,552583,psxdata,2026-05-11T12:55:20
EPCL,2025-02-25,37.06,37.65,36.72,36.88,601600,psxdata,2026-05-11T12:55:20
EPCL,2025-02-26,37.0,37.0,35.86,36.13,898736,psxdata,2026-05-11T12:55:20
EPCL,2025-02-27,35.95,36.56,35.8,36.41,670744,psxdata,2026-05-11T12:55:20
EPCL,2025-02-28,36.15,37.5,35.91,36.92,2358004,psxdata,2026-05-11T12:55:20
EPCL,2025-03-03,37.0,37.1,36.6,36.69,334334,psxdata,2026-05-11T12:55:20
EPCL,2025-03-04,36.16,38.5,36.16,37.2,2086428,psxdata,2026-05-11T12:55:20
EPCL,2025-03-05,37.2,37.55,36.5,36.63,245879,psxdata,2026-05-11T12:55:20
EPCL,2025-03-06,36.51,37.27,36.51,37.04,398844,psxdata,2026-05-11T12:55:20
EPCL,2025-03-07,36.6,37.3,36.6,36.96,192599,psxdata,2026-05-11T12:55:20
EPCL,2025-03-10,37.0,37.05,36.5,36.68,122883,psxdata,2026-05-11T12:55:20
EPCL,2025-03-11,36.5,37.2,36.25,36.74,280924,psxdata,2026-05-11T12:55:20
EPCL,2025-03-12,36.52,37.0,36.41,36.47,287584,psxdata,2026-05-11T12:55:20
EPCL,2025-03-13,36.45,36.81,36.45,36.59,242778,psxdata,2026-05-11T12:55:20
EPCL,2025-03-14,37.0,37.2,36.6,36.97,757180,psxdata,2026-05-11T12:55:20
EPCL,2025-03-17,37.05,38.12,37.0,37.55,1172365,psxdata,2026-05-11T12:55:20
EPCL,2025-03-18,37.51,40.85,37.51,39.58,5984320,psxdata,2026-05-11T12:55:20
EPCL,2025-03-19,40.4,40.4,39.05,39.23,1618624,psxdata,2026-05-11T12:55:20
EPCL,2025-03-20,39.8,39.8,38.3,38.59,757048,psxdata,2026-05-11T12:55:20
EPCL,2025-03-21,38.59,38.92,38.15,38.68,447023,psxdata,2026-05-11T12:55:20
EPCL,2025-03-24,38.2,38.5,38.1,38.17,570193,psxdata,2026-05-11T12:55:20
EPCL,2025-03-25,38.1,38.25,37.67,37.89,536230,psxdata,2026-05-11T12:55:20
EPCL,2025-03-26,38.0,38.26,37.51,37.6,820002,psxdata,2026-05-11T12:55:20
EPCL,2025-03-27,37.6,37.99,37.46,37.71,549497,psxdata,2026-05-11T12:55:20
EPCL,2025-04-03,38.0,38.3,36.8,38.03,2006951,psxdata,2026-05-11T12:55:20
EPCL,2025-04-04,38.03,39.12,37.52,37.68,2682503,psxdata,2026-05-11T12:55:20
EPCL,2025-04-07,37.01,38.0,34.11,36.39,1394454,psxdata,2026-05-11T12:55:20
EPCL,2025-04-08,37.0,37.3,36.11,37.04,1293628,psxdata,2026-05-11T12:55:20
EPCL,2025-04-09,36.8,36.8,36.05,36.38,394893,psxdata,2026-05-11T12:55:20
EPCL,2025-04-10,37.1,37.15,36.3,36.55,785678,psxdata,2026-05-11T12:55:20
EPCL,2025-04-11,36.65,37.5,36.4,36.87,525709,psxdata,2026-05-11T12:55:20
EPCL,2025-04-14,37.01,37.25,36.71,36.81,494463,psxdata,2026-05-11T12:55:20
EPCL,2025-04-15,36.82,37.23,36.81,37.01,559561,psxdata,2026-05-11T12:55:20
EPCL,2025-04-16,36.86,37.25,36.0,36.37,517975,psxdata,2026-05-11T12:55:20
EPCL,2025-04-17,36.02,36.37,35.8,36.0,612579,psxdata,2026-05-11T12:55:20
EPCL,2025-04-18,35.2,35.9,33.9,34.01,2911437,psxdata,2026-05-11T12:55:20
EPCL,2025-04-21,34.02,34.3,33.04,33.2,1663923,psxdata,2026-05-11T12:55:20
EPCL,2025-04-22,33.2,33.6,32.43,32.58,2168972,psxdata,2026-05-11T12:55:20
EPCL,2025-04-23,32.6,32.85,32.01,32.22,837098,psxdata,2026-05-11T12:55:20
EPCL,2025-04-24,31.99,31.99,30.81,30.98,1249120,psxdata,2026-05-11T12:55:20
EPCL,2025-04-25,30.71,31.25,30.03,30.2,1642180,psxdata,2026-05-11T12:55:20
EPCL,2025-04-28,30.2,30.59,29.65,29.96,780689,psxdata,2026-05-11T12:55:20
EPCL,2025-04-29,29.76,29.98,29.29,29.91,601799,psxdata,2026-05-11T12:55:20
EPCL,2025-04-30,29.9,29.9,28.0,29.05,765583,psxdata,2026-05-11T12:55:20
EPCL,2025-05-02,29.51,30.3,29.5,30.07,737578,psxdata,2026-05-11T12:55:20
EPCL,2025-05-05,29.71,30.48,29.71,30.13,345564,psxdata,2026-05-11T12:55:20
EPCL,2025-05-06,30.15,30.69,30.15,30.49,585656,psxdata,2026-05-11T12:55:20
EPCL,2025-05-07,28.5,29.9,28.5,29.02,520689,psxdata,2026-05-11T12:55:20
EPCL,2025-05-08,29.15,29.4,26.12,26.6,909696,psxdata,2026-05-11T12:55:20
EPCL,2025-05-09,26.4,28.55,25.5,27.97,598555,psxdata,2026-05-11T12:55:20
EPCL,2025-05-12,30.77,30.77,29.7,30.75,1722860,psxdata,2026-05-11T12:55:20
EPCL,2025-05-13,31.15,31.15,29.71,29.98,1089226,psxdata,2026-05-11T12:55:20
EPCL,2025-05-14,30.25,30.75,30.05,30.6,730844,psxdata,2026-05-11T12:55:20
EPCL,2025-05-15,30.95,32.2,30.36,31.64,1805655,psxdata,2026-05-11T12:55:20
EPCL,2025-05-16,31.51,33.6,31.05,33.14,2592703,psxdata,2026-05-11T12:55:20
EPCL,2025-05-19,33.55,34.89,33.2,34.42,3538203,psxdata,2026-05-11T12:55:20
EPCL,2025-05-20,34.42,34.42,33.45,33.51,948821,psxdata,2026-05-11T12:55:20
EPCL,2025-05-21,33.97,33.97,33.1,33.42,361621,psxdata,2026-05-11T12:55:20
EPCL,2025-05-22,33.25,34.25,32.9,33.02,1108564,psxdata,2026-05-11T12:55:20
EPCL,2025-05-23,33.2,33.4,32.4,32.47,380919,psxdata,2026-05-11T12:55:20
EPCL,2025-05-26,32.7,32.7,31.7,31.89,372595,psxdata,2026-05-11T12:55:20
EPCL,2025-05-27,31.55,32.0,31.5,31.61,422375,psxdata,2026-05-11T12:55:20
EPCL,2025-05-29,31.5,31.8,31.47,31.52,544613,psxdata,2026-05-11T12:55:20
EPCL,2025-05-30,31.41,32.6,31.41,31.86,1561402,psxdata,2026-05-11T12:55:20
EPCL,2025-06-02,31.9,34.59,31.77,33.99,4755096,psxdata,2026-05-11T12:55:20
EPCL,2025-06-03,33.83,33.91,33.31,33.62,678488,psxdata,2026-05-11T12:55:20
EPCL,2025-06-04,33.61,33.94,33.16,33.3,687829,psxdata,2026-05-11T12:55:20
EPCL,2025-06-05,33.4,34.24,33.0,33.76,1221035,psxdata,2026-05-11T12:55:20
EPCL,2025-06-10,33.51,34.24,33.45,33.8,754371,psxdata,2026-05-11T12:55:20
EPCL,2025-06-11,33.9,34.0,33.5,33.54,704160,psxdata,2026-05-11T12:55:20
EPCL,2025-06-12,33.55,33.9,33.26,33.34,818507,psxdata,2026-05-11T12:55:20
EPCL,2025-06-13,33.01,33.01,32.0,32.21,866054,psxdata,2026-05-11T12:55:20
EPCL,2025-06-16,32.21,33.6,31.81,33.13,1267209,psxdata,2026-05-11T12:55:20
EPCL,2025-06-17,33.0,33.14,32.52,32.57,404178,psxdata,2026-05-11T12:55:20
EPCL,2025-06-18,32.29,32.96,32.2,32.44,296547,psxdata,2026-05-11T12:55:20
EPCL,2025-06-19,32.4,32.72,32.0,32.03,205910,psxdata,2026-05-11T12:55:20
EPCL,2025-06-20,31.9,32.5,31.81,31.99,273941,psxdata,2026-05-11T12:55:20
EPCL,2025-06-23,31.5,31.5,30.0,30.24,1199820,psxdata,2026-05-11T12:55:20
EPCL,2025-06-24,30.64,31.64,30.64,31.04,1812538,psxdata,2026-05-11T12:55:20
EPCL,2025-06-25,31.04,31.6,30.8,30.94,1222416,psxdata,2026-05-11T12:55:20
EPCL,2025-06-26,30.9,31.27,30.8,30.86,964745,psxdata,2026-05-11T12:55:20
EPCL,2025-06-27,30.86,31.75,30.8,31.41,3299021,psxdata,2026-05-11T12:55:20
EPCL,2025-06-30,31.79,31.99,31.3,31.55,1585529,psxdata,2026-05-11T12:55:20
EPCL,2025-07-01,31.75,31.9,31.0,31.58,755580,psxdata,2026-05-11T12:55:20
EPCL,2025-07-02,31.61,31.95,31.41,31.48,1689179,psxdata,2026-05-11T12:55:20
EPCL,2025-07-03,31.8,31.8,31.13,31.47,716847,psxdata,2026-05-11T12:55:20
EPCL,2025-07-04,31.46,31.8,31.31,31.64,495393,psxdata,2026-05-11T12:55:20
EPCL,2025-07-07,31.41,32.39,31.4,31.76,2175490,psxdata,2026-05-11T12:55:20
EPCL,2025-07-08,31.77,34.0,31.6,32.92,6864343,psxdata,2026-05-11T12:55:20
EPCL,2025-07-09,33.49,33.5,32.9,32.99,2217441,psxdata,2026-05-11T12:55:20
EPCL,2025-07-10,33.0,33.3,32.5,32.91,619331,psxdata,2026-05-11T12:55:20
EPCL,2025-07-11,32.92,33.8,32.92,33.17,1650267,psxdata,2026-05-11T12:55:20
EPCL,2025-07-14,33.48,34.13,33.01,33.72,4096511,psxdata,2026-05-11T12:55:20
EPCL,2025-07-15,33.51,34.15,32.85,33.0,1980415,psxdata,2026-05-11T12:55:20
EPCL,2025-07-16,32.55,33.69,32.55,33.12,370610,psxdata,2026-05-11T12:55:20
EPCL,2025-07-17,33.13,34.2,33.1,33.63,2524919,psxdata,2026-05-11T12:55:20
EPCL,2025-07-18,33.85,34.18,33.01,33.19,2451990,psxdata,2026-05-11T12:55:20
EPCL,2025-07-21,33.1,33.85,32.98,33.29,1333639,psxdata,2026-05-11T12:55:20
EPCL,2025-07-22,33.29,33.99,33.29,33.43,1105293,psxdata,2026-05-11T12:55:20
EPCL,2025-07-23,33.4,33.65,33.11,33.24,575627,psxdata,2026-05-11T12:55:20
EPCL,2025-07-24,33.24,33.99,32.71,32.89,1482411,psxdata,2026-05-11T12:55:20
EPCL,2025-07-25,32.8,33.14,32.65,32.78,855148,psxdata,2026-05-11T12:55:20
EPCL,2025-07-28,32.81,33.0,32.1,32.2,1320673,psxdata,2026-05-11T12:55:20
EPCL,2025-07-29,32.35,32.43,31.5,31.59,1218857,psxdata,2026-05-11T12:55:20
EPCL,2025-07-30,31.59,31.85,31.25,31.41,649432,psxdata,2026-05-11T12:55:20
EPCL,2025-07-31,31.5,31.74,30.2,30.59,1471605,psxdata,2026-05-11T12:55:20
EPCL,2025-08-01,30.2,30.2,28.9,29.05,5057667,psxdata,2026-05-11T12:55:20
EPCL,2025-08-04,29.05,30.3,28.9,29.53,1469148,psxdata,2026-05-11T12:55:20
EPCL,2025-08-05,29.55,29.89,29.3,29.38,765666,psxdata,2026-05-11T12:55:20
EPCL,2025-08-06,29.3,29.7,28.9,29.19,1482220,psxdata,2026-05-11T12:55:20
EPCL,2025-08-07,29.0,29.5,28.51,28.65,1942018,psxdata,2026-05-11T12:55:20
EPCL,2025-08-08,28.77,28.85,28.0,28.23,1481523,psxdata,2026-05-11T12:55:20
EPCL,2025-08-11,28.22,28.59,28.0,28.45,1157857,psxdata,2026-05-11T12:55:20
EPCL,2025-08-12,28.69,28.69,28.02,28.3,664051,psxdata,2026-05-11T12:55:20
EPCL,2025-08-13,28.4,28.43,28.1,28.23,805882,psxdata,2026-05-11T12:55:20
EPCL,2025-08-15,28.23,28.55,28.2,28.38,764608,psxdata,2026-05-11T12:55:20
EPCL,2025-08-18,28.49,28.49,27.93,28.04,1539458,psxdata,2026-05-11T12:55:20
EPCL,2025-08-19,28.27,28.34,28.01,28.16,590932,psxdata,2026-05-11T12:55:20
EPCL,2025-08-20,28.2,28.6,28.17,28.5,891461,psxdata,2026-05-11T12:55:20
EPCL,2025-08-21,28.69,28.69,28.25,28.44,718745,psxdata,2026-05-11T12:55:20
EPCL,2025-08-22,28.44,28.68,28.4,28.49,327204,psxdata,2026-05-11T12:55:20
EPCL,2025-08-25,28.49,28.66,28.01,28.1,1162758,psxdata,2026-05-11T12:55:20
EPCL,2025-08-26,28.15,28.7,28.15,28.4,843201,psxdata,2026-05-11T12:55:20
EPCL,2025-08-27,28.5,30.98,28.3,30.11,6667893,psxdata,2026-05-11T12:55:20
EPCL,2025-08-28,30.89,31.42,29.7,29.93,5107305,psxdata,2026-05-11T12:55:20
EPCL,2025-08-29,30.0,30.49,29.2,29.25,3380031,psxdata,2026-05-11T12:55:20
EPCL,2025-09-01,29.28,32.18,29.02,32.03,12675079,psxdata,2026-05-11T12:55:20
EPCL,2025-09-02,32.1,32.65,30.6,30.73,4624914,psxdata,2026-05-11T12:55:20
EPCL,2025-09-03,31.2,31.7,30.56,30.66,2919571,psxdata,2026-05-11T12:55:20
EPCL,2025-09-04,30.6,31.2,30.1,30.35,1734870,psxdata,2026-05-11T12:55:20
EPCL,2025-09-05,30.35,30.71,30.2,30.54,1143728,psxdata,2026-05-11T12:55:20
EPCL,2025-09-08,30.87,31.0,30.3,30.47,1119403,psxdata,2026-05-11T12:55:20
EPCL,2025-09-09,30.5,30.7,30.0,30.23,1167857,psxdata,2026-05-11T12:55:20
EPCL,2025-09-10,30.02,31.4,30.0,31.1,3380922,psxdata,2026-05-11T12:55:20
EPCL,2025-09-11,31.25,33.3,31.25,32.28,11029577,psxdata,2026-05-11T12:55:20
EPCL,2025-09-12,32.1,33.0,30.9,31.06,3218565,psxdata,2026-05-11T12:55:20
EPCL,2025-09-15,31.4,31.44,31.01,31.24,666827,psxdata,2026-05-11T12:55:20
EPCL,2025-09-16,31.24,31.9,30.94,31.63,1303933,psxdata,2026-05-11T12:55:20
EPCL,2025-09-17,31.63,32.95,31.2,31.76,6013495,psxdata,2026-05-11T12:55:20
EPCL,2025-09-18,31.76,32.5,31.76,31.98,1999578,psxdata,2026-05-11T12:55:20
EPCL,2025-09-19,31.91,33.25,31.91,32.89,6769422,psxdata,2026-05-11T12:55:20
EPCL,2025-09-22,33.01,33.61,32.3,32.39,4196777,psxdata,2026-05-11T12:55:20
EPCL,2025-09-23,32.42,32.75,32.1,32.32,1160331,psxdata,2026-05-11T12:55:20
EPCL,2025-09-24,32.42,32.43,31.5,31.56,3471015,psxdata,2026-05-11T12:55:20
EPCL,2025-09-25,31.7,31.8,31.15,31.2,2024282,psxdata,2026-05-11T12:55:20
EPCL,2025-09-26,31.25,31.36,30.21,30.48,3545574,psxdata,2026-05-11T12:55:20
EPCL,2025-09-29,30.25,31.55,29.85,31.2,8672327,psxdata,2026-05-11T12:55:20
EPCL,2025-09-30,31.74,31.74,30.5,30.74,3735728,psxdata,2026-05-11T12:55:20
EPCL,2025-10-01,30.66,31.2,30.4,30.79,1426780,psxdata,2026-05-11T12:55:20
EPCL,2025-10-02,30.52,31.85,30.51,31.24,3764346,psxdata,2026-05-11T12:55:20
EPCL,2025-10-03,31.11,31.5,30.75,30.87,2426608,psxdata,2026-05-11T12:55:20
EPCL,2025-10-06,31.01,31.05,30.1,30.25,1362448,psxdata,2026-05-11T12:55:20
EPCL,2025-10-07,30.11,30.4,30.0,30.11,1174425,psxdata,2026-05-11T12:55:20
EPCL,2025-10-08,30.09,30.88,30.0,30.48,2175813,psxdata,2026-05-11T12:55:20
EPCL,2025-10-09,30.48,31.1,30.42,30.64,3352557,psxdata,2026-05-11T12:55:20
EPCL,2025-10-10,30.9,30.9,30.0,30.15,1208086,psxdata,2026-05-11T12:55:20
EPCL,2025-10-13,30.0,30.3,29.52,29.84,2709990,psxdata,2026-05-11T12:55:20
EPCL,2025-10-14,30.14,30.45,29.65,30.26,999471,psxdata,2026-05-11T12:55:20
EPCL,2025-10-15,30.3,30.44,30.0,30.13,1165373,psxdata,2026-05-11T12:55:20
EPCL,2025-10-16,30.33,30.33,30.0,30.01,776876,psxdata,2026-05-11T12:55:20
EPCL,2025-10-17,30.01,30.25,29.81,29.99,715600,psxdata,2026-05-11T12:55:20
EPCL,2025-10-20,30.0,30.29,30.0,30.2,829060,psxdata,2026-05-11T12:55:20
EPCL,2025-10-21,30.2,30.2,29.63,29.72,1445903,psxdata,2026-05-11T12:55:20
EPCL,2025-10-22,30.1,30.7,29.71,29.75,1945155,psxdata,2026-05-11T12:55:20
EPCL,2025-10-23,29.9,29.9,27.75,28.79,2989506,psxdata,2026-05-11T12:55:20
EPCL,2025-10-24,28.79,28.99,28.4,28.48,946462,psxdata,2026-05-11T12:55:20
EPCL,2025-10-27,28.6,28.94,28.3,28.35,475889,psxdata,2026-05-11T12:55:20
EPCL,2025-10-28,28.35,28.85,28.0,28.08,1428159,psxdata,2026-05-11T12:55:20
EPCL,2025-10-29,28.0,28.2,27.5,27.81,840606,psxdata,2026-05-11T12:55:20
EPCL,2025-10-30,28.0,28.09,27.22,27.3,834911,psxdata,2026-05-11T12:55:20
EPCL,2025-10-31,27.5,27.75,27.01,27.47,679877,psxdata,2026-05-11T12:55:20
EPCL,2025-11-03,27.6,28.81,27.41,28.17,1127761,psxdata,2026-05-11T12:55:20
EPCL,2025-11-04,28.21,28.9,28.15,28.4,1244162,psxdata,2026-05-11T12:55:20
EPCL,2025-11-05,28.49,28.56,27.86,27.92,602364,psxdata,2026-05-11T12:55:20
EPCL,2025-11-06,28.0,28.5,27.91,28.09,712895,psxdata,2026-05-11T12:55:20
EPCL,2025-11-07,28.2,28.34,28.02,28.1,375344,psxdata,2026-05-11T12:55:20
EPCL,2025-11-10,28.2,28.4,28.05,28.29,515386,psxdata,2026-05-11T12:55:20
EPCL,2025-11-11,28.29,28.47,27.42,27.64,1151611,psxdata,2026-05-11T12:55:20
EPCL,2025-11-12,27.66,28.0,27.64,27.84,321665,psxdata,2026-05-11T12:55:20
EPCL,2025-11-13,27.84,28.0,27.71,27.84,330873,psxdata,2026-05-11T12:55:20
EPCL,2025-11-14,27.9,28.15,27.84,27.97,503957,psxdata,2026-05-11T12:55:20
EPCL,2025-11-17,28.19,30.77,27.3,29.43,9633768,psxdata,2026-05-11T12:55:20
EPCL,2025-11-18,29.7,29.88,28.83,29.13,5527477,psxdata,2026-05-11T12:55:20
EPCL,2025-11-19,29.2,30.3,29.06,29.75,3047629,psxdata,2026-05-11T12:55:20
EPCL,2025-11-20,29.9,30.38,29.4,29.82,1483967,psxdata,2026-05-11T12:55:20
EPCL,2025-11-21,30.0,30.15,29.2,29.43,716798,psxdata,2026-05-11T12:55:20
EPCL,2025-11-24,29.78,29.78,28.9,28.98,842995,psxdata,2026-05-11T12:55:20
EPCL,2025-11-25,28.98,29.7,28.7,29.04,2492725,psxdata,2026-05-11T12:55:20
EPCL,2025-11-26,29.3,29.3,28.7,28.78,448355,psxdata,2026-05-11T12:55:20
EPCL,2025-11-27,29.01,29.21,28.83,29.06,458239,psxdata,2026-05-11T12:55:20
EPCL,2025-11-28,29.14,29.14,28.75,28.94,701104,psxdata,2026-05-11T12:55:20
EPCL,2025-12-01,29.0,29.24,28.74,29.0,2348253,psxdata,2026-05-11T12:55:20
EPCL,2025-12-02,28.91,30.8,28.91,29.93,3759760,psxdata,2026-05-11T12:55:20
EPCL,2025-12-03,30.02,30.8,29.8,30.2,1603450,psxdata,2026-05-11T12:55:20
EPCL,2025-12-04,30.5,33.22,30.1,32.83,15093969,psxdata,2026-05-11T12:55:20
EPCL,2025-12-05,32.68,33.16,31.6,31.68,4990626,psxdata,2026-05-11T12:55:20
EPCL,2025-12-08,31.64,32.85,31.55,32.42,4925769,psxdata,2026-05-11T12:55:20
EPCL,2025-12-09,32.75,35.15,32.4,34.37,18692394,psxdata,2026-05-11T12:55:20
EPCL,2025-12-10,34.48,35.5,33.7,35.05,10682471,psxdata,2026-05-11T12:55:20
EPCL,2025-12-11,34.98,38.5,34.34,37.92,16734562,psxdata,2026-05-11T12:55:20
EPCL,2025-12-12,37.92,39.26,36.71,38.58,13288187,psxdata,2026-05-11T12:55:20
EPCL,2025-12-15,38.45,38.45,36.3,36.57,5138224,psxdata,2026-05-11T12:55:20
EPCL,2025-12-16,37.0,37.27,35.45,35.61,4229661,psxdata,2026-05-11T12:55:20
EPCL,2025-12-17,35.7,37.15,35.4,35.52,5000671,psxdata,2026-05-11T12:55:20
EPCL,2025-12-18,35.74,36.48,35.21,35.77,2400142,psxdata,2026-05-11T12:55:20
EPCL,2025-12-19,36.01,36.2,34.9,35.11,1169085,psxdata,2026-05-11T12:55:20
EPCL,2025-12-22,35.11,35.49,34.5,34.61,2480025,psxdata,2026-05-11T12:55:20
EPCL,2025-12-23,34.51,34.96,33.52,34.33,2600862,psxdata,2026-05-11T12:55:20
EPCL,2025-12-24,35.25,35.25,33.15,33.41,4156443,psxdata,2026-05-11T12:55:20
EPCL,2025-12-26,33.16,33.7,32.82,33.08,1769752,psxdata,2026-05-11T12:55:20
EPCL,2025-12-29,33.1,33.6,32.5,32.62,1488508,psxdata,2026-05-11T12:55:20
EPCL,2025-12-30,32.85,33.6,32.45,33.15,1269137,psxdata,2026-05-11T12:55:20
EPCL,2025-12-31,33.44,33.44,32.5,32.6,1436636,psxdata,2026-05-11T12:55:20
EPCL,2026-01-01,33.01,33.6,32.62,32.98,1233946,psxdata,2026-05-11T12:55:20
EPCL,2026-01-02,33.01,34.7,32.8,34.02,6772418,psxdata,2026-05-11T12:55:20
EPCL,2026-01-05,34.29,34.7,33.2,33.26,3528327,psxdata,2026-05-11T12:55:20
EPCL,2026-01-06,33.49,33.49,32.75,32.87,1528605,psxdata,2026-05-11T12:55:20
EPCL,2026-01-07,32.87,33.34,32.68,32.8,2083470,psxdata,2026-05-11T12:55:20
EPCL,2026-01-08,32.8,34.09,32.5,32.72,8492540,psxdata,2026-05-11T12:55:20
EPCL,2026-01-09,32.8,32.9,32.25,32.43,1222985,psxdata,2026-05-11T12:55:20
EPCL,2026-01-12,32.5,32.93,32.01,32.27,2043306,psxdata,2026-05-11T12:55:20
EPCL,2026-01-13,32.5,32.5,31.5,31.61,2686587,psxdata,2026-05-11T12:55:20
EPCL,2026-01-14,31.84,32.1,31.01,31.09,2374938,psxdata,2026-05-11T12:55:20
EPCL,2026-01-15,31.28,31.37,30.75,31.03,930433,psxdata,2026-05-11T12:55:20
EPCL,2026-01-16,31.6,32.18,31.26,31.86,1522993,psxdata,2026-05-11T12:55:20
EPCL,2026-01-19,31.99,32.74,31.85,32.55,1540455,psxdata,2026-05-11T12:55:20
EPCL,2026-01-20,32.73,32.98,32.4,32.52,2368244,psxdata,2026-05-11T12:55:20
EPCL,2026-01-21,32.74,32.88,31.85,32.52,2095639,psxdata,2026-05-11T12:55:20
EPCL,2026-01-22,32.53,33.0,32.21,32.66,2417131,psxdata,2026-05-11T12:55:20
EPCL,2026-01-23,32.49,32.87,32.34,32.4,1051047,psxdata,2026-05-11T12:55:20
EPCL,2026-01-26,32.2,32.48,31.85,31.98,739838,psxdata,2026-05-11T12:55:20
EPCL,2026-01-27,31.98,31.98,31.25,31.47,574245,psxdata,2026-05-11T12:55:20
EPCL,2026-01-28,31.5,32.85,31.26,31.73,8153210,psxdata,2026-05-11T12:55:20
EPCL,2026-01-29,31.95,31.95,31.16,31.47,1281347,psxdata,2026-05-11T12:55:20
EPCL,2026-01-30,31.47,31.9,31.31,31.5,1120432,psxdata,2026-05-11T12:55:20
EPCL,2026-02-02,31.5,31.94,31.5,31.58,560544,psxdata,2026-05-11T12:55:20
EPCL,2026-02-03,31.79,31.97,31.2,31.78,704726,psxdata,2026-05-11T12:55:20
EPCL,2026-02-04,31.89,32.49,31.19,31.33,1215233,psxdata,2026-05-11T12:55:20
EPCL,2026-02-06,31.45,31.68,30.8,30.89,773307,psxdata,2026-05-11T12:55:20
EPCL,2026-02-09,31.4,32.79,31.06,32.28,3226621,psxdata,2026-05-11T12:55:20
EPCL,2026-02-10,32.4,33.19,32.27,32.99,4507251,psxdata,2026-05-11T12:55:20
EPCL,2026-02-11,33.2,36.29,33.11,36.29,18435076,psxdata,2026-05-11T12:55:20
EPCL,2026-02-12,38.39,39.32,36.15,38.48,27131007,psxdata,2026-05-11T12:55:20
EPCL,2026-02-13,38.99,39.06,36.61,37.16,9918041,psxdata,2026-05-11T12:55:20
EPCL,2026-02-16,34.7,35.25,33.56,34.12,10406848,psxdata,2026-05-11T12:55:20
EPCL,2026-02-17,34.25,37.53,34.06,37.16,8328238,psxdata,2026-05-11T12:55:20
EPCL,2026-02-18,38.0,38.3,35.6,36.07,6034384,psxdata,2026-05-11T12:55:20
EPCL,2026-02-19,36.12,36.5,33.33,33.83,2180907,psxdata,2026-05-11T12:55:20
EPCL,2026-02-20,34.79,34.79,32.0,33.75,2696263,psxdata,2026-05-11T12:55:20
EPCL,2026-02-23,32.86,34.25,32.5,33.17,2119545,psxdata,2026-05-11T12:55:20
EPCL,2026-02-24,33.23,33.83,32.01,33.16,4834790,psxdata,2026-05-11T12:55:20
EPCL,2026-02-25,33.33,33.76,32.5,32.64,1445991,psxdata,2026-05-11T12:55:20
EPCL,2026-02-26,32.64,34.5,32.02,34.25,934993,psxdata,2026-05-11T12:55:20
EPCL,2026-02-27,34.0,35.0,32.8,33.88,897331,psxdata,2026-05-11T12:55:20
EPCL,2026-03-02,30.51,32.32,30.49,30.59,1253799,psxdata,2026-05-11T12:55:20
EPCL,2026-03-03,28.61,31.0,28.61,29.66,1189455,psxdata,2026-05-11T12:55:20
EPCL,2026-03-04,30.0,30.0,27.71,28.08,2347972,psxdata,2026-05-11T12:55:20
EPCL,2026-03-05,28.15,30.89,28.01,30.5,2472652,psxdata,2026-05-11T12:55:20
EPCL,2026-03-06,31.0,33.25,30.0,32.43,3430449,psxdata,2026-05-11T12:55:20
EPCL,2026-03-09,31.5,31.5,29.19,30.18,2533198,psxdata,2026-05-11T12:55:20
EPCL,2026-03-10,33.2,33.2,31.61,33.2,1706791,psxdata,2026-05-11T12:55:20
EPCL,2026-03-11,34.5,35.88,32.85,33.16,3367850,psxdata,2026-05-11T12:55:20
EPCL,2026-03-12,33.19,34.0,31.12,32.43,1592339,psxdata,2026-05-11T12:55:20
EPCL,2026-03-13,32.44,33.45,32.1,33.19,882308,psxdata,2026-05-11T12:55:20
EPCL,2026-03-16,32.52,32.95,31.0,31.86,1608583,psxdata,2026-05-11T12:55:20
EPCL,2026-03-17,31.5,31.84,30.76,30.99,1507674,psxdata,2026-05-11T12:55:20
EPCL,2026-03-18,30.8,32.55,30.1,32.41,1962917,psxdata,2026-05-11T12:55:20
EPCL,2026-03-19,32.0,32.4,31.5,32.06,682868,psxdata,2026-05-11T12:55:20
EPCL,2026-03-24,32.8,33.0,31.52,31.89,424831,psxdata,2026-05-11T12:55:20
EPCL,2026-03-25,32.0,33.02,31.7,32.93,6167100,psxdata,2026-05-11T12:55:20
EPCL,2026-03-26,32.9,32.9,30.35,30.53,1438758,psxdata,2026-05-11T12:55:20
EPCL,2026-03-27,30.35,32.0,30.15,31.11,1343384,psxdata,2026-05-11T12:55:20
EPCL,2026-03-30,31.33,31.33,29.0,29.46,1511698,psxdata,2026-05-11T12:55:20
EPCL,2026-03-31,29.9,31.5,29.62,31.21,1403314,psxdata,2026-05-11T12:55:20
EPCL,2026-04-01,31.51,34.33,31.25,34.33,5130793,psxdata,2026-05-11T12:55:20
EPCL,2026-04-02,34.0,37.76,33.1,36.94,6249837,psxdata,2026-05-11T12:55:20
EPCL,2026-04-03,36.01,36.9,35.5,36.05,1293166,psxdata,2026-05-11T12:55:20
EPCL,2026-04-06,36.44,36.45,34.5,34.77,742350,psxdata,2026-05-11T12:55:20
EPCL,2026-04-07,34.0,34.9,33.65,33.98,2869415,psxdata,2026-05-11T12:55:20
EPCL,2026-04-08,35.0,37.18,35.0,36.83,3433766,psxdata,2026-05-11T12:55:20
EPCL,2026-04-09,36.0,37.45,35.16,35.25,1109340,psxdata,2026-05-11T12:55:20
EPCL,2026-04-10,35.3,36.0,35.1,35.58,930129,psxdata,2026-05-11T12:55:20
EPCL,2026-04-13,34.5,35.24,34.03,34.98,533856,psxdata,2026-05-11T12:55:20
EPCL,2026-04-14,35.81,35.81,34.6,35.45,525315,psxdata,2026-05-11T12:55:20
EPCL,2026-04-15,35.99,36.4,34.92,35.35,2559680,psxdata,2026-05-11T12:55:20
EPCL,2026-04-16,35.4,35.99,34.95,35.44,1583883,psxdata,2026-05-11T12:55:20
EPCL,2026-04-17,35.96,36.4,35.35,35.7,1205993,psxdata,2026-05-11T12:55:20
EPCL,2026-04-20,35.7,35.7,34.25,34.83,765123,psxdata,2026-05-11T12:55:20
EPCL,2026-04-21,34.83,34.86,33.83,34.09,612889,psxdata,2026-05-11T12:55:20
EPCL,2026-04-22,34.0,35.9,33.11,34.99,5319731,psxdata,2026-05-11T12:55:20
EPCL,2026-04-23,35.25,35.65,33.5,33.75,2217653,psxdata,2026-05-11T12:55:20
EPCL,2026-04-24,34.0,34.0,32.52,32.87,2276001,psxdata,2026-05-11T12:55:20
EPCL,2026-04-27,33.39,33.5,31.9,32.12,1558488,psxdata,2026-05-11T12:55:20
EPCL,2026-04-28,32.08,32.18,31.05,31.75,820987,psxdata,2026-05-11T12:55:20
EPCL,2026-04-29,31.75,32.55,31.35,32.01,2096865,psxdata,2026-05-11T12:55:20
EPCL,2026-04-30,31.8,33.6,31.12,32.6,2089542,psxdata,2026-05-11T12:55:20
EPCL,2026-05-04,32.9,33.35,32.25,32.44,1389173,psxdata,2026-05-11T12:55:20
EPCL,2026-05-05,32.01,33.5,32.0,33.25,1419918,psxdata,2026-05-11T12:55:20
EPCL,2026-05-06,33.5,33.8,33.0,33.55,1161006,psxdata,2026-05-11T12:55:20
EPCL,2026-05-07,33.99,35.3,33.5,35.09,3669068,psxdata,2026-05-11T12:55:20
EPCL,2026-05-08,34.58,35.49,34.01,34.8,2124650,psxdata,2026-05-11T12:55:20
