symbol,date,open,high,low,close,volume,source,collected_at
FCCL,2016-05-11,43.8,44.0,43.2,43.36,2247000,psxdata,2026-05-11T12:51:40
FCCL,2016-05-12,43.5,43.6,42.97,43.05,2020000,psxdata,2026-05-11T12:51:40
FCCL,2016-05-13,43.0,43.38,42.94,43.0,1922000,psxdata,2026-05-11T12:51:40
FCCL,2016-05-16,43.19,43.2,42.97,43.14,885000,psxdata,2026-05-11T12:51:40
FCCL,2016-05-17,43.08,43.24,42.77,42.91,1078500,psxdata,2026-05-11T12:51:40
FCCL,2016-05-18,43.0,43.19,42.4,42.56,2092000,psxdata,2026-05-11T12:51:40
FCCL,2016-05-19,42.8,43.24,42.66,43.04,1241000,psxdata,2026-05-11T12:51:40
FCCL,2016-05-20,43.04,43.09,42.67,42.71,954500,psxdata,2026-05-11T12:51:40
FCCL,2016-05-23,43.0,43.2,42.8,43.0,1110000,psxdata,2026-05-11T12:51:40
FCCL,2016-05-24,43.1,43.18,42.85,43.02,540500,psxdata,2026-05-11T12:51:40
FCCL,2016-05-25,42.9,43.0,42.52,42.59,900500,psxdata,2026-05-11T12:51:40
FCCL,2016-05-26,42.6,42.64,42.15,42.33,2180000,psxdata,2026-05-11T12:51:40
FCCL,2016-05-27,42.3,42.7,42.3,42.43,2731000,psxdata,2026-05-11T12:51:40
FCCL,2016-05-30,40.31,40.31,40.31,40.31,203000,psxdata,2026-05-11T12:51:40
FCCL,2016-05-31,38.3,38.3,38.3,38.3,2267000,psxdata,2026-05-11T12:51:40
FCCL,2016-06-01,36.39,36.39,36.39,36.39,122500,psxdata,2026-05-11T12:51:40
FCCL,2016-06-02,35.01,35.89,34.66,34.88,48492000,psxdata,2026-05-11T12:51:40
FCCL,2016-06-03,35.15,35.69,33.97,34.11,22803500,psxdata,2026-05-11T12:51:40
FCCL,2016-06-06,33.83,33.83,32.7,32.85,12401500,psxdata,2026-05-11T12:51:40
FCCL,2016-06-07,32.89,34.09,32.25,33.56,15028500,psxdata,2026-05-11T12:51:40
FCCL,2016-06-08,33.8,35.18,33.73,34.89,15719500,psxdata,2026-05-11T12:51:40
FCCL,2016-06-09,35.2,35.72,35.0,35.21,7419000,psxdata,2026-05-11T12:51:40
FCCL,2016-06-10,34.9,35.25,34.56,34.72,1491500,psxdata,2026-05-11T12:51:40
FCCL,2016-06-13,34.9,35.1,34.35,34.49,5211000,psxdata,2026-05-11T12:51:40
FCCL,2016-06-14,34.5,34.93,34.4,34.58,2144500,psxdata,2026-05-11T12:51:40
FCCL,2016-06-15,35.6,35.6,34.68,35.06,8092000,psxdata,2026-05-11T12:51:40
FCCL,2016-06-16,35.19,35.7,35.0,35.27,8055500,psxdata,2026-05-11T12:51:40
FCCL,2016-06-17,35.3,35.31,35.05,35.13,2241000,psxdata,2026-05-11T12:51:40
FCCL,2016-06-20,35.06,35.29,35.05,35.14,1915500,psxdata,2026-05-11T12:51:40
FCCL,2016-06-21,35.29,35.5,35.1,35.13,1166000,psxdata,2026-05-11T12:51:40
FCCL,2016-06-22,35.15,35.8,35.15,35.48,5422000,psxdata,2026-05-11T12:51:40
FCCL,2016-06-23,35.55,36.06,35.25,35.99,2910000,psxdata,2026-05-11T12:51:40
FCCL,2016-06-24,35.9,36.43,34.9,35.66,9034500,psxdata,2026-05-11T12:51:40
FCCL,2016-06-27,35.9,36.26,35.69,35.9,2774000,psxdata,2026-05-11T12:51:40
FCCL,2016-06-28,36.2,36.2,35.18,35.35,1804000,psxdata,2026-05-11T12:51:40
FCCL,2016-06-29,35.65,36.07,35.65,35.89,2590500,psxdata,2026-05-11T12:51:40
FCCL,2016-06-30,36.0,36.1,35.5,35.8,1385500,psxdata,2026-05-11T12:51:40
FCCL,2016-07-04,35.81,35.85,35.6,35.8,511000,psxdata,2026-05-11T12:51:40
FCCL,2016-07-11,36.01,36.8,35.8,36.55,4508000,psxdata,2026-05-11T12:51:40
FCCL,2016-07-12,36.45,38.18,36.45,37.91,7620500,psxdata,2026-05-11T12:51:40
FCCL,2016-07-13,38.0,38.35,37.55,37.88,5266500,psxdata,2026-05-11T12:51:40
FCCL,2016-07-14,37.99,38.3,37.7,38.26,3672500,psxdata,2026-05-11T12:51:40
FCCL,2016-07-15,38.24,38.5,37.86,38.02,2245500,psxdata,2026-05-11T12:51:40
FCCL,2016-07-18,38.08,38.15,37.6,37.98,1866000,psxdata,2026-05-11T12:51:40
FCCL,2016-07-19,38.01,38.33,37.84,38.09,2786500,psxdata,2026-05-11T12:51:40
FCCL,2016-07-20,37.97,38.0,37.8,37.86,803500,psxdata,2026-05-11T12:51:40
FCCL,2016-07-21,38.1,38.38,37.8,38.12,1958000,psxdata,2026-05-11T12:51:40
FCCL,2016-07-22,38.1,38.2,37.85,37.98,727500,psxdata,2026-05-11T12:51:40
FCCL,2016-07-25,37.74,37.94,37.7,37.74,778000,psxdata,2026-05-11T12:51:40
FCCL,2016-07-26,37.74,37.9,37.2,37.3,1910500,psxdata,2026-05-11T12:51:40
FCCL,2016-07-27,37.68,37.82,37.25,37.47,2071000,psxdata,2026-05-11T12:51:40
FCCL,2016-07-28,37.47,37.75,37.4,37.68,1198500,psxdata,2026-05-11T12:51:40
FCCL,2016-07-29,37.57,37.87,37.4,37.73,1042000,psxdata,2026-05-11T12:51:40
FCCL,2016-08-01,37.98,38.99,37.79,38.72,5155500,psxdata,2026-05-11T12:51:40
FCCL,2016-08-02,39.0,39.05,38.57,38.95,3494500,psxdata,2026-05-11T12:51:40
FCCL,2016-08-03,38.71,38.88,38.46,38.61,882000,psxdata,2026-05-11T12:51:40
FCCL,2016-08-04,38.5,38.59,38.26,38.28,1105500,psxdata,2026-05-11T12:51:40
FCCL,2016-08-05,38.3,38.3,37.65,37.94,2324000,psxdata,2026-05-11T12:51:40
FCCL,2016-08-08,38.19,38.19,37.8,38.07,646000,psxdata,2026-05-11T12:51:40
FCCL,2016-08-09,38.08,38.6,38.08,38.5,8229500,psxdata,2026-05-11T12:51:40
FCCL,2016-08-10,38.6,38.8,38.13,38.5,1693500,psxdata,2026-05-11T12:51:40
FCCL,2016-08-11,38.6,38.6,38.2,38.54,817500,psxdata,2026-05-11T12:51:40
FCCL,2016-08-12,38.7,38.7,38.22,38.55,703000,psxdata,2026-05-11T12:51:40
FCCL,2016-08-15,38.05,38.9,38.04,38.83,1282000,psxdata,2026-05-11T12:51:40
FCCL,2016-08-16,38.75,39.0,38.7,38.73,1015000,psxdata,2026-05-11T12:51:40
FCCL,2016-08-17,38.51,38.74,38.05,38.16,1942500,psxdata,2026-05-11T12:51:40
FCCL,2016-08-18,38.19,38.2,37.7,37.85,1660500,psxdata,2026-05-11T12:51:40
FCCL,2016-08-19,37.85,37.9,37.25,37.38,2468500,psxdata,2026-05-11T12:51:40
FCCL,2016-08-22,37.2,37.75,37.15,37.62,517500,psxdata,2026-05-11T12:51:40
FCCL,2016-08-23,37.25,37.9,37.04,37.52,906500,psxdata,2026-05-11T12:51:40
FCCL,2016-08-24,37.5,37.8,37.35,37.54,655500,psxdata,2026-05-11T12:51:40
FCCL,2016-08-25,37.31,38.28,37.31,38.01,2359000,psxdata,2026-05-11T12:51:40
FCCL,2016-08-26,37.7,38.4,37.7,38.3,967500,psxdata,2026-05-11T12:51:40
FCCL,2016-08-29,38.3,38.89,38.05,38.54,3525500,psxdata,2026-05-11T12:51:40
FCCL,2016-08-30,38.75,38.75,38.28,38.35,846000,psxdata,2026-05-11T12:51:40
FCCL,2016-08-31,38.5,38.5,37.81,38.04,1587000,psxdata,2026-05-11T12:51:40
FCCL,2016-09-01,37.9,38.2,37.75,37.93,1294500,psxdata,2026-05-11T12:51:40
FCCL,2016-09-02,37.62,37.9,37.0,37.42,3465000,psxdata,2026-05-11T12:51:40
FCCL,2016-09-05,37.42,37.5,37.0,37.13,1063500,psxdata,2026-05-11T12:51:40
FCCL,2016-09-06,37.01,37.75,37.0,37.62,1024000,psxdata,2026-05-11T12:51:40
FCCL,2016-09-07,37.6,38.05,37.41,37.96,1711500,psxdata,2026-05-11T12:51:40
FCCL,2016-09-08,37.81,38.0,37.42,37.6,614500,psxdata,2026-05-11T12:51:40
FCCL,2016-09-09,37.59,37.59,37.0,37.23,3730000,psxdata,2026-05-11T12:51:40
FCCL,2016-09-15,37.3,37.5,37.1,37.27,1210000,psxdata,2026-05-11T12:51:40
FCCL,2016-09-16,37.1,37.45,37.1,37.23,1072000,psxdata,2026-05-11T12:51:40
FCCL,2016-09-19,37.15,37.25,37.0,37.05,1980000,psxdata,2026-05-11T12:51:40
FCCL,2016-09-20,37.0,37.0,36.0,36.52,3204500,psxdata,2026-05-11T12:51:40
FCCL,2016-09-21,36.4,36.4,35.0,35.44,5128500,psxdata,2026-05-11T12:51:40
FCCL,2016-09-22,35.44,36.28,35.25,35.5,4152000,psxdata,2026-05-11T12:51:40
FCCL,2016-09-23,35.5,35.8,35.1,35.6,1622500,psxdata,2026-05-11T12:51:40
FCCL,2016-09-26,35.8,36.15,35.7,35.95,1151500,psxdata,2026-05-11T12:51:40
FCCL,2016-09-27,36.0,36.1,35.75,35.98,1155000,psxdata,2026-05-11T12:51:40
FCCL,2016-09-28,36.0,36.0,35.5,35.82,1271500,psxdata,2026-05-11T12:51:40
FCCL,2016-09-29,35.6,35.94,35.0,35.42,1986000,psxdata,2026-05-11T12:51:40
FCCL,2016-09-30,35.75,35.75,35.15,35.27,1229500,psxdata,2026-05-11T12:51:40
FCCL,2016-10-03,35.55,36.0,35.3,35.76,3055000,psxdata,2026-05-11T12:51:40
FCCL,2016-10-04,35.9,36.0,35.0,35.07,3968500,psxdata,2026-05-11T12:51:40
FCCL,2016-10-05,35.1,35.19,34.3,34.46,4389000,psxdata,2026-05-11T12:51:40
FCCL,2016-10-06,34.51,35.0,34.45,34.61,3584000,psxdata,2026-05-11T12:51:40
FCCL,2016-10-07,34.8,35.15,34.56,34.73,2656500,psxdata,2026-05-11T12:51:40
FCCL,2016-10-10,34.97,35.58,34.65,35.48,2277500,psxdata,2026-05-11T12:51:40
FCCL,2016-10-13,35.89,35.89,34.6,34.78,4371000,psxdata,2026-05-11T12:51:40
FCCL,2016-10-14,34.85,35.02,34.31,34.88,3523000,psxdata,2026-05-11T12:51:40
FCCL,2016-10-17,34.9,35.18,34.26,34.41,1999000,psxdata,2026-05-11T12:51:40
FCCL,2016-10-18,34.31,34.31,33.3,33.55,4712500,psxdata,2026-05-11T12:51:40
FCCL,2016-10-19,33.8,34.45,33.32,34.17,2568000,psxdata,2026-05-11T12:51:40
FCCL,2016-10-20,34.44,35.2,34.44,34.63,3848500,psxdata,2026-05-11T12:51:40
FCCL,2016-10-21,34.9,34.9,33.75,33.87,2650000,psxdata,2026-05-11T12:51:40
FCCL,2016-10-24,33.8,33.85,33.56,33.68,635500,psxdata,2026-05-11T12:51:40
FCCL,2016-10-25,33.6,33.99,33.12,33.7,1378500,psxdata,2026-05-11T12:51:40
FCCL,2016-10-26,33.97,34.0,33.75,33.81,857000,psxdata,2026-05-11T12:51:40
FCCL,2016-10-27,33.8,34.1,33.45,33.59,2161500,psxdata,2026-05-11T12:51:40
FCCL,2016-10-28,33.4,35.26,33.1,34.56,6245500,psxdata,2026-05-11T12:51:40
FCCL,2016-10-31,34.25,34.7,34.04,34.38,1495000,psxdata,2026-05-11T12:51:40
FCCL,2016-11-01,34.38,35.95,34.38,35.71,3346000,psxdata,2026-05-11T12:51:40
FCCL,2016-11-02,36.3,36.3,35.25,35.61,3401500,psxdata,2026-05-11T12:51:40
FCCL,2016-11-03,35.35,35.4,34.8,34.96,2903500,psxdata,2026-05-11T12:51:40
FCCL,2016-11-04,35.1,36.65,34.52,36.49,13942000,psxdata,2026-05-11T12:51:40
FCCL,2016-11-07,36.55,36.9,36.31,36.41,4099000,psxdata,2026-05-11T12:51:40
FCCL,2016-11-08,36.46,38.23,36.46,38.18,20329000,psxdata,2026-05-11T12:51:40
FCCL,2016-11-09,37.7,39.38,37.01,39.05,11842500,psxdata,2026-05-11T12:51:40
FCCL,2016-11-10,39.3,39.79,38.81,39.16,4822500,psxdata,2026-05-11T12:51:40
FCCL,2016-11-11,39.0,39.98,38.8,39.71,7853000,psxdata,2026-05-11T12:51:40
FCCL,2016-11-14,40.3,40.4,38.6,38.84,7575500,psxdata,2026-05-11T12:51:40
FCCL,2016-11-15,38.86,39.23,38.5,38.67,1981500,psxdata,2026-05-11T12:51:40
FCCL,2016-11-16,38.8,39.16,38.6,38.71,1488500,psxdata,2026-05-11T12:51:40
FCCL,2016-11-17,38.86,39.25,38.49,38.57,1725000,psxdata,2026-05-11T12:51:40
FCCL,2016-11-18,38.76,39.1,38.5,38.59,2465500,psxdata,2026-05-11T12:51:40
FCCL,2016-11-21,38.55,38.7,38.26,38.33,732500,psxdata,2026-05-11T12:51:40
FCCL,2016-11-22,38.41,39.2,38.36,38.95,3396500,psxdata,2026-05-11T12:51:40
FCCL,2016-11-23,39.15,39.5,38.7,39.39,3468000,psxdata,2026-05-11T12:51:40
FCCL,2016-11-24,39.45,39.74,38.85,38.92,3801000,psxdata,2026-05-11T12:51:40
FCCL,2016-11-25,38.95,39.2,38.75,38.88,2420000,psxdata,2026-05-11T12:51:40
FCCL,2016-11-28,39.11,39.32,38.88,39.06,2566000,psxdata,2026-05-11T12:51:40
FCCL,2016-11-29,39.15,39.35,38.75,38.9,1802500,psxdata,2026-05-11T12:51:40
FCCL,2016-11-30,38.9,39.24,38.8,39.15,1555000,psxdata,2026-05-11T12:51:40
FCCL,2016-12-01,38.51,38.99,38.2,38.29,2344500,psxdata,2026-05-11T12:51:40
FCCL,2016-12-02,38.4,38.65,38.2,38.32,3412500,psxdata,2026-05-11T12:51:40
FCCL,2016-12-05,38.5,39.25,38.32,39.15,7160000,psxdata,2026-05-11T12:51:40
FCCL,2016-12-06,39.29,41.1,39.29,41.1,17316000,psxdata,2026-05-11T12:51:40
FCCL,2016-12-07,41.74,42.0,41.05,41.48,16718000,psxdata,2026-05-11T12:51:40
FCCL,2016-12-08,41.7,41.89,40.86,41.77,6286000,psxdata,2026-05-11T12:51:40
FCCL,2016-12-09,41.8,42.99,41.45,42.1,18966000,psxdata,2026-05-11T12:51:40
FCCL,2016-12-13,42.25,42.5,41.31,41.62,9116000,psxdata,2026-05-11T12:51:40
FCCL,2016-12-14,41.62,41.65,40.9,41.49,10356000,psxdata,2026-05-11T12:51:40
FCCL,2016-12-15,41.49,42.3,41.17,41.83,9834000,psxdata,2026-05-11T12:51:40
FCCL,2016-12-16,41.9,42.1,41.3,41.41,5130000,psxdata,2026-05-11T12:51:40
FCCL,2016-12-19,41.6,42.1,41.6,41.66,3868000,psxdata,2026-05-11T12:51:40
FCCL,2016-12-20,41.8,42.35,41.71,41.99,6586000,psxdata,2026-05-11T12:51:40
FCCL,2016-12-21,42.1,42.5,41.51,42.11,5759500,psxdata,2026-05-11T12:51:40
FCCL,2016-12-22,42.2,42.25,41.65,41.7,1625000,psxdata,2026-05-11T12:51:40
FCCL,2016-12-23,41.75,42.11,41.5,41.84,1151500,psxdata,2026-05-11T12:51:40
FCCL,2016-12-26,42.0,42.05,41.71,41.92,602500,psxdata,2026-05-11T12:51:40
FCCL,2016-12-27,42.0,42.24,41.8,42.12,2357500,psxdata,2026-05-11T12:51:40
FCCL,2016-12-28,42.1,43.38,42.1,43.06,11295000,psxdata,2026-05-11T12:51:40
FCCL,2016-12-29,43.1,45.21,43.1,45.21,21396000,psxdata,2026-05-11T12:51:40
FCCL,2016-12-30,45.49,45.6,44.6,45.08,6806000,psxdata,2026-05-11T12:51:40
FCCL,2017-01-02,45.17,46.19,45.1,45.9,10587500,psxdata,2026-05-11T12:51:40
FCCL,2017-01-03,46.09,48.19,45.5,48.19,15308000,psxdata,2026-05-11T12:51:40
FCCL,2017-01-04,48.4,49.2,47.32,47.58,15381500,psxdata,2026-05-11T12:51:40
FCCL,2017-01-05,47.5,48.3,46.75,46.99,6240000,psxdata,2026-05-11T12:51:40
FCCL,2017-01-06,47.0,47.4,46.7,46.8,2346000,psxdata,2026-05-11T12:51:40
FCCL,2017-01-09,46.8,48.47,46.59,47.58,6285500,psxdata,2026-05-11T12:51:40
FCCL,2017-01-10,47.65,47.82,47.0,47.48,1449500,psxdata,2026-05-11T12:51:40
FCCL,2017-01-11,47.5,48.34,47.1,47.77,3340500,psxdata,2026-05-11T12:51:40
FCCL,2017-01-12,48.0,48.27,47.5,47.56,2943500,psxdata,2026-05-11T12:51:40
FCCL,2017-01-13,47.88,47.88,47.0,47.07,2581000,psxdata,2026-05-11T12:51:40
FCCL,2017-01-16,47.9,47.99,47.0,47.14,3664000,psxdata,2026-05-11T12:51:40
FCCL,2017-01-17,47.1,47.49,45.55,46.7,2608500,psxdata,2026-05-11T12:51:40
FCCL,2017-01-18,46.98,47.15,45.8,46.21,1972000,psxdata,2026-05-11T12:51:40
FCCL,2017-01-19,46.35,46.59,45.75,46.32,5154500,psxdata,2026-05-11T12:51:40
FCCL,2017-01-20,46.37,46.95,46.1,46.41,2321500,psxdata,2026-05-11T12:51:40
FCCL,2017-01-23,46.53,46.65,46.1,46.41,3640000,psxdata,2026-05-11T12:51:40
FCCL,2017-01-24,46.75,47.48,46.45,47.08,7067000,psxdata,2026-05-11T12:51:40
FCCL,2017-01-25,47.26,47.5,46.65,46.8,2952000,psxdata,2026-05-11T12:51:40
FCCL,2017-01-26,46.99,47.15,46.5,47.08,3145500,psxdata,2026-05-11T12:51:40
FCCL,2017-01-27,47.39,47.5,46.29,46.54,4321000,psxdata,2026-05-11T12:51:40
FCCL,2017-01-30,46.6,46.88,45.7,45.95,4195500,psxdata,2026-05-11T12:51:40
FCCL,2017-01-31,45.99,46.0,44.75,45.04,8548500,psxdata,2026-05-11T12:51:40
FCCL,2017-02-01,45.35,46.5,45.2,46.32,3062500,psxdata,2026-05-11T12:51:40
FCCL,2017-02-02,46.26,46.32,45.25,45.53,2466500,psxdata,2026-05-11T12:51:40
FCCL,2017-02-03,45.3,45.95,45.05,45.31,713500,psxdata,2026-05-11T12:51:40
FCCL,2017-02-06,45.5,45.69,45.25,45.5,699000,psxdata,2026-05-11T12:51:40
FCCL,2017-02-07,45.75,45.89,45.45,45.69,1302000,psxdata,2026-05-11T12:51:40
FCCL,2017-02-08,45.69,45.95,45.51,45.7,2199000,psxdata,2026-05-11T12:51:40
FCCL,2017-02-09,45.71,47.98,45.7,47.98,18110000,psxdata,2026-05-11T12:51:40
FCCL,2017-02-10,48.05,48.35,47.37,47.53,3849000,psxdata,2026-05-11T12:51:40
FCCL,2017-02-13,47.89,47.89,46.55,46.96,1915500,psxdata,2026-05-11T12:51:40
FCCL,2017-02-14,46.81,47.14,46.6,46.76,1529500,psxdata,2026-05-11T12:51:40
FCCL,2017-02-15,46.75,46.94,44.76,45.53,5062500,psxdata,2026-05-11T12:51:40
FCCL,2017-02-16,44.9,45.7,44.75,44.88,2934000,psxdata,2026-05-11T12:51:40
FCCL,2017-02-17,44.5,44.69,43.75,43.9,4562000,psxdata,2026-05-11T12:51:40
FCCL,2017-02-20,44.4,44.5,43.7,43.79,1063500,psxdata,2026-05-11T12:51:40
FCCL,2017-02-21,43.6,44.39,43.24,44.12,1517500,psxdata,2026-05-11T12:51:40
FCCL,2017-02-22,44.02,44.5,43.51,44.02,1023000,psxdata,2026-05-11T12:51:40
FCCL,2017-02-23,43.5,44.21,43.11,43.99,1040500,psxdata,2026-05-11T12:51:40
FCCL,2017-02-24,43.99,44.85,43.8,44.7,2550500,psxdata,2026-05-11T12:51:40
FCCL,2017-02-27,44.99,45.1,44.55,44.61,1910500,psxdata,2026-05-11T12:51:40
FCCL,2017-02-28,44.6,44.75,44.2,44.62,1032500,psxdata,2026-05-11T12:51:40
FCCL,2017-03-01,44.94,45.25,44.6,45.0,879500,psxdata,2026-05-11T12:51:40
FCCL,2017-03-02,45.4,46.7,45.26,46.05,3062000,psxdata,2026-05-11T12:51:40
FCCL,2017-03-03,46.35,46.45,44.99,45.14,1824000,psxdata,2026-05-11T12:51:40
FCCL,2017-03-06,45.5,45.65,44.75,44.9,1123500,psxdata,2026-05-11T12:51:40
FCCL,2017-03-07,44.61,45.0,43.95,44.1,2837000,psxdata,2026-05-11T12:51:40
FCCL,2017-03-08,44.25,44.5,43.65,44.06,2967500,psxdata,2026-05-11T12:51:40
FCCL,2017-03-09,44.25,44.8,43.5,43.74,3313500,psxdata,2026-05-11T12:51:40
FCCL,2017-03-10,43.61,44.6,43.3,44.26,1331500,psxdata,2026-05-11T12:51:40
FCCL,2017-03-13,44.39,44.5,43.56,43.67,1108500,psxdata,2026-05-11T12:51:40
FCCL,2017-03-14,43.77,44.19,43.31,43.97,1472000,psxdata,2026-05-11T12:51:40
FCCL,2017-03-15,44.1,44.29,42.9,43.13,2712500,psxdata,2026-05-11T12:51:40
FCCL,2017-03-16,43.2,43.7,42.71,43.2,4703000,psxdata,2026-05-11T12:51:40
FCCL,2017-03-17,43.31,44.56,42.07,43.02,9405000,psxdata,2026-05-11T12:51:40
FCCL,2017-03-20,43.8,43.8,42.9,43.27,1108500,psxdata,2026-05-11T12:51:40
FCCL,2017-03-21,43.41,43.9,43.31,43.76,1203500,psxdata,2026-05-11T12:51:40
FCCL,2017-03-22,43.81,44.25,43.4,43.78,865500,psxdata,2026-05-11T12:51:40
FCCL,2017-03-24,43.75,43.89,43.41,43.5,721500,psxdata,2026-05-11T12:51:40
FCCL,2017-03-27,43.74,43.74,43.1,43.19,721000,psxdata,2026-05-11T12:51:40
FCCL,2017-03-28,43.11,43.3,42.9,43.1,554500,psxdata,2026-05-11T12:51:40
FCCL,2017-03-29,43.0,43.45,42.5,42.83,1362000,psxdata,2026-05-11T12:51:40
FCCL,2017-03-30,42.7,43.0,42.51,42.72,716500,psxdata,2026-05-11T12:51:40
FCCL,2017-03-31,43.0,43.0,41.91,42.68,3097000,psxdata,2026-05-11T12:51:40
FCCL,2017-04-03,42.97,42.98,42.5,42.73,793000,psxdata,2026-05-11T12:51:40
FCCL,2017-04-04,42.88,42.98,42.59,42.77,238000,psxdata,2026-05-11T12:51:40
FCCL,2017-04-05,42.89,42.89,41.42,41.74,3602000,psxdata,2026-05-11T12:51:40
FCCL,2017-04-06,41.8,41.95,41.2,41.38,1043000,psxdata,2026-05-11T12:51:40
FCCL,2017-04-07,41.38,42.6,41.37,42.3,817000,psxdata,2026-05-11T12:51:40
FCCL,2017-04-10,42.2,42.24,41.68,41.79,343500,psxdata,2026-05-11T12:51:40
FCCL,2017-04-11,41.5,41.95,41.5,41.79,358000,psxdata,2026-05-11T12:51:40
FCCL,2017-04-12,41.75,43.0,41.55,42.82,1804000,psxdata,2026-05-11T12:51:40
FCCL,2017-04-13,43.0,43.15,41.9,42.01,1188000,psxdata,2026-05-11T12:51:40
FCCL,2017-04-14,42.01,42.01,41.6,41.68,445000,psxdata,2026-05-11T12:51:40
FCCL,2017-04-17,41.68,41.85,40.13,40.43,1879500,psxdata,2026-05-11T12:51:40
FCCL,2017-04-18,40.05,40.9,40.05,40.4,610000,psxdata,2026-05-11T12:51:40
FCCL,2017-04-19,39.75,42.42,39.21,42.42,4388000,psxdata,2026-05-11T12:51:40
FCCL,2017-04-20,42.8,44.54,42.3,44.44,13475000,psxdata,2026-05-11T12:51:40
FCCL,2017-04-21,44.25,45.19,43.81,44.13,3654500,psxdata,2026-05-11T12:51:40
FCCL,2017-04-24,44.0,44.5,43.5,43.93,2581500,psxdata,2026-05-11T12:51:40
FCCL,2017-04-25,43.75,44.25,43.45,43.52,2013500,psxdata,2026-05-11T12:51:40
FCCL,2017-04-26,43.5,44.0,43.1,43.91,2740500,psxdata,2026-05-11T12:51:40
FCCL,2017-04-27,44.11,44.3,43.6,43.78,1959000,psxdata,2026-05-11T12:51:40
FCCL,2017-04-28,44.09,44.09,43.3,43.79,1067000,psxdata,2026-05-11T12:51:40
FCCL,2017-05-02,43.9,44.0,41.85,42.28,4109500,psxdata,2026-05-11T12:51:40
FCCL,2017-05-03,42.5,42.84,42.0,42.28,1783000,psxdata,2026-05-11T12:51:40
FCCL,2017-05-04,42.3,43.2,42.16,42.98,4573000,psxdata,2026-05-11T12:51:40
FCCL,2017-05-05,43.25,45.12,43.25,45.12,11913500,psxdata,2026-05-11T12:51:40
FCCL,2017-05-08,45.3,46.7,45.3,45.98,7187000,psxdata,2026-05-11T12:51:40
FCCL,2017-05-09,46.1,46.99,45.05,45.38,8377000,psxdata,2026-05-11T12:51:40
FCCL,2017-05-10,45.55,45.9,44.6,44.86,2490500,psxdata,2026-05-11T12:51:40
FCCL,2017-05-11,45.05,45.5,45.05,45.34,1853500,psxdata,2026-05-11T12:51:40
FCCL,2017-05-12,45.35,45.94,45.1,45.3,1903000,psxdata,2026-05-11T12:51:40
FCCL,2017-05-15,47.5,47.5,46.2,46.32,5048500,psxdata,2026-05-11T12:51:40
FCCL,2017-05-16,46.75,46.9,45.57,45.97,3762000,psxdata,2026-05-11T12:51:40
FCCL,2017-05-17,45.8,46.3,45.5,45.9,1557500,psxdata,2026-05-11T12:51:40
FCCL,2017-05-18,45.99,46.0,45.1,45.48,1494000,psxdata,2026-05-11T12:51:40
FCCL,2017-05-19,45.61,45.79,44.83,44.94,1975500,psxdata,2026-05-11T12:51:40
FCCL,2017-05-22,45.0,45.25,44.81,45.07,964000,psxdata,2026-05-11T12:51:40
FCCL,2017-05-23,45.33,46.44,45.3,46.24,4431500,psxdata,2026-05-11T12:51:40
FCCL,2017-05-24,46.6,47.5,46.4,47.3,8507500,psxdata,2026-05-11T12:51:40
FCCL,2017-05-25,47.4,47.85,46.78,46.84,9350000,psxdata,2026-05-11T12:51:40
FCCL,2017-05-26,46.52,47.0,46.2,46.41,10815000,psxdata,2026-05-11T12:51:40
FCCL,2017-05-29,46.05,46.05,45.3,45.52,3340500,psxdata,2026-05-11T12:51:40
FCCL,2017-05-30,45.95,46.22,45.0,45.41,2092000,psxdata,2026-05-11T12:51:40
FCCL,2017-05-31,45.74,46.0,43.3,45.31,20852000,psxdata,2026-05-11T12:51:40
FCCL,2017-06-01,44.94,45.89,43.05,43.42,8707000,psxdata,2026-05-11T12:51:40
FCCL,2017-06-02,43.42,44.0,42.71,43.31,4405500,psxdata,2026-05-11T12:51:40
FCCL,2017-06-05,43.5,45.47,43.5,45.22,3146000,psxdata,2026-05-11T12:51:40
FCCL,2017-06-06,45.5,46.15,45.5,46.01,3820000,psxdata,2026-05-11T12:51:40
FCCL,2017-06-07,46.0,46.0,45.01,45.58,935000,psxdata,2026-05-11T12:51:40
FCCL,2017-06-08,45.19,45.66,45.0,45.24,1071000,psxdata,2026-05-11T12:51:40
FCCL,2017-06-09,45.11,46.02,45.11,45.42,1672500,psxdata,2026-05-11T12:51:40
FCCL,2017-06-12,45.0,45.0,43.15,43.31,3734500,psxdata,2026-05-11T12:51:40
FCCL,2017-06-13,43.3,44.48,42.9,43.68,2161500,psxdata,2026-05-11T12:51:40
FCCL,2017-06-14,44.5,44.5,42.6,42.78,2211500,psxdata,2026-05-11T12:51:40
FCCL,2017-06-15,42.51,43.49,42.25,42.74,1091500,psxdata,2026-05-11T12:51:40
FCCL,2017-06-16,42.75,43.72,42.15,43.34,1568500,psxdata,2026-05-11T12:51:40
FCCL,2017-06-19,43.3,43.35,42.5,42.78,726000,psxdata,2026-05-11T12:51:40
FCCL,2017-06-20,42.9,43.05,40.65,41.3,4699500,psxdata,2026-05-11T12:51:40
FCCL,2017-06-21,41.52,42.3,40.02,41.81,4255500,psxdata,2026-05-11T12:51:40
FCCL,2017-06-22,42.0,42.9,41.8,42.14,2931000,psxdata,2026-05-11T12:51:40
FCCL,2017-06-29,41.99,42.4,41.28,41.73,1580500,psxdata,2026-05-11T12:51:40
FCCL,2017-06-30,41.95,42.09,40.94,41.03,1132500,psxdata,2026-05-11T12:51:40
FCCL,2017-07-03,40.31,40.31,38.98,39.0,5144000,psxdata,2026-05-11T12:51:40
FCCL,2017-07-04,39.0,40.5,38.5,40.05,1748000,psxdata,2026-05-11T12:51:40
FCCL,2017-07-05,39.55,41.58,39.5,39.91,2914000,psxdata,2026-05-11T12:51:40
FCCL,2017-07-06,39.75,40.65,38.96,39.43,2279000,psxdata,2026-05-11T12:51:40
FCCL,2017-07-07,39.41,40.48,39.08,40.32,874000,psxdata,2026-05-11T12:51:40
FCCL,2017-07-10,39.25,41.7,39.02,41.52,4742500,psxdata,2026-05-11T12:51:40
FCCL,2017-07-11,40.0,40.59,39.45,39.45,5308000,psxdata,2026-05-11T12:51:40
FCCL,2017-07-12,39.11,40.21,38.7,39.75,3401000,psxdata,2026-05-11T12:51:40
FCCL,2017-07-13,40.0,40.0,38.71,39.35,1808500,psxdata,2026-05-11T12:51:40
FCCL,2017-07-14,39.5,40.69,39.1,40.22,2122000,psxdata,2026-05-11T12:51:40
FCCL,2017-07-17,39.51,40.64,39.51,40.3,466500,psxdata,2026-05-11T12:51:40
FCCL,2017-07-18,40.65,42.0,40.5,41.8,3532000,psxdata,2026-05-11T12:51:40
FCCL,2017-07-19,41.7,41.7,41.0,41.07,701500,psxdata,2026-05-11T12:51:40
FCCL,2017-07-20,41.5,41.89,40.11,40.31,735500,psxdata,2026-05-11T12:51:40
FCCL,2017-07-21,40.01,40.76,39.56,40.4,1939000,psxdata,2026-05-11T12:51:40
FCCL,2017-07-24,40.74,40.74,39.9,40.04,591000,psxdata,2026-05-11T12:51:40
FCCL,2017-07-25,40.3,41.4,40.25,41.29,1290500,psxdata,2026-05-11T12:51:40
FCCL,2017-07-26,41.29,41.49,40.7,40.83,592000,psxdata,2026-05-11T12:51:40
FCCL,2017-07-27,40.72,40.75,40.25,40.41,818500,psxdata,2026-05-11T12:51:40
FCCL,2017-07-28,38.75,40.56,38.5,40.05,8275000,psxdata,2026-05-11T12:51:40
FCCL,2017-07-31,40.5,41.3,40.0,40.17,2960500,psxdata,2026-05-11T12:51:40
FCCL,2017-08-01,40.2,40.75,40.2,40.62,1386500,psxdata,2026-05-11T12:51:40
FCCL,2017-08-02,40.89,41.24,40.75,41.16,1943000,psxdata,2026-05-11T12:51:40
FCCL,2017-08-03,41.35,41.44,40.81,41.09,1004000,psxdata,2026-05-11T12:51:40
FCCL,2017-08-04,41.4,41.4,40.7,40.87,670500,psxdata,2026-05-11T12:51:40
FCCL,2017-08-07,40.9,41.0,40.45,40.77,765500,psxdata,2026-05-11T12:51:40
FCCL,2017-08-08,40.71,40.75,40.0,40.08,422500,psxdata,2026-05-11T12:51:40
FCCL,2017-08-09,40.08,40.69,40.0,40.31,516500,psxdata,2026-05-11T12:51:40
FCCL,2017-08-10,40.12,40.8,40.0,40.04,309500,psxdata,2026-05-11T12:51:40
FCCL,2017-08-11,40.0,40.2,39.9,40.01,333500,psxdata,2026-05-11T12:51:40
FCCL,2017-08-15,39.75,40.01,38.01,38.27,2969500,psxdata,2026-05-11T12:51:40
FCCL,2017-08-16,38.98,38.98,37.29,38.5,1425000,psxdata,2026-05-11T12:51:40
FCCL,2017-08-17,38.6,38.6,36.58,36.66,3868000,psxdata,2026-05-11T12:51:40
FCCL,2017-08-18,36.15,37.0,35.2,36.42,2427500,psxdata,2026-05-11T12:51:40
FCCL,2017-08-21,36.16,36.25,34.6,35.21,4264000,psxdata,2026-05-11T12:51:40
FCCL,2017-08-22,34.76,35.3,33.45,34.51,5470000,psxdata,2026-05-11T12:51:40
FCCL,2017-08-23,34.8,36.23,34.8,36.21,5416000,psxdata,2026-05-11T12:51:40
FCCL,2017-08-24,36.5,37.25,34.46,34.82,2325000,psxdata,2026-05-11T12:51:40
FCCL,2017-08-25,34.5,35.7,34.1,34.79,2923500,psxdata,2026-05-11T12:51:40
FCCL,2017-08-28,34.27,35.5,34.21,34.42,1044000,psxdata,2026-05-11T12:51:40
FCCL,2017-08-29,34.02,34.5,33.5,33.9,1433000,psxdata,2026-05-11T12:51:40
FCCL,2017-08-30,34.19,35.5,34.19,34.64,1335000,psxdata,2026-05-11T12:51:40
FCCL,2017-08-31,34.6,34.75,34.1,34.31,809500,psxdata,2026-05-11T12:51:40
FCCL,2017-09-05,34.31,35.23,34.25,35.0,1394000,psxdata,2026-05-11T12:51:40
FCCL,2017-09-06,35.25,35.48,34.6,34.99,982500,psxdata,2026-05-11T12:51:40
FCCL,2017-09-07,34.82,34.97,34.01,34.7,637500,psxdata,2026-05-11T12:51:40
FCCL,2017-09-08,34.98,35.3,34.53,34.83,712000,psxdata,2026-05-11T12:51:40
FCCL,2017-09-11,35.01,35.01,33.72,34.11,1005500,psxdata,2026-05-11T12:51:40
FCCL,2017-09-12,34.11,34.3,33.6,33.81,751500,psxdata,2026-05-11T12:51:40
FCCL,2017-09-13,33.81,34.48,33.81,34.24,895000,psxdata,2026-05-11T12:51:40
FCCL,2017-09-14,34.47,34.47,33.6,33.82,1908000,psxdata,2026-05-11T12:51:40
FCCL,2017-09-15,34.39,34.6,33.84,34.24,1022500,psxdata,2026-05-11T12:51:40
FCCL,2017-09-18,34.21,34.79,33.75,34.31,2430000,psxdata,2026-05-11T12:51:40
FCCL,2017-09-19,34.5,34.98,34.5,34.78,1377500,psxdata,2026-05-11T12:51:40
FCCL,2017-09-20,34.51,36.26,34.51,35.21,1348000,psxdata,2026-05-11T12:51:40
FCCL,2017-09-21,34.91,35.0,34.31,34.48,753500,psxdata,2026-05-11T12:51:40
FCCL,2017-09-22,34.5,34.68,34.07,34.3,274500,psxdata,2026-05-11T12:51:40
FCCL,2017-09-25,34.22,35.2,34.0,34.14,837500,psxdata,2026-05-11T12:51:40
FCCL,2017-09-26,34.2,34.49,33.43,33.51,680000,psxdata,2026-05-11T12:51:40
FCCL,2017-09-27,33.43,33.75,32.86,32.96,717000,psxdata,2026-05-11T12:51:40
FCCL,2017-09-28,32.81,33.27,32.0,32.16,1739500,psxdata,2026-05-11T12:51:40
FCCL,2017-09-29,32.1,33.18,32.01,32.52,1084500,psxdata,2026-05-11T12:51:40
FCCL,2017-10-02,32.5,32.75,31.4,31.87,1091000,psxdata,2026-05-11T12:51:40
FCCL,2017-10-03,31.55,32.0,30.28,30.28,3348000,psxdata,2026-05-11T12:51:40
FCCL,2017-10-04,30.0,30.29,28.77,28.98,2348500,psxdata,2026-05-11T12:51:40
FCCL,2017-10-05,29.5,29.8,27.8,29.49,3163000,psxdata,2026-05-11T12:51:40
FCCL,2017-10-06,29.7,30.96,29.7,30.96,2079000,psxdata,2026-05-11T12:51:40
FCCL,2017-10-09,31.0,31.2,30.15,30.22,2160500,psxdata,2026-05-11T12:51:40
FCCL,2017-10-10,29.9,30.75,29.8,30.48,1606000,psxdata,2026-05-11T12:51:40
FCCL,2017-10-11,30.7,30.74,30.06,30.35,2056500,psxdata,2026-05-11T12:51:40
FCCL,2017-10-12,30.33,30.5,29.8,30.01,928500,psxdata,2026-05-11T12:51:40
FCCL,2017-10-13,29.75,29.9,28.51,28.56,6061000,psxdata,2026-05-11T12:51:40
FCCL,2017-10-16,28.99,29.5,28.8,29.45,2433000,psxdata,2026-05-11T12:51:40
FCCL,2017-10-17,29.85,30.0,29.2,29.34,2218000,psxdata,2026-05-11T12:51:40
FCCL,2017-10-18,29.5,30.8,28.25,30.13,3523500,psxdata,2026-05-11T12:51:40
FCCL,2017-10-19,30.48,31.6,30.4,31.49,5356500,psxdata,2026-05-11T12:51:40
FCCL,2017-10-20,30.9,31.65,30.25,31.31,7013500,psxdata,2026-05-11T12:51:40
FCCL,2017-10-23,31.55,31.65,30.26,30.35,4929000,psxdata,2026-05-11T12:51:40
FCCL,2017-10-24,30.4,30.49,28.9,28.98,4540500,psxdata,2026-05-11T12:51:40
FCCL,2017-10-25,29.19,29.65,29.0,29.4,1050000,psxdata,2026-05-11T12:51:40
FCCL,2017-10-26,29.1,30.0,29.1,29.73,2234500,psxdata,2026-05-11T12:51:40
FCCL,2017-10-27,29.72,30.25,29.34,29.97,2128500,psxdata,2026-05-11T12:51:40
FCCL,2017-10-30,29.95,29.95,28.6,28.75,1006500,psxdata,2026-05-11T12:51:40
FCCL,2017-10-31,28.3,28.9,27.48,27.84,3594000,psxdata,2026-05-11T12:51:40
FCCL,2017-11-01,27.8,28.6,27.8,28.28,1128500,psxdata,2026-05-11T12:51:40
FCCL,2017-11-02,28.2,28.49,27.8,27.86,425500,psxdata,2026-05-11T12:51:40
FCCL,2017-11-03,28.0,28.63,27.77,28.54,1410500,psxdata,2026-05-11T12:51:40
FCCL,2017-11-06,28.5,28.71,28.3,28.42,801500,psxdata,2026-05-11T12:51:40
FCCL,2017-11-07,28.51,28.6,28.05,28.42,361000,psxdata,2026-05-11T12:51:40
FCCL,2017-11-08,28.4,28.9,28.35,28.79,530500,psxdata,2026-05-11T12:51:40
FCCL,2017-11-09,28.98,29.29,28.9,29.03,788500,psxdata,2026-05-11T12:51:40
FCCL,2017-11-10,29.2,29.3,28.85,28.96,1402500,psxdata,2026-05-11T12:51:40
FCCL,2017-11-13,28.8,28.98,28.5,28.61,278500,psxdata,2026-05-11T12:51:40
FCCL,2017-11-14,28.46,29.2,28.46,29.02,1441500,psxdata,2026-05-11T12:51:40
FCCL,2017-11-15,29.18,29.2,28.6,28.73,1355000,psxdata,2026-05-11T12:51:40
FCCL,2017-11-16,28.75,29.0,28.23,28.41,1447000,psxdata,2026-05-11T12:51:40
FCCL,2017-11-17,28.66,28.75,28.2,28.68,279500,psxdata,2026-05-11T12:51:40
FCCL,2017-11-20,28.36,28.7,27.65,27.84,850000,psxdata,2026-05-11T12:51:40
FCCL,2017-11-21,27.53,27.95,27.35,27.55,1362500,psxdata,2026-05-11T12:51:40
FCCL,2017-11-22,27.6,27.89,27.35,27.77,687000,psxdata,2026-05-11T12:51:40
FCCL,2017-11-23,27.8,27.94,27.61,27.76,697000,psxdata,2026-05-11T12:51:40
FCCL,2017-11-24,27.75,27.8,27.37,27.55,848500,psxdata,2026-05-11T12:51:40
FCCL,2017-11-27,27.6,27.6,27.3,27.37,418000,psxdata,2026-05-11T12:51:40
FCCL,2017-11-28,27.6,27.6,26.65,26.76,1529000,psxdata,2026-05-11T12:51:40
FCCL,2017-11-29,26.8,27.4,26.7,26.98,9408500,psxdata,2026-05-11T12:51:40
FCCL,2017-11-30,27.0,27.2,26.8,27.04,2641500,psxdata,2026-05-11T12:51:40
FCCL,2017-12-04,27.23,27.23,26.85,26.86,329500,psxdata,2026-05-11T12:51:40
FCCL,2017-12-05,26.95,27.05,26.17,26.4,1712500,psxdata,2026-05-11T12:51:40
FCCL,2017-12-06,26.5,26.7,26.37,26.58,348500,psxdata,2026-05-11T12:51:40
FCCL,2017-12-07,26.58,26.6,25.26,25.26,1732500,psxdata,2026-05-11T12:51:40
FCCL,2017-12-08,24.8,25.25,24.12,24.44,2479500,psxdata,2026-05-11T12:51:40
FCCL,2017-12-11,24.06,24.8,23.22,23.22,1675000,psxdata,2026-05-11T12:51:40
FCCL,2017-12-12,22.76,23.07,22.18,22.79,1833000,psxdata,2026-05-11T12:51:40
FCCL,2017-12-13,23.0,23.4,22.0,23.16,2406000,psxdata,2026-05-11T12:51:40
FCCL,2017-12-14,22.81,23.0,22.01,22.02,1467000,psxdata,2026-05-11T12:51:40
FCCL,2017-12-15,22.35,22.95,22.04,22.81,2059000,psxdata,2026-05-11T12:51:40
FCCL,2017-12-18,22.55,22.75,22.21,22.32,264500,psxdata,2026-05-11T12:51:40
FCCL,2017-12-19,22.2,22.5,21.25,21.33,640500,psxdata,2026-05-11T12:51:40
FCCL,2017-12-20,21.85,22.0,20.42,21.0,891000,psxdata,2026-05-11T12:51:40
FCCL,2017-12-21,21.01,21.69,20.52,21.49,6655500,psxdata,2026-05-11T12:51:40
FCCL,2017-12-22,21.88,22.56,21.39,22.56,8579000,psxdata,2026-05-11T12:51:40
FCCL,2017-12-26,22.89,23.68,22.5,23.68,14628000,psxdata,2026-05-11T12:51:40
FCCL,2017-12-27,24.28,24.86,24.0,24.86,2981500,psxdata,2026-05-11T12:51:40
FCCL,2017-12-28,25.7,26.1,25.5,25.85,8077000,psxdata,2026-05-11T12:51:40
FCCL,2017-12-29,25.9,25.98,24.7,25.01,6064500,psxdata,2026-05-11T12:51:40
FCCL,2018-01-01,25.0,25.1,23.91,24.82,3081500,psxdata,2026-05-11T12:51:40
FCCL,2018-01-02,24.51,26.06,24.15,26.06,10627500,psxdata,2026-05-11T12:51:40
FCCL,2018-01-03,26.39,26.77,25.61,26.04,9397500,psxdata,2026-05-11T12:51:40
FCCL,2018-01-04,26.0,27.34,25.66,26.83,10085500,psxdata,2026-05-11T12:51:40
FCCL,2018-01-05,26.9,27.94,26.55,27.76,5989500,psxdata,2026-05-11T12:51:40
FCCL,2018-01-08,27.98,28.13,26.91,27.16,8989000,psxdata,2026-05-11T12:51:40
FCCL,2018-01-09,27.07,27.28,26.45,26.99,4495500,psxdata,2026-05-11T12:51:40
FCCL,2018-01-10,26.95,27.87,26.8,27.67,9864000,psxdata,2026-05-11T12:51:40
FCCL,2018-01-11,27.67,28.65,27.45,28.03,16896000,psxdata,2026-05-11T12:51:40
FCCL,2018-01-12,28.0,28.0,26.72,26.93,7428000,psxdata,2026-05-11T12:51:40
FCCL,2018-01-15,26.76,26.9,26.22,26.35,2601500,psxdata,2026-05-11T12:51:40
FCCL,2018-01-16,26.8,27.3,26.32,26.49,5871500,psxdata,2026-05-11T12:51:40
FCCL,2018-01-17,26.5,27.35,26.31,27.19,5532000,psxdata,2026-05-11T12:51:40
FCCL,2018-01-18,27.59,27.94,26.81,27.01,6877500,psxdata,2026-05-11T12:51:40
FCCL,2018-01-19,27.4,28.2,27.2,27.91,7985500,psxdata,2026-05-11T12:51:40
FCCL,2018-01-22,28.4,29.15,27.9,29.06,10516500,psxdata,2026-05-11T12:51:40
FCCL,2018-01-23,29.15,29.3,28.5,28.79,6976500,psxdata,2026-05-11T12:51:40
FCCL,2018-01-24,29.15,30.22,29.1,30.16,18686500,psxdata,2026-05-11T12:51:40
FCCL,2018-01-25,30.5,30.7,29.75,30.0,4848500,psxdata,2026-05-11T12:51:40
FCCL,2018-01-26,29.85,29.95,29.15,29.69,5112000,psxdata,2026-05-11T12:51:40
FCCL,2018-01-29,29.25,29.86,28.91,29.14,2699500,psxdata,2026-05-11T12:51:40
FCCL,2018-01-30,29.19,29.4,28.8,28.94,1659000,psxdata,2026-05-11T12:51:40
FCCL,2018-01-31,29.25,29.46,28.95,29.05,2449000,psxdata,2026-05-11T12:51:40
FCCL,2018-02-01,29.43,29.55,29.2,29.35,5437500,psxdata,2026-05-11T12:51:40
FCCL,2018-02-02,29.49,29.69,28.5,28.6,8125500,psxdata,2026-05-11T12:51:40
FCCL,2018-02-06,28.5,28.65,28.0,28.53,2716000,psxdata,2026-05-11T12:51:40
FCCL,2018-02-07,29.0,29.23,28.81,29.0,4308500,psxdata,2026-05-11T12:51:40
FCCL,2018-02-08,29.15,29.19,27.74,28.14,4004500,psxdata,2026-05-11T12:51:40
FCCL,2018-02-09,28.11,28.15,27.32,27.77,6563000,psxdata,2026-05-11T12:51:40
FCCL,2018-02-12,27.65,28.15,27.61,27.94,1086000,psxdata,2026-05-11T12:51:40
FCCL,2018-02-13,28.2,28.45,27.81,27.95,1953000,psxdata,2026-05-11T12:51:40
FCCL,2018-02-14,27.9,28.0,26.8,26.94,4681000,psxdata,2026-05-11T12:51:40
FCCL,2018-02-15,26.99,27.1,25.84,26.3,2689000,psxdata,2026-05-11T12:51:40
FCCL,2018-02-16,26.5,26.75,26.2,26.49,1306000,psxdata,2026-05-11T12:51:40
FCCL,2018-02-19,26.25,27.05,25.49,25.65,3505500,psxdata,2026-05-11T12:51:40
FCCL,2018-02-20,25.54,25.61,24.71,25.47,4961000,psxdata,2026-05-11T12:51:40
FCCL,2018-02-21,25.8,26.0,25.2,25.3,1919000,psxdata,2026-05-11T12:51:40
FCCL,2018-02-22,24.9,25.4,24.06,25.3,3443000,psxdata,2026-05-11T12:51:40
FCCL,2018-02-23,25.14,25.54,24.31,24.78,6283500,psxdata,2026-05-11T12:51:40
FCCL,2018-02-26,25.09,25.13,24.15,24.22,2498000,psxdata,2026-05-11T12:51:40
FCCL,2018-02-27,24.11,24.67,24.03,24.55,2052500,psxdata,2026-05-11T12:51:40
FCCL,2018-02-28,24.6,25.05,24.21,24.96,2573000,psxdata,2026-05-11T12:51:40
FCCL,2018-03-01,25.05,26.2,25.05,26.2,9749000,psxdata,2026-05-11T12:51:40
FCCL,2018-03-02,26.8,27.51,26.8,27.51,6717000,psxdata,2026-05-11T12:51:40
FCCL,2018-03-05,28.4,28.65,27.9,28.57,7568000,psxdata,2026-05-11T12:51:40
FCCL,2018-03-06,28.9,29.98,28.73,28.96,12148500,psxdata,2026-05-11T12:51:40
FCCL,2018-03-07,29.23,29.25,27.66,28.02,5105000,psxdata,2026-05-11T12:51:40
FCCL,2018-03-08,27.76,28.28,27.48,27.7,7187500,psxdata,2026-05-11T12:51:40
FCCL,2018-03-09,27.65,28.0,27.03,27.26,1300000,psxdata,2026-05-11T12:51:40
FCCL,2018-03-12,27.48,28.19,27.1,28.1,2109500,psxdata,2026-05-11T12:51:40
FCCL,2018-03-13,28.1,28.51,27.75,28.25,3419500,psxdata,2026-05-11T12:51:40
FCCL,2018-03-14,28.4,28.4,27.4,27.58,4800500,psxdata,2026-05-11T12:51:40
FCCL,2018-03-15,27.57,27.8,27.35,27.57,1003500,psxdata,2026-05-11T12:51:40
FCCL,2018-03-16,27.47,27.65,27.1,27.21,1420500,psxdata,2026-05-11T12:51:40
FCCL,2018-03-19,27.24,27.6,27.19,27.38,912000,psxdata,2026-05-11T12:51:40
FCCL,2018-03-20,27.38,28.45,27.35,27.75,6600000,psxdata,2026-05-11T12:51:40
FCCL,2018-03-21,27.8,28.0,27.5,27.65,2804500,psxdata,2026-05-11T12:51:40
FCCL,2018-03-22,27.75,28.8,27.7,28.27,8158000,psxdata,2026-05-11T12:51:40
FCCL,2018-03-26,28.12,28.49,27.85,28.37,3575500,psxdata,2026-05-11T12:51:40
FCCL,2018-03-27,28.37,28.84,28.12,28.23,4622000,psxdata,2026-05-11T12:51:40
FCCL,2018-03-28,28.25,29.29,28.17,29.15,13962500,psxdata,2026-05-11T12:51:40
FCCL,2018-03-29,29.16,29.75,29.0,29.38,9518500,psxdata,2026-05-11T12:51:40
FCCL,2018-03-30,29.47,29.47,28.94,29.25,6475000,psxdata,2026-05-11T12:51:40
FCCL,2018-04-02,29.89,30.71,29.89,30.66,21382000,psxdata,2026-05-11T12:51:40
FCCL,2018-04-03,30.67,31.7,30.25,31.47,15932500,psxdata,2026-05-11T12:51:40
FCCL,2018-04-04,31.56,31.79,30.4,30.73,8150000,psxdata,2026-05-11T12:51:40
FCCL,2018-04-05,31.1,31.38,30.5,30.72,7243500,psxdata,2026-05-11T12:51:40
FCCL,2018-04-06,31.05,31.6,30.65,31.22,10670500,psxdata,2026-05-11T12:51:40
FCCL,2018-04-09,31.45,32.52,31.45,31.87,18498500,psxdata,2026-05-11T12:51:40
FCCL,2018-04-10,31.99,32.0,31.21,31.5,4540500,psxdata,2026-05-11T12:51:40
FCCL,2018-04-11,31.5,31.7,30.5,30.7,6042500,psxdata,2026-05-11T12:51:40
FCCL,2018-04-12,30.55,30.85,29.92,30.27,4969500,psxdata,2026-05-11T12:51:40
FCCL,2018-04-13,30.44,30.44,29.46,29.6,7747500,psxdata,2026-05-11T12:51:40
FCCL,2018-04-16,29.56,29.94,28.9,29.0,4537500,psxdata,2026-05-11T12:51:40
FCCL,2018-04-17,29.0,30.1,28.95,29.79,7752000,psxdata,2026-05-11T12:51:40
FCCL,2018-04-18,30.26,30.47,29.5,29.59,8398500,psxdata,2026-05-11T12:51:40
FCCL,2018-04-19,29.64,29.7,28.12,28.18,13296000,psxdata,2026-05-11T12:51:40
FCCL,2018-04-20,28.48,28.55,27.9,28.0,3671500,psxdata,2026-05-11T12:51:40
FCCL,2018-04-23,28.23,28.35,27.81,28.07,3761000,psxdata,2026-05-11T12:51:40
FCCL,2018-04-24,28.25,28.84,28.21,28.64,5879500,psxdata,2026-05-11T12:51:40
FCCL,2018-04-25,28.7,28.83,28.26,28.33,1676000,psxdata,2026-05-11T12:51:40
FCCL,2018-04-26,28.29,28.65,27.85,27.96,5148000,psxdata,2026-05-11T12:51:40
FCCL,2018-04-27,28.0,28.17,27.56,27.68,4848500,psxdata,2026-05-11T12:51:40
FCCL,2018-04-30,28.0,28.35,27.65,28.19,3142000,psxdata,2026-05-11T12:51:40
FCCL,2018-05-02,28.2,28.55,28.0,28.29,1841500,psxdata,2026-05-11T12:51:40
FCCL,2018-05-03,28.48,28.65,27.98,28.37,5491500,psxdata,2026-05-11T12:51:40
FCCL,2018-05-04,28.55,28.65,28.11,28.19,4187000,psxdata,2026-05-11T12:51:40
FCCL,2018-05-07,28.3,28.6,28.01,28.08,3139500,psxdata,2026-05-11T12:51:40
FCCL,2018-05-08,28.12,28.19,27.51,27.79,5616500,psxdata,2026-05-11T12:51:40
FCCL,2018-05-09,26.99,27.1,26.05,26.6,5437000,psxdata,2026-05-11T12:51:40
FCCL,2018-05-10,26.6,27.65,26.16,27.26,9769500,psxdata,2026-05-11T12:51:40
FCCL,2018-05-11,27.59,28.17,26.72,26.96,11468500,psxdata,2026-05-11T12:51:40
FCCL,2018-05-14,26.75,26.79,25.62,25.63,8225000,psxdata,2026-05-11T12:51:40
FCCL,2018-05-15,25.6,26.25,24.41,25.79,16856000,psxdata,2026-05-11T12:51:40
FCCL,2018-05-16,25.72,26.19,25.4,25.51,1320500,psxdata,2026-05-11T12:51:40
FCCL,2018-05-17,25.45,25.5,24.8,24.93,1304000,psxdata,2026-05-11T12:51:40
FCCL,2018-05-18,24.7,25.15,23.95,24.31,3012500,psxdata,2026-05-11T12:51:40
FCCL,2018-05-21,24.3,24.97,24.27,24.61,6045000,psxdata,2026-05-11T12:51:40
FCCL,2018-05-22,24.71,25.84,24.5,25.71,13961000,psxdata,2026-05-11T12:51:40
FCCL,2018-05-23,25.85,25.9,25.21,25.6,6909500,psxdata,2026-05-11T12:51:40
FCCL,2018-05-24,25.42,25.65,25.0,25.04,1879000,psxdata,2026-05-11T12:51:40
FCCL,2018-05-25,25.14,25.3,24.5,24.53,5733500,psxdata,2026-05-11T12:51:40
FCCL,2018-05-28,24.62,25.45,24.15,24.75,3444000,psxdata,2026-05-11T12:51:40
FCCL,2018-05-29,24.75,25.44,24.56,25.27,4004000,psxdata,2026-05-11T12:51:40
FCCL,2018-05-30,25.27,25.49,24.82,25.23,2414500,psxdata,2026-05-11T12:51:40
FCCL,2018-05-31,25.27,25.5,24.92,25.11,2502500,psxdata,2026-05-11T12:51:40
FCCL,2018-06-01,25.2,25.2,24.9,25.0,588500,psxdata,2026-05-11T12:51:40
FCCL,2018-06-04,24.8,25.33,24.8,25.22,1787000,psxdata,2026-05-11T12:51:40
FCCL,2018-06-05,25.25,26.15,25.25,25.97,10063500,psxdata,2026-05-11T12:51:40
FCCL,2018-06-06,26.15,26.2,25.65,25.72,3288000,psxdata,2026-05-11T12:51:40
FCCL,2018-06-07,25.75,26.15,25.4,25.49,4356500,psxdata,2026-05-11T12:51:40
FCCL,2018-06-11,25.5,25.69,24.84,24.94,5829000,psxdata,2026-05-11T12:51:40
FCCL,2018-06-12,24.7,24.93,23.7,23.71,9941000,psxdata,2026-05-11T12:51:40
FCCL,2018-06-13,23.7,24.3,23.61,23.82,2418000,psxdata,2026-05-11T12:51:40
FCCL,2018-06-14,23.85,24.29,23.5,23.75,2785000,psxdata,2026-05-11T12:51:40
FCCL,2018-06-19,23.99,24.4,23.9,24.26,2036000,psxdata,2026-05-11T12:51:40
FCCL,2018-06-20,24.26,24.3,23.7,23.85,2034500,psxdata,2026-05-11T12:51:40
FCCL,2018-06-21,23.52,24.1,23.26,23.79,5495000,psxdata,2026-05-11T12:51:40
FCCL,2018-06-22,23.98,24.15,23.0,23.12,4284500,psxdata,2026-05-11T12:51:40
FCCL,2018-06-25,22.86,23.6,21.97,21.99,6106000,psxdata,2026-05-11T12:51:40
FCCL,2018-06-26,21.7,22.9,21.7,22.62,4990500,psxdata,2026-05-11T12:51:40
FCCL,2018-06-27,22.66,23.12,22.61,22.92,5553000,psxdata,2026-05-11T12:51:40
FCCL,2018-06-28,22.81,23.7,22.75,23.29,4765000,psxdata,2026-05-11T12:51:40
FCCL,2018-06-29,23.22,23.55,22.6,22.85,6838000,psxdata,2026-05-11T12:51:40
FCCL,2018-07-02,23.08,23.47,22.9,23.31,2274000,psxdata,2026-05-11T12:51:40
FCCL,2018-07-03,23.21,23.9,23.2,23.57,3073000,psxdata,2026-05-11T12:51:40
FCCL,2018-07-04,23.4,23.4,22.4,22.4,4036000,psxdata,2026-05-11T12:51:40
FCCL,2018-07-05,22.69,22.97,22.0,22.4,3601500,psxdata,2026-05-11T12:51:40
FCCL,2018-07-06,22.06,22.8,21.8,22.44,3131000,psxdata,2026-05-11T12:51:40
FCCL,2018-07-09,22.85,22.85,21.32,21.32,3521000,psxdata,2026-05-11T12:51:40
FCCL,2018-07-10,21.35,21.4,20.31,21.19,15246500,psxdata,2026-05-11T12:51:40
FCCL,2018-07-11,21.15,21.47,20.82,21.0,5174500,psxdata,2026-05-11T12:51:40
FCCL,2018-07-12,20.91,20.92,20.5,20.6,5204000,psxdata,2026-05-11T12:51:40
FCCL,2018-07-13,20.41,20.85,20.11,20.22,2833500,psxdata,2026-05-11T12:51:40
FCCL,2018-07-16,20.2,20.33,19.21,19.24,10467000,psxdata,2026-05-11T12:51:40
FCCL,2018-07-17,19.4,20.15,18.85,20.04,17741500,psxdata,2026-05-11T12:51:40
FCCL,2018-07-18,20.19,20.98,20.06,20.93,10021000,psxdata,2026-05-11T12:51:40
FCCL,2018-07-19,21.25,21.97,21.15,21.96,11994500,psxdata,2026-05-11T12:51:40
FCCL,2018-07-20,22.1,22.1,21.25,21.37,5471500,psxdata,2026-05-11T12:51:40
FCCL,2018-07-23,21.1,21.4,20.8,20.92,2155500,psxdata,2026-05-11T12:51:40
FCCL,2018-07-24,20.9,21.96,20.9,21.95,4968500,psxdata,2026-05-11T12:51:40
FCCL,2018-07-26,22.89,23.04,22.25,22.99,5791000,psxdata,2026-05-11T12:51:40
FCCL,2018-07-27,23.25,24.13,23.0,24.13,12304000,psxdata,2026-05-11T12:51:40
FCCL,2018-07-30,24.84,25.33,24.7,25.33,9916500,psxdata,2026-05-11T12:51:40
FCCL,2018-07-31,25.8,25.8,24.07,24.23,17085500,psxdata,2026-05-11T12:51:40
FCCL,2018-08-01,24.2,25.44,24.2,25.21,11253500,psxdata,2026-05-11T12:51:40
FCCL,2018-08-02,25.55,25.73,24.53,24.74,10181000,psxdata,2026-05-11T12:51:40
FCCL,2018-08-03,24.88,25.05,24.5,24.67,3006500,psxdata,2026-05-11T12:51:40
FCCL,2018-08-06,24.77,25.09,24.59,24.96,4025000,psxdata,2026-05-11T12:51:40
FCCL,2018-08-07,25.0,26.2,24.81,25.96,16103000,psxdata,2026-05-11T12:51:40
FCCL,2018-08-08,26.1,26.2,25.4,25.56,6948000,psxdata,2026-05-11T12:51:40
FCCL,2018-08-09,25.65,26.54,25.61,26.43,7895500,psxdata,2026-05-11T12:51:40
FCCL,2018-08-10,26.6,26.68,25.8,25.89,6471500,psxdata,2026-05-11T12:51:40
FCCL,2018-08-13,25.8,26.0,25.41,25.56,2897500,psxdata,2026-05-11T12:51:40
FCCL,2018-08-15,25.65,25.87,25.06,25.27,4234500,psxdata,2026-05-11T12:51:40
FCCL,2018-08-16,25.11,25.3,24.3,24.42,3214000,psxdata,2026-05-11T12:51:40
FCCL,2018-08-17,24.5,25.64,24.5,25.62,4634000,psxdata,2026-05-11T12:51:40
FCCL,2018-08-20,26.01,26.29,25.75,25.92,4366500,psxdata,2026-05-11T12:51:40
FCCL,2018-08-24,25.95,26.04,25.7,25.86,1561000,psxdata,2026-05-11T12:51:40
FCCL,2018-08-27,25.85,26.54,25.5,26.26,10104500,psxdata,2026-05-11T12:51:40
FCCL,2018-08-28,26.24,26.25,25.6,25.65,3569000,psxdata,2026-05-11T12:51:40
FCCL,2018-08-29,25.9,25.9,25.16,25.24,3666000,psxdata,2026-05-11T12:51:40
FCCL,2018-08-30,25.59,25.59,24.93,25.01,6283500,psxdata,2026-05-11T12:51:40
FCCL,2018-08-31,25.12,25.23,24.4,24.62,4494000,psxdata,2026-05-11T12:51:40
FCCL,2018-09-03,24.51,25.1,24.0,24.97,3830000,psxdata,2026-05-11T12:51:40
FCCL,2018-09-04,25.09,25.43,25.0,25.25,3434500,psxdata,2026-05-11T12:51:40
FCCL,2018-09-05,25.11,25.6,24.75,24.9,2656500,psxdata,2026-05-11T12:51:40
FCCL,2018-09-06,24.9,24.9,23.9,24.24,3282500,psxdata,2026-05-11T12:51:40
FCCL,2018-09-07,24.2,25.44,23.9,24.51,13943000,psxdata,2026-05-11T12:51:40
FCCL,2018-09-10,24.7,24.75,23.9,24.29,5054000,psxdata,2026-05-11T12:51:40
FCCL,2018-09-11,24.5,24.9,24.49,24.57,3736000,psxdata,2026-05-11T12:51:40
FCCL,2018-09-12,24.64,24.71,24.2,24.34,1403500,psxdata,2026-05-11T12:51:40
FCCL,2018-09-13,24.25,24.9,24.11,24.56,4350500,psxdata,2026-05-11T12:51:40
FCCL,2018-09-14,24.7,24.99,24.39,24.51,3537000,psxdata,2026-05-11T12:51:40
FCCL,2018-09-17,24.49,24.55,23.71,24.11,2850000,psxdata,2026-05-11T12:51:40
FCCL,2018-09-18,23.47,24.24,22.76,24.2,4211000,psxdata,2026-05-11T12:51:40
FCCL,2018-09-19,24.19,24.5,23.85,24.37,3651500,psxdata,2026-05-11T12:51:40
FCCL,2018-09-24,24.39,24.49,23.16,23.19,2452000,psxdata,2026-05-11T12:51:40
FCCL,2018-09-25,23.37,23.59,22.73,23.14,1987500,psxdata,2026-05-11T12:51:40
FCCL,2018-09-26,23.25,23.58,23.0,23.18,2041000,psxdata,2026-05-11T12:51:40
FCCL,2018-09-27,23.11,23.27,22.03,22.76,1980000,psxdata,2026-05-11T12:51:40
FCCL,2018-09-28,22.8,23.15,22.25,22.36,2816000,psxdata,2026-05-11T12:51:40
FCCL,2018-10-01,22.15,22.37,21.96,22.05,1138000,psxdata,2026-05-11T12:51:40
FCCL,2018-10-02,22.25,22.65,21.92,22.25,1971500,psxdata,2026-05-11T12:51:40
FCCL,2018-10-03,22.25,22.56,22.14,22.51,776500,psxdata,2026-05-11T12:51:40
FCCL,2018-10-04,22.3,22.4,22.1,22.2,1883000,psxdata,2026-05-11T12:51:40
FCCL,2018-10-05,22.02,22.1,21.09,21.19,4262500,psxdata,2026-05-11T12:51:40
FCCL,2018-10-08,21.3,21.35,20.14,20.21,5590000,psxdata,2026-05-11T12:51:40
FCCL,2018-10-09,20.6,21.2,19.87,19.99,2495000,psxdata,2026-05-11T12:51:40
FCCL,2018-10-10,20.0,20.99,19.3,20.58,4433000,psxdata,2026-05-11T12:51:40
FCCL,2018-10-11,20.49,21.0,20.02,20.27,2353500,psxdata,2026-05-11T12:51:40
FCCL,2018-10-12,20.15,20.99,19.6,19.92,1963000,psxdata,2026-05-11T12:51:40
FCCL,2018-10-15,19.8,20.17,19.4,19.67,2522000,psxdata,2026-05-11T12:51:40
FCCL,2018-10-16,19.71,20.35,19.45,19.53,1858500,psxdata,2026-05-11T12:51:40
FCCL,2018-10-17,19.71,20.53,19.71,20.53,2601000,psxdata,2026-05-11T12:51:40
FCCL,2018-10-18,21.2,21.55,20.7,21.55,5065000,psxdata,2026-05-11T12:51:40
FCCL,2018-10-19,21.79,22.62,21.45,22.62,4044500,psxdata,2026-05-11T12:51:40
FCCL,2018-10-22,23.1,23.65,21.9,22.15,11059000,psxdata,2026-05-11T12:51:40
FCCL,2018-10-23,22.01,22.1,21.05,21.1,4390000,psxdata,2026-05-11T12:51:40
FCCL,2018-10-24,22.0,22.15,22.0,22.15,1994000,psxdata,2026-05-11T12:51:40
FCCL,2018-10-25,23.2,23.25,22.6,23.18,12963500,psxdata,2026-05-11T12:51:40
FCCL,2018-10-26,23.0,24.33,22.6,24.33,6597000,psxdata,2026-05-11T12:51:40
FCCL,2018-10-29,25.1,25.54,25.0,25.54,14643500,psxdata,2026-05-11T12:51:40
FCCL,2018-10-30,25.6,26.52,25.0,26.09,16368000,psxdata,2026-05-11T12:51:40
FCCL,2018-10-31,25.9,26.9,25.5,26.25,11464000,psxdata,2026-05-11T12:51:40
FCCL,2018-11-01,25.8,26.6,25.5,26.26,4297000,psxdata,2026-05-11T12:51:40
FCCL,2018-11-02,26.1,27.25,26.1,26.83,11914000,psxdata,2026-05-11T12:51:40
FCCL,2018-11-05,26.66,26.66,25.49,25.55,8102000,psxdata,2026-05-11T12:51:40
FCCL,2018-11-06,25.21,25.49,24.42,25.03,6509000,psxdata,2026-05-11T12:51:40
FCCL,2018-11-07,25.7,26.18,25.2,25.85,8884500,psxdata,2026-05-11T12:51:40
FCCL,2018-11-08,25.94,25.98,25.14,25.21,3124000,psxdata,2026-05-11T12:51:40
FCCL,2018-11-09,24.81,26.05,24.81,25.54,5183000,psxdata,2026-05-11T12:51:40
FCCL,2018-11-12,25.31,25.79,25.1,25.17,1377500,psxdata,2026-05-11T12:51:40
FCCL,2018-11-13,25.0,25.55,24.81,25.4,1840000,psxdata,2026-05-11T12:51:40
FCCL,2018-11-14,25.25,26.35,25.01,25.75,8595000,psxdata,2026-05-11T12:51:40
FCCL,2018-11-15,25.6,26.2,25.6,25.77,5932000,psxdata,2026-05-11T12:51:40
FCCL,2018-11-16,26.0,26.1,25.35,25.44,4970500,psxdata,2026-05-11T12:51:40
FCCL,2018-11-19,25.49,25.9,25.0,25.16,2845500,psxdata,2026-05-11T12:51:40
FCCL,2018-11-20,25.25,25.4,24.9,24.96,2285500,psxdata,2026-05-11T12:51:40
FCCL,2018-11-22,24.81,25.3,24.6,24.72,1873000,psxdata,2026-05-11T12:51:40
FCCL,2018-11-23,24.53,25.3,24.53,25.15,2594000,psxdata,2026-05-11T12:51:40
FCCL,2018-11-26,25.25,25.4,24.8,24.85,3081000,psxdata,2026-05-11T12:51:40
FCCL,2018-11-27,24.99,25.0,24.5,24.81,1311500,psxdata,2026-05-11T12:51:40
FCCL,2018-11-28,24.95,25.05,24.32,24.39,4756500,psxdata,2026-05-11T12:51:40
FCCL,2018-11-29,24.5,24.5,23.62,23.9,3786000,psxdata,2026-05-11T12:51:40
FCCL,2018-11-30,23.8,23.89,22.71,22.71,16466000,psxdata,2026-05-11T12:51:40
FCCL,2018-12-03,21.65,21.99,21.58,21.58,4720500,psxdata,2026-05-11T12:51:40
FCCL,2018-12-04,21.39,22.65,20.52,22.54,7005000,psxdata,2026-05-11T12:51:40
FCCL,2018-12-05,22.55,22.8,21.6,22.48,2972500,psxdata,2026-05-11T12:51:40
FCCL,2018-12-06,22.32,22.89,21.8,22.0,3503000,psxdata,2026-05-11T12:51:40
FCCL,2018-12-07,21.9,22.84,21.65,22.67,2555500,psxdata,2026-05-11T12:51:40
FCCL,2018-12-10,23.01,23.29,22.75,22.89,3929500,psxdata,2026-05-11T12:51:40
FCCL,2018-12-11,22.99,23.26,22.64,22.83,4243000,psxdata,2026-05-11T12:51:40
FCCL,2018-12-12,22.71,22.85,22.4,22.61,1484500,psxdata,2026-05-11T12:51:40
FCCL,2018-12-13,22.32,22.7,22.03,22.22,1081000,psxdata,2026-05-11T12:51:40
FCCL,2018-12-14,22.25,22.89,22.23,22.57,2023000,psxdata,2026-05-11T12:51:40
FCCL,2018-12-17,22.53,22.7,22.3,22.46,507000,psxdata,2026-05-11T12:51:40
FCCL,2018-12-18,22.25,22.49,22.11,22.32,475000,psxdata,2026-05-11T12:51:40
FCCL,2018-12-19,22.12,22.55,22.1,22.19,895000,psxdata,2026-05-11T12:51:40
FCCL,2018-12-20,22.27,22.79,22.2,22.56,2052000,psxdata,2026-05-11T12:51:40
FCCL,2018-12-21,22.36,23.0,22.2,22.38,2253500,psxdata,2026-05-11T12:51:40
FCCL,2018-12-24,22.21,22.4,21.85,22.21,1514000,psxdata,2026-05-11T12:51:40
FCCL,2018-12-26,22.45,22.45,22.15,22.2,1722000,psxdata,2026-05-11T12:51:40
FCCL,2018-12-27,22.4,22.4,21.56,21.7,1388500,psxdata,2026-05-11T12:51:40
FCCL,2018-12-28,21.54,21.54,20.66,20.74,2930500,psxdata,2026-05-11T12:51:40
FCCL,2018-12-31,20.75,21.28,20.22,20.93,4347500,psxdata,2026-05-11T12:51:40
FCCL,2019-01-01,20.8,21.6,20.8,21.49,2447500,psxdata,2026-05-11T12:51:40
FCCL,2019-01-02,21.32,22.1,21.05,21.27,5780500,psxdata,2026-05-11T12:51:40
FCCL,2019-01-03,21.2,21.52,20.85,21.09,2057500,psxdata,2026-05-11T12:51:40
FCCL,2019-01-04,21.24,21.54,20.99,21.08,1162000,psxdata,2026-05-11T12:51:40
FCCL,2019-01-07,21.2,21.83,21.18,21.66,4452500,psxdata,2026-05-11T12:51:40
FCCL,2019-01-08,21.72,22.25,21.6,21.97,5619000,psxdata,2026-05-11T12:51:40
FCCL,2019-01-09,22.18,22.2,21.63,21.75,2697500,psxdata,2026-05-11T12:51:40
FCCL,2019-01-10,21.95,21.97,21.5,21.52,1103000,psxdata,2026-05-11T12:51:40
FCCL,2019-01-11,21.52,21.74,21.01,21.42,1459500,psxdata,2026-05-11T12:51:40
FCCL,2019-01-14,21.52,21.93,21.52,21.79,1563000,psxdata,2026-05-11T12:51:40
FCCL,2019-01-15,21.82,21.82,21.42,21.67,1929500,psxdata,2026-05-11T12:51:40
FCCL,2019-01-16,21.7,21.7,21.0,21.09,1462000,psxdata,2026-05-11T12:51:40
FCCL,2019-01-17,21.05,21.35,20.72,21.16,1442500,psxdata,2026-05-11T12:51:40
FCCL,2019-01-18,21.01,21.25,20.8,21.01,2508000,psxdata,2026-05-11T12:51:40
FCCL,2019-01-21,21.0,21.2,20.67,20.74,1243500,psxdata,2026-05-11T12:51:40
FCCL,2019-01-22,20.7,21.08,20.41,20.99,2021000,psxdata,2026-05-11T12:51:40
FCCL,2019-01-23,21.14,21.19,20.91,20.99,1751500,psxdata,2026-05-11T12:51:40
FCCL,2019-01-24,21.75,21.8,21.25,21.31,3294000,psxdata,2026-05-11T12:51:40
FCCL,2019-01-25,21.35,21.35,20.87,20.93,1114500,psxdata,2026-05-11T12:51:40
FCCL,2019-01-28,21.0,21.16,20.9,21.06,2055000,psxdata,2026-05-11T12:51:40
FCCL,2019-01-29,21.15,21.43,20.9,21.04,2213000,psxdata,2026-05-11T12:51:40
FCCL,2019-01-30,21.14,21.23,20.92,21.06,747000,psxdata,2026-05-11T12:51:40
FCCL,2019-01-31,20.96,21.28,20.96,21.14,2507000,psxdata,2026-05-11T12:51:40
FCCL,2019-02-01,21.04,21.35,21.04,21.19,2563000,psxdata,2026-05-11T12:51:40
FCCL,2019-02-04,21.29,22.24,21.29,22.24,7658000,psxdata,2026-05-11T12:51:40
FCCL,2019-02-06,23.0,23.35,22.65,22.77,17542000,psxdata,2026-05-11T12:51:40
FCCL,2019-02-07,22.78,22.81,22.3,22.52,3105000,psxdata,2026-05-11T12:51:40
FCCL,2019-02-08,22.64,23.09,22.53,22.65,3995000,psxdata,2026-05-11T12:51:40
FCCL,2019-02-11,22.99,23.05,22.25,22.35,2091000,psxdata,2026-05-11T12:51:40
FCCL,2019-02-12,22.3,23.03,22.3,22.94,4879500,psxdata,2026-05-11T12:51:40
FCCL,2019-02-13,23.09,23.6,23.09,23.32,13100500,psxdata,2026-05-11T12:51:40
FCCL,2019-02-14,23.17,23.19,22.42,22.51,5874000,psxdata,2026-05-11T12:51:40
FCCL,2019-02-15,22.51,22.84,22.44,22.63,1280500,psxdata,2026-05-11T12:51:40
FCCL,2019-02-18,22.8,22.8,21.9,22.41,4180500,psxdata,2026-05-11T12:51:40
FCCL,2019-02-19,22.4,22.6,21.95,22.0,3144000,psxdata,2026-05-11T12:51:40
FCCL,2019-02-20,21.8,22.6,21.59,22.5,4117500,psxdata,2026-05-11T12:51:40
FCCL,2019-02-21,22.67,22.7,22.28,22.47,2240500,psxdata,2026-05-11T12:51:40
FCCL,2019-02-22,22.31,22.6,22.3,22.44,2201500,psxdata,2026-05-11T12:51:40
FCCL,2019-02-25,22.46,22.47,22.2,22.29,1152500,psxdata,2026-05-11T12:51:40
FCCL,2019-02-26,22.0,22.19,21.26,21.35,3040500,psxdata,2026-05-11T12:51:40
FCCL,2019-02-27,20.9,21.25,20.29,20.78,12127500,psxdata,2026-05-11T12:51:40
FCCL,2019-02-28,21.0,21.35,20.4,21.25,6178000,psxdata,2026-05-11T12:51:40
FCCL,2019-03-01,21.3,21.55,21.1,21.2,2879000,psxdata,2026-05-11T12:51:40
FCCL,2019-03-04,21.22,21.45,20.95,21.19,1541500,psxdata,2026-05-11T12:51:40
FCCL,2019-03-05,21.29,21.34,20.98,21.05,2297000,psxdata,2026-05-11T12:51:40
FCCL,2019-03-06,21.35,21.65,21.2,21.46,3390500,psxdata,2026-05-11T12:51:40
FCCL,2019-03-07,21.75,21.9,21.3,21.35,2703000,psxdata,2026-05-11T12:51:40
FCCL,2019-03-08,21.35,21.35,20.98,21.06,2016000,psxdata,2026-05-11T12:51:40
FCCL,2019-03-11,21.3,21.42,21.13,21.24,1638000,psxdata,2026-05-11T12:51:40
FCCL,2019-03-12,21.4,21.7,21.21,21.59,4538500,psxdata,2026-05-11T12:51:40
FCCL,2019-03-13,21.07,21.15,20.72,20.8,1833000,psxdata,2026-05-11T12:51:40
FCCL,2019-03-14,20.8,20.85,20.45,20.51,898000,psxdata,2026-05-11T12:51:40
FCCL,2019-03-15,20.45,20.6,19.8,20.09,1747500,psxdata,2026-05-11T12:51:40
FCCL,2019-03-18,20.3,20.64,19.71,20.54,1811000,psxdata,2026-05-11T12:51:40
FCCL,2019-03-19,20.5,20.5,19.9,19.97,1270500,psxdata,2026-05-11T12:51:40
FCCL,2019-03-20,20.0,20.3,19.9,20.03,1038000,psxdata,2026-05-11T12:51:40
FCCL,2019-03-21,20.19,20.33,19.7,20.07,1593500,psxdata,2026-05-11T12:51:40
FCCL,2019-03-22,20.19,20.3,19.87,19.96,1388500,psxdata,2026-05-11T12:51:40
FCCL,2019-03-25,20.01,20.19,19.7,19.78,634500,psxdata,2026-05-11T12:51:40
FCCL,2019-03-26,19.85,19.85,19.13,19.29,3682000,psxdata,2026-05-11T12:51:40
FCCL,2019-03-27,19.3,20.16,19.26,20.0,4174500,psxdata,2026-05-11T12:51:40
FCCL,2019-03-28,19.71,19.78,19.3,19.35,2042500,psxdata,2026-05-11T12:51:40
FCCL,2019-03-29,19.3,20.25,19.19,19.96,4903000,psxdata,2026-05-11T12:51:40
FCCL,2019-04-01,19.95,20.1,19.6,19.67,1988500,psxdata,2026-05-11T12:51:40
FCCL,2019-04-02,19.84,19.98,19.15,19.25,3409000,psxdata,2026-05-11T12:51:40
FCCL,2019-04-03,19.49,20.25,19.25,20.11,8406000,psxdata,2026-05-11T12:51:40
FCCL,2019-04-04,20.27,20.37,19.46,19.54,2744500,psxdata,2026-05-11T12:51:40
FCCL,2019-04-05,19.5,19.8,19.38,19.48,1342500,psxdata,2026-05-11T12:51:40
FCCL,2019-04-08,19.41,19.45,18.48,18.48,9510000,psxdata,2026-05-11T12:51:40
FCCL,2019-04-09,18.15,18.67,17.48,17.8,11368000,psxdata,2026-05-11T12:51:40
FCCL,2019-04-10,17.72,17.95,16.8,16.8,4660000,psxdata,2026-05-11T12:51:40
FCCL,2019-04-11,16.5,17.19,16.0,16.24,11563500,psxdata,2026-05-11T12:51:40
FCCL,2019-04-12,16.16,17.24,16.16,17.24,9177000,psxdata,2026-05-11T12:51:40
FCCL,2019-04-15,17.43,18.14,17.41,17.93,11794000,psxdata,2026-05-11T12:51:40
FCCL,2019-04-16,17.75,18.42,17.75,18.0,6111000,psxdata,2026-05-11T12:51:40
FCCL,2019-04-17,17.9,17.95,17.52,17.57,4890500,psxdata,2026-05-11T12:51:40
FCCL,2019-04-18,17.75,17.98,17.0,17.33,8076000,psxdata,2026-05-11T12:51:40
FCCL,2019-04-19,17.35,18.18,17.25,17.65,3990000,psxdata,2026-05-11T12:51:40
FCCL,2019-04-22,17.76,18.1,17.38,17.62,2507000,psxdata,2026-05-11T12:51:40
FCCL,2019-04-23,17.62,17.62,16.9,17.06,3995000,psxdata,2026-05-11T12:51:40
FCCL,2019-04-24,17.02,17.64,17.0,17.22,1660000,psxdata,2026-05-11T12:51:40
FCCL,2019-04-25,17.38,17.65,17.21,17.51,1248500,psxdata,2026-05-11T12:51:40
FCCL,2019-04-26,17.5,18.51,17.5,18.49,5746000,psxdata,2026-05-11T12:51:40
FCCL,2019-04-29,18.78,19.49,18.32,18.53,10272000,psxdata,2026-05-11T12:51:40
FCCL,2019-04-30,18.3,18.3,17.9,18.03,2884000,psxdata,2026-05-11T12:51:40
FCCL,2019-05-02,18.22,18.44,18.08,18.13,2315500,psxdata,2026-05-11T12:51:40
FCCL,2019-05-03,18.2,18.2,17.8,17.85,3172500,psxdata,2026-05-11T12:51:40
FCCL,2019-05-06,17.61,18.0,17.6,17.75,3292000,psxdata,2026-05-11T12:51:40
FCCL,2019-05-07,17.8,18.05,17.42,17.56,978000,psxdata,2026-05-11T12:51:40
FCCL,2019-05-08,17.67,17.7,16.75,17.01,2528500,psxdata,2026-05-11T12:51:40
FCCL,2019-05-09,17.0,17.84,16.95,17.59,1317000,psxdata,2026-05-11T12:51:40
FCCL,2019-05-10,17.5,17.5,17.2,17.26,209500,psxdata,2026-05-11T12:51:40
FCCL,2019-05-13,17.79,17.87,16.41,16.58,3617000,psxdata,2026-05-11T12:51:40
FCCL,2019-05-14,16.75,16.8,16.05,16.37,3652000,psxdata,2026-05-11T12:51:40
FCCL,2019-05-15,16.23,17.24,16.23,16.86,1659000,psxdata,2026-05-11T12:51:40
FCCL,2019-05-16,16.9,16.9,16.11,16.21,1278000,psxdata,2026-05-11T12:51:40
FCCL,2019-05-17,16.01,16.02,15.21,15.21,1632500,psxdata,2026-05-11T12:51:40
FCCL,2019-05-20,15.0,15.6,14.21,15.36,4734500,psxdata,2026-05-11T12:51:40
FCCL,2019-05-21,15.3,15.75,14.55,15.48,4712500,psxdata,2026-05-11T12:51:40
FCCL,2019-05-22,15.78,16.48,15.51,16.48,3506000,psxdata,2026-05-11T12:51:40
FCCL,2019-05-23,17.0,17.48,16.46,17.48,4787000,psxdata,2026-05-11T12:51:40
FCCL,2019-05-24,17.64,18.22,17.25,18.11,3746500,psxdata,2026-05-11T12:51:40
FCCL,2019-05-27,18.4,18.4,17.62,17.74,1801500,psxdata,2026-05-11T12:51:40
FCCL,2019-05-28,17.7,17.77,16.74,16.82,12032500,psxdata,2026-05-11T12:51:40
FCCL,2019-05-29,17.02,17.82,16.9,17.6,11837500,psxdata,2026-05-11T12:51:40
FCCL,2019-05-30,17.98,18.05,16.6,16.88,7155000,psxdata,2026-05-11T12:51:40
FCCL,2019-06-03,17.0,17.0,16.05,16.22,2673500,psxdata,2026-05-11T12:51:40
FCCL,2019-06-10,16.11,16.11,15.22,15.22,1961500,psxdata,2026-05-11T12:51:40
FCCL,2019-06-11,14.45,14.89,14.3,14.6,6851500,psxdata,2026-05-11T12:51:40
FCCL,2019-06-12,14.5,15.53,14.3,15.22,5000500,psxdata,2026-05-11T12:51:40
FCCL,2019-06-13,15.3,16.12,15.05,15.92,5331500,psxdata,2026-05-11T12:51:40
FCCL,2019-06-14,16.0,16.92,16.0,16.92,10968500,psxdata,2026-05-11T12:51:40
FCCL,2019-06-17,16.9,17.35,16.4,16.54,5254500,psxdata,2026-05-11T12:51:40
FCCL,2019-06-18,16.3,16.8,15.92,16.08,2859000,psxdata,2026-05-11T12:51:40
FCCL,2019-06-19,16.09,16.4,15.96,16.24,1517000,psxdata,2026-05-11T12:51:40
FCCL,2019-06-20,16.35,16.91,16.35,16.64,2495500,psxdata,2026-05-11T12:51:40
FCCL,2019-06-21,16.87,16.87,16.2,16.29,1476000,psxdata,2026-05-11T12:51:40
FCCL,2019-06-24,16.15,16.17,15.29,15.29,4179500,psxdata,2026-05-11T12:51:40
FCCL,2019-06-25,14.85,15.5,14.8,15.29,3747500,psxdata,2026-05-11T12:51:40
FCCL,2019-06-26,15.49,15.49,14.85,15.01,5071000,psxdata,2026-05-11T12:51:40
FCCL,2019-06-27,15.01,15.3,14.99,15.14,1666500,psxdata,2026-05-11T12:51:40
FCCL,2019-06-28,15.19,16.04,14.84,15.73,6488500,psxdata,2026-05-11T12:51:40
FCCL,2019-07-01,15.94,15.95,15.49,15.68,1053500,psxdata,2026-05-11T12:51:40
FCCL,2019-07-02,15.68,16.1,15.5,15.99,1715000,psxdata,2026-05-11T12:51:40
FCCL,2019-07-03,15.9,16.83,15.9,16.72,4758000,psxdata,2026-05-11T12:51:40
FCCL,2019-07-04,17.0,17.17,15.72,15.91,4460000,psxdata,2026-05-11T12:51:40
FCCL,2019-07-05,15.9,15.95,15.4,15.63,1203000,psxdata,2026-05-11T12:51:40
FCCL,2019-07-08,15.63,15.8,15.3,15.39,663500,psxdata,2026-05-11T12:51:40
FCCL,2019-07-09,15.47,15.75,15.32,15.59,1043500,psxdata,2026-05-11T12:51:40
FCCL,2019-07-10,15.51,15.75,15.48,15.62,983000,psxdata,2026-05-11T12:51:40
FCCL,2019-07-11,15.7,15.7,15.47,15.55,486500,psxdata,2026-05-11T12:51:40
FCCL,2019-07-12,15.52,15.7,14.9,14.99,1174500,psxdata,2026-05-11T12:51:40
FCCL,2019-07-15,15.01,15.01,14.4,14.42,1398500,psxdata,2026-05-11T12:51:40
FCCL,2019-07-16,14.26,14.8,14.24,14.53,4296500,psxdata,2026-05-11T12:51:40
FCCL,2019-07-17,14.6,15.31,14.4,14.53,3553500,psxdata,2026-05-11T12:51:40
FCCL,2019-07-18,14.35,14.6,13.76,13.87,1555000,psxdata,2026-05-11T12:51:40
FCCL,2019-07-19,13.5,13.95,13.25,13.67,3362500,psxdata,2026-05-11T12:51:40
FCCL,2019-07-22,13.88,13.9,13.52,13.73,973500,psxdata,2026-05-11T12:51:40
FCCL,2019-07-23,13.89,14.45,13.55,14.36,1927500,psxdata,2026-05-11T12:51:40
FCCL,2019-07-24,14.36,14.5,14.11,14.25,1742500,psxdata,2026-05-11T12:51:40
FCCL,2019-07-25,14.15,14.28,13.65,13.89,1892000,psxdata,2026-05-11T12:51:40
FCCL,2019-07-26,13.8,13.83,13.25,13.32,1094500,psxdata,2026-05-11T12:51:40
FCCL,2019-07-29,13.3,13.49,13.0,13.12,1133000,psxdata,2026-05-11T12:51:40
FCCL,2019-07-30,12.9,13.25,12.32,12.48,3131000,psxdata,2026-05-11T12:51:40
FCCL,2019-07-31,12.5,12.95,12.23,12.77,2288000,psxdata,2026-05-11T12:51:40
FCCL,2019-08-01,12.77,13.77,12.5,13.45,4790500,psxdata,2026-05-11T12:51:40
FCCL,2019-08-02,13.3,13.7,13.08,13.34,2117000,psxdata,2026-05-11T12:51:40
FCCL,2019-08-05,13.1,13.3,12.74,13.12,939500,psxdata,2026-05-11T12:51:40
FCCL,2019-08-06,13.25,13.37,13.1,13.17,625500,psxdata,2026-05-11T12:51:40
FCCL,2019-08-07,13.08,13.27,12.8,13.0,2358500,psxdata,2026-05-11T12:51:40
FCCL,2019-08-08,12.81,13.5,12.75,13.05,1911000,psxdata,2026-05-11T12:51:40
FCCL,2019-08-09,13.24,13.4,13.07,13.29,984000,psxdata,2026-05-11T12:51:40
FCCL,2019-08-16,13.01,13.15,12.85,12.98,882500,psxdata,2026-05-11T12:51:40
FCCL,2019-08-19,12.99,13.98,12.9,13.82,1793000,psxdata,2026-05-11T12:51:40
FCCL,2019-08-20,13.9,14.26,13.65,13.91,3129000,psxdata,2026-05-11T12:51:40
FCCL,2019-08-21,13.84,14.69,13.65,14.54,2247500,psxdata,2026-05-11T12:51:40
FCCL,2019-08-22,14.8,15.54,14.7,15.54,7952500,psxdata,2026-05-11T12:51:40
FCCL,2019-08-23,15.79,16.1,15.2,15.4,8135000,psxdata,2026-05-11T12:51:40
FCCL,2019-08-26,15.4,15.4,14.5,14.65,1592000,psxdata,2026-05-11T12:51:40
FCCL,2019-08-27,14.4,15.2,14.4,15.02,4330000,psxdata,2026-05-11T12:51:40
FCCL,2019-08-28,15.0,15.13,14.6,14.71,3446500,psxdata,2026-05-11T12:51:40
FCCL,2019-08-29,14.52,14.85,14.0,14.11,2054000,psxdata,2026-05-11T12:51:40
FCCL,2019-08-30,14.0,14.25,13.48,13.57,1423500,psxdata,2026-05-11T12:51:40
FCCL,2019-09-02,13.9,14.06,13.64,13.9,704000,psxdata,2026-05-11T12:51:40
FCCL,2019-09-03,13.85,14.03,13.45,13.51,587500,psxdata,2026-05-11T12:51:40
FCCL,2019-09-04,13.41,14.2,13.4,14.09,9865500,psxdata,2026-05-11T12:51:40
FCCL,2019-09-05,14.05,14.41,13.5,13.65,6595000,psxdata,2026-05-11T12:51:40
FCCL,2019-09-06,13.6,13.74,13.45,13.58,523000,psxdata,2026-05-11T12:51:40
FCCL,2019-09-11,13.58,13.89,13.0,13.11,2855500,psxdata,2026-05-11T12:51:40
FCCL,2019-09-13,13.58,13.71,13.26,13.4,3527500,psxdata,2026-05-11T12:51:40
FCCL,2019-09-16,13.54,13.7,13.35,13.64,2077000,psxdata,2026-05-11T12:51:40
FCCL,2019-09-17,13.5,14.1,13.5,13.8,3038500,psxdata,2026-05-11T12:51:40
FCCL,2019-09-18,13.99,13.99,13.49,13.66,3140500,psxdata,2026-05-11T12:51:40
FCCL,2019-09-19,13.24,13.4,13.06,13.31,1352500,psxdata,2026-05-11T12:51:40
FCCL,2019-09-20,13.43,13.43,12.73,12.84,3250500,psxdata,2026-05-11T12:51:40
FCCL,2019-09-23,12.85,13.25,12.55,12.62,4313000,psxdata,2026-05-11T12:51:40
FCCL,2019-09-24,12.75,12.9,12.45,12.63,2922000,psxdata,2026-05-11T12:51:40
FCCL,2019-09-25,12.64,12.77,12.6,12.65,801000,psxdata,2026-05-11T12:51:40
FCCL,2019-09-26,12.62,12.75,12.51,12.64,1144500,psxdata,2026-05-11T12:51:40
FCCL,2019-09-27,12.78,13.35,12.65,13.13,2779500,psxdata,2026-05-11T12:51:40
FCCL,2019-09-30,13.01,13.57,13.01,13.4,4389500,psxdata,2026-05-11T12:51:40
FCCL,2019-10-01,13.4,14.4,13.2,14.39,14732000,psxdata,2026-05-11T12:51:40
FCCL,2019-10-02,14.3,15.12,14.1,15.06,10056500,psxdata,2026-05-11T12:51:40
FCCL,2019-10-03,15.09,15.9,14.91,15.52,7966500,psxdata,2026-05-11T12:51:40
FCCL,2019-10-04,15.6,15.74,15.15,15.35,6005000,psxdata,2026-05-11T12:51:40
FCCL,2019-10-07,15.1,16.2,15.07,15.61,8166000,psxdata,2026-05-11T12:51:40
FCCL,2019-10-08,15.75,16.0,14.9,14.98,6847500,psxdata,2026-05-11T12:51:40
FCCL,2019-10-09,14.81,15.05,14.35,14.59,4983000,psxdata,2026-05-11T12:51:40
FCCL,2019-10-10,14.65,14.95,14.42,14.84,3086500,psxdata,2026-05-11T12:51:40
FCCL,2019-10-11,14.75,15.4,14.75,14.94,6433500,psxdata,2026-05-11T12:51:40
FCCL,2019-10-14,15.0,15.25,14.54,14.84,7908000,psxdata,2026-05-11T12:51:40
FCCL,2019-10-15,14.99,15.65,14.78,15.37,14256500,psxdata,2026-05-11T12:51:40
FCCL,2019-10-16,15.45,15.75,15.23,15.27,3822000,psxdata,2026-05-11T12:51:40
FCCL,2019-10-17,15.25,15.44,15.01,15.04,1995000,psxdata,2026-05-11T12:51:40
FCCL,2019-10-18,15.05,15.4,14.85,14.96,3695500,psxdata,2026-05-11T12:51:40
FCCL,2019-10-21,14.85,14.85,14.05,14.23,7550500,psxdata,2026-05-11T12:51:40
FCCL,2019-10-22,14.1,14.36,14.0,14.3,2407000,psxdata,2026-05-11T12:51:40
FCCL,2019-10-23,14.4,14.7,14.36,14.56,1882000,psxdata,2026-05-11T12:51:40
FCCL,2019-10-24,14.56,14.95,14.5,14.58,4440500,psxdata,2026-05-11T12:51:40
FCCL,2019-10-25,14.73,14.75,14.35,14.57,1709500,psxdata,2026-05-11T12:51:40
FCCL,2019-10-28,14.7,15.57,14.2,15.39,7044000,psxdata,2026-05-11T12:51:40
FCCL,2019-10-29,15.35,15.85,15.3,15.41,9579000,psxdata,2026-05-11T12:51:40
FCCL,2019-10-30,15.4,15.49,15.1,15.22,1960000,psxdata,2026-05-11T12:51:40
FCCL,2019-10-31,15.15,15.7,15.1,15.54,5238000,psxdata,2026-05-11T12:51:40
FCCL,2019-11-01,15.5,16.14,15.39,15.74,12861500,psxdata,2026-05-11T12:51:40
FCCL,2019-11-04,15.85,16.33,15.8,16.04,11182000,psxdata,2026-05-11T12:51:40
FCCL,2019-11-05,16.19,16.32,15.75,15.82,7663500,psxdata,2026-05-11T12:51:40
FCCL,2019-11-06,16.0,16.8,16.0,16.36,15656500,psxdata,2026-05-11T12:51:40
FCCL,2019-11-07,16.4,16.4,15.63,15.7,6648500,psxdata,2026-05-11T12:51:40
FCCL,2019-11-08,15.71,15.71,15.22,15.27,4800000,psxdata,2026-05-11T12:51:40
FCCL,2019-11-11,15.31,16.05,15.3,15.96,6398500,psxdata,2026-05-11T12:51:40
FCCL,2019-11-12,16.15,16.4,15.75,15.82,11235500,psxdata,2026-05-11T12:51:40
FCCL,2019-11-13,15.85,15.88,15.5,15.6,3832000,psxdata,2026-05-11T12:51:40
FCCL,2019-11-14,15.75,16.2,15.7,15.86,12228500,psxdata,2026-05-11T12:51:40
FCCL,2019-11-15,15.75,16.6,15.75,16.37,16379000,psxdata,2026-05-11T12:51:40
FCCL,2019-11-18,16.5,16.94,16.15,16.83,18761500,psxdata,2026-05-11T12:51:40
FCCL,2019-11-19,17.0,17.05,16.32,16.42,11932000,psxdata,2026-05-11T12:51:40
FCCL,2019-11-20,16.45,16.45,15.67,15.74,8069000,psxdata,2026-05-11T12:51:40
FCCL,2019-11-21,15.61,16.09,15.26,15.42,6267500,psxdata,2026-05-11T12:51:40
FCCL,2019-11-22,15.42,15.96,15.35,15.88,4439500,psxdata,2026-05-11T12:51:40
FCCL,2019-11-25,15.67,16.33,15.6,16.21,7225500,psxdata,2026-05-11T12:51:40
FCCL,2019-11-26,16.38,16.46,15.5,15.8,7855500,psxdata,2026-05-11T12:51:40
FCCL,2019-11-27,15.85,16.0,15.5,15.71,4819000,psxdata,2026-05-11T12:51:40
FCCL,2019-11-28,15.75,16.35,15.74,16.05,13431000,psxdata,2026-05-11T12:51:40
FCCL,2019-11-29,16.26,16.6,16.05,16.14,11770500,psxdata,2026-05-11T12:51:40
FCCL,2019-12-02,16.4,16.61,16.14,16.49,10398000,psxdata,2026-05-11T12:51:40
FCCL,2019-12-03,16.65,16.87,16.05,16.12,10438000,psxdata,2026-05-11T12:51:40
FCCL,2019-12-04,16.13,16.3,15.85,16.25,7849000,psxdata,2026-05-11T12:51:40
FCCL,2019-12-05,16.46,17.25,16.2,17.07,34081000,psxdata,2026-05-11T12:51:40
FCCL,2019-12-06,17.1,17.85,17.1,17.51,31956000,psxdata,2026-05-11T12:51:40
FCCL,2019-12-09,17.63,17.78,16.85,17.07,10550500,psxdata,2026-05-11T12:51:40
FCCL,2019-12-10,17.24,17.39,16.86,17.3,5999000,psxdata,2026-05-11T12:51:40
FCCL,2019-12-11,17.37,17.4,16.87,16.97,5237000,psxdata,2026-05-11T12:51:40
FCCL,2019-12-12,16.9,17.05,16.6,16.91,5087000,psxdata,2026-05-11T12:51:40
FCCL,2019-12-13,17.0,17.35,16.8,16.88,7963500,psxdata,2026-05-11T12:51:40
FCCL,2019-12-16,17.1,17.32,16.91,17.17,5361500,psxdata,2026-05-11T12:51:40
FCCL,2019-12-17,17.29,17.35,16.51,16.84,7245000,psxdata,2026-05-11T12:51:40
FCCL,2019-12-18,16.65,16.97,16.56,16.62,6011500,psxdata,2026-05-11T12:51:40
FCCL,2019-12-19,16.6,16.75,15.62,15.89,6318500,psxdata,2026-05-11T12:51:40
FCCL,2019-12-20,15.89,16.15,15.5,15.63,3416500,psxdata,2026-05-11T12:51:40
FCCL,2019-12-23,15.5,16.15,15.41,15.6,7904000,psxdata,2026-05-11T12:51:40
FCCL,2019-12-24,15.6,15.9,15.46,15.77,3227500,psxdata,2026-05-11T12:51:40
FCCL,2019-12-26,15.98,16.03,15.72,15.8,4366500,psxdata,2026-05-11T12:51:40
FCCL,2019-12-27,15.98,16.0,15.35,15.45,6338500,psxdata,2026-05-11T12:51:40
FCCL,2019-12-30,15.59,15.86,15.5,15.61,2395000,psxdata,2026-05-11T12:51:40
FCCL,2019-12-31,15.46,15.81,15.46,15.56,1734000,psxdata,2026-05-11T12:51:40
FCCL,2020-01-01,15.65,16.19,15.6,16.02,2936000,psxdata,2026-05-11T12:51:40
FCCL,2020-01-02,16.25,16.55,16.21,16.45,7473500,psxdata,2026-05-11T12:51:40
FCCL,2020-01-03,16.55,16.75,16.21,16.38,5536000,psxdata,2026-05-11T12:51:40
FCCL,2020-01-06,16.0,16.0,15.5,15.54,4474500,psxdata,2026-05-11T12:51:40
FCCL,2020-01-07,15.61,15.9,15.5,15.77,2416000,psxdata,2026-05-11T12:51:40
FCCL,2020-01-08,15.5,15.76,15.26,15.38,2449500,psxdata,2026-05-11T12:51:40
FCCL,2020-01-09,15.8,16.2,15.7,16.16,3927500,psxdata,2026-05-11T12:51:40
FCCL,2020-01-10,16.25,17.16,16.2,17.16,14161500,psxdata,2026-05-11T12:51:40
FCCL,2020-01-13,17.49,17.55,17.02,17.1,13578000,psxdata,2026-05-11T12:51:40
FCCL,2020-01-14,17.11,17.2,16.62,16.76,3069500,psxdata,2026-05-11T12:51:40
FCCL,2020-01-15,16.65,17.05,16.65,16.89,2391500,psxdata,2026-05-11T12:51:40
FCCL,2020-01-16,16.89,17.13,16.78,16.91,2276500,psxdata,2026-05-11T12:51:40
FCCL,2020-01-17,16.99,17.13,16.9,16.97,2314000,psxdata,2026-05-11T12:51:40
FCCL,2020-01-20,16.9,17.0,16.54,16.64,1116000,psxdata,2026-05-11T12:51:40
FCCL,2020-01-21,16.51,16.68,16.35,16.47,1748500,psxdata,2026-05-11T12:51:40
FCCL,2020-01-22,16.4,16.8,16.15,16.51,1565000,psxdata,2026-05-11T12:51:40
FCCL,2020-01-23,16.68,17.36,16.5,16.6,13624500,psxdata,2026-05-11T12:51:40
FCCL,2020-01-24,16.6,16.99,16.53,16.86,4319500,psxdata,2026-05-11T12:51:40
FCCL,2020-01-27,17.0,17.35,16.9,17.25,12145500,psxdata,2026-05-11T12:51:40
FCCL,2020-01-28,17.27,17.3,16.9,16.98,6095000,psxdata,2026-05-11T12:51:40
FCCL,2020-01-29,16.91,16.95,16.51,16.6,2479000,psxdata,2026-05-11T12:51:40
FCCL,2020-01-30,16.61,16.85,16.41,16.64,3924000,psxdata,2026-05-11T12:51:40
FCCL,2020-01-31,16.6,16.75,16.4,16.64,2965500,psxdata,2026-05-11T12:51:40
FCCL,2020-02-03,16.5,16.5,16.22,16.29,2694000,psxdata,2026-05-11T12:51:40
FCCL,2020-02-04,16.36,16.95,16.35,16.87,2656500,psxdata,2026-05-11T12:51:40
FCCL,2020-02-06,16.98,17.02,16.8,16.91,3528000,psxdata,2026-05-11T12:51:40
FCCL,2020-02-07,16.92,16.92,15.9,15.93,8466000,psxdata,2026-05-11T12:51:40
FCCL,2020-02-10,15.75,15.87,14.95,15.02,5412500,psxdata,2026-05-11T12:51:40
FCCL,2020-02-11,15.24,15.64,15.0,15.47,2349000,psxdata,2026-05-11T12:51:40
FCCL,2020-02-12,15.6,15.87,15.29,15.75,2916000,psxdata,2026-05-11T12:51:40
FCCL,2020-02-13,15.76,16.03,15.65,15.81,2193500,psxdata,2026-05-11T12:51:40
FCCL,2020-02-14,15.75,15.85,15.5,15.56,766500,psxdata,2026-05-11T12:51:40
FCCL,2020-02-17,15.69,15.75,15.37,15.46,797500,psxdata,2026-05-11T12:51:40
FCCL,2020-02-18,15.69,15.69,15.23,15.31,809000,psxdata,2026-05-11T12:51:40
FCCL,2020-02-19,15.4,15.75,15.4,15.68,2044000,psxdata,2026-05-11T12:51:40
FCCL,2020-02-20,15.75,15.8,15.52,15.61,665000,psxdata,2026-05-11T12:51:40
FCCL,2020-02-21,15.65,15.78,15.3,15.33,2391500,psxdata,2026-05-11T12:51:40
FCCL,2020-02-24,15.34,15.34,15.0,15.21,2549000,psxdata,2026-05-11T12:51:40
FCCL,2020-02-25,15.2,15.35,15.03,15.24,1278000,psxdata,2026-05-11T12:51:40
FCCL,2020-02-26,15.25,15.25,14.96,15.18,2447500,psxdata,2026-05-11T12:51:40
FCCL,2020-02-27,14.9,14.94,14.18,14.7,5352500,psxdata,2026-05-11T12:51:40
FCCL,2020-02-28,14.67,15.55,14.5,15.13,7115000,psxdata,2026-05-11T12:51:40
FCCL,2020-03-02,15.21,16.18,15.21,16.18,6373500,psxdata,2026-05-11T12:51:40
FCCL,2020-03-03,16.35,16.8,16.15,16.36,12608000,psxdata,2026-05-11T12:51:40
FCCL,2020-03-04,16.33,17.18,16.16,16.75,15155000,psxdata,2026-05-11T12:51:40
FCCL,2020-03-05,16.91,17.92,16.91,17.88,29955000,psxdata,2026-05-11T12:51:40
FCCL,2020-03-06,17.89,18.25,17.2,17.48,25868500,psxdata,2026-05-11T12:51:40
FCCL,2020-03-09,16.95,18.7,16.26,18.69,30659500,psxdata,2026-05-11T12:51:40
FCCL,2020-03-10,18.95,19.22,17.95,18.42,16094000,psxdata,2026-05-11T12:51:40
FCCL,2020-03-11,18.32,19.4,17.95,18.47,15977500,psxdata,2026-05-11T12:51:40
FCCL,2020-03-12,17.9,18.3,17.18,17.19,17410000,psxdata,2026-05-11T12:51:40
FCCL,2020-03-13,16.4,17.4,15.99,17.18,20948500,psxdata,2026-05-11T12:51:40
FCCL,2020-03-16,16.95,16.95,15.9,15.9,4538500,psxdata,2026-05-11T12:51:40
FCCL,2020-03-17,15.41,16.64,15.35,15.94,8855500,psxdata,2026-05-11T12:51:40
FCCL,2020-03-18,15.6,15.6,14.75,14.75,2715000,psxdata,2026-05-11T12:51:40
FCCL,2020-03-19,13.65,14.45,13.65,13.65,15873000,psxdata,2026-05-11T12:51:40
FCCL,2020-03-20,13.95,13.95,12.63,13.65,13977500,psxdata,2026-05-11T12:51:40
FCCL,2020-03-24,12.63,12.63,12.63,12.63,1149000,psxdata,2026-05-11T12:51:40
FCCL,2020-03-25,13.4,13.4,11.63,11.68,6924000,psxdata,2026-05-11T12:51:40
FCCL,2020-03-26,11.5,12.68,11.5,11.99,3847000,psxdata,2026-05-11T12:51:40
FCCL,2020-03-27,12.24,12.99,11.79,12.93,5265000,psxdata,2026-05-11T12:51:40
FCCL,2020-03-30,12.93,13.93,12.27,13.93,4386500,psxdata,2026-05-11T12:51:40
FCCL,2020-03-31,14.11,14.97,13.6,14.81,8050000,psxdata,2026-05-11T12:51:40
FCCL,2020-04-01,15.0,15.0,14.4,14.8,5284500,psxdata,2026-05-11T12:51:40
FCCL,2020-04-02,14.58,15.91,14.47,15.91,10539000,psxdata,2026-05-11T12:51:40
FCCL,2020-04-03,16.65,17.0,16.41,16.72,9699000,psxdata,2026-05-11T12:51:40
FCCL,2020-04-06,17.63,17.63,15.47,15.57,9582000,psxdata,2026-05-11T12:51:40
FCCL,2020-04-07,15.75,16.15,15.45,16.01,9848500,psxdata,2026-05-11T12:51:40
FCCL,2020-04-08,16.0,16.0,15.4,15.6,5869000,psxdata,2026-05-11T12:51:40
FCCL,2020-04-09,15.86,16.17,15.8,15.9,8546500,psxdata,2026-05-11T12:51:40
FCCL,2020-04-10,15.8,15.85,15.51,15.74,2905000,psxdata,2026-05-11T12:51:40
FCCL,2020-04-13,15.6,15.6,15.02,15.15,3918500,psxdata,2026-05-11T12:51:40
FCCL,2020-04-14,15.05,15.7,15.05,15.56,2488500,psxdata,2026-05-11T12:51:40
FCCL,2020-04-15,15.9,16.29,15.89,15.95,9558500,psxdata,2026-05-11T12:51:40
FCCL,2020-04-16,15.96,16.09,15.61,15.75,4741000,psxdata,2026-05-11T12:51:40
FCCL,2020-04-17,16.93,16.93,16.75,16.93,15370000,psxdata,2026-05-11T12:51:40
FCCL,2020-04-20,17.99,17.99,17.1,17.35,35515500,psxdata,2026-05-11T12:51:40
FCCL,2020-04-21,16.9,17.38,16.46,16.63,24209500,psxdata,2026-05-11T12:51:40
FCCL,2020-04-22,16.85,17.28,16.66,16.97,10385500,psxdata,2026-05-11T12:51:40
FCCL,2020-04-23,17.11,17.24,16.75,16.94,12230000,psxdata,2026-05-11T12:51:40
FCCL,2020-04-24,16.94,16.99,16.6,16.68,2546000,psxdata,2026-05-11T12:51:40
FCCL,2020-04-27,16.21,16.43,16.01,16.36,3695000,psxdata,2026-05-11T12:51:40
FCCL,2020-04-28,16.55,16.88,16.41,16.72,3215500,psxdata,2026-05-11T12:51:40
FCCL,2020-04-29,16.58,16.95,16.58,16.9,2853000,psxdata,2026-05-11T12:51:40
FCCL,2020-04-30,17.03,17.2,16.77,17.04,4270000,psxdata,2026-05-11T12:51:40
FCCL,2020-05-04,16.51,17.1,16.5,16.98,5819000,psxdata,2026-05-11T12:51:40
FCCL,2020-05-05,17.08,17.27,16.41,16.95,17863000,psxdata,2026-05-11T12:51:40
FCCL,2020-05-06,16.99,16.99,16.6,16.81,1589500,psxdata,2026-05-11T12:51:40
FCCL,2020-05-07,16.66,17.25,16.55,16.66,7537000,psxdata,2026-05-11T12:51:40
FCCL,2020-05-08,16.66,16.95,16.35,16.81,3336500,psxdata,2026-05-11T12:51:40
FCCL,2020-05-11,16.7,16.84,16.6,16.8,1027500,psxdata,2026-05-11T12:51:40
FCCL,2020-05-12,17.25,18.0,17.25,17.91,19070500,psxdata,2026-05-11T12:51:40
FCCL,2020-05-13,18.0,18.25,17.7,17.79,9983500,psxdata,2026-05-11T12:51:40
FCCL,2020-05-14,18.0,18.14,17.62,17.71,5140000,psxdata,2026-05-11T12:51:40
FCCL,2020-05-15,17.75,17.91,17.59,17.78,3078000,psxdata,2026-05-11T12:51:40
FCCL,2020-05-18,18.1,18.1,17.31,17.4,2914000,psxdata,2026-05-11T12:51:40
FCCL,2020-05-19,17.32,17.59,17.01,17.17,4267000,psxdata,2026-05-11T12:51:40
FCCL,2020-05-20,17.11,17.55,17.11,17.42,1817000,psxdata,2026-05-11T12:51:40
FCCL,2020-05-21,17.42,17.49,17.15,17.31,1782500,psxdata,2026-05-11T12:51:40
FCCL,2020-05-28,17.2,17.35,17.02,17.19,927000,psxdata,2026-05-11T12:51:40
FCCL,2020-05-29,17.15,17.4,16.9,17.03,1624500,psxdata,2026-05-11T12:51:40
FCCL,2020-06-01,17.19,17.19,16.75,16.8,1149500,psxdata,2026-05-11T12:51:40
FCCL,2020-06-02,16.89,16.99,16.75,16.84,832000,psxdata,2026-05-11T12:51:40
FCCL,2020-06-03,16.95,16.95,16.75,16.82,739500,psxdata,2026-05-11T12:51:40
FCCL,2020-06-04,16.7,16.81,16.36,16.44,2252000,psxdata,2026-05-11T12:51:40
FCCL,2020-06-05,16.5,16.78,16.44,16.66,849500,psxdata,2026-05-11T12:51:40
FCCL,2020-06-08,16.7,17.15,16.66,16.84,2236500,psxdata,2026-05-11T12:51:40
FCCL,2020-06-09,16.97,16.97,16.6,16.86,2072500,psxdata,2026-05-11T12:51:40
FCCL,2020-06-10,16.9,16.99,16.74,16.79,1576500,psxdata,2026-05-11T12:51:40
FCCL,2020-06-11,16.75,17.05,16.75,16.94,2093500,psxdata,2026-05-11T12:51:40
FCCL,2020-06-12,16.83,16.9,16.65,16.83,903000,psxdata,2026-05-11T12:51:40
FCCL,2020-06-15,16.9,16.9,16.1,16.19,2230000,psxdata,2026-05-11T12:51:40
FCCL,2020-06-16,16.3,16.39,16.0,16.12,1675500,psxdata,2026-05-11T12:51:40
FCCL,2020-06-17,16.21,16.25,15.8,16.04,2489000,psxdata,2026-05-11T12:51:40
FCCL,2020-06-18,15.83,16.19,15.83,16.01,1882500,psxdata,2026-05-11T12:51:40
FCCL,2020-06-19,16.05,16.2,15.62,15.99,2070000,psxdata,2026-05-11T12:51:40
FCCL,2020-06-22,15.86,16.13,15.65,16.05,1736000,psxdata,2026-05-11T12:51:40
FCCL,2020-06-23,16.14,16.45,16.01,16.4,1452500,psxdata,2026-05-11T12:51:40
FCCL,2020-06-24,16.3,16.8,16.25,16.63,2678500,psxdata,2026-05-11T12:51:40
FCCL,2020-06-25,16.55,16.62,16.28,16.3,2428000,psxdata,2026-05-11T12:51:40
FCCL,2020-06-26,16.64,16.85,16.5,16.62,2422000,psxdata,2026-05-11T12:51:40
FCCL,2020-06-29,16.65,17.0,16.34,16.92,3041000,psxdata,2026-05-11T12:51:40
FCCL,2020-06-30,16.85,17.0,16.8,16.88,2067500,psxdata,2026-05-11T12:51:40
FCCL,2020-07-01,16.95,17.5,16.86,17.45,5084000,psxdata,2026-05-11T12:51:40
FCCL,2020-07-02,17.41,17.65,17.2,17.28,2878000,psxdata,2026-05-11T12:51:40
FCCL,2020-07-03,17.26,17.4,17.05,17.08,550500,psxdata,2026-05-11T12:51:40
FCCL,2020-07-06,17.1,17.37,17.1,17.26,961500,psxdata,2026-05-11T12:51:40
FCCL,2020-07-07,17.38,17.75,17.38,17.65,3658000,psxdata,2026-05-11T12:51:40
FCCL,2020-07-08,17.65,17.9,17.65,17.78,2669500,psxdata,2026-05-11T12:51:40
FCCL,2020-07-09,17.81,17.89,17.5,17.7,1563500,psxdata,2026-05-11T12:51:40
FCCL,2020-07-10,17.61,18.05,17.52,17.99,2015000,psxdata,2026-05-11T12:51:40
FCCL,2020-07-13,18.25,19.05,18.25,18.85,14234500,psxdata,2026-05-11T12:51:40
FCCL,2020-07-14,18.93,18.95,18.5,18.56,2886000,psxdata,2026-05-11T12:51:40
FCCL,2020-07-15,18.5,18.7,18.15,18.39,2717500,psxdata,2026-05-11T12:51:40
FCCL,2020-07-16,18.32,19.05,18.2,18.95,19116000,psxdata,2026-05-11T12:51:40
FCCL,2020-07-17,19.0,19.15,18.74,19.08,4861000,psxdata,2026-05-11T12:51:40
FCCL,2020-07-20,19.05,20.51,19.05,20.51,20004000,psxdata,2026-05-11T12:51:40
FCCL,2020-07-21,21.0,21.75,20.65,20.75,17493500,psxdata,2026-05-11T12:51:40
FCCL,2020-07-22,20.65,21.19,20.1,20.6,17795500,psxdata,2026-05-11T12:51:40
FCCL,2020-07-23,20.88,20.88,19.9,20.02,5230000,psxdata,2026-05-11T12:51:40
FCCL,2020-07-24,20.0,20.2,19.5,19.71,6349000,psxdata,2026-05-11T12:51:40
FCCL,2020-07-27,19.71,20.07,19.63,19.79,4203000,psxdata,2026-05-11T12:51:40
FCCL,2020-07-28,19.85,20.2,19.7,19.87,4346500,psxdata,2026-05-11T12:51:40
FCCL,2020-07-29,20.09,20.89,19.9,20.44,12352000,psxdata,2026-05-11T12:51:40
FCCL,2020-07-30,20.5,21.06,20.03,20.98,13073500,psxdata,2026-05-11T12:51:40
FCCL,2020-08-03,21.48,21.69,20.9,21.45,21243500,psxdata,2026-05-11T12:51:40
FCCL,2020-08-04,21.49,21.58,20.95,21.0,7996500,psxdata,2026-05-11T12:51:40
FCCL,2020-08-05,21.1,21.84,20.8,21.68,15916000,psxdata,2026-05-11T12:51:40
FCCL,2020-08-06,22.0,22.17,21.3,21.47,14949500,psxdata,2026-05-11T12:51:40
FCCL,2020-08-07,21.45,21.65,21.25,21.34,9584000,psxdata,2026-05-11T12:51:40
FCCL,2020-08-10,21.36,21.6,21.01,21.13,2913000,psxdata,2026-05-11T12:51:40
FCCL,2020-08-11,21.2,21.49,21.11,21.23,5935500,psxdata,2026-05-11T12:51:40
FCCL,2020-08-12,21.39,21.56,20.49,20.67,7984500,psxdata,2026-05-11T12:51:40
FCCL,2020-08-13,20.8,20.8,20.12,20.49,2380500,psxdata,2026-05-11T12:51:40
FCCL,2020-08-17,20.56,20.74,20.3,20.45,2043500,psxdata,2026-05-11T12:51:40
FCCL,2020-08-18,20.49,21.18,20.4,20.98,5228500,psxdata,2026-05-11T12:51:40
FCCL,2020-08-19,21.05,21.29,20.8,20.86,3912000,psxdata,2026-05-11T12:51:40
FCCL,2020-08-20,20.93,20.94,20.35,20.47,1626000,psxdata,2026-05-11T12:51:40
FCCL,2020-08-21,20.31,20.74,19.02,19.99,7232000,psxdata,2026-05-11T12:51:40
FCCL,2020-08-24,20.01,20.9,19.86,20.76,5390500,psxdata,2026-05-11T12:51:40
FCCL,2020-08-25,20.75,21.85,20.6,21.26,10633000,psxdata,2026-05-11T12:51:40
FCCL,2020-08-26,21.4,21.6,20.99,21.47,10166000,psxdata,2026-05-11T12:51:40
FCCL,2020-08-27,21.6,22.1,21.55,21.68,13760000,psxdata,2026-05-11T12:51:40
FCCL,2020-08-28,21.6,21.74,21.36,21.51,1589500,psxdata,2026-05-11T12:51:40
FCCL,2020-08-31,21.51,22.15,21.51,21.7,14270000,psxdata,2026-05-11T12:51:40
FCCL,2020-09-01,21.7,21.99,21.6,21.88,5622500,psxdata,2026-05-11T12:51:40
FCCL,2020-09-02,22.0,22.7,22.0,22.22,21934000,psxdata,2026-05-11T12:51:40
FCCL,2020-09-03,22.3,22.7,22.11,22.56,15697000,psxdata,2026-05-11T12:51:40
FCCL,2020-09-04,22.3,22.8,22.2,22.49,16567500,psxdata,2026-05-11T12:51:40
FCCL,2020-09-07,22.75,22.8,22.3,22.46,14259000,psxdata,2026-05-11T12:51:40
FCCL,2020-09-08,22.45,22.6,21.6,21.76,7160000,psxdata,2026-05-11T12:51:40
FCCL,2020-09-09,21.6,21.9,21.45,21.55,4049000,psxdata,2026-05-11T12:51:40
FCCL,2020-09-10,21.55,22.31,21.55,22.11,16404000,psxdata,2026-05-11T12:51:40
FCCL,2020-09-11,22.3,22.39,21.8,22.03,8017500,psxdata,2026-05-11T12:51:40
FCCL,2020-09-14,22.25,22.33,21.65,22.17,7084000,psxdata,2026-05-11T12:51:40
FCCL,2020-09-15,22.11,22.4,21.7,21.84,14202000,psxdata,2026-05-11T12:51:40
FCCL,2020-09-16,21.9,22.1,21.69,21.75,3238500,psxdata,2026-05-11T12:51:40
FCCL,2020-09-17,21.99,21.99,21.67,21.71,2347500,psxdata,2026-05-11T12:51:40
FCCL,2020-09-18,21.75,21.8,21.5,21.54,3117500,psxdata,2026-05-11T12:51:40
FCCL,2020-09-21,21.54,21.59,21.3,21.34,2791000,psxdata,2026-05-11T12:51:40
FCCL,2020-09-22,21.15,21.4,20.5,20.93,3829500,psxdata,2026-05-11T12:51:40
FCCL,2020-09-23,21.0,21.2,20.85,21.0,6399000,psxdata,2026-05-11T12:51:40
FCCL,2020-09-24,21.0,21.4,21.0,21.14,9678500,psxdata,2026-05-11T12:51:40
FCCL,2020-09-25,21.25,21.25,20.8,20.81,4039500,psxdata,2026-05-11T12:51:40
FCCL,2020-09-28,20.85,21.0,19.9,20.1,4609000,psxdata,2026-05-11T12:51:40
FCCL,2020-09-29,20.05,20.24,19.75,20.18,3624000,psxdata,2026-05-11T12:51:40
FCCL,2020-09-30,20.21,20.42,19.71,19.88,4243000,psxdata,2026-05-11T12:51:40
FCCL,2020-10-01,19.88,20.2,19.4,20.09,8682000,psxdata,2026-05-11T12:51:40
FCCL,2020-10-02,20.18,20.18,18.98,19.27,4128000,psxdata,2026-05-11T12:51:40
FCCL,2020-10-05,19.16,19.16,18.49,18.69,4280000,psxdata,2026-05-11T12:51:40
FCCL,2020-10-06,18.53,19.19,18.31,19.01,1712000,psxdata,2026-05-11T12:51:40
FCCL,2020-10-07,19.25,19.85,19.1,19.72,4580000,psxdata,2026-05-11T12:51:40
FCCL,2020-10-08,19.85,20.7,19.6,20.49,8502500,psxdata,2026-05-11T12:51:40
FCCL,2020-10-09,20.4,20.87,20.01,20.42,8343500,psxdata,2026-05-11T12:51:40
FCCL,2020-10-12,20.5,20.74,19.8,19.95,7352500,psxdata,2026-05-11T12:51:40
FCCL,2020-10-13,19.71,20.01,19.51,19.69,5810500,psxdata,2026-05-11T12:51:40
FCCL,2020-10-14,19.7,20.04,19.52,19.99,3710000,psxdata,2026-05-11T12:51:40
FCCL,2020-10-15,20.0,20.44,19.8,19.92,5672000,psxdata,2026-05-11T12:51:40
FCCL,2020-10-16,19.86,20.15,19.65,19.99,2976500,psxdata,2026-05-11T12:51:40
FCCL,2020-10-19,19.8,20.14,19.61,19.86,1767000,psxdata,2026-05-11T12:51:40
FCCL,2020-10-20,19.89,20.27,19.83,20.17,3853000,psxdata,2026-05-11T12:51:40
FCCL,2020-10-21,20.2,20.38,20.0,20.03,3532000,psxdata,2026-05-11T12:51:40
FCCL,2020-10-22,20.05,20.45,19.92,20.03,4343000,psxdata,2026-05-11T12:51:40
FCCL,2020-10-23,20.14,21.35,20.14,20.79,22044000,psxdata,2026-05-11T12:51:40
FCCL,2020-10-26,20.8,22.34,20.65,22.34,31227000,psxdata,2026-05-11T12:51:40
FCCL,2020-10-27,22.47,22.85,21.05,21.46,22532000,psxdata,2026-05-11T12:51:40
FCCL,2020-10-28,21.47,21.75,21.1,21.61,8526500,psxdata,2026-05-11T12:51:40
FCCL,2020-10-29,21.2,21.6,20.56,21.16,26403500,psxdata,2026-05-11T12:51:40
FCCL,2020-11-02,21.16,21.16,20.22,20.76,8229000,psxdata,2026-05-11T12:51:40
FCCL,2020-11-03,20.99,21.5,20.9,21.43,8090000,psxdata,2026-05-11T12:51:40
FCCL,2020-11-04,21.7,21.85,20.91,21.05,4066000,psxdata,2026-05-11T12:51:40
FCCL,2020-11-05,21.25,21.45,21.08,21.28,1698000,psxdata,2026-05-11T12:51:40
FCCL,2020-11-06,21.38,21.55,21.05,21.21,2634500,psxdata,2026-05-11T12:51:40
FCCL,2020-11-09,21.47,21.48,21.06,21.41,2223500,psxdata,2026-05-11T12:51:40
FCCL,2020-11-10,21.69,21.69,21.2,21.44,2365500,psxdata,2026-05-11T12:51:40
FCCL,2020-11-11,21.31,21.35,21.02,21.13,1105000,psxdata,2026-05-11T12:51:40
FCCL,2020-11-12,21.02,21.2,20.55,20.65,1682000,psxdata,2026-05-11T12:51:40
FCCL,2020-11-13,20.55,21.2,20.35,20.72,2306000,psxdata,2026-05-11T12:51:40
FCCL,2020-11-16,20.66,21.48,20.66,21.32,3125000,psxdata,2026-05-11T12:51:40
FCCL,2020-11-17,21.5,21.65,21.1,21.36,2455000,psxdata,2026-05-11T12:51:40
FCCL,2020-11-18,21.13,21.48,21.01,21.32,1590000,psxdata,2026-05-11T12:51:40
FCCL,2020-11-19,21.31,21.42,21.02,21.25,1647500,psxdata,2026-05-11T12:51:40
FCCL,2020-11-20,21.24,21.35,20.89,21.05,1573000,psxdata,2026-05-11T12:51:40
FCCL,2020-11-23,20.91,20.91,20.05,20.56,2041000,psxdata,2026-05-11T12:51:40
FCCL,2020-11-24,20.52,20.94,20.3,20.85,1646000,psxdata,2026-05-11T12:51:40
FCCL,2020-11-25,20.63,20.89,20.2,20.35,4119500,psxdata,2026-05-11T12:51:40
FCCL,2020-11-26,20.45,21.09,20.41,20.92,8002500,psxdata,2026-05-11T12:51:40
FCCL,2020-11-27,20.8,21.63,20.57,21.02,11043000,psxdata,2026-05-11T12:51:40
FCCL,2020-11-30,21.1,21.1,20.6,20.87,6035000,psxdata,2026-05-11T12:51:40
FCCL,2020-12-01,20.72,21.6,20.53,21.45,4361000,psxdata,2026-05-11T12:51:40
FCCL,2020-12-02,21.4,21.65,21.25,21.58,6392000,psxdata,2026-05-11T12:51:40
FCCL,2020-12-03,21.65,21.78,21.1,21.36,5283500,psxdata,2026-05-11T12:51:40
FCCL,2020-12-04,21.2,21.53,21.15,21.4,10007000,psxdata,2026-05-11T12:51:40
FCCL,2020-12-07,21.38,21.5,21.02,21.1,3737500,psxdata,2026-05-11T12:51:40
FCCL,2020-12-08,21.1,21.36,20.86,21.09,5789500,psxdata,2026-05-11T12:51:40
FCCL,2020-12-09,21.1,21.42,21.1,21.35,3159000,psxdata,2026-05-11T12:51:40
FCCL,2020-12-10,21.35,21.69,21.17,21.53,4415500,psxdata,2026-05-11T12:51:40
FCCL,2020-12-11,21.55,21.72,21.25,21.41,3355000,psxdata,2026-05-11T12:51:40
FCCL,2020-12-14,21.5,21.9,21.46,21.78,6882000,psxdata,2026-05-11T12:51:40
FCCL,2020-12-15,21.78,22.15,21.3,21.47,4625500,psxdata,2026-05-11T12:51:40
FCCL,2020-12-16,21.22,21.39,21.1,21.16,1282500,psxdata,2026-05-11T12:51:40
FCCL,2020-12-17,21.25,21.44,21.16,21.34,1594000,psxdata,2026-05-11T12:51:40
FCCL,2020-12-18,21.2,21.55,21.0,21.09,1035500,psxdata,2026-05-11T12:51:40
FCCL,2020-12-21,21.24,21.24,20.76,20.8,1680000,psxdata,2026-05-11T12:51:40
FCCL,2020-12-22,20.75,20.95,20.56,20.7,3663500,psxdata,2026-05-11T12:51:40
FCCL,2020-12-23,20.62,21.15,20.55,20.99,2987500,psxdata,2026-05-11T12:51:40
FCCL,2020-12-24,20.99,21.82,20.99,21.53,17729500,psxdata,2026-05-11T12:51:40
FCCL,2020-12-28,21.65,21.92,21.5,21.66,3424500,psxdata,2026-05-11T12:51:40
FCCL,2020-12-29,21.66,21.96,21.41,21.49,4458000,psxdata,2026-05-11T12:51:40
FCCL,2020-12-30,21.51,21.6,21.1,21.21,3327000,psxdata,2026-05-11T12:51:40
FCCL,2020-12-31,21.15,21.79,21.15,21.67,3398500,psxdata,2026-05-11T12:51:40
FCCL,2021-01-01,22.0,22.22,21.31,21.52,9500500,psxdata,2026-05-11T12:51:40
FCCL,2021-01-04,21.7,21.76,21.1,21.15,3995500,psxdata,2026-05-11T12:51:40
FCCL,2021-01-05,21.25,21.5,21.25,21.34,594000,psxdata,2026-05-11T12:51:40
FCCL,2021-01-06,21.26,21.59,21.0,21.27,9289000,psxdata,2026-05-11T12:51:40
FCCL,2021-01-07,21.4,21.47,21.0,21.08,2161500,psxdata,2026-05-11T12:51:40
FCCL,2021-01-08,21.2,21.4,20.97,21.04,3352000,psxdata,2026-05-11T12:51:40
FCCL,2021-01-11,21.02,21.29,20.91,20.99,3419500,psxdata,2026-05-11T12:51:40
FCCL,2021-01-12,21.19,21.2,21.0,21.09,1260000,psxdata,2026-05-11T12:51:40
FCCL,2021-01-13,21.3,21.6,21.02,21.45,6110500,psxdata,2026-05-11T12:51:40
FCCL,2021-01-14,21.54,21.54,21.2,21.39,1965000,psxdata,2026-05-11T12:51:40
FCCL,2021-01-15,21.48,22.0,21.3,21.72,6147000,psxdata,2026-05-11T12:51:40
FCCL,2021-01-18,21.89,21.89,21.45,21.59,2668500,psxdata,2026-05-11T12:51:40
FCCL,2021-01-19,21.5,21.55,21.35,21.4,906500,psxdata,2026-05-11T12:51:40
FCCL,2021-01-20,21.5,21.5,21.13,21.26,2962000,psxdata,2026-05-11T12:51:40
FCCL,2021-01-21,21.21,21.7,21.21,21.41,2380000,psxdata,2026-05-11T12:51:40
FCCL,2021-01-22,21.27,21.5,21.15,21.36,1075500,psxdata,2026-05-11T12:51:40
FCCL,2021-01-25,21.49,21.83,21.3,21.75,2573500,psxdata,2026-05-11T12:51:40
FCCL,2021-01-26,21.8,22.5,21.6,22.29,11561000,psxdata,2026-05-11T12:51:40
FCCL,2021-01-27,22.25,23.68,22.12,23.44,31578500,psxdata,2026-05-11T12:51:40
FCCL,2021-01-28,23.21,24.63,23.1,23.97,22009000,psxdata,2026-05-11T12:51:40
FCCL,2021-01-29,23.91,25.4,23.91,24.78,11182500,psxdata,2026-05-11T12:51:40
FCCL,2021-02-01,24.71,25.48,24.31,24.56,5092500,psxdata,2026-05-11T12:51:40
FCCL,2021-02-02,24.7,24.7,24.25,24.35,2152500,psxdata,2026-05-11T12:51:40
FCCL,2021-02-03,24.36,25.5,24.32,25.23,8348000,psxdata,2026-05-11T12:51:40
FCCL,2021-02-04,25.23,25.78,24.75,24.86,5581000,psxdata,2026-05-11T12:51:40
FCCL,2021-02-08,25.0,25.0,23.95,24.16,2658000,psxdata,2026-05-11T12:51:40
FCCL,2021-02-09,24.21,24.49,23.71,23.82,4040000,psxdata,2026-05-11T12:51:40
FCCL,2021-02-10,23.77,25.6,23.55,25.48,25075000,psxdata,2026-05-11T12:51:40
FCCL,2021-02-11,25.5,27.05,25.21,25.85,37808500,psxdata,2026-05-11T12:51:40
FCCL,2021-02-12,25.88,26.41,25.56,26.13,9138500,psxdata,2026-05-11T12:51:40
FCCL,2021-02-15,26.25,26.65,25.76,26.49,10931000,psxdata,2026-05-11T12:51:40
FCCL,2021-02-16,26.51,27.4,26.4,27.21,7502000,psxdata,2026-05-11T12:51:40
FCCL,2021-02-17,27.55,27.61,26.3,26.43,9123000,psxdata,2026-05-11T12:51:40
FCCL,2021-02-18,26.31,26.5,26.0,26.16,3778000,psxdata,2026-05-11T12:51:40
FCCL,2021-02-19,26.35,26.7,25.22,25.37,8137500,psxdata,2026-05-11T12:51:40
FCCL,2021-02-22,25.58,25.58,24.51,25.1,7744500,psxdata,2026-05-11T12:51:40
FCCL,2021-02-23,25.2,25.4,24.81,25.03,2862000,psxdata,2026-05-11T12:51:40
FCCL,2021-02-24,25.05,25.1,24.15,24.46,3656500,psxdata,2026-05-11T12:51:40
FCCL,2021-02-25,24.8,25.3,24.5,25.24,2844000,psxdata,2026-05-11T12:51:40
FCCL,2021-02-26,25.15,25.49,24.6,24.79,2547000,psxdata,2026-05-11T12:51:40
FCCL,2021-03-01,24.85,25.15,24.0,24.95,7927500,psxdata,2026-05-11T12:51:40
FCCL,2021-03-02,25.15,25.15,24.52,24.67,2004000,psxdata,2026-05-11T12:51:40
FCCL,2021-03-03,24.75,25.11,24.65,24.98,2349000,psxdata,2026-05-11T12:51:40
FCCL,2021-03-04,24.1,24.69,24.01,24.32,4596500,psxdata,2026-05-11T12:51:40
FCCL,2021-03-05,24.4,24.75,23.81,24.65,1517000,psxdata,2026-05-11T12:51:40
FCCL,2021-03-08,24.85,25.01,23.35,23.73,4092500,psxdata,2026-05-11T12:51:40
FCCL,2021-03-09,23.52,24.0,22.16,22.67,2293000,psxdata,2026-05-11T12:51:40
FCCL,2021-03-10,22.65,23.3,22.23,23.1,12952000,psxdata,2026-05-11T12:51:40
FCCL,2021-03-11,22.99,23.15,21.99,22.15,6344500,psxdata,2026-05-11T12:51:40
FCCL,2021-03-12,22.15,23.18,22.15,22.66,2714000,psxdata,2026-05-11T12:51:40
FCCL,2021-03-15,23.0,23.35,22.25,23.1,21085000,psxdata,2026-05-11T12:51:40
FCCL,2021-03-16,23.2,23.25,22.53,22.68,5195500,psxdata,2026-05-11T12:51:40
FCCL,2021-03-17,22.95,23.7,22.79,23.05,16632500,psxdata,2026-05-11T12:51:40
FCCL,2021-03-18,23.3,23.35,22.76,22.98,7398000,psxdata,2026-05-11T12:51:40
FCCL,2021-03-19,22.98,23.25,22.6,23.05,1941000,psxdata,2026-05-11T12:51:40
FCCL,2021-03-22,23.1,23.24,22.7,23.16,1998500,psxdata,2026-05-11T12:51:40
FCCL,2021-03-24,23.02,23.31,22.91,23.0,1841000,psxdata,2026-05-11T12:51:40
FCCL,2021-03-25,23.1,23.27,22.9,22.94,2496000,psxdata,2026-05-11T12:51:40
FCCL,2021-03-26,22.9,22.98,22.51,22.54,2471500,psxdata,2026-05-11T12:51:40
FCCL,2021-03-29,22.81,22.81,21.75,21.95,3392500,psxdata,2026-05-11T12:51:40
FCCL,2021-03-30,21.82,22.4,21.76,22.16,414500,psxdata,2026-05-11T12:51:40
FCCL,2021-03-31,22.45,23.1,22.35,22.82,4748000,psxdata,2026-05-11T12:51:40
FCCL,2021-04-01,22.84,23.2,22.84,23.0,13415500,psxdata,2026-05-11T12:51:40
FCCL,2021-04-02,23.0,24.02,22.6,23.78,9913500,psxdata,2026-05-11T12:51:40
FCCL,2021-04-05,23.99,24.0,23.25,23.35,4003000,psxdata,2026-05-11T12:51:40
FCCL,2021-04-06,23.3,24.0,23.3,23.89,3198000,psxdata,2026-05-11T12:51:40
FCCL,2021-04-07,23.85,24.42,23.55,23.83,8135000,psxdata,2026-05-11T12:51:40
FCCL,2021-04-08,24.1,24.44,23.9,24.38,7061000,psxdata,2026-05-11T12:51:40
FCCL,2021-04-09,24.4,25.0,24.4,24.54,5994500,psxdata,2026-05-11T12:51:40
FCCL,2021-04-12,24.55,24.71,24.1,24.35,1530500,psxdata,2026-05-11T12:51:40
FCCL,2021-04-13,24.34,24.4,24.02,24.23,1092500,psxdata,2026-05-11T12:51:40
FCCL,2021-04-14,24.25,24.65,24.2,24.48,1397500,psxdata,2026-05-11T12:51:40
FCCL,2021-04-15,24.69,24.69,24.05,24.09,664000,psxdata,2026-05-11T12:51:40
FCCL,2021-04-16,24.15,24.25,23.72,23.81,1698500,psxdata,2026-05-11T12:51:40
FCCL,2021-04-19,23.51,24.2,23.4,23.81,1660000,psxdata,2026-05-11T12:51:40
FCCL,2021-04-20,24.05,24.35,23.91,24.29,3159000,psxdata,2026-05-11T12:51:40
FCCL,2021-04-21,24.39,24.39,23.8,23.85,911500,psxdata,2026-05-11T12:51:40
FCCL,2021-04-22,23.75,24.13,23.45,23.52,833000,psxdata,2026-05-11T12:51:40
FCCL,2021-04-23,23.5,23.68,23.06,23.33,1789500,psxdata,2026-05-11T12:51:40
FCCL,2021-04-26,23.12,23.75,23.0,23.25,3182500,psxdata,2026-05-11T12:51:40
FCCL,2021-04-27,23.39,23.5,22.85,23.05,2134000,psxdata,2026-05-11T12:51:40
FCCL,2021-04-28,23.15,23.15,22.75,22.96,2453500,psxdata,2026-05-11T12:51:40
FCCL,2021-04-29,22.96,23.18,22.5,22.61,2518500,psxdata,2026-05-11T12:51:40
FCCL,2021-04-30,22.66,23.03,22.5,22.85,2247000,psxdata,2026-05-11T12:51:40
FCCL,2021-05-03,22.7,23.55,22.3,22.61,6081000,psxdata,2026-05-11T12:51:40
FCCL,2021-05-04,22.7,22.89,22.41,22.67,461500,psxdata,2026-05-11T12:51:40
FCCL,2021-05-05,23.0,23.2,22.7,22.79,720500,psxdata,2026-05-11T12:51:40
FCCL,2021-05-06,22.75,22.9,22.6,22.75,1118000,psxdata,2026-05-11T12:51:40
FCCL,2021-05-17,23.05,23.48,23.0,23.34,2181000,psxdata,2026-05-11T12:51:40
FCCL,2021-05-18,23.35,23.55,23.01,23.46,4346000,psxdata,2026-05-11T12:51:40
FCCL,2021-05-19,23.2,23.36,22.6,23.08,4187000,psxdata,2026-05-11T12:51:40
FCCL,2021-05-20,23.19,23.49,23.19,23.33,1272500,psxdata,2026-05-11T12:51:40
FCCL,2021-05-21,23.3,24.2,23.1,23.7,3247500,psxdata,2026-05-11T12:51:40
FCCL,2021-05-24,24.0,24.38,23.5,24.01,6201000,psxdata,2026-05-11T12:51:40
FCCL,2021-05-25,24.25,24.6,24.06,24.3,4182000,psxdata,2026-05-11T12:51:40
FCCL,2021-05-26,24.31,24.58,23.7,23.79,3979500,psxdata,2026-05-11T12:51:40
FCCL,2021-05-27,23.9,24.05,23.35,23.49,4768500,psxdata,2026-05-11T12:51:40
FCCL,2021-05-28,23.5,23.65,23.3,23.4,1803500,psxdata,2026-05-11T12:51:40
FCCL,2021-05-31,23.6,24.85,23.6,24.52,13878500,psxdata,2026-05-11T12:51:40
FCCL,2021-06-01,24.59,24.79,23.95,24.06,8524000,psxdata,2026-05-11T12:51:40
FCCL,2021-06-02,24.1,24.4,23.82,23.96,3284500,psxdata,2026-05-11T12:51:40
FCCL,2021-06-03,23.96,24.33,23.89,24.09,6169000,psxdata,2026-05-11T12:51:40
FCCL,2021-06-04,24.15,24.29,23.85,24.05,2106500,psxdata,2026-05-11T12:51:40
FCCL,2021-06-07,24.18,24.44,23.95,24.11,5623000,psxdata,2026-05-11T12:51:40
FCCL,2021-06-08,24.1,24.35,23.81,23.93,3361500,psxdata,2026-05-11T12:51:40
FCCL,2021-06-09,24.05,24.14,23.7,23.75,2449500,psxdata,2026-05-11T12:51:40
FCCL,2021-06-10,23.7,24.19,23.7,24.08,3877000,psxdata,2026-05-11T12:51:40
FCCL,2021-06-11,24.0,24.33,23.95,24.03,3101000,psxdata,2026-05-11T12:51:40
FCCL,2021-06-14,24.31,24.5,23.78,24.39,5727500,psxdata,2026-05-11T12:51:40
FCCL,2021-06-15,24.31,25.1,24.2,24.4,10766500,psxdata,2026-05-11T12:51:40
FCCL,2021-06-16,24.45,24.6,24.04,24.07,1108000,psxdata,2026-05-11T12:51:40
FCCL,2021-06-17,24.1,24.25,23.9,24.05,1952000,psxdata,2026-05-11T12:51:40
FCCL,2021-06-18,24.01,24.25,23.85,24.15,1484500,psxdata,2026-05-11T12:51:40
FCCL,2021-06-21,24.01,24.3,23.8,23.85,1277000,psxdata,2026-05-11T12:51:40
FCCL,2021-06-22,24.09,24.15,23.77,23.83,1905000,psxdata,2026-05-11T12:51:40
FCCL,2021-06-23,23.72,23.93,23.5,23.57,1789500,psxdata,2026-05-11T12:51:40
FCCL,2021-06-24,23.69,23.8,23.5,23.57,1595000,psxdata,2026-05-11T12:51:40
FCCL,2021-06-25,23.53,23.8,23.02,23.21,2956000,psxdata,2026-05-11T12:51:40
FCCL,2021-06-28,23.29,23.29,22.81,22.94,2987000,psxdata,2026-05-11T12:51:40
FCCL,2021-06-29,22.85,23.2,22.76,22.81,1248500,psxdata,2026-05-11T12:51:40
FCCL,2021-06-30,22.9,23.2,22.8,23.0,1157000,psxdata,2026-05-11T12:51:40
FCCL,2021-07-01,23.19,23.65,23.11,23.24,1826000,psxdata,2026-05-11T12:51:40
FCCL,2021-07-02,23.35,23.45,22.91,22.99,975500,psxdata,2026-05-11T12:51:40
FCCL,2021-07-05,23.01,23.08,22.51,22.59,2126500,psxdata,2026-05-11T12:51:40
FCCL,2021-07-06,22.51,22.98,22.51,22.69,1216500,psxdata,2026-05-11T12:51:40
FCCL,2021-07-07,22.75,22.97,22.7,22.86,2078000,psxdata,2026-05-11T12:51:40
FCCL,2021-07-08,22.96,23.31,22.75,23.26,2153000,psxdata,2026-05-11T12:51:40
FCCL,2021-07-09,23.25,23.25,23.0,23.13,1911500,psxdata,2026-05-11T12:51:40
FCCL,2021-07-12,23.2,23.29,22.8,23.0,1366500,psxdata,2026-05-11T12:51:40
FCCL,2021-07-13,23.01,23.18,22.9,23.01,2292000,psxdata,2026-05-11T12:51:40
FCCL,2021-07-14,23.19,23.23,22.94,23.07,1205000,psxdata,2026-05-11T12:51:40
FCCL,2021-07-15,22.98,23.01,22.75,22.79,1351000,psxdata,2026-05-11T12:51:40
FCCL,2021-07-16,22.79,23.09,22.75,22.87,1162000,psxdata,2026-05-11T12:51:40
FCCL,2021-07-19,22.87,22.94,22.72,22.88,451500,psxdata,2026-05-11T12:51:40
FCCL,2021-07-23,22.78,22.93,22.72,22.77,860000,psxdata,2026-05-11T12:51:40
FCCL,2021-07-26,22.77,22.95,22.51,22.59,2933000,psxdata,2026-05-11T12:51:40
FCCL,2021-07-27,22.55,22.69,22.15,22.25,1609000,psxdata,2026-05-11T12:51:40
FCCL,2021-07-28,22.26,22.5,21.85,21.89,1252500,psxdata,2026-05-11T12:51:40
FCCL,2021-07-29,21.89,22.2,21.71,21.92,992000,psxdata,2026-05-11T12:51:40
FCCL,2021-07-30,21.91,22.15,21.7,21.83,631500,psxdata,2026-05-11T12:51:40
FCCL,2021-08-02,21.87,22.14,21.75,21.98,1065500,psxdata,2026-05-11T12:51:40
FCCL,2021-08-03,21.96,22.3,21.95,22.12,1088500,psxdata,2026-05-11T12:51:40
FCCL,2021-08-04,22.15,22.52,22.02,22.29,1295500,psxdata,2026-05-11T12:51:40
FCCL,2021-08-05,22.4,22.46,21.88,21.95,853500,psxdata,2026-05-11T12:51:40
FCCL,2021-08-06,21.93,22.3,21.81,22.18,1108000,psxdata,2026-05-11T12:51:40
FCCL,2021-08-09,22.0,22.17,21.6,21.67,1421000,psxdata,2026-05-11T12:51:40
FCCL,2021-08-10,21.58,21.89,21.5,21.57,389000,psxdata,2026-05-11T12:51:40
FCCL,2021-08-11,21.83,22.1,21.55,21.79,940500,psxdata,2026-05-11T12:51:40
FCCL,2021-08-12,21.7,21.98,21.62,21.75,299500,psxdata,2026-05-11T12:51:40
FCCL,2021-08-13,21.69,21.75,21.5,21.62,259500,psxdata,2026-05-11T12:51:40
FCCL,2021-08-16,21.47,21.54,21.15,21.35,497500,psxdata,2026-05-11T12:51:40
FCCL,2021-08-17,21.11,21.65,21.11,21.56,541000,psxdata,2026-05-11T12:51:40
FCCL,2021-08-20,21.56,22.47,21.55,22.27,6305000,psxdata,2026-05-11T12:51:40
FCCL,2021-08-23,22.29,22.56,21.9,22.04,2635500,psxdata,2026-05-11T12:51:40
FCCL,2021-08-24,22.09,22.19,21.85,21.93,741000,psxdata,2026-05-11T12:51:40
FCCL,2021-08-25,21.93,21.99,21.65,21.72,477000,psxdata,2026-05-11T12:51:40
FCCL,2021-08-26,21.72,21.85,20.96,21.19,3597500,psxdata,2026-05-11T12:51:40
FCCL,2021-08-27,21.19,21.2,20.65,20.76,1665500,psxdata,2026-05-11T12:51:40
FCCL,2021-08-30,21.0,21.0,20.73,20.95,386500,psxdata,2026-05-11T12:51:40
FCCL,2021-08-31,21.0,21.2,20.75,20.84,1049500,psxdata,2026-05-11T12:51:40
FCCL,2021-09-01,20.78,20.98,20.42,20.5,1457000,psxdata,2026-05-11T12:51:40
FCCL,2021-09-02,20.61,20.75,20.16,20.22,2342500,psxdata,2026-05-11T12:51:40
FCCL,2021-09-03,20.29,20.36,20.01,20.04,1045500,psxdata,2026-05-11T12:51:40
FCCL,2021-09-06,20.28,20.34,19.36,19.48,2704000,psxdata,2026-05-11T12:51:40
FCCL,2021-09-07,19.5,19.5,19.14,19.22,1751500,psxdata,2026-05-11T12:51:40
FCCL,2021-09-08,19.44,19.47,18.92,18.97,1502500,psxdata,2026-05-11T12:51:40
FCCL,2021-09-09,19.0,19.21,18.76,18.97,1226500,psxdata,2026-05-11T12:51:40
FCCL,2021-09-10,19.11,19.5,18.9,19.04,3180500,psxdata,2026-05-11T12:51:40
FCCL,2021-09-13,19.3,19.33,18.9,19.0,796500,psxdata,2026-05-11T12:51:40
FCCL,2021-09-14,19.19,19.19,18.43,18.56,2821500,psxdata,2026-05-11T12:51:40
FCCL,2021-09-15,18.61,18.65,18.34,18.53,609000,psxdata,2026-05-11T12:51:40
FCCL,2021-09-16,18.56,18.85,18.4,18.41,657500,psxdata,2026-05-11T12:51:40
FCCL,2021-09-17,18.73,18.85,17.87,18.04,7478000,psxdata,2026-05-11T12:51:40
FCCL,2021-09-20,18.04,18.04,17.53,17.85,1073000,psxdata,2026-05-11T12:51:40
FCCL,2021-09-21,17.7,17.9,17.3,17.39,5113500,psxdata,2026-05-11T12:51:40
FCCL,2021-09-22,17.4,17.99,17.25,17.9,6069000,psxdata,2026-05-11T12:51:40
FCCL,2021-09-23,18.13,18.13,17.58,17.84,2833000,psxdata,2026-05-11T12:51:40
FCCL,2021-09-24,17.88,17.88,17.4,17.46,1495500,psxdata,2026-05-11T12:51:40
FCCL,2021-09-27,17.5,17.72,17.01,17.5,707000,psxdata,2026-05-11T12:51:40
FCCL,2021-09-28,17.47,17.71,16.96,17.32,975500,psxdata,2026-05-11T12:51:40
FCCL,2021-09-29,17.31,17.49,16.7,17.0,1967000,psxdata,2026-05-11T12:51:40
FCCL,2021-09-30,17.0,18.17,16.75,17.95,2469500,psxdata,2026-05-11T12:51:40
FCCL,2021-10-01,17.85,17.88,17.46,17.6,829000,psxdata,2026-05-11T12:51:40
FCCL,2021-10-04,17.5,17.65,17.22,17.61,592500,psxdata,2026-05-11T12:51:40
FCCL,2021-10-05,17.46,17.58,16.52,16.71,3315000,psxdata,2026-05-11T12:51:40
FCCL,2021-10-06,16.71,16.8,16.16,16.37,1565000,psxdata,2026-05-11T12:51:40
FCCL,2021-10-07,16.9,17.55,16.9,17.31,2556500,psxdata,2026-05-11T12:51:40
FCCL,2021-10-08,17.34,17.35,16.75,16.83,776500,psxdata,2026-05-11T12:51:40
FCCL,2021-10-11,16.76,16.76,16.1,16.3,866000,psxdata,2026-05-11T12:51:40
FCCL,2021-10-12,16.15,17.19,15.99,16.76,1929500,psxdata,2026-05-11T12:51:40
FCCL,2021-10-13,16.78,16.85,16.1,16.18,917500,psxdata,2026-05-11T12:51:40
FCCL,2021-10-14,16.05,17.39,16.0,17.39,3256000,psxdata,2026-05-11T12:51:40
FCCL,2021-10-15,17.7,17.93,17.27,17.51,1287500,psxdata,2026-05-11T12:51:40
FCCL,2021-10-18,17.45,17.51,16.8,16.95,405500,psxdata,2026-05-11T12:51:40
FCCL,2021-10-20,17.2,17.94,17.2,17.7,1971500,psxdata,2026-05-11T12:51:40
FCCL,2021-10-21,17.94,18.39,17.7,18.03,1911000,psxdata,2026-05-11T12:51:40
FCCL,2021-10-22,18.28,19.1,18.28,18.44,4321500,psxdata,2026-05-11T12:51:40
FCCL,2021-10-25,19.1,19.1,17.76,17.95,576500,psxdata,2026-05-11T12:51:40
FCCL,2021-10-26,18.0,18.25,17.41,17.52,1671500,psxdata,2026-05-11T12:51:40
FCCL,2021-10-27,17.98,18.6,17.65,17.9,1970500,psxdata,2026-05-11T12:51:40
FCCL,2021-10-28,18.43,19.24,18.3,19.22,7615500,psxdata,2026-05-11T12:51:40
FCCL,2021-10-29,19.5,20.2,19.06,20.04,7627500,psxdata,2026-05-11T12:51:40
FCCL,2021-11-01,20.65,21.54,20.65,21.49,13626500,psxdata,2026-05-11T12:51:40
FCCL,2021-11-02,21.9,22.09,20.89,21.01,9644500,psxdata,2026-05-11T12:51:40
FCCL,2021-11-03,21.29,21.29,20.74,20.82,3561500,psxdata,2026-05-11T12:51:40
FCCL,2021-11-04,20.69,20.94,20.24,20.59,2924500,psxdata,2026-05-11T12:51:40
FCCL,2021-11-05,20.58,21.23,20.41,20.57,4457000,psxdata,2026-05-11T12:51:40
FCCL,2021-11-08,20.5,20.7,19.96,20.09,1690000,psxdata,2026-05-11T12:51:40
FCCL,2021-11-09,20.11,20.11,18.75,18.97,4864000,psxdata,2026-05-11T12:51:40
FCCL,2021-11-10,19.1,19.2,18.3,18.81,5465000,psxdata,2026-05-11T12:51:40
FCCL,2021-11-11,18.85,19.05,18.5,18.53,1083000,psxdata,2026-05-11T12:51:40
FCCL,2021-11-12,18.63,18.63,18.2,18.47,1257000,psxdata,2026-05-11T12:51:40
FCCL,2021-11-15,18.5,18.57,18.11,18.2,1181000,psxdata,2026-05-11T12:51:40
FCCL,2021-11-16,18.15,19.0,18.15,18.72,2079500,psxdata,2026-05-11T12:51:40
FCCL,2021-11-17,18.55,18.85,18.3,18.49,968000,psxdata,2026-05-11T12:51:40
FCCL,2021-11-18,18.51,19.62,18.51,19.04,10452500,psxdata,2026-05-11T12:51:40
FCCL,2021-11-19,19.28,19.6,18.8,19.14,4331500,psxdata,2026-05-11T12:51:40
FCCL,2021-11-22,19.15,19.29,18.58,18.72,1452000,psxdata,2026-05-11T12:51:40
FCCL,2021-11-23,18.8,18.9,17.8,17.98,2379500,psxdata,2026-05-11T12:51:40
FCCL,2021-11-24,17.85,18.39,17.7,17.91,2191500,psxdata,2026-05-11T12:51:40
FCCL,2021-11-25,17.85,17.85,17.3,17.58,2971000,psxdata,2026-05-11T12:51:40
FCCL,2021-11-26,17.52,17.93,17.3,17.64,2636000,psxdata,2026-05-11T12:51:40
FCCL,2021-11-29,17.79,18.88,17.7,18.67,3103000,psxdata,2026-05-11T12:51:40
FCCL,2021-11-30,18.93,19.18,18.25,18.46,1658000,psxdata,2026-05-11T12:51:40
FCCL,2021-12-01,18.5,19.31,18.5,18.9,4578000,psxdata,2026-05-11T12:51:40
FCCL,2021-12-02,18.7,18.7,17.49,17.49,4802000,psxdata,2026-05-11T12:51:40
FCCL,2021-12-03,17.3,17.44,16.62,17.11,3732500,psxdata,2026-05-11T12:51:40
FCCL,2021-12-06,17.68,17.68,17.0,17.23,443500,psxdata,2026-05-11T12:51:40
FCCL,2021-12-07,17.27,18.0,17.27,17.67,1066500,psxdata,2026-05-11T12:51:40
FCCL,2021-12-08,17.5,17.8,17.2,17.48,636500,psxdata,2026-05-11T12:51:40
FCCL,2021-12-09,17.5,17.5,17.0,17.11,1089500,psxdata,2026-05-11T12:51:40
FCCL,2021-12-10,16.81,17.25,16.8,16.84,937000,psxdata,2026-05-11T12:51:40
FCCL,2021-12-13,16.84,17.2,16.8,17.02,1904000,psxdata,2026-05-11T12:51:40
FCCL,2021-12-14,17.05,17.55,16.95,17.47,1312000,psxdata,2026-05-11T12:51:40
FCCL,2021-12-15,17.88,18.78,17.88,18.78,8600000,psxdata,2026-05-11T12:51:40
FCCL,2021-12-16,18.87,18.87,17.7,17.89,4780500,psxdata,2026-05-11T12:51:40
FCCL,2021-12-17,17.7,18.5,17.7,18.04,3328500,psxdata,2026-05-11T12:51:40
FCCL,2021-12-20,18.0,18.84,17.85,18.49,6779000,psxdata,2026-05-11T12:51:40
FCCL,2021-12-21,18.49,18.64,18.15,18.23,1732500,psxdata,2026-05-11T12:51:40
FCCL,2021-12-22,18.25,18.29,18.01,18.04,328000,psxdata,2026-05-11T12:51:40
FCCL,2021-12-23,18.2,18.38,18.1,18.17,1265000,psxdata,2026-05-11T12:51:40
FCCL,2021-12-24,18.29,18.3,18.03,18.1,1605000,psxdata,2026-05-11T12:51:40
FCCL,2021-12-27,18.0,18.2,17.85,18.1,790500,psxdata,2026-05-11T12:51:40
FCCL,2021-12-28,18.1,18.2,17.95,18.08,1111000,psxdata,2026-05-11T12:51:40
FCCL,2021-12-29,18.05,18.3,18.0,18.19,1557500,psxdata,2026-05-11T12:51:40
FCCL,2021-12-30,18.3,18.65,18.02,18.22,2592500,psxdata,2026-05-11T12:51:40
FCCL,2021-12-31,18.34,18.84,18.25,18.37,2637000,psxdata,2026-05-11T12:51:40
FCCL,2022-01-03,18.45,18.75,18.23,18.6,2954500,psxdata,2026-05-11T12:51:40
FCCL,2022-01-04,18.7,19.21,18.53,19.07,3322500,psxdata,2026-05-11T12:51:40
FCCL,2022-01-05,19.0,19.0,18.5,18.61,1165000,psxdata,2026-05-11T12:51:40
FCCL,2022-01-06,18.69,18.69,18.2,18.23,798500,psxdata,2026-05-11T12:51:40
FCCL,2022-01-07,18.2,18.35,18.1,18.22,894500,psxdata,2026-05-11T12:51:40
FCCL,2022-01-10,18.2,18.76,18.15,18.67,1831000,psxdata,2026-05-11T12:51:40
FCCL,2022-01-11,18.89,18.89,18.36,18.47,847500,psxdata,2026-05-11T12:51:40
FCCL,2022-01-12,18.6,18.8,18.41,18.45,925000,psxdata,2026-05-11T12:51:40
FCCL,2022-01-13,18.5,18.5,18.28,18.34,614500,psxdata,2026-05-11T12:51:40
FCCL,2022-01-14,18.4,18.43,17.9,18.11,884500,psxdata,2026-05-11T12:51:40
FCCL,2022-01-17,18.06,18.37,17.95,18.29,223000,psxdata,2026-05-11T12:51:40
FCCL,2022-01-18,18.08,18.21,17.75,17.9,1914500,psxdata,2026-05-11T12:51:40
FCCL,2022-01-19,18.04,18.04,17.5,17.54,530500,psxdata,2026-05-11T12:51:40
FCCL,2022-01-20,17.55,17.7,17.2,17.54,2577500,psxdata,2026-05-11T12:51:40
FCCL,2022-01-21,17.6,17.74,17.38,17.52,503000,psxdata,2026-05-11T12:51:40
FCCL,2022-01-24,17.5,17.5,17.2,17.36,475000,psxdata,2026-05-11T12:51:40
FCCL,2022-01-25,17.4,17.79,17.4,17.58,2629000,psxdata,2026-05-11T12:51:40
FCCL,2022-01-26,17.5,17.5,17.27,17.5,467500,psxdata,2026-05-11T12:51:40
FCCL,2022-01-27,17.64,17.65,17.21,17.26,1264000,psxdata,2026-05-11T12:51:40
FCCL,2022-01-28,17.31,17.5,17.23,17.32,3322500,psxdata,2026-05-11T12:51:40
FCCL,2022-01-31,17.32,17.5,17.3,17.41,468000,psxdata,2026-05-11T12:51:40
FCCL,2022-02-01,17.5,18.44,17.5,18.39,8131000,psxdata,2026-05-11T12:51:40
FCCL,2022-02-02,18.39,18.67,18.3,18.55,8310000,psxdata,2026-05-11T12:51:40
FCCL,2022-02-03,18.6,18.78,18.2,18.23,4509500,psxdata,2026-05-11T12:51:40
FCCL,2022-02-04,18.23,18.34,17.91,17.96,1891500,psxdata,2026-05-11T12:51:40
FCCL,2022-02-07,18.0,18.1,17.79,17.83,439000,psxdata,2026-05-11T12:51:40
FCCL,2022-02-08,17.71,17.99,17.52,17.65,631000,psxdata,2026-05-11T12:51:40
FCCL,2022-02-09,17.65,17.89,17.55,17.67,1923000,psxdata,2026-05-11T12:51:40
FCCL,2022-02-10,17.71,17.9,17.53,17.55,454500,psxdata,2026-05-11T12:51:40
FCCL,2022-02-11,17.7,17.79,17.65,17.7,279500,psxdata,2026-05-11T12:51:40
FCCL,2022-02-14,17.55,17.95,17.3,17.74,960500,psxdata,2026-05-11T12:51:40
FCCL,2022-02-15,17.55,17.65,17.3,17.55,2387000,psxdata,2026-05-11T12:51:40
FCCL,2022-02-16,17.7,17.7,17.46,17.58,463000,psxdata,2026-05-11T12:51:40
FCCL,2022-02-17,17.64,17.65,17.31,17.34,210500,psxdata,2026-05-11T12:51:40
FCCL,2022-02-18,17.4,17.65,17.25,17.59,438500,psxdata,2026-05-11T12:51:40
FCCL,2022-02-21,17.51,17.63,17.3,17.56,944000,psxdata,2026-05-11T12:51:40
FCCL,2022-02-22,17.49,17.5,16.99,17.23,2174500,psxdata,2026-05-11T12:51:40
FCCL,2022-02-23,17.31,18.1,17.2,18.01,3111500,psxdata,2026-05-11T12:51:40
FCCL,2022-02-24,17.5,17.83,17.3,17.5,9151500,psxdata,2026-05-11T12:51:40
FCCL,2022-02-25,17.5,17.8,17.2,17.5,1867000,psxdata,2026-05-11T12:51:40
FCCL,2022-02-28,17.26,17.75,17.21,17.68,890000,psxdata,2026-05-11T12:51:40
FCCL,2022-03-01,17.62,17.72,17.27,17.51,3059500,psxdata,2026-05-11T12:51:40
FCCL,2022-03-02,17.36,17.36,17.0,17.17,5030000,psxdata,2026-05-11T12:51:40
FCCL,2022-03-03,17.04,17.25,16.96,17.11,8871500,psxdata,2026-05-11T12:51:40
FCCL,2022-03-04,17.17,17.3,17.01,17.1,3154500,psxdata,2026-05-11T12:51:40
FCCL,2022-03-07,17.07,17.07,16.41,16.73,3234500,psxdata,2026-05-11T12:51:40
FCCL,2022-03-08,16.98,16.98,16.36,16.57,1807500,psxdata,2026-05-11T12:51:40
FCCL,2022-03-09,16.5,17.08,16.5,16.91,1991000,psxdata,2026-05-11T12:51:40
FCCL,2022-03-10,17.0,17.68,16.9,17.56,4697000,psxdata,2026-05-11T12:51:40
FCCL,2022-03-11,17.44,18.1,17.37,17.61,3322500,psxdata,2026-05-11T12:51:40
FCCL,2022-03-14,17.52,17.53,17.25,17.35,428000,psxdata,2026-05-11T12:51:40
FCCL,2022-03-15,17.22,17.75,17.22,17.65,1477000,psxdata,2026-05-11T12:51:40
FCCL,2022-03-16,17.65,18.62,17.65,17.94,5974000,psxdata,2026-05-11T12:51:40
FCCL,2022-03-17,18.05,18.25,17.86,17.92,2703500,psxdata,2026-05-11T12:51:40
FCCL,2022-03-18,17.72,17.95,17.3,17.55,5031000,psxdata,2026-05-11T12:51:40
FCCL,2022-03-21,17.71,17.74,17.5,17.65,758000,psxdata,2026-05-11T12:51:40
FCCL,2022-03-22,17.65,17.68,17.5,17.65,518500,psxdata,2026-05-11T12:51:40
FCCL,2022-03-24,17.5,17.95,17.46,17.9,726500,psxdata,2026-05-11T12:51:40
FCCL,2022-03-25,17.61,18.0,17.5,17.62,548500,psxdata,2026-05-11T12:51:40
FCCL,2022-03-28,17.6,17.92,17.5,17.77,1894000,psxdata,2026-05-11T12:51:40
FCCL,2022-03-29,17.8,18.09,17.8,17.96,2003500,psxdata,2026-05-11T12:51:40
FCCL,2022-03-30,17.73,18.0,17.6,17.91,2025500,psxdata,2026-05-11T12:51:40
FCCL,2022-03-31,17.91,18.2,17.85,18.12,2906500,psxdata,2026-05-11T12:51:40
FCCL,2022-04-01,18.11,18.3,17.91,18.2,3704500,psxdata,2026-05-11T12:51:40
FCCL,2022-04-04,17.57,17.77,17.16,17.31,1935500,psxdata,2026-05-11T12:51:40
FCCL,2022-04-05,17.39,17.5,16.99,17.11,1113000,psxdata,2026-05-11T12:51:40
FCCL,2022-04-06,17.1,17.37,17.1,17.25,430500,psxdata,2026-05-11T12:51:40
FCCL,2022-04-07,17.25,17.4,17.0,17.09,2818000,psxdata,2026-05-11T12:51:40
FCCL,2022-04-08,17.0,17.34,17.0,17.1,9060000,psxdata,2026-05-11T12:51:40
FCCL,2022-04-11,17.39,17.95,17.39,17.86,18176500,psxdata,2026-05-11T12:51:40
FCCL,2022-04-12,17.9,18.24,17.35,18.11,11038500,psxdata,2026-05-11T12:51:40
FCCL,2022-04-13,17.85,17.99,17.65,17.7,1264500,psxdata,2026-05-11T12:51:40
FCCL,2022-04-14,17.63,18.3,17.54,18.22,7940500,psxdata,2026-05-11T12:51:40
FCCL,2022-04-15,18.3,18.65,18.1,18.59,5058500,psxdata,2026-05-11T12:51:40
FCCL,2022-04-18,18.59,18.8,18.25,18.35,1252000,psxdata,2026-05-11T12:51:40
FCCL,2022-04-19,18.35,18.5,17.7,17.92,1595500,psxdata,2026-05-11T12:51:40
FCCL,2022-04-20,17.82,17.9,16.9,17.33,3450500,psxdata,2026-05-11T12:51:40
FCCL,2022-04-21,17.12,17.2,16.81,17.04,1811500,psxdata,2026-05-11T12:51:40
FCCL,2022-04-22,17.0,17.14,16.95,17.0,1729500,psxdata,2026-05-11T12:51:40
FCCL,2022-04-25,17.14,17.45,17.0,17.08,1847500,psxdata,2026-05-11T12:51:40
FCCL,2022-04-26,16.92,17.29,16.92,17.05,1400000,psxdata,2026-05-11T12:51:40
FCCL,2022-04-27,17.0,17.25,16.65,16.71,1073000,psxdata,2026-05-11T12:51:40
FCCL,2022-04-28,16.88,16.9,16.33,16.77,2372500,psxdata,2026-05-11T12:51:40
FCCL,2022-05-06,16.68,16.8,16.42,16.57,632000,psxdata,2026-05-11T12:51:40
FCCL,2022-05-09,16.42,16.6,15.55,15.85,7941000,psxdata,2026-05-11T12:51:40
FCCL,2022-05-10,16.0,16.0,15.5,15.75,3139500,psxdata,2026-05-11T12:51:40
FCCL,2022-05-11,15.7,15.94,15.01,15.27,4808500,psxdata,2026-05-11T12:51:40
FCCL,2022-05-12,15.21,15.69,15.17,15.49,2253000,psxdata,2026-05-11T12:51:40
FCCL,2022-05-13,15.6,15.84,15.35,15.62,832000,psxdata,2026-05-11T12:51:40
FCCL,2022-05-16,15.5,15.95,14.5,15.49,4031500,psxdata,2026-05-11T12:51:40
FCCL,2022-05-17,15.4,15.4,15.0,15.08,1367500,psxdata,2026-05-11T12:51:40
FCCL,2022-05-18,14.81,15.4,14.81,15.2,1276500,psxdata,2026-05-11T12:51:40
FCCL,2022-05-19,15.28,15.6,15.22,15.5,6986500,psxdata,2026-05-11T12:51:40
FCCL,2022-05-20,15.6,15.8,15.3,15.37,5880500,psxdata,2026-05-11T12:51:40
FCCL,2022-05-23,15.25,15.48,14.5,15.08,1981500,psxdata,2026-05-11T12:51:40
FCCL,2022-05-24,15.05,15.24,14.53,14.75,5661000,psxdata,2026-05-11T12:51:40
FCCL,2022-05-25,14.55,15.08,14.49,15.0,4784000,psxdata,2026-05-11T12:51:40
FCCL,2022-05-26,14.95,15.2,14.81,15.03,4742000,psxdata,2026-05-11T12:51:40
FCCL,2022-05-27,15.1,15.73,15.1,15.48,3366000,psxdata,2026-05-11T12:51:40
FCCL,2022-05-30,15.35,15.8,15.19,15.25,4423000,psxdata,2026-05-11T12:51:40
FCCL,2022-05-31,15.25,15.39,15.1,15.13,138000,psxdata,2026-05-11T12:51:40
FCCL,2022-06-01,15.12,15.3,14.9,15.02,497000,psxdata,2026-05-11T12:51:40
FCCL,2022-06-02,14.95,14.99,14.8,14.84,708500,psxdata,2026-05-11T12:51:40
FCCL,2022-06-03,14.56,14.75,14.0,14.14,3186000,psxdata,2026-05-11T12:51:40
FCCL,2022-06-06,14.3,14.55,13.99,14.35,1735000,psxdata,2026-05-11T12:51:40
FCCL,2022-06-07,14.45,14.74,14.27,14.34,576000,psxdata,2026-05-11T12:51:40
FCCL,2022-06-08,14.45,14.58,14.28,14.36,856000,psxdata,2026-05-11T12:51:40
FCCL,2022-06-09,14.45,14.6,14.25,14.29,301000,psxdata,2026-05-11T12:51:40
FCCL,2022-06-10,14.3,14.5,14.25,14.33,253500,psxdata,2026-05-11T12:51:40
FCCL,2022-06-13,14.11,14.2,13.85,13.99,1159500,psxdata,2026-05-11T12:51:40
FCCL,2022-06-14,13.95,14.35,13.9,14.22,515500,psxdata,2026-05-11T12:51:40
FCCL,2022-06-15,14.35,14.6,14.33,14.52,1099000,psxdata,2026-05-11T12:51:40
FCCL,2022-06-16,14.48,15.03,14.1,14.96,3862500,psxdata,2026-05-11T12:51:40
FCCL,2022-06-17,14.85,15.2,14.81,14.98,1166000,psxdata,2026-05-11T12:51:40
FCCL,2022-06-20,15.0,15.01,14.63,14.68,205500,psxdata,2026-05-11T12:51:40
FCCL,2022-06-21,14.69,15.06,14.66,15.01,1834000,psxdata,2026-05-11T12:51:40
FCCL,2022-06-22,15.1,15.15,14.8,14.84,1018000,psxdata,2026-05-11T12:51:40
FCCL,2022-06-23,15.0,15.15,14.92,14.99,4273500,psxdata,2026-05-11T12:51:40
FCCL,2022-06-24,14.99,15.0,13.95,14.01,1521000,psxdata,2026-05-11T12:51:40
FCCL,2022-06-27,14.15,14.66,14.11,14.49,1205500,psxdata,2026-05-11T12:51:40
FCCL,2022-06-28,14.51,14.75,14.2,14.33,805500,psxdata,2026-05-11T12:51:40
FCCL,2022-06-29,14.39,14.9,14.02,14.43,1412500,psxdata,2026-05-11T12:51:40
FCCL,2022-06-30,14.5,14.9,13.36,14.17,13104000,psxdata,2026-05-11T12:51:40
FCCL,2022-07-01,14.4,14.4,14.11,14.2,455500,psxdata,2026-05-11T12:51:40
FCCL,2022-07-04,14.38,14.38,13.9,13.97,366500,psxdata,2026-05-11T12:51:40
FCCL,2022-07-05,14.0,14.0,13.18,13.47,4430000,psxdata,2026-05-11T12:51:40
FCCL,2022-07-06,14.0,14.09,13.5,13.71,2144000,psxdata,2026-05-11T12:51:40
FCCL,2022-07-07,13.65,14.0,13.55,13.72,1960000,psxdata,2026-05-11T12:51:40
FCCL,2022-07-13,13.9,14.05,13.37,13.87,2189500,psxdata,2026-05-11T12:51:40
FCCL,2022-07-14,13.99,14.24,13.87,14.17,1404000,psxdata,2026-05-11T12:51:40
FCCL,2022-07-15,14.03,14.32,13.75,13.9,520500,psxdata,2026-05-11T12:51:40
FCCL,2022-07-19,13.62,13.62,12.8,12.96,2029500,psxdata,2026-05-11T12:51:40
FCCL,2022-07-20,13.01,13.01,12.61,12.87,1362500,psxdata,2026-05-11T12:51:40
FCCL,2022-07-21,12.92,12.95,12.6,12.73,1350000,psxdata,2026-05-11T12:51:40
FCCL,2022-07-22,12.6,13.09,12.52,12.93,1841000,psxdata,2026-05-11T12:51:40
FCCL,2022-07-25,12.7,12.85,12.65,12.81,209000,psxdata,2026-05-11T12:51:40
FCCL,2022-07-26,12.81,12.95,12.67,12.87,423500,psxdata,2026-05-11T12:51:40
FCCL,2022-07-27,12.87,13.14,12.67,12.89,779000,psxdata,2026-05-11T12:51:40
FCCL,2022-07-28,13.0,13.15,12.9,13.01,1358500,psxdata,2026-05-11T12:51:40
FCCL,2022-07-29,13.02,13.13,12.8,12.93,430000,psxdata,2026-05-11T12:51:40
FCCL,2022-08-01,12.9,13.0,12.8,12.83,381500,psxdata,2026-05-11T12:51:40
FCCL,2022-08-02,12.83,13.38,12.45,13.25,1712500,psxdata,2026-05-11T12:51:40
FCCL,2022-08-03,13.35,14.25,13.31,14.23,6597500,psxdata,2026-05-11T12:51:40
FCCL,2022-08-04,14.1,14.85,14.1,14.54,2995500,psxdata,2026-05-11T12:51:40
FCCL,2022-08-05,14.74,15.3,14.63,15.22,5407500,psxdata,2026-05-11T12:51:40
FCCL,2022-08-10,15.25,15.48,14.8,14.99,2443500,psxdata,2026-05-11T12:51:40
FCCL,2022-08-11,14.99,15.1,14.4,14.54,2010000,psxdata,2026-05-11T12:51:40
FCCL,2022-08-12,14.55,14.99,14.45,14.83,4008500,psxdata,2026-05-11T12:51:40
FCCL,2022-08-15,15.05,15.39,15.0,15.09,3317500,psxdata,2026-05-11T12:51:40
FCCL,2022-08-16,15.25,15.25,14.65,14.83,2662000,psxdata,2026-05-11T12:51:40
FCCL,2022-08-17,14.82,15.28,14.77,15.14,5051500,psxdata,2026-05-11T12:51:40
FCCL,2022-08-18,15.3,15.35,15.0,15.2,2525000,psxdata,2026-05-11T12:51:40
FCCL,2022-08-19,15.0,15.13,14.9,15.01,942500,psxdata,2026-05-11T12:51:40
FCCL,2022-08-22,14.75,14.85,14.5,14.76,3013000,psxdata,2026-05-11T12:51:40
FCCL,2022-08-23,14.95,15.1,14.76,14.88,1926500,psxdata,2026-05-11T12:51:40
FCCL,2022-08-24,14.99,15.0,14.6,14.66,1233000,psxdata,2026-05-11T12:51:40
FCCL,2022-08-25,14.8,14.8,14.52,14.63,463500,psxdata,2026-05-11T12:51:40
FCCL,2022-08-26,14.79,14.8,14.41,14.53,3014500,psxdata,2026-05-11T12:51:40
FCCL,2022-08-29,14.5,14.74,14.0,14.59,3385000,psxdata,2026-05-11T12:51:40
FCCL,2022-08-30,15.0,15.0,14.4,14.43,11215500,psxdata,2026-05-11T12:51:40
FCCL,2022-08-31,14.5,15.18,14.4,15.02,6906500,psxdata,2026-05-11T12:51:40
FCCL,2022-09-01,15.09,15.95,15.08,15.46,13817000,psxdata,2026-05-11T12:51:40
FCCL,2022-09-02,15.5,15.92,15.4,15.57,3433500,psxdata,2026-05-11T12:51:40
FCCL,2022-09-05,15.5,15.75,15.18,15.24,4328500,psxdata,2026-05-11T12:51:40
FCCL,2022-09-06,15.6,15.6,15.01,15.1,541000,psxdata,2026-05-11T12:51:40
FCCL,2022-09-07,15.24,15.33,15.07,15.2,1024500,psxdata,2026-05-11T12:51:40
FCCL,2022-09-08,15.19,15.7,15.19,15.64,3762500,psxdata,2026-05-11T12:51:40
FCCL,2022-09-09,15.74,15.9,15.55,15.63,5274000,psxdata,2026-05-11T12:51:40
FCCL,2022-09-12,15.75,15.85,15.39,15.47,2103000,psxdata,2026-05-11T12:51:40
FCCL,2022-09-13,15.5,15.74,15.38,15.5,2277000,psxdata,2026-05-11T12:51:40
FCCL,2022-09-14,15.35,15.48,15.11,15.17,2194000,psxdata,2026-05-11T12:51:40
FCCL,2022-09-15,15.34,15.45,15.04,15.08,2670500,psxdata,2026-05-11T12:51:40
FCCL,2022-09-16,15.1,15.25,14.99,15.0,1272000,psxdata,2026-05-11T12:51:40
FCCL,2022-09-19,15.05,15.15,14.75,15.1,2125000,psxdata,2026-05-11T12:51:40
FCCL,2022-09-20,15.1,15.34,14.82,15.11,1728000,psxdata,2026-05-11T12:51:40
FCCL,2022-09-21,15.55,15.65,14.91,15.01,7140000,psxdata,2026-05-11T12:51:40
FCCL,2022-09-22,14.97,15.25,14.6,15.18,2616000,psxdata,2026-05-11T12:51:40
FCCL,2022-09-23,15.12,15.3,14.85,15.0,1307500,psxdata,2026-05-11T12:51:40
FCCL,2022-09-26,15.0,15.42,14.96,15.31,7980000,psxdata,2026-05-11T12:51:40
FCCL,2022-09-27,15.35,15.66,15.21,15.29,10646000,psxdata,2026-05-11T12:51:40
FCCL,2022-09-28,15.3,15.48,15.22,15.35,4323500,psxdata,2026-05-11T12:51:40
FCCL,2022-09-29,15.25,15.46,15.0,15.24,3962500,psxdata,2026-05-11T12:51:40
FCCL,2022-09-30,15.0,15.29,14.9,14.99,4623500,psxdata,2026-05-11T12:51:40
FCCL,2022-10-03,15.1,15.24,15.0,15.21,681000,psxdata,2026-05-11T12:51:40
FCCL,2022-10-04,15.05,15.51,15.05,15.36,1833500,psxdata,2026-05-11T12:51:40
FCCL,2022-10-05,15.21,15.88,15.21,15.83,4010500,psxdata,2026-05-11T12:51:40
FCCL,2022-10-06,15.95,16.1,15.6,15.68,6480500,psxdata,2026-05-11T12:51:40
FCCL,2022-10-07,15.68,16.0,15.55,15.61,2857000,psxdata,2026-05-11T12:51:40
FCCL,2022-10-10,15.7,15.99,15.6,15.95,5642500,psxdata,2026-05-11T12:51:40
FCCL,2022-10-11,15.99,16.03,15.71,15.87,2992500,psxdata,2026-05-11T12:51:40
FCCL,2022-10-12,15.9,15.95,15.6,15.67,3214500,psxdata,2026-05-11T12:51:40
FCCL,2022-10-13,14.28,14.37,13.93,14.24,2343500,psxdata,2026-05-11T12:51:40
FCCL,2022-10-14,14.2,14.4,14.14,14.3,759500,psxdata,2026-05-11T12:51:40
FCCL,2022-10-17,14.25,14.25,14.05,14.21,866000,psxdata,2026-05-11T12:51:40
FCCL,2022-10-18,14.2,14.24,14.05,14.14,1336500,psxdata,2026-05-11T12:51:40
FCCL,2022-10-19,14.25,14.39,14.2,14.34,1681500,psxdata,2026-05-11T12:51:40
FCCL,2022-10-20,14.31,14.7,14.3,14.46,3576000,psxdata,2026-05-11T12:51:40
FCCL,2022-10-21,14.44,14.65,14.3,14.59,1717000,psxdata,2026-05-11T12:51:40
FCCL,2022-10-24,14.8,14.95,14.56,14.65,5317000,psxdata,2026-05-11T12:51:40
FCCL,2022-10-25,14.59,14.72,14.5,14.56,1088000,psxdata,2026-05-11T12:51:40
FCCL,2022-10-26,14.55,14.55,13.8,14.19,1839000,psxdata,2026-05-11T12:51:40
FCCL,2022-10-27,14.33,14.47,14.1,14.39,1519000,psxdata,2026-05-11T12:51:40
FCCL,2022-10-28,14.2,14.39,14.05,14.26,1786500,psxdata,2026-05-11T12:51:40
FCCL,2022-10-31,14.35,14.4,14.0,14.12,1571500,psxdata,2026-05-11T12:51:40
FCCL,2022-11-01,14.35,14.6,14.26,14.52,4188500,psxdata,2026-05-11T12:51:40
FCCL,2022-11-02,14.6,14.6,14.3,14.4,1181500,psxdata,2026-05-11T12:51:40
FCCL,2022-11-03,14.5,14.65,14.31,14.53,1160500,psxdata,2026-05-11T12:51:40
FCCL,2022-11-04,14.22,14.53,14.2,14.26,913000,psxdata,2026-05-11T12:51:40
FCCL,2022-11-07,14.3,14.5,14.3,14.43,2131000,psxdata,2026-05-11T12:51:40
FCCL,2022-11-08,14.5,14.84,14.5,14.76,4697000,psxdata,2026-05-11T12:51:40
FCCL,2022-11-10,14.84,14.96,14.72,14.78,2853000,psxdata,2026-05-11T12:51:40
FCCL,2022-11-11,14.81,14.89,14.61,14.79,1502500,psxdata,2026-05-11T12:51:40
FCCL,2022-11-14,14.82,14.82,14.45,14.51,1899000,psxdata,2026-05-11T12:51:40
FCCL,2022-11-15,14.5,14.68,14.41,14.43,1647000,psxdata,2026-05-11T12:51:40
FCCL,2022-11-16,14.43,14.47,14.28,14.31,696500,psxdata,2026-05-11T12:51:40
FCCL,2022-11-17,14.31,14.59,14.31,14.51,2573500,psxdata,2026-05-11T12:51:40
FCCL,2022-11-18,14.45,14.64,14.38,14.55,6035500,psxdata,2026-05-11T12:51:40
FCCL,2022-11-21,14.6,14.6,14.03,14.08,4704500,psxdata,2026-05-11T12:51:40
FCCL,2022-11-22,14.12,14.48,14.08,14.43,1985000,psxdata,2026-05-11T12:51:40
FCCL,2022-11-23,14.36,14.5,14.3,14.41,1122500,psxdata,2026-05-11T12:51:40
FCCL,2022-11-24,14.3,14.5,14.27,14.41,945500,psxdata,2026-05-11T12:51:40
FCCL,2022-11-25,14.5,14.5,14.23,14.29,711000,psxdata,2026-05-11T12:51:40
FCCL,2022-11-28,14.0,14.05,13.45,13.59,3292000,psxdata,2026-05-11T12:51:40
FCCL,2022-11-29,13.75,13.75,13.4,13.51,1053500,psxdata,2026-05-11T12:51:40
FCCL,2022-11-30,13.6,13.65,13.35,13.45,849500,psxdata,2026-05-11T12:51:40
FCCL,2022-12-01,13.58,13.58,13.3,13.35,606000,psxdata,2026-05-11T12:51:40
FCCL,2022-12-02,13.31,13.4,13.05,13.16,1852000,psxdata,2026-05-11T12:51:40
FCCL,2022-12-05,13.15,13.3,12.2,12.51,9477500,psxdata,2026-05-11T12:51:40
FCCL,2022-12-06,12.45,12.74,12.45,12.69,1016000,psxdata,2026-05-11T12:51:40
FCCL,2022-12-07,12.71,12.85,12.71,12.8,712000,psxdata,2026-05-11T12:51:40
FCCL,2022-12-08,12.75,12.8,12.51,12.68,451500,psxdata,2026-05-11T12:51:40
FCCL,2022-12-09,12.68,12.7,12.35,12.4,917000,psxdata,2026-05-11T12:51:40
FCCL,2022-12-12,12.31,12.49,12.3,12.44,277000,psxdata,2026-05-11T12:51:40
FCCL,2022-12-13,12.5,12.5,11.99,12.13,5073000,psxdata,2026-05-11T12:51:40
FCCL,2022-12-14,12.05,12.2,11.97,11.99,5810000,psxdata,2026-05-11T12:51:40
FCCL,2022-12-15,12.1,12.14,11.85,11.88,7097000,psxdata,2026-05-11T12:51:40
FCCL,2022-12-16,11.99,12.0,11.89,11.9,2001500,psxdata,2026-05-11T12:51:40
FCCL,2022-12-19,11.91,11.95,11.5,11.9,2133500,psxdata,2026-05-11T12:51:40
FCCL,2022-12-20,11.82,12.45,11.3,11.92,2042500,psxdata,2026-05-11T12:51:40
FCCL,2022-12-21,11.95,12.0,11.41,11.5,877500,psxdata,2026-05-11T12:51:40
FCCL,2022-12-22,11.5,11.7,11.35,11.61,983000,psxdata,2026-05-11T12:51:40
FCCL,2022-12-23,11.61,11.61,11.18,11.45,677500,psxdata,2026-05-11T12:51:40
FCCL,2022-12-26,11.55,11.7,11.4,11.57,3262500,psxdata,2026-05-11T12:51:40
FCCL,2022-12-27,11.52,11.74,11.36,11.5,3648500,psxdata,2026-05-11T12:51:40
FCCL,2022-12-28,11.45,11.5,11.25,11.34,1774000,psxdata,2026-05-11T12:51:40
FCCL,2022-12-29,11.25,11.9,11.24,11.73,1518500,psxdata,2026-05-11T12:51:40
FCCL,2022-12-30,11.7,12.25,11.6,12.02,3730500,psxdata,2026-05-11T12:51:40
FCCL,2023-01-02,12.0,12.09,11.65,11.75,796000,psxdata,2026-05-11T12:51:40
FCCL,2023-01-03,11.73,11.8,11.6,11.63,210500,psxdata,2026-05-11T12:51:40
FCCL,2023-01-04,11.7,11.74,11.46,11.48,474500,psxdata,2026-05-11T12:51:40
FCCL,2023-01-05,11.5,11.5,11.33,11.41,731500,psxdata,2026-05-11T12:51:40
FCCL,2023-01-06,11.64,11.64,11.3,11.37,1297500,psxdata,2026-05-11T12:51:40
FCCL,2023-01-09,11.4,11.4,10.96,11.11,2022500,psxdata,2026-05-11T12:51:40
FCCL,2023-01-10,11.2,11.69,11.1,11.4,3537500,psxdata,2026-05-11T12:51:40
FCCL,2023-01-11,11.46,11.46,11.2,11.22,435500,psxdata,2026-05-11T12:51:40
FCCL,2023-01-12,11.13,11.8,11.13,11.35,3923500,psxdata,2026-05-11T12:51:40
FCCL,2023-01-13,11.35,11.47,11.2,11.3,1137500,psxdata,2026-05-11T12:51:40
FCCL,2023-01-16,11.5,11.5,10.88,10.99,2720500,psxdata,2026-05-11T12:51:40
FCCL,2023-01-17,11.0,11.15,10.41,10.52,4205000,psxdata,2026-05-11T12:51:40
FCCL,2023-01-18,10.55,10.75,10.3,10.53,792000,psxdata,2026-05-11T12:51:40
FCCL,2023-01-19,10.41,10.66,10.41,10.51,825000,psxdata,2026-05-11T12:51:40
FCCL,2023-01-20,10.58,10.74,10.24,10.64,2613500,psxdata,2026-05-11T12:51:40
FCCL,2023-01-23,10.41,10.85,10.41,10.76,1239500,psxdata,2026-05-11T12:51:40
FCCL,2023-01-24,10.79,11.22,10.65,11.05,6202000,psxdata,2026-05-11T12:51:40
FCCL,2023-01-25,11.16,11.49,11.02,11.2,8613000,psxdata,2026-05-11T12:51:40
FCCL,2023-01-26,11.21,12.09,11.12,11.95,8788000,psxdata,2026-05-11T12:51:40
FCCL,2023-01-27,11.94,11.94,11.4,11.45,1779000,psxdata,2026-05-11T12:51:40
FCCL,2023-01-30,11.2,11.48,10.9,10.99,1347000,psxdata,2026-05-11T12:51:40
FCCL,2023-01-31,10.9,11.48,10.9,11.39,4779500,psxdata,2026-05-11T12:51:40
FCCL,2023-02-01,11.51,11.58,11.26,11.41,2085500,psxdata,2026-05-11T12:51:40
FCCL,2023-02-02,11.5,11.54,11.28,11.33,1611500,psxdata,2026-05-11T12:51:40
FCCL,2023-02-03,11.4,11.45,11.2,11.35,1548000,psxdata,2026-05-11T12:51:40
FCCL,2023-02-06,11.4,11.79,11.3,11.63,1978500,psxdata,2026-05-11T12:51:40
FCCL,2023-02-07,11.7,11.9,11.51,11.6,3198000,psxdata,2026-05-11T12:51:40
FCCL,2023-02-08,11.67,11.69,11.4,11.58,986000,psxdata,2026-05-11T12:51:40
FCCL,2023-02-09,11.7,12.3,11.7,12.22,3787500,psxdata,2026-05-11T12:51:40
FCCL,2023-02-10,11.99,12.19,11.8,11.98,1330500,psxdata,2026-05-11T12:51:40
FCCL,2023-02-13,11.85,12.14,11.8,11.82,1520000,psxdata,2026-05-11T12:51:40
FCCL,2023-02-14,11.8,11.83,11.5,11.6,4426000,psxdata,2026-05-11T12:51:40
FCCL,2023-02-15,11.59,11.88,11.5,11.69,2556500,psxdata,2026-05-11T12:51:40
FCCL,2023-02-16,11.56,11.96,11.22,11.61,3758000,psxdata,2026-05-11T12:51:40
FCCL,2023-02-17,11.69,11.72,11.55,11.67,3092500,psxdata,2026-05-11T12:51:40
FCCL,2023-02-20,11.6,11.6,11.3,11.51,1290000,psxdata,2026-05-11T12:51:40
FCCL,2023-02-21,11.64,11.68,11.51,11.59,1734000,psxdata,2026-05-11T12:51:40
FCCL,2023-02-22,11.59,11.9,11.59,11.75,3700000,psxdata,2026-05-11T12:51:40
FCCL,2023-02-23,11.78,11.85,11.3,11.4,2953500,psxdata,2026-05-11T12:51:40
FCCL,2023-02-24,11.36,11.75,11.35,11.5,3252500,psxdata,2026-05-11T12:51:40
FCCL,2023-02-27,11.5,11.74,11.4,11.67,2602000,psxdata,2026-05-11T12:51:40
FCCL,2023-02-28,11.6,11.7,11.4,11.64,3260500,psxdata,2026-05-11T12:51:40
FCCL,2023-03-01,11.45,11.54,11.35,11.5,662000,psxdata,2026-05-11T12:51:40
FCCL,2023-03-02,11.3,11.6,11.3,11.34,937000,psxdata,2026-05-11T12:51:40
FCCL,2023-03-03,11.2,11.69,11.2,11.59,1424000,psxdata,2026-05-11T12:51:40
FCCL,2023-03-06,11.69,11.9,11.33,11.41,2040500,psxdata,2026-05-11T12:51:40
FCCL,2023-03-07,11.55,11.82,11.41,11.69,6534000,psxdata,2026-05-11T12:51:40
FCCL,2023-03-08,11.68,11.85,11.5,11.55,2469000,psxdata,2026-05-11T12:51:40
FCCL,2023-03-09,11.6,12.05,11.47,11.98,10733000,psxdata,2026-05-11T12:51:40
FCCL,2023-03-10,12.0,12.3,11.85,12.13,5475500,psxdata,2026-05-11T12:51:40
FCCL,2023-03-13,12.2,12.25,11.85,11.95,1248500,psxdata,2026-05-11T12:51:40
FCCL,2023-03-14,12.09,12.09,11.77,11.81,1334000,psxdata,2026-05-11T12:51:40
FCCL,2023-03-15,11.72,12.78,11.6,12.53,9463500,psxdata,2026-05-11T12:51:40
FCCL,2023-03-16,12.85,13.18,12.75,12.81,7673500,psxdata,2026-05-11T12:51:40
FCCL,2023-03-17,12.81,12.9,12.55,12.61,1269000,psxdata,2026-05-11T12:51:40
FCCL,2023-03-20,12.66,12.76,12.15,12.26,3673000,psxdata,2026-05-11T12:51:40
FCCL,2023-03-21,12.28,12.33,11.92,12.0,4452500,psxdata,2026-05-11T12:51:40
FCCL,2023-03-22,12.02,12.26,11.76,11.81,17487500,psxdata,2026-05-11T12:51:40
FCCL,2023-03-24,11.83,11.83,11.57,11.6,1517500,psxdata,2026-05-11T12:51:40
FCCL,2023-03-27,11.58,11.77,11.4,11.67,4323000,psxdata,2026-05-11T12:51:40
FCCL,2023-03-28,11.7,11.94,11.62,11.84,1344000,psxdata,2026-05-11T12:51:40
FCCL,2023-03-29,11.9,12.15,11.71,11.8,711500,psxdata,2026-05-11T12:51:40
FCCL,2023-03-30,11.87,12.25,11.66,12.08,1077500,psxdata,2026-05-11T12:51:40
FCCL,2023-03-31,11.91,12.16,11.82,11.96,966500,psxdata,2026-05-11T12:51:40
FCCL,2023-04-03,12.09,12.09,11.66,11.7,323000,psxdata,2026-05-11T12:51:40
FCCL,2023-04-04,11.71,11.82,11.5,11.79,519500,psxdata,2026-05-11T12:51:40
FCCL,2023-04-05,11.95,11.95,11.69,11.73,730500,psxdata,2026-05-11T12:51:40
FCCL,2023-04-06,11.89,12.06,11.81,11.92,2763000,psxdata,2026-05-11T12:51:40
FCCL,2023-04-07,12.1,12.15,11.75,11.81,1905000,psxdata,2026-05-11T12:51:40
FCCL,2023-04-10,11.81,11.9,11.45,11.52,2870500,psxdata,2026-05-11T12:51:40
FCCL,2023-04-11,11.52,11.81,11.52,11.71,405500,psxdata,2026-05-11T12:51:40
FCCL,2023-04-12,11.71,11.88,11.03,11.76,700000,psxdata,2026-05-11T12:51:40
FCCL,2023-04-13,11.85,12.0,11.8,11.88,1306500,psxdata,2026-05-11T12:51:40
FCCL,2023-04-17,11.9,11.9,11.7,11.77,641500,psxdata,2026-05-11T12:51:40
FCCL,2023-04-18,11.85,11.87,11.65,11.8,348500,psxdata,2026-05-11T12:51:40
FCCL,2023-04-19,11.8,11.9,11.77,11.83,406500,psxdata,2026-05-11T12:51:40
FCCL,2023-04-20,11.8,12.03,11.69,11.85,2797500,psxdata,2026-05-11T12:51:40
FCCL,2023-04-26,11.76,11.95,11.65,11.7,958000,psxdata,2026-05-11T12:51:40
FCCL,2023-04-27,11.61,12.08,11.61,11.98,2846500,psxdata,2026-05-11T12:51:40
FCCL,2023-04-28,12.1,12.1,11.95,12.05,2710000,psxdata,2026-05-11T12:51:40
FCCL,2023-05-02,12.1,12.33,12.0,12.2,2567000,psxdata,2026-05-11T12:51:40
FCCL,2023-05-03,12.25,12.45,12.0,12.3,6388500,psxdata,2026-05-11T12:51:40
FCCL,2023-05-04,12.36,12.59,12.14,12.18,7383500,psxdata,2026-05-11T12:51:40
FCCL,2023-05-05,12.17,12.44,12.04,12.28,2003000,psxdata,2026-05-11T12:51:40
FCCL,2023-05-08,12.13,12.25,11.87,11.99,1516500,psxdata,2026-05-11T12:51:40
FCCL,2023-05-09,11.85,12.18,11.7,11.85,2888500,psxdata,2026-05-11T12:51:40
FCCL,2023-05-10,12.0,12.05,11.9,11.92,2447000,psxdata,2026-05-11T12:51:40
FCCL,2023-05-11,12.12,12.14,12.0,12.06,1297000,psxdata,2026-05-11T12:51:40
FCCL,2023-05-12,12.05,12.23,12.0,12.13,1835000,psxdata,2026-05-11T12:51:40
FCCL,2023-05-15,11.98,12.42,11.98,12.32,2225500,psxdata,2026-05-11T12:51:40
FCCL,2023-05-16,12.45,12.56,12.15,12.19,5521000,psxdata,2026-05-11T12:51:40
FCCL,2023-05-17,12.15,12.25,12.1,12.15,2065000,psxdata,2026-05-11T12:51:40
FCCL,2023-05-18,12.29,12.3,11.93,11.98,777000,psxdata,2026-05-11T12:51:40
FCCL,2023-05-19,12.09,12.11,11.93,11.98,1614000,psxdata,2026-05-11T12:51:40
FCCL,2023-05-22,11.9,11.99,11.72,11.92,1309500,psxdata,2026-05-11T12:51:40
FCCL,2023-05-23,11.95,11.98,11.78,11.82,624000,psxdata,2026-05-11T12:51:40
FCCL,2023-05-24,11.86,11.9,11.7,11.79,670500,psxdata,2026-05-11T12:51:40
FCCL,2023-05-25,11.9,12.0,11.7,11.76,618500,psxdata,2026-05-11T12:51:40
FCCL,2023-05-26,11.8,12.05,11.8,11.87,5559000,psxdata,2026-05-11T12:51:40
FCCL,2023-05-29,11.89,12.4,11.89,12.03,5312000,psxdata,2026-05-11T12:51:40
FCCL,2023-05-30,12.13,12.16,11.9,12.13,2092500,psxdata,2026-05-11T12:51:40
FCCL,2023-05-31,12.19,12.36,11.74,11.78,6478000,psxdata,2026-05-11T12:51:40
FCCL,2023-06-01,11.94,12.0,11.81,11.85,1326000,psxdata,2026-05-11T12:51:40
FCCL,2023-06-02,11.9,12.21,11.84,12.16,2811000,psxdata,2026-05-11T12:51:40
FCCL,2023-06-05,12.17,12.49,12.03,12.39,2499000,psxdata,2026-05-11T12:51:40
FCCL,2023-06-06,12.34,12.8,12.25,12.43,6026000,psxdata,2026-05-11T12:51:40
FCCL,2023-06-07,12.51,12.76,12.3,12.65,4911000,psxdata,2026-05-11T12:51:40
FCCL,2023-06-08,12.7,12.82,12.42,12.47,4608000,psxdata,2026-05-11T12:51:40
FCCL,2023-06-09,12.47,12.55,12.37,12.45,609000,psxdata,2026-05-11T12:51:40
FCCL,2023-06-12,12.4,12.8,12.38,12.45,2784500,psxdata,2026-05-11T12:51:40
FCCL,2023-06-13,12.59,12.61,12.25,12.27,845000,psxdata,2026-05-11T12:51:40
FCCL,2023-06-14,12.22,12.3,12.15,12.17,512500,psxdata,2026-05-11T12:51:40
FCCL,2023-06-15,12.1,12.23,12.05,12.11,680500,psxdata,2026-05-11T12:51:40
FCCL,2023-06-16,12.08,12.25,11.95,12.02,1299000,psxdata,2026-05-11T12:51:40
FCCL,2023-06-19,12.13,12.15,11.75,11.78,2467000,psxdata,2026-05-11T12:51:40
FCCL,2023-06-20,11.75,11.88,11.59,11.66,1832000,psxdata,2026-05-11T12:51:40
FCCL,2023-06-21,11.68,11.74,11.48,11.51,848000,psxdata,2026-05-11T12:51:40
FCCL,2023-06-22,11.48,11.75,11.46,11.69,1951500,psxdata,2026-05-11T12:51:40
FCCL,2023-06-23,11.65,11.7,11.5,11.55,682000,psxdata,2026-05-11T12:51:40
FCCL,2023-06-26,11.6,12.25,11.6,12.23,2911000,psxdata,2026-05-11T12:51:40
FCCL,2023-06-27,12.05,12.11,11.68,11.76,4486000,psxdata,2026-05-11T12:51:40
FCCL,2023-07-03,12.7,12.76,12.5,12.76,2098000,psxdata,2026-05-11T12:51:40
FCCL,2023-07-04,12.99,13.0,12.3,12.37,5348000,psxdata,2026-05-11T12:51:40
FCCL,2023-07-05,12.35,12.68,12.2,12.34,2663500,psxdata,2026-05-11T12:51:40
FCCL,2023-07-06,12.43,12.69,12.35,12.56,3030500,psxdata,2026-05-11T12:51:40
FCCL,2023-07-07,12.7,12.85,12.46,12.52,4315000,psxdata,2026-05-11T12:51:40
FCCL,2023-07-10,12.56,12.74,12.51,12.58,6289000,psxdata,2026-05-11T12:51:40
FCCL,2023-07-11,12.7,13.14,12.7,13.09,20590500,psxdata,2026-05-11T12:51:40
FCCL,2023-07-12,13.21,13.3,12.75,12.82,8847000,psxdata,2026-05-11T12:51:40
FCCL,2023-07-13,12.96,13.07,12.65,12.75,4515500,psxdata,2026-05-11T12:51:40
FCCL,2023-07-14,12.87,12.87,12.5,12.6,1338000,psxdata,2026-05-11T12:51:40
FCCL,2023-07-17,12.6,12.65,12.3,12.35,1064500,psxdata,2026-05-11T12:51:40
FCCL,2023-07-18,12.42,12.43,12.13,12.2,1604500,psxdata,2026-05-11T12:51:40
FCCL,2023-07-19,12.25,12.29,11.98,12.0,3567000,psxdata,2026-05-11T12:51:40
FCCL,2023-07-20,12.01,12.34,12.01,12.15,4478000,psxdata,2026-05-11T12:51:40
FCCL,2023-07-21,12.1,12.45,12.1,12.35,3875500,psxdata,2026-05-11T12:51:40
FCCL,2023-07-24,12.42,12.42,12.1,12.2,925500,psxdata,2026-05-11T12:51:40
FCCL,2023-07-25,12.37,12.37,12.15,12.19,1802000,psxdata,2026-05-11T12:51:40
FCCL,2023-07-26,12.3,12.36,11.98,12.02,5484500,psxdata,2026-05-11T12:51:40
FCCL,2023-07-27,12.08,12.24,12.0,12.06,3697000,psxdata,2026-05-11T12:51:40
FCCL,2023-07-31,12.21,12.59,12.1,12.5,6217500,psxdata,2026-05-11T12:51:40
FCCL,2023-08-01,12.71,13.18,12.57,12.66,11990000,psxdata,2026-05-11T12:51:40
FCCL,2023-08-02,12.65,12.7,12.5,12.61,2097000,psxdata,2026-05-11T12:51:40
FCCL,2023-08-03,12.51,12.95,12.36,12.41,9817000,psxdata,2026-05-11T12:51:40
FCCL,2023-08-04,12.45,12.59,12.27,12.33,5186500,psxdata,2026-05-11T12:51:40
FCCL,2023-08-07,12.36,12.59,12.3,12.34,1561500,psxdata,2026-05-11T12:51:40
FCCL,2023-08-08,12.37,12.46,12.17,12.24,1860500,psxdata,2026-05-11T12:51:40
FCCL,2023-08-09,12.35,12.44,12.16,12.36,663000,psxdata,2026-05-11T12:51:40
FCCL,2023-08-10,12.32,12.55,12.13,12.2,2324500,psxdata,2026-05-11T12:51:40
FCCL,2023-08-11,12.3,12.65,12.3,12.34,9578500,psxdata,2026-05-11T12:51:40
FCCL,2023-08-15,12.31,12.57,12.23,12.27,1819000,psxdata,2026-05-11T12:51:40
FCCL,2023-08-16,12.47,12.47,12.01,12.05,1076000,psxdata,2026-05-11T12:51:40
FCCL,2023-08-17,12.1,12.18,12.0,12.12,928500,psxdata,2026-05-11T12:51:40
FCCL,2023-08-18,12.18,12.3,11.98,12.06,1159000,psxdata,2026-05-11T12:51:40
FCCL,2023-08-21,12.05,12.14,11.66,11.75,1321000,psxdata,2026-05-11T12:51:40
FCCL,2023-08-22,11.62,11.89,11.62,11.8,471000,psxdata,2026-05-11T12:51:40
FCCL,2023-08-23,11.89,11.89,11.52,11.62,757500,psxdata,2026-05-11T12:51:40
FCCL,2023-08-24,11.65,12.16,11.65,12.01,11569500,psxdata,2026-05-11T12:51:40
FCCL,2023-08-25,11.99,12.05,11.8,11.86,581500,psxdata,2026-05-11T12:51:40
FCCL,2023-08-28,11.98,11.98,11.66,11.72,882500,psxdata,2026-05-11T12:51:40
FCCL,2023-08-29,11.88,11.88,11.0,11.16,8250000,psxdata,2026-05-11T12:51:40
FCCL,2023-08-30,11.19,11.22,10.91,10.99,1649000,psxdata,2026-05-11T12:51:40
FCCL,2023-08-31,10.99,10.99,10.45,10.61,2405500,psxdata,2026-05-11T12:51:40
FCCL,2023-09-01,10.5,10.85,10.45,10.75,1124000,psxdata,2026-05-11T12:51:40
FCCL,2023-09-04,10.8,11.1,10.71,10.76,1239000,psxdata,2026-05-11T12:51:40
FCCL,2023-09-05,10.9,11.08,10.72,10.77,2146000,psxdata,2026-05-11T12:51:40
FCCL,2023-09-06,10.9,11.08,10.77,11.05,940500,psxdata,2026-05-11T12:51:40
FCCL,2023-09-07,11.0,11.11,10.8,10.89,522000,psxdata,2026-05-11T12:51:40
FCCL,2023-09-08,10.9,10.93,10.8,10.82,283000,psxdata,2026-05-11T12:51:40
FCCL,2023-09-11,10.85,10.89,10.7,10.74,393500,psxdata,2026-05-11T12:51:40
FCCL,2023-09-12,10.85,10.85,10.42,10.54,725500,psxdata,2026-05-11T12:51:40
FCCL,2023-09-13,10.64,10.89,10.53,10.61,714500,psxdata,2026-05-11T12:51:40
FCCL,2023-09-14,10.6,10.74,10.56,10.6,905500,psxdata,2026-05-11T12:51:40
FCCL,2023-09-15,10.92,11.05,10.8,10.95,3724000,psxdata,2026-05-11T12:51:40
FCCL,2023-09-18,11.0,11.0,10.8,10.84,289500,psxdata,2026-05-11T12:51:40
FCCL,2023-09-19,10.89,10.93,10.76,10.86,336500,psxdata,2026-05-11T12:51:40
FCCL,2023-09-20,10.9,10.9,10.75,10.78,120000,psxdata,2026-05-11T12:51:40
FCCL,2023-09-21,10.88,11.11,10.75,11.02,1538500,psxdata,2026-05-11T12:51:40
FCCL,2023-09-22,11.16,11.16,10.87,10.91,425500,psxdata,2026-05-11T12:51:40
FCCL,2023-09-25,11.04,11.04,10.8,10.84,480500,psxdata,2026-05-11T12:51:40
FCCL,2023-09-26,10.76,11.08,10.76,10.91,704500,psxdata,2026-05-11T12:51:40
FCCL,2023-09-27,10.85,11.46,10.85,11.32,2737000,psxdata,2026-05-11T12:51:40
FCCL,2023-09-28,11.35,11.45,11.22,11.31,2165000,psxdata,2026-05-11T12:51:40
FCCL,2023-10-02,11.4,11.4,11.15,11.26,566500,psxdata,2026-05-11T12:51:40
FCCL,2023-10-03,11.25,11.4,11.2,11.22,1335000,psxdata,2026-05-11T12:51:40
FCCL,2023-10-04,11.22,11.3,11.2,11.21,826500,psxdata,2026-05-11T12:51:40
FCCL,2023-10-05,11.26,12.16,11.26,11.99,9535000,psxdata,2026-05-11T12:51:40
FCCL,2023-10-06,12.17,12.17,11.82,11.9,3159500,psxdata,2026-05-11T12:51:40
FCCL,2023-10-09,11.66,12.15,11.66,11.99,1542500,psxdata,2026-05-11T12:51:40
FCCL,2023-10-10,12.0,12.4,11.9,12.12,3892000,psxdata,2026-05-11T12:51:40
FCCL,2023-10-11,12.2,12.3,12.12,12.25,1429000,psxdata,2026-05-11T12:51:40
FCCL,2023-10-12,12.28,12.28,11.85,12.03,1446000,psxdata,2026-05-11T12:51:40
FCCL,2023-10-13,12.05,12.53,12.05,12.46,4095500,psxdata,2026-05-11T12:51:40
FCCL,2023-10-16,12.41,12.74,12.35,12.58,3173000,psxdata,2026-05-11T12:51:40
FCCL,2023-10-17,12.57,13.0,12.4,12.71,8278000,psxdata,2026-05-11T12:51:40
FCCL,2023-10-18,12.8,12.8,12.35,12.47,2885000,psxdata,2026-05-11T12:51:40
FCCL,2023-10-19,12.58,13.1,12.5,12.97,7675500,psxdata,2026-05-11T12:51:40
FCCL,2023-10-20,12.8,13.25,12.7,12.77,3279000,psxdata,2026-05-11T12:51:40
FCCL,2023-10-23,12.89,12.92,12.75,12.77,1691000,psxdata,2026-05-11T12:51:40
FCCL,2023-10-24,12.75,12.9,12.51,12.66,1333500,psxdata,2026-05-11T12:51:40
FCCL,2023-10-25,12.83,13.66,12.8,13.59,21267000,psxdata,2026-05-11T12:51:40
FCCL,2023-10-26,13.66,13.76,13.32,13.46,5323000,psxdata,2026-05-11T12:51:40
FCCL,2023-10-27,13.4,13.93,13.4,13.65,10327000,psxdata,2026-05-11T12:51:40
FCCL,2023-10-30,13.89,13.91,13.62,13.79,4242000,psxdata,2026-05-11T12:51:40
FCCL,2023-10-31,13.8,14.0,13.52,13.92,8857000,psxdata,2026-05-11T12:51:40
FCCL,2023-11-01,13.95,14.15,13.75,13.84,6142000,psxdata,2026-05-11T12:51:40
FCCL,2023-11-02,13.85,14.4,13.85,14.23,8773500,psxdata,2026-05-11T12:51:40
FCCL,2023-11-03,14.34,14.53,13.96,14.15,7325500,psxdata,2026-05-11T12:51:40
FCCL,2023-11-06,14.2,14.73,14.1,14.57,8051000,psxdata,2026-05-11T12:51:40
FCCL,2023-11-07,14.7,15.45,14.7,14.94,18585000,psxdata,2026-05-11T12:51:40
FCCL,2023-11-08,15.1,15.59,15.1,15.44,10943000,psxdata,2026-05-11T12:51:40
FCCL,2023-11-10,15.6,16.35,15.3,16.16,21100000,psxdata,2026-05-11T12:51:40
FCCL,2023-11-13,16.33,16.5,16.16,16.46,8862000,psxdata,2026-05-11T12:51:40
FCCL,2023-11-14,16.5,16.58,16.05,16.45,8555000,psxdata,2026-05-11T12:51:40
FCCL,2023-11-15,16.5,16.5,16.26,16.32,3749500,psxdata,2026-05-11T12:51:40
FCCL,2023-11-16,16.49,16.51,15.9,16.03,9231500,psxdata,2026-05-11T12:51:40
FCCL,2023-11-17,16.04,16.4,16.0,16.18,4748000,psxdata,2026-05-11T12:51:40
FCCL,2023-11-20,16.08,16.12,15.91,15.99,2396000,psxdata,2026-05-11T12:51:40
FCCL,2023-11-21,15.86,16.34,15.86,16.17,6649000,psxdata,2026-05-11T12:51:40
FCCL,2023-11-22,16.24,16.87,16.1,16.72,7117000,psxdata,2026-05-11T12:51:40
FCCL,2023-11-23,16.99,17.22,16.8,17.1,11990000,psxdata,2026-05-11T12:51:40
FCCL,2023-11-24,17.25,17.4,16.9,17.05,6293000,psxdata,2026-05-11T12:51:40
FCCL,2023-11-27,17.05,17.5,16.85,17.31,5736500,psxdata,2026-05-11T12:51:40
FCCL,2023-11-28,17.4,17.62,17.15,17.22,7572000,psxdata,2026-05-11T12:51:40
FCCL,2023-11-29,17.3,17.35,16.8,16.98,8509500,psxdata,2026-05-11T12:51:40
FCCL,2023-11-30,17.0,17.98,16.9,17.54,18711500,psxdata,2026-05-11T12:51:40
FCCL,2023-12-01,17.75,18.86,17.6,18.86,27255000,psxdata,2026-05-11T12:51:40
FCCL,2023-12-04,20.25,20.27,19.12,20.07,41984500,psxdata,2026-05-11T12:51:40
FCCL,2023-12-05,20.15,20.79,19.8,20.51,23813500,psxdata,2026-05-11T12:51:40
FCCL,2023-12-06,20.5,21.2,20.25,20.49,20735000,psxdata,2026-05-11T12:51:40
FCCL,2023-12-07,20.41,20.75,20.0,20.26,13410500,psxdata,2026-05-11T12:51:40
FCCL,2023-12-08,20.39,20.5,19.88,20.25,19038000,psxdata,2026-05-11T12:51:40
FCCL,2023-12-11,20.2,20.26,19.6,19.84,8574500,psxdata,2026-05-11T12:51:40
FCCL,2023-12-12,19.95,20.28,19.66,19.76,21975000,psxdata,2026-05-11T12:51:40
FCCL,2023-12-13,19.84,20.61,19.66,20.07,36196500,psxdata,2026-05-11T12:51:40
FCCL,2023-12-14,20.05,20.25,19.78,19.86,6115000,psxdata,2026-05-11T12:51:40
FCCL,2023-12-15,19.99,20.25,19.8,20.03,9792500,psxdata,2026-05-11T12:51:40
FCCL,2023-12-18,20.25,20.45,19.75,19.87,10733000,psxdata,2026-05-11T12:51:40
FCCL,2023-12-19,19.97,19.97,18.38,18.48,13346000,psxdata,2026-05-11T12:51:40
FCCL,2023-12-20,18.25,19.1,17.62,18.55,15694000,psxdata,2026-05-11T12:51:40
FCCL,2023-12-21,18.61,18.85,18.1,18.64,5003500,psxdata,2026-05-11T12:51:40
FCCL,2023-12-22,18.8,19.2,18.01,18.11,2917500,psxdata,2026-05-11T12:51:40
FCCL,2023-12-26,18.25,18.32,16.75,16.83,10135500,psxdata,2026-05-11T12:51:40
FCCL,2023-12-27,16.85,18.09,16.63,17.98,8017000,psxdata,2026-05-11T12:51:40
FCCL,2023-12-28,18.02,19.0,17.85,18.6,11945500,psxdata,2026-05-11T12:51:40
FCCL,2023-12-29,18.65,19.48,18.33,18.92,5959000,psxdata,2026-05-11T12:51:40
FCCL,2024-01-01,18.95,20.15,18.95,19.96,9793000,psxdata,2026-05-11T12:51:40
FCCL,2024-01-02,20.27,20.9,19.85,20.3,30470000,psxdata,2026-05-11T12:51:40
FCCL,2024-01-03,20.55,20.75,20.01,20.13,12248500,psxdata,2026-05-11T12:51:40
FCCL,2024-01-04,20.33,20.33,19.7,20.17,5233500,psxdata,2026-05-11T12:51:40
FCCL,2024-01-05,20.06,20.5,19.4,19.9,11359000,psxdata,2026-05-11T12:51:40
FCCL,2024-01-08,19.95,20.09,19.3,19.35,2659000,psxdata,2026-05-11T12:51:40
FCCL,2024-01-09,19.5,19.89,19.1,19.3,2430000,psxdata,2026-05-11T12:51:40
FCCL,2024-01-10,19.35,19.55,19.2,19.37,2759000,psxdata,2026-05-11T12:51:40
FCCL,2024-01-11,19.4,20.0,19.4,19.6,7111000,psxdata,2026-05-11T12:51:40
FCCL,2024-01-12,19.99,20.2,19.42,19.65,7579500,psxdata,2026-05-11T12:51:40
FCCL,2024-01-15,19.95,19.95,19.1,19.15,4504000,psxdata,2026-05-11T12:51:40
FCCL,2024-01-16,19.01,19.3,18.75,18.96,6092500,psxdata,2026-05-11T12:51:40
FCCL,2024-01-17,18.97,19.29,18.22,18.66,5784500,psxdata,2026-05-11T12:51:40
FCCL,2024-01-18,18.6,19.1,18.14,18.71,4089000,psxdata,2026-05-11T12:51:40
FCCL,2024-01-19,18.9,19.15,18.6,18.75,3892500,psxdata,2026-05-11T12:51:40
FCCL,2024-01-22,18.85,18.85,18.31,18.44,745500,psxdata,2026-05-11T12:51:40
FCCL,2024-01-23,18.6,19.1,18.41,18.83,5421000,psxdata,2026-05-11T12:51:40
FCCL,2024-01-24,18.95,19.39,18.91,18.97,8621000,psxdata,2026-05-11T12:51:40
FCCL,2024-01-25,19.29,19.4,18.75,18.82,6972500,psxdata,2026-05-11T12:51:40
FCCL,2024-01-26,19.0,19.0,18.45,18.5,2356500,psxdata,2026-05-11T12:51:40
FCCL,2024-01-29,18.5,18.5,17.95,18.19,3292500,psxdata,2026-05-11T12:51:40
FCCL,2024-01-30,18.1,18.4,17.78,17.87,8022000,psxdata,2026-05-11T12:51:40
FCCL,2024-01-31,18.38,18.38,17.8,17.87,2152000,psxdata,2026-05-11T12:51:40
FCCL,2024-02-01,18.12,18.13,17.8,17.88,1333500,psxdata,2026-05-11T12:51:40
FCCL,2024-02-02,18.0,18.24,17.91,18.05,1147500,psxdata,2026-05-11T12:51:40
FCCL,2024-02-06,18.0,18.44,17.91,18.05,7078000,psxdata,2026-05-11T12:51:40
FCCL,2024-02-07,18.19,18.79,18.1,18.59,7703000,psxdata,2026-05-11T12:51:40
FCCL,2024-02-09,18.28,18.3,17.2,17.96,8548500,psxdata,2026-05-11T12:51:40
FCCL,2024-02-12,17.82,18.0,17.06,17.28,3917500,psxdata,2026-05-11T12:51:40
FCCL,2024-02-13,17.25,17.99,16.25,17.8,3567500,psxdata,2026-05-11T12:51:40
FCCL,2024-02-14,18.2,18.45,17.75,18.27,3523000,psxdata,2026-05-11T12:51:40
FCCL,2024-02-15,18.48,18.48,17.51,17.64,1239500,psxdata,2026-05-11T12:51:40
FCCL,2024-02-16,17.8,17.8,16.65,16.99,3867500,psxdata,2026-05-11T12:51:40
FCCL,2024-02-19,16.56,17.25,16.56,17.07,2527000,psxdata,2026-05-11T12:51:40
FCCL,2024-02-20,17.1,17.3,16.8,17.0,1084500,psxdata,2026-05-11T12:51:40
FCCL,2024-02-21,17.49,17.8,17.22,17.72,2834500,psxdata,2026-05-11T12:51:40
FCCL,2024-02-22,17.94,17.94,17.49,17.59,984000,psxdata,2026-05-11T12:51:40
FCCL,2024-02-23,17.5,17.99,17.45,17.82,1096000,psxdata,2026-05-11T12:51:40
FCCL,2024-02-26,18.01,18.3,17.3,17.84,3498000,psxdata,2026-05-11T12:51:40
FCCL,2024-02-27,17.85,18.08,17.62,17.73,3639000,psxdata,2026-05-11T12:51:40
FCCL,2024-02-28,17.7,18.55,17.66,18.44,5116000,psxdata,2026-05-11T12:51:40
FCCL,2024-02-29,18.5,18.8,18.25,18.48,3472500,psxdata,2026-05-11T12:51:40
FCCL,2024-03-01,18.5,18.5,17.89,18.11,3010000,psxdata,2026-05-11T12:51:40
FCCL,2024-03-04,18.38,18.5,17.95,18.09,13069500,psxdata,2026-05-11T12:51:40
FCCL,2024-03-05,18.15,18.38,17.85,17.92,7684500,psxdata,2026-05-11T12:51:40
FCCL,2024-03-06,17.92,18.05,17.53,17.65,2457500,psxdata,2026-05-11T12:51:40
FCCL,2024-03-07,17.6,17.89,17.37,17.66,1472500,psxdata,2026-05-11T12:51:40
FCCL,2024-03-08,17.9,18.05,17.75,17.86,4591000,psxdata,2026-05-11T12:51:40
FCCL,2024-03-11,18.06,18.31,17.9,18.05,3542742,psxdata,2026-05-11T12:51:40
FCCL,2024-03-12,18.45,18.45,17.56,17.67,2346354,psxdata,2026-05-11T12:51:40
FCCL,2024-03-13,17.75,17.85,17.34,17.45,1472614,psxdata,2026-05-11T12:51:40
FCCL,2024-03-14,17.7,17.9,17.3,17.81,1692966,psxdata,2026-05-11T12:51:40
FCCL,2024-03-15,17.65,17.99,17.6,17.64,1700309,psxdata,2026-05-11T12:51:40
FCCL,2024-03-18,17.67,17.94,17.55,17.71,1526645,psxdata,2026-05-11T12:51:40
FCCL,2024-03-19,17.71,17.75,17.25,17.39,2936515,psxdata,2026-05-11T12:51:40
FCCL,2024-03-20,17.68,17.68,17.11,17.15,1803961,psxdata,2026-05-11T12:51:40
FCCL,2024-03-21,17.2,17.25,16.5,16.62,3830693,psxdata,2026-05-11T12:51:40
FCCL,2024-03-22,16.6,16.9,16.2,16.44,3505812,psxdata,2026-05-11T12:51:40
FCCL,2024-03-25,16.5,16.75,16.4,16.5,1479843,psxdata,2026-05-11T12:51:40
FCCL,2024-03-26,16.5,17.1,16.35,16.86,4644801,psxdata,2026-05-11T12:51:40
FCCL,2024-03-27,16.81,17.11,16.8,16.99,2084825,psxdata,2026-05-11T12:51:40
FCCL,2024-03-28,17.18,17.6,17.07,17.5,3176660,psxdata,2026-05-11T12:51:40
FCCL,2024-03-29,17.62,17.75,17.02,17.64,5780482,psxdata,2026-05-11T12:51:40
FCCL,2024-04-01,17.64,17.69,17.1,17.27,2368673,psxdata,2026-05-11T12:51:40
FCCL,2024-04-02,17.25,17.34,16.85,16.92,2188971,psxdata,2026-05-11T12:51:40
FCCL,2024-04-03,17.02,18.19,16.95,18.19,12462408,psxdata,2026-05-11T12:51:40
FCCL,2024-04-04,18.55,18.6,17.88,17.96,6325882,psxdata,2026-05-11T12:51:40
FCCL,2024-04-08,18.1,18.32,17.89,18.24,4054715,psxdata,2026-05-11T12:51:40
FCCL,2024-04-09,18.24,19.19,18.24,18.92,12591500,psxdata,2026-05-11T12:51:40
FCCL,2024-04-15,18.68,20.34,18.55,20.01,33100985,psxdata,2026-05-11T12:51:40
FCCL,2024-04-16,20.3,20.4,19.5,19.57,14377299,psxdata,2026-05-11T12:51:40
FCCL,2024-04-17,19.65,20.76,19.12,20.34,27951937,psxdata,2026-05-11T12:51:40
FCCL,2024-04-18,20.5,21.1,20.14,20.26,18770186,psxdata,2026-05-11T12:51:40
FCCL,2024-04-19,19.92,20.33,19.8,20.04,6740570,psxdata,2026-05-11T12:51:40
FCCL,2024-04-22,20.05,20.75,19.99,20.18,16814217,psxdata,2026-05-11T12:51:40
FCCL,2024-04-23,20.37,21.6,20.18,20.37,45924220,psxdata,2026-05-11T12:51:40
FCCL,2024-04-24,20.3,20.92,20.21,20.57,14168183,psxdata,2026-05-11T12:51:40
FCCL,2024-04-25,20.7,20.8,20.26,20.54,8697468,psxdata,2026-05-11T12:51:40
FCCL,2024-04-26,20.51,20.85,20.3,20.71,7989757,psxdata,2026-05-11T12:51:40
FCCL,2024-04-29,20.8,21.1,19.8,19.99,12477876,psxdata,2026-05-11T12:51:40
FCCL,2024-04-30,20.01,20.4,19.5,19.6,7687132,psxdata,2026-05-11T12:51:40
FCCL,2024-05-02,19.8,20.38,19.51,20.16,8610154,psxdata,2026-05-11T12:51:40
FCCL,2024-05-03,20.5,21.42,20.26,21.36,19309110,psxdata,2026-05-11T12:51:40
FCCL,2024-05-06,22.0,22.9,21.8,22.44,40362811,psxdata,2026-05-11T12:51:40
FCCL,2024-05-07,22.63,22.75,21.9,22.04,21834500,psxdata,2026-05-11T12:51:40
FCCL,2024-05-08,21.9,22.15,21.2,21.46,6746216,psxdata,2026-05-11T12:51:40
FCCL,2024-05-09,21.6,22.35,20.99,22.24,11603137,psxdata,2026-05-11T12:51:40
FCCL,2024-05-10,22.44,23.59,22.31,23.06,29772203,psxdata,2026-05-11T12:51:40
FCCL,2024-05-13,23.25,23.61,22.5,22.83,21206203,psxdata,2026-05-11T12:51:40
FCCL,2024-05-14,22.99,23.1,22.25,22.96,10464990,psxdata,2026-05-11T12:51:40
FCCL,2024-05-15,23.1,23.4,22.5,22.59,9877440,psxdata,2026-05-11T12:51:40
FCCL,2024-05-16,22.69,22.85,22.1,22.32,8892641,psxdata,2026-05-11T12:51:40
FCCL,2024-05-17,22.32,22.9,22.3,22.5,12095252,psxdata,2026-05-11T12:51:40
FCCL,2024-05-20,22.7,22.7,21.66,21.93,6139061,psxdata,2026-05-11T12:51:40
FCCL,2024-05-21,21.9,22.3,21.5,21.69,4916903,psxdata,2026-05-11T12:51:40
FCCL,2024-05-22,21.89,21.9,21.06,21.26,5461367,psxdata,2026-05-11T12:51:40
FCCL,2024-05-23,21.29,21.5,21.0,21.24,8823610,psxdata,2026-05-11T12:51:40
FCCL,2024-05-24,21.25,21.75,21.24,21.58,8013189,psxdata,2026-05-11T12:51:40
FCCL,2024-05-27,21.92,22.0,21.29,21.39,9739406,psxdata,2026-05-11T12:51:40
FCCL,2024-05-29,21.5,21.94,21.1,21.71,9037876,psxdata,2026-05-11T12:51:40
FCCL,2024-05-30,21.98,23.0,21.74,22.91,42521383,psxdata,2026-05-11T12:51:40
FCCL,2024-05-31,23.07,23.85,22.81,23.45,18452089,psxdata,2026-05-11T12:51:40
FCCL,2024-06-03,23.48,23.89,23.05,23.66,32835391,psxdata,2026-05-11T12:51:40
FCCL,2024-06-04,23.64,23.95,22.12,22.51,36618571,psxdata,2026-05-11T12:51:40
FCCL,2024-06-05,22.5,22.87,22.2,22.28,8239995,psxdata,2026-05-11T12:51:40
FCCL,2024-06-06,22.3,22.99,21.76,21.94,12072224,psxdata,2026-05-11T12:51:40
FCCL,2024-06-07,21.86,23.24,20.61,22.79,34397313,psxdata,2026-05-11T12:51:40
FCCL,2024-06-10,22.99,23.09,22.29,22.52,13723732,psxdata,2026-05-11T12:51:40
FCCL,2024-06-11,23.01,23.09,21.8,21.98,13750403,psxdata,2026-05-11T12:51:40
FCCL,2024-06-12,21.97,22.51,21.73,22.27,4736202,psxdata,2026-05-11T12:51:40
FCCL,2024-06-13,22.5,24.16,22.49,24.14,39803815,psxdata,2026-05-11T12:51:40
FCCL,2024-06-14,24.13,24.67,23.73,23.91,17199734,psxdata,2026-05-11T12:51:40
FCCL,2024-06-20,23.9,24.29,23.61,23.82,9610904,psxdata,2026-05-11T12:51:40
FCCL,2024-06-21,23.83,24.05,22.95,23.06,8502954,psxdata,2026-05-11T12:51:40
FCCL,2024-06-24,23.1,23.4,22.8,23.1,6971638,psxdata,2026-05-11T12:51:40
FCCL,2024-06-25,23.1,23.41,22.92,23.01,4994800,psxdata,2026-05-11T12:51:40
FCCL,2024-06-26,23.02,23.23,22.61,22.94,4929920,psxdata,2026-05-11T12:51:40
FCCL,2024-06-27,22.81,23.28,22.63,22.82,3164201,psxdata,2026-05-11T12:51:40
FCCL,2024-06-28,22.82,23.08,22.65,22.91,3114681,psxdata,2026-05-11T12:51:40
FCCL,2024-07-01,22.75,23.3,22.53,22.7,4678019,psxdata,2026-05-11T12:51:40
FCCL,2024-07-02,22.85,23.01,22.6,22.7,5383770,psxdata,2026-05-11T12:51:40
FCCL,2024-07-03,22.77,23.15,22.73,22.96,10260542,psxdata,2026-05-11T12:51:40
FCCL,2024-07-04,23.0,23.18,22.73,22.88,6437128,psxdata,2026-05-11T12:51:40
FCCL,2024-07-05,22.9,22.96,22.34,22.39,5017052,psxdata,2026-05-11T12:51:40
FCCL,2024-07-08,22.34,23.7,22.01,22.99,6651536,psxdata,2026-05-11T12:51:40
FCCL,2024-07-09,23.02,23.54,22.66,23.12,8230699,psxdata,2026-05-11T12:51:40
FCCL,2024-07-10,23.3,23.3,22.75,22.89,4698564,psxdata,2026-05-11T12:51:40
FCCL,2024-07-11,22.71,23.0,22.5,22.71,4448771,psxdata,2026-05-11T12:51:40
FCCL,2024-07-12,22.71,22.97,22.0,22.73,6163472,psxdata,2026-05-11T12:51:40
FCCL,2024-07-15,23.0,23.5,22.91,23.11,8398923,psxdata,2026-05-11T12:51:40
FCCL,2024-07-18,23.1,23.15,22.85,22.99,4937769,psxdata,2026-05-11T12:51:40
FCCL,2024-07-19,23.01,23.05,22.55,22.68,4964181,psxdata,2026-05-11T12:51:40
FCCL,2024-07-22,22.68,22.9,21.8,22.0,4887748,psxdata,2026-05-11T12:51:40
FCCL,2024-07-23,22.2,22.7,21.9,22.01,3843991,psxdata,2026-05-11T12:51:40
FCCL,2024-07-24,22.2,22.25,21.81,22.0,5279016,psxdata,2026-05-11T12:51:40
FCCL,2024-07-25,22.0,22.42,21.7,21.83,4371610,psxdata,2026-05-11T12:51:40
FCCL,2024-07-26,22.0,22.0,21.45,21.74,4790816,psxdata,2026-05-11T12:51:40
FCCL,2024-07-29,21.95,22.66,21.55,22.52,12762187,psxdata,2026-05-11T12:51:40
FCCL,2024-07-30,22.75,22.75,21.53,21.63,15819905,psxdata,2026-05-11T12:51:40
FCCL,2024-07-31,21.65,21.71,20.5,20.77,4792998,psxdata,2026-05-11T12:51:40
FCCL,2024-08-01,20.95,21.3,20.25,20.83,11547096,psxdata,2026-05-11T12:51:40
FCCL,2024-08-02,21.08,21.48,20.31,20.97,12922634,psxdata,2026-05-11T12:51:40
FCCL,2024-08-05,20.7,20.75,19.82,20.16,6752143,psxdata,2026-05-11T12:51:40
FCCL,2024-08-06,20.25,20.55,19.55,20.01,7426543,psxdata,2026-05-11T12:51:40
FCCL,2024-08-07,20.01,20.58,19.95,20.02,4182365,psxdata,2026-05-11T12:51:40
FCCL,2024-08-08,20.25,20.94,20.13,20.76,6366489,psxdata,2026-05-11T12:51:40
FCCL,2024-08-09,20.91,21.0,20.62,20.93,2668758,psxdata,2026-05-11T12:51:40
FCCL,2024-08-12,21.0,21.15,19.75,20.3,5324084,psxdata,2026-05-11T12:51:40
FCCL,2024-08-13,20.15,20.35,20.0,20.09,2975141,psxdata,2026-05-11T12:51:40
FCCL,2024-08-15,20.05,20.35,19.95,20.11,2827773,psxdata,2026-05-11T12:51:40
FCCL,2024-08-16,20.15,21.7,20.11,20.74,9760736,psxdata,2026-05-11T12:51:40
FCCL,2024-08-19,20.84,21.17,20.54,20.69,4684994,psxdata,2026-05-11T12:51:40
FCCL,2024-08-20,20.7,20.8,20.45,20.61,5469571,psxdata,2026-05-11T12:51:40
FCCL,2024-08-21,20.61,21.66,20.6,21.41,5608753,psxdata,2026-05-11T12:51:40
FCCL,2024-08-22,21.59,23.05,21.59,22.38,15855662,psxdata,2026-05-11T12:51:40
FCCL,2024-08-23,22.48,22.49,22.02,22.08,1840749,psxdata,2026-05-11T12:51:40
FCCL,2024-08-26,22.11,22.39,21.61,21.72,1266818,psxdata,2026-05-11T12:51:40
FCCL,2024-08-27,21.95,23.48,21.25,22.31,26082389,psxdata,2026-05-11T12:51:40
FCCL,2024-08-28,22.4,22.45,21.9,22.17,2615792,psxdata,2026-05-11T12:51:40
FCCL,2024-08-29,22.2,22.29,22.0,22.15,1104352,psxdata,2026-05-11T12:51:40
FCCL,2024-08-30,22.35,22.35,21.8,21.88,2248429,psxdata,2026-05-11T12:51:40
FCCL,2024-09-02,22.0,22.2,21.65,21.81,6942410,psxdata,2026-05-11T12:51:40
FCCL,2024-09-03,22.15,22.28,21.9,22.21,2009980,psxdata,2026-05-11T12:51:40
FCCL,2024-09-04,22.29,23.36,22.22,23.15,8472327,psxdata,2026-05-11T12:51:40
FCCL,2024-09-05,23.21,23.49,22.76,22.95,4139302,psxdata,2026-05-11T12:51:40
FCCL,2024-09-06,23.13,23.2,22.7,22.76,676236,psxdata,2026-05-11T12:51:40
FCCL,2024-09-09,22.8,23.05,22.59,22.81,4789894,psxdata,2026-05-11T12:51:40
FCCL,2024-09-10,22.73,23.74,22.6,23.5,11195443,psxdata,2026-05-11T12:51:40
FCCL,2024-09-11,23.6,23.87,23.28,23.42,6433421,psxdata,2026-05-11T12:51:40
FCCL,2024-09-12,23.6,24.9,23.05,24.54,15550470,psxdata,2026-05-11T12:51:40
FCCL,2024-09-13,25.5,25.7,24.25,24.37,18725243,psxdata,2026-05-11T12:51:40
FCCL,2024-09-16,24.45,24.48,23.6,24.2,5116039,psxdata,2026-05-11T12:51:40
FCCL,2024-09-18,24.52,24.56,24.15,24.29,3719105,psxdata,2026-05-11T12:51:40
FCCL,2024-09-19,24.3,24.89,24.18,24.72,7720188,psxdata,2026-05-11T12:51:40
FCCL,2024-09-20,24.78,25.39,24.31,25.07,7206462,psxdata,2026-05-11T12:51:40
FCCL,2024-09-23,25.05,25.1,24.21,24.35,2663090,psxdata,2026-05-11T12:51:40
FCCL,2024-09-24,24.48,24.48,23.8,24.04,2351216,psxdata,2026-05-11T12:51:40
FCCL,2024-09-25,24.16,25.15,23.84,24.99,7657647,psxdata,2026-05-11T12:51:40
FCCL,2024-09-26,25.25,25.8,24.95,25.35,11949523,psxdata,2026-05-11T12:51:40
FCCL,2024-09-27,25.48,25.48,25.0,25.22,2804892,psxdata,2026-05-11T12:51:40
FCCL,2024-09-30,25.26,25.4,24.75,25.28,5176568,psxdata,2026-05-11T12:51:40
FCCL,2024-10-01,25.12,27.19,25.12,26.62,29125856,psxdata,2026-05-11T12:51:40
FCCL,2024-10-02,26.47,27.69,26.22,27.41,20045582,psxdata,2026-05-11T12:51:40
FCCL,2024-10-03,27.4,28.1,26.72,27.15,21628458,psxdata,2026-05-11T12:51:40
FCCL,2024-10-04,26.22,27.09,25.75,26.95,12420908,psxdata,2026-05-11T12:51:40
FCCL,2024-10-07,26.9,28.39,26.6,28.0,23127553,psxdata,2026-05-11T12:51:40
FCCL,2024-10-08,28.3,28.3,27.0,27.39,13160387,psxdata,2026-05-11T12:51:40
FCCL,2024-10-09,27.55,27.98,26.95,27.52,13879905,psxdata,2026-05-11T12:51:40
FCCL,2024-10-10,27.6,28.08,27.13,27.97,10495306,psxdata,2026-05-11T12:51:40
FCCL,2024-10-11,28.19,28.8,27.87,28.62,12389794,psxdata,2026-05-11T12:51:40
FCCL,2024-10-14,28.41,29.85,28.41,29.08,15742751,psxdata,2026-05-11T12:51:40
FCCL,2024-10-15,29.11,29.85,28.85,29.34,5406017,psxdata,2026-05-11T12:51:40
FCCL,2024-10-16,29.49,29.59,28.59,28.98,10861086,psxdata,2026-05-11T12:51:40
FCCL,2024-10-17,29.23,29.54,28.6,29.04,5794011,psxdata,2026-05-11T12:51:40
FCCL,2024-10-18,29.11,29.2,28.5,28.58,4146394,psxdata,2026-05-11T12:51:40
FCCL,2024-10-21,28.45,29.29,28.45,28.91,4144445,psxdata,2026-05-11T12:51:40
FCCL,2024-10-22,28.99,30.45,28.8,29.54,8669206,psxdata,2026-05-11T12:51:40
FCCL,2024-10-23,29.6,30.48,29.5,30.33,10211012,psxdata,2026-05-11T12:51:40
FCCL,2024-10-24,30.4,32.05,30.39,31.46,23272920,psxdata,2026-05-11T12:51:40
FCCL,2024-10-25,31.95,34.4,30.91,33.99,31553452,psxdata,2026-05-11T12:51:40
FCCL,2024-10-28,34.1,34.7,32.51,32.94,13143264,psxdata,2026-05-11T12:51:40
FCCL,2024-10-29,33.2,34.15,32.56,33.26,10346413,psxdata,2026-05-11T12:51:40
FCCL,2024-10-30,33.5,33.6,32.49,32.71,10289422,psxdata,2026-05-11T12:51:40
FCCL,2024-10-31,33.05,33.38,32.35,32.56,9095443,psxdata,2026-05-11T12:51:40
FCCL,2024-11-01,32.82,34.1,32.56,33.91,10837347,psxdata,2026-05-11T12:51:40
FCCL,2024-11-04,34.41,35.3,34.11,35.06,20330341,psxdata,2026-05-11T12:51:40
FCCL,2024-11-05,35.74,36.1,34.31,34.93,21425572,psxdata,2026-05-11T12:51:40
FCCL,2024-11-06,35.2,35.39,32.75,34.04,9078138,psxdata,2026-05-11T12:51:40
FCCL,2024-11-07,34.94,34.94,33.09,33.44,5642812,psxdata,2026-05-11T12:51:40
FCCL,2024-11-08,33.6,34.0,33.28,33.93,5865737,psxdata,2026-05-11T12:51:40
FCCL,2024-11-11,34.17,34.17,33.25,33.39,5944855,psxdata,2026-05-11T12:51:40
FCCL,2024-11-12,33.3,33.4,31.79,32.14,10432174,psxdata,2026-05-11T12:51:40
FCCL,2024-11-13,32.24,32.92,31.85,32.28,7421599,psxdata,2026-05-11T12:51:40
FCCL,2024-11-14,32.59,33.44,32.3,32.49,8823324,psxdata,2026-05-11T12:51:40
FCCL,2024-11-15,32.8,32.94,32.39,32.56,5607498,psxdata,2026-05-11T12:51:40
FCCL,2024-11-18,32.57,33.37,32.4,33.11,9074361,psxdata,2026-05-11T12:51:40
FCCL,2024-11-19,33.15,33.59,32.8,33.0,5261737,psxdata,2026-05-11T12:51:40
FCCL,2024-11-20,32.83,33.2,32.2,32.34,6363684,psxdata,2026-05-11T12:51:40
FCCL,2024-11-21,32.41,32.98,31.92,32.77,3565126,psxdata,2026-05-11T12:51:40
FCCL,2024-11-22,32.98,33.4,32.51,32.77,9451848,psxdata,2026-05-11T12:51:40
FCCL,2024-11-25,32.8,33.37,32.3,33.1,5176449,psxdata,2026-05-11T12:51:40
FCCL,2024-11-26,33.2,33.2,30.12,30.58,9143779,psxdata,2026-05-11T12:51:40
FCCL,2024-11-27,31.98,33.64,31.75,33.42,11368314,psxdata,2026-05-11T12:51:40
FCCL,2024-11-28,33.93,35.4,33.82,34.9,26132552,psxdata,2026-05-11T12:51:40
FCCL,2024-11-29,35.15,35.48,34.5,35.15,7585077,psxdata,2026-05-11T12:51:40
FCCL,2024-12-02,35.3,38.67,35.16,38.54,31910059,psxdata,2026-05-11T12:51:40
FCCL,2024-12-03,39.0,39.5,37.7,38.38,22761941,psxdata,2026-05-11T12:51:40
FCCL,2024-12-04,38.91,38.92,37.72,37.92,9292648,psxdata,2026-05-11T12:51:40
FCCL,2024-12-05,37.6,39.49,37.6,39.31,17562657,psxdata,2026-05-11T12:51:40
FCCL,2024-12-06,39.49,39.7,37.8,38.07,9434859,psxdata,2026-05-11T12:51:40
FCCL,2024-12-09,38.1,40.02,37.51,39.6,17445156,psxdata,2026-05-11T12:51:40
FCCL,2024-12-10,39.5,40.73,38.25,39.03,20938494,psxdata,2026-05-11T12:51:40
FCCL,2024-12-11,39.2,39.88,38.78,39.0,7262545,psxdata,2026-05-11T12:51:40
FCCL,2024-12-12,39.21,39.44,37.26,38.59,23461133,psxdata,2026-05-11T12:51:40
FCCL,2024-12-13,38.55,38.85,37.5,37.72,10159846,psxdata,2026-05-11T12:51:40
FCCL,2024-12-16,38.25,39.2,37.55,38.16,20184050,psxdata,2026-05-11T12:51:40
FCCL,2024-12-17,38.5,38.5,36.0,36.35,11437746,psxdata,2026-05-11T12:51:40
FCCL,2024-12-18,36.5,37.3,34.6,34.96,12956402,psxdata,2026-05-11T12:51:40
FCCL,2024-12-19,34.98,35.9,33.48,33.97,14557490,psxdata,2026-05-11T12:51:40
FCCL,2024-12-20,34.0,36.0,33.45,35.25,14129184,psxdata,2026-05-11T12:51:40
FCCL,2024-12-23,35.25,37.5,34.5,36.7,24838416,psxdata,2026-05-11T12:51:40
FCCL,2024-12-24,36.89,38.3,36.08,36.4,16315345,psxdata,2026-05-11T12:51:40
FCCL,2024-12-26,36.11,36.3,34.75,35.19,16189868,psxdata,2026-05-11T12:51:40
FCCL,2024-12-27,35.22,36.5,34.77,36.34,11842530,psxdata,2026-05-11T12:51:40
FCCL,2024-12-30,36.63,37.83,36.63,37.52,15473765,psxdata,2026-05-11T12:51:40
FCCL,2024-12-31,37.52,37.79,36.35,36.58,8059089,psxdata,2026-05-11T12:51:40
FCCL,2025-01-01,36.4,38.34,36.04,38.06,22877376,psxdata,2026-05-11T12:51:40
FCCL,2025-01-02,38.16,38.2,36.9,37.07,10793762,psxdata,2026-05-11T12:51:40
FCCL,2025-01-03,37.07,37.07,33.6,34.83,54376196,psxdata,2026-05-11T12:51:40
FCCL,2025-01-06,35.49,35.49,33.4,33.57,18931152,psxdata,2026-05-11T12:51:40
FCCL,2025-01-07,33.8,34.85,33.2,34.39,16236008,psxdata,2026-05-11T12:51:40
FCCL,2025-01-08,34.65,34.9,33.01,33.47,8102971,psxdata,2026-05-11T12:51:40
FCCL,2025-01-09,33.47,33.8,32.93,33.02,5258627,psxdata,2026-05-11T12:51:40
FCCL,2025-01-10,33.05,34.48,32.83,34.14,10044375,psxdata,2026-05-11T12:51:40
FCCL,2025-01-13,34.36,34.9,34.07,34.42,7321157,psxdata,2026-05-11T12:51:40
FCCL,2025-01-14,34.75,35.41,34.32,34.94,10515007,psxdata,2026-05-11T12:51:40
FCCL,2025-01-15,35.45,35.49,34.55,34.66,7102217,psxdata,2026-05-11T12:51:40
FCCL,2025-01-16,34.82,34.82,34.0,34.09,3481558,psxdata,2026-05-11T12:51:40
FCCL,2025-01-17,33.81,35.35,33.81,34.83,8393064,psxdata,2026-05-11T12:51:40
FCCL,2025-01-20,35.0,35.8,35.0,35.36,8642985,psxdata,2026-05-11T12:51:40
FCCL,2025-01-21,35.36,37.4,35.21,36.0,53698225,psxdata,2026-05-11T12:51:40
FCCL,2025-01-22,36.2,39.58,36.01,38.58,83552040,psxdata,2026-05-11T12:51:40
FCCL,2025-01-23,40.0,41.15,39.5,40.65,47170217,psxdata,2026-05-11T12:51:40
FCCL,2025-01-24,41.0,41.65,39.25,40.06,20797108,psxdata,2026-05-11T12:51:40
FCCL,2025-01-27,40.69,40.69,38.82,39.41,14398992,psxdata,2026-05-11T12:51:40
FCCL,2025-01-28,39.74,40.2,38.25,38.77,18743736,psxdata,2026-05-11T12:51:40
FCCL,2025-01-29,38.5,39.3,37.5,37.7,13308955,psxdata,2026-05-11T12:51:40
FCCL,2025-01-30,37.95,38.3,36.0,37.86,8607638,psxdata,2026-05-11T12:51:40
FCCL,2025-01-31,37.98,38.65,37.51,38.1,7199999,psxdata,2026-05-11T12:51:40
FCCL,2025-02-03,38.51,39.2,37.8,38.1,16213883,psxdata,2026-05-11T12:51:40
FCCL,2025-02-04,38.15,39.2,37.41,37.64,12847614,psxdata,2026-05-11T12:51:40
FCCL,2025-02-06,37.9,38.0,36.5,36.64,6409796,psxdata,2026-05-11T12:51:40
FCCL,2025-02-07,36.88,37.05,36.0,36.43,7154487,psxdata,2026-05-11T12:51:40
FCCL,2025-02-10,36.43,37.2,36.01,37.01,6810172,psxdata,2026-05-11T12:51:40
FCCL,2025-02-11,37.12,38.9,37.0,38.7,16404789,psxdata,2026-05-11T12:51:40
FCCL,2025-02-12,38.79,39.15,38.0,38.43,10549752,psxdata,2026-05-11T12:51:40
FCCL,2025-02-13,38.48,38.8,37.7,37.79,3081599,psxdata,2026-05-11T12:51:40
FCCL,2025-02-14,37.99,38.85,36.43,36.65,17068146,psxdata,2026-05-11T12:51:40
FCCL,2025-02-17,36.05,37.6,36.05,37.08,4960195,psxdata,2026-05-11T12:51:40
FCCL,2025-02-18,37.25,38.85,36.9,38.71,9074209,psxdata,2026-05-11T12:51:40
FCCL,2025-02-19,39.0,40.91,38.6,40.55,38112842,psxdata,2026-05-11T12:51:40
FCCL,2025-02-20,41.15,44.41,40.75,43.41,73707472,psxdata,2026-05-11T12:51:40
FCCL,2025-02-21,43.55,43.9,41.75,42.12,18578608,psxdata,2026-05-11T12:51:40
FCCL,2025-02-24,42.34,43.0,41.01,42.47,25755312,psxdata,2026-05-11T12:51:40
FCCL,2025-02-25,42.94,43.75,40.7,41.46,61091991,psxdata,2026-05-11T12:51:40
FCCL,2025-02-26,41.4,42.15,40.9,41.2,14678381,psxdata,2026-05-11T12:51:40
FCCL,2025-02-27,41.44,41.44,40.75,40.84,3388887,psxdata,2026-05-11T12:51:40
FCCL,2025-02-28,40.99,41.0,40.0,40.42,5124646,psxdata,2026-05-11T12:51:40
FCCL,2025-03-03,40.25,40.48,39.35,39.77,4361796,psxdata,2026-05-11T12:51:40
FCCL,2025-03-04,39.7,40.08,39.01,39.99,9732825,psxdata,2026-05-11T12:51:40
FCCL,2025-03-05,40.18,40.85,39.8,39.93,8501133,psxdata,2026-05-11T12:51:40
FCCL,2025-03-06,39.82,42.82,39.82,42.02,28192754,psxdata,2026-05-11T12:51:40
FCCL,2025-03-07,42.5,46.22,42.11,45.99,57215949,psxdata,2026-05-11T12:51:40
FCCL,2025-03-10,45.44,46.24,42.9,43.91,22194869,psxdata,2026-05-11T12:51:40
FCCL,2025-03-11,43.0,43.85,42.45,43.53,12170796,psxdata,2026-05-11T12:51:40
FCCL,2025-03-12,43.8,44.6,43.36,43.87,9505277,psxdata,2026-05-11T12:51:40
FCCL,2025-03-13,44.0,45.6,43.5,45.29,19660929,psxdata,2026-05-11T12:51:40
FCCL,2025-03-14,45.5,46.46,44.65,45.18,18756398,psxdata,2026-05-11T12:51:40
FCCL,2025-03-17,45.2,46.35,44.91,46.07,18478652,psxdata,2026-05-11T12:51:40
FCCL,2025-03-18,46.0,47.8,45.3,46.38,24985777,psxdata,2026-05-11T12:51:40
FCCL,2025-03-19,46.51,48.85,46.38,47.52,29042128,psxdata,2026-05-11T12:51:40
FCCL,2025-03-20,47.6,48.5,46.9,47.17,9735067,psxdata,2026-05-11T12:51:40
FCCL,2025-03-21,47.01,47.55,46.3,46.62,4271629,psxdata,2026-05-11T12:51:40
FCCL,2025-03-24,46.65,47.0,44.9,45.41,8148237,psxdata,2026-05-11T12:51:40
FCCL,2025-03-25,45.0,45.48,44.61,44.94,3806966,psxdata,2026-05-11T12:51:40
FCCL,2025-03-26,45.45,46.45,45.0,46.12,10182878,psxdata,2026-05-11T12:51:40
FCCL,2025-03-27,46.47,47.15,46.09,46.41,14246294,psxdata,2026-05-11T12:51:40
FCCL,2025-04-03,46.39,47.6,46.1,47.32,13679198,psxdata,2026-05-11T12:51:40
FCCL,2025-04-04,47.8,48.94,47.0,47.23,18559323,psxdata,2026-05-11T12:51:40
FCCL,2025-04-07,46.0,46.2,42.52,45.65,16903951,psxdata,2026-05-11T12:51:40
FCCL,2025-04-08,46.4,47.41,46.0,46.94,14674396,psxdata,2026-05-11T12:51:40
FCCL,2025-04-09,46.45,47.49,46.06,46.73,11129492,psxdata,2026-05-11T12:51:40
FCCL,2025-04-10,48.65,49.0,46.8,47.25,19242425,psxdata,2026-05-11T12:51:40
FCCL,2025-04-11,46.89,46.89,46.2,46.6,4969994,psxdata,2026-05-11T12:51:40
FCCL,2025-04-14,46.61,47.29,46.25,46.94,5573315,psxdata,2026-05-11T12:51:40
FCCL,2025-04-15,47.0,47.23,45.6,45.96,4496401,psxdata,2026-05-11T12:51:40
FCCL,2025-04-16,45.96,46.38,44.8,44.98,5223762,psxdata,2026-05-11T12:51:40
FCCL,2025-04-17,45.03,46.8,45.03,46.17,16949781,psxdata,2026-05-11T12:51:40
FCCL,2025-04-18,46.48,46.62,45.94,46.18,7881960,psxdata,2026-05-11T12:51:40
FCCL,2025-04-21,46.57,47.75,45.5,46.52,16149277,psxdata,2026-05-11T12:51:40
FCCL,2025-04-22,46.5,47.1,46.2,46.28,6397163,psxdata,2026-05-11T12:51:40
FCCL,2025-04-23,46.9,47.2,45.51,45.77,3763581,psxdata,2026-05-11T12:51:40
FCCL,2025-04-24,44.0,45.6,43.25,43.93,12426119,psxdata,2026-05-11T12:51:40
FCCL,2025-04-25,43.55,45.0,43.0,44.58,6749144,psxdata,2026-05-11T12:51:40
FCCL,2025-04-28,44.26,45.5,42.24,42.97,4730860,psxdata,2026-05-11T12:51:40
FCCL,2025-04-29,43.31,44.5,42.4,43.73,7326812,psxdata,2026-05-11T12:51:40
FCCL,2025-04-30,43.1,43.48,41.75,42.81,13723423,psxdata,2026-05-11T12:51:40
FCCL,2025-05-02,43.45,44.3,43.2,43.44,11208268,psxdata,2026-05-11T12:51:40
FCCL,2025-05-05,43.5,45.4,42.25,44.65,14618227,psxdata,2026-05-11T12:51:40
FCCL,2025-05-06,45.51,45.51,43.87,44.04,5827716,psxdata,2026-05-11T12:51:40
FCCL,2025-05-07,40.01,43.95,40.01,42.85,16433479,psxdata,2026-05-11T12:51:40
FCCL,2025-05-08,43.29,43.65,38.57,39.86,19664828,psxdata,2026-05-11T12:51:40
FCCL,2025-05-09,39.5,42.8,38.85,41.55,8256394,psxdata,2026-05-11T12:51:40
FCCL,2025-05-12,45.71,45.71,45.0,45.71,6714721,psxdata,2026-05-11T12:51:40
FCCL,2025-05-13,47.5,47.87,44.51,47.53,20681855,psxdata,2026-05-11T12:51:40
FCCL,2025-05-14,47.53,49.85,47.2,47.86,36170971,psxdata,2026-05-11T12:51:40
FCCL,2025-05-15,47.1,49.1,47.1,48.54,15159381,psxdata,2026-05-11T12:51:40
FCCL,2025-05-16,48.85,49.09,47.8,47.94,5932968,psxdata,2026-05-11T12:51:40
FCCL,2025-05-19,48.0,48.33,46.7,47.11,4058330,psxdata,2026-05-11T12:51:40
FCCL,2025-05-20,47.1,47.99,46.5,46.99,8954504,psxdata,2026-05-11T12:51:40
FCCL,2025-05-21,47.0,47.51,46.45,46.96,11788320,psxdata,2026-05-11T12:51:40
FCCL,2025-05-22,47.0,47.4,46.25,46.49,15031496,psxdata,2026-05-11T12:51:40
FCCL,2025-05-23,46.49,46.6,45.52,46.0,3059560,psxdata,2026-05-11T12:51:40
FCCL,2025-05-26,46.0,46.19,45.5,45.63,1862833,psxdata,2026-05-11T12:51:40
FCCL,2025-05-27,45.63,46.45,45.6,45.93,12876337,psxdata,2026-05-11T12:51:40
FCCL,2025-05-29,46.29,47.24,46.0,46.36,16496094,psxdata,2026-05-11T12:51:40
FCCL,2025-05-30,46.6,46.65,46.0,46.11,5679803,psxdata,2026-05-11T12:51:40
FCCL,2025-06-02,46.49,46.5,45.0,45.29,4159799,psxdata,2026-05-11T12:51:40
FCCL,2025-06-03,45.31,46.5,45.04,45.74,4752616,psxdata,2026-05-11T12:51:40
FCCL,2025-06-04,45.98,46.08,45.1,45.37,8043365,psxdata,2026-05-11T12:51:40
FCCL,2025-06-05,45.64,45.85,44.85,44.98,5670833,psxdata,2026-05-11T12:51:40
FCCL,2025-06-10,45.35,45.79,44.98,45.16,3535058,psxdata,2026-05-11T12:51:40
FCCL,2025-06-11,45.99,47.39,45.68,46.87,33471965,psxdata,2026-05-11T12:51:40
FCCL,2025-06-12,47.19,50.0,46.71,47.36,50597576,psxdata,2026-05-11T12:51:40
FCCL,2025-06-13,46.3,46.97,45.5,46.57,16701558,psxdata,2026-05-11T12:51:40
FCCL,2025-06-16,46.48,47.75,45.85,46.42,9229863,psxdata,2026-05-11T12:51:40
FCCL,2025-06-17,46.48,46.62,45.5,45.58,7520246,psxdata,2026-05-11T12:51:40
FCCL,2025-06-18,45.68,45.85,45.0,45.11,7583014,psxdata,2026-05-11T12:51:40
FCCL,2025-06-19,45.39,45.87,44.6,44.81,4332018,psxdata,2026-05-11T12:51:40
FCCL,2025-06-20,44.98,45.29,44.5,44.71,5231042,psxdata,2026-05-11T12:51:40
FCCL,2025-06-23,42.26,44.0,40.24,40.55,16264731,psxdata,2026-05-11T12:51:40
FCCL,2025-06-24,44.0,44.61,42.01,44.61,20582081,psxdata,2026-05-11T12:51:40
FCCL,2025-06-25,45.0,45.9,44.62,45.17,4454110,psxdata,2026-05-11T12:51:40
FCCL,2025-06-26,45.65,45.65,44.45,44.77,4724221,psxdata,2026-05-11T12:51:40
FCCL,2025-06-27,44.9,46.5,44.53,45.27,6158788,psxdata,2026-05-11T12:51:40
FCCL,2025-06-30,45.47,45.55,44.52,44.67,3494330,psxdata,2026-05-11T12:51:40
FCCL,2025-07-01,44.7,45.5,44.38,45.25,13507791,psxdata,2026-05-11T12:51:40
FCCL,2025-07-02,45.3,46.6,44.9,45.95,12239523,psxdata,2026-05-11T12:51:40
FCCL,2025-07-03,45.9,46.19,45.35,45.99,6456426,psxdata,2026-05-11T12:51:40
FCCL,2025-07-04,46.23,46.31,45.5,45.87,2478460,psxdata,2026-05-11T12:51:40
FCCL,2025-07-07,45.87,46.74,45.77,46.35,8943657,psxdata,2026-05-11T12:51:40
FCCL,2025-07-08,46.29,47.0,45.75,46.58,6636372,psxdata,2026-05-11T12:51:40
FCCL,2025-07-09,46.44,46.7,45.95,46.21,3087741,psxdata,2026-05-11T12:51:40
FCCL,2025-07-10,46.36,46.52,46.01,46.17,3672688,psxdata,2026-05-11T12:51:40
FCCL,2025-07-11,46.2,47.99,46.18,46.76,14410246,psxdata,2026-05-11T12:51:40
FCCL,2025-07-14,46.99,47.49,46.45,46.7,5679487,psxdata,2026-05-11T12:51:40
FCCL,2025-07-15,46.7,46.7,45.5,46.02,6740208,psxdata,2026-05-11T12:51:40
FCCL,2025-07-16,45.9,46.52,45.61,46.07,4226363,psxdata,2026-05-11T12:51:40
FCCL,2025-07-17,46.1,46.77,45.87,46.6,4255642,psxdata,2026-05-11T12:51:40
FCCL,2025-07-18,46.8,47.1,45.7,46.05,6634710,psxdata,2026-05-11T12:51:40
FCCL,2025-07-21,46.05,46.38,45.65,45.79,1932273,psxdata,2026-05-11T12:51:40
FCCL,2025-07-22,45.71,46.25,45.6,45.83,5315021,psxdata,2026-05-11T12:51:40
FCCL,2025-07-23,46.0,46.25,45.5,45.77,3206797,psxdata,2026-05-11T12:51:40
FCCL,2025-07-24,45.99,46.3,45.85,45.89,2686048,psxdata,2026-05-11T12:51:40
FCCL,2025-07-25,45.89,46.18,45.75,45.9,2586335,psxdata,2026-05-11T12:51:40
FCCL,2025-07-28,46.19,47.2,46.11,46.64,5191013,psxdata,2026-05-11T12:51:40
FCCL,2025-07-29,46.88,47.1,45.95,46.08,4330659,psxdata,2026-05-11T12:51:40
FCCL,2025-07-30,46.3,46.67,45.25,45.64,4985359,psxdata,2026-05-11T12:51:40
FCCL,2025-07-31,45.8,46.0,45.35,45.52,1968792,psxdata,2026-05-11T12:51:40
FCCL,2025-08-01,45.9,46.09,45.5,45.8,2835001,psxdata,2026-05-11T12:51:40
FCCL,2025-08-04,46.1,47.94,46.1,47.65,14503052,psxdata,2026-05-11T12:51:40
FCCL,2025-08-05,47.75,49.94,47.75,49.51,31711478,psxdata,2026-05-11T12:51:40
FCCL,2025-08-06,50.0,51.22,49.9,50.39,30254109,psxdata,2026-05-11T12:51:40
FCCL,2025-08-07,50.67,50.7,49.3,49.74,6787868,psxdata,2026-05-11T12:51:40
FCCL,2025-08-08,50.0,50.1,48.55,49.35,6376546,psxdata,2026-05-11T12:51:40
FCCL,2025-08-11,49.9,49.9,48.33,49.03,10156152,psxdata,2026-05-11T12:51:40
FCCL,2025-08-12,49.35,50.13,48.85,49.8,11617860,psxdata,2026-05-11T12:51:40
FCCL,2025-08-13,49.99,51.15,49.52,50.21,14954095,psxdata,2026-05-11T12:51:40
FCCL,2025-08-15,50.01,51.0,49.81,50.0,8136418,psxdata,2026-05-11T12:51:40
FCCL,2025-08-18,50.0,50.65,49.7,50.5,10752225,psxdata,2026-05-11T12:51:40
FCCL,2025-08-19,50.6,54.14,49.9,53.48,43732087,psxdata,2026-05-11T12:51:40
FCCL,2025-08-20,53.8,53.8,52.6,52.75,5930274,psxdata,2026-05-11T12:51:40
FCCL,2025-08-21,52.99,53.42,50.75,51.51,9878996,psxdata,2026-05-11T12:51:40
FCCL,2025-08-22,51.51,52.4,51.0,51.24,7194765,psxdata,2026-05-11T12:51:40
FCCL,2025-08-25,51.24,51.38,50.8,51.05,4346428,psxdata,2026-05-11T12:51:40
FCCL,2025-08-26,51.4,52.24,50.9,51.78,7990896,psxdata,2026-05-11T12:51:40
FCCL,2025-08-27,51.8,51.9,50.7,50.82,5334016,psxdata,2026-05-11T12:51:40
FCCL,2025-08-28,50.85,51.49,50.71,51.07,4840398,psxdata,2026-05-11T12:51:40
FCCL,2025-08-29,51.15,56.18,51.15,55.37,59772966,psxdata,2026-05-11T12:51:40
FCCL,2025-09-01,55.1,60.91,54.05,59.46,43141416,psxdata,2026-05-11T12:51:40
FCCL,2025-09-02,58.99,60.7,57.75,58.06,14869670,psxdata,2026-05-11T12:51:40
FCCL,2025-09-03,58.5,59.93,58.08,59.02,13310632,psxdata,2026-05-11T12:51:40
FCCL,2025-09-04,59.05,60.8,58.84,59.3,13747826,psxdata,2026-05-11T12:51:40
FCCL,2025-09-05,59.6,62.49,59.0,60.39,27168373,psxdata,2026-05-11T12:51:40
FCCL,2025-09-08,61.0,61.6,59.0,59.72,13709111,psxdata,2026-05-11T12:51:40
FCCL,2025-09-09,59.49,59.53,58.05,58.43,9039137,psxdata,2026-05-11T12:51:40
FCCL,2025-09-10,58.4,60.3,58.02,58.91,9695462,psxdata,2026-05-11T12:51:40
FCCL,2025-09-11,58.99,59.7,58.0,58.15,6048244,psxdata,2026-05-11T12:51:40
FCCL,2025-09-12,58.35,58.75,56.8,57.01,5904535,psxdata,2026-05-11T12:51:40
FCCL,2025-09-15,57.24,58.7,56.5,58.38,8756217,psxdata,2026-05-11T12:51:40
FCCL,2025-09-16,58.29,58.79,57.8,58.01,5042090,psxdata,2026-05-11T12:51:40
FCCL,2025-09-17,58.05,58.75,57.55,57.97,4762716,psxdata,2026-05-11T12:51:40
FCCL,2025-09-18,58.3,59.7,58.25,59.0,10599725,psxdata,2026-05-11T12:51:40
FCCL,2025-09-19,58.75,61.3,58.62,60.13,19239593,psxdata,2026-05-11T12:51:40
FCCL,2025-09-22,59.2,60.25,56.8,56.88,28422268,psxdata,2026-05-11T12:51:40
FCCL,2025-09-23,57.4,58.58,57.0,57.68,6032417,psxdata,2026-05-11T12:51:40
FCCL,2025-09-24,57.7,59.15,57.5,58.5,10422602,psxdata,2026-05-11T12:51:40
FCCL,2025-09-25,58.82,59.94,58.5,58.62,8540187,psxdata,2026-05-11T12:51:40
FCCL,2025-09-26,59.0,60.8,58.99,60.08,22093576,psxdata,2026-05-11T12:51:40
FCCL,2025-09-29,60.2,60.5,59.43,59.88,10274531,psxdata,2026-05-11T12:51:40
FCCL,2025-09-30,60.05,62.84,60.05,61.05,30026511,psxdata,2026-05-11T12:51:40
FCCL,2025-10-01,61.1,62.0,60.3,60.85,8736512,psxdata,2026-05-11T12:51:40
FCCL,2025-10-02,60.85,61.61,60.19,60.82,8072211,psxdata,2026-05-11T12:51:40
FCCL,2025-10-03,61.25,62.4,60.91,61.02,9260128,psxdata,2026-05-11T12:51:40
FCCL,2025-10-06,61.0,61.0,59.09,60.2,6129452,psxdata,2026-05-11T12:51:40
FCCL,2025-10-07,60.2,60.2,59.2,59.47,3984526,psxdata,2026-05-11T12:51:40
FCCL,2025-10-08,59.25,59.8,56.8,57.32,7791840,psxdata,2026-05-11T12:51:40
FCCL,2025-10-09,58.0,58.35,56.3,56.75,5254522,psxdata,2026-05-11T12:51:40
FCCL,2025-10-10,56.6,58.29,54.85,56.69,10470476,psxdata,2026-05-11T12:51:40
FCCL,2025-10-13,56.5,57.0,52.81,54.87,24914471,psxdata,2026-05-11T12:51:40
FCCL,2025-10-14,55.69,58.5,55.69,58.06,10327201,psxdata,2026-05-11T12:51:40
FCCL,2025-10-15,58.5,59.05,56.75,57.2,4794779,psxdata,2026-05-11T12:51:40
FCCL,2025-10-16,57.29,58.0,56.71,57.19,3007771,psxdata,2026-05-11T12:51:40
FCCL,2025-10-17,57.42,58.48,57.2,57.4,6677189,psxdata,2026-05-11T12:51:40
FCCL,2025-10-20,57.98,58.1,56.64,57.47,3298543,psxdata,2026-05-11T12:51:40
FCCL,2025-10-21,58.11,58.56,57.5,58.0,8293133,psxdata,2026-05-11T12:51:40
FCCL,2025-10-22,58.0,59.4,57.65,57.98,6310077,psxdata,2026-05-11T12:51:40
FCCL,2025-10-23,58.37,58.37,56.6,56.75,1844726,psxdata,2026-05-11T12:51:40
FCCL,2025-10-24,56.98,57.3,55.2,55.6,3477267,psxdata,2026-05-11T12:51:40
FCCL,2025-10-27,55.5,56.4,53.42,53.86,7179734,psxdata,2026-05-11T12:51:40
FCCL,2025-10-28,53.86,54.12,51.9,52.22,8754336,psxdata,2026-05-11T12:51:40
FCCL,2025-10-29,52.7,52.7,49.26,50.08,11692918,psxdata,2026-05-11T12:51:40
FCCL,2025-10-30,50.15,50.8,49.7,50.0,6560888,psxdata,2026-05-11T12:51:40
FCCL,2025-10-31,51.0,53.15,51.0,52.89,8863005,psxdata,2026-05-11T12:51:40
FCCL,2025-11-03,53.99,55.0,52.9,53.8,15058418,psxdata,2026-05-11T12:51:40
FCCL,2025-11-04,53.99,54.5,52.1,52.86,4638230,psxdata,2026-05-11T12:51:40
FCCL,2025-11-05,52.7,53.19,51.52,52.33,4034452,psxdata,2026-05-11T12:51:40
FCCL,2025-11-06,53.0,53.0,50.7,51.58,4368984,psxdata,2026-05-11T12:51:40
FCCL,2025-11-07,51.87,52.28,51.21,51.53,5154109,psxdata,2026-05-11T12:51:40
FCCL,2025-11-10,52.0,53.3,51.61,52.85,5227771,psxdata,2026-05-11T12:51:40
FCCL,2025-11-11,52.51,52.8,51.0,51.04,6848547,psxdata,2026-05-11T12:51:40
FCCL,2025-11-12,51.0,51.4,50.04,50.33,3111694,psxdata,2026-05-11T12:51:40
FCCL,2025-11-13,50.75,55.36,50.75,54.76,27620977,psxdata,2026-05-11T12:51:40
FCCL,2025-11-14,55.0,55.74,53.52,54.0,16431054,psxdata,2026-05-11T12:51:40
FCCL,2025-11-17,54.06,54.25,53.01,53.69,4332569,psxdata,2026-05-11T12:51:40
FCCL,2025-11-18,53.76,54.2,53.0,53.23,5385955,psxdata,2026-05-11T12:51:40
FCCL,2025-11-19,53.31,53.85,52.52,52.86,4793860,psxdata,2026-05-11T12:51:40
FCCL,2025-11-20,52.9,53.5,52.75,53.07,2016697,psxdata,2026-05-11T12:51:40
FCCL,2025-11-21,53.43,53.43,52.0,52.37,2187796,psxdata,2026-05-11T12:51:40
FCCL,2025-11-24,52.02,52.9,51.41,51.55,3804456,psxdata,2026-05-11T12:51:40
FCCL,2025-11-25,51.84,51.94,51.11,51.24,2343163,psxdata,2026-05-11T12:51:40
FCCL,2025-11-26,51.44,52.37,51.1,52.22,5299703,psxdata,2026-05-11T12:51:40
FCCL,2025-11-27,52.22,53.11,52.22,52.75,2921439,psxdata,2026-05-11T12:51:40
FCCL,2025-11-28,52.99,53.5,52.05,53.22,4256837,psxdata,2026-05-11T12:51:40
FCCL,2025-12-01,53.5,54.09,52.81,53.87,7005088,psxdata,2026-05-11T12:51:40
FCCL,2025-12-02,53.99,55.4,53.35,53.76,10344492,psxdata,2026-05-11T12:51:40
FCCL,2025-12-03,53.83,54.09,53.2,53.25,2905027,psxdata,2026-05-11T12:51:40
FCCL,2025-12-04,53.5,54.7,53.25,54.11,4744770,psxdata,2026-05-11T12:51:40
FCCL,2025-12-05,54.6,55.59,54.1,54.63,12161044,psxdata,2026-05-11T12:51:40
FCCL,2025-12-08,54.99,55.45,54.25,55.23,5156323,psxdata,2026-05-11T12:51:40
FCCL,2025-12-09,55.5,57.15,55.5,55.9,16548802,psxdata,2026-05-11T12:51:40
FCCL,2025-12-10,56.2,58.39,56.08,57.7,24009432,psxdata,2026-05-11T12:51:40
FCCL,2025-12-11,57.7,57.9,55.55,56.13,7835278,psxdata,2026-05-11T12:51:40
FCCL,2025-12-12,56.13,57.73,55.6,57.47,15238281,psxdata,2026-05-11T12:51:40
FCCL,2025-12-15,58.0,58.3,57.5,57.87,9491259,psxdata,2026-05-11T12:51:40
FCCL,2025-12-16,58.5,59.45,57.9,58.11,14880270,psxdata,2026-05-11T12:51:40
FCCL,2025-12-17,57.9,58.28,57.05,57.32,6767152,psxdata,2026-05-11T12:51:40
FCCL,2025-12-18,57.55,58.49,57.3,57.69,7667635,psxdata,2026-05-11T12:51:40
FCCL,2025-12-19,57.5,58.38,55.95,56.13,7656817,psxdata,2026-05-11T12:51:40
FCCL,2025-12-22,56.2,56.73,55.51,56.06,5435194,psxdata,2026-05-11T12:51:40
FCCL,2025-12-23,56.14,56.4,55.4,55.6,4671116,psxdata,2026-05-11T12:51:40
FCCL,2025-12-24,56.0,56.44,55.46,55.64,6702184,psxdata,2026-05-11T12:51:40
FCCL,2025-12-26,55.64,56.99,55.52,56.25,9208241,psxdata,2026-05-11T12:51:40
FCCL,2025-12-29,57.05,60.99,56.99,58.88,28199324,psxdata,2026-05-11T12:51:40
FCCL,2025-12-30,58.78,58.9,57.49,57.68,6685251,psxdata,2026-05-11T12:51:40
FCCL,2025-12-31,58.3,58.3,55.0,55.95,15861790,psxdata,2026-05-11T12:51:40
FCCL,2026-01-01,55.95,56.98,55.95,56.63,6188119,psxdata,2026-05-11T12:51:40
FCCL,2026-01-02,56.99,57.49,56.4,56.57,4627048,psxdata,2026-05-11T12:51:40
FCCL,2026-01-05,56.9,58.59,56.5,57.93,9889581,psxdata,2026-05-11T12:51:40
FCCL,2026-01-06,58.09,58.69,57.1,58.02,10097463,psxdata,2026-05-11T12:51:40
FCCL,2026-01-07,58.11,59.35,58.01,58.8,9839857,psxdata,2026-05-11T12:51:40
FCCL,2026-01-08,58.9,59.9,58.51,58.79,15078076,psxdata,2026-05-11T12:51:40
FCCL,2026-01-09,58.79,59.19,57.89,58.03,3313917,psxdata,2026-05-11T12:51:40
FCCL,2026-01-12,57.91,58.8,57.0,57.56,3754403,psxdata,2026-05-11T12:51:40
FCCL,2026-01-13,57.5,57.89,56.51,57.38,6375910,psxdata,2026-05-11T12:51:40
FCCL,2026-01-14,57.8,57.87,56.4,56.56,9561890,psxdata,2026-05-11T12:51:40
FCCL,2026-01-15,56.85,57.4,55.9,56.01,11490017,psxdata,2026-05-11T12:51:40
FCCL,2026-01-16,56.7,57.18,56.45,56.78,7053267,psxdata,2026-05-11T12:51:40
FCCL,2026-01-19,57.1,58.0,56.85,57.91,4905483,psxdata,2026-05-11T12:51:40
FCCL,2026-01-20,58.0,58.65,57.51,58.34,13117966,psxdata,2026-05-11T12:51:40
FCCL,2026-01-21,58.8,59.94,58.5,58.78,20481850,psxdata,2026-05-11T12:51:40
FCCL,2026-01-22,59.19,60.23,58.8,59.08,20160552,psxdata,2026-05-11T12:51:40
FCCL,2026-01-23,59.38,59.6,58.49,59.07,7547782,psxdata,2026-05-11T12:51:40
FCCL,2026-01-26,59.5,61.09,59.5,59.91,22908748,psxdata,2026-05-11T12:51:40
FCCL,2026-01-27,58.95,59.0,57.9,58.07,9132772,psxdata,2026-05-11T12:51:40
FCCL,2026-01-28,58.07,58.9,57.65,58.19,6702796,psxdata,2026-05-11T12:51:40
FCCL,2026-01-29,58.2,58.45,55.75,56.16,11138127,psxdata,2026-05-11T12:51:40
FCCL,2026-01-30,56.5,59.0,56.03,57.05,10527108,psxdata,2026-05-11T12:51:40
FCCL,2026-02-02,57.1,57.84,56.53,56.81,8823477,psxdata,2026-05-11T12:51:40
FCCL,2026-02-03,56.89,57.5,56.51,57.41,4719590,psxdata,2026-05-11T12:51:40
FCCL,2026-02-04,57.91,57.91,57.05,57.28,3050271,psxdata,2026-05-11T12:51:40
FCCL,2026-02-06,57.14,57.6,55.72,56.03,4217864,psxdata,2026-05-11T12:51:40
FCCL,2026-02-09,56.49,56.68,55.35,55.97,4460819,psxdata,2026-05-11T12:51:40
FCCL,2026-02-10,56.0,56.19,55.03,55.49,1196107,psxdata,2026-05-11T12:51:40
FCCL,2026-02-11,55.99,56.49,55.15,56.03,3494111,psxdata,2026-05-11T12:51:40
FCCL,2026-02-12,56.3,56.5,53.27,54.81,5793359,psxdata,2026-05-11T12:51:40
FCCL,2026-02-13,55.0,55.27,54.2,54.7,2429754,psxdata,2026-05-11T12:51:40
FCCL,2026-02-16,55.0,55.2,52.75,53.49,4701463,psxdata,2026-05-11T12:51:40
FCCL,2026-02-17,53.5,54.55,53.0,54.19,4047239,psxdata,2026-05-11T12:51:40
FCCL,2026-02-18,54.25,55.48,54.03,55.15,2826256,psxdata,2026-05-11T12:51:40
FCCL,2026-02-19,55.21,55.21,51.7,52.61,1911243,psxdata,2026-05-11T12:51:40
FCCL,2026-02-20,52.5,53.51,50.63,52.8,4959349,psxdata,2026-05-11T12:51:40
FCCL,2026-02-23,52.8,53.13,49.25,49.93,4251441,psxdata,2026-05-11T12:51:40
FCCL,2026-02-24,49.8,51.7,48.72,50.0,5302579,psxdata,2026-05-11T12:51:40
FCCL,2026-02-25,50.07,50.89,49.47,50.02,8515925,psxdata,2026-05-11T12:51:40
FCCL,2026-02-26,49.65,53.0,49.03,52.07,5175100,psxdata,2026-05-11T12:51:40
FCCL,2026-02-27,51.0,53.0,50.21,51.98,3344007,psxdata,2026-05-11T12:51:40
FCCL,2026-03-02,46.78,47.9,46.78,46.78,7236834,psxdata,2026-05-11T12:51:40
FCCL,2026-03-03,45.15,49.44,42.7,46.8,19394937,psxdata,2026-05-11T12:51:40
FCCL,2026-03-04,47.0,47.4,44.01,45.29,3673860,psxdata,2026-05-11T12:51:40
FCCL,2026-03-05,45.9,47.0,45.68,46.52,3407725,psxdata,2026-05-11T12:51:40
FCCL,2026-03-06,46.52,46.99,43.11,43.84,6479015,psxdata,2026-05-11T12:51:40
FCCL,2026-03-09,40.0,40.0,39.46,39.46,2395700,psxdata,2026-05-11T12:51:40
FCCL,2026-03-10,41.9,43.2,40.8,41.36,10464638,psxdata,2026-05-11T12:51:40
FCCL,2026-03-11,41.99,42.68,40.5,41.27,5109624,psxdata,2026-05-11T12:51:40
FCCL,2026-03-12,41.27,41.27,39.25,39.41,14527732,psxdata,2026-05-11T12:51:40
FCCL,2026-03-13,39.42,39.6,38.01,39.19,4872582,psxdata,2026-05-11T12:51:40
FCCL,2026-03-16,39.21,39.35,37.26,37.59,5492621,psxdata,2026-05-11T12:51:40
FCCL,2026-03-17,36.41,37.99,36.41,36.87,1670840,psxdata,2026-05-11T12:51:40
FCCL,2026-03-18,37.19,40.1,36.9,39.74,5429199,psxdata,2026-05-11T12:51:40
FCCL,2026-03-19,39.5,39.75,38.06,38.98,4777839,psxdata,2026-05-11T12:51:40
FCCL,2026-03-24,40.9,40.9,37.8,38.18,10858410,psxdata,2026-05-11T12:51:40
FCCL,2026-03-25,38.75,42.0,38.13,41.98,26066097,psxdata,2026-05-11T12:51:40
FCCL,2026-03-26,41.1,41.69,40.3,40.55,16085730,psxdata,2026-05-11T12:51:40
FCCL,2026-03-27,40.65,41.2,39.1,40.16,6232619,psxdata,2026-05-11T12:51:40
FCCL,2026-03-30,39.88,39.97,36.26,37.85,8623647,psxdata,2026-05-11T12:51:40
FCCL,2026-03-31,37.65,39.95,37.65,39.23,5399018,psxdata,2026-05-11T12:51:40
FCCL,2026-04-01,40.25,43.15,40.13,43.09,19361118,psxdata,2026-05-11T12:51:40
FCCL,2026-04-02,41.8,42.05,40.6,41.72,14249030,psxdata,2026-05-11T12:51:40
FCCL,2026-04-03,40.5,41.49,39.7,41.09,5986342,psxdata,2026-05-11T12:51:40
FCCL,2026-04-06,41.12,43.3,40.51,42.55,11140525,psxdata,2026-05-11T12:51:40
FCCL,2026-04-07,41.8,42.94,41.51,42.57,6475775,psxdata,2026-05-11T12:51:40
FCCL,2026-04-08,46.83,46.83,46.83,46.83,1885209,psxdata,2026-05-11T12:51:40
FCCL,2026-04-09,49.0,51.37,47.5,50.51,29349307,psxdata,2026-05-11T12:51:40
FCCL,2026-04-10,50.99,53.0,50.99,51.54,13958103,psxdata,2026-05-11T12:51:40
FCCL,2026-04-13,49.0,50.25,47.25,47.82,15664626,psxdata,2026-05-11T12:51:40
FCCL,2026-04-14,49.62,51.98,49.62,51.63,12360527,psxdata,2026-05-11T12:51:40
FCCL,2026-04-15,53.06,54.5,52.0,52.3,16002385,psxdata,2026-05-11T12:51:40
FCCL,2026-04-16,52.99,53.24,51.6,52.05,8355547,psxdata,2026-05-11T12:51:40
FCCL,2026-04-17,52.2,53.29,52.02,53.03,10601000,psxdata,2026-05-11T12:51:40
FCCL,2026-04-20,52.03,52.48,50.25,51.31,7696017,psxdata,2026-05-11T12:51:40
FCCL,2026-04-21,51.51,52.0,51.4,51.74,4017408,psxdata,2026-05-11T12:51:40
FCCL,2026-04-22,51.0,51.69,50.0,50.12,3990740,psxdata,2026-05-11T12:51:40
FCCL,2026-04-23,49.98,49.98,48.45,48.78,4766955,psxdata,2026-05-11T12:51:40
FCCL,2026-04-24,48.5,51.1,47.31,50.31,8685970,psxdata,2026-05-11T12:51:40
FCCL,2026-04-27,49.8,50.25,48.88,49.25,3405781,psxdata,2026-05-11T12:51:40
FCCL,2026-04-28,48.03,49.19,48.03,48.44,3180771,psxdata,2026-05-11T12:51:40
FCCL,2026-04-29,48.94,50.0,47.0,48.75,7247564,psxdata,2026-05-11T12:51:40
FCCL,2026-04-30,47.9,47.9,46.0,47.46,6503956,psxdata,2026-05-11T12:51:40
FCCL,2026-05-04,48.0,49.86,47.5,47.91,4804069,psxdata,2026-05-11T12:51:40
FCCL,2026-05-05,47.6,48.37,46.25,47.74,5400118,psxdata,2026-05-11T12:51:40
FCCL,2026-05-06,49.4,52.51,48.65,52.33,24901087,psxdata,2026-05-11T12:51:40
FCCL,2026-05-07,52.75,53.99,51.37,53.45,21421641,psxdata,2026-05-11T12:51:40
FCCL,2026-05-08,52.0,52.99,51.62,51.85,7722432,psxdata,2026-05-11T12:51:40
