symbol,date,open,high,low,close,volume,source,collected_at
GGL,2016-05-11,20.6,20.82,20.45,20.52,374000,psxdata,2026-05-11T12:54:10
GGL,2016-05-12,20.65,21.45,20.56,21.03,2217500,psxdata,2026-05-11T12:54:10
GGL,2016-05-13,21.0,21.4,20.85,21.12,967000,psxdata,2026-05-11T12:54:10
GGL,2016-05-16,21.2,22.17,21.16,21.86,2922500,psxdata,2026-05-11T12:54:10
GGL,2016-05-17,21.9,22.1,21.45,21.51,671500,psxdata,2026-05-11T12:54:10
GGL,2016-05-18,21.46,21.55,21.25,21.42,392500,psxdata,2026-05-11T12:54:10
GGL,2016-05-19,21.55,21.8,21.3,21.47,825500,psxdata,2026-05-11T12:54:10
GGL,2016-05-20,21.75,22.3,21.45,21.65,3073500,psxdata,2026-05-11T12:54:10
GGL,2016-05-23,21.7,22.05,21.7,21.72,633000,psxdata,2026-05-11T12:54:10
GGL,2016-05-24,21.85,21.89,21.51,21.56,407000,psxdata,2026-05-11T12:54:10
GGL,2016-05-25,21.75,21.98,21.56,21.62,699000,psxdata,2026-05-11T12:54:10
GGL,2016-05-26,21.65,21.9,21.51,21.6,346500,psxdata,2026-05-11T12:54:10
GGL,2016-05-27,21.6,21.85,21.55,21.6,641000,psxdata,2026-05-11T12:54:10
GGL,2016-05-30,21.46,21.6,21.1,21.19,265500,psxdata,2026-05-11T12:54:10
GGL,2016-05-31,21.3,21.35,20.5,20.88,344500,psxdata,2026-05-11T12:54:10
GGL,2016-06-01,21.0,21.13,20.9,21.07,68000,psxdata,2026-05-11T12:54:10
GGL,2016-06-02,21.23,21.35,21.1,21.22,98000,psxdata,2026-05-11T12:54:10
GGL,2016-06-03,21.44,21.6,21.16,21.2,299000,psxdata,2026-05-11T12:54:10
GGL,2016-06-06,21.3,21.49,20.82,20.91,298500,psxdata,2026-05-11T12:54:10
GGL,2016-06-07,20.8,20.9,20.7,20.76,123000,psxdata,2026-05-11T12:54:10
GGL,2016-06-08,20.72,21.05,20.72,20.76,153500,psxdata,2026-05-11T12:54:10
GGL,2016-06-09,20.71,20.72,20.3,20.32,209000,psxdata,2026-05-11T12:54:10
GGL,2016-06-10,20.26,20.5,20.01,20.25,237000,psxdata,2026-05-11T12:54:10
GGL,2016-06-13,20.15,20.5,20.1,20.46,133000,psxdata,2026-05-11T12:54:10
GGL,2016-06-14,20.51,20.57,20.4,20.44,32000,psxdata,2026-05-11T12:54:10
GGL,2016-06-15,20.5,20.64,20.4,20.6,197500,psxdata,2026-05-11T12:54:10
GGL,2016-06-16,20.75,20.75,20.5,20.56,290500,psxdata,2026-05-11T12:54:10
GGL,2016-06-17,20.27,20.56,20.27,20.51,69000,psxdata,2026-05-11T12:54:10
GGL,2016-06-20,20.45,20.5,20.16,20.26,225500,psxdata,2026-05-11T12:54:10
GGL,2016-06-21,20.21,20.34,20.0,20.15,249000,psxdata,2026-05-11T12:54:10
GGL,2016-06-22,20.2,20.35,19.82,19.98,148000,psxdata,2026-05-11T12:54:10
GGL,2016-06-23,20.35,20.35,19.8,19.83,124000,psxdata,2026-05-11T12:54:10
GGL,2016-06-24,19.81,19.81,19.1,19.46,253000,psxdata,2026-05-11T12:54:10
GGL,2016-06-27,19.35,19.5,19.13,19.2,178500,psxdata,2026-05-11T12:54:10
GGL,2016-06-28,19.3,19.34,18.75,18.9,165000,psxdata,2026-05-11T12:54:10
GGL,2016-06-29,19.39,19.49,19.3,19.32,70500,psxdata,2026-05-11T12:54:10
GGL,2016-06-30,19.5,19.7,19.23,19.59,143000,psxdata,2026-05-11T12:54:10
GGL,2016-07-04,19.5,19.7,19.5,19.66,76500,psxdata,2026-05-11T12:54:10
GGL,2016-07-11,19.68,19.83,19.4,19.83,42000,psxdata,2026-05-11T12:54:10
GGL,2016-07-12,19.9,19.9,19.52,19.65,117000,psxdata,2026-05-11T12:54:10
GGL,2016-07-13,19.7,20.5,19.65,20.05,551000,psxdata,2026-05-11T12:54:10
GGL,2016-07-14,20.0,20.05,19.82,19.85,59500,psxdata,2026-05-11T12:54:10
GGL,2016-07-15,20.15,20.15,19.8,19.85,117500,psxdata,2026-05-11T12:54:10
GGL,2016-07-18,20.0,20.4,19.7,20.12,309500,psxdata,2026-05-11T12:54:10
GGL,2016-07-19,20.1,20.64,20.1,20.49,347000,psxdata,2026-05-11T12:54:10
GGL,2016-07-20,20.5,20.6,20.25,20.38,69000,psxdata,2026-05-11T12:54:10
GGL,2016-07-21,20.35,20.99,20.35,20.71,474500,psxdata,2026-05-11T12:54:10
GGL,2016-07-22,20.56,20.78,20.5,20.61,79500,psxdata,2026-05-11T12:54:10
GGL,2016-07-25,20.85,21.1,20.61,20.75,204500,psxdata,2026-05-11T12:54:10
GGL,2016-07-26,20.5,21.29,20.5,21.1,1052500,psxdata,2026-05-11T12:54:10
GGL,2016-07-27,21.29,21.5,20.9,20.96,636000,psxdata,2026-05-11T12:54:10
GGL,2016-07-28,20.86,20.86,20.3,20.38,379000,psxdata,2026-05-11T12:54:10
GGL,2016-07-29,20.38,20.75,20.36,20.55,45000,psxdata,2026-05-11T12:54:10
GGL,2016-08-01,20.5,20.7,20.4,20.49,187000,psxdata,2026-05-11T12:54:10
GGL,2016-08-02,20.5,21.0,20.5,20.69,243500,psxdata,2026-05-11T12:54:10
GGL,2016-08-03,20.98,21.05,20.45,20.53,397000,psxdata,2026-05-11T12:54:10
GGL,2016-08-04,20.75,20.85,20.45,20.52,402500,psxdata,2026-05-11T12:54:10
GGL,2016-08-05,20.5,21.25,20.25,20.81,797500,psxdata,2026-05-11T12:54:10
GGL,2016-08-08,20.98,21.0,20.5,20.71,241500,psxdata,2026-05-11T12:54:10
GGL,2016-08-09,20.52,20.7,20.45,20.49,225000,psxdata,2026-05-11T12:54:10
GGL,2016-08-10,20.52,20.6,20.31,20.45,223500,psxdata,2026-05-11T12:54:10
GGL,2016-08-11,20.55,20.75,20.15,20.19,460500,psxdata,2026-05-11T12:54:10
GGL,2016-08-12,20.25,20.5,20.06,20.23,275000,psxdata,2026-05-11T12:54:10
GGL,2016-08-15,20.24,20.5,20.24,20.36,101000,psxdata,2026-05-11T12:54:10
GGL,2016-08-16,20.31,20.95,20.3,20.6,573500,psxdata,2026-05-11T12:54:10
GGL,2016-08-17,20.7,20.89,20.5,20.57,320000,psxdata,2026-05-11T12:54:10
GGL,2016-08-18,20.65,20.7,20.3,20.35,478000,psxdata,2026-05-11T12:54:10
GGL,2016-08-19,20.32,20.4,20.0,20.17,971000,psxdata,2026-05-11T12:54:10
GGL,2016-08-22,20.06,20.15,19.82,19.97,404000,psxdata,2026-05-11T12:54:10
GGL,2016-08-23,20.0,20.0,19.9,20.0,221000,psxdata,2026-05-11T12:54:10
GGL,2016-08-24,19.99,20.08,19.9,19.99,263500,psxdata,2026-05-11T12:54:10
GGL,2016-08-25,20.1,20.4,20.01,20.18,271500,psxdata,2026-05-11T12:54:10
GGL,2016-08-26,20.12,20.4,20.01,20.2,140000,psxdata,2026-05-11T12:54:10
GGL,2016-08-29,20.35,20.75,20.22,20.44,1257500,psxdata,2026-05-11T12:54:10
GGL,2016-08-30,20.52,20.6,20.21,20.29,477000,psxdata,2026-05-11T12:54:10
GGL,2016-08-31,20.35,21.15,20.3,20.81,1390500,psxdata,2026-05-11T12:54:10
GGL,2016-09-01,20.9,21.05,20.6,20.71,632500,psxdata,2026-05-11T12:54:10
GGL,2016-09-02,20.61,21.33,20.53,20.7,1504500,psxdata,2026-05-11T12:54:10
GGL,2016-09-05,20.81,21.0,20.66,20.83,518500,psxdata,2026-05-11T12:54:10
GGL,2016-09-06,20.6,21.01,20.6,20.7,233500,psxdata,2026-05-11T12:54:10
GGL,2016-09-07,20.75,21.73,20.75,21.64,9324500,psxdata,2026-05-11T12:54:10
GGL,2016-09-08,22.2,22.72,21.55,22.55,9989500,psxdata,2026-05-11T12:54:10
GGL,2016-09-09,22.9,23.6,22.74,23.18,5325000,psxdata,2026-05-11T12:54:10
GGL,2016-09-15,23.2,23.68,22.8,23.26,2252500,psxdata,2026-05-11T12:54:10
GGL,2016-09-16,23.21,24.42,23.21,24.42,3022500,psxdata,2026-05-11T12:54:10
GGL,2016-09-19,25.64,25.64,25.44,25.64,1230500,psxdata,2026-05-11T12:54:10
GGL,2016-09-20,26.92,26.92,24.7,25.2,11048000,psxdata,2026-05-11T12:54:10
GGL,2016-09-21,25.3,25.89,23.94,24.02,3995000,psxdata,2026-05-11T12:54:10
GGL,2016-09-22,24.25,25.0,24.16,24.22,1715000,psxdata,2026-05-11T12:54:10
GGL,2016-09-23,24.4,24.49,23.25,23.62,889000,psxdata,2026-05-11T12:54:10
GGL,2016-09-26,23.95,24.8,23.95,24.8,961000,psxdata,2026-05-11T12:54:10
GGL,2016-09-27,25.25,25.35,24.53,24.78,1942500,psxdata,2026-05-11T12:54:10
GGL,2016-09-28,24.65,25.6,24.3,25.06,2142000,psxdata,2026-05-11T12:54:10
GGL,2016-09-29,25.24,25.62,24.0,24.49,2420500,psxdata,2026-05-11T12:54:10
GGL,2016-09-30,24.5,25.33,24.1,24.66,1147500,psxdata,2026-05-11T12:54:10
GGL,2016-10-03,24.83,25.56,24.8,25.02,1959500,psxdata,2026-05-11T12:54:10
GGL,2016-10-04,25.4,25.4,24.7,24.75,1123000,psxdata,2026-05-11T12:54:10
GGL,2016-10-05,25.02,25.37,24.58,24.85,1543500,psxdata,2026-05-11T12:54:10
GGL,2016-10-06,25.0,25.09,24.2,24.28,1117500,psxdata,2026-05-11T12:54:10
GGL,2016-10-07,24.45,25.0,23.62,24.56,1712000,psxdata,2026-05-11T12:54:10
GGL,2016-10-10,23.65,24.7,23.65,23.78,2067000,psxdata,2026-05-11T12:54:10
GGL,2016-10-13,23.87,24.04,22.7,22.87,1381500,psxdata,2026-05-11T12:54:10
GGL,2016-10-14,22.75,23.3,22.5,23.11,724000,psxdata,2026-05-11T12:54:10
GGL,2016-10-17,23.05,23.6,22.63,22.7,725000,psxdata,2026-05-11T12:54:10
GGL,2016-10-18,22.61,22.7,22.0,22.33,592000,psxdata,2026-05-11T12:54:10
GGL,2016-10-19,22.35,22.7,22.1,22.27,944000,psxdata,2026-05-11T12:54:10
GGL,2016-10-20,22.4,22.75,22.2,22.25,696500,psxdata,2026-05-11T12:54:10
GGL,2016-10-21,22.44,22.5,22.12,22.19,455000,psxdata,2026-05-11T12:54:10
GGL,2016-10-24,22.2,22.2,21.58,21.7,420500,psxdata,2026-05-11T12:54:10
GGL,2016-10-25,21.53,21.6,21.0,21.16,673000,psxdata,2026-05-11T12:54:10
GGL,2016-10-26,21.38,21.5,20.97,21.06,441500,psxdata,2026-05-11T12:54:10
GGL,2016-10-27,21.0,21.35,20.01,20.01,1016500,psxdata,2026-05-11T12:54:10
GGL,2016-10-28,19.72,19.72,19.01,19.45,2131000,psxdata,2026-05-11T12:54:10
GGL,2016-10-31,19.3,19.89,19.3,19.69,778000,psxdata,2026-05-11T12:54:10
GGL,2016-11-01,19.53,20.69,19.31,20.53,1236500,psxdata,2026-05-11T12:54:10
GGL,2016-11-02,20.72,21.35,20.5,21.15,1093500,psxdata,2026-05-11T12:54:10
GGL,2016-11-03,21.21,21.59,20.56,20.69,574000,psxdata,2026-05-11T12:54:10
GGL,2016-11-04,20.76,20.76,20.35,20.41,429500,psxdata,2026-05-11T12:54:10
GGL,2016-11-07,20.4,20.95,20.21,20.66,497500,psxdata,2026-05-11T12:54:10
GGL,2016-11-08,20.73,20.91,20.4,20.45,407500,psxdata,2026-05-11T12:54:10
GGL,2016-11-09,20.26,20.5,20.0,20.42,493000,psxdata,2026-05-11T12:54:10
GGL,2016-11-10,20.35,21.44,20.35,21.36,1518000,psxdata,2026-05-11T12:54:10
GGL,2016-11-11,21.7,22.15,21.36,21.61,1274500,psxdata,2026-05-11T12:54:10
GGL,2016-11-14,21.65,21.78,21.1,21.2,703500,psxdata,2026-05-11T12:54:10
GGL,2016-11-15,21.22,21.26,20.9,20.95,347500,psxdata,2026-05-11T12:54:10
GGL,2016-11-16,20.96,21.05,20.75,20.8,180500,psxdata,2026-05-11T12:54:10
GGL,2016-11-17,20.73,20.89,20.5,20.57,320000,psxdata,2026-05-11T12:54:10
GGL,2016-11-18,20.55,21.22,20.55,21.1,533500,psxdata,2026-05-11T12:54:10
GGL,2016-11-21,21.24,21.85,21.0,21.45,697500,psxdata,2026-05-11T12:54:10
GGL,2016-11-22,21.69,21.7,21.05,21.38,331000,psxdata,2026-05-11T12:54:10
GGL,2016-11-23,21.15,21.5,21.15,21.25,321500,psxdata,2026-05-11T12:54:10
GGL,2016-11-24,21.2,21.74,21.2,21.26,649000,psxdata,2026-05-11T12:54:10
GGL,2016-11-25,21.3,22.19,21.3,21.75,1029000,psxdata,2026-05-11T12:54:10
GGL,2016-11-28,21.89,22.83,21.89,22.83,3488000,psxdata,2026-05-11T12:54:10
GGL,2016-11-29,23.1,23.97,22.25,22.59,6307500,psxdata,2026-05-11T12:54:10
GGL,2016-11-30,22.9,23.22,22.3,22.91,1842000,psxdata,2026-05-11T12:54:10
GGL,2016-12-01,23.27,23.36,22.2,22.41,1122000,psxdata,2026-05-11T12:54:10
GGL,2016-12-02,22.64,23.46,22.26,23.01,1369000,psxdata,2026-05-11T12:54:10
GGL,2016-12-05,23.48,24.15,23.31,24.04,2945500,psxdata,2026-05-11T12:54:10
GGL,2016-12-06,23.99,24.22,23.5,23.66,1438500,psxdata,2026-05-11T12:54:10
GGL,2016-12-07,23.65,23.8,23.16,23.25,671500,psxdata,2026-05-11T12:54:10
GGL,2016-12-08,23.12,23.3,22.6,22.67,482500,psxdata,2026-05-11T12:54:10
GGL,2016-12-09,22.87,23.8,22.63,23.8,2046500,psxdata,2026-05-11T12:54:10
GGL,2016-12-13,24.04,24.99,23.9,24.52,4025500,psxdata,2026-05-11T12:54:10
GGL,2016-12-14,24.3,24.4,23.71,23.81,835500,psxdata,2026-05-11T12:54:10
GGL,2016-12-15,23.75,24.37,22.99,23.02,1787500,psxdata,2026-05-11T12:54:10
GGL,2016-12-16,22.93,23.6,22.69,23.27,3395000,psxdata,2026-05-11T12:54:10
GGL,2016-12-19,23.49,24.4,23.25,24.33,2967000,psxdata,2026-05-11T12:54:10
GGL,2016-12-20,24.4,24.45,23.85,24.12,1148000,psxdata,2026-05-11T12:54:10
GGL,2016-12-21,24.19,24.2,23.15,23.39,1008500,psxdata,2026-05-11T12:54:10
GGL,2016-12-22,23.35,23.53,22.9,23.01,566500,psxdata,2026-05-11T12:54:10
GGL,2016-12-23,23.2,23.5,23.01,23.44,291500,psxdata,2026-05-11T12:54:10
GGL,2016-12-26,23.49,24.2,23.4,23.73,630000,psxdata,2026-05-11T12:54:10
GGL,2016-12-27,23.84,24.22,23.73,24.0,738500,psxdata,2026-05-11T12:54:10
GGL,2016-12-28,24.19,24.5,23.74,23.87,1184000,psxdata,2026-05-11T12:54:10
GGL,2016-12-29,23.95,25.06,23.95,24.99,2970000,psxdata,2026-05-11T12:54:10
GGL,2016-12-30,25.3,26.23,24.8,26.23,4589500,psxdata,2026-05-11T12:54:10
GGL,2017-01-02,27.54,27.54,27.2,27.54,1194000,psxdata,2026-05-11T12:54:10
GGL,2017-01-03,28.91,28.91,27.65,27.94,4705500,psxdata,2026-05-11T12:54:10
GGL,2017-01-04,28.0,28.0,27.0,27.14,1361000,psxdata,2026-05-11T12:54:10
GGL,2017-01-05,27.05,28.49,27.05,28.49,1006000,psxdata,2026-05-11T12:54:10
GGL,2017-01-06,29.25,29.91,29.0,29.23,3302500,psxdata,2026-05-11T12:54:10
GGL,2017-01-09,29.29,29.3,28.3,28.46,997500,psxdata,2026-05-11T12:54:10
GGL,2017-01-10,28.5,28.5,27.46,28.3,871500,psxdata,2026-05-11T12:54:10
GGL,2017-01-11,28.4,29.71,27.72,29.71,2405500,psxdata,2026-05-11T12:54:10
GGL,2017-01-12,30.95,30.95,28.29,28.47,3277500,psxdata,2026-05-11T12:54:10
GGL,2017-01-13,28.3,29.1,27.91,28.05,1271000,psxdata,2026-05-11T12:54:10
GGL,2017-01-16,28.2,28.2,27.72,27.79,458000,psxdata,2026-05-11T12:54:10
GGL,2017-01-17,28.0,28.29,27.25,27.62,1002500,psxdata,2026-05-11T12:54:10
GGL,2017-01-18,27.85,27.95,27.5,27.74,345500,psxdata,2026-05-11T12:54:10
GGL,2017-01-19,27.75,28.3,27.7,28.1,576500,psxdata,2026-05-11T12:54:10
GGL,2017-01-20,28.1,29.5,28.0,29.38,3764500,psxdata,2026-05-11T12:54:10
GGL,2017-01-23,29.38,30.84,29.38,30.84,3314500,psxdata,2026-05-11T12:54:10
GGL,2017-01-24,31.55,31.56,30.31,30.65,1621500,psxdata,2026-05-11T12:54:10
GGL,2017-01-25,30.89,30.98,29.95,30.32,1224500,psxdata,2026-05-11T12:54:10
GGL,2017-01-26,30.5,31.83,30.5,31.83,2708000,psxdata,2026-05-11T12:54:10
GGL,2017-01-27,33.0,33.0,31.3,31.9,1491000,psxdata,2026-05-11T12:54:10
GGL,2017-01-30,32.49,33.49,30.75,32.09,3351000,psxdata,2026-05-11T12:54:10
GGL,2017-01-31,31.5,33.64,31.2,32.66,1577500,psxdata,2026-05-11T12:54:10
GGL,2017-02-01,33.1,34.29,33.1,34.29,2244500,psxdata,2026-05-11T12:54:10
GGL,2017-02-02,34.1,35.6,32.58,32.62,4283500,psxdata,2026-05-11T12:54:10
GGL,2017-02-03,32.85,33.25,31.35,33.01,2124000,psxdata,2026-05-11T12:54:10
GGL,2017-02-06,33.7,33.8,31.9,32.12,1049500,psxdata,2026-05-11T12:54:10
GGL,2017-02-07,32.48,32.59,31.2,31.31,1127000,psxdata,2026-05-11T12:54:10
GGL,2017-02-08,31.5,32.5,31.25,31.81,1465500,psxdata,2026-05-11T12:54:10
GGL,2017-02-09,32.35,33.4,31.99,33.4,2548000,psxdata,2026-05-11T12:54:10
GGL,2017-02-10,33.01,35.07,33.01,35.07,2761000,psxdata,2026-05-11T12:54:10
GGL,2017-02-13,36.82,36.82,36.82,36.82,520000,psxdata,2026-05-11T12:54:10
GGL,2017-02-14,38.66,38.66,38.66,38.66,419000,psxdata,2026-05-11T12:54:10
GGL,2017-02-15,40.59,40.59,38.25,40.59,7331500,psxdata,2026-05-11T12:54:10
GGL,2017-02-16,42.61,42.61,42.25,42.61,1233000,psxdata,2026-05-11T12:54:10
GGL,2017-02-17,44.74,44.74,43.6,44.74,2501500,psxdata,2026-05-11T12:54:10
GGL,2017-02-20,45.19,45.25,42.51,42.51,1072000,psxdata,2026-05-11T12:54:10
GGL,2017-02-21,40.39,40.39,40.39,40.39,9500,psxdata,2026-05-11T12:54:10
GGL,2017-02-22,38.38,39.69,38.38,38.38,5121500,psxdata,2026-05-11T12:54:10
GGL,2017-02-23,37.53,37.85,36.47,36.47,6604000,psxdata,2026-05-11T12:54:10
GGL,2017-02-24,36.47,36.7,34.65,34.65,1661500,psxdata,2026-05-11T12:54:10
GGL,2017-02-27,33.5,33.85,32.92,32.92,3958000,psxdata,2026-05-11T12:54:10
GGL,2017-02-28,32.05,32.5,31.28,31.28,3162500,psxdata,2026-05-11T12:54:10
GGL,2017-03-01,31.0,32.84,31.0,32.84,1546000,psxdata,2026-05-11T12:54:10
GGL,2017-03-02,34.48,34.48,34.48,34.48,238500,psxdata,2026-05-11T12:54:10
GGL,2017-03-03,36.2,36.2,36.2,36.2,527500,psxdata,2026-05-11T12:54:10
GGL,2017-03-06,38.01,38.01,35.37,35.72,4948500,psxdata,2026-05-11T12:54:10
GGL,2017-03-07,35.25,36.3,34.91,35.23,1017500,psxdata,2026-05-11T12:54:10
GGL,2017-03-08,35.49,36.99,35.01,35.81,1602500,psxdata,2026-05-11T12:54:10
GGL,2017-03-09,35.6,36.2,34.02,34.11,670500,psxdata,2026-05-11T12:54:10
GGL,2017-03-10,33.15,33.6,32.41,32.41,2375000,psxdata,2026-05-11T12:54:10
GGL,2017-03-13,32.65,32.88,31.26,31.4,385000,psxdata,2026-05-11T12:54:10
GGL,2017-03-14,31.68,31.79,30.1,30.99,531000,psxdata,2026-05-11T12:54:10
GGL,2017-03-15,31.36,31.75,30.6,30.66,436000,psxdata,2026-05-11T12:54:10
GGL,2017-03-16,30.35,31.49,29.93,31.16,539000,psxdata,2026-05-11T12:54:10
GGL,2017-03-17,31.2,32.71,31.1,32.71,1520500,psxdata,2026-05-11T12:54:10
GGL,2017-03-20,33.29,33.85,33.02,33.33,555000,psxdata,2026-05-11T12:54:10
GGL,2017-03-21,33.1,34.99,33.05,34.99,1122000,psxdata,2026-05-11T12:54:10
GGL,2017-03-22,35.24,36.73,34.48,35.2,2487000,psxdata,2026-05-11T12:54:10
GGL,2017-03-24,34.55,36.3,34.15,35.7,796000,psxdata,2026-05-11T12:54:10
GGL,2017-03-27,35.55,35.55,35.0,35.09,216500,psxdata,2026-05-11T12:54:10
GGL,2017-03-28,35.01,36.8,34.8,35.66,521500,psxdata,2026-05-11T12:54:10
GGL,2017-03-29,35.9,36.19,34.65,34.87,392000,psxdata,2026-05-11T12:54:10
GGL,2017-03-30,34.5,34.7,33.3,33.65,213500,psxdata,2026-05-11T12:54:10
GGL,2017-03-31,33.4,34.94,33.4,34.56,159000,psxdata,2026-05-11T12:54:10
GGL,2017-04-03,35.25,35.25,33.6,33.75,212500,psxdata,2026-05-11T12:54:10
GGL,2017-04-04,33.95,34.0,33.76,33.78,42000,psxdata,2026-05-11T12:54:10
GGL,2017-04-05,34.3,34.35,32.91,33.03,106000,psxdata,2026-05-11T12:54:10
GGL,2017-04-06,32.65,33.48,32.3,32.38,212500,psxdata,2026-05-11T12:54:10
GGL,2017-04-07,32.05,33.65,32.03,33.34,241000,psxdata,2026-05-11T12:54:10
GGL,2017-04-10,33.35,33.36,32.5,32.56,73500,psxdata,2026-05-11T12:54:10
GGL,2017-04-11,32.26,34.18,32.25,34.18,234500,psxdata,2026-05-11T12:54:10
GGL,2017-04-12,34.8,35.4,33.85,35.08,536500,psxdata,2026-05-11T12:54:10
GGL,2017-04-13,34.71,35.39,34.2,34.37,152000,psxdata,2026-05-11T12:54:10
GGL,2017-04-14,33.8,34.28,33.32,33.39,48500,psxdata,2026-05-11T12:54:10
GGL,2017-04-17,33.33,33.5,32.12,32.41,198000,psxdata,2026-05-11T12:54:10
GGL,2017-04-18,32.49,32.5,31.8,31.98,94500,psxdata,2026-05-11T12:54:10
GGL,2017-04-19,31.0,33.4,30.4,32.63,192000,psxdata,2026-05-11T12:54:10
GGL,2017-04-20,32.65,34.26,32.11,33.96,495500,psxdata,2026-05-11T12:54:10
GGL,2017-04-21,34.6,34.89,33.6,34.73,591000,psxdata,2026-05-11T12:54:10
GGL,2017-04-24,34.76,35.4,34.0,34.68,811500,psxdata,2026-05-11T12:54:10
GGL,2017-04-25,34.9,35.2,33.5,33.57,391500,psxdata,2026-05-11T12:54:10
GGL,2017-04-26,33.2,34.0,33.15,33.35,155000,psxdata,2026-05-11T12:54:10
GGL,2017-04-27,33.48,34.2,33.22,33.92,247000,psxdata,2026-05-11T12:54:10
GGL,2017-04-28,33.41,33.9,33.15,33.34,211500,psxdata,2026-05-11T12:54:10
GGL,2017-05-02,33.25,33.25,31.9,31.94,341500,psxdata,2026-05-11T12:54:10
GGL,2017-05-03,31.5,32.15,31.45,31.71,101000,psxdata,2026-05-11T12:54:10
GGL,2017-05-04,31.57,32.15,31.5,31.61,158000,psxdata,2026-05-11T12:54:10
GGL,2017-05-05,31.62,31.9,31.35,31.44,203500,psxdata,2026-05-11T12:54:10
GGL,2017-05-08,31.85,33.01,31.51,33.01,330500,psxdata,2026-05-11T12:54:10
GGL,2017-05-09,33.9,33.9,31.9,32.03,324500,psxdata,2026-05-11T12:54:10
GGL,2017-05-10,32.0,32.5,32.0,32.14,101500,psxdata,2026-05-11T12:54:10
GGL,2017-05-11,32.05,33.74,31.9,33.6,914500,psxdata,2026-05-11T12:54:10
GGL,2017-05-12,33.2,34.35,32.41,32.89,294000,psxdata,2026-05-11T12:54:10
GGL,2017-05-15,33.2,33.5,33.0,33.01,257500,psxdata,2026-05-11T12:54:10
GGL,2017-05-16,33.45,33.46,32.8,32.82,116000,psxdata,2026-05-11T12:54:10
GGL,2017-05-17,32.91,33.0,32.2,32.36,107500,psxdata,2026-05-11T12:54:10
GGL,2017-05-18,32.12,33.74,32.12,33.39,301000,psxdata,2026-05-11T12:54:10
GGL,2017-05-19,33.8,35.05,33.25,34.24,2435500,psxdata,2026-05-11T12:54:10
GGL,2017-05-22,34.5,35.1,33.7,34.73,410500,psxdata,2026-05-11T12:54:10
GGL,2017-05-23,33.95,35.0,33.91,34.29,191000,psxdata,2026-05-11T12:54:10
GGL,2017-05-24,34.3,34.89,33.4,33.62,253000,psxdata,2026-05-11T12:54:10
GGL,2017-05-25,33.95,34.0,32.96,33.05,264000,psxdata,2026-05-11T12:54:10
GGL,2017-05-26,32.7,33.7,32.7,33.1,116500,psxdata,2026-05-11T12:54:10
GGL,2017-05-29,33.1,33.1,32.12,32.3,115000,psxdata,2026-05-11T12:54:10
GGL,2017-05-30,32.59,32.6,31.8,31.99,95000,psxdata,2026-05-11T12:54:10
GGL,2017-05-31,31.85,32.19,31.75,31.83,64500,psxdata,2026-05-11T12:54:10
GGL,2017-06-01,31.67,32.75,30.24,30.75,217000,psxdata,2026-05-11T12:54:10
GGL,2017-06-02,30.27,30.98,30.07,30.58,37500,psxdata,2026-05-11T12:54:10
GGL,2017-06-05,31.25,32.1,30.8,32.05,400000,psxdata,2026-05-11T12:54:10
GGL,2017-06-06,32.49,32.5,31.5,31.66,63000,psxdata,2026-05-11T12:54:10
GGL,2017-06-07,31.66,33.24,31.39,33.2,1166500,psxdata,2026-05-11T12:54:10
GGL,2017-06-08,33.5,34.84,31.92,32.09,588500,psxdata,2026-05-11T12:54:10
GGL,2017-06-09,32.48,32.75,31.76,31.88,178000,psxdata,2026-05-11T12:54:10
GGL,2017-06-12,31.06,31.08,30.29,30.3,216000,psxdata,2026-05-11T12:54:10
GGL,2017-06-13,30.5,31.11,29.5,30.0,164000,psxdata,2026-05-11T12:54:10
GGL,2017-06-14,30.0,31.5,29.77,30.16,215500,psxdata,2026-05-11T12:54:10
GGL,2017-06-15,30.15,31.05,29.5,30.34,146000,psxdata,2026-05-11T12:54:10
GGL,2017-06-16,30.49,30.74,30.4,30.72,11000,psxdata,2026-05-11T12:54:10
GGL,2017-06-19,30.1,30.1,29.19,29.19,221000,psxdata,2026-05-11T12:54:10
GGL,2017-06-20,28.8,29.0,27.74,27.74,586500,psxdata,2026-05-11T12:54:10
GGL,2017-06-21,27.0,27.95,26.36,26.98,270500,psxdata,2026-05-11T12:54:10
GGL,2017-06-22,27.4,27.4,26.7,26.89,86500,psxdata,2026-05-11T12:54:10
GGL,2017-06-29,26.95,26.95,25.55,25.58,147500,psxdata,2026-05-11T12:54:10
GGL,2017-06-30,25.5,26.85,25.2,26.3,49500,psxdata,2026-05-11T12:54:10
GGL,2017-07-03,25.83,25.83,24.99,25.0,200000,psxdata,2026-05-11T12:54:10
GGL,2017-07-04,24.5,25.49,24.5,25.11,75000,psxdata,2026-05-11T12:54:10
GGL,2017-07-05,25.15,26.25,24.7,24.74,128000,psxdata,2026-05-11T12:54:10
GGL,2017-07-06,24.99,25.09,23.6,23.85,92000,psxdata,2026-05-11T12:54:10
GGL,2017-07-07,24.0,24.7,23.2,24.46,96000,psxdata,2026-05-11T12:54:10
GGL,2017-07-10,24.3,25.56,24.3,25.45,175500,psxdata,2026-05-11T12:54:10
GGL,2017-07-11,24.51,24.51,24.18,24.31,193000,psxdata,2026-05-11T12:54:10
GGL,2017-07-12,24.01,24.65,23.71,24.45,55500,psxdata,2026-05-11T12:54:10
GGL,2017-07-13,24.5,25.29,24.0,24.16,50000,psxdata,2026-05-11T12:54:10
GGL,2017-07-14,23.05,24.4,23.05,24.2,13000,psxdata,2026-05-11T12:54:10
GGL,2017-07-17,24.15,25.15,24.15,24.74,27500,psxdata,2026-05-11T12:54:10
GGL,2017-07-18,24.8,25.2,24.21,25.11,239500,psxdata,2026-05-11T12:54:10
GGL,2017-07-19,24.9,25.2,24.21,24.53,124000,psxdata,2026-05-11T12:54:10
GGL,2017-07-20,24.8,25.0,24.23,24.37,138000,psxdata,2026-05-11T12:54:10
GGL,2017-07-21,24.13,24.75,23.93,24.51,35500,psxdata,2026-05-11T12:54:10
GGL,2017-07-24,24.55,24.98,24.5,24.59,35500,psxdata,2026-05-11T12:54:10
GGL,2017-07-25,25.0,25.69,25.0,25.38,158000,psxdata,2026-05-11T12:54:10
GGL,2017-07-26,25.35,25.35,25.1,25.11,33000,psxdata,2026-05-11T12:54:10
GGL,2017-07-27,25.43,25.45,25.0,25.11,56000,psxdata,2026-05-11T12:54:10
GGL,2017-07-28,24.01,25.8,24.0,25.57,64500,psxdata,2026-05-11T12:54:10
GGL,2017-07-31,26.0,26.4,25.72,25.97,87000,psxdata,2026-05-11T12:54:10
GGL,2017-08-01,26.1,26.6,25.55,26.22,69000,psxdata,2026-05-11T12:54:10
GGL,2017-08-02,26.6,27.53,26.06,27.53,316500,psxdata,2026-05-11T12:54:10
GGL,2017-08-03,28.9,28.9,28.9,28.9,86500,psxdata,2026-05-11T12:54:10
GGL,2017-08-04,29.5,30.34,29.25,30.34,1154000,psxdata,2026-05-11T12:54:10
GGL,2017-08-07,30.89,31.85,30.51,30.96,1613500,psxdata,2026-05-11T12:54:10
GGL,2017-08-08,30.16,30.65,29.42,29.42,321500,psxdata,2026-05-11T12:54:10
GGL,2017-08-09,28.15,29.5,27.95,28.99,399500,psxdata,2026-05-11T12:54:10
GGL,2017-08-10,29.6,29.9,28.55,28.93,217000,psxdata,2026-05-11T12:54:10
GGL,2017-08-11,28.56,28.9,27.49,27.54,320500,psxdata,2026-05-11T12:54:10
GGL,2017-08-15,28.0,28.0,26.17,26.17,100000,psxdata,2026-05-11T12:54:10
GGL,2017-08-16,25.4,26.15,25.3,25.61,95500,psxdata,2026-05-11T12:54:10
GGL,2017-08-18,24.25,24.45,23.16,23.26,1040000,psxdata,2026-05-11T12:54:10
GGL,2017-08-21,23.75,23.78,22.1,22.11,330500,psxdata,2026-05-11T12:54:10
GGL,2017-08-22,21.26,22.31,21.25,22.16,179500,psxdata,2026-05-11T12:54:10
GGL,2017-08-23,22.74,23.26,22.74,23.26,278000,psxdata,2026-05-11T12:54:10
GGL,2017-08-24,23.4,23.8,22.22,22.27,138000,psxdata,2026-05-11T12:54:10
GGL,2017-08-25,22.5,23.25,22.0,22.75,185500,psxdata,2026-05-11T12:54:10
GGL,2017-08-28,22.75,23.2,21.99,22.02,184500,psxdata,2026-05-11T12:54:10
GGL,2017-08-29,21.66,22.5,21.66,22.0,180500,psxdata,2026-05-11T12:54:10
GGL,2017-08-30,22.3,22.38,22.0,22.1,64000,psxdata,2026-05-11T12:54:10
GGL,2017-08-31,22.5,22.74,21.9,22.7,23500,psxdata,2026-05-11T12:54:10
GGL,2017-09-05,22.65,22.9,22.31,22.81,102000,psxdata,2026-05-11T12:54:10
GGL,2017-09-06,22.95,23.35,22.5,22.56,112500,psxdata,2026-05-11T12:54:10
GGL,2017-09-07,22.4,22.5,21.95,22.14,83500,psxdata,2026-05-11T12:54:10
GGL,2017-09-08,22.5,22.8,22.3,22.65,66500,psxdata,2026-05-11T12:54:10
GGL,2017-09-11,22.99,22.99,22.2,22.47,41500,psxdata,2026-05-11T12:54:10
GGL,2017-09-12,22.21,22.47,22.05,22.23,22500,psxdata,2026-05-11T12:54:10
GGL,2017-09-13,22.4,23.34,22.16,23.0,607000,psxdata,2026-05-11T12:54:10
GGL,2017-09-14,22.8,22.99,22.66,22.85,53500,psxdata,2026-05-11T12:54:10
GGL,2017-09-15,22.45,23.3,22.37,22.51,429000,psxdata,2026-05-11T12:54:10
GGL,2017-09-18,22.59,22.75,22.0,22.13,79500,psxdata,2026-05-11T12:54:10
GGL,2017-09-19,22.05,22.78,22.0,22.64,106500,psxdata,2026-05-11T12:54:10
GGL,2017-09-20,22.8,22.95,22.69,22.8,39000,psxdata,2026-05-11T12:54:10
GGL,2017-09-21,22.45,22.6,22.2,22.28,79000,psxdata,2026-05-11T12:54:10
GGL,2017-09-22,22.45,22.58,22.15,22.45,35000,psxdata,2026-05-11T12:54:10
GGL,2017-09-25,22.69,22.7,22.11,22.32,31500,psxdata,2026-05-11T12:54:10
GGL,2017-09-26,22.3,22.99,22.2,22.61,137000,psxdata,2026-05-11T12:54:10
GGL,2017-09-27,22.88,22.9,22.5,22.54,112000,psxdata,2026-05-11T12:54:10
GGL,2017-09-28,22.9,23.0,22.7,22.75,69000,psxdata,2026-05-11T12:54:10
GGL,2017-09-29,22.9,23.2,22.5,22.54,66500,psxdata,2026-05-11T12:54:10
GGL,2017-10-02,21.75,22.69,21.75,22.56,47500,psxdata,2026-05-11T12:54:10
GGL,2017-10-03,22.7,22.77,21.44,21.45,396500,psxdata,2026-05-11T12:54:10
GGL,2017-10-04,21.99,21.99,20.38,20.52,164500,psxdata,2026-05-11T12:54:10
GGL,2017-10-05,20.75,20.75,19.5,19.96,207000,psxdata,2026-05-11T12:54:10
GGL,2017-10-06,19.99,20.48,19.99,20.41,109000,psxdata,2026-05-11T12:54:10
GGL,2017-10-09,20.7,20.8,20.05,20.22,70500,psxdata,2026-05-11T12:54:10
GGL,2017-10-10,20.0,20.3,19.48,19.77,57000,psxdata,2026-05-11T12:54:10
GGL,2017-10-11,19.67,20.1,19.61,19.72,89000,psxdata,2026-05-11T12:54:10
GGL,2017-10-12,19.82,19.82,19.0,19.2,164000,psxdata,2026-05-11T12:54:10
GGL,2017-10-13,18.6,18.99,18.2,18.5,93500,psxdata,2026-05-11T12:54:10
GGL,2017-10-16,19.24,19.24,18.26,18.41,1626500,psxdata,2026-05-11T12:54:10
GGL,2017-10-17,18.69,19.09,17.41,17.41,2400000,psxdata,2026-05-11T12:54:10
GGL,2017-10-18,16.91,17.15,16.45,16.57,666500,psxdata,2026-05-11T12:54:10
GGL,2017-10-19,16.75,17.4,16.56,17.1,960500,psxdata,2026-05-11T12:54:10
GGL,2017-10-20,17.4,18.1,17.11,18.08,1282500,psxdata,2026-05-11T12:54:10
GGL,2017-10-23,17.5,17.75,16.3,16.57,607500,psxdata,2026-05-11T12:54:10
GGL,2017-10-24,16.7,16.7,15.95,16.07,579000,psxdata,2026-05-11T12:54:10
GGL,2017-10-25,16.49,16.49,16.1,16.35,310500,psxdata,2026-05-11T12:54:10
GGL,2017-10-26,16.45,17.35,16.4,16.94,1025000,psxdata,2026-05-11T12:54:10
GGL,2017-10-27,17.0,17.1,16.75,16.92,265000,psxdata,2026-05-11T12:54:10
GGL,2017-10-30,17.1,17.15,16.5,16.72,266500,psxdata,2026-05-11T12:54:10
GGL,2017-10-31,16.99,16.99,16.3,16.39,141000,psxdata,2026-05-11T12:54:10
GGL,2017-11-01,16.12,16.99,16.12,16.78,76500,psxdata,2026-05-11T12:54:10
GGL,2017-11-02,16.88,16.9,16.35,16.45,48500,psxdata,2026-05-11T12:54:10
GGL,2017-11-03,16.5,17.19,16.5,17.01,305000,psxdata,2026-05-11T12:54:10
GGL,2017-11-06,17.05,17.15,16.51,16.64,131500,psxdata,2026-05-11T12:54:10
GGL,2017-11-07,16.96,17.0,16.5,16.61,87000,psxdata,2026-05-11T12:54:10
GGL,2017-11-08,16.75,16.95,16.6,16.84,131000,psxdata,2026-05-11T12:54:10
GGL,2017-11-09,16.95,17.25,16.8,17.13,306500,psxdata,2026-05-11T12:54:10
GGL,2017-11-10,17.19,17.5,16.97,17.09,290500,psxdata,2026-05-11T12:54:10
GGL,2017-11-13,17.1,17.4,17.03,17.22,218000,psxdata,2026-05-11T12:54:10
GGL,2017-11-14,17.11,18.0,17.11,17.82,726500,psxdata,2026-05-11T12:54:10
GGL,2017-11-15,17.9,18.5,17.9,18.18,512500,psxdata,2026-05-11T12:54:10
GGL,2017-11-16,18.25,18.94,18.0,18.77,517000,psxdata,2026-05-11T12:54:10
GGL,2017-11-17,18.93,19.39,18.6,18.86,609500,psxdata,2026-05-11T12:54:10
GGL,2017-11-20,18.5,18.9,17.86,17.87,379000,psxdata,2026-05-11T12:54:10
GGL,2017-11-21,17.87,17.99,17.17,17.54,322500,psxdata,2026-05-11T12:54:10
GGL,2017-11-22,17.4,17.65,17.29,17.32,184500,psxdata,2026-05-11T12:54:10
GGL,2017-11-23,17.41,17.76,17.41,17.61,115000,psxdata,2026-05-11T12:54:10
GGL,2017-11-24,17.5,17.75,17.25,17.57,69000,psxdata,2026-05-11T12:54:10
GGL,2017-11-27,17.35,17.6,17.0,17.48,141000,psxdata,2026-05-11T12:54:10
GGL,2017-11-28,17.45,17.45,17.0,17.02,182500,psxdata,2026-05-11T12:54:10
GGL,2017-11-29,17.2,17.38,17.1,17.21,82000,psxdata,2026-05-11T12:54:10
GGL,2017-11-30,17.3,17.6,17.15,17.21,390500,psxdata,2026-05-11T12:54:10
GGL,2017-12-04,17.4,17.5,16.7,17.07,273500,psxdata,2026-05-11T12:54:10
GGL,2017-12-05,16.92,17.37,16.92,17.09,344000,psxdata,2026-05-11T12:54:10
GGL,2017-12-06,17.01,17.85,17.0,17.56,919500,psxdata,2026-05-11T12:54:10
GGL,2017-12-07,17.5,17.5,16.56,16.6,489000,psxdata,2026-05-11T12:54:10
GGL,2017-12-08,16.75,17.0,16.49,16.54,118500,psxdata,2026-05-11T12:54:10
GGL,2017-12-11,16.7,16.7,15.63,15.72,139000,psxdata,2026-05-11T12:54:10
GGL,2017-12-12,15.8,15.8,14.72,15.33,411500,psxdata,2026-05-11T12:54:10
GGL,2017-12-13,15.14,15.6,15.01,15.16,381500,psxdata,2026-05-11T12:54:10
GGL,2017-12-14,15.02,15.02,14.56,14.62,322000,psxdata,2026-05-11T12:54:10
GGL,2017-12-15,14.52,14.89,14.35,14.63,347000,psxdata,2026-05-11T12:54:10
GGL,2017-12-18,14.8,14.8,14.4,14.55,267500,psxdata,2026-05-11T12:54:10
GGL,2017-12-19,14.25,14.35,14.0,14.05,222500,psxdata,2026-05-11T12:54:10
GGL,2017-12-20,14.25,14.6,14.0,14.43,392500,psxdata,2026-05-11T12:54:10
GGL,2017-12-21,14.21,14.79,14.11,14.6,197000,psxdata,2026-05-11T12:54:10
GGL,2017-12-22,14.7,15.6,14.6,15.53,558500,psxdata,2026-05-11T12:54:10
GGL,2017-12-26,15.24,15.8,15.2,15.28,538000,psxdata,2026-05-11T12:54:10
GGL,2017-12-27,15.4,15.54,15.1,15.2,487500,psxdata,2026-05-11T12:54:10
GGL,2017-12-28,15.25,15.9,15.18,15.44,1173000,psxdata,2026-05-11T12:54:10
GGL,2017-12-29,15.3,15.55,15.25,15.3,314000,psxdata,2026-05-11T12:54:10
GGL,2018-01-01,15.31,15.55,15.1,15.47,104000,psxdata,2026-05-11T12:54:10
GGL,2018-01-02,15.16,16.4,15.16,16.0,1011500,psxdata,2026-05-11T12:54:10
GGL,2018-01-03,16.0,16.32,15.7,15.95,387000,psxdata,2026-05-11T12:54:10
GGL,2018-01-04,16.19,16.19,15.75,15.81,324500,psxdata,2026-05-11T12:54:10
GGL,2018-01-05,16.09,16.58,16.0,16.4,563000,psxdata,2026-05-11T12:54:10
GGL,2018-01-08,16.56,17.34,16.56,16.99,989500,psxdata,2026-05-11T12:54:10
GGL,2018-01-09,17.05,17.05,16.5,16.66,358500,psxdata,2026-05-11T12:54:10
GGL,2018-01-10,16.6,17.4,16.6,17.15,781000,psxdata,2026-05-11T12:54:10
GGL,2018-01-11,17.3,18.15,16.76,18.15,1711000,psxdata,2026-05-11T12:54:10
GGL,2018-01-12,18.24,19.15,18.24,18.81,2565000,psxdata,2026-05-11T12:54:10
GGL,2018-01-15,18.35,19.74,18.35,18.61,1177500,psxdata,2026-05-11T12:54:10
GGL,2018-01-16,18.5,19.1,18.0,18.08,376500,psxdata,2026-05-11T12:54:10
GGL,2018-01-17,17.81,18.39,17.6,18.16,319000,psxdata,2026-05-11T12:54:10
GGL,2018-01-18,18.8,19.16,18.6,19.07,1793500,psxdata,2026-05-11T12:54:10
GGL,2018-01-19,19.5,20.07,19.49,20.07,1376000,psxdata,2026-05-11T12:54:10
GGL,2018-01-22,20.95,21.07,20.5,21.05,1524000,psxdata,2026-05-11T12:54:10
GGL,2018-01-23,21.15,21.92,20.75,21.72,1560500,psxdata,2026-05-11T12:54:10
GGL,2018-01-24,22.01,22.8,22.0,22.8,985000,psxdata,2026-05-11T12:54:10
GGL,2018-01-25,23.65,23.65,21.66,21.66,1844500,psxdata,2026-05-11T12:54:10
GGL,2018-01-26,21.1,21.9,20.58,20.58,1926500,psxdata,2026-05-11T12:54:10
GGL,2018-01-29,20.2,20.99,19.85,20.82,852000,psxdata,2026-05-11T12:54:10
GGL,2018-01-30,20.98,21.86,20.98,21.86,2341000,psxdata,2026-05-11T12:54:10
GGL,2018-01-31,22.39,22.95,21.95,22.68,2268000,psxdata,2026-05-11T12:54:10
GGL,2018-02-01,22.31,22.7,22.02,22.1,1159000,psxdata,2026-05-11T12:54:10
GGL,2018-02-02,22.1,22.4,21.9,21.98,626000,psxdata,2026-05-11T12:54:10
GGL,2018-02-06,21.61,22.0,20.89,21.21,736000,psxdata,2026-05-11T12:54:10
GGL,2018-02-07,21.38,22.27,21.3,22.03,2554500,psxdata,2026-05-11T12:54:10
GGL,2018-02-08,21.9,22.21,21.6,21.61,582000,psxdata,2026-05-11T12:54:10
GGL,2018-02-09,21.35,21.5,21.0,21.25,668500,psxdata,2026-05-11T12:54:10
GGL,2018-02-12,21.25,22.15,20.92,21.98,3263500,psxdata,2026-05-11T12:54:10
GGL,2018-02-13,22.29,22.5,20.89,20.89,4315500,psxdata,2026-05-11T12:54:10
GGL,2018-02-14,20.87,20.9,19.85,19.85,1663500,psxdata,2026-05-11T12:54:10
GGL,2018-02-15,19.26,20.0,18.85,18.85,2274500,psxdata,2026-05-11T12:54:10
GGL,2018-02-16,18.99,19.4,18.8,19.26,1320000,psxdata,2026-05-11T12:54:10
GGL,2018-02-19,19.45,19.89,19.1,19.19,1061000,psxdata,2026-05-11T12:54:10
GGL,2018-02-20,19.3,19.35,18.75,18.92,456500,psxdata,2026-05-11T12:54:10
GGL,2018-02-21,19.26,19.45,18.75,18.77,419500,psxdata,2026-05-11T12:54:10
GGL,2018-02-22,18.41,19.1,18.16,18.94,698500,psxdata,2026-05-11T12:54:10
GGL,2018-02-23,19.01,19.01,18.28,18.37,398000,psxdata,2026-05-11T12:54:10
GGL,2018-02-26,18.6,19.25,18.45,18.71,1111000,psxdata,2026-05-11T12:54:10
GGL,2018-02-27,18.99,19.47,18.71,19.12,1506500,psxdata,2026-05-11T12:54:10
GGL,2018-02-28,18.9,19.45,18.55,18.79,1428000,psxdata,2026-05-11T12:54:10
GGL,2018-03-01,18.99,19.45,18.5,19.33,1100500,psxdata,2026-05-11T12:54:10
GGL,2018-03-02,19.6,19.88,19.33,19.5,1303500,psxdata,2026-05-11T12:54:10
GGL,2018-03-05,19.88,20.2,19.65,19.95,1658500,psxdata,2026-05-11T12:54:10
GGL,2018-03-06,20.2,20.36,19.7,19.75,1126000,psxdata,2026-05-11T12:54:10
GGL,2018-03-07,19.8,20.2,19.51,19.56,950500,psxdata,2026-05-11T12:54:10
GGL,2018-03-08,19.79,19.85,19.18,19.32,547500,psxdata,2026-05-11T12:54:10
GGL,2018-03-09,19.2,19.6,19.02,19.1,278000,psxdata,2026-05-11T12:54:10
GGL,2018-03-12,19.25,19.25,18.85,19.17,210500,psxdata,2026-05-11T12:54:10
GGL,2018-03-13,19.25,19.46,18.96,19.06,399000,psxdata,2026-05-11T12:54:10
GGL,2018-03-14,19.15,19.98,18.91,19.7,1244500,psxdata,2026-05-11T12:54:10
GGL,2018-03-15,19.85,19.95,19.45,19.57,582500,psxdata,2026-05-11T12:54:10
GGL,2018-03-16,19.5,19.6,19.01,19.05,446500,psxdata,2026-05-11T12:54:10
GGL,2018-03-19,19.28,19.35,19.01,19.07,352000,psxdata,2026-05-11T12:54:10
GGL,2018-03-20,19.12,19.35,19.0,19.07,595500,psxdata,2026-05-11T12:54:10
GGL,2018-03-21,19.07,19.67,19.07,19.29,1260500,psxdata,2026-05-11T12:54:10
GGL,2018-03-22,19.26,19.5,19.15,19.21,641000,psxdata,2026-05-11T12:54:10
GGL,2018-03-26,19.38,19.38,19.1,19.27,290000,psxdata,2026-05-11T12:54:10
GGL,2018-03-27,19.35,19.8,19.25,19.57,1041500,psxdata,2026-05-11T12:54:10
GGL,2018-03-28,19.55,20.57,19.55,20.55,3100500,psxdata,2026-05-11T12:54:10
GGL,2018-03-29,20.8,21.3,20.7,20.95,3397500,psxdata,2026-05-11T12:54:10
GGL,2018-03-30,20.9,21.0,20.31,20.49,824500,psxdata,2026-05-11T12:54:10
GGL,2018-04-02,20.6,21.39,20.52,20.84,1909500,psxdata,2026-05-11T12:54:10
GGL,2018-04-03,20.98,21.18,20.72,20.77,771000,psxdata,2026-05-11T12:54:10
GGL,2018-04-04,20.98,21.25,20.6,20.74,1636500,psxdata,2026-05-11T12:54:10
GGL,2018-04-05,21.0,21.35,20.65,21.09,1299500,psxdata,2026-05-11T12:54:10
GGL,2018-04-06,21.2,21.34,20.65,20.73,1020500,psxdata,2026-05-11T12:54:10
GGL,2018-04-09,20.76,20.98,20.54,20.76,690000,psxdata,2026-05-11T12:54:10
GGL,2018-04-10,20.65,20.8,20.5,20.53,598500,psxdata,2026-05-11T12:54:10
GGL,2018-04-11,20.6,21.34,20.6,20.8,2634500,psxdata,2026-05-11T12:54:10
GGL,2018-04-12,21.15,21.4,20.9,21.05,1696000,psxdata,2026-05-11T12:54:10
GGL,2018-04-13,21.1,21.1,20.65,20.74,753500,psxdata,2026-05-11T12:54:10
GGL,2018-04-16,20.75,20.89,20.54,20.59,633500,psxdata,2026-05-11T12:54:10
GGL,2018-04-17,20.51,20.8,20.32,20.47,464000,psxdata,2026-05-11T12:54:10
GGL,2018-04-18,20.59,20.7,19.85,19.93,772000,psxdata,2026-05-11T12:54:10
GGL,2018-04-19,19.73,20.05,19.15,19.36,493500,psxdata,2026-05-11T12:54:10
GGL,2018-04-20,19.32,19.5,18.9,18.95,417000,psxdata,2026-05-11T12:54:10
GGL,2018-04-23,18.8,19.45,18.8,19.27,298000,psxdata,2026-05-11T12:54:10
GGL,2018-04-24,19.48,19.8,19.45,19.54,621000,psxdata,2026-05-11T12:54:10
GGL,2018-04-25,19.74,19.75,19.2,19.35,198500,psxdata,2026-05-11T12:54:10
GGL,2018-04-26,19.59,20.2,19.3,19.34,528500,psxdata,2026-05-11T12:54:10
GGL,2018-04-27,19.4,19.5,18.84,18.96,460000,psxdata,2026-05-11T12:54:10
GGL,2018-04-30,19.0,19.05,18.62,18.79,309000,psxdata,2026-05-11T12:54:10
GGL,2018-05-02,18.95,18.95,18.6,18.77,185000,psxdata,2026-05-11T12:54:10
GGL,2018-05-03,18.66,18.7,18.4,18.5,261000,psxdata,2026-05-11T12:54:10
GGL,2018-05-04,18.4,18.5,18.0,18.08,327500,psxdata,2026-05-11T12:54:10
GGL,2018-05-07,18.25,18.4,18.1,18.14,58000,psxdata,2026-05-11T12:54:10
GGL,2018-05-08,18.11,18.11,17.6,17.84,183500,psxdata,2026-05-11T12:54:10
GGL,2018-05-09,17.7,17.7,17.11,17.39,191000,psxdata,2026-05-11T12:54:10
GGL,2018-05-10,17.3,17.72,17.3,17.43,54500,psxdata,2026-05-11T12:54:10
GGL,2018-05-11,17.7,17.78,17.16,17.5,56000,psxdata,2026-05-11T12:54:10
GGL,2018-05-14,17.3,17.47,16.65,16.81,461500,psxdata,2026-05-11T12:54:10
GGL,2018-05-15,17.29,17.51,16.66,17.07,326000,psxdata,2026-05-11T12:54:10
GGL,2018-05-16,17.3,17.3,16.15,16.44,162500,psxdata,2026-05-11T12:54:10
GGL,2018-05-17,16.38,16.55,16.35,16.39,33000,psxdata,2026-05-11T12:54:10
GGL,2018-05-18,16.25,17.0,15.9,16.43,469500,psxdata,2026-05-11T12:54:10
GGL,2018-05-21,16.88,16.99,16.6,16.81,183000,psxdata,2026-05-11T12:54:10
GGL,2018-05-22,17.19,17.35,17.0,17.23,287500,psxdata,2026-05-11T12:54:10
GGL,2018-05-23,17.26,17.35,17.1,17.1,91500,psxdata,2026-05-11T12:54:10
GGL,2018-05-24,17.1,17.1,16.4,16.5,518000,psxdata,2026-05-11T12:54:10
GGL,2018-05-25,16.74,16.75,16.4,16.51,139500,psxdata,2026-05-11T12:54:10
GGL,2018-05-28,16.38,17.19,16.25,16.76,561500,psxdata,2026-05-11T12:54:10
GGL,2018-05-29,17.0,17.05,16.8,17.0,148000,psxdata,2026-05-11T12:54:10
GGL,2018-05-30,16.91,17.33,16.85,17.0,194000,psxdata,2026-05-11T12:54:10
GGL,2018-05-31,17.0,17.29,16.89,16.91,142000,psxdata,2026-05-11T12:54:10
GGL,2018-06-01,16.9,16.92,16.9,16.91,32500,psxdata,2026-05-11T12:54:10
GGL,2018-06-04,16.91,17.04,16.9,16.92,121500,psxdata,2026-05-11T12:54:10
GGL,2018-06-05,17.0,17.92,17.0,17.92,396000,psxdata,2026-05-11T12:54:10
GGL,2018-06-06,18.16,18.74,17.95,18.08,542500,psxdata,2026-05-11T12:54:10
GGL,2018-06-07,17.95,17.98,17.35,17.41,385500,psxdata,2026-05-11T12:54:10
GGL,2018-06-11,17.5,17.85,16.9,17.0,251000,psxdata,2026-05-11T12:54:10
GGL,2018-06-12,17.03,17.03,16.52,16.57,59500,psxdata,2026-05-11T12:54:10
GGL,2018-06-13,16.61,16.85,16.5,16.56,228500,psxdata,2026-05-11T12:54:10
GGL,2018-06-14,16.8,17.0,16.61,16.88,153500,psxdata,2026-05-11T12:54:10
GGL,2018-06-19,16.89,17.16,16.7,16.92,236000,psxdata,2026-05-11T12:54:10
GGL,2018-06-20,16.55,17.0,16.55,16.65,99500,psxdata,2026-05-11T12:54:10
GGL,2018-06-21,16.42,16.5,16.2,16.23,86000,psxdata,2026-05-11T12:54:10
GGL,2018-06-22,16.35,16.35,15.8,15.89,41500,psxdata,2026-05-11T12:54:10
GGL,2018-06-25,15.9,15.9,15.0,15.1,372000,psxdata,2026-05-11T12:54:10
GGL,2018-06-26,15.12,16.1,15.12,15.53,364000,psxdata,2026-05-11T12:54:10
GGL,2018-06-27,15.89,16.0,15.3,15.58,366500,psxdata,2026-05-11T12:54:10
GGL,2018-06-28,15.6,16.4,15.6,16.1,214000,psxdata,2026-05-11T12:54:10
GGL,2018-06-29,16.06,16.35,15.91,16.12,79500,psxdata,2026-05-11T12:54:10
GGL,2018-07-02,16.2,16.3,15.85,15.92,34000,psxdata,2026-05-11T12:54:10
GGL,2018-07-03,15.65,15.86,15.01,15.64,436500,psxdata,2026-05-11T12:54:10
GGL,2018-07-04,15.7,15.7,14.85,14.88,163500,psxdata,2026-05-11T12:54:10
GGL,2018-07-05,15.09,15.23,14.9,14.98,191500,psxdata,2026-05-11T12:54:10
GGL,2018-07-06,14.95,15.15,14.9,15.01,148000,psxdata,2026-05-11T12:54:10
GGL,2018-07-09,15.05,15.05,14.4,14.45,129500,psxdata,2026-05-11T12:54:10
GGL,2018-07-10,14.51,15.0,14.25,14.97,223000,psxdata,2026-05-11T12:54:10
GGL,2018-07-11,14.95,15.15,14.65,14.77,94000,psxdata,2026-05-11T12:54:10
GGL,2018-07-12,14.57,14.83,14.41,14.76,38500,psxdata,2026-05-11T12:54:10
GGL,2018-07-13,14.95,15.04,14.74,14.8,67000,psxdata,2026-05-11T12:54:10
GGL,2018-07-16,14.82,14.85,14.4,14.57,104000,psxdata,2026-05-11T12:54:10
GGL,2018-07-17,14.79,15.09,14.6,15.05,73000,psxdata,2026-05-11T12:54:10
GGL,2018-07-18,15.0,16.05,15.0,15.96,419500,psxdata,2026-05-11T12:54:10
GGL,2018-07-19,16.2,16.65,16.2,16.42,415000,psxdata,2026-05-11T12:54:10
GGL,2018-07-20,16.27,16.3,16.0,16.07,81500,psxdata,2026-05-11T12:54:10
GGL,2018-07-23,15.72,15.72,15.45,15.47,38500,psxdata,2026-05-11T12:54:10
GGL,2018-07-24,15.84,16.2,15.65,16.1,134000,psxdata,2026-05-11T12:54:10
GGL,2018-07-26,16.6,16.8,16.3,16.57,353500,psxdata,2026-05-11T12:54:10
GGL,2018-07-27,16.55,17.57,16.45,17.51,934000,psxdata,2026-05-11T12:54:10
GGL,2018-07-30,18.0,18.45,17.65,18.22,1328500,psxdata,2026-05-11T12:54:10
GGL,2018-07-31,18.3,18.3,17.5,17.57,823500,psxdata,2026-05-11T12:54:10
GGL,2018-08-01,17.5,17.88,17.35,17.77,133500,psxdata,2026-05-11T12:54:10
GGL,2018-08-02,17.95,18.1,17.35,17.44,356000,psxdata,2026-05-11T12:54:10
GGL,2018-08-03,17.42,17.54,17.25,17.3,119500,psxdata,2026-05-11T12:54:10
GGL,2018-08-06,17.2,17.5,17.2,17.37,69000,psxdata,2026-05-11T12:54:10
GGL,2018-08-07,17.49,18.37,17.34,18.3,1067000,psxdata,2026-05-11T12:54:10
GGL,2018-08-08,18.3,18.65,18.17,18.42,154500,psxdata,2026-05-11T12:54:10
GGL,2018-08-09,18.43,18.99,18.25,18.88,592000,psxdata,2026-05-11T12:54:10
GGL,2018-08-10,18.95,19.2,18.7,18.72,177000,psxdata,2026-05-11T12:54:10
GGL,2018-08-13,18.7,18.8,18.48,18.57,100000,psxdata,2026-05-11T12:54:10
GGL,2018-08-15,18.45,18.5,18.2,18.21,60500,psxdata,2026-05-11T12:54:10
GGL,2018-08-16,18.15,18.15,17.5,17.8,139000,psxdata,2026-05-11T12:54:10
GGL,2018-08-17,18.19,18.5,17.9,18.41,118500,psxdata,2026-05-11T12:54:10
GGL,2018-08-20,18.87,18.9,18.4,18.5,44000,psxdata,2026-05-11T12:54:10
GGL,2018-08-24,18.5,18.75,18.0,18.08,122500,psxdata,2026-05-11T12:54:10
GGL,2018-08-27,18.3,18.3,18.0,18.0,280000,psxdata,2026-05-11T12:54:10
GGL,2018-08-28,18.2,18.4,18.05,18.07,102500,psxdata,2026-05-11T12:54:10
GGL,2018-08-29,18.0,18.0,17.5,17.61,260000,psxdata,2026-05-11T12:54:10
GGL,2018-08-30,17.89,18.55,17.39,18.31,418500,psxdata,2026-05-11T12:54:10
GGL,2018-08-31,18.25,18.69,18.0,18.13,387500,psxdata,2026-05-11T12:54:10
GGL,2018-09-03,17.75,18.1,17.13,17.7,626000,psxdata,2026-05-11T12:54:10
GGL,2018-09-04,17.9,18.0,17.4,17.52,63500,psxdata,2026-05-11T12:54:10
GGL,2018-09-05,17.9,17.98,16.9,17.02,268000,psxdata,2026-05-11T12:54:10
GGL,2018-09-06,17.2,17.2,16.02,16.09,309500,psxdata,2026-05-11T12:54:10
GGL,2018-09-07,16.2,16.2,15.75,15.99,139500,psxdata,2026-05-11T12:54:10
GGL,2018-09-10,15.6,16.1,15.55,16.0,48000,psxdata,2026-05-11T12:54:10
GGL,2018-09-11,16.2,16.29,16.0,16.0,163000,psxdata,2026-05-11T12:54:10
GGL,2018-09-12,16.0,16.05,15.86,15.92,16000,psxdata,2026-05-11T12:54:10
GGL,2018-09-13,15.95,16.0,15.4,15.82,74000,psxdata,2026-05-11T12:54:10
GGL,2018-09-14,15.61,15.9,15.0,15.33,216500,psxdata,2026-05-11T12:54:10
GGL,2018-09-17,15.2,15.45,14.85,14.91,164500,psxdata,2026-05-11T12:54:10
GGL,2018-09-18,15.1,15.32,14.75,15.18,44000,psxdata,2026-05-11T12:54:10
GGL,2018-09-19,15.15,15.4,15.0,15.2,54000,psxdata,2026-05-11T12:54:10
GGL,2018-09-24,15.02,15.25,14.9,14.91,30000,psxdata,2026-05-11T12:54:10
GGL,2018-09-25,14.73,14.99,14.71,14.8,16000,psxdata,2026-05-11T12:54:10
GGL,2018-09-26,14.71,14.75,14.51,14.7,15500,psxdata,2026-05-11T12:54:10
GGL,2018-09-27,14.7,14.75,14.06,14.53,34500,psxdata,2026-05-11T12:54:10
GGL,2018-09-28,14.3,14.54,14.25,14.41,19000,psxdata,2026-05-11T12:54:10
GGL,2018-10-01,14.25,14.55,14.25,14.44,26500,psxdata,2026-05-11T12:54:10
GGL,2018-10-02,14.55,14.75,14.0,14.11,70500,psxdata,2026-05-11T12:54:10
GGL,2018-10-03,14.2,14.3,13.9,13.93,37000,psxdata,2026-05-11T12:54:10
GGL,2018-10-04,13.76,14.0,13.16,13.44,117500,psxdata,2026-05-11T12:54:10
GGL,2018-10-05,13.5,13.5,12.8,12.93,65500,psxdata,2026-05-11T12:54:10
GGL,2018-10-08,13.4,13.4,12.02,12.22,140000,psxdata,2026-05-11T12:54:10
GGL,2018-10-09,12.51,13.0,12.03,12.22,258000,psxdata,2026-05-11T12:54:10
GGL,2018-10-10,12.47,12.47,11.8,12.29,222000,psxdata,2026-05-11T12:54:10
GGL,2018-10-11,12.06,12.45,12.01,12.01,123500,psxdata,2026-05-11T12:54:10
GGL,2018-10-12,12.08,12.08,11.4,11.75,108000,psxdata,2026-05-11T12:54:10
GGL,2018-10-15,11.9,11.9,11.49,11.89,228000,psxdata,2026-05-11T12:54:10
GGL,2018-10-16,12.49,12.67,11.96,12.03,164000,psxdata,2026-05-11T12:54:10
GGL,2018-10-17,11.99,12.46,11.95,12.44,224500,psxdata,2026-05-11T12:54:10
GGL,2018-10-18,12.4,12.9,12.3,12.8,237000,psxdata,2026-05-11T12:54:10
GGL,2018-10-19,12.85,13.8,12.76,13.79,315000,psxdata,2026-05-11T12:54:10
GGL,2018-10-22,14.25,14.35,13.65,13.8,233000,psxdata,2026-05-11T12:54:10
GGL,2018-10-23,13.6,13.89,13.02,13.18,153500,psxdata,2026-05-11T12:54:10
GGL,2018-10-24,13.65,14.18,13.61,14.14,858500,psxdata,2026-05-11T12:54:10
GGL,2018-10-25,14.28,14.28,13.67,13.79,193500,psxdata,2026-05-11T12:54:10
GGL,2018-10-26,13.7,13.9,13.5,13.83,124500,psxdata,2026-05-11T12:54:10
GGL,2018-10-29,14.15,14.54,13.87,14.13,532500,psxdata,2026-05-11T12:54:10
GGL,2018-10-30,14.0,14.15,13.7,13.86,145000,psxdata,2026-05-11T12:54:10
GGL,2018-10-31,13.5,13.8,13.4,13.48,273000,psxdata,2026-05-11T12:54:10
GGL,2018-11-01,13.4,14.38,13.1,13.64,890000,psxdata,2026-05-11T12:54:10
GGL,2018-11-02,13.8,14.0,13.5,13.87,292500,psxdata,2026-05-11T12:54:10
GGL,2018-11-05,13.56,13.7,13.2,13.44,64500,psxdata,2026-05-11T12:54:10
GGL,2018-11-06,13.38,13.43,13.0,13.08,150500,psxdata,2026-05-11T12:54:10
GGL,2018-11-07,13.5,13.6,13.22,13.33,123000,psxdata,2026-05-11T12:54:10
GGL,2018-11-08,13.34,13.36,13.15,13.2,19500,psxdata,2026-05-11T12:54:10
GGL,2018-11-09,13.06,13.47,13.01,13.27,76000,psxdata,2026-05-11T12:54:10
GGL,2018-11-12,12.9,13.25,12.9,13.1,44500,psxdata,2026-05-11T12:54:10
GGL,2018-11-13,13.01,13.1,12.93,13.08,318500,psxdata,2026-05-11T12:54:10
GGL,2018-11-14,13.02,13.3,13.02,13.27,243000,psxdata,2026-05-11T12:54:10
GGL,2018-11-15,13.25,14.27,13.25,14.27,338000,psxdata,2026-05-11T12:54:10
GGL,2018-11-16,15.14,15.27,14.8,15.22,3196500,psxdata,2026-05-11T12:54:10
GGL,2018-11-19,15.22,15.45,14.86,15.06,646500,psxdata,2026-05-11T12:54:10
GGL,2018-11-20,15.06,15.06,14.6,14.64,171500,psxdata,2026-05-11T12:54:10
GGL,2018-11-22,14.56,14.7,14.18,14.2,234500,psxdata,2026-05-11T12:54:10
GGL,2018-11-23,13.96,14.22,13.96,14.11,159000,psxdata,2026-05-11T12:54:10
GGL,2018-11-26,14.15,14.35,13.7,13.77,77000,psxdata,2026-05-11T12:54:10
GGL,2018-11-27,13.85,13.95,13.6,13.62,58000,psxdata,2026-05-11T12:54:10
GGL,2018-11-28,13.8,14.12,13.6,13.78,267000,psxdata,2026-05-11T12:54:10
GGL,2018-11-29,13.75,13.85,13.67,13.74,55000,psxdata,2026-05-11T12:54:10
GGL,2018-11-30,13.75,13.75,13.19,13.24,142000,psxdata,2026-05-11T12:54:10
GGL,2018-12-03,13.05,13.05,12.46,12.55,150500,psxdata,2026-05-11T12:54:10
GGL,2018-12-04,12.85,13.39,12.78,13.17,104000,psxdata,2026-05-11T12:54:10
GGL,2018-12-05,13.16,13.25,12.6,13.03,116000,psxdata,2026-05-11T12:54:10
GGL,2018-12-06,12.95,12.95,12.65,12.7,37000,psxdata,2026-05-11T12:54:10
GGL,2018-12-07,13.35,13.35,12.51,12.88,53500,psxdata,2026-05-11T12:54:10
GGL,2018-12-10,12.95,13.18,12.95,13.08,41000,psxdata,2026-05-11T12:54:10
GGL,2018-12-11,13.19,13.2,13.0,13.02,22000,psxdata,2026-05-11T12:54:10
GGL,2018-12-12,12.99,12.99,12.35,12.57,335000,psxdata,2026-05-11T12:54:10
GGL,2018-12-13,12.6,12.62,12.4,12.49,108000,psxdata,2026-05-11T12:54:10
GGL,2018-12-14,12.3,12.7,12.3,12.44,92000,psxdata,2026-05-11T12:54:10
GGL,2018-12-17,12.35,12.6,12.35,12.6,26500,psxdata,2026-05-11T12:54:10
GGL,2018-12-18,12.38,12.55,12.38,12.53,59500,psxdata,2026-05-11T12:54:10
GGL,2018-12-19,12.5,12.5,12.38,12.38,25500,psxdata,2026-05-11T12:54:10
GGL,2018-12-20,12.69,12.95,12.6,12.73,107500,psxdata,2026-05-11T12:54:10
GGL,2018-12-21,12.65,12.7,12.4,12.53,158500,psxdata,2026-05-11T12:54:10
GGL,2018-12-24,12.45,12.45,12.22,12.29,45500,psxdata,2026-05-11T12:54:10
GGL,2018-12-26,12.33,12.4,12.2,12.35,47000,psxdata,2026-05-11T12:54:10
GGL,2018-12-27,12.37,12.37,12.2,12.22,26000,psxdata,2026-05-11T12:54:10
GGL,2018-12-28,12.2,12.2,11.9,11.94,153500,psxdata,2026-05-11T12:54:10
GGL,2018-12-31,11.85,11.89,11.6,11.84,260500,psxdata,2026-05-11T12:54:10
GGL,2019-01-01,11.95,12.38,11.62,12.11,118000,psxdata,2026-05-11T12:54:10
GGL,2019-01-02,12.34,12.34,11.85,11.89,104000,psxdata,2026-05-11T12:54:10
GGL,2019-01-03,11.76,11.8,11.75,11.79,6500,psxdata,2026-05-11T12:54:10
GGL,2019-01-04,11.8,11.99,11.71,11.75,28000,psxdata,2026-05-11T12:54:10
GGL,2019-01-07,11.9,12.37,11.9,12.2,48000,psxdata,2026-05-11T12:54:10
GGL,2019-01-08,12.35,12.8,12.11,12.6,195500,psxdata,2026-05-11T12:54:10
GGL,2019-01-09,12.46,12.65,12.4,12.43,112000,psxdata,2026-05-11T12:54:10
GGL,2019-01-10,12.6,12.88,12.5,12.56,222000,psxdata,2026-05-11T12:54:10
GGL,2019-01-11,12.78,12.8,12.35,12.53,87500,psxdata,2026-05-11T12:54:10
GGL,2019-01-14,12.55,12.88,12.55,12.73,91000,psxdata,2026-05-11T12:54:10
GGL,2019-01-15,12.61,12.8,12.56,12.56,60500,psxdata,2026-05-11T12:54:10
GGL,2019-01-16,12.6,12.6,12.5,12.5,17500,psxdata,2026-05-11T12:54:10
GGL,2019-01-17,12.85,12.85,12.25,12.43,110500,psxdata,2026-05-11T12:54:10
GGL,2019-01-18,12.31,12.55,12.3,12.5,110000,psxdata,2026-05-11T12:54:10
GGL,2019-01-21,12.43,12.93,12.41,12.43,133500,psxdata,2026-05-11T12:54:10
GGL,2019-01-22,12.41,12.68,12.4,12.48,28500,psxdata,2026-05-11T12:54:10
GGL,2019-01-23,12.74,12.85,12.6,12.76,92500,psxdata,2026-05-11T12:54:10
GGL,2019-01-24,12.88,13.24,12.56,13.04,447500,psxdata,2026-05-11T12:54:10
GGL,2019-01-25,13.0,13.1,12.9,12.94,112000,psxdata,2026-05-11T12:54:10
GGL,2019-01-28,12.75,13.42,12.7,13.23,355500,psxdata,2026-05-11T12:54:10
GGL,2019-01-29,13.2,13.75,13.05,13.61,358000,psxdata,2026-05-11T12:54:10
GGL,2019-01-30,13.65,13.7,13.31,13.4,67500,psxdata,2026-05-11T12:54:10
GGL,2019-01-31,13.55,13.6,13.3,13.4,130000,psxdata,2026-05-11T12:54:10
GGL,2019-02-01,13.5,13.65,13.4,13.42,133500,psxdata,2026-05-11T12:54:10
GGL,2019-02-04,13.7,14.1,13.57,13.9,417500,psxdata,2026-05-11T12:54:10
GGL,2019-02-06,13.7,13.99,13.63,13.65,149500,psxdata,2026-05-11T12:54:10
GGL,2019-02-07,13.75,13.75,13.41,13.44,93000,psxdata,2026-05-11T12:54:10
GGL,2019-02-08,13.5,13.7,13.25,13.32,151500,psxdata,2026-05-11T12:54:10
GGL,2019-02-11,13.5,13.5,12.7,12.73,94500,psxdata,2026-05-11T12:54:10
GGL,2019-02-12,12.8,12.94,12.71,12.83,70500,psxdata,2026-05-11T12:54:10
GGL,2019-02-13,12.6,13.25,12.6,12.71,120500,psxdata,2026-05-11T12:54:10
GGL,2019-02-14,12.73,12.78,12.51,12.55,76000,psxdata,2026-05-11T12:54:10
GGL,2019-02-15,12.6,12.7,12.44,12.5,264500,psxdata,2026-05-11T12:54:10
GGL,2019-02-18,12.65,12.85,12.11,12.22,99500,psxdata,2026-05-11T12:54:10
GGL,2019-02-19,12.2,12.44,12.16,12.2,59500,psxdata,2026-05-11T12:54:10
GGL,2019-02-20,12.17,12.2,11.9,12.01,432500,psxdata,2026-05-11T12:54:10
GGL,2019-02-21,11.75,12.3,11.75,12.16,32500,psxdata,2026-05-11T12:54:10
GGL,2019-02-22,12.1,12.15,12.0,12.05,49500,psxdata,2026-05-11T12:54:10
GGL,2019-02-25,12.1,12.1,11.95,12.0,32000,psxdata,2026-05-11T12:54:10
GGL,2019-02-26,11.66,11.93,11.25,11.43,150000,psxdata,2026-05-11T12:54:10
GGL,2019-02-27,11.07,11.83,10.43,10.97,571500,psxdata,2026-05-11T12:54:10
GGL,2019-02-28,11.0,11.46,10.52,11.37,156000,psxdata,2026-05-11T12:54:10
GGL,2019-03-01,11.5,11.7,11.4,11.45,66000,psxdata,2026-05-11T12:54:10
GGL,2019-03-04,11.5,11.7,11.5,11.66,115500,psxdata,2026-05-11T12:54:10
GGL,2019-03-05,11.69,11.96,11.6,11.78,299000,psxdata,2026-05-11T12:54:10
GGL,2019-03-06,11.8,12.15,11.75,11.94,156000,psxdata,2026-05-11T12:54:10
GGL,2019-03-07,11.9,12.43,11.9,12.14,63500,psxdata,2026-05-11T12:54:10
GGL,2019-03-08,11.95,11.95,11.75,11.87,41000,psxdata,2026-05-11T12:54:10
GGL,2019-03-11,12.0,12.05,11.99,12.0,85500,psxdata,2026-05-11T12:54:10
GGL,2019-03-12,11.78,12.15,11.78,12.04,219000,psxdata,2026-05-11T12:54:10
GGL,2019-03-13,12.03,12.25,12.0,12.1,126500,psxdata,2026-05-11T12:54:10
GGL,2019-03-14,12.03,12.19,11.9,12.06,86500,psxdata,2026-05-11T12:54:10
GGL,2019-03-15,11.9,12.0,11.51,11.75,134500,psxdata,2026-05-11T12:54:10
GGL,2019-03-18,11.75,12.1,11.7,12.0,141500,psxdata,2026-05-11T12:54:10
GGL,2019-03-19,12.25,12.25,11.49,11.56,161000,psxdata,2026-05-11T12:54:10
GGL,2019-03-20,11.53,11.73,11.3,11.65,60500,psxdata,2026-05-11T12:54:10
GGL,2019-03-21,11.58,11.79,11.4,11.7,83000,psxdata,2026-05-11T12:54:10
GGL,2019-03-22,11.57,11.57,11.4,11.49,70000,psxdata,2026-05-11T12:54:10
GGL,2019-03-25,11.3,11.3,11.26,11.26,3000,psxdata,2026-05-11T12:54:10
GGL,2019-03-26,11.15,11.55,11.11,11.48,11000,psxdata,2026-05-11T12:54:10
GGL,2019-03-27,11.32,11.89,11.32,11.77,106500,psxdata,2026-05-11T12:54:10
GGL,2019-03-28,11.79,11.8,11.3,11.69,47500,psxdata,2026-05-11T12:54:10
GGL,2019-03-29,11.6,11.6,11.5,11.5,5000,psxdata,2026-05-11T12:54:10
GGL,2019-04-01,11.4,11.5,11.15,11.2,27500,psxdata,2026-05-11T12:54:10
GGL,2019-04-02,11.25,11.25,10.96,11.0,86500,psxdata,2026-05-11T12:54:10
GGL,2019-04-03,11.19,12.0,11.19,11.84,121500,psxdata,2026-05-11T12:54:10
GGL,2019-04-04,11.5,11.8,11.25,11.8,17000,psxdata,2026-05-11T12:54:10
GGL,2019-04-05,11.32,11.64,11.3,11.4,15500,psxdata,2026-05-11T12:54:10
GGL,2019-04-08,10.89,11.7,10.81,10.95,38500,psxdata,2026-05-11T12:54:10
GGL,2019-04-09,10.7,11.23,10.7,11.2,39500,psxdata,2026-05-11T12:54:10
GGL,2019-04-10,10.9,11.65,10.71,11.49,115000,psxdata,2026-05-11T12:54:10
GGL,2019-04-11,11.0,11.2,10.71,11.0,26000,psxdata,2026-05-11T12:54:10
GGL,2019-04-12,11.0,11.49,10.95,11.01,725000,psxdata,2026-05-11T12:54:10
GGL,2019-04-15,10.9,11.19,10.75,11.01,79500,psxdata,2026-05-11T12:54:10
GGL,2019-04-16,11.16,11.44,10.9,11.0,252000,psxdata,2026-05-11T12:54:10
GGL,2019-04-17,10.75,10.76,10.71,10.76,5000,psxdata,2026-05-11T12:54:10
GGL,2019-04-18,10.99,10.99,10.61,10.79,26500,psxdata,2026-05-11T12:54:10
GGL,2019-04-19,10.79,11.2,10.76,10.95,84000,psxdata,2026-05-11T12:54:10
GGL,2019-04-22,11.0,11.0,10.65,10.8,18500,psxdata,2026-05-11T12:54:10
GGL,2019-04-23,10.7,10.7,10.21,10.26,85500,psxdata,2026-05-11T12:54:10
GGL,2019-04-24,10.5,10.5,10.0,10.03,59000,psxdata,2026-05-11T12:54:10
GGL,2019-04-25,10.1,10.94,10.03,10.75,61500,psxdata,2026-05-11T12:54:10
GGL,2019-04-26,10.48,11.15,10.48,11.0,88000,psxdata,2026-05-11T12:54:10
GGL,2019-04-29,11.4,11.4,11.0,11.03,61000,psxdata,2026-05-11T12:54:10
GGL,2019-04-30,10.73,10.95,10.3,10.34,63500,psxdata,2026-05-11T12:54:10
GGL,2019-05-02,10.4,10.4,10.0,10.05,76000,psxdata,2026-05-11T12:54:10
GGL,2019-05-03,10.0,10.0,9.15,9.28,299000,psxdata,2026-05-11T12:54:10
GGL,2019-05-06,9.11,9.27,9.0,9.12,300500,psxdata,2026-05-11T12:54:10
GGL,2019-05-07,9.5,9.5,9.17,9.2,89500,psxdata,2026-05-11T12:54:10
GGL,2019-05-08,9.1,9.1,8.85,8.98,53500,psxdata,2026-05-11T12:54:10
GGL,2019-05-09,8.85,9.15,8.85,8.93,17500,psxdata,2026-05-11T12:54:10
GGL,2019-05-10,8.84,9.0,8.84,9.0,32000,psxdata,2026-05-11T12:54:10
GGL,2019-05-13,8.84,8.84,8.0,8.08,230500,psxdata,2026-05-11T12:54:10
GGL,2019-05-14,8.1,8.12,7.85,8.02,102500,psxdata,2026-05-11T12:54:10
GGL,2019-05-15,8.4,8.48,8.1,8.45,27500,psxdata,2026-05-11T12:54:10
GGL,2019-05-16,8.04,8.1,7.54,7.81,151500,psxdata,2026-05-11T12:54:10
GGL,2019-05-17,7.36,7.55,7.01,7.16,147500,psxdata,2026-05-11T12:54:10
GGL,2019-05-20,7.28,7.5,7.1,7.27,330500,psxdata,2026-05-11T12:54:10
GGL,2019-05-21,7.39,7.69,7.11,7.5,56500,psxdata,2026-05-11T12:54:10
GGL,2019-05-22,7.79,8.47,7.79,8.38,351500,psxdata,2026-05-11T12:54:10
GGL,2019-05-23,8.69,8.8,8.4,8.59,253500,psxdata,2026-05-11T12:54:10
GGL,2019-05-24,8.4,8.64,8.2,8.38,62500,psxdata,2026-05-11T12:54:10
GGL,2019-05-27,8.64,8.64,8.4,8.45,43500,psxdata,2026-05-11T12:54:10
GGL,2019-05-28,8.4,8.4,8.0,8.0,107500,psxdata,2026-05-11T12:54:10
GGL,2019-05-29,8.3,8.39,8.17,8.33,122000,psxdata,2026-05-11T12:54:10
GGL,2019-05-30,8.02,8.45,8.0,8.11,86000,psxdata,2026-05-11T12:54:10
GGL,2019-06-03,8.11,8.2,8.05,8.17,56500,psxdata,2026-05-11T12:54:10
GGL,2019-06-10,7.95,8.15,7.9,7.93,26000,psxdata,2026-05-11T12:54:10
GGL,2019-06-11,8.0,8.4,7.9,8.4,56000,psxdata,2026-05-11T12:54:10
GGL,2019-06-12,8.45,8.76,8.2,8.27,121000,psxdata,2026-05-11T12:54:10
GGL,2019-06-13,8.45,9.27,8.28,8.93,993500,psxdata,2026-05-11T12:54:10
GGL,2019-06-14,8.99,8.99,8.6,8.64,252000,psxdata,2026-05-11T12:54:10
GGL,2019-06-17,8.72,8.72,8.31,8.34,68000,psxdata,2026-05-11T12:54:10
GGL,2019-06-18,8.5,8.68,8.25,8.46,79500,psxdata,2026-05-11T12:54:10
GGL,2019-06-19,8.28,8.48,8.25,8.4,16000,psxdata,2026-05-11T12:54:10
GGL,2019-06-20,8.49,8.6,8.4,8.51,54000,psxdata,2026-05-11T12:54:10
GGL,2019-06-21,8.75,8.75,8.5,8.5,6500,psxdata,2026-05-11T12:54:10
GGL,2019-06-24,8.16,8.2,8.05,8.08,76000,psxdata,2026-05-11T12:54:10
GGL,2019-06-25,8.2,8.2,7.8,8.1,41000,psxdata,2026-05-11T12:54:10
GGL,2019-06-26,7.86,7.86,7.1,7.15,604500,psxdata,2026-05-11T12:54:10
GGL,2019-06-27,7.44,7.48,7.25,7.35,70500,psxdata,2026-05-11T12:54:10
GGL,2019-06-28,7.6,7.88,7.49,7.64,43000,psxdata,2026-05-11T12:54:10
GGL,2019-07-01,7.51,7.8,7.5,7.71,59000,psxdata,2026-05-11T12:54:10
GGL,2019-07-02,7.88,8.2,7.88,8.08,135000,psxdata,2026-05-11T12:54:10
GGL,2019-07-03,8.4,8.49,8.06,8.25,92500,psxdata,2026-05-11T12:54:10
GGL,2019-07-04,8.26,8.26,7.85,7.98,28500,psxdata,2026-05-11T12:54:10
GGL,2019-07-05,7.81,7.81,7.56,7.73,40000,psxdata,2026-05-11T12:54:10
GGL,2019-07-08,7.7,7.7,7.4,7.41,70500,psxdata,2026-05-11T12:54:10
GGL,2019-07-09,7.5,7.7,7.5,7.6,20500,psxdata,2026-05-11T12:54:10
GGL,2019-07-10,7.93,7.93,7.52,7.6,5500,psxdata,2026-05-11T12:54:10
GGL,2019-07-11,7.5,7.6,7.5,7.52,13000,psxdata,2026-05-11T12:54:10
GGL,2019-07-12,7.41,7.69,7.41,7.51,25500,psxdata,2026-05-11T12:54:10
GGL,2019-07-15,7.5,7.5,7.15,7.16,19000,psxdata,2026-05-11T12:54:10
GGL,2019-07-16,7.16,7.54,7.16,7.52,6000,psxdata,2026-05-11T12:54:10
GGL,2019-07-17,7.67,7.74,7.6,7.68,44000,psxdata,2026-05-11T12:54:10
GGL,2019-07-18,7.55,7.55,7.2,7.21,51000,psxdata,2026-05-11T12:54:10
GGL,2019-07-19,7.11,7.18,7.1,7.17,17000,psxdata,2026-05-11T12:54:10
GGL,2019-07-22,7.06,7.27,7.01,7.27,34500,psxdata,2026-05-11T12:54:10
GGL,2019-07-23,7.29,7.39,7.21,7.35,24000,psxdata,2026-05-11T12:54:10
GGL,2019-07-24,7.25,7.3,7.25,7.3,12000,psxdata,2026-05-11T12:54:10
GGL,2019-07-26,7.1,7.2,7.1,7.1,15000,psxdata,2026-05-11T12:54:10
GGL,2019-07-29,7.0,7.19,7.0,7.0,11000,psxdata,2026-05-11T12:54:10
GGL,2019-07-30,7.0,7.05,7.0,7.05,6000,psxdata,2026-05-11T12:54:10
GGL,2019-07-31,7.05,7.16,7.0,7.12,26500,psxdata,2026-05-11T12:54:10
GGL,2019-08-01,7.11,7.27,7.1,7.15,13500,psxdata,2026-05-11T12:54:10
GGL,2019-08-02,7.05,7.2,7.05,7.2,21000,psxdata,2026-05-11T12:54:10
GGL,2019-08-05,6.85,7.1,6.85,7.1,20000,psxdata,2026-05-11T12:54:10
GGL,2019-08-06,7.13,7.2,7.12,7.2,11000,psxdata,2026-05-11T12:54:10
GGL,2019-08-07,7.2,7.2,7.0,7.0,31500,psxdata,2026-05-11T12:54:10
GGL,2019-08-08,6.75,7.19,6.7,7.0,24500,psxdata,2026-05-11T12:54:10
GGL,2019-08-09,7.1,7.1,6.87,6.87,126000,psxdata,2026-05-11T12:54:10
GGL,2019-08-16,6.71,6.85,6.7,6.74,9000,psxdata,2026-05-11T12:54:10
GGL,2019-08-19,6.95,6.95,6.95,6.95,500,psxdata,2026-05-11T12:54:10
GGL,2019-08-20,6.95,7.25,6.95,7.17,117000,psxdata,2026-05-11T12:54:10
GGL,2019-08-21,7.1,7.41,7.1,7.4,52000,psxdata,2026-05-11T12:54:10
GGL,2019-08-22,7.45,8.4,7.44,8.4,730000,psxdata,2026-05-11T12:54:10
GGL,2019-08-23,8.9,8.9,7.91,8.01,197000,psxdata,2026-05-11T12:54:10
GGL,2019-08-26,7.82,8.1,7.5,7.89,114500,psxdata,2026-05-11T12:54:10
GGL,2019-08-27,7.55,8.59,7.55,8.15,174500,psxdata,2026-05-11T12:54:10
GGL,2019-08-28,8.2,9.15,8.01,9.05,745500,psxdata,2026-05-11T12:54:10
GGL,2019-08-29,9.2,9.2,8.05,8.05,1163500,psxdata,2026-05-11T12:54:10
GGL,2019-08-30,7.8,7.8,7.2,7.31,120000,psxdata,2026-05-11T12:54:10
GGL,2019-09-02,7.7,7.7,7.45,7.49,7500,psxdata,2026-05-11T12:54:10
GGL,2019-09-03,7.34,7.35,7.23,7.26,37500,psxdata,2026-05-11T12:54:10
GGL,2019-09-04,7.26,7.5,7.25,7.49,16500,psxdata,2026-05-11T12:54:10
GGL,2019-09-05,7.51,7.65,7.1,7.2,98500,psxdata,2026-05-11T12:54:10
GGL,2019-09-06,7.17,7.17,7.1,7.11,20000,psxdata,2026-05-11T12:54:10
GGL,2019-09-11,7.0,7.39,7.0,7.32,19500,psxdata,2026-05-11T12:54:10
GGL,2019-09-12,7.4,7.5,7.0,7.5,69000,psxdata,2026-05-11T12:54:10
GGL,2019-09-13,7.4,7.49,7.26,7.37,9500,psxdata,2026-05-11T12:54:10
GGL,2019-09-16,7.4,7.42,7.2,7.33,16000,psxdata,2026-05-11T12:54:10
GGL,2019-09-17,7.45,8.0,7.41,7.88,429500,psxdata,2026-05-11T12:54:10
GGL,2019-09-18,7.78,7.78,7.41,7.49,43000,psxdata,2026-05-11T12:54:10
GGL,2019-09-19,7.69,8.0,7.37,7.99,123500,psxdata,2026-05-11T12:54:10
GGL,2019-09-20,7.85,7.99,7.75,7.75,16500,psxdata,2026-05-11T12:54:10
GGL,2019-09-23,7.61,7.64,7.59,7.6,34500,psxdata,2026-05-11T12:54:10
GGL,2019-09-24,7.6,7.7,7.51,7.51,17500,psxdata,2026-05-11T12:54:10
GGL,2019-09-25,7.7,7.7,7.46,7.5,15000,psxdata,2026-05-11T12:54:10
GGL,2019-09-26,7.32,7.32,7.32,7.32,1000,psxdata,2026-05-11T12:54:10
GGL,2019-09-27,7.6,7.6,7.01,7.33,42000,psxdata,2026-05-11T12:54:10
GGL,2019-09-30,7.5,7.6,7.21,7.22,34500,psxdata,2026-05-11T12:54:10
GGL,2019-10-01,7.24,7.5,7.22,7.5,61500,psxdata,2026-05-11T12:54:10
GGL,2019-10-02,7.77,8.0,7.75,7.77,56000,psxdata,2026-05-11T12:54:10
GGL,2019-10-03,7.75,8.2,7.75,8.06,195500,psxdata,2026-05-11T12:54:10
GGL,2019-10-04,8.07,8.11,7.75,7.76,227500,psxdata,2026-05-11T12:54:10
GGL,2019-10-07,7.75,8.44,7.75,8.04,715500,psxdata,2026-05-11T12:54:10
GGL,2019-10-08,8.05,8.05,7.7,7.73,175000,psxdata,2026-05-11T12:54:10
GGL,2019-10-09,7.7,8.64,7.7,8.36,378500,psxdata,2026-05-11T12:54:10
GGL,2019-10-10,8.44,8.5,8.22,8.31,89000,psxdata,2026-05-11T12:54:10
GGL,2019-10-11,8.4,8.5,8.26,8.29,114500,psxdata,2026-05-11T12:54:10
GGL,2019-10-14,8.04,8.2,8.04,8.05,10000,psxdata,2026-05-11T12:54:10
GGL,2019-10-16,8.17,8.43,7.95,8.1,252000,psxdata,2026-05-11T12:54:10
GGL,2019-10-17,8.23,8.99,8.23,8.4,633000,psxdata,2026-05-11T12:54:10
GGL,2019-10-18,8.3,8.88,8.11,8.16,375500,psxdata,2026-05-11T12:54:10
GGL,2019-10-21,8.13,8.13,7.8,7.85,60000,psxdata,2026-05-11T12:54:10
GGL,2019-10-22,7.75,8.0,7.75,8.0,5500,psxdata,2026-05-11T12:54:10
GGL,2019-10-23,8.2,8.2,8.02,8.08,36500,psxdata,2026-05-11T12:54:10
GGL,2019-10-24,8.1,8.1,8.0,8.01,34500,psxdata,2026-05-11T12:54:10
GGL,2019-10-25,8.0,8.0,7.91,7.92,17000,psxdata,2026-05-11T12:54:10
GGL,2019-10-28,8.39,8.75,8.39,8.51,545500,psxdata,2026-05-11T12:54:10
GGL,2019-10-29,8.35,9.4,8.26,8.77,2358500,psxdata,2026-05-11T12:54:10
GGL,2019-10-30,8.7,9.0,8.55,8.61,306500,psxdata,2026-05-11T12:54:10
GGL,2019-10-31,8.65,8.79,8.41,8.46,93500,psxdata,2026-05-11T12:54:10
GGL,2019-11-01,8.65,9.4,8.65,9.07,1763500,psxdata,2026-05-11T12:54:10
GGL,2019-11-04,9.25,9.52,9.1,9.31,1299000,psxdata,2026-05-11T12:54:10
GGL,2019-11-05,9.4,9.46,9.01,9.09,1113000,psxdata,2026-05-11T12:54:10
GGL,2019-11-06,9.25,9.8,9.24,9.61,3035000,psxdata,2026-05-11T12:54:10
GGL,2019-11-07,9.6,10.2,9.52,10.0,2640000,psxdata,2026-05-11T12:54:10
GGL,2019-11-08,10.0,10.65,10.0,10.15,2546000,psxdata,2026-05-11T12:54:10
GGL,2019-11-11,10.01,10.44,9.8,9.9,1032500,psxdata,2026-05-11T12:54:10
GGL,2019-11-12,10.1,10.14,9.72,9.81,710500,psxdata,2026-05-11T12:54:10
GGL,2019-11-13,9.7,10.15,9.7,9.93,647500,psxdata,2026-05-11T12:54:10
GGL,2019-11-14,10.05,10.6,9.9,10.38,1316000,psxdata,2026-05-11T12:54:10
GGL,2019-11-15,10.6,11.07,10.51,10.96,3116500,psxdata,2026-05-11T12:54:10
GGL,2019-11-18,11.24,11.45,10.92,11.06,1665500,psxdata,2026-05-11T12:54:10
GGL,2019-11-19,11.26,11.35,10.85,11.01,1465500,psxdata,2026-05-11T12:54:10
GGL,2019-11-20,11.11,11.2,10.66,10.82,715000,psxdata,2026-05-11T12:54:10
GGL,2019-11-21,10.6,10.8,10.26,10.36,656500,psxdata,2026-05-11T12:54:10
GGL,2019-11-22,10.2,11.36,10.2,11.36,1849000,psxdata,2026-05-11T12:54:10
GGL,2019-11-25,11.5,12.1,11.36,11.98,1424000,psxdata,2026-05-11T12:54:10
GGL,2019-11-26,12.27,12.4,11.0,11.75,1249000,psxdata,2026-05-11T12:54:10
GGL,2019-11-27,11.95,11.95,11.4,11.58,164000,psxdata,2026-05-11T12:54:10
GGL,2019-11-28,11.5,12.19,11.5,12.0,820000,psxdata,2026-05-11T12:54:10
GGL,2019-11-29,12.0,12.35,11.7,12.01,1381500,psxdata,2026-05-11T12:54:10
GGL,2019-12-02,11.81,12.3,11.81,12.01,852500,psxdata,2026-05-11T12:54:10
GGL,2019-12-03,12.11,12.11,11.5,11.55,339000,psxdata,2026-05-11T12:54:10
GGL,2019-12-04,11.41,12.55,11.41,12.55,3338500,psxdata,2026-05-11T12:54:10
GGL,2019-12-05,13.5,13.5,12.88,13.12,2024500,psxdata,2026-05-11T12:54:10
GGL,2019-12-06,13.2,14.12,12.81,14.12,6791000,psxdata,2026-05-11T12:54:10
GGL,2019-12-09,15.12,15.12,13.82,14.35,6829000,psxdata,2026-05-11T12:54:10
GGL,2019-12-10,14.6,15.35,14.2,15.35,2813000,psxdata,2026-05-11T12:54:10
GGL,2019-12-11,15.99,16.35,15.62,15.93,4402000,psxdata,2026-05-11T12:54:10
GGL,2019-12-12,15.6,15.9,14.93,15.17,3464500,psxdata,2026-05-11T12:54:10
GGL,2019-12-13,15.25,15.4,14.61,14.86,778000,psxdata,2026-05-11T12:54:10
GGL,2019-12-16,15.0,15.4,14.85,14.94,1150500,psxdata,2026-05-11T12:54:10
GGL,2019-12-17,14.9,14.9,13.94,14.3,3229500,psxdata,2026-05-11T12:54:10
GGL,2019-12-18,14.33,14.9,14.0,14.29,1641000,psxdata,2026-05-11T12:54:10
GGL,2019-12-19,14.25,14.5,13.71,13.9,879000,psxdata,2026-05-11T12:54:10
GGL,2019-12-20,14.0,14.01,13.25,13.75,610500,psxdata,2026-05-11T12:54:10
GGL,2019-12-23,13.65,13.88,12.95,12.99,891000,psxdata,2026-05-11T12:54:10
GGL,2019-12-24,12.6,13.5,12.6,13.34,886000,psxdata,2026-05-11T12:54:10
GGL,2019-12-26,13.6,14.34,13.5,14.34,1432000,psxdata,2026-05-11T12:54:10
GGL,2019-12-27,14.99,15.0,14.6,14.8,1208000,psxdata,2026-05-11T12:54:10
GGL,2019-12-30,14.76,15.4,14.56,14.91,1090500,psxdata,2026-05-11T12:54:10
GGL,2019-12-31,15.0,15.3,14.8,15.01,1182000,psxdata,2026-05-11T12:54:10
GGL,2020-01-01,15.2,16.01,15.01,16.01,2495000,psxdata,2026-05-11T12:54:10
GGL,2020-01-02,16.5,17.01,16.4,16.77,4456500,psxdata,2026-05-11T12:54:10
GGL,2020-01-03,17.1,17.77,16.87,17.69,3702000,psxdata,2026-05-11T12:54:10
GGL,2020-01-06,17.01,17.65,17.01,17.27,2810500,psxdata,2026-05-11T12:54:10
GGL,2020-01-07,17.54,17.67,16.85,17.37,1397000,psxdata,2026-05-11T12:54:10
GGL,2020-01-08,16.8,17.6,16.8,17.0,1507500,psxdata,2026-05-11T12:54:10
GGL,2020-01-09,17.5,18.0,17.2,17.65,6001000,psxdata,2026-05-11T12:54:10
GGL,2020-01-10,17.0,18.65,17.0,18.55,3815500,psxdata,2026-05-11T12:54:10
GGL,2020-01-13,18.5,19.0,18.35,18.45,2832500,psxdata,2026-05-11T12:54:10
GGL,2020-01-14,18.46,18.55,17.75,18.0,1185500,psxdata,2026-05-11T12:54:10
GGL,2020-01-15,18.38,18.38,17.7,17.78,677500,psxdata,2026-05-11T12:54:10
GGL,2020-01-16,17.84,17.9,17.45,17.53,824000,psxdata,2026-05-11T12:54:10
GGL,2020-01-17,17.5,18.21,17.39,17.81,1222500,psxdata,2026-05-11T12:54:10
GGL,2020-01-20,17.79,18.6,17.77,18.1,1306500,psxdata,2026-05-11T12:54:10
GGL,2020-01-21,18.48,18.5,17.9,18.22,1324000,psxdata,2026-05-11T12:54:10
GGL,2020-01-22,18.2,18.4,17.61,17.92,586500,psxdata,2026-05-11T12:54:10
GGL,2020-01-23,17.92,18.05,17.55,17.64,1061000,psxdata,2026-05-11T12:54:10
GGL,2020-01-24,17.3,17.7,17.3,17.64,356500,psxdata,2026-05-11T12:54:10
GGL,2020-01-27,17.88,17.88,17.5,17.78,349000,psxdata,2026-05-11T12:54:10
GGL,2020-01-28,17.6,17.98,17.56,17.83,573500,psxdata,2026-05-11T12:54:10
GGL,2020-01-29,17.78,17.8,17.25,17.31,651500,psxdata,2026-05-11T12:54:10
GGL,2020-01-30,17.25,17.6,17.0,17.38,1100500,psxdata,2026-05-11T12:54:10
GGL,2020-01-31,17.5,17.75,17.3,17.53,534000,psxdata,2026-05-11T12:54:10
GGL,2020-02-03,17.15,17.2,16.48,16.76,779500,psxdata,2026-05-11T12:54:10
GGL,2020-02-04,17.0,17.0,16.45,16.57,361000,psxdata,2026-05-11T12:54:10
GGL,2020-02-06,16.9,16.9,16.0,16.08,281000,psxdata,2026-05-11T12:54:10
GGL,2020-02-07,16.45,16.45,15.08,15.08,884500,psxdata,2026-05-11T12:54:10
GGL,2020-02-10,14.56,14.98,14.1,14.24,1753500,psxdata,2026-05-11T12:54:10
GGL,2020-02-11,14.33,14.98,14.05,14.7,187000,psxdata,2026-05-11T12:54:10
GGL,2020-02-12,14.99,15.7,14.89,15.53,598000,psxdata,2026-05-11T12:54:10
GGL,2020-02-13,15.25,15.75,15.25,15.38,444000,psxdata,2026-05-11T12:54:10
GGL,2020-02-14,15.4,15.45,15.0,15.27,117500,psxdata,2026-05-11T12:54:10
GGL,2020-02-17,15.4,15.48,15.1,15.38,89500,psxdata,2026-05-11T12:54:10
GGL,2020-02-18,15.65,15.65,15.15,15.24,131500,psxdata,2026-05-11T12:54:10
GGL,2020-02-19,15.35,15.7,15.31,15.43,153000,psxdata,2026-05-11T12:54:10
GGL,2020-02-20,15.4,15.49,15.01,15.24,412000,psxdata,2026-05-11T12:54:10
GGL,2020-02-21,14.86,15.55,14.86,15.38,442500,psxdata,2026-05-11T12:54:10
GGL,2020-02-24,14.51,15.5,14.38,14.43,619500,psxdata,2026-05-11T12:54:10
GGL,2020-02-25,14.39,14.8,14.25,14.49,137000,psxdata,2026-05-11T12:54:10
GGL,2020-02-26,14.28,14.44,13.75,13.91,404500,psxdata,2026-05-11T12:54:10
GGL,2020-02-27,13.25,13.45,12.91,13.31,1290000,psxdata,2026-05-11T12:54:10
GGL,2020-02-28,13.47,13.75,12.7,12.82,1969000,psxdata,2026-05-11T12:54:10
GGL,2020-03-02,12.99,13.65,12.95,13.53,1112000,psxdata,2026-05-11T12:54:10
GGL,2020-03-03,13.74,14.53,13.55,14.53,1989000,psxdata,2026-05-11T12:54:10
GGL,2020-03-04,14.75,14.94,13.9,14.01,456000,psxdata,2026-05-11T12:54:10
GGL,2020-03-05,14.24,14.5,13.6,13.74,1859500,psxdata,2026-05-11T12:54:10
GGL,2020-03-06,13.8,13.8,12.9,13.1,538000,psxdata,2026-05-11T12:54:10
GGL,2020-03-09,12.8,13.5,12.1,12.92,810000,psxdata,2026-05-11T12:54:10
GGL,2020-03-10,12.91,13.75,12.91,13.42,1315500,psxdata,2026-05-11T12:54:10
GGL,2020-03-11,13.25,13.38,12.6,12.68,539000,psxdata,2026-05-11T12:54:10
GGL,2020-03-13,11.51,12.4,11.2,12.0,360000,psxdata,2026-05-11T12:54:10
GGL,2020-03-16,11.61,11.61,11.0,11.0,299500,psxdata,2026-05-11T12:54:10
GGL,2020-03-17,10.26,11.9,10.26,10.75,520000,psxdata,2026-05-11T12:54:10
GGL,2020-03-18,10.1,10.75,9.75,9.75,121000,psxdata,2026-05-11T12:54:10
GGL,2020-03-19,8.75,9.7,8.75,8.94,1370500,psxdata,2026-05-11T12:54:10
GGL,2020-03-20,9.01,9.25,8.52,8.7,298500,psxdata,2026-05-11T12:54:10
GGL,2020-03-24,7.86,9.3,7.7,7.74,286000,psxdata,2026-05-11T12:54:10
GGL,2020-03-25,7.91,8.04,7.6,7.8,155500,psxdata,2026-05-11T12:54:10
GGL,2020-03-26,8.0,8.3,7.85,7.87,187000,psxdata,2026-05-11T12:54:10
GGL,2020-03-27,7.95,8.49,7.95,8.37,26500,psxdata,2026-05-11T12:54:10
GGL,2020-03-30,8.2,8.37,8.0,8.24,101000,psxdata,2026-05-11T12:54:10
GGL,2020-03-31,8.24,8.8,8.24,8.63,713500,psxdata,2026-05-11T12:54:10
GGL,2020-04-01,8.88,9.09,8.5,8.78,497000,psxdata,2026-05-11T12:54:10
GGL,2020-04-02,8.62,9.4,8.6,9.32,1178500,psxdata,2026-05-11T12:54:10
GGL,2020-04-03,9.31,9.75,9.25,9.34,1018000,psxdata,2026-05-11T12:54:10
GGL,2020-04-06,9.34,9.34,8.7,8.77,382000,psxdata,2026-05-11T12:54:10
GGL,2020-04-07,8.65,9.0,8.65,8.94,196000,psxdata,2026-05-11T12:54:10
GGL,2020-04-08,9.0,9.4,8.8,9.3,971500,psxdata,2026-05-11T12:54:10
GGL,2020-04-09,9.49,9.93,9.49,9.63,836000,psxdata,2026-05-11T12:54:10
GGL,2020-04-10,9.7,10.59,9.4,10.35,1295500,psxdata,2026-05-11T12:54:10
GGL,2020-04-13,10.54,10.54,9.61,9.69,933500,psxdata,2026-05-11T12:54:10
GGL,2020-04-14,9.93,10.39,9.65,10.26,932000,psxdata,2026-05-11T12:54:10
GGL,2020-04-15,10.45,10.9,10.26,10.41,1391000,psxdata,2026-05-11T12:54:10
GGL,2020-04-16,10.4,10.45,10.0,10.06,275500,psxdata,2026-05-11T12:54:10
GGL,2020-04-17,10.8,11.06,10.7,11.06,1069000,psxdata,2026-05-11T12:54:10
GGL,2020-04-20,11.26,11.45,10.64,10.91,873000,psxdata,2026-05-11T12:54:10
GGL,2020-04-21,10.8,11.2,10.01,10.42,561500,psxdata,2026-05-11T12:54:10
GGL,2020-04-22,10.15,10.5,10.0,10.13,400000,psxdata,2026-05-11T12:54:10
GGL,2020-04-23,10.35,10.35,10.0,10.09,100500,psxdata,2026-05-11T12:54:10
GGL,2020-04-24,10.14,10.34,9.88,10.19,296000,psxdata,2026-05-11T12:54:10
GGL,2020-04-27,10.23,10.23,9.71,10.0,174500,psxdata,2026-05-11T12:54:10
GGL,2020-04-28,9.92,10.0,9.68,9.77,336000,psxdata,2026-05-11T12:54:10
GGL,2020-04-29,9.78,10.07,9.76,9.9,151500,psxdata,2026-05-11T12:54:10
GGL,2020-04-30,9.9,10.9,9.85,10.89,2584000,psxdata,2026-05-11T12:54:10
GGL,2020-05-04,10.81,11.85,10.8,11.73,966500,psxdata,2026-05-11T12:54:10
GGL,2020-05-05,11.98,12.4,11.8,12.26,671000,psxdata,2026-05-11T12:54:10
GGL,2020-05-06,12.17,12.37,11.9,12.12,222000,psxdata,2026-05-11T12:54:10
GGL,2020-05-07,11.71,12.05,11.5,11.62,358500,psxdata,2026-05-11T12:54:10
GGL,2020-05-08,11.84,11.84,11.2,11.49,158000,psxdata,2026-05-11T12:54:10
GGL,2020-05-11,11.47,11.64,11.01,11.27,122500,psxdata,2026-05-11T12:54:10
GGL,2020-05-12,11.35,11.8,11.31,11.49,356500,psxdata,2026-05-11T12:54:10
GGL,2020-05-13,11.54,11.7,11.4,11.53,352500,psxdata,2026-05-11T12:54:10
GGL,2020-05-14,11.41,11.99,11.4,11.46,390000,psxdata,2026-05-11T12:54:10
GGL,2020-05-15,11.41,11.8,11.41,11.7,183500,psxdata,2026-05-11T12:54:10
GGL,2020-05-18,11.78,12.39,11.4,12.0,1751500,psxdata,2026-05-11T12:54:10
GGL,2020-05-19,12.1,12.4,11.9,12.0,1454000,psxdata,2026-05-11T12:54:10
GGL,2020-05-20,11.95,12.11,11.4,11.46,557000,psxdata,2026-05-11T12:54:10
GGL,2020-05-21,11.51,11.51,11.21,11.25,261500,psxdata,2026-05-11T12:54:10
GGL,2020-05-28,11.1,11.57,11.01,11.36,801500,psxdata,2026-05-11T12:54:10
GGL,2020-05-29,11.54,11.7,11.39,11.42,380500,psxdata,2026-05-11T12:54:10
GGL,2020-06-01,11.65,11.65,11.23,11.28,252500,psxdata,2026-05-11T12:54:10
GGL,2020-06-02,11.32,11.44,11.1,11.21,421000,psxdata,2026-05-11T12:54:10
GGL,2020-06-03,11.19,11.25,10.85,10.9,260000,psxdata,2026-05-11T12:54:10
GGL,2020-06-04,10.9,10.9,10.52,10.61,404500,psxdata,2026-05-11T12:54:10
GGL,2020-06-05,10.6,11.6,10.6,11.41,545000,psxdata,2026-05-11T12:54:10
GGL,2020-06-08,11.51,12.1,11.51,11.7,720500,psxdata,2026-05-11T12:54:10
GGL,2020-06-09,11.8,12.7,11.53,12.64,3115000,psxdata,2026-05-11T12:54:10
GGL,2020-06-10,12.95,13.64,12.92,13.64,1452500,psxdata,2026-05-11T12:54:10
GGL,2020-06-11,14.25,14.57,13.49,13.89,5923500,psxdata,2026-05-11T12:54:10
GGL,2020-06-12,13.87,14.1,13.26,13.71,1201500,psxdata,2026-05-11T12:54:10
GGL,2020-06-15,14.08,14.73,14.0,14.73,4639000,psxdata,2026-05-11T12:54:10
GGL,2020-06-16,15.2,15.83,15.03,15.71,3869500,psxdata,2026-05-11T12:54:10
GGL,2020-06-17,15.81,16.4,14.6,14.74,3714000,psxdata,2026-05-11T12:54:10
GGL,2020-06-18,14.99,15.7,14.41,15.26,2813500,psxdata,2026-05-11T12:54:10
GGL,2020-06-19,15.2,15.35,14.2,14.51,1381000,psxdata,2026-05-11T12:54:10
GGL,2020-06-22,14.7,14.8,13.9,14.49,1150500,psxdata,2026-05-11T12:54:10
GGL,2020-06-23,15.16,15.57,14.93,15.57,5408000,psxdata,2026-05-11T12:54:10
GGL,2020-06-24,15.95,16.58,15.4,15.94,5733500,psxdata,2026-05-11T12:54:10
GGL,2020-06-25,15.95,16.29,15.6,16.17,2652500,psxdata,2026-05-11T12:54:10
GGL,2020-06-26,16.59,16.68,15.2,15.6,3101500,psxdata,2026-05-11T12:54:10
GGL,2020-06-29,15.3,15.99,15.2,15.58,971500,psxdata,2026-05-11T12:54:10
GGL,2020-06-30,15.6,16.35,15.56,15.73,5303000,psxdata,2026-05-11T12:54:10
GGL,2020-07-01,15.99,16.18,15.81,15.97,1420500,psxdata,2026-05-11T12:54:10
GGL,2020-07-02,16.05,16.68,15.91,16.25,5759000,psxdata,2026-05-11T12:54:10
GGL,2020-07-03,16.4,16.4,16.15,16.2,730000,psxdata,2026-05-11T12:54:10
GGL,2020-07-06,16.15,16.28,15.91,16.09,1132000,psxdata,2026-05-11T12:54:10
GGL,2020-07-07,16.27,16.39,15.9,15.94,2318500,psxdata,2026-05-11T12:54:10
GGL,2020-07-08,16.04,16.15,15.65,15.88,1673000,psxdata,2026-05-11T12:54:10
GGL,2020-07-09,16.0,16.25,15.75,16.05,2247000,psxdata,2026-05-11T12:54:10
GGL,2020-07-10,16.14,16.38,15.9,15.94,1903500,psxdata,2026-05-11T12:54:10
GGL,2020-07-13,15.94,16.39,15.75,15.81,1637000,psxdata,2026-05-11T12:54:10
GGL,2020-07-14,15.8,16.05,15.36,15.45,4308000,psxdata,2026-05-11T12:54:10
GGL,2020-07-15,15.55,15.75,14.82,15.0,2252000,psxdata,2026-05-11T12:54:10
GGL,2020-07-16,15.0,15.35,14.9,14.98,1953000,psxdata,2026-05-11T12:54:10
GGL,2020-07-17,14.96,15.8,14.9,15.68,4684500,psxdata,2026-05-11T12:54:10
GGL,2020-07-20,15.6,16.2,15.6,15.83,3316500,psxdata,2026-05-11T12:54:10
GGL,2020-07-21,16.0,16.55,15.65,15.88,6279000,psxdata,2026-05-11T12:54:10
GGL,2020-07-22,15.85,16.25,15.6,15.92,2435000,psxdata,2026-05-11T12:54:10
GGL,2020-07-23,16.24,16.35,15.8,15.93,1947000,psxdata,2026-05-11T12:54:10
GGL,2020-07-24,15.94,17.12,15.85,17.12,6077000,psxdata,2026-05-11T12:54:10
GGL,2020-07-27,17.51,17.8,16.75,16.9,5088500,psxdata,2026-05-11T12:54:10
GGL,2020-07-28,16.99,17.65,16.76,17.01,2664000,psxdata,2026-05-11T12:54:10
GGL,2020-07-29,17.05,17.25,16.55,16.67,1671000,psxdata,2026-05-11T12:54:10
GGL,2020-07-30,16.75,17.35,16.43,17.02,2517000,psxdata,2026-05-11T12:54:10
GGL,2020-08-03,17.2,17.4,16.8,16.84,2134000,psxdata,2026-05-11T12:54:10
GGL,2020-08-04,16.84,17.33,16.41,16.55,1760500,psxdata,2026-05-11T12:54:10
GGL,2020-08-05,16.65,17.3,16.0,16.25,2799500,psxdata,2026-05-11T12:54:10
GGL,2020-08-06,16.28,16.85,16.12,16.75,2671000,psxdata,2026-05-11T12:54:10
GGL,2020-08-07,16.9,17.25,16.65,16.88,1849500,psxdata,2026-05-11T12:54:10
GGL,2020-08-10,16.7,16.95,16.36,16.42,667500,psxdata,2026-05-11T12:54:10
GGL,2020-08-11,16.48,16.56,16.1,16.2,1355000,psxdata,2026-05-11T12:54:10
GGL,2020-08-12,16.12,16.25,15.76,15.86,586500,psxdata,2026-05-11T12:54:10
GGL,2020-08-13,15.71,16.09,15.67,16.0,686500,psxdata,2026-05-11T12:54:10
GGL,2020-08-17,15.91,16.5,15.85,16.05,1095000,psxdata,2026-05-11T12:54:10
GGL,2020-08-18,16.0,16.85,16.0,16.35,4438000,psxdata,2026-05-11T12:54:10
GGL,2020-08-19,16.39,16.45,15.93,15.98,502500,psxdata,2026-05-11T12:54:10
GGL,2020-08-20,15.93,16.09,15.5,15.72,335500,psxdata,2026-05-11T12:54:10
GGL,2020-08-21,15.61,16.03,15.5,16.0,316500,psxdata,2026-05-11T12:54:10
GGL,2020-08-24,15.99,17.2,15.99,16.63,3086000,psxdata,2026-05-11T12:54:10
GGL,2020-08-25,16.81,17.18,16.62,16.76,2162500,psxdata,2026-05-11T12:54:10
GGL,2020-08-26,16.8,16.9,16.46,16.52,583500,psxdata,2026-05-11T12:54:10
GGL,2020-08-27,16.6,16.85,16.32,16.38,569500,psxdata,2026-05-11T12:54:10
GGL,2020-08-28,16.4,16.6,16.31,16.33,346500,psxdata,2026-05-11T12:54:10
GGL,2020-08-31,16.33,16.5,16.12,16.14,534000,psxdata,2026-05-11T12:54:10
GGL,2020-09-01,16.05,16.5,16.05,16.31,798500,psxdata,2026-05-11T12:54:10
GGL,2020-09-02,16.2,16.6,16.2,16.44,649000,psxdata,2026-05-11T12:54:10
GGL,2020-09-03,16.29,17.2,16.29,17.0,4338000,psxdata,2026-05-11T12:54:10
GGL,2020-09-04,16.85,17.81,16.7,17.4,4374000,psxdata,2026-05-11T12:54:10
GGL,2020-09-07,17.35,17.75,17.3,17.4,2092000,psxdata,2026-05-11T12:54:10
GGL,2020-09-08,17.69,18.1,17.06,17.11,2443500,psxdata,2026-05-11T12:54:10
GGL,2020-09-09,17.0,17.95,16.7,17.44,2224500,psxdata,2026-05-11T12:54:10
GGL,2020-09-10,17.55,18.24,17.25,17.4,5635000,psxdata,2026-05-11T12:54:10
GGL,2020-09-11,17.25,17.4,16.77,16.96,1683000,psxdata,2026-05-11T12:54:10
GGL,2020-09-14,17.15,17.5,16.86,16.89,1442500,psxdata,2026-05-11T12:54:10
GGL,2020-09-15,17.01,17.25,16.3,16.53,997000,psxdata,2026-05-11T12:54:10
GGL,2020-09-16,16.52,16.75,16.25,16.34,364000,psxdata,2026-05-11T12:54:10
GGL,2020-09-17,16.69,16.95,16.31,16.53,1480000,psxdata,2026-05-11T12:54:10
GGL,2020-09-18,16.49,16.84,16.4,16.53,753500,psxdata,2026-05-11T12:54:10
GGL,2020-09-21,16.36,16.49,16.05,16.11,346000,psxdata,2026-05-11T12:54:10
GGL,2020-09-22,16.11,16.24,15.75,16.0,494500,psxdata,2026-05-11T12:54:10
GGL,2020-09-23,16.2,16.4,15.81,15.9,239500,psxdata,2026-05-11T12:54:10
GGL,2020-09-24,16.09,16.09,15.27,15.44,411500,psxdata,2026-05-11T12:54:10
GGL,2020-09-25,15.64,15.69,14.75,15.11,590000,psxdata,2026-05-11T12:54:10
GGL,2020-09-28,15.49,15.49,14.0,14.12,693500,psxdata,2026-05-11T12:54:10
GGL,2020-09-29,13.91,14.65,13.8,14.48,810500,psxdata,2026-05-11T12:54:10
GGL,2020-09-30,14.55,14.55,13.4,13.55,841000,psxdata,2026-05-11T12:54:10
GGL,2020-10-01,13.78,14.0,13.3,13.73,864000,psxdata,2026-05-11T12:54:10
GGL,2020-10-02,13.61,13.99,13.25,13.51,210500,psxdata,2026-05-11T12:54:10
GGL,2020-10-05,13.35,13.35,12.57,13.02,1131500,psxdata,2026-05-11T12:54:10
GGL,2020-10-06,13.1,13.28,12.8,13.17,719000,psxdata,2026-05-11T12:54:10
GGL,2020-10-07,13.05,13.7,13.0,13.65,759000,psxdata,2026-05-11T12:54:10
GGL,2020-10-08,13.79,14.4,13.65,14.22,1187500,psxdata,2026-05-11T12:54:10
GGL,2020-10-09,14.12,14.55,14.12,14.42,708500,psxdata,2026-05-11T12:54:10
GGL,2020-10-12,14.4,14.75,14.0,14.18,723500,psxdata,2026-05-11T12:54:10
GGL,2020-10-13,13.81,14.25,13.6,14.01,361000,psxdata,2026-05-11T12:54:10
GGL,2020-10-14,13.81,14.15,13.76,13.95,179500,psxdata,2026-05-11T12:54:10
GGL,2020-10-15,14.1,14.4,13.75,13.8,217000,psxdata,2026-05-11T12:54:10
GGL,2020-10-16,13.75,13.95,13.7,13.91,54500,psxdata,2026-05-11T12:54:10
GGL,2020-10-19,14.0,14.25,13.91,14.09,155000,psxdata,2026-05-11T12:54:10
GGL,2020-10-20,14.27,15.14,14.22,15.14,1390000,psxdata,2026-05-11T12:54:10
GGL,2020-10-21,15.0,16.08,15.0,15.91,1211000,psxdata,2026-05-11T12:54:10
GGL,2020-10-22,16.0,16.44,15.7,16.11,2454000,psxdata,2026-05-11T12:54:10
GGL,2020-10-23,15.99,16.48,15.8,16.03,1664500,psxdata,2026-05-11T12:54:10
GGL,2020-10-26,16.25,16.5,15.85,15.95,3698000,psxdata,2026-05-11T12:54:10
GGL,2020-10-27,15.95,16.05,14.88,15.26,1988000,psxdata,2026-05-11T12:54:10
GGL,2020-10-28,15.48,15.88,15.15,15.23,953000,psxdata,2026-05-11T12:54:10
GGL,2020-10-29,14.55,14.94,14.15,14.24,802000,psxdata,2026-05-11T12:54:10
GGL,2020-11-02,14.01,14.18,13.75,13.94,219000,psxdata,2026-05-11T12:54:10
GGL,2020-11-03,14.29,14.6,13.9,14.4,649000,psxdata,2026-05-11T12:54:10
GGL,2020-11-04,14.59,14.75,14.3,14.39,347000,psxdata,2026-05-11T12:54:10
GGL,2020-11-05,14.54,14.85,14.39,14.49,383000,psxdata,2026-05-11T12:54:10
GGL,2020-11-06,14.36,14.5,14.2,14.22,176500,psxdata,2026-05-11T12:54:10
GGL,2020-11-09,14.35,14.38,13.96,14.07,409500,psxdata,2026-05-11T12:54:10
GGL,2020-11-10,14.4,14.75,13.99,14.47,1917000,psxdata,2026-05-11T12:54:10
GGL,2020-11-11,14.59,14.59,14.1,14.15,491000,psxdata,2026-05-11T12:54:10
GGL,2020-11-12,14.1,14.78,14.1,14.53,2818500,psxdata,2026-05-11T12:54:10
GGL,2020-11-13,14.69,14.69,14.1,14.29,1572500,psxdata,2026-05-11T12:54:10
GGL,2020-11-16,14.31,14.38,14.09,14.12,492000,psxdata,2026-05-11T12:54:10
GGL,2020-11-17,14.22,14.35,14.11,14.21,472000,psxdata,2026-05-11T12:54:10
GGL,2020-11-18,14.2,14.3,14.09,14.17,376500,psxdata,2026-05-11T12:54:10
GGL,2020-11-19,14.16,14.31,13.98,14.06,2915000,psxdata,2026-05-11T12:54:10
GGL,2020-11-20,12.71,12.99,12.4,12.53,814000,psxdata,2026-05-11T12:54:10
GGL,2020-11-23,12.45,12.45,11.95,12.09,328000,psxdata,2026-05-11T12:54:10
GGL,2020-11-24,12.17,12.4,12.1,12.28,617000,psxdata,2026-05-11T12:54:10
GGL,2020-11-25,12.39,12.5,11.6,12.2,224000,psxdata,2026-05-11T12:54:10
GGL,2020-11-26,12.39,12.4,12.1,12.25,348500,psxdata,2026-05-11T12:54:10
GGL,2020-11-27,12.26,12.98,12.26,12.63,1389500,psxdata,2026-05-11T12:54:10
GGL,2020-11-30,12.65,12.8,12.57,12.74,209500,psxdata,2026-05-11T12:54:10
GGL,2020-12-01,12.7,13.14,12.7,13.07,620000,psxdata,2026-05-11T12:54:10
GGL,2020-12-02,13.15,13.48,13.06,13.41,1259500,psxdata,2026-05-11T12:54:10
GGL,2020-12-03,13.49,13.49,12.88,12.97,796500,psxdata,2026-05-11T12:54:10
GGL,2020-12-04,12.88,13.15,12.68,13.08,737000,psxdata,2026-05-11T12:54:10
GGL,2020-12-07,12.8,13.5,12.63,12.99,1951500,psxdata,2026-05-11T12:54:10
GGL,2020-12-08,13.18,13.2,12.85,12.89,784000,psxdata,2026-05-11T12:54:10
GGL,2020-12-09,12.76,13.03,12.51,12.73,1175000,psxdata,2026-05-11T12:54:10
GGL,2020-12-10,12.65,12.88,12.61,12.77,562000,psxdata,2026-05-11T12:54:10
GGL,2020-12-11,12.66,12.98,12.66,12.72,1457000,psxdata,2026-05-11T12:54:10
GGL,2020-12-14,12.76,13.16,12.76,13.12,2374500,psxdata,2026-05-11T12:54:10
GGL,2020-12-15,13.12,13.6,13.0,13.2,4154500,psxdata,2026-05-11T12:54:10
GGL,2020-12-16,13.31,13.31,12.9,13.03,1343000,psxdata,2026-05-11T12:54:10
GGL,2020-12-17,12.9,13.22,12.9,13.12,548000,psxdata,2026-05-11T12:54:10
GGL,2020-12-18,13.13,13.25,13.03,13.13,199500,psxdata,2026-05-11T12:54:10
GGL,2020-12-21,13.1,13.33,12.75,13.05,1937000,psxdata,2026-05-11T12:54:10
GGL,2020-12-22,13.02,13.2,12.87,12.91,1251500,psxdata,2026-05-11T12:54:10
GGL,2020-12-23,12.99,13.91,12.8,13.91,8360500,psxdata,2026-05-11T12:54:10
GGL,2020-12-24,14.6,14.95,14.55,14.95,9494000,psxdata,2026-05-11T12:54:10
GGL,2020-12-28,15.2,15.49,13.85,15.08,8682000,psxdata,2026-05-11T12:54:10
GGL,2020-12-29,15.19,15.35,14.4,14.5,3868500,psxdata,2026-05-11T12:54:10
GGL,2020-12-30,14.51,15.47,14.51,15.17,5203500,psxdata,2026-05-11T12:54:10
GGL,2020-12-31,15.22,16.3,15.22,16.3,5682500,psxdata,2026-05-11T12:54:10
GGL,2021-01-01,17.0,17.48,16.1,16.37,10181000,psxdata,2026-05-11T12:54:10
GGL,2021-01-04,16.7,16.89,16.14,16.21,2437500,psxdata,2026-05-11T12:54:10
GGL,2021-01-05,16.1,16.3,15.9,16.05,1407500,psxdata,2026-05-11T12:54:10
GGL,2021-01-06,16.19,16.66,16.0,16.36,2735500,psxdata,2026-05-11T12:54:10
GGL,2021-01-07,16.5,16.9,16.17,16.22,1453500,psxdata,2026-05-11T12:54:10
GGL,2021-01-08,16.15,16.5,16.15,16.29,981500,psxdata,2026-05-11T12:54:10
GGL,2021-01-11,16.26,17.17,16.2,17.03,3773500,psxdata,2026-05-11T12:54:10
GGL,2021-01-12,17.05,18.1,17.05,17.84,6103500,psxdata,2026-05-11T12:54:10
GGL,2021-01-13,18.19,18.19,17.47,17.62,3114500,psxdata,2026-05-11T12:54:10
GGL,2021-01-14,17.62,17.73,17.14,17.45,1552500,psxdata,2026-05-11T12:54:10
GGL,2021-01-15,17.49,17.49,17.0,17.17,780500,psxdata,2026-05-11T12:54:10
GGL,2021-01-18,17.35,17.4,16.9,16.98,612000,psxdata,2026-05-11T12:54:10
GGL,2021-01-19,16.9,17.1,16.25,16.58,1317000,psxdata,2026-05-11T12:54:10
GGL,2021-01-20,16.51,16.82,16.4,16.71,802500,psxdata,2026-05-11T12:54:10
GGL,2021-01-21,16.7,17.5,16.54,17.06,2943500,psxdata,2026-05-11T12:54:10
GGL,2021-01-22,17.15,17.15,16.49,16.93,1030500,psxdata,2026-05-11T12:54:10
GGL,2021-01-25,17.0,17.68,16.76,17.6,1794000,psxdata,2026-05-11T12:54:10
GGL,2021-01-26,17.89,17.89,16.82,16.93,2141000,psxdata,2026-05-11T12:54:10
GGL,2021-01-27,15.7,16.54,15.39,16.27,8235500,psxdata,2026-05-11T12:54:10
GGL,2021-01-28,16.27,16.3,15.78,15.82,1622000,psxdata,2026-05-11T12:54:10
GGL,2021-01-29,15.85,16.15,15.7,15.81,1288000,psxdata,2026-05-11T12:54:10
GGL,2021-02-01,15.72,15.95,15.45,15.51,1167000,psxdata,2026-05-11T12:54:10
GGL,2021-02-02,15.41,15.7,15.18,15.26,1044000,psxdata,2026-05-11T12:54:10
GGL,2021-02-03,15.21,15.45,14.8,14.98,2493500,psxdata,2026-05-11T12:54:10
GGL,2021-02-04,15.01,15.15,14.66,14.82,1550000,psxdata,2026-05-11T12:54:10
GGL,2021-02-08,14.85,14.95,14.69,14.7,885500,psxdata,2026-05-11T12:54:10
GGL,2021-02-09,14.71,14.85,14.55,14.65,662000,psxdata,2026-05-11T12:54:10
GGL,2021-02-10,14.6,14.65,14.22,14.26,696000,psxdata,2026-05-11T12:54:10
GGL,2021-02-11,14.32,14.45,13.5,13.65,2337500,psxdata,2026-05-11T12:54:10
GGL,2021-02-12,13.7,14.12,13.6,13.74,872000,psxdata,2026-05-11T12:54:10
GGL,2021-02-15,13.75,14.77,13.75,14.77,3325000,psxdata,2026-05-11T12:54:10
GGL,2021-02-16,14.99,15.22,14.4,14.46,3460500,psxdata,2026-05-11T12:54:10
GGL,2021-02-17,14.75,15.32,14.7,15.16,4092000,psxdata,2026-05-11T12:54:10
GGL,2021-02-18,15.2,15.54,15.0,15.01,3147000,psxdata,2026-05-11T12:54:10
GGL,2021-02-19,15.0,15.33,14.9,15.08,1709000,psxdata,2026-05-11T12:54:10
GGL,2021-02-22,15.18,15.55,15.03,15.3,2617000,psxdata,2026-05-11T12:54:10
GGL,2021-02-23,15.47,15.59,14.95,15.01,1501500,psxdata,2026-05-11T12:54:10
GGL,2021-02-24,15.12,15.12,14.7,14.74,1726000,psxdata,2026-05-11T12:54:10
GGL,2021-02-25,14.88,15.32,14.77,14.83,1296500,psxdata,2026-05-11T12:54:10
GGL,2021-02-26,14.83,15.58,14.7,15.07,4739000,psxdata,2026-05-11T12:54:10
GGL,2021-03-01,15.13,16.2,15.13,16.12,17555500,psxdata,2026-05-11T12:54:10
GGL,2021-03-02,16.13,17.08,15.8,16.52,14201500,psxdata,2026-05-11T12:54:10
GGL,2021-03-03,16.6,17.75,16.56,17.75,12648000,psxdata,2026-05-11T12:54:10
GGL,2021-03-04,17.25,19.08,17.15,18.67,28669500,psxdata,2026-05-11T12:54:10
GGL,2021-03-05,19.01,20.04,18.67,19.96,17334500,psxdata,2026-05-11T12:54:10
GGL,2021-03-08,20.59,21.45,20.59,21.45,17732000,psxdata,2026-05-11T12:54:10
GGL,2021-03-09,22.0,23.05,20.51,22.84,41233500,psxdata,2026-05-11T12:54:10
GGL,2021-03-10,23.25,24.4,22.5,23.93,19176000,psxdata,2026-05-11T12:54:10
GGL,2021-03-11,24.2,24.3,22.14,22.14,10975000,psxdata,2026-05-11T12:54:10
GGL,2021-03-12,21.26,21.74,20.48,20.53,15089500,psxdata,2026-05-11T12:54:10
GGL,2021-03-15,21.05,22.06,21.0,22.06,9796000,psxdata,2026-05-11T12:54:10
GGL,2021-03-16,22.66,23.6,22.26,22.72,23420000,psxdata,2026-05-11T12:54:10
GGL,2021-03-17,23.0,23.5,21.8,22.03,21723000,psxdata,2026-05-11T12:54:10
GGL,2021-03-18,22.3,22.75,20.5,21.27,20461500,psxdata,2026-05-11T12:54:10
GGL,2021-03-19,21.35,22.3,20.81,21.92,7165500,psxdata,2026-05-11T12:54:10
GGL,2021-03-22,21.9,21.9,21.26,21.54,3422000,psxdata,2026-05-11T12:54:10
GGL,2021-03-24,21.52,22.9,21.4,22.68,10799500,psxdata,2026-05-11T12:54:10
GGL,2021-03-25,23.0,23.34,22.25,23.05,14140000,psxdata,2026-05-11T12:54:10
GGL,2021-03-26,23.07,24.02,22.61,23.34,17417000,psxdata,2026-05-11T12:54:10
GGL,2021-03-29,23.49,23.49,21.59,21.65,10446000,psxdata,2026-05-11T12:54:10
GGL,2021-03-30,21.29,22.24,21.05,21.99,5422000,psxdata,2026-05-11T12:54:10
GGL,2021-03-31,22.26,23.63,22.11,23.62,16135500,psxdata,2026-05-11T12:54:10
GGL,2021-04-01,24.0,25.39,24.0,25.39,17929000,psxdata,2026-05-11T12:54:10
GGL,2021-04-02,26.05,26.24,24.02,24.94,12325500,psxdata,2026-05-11T12:54:10
GGL,2021-04-05,25.01,25.6,23.07,23.1,12797000,psxdata,2026-05-11T12:54:10
GGL,2021-04-06,23.15,24.83,22.75,24.8,10416000,psxdata,2026-05-11T12:54:10
GGL,2021-04-07,25.15,26.66,25.1,26.66,16177500,psxdata,2026-05-11T12:54:10
GGL,2021-04-08,27.2,28.65,26.3,28.59,35911500,psxdata,2026-05-11T12:54:10
GGL,2021-04-09,28.43,28.66,27.0,28.34,23493500,psxdata,2026-05-11T12:54:10
GGL,2021-04-12,28.4,30.46,27.55,30.19,38841500,psxdata,2026-05-11T12:54:10
GGL,2021-04-13,30.2,32.45,29.82,32.27,18439000,psxdata,2026-05-11T12:54:10
GGL,2021-04-14,32.8,33.99,32.25,33.62,19479500,psxdata,2026-05-11T12:54:10
GGL,2021-04-15,33.62,33.62,31.1,31.36,13081500,psxdata,2026-05-11T12:54:10
GGL,2021-04-16,31.05,33.71,30.8,33.71,21518500,psxdata,2026-05-11T12:54:10
GGL,2021-04-19,33.41,34.78,31.19,31.46,23232500,psxdata,2026-05-11T12:54:10
GGL,2021-04-20,32.5,32.74,30.49,31.27,24647000,psxdata,2026-05-11T12:54:10
GGL,2021-04-21,31.29,31.95,29.2,31.05,31314500,psxdata,2026-05-11T12:54:10
GGL,2021-04-22,32.0,33.37,31.05,33.37,36375000,psxdata,2026-05-11T12:54:10
GGL,2021-04-23,33.2,35.75,33.0,35.01,38784000,psxdata,2026-05-11T12:54:10
GGL,2021-04-26,35.6,37.63,35.6,37.63,15154500,psxdata,2026-05-11T12:54:10
GGL,2021-04-27,39.0,40.45,38.76,40.45,6919500,psxdata,2026-05-11T12:54:10
GGL,2021-04-28,42.55,43.48,42.52,43.48,2525000,psxdata,2026-05-11T12:54:10
GGL,2021-04-29,45.0,45.96,40.22,40.38,32638000,psxdata,2026-05-11T12:54:10
GGL,2021-04-30,39.54,42.98,37.36,38.68,34820000,psxdata,2026-05-11T12:54:10
GGL,2021-05-03,38.0,38.44,35.78,35.98,23140000,psxdata,2026-05-11T12:54:10
GGL,2021-05-04,35.25,38.45,34.5,38.14,23573000,psxdata,2026-05-11T12:54:10
GGL,2021-05-05,39.0,39.29,36.75,38.06,23081000,psxdata,2026-05-11T12:54:10
GGL,2021-05-06,38.06,39.14,37.05,38.77,10716500,psxdata,2026-05-11T12:54:10
GGL,2021-05-17,39.3,40.3,38.31,39.81,35965000,psxdata,2026-05-11T12:54:10
GGL,2021-05-18,40.0,42.79,39.1,42.56,47233000,psxdata,2026-05-11T12:54:10
GGL,2021-05-19,41.99,43.1,41.05,41.62,24747000,psxdata,2026-05-11T12:54:10
GGL,2021-05-20,41.9,42.45,40.5,41.01,20920500,psxdata,2026-05-11T12:54:10
GGL,2021-05-21,41.01,41.6,39.62,40.98,13960000,psxdata,2026-05-11T12:54:10
GGL,2021-05-24,41.25,42.15,40.42,40.78,8150000,psxdata,2026-05-11T12:54:10
GGL,2021-05-25,40.8,41.7,40.5,41.07,10508000,psxdata,2026-05-11T12:54:10
GGL,2021-05-26,41.48,41.79,40.8,41.45,12889000,psxdata,2026-05-11T12:54:10
GGL,2021-05-27,41.7,42.75,41.0,42.02,29690500,psxdata,2026-05-11T12:54:10
GGL,2021-05-28,42.1,43.13,41.55,41.89,16475500,psxdata,2026-05-11T12:54:10
GGL,2021-05-31,42.61,43.53,41.89,43.25,44827000,psxdata,2026-05-11T12:54:10
GGL,2021-06-01,43.41,44.74,43.01,44.02,34033000,psxdata,2026-05-11T12:54:10
GGL,2021-06-02,44.25,47.32,43.75,47.28,30323000,psxdata,2026-05-11T12:54:10
GGL,2021-06-03,45.0,47.15,44.55,45.11,16863500,psxdata,2026-05-11T12:54:10
GGL,2021-06-04,45.6,48.4,45.6,47.52,21745500,psxdata,2026-05-11T12:54:10
GGL,2021-06-07,48.0,48.2,46.35,46.7,5721500,psxdata,2026-05-11T12:54:10
GGL,2021-06-08,47.01,47.01,44.3,44.71,5050500,psxdata,2026-05-11T12:54:10
GGL,2021-06-09,44.75,45.7,41.82,42.44,7896000,psxdata,2026-05-11T12:54:10
GGL,2021-06-10,42.6,44.1,42.2,43.41,19335000,psxdata,2026-05-11T12:54:10
GGL,2021-06-11,44.5,46.66,43.93,46.66,27846000,psxdata,2026-05-11T12:54:10
GGL,2021-06-14,48.0,50.15,46.95,50.04,28921500,psxdata,2026-05-11T12:54:10
GGL,2021-06-15,49.7,51.49,48.51,50.01,26119000,psxdata,2026-05-11T12:54:10
GGL,2021-06-16,50.33,51.85,49.25,50.24,29227500,psxdata,2026-05-11T12:54:10
GGL,2021-06-17,50.34,50.5,47.0,49.26,13827500,psxdata,2026-05-11T12:54:10
GGL,2021-06-18,49.5,50.45,48.65,49.02,8102500,psxdata,2026-05-11T12:54:10
GGL,2021-06-21,49.11,49.49,47.66,49.17,9116500,psxdata,2026-05-11T12:54:10
GGL,2021-06-22,49.75,49.95,48.49,48.91,6026000,psxdata,2026-05-11T12:54:10
GGL,2021-06-23,49.0,50.39,48.21,49.12,10097500,psxdata,2026-05-11T12:54:10
GGL,2021-06-24,49.4,52.34,49.02,51.41,18365000,psxdata,2026-05-11T12:54:10
GGL,2021-06-25,51.6,51.8,49.81,50.83,17715500,psxdata,2026-05-11T12:54:10
GGL,2021-06-28,50.11,50.9,48.3,49.08,4877500,psxdata,2026-05-11T12:54:10
GGL,2021-06-29,48.71,49.9,48.15,49.46,10306000,psxdata,2026-05-11T12:54:10
GGL,2021-06-30,50.05,50.59,49.2,49.64,24841000,psxdata,2026-05-11T12:54:10
GGL,2021-07-01,49.75,50.5,49.0,49.4,6735000,psxdata,2026-05-11T12:54:10
GGL,2021-07-02,49.6,51.25,47.95,48.56,20805500,psxdata,2026-05-11T12:54:10
GGL,2021-07-05,48.41,49.15,47.55,48.64,14590500,psxdata,2026-05-11T12:54:10
GGL,2021-07-06,49.25,50.15,47.61,48.64,19176500,psxdata,2026-05-11T12:54:10
GGL,2021-07-07,48.9,49.3,47.7,48.15,3347000,psxdata,2026-05-11T12:54:10
GGL,2021-07-08,48.5,49.4,48.29,48.89,4237500,psxdata,2026-05-11T12:54:10
GGL,2021-07-09,48.99,50.3,48.45,48.72,9716500,psxdata,2026-05-11T12:54:10
GGL,2021-07-12,49.1,49.75,48.5,48.8,6454000,psxdata,2026-05-11T12:54:10
GGL,2021-07-13,48.8,49.84,48.4,49.6,8866500,psxdata,2026-05-11T12:54:10
GGL,2021-07-14,49.81,50.09,48.5,48.76,4805500,psxdata,2026-05-11T12:54:10
GGL,2021-07-15,48.8,49.0,48.15,48.26,1617000,psxdata,2026-05-11T12:54:10
GGL,2021-07-16,48.5,49.2,47.55,48.7,5607500,psxdata,2026-05-11T12:54:10
GGL,2021-07-19,48.7,49.05,48.11,48.28,1607500,psxdata,2026-05-11T12:54:10
GGL,2021-07-23,48.9,48.9,46.42,46.86,1988500,psxdata,2026-05-11T12:54:10
GGL,2021-07-26,46.9,48.0,46.07,46.99,3542500,psxdata,2026-05-11T12:54:10
GGL,2021-07-27,47.0,47.43,46.4,47.04,3495500,psxdata,2026-05-11T12:54:10
GGL,2021-07-28,47.15,47.75,44.12,45.92,3429000,psxdata,2026-05-11T12:54:10
GGL,2021-07-29,46.0,46.0,43.55,43.85,3760500,psxdata,2026-05-11T12:54:10
GGL,2021-07-30,44.2,44.4,41.12,41.63,4483500,psxdata,2026-05-11T12:54:10
GGL,2021-08-02,41.63,42.95,41.05,42.45,2691000,psxdata,2026-05-11T12:54:10
GGL,2021-08-03,42.98,45.63,42.72,45.57,8037000,psxdata,2026-05-11T12:54:10
GGL,2021-08-04,46.39,47.2,45.71,46.14,11319500,psxdata,2026-05-11T12:54:10
GGL,2021-08-05,46.14,47.75,45.61,46.1,28922500,psxdata,2026-05-11T12:54:10
GGL,2021-08-06,46.49,46.5,42.65,42.65,14024500,psxdata,2026-05-11T12:54:10
GGL,2021-08-09,42.3,43.15,39.46,39.5,17334000,psxdata,2026-05-11T12:54:10
GGL,2021-08-10,39.15,42.46,39.15,42.46,15415000,psxdata,2026-05-11T12:54:10
GGL,2021-08-11,43.0,44.69,41.5,43.43,27600000,psxdata,2026-05-11T12:54:10
GGL,2021-08-12,43.64,44.05,42.15,43.42,15077500,psxdata,2026-05-11T12:54:10
GGL,2021-08-13,43.5,45.09,43.03,44.39,23911000,psxdata,2026-05-11T12:54:10
GGL,2021-08-16,44.24,44.5,42.7,43.76,3232500,psxdata,2026-05-11T12:54:10
GGL,2021-08-17,43.7,45.29,43.5,45.01,16972500,psxdata,2026-05-11T12:54:10
GGL,2021-08-20,44.79,47.1,44.79,46.93,21637000,psxdata,2026-05-11T12:54:10
GGL,2021-08-23,46.9,48.45,46.23,47.64,19880500,psxdata,2026-05-11T12:54:10
GGL,2021-08-24,47.5,48.55,47.0,48.27,25683500,psxdata,2026-05-11T12:54:10
GGL,2021-08-25,49.3,49.5,45.2,45.72,22053000,psxdata,2026-05-11T12:54:10
GGL,2021-08-26,46.0,46.35,42.3,42.34,25109000,psxdata,2026-05-11T12:54:10
GGL,2021-08-27,42.45,43.44,41.45,42.4,10939500,psxdata,2026-05-11T12:54:10
GGL,2021-08-30,42.5,42.7,39.4,40.05,29887500,psxdata,2026-05-11T12:54:10
GGL,2021-08-31,40.3,43.05,40.25,42.98,32742500,psxdata,2026-05-11T12:54:10
GGL,2021-09-01,43.25,46.2,42.8,46.2,32738500,psxdata,2026-05-11T12:54:10
GGL,2021-09-02,46.2,47.98,46.2,47.18,57965000,psxdata,2026-05-11T12:54:10
GGL,2021-09-03,47.9,49.45,47.26,48.9,29305000,psxdata,2026-05-11T12:54:10
GGL,2021-09-06,48.7,49.25,46.21,46.68,13422000,psxdata,2026-05-11T12:54:10
GGL,2021-09-07,46.7,46.7,43.35,45.02,12567000,psxdata,2026-05-11T12:54:10
GGL,2021-09-08,45.5,48.39,44.6,48.39,35372000,psxdata,2026-05-11T12:54:10
GGL,2021-09-09,48.56,50.45,44.77,44.95,56821000,psxdata,2026-05-11T12:54:10
GGL,2021-09-10,45.0,46.0,44.2,44.74,6618500,psxdata,2026-05-11T12:54:10
GGL,2021-09-13,44.9,45.45,41.98,43.0,6400500,psxdata,2026-05-11T12:54:10
GGL,2021-09-14,43.37,45.15,42.28,43.25,8153000,psxdata,2026-05-11T12:54:10
GGL,2021-09-15,43.35,44.43,42.9,43.57,5950000,psxdata,2026-05-11T12:54:10
GGL,2021-09-16,43.5,44.49,43.27,44.05,3274000,psxdata,2026-05-11T12:54:10
GGL,2021-09-17,44.09,44.72,43.0,43.17,4270000,psxdata,2026-05-11T12:54:10
GGL,2021-09-20,43.19,43.24,41.0,41.37,4820500,psxdata,2026-05-11T12:54:10
GGL,2021-09-21,41.48,42.8,40.75,41.34,9442500,psxdata,2026-05-11T12:54:10
GGL,2021-09-22,41.6,42.2,38.24,41.18,13993500,psxdata,2026-05-11T12:54:10
GGL,2021-09-23,41.38,42.1,38.7,39.85,7169000,psxdata,2026-05-11T12:54:10
GGL,2021-09-24,39.99,39.99,37.11,38.81,11757000,psxdata,2026-05-11T12:54:10
GGL,2021-09-27,39.39,39.55,36.22,37.59,5312500,psxdata,2026-05-11T12:54:10
GGL,2021-09-28,38.23,40.4,37.0,40.15,6579000,psxdata,2026-05-11T12:54:10
GGL,2021-09-29,40.22,40.22,37.14,37.32,18607000,psxdata,2026-05-11T12:54:10
GGL,2021-09-30,36.69,36.69,34.53,35.52,9589500,psxdata,2026-05-11T12:54:10
GGL,2021-10-01,35.24,36.9,34.21,35.18,10310500,psxdata,2026-05-11T12:54:10
GGL,2021-10-04,35.01,37.81,34.1,37.81,13094000,psxdata,2026-05-11T12:54:10
GGL,2021-10-05,38.87,40.64,38.25,39.43,18574500,psxdata,2026-05-11T12:54:10
GGL,2021-10-06,39.12,39.95,36.99,37.69,5785500,psxdata,2026-05-11T12:54:10
GGL,2021-10-07,37.8,39.9,37.8,38.62,8738500,psxdata,2026-05-11T12:54:10
GGL,2021-10-08,38.78,39.25,36.8,37.85,4559500,psxdata,2026-05-11T12:54:10
GGL,2021-10-11,37.5,37.99,35.02,35.02,5279000,psxdata,2026-05-11T12:54:10
GGL,2021-10-12,33.7,34.3,32.4,33.25,9276500,psxdata,2026-05-11T12:54:10
GGL,2021-10-13,29.55,29.9,26.81,27.77,16611500,psxdata,2026-05-11T12:54:10
GGL,2021-10-14,27.51,29.85,26.82,29.72,8773500,psxdata,2026-05-11T12:54:10
GGL,2021-10-15,29.85,30.75,28.92,30.04,7273000,psxdata,2026-05-11T12:54:10
GGL,2021-10-18,28.75,29.53,28.0,28.29,3892000,psxdata,2026-05-11T12:54:10
GGL,2021-10-20,28.59,29.6,28.59,29.14,2656000,psxdata,2026-05-11T12:54:10
GGL,2021-10-21,29.0,29.17,27.81,28.03,3332500,psxdata,2026-05-11T12:54:10
GGL,2021-10-22,27.82,28.0,26.51,27.79,5911000,psxdata,2026-05-11T12:54:10
GGL,2021-10-25,27.89,29.87,27.15,29.64,9507000,psxdata,2026-05-11T12:54:10
GGL,2021-10-26,30.0,30.89,29.4,29.89,8340000,psxdata,2026-05-11T12:54:10
GGL,2021-10-27,30.5,32.13,30.5,31.42,7562000,psxdata,2026-05-11T12:54:10
GGL,2021-10-28,31.5,31.8,30.0,30.99,5172500,psxdata,2026-05-11T12:54:10
GGL,2021-10-29,31.0,31.91,30.6,31.66,5823000,psxdata,2026-05-11T12:54:10
GGL,2021-11-01,32.25,33.25,32.25,32.71,8238000,psxdata,2026-05-11T12:54:10
GGL,2021-11-02,32.97,33.19,31.61,31.82,7065500,psxdata,2026-05-11T12:54:10
GGL,2021-11-03,31.99,33.85,31.71,33.39,15061500,psxdata,2026-05-11T12:54:10
GGL,2021-11-04,33.55,34.79,33.35,33.94,17194000,psxdata,2026-05-11T12:54:10
GGL,2021-11-05,33.88,36.48,33.51,35.8,36443000,psxdata,2026-05-11T12:54:10
GGL,2021-11-08,36.5,37.55,35.98,36.59,20959000,psxdata,2026-05-11T12:54:10
GGL,2021-11-09,36.69,36.72,33.85,33.85,19753500,psxdata,2026-05-11T12:54:10
GGL,2021-11-10,33.6,34.4,32.9,33.24,23782500,psxdata,2026-05-11T12:54:10
GGL,2021-11-11,33.49,33.79,31.76,32.19,30213500,psxdata,2026-05-11T12:54:10
GGL,2021-11-12,32.19,33.35,31.5,33.09,14548500,psxdata,2026-05-11T12:54:10
GGL,2021-11-15,32.76,34.44,32.76,34.15,17843000,psxdata,2026-05-11T12:54:10
GGL,2021-11-16,34.15,34.82,33.36,33.73,16613000,psxdata,2026-05-11T12:54:10
GGL,2021-11-17,33.89,33.9,31.4,31.65,13965500,psxdata,2026-05-11T12:54:10
GGL,2021-11-18,31.79,33.5,29.5,33.23,29064000,psxdata,2026-05-11T12:54:10
GGL,2021-11-19,33.75,34.6,33.25,33.68,33898000,psxdata,2026-05-11T12:54:10
GGL,2021-11-22,33.31,33.98,32.7,33.65,6358000,psxdata,2026-05-11T12:54:10
GGL,2021-11-23,33.81,34.25,31.13,31.36,10517000,psxdata,2026-05-11T12:54:10
GGL,2021-11-24,31.24,31.8,29.51,31.01,5504500,psxdata,2026-05-11T12:54:10
GGL,2021-11-25,31.17,31.39,30.5,30.9,2770000,psxdata,2026-05-11T12:54:10
GGL,2021-11-26,31.2,32.0,30.7,31.3,5878500,psxdata,2026-05-11T12:54:10
GGL,2021-11-29,31.41,32.79,31.02,32.29,4772000,psxdata,2026-05-11T12:54:10
GGL,2021-11-30,32.49,32.55,31.25,31.54,3140500,psxdata,2026-05-11T12:54:10
GGL,2021-12-01,31.5,32.1,31.32,31.52,1946000,psxdata,2026-05-11T12:54:10
GGL,2021-12-02,31.57,31.57,29.16,29.16,3689500,psxdata,2026-05-11T12:54:10
GGL,2021-12-03,28.2,28.5,26.98,27.24,7160500,psxdata,2026-05-11T12:54:10
GGL,2021-12-06,27.25,27.65,25.2,25.3,5060000,psxdata,2026-05-11T12:54:10
GGL,2021-12-07,25.7,26.9,25.25,26.71,7133500,psxdata,2026-05-11T12:54:10
GGL,2021-12-08,27.09,27.25,26.25,26.55,5352000,psxdata,2026-05-11T12:54:10
GGL,2021-12-09,26.4,26.52,24.6,24.88,4707000,psxdata,2026-05-11T12:54:10
GGL,2021-12-10,24.52,25.0,23.51,23.98,3515500,psxdata,2026-05-11T12:54:10
GGL,2021-12-13,23.65,23.94,22.19,22.19,2624000,psxdata,2026-05-11T12:54:10
GGL,2021-12-14,21.25,23.8,20.91,23.57,8010000,psxdata,2026-05-11T12:54:10
GGL,2021-12-15,24.5,25.33,24.45,25.3,6266500,psxdata,2026-05-11T12:54:10
GGL,2021-12-16,25.3,25.4,24.0,24.39,5203000,psxdata,2026-05-11T12:54:10
GGL,2021-12-17,24.01,25.5,24.01,24.57,7299500,psxdata,2026-05-11T12:54:10
GGL,2021-12-20,24.42,25.25,24.2,24.74,3695000,psxdata,2026-05-11T12:54:10
GGL,2021-12-21,24.78,25.65,24.75,24.99,6839500,psxdata,2026-05-11T12:54:10
GGL,2021-12-22,24.99,25.73,24.4,24.59,14213500,psxdata,2026-05-11T12:54:10
GGL,2021-12-23,24.6,24.8,24.13,24.42,5196500,psxdata,2026-05-11T12:54:10
GGL,2021-12-24,24.4,24.85,23.7,23.87,5745500,psxdata,2026-05-11T12:54:10
GGL,2021-12-27,23.94,24.1,23.29,23.37,2583500,psxdata,2026-05-11T12:54:10
GGL,2021-12-28,23.4,23.6,23.11,23.41,1084000,psxdata,2026-05-11T12:54:10
GGL,2021-12-29,23.4,24.39,23.37,24.14,4197000,psxdata,2026-05-11T12:54:10
GGL,2021-12-30,24.35,24.79,23.9,24.31,6399000,psxdata,2026-05-11T12:54:10
GGL,2021-12-31,24.45,24.71,24.02,24.12,3388500,psxdata,2026-05-11T12:54:10
GGL,2022-01-03,24.3,24.95,24.12,24.6,10811500,psxdata,2026-05-11T12:54:10
GGL,2022-01-04,24.6,25.23,24.31,24.97,14530500,psxdata,2026-05-11T12:54:10
GGL,2022-01-05,25.02,25.49,24.8,24.95,14109000,psxdata,2026-05-11T12:54:10
GGL,2022-01-06,25.01,25.01,23.62,23.79,6666500,psxdata,2026-05-11T12:54:10
GGL,2022-01-07,23.69,24.09,23.53,23.96,2372000,psxdata,2026-05-11T12:54:10
GGL,2022-01-10,24.0,24.54,23.61,24.2,4353500,psxdata,2026-05-11T12:54:10
GGL,2022-01-11,24.35,24.85,24.28,24.41,10493500,psxdata,2026-05-11T12:54:10
GGL,2022-01-12,24.56,25.08,24.01,24.19,12599500,psxdata,2026-05-11T12:54:10
GGL,2022-01-13,24.19,24.19,23.6,23.66,5149500,psxdata,2026-05-11T12:54:10
GGL,2022-01-14,23.7,24.1,23.3,23.37,2870000,psxdata,2026-05-11T12:54:10
GGL,2022-01-17,23.38,23.49,22.25,22.31,5007000,psxdata,2026-05-11T12:54:10
GGL,2022-01-18,22.4,22.59,22.0,22.26,4566500,psxdata,2026-05-11T12:54:10
GGL,2022-01-19,22.26,22.4,20.6,20.6,6998000,psxdata,2026-05-11T12:54:10
GGL,2022-01-20,20.16,20.74,19.08,20.48,17501000,psxdata,2026-05-11T12:54:10
GGL,2022-01-21,20.79,21.3,20.46,20.77,7091500,psxdata,2026-05-11T12:54:10
GGL,2022-01-24,20.7,20.75,19.96,20.2,3797000,psxdata,2026-05-11T12:54:10
GGL,2022-01-25,20.52,20.6,19.7,19.87,3726500,psxdata,2026-05-11T12:54:10
GGL,2022-01-26,20.15,20.15,19.32,19.67,6014500,psxdata,2026-05-11T12:54:10
GGL,2022-01-27,19.75,19.9,19.31,19.5,3284000,psxdata,2026-05-11T12:54:10
GGL,2022-01-28,19.54,20.88,19.33,20.63,16530000,psxdata,2026-05-11T12:54:10
GGL,2022-01-31,20.8,22.17,20.8,22.17,11912000,psxdata,2026-05-11T12:54:10
GGL,2022-02-01,22.6,23.22,22.3,22.72,25499000,psxdata,2026-05-11T12:54:10
GGL,2022-02-02,22.99,22.99,22.28,22.71,18599000,psxdata,2026-05-11T12:54:10
GGL,2022-02-03,23.05,23.34,22.0,22.24,16802000,psxdata,2026-05-11T12:54:10
GGL,2022-02-04,22.15,22.7,22.0,22.38,8030000,psxdata,2026-05-11T12:54:10
GGL,2022-02-07,22.47,22.59,21.71,21.81,3180500,psxdata,2026-05-11T12:54:10
GGL,2022-02-08,21.79,21.9,21.4,21.57,4017500,psxdata,2026-05-11T12:54:10
GGL,2022-02-09,21.71,22.48,21.6,22.35,7585500,psxdata,2026-05-11T12:54:10
GGL,2022-02-10,22.6,22.75,21.7,21.82,7483500,psxdata,2026-05-11T12:54:10
GGL,2022-02-11,21.7,22.2,21.57,21.78,4440500,psxdata,2026-05-11T12:54:10
GGL,2022-02-14,21.64,21.89,20.2,20.5,7805000,psxdata,2026-05-11T12:54:10
GGL,2022-02-15,20.7,22.03,20.51,21.67,7788000,psxdata,2026-05-11T12:54:10
GGL,2022-02-16,21.71,21.89,21.01,21.2,4563500,psxdata,2026-05-11T12:54:10
GGL,2022-02-17,21.24,21.4,20.6,20.93,3364500,psxdata,2026-05-11T12:54:10
GGL,2022-02-18,20.93,21.28,20.75,21.17,3198000,psxdata,2026-05-11T12:54:10
GGL,2022-02-21,21.0,21.03,20.6,20.74,1866000,psxdata,2026-05-11T12:54:10
GGL,2022-02-22,20.49,20.49,19.51,19.81,7936500,psxdata,2026-05-11T12:54:10
GGL,2022-02-23,20.05,20.07,19.3,19.94,6689000,psxdata,2026-05-11T12:54:10
GGL,2022-02-24,18.98,19.25,18.45,18.45,7978000,psxdata,2026-05-11T12:54:10
GGL,2022-02-25,18.49,18.8,17.7,18.11,9550000,psxdata,2026-05-11T12:54:10
GGL,2022-02-28,18.11,19.46,17.65,19.33,10511000,psxdata,2026-05-11T12:54:10
GGL,2022-03-01,19.9,19.9,18.85,19.47,13175000,psxdata,2026-05-11T12:54:10
GGL,2022-03-02,19.1,19.18,18.7,18.92,6625000,psxdata,2026-05-11T12:54:10
GGL,2022-03-03,18.9,19.07,18.33,18.47,3575000,psxdata,2026-05-11T12:54:10
GGL,2022-03-04,18.49,18.67,17.92,18.05,4774000,psxdata,2026-05-11T12:54:10
GGL,2022-03-07,17.56,17.59,16.7,16.7,7855000,psxdata,2026-05-11T12:54:10
GGL,2022-03-08,16.69,16.76,15.5,15.83,16902500,psxdata,2026-05-11T12:54:10
GGL,2022-03-09,16.03,16.39,15.36,15.49,12791000,psxdata,2026-05-11T12:54:10
GGL,2022-03-10,15.95,16.15,15.51,15.74,11527000,psxdata,2026-05-11T12:54:10
GGL,2022-03-11,15.64,15.67,15.25,15.32,4585000,psxdata,2026-05-11T12:54:10
GGL,2022-03-14,15.26,15.35,14.25,14.68,7022500,psxdata,2026-05-11T12:54:10
GGL,2022-03-15,14.33,15.5,14.33,15.35,9813500,psxdata,2026-05-11T12:54:10
GGL,2022-03-16,15.5,15.95,15.26,15.45,7068500,psxdata,2026-05-11T12:54:10
GGL,2022-03-17,15.69,15.69,15.02,15.07,2912500,psxdata,2026-05-11T12:54:10
GGL,2022-03-18,14.69,14.69,13.95,14.14,10053500,psxdata,2026-05-11T12:54:10
GGL,2022-03-21,14.15,14.4,14.1,14.21,3202500,psxdata,2026-05-11T12:54:10
GGL,2022-03-22,14.26,14.5,14.11,14.16,4983000,psxdata,2026-05-11T12:54:10
GGL,2022-03-24,14.15,14.5,14.05,14.46,5127000,psxdata,2026-05-11T12:54:10
GGL,2022-03-25,14.5,14.7,14.16,14.26,3161000,psxdata,2026-05-11T12:54:10
GGL,2022-03-28,14.12,15.0,13.92,14.86,6171500,psxdata,2026-05-11T12:54:10
GGL,2022-03-29,15.13,15.97,15.1,15.9,15048500,psxdata,2026-05-11T12:54:10
GGL,2022-03-30,15.7,16.89,15.3,16.24,31115000,psxdata,2026-05-11T12:54:10
GGL,2022-03-31,16.15,17.45,16.1,17.29,26218000,psxdata,2026-05-11T12:54:10
GGL,2022-04-01,17.09,18.15,16.91,17.38,21629500,psxdata,2026-05-11T12:54:10
GGL,2022-04-04,16.35,16.6,16.08,16.08,11146000,psxdata,2026-05-11T12:54:10
GGL,2022-04-05,15.9,16.35,15.7,15.86,6037500,psxdata,2026-05-11T12:54:10
GGL,2022-04-06,16.0,16.51,16.0,16.17,4506500,psxdata,2026-05-11T12:54:10
GGL,2022-04-07,16.3,16.87,16.26,16.5,11144500,psxdata,2026-05-11T12:54:10
GGL,2022-04-08,16.69,17.73,16.63,17.61,17718500,psxdata,2026-05-11T12:54:10
GGL,2022-04-11,18.93,18.93,18.65,18.93,4089500,psxdata,2026-05-11T12:54:10
GGL,2022-04-12,19.9,20.34,19.25,20.34,21185500,psxdata,2026-05-11T12:54:10
GGL,2022-04-13,20.5,21.79,20.41,21.18,32521000,psxdata,2026-05-11T12:54:10
GGL,2022-04-14,21.19,21.67,20.62,21.41,17478000,psxdata,2026-05-11T12:54:10
GGL,2022-04-15,22.2,22.75,21.55,21.79,24974500,psxdata,2026-05-11T12:54:10
GGL,2022-04-18,21.5,21.79,20.63,20.75,12258500,psxdata,2026-05-11T12:54:10
GGL,2022-04-19,20.77,21.05,19.2,19.36,18029500,psxdata,2026-05-11T12:54:10
GGL,2022-04-20,19.24,19.48,18.44,19.23,14761000,psxdata,2026-05-11T12:54:10
GGL,2022-04-21,19.32,19.65,18.76,19.26,7884500,psxdata,2026-05-11T12:54:10
GGL,2022-04-22,19.4,20.7,19.11,20.7,15399000,psxdata,2026-05-11T12:54:10
GGL,2022-04-25,21.48,22.25,19.54,20.05,21768000,psxdata,2026-05-11T12:54:10
GGL,2022-04-26,20.29,20.64,19.52,20.21,10863500,psxdata,2026-05-11T12:54:10
GGL,2022-04-27,20.19,20.25,19.65,19.8,3617500,psxdata,2026-05-11T12:54:10
GGL,2022-04-28,19.7,20.19,18.9,19.8,10446500,psxdata,2026-05-11T12:54:10
GGL,2022-05-06,19.99,19.99,18.82,19.03,6477000,psxdata,2026-05-11T12:54:10
GGL,2022-05-09,18.98,18.98,17.61,17.61,10608500,psxdata,2026-05-11T12:54:10
GGL,2022-05-10,17.25,17.6,16.76,17.19,10051500,psxdata,2026-05-11T12:54:10
GGL,2022-05-11,17.24,17.25,15.91,15.97,10136000,psxdata,2026-05-11T12:54:10
GGL,2022-05-12,15.86,17.15,15.17,16.62,15909414,psxdata,2026-05-11T12:54:10
GGL,2022-05-13,16.55,16.9,16.2,16.39,6746210,psxdata,2026-05-11T12:54:10
GGL,2022-05-16,15.97,15.97,15.17,15.21,9711733,psxdata,2026-05-11T12:54:10
GGL,2022-05-17,15.19,15.44,14.81,15.27,6549648,psxdata,2026-05-11T12:54:10
GGL,2022-05-18,15.25,16.41,14.86,16.41,12916300,psxdata,2026-05-11T12:54:10
GGL,2022-05-19,16.76,16.9,15.91,16.02,15096576,psxdata,2026-05-11T12:54:10
GGL,2022-05-20,15.97,16.25,15.71,15.85,5510938,psxdata,2026-05-11T12:54:10
GGL,2022-05-23,15.25,15.5,15.02,15.13,6015622,psxdata,2026-05-11T12:54:10
GGL,2022-05-24,15.03,15.65,14.95,15.01,9009293,psxdata,2026-05-11T12:54:10
GGL,2022-05-25,15.01,16.13,14.9,15.96,10997709,psxdata,2026-05-11T12:54:10
GGL,2022-05-26,16.01,17.1,15.71,16.95,17603329,psxdata,2026-05-11T12:54:10
GGL,2022-05-27,17.21,18.15,16.8,17.01,19588012,psxdata,2026-05-11T12:54:10
GGL,2022-05-30,17.21,17.55,16.94,17.07,8704617,psxdata,2026-05-11T12:54:10
GGL,2022-05-31,17.27,17.5,16.96,17.17,6737055,psxdata,2026-05-11T12:54:10
GGL,2022-06-01,17.2,17.69,16.75,16.9,13496241,psxdata,2026-05-11T12:54:10
GGL,2022-06-02,16.71,16.91,16.42,16.6,4813504,psxdata,2026-05-11T12:54:10
GGL,2022-06-03,16.42,16.5,15.8,16.04,5341522,psxdata,2026-05-11T12:54:10
GGL,2022-06-06,16.19,16.8,15.95,16.72,7659400,psxdata,2026-05-11T12:54:10
GGL,2022-06-07,16.75,16.94,16.05,16.17,4509457,psxdata,2026-05-11T12:54:10
GGL,2022-06-08,16.24,16.59,15.95,16.35,4098430,psxdata,2026-05-11T12:54:10
GGL,2022-06-09,16.49,17.0,16.34,16.56,10549783,psxdata,2026-05-11T12:54:10
GGL,2022-06-10,16.73,16.85,16.4,16.55,3900580,psxdata,2026-05-11T12:54:10
GGL,2022-06-13,16.5,16.5,16.05,16.25,5897831,psxdata,2026-05-11T12:54:10
GGL,2022-06-14,16.36,16.68,16.21,16.57,4220145,psxdata,2026-05-11T12:54:10
GGL,2022-06-15,16.75,16.89,16.52,16.57,3218660,psxdata,2026-05-11T12:54:10
GGL,2022-06-16,16.55,16.71,16.23,16.41,2586508,psxdata,2026-05-11T12:54:10
GGL,2022-06-17,16.37,17.1,16.37,16.75,5563647,psxdata,2026-05-11T12:54:10
GGL,2022-06-20,16.89,16.99,16.55,16.6,3955687,psxdata,2026-05-11T12:54:10
GGL,2022-06-21,16.65,17.84,16.6,17.74,8143359,psxdata,2026-05-11T12:54:10
GGL,2022-06-22,17.97,18.15,17.44,17.58,11788125,psxdata,2026-05-11T12:54:10
GGL,2022-06-23,17.8,18.07,17.7,17.76,6987662,psxdata,2026-05-11T12:54:10
GGL,2022-06-24,17.76,17.85,16.43,16.45,10087763,psxdata,2026-05-11T12:54:10
GGL,2022-06-27,16.45,17.04,16.45,16.87,4047062,psxdata,2026-05-11T12:54:10
GGL,2022-06-28,17.05,17.05,16.45,16.51,3000660,psxdata,2026-05-11T12:54:10
GGL,2022-06-29,16.54,16.7,16.4,16.55,2615917,psxdata,2026-05-11T12:54:10
GGL,2022-06-30,16.61,16.68,16.35,16.51,2037580,psxdata,2026-05-11T12:54:10
GGL,2022-07-01,16.59,16.85,16.41,16.55,2886317,psxdata,2026-05-11T12:54:10
GGL,2022-07-04,16.51,16.62,16.31,16.43,2057633,psxdata,2026-05-11T12:54:10
GGL,2022-07-05,16.43,16.74,16.35,16.42,1398689,psxdata,2026-05-11T12:54:10
GGL,2022-07-06,16.58,16.61,16.44,16.53,809244,psxdata,2026-05-11T12:54:10
GGL,2022-07-07,16.61,16.66,16.42,16.59,1026744,psxdata,2026-05-11T12:54:10
GGL,2022-07-13,16.52,17.3,16.46,17.16,3460774,psxdata,2026-05-11T12:54:10
GGL,2022-07-14,17.4,17.45,17.02,17.16,4765175,psxdata,2026-05-11T12:54:10
GGL,2022-07-15,17.28,17.28,16.95,17.05,2332752,psxdata,2026-05-11T12:54:10
GGL,2022-07-18,16.49,16.69,16.15,16.24,2958982,psxdata,2026-05-11T12:54:10
GGL,2022-07-19,16.34,16.4,15.03,15.06,7359815,psxdata,2026-05-11T12:54:10
GGL,2022-07-20,15.06,15.5,14.95,15.14,3179804,psxdata,2026-05-11T12:54:10
GGL,2022-07-21,15.23,15.35,14.5,14.55,2788095,psxdata,2026-05-11T12:54:10
GGL,2022-07-22,14.69,15.3,14.31,15.07,3286286,psxdata,2026-05-11T12:54:10
GGL,2022-07-25,15.07,15.1,14.71,14.98,1345414,psxdata,2026-05-11T12:54:10
GGL,2022-07-26,14.97,15.24,14.8,14.93,2616424,psxdata,2026-05-11T12:54:10
GGL,2022-07-27,15.02,15.24,14.86,15.05,2077939,psxdata,2026-05-11T12:54:10
GGL,2022-07-28,15.14,15.8,14.82,15.53,7537753,psxdata,2026-05-11T12:54:10
GGL,2022-07-29,15.55,15.97,15.29,15.55,6633281,psxdata,2026-05-11T12:54:10
GGL,2022-08-01,15.51,15.82,15.4,15.5,3030019,psxdata,2026-05-11T12:54:10
GGL,2022-08-02,15.3,16.2,15.12,16.03,9190575,psxdata,2026-05-11T12:54:10
GGL,2022-08-03,16.03,16.94,16.01,16.58,9225454,psxdata,2026-05-11T12:54:10
GGL,2022-08-04,16.7,16.85,16.35,16.45,4151761,psxdata,2026-05-11T12:54:10
GGL,2022-08-05,16.68,17.04,16.39,16.76,5797044,psxdata,2026-05-11T12:54:10
GGL,2022-08-10,16.9,17.2,16.67,16.9,5758848,psxdata,2026-05-11T12:54:10
GGL,2022-08-11,16.9,17.7,16.68,17.27,14508403,psxdata,2026-05-11T12:54:10
GGL,2022-08-12,17.27,17.7,17.16,17.58,6305499,psxdata,2026-05-11T12:54:10
GGL,2022-08-15,17.6,18.2,17.6,17.98,10117274,psxdata,2026-05-11T12:54:10
GGL,2022-08-16,17.98,18.5,17.52,17.63,10920196,psxdata,2026-05-11T12:54:10
GGL,2022-08-17,17.83,17.83,17.4,17.73,3020673,psxdata,2026-05-11T12:54:10
GGL,2022-08-18,17.73,18.17,17.6,17.66,5541371,psxdata,2026-05-11T12:54:10
GGL,2022-08-19,17.42,17.64,17.3,17.38,1531479,psxdata,2026-05-11T12:54:10
GGL,2022-08-22,17.24,17.25,16.9,17.01,1944422,psxdata,2026-05-11T12:54:10
GGL,2022-08-23,17.19,17.36,17.0,17.09,2035555,psxdata,2026-05-11T12:54:10
GGL,2022-08-24,17.05,17.25,17.01,17.06,2536767,psxdata,2026-05-11T12:54:10
GGL,2022-08-25,17.2,17.2,16.65,16.92,1994806,psxdata,2026-05-11T12:54:10
GGL,2022-08-26,16.93,17.09,16.5,16.53,4097412,psxdata,2026-05-11T12:54:10
GGL,2022-08-29,16.35,16.7,15.9,16.53,3586746,psxdata,2026-05-11T12:54:10
GGL,2022-08-30,16.99,17.1,16.41,16.52,3219002,psxdata,2026-05-11T12:54:10
GGL,2022-08-31,16.46,16.88,16.35,16.51,2394085,psxdata,2026-05-11T12:54:10
GGL,2022-09-01,16.8,16.8,16.5,16.6,1748726,psxdata,2026-05-11T12:54:10
GGL,2022-09-02,16.7,16.87,16.41,16.58,2256652,psxdata,2026-05-11T12:54:10
GGL,2022-09-05,16.55,16.6,16.0,16.07,1959346,psxdata,2026-05-11T12:54:10
GGL,2022-09-06,16.05,16.3,16.0,16.22,1459878,psxdata,2026-05-11T12:54:10
GGL,2022-09-07,16.35,16.38,16.01,16.02,895826,psxdata,2026-05-11T12:54:10
GGL,2022-09-08,16.03,16.14,15.77,16.03,1076450,psxdata,2026-05-11T12:54:10
GGL,2022-09-09,15.88,16.24,15.88,15.98,631653,psxdata,2026-05-11T12:54:10
GGL,2022-09-12,16.1,16.1,15.69,15.76,965423,psxdata,2026-05-11T12:54:10
GGL,2022-09-13,15.91,15.98,15.5,15.6,966956,psxdata,2026-05-11T12:54:10
GGL,2022-09-14,15.7,16.21,15.57,16.09,4131925,psxdata,2026-05-11T12:54:10
GGL,2022-09-15,16.21,16.8,16.1,16.19,7941609,psxdata,2026-05-11T12:54:10
GGL,2022-09-16,16.29,16.3,16.04,16.08,1291752,psxdata,2026-05-11T12:54:10
GGL,2022-09-19,16.03,16.19,15.9,16.0,1682011,psxdata,2026-05-11T12:54:10
GGL,2022-09-20,16.15,16.7,15.9,16.42,5746423,psxdata,2026-05-11T12:54:10
GGL,2022-09-21,16.35,16.6,16.07,16.3,3039798,psxdata,2026-05-11T12:54:10
GGL,2022-09-22,16.25,16.37,15.85,16.31,2166722,psxdata,2026-05-11T12:54:10
GGL,2022-09-23,16.29,16.5,15.91,16.0,1565015,psxdata,2026-05-11T12:54:10
GGL,2022-09-26,16.16,16.5,16.0,16.42,3943708,psxdata,2026-05-11T12:54:10
GGL,2022-09-27,16.55,16.99,16.25,16.86,9868733,psxdata,2026-05-11T12:54:10
GGL,2022-09-28,17.1,17.36,16.7,16.86,9735962,psxdata,2026-05-11T12:54:10
GGL,2022-09-29,16.83,16.93,16.55,16.62,2805865,psxdata,2026-05-11T12:54:10
GGL,2022-09-30,16.6,16.7,16.35,16.41,2379910,psxdata,2026-05-11T12:54:10
GGL,2022-10-03,16.35,16.61,16.26,16.34,2016795,psxdata,2026-05-11T12:54:10
GGL,2022-10-04,16.32,16.75,16.32,16.63,3327457,psxdata,2026-05-11T12:54:10
GGL,2022-10-05,16.51,16.59,16.15,16.23,4235392,psxdata,2026-05-11T12:54:10
GGL,2022-10-06,16.26,16.88,16.26,16.65,5991272,psxdata,2026-05-11T12:54:10
GGL,2022-10-07,16.54,16.65,16.33,16.38,1810905,psxdata,2026-05-11T12:54:10
GGL,2022-10-10,16.38,16.6,16.27,16.47,1419698,psxdata,2026-05-11T12:54:10
GGL,2022-10-11,16.65,17.33,16.58,16.92,14894516,psxdata,2026-05-11T12:54:10
GGL,2022-10-12,16.95,17.24,16.85,16.97,7072715,psxdata,2026-05-11T12:54:10
GGL,2022-10-13,17.0,17.27,16.95,17.1,6384540,psxdata,2026-05-11T12:54:10
GGL,2022-10-14,17.3,17.62,17.0,17.06,13994774,psxdata,2026-05-11T12:54:10
GGL,2022-10-17,16.97,17.06,16.22,16.33,3892815,psxdata,2026-05-11T12:54:10
GGL,2022-10-18,16.45,16.55,16.11,16.17,2818486,psxdata,2026-05-11T12:54:10
GGL,2022-10-19,16.35,17.38,16.1,17.38,14551653,psxdata,2026-05-11T12:54:10
GGL,2022-10-20,17.55,17.83,17.12,17.32,16048231,psxdata,2026-05-11T12:54:10
GGL,2022-10-21,17.48,17.62,17.0,17.2,6035824,psxdata,2026-05-11T12:54:10
GGL,2022-10-24,17.61,17.65,17.1,17.14,3034676,psxdata,2026-05-11T12:54:10
GGL,2022-10-25,17.2,17.34,16.57,16.7,2750080,psxdata,2026-05-11T12:54:10
GGL,2022-10-26,16.5,16.5,15.81,15.94,6010381,psxdata,2026-05-11T12:54:10
GGL,2022-10-27,15.95,16.2,15.64,15.93,2795069,psxdata,2026-05-11T12:54:10
GGL,2022-10-28,16.07,16.07,15.3,15.34,3872177,psxdata,2026-05-11T12:54:10
GGL,2022-10-31,15.3,15.69,15.14,15.21,2267503,psxdata,2026-05-11T12:54:10
GGL,2022-11-01,15.35,16.01,15.3,15.92,3413484,psxdata,2026-05-11T12:54:10
GGL,2022-11-02,16.0,16.1,15.65,15.72,2748154,psxdata,2026-05-11T12:54:10
GGL,2022-11-03,15.8,16.89,15.61,16.59,17512002,psxdata,2026-05-11T12:54:10
GGL,2022-11-04,16.21,16.43,16.01,16.07,4113424,psxdata,2026-05-11T12:54:10
GGL,2022-11-07,16.34,16.5,16.13,16.2,2239772,psxdata,2026-05-11T12:54:10
GGL,2022-11-08,16.2,16.39,16.12,16.15,1193716,psxdata,2026-05-11T12:54:10
GGL,2022-11-10,16.23,17.29,16.18,17.06,14106733,psxdata,2026-05-11T12:54:10
GGL,2022-11-11,17.19,17.36,16.7,17.11,6735670,psxdata,2026-05-11T12:54:10
GGL,2022-11-14,16.82,17.09,16.62,16.73,3066609,psxdata,2026-05-11T12:54:10
GGL,2022-11-15,16.85,16.99,16.48,16.54,3102232,psxdata,2026-05-11T12:54:10
GGL,2022-11-16,16.65,16.91,16.48,16.69,2438347,psxdata,2026-05-11T12:54:10
GGL,2022-11-17,16.71,16.94,16.65,16.71,2698562,psxdata,2026-05-11T12:54:10
GGL,2022-11-18,16.69,16.83,16.26,16.42,1874383,psxdata,2026-05-11T12:54:10
GGL,2022-11-21,16.5,16.98,16.3,16.46,7737247,psxdata,2026-05-11T12:54:10
GGL,2022-11-22,16.5,16.85,16.4,16.7,5341449,psxdata,2026-05-11T12:54:10
GGL,2022-11-23,16.75,17.09,16.75,16.83,6273062,psxdata,2026-05-11T12:54:10
GGL,2022-11-24,16.87,16.94,16.62,16.7,3989724,psxdata,2026-05-11T12:54:10
GGL,2022-11-25,16.96,16.96,16.44,16.51,4570071,psxdata,2026-05-11T12:54:10
GGL,2022-11-28,16.18,16.24,15.8,15.89,4863053,psxdata,2026-05-11T12:54:10
GGL,2022-11-29,15.99,16.1,15.55,15.82,1883072,psxdata,2026-05-11T12:54:10
GGL,2022-11-30,15.96,15.97,15.69,15.73,1455271,psxdata,2026-05-11T12:54:10
GGL,2022-12-01,15.85,16.27,15.75,15.9,4951719,psxdata,2026-05-11T12:54:10
GGL,2022-12-02,14.5,14.8,14.41,14.55,3530601,psxdata,2026-05-11T12:54:10
GGL,2022-12-05,14.71,14.81,14.14,14.22,1029577,psxdata,2026-05-11T12:54:10
GGL,2022-12-06,14.35,14.35,13.94,14.06,2340777,psxdata,2026-05-11T12:54:10
GGL,2022-12-07,14.29,14.38,14.15,14.21,1098158,psxdata,2026-05-11T12:54:10
GGL,2022-12-08,14.25,14.4,13.78,13.85,2487288,psxdata,2026-05-11T12:54:10
GGL,2022-12-09,13.82,14.88,13.8,14.88,6057051,psxdata,2026-05-11T12:54:10
GGL,2022-12-12,15.02,15.06,14.29,14.37,5127393,psxdata,2026-05-11T12:54:10
GGL,2022-12-13,14.37,14.41,13.9,14.07,2800248,psxdata,2026-05-11T12:54:10
GGL,2022-12-14,14.07,14.35,14.02,14.15,4362293,psxdata,2026-05-11T12:54:10
GGL,2022-12-15,14.1,14.24,13.59,13.71,2826174,psxdata,2026-05-11T12:54:10
GGL,2022-12-16,13.57,13.77,13.4,13.52,1391290,psxdata,2026-05-11T12:54:10
GGL,2022-12-19,13.45,13.6,12.74,12.84,2447444,psxdata,2026-05-11T12:54:10
GGL,2022-12-20,12.84,12.9,11.84,11.84,4509144,psxdata,2026-05-11T12:54:10
GGL,2022-12-21,11.5,12.19,11.08,11.16,3819782,psxdata,2026-05-11T12:54:10
GGL,2022-12-22,11.25,11.7,11.05,11.43,3605831,psxdata,2026-05-11T12:54:10
GGL,2022-12-23,11.44,11.45,11.11,11.23,1899952,psxdata,2026-05-11T12:54:10
GGL,2022-12-26,11.25,11.69,11.25,11.6,1864015,psxdata,2026-05-11T12:54:10
GGL,2022-12-27,11.62,11.65,11.35,11.43,1212388,psxdata,2026-05-11T12:54:10
GGL,2022-12-28,11.39,11.55,11.02,11.15,1993548,psxdata,2026-05-11T12:54:10
GGL,2022-12-29,11.05,11.41,11.05,11.22,1343640,psxdata,2026-05-11T12:54:10
GGL,2022-12-30,11.2,11.55,11.13,11.25,2925857,psxdata,2026-05-11T12:54:10
GGL,2023-01-02,11.29,11.8,11.2,11.44,4112251,psxdata,2026-05-11T12:54:10
GGL,2023-01-03,11.49,11.6,11.21,11.26,999932,psxdata,2026-05-11T12:54:10
GGL,2023-01-04,11.26,11.45,11.12,11.15,985835,psxdata,2026-05-11T12:54:10
GGL,2023-01-05,11.11,11.3,11.05,11.14,909395,psxdata,2026-05-11T12:54:10
GGL,2023-01-06,11.08,11.38,11.07,11.24,773847,psxdata,2026-05-11T12:54:10
GGL,2023-01-09,11.32,11.32,11.03,11.08,843213,psxdata,2026-05-11T12:54:10
GGL,2023-01-10,11.3,11.71,11.08,11.51,4461622,psxdata,2026-05-11T12:54:10
GGL,2023-01-11,11.6,11.69,11.25,11.3,2178550,psxdata,2026-05-11T12:54:10
GGL,2023-01-12,11.26,11.57,11.2,11.26,2131698,psxdata,2026-05-11T12:54:10
GGL,2023-01-13,11.16,11.16,10.9,11.01,1486665,psxdata,2026-05-11T12:54:10
GGL,2023-01-16,11.08,11.08,10.48,10.72,2356940,psxdata,2026-05-11T12:54:10
GGL,2023-01-17,10.73,10.95,9.9,10.1,1821083,psxdata,2026-05-11T12:54:10
GGL,2023-01-18,10.15,10.2,9.7,10.03,1985779,psxdata,2026-05-11T12:54:10
GGL,2023-01-19,10.03,10.36,9.95,10.0,2998837,psxdata,2026-05-11T12:54:10
GGL,2023-01-20,10.09,10.09,9.65,9.73,698885,psxdata,2026-05-11T12:54:10
GGL,2023-01-23,9.82,9.82,9.5,9.64,695877,psxdata,2026-05-11T12:54:10
GGL,2023-01-24,9.65,10.0,9.61,9.87,2460868,psxdata,2026-05-11T12:54:10
GGL,2023-01-25,9.99,10.55,9.85,10.3,5589121,psxdata,2026-05-11T12:54:10
GGL,2023-01-26,10.38,10.86,10.16,10.41,4437065,psxdata,2026-05-11T12:54:10
GGL,2023-01-27,10.4,10.49,9.97,10.04,1541416,psxdata,2026-05-11T12:54:10
GGL,2023-01-30,10.0,10.05,9.7,9.78,822674,psxdata,2026-05-11T12:54:10
GGL,2023-01-31,9.92,10.11,9.8,9.9,928051,psxdata,2026-05-11T12:54:10
GGL,2023-02-01,9.92,10.04,9.9,9.92,392524,psxdata,2026-05-11T12:54:10
GGL,2023-02-02,9.92,10.64,9.83,10.46,5488518,psxdata,2026-05-11T12:54:10
GGL,2023-02-03,10.37,10.63,10.2,10.28,2527561,psxdata,2026-05-11T12:54:10
GGL,2023-02-06,10.32,10.55,10.13,10.4,1629317,psxdata,2026-05-11T12:54:10
GGL,2023-02-07,10.45,10.6,10.3,10.34,1569599,psxdata,2026-05-11T12:54:10
GGL,2023-02-08,10.35,11.32,10.22,11.17,10987823,psxdata,2026-05-11T12:54:10
GGL,2023-02-09,11.15,11.44,11.01,11.09,5929906,psxdata,2026-05-11T12:54:10
GGL,2023-02-10,10.94,10.97,10.55,10.67,2815769,psxdata,2026-05-11T12:54:10
GGL,2023-02-13,10.68,11.15,10.55,11.04,2853445,psxdata,2026-05-11T12:54:10
GGL,2023-02-14,11.0,11.08,10.63,10.81,932785,psxdata,2026-05-11T12:54:10
GGL,2023-02-15,10.79,10.9,10.56,10.78,746839,psxdata,2026-05-11T12:54:10
GGL,2023-02-16,10.8,10.95,10.5,10.56,963236,psxdata,2026-05-11T12:54:10
GGL,2023-02-17,10.69,10.72,10.4,10.5,651541,psxdata,2026-05-11T12:54:10
GGL,2023-02-20,10.5,10.59,10.01,10.27,1633514,psxdata,2026-05-11T12:54:10
GGL,2023-02-21,10.39,10.4,10.28,10.34,473956,psxdata,2026-05-11T12:54:10
GGL,2023-02-22,10.45,10.52,10.15,10.35,1026325,psxdata,2026-05-11T12:54:10
GGL,2023-02-23,10.4,10.4,10.1,10.15,914677,psxdata,2026-05-11T12:54:10
GGL,2023-02-24,10.15,10.22,9.92,9.98,1768941,psxdata,2026-05-11T12:54:10
GGL,2023-02-27,10.2,10.2,9.8,10.05,909376,psxdata,2026-05-11T12:54:10
GGL,2023-02-28,10.04,10.15,9.85,9.92,845923,psxdata,2026-05-11T12:54:10
GGL,2023-03-01,9.72,10.02,9.53,9.92,2752839,psxdata,2026-05-11T12:54:10
GGL,2023-03-02,10.09,10.12,9.76,9.87,1271922,psxdata,2026-05-11T12:54:10
GGL,2023-03-03,9.8,10.17,9.55,9.99,1839983,psxdata,2026-05-11T12:54:10
GGL,2023-03-06,10.14,10.49,10.07,10.17,2753061,psxdata,2026-05-11T12:54:10
GGL,2023-03-07,10.25,10.3,10.16,10.26,539653,psxdata,2026-05-11T12:54:10
GGL,2023-03-08,10.15,10.45,10.0,10.22,981508,psxdata,2026-05-11T12:54:10
GGL,2023-03-09,10.35,10.49,10.21,10.37,1718440,psxdata,2026-05-11T12:54:10
GGL,2023-03-10,10.36,11.37,10.36,11.37,10651454,psxdata,2026-05-11T12:54:10
GGL,2023-03-13,11.5,11.64,11.05,11.17,8617833,psxdata,2026-05-11T12:54:10
GGL,2023-03-14,11.1,12.07,11.0,11.78,13078198,psxdata,2026-05-11T12:54:10
GGL,2023-03-15,11.71,12.2,11.6,11.87,7621821,psxdata,2026-05-11T12:54:10
GGL,2023-03-16,12.1,12.6,11.76,12.35,11906682,psxdata,2026-05-11T12:54:10
GGL,2023-03-17,12.44,12.6,12.12,12.21,4018258,psxdata,2026-05-11T12:54:10
GGL,2023-03-20,12.11,12.29,11.6,11.81,2354582,psxdata,2026-05-11T12:54:10
GGL,2023-03-21,11.85,12.19,11.85,11.9,4311148,psxdata,2026-05-11T12:54:10
GGL,2023-03-22,11.85,12.19,11.23,11.41,5968150,psxdata,2026-05-11T12:54:10
GGL,2023-03-24,11.32,11.56,10.75,10.88,1464753,psxdata,2026-05-11T12:54:10
GGL,2023-03-27,10.88,10.9,10.7,10.74,452713,psxdata,2026-05-11T12:54:10
GGL,2023-03-28,10.86,10.93,10.65,10.74,694747,psxdata,2026-05-11T12:54:10
GGL,2023-03-29,10.85,10.92,10.6,10.68,1212935,psxdata,2026-05-11T12:54:10
GGL,2023-03-30,10.65,10.74,10.55,10.63,671931,psxdata,2026-05-11T12:54:10
GGL,2023-03-31,10.73,10.73,10.45,10.57,819429,psxdata,2026-05-11T12:54:10
GGL,2023-04-03,10.55,10.72,10.4,10.51,638960,psxdata,2026-05-11T12:54:10
GGL,2023-04-04,10.63,10.63,10.32,10.5,841385,psxdata,2026-05-11T12:54:10
GGL,2023-04-05,10.65,10.73,10.5,10.59,686109,psxdata,2026-05-11T12:54:10
GGL,2023-04-06,10.63,11.59,10.63,11.46,8001846,psxdata,2026-05-11T12:54:10
GGL,2023-04-07,11.52,11.55,11.12,11.16,2720281,psxdata,2026-05-11T12:54:10
GGL,2023-04-10,11.19,11.19,10.95,10.98,915235,psxdata,2026-05-11T12:54:10
GGL,2023-04-11,10.94,11.0,10.77,10.8,961135,psxdata,2026-05-11T12:54:10
GGL,2023-04-12,10.81,11.12,10.81,11.07,922801,psxdata,2026-05-11T12:54:10
GGL,2023-04-13,11.24,11.32,11.01,11.05,1083770,psxdata,2026-05-11T12:54:10
GGL,2023-04-17,11.12,11.3,11.1,11.15,1814049,psxdata,2026-05-11T12:54:10
GGL,2023-04-18,11.17,11.25,11.05,11.08,868825,psxdata,2026-05-11T12:54:10
GGL,2023-04-19,11.08,11.23,11.08,11.17,441205,psxdata,2026-05-11T12:54:10
GGL,2023-04-20,11.11,11.35,11.1,11.22,941568,psxdata,2026-05-11T12:54:10
GGL,2023-04-26,11.35,11.42,11.2,11.35,1226271,psxdata,2026-05-11T12:54:10
GGL,2023-04-27,11.35,11.43,11.12,11.24,1146332,psxdata,2026-05-11T12:54:10
GGL,2023-04-28,11.34,11.35,10.95,11.05,2349391,psxdata,2026-05-11T12:54:10
GGL,2023-05-02,11.15,11.2,10.9,11.09,3931480,psxdata,2026-05-11T12:54:10
GGL,2023-05-03,11.2,11.42,11.1,11.18,2797517,psxdata,2026-05-11T12:54:10
GGL,2023-05-04,11.18,11.26,11.09,11.13,1743487,psxdata,2026-05-11T12:54:10
GGL,2023-05-05,11.1,11.18,11.01,11.07,629675,psxdata,2026-05-11T12:54:10
GGL,2023-05-08,11.06,11.06,10.44,10.54,2089902,psxdata,2026-05-11T12:54:10
GGL,2023-05-09,10.6,10.79,10.13,10.19,1533602,psxdata,2026-05-11T12:54:10
GGL,2023-05-10,10.02,10.34,9.99,10.05,590088,psxdata,2026-05-11T12:54:10
GGL,2023-05-11,10.15,10.3,10.05,10.12,600605,psxdata,2026-05-11T12:54:10
GGL,2023-05-12,10.31,10.31,10.05,10.19,1102239,psxdata,2026-05-11T12:54:10
GGL,2023-05-15,10.2,10.23,10.01,10.2,489092,psxdata,2026-05-11T12:54:10
GGL,2023-05-16,10.3,10.92,10.28,10.57,4700227,psxdata,2026-05-11T12:54:10
GGL,2023-05-17,10.69,10.7,10.25,10.36,1326238,psxdata,2026-05-11T12:54:10
GGL,2023-05-18,10.37,10.6,10.13,10.15,1242938,psxdata,2026-05-11T12:54:10
GGL,2023-05-19,10.32,10.48,10.13,10.2,1261407,psxdata,2026-05-11T12:54:10
GGL,2023-05-22,10.32,10.32,9.96,10.01,1649358,psxdata,2026-05-11T12:54:10
GGL,2023-05-23,10.05,10.09,9.95,10.01,699227,psxdata,2026-05-11T12:54:10
GGL,2023-05-24,10.1,10.14,9.95,10.03,649021,psxdata,2026-05-11T12:54:10
GGL,2023-05-25,10.18,10.18,9.85,9.91,1316715,psxdata,2026-05-11T12:54:10
GGL,2023-05-26,9.99,10.1,9.6,9.8,1185167,psxdata,2026-05-11T12:54:10
GGL,2023-05-29,9.95,10.0,9.81,9.91,662401,psxdata,2026-05-11T12:54:10
GGL,2023-05-30,10.0,10.3,9.85,10.25,3251658,psxdata,2026-05-11T12:54:10
GGL,2023-05-31,10.26,10.34,10.01,10.04,2547870,psxdata,2026-05-11T12:54:10
GGL,2023-06-01,10.18,10.18,9.85,9.98,695763,psxdata,2026-05-11T12:54:10
GGL,2023-06-02,9.9,10.06,9.85,9.88,751373,psxdata,2026-05-11T12:54:10
GGL,2023-06-05,10.05,10.2,9.92,10.14,1534448,psxdata,2026-05-11T12:54:10
GGL,2023-06-06,10.05,10.49,10.05,10.34,4934302,psxdata,2026-05-11T12:54:10
GGL,2023-06-07,10.4,10.94,10.36,10.74,7201890,psxdata,2026-05-11T12:54:10
GGL,2023-06-08,10.73,10.75,10.25,10.32,1432212,psxdata,2026-05-11T12:54:10
GGL,2023-06-09,10.3,10.45,10.11,10.3,1795151,psxdata,2026-05-11T12:54:10
GGL,2023-06-12,10.35,10.65,10.12,10.21,2330705,psxdata,2026-05-11T12:54:10
GGL,2023-06-13,10.35,10.35,10.01,10.12,762041,psxdata,2026-05-11T12:54:10
GGL,2023-06-14,10.1,10.4,10.03,10.23,2193030,psxdata,2026-05-11T12:54:10
GGL,2023-06-15,10.3,10.4,10.06,10.1,1333748,psxdata,2026-05-11T12:54:10
GGL,2023-06-16,10.3,10.3,10.03,10.11,714763,psxdata,2026-05-11T12:54:10
GGL,2023-06-19,10.11,10.23,9.75,9.82,1579690,psxdata,2026-05-11T12:54:10
GGL,2023-06-20,9.7,9.95,9.65,9.69,1307612,psxdata,2026-05-11T12:54:10
GGL,2023-06-21,9.7,9.85,9.43,9.49,1284245,psxdata,2026-05-11T12:54:10
GGL,2023-06-22,9.6,9.6,9.12,9.22,1670641,psxdata,2026-05-11T12:54:10
GGL,2023-06-23,9.21,9.31,8.9,8.98,1982802,psxdata,2026-05-11T12:54:10
GGL,2023-06-26,9.23,9.98,9.2,9.98,4885883,psxdata,2026-05-11T12:54:10
GGL,2023-06-27,9.81,10.19,9.72,9.87,4319455,psxdata,2026-05-11T12:54:10
GGL,2023-07-03,10.69,10.87,10.5,10.87,5021099,psxdata,2026-05-11T12:54:10
GGL,2023-07-04,11.0,11.0,10.45,10.56,2517829,psxdata,2026-05-11T12:54:10
GGL,2023-07-05,10.75,10.85,10.4,10.45,2846659,psxdata,2026-05-11T12:54:10
GGL,2023-07-06,10.57,11.05,10.37,10.66,7466530,psxdata,2026-05-11T12:54:10
GGL,2023-07-07,10.69,10.91,10.5,10.85,2751791,psxdata,2026-05-11T12:54:10
GGL,2023-07-10,10.9,11.84,10.9,11.61,12093146,psxdata,2026-05-11T12:54:10
GGL,2023-07-11,11.65,11.76,11.42,11.48,6022150,psxdata,2026-05-11T12:54:10
GGL,2023-07-12,11.51,11.99,11.4,11.73,11380943,psxdata,2026-05-11T12:54:10
GGL,2023-07-13,11.98,11.98,11.25,11.31,7050103,psxdata,2026-05-11T12:54:10
GGL,2023-07-14,11.35,11.48,11.18,11.28,1864038,psxdata,2026-05-11T12:54:10
GGL,2023-07-17,11.32,11.61,11.2,11.28,2788239,psxdata,2026-05-11T12:54:10
GGL,2023-07-18,11.3,11.44,11.06,11.13,1575489,psxdata,2026-05-11T12:54:10
GGL,2023-07-19,11.15,11.28,10.74,10.95,3047742,psxdata,2026-05-11T12:54:10
GGL,2023-07-20,11.05,11.25,10.92,11.13,2395994,psxdata,2026-05-11T12:54:10
GGL,2023-07-21,11.3,11.58,11.18,11.33,7704502,psxdata,2026-05-11T12:54:10
GGL,2023-07-24,11.4,11.42,11.1,11.26,2048867,psxdata,2026-05-11T12:54:10
GGL,2023-07-25,11.22,11.45,11.22,11.3,4454223,psxdata,2026-05-11T12:54:10
GGL,2023-07-26,11.25,11.44,11.25,11.33,3011675,psxdata,2026-05-11T12:54:10
GGL,2023-07-27,11.4,11.4,11.11,11.18,3374461,psxdata,2026-05-11T12:54:10
GGL,2023-07-31,11.15,11.39,11.15,11.33,2406863,psxdata,2026-05-11T12:54:10
GGL,2023-08-01,11.45,11.86,11.4,11.6,9328522,psxdata,2026-05-11T12:54:10
GGL,2023-08-02,11.73,11.76,11.5,11.53,2456452,psxdata,2026-05-11T12:54:10
GGL,2023-08-03,11.71,11.92,11.42,11.46,7898784,psxdata,2026-05-11T12:54:10
GGL,2023-08-04,11.55,11.55,11.14,11.2,2785705,psxdata,2026-05-11T12:54:10
GGL,2023-08-07,11.29,11.35,10.98,11.09,2547477,psxdata,2026-05-11T12:54:10
GGL,2023-08-08,10.91,11.23,10.53,10.63,4506811,psxdata,2026-05-11T12:54:10
GGL,2023-08-09,10.55,10.98,10.55,10.69,1484227,psxdata,2026-05-11T12:54:10
GGL,2023-08-10,10.8,11.02,10.45,10.5,3821654,psxdata,2026-05-11T12:54:10
GGL,2023-08-11,10.67,10.84,10.4,10.5,1969195,psxdata,2026-05-11T12:54:10
GGL,2023-08-15,10.55,10.7,10.46,10.49,1273526,psxdata,2026-05-11T12:54:10
GGL,2023-08-16,10.55,10.55,10.17,10.2,1469430,psxdata,2026-05-11T12:54:10
GGL,2023-08-17,10.25,10.33,10.01,10.13,1263787,psxdata,2026-05-11T12:54:10
GGL,2023-08-18,10.29,10.29,9.98,10.14,1467891,psxdata,2026-05-11T12:54:10
GGL,2023-08-21,10.22,10.22,9.96,10.0,1343988,psxdata,2026-05-11T12:54:10
GGL,2023-08-22,10.0,10.1,9.9,9.99,739837,psxdata,2026-05-11T12:54:10
GGL,2023-08-23,9.91,10.09,9.72,9.88,1273947,psxdata,2026-05-11T12:54:10
GGL,2023-08-24,10.0,10.03,9.75,9.84,885102,psxdata,2026-05-11T12:54:10
GGL,2023-08-25,9.96,9.96,9.55,9.64,2145504,psxdata,2026-05-11T12:54:10
GGL,2023-08-28,9.74,9.74,9.5,9.59,1054776,psxdata,2026-05-11T12:54:10
GGL,2023-08-29,9.54,9.65,9.37,9.45,918474,psxdata,2026-05-11T12:54:10
GGL,2023-08-30,9.58,9.65,9.15,9.26,1145134,psxdata,2026-05-11T12:54:10
GGL,2023-08-31,9.33,9.33,8.9,8.97,1618804,psxdata,2026-05-11T12:54:10
GGL,2023-09-01,9.0,9.25,8.98,9.15,664236,psxdata,2026-05-11T12:54:10
GGL,2023-09-04,9.29,9.3,9.12,9.15,568922,psxdata,2026-05-11T12:54:10
GGL,2023-09-05,9.2,9.2,9.1,9.13,251236,psxdata,2026-05-11T12:54:10
GGL,2023-09-06,9.18,9.18,8.91,9.14,733625,psxdata,2026-05-11T12:54:10
GGL,2023-09-07,9.24,9.24,9.02,9.04,591916,psxdata,2026-05-11T12:54:10
GGL,2023-09-08,9.17,9.33,9.07,9.29,813860,psxdata,2026-05-11T12:54:10
GGL,2023-09-11,9.38,9.5,9.21,9.37,1060275,psxdata,2026-05-11T12:54:10
GGL,2023-09-12,9.37,9.47,9.31,9.33,420709,psxdata,2026-05-11T12:54:10
GGL,2023-09-13,9.44,9.58,9.05,9.23,618385,psxdata,2026-05-11T12:54:10
GGL,2023-09-14,9.3,9.3,9.13,9.17,531752,psxdata,2026-05-11T12:54:10
GGL,2023-09-15,9.33,9.5,9.0,9.13,1645534,psxdata,2026-05-11T12:54:10
GGL,2023-09-18,9.24,9.36,9.04,9.07,381287,psxdata,2026-05-11T12:54:10
GGL,2023-09-19,9.2,9.2,9.05,9.15,487114,psxdata,2026-05-11T12:54:10
GGL,2023-09-20,9.17,9.25,9.05,9.08,572579,psxdata,2026-05-11T12:54:10
GGL,2023-09-21,9.08,9.25,9.05,9.18,326112,psxdata,2026-05-11T12:54:10
GGL,2023-09-22,9.25,9.33,9.14,9.23,868824,psxdata,2026-05-11T12:54:10
GGL,2023-09-25,9.32,9.6,9.26,9.52,1900939,psxdata,2026-05-11T12:54:10
GGL,2023-09-26,9.55,9.93,9.5,9.6,4732672,psxdata,2026-05-11T12:54:10
GGL,2023-09-27,9.61,9.7,9.44,9.47,1335284,psxdata,2026-05-11T12:54:10
GGL,2023-09-28,9.55,9.59,9.22,9.27,1591386,psxdata,2026-05-11T12:54:10
GGL,2023-10-02,9.4,9.49,9.31,9.35,891292,psxdata,2026-05-11T12:54:10
GGL,2023-10-03,9.44,9.51,9.35,9.38,1018344,psxdata,2026-05-11T12:54:10
GGL,2023-10-04,9.31,9.46,9.3,9.37,894058,psxdata,2026-05-11T12:54:10
GGL,2023-10-05,9.4,9.59,9.4,9.54,1517129,psxdata,2026-05-11T12:54:10
GGL,2023-10-06,9.6,9.67,9.4,9.5,1149767,psxdata,2026-05-11T12:54:10
GGL,2023-10-09,9.32,9.65,9.25,9.56,1685267,psxdata,2026-05-11T12:54:10
GGL,2023-10-10,9.6,10.18,9.52,9.9,10372876,psxdata,2026-05-11T12:54:10
GGL,2023-10-11,10.0,10.05,9.75,9.81,2164258,psxdata,2026-05-11T12:54:10
GGL,2023-10-12,9.86,9.88,9.55,9.57,1698894,psxdata,2026-05-11T12:54:10
GGL,2023-10-13,9.64,10.12,9.6,9.87,4991220,psxdata,2026-05-11T12:54:10
GGL,2023-10-16,9.9,10.27,9.85,10.21,6414468,psxdata,2026-05-11T12:54:10
GGL,2023-10-17,10.32,10.8,10.3,10.47,14959821,psxdata,2026-05-11T12:54:10
GGL,2023-10-18,10.41,10.6,10.15,10.18,3590350,psxdata,2026-05-11T12:54:10
GGL,2023-10-19,10.13,10.34,10.03,10.22,2274939,psxdata,2026-05-11T12:54:10
GGL,2023-10-20,10.25,11.19,10.25,10.69,14568015,psxdata,2026-05-11T12:54:10
GGL,2023-10-23,10.73,10.85,10.36,10.45,5228562,psxdata,2026-05-11T12:54:10
GGL,2023-10-24,10.39,10.49,10.2,10.28,2316117,psxdata,2026-05-11T12:54:10
GGL,2023-10-25,10.3,10.55,10.27,10.29,2126964,psxdata,2026-05-11T12:54:10
GGL,2023-10-26,10.39,10.4,10.0,10.05,2400255,psxdata,2026-05-11T12:54:10
GGL,2023-10-27,10.06,10.15,9.8,9.85,2117709,psxdata,2026-05-11T12:54:10
GGL,2023-10-30,9.85,10.2,9.74,10.11,1632183,psxdata,2026-05-11T12:54:10
GGL,2023-10-31,10.11,10.64,10.01,10.41,6431778,psxdata,2026-05-11T12:54:10
GGL,2023-11-01,10.5,11.16,10.22,11.05,18773308,psxdata,2026-05-11T12:54:10
GGL,2023-11-02,11.16,11.53,11.1,11.36,19228431,psxdata,2026-05-11T12:54:10
GGL,2023-11-03,11.46,11.65,11.07,11.12,9375105,psxdata,2026-05-11T12:54:10
GGL,2023-11-06,11.12,11.26,11.04,11.12,3040591,psxdata,2026-05-11T12:54:10
GGL,2023-11-07,11.25,11.27,10.6,10.64,5522763,psxdata,2026-05-11T12:54:10
GGL,2023-11-08,10.62,10.83,10.6,10.65,2446577,psxdata,2026-05-11T12:54:10
GGL,2023-11-10,10.7,10.9,10.61,10.86,2425705,psxdata,2026-05-11T12:54:10
GGL,2023-11-13,10.86,11.1,10.85,10.96,3001841,psxdata,2026-05-11T12:54:10
GGL,2023-11-14,11.01,11.65,10.83,11.3,11439587,psxdata,2026-05-11T12:54:10
GGL,2023-11-15,11.55,11.89,11.31,11.74,9542567,psxdata,2026-05-11T12:54:10
GGL,2023-11-16,11.95,12.25,11.65,11.83,10232088,psxdata,2026-05-11T12:54:10
GGL,2023-11-17,11.83,12.39,11.7,12.06,8482242,psxdata,2026-05-11T12:54:10
GGL,2023-11-20,12.0,13.06,12.0,13.06,20124616,psxdata,2026-05-11T12:54:10
GGL,2023-11-21,13.31,13.51,12.95,13.17,13233740,psxdata,2026-05-11T12:54:10
GGL,2023-11-22,13.17,13.25,12.94,12.99,4788508,psxdata,2026-05-11T12:54:10
GGL,2023-11-23,12.98,13.28,12.8,12.97,10240608,psxdata,2026-05-11T12:54:10
GGL,2023-11-24,13.1,13.43,12.9,13.03,11826530,psxdata,2026-05-11T12:54:10
GGL,2023-11-27,13.11,13.28,12.88,13.02,5650794,psxdata,2026-05-11T12:54:10
GGL,2023-11-28,13.21,13.45,13.01,13.07,10317361,psxdata,2026-05-11T12:54:10
GGL,2023-11-29,13.0,13.2,12.5,12.69,5720820,psxdata,2026-05-11T12:54:10
GGL,2023-11-30,12.82,12.83,12.5,12.6,4547351,psxdata,2026-05-11T12:54:10
GGL,2023-12-01,12.63,12.96,12.6,12.85,3229930,psxdata,2026-05-11T12:54:10
GGL,2023-12-04,12.86,13.2,12.75,12.84,4686017,psxdata,2026-05-11T12:54:10
GGL,2023-12-05,12.91,13.1,12.69,12.97,4157159,psxdata,2026-05-11T12:54:10
GGL,2023-12-06,13.2,13.97,13.2,13.94,25361208,psxdata,2026-05-11T12:54:10
GGL,2023-12-07,14.14,14.3,13.46,13.65,12961451,psxdata,2026-05-11T12:54:10
GGL,2023-12-08,13.8,13.8,13.45,13.61,5349713,psxdata,2026-05-11T12:54:10
GGL,2023-12-11,13.6,13.84,13.4,13.53,4719972,psxdata,2026-05-11T12:54:10
GGL,2023-12-12,13.52,13.99,13.52,13.78,5000870,psxdata,2026-05-11T12:54:10
GGL,2023-12-13,13.79,14.0,12.75,13.03,5849795,psxdata,2026-05-11T12:54:10
GGL,2023-12-14,13.15,13.16,12.72,12.9,5952248,psxdata,2026-05-11T12:54:10
GGL,2023-12-15,13.03,13.56,13.03,13.43,8377062,psxdata,2026-05-11T12:54:10
GGL,2023-12-18,13.65,13.9,13.14,13.31,6334010,psxdata,2026-05-11T12:54:10
GGL,2023-12-19,13.25,13.3,12.31,12.31,4493764,psxdata,2026-05-11T12:54:10
GGL,2023-12-20,12.03,12.25,11.31,11.31,10144736,psxdata,2026-05-11T12:54:10
GGL,2023-12-21,11.4,11.77,11.05,11.65,3514556,psxdata,2026-05-11T12:54:10
GGL,2023-12-22,11.73,11.89,11.25,11.3,3243029,psxdata,2026-05-11T12:54:10
GGL,2023-12-26,11.43,11.43,10.3,10.32,3374871,psxdata,2026-05-11T12:54:10
GGL,2023-12-27,10.15,10.89,10.11,10.82,2327048,psxdata,2026-05-11T12:54:10
GGL,2023-12-28,10.93,11.24,10.75,11.11,3344307,psxdata,2026-05-11T12:54:10
GGL,2023-12-29,11.29,11.5,11.1,11.21,3366021,psxdata,2026-05-11T12:54:10
GGL,2024-01-01,11.48,11.85,11.36,11.79,4088127,psxdata,2026-05-11T12:54:10
GGL,2024-01-02,11.89,12.0,11.4,11.5,2259935,psxdata,2026-05-11T12:54:10
GGL,2024-01-03,11.5,11.7,11.3,11.36,1451342,psxdata,2026-05-11T12:54:10
GGL,2024-01-04,11.33,11.45,11.2,11.34,965649,psxdata,2026-05-11T12:54:10
GGL,2024-01-05,11.21,11.8,11.02,11.28,2738807,psxdata,2026-05-11T12:54:10
GGL,2024-01-08,11.29,11.5,11.0,11.03,1075659,psxdata,2026-05-11T12:54:10
GGL,2024-01-09,11.3,11.3,10.95,11.16,1973623,psxdata,2026-05-11T12:54:10
GGL,2024-01-10,11.28,11.4,11.0,11.05,1329316,psxdata,2026-05-11T12:54:10
GGL,2024-01-11,11.05,11.19,10.85,11.01,1815215,psxdata,2026-05-11T12:54:10
GGL,2024-01-12,11.1,11.64,10.81,11.28,6122559,psxdata,2026-05-11T12:54:10
GGL,2024-01-15,11.42,11.42,10.85,10.88,1186301,psxdata,2026-05-11T12:54:10
GGL,2024-01-16,10.9,11.0,10.75,10.93,1275210,psxdata,2026-05-11T12:54:10
GGL,2024-01-17,10.9,10.95,10.5,10.57,1600779,psxdata,2026-05-11T12:54:10
GGL,2024-01-18,10.6,10.67,10.01,10.25,2558853,psxdata,2026-05-11T12:54:10
GGL,2024-01-19,10.37,10.48,10.19,10.41,730139,psxdata,2026-05-11T12:54:10
GGL,2024-01-22,10.48,10.48,10.1,10.18,1371882,psxdata,2026-05-11T12:54:10
GGL,2024-01-23,10.25,10.44,10.16,10.32,1123459,psxdata,2026-05-11T12:54:10
GGL,2024-01-24,10.3,10.69,10.3,10.35,2362255,psxdata,2026-05-11T12:54:10
GGL,2024-01-25,10.41,10.47,10.17,10.21,883908,psxdata,2026-05-11T12:54:10
GGL,2024-01-26,10.35,10.4,10.1,10.14,1240694,psxdata,2026-05-11T12:54:10
GGL,2024-01-29,10.1,10.25,9.9,9.94,2302091,psxdata,2026-05-11T12:54:10
GGL,2024-01-30,10.0,10.11,9.6,9.69,1738866,psxdata,2026-05-11T12:54:10
GGL,2024-01-31,9.94,10.0,9.65,9.67,1545856,psxdata,2026-05-11T12:54:10
GGL,2024-02-01,9.6,9.79,9.45,9.6,2226127,psxdata,2026-05-11T12:54:10
GGL,2024-02-02,9.6,9.83,9.46,9.7,797976,psxdata,2026-05-11T12:54:10
GGL,2024-02-06,9.71,10.69,9.53,10.46,4622176,psxdata,2026-05-11T12:54:10
GGL,2024-02-07,10.46,10.6,10.33,10.38,1446214,psxdata,2026-05-11T12:54:10
GGL,2024-02-09,10.25,10.25,9.7,9.95,1008493,psxdata,2026-05-11T12:54:10
GGL,2024-02-12,10.0,10.0,9.4,9.78,1464306,psxdata,2026-05-11T12:54:10
GGL,2024-02-13,9.51,10.2,9.4,10.07,2168951,psxdata,2026-05-11T12:54:10
GGL,2024-02-14,10.25,10.45,9.83,10.12,894408,psxdata,2026-05-11T12:54:10
GGL,2024-02-15,10.25,10.25,9.75,9.89,541200,psxdata,2026-05-11T12:54:10
GGL,2024-02-16,9.71,10.0,9.5,9.6,752491,psxdata,2026-05-11T12:54:10
GGL,2024-02-19,9.7,9.8,9.42,9.65,1680531,psxdata,2026-05-11T12:54:10
GGL,2024-02-20,9.75,9.85,9.44,9.52,922162,psxdata,2026-05-11T12:54:10
GGL,2024-02-21,9.76,9.8,9.65,9.74,1423550,psxdata,2026-05-11T12:54:10
GGL,2024-02-22,9.82,10.16,9.68,9.82,2689081,psxdata,2026-05-11T12:54:10
GGL,2024-02-23,9.88,9.98,9.62,9.79,1213801,psxdata,2026-05-11T12:54:10
GGL,2024-02-26,9.85,10.1,9.85,10.02,1247280,psxdata,2026-05-11T12:54:10
GGL,2024-02-27,10.14,10.14,9.8,9.84,1485428,psxdata,2026-05-11T12:54:10
GGL,2024-02-28,9.81,10.75,9.8,10.33,4051190,psxdata,2026-05-11T12:54:10
GGL,2024-02-29,10.44,10.55,10.15,10.25,2019336,psxdata,2026-05-11T12:54:10
GGL,2024-03-01,10.09,10.38,10.09,10.21,1596977,psxdata,2026-05-11T12:54:10
GGL,2024-03-04,10.35,10.35,10.12,10.24,803663,psxdata,2026-05-11T12:54:10
GGL,2024-03-05,10.4,10.4,10.04,10.09,826933,psxdata,2026-05-11T12:54:10
GGL,2024-03-06,10.16,10.24,10.0,10.02,1242402,psxdata,2026-05-11T12:54:10
GGL,2024-03-07,10.17,10.17,9.85,9.93,724791,psxdata,2026-05-11T12:54:10
GGL,2024-03-08,10.0,10.43,9.99,10.2,1780490,psxdata,2026-05-11T12:54:10
GGL,2024-03-11,10.2,10.85,10.15,10.42,5251291,psxdata,2026-05-11T12:54:10
GGL,2024-03-12,10.5,10.57,10.01,10.06,1098543,psxdata,2026-05-11T12:54:10
GGL,2024-03-13,10.19,10.19,9.8,9.82,963574,psxdata,2026-05-11T12:54:10
GGL,2024-03-14,9.95,10.18,9.95,10.12,737568,psxdata,2026-05-11T12:54:10
GGL,2024-03-15,10.1,10.18,10.0,10.04,619230,psxdata,2026-05-11T12:54:10
GGL,2024-03-18,10.06,10.13,9.82,9.9,469735,psxdata,2026-05-11T12:54:10
GGL,2024-03-19,10.0,10.34,9.8,10.23,1236349,psxdata,2026-05-11T12:54:10
GGL,2024-03-20,10.4,10.49,10.01,10.21,1791145,psxdata,2026-05-11T12:54:10
GGL,2024-03-21,10.39,10.39,9.92,9.98,1313027,psxdata,2026-05-11T12:54:10
GGL,2024-03-22,10.05,10.05,9.9,9.94,428493,psxdata,2026-05-11T12:54:10
GGL,2024-03-25,10.05,10.05,9.92,9.97,141158,psxdata,2026-05-11T12:54:10
GGL,2024-03-26,9.9,9.98,9.87,9.96,1013236,psxdata,2026-05-11T12:54:10
GGL,2024-03-27,9.92,10.14,9.92,10.0,749696,psxdata,2026-05-11T12:54:10
GGL,2024-03-28,10.0,10.3,10.0,10.08,1754684,psxdata,2026-05-11T12:54:10
GGL,2024-03-29,10.2,10.33,9.94,9.95,1961523,psxdata,2026-05-11T12:54:10
GGL,2024-04-01,10.13,10.13,9.8,9.85,822319,psxdata,2026-05-11T12:54:10
GGL,2024-04-02,9.85,9.94,9.77,9.83,508389,psxdata,2026-05-11T12:54:10
GGL,2024-04-03,9.93,10.04,9.81,9.9,660374,psxdata,2026-05-11T12:54:10
GGL,2024-04-04,10.0,10.25,9.99,10.06,1327661,psxdata,2026-05-11T12:54:10
GGL,2024-04-08,10.0,10.31,10.0,10.14,744519,psxdata,2026-05-11T12:54:10
GGL,2024-04-09,10.04,10.2,10.02,10.12,585184,psxdata,2026-05-11T12:54:10
GGL,2024-04-15,10.08,10.14,9.92,10.0,1132155,psxdata,2026-05-11T12:54:10
GGL,2024-04-16,10.02,10.25,9.97,10.04,1960035,psxdata,2026-05-11T12:54:10
GGL,2024-04-17,10.15,10.29,10.02,10.07,1678741,psxdata,2026-05-11T12:54:10
GGL,2024-04-18,10.05,10.17,10.01,10.02,926911,psxdata,2026-05-11T12:54:10
GGL,2024-04-19,10.07,10.19,9.97,10.13,2760758,psxdata,2026-05-11T12:54:10
GGL,2024-04-22,10.22,10.39,10.02,10.21,3523375,psxdata,2026-05-11T12:54:10
GGL,2024-04-23,10.29,10.85,10.15,10.4,12060185,psxdata,2026-05-11T12:54:10
GGL,2024-04-24,10.45,10.6,10.2,10.26,3800514,psxdata,2026-05-11T12:54:10
GGL,2024-04-25,10.29,10.55,10.2,10.27,3141011,psxdata,2026-05-11T12:54:10
GGL,2024-04-26,10.35,10.35,10.1,10.14,1703705,psxdata,2026-05-11T12:54:10
GGL,2024-04-29,10.27,10.48,10.07,10.15,2542991,psxdata,2026-05-11T12:54:10
GGL,2024-04-30,10.1,10.26,9.85,9.91,2103979,psxdata,2026-05-11T12:54:10
GGL,2024-05-02,10.08,10.08,9.75,9.83,726451,psxdata,2026-05-11T12:54:10
GGL,2024-05-03,9.95,9.99,9.71,9.8,2688940,psxdata,2026-05-11T12:54:10
GGL,2024-05-06,9.86,10.18,9.85,9.98,3519699,psxdata,2026-05-11T12:54:10
GGL,2024-05-07,9.98,10.43,9.98,10.15,4651674,psxdata,2026-05-11T12:54:10
GGL,2024-05-08,10.28,10.78,10.22,10.47,10461081,psxdata,2026-05-11T12:54:10
GGL,2024-05-09,10.5,10.63,10.25,10.38,2710817,psxdata,2026-05-11T12:54:10
GGL,2024-05-10,10.54,10.57,10.22,10.34,2662311,psxdata,2026-05-11T12:54:10
GGL,2024-05-13,10.38,11.34,10.3,11.15,17550765,psxdata,2026-05-11T12:54:10
GGL,2024-05-14,11.49,11.69,11.01,11.07,11917121,psxdata,2026-05-11T12:54:10
GGL,2024-05-15,11.09,11.49,10.83,10.9,6986693,psxdata,2026-05-11T12:54:10
GGL,2024-05-16,10.8,11.05,10.75,10.82,2120458,psxdata,2026-05-11T12:54:10
GGL,2024-05-17,10.97,11.12,10.71,10.79,2035233,psxdata,2026-05-11T12:54:10
GGL,2024-05-20,10.72,10.95,10.4,10.49,2824238,psxdata,2026-05-11T12:54:10
GGL,2024-05-21,10.55,10.66,10.35,10.57,1850981,psxdata,2026-05-11T12:54:10
GGL,2024-05-22,10.64,10.9,10.4,10.5,4971404,psxdata,2026-05-11T12:54:10
GGL,2024-05-23,10.55,10.55,10.36,10.43,1305871,psxdata,2026-05-11T12:54:10
GGL,2024-05-24,10.73,10.73,10.4,10.43,1137666,psxdata,2026-05-11T12:54:10
GGL,2024-05-27,10.45,10.6,10.18,10.21,1563590,psxdata,2026-05-11T12:54:10
GGL,2024-05-29,10.2,10.2,10.0,10.02,1857574,psxdata,2026-05-11T12:54:10
GGL,2024-05-30,10.14,10.19,9.88,10.07,1688552,psxdata,2026-05-11T12:54:10
GGL,2024-05-31,10.09,10.16,10.0,10.06,2569224,psxdata,2026-05-11T12:54:10
GGL,2024-06-03,10.1,10.3,10.0,10.23,1550244,psxdata,2026-05-11T12:54:10
GGL,2024-06-04,10.3,10.3,10.0,10.02,2410310,psxdata,2026-05-11T12:54:10
GGL,2024-06-05,10.07,10.2,9.98,10.12,857560,psxdata,2026-05-11T12:54:10
GGL,2024-06-06,10.17,10.81,10.15,10.44,11128153,psxdata,2026-05-11T12:54:10
GGL,2024-06-07,10.5,10.5,9.9,10.14,2257528,psxdata,2026-05-11T12:54:10
GGL,2024-06-10,10.19,10.44,9.93,9.98,3411699,psxdata,2026-05-11T12:54:10
GGL,2024-06-11,10.19,10.28,9.85,9.87,1415361,psxdata,2026-05-11T12:54:10
GGL,2024-06-12,9.99,10.1,9.82,9.94,1070645,psxdata,2026-05-11T12:54:10
GGL,2024-06-13,9.9,10.2,9.9,10.13,1241836,psxdata,2026-05-11T12:54:10
GGL,2024-06-14,10.2,10.26,10.01,10.02,1245430,psxdata,2026-05-11T12:54:10
GGL,2024-06-20,10.15,10.25,10.01,10.02,696713,psxdata,2026-05-11T12:54:10
GGL,2024-06-21,10.04,10.26,10.0,10.02,1102394,psxdata,2026-05-11T12:54:10
GGL,2024-06-24,10.19,10.19,9.93,9.95,1105597,psxdata,2026-05-11T12:54:10
GGL,2024-06-25,9.92,10.03,9.89,9.9,1054593,psxdata,2026-05-11T12:54:10
GGL,2024-06-26,9.9,9.97,9.76,9.82,1459342,psxdata,2026-05-11T12:54:10
GGL,2024-06-27,10.04,10.04,9.7,9.72,1288034,psxdata,2026-05-11T12:54:10
GGL,2024-06-28,9.73,9.83,9.5,9.52,2364697,psxdata,2026-05-11T12:54:10
GGL,2024-07-01,9.7,9.75,9.39,9.42,1307806,psxdata,2026-05-11T12:54:10
GGL,2024-07-02,9.56,9.75,9.39,9.6,2585822,psxdata,2026-05-11T12:54:10
GGL,2024-07-03,9.64,9.85,9.51,9.72,1898350,psxdata,2026-05-11T12:54:10
GGL,2024-07-04,9.85,10.27,9.75,9.97,5954190,psxdata,2026-05-11T12:54:10
GGL,2024-07-05,10.08,10.1,9.76,9.85,1140725,psxdata,2026-05-11T12:54:10
GGL,2024-07-08,9.85,9.98,9.5,9.72,662931,psxdata,2026-05-11T12:54:10
GGL,2024-07-09,9.87,9.9,9.7,9.73,1185807,psxdata,2026-05-11T12:54:10
GGL,2024-07-10,9.75,10.2,9.66,9.86,5016478,psxdata,2026-05-11T12:54:10
GGL,2024-07-11,9.94,10.15,9.45,9.62,3841566,psxdata,2026-05-11T12:54:10
GGL,2024-07-12,9.74,9.75,9.35,9.52,942828,psxdata,2026-05-11T12:54:10
GGL,2024-07-15,9.68,9.72,9.5,9.52,1341410,psxdata,2026-05-11T12:54:10
GGL,2024-07-18,9.53,9.65,9.47,9.53,905710,psxdata,2026-05-11T12:54:10
GGL,2024-07-19,9.5,9.64,9.34,9.38,1389674,psxdata,2026-05-11T12:54:10
GGL,2024-07-22,9.31,9.4,9.21,9.24,475724,psxdata,2026-05-11T12:54:10
GGL,2024-07-23,9.24,9.38,9.1,9.15,902754,psxdata,2026-05-11T12:54:10
GGL,2024-07-24,9.1,9.4,9.09,9.29,1364879,psxdata,2026-05-11T12:54:10
GGL,2024-07-25,9.4,9.45,9.09,9.11,954516,psxdata,2026-05-11T12:54:10
GGL,2024-07-26,9.26,9.26,8.82,8.89,2000624,psxdata,2026-05-11T12:54:10
GGL,2024-07-29,9.1,9.1,8.84,8.96,1367391,psxdata,2026-05-11T12:54:10
GGL,2024-07-30,8.86,9.0,8.8,8.81,771049,psxdata,2026-05-11T12:54:10
GGL,2024-07-31,9.07,9.29,8.83,8.95,1455504,psxdata,2026-05-11T12:54:10
GGL,2024-08-01,9.0,9.0,8.8,8.83,537038,psxdata,2026-05-11T12:54:10
GGL,2024-08-02,8.96,9.25,8.8,8.93,1118762,psxdata,2026-05-11T12:54:10
GGL,2024-08-05,9.05,9.21,8.75,8.86,1599533,psxdata,2026-05-11T12:54:10
GGL,2024-08-06,8.96,8.97,8.71,8.81,894509,psxdata,2026-05-11T12:54:10
GGL,2024-08-07,8.89,9.18,8.88,8.95,1551019,psxdata,2026-05-11T12:54:10
GGL,2024-08-08,9.03,9.05,8.88,8.94,628715,psxdata,2026-05-11T12:54:10
GGL,2024-08-09,9.02,9.4,8.91,9.19,3369156,psxdata,2026-05-11T12:54:10
GGL,2024-08-12,9.3,9.3,8.94,8.97,1486775,psxdata,2026-05-11T12:54:10
GGL,2024-08-13,9.1,9.1,8.91,8.95,693683,psxdata,2026-05-11T12:54:10
GGL,2024-08-15,9.08,9.08,8.91,9.0,626741,psxdata,2026-05-11T12:54:10
GGL,2024-08-16,9.09,9.44,9.0,9.16,2874252,psxdata,2026-05-11T12:54:10
GGL,2024-08-19,9.23,9.54,8.83,8.96,3774640,psxdata,2026-05-11T12:54:10
GGL,2024-08-20,9.0,9.29,8.9,8.95,911167,psxdata,2026-05-11T12:54:10
GGL,2024-08-21,8.93,9.1,8.93,9.01,862027,psxdata,2026-05-11T12:54:10
GGL,2024-08-22,9.01,9.39,9.01,9.14,3041553,psxdata,2026-05-11T12:54:10
GGL,2024-08-23,9.25,9.34,9.12,9.15,998596,psxdata,2026-05-11T12:54:10
GGL,2024-08-26,9.15,9.25,9.0,9.06,1266461,psxdata,2026-05-11T12:54:10
GGL,2024-08-27,9.2,9.2,9.01,9.04,776595,psxdata,2026-05-11T12:54:10
GGL,2024-08-28,9.09,9.09,8.97,9.0,1765185,psxdata,2026-05-11T12:54:10
GGL,2024-08-29,9.2,9.3,9.04,9.23,1982979,psxdata,2026-05-11T12:54:10
GGL,2024-08-30,9.4,9.75,9.2,9.33,7567413,psxdata,2026-05-11T12:54:10
GGL,2024-09-02,9.39,9.75,9.1,9.16,4039824,psxdata,2026-05-11T12:54:10
GGL,2024-09-03,9.12,9.26,9.1,9.12,922987,psxdata,2026-05-11T12:54:10
GGL,2024-09-04,9.15,9.53,9.15,9.24,2529519,psxdata,2026-05-11T12:54:10
GGL,2024-09-05,9.29,9.57,9.2,9.32,5084796,psxdata,2026-05-11T12:54:10
GGL,2024-09-06,9.48,9.55,9.22,9.27,2166850,psxdata,2026-05-11T12:54:10
GGL,2024-09-09,9.25,9.45,9.11,9.17,1219850,psxdata,2026-05-11T12:54:10
GGL,2024-09-10,9.14,9.33,9.12,9.24,746509,psxdata,2026-05-11T12:54:10
GGL,2024-09-11,9.25,9.33,9.15,9.2,839686,psxdata,2026-05-11T12:54:10
GGL,2024-09-12,9.29,9.62,9.17,9.51,3901896,psxdata,2026-05-11T12:54:10
GGL,2024-09-13,9.6,10.1,9.51,9.7,9011105,psxdata,2026-05-11T12:54:10
GGL,2024-09-16,9.8,9.95,9.6,9.65,3293380,psxdata,2026-05-11T12:54:10
GGL,2024-09-18,9.65,9.8,9.45,9.49,1039419,psxdata,2026-05-11T12:54:10
GGL,2024-09-19,9.5,9.58,9.25,9.26,1149164,psxdata,2026-05-11T12:54:10
GGL,2024-09-20,9.25,9.35,9.2,9.23,841890,psxdata,2026-05-11T12:54:10
GGL,2024-09-23,9.23,9.33,9.12,9.16,537859,psxdata,2026-05-11T12:54:10
GGL,2024-09-24,9.1,9.28,9.0,9.11,1159384,psxdata,2026-05-11T12:54:10
GGL,2024-09-25,9.24,9.29,9.1,9.22,687497,psxdata,2026-05-11T12:54:10
GGL,2024-09-26,9.37,9.37,8.95,9.02,1425759,psxdata,2026-05-11T12:54:10
GGL,2024-09-27,9.1,9.1,8.82,8.86,1453066,psxdata,2026-05-11T12:54:10
GGL,2024-09-30,9.01,9.05,8.83,8.86,325419,psxdata,2026-05-11T12:54:10
GGL,2024-10-01,8.83,9.0,8.71,8.8,1095584,psxdata,2026-05-11T12:54:10
GGL,2024-10-02,8.8,8.94,8.72,8.82,928531,psxdata,2026-05-11T12:54:10
GGL,2024-10-03,8.75,8.93,8.75,8.87,555918,psxdata,2026-05-11T12:54:10
GGL,2024-10-04,8.93,8.94,8.78,8.87,816151,psxdata,2026-05-11T12:54:10
GGL,2024-10-07,8.82,8.94,8.77,8.81,498312,psxdata,2026-05-11T12:54:10
GGL,2024-10-08,8.99,9.09,8.82,8.85,1584505,psxdata,2026-05-11T12:54:10
GGL,2024-10-09,8.85,9.15,8.8,8.89,1339509,psxdata,2026-05-11T12:54:10
GGL,2024-10-10,9.02,9.1,8.82,8.85,1246698,psxdata,2026-05-11T12:54:10
GGL,2024-10-11,8.99,9.09,8.73,8.77,1241265,psxdata,2026-05-11T12:54:10
GGL,2024-10-14,8.8,8.97,8.65,8.73,2633649,psxdata,2026-05-11T12:54:10
GGL,2024-10-15,8.89,8.89,8.71,8.74,453157,psxdata,2026-05-11T12:54:10
GGL,2024-10-16,8.72,8.92,8.7,8.8,3064984,psxdata,2026-05-11T12:54:10
GGL,2024-10-17,8.85,9.1,8.84,8.95,2558511,psxdata,2026-05-11T12:54:10
GGL,2024-10-18,8.9,9.14,8.79,8.88,1743687,psxdata,2026-05-11T12:54:10
GGL,2024-10-21,8.86,9.33,8.86,9.24,5951346,psxdata,2026-05-11T12:54:10
GGL,2024-10-22,9.34,9.4,9.2,9.24,2231743,psxdata,2026-05-11T12:54:10
GGL,2024-10-23,9.25,9.28,9.05,9.11,2038396,psxdata,2026-05-11T12:54:10
GGL,2024-10-24,9.2,9.97,9.15,9.68,14739878,psxdata,2026-05-11T12:54:10
GGL,2024-10-25,9.7,9.83,9.1,9.17,4274704,psxdata,2026-05-11T12:54:10
GGL,2024-10-28,9.07,9.32,9.05,9.12,2450208,psxdata,2026-05-11T12:54:10
GGL,2024-10-29,9.07,9.37,9.07,9.12,2566908,psxdata,2026-05-11T12:54:10
GGL,2024-10-30,9.2,9.53,9.09,9.11,6586972,psxdata,2026-05-11T12:54:10
GGL,2024-10-31,9.19,9.27,9.1,9.11,1435885,psxdata,2026-05-11T12:54:10
GGL,2024-11-01,9.06,9.29,9.06,9.1,983315,psxdata,2026-05-11T12:54:10
GGL,2024-11-04,9.2,9.6,9.12,9.38,4202335,psxdata,2026-05-11T12:54:10
GGL,2024-11-05,9.58,10.35,9.31,10.22,15592997,psxdata,2026-05-11T12:54:10
GGL,2024-11-06,10.35,10.87,10.15,10.54,12721132,psxdata,2026-05-11T12:54:10
GGL,2024-11-07,10.69,10.74,10.17,10.42,4205820,psxdata,2026-05-11T12:54:10
GGL,2024-11-08,10.48,10.7,10.05,10.08,3886687,psxdata,2026-05-11T12:54:10
GGL,2024-11-11,10.2,10.6,10.1,10.41,8776798,psxdata,2026-05-11T12:54:10
GGL,2024-11-12,10.6,10.7,10.42,10.52,6867750,psxdata,2026-05-11T12:54:10
GGL,2024-11-13,10.55,11.57,10.46,11.57,20967705,psxdata,2026-05-11T12:54:10
GGL,2024-11-14,11.9,12.1,11.44,11.58,18419117,psxdata,2026-05-11T12:54:10
GGL,2024-11-15,11.73,12.32,11.1,12.18,15125003,psxdata,2026-05-11T12:54:10
GGL,2024-11-18,12.37,12.99,12.0,12.45,18318487,psxdata,2026-05-11T12:54:10
GGL,2024-11-19,12.5,12.72,12.33,12.37,7678887,psxdata,2026-05-11T12:54:10
GGL,2024-11-20,12.15,12.66,11.72,11.83,9659289,psxdata,2026-05-11T12:54:10
GGL,2024-11-21,11.9,12.21,11.71,11.84,7856797,psxdata,2026-05-11T12:54:10
GGL,2024-11-22,11.8,12.09,11.03,11.36,6067114,psxdata,2026-05-11T12:54:10
GGL,2024-11-25,11.02,11.48,11.01,11.26,1842793,psxdata,2026-05-11T12:54:10
GGL,2024-11-26,11.16,11.35,10.51,10.62,4583918,psxdata,2026-05-11T12:54:10
GGL,2024-11-27,11.0,11.19,10.9,10.99,2628446,psxdata,2026-05-11T12:54:10
GGL,2024-11-28,11.2,11.35,11.01,11.15,3125246,psxdata,2026-05-11T12:54:10
GGL,2024-11-29,11.3,11.69,11.0,11.55,8144494,psxdata,2026-05-11T12:54:10
GGL,2024-12-02,11.7,11.99,11.58,11.89,6059526,psxdata,2026-05-11T12:54:10
GGL,2024-12-03,12.05,12.5,11.9,12.02,11196067,psxdata,2026-05-11T12:54:10
GGL,2024-12-04,12.02,12.45,12.0,12.2,15627239,psxdata,2026-05-11T12:54:10
GGL,2024-12-05,12.35,12.59,12.15,12.2,8868722,psxdata,2026-05-11T12:54:10
GGL,2024-12-06,12.26,13.42,12.03,13.42,37611713,psxdata,2026-05-11T12:54:10
GGL,2024-12-09,13.78,14.76,13.45,14.76,31252731,psxdata,2026-05-11T12:54:10
GGL,2024-12-10,14.98,15.3,13.62,13.91,19553861,psxdata,2026-05-11T12:54:10
GGL,2024-12-11,14.02,14.87,13.8,14.62,8893329,psxdata,2026-05-11T12:54:10
GGL,2024-12-12,15.05,16.08,15.05,16.08,26667870,psxdata,2026-05-11T12:54:10
GGL,2024-12-13,16.35,16.45,15.44,16.02,15236158,psxdata,2026-05-11T12:54:10
GGL,2024-12-16,16.15,16.4,15.37,15.62,11700706,psxdata,2026-05-11T12:54:10
GGL,2024-12-17,15.69,16.0,15.0,15.39,9093948,psxdata,2026-05-11T12:54:10
GGL,2024-12-18,15.45,15.45,14.35,14.49,5588162,psxdata,2026-05-11T12:54:10
GGL,2024-12-19,14.55,14.6,13.05,13.31,6365284,psxdata,2026-05-11T12:54:10
GGL,2024-12-20,13.42,13.9,12.53,13.57,6950825,psxdata,2026-05-11T12:54:10
GGL,2024-12-23,13.75,14.74,13.75,14.38,7853852,psxdata,2026-05-11T12:54:10
GGL,2024-12-24,14.76,15.3,14.1,15.05,12156176,psxdata,2026-05-11T12:54:10
GGL,2024-12-26,15.2,15.7,14.71,15.41,10586136,psxdata,2026-05-11T12:54:10
GGL,2024-12-27,15.54,16.6,15.31,15.82,19627357,psxdata,2026-05-11T12:54:10
GGL,2024-12-30,16.0,16.47,15.9,16.18,9294606,psxdata,2026-05-11T12:54:10
GGL,2024-12-31,16.2,16.96,15.5,16.73,24195228,psxdata,2026-05-11T12:54:10
GGL,2025-01-01,16.86,16.95,16.3,16.39,8437669,psxdata,2026-05-11T12:54:10
GGL,2025-01-02,16.64,16.68,15.9,16.0,6905433,psxdata,2026-05-11T12:54:10
GGL,2025-01-03,16.1,16.19,15.41,15.9,7847837,psxdata,2026-05-11T12:54:10
GGL,2025-01-06,16.1,16.1,14.4,14.54,11107941,psxdata,2026-05-11T12:54:10
GGL,2025-01-07,14.75,14.75,13.8,14.1,10173850,psxdata,2026-05-11T12:54:10
GGL,2025-01-08,14.15,14.65,14.05,14.2,4164292,psxdata,2026-05-11T12:54:10
GGL,2025-01-09,14.27,14.27,13.71,13.8,3978796,psxdata,2026-05-11T12:54:10
GGL,2025-01-10,13.89,14.0,13.59,13.73,3322207,psxdata,2026-05-11T12:54:10
GGL,2025-01-13,13.88,14.15,13.65,13.98,3728478,psxdata,2026-05-11T12:54:10
GGL,2025-01-14,14.1,14.27,14.0,14.07,2436059,psxdata,2026-05-11T12:54:10
GGL,2025-01-15,14.28,15.14,14.07,14.69,10166582,psxdata,2026-05-11T12:54:10
GGL,2025-01-16,14.72,14.82,14.39,14.48,2102490,psxdata,2026-05-11T12:54:10
GGL,2025-01-17,14.51,14.8,14.35,14.59,2621064,psxdata,2026-05-11T12:54:10
GGL,2025-01-20,14.75,15.45,14.65,15.34,10670870,psxdata,2026-05-11T12:54:10
GGL,2025-01-21,15.35,15.49,14.41,14.61,7437735,psxdata,2026-05-11T12:54:10
GGL,2025-01-22,14.5,14.65,14.11,14.31,7207196,psxdata,2026-05-11T12:54:10
GGL,2025-01-23,14.35,14.69,14.34,14.4,2195701,psxdata,2026-05-11T12:54:10
GGL,2025-01-24,14.45,15.11,14.45,14.64,5106871,psxdata,2026-05-11T12:54:10
GGL,2025-01-27,14.65,15.1,14.3,14.4,3065493,psxdata,2026-05-11T12:54:10
GGL,2025-01-28,14.21,14.4,13.8,13.9,2625722,psxdata,2026-05-11T12:54:10
GGL,2025-01-29,13.9,14.06,13.6,13.65,2007690,psxdata,2026-05-11T12:54:10
GGL,2025-01-30,13.8,14.14,13.6,13.97,2036883,psxdata,2026-05-11T12:54:10
GGL,2025-01-31,14.06,14.34,13.9,14.27,3015177,psxdata,2026-05-11T12:54:10
GGL,2025-02-03,14.16,14.64,14.05,14.12,4262350,psxdata,2026-05-11T12:54:10
GGL,2025-02-04,14.14,14.29,13.7,13.8,1013758,psxdata,2026-05-11T12:54:10
GGL,2025-02-06,13.8,14.04,13.2,13.34,2381901,psxdata,2026-05-11T12:54:10
GGL,2025-02-07,13.42,13.54,13.05,13.33,1738488,psxdata,2026-05-11T12:54:10
GGL,2025-02-10,13.4,13.66,13.14,13.51,1235896,psxdata,2026-05-11T12:54:10
GGL,2025-02-11,13.45,13.92,13.45,13.88,1317513,psxdata,2026-05-11T12:54:10
GGL,2025-02-12,13.92,14.18,13.7,13.85,2840231,psxdata,2026-05-11T12:54:10
GGL,2025-02-13,13.94,14.34,13.7,14.15,3347940,psxdata,2026-05-11T12:54:10
GGL,2025-02-14,14.1,14.7,14.1,14.44,4184148,psxdata,2026-05-11T12:54:10
GGL,2025-02-17,14.44,14.64,13.81,14.03,1179908,psxdata,2026-05-11T12:54:10
GGL,2025-02-18,14.06,14.32,14.0,14.1,723284,psxdata,2026-05-11T12:54:10
GGL,2025-02-19,14.12,14.38,14.01,14.1,984799,psxdata,2026-05-11T12:54:10
GGL,2025-02-20,14.1,15.1,14.06,14.9,10527321,psxdata,2026-05-11T12:54:10
GGL,2025-02-21,14.9,15.2,14.43,14.54,5435905,psxdata,2026-05-11T12:54:10
GGL,2025-02-24,14.53,15.36,14.26,15.13,9462201,psxdata,2026-05-11T12:54:10
GGL,2025-02-25,15.13,15.26,14.75,14.8,2062116,psxdata,2026-05-11T12:54:10
GGL,2025-02-26,14.78,14.94,14.5,14.54,3141267,psxdata,2026-05-11T12:54:10
GGL,2025-02-27,14.5,14.84,14.5,14.58,2631511,psxdata,2026-05-11T12:54:10
GGL,2025-02-28,14.6,14.65,14.18,14.41,2771040,psxdata,2026-05-11T12:54:10
GGL,2025-03-03,14.37,14.38,13.8,13.96,1761463,psxdata,2026-05-11T12:54:10
GGL,2025-03-04,13.95,14.29,13.9,14.24,519541,psxdata,2026-05-11T12:54:10
GGL,2025-03-05,14.26,14.5,13.87,14.02,722949,psxdata,2026-05-11T12:54:10
GGL,2025-03-06,14.02,14.16,13.8,14.01,764922,psxdata,2026-05-11T12:54:10
GGL,2025-03-07,14.01,14.4,14.0,14.16,1035744,psxdata,2026-05-11T12:54:10
GGL,2025-03-10,14.26,14.37,14.05,14.3,1487274,psxdata,2026-05-11T12:54:10
GGL,2025-03-11,14.21,14.25,13.95,14.16,703317,psxdata,2026-05-11T12:54:10
GGL,2025-03-12,14.1,14.18,13.97,14.02,378438,psxdata,2026-05-11T12:54:10
GGL,2025-03-13,14.01,14.22,13.82,14.0,1415923,psxdata,2026-05-11T12:54:10
GGL,2025-03-14,14.05,14.1,13.77,13.93,887091,psxdata,2026-05-11T12:54:10
GGL,2025-03-17,13.88,13.95,13.79,13.86,777588,psxdata,2026-05-11T12:54:10
GGL,2025-03-18,13.83,13.89,13.71,13.74,1163361,psxdata,2026-05-11T12:54:10
GGL,2025-03-19,13.75,14.27,13.7,14.15,4965198,psxdata,2026-05-11T12:54:10
GGL,2025-03-20,14.26,14.4,13.92,14.02,2791457,psxdata,2026-05-11T12:54:10
GGL,2025-03-21,14.02,14.2,13.93,14.01,697243,psxdata,2026-05-11T12:54:10
GGL,2025-03-24,14.2,14.2,13.82,13.92,499369,psxdata,2026-05-11T12:54:10
GGL,2025-03-25,13.97,14.05,13.75,13.81,422841,psxdata,2026-05-11T12:54:10
GGL,2025-03-26,13.9,14.05,13.75,13.85,912114,psxdata,2026-05-11T12:54:10
GGL,2025-03-27,13.8,13.89,13.56,13.64,2262916,psxdata,2026-05-11T12:54:10
GGL,2025-04-03,13.51,14.16,13.5,14.12,1841860,psxdata,2026-05-11T12:54:10
GGL,2025-04-04,14.19,14.28,14.0,14.08,1218737,psxdata,2026-05-11T12:54:10
GGL,2025-04-07,13.98,13.98,12.67,13.24,2330696,psxdata,2026-05-11T12:54:10
GGL,2025-04-08,13.45,13.69,13.15,13.2,1548395,psxdata,2026-05-11T12:54:10
GGL,2025-04-09,13.01,13.09,12.51,12.79,1940535,psxdata,2026-05-11T12:54:10
GGL,2025-04-10,13.15,13.51,13.09,13.19,693246,psxdata,2026-05-11T12:54:10
GGL,2025-04-11,13.2,14.0,13.08,13.63,2832469,psxdata,2026-05-11T12:54:10
GGL,2025-04-14,13.84,13.98,13.4,13.65,667559,psxdata,2026-05-11T12:54:10
GGL,2025-04-15,13.75,14.0,13.6,13.7,1086254,psxdata,2026-05-11T12:54:10
GGL,2025-04-16,13.74,13.89,13.45,13.5,756071,psxdata,2026-05-11T12:54:10
GGL,2025-04-17,13.33,13.74,13.33,13.67,638088,psxdata,2026-05-11T12:54:10
GGL,2025-04-18,13.5,13.75,13.35,13.41,642102,psxdata,2026-05-11T12:54:10
GGL,2025-04-21,13.33,13.6,13.31,13.48,468216,psxdata,2026-05-11T12:54:10
GGL,2025-04-22,13.53,13.53,13.25,13.35,843923,psxdata,2026-05-11T12:54:10
GGL,2025-04-23,13.35,13.59,13.05,13.47,1829626,psxdata,2026-05-11T12:54:10
GGL,2025-04-24,13.11,13.3,13.0,13.07,1077157,psxdata,2026-05-11T12:54:10
GGL,2025-04-25,13.15,13.19,12.67,12.92,1144617,psxdata,2026-05-11T12:54:10
GGL,2025-04-28,13.0,13.11,12.2,12.41,2070025,psxdata,2026-05-11T12:54:10
GGL,2025-04-29,12.4,13.17,12.4,13.03,1812612,psxdata,2026-05-11T12:54:10
GGL,2025-04-30,13.0,13.0,12.25,12.32,1367187,psxdata,2026-05-11T12:54:10
GGL,2025-05-02,12.5,12.93,12.46,12.57,885586,psxdata,2026-05-11T12:54:10
GGL,2025-05-05,12.69,12.8,12.45,12.62,494456,psxdata,2026-05-11T12:54:10
GGL,2025-05-06,12.79,12.79,12.3,12.44,693903,psxdata,2026-05-11T12:54:10
GGL,2025-05-07,11.5,12.2,11.31,11.4,1728274,psxdata,2026-05-11T12:54:10
GGL,2025-05-08,11.6,12.4,10.26,10.26,2663081,psxdata,2026-05-11T12:54:10
GGL,2025-05-09,10.49,11.1,10.4,10.97,2432309,psxdata,2026-05-11T12:54:10
GGL,2025-05-12,12.07,12.07,11.66,12.07,2837523,psxdata,2026-05-11T12:54:10
GGL,2025-05-13,12.29,12.9,11.72,12.77,1982359,psxdata,2026-05-11T12:54:10
GGL,2025-05-14,12.81,14.0,12.57,13.8,6039425,psxdata,2026-05-11T12:54:10
GGL,2025-05-15,13.8,14.45,13.61,13.78,5604221,psxdata,2026-05-11T12:54:10
GGL,2025-05-16,13.93,14.09,13.55,13.72,2289342,psxdata,2026-05-11T12:54:10
GGL,2025-05-19,13.85,14.4,13.66,14.29,3926612,psxdata,2026-05-11T12:54:10
GGL,2025-05-20,14.41,14.55,14.03,14.18,3322324,psxdata,2026-05-11T12:54:10
GGL,2025-05-21,14.33,15.6,14.12,15.59,12689646,psxdata,2026-05-11T12:54:10
GGL,2025-05-22,15.9,17.15,15.81,16.71,27642592,psxdata,2026-05-11T12:54:10
GGL,2025-05-23,16.82,16.95,15.55,15.67,11330395,psxdata,2026-05-11T12:54:10
GGL,2025-05-26,15.67,16.36,15.5,15.89,7115043,psxdata,2026-05-11T12:54:10
GGL,2025-05-27,15.8,15.99,15.17,15.36,3233380,psxdata,2026-05-11T12:54:10
GGL,2025-05-29,15.4,15.84,15.3,15.44,3052817,psxdata,2026-05-11T12:54:10
GGL,2025-05-30,15.75,15.75,15.15,15.21,2668120,psxdata,2026-05-11T12:54:10
GGL,2025-06-02,15.21,16.45,15.15,15.9,7872119,psxdata,2026-05-11T12:54:10
GGL,2025-06-03,16.0,16.0,15.61,15.75,1605691,psxdata,2026-05-11T12:54:10
GGL,2025-06-04,15.9,16.15,15.62,15.73,1955643,psxdata,2026-05-11T12:54:10
GGL,2025-06-05,15.9,16.61,15.75,16.16,8212021,psxdata,2026-05-11T12:54:10
GGL,2025-06-10,16.3,16.85,16.21,16.33,6276721,psxdata,2026-05-11T12:54:10
GGL,2025-06-11,16.76,16.79,16.15,16.24,4624227,psxdata,2026-05-11T12:54:10
GGL,2025-06-12,16.24,16.69,15.81,15.88,4231140,psxdata,2026-05-11T12:54:10
GGL,2025-06-13,15.5,15.99,15.02,15.33,3110396,psxdata,2026-05-11T12:54:10
GGL,2025-06-16,15.32,15.75,15.3,15.67,2188967,psxdata,2026-05-11T12:54:10
GGL,2025-06-17,15.94,16.45,15.76,16.09,5512379,psxdata,2026-05-11T12:54:10
GGL,2025-06-18,16.01,16.11,15.51,15.59,1499774,psxdata,2026-05-11T12:54:10
GGL,2025-06-19,15.61,16.1,15.5,15.59,1937616,psxdata,2026-05-11T12:54:10
GGL,2025-06-20,15.6,15.9,15.2,15.29,1368581,psxdata,2026-05-11T12:54:10
GGL,2025-06-23,14.8,14.98,13.85,13.97,3169970,psxdata,2026-05-11T12:54:10
GGL,2025-06-24,14.5,15.37,14.5,15.28,2812325,psxdata,2026-05-11T12:54:10
GGL,2025-06-25,15.3,16.6,15.06,16.29,9945303,psxdata,2026-05-11T12:54:10
GGL,2025-06-26,16.43,16.84,16.28,16.39,8371366,psxdata,2026-05-11T12:54:10
GGL,2025-06-27,16.51,18.03,16.51,17.99,27671502,psxdata,2026-05-11T12:54:10
GGL,2025-06-30,18.5,18.89,17.72,17.99,20359902,psxdata,2026-05-11T12:54:10
GGL,2025-07-01,17.97,18.3,17.4,17.91,10836973,psxdata,2026-05-11T12:54:10
GGL,2025-07-02,17.91,18.3,17.61,17.86,6585499,psxdata,2026-05-11T12:54:10
GGL,2025-07-03,17.88,18.88,17.71,18.69,15349639,psxdata,2026-05-11T12:54:10
GGL,2025-07-04,18.75,19.49,18.61,18.77,19523404,psxdata,2026-05-11T12:54:10
GGL,2025-07-07,19.11,19.15,18.7,18.74,5615841,psxdata,2026-05-11T12:54:10
GGL,2025-07-08,18.76,20.4,18.61,19.47,33756681,psxdata,2026-05-11T12:54:10
GGL,2025-07-09,19.61,19.67,18.72,18.82,6478512,psxdata,2026-05-11T12:54:10
GGL,2025-07-10,18.9,19.8,18.71,19.05,10293002,psxdata,2026-05-11T12:54:10
GGL,2025-07-11,19.1,19.79,19.0,19.3,6597068,psxdata,2026-05-11T12:54:10
GGL,2025-07-14,19.45,19.65,18.95,19.02,3275404,psxdata,2026-05-11T12:54:10
GGL,2025-07-15,18.82,19.1,18.4,18.6,3681884,psxdata,2026-05-11T12:54:10
GGL,2025-07-16,18.46,18.73,18.01,18.59,3261830,psxdata,2026-05-11T12:54:10
GGL,2025-07-17,18.7,19.7,18.6,19.35,8862943,psxdata,2026-05-11T12:54:10
GGL,2025-07-18,19.4,19.65,18.85,19.51,6424487,psxdata,2026-05-11T12:54:10
GGL,2025-07-21,19.89,20.94,19.62,20.64,16285249,psxdata,2026-05-11T12:54:10
GGL,2025-07-22,20.74,20.85,20.14,20.26,5265320,psxdata,2026-05-11T12:54:10
GGL,2025-07-23,20.26,20.26,19.51,19.64,2738699,psxdata,2026-05-11T12:54:10
GGL,2025-07-24,19.7,19.83,19.35,19.66,2124959,psxdata,2026-05-11T12:54:10
GGL,2025-07-25,19.7,19.8,19.4,19.52,1735136,psxdata,2026-05-11T12:54:10
GGL,2025-07-28,19.55,20.35,19.55,19.98,4059069,psxdata,2026-05-11T12:54:10
GGL,2025-07-29,20.2,20.3,19.56,19.7,1750404,psxdata,2026-05-11T12:54:10
GGL,2025-07-30,19.8,20.01,19.4,19.58,2490726,psxdata,2026-05-11T12:54:10
GGL,2025-07-31,19.7,19.94,19.4,19.48,1080642,psxdata,2026-05-11T12:54:10
GGL,2025-08-01,19.59,19.82,19.2,19.6,1445573,psxdata,2026-05-11T12:54:10
GGL,2025-08-04,19.28,19.9,19.28,19.69,1669726,psxdata,2026-05-11T12:54:10
GGL,2025-08-05,19.7,20.39,19.51,19.97,1573323,psxdata,2026-05-11T12:54:10
GGL,2025-08-06,19.97,20.59,19.71,20.47,3683720,psxdata,2026-05-11T12:54:10
GGL,2025-08-07,20.59,21.9,20.15,21.2,14463943,psxdata,2026-05-11T12:54:10
GGL,2025-08-08,21.33,21.35,20.55,20.68,1908651,psxdata,2026-05-11T12:54:10
GGL,2025-08-11,20.8,21.33,20.51,21.02,2455186,psxdata,2026-05-11T12:54:10
GGL,2025-08-12,21.3,21.74,21.0,21.15,2909764,psxdata,2026-05-11T12:54:10
GGL,2025-08-13,21.06,21.9,21.06,21.62,7322726,psxdata,2026-05-11T12:54:10
GGL,2025-08-15,21.26,23.67,21.26,23.37,9988708,psxdata,2026-05-11T12:54:10
GGL,2025-08-18,23.5,24.1,23.01,23.29,7034738,psxdata,2026-05-11T12:54:10
GGL,2025-08-19,23.42,24.01,23.26,23.77,5601791,psxdata,2026-05-11T12:54:10
GGL,2025-08-20,23.8,24.58,23.36,24.42,3142527,psxdata,2026-05-11T12:54:10
GGL,2025-08-21,24.52,25.97,23.55,24.28,19744397,psxdata,2026-05-11T12:54:10
GGL,2025-08-22,24.55,24.8,23.65,24.06,5112583,psxdata,2026-05-11T12:54:10
GGL,2025-08-25,24.17,24.81,24.09,24.3,4318059,psxdata,2026-05-11T12:54:10
GGL,2025-08-26,24.11,24.4,23.65,24.0,2980398,psxdata,2026-05-11T12:54:10
GGL,2025-08-27,24.1,24.35,23.5,23.95,2904972,psxdata,2026-05-11T12:54:10
GGL,2025-08-28,24.0,24.17,23.25,24.04,5741941,psxdata,2026-05-11T12:54:10
GGL,2025-08-29,24.05,25.4,23.76,24.34,10427569,psxdata,2026-05-11T12:54:10
GGL,2025-09-01,24.89,25.48,24.4,25.24,7822800,psxdata,2026-05-11T12:54:10
GGL,2025-09-02,25.27,27.76,25.0,27.42,15605811,psxdata,2026-05-11T12:54:10
GGL,2025-09-03,27.42,28.26,27.1,27.24,6352620,psxdata,2026-05-11T12:54:10
GGL,2025-09-04,27.25,28.1,26.6,27.92,7709906,psxdata,2026-05-11T12:54:10
GGL,2025-09-05,27.92,28.8,27.65,27.8,3715629,psxdata,2026-05-11T12:54:10
GGL,2025-09-08,27.8,28.16,27.12,27.44,2845165,psxdata,2026-05-11T12:54:10
GGL,2025-09-09,27.44,27.55,26.51,26.67,5069063,psxdata,2026-05-11T12:54:10
GGL,2025-09-10,26.26,26.8,26.06,26.43,2378115,psxdata,2026-05-11T12:54:10
GGL,2025-09-11,26.25,28.35,26.25,27.83,10947634,psxdata,2026-05-11T12:54:10
GGL,2025-09-12,28.0,28.2,27.17,27.92,4377944,psxdata,2026-05-11T12:54:10
GGL,2025-09-15,28.02,28.4,27.8,28.11,3199841,psxdata,2026-05-11T12:54:10
GGL,2025-09-16,28.21,29.42,28.21,29.1,5895366,psxdata,2026-05-11T12:54:10
GGL,2025-09-17,29.05,29.85,28.92,29.27,4472928,psxdata,2026-05-11T12:54:10
GGL,2025-09-18,29.01,29.43,28.6,28.71,2920046,psxdata,2026-05-11T12:54:10
GGL,2025-09-19,28.86,29.0,27.01,27.69,3818189,psxdata,2026-05-11T12:54:10
GGL,2025-09-22,27.6,27.85,26.91,27.01,3679661,psxdata,2026-05-11T12:54:10
GGL,2025-09-23,26.92,28.0,26.9,27.6,3465780,psxdata,2026-05-11T12:54:10
GGL,2025-09-24,27.62,27.85,27.11,27.34,2009568,psxdata,2026-05-11T12:54:10
GGL,2025-09-25,27.34,27.7,27.02,27.18,1923729,psxdata,2026-05-11T12:54:10
GGL,2025-09-26,27.26,27.48,25.0,25.92,6936414,psxdata,2026-05-11T12:54:10
GGL,2025-09-29,25.8,26.7,25.0,26.16,3697912,psxdata,2026-05-11T12:54:10
GGL,2025-09-30,26.4,26.5,25.7,25.81,3189903,psxdata,2026-05-11T12:54:10
GGL,2025-10-01,25.82,27.15,25.82,26.8,7399622,psxdata,2026-05-11T12:54:10
GGL,2025-10-02,26.99,27.16,26.1,26.21,1556871,psxdata,2026-05-11T12:54:10
GGL,2025-10-03,26.06,28.83,25.81,28.69,22155938,psxdata,2026-05-11T12:54:10
GGL,2025-10-06,29.75,31.31,27.01,28.93,45311076,psxdata,2026-05-11T12:54:10
GGL,2025-10-07,29.49,29.49,26.19,27.6,7402456,psxdata,2026-05-11T12:54:10
GGL,2025-10-08,27.7,28.51,27.2,27.68,6576454,psxdata,2026-05-11T12:54:10
GGL,2025-10-09,27.68,28.1,26.6,26.79,7365014,psxdata,2026-05-11T12:54:10
GGL,2025-10-10,26.8,27.49,25.2,26.71,4272645,psxdata,2026-05-11T12:54:10
GGL,2025-10-13,25.51,26.5,25.02,25.17,3612646,psxdata,2026-05-11T12:54:10
GGL,2025-10-14,26.01,26.3,25.52,25.89,4557389,psxdata,2026-05-11T12:54:10
GGL,2025-10-15,26.38,26.68,25.61,25.87,3234322,psxdata,2026-05-11T12:54:10
GGL,2025-10-16,25.97,26.5,25.8,25.88,2389168,psxdata,2026-05-11T12:54:10
GGL,2025-10-17,25.88,27.4,25.12,26.37,6817161,psxdata,2026-05-11T12:54:10
GGL,2025-10-20,26.9,26.9,25.91,26.21,2204178,psxdata,2026-05-11T12:54:10
GGL,2025-10-21,26.15,26.47,25.9,26.05,1360154,psxdata,2026-05-11T12:54:10
GGL,2025-10-22,25.89,27.49,25.89,27.12,4374199,psxdata,2026-05-11T12:54:10
GGL,2025-10-23,27.19,28.3,27.18,27.45,5688730,psxdata,2026-05-11T12:54:10
GGL,2025-10-24,27.5,27.62,26.27,26.4,2267422,psxdata,2026-05-11T12:54:10
GGL,2025-10-27,26.48,26.48,25.1,25.67,1935672,psxdata,2026-05-11T12:54:10
GGL,2025-10-28,25.6,26.24,25.4,25.56,2117659,psxdata,2026-05-11T12:54:10
GGL,2025-10-29,25.6,25.77,24.0,24.34,3362892,psxdata,2026-05-11T12:54:10
GGL,2025-10-30,24.61,25.0,23.7,24.05,2204994,psxdata,2026-05-11T12:54:10
GGL,2025-10-31,24.21,25.3,23.9,24.78,4804801,psxdata,2026-05-11T12:54:10
GGL,2025-11-03,25.0,25.84,25.0,25.09,2829609,psxdata,2026-05-11T12:54:10
GGL,2025-11-04,25.4,25.4,24.3,24.58,1390003,psxdata,2026-05-11T12:54:10
GGL,2025-11-05,24.35,24.91,24.15,24.48,897322,psxdata,2026-05-11T12:54:10
GGL,2025-11-06,24.6,24.8,23.8,23.86,1103369,psxdata,2026-05-11T12:54:10
GGL,2025-11-07,24.15,24.45,23.73,23.92,605391,psxdata,2026-05-11T12:54:10
GGL,2025-11-10,24.0,24.64,23.51,23.78,1414218,psxdata,2026-05-11T12:54:10
GGL,2025-11-11,24.01,24.3,22.5,22.54,2191046,psxdata,2026-05-11T12:54:10
GGL,2025-11-12,22.99,23.15,21.66,23.04,1506017,psxdata,2026-05-11T12:54:10
GGL,2025-11-13,23.0,24.19,22.85,23.84,1545861,psxdata,2026-05-11T12:54:10
GGL,2025-11-14,23.84,24.1,23.26,23.91,361273,psxdata,2026-05-11T12:54:10
GGL,2025-11-17,24.2,25.25,24.03,24.79,3173740,psxdata,2026-05-11T12:54:10
GGL,2025-11-18,25.35,25.98,24.7,24.99,3151958,psxdata,2026-05-11T12:54:10
GGL,2025-11-19,25.25,25.73,24.92,25.51,2067162,psxdata,2026-05-11T12:54:10
GGL,2025-11-20,25.6,28.06,25.5,28.06,12617044,psxdata,2026-05-11T12:54:10
GGL,2025-11-21,28.75,28.75,26.11,26.8,9479914,psxdata,2026-05-11T12:54:10
GGL,2025-11-24,26.8,27.42,26.05,27.23,2619004,psxdata,2026-05-11T12:54:10
GGL,2025-11-25,27.31,28.0,25.82,26.04,4870655,psxdata,2026-05-11T12:54:10
GGL,2025-11-26,25.91,26.5,23.9,25.08,2993279,psxdata,2026-05-11T12:54:10
GGL,2025-11-27,25.39,25.39,24.61,24.86,2072435,psxdata,2026-05-11T12:54:10
GGL,2025-11-28,25.09,26.39,25.09,25.91,2857113,psxdata,2026-05-11T12:54:10
GGL,2025-12-01,25.7,26.41,25.5,25.88,2055380,psxdata,2026-05-11T12:54:10
GGL,2025-12-02,26.2,26.38,25.85,26.19,1941034,psxdata,2026-05-11T12:54:10
GGL,2025-12-03,26.3,26.4,25.51,25.85,962415,psxdata,2026-05-11T12:54:10
GGL,2025-12-04,25.85,26.2,25.81,26.12,639468,psxdata,2026-05-11T12:54:10
GGL,2025-12-05,26.2,26.4,25.6,25.99,630301,psxdata,2026-05-11T12:54:10
GGL,2025-12-08,26.0,26.3,25.85,25.92,894928,psxdata,2026-05-11T12:54:10
GGL,2025-12-09,25.92,27.0,25.53,26.63,3322220,psxdata,2026-05-11T12:54:10
GGL,2025-12-10,27.0,28.1,26.79,27.15,6143020,psxdata,2026-05-11T12:54:10
GGL,2025-12-11,27.35,27.55,26.77,26.84,1277513,psxdata,2026-05-11T12:54:10
GGL,2025-12-12,26.6,26.99,26.0,26.25,1909599,psxdata,2026-05-11T12:54:10
GGL,2025-12-15,26.5,26.75,26.0,26.38,1438540,psxdata,2026-05-11T12:54:10
GGL,2025-12-16,26.64,27.3,26.1,26.24,2498798,psxdata,2026-05-11T12:54:10
GGL,2025-12-17,26.11,26.63,26.0,26.03,472875,psxdata,2026-05-11T12:54:10
GGL,2025-12-18,26.11,26.6,25.88,25.96,506628,psxdata,2026-05-11T12:54:10
GGL,2025-12-19,26.38,26.4,25.43,25.77,861429,psxdata,2026-05-11T12:54:10
GGL,2025-12-22,26.0,26.0,25.5,25.7,458204,psxdata,2026-05-11T12:54:10
GGL,2025-12-23,25.76,25.95,25.25,25.38,1009861,psxdata,2026-05-11T12:54:10
GGL,2025-12-24,25.4,26.29,25.16,25.3,2152995,psxdata,2026-05-11T12:54:10
GGL,2025-12-26,25.31,25.79,25.0,25.03,1443465,psxdata,2026-05-11T12:54:10
GGL,2025-12-29,25.25,25.5,24.75,24.89,973507,psxdata,2026-05-11T12:54:10
GGL,2025-12-30,25.2,25.44,25.02,25.35,712895,psxdata,2026-05-11T12:54:10
GGL,2025-12-31,25.5,25.56,24.93,25.49,1650167,psxdata,2026-05-11T12:54:10
GGL,2026-01-01,25.6,26.36,25.36,26.06,2846650,psxdata,2026-05-11T12:54:10
GGL,2026-01-02,26.16,26.65,25.6,26.1,1858666,psxdata,2026-05-11T12:54:10
GGL,2026-01-05,26.38,26.7,25.81,26.01,1804690,psxdata,2026-05-11T12:54:10
GGL,2026-01-06,26.02,26.39,25.47,25.57,2375450,psxdata,2026-05-11T12:54:10
GGL,2026-01-07,25.88,26.19,25.66,25.73,2087801,psxdata,2026-05-11T12:54:10
GGL,2026-01-08,26.01,26.06,25.55,25.79,1805872,psxdata,2026-05-11T12:54:10
GGL,2026-01-09,25.78,25.84,25.31,25.5,838602,psxdata,2026-05-11T12:54:10
GGL,2026-01-12,25.3,25.79,25.0,25.06,1296447,psxdata,2026-05-11T12:54:10
GGL,2026-01-13,25.29,25.35,24.75,24.92,926743,psxdata,2026-05-11T12:54:10
GGL,2026-01-14,25.26,25.26,24.5,24.58,1080851,psxdata,2026-05-11T12:54:10
GGL,2026-01-15,24.9,24.9,24.0,24.04,1140650,psxdata,2026-05-11T12:54:10
GGL,2026-01-16,24.25,24.85,24.25,24.43,1263404,psxdata,2026-05-11T12:54:10
GGL,2026-01-19,24.49,24.9,24.25,24.79,766653,psxdata,2026-05-11T12:54:10
GGL,2026-01-20,24.88,25.75,24.55,25.08,1844962,psxdata,2026-05-11T12:54:10
GGL,2026-01-21,25.1,25.1,24.65,24.67,670515,psxdata,2026-05-11T12:54:10
GGL,2026-01-22,24.9,24.99,24.52,24.65,324212,psxdata,2026-05-11T12:54:10
GGL,2026-01-23,24.65,24.86,24.21,24.59,1647857,psxdata,2026-05-11T12:54:10
GGL,2026-01-26,24.52,25.69,24.5,25.06,3348069,psxdata,2026-05-11T12:54:10
GGL,2026-01-27,25.19,25.19,24.63,24.69,974470,psxdata,2026-05-11T12:54:10
GGL,2026-01-28,24.77,25.0,24.4,24.5,972647,psxdata,2026-05-11T12:54:10
GGL,2026-01-29,24.79,24.79,23.25,23.85,3594808,psxdata,2026-05-11T12:54:10
GGL,2026-01-30,23.99,24.01,23.0,23.26,2271870,psxdata,2026-05-11T12:54:10
GGL,2026-02-02,23.35,23.85,23.2,23.67,800135,psxdata,2026-05-11T12:54:10
GGL,2026-02-03,23.6,24.25,23.6,24.09,1005619,psxdata,2026-05-11T12:54:10
GGL,2026-02-04,24.11,24.53,24.0,24.26,1240344,psxdata,2026-05-11T12:54:10
GGL,2026-02-06,24.26,24.37,23.5,23.87,676129,psxdata,2026-05-11T12:54:10
GGL,2026-02-09,23.98,24.0,23.0,23.03,1097671,psxdata,2026-05-11T12:54:10
GGL,2026-02-10,22.9,23.29,22.2,22.63,1193843,psxdata,2026-05-11T12:54:10
GGL,2026-02-11,22.87,22.92,22.32,22.45,729752,psxdata,2026-05-11T12:54:10
GGL,2026-02-12,22.35,23.27,22.2,22.67,18216169,psxdata,2026-05-11T12:54:10
GGL,2026-02-13,22.91,23.49,22.52,22.99,4837057,psxdata,2026-05-11T12:54:10
GGL,2026-02-16,22.9,23.08,22.11,22.24,1195081,psxdata,2026-05-11T12:54:10
GGL,2026-02-17,22.48,22.78,21.61,21.92,4009096,psxdata,2026-05-11T12:54:10
GGL,2026-02-18,22.02,22.4,21.8,22.0,885991,psxdata,2026-05-11T12:54:10
GGL,2026-02-19,22.1,22.1,19.81,20.33,2850940,psxdata,2026-05-11T12:54:10
GGL,2026-02-20,20.3,20.5,18.5,19.06,2626825,psxdata,2026-05-11T12:54:10
GGL,2026-02-23,18.99,19.25,17.15,17.27,3743815,psxdata,2026-05-11T12:54:10
GGL,2026-02-24,17.5,17.65,16.28,17.13,3888041,psxdata,2026-05-11T12:54:10
GGL,2026-02-25,17.07,17.7,15.56,16.32,5397531,psxdata,2026-05-11T12:54:10
GGL,2026-02-26,16.4,17.3,16.02,17.15,2616246,psxdata,2026-05-11T12:54:10
GGL,2026-02-27,17.1,18.74,16.5,17.93,1903836,psxdata,2026-05-11T12:54:10
GGL,2026-03-02,16.5,17.0,16.14,16.14,1570116,psxdata,2026-05-11T12:54:10
GGL,2026-03-03,15.97,17.7,15.16,16.85,2017843,psxdata,2026-05-11T12:54:10
GGL,2026-03-04,16.31,16.77,16.0,16.19,690958,psxdata,2026-05-11T12:54:10
GGL,2026-03-05,16.3,17.65,16.25,17.38,1553373,psxdata,2026-05-11T12:54:10
GGL,2026-03-06,17.5,17.5,16.3,16.65,996021,psxdata,2026-05-11T12:54:10
GGL,2026-03-09,15.01,16.5,14.99,14.99,1028970,psxdata,2026-05-11T12:54:10
GGL,2026-03-10,15.88,16.48,15.88,16.38,586487,psxdata,2026-05-11T12:54:10
GGL,2026-03-11,16.39,17.29,16.05,16.62,986602,psxdata,2026-05-11T12:54:10
GGL,2026-03-12,16.62,16.71,16.0,16.17,493565,psxdata,2026-05-11T12:54:10
GGL,2026-03-13,16.43,16.44,15.55,15.94,1119106,psxdata,2026-05-11T12:54:10
GGL,2026-03-16,16.01,16.01,15.2,15.27,608141,psxdata,2026-05-11T12:54:10
GGL,2026-03-17,15.48,15.61,15.05,15.42,329322,psxdata,2026-05-11T12:54:10
GGL,2026-03-18,15.59,16.15,15.5,15.96,701382,psxdata,2026-05-11T12:54:10
GGL,2026-03-19,15.9,16.0,15.02,15.34,1423952,psxdata,2026-05-11T12:54:10
GGL,2026-03-24,15.79,15.98,15.15,15.47,747360,psxdata,2026-05-11T12:54:10
GGL,2026-03-25,15.69,16.4,15.55,16.0,1237637,psxdata,2026-05-11T12:54:10
GGL,2026-03-26,15.99,16.02,15.36,15.64,1076730,psxdata,2026-05-11T12:54:10
GGL,2026-03-27,15.71,16.16,15.25,15.44,987928,psxdata,2026-05-11T12:54:10
GGL,2026-03-30,15.85,15.85,14.1,14.49,1384410,psxdata,2026-05-11T12:54:10
GGL,2026-03-31,14.99,15.07,14.51,14.88,371229,psxdata,2026-05-11T12:54:10
GGL,2026-04-01,15.35,16.28,14.9,15.99,1371847,psxdata,2026-05-11T12:54:10
GGL,2026-04-02,15.4,16.85,15.01,15.62,465528,psxdata,2026-05-11T12:54:10
GGL,2026-04-03,15.55,15.98,15.11,15.53,525266,psxdata,2026-05-11T12:54:10
GGL,2026-04-06,15.26,16.0,15.2,15.81,1150647,psxdata,2026-05-11T12:54:10
GGL,2026-04-07,15.52,15.94,15.02,15.58,2097210,psxdata,2026-05-11T12:54:10
GGL,2026-04-08,17.14,17.14,16.71,17.14,1789599,psxdata,2026-05-11T12:54:10
GGL,2026-04-09,17.2,17.8,16.8,17.17,1948630,psxdata,2026-05-11T12:54:10
GGL,2026-04-10,17.48,18.35,17.2,18.04,1419695,psxdata,2026-05-11T12:54:10
GGL,2026-04-13,17.15,17.78,17.11,17.23,913943,psxdata,2026-05-11T12:54:10
GGL,2026-04-14,17.59,18.1,17.44,17.92,1497163,psxdata,2026-05-11T12:54:10
GGL,2026-04-15,18.5,19.39,18.3,18.7,3701691,psxdata,2026-05-11T12:54:10
GGL,2026-04-16,19.25,19.65,18.72,19.18,2197059,psxdata,2026-05-11T12:54:10
GGL,2026-04-17,19.14,19.65,19.0,19.29,1443898,psxdata,2026-05-11T12:54:10
GGL,2026-04-20,18.57,19.19,18.1,18.83,1224689,psxdata,2026-05-11T12:54:10
GGL,2026-04-21,19.09,19.2,18.55,18.68,784262,psxdata,2026-05-11T12:54:10
GGL,2026-04-22,18.75,18.97,17.8,18.42,1791451,psxdata,2026-05-11T12:54:10
GGL,2026-04-23,18.4,18.69,18.12,18.56,2074746,psxdata,2026-05-11T12:54:10
GGL,2026-04-24,18.55,19.2,18.01,18.66,1132085,psxdata,2026-05-11T12:54:10
GGL,2026-04-27,18.9,19.15,18.12,18.81,1310775,psxdata,2026-05-11T12:54:10
GGL,2026-04-28,18.7,19.45,18.68,19.13,1047125,psxdata,2026-05-11T12:54:10
GGL,2026-04-29,19.95,19.95,18.3,18.51,1441184,psxdata,2026-05-11T12:54:10
GGL,2026-04-30,18.49,18.49,17.0,18.1,1986610,psxdata,2026-05-11T12:54:10
GGL,2026-05-04,18.49,18.85,17.9,18.07,311248,psxdata,2026-05-11T12:54:10
GGL,2026-05-05,17.9,18.38,17.66,17.86,243784,psxdata,2026-05-11T12:54:10
GGL,2026-05-06,18.31,18.87,18.25,18.76,781052,psxdata,2026-05-11T12:54:10
GGL,2026-05-07,19.0,19.6,18.86,19.0,1435005,psxdata,2026-05-11T12:54:10
GGL,2026-05-08,18.9,19.51,18.55,18.96,584702,psxdata,2026-05-11T12:54:10
