symbol,date,open,high,low,close,volume,source,collected_at
HUMNL,2016-05-11,10.89,11.49,10.79,11.05,2351000,psxdata,2026-05-11T12:52:10
HUMNL,2016-05-12,11.1,11.18,10.92,10.97,259500,psxdata,2026-05-11T12:52:10
HUMNL,2016-05-13,11.01,11.15,10.95,11.01,165000,psxdata,2026-05-11T12:52:10
HUMNL,2016-05-16,11.0,11.1,11.0,11.01,494000,psxdata,2026-05-11T12:52:10
HUMNL,2016-05-17,11.05,11.31,10.9,10.95,711000,psxdata,2026-05-11T12:52:10
HUMNL,2016-05-18,10.97,11.25,10.95,11.01,372000,psxdata,2026-05-11T12:52:10
HUMNL,2016-05-19,11.03,11.15,11.0,11.08,245500,psxdata,2026-05-11T12:52:10
HUMNL,2016-05-20,11.05,11.28,11.05,11.12,182000,psxdata,2026-05-11T12:52:10
HUMNL,2016-05-23,11.0,11.08,10.98,11.0,202500,psxdata,2026-05-11T12:52:10
HUMNL,2016-05-24,10.96,11.0,10.92,10.95,195500,psxdata,2026-05-11T12:52:10
HUMNL,2016-05-25,10.9,10.95,10.8,10.84,283500,psxdata,2026-05-11T12:52:10
HUMNL,2016-05-26,10.8,10.9,10.6,10.66,312500,psxdata,2026-05-11T12:52:10
HUMNL,2016-05-27,10.88,10.88,10.5,10.51,347500,psxdata,2026-05-11T12:52:10
HUMNL,2016-05-30,10.51,10.65,10.27,10.42,409000,psxdata,2026-05-11T12:52:10
HUMNL,2016-05-31,10.59,10.65,10.27,10.33,311500,psxdata,2026-05-11T12:52:10
HUMNL,2016-06-01,10.45,10.45,10.3,10.35,585500,psxdata,2026-05-11T12:52:10
HUMNL,2016-06-02,10.32,11.09,10.1,10.84,14059000,psxdata,2026-05-11T12:52:10
HUMNL,2016-06-03,10.89,11.08,10.65,10.69,514500,psxdata,2026-05-11T12:52:10
HUMNL,2016-06-06,10.62,10.89,10.56,10.82,436000,psxdata,2026-05-11T12:52:10
HUMNL,2016-06-07,10.99,10.99,10.65,10.66,272000,psxdata,2026-05-11T12:52:10
HUMNL,2016-06-08,10.85,10.87,10.65,10.72,216500,psxdata,2026-05-11T12:52:10
HUMNL,2016-06-09,10.56,10.7,10.5,10.62,373000,psxdata,2026-05-11T12:52:10
HUMNL,2016-06-10,10.62,10.85,10.46,10.69,522500,psxdata,2026-05-11T12:52:10
HUMNL,2016-06-13,10.99,11.2,10.8,10.95,1150000,psxdata,2026-05-11T12:52:10
HUMNL,2016-06-14,11.02,11.2,10.85,10.94,413500,psxdata,2026-05-11T12:52:10
HUMNL,2016-06-15,11.0,11.4,11.0,11.17,6287500,psxdata,2026-05-11T12:52:10
HUMNL,2016-06-16,11.24,11.24,10.95,10.97,607000,psxdata,2026-05-11T12:52:10
HUMNL,2016-06-17,11.0,11.0,10.87,10.9,156500,psxdata,2026-05-11T12:52:10
HUMNL,2016-06-20,11.07,11.09,10.9,11.06,423500,psxdata,2026-05-11T12:52:10
HUMNL,2016-06-21,11.1,11.1,10.83,10.94,116500,psxdata,2026-05-11T12:52:10
HUMNL,2016-06-22,11.0,11.0,10.61,10.7,326000,psxdata,2026-05-11T12:52:10
HUMNL,2016-06-23,10.79,10.9,10.79,10.81,416000,psxdata,2026-05-11T12:52:10
HUMNL,2016-06-24,10.51,10.6,10.3,10.54,354000,psxdata,2026-05-11T12:52:10
HUMNL,2016-06-27,10.25,10.5,10.0,10.02,5428000,psxdata,2026-05-11T12:52:10
HUMNL,2016-06-28,10.15,10.3,10.1,10.22,758000,psxdata,2026-05-11T12:52:10
HUMNL,2016-06-29,10.25,10.31,10.15,10.24,229000,psxdata,2026-05-11T12:52:10
HUMNL,2016-06-30,10.25,10.4,10.17,10.28,294000,psxdata,2026-05-11T12:52:10
HUMNL,2016-07-04,10.3,10.31,10.25,10.26,236500,psxdata,2026-05-11T12:52:10
HUMNL,2016-07-11,10.25,10.35,10.0,10.2,745000,psxdata,2026-05-11T12:52:10
HUMNL,2016-07-12,10.28,10.42,10.15,10.33,532000,psxdata,2026-05-11T12:52:10
HUMNL,2016-07-13,10.35,10.4,10.24,10.27,247500,psxdata,2026-05-11T12:52:10
HUMNL,2016-07-14,10.29,10.4,10.16,10.4,560500,psxdata,2026-05-11T12:52:10
HUMNL,2016-07-15,10.23,11.4,10.23,11.23,3892500,psxdata,2026-05-11T12:52:10
HUMNL,2016-07-18,11.2,12.01,11.0,11.77,1994000,psxdata,2026-05-11T12:52:10
HUMNL,2016-07-19,11.93,12.0,11.6,11.78,832500,psxdata,2026-05-11T12:52:10
HUMNL,2016-07-20,11.6,11.68,11.22,11.38,86500,psxdata,2026-05-11T12:52:10
HUMNL,2016-07-21,11.38,11.62,11.2,11.46,163000,psxdata,2026-05-11T12:52:10
HUMNL,2016-07-22,11.47,11.59,11.25,11.34,27000,psxdata,2026-05-11T12:52:10
HUMNL,2016-07-25,11.32,11.32,11.08,11.13,124500,psxdata,2026-05-11T12:52:10
HUMNL,2016-07-26,11.58,11.9,11.1,11.15,149500,psxdata,2026-05-11T12:52:10
HUMNL,2016-07-27,11.25,11.49,11.01,11.03,275000,psxdata,2026-05-11T12:52:10
HUMNL,2016-07-28,11.05,11.07,10.71,10.8,825000,psxdata,2026-05-11T12:52:10
HUMNL,2016-07-29,10.99,11.3,10.8,11.2,740000,psxdata,2026-05-11T12:52:10
HUMNL,2016-08-01,11.43,11.44,11.12,11.19,242500,psxdata,2026-05-11T12:52:10
HUMNL,2016-08-02,11.02,11.2,11.02,11.11,40000,psxdata,2026-05-11T12:52:10
HUMNL,2016-08-03,11.0,11.2,10.96,11.0,60000,psxdata,2026-05-11T12:52:10
HUMNL,2016-08-04,10.87,11.3,10.8,10.96,209500,psxdata,2026-05-11T12:52:10
HUMNL,2016-08-05,11.0,11.09,10.95,10.95,155000,psxdata,2026-05-11T12:52:10
HUMNL,2016-08-08,10.95,11.0,10.8,10.82,153000,psxdata,2026-05-11T12:52:10
HUMNL,2016-08-09,10.75,11.12,10.75,10.87,81500,psxdata,2026-05-11T12:52:10
HUMNL,2016-08-10,10.8,10.95,10.75,10.89,60000,psxdata,2026-05-11T12:52:10
HUMNL,2016-08-11,11.2,11.2,10.75,10.79,237000,psxdata,2026-05-11T12:52:10
HUMNL,2016-08-12,10.81,10.97,10.8,10.89,68500,psxdata,2026-05-11T12:52:10
HUMNL,2016-08-15,11.0,11.0,10.8,10.85,326000,psxdata,2026-05-11T12:52:10
HUMNL,2016-08-16,10.9,10.9,10.76,10.8,568000,psxdata,2026-05-11T12:52:10
HUMNL,2016-08-17,10.8,10.9,10.74,10.75,380000,psxdata,2026-05-11T12:52:10
HUMNL,2016-08-18,10.84,10.84,10.71,10.73,82500,psxdata,2026-05-11T12:52:10
HUMNL,2016-08-19,10.66,10.8,10.66,10.71,97000,psxdata,2026-05-11T12:52:10
HUMNL,2016-08-22,10.6,10.7,10.6,10.66,117500,psxdata,2026-05-11T12:52:10
HUMNL,2016-08-23,10.71,11.0,10.61,10.72,488500,psxdata,2026-05-11T12:52:10
HUMNL,2016-08-24,10.75,10.85,10.7,10.72,103500,psxdata,2026-05-11T12:52:10
HUMNL,2016-08-25,10.71,11.26,10.65,11.01,1431000,psxdata,2026-05-11T12:52:10
HUMNL,2016-08-26,11.19,11.35,11.05,11.15,549500,psxdata,2026-05-11T12:52:10
HUMNL,2016-08-29,11.15,11.3,11.15,11.24,497500,psxdata,2026-05-11T12:52:10
HUMNL,2016-08-30,11.07,11.48,11.07,11.33,410500,psxdata,2026-05-11T12:52:10
HUMNL,2016-08-31,11.0,12.33,11.0,12.18,5701500,psxdata,2026-05-11T12:52:10
HUMNL,2016-09-01,12.35,12.5,11.91,12.35,2630000,psxdata,2026-05-11T12:52:10
HUMNL,2016-09-02,12.4,12.4,11.9,11.93,1480000,psxdata,2026-05-11T12:52:10
HUMNL,2016-09-05,12.07,12.07,11.66,11.76,318000,psxdata,2026-05-11T12:52:10
HUMNL,2016-09-06,11.7,11.76,11.37,11.43,834000,psxdata,2026-05-11T12:52:10
HUMNL,2016-09-07,11.7,11.8,11.36,11.67,402500,psxdata,2026-05-11T12:52:10
HUMNL,2016-09-08,11.8,12.67,11.8,12.28,3375500,psxdata,2026-05-11T12:52:10
HUMNL,2016-09-09,12.49,12.74,12.1,12.5,1900000,psxdata,2026-05-11T12:52:10
HUMNL,2016-09-15,12.13,13.05,12.13,12.78,863000,psxdata,2026-05-11T12:52:10
HUMNL,2016-09-16,12.79,13.05,12.6,12.83,3618500,psxdata,2026-05-11T12:52:10
HUMNL,2016-09-19,12.95,13.77,12.95,13.66,4725500,psxdata,2026-05-11T12:52:10
HUMNL,2016-09-20,13.99,13.99,12.67,13.29,5447500,psxdata,2026-05-11T12:52:10
HUMNL,2016-09-21,13.4,13.4,12.29,12.29,1874000,psxdata,2026-05-11T12:52:10
HUMNL,2016-09-22,12.45,12.75,11.62,12.11,5266500,psxdata,2026-05-11T12:52:10
HUMNL,2016-09-23,11.97,11.98,11.4,11.48,868500,psxdata,2026-05-11T12:52:10
HUMNL,2016-09-26,11.43,12.34,11.27,12.28,1486000,psxdata,2026-05-11T12:52:10
HUMNL,2016-09-27,12.29,12.63,12.1,12.48,1848000,psxdata,2026-05-11T12:52:10
HUMNL,2016-09-28,12.5,12.55,12.5,12.51,2560000,psxdata,2026-05-11T12:52:10
HUMNL,2016-09-29,12.56,12.6,11.71,11.81,543000,psxdata,2026-05-11T12:52:10
HUMNL,2016-09-30,11.87,12.16,11.83,12.11,676500,psxdata,2026-05-11T12:52:10
HUMNL,2016-10-03,12.1,12.24,11.8,11.87,622000,psxdata,2026-05-11T12:52:10
HUMNL,2016-10-04,11.98,12.0,11.69,11.72,466000,psxdata,2026-05-11T12:52:10
HUMNL,2016-10-05,11.9,12.55,11.75,12.24,2081500,psxdata,2026-05-11T12:52:10
HUMNL,2016-10-06,12.2,13.1,12.11,12.44,2167500,psxdata,2026-05-11T12:52:10
HUMNL,2016-10-07,12.45,12.9,12.12,12.52,803500,psxdata,2026-05-11T12:52:10
HUMNL,2016-10-10,12.5,12.59,12.3,12.36,415500,psxdata,2026-05-11T12:52:10
HUMNL,2016-10-13,12.64,12.65,12.12,12.33,1312500,psxdata,2026-05-11T12:52:10
HUMNL,2016-10-14,12.25,12.35,12.14,12.16,774500,psxdata,2026-05-11T12:52:10
HUMNL,2016-10-17,12.1,12.15,11.78,11.84,981000,psxdata,2026-05-11T12:52:10
HUMNL,2016-10-18,11.9,11.9,11.51,11.81,253000,psxdata,2026-05-11T12:52:10
HUMNL,2016-10-19,11.99,11.99,11.6,11.74,260500,psxdata,2026-05-11T12:52:10
HUMNL,2016-10-20,11.99,12.5,11.81,12.43,3023500,psxdata,2026-05-11T12:52:10
HUMNL,2016-10-21,12.5,12.9,12.46,12.82,14590000,psxdata,2026-05-11T12:52:10
HUMNL,2016-10-24,12.85,12.85,12.45,12.51,1112500,psxdata,2026-05-11T12:52:10
HUMNL,2016-10-25,12.4,13.05,11.62,12.94,4796000,psxdata,2026-05-11T12:52:10
HUMNL,2016-10-26,13.2,13.58,12.78,13.0,12644500,psxdata,2026-05-11T12:52:10
HUMNL,2016-10-27,12.61,12.92,12.01,12.19,2952500,psxdata,2026-05-11T12:52:10
HUMNL,2016-10-28,11.85,12.4,11.61,11.97,1368500,psxdata,2026-05-11T12:52:10
HUMNL,2016-10-31,11.4,12.3,11.4,11.98,472500,psxdata,2026-05-11T12:52:10
HUMNL,2016-11-01,11.91,12.92,11.9,12.89,1773500,psxdata,2026-05-11T12:52:10
HUMNL,2016-11-02,12.99,13.47,12.48,12.54,2114000,psxdata,2026-05-11T12:52:10
HUMNL,2016-11-03,12.56,12.8,12.4,12.53,1762000,psxdata,2026-05-11T12:52:10
HUMNL,2016-11-04,12.5,12.7,12.23,12.31,946000,psxdata,2026-05-11T12:52:10
HUMNL,2016-11-07,12.13,12.6,12.13,12.47,1475500,psxdata,2026-05-11T12:52:10
HUMNL,2016-11-08,12.6,12.6,12.45,12.5,1183000,psxdata,2026-05-11T12:52:10
HUMNL,2016-11-09,12.07,12.5,12.05,12.37,395500,psxdata,2026-05-11T12:52:10
HUMNL,2016-11-10,12.33,12.52,12.25,12.48,570500,psxdata,2026-05-11T12:52:10
HUMNL,2016-11-11,12.45,12.57,12.38,12.45,1268500,psxdata,2026-05-11T12:52:10
HUMNL,2016-11-14,12.85,12.85,12.25,12.35,938000,psxdata,2026-05-11T12:52:10
HUMNL,2016-11-15,12.4,12.51,12.36,12.41,228500,psxdata,2026-05-11T12:52:10
HUMNL,2016-11-16,12.6,12.69,12.3,12.4,1107500,psxdata,2026-05-11T12:52:10
HUMNL,2016-11-17,12.25,12.5,12.25,12.4,227500,psxdata,2026-05-11T12:52:10
HUMNL,2016-11-18,12.25,12.61,12.25,12.45,622000,psxdata,2026-05-11T12:52:10
HUMNL,2016-11-21,12.47,12.55,12.45,12.46,276500,psxdata,2026-05-11T12:52:10
HUMNL,2016-11-22,12.42,12.58,12.42,12.45,572500,psxdata,2026-05-11T12:52:10
HUMNL,2016-11-23,12.46,12.55,12.45,12.53,247500,psxdata,2026-05-11T12:52:10
HUMNL,2016-11-24,12.55,13.3,12.4,12.91,1669500,psxdata,2026-05-11T12:52:10
HUMNL,2016-11-25,12.7,13.1,12.64,12.79,635000,psxdata,2026-05-11T12:52:10
HUMNL,2016-11-28,12.7,13.1,12.6,12.93,798500,psxdata,2026-05-11T12:52:10
HUMNL,2016-11-29,13.0,13.49,12.78,13.01,3748000,psxdata,2026-05-11T12:52:10
HUMNL,2016-11-30,13.28,13.45,12.88,13.1,2023500,psxdata,2026-05-11T12:52:10
HUMNL,2016-12-01,13.3,13.48,13.02,13.13,2566500,psxdata,2026-05-11T12:52:10
HUMNL,2016-12-02,13.02,13.37,13.0,13.11,1102000,psxdata,2026-05-11T12:52:10
HUMNL,2016-12-05,13.45,13.9,13.22,13.32,1642500,psxdata,2026-05-11T12:52:10
HUMNL,2016-12-06,13.46,13.75,13.3,13.41,2896000,psxdata,2026-05-11T12:52:10
HUMNL,2016-12-07,13.45,13.45,12.9,13.02,865000,psxdata,2026-05-11T12:52:10
HUMNL,2016-12-08,13.0,13.29,12.76,12.8,797000,psxdata,2026-05-11T12:52:10
HUMNL,2016-12-09,13.1,13.1,12.8,13.01,601500,psxdata,2026-05-11T12:52:10
HUMNL,2016-12-13,13.3,13.3,13.0,13.02,1505500,psxdata,2026-05-11T12:52:10
HUMNL,2016-12-14,13.03,13.19,13.0,13.07,1589000,psxdata,2026-05-11T12:52:10
HUMNL,2016-12-15,13.06,13.4,13.02,13.27,1322000,psxdata,2026-05-11T12:52:10
HUMNL,2016-12-16,13.45,13.47,13.2,13.25,673000,psxdata,2026-05-11T12:52:10
HUMNL,2016-12-19,13.15,13.35,13.15,13.27,363000,psxdata,2026-05-11T12:52:10
HUMNL,2016-12-20,13.31,13.6,13.3,13.5,1334000,psxdata,2026-05-11T12:52:10
HUMNL,2016-12-21,13.29,13.45,13.25,13.33,670500,psxdata,2026-05-11T12:52:10
HUMNL,2016-12-22,13.28,13.79,13.25,13.71,1431500,psxdata,2026-05-11T12:52:10
HUMNL,2016-12-23,13.31,14.3,13.31,14.14,1818500,psxdata,2026-05-11T12:52:10
HUMNL,2016-12-26,14.1,14.89,13.81,14.72,1960000,psxdata,2026-05-11T12:52:10
HUMNL,2016-12-27,14.5,15.0,14.3,14.9,1694000,psxdata,2026-05-11T12:52:10
HUMNL,2016-12-28,14.75,15.06,14.5,15.0,925500,psxdata,2026-05-11T12:52:10
HUMNL,2016-12-29,15.1,15.1,14.9,15.0,641500,psxdata,2026-05-11T12:52:10
HUMNL,2016-12-30,14.99,15.05,14.86,14.99,532500,psxdata,2026-05-11T12:52:10
HUMNL,2017-01-02,15.18,15.18,14.9,15.0,389000,psxdata,2026-05-11T12:52:10
HUMNL,2017-01-03,14.9,14.99,14.86,14.94,1537500,psxdata,2026-05-11T12:52:10
HUMNL,2017-01-04,14.6,14.72,14.4,14.48,187000,psxdata,2026-05-11T12:52:10
HUMNL,2017-01-05,14.36,15.08,14.36,15.02,3477000,psxdata,2026-05-11T12:52:10
HUMNL,2017-01-06,14.85,15.15,14.6,15.0,2740000,psxdata,2026-05-11T12:52:10
HUMNL,2017-01-09,15.0,15.08,14.43,14.98,734500,psxdata,2026-05-11T12:52:10
HUMNL,2017-01-10,14.75,15.0,14.52,14.62,203000,psxdata,2026-05-11T12:52:10
HUMNL,2017-01-11,14.63,14.75,14.4,14.46,121500,psxdata,2026-05-11T12:52:10
HUMNL,2017-01-12,14.64,14.64,14.37,14.4,150500,psxdata,2026-05-11T12:52:10
HUMNL,2017-01-13,14.33,14.7,14.3,14.32,66500,psxdata,2026-05-11T12:52:10
HUMNL,2017-01-16,14.08,14.32,13.98,14.01,68500,psxdata,2026-05-11T12:52:10
HUMNL,2017-01-17,14.1,14.29,13.56,14.01,922500,psxdata,2026-05-11T12:52:10
HUMNL,2017-01-18,13.49,14.34,13.49,14.16,60000,psxdata,2026-05-11T12:52:10
HUMNL,2017-01-19,13.76,14.1,13.76,14.0,860500,psxdata,2026-05-11T12:52:10
HUMNL,2017-01-20,14.2,14.2,13.85,13.99,314000,psxdata,2026-05-11T12:52:10
HUMNL,2017-01-23,14.0,14.01,13.81,13.84,307500,psxdata,2026-05-11T12:52:10
HUMNL,2017-01-24,13.7,14.01,13.6,13.99,1500000,psxdata,2026-05-11T12:52:10
HUMNL,2017-01-25,13.9,14.05,13.89,14.0,158000,psxdata,2026-05-11T12:52:10
HUMNL,2017-01-26,14.49,14.49,13.87,13.9,988000,psxdata,2026-05-11T12:52:10
HUMNL,2017-01-27,14.0,14.05,13.5,13.99,1191000,psxdata,2026-05-11T12:52:10
HUMNL,2017-01-30,13.9,14.05,13.5,13.54,1289500,psxdata,2026-05-11T12:52:10
HUMNL,2017-01-31,13.55,13.8,13.5,13.51,559000,psxdata,2026-05-11T12:52:10
HUMNL,2017-02-01,13.31,13.78,13.31,13.53,40000,psxdata,2026-05-11T12:52:10
HUMNL,2017-02-02,13.7,13.8,13.4,13.51,95500,psxdata,2026-05-11T12:52:10
HUMNL,2017-02-03,13.7,13.7,13.4,13.49,106500,psxdata,2026-05-11T12:52:10
HUMNL,2017-02-06,13.2,13.37,13.15,13.17,75000,psxdata,2026-05-11T12:52:10
HUMNL,2017-02-07,13.2,13.5,13.12,13.21,251500,psxdata,2026-05-11T12:52:10
HUMNL,2017-02-08,13.48,13.79,13.1,13.52,1901000,psxdata,2026-05-11T12:52:10
HUMNL,2017-02-09,13.68,13.79,13.55,13.76,712500,psxdata,2026-05-11T12:52:10
HUMNL,2017-02-10,13.76,13.89,13.5,13.62,196500,psxdata,2026-05-11T12:52:10
HUMNL,2017-02-13,13.6,13.71,13.6,13.7,38000,psxdata,2026-05-11T12:52:10
HUMNL,2017-02-14,13.6,13.75,13.56,13.61,2360000,psxdata,2026-05-11T12:52:10
HUMNL,2017-02-15,13.51,13.51,13.0,13.3,149000,psxdata,2026-05-11T12:52:10
HUMNL,2017-02-16,13.2,13.4,13.13,13.32,23000,psxdata,2026-05-11T12:52:10
HUMNL,2017-02-17,13.04,13.39,13.0,13.08,207500,psxdata,2026-05-11T12:52:10
HUMNL,2017-02-20,13.25,13.25,12.8,13.04,1472000,psxdata,2026-05-11T12:52:10
HUMNL,2017-02-21,13.17,13.24,12.92,13.11,229500,psxdata,2026-05-11T12:52:10
HUMNL,2017-02-22,13.24,13.3,12.76,12.96,107500,psxdata,2026-05-11T12:52:10
HUMNL,2017-02-23,12.76,12.8,12.43,12.7,148500,psxdata,2026-05-11T12:52:10
HUMNL,2017-02-24,12.61,13.0,12.5,12.73,2384500,psxdata,2026-05-11T12:52:10
HUMNL,2017-02-27,12.56,12.69,12.16,12.55,436500,psxdata,2026-05-11T12:52:10
HUMNL,2017-02-28,12.7,13.55,12.6,13.55,600000,psxdata,2026-05-11T12:52:10
HUMNL,2017-03-01,13.7,14.55,13.0,13.36,1149000,psxdata,2026-05-11T12:52:10
HUMNL,2017-03-02,13.25,13.35,12.75,12.86,293500,psxdata,2026-05-11T12:52:10
HUMNL,2017-03-03,12.87,12.87,12.77,12.78,183500,psxdata,2026-05-11T12:52:10
HUMNL,2017-03-06,12.78,13.3,12.75,12.77,1460000,psxdata,2026-05-11T12:52:10
HUMNL,2017-03-07,12.8,12.8,12.76,12.78,26500,psxdata,2026-05-11T12:52:10
HUMNL,2017-03-08,12.77,12.85,12.5,12.76,2310500,psxdata,2026-05-11T12:52:10
HUMNL,2017-03-09,12.7,12.89,12.57,12.63,120500,psxdata,2026-05-11T12:52:10
HUMNL,2017-03-10,12.5,12.7,12.5,12.6,94500,psxdata,2026-05-11T12:52:10
HUMNL,2017-03-13,12.4,12.59,12.2,12.29,86000,psxdata,2026-05-11T12:52:10
HUMNL,2017-03-14,12.25,12.25,11.87,12.16,421500,psxdata,2026-05-11T12:52:10
HUMNL,2017-03-15,12.1,12.3,12.1,12.3,68500,psxdata,2026-05-11T12:52:10
HUMNL,2017-03-16,12.3,12.35,12.0,12.27,312000,psxdata,2026-05-11T12:52:10
HUMNL,2017-03-17,12.29,12.5,12.29,12.4,29500,psxdata,2026-05-11T12:52:10
HUMNL,2017-03-20,12.31,12.38,12.31,12.38,2500,psxdata,2026-05-11T12:52:10
HUMNL,2017-03-21,12.3,12.6,12.3,12.6,2684500,psxdata,2026-05-11T12:52:10
HUMNL,2017-03-22,12.65,12.8,12.5,12.67,298500,psxdata,2026-05-11T12:52:10
HUMNL,2017-03-24,12.67,12.76,12.65,12.75,80000,psxdata,2026-05-11T12:52:10
HUMNL,2017-03-27,12.75,12.75,12.51,12.51,72500,psxdata,2026-05-11T12:52:10
HUMNL,2017-03-28,12.68,12.68,12.51,12.52,24000,psxdata,2026-05-11T12:52:10
HUMNL,2017-03-29,12.6,12.6,12.42,12.5,86000,psxdata,2026-05-11T12:52:10
HUMNL,2017-03-30,12.42,12.5,12.3,12.32,160000,psxdata,2026-05-11T12:52:10
HUMNL,2017-03-31,12.42,12.42,12.32,12.4,81500,psxdata,2026-05-11T12:52:10
HUMNL,2017-04-03,12.4,12.4,12.36,12.39,935500,psxdata,2026-05-11T12:52:10
HUMNL,2017-04-04,12.4,12.4,12.3,12.3,65000,psxdata,2026-05-11T12:52:10
HUMNL,2017-04-05,12.45,12.45,12.25,12.25,424000,psxdata,2026-05-11T12:52:10
HUMNL,2017-04-06,12.25,12.35,12.0,12.13,122500,psxdata,2026-05-11T12:52:10
HUMNL,2017-04-07,12.8,12.8,12.06,12.1,96500,psxdata,2026-05-11T12:52:10
HUMNL,2017-04-10,12.05,12.1,11.95,12.05,189500,psxdata,2026-05-11T12:52:10
HUMNL,2017-04-11,12.06,12.14,11.95,12.04,1255000,psxdata,2026-05-11T12:52:10
HUMNL,2017-04-12,12.05,12.2,12.04,12.18,88000,psxdata,2026-05-11T12:52:10
HUMNL,2017-04-13,12.48,12.49,11.82,11.95,1813000,psxdata,2026-05-11T12:52:10
HUMNL,2017-04-14,11.95,12.0,11.86,11.94,49500,psxdata,2026-05-11T12:52:10
HUMNL,2017-04-17,11.95,11.95,11.51,11.75,29500,psxdata,2026-05-11T12:52:10
HUMNL,2017-04-18,11.7,12.0,11.66,11.99,37500,psxdata,2026-05-11T12:52:10
HUMNL,2017-04-19,11.74,11.95,11.3,11.83,60500,psxdata,2026-05-11T12:52:10
HUMNL,2017-04-20,11.89,12.5,11.75,12.24,67500,psxdata,2026-05-11T12:52:10
HUMNL,2017-04-21,12.21,12.25,12.0,12.2,178000,psxdata,2026-05-11T12:52:10
HUMNL,2017-04-24,12.15,12.25,12.15,12.19,364000,psxdata,2026-05-11T12:52:10
HUMNL,2017-04-25,12.2,12.5,12.2,12.35,625000,psxdata,2026-05-11T12:52:10
HUMNL,2017-04-26,12.44,12.44,12.24,12.33,17500,psxdata,2026-05-11T12:52:10
HUMNL,2017-04-27,12.21,13.33,12.2,13.33,2172500,psxdata,2026-05-11T12:52:10
HUMNL,2017-04-28,13.9,14.05,13.5,13.76,2816000,psxdata,2026-05-11T12:52:10
HUMNL,2017-05-02,13.89,13.89,13.25,13.45,4958000,psxdata,2026-05-11T12:52:10
HUMNL,2017-05-03,13.25,13.25,12.7,13.08,326500,psxdata,2026-05-11T12:52:10
HUMNL,2017-05-04,13.02,13.3,13.0,13.04,179500,psxdata,2026-05-11T12:52:10
HUMNL,2017-05-05,13.05,13.05,12.8,13.0,233000,psxdata,2026-05-11T12:52:10
HUMNL,2017-05-08,13.1,13.25,12.95,12.95,1161500,psxdata,2026-05-11T12:52:10
HUMNL,2017-05-09,13.2,13.2,12.85,12.92,65000,psxdata,2026-05-11T12:52:10
HUMNL,2017-05-10,12.92,13.1,12.9,13.06,111000,psxdata,2026-05-11T12:52:10
HUMNL,2017-05-11,13.0,13.2,12.93,13.13,32000,psxdata,2026-05-11T12:52:10
HUMNL,2017-05-12,13.38,13.38,13.06,13.15,13000,psxdata,2026-05-11T12:52:10
HUMNL,2017-05-15,13.07,13.2,12.98,13.03,137000,psxdata,2026-05-11T12:52:10
HUMNL,2017-05-16,12.98,12.98,12.78,12.85,108500,psxdata,2026-05-11T12:52:10
HUMNL,2017-05-17,13.0,13.0,12.81,12.9,97000,psxdata,2026-05-11T12:52:10
HUMNL,2017-05-18,12.86,12.99,12.8,12.93,23000,psxdata,2026-05-11T12:52:10
HUMNL,2017-05-19,12.86,13.0,12.75,12.83,288500,psxdata,2026-05-11T12:52:10
HUMNL,2017-05-22,12.8,12.95,12.8,12.82,5500,psxdata,2026-05-11T12:52:10
HUMNL,2017-05-23,13.14,13.14,12.8,12.97,39000,psxdata,2026-05-11T12:52:10
HUMNL,2017-05-24,13.0,13.0,12.79,12.81,75000,psxdata,2026-05-11T12:52:10
HUMNL,2017-05-25,12.77,12.9,12.77,12.87,9500,psxdata,2026-05-11T12:52:10
HUMNL,2017-05-26,12.85,12.85,12.69,12.78,78000,psxdata,2026-05-11T12:52:10
HUMNL,2017-05-29,12.56,12.7,12.55,12.69,87500,psxdata,2026-05-11T12:52:10
HUMNL,2017-05-30,12.7,12.7,12.35,12.44,596000,psxdata,2026-05-11T12:52:10
HUMNL,2017-05-31,12.5,12.5,12.2,12.28,47000,psxdata,2026-05-11T12:52:10
HUMNL,2017-06-01,12.25,12.31,12.2,12.24,37500,psxdata,2026-05-11T12:52:10
HUMNL,2017-06-02,12.2,12.25,11.5,12.14,106500,psxdata,2026-05-11T12:52:10
HUMNL,2017-06-05,12.2,12.38,12.07,12.2,193000,psxdata,2026-05-11T12:52:10
HUMNL,2017-06-06,12.2,12.2,11.95,12.1,146000,psxdata,2026-05-11T12:52:10
HUMNL,2017-06-07,12.2,12.2,12.0,12.2,130500,psxdata,2026-05-11T12:52:10
HUMNL,2017-06-08,12.2,12.2,12.0,12.18,107000,psxdata,2026-05-11T12:52:10
HUMNL,2017-06-09,12.2,12.2,11.5,12.01,180000,psxdata,2026-05-11T12:52:10
HUMNL,2017-06-12,12.0,12.6,11.75,11.88,111000,psxdata,2026-05-11T12:52:10
HUMNL,2017-06-13,12.0,12.05,11.9,12.01,302500,psxdata,2026-05-11T12:52:10
HUMNL,2017-06-14,12.0,12.02,12.0,12.0,314500,psxdata,2026-05-11T12:52:10
HUMNL,2017-06-15,12.0,12.0,11.63,11.8,33500,psxdata,2026-05-11T12:52:10
HUMNL,2017-06-16,11.8,11.8,11.8,11.8,21500,psxdata,2026-05-11T12:52:10
HUMNL,2017-06-19,11.81,11.81,11.67,11.68,9000,psxdata,2026-05-11T12:52:10
HUMNL,2017-06-20,11.82,11.83,11.25,11.25,14000,psxdata,2026-05-11T12:52:10
HUMNL,2017-06-21,11.75,11.75,11.0,11.75,134500,psxdata,2026-05-11T12:52:10
HUMNL,2017-06-22,11.5,11.89,11.36,11.89,11500,psxdata,2026-05-11T12:52:10
HUMNL,2017-06-29,11.7,11.7,11.25,11.25,3175500,psxdata,2026-05-11T12:52:10
HUMNL,2017-06-30,11.5,11.8,11.5,11.74,343500,psxdata,2026-05-11T12:52:10
HUMNL,2017-07-03,11.34,11.5,11.3,11.35,913000,psxdata,2026-05-11T12:52:10
HUMNL,2017-07-04,11.3,11.7,11.01,11.49,458500,psxdata,2026-05-11T12:52:10
HUMNL,2017-07-05,11.26,11.5,11.25,11.5,132000,psxdata,2026-05-11T12:52:10
HUMNL,2017-07-06,11.5,11.5,11.17,11.23,1124500,psxdata,2026-05-11T12:52:10
HUMNL,2017-07-07,11.39,11.47,11.15,11.45,32500,psxdata,2026-05-11T12:52:10
HUMNL,2017-07-10,11.35,11.45,10.55,11.41,175500,psxdata,2026-05-11T12:52:10
HUMNL,2017-07-11,10.85,11.25,10.8,10.87,303000,psxdata,2026-05-11T12:52:10
HUMNL,2017-07-12,11.0,11.0,10.95,10.95,98000,psxdata,2026-05-11T12:52:10
HUMNL,2017-07-13,11.15,11.15,10.5,10.74,1314000,psxdata,2026-05-11T12:52:10
HUMNL,2017-07-14,10.55,10.66,10.3,10.45,2077500,psxdata,2026-05-11T12:52:10
HUMNL,2017-07-17,10.4,10.5,10.3,10.37,22000,psxdata,2026-05-11T12:52:10
HUMNL,2017-07-18,10.5,10.99,10.35,10.44,1331500,psxdata,2026-05-11T12:52:10
HUMNL,2017-07-19,10.5,10.5,10.32,10.34,496000,psxdata,2026-05-11T12:52:10
HUMNL,2017-07-20,10.25,10.4,9.95,10.03,2439000,psxdata,2026-05-11T12:52:10
HUMNL,2017-07-21,10.1,10.1,9.76,9.96,281500,psxdata,2026-05-11T12:52:10
HUMNL,2017-07-24,10.35,10.35,10.1,10.21,87000,psxdata,2026-05-11T12:52:10
HUMNL,2017-07-25,10.25,10.7,10.2,10.5,491000,psxdata,2026-05-11T12:52:10
HUMNL,2017-07-26,10.55,10.61,10.4,10.5,151000,psxdata,2026-05-11T12:52:10
HUMNL,2017-07-27,10.65,10.69,10.4,10.52,88000,psxdata,2026-05-11T12:52:10
HUMNL,2017-07-28,10.48,10.5,10.0,10.43,117500,psxdata,2026-05-11T12:52:10
HUMNL,2017-07-31,10.7,10.75,10.35,10.4,103500,psxdata,2026-05-11T12:52:10
HUMNL,2017-08-01,10.31,10.56,10.3,10.4,137500,psxdata,2026-05-11T12:52:10
HUMNL,2017-08-02,10.6,11.0,10.5,10.93,322000,psxdata,2026-05-11T12:52:10
HUMNL,2017-08-03,10.85,11.88,10.5,11.57,23536500,psxdata,2026-05-11T12:52:10
HUMNL,2017-08-04,11.78,11.79,11.1,11.18,3317000,psxdata,2026-05-11T12:52:10
HUMNL,2017-08-07,11.18,11.23,10.81,10.93,1025000,psxdata,2026-05-11T12:52:10
HUMNL,2017-08-08,10.65,11.0,10.51,10.59,1608500,psxdata,2026-05-11T12:52:10
HUMNL,2017-08-09,10.5,10.7,10.36,10.49,571000,psxdata,2026-05-11T12:52:10
HUMNL,2017-08-10,10.69,10.69,10.2,10.25,447000,psxdata,2026-05-11T12:52:10
HUMNL,2017-08-11,10.13,11.24,10.13,10.71,2982000,psxdata,2026-05-11T12:52:10
HUMNL,2017-08-15,10.88,10.9,10.5,10.57,1994000,psxdata,2026-05-11T12:52:10
HUMNL,2017-08-16,10.57,10.75,10.35,10.58,4542000,psxdata,2026-05-11T12:52:10
HUMNL,2017-08-17,10.6,10.6,10.31,10.49,872500,psxdata,2026-05-11T12:52:10
HUMNL,2017-08-18,10.26,10.48,10.11,10.25,581500,psxdata,2026-05-11T12:52:10
HUMNL,2017-08-21,10.15,10.25,9.5,9.6,981500,psxdata,2026-05-11T12:52:10
HUMNL,2017-08-22,9.51,9.59,8.99,9.31,2500000,psxdata,2026-05-11T12:52:10
HUMNL,2017-08-23,9.55,9.99,9.55,9.84,143000,psxdata,2026-05-11T12:52:10
HUMNL,2017-08-24,9.52,9.85,9.5,9.7,441000,psxdata,2026-05-11T12:52:10
HUMNL,2017-08-25,9.55,9.6,9.3,9.44,142000,psxdata,2026-05-11T12:52:10
HUMNL,2017-08-28,9.45,9.79,9.4,9.65,136000,psxdata,2026-05-11T12:52:10
HUMNL,2017-08-29,9.45,9.7,9.2,9.25,107000,psxdata,2026-05-11T12:52:10
HUMNL,2017-08-30,9.79,9.79,9.37,9.44,108000,psxdata,2026-05-11T12:52:10
HUMNL,2017-08-31,9.57,9.69,9.36,9.43,58500,psxdata,2026-05-11T12:52:10
HUMNL,2017-09-05,9.65,9.95,9.5,9.61,67500,psxdata,2026-05-11T12:52:10
HUMNL,2017-09-06,9.61,9.75,9.25,9.31,82500,psxdata,2026-05-11T12:52:10
HUMNL,2017-09-07,9.3,9.49,9.0,9.21,112500,psxdata,2026-05-11T12:52:10
HUMNL,2017-09-08,9.3,9.31,9.26,9.27,58500,psxdata,2026-05-11T12:52:10
HUMNL,2017-09-11,9.22,9.28,9.14,9.22,75500,psxdata,2026-05-11T12:52:10
HUMNL,2017-09-12,9.41,9.41,9.1,9.21,77500,psxdata,2026-05-11T12:52:10
HUMNL,2017-09-13,9.05,9.4,9.01,9.27,274500,psxdata,2026-05-11T12:52:10
HUMNL,2017-09-14,9.4,9.5,9.25,9.36,290000,psxdata,2026-05-11T12:52:10
HUMNL,2017-09-15,9.55,9.6,9.3,9.35,134500,psxdata,2026-05-11T12:52:10
HUMNL,2017-09-18,9.3,9.4,9.25,9.4,46000,psxdata,2026-05-11T12:52:10
HUMNL,2017-09-19,9.59,9.59,9.15,9.25,400500,psxdata,2026-05-11T12:52:10
HUMNL,2017-09-20,9.25,9.7,9.2,9.46,974000,psxdata,2026-05-11T12:52:10
HUMNL,2017-09-21,9.5,9.64,9.5,9.52,277500,psxdata,2026-05-11T12:52:10
HUMNL,2017-09-22,9.6,9.7,9.51,9.61,214500,psxdata,2026-05-11T12:52:10
HUMNL,2017-09-25,9.7,10.15,9.65,10.0,842000,psxdata,2026-05-11T12:52:10
HUMNL,2017-09-26,9.95,10.09,9.71,9.94,644500,psxdata,2026-05-11T12:52:10
HUMNL,2017-09-27,9.89,9.89,9.6,9.64,107500,psxdata,2026-05-11T12:52:10
HUMNL,2017-09-28,10.25,10.25,9.7,10.12,2495000,psxdata,2026-05-11T12:52:10
HUMNL,2017-09-29,10.15,10.23,9.7,9.95,319000,psxdata,2026-05-11T12:52:10
HUMNL,2017-10-02,9.9,10.0,9.9,9.94,164500,psxdata,2026-05-11T12:52:10
HUMNL,2017-10-03,9.92,10.05,9.7,9.8,180000,psxdata,2026-05-11T12:52:10
HUMNL,2017-10-04,9.8,9.86,8.8,8.93,4776500,psxdata,2026-05-11T12:52:10
HUMNL,2017-10-05,9.0,9.25,8.9,9.11,1236000,psxdata,2026-05-11T12:52:10
HUMNL,2017-10-06,9.29,9.29,9.02,9.15,961000,psxdata,2026-05-11T12:52:10
HUMNL,2017-10-09,9.2,9.25,9.0,9.0,527000,psxdata,2026-05-11T12:52:10
HUMNL,2017-10-10,9.02,9.07,8.91,8.92,1449000,psxdata,2026-05-11T12:52:10
HUMNL,2017-10-11,9.0,9.0,8.75,8.79,90000,psxdata,2026-05-11T12:52:10
HUMNL,2017-10-12,8.94,8.95,8.7,8.78,246000,psxdata,2026-05-11T12:52:10
HUMNL,2017-10-13,8.71,8.71,8.2,8.39,558000,psxdata,2026-05-11T12:52:10
HUMNL,2017-10-16,8.88,8.9,8.5,8.69,148500,psxdata,2026-05-11T12:52:10
HUMNL,2017-10-17,8.77,8.78,8.52,8.56,116500,psxdata,2026-05-11T12:52:10
HUMNL,2017-10-18,8.52,8.52,8.14,8.21,210000,psxdata,2026-05-11T12:52:10
HUMNL,2017-10-19,8.34,8.94,8.31,8.88,365000,psxdata,2026-05-11T12:52:10
HUMNL,2017-10-20,8.88,9.1,8.71,8.88,214500,psxdata,2026-05-11T12:52:10
HUMNL,2017-10-23,8.9,8.95,8.65,8.9,79500,psxdata,2026-05-11T12:52:10
HUMNL,2017-10-24,8.65,8.85,8.5,8.59,147500,psxdata,2026-05-11T12:52:10
HUMNL,2017-10-25,8.9,8.9,8.67,8.75,30500,psxdata,2026-05-11T12:52:10
HUMNL,2017-10-26,8.8,8.8,8.7,8.77,116000,psxdata,2026-05-11T12:52:10
HUMNL,2017-10-27,8.71,9.11,8.6,8.86,181000,psxdata,2026-05-11T12:52:10
HUMNL,2017-10-30,9.08,9.08,8.71,8.77,54500,psxdata,2026-05-11T12:52:10
HUMNL,2017-10-31,8.75,8.75,8.5,8.54,409500,psxdata,2026-05-11T12:52:10
HUMNL,2017-11-01,8.51,8.8,8.5,8.8,97500,psxdata,2026-05-11T12:52:10
HUMNL,2017-11-02,8.55,8.99,8.55,8.63,70000,psxdata,2026-05-11T12:52:10
HUMNL,2017-11-03,8.87,8.9,8.85,8.85,6000,psxdata,2026-05-11T12:52:10
HUMNL,2017-11-06,8.68,8.8,8.66,8.75,19000,psxdata,2026-05-11T12:52:10
HUMNL,2017-11-07,8.71,8.85,8.71,8.83,24500,psxdata,2026-05-11T12:52:10
HUMNL,2017-11-08,8.9,9.0,8.9,8.95,1041000,psxdata,2026-05-11T12:52:10
HUMNL,2017-11-09,9.1,9.6,9.1,9.39,392000,psxdata,2026-05-11T12:52:10
HUMNL,2017-11-10,9.25,9.65,9.2,9.25,238000,psxdata,2026-05-11T12:52:10
HUMNL,2017-11-13,9.25,9.25,9.03,9.14,2000,psxdata,2026-05-11T12:52:10
HUMNL,2017-11-14,9.15,9.88,9.15,9.77,52000,psxdata,2026-05-11T12:52:10
HUMNL,2017-11-15,9.5,9.7,9.5,9.58,49500,psxdata,2026-05-11T12:52:10
HUMNL,2017-11-16,9.5,9.69,9.3,9.48,1910000,psxdata,2026-05-11T12:52:10
HUMNL,2017-11-17,9.51,9.69,9.5,9.5,1415500,psxdata,2026-05-11T12:52:10
HUMNL,2017-11-20,9.5,9.5,9.25,9.48,650000,psxdata,2026-05-11T12:52:10
HUMNL,2017-11-21,9.16,9.5,9.16,9.5,58000,psxdata,2026-05-11T12:52:10
HUMNL,2017-11-22,9.48,9.5,9.36,9.4,42000,psxdata,2026-05-11T12:52:10
HUMNL,2017-11-23,9.25,9.44,9.25,9.26,2500,psxdata,2026-05-11T12:52:10
HUMNL,2017-11-24,9.13,9.5,9.13,9.42,26500,psxdata,2026-05-11T12:52:10
HUMNL,2017-11-27,9.45,9.48,9.27,9.34,10500,psxdata,2026-05-11T12:52:10
HUMNL,2017-11-28,9.44,9.45,9.01,9.06,268500,psxdata,2026-05-11T12:52:10
HUMNL,2017-11-29,8.77,9.19,8.77,9.14,25000,psxdata,2026-05-11T12:52:10
HUMNL,2017-11-30,9.1,9.1,9.1,9.1,52000,psxdata,2026-05-11T12:52:10
HUMNL,2017-12-04,9.1,9.11,8.95,9.1,54000,psxdata,2026-05-11T12:52:10
HUMNL,2017-12-05,9.02,9.51,9.01,9.5,400500,psxdata,2026-05-11T12:52:10
HUMNL,2017-12-06,9.58,9.59,9.35,9.37,86500,psxdata,2026-05-11T12:52:10
HUMNL,2017-12-07,9.3,9.5,9.2,9.21,529000,psxdata,2026-05-11T12:52:10
HUMNL,2017-12-08,9.25,9.25,9.0,9.02,586000,psxdata,2026-05-11T12:52:10
HUMNL,2017-12-11,8.81,9.25,8.81,9.0,59000,psxdata,2026-05-11T12:52:10
HUMNL,2017-12-12,9.02,9.02,8.5,9.0,203500,psxdata,2026-05-11T12:52:10
HUMNL,2017-12-13,8.97,8.97,8.7,8.8,662500,psxdata,2026-05-11T12:52:10
HUMNL,2017-12-14,8.98,8.99,8.73,8.73,32000,psxdata,2026-05-11T12:52:10
HUMNL,2017-12-15,8.93,8.99,8.93,8.99,30000,psxdata,2026-05-11T12:52:10
HUMNL,2017-12-18,8.97,8.97,8.97,8.97,5000,psxdata,2026-05-11T12:52:10
HUMNL,2017-12-19,8.94,8.94,8.45,8.55,12000,psxdata,2026-05-11T12:52:10
HUMNL,2017-12-20,8.26,8.65,8.26,8.5,58500,psxdata,2026-05-11T12:52:10
HUMNL,2017-12-21,8.31,8.7,8.25,8.7,134500,psxdata,2026-05-11T12:52:10
HUMNL,2017-12-22,8.55,8.79,8.5,8.6,1307500,psxdata,2026-05-11T12:52:10
HUMNL,2017-12-26,8.6,8.7,8.45,8.52,66000,psxdata,2026-05-11T12:52:10
HUMNL,2017-12-27,8.52,8.9,8.45,8.48,92500,psxdata,2026-05-11T12:52:10
HUMNL,2017-12-28,8.5,8.8,8.5,8.65,111500,psxdata,2026-05-11T12:52:10
HUMNL,2017-12-29,8.55,8.55,8.15,8.17,985500,psxdata,2026-05-11T12:52:10
HUMNL,2018-01-01,8.2,8.4,8.2,8.29,87500,psxdata,2026-05-11T12:52:10
HUMNL,2018-01-02,8.28,8.45,8.23,8.38,365500,psxdata,2026-05-11T12:52:10
HUMNL,2018-01-03,8.37,8.37,8.17,8.2,174000,psxdata,2026-05-11T12:52:10
HUMNL,2018-01-04,8.2,8.39,8.2,8.32,171500,psxdata,2026-05-11T12:52:10
HUMNL,2018-01-05,8.3,8.8,8.3,8.76,1060000,psxdata,2026-05-11T12:52:10
HUMNL,2018-01-08,8.81,8.96,8.8,8.83,263000,psxdata,2026-05-11T12:52:10
HUMNL,2018-01-09,8.99,8.99,8.7,8.9,91000,psxdata,2026-05-11T12:52:10
HUMNL,2018-01-10,8.9,9.31,8.9,9.02,184500,psxdata,2026-05-11T12:52:10
HUMNL,2018-01-11,8.97,9.0,8.64,8.85,395500,psxdata,2026-05-11T12:52:10
HUMNL,2018-01-12,8.7,8.71,8.6,8.68,97000,psxdata,2026-05-11T12:52:10
HUMNL,2018-01-15,8.61,8.61,8.3,8.35,51500,psxdata,2026-05-11T12:52:10
HUMNL,2018-01-16,8.52,8.52,8.52,8.52,6000,psxdata,2026-05-11T12:52:10
HUMNL,2018-01-17,8.54,8.91,8.52,8.73,349000,psxdata,2026-05-11T12:52:10
HUMNL,2018-01-18,8.8,8.88,8.55,8.75,2046000,psxdata,2026-05-11T12:52:10
HUMNL,2018-01-19,8.63,8.75,8.6,8.64,93500,psxdata,2026-05-11T12:52:10
HUMNL,2018-01-22,8.71,9.04,8.71,8.87,2930000,psxdata,2026-05-11T12:52:10
HUMNL,2018-01-23,9.1,9.19,8.88,8.9,295500,psxdata,2026-05-11T12:52:10
HUMNL,2018-01-24,8.99,9.55,8.9,9.04,4553500,psxdata,2026-05-11T12:52:10
HUMNL,2018-01-25,9.1,9.75,9.1,9.59,2496500,psxdata,2026-05-11T12:52:10
HUMNL,2018-01-26,9.7,9.8,9.35,9.77,1710000,psxdata,2026-05-11T12:52:10
HUMNL,2018-01-29,9.7,9.88,9.52,9.6,880500,psxdata,2026-05-11T12:52:10
HUMNL,2018-01-30,9.61,9.72,9.4,9.5,354000,psxdata,2026-05-11T12:52:10
HUMNL,2018-01-31,9.4,9.54,9.4,9.4,69000,psxdata,2026-05-11T12:52:10
HUMNL,2018-02-01,9.38,9.45,9.35,9.37,150000,psxdata,2026-05-11T12:52:10
HUMNL,2018-02-02,9.4,9.5,9.3,9.32,74000,psxdata,2026-05-11T12:52:10
HUMNL,2018-02-06,9.07,9.3,9.07,9.2,85000,psxdata,2026-05-11T12:52:10
HUMNL,2018-02-07,9.34,9.34,9.15,9.15,158000,psxdata,2026-05-11T12:52:10
HUMNL,2018-02-08,9.02,9.15,9.02,9.15,95500,psxdata,2026-05-11T12:52:10
HUMNL,2018-02-09,9.1,9.15,9.1,9.12,22500,psxdata,2026-05-11T12:52:10
HUMNL,2018-02-12,9.13,9.35,8.81,9.3,642500,psxdata,2026-05-11T12:52:10
HUMNL,2018-02-13,9.2,9.32,9.2,9.22,1875500,psxdata,2026-05-11T12:52:10
HUMNL,2018-02-14,9.3,9.31,9.25,9.25,2181000,psxdata,2026-05-11T12:52:10
HUMNL,2018-02-15,9.25,9.5,9.25,9.43,5438000,psxdata,2026-05-11T12:52:10
HUMNL,2018-02-16,9.39,9.73,9.28,9.47,5620000,psxdata,2026-05-11T12:52:10
HUMNL,2018-02-19,9.27,9.69,9.27,9.62,390500,psxdata,2026-05-11T12:52:10
HUMNL,2018-02-20,9.55,9.65,9.48,9.52,73000,psxdata,2026-05-11T12:52:10
HUMNL,2018-02-21,9.55,9.79,9.5,9.56,346000,psxdata,2026-05-11T12:52:10
HUMNL,2018-02-22,9.56,9.56,9.3,9.45,122500,psxdata,2026-05-11T12:52:10
HUMNL,2018-02-23,9.58,9.7,9.33,9.37,1999000,psxdata,2026-05-11T12:52:10
HUMNL,2018-02-26,9.4,9.45,9.0,9.03,256000,psxdata,2026-05-11T12:52:10
HUMNL,2018-02-27,9.1,9.35,9.05,9.25,172000,psxdata,2026-05-11T12:52:10
HUMNL,2018-02-28,9.4,9.5,9.15,9.3,184500,psxdata,2026-05-11T12:52:10
HUMNL,2018-03-01,9.15,9.3,9.02,9.11,41000,psxdata,2026-05-11T12:52:10
HUMNL,2018-03-02,9.12,9.4,9.05,9.22,96000,psxdata,2026-05-11T12:52:10
HUMNL,2018-03-05,9.2,9.4,9.15,9.2,157000,psxdata,2026-05-11T12:52:10
HUMNL,2018-03-06,9.3,9.35,9.2,9.25,204000,psxdata,2026-05-11T12:52:10
HUMNL,2018-03-07,9.2,9.3,9.15,9.19,94500,psxdata,2026-05-11T12:52:10
HUMNL,2018-03-08,9.29,9.3,9.0,9.22,2399000,psxdata,2026-05-11T12:52:10
HUMNL,2018-03-09,9.21,9.21,9.1,9.1,317000,psxdata,2026-05-11T12:52:10
HUMNL,2018-03-12,9.1,9.3,9.1,9.18,132000,psxdata,2026-05-11T12:52:10
HUMNL,2018-03-13,9.18,9.25,9.1,9.16,211500,psxdata,2026-05-11T12:52:10
HUMNL,2018-03-14,9.15,9.24,9.05,9.1,2714000,psxdata,2026-05-11T12:52:10
HUMNL,2018-03-15,9.21,9.3,9.12,9.15,170000,psxdata,2026-05-11T12:52:10
HUMNL,2018-03-16,9.15,9.4,9.15,9.35,373500,psxdata,2026-05-11T12:52:10
HUMNL,2018-03-19,9.32,9.44,9.2,9.21,87000,psxdata,2026-05-11T12:52:10
HUMNL,2018-03-20,9.3,9.38,9.25,9.33,164000,psxdata,2026-05-11T12:52:10
HUMNL,2018-03-21,9.33,9.4,9.3,9.3,314500,psxdata,2026-05-11T12:52:10
HUMNL,2018-03-22,9.45,9.84,9.31,9.75,3624500,psxdata,2026-05-11T12:52:10
HUMNL,2018-03-26,9.79,9.84,9.52,9.6,64500,psxdata,2026-05-11T12:52:10
HUMNL,2018-03-27,9.5,9.5,9.32,9.37,73000,psxdata,2026-05-11T12:52:10
HUMNL,2018-03-28,9.33,9.44,9.31,9.38,36500,psxdata,2026-05-11T12:52:10
HUMNL,2018-03-29,9.35,9.4,9.35,9.39,31000,psxdata,2026-05-11T12:52:10
HUMNL,2018-03-30,9.45,9.51,9.45,9.5,278500,psxdata,2026-05-11T12:52:10
HUMNL,2018-04-02,9.6,9.6,9.5,9.6,62500,psxdata,2026-05-11T12:52:10
HUMNL,2018-04-03,9.5,9.5,9.3,9.32,47500,psxdata,2026-05-11T12:52:10
HUMNL,2018-04-04,9.32,9.35,9.26,9.29,42500,psxdata,2026-05-11T12:52:10
HUMNL,2018-04-05,9.5,9.5,9.35,9.45,35000,psxdata,2026-05-11T12:52:10
HUMNL,2018-04-06,9.28,9.45,9.27,9.4,75500,psxdata,2026-05-11T12:52:10
HUMNL,2018-04-09,9.5,9.5,9.26,9.39,213500,psxdata,2026-05-11T12:52:10
HUMNL,2018-04-10,9.4,9.45,9.36,9.4,138500,psxdata,2026-05-11T12:52:10
HUMNL,2018-04-11,9.32,9.45,9.3,9.37,236000,psxdata,2026-05-11T12:52:10
HUMNL,2018-04-12,9.32,9.95,9.25,9.32,3532500,psxdata,2026-05-11T12:52:10
HUMNL,2018-04-13,9.35,9.42,9.2,9.32,234000,psxdata,2026-05-11T12:52:10
HUMNL,2018-04-16,9.22,9.3,9.22,9.26,26500,psxdata,2026-05-11T12:52:10
HUMNL,2018-04-17,9.26,9.51,9.26,9.49,206000,psxdata,2026-05-11T12:52:10
HUMNL,2018-04-18,9.37,9.65,9.36,9.52,261500,psxdata,2026-05-11T12:52:10
HUMNL,2018-04-19,9.4,9.51,9.36,9.4,154500,psxdata,2026-05-11T12:52:10
HUMNL,2018-04-20,9.5,9.64,9.42,9.6,408000,psxdata,2026-05-11T12:52:10
HUMNL,2018-04-23,9.7,9.7,9.45,9.5,188500,psxdata,2026-05-11T12:52:10
HUMNL,2018-04-24,9.41,9.55,9.41,9.5,98500,psxdata,2026-05-11T12:52:10
HUMNL,2018-04-25,9.51,9.57,9.51,9.53,199500,psxdata,2026-05-11T12:52:10
HUMNL,2018-04-26,9.5,9.57,9.43,9.43,104500,psxdata,2026-05-11T12:52:10
HUMNL,2018-04-27,9.65,9.65,9.35,9.45,27000,psxdata,2026-05-11T12:52:10
HUMNL,2018-04-30,9.7,9.74,9.4,9.4,348000,psxdata,2026-05-11T12:52:10
HUMNL,2018-05-02,9.4,9.4,9.01,9.16,111500,psxdata,2026-05-11T12:52:10
HUMNL,2018-05-03,9.4,9.4,8.96,9.0,213000,psxdata,2026-05-11T12:52:10
HUMNL,2018-05-04,9.0,9.0,8.81,8.99,27000,psxdata,2026-05-11T12:52:10
HUMNL,2018-05-07,8.99,9.06,8.9,9.0,56500,psxdata,2026-05-11T12:52:10
HUMNL,2018-05-08,8.85,9.0,8.83,9.0,180500,psxdata,2026-05-11T12:52:10
HUMNL,2018-05-10,8.7,8.85,8.7,8.85,43000,psxdata,2026-05-11T12:52:10
HUMNL,2018-05-11,8.77,8.95,8.76,8.92,78500,psxdata,2026-05-11T12:52:10
HUMNL,2018-05-14,8.9,8.96,8.3,8.72,533000,psxdata,2026-05-11T12:52:10
HUMNL,2018-05-15,8.7,8.89,8.6,8.89,100000,psxdata,2026-05-11T12:52:10
HUMNL,2018-05-16,8.9,8.9,8.7,8.85,7000,psxdata,2026-05-11T12:52:10
HUMNL,2018-05-17,8.85,8.88,8.52,8.7,45000,psxdata,2026-05-11T12:52:10
HUMNL,2018-05-18,8.74,8.74,8.55,8.55,5500,psxdata,2026-05-11T12:52:10
HUMNL,2018-05-21,8.5,8.52,8.5,8.5,16000,psxdata,2026-05-11T12:52:10
HUMNL,2018-05-22,8.7,8.7,8.67,8.67,52000,psxdata,2026-05-11T12:52:10
HUMNL,2018-05-23,8.7,8.7,8.7,8.7,73500,psxdata,2026-05-11T12:52:10
HUMNL,2018-05-24,8.6,8.6,8.6,8.6,11500,psxdata,2026-05-11T12:52:10
HUMNL,2018-05-25,8.56,8.56,8.41,8.5,21000,psxdata,2026-05-11T12:52:10
HUMNL,2018-05-28,8.6,8.6,8.48,8.5,723000,psxdata,2026-05-11T12:52:10
HUMNL,2018-05-29,8.52,8.78,8.51,8.78,562500,psxdata,2026-05-11T12:52:10
HUMNL,2018-05-30,8.78,8.84,8.5,8.77,247500,psxdata,2026-05-11T12:52:10
HUMNL,2018-05-31,8.7,8.7,8.51,8.52,60000,psxdata,2026-05-11T12:52:10
HUMNL,2018-06-01,8.5,8.7,8.5,8.7,13500,psxdata,2026-05-11T12:52:10
HUMNL,2018-06-04,8.53,8.6,8.5,8.6,215500,psxdata,2026-05-11T12:52:10
HUMNL,2018-06-05,8.6,8.6,8.55,8.55,105500,psxdata,2026-05-11T12:52:10
HUMNL,2018-06-06,8.55,8.55,8.51,8.52,25000,psxdata,2026-05-11T12:52:10
HUMNL,2018-06-07,8.62,8.79,8.52,8.79,14000,psxdata,2026-05-11T12:52:10
HUMNL,2018-06-11,8.52,8.52,8.5,8.5,551000,psxdata,2026-05-11T12:52:10
HUMNL,2018-06-12,8.3,8.51,8.2,8.5,61000,psxdata,2026-05-11T12:52:10
HUMNL,2018-06-13,8.5,8.85,8.5,8.51,51000,psxdata,2026-05-11T12:52:10
HUMNL,2018-06-14,8.42,8.75,8.31,8.51,12000,psxdata,2026-05-11T12:52:10
HUMNL,2018-06-19,8.4,8.43,8.4,8.43,2000,psxdata,2026-05-11T12:52:10
HUMNL,2018-06-20,8.62,8.7,8.45,8.5,104500,psxdata,2026-05-11T12:52:10
HUMNL,2018-06-21,8.48,8.5,8.35,8.4,21000,psxdata,2026-05-11T12:52:10
HUMNL,2018-06-22,8.25,8.25,8.25,8.25,1000,psxdata,2026-05-11T12:52:10
HUMNL,2018-06-25,8.16,8.2,8.01,8.12,63000,psxdata,2026-05-11T12:52:10
HUMNL,2018-06-26,8.1,8.2,8.09,8.1,752500,psxdata,2026-05-11T12:52:10
HUMNL,2018-06-27,8.1,8.16,7.98,8.03,3083000,psxdata,2026-05-11T12:52:10
HUMNL,2018-06-28,8.03,8.14,8.0,8.1,29000,psxdata,2026-05-11T12:52:10
HUMNL,2018-06-29,8.1,8.2,8.05,8.09,36500,psxdata,2026-05-11T12:52:10
HUMNL,2018-07-02,8.06,8.24,8.05,8.05,48500,psxdata,2026-05-11T12:52:10
HUMNL,2018-07-03,8.0,8.01,8.0,8.0,20500,psxdata,2026-05-11T12:52:10
HUMNL,2018-07-04,8.32,8.32,7.41,7.76,39500,psxdata,2026-05-11T12:52:10
HUMNL,2018-07-05,7.76,7.9,7.76,7.85,249500,psxdata,2026-05-11T12:52:10
HUMNL,2018-07-06,7.53,7.9,7.53,7.9,51000,psxdata,2026-05-11T12:52:10
HUMNL,2018-07-09,7.59,7.6,7.27,7.31,204500,psxdata,2026-05-11T12:52:10
HUMNL,2018-07-10,7.07,7.07,6.95,7.0,702000,psxdata,2026-05-11T12:52:10
HUMNL,2018-07-11,7.79,7.79,7.0,7.5,268500,psxdata,2026-05-11T12:52:10
HUMNL,2018-07-12,7.5,7.5,7.5,7.5,2500,psxdata,2026-05-11T12:52:10
HUMNL,2018-07-13,7.5,8.0,7.5,7.81,62500,psxdata,2026-05-11T12:52:10
HUMNL,2018-07-16,7.51,7.52,7.45,7.46,21000,psxdata,2026-05-11T12:52:10
HUMNL,2018-07-17,7.44,7.5,7.24,7.25,138500,psxdata,2026-05-11T12:52:10
HUMNL,2018-07-18,7.65,7.77,7.5,7.64,45000,psxdata,2026-05-11T12:52:10
HUMNL,2018-07-19,7.5,7.6,7.5,7.52,94500,psxdata,2026-05-11T12:52:10
HUMNL,2018-07-20,7.3,7.7,7.3,7.55,31500,psxdata,2026-05-11T12:52:10
HUMNL,2018-07-24,7.89,7.89,7.77,7.85,8500,psxdata,2026-05-11T12:52:10
HUMNL,2018-07-26,7.65,7.9,7.65,7.89,33500,psxdata,2026-05-11T12:52:10
HUMNL,2018-07-27,7.89,7.99,7.7,7.8,50000,psxdata,2026-05-11T12:52:10
HUMNL,2018-07-30,8.0,8.05,7.95,7.99,212500,psxdata,2026-05-11T12:52:10
HUMNL,2018-07-31,8.0,8.0,7.73,7.75,93000,psxdata,2026-05-11T12:52:10
HUMNL,2018-08-01,7.77,7.94,7.74,7.83,28500,psxdata,2026-05-11T12:52:10
HUMNL,2018-08-02,7.99,7.99,7.8,7.97,15500,psxdata,2026-05-11T12:52:10
HUMNL,2018-08-03,7.8,7.8,7.8,7.8,13000,psxdata,2026-05-11T12:52:10
HUMNL,2018-08-06,7.8,7.84,7.73,7.76,21500,psxdata,2026-05-11T12:52:10
HUMNL,2018-08-07,7.8,7.86,7.7,7.75,43000,psxdata,2026-05-11T12:52:10
HUMNL,2018-08-08,7.9,7.95,7.9,7.94,38000,psxdata,2026-05-11T12:52:10
HUMNL,2018-08-09,7.96,8.0,7.8,7.8,109500,psxdata,2026-05-11T12:52:10
HUMNL,2018-08-10,7.77,7.8,7.7,7.78,328500,psxdata,2026-05-11T12:52:10
HUMNL,2018-08-13,7.77,7.8,7.76,7.79,6000,psxdata,2026-05-11T12:52:10
HUMNL,2018-08-15,7.72,7.88,7.72,7.75,14000,psxdata,2026-05-11T12:52:10
HUMNL,2018-08-16,7.8,7.8,7.75,7.75,48000,psxdata,2026-05-11T12:52:10
HUMNL,2018-08-17,7.8,7.8,7.7,7.72,32000,psxdata,2026-05-11T12:52:10
HUMNL,2018-08-20,7.71,7.71,7.65,7.67,42500,psxdata,2026-05-11T12:52:10
HUMNL,2018-08-24,7.7,7.7,7.67,7.7,57500,psxdata,2026-05-11T12:52:10
HUMNL,2018-08-27,7.62,7.8,7.62,7.8,9500,psxdata,2026-05-11T12:52:10
HUMNL,2018-08-28,7.85,7.85,7.68,7.68,3000,psxdata,2026-05-11T12:52:10
HUMNL,2018-08-29,7.7,7.7,7.6,7.62,13000,psxdata,2026-05-11T12:52:10
HUMNL,2018-08-30,7.56,7.74,7.56,7.59,300500,psxdata,2026-05-11T12:52:10
HUMNL,2018-08-31,7.51,7.69,7.51,7.54,329500,psxdata,2026-05-11T12:52:10
HUMNL,2018-09-03,7.54,7.54,7.23,7.24,7290000,psxdata,2026-05-11T12:52:10
HUMNL,2018-09-04,7.23,7.39,7.2,7.39,501500,psxdata,2026-05-11T12:52:10
HUMNL,2018-09-05,7.39,7.4,7.24,7.24,54500,psxdata,2026-05-11T12:52:10
HUMNL,2018-09-06,7.18,7.18,7.07,7.1,57500,psxdata,2026-05-11T12:52:10
HUMNL,2018-09-07,7.06,7.1,6.9,7.0,11500,psxdata,2026-05-11T12:52:10
HUMNL,2018-09-10,6.76,7.0,6.76,6.98,46000,psxdata,2026-05-11T12:52:10
HUMNL,2018-09-11,6.99,7.24,6.96,7.03,53500,psxdata,2026-05-11T12:52:10
HUMNL,2018-09-12,7.0,7.0,6.86,6.95,3000,psxdata,2026-05-11T12:52:10
HUMNL,2018-09-13,7.0,7.08,6.98,7.02,50000,psxdata,2026-05-11T12:52:10
HUMNL,2018-09-14,7.18,7.2,7.02,7.03,45000,psxdata,2026-05-11T12:52:10
HUMNL,2018-09-17,7.01,7.09,6.9,7.0,50500,psxdata,2026-05-11T12:52:10
HUMNL,2018-09-18,6.9,7.05,6.86,6.95,74500,psxdata,2026-05-11T12:52:10
HUMNL,2018-09-19,7.01,7.01,6.9,6.91,92000,psxdata,2026-05-11T12:52:10
HUMNL,2018-09-24,7.39,7.39,6.78,6.81,49000,psxdata,2026-05-11T12:52:10
HUMNL,2018-09-25,6.81,6.82,6.77,6.82,17500,psxdata,2026-05-11T12:52:10
HUMNL,2018-09-26,6.75,6.76,6.75,6.75,140500,psxdata,2026-05-11T12:52:10
HUMNL,2018-09-27,6.52,6.8,6.52,6.61,109500,psxdata,2026-05-11T12:52:10
HUMNL,2018-09-28,6.52,6.7,6.47,6.5,236500,psxdata,2026-05-11T12:52:10
HUMNL,2018-10-01,6.75,6.75,6.01,6.24,152000,psxdata,2026-05-11T12:52:10
HUMNL,2018-10-02,6.4,6.4,5.61,5.84,1037000,psxdata,2026-05-11T12:52:10
HUMNL,2018-10-03,6.0,6.02,5.95,6.0,461000,psxdata,2026-05-11T12:52:10
HUMNL,2018-10-04,5.91,6.0,5.85,5.9,286500,psxdata,2026-05-11T12:52:10
HUMNL,2018-10-05,5.85,5.9,5.5,5.55,406000,psxdata,2026-05-11T12:52:10
HUMNL,2018-10-08,5.8,5.85,5.55,5.65,705500,psxdata,2026-05-11T12:52:10
HUMNL,2018-10-09,5.9,5.9,5.55,5.81,159500,psxdata,2026-05-11T12:52:10
HUMNL,2018-10-10,5.7,5.95,5.7,5.87,61000,psxdata,2026-05-11T12:52:10
HUMNL,2018-10-11,5.98,5.98,5.71,5.76,18500,psxdata,2026-05-11T12:52:10
HUMNL,2018-10-12,5.5,5.75,5.5,5.73,177000,psxdata,2026-05-11T12:52:10
HUMNL,2018-10-15,5.65,5.75,5.5,5.75,133500,psxdata,2026-05-11T12:52:10
HUMNL,2018-10-16,5.72,6.0,5.6,5.94,645500,psxdata,2026-05-11T12:52:10
HUMNL,2018-10-17,6.1,6.24,6.1,6.24,66000,psxdata,2026-05-11T12:52:10
HUMNL,2018-10-18,6.24,6.24,6.0,6.0,7500,psxdata,2026-05-11T12:52:10
HUMNL,2018-10-19,6.0,6.2,5.85,6.02,90500,psxdata,2026-05-11T12:52:10
HUMNL,2018-10-22,6.25,6.45,6.0,6.09,330000,psxdata,2026-05-11T12:52:10
HUMNL,2018-10-23,5.91,6.15,5.91,6.1,239000,psxdata,2026-05-11T12:52:10
HUMNL,2018-10-24,6.05,7.0,6.0,6.71,391500,psxdata,2026-05-11T12:52:10
HUMNL,2018-10-25,6.7,6.7,6.24,6.27,3356500,psxdata,2026-05-11T12:52:10
HUMNL,2018-10-26,6.2,6.5,6.15,6.5,1846000,psxdata,2026-05-11T12:52:10
HUMNL,2018-10-29,6.55,6.95,5.65,5.7,2185500,psxdata,2026-05-11T12:52:10
HUMNL,2018-10-30,5.72,5.85,5.65,5.74,1310500,psxdata,2026-05-11T12:52:10
HUMNL,2018-10-31,5.7,5.8,5.6,5.6,407000,psxdata,2026-05-11T12:52:10
HUMNL,2018-11-01,5.55,5.78,5.51,5.7,84000,psxdata,2026-05-11T12:52:10
HUMNL,2018-11-02,5.61,6.06,5.6,5.98,2284500,psxdata,2026-05-11T12:52:10
HUMNL,2018-11-05,6.0,6.3,5.85,6.21,559500,psxdata,2026-05-11T12:52:10
HUMNL,2018-11-06,6.29,6.29,5.9,5.92,221000,psxdata,2026-05-11T12:52:10
HUMNL,2018-11-07,6.1,6.1,5.84,6.01,135000,psxdata,2026-05-11T12:52:10
HUMNL,2018-11-08,6.0,6.0,5.9,6.0,147500,psxdata,2026-05-11T12:52:10
HUMNL,2018-11-09,6.05,6.05,5.9,6.02,14500,psxdata,2026-05-11T12:52:10
HUMNL,2018-11-12,6.0,6.08,5.85,5.95,322000,psxdata,2026-05-11T12:52:10
HUMNL,2018-11-13,5.97,5.97,5.9,5.95,114500,psxdata,2026-05-11T12:52:10
HUMNL,2018-11-14,5.95,5.99,5.83,5.95,255500,psxdata,2026-05-11T12:52:10
HUMNL,2018-11-15,6.0,6.04,5.85,5.9,201000,psxdata,2026-05-11T12:52:10
HUMNL,2018-11-16,5.9,5.94,5.83,5.86,82500,psxdata,2026-05-11T12:52:10
HUMNL,2018-11-19,5.87,5.95,5.84,5.92,126500,psxdata,2026-05-11T12:52:10
HUMNL,2018-11-20,5.85,5.91,5.85,5.89,42000,psxdata,2026-05-11T12:52:10
HUMNL,2018-11-22,5.82,5.93,5.81,5.81,57000,psxdata,2026-05-11T12:52:10
HUMNL,2018-11-23,5.75,5.85,5.7,5.73,36000,psxdata,2026-05-11T12:52:10
HUMNL,2018-11-26,5.73,5.75,5.6,5.69,300500,psxdata,2026-05-11T12:52:10
HUMNL,2018-11-27,5.74,5.74,5.59,5.6,57500,psxdata,2026-05-11T12:52:10
HUMNL,2018-11-28,5.61,5.61,5.58,5.58,7500,psxdata,2026-05-11T12:52:10
HUMNL,2018-11-29,5.6,5.8,5.59,5.6,149000,psxdata,2026-05-11T12:52:10
HUMNL,2018-11-30,5.6,5.6,5.43,5.6,8000,psxdata,2026-05-11T12:52:10
HUMNL,2018-12-03,5.6,5.6,4.95,5.25,188500,psxdata,2026-05-11T12:52:10
HUMNL,2018-12-04,5.26,5.45,5.21,5.42,59500,psxdata,2026-05-11T12:52:10
HUMNL,2018-12-05,5.16,5.2,5.16,5.2,75000,psxdata,2026-05-11T12:52:10
HUMNL,2018-12-06,5.2,5.3,5.06,5.11,77500,psxdata,2026-05-11T12:52:10
HUMNL,2018-12-07,5.34,5.49,5.03,5.07,71500,psxdata,2026-05-11T12:52:10
HUMNL,2018-12-10,5.25,5.25,5.15,5.16,20500,psxdata,2026-05-11T12:52:10
HUMNL,2018-12-11,5.11,5.16,4.97,5.05,72500,psxdata,2026-05-11T12:52:10
HUMNL,2018-12-12,5.1,5.25,5.0,5.01,211000,psxdata,2026-05-11T12:52:10
HUMNL,2018-12-13,5.0,5.15,5.0,5.0,61000,psxdata,2026-05-11T12:52:10
HUMNL,2018-12-14,5.1,5.1,5.0,5.0,13000,psxdata,2026-05-11T12:52:10
HUMNL,2018-12-17,5.1,5.1,4.97,4.99,1500,psxdata,2026-05-11T12:52:10
HUMNL,2018-12-18,5.09,5.1,4.85,4.95,21000,psxdata,2026-05-11T12:52:10
HUMNL,2018-12-19,4.9,4.9,4.75,4.78,47500,psxdata,2026-05-11T12:52:10
HUMNL,2018-12-20,5.0,5.0,4.7,4.78,93000,psxdata,2026-05-11T12:52:10
HUMNL,2018-12-21,4.84,4.84,4.5,4.63,215000,psxdata,2026-05-11T12:52:10
HUMNL,2018-12-24,4.52,4.78,4.52,4.72,25500,psxdata,2026-05-11T12:52:10
HUMNL,2018-12-26,4.86,4.86,4.77,4.77,6500,psxdata,2026-05-11T12:52:10
HUMNL,2018-12-27,4.76,5.0,4.76,4.81,50000,psxdata,2026-05-11T12:52:10
HUMNL,2018-12-28,4.71,4.71,4.61,4.64,5500,psxdata,2026-05-11T12:52:10
HUMNL,2018-12-31,4.6,4.6,4.4,4.4,47500,psxdata,2026-05-11T12:52:10
HUMNL,2019-01-01,4.5,4.69,4.4,4.69,24000,psxdata,2026-05-11T12:52:10
HUMNL,2019-01-02,4.8,5.0,4.75,4.77,34500,psxdata,2026-05-11T12:52:10
HUMNL,2019-01-03,4.9,4.9,4.5,4.53,15500,psxdata,2026-05-11T12:52:10
HUMNL,2019-01-04,4.56,5.25,4.5,4.98,2822000,psxdata,2026-05-11T12:52:10
HUMNL,2019-01-07,4.98,5.25,4.98,5.21,514500,psxdata,2026-05-11T12:52:10
HUMNL,2019-01-08,5.45,5.45,4.98,5.0,676500,psxdata,2026-05-11T12:52:10
HUMNL,2019-01-09,5.15,5.15,4.88,4.91,111000,psxdata,2026-05-11T12:52:10
HUMNL,2019-01-10,4.95,4.99,4.9,4.91,48500,psxdata,2026-05-11T12:52:10
HUMNL,2019-01-11,4.85,4.95,4.83,4.88,37000,psxdata,2026-05-11T12:52:10
HUMNL,2019-01-14,4.9,5.06,4.9,5.01,89000,psxdata,2026-05-11T12:52:10
HUMNL,2019-01-15,4.99,5.3,4.99,5.15,218500,psxdata,2026-05-11T12:52:10
HUMNL,2019-01-16,5.11,5.24,5.06,5.18,40000,psxdata,2026-05-11T12:52:10
HUMNL,2019-01-17,5.11,5.11,5.05,5.1,115000,psxdata,2026-05-11T12:52:10
HUMNL,2019-01-18,5.05,5.2,5.01,5.09,79500,psxdata,2026-05-11T12:52:10
HUMNL,2019-01-21,5.1,5.1,4.95,4.95,36500,psxdata,2026-05-11T12:52:10
HUMNL,2019-01-22,4.85,5.0,4.85,5.0,105500,psxdata,2026-05-11T12:52:10
HUMNL,2019-01-23,5.0,5.0,4.93,5.0,35500,psxdata,2026-05-11T12:52:10
HUMNL,2019-01-24,5.1,5.14,4.81,4.93,258500,psxdata,2026-05-11T12:52:10
HUMNL,2019-01-25,5.19,5.19,4.75,4.8,72000,psxdata,2026-05-11T12:52:10
HUMNL,2019-01-28,4.89,5.0,4.88,4.97,77000,psxdata,2026-05-11T12:52:10
HUMNL,2019-01-29,5.09,5.09,4.75,4.97,1639500,psxdata,2026-05-11T12:52:10
HUMNL,2019-01-30,5.0,5.7,5.0,5.46,5503000,psxdata,2026-05-11T12:52:10
HUMNL,2019-01-31,5.43,5.49,5.21,5.36,1336000,psxdata,2026-05-11T12:52:10
HUMNL,2019-02-01,5.36,5.7,5.36,5.52,1813000,psxdata,2026-05-11T12:52:10
HUMNL,2019-02-04,5.36,5.6,5.36,5.57,329000,psxdata,2026-05-11T12:52:10
HUMNL,2019-02-06,5.5,5.55,5.35,5.38,173500,psxdata,2026-05-11T12:52:10
HUMNL,2019-02-07,5.32,5.39,5.26,5.35,83500,psxdata,2026-05-11T12:52:10
HUMNL,2019-02-08,5.21,5.29,5.2,5.21,93500,psxdata,2026-05-11T12:52:10
HUMNL,2019-02-11,5.22,5.22,4.99,5.03,255500,psxdata,2026-05-11T12:52:10
HUMNL,2019-02-12,5.15,5.15,5.0,5.1,62500,psxdata,2026-05-11T12:52:10
HUMNL,2019-02-13,5.05,5.1,5.0,5.0,206500,psxdata,2026-05-11T12:52:10
HUMNL,2019-02-14,5.12,5.12,4.94,5.1,63000,psxdata,2026-05-11T12:52:10
HUMNL,2019-02-15,5.01,5.05,5.01,5.02,11500,psxdata,2026-05-11T12:52:10
HUMNL,2019-02-18,5.05,5.05,4.98,5.0,4500,psxdata,2026-05-11T12:52:10
HUMNL,2019-02-19,5.1,5.1,4.91,4.92,37000,psxdata,2026-05-11T12:52:10
HUMNL,2019-02-20,4.85,4.98,4.73,4.92,160500,psxdata,2026-05-11T12:52:10
HUMNL,2019-02-21,4.92,4.95,4.9,4.95,35000,psxdata,2026-05-11T12:52:10
HUMNL,2019-02-22,4.9,4.99,4.9,4.92,26500,psxdata,2026-05-11T12:52:10
HUMNL,2019-02-25,4.84,4.94,4.84,4.87,5000,psxdata,2026-05-11T12:52:10
HUMNL,2019-02-26,4.87,4.93,4.7,4.76,10500,psxdata,2026-05-11T12:52:10
HUMNL,2019-02-27,4.76,4.76,4.02,4.39,182500,psxdata,2026-05-11T12:52:10
HUMNL,2019-02-28,4.33,4.7,4.33,4.56,136500,psxdata,2026-05-11T12:52:10
HUMNL,2019-03-01,4.74,5.04,4.58,5.0,1447000,psxdata,2026-05-11T12:52:10
HUMNL,2019-03-04,4.76,5.0,4.7,4.85,662000,psxdata,2026-05-11T12:52:10
HUMNL,2019-03-05,4.85,4.85,4.72,4.73,3500,psxdata,2026-05-11T12:52:10
HUMNL,2019-03-06,4.76,4.77,4.76,4.77,3500,psxdata,2026-05-11T12:52:10
HUMNL,2019-03-07,4.7,4.85,4.7,4.73,203500,psxdata,2026-05-11T12:52:10
HUMNL,2019-03-08,4.6,4.7,4.51,4.6,18000,psxdata,2026-05-11T12:52:10
HUMNL,2019-03-11,4.6,4.7,4.6,4.6,81000,psxdata,2026-05-11T12:52:10
HUMNL,2019-03-12,4.61,4.68,4.61,4.62,5500,psxdata,2026-05-11T12:52:10
HUMNL,2019-03-13,4.6,4.6,4.56,4.59,65000,psxdata,2026-05-11T12:52:10
HUMNL,2019-03-14,4.53,4.6,4.5,4.53,281000,psxdata,2026-05-11T12:52:10
HUMNL,2019-03-15,4.45,4.6,4.4,4.51,24000,psxdata,2026-05-11T12:52:10
HUMNL,2019-03-18,4.51,4.55,4.4,4.52,64000,psxdata,2026-05-11T12:52:10
HUMNL,2019-03-19,4.68,4.8,4.62,4.71,91000,psxdata,2026-05-11T12:52:10
HUMNL,2019-03-20,4.61,4.61,4.5,4.6,64000,psxdata,2026-05-11T12:52:10
HUMNL,2019-03-21,4.51,4.6,4.36,4.43,54000,psxdata,2026-05-11T12:52:10
HUMNL,2019-03-22,4.46,4.65,4.45,4.51,51500,psxdata,2026-05-11T12:52:10
HUMNL,2019-03-25,4.51,4.51,4.45,4.45,10000,psxdata,2026-05-11T12:52:10
HUMNL,2019-03-26,4.45,4.5,4.42,4.5,4500,psxdata,2026-05-11T12:52:10
HUMNL,2019-03-27,4.69,4.7,4.44,4.5,371000,psxdata,2026-05-11T12:52:10
HUMNL,2019-03-28,4.46,4.46,4.3,4.3,71000,psxdata,2026-05-11T12:52:10
HUMNL,2019-03-29,4.3,4.3,4.17,4.3,7000,psxdata,2026-05-11T12:52:10
HUMNL,2019-04-01,4.2,4.2,4.15,4.2,17000,psxdata,2026-05-11T12:52:10
HUMNL,2019-04-02,4.2,4.3,4.1,4.2,68000,psxdata,2026-05-11T12:52:10
HUMNL,2019-04-03,4.2,4.2,4.11,4.11,5000,psxdata,2026-05-11T12:52:10
HUMNL,2019-04-04,4.01,4.09,3.97,4.0,453500,psxdata,2026-05-11T12:52:10
HUMNL,2019-04-05,4.0,4.03,4.0,4.01,594000,psxdata,2026-05-11T12:52:10
HUMNL,2019-04-08,4.0,4.0,3.75,3.81,668500,psxdata,2026-05-11T12:52:10
HUMNL,2019-04-09,3.65,3.88,3.6,3.85,152000,psxdata,2026-05-11T12:52:10
HUMNL,2019-04-10,3.81,3.85,3.68,3.74,66500,psxdata,2026-05-11T12:52:10
HUMNL,2019-04-11,3.7,3.9,3.61,3.75,44000,psxdata,2026-05-11T12:52:10
HUMNL,2019-04-12,3.9,4.0,3.9,3.99,15000,psxdata,2026-05-11T12:52:10
HUMNL,2019-04-15,4.0,4.35,4.0,4.13,59500,psxdata,2026-05-11T12:52:10
HUMNL,2019-04-16,4.05,4.12,4.05,4.05,16500,psxdata,2026-05-11T12:52:10
HUMNL,2019-04-17,4.05,4.1,4.05,4.06,39500,psxdata,2026-05-11T12:52:10
HUMNL,2019-04-18,3.75,4.0,3.75,3.81,36000,psxdata,2026-05-11T12:52:10
HUMNL,2019-04-19,4.0,4.18,3.8,4.1,36500,psxdata,2026-05-11T12:52:10
HUMNL,2019-04-22,4.39,4.45,4.1,4.25,89500,psxdata,2026-05-11T12:52:10
HUMNL,2019-04-23,4.1,4.15,3.95,4.0,855000,psxdata,2026-05-11T12:52:10
HUMNL,2019-04-24,4.0,4.28,3.91,4.1,94500,psxdata,2026-05-11T12:52:10
HUMNL,2019-04-25,4.2,4.25,4.11,4.21,23500,psxdata,2026-05-11T12:52:10
HUMNL,2019-04-26,4.15,4.16,4.15,4.15,214000,psxdata,2026-05-11T12:52:10
HUMNL,2019-04-29,4.25,4.25,3.9,4.05,81000,psxdata,2026-05-11T12:52:10
HUMNL,2019-04-30,4.0,4.2,4.0,4.2,2000,psxdata,2026-05-11T12:52:10
HUMNL,2019-05-02,4.14,4.15,4.05,4.05,1500,psxdata,2026-05-11T12:52:10
HUMNL,2019-05-03,4.0,4.0,3.8,3.95,15500,psxdata,2026-05-11T12:52:10
HUMNL,2019-05-06,4.0,4.0,3.8,3.8,20500,psxdata,2026-05-11T12:52:10
HUMNL,2019-05-07,4.19,4.19,3.85,3.99,74500,psxdata,2026-05-11T12:52:10
HUMNL,2019-05-08,3.8,3.96,3.75,3.75,4000,psxdata,2026-05-11T12:52:10
HUMNL,2019-05-09,3.75,4.0,3.66,3.89,50000,psxdata,2026-05-11T12:52:10
HUMNL,2019-05-10,4.0,4.0,3.75,3.78,28000,psxdata,2026-05-11T12:52:10
HUMNL,2019-05-13,3.79,3.79,3.5,3.64,91500,psxdata,2026-05-11T12:52:10
HUMNL,2019-05-14,3.41,3.6,3.31,3.38,180500,psxdata,2026-05-11T12:52:10
HUMNL,2019-05-15,3.8,4.0,3.6,3.92,95500,psxdata,2026-05-11T12:52:10
HUMNL,2019-05-16,3.49,3.89,3.4,3.74,116500,psxdata,2026-05-11T12:52:10
HUMNL,2019-05-17,3.76,3.76,3.25,3.47,507500,psxdata,2026-05-11T12:52:10
HUMNL,2019-05-20,3.22,3.99,3.2,3.94,15500,psxdata,2026-05-11T12:52:10
HUMNL,2019-05-21,3.8,3.8,3.7,3.7,18500,psxdata,2026-05-11T12:52:10
HUMNL,2019-05-22,3.75,4.3,3.72,3.91,550000,psxdata,2026-05-11T12:52:10
HUMNL,2019-05-23,3.9,4.08,3.6,3.65,484500,psxdata,2026-05-11T12:52:10
HUMNL,2019-05-24,3.83,3.97,3.58,3.6,250000,psxdata,2026-05-11T12:52:10
HUMNL,2019-05-27,3.6,3.65,3.55,3.56,75500,psxdata,2026-05-11T12:52:10
HUMNL,2019-05-28,3.42,3.85,3.42,3.51,630500,psxdata,2026-05-11T12:52:10
HUMNL,2019-05-29,3.4,3.75,3.4,3.55,413500,psxdata,2026-05-11T12:52:10
HUMNL,2019-05-30,3.56,3.6,3.55,3.6,36500,psxdata,2026-05-11T12:52:10
HUMNL,2019-06-03,3.9,3.9,3.47,3.5,138500,psxdata,2026-05-11T12:52:10
HUMNL,2019-06-10,3.32,3.45,3.3,3.38,46000,psxdata,2026-05-11T12:52:10
HUMNL,2019-06-11,3.42,3.45,3.25,3.37,414000,psxdata,2026-05-11T12:52:10
HUMNL,2019-06-12,3.67,3.67,3.3,3.33,301000,psxdata,2026-05-11T12:52:10
HUMNL,2019-06-13,3.35,3.41,3.28,3.3,3003500,psxdata,2026-05-11T12:52:10
HUMNL,2019-06-14,3.4,3.4,3.16,3.28,4785500,psxdata,2026-05-11T12:52:10
HUMNL,2019-06-17,3.3,3.3,3.2,3.25,90500,psxdata,2026-05-11T12:52:10
HUMNL,2019-06-18,3.16,3.22,3.0,3.1,430000,psxdata,2026-05-11T12:52:10
HUMNL,2019-06-19,3.28,3.28,3.1,3.18,504000,psxdata,2026-05-11T12:52:10
HUMNL,2019-06-20,3.27,3.3,3.25,3.27,413000,psxdata,2026-05-11T12:52:10
HUMNL,2019-06-21,3.28,3.4,3.28,3.37,1690000,psxdata,2026-05-11T12:52:10
HUMNL,2019-06-24,3.21,3.25,3.12,3.2,627500,psxdata,2026-05-11T12:52:10
HUMNL,2019-06-25,3.16,3.37,3.14,3.15,770500,psxdata,2026-05-11T12:52:10
HUMNL,2019-06-26,3.21,3.22,3.1,3.15,154000,psxdata,2026-05-11T12:52:10
HUMNL,2019-06-27,3.28,3.28,3.1,3.2,3500,psxdata,2026-05-11T12:52:10
HUMNL,2019-06-28,3.2,3.25,3.05,3.17,46500,psxdata,2026-05-11T12:52:10
HUMNL,2019-07-01,3.25,3.3,3.25,3.28,35500,psxdata,2026-05-11T12:52:10
HUMNL,2019-07-02,3.13,3.4,3.13,3.37,131000,psxdata,2026-05-11T12:52:10
HUMNL,2019-07-03,3.37,3.38,3.25,3.32,236000,psxdata,2026-05-11T12:52:10
HUMNL,2019-07-04,3.26,3.28,3.25,3.28,28500,psxdata,2026-05-11T12:52:10
HUMNL,2019-07-05,3.3,3.3,3.2,3.25,59500,psxdata,2026-05-11T12:52:10
HUMNL,2019-07-08,3.35,3.35,3.03,3.08,287500,psxdata,2026-05-11T12:52:10
HUMNL,2019-07-09,3.2,3.2,3.1,3.11,10000,psxdata,2026-05-11T12:52:10
HUMNL,2019-07-10,3.1,3.25,3.1,3.25,86000,psxdata,2026-05-11T12:52:10
HUMNL,2019-07-11,3.19,3.19,3.19,3.19,500,psxdata,2026-05-11T12:52:10
HUMNL,2019-07-12,3.15,3.39,2.31,3.19,23500,psxdata,2026-05-11T12:52:10
HUMNL,2019-07-15,3.11,3.39,3.06,3.34,887500,psxdata,2026-05-11T12:52:10
HUMNL,2019-07-16,3.28,3.28,3.06,3.28,302500,psxdata,2026-05-11T12:52:10
HUMNL,2019-07-17,3.2,3.2,3.08,3.08,26500,psxdata,2026-05-11T12:52:10
HUMNL,2019-07-18,3.1,3.1,2.98,3.01,56000,psxdata,2026-05-11T12:52:10
HUMNL,2019-07-19,3.09,3.09,3.0,3.01,165000,psxdata,2026-05-11T12:52:10
HUMNL,2019-07-22,3.01,3.18,3.0,3.18,10000,psxdata,2026-05-11T12:52:10
HUMNL,2019-07-24,2.95,3.15,2.95,3.15,35500,psxdata,2026-05-11T12:52:10
HUMNL,2019-07-25,3.0,3.19,3.0,3.17,312000,psxdata,2026-05-11T12:52:10
HUMNL,2019-07-26,3.0,3.15,2.81,2.99,74000,psxdata,2026-05-11T12:52:10
HUMNL,2019-07-29,3.07,3.08,3.07,3.08,5500,psxdata,2026-05-11T12:52:10
HUMNL,2019-07-30,3.0,3.0,3.0,3.0,62500,psxdata,2026-05-11T12:52:10
HUMNL,2019-07-31,3.0,3.07,3.0,3.01,99000,psxdata,2026-05-11T12:52:10
HUMNL,2019-08-01,3.09,3.09,3.09,3.09,1000,psxdata,2026-05-11T12:52:10
HUMNL,2019-08-02,3.0,3.0,2.95,3.0,28000,psxdata,2026-05-11T12:52:10
HUMNL,2019-08-05,2.81,2.99,2.81,2.98,74000,psxdata,2026-05-11T12:52:10
HUMNL,2019-08-06,2.9,3.0,2.9,3.0,2000,psxdata,2026-05-11T12:52:10
HUMNL,2019-08-07,3.0,3.0,2.81,2.85,222000,psxdata,2026-05-11T12:52:10
HUMNL,2019-08-08,2.71,2.75,2.5,2.58,104500,psxdata,2026-05-11T12:52:10
HUMNL,2019-08-09,2.75,2.75,2.51,2.67,530000,psxdata,2026-05-11T12:52:10
HUMNL,2019-08-16,2.5,2.7,2.45,2.64,6000,psxdata,2026-05-11T12:52:10
HUMNL,2019-08-19,2.64,2.75,2.55,2.65,141000,psxdata,2026-05-11T12:52:10
HUMNL,2019-08-20,2.7,2.7,2.6,2.65,123500,psxdata,2026-05-11T12:52:10
HUMNL,2019-08-21,2.7,2.73,2.65,2.67,625000,psxdata,2026-05-11T12:52:10
HUMNL,2019-08-22,2.67,2.98,2.67,2.95,911000,psxdata,2026-05-11T12:52:10
HUMNL,2019-08-23,2.94,2.95,2.8,2.84,230500,psxdata,2026-05-11T12:52:10
HUMNL,2019-08-26,2.75,2.75,2.65,2.65,152000,psxdata,2026-05-11T12:52:10
HUMNL,2019-08-27,2.65,2.65,2.55,2.58,158500,psxdata,2026-05-11T12:52:10
HUMNL,2019-08-28,2.6,2.61,2.6,2.6,14500,psxdata,2026-05-11T12:52:10
HUMNL,2019-08-29,2.6,2.6,2.5,2.51,58500,psxdata,2026-05-11T12:52:10
HUMNL,2019-08-30,2.5,2.75,2.35,2.42,73500,psxdata,2026-05-11T12:52:10
HUMNL,2019-09-02,2.77,2.77,2.59,2.6,56000,psxdata,2026-05-11T12:52:10
HUMNL,2019-09-03,2.59,2.59,2.5,2.5,108500,psxdata,2026-05-11T12:52:10
HUMNL,2019-09-04,2.67,2.75,2.6,2.71,29000,psxdata,2026-05-11T12:52:10
HUMNL,2019-09-05,2.65,2.65,2.6,2.6,3000,psxdata,2026-05-11T12:52:10
HUMNL,2019-09-06,2.51,2.6,2.51,2.57,4500,psxdata,2026-05-11T12:52:10
HUMNL,2019-09-11,2.51,2.57,2.5,2.57,78000,psxdata,2026-05-11T12:52:10
HUMNL,2019-09-12,2.5,2.57,2.5,2.5,113000,psxdata,2026-05-11T12:52:10
HUMNL,2019-09-13,2.45,2.51,2.45,2.47,39500,psxdata,2026-05-11T12:52:10
HUMNL,2019-09-16,2.5,2.5,2.5,2.5,15000,psxdata,2026-05-11T12:52:10
HUMNL,2019-09-17,2.7,2.7,2.52,2.56,16500,psxdata,2026-05-11T12:52:10
HUMNL,2019-09-18,2.56,2.6,2.5,2.6,16000,psxdata,2026-05-11T12:52:10
HUMNL,2019-09-19,2.55,2.55,2.5,2.5,65000,psxdata,2026-05-11T12:52:10
HUMNL,2019-09-20,2.53,2.54,2.5,2.51,9500,psxdata,2026-05-11T12:52:10
HUMNL,2019-09-23,2.67,2.71,2.65,2.65,14000,psxdata,2026-05-11T12:52:10
HUMNL,2019-09-25,2.68,2.68,2.51,2.51,29000,psxdata,2026-05-11T12:52:10
HUMNL,2019-09-26,2.55,2.55,2.5,2.5,57500,psxdata,2026-05-11T12:52:10
HUMNL,2019-09-27,2.52,2.7,2.5,2.7,30000,psxdata,2026-05-11T12:52:10
HUMNL,2019-09-30,2.74,2.75,2.74,2.75,1000,psxdata,2026-05-11T12:52:10
HUMNL,2019-10-01,2.72,2.76,2.6,2.73,63000,psxdata,2026-05-11T12:52:10
HUMNL,2019-10-03,2.7,2.74,2.64,2.72,262000,psxdata,2026-05-11T12:52:10
HUMNL,2019-10-04,2.7,2.79,2.61,2.7,76500,psxdata,2026-05-11T12:52:10
HUMNL,2019-10-07,2.55,3.06,2.55,2.84,1420000,psxdata,2026-05-11T12:52:10
HUMNL,2019-10-08,2.82,2.9,2.75,2.77,122500,psxdata,2026-05-11T12:52:10
HUMNL,2019-10-09,2.75,2.97,2.72,2.9,470500,psxdata,2026-05-11T12:52:10
HUMNL,2019-10-10,2.98,3.1,2.89,2.98,678000,psxdata,2026-05-11T12:52:10
HUMNL,2019-10-11,3.05,3.05,2.85,2.91,144500,psxdata,2026-05-11T12:52:10
HUMNL,2019-10-14,2.84,2.9,2.81,2.81,117000,psxdata,2026-05-11T12:52:10
HUMNL,2019-10-15,2.95,2.95,2.81,2.87,114500,psxdata,2026-05-11T12:52:10
HUMNL,2019-10-16,2.96,3.0,2.85,2.98,200000,psxdata,2026-05-11T12:52:10
HUMNL,2019-10-17,2.97,2.99,2.82,2.85,111500,psxdata,2026-05-11T12:52:10
HUMNL,2019-10-18,2.89,2.9,2.7,2.72,184500,psxdata,2026-05-11T12:52:10
HUMNL,2019-10-21,2.64,2.64,2.56,2.59,236500,psxdata,2026-05-11T12:52:10
HUMNL,2019-10-22,2.7,2.7,2.5,2.53,160500,psxdata,2026-05-11T12:52:10
HUMNL,2019-10-23,2.74,2.74,2.48,2.49,390000,psxdata,2026-05-11T12:52:10
HUMNL,2019-10-24,2.5,2.52,2.46,2.5,350500,psxdata,2026-05-11T12:52:10
HUMNL,2019-10-25,2.5,2.59,2.46,2.49,4835500,psxdata,2026-05-11T12:52:10
HUMNL,2019-10-28,2.41,2.5,2.41,2.45,311500,psxdata,2026-05-11T12:52:10
HUMNL,2019-10-29,2.48,2.5,2.41,2.41,341000,psxdata,2026-05-11T12:52:10
HUMNL,2019-10-30,2.44,2.45,2.37,2.41,48000,psxdata,2026-05-11T12:52:10
HUMNL,2019-10-31,2.34,2.44,2.34,2.4,159000,psxdata,2026-05-11T12:52:10
HUMNL,2019-11-01,2.42,2.42,2.37,2.4,50500,psxdata,2026-05-11T12:52:10
HUMNL,2019-11-04,2.54,2.54,2.41,2.47,134500,psxdata,2026-05-11T12:52:10
HUMNL,2019-11-05,2.47,2.5,2.46,2.49,418000,psxdata,2026-05-11T12:52:10
HUMNL,2019-11-06,2.5,2.55,2.47,2.5,1671000,psxdata,2026-05-11T12:52:10
HUMNL,2019-11-07,2.59,2.95,2.49,2.83,11909000,psxdata,2026-05-11T12:52:10
HUMNL,2019-11-08,2.89,3.31,2.89,3.05,11123500,psxdata,2026-05-11T12:52:10
HUMNL,2019-11-11,3.11,3.39,3.11,3.2,4698000,psxdata,2026-05-11T12:52:10
HUMNL,2019-11-12,3.27,3.35,3.08,3.1,1621000,psxdata,2026-05-11T12:52:10
HUMNL,2019-11-13,3.06,3.18,3.04,3.06,723000,psxdata,2026-05-11T12:52:10
HUMNL,2019-11-14,3.06,3.15,3.0,3.06,1517500,psxdata,2026-05-11T12:52:10
HUMNL,2019-11-15,3.05,3.58,3.02,3.44,7202500,psxdata,2026-05-11T12:52:10
HUMNL,2019-11-18,3.26,3.95,3.2,3.85,11775500,psxdata,2026-05-11T12:52:10
HUMNL,2019-11-19,3.92,3.99,3.61,3.65,3179000,psxdata,2026-05-11T12:52:10
HUMNL,2019-11-20,3.73,3.87,3.5,3.79,3491000,psxdata,2026-05-11T12:52:10
HUMNL,2019-11-21,3.75,3.77,3.51,3.55,787500,psxdata,2026-05-11T12:52:10
HUMNL,2019-11-22,3.65,3.8,3.53,3.72,1307000,psxdata,2026-05-11T12:52:10
HUMNL,2019-11-25,3.63,3.8,3.55,3.63,332500,psxdata,2026-05-11T12:52:10
HUMNL,2019-11-26,3.55,3.7,3.39,3.41,1489500,psxdata,2026-05-11T12:52:10
HUMNL,2019-11-27,3.54,3.55,3.31,3.43,620000,psxdata,2026-05-11T12:52:10
HUMNL,2019-11-28,3.55,3.59,3.45,3.51,1027000,psxdata,2026-05-11T12:52:10
HUMNL,2019-11-29,3.58,3.7,3.4,3.62,928000,psxdata,2026-05-11T12:52:10
HUMNL,2019-12-02,3.74,3.95,3.73,3.82,3409000,psxdata,2026-05-11T12:52:10
HUMNL,2019-12-03,3.93,3.97,3.7,3.75,765500,psxdata,2026-05-11T12:52:10
HUMNL,2019-12-04,3.79,3.9,3.62,3.77,811500,psxdata,2026-05-11T12:52:10
HUMNL,2019-12-05,3.88,3.9,3.6,3.62,763500,psxdata,2026-05-11T12:52:10
HUMNL,2019-12-06,3.7,3.7,3.45,3.5,1809000,psxdata,2026-05-11T12:52:10
HUMNL,2019-12-09,3.52,3.7,3.46,3.49,859500,psxdata,2026-05-11T12:52:10
HUMNL,2019-12-10,3.64,3.64,3.4,3.41,1014000,psxdata,2026-05-11T12:52:10
HUMNL,2019-12-11,3.4,3.53,3.4,3.41,422500,psxdata,2026-05-11T12:52:10
HUMNL,2019-12-12,3.45,3.48,3.25,3.35,660500,psxdata,2026-05-11T12:52:10
HUMNL,2019-12-13,3.27,3.45,3.26,3.36,730000,psxdata,2026-05-11T12:52:10
HUMNL,2019-12-16,3.45,3.45,3.32,3.38,190000,psxdata,2026-05-11T12:52:10
HUMNL,2019-12-17,3.39,3.49,3.16,3.21,869500,psxdata,2026-05-11T12:52:10
HUMNL,2019-12-18,3.21,3.21,3.05,3.08,500500,psxdata,2026-05-11T12:52:10
HUMNL,2019-12-19,3.1,3.2,3.0,3.0,498500,psxdata,2026-05-11T12:52:10
HUMNL,2019-12-20,3.06,3.06,2.98,3.04,248500,psxdata,2026-05-11T12:52:10
HUMNL,2019-12-23,3.01,3.08,2.94,2.98,271000,psxdata,2026-05-11T12:52:10
HUMNL,2019-12-24,2.95,3.0,2.85,2.97,831500,psxdata,2026-05-11T12:52:10
HUMNL,2019-12-26,2.82,3.06,2.82,3.03,205500,psxdata,2026-05-11T12:52:10
HUMNL,2019-12-27,2.92,3.18,2.92,3.06,1358000,psxdata,2026-05-11T12:52:10
HUMNL,2019-12-30,3.16,3.16,3.03,3.11,124500,psxdata,2026-05-11T12:52:10
HUMNL,2019-12-31,3.16,3.25,3.03,3.21,436000,psxdata,2026-05-11T12:52:10
HUMNL,2020-01-01,3.23,3.25,3.14,3.18,544500,psxdata,2026-05-11T12:52:10
HUMNL,2020-01-02,3.25,3.25,3.1,3.18,1031500,psxdata,2026-05-11T12:52:10
HUMNL,2020-01-03,3.2,3.2,3.06,3.1,234500,psxdata,2026-05-11T12:52:10
HUMNL,2020-01-06,3.02,3.04,2.91,2.95,158500,psxdata,2026-05-11T12:52:10
HUMNL,2020-01-07,2.96,3.08,2.95,2.99,158000,psxdata,2026-05-11T12:52:10
HUMNL,2020-01-08,2.95,2.99,2.6,2.69,404000,psxdata,2026-05-11T12:52:10
HUMNL,2020-01-09,2.98,3.08,2.69,3.03,228000,psxdata,2026-05-11T12:52:10
HUMNL,2020-01-10,3.09,3.1,2.9,3.06,150000,psxdata,2026-05-11T12:52:10
HUMNL,2020-01-13,3.06,3.28,3.0,3.22,671000,psxdata,2026-05-11T12:52:10
HUMNL,2020-01-14,3.25,3.32,3.2,3.23,558500,psxdata,2026-05-11T12:52:10
HUMNL,2020-01-15,3.3,3.34,3.16,3.27,83000,psxdata,2026-05-11T12:52:10
HUMNL,2020-01-16,3.29,3.29,3.04,3.15,122000,psxdata,2026-05-11T12:52:10
HUMNL,2020-01-17,3.1,3.2,3.04,3.06,441000,psxdata,2026-05-11T12:52:10
HUMNL,2020-01-20,3.08,3.08,3.03,3.04,80000,psxdata,2026-05-11T12:52:10
HUMNL,2020-01-21,3.02,3.06,2.99,3.0,302000,psxdata,2026-05-11T12:52:10
HUMNL,2020-01-22,3.0,3.04,2.97,3.01,166000,psxdata,2026-05-11T12:52:10
HUMNL,2020-01-23,3.0,3.19,2.98,3.0,507000,psxdata,2026-05-11T12:52:10
HUMNL,2020-01-24,3.05,3.05,2.91,2.98,230500,psxdata,2026-05-11T12:52:10
HUMNL,2020-01-27,2.95,3.05,2.77,3.01,1264500,psxdata,2026-05-11T12:52:10
HUMNL,2020-01-28,3.0,3.15,2.95,3.01,82500,psxdata,2026-05-11T12:52:10
HUMNL,2020-01-29,2.8,3.0,2.8,2.9,852500,psxdata,2026-05-11T12:52:10
HUMNL,2020-01-30,2.98,2.98,2.9,2.91,114500,psxdata,2026-05-11T12:52:10
HUMNL,2020-01-31,2.92,2.99,2.87,2.89,37000,psxdata,2026-05-11T12:52:10
HUMNL,2020-02-03,2.9,2.9,2.75,2.79,300500,psxdata,2026-05-11T12:52:10
HUMNL,2020-02-04,2.76,2.9,2.76,2.85,163000,psxdata,2026-05-11T12:52:10
HUMNL,2020-02-06,2.82,2.93,2.82,2.85,36500,psxdata,2026-05-11T12:52:10
HUMNL,2020-02-07,2.81,3.08,2.75,2.8,487000,psxdata,2026-05-11T12:52:10
HUMNL,2020-02-10,2.85,2.85,2.7,2.81,333000,psxdata,2026-05-11T12:52:10
HUMNL,2020-02-11,2.81,2.81,2.7,2.72,252000,psxdata,2026-05-11T12:52:10
HUMNL,2020-02-12,2.74,2.81,2.7,2.81,131500,psxdata,2026-05-11T12:52:10
HUMNL,2020-02-13,2.85,2.85,2.8,2.8,78500,psxdata,2026-05-11T12:52:10
HUMNL,2020-02-14,2.84,2.85,2.7,2.74,59000,psxdata,2026-05-11T12:52:10
HUMNL,2020-02-17,2.84,2.84,2.65,2.75,77000,psxdata,2026-05-11T12:52:10
HUMNL,2020-02-18,2.65,2.79,2.65,2.7,188500,psxdata,2026-05-11T12:52:10
HUMNL,2020-02-19,2.73,2.9,2.73,2.86,69500,psxdata,2026-05-11T12:52:10
HUMNL,2020-02-20,2.86,2.92,2.8,2.8,242500,psxdata,2026-05-11T12:52:10
HUMNL,2020-02-21,2.92,2.99,2.78,2.82,28000,psxdata,2026-05-11T12:52:10
HUMNL,2020-02-24,2.71,2.8,2.66,2.74,61500,psxdata,2026-05-11T12:52:10
HUMNL,2020-02-25,2.75,2.76,2.7,2.73,41500,psxdata,2026-05-11T12:52:10
HUMNL,2020-02-26,2.72,2.86,2.68,2.73,142000,psxdata,2026-05-11T12:52:10
HUMNL,2020-02-27,2.7,2.87,2.53,2.72,294500,psxdata,2026-05-11T12:52:10
HUMNL,2020-02-28,2.75,2.75,2.7,2.7,151500,psxdata,2026-05-11T12:52:10
HUMNL,2020-03-02,2.88,2.88,2.7,2.85,42500,psxdata,2026-05-11T12:52:10
HUMNL,2020-03-03,2.85,2.89,2.7,2.79,33000,psxdata,2026-05-11T12:52:10
HUMNL,2020-03-04,2.72,2.72,2.57,2.63,602500,psxdata,2026-05-11T12:52:10
HUMNL,2020-03-05,2.75,2.75,2.63,2.7,213500,psxdata,2026-05-11T12:52:10
HUMNL,2020-03-06,2.58,2.7,2.54,2.66,151500,psxdata,2026-05-11T12:52:10
HUMNL,2020-03-09,2.6,2.65,2.5,2.65,171500,psxdata,2026-05-11T12:52:10
HUMNL,2020-03-10,2.7,2.78,2.61,2.65,257000,psxdata,2026-05-11T12:52:10
HUMNL,2020-03-11,2.65,2.65,2.55,2.6,71500,psxdata,2026-05-11T12:52:10
HUMNL,2020-03-12,2.53,2.6,2.45,2.53,194500,psxdata,2026-05-11T12:52:10
HUMNL,2020-03-13,2.45,2.49,2.34,2.45,383500,psxdata,2026-05-11T12:52:10
HUMNL,2020-03-16,2.3,2.88,2.0,2.14,750500,psxdata,2026-05-11T12:52:10
HUMNL,2020-03-17,2.15,2.24,2.14,2.18,269000,psxdata,2026-05-11T12:52:10
HUMNL,2020-03-18,2.15,2.18,2.0,2.04,185500,psxdata,2026-05-11T12:52:10
HUMNL,2020-03-19,2.02,2.18,1.99,2.01,274000,psxdata,2026-05-11T12:52:10
HUMNL,2020-03-20,2.02,2.18,1.99,2.03,99000,psxdata,2026-05-11T12:52:10
HUMNL,2020-03-24,1.95,1.95,1.85,1.89,80500,psxdata,2026-05-11T12:52:10
HUMNL,2020-03-25,1.92,1.92,1.71,1.82,149000,psxdata,2026-05-11T12:52:10
HUMNL,2020-03-26,1.9,1.99,1.85,1.88,94500,psxdata,2026-05-11T12:52:10
HUMNL,2020-03-27,1.83,1.99,1.77,1.97,186000,psxdata,2026-05-11T12:52:10
HUMNL,2020-03-30,1.98,2.05,1.95,2.0,320000,psxdata,2026-05-11T12:52:10
HUMNL,2020-03-31,2.05,2.15,2.02,2.15,104000,psxdata,2026-05-11T12:52:10
HUMNL,2020-04-01,2.19,2.3,2.1,2.19,222500,psxdata,2026-05-11T12:52:10
HUMNL,2020-04-02,2.29,2.39,2.21,2.35,309500,psxdata,2026-05-11T12:52:10
HUMNL,2020-04-03,2.39,2.4,2.29,2.31,471500,psxdata,2026-05-11T12:52:10
HUMNL,2020-04-06,2.32,2.32,2.1,2.14,188000,psxdata,2026-05-11T12:52:10
HUMNL,2020-04-07,2.06,2.15,1.99,2.14,190500,psxdata,2026-05-11T12:52:10
HUMNL,2020-04-08,2.06,2.09,2.01,2.09,264000,psxdata,2026-05-11T12:52:10
HUMNL,2020-04-09,2.15,2.32,2.1,2.31,508500,psxdata,2026-05-11T12:52:10
HUMNL,2020-04-10,2.26,2.62,2.26,2.52,729000,psxdata,2026-05-11T12:52:10
HUMNL,2020-04-13,2.41,2.42,2.25,2.31,191000,psxdata,2026-05-11T12:52:10
HUMNL,2020-04-14,2.3,2.35,2.27,2.31,150000,psxdata,2026-05-11T12:52:10
HUMNL,2020-04-15,2.3,2.7,2.18,2.65,2586000,psxdata,2026-05-11T12:52:10
HUMNL,2020-04-16,2.65,3.01,2.6,2.98,1609500,psxdata,2026-05-11T12:52:10
HUMNL,2020-04-17,3.12,3.5,3.06,3.5,4093000,psxdata,2026-05-11T12:52:10
HUMNL,2020-04-20,3.55,4.5,3.55,4.5,11729000,psxdata,2026-05-11T12:52:10
HUMNL,2020-04-21,4.8,5.44,4.61,4.79,8114000,psxdata,2026-05-11T12:52:10
HUMNL,2020-04-22,5.0,5.79,5.0,5.52,9572500,psxdata,2026-05-11T12:52:10
HUMNL,2020-04-23,5.53,5.85,5.0,5.31,3623000,psxdata,2026-05-11T12:52:10
HUMNL,2020-04-24,5.31,5.31,4.82,4.96,1799000,psxdata,2026-05-11T12:52:10
HUMNL,2020-04-27,4.56,4.68,4.15,4.33,1024000,psxdata,2026-05-11T12:52:10
HUMNL,2020-04-28,4.16,4.52,4.15,4.48,564000,psxdata,2026-05-11T12:52:10
HUMNL,2020-04-29,4.69,4.85,4.46,4.81,537000,psxdata,2026-05-11T12:52:10
HUMNL,2020-04-30,4.81,4.88,4.7,4.82,596000,psxdata,2026-05-11T12:52:10
HUMNL,2020-05-04,4.82,5.82,4.82,5.82,3031000,psxdata,2026-05-11T12:52:10
HUMNL,2020-05-05,6.25,6.7,5.83,6.57,9691500,psxdata,2026-05-11T12:52:10
HUMNL,2020-05-06,6.64,7.02,6.35,6.77,4425000,psxdata,2026-05-11T12:52:10
HUMNL,2020-05-07,6.77,7.01,6.5,6.6,2466000,psxdata,2026-05-11T12:52:10
HUMNL,2020-05-08,6.6,7.27,6.6,7.17,5348500,psxdata,2026-05-11T12:52:10
HUMNL,2020-05-11,7.37,8.17,7.27,8.17,7887000,psxdata,2026-05-11T12:52:10
HUMNL,2020-05-12,8.42,9.0,8.0,8.3,4463500,psxdata,2026-05-11T12:52:10
HUMNL,2020-05-13,8.2,9.3,7.7,9.11,6175000,psxdata,2026-05-11T12:52:10
HUMNL,2020-05-14,9.5,10.11,9.4,10.11,6809000,psxdata,2026-05-11T12:52:10
HUMNL,2020-05-15,10.41,11.11,10.2,11.1,7924000,psxdata,2026-05-11T12:52:10
HUMNL,2020-05-18,11.15,12.05,11.15,11.61,6202500,psxdata,2026-05-11T12:52:10
HUMNL,2020-05-19,11.71,11.86,10.61,10.61,1490500,psxdata,2026-05-11T12:52:10
HUMNL,2020-05-20,9.61,10.94,9.61,9.61,11731500,psxdata,2026-05-11T12:52:10
HUMNL,2020-05-21,10.0,10.61,9.61,10.61,6827000,psxdata,2026-05-11T12:52:10
HUMNL,2020-05-28,11.24,11.61,11.24,11.61,1761000,psxdata,2026-05-11T12:52:10
HUMNL,2020-05-29,12.61,12.61,11.01,11.6,6472000,psxdata,2026-05-11T12:52:10
HUMNL,2020-06-01,11.45,12.6,11.06,11.3,7408000,psxdata,2026-05-11T12:52:10
HUMNL,2020-06-02,11.49,11.64,10.3,10.3,3118000,psxdata,2026-05-11T12:52:10
HUMNL,2020-06-03,10.02,10.5,9.51,9.97,3582000,psxdata,2026-05-11T12:52:10
HUMNL,2020-06-04,10.05,10.57,10.05,10.26,1599500,psxdata,2026-05-11T12:52:10
HUMNL,2020-06-05,10.29,11.26,9.99,11.26,3480000,psxdata,2026-05-11T12:52:10
HUMNL,2020-06-08,11.86,12.26,11.75,12.25,10415500,psxdata,2026-05-11T12:52:10
HUMNL,2020-06-09,12.5,13.25,12.0,13.21,7965000,psxdata,2026-05-11T12:52:10
HUMNL,2020-06-10,13.59,13.89,12.8,13.22,5253500,psxdata,2026-05-11T12:52:10
HUMNL,2020-06-11,13.49,14.1,13.25,13.8,7353500,psxdata,2026-05-11T12:52:10
HUMNL,2020-06-12,13.9,14.72,12.91,14.58,5557500,psxdata,2026-05-11T12:52:10
HUMNL,2020-06-15,14.6,15.67,14.2,15.52,7895500,psxdata,2026-05-11T12:52:10
HUMNL,2020-06-16,16.1,16.5,15.25,15.97,7871500,psxdata,2026-05-11T12:52:10
HUMNL,2020-06-17,16.3,17.16,16.3,16.79,10040000,psxdata,2026-05-11T12:52:10
HUMNL,2020-06-18,16.92,17.7,16.85,17.05,3454000,psxdata,2026-05-11T12:52:10
HUMNL,2020-06-19,17.24,17.35,15.78,15.88,2195500,psxdata,2026-05-11T12:52:10
HUMNL,2020-06-22,15.32,16.25,14.69,15.9,6475500,psxdata,2026-05-11T12:52:10
HUMNL,2020-06-23,16.1,16.4,15.7,15.88,2576000,psxdata,2026-05-11T12:52:10
HUMNL,2020-06-24,15.61,16.0,14.69,14.69,2074000,psxdata,2026-05-11T12:52:10
HUMNL,2020-06-25,14.5,15.79,13.59,15.77,13413000,psxdata,2026-05-11T12:52:10
HUMNL,2020-06-26,15.85,16.19,14.59,14.65,8249500,psxdata,2026-05-11T12:52:10
HUMNL,2020-06-29,14.0,14.4,13.56,13.56,7024500,psxdata,2026-05-11T12:52:10
HUMNL,2020-06-30,13.15,13.37,12.55,12.55,6631000,psxdata,2026-05-11T12:52:10
HUMNL,2020-07-01,12.0,13.55,11.55,13.53,30679500,psxdata,2026-05-11T12:52:10
HUMNL,2020-07-02,13.9,14.52,13.9,14.31,10231000,psxdata,2026-05-11T12:52:10
HUMNL,2020-07-03,14.15,14.55,13.4,13.84,9117500,psxdata,2026-05-11T12:52:10
HUMNL,2020-07-06,13.89,14.0,12.81,12.82,10986500,psxdata,2026-05-11T12:52:10
HUMNL,2020-07-07,12.64,13.17,12.35,12.86,5461000,psxdata,2026-05-11T12:52:10
HUMNL,2020-07-08,12.86,12.95,12.52,12.63,2138500,psxdata,2026-05-11T12:52:10
HUMNL,2020-07-09,12.55,12.95,12.4,12.53,3449000,psxdata,2026-05-11T12:52:10
HUMNL,2020-07-10,12.51,12.7,11.53,11.78,3977000,psxdata,2026-05-11T12:52:10
HUMNL,2020-07-13,11.9,12.2,10.8,10.99,6721500,psxdata,2026-05-11T12:52:10
HUMNL,2020-07-14,11.0,11.5,11.0,11.17,5017000,psxdata,2026-05-11T12:52:10
HUMNL,2020-07-15,11.35,11.45,10.75,10.86,2663000,psxdata,2026-05-11T12:52:10
HUMNL,2020-07-16,10.85,11.05,9.96,10.04,15444500,psxdata,2026-05-11T12:52:10
HUMNL,2020-07-17,9.94,10.0,9.11,9.22,7011500,psxdata,2026-05-11T12:52:10
HUMNL,2020-07-20,9.2,10.22,8.72,10.21,15089000,psxdata,2026-05-11T12:52:10
HUMNL,2020-07-21,10.45,11.21,10.26,11.18,17503000,psxdata,2026-05-11T12:52:10
HUMNL,2020-07-22,11.3,11.54,11.0,11.41,13831000,psxdata,2026-05-11T12:52:10
HUMNL,2020-07-23,11.59,11.72,10.46,11.21,8042000,psxdata,2026-05-11T12:52:10
HUMNL,2020-07-24,11.2,11.3,10.8,10.9,1156000,psxdata,2026-05-11T12:52:10
HUMNL,2020-07-27,10.51,10.95,9.9,9.99,5309500,psxdata,2026-05-11T12:52:10
HUMNL,2020-07-28,9.92,10.39,9.09,9.21,12645000,psxdata,2026-05-11T12:52:10
HUMNL,2020-07-29,9.25,9.8,9.2,9.57,5302500,psxdata,2026-05-11T12:52:10
HUMNL,2020-07-30,9.7,9.7,9.31,9.49,1389000,psxdata,2026-05-11T12:52:10
HUMNL,2020-08-03,9.4,9.7,9.4,9.42,2600500,psxdata,2026-05-11T12:52:10
HUMNL,2020-08-04,9.56,9.93,9.29,9.37,3582500,psxdata,2026-05-11T12:52:10
HUMNL,2020-08-05,9.42,9.7,9.37,9.42,8301500,psxdata,2026-05-11T12:52:10
HUMNL,2020-08-06,9.52,9.65,9.05,9.09,3541500,psxdata,2026-05-11T12:52:10
HUMNL,2020-08-07,9.15,9.43,8.85,9.02,3474500,psxdata,2026-05-11T12:52:10
HUMNL,2020-08-10,9.1,9.1,8.72,8.76,1954000,psxdata,2026-05-11T12:52:10
HUMNL,2020-08-11,8.89,9.51,8.55,9.15,5614500,psxdata,2026-05-11T12:52:10
HUMNL,2020-08-12,9.11,9.48,8.75,8.89,1763000,psxdata,2026-05-11T12:52:10
HUMNL,2020-08-13,9.05,9.15,8.7,8.86,1546000,psxdata,2026-05-11T12:52:10
HUMNL,2020-08-17,8.82,8.99,8.55,8.68,2018000,psxdata,2026-05-11T12:52:10
HUMNL,2020-08-18,8.56,8.7,8.0,8.12,2833000,psxdata,2026-05-11T12:52:10
HUMNL,2020-08-19,8.12,8.57,7.76,8.13,3293500,psxdata,2026-05-11T12:52:10
HUMNL,2020-08-20,8.3,8.65,8.13,8.27,2156000,psxdata,2026-05-11T12:52:10
HUMNL,2020-08-21,8.16,8.25,7.82,7.93,1044500,psxdata,2026-05-11T12:52:10
HUMNL,2020-08-24,8.1,8.35,8.03,8.1,1130500,psxdata,2026-05-11T12:52:10
HUMNL,2020-08-25,8.2,8.2,7.95,7.98,1085500,psxdata,2026-05-11T12:52:10
HUMNL,2020-08-26,8.0,8.2,7.89,7.95,1177000,psxdata,2026-05-11T12:52:10
HUMNL,2020-08-27,7.94,8.05,7.88,7.9,624500,psxdata,2026-05-11T12:52:10
HUMNL,2020-08-28,7.83,7.97,7.7,7.76,591500,psxdata,2026-05-11T12:52:10
HUMNL,2020-08-31,7.76,7.9,7.7,7.77,997500,psxdata,2026-05-11T12:52:10
HUMNL,2020-09-01,7.8,8.2,7.7,8.0,2009500,psxdata,2026-05-11T12:52:10
HUMNL,2020-09-02,8.03,9.0,8.03,9.0,6647500,psxdata,2026-05-11T12:52:10
HUMNL,2020-09-03,9.49,9.69,9.29,9.36,10534000,psxdata,2026-05-11T12:52:10
HUMNL,2020-09-04,9.35,9.35,8.76,8.85,3948500,psxdata,2026-05-11T12:52:10
HUMNL,2020-09-07,8.75,9.39,8.66,9.07,4460000,psxdata,2026-05-11T12:52:10
HUMNL,2020-09-08,9.1,9.24,8.36,8.54,3260000,psxdata,2026-05-11T12:52:10
HUMNL,2020-09-09,8.59,8.88,8.1,8.55,1755500,psxdata,2026-05-11T12:52:10
HUMNL,2020-09-10,8.4,8.94,8.38,8.43,1898000,psxdata,2026-05-11T12:52:10
HUMNL,2020-09-11,8.42,9.1,8.4,8.7,3089500,psxdata,2026-05-11T12:52:10
HUMNL,2020-09-14,8.8,8.8,8.4,8.5,1303500,psxdata,2026-05-11T12:52:10
HUMNL,2020-09-15,8.5,9.25,8.5,8.71,5528500,psxdata,2026-05-11T12:52:10
HUMNL,2020-09-16,8.89,8.9,8.46,8.51,1094000,psxdata,2026-05-11T12:52:10
HUMNL,2020-09-17,8.79,8.79,8.4,8.44,806500,psxdata,2026-05-11T12:52:10
HUMNL,2020-09-18,8.44,8.7,8.4,8.45,567500,psxdata,2026-05-11T12:52:10
HUMNL,2020-09-21,8.47,8.58,8.38,8.41,481500,psxdata,2026-05-11T12:52:10
HUMNL,2020-09-22,8.43,8.43,8.0,8.24,1179500,psxdata,2026-05-11T12:52:10
HUMNL,2020-09-23,8.15,8.35,8.05,8.14,700000,psxdata,2026-05-11T12:52:10
HUMNL,2020-09-24,8.31,8.31,7.99,8.06,865500,psxdata,2026-05-11T12:52:10
HUMNL,2020-09-25,8.05,8.19,7.9,7.98,660500,psxdata,2026-05-11T12:52:10
HUMNL,2020-09-28,8.05,8.05,7.51,7.61,547000,psxdata,2026-05-11T12:52:10
HUMNL,2020-09-29,7.78,7.98,7.51,7.91,954500,psxdata,2026-05-11T12:52:10
HUMNL,2020-09-30,8.0,8.0,7.5,7.56,494000,psxdata,2026-05-11T12:52:10
HUMNL,2020-10-01,7.56,7.7,7.27,7.3,797000,psxdata,2026-05-11T12:52:10
HUMNL,2020-10-02,7.3,7.46,6.86,7.05,1046500,psxdata,2026-05-11T12:52:10
HUMNL,2020-10-05,6.96,6.96,6.38,6.45,2085000,psxdata,2026-05-11T12:52:10
HUMNL,2020-10-06,6.5,7.45,6.05,6.74,1995000,psxdata,2026-05-11T12:52:10
HUMNL,2020-10-07,6.89,7.2,6.67,6.96,1331000,psxdata,2026-05-11T12:52:10
HUMNL,2020-10-08,7.0,7.1,6.9,6.95,540000,psxdata,2026-05-11T12:52:10
HUMNL,2020-10-09,7.0,7.18,6.9,6.93,384500,psxdata,2026-05-11T12:52:10
HUMNL,2020-10-12,6.92,7.01,6.6,6.62,326000,psxdata,2026-05-11T12:52:10
HUMNL,2020-10-13,6.55,6.7,6.4,6.48,346500,psxdata,2026-05-11T12:52:10
HUMNL,2020-10-14,6.5,6.69,6.31,6.57,356000,psxdata,2026-05-11T12:52:10
HUMNL,2020-10-15,6.68,7.21,6.53,6.69,1870000,psxdata,2026-05-11T12:52:10
HUMNL,2020-10-16,6.66,6.77,6.51,6.69,301000,psxdata,2026-05-11T12:52:10
HUMNL,2020-10-19,6.61,6.95,6.5,6.61,621000,psxdata,2026-05-11T12:52:10
HUMNL,2020-10-20,6.74,6.89,6.64,6.78,660500,psxdata,2026-05-11T12:52:10
HUMNL,2020-10-22,8.2,8.78,8.01,8.21,9559000,psxdata,2026-05-11T12:52:10
HUMNL,2020-10-23,8.34,8.57,7.74,7.81,2515000,psxdata,2026-05-11T12:52:10
HUMNL,2020-10-26,7.9,8.1,7.67,7.74,1772000,psxdata,2026-05-11T12:52:10
HUMNL,2020-10-27,7.72,8.35,7.5,8.01,3871000,psxdata,2026-05-11T12:52:10
HUMNL,2020-10-28,8.14,8.2,7.75,7.79,1153500,psxdata,2026-05-11T12:52:10
HUMNL,2020-10-29,7.98,7.98,6.8,7.09,1924000,psxdata,2026-05-11T12:52:10
HUMNL,2020-11-02,7.05,7.05,6.4,6.76,1436000,psxdata,2026-05-11T12:52:10
HUMNL,2020-11-03,6.98,7.37,6.92,7.21,1404500,psxdata,2026-05-11T12:52:10
HUMNL,2020-11-04,7.37,7.42,6.98,7.02,899500,psxdata,2026-05-11T12:52:10
HUMNL,2020-11-05,7.19,7.33,7.08,7.17,873500,psxdata,2026-05-11T12:52:10
HUMNL,2020-11-06,7.29,7.35,6.5,7.06,458500,psxdata,2026-05-11T12:52:10
HUMNL,2020-11-09,7.18,7.25,7.05,7.15,388500,psxdata,2026-05-11T12:52:10
HUMNL,2020-11-10,7.3,7.3,7.0,7.04,333000,psxdata,2026-05-11T12:52:10
HUMNL,2020-11-11,7.24,7.24,7.0,7.04,190500,psxdata,2026-05-11T12:52:10
HUMNL,2020-11-12,7.05,7.05,6.89,6.94,266000,psxdata,2026-05-11T12:52:10
HUMNL,2020-11-13,6.86,7.0,6.7,6.83,568500,psxdata,2026-05-11T12:52:10
HUMNL,2020-11-16,6.85,7.15,6.79,6.84,547000,psxdata,2026-05-11T12:52:10
HUMNL,2020-11-17,6.9,7.11,6.84,6.86,630000,psxdata,2026-05-11T12:52:10
HUMNL,2020-11-18,6.9,6.95,6.77,6.86,128500,psxdata,2026-05-11T12:52:10
HUMNL,2020-11-19,6.85,6.99,6.81,6.87,145500,psxdata,2026-05-11T12:52:10
HUMNL,2020-11-20,6.85,6.94,6.65,6.7,191500,psxdata,2026-05-11T12:52:10
HUMNL,2020-11-23,6.62,6.62,6.17,6.31,1116500,psxdata,2026-05-11T12:52:10
HUMNL,2020-11-24,6.44,7.31,6.44,6.73,10846000,psxdata,2026-05-11T12:52:10
HUMNL,2020-11-25,6.65,6.79,6.41,6.48,6771000,psxdata,2026-05-11T12:52:10
HUMNL,2020-11-26,6.52,6.74,6.32,6.47,20624000,psxdata,2026-05-11T12:52:10
HUMNL,2020-11-27,6.5,7.24,6.5,6.8,19807500,psxdata,2026-05-11T12:52:10
HUMNL,2020-11-30,6.75,6.75,6.01,6.15,88662500,psxdata,2026-05-11T12:52:10
HUMNL,2020-12-01,6.2,6.25,5.93,6.03,32574500,psxdata,2026-05-11T12:52:10
HUMNL,2020-12-02,6.01,6.18,5.89,6.05,25599500,psxdata,2026-05-11T12:52:10
HUMNL,2020-12-03,6.06,6.23,6.02,6.09,8617500,psxdata,2026-05-11T12:52:10
HUMNL,2020-12-04,6.04,6.12,6.0,6.02,16943500,psxdata,2026-05-11T12:52:10
HUMNL,2020-12-07,6.09,6.09,5.8,5.84,8905000,psxdata,2026-05-11T12:52:10
HUMNL,2020-12-08,5.87,5.92,5.65,5.73,4648500,psxdata,2026-05-11T12:52:10
HUMNL,2020-12-09,5.82,5.95,5.75,5.88,4738000,psxdata,2026-05-11T12:52:10
HUMNL,2020-12-10,5.88,5.98,5.75,5.81,2765500,psxdata,2026-05-11T12:52:10
HUMNL,2020-12-11,5.75,5.9,5.72,5.74,6449000,psxdata,2026-05-11T12:52:10
HUMNL,2020-12-14,5.72,5.84,5.66,5.71,4727000,psxdata,2026-05-11T12:52:10
HUMNL,2020-12-15,5.79,6.14,5.7,5.91,10938000,psxdata,2026-05-11T12:52:10
HUMNL,2020-12-16,5.91,6.1,5.75,5.81,4190500,psxdata,2026-05-11T12:52:10
HUMNL,2020-12-17,5.8,6.05,5.8,5.88,3326000,psxdata,2026-05-11T12:52:10
HUMNL,2020-12-18,5.95,5.95,5.78,5.81,2486000,psxdata,2026-05-11T12:52:10
HUMNL,2020-12-21,5.89,5.89,5.6,5.63,3465000,psxdata,2026-05-11T12:52:10
HUMNL,2020-12-22,5.62,5.69,5.39,5.41,4628500,psxdata,2026-05-11T12:52:10
HUMNL,2020-12-23,5.45,5.57,5.18,5.27,5565000,psxdata,2026-05-11T12:52:10
HUMNL,2020-12-24,5.27,5.76,5.27,5.5,4058000,psxdata,2026-05-11T12:52:10
HUMNL,2020-12-28,5.5,5.62,5.45,5.48,2301500,psxdata,2026-05-11T12:52:10
HUMNL,2020-12-29,5.6,5.7,5.35,5.4,3798000,psxdata,2026-05-11T12:52:10
HUMNL,2020-12-30,5.33,5.52,5.33,5.4,1800000,psxdata,2026-05-11T12:52:10
HUMNL,2020-12-31,5.5,5.65,5.4,5.44,3302500,psxdata,2026-05-11T12:52:10
HUMNL,2021-01-01,5.57,5.64,5.48,5.53,2834000,psxdata,2026-05-11T12:52:10
HUMNL,2021-01-04,5.6,5.96,5.55,5.78,8563000,psxdata,2026-05-11T12:52:10
HUMNL,2021-01-05,5.9,6.47,5.8,6.02,68807000,psxdata,2026-05-11T12:52:10
HUMNL,2021-01-06,6.15,6.35,6.06,6.12,26845500,psxdata,2026-05-11T12:52:10
HUMNL,2021-01-07,6.17,6.33,6.1,6.15,9203000,psxdata,2026-05-11T12:52:10
HUMNL,2021-01-08,6.18,6.7,6.18,6.43,44943500,psxdata,2026-05-11T12:52:10
HUMNL,2021-01-11,6.51,7.43,6.43,7.43,64056000,psxdata,2026-05-11T12:52:10
HUMNL,2021-01-12,7.85,8.38,7.43,8.18,68503000,psxdata,2026-05-11T12:52:10
HUMNL,2021-01-13,8.25,8.29,7.57,7.72,31481500,psxdata,2026-05-11T12:52:10
HUMNL,2021-01-14,7.79,7.79,6.72,6.9,57531000,psxdata,2026-05-11T12:52:10
HUMNL,2021-01-15,6.86,7.55,6.75,6.95,66328000,psxdata,2026-05-11T12:52:10
HUMNL,2021-01-18,7.15,7.37,6.96,7.2,23691500,psxdata,2026-05-11T12:52:10
HUMNL,2021-01-19,7.3,7.3,7.0,7.03,6782500,psxdata,2026-05-11T12:52:10
HUMNL,2021-01-20,7.1,7.69,7.08,7.54,38635500,psxdata,2026-05-11T12:52:10
HUMNL,2021-01-21,7.7,7.77,7.02,7.22,43378000,psxdata,2026-05-11T12:52:10
HUMNL,2021-01-22,7.25,7.54,7.15,7.19,16224000,psxdata,2026-05-11T12:52:10
HUMNL,2021-01-25,7.29,7.4,7.1,7.12,10550000,psxdata,2026-05-11T12:52:10
HUMNL,2021-01-26,7.2,7.27,6.87,6.93,18606500,psxdata,2026-05-11T12:52:10
HUMNL,2021-01-27,6.97,7.08,6.9,6.92,7816500,psxdata,2026-05-11T12:52:10
HUMNL,2021-01-28,6.92,7.05,6.66,6.72,9001500,psxdata,2026-05-11T12:52:10
HUMNL,2021-01-29,6.75,7.3,6.55,7.05,30071500,psxdata,2026-05-11T12:52:10
HUMNL,2021-02-01,7.17,7.4,7.03,7.1,17811000,psxdata,2026-05-11T12:52:10
HUMNL,2021-02-02,7.19,7.31,7.06,7.11,8315000,psxdata,2026-05-11T12:52:10
HUMNL,2021-02-03,7.23,7.3,7.04,7.07,7812000,psxdata,2026-05-11T12:52:10
HUMNL,2021-02-04,7.13,7.18,6.74,6.79,12880000,psxdata,2026-05-11T12:52:10
HUMNL,2021-02-08,6.81,6.95,6.55,6.75,12378500,psxdata,2026-05-11T12:52:10
HUMNL,2021-02-09,6.81,7.22,6.8,6.89,28240000,psxdata,2026-05-11T12:52:10
HUMNL,2021-02-10,6.92,7.04,6.73,6.83,11282500,psxdata,2026-05-11T12:52:10
HUMNL,2021-02-11,6.9,6.99,6.55,6.6,14770500,psxdata,2026-05-11T12:52:10
HUMNL,2021-02-12,6.46,6.76,6.44,6.49,12195000,psxdata,2026-05-11T12:52:10
HUMNL,2021-02-15,6.65,6.65,6.0,6.11,21636000,psxdata,2026-05-11T12:52:10
HUMNL,2021-02-16,6.19,7.11,6.1,7.11,55465000,psxdata,2026-05-11T12:52:10
HUMNL,2021-02-17,7.4,7.63,6.9,7.0,78206000,psxdata,2026-05-11T12:52:10
HUMNL,2021-02-18,7.06,7.28,6.86,7.01,20028000,psxdata,2026-05-11T12:52:10
HUMNL,2021-02-19,7.05,7.8,7.01,7.61,60253500,psxdata,2026-05-11T12:52:10
HUMNL,2021-02-22,7.85,8.43,7.85,8.13,114347000,psxdata,2026-05-11T12:52:10
HUMNL,2021-02-23,8.2,8.2,7.51,7.63,27812000,psxdata,2026-05-11T12:52:10
HUMNL,2021-02-24,7.66,7.85,7.05,7.24,24014000,psxdata,2026-05-11T12:52:10
HUMNL,2021-02-25,7.35,7.83,7.35,7.74,25953000,psxdata,2026-05-11T12:52:10
HUMNL,2021-02-26,7.75,7.85,7.25,7.34,15659000,psxdata,2026-05-11T12:52:10
HUMNL,2021-03-01,7.47,7.49,6.7,7.03,20527500,psxdata,2026-05-11T12:52:10
HUMNL,2021-03-02,7.16,7.26,6.96,7.13,8951500,psxdata,2026-05-11T12:52:10
HUMNL,2021-03-03,7.19,7.26,7.04,7.08,5499000,psxdata,2026-05-11T12:52:10
HUMNL,2021-03-04,6.8,6.95,6.51,6.66,13055000,psxdata,2026-05-11T12:52:10
HUMNL,2021-03-05,6.79,7.07,6.7,6.99,9369000,psxdata,2026-05-11T12:52:10
HUMNL,2021-03-08,7.19,7.19,6.64,6.79,8680500,psxdata,2026-05-11T12:52:10
HUMNL,2021-03-09,6.84,6.89,6.1,6.39,10514500,psxdata,2026-05-11T12:52:10
HUMNL,2021-03-10,6.42,6.58,6.1,6.15,10801000,psxdata,2026-05-11T12:52:10
HUMNL,2021-03-11,6.15,6.35,5.65,5.76,21531000,psxdata,2026-05-11T12:52:10
HUMNL,2021-03-12,5.92,6.13,5.65,6.01,11673500,psxdata,2026-05-11T12:52:10
HUMNL,2021-03-15,6.2,6.82,6.01,6.77,18048000,psxdata,2026-05-11T12:52:10
HUMNL,2021-03-16,6.85,6.89,6.54,6.63,13076500,psxdata,2026-05-11T12:52:10
HUMNL,2021-03-17,6.95,7.17,6.79,7.05,25878000,psxdata,2026-05-11T12:52:10
HUMNL,2021-03-18,7.19,7.35,6.63,6.76,37752500,psxdata,2026-05-11T12:52:10
HUMNL,2021-03-19,6.65,7.12,6.62,6.94,15295000,psxdata,2026-05-11T12:52:10
HUMNL,2021-03-22,6.9,7.09,6.7,6.86,12947000,psxdata,2026-05-11T12:52:10
HUMNL,2021-03-24,6.86,6.95,6.72,6.88,6916000,psxdata,2026-05-11T12:52:10
HUMNL,2021-03-25,6.98,7.09,6.8,6.82,8093000,psxdata,2026-05-11T12:52:10
HUMNL,2021-03-26,6.83,6.9,6.61,6.66,8737000,psxdata,2026-05-11T12:52:10
HUMNL,2021-03-29,6.75,6.75,6.0,6.04,15644500,psxdata,2026-05-11T12:52:10
HUMNL,2021-03-30,6.04,6.4,5.92,6.32,11347000,psxdata,2026-05-11T12:52:10
HUMNL,2021-03-31,6.42,6.59,6.2,6.28,7260000,psxdata,2026-05-11T12:52:10
HUMNL,2021-04-01,6.25,6.49,6.14,6.23,6773000,psxdata,2026-05-11T12:52:10
HUMNL,2021-04-02,6.2,6.34,6.15,6.19,4210500,psxdata,2026-05-11T12:52:10
HUMNL,2021-04-05,6.11,6.21,5.95,6.0,7255000,psxdata,2026-05-11T12:52:10
HUMNL,2021-04-06,6.06,6.37,6.0,6.3,4548500,psxdata,2026-05-11T12:52:10
HUMNL,2021-04-07,6.25,6.42,5.98,6.12,7317000,psxdata,2026-05-11T12:52:10
HUMNL,2021-04-08,6.23,6.27,6.05,6.24,4262000,psxdata,2026-05-11T12:52:10
HUMNL,2021-04-09,6.3,6.6,6.23,6.45,16466500,psxdata,2026-05-11T12:52:10
HUMNL,2021-04-12,6.44,6.76,6.22,6.47,18480500,psxdata,2026-05-11T12:52:10
HUMNL,2021-04-13,6.42,6.95,6.3,6.6,20388000,psxdata,2026-05-11T12:52:10
HUMNL,2021-04-14,6.67,6.99,6.67,6.74,15478500,psxdata,2026-05-11T12:52:10
HUMNL,2021-04-15,6.89,6.89,6.42,6.45,17371500,psxdata,2026-05-11T12:52:10
HUMNL,2021-04-16,6.58,6.58,6.37,6.42,3878000,psxdata,2026-05-11T12:52:10
HUMNL,2021-04-19,6.3,6.4,6.21,6.25,5933500,psxdata,2026-05-11T12:52:10
HUMNL,2021-04-20,6.41,6.57,6.32,6.48,7327000,psxdata,2026-05-11T12:52:10
HUMNL,2021-04-21,6.55,6.55,6.28,6.31,5964500,psxdata,2026-05-11T12:52:10
HUMNL,2021-04-22,6.28,6.35,6.16,6.18,6776500,psxdata,2026-05-11T12:52:10
HUMNL,2021-04-23,6.15,6.25,6.1,6.17,5966500,psxdata,2026-05-11T12:52:10
HUMNL,2021-04-26,6.15,6.38,6.02,6.22,14483000,psxdata,2026-05-11T12:52:10
HUMNL,2021-04-27,6.18,6.3,6.16,6.19,3676500,psxdata,2026-05-11T12:52:10
HUMNL,2021-04-28,6.15,6.3,6.1,6.17,8091500,psxdata,2026-05-11T12:52:10
HUMNL,2021-04-29,6.13,6.2,6.03,6.05,3940500,psxdata,2026-05-11T12:52:10
HUMNL,2021-04-30,6.05,6.14,5.85,5.93,8272000,psxdata,2026-05-11T12:52:10
HUMNL,2021-05-03,5.91,5.93,5.58,5.67,5906000,psxdata,2026-05-11T12:52:10
HUMNL,2021-05-04,5.69,5.92,5.69,5.87,3238500,psxdata,2026-05-11T12:52:10
HUMNL,2021-05-05,6.0,6.11,5.78,5.82,5313500,psxdata,2026-05-11T12:52:10
HUMNL,2021-05-06,5.83,6.22,5.76,6.14,9647000,psxdata,2026-05-11T12:52:10
HUMNL,2021-05-17,6.3,6.3,6.17,6.25,3721000,psxdata,2026-05-11T12:52:10
HUMNL,2021-05-18,6.28,6.3,6.08,6.1,6389000,psxdata,2026-05-11T12:52:10
HUMNL,2021-05-19,6.1,6.66,6.04,6.57,25685000,psxdata,2026-05-11T12:52:10
HUMNL,2021-05-20,6.75,6.83,6.51,6.66,22613000,psxdata,2026-05-11T12:52:10
HUMNL,2021-05-21,6.66,6.66,6.34,6.39,9003500,psxdata,2026-05-11T12:52:10
HUMNL,2021-05-24,6.4,6.67,6.3,6.42,13660500,psxdata,2026-05-11T12:52:10
HUMNL,2021-05-25,6.46,6.95,6.39,6.81,36076500,psxdata,2026-05-11T12:52:10
HUMNL,2021-05-26,7.0,7.81,7.0,7.81,112493500,psxdata,2026-05-11T12:52:10
HUMNL,2021-05-27,8.15,8.81,8.01,8.19,172575000,psxdata,2026-05-11T12:52:10
HUMNL,2021-05-28,8.21,8.3,7.76,7.86,35230000,psxdata,2026-05-11T12:52:10
HUMNL,2021-05-31,8.11,8.49,7.99,8.09,49999500,psxdata,2026-05-11T12:52:10
HUMNL,2021-06-01,8.24,8.32,7.71,7.78,27646500,psxdata,2026-05-11T12:52:10
HUMNL,2021-06-02,7.8,8.16,7.74,7.89,30526000,psxdata,2026-05-11T12:52:10
HUMNL,2021-06-03,8.07,8.18,7.85,7.91,25252500,psxdata,2026-05-11T12:52:10
HUMNL,2021-06-04,7.95,8.15,7.88,7.94,15209500,psxdata,2026-05-11T12:52:10
HUMNL,2021-06-07,8.03,8.9,8.03,8.68,118202500,psxdata,2026-05-11T12:52:10
HUMNL,2021-06-08,8.78,8.89,8.3,8.42,35119500,psxdata,2026-05-11T12:52:10
HUMNL,2021-06-09,8.55,9.08,8.21,8.69,75861500,psxdata,2026-05-11T12:52:10
HUMNL,2021-06-10,8.72,8.98,8.53,8.75,43158500,psxdata,2026-05-11T12:52:10
HUMNL,2021-06-11,8.75,8.9,8.57,8.62,17867000,psxdata,2026-05-11T12:52:10
HUMNL,2021-06-14,8.8,9.2,8.45,8.68,108394500,psxdata,2026-05-11T12:52:10
HUMNL,2021-06-15,8.78,8.81,8.36,8.45,25255500,psxdata,2026-05-11T12:52:10
HUMNL,2021-06-16,8.55,8.89,8.27,8.66,29823500,psxdata,2026-05-11T12:52:10
HUMNL,2021-06-17,8.75,8.98,8.45,8.52,32669500,psxdata,2026-05-11T12:52:10
HUMNL,2021-06-18,8.75,9.27,8.6,9.12,88080000,psxdata,2026-05-11T12:52:10
HUMNL,2021-06-21,9.2,9.36,8.83,8.87,60357000,psxdata,2026-05-11T12:52:10
HUMNL,2021-06-22,8.91,8.94,8.54,8.59,23010000,psxdata,2026-05-11T12:52:10
HUMNL,2021-06-23,8.75,8.77,8.35,8.38,14020000,psxdata,2026-05-11T12:52:10
HUMNL,2021-06-24,8.46,8.69,8.3,8.38,19163000,psxdata,2026-05-11T12:52:10
HUMNL,2021-06-25,8.4,8.46,8.05,8.17,20659500,psxdata,2026-05-11T12:52:10
HUMNL,2021-06-28,8.19,8.19,7.72,7.77,15403000,psxdata,2026-05-11T12:52:10
HUMNL,2021-06-29,7.81,8.1,7.68,7.81,19139000,psxdata,2026-05-11T12:52:10
HUMNL,2021-06-30,7.92,8.27,7.83,8.02,22157500,psxdata,2026-05-11T12:52:10
HUMNL,2021-07-01,8.15,8.63,8.05,8.55,36999000,psxdata,2026-05-11T12:52:10
HUMNL,2021-07-02,8.66,8.7,8.27,8.34,15193000,psxdata,2026-05-11T12:52:10
HUMNL,2021-07-05,8.34,8.35,8.02,8.05,7264500,psxdata,2026-05-11T12:52:10
HUMNL,2021-07-06,8.1,8.2,7.78,7.85,8383500,psxdata,2026-05-11T12:52:10
HUMNL,2021-07-07,7.82,7.93,7.67,7.89,7852000,psxdata,2026-05-11T12:52:10
HUMNL,2021-07-08,8.1,8.28,8.0,8.17,9321000,psxdata,2026-05-11T12:52:10
HUMNL,2021-07-09,8.25,8.28,7.97,8.04,8140500,psxdata,2026-05-11T12:52:10
HUMNL,2021-07-12,8.07,8.08,7.76,7.79,5392000,psxdata,2026-05-11T12:52:10
HUMNL,2021-07-13,7.8,7.9,7.65,7.69,8043000,psxdata,2026-05-11T12:52:10
HUMNL,2021-07-14,7.7,7.72,7.47,7.51,9757000,psxdata,2026-05-11T12:52:10
HUMNL,2021-07-15,7.5,7.8,7.3,7.61,10433000,psxdata,2026-05-11T12:52:10
HUMNL,2021-07-16,7.78,7.9,7.65,7.71,8179000,psxdata,2026-05-11T12:52:10
HUMNL,2021-07-19,7.75,7.79,7.45,7.51,6356000,psxdata,2026-05-11T12:52:10
HUMNL,2021-07-23,7.52,7.59,7.35,7.37,2561500,psxdata,2026-05-11T12:52:10
HUMNL,2021-07-26,7.42,7.73,7.41,7.56,6777500,psxdata,2026-05-11T12:52:10
HUMNL,2021-07-27,7.63,7.73,7.39,7.46,5373000,psxdata,2026-05-11T12:52:10
HUMNL,2021-07-28,7.39,7.45,6.99,7.03,11023000,psxdata,2026-05-11T12:52:10
HUMNL,2021-07-29,7.06,7.14,6.87,6.91,10081000,psxdata,2026-05-11T12:52:10
HUMNL,2021-07-30,7.0,7.04,6.5,6.72,17326000,psxdata,2026-05-11T12:52:10
HUMNL,2021-08-02,6.89,7.23,6.75,7.17,15986000,psxdata,2026-05-11T12:52:10
HUMNL,2021-08-03,7.2,7.32,7.17,7.29,5633500,psxdata,2026-05-11T12:52:10
HUMNL,2021-08-04,7.34,7.38,7.13,7.17,6328000,psxdata,2026-05-11T12:52:10
HUMNL,2021-08-05,7.28,7.64,7.15,7.52,21304500,psxdata,2026-05-11T12:52:10
HUMNL,2021-08-06,7.6,7.65,7.16,7.19,7909000,psxdata,2026-05-11T12:52:10
HUMNL,2021-08-09,7.22,7.33,6.94,7.04,6374000,psxdata,2026-05-11T12:52:10
HUMNL,2021-08-10,7.04,7.09,6.85,6.97,10130500,psxdata,2026-05-11T12:52:10
HUMNL,2021-08-11,7.09,7.28,7.04,7.07,8407500,psxdata,2026-05-11T12:52:10
HUMNL,2021-08-12,7.07,7.14,6.85,6.91,5009500,psxdata,2026-05-11T12:52:10
HUMNL,2021-08-13,6.91,7.03,6.86,6.9,1687000,psxdata,2026-05-11T12:52:10
HUMNL,2021-08-16,6.9,7.1,6.82,6.89,5302000,psxdata,2026-05-11T12:52:10
HUMNL,2021-08-17,6.96,7.02,6.89,6.92,2105500,psxdata,2026-05-11T12:52:10
HUMNL,2021-08-20,7.0,7.25,6.6,7.2,7709000,psxdata,2026-05-11T12:52:10
HUMNL,2021-08-23,7.31,7.85,7.31,7.68,35383500,psxdata,2026-05-11T12:52:10
HUMNL,2021-08-24,7.75,7.79,7.39,7.45,14900000,psxdata,2026-05-11T12:52:10
HUMNL,2021-08-25,7.45,7.55,7.25,7.28,9255500,psxdata,2026-05-11T12:52:10
HUMNL,2021-08-26,7.3,7.33,7.0,7.03,11658500,psxdata,2026-05-11T12:52:10
HUMNL,2021-08-27,7.05,7.07,6.88,6.97,13800000,psxdata,2026-05-11T12:52:10
HUMNL,2021-08-30,7.05,7.3,7.01,7.07,6770500,psxdata,2026-05-11T12:52:10
HUMNL,2021-08-31,7.11,7.37,7.11,7.15,12299500,psxdata,2026-05-11T12:52:10
HUMNL,2021-09-01,7.28,7.57,7.17,7.48,21942500,psxdata,2026-05-11T12:52:10
HUMNL,2021-09-02,7.53,7.63,7.2,7.25,11861000,psxdata,2026-05-11T12:52:10
HUMNL,2021-09-03,7.21,7.33,7.05,7.16,10509000,psxdata,2026-05-11T12:52:10
HUMNL,2021-09-06,7.22,7.35,7.15,7.16,5022500,psxdata,2026-05-11T12:52:10
HUMNL,2021-09-07,7.12,7.25,6.93,7.01,6599000,psxdata,2026-05-11T12:52:10
HUMNL,2021-09-08,7.05,7.1,6.96,6.99,3023000,psxdata,2026-05-11T12:52:10
HUMNL,2021-09-09,6.99,7.21,6.99,7.01,6685000,psxdata,2026-05-11T12:52:10
HUMNL,2021-09-10,7.02,7.12,6.96,7.0,3729500,psxdata,2026-05-11T12:52:10
HUMNL,2021-09-13,7.0,7.05,6.91,6.92,2825000,psxdata,2026-05-11T12:52:10
HUMNL,2021-09-14,7.0,7.35,6.91,7.01,21917500,psxdata,2026-05-11T12:52:10
HUMNL,2021-09-15,7.02,7.09,6.8,6.85,6158000,psxdata,2026-05-11T12:52:10
HUMNL,2021-09-16,6.95,7.19,6.88,7.14,9109500,psxdata,2026-05-11T12:52:10
HUMNL,2021-09-17,7.15,7.21,7.0,7.03,5140500,psxdata,2026-05-11T12:52:10
HUMNL,2021-09-20,7.06,7.11,6.85,6.96,4201500,psxdata,2026-05-11T12:52:10
HUMNL,2021-09-21,6.99,7.07,6.53,6.69,7352000,psxdata,2026-05-11T12:52:10
HUMNL,2021-09-22,6.7,6.9,5.76,6.25,34077500,psxdata,2026-05-11T12:52:10
HUMNL,2021-09-23,6.38,6.65,5.85,6.0,29216500,psxdata,2026-05-11T12:52:10
HUMNL,2021-09-24,6.05,6.09,5.7,5.77,18889000,psxdata,2026-05-11T12:52:10
HUMNL,2021-09-27,5.84,5.99,5.75,5.9,10104000,psxdata,2026-05-11T12:52:10
HUMNL,2021-09-28,5.93,6.39,5.9,6.32,11158000,psxdata,2026-05-11T12:52:10
HUMNL,2021-09-29,6.3,6.44,5.87,5.93,17512500,psxdata,2026-05-11T12:52:10
HUMNL,2021-09-30,5.94,6.02,5.75,5.98,17255500,psxdata,2026-05-11T12:52:10
HUMNL,2021-10-01,6.0,6.16,5.97,6.09,5943000,psxdata,2026-05-11T12:52:10
HUMNL,2021-10-04,5.95,6.17,5.89,6.11,5705500,psxdata,2026-05-11T12:52:10
HUMNL,2021-10-05,6.16,6.16,5.96,5.98,6703500,psxdata,2026-05-11T12:52:10
HUMNL,2021-10-06,5.98,6.0,5.69,5.81,5112500,psxdata,2026-05-11T12:52:10
HUMNL,2021-10-07,5.83,5.98,5.75,5.79,4812000,psxdata,2026-05-11T12:52:10
HUMNL,2021-10-08,5.79,5.84,5.56,5.63,5311500,psxdata,2026-05-11T12:52:10
HUMNL,2021-10-11,5.64,5.72,5.39,5.5,8366500,psxdata,2026-05-11T12:52:10
HUMNL,2021-10-12,5.5,5.91,5.26,5.75,13378000,psxdata,2026-05-11T12:52:10
HUMNL,2021-10-13,5.83,5.97,5.43,5.53,12366500,psxdata,2026-05-11T12:52:10
HUMNL,2021-10-14,5.6,5.91,5.41,5.82,8796500,psxdata,2026-05-11T12:52:10
HUMNL,2021-10-15,5.89,6.04,5.71,5.96,11008500,psxdata,2026-05-11T12:52:10
HUMNL,2021-10-18,5.85,6.4,5.75,6.14,25097500,psxdata,2026-05-11T12:52:10
HUMNL,2021-10-20,6.22,6.65,6.14,6.5,24770000,psxdata,2026-05-11T12:52:10
HUMNL,2021-10-21,6.5,6.7,6.34,6.55,23889000,psxdata,2026-05-11T12:52:10
HUMNL,2021-10-22,6.7,6.84,6.43,6.67,35866500,psxdata,2026-05-11T12:52:10
HUMNL,2021-10-25,6.78,7.06,6.55,6.63,50730500,psxdata,2026-05-11T12:52:10
HUMNL,2021-10-26,6.65,6.96,6.54,6.77,24869500,psxdata,2026-05-11T12:52:10
HUMNL,2021-10-27,6.95,6.95,6.7,6.76,10130000,psxdata,2026-05-11T12:52:10
HUMNL,2021-10-28,6.75,7.04,6.66,6.98,22255000,psxdata,2026-05-11T12:52:10
HUMNL,2021-10-29,7.0,7.16,7.0,7.08,27906000,psxdata,2026-05-11T12:52:10
HUMNL,2021-11-01,7.18,7.2,6.86,7.11,23207000,psxdata,2026-05-11T12:52:10
HUMNL,2021-11-02,7.06,7.12,6.95,7.0,10408500,psxdata,2026-05-11T12:52:10
HUMNL,2021-11-03,7.03,7.07,6.88,7.02,8088000,psxdata,2026-05-11T12:52:10
HUMNL,2021-11-04,7.04,7.15,7.0,7.11,9260000,psxdata,2026-05-11T12:52:10
HUMNL,2021-11-05,7.11,7.11,6.9,7.01,6328000,psxdata,2026-05-11T12:52:10
HUMNL,2021-11-08,7.03,7.46,7.01,7.24,39570500,psxdata,2026-05-11T12:52:10
HUMNL,2021-11-09,7.21,7.25,6.95,7.1,17773000,psxdata,2026-05-11T12:52:10
HUMNL,2021-11-10,7.15,7.3,7.03,7.24,10536000,psxdata,2026-05-11T12:52:10
HUMNL,2021-11-11,7.38,7.38,7.08,7.11,11246000,psxdata,2026-05-11T12:52:10
HUMNL,2021-11-15,6.99,7.03,6.88,6.92,3589500,psxdata,2026-05-11T12:52:10
HUMNL,2021-11-16,6.9,7.1,6.9,7.06,3656500,psxdata,2026-05-11T12:52:10
HUMNL,2021-11-17,7.09,7.09,6.66,6.82,4197000,psxdata,2026-05-11T12:52:10
HUMNL,2021-11-18,6.82,6.9,6.64,6.75,1897000,psxdata,2026-05-11T12:52:10
HUMNL,2021-11-19,6.75,6.86,6.54,6.64,5689500,psxdata,2026-05-11T12:52:10
HUMNL,2021-11-22,6.56,6.74,6.47,6.66,5783000,psxdata,2026-05-11T12:52:10
HUMNL,2021-11-23,6.62,6.77,6.31,6.39,5510000,psxdata,2026-05-11T12:52:10
HUMNL,2021-11-24,6.45,6.53,6.15,6.45,11665500,psxdata,2026-05-11T12:52:10
HUMNL,2021-11-25,6.5,6.55,6.4,6.43,2348500,psxdata,2026-05-11T12:52:10
HUMNL,2021-11-26,6.43,6.59,6.2,6.29,13987500,psxdata,2026-05-11T12:52:10
HUMNL,2021-11-29,6.17,6.39,6.16,6.34,5298000,psxdata,2026-05-11T12:52:10
HUMNL,2021-11-30,6.3,6.47,6.22,6.26,2703000,psxdata,2026-05-11T12:52:10
HUMNL,2021-12-01,6.34,6.43,6.21,6.24,1699500,psxdata,2026-05-11T12:52:10
HUMNL,2021-12-02,6.2,6.22,5.68,5.77,7765000,psxdata,2026-05-11T12:52:10
HUMNL,2021-12-03,5.74,5.85,5.5,5.74,3447000,psxdata,2026-05-11T12:52:10
HUMNL,2021-12-06,5.8,5.89,5.44,5.57,3889500,psxdata,2026-05-11T12:52:10
HUMNL,2021-12-07,5.6,5.97,5.56,5.92,3701000,psxdata,2026-05-11T12:52:10
HUMNL,2021-12-08,5.86,6.0,5.81,5.86,4987000,psxdata,2026-05-11T12:52:10
HUMNL,2021-12-09,5.82,5.89,5.55,5.6,2889000,psxdata,2026-05-11T12:52:10
HUMNL,2021-12-10,5.68,5.68,5.3,5.56,3782500,psxdata,2026-05-11T12:52:10
HUMNL,2021-12-13,5.6,5.6,5.35,5.41,1802000,psxdata,2026-05-11T12:52:10
HUMNL,2021-12-14,5.3,5.67,5.3,5.5,6132000,psxdata,2026-05-11T12:52:10
HUMNL,2021-12-15,5.6,6.35,5.55,6.13,14559000,psxdata,2026-05-11T12:52:10
HUMNL,2021-12-16,6.2,6.2,5.96,6.01,10555000,psxdata,2026-05-11T12:52:10
HUMNL,2021-12-17,6.0,6.63,5.93,6.33,25964000,psxdata,2026-05-11T12:52:10
HUMNL,2021-12-20,6.35,6.55,6.22,6.36,8047000,psxdata,2026-05-11T12:52:10
HUMNL,2021-12-21,6.44,6.52,6.32,6.36,7809000,psxdata,2026-05-11T12:52:10
HUMNL,2021-12-22,6.32,6.39,6.2,6.22,4079500,psxdata,2026-05-11T12:52:10
HUMNL,2021-12-23,6.3,6.96,6.2,6.88,48719500,psxdata,2026-05-11T12:52:10
HUMNL,2021-12-24,6.9,6.9,6.47,6.66,24165000,psxdata,2026-05-11T12:52:10
HUMNL,2021-12-27,6.69,6.69,6.45,6.5,3909500,psxdata,2026-05-11T12:52:10
HUMNL,2021-12-28,6.54,6.77,6.44,6.72,11745500,psxdata,2026-05-11T12:52:10
HUMNL,2021-12-29,6.75,6.78,6.55,6.6,3930000,psxdata,2026-05-11T12:52:10
HUMNL,2021-12-30,6.56,6.71,6.5,6.56,4252500,psxdata,2026-05-11T12:52:10
HUMNL,2021-12-31,6.56,6.68,6.38,6.46,4082500,psxdata,2026-05-11T12:52:10
HUMNL,2022-01-03,6.51,6.59,6.4,6.47,2044500,psxdata,2026-05-11T12:52:10
HUMNL,2022-01-04,6.5,6.66,6.5,6.61,3238000,psxdata,2026-05-11T12:52:10
HUMNL,2022-01-05,6.55,6.73,6.55,6.69,7343000,psxdata,2026-05-11T12:52:10
HUMNL,2022-01-06,6.72,6.72,6.41,6.43,7419500,psxdata,2026-05-11T12:52:10
HUMNL,2022-01-07,6.44,6.7,6.43,6.65,3792000,psxdata,2026-05-11T12:52:10
HUMNL,2022-01-10,6.65,7.04,6.59,6.93,25767500,psxdata,2026-05-11T12:52:10
HUMNL,2022-01-11,6.99,7.02,6.85,6.9,14022500,psxdata,2026-05-11T12:52:10
HUMNL,2022-01-12,6.87,6.95,6.82,6.86,6124000,psxdata,2026-05-11T12:52:10
HUMNL,2022-01-13,6.81,6.86,6.74,6.75,3756000,psxdata,2026-05-11T12:52:10
HUMNL,2022-01-14,6.87,6.87,6.65,6.67,1659000,psxdata,2026-05-11T12:52:10
HUMNL,2022-01-17,6.7,6.75,6.6,6.69,2520500,psxdata,2026-05-11T12:52:10
HUMNL,2022-01-18,6.69,6.74,6.64,6.71,3529500,psxdata,2026-05-11T12:52:10
HUMNL,2022-01-19,6.65,6.75,6.6,6.62,3556000,psxdata,2026-05-11T12:52:10
HUMNL,2022-01-20,6.6,6.68,6.54,6.62,2305000,psxdata,2026-05-11T12:52:10
HUMNL,2022-01-21,6.65,6.78,6.58,6.72,3211500,psxdata,2026-05-11T12:52:10
HUMNL,2022-01-24,6.72,6.82,6.6,6.77,6815500,psxdata,2026-05-11T12:52:10
HUMNL,2022-01-25,6.83,6.83,6.65,6.7,2262000,psxdata,2026-05-11T12:52:10
HUMNL,2022-01-26,6.7,6.75,6.64,6.74,3440500,psxdata,2026-05-11T12:52:10
HUMNL,2022-01-27,6.8,6.99,6.71,6.96,15242500,psxdata,2026-05-11T12:52:10
HUMNL,2022-01-28,6.98,7.4,6.97,7.12,37883500,psxdata,2026-05-11T12:52:10
HUMNL,2022-01-31,7.13,7.4,7.05,7.24,15610000,psxdata,2026-05-11T12:52:10
HUMNL,2022-02-01,7.28,7.36,7.18,7.2,18958000,psxdata,2026-05-11T12:52:10
HUMNL,2022-02-02,7.24,7.77,7.21,7.65,48787500,psxdata,2026-05-11T12:52:10
HUMNL,2022-02-03,7.85,7.85,7.55,7.65,16594500,psxdata,2026-05-11T12:52:10
HUMNL,2022-02-04,7.67,7.68,7.5,7.55,5953000,psxdata,2026-05-11T12:52:10
HUMNL,2022-02-07,7.5,7.58,7.36,7.5,6507367,psxdata,2026-05-11T12:52:10
HUMNL,2022-02-08,7.46,8.02,7.46,7.77,23138009,psxdata,2026-05-11T12:52:10
HUMNL,2022-02-09,7.72,8.0,7.72,7.78,12502460,psxdata,2026-05-11T12:52:10
HUMNL,2022-02-10,7.85,7.94,7.65,7.73,5206735,psxdata,2026-05-11T12:52:10
HUMNL,2022-02-11,7.72,7.8,7.61,7.66,3802252,psxdata,2026-05-11T12:52:10
HUMNL,2022-02-14,7.65,7.65,7.48,7.54,6446379,psxdata,2026-05-11T12:52:10
HUMNL,2022-02-15,7.46,7.71,7.4,7.68,3242308,psxdata,2026-05-11T12:52:10
HUMNL,2022-02-16,7.68,7.8,7.4,7.5,7452219,psxdata,2026-05-11T12:52:10
HUMNL,2022-02-17,7.5,7.59,7.18,7.26,14438994,psxdata,2026-05-11T12:52:10
HUMNL,2022-02-18,7.27,7.54,7.25,7.45,6030086,psxdata,2026-05-11T12:52:10
HUMNL,2022-02-21,7.5,7.98,7.5,7.62,11263096,psxdata,2026-05-11T12:52:10
HUMNL,2022-02-22,7.55,7.67,7.32,7.36,4331602,psxdata,2026-05-11T12:52:10
HUMNL,2022-02-23,7.45,7.55,7.17,7.28,4973824,psxdata,2026-05-11T12:52:10
HUMNL,2022-02-24,7.1,7.2,6.53,6.66,20483694,psxdata,2026-05-11T12:52:10
HUMNL,2022-02-25,6.61,7.03,6.61,6.99,5575170,psxdata,2026-05-11T12:52:10
HUMNL,2022-02-28,6.99,7.25,6.71,7.19,2491797,psxdata,2026-05-11T12:52:10
HUMNL,2022-03-01,7.25,7.3,6.99,7.17,6260408,psxdata,2026-05-11T12:52:10
HUMNL,2022-03-02,7.03,7.47,6.94,7.41,12761275,psxdata,2026-05-11T12:52:10
HUMNL,2022-03-03,7.4,7.4,7.16,7.2,2281944,psxdata,2026-05-11T12:52:10
HUMNL,2022-03-04,7.18,7.25,7.17,7.2,1765426,psxdata,2026-05-11T12:52:10
HUMNL,2022-03-07,7.05,7.2,6.75,6.79,20073813,psxdata,2026-05-11T12:52:10
HUMNL,2022-03-08,6.87,6.97,6.55,6.59,3823247,psxdata,2026-05-11T12:52:10
HUMNL,2022-03-09,6.59,6.85,6.53,6.67,1710179,psxdata,2026-05-11T12:52:10
HUMNL,2022-03-10,6.85,6.93,6.66,6.8,3448021,psxdata,2026-05-11T12:52:10
HUMNL,2022-03-11,6.7,6.8,6.53,6.58,1443168,psxdata,2026-05-11T12:52:10
HUMNL,2022-03-14,6.55,6.64,6.38,6.47,1543474,psxdata,2026-05-11T12:52:10
HUMNL,2022-03-15,6.5,6.62,6.41,6.58,1519393,psxdata,2026-05-11T12:52:10
HUMNL,2022-03-16,6.63,6.83,6.63,6.71,909700,psxdata,2026-05-11T12:52:10
HUMNL,2022-03-17,6.79,6.85,6.53,6.58,1022495,psxdata,2026-05-11T12:52:10
HUMNL,2022-03-18,6.48,6.5,6.25,6.29,3731697,psxdata,2026-05-11T12:52:10
HUMNL,2022-03-21,6.35,6.64,6.25,6.53,8923476,psxdata,2026-05-11T12:52:10
HUMNL,2022-03-22,6.41,6.74,6.41,6.61,855346,psxdata,2026-05-11T12:52:10
HUMNL,2022-03-24,6.5,6.77,6.5,6.6,1075302,psxdata,2026-05-11T12:52:10
HUMNL,2022-03-25,6.46,6.64,6.38,6.4,2000887,psxdata,2026-05-11T12:52:10
HUMNL,2022-03-28,6.39,6.57,6.01,6.53,1293646,psxdata,2026-05-11T12:52:10
HUMNL,2022-03-29,6.45,6.7,6.45,6.63,1092954,psxdata,2026-05-11T12:52:10
HUMNL,2022-03-30,6.56,7.0,6.5,6.78,7262085,psxdata,2026-05-11T12:52:10
HUMNL,2022-03-31,6.75,6.92,6.72,6.76,950063,psxdata,2026-05-11T12:52:10
HUMNL,2022-04-01,6.71,7.13,6.65,6.95,10128830,psxdata,2026-05-11T12:52:10
HUMNL,2022-04-04,6.65,6.85,6.55,6.63,2788495,psxdata,2026-05-11T12:52:10
HUMNL,2022-04-05,6.56,6.8,6.5,6.53,3801825,psxdata,2026-05-11T12:52:10
HUMNL,2022-04-06,6.6,6.8,6.6,6.78,3475368,psxdata,2026-05-11T12:52:10
HUMNL,2022-04-07,6.8,6.81,6.45,6.5,2583921,psxdata,2026-05-11T12:52:10
HUMNL,2022-04-08,6.57,6.88,6.57,6.79,1815741,psxdata,2026-05-11T12:52:10
HUMNL,2022-04-11,7.2,7.48,6.79,7.41,17801246,psxdata,2026-05-11T12:52:10
HUMNL,2022-04-12,7.5,7.5,7.12,7.33,6663500,psxdata,2026-05-11T12:52:10
HUMNL,2022-04-13,7.35,7.35,7.05,7.15,4177000,psxdata,2026-05-11T12:52:10
HUMNL,2022-04-14,7.15,7.63,7.15,7.57,14290000,psxdata,2026-05-11T12:52:10
HUMNL,2022-04-15,7.7,7.85,7.61,7.72,10033500,psxdata,2026-05-11T12:52:10
HUMNL,2022-04-18,7.75,7.9,7.45,7.52,5400500,psxdata,2026-05-11T12:52:10
HUMNL,2022-04-19,7.62,7.64,7.3,7.33,1630500,psxdata,2026-05-11T12:52:10
HUMNL,2022-04-20,7.2,7.75,7.2,7.66,7204500,psxdata,2026-05-11T12:52:10
HUMNL,2022-04-21,7.7,7.88,7.46,7.83,8285000,psxdata,2026-05-11T12:52:10
HUMNL,2022-04-22,7.85,8.28,7.85,8.21,23608000,psxdata,2026-05-11T12:52:10
HUMNL,2022-04-25,8.4,8.88,8.25,8.51,46871500,psxdata,2026-05-11T12:52:10
HUMNL,2022-04-26,8.49,8.49,8.05,8.26,14295500,psxdata,2026-05-11T12:52:10
HUMNL,2022-04-27,8.27,8.36,8.07,8.17,7991000,psxdata,2026-05-11T12:52:10
HUMNL,2022-04-28,8.02,8.02,7.3,7.62,27431000,psxdata,2026-05-11T12:52:10
HUMNL,2022-05-06,7.6,7.65,7.4,7.44,3038500,psxdata,2026-05-11T12:52:10
HUMNL,2022-05-09,7.5,7.5,6.45,6.64,9200000,psxdata,2026-05-11T12:52:10
HUMNL,2022-05-10,6.63,6.96,6.6,6.86,4223000,psxdata,2026-05-11T12:52:10
HUMNL,2022-05-11,6.79,6.89,6.15,6.48,10747000,psxdata,2026-05-11T12:52:10
HUMNL,2022-05-12,6.64,6.64,6.23,6.51,11633500,psxdata,2026-05-11T12:52:10
HUMNL,2022-05-13,6.58,6.9,6.45,6.81,7810500,psxdata,2026-05-11T12:52:10
HUMNL,2022-05-16,6.7,6.7,6.2,6.35,6478500,psxdata,2026-05-11T12:52:10
HUMNL,2022-05-17,6.42,6.51,6.33,6.36,5706500,psxdata,2026-05-11T12:52:10
HUMNL,2022-05-18,6.35,6.79,6.31,6.62,7261500,psxdata,2026-05-11T12:52:10
HUMNL,2022-05-19,6.57,6.71,6.44,6.58,3780500,psxdata,2026-05-11T12:52:10
HUMNL,2022-05-20,6.57,6.67,6.51,6.58,1061500,psxdata,2026-05-11T12:52:10
HUMNL,2022-05-23,6.5,6.55,6.24,6.27,5011000,psxdata,2026-05-11T12:52:10
HUMNL,2022-05-24,6.34,6.45,6.26,6.3,3449500,psxdata,2026-05-11T12:52:10
HUMNL,2022-05-25,6.24,6.59,6.2,6.48,3733500,psxdata,2026-05-11T12:52:10
HUMNL,2022-05-26,6.45,6.73,6.35,6.67,5739000,psxdata,2026-05-11T12:52:10
HUMNL,2022-05-27,6.8,7.3,6.8,7.02,21350000,psxdata,2026-05-11T12:52:10
HUMNL,2022-05-30,7.1,7.2,6.96,7.0,3013500,psxdata,2026-05-11T12:52:10
HUMNL,2022-05-31,7.0,7.16,6.97,7.13,3326000,psxdata,2026-05-11T12:52:10
HUMNL,2022-06-01,7.1,7.19,6.97,7.0,3413000,psxdata,2026-05-11T12:52:10
HUMNL,2022-06-02,6.99,6.99,6.7,6.77,2511000,psxdata,2026-05-11T12:52:10
HUMNL,2022-06-03,6.84,6.85,6.5,6.69,903500,psxdata,2026-05-11T12:52:10
HUMNL,2022-06-06,6.76,6.79,6.46,6.68,1746000,psxdata,2026-05-11T12:52:10
HUMNL,2022-06-07,6.78,6.8,6.52,6.56,1721000,psxdata,2026-05-11T12:52:10
HUMNL,2022-06-08,6.7,6.75,6.57,6.68,1134000,psxdata,2026-05-11T12:52:10
HUMNL,2022-06-09,6.75,6.85,6.61,6.78,3647000,psxdata,2026-05-11T12:52:10
HUMNL,2022-06-10,6.86,7.09,6.67,7.04,6585500,psxdata,2026-05-11T12:52:10
HUMNL,2022-06-13,7.5,7.55,7.05,7.08,24561500,psxdata,2026-05-11T12:52:10
HUMNL,2022-06-14,7.05,7.29,6.9,7.16,7272500,psxdata,2026-05-11T12:52:10
HUMNL,2022-06-15,7.16,7.23,7.03,7.12,2235000,psxdata,2026-05-11T12:52:10
HUMNL,2022-06-16,7.12,7.3,7.07,7.18,4626500,psxdata,2026-05-11T12:52:10
HUMNL,2022-06-17,7.18,7.57,7.05,7.5,17699500,psxdata,2026-05-11T12:52:10
HUMNL,2022-06-20,7.55,7.63,7.35,7.36,5429000,psxdata,2026-05-11T12:52:10
HUMNL,2022-06-21,7.4,7.79,7.22,7.59,15723500,psxdata,2026-05-11T12:52:10
HUMNL,2022-06-22,7.65,7.65,7.4,7.5,6357500,psxdata,2026-05-11T12:52:10
HUMNL,2022-06-23,7.5,7.63,7.5,7.58,6026000,psxdata,2026-05-11T12:52:10
HUMNL,2022-06-24,7.52,7.62,6.95,7.2,12404000,psxdata,2026-05-11T12:52:10
HUMNL,2022-06-27,7.29,7.37,7.25,7.28,1710000,psxdata,2026-05-11T12:52:10
HUMNL,2022-06-28,7.25,7.43,7.15,7.22,7538500,psxdata,2026-05-11T12:52:10
HUMNL,2022-06-29,7.2,7.29,7.1,7.17,1866500,psxdata,2026-05-11T12:52:10
HUMNL,2022-06-30,7.15,7.27,7.04,7.12,839000,psxdata,2026-05-11T12:52:10
HUMNL,2022-07-01,7.11,7.25,6.75,6.82,7317500,psxdata,2026-05-11T12:52:10
HUMNL,2022-07-04,6.94,6.94,6.82,6.85,929000,psxdata,2026-05-11T12:52:10
HUMNL,2022-07-05,6.9,6.99,6.8,6.82,724500,psxdata,2026-05-11T12:52:10
HUMNL,2022-07-06,6.86,7.0,6.85,6.93,1299000,psxdata,2026-05-11T12:52:10
HUMNL,2022-07-07,6.99,7.06,6.9,6.98,1112500,psxdata,2026-05-11T12:52:10
HUMNL,2022-07-13,6.98,7.12,6.9,7.1,1171000,psxdata,2026-05-11T12:52:10
HUMNL,2022-07-14,7.15,7.24,7.08,7.14,2687500,psxdata,2026-05-11T12:52:10
HUMNL,2022-07-15,7.14,7.16,7.0,7.03,948000,psxdata,2026-05-11T12:52:10
HUMNL,2022-07-18,6.91,6.99,6.82,6.84,1688500,psxdata,2026-05-11T12:52:10
HUMNL,2022-07-19,6.86,6.97,6.65,6.71,929500,psxdata,2026-05-11T12:52:10
HUMNL,2022-07-20,6.72,6.79,6.57,6.66,1912000,psxdata,2026-05-11T12:52:10
HUMNL,2022-07-21,6.78,6.78,6.35,6.51,3816500,psxdata,2026-05-11T12:52:10
HUMNL,2022-07-22,6.5,6.73,6.35,6.69,1014500,psxdata,2026-05-11T12:52:10
HUMNL,2022-07-25,6.56,6.65,6.46,6.61,1044000,psxdata,2026-05-11T12:52:10
HUMNL,2022-07-26,6.74,6.83,6.6,6.62,763500,psxdata,2026-05-11T12:52:10
HUMNL,2022-07-27,6.7,6.7,6.55,6.63,1167500,psxdata,2026-05-11T12:52:10
HUMNL,2022-07-28,6.64,7.04,6.56,6.9,4748000,psxdata,2026-05-11T12:52:10
HUMNL,2022-07-29,6.9,6.98,6.85,6.9,2513000,psxdata,2026-05-11T12:52:10
HUMNL,2022-08-01,6.85,6.89,6.63,6.67,679500,psxdata,2026-05-11T12:52:10
HUMNL,2022-08-02,6.6,6.92,6.46,6.86,1696000,psxdata,2026-05-11T12:52:10
HUMNL,2022-08-03,6.92,7.06,6.88,7.02,3312000,psxdata,2026-05-11T12:52:10
HUMNL,2022-08-04,7.05,7.14,6.97,7.01,3804500,psxdata,2026-05-11T12:52:10
HUMNL,2022-08-05,6.95,7.1,6.92,7.06,4351000,psxdata,2026-05-11T12:52:10
HUMNL,2022-08-10,7.2,7.25,7.1,7.11,2511000,psxdata,2026-05-11T12:52:10
HUMNL,2022-08-11,7.11,7.15,7.05,7.06,1020000,psxdata,2026-05-11T12:52:10
HUMNL,2022-08-12,7.03,7.25,7.03,7.2,3073000,psxdata,2026-05-11T12:52:10
HUMNL,2022-08-15,7.2,7.4,7.13,7.35,4859000,psxdata,2026-05-11T12:52:10
HUMNL,2022-08-16,7.39,7.55,7.16,7.22,7149000,psxdata,2026-05-11T12:52:10
HUMNL,2022-08-17,7.27,7.27,7.1,7.2,3292500,psxdata,2026-05-11T12:52:10
HUMNL,2022-08-18,7.21,7.42,7.18,7.23,6150500,psxdata,2026-05-11T12:52:10
HUMNL,2022-08-19,7.3,7.33,7.21,7.23,3072500,psxdata,2026-05-11T12:52:10
HUMNL,2022-08-22,7.2,7.2,7.03,7.12,1147000,psxdata,2026-05-11T12:52:10
HUMNL,2022-08-23,7.19,7.3,7.02,7.1,3426500,psxdata,2026-05-11T12:52:10
HUMNL,2022-08-24,7.15,7.23,7.06,7.08,2027000,psxdata,2026-05-11T12:52:10
HUMNL,2022-08-25,7.12,7.12,6.96,7.01,1856500,psxdata,2026-05-11T12:52:10
HUMNL,2022-08-26,7.05,7.13,6.88,6.92,2361000,psxdata,2026-05-11T12:52:10
HUMNL,2022-08-29,6.92,7.0,6.7,6.99,1789000,psxdata,2026-05-11T12:52:10
HUMNL,2022-08-30,7.13,7.2,6.87,6.96,1918000,psxdata,2026-05-11T12:52:10
HUMNL,2022-08-31,6.95,7.05,6.86,6.89,1053500,psxdata,2026-05-11T12:52:10
HUMNL,2022-09-01,6.95,7.02,6.86,6.88,1125000,psxdata,2026-05-11T12:52:10
HUMNL,2022-09-02,6.88,6.93,6.8,6.84,342000,psxdata,2026-05-11T12:52:10
HUMNL,2022-09-05,6.82,6.95,6.72,6.74,592000,psxdata,2026-05-11T12:52:10
HUMNL,2022-09-06,6.84,6.85,6.7,6.77,879000,psxdata,2026-05-11T12:52:10
HUMNL,2022-09-07,6.8,6.85,6.7,6.73,1013500,psxdata,2026-05-11T12:52:10
HUMNL,2022-09-08,6.73,6.84,6.7,6.72,1095500,psxdata,2026-05-11T12:52:10
HUMNL,2022-09-09,6.8,6.97,6.7,6.71,987000,psxdata,2026-05-11T12:52:10
HUMNL,2022-09-12,6.83,6.83,6.58,6.7,1534500,psxdata,2026-05-11T12:52:10
HUMNL,2022-09-13,6.71,6.82,6.68,6.7,1157500,psxdata,2026-05-11T12:52:10
HUMNL,2022-09-14,6.7,6.75,6.65,6.71,431000,psxdata,2026-05-11T12:52:10
HUMNL,2022-09-15,6.73,6.94,6.68,6.86,4391500,psxdata,2026-05-11T12:52:10
HUMNL,2022-09-16,6.85,7.29,6.81,7.08,8673500,psxdata,2026-05-11T12:52:10
HUMNL,2022-09-19,7.17,7.22,6.6,6.7,9529500,psxdata,2026-05-11T12:52:10
HUMNL,2022-09-20,6.8,6.8,6.55,6.57,2464000,psxdata,2026-05-11T12:52:10
HUMNL,2022-09-21,6.65,6.65,6.35,6.41,2478500,psxdata,2026-05-11T12:52:10
HUMNL,2022-09-22,6.41,6.55,6.2,6.35,2414000,psxdata,2026-05-11T12:52:10
HUMNL,2022-09-23,6.35,6.47,6.26,6.31,2442000,psxdata,2026-05-11T12:52:10
HUMNL,2022-09-26,6.35,6.52,6.29,6.45,1430500,psxdata,2026-05-11T12:52:10
HUMNL,2022-09-27,6.47,6.5,6.36,6.39,1616000,psxdata,2026-05-11T12:52:10
HUMNL,2022-09-28,6.36,6.7,6.35,6.45,3895500,psxdata,2026-05-11T12:52:10
HUMNL,2022-09-29,6.53,6.53,6.38,6.41,863000,psxdata,2026-05-11T12:52:10
HUMNL,2022-09-30,6.4,6.44,6.28,6.31,1588000,psxdata,2026-05-11T12:52:10
HUMNL,2022-10-03,6.48,6.48,6.31,6.37,427000,psxdata,2026-05-11T12:52:10
HUMNL,2022-10-04,6.37,6.5,6.35,6.36,1563500,psxdata,2026-05-11T12:52:10
HUMNL,2022-10-05,6.4,6.5,6.36,6.38,1528000,psxdata,2026-05-11T12:52:10
HUMNL,2022-10-06,6.45,6.64,6.43,6.51,4435000,psxdata,2026-05-11T12:52:10
HUMNL,2022-10-07,6.5,6.54,6.34,6.36,1870500,psxdata,2026-05-11T12:52:10
HUMNL,2022-10-10,6.44,6.46,6.35,6.4,858000,psxdata,2026-05-11T12:52:10
HUMNL,2022-10-11,6.47,6.47,6.31,6.34,1501000,psxdata,2026-05-11T12:52:10
HUMNL,2022-10-12,6.33,6.4,6.25,6.3,1715500,psxdata,2026-05-11T12:52:10
HUMNL,2022-10-13,6.43,6.43,6.25,6.3,1015500,psxdata,2026-05-11T12:52:10
HUMNL,2022-10-14,6.3,6.35,6.26,6.29,343500,psxdata,2026-05-11T12:52:10
HUMNL,2022-10-17,6.3,6.57,6.3,6.4,4250500,psxdata,2026-05-11T12:52:10
HUMNL,2022-10-18,6.36,6.7,6.36,6.4,4340000,psxdata,2026-05-11T12:52:10
HUMNL,2022-10-19,6.45,6.62,6.4,6.53,2425000,psxdata,2026-05-11T12:52:10
HUMNL,2022-10-20,6.53,6.75,6.51,6.63,4906000,psxdata,2026-05-11T12:52:10
HUMNL,2022-10-21,6.65,6.65,6.45,6.52,2715500,psxdata,2026-05-11T12:52:10
HUMNL,2022-10-24,6.6,6.65,6.45,6.51,1895500,psxdata,2026-05-11T12:52:10
HUMNL,2022-10-25,6.51,6.59,6.38,6.41,1927500,psxdata,2026-05-11T12:52:10
HUMNL,2022-10-26,6.36,6.9,6.2,6.67,11640000,psxdata,2026-05-11T12:52:10
HUMNL,2022-10-27,6.75,6.88,6.58,6.64,6861000,psxdata,2026-05-11T12:52:10
HUMNL,2022-10-28,6.6,6.65,6.33,6.35,3847500,psxdata,2026-05-11T12:52:10
HUMNL,2022-10-31,6.48,6.55,6.39,6.44,2830000,psxdata,2026-05-11T12:52:10
HUMNL,2022-11-01,6.51,6.55,6.45,6.53,2387000,psxdata,2026-05-11T12:52:10
HUMNL,2022-11-02,6.55,6.55,6.46,6.49,1799500,psxdata,2026-05-11T12:52:10
HUMNL,2022-11-03,6.55,6.8,6.49,6.73,6933500,psxdata,2026-05-11T12:52:10
HUMNL,2022-11-04,6.6,6.77,6.53,6.58,3058500,psxdata,2026-05-11T12:52:10
HUMNL,2022-11-07,6.64,6.72,6.58,6.64,7684000,psxdata,2026-05-11T12:52:10
HUMNL,2022-11-08,5.67,5.85,5.53,5.78,7334500,psxdata,2026-05-11T12:52:10
HUMNL,2022-11-10,5.85,5.9,5.81,5.87,1455000,psxdata,2026-05-11T12:52:10
HUMNL,2022-11-11,5.88,5.89,5.77,5.83,1595000,psxdata,2026-05-11T12:52:10
HUMNL,2022-11-14,5.77,5.79,5.74,5.76,632500,psxdata,2026-05-11T12:52:10
HUMNL,2022-11-15,5.76,5.84,5.69,5.71,1172500,psxdata,2026-05-11T12:52:10
HUMNL,2022-11-16,5.71,5.78,5.67,5.72,702000,psxdata,2026-05-11T12:52:10
HUMNL,2022-11-17,5.7,5.74,5.64,5.65,2526000,psxdata,2026-05-11T12:52:10
HUMNL,2022-11-18,5.62,5.65,5.58,5.63,1106000,psxdata,2026-05-11T12:52:10
HUMNL,2022-11-21,5.65,5.89,5.59,5.65,608000,psxdata,2026-05-11T12:52:10
HUMNL,2022-11-22,5.78,5.87,5.6,5.67,1192500,psxdata,2026-05-11T12:52:10
HUMNL,2022-11-23,5.78,5.78,5.68,5.7,360000,psxdata,2026-05-11T12:52:10
HUMNL,2022-11-24,5.77,5.77,5.66,5.69,432000,psxdata,2026-05-11T12:52:10
HUMNL,2022-11-25,5.72,6.19,5.68,6.14,19310000,psxdata,2026-05-11T12:52:10
HUMNL,2022-11-28,5.85,6.12,5.79,5.83,7699500,psxdata,2026-05-11T12:52:10
HUMNL,2022-11-29,6.14,6.14,5.82,5.88,2279500,psxdata,2026-05-11T12:52:10
HUMNL,2022-11-30,5.95,5.98,5.73,5.84,2807000,psxdata,2026-05-11T12:52:10
HUMNL,2022-12-01,6.07,6.07,5.76,5.79,1740500,psxdata,2026-05-11T12:52:10
HUMNL,2022-12-02,5.8,5.85,5.65,5.69,1332500,psxdata,2026-05-11T12:52:10
HUMNL,2022-12-05,5.69,5.72,5.57,5.58,1009000,psxdata,2026-05-11T12:52:10
HUMNL,2022-12-06,5.55,5.65,5.43,5.49,2588500,psxdata,2026-05-11T12:52:10
HUMNL,2022-12-07,5.54,5.59,5.47,5.54,2720500,psxdata,2026-05-11T12:52:10
HUMNL,2022-12-08,5.59,6.09,5.45,6.03,23689000,psxdata,2026-05-11T12:52:10
HUMNL,2022-12-09,6.1,6.23,5.97,6.18,11423000,psxdata,2026-05-11T12:52:10
HUMNL,2022-12-12,6.19,6.19,5.9,6.0,2248000,psxdata,2026-05-11T12:52:10
HUMNL,2022-12-13,6.0,6.06,5.87,6.0,2815500,psxdata,2026-05-11T12:52:10
HUMNL,2022-12-14,6.0,6.05,5.92,6.02,2600500,psxdata,2026-05-11T12:52:10
HUMNL,2022-12-15,5.93,6.0,5.72,5.93,5822500,psxdata,2026-05-11T12:52:10
HUMNL,2022-12-16,5.82,6.0,5.77,5.84,2071000,psxdata,2026-05-11T12:52:10
HUMNL,2022-12-19,5.75,5.83,5.73,5.79,820000,psxdata,2026-05-11T12:52:10
HUMNL,2022-12-20,5.76,5.8,5.55,5.62,4787500,psxdata,2026-05-11T12:52:10
HUMNL,2022-12-21,5.65,5.77,5.48,5.6,11875500,psxdata,2026-05-11T12:52:10
HUMNL,2022-12-22,5.7,5.86,5.6,5.77,8292000,psxdata,2026-05-11T12:52:10
HUMNL,2022-12-23,5.7,5.78,5.6,5.68,980500,psxdata,2026-05-11T12:52:10
HUMNL,2022-12-26,5.8,6.02,5.71,5.98,4339000,psxdata,2026-05-11T12:52:10
HUMNL,2022-12-27,6.04,6.06,5.85,6.0,3769000,psxdata,2026-05-11T12:52:10
HUMNL,2022-12-28,5.92,5.94,5.77,5.8,2335500,psxdata,2026-05-11T12:52:10
HUMNL,2022-12-29,5.85,5.98,5.75,5.93,1253500,psxdata,2026-05-11T12:52:10
HUMNL,2022-12-30,5.94,5.95,5.79,5.84,1174000,psxdata,2026-05-11T12:52:10
HUMNL,2023-01-02,5.79,6.18,5.79,6.02,3492500,psxdata,2026-05-11T12:52:10
HUMNL,2023-01-03,6.0,6.17,5.94,6.15,4729500,psxdata,2026-05-11T12:52:10
HUMNL,2023-01-04,6.15,6.29,6.1,6.2,2933000,psxdata,2026-05-11T12:52:10
HUMNL,2023-01-05,6.15,6.21,6.15,6.2,3868000,psxdata,2026-05-11T12:52:10
HUMNL,2023-01-06,6.18,6.23,6.11,6.17,335000,psxdata,2026-05-11T12:52:10
HUMNL,2023-01-09,6.11,6.18,6.02,6.1,854500,psxdata,2026-05-11T12:52:10
HUMNL,2023-01-10,6.15,6.24,6.12,6.21,1151500,psxdata,2026-05-11T12:52:10
HUMNL,2023-01-11,6.2,6.28,6.12,6.24,1275500,psxdata,2026-05-11T12:52:10
HUMNL,2023-01-12,6.22,6.4,6.2,6.2,936000,psxdata,2026-05-11T12:52:10
HUMNL,2023-01-13,6.15,6.2,6.1,6.18,2671500,psxdata,2026-05-11T12:52:10
HUMNL,2023-01-16,6.11,6.18,6.1,6.15,1897500,psxdata,2026-05-11T12:52:10
HUMNL,2023-01-18,5.85,6.0,5.75,5.84,1660000,psxdata,2026-05-11T12:52:10
HUMNL,2023-01-19,5.95,5.95,5.8,5.83,327000,psxdata,2026-05-11T12:52:10
HUMNL,2023-01-20,5.83,5.85,5.7,5.73,427000,psxdata,2026-05-11T12:52:10
HUMNL,2023-01-23,5.73,5.75,5.6,5.65,697500,psxdata,2026-05-11T12:52:10
HUMNL,2023-01-24,5.7,5.85,5.65,5.79,3275000,psxdata,2026-05-11T12:52:10
HUMNL,2023-01-25,5.87,5.94,5.72,5.76,1962000,psxdata,2026-05-11T12:52:10
HUMNL,2023-01-26,5.75,6.0,5.75,5.87,1302000,psxdata,2026-05-11T12:52:10
HUMNL,2023-01-27,5.9,5.94,5.67,5.73,665500,psxdata,2026-05-11T12:52:10
HUMNL,2023-01-30,5.79,5.84,5.65,5.66,415500,psxdata,2026-05-11T12:52:10
HUMNL,2023-01-31,5.69,5.75,5.65,5.67,481000,psxdata,2026-05-11T12:52:10
HUMNL,2023-02-01,5.74,5.77,5.59,5.61,1170000,psxdata,2026-05-11T12:52:10
HUMNL,2023-02-02,5.69,5.69,5.57,5.61,552000,psxdata,2026-05-11T12:52:10
HUMNL,2023-02-03,5.58,5.71,5.57,5.68,272000,psxdata,2026-05-11T12:52:10
HUMNL,2023-02-06,5.62,5.8,5.62,5.77,500000,psxdata,2026-05-11T12:52:10
HUMNL,2023-02-07,5.8,5.84,5.71,5.74,886500,psxdata,2026-05-11T12:52:10
HUMNL,2023-02-08,5.71,5.77,5.69,5.71,425500,psxdata,2026-05-11T12:52:10
HUMNL,2023-02-09,5.69,5.92,5.69,5.84,1691500,psxdata,2026-05-11T12:52:10
HUMNL,2023-02-10,5.73,5.79,5.63,5.7,573500,psxdata,2026-05-11T12:52:10
HUMNL,2023-02-13,5.8,5.85,5.65,5.66,861500,psxdata,2026-05-11T12:52:10
HUMNL,2023-02-14,5.65,5.69,5.55,5.59,818500,psxdata,2026-05-11T12:52:10
HUMNL,2023-02-15,5.52,5.65,5.5,5.62,509000,psxdata,2026-05-11T12:52:10
HUMNL,2023-02-16,5.62,5.65,5.55,5.6,552500,psxdata,2026-05-11T12:52:10
HUMNL,2023-02-17,5.6,5.63,5.51,5.57,220500,psxdata,2026-05-11T12:52:10
HUMNL,2023-02-20,5.51,5.58,5.42,5.45,480500,psxdata,2026-05-11T12:52:10
HUMNL,2023-02-21,5.47,5.63,5.46,5.51,681500,psxdata,2026-05-11T12:52:10
HUMNL,2023-02-22,5.52,5.69,5.52,5.57,497500,psxdata,2026-05-11T12:52:10
HUMNL,2023-02-23,5.51,5.6,5.45,5.54,404500,psxdata,2026-05-11T12:52:10
HUMNL,2023-02-24,5.5,5.61,5.35,5.54,1148000,psxdata,2026-05-11T12:52:10
HUMNL,2023-02-27,5.54,5.7,5.51,5.66,612500,psxdata,2026-05-11T12:52:10
HUMNL,2023-02-28,5.7,5.75,5.49,5.68,1865000,psxdata,2026-05-11T12:52:10
HUMNL,2023-03-01,5.55,5.63,5.38,5.5,1686500,psxdata,2026-05-11T12:52:10
HUMNL,2023-03-02,5.55,5.55,5.44,5.49,519000,psxdata,2026-05-11T12:52:10
HUMNL,2023-03-03,5.48,5.61,5.35,5.55,1258000,psxdata,2026-05-11T12:52:10
HUMNL,2023-03-06,5.63,5.79,5.61,5.72,1073500,psxdata,2026-05-11T12:52:10
HUMNL,2023-03-07,5.75,5.75,5.48,5.52,3385500,psxdata,2026-05-11T12:52:10
HUMNL,2023-03-08,5.53,5.57,5.5,5.52,370500,psxdata,2026-05-11T12:52:10
HUMNL,2023-03-09,5.58,5.68,5.54,5.62,591500,psxdata,2026-05-11T12:52:10
HUMNL,2023-03-10,5.68,5.86,5.6,5.81,3008500,psxdata,2026-05-11T12:52:10
HUMNL,2023-03-13,5.84,5.94,5.74,5.76,1707500,psxdata,2026-05-11T12:52:10
HUMNL,2023-03-14,5.75,5.76,5.52,5.69,464000,psxdata,2026-05-11T12:52:10
HUMNL,2023-03-15,5.62,5.74,5.6,5.67,1044000,psxdata,2026-05-11T12:52:10
HUMNL,2023-03-16,5.76,5.8,5.66,5.72,982000,psxdata,2026-05-11T12:52:10
HUMNL,2023-03-17,5.7,5.82,5.62,5.67,575000,psxdata,2026-05-11T12:52:10
HUMNL,2023-03-20,5.64,6.0,5.64,5.74,4456500,psxdata,2026-05-11T12:52:10
HUMNL,2023-03-21,5.75,5.88,5.71,5.75,1508500,psxdata,2026-05-11T12:52:10
HUMNL,2023-03-22,5.75,5.79,5.56,5.64,660000,psxdata,2026-05-11T12:52:10
HUMNL,2023-03-24,5.6,5.74,5.49,5.59,389500,psxdata,2026-05-11T12:52:10
HUMNL,2023-03-27,5.58,5.64,5.49,5.51,545500,psxdata,2026-05-11T12:52:10
HUMNL,2023-03-28,5.55,5.6,5.48,5.5,1035000,psxdata,2026-05-11T12:52:10
HUMNL,2023-03-29,5.55,5.55,5.44,5.45,480500,psxdata,2026-05-11T12:52:10
HUMNL,2023-03-30,5.41,5.49,5.41,5.42,340500,psxdata,2026-05-11T12:52:10
HUMNL,2023-03-31,5.42,5.49,5.33,5.4,728500,psxdata,2026-05-11T12:52:10
HUMNL,2023-04-03,5.4,5.47,5.35,5.37,222000,psxdata,2026-05-11T12:52:10
HUMNL,2023-04-04,5.4,5.4,5.31,5.4,341000,psxdata,2026-05-11T12:52:10
HUMNL,2023-04-05,5.5,5.59,5.33,5.55,929000,psxdata,2026-05-11T12:52:10
HUMNL,2023-04-06,5.54,5.7,5.54,5.67,478000,psxdata,2026-05-11T12:52:10
HUMNL,2023-04-07,5.67,5.67,5.55,5.61,451000,psxdata,2026-05-11T12:52:10
HUMNL,2023-04-10,5.62,5.62,5.44,5.49,578000,psxdata,2026-05-11T12:52:10
HUMNL,2023-04-11,5.59,5.63,5.43,5.55,183000,psxdata,2026-05-11T12:52:10
HUMNL,2023-04-12,5.6,5.6,5.5,5.55,148500,psxdata,2026-05-11T12:52:10
HUMNL,2023-04-13,5.6,5.64,5.51,5.55,44500,psxdata,2026-05-11T12:52:10
HUMNL,2023-04-17,5.52,5.6,5.49,5.51,439500,psxdata,2026-05-11T12:52:10
HUMNL,2023-04-18,5.48,5.51,5.41,5.5,58000,psxdata,2026-05-11T12:52:10
HUMNL,2023-04-19,5.5,5.58,5.48,5.49,346000,psxdata,2026-05-11T12:52:10
HUMNL,2023-04-20,5.5,5.56,5.47,5.52,293500,psxdata,2026-05-11T12:52:10
HUMNL,2023-04-26,5.59,5.68,5.52,5.54,1567000,psxdata,2026-05-11T12:52:10
HUMNL,2023-04-27,5.46,5.77,5.46,5.65,2616000,psxdata,2026-05-11T12:52:10
HUMNL,2023-05-02,5.51,5.64,5.5,5.58,1480000,psxdata,2026-05-11T12:52:10
HUMNL,2023-05-03,5.55,5.75,5.55,5.65,1302500,psxdata,2026-05-11T12:52:10
HUMNL,2023-05-04,5.68,5.74,5.48,5.53,1844500,psxdata,2026-05-11T12:52:10
HUMNL,2023-05-05,5.54,5.57,5.51,5.54,1296000,psxdata,2026-05-11T12:52:10
HUMNL,2023-05-08,5.51,5.56,5.35,5.4,790000,psxdata,2026-05-11T12:52:10
HUMNL,2023-05-09,5.38,5.48,5.32,5.36,443000,psxdata,2026-05-11T12:52:10
HUMNL,2023-05-10,5.36,5.45,5.27,5.32,768000,psxdata,2026-05-11T12:52:10
HUMNL,2023-05-11,5.35,5.43,5.29,5.3,536500,psxdata,2026-05-11T12:52:10
HUMNL,2023-05-12,5.33,5.4,5.29,5.36,805000,psxdata,2026-05-11T12:52:10
HUMNL,2023-05-15,5.32,5.92,5.31,5.89,7501000,psxdata,2026-05-11T12:52:10
HUMNL,2023-05-16,5.9,5.95,5.65,5.69,12681500,psxdata,2026-05-11T12:52:10
HUMNL,2023-05-17,5.7,5.88,5.69,5.79,6055000,psxdata,2026-05-11T12:52:10
HUMNL,2023-05-18,5.7,5.8,5.59,5.63,958500,psxdata,2026-05-11T12:52:10
HUMNL,2023-05-19,5.51,5.97,5.51,5.81,2886500,psxdata,2026-05-11T12:52:10
HUMNL,2023-05-22,5.72,5.91,5.7,5.84,1216000,psxdata,2026-05-11T12:52:10
HUMNL,2023-05-23,5.8,5.9,5.77,5.85,521000,psxdata,2026-05-11T12:52:10
HUMNL,2023-05-24,5.8,5.89,5.78,5.84,442000,psxdata,2026-05-11T12:52:10
HUMNL,2023-05-25,5.82,5.9,5.75,5.76,771000,psxdata,2026-05-11T12:52:10
HUMNL,2023-05-26,5.84,5.9,5.6,5.65,687500,psxdata,2026-05-11T12:52:10
HUMNL,2023-05-29,5.7,5.85,5.65,5.66,694500,psxdata,2026-05-11T12:52:10
HUMNL,2023-05-30,5.7,5.75,5.58,5.69,1046500,psxdata,2026-05-11T12:52:10
HUMNL,2023-05-31,5.63,5.67,5.51,5.54,763000,psxdata,2026-05-11T12:52:10
HUMNL,2023-06-01,5.6,5.6,5.51,5.52,134000,psxdata,2026-05-11T12:52:10
HUMNL,2023-06-02,5.51,5.65,5.5,5.64,254500,psxdata,2026-05-11T12:52:10
HUMNL,2023-06-05,5.62,5.81,5.62,5.8,568000,psxdata,2026-05-11T12:52:10
HUMNL,2023-06-06,5.8,5.87,5.79,5.85,749500,psxdata,2026-05-11T12:52:10
HUMNL,2023-06-07,5.85,6.1,5.85,6.01,4044500,psxdata,2026-05-11T12:52:10
HUMNL,2023-06-08,5.92,5.95,5.8,5.81,368500,psxdata,2026-05-11T12:52:10
HUMNL,2023-06-09,5.75,5.88,5.75,5.83,53500,psxdata,2026-05-11T12:52:10
HUMNL,2023-06-12,5.75,5.8,5.7,5.77,1149500,psxdata,2026-05-11T12:52:10
HUMNL,2023-06-13,5.75,5.99,5.75,5.94,909000,psxdata,2026-05-11T12:52:10
HUMNL,2023-06-14,5.99,6.14,5.89,5.92,4219000,psxdata,2026-05-11T12:52:10
HUMNL,2023-06-15,5.95,5.95,5.84,5.87,793000,psxdata,2026-05-11T12:52:10
HUMNL,2023-06-16,5.88,6.0,5.85,5.96,772000,psxdata,2026-05-11T12:52:10
HUMNL,2023-06-19,5.97,6.05,5.8,5.82,683000,psxdata,2026-05-11T12:52:10
HUMNL,2023-06-20,5.8,5.94,5.73,5.9,1456500,psxdata,2026-05-11T12:52:10
HUMNL,2023-06-21,5.85,5.96,5.7,5.77,128000,psxdata,2026-05-11T12:52:10
HUMNL,2023-06-22,5.71,5.93,5.7,5.78,232500,psxdata,2026-05-11T12:52:10
HUMNL,2023-06-23,5.8,5.82,5.7,5.73,299000,psxdata,2026-05-11T12:52:10
HUMNL,2023-06-26,5.88,6.05,5.8,6.02,1276500,psxdata,2026-05-11T12:52:10
HUMNL,2023-06-27,5.99,5.99,5.79,5.84,852000,psxdata,2026-05-11T12:52:10
HUMNL,2023-07-03,6.05,6.25,6.05,6.14,3773500,psxdata,2026-05-11T12:52:10
HUMNL,2023-07-04,6.2,6.23,5.9,5.97,1113500,psxdata,2026-05-11T12:52:10
HUMNL,2023-07-05,6.0,6.0,5.89,5.93,273000,psxdata,2026-05-11T12:52:10
HUMNL,2023-07-06,5.9,5.97,5.88,5.9,459500,psxdata,2026-05-11T12:52:10
HUMNL,2023-07-07,5.99,6.06,5.83,6.0,745000,psxdata,2026-05-11T12:52:10
HUMNL,2023-07-10,5.91,6.06,5.91,6.0,1865500,psxdata,2026-05-11T12:52:10
HUMNL,2023-07-11,6.01,6.23,6.01,6.14,3893500,psxdata,2026-05-11T12:52:10
HUMNL,2023-07-12,6.25,6.38,6.12,6.15,3643000,psxdata,2026-05-11T12:52:10
HUMNL,2023-07-13,6.25,6.29,6.0,6.02,1095500,psxdata,2026-05-11T12:52:10
HUMNL,2023-07-14,6.0,6.05,5.94,6.01,911000,psxdata,2026-05-11T12:52:10
HUMNL,2023-07-17,5.93,6.09,5.9,5.94,682500,psxdata,2026-05-11T12:52:10
HUMNL,2023-07-18,6.0,6.0,5.88,5.92,595500,psxdata,2026-05-11T12:52:10
HUMNL,2023-07-19,5.91,5.98,5.83,5.85,660000,psxdata,2026-05-11T12:52:10
HUMNL,2023-07-20,5.81,6.0,5.8,5.92,961500,psxdata,2026-05-11T12:52:10
HUMNL,2023-07-21,5.93,6.03,5.92,5.95,1502000,psxdata,2026-05-11T12:52:10
HUMNL,2023-07-24,5.92,6.04,5.9,5.98,758000,psxdata,2026-05-11T12:52:10
HUMNL,2023-07-25,6.0,6.0,5.92,5.93,818000,psxdata,2026-05-11T12:52:10
HUMNL,2023-07-26,5.95,6.0,5.88,5.9,733000,psxdata,2026-05-11T12:52:10
HUMNL,2023-07-27,5.9,6.04,5.86,5.95,2834000,psxdata,2026-05-11T12:52:10
HUMNL,2023-07-31,5.92,6.04,5.9,6.01,2138000,psxdata,2026-05-11T12:52:10
HUMNL,2023-08-01,6.04,6.09,5.94,5.98,928500,psxdata,2026-05-11T12:52:10
HUMNL,2023-08-02,6.13,6.13,5.95,5.98,2382000,psxdata,2026-05-11T12:52:10
HUMNL,2023-08-03,6.1,6.33,6.0,6.09,21773000,psxdata,2026-05-11T12:52:10
HUMNL,2023-08-04,6.18,6.18,5.96,5.99,2141000,psxdata,2026-05-11T12:52:10
HUMNL,2023-08-07,6.08,6.1,5.9,5.94,3261500,psxdata,2026-05-11T12:52:10
HUMNL,2023-08-08,5.94,5.98,5.7,5.76,1519000,psxdata,2026-05-11T12:52:10
HUMNL,2023-08-09,5.85,5.88,5.78,5.79,579500,psxdata,2026-05-11T12:52:10
HUMNL,2023-08-10,5.81,5.87,5.75,5.78,1291000,psxdata,2026-05-11T12:52:10
HUMNL,2023-08-11,5.84,6.05,5.76,6.0,1883500,psxdata,2026-05-11T12:52:10
HUMNL,2023-08-15,6.03,6.06,5.98,6.0,1976500,psxdata,2026-05-11T12:52:10
HUMNL,2023-08-16,6.05,6.05,5.85,5.87,827000,psxdata,2026-05-11T12:52:10
HUMNL,2023-08-17,5.88,5.88,5.8,5.84,672000,psxdata,2026-05-11T12:52:10
HUMNL,2023-08-18,5.81,5.89,5.75,5.77,1437000,psxdata,2026-05-11T12:52:10
HUMNL,2023-08-21,5.87,5.87,5.7,5.71,562000,psxdata,2026-05-11T12:52:10
HUMNL,2023-08-22,5.66,5.79,5.66,5.72,400000,psxdata,2026-05-11T12:52:10
HUMNL,2023-08-23,5.72,5.75,5.66,5.7,465000,psxdata,2026-05-11T12:52:10
HUMNL,2023-08-24,5.74,5.79,5.65,5.69,552500,psxdata,2026-05-11T12:52:10
HUMNL,2023-08-25,5.7,5.73,5.6,5.62,1063500,psxdata,2026-05-11T12:52:10
HUMNL,2023-08-28,5.6,5.7,5.55,5.6,3847000,psxdata,2026-05-11T12:52:10
HUMNL,2023-08-29,5.58,5.65,5.55,5.62,582000,psxdata,2026-05-11T12:52:10
HUMNL,2023-08-30,5.63,5.69,5.41,5.56,2144500,psxdata,2026-05-11T12:52:10
HUMNL,2023-08-31,5.58,5.6,5.25,5.35,1288500,psxdata,2026-05-11T12:52:10
HUMNL,2023-09-01,5.45,5.57,5.35,5.36,1921500,psxdata,2026-05-11T12:52:10
HUMNL,2023-09-04,5.48,5.53,5.4,5.43,271000,psxdata,2026-05-11T12:52:10
HUMNL,2023-09-05,5.49,5.54,5.42,5.44,185500,psxdata,2026-05-11T12:52:10
HUMNL,2023-09-06,5.48,5.5,5.45,5.46,658000,psxdata,2026-05-11T12:52:10
HUMNL,2023-09-07,5.5,5.58,5.35,5.48,621000,psxdata,2026-05-11T12:52:10
HUMNL,2023-09-08,5.53,5.58,5.45,5.54,323000,psxdata,2026-05-11T12:52:10
HUMNL,2023-09-11,5.59,5.59,5.43,5.54,217000,psxdata,2026-05-11T12:52:10
HUMNL,2023-09-12,5.5,5.59,5.34,5.51,674000,psxdata,2026-05-11T12:52:10
HUMNL,2023-09-13,5.38,5.57,5.38,5.55,110000,psxdata,2026-05-11T12:52:10
HUMNL,2023-09-14,5.42,5.54,5.4,5.5,434500,psxdata,2026-05-11T12:52:10
HUMNL,2023-09-15,5.59,5.59,5.4,5.47,349500,psxdata,2026-05-11T12:52:10
HUMNL,2023-09-18,5.59,5.79,5.5,5.73,886500,psxdata,2026-05-11T12:52:10
HUMNL,2023-09-19,5.76,5.85,5.75,5.76,313000,psxdata,2026-05-11T12:52:10
HUMNL,2023-09-20,5.75,5.76,5.7,5.7,71500,psxdata,2026-05-11T12:52:10
HUMNL,2023-09-21,5.75,5.8,5.65,5.71,49000,psxdata,2026-05-11T12:52:10
HUMNL,2023-09-22,5.8,5.84,5.69,5.74,221500,psxdata,2026-05-11T12:52:10
HUMNL,2023-09-25,5.8,5.88,5.58,5.62,3763000,psxdata,2026-05-11T12:52:10
HUMNL,2023-09-26,5.62,5.62,5.46,5.48,1925000,psxdata,2026-05-11T12:52:10
HUMNL,2023-09-27,5.55,5.55,5.45,5.48,1739500,psxdata,2026-05-11T12:52:10
HUMNL,2023-09-28,5.47,5.53,5.42,5.5,3743000,psxdata,2026-05-11T12:52:10
HUMNL,2023-10-02,5.53,5.66,5.48,5.64,1994500,psxdata,2026-05-11T12:52:10
HUMNL,2023-10-03,5.6,5.68,5.55,5.57,415000,psxdata,2026-05-11T12:52:10
HUMNL,2023-10-04,5.6,5.64,5.5,5.51,711000,psxdata,2026-05-11T12:52:10
HUMNL,2023-10-05,5.58,5.63,5.5,5.59,1310000,psxdata,2026-05-11T12:52:10
HUMNL,2023-10-06,5.56,5.59,5.49,5.52,1460000,psxdata,2026-05-11T12:52:10
HUMNL,2023-10-09,5.51,5.54,5.46,5.5,1112500,psxdata,2026-05-11T12:52:10
HUMNL,2023-10-10,5.5,5.62,5.45,5.54,1339000,psxdata,2026-05-11T12:52:10
HUMNL,2023-10-11,5.56,5.56,5.5,5.51,1469500,psxdata,2026-05-11T12:52:10
HUMNL,2023-10-12,5.53,5.53,5.45,5.47,1723500,psxdata,2026-05-11T12:52:10
HUMNL,2023-10-13,5.54,5.69,5.48,5.58,4932500,psxdata,2026-05-11T12:52:10
HUMNL,2023-10-16,5.6,5.72,5.58,5.63,6131000,psxdata,2026-05-11T12:52:10
HUMNL,2023-10-17,5.64,5.64,5.57,5.6,1855000,psxdata,2026-05-11T12:52:10
HUMNL,2023-10-18,5.64,5.81,5.56,5.66,7859500,psxdata,2026-05-11T12:52:10
HUMNL,2023-10-19,5.67,5.73,5.58,5.69,4855000,psxdata,2026-05-11T12:52:10
HUMNL,2023-10-20,5.62,5.79,5.61,5.66,3560500,psxdata,2026-05-11T12:52:10
HUMNL,2023-10-23,5.67,5.72,5.64,5.65,2027500,psxdata,2026-05-11T12:52:10
HUMNL,2023-10-24,5.62,5.66,5.48,5.5,2789500,psxdata,2026-05-11T12:52:10
HUMNL,2023-10-25,5.51,5.6,5.47,5.53,2105500,psxdata,2026-05-11T12:52:10
HUMNL,2023-10-26,5.52,5.57,5.46,5.48,844500,psxdata,2026-05-11T12:52:10
HUMNL,2023-10-27,5.48,5.69,5.37,5.6,7698500,psxdata,2026-05-11T12:52:10
HUMNL,2023-10-30,5.51,5.58,5.47,5.56,900000,psxdata,2026-05-11T12:52:10
HUMNL,2023-10-31,5.69,5.69,5.55,5.65,3613000,psxdata,2026-05-11T12:52:10
HUMNL,2023-11-01,5.67,5.71,5.55,5.6,2182500,psxdata,2026-05-11T12:52:10
HUMNL,2023-11-02,5.61,5.98,5.61,5.73,10396000,psxdata,2026-05-11T12:52:10
HUMNL,2023-11-03,5.71,6.04,5.71,5.89,11249000,psxdata,2026-05-11T12:52:10
HUMNL,2023-11-06,5.9,6.2,5.77,6.17,29881000,psxdata,2026-05-11T12:52:10
HUMNL,2023-11-07,6.29,6.53,6.25,6.3,26542500,psxdata,2026-05-11T12:52:10
HUMNL,2023-11-08,6.32,6.8,6.3,6.72,31180500,psxdata,2026-05-11T12:52:10
HUMNL,2023-11-10,6.8,7.3,6.79,7.23,42409000,psxdata,2026-05-11T12:52:10
HUMNL,2023-11-13,7.3,7.65,7.11,7.25,32478500,psxdata,2026-05-11T12:52:10
HUMNL,2023-11-14,7.39,7.4,7.05,7.18,10688000,psxdata,2026-05-11T12:52:10
HUMNL,2023-11-15,7.22,7.3,7.02,7.06,6986000,psxdata,2026-05-11T12:52:10
HUMNL,2023-11-16,7.05,7.36,6.96,7.1,11501500,psxdata,2026-05-11T12:52:10
HUMNL,2023-11-17,7.14,7.95,7.13,7.45,37792500,psxdata,2026-05-11T12:52:10
HUMNL,2023-11-20,7.55,7.9,7.25,7.67,28836500,psxdata,2026-05-11T12:52:10
HUMNL,2023-11-21,7.71,8.35,7.71,7.99,38044000,psxdata,2026-05-11T12:52:10
HUMNL,2023-11-22,8.11,8.2,7.9,7.98,12580500,psxdata,2026-05-11T12:52:10
HUMNL,2023-11-23,7.92,8.31,7.8,8.01,19995000,psxdata,2026-05-11T12:52:10
HUMNL,2023-11-24,8.1,8.24,7.85,7.9,12879500,psxdata,2026-05-11T12:52:10
HUMNL,2023-11-27,7.5,8.04,7.5,7.9,8028500,psxdata,2026-05-11T12:52:10
HUMNL,2023-11-28,7.9,8.15,7.75,7.79,9605000,psxdata,2026-05-11T12:52:10
HUMNL,2023-11-29,7.72,7.89,7.32,7.37,4973000,psxdata,2026-05-11T12:52:10
HUMNL,2023-11-30,7.42,7.7,7.16,7.24,5234000,psxdata,2026-05-11T12:52:10
HUMNL,2023-12-01,7.43,7.82,7.21,7.69,22004000,psxdata,2026-05-11T12:52:10
HUMNL,2023-12-04,7.75,7.9,7.58,7.65,9105500,psxdata,2026-05-11T12:52:10
HUMNL,2023-12-05,7.78,7.78,7.4,7.61,3095000,psxdata,2026-05-11T12:52:10
HUMNL,2023-12-06,7.55,8.15,7.55,7.98,22279500,psxdata,2026-05-11T12:52:10
HUMNL,2023-12-07,8.08,8.55,7.9,7.98,40175500,psxdata,2026-05-11T12:52:10
HUMNL,2023-12-08,8.01,8.2,7.88,8.04,7539000,psxdata,2026-05-11T12:52:10
HUMNL,2023-12-11,8.0,8.09,7.79,7.92,3809000,psxdata,2026-05-11T12:52:10
HUMNL,2023-12-12,8.0,8.07,7.84,7.89,5531500,psxdata,2026-05-11T12:52:10
HUMNL,2023-12-13,7.9,8.02,7.1,7.31,14801000,psxdata,2026-05-11T12:52:10
HUMNL,2023-12-14,7.33,7.59,7.28,7.41,5800500,psxdata,2026-05-11T12:52:10
HUMNL,2023-12-15,7.45,7.92,7.45,7.7,11470500,psxdata,2026-05-11T12:52:10
HUMNL,2023-12-18,7.9,7.95,7.51,7.6,5216000,psxdata,2026-05-11T12:52:10
HUMNL,2023-12-19,7.68,7.73,6.7,6.97,10614500,psxdata,2026-05-11T12:52:10
HUMNL,2023-12-20,7.01,7.02,6.4,6.92,11591500,psxdata,2026-05-11T12:52:10
HUMNL,2023-12-21,7.01,7.22,6.77,7.13,1727500,psxdata,2026-05-11T12:52:10
HUMNL,2023-12-22,7.29,7.29,6.83,6.88,696000,psxdata,2026-05-11T12:52:10
HUMNL,2023-12-26,6.88,6.88,6.2,6.43,7645500,psxdata,2026-05-11T12:52:10
HUMNL,2023-12-27,6.4,6.84,6.36,6.72,3997500,psxdata,2026-05-11T12:52:10
HUMNL,2023-12-28,6.75,7.08,6.67,6.73,9848500,psxdata,2026-05-11T12:52:10
HUMNL,2023-12-29,6.74,7.03,6.51,6.85,6466000,psxdata,2026-05-11T12:52:10
HUMNL,2024-01-01,6.78,7.25,6.75,7.22,5653000,psxdata,2026-05-11T12:52:10
HUMNL,2024-01-02,7.29,7.29,6.87,6.91,3609000,psxdata,2026-05-11T12:52:10
HUMNL,2024-01-03,6.9,7.09,6.8,6.86,2291500,psxdata,2026-05-11T12:52:10
HUMNL,2024-01-04,6.95,6.95,6.62,6.71,1831000,psxdata,2026-05-11T12:52:10
HUMNL,2024-01-05,6.75,6.85,6.61,6.7,4176500,psxdata,2026-05-11T12:52:10
HUMNL,2024-01-08,6.89,6.89,6.57,6.62,4477500,psxdata,2026-05-11T12:52:10
HUMNL,2024-01-09,6.66,6.84,6.48,6.67,2461500,psxdata,2026-05-11T12:52:10
HUMNL,2024-01-10,6.6,6.79,6.56,6.65,4261500,psxdata,2026-05-11T12:52:10
HUMNL,2024-01-11,6.6,6.69,6.57,6.61,1119000,psxdata,2026-05-11T12:52:10
HUMNL,2024-01-12,6.7,6.75,6.5,6.68,1810000,psxdata,2026-05-11T12:52:10
HUMNL,2024-01-15,6.74,6.74,6.46,6.51,1238500,psxdata,2026-05-11T12:52:10
HUMNL,2024-01-16,6.54,6.55,6.4,6.5,948500,psxdata,2026-05-11T12:52:10
HUMNL,2024-01-17,6.5,6.54,6.42,6.5,728500,psxdata,2026-05-11T12:52:10
HUMNL,2024-01-18,6.42,6.51,6.36,6.48,1152000,psxdata,2026-05-11T12:52:10
HUMNL,2024-01-19,6.33,6.6,6.1,6.37,798000,psxdata,2026-05-11T12:52:10
HUMNL,2024-01-22,6.31,6.4,6.3,6.33,84000,psxdata,2026-05-11T12:52:10
HUMNL,2024-01-23,6.24,6.45,6.2,6.42,465500,psxdata,2026-05-11T12:52:10
HUMNL,2024-01-24,6.33,6.66,6.28,6.32,3394500,psxdata,2026-05-11T12:52:10
HUMNL,2024-01-25,6.39,6.6,6.29,6.46,5431500,psxdata,2026-05-11T12:52:10
HUMNL,2024-01-26,6.32,6.9,6.32,6.56,8099000,psxdata,2026-05-11T12:52:10
HUMNL,2024-01-29,6.6,6.6,6.15,6.3,3325500,psxdata,2026-05-11T12:52:10
HUMNL,2024-01-30,6.25,6.39,6.0,6.22,2791000,psxdata,2026-05-11T12:52:10
HUMNL,2024-01-31,6.34,6.54,6.19,6.2,971500,psxdata,2026-05-11T12:52:10
HUMNL,2024-02-01,6.21,6.5,6.21,6.39,2378000,psxdata,2026-05-11T12:52:10
HUMNL,2024-02-02,6.4,6.47,6.35,6.38,486000,psxdata,2026-05-11T12:52:10
HUMNL,2024-02-06,6.43,6.63,6.43,6.6,2048000,psxdata,2026-05-11T12:52:10
HUMNL,2024-02-07,6.59,6.88,6.55,6.8,3566500,psxdata,2026-05-11T12:52:10
HUMNL,2024-02-09,6.79,6.79,6.45,6.64,706500,psxdata,2026-05-11T12:52:10
HUMNL,2024-02-12,6.51,6.79,6.19,6.25,2595000,psxdata,2026-05-11T12:52:10
HUMNL,2024-02-13,6.18,6.45,6.1,6.27,1766000,psxdata,2026-05-11T12:52:10
HUMNL,2024-02-14,6.31,6.61,6.31,6.59,1786000,psxdata,2026-05-11T12:52:10
HUMNL,2024-02-15,6.4,6.58,6.31,6.41,178500,psxdata,2026-05-11T12:52:10
HUMNL,2024-02-16,6.31,6.55,6.3,6.47,7194000,psxdata,2026-05-11T12:52:10
HUMNL,2024-02-19,6.47,6.5,6.31,6.48,3757000,psxdata,2026-05-11T12:52:10
HUMNL,2024-02-20,6.5,6.5,6.3,6.32,565000,psxdata,2026-05-11T12:52:10
HUMNL,2024-02-21,6.41,6.55,6.4,6.45,639000,psxdata,2026-05-11T12:52:10
HUMNL,2024-02-22,6.5,6.64,6.37,6.58,807500,psxdata,2026-05-11T12:52:10
HUMNL,2024-02-23,6.6,6.78,6.48,6.55,2576000,psxdata,2026-05-11T12:52:10
HUMNL,2024-02-26,6.6,6.74,6.55,6.61,3707000,psxdata,2026-05-11T12:52:10
HUMNL,2024-02-27,6.73,6.73,6.52,6.63,529000,psxdata,2026-05-11T12:52:10
HUMNL,2024-02-28,6.7,6.75,6.6,6.65,2676000,psxdata,2026-05-11T12:52:10
HUMNL,2024-02-29,6.77,6.93,6.55,6.71,7963000,psxdata,2026-05-11T12:52:10
HUMNL,2024-03-01,6.76,6.94,6.62,6.87,4883500,psxdata,2026-05-11T12:52:10
HUMNL,2024-03-04,6.99,7.11,6.88,7.03,2832000,psxdata,2026-05-11T12:52:10
HUMNL,2024-03-05,7.03,7.07,6.75,6.83,548500,psxdata,2026-05-11T12:52:10
HUMNL,2024-03-06,6.81,6.92,6.61,6.73,891500,psxdata,2026-05-11T12:52:10
HUMNL,2024-03-07,6.7,6.77,6.6,6.71,604500,psxdata,2026-05-11T12:52:10
HUMNL,2024-03-08,6.78,7.2,6.71,6.9,1935500,psxdata,2026-05-11T12:52:10
HUMNL,2024-03-11,6.95,7.0,6.82,6.86,1057500,psxdata,2026-05-11T12:52:10
HUMNL,2024-03-12,6.8,6.95,6.5,6.68,357500,psxdata,2026-05-11T12:52:10
HUMNL,2024-03-13,6.68,6.7,6.4,6.51,3016500,psxdata,2026-05-11T12:52:10
HUMNL,2024-03-14,6.51,6.7,6.5,6.63,3374500,psxdata,2026-05-11T12:52:10
HUMNL,2024-03-15,6.7,6.7,6.63,6.67,218500,psxdata,2026-05-11T12:52:10
HUMNL,2024-03-18,6.57,6.73,6.57,6.69,110500,psxdata,2026-05-11T12:52:10
HUMNL,2024-03-19,6.52,6.86,6.52,6.63,539500,psxdata,2026-05-11T12:52:10
HUMNL,2024-03-20,6.6,6.72,6.56,6.63,288500,psxdata,2026-05-11T12:52:10
HUMNL,2024-03-21,6.63,6.63,6.47,6.49,912500,psxdata,2026-05-11T12:52:10
HUMNL,2024-03-22,6.5,6.59,6.35,6.55,433500,psxdata,2026-05-11T12:52:10
HUMNL,2024-03-25,6.55,6.8,6.39,6.74,2682000,psxdata,2026-05-11T12:52:10
HUMNL,2024-03-26,6.55,6.74,6.47,6.54,2579000,psxdata,2026-05-11T12:52:10
HUMNL,2024-03-27,6.54,6.6,6.36,6.54,4469000,psxdata,2026-05-11T12:52:10
HUMNL,2024-03-28,6.69,6.69,6.45,6.6,2535500,psxdata,2026-05-11T12:52:10
HUMNL,2024-03-29,6.68,6.7,6.47,6.57,880000,psxdata,2026-05-11T12:52:10
HUMNL,2024-04-01,6.5,6.59,6.42,6.5,185000,psxdata,2026-05-11T12:52:10
HUMNL,2024-04-02,6.5,6.54,6.3,6.35,2958500,psxdata,2026-05-11T12:52:10
HUMNL,2024-04-03,6.37,6.7,6.36,6.61,4133500,psxdata,2026-05-11T12:52:10
HUMNL,2024-04-04,6.6,6.68,6.51,6.66,676000,psxdata,2026-05-11T12:52:10
HUMNL,2024-04-08,6.41,6.8,6.41,6.78,1824500,psxdata,2026-05-11T12:52:10
HUMNL,2024-04-09,6.7,6.85,6.63,6.82,1866000,psxdata,2026-05-11T12:52:10
HUMNL,2024-04-15,6.89,6.98,6.65,6.74,1299000,psxdata,2026-05-11T12:52:10
HUMNL,2024-04-16,6.8,6.81,6.7,6.74,700500,psxdata,2026-05-11T12:52:10
HUMNL,2024-04-17,6.66,6.75,6.64,6.7,1294000,psxdata,2026-05-11T12:52:10
HUMNL,2024-04-18,6.65,6.72,6.59,6.7,571000,psxdata,2026-05-11T12:52:10
HUMNL,2024-04-19,6.76,6.76,6.6,6.69,484000,psxdata,2026-05-11T12:52:10
HUMNL,2024-04-22,6.65,6.88,6.65,6.84,1119500,psxdata,2026-05-11T12:52:10
HUMNL,2024-04-23,6.85,6.99,6.65,6.73,1468500,psxdata,2026-05-11T12:52:10
HUMNL,2024-04-24,6.8,6.88,6.6,6.84,3515000,psxdata,2026-05-11T12:52:10
HUMNL,2024-04-25,6.82,7.09,6.7,6.97,2501000,psxdata,2026-05-11T12:52:10
HUMNL,2024-04-26,7.08,7.11,6.8,7.05,3450000,psxdata,2026-05-11T12:52:10
HUMNL,2024-04-29,7.14,7.43,7.05,7.09,5321000,psxdata,2026-05-11T12:52:10
HUMNL,2024-04-30,7.08,7.2,6.95,7.03,3485500,psxdata,2026-05-11T12:52:10
HUMNL,2024-05-02,7.0,7.1,6.94,6.95,2006000,psxdata,2026-05-11T12:52:10
HUMNL,2024-05-03,6.75,7.15,6.75,7.12,3497500,psxdata,2026-05-11T12:52:10
HUMNL,2024-05-06,7.06,7.18,6.83,7.03,1925240,psxdata,2026-05-11T12:52:10
HUMNL,2024-05-07,7.09,8.03,6.96,8.03,27029687,psxdata,2026-05-11T12:52:10
HUMNL,2024-05-08,8.1,9.03,8.1,9.03,56105156,psxdata,2026-05-11T12:52:10
HUMNL,2024-05-09,9.56,10.03,9.52,10.03,10744360,psxdata,2026-05-11T12:52:10
HUMNL,2024-05-10,11.03,11.03,9.4,9.7,51463445,psxdata,2026-05-11T12:52:10
HUMNL,2024-05-13,9.8,10.57,9.61,9.82,29028603,psxdata,2026-05-11T12:52:10
HUMNL,2024-05-14,9.9,9.98,9.2,9.61,10281355,psxdata,2026-05-11T12:52:10
HUMNL,2024-05-15,9.68,10.45,9.45,9.95,35681587,psxdata,2026-05-11T12:52:10
HUMNL,2024-05-16,10.0,10.14,9.66,9.77,6170188,psxdata,2026-05-11T12:52:10
HUMNL,2024-05-17,9.85,10.28,9.84,9.97,9544594,psxdata,2026-05-11T12:52:10
HUMNL,2024-05-20,9.94,10.97,9.8,10.9,30918735,psxdata,2026-05-11T12:52:10
HUMNL,2024-05-21,11.16,11.9,11.16,11.9,18656463,psxdata,2026-05-11T12:52:10
HUMNL,2024-05-22,12.25,12.9,11.46,12.03,71273077,psxdata,2026-05-11T12:52:10
HUMNL,2024-05-23,11.98,12.29,11.25,11.4,17424536,psxdata,2026-05-11T12:52:10
HUMNL,2024-05-24,11.45,12.37,11.28,12.25,27752033,psxdata,2026-05-11T12:52:10
HUMNL,2024-05-27,12.3,12.75,12.16,12.5,18613734,psxdata,2026-05-11T12:52:10
HUMNL,2024-05-29,12.5,12.5,11.9,12.0,10168447,psxdata,2026-05-11T12:52:10
HUMNL,2024-05-30,11.86,12.25,11.56,11.92,14406307,psxdata,2026-05-11T12:52:10
HUMNL,2024-05-31,11.99,12.2,11.77,11.85,15771634,psxdata,2026-05-11T12:52:10
HUMNL,2024-06-03,11.85,11.96,11.62,11.9,10198333,psxdata,2026-05-11T12:52:10
HUMNL,2024-06-04,11.9,11.95,10.9,10.97,15798370,psxdata,2026-05-11T12:52:10
HUMNL,2024-06-05,11.0,11.05,10.45,10.51,10057058,psxdata,2026-05-11T12:52:10
HUMNL,2024-06-06,10.75,10.75,10.2,10.32,6490829,psxdata,2026-05-11T12:52:10
HUMNL,2024-06-07,10.15,10.6,9.7,10.46,12922024,psxdata,2026-05-11T12:52:10
HUMNL,2024-06-10,10.5,11.0,10.01,10.76,6584351,psxdata,2026-05-11T12:52:10
HUMNL,2024-06-11,10.85,10.89,10.25,10.61,6793820,psxdata,2026-05-11T12:52:10
HUMNL,2024-06-12,10.74,10.87,10.5,10.73,3912780,psxdata,2026-05-11T12:52:10
HUMNL,2024-06-13,10.78,11.04,10.65,10.73,7147955,psxdata,2026-05-11T12:52:10
HUMNL,2024-06-14,10.85,10.85,10.48,10.52,3311522,psxdata,2026-05-11T12:52:10
HUMNL,2024-06-20,10.55,10.78,10.25,10.53,15858602,psxdata,2026-05-11T12:52:10
HUMNL,2024-06-21,10.53,11.53,10.53,11.13,41927227,psxdata,2026-05-11T12:52:10
HUMNL,2024-06-24,11.14,11.2,10.78,10.85,10825919,psxdata,2026-05-11T12:52:10
HUMNL,2024-06-25,10.99,10.99,10.76,10.79,4177313,psxdata,2026-05-11T12:52:10
HUMNL,2024-06-26,10.81,11.08,10.71,10.75,18174655,psxdata,2026-05-11T12:52:10
HUMNL,2024-06-27,10.75,10.89,10.4,10.52,2755938,psxdata,2026-05-11T12:52:10
HUMNL,2024-06-28,10.7,10.7,10.24,10.26,2926562,psxdata,2026-05-11T12:52:10
HUMNL,2024-07-01,10.48,10.48,10.2,10.26,3009903,psxdata,2026-05-11T12:52:10
HUMNL,2024-07-02,10.3,10.9,10.25,10.64,6726213,psxdata,2026-05-11T12:52:10
HUMNL,2024-07-03,10.79,11.05,10.63,10.74,12601867,psxdata,2026-05-11T12:52:10
HUMNL,2024-07-04,11.0,11.0,10.55,10.73,7827624,psxdata,2026-05-11T12:52:10
HUMNL,2024-07-05,10.71,11.05,10.5,10.86,16562332,psxdata,2026-05-11T12:52:10
HUMNL,2024-07-08,10.97,11.65,10.91,11.36,20667563,psxdata,2026-05-11T12:52:10
HUMNL,2024-07-09,11.3,12.34,11.3,12.1,40059841,psxdata,2026-05-11T12:52:10
HUMNL,2024-07-10,12.3,12.6,11.86,11.93,18552920,psxdata,2026-05-11T12:52:10
HUMNL,2024-07-11,11.92,12.4,11.7,11.77,9818379,psxdata,2026-05-11T12:52:10
HUMNL,2024-07-12,11.88,11.88,10.84,11.43,9373211,psxdata,2026-05-11T12:52:10
HUMNL,2024-07-15,11.51,11.85,11.3,11.35,3898522,psxdata,2026-05-11T12:52:10
HUMNL,2024-07-18,11.15,11.7,11.15,11.43,5659157,psxdata,2026-05-11T12:52:10
HUMNL,2024-07-19,11.49,11.5,10.61,10.77,4942158,psxdata,2026-05-11T12:52:10
HUMNL,2024-07-22,10.79,11.11,10.3,10.37,2988445,psxdata,2026-05-11T12:52:10
HUMNL,2024-07-23,10.42,10.75,10.3,10.41,1669665,psxdata,2026-05-11T12:52:10
HUMNL,2024-07-24,10.4,10.61,10.32,10.45,1309635,psxdata,2026-05-11T12:52:10
HUMNL,2024-07-25,10.45,10.5,10.24,10.25,3236729,psxdata,2026-05-11T12:52:10
HUMNL,2024-07-26,10.24,10.4,10.02,10.1,3252109,psxdata,2026-05-11T12:52:10
HUMNL,2024-07-29,10.3,10.65,10.17,10.52,3020527,psxdata,2026-05-11T12:52:10
HUMNL,2024-07-30,10.64,10.64,10.34,10.38,1525327,psxdata,2026-05-11T12:52:10
HUMNL,2024-07-31,10.38,10.45,10.0,10.11,791148,psxdata,2026-05-11T12:52:10
HUMNL,2024-08-01,10.25,10.3,10.0,10.14,878341,psxdata,2026-05-11T12:52:10
HUMNL,2024-08-02,10.3,10.32,10.0,10.05,687426,psxdata,2026-05-11T12:52:10
HUMNL,2024-08-05,10.1,10.1,9.74,9.8,4224677,psxdata,2026-05-11T12:52:10
HUMNL,2024-08-06,9.97,10.19,9.72,10.0,2192982,psxdata,2026-05-11T12:52:10
HUMNL,2024-08-07,10.2,10.42,10.01,10.2,1604020,psxdata,2026-05-11T12:52:10
HUMNL,2024-08-08,10.39,10.39,9.8,9.82,2479359,psxdata,2026-05-11T12:52:10
HUMNL,2024-08-09,9.99,9.99,9.61,9.7,3887381,psxdata,2026-05-11T12:52:10
HUMNL,2024-08-12,9.78,9.78,9.55,9.62,1478380,psxdata,2026-05-11T12:52:10
HUMNL,2024-08-13,9.54,9.69,9.47,9.52,1161937,psxdata,2026-05-11T12:52:10
HUMNL,2024-08-15,9.55,9.75,9.37,9.54,1997951,psxdata,2026-05-11T12:52:10
HUMNL,2024-08-16,9.8,9.8,9.28,9.31,1323065,psxdata,2026-05-11T12:52:10
HUMNL,2024-08-19,9.37,9.44,9.05,9.3,1940602,psxdata,2026-05-11T12:52:10
HUMNL,2024-08-20,9.39,10.3,9.18,10.3,4602735,psxdata,2026-05-11T12:52:10
HUMNL,2024-08-21,10.72,11.2,10.55,10.67,15459018,psxdata,2026-05-11T12:52:10
HUMNL,2024-08-22,10.9,10.97,10.3,10.53,6641758,psxdata,2026-05-11T12:52:10
HUMNL,2024-08-23,10.45,10.6,10.01,10.12,2390232,psxdata,2026-05-11T12:52:10
HUMNL,2024-08-26,10.16,10.35,10.02,10.25,1399220,psxdata,2026-05-11T12:52:10
HUMNL,2024-08-27,10.25,11.28,10.01,11.28,12385704,psxdata,2026-05-11T12:52:10
HUMNL,2024-08-28,11.35,11.83,11.1,11.14,17500483,psxdata,2026-05-11T12:52:10
HUMNL,2024-08-29,11.29,11.49,10.92,11.1,3529493,psxdata,2026-05-11T12:52:10
HUMNL,2024-08-30,11.15,11.35,10.98,11.19,2882347,psxdata,2026-05-11T12:52:10
HUMNL,2024-09-02,11.3,11.3,10.65,10.71,2526939,psxdata,2026-05-11T12:52:10
HUMNL,2024-09-03,10.7,11.02,10.65,10.68,1219086,psxdata,2026-05-11T12:52:10
HUMNL,2024-09-04,10.85,11.75,10.85,11.52,15282494,psxdata,2026-05-11T12:52:10
HUMNL,2024-09-05,11.65,11.7,11.15,11.41,4561085,psxdata,2026-05-11T12:52:10
HUMNL,2024-09-06,11.3,11.44,11.15,11.3,649087,psxdata,2026-05-11T12:52:10
HUMNL,2024-09-09,11.32,11.32,10.9,10.92,1563439,psxdata,2026-05-11T12:52:10
HUMNL,2024-09-10,11.0,11.0,10.52,10.73,2149443,psxdata,2026-05-11T12:52:10
HUMNL,2024-09-11,10.9,11.55,10.8,10.94,14490082,psxdata,2026-05-11T12:52:10
HUMNL,2024-09-12,11.05,11.25,10.8,10.96,4083692,psxdata,2026-05-11T12:52:10
HUMNL,2024-09-13,11.45,11.46,10.9,10.95,4090240,psxdata,2026-05-11T12:52:10
HUMNL,2024-09-16,10.8,11.13,10.75,10.82,1609358,psxdata,2026-05-11T12:52:10
HUMNL,2024-09-18,10.82,11.15,10.8,10.93,1860412,psxdata,2026-05-11T12:52:10
HUMNL,2024-09-19,11.12,11.26,10.75,10.82,5394561,psxdata,2026-05-11T12:52:10
HUMNL,2024-09-20,10.89,10.98,10.42,10.53,2906298,psxdata,2026-05-11T12:52:10
HUMNL,2024-09-23,10.77,10.77,10.26,10.37,1033592,psxdata,2026-05-11T12:52:10
HUMNL,2024-09-24,10.48,10.49,9.82,9.96,3022819,psxdata,2026-05-11T12:52:10
HUMNL,2024-09-25,9.85,10.38,9.85,10.22,1238878,psxdata,2026-05-11T12:52:10
HUMNL,2024-09-26,10.35,10.4,9.95,10.09,2080680,psxdata,2026-05-11T12:52:10
HUMNL,2024-09-27,10.24,10.25,9.6,9.7,1306961,psxdata,2026-05-11T12:52:10
HUMNL,2024-09-30,9.99,9.99,9.55,9.86,1108729,psxdata,2026-05-11T12:52:10
HUMNL,2024-10-01,9.99,10.19,9.8,10.03,1480577,psxdata,2026-05-11T12:52:10
HUMNL,2024-10-02,10.29,10.29,9.75,9.82,1625961,psxdata,2026-05-11T12:52:10
HUMNL,2024-10-03,10.05,10.05,9.8,9.93,966495,psxdata,2026-05-11T12:52:10
HUMNL,2024-10-04,9.89,10.2,9.7,9.96,5826627,psxdata,2026-05-11T12:52:10
HUMNL,2024-10-07,10.1,10.96,9.91,10.96,11199293,psxdata,2026-05-11T12:52:10
HUMNL,2024-10-08,11.25,11.98,11.25,11.53,13421106,psxdata,2026-05-11T12:52:10
HUMNL,2024-10-09,11.6,11.7,11.12,11.21,3441021,psxdata,2026-05-11T12:52:10
HUMNL,2024-10-10,11.27,12.33,10.75,12.33,17551860,psxdata,2026-05-11T12:52:10
HUMNL,2024-10-11,12.5,13.56,12.02,13.56,32955417,psxdata,2026-05-11T12:52:10
HUMNL,2024-10-14,13.87,14.59,13.76,14.18,14785316,psxdata,2026-05-11T12:52:10
HUMNL,2024-10-15,14.18,14.65,13.52,14.1,7881494,psxdata,2026-05-11T12:52:10
HUMNL,2024-10-16,14.0,15.4,13.81,14.24,22574161,psxdata,2026-05-11T12:52:10
HUMNL,2024-10-17,14.39,14.39,13.35,13.49,7024885,psxdata,2026-05-11T12:52:10
HUMNL,2024-10-18,13.49,13.89,13.0,13.18,8917388,psxdata,2026-05-11T12:52:10
HUMNL,2024-10-21,13.25,14.5,13.03,14.01,17753929,psxdata,2026-05-11T12:52:10
HUMNL,2024-10-22,14.24,14.65,13.9,14.06,10258713,psxdata,2026-05-11T12:52:10
HUMNL,2024-10-23,14.1,14.72,14.0,14.31,7951469,psxdata,2026-05-11T12:52:10
HUMNL,2024-10-24,14.45,14.75,14.23,14.41,6283679,psxdata,2026-05-11T12:52:10
HUMNL,2024-10-25,14.41,14.7,13.99,14.03,6891792,psxdata,2026-05-11T12:52:10
HUMNL,2024-10-28,14.15,14.37,13.61,13.65,7249577,psxdata,2026-05-11T12:52:10
HUMNL,2024-10-29,13.76,14.16,12.68,12.79,10596118,psxdata,2026-05-11T12:52:10
HUMNL,2024-10-30,12.88,13.99,12.7,13.35,18974828,psxdata,2026-05-11T12:52:10
HUMNL,2024-10-31,13.5,13.71,13.2,13.27,3105260,psxdata,2026-05-11T12:52:10
HUMNL,2024-11-01,13.12,13.6,13.06,13.5,2597661,psxdata,2026-05-11T12:52:10
HUMNL,2024-11-04,13.5,13.74,13.25,13.33,4845393,psxdata,2026-05-11T12:52:10
HUMNL,2024-11-05,13.33,14.66,13.33,14.66,15318781,psxdata,2026-05-11T12:52:10
HUMNL,2024-11-06,14.8,15.1,14.2,14.56,14107625,psxdata,2026-05-11T12:52:10
HUMNL,2024-11-07,14.57,15.44,14.56,15.17,12244440,psxdata,2026-05-11T12:52:10
HUMNL,2024-11-08,15.2,16.2,15.1,15.9,30588373,psxdata,2026-05-11T12:52:10
HUMNL,2024-11-11,15.84,15.84,15.15,15.3,6634934,psxdata,2026-05-11T12:52:10
HUMNL,2024-11-12,15.3,15.35,14.52,14.75,4118010,psxdata,2026-05-11T12:52:10
HUMNL,2024-11-13,14.97,14.97,14.4,14.68,6071852,psxdata,2026-05-11T12:52:10
HUMNL,2024-11-14,14.95,15.4,14.62,15.07,9799262,psxdata,2026-05-11T12:52:10
HUMNL,2024-11-15,15.07,15.25,14.75,14.81,1672959,psxdata,2026-05-11T12:52:10
HUMNL,2024-11-18,14.99,15.26,14.74,14.82,3220992,psxdata,2026-05-11T12:52:10
HUMNL,2024-11-19,14.97,14.97,14.57,14.63,2021983,psxdata,2026-05-11T12:52:10
HUMNL,2024-11-20,14.7,14.9,14.15,14.31,3610011,psxdata,2026-05-11T12:52:10
HUMNL,2024-11-21,14.31,14.66,14.12,14.56,3200555,psxdata,2026-05-11T12:52:10
HUMNL,2024-11-22,14.51,14.95,13.7,13.75,5316439,psxdata,2026-05-11T12:52:10
HUMNL,2024-11-25,13.6,14.69,13.6,14.51,5645563,psxdata,2026-05-11T12:52:10
HUMNL,2024-11-26,14.45,14.45,13.3,13.49,7915506,psxdata,2026-05-11T12:52:10
HUMNL,2024-11-27,13.75,14.18,13.7,14.01,6086914,psxdata,2026-05-11T12:52:10
HUMNL,2024-11-28,14.05,14.66,13.86,14.1,8411150,psxdata,2026-05-11T12:52:10
HUMNL,2024-11-29,14.1,14.88,14.0,14.73,6801739,psxdata,2026-05-11T12:52:10
HUMNL,2024-12-02,14.89,15.32,14.75,15.13,7164920,psxdata,2026-05-11T12:52:10
HUMNL,2024-12-03,15.25,15.34,14.75,14.89,2963842,psxdata,2026-05-11T12:52:10
HUMNL,2024-12-04,14.85,15.08,14.52,14.95,2940368,psxdata,2026-05-11T12:52:10
HUMNL,2024-12-05,14.7,15.65,14.7,15.34,6510379,psxdata,2026-05-11T12:52:10
HUMNL,2024-12-06,15.34,15.34,14.36,14.77,3409241,psxdata,2026-05-11T12:52:10
HUMNL,2024-12-09,14.94,15.3,14.38,14.67,5692811,psxdata,2026-05-11T12:52:10
HUMNL,2024-12-10,14.75,14.9,13.86,14.0,5053061,psxdata,2026-05-11T12:52:10
HUMNL,2024-12-11,14.19,14.3,13.85,14.05,1600070,psxdata,2026-05-11T12:52:10
HUMNL,2024-12-12,14.29,14.61,14.16,14.45,3156756,psxdata,2026-05-11T12:52:10
HUMNL,2024-12-13,14.51,14.6,14.2,14.31,789092,psxdata,2026-05-11T12:52:10
HUMNL,2024-12-16,14.31,14.85,14.3,14.52,2927074,psxdata,2026-05-11T12:52:10
HUMNL,2024-12-17,14.5,14.5,13.9,14.1,1605571,psxdata,2026-05-11T12:52:10
HUMNL,2024-12-18,14.2,14.49,13.9,14.02,1267901,psxdata,2026-05-11T12:52:10
HUMNL,2024-12-19,14.0,14.1,13.2,13.6,1683891,psxdata,2026-05-11T12:52:10
HUMNL,2024-12-20,13.79,14.0,13.3,13.5,1206671,psxdata,2026-05-11T12:52:10
HUMNL,2024-12-23,13.7,13.86,13.51,13.63,2071612,psxdata,2026-05-11T12:52:10
HUMNL,2024-12-24,13.69,13.93,13.25,13.29,758882,psxdata,2026-05-11T12:52:10
HUMNL,2024-12-26,13.29,13.58,13.15,13.37,366804,psxdata,2026-05-11T12:52:10
HUMNL,2024-12-27,13.5,14.3,13.25,13.44,6040802,psxdata,2026-05-11T12:52:10
HUMNL,2024-12-30,13.7,14.09,13.52,14.02,1969093,psxdata,2026-05-11T12:52:10
HUMNL,2024-12-31,14.15,14.84,14.15,14.67,11108821,psxdata,2026-05-11T12:52:10
HUMNL,2025-01-01,14.85,15.83,14.67,15.59,20019774,psxdata,2026-05-11T12:52:10
HUMNL,2025-01-02,15.7,15.89,14.62,14.73,8214723,psxdata,2026-05-11T12:52:10
HUMNL,2025-01-03,14.6,14.99,14.11,14.56,5718299,psxdata,2026-05-11T12:52:10
HUMNL,2025-01-06,14.7,14.88,14.0,14.1,2390368,psxdata,2026-05-11T12:52:10
HUMNL,2025-01-07,14.05,14.25,13.9,14.14,804689,psxdata,2026-05-11T12:52:10
HUMNL,2025-01-08,14.15,14.35,13.7,13.86,1141261,psxdata,2026-05-11T12:52:10
HUMNL,2025-01-09,13.7,14.1,13.7,13.9,2704356,psxdata,2026-05-11T12:52:10
HUMNL,2025-01-10,13.9,14.0,13.75,13.79,1483085,psxdata,2026-05-11T12:52:10
HUMNL,2025-01-13,13.79,13.95,13.74,13.83,1141877,psxdata,2026-05-11T12:52:10
HUMNL,2025-01-14,13.98,13.98,13.6,13.81,1066728,psxdata,2026-05-11T12:52:10
HUMNL,2025-01-15,13.99,14.4,13.81,13.98,1981448,psxdata,2026-05-11T12:52:10
HUMNL,2025-01-16,13.95,14.1,13.75,13.76,939232,psxdata,2026-05-11T12:52:10
HUMNL,2025-01-17,13.9,14.0,13.75,13.82,597742,psxdata,2026-05-11T12:52:10
HUMNL,2025-01-20,14.1,14.15,13.81,14.07,664043,psxdata,2026-05-11T12:52:10
HUMNL,2025-01-21,14.1,14.3,14.0,14.14,1070756,psxdata,2026-05-11T12:52:10
HUMNL,2025-01-22,14.11,14.4,13.75,13.86,1462674,psxdata,2026-05-11T12:52:10
HUMNL,2025-01-23,13.86,13.98,13.76,13.89,249757,psxdata,2026-05-11T12:52:10
HUMNL,2025-01-24,13.91,14.3,13.9,13.92,750948,psxdata,2026-05-11T12:52:10
HUMNL,2025-01-27,14.01,14.12,13.8,13.83,846320,psxdata,2026-05-11T12:52:10
HUMNL,2025-01-28,13.95,13.95,13.71,13.81,340349,psxdata,2026-05-11T12:52:10
HUMNL,2025-01-29,13.94,13.94,13.45,13.5,873084,psxdata,2026-05-11T12:52:10
HUMNL,2025-01-30,13.7,13.7,13.3,13.59,1022972,psxdata,2026-05-11T12:52:10
HUMNL,2025-01-31,13.78,14.49,13.56,13.73,1381654,psxdata,2026-05-11T12:52:10
HUMNL,2025-02-03,13.73,13.9,13.4,13.77,542661,psxdata,2026-05-11T12:52:10
HUMNL,2025-02-04,13.88,13.9,13.3,13.41,2144667,psxdata,2026-05-11T12:52:10
HUMNL,2025-02-06,13.41,13.79,12.95,13.07,818043,psxdata,2026-05-11T12:52:10
HUMNL,2025-02-07,13.15,13.15,12.76,12.8,364847,psxdata,2026-05-11T12:52:10
HUMNL,2025-02-10,12.8,13.59,12.8,13.51,1724140,psxdata,2026-05-11T12:52:10
HUMNL,2025-02-11,13.68,13.9,13.36,13.45,1048452,psxdata,2026-05-11T12:52:10
HUMNL,2025-02-12,13.55,13.69,13.33,13.4,1090362,psxdata,2026-05-11T12:52:10
HUMNL,2025-02-13,13.85,13.85,13.4,13.61,1277586,psxdata,2026-05-11T12:52:10
HUMNL,2025-02-14,13.69,13.7,13.3,13.47,248459,psxdata,2026-05-11T12:52:10
HUMNL,2025-02-17,13.25,13.64,13.18,13.25,1461841,psxdata,2026-05-11T12:52:10
HUMNL,2025-02-18,13.41,13.41,13.05,13.33,1179563,psxdata,2026-05-11T12:52:10
HUMNL,2025-02-19,13.39,13.47,13.2,13.45,128449,psxdata,2026-05-11T12:52:10
HUMNL,2025-02-20,13.55,14.0,13.35,13.84,4242651,psxdata,2026-05-11T12:52:10
HUMNL,2025-02-21,13.95,14.7,13.95,14.32,4700666,psxdata,2026-05-11T12:52:10
HUMNL,2025-02-24,14.51,14.51,14.1,14.4,1876999,psxdata,2026-05-11T12:52:10
HUMNL,2025-02-25,14.4,14.59,14.16,14.2,2305901,psxdata,2026-05-11T12:52:10
HUMNL,2025-02-26,14.31,14.5,14.0,14.09,1008767,psxdata,2026-05-11T12:52:10
HUMNL,2025-02-27,14.25,14.38,13.7,13.82,1439383,psxdata,2026-05-11T12:52:10
HUMNL,2025-02-28,13.74,14.0,13.12,13.26,1595937,psxdata,2026-05-11T12:52:10
HUMNL,2025-03-03,13.26,13.43,12.85,12.97,864369,psxdata,2026-05-11T12:52:10
HUMNL,2025-03-04,13.33,13.33,13.0,13.08,183856,psxdata,2026-05-11T12:52:10
HUMNL,2025-03-05,13.1,13.22,12.95,12.97,144753,psxdata,2026-05-11T12:52:10
HUMNL,2025-03-06,12.88,13.25,12.88,12.96,237057,psxdata,2026-05-11T12:52:10
HUMNL,2025-03-07,13.28,13.37,13.12,13.29,608480,psxdata,2026-05-11T12:52:10
HUMNL,2025-03-10,13.45,13.49,13.2,13.34,1023881,psxdata,2026-05-11T12:52:10
HUMNL,2025-03-11,13.25,13.5,13.1,13.2,420809,psxdata,2026-05-11T12:52:10
HUMNL,2025-03-12,13.44,13.44,13.07,13.21,238360,psxdata,2026-05-11T12:52:10
HUMNL,2025-03-13,13.39,13.39,12.96,13.01,383824,psxdata,2026-05-11T12:52:10
HUMNL,2025-03-14,13.23,13.37,12.98,13.02,1073774,psxdata,2026-05-11T12:52:10
HUMNL,2025-03-17,13.0,13.3,12.98,13.02,332917,psxdata,2026-05-11T12:52:10
HUMNL,2025-03-18,12.99,13.21,12.97,13.06,612254,psxdata,2026-05-11T12:52:10
HUMNL,2025-03-19,13.0,13.24,13.0,13.18,230327,psxdata,2026-05-11T12:52:10
HUMNL,2025-03-20,13.2,13.54,13.18,13.41,1634442,psxdata,2026-05-11T12:52:10
HUMNL,2025-03-21,13.41,13.49,13.04,13.15,211458,psxdata,2026-05-11T12:52:10
HUMNL,2025-03-24,13.2,13.3,12.86,13.2,220096,psxdata,2026-05-11T12:52:10
HUMNL,2025-03-25,13.35,13.35,13.01,13.25,866529,psxdata,2026-05-11T12:52:10
HUMNL,2025-03-26,13.34,13.49,13.03,13.35,504846,psxdata,2026-05-11T12:52:10
HUMNL,2025-03-27,13.3,13.44,13.18,13.4,747233,psxdata,2026-05-11T12:52:10
HUMNL,2025-04-03,13.41,13.75,13.24,13.51,492194,psxdata,2026-05-11T12:52:10
HUMNL,2025-04-04,13.52,13.8,13.21,13.3,2388327,psxdata,2026-05-11T12:52:10
HUMNL,2025-04-07,13.01,13.26,12.26,12.85,914590,psxdata,2026-05-11T12:52:10
HUMNL,2025-04-08,12.95,13.29,12.8,13.01,572681,psxdata,2026-05-11T12:52:10
HUMNL,2025-04-09,13.29,13.29,12.3,12.52,1107585,psxdata,2026-05-11T12:52:10
HUMNL,2025-04-10,12.7,13.25,12.7,12.81,1029914,psxdata,2026-05-11T12:52:10
HUMNL,2025-04-11,12.99,13.0,12.75,12.92,229836,psxdata,2026-05-11T12:52:10
HUMNL,2025-04-14,12.6,13.2,12.6,12.99,517490,psxdata,2026-05-11T12:52:10
HUMNL,2025-04-15,13.07,13.07,12.71,13.01,481040,psxdata,2026-05-11T12:52:10
HUMNL,2025-04-16,12.92,13.2,12.92,12.99,255786,psxdata,2026-05-11T12:52:10
HUMNL,2025-04-17,12.91,13.04,12.75,13.0,1134898,psxdata,2026-05-11T12:52:10
HUMNL,2025-04-18,13.16,13.7,12.85,13.24,589201,psxdata,2026-05-11T12:52:10
HUMNL,2025-04-21,13.05,13.3,12.9,13.1,290604,psxdata,2026-05-11T12:52:10
HUMNL,2025-04-22,13.05,13.19,12.9,13.03,342920,psxdata,2026-05-11T12:52:10
HUMNL,2025-04-23,13.13,13.13,12.7,12.81,1060563,psxdata,2026-05-11T12:52:10
HUMNL,2025-04-24,12.5,12.88,12.25,12.37,501897,psxdata,2026-05-11T12:52:10
HUMNL,2025-04-25,12.37,12.6,11.2,12.07,1758284,psxdata,2026-05-11T12:52:10
HUMNL,2025-04-28,12.11,12.85,12.0,12.27,765442,psxdata,2026-05-11T12:52:10
HUMNL,2025-04-29,12.12,12.8,12.0,12.45,1171353,psxdata,2026-05-11T12:52:10
HUMNL,2025-04-30,12.64,12.64,11.9,12.23,3520589,psxdata,2026-05-11T12:52:10
HUMNL,2025-05-02,12.5,13.0,12.49,12.51,633150,psxdata,2026-05-11T12:52:10
HUMNL,2025-05-05,12.52,12.9,12.5,12.82,797051,psxdata,2026-05-11T12:52:10
HUMNL,2025-05-06,12.95,13.0,12.72,12.85,453661,psxdata,2026-05-11T12:52:10
HUMNL,2025-05-07,11.57,13.0,11.57,12.1,2278174,psxdata,2026-05-11T12:52:10
HUMNL,2025-05-08,13.3,13.3,10.89,11.44,2551142,psxdata,2026-05-11T12:52:10
HUMNL,2025-05-09,11.3,11.89,10.76,11.4,986217,psxdata,2026-05-11T12:52:10
HUMNL,2025-05-12,12.54,12.54,12.36,12.54,5888201,psxdata,2026-05-11T12:52:10
HUMNL,2025-05-13,12.6,13.0,12.45,12.93,1167408,psxdata,2026-05-11T12:52:10
HUMNL,2025-05-14,12.81,13.0,12.6,12.87,360418,psxdata,2026-05-11T12:52:10
HUMNL,2025-05-15,12.9,12.92,12.6,12.74,311132,psxdata,2026-05-11T12:52:10
HUMNL,2025-05-16,12.61,12.74,12.4,12.56,220469,psxdata,2026-05-11T12:52:10
HUMNL,2025-05-19,12.15,12.63,12.15,12.45,877152,psxdata,2026-05-11T12:52:10
HUMNL,2025-05-20,12.59,12.6,12.25,12.34,115920,psxdata,2026-05-11T12:52:10
HUMNL,2025-05-21,12.3,12.48,12.17,12.28,214269,psxdata,2026-05-11T12:52:10
HUMNL,2025-05-22,12.4,12.7,12.28,12.37,691989,psxdata,2026-05-11T12:52:10
HUMNL,2025-05-23,12.44,12.44,11.7,11.79,1906531,psxdata,2026-05-11T12:52:10
HUMNL,2025-05-26,11.95,11.95,11.56,11.65,1679861,psxdata,2026-05-11T12:52:10
HUMNL,2025-05-27,11.88,11.95,11.7,11.87,558901,psxdata,2026-05-11T12:52:10
HUMNL,2025-05-29,11.98,12.41,11.75,11.96,1309820,psxdata,2026-05-11T12:52:10
HUMNL,2025-05-30,11.89,12.2,11.8,11.95,429076,psxdata,2026-05-11T12:52:10
HUMNL,2025-06-02,11.95,12.25,11.8,11.9,453399,psxdata,2026-05-11T12:52:10
HUMNL,2025-06-03,11.9,12.1,11.71,11.93,534955,psxdata,2026-05-11T12:52:10
HUMNL,2025-06-04,11.82,12.5,11.57,12.36,1673599,psxdata,2026-05-11T12:52:10
HUMNL,2025-06-05,12.2,12.29,12.09,12.2,129794,psxdata,2026-05-11T12:52:10
HUMNL,2025-06-10,12.01,12.25,11.91,11.99,757303,psxdata,2026-05-11T12:52:10
HUMNL,2025-06-11,11.99,12.44,11.99,12.09,968359,psxdata,2026-05-11T12:52:10
HUMNL,2025-06-12,12.03,12.19,11.5,11.54,6650648,psxdata,2026-05-11T12:52:10
HUMNL,2025-06-13,11.5,11.65,11.09,11.25,1838103,psxdata,2026-05-11T12:52:10
HUMNL,2025-06-16,11.2,11.55,11.2,11.28,987172,psxdata,2026-05-11T12:52:10
HUMNL,2025-06-17,11.28,11.95,11.28,11.53,1803210,psxdata,2026-05-11T12:52:10
HUMNL,2025-06-18,11.6,11.61,11.01,11.06,2227407,psxdata,2026-05-11T12:52:10
HUMNL,2025-06-19,11.25,11.34,11.0,11.04,2312657,psxdata,2026-05-11T12:52:10
HUMNL,2025-06-20,11.14,11.47,11.09,11.12,387101,psxdata,2026-05-11T12:52:10
HUMNL,2025-06-23,10.99,11.05,10.03,10.85,1304527,psxdata,2026-05-11T12:52:10
HUMNL,2025-06-24,11.19,11.74,10.75,11.64,1776494,psxdata,2026-05-11T12:52:10
HUMNL,2025-06-25,11.73,12.8,11.31,12.71,17405704,psxdata,2026-05-11T12:52:10
HUMNL,2025-06-26,13.0,13.34,12.81,12.9,25370672,psxdata,2026-05-11T12:52:10
HUMNL,2025-06-27,13.07,13.3,12.75,12.88,9721732,psxdata,2026-05-11T12:52:10
HUMNL,2025-06-30,13.01,13.2,12.52,12.74,3163973,psxdata,2026-05-11T12:52:10
HUMNL,2025-07-01,12.8,12.95,12.6,12.71,1664969,psxdata,2026-05-11T12:52:10
HUMNL,2025-07-02,12.72,13.0,12.55,12.62,1842596,psxdata,2026-05-11T12:52:10
HUMNL,2025-07-03,12.62,12.8,12.46,12.63,3612564,psxdata,2026-05-11T12:52:10
HUMNL,2025-07-04,12.75,13.32,12.52,12.77,13268977,psxdata,2026-05-11T12:52:10
HUMNL,2025-07-07,12.83,12.99,12.6,12.64,2205121,psxdata,2026-05-11T12:52:10
HUMNL,2025-07-08,12.53,12.77,12.49,12.54,1428595,psxdata,2026-05-11T12:52:10
HUMNL,2025-07-09,12.55,12.99,12.25,12.51,2783931,psxdata,2026-05-11T12:52:10
HUMNL,2025-07-10,12.41,13.05,12.4,12.92,5062474,psxdata,2026-05-11T12:52:10
HUMNL,2025-07-11,13.0,13.05,12.6,12.68,1224484,psxdata,2026-05-11T12:52:10
HUMNL,2025-07-14,12.84,12.92,12.51,12.55,3089268,psxdata,2026-05-11T12:52:10
HUMNL,2025-07-15,12.77,12.9,12.49,12.61,2922566,psxdata,2026-05-11T12:52:10
HUMNL,2025-07-16,12.61,12.84,12.51,12.68,1748196,psxdata,2026-05-11T12:52:10
HUMNL,2025-07-17,12.51,12.89,12.51,12.83,2337692,psxdata,2026-05-11T12:52:10
HUMNL,2025-07-18,12.89,13.06,12.65,12.94,4299820,psxdata,2026-05-11T12:52:10
HUMNL,2025-07-21,12.95,12.96,12.61,12.67,889717,psxdata,2026-05-11T12:52:10
HUMNL,2025-07-22,12.8,13.5,12.65,13.13,9637758,psxdata,2026-05-11T12:52:10
HUMNL,2025-07-23,13.13,14.44,13.1,14.11,18425977,psxdata,2026-05-11T12:52:10
HUMNL,2025-07-24,14.25,14.31,13.77,14.11,6638850,psxdata,2026-05-11T12:52:10
HUMNL,2025-07-25,13.96,14.1,13.85,14.02,2157001,psxdata,2026-05-11T12:52:10
HUMNL,2025-07-28,14.1,14.55,14.03,14.47,10948407,psxdata,2026-05-11T12:52:10
HUMNL,2025-07-29,14.36,14.7,14.26,14.38,6195442,psxdata,2026-05-11T12:52:10
HUMNL,2025-07-30,14.38,14.75,14.1,14.27,3033506,psxdata,2026-05-11T12:52:10
HUMNL,2025-07-31,14.45,14.65,14.1,14.16,7309331,psxdata,2026-05-11T12:52:10
HUMNL,2025-08-01,14.32,14.49,14.0,14.32,4051144,psxdata,2026-05-11T12:52:10
HUMNL,2025-08-04,14.39,15.1,14.39,14.94,11031457,psxdata,2026-05-11T12:52:10
HUMNL,2025-08-05,14.95,14.99,14.6,14.87,2429174,psxdata,2026-05-11T12:52:10
HUMNL,2025-08-06,14.8,14.95,14.71,14.85,2477194,psxdata,2026-05-11T12:52:10
HUMNL,2025-08-07,14.95,15.35,14.88,15.16,12068008,psxdata,2026-05-11T12:52:10
HUMNL,2025-08-08,15.3,15.35,14.4,14.76,4259793,psxdata,2026-05-11T12:52:10
HUMNL,2025-08-11,14.85,15.65,14.61,15.05,14553487,psxdata,2026-05-11T12:52:10
HUMNL,2025-08-12,15.05,15.46,14.99,15.02,6806488,psxdata,2026-05-11T12:52:10
HUMNL,2025-08-13,15.03,15.5,15.0,15.21,5949608,psxdata,2026-05-11T12:52:10
HUMNL,2025-08-15,15.25,15.3,14.86,14.98,2158242,psxdata,2026-05-11T12:52:10
HUMNL,2025-08-18,14.97,14.99,14.7,14.72,1061363,psxdata,2026-05-11T12:52:10
HUMNL,2025-08-19,14.73,15.0,14.61,14.69,972046,psxdata,2026-05-11T12:52:10
HUMNL,2025-08-20,14.56,14.89,14.5,14.55,596597,psxdata,2026-05-11T12:52:10
HUMNL,2025-08-21,14.47,14.97,13.83,13.99,6826186,psxdata,2026-05-11T12:52:10
HUMNL,2025-08-22,14.15,14.28,13.85,13.87,2222494,psxdata,2026-05-11T12:52:10
HUMNL,2025-08-25,13.9,14.0,13.55,13.69,1431780,psxdata,2026-05-11T12:52:10
HUMNL,2025-08-26,13.99,14.0,13.65,13.91,1865056,psxdata,2026-05-11T12:52:10
HUMNL,2025-08-27,14.0,14.19,13.65,13.77,547279,psxdata,2026-05-11T12:52:10
HUMNL,2025-08-28,13.77,14.44,13.74,14.33,5395630,psxdata,2026-05-11T12:52:10
HUMNL,2025-08-29,14.4,14.72,14.11,14.19,4370122,psxdata,2026-05-11T12:52:10
HUMNL,2025-09-01,14.4,15.05,14.3,14.84,8686005,psxdata,2026-05-11T12:52:10
HUMNL,2025-09-02,15.01,15.17,14.75,14.94,3914959,psxdata,2026-05-11T12:52:10
HUMNL,2025-09-03,15.14,16.1,15.11,15.58,22141813,psxdata,2026-05-11T12:52:10
HUMNL,2025-09-04,15.74,16.24,15.45,16.01,13961428,psxdata,2026-05-11T12:52:10
HUMNL,2025-09-05,16.3,16.8,16.02,16.15,12660126,psxdata,2026-05-11T12:52:10
HUMNL,2025-09-08,16.3,16.55,16.1,16.36,6529008,psxdata,2026-05-11T12:52:10
HUMNL,2025-09-09,16.46,16.46,15.9,16.17,3540030,psxdata,2026-05-11T12:52:10
HUMNL,2025-09-10,16.0,17.79,16.0,17.67,31242408,psxdata,2026-05-11T12:52:10
HUMNL,2025-09-11,18.0,18.65,17.3,17.8,17042997,psxdata,2026-05-11T12:52:10
HUMNL,2025-09-12,17.99,17.99,17.05,17.13,4780290,psxdata,2026-05-11T12:52:10
HUMNL,2025-09-15,17.46,17.46,16.8,17.01,3082925,psxdata,2026-05-11T12:52:10
HUMNL,2025-09-16,17.35,17.35,17.0,17.02,2623284,psxdata,2026-05-11T12:52:10
HUMNL,2025-09-17,17.29,17.29,16.78,16.83,2246326,psxdata,2026-05-11T12:52:10
HUMNL,2025-09-18,16.8,17.2,16.65,17.05,2665237,psxdata,2026-05-11T12:52:10
HUMNL,2025-09-19,17.05,17.39,16.51,16.69,2628184,psxdata,2026-05-11T12:52:10
HUMNL,2025-09-22,16.85,17.16,16.5,16.53,4061107,psxdata,2026-05-11T12:52:10
HUMNL,2025-09-23,16.56,16.93,16.31,16.42,2702547,psxdata,2026-05-11T12:52:10
HUMNL,2025-09-24,16.59,16.6,16.3,16.36,1223294,psxdata,2026-05-11T12:52:10
HUMNL,2025-09-25,16.5,16.75,16.19,16.53,2104065,psxdata,2026-05-11T12:52:10
HUMNL,2025-09-26,16.63,17.34,16.63,17.09,5228569,psxdata,2026-05-11T12:52:10
HUMNL,2025-09-29,17.15,17.75,17.05,17.27,5131378,psxdata,2026-05-11T12:52:10
HUMNL,2025-09-30,17.27,17.75,17.21,17.63,3692297,psxdata,2026-05-11T12:52:10
HUMNL,2025-10-01,17.68,17.68,16.7,16.92,5449672,psxdata,2026-05-11T12:52:10
HUMNL,2025-10-02,16.75,17.33,15.33,16.04,21269674,psxdata,2026-05-11T12:52:10
HUMNL,2025-10-03,16.0,16.0,14.82,15.13,25435782,psxdata,2026-05-11T12:52:10
HUMNL,2025-10-06,15.05,15.25,14.7,14.83,4852616,psxdata,2026-05-11T12:52:10
HUMNL,2025-10-07,14.82,15.3,14.82,15.0,2981682,psxdata,2026-05-11T12:52:10
HUMNL,2025-10-08,15.0,15.29,14.76,15.03,2898861,psxdata,2026-05-11T12:52:10
HUMNL,2025-10-09,15.03,15.4,14.91,15.16,1826579,psxdata,2026-05-11T12:52:10
HUMNL,2025-10-10,15.22,15.34,14.76,14.99,2947341,psxdata,2026-05-11T12:52:10
HUMNL,2025-10-13,15.0,15.0,14.65,14.77,2186506,psxdata,2026-05-11T12:52:10
HUMNL,2025-10-14,14.81,15.24,14.81,15.11,2979129,psxdata,2026-05-11T12:52:10
HUMNL,2025-10-15,15.22,16.2,15.11,15.53,9320687,psxdata,2026-05-11T12:52:10
HUMNL,2025-10-16,15.53,16.31,15.53,15.64,11665766,psxdata,2026-05-11T12:52:10
HUMNL,2025-10-17,15.97,15.99,15.31,15.83,3557888,psxdata,2026-05-11T12:52:10
HUMNL,2025-10-20,15.83,16.19,15.51,15.73,1077382,psxdata,2026-05-11T12:52:10
HUMNL,2025-10-21,15.85,16.0,15.48,15.54,2128427,psxdata,2026-05-11T12:52:10
HUMNL,2025-10-22,15.54,15.79,15.44,15.54,2050375,psxdata,2026-05-11T12:52:10
HUMNL,2025-10-23,15.78,15.91,15.5,15.53,4503273,psxdata,2026-05-11T12:52:10
HUMNL,2025-10-24,15.69,15.89,15.24,15.29,1898780,psxdata,2026-05-11T12:52:10
HUMNL,2025-10-27,15.5,15.8,14.99,15.07,1087814,psxdata,2026-05-11T12:52:10
HUMNL,2025-10-28,15.4,15.4,14.11,14.75,3333917,psxdata,2026-05-11T12:52:10
HUMNL,2025-10-29,14.5,14.9,13.42,14.5,2231345,psxdata,2026-05-11T12:52:10
HUMNL,2025-10-30,14.5,14.89,14.11,14.3,568466,psxdata,2026-05-11T12:52:10
HUMNL,2025-10-31,14.99,14.99,14.31,14.55,2124741,psxdata,2026-05-11T12:52:10
HUMNL,2025-11-03,14.55,14.8,14.5,14.69,490181,psxdata,2026-05-11T12:52:10
HUMNL,2025-11-04,14.7,14.7,14.4,14.56,1007227,psxdata,2026-05-11T12:52:10
HUMNL,2025-11-05,14.31,14.74,14.25,14.35,837412,psxdata,2026-05-11T12:52:10
HUMNL,2025-11-06,14.25,14.7,14.2,14.55,3105411,psxdata,2026-05-11T12:52:10
HUMNL,2025-11-07,14.27,14.99,14.27,14.74,372436,psxdata,2026-05-11T12:52:10
HUMNL,2025-11-10,14.98,15.2,14.65,15.07,2187235,psxdata,2026-05-11T12:52:10
HUMNL,2025-11-11,15.24,15.24,14.6,14.84,2277653,psxdata,2026-05-11T12:52:10
HUMNL,2025-11-12,15.15,15.24,14.5,14.75,1038757,psxdata,2026-05-11T12:52:10
HUMNL,2025-11-13,14.75,15.15,14.75,15.0,1366242,psxdata,2026-05-11T12:52:10
HUMNL,2025-11-14,15.08,15.29,14.82,15.21,2840622,psxdata,2026-05-11T12:52:10
HUMNL,2025-11-17,15.48,15.48,15.0,15.19,2319594,psxdata,2026-05-11T12:52:10
HUMNL,2025-11-18,15.05,15.32,14.82,15.23,2671084,psxdata,2026-05-11T12:52:10
HUMNL,2025-11-19,15.01,15.34,15.01,15.23,796990,psxdata,2026-05-11T12:52:10
HUMNL,2025-11-20,15.3,15.34,15.0,15.25,3797168,psxdata,2026-05-11T12:52:10
HUMNL,2025-11-21,15.25,15.36,15.0,15.18,1830651,psxdata,2026-05-11T12:52:10
HUMNL,2025-11-24,15.25,15.4,15.02,15.19,2120788,psxdata,2026-05-11T12:52:10
HUMNL,2025-11-25,15.39,15.59,14.81,14.99,4549366,psxdata,2026-05-11T12:52:10
HUMNL,2025-11-26,15.13,16.49,14.75,16.48,38124145,psxdata,2026-05-11T12:52:10
HUMNL,2025-11-27,16.39,17.07,15.8,16.33,13911252,psxdata,2026-05-11T12:52:10
HUMNL,2025-11-28,16.34,16.75,15.87,16.56,14058290,psxdata,2026-05-11T12:52:10
HUMNL,2025-12-01,16.7,17.1,16.31,16.69,7783406,psxdata,2026-05-11T12:52:10
HUMNL,2025-12-02,16.9,16.9,16.01,16.29,11098064,psxdata,2026-05-11T12:52:10
HUMNL,2025-12-03,16.07,16.48,16.01,16.05,1114941,psxdata,2026-05-11T12:52:10
HUMNL,2025-12-04,16.05,16.5,15.25,15.77,3221682,psxdata,2026-05-11T12:52:10
HUMNL,2025-12-05,16.0,16.33,15.6,15.94,2164498,psxdata,2026-05-11T12:52:10
HUMNL,2025-12-08,15.95,16.1,14.7,15.02,11743759,psxdata,2026-05-11T12:52:10
HUMNL,2025-12-09,15.14,15.4,14.1,14.37,26580195,psxdata,2026-05-11T12:52:10
HUMNL,2025-12-10,14.5,15.04,13.75,13.97,132036511,psxdata,2026-05-11T12:52:10
HUMNL,2025-12-11,14.11,15.37,14.1,14.65,187980714,psxdata,2026-05-11T12:52:10
HUMNL,2025-12-12,14.6,15.15,14.51,14.88,71840487,psxdata,2026-05-11T12:52:10
HUMNL,2025-12-15,15.0,15.37,14.7,15.11,39669911,psxdata,2026-05-11T12:52:10
HUMNL,2025-12-16,15.3,15.35,14.55,14.61,18977431,psxdata,2026-05-11T12:52:10
HUMNL,2025-12-17,14.85,14.85,14.1,14.17,28691734,psxdata,2026-05-11T12:52:10
HUMNL,2025-12-18,14.35,14.99,14.1,14.63,33576516,psxdata,2026-05-11T12:52:10
HUMNL,2025-12-19,14.6,14.9,14.35,14.59,22926661,psxdata,2026-05-11T12:52:10
HUMNL,2025-12-22,14.59,14.8,14.32,14.39,5621783,psxdata,2026-05-11T12:52:10
HUMNL,2025-12-23,14.47,14.47,14.12,14.19,2656097,psxdata,2026-05-11T12:52:10
HUMNL,2025-12-24,14.2,14.24,13.85,13.91,5652050,psxdata,2026-05-11T12:52:10
HUMNL,2025-12-26,14.0,14.16,13.8,14.01,9609919,psxdata,2026-05-11T12:52:10
HUMNL,2025-12-29,14.08,14.5,13.81,14.13,7692560,psxdata,2026-05-11T12:52:10
HUMNL,2025-12-30,14.11,14.39,14.1,14.13,7190549,psxdata,2026-05-11T12:52:10
HUMNL,2025-12-31,14.14,14.51,14.02,14.12,8067823,psxdata,2026-05-11T12:52:10
HUMNL,2026-01-01,14.29,14.4,14.0,14.14,3334141,psxdata,2026-05-11T12:52:10
HUMNL,2026-01-02,14.24,14.28,13.9,13.96,7313630,psxdata,2026-05-11T12:52:10
HUMNL,2026-01-05,14.0,14.17,13.88,13.97,5726849,psxdata,2026-05-11T12:52:10
HUMNL,2026-01-06,14.09,14.09,13.68,13.77,12375883,psxdata,2026-05-11T12:52:10
HUMNL,2026-01-07,13.77,14.48,13.75,14.21,24369759,psxdata,2026-05-11T12:52:10
HUMNL,2026-01-08,14.26,14.45,13.9,13.97,14963648,psxdata,2026-05-11T12:52:10
HUMNL,2026-01-09,14.06,14.1,13.71,13.76,12606608,psxdata,2026-05-11T12:52:10
HUMNL,2026-01-12,13.77,13.88,13.5,13.62,6132879,psxdata,2026-05-11T12:52:10
HUMNL,2026-01-13,13.53,13.9,13.48,13.54,12245547,psxdata,2026-05-11T12:52:10
HUMNL,2026-01-14,13.6,13.71,13.21,13.24,10746621,psxdata,2026-05-11T12:52:10
HUMNL,2026-01-15,13.26,13.43,12.86,13.11,16002950,psxdata,2026-05-11T12:52:10
HUMNL,2026-01-16,13.03,13.34,12.95,13.06,6661123,psxdata,2026-05-11T12:52:10
HUMNL,2026-01-19,13.1,13.2,13.0,13.08,3390274,psxdata,2026-05-11T12:52:10
HUMNL,2026-01-20,13.08,13.2,12.96,13.12,4864820,psxdata,2026-05-11T12:52:10
HUMNL,2026-01-21,13.17,13.66,13.1,13.14,14988861,psxdata,2026-05-11T12:52:10
HUMNL,2026-01-22,13.1,13.25,13.01,13.03,3470042,psxdata,2026-05-11T12:52:10
HUMNL,2026-01-23,13.13,13.19,12.82,12.91,4319415,psxdata,2026-05-11T12:52:10
HUMNL,2026-01-26,12.92,13.1,12.77,12.81,6082554,psxdata,2026-05-11T12:52:10
HUMNL,2026-01-27,12.82,13.09,12.55,12.87,10043335,psxdata,2026-05-11T12:52:10
HUMNL,2026-01-28,13.2,13.2,12.62,12.7,8179197,psxdata,2026-05-11T12:52:10
HUMNL,2026-01-29,12.85,12.85,12.33,12.43,5801303,psxdata,2026-05-11T12:52:10
HUMNL,2026-01-30,12.43,12.58,12.26,12.36,4098567,psxdata,2026-05-11T12:52:10
HUMNL,2026-02-02,12.47,12.47,12.12,12.29,2734407,psxdata,2026-05-11T12:52:10
HUMNL,2026-02-03,12.4,12.56,12.3,12.46,1877762,psxdata,2026-05-11T12:52:10
HUMNL,2026-02-04,12.46,12.78,12.4,12.69,3001610,psxdata,2026-05-11T12:52:10
HUMNL,2026-02-06,12.5,12.73,12.39,12.47,2344377,psxdata,2026-05-11T12:52:10
HUMNL,2026-02-09,12.5,12.6,12.33,12.37,2154407,psxdata,2026-05-11T12:52:10
HUMNL,2026-02-10,12.35,12.72,12.3,12.41,5337634,psxdata,2026-05-11T12:52:10
HUMNL,2026-02-11,12.35,12.57,11.7,11.8,10782628,psxdata,2026-05-11T12:52:10
HUMNL,2026-02-12,11.8,11.85,11.01,11.09,10876708,psxdata,2026-05-11T12:52:10
HUMNL,2026-02-13,11.2,12.2,10.45,12.2,27978793,psxdata,2026-05-11T12:52:10
HUMNL,2026-02-16,13.42,13.42,12.6,12.88,47353559,psxdata,2026-05-11T12:52:10
HUMNL,2026-02-17,12.9,13.2,12.71,12.79,9638930,psxdata,2026-05-11T12:52:10
HUMNL,2026-02-18,12.8,12.97,12.72,12.81,3865332,psxdata,2026-05-11T12:52:10
HUMNL,2026-02-19,12.95,12.95,11.85,12.05,4208598,psxdata,2026-05-11T12:52:10
HUMNL,2026-02-20,12.0,12.5,11.75,12.23,4367897,psxdata,2026-05-11T12:52:10
HUMNL,2026-02-23,12.23,12.35,11.8,11.87,3545577,psxdata,2026-05-11T12:52:10
HUMNL,2026-02-24,12.0,12.1,11.51,11.99,6081842,psxdata,2026-05-11T12:52:10
HUMNL,2026-02-25,12.1,12.13,11.65,11.78,2509216,psxdata,2026-05-11T12:52:10
HUMNL,2026-02-26,11.75,12.19,11.62,11.91,9238604,psxdata,2026-05-11T12:52:10
HUMNL,2026-02-27,11.88,11.88,11.51,11.67,1438351,psxdata,2026-05-11T12:52:10
HUMNL,2026-03-02,10.51,10.99,10.5,10.51,19644089,psxdata,2026-05-11T12:52:10
HUMNL,2026-03-03,10.06,11.25,10.0,10.95,3332014,psxdata,2026-05-11T12:52:10
HUMNL,2026-03-04,10.95,11.18,10.11,11.05,3571342,psxdata,2026-05-11T12:52:10
HUMNL,2026-03-05,11.4,12.16,10.7,12.08,11513421,psxdata,2026-05-11T12:52:10
HUMNL,2026-03-06,11.99,11.99,11.51,11.8,2574536,psxdata,2026-05-11T12:52:10
HUMNL,2026-03-09,10.99,11.26,10.62,10.63,5379876,psxdata,2026-05-11T12:52:10
HUMNL,2026-03-10,11.0,11.67,11.0,11.59,7067284,psxdata,2026-05-11T12:52:10
HUMNL,2026-03-11,11.25,11.75,11.25,11.51,2907584,psxdata,2026-05-11T12:52:10
HUMNL,2026-03-12,11.5,12.0,11.02,11.65,4277214,psxdata,2026-05-11T12:52:10
HUMNL,2026-03-13,11.67,12.0,11.41,11.9,2779868,psxdata,2026-05-11T12:52:10
HUMNL,2026-03-16,11.9,11.9,11.46,11.52,1891599,psxdata,2026-05-11T12:52:10
HUMNL,2026-03-17,11.75,11.8,11.46,11.62,1179467,psxdata,2026-05-11T12:52:10
HUMNL,2026-03-18,11.74,11.9,11.5,11.73,915711,psxdata,2026-05-11T12:52:10
HUMNL,2026-03-19,11.51,11.65,11.5,11.61,396167,psxdata,2026-05-11T12:52:10
HUMNL,2026-03-24,12.0,12.0,11.4,11.48,3910720,psxdata,2026-05-11T12:52:10
HUMNL,2026-03-25,11.69,11.85,11.47,11.8,1650296,psxdata,2026-05-11T12:52:10
HUMNL,2026-03-26,11.71,11.79,11.0,11.07,6686809,psxdata,2026-05-11T12:52:10
HUMNL,2026-03-27,11.38,11.38,10.9,11.01,398860,psxdata,2026-05-11T12:52:10
HUMNL,2026-03-30,11.0,11.0,10.2,10.4,12988054,psxdata,2026-05-11T12:52:10
HUMNL,2026-03-31,10.59,10.9,10.4,10.62,12706158,psxdata,2026-05-11T12:52:10
HUMNL,2026-04-01,10.77,11.0,10.75,10.88,4032651,psxdata,2026-05-11T12:52:10
HUMNL,2026-04-02,10.75,10.88,10.6,10.67,2495645,psxdata,2026-05-11T12:52:10
HUMNL,2026-04-03,10.01,11.0,10.01,10.56,1447788,psxdata,2026-05-11T12:52:10
HUMNL,2026-04-06,10.7,10.71,10.2,10.38,2101909,psxdata,2026-05-11T12:52:10
HUMNL,2026-04-07,10.5,10.7,10.29,10.41,1277300,psxdata,2026-05-11T12:52:10
HUMNL,2026-04-08,11.0,11.44,10.9,11.42,14560957,psxdata,2026-05-11T12:52:10
HUMNL,2026-04-09,11.35,11.35,10.76,10.94,8463090,psxdata,2026-05-11T12:52:10
HUMNL,2026-04-10,11.0,11.4,10.94,11.32,9749433,psxdata,2026-05-11T12:52:10
HUMNL,2026-04-13,10.76,11.19,10.6,10.66,3550881,psxdata,2026-05-11T12:52:10
HUMNL,2026-04-14,10.94,11.0,10.75,10.84,1229562,psxdata,2026-05-11T12:52:10
HUMNL,2026-04-15,11.2,11.4,10.98,11.09,4805976,psxdata,2026-05-11T12:52:10
HUMNL,2026-04-16,11.28,11.44,11.07,11.17,4034895,psxdata,2026-05-11T12:52:10
HUMNL,2026-04-17,11.2,11.55,11.08,11.4,4470663,psxdata,2026-05-11T12:52:10
HUMNL,2026-04-20,11.28,11.46,10.61,11.03,3218650,psxdata,2026-05-11T12:52:10
HUMNL,2026-04-21,11.2,11.27,11.03,11.12,1603234,psxdata,2026-05-11T12:52:10
HUMNL,2026-04-22,11.12,11.17,10.97,11.0,1044885,psxdata,2026-05-11T12:52:10
HUMNL,2026-04-23,11.0,11.24,10.81,10.92,4636351,psxdata,2026-05-11T12:52:10
HUMNL,2026-04-24,10.93,11.1,10.75,10.92,1637475,psxdata,2026-05-11T12:52:10
HUMNL,2026-04-27,10.9,11.0,10.85,10.93,804974,psxdata,2026-05-11T12:52:10
HUMNL,2026-04-28,10.89,11.09,10.8,10.96,13586383,psxdata,2026-05-11T12:52:10
HUMNL,2026-04-29,11.25,11.9,11.13,11.25,30469960,psxdata,2026-05-11T12:52:10
HUMNL,2026-04-30,10.95,11.7,10.8,11.04,14850697,psxdata,2026-05-11T12:52:10
HUMNL,2026-05-04,11.1,11.35,11.0,11.05,4001281,psxdata,2026-05-11T12:52:10
HUMNL,2026-05-05,11.09,11.19,10.8,11.11,4912253,psxdata,2026-05-11T12:52:10
HUMNL,2026-05-06,11.11,11.69,11.0,11.48,13149386,psxdata,2026-05-11T12:52:10
HUMNL,2026-05-07,11.74,11.74,11.3,11.36,6131478,psxdata,2026-05-11T12:52:10
HUMNL,2026-05-08,11.37,11.8,11.28,11.7,8114239,psxdata,2026-05-11T12:52:10
