symbol,date,open,high,low,close,volume,source,collected_at
NBP,2016-05-12,55.55,55.55,55.3,55.49,281000,psxdata,2026-05-11T12:51:52
NBP,2016-05-13,55.51,55.51,55.21,55.41,101500,psxdata,2026-05-11T12:51:52
NBP,2016-05-16,55.5,55.5,54.41,54.57,615500,psxdata,2026-05-11T12:51:52
NBP,2016-05-17,55.0,55.01,53.9,54.0,983000,psxdata,2026-05-11T12:51:52
NBP,2016-05-18,54.25,54.25,53.75,53.92,339500,psxdata,2026-05-11T12:51:52
NBP,2016-05-19,53.9,54.6,53.5,54.18,3853500,psxdata,2026-05-11T12:51:52
NBP,2016-05-20,54.35,54.5,54.0,54.12,567500,psxdata,2026-05-11T12:51:52
NBP,2016-05-23,53.61,54.0,53.35,53.71,516500,psxdata,2026-05-11T12:51:52
NBP,2016-05-24,53.62,54.5,53.5,53.87,447500,psxdata,2026-05-11T12:51:52
NBP,2016-05-25,53.8,53.95,53.5,53.61,1246500,psxdata,2026-05-11T12:51:52
NBP,2016-05-26,53.93,54.99,53.93,54.12,362000,psxdata,2026-05-11T12:51:52
NBP,2016-05-27,54.25,54.49,53.9,54.15,1410000,psxdata,2026-05-11T12:51:52
NBP,2016-05-30,54.0,54.35,53.5,53.64,567500,psxdata,2026-05-11T12:51:52
NBP,2016-05-31,53.45,54.7,53.01,53.94,482500,psxdata,2026-05-11T12:51:52
NBP,2016-06-01,54.14,54.25,53.62,53.99,281000,psxdata,2026-05-11T12:51:52
NBP,2016-06-02,53.68,54.25,53.65,54.1,185500,psxdata,2026-05-11T12:51:52
NBP,2016-06-03,54.25,54.25,53.75,53.98,342000,psxdata,2026-05-11T12:51:52
NBP,2016-06-06,54.1,54.1,53.5,53.56,262500,psxdata,2026-05-11T12:51:52
NBP,2016-06-07,53.5,54.0,53.3,53.36,259000,psxdata,2026-05-11T12:51:52
NBP,2016-06-08,53.5,53.74,53.1,53.28,189000,psxdata,2026-05-11T12:51:52
NBP,2016-06-09,53.3,53.3,52.9,53.0,153000,psxdata,2026-05-11T12:51:52
NBP,2016-06-10,52.98,53.0,52.11,52.24,176000,psxdata,2026-05-11T12:51:52
NBP,2016-06-13,51.85,52.48,51.85,52.14,275500,psxdata,2026-05-11T12:51:52
NBP,2016-06-14,52.1,53.99,52.0,53.53,307500,psxdata,2026-05-11T12:51:52
NBP,2016-06-15,55.5,55.65,53.9,55.36,1412500,psxdata,2026-05-11T12:51:52
NBP,2016-06-16,55.36,57.7,55.0,56.79,2593500,psxdata,2026-05-11T12:51:52
NBP,2016-06-17,56.71,58.5,56.71,58.1,3315500,psxdata,2026-05-11T12:51:52
NBP,2016-06-20,57.8,58.99,57.41,57.68,588500,psxdata,2026-05-11T12:51:52
NBP,2016-06-21,57.67,58.1,57.11,58.0,1639500,psxdata,2026-05-11T12:51:52
NBP,2016-06-22,58.25,58.5,57.8,58.0,2589000,psxdata,2026-05-11T12:51:52
NBP,2016-06-23,58.1,58.5,58.0,58.3,286500,psxdata,2026-05-11T12:51:52
NBP,2016-06-24,57.75,58.0,56.25,57.78,663000,psxdata,2026-05-11T12:51:52
NBP,2016-06-27,57.61,58.0,57.5,57.74,311000,psxdata,2026-05-11T12:51:52
NBP,2016-06-28,57.7,58.1,57.7,57.92,927500,psxdata,2026-05-11T12:51:52
NBP,2016-06-29,58.4,58.8,58.1,58.18,4198500,psxdata,2026-05-11T12:51:52
NBP,2016-06-30,58.2,58.2,57.7,57.81,859500,psxdata,2026-05-11T12:51:52
NBP,2016-07-04,57.97,58.1,57.75,57.85,89000,psxdata,2026-05-11T12:51:52
NBP,2016-07-11,57.85,59.35,57.85,58.78,668000,psxdata,2026-05-11T12:51:52
NBP,2016-07-12,59.0,59.4,58.65,58.95,501000,psxdata,2026-05-11T12:51:52
NBP,2016-07-13,59.2,59.5,58.75,58.98,617000,psxdata,2026-05-11T12:51:52
NBP,2016-07-14,59.0,59.55,58.81,59.37,3169500,psxdata,2026-05-11T12:51:52
NBP,2016-07-15,59.5,61.0,59.05,59.27,4118000,psxdata,2026-05-11T12:51:52
NBP,2016-07-18,59.55,60.75,59.3,60.68,2464500,psxdata,2026-05-11T12:51:52
NBP,2016-07-19,60.9,61.55,60.81,60.88,1642500,psxdata,2026-05-11T12:51:52
NBP,2016-07-20,61.0,62.5,60.8,62.04,2467000,psxdata,2026-05-11T12:51:52
NBP,2016-07-21,62.26,63.6,62.25,62.61,2282000,psxdata,2026-05-11T12:51:52
NBP,2016-07-22,62.5,63.45,62.25,62.53,1357500,psxdata,2026-05-11T12:51:52
NBP,2016-07-25,62.9,62.9,62.05,62.1,724000,psxdata,2026-05-11T12:51:52
NBP,2016-07-26,62.06,62.49,62.0,62.26,140000,psxdata,2026-05-11T12:51:52
NBP,2016-07-27,62.02,62.75,62.02,62.24,462000,psxdata,2026-05-11T12:51:52
NBP,2016-07-28,62.25,64.45,62.25,63.76,3206000,psxdata,2026-05-11T12:51:52
NBP,2016-07-29,63.75,64.11,63.17,63.9,1116000,psxdata,2026-05-11T12:51:52
NBP,2016-08-01,64.4,67.09,64.4,67.09,6733500,psxdata,2026-05-11T12:51:52
NBP,2016-08-02,68.2,68.5,66.1,66.1,2701500,psxdata,2026-05-11T12:51:52
NBP,2016-08-03,66.5,67.6,65.2,65.58,1619500,psxdata,2026-05-11T12:51:52
NBP,2016-08-04,65.7,66.69,65.52,65.92,1020000,psxdata,2026-05-11T12:51:52
NBP,2016-08-05,66.0,66.15,65.25,65.87,194000,psxdata,2026-05-11T12:51:52
NBP,2016-08-08,66.0,66.55,66.0,66.19,820500,psxdata,2026-05-11T12:51:52
NBP,2016-08-09,66.75,67.93,65.72,67.24,4147500,psxdata,2026-05-11T12:51:52
NBP,2016-08-10,67.99,68.25,67.0,67.08,2174500,psxdata,2026-05-11T12:51:52
NBP,2016-08-11,67.25,67.68,66.25,66.51,1597500,psxdata,2026-05-11T12:51:52
NBP,2016-08-12,66.8,66.8,66.25,66.43,224000,psxdata,2026-05-11T12:51:52
NBP,2016-08-15,66.65,66.65,65.58,65.92,400500,psxdata,2026-05-11T12:51:52
NBP,2016-08-16,66.3,66.3,65.5,65.66,351500,psxdata,2026-05-11T12:51:52
NBP,2016-08-17,65.99,67.29,65.61,66.45,3966500,psxdata,2026-05-11T12:51:52
NBP,2016-08-18,66.89,67.2,66.4,66.7,2068000,psxdata,2026-05-11T12:51:52
NBP,2016-08-19,66.7,66.7,66.0,66.19,609000,psxdata,2026-05-11T12:51:52
NBP,2016-08-22,65.77,66.0,64.49,65.26,704500,psxdata,2026-05-11T12:51:52
NBP,2016-08-23,65.3,65.85,64.76,65.62,1028500,psxdata,2026-05-11T12:51:52
NBP,2016-08-24,65.5,65.9,65.25,65.73,240500,psxdata,2026-05-11T12:51:52
NBP,2016-08-25,65.77,66.66,65.77,66.4,1346000,psxdata,2026-05-11T12:51:52
NBP,2016-08-26,66.2,69.72,65.51,69.58,13322000,psxdata,2026-05-11T12:51:52
NBP,2016-08-29,69.8,73.05,69.8,73.0,6563500,psxdata,2026-05-11T12:51:52
NBP,2016-08-30,73.75,74.75,72.9,73.65,6124500,psxdata,2026-05-11T12:51:52
NBP,2016-08-31,73.34,73.9,72.01,72.58,6042000,psxdata,2026-05-11T12:51:52
NBP,2016-09-01,72.51,73.29,72.02,72.21,1353500,psxdata,2026-05-11T12:51:52
NBP,2016-09-02,72.2,73.5,71.77,72.69,1187500,psxdata,2026-05-11T12:51:52
NBP,2016-09-05,72.8,73.3,72.02,73.04,1861500,psxdata,2026-05-11T12:51:52
NBP,2016-09-06,73.05,75.25,72.75,74.77,4327000,psxdata,2026-05-11T12:51:52
NBP,2016-09-07,75.29,76.1,74.8,75.49,2616500,psxdata,2026-05-11T12:51:52
NBP,2016-09-08,75.52,77.49,75.51,76.11,2830000,psxdata,2026-05-11T12:51:52
NBP,2016-09-09,76.49,76.53,75.5,75.63,834500,psxdata,2026-05-11T12:51:52
NBP,2016-09-15,75.75,75.99,74.5,75.23,1100000,psxdata,2026-05-11T12:51:52
NBP,2016-09-16,75.2,75.5,74.0,74.48,2701500,psxdata,2026-05-11T12:51:52
NBP,2016-09-19,74.69,75.25,74.0,74.93,10515000,psxdata,2026-05-11T12:51:52
NBP,2016-09-20,75.1,76.5,74.25,74.7,4257500,psxdata,2026-05-11T12:51:52
NBP,2016-09-21,74.51,75.0,73.4,74.16,2942000,psxdata,2026-05-11T12:51:52
NBP,2016-09-22,74.99,75.5,74.4,75.3,1827000,psxdata,2026-05-11T12:51:52
NBP,2016-09-23,75.89,77.0,74.15,74.45,2248000,psxdata,2026-05-11T12:51:52
NBP,2016-09-26,74.74,75.0,74.35,74.45,803000,psxdata,2026-05-11T12:51:52
NBP,2016-09-27,74.95,75.05,74.1,74.47,1664000,psxdata,2026-05-11T12:51:52
NBP,2016-09-28,74.5,74.65,74.0,74.11,256000,psxdata,2026-05-11T12:51:52
NBP,2016-09-29,74.51,74.8,72.8,73.1,587000,psxdata,2026-05-11T12:51:52
NBP,2016-09-30,73.64,73.64,73.0,73.21,2322000,psxdata,2026-05-11T12:51:52
NBP,2016-10-03,73.65,73.7,73.1,73.42,376500,psxdata,2026-05-11T12:51:52
NBP,2016-10-04,73.65,75.0,73.4,74.49,4727000,psxdata,2026-05-11T12:51:52
NBP,2016-10-05,75.89,75.89,74.51,75.28,2672500,psxdata,2026-05-11T12:51:52
NBP,2016-10-06,75.27,75.27,74.2,74.26,1252500,psxdata,2026-05-11T12:51:52
NBP,2016-10-07,75.25,75.25,73.85,74.15,1040500,psxdata,2026-05-11T12:51:52
NBP,2016-10-10,74.0,75.01,73.8,74.92,698500,psxdata,2026-05-11T12:51:52
NBP,2016-10-13,74.95,74.99,74.0,74.37,681500,psxdata,2026-05-11T12:51:52
NBP,2016-10-14,74.0,74.37,73.5,73.74,559000,psxdata,2026-05-11T12:51:52
NBP,2016-10-17,73.21,74.2,73.2,74.01,1103500,psxdata,2026-05-11T12:51:52
NBP,2016-10-18,74.15,74.9,73.75,74.7,2232500,psxdata,2026-05-11T12:51:52
NBP,2016-10-19,74.9,75.1,74.25,74.46,691500,psxdata,2026-05-11T12:51:52
NBP,2016-10-20,74.7,75.0,74.5,74.73,604000,psxdata,2026-05-11T12:51:52
NBP,2016-10-21,74.95,75.0,74.11,74.72,424000,psxdata,2026-05-11T12:51:52
NBP,2016-10-24,74.75,74.75,74.25,74.27,417000,psxdata,2026-05-11T12:51:52
NBP,2016-10-25,74.0,74.0,72.6,73.51,263000,psxdata,2026-05-11T12:51:52
NBP,2016-10-26,73.17,74.1,73.0,73.43,1572500,psxdata,2026-05-11T12:51:52
NBP,2016-10-27,73.21,75.0,71.5,71.62,2622500,psxdata,2026-05-11T12:51:52
NBP,2016-10-28,71.1,72.89,70.5,72.36,1777500,psxdata,2026-05-11T12:51:52
NBP,2016-10-31,72.0,72.8,71.25,71.83,870500,psxdata,2026-05-11T12:51:52
NBP,2016-11-01,71.76,74.95,71.76,74.83,1171000,psxdata,2026-05-11T12:51:52
NBP,2016-11-02,74.89,75.5,73.55,73.86,3896000,psxdata,2026-05-11T12:51:52
NBP,2016-11-03,74.0,76.0,73.85,75.22,5969000,psxdata,2026-05-11T12:51:52
NBP,2016-11-04,75.4,75.89,74.41,74.51,763500,psxdata,2026-05-11T12:51:52
NBP,2016-11-07,74.8,75.25,74.5,74.71,512500,psxdata,2026-05-11T12:51:52
NBP,2016-11-08,75.0,75.1,73.8,73.99,902000,psxdata,2026-05-11T12:51:52
NBP,2016-11-09,73.8,74.2,71.9,73.83,3518500,psxdata,2026-05-11T12:51:52
NBP,2016-11-10,74.05,74.7,73.56,74.33,2468500,psxdata,2026-05-11T12:51:52
NBP,2016-11-11,74.0,74.51,73.51,73.78,1398500,psxdata,2026-05-11T12:51:52
NBP,2016-11-14,74.18,74.2,73.01,73.24,1710000,psxdata,2026-05-11T12:51:52
NBP,2016-11-15,73.25,73.46,72.74,72.95,1189000,psxdata,2026-05-11T12:51:52
NBP,2016-11-16,73.25,73.4,72.5,72.8,535500,psxdata,2026-05-11T12:51:52
NBP,2016-11-17,72.8,73.1,72.1,72.42,1719000,psxdata,2026-05-11T12:51:52
NBP,2016-11-18,72.5,73.21,72.0,72.75,3633000,psxdata,2026-05-11T12:51:52
NBP,2016-11-21,73.0,73.01,72.49,72.55,463500,psxdata,2026-05-11T12:51:52
NBP,2016-11-22,72.75,73.26,72.4,72.54,1337500,psxdata,2026-05-11T12:51:52
NBP,2016-11-23,72.54,73.25,72.35,72.88,2297500,psxdata,2026-05-11T12:51:52
NBP,2016-11-24,72.87,73.6,72.5,72.9,2020500,psxdata,2026-05-11T12:51:52
NBP,2016-11-25,73.3,73.3,72.4,72.57,1346000,psxdata,2026-05-11T12:51:52
NBP,2016-11-28,72.5,72.75,72.1,72.4,1393500,psxdata,2026-05-11T12:51:52
NBP,2016-11-29,72.67,72.9,71.9,72.04,1541000,psxdata,2026-05-11T12:51:52
NBP,2016-11-30,72.06,72.06,70.5,70.65,3358000,psxdata,2026-05-11T12:51:52
NBP,2016-12-01,71.18,71.5,70.65,70.77,986500,psxdata,2026-05-11T12:51:52
NBP,2016-12-02,70.99,71.68,70.81,71.42,1675500,psxdata,2026-05-11T12:51:52
NBP,2016-12-05,71.64,74.4,71.64,73.36,4508500,psxdata,2026-05-11T12:51:52
NBP,2016-12-06,73.59,73.59,72.5,72.71,3169500,psxdata,2026-05-11T12:51:52
NBP,2016-12-07,72.95,74.2,72.89,73.67,2218500,psxdata,2026-05-11T12:51:52
NBP,2016-12-08,73.21,74.0,72.5,72.83,1527000,psxdata,2026-05-11T12:51:52
NBP,2016-12-09,72.8,74.69,72.8,73.47,2512500,psxdata,2026-05-11T12:51:52
NBP,2016-12-13,73.6,73.99,72.75,73.33,1825000,psxdata,2026-05-11T12:51:52
NBP,2016-12-14,73.49,73.5,72.15,72.24,2487500,psxdata,2026-05-11T12:51:52
NBP,2016-12-15,72.45,74.09,71.9,73.48,3104000,psxdata,2026-05-11T12:51:52
NBP,2016-12-16,73.5,73.9,72.9,73.2,1337000,psxdata,2026-05-11T12:51:52
NBP,2016-12-19,73.3,73.65,72.51,73.29,4105500,psxdata,2026-05-11T12:51:52
NBP,2016-12-20,73.59,76.1,73.3,74.81,8648000,psxdata,2026-05-11T12:51:52
NBP,2016-12-21,74.8,75.5,73.5,73.97,5138500,psxdata,2026-05-11T12:51:52
NBP,2016-12-22,74.03,75.75,73.75,74.0,4664500,psxdata,2026-05-11T12:51:52
NBP,2016-12-23,74.0,74.7,74.0,74.36,1695500,psxdata,2026-05-11T12:51:52
NBP,2016-12-26,74.2,74.48,73.8,73.82,441000,psxdata,2026-05-11T12:51:52
NBP,2016-12-27,74.01,74.52,73.8,73.99,378500,psxdata,2026-05-11T12:51:52
NBP,2016-12-28,74.11,75.0,74.11,74.72,1062000,psxdata,2026-05-11T12:51:52
NBP,2016-12-29,74.84,75.19,74.51,74.9,696500,psxdata,2026-05-11T12:51:52
NBP,2016-12-30,74.8,75.29,74.6,74.89,1546500,psxdata,2026-05-11T12:51:52
NBP,2017-01-02,75.24,78.2,74.9,77.71,4275500,psxdata,2026-05-11T12:51:52
NBP,2017-01-03,78.18,79.45,76.9,78.14,3581000,psxdata,2026-05-11T12:51:52
NBP,2017-01-04,78.06,78.89,77.26,77.55,3751500,psxdata,2026-05-11T12:51:52
NBP,2017-01-05,77.8,77.86,76.7,77.09,1043500,psxdata,2026-05-11T12:51:52
NBP,2017-01-06,77.15,77.99,77.0,77.88,924000,psxdata,2026-05-11T12:51:52
NBP,2017-01-09,78.0,78.5,77.51,77.79,1464000,psxdata,2026-05-11T12:51:52
NBP,2017-01-10,78.0,78.05,77.0,77.25,1647500,psxdata,2026-05-11T12:51:52
NBP,2017-01-11,77.49,78.75,77.25,78.12,2404000,psxdata,2026-05-11T12:51:52
NBP,2017-01-12,78.35,79.5,77.92,79.12,1837500,psxdata,2026-05-11T12:51:52
NBP,2017-01-13,79.0,79.01,76.7,77.02,3335000,psxdata,2026-05-11T12:51:52
NBP,2017-01-16,77.5,77.5,75.01,75.16,6689500,psxdata,2026-05-11T12:51:52
NBP,2017-01-17,75.31,75.75,74.31,75.48,1497000,psxdata,2026-05-11T12:51:52
NBP,2017-01-18,75.5,76.1,75.2,75.64,1546000,psxdata,2026-05-11T12:51:52
NBP,2017-01-19,75.75,76.15,75.0,75.14,2907000,psxdata,2026-05-11T12:51:52
NBP,2017-01-20,75.45,76.65,75.25,75.47,1626000,psxdata,2026-05-11T12:51:52
NBP,2017-01-23,75.74,76.1,75.65,75.97,1244500,psxdata,2026-05-11T12:51:52
NBP,2017-01-24,75.56,76.0,75.4,75.58,957000,psxdata,2026-05-11T12:51:52
NBP,2017-01-25,76.4,76.4,75.25,75.47,2347000,psxdata,2026-05-11T12:51:52
NBP,2017-01-26,75.69,75.9,75.3,75.68,2236500,psxdata,2026-05-11T12:51:52
NBP,2017-01-27,75.98,78.99,75.98,77.78,10625500,psxdata,2026-05-11T12:51:52
NBP,2017-01-30,77.6,78.99,75.5,75.7,6785000,psxdata,2026-05-11T12:51:52
NBP,2017-01-31,75.4,76.55,74.25,74.77,5547000,psxdata,2026-05-11T12:51:52
NBP,2017-02-01,75.3,76.35,75.3,76.0,3644500,psxdata,2026-05-11T12:51:52
NBP,2017-02-02,76.47,76.89,75.7,76.2,3111500,psxdata,2026-05-11T12:51:52
NBP,2017-02-03,75.5,76.3,74.8,74.97,1707500,psxdata,2026-05-11T12:51:52
NBP,2017-02-06,75.18,76.5,75.0,75.89,1866000,psxdata,2026-05-11T12:51:52
NBP,2017-02-07,76.19,76.94,76.08,76.17,2384000,psxdata,2026-05-11T12:51:52
NBP,2017-02-08,76.38,78.94,76.2,78.58,8504000,psxdata,2026-05-11T12:51:52
NBP,2017-02-09,78.99,82.23,78.5,81.86,7159500,psxdata,2026-05-11T12:51:52
NBP,2017-02-10,82.11,83.2,81.2,81.45,3071000,psxdata,2026-05-11T12:51:52
NBP,2017-02-13,81.49,83.64,81.49,82.46,5644000,psxdata,2026-05-11T12:51:52
NBP,2017-02-14,82.49,83.39,81.81,82.66,3919500,psxdata,2026-05-11T12:51:52
NBP,2017-02-15,82.89,83.0,80.85,81.51,2846500,psxdata,2026-05-11T12:51:52
NBP,2017-02-16,82.0,82.2,81.33,81.96,1635000,psxdata,2026-05-11T12:51:52
NBP,2017-02-17,81.5,81.8,79.95,80.33,2298500,psxdata,2026-05-11T12:51:52
NBP,2017-02-20,80.8,80.85,78.0,78.56,2074000,psxdata,2026-05-11T12:51:52
NBP,2017-02-21,79.0,80.0,77.75,79.41,1371500,psxdata,2026-05-11T12:51:52
NBP,2017-02-22,80.0,81.0,78.1,78.45,13009000,psxdata,2026-05-11T12:51:52
NBP,2017-02-23,79.0,79.1,77.45,78.51,2487500,psxdata,2026-05-11T12:51:52
NBP,2017-02-24,79.01,79.01,77.4,77.66,2119500,psxdata,2026-05-11T12:51:52
NBP,2017-02-27,77.85,77.85,75.12,75.55,2959000,psxdata,2026-05-11T12:51:52
NBP,2017-02-28,75.52,76.8,74.75,75.02,2741000,psxdata,2026-05-11T12:51:52
NBP,2017-03-01,75.7,76.4,75.15,75.62,2708000,psxdata,2026-05-11T12:51:52
NBP,2017-03-02,76.2,77.8,76.0,77.1,2768000,psxdata,2026-05-11T12:51:52
NBP,2017-03-03,77.15,77.8,76.4,76.61,2038500,psxdata,2026-05-11T12:51:52
NBP,2017-03-06,77.0,77.86,75.65,75.93,1296000,psxdata,2026-05-11T12:51:52
NBP,2017-03-07,75.51,75.9,74.7,74.93,3041500,psxdata,2026-05-11T12:51:52
NBP,2017-03-08,75.2,75.62,75.0,75.37,2012500,psxdata,2026-05-11T12:51:52
NBP,2017-03-09,75.35,75.4,74.03,74.44,2773000,psxdata,2026-05-11T12:51:52
NBP,2017-03-10,74.5,75.14,74.06,74.96,2317000,psxdata,2026-05-11T12:51:52
NBP,2017-03-13,74.75,74.95,74.0,74.36,638500,psxdata,2026-05-11T12:51:52
NBP,2017-03-14,74.5,75.9,73.7,75.45,5172500,psxdata,2026-05-11T12:51:52
NBP,2017-03-15,75.5,76.02,74.46,74.59,1044500,psxdata,2026-05-11T12:51:52
NBP,2017-03-16,74.5,75.09,74.01,74.99,515000,psxdata,2026-05-11T12:51:52
NBP,2017-03-17,75.0,75.39,73.5,74.17,3277000,psxdata,2026-05-11T12:51:52
NBP,2017-03-20,74.25,75.2,74.25,75.08,1165500,psxdata,2026-05-11T12:51:52
NBP,2017-03-21,75.15,75.4,74.76,75.02,875000,psxdata,2026-05-11T12:51:52
NBP,2017-03-22,75.05,75.3,75.0,75.04,1104000,psxdata,2026-05-11T12:51:52
NBP,2017-03-24,75.4,75.49,75.06,75.16,775500,psxdata,2026-05-11T12:51:52
NBP,2017-03-27,75.4,75.4,74.8,75.05,657000,psxdata,2026-05-11T12:51:52
NBP,2017-03-28,75.34,75.39,74.9,75.0,646000,psxdata,2026-05-11T12:51:52
NBP,2017-03-29,75.0,75.4,75.0,75.14,1685500,psxdata,2026-05-11T12:51:52
NBP,2017-03-30,75.02,75.02,74.3,74.44,1547500,psxdata,2026-05-11T12:51:52
NBP,2017-03-31,74.73,75.6,74.1,74.67,4292000,psxdata,2026-05-11T12:51:52
NBP,2017-04-03,75.0,75.0,73.0,73.78,3784500,psxdata,2026-05-11T12:51:52
NBP,2017-04-04,73.75,74.4,73.75,74.18,1149500,psxdata,2026-05-11T12:51:52
NBP,2017-04-05,66.5,66.7,63.35,63.35,5922500,psxdata,2026-05-11T12:51:52
NBP,2017-04-06,62.75,62.75,60.19,60.2,5636500,psxdata,2026-05-11T12:51:52
NBP,2017-04-07,59.5,60.75,59.5,60.19,1715500,psxdata,2026-05-11T12:51:52
NBP,2017-04-10,60.2,60.88,59.8,60.36,2444000,psxdata,2026-05-11T12:51:52
NBP,2017-04-11,60.48,61.49,60.17,61.29,1410500,psxdata,2026-05-11T12:51:52
NBP,2017-04-12,61.2,63.5,61.13,62.74,1401500,psxdata,2026-05-11T12:51:52
NBP,2017-04-13,63.24,63.75,61.51,61.97,1287000,psxdata,2026-05-11T12:51:52
NBP,2017-04-14,61.65,62.5,61.65,62.02,570000,psxdata,2026-05-11T12:51:52
NBP,2017-04-17,62.1,62.21,60.6,61.49,631000,psxdata,2026-05-11T12:51:52
NBP,2017-04-18,61.4,63.35,61.4,62.96,1835500,psxdata,2026-05-11T12:51:52
NBP,2017-04-19,61.25,63.29,61.25,62.9,1293000,psxdata,2026-05-11T12:51:52
NBP,2017-04-20,62.8,64.4,61.7,62.27,3830000,psxdata,2026-05-11T12:51:52
NBP,2017-04-21,62.4,63.6,62.0,63.34,2989000,psxdata,2026-05-11T12:51:52
NBP,2017-04-24,63.5,64.8,63.08,64.33,2841500,psxdata,2026-05-11T12:51:52
NBP,2017-04-25,64.55,64.69,63.7,63.92,926000,psxdata,2026-05-11T12:51:52
NBP,2017-04-26,63.8,64.3,63.61,64.09,428500,psxdata,2026-05-11T12:51:52
NBP,2017-04-27,63.99,64.0,63.53,63.7,200000,psxdata,2026-05-11T12:51:52
NBP,2017-04-28,63.5,63.98,63.36,63.75,934500,psxdata,2026-05-11T12:51:52
NBP,2017-05-02,63.46,64.35,63.46,63.97,1288000,psxdata,2026-05-11T12:51:52
NBP,2017-05-03,63.9,64.5,63.5,63.87,1323500,psxdata,2026-05-11T12:51:52
NBP,2017-05-04,64.24,65.0,63.81,64.87,995000,psxdata,2026-05-11T12:51:52
NBP,2017-05-05,65.0,65.69,64.4,64.77,3988500,psxdata,2026-05-11T12:51:52
NBP,2017-05-08,64.88,66.48,64.65,66.25,4398000,psxdata,2026-05-11T12:51:52
NBP,2017-05-09,66.55,68.6,66.5,68.33,4501000,psxdata,2026-05-11T12:51:52
NBP,2017-05-10,69.0,69.0,68.0,68.49,1649500,psxdata,2026-05-11T12:51:52
NBP,2017-05-11,69.0,69.05,68.3,68.96,499500,psxdata,2026-05-11T12:51:52
NBP,2017-05-12,69.1,69.1,68.6,68.7,218000,psxdata,2026-05-11T12:51:52
NBP,2017-05-15,68.88,69.74,68.5,68.69,1961000,psxdata,2026-05-11T12:51:52
NBP,2017-05-16,69.5,69.51,67.8,68.51,1392500,psxdata,2026-05-11T12:51:52
NBP,2017-05-17,68.88,69.0,68.25,68.42,963500,psxdata,2026-05-11T12:51:52
NBP,2017-05-18,68.5,68.5,67.4,67.51,853500,psxdata,2026-05-11T12:51:52
NBP,2017-05-19,67.25,67.85,67.0,67.33,649000,psxdata,2026-05-11T12:51:52
NBP,2017-05-22,67.51,67.98,67.19,67.48,631500,psxdata,2026-05-11T12:51:52
NBP,2017-05-23,67.55,68.0,67.5,67.88,805000,psxdata,2026-05-11T12:51:52
NBP,2017-05-24,68.5,69.4,68.4,68.85,1862000,psxdata,2026-05-11T12:51:52
NBP,2017-05-25,69.0,69.0,66.45,66.81,1786500,psxdata,2026-05-11T12:51:52
NBP,2017-05-26,67.0,67.6,66.57,67.09,1378000,psxdata,2026-05-11T12:51:52
NBP,2017-05-29,66.81,67.09,65.9,66.19,503500,psxdata,2026-05-11T12:51:52
NBP,2017-05-30,66.01,66.47,65.0,65.3,433500,psxdata,2026-05-11T12:51:52
NBP,2017-05-31,65.02,67.86,63.0,66.33,8719500,psxdata,2026-05-11T12:51:52
NBP,2017-06-01,65.0,66.15,63.5,64.19,1273500,psxdata,2026-05-11T12:51:52
NBP,2017-06-02,63.0,66.4,63.0,65.66,1392000,psxdata,2026-05-11T12:51:52
NBP,2017-06-05,65.66,68.89,65.66,68.45,1472000,psxdata,2026-05-11T12:51:52
NBP,2017-06-06,68.44,68.74,67.49,67.97,1139000,psxdata,2026-05-11T12:51:52
NBP,2017-06-07,67.98,68.01,66.25,66.5,1468500,psxdata,2026-05-11T12:51:52
NBP,2017-06-08,66.9,67.4,66.5,67.18,1967500,psxdata,2026-05-11T12:51:52
NBP,2017-06-09,67.25,67.6,66.1,66.27,144000,psxdata,2026-05-11T12:51:52
NBP,2017-06-12,66.01,66.01,63.15,64.31,300500,psxdata,2026-05-11T12:51:52
NBP,2017-06-13,64.5,66.5,63.8,65.47,918500,psxdata,2026-05-11T12:51:52
NBP,2017-06-14,65.99,66.5,64.85,65.27,553500,psxdata,2026-05-11T12:51:52
NBP,2017-06-15,65.0,65.64,64.61,65.5,878500,psxdata,2026-05-11T12:51:52
NBP,2017-06-16,65.01,65.01,62.5,63.21,1488500,psxdata,2026-05-11T12:51:52
NBP,2017-06-19,63.88,63.88,61.0,61.41,1201500,psxdata,2026-05-11T12:51:52
NBP,2017-06-20,61.5,61.95,59.12,59.57,1163000,psxdata,2026-05-11T12:51:52
NBP,2017-06-21,59.0,60.9,58.7,59.73,4304000,psxdata,2026-05-11T12:51:52
NBP,2017-06-22,60.0,60.89,59.9,60.66,733500,psxdata,2026-05-11T12:51:52
NBP,2017-06-29,60.11,61.35,57.65,58.3,4105000,psxdata,2026-05-11T12:51:52
NBP,2017-06-30,58.11,59.5,58.0,59.01,1357000,psxdata,2026-05-11T12:51:52
NBP,2017-07-03,59.01,59.01,56.5,57.02,1139500,psxdata,2026-05-11T12:51:52
NBP,2017-07-04,57.06,58.6,57.0,58.44,993500,psxdata,2026-05-11T12:51:52
NBP,2017-07-05,58.4,59.5,58.06,59.09,1011500,psxdata,2026-05-11T12:51:52
NBP,2017-07-06,59.25,59.39,58.05,58.48,153500,psxdata,2026-05-11T12:51:52
NBP,2017-07-07,58.48,59.4,58.1,59.06,507000,psxdata,2026-05-11T12:51:52
NBP,2017-07-10,59.0,61.5,58.97,60.47,2090500,psxdata,2026-05-11T12:51:52
NBP,2017-07-11,59.0,59.39,57.45,57.46,2892000,psxdata,2026-05-11T12:51:52
NBP,2017-07-12,56.26,59.3,56.26,58.78,375000,psxdata,2026-05-11T12:51:52
NBP,2017-07-13,58.65,61.0,58.5,60.34,1380500,psxdata,2026-05-11T12:51:52
NBP,2017-07-14,60.35,61.74,59.8,61.38,556500,psxdata,2026-05-11T12:51:52
NBP,2017-07-17,59.98,61.99,59.98,61.61,418500,psxdata,2026-05-11T12:51:52
NBP,2017-07-18,61.75,62.49,61.45,62.31,379500,psxdata,2026-05-11T12:51:52
NBP,2017-07-19,61.5,62.2,60.45,61.34,282000,psxdata,2026-05-11T12:51:52
NBP,2017-07-20,61.9,62.2,60.01,60.4,476000,psxdata,2026-05-11T12:51:52
NBP,2017-07-21,60.0,61.0,59.5,60.81,225500,psxdata,2026-05-11T12:51:52
NBP,2017-07-24,60.99,61.25,60.71,61.15,60500,psxdata,2026-05-11T12:51:52
NBP,2017-07-25,61.45,61.89,61.0,61.65,274500,psxdata,2026-05-11T12:51:52
NBP,2017-07-26,61.4,62.24,61.23,61.97,225000,psxdata,2026-05-11T12:51:52
NBP,2017-07-27,61.82,61.99,61.45,61.6,183500,psxdata,2026-05-11T12:51:52
NBP,2017-07-28,59.01,61.65,59.01,61.06,864500,psxdata,2026-05-11T12:51:52
NBP,2017-07-31,61.25,62.25,60.8,61.02,983500,psxdata,2026-05-11T12:51:52
NBP,2017-08-01,61.25,61.5,60.5,60.94,765500,psxdata,2026-05-11T12:51:52
NBP,2017-08-02,61.39,61.7,61.0,61.22,550000,psxdata,2026-05-11T12:51:52
NBP,2017-08-03,61.35,61.75,61.05,61.58,461500,psxdata,2026-05-11T12:51:52
NBP,2017-08-04,61.72,62.9,61.25,61.4,1263500,psxdata,2026-05-11T12:51:52
NBP,2017-08-07,61.18,61.6,60.8,61.07,192500,psxdata,2026-05-11T12:51:52
NBP,2017-08-08,61.0,61.24,60.55,60.87,311500,psxdata,2026-05-11T12:51:52
NBP,2017-08-09,60.3,61.5,60.2,61.0,392500,psxdata,2026-05-11T12:51:52
NBP,2017-08-10,61.24,61.25,60.61,60.68,94000,psxdata,2026-05-11T12:51:52
NBP,2017-08-11,60.5,61.1,60.46,60.69,548000,psxdata,2026-05-11T12:51:52
NBP,2017-08-15,60.5,61.49,59.9,60.11,856000,psxdata,2026-05-11T12:51:52
NBP,2017-08-16,60.5,61.75,60.5,60.98,490000,psxdata,2026-05-11T12:51:52
NBP,2017-08-17,60.99,61.0,60.4,60.76,293000,psxdata,2026-05-11T12:51:52
NBP,2017-08-18,60.06,60.85,59.0,60.72,378500,psxdata,2026-05-11T12:51:52
NBP,2017-08-21,61.54,61.54,59.51,59.95,756000,psxdata,2026-05-11T12:51:52
NBP,2017-08-22,59.5,60.8,59.2,60.34,415000,psxdata,2026-05-11T12:51:52
NBP,2017-08-23,60.0,61.59,60.0,60.95,674500,psxdata,2026-05-11T12:51:52
NBP,2017-08-24,60.8,61.29,59.56,59.82,819500,psxdata,2026-05-11T12:51:52
NBP,2017-08-25,59.5,59.98,59.0,59.42,378000,psxdata,2026-05-11T12:51:52
NBP,2017-08-28,59.0,59.4,56.98,57.62,304000,psxdata,2026-05-11T12:51:52
NBP,2017-08-29,57.5,57.55,56.75,56.98,1475500,psxdata,2026-05-11T12:51:52
NBP,2017-08-30,56.05,56.98,56.0,56.55,252500,psxdata,2026-05-11T12:51:52
NBP,2017-08-31,56.3,56.9,54.65,55.53,1255000,psxdata,2026-05-11T12:51:52
NBP,2017-09-05,55.6,55.98,55.3,55.64,960000,psxdata,2026-05-11T12:51:52
NBP,2017-09-06,55.89,56.25,55.35,55.52,1385500,psxdata,2026-05-11T12:51:52
NBP,2017-09-07,55.51,55.51,52.75,53.64,4598500,psxdata,2026-05-11T12:51:52
NBP,2017-09-08,54.78,56.0,53.8,53.94,2295500,psxdata,2026-05-11T12:51:52
NBP,2017-09-11,54.44,55.5,53.5,55.01,1896500,psxdata,2026-05-11T12:51:52
NBP,2017-09-12,55.01,57.76,54.72,56.12,1252500,psxdata,2026-05-11T12:51:52
NBP,2017-09-13,56.95,58.92,56.5,58.27,1440500,psxdata,2026-05-11T12:51:52
NBP,2017-09-14,58.27,59.7,58.06,59.33,318000,psxdata,2026-05-11T12:51:52
NBP,2017-09-15,58.55,60.0,58.12,59.09,371500,psxdata,2026-05-11T12:51:52
NBP,2017-09-18,58.52,59.0,58.06,58.49,509500,psxdata,2026-05-11T12:51:52
NBP,2017-09-19,58.85,60.85,58.75,60.14,928500,psxdata,2026-05-11T12:51:52
NBP,2017-09-20,60.0,60.3,59.5,59.99,363500,psxdata,2026-05-11T12:51:52
NBP,2017-09-21,59.4,59.61,57.0,57.65,1305500,psxdata,2026-05-11T12:51:52
NBP,2017-09-22,58.01,58.6,57.51,58.03,202500,psxdata,2026-05-11T12:51:52
NBP,2017-09-25,58.11,58.11,55.13,55.13,3455500,psxdata,2026-05-11T12:51:52
NBP,2017-09-26,52.38,52.38,52.38,52.38,186500,psxdata,2026-05-11T12:51:52
NBP,2017-09-27,49.77,49.77,49.77,49.77,116500,psxdata,2026-05-11T12:51:52
NBP,2017-09-28,48.6,49.49,48.5,48.73,2334000,psxdata,2026-05-11T12:51:52
NBP,2017-09-29,48.61,49.59,48.61,49.14,512500,psxdata,2026-05-11T12:51:52
NBP,2017-10-02,49.06,49.4,48.65,48.78,240500,psxdata,2026-05-11T12:51:52
NBP,2017-10-03,49.0,49.18,48.06,48.27,185500,psxdata,2026-05-11T12:51:52
NBP,2017-10-04,48.79,50.45,47.0,49.05,722000,psxdata,2026-05-11T12:51:52
NBP,2017-10-05,49.29,49.38,48.0,49.03,327500,psxdata,2026-05-11T12:51:52
NBP,2017-10-06,49.0,49.75,48.73,49.51,467500,psxdata,2026-05-11T12:51:52
NBP,2017-10-09,49.5,49.8,48.2,48.73,283000,psxdata,2026-05-11T12:51:52
NBP,2017-10-10,48.5,48.75,47.7,47.94,185500,psxdata,2026-05-11T12:51:52
NBP,2017-10-11,48.2,48.79,47.25,48.04,450000,psxdata,2026-05-11T12:51:52
NBP,2017-10-12,48.01,48.3,46.0,46.52,252500,psxdata,2026-05-11T12:51:52
NBP,2017-10-13,46.5,48.84,45.0,48.33,796500,psxdata,2026-05-11T12:51:52
NBP,2017-10-16,48.48,49.4,48.06,48.52,412500,psxdata,2026-05-11T12:51:52
NBP,2017-10-17,48.52,48.8,47.4,47.72,335500,psxdata,2026-05-11T12:51:52
NBP,2017-10-18,47.25,47.89,46.8,47.23,255500,psxdata,2026-05-11T12:51:52
NBP,2017-10-19,47.5,48.18,47.2,48.0,474000,psxdata,2026-05-11T12:51:52
NBP,2017-10-20,48.0,48.46,47.32,47.52,635000,psxdata,2026-05-11T12:51:52
NBP,2017-10-23,47.85,47.85,46.81,47.03,636500,psxdata,2026-05-11T12:51:52
NBP,2017-10-24,47.1,47.24,46.75,46.99,468500,psxdata,2026-05-11T12:51:52
NBP,2017-10-25,47.01,47.44,47.0,47.22,248000,psxdata,2026-05-11T12:51:52
NBP,2017-10-26,47.39,47.55,47.0,47.06,228000,psxdata,2026-05-11T12:51:52
NBP,2017-10-27,47.12,47.3,45.1,45.91,1386500,psxdata,2026-05-11T12:51:52
NBP,2017-10-30,46.49,46.49,45.1,45.46,662500,psxdata,2026-05-11T12:51:52
NBP,2017-10-31,45.5,45.5,44.0,44.14,588500,psxdata,2026-05-11T12:51:52
NBP,2017-11-01,44.0,45.2,43.99,44.85,1299000,psxdata,2026-05-11T12:51:52
NBP,2017-11-02,44.51,44.8,44.25,44.45,320500,psxdata,2026-05-11T12:51:52
NBP,2017-11-03,44.23,44.75,43.99,44.7,789500,psxdata,2026-05-11T12:51:52
NBP,2017-11-06,44.51,44.51,43.93,44.11,254500,psxdata,2026-05-11T12:51:52
NBP,2017-11-07,44.25,44.4,43.5,43.6,550500,psxdata,2026-05-11T12:51:52
NBP,2017-11-08,43.51,44.99,43.51,44.8,2624000,psxdata,2026-05-11T12:51:52
NBP,2017-11-09,44.99,46.01,44.99,45.93,995000,psxdata,2026-05-11T12:51:52
NBP,2017-11-10,45.99,46.0,45.6,45.87,300500,psxdata,2026-05-11T12:51:52
NBP,2017-11-13,46.18,46.18,45.15,45.43,158500,psxdata,2026-05-11T12:51:52
NBP,2017-11-14,45.65,46.0,45.01,45.13,174000,psxdata,2026-05-11T12:51:52
NBP,2017-11-15,45.0,45.69,44.9,45.29,160500,psxdata,2026-05-11T12:51:52
NBP,2017-11-16,45.3,45.7,45.3,45.59,132000,psxdata,2026-05-11T12:51:52
NBP,2017-11-17,45.6,45.61,45.31,45.42,240500,psxdata,2026-05-11T12:51:52
NBP,2017-11-20,45.31,45.5,44.5,44.55,347000,psxdata,2026-05-11T12:51:52
NBP,2017-11-21,44.5,45.0,44.41,44.58,210500,psxdata,2026-05-11T12:51:52
NBP,2017-11-22,44.99,44.99,44.2,44.29,307500,psxdata,2026-05-11T12:51:52
NBP,2017-11-23,44.65,44.65,43.85,43.96,412000,psxdata,2026-05-11T12:51:52
NBP,2017-11-24,43.8,44.49,43.3,43.61,655000,psxdata,2026-05-11T12:51:52
NBP,2017-11-27,43.49,44.0,43.26,43.57,182000,psxdata,2026-05-11T12:51:52
NBP,2017-11-28,43.85,44.0,43.55,43.61,138500,psxdata,2026-05-11T12:51:52
NBP,2017-11-29,43.83,43.9,43.5,43.69,315500,psxdata,2026-05-11T12:51:52
NBP,2017-11-30,43.93,45.25,43.87,44.84,807000,psxdata,2026-05-11T12:51:52
NBP,2017-12-04,45.0,45.49,44.6,44.8,171000,psxdata,2026-05-11T12:51:52
NBP,2017-12-05,44.75,45.0,44.55,44.75,65500,psxdata,2026-05-11T12:51:52
NBP,2017-12-06,44.8,45.0,44.8,44.82,51500,psxdata,2026-05-11T12:51:52
NBP,2017-12-07,44.9,45.0,42.58,43.03,1216000,psxdata,2026-05-11T12:51:52
NBP,2017-12-08,43.05,44.34,42.6,44.03,571000,psxdata,2026-05-11T12:51:52
NBP,2017-12-11,43.99,44.68,42.6,43.01,629000,psxdata,2026-05-11T12:51:52
NBP,2017-12-12,42.9,43.7,42.5,43.43,587000,psxdata,2026-05-11T12:51:52
NBP,2017-12-13,43.21,44.0,43.21,43.63,308500,psxdata,2026-05-11T12:51:52
NBP,2017-12-14,43.6,43.6,43.0,43.1,375500,psxdata,2026-05-11T12:51:52
NBP,2017-12-15,43.01,43.99,43.0,43.57,414500,psxdata,2026-05-11T12:51:52
NBP,2017-12-18,43.55,44.0,43.35,43.54,1709000,psxdata,2026-05-11T12:51:52
NBP,2017-12-19,43.52,43.7,42.81,43.03,148500,psxdata,2026-05-11T12:51:52
NBP,2017-12-20,43.43,44.0,43.39,43.59,3352500,psxdata,2026-05-11T12:51:52
NBP,2017-12-21,43.94,45.76,43.3,44.99,3691500,psxdata,2026-05-11T12:51:52
NBP,2017-12-22,45.0,47.23,45.0,46.7,1152500,psxdata,2026-05-11T12:51:52
NBP,2017-12-26,45.86,46.51,45.86,46.23,365000,psxdata,2026-05-11T12:51:52
NBP,2017-12-27,46.7,47.25,46.06,46.8,802500,psxdata,2026-05-11T12:51:52
NBP,2017-12-28,46.7,47.55,46.5,46.91,468500,psxdata,2026-05-11T12:51:52
NBP,2017-12-29,46.98,49.2,46.98,48.56,2796500,psxdata,2026-05-11T12:51:52
NBP,2018-01-01,48.1,48.75,48.0,48.56,159000,psxdata,2026-05-11T12:51:52
NBP,2018-01-02,48.0,48.97,48.0,48.77,994500,psxdata,2026-05-11T12:51:52
NBP,2018-01-03,48.5,49.0,48.23,48.47,437500,psxdata,2026-05-11T12:51:52
NBP,2018-01-04,48.4,50.48,48.2,49.96,1586000,psxdata,2026-05-11T12:51:52
NBP,2018-01-05,50.0,50.49,49.76,50.24,1065000,psxdata,2026-05-11T12:51:52
NBP,2018-01-08,50.24,50.45,49.8,49.94,885000,psxdata,2026-05-11T12:51:52
NBP,2018-01-09,49.94,50.0,47.95,48.0,2173000,psxdata,2026-05-11T12:51:52
NBP,2018-01-10,48.2,48.8,47.9,48.47,1159000,psxdata,2026-05-11T12:51:52
NBP,2018-01-11,48.6,49.25,47.3,47.6,3140500,psxdata,2026-05-11T12:51:52
NBP,2018-01-12,47.5,47.73,46.75,47.26,932000,psxdata,2026-05-11T12:51:52
NBP,2018-01-15,47.02,47.19,46.25,46.83,273500,psxdata,2026-05-11T12:51:52
NBP,2018-01-16,46.87,47.84,46.8,47.17,636500,psxdata,2026-05-11T12:51:52
NBP,2018-01-17,47.35,47.94,46.9,47.74,626500,psxdata,2026-05-11T12:51:52
NBP,2018-01-18,48.0,48.38,47.25,47.53,1292000,psxdata,2026-05-11T12:51:52
NBP,2018-01-19,47.79,48.0,47.44,47.94,305500,psxdata,2026-05-11T12:51:52
NBP,2018-01-22,48.3,48.9,47.85,48.79,742500,psxdata,2026-05-11T12:51:52
NBP,2018-01-23,48.56,49.2,48.32,49.02,590500,psxdata,2026-05-11T12:51:52
NBP,2018-01-24,49.11,50.05,49.1,49.31,1284500,psxdata,2026-05-11T12:51:52
NBP,2018-01-25,49.55,49.55,48.82,49.34,1100000,psxdata,2026-05-11T12:51:52
NBP,2018-01-26,49.25,49.25,48.65,49.03,641500,psxdata,2026-05-11T12:51:52
NBP,2018-01-29,49.9,50.09,49.2,49.42,1208500,psxdata,2026-05-11T12:51:52
NBP,2018-01-30,49.5,49.68,48.4,48.9,867000,psxdata,2026-05-11T12:51:52
NBP,2018-01-31,49.0,49.5,48.76,48.96,373000,psxdata,2026-05-11T12:51:52
NBP,2018-02-01,49.36,49.69,49.06,49.33,370000,psxdata,2026-05-11T12:51:52
NBP,2018-02-02,49.5,49.7,49.31,49.44,631000,psxdata,2026-05-11T12:51:52
NBP,2018-02-06,49.1,49.39,48.75,49.3,309500,psxdata,2026-05-11T12:51:52
NBP,2018-02-07,49.59,50.37,49.36,50.02,1391500,psxdata,2026-05-11T12:51:52
NBP,2018-02-08,50.4,52.08,50.15,51.5,2531500,psxdata,2026-05-11T12:51:52
NBP,2018-02-09,51.5,52.0,51.32,51.57,824000,psxdata,2026-05-11T12:51:52
NBP,2018-02-12,51.5,52.49,51.0,51.17,1811000,psxdata,2026-05-11T12:51:52
NBP,2018-02-13,51.5,51.75,51.25,51.35,225500,psxdata,2026-05-11T12:51:52
NBP,2018-02-14,51.2,51.64,49.75,49.96,1519500,psxdata,2026-05-11T12:51:52
NBP,2018-02-15,49.65,50.79,49.61,49.92,440000,psxdata,2026-05-11T12:51:52
NBP,2018-02-16,50.3,50.3,49.51,49.81,726500,psxdata,2026-05-11T12:51:52
NBP,2018-02-19,49.92,50.9,49.5,49.6,1230000,psxdata,2026-05-11T12:51:52
NBP,2018-02-20,49.95,50.0,47.2,48.41,3970000,psxdata,2026-05-11T12:51:52
NBP,2018-02-21,48.31,48.81,47.9,48.16,3205000,psxdata,2026-05-11T12:51:52
NBP,2018-02-22,47.26,48.89,47.26,48.68,1364000,psxdata,2026-05-11T12:51:52
NBP,2018-02-23,48.41,48.8,47.5,47.64,2443000,psxdata,2026-05-11T12:51:52
NBP,2018-02-26,47.85,48.5,47.7,47.74,538500,psxdata,2026-05-11T12:51:52
NBP,2018-02-27,47.41,47.8,46.76,47.01,1175000,psxdata,2026-05-11T12:51:52
NBP,2018-02-28,47.3,47.41,46.66,46.82,1349000,psxdata,2026-05-11T12:51:52
NBP,2018-03-01,46.8,47.5,46.8,47.03,1083000,psxdata,2026-05-11T12:51:52
NBP,2018-03-02,47.0,47.6,47.0,47.46,311500,psxdata,2026-05-11T12:51:52
NBP,2018-03-05,47.25,47.9,47.16,47.78,273000,psxdata,2026-05-11T12:51:52
NBP,2018-03-06,47.8,47.9,47.4,47.66,763500,psxdata,2026-05-11T12:51:52
NBP,2018-03-07,47.41,47.51,47.01,47.16,1118000,psxdata,2026-05-11T12:51:52
NBP,2018-03-08,46.9,47.68,46.9,47.39,1105000,psxdata,2026-05-11T12:51:52
NBP,2018-03-09,47.88,47.88,46.68,46.98,284000,psxdata,2026-05-11T12:51:52
NBP,2018-03-12,47.25,48.0,47.0,47.05,723000,psxdata,2026-05-11T12:51:52
NBP,2018-03-13,46.91,48.4,46.91,48.2,2600000,psxdata,2026-05-11T12:51:52
NBP,2018-03-14,48.19,48.9,47.9,48.21,1652000,psxdata,2026-05-11T12:51:52
NBP,2018-03-15,48.3,48.5,48.03,48.19,179500,psxdata,2026-05-11T12:51:52
NBP,2018-03-16,48.11,48.49,47.25,47.93,770000,psxdata,2026-05-11T12:51:52
NBP,2018-03-19,47.9,47.9,47.3,47.68,142500,psxdata,2026-05-11T12:51:52
NBP,2018-03-20,47.8,49.9,47.6,49.6,2094000,psxdata,2026-05-11T12:51:52
NBP,2018-03-21,49.94,51.1,48.8,50.7,3462000,psxdata,2026-05-11T12:51:52
NBP,2018-03-22,50.88,50.88,49.8,50.21,1185000,psxdata,2026-05-11T12:51:52
NBP,2018-03-26,50.0,50.0,49.1,49.65,780000,psxdata,2026-05-11T12:51:52
NBP,2018-03-27,49.5,49.99,49.5,49.56,627500,psxdata,2026-05-11T12:51:52
NBP,2018-03-28,49.34,49.9,49.34,49.76,633000,psxdata,2026-05-11T12:51:52
NBP,2018-03-29,49.9,50.8,49.9,50.63,4636500,psxdata,2026-05-11T12:51:52
NBP,2018-03-30,50.25,50.4,50.0,50.06,927000,psxdata,2026-05-11T12:51:52
NBP,2018-04-02,49.42,49.52,48.49,48.83,1048000,psxdata,2026-05-11T12:51:52
NBP,2018-04-03,48.84,49.8,48.4,49.62,998000,psxdata,2026-05-11T12:51:52
NBP,2018-04-04,49.25,52.1,49.25,52.0,6135500,psxdata,2026-05-11T12:51:52
NBP,2018-04-05,51.99,52.5,51.5,51.83,1259500,psxdata,2026-05-11T12:51:52
NBP,2018-04-06,52.5,53.15,52.0,52.3,4724000,psxdata,2026-05-11T12:51:52
NBP,2018-04-09,51.89,52.85,51.8,51.85,273500,psxdata,2026-05-11T12:51:52
NBP,2018-04-10,51.41,51.7,50.8,51.02,399000,psxdata,2026-05-11T12:51:52
NBP,2018-04-11,51.66,51.66,51.0,51.28,430000,psxdata,2026-05-11T12:51:52
NBP,2018-04-12,51.1,52.04,51.01,51.79,4416000,psxdata,2026-05-11T12:51:52
NBP,2018-04-13,51.56,52.88,51.55,52.26,862000,psxdata,2026-05-11T12:51:52
NBP,2018-04-16,52.03,52.35,51.0,51.26,319000,psxdata,2026-05-11T12:51:52
NBP,2018-04-17,51.5,51.5,51.0,51.07,272000,psxdata,2026-05-11T12:51:52
NBP,2018-04-18,51.05,51.6,50.9,51.18,170000,psxdata,2026-05-11T12:51:52
NBP,2018-04-19,51.6,51.6,50.0,50.17,663000,psxdata,2026-05-11T12:51:52
NBP,2018-04-20,50.11,50.75,50.0,50.2,463000,psxdata,2026-05-11T12:51:52
NBP,2018-04-23,50.25,50.55,49.5,49.62,330500,psxdata,2026-05-11T12:51:52
NBP,2018-04-24,49.52,50.35,49.41,50.22,253000,psxdata,2026-05-11T12:51:52
NBP,2018-04-25,50.45,50.5,49.48,49.5,316000,psxdata,2026-05-11T12:51:52
NBP,2018-04-26,50.0,50.1,49.2,49.48,309000,psxdata,2026-05-11T12:51:52
NBP,2018-04-27,49.5,51.2,49.5,50.8,1971000,psxdata,2026-05-11T12:51:52
NBP,2018-04-30,52.0,52.0,50.5,50.71,1111500,psxdata,2026-05-11T12:51:52
NBP,2018-05-02,50.5,50.9,50.1,50.61,157000,psxdata,2026-05-11T12:51:52
NBP,2018-05-03,50.9,51.0,49.7,50.02,360500,psxdata,2026-05-11T12:51:52
NBP,2018-05-04,50.0,50.24,49.61,49.88,57500,psxdata,2026-05-11T12:51:52
NBP,2018-05-07,50.0,50.39,49.5,49.58,70500,psxdata,2026-05-11T12:51:52
NBP,2018-05-08,49.51,49.51,49.03,49.15,211000,psxdata,2026-05-11T12:51:52
NBP,2018-05-09,49.4,49.4,48.55,48.99,461500,psxdata,2026-05-11T12:51:52
NBP,2018-05-10,49.01,49.5,48.91,48.96,2439000,psxdata,2026-05-11T12:51:52
NBP,2018-05-11,49.08,49.24,48.8,48.97,74000,psxdata,2026-05-11T12:51:52
NBP,2018-05-14,49.9,49.9,48.0,48.36,665500,psxdata,2026-05-11T12:51:52
NBP,2018-05-15,48.35,48.6,47.55,47.96,506000,psxdata,2026-05-11T12:51:52
NBP,2018-05-16,48.06,48.49,48.01,48.06,168500,psxdata,2026-05-11T12:51:52
NBP,2018-05-17,48.0,48.0,47.6,47.69,56500,psxdata,2026-05-11T12:51:52
NBP,2018-05-18,47.75,48.8,46.75,47.27,232500,psxdata,2026-05-11T12:51:52
NBP,2018-05-21,48.25,48.49,47.4,47.5,164000,psxdata,2026-05-11T12:51:52
NBP,2018-05-22,48.22,49.49,47.99,48.78,473500,psxdata,2026-05-11T12:51:52
NBP,2018-05-23,48.99,50.35,48.99,50.15,775000,psxdata,2026-05-11T12:51:52
NBP,2018-05-24,50.3,51.75,49.0,49.28,797500,psxdata,2026-05-11T12:51:52
NBP,2018-05-25,49.25,49.49,48.83,49.19,71500,psxdata,2026-05-11T12:51:52
NBP,2018-05-28,50.0,50.0,47.9,48.23,840500,psxdata,2026-05-11T12:51:52
NBP,2018-05-29,48.5,49.2,48.16,48.83,172000,psxdata,2026-05-11T12:51:52
NBP,2018-05-30,48.55,49.18,48.55,48.76,130500,psxdata,2026-05-11T12:51:52
NBP,2018-05-31,49.18,49.7,48.82,49.54,197500,psxdata,2026-05-11T12:51:52
NBP,2018-06-01,49.01,49.7,49.0,49.07,95000,psxdata,2026-05-11T12:51:52
NBP,2018-06-04,49.49,49.49,49.02,49.23,16000,psxdata,2026-05-11T12:51:52
NBP,2018-06-05,49.49,50.0,49.0,49.86,230500,psxdata,2026-05-11T12:51:52
NBP,2018-06-06,49.99,51.2,49.55,50.51,1144500,psxdata,2026-05-11T12:51:52
NBP,2018-06-07,50.3,51.4,49.65,49.85,1728500,psxdata,2026-05-11T12:51:52
NBP,2018-06-11,49.75,50.87,49.1,49.24,1651000,psxdata,2026-05-11T12:51:52
NBP,2018-06-12,49.5,49.5,48.93,48.98,149500,psxdata,2026-05-11T12:51:52
NBP,2018-06-13,48.91,49.65,48.9,49.15,113500,psxdata,2026-05-11T12:51:52
NBP,2018-06-14,49.25,49.7,48.99,49.12,480500,psxdata,2026-05-11T12:51:52
NBP,2018-06-19,49.02,49.75,49.0,49.43,149500,psxdata,2026-05-11T12:51:52
NBP,2018-06-20,49.26,49.27,48.75,48.91,288500,psxdata,2026-05-11T12:51:52
NBP,2018-06-21,48.51,49.0,48.4,48.62,192500,psxdata,2026-05-11T12:51:52
NBP,2018-06-22,48.36,48.75,47.9,47.95,377500,psxdata,2026-05-11T12:51:52
NBP,2018-06-25,47.62,48.0,46.76,46.83,305000,psxdata,2026-05-11T12:51:52
NBP,2018-06-26,47.89,48.5,46.33,47.54,251000,psxdata,2026-05-11T12:51:52
NBP,2018-06-27,47.05,48.5,47.05,47.7,1599500,psxdata,2026-05-11T12:51:52
NBP,2018-06-28,47.98,48.05,47.25,47.59,1579500,psxdata,2026-05-11T12:51:52
NBP,2018-06-29,47.6,47.8,47.25,47.37,352000,psxdata,2026-05-11T12:51:52
NBP,2018-07-02,47.95,48.05,47.55,47.98,131500,psxdata,2026-05-11T12:51:52
NBP,2018-07-03,48.0,48.5,47.5,48.14,230500,psxdata,2026-05-11T12:51:52
NBP,2018-07-04,47.53,48.0,47.1,47.54,267500,psxdata,2026-05-11T12:51:52
NBP,2018-07-05,47.01,48.01,47.01,47.19,386500,psxdata,2026-05-11T12:51:52
NBP,2018-07-06,46.52,47.45,46.52,47.21,121000,psxdata,2026-05-11T12:51:52
NBP,2018-07-09,47.5,47.5,46.99,47.05,1990000,psxdata,2026-05-11T12:51:52
NBP,2018-07-10,46.53,47.0,46.0,46.51,457500,psxdata,2026-05-11T12:51:52
NBP,2018-07-11,46.6,48.0,46.49,47.87,837000,psxdata,2026-05-11T12:51:52
NBP,2018-07-12,47.75,48.95,47.5,48.59,229500,psxdata,2026-05-11T12:51:52
NBP,2018-07-13,49.1,50.85,49.0,50.58,2002500,psxdata,2026-05-11T12:51:52
NBP,2018-07-16,50.9,50.9,49.1,49.45,896000,psxdata,2026-05-11T12:51:52
NBP,2018-07-17,49.88,49.88,48.4,49.3,544000,psxdata,2026-05-11T12:51:52
NBP,2018-07-18,49.5,50.9,49.5,49.99,4753000,psxdata,2026-05-11T12:51:52
NBP,2018-07-19,50.9,51.0,49.01,49.43,1734000,psxdata,2026-05-11T12:51:52
NBP,2018-07-20,49.06,49.3,48.8,48.96,474000,psxdata,2026-05-11T12:51:52
NBP,2018-07-23,48.94,49.25,48.53,49.06,104000,psxdata,2026-05-11T12:51:52
NBP,2018-07-24,49.0,49.85,48.99,49.47,968500,psxdata,2026-05-11T12:51:52
NBP,2018-07-26,50.05,50.1,49.1,49.6,1008000,psxdata,2026-05-11T12:51:52
NBP,2018-07-27,49.26,50.2,49.26,50.03,4528000,psxdata,2026-05-11T12:51:52
NBP,2018-07-30,50.0,51.0,50.0,50.7,3656500,psxdata,2026-05-11T12:51:52
NBP,2018-07-31,50.6,50.8,50.0,50.25,1669500,psxdata,2026-05-11T12:51:52
NBP,2018-08-01,50.4,51.2,50.25,50.97,2066500,psxdata,2026-05-11T12:51:52
NBP,2018-08-02,51.4,53.51,50.5,52.01,7963000,psxdata,2026-05-11T12:51:52
NBP,2018-08-03,52.0,54.5,51.6,53.78,5542500,psxdata,2026-05-11T12:51:52
NBP,2018-08-06,54.0,54.89,52.8,53.24,2664500,psxdata,2026-05-11T12:51:52
NBP,2018-08-07,53.35,53.5,52.8,52.93,3223500,psxdata,2026-05-11T12:51:52
NBP,2018-08-08,52.8,53.0,51.8,51.93,280000,psxdata,2026-05-11T12:51:52
NBP,2018-08-09,52.05,53.1,52.0,52.72,642000,psxdata,2026-05-11T12:51:52
NBP,2018-08-10,53.0,53.2,52.17,52.47,659500,psxdata,2026-05-11T12:51:52
NBP,2018-08-13,52.26,52.9,51.93,52.01,310500,psxdata,2026-05-11T12:51:52
NBP,2018-08-15,52.01,52.2,51.0,51.42,303000,psxdata,2026-05-11T12:51:52
NBP,2018-08-16,51.5,51.83,50.5,51.11,289000,psxdata,2026-05-11T12:51:52
NBP,2018-08-17,51.0,52.49,51.0,51.53,904000,psxdata,2026-05-11T12:51:52
NBP,2018-08-20,51.88,51.89,50.7,50.92,234000,psxdata,2026-05-11T12:51:52
NBP,2018-08-24,51.48,51.48,50.81,51.17,139000,psxdata,2026-05-11T12:51:52
NBP,2018-08-27,51.48,53.38,51.4,52.77,1167000,psxdata,2026-05-11T12:51:52
NBP,2018-08-28,52.85,52.89,51.55,51.77,302000,psxdata,2026-05-11T12:51:52
NBP,2018-08-29,52.05,52.5,51.2,51.33,454500,psxdata,2026-05-11T12:51:52
NBP,2018-08-30,51.3,53.0,50.8,52.14,7124500,psxdata,2026-05-11T12:51:52
NBP,2018-08-31,52.5,53.25,52.15,52.34,2468500,psxdata,2026-05-11T12:51:52
NBP,2018-09-03,52.11,53.14,52.0,52.97,3749500,psxdata,2026-05-11T12:51:52
NBP,2018-09-04,53.0,53.5,51.45,51.93,1590000,psxdata,2026-05-11T12:51:52
NBP,2018-09-05,52.3,52.5,51.82,51.97,1676500,psxdata,2026-05-11T12:51:52
NBP,2018-09-06,51.76,52.68,51.5,51.9,1803000,psxdata,2026-05-11T12:51:52
NBP,2018-09-07,52.3,52.38,51.16,51.27,931500,psxdata,2026-05-11T12:51:52
NBP,2018-09-10,51.3,51.3,50.6,51.0,427000,psxdata,2026-05-11T12:51:52
NBP,2018-09-11,51.28,51.75,50.81,50.99,568500,psxdata,2026-05-11T12:51:52
NBP,2018-09-12,51.0,51.0,50.0,50.58,1665000,psxdata,2026-05-11T12:51:52
NBP,2018-09-13,50.5,52.9,50.4,51.87,796000,psxdata,2026-05-11T12:51:52
NBP,2018-09-14,51.99,52.01,51.0,51.14,2962000,psxdata,2026-05-11T12:51:52
NBP,2018-09-17,51.79,51.79,50.5,50.63,264000,psxdata,2026-05-11T12:51:52
NBP,2018-09-18,50.7,51.6,50.4,51.36,501000,psxdata,2026-05-11T12:51:52
NBP,2018-09-19,51.4,51.89,50.8,50.92,484000,psxdata,2026-05-11T12:51:52
NBP,2018-09-24,50.99,51.65,50.75,50.85,806500,psxdata,2026-05-11T12:51:52
NBP,2018-09-25,51.19,51.4,50.75,50.81,304500,psxdata,2026-05-11T12:51:52
NBP,2018-09-26,50.65,51.49,50.65,51.17,371000,psxdata,2026-05-11T12:51:52
NBP,2018-09-27,51.35,52.0,50.79,51.3,864000,psxdata,2026-05-11T12:51:52
NBP,2018-09-28,51.49,52.35,51.4,51.94,2798500,psxdata,2026-05-11T12:51:52
NBP,2018-10-01,51.99,52.28,51.35,51.95,1871500,psxdata,2026-05-11T12:51:52
NBP,2018-10-02,52.0,52.35,51.6,51.97,360000,psxdata,2026-05-11T12:51:52
NBP,2018-10-03,51.99,51.99,51.31,51.52,287000,psxdata,2026-05-11T12:51:52
NBP,2018-10-04,51.26,51.48,50.0,50.32,306000,psxdata,2026-05-11T12:51:52
NBP,2018-10-05,50.0,50.2,48.98,49.75,713500,psxdata,2026-05-11T12:51:52
NBP,2018-10-08,49.01,49.6,47.27,47.27,993000,psxdata,2026-05-11T12:51:52
NBP,2018-10-09,48.9,49.6,46.0,47.34,541500,psxdata,2026-05-11T12:51:52
NBP,2018-10-10,47.0,48.5,46.15,47.2,640000,psxdata,2026-05-11T12:51:52
NBP,2018-10-11,46.7,47.32,46.25,46.55,561000,psxdata,2026-05-11T12:51:52
NBP,2018-10-12,46.15,48.75,45.0,46.12,1080000,psxdata,2026-05-11T12:51:52
NBP,2018-10-15,46.0,46.9,45.4,46.5,332500,psxdata,2026-05-11T12:51:52
NBP,2018-10-16,46.5,47.99,45.25,46.1,640500,psxdata,2026-05-11T12:51:52
NBP,2018-10-17,46.7,48.35,46.15,48.16,444000,psxdata,2026-05-11T12:51:52
NBP,2018-10-18,48.06,48.5,47.5,48.28,232500,psxdata,2026-05-11T12:51:52
NBP,2018-10-19,48.04,49.82,48.0,49.3,689500,psxdata,2026-05-11T12:51:52
NBP,2018-10-22,49.31,50.48,49.11,49.85,906000,psxdata,2026-05-11T12:51:52
NBP,2018-10-23,49.5,50.0,47.9,48.22,603000,psxdata,2026-05-11T12:51:52
NBP,2018-10-24,49.39,50.63,49.01,49.96,1348000,psxdata,2026-05-11T12:51:52
NBP,2018-10-25,50.3,50.3,48.51,48.89,1651500,psxdata,2026-05-11T12:51:52
NBP,2018-10-26,49.15,49.29,47.61,48.79,1362500,psxdata,2026-05-11T12:51:52
NBP,2018-10-29,49.2,50.01,48.4,48.77,3475500,psxdata,2026-05-11T12:51:52
NBP,2018-10-30,48.75,49.3,48.2,48.65,2023000,psxdata,2026-05-11T12:51:52
NBP,2018-10-31,48.65,48.74,48.04,48.18,1100500,psxdata,2026-05-11T12:51:52
NBP,2018-11-01,48.01,48.55,48.0,48.07,576500,psxdata,2026-05-11T12:51:52
NBP,2018-11-02,48.21,49.2,48.01,48.83,1392500,psxdata,2026-05-11T12:51:52
NBP,2018-11-05,48.27,48.59,48.0,48.27,641500,psxdata,2026-05-11T12:51:52
NBP,2018-11-06,48.2,48.45,47.9,48.15,568000,psxdata,2026-05-11T12:51:52
NBP,2018-11-07,48.5,48.9,48.15,48.4,1209500,psxdata,2026-05-11T12:51:52
NBP,2018-11-08,48.6,48.65,48.06,48.15,359000,psxdata,2026-05-11T12:51:52
NBP,2018-11-09,48.03,48.75,48.03,48.39,1085000,psxdata,2026-05-11T12:51:52
NBP,2018-11-12,48.21,49.35,48.2,48.72,1192500,psxdata,2026-05-11T12:51:52
NBP,2018-11-13,48.6,48.89,48.5,48.76,135000,psxdata,2026-05-11T12:51:52
NBP,2018-11-14,48.56,49.3,48.56,48.96,798500,psxdata,2026-05-11T12:51:52
NBP,2018-11-15,48.85,49.65,48.85,49.29,1542000,psxdata,2026-05-11T12:51:52
NBP,2018-11-16,49.35,50.5,49.3,49.96,2805500,psxdata,2026-05-11T12:51:52
NBP,2018-11-19,50.02,50.5,49.92,50.01,963000,psxdata,2026-05-11T12:51:52
NBP,2018-11-20,50.0,50.79,49.85,50.16,807000,psxdata,2026-05-11T12:51:52
NBP,2018-11-22,50.38,50.4,49.15,49.28,629500,psxdata,2026-05-11T12:51:52
NBP,2018-11-23,49.29,50.0,48.9,49.71,612000,psxdata,2026-05-11T12:51:52
NBP,2018-11-26,49.79,49.8,49.0,49.06,157500,psxdata,2026-05-11T12:51:52
NBP,2018-11-27,49.01,49.5,48.65,49.45,194500,psxdata,2026-05-11T12:51:52
NBP,2018-11-28,49.3,49.75,49.05,49.24,1579500,psxdata,2026-05-11T12:51:52
NBP,2018-11-29,49.2,49.49,48.9,49.32,395000,psxdata,2026-05-11T12:51:52
NBP,2018-11-30,49.05,49.75,48.6,48.75,603000,psxdata,2026-05-11T12:51:52
NBP,2018-12-03,49.0,49.2,47.9,48.11,787000,psxdata,2026-05-11T12:51:52
NBP,2018-12-04,48.5,48.99,47.96,48.25,883000,psxdata,2026-05-11T12:51:52
NBP,2018-12-05,48.3,48.3,47.0,47.94,1105000,psxdata,2026-05-11T12:51:52
NBP,2018-12-06,48.0,48.0,46.55,46.99,907500,psxdata,2026-05-11T12:51:52
NBP,2018-12-07,47.29,47.37,46.69,46.96,304500,psxdata,2026-05-11T12:51:52
NBP,2018-12-10,47.2,47.7,47.2,47.53,412500,psxdata,2026-05-11T12:51:52
NBP,2018-12-11,47.4,47.5,46.81,46.96,187000,psxdata,2026-05-11T12:51:52
NBP,2018-12-12,46.85,47.45,45.5,45.97,804500,psxdata,2026-05-11T12:51:52
NBP,2018-12-13,46.39,46.95,44.7,45.83,292500,psxdata,2026-05-11T12:51:52
NBP,2018-12-14,46.49,47.4,45.9,46.93,294000,psxdata,2026-05-11T12:51:52
NBP,2018-12-17,46.95,47.0,46.36,46.49,121000,psxdata,2026-05-11T12:51:52
NBP,2018-12-18,46.12,46.2,45.4,45.61,485500,psxdata,2026-05-11T12:51:52
NBP,2018-12-19,45.16,45.96,44.0,44.43,5350500,psxdata,2026-05-11T12:51:52
NBP,2018-12-20,44.35,45.89,44.16,45.71,990000,psxdata,2026-05-11T12:51:52
NBP,2018-12-21,45.66,46.5,44.9,45.73,1195500,psxdata,2026-05-11T12:51:52
NBP,2018-12-24,45.45,45.8,44.9,45.59,298000,psxdata,2026-05-11T12:51:52
NBP,2018-12-26,45.49,45.85,44.75,45.02,650500,psxdata,2026-05-11T12:51:52
NBP,2018-12-27,45.01,45.49,44.5,44.64,629500,psxdata,2026-05-11T12:51:52
NBP,2018-12-28,44.44,44.55,42.41,42.57,2110000,psxdata,2026-05-11T12:51:52
NBP,2018-12-31,42.0,42.89,41.1,42.03,5721500,psxdata,2026-05-11T12:51:52
NBP,2019-01-01,42.35,43.19,42.2,43.0,304000,psxdata,2026-05-11T12:51:52
NBP,2019-01-02,43.3,44.25,42.85,43.48,523500,psxdata,2026-05-11T12:51:52
NBP,2019-01-03,43.55,43.55,42.95,43.06,214000,psxdata,2026-05-11T12:51:52
NBP,2019-01-04,43.0,43.0,42.4,42.58,246500,psxdata,2026-05-11T12:51:52
NBP,2019-01-07,43.14,44.25,42.9,44.14,745500,psxdata,2026-05-11T12:51:52
NBP,2019-01-08,44.68,45.05,44.25,44.73,860500,psxdata,2026-05-11T12:51:52
NBP,2019-01-09,44.91,45.0,44.5,44.64,357000,psxdata,2026-05-11T12:51:52
NBP,2019-01-10,44.65,45.01,44.06,44.41,400500,psxdata,2026-05-11T12:51:52
NBP,2019-01-11,44.21,45.4,44.11,44.99,711000,psxdata,2026-05-11T12:51:52
NBP,2019-01-14,45.0,46.6,45.0,46.23,843500,psxdata,2026-05-11T12:51:52
NBP,2019-01-15,46.74,46.94,46.02,46.22,597000,psxdata,2026-05-11T12:51:52
NBP,2019-01-16,46.15,46.25,45.5,45.65,178000,psxdata,2026-05-11T12:51:52
NBP,2019-01-17,46.0,46.3,45.16,46.16,135000,psxdata,2026-05-11T12:51:52
NBP,2019-01-18,46.29,46.7,46.0,46.27,153500,psxdata,2026-05-11T12:51:52
NBP,2019-01-21,46.88,46.88,45.99,46.37,244500,psxdata,2026-05-11T12:51:52
NBP,2019-01-22,46.01,47.0,45.55,46.72,438000,psxdata,2026-05-11T12:51:52
NBP,2019-01-23,47.0,47.6,46.51,46.94,1045500,psxdata,2026-05-11T12:51:52
NBP,2019-01-24,47.95,48.15,47.0,47.63,1811000,psxdata,2026-05-11T12:51:52
NBP,2019-01-25,47.85,47.9,47.3,47.52,511000,psxdata,2026-05-11T12:51:52
NBP,2019-01-28,47.8,47.8,47.29,47.41,289500,psxdata,2026-05-11T12:51:52
NBP,2019-01-29,47.2,47.36,46.8,47.0,214500,psxdata,2026-05-11T12:51:52
NBP,2019-01-30,47.0,47.25,46.74,46.83,218000,psxdata,2026-05-11T12:51:52
NBP,2019-01-31,47.7,47.7,46.75,46.97,197500,psxdata,2026-05-11T12:51:52
NBP,2019-02-01,47.5,47.7,47.15,47.4,480500,psxdata,2026-05-11T12:51:52
NBP,2019-02-04,47.45,48.0,47.3,47.42,862000,psxdata,2026-05-11T12:51:52
NBP,2019-02-06,47.4,47.42,46.4,46.71,758000,psxdata,2026-05-11T12:51:52
NBP,2019-02-07,46.97,46.97,46.3,46.43,258500,psxdata,2026-05-11T12:51:52
NBP,2019-02-08,46.74,47.25,46.2,46.55,643500,psxdata,2026-05-11T12:51:52
NBP,2019-02-11,46.95,47.0,45.6,45.89,543000,psxdata,2026-05-11T12:51:52
NBP,2019-02-12,45.65,46.1,45.02,45.45,236500,psxdata,2026-05-11T12:51:52
NBP,2019-02-13,45.5,45.93,45.3,45.55,152000,psxdata,2026-05-11T12:51:52
NBP,2019-02-14,45.25,46.0,45.2,45.48,301500,psxdata,2026-05-11T12:51:52
NBP,2019-02-15,45.75,46.5,45.73,46.23,981000,psxdata,2026-05-11T12:51:52
NBP,2019-02-18,46.4,46.49,45.5,45.77,486000,psxdata,2026-05-11T12:51:52
NBP,2019-02-19,45.75,46.0,45.29,45.37,231500,psxdata,2026-05-11T12:51:52
NBP,2019-02-20,45.2,46.0,44.75,45.97,592500,psxdata,2026-05-11T12:51:52
NBP,2019-02-21,46.0,46.5,45.0,45.63,1074000,psxdata,2026-05-11T12:51:52
NBP,2019-02-22,45.21,45.85,43.62,44.6,2653000,psxdata,2026-05-11T12:51:52
NBP,2019-02-25,44.79,45.22,44.01,44.32,841500,psxdata,2026-05-11T12:51:52
NBP,2019-02-26,44.74,44.74,42.25,42.78,1512500,psxdata,2026-05-11T12:51:52
NBP,2019-02-27,41.61,43.15,40.65,42.12,1551000,psxdata,2026-05-11T12:51:52
NBP,2019-02-28,43.2,43.24,42.01,42.82,164000,psxdata,2026-05-11T12:51:52
NBP,2019-03-01,42.11,43.4,42.11,42.86,544000,psxdata,2026-05-11T12:51:52
NBP,2019-03-04,42.9,43.49,42.75,43.16,137500,psxdata,2026-05-11T12:51:52
NBP,2019-03-05,43.21,43.4,42.05,43.08,793500,psxdata,2026-05-11T12:51:52
NBP,2019-03-06,43.3,43.3,42.98,43.0,669000,psxdata,2026-05-11T12:51:52
NBP,2019-03-07,43.25,43.39,42.1,42.43,744500,psxdata,2026-05-11T12:51:52
NBP,2019-03-08,42.07,42.6,42.07,42.36,243500,psxdata,2026-05-11T12:51:52
NBP,2019-03-11,42.49,42.55,41.8,41.96,268000,psxdata,2026-05-11T12:51:52
NBP,2019-03-12,42.24,42.24,41.4,41.77,619000,psxdata,2026-05-11T12:51:52
NBP,2019-03-13,41.71,42.28,41.65,41.96,1440000,psxdata,2026-05-11T12:51:52
NBP,2019-03-14,41.99,42.4,41.87,42.3,824000,psxdata,2026-05-11T12:51:52
NBP,2019-03-15,42.0,42.0,40.81,41.08,363000,psxdata,2026-05-11T12:51:52
NBP,2019-03-18,41.78,42.48,40.9,41.93,575500,psxdata,2026-05-11T12:51:52
NBP,2019-03-19,41.9,41.9,41.0,41.06,379000,psxdata,2026-05-11T12:51:52
NBP,2019-03-20,41.2,41.24,40.6,40.8,419000,psxdata,2026-05-11T12:51:52
NBP,2019-03-21,40.8,40.8,40.0,40.19,354000,psxdata,2026-05-11T12:51:52
NBP,2019-03-22,40.01,41.0,40.0,40.78,889000,psxdata,2026-05-11T12:51:52
NBP,2019-03-25,40.5,40.8,40.3,40.45,452000,psxdata,2026-05-11T12:51:52
NBP,2019-03-26,40.25,40.74,40.13,40.27,256000,psxdata,2026-05-11T12:51:52
NBP,2019-03-27,40.2,41.0,40.19,40.84,1243000,psxdata,2026-05-11T12:51:52
NBP,2019-03-28,40.21,40.6,40.0,40.38,137000,psxdata,2026-05-11T12:51:52
NBP,2019-03-29,40.31,40.6,40.0,40.06,208000,psxdata,2026-05-11T12:51:52
NBP,2019-04-01,39.86,40.0,39.75,39.82,696500,psxdata,2026-05-11T12:51:52
NBP,2019-04-02,39.91,39.95,39.11,39.82,272500,psxdata,2026-05-11T12:51:52
NBP,2019-04-03,39.52,40.1,39.5,39.8,149500,psxdata,2026-05-11T12:51:52
NBP,2019-04-04,40.0,40.0,38.5,38.88,338000,psxdata,2026-05-11T12:51:52
NBP,2019-04-05,38.5,39.9,38.4,39.15,314000,psxdata,2026-05-11T12:51:52
NBP,2019-04-08,38.5,39.0,38.0,38.25,261500,psxdata,2026-05-11T12:51:52
NBP,2019-04-09,38.5,40.16,38.05,39.97,330000,psxdata,2026-05-11T12:51:52
NBP,2019-04-10,39.55,39.9,38.3,38.57,346000,psxdata,2026-05-11T12:51:52
NBP,2019-04-11,39.0,39.34,38.5,38.8,152500,psxdata,2026-05-11T12:51:52
NBP,2019-04-12,39.75,40.74,38.52,40.74,325000,psxdata,2026-05-11T12:51:52
NBP,2019-04-15,40.65,41.6,40.01,41.46,447000,psxdata,2026-05-11T12:51:52
NBP,2019-04-16,41.4,41.9,40.51,41.0,302500,psxdata,2026-05-11T12:51:52
NBP,2019-04-17,40.56,40.57,38.95,38.95,954000,psxdata,2026-05-11T12:51:52
NBP,2019-04-18,38.1,39.38,37.55,38.43,568000,psxdata,2026-05-11T12:51:52
NBP,2019-04-19,38.99,40.35,38.7,40.31,996500,psxdata,2026-05-11T12:51:52
NBP,2019-04-22,40.51,40.51,39.5,39.89,107500,psxdata,2026-05-11T12:51:52
NBP,2019-04-23,39.11,40.5,38.25,38.64,217500,psxdata,2026-05-11T12:51:52
NBP,2019-04-24,38.5,38.7,37.41,37.58,408000,psxdata,2026-05-11T12:51:52
NBP,2019-04-25,37.35,39.44,37.35,39.2,884000,psxdata,2026-05-11T12:51:52
NBP,2019-04-26,39.0,39.3,38.62,39.05,384000,psxdata,2026-05-11T12:51:52
NBP,2019-04-29,39.0,39.75,39.0,39.57,216500,psxdata,2026-05-11T12:51:52
NBP,2019-04-30,39.5,40.0,39.1,39.54,455500,psxdata,2026-05-11T12:51:52
NBP,2019-05-02,39.15,39.44,39.0,39.38,29500,psxdata,2026-05-11T12:51:52
NBP,2019-05-03,39.45,40.0,38.65,39.02,48500,psxdata,2026-05-11T12:51:52
NBP,2019-05-06,38.52,38.98,38.45,38.59,25000,psxdata,2026-05-11T12:51:52
NBP,2019-05-07,38.5,40.05,38.5,39.94,563000,psxdata,2026-05-11T12:51:52
NBP,2019-05-08,40.0,40.1,39.35,39.98,958500,psxdata,2026-05-11T12:51:52
NBP,2019-05-09,39.99,40.02,39.02,39.19,406500,psxdata,2026-05-11T12:51:52
NBP,2019-05-10,39.25,39.75,38.5,38.86,59500,psxdata,2026-05-11T12:51:52
NBP,2019-05-13,39.68,39.9,36.92,36.92,222500,psxdata,2026-05-11T12:51:52
NBP,2019-05-14,36.49,37.8,36.49,37.1,88000,psxdata,2026-05-11T12:51:52
NBP,2019-05-15,37.33,38.0,37.15,37.41,185500,psxdata,2026-05-11T12:51:52
NBP,2019-05-16,37.5,37.5,36.47,37.2,455000,psxdata,2026-05-11T12:51:52
NBP,2019-05-17,37.0,37.0,35.51,36.69,245000,psxdata,2026-05-11T12:51:52
NBP,2019-05-20,37.2,37.75,36.4,37.59,335500,psxdata,2026-05-11T12:51:52
NBP,2019-05-21,37.99,37.99,36.7,37.48,714500,psxdata,2026-05-11T12:51:52
NBP,2019-05-22,37.59,39.35,37.59,39.15,1761500,psxdata,2026-05-11T12:51:52
NBP,2019-05-23,40.07,41.1,39.8,41.1,1373000,psxdata,2026-05-11T12:51:52
NBP,2019-05-24,42.0,43.1,41.45,42.97,1374000,psxdata,2026-05-11T12:51:52
NBP,2019-05-27,42.45,43.0,41.02,41.24,671000,psxdata,2026-05-11T12:51:52
NBP,2019-05-28,41.14,41.2,39.18,39.18,1461000,psxdata,2026-05-11T12:51:52
NBP,2019-05-29,40.0,41.13,40.0,41.11,7199500,psxdata,2026-05-11T12:51:52
NBP,2019-05-30,41.84,42.8,41.25,42.37,4615000,psxdata,2026-05-11T12:51:52
NBP,2019-06-03,42.12,42.12,40.26,40.62,2826500,psxdata,2026-05-11T12:51:52
NBP,2019-06-10,39.45,39.9,38.59,38.59,854000,psxdata,2026-05-11T12:51:52
NBP,2019-06-11,38.44,39.0,37.12,37.78,489500,psxdata,2026-05-11T12:51:52
NBP,2019-06-12,37.95,39.44,37.81,38.96,818000,psxdata,2026-05-11T12:51:52
NBP,2019-06-13,38.99,39.49,38.7,38.8,269000,psxdata,2026-05-11T12:51:52
NBP,2019-06-14,39.7,39.7,38.1,38.82,423000,psxdata,2026-05-11T12:51:52
NBP,2019-06-17,38.79,38.8,38.15,38.5,59500,psxdata,2026-05-11T12:51:52
NBP,2019-06-18,38.4,38.5,38.0,38.12,105500,psxdata,2026-05-11T12:51:52
NBP,2019-06-19,38.12,38.12,36.22,36.86,450000,psxdata,2026-05-11T12:51:52
NBP,2019-06-20,37.25,37.9,37.25,37.63,180500,psxdata,2026-05-11T12:51:52
NBP,2019-06-21,37.49,38.0,37.49,37.75,771000,psxdata,2026-05-11T12:51:52
NBP,2019-06-24,37.3,37.3,36.6,36.92,140000,psxdata,2026-05-11T12:51:52
NBP,2019-06-25,36.5,36.8,35.75,36.3,216500,psxdata,2026-05-11T12:51:52
NBP,2019-06-26,36.0,36.01,35.5,35.6,142500,psxdata,2026-05-11T12:51:52
NBP,2019-06-27,35.85,35.95,34.25,34.51,3822500,psxdata,2026-05-11T12:51:52
NBP,2019-06-28,34.97,34.99,33.5,33.66,4709000,psxdata,2026-05-11T12:51:52
NBP,2019-07-01,33.65,35.34,33.6,35.34,799000,psxdata,2026-05-11T12:51:52
NBP,2019-07-02,35.25,37.1,35.25,36.95,1765000,psxdata,2026-05-11T12:51:52
NBP,2019-07-03,37.0,38.1,36.88,38.0,497500,psxdata,2026-05-11T12:51:52
NBP,2019-07-04,38.9,38.9,37.0,37.15,208000,psxdata,2026-05-11T12:51:52
NBP,2019-07-05,37.38,37.75,36.51,36.96,37500,psxdata,2026-05-11T12:51:52
NBP,2019-07-08,36.5,37.25,36.0,36.37,233500,psxdata,2026-05-11T12:51:52
NBP,2019-07-09,37.0,37.0,36.5,36.84,106000,psxdata,2026-05-11T12:51:52
NBP,2019-07-10,36.91,37.0,36.3,36.73,36000,psxdata,2026-05-11T12:51:52
NBP,2019-07-11,37.3,37.89,36.2,36.74,507000,psxdata,2026-05-11T12:51:52
NBP,2019-07-12,36.99,36.99,36.1,36.45,51500,psxdata,2026-05-11T12:51:52
NBP,2019-07-15,36.1,36.1,35.1,35.5,93500,psxdata,2026-05-11T12:51:52
NBP,2019-07-16,35.06,35.95,34.5,35.47,326500,psxdata,2026-05-11T12:51:52
NBP,2019-07-17,35.99,36.18,34.6,35.17,294000,psxdata,2026-05-11T12:51:52
NBP,2019-07-18,35.49,35.8,33.9,34.0,333500,psxdata,2026-05-11T12:51:52
NBP,2019-07-19,34.0,35.1,34.0,35.0,272000,psxdata,2026-05-11T12:51:52
NBP,2019-07-22,35.48,35.48,34.6,34.91,83500,psxdata,2026-05-11T12:51:52
NBP,2019-07-23,35.0,35.2,34.6,35.02,136000,psxdata,2026-05-11T12:51:52
NBP,2019-07-24,35.0,35.0,34.6,34.74,247000,psxdata,2026-05-11T12:51:52
NBP,2019-07-25,34.6,35.0,34.3,34.85,169500,psxdata,2026-05-11T12:51:52
NBP,2019-07-26,34.75,35.24,34.0,34.08,168000,psxdata,2026-05-11T12:51:52
NBP,2019-07-29,34.46,34.5,33.5,34.24,274000,psxdata,2026-05-11T12:51:52
NBP,2019-07-30,33.8,34.01,32.53,33.44,589500,psxdata,2026-05-11T12:51:52
NBP,2019-07-31,33.5,33.67,32.4,33.4,400500,psxdata,2026-05-11T12:51:52
NBP,2019-08-01,33.41,33.65,33.03,33.36,144500,psxdata,2026-05-11T12:51:52
NBP,2019-08-02,33.6,33.6,31.85,32.11,707000,psxdata,2026-05-11T12:51:52
NBP,2019-08-05,32.0,32.0,30.63,31.19,424500,psxdata,2026-05-11T12:51:52
NBP,2019-08-06,30.55,30.85,30.1,30.28,488500,psxdata,2026-05-11T12:51:52
NBP,2019-08-07,30.01,30.01,29.01,29.16,991000,psxdata,2026-05-11T12:51:52
NBP,2019-08-08,29.0,29.49,28.5,28.77,782500,psxdata,2026-05-11T12:51:52
NBP,2019-08-09,29.44,29.8,28.71,28.87,325000,psxdata,2026-05-11T12:51:52
NBP,2019-08-16,28.36,29.0,28.36,28.57,163500,psxdata,2026-05-11T12:51:52
NBP,2019-08-19,28.5,29.48,28.45,29.12,654000,psxdata,2026-05-11T12:51:52
NBP,2019-08-20,29.3,30.35,29.01,30.16,1109500,psxdata,2026-05-11T12:51:52
NBP,2019-08-21,30.4,30.65,30.0,30.47,562000,psxdata,2026-05-11T12:51:52
NBP,2019-08-22,30.89,31.99,30.75,31.99,773500,psxdata,2026-05-11T12:51:52
NBP,2019-08-23,32.1,32.89,32.0,32.14,641000,psxdata,2026-05-11T12:51:52
NBP,2019-08-26,31.7,32.0,31.16,31.35,410500,psxdata,2026-05-11T12:51:52
NBP,2019-08-27,31.5,32.0,31.0,31.85,283500,psxdata,2026-05-11T12:51:52
NBP,2019-08-28,31.95,32.8,30.7,31.15,1030000,psxdata,2026-05-11T12:51:52
NBP,2019-08-29,31.01,32.25,31.0,31.13,694500,psxdata,2026-05-11T12:51:52
NBP,2019-08-30,31.4,31.5,29.6,29.69,511500,psxdata,2026-05-11T12:51:52
NBP,2019-09-02,29.59,30.88,29.59,30.49,187500,psxdata,2026-05-11T12:51:52
NBP,2019-09-03,31.0,31.25,30.03,30.18,257000,psxdata,2026-05-11T12:51:52
NBP,2019-09-04,29.55,30.14,29.01,29.51,1246000,psxdata,2026-05-11T12:51:52
NBP,2019-09-05,29.52,30.45,29.5,29.79,636500,psxdata,2026-05-11T12:51:52
NBP,2019-09-06,29.99,30.0,29.54,29.87,127500,psxdata,2026-05-11T12:51:52
NBP,2019-09-11,29.9,29.9,29.34,29.61,344000,psxdata,2026-05-11T12:51:52
NBP,2019-09-12,29.74,30.18,29.4,29.65,3909000,psxdata,2026-05-11T12:51:52
NBP,2019-09-13,29.9,30.3,29.6,30.03,925500,psxdata,2026-05-11T12:51:52
NBP,2019-09-16,30.34,31.53,30.34,31.53,2391000,psxdata,2026-05-11T12:51:52
NBP,2019-09-17,32.15,33.0,31.5,31.64,3379500,psxdata,2026-05-11T12:51:52
NBP,2019-09-18,31.79,31.79,30.85,31.07,423500,psxdata,2026-05-11T12:51:52
NBP,2019-09-19,30.97,31.5,30.97,31.36,276000,psxdata,2026-05-11T12:51:52
NBP,2019-09-20,31.45,31.78,30.61,31.0,1510500,psxdata,2026-05-11T12:51:52
NBP,2019-09-23,31.2,31.29,30.25,30.33,225500,psxdata,2026-05-11T12:51:52
NBP,2019-09-24,30.6,30.6,29.5,29.9,745500,psxdata,2026-05-11T12:51:52
NBP,2019-09-25,29.7,29.99,28.7,28.77,844500,psxdata,2026-05-11T12:51:52
NBP,2019-09-26,28.79,29.0,28.34,28.58,777500,psxdata,2026-05-11T12:51:52
NBP,2019-09-27,28.7,29.25,28.5,28.96,1348000,psxdata,2026-05-11T12:51:52
NBP,2019-09-30,28.99,29.87,28.8,28.95,3140000,psxdata,2026-05-11T12:51:52
NBP,2019-10-01,29.0,29.5,28.81,29.25,783000,psxdata,2026-05-11T12:51:52
NBP,2019-10-02,29.6,30.71,29.49,30.35,3377500,psxdata,2026-05-11T12:51:52
NBP,2019-10-03,30.64,31.86,30.3,31.86,3749500,psxdata,2026-05-11T12:51:52
NBP,2019-10-04,32.0,33.45,32.0,33.45,3715500,psxdata,2026-05-11T12:51:52
NBP,2019-10-07,34.1,35.12,34.0,35.12,3286500,psxdata,2026-05-11T12:51:52
NBP,2019-10-08,36.14,36.85,34.65,35.32,4150500,psxdata,2026-05-11T12:51:52
NBP,2019-10-09,35.1,35.1,33.67,34.28,1810500,psxdata,2026-05-11T12:51:52
NBP,2019-10-10,34.4,35.4,33.89,34.48,2518500,psxdata,2026-05-11T12:51:52
NBP,2019-10-11,34.65,35.15,34.4,34.55,1001500,psxdata,2026-05-11T12:51:52
NBP,2019-10-14,34.85,34.95,33.5,33.57,679000,psxdata,2026-05-11T12:51:52
NBP,2019-10-15,33.55,34.1,33.0,33.68,411000,psxdata,2026-05-11T12:51:52
NBP,2019-10-16,33.89,35.36,33.7,35.08,2049500,psxdata,2026-05-11T12:51:52
NBP,2019-10-17,35.0,35.79,34.5,34.67,659500,psxdata,2026-05-11T12:51:52
NBP,2019-10-18,34.95,35.49,33.81,34.02,579500,psxdata,2026-05-11T12:51:52
NBP,2019-10-21,34.0,34.0,32.32,32.47,2242500,psxdata,2026-05-11T12:51:52
NBP,2019-10-22,32.75,33.15,32.2,32.47,590000,psxdata,2026-05-11T12:51:52
NBP,2019-10-23,32.5,33.58,32.5,33.26,815500,psxdata,2026-05-11T12:51:52
NBP,2019-10-24,33.49,34.14,33.11,33.67,501000,psxdata,2026-05-11T12:51:52
NBP,2019-10-25,33.6,35.0,33.6,34.47,1125000,psxdata,2026-05-11T12:51:52
NBP,2019-10-28,34.2,35.15,34.0,35.02,855500,psxdata,2026-05-11T12:51:52
NBP,2019-10-29,35.0,36.25,35.0,35.16,2155000,psxdata,2026-05-11T12:51:52
NBP,2019-10-30,35.21,35.89,34.9,35.08,1344000,psxdata,2026-05-11T12:51:52
NBP,2019-10-31,34.99,35.88,34.99,35.67,1203000,psxdata,2026-05-11T12:51:52
NBP,2019-11-01,35.55,36.1,35.4,35.77,618000,psxdata,2026-05-11T12:51:52
NBP,2019-11-04,35.8,37.0,35.6,36.46,2580500,psxdata,2026-05-11T12:51:52
NBP,2019-11-05,36.45,36.8,35.66,35.88,941500,psxdata,2026-05-11T12:51:52
NBP,2019-11-06,35.91,36.5,35.9,36.17,1845500,psxdata,2026-05-11T12:51:52
NBP,2019-11-07,36.1,36.7,35.16,36.51,1379000,psxdata,2026-05-11T12:51:52
NBP,2019-11-08,36.85,36.9,36.02,36.29,526000,psxdata,2026-05-11T12:51:52
NBP,2019-11-11,36.59,37.2,36.36,37.0,1689000,psxdata,2026-05-11T12:51:52
NBP,2019-11-12,37.3,38.75,36.7,37.88,4007000,psxdata,2026-05-11T12:51:52
NBP,2019-11-13,37.7,38.18,37.1,37.34,867000,psxdata,2026-05-11T12:51:52
NBP,2019-11-14,37.7,37.84,37.2,37.37,1112000,psxdata,2026-05-11T12:51:52
NBP,2019-11-15,37.7,39.23,37.56,39.23,4627000,psxdata,2026-05-11T12:51:52
NBP,2019-11-18,40.2,41.19,40.2,41.19,3877500,psxdata,2026-05-11T12:51:52
NBP,2019-11-19,42.8,43.2,41.0,42.15,3343000,psxdata,2026-05-11T12:51:52
NBP,2019-11-20,42.35,42.35,40.5,40.67,1954500,psxdata,2026-05-11T12:51:52
NBP,2019-11-21,40.97,40.97,38.64,38.64,1527500,psxdata,2026-05-11T12:51:52
NBP,2019-11-22,37.9,40.57,37.9,40.24,4295000,psxdata,2026-05-11T12:51:52
NBP,2019-11-25,40.45,41.7,39.99,41.24,1996500,psxdata,2026-05-11T12:51:52
NBP,2019-11-26,41.31,41.75,39.18,39.79,3358000,psxdata,2026-05-11T12:51:52
NBP,2019-11-27,39.8,40.9,39.65,40.56,1221000,psxdata,2026-05-11T12:51:52
NBP,2019-11-28,40.55,42.58,40.12,42.57,5896000,psxdata,2026-05-11T12:51:52
NBP,2019-11-29,42.8,43.5,42.1,42.85,2383500,psxdata,2026-05-11T12:51:52
NBP,2019-12-02,42.81,44.99,42.81,44.99,4475000,psxdata,2026-05-11T12:51:52
NBP,2019-12-03,46.0,46.3,43.5,43.87,6063500,psxdata,2026-05-11T12:51:52
NBP,2019-12-04,43.87,44.5,43.66,44.18,1846000,psxdata,2026-05-11T12:51:52
NBP,2019-12-05,45.0,46.38,45.0,46.3,5134000,psxdata,2026-05-11T12:51:52
NBP,2019-12-06,46.98,48.0,45.7,46.3,5439500,psxdata,2026-05-11T12:51:52
NBP,2019-12-09,46.7,47.4,45.41,45.74,4926000,psxdata,2026-05-11T12:51:52
NBP,2019-12-10,45.6,46.2,45.42,45.93,1437000,psxdata,2026-05-11T12:51:52
NBP,2019-12-11,45.8,46.2,44.8,44.96,1158500,psxdata,2026-05-11T12:51:52
NBP,2019-12-12,45.0,45.0,43.5,44.07,1537500,psxdata,2026-05-11T12:51:52
NBP,2019-12-13,44.55,45.15,44.2,44.63,2082000,psxdata,2026-05-11T12:51:52
NBP,2019-12-16,44.95,46.0,44.62,45.82,3596000,psxdata,2026-05-11T12:51:52
NBP,2019-12-17,46.19,46.5,44.55,45.68,3091000,psxdata,2026-05-11T12:51:52
NBP,2019-12-18,45.4,46.99,44.6,45.85,3783000,psxdata,2026-05-11T12:51:52
NBP,2019-12-19,46.0,46.5,43.8,44.46,2510000,psxdata,2026-05-11T12:51:52
NBP,2019-12-20,45.0,45.49,44.02,44.83,1172000,psxdata,2026-05-11T12:51:52
NBP,2019-12-23,45.0,45.0,43.05,43.58,1141500,psxdata,2026-05-11T12:51:52
NBP,2019-12-24,43.0,44.5,42.9,44.21,1356500,psxdata,2026-05-11T12:51:52
NBP,2019-12-26,44.25,45.5,44.2,45.16,2612500,psxdata,2026-05-11T12:51:52
NBP,2019-12-27,45.49,45.5,43.25,43.58,2141000,psxdata,2026-05-11T12:51:52
NBP,2019-12-30,44.0,44.44,43.45,43.67,1093000,psxdata,2026-05-11T12:51:52
NBP,2019-12-31,43.8,44.0,43.21,43.3,912000,psxdata,2026-05-11T12:51:52
NBP,2020-01-01,43.55,44.69,43.51,44.45,1867000,psxdata,2026-05-11T12:51:52
NBP,2020-01-02,45.0,45.64,44.5,44.62,4496500,psxdata,2026-05-11T12:51:52
NBP,2020-01-03,45.0,45.49,44.0,44.41,3039500,psxdata,2026-05-11T12:51:52
NBP,2020-01-06,43.7,43.9,42.4,42.72,1285000,psxdata,2026-05-11T12:51:52
NBP,2020-01-07,43.45,43.75,42.6,43.07,1800000,psxdata,2026-05-11T12:51:52
NBP,2020-01-08,42.1,42.88,41.1,41.36,4126000,psxdata,2026-05-11T12:51:52
NBP,2020-01-09,42.45,43.42,42.4,43.41,5281000,psxdata,2026-05-11T12:51:52
NBP,2020-01-10,43.7,45.0,43.41,44.64,3845000,psxdata,2026-05-11T12:51:52
NBP,2020-01-13,44.69,45.15,44.3,44.59,1511000,psxdata,2026-05-11T12:51:52
NBP,2020-01-14,44.8,45.15,44.45,44.63,1904500,psxdata,2026-05-11T12:51:52
NBP,2020-01-15,44.6,44.6,43.74,43.88,646000,psxdata,2026-05-11T12:51:52
NBP,2020-01-16,43.9,44.8,43.83,44.64,966000,psxdata,2026-05-11T12:51:52
NBP,2020-01-17,44.65,44.9,44.1,44.21,758000,psxdata,2026-05-11T12:51:52
NBP,2020-01-20,44.39,44.5,43.11,43.67,721000,psxdata,2026-05-11T12:51:52
NBP,2020-01-21,43.6,44.15,43.36,43.95,1126500,psxdata,2026-05-11T12:51:52
NBP,2020-01-22,44.05,45.01,43.9,44.7,2031000,psxdata,2026-05-11T12:51:52
NBP,2020-01-23,44.83,45.4,44.6,44.78,2686000,psxdata,2026-05-11T12:51:52
NBP,2020-01-24,44.6,45.0,44.6,44.77,387000,psxdata,2026-05-11T12:51:52
NBP,2020-01-27,44.77,44.85,44.4,44.6,946000,psxdata,2026-05-11T12:51:52
NBP,2020-01-28,44.56,44.6,44.25,44.41,586500,psxdata,2026-05-11T12:51:52
NBP,2020-01-29,44.75,44.76,44.1,44.22,926000,psxdata,2026-05-11T12:51:52
NBP,2020-01-30,44.01,44.79,43.66,44.49,3195000,psxdata,2026-05-11T12:51:52
NBP,2020-01-31,44.5,44.97,43.91,43.98,1709500,psxdata,2026-05-11T12:51:52
NBP,2020-02-03,43.95,43.95,42.55,43.03,1156500,psxdata,2026-05-11T12:51:52
NBP,2020-02-04,43.06,43.64,43.01,43.41,763500,psxdata,2026-05-11T12:51:52
NBP,2020-02-06,43.31,43.8,43.05,43.21,1276000,psxdata,2026-05-11T12:51:52
NBP,2020-02-07,43.3,43.3,42.55,42.61,832000,psxdata,2026-05-11T12:51:52
NBP,2020-02-10,42.55,42.55,40.5,40.84,998000,psxdata,2026-05-11T12:51:52
NBP,2020-02-11,41.85,41.85,40.52,41.26,947500,psxdata,2026-05-11T12:51:52
NBP,2020-02-12,41.49,43.73,41.25,43.7,4239500,psxdata,2026-05-11T12:51:52
NBP,2020-02-13,43.56,44.2,43.31,43.44,1090500,psxdata,2026-05-11T12:51:52
NBP,2020-02-14,43.2,43.44,42.3,42.5,909000,psxdata,2026-05-11T12:51:52
NBP,2020-02-17,42.5,43.15,42.2,42.27,650500,psxdata,2026-05-11T12:51:52
NBP,2020-02-18,42.92,42.92,42.0,42.04,406500,psxdata,2026-05-11T12:51:52
NBP,2020-02-19,42.44,43.1,42.05,42.68,699500,psxdata,2026-05-11T12:51:52
NBP,2020-02-20,42.51,43.9,42.3,43.22,1331000,psxdata,2026-05-11T12:51:52
NBP,2020-02-21,42.9,43.37,42.9,43.02,275000,psxdata,2026-05-11T12:51:52
NBP,2020-02-24,43.0,43.0,41.5,41.75,853000,psxdata,2026-05-11T12:51:52
NBP,2020-02-25,41.5,43.75,41.5,42.93,899500,psxdata,2026-05-11T12:51:52
NBP,2020-02-26,43.05,43.44,41.9,42.01,907500,psxdata,2026-05-11T12:51:52
NBP,2020-02-27,41.45,42.2,40.11,42.02,1143500,psxdata,2026-05-11T12:51:52
NBP,2020-02-28,41.03,42.5,39.29,39.29,4543500,psxdata,2026-05-11T12:51:52
NBP,2020-03-02,36.54,37.81,36.54,36.6,5920000,psxdata,2026-05-11T12:51:52
NBP,2020-03-03,36.6,36.6,34.75,35.43,2433500,psxdata,2026-05-11T12:51:52
NBP,2020-03-04,35.2,35.45,34.6,34.97,1171000,psxdata,2026-05-11T12:51:52
NBP,2020-03-05,35.1,35.9,35.0,35.53,1064000,psxdata,2026-05-11T12:51:52
NBP,2020-03-06,35.1,35.5,34.5,34.63,1127000,psxdata,2026-05-11T12:51:52
NBP,2020-03-09,33.5,35.75,32.21,32.62,1177000,psxdata,2026-05-11T12:51:52
NBP,2020-03-10,33.02,34.57,32.9,34.04,1432000,psxdata,2026-05-11T12:51:52
NBP,2020-03-11,34.3,34.8,33.11,33.27,519500,psxdata,2026-05-11T12:51:52
NBP,2020-03-12,32.55,32.7,30.97,31.1,1191000,psxdata,2026-05-11T12:51:52
NBP,2020-03-13,31.0,31.75,29.5,31.53,1133000,psxdata,2026-05-11T12:51:52
NBP,2020-03-16,30.51,30.9,29.17,29.17,1695500,psxdata,2026-05-11T12:51:52
NBP,2020-03-17,29.92,30.2,27.31,28.73,1368500,psxdata,2026-05-11T12:51:52
NBP,2020-03-18,29.0,29.01,26.58,26.58,1126000,psxdata,2026-05-11T12:51:52
NBP,2020-03-19,24.59,28.57,24.59,28.4,1946000,psxdata,2026-05-11T12:51:52
NBP,2020-03-20,30.25,30.53,29.02,29.82,1658500,psxdata,2026-05-11T12:51:52
NBP,2020-03-24,27.59,27.59,27.59,27.59,366500,psxdata,2026-05-11T12:51:52
NBP,2020-03-25,26.5,28.45,25.53,25.55,1439000,psxdata,2026-05-11T12:51:52
NBP,2020-03-26,26.35,27.19,26.01,26.49,1610500,psxdata,2026-05-11T12:51:52
NBP,2020-03-27,27.09,28.0,26.68,27.77,370000,psxdata,2026-05-11T12:51:52
NBP,2020-03-30,26.3,28.0,26.2,26.75,525500,psxdata,2026-05-11T12:51:52
NBP,2020-03-31,26.71,28.7,26.5,28.26,675000,psxdata,2026-05-11T12:51:52
NBP,2020-04-01,27.95,28.7,27.6,28.34,437000,psxdata,2026-05-11T12:51:52
NBP,2020-04-02,28.35,30.46,28.0,30.43,2121500,psxdata,2026-05-11T12:51:52
NBP,2020-04-03,30.65,31.98,30.05,30.81,519500,psxdata,2026-05-11T12:51:52
NBP,2020-04-06,30.82,30.87,28.5,28.55,527000,psxdata,2026-05-11T12:51:52
NBP,2020-04-07,28.01,28.48,27.0,27.71,3647500,psxdata,2026-05-11T12:51:52
NBP,2020-04-08,28.0,28.0,27.0,27.27,1573000,psxdata,2026-05-11T12:51:52
NBP,2020-04-09,27.78,29.21,27.75,28.77,1208500,psxdata,2026-05-11T12:51:52
NBP,2020-04-10,28.3,28.95,28.27,28.85,467500,psxdata,2026-05-11T12:51:52
NBP,2020-04-13,29.0,29.0,27.4,27.6,979000,psxdata,2026-05-11T12:51:52
NBP,2020-04-14,27.7,29.1,27.35,28.74,792500,psxdata,2026-05-11T12:51:52
NBP,2020-04-15,29.0,29.59,28.4,28.54,561000,psxdata,2026-05-11T12:51:52
NBP,2020-04-16,28.11,28.7,28.11,28.45,145000,psxdata,2026-05-11T12:51:52
NBP,2020-04-17,28.4,30.4,27.99,29.75,1756500,psxdata,2026-05-11T12:51:52
NBP,2020-04-20,29.71,30.0,28.8,29.36,885500,psxdata,2026-05-11T12:51:52
NBP,2020-04-21,28.85,29.6,28.0,28.16,1676000,psxdata,2026-05-11T12:51:52
NBP,2020-04-22,28.0,28.9,28.0,28.38,292500,psxdata,2026-05-11T12:51:52
NBP,2020-04-23,28.6,28.6,27.9,28.18,271500,psxdata,2026-05-11T12:51:52
NBP,2020-04-24,28.01,28.74,28.0,28.07,266000,psxdata,2026-05-11T12:51:52
NBP,2020-04-27,27.9,28.0,27.5,27.61,430500,psxdata,2026-05-11T12:51:52
NBP,2020-04-28,27.63,27.9,27.4,27.61,169000,psxdata,2026-05-11T12:51:52
NBP,2020-04-29,27.6,27.96,27.6,27.7,138500,psxdata,2026-05-11T12:51:52
NBP,2020-04-30,27.72,28.6,27.71,28.35,811000,psxdata,2026-05-11T12:51:52
NBP,2020-05-04,28.05,28.5,28.01,28.35,324000,psxdata,2026-05-11T12:51:52
NBP,2020-05-05,28.75,28.75,28.22,28.29,494500,psxdata,2026-05-11T12:51:52
NBP,2020-05-06,28.3,28.48,27.76,27.97,483000,psxdata,2026-05-11T12:51:52
NBP,2020-05-07,27.95,28.2,27.5,27.67,1056500,psxdata,2026-05-11T12:51:52
NBP,2020-05-08,27.97,27.97,27.2,27.42,386000,psxdata,2026-05-11T12:51:52
NBP,2020-05-11,27.42,27.42,26.9,27.21,259000,psxdata,2026-05-11T12:51:52
NBP,2020-05-12,27.31,27.75,27.31,27.66,389500,psxdata,2026-05-11T12:51:52
NBP,2020-05-13,27.8,27.95,27.55,27.74,539000,psxdata,2026-05-11T12:51:52
NBP,2020-05-14,27.87,27.88,27.45,27.52,127000,psxdata,2026-05-11T12:51:52
NBP,2020-05-15,27.45,27.78,27.0,27.26,537500,psxdata,2026-05-11T12:51:52
NBP,2020-05-18,27.55,27.6,27.0,27.14,236500,psxdata,2026-05-11T12:51:52
NBP,2020-05-19,27.59,27.59,26.9,27.08,478000,psxdata,2026-05-11T12:51:52
NBP,2020-05-20,27.25,27.5,26.49,26.8,369000,psxdata,2026-05-11T12:51:52
NBP,2020-05-21,26.99,27.0,26.52,26.81,259000,psxdata,2026-05-11T12:51:52
NBP,2020-05-28,26.81,26.85,26.4,26.8,130500,psxdata,2026-05-11T12:51:52
NBP,2020-05-29,26.87,27.1,26.45,26.64,626500,psxdata,2026-05-11T12:51:52
NBP,2020-06-01,26.69,26.98,26.3,26.8,1019500,psxdata,2026-05-11T12:51:52
NBP,2020-06-02,26.96,28.81,26.82,28.68,10234500,psxdata,2026-05-11T12:51:52
NBP,2020-06-03,29.0,29.0,27.75,27.86,1879500,psxdata,2026-05-11T12:51:52
NBP,2020-06-04,27.56,28.47,27.53,27.73,1132500,psxdata,2026-05-11T12:51:52
NBP,2020-06-05,28.09,28.09,27.56,27.78,411000,psxdata,2026-05-11T12:51:52
NBP,2020-06-08,28.27,28.3,27.7,27.79,430000,psxdata,2026-05-11T12:51:52
NBP,2020-06-09,27.8,28.2,27.65,27.86,625500,psxdata,2026-05-11T12:51:52
NBP,2020-06-10,27.69,28.7,27.69,28.61,1547000,psxdata,2026-05-11T12:51:52
NBP,2020-06-11,28.7,28.7,28.0,28.09,525500,psxdata,2026-05-11T12:51:52
NBP,2020-06-12,27.85,27.95,27.12,27.34,892500,psxdata,2026-05-11T12:51:52
NBP,2020-06-15,27.22,27.27,26.6,26.69,569000,psxdata,2026-05-11T12:51:52
NBP,2020-06-16,26.8,26.95,26.52,26.63,981500,psxdata,2026-05-11T12:51:52
NBP,2020-06-17,26.8,27.3,26.6,26.75,3417000,psxdata,2026-05-11T12:51:52
NBP,2020-06-18,26.96,26.96,26.15,26.36,1840500,psxdata,2026-05-11T12:51:52
NBP,2020-06-19,26.47,26.79,26.22,26.58,732000,psxdata,2026-05-11T12:51:52
NBP,2020-06-22,26.5,26.75,26.12,26.56,583000,psxdata,2026-05-11T12:51:52
NBP,2020-06-23,26.5,26.88,26.5,26.76,299000,psxdata,2026-05-11T12:51:52
NBP,2020-06-24,26.7,26.98,26.3,26.5,329000,psxdata,2026-05-11T12:51:52
NBP,2020-06-25,26.49,26.51,26.0,26.06,424500,psxdata,2026-05-11T12:51:52
NBP,2020-06-26,26.07,26.15,25.25,25.53,1555500,psxdata,2026-05-11T12:51:52
NBP,2020-06-29,25.51,27.44,25.5,27.1,2952000,psxdata,2026-05-11T12:51:52
NBP,2020-06-30,26.95,28.1,26.7,27.65,3427500,psxdata,2026-05-11T12:51:52
NBP,2020-07-01,27.41,27.5,27.0,27.21,397000,psxdata,2026-05-11T12:51:52
NBP,2020-07-02,27.2,27.2,26.6,26.62,3274000,psxdata,2026-05-11T12:51:52
NBP,2020-07-03,26.65,26.65,26.1,26.23,1923000,psxdata,2026-05-11T12:51:52
NBP,2020-07-06,26.54,26.95,26.15,26.72,6059000,psxdata,2026-05-11T12:51:52
NBP,2020-07-07,26.99,27.38,26.8,27.22,2391000,psxdata,2026-05-11T12:51:52
NBP,2020-07-08,27.27,27.79,27.18,27.71,2159000,psxdata,2026-05-11T12:51:52
NBP,2020-07-09,27.9,29.4,27.69,28.75,6897500,psxdata,2026-05-11T12:51:52
NBP,2020-07-10,28.97,30.9,28.5,30.28,7834500,psxdata,2026-05-11T12:51:52
NBP,2020-07-13,30.6,32.0,29.82,29.96,6477500,psxdata,2026-05-11T12:51:52
NBP,2020-07-14,30.2,30.2,29.15,29.35,2818000,psxdata,2026-05-11T12:51:52
NBP,2020-07-15,29.35,29.46,28.41,28.66,4469500,psxdata,2026-05-11T12:51:52
NBP,2020-07-16,28.71,29.48,28.56,29.08,1297000,psxdata,2026-05-11T12:51:52
NBP,2020-07-17,29.24,29.7,28.8,29.51,1889000,psxdata,2026-05-11T12:51:52
NBP,2020-07-20,29.8,30.88,29.45,30.35,4624000,psxdata,2026-05-11T12:51:52
NBP,2020-07-21,30.3,30.85,29.85,30.06,1479500,psxdata,2026-05-11T12:51:52
NBP,2020-07-22,30.29,30.35,29.6,29.9,505500,psxdata,2026-05-11T12:51:52
NBP,2020-07-23,29.76,30.25,29.5,29.64,840000,psxdata,2026-05-11T12:51:52
NBP,2020-07-24,29.65,30.7,29.0,29.73,2546000,psxdata,2026-05-11T12:51:52
NBP,2020-07-27,30.0,30.61,29.75,30.38,3161000,psxdata,2026-05-11T12:51:52
NBP,2020-07-28,30.22,31.1,30.22,30.64,3055000,psxdata,2026-05-11T12:51:52
NBP,2020-07-29,30.79,31.5,30.5,30.96,2624500,psxdata,2026-05-11T12:51:52
NBP,2020-07-30,31.0,31.24,30.6,30.91,899000,psxdata,2026-05-11T12:51:52
NBP,2020-08-03,31.0,32.0,30.9,31.79,2857000,psxdata,2026-05-11T12:51:52
NBP,2020-08-04,31.8,32.25,31.29,31.38,3682500,psxdata,2026-05-11T12:51:52
NBP,2020-08-05,31.45,31.5,31.05,31.32,818500,psxdata,2026-05-11T12:51:52
NBP,2020-08-06,31.35,33.66,31.35,33.25,8509000,psxdata,2026-05-11T12:51:52
NBP,2020-08-07,33.51,34.65,33.1,33.21,9312000,psxdata,2026-05-11T12:51:52
NBP,2020-08-10,33.75,33.75,32.7,32.8,933000,psxdata,2026-05-11T12:51:52
NBP,2020-08-11,33.02,33.89,32.98,33.62,1575000,psxdata,2026-05-11T12:51:52
NBP,2020-08-12,33.85,36.14,33.85,35.6,11929000,psxdata,2026-05-11T12:51:52
NBP,2020-08-13,36.0,36.3,34.65,35.36,7093000,psxdata,2026-05-11T12:51:52
NBP,2020-08-17,35.47,35.7,34.52,34.64,2561500,psxdata,2026-05-11T12:51:52
NBP,2020-08-18,34.73,35.15,34.31,34.53,975500,psxdata,2026-05-11T12:51:52
NBP,2020-08-19,34.51,34.74,33.95,34.04,584500,psxdata,2026-05-11T12:51:52
NBP,2020-08-20,34.25,34.85,33.75,33.95,1431500,psxdata,2026-05-11T12:51:52
NBP,2020-08-21,34.0,35.5,33.7,35.14,2846000,psxdata,2026-05-11T12:51:52
NBP,2020-08-24,35.48,37.24,35.02,36.53,9059500,psxdata,2026-05-11T12:51:52
NBP,2020-08-25,36.61,38.49,35.75,36.39,8782000,psxdata,2026-05-11T12:51:52
NBP,2020-08-26,36.5,37.49,36.1,36.33,7447500,psxdata,2026-05-11T12:51:52
NBP,2020-08-27,36.48,37.46,36.13,36.97,3632000,psxdata,2026-05-11T12:51:52
NBP,2020-08-28,36.98,38.99,36.4,36.5,3539000,psxdata,2026-05-11T12:51:52
NBP,2020-08-31,36.96,37.9,36.33,36.49,3321000,psxdata,2026-05-11T12:51:52
NBP,2020-09-01,36.52,37.25,36.33,36.47,2692500,psxdata,2026-05-11T12:51:52
NBP,2020-09-02,38.5,39.2,38.02,39.2,23306500,psxdata,2026-05-11T12:51:52
NBP,2020-09-03,41.01,41.75,39.85,41.08,13816000,psxdata,2026-05-11T12:51:52
NBP,2020-09-04,40.9,41.48,39.9,40.09,8085000,psxdata,2026-05-11T12:51:52
NBP,2020-09-07,40.38,40.4,39.39,40.19,5919500,psxdata,2026-05-11T12:51:52
NBP,2020-09-08,40.0,41.2,39.81,39.94,7679500,psxdata,2026-05-11T12:51:52
NBP,2020-09-09,39.85,41.5,39.45,40.98,5178500,psxdata,2026-05-11T12:51:52
NBP,2020-09-10,41.3,42.45,41.3,41.67,14188000,psxdata,2026-05-11T12:51:52
NBP,2020-09-11,41.94,42.15,41.03,41.23,5112500,psxdata,2026-05-11T12:51:52
NBP,2020-09-14,41.25,41.64,41.0,41.15,3883000,psxdata,2026-05-11T12:51:52
NBP,2020-09-15,41.39,41.39,40.9,41.02,2382000,psxdata,2026-05-11T12:51:52
NBP,2020-09-16,41.11,41.35,41.0,41.06,1337500,psxdata,2026-05-11T12:51:52
NBP,2020-09-17,41.15,41.6,40.9,41.44,1908000,psxdata,2026-05-11T12:51:52
NBP,2020-09-18,41.5,41.5,40.9,41.02,805500,psxdata,2026-05-11T12:51:52
NBP,2020-09-21,41.0,41.14,40.45,40.5,9138500,psxdata,2026-05-11T12:51:52
NBP,2020-09-22,40.75,40.75,39.9,40.02,1493000,psxdata,2026-05-11T12:51:52
NBP,2020-09-23,40.13,40.9,39.85,40.37,519500,psxdata,2026-05-11T12:51:52
NBP,2020-09-24,40.2,40.35,39.6,40.02,571500,psxdata,2026-05-11T12:51:52
NBP,2020-09-25,40.02,40.99,39.4,40.26,1248500,psxdata,2026-05-11T12:51:52
NBP,2020-09-28,39.72,40.5,39.25,39.53,1079500,psxdata,2026-05-11T12:51:52
NBP,2020-09-29,39.3,40.58,39.3,40.44,1182000,psxdata,2026-05-11T12:51:52
NBP,2020-09-30,40.25,40.68,39.61,39.88,920500,psxdata,2026-05-11T12:51:52
NBP,2020-10-01,39.66,41.0,39.45,40.29,796000,psxdata,2026-05-11T12:51:52
NBP,2020-10-02,40.29,40.29,39.38,39.52,208500,psxdata,2026-05-11T12:51:52
NBP,2020-10-05,39.0,39.09,37.01,37.64,600000,psxdata,2026-05-11T12:51:52
NBP,2020-10-06,37.97,39.09,37.97,38.88,1683500,psxdata,2026-05-11T12:51:52
NBP,2020-10-07,38.9,39.19,37.16,37.51,1691000,psxdata,2026-05-11T12:51:52
NBP,2020-10-08,37.1,38.49,37.09,37.98,7060000,psxdata,2026-05-11T12:51:52
NBP,2020-10-09,38.1,38.8,37.6,38.67,1175500,psxdata,2026-05-11T12:51:52
NBP,2020-10-12,38.7,39.0,37.85,38.09,861500,psxdata,2026-05-11T12:51:52
NBP,2020-10-13,38.03,38.03,37.45,37.82,347000,psxdata,2026-05-11T12:51:52
NBP,2020-10-14,38.0,38.24,37.52,38.17,406000,psxdata,2026-05-11T12:51:52
NBP,2020-10-15,38.39,38.78,37.85,37.9,460500,psxdata,2026-05-11T12:51:52
NBP,2020-10-16,38.1,38.95,37.5,38.63,416500,psxdata,2026-05-11T12:51:52
NBP,2020-10-19,38.7,38.99,38.05,38.18,229000,psxdata,2026-05-11T12:51:52
NBP,2020-10-20,38.15,38.74,38.15,38.63,176500,psxdata,2026-05-11T12:51:52
NBP,2020-10-21,38.37,40.74,38.37,40.31,1522000,psxdata,2026-05-11T12:51:52
NBP,2020-10-22,40.38,40.83,40.0,40.04,1088500,psxdata,2026-05-11T12:51:52
NBP,2020-10-23,40.45,41.5,39.72,41.07,936500,psxdata,2026-05-11T12:51:52
NBP,2020-10-26,41.0,41.75,40.6,41.22,2755500,psxdata,2026-05-11T12:51:52
NBP,2020-10-27,41.32,42.0,40.6,41.09,9382500,psxdata,2026-05-11T12:51:52
NBP,2020-10-28,41.08,41.49,40.46,40.82,4654000,psxdata,2026-05-11T12:51:52
NBP,2020-10-29,40.12,40.7,38.4,38.96,3340000,psxdata,2026-05-11T12:51:52
NBP,2020-11-02,38.02,39.0,37.15,38.61,646500,psxdata,2026-05-11T12:51:52
NBP,2020-11-03,39.34,40.49,39.1,39.96,1450000,psxdata,2026-05-11T12:51:52
NBP,2020-11-04,39.8,40.2,39.4,39.92,804500,psxdata,2026-05-11T12:51:52
NBP,2020-11-05,39.94,40.75,39.62,40.64,768500,psxdata,2026-05-11T12:51:52
NBP,2020-11-06,40.6,41.4,40.25,40.45,787500,psxdata,2026-05-11T12:51:52
NBP,2020-11-09,40.4,40.4,38.9,39.58,1558500,psxdata,2026-05-11T12:51:52
NBP,2020-11-10,40.11,40.5,39.75,40.21,900500,psxdata,2026-05-11T12:51:52
NBP,2020-11-11,40.49,40.49,39.8,39.94,447500,psxdata,2026-05-11T12:51:52
NBP,2020-11-12,39.75,39.75,38.01,38.55,824000,psxdata,2026-05-11T12:51:52
NBP,2020-11-13,38.52,39.9,38.2,39.59,689000,psxdata,2026-05-11T12:51:52
NBP,2020-11-16,39.7,39.7,38.81,39.07,334500,psxdata,2026-05-11T12:51:52
NBP,2020-11-17,39.39,39.69,39.12,39.28,196000,psxdata,2026-05-11T12:51:52
NBP,2020-11-18,39.02,39.49,39.0,39.15,66500,psxdata,2026-05-11T12:51:52
NBP,2020-11-19,39.2,39.43,39.01,39.05,71000,psxdata,2026-05-11T12:51:52
NBP,2020-11-20,39.1,39.47,38.72,39.0,66500,psxdata,2026-05-11T12:51:52
NBP,2020-11-23,38.55,38.95,38.4,38.8,155500,psxdata,2026-05-11T12:51:52
NBP,2020-11-24,39.25,39.25,38.5,38.63,101000,psxdata,2026-05-11T12:51:52
NBP,2020-11-25,38.81,39.0,38.6,38.96,85500,psxdata,2026-05-11T12:51:52
NBP,2020-11-26,39.0,39.9,39.0,39.87,679000,psxdata,2026-05-11T12:51:52
NBP,2020-11-27,39.56,40.84,39.55,40.01,1376500,psxdata,2026-05-11T12:51:52
NBP,2020-11-30,39.66,40.9,39.36,40.47,2023500,psxdata,2026-05-11T12:51:52
NBP,2020-12-01,40.6,40.75,40.31,40.56,456500,psxdata,2026-05-11T12:51:52
NBP,2020-12-02,40.5,40.7,39.75,40.31,2367500,psxdata,2026-05-11T12:51:52
NBP,2020-12-03,40.48,40.9,40.4,40.57,814000,psxdata,2026-05-11T12:51:52
NBP,2020-12-04,40.6,40.85,40.4,40.58,276000,psxdata,2026-05-11T12:51:52
NBP,2020-12-07,40.5,41.2,40.5,40.6,1673000,psxdata,2026-05-11T12:51:52
NBP,2020-12-08,40.51,41.45,40.31,41.09,1534000,psxdata,2026-05-11T12:51:52
NBP,2020-12-09,41.33,42.3,41.16,41.89,2109500,psxdata,2026-05-11T12:51:52
NBP,2020-12-10,41.55,44.5,41.5,42.28,6860500,psxdata,2026-05-11T12:51:52
NBP,2020-12-11,42.68,43.4,41.82,42.67,3920500,psxdata,2026-05-11T12:51:52
NBP,2020-12-14,42.65,43.7,42.45,43.22,8439000,psxdata,2026-05-11T12:51:52
NBP,2020-12-15,43.5,43.94,42.75,43.25,5770500,psxdata,2026-05-11T12:51:52
NBP,2020-12-16,43.06,43.69,42.7,42.79,6399500,psxdata,2026-05-11T12:51:52
NBP,2020-12-17,42.8,43.48,42.21,43.01,2982000,psxdata,2026-05-11T12:51:52
NBP,2020-12-18,43.27,44.0,43.05,43.8,5255000,psxdata,2026-05-11T12:51:52
NBP,2020-12-21,43.95,45.24,43.47,43.7,6403000,psxdata,2026-05-11T12:51:52
NBP,2020-12-22,43.3,43.8,42.7,42.96,1148000,psxdata,2026-05-11T12:51:52
NBP,2020-12-23,42.9,43.8,42.5,42.66,1373000,psxdata,2026-05-11T12:51:52
NBP,2020-12-24,42.94,43.3,42.8,42.88,2007500,psxdata,2026-05-11T12:51:52
NBP,2020-12-28,43.05,43.05,42.65,42.78,715000,psxdata,2026-05-11T12:51:52
NBP,2020-12-29,42.98,43.15,42.4,42.57,2350000,psxdata,2026-05-11T12:51:52
NBP,2020-12-30,42.51,43.3,42.5,42.93,1529500,psxdata,2026-05-11T12:51:52
NBP,2020-12-31,43.15,43.2,42.75,42.96,7761000,psxdata,2026-05-11T12:51:52
NBP,2021-01-01,43.37,43.5,42.72,42.84,2883000,psxdata,2026-05-11T12:51:52
NBP,2021-01-04,42.84,43.4,42.41,42.53,5763000,psxdata,2026-05-11T12:51:52
NBP,2021-01-05,42.5,42.79,42.0,42.61,7232500,psxdata,2026-05-11T12:51:52
NBP,2021-01-06,43.0,43.0,42.45,42.68,1970000,psxdata,2026-05-11T12:51:52
NBP,2021-01-07,42.99,43.4,42.6,42.79,7323000,psxdata,2026-05-11T12:51:52
NBP,2021-01-08,42.7,43.38,42.7,42.79,3412000,psxdata,2026-05-11T12:51:52
NBP,2021-01-11,42.99,43.45,42.4,42.6,4948000,psxdata,2026-05-11T12:51:52
NBP,2021-01-12,42.6,42.94,42.5,42.54,1879500,psxdata,2026-05-11T12:51:52
NBP,2021-01-13,42.7,43.64,42.66,43.29,10596500,psxdata,2026-05-11T12:51:52
NBP,2021-01-14,43.48,43.67,43.11,43.5,1990000,psxdata,2026-05-11T12:51:52
NBP,2021-01-15,43.49,43.65,42.88,43.1,1755000,psxdata,2026-05-11T12:51:52
NBP,2021-01-18,42.82,43.28,42.5,42.78,755000,psxdata,2026-05-11T12:51:52
NBP,2021-01-19,42.9,42.9,42.42,42.65,473500,psxdata,2026-05-11T12:51:52
NBP,2021-01-20,42.65,42.65,42.15,42.25,1735000,psxdata,2026-05-11T12:51:52
NBP,2021-01-21,42.45,42.68,42.2,42.34,401500,psxdata,2026-05-11T12:51:52
NBP,2021-01-22,42.38,42.56,41.5,41.97,994000,psxdata,2026-05-11T12:51:52
NBP,2021-01-25,42.16,42.48,41.81,42.17,488500,psxdata,2026-05-11T12:51:52
NBP,2021-01-26,42.46,42.7,42.0,42.21,309500,psxdata,2026-05-11T12:51:52
NBP,2021-01-27,42.48,42.48,41.9,42.05,844000,psxdata,2026-05-11T12:51:52
NBP,2021-01-28,42.34,43.01,41.8,42.88,1951500,psxdata,2026-05-11T12:51:52
NBP,2021-01-29,42.85,43.0,41.9,42.12,1304000,psxdata,2026-05-11T12:51:52
NBP,2021-02-01,42.15,42.3,41.8,41.82,539500,psxdata,2026-05-11T12:51:52
NBP,2021-02-02,42.0,42.1,41.56,41.75,1647500,psxdata,2026-05-11T12:51:52
NBP,2021-02-03,41.55,42.0,41.45,41.57,701000,psxdata,2026-05-11T12:51:52
NBP,2021-02-04,41.25,41.78,41.01,41.28,1155500,psxdata,2026-05-11T12:51:52
NBP,2021-02-08,41.49,41.49,40.42,40.62,607500,psxdata,2026-05-11T12:51:52
NBP,2021-02-09,40.5,41.0,40.16,40.54,280000,psxdata,2026-05-11T12:51:52
NBP,2021-02-10,40.5,40.68,40.1,40.19,414500,psxdata,2026-05-11T12:51:52
NBP,2021-02-11,40.5,40.85,39.95,40.49,484000,psxdata,2026-05-11T12:51:52
NBP,2021-02-12,40.15,40.6,39.8,39.99,339000,psxdata,2026-05-11T12:51:52
NBP,2021-02-15,40.0,40.0,39.3,39.41,1092000,psxdata,2026-05-11T12:51:52
NBP,2021-02-16,39.5,40.89,39.5,40.5,889000,psxdata,2026-05-11T12:51:52
NBP,2021-02-17,40.8,40.8,39.95,40.05,697500,psxdata,2026-05-11T12:51:52
NBP,2021-02-18,39.85,40.01,38.77,39.03,737500,psxdata,2026-05-11T12:51:52
NBP,2021-02-19,39.05,39.5,38.8,39.38,667000,psxdata,2026-05-11T12:51:52
NBP,2021-02-22,39.39,39.58,38.7,38.85,258000,psxdata,2026-05-11T12:51:52
NBP,2021-02-23,39.0,39.1,38.0,38.28,477500,psxdata,2026-05-11T12:51:52
NBP,2021-02-24,38.45,39.78,35.41,36.31,3761500,psxdata,2026-05-11T12:51:52
NBP,2021-02-25,36.79,37.7,36.5,36.99,1565500,psxdata,2026-05-11T12:51:52
NBP,2021-02-26,36.75,37.0,35.56,35.87,768500,psxdata,2026-05-11T12:51:52
NBP,2021-03-01,35.91,36.34,34.8,35.2,460500,psxdata,2026-05-11T12:51:52
NBP,2021-03-02,35.1,35.36,34.9,35.2,1045500,psxdata,2026-05-11T12:51:52
NBP,2021-03-03,35.05,35.49,35.0,35.14,285000,psxdata,2026-05-11T12:51:52
NBP,2021-03-04,34.45,35.48,34.27,34.98,790500,psxdata,2026-05-11T12:51:52
NBP,2021-03-05,35.2,35.8,34.1,35.35,1011500,psxdata,2026-05-11T12:51:52
NBP,2021-03-08,36.24,36.24,34.5,34.65,760000,psxdata,2026-05-11T12:51:52
NBP,2021-03-09,34.61,34.7,33.75,34.39,794500,psxdata,2026-05-11T12:51:52
NBP,2021-03-10,34.0,34.01,33.1,33.37,674500,psxdata,2026-05-11T12:51:52
NBP,2021-03-11,33.94,34.03,32.3,32.8,724500,psxdata,2026-05-11T12:51:52
NBP,2021-03-12,33.06,34.0,32.6,33.66,275000,psxdata,2026-05-11T12:51:52
NBP,2021-03-15,34.15,34.15,33.26,33.84,345000,psxdata,2026-05-11T12:51:52
NBP,2021-03-16,33.89,34.0,33.7,34.0,345500,psxdata,2026-05-11T12:51:52
NBP,2021-03-17,34.3,34.3,33.7,33.74,2375500,psxdata,2026-05-11T12:51:52
NBP,2021-03-18,33.8,33.87,33.02,33.24,627000,psxdata,2026-05-11T12:51:52
NBP,2021-03-19,33.25,33.94,33.06,33.5,1309000,psxdata,2026-05-11T12:51:52
NBP,2021-03-22,33.45,33.45,32.6,32.7,2557500,psxdata,2026-05-11T12:51:52
NBP,2021-03-24,32.7,33.2,32.2,33.15,1322000,psxdata,2026-05-11T12:51:52
NBP,2021-03-25,33.15,33.55,32.7,32.92,718000,psxdata,2026-05-11T12:51:52
NBP,2021-03-26,33.0,33.0,32.65,32.8,286000,psxdata,2026-05-11T12:51:52
NBP,2021-03-29,32.51,32.85,31.8,31.82,514500,psxdata,2026-05-11T12:51:52
NBP,2021-03-30,32.25,32.25,31.6,31.93,929500,psxdata,2026-05-11T12:51:52
NBP,2021-03-31,32.25,32.5,31.95,32.21,1647500,psxdata,2026-05-11T12:51:52
NBP,2021-04-01,32.45,32.5,31.82,32.15,217500,psxdata,2026-05-11T12:51:52
NBP,2021-04-02,31.85,32.19,31.7,31.99,115000,psxdata,2026-05-11T12:51:52
NBP,2021-04-05,31.71,31.88,31.0,31.11,209500,psxdata,2026-05-11T12:51:52
NBP,2021-04-06,31.2,31.93,31.11,31.6,970000,psxdata,2026-05-11T12:51:52
NBP,2021-04-07,31.5,31.75,30.25,30.47,1948500,psxdata,2026-05-11T12:51:52
NBP,2021-04-08,30.88,31.45,30.25,30.96,410000,psxdata,2026-05-11T12:51:52
NBP,2021-04-09,31.25,32.01,31.1,31.91,1064500,psxdata,2026-05-11T12:51:52
NBP,2021-04-12,31.91,32.0,30.6,30.98,1510500,psxdata,2026-05-11T12:51:52
NBP,2021-04-13,30.37,31.49,30.36,31.24,2283000,psxdata,2026-05-11T12:51:52
NBP,2021-04-14,31.59,31.69,31.31,31.5,1588000,psxdata,2026-05-11T12:51:52
NBP,2021-04-15,31.56,31.8,31.37,31.48,968000,psxdata,2026-05-11T12:51:52
NBP,2021-04-16,31.65,32.45,31.6,31.88,739500,psxdata,2026-05-11T12:51:52
NBP,2021-04-19,31.68,32.46,31.31,32.06,3961000,psxdata,2026-05-11T12:51:52
NBP,2021-04-20,32.39,33.74,32.09,33.53,2761500,psxdata,2026-05-11T12:51:52
NBP,2021-04-21,33.61,35.89,33.61,35.42,4579500,psxdata,2026-05-11T12:51:52
NBP,2021-04-22,35.01,35.6,34.55,35.09,768000,psxdata,2026-05-11T12:51:52
NBP,2021-04-23,35.1,36.5,34.8,36.14,1824000,psxdata,2026-05-11T12:51:52
NBP,2021-04-26,36.01,37.2,35.75,36.9,2048500,psxdata,2026-05-11T12:51:52
NBP,2021-04-27,36.85,36.9,35.61,36.38,1315500,psxdata,2026-05-11T12:51:52
NBP,2021-04-28,36.6,37.1,35.03,35.73,1933500,psxdata,2026-05-11T12:51:52
NBP,2021-04-29,35.85,35.85,34.5,34.86,474000,psxdata,2026-05-11T12:51:52
NBP,2021-04-30,34.95,34.99,32.5,32.86,1078000,psxdata,2026-05-11T12:51:52
NBP,2021-05-03,32.95,33.5,31.6,32.76,516000,psxdata,2026-05-11T12:51:52
NBP,2021-05-04,32.6,32.9,32.53,32.74,134500,psxdata,2026-05-11T12:51:52
NBP,2021-05-05,32.7,33.35,32.5,32.61,152500,psxdata,2026-05-11T12:51:52
NBP,2021-05-06,32.61,32.96,32.5,32.84,179500,psxdata,2026-05-11T12:51:52
NBP,2021-05-17,33.24,33.3,32.49,32.71,1302500,psxdata,2026-05-11T12:51:52
NBP,2021-05-18,32.75,33.42,32.6,33.37,1527000,psxdata,2026-05-11T12:51:52
NBP,2021-05-19,33.1,33.38,32.3,33.0,1738000,psxdata,2026-05-11T12:51:52
NBP,2021-05-20,33.0,33.15,32.75,32.82,401000,psxdata,2026-05-11T12:51:52
NBP,2021-05-21,32.9,33.1,32.61,32.94,438500,psxdata,2026-05-11T12:51:52
NBP,2021-05-24,32.95,33.6,32.92,33.05,1088500,psxdata,2026-05-11T12:51:52
NBP,2021-05-25,33.2,33.3,32.91,33.13,3035000,psxdata,2026-05-11T12:51:52
NBP,2021-05-26,33.29,34.69,33.29,34.25,2737500,psxdata,2026-05-11T12:51:52
NBP,2021-05-27,34.25,34.94,33.82,34.39,2527500,psxdata,2026-05-11T12:51:52
NBP,2021-05-28,34.11,36.9,34.11,35.74,2256000,psxdata,2026-05-11T12:51:52
NBP,2021-05-31,36.0,36.25,35.25,35.34,7427000,psxdata,2026-05-11T12:51:52
NBP,2021-06-01,35.7,35.75,35.05,35.29,2423500,psxdata,2026-05-11T12:51:52
NBP,2021-06-02,35.5,37.4,35.18,36.49,1206500,psxdata,2026-05-11T12:51:52
NBP,2021-06-03,37.45,37.45,36.0,36.07,1539500,psxdata,2026-05-11T12:51:52
NBP,2021-06-04,36.41,36.99,35.32,36.78,2457500,psxdata,2026-05-11T12:51:52
NBP,2021-06-07,36.98,37.39,36.1,36.63,1873000,psxdata,2026-05-11T12:51:52
NBP,2021-06-08,36.35,36.8,36.0,36.13,398000,psxdata,2026-05-11T12:51:52
NBP,2021-06-09,36.05,36.05,35.62,35.74,247500,psxdata,2026-05-11T12:51:52
NBP,2021-06-10,35.97,37.25,35.15,36.7,1396000,psxdata,2026-05-11T12:51:52
NBP,2021-06-11,36.3,37.9,36.3,37.23,2449000,psxdata,2026-05-11T12:51:52
NBP,2021-06-14,38.99,38.99,37.15,37.81,2455500,psxdata,2026-05-11T12:51:52
NBP,2021-06-15,38.4,38.4,36.25,37.83,2620500,psxdata,2026-05-11T12:51:52
NBP,2021-06-16,37.56,37.56,36.58,36.98,6096500,psxdata,2026-05-11T12:51:52
NBP,2021-06-17,36.9,36.97,36.4,36.8,361000,psxdata,2026-05-11T12:51:52
NBP,2021-06-18,36.53,36.93,36.36,36.49,457500,psxdata,2026-05-11T12:51:52
NBP,2021-06-21,36.3,36.59,36.0,36.47,437500,psxdata,2026-05-11T12:51:52
NBP,2021-06-22,36.03,36.33,35.6,35.65,1443000,psxdata,2026-05-11T12:51:52
NBP,2021-06-23,35.66,35.85,35.3,35.42,944500,psxdata,2026-05-11T12:51:52
NBP,2021-06-24,35.27,36.0,35.27,35.88,1069500,psxdata,2026-05-11T12:51:52
NBP,2021-06-25,36.35,36.35,35.55,35.59,106500,psxdata,2026-05-11T12:51:52
NBP,2021-06-28,35.56,35.57,34.6,34.85,718500,psxdata,2026-05-11T12:51:52
NBP,2021-06-29,35.35,35.35,34.75,34.97,428500,psxdata,2026-05-11T12:51:52
NBP,2021-06-30,35.0,37.4,34.77,36.57,2201000,psxdata,2026-05-11T12:51:52
NBP,2021-07-01,36.45,37.35,36.1,37.13,572500,psxdata,2026-05-11T12:51:52
NBP,2021-07-02,37.43,37.43,36.17,36.5,654000,psxdata,2026-05-11T12:51:52
NBP,2021-07-05,36.1,36.3,35.61,36.03,397000,psxdata,2026-05-11T12:51:52
NBP,2021-07-06,35.65,36.05,35.65,35.91,333000,psxdata,2026-05-11T12:51:52
NBP,2021-07-07,35.71,35.89,35.51,35.83,67500,psxdata,2026-05-11T12:51:52
NBP,2021-07-08,35.37,36.1,35.37,35.98,206500,psxdata,2026-05-11T12:51:52
NBP,2021-07-09,35.76,35.85,35.4,35.52,118000,psxdata,2026-05-11T12:51:52
NBP,2021-07-12,35.55,35.55,35.21,35.29,116000,psxdata,2026-05-11T12:51:52
NBP,2021-07-13,35.4,35.6,35.2,35.25,214000,psxdata,2026-05-11T12:51:52
NBP,2021-07-14,35.11,35.49,35.1,35.2,115000,psxdata,2026-05-11T12:51:52
NBP,2021-07-15,35.11,35.51,35.1,35.47,359000,psxdata,2026-05-11T12:51:52
NBP,2021-07-16,35.47,35.75,35.25,35.65,68000,psxdata,2026-05-11T12:51:52
NBP,2021-07-19,35.99,35.99,35.51,35.7,124000,psxdata,2026-05-11T12:51:52
NBP,2021-07-23,35.65,35.65,35.25,35.5,28000,psxdata,2026-05-11T12:51:52
NBP,2021-07-26,35.5,35.5,35.17,35.17,35000,psxdata,2026-05-11T12:51:52
NBP,2021-07-27,35.15,35.6,35.07,35.18,116000,psxdata,2026-05-11T12:51:52
NBP,2021-07-28,35.11,35.45,34.75,35.0,127000,psxdata,2026-05-11T12:51:52
NBP,2021-07-29,34.7,35.0,34.63,34.76,96500,psxdata,2026-05-11T12:51:52
NBP,2021-07-30,34.98,35.99,34.01,35.31,2082500,psxdata,2026-05-11T12:51:52
NBP,2021-08-02,35.35,35.5,34.9,35.05,261000,psxdata,2026-05-11T12:51:52
NBP,2021-08-03,35.06,35.25,35.0,35.07,240500,psxdata,2026-05-11T12:51:52
NBP,2021-08-04,35.0,35.75,34.8,35.46,1020000,psxdata,2026-05-11T12:51:52
NBP,2021-08-05,35.74,35.74,35.21,35.29,1181500,psxdata,2026-05-11T12:51:52
NBP,2021-08-06,35.2,35.3,34.93,34.97,420500,psxdata,2026-05-11T12:51:52
NBP,2021-08-09,35.15,35.15,34.52,34.74,60500,psxdata,2026-05-11T12:51:52
NBP,2021-08-10,34.58,34.98,34.53,34.71,25000,psxdata,2026-05-11T12:51:52
NBP,2021-08-11,35.0,35.0,34.75,34.77,55000,psxdata,2026-05-11T12:51:52
NBP,2021-08-12,34.52,34.7,34.0,34.39,183500,psxdata,2026-05-11T12:51:52
NBP,2021-08-13,34.68,34.68,34.02,34.11,36000,psxdata,2026-05-11T12:51:52
NBP,2021-08-16,34.05,34.28,33.5,33.85,173000,psxdata,2026-05-11T12:51:52
NBP,2021-08-17,33.95,34.0,33.8,33.88,575000,psxdata,2026-05-11T12:51:52
NBP,2021-08-20,33.9,34.29,33.5,33.7,145500,psxdata,2026-05-11T12:51:52
NBP,2021-08-23,34.02,34.8,34.0,34.23,155000,psxdata,2026-05-11T12:51:52
NBP,2021-08-24,34.5,34.57,34.13,34.17,196500,psxdata,2026-05-11T12:51:52
NBP,2021-08-25,34.25,34.6,34.1,34.22,95000,psxdata,2026-05-11T12:51:52
NBP,2021-08-26,34.2,34.57,33.81,33.89,112500,psxdata,2026-05-11T12:51:52
NBP,2021-08-27,33.75,34.0,33.02,33.57,847500,psxdata,2026-05-11T12:51:52
NBP,2021-08-30,33.5,33.84,33.1,33.42,175500,psxdata,2026-05-11T12:51:52
NBP,2021-08-31,33.4,33.85,33.4,33.76,85000,psxdata,2026-05-11T12:51:52
NBP,2021-09-01,33.51,33.9,33.11,33.68,132000,psxdata,2026-05-11T12:51:52
NBP,2021-09-02,33.61,33.85,33.36,33.49,96000,psxdata,2026-05-11T12:51:52
NBP,2021-09-03,33.45,33.5,32.9,33.0,391500,psxdata,2026-05-11T12:51:52
NBP,2021-09-06,32.75,33.1,32.75,32.82,143000,psxdata,2026-05-11T12:51:52
NBP,2021-09-07,32.71,33.1,32.4,33.02,589500,psxdata,2026-05-11T12:51:52
NBP,2021-09-08,33.0,33.0,32.4,32.69,238000,psxdata,2026-05-11T12:51:52
NBP,2021-09-09,33.4,33.4,32.3,32.5,291500,psxdata,2026-05-11T12:51:52
NBP,2021-09-10,32.94,33.0,32.7,32.82,110500,psxdata,2026-05-11T12:51:52
NBP,2021-09-13,32.8,33.15,32.7,33.02,263500,psxdata,2026-05-11T12:51:52
NBP,2021-09-14,33.24,33.25,32.72,32.83,220000,psxdata,2026-05-11T12:51:52
NBP,2021-09-15,33.0,33.4,32.6,32.91,1005000,psxdata,2026-05-11T12:51:52
NBP,2021-09-16,33.32,33.32,32.81,33.02,360000,psxdata,2026-05-11T12:51:52
NBP,2021-09-17,33.2,35.24,33.01,34.64,2117000,psxdata,2026-05-11T12:51:52
NBP,2021-09-20,34.65,34.65,33.85,34.04,203000,psxdata,2026-05-11T12:51:52
NBP,2021-09-21,34.49,34.5,33.49,33.8,263500,psxdata,2026-05-11T12:51:52
NBP,2021-09-22,33.8,34.01,33.5,33.72,1658000,psxdata,2026-05-11T12:51:52
NBP,2021-09-23,34.25,34.47,33.33,33.85,120500,psxdata,2026-05-11T12:51:52
NBP,2021-09-24,33.97,33.97,33.25,33.35,1499000,psxdata,2026-05-11T12:51:52
NBP,2021-09-27,34.18,34.18,32.75,33.77,638500,psxdata,2026-05-11T12:51:52
NBP,2021-09-28,33.68,33.77,33.01,33.44,130500,psxdata,2026-05-11T12:51:52
NBP,2021-09-29,33.44,33.49,32.78,33.23,373500,psxdata,2026-05-11T12:51:52
NBP,2021-09-30,33.0,33.51,32.76,33.44,85500,psxdata,2026-05-11T12:51:52
NBP,2021-10-01,33.25,33.99,33.2,33.75,140500,psxdata,2026-05-11T12:51:52
NBP,2021-10-04,33.8,33.9,33.25,33.79,78000,psxdata,2026-05-11T12:51:52
NBP,2021-10-05,33.7,33.7,33.02,33.22,756500,psxdata,2026-05-11T12:51:52
NBP,2021-10-06,33.11,33.5,33.0,33.02,211000,psxdata,2026-05-11T12:51:52
NBP,2021-10-07,33.05,33.6,33.02,33.48,91500,psxdata,2026-05-11T12:51:52
NBP,2021-10-08,33.41,33.75,33.41,33.7,25000,psxdata,2026-05-11T12:51:52
NBP,2021-10-11,33.02,33.69,33.02,33.45,182500,psxdata,2026-05-11T12:51:52
NBP,2021-10-12,33.16,34.35,32.62,33.87,136500,psxdata,2026-05-11T12:51:52
NBP,2021-10-13,33.41,34.96,33.39,33.94,1335500,psxdata,2026-05-11T12:51:52
NBP,2021-10-14,33.9,34.9,33.9,34.23,420000,psxdata,2026-05-11T12:51:52
NBP,2021-10-15,34.1,35.0,34.01,34.77,257000,psxdata,2026-05-11T12:51:52
NBP,2021-10-18,34.77,34.77,34.1,34.31,169000,psxdata,2026-05-11T12:51:52
NBP,2021-10-20,34.3,34.97,34.3,34.75,498500,psxdata,2026-05-11T12:51:52
NBP,2021-10-21,34.95,36.45,34.94,35.99,1280500,psxdata,2026-05-11T12:51:52
NBP,2021-10-22,35.5,35.6,35.05,35.31,85500,psxdata,2026-05-11T12:51:52
NBP,2021-10-25,34.71,34.98,34.2,34.26,377500,psxdata,2026-05-11T12:51:52
NBP,2021-10-26,34.06,34.73,33.9,34.13,71000,psxdata,2026-05-11T12:51:52
NBP,2021-10-27,34.5,34.75,33.6,33.72,183500,psxdata,2026-05-11T12:51:52
NBP,2021-10-28,33.52,34.01,33.0,33.23,362000,psxdata,2026-05-11T12:51:52
NBP,2021-10-29,33.6,34.5,33.25,34.33,534500,psxdata,2026-05-11T12:51:52
NBP,2021-11-01,34.49,35.67,34.49,35.43,666000,psxdata,2026-05-11T12:51:52
NBP,2021-11-02,35.22,37.4,35.22,36.41,1503000,psxdata,2026-05-11T12:51:52
NBP,2021-11-03,35.61,36.74,35.61,35.94,384000,psxdata,2026-05-11T12:51:52
NBP,2021-11-04,35.61,36.17,35.5,36.01,1044000,psxdata,2026-05-11T12:51:52
NBP,2021-11-05,36.0,36.2,35.99,36.0,109000,psxdata,2026-05-11T12:51:52
NBP,2021-11-08,36.03,36.2,35.75,35.77,337500,psxdata,2026-05-11T12:51:52
NBP,2021-11-09,35.51,35.9,34.9,34.96,206000,psxdata,2026-05-11T12:51:52
NBP,2021-11-10,35.0,35.75,34.81,35.0,1141000,psxdata,2026-05-11T12:51:52
NBP,2021-11-12,34.31,34.76,34.3,34.53,14000,psxdata,2026-05-11T12:51:52
NBP,2021-11-15,34.28,34.3,33.65,33.89,338000,psxdata,2026-05-11T12:51:52
NBP,2021-11-16,34.2,34.92,34.1,34.54,487000,psxdata,2026-05-11T12:51:52
NBP,2021-11-17,34.75,35.65,34.52,34.69,654000,psxdata,2026-05-11T12:51:52
NBP,2021-11-18,34.75,34.98,34.5,34.76,118000,psxdata,2026-05-11T12:51:52
NBP,2021-11-19,35.24,35.5,34.71,35.23,721500,psxdata,2026-05-11T12:51:52
NBP,2021-11-22,35.55,36.43,35.03,35.09,1647500,psxdata,2026-05-11T12:51:52
NBP,2021-11-23,35.39,35.49,34.15,34.47,420000,psxdata,2026-05-11T12:51:52
NBP,2021-11-24,34.49,34.55,34.02,34.46,410000,psxdata,2026-05-11T12:51:52
NBP,2021-11-25,34.1,34.26,32.8,33.06,787500,psxdata,2026-05-11T12:51:52
NBP,2021-11-26,33.5,33.9,32.7,32.95,486500,psxdata,2026-05-11T12:51:52
NBP,2021-11-29,33.3,34.45,33.19,34.09,483500,psxdata,2026-05-11T12:51:52
NBP,2021-11-30,34.48,35.4,34.25,34.5,3234500,psxdata,2026-05-11T12:51:52
NBP,2021-12-01,34.23,35.4,34.22,35.25,403500,psxdata,2026-05-11T12:51:52
NBP,2021-12-02,34.75,34.75,33.1,33.5,579000,psxdata,2026-05-11T12:51:52
NBP,2021-12-03,33.73,34.5,33.6,33.75,714000,psxdata,2026-05-11T12:51:52
NBP,2021-12-06,33.9,34.35,33.25,34.2,173500,psxdata,2026-05-11T12:51:52
NBP,2021-12-07,34.21,34.8,33.81,34.57,147500,psxdata,2026-05-11T12:51:52
NBP,2021-12-08,34.15,35.19,34.15,34.89,201000,psxdata,2026-05-11T12:51:52
NBP,2021-12-09,34.98,35.0,34.01,34.33,133500,psxdata,2026-05-11T12:51:52
NBP,2021-12-10,34.0,34.5,33.8,34.13,74000,psxdata,2026-05-11T12:51:52
NBP,2021-12-13,33.8,34.0,33.5,33.59,42000,psxdata,2026-05-11T12:51:52
NBP,2021-12-14,33.35,34.49,33.35,34.49,70500,psxdata,2026-05-11T12:51:52
NBP,2021-12-15,34.12,34.7,34.07,34.34,277000,psxdata,2026-05-11T12:51:52
NBP,2021-12-16,34.5,34.5,33.7,34.04,67000,psxdata,2026-05-11T12:51:52
NBP,2021-12-17,34.0,34.88,33.8,34.56,262500,psxdata,2026-05-11T12:51:52
NBP,2021-12-20,34.89,34.89,34.1,34.6,140000,psxdata,2026-05-11T12:51:52
NBP,2021-12-21,34.6,34.6,34.25,34.5,265500,psxdata,2026-05-11T12:51:52
NBP,2021-12-22,34.5,34.75,34.25,34.62,120500,psxdata,2026-05-11T12:51:52
NBP,2021-12-23,34.68,34.85,34.5,34.51,28500,psxdata,2026-05-11T12:51:52
NBP,2021-12-24,34.5,34.85,34.2,34.78,252000,psxdata,2026-05-11T12:51:52
NBP,2021-12-27,34.31,34.5,34.21,34.25,215000,psxdata,2026-05-11T12:51:52
NBP,2021-12-28,34.25,34.49,33.93,34.03,2313000,psxdata,2026-05-11T12:51:52
NBP,2021-12-29,33.91,34.1,33.7,34.04,613000,psxdata,2026-05-11T12:51:52
NBP,2021-12-30,34.25,34.6,34.05,34.32,176500,psxdata,2026-05-11T12:51:52
NBP,2021-12-31,34.01,34.71,34.01,34.52,332500,psxdata,2026-05-11T12:51:52
NBP,2022-01-03,34.5,34.5,34.0,34.24,230500,psxdata,2026-05-11T12:51:52
NBP,2022-01-04,34.35,34.65,34.25,34.28,1459500,psxdata,2026-05-11T12:51:52
NBP,2022-01-05,34.35,34.5,34.2,34.39,82500,psxdata,2026-05-11T12:51:52
NBP,2022-01-06,34.29,34.5,34.12,34.23,51500,psxdata,2026-05-11T12:51:52
NBP,2022-01-07,34.25,34.48,34.13,34.45,27500,psxdata,2026-05-11T12:51:52
NBP,2022-01-10,34.45,35.65,34.05,34.99,457500,psxdata,2026-05-11T12:51:52
NBP,2022-01-11,34.85,35.15,34.56,35.03,123000,psxdata,2026-05-11T12:51:52
NBP,2022-01-12,35.2,35.5,35.1,35.21,365000,psxdata,2026-05-11T12:51:52
NBP,2022-01-13,35.05,35.5,35.02,35.47,145500,psxdata,2026-05-11T12:51:52
NBP,2022-01-14,35.65,35.65,35.3,35.44,114500,psxdata,2026-05-11T12:51:52
NBP,2022-01-17,35.7,35.7,34.6,35.61,103500,psxdata,2026-05-11T12:51:52
NBP,2022-01-18,35.04,35.59,35.04,35.37,1135000,psxdata,2026-05-11T12:51:52
NBP,2022-01-19,34.6,35.25,32.92,34.72,706500,psxdata,2026-05-11T12:51:52
NBP,2022-01-20,34.4,35.0,34.15,34.76,332000,psxdata,2026-05-11T12:51:52
NBP,2022-01-21,34.51,34.99,34.5,34.93,97000,psxdata,2026-05-11T12:51:52
NBP,2022-01-24,34.7,34.87,34.5,34.61,85500,psxdata,2026-05-11T12:51:52
NBP,2022-01-25,35.14,35.15,34.34,34.43,84500,psxdata,2026-05-11T12:51:52
NBP,2022-01-26,34.92,34.92,34.26,34.28,93000,psxdata,2026-05-11T12:51:52
NBP,2022-01-27,34.94,34.94,34.26,34.39,127000,psxdata,2026-05-11T12:51:52
NBP,2022-01-28,34.26,34.9,34.26,34.51,349000,psxdata,2026-05-11T12:51:52
NBP,2022-01-31,34.52,34.78,34.5,34.61,93000,psxdata,2026-05-11T12:51:52
NBP,2022-02-01,34.65,35.65,34.65,35.59,457000,psxdata,2026-05-11T12:51:52
NBP,2022-02-02,35.74,36.2,35.5,35.91,1653500,psxdata,2026-05-11T12:51:52
NBP,2022-02-03,35.77,36.0,35.5,35.5,337500,psxdata,2026-05-11T12:51:52
NBP,2022-02-04,35.2,36.35,35.19,36.02,484500,psxdata,2026-05-11T12:51:52
NBP,2022-02-07,36.0,37.8,36.0,37.01,2348000,psxdata,2026-05-11T12:51:52
NBP,2022-02-08,37.01,37.5,36.6,36.84,729500,psxdata,2026-05-11T12:51:52
NBP,2022-02-09,37.0,37.3,35.5,36.91,1226500,psxdata,2026-05-11T12:51:52
NBP,2022-02-10,36.83,36.83,35.5,35.69,762000,psxdata,2026-05-11T12:51:52
NBP,2022-02-11,35.69,36.25,35.69,35.82,556500,psxdata,2026-05-11T12:51:52
NBP,2022-02-14,36.0,36.2,35.55,35.88,420500,psxdata,2026-05-11T12:51:52
NBP,2022-02-15,35.88,36.23,35.6,35.74,511000,psxdata,2026-05-11T12:51:52
NBP,2022-02-16,36.09,36.09,35.11,35.39,26000,psxdata,2026-05-11T12:51:52
NBP,2022-02-17,35.2,35.3,34.86,35.01,93500,psxdata,2026-05-11T12:51:52
NBP,2022-02-18,35.4,35.5,34.86,35.31,73500,psxdata,2026-05-11T12:51:52
NBP,2022-02-21,35.77,35.89,34.61,35.44,264000,psxdata,2026-05-11T12:51:52
NBP,2022-02-22,35.15,35.79,34.68,35.37,191000,psxdata,2026-05-11T12:51:52
NBP,2022-02-23,34.85,35.38,34.85,35.18,65500,psxdata,2026-05-11T12:51:52
NBP,2022-02-24,34.7,35.0,33.2,33.39,242000,psxdata,2026-05-11T12:51:52
NBP,2022-02-25,31.22,32.0,30.89,30.99,2686000,psxdata,2026-05-11T12:51:52
NBP,2022-02-28,30.0,31.0,29.52,30.07,200000,psxdata,2026-05-11T12:51:52
NBP,2022-03-01,30.09,32.11,30.0,31.94,2834500,psxdata,2026-05-11T12:51:52
NBP,2022-03-02,31.93,33.5,31.0,33.37,4734000,psxdata,2026-05-11T12:51:52
NBP,2022-03-03,33.37,33.5,32.2,32.95,1854000,psxdata,2026-05-11T12:51:52
NBP,2022-03-04,32.85,33.59,32.51,33.0,1113000,psxdata,2026-05-11T12:51:52
NBP,2022-03-07,32.7,33.4,31.55,32.93,322000,psxdata,2026-05-11T12:51:52
NBP,2022-03-08,32.5,32.89,30.51,30.59,2633500,psxdata,2026-05-11T12:51:52
NBP,2022-03-09,30.33,31.0,30.1,30.89,312000,psxdata,2026-05-11T12:51:52
NBP,2022-03-10,31.2,31.5,31.0,31.24,573000,psxdata,2026-05-11T12:51:52
NBP,2022-03-11,31.35,31.7,30.0,31.16,237000,psxdata,2026-05-11T12:51:52
NBP,2022-03-14,30.62,31.7,30.6,31.13,89500,psxdata,2026-05-11T12:51:52
NBP,2022-03-15,31.01,32.19,30.69,31.68,186500,psxdata,2026-05-11T12:51:52
NBP,2022-03-16,31.37,31.73,31.3,31.47,75500,psxdata,2026-05-11T12:51:52
NBP,2022-03-17,31.12,31.4,31.07,31.2,85500,psxdata,2026-05-11T12:51:52
NBP,2022-03-18,30.97,32.2,30.71,31.49,393500,psxdata,2026-05-11T12:51:52
NBP,2022-03-21,32.4,32.48,30.49,30.66,45500,psxdata,2026-05-11T12:51:52
NBP,2022-03-22,31.66,31.66,30.53,31.05,183500,psxdata,2026-05-11T12:51:52
NBP,2022-03-24,31.0,31.23,30.52,31.01,54000,psxdata,2026-05-11T12:51:52
NBP,2022-03-25,30.51,31.84,30.51,30.77,196000,psxdata,2026-05-11T12:51:52
NBP,2022-03-28,30.7,31.4,30.56,31.15,77500,psxdata,2026-05-11T12:51:52
NBP,2022-03-29,31.0,31.23,31.0,31.11,67000,psxdata,2026-05-11T12:51:52
NBP,2022-03-30,30.65,31.37,30.65,31.11,126000,psxdata,2026-05-11T12:51:52
NBP,2022-03-31,31.44,31.44,31.1,31.19,46500,psxdata,2026-05-11T12:51:52
NBP,2022-04-01,30.84,31.8,30.84,31.39,106500,psxdata,2026-05-11T12:51:52
NBP,2022-04-04,30.3,30.75,29.62,29.85,293500,psxdata,2026-05-11T12:51:52
NBP,2022-04-05,29.85,30.8,29.5,30.22,218000,psxdata,2026-05-11T12:51:52
NBP,2022-04-06,30.2,30.5,29.78,30.14,226000,psxdata,2026-05-11T12:51:52
NBP,2022-04-07,30.15,30.15,29.5,29.53,189500,psxdata,2026-05-11T12:51:52
NBP,2022-04-08,29.85,30.89,29.8,30.41,779000,psxdata,2026-05-11T12:51:52
NBP,2022-04-11,30.66,32.09,30.66,31.89,674000,psxdata,2026-05-11T12:51:52
NBP,2022-04-12,31.21,32.05,31.0,31.98,259500,psxdata,2026-05-11T12:51:52
NBP,2022-04-13,32.0,32.23,31.37,31.74,162500,psxdata,2026-05-11T12:51:52
NBP,2022-04-14,31.36,32.0,31.36,31.94,228000,psxdata,2026-05-11T12:51:52
NBP,2022-04-15,31.63,32.69,31.6,32.44,119000,psxdata,2026-05-11T12:51:52
NBP,2022-04-18,32.0,32.25,31.75,31.9,85000,psxdata,2026-05-11T12:51:52
NBP,2022-04-19,31.58,31.8,31.4,31.45,83000,psxdata,2026-05-11T12:51:52
NBP,2022-04-20,31.56,31.7,30.83,31.39,123500,psxdata,2026-05-11T12:51:52
NBP,2022-04-21,30.76,31.49,30.54,30.95,161000,psxdata,2026-05-11T12:51:52
NBP,2022-04-22,30.5,31.45,30.5,31.11,52000,psxdata,2026-05-11T12:51:52
NBP,2022-04-25,30.76,31.97,30.51,30.79,167000,psxdata,2026-05-11T12:51:52
NBP,2022-04-26,30.56,31.3,30.53,31.12,66500,psxdata,2026-05-11T12:51:52
NBP,2022-04-27,30.66,30.68,30.6,30.62,55000,psxdata,2026-05-11T12:51:52
NBP,2022-04-28,30.4,31.48,30.4,31.14,166000,psxdata,2026-05-11T12:51:52
NBP,2022-05-06,30.59,31.35,30.3,30.37,138000,psxdata,2026-05-11T12:51:52
NBP,2022-05-09,30.21,30.21,29.0,29.75,486000,psxdata,2026-05-11T12:51:52
NBP,2022-05-10,29.76,29.76,29.2,29.42,41500,psxdata,2026-05-11T12:51:52
NBP,2022-05-11,29.01,29.06,27.8,28.11,898000,psxdata,2026-05-11T12:51:52
NBP,2022-05-12,28.05,29.34,27.7,28.46,242000,psxdata,2026-05-11T12:51:52
NBP,2022-05-13,28.4,28.9,28.4,28.83,85500,psxdata,2026-05-11T12:51:52
NBP,2022-05-16,28.5,28.6,28.0,28.54,179500,psxdata,2026-05-11T12:51:52
NBP,2022-05-17,27.75,28.8,27.75,28.5,179000,psxdata,2026-05-11T12:51:52
NBP,2022-05-18,28.51,29.1,28.51,28.86,29500,psxdata,2026-05-11T12:51:52
NBP,2022-05-19,28.61,29.2,28.61,29.14,144500,psxdata,2026-05-11T12:51:52
NBP,2022-05-20,29.48,30.0,29.3,29.82,180500,psxdata,2026-05-11T12:51:52
NBP,2022-05-23,29.82,29.82,29.11,29.48,40000,psxdata,2026-05-11T12:51:52
NBP,2022-05-24,29.89,29.89,28.61,29.46,133000,psxdata,2026-05-11T12:51:52
NBP,2022-05-25,29.15,29.75,28.8,29.41,255500,psxdata,2026-05-11T12:51:52
NBP,2022-05-26,29.18,29.85,29.18,29.85,757000,psxdata,2026-05-11T12:51:52
NBP,2022-05-27,30.0,30.3,29.0,29.13,493000,psxdata,2026-05-11T12:51:52
NBP,2022-05-30,29.49,29.69,29.21,29.51,60000,psxdata,2026-05-11T12:51:52
NBP,2022-05-31,29.5,29.84,29.05,29.46,258000,psxdata,2026-05-11T12:51:52
NBP,2022-06-01,29.45,29.5,29.21,29.26,141500,psxdata,2026-05-11T12:51:52
NBP,2022-06-02,29.0,29.67,28.9,29.51,92500,psxdata,2026-05-11T12:51:52
NBP,2022-06-03,29.02,29.02,28.37,28.5,484000,psxdata,2026-05-11T12:51:52
NBP,2022-06-06,28.05,28.55,28.0,28.5,158000,psxdata,2026-05-11T12:51:52
NBP,2022-06-07,28.98,29.2,28.9,29.13,234500,psxdata,2026-05-11T12:51:52
NBP,2022-06-08,29.0,29.09,29.0,29.0,662500,psxdata,2026-05-11T12:51:52
NBP,2022-06-09,28.97,28.98,28.7,28.78,23000,psxdata,2026-05-11T12:51:52
NBP,2022-06-10,28.4,28.97,28.0,28.15,156500,psxdata,2026-05-11T12:51:52
NBP,2022-06-13,27.7,27.7,27.4,27.48,162000,psxdata,2026-05-11T12:51:52
NBP,2022-06-14,27.68,27.7,27.32,27.5,232500,psxdata,2026-05-11T12:51:52
NBP,2022-06-15,28.4,29.35,28.35,28.38,395500,psxdata,2026-05-11T12:51:52
NBP,2022-06-16,28.1,28.36,27.71,27.99,94500,psxdata,2026-05-11T12:51:52
NBP,2022-06-17,27.81,28.49,27.81,28.03,201500,psxdata,2026-05-11T12:51:52
NBP,2022-06-20,28.24,28.24,27.8,27.81,41500,psxdata,2026-05-11T12:51:52
NBP,2022-06-21,27.81,28.0,27.6,27.8,203500,psxdata,2026-05-11T12:51:52
NBP,2022-06-22,27.95,28.0,27.74,27.8,264500,psxdata,2026-05-11T12:51:52
NBP,2022-06-23,27.99,28.3,27.5,27.62,278000,psxdata,2026-05-11T12:51:52
NBP,2022-06-24,27.62,27.75,26.0,26.57,886000,psxdata,2026-05-11T12:51:52
NBP,2022-06-27,26.85,27.5,26.83,27.41,76000,psxdata,2026-05-11T12:51:52
NBP,2022-06-28,27.88,28.48,27.41,27.93,2549000,psxdata,2026-05-11T12:51:52
NBP,2022-06-29,27.9,28.39,27.22,27.76,402000,psxdata,2026-05-11T12:51:52
NBP,2022-06-30,27.97,28.38,27.62,27.95,638000,psxdata,2026-05-11T12:51:52
NBP,2022-07-01,27.67,27.9,27.66,27.79,55500,psxdata,2026-05-11T12:51:52
NBP,2022-07-04,27.94,27.94,27.46,27.46,33500,psxdata,2026-05-11T12:51:52
NBP,2022-07-05,27.4,27.45,26.73,26.93,322000,psxdata,2026-05-11T12:51:52
NBP,2022-07-06,27.27,27.39,27.02,27.25,449000,psxdata,2026-05-11T12:51:52
NBP,2022-07-07,27.25,27.8,27.0,27.47,74500,psxdata,2026-05-11T12:51:52
NBP,2022-07-13,27.8,27.98,27.55,27.7,1158000,psxdata,2026-05-11T12:51:52
NBP,2022-07-14,27.89,28.19,27.81,27.87,1034500,psxdata,2026-05-11T12:51:52
NBP,2022-07-15,27.76,28.0,27.61,27.75,133000,psxdata,2026-05-11T12:51:52
NBP,2022-07-18,27.05,27.89,27.0,27.44,201500,psxdata,2026-05-11T12:51:52
NBP,2022-07-19,27.05,27.72,26.79,27.17,190000,psxdata,2026-05-11T12:51:52
NBP,2022-07-20,27.01,27.07,26.62,27.0,841000,psxdata,2026-05-11T12:51:52
NBP,2022-07-21,27.25,27.25,26.4,26.92,48500,psxdata,2026-05-11T12:51:52
NBP,2022-07-22,26.7,27.4,26.5,26.72,127500,psxdata,2026-05-11T12:51:52
NBP,2022-07-25,26.69,26.89,26.5,26.62,40000,psxdata,2026-05-11T12:51:52
NBP,2022-07-26,26.22,27.1,26.16,26.82,123500,psxdata,2026-05-11T12:51:52
NBP,2022-07-27,26.85,27.15,26.4,26.85,210500,psxdata,2026-05-11T12:51:52
NBP,2022-07-28,27.0,27.15,26.5,26.64,265500,psxdata,2026-05-11T12:51:52
NBP,2022-07-29,26.62,27.33,26.52,26.72,34000,psxdata,2026-05-11T12:51:52
NBP,2022-08-01,26.7,26.95,26.6,26.6,10000,psxdata,2026-05-11T12:51:52
NBP,2022-08-02,26.4,26.78,25.84,26.13,623000,psxdata,2026-05-11T12:51:52
NBP,2022-08-03,26.39,26.99,26.3,26.61,307500,psxdata,2026-05-11T12:51:52
NBP,2022-08-04,26.6,27.0,26.6,26.63,61500,psxdata,2026-05-11T12:51:52
NBP,2022-08-05,26.88,28.62,26.77,28.39,479500,psxdata,2026-05-11T12:51:52
NBP,2022-08-10,27.67,30.51,27.67,30.05,2741000,psxdata,2026-05-11T12:51:52
NBP,2022-08-11,30.9,32.3,30.9,31.38,298000,psxdata,2026-05-11T12:51:52
NBP,2022-08-12,31.48,33.6,30.51,32.08,4798000,psxdata,2026-05-11T12:51:52
NBP,2022-08-15,32.4,34.2,32.26,32.93,1626500,psxdata,2026-05-11T12:51:52
NBP,2022-08-16,33.6,34.2,33.15,33.44,1249500,psxdata,2026-05-11T12:51:52
NBP,2022-08-17,33.4,33.4,30.94,30.96,3531500,psxdata,2026-05-11T12:51:52
NBP,2022-08-18,30.84,31.03,29.84,30.41,568000,psxdata,2026-05-11T12:51:52
NBP,2022-08-19,29.71,30.85,29.52,30.38,7839500,psxdata,2026-05-11T12:51:52
NBP,2022-08-22,30.0,30.1,29.02,29.29,283000,psxdata,2026-05-11T12:51:52
NBP,2022-08-23,29.5,29.79,29.1,29.18,569500,psxdata,2026-05-11T12:51:52
NBP,2022-08-24,29.35,29.9,29.3,29.44,3353500,psxdata,2026-05-11T12:51:52
NBP,2022-08-25,29.5,29.7,29.0,29.08,257500,psxdata,2026-05-11T12:51:52
NBP,2022-08-26,29.1,29.36,28.55,28.71,77000,psxdata,2026-05-11T12:51:52
NBP,2022-08-29,28.51,28.89,28.11,28.88,47500,psxdata,2026-05-11T12:51:52
NBP,2022-08-30,28.98,29.0,28.5,28.58,59000,psxdata,2026-05-11T12:51:52
NBP,2022-08-31,28.48,29.04,28.38,28.75,3904000,psxdata,2026-05-11T12:51:52
NBP,2022-09-01,29.85,29.85,28.13,28.6,93000,psxdata,2026-05-11T12:51:52
NBP,2022-09-02,28.5,28.8,28.3,28.39,723000,psxdata,2026-05-11T12:51:52
NBP,2022-09-05,28.55,28.55,28.2,28.29,81500,psxdata,2026-05-11T12:51:52
NBP,2022-09-06,28.06,29.49,28.0,28.87,99000,psxdata,2026-05-11T12:51:52
NBP,2022-09-07,29.05,29.05,27.95,28.24,302500,psxdata,2026-05-11T12:51:52
NBP,2022-09-08,28.25,28.45,28.02,28.23,44500,psxdata,2026-05-11T12:51:52
NBP,2022-09-09,28.03,28.2,27.55,27.62,363000,psxdata,2026-05-11T12:51:52
NBP,2022-09-12,27.74,27.75,27.5,27.54,27500,psxdata,2026-05-11T12:51:52
NBP,2022-09-13,27.48,27.6,27.4,27.47,34500,psxdata,2026-05-11T12:51:52
NBP,2022-09-14,27.5,27.5,26.9,27.02,307000,psxdata,2026-05-11T12:51:52
NBP,2022-09-15,27.05,27.25,26.6,26.71,283000,psxdata,2026-05-11T12:51:52
NBP,2022-09-16,26.73,27.59,25.9,27.01,3099500,psxdata,2026-05-11T12:51:52
NBP,2022-09-19,27.18,27.2,26.57,26.9,31000,psxdata,2026-05-11T12:51:52
NBP,2022-09-20,26.97,26.97,25.55,25.9,536500,psxdata,2026-05-11T12:51:52
NBP,2022-09-21,25.9,26.29,25.7,26.13,124000,psxdata,2026-05-11T12:51:52
NBP,2022-09-22,26.0,26.7,25.55,26.42,74000,psxdata,2026-05-11T12:51:52
NBP,2022-09-23,26.06,26.4,25.96,26.14,36500,psxdata,2026-05-11T12:51:52
NBP,2022-09-26,26.14,26.74,26.12,26.53,36500,psxdata,2026-05-11T12:51:52
NBP,2022-09-27,26.43,27.39,26.4,27.22,132500,psxdata,2026-05-11T12:51:52
NBP,2022-09-28,26.99,27.14,26.7,26.81,27500,psxdata,2026-05-11T12:51:52
NBP,2022-09-29,26.7,26.7,26.15,26.15,36500,psxdata,2026-05-11T12:51:52
NBP,2022-09-30,26.4,26.47,26.0,26.07,108500,psxdata,2026-05-11T12:51:52
NBP,2022-10-03,25.8,26.7,25.8,26.27,72000,psxdata,2026-05-11T12:51:52
NBP,2022-10-04,26.12,26.46,25.95,25.96,93500,psxdata,2026-05-11T12:51:52
NBP,2022-10-05,25.81,26.0,25.62,25.68,1628500,psxdata,2026-05-11T12:51:52
NBP,2022-10-06,25.88,25.88,25.56,25.61,654500,psxdata,2026-05-11T12:51:52
NBP,2022-10-07,25.63,25.82,25.61,25.71,23000,psxdata,2026-05-11T12:51:52
NBP,2022-10-10,26.0,26.0,25.7,25.78,143000,psxdata,2026-05-11T12:51:52
NBP,2022-10-11,25.98,26.0,25.8,25.94,136000,psxdata,2026-05-11T12:51:52
NBP,2022-10-12,25.94,25.95,25.75,25.8,44500,psxdata,2026-05-11T12:51:52
NBP,2022-10-13,25.8,25.8,25.5,25.61,76500,psxdata,2026-05-11T12:51:52
NBP,2022-10-14,25.9,25.93,25.5,25.51,36500,psxdata,2026-05-11T12:51:52
NBP,2022-10-17,25.84,25.84,25.5,25.52,69500,psxdata,2026-05-11T12:51:52
NBP,2022-10-18,25.67,25.67,25.47,25.5,26000,psxdata,2026-05-11T12:51:52
NBP,2022-10-19,25.79,26.0,25.65,25.84,109500,psxdata,2026-05-11T12:51:52
NBP,2022-10-20,25.71,25.79,25.6,25.69,22000,psxdata,2026-05-11T12:51:52
NBP,2022-10-21,25.8,26.43,25.42,25.92,92000,psxdata,2026-05-11T12:51:52
NBP,2022-10-24,26.0,26.0,25.3,25.48,70500,psxdata,2026-05-11T12:51:52
NBP,2022-10-25,25.62,25.7,25.48,25.5,72000,psxdata,2026-05-11T12:51:52
NBP,2022-10-26,25.26,25.84,24.8,25.33,152000,psxdata,2026-05-11T12:51:52
NBP,2022-10-27,25.8,25.89,25.0,25.63,119000,psxdata,2026-05-11T12:51:52
NBP,2022-10-28,25.5,25.68,25.0,25.41,72500,psxdata,2026-05-11T12:51:52
NBP,2022-10-31,25.4,26.0,25.4,25.85,62000,psxdata,2026-05-11T12:51:52
NBP,2022-11-01,25.8,26.0,25.57,25.86,42000,psxdata,2026-05-11T12:51:52
NBP,2022-11-02,25.85,25.98,25.5,25.87,57500,psxdata,2026-05-11T12:51:52
NBP,2022-11-03,25.73,25.75,25.06,25.25,902000,psxdata,2026-05-11T12:51:52
NBP,2022-11-04,25.2,25.75,24.95,25.48,284000,psxdata,2026-05-11T12:51:52
NBP,2022-11-07,25.41,25.46,25.0,25.23,180000,psxdata,2026-05-11T12:51:52
NBP,2022-11-08,25.39,25.39,25.05,25.14,104000,psxdata,2026-05-11T12:51:52
NBP,2022-11-10,25.66,25.74,25.33,25.51,489500,psxdata,2026-05-11T12:51:52
NBP,2022-11-11,25.65,26.0,25.45,25.83,384500,psxdata,2026-05-11T12:51:52
NBP,2022-11-14,25.51,25.98,25.26,25.87,166500,psxdata,2026-05-11T12:51:52
NBP,2022-11-15,25.61,25.95,25.52,25.58,89000,psxdata,2026-05-11T12:51:52
NBP,2022-11-16,25.5,25.74,25.32,25.44,93500,psxdata,2026-05-11T12:51:52
NBP,2022-11-17,25.58,25.93,25.41,25.68,143500,psxdata,2026-05-11T12:51:52
NBP,2022-11-18,25.6,25.6,25.23,25.27,126000,psxdata,2026-05-11T12:51:52
NBP,2022-11-21,25.27,25.7,25.25,25.48,40500,psxdata,2026-05-11T12:51:52
NBP,2022-11-22,25.5,25.68,25.32,25.51,56000,psxdata,2026-05-11T12:51:52
NBP,2022-11-23,25.23,25.4,25.2,25.23,127500,psxdata,2026-05-11T12:51:52
NBP,2022-11-24,25.23,25.4,25.23,25.31,25500,psxdata,2026-05-11T12:51:52
NBP,2022-11-25,25.4,25.49,25.03,25.34,95000,psxdata,2026-05-11T12:51:52
NBP,2022-11-28,25.2,25.47,24.85,25.18,167000,psxdata,2026-05-11T12:51:52
NBP,2022-11-29,25.0,25.3,25.0,25.14,127500,psxdata,2026-05-11T12:51:52
NBP,2022-11-30,25.25,25.25,25.0,25.06,26500,psxdata,2026-05-11T12:51:52
NBP,2022-12-01,25.25,25.49,25.1,25.31,77000,psxdata,2026-05-11T12:51:52
NBP,2022-12-02,25.15,25.15,24.85,24.99,133500,psxdata,2026-05-11T12:51:52
NBP,2022-12-05,25.24,25.24,24.5,24.94,181500,psxdata,2026-05-11T12:51:52
NBP,2022-12-06,24.75,24.8,24.45,24.58,136000,psxdata,2026-05-11T12:51:52
NBP,2022-12-07,24.61,24.62,24.39,24.48,117500,psxdata,2026-05-11T12:51:52
NBP,2022-12-08,24.65,24.65,24.26,24.49,19500,psxdata,2026-05-11T12:51:52
NBP,2022-12-09,24.4,24.71,24.32,24.48,59500,psxdata,2026-05-11T12:51:52
NBP,2022-12-12,24.16,24.48,24.05,24.06,12000,psxdata,2026-05-11T12:51:52
NBP,2022-12-13,24.12,24.48,24.01,24.38,60500,psxdata,2026-05-11T12:51:52
NBP,2022-12-14,24.25,24.99,24.25,24.67,37500,psxdata,2026-05-11T12:51:52
NBP,2022-12-15,24.32,24.7,23.81,24.56,117500,psxdata,2026-05-11T12:51:52
NBP,2022-12-16,24.41,24.47,24.41,24.43,2500,psxdata,2026-05-11T12:51:52
NBP,2022-12-19,24.11,24.48,23.85,24.37,71500,psxdata,2026-05-11T12:51:52
NBP,2022-12-20,24.37,24.38,23.25,24.23,158000,psxdata,2026-05-11T12:51:52
NBP,2022-12-21,23.82,24.5,23.75,24.22,130000,psxdata,2026-05-11T12:51:52
NBP,2022-12-22,24.11,24.19,23.83,24.0,79500,psxdata,2026-05-11T12:51:52
NBP,2022-12-23,24.22,24.31,23.4,24.13,95500,psxdata,2026-05-11T12:51:52
NBP,2022-12-26,24.11,24.5,24.0,24.34,151500,psxdata,2026-05-11T12:51:52
NBP,2022-12-27,24.2,24.35,23.0,23.23,3092500,psxdata,2026-05-11T12:51:52
NBP,2022-12-28,23.01,23.98,23.01,23.67,164500,psxdata,2026-05-11T12:51:52
NBP,2022-12-29,23.25,23.8,23.0,23.74,666500,psxdata,2026-05-11T12:51:52
NBP,2022-12-30,23.66,23.9,23.4,23.59,944500,psxdata,2026-05-11T12:51:52
NBP,2023-01-02,23.8,25.1,23.6,24.84,2234000,psxdata,2026-05-11T12:51:52
NBP,2023-01-03,24.88,26.49,24.8,24.91,460500,psxdata,2026-05-11T12:51:52
NBP,2023-01-04,24.91,25.25,24.6,25.1,422000,psxdata,2026-05-11T12:51:52
NBP,2023-01-05,25.0,25.0,24.45,24.52,104500,psxdata,2026-05-11T12:51:52
NBP,2023-01-06,24.69,24.69,23.85,24.28,625000,psxdata,2026-05-11T12:51:52
NBP,2023-01-09,24.43,24.55,24.0,24.18,464500,psxdata,2026-05-11T12:51:52
NBP,2023-01-10,24.19,24.5,24.11,24.49,848500,psxdata,2026-05-11T12:51:52
NBP,2023-01-11,24.49,24.5,24.0,24.42,193500,psxdata,2026-05-11T12:51:52
NBP,2023-01-12,24.42,24.58,24.31,24.43,38000,psxdata,2026-05-11T12:51:52
NBP,2023-01-13,24.35,24.45,23.87,24.11,95500,psxdata,2026-05-11T12:51:52
NBP,2023-01-16,24.0,24.0,23.5,23.92,231000,psxdata,2026-05-11T12:51:52
NBP,2023-01-17,23.99,23.99,23.13,23.43,200500,psxdata,2026-05-11T12:51:52
NBP,2023-01-18,23.43,24.48,23.3,23.91,121000,psxdata,2026-05-11T12:51:52
NBP,2023-01-19,24.2,24.2,23.6,23.78,121500,psxdata,2026-05-11T12:51:52
NBP,2023-01-20,23.85,23.88,23.26,23.57,59000,psxdata,2026-05-11T12:51:52
NBP,2023-01-23,23.18,23.56,23.11,23.31,148500,psxdata,2026-05-11T12:51:52
NBP,2023-01-24,23.49,23.69,23.25,23.54,143000,psxdata,2026-05-11T12:51:52
NBP,2023-01-25,23.73,25.3,23.5,25.17,668500,psxdata,2026-05-11T12:51:52
NBP,2023-01-26,25.0,26.32,25.0,25.65,756000,psxdata,2026-05-11T12:51:52
NBP,2023-01-27,26.2,26.2,24.56,24.81,113500,psxdata,2026-05-11T12:51:52
NBP,2023-01-30,24.62,24.84,24.25,24.28,162000,psxdata,2026-05-11T12:51:52
NBP,2023-01-31,24.25,25.9,24.25,25.12,225000,psxdata,2026-05-11T12:51:52
NBP,2023-02-01,25.49,25.8,25.15,25.15,144500,psxdata,2026-05-11T12:51:52
NBP,2023-02-02,25.07,25.4,24.79,25.09,101500,psxdata,2026-05-11T12:51:52
NBP,2023-02-03,24.9,25.3,24.86,25.09,39500,psxdata,2026-05-11T12:51:52
NBP,2023-02-06,25.0,25.19,24.9,24.95,156000,psxdata,2026-05-11T12:51:52
NBP,2023-02-07,25.01,25.88,25.01,25.45,326500,psxdata,2026-05-11T12:51:52
NBP,2023-02-08,25.6,26.0,25.4,25.49,924000,psxdata,2026-05-11T12:51:52
NBP,2023-02-09,25.5,25.78,25.38,25.48,1229000,psxdata,2026-05-11T12:51:52
NBP,2023-02-10,24.75,25.49,24.75,25.07,341500,psxdata,2026-05-11T12:51:52
NBP,2023-02-13,25.2,25.48,25.0,25.23,169000,psxdata,2026-05-11T12:51:52
NBP,2023-02-14,25.03,25.22,24.7,24.96,155500,psxdata,2026-05-11T12:51:52
NBP,2023-02-15,25.0,25.15,24.75,24.89,237000,psxdata,2026-05-11T12:51:52
NBP,2023-02-16,25.05,25.05,24.5,24.76,15500,psxdata,2026-05-11T12:51:52
NBP,2023-02-17,24.99,25.05,24.7,24.79,92000,psxdata,2026-05-11T12:51:52
NBP,2023-02-20,25.73,25.73,24.4,24.84,71000,psxdata,2026-05-11T12:51:52
NBP,2023-02-21,24.62,24.62,24.0,24.17,234500,psxdata,2026-05-11T12:51:52
NBP,2023-02-22,24.4,24.7,24.01,24.11,1330000,psxdata,2026-05-11T12:51:52
NBP,2023-02-23,24.5,24.5,24.0,24.13,77000,psxdata,2026-05-11T12:51:52
NBP,2023-02-24,24.0,24.2,23.75,23.9,34000,psxdata,2026-05-11T12:51:52
NBP,2023-02-27,24.0,24.1,23.75,23.86,224000,psxdata,2026-05-11T12:51:52
NBP,2023-02-28,23.68,24.1,23.1,23.72,153500,psxdata,2026-05-11T12:51:52
NBP,2023-03-01,23.2,23.9,23.2,23.66,108500,psxdata,2026-05-11T12:51:52
NBP,2023-03-02,23.65,24.0,23.3,23.38,327500,psxdata,2026-05-11T12:51:52
NBP,2023-03-03,23.5,23.76,23.33,23.47,197000,psxdata,2026-05-11T12:51:52
NBP,2023-03-06,23.75,23.75,23.21,23.25,162500,psxdata,2026-05-11T12:51:52
NBP,2023-03-07,23.25,23.37,22.83,22.91,130000,psxdata,2026-05-11T12:51:52
NBP,2023-03-08,22.8,23.13,22.51,22.67,272500,psxdata,2026-05-11T12:51:52
NBP,2023-03-09,22.95,22.95,22.4,22.59,243000,psxdata,2026-05-11T12:51:52
NBP,2023-03-10,22.6,22.6,22.32,22.46,252000,psxdata,2026-05-11T12:51:52
NBP,2023-03-13,22.46,22.59,22.2,22.28,105500,psxdata,2026-05-11T12:51:52
NBP,2023-03-14,22.3,22.6,22.3,22.49,410000,psxdata,2026-05-11T12:51:52
NBP,2023-03-15,22.45,23.05,22.45,22.83,865000,psxdata,2026-05-11T12:51:52
NBP,2023-03-16,22.94,23.0,22.7,22.78,589500,psxdata,2026-05-11T12:51:52
NBP,2023-03-17,22.8,22.85,22.2,22.35,217000,psxdata,2026-05-11T12:51:52
NBP,2023-03-20,22.35,22.4,22.15,22.17,133000,psxdata,2026-05-11T12:51:52
NBP,2023-03-21,22.11,22.3,22.0,22.0,283000,psxdata,2026-05-11T12:51:52
NBP,2023-03-22,22.24,22.24,21.8,21.97,210000,psxdata,2026-05-11T12:51:52
NBP,2023-03-24,21.9,22.0,21.8,21.8,71500,psxdata,2026-05-11T12:51:52
NBP,2023-03-27,22.0,22.0,21.8,21.81,75000,psxdata,2026-05-11T12:51:52
NBP,2023-03-28,21.9,21.9,21.7,21.74,82000,psxdata,2026-05-11T12:51:52
NBP,2023-03-29,21.8,21.8,21.48,21.5,163000,psxdata,2026-05-11T12:51:52
NBP,2023-03-30,21.41,21.5,21.2,21.3,29500,psxdata,2026-05-11T12:51:52
NBP,2023-03-31,21.2,21.48,21.0,21.32,153000,psxdata,2026-05-11T12:51:52
NBP,2023-04-03,21.16,21.38,21.0,21.18,40000,psxdata,2026-05-11T12:51:52
NBP,2023-04-04,21.05,21.5,21.01,21.44,41500,psxdata,2026-05-11T12:51:52
NBP,2023-04-05,21.3,21.3,21.0,21.06,174500,psxdata,2026-05-11T12:51:52
NBP,2023-04-06,21.3,21.3,21.1,21.22,70000,psxdata,2026-05-11T12:51:52
NBP,2023-04-07,21.17,21.29,20.95,21.1,139500,psxdata,2026-05-11T12:51:52
NBP,2023-04-10,20.9,21.0,20.9,21.0,12000,psxdata,2026-05-11T12:51:52
NBP,2023-04-11,21.0,21.0,20.9,20.91,13000,psxdata,2026-05-11T12:51:52
NBP,2023-04-12,21.0,21.0,20.86,20.9,33500,psxdata,2026-05-11T12:51:52
NBP,2023-04-13,20.91,20.99,20.8,20.85,25500,psxdata,2026-05-11T12:51:52
NBP,2023-04-17,20.65,20.99,20.5,20.89,114500,psxdata,2026-05-11T12:51:52
NBP,2023-04-18,20.7,20.99,20.58,20.92,38000,psxdata,2026-05-11T12:51:52
NBP,2023-04-19,20.9,21.5,20.75,21.15,69500,psxdata,2026-05-11T12:51:52
NBP,2023-04-20,21.14,21.15,20.96,21.0,460500,psxdata,2026-05-11T12:51:52
NBP,2023-04-26,21.0,21.0,20.7,20.76,81500,psxdata,2026-05-11T12:51:52
NBP,2023-04-27,20.75,21.2,20.75,20.93,243500,psxdata,2026-05-11T12:51:52
NBP,2023-04-28,21.0,21.49,20.8,21.2,217000,psxdata,2026-05-11T12:51:52
NBP,2023-05-02,21.35,21.45,21.0,21.37,176000,psxdata,2026-05-11T12:51:52
NBP,2023-05-03,21.37,21.54,21.0,21.13,145000,psxdata,2026-05-11T12:51:52
NBP,2023-05-04,21.39,21.4,21.16,21.26,571000,psxdata,2026-05-11T12:51:52
NBP,2023-05-05,21.15,21.65,21.0,21.47,2371000,psxdata,2026-05-11T12:51:52
NBP,2023-05-08,21.5,21.5,20.81,21.07,151500,psxdata,2026-05-11T12:51:52
NBP,2023-05-09,21.0,21.37,20.92,21.08,10607500,psxdata,2026-05-11T12:51:52
NBP,2023-05-10,20.72,21.25,20.72,21.07,31000,psxdata,2026-05-11T12:51:52
NBP,2023-05-11,21.11,21.2,20.9,20.95,158000,psxdata,2026-05-11T12:51:52
NBP,2023-05-12,20.9,21.49,20.81,21.31,85500,psxdata,2026-05-11T12:51:52
NBP,2023-05-15,21.0,21.35,20.85,21.2,149000,psxdata,2026-05-11T12:51:52
NBP,2023-05-16,21.05,21.38,20.93,21.16,637000,psxdata,2026-05-11T12:51:52
NBP,2023-05-17,21.02,21.43,21.01,21.27,117500,psxdata,2026-05-11T12:51:52
NBP,2023-05-18,21.07,21.42,21.07,21.25,62500,psxdata,2026-05-11T12:51:52
NBP,2023-05-19,21.25,21.33,21.03,21.15,78000,psxdata,2026-05-11T12:51:52
NBP,2023-05-22,21.0,21.3,20.88,21.19,79500,psxdata,2026-05-11T12:51:52
NBP,2023-05-23,20.85,21.15,20.8,20.96,25500,psxdata,2026-05-11T12:51:52
NBP,2023-05-24,21.0,21.0,20.67,20.72,79500,psxdata,2026-05-11T12:51:52
NBP,2023-05-25,20.71,20.75,20.5,20.61,2338000,psxdata,2026-05-11T12:51:52
NBP,2023-05-26,20.4,20.7,20.22,20.31,6677000,psxdata,2026-05-11T12:51:52
NBP,2023-05-29,20.2,20.25,19.8,19.85,1029500,psxdata,2026-05-11T12:51:52
NBP,2023-05-30,20.0,20.69,20.0,20.43,127000,psxdata,2026-05-11T12:51:52
NBP,2023-05-31,20.75,20.87,20.11,20.5,97500,psxdata,2026-05-11T12:51:52
NBP,2023-06-01,20.35,20.69,20.3,20.61,99500,psxdata,2026-05-11T12:51:52
NBP,2023-06-02,20.67,20.89,20.5,20.74,21000,psxdata,2026-05-11T12:51:52
NBP,2023-06-05,20.87,20.95,20.48,20.71,83500,psxdata,2026-05-11T12:51:52
NBP,2023-06-06,20.53,20.74,20.51,20.71,21000,psxdata,2026-05-11T12:51:52
NBP,2023-06-07,20.5,20.65,20.4,20.43,66500,psxdata,2026-05-11T12:51:52
NBP,2023-06-08,20.52,20.52,20.14,20.23,25000,psxdata,2026-05-11T12:51:52
NBP,2023-06-09,20.35,20.39,20.0,20.08,212000,psxdata,2026-05-11T12:51:52
NBP,2023-06-12,20.05,20.24,19.9,19.98,543500,psxdata,2026-05-11T12:51:52
NBP,2023-06-13,20.0,20.25,19.85,20.24,1856000,psxdata,2026-05-11T12:51:52
NBP,2023-06-14,20.0,20.23,19.8,19.81,105000,psxdata,2026-05-11T12:51:52
NBP,2023-06-15,20.0,20.1,19.7,19.88,131000,psxdata,2026-05-11T12:51:52
NBP,2023-06-16,19.98,20.0,19.76,19.95,71500,psxdata,2026-05-11T12:51:52
NBP,2023-06-19,19.98,19.99,19.66,19.7,11000,psxdata,2026-05-11T12:51:52
NBP,2023-06-20,19.55,19.89,19.5,19.62,37500,psxdata,2026-05-11T12:51:52
NBP,2023-06-21,19.51,19.51,19.0,19.07,133500,psxdata,2026-05-11T12:51:52
NBP,2023-06-22,19.44,19.44,18.81,18.89,90500,psxdata,2026-05-11T12:51:52
NBP,2023-06-23,19.38,19.38,18.31,18.97,200000,psxdata,2026-05-11T12:51:52
NBP,2023-06-26,19.43,19.9,19.33,19.53,950000,psxdata,2026-05-11T12:51:52
NBP,2023-06-27,19.32,19.67,19.32,19.48,2985000,psxdata,2026-05-11T12:51:52
NBP,2023-07-03,20.11,20.6,19.99,20.5,1211500,psxdata,2026-05-11T12:51:52
NBP,2023-07-04,20.21,20.5,20.15,20.38,140500,psxdata,2026-05-11T12:51:52
NBP,2023-07-05,20.4,20.55,20.28,20.41,294000,psxdata,2026-05-11T12:51:52
NBP,2023-07-06,20.43,20.98,20.17,20.72,661500,psxdata,2026-05-11T12:51:52
NBP,2023-07-07,20.32,20.5,20.32,20.43,105000,psxdata,2026-05-11T12:51:52
NBP,2023-07-10,20.54,20.7,20.4,20.52,171500,psxdata,2026-05-11T12:51:52
NBP,2023-07-11,20.5,21.2,20.5,20.93,2145500,psxdata,2026-05-11T12:51:52
NBP,2023-07-12,20.77,21.2,20.55,20.9,2120500,psxdata,2026-05-11T12:51:52
NBP,2023-07-13,21.01,21.01,20.7,20.76,387500,psxdata,2026-05-11T12:51:52
NBP,2023-07-14,20.8,20.95,20.6,20.76,70000,psxdata,2026-05-11T12:51:52
NBP,2023-07-17,20.7,21.2,20.43,20.81,1138500,psxdata,2026-05-11T12:51:52
NBP,2023-07-18,20.55,21.0,20.46,20.58,546000,psxdata,2026-05-11T12:51:52
NBP,2023-07-19,20.5,20.7,19.9,20.22,946000,psxdata,2026-05-11T12:51:52
NBP,2023-07-20,20.39,20.48,20.1,20.37,137000,psxdata,2026-05-11T12:51:52
NBP,2023-07-21,20.39,21.09,20.3,20.58,781000,psxdata,2026-05-11T12:51:52
NBP,2023-07-24,20.94,21.5,20.94,21.29,2642000,psxdata,2026-05-11T12:51:52
NBP,2023-07-25,21.2,21.8,21.01,21.65,4010500,psxdata,2026-05-11T12:51:52
NBP,2023-07-26,21.75,22.19,21.3,22.09,7590000,psxdata,2026-05-11T12:51:52
NBP,2023-07-27,22.01,23.75,22.01,23.63,15851000,psxdata,2026-05-11T12:51:52
NBP,2023-07-31,24.09,25.4,23.85,24.8,8757500,psxdata,2026-05-11T12:51:52
NBP,2023-08-01,24.8,25.0,24.1,24.28,2706000,psxdata,2026-05-11T12:51:52
NBP,2023-08-02,24.28,24.7,24.22,24.51,2229000,psxdata,2026-05-11T12:51:52
NBP,2023-08-03,25.01,25.8,24.68,24.87,6213000,psxdata,2026-05-11T12:51:52
NBP,2023-08-04,24.75,25.54,24.4,24.96,901500,psxdata,2026-05-11T12:51:52
NBP,2023-08-07,26.74,26.83,25.76,26.5,11747500,psxdata,2026-05-11T12:51:52
NBP,2023-08-08,26.54,27.4,25.25,25.4,2483500,psxdata,2026-05-11T12:51:52
NBP,2023-08-09,25.5,25.97,25.15,25.52,1909500,psxdata,2026-05-11T12:51:52
NBP,2023-08-10,25.78,26.39,25.02,25.29,2766500,psxdata,2026-05-11T12:51:52
NBP,2023-08-11,25.54,25.9,25.11,25.22,1206000,psxdata,2026-05-11T12:51:52
NBP,2023-08-15,25.01,25.6,25.0,25.21,1332500,psxdata,2026-05-11T12:51:52
NBP,2023-08-16,25.12,25.12,24.52,24.62,495500,psxdata,2026-05-11T12:51:52
NBP,2023-08-17,24.52,24.99,24.25,24.66,477000,psxdata,2026-05-11T12:51:52
NBP,2023-08-18,24.89,24.89,24.1,24.19,322500,psxdata,2026-05-11T12:51:52
NBP,2023-08-21,24.01,24.1,22.7,23.01,703000,psxdata,2026-05-11T12:51:52
NBP,2023-08-22,22.51,23.45,22.51,23.17,338000,psxdata,2026-05-11T12:51:52
NBP,2023-08-23,23.39,23.4,22.81,23.09,231000,psxdata,2026-05-11T12:51:52
NBP,2023-08-24,23.15,23.9,22.9,23.5,1252000,psxdata,2026-05-11T12:51:52
NBP,2023-08-25,23.6,23.83,23.1,23.29,5678500,psxdata,2026-05-11T12:51:52
NBP,2023-08-28,23.06,23.39,22.8,22.82,360500,psxdata,2026-05-11T12:51:52
NBP,2023-08-29,22.75,23.3,22.15,22.5,1649000,psxdata,2026-05-11T12:51:52
NBP,2023-08-30,22.95,22.95,21.55,22.15,1588500,psxdata,2026-05-11T12:51:52
NBP,2023-08-31,22.45,22.45,20.8,21.27,1946500,psxdata,2026-05-11T12:51:52
NBP,2023-09-01,21.54,21.54,20.9,21.23,549000,psxdata,2026-05-11T12:51:52
NBP,2023-09-04,21.39,21.7,21.25,21.52,924500,psxdata,2026-05-11T12:51:52
NBP,2023-09-05,21.95,21.97,21.08,21.2,1966500,psxdata,2026-05-11T12:51:52
NBP,2023-09-06,21.0,21.4,20.81,21.0,1441500,psxdata,2026-05-11T12:51:52
NBP,2023-09-07,21.0,21.47,20.86,21.24,338000,psxdata,2026-05-11T12:51:52
NBP,2023-09-08,21.3,22.05,21.15,21.69,1209500,psxdata,2026-05-11T12:51:52
NBP,2023-09-11,21.97,21.97,21.51,21.73,271500,psxdata,2026-05-11T12:51:52
NBP,2023-09-12,21.62,21.82,21.26,21.67,212500,psxdata,2026-05-11T12:51:52
NBP,2023-09-13,21.58,22.25,21.5,21.75,1142000,psxdata,2026-05-11T12:51:52
NBP,2023-09-14,21.75,22.01,21.7,21.87,152000,psxdata,2026-05-11T12:51:52
NBP,2023-09-15,21.65,22.0,21.5,21.95,175500,psxdata,2026-05-11T12:51:52
NBP,2023-09-18,21.71,21.99,21.53,21.92,69000,psxdata,2026-05-11T12:51:52
NBP,2023-09-19,21.57,22.1,21.56,21.93,76500,psxdata,2026-05-11T12:51:52
NBP,2023-09-20,21.62,21.95,21.53,21.7,115000,psxdata,2026-05-11T12:51:52
NBP,2023-09-21,21.54,22.09,21.5,21.92,2165500,psxdata,2026-05-11T12:51:52
NBP,2023-09-22,21.76,22.38,21.72,22.17,505500,psxdata,2026-05-11T12:51:52
NBP,2023-09-25,21.73,22.6,21.66,22.47,3090500,psxdata,2026-05-11T12:51:52
NBP,2023-09-26,22.28,22.95,22.28,22.63,384500,psxdata,2026-05-11T12:51:52
NBP,2023-09-27,22.7,23.25,22.55,22.96,572500,psxdata,2026-05-11T12:51:52
NBP,2023-09-28,22.87,23.23,22.4,23.02,478000,psxdata,2026-05-11T12:51:52
NBP,2023-10-02,23.15,23.95,23.15,23.33,402500,psxdata,2026-05-11T12:51:52
NBP,2023-10-03,23.67,23.67,23.2,23.39,548500,psxdata,2026-05-11T12:51:52
NBP,2023-10-04,23.35,23.65,23.3,23.44,1275500,psxdata,2026-05-11T12:51:52
NBP,2023-10-05,23.54,23.54,23.09,23.22,1490000,psxdata,2026-05-11T12:51:52
NBP,2023-10-06,23.14,23.2,22.92,23.0,309000,psxdata,2026-05-11T12:51:52
NBP,2023-10-09,22.76,23.24,22.6,23.2,293000,psxdata,2026-05-11T12:51:52
NBP,2023-10-10,22.81,23.32,22.81,23.13,627000,psxdata,2026-05-11T12:51:52
NBP,2023-10-11,22.9,23.17,22.6,22.89,1054000,psxdata,2026-05-11T12:51:52
NBP,2023-10-12,23.0,23.0,22.75,22.77,143500,psxdata,2026-05-11T12:51:52
NBP,2023-10-13,22.77,23.2,22.7,23.0,405000,psxdata,2026-05-11T12:51:52
NBP,2023-10-16,23.06,23.25,22.7,23.04,373500,psxdata,2026-05-11T12:51:52
NBP,2023-10-17,23.0,23.9,22.95,23.7,1891000,psxdata,2026-05-11T12:51:52
NBP,2023-10-18,23.75,24.15,23.4,23.58,564000,psxdata,2026-05-11T12:51:52
NBP,2023-10-19,23.3,24.35,23.3,24.06,789500,psxdata,2026-05-11T12:51:52
NBP,2023-10-20,24.3,24.5,23.86,23.97,1389000,psxdata,2026-05-11T12:51:52
NBP,2023-10-23,24.17,24.17,23.6,23.78,763000,psxdata,2026-05-11T12:51:52
NBP,2023-10-24,23.8,23.9,23.58,23.83,267000,psxdata,2026-05-11T12:51:52
NBP,2023-10-25,23.67,24.4,23.5,23.78,2281000,psxdata,2026-05-11T12:51:52
NBP,2023-10-26,23.67,23.9,23.45,23.6,549000,psxdata,2026-05-11T12:51:52
NBP,2023-10-27,23.5,23.74,23.11,23.3,375000,psxdata,2026-05-11T12:51:52
NBP,2023-10-30,23.08,23.2,22.85,23.0,489500,psxdata,2026-05-11T12:51:52
NBP,2023-10-31,23.2,23.68,23.0,23.43,758500,psxdata,2026-05-11T12:51:52
NBP,2023-11-01,23.39,23.55,23.21,23.31,365500,psxdata,2026-05-11T12:51:52
NBP,2023-11-02,23.5,23.5,23.21,23.3,1138000,psxdata,2026-05-11T12:51:52
NBP,2023-11-03,23.21,23.75,23.0,23.44,1187000,psxdata,2026-05-11T12:51:52
NBP,2023-11-06,23.31,23.8,23.31,23.71,202000,psxdata,2026-05-11T12:51:52
NBP,2023-11-07,23.7,24.0,23.2,23.42,658500,psxdata,2026-05-11T12:51:52
NBP,2023-11-08,23.3,23.7,23.3,23.5,744500,psxdata,2026-05-11T12:51:52
NBP,2023-11-10,23.69,23.92,23.43,23.71,622500,psxdata,2026-05-11T12:51:52
NBP,2023-11-13,24.0,25.1,23.87,24.59,7243500,psxdata,2026-05-11T12:51:52
NBP,2023-11-14,24.85,25.08,24.4,24.51,3387500,psxdata,2026-05-11T12:51:52
NBP,2023-11-15,24.35,25.0,24.35,24.67,2350500,psxdata,2026-05-11T12:51:52
NBP,2023-11-16,24.53,25.8,24.4,25.5,5122500,psxdata,2026-05-11T12:51:52
NBP,2023-11-17,25.48,27.4,25.48,26.37,4412500,psxdata,2026-05-11T12:51:52
NBP,2023-11-20,26.62,27.74,26.25,26.68,1439000,psxdata,2026-05-11T12:51:52
NBP,2023-11-21,26.65,27.77,26.65,27.44,3109000,psxdata,2026-05-11T12:51:52
NBP,2023-11-22,27.4,28.7,27.4,28.32,6781000,psxdata,2026-05-11T12:51:52
NBP,2023-11-23,28.6,29.8,28.6,29.66,7835500,psxdata,2026-05-11T12:51:52
NBP,2023-11-24,29.97,31.0,29.97,30.46,9320500,psxdata,2026-05-11T12:51:52
NBP,2023-11-27,30.95,32.74,30.85,31.64,7163500,psxdata,2026-05-11T12:51:52
NBP,2023-11-28,31.75,33.0,31.0,31.7,8685500,psxdata,2026-05-11T12:51:52
NBP,2023-11-29,32.0,32.2,31.3,31.65,3563500,psxdata,2026-05-11T12:51:52
NBP,2023-11-30,31.75,31.85,30.75,31.08,2765500,psxdata,2026-05-11T12:51:52
NBP,2023-12-01,31.39,31.61,30.52,31.4,2849500,psxdata,2026-05-11T12:51:52
NBP,2023-12-04,31.51,33.6,31.5,32.62,9270500,psxdata,2026-05-11T12:51:52
NBP,2023-12-05,32.33,34.4,32.33,34.07,16987000,psxdata,2026-05-11T12:51:52
NBP,2023-12-06,34.3,36.24,34.3,35.33,10196500,psxdata,2026-05-11T12:51:52
NBP,2023-12-07,35.5,36.25,34.8,35.45,12413000,psxdata,2026-05-11T12:51:52
NBP,2023-12-08,35.4,37.99,35.4,37.46,13025500,psxdata,2026-05-11T12:51:52
NBP,2023-12-11,38.0,38.5,36.7,37.16,8221500,psxdata,2026-05-11T12:51:52
NBP,2023-12-12,37.02,38.25,36.5,36.78,7217500,psxdata,2026-05-11T12:51:52
NBP,2023-12-13,37.15,37.25,35.61,35.93,6274500,psxdata,2026-05-11T12:51:52
NBP,2023-12-14,35.95,36.0,34.2,34.35,5020000,psxdata,2026-05-11T12:51:52
NBP,2023-12-15,34.73,35.85,34.6,35.16,3060500,psxdata,2026-05-11T12:51:52
NBP,2023-12-18,35.39,36.0,34.8,35.11,1999000,psxdata,2026-05-11T12:51:52
NBP,2023-12-19,34.91,35.47,32.85,33.51,2240500,psxdata,2026-05-11T12:51:52
NBP,2023-12-20,33.15,34.25,32.51,33.02,2344500,psxdata,2026-05-11T12:51:52
NBP,2023-12-21,33.47,33.66,32.51,33.39,1251500,psxdata,2026-05-11T12:51:52
NBP,2023-12-22,33.39,33.95,32.6,32.93,708000,psxdata,2026-05-11T12:51:52
NBP,2023-12-26,32.98,33.0,31.26,32.36,1051000,psxdata,2026-05-11T12:51:52
NBP,2023-12-27,32.01,33.85,32.0,33.47,1576500,psxdata,2026-05-11T12:51:52
NBP,2023-12-28,33.75,33.88,32.95,33.07,2452500,psxdata,2026-05-11T12:51:52
NBP,2023-12-29,33.35,33.35,31.9,32.11,1387000,psxdata,2026-05-11T12:51:52
NBP,2024-01-01,32.47,33.37,32.3,33.09,1779000,psxdata,2026-05-11T12:51:52
NBP,2024-01-02,33.38,33.43,32.42,33.06,1566000,psxdata,2026-05-11T12:51:52
NBP,2024-01-03,33.15,33.65,32.05,32.92,2158500,psxdata,2026-05-11T12:51:52
NBP,2024-01-04,32.38,33.09,32.11,32.92,638500,psxdata,2026-05-11T12:51:52
NBP,2024-01-05,33.04,33.23,32.35,32.67,719000,psxdata,2026-05-11T12:51:52
NBP,2024-01-08,32.5,32.79,31.99,32.14,585500,psxdata,2026-05-11T12:51:52
NBP,2024-01-09,32.74,32.74,31.86,32.15,334000,psxdata,2026-05-11T12:51:52
NBP,2024-01-10,31.86,32.24,31.5,31.8,993500,psxdata,2026-05-11T12:51:52
NBP,2024-01-11,31.98,32.18,31.76,32.05,257500,psxdata,2026-05-11T12:51:52
NBP,2024-01-12,32.05,32.5,31.85,32.21,411500,psxdata,2026-05-11T12:51:52
NBP,2024-01-15,32.55,32.72,31.66,31.96,883000,psxdata,2026-05-11T12:51:52
NBP,2024-01-16,31.99,32.24,31.2,31.79,425500,psxdata,2026-05-11T12:51:52
NBP,2024-01-17,31.7,32.2,31.35,31.87,137000,psxdata,2026-05-11T12:51:52
NBP,2024-01-18,31.63,31.64,30.93,31.11,1366000,psxdata,2026-05-11T12:51:52
NBP,2024-01-19,31.49,31.69,31.05,31.44,167500,psxdata,2026-05-11T12:51:52
NBP,2024-01-22,31.44,31.44,31.0,31.26,169000,psxdata,2026-05-11T12:51:52
NBP,2024-01-23,31.39,31.88,31.1,31.43,537000,psxdata,2026-05-11T12:51:52
NBP,2024-01-24,31.45,31.5,31.15,31.29,205500,psxdata,2026-05-11T12:51:52
NBP,2024-01-25,31.1,31.29,30.75,30.98,296000,psxdata,2026-05-11T12:51:52
NBP,2024-01-26,31.1,31.1,29.74,29.97,387000,psxdata,2026-05-11T12:51:52
NBP,2024-01-29,29.97,29.97,28.65,28.88,320500,psxdata,2026-05-11T12:51:52
NBP,2024-01-30,28.9,29.17,27.8,28.17,623000,psxdata,2026-05-11T12:51:52
NBP,2024-01-31,28.44,28.8,27.56,27.8,806500,psxdata,2026-05-11T12:51:52
NBP,2024-02-01,27.98,28.74,27.75,28.35,992000,psxdata,2026-05-11T12:51:52
NBP,2024-02-02,28.6,28.82,28.25,28.5,630500,psxdata,2026-05-11T12:51:52
NBP,2024-02-06,28.73,29.5,28.25,29.02,906500,psxdata,2026-05-11T12:51:52
NBP,2024-02-07,29.1,29.48,28.71,28.96,339500,psxdata,2026-05-11T12:51:52
NBP,2024-02-09,28.51,28.51,27.7,28.21,637500,psxdata,2026-05-11T12:51:52
NBP,2024-02-12,28.01,28.99,27.02,28.13,397500,psxdata,2026-05-11T12:51:52
NBP,2024-02-13,28.0,28.75,27.25,28.51,731000,psxdata,2026-05-11T12:51:52
NBP,2024-02-14,28.55,29.73,28.55,29.24,510500,psxdata,2026-05-11T12:51:52
NBP,2024-02-15,29.45,29.45,27.91,28.1,543865,psxdata,2026-05-11T12:51:52
NBP,2024-02-16,28.17,28.17,27.15,27.33,408720,psxdata,2026-05-11T12:51:52
NBP,2024-02-19,27.15,27.65,26.75,27.08,576643,psxdata,2026-05-11T12:51:52
NBP,2024-02-20,27.0,28.4,26.6,27.93,1051273,psxdata,2026-05-11T12:51:52
NBP,2024-02-21,28.8,29.35,27.9,28.06,1124040,psxdata,2026-05-11T12:51:52
NBP,2024-02-22,28.39,28.58,27.0,27.16,2127764,psxdata,2026-05-11T12:51:52
NBP,2024-02-23,27.5,27.64,26.7,27.17,1700767,psxdata,2026-05-11T12:51:52
NBP,2024-02-26,27.06,28.61,26.76,28.41,1052983,psxdata,2026-05-11T12:51:52
NBP,2024-02-27,28.06,28.8,27.6,28.62,3469326,psxdata,2026-05-11T12:51:52
NBP,2024-02-28,28.74,28.98,28.12,28.62,285591,psxdata,2026-05-11T12:51:52
NBP,2024-02-29,28.78,29.01,28.3,28.78,2379856,psxdata,2026-05-11T12:51:52
NBP,2024-03-01,29.0,29.9,28.26,29.52,5649407,psxdata,2026-05-11T12:51:52
NBP,2024-03-04,29.8,30.8,29.41,29.99,5854758,psxdata,2026-05-11T12:51:52
NBP,2024-03-05,30.0,30.3,29.53,29.86,2143568,psxdata,2026-05-11T12:51:52
NBP,2024-03-06,29.99,30.38,29.6,29.72,3077250,psxdata,2026-05-11T12:51:52
NBP,2024-03-07,29.53,30.0,29.53,29.85,453635,psxdata,2026-05-11T12:51:52
NBP,2024-03-08,30.15,30.15,29.6,29.85,717934,psxdata,2026-05-11T12:51:52
NBP,2024-03-11,30.29,30.29,29.02,29.1,795888,psxdata,2026-05-11T12:51:52
NBP,2024-03-12,29.3,30.1,28.25,29.39,1005561,psxdata,2026-05-11T12:51:52
NBP,2024-03-13,29.59,29.59,28.37,28.57,780357,psxdata,2026-05-11T12:51:52
NBP,2024-03-14,28.88,29.25,28.02,28.96,458902,psxdata,2026-05-11T12:51:52
NBP,2024-03-15,29.08,31.13,28.53,30.03,8766084,psxdata,2026-05-11T12:51:52
NBP,2024-03-18,30.19,30.58,29.75,29.99,1353802,psxdata,2026-05-11T12:51:52
NBP,2024-03-19,30.19,30.25,29.21,29.83,2075326,psxdata,2026-05-11T12:51:52
NBP,2024-03-20,30.21,32.07,29.53,31.68,11159312,psxdata,2026-05-11T12:51:52
NBP,2024-03-21,34.06,34.06,34.06,34.06,516964,psxdata,2026-05-11T12:51:52
NBP,2024-03-22,36.61,36.61,36.61,36.61,227114,psxdata,2026-05-11T12:51:52
NBP,2024-03-25,39.36,39.36,39.36,39.36,332874,psxdata,2026-05-11T12:51:52
NBP,2024-03-26,41.74,41.74,39.4,40.56,21033972,psxdata,2026-05-11T12:51:52
NBP,2024-03-27,40.8,41.25,38.9,39.4,7147652,psxdata,2026-05-11T12:51:52
NBP,2024-03-28,39.8,39.8,38.14,39.17,4907604,psxdata,2026-05-11T12:51:52
NBP,2024-03-29,39.79,39.79,37.81,38.26,6162316,psxdata,2026-05-11T12:51:52
NBP,2024-04-01,38.79,39.3,38.06,38.54,2764276,psxdata,2026-05-11T12:51:52
NBP,2024-04-02,38.54,38.98,38.2,38.66,6022036,psxdata,2026-05-11T12:51:52
NBP,2024-04-03,38.98,39.98,38.7,39.55,11232436,psxdata,2026-05-11T12:51:52
NBP,2024-04-04,40.5,41.88,39.91,41.31,8164827,psxdata,2026-05-11T12:51:52
NBP,2024-04-08,41.9,42.25,40.75,41.99,7477470,psxdata,2026-05-11T12:51:52
NBP,2024-04-09,42.25,43.95,41.6,43.37,10898533,psxdata,2026-05-11T12:51:52
NBP,2024-04-15,42.75,44.25,42.75,43.95,7148133,psxdata,2026-05-11T12:51:52
NBP,2024-04-16,43.98,44.83,43.55,43.71,5450133,psxdata,2026-05-11T12:51:52
NBP,2024-04-17,43.52,45.09,43.06,44.19,7687120,psxdata,2026-05-11T12:51:52
NBP,2024-04-18,44.4,45.0,43.61,44.05,5113658,psxdata,2026-05-11T12:51:52
NBP,2024-04-19,43.6,44.4,43.5,44.09,7376388,psxdata,2026-05-11T12:51:52
NBP,2024-04-22,44.2,44.45,43.57,43.8,6069515,psxdata,2026-05-11T12:51:52
NBP,2024-04-23,43.99,44.0,42.76,43.15,6672577,psxdata,2026-05-11T12:51:52
NBP,2024-04-24,42.75,43.83,42.75,43.27,2736325,psxdata,2026-05-11T12:51:52
NBP,2024-04-25,43.4,43.7,42.5,43.11,4269011,psxdata,2026-05-11T12:51:52
NBP,2024-04-26,43.0,43.7,42.1,42.29,3084273,psxdata,2026-05-11T12:51:52
NBP,2024-04-29,41.01,41.7,39.75,39.93,4029346,psxdata,2026-05-11T12:51:52
NBP,2024-04-30,40.25,40.5,39.25,39.41,4629047,psxdata,2026-05-11T12:51:52
NBP,2024-05-02,39.0,39.84,37.85,38.5,9844431,psxdata,2026-05-11T12:51:52
NBP,2024-05-03,38.51,39.23,38.25,38.51,5681897,psxdata,2026-05-11T12:51:52
NBP,2024-05-06,38.84,38.85,37.9,38.11,8516920,psxdata,2026-05-11T12:51:52
NBP,2024-05-07,38.45,38.6,37.9,38.15,7897161,psxdata,2026-05-11T12:51:52
NBP,2024-05-08,38.48,38.97,38.15,38.37,9235156,psxdata,2026-05-11T12:51:52
NBP,2024-05-09,38.67,38.84,38.25,38.69,6037864,psxdata,2026-05-11T12:51:52
NBP,2024-05-10,39.1,39.63,38.91,39.26,7817090,psxdata,2026-05-11T12:51:52
NBP,2024-05-13,39.5,39.97,39.03,39.61,6257044,psxdata,2026-05-11T12:51:52
NBP,2024-05-14,39.8,40.3,39.36,39.9,5772368,psxdata,2026-05-11T12:51:52
NBP,2024-05-15,41.0,41.5,40.25,40.32,7984560,psxdata,2026-05-11T12:51:52
NBP,2024-05-16,40.59,40.75,40.01,40.51,2927587,psxdata,2026-05-11T12:51:52
NBP,2024-05-17,40.42,40.75,40.22,40.61,1791373,psxdata,2026-05-11T12:51:52
NBP,2024-05-20,40.63,40.63,39.75,40.12,3536958,psxdata,2026-05-11T12:51:52
NBP,2024-05-21,39.8,40.25,39.8,40.11,1988349,psxdata,2026-05-11T12:51:52
NBP,2024-05-22,40.4,40.47,39.7,39.93,5919305,psxdata,2026-05-11T12:51:52
NBP,2024-05-23,39.9,40.5,39.7,40.43,3656403,psxdata,2026-05-11T12:51:52
NBP,2024-05-24,40.45,41.25,40.45,40.9,6360239,psxdata,2026-05-11T12:51:52
NBP,2024-05-27,41.25,41.5,40.54,40.74,4637909,psxdata,2026-05-11T12:51:52
NBP,2024-05-29,40.8,41.0,40.0,40.18,4930935,psxdata,2026-05-11T12:51:52
NBP,2024-05-30,40.15,40.5,39.75,40.17,6308388,psxdata,2026-05-11T12:51:52
NBP,2024-05-31,39.8,40.34,39.6,39.87,8385695,psxdata,2026-05-11T12:51:52
NBP,2024-06-03,40.11,40.5,39.75,39.89,10066822,psxdata,2026-05-11T12:51:52
NBP,2024-06-04,39.9,39.99,38.99,39.22,9388117,psxdata,2026-05-11T12:51:52
NBP,2024-06-05,39.6,40.49,38.2,38.78,14253731,psxdata,2026-05-11T12:51:52
NBP,2024-06-06,38.7,39.0,37.94,38.06,1769313,psxdata,2026-05-11T12:51:52
NBP,2024-06-07,38.39,38.39,36.55,37.77,2526458,psxdata,2026-05-11T12:51:52
NBP,2024-06-10,37.78,37.84,37.05,37.34,2807756,psxdata,2026-05-11T12:51:52
NBP,2024-06-11,37.5,37.5,36.6,36.87,1073522,psxdata,2026-05-11T12:51:52
NBP,2024-06-12,36.61,36.8,34.48,34.94,5485852,psxdata,2026-05-11T12:51:52
NBP,2024-06-13,34.8,37.79,33.5,37.13,10166748,psxdata,2026-05-11T12:51:52
NBP,2024-06-14,36.9,37.75,36.71,37.08,4033468,psxdata,2026-05-11T12:51:52
NBP,2024-06-20,37.02,38.88,37.02,38.68,8678345,psxdata,2026-05-11T12:51:52
NBP,2024-06-21,38.5,39.63,38.5,39.17,7147954,psxdata,2026-05-11T12:51:52
NBP,2024-06-24,39.98,39.98,37.56,38.0,2898275,psxdata,2026-05-11T12:51:52
NBP,2024-06-25,37.98,37.98,37.26,37.49,859192,psxdata,2026-05-11T12:51:52
NBP,2024-06-26,37.44,37.75,36.55,36.73,3474931,psxdata,2026-05-11T12:51:52
NBP,2024-06-27,37.01,38.0,36.9,37.45,3075151,psxdata,2026-05-11T12:51:52
NBP,2024-06-28,37.45,37.97,36.75,37.15,7434983,psxdata,2026-05-11T12:51:52
NBP,2024-07-01,37.0,38.8,36.81,38.02,3931654,psxdata,2026-05-11T12:51:52
NBP,2024-07-02,38.25,41.44,37.76,41.44,20129727,psxdata,2026-05-11T12:51:52
NBP,2024-07-03,43.0,44.98,43.0,44.33,21224492,psxdata,2026-05-11T12:51:52
NBP,2024-07-04,43.55,44.3,42.36,43.05,13048256,psxdata,2026-05-11T12:51:52
NBP,2024-07-05,43.07,46.92,42.76,46.91,28497851,psxdata,2026-05-11T12:51:52
NBP,2024-07-08,46.91,51.37,46.91,50.92,19555510,psxdata,2026-05-11T12:51:52
NBP,2024-07-09,52.0,53.25,49.6,52.14,15346435,psxdata,2026-05-11T12:51:52
NBP,2024-07-10,52.6,52.75,50.5,51.06,7823759,psxdata,2026-05-11T12:51:52
NBP,2024-07-11,51.0,52.99,50.2,52.54,7112762,psxdata,2026-05-11T12:51:52
NBP,2024-07-12,52.75,54.36,50.44,53.31,7969570,psxdata,2026-05-11T12:51:52
NBP,2024-07-15,53.71,54.5,51.51,51.74,6040479,psxdata,2026-05-11T12:51:52
NBP,2024-07-18,51.5,51.78,49.62,50.87,9429941,psxdata,2026-05-11T12:51:52
NBP,2024-07-19,50.6,50.85,48.53,49.39,5752245,psxdata,2026-05-11T12:51:52
NBP,2024-07-22,49.38,49.38,47.1,47.92,3980977,psxdata,2026-05-11T12:51:52
NBP,2024-07-23,47.98,49.09,46.76,47.82,2149620,psxdata,2026-05-11T12:51:52
NBP,2024-07-24,47.9,49.48,47.21,49.25,3333763,psxdata,2026-05-11T12:51:52
NBP,2024-07-25,49.74,49.75,48.25,49.21,2365222,psxdata,2026-05-11T12:51:52
NBP,2024-07-26,49.24,49.4,47.51,48.05,2574702,psxdata,2026-05-11T12:51:52
NBP,2024-07-29,48.0,51.89,48.0,50.09,6639046,psxdata,2026-05-11T12:51:52
NBP,2024-07-30,49.99,50.6,48.77,49.05,2413994,psxdata,2026-05-11T12:51:52
NBP,2024-07-31,49.15,50.19,46.3,47.31,2545495,psxdata,2026-05-11T12:51:52
NBP,2024-08-01,47.0,47.88,46.61,47.06,1273444,psxdata,2026-05-11T12:51:52
NBP,2024-08-02,47.0,48.74,46.35,47.84,1994077,psxdata,2026-05-11T12:51:52
NBP,2024-08-05,47.84,48.2,44.8,46.15,2344961,psxdata,2026-05-11T12:51:52
NBP,2024-08-06,46.25,47.01,45.25,45.94,798944,psxdata,2026-05-11T12:51:52
NBP,2024-08-07,46.25,47.7,46.1,46.31,2543307,psxdata,2026-05-11T12:51:52
NBP,2024-08-08,46.5,47.0,46.4,46.76,927818,psxdata,2026-05-11T12:51:52
NBP,2024-08-09,47.0,48.99,46.7,47.49,3163929,psxdata,2026-05-11T12:51:52
NBP,2024-08-12,47.01,47.44,45.61,46.01,847198,psxdata,2026-05-11T12:51:52
NBP,2024-08-13,45.99,46.4,45.31,45.54,993535,psxdata,2026-05-11T12:51:52
NBP,2024-08-15,45.58,46.0,44.55,44.89,1150542,psxdata,2026-05-11T12:51:52
NBP,2024-08-16,45.0,45.0,43.51,43.86,799622,psxdata,2026-05-11T12:51:52
NBP,2024-08-19,43.85,44.33,43.4,43.72,1060433,psxdata,2026-05-11T12:51:52
NBP,2024-08-20,43.4,47.88,43.4,46.81,2978210,psxdata,2026-05-11T12:51:52
NBP,2024-08-21,48.5,51.49,48.5,51.49,6898218,psxdata,2026-05-11T12:51:52
NBP,2024-08-22,52.5,54.49,51.36,53.89,12117401,psxdata,2026-05-11T12:51:52
NBP,2024-08-23,54.3,55.24,52.0,52.29,2923717,psxdata,2026-05-11T12:51:52
NBP,2024-08-26,52.74,52.99,50.75,51.79,2632013,psxdata,2026-05-11T12:51:52
NBP,2024-08-27,52.24,52.8,51.17,51.59,3265802,psxdata,2026-05-11T12:51:52
NBP,2024-08-28,51.65,54.04,51.5,52.8,9155627,psxdata,2026-05-11T12:51:52
NBP,2024-08-29,50.11,58.08,50.11,57.53,42591637,psxdata,2026-05-11T12:51:52
NBP,2024-08-30,58.35,63.0,57.89,60.65,21619368,psxdata,2026-05-11T12:51:52
NBP,2024-09-02,60.49,62.0,58.32,60.43,6900704,psxdata,2026-05-11T12:51:52
NBP,2024-09-03,60.0,60.5,57.4,58.97,3484137,psxdata,2026-05-11T12:51:52
NBP,2024-09-04,58.94,58.94,57.0,57.18,2299654,psxdata,2026-05-11T12:51:52
NBP,2024-09-05,58.05,58.05,56.5,56.98,3968284,psxdata,2026-05-11T12:51:52
NBP,2024-09-06,57.0,59.9,56.86,58.5,7997656,psxdata,2026-05-11T12:51:52
NBP,2024-09-09,58.5,60.4,57.69,59.14,2874037,psxdata,2026-05-11T12:51:52
NBP,2024-09-10,59.7,59.94,58.26,59.21,1294224,psxdata,2026-05-11T12:51:52
NBP,2024-09-11,59.22,60.89,59.0,59.96,3609084,psxdata,2026-05-11T12:51:52
NBP,2024-09-12,60.0,60.0,58.0,58.33,1687340,psxdata,2026-05-11T12:51:52
NBP,2024-09-13,59.03,60.65,58.8,58.99,2815999,psxdata,2026-05-11T12:51:52
NBP,2024-09-16,59.85,59.9,57.57,57.95,612222,psxdata,2026-05-11T12:51:52
NBP,2024-09-18,57.5,58.24,57.5,57.95,314206,psxdata,2026-05-11T12:51:52
NBP,2024-09-19,58.0,58.5,57.0,57.23,3143664,psxdata,2026-05-11T12:51:52
NBP,2024-09-20,57.5,57.99,56.0,56.99,3323302,psxdata,2026-05-11T12:51:52
NBP,2024-09-23,56.95,57.39,56.26,56.7,797936,psxdata,2026-05-11T12:51:52
NBP,2024-09-24,56.56,57.96,55.46,55.72,1630220,psxdata,2026-05-11T12:51:52
NBP,2024-09-25,55.72,59.39,55.72,58.7,2519824,psxdata,2026-05-11T12:51:52
NBP,2024-09-26,59.8,61.27,58.76,60.02,6164283,psxdata,2026-05-11T12:51:52
NBP,2024-09-27,60.0,60.64,57.0,57.72,5423311,psxdata,2026-05-11T12:51:52
NBP,2024-09-30,58.2,60.8,57.35,60.0,3102836,psxdata,2026-05-11T12:51:52
NBP,2024-10-01,60.45,60.45,58.75,58.96,3079787,psxdata,2026-05-11T12:51:52
NBP,2024-10-02,58.4,59.89,58.4,58.94,1396940,psxdata,2026-05-11T12:51:52
NBP,2024-10-03,58.55,59.4,58.3,58.42,1628825,psxdata,2026-05-11T12:51:52
NBP,2024-10-04,58.21,59.39,58.21,58.74,1118570,psxdata,2026-05-11T12:51:52
NBP,2024-10-07,58.74,59.35,58.45,59.09,2192639,psxdata,2026-05-11T12:51:52
NBP,2024-10-08,59.3,61.8,58.51,61.21,7666892,psxdata,2026-05-11T12:51:52
NBP,2024-10-09,61.88,65.15,61.83,63.62,15360511,psxdata,2026-05-11T12:51:52
NBP,2024-10-10,64.35,67.5,64.35,65.9,12856743,psxdata,2026-05-11T12:51:52
NBP,2024-10-11,66.11,68.95,64.6,67.23,9289032,psxdata,2026-05-11T12:51:52
NBP,2024-10-14,67.51,71.75,67.51,69.89,8571102,psxdata,2026-05-11T12:51:52
NBP,2024-10-15,69.55,71.2,68.26,69.03,3145412,psxdata,2026-05-11T12:51:52
NBP,2024-10-16,69.48,70.5,68.05,69.4,3790913,psxdata,2026-05-11T12:51:52
NBP,2024-10-17,69.4,69.99,66.5,67.51,2457808,psxdata,2026-05-11T12:51:52
NBP,2024-10-18,67.9,68.0,66.5,66.53,1805785,psxdata,2026-05-11T12:51:52
NBP,2024-10-21,66.9,68.9,66.05,68.29,2832063,psxdata,2026-05-11T12:51:52
NBP,2024-10-22,68.5,70.24,68.4,69.1,3621563,psxdata,2026-05-11T12:51:52
NBP,2024-10-23,69.6,69.9,67.5,67.88,1370170,psxdata,2026-05-11T12:51:52
NBP,2024-10-24,68.19,68.19,66.64,67.04,6194663,psxdata,2026-05-11T12:51:52
NBP,2024-10-25,66.94,68.0,66.85,67.57,1084506,psxdata,2026-05-11T12:51:52
NBP,2024-10-28,67.2,68.0,66.51,67.51,1356643,psxdata,2026-05-11T12:51:52
NBP,2024-10-29,67.55,69.9,67.5,69.32,2589040,psxdata,2026-05-11T12:51:52
NBP,2024-10-30,66.0,68.87,63.16,64.64,4346241,psxdata,2026-05-11T12:51:52
NBP,2024-10-31,65.24,65.33,60.1,60.25,4655247,psxdata,2026-05-11T12:51:52
NBP,2024-11-01,60.0,61.1,59.5,60.7,3596920,psxdata,2026-05-11T12:51:52
NBP,2024-11-04,60.98,61.0,57.69,58.65,3029650,psxdata,2026-05-11T12:51:52
NBP,2024-11-05,58.4,59.9,57.99,59.64,848393,psxdata,2026-05-11T12:51:52
NBP,2024-11-06,59.26,62.5,58.55,60.71,5492877,psxdata,2026-05-11T12:51:52
NBP,2024-11-07,60.75,61.8,60.36,60.68,1250370,psxdata,2026-05-11T12:51:52
NBP,2024-11-08,60.0,61.5,60.0,61.21,3014956,psxdata,2026-05-11T12:51:52
NBP,2024-11-11,61.21,61.45,60.1,60.42,488685,psxdata,2026-05-11T12:51:52
NBP,2024-11-12,60.5,60.5,59.5,60.09,485213,psxdata,2026-05-11T12:51:52
NBP,2024-11-13,60.0,60.8,59.5,60.41,2551254,psxdata,2026-05-11T12:51:52
NBP,2024-11-14,61.0,61.44,60.45,61.05,712964,psxdata,2026-05-11T12:51:52
NBP,2024-11-15,61.0,62.39,60.9,61.08,2039722,psxdata,2026-05-11T12:51:52
NBP,2024-11-18,61.25,61.6,60.1,60.51,1224707,psxdata,2026-05-11T12:51:52
NBP,2024-11-19,60.51,61.51,60.14,60.51,1928081,psxdata,2026-05-11T12:51:52
NBP,2024-11-20,60.11,61.75,60.0,60.29,4748866,psxdata,2026-05-11T12:51:52
NBP,2024-11-21,60.5,61.2,60.11,60.29,955566,psxdata,2026-05-11T12:51:52
NBP,2024-11-22,60.49,66.32,60.49,63.51,14850629,psxdata,2026-05-11T12:51:52
NBP,2024-11-25,63.3,65.81,63.03,64.01,5772282,psxdata,2026-05-11T12:51:52
NBP,2024-11-26,64.0,70.41,62.62,65.92,17252084,psxdata,2026-05-11T12:51:52
NBP,2024-11-27,68.99,72.51,68.99,72.32,22606441,psxdata,2026-05-11T12:51:52
NBP,2024-11-28,73.44,74.0,68.8,69.7,8411142,psxdata,2026-05-11T12:51:52
NBP,2024-11-29,70.89,72.5,69.52,70.94,7306056,psxdata,2026-05-11T12:51:52
NBP,2024-12-02,71.7,74.5,71.51,73.62,15457542,psxdata,2026-05-11T12:51:52
NBP,2024-12-03,74.48,76.98,73.0,76.17,12339752,psxdata,2026-05-11T12:51:52
NBP,2024-12-04,76.25,77.25,73.89,74.92,7094359,psxdata,2026-05-11T12:51:52
NBP,2024-12-05,74.85,76.32,74.01,75.82,7195518,psxdata,2026-05-11T12:51:52
NBP,2024-12-06,76.5,78.5,75.0,77.23,16347023,psxdata,2026-05-11T12:51:52
NBP,2024-12-09,76.5,77.0,74.0,74.48,6692731,psxdata,2026-05-11T12:51:52
NBP,2024-12-10,74.6,74.85,71.5,72.83,6255718,psxdata,2026-05-11T12:51:52
NBP,2024-12-11,73.0,74.64,72.0,73.66,2407882,psxdata,2026-05-11T12:51:52
NBP,2024-12-12,74.9,75.5,72.05,74.82,6500499,psxdata,2026-05-11T12:51:52
NBP,2024-12-13,75.0,75.0,70.55,72.31,4312495,psxdata,2026-05-11T12:51:52
NBP,2024-12-16,72.15,73.03,71.0,72.43,3070038,psxdata,2026-05-11T12:51:52
NBP,2024-12-17,72.02,74.6,70.27,73.76,5602301,psxdata,2026-05-11T12:51:52
NBP,2024-12-18,73.76,74.0,66.38,66.38,18112703,psxdata,2026-05-11T12:51:52
NBP,2024-12-19,64.0,64.01,59.74,59.81,17696211,psxdata,2026-05-11T12:51:52
NBP,2024-12-20,59.0,62.48,58.0,61.42,4682773,psxdata,2026-05-11T12:51:52
NBP,2024-12-23,61.02,62.4,60.02,61.28,4959793,psxdata,2026-05-11T12:51:52
NBP,2024-12-24,61.7,61.8,58.5,59.07,1895326,psxdata,2026-05-11T12:51:52
NBP,2024-12-26,59.09,59.9,58.03,58.85,1076550,psxdata,2026-05-11T12:51:52
NBP,2024-12-27,58.79,60.5,58.07,59.69,2590226,psxdata,2026-05-11T12:51:52
NBP,2024-12-30,60.56,65.66,60.56,65.66,10182951,psxdata,2026-05-11T12:51:52
NBP,2024-12-31,66.0,68.68,65.5,66.92,6113550,psxdata,2026-05-11T12:51:52
NBP,2025-01-01,66.75,67.5,65.5,66.47,1670137,psxdata,2026-05-11T12:51:52
NBP,2025-01-02,66.7,68.95,66.0,66.29,4987343,psxdata,2026-05-11T12:51:52
NBP,2025-01-03,66.5,67.0,65.1,66.0,1040112,psxdata,2026-05-11T12:51:52
NBP,2025-01-06,65.76,66.49,63.7,64.03,1685324,psxdata,2026-05-11T12:51:52
NBP,2025-01-07,64.9,64.9,60.5,62.17,3600230,psxdata,2026-05-11T12:51:52
NBP,2025-01-08,62.74,63.85,61.0,61.39,1853991,psxdata,2026-05-11T12:51:52
NBP,2025-01-09,61.5,62.47,59.0,60.76,3783763,psxdata,2026-05-11T12:51:52
NBP,2025-01-10,60.81,61.97,59.81,60.99,853072,psxdata,2026-05-11T12:51:52
NBP,2025-01-13,61.0,63.3,60.9,62.51,1592722,psxdata,2026-05-11T12:51:52
NBP,2025-01-14,63.0,63.49,62.0,62.4,552489,psxdata,2026-05-11T12:51:52
NBP,2025-01-15,62.03,63.0,61.8,62.03,947921,psxdata,2026-05-11T12:51:52
NBP,2025-01-16,62.1,63.2,61.86,62.29,926483,psxdata,2026-05-11T12:51:52
NBP,2025-01-17,62.81,63.0,60.31,61.87,1305576,psxdata,2026-05-11T12:51:52
NBP,2025-01-20,62.39,62.9,61.49,61.64,766881,psxdata,2026-05-11T12:51:52
NBP,2025-01-21,61.16,62.06,61.05,61.16,486622,psxdata,2026-05-11T12:51:52
NBP,2025-01-22,61.35,61.4,59.49,60.42,680714,psxdata,2026-05-11T12:51:52
NBP,2025-01-23,60.4,62.22,60.4,61.99,975573,psxdata,2026-05-11T12:51:52
NBP,2025-01-24,62.25,63.74,62.2,63.3,3636654,psxdata,2026-05-11T12:51:52
NBP,2025-01-27,63.11,64.1,62.5,63.29,2312270,psxdata,2026-05-11T12:51:52
NBP,2025-01-28,63.11,63.9,62.56,63.52,4247112,psxdata,2026-05-11T12:51:52
NBP,2025-01-29,63.9,65.98,63.05,64.69,7045354,psxdata,2026-05-11T12:51:52
NBP,2025-01-30,65.0,65.25,63.6,64.4,2145368,psxdata,2026-05-11T12:51:52
NBP,2025-01-31,64.99,70.84,64.5,70.84,12964625,psxdata,2026-05-11T12:51:52
NBP,2025-02-03,73.05,73.9,69.8,70.52,9978575,psxdata,2026-05-11T12:51:52
NBP,2025-02-04,70.99,75.9,70.99,73.13,16342844,psxdata,2026-05-11T12:51:52
NBP,2025-02-06,72.51,75.0,69.25,70.33,10980621,psxdata,2026-05-11T12:51:52
NBP,2025-02-07,70.37,72.74,69.6,72.44,5546363,psxdata,2026-05-11T12:51:52
NBP,2025-02-10,73.0,77.52,71.5,76.08,12715489,psxdata,2026-05-11T12:51:52
NBP,2025-02-11,76.1,77.95,75.0,75.74,11179610,psxdata,2026-05-11T12:51:52
NBP,2025-02-12,76.0,76.0,73.6,73.79,5885404,psxdata,2026-05-11T12:51:52
NBP,2025-02-13,73.52,77.0,73.52,74.92,8767144,psxdata,2026-05-11T12:51:52
NBP,2025-02-14,75.48,79.5,75.0,76.66,15552538,psxdata,2026-05-11T12:51:52
NBP,2025-02-17,77.5,77.5,74.63,76.66,3645750,psxdata,2026-05-11T12:51:52
NBP,2025-02-18,77.31,80.38,76.13,79.65,10185412,psxdata,2026-05-11T12:51:52
NBP,2025-02-19,80.49,80.7,78.0,78.59,14617985,psxdata,2026-05-11T12:51:52
NBP,2025-02-20,78.5,79.72,77.76,78.19,5287434,psxdata,2026-05-11T12:51:52
NBP,2025-02-21,78.0,78.5,74.75,75.98,4900753,psxdata,2026-05-11T12:51:52
NBP,2025-02-24,76.0,76.0,74.0,74.4,2905112,psxdata,2026-05-11T12:51:52
NBP,2025-02-25,74.5,76.4,73.75,74.01,2971476,psxdata,2026-05-11T12:51:52
NBP,2025-02-26,74.7,76.97,73.49,75.44,7935742,psxdata,2026-05-11T12:51:52
NBP,2025-02-27,75.8,77.19,73.95,76.24,6711688,psxdata,2026-05-11T12:51:52
NBP,2025-02-28,76.05,80.8,75.25,80.01,28271548,psxdata,2026-05-11T12:51:52
NBP,2025-03-03,84.0,85.97,78.6,79.1,23799736,psxdata,2026-05-11T12:51:52
NBP,2025-03-04,79.49,79.98,77.76,79.3,3770098,psxdata,2026-05-11T12:51:52
NBP,2025-03-05,79.52,81.9,78.5,79.81,7325209,psxdata,2026-05-11T12:51:52
NBP,2025-03-06,79.84,81.8,79.53,81.29,5187022,psxdata,2026-05-11T12:51:52
NBP,2025-03-07,81.29,82.45,81.11,81.56,5010161,psxdata,2026-05-11T12:51:52
NBP,2025-03-10,82.0,82.98,81.1,82.41,3227843,psxdata,2026-05-11T12:51:52
NBP,2025-03-11,83.0,84.5,81.42,81.81,12870492,psxdata,2026-05-11T12:51:52
NBP,2025-03-12,81.8,81.8,79.9,80.24,8263978,psxdata,2026-05-11T12:51:52
NBP,2025-03-13,80.55,81.7,80.55,81.2,7742499,psxdata,2026-05-11T12:51:52
NBP,2025-03-14,74.5,74.6,73.01,73.41,3339487,psxdata,2026-05-11T12:51:52
NBP,2025-03-17,73.95,74.4,72.99,73.98,8291829,psxdata,2026-05-11T12:51:52
NBP,2025-03-18,74.4,74.4,73.5,74.01,2163784,psxdata,2026-05-11T12:51:52
NBP,2025-03-19,74.24,78.8,73.5,76.96,10321161,psxdata,2026-05-11T12:51:52
NBP,2025-03-20,78.0,79.58,77.4,78.36,4097026,psxdata,2026-05-11T12:51:52
NBP,2025-03-21,78.0,79.0,77.0,77.07,2970016,psxdata,2026-05-11T12:51:52
NBP,2025-03-24,77.08,78.21,76.01,76.5,2970485,psxdata,2026-05-11T12:51:52
NBP,2025-03-25,76.15,76.8,75.56,76.2,2065575,psxdata,2026-05-11T12:51:52
NBP,2025-03-26,77.74,78.24,76.7,77.13,7022293,psxdata,2026-05-11T12:51:52
NBP,2025-03-27,77.0,78.0,76.0,76.29,3627283,psxdata,2026-05-11T12:51:52
NBP,2025-04-03,76.29,76.29,75.51,75.86,1504173,psxdata,2026-05-11T12:51:52
NBP,2025-04-04,75.57,80.02,75.57,78.5,13665582,psxdata,2026-05-11T12:51:52
NBP,2025-04-07,77.0,77.0,71.71,75.92,8127544,psxdata,2026-05-11T12:51:52
NBP,2025-04-08,76.85,77.9,75.8,76.47,3960120,psxdata,2026-05-11T12:51:52
NBP,2025-04-09,75.56,78.4,75.45,76.64,5563662,psxdata,2026-05-11T12:51:52
NBP,2025-04-10,78.5,80.89,77.6,79.25,8239051,psxdata,2026-05-11T12:51:52
NBP,2025-04-11,78.8,79.2,77.1,78.32,1311333,psxdata,2026-05-11T12:51:52
NBP,2025-04-14,78.43,80.75,78.0,79.88,6468538,psxdata,2026-05-11T12:51:52
NBP,2025-04-15,80.0,82.1,80.0,81.7,6932866,psxdata,2026-05-11T12:51:52
NBP,2025-04-16,82.01,82.38,80.1,81.28,4784443,psxdata,2026-05-11T12:51:52
NBP,2025-04-17,80.88,86.9,80.01,85.48,16604549,psxdata,2026-05-11T12:51:52
NBP,2025-04-18,86.0,88.75,85.75,87.21,6647478,psxdata,2026-05-11T12:51:52
NBP,2025-04-21,87.55,90.0,87.0,88.38,7460243,psxdata,2026-05-11T12:51:52
NBP,2025-04-22,88.38,91.25,86.97,89.64,7661659,psxdata,2026-05-11T12:51:52
NBP,2025-04-23,89.0,89.64,84.56,85.86,4529662,psxdata,2026-05-11T12:51:52
NBP,2025-04-24,83.01,86.45,82.32,83.3,4136732,psxdata,2026-05-11T12:51:52
NBP,2025-04-25,83.3,88.98,83.3,87.84,11789895,psxdata,2026-05-11T12:51:52
NBP,2025-04-28,88.5,89.0,83.2,84.05,4343736,psxdata,2026-05-11T12:51:52
NBP,2025-04-29,83.0,86.45,82.4,84.74,5572029,psxdata,2026-05-11T12:51:52
NBP,2025-04-30,84.0,84.39,80.66,81.84,4446508,psxdata,2026-05-11T12:51:52
NBP,2025-05-02,82.32,85.5,82.32,85.07,3778342,psxdata,2026-05-11T12:51:52
NBP,2025-05-05,85.5,86.3,84.52,85.24,2436771,psxdata,2026-05-11T12:51:52
NBP,2025-05-06,86.0,86.39,84.0,84.32,1461125,psxdata,2026-05-11T12:51:52
NBP,2025-05-07,80.0,84.02,79.79,82.43,5078343,psxdata,2026-05-11T12:51:52
NBP,2025-05-08,83.9,84.2,74.19,75.71,9822959,psxdata,2026-05-11T12:51:52
NBP,2025-05-09,75.2,79.39,74.5,78.74,3877271,psxdata,2026-05-11T12:51:52
NBP,2025-05-12,86.61,86.61,85.49,86.61,4101610,psxdata,2026-05-11T12:51:52
NBP,2025-05-13,87.98,88.4,86.0,88.07,8235105,psxdata,2026-05-11T12:51:52
NBP,2025-05-14,88.4,88.8,85.1,86.79,2732597,psxdata,2026-05-11T12:51:52
NBP,2025-05-15,86.51,89.5,86.51,88.47,4633457,psxdata,2026-05-11T12:51:52
NBP,2025-05-16,89.0,89.7,87.72,87.98,2311053,psxdata,2026-05-11T12:51:52
NBP,2025-05-19,88.05,88.55,87.15,87.53,2039874,psxdata,2026-05-11T12:51:52
NBP,2025-05-20,87.94,88.0,86.86,87.58,1242355,psxdata,2026-05-11T12:51:52
NBP,2025-05-21,88.88,96.34,87.05,96.34,17684501,psxdata,2026-05-11T12:51:52
NBP,2025-05-22,99.0,99.95,94.0,94.36,12466012,psxdata,2026-05-11T12:51:52
NBP,2025-05-23,94.37,97.98,93.61,95.44,4647963,psxdata,2026-05-11T12:51:52
NBP,2025-05-26,94.02,95.49,92.11,93.91,1872745,psxdata,2026-05-11T12:51:52
NBP,2025-05-27,93.91,94.75,92.2,92.95,3760383,psxdata,2026-05-11T12:51:52
NBP,2025-05-29,93.0,96.25,92.5,93.98,3057290,psxdata,2026-05-11T12:51:52
NBP,2025-05-30,94.1,95.6,93.2,94.41,2046754,psxdata,2026-05-11T12:51:52
NBP,2025-06-02,94.98,99.1,94.5,96.12,11703316,psxdata,2026-05-11T12:51:52
NBP,2025-06-03,95.88,97.77,95.2,96.85,5775879,psxdata,2026-05-11T12:51:52
NBP,2025-06-04,97.19,106.54,97.19,106.54,23583480,psxdata,2026-05-11T12:51:52
NBP,2025-06-05,108.9,108.9,102.5,104.11,7323717,psxdata,2026-05-11T12:51:52
NBP,2025-06-10,104.11,104.94,103.0,103.51,3516743,psxdata,2026-05-11T12:51:52
NBP,2025-06-11,105.0,110.7,103.89,107.57,16924446,psxdata,2026-05-11T12:51:52
NBP,2025-06-12,107.57,109.01,105.02,105.59,4278147,psxdata,2026-05-11T12:51:52
NBP,2025-06-13,104.03,105.5,101.95,102.81,4282279,psxdata,2026-05-11T12:51:52
NBP,2025-06-16,102.5,108.25,102.5,107.56,6459070,psxdata,2026-05-11T12:51:52
NBP,2025-06-17,108.94,111.68,106.5,106.98,15153783,psxdata,2026-05-11T12:51:52
NBP,2025-06-18,106.99,107.0,103.75,104.26,3588698,psxdata,2026-05-11T12:51:52
NBP,2025-06-19,105.47,106.56,103.0,103.48,2568235,psxdata,2026-05-11T12:51:52
NBP,2025-06-20,104.7,105.99,103.1,103.83,2336803,psxdata,2026-05-11T12:51:52
NBP,2025-06-23,101.39,103.97,98.75,99.61,3754730,psxdata,2026-05-11T12:51:52
NBP,2025-06-24,105.9,108.93,104.5,107.03,9198491,psxdata,2026-05-11T12:51:52
NBP,2025-06-25,107.78,108.47,106.2,107.19,3674344,psxdata,2026-05-11T12:51:52
NBP,2025-06-26,107.0,108.0,105.0,105.74,2505937,psxdata,2026-05-11T12:51:52
NBP,2025-06-27,106.0,110.0,105.6,107.78,7180108,psxdata,2026-05-11T12:51:52
NBP,2025-06-30,108.61,110.0,107.5,108.69,5516035,psxdata,2026-05-11T12:51:52
NBP,2025-07-01,108.99,112.5,108.99,112.03,8629201,psxdata,2026-05-11T12:51:52
NBP,2025-07-02,112.75,119.88,112.5,117.27,14820144,psxdata,2026-05-11T12:51:52
NBP,2025-07-03,117.49,118.47,114.05,115.87,3854508,psxdata,2026-05-11T12:51:52
NBP,2025-07-04,116.0,123.11,114.5,120.57,9040003,psxdata,2026-05-11T12:51:52
NBP,2025-07-07,121.7,124.75,119.48,120.27,5959679,psxdata,2026-05-11T12:51:52
NBP,2025-07-08,121.0,123.0,118.01,121.31,5038530,psxdata,2026-05-11T12:51:52
NBP,2025-07-09,120.1,121.25,118.3,119.86,2570744,psxdata,2026-05-11T12:51:52
NBP,2025-07-10,119.86,123.45,118.99,122.38,6079527,psxdata,2026-05-11T12:51:52
NBP,2025-07-11,122.4,123.0,120.3,121.82,3416987,psxdata,2026-05-11T12:51:52
NBP,2025-07-14,122.0,127.25,121.0,126.35,12479217,psxdata,2026-05-11T12:51:52
NBP,2025-07-15,126.35,130.6,125.01,126.22,14920721,psxdata,2026-05-11T12:51:52
NBP,2025-07-16,126.22,127.0,123.0,124.77,3302965,psxdata,2026-05-11T12:51:52
NBP,2025-07-17,125.0,129.74,124.11,128.85,4813829,psxdata,2026-05-11T12:51:52
NBP,2025-07-18,129.4,129.8,124.63,124.95,6062879,psxdata,2026-05-11T12:51:52
NBP,2025-07-21,124.95,126.99,123.32,123.87,4005608,psxdata,2026-05-11T12:51:52
NBP,2025-07-22,123.53,124.79,122.5,123.89,2526723,psxdata,2026-05-11T12:51:52
NBP,2025-07-23,123.51,124.5,121.52,122.13,3616721,psxdata,2026-05-11T12:51:52
NBP,2025-07-24,122.95,122.95,119.74,122.05,5744126,psxdata,2026-05-11T12:51:52
NBP,2025-07-25,122.44,124.99,122.44,124.49,4544362,psxdata,2026-05-11T12:51:52
NBP,2025-07-28,124.85,126.49,121.25,121.83,4349903,psxdata,2026-05-11T12:51:52
NBP,2025-07-29,122.01,123.98,119.01,120.39,5134519,psxdata,2026-05-11T12:51:52
NBP,2025-07-30,120.01,123.75,120.01,122.73,4675796,psxdata,2026-05-11T12:51:52
NBP,2025-07-31,125.0,125.89,123.51,123.79,4814184,psxdata,2026-05-11T12:51:52
NBP,2025-08-01,124.75,128.0,123.76,126.68,4689578,psxdata,2026-05-11T12:51:52
NBP,2025-08-04,126.7,128.85,126.5,126.89,2042425,psxdata,2026-05-11T12:51:52
NBP,2025-08-05,126.9,128.0,126.0,126.76,2004423,psxdata,2026-05-11T12:51:52
NBP,2025-08-06,128.03,139.44,127.74,139.22,49133499,psxdata,2026-05-11T12:51:52
NBP,2025-08-07,138.98,142.0,137.6,138.29,9801594,psxdata,2026-05-11T12:51:52
NBP,2025-08-08,138.7,143.47,137.1,139.7,11271506,psxdata,2026-05-11T12:51:52
NBP,2025-08-11,140.8,142.2,138.9,140.58,7605571,psxdata,2026-05-11T12:51:52
NBP,2025-08-12,140.6,143.8,140.6,141.77,7813600,psxdata,2026-05-11T12:51:52
NBP,2025-08-13,142.1,147.0,142.0,145.93,18415044,psxdata,2026-05-11T12:51:52
NBP,2025-08-15,146.53,149.75,146.25,146.87,7523544,psxdata,2026-05-11T12:51:52
NBP,2025-08-18,146.8,148.9,143.5,146.83,8755984,psxdata,2026-05-11T12:51:52
NBP,2025-08-19,148.25,149.0,146.7,147.49,5914435,psxdata,2026-05-11T12:51:52
NBP,2025-08-20,147.88,155.0,147.74,152.69,7915749,psxdata,2026-05-11T12:51:52
NBP,2025-08-21,153.45,154.5,146.56,149.56,8894704,psxdata,2026-05-11T12:51:52
NBP,2025-08-22,150.03,154.15,150.03,153.07,5695445,psxdata,2026-05-11T12:51:52
NBP,2025-08-25,153.5,158.0,151.52,154.24,13923011,psxdata,2026-05-11T12:51:52
NBP,2025-08-26,154.24,155.2,152.01,152.38,4316256,psxdata,2026-05-11T12:51:52
NBP,2025-08-27,153.01,153.49,148.0,148.56,6242031,psxdata,2026-05-11T12:51:52
NBP,2025-08-28,149.0,151.5,145.1,149.03,9467167,psxdata,2026-05-11T12:51:52
NBP,2025-08-29,152.0,154.75,145.99,148.43,17484156,psxdata,2026-05-11T12:51:52
NBP,2025-09-01,150.2,156.3,149.75,153.5,13020627,psxdata,2026-05-11T12:51:52
NBP,2025-09-02,154.9,156.24,153.0,153.29,11155264,psxdata,2026-05-11T12:51:52
NBP,2025-09-03,153.98,157.79,153.76,155.23,8426616,psxdata,2026-05-11T12:51:52
NBP,2025-09-04,155.97,157.25,154.11,156.51,5322069,psxdata,2026-05-11T12:51:52
NBP,2025-09-05,165.0,172.16,162.0,171.98,27408287,psxdata,2026-05-11T12:51:52
NBP,2025-09-08,174.97,176.0,171.34,171.79,13533432,psxdata,2026-05-11T12:51:52
NBP,2025-09-09,172.5,183.5,169.01,175.95,15996519,psxdata,2026-05-11T12:51:52
NBP,2025-09-10,176.2,179.79,175.0,177.31,4845286,psxdata,2026-05-11T12:51:52
NBP,2025-09-11,177.95,179.5,175.16,175.95,5277221,psxdata,2026-05-11T12:51:52
NBP,2025-09-12,175.95,182.0,173.8,180.68,12780318,psxdata,2026-05-11T12:51:52
NBP,2025-09-15,181.25,187.98,179.5,184.22,10691541,psxdata,2026-05-11T12:51:52
NBP,2025-09-16,186.47,186.9,182.1,183.7,4960591,psxdata,2026-05-11T12:51:52
NBP,2025-09-17,185.0,185.97,182.0,182.24,2841124,psxdata,2026-05-11T12:51:52
NBP,2025-09-18,183.0,190.75,181.8,189.69,16468540,psxdata,2026-05-11T12:51:52
NBP,2025-09-19,190.7,196.0,187.91,189.06,8576474,psxdata,2026-05-11T12:51:52
NBP,2025-09-22,190.0,193.45,185.8,187.44,10584523,psxdata,2026-05-11T12:51:52
NBP,2025-09-23,188.8,191.49,187.6,188.23,4776663,psxdata,2026-05-11T12:51:52
NBP,2025-09-24,189.5,189.5,185.85,186.22,3473246,psxdata,2026-05-11T12:51:52
NBP,2025-09-25,187.87,191.71,186.22,189.39,6000608,psxdata,2026-05-11T12:51:52
NBP,2025-09-26,190.48,195.35,189.61,192.63,12216302,psxdata,2026-05-11T12:51:52
NBP,2025-09-29,194.0,202.69,193.11,200.46,13762810,psxdata,2026-05-11T12:51:52
NBP,2025-09-30,202.99,208.8,202.49,204.3,10930122,psxdata,2026-05-11T12:51:52
NBP,2025-10-01,205.0,209.0,200.5,204.29,12492878,psxdata,2026-05-11T12:51:52
NBP,2025-10-02,204.98,221.5,203.25,218.86,18419782,psxdata,2026-05-11T12:51:52
NBP,2025-10-03,219.0,221.0,215.0,216.61,8203356,psxdata,2026-05-11T12:51:52
NBP,2025-10-06,215.99,226.9,211.5,215.92,21902164,psxdata,2026-05-11T12:51:52
NBP,2025-10-07,218.05,220.23,213.6,214.72,8639649,psxdata,2026-05-11T12:51:52
NBP,2025-10-08,215.6,217.9,212.0,213.8,5507868,psxdata,2026-05-11T12:51:52
NBP,2025-10-09,214.5,215.0,205.0,205.77,8753367,psxdata,2026-05-11T12:51:52
NBP,2025-10-10,205.75,207.4,197.51,203.44,13585481,psxdata,2026-05-11T12:51:52
NBP,2025-10-13,200.23,203.44,193.12,198.05,14717808,psxdata,2026-05-11T12:51:52
NBP,2025-10-14,202.98,208.5,202.0,207.01,10872181,psxdata,2026-05-11T12:51:52
NBP,2025-10-15,207.9,216.6,207.9,210.57,12605213,psxdata,2026-05-11T12:51:52
NBP,2025-10-16,211.99,214.2,207.9,208.77,5285346,psxdata,2026-05-11T12:51:52
NBP,2025-10-17,208.77,209.0,204.15,205.38,4198189,psxdata,2026-05-11T12:51:52
NBP,2025-10-20,207.0,215.58,207.0,213.79,13019679,psxdata,2026-05-11T12:51:52
NBP,2025-10-21,216.04,220.0,215.8,216.69,9645897,psxdata,2026-05-11T12:51:52
NBP,2025-10-22,217.5,218.0,214.02,215.18,3932944,psxdata,2026-05-11T12:51:52
NBP,2025-10-23,215.5,215.9,205.8,209.46,8338578,psxdata,2026-05-11T12:51:52
NBP,2025-10-24,208.0,209.5,204.26,204.99,2835333,psxdata,2026-05-11T12:51:52
NBP,2025-10-27,206.89,207.6,202.65,205.65,3672060,psxdata,2026-05-11T12:51:52
NBP,2025-10-28,206.0,207.94,200.1,201.55,3806323,psxdata,2026-05-11T12:51:52
NBP,2025-10-29,209.0,212.9,204.5,206.2,11595575,psxdata,2026-05-11T12:51:52
NBP,2025-10-30,208.98,214.5,206.7,212.07,10314154,psxdata,2026-05-11T12:51:52
NBP,2025-10-31,217.9,224.77,215.0,221.84,13992406,psxdata,2026-05-11T12:51:52
NBP,2025-11-03,225.87,233.9,224.06,228.82,13502439,psxdata,2026-05-11T12:51:52
NBP,2025-11-04,228.79,228.79,223.0,223.94,5220323,psxdata,2026-05-11T12:51:52
NBP,2025-11-05,221.98,225.75,219.1,221.36,6721567,psxdata,2026-05-11T12:51:52
NBP,2025-11-06,221.7,222.45,214.4,219.1,6111113,psxdata,2026-05-11T12:51:52
NBP,2025-11-07,219.0,225.0,218.1,222.62,6294064,psxdata,2026-05-11T12:51:52
NBP,2025-11-10,225.0,229.5,221.25,223.5,11663547,psxdata,2026-05-11T12:51:52
NBP,2025-11-11,224.9,225.0,213.1,214.34,9486021,psxdata,2026-05-11T12:51:52
NBP,2025-11-12,214.5,217.5,211.7,213.12,5114640,psxdata,2026-05-11T12:51:52
NBP,2025-11-13,215.01,216.79,213.62,214.94,3037380,psxdata,2026-05-11T12:51:52
NBP,2025-11-14,215.9,218.5,214.11,217.49,2159666,psxdata,2026-05-11T12:51:52
NBP,2025-11-17,217.4,222.5,216.62,217.56,3947530,psxdata,2026-05-11T12:51:52
NBP,2025-11-18,219.42,219.42,214.05,215.83,2038631,psxdata,2026-05-11T12:51:52
NBP,2025-11-19,216.05,217.9,214.01,214.6,2041511,psxdata,2026-05-11T12:51:52
NBP,2025-11-20,215.8,216.25,214.01,214.19,1229222,psxdata,2026-05-11T12:51:52
NBP,2025-11-21,215.0,215.25,212.49,213.71,4448638,psxdata,2026-05-11T12:51:52
NBP,2025-11-24,213.8,214.46,210.6,211.35,2181349,psxdata,2026-05-11T12:51:52
NBP,2025-11-25,211.6,213.0,208.56,208.94,2002334,psxdata,2026-05-11T12:51:52
NBP,2025-11-26,209.5,217.0,204.0,216.22,7211634,psxdata,2026-05-11T12:51:52
NBP,2025-11-27,217.89,217.89,214.27,216.4,4357452,psxdata,2026-05-11T12:51:52
NBP,2025-11-28,216.99,218.68,214.5,215.17,6126894,psxdata,2026-05-11T12:51:52
NBP,2025-12-01,216.0,216.97,210.25,211.64,10011543,psxdata,2026-05-11T12:51:52
NBP,2025-12-02,212.89,217.48,212.0,215.59,10686674,psxdata,2026-05-11T12:51:52
NBP,2025-12-03,216.0,218.0,211.45,216.44,19075816,psxdata,2026-05-11T12:51:52
NBP,2025-12-04,217.89,218.0,215.0,215.63,3328366,psxdata,2026-05-11T12:51:52
NBP,2025-12-05,217.4,217.64,213.51,214.39,4353297,psxdata,2026-05-11T12:51:52
NBP,2025-12-08,214.87,221.0,214.1,220.15,10121873,psxdata,2026-05-11T12:51:52
NBP,2025-12-09,221.7,222.9,218.0,218.63,4943945,psxdata,2026-05-11T12:51:52
NBP,2025-12-10,219.4,220.6,216.5,217.0,3336961,psxdata,2026-05-11T12:51:52
NBP,2025-12-11,218.0,219.59,215.6,216.75,3964266,psxdata,2026-05-11T12:51:52
NBP,2025-12-12,217.5,220.3,216.0,217.69,3380475,psxdata,2026-05-11T12:51:52
NBP,2025-12-15,220.0,223.6,218.0,222.32,10923697,psxdata,2026-05-11T12:51:52
NBP,2025-12-16,221.9,229.0,221.0,225.03,8249477,psxdata,2026-05-11T12:51:52
NBP,2025-12-17,225.9,239.9,225.25,237.03,24777802,psxdata,2026-05-11T12:51:52
NBP,2025-12-18,239.0,244.0,237.03,239.21,12591259,psxdata,2026-05-11T12:51:52
NBP,2025-12-19,239.49,241.99,237.0,237.81,3822079,psxdata,2026-05-11T12:51:52
NBP,2025-12-22,238.1,238.97,235.9,236.45,2684684,psxdata,2026-05-11T12:51:52
NBP,2025-12-23,236.4,241.0,236.4,238.44,4165719,psxdata,2026-05-11T12:51:52
NBP,2025-12-24,240.49,241.9,238.25,240.97,1644683,psxdata,2026-05-11T12:51:52
NBP,2025-12-26,241.0,248.95,241.0,246.89,11934979,psxdata,2026-05-11T12:51:52
NBP,2025-12-29,248.0,250.5,244.93,246.18,6396615,psxdata,2026-05-11T12:51:52
NBP,2025-12-30,247.1,248.35,245.5,246.14,4136612,psxdata,2026-05-11T12:51:52
NBP,2025-12-31,246.51,247.45,240.0,242.18,6550359,psxdata,2026-05-11T12:51:52
NBP,2026-01-01,242.9,246.6,241.65,244.3,7696253,psxdata,2026-05-11T12:51:52
NBP,2026-01-02,245.0,247.24,243.01,246.21,4487022,psxdata,2026-05-11T12:51:52
NBP,2026-01-05,246.6,254.25,246.5,250.43,12465731,psxdata,2026-05-11T12:51:52
NBP,2026-01-06,251.49,259.5,248.5,257.39,14845107,psxdata,2026-05-11T12:51:52
NBP,2026-01-07,260.1,264.39,258.05,260.16,10710266,psxdata,2026-05-11T12:51:52
NBP,2026-01-08,260.48,271.7,258.9,265.34,15594730,psxdata,2026-05-11T12:51:52
NBP,2026-01-09,265.34,266.3,258.98,261.03,6361332,psxdata,2026-05-11T12:51:52
NBP,2026-01-12,260.25,265.85,259.0,260.12,6733309,psxdata,2026-05-11T12:51:52
NBP,2026-01-13,260.12,278.79,255.1,273.74,26623257,psxdata,2026-05-11T12:51:52
NBP,2026-01-14,276.0,281.0,268.0,269.7,13066512,psxdata,2026-05-11T12:51:52
NBP,2026-01-15,272.0,273.15,266.0,267.55,6803971,psxdata,2026-05-11T12:51:52
NBP,2026-01-16,270.01,276.4,270.0,273.29,23508115,psxdata,2026-05-11T12:51:52
NBP,2026-01-19,273.9,275.25,271.12,272.03,5932044,psxdata,2026-05-11T12:51:52
NBP,2026-01-20,273.0,274.85,270.55,273.38,4252149,psxdata,2026-05-11T12:51:52
NBP,2026-01-21,275.01,281.0,273.2,275.56,13690921,psxdata,2026-05-11T12:51:52
NBP,2026-01-22,274.0,277.2,272.5,275.0,6776929,psxdata,2026-05-11T12:51:52
NBP,2026-01-23,275.44,276.51,268.0,270.58,8500667,psxdata,2026-05-11T12:51:52
NBP,2026-01-26,272.88,272.88,266.05,270.37,6233190,psxdata,2026-05-11T12:51:52
NBP,2026-01-27,273.49,276.05,269.9,271.45,9865284,psxdata,2026-05-11T12:51:52
NBP,2026-01-28,272.85,275.01,270.2,272.1,4147626,psxdata,2026-05-11T12:51:52
NBP,2026-01-29,272.5,272.94,261.0,267.21,9217187,psxdata,2026-05-11T12:51:52
NBP,2026-01-30,269.0,272.0,267.15,268.43,6338753,psxdata,2026-05-11T12:51:52
NBP,2026-02-02,268.43,274.95,266.25,273.61,5143429,psxdata,2026-05-11T12:51:52
NBP,2026-02-03,274.51,281.0,274.51,277.98,10569114,psxdata,2026-05-11T12:51:52
NBP,2026-02-04,278.9,287.8,277.0,286.42,14596819,psxdata,2026-05-11T12:51:52
NBP,2026-02-06,286.0,286.0,257.78,263.48,51241717,psxdata,2026-05-11T12:51:52
NBP,2026-02-09,265.0,269.51,245.0,266.11,40712423,psxdata,2026-05-11T12:51:52
NBP,2026-02-10,267.3,267.95,260.11,263.89,9313545,psxdata,2026-05-11T12:51:52
NBP,2026-02-11,264.75,268.0,262.0,264.6,8692146,psxdata,2026-05-11T12:51:52
NBP,2026-02-12,263.21,264.75,256.0,259.3,4886474,psxdata,2026-05-11T12:51:52
NBP,2026-02-13,258.51,266.39,258.1,263.76,10296602,psxdata,2026-05-11T12:51:52
NBP,2026-02-16,264.45,264.45,246.55,253.15,12863816,psxdata,2026-05-11T12:51:52
NBP,2026-02-17,255.0,256.0,236.57,246.22,13247173,psxdata,2026-05-11T12:51:52
NBP,2026-02-18,250.0,269.8,249.5,267.64,21668608,psxdata,2026-05-11T12:51:52
NBP,2026-02-19,267.7,271.0,257.5,260.49,13901568,psxdata,2026-05-11T12:51:52
NBP,2026-02-20,264.5,266.5,256.0,263.79,5367393,psxdata,2026-05-11T12:51:52
NBP,2026-02-23,260.11,270.5,243.01,250.93,12721847,psxdata,2026-05-11T12:51:52
NBP,2026-02-24,248.97,256.0,237.01,251.27,17165194,psxdata,2026-05-11T12:51:52
NBP,2026-02-25,269.84,270.7,260.1,262.35,27953901,psxdata,2026-05-11T12:51:52
NBP,2026-02-26,263.5,266.4,259.12,263.4,10622701,psxdata,2026-05-11T12:51:52
NBP,2026-02-27,261.01,264.0,253.0,261.52,5210048,psxdata,2026-05-11T12:51:52
NBP,2026-03-02,235.4,249.5,235.37,235.8,20216472,psxdata,2026-05-11T12:51:52
NBP,2026-03-03,240.0,256.9,238.0,253.13,13248340,psxdata,2026-05-11T12:51:52
NBP,2026-03-04,255.01,255.01,244.0,245.62,10096711,psxdata,2026-05-11T12:51:52
NBP,2026-03-05,246.75,252.48,246.0,250.7,5082589,psxdata,2026-05-11T12:51:52
NBP,2026-03-06,251.15,252.0,246.05,249.3,3970229,psxdata,2026-05-11T12:51:52
NBP,2026-03-09,245.0,245.0,224.37,224.69,21087231,psxdata,2026-05-11T12:51:52
NBP,2026-03-10,240.0,245.38,234.05,240.4,10829464,psxdata,2026-05-11T12:51:52
NBP,2026-03-11,242.0,247.1,238.0,245.16,11579646,psxdata,2026-05-11T12:51:52
NBP,2026-03-12,243.0,247.0,241.01,243.81,6160333,psxdata,2026-05-11T12:51:52
NBP,2026-03-13,243.0,245.49,240.8,243.27,3852296,psxdata,2026-05-11T12:51:52
NBP,2026-03-16,244.01,248.01,225.5,228.42,17860551,psxdata,2026-05-11T12:51:52
NBP,2026-03-17,193.0,198.49,177.0,190.0,11350598,psxdata,2026-05-11T12:51:52
NBP,2026-03-18,191.0,192.55,178.0,184.57,10889865,psxdata,2026-05-11T12:51:52
NBP,2026-03-19,181.0,184.0,176.0,181.32,10064378,psxdata,2026-05-11T12:51:52
NBP,2026-03-24,185.25,187.25,177.19,178.36,6691524,psxdata,2026-05-11T12:51:52
NBP,2026-03-25,179.05,184.98,178.51,184.12,11799920,psxdata,2026-05-11T12:51:52
NBP,2026-03-26,182.0,183.0,172.5,174.86,4329430,psxdata,2026-05-11T12:51:52
NBP,2026-03-27,175.0,175.5,167.21,168.56,4648140,psxdata,2026-05-11T12:51:52
NBP,2026-03-30,168.5,168.5,152.4,157.25,13610834,psxdata,2026-05-11T12:51:52
NBP,2026-03-31,160.0,172.09,159.11,168.58,11895545,psxdata,2026-05-11T12:51:52
NBP,2026-04-01,171.75,184.38,171.75,181.2,11452273,psxdata,2026-05-11T12:51:52
NBP,2026-04-02,171.0,174.0,168.0,171.99,4929404,psxdata,2026-05-11T12:51:52
NBP,2026-04-03,165.01,174.49,165.01,170.0,4709189,psxdata,2026-05-11T12:51:52
NBP,2026-04-06,170.5,172.76,164.07,169.67,5361019,psxdata,2026-05-11T12:51:52
NBP,2026-04-07,168.0,168.0,165.0,167.18,5512176,psxdata,2026-05-11T12:51:52
NBP,2026-04-08,183.9,183.9,183.9,183.9,1466663,psxdata,2026-05-11T12:51:52
NBP,2026-04-09,184.48,189.98,178.0,186.12,10106602,psxdata,2026-05-11T12:51:52
NBP,2026-04-10,188.93,191.75,187.51,190.23,5700606,psxdata,2026-05-11T12:51:52
NBP,2026-04-13,185.0,186.0,178.05,179.73,4350262,psxdata,2026-05-11T12:51:52
NBP,2026-04-14,185.0,190.0,183.5,188.64,4989970,psxdata,2026-05-11T12:51:52
NBP,2026-04-15,195.0,195.85,188.01,190.08,6085764,psxdata,2026-05-11T12:51:52
NBP,2026-04-16,191.0,195.6,191.0,193.51,5015620,psxdata,2026-05-11T12:51:52
NBP,2026-04-17,195.5,212.86,195.0,212.86,17630976,psxdata,2026-05-11T12:51:52
NBP,2026-04-20,212.0,224.49,205.1,215.8,21664409,psxdata,2026-05-11T12:51:52
NBP,2026-04-21,217.97,221.2,210.0,212.04,9628654,psxdata,2026-05-11T12:51:52
NBP,2026-04-22,212.54,214.79,208.0,208.62,4757367,psxdata,2026-05-11T12:51:52
NBP,2026-04-23,208.5,211.0,205.05,205.91,4031712,psxdata,2026-05-11T12:51:52
NBP,2026-04-24,207.0,216.0,199.1,213.23,10242683,psxdata,2026-05-11T12:51:52
NBP,2026-04-27,215.0,215.5,203.33,205.73,7146199,psxdata,2026-05-11T12:51:52
NBP,2026-04-28,201.05,206.24,199.12,202.49,4377521,psxdata,2026-05-11T12:51:52
NBP,2026-04-29,202.5,205.0,183.25,185.97,15394967,psxdata,2026-05-11T12:51:52
NBP,2026-04-30,182.1,182.1,172.0,175.76,12160636,psxdata,2026-05-11T12:51:52
NBP,2026-05-04,179.0,185.0,174.0,175.79,4636730,psxdata,2026-05-11T12:51:52
NBP,2026-05-05,174.0,178.0,171.0,176.12,5254338,psxdata,2026-05-11T12:51:52
NBP,2026-05-06,181.0,193.73,180.82,193.54,10524050,psxdata,2026-05-11T12:51:52
NBP,2026-05-07,196.0,201.5,193.6,195.04,10234337,psxdata,2026-05-11T12:51:52
NBP,2026-05-08,192.0,194.0,189.05,192.56,3681373,psxdata,2026-05-11T12:51:52
