symbol,date,open,high,low,close,volume,source,collected_at
OGDC,2016-05-11,142.8,142.99,140.5,141.06,1329100,psxdata,2026-05-11T12:52:40
OGDC,2016-05-12,143.5,144.65,142.6,143.26,4218300,psxdata,2026-05-11T12:52:40
OGDC,2016-05-13,143.78,143.78,141.9,142.56,1570400,psxdata,2026-05-11T12:52:40
OGDC,2016-05-16,143.9,145.28,142.7,144.64,2851600,psxdata,2026-05-11T12:52:40
OGDC,2016-05-17,146.5,148.7,146.5,146.83,5465800,psxdata,2026-05-11T12:52:40
OGDC,2016-05-18,147.9,148.25,146.4,146.93,940200,psxdata,2026-05-11T12:52:40
OGDC,2016-05-19,146.06,146.49,144.51,145.11,2246500,psxdata,2026-05-11T12:52:40
OGDC,2016-05-20,147.0,147.3,144.25,144.68,2314500,psxdata,2026-05-11T12:52:40
OGDC,2016-05-23,144.73,144.85,143.3,143.71,1126100,psxdata,2026-05-11T12:52:40
OGDC,2016-05-24,143.3,143.48,140.8,141.16,2219400,psxdata,2026-05-11T12:52:40
OGDC,2016-05-25,144.0,144.55,142.0,142.43,3100200,psxdata,2026-05-11T12:52:40
OGDC,2016-05-26,143.88,143.9,142.0,142.2,1657300,psxdata,2026-05-11T12:52:40
OGDC,2016-05-27,143.0,144.0,142.01,142.61,2535500,psxdata,2026-05-11T12:52:40
OGDC,2016-05-30,142.6,142.6,139.5,140.03,1697400,psxdata,2026-05-11T12:52:40
OGDC,2016-05-31,140.78,141.8,139.0,139.44,1959200,psxdata,2026-05-11T12:52:40
OGDC,2016-06-01,139.0,140.8,137.99,140.2,1311900,psxdata,2026-05-11T12:52:40
OGDC,2016-06-02,140.34,142.3,140.3,141.84,2094900,psxdata,2026-05-11T12:52:40
OGDC,2016-06-03,142.6,144.35,142.0,143.4,4335900,psxdata,2026-05-11T12:52:40
OGDC,2016-06-06,142.52,143.86,141.53,141.89,1489300,psxdata,2026-05-11T12:52:40
OGDC,2016-06-07,142.5,143.5,141.95,143.22,1953000,psxdata,2026-05-11T12:52:40
OGDC,2016-06-08,144.5,145.38,143.9,144.38,2226400,psxdata,2026-05-11T12:52:40
OGDC,2016-06-09,145.51,145.95,144.5,144.77,1177100,psxdata,2026-05-11T12:52:40
OGDC,2016-06-10,144.11,144.4,140.75,141.57,977200,psxdata,2026-05-11T12:52:40
OGDC,2016-06-13,140.5,140.5,138.25,139.88,985600,psxdata,2026-05-11T12:52:40
OGDC,2016-06-14,139.89,143.25,139.89,142.4,3234900,psxdata,2026-05-11T12:52:40
OGDC,2016-06-15,148.99,148.99,145.0,147.26,6042000,psxdata,2026-05-11T12:52:40
OGDC,2016-06-16,146.75,146.75,144.46,144.64,2250100,psxdata,2026-05-11T12:52:40
OGDC,2016-06-17,144.5,144.5,142.1,142.97,1352600,psxdata,2026-05-11T12:52:40
OGDC,2016-06-20,145.5,145.6,143.5,143.78,1826600,psxdata,2026-05-11T12:52:40
OGDC,2016-06-21,144.0,144.0,142.8,143.46,636900,psxdata,2026-05-11T12:52:40
OGDC,2016-06-22,143.6,143.94,141.55,142.01,1190600,psxdata,2026-05-11T12:52:40
OGDC,2016-06-23,141.4,142.6,140.8,141.94,1357500,psxdata,2026-05-11T12:52:40
OGDC,2016-06-24,139.8,139.8,134.85,135.81,6317600,psxdata,2026-05-11T12:52:40
OGDC,2016-06-27,135.05,135.5,132.95,133.38,1815900,psxdata,2026-05-11T12:52:40
OGDC,2016-06-28,133.5,138.0,133.0,136.68,1177700,psxdata,2026-05-11T12:52:40
OGDC,2016-06-29,138.0,140.0,137.7,139.75,1482100,psxdata,2026-05-11T12:52:40
OGDC,2016-06-30,140.75,141.2,137.55,138.07,1545800,psxdata,2026-05-11T12:52:40
OGDC,2016-07-04,138.75,140.4,138.27,139.94,1030800,psxdata,2026-05-11T12:52:40
OGDC,2016-07-11,137.8,142.95,136.8,141.06,3596600,psxdata,2026-05-11T12:52:40
OGDC,2016-07-12,141.3,145.46,141.0,144.87,6094200,psxdata,2026-05-11T12:52:40
OGDC,2016-07-13,145.0,146.99,144.51,145.47,3644500,psxdata,2026-05-11T12:52:40
OGDC,2016-07-14,145.5,145.75,144.0,145.42,757900,psxdata,2026-05-11T12:52:40
OGDC,2016-07-15,145.16,146.64,145.16,145.52,1084500,psxdata,2026-05-11T12:52:40
OGDC,2016-07-18,145.52,146.0,144.6,144.96,469000,psxdata,2026-05-11T12:52:40
OGDC,2016-07-19,144.3,147.2,143.9,146.0,2453500,psxdata,2026-05-11T12:52:40
OGDC,2016-07-20,146.0,147.0,144.07,145.12,2857300,psxdata,2026-05-11T12:52:40
OGDC,2016-07-21,145.8,146.4,144.7,145.01,1438100,psxdata,2026-05-11T12:52:40
OGDC,2016-07-22,144.99,145.39,143.0,143.1,1595900,psxdata,2026-05-11T12:52:40
OGDC,2016-07-25,142.5,142.5,140.05,140.47,1750500,psxdata,2026-05-11T12:52:40
OGDC,2016-07-26,139.97,140.4,138.7,139.16,1593600,psxdata,2026-05-11T12:52:40
OGDC,2016-07-27,139.2,140.5,138.7,139.69,803500,psxdata,2026-05-11T12:52:40
OGDC,2016-07-28,139.4,140.0,137.83,138.2,1424900,psxdata,2026-05-11T12:52:40
OGDC,2016-07-29,137.02,137.02,135.75,136.52,1865200,psxdata,2026-05-11T12:52:40
OGDC,2016-08-01,137.0,138.6,136.51,136.75,1092900,psxdata,2026-05-11T12:52:40
OGDC,2016-08-02,136.0,137.69,134.52,136.63,2109100,psxdata,2026-05-11T12:52:40
OGDC,2016-08-03,136.0,136.0,134.0,134.25,2241900,psxdata,2026-05-11T12:52:40
OGDC,2016-08-04,136.26,136.89,134.35,134.89,1439500,psxdata,2026-05-11T12:52:40
OGDC,2016-08-05,135.75,135.8,135.02,135.44,662800,psxdata,2026-05-11T12:52:40
OGDC,2016-08-08,135.49,137.0,135.49,136.65,631400,psxdata,2026-05-11T12:52:40
OGDC,2016-08-09,137.4,139.0,137.35,138.49,2528200,psxdata,2026-05-11T12:52:40
OGDC,2016-08-10,138.3,139.63,138.3,138.97,871300,psxdata,2026-05-11T12:52:40
OGDC,2016-08-11,138.5,139.5,137.5,137.95,2522000,psxdata,2026-05-11T12:52:40
OGDC,2016-08-12,140.0,141.51,139.02,139.49,2129800,psxdata,2026-05-11T12:52:40
OGDC,2016-08-15,141.9,142.0,140.9,141.36,1196300,psxdata,2026-05-11T12:52:40
OGDC,2016-08-16,142.89,143.0,141.25,141.92,2389700,psxdata,2026-05-11T12:52:40
OGDC,2016-08-17,142.2,142.49,140.9,141.37,1507000,psxdata,2026-05-11T12:52:40
OGDC,2016-08-18,141.84,143.0,141.4,142.02,1686900,psxdata,2026-05-11T12:52:40
OGDC,2016-08-19,142.85,143.1,141.5,141.88,947000,psxdata,2026-05-11T12:52:40
OGDC,2016-08-22,141.6,141.61,140.01,140.7,337600,psxdata,2026-05-11T12:52:40
OGDC,2016-08-23,139.75,141.5,139.62,140.16,749800,psxdata,2026-05-11T12:52:40
OGDC,2016-08-24,140.4,142.86,140.25,141.82,881000,psxdata,2026-05-11T12:52:40
OGDC,2016-08-25,142.0,142.65,141.51,142.37,659600,psxdata,2026-05-11T12:52:40
OGDC,2016-08-26,142.87,142.87,141.75,142.18,1606700,psxdata,2026-05-11T12:52:40
OGDC,2016-08-29,141.85,142.38,141.4,141.59,985500,psxdata,2026-05-11T12:52:40
OGDC,2016-08-30,141.5,141.9,140.75,141.74,1022600,psxdata,2026-05-11T12:52:40
OGDC,2016-08-31,141.9,141.9,139.9,140.16,994900,psxdata,2026-05-11T12:52:40
OGDC,2016-09-01,139.52,140.5,139.1,139.98,264700,psxdata,2026-05-11T12:52:40
OGDC,2016-09-02,139.15,139.94,137.11,137.49,935000,psxdata,2026-05-11T12:52:40
OGDC,2016-09-05,138.0,141.7,137.38,139.79,1111200,psxdata,2026-05-11T12:52:40
OGDC,2016-09-06,139.55,140.7,139.01,140.02,337300,psxdata,2026-05-11T12:52:40
OGDC,2016-09-07,140.11,142.5,140.1,141.81,982700,psxdata,2026-05-11T12:52:40
OGDC,2016-09-08,142.5,143.0,141.7,142.5,636800,psxdata,2026-05-11T12:52:40
OGDC,2016-09-09,142.98,143.99,142.5,143.37,812400,psxdata,2026-05-11T12:52:40
OGDC,2016-09-15,142.0,142.0,139.8,140.01,1063500,psxdata,2026-05-11T12:52:40
OGDC,2016-09-16,140.1,140.5,138.5,138.88,1967800,psxdata,2026-05-11T12:52:40
OGDC,2016-09-19,139.7,140.0,138.21,138.45,585000,psxdata,2026-05-11T12:52:40
OGDC,2016-09-20,139.0,139.0,137.75,138.36,459600,psxdata,2026-05-11T12:52:40
OGDC,2016-09-21,138.99,138.99,137.3,137.54,984300,psxdata,2026-05-11T12:52:40
OGDC,2016-09-22,138.6,140.7,138.6,139.85,1823500,psxdata,2026-05-11T12:52:40
OGDC,2016-09-23,139.26,140.5,138.75,139.42,736300,psxdata,2026-05-11T12:52:40
OGDC,2016-09-26,140.0,140.08,139.07,139.44,333000,psxdata,2026-05-11T12:52:40
OGDC,2016-09-27,139.99,140.0,139.01,139.41,502600,psxdata,2026-05-11T12:52:40
OGDC,2016-09-28,139.02,139.75,138.02,138.71,311000,psxdata,2026-05-11T12:52:40
OGDC,2016-09-29,144.29,145.2,141.0,141.54,4595400,psxdata,2026-05-11T12:52:40
OGDC,2016-09-30,142.45,142.49,140.95,141.23,1935800,psxdata,2026-05-11T12:52:40
OGDC,2016-10-03,141.75,142.85,141.5,141.89,1570000,psxdata,2026-05-11T12:52:40
OGDC,2016-10-04,143.5,143.5,141.66,141.93,2367800,psxdata,2026-05-11T12:52:40
OGDC,2016-10-05,142.75,143.9,141.6,142.04,3319700,psxdata,2026-05-11T12:52:40
OGDC,2016-10-06,141.62,142.8,141.6,141.9,1229100,psxdata,2026-05-11T12:52:40
OGDC,2016-10-07,142.8,143.75,142.0,142.62,2712200,psxdata,2026-05-11T12:52:40
OGDC,2016-10-10,142.5,142.8,141.75,142.6,678100,psxdata,2026-05-11T12:52:40
OGDC,2016-10-13,143.1,144.25,142.5,142.88,3644400,psxdata,2026-05-11T12:52:40
OGDC,2016-10-14,143.69,146.0,142.75,145.14,4044100,psxdata,2026-05-11T12:52:40
OGDC,2016-10-17,145.0,145.0,142.8,142.99,2338500,psxdata,2026-05-11T12:52:40
OGDC,2016-10-18,142.5,142.51,141.0,141.96,1598100,psxdata,2026-05-11T12:52:40
OGDC,2016-10-19,142.06,143.33,141.0,143.0,1241400,psxdata,2026-05-11T12:52:40
OGDC,2016-10-20,144.0,147.0,143.98,146.23,3968100,psxdata,2026-05-11T12:52:40
OGDC,2016-10-21,146.0,147.99,145.0,146.25,1833500,psxdata,2026-05-11T12:52:40
OGDC,2016-10-24,145.0,145.99,145.0,145.05,1624700,psxdata,2026-05-11T12:52:40
OGDC,2016-10-25,144.7,145.3,143.5,145.1,862400,psxdata,2026-05-11T12:52:40
OGDC,2016-10-26,145.19,145.19,142.02,142.48,1831900,psxdata,2026-05-11T12:52:40
OGDC,2016-10-27,142.5,142.89,139.72,140.66,997900,psxdata,2026-05-11T12:52:40
OGDC,2016-10-28,139.0,141.48,139.0,140.28,1387800,psxdata,2026-05-11T12:52:40
OGDC,2016-10-31,140.0,141.01,139.3,140.62,1119100,psxdata,2026-05-11T12:52:40
OGDC,2016-11-01,140.15,144.35,139.51,143.12,1713600,psxdata,2026-05-11T12:52:40
OGDC,2016-11-02,144.0,144.0,141.14,142.84,1254400,psxdata,2026-05-11T12:52:40
OGDC,2016-11-03,142.9,143.48,141.52,142.87,769700,psxdata,2026-05-11T12:52:40
OGDC,2016-11-04,142.81,143.0,142.0,142.62,2499200,psxdata,2026-05-11T12:52:40
OGDC,2016-11-07,142.2,143.5,141.8,142.93,1597400,psxdata,2026-05-11T12:52:40
OGDC,2016-11-08,142.1,143.67,140.75,142.06,1314300,psxdata,2026-05-11T12:52:40
OGDC,2016-11-09,140.12,140.5,138.02,140.05,1876600,psxdata,2026-05-11T12:52:40
OGDC,2016-11-10,140.3,142.05,140.2,140.82,724500,psxdata,2026-05-11T12:52:40
OGDC,2016-11-11,140.95,141.35,139.8,140.52,482600,psxdata,2026-05-11T12:52:40
OGDC,2016-11-14,139.85,140.5,139.0,139.99,513200,psxdata,2026-05-11T12:52:40
OGDC,2016-11-15,139.98,140.99,139.5,140.05,737500,psxdata,2026-05-11T12:52:40
OGDC,2016-11-16,141.0,142.0,140.1,140.64,1173900,psxdata,2026-05-11T12:52:40
OGDC,2016-11-17,140.94,141.0,140.22,140.74,594300,psxdata,2026-05-11T12:52:40
OGDC,2016-11-18,140.5,140.65,139.05,139.96,555700,psxdata,2026-05-11T12:52:40
OGDC,2016-11-21,141.0,141.5,140.7,141.34,474800,psxdata,2026-05-11T12:52:40
OGDC,2016-11-22,142.7,144.02,142.7,143.79,1131300,psxdata,2026-05-11T12:52:40
OGDC,2016-11-23,143.75,145.5,142.9,145.0,3163900,psxdata,2026-05-11T12:52:40
OGDC,2016-11-24,145.5,146.95,145.1,145.75,1491300,psxdata,2026-05-11T12:52:40
OGDC,2016-11-25,145.75,146.5,144.01,145.53,578100,psxdata,2026-05-11T12:52:40
OGDC,2016-11-28,144.15,145.9,143.1,143.84,486900,psxdata,2026-05-11T12:52:40
OGDC,2016-11-29,143.85,144.5,141.85,142.02,884400,psxdata,2026-05-11T12:52:40
OGDC,2016-11-30,141.56,142.42,139.9,141.04,3333200,psxdata,2026-05-11T12:52:40
OGDC,2016-12-01,147.0,148.0,141.04,146.77,6981000,psxdata,2026-05-11T12:52:40
OGDC,2016-12-02,148.0,148.0,146.5,147.09,2626800,psxdata,2026-05-11T12:52:40
OGDC,2016-12-05,146.1,154.44,146.01,154.34,6616300,psxdata,2026-05-11T12:52:40
OGDC,2016-12-06,153.9,157.39,152.6,156.29,9158600,psxdata,2026-05-11T12:52:40
OGDC,2016-12-07,155.01,155.9,152.95,153.74,4076700,psxdata,2026-05-11T12:52:40
OGDC,2016-12-08,152.5,153.89,151.0,153.05,2345300,psxdata,2026-05-11T12:52:40
OGDC,2016-12-09,154.4,157.2,153.98,156.38,6757100,psxdata,2026-05-11T12:52:40
OGDC,2016-12-13,161.49,164.19,160.5,162.85,15501900,psxdata,2026-05-11T12:52:40
OGDC,2016-12-14,161.99,165.3,161.0,164.42,10179800,psxdata,2026-05-11T12:52:40
OGDC,2016-12-15,162.1,168.49,162.01,166.05,6859300,psxdata,2026-05-11T12:52:40
OGDC,2016-12-16,167.0,167.49,165.6,166.53,5805900,psxdata,2026-05-11T12:52:40
OGDC,2016-12-19,170.0,171.05,165.06,165.78,7794100,psxdata,2026-05-11T12:52:40
OGDC,2016-12-20,166.0,166.0,162.99,163.77,4287300,psxdata,2026-05-11T12:52:40
OGDC,2016-12-21,164.65,165.01,161.98,164.28,4055200,psxdata,2026-05-11T12:52:40
OGDC,2016-12-22,163.3,164.0,161.54,161.88,1044500,psxdata,2026-05-11T12:52:40
OGDC,2016-12-23,162.0,162.95,161.0,162.32,1316800,psxdata,2026-05-11T12:52:40
OGDC,2016-12-26,162.98,163.85,162.8,163.48,2542300,psxdata,2026-05-11T12:52:40
OGDC,2016-12-27,162.7,164.49,162.7,164.02,1316800,psxdata,2026-05-11T12:52:40
OGDC,2016-12-28,164.4,165.95,164.4,165.08,2877000,psxdata,2026-05-11T12:52:40
OGDC,2016-12-29,165.5,166.25,164.0,164.88,2035900,psxdata,2026-05-11T12:52:40
OGDC,2016-12-30,164.55,167.01,164.55,165.35,3257600,psxdata,2026-05-11T12:52:40
OGDC,2017-01-02,165.23,167.74,165.23,166.15,2102200,psxdata,2026-05-11T12:52:40
OGDC,2017-01-03,166.4,172.0,165.55,170.74,8871600,psxdata,2026-05-11T12:52:40
OGDC,2017-01-04,169.4,171.7,168.3,168.96,4088800,psxdata,2026-05-11T12:52:40
OGDC,2017-01-05,169.4,170.4,168.11,169.27,3285200,psxdata,2026-05-11T12:52:40
OGDC,2017-01-06,169.95,171.0,169.3,170.19,2445500,psxdata,2026-05-11T12:52:40
OGDC,2017-01-09,170.35,171.25,167.8,168.16,3842300,psxdata,2026-05-11T12:52:40
OGDC,2017-01-10,167.22,168.29,166.2,167.94,1929500,psxdata,2026-05-11T12:52:40
OGDC,2017-01-11,167.0,168.9,166.76,167.9,820000,psxdata,2026-05-11T12:52:40
OGDC,2017-01-12,169.0,169.4,167.89,168.68,1957200,psxdata,2026-05-11T12:52:40
OGDC,2017-01-13,169.8,170.0,167.99,168.32,835300,psxdata,2026-05-11T12:52:40
OGDC,2017-01-16,169.0,169.0,166.99,167.6,1506000,psxdata,2026-05-11T12:52:40
OGDC,2017-01-17,167.51,167.51,161.15,165.85,2767700,psxdata,2026-05-11T12:52:40
OGDC,2017-01-18,163.02,163.02,157.56,157.81,12504300,psxdata,2026-05-11T12:52:40
OGDC,2017-01-19,157.7,157.7,152.0,153.44,6273900,psxdata,2026-05-11T12:52:40
OGDC,2017-01-20,153.99,156.0,153.99,155.3,1948500,psxdata,2026-05-11T12:52:40
OGDC,2017-01-23,155.85,157.17,155.5,156.98,2085200,psxdata,2026-05-11T12:52:40
OGDC,2017-01-24,157.9,157.9,155.7,157.24,2760200,psxdata,2026-05-11T12:52:40
OGDC,2017-01-25,157.8,158.5,157.0,157.47,2212100,psxdata,2026-05-11T12:52:40
OGDC,2017-01-26,157.97,158.2,157.06,157.89,1099500,psxdata,2026-05-11T12:52:40
OGDC,2017-01-27,157.9,158.3,154.9,155.26,2484000,psxdata,2026-05-11T12:52:40
OGDC,2017-01-30,158.5,161.3,157.1,157.66,4928800,psxdata,2026-05-11T12:52:40
OGDC,2017-01-31,157.4,161.89,156.75,160.62,4131600,psxdata,2026-05-11T12:52:40
OGDC,2017-02-01,160.75,160.75,157.51,158.92,1946600,psxdata,2026-05-11T12:52:40
OGDC,2017-02-02,160.5,161.5,159.0,160.68,1730900,psxdata,2026-05-11T12:52:40
OGDC,2017-02-03,160.5,160.8,158.7,159.34,1756400,psxdata,2026-05-11T12:52:40
OGDC,2017-02-06,160.05,160.84,159.0,159.46,794400,psxdata,2026-05-11T12:52:40
OGDC,2017-02-07,159.0,159.11,157.5,158.19,1249200,psxdata,2026-05-11T12:52:40
OGDC,2017-02-08,157.3,158.19,156.7,157.51,1163600,psxdata,2026-05-11T12:52:40
OGDC,2017-02-09,157.9,157.9,156.0,156.53,797200,psxdata,2026-05-11T12:52:40
OGDC,2017-02-10,156.97,157.5,156.0,156.76,654700,psxdata,2026-05-11T12:52:40
OGDC,2017-02-13,157.0,160.0,156.51,158.56,867800,psxdata,2026-05-11T12:52:40
OGDC,2017-02-14,158.5,158.6,156.75,157.45,487200,psxdata,2026-05-11T12:52:40
OGDC,2017-02-15,157.89,158.0,155.5,156.03,570600,psxdata,2026-05-11T12:52:40
OGDC,2017-02-16,156.97,158.97,156.3,158.51,727300,psxdata,2026-05-11T12:52:40
OGDC,2017-02-17,157.1,159.25,156.02,156.55,581500,psxdata,2026-05-11T12:52:40
OGDC,2017-02-20,156.7,157.89,156.0,156.3,509600,psxdata,2026-05-11T12:52:40
OGDC,2017-02-21,156.1,159.2,155.5,158.49,743900,psxdata,2026-05-11T12:52:40
OGDC,2017-02-22,159.0,159.75,157.75,158.38,1330200,psxdata,2026-05-11T12:52:40
OGDC,2017-02-23,158.89,159.6,156.01,158.92,530500,psxdata,2026-05-11T12:52:40
OGDC,2017-02-24,158.99,159.49,156.8,157.53,1468000,psxdata,2026-05-11T12:52:40
OGDC,2017-02-27,157.88,158.5,156.6,157.5,467000,psxdata,2026-05-11T12:52:40
OGDC,2017-02-28,157.55,159.1,157.0,157.47,692800,psxdata,2026-05-11T12:52:40
OGDC,2017-03-01,157.98,158.85,157.0,157.91,638500,psxdata,2026-05-11T12:52:40
OGDC,2017-03-02,158.83,159.8,158.02,159.44,355400,psxdata,2026-05-11T12:52:40
OGDC,2017-03-03,158.51,159.25,158.0,158.76,3344000,psxdata,2026-05-11T12:52:40
OGDC,2017-03-06,158.75,160.2,158.52,159.13,1191500,psxdata,2026-05-11T12:52:40
OGDC,2017-03-07,159.5,160.15,158.0,158.76,805700,psxdata,2026-05-11T12:52:40
OGDC,2017-03-08,158.3,159.49,157.82,158.95,660000,psxdata,2026-05-11T12:52:40
OGDC,2017-03-09,157.99,157.99,154.1,155.26,1127600,psxdata,2026-05-11T12:52:40
OGDC,2017-03-10,155.0,155.0,151.41,151.91,1129200,psxdata,2026-05-11T12:52:40
OGDC,2017-03-13,150.0,150.0,146.7,147.98,1732300,psxdata,2026-05-11T12:52:40
OGDC,2017-03-14,148.0,149.0,146.5,148.39,1195100,psxdata,2026-05-11T12:52:40
OGDC,2017-03-15,148.5,149.5,147.5,148.77,638500,psxdata,2026-05-11T12:52:40
OGDC,2017-03-16,148.7,150.48,147.7,149.75,793400,psxdata,2026-05-11T12:52:40
OGDC,2017-03-17,149.95,151.5,142.51,144.64,4438900,psxdata,2026-05-11T12:52:40
OGDC,2017-03-20,144.64,146.0,143.5,145.29,862000,psxdata,2026-05-11T12:52:40
OGDC,2017-03-21,145.89,146.2,145.25,146.01,545900,psxdata,2026-05-11T12:52:40
OGDC,2017-03-22,145.01,147.7,145.0,146.8,819100,psxdata,2026-05-11T12:52:40
OGDC,2017-03-24,147.0,147.75,146.27,147.15,249500,psxdata,2026-05-11T12:52:40
OGDC,2017-03-27,147.96,147.96,145.75,147.44,539700,psxdata,2026-05-11T12:52:40
OGDC,2017-03-28,146.5,147.0,145.4,146.19,632100,psxdata,2026-05-11T12:52:40
OGDC,2017-03-29,146.5,147.0,146.0,146.51,272900,psxdata,2026-05-11T12:52:40
OGDC,2017-03-30,147.0,148.1,146.0,147.98,1125100,psxdata,2026-05-11T12:52:40
OGDC,2017-03-31,148.2,149.0,147.1,148.31,490900,psxdata,2026-05-11T12:52:40
OGDC,2017-04-03,148.31,150.0,147.5,149.92,893400,psxdata,2026-05-11T12:52:40
OGDC,2017-04-04,150.49,150.84,149.6,150.06,211300,psxdata,2026-05-11T12:52:40
OGDC,2017-04-05,151.0,151.0,149.9,150.5,788000,psxdata,2026-05-11T12:52:40
OGDC,2017-04-06,149.91,151.0,148.26,150.95,279600,psxdata,2026-05-11T12:52:40
OGDC,2017-04-07,152.05,152.9,151.5,152.23,379400,psxdata,2026-05-11T12:52:40
OGDC,2017-04-10,151.25,155.0,151.25,154.58,565900,psxdata,2026-05-11T12:52:40
OGDC,2017-04-11,153.81,155.99,153.15,155.54,663200,psxdata,2026-05-11T12:52:40
OGDC,2017-04-12,156.0,157.6,156.0,156.83,862900,psxdata,2026-05-11T12:52:40
OGDC,2017-04-13,156.56,156.6,153.01,153.35,600700,psxdata,2026-05-11T12:52:40
OGDC,2017-04-14,153.1,153.96,149.0,149.64,1406300,psxdata,2026-05-11T12:52:40
OGDC,2017-04-17,149.51,150.45,147.55,148.6,1699500,psxdata,2026-05-11T12:52:40
OGDC,2017-04-18,148.49,150.7,147.15,149.62,534200,psxdata,2026-05-11T12:52:40
OGDC,2017-04-19,147.02,156.0,147.0,154.69,1160200,psxdata,2026-05-11T12:52:40
OGDC,2017-04-20,153.01,161.0,151.5,155.86,1851700,psxdata,2026-05-11T12:52:40
OGDC,2017-04-21,156.5,157.85,155.1,156.82,2140900,psxdata,2026-05-11T12:52:40
OGDC,2017-04-24,156.4,162.7,155.11,160.69,1588800,psxdata,2026-05-11T12:52:40
OGDC,2017-04-25,161.99,161.99,157.48,159.3,981600,psxdata,2026-05-11T12:52:40
OGDC,2017-04-26,159.0,160.25,158.0,159.4,706200,psxdata,2026-05-11T12:52:40
OGDC,2017-04-27,158.5,160.24,157.5,158.32,604400,psxdata,2026-05-11T12:52:40
OGDC,2017-04-28,157.25,158.0,152.98,154.38,1928200,psxdata,2026-05-11T12:52:40
OGDC,2017-05-02,155.01,155.01,150.85,152.75,820500,psxdata,2026-05-11T12:52:40
OGDC,2017-05-03,152.02,154.4,151.74,153.93,1274400,psxdata,2026-05-11T12:52:40
OGDC,2017-05-04,153.5,156.6,153.1,154.46,1923600,psxdata,2026-05-11T12:52:40
OGDC,2017-05-05,152.01,156.23,151.02,154.96,2265500,psxdata,2026-05-11T12:52:40
OGDC,2017-05-08,155.5,162.4,155.5,161.54,7176800,psxdata,2026-05-11T12:52:40
OGDC,2017-05-09,162.0,162.5,159.5,160.42,3579100,psxdata,2026-05-11T12:52:40
OGDC,2017-05-10,159.75,160.99,158.01,159.55,865100,psxdata,2026-05-11T12:52:40
OGDC,2017-05-11,161.1,164.0,160.4,163.38,3567100,psxdata,2026-05-11T12:52:40
OGDC,2017-05-12,164.0,166.2,162.12,165.7,3774100,psxdata,2026-05-11T12:52:40
OGDC,2017-05-15,166.92,173.98,166.92,173.7,6631300,psxdata,2026-05-11T12:52:40
OGDC,2017-05-16,175.0,176.0,168.6,170.28,7614900,psxdata,2026-05-11T12:52:40
OGDC,2017-05-17,169.8,173.0,168.75,170.25,4685800,psxdata,2026-05-11T12:52:40
OGDC,2017-05-18,170.45,171.0,168.02,168.82,2017500,psxdata,2026-05-11T12:52:40
OGDC,2017-05-19,169.69,170.0,167.26,168.04,2117900,psxdata,2026-05-11T12:52:40
OGDC,2017-05-22,169.7,174.1,169.7,173.55,4594200,psxdata,2026-05-11T12:52:40
OGDC,2017-05-23,173.0,182.22,173.0,182.22,8836100,psxdata,2026-05-11T12:52:40
OGDC,2017-05-24,185.25,191.33,184.98,188.71,8333500,psxdata,2026-05-11T12:52:40
OGDC,2017-05-25,189.0,189.49,180.0,186.53,4807200,psxdata,2026-05-11T12:52:40
OGDC,2017-05-26,183.0,185.0,181.0,183.77,6824300,psxdata,2026-05-11T12:52:40
OGDC,2017-05-29,183.5,187.0,182.61,185.17,4263200,psxdata,2026-05-11T12:52:40
OGDC,2017-05-30,185.8,190.0,183.0,184.88,6124000,psxdata,2026-05-11T12:52:40
OGDC,2017-05-31,186.0,186.0,175.64,176.83,26982800,psxdata,2026-05-11T12:52:40
OGDC,2017-06-01,174.5,174.5,167.99,168.54,10483800,psxdata,2026-05-11T12:52:40
OGDC,2017-06-02,166.1,166.1,160.13,162.9,5477500,psxdata,2026-05-11T12:52:40
OGDC,2017-06-05,163.2,164.98,160.55,163.39,5523200,psxdata,2026-05-11T12:52:40
OGDC,2017-06-06,164.0,164.0,160.2,161.05,1789400,psxdata,2026-05-11T12:52:40
OGDC,2017-06-07,161.5,163.78,161.3,163.3,1842500,psxdata,2026-05-11T12:52:40
OGDC,2017-06-08,161.51,162.7,159.51,161.62,2395500,psxdata,2026-05-11T12:52:40
OGDC,2017-06-09,161.0,162.0,159.0,159.95,1078200,psxdata,2026-05-11T12:52:40
OGDC,2017-06-12,158.71,158.71,151.96,151.96,1366400,psxdata,2026-05-11T12:52:40
OGDC,2017-06-13,151.0,155.0,146.01,151.85,2695400,psxdata,2026-05-11T12:52:40
OGDC,2017-06-14,152.0,152.51,147.01,148.27,826300,psxdata,2026-05-11T12:52:40
OGDC,2017-06-15,146.0,149.7,145.25,145.96,939200,psxdata,2026-05-11T12:52:40
OGDC,2017-06-16,145.99,145.99,139.49,140.78,5575900,psxdata,2026-05-11T12:52:40
OGDC,2017-06-19,141.8,143.98,140.0,143.08,2329100,psxdata,2026-05-11T12:52:40
OGDC,2017-06-20,144.0,144.5,135.93,136.29,3203200,psxdata,2026-05-11T12:52:40
OGDC,2017-06-21,133.88,139.01,130.31,137.54,2784700,psxdata,2026-05-11T12:52:40
OGDC,2017-06-22,137.9,141.0,136.01,139.81,2026000,psxdata,2026-05-11T12:52:40
OGDC,2017-06-29,140.0,146.5,139.25,145.14,3330700,psxdata,2026-05-11T12:52:40
OGDC,2017-06-30,145.9,145.98,140.15,140.69,2717700,psxdata,2026-05-11T12:52:40
OGDC,2017-07-03,141.0,141.51,133.66,133.69,2464400,psxdata,2026-05-11T12:52:40
OGDC,2017-07-04,135.0,139.85,134.01,138.13,3148800,psxdata,2026-05-11T12:52:40
OGDC,2017-07-05,138.1,143.95,137.6,141.47,5104300,psxdata,2026-05-11T12:52:40
OGDC,2017-07-06,141.99,142.48,139.05,140.25,1053600,psxdata,2026-05-11T12:52:40
OGDC,2017-07-07,140.5,143.35,137.0,142.49,2211600,psxdata,2026-05-11T12:52:40
OGDC,2017-07-10,141.0,145.8,140.1,143.97,2657800,psxdata,2026-05-11T12:52:40
OGDC,2017-07-11,140.0,140.0,136.78,136.82,2202000,psxdata,2026-05-11T12:52:40
OGDC,2017-07-12,136.11,143.3,136.11,142.26,3386100,psxdata,2026-05-11T12:52:40
OGDC,2017-07-13,142.01,145.0,138.75,140.92,1072500,psxdata,2026-05-11T12:52:40
OGDC,2017-07-14,141.0,142.5,140.0,141.91,486600,psxdata,2026-05-11T12:52:40
OGDC,2017-07-17,141.01,144.9,140.0,143.9,641900,psxdata,2026-05-11T12:52:40
OGDC,2017-07-18,143.0,149.39,143.0,148.81,1077100,psxdata,2026-05-11T12:52:40
OGDC,2017-07-19,148.15,148.95,146.02,146.91,1083700,psxdata,2026-05-11T12:52:40
OGDC,2017-07-20,148.55,150.21,147.16,149.19,1244800,psxdata,2026-05-11T12:52:40
OGDC,2017-07-21,149.1,150.6,146.55,149.64,949100,psxdata,2026-05-11T12:52:40
OGDC,2017-07-24,150.99,151.35,149.51,150.13,451800,psxdata,2026-05-11T12:52:40
OGDC,2017-07-25,150.99,152.0,150.15,151.62,497300,psxdata,2026-05-11T12:52:40
OGDC,2017-07-26,154.0,154.85,151.65,152.11,1252200,psxdata,2026-05-11T12:52:40
OGDC,2017-07-27,152.5,153.7,151.76,153.07,421800,psxdata,2026-05-11T12:52:40
OGDC,2017-07-28,150.9,155.0,145.6,153.5,4823700,psxdata,2026-05-11T12:52:40
OGDC,2017-07-31,154.9,159.9,154.9,156.41,4149500,psxdata,2026-05-11T12:52:40
OGDC,2017-08-01,157.0,160.5,157.0,159.51,3108300,psxdata,2026-05-11T12:52:40
OGDC,2017-08-02,158.5,159.25,157.0,158.6,1194800,psxdata,2026-05-11T12:52:40
OGDC,2017-08-03,160.0,160.0,158.01,159.62,798500,psxdata,2026-05-11T12:52:40
OGDC,2017-08-04,159.01,160.0,158.0,158.11,674800,psxdata,2026-05-11T12:52:40
OGDC,2017-08-07,157.03,158.75,155.26,156.37,287400,psxdata,2026-05-11T12:52:40
OGDC,2017-08-08,156.02,158.0,154.5,155.05,559700,psxdata,2026-05-11T12:52:40
OGDC,2017-08-09,156.24,156.24,150.75,153.44,2674300,psxdata,2026-05-11T12:52:40
OGDC,2017-08-10,153.25,154.09,152.05,152.81,403300,psxdata,2026-05-11T12:52:40
OGDC,2017-08-11,153.1,153.11,150.51,150.97,388800,psxdata,2026-05-11T12:52:40
OGDC,2017-08-15,150.01,151.0,143.75,145.01,806700,psxdata,2026-05-11T12:52:40
OGDC,2017-08-16,146.0,148.0,145.35,146.97,680700,psxdata,2026-05-11T12:52:40
OGDC,2017-08-17,147.95,147.95,141.07,142.31,1349100,psxdata,2026-05-11T12:52:40
OGDC,2017-08-18,142.5,148.0,141.5,146.34,2128800,psxdata,2026-05-11T12:52:40
OGDC,2017-08-21,146.33,146.97,141.05,145.81,985200,psxdata,2026-05-11T12:52:40
OGDC,2017-08-22,146.0,147.0,141.0,145.8,2339100,psxdata,2026-05-11T12:52:40
OGDC,2017-08-23,146.0,147.8,144.22,146.7,904800,psxdata,2026-05-11T12:52:40
OGDC,2017-08-24,146.6,147.0,145.02,146.22,642500,psxdata,2026-05-11T12:52:40
OGDC,2017-08-25,147.0,147.98,144.51,146.73,1437600,psxdata,2026-05-11T12:52:40
OGDC,2017-08-28,147.39,147.97,144.99,146.4,459600,psxdata,2026-05-11T12:52:40
OGDC,2017-08-29,145.0,146.8,143.5,144.13,273600,psxdata,2026-05-11T12:52:40
OGDC,2017-08-30,144.0,145.5,142.26,144.48,214400,psxdata,2026-05-11T12:52:40
OGDC,2017-08-31,143.12,145.39,140.0,141.1,2128500,psxdata,2026-05-11T12:52:40
OGDC,2017-09-05,141.0,148.15,141.0,147.68,2493500,psxdata,2026-05-11T12:52:40
OGDC,2017-09-06,148.5,148.98,145.0,145.65,680100,psxdata,2026-05-11T12:52:40
OGDC,2017-09-07,146.5,147.1,144.2,145.79,711700,psxdata,2026-05-11T12:52:40
OGDC,2017-09-08,146.5,149.0,146.5,147.91,717800,psxdata,2026-05-11T12:52:40
OGDC,2017-09-11,148.48,148.5,145.16,145.64,307300,psxdata,2026-05-11T12:52:40
OGDC,2017-09-12,146.98,147.03,144.5,146.85,1009800,psxdata,2026-05-11T12:52:40
OGDC,2017-09-13,147.47,154.19,147.11,153.95,3546700,psxdata,2026-05-11T12:52:40
OGDC,2017-09-14,155.55,156.0,152.5,154.01,1192400,psxdata,2026-05-11T12:52:40
OGDC,2017-09-15,155.89,155.89,149.1,152.32,1957900,psxdata,2026-05-11T12:52:40
OGDC,2017-09-18,152.33,153.25,149.75,151.58,403900,psxdata,2026-05-11T12:52:40
OGDC,2017-09-19,152.0,152.25,150.0,151.82,334400,psxdata,2026-05-11T12:52:40
OGDC,2017-09-20,151.8,152.0,150.8,151.06,1252900,psxdata,2026-05-11T12:52:40
OGDC,2017-09-21,151.4,153.5,149.5,150.09,983700,psxdata,2026-05-11T12:52:40
OGDC,2017-09-22,150.0,150.8,149.0,149.57,289700,psxdata,2026-05-11T12:52:40
OGDC,2017-09-25,149.99,150.95,149.45,150.48,650600,psxdata,2026-05-11T12:52:40
OGDC,2017-09-26,152.75,155.0,150.0,151.22,3466300,psxdata,2026-05-11T12:52:40
OGDC,2017-09-27,150.75,151.49,149.0,150.09,376100,psxdata,2026-05-11T12:52:40
OGDC,2017-09-28,150.25,151.88,149.7,150.33,1161100,psxdata,2026-05-11T12:52:40
OGDC,2017-09-29,150.0,150.5,148.25,148.64,713300,psxdata,2026-05-11T12:52:40
OGDC,2017-10-02,149.0,149.15,147.5,147.92,135200,psxdata,2026-05-11T12:52:40
OGDC,2017-10-03,147.99,147.99,142.1,144.71,1491800,psxdata,2026-05-11T12:52:40
OGDC,2017-10-04,144.7,144.7,138.5,141.76,1196600,psxdata,2026-05-11T12:52:40
OGDC,2017-10-05,143.5,143.51,142.0,142.75,971700,psxdata,2026-05-11T12:52:40
OGDC,2017-10-06,143.0,146.25,143.0,145.89,2532400,psxdata,2026-05-11T12:52:40
OGDC,2017-10-09,145.0,146.0,144.02,145.68,186100,psxdata,2026-05-11T12:52:40
OGDC,2017-10-10,145.5,145.5,142.0,143.76,654600,psxdata,2026-05-11T12:52:40
OGDC,2017-10-11,144.04,145.9,144.0,144.55,1028900,psxdata,2026-05-11T12:52:40
OGDC,2017-10-12,144.75,146.5,142.5,144.97,977200,psxdata,2026-05-11T12:52:40
OGDC,2017-10-13,144.5,145.5,142.75,145.03,674600,psxdata,2026-05-11T12:52:40
OGDC,2017-10-16,144.0,148.0,143.7,147.91,1158000,psxdata,2026-05-11T12:52:40
OGDC,2017-10-17,147.0,151.38,146.85,148.01,1881300,psxdata,2026-05-11T12:52:40
OGDC,2017-10-18,148.1,151.0,145.3,148.7,544700,psxdata,2026-05-11T12:52:40
OGDC,2017-10-19,149.0,151.0,147.11,150.5,690700,psxdata,2026-05-11T12:52:40
OGDC,2017-10-20,150.75,153.0,149.0,152.27,1538300,psxdata,2026-05-11T12:52:40
OGDC,2017-10-23,152.0,153.45,148.5,149.1,665800,psxdata,2026-05-11T12:52:40
OGDC,2017-10-24,149.0,149.99,147.51,149.28,608900,psxdata,2026-05-11T12:52:40
OGDC,2017-10-25,150.0,151.9,150.0,150.51,331500,psxdata,2026-05-11T12:52:40
OGDC,2017-10-26,151.0,151.73,148.5,149.11,774600,psxdata,2026-05-11T12:52:40
OGDC,2017-10-27,149.17,149.5,146.5,147.29,948900,psxdata,2026-05-11T12:52:40
OGDC,2017-10-30,148.01,151.0,145.01,145.73,1635000,psxdata,2026-05-11T12:52:40
OGDC,2017-10-31,145.5,147.45,143.0,143.64,2616400,psxdata,2026-05-11T12:52:40
OGDC,2017-11-01,144.5,149.0,144.5,148.83,1390200,psxdata,2026-05-11T12:52:40
OGDC,2017-11-02,148.99,156.27,147.75,155.61,4211000,psxdata,2026-05-11T12:52:40
OGDC,2017-11-03,156.0,159.49,155.6,158.26,2681200,psxdata,2026-05-11T12:52:40
OGDC,2017-11-06,159.25,164.0,159.01,161.92,3186800,psxdata,2026-05-11T12:52:40
OGDC,2017-11-07,164.31,166.68,161.75,162.49,2425900,psxdata,2026-05-11T12:52:40
OGDC,2017-11-08,162.4,162.4,158.55,159.14,1692500,psxdata,2026-05-11T12:52:40
OGDC,2017-11-09,159.4,163.5,159.4,161.08,2426500,psxdata,2026-05-11T12:52:40
OGDC,2017-11-10,161.5,161.5,159.25,159.51,706100,psxdata,2026-05-11T12:52:40
OGDC,2017-11-13,159.52,161.16,158.55,160.48,1619500,psxdata,2026-05-11T12:52:40
OGDC,2017-11-14,161.9,161.9,156.51,157.02,1182400,psxdata,2026-05-11T12:52:40
OGDC,2017-11-15,155.8,155.8,152.9,153.22,1492500,psxdata,2026-05-11T12:52:40
OGDC,2017-11-16,153.75,154.5,153.0,153.98,778200,psxdata,2026-05-11T12:52:40
OGDC,2017-11-17,153.75,155.9,152.1,155.56,1878400,psxdata,2026-05-11T12:52:40
OGDC,2017-11-20,156.0,157.85,153.75,154.24,1130800,psxdata,2026-05-11T12:52:40
OGDC,2017-11-21,154.0,157.0,154.0,156.84,1253200,psxdata,2026-05-11T12:52:40
OGDC,2017-11-22,158.5,159.5,157.19,157.74,1446100,psxdata,2026-05-11T12:52:40
OGDC,2017-11-23,158.0,160.32,156.16,157.33,1244400,psxdata,2026-05-11T12:52:40
OGDC,2017-11-24,158.01,158.7,157.08,157.87,1102700,psxdata,2026-05-11T12:52:40
OGDC,2017-11-27,158.0,158.0,155.5,155.89,633200,psxdata,2026-05-11T12:52:40
OGDC,2017-11-28,156.0,156.55,152.51,152.91,1280400,psxdata,2026-05-11T12:52:40
OGDC,2017-11-29,153.15,155.5,152.0,155.12,613100,psxdata,2026-05-11T12:52:40
OGDC,2017-11-30,154.99,158.9,153.0,155.49,3733000,psxdata,2026-05-11T12:52:40
OGDC,2017-12-04,155.5,159.25,155.0,158.62,1122300,psxdata,2026-05-11T12:52:40
OGDC,2017-12-05,159.2,159.2,156.05,156.19,461500,psxdata,2026-05-11T12:52:40
OGDC,2017-12-06,156.2,157.75,155.0,157.03,341700,psxdata,2026-05-11T12:52:40
OGDC,2017-12-07,156.51,156.51,153.0,153.54,323600,psxdata,2026-05-11T12:52:40
OGDC,2017-12-08,153.7,159.4,152.5,155.6,2198000,psxdata,2026-05-11T12:52:40
OGDC,2017-12-11,154.6,160.1,154.6,158.02,2410800,psxdata,2026-05-11T12:52:40
OGDC,2017-12-12,159.0,161.5,156.55,159.03,1699100,psxdata,2026-05-11T12:52:40
OGDC,2017-12-13,159.25,159.7,156.75,157.08,1478400,psxdata,2026-05-11T12:52:40
OGDC,2017-12-14,156.75,156.99,155.8,156.31,224000,psxdata,2026-05-11T12:52:40
OGDC,2017-12-15,156.5,161.0,155.5,156.7,2490100,psxdata,2026-05-11T12:52:40
OGDC,2017-12-18,157.0,157.5,155.75,156.06,193400,psxdata,2026-05-11T12:52:40
OGDC,2017-12-19,155.76,156.5,154.25,154.87,1099600,psxdata,2026-05-11T12:52:40
OGDC,2017-12-20,155.5,158.35,155.5,157.9,853800,psxdata,2026-05-11T12:52:40
OGDC,2017-12-21,158.5,159.97,158.0,158.88,612300,psxdata,2026-05-11T12:52:40
OGDC,2017-12-22,159.01,163.01,157.83,162.14,2896200,psxdata,2026-05-11T12:52:40
OGDC,2017-12-26,162.02,162.5,159.55,159.99,594400,psxdata,2026-05-11T12:52:40
OGDC,2017-12-27,162.01,164.5,161.7,163.84,2112800,psxdata,2026-05-11T12:52:40
OGDC,2017-12-28,164.5,164.9,162.01,162.83,754000,psxdata,2026-05-11T12:52:40
OGDC,2017-12-29,163.61,164.39,161.75,162.79,1210600,psxdata,2026-05-11T12:52:40
OGDC,2018-01-01,163.0,163.4,161.55,162.2,279900,psxdata,2026-05-11T12:52:40
OGDC,2018-01-02,162.1,168.25,162.01,165.82,2658800,psxdata,2026-05-11T12:52:40
OGDC,2018-01-03,166.9,168.75,165.51,168.23,2468000,psxdata,2026-05-11T12:52:40
OGDC,2018-01-04,170.02,171.49,169.5,170.16,3482000,psxdata,2026-05-11T12:52:40
OGDC,2018-01-05,170.0,170.67,168.5,170.05,1305600,psxdata,2026-05-11T12:52:40
OGDC,2018-01-08,170.5,173.0,169.0,171.7,2358800,psxdata,2026-05-11T12:52:40
OGDC,2018-01-09,171.89,171.89,169.0,169.92,1745200,psxdata,2026-05-11T12:52:40
OGDC,2018-01-10,171.2,172.5,170.15,171.27,2555700,psxdata,2026-05-11T12:52:40
OGDC,2018-01-11,171.3,171.5,168.8,169.67,1029800,psxdata,2026-05-11T12:52:40
OGDC,2018-01-12,169.5,170.9,166.6,167.27,1421000,psxdata,2026-05-11T12:52:40
OGDC,2018-01-15,167.3,169.5,167.2,167.9,1051700,psxdata,2026-05-11T12:52:40
OGDC,2018-01-16,168.4,172.35,168.4,171.62,1761200,psxdata,2026-05-11T12:52:40
OGDC,2018-01-17,171.9,172.74,169.51,171.81,921100,psxdata,2026-05-11T12:52:40
OGDC,2018-01-18,172.25,174.99,170.01,171.83,1672300,psxdata,2026-05-11T12:52:40
OGDC,2018-01-19,172.01,172.01,168.92,169.14,1237800,psxdata,2026-05-11T12:52:40
OGDC,2018-01-22,169.75,172.9,169.0,171.59,2435800,psxdata,2026-05-11T12:52:40
OGDC,2018-01-23,171.76,174.0,171.0,173.84,1775200,psxdata,2026-05-11T12:52:40
OGDC,2018-01-24,175.05,177.0,169.25,171.55,5267400,psxdata,2026-05-11T12:52:40
OGDC,2018-01-25,173.5,174.0,169.0,169.47,3041300,psxdata,2026-05-11T12:52:40
OGDC,2018-01-26,169.72,171.25,167.99,170.84,672000,psxdata,2026-05-11T12:52:40
OGDC,2018-01-29,170.51,170.99,167.5,168.13,753200,psxdata,2026-05-11T12:52:40
OGDC,2018-01-30,168.0,168.25,167.0,167.31,453300,psxdata,2026-05-11T12:52:40
OGDC,2018-01-31,166.5,167.4,164.05,164.59,3743300,psxdata,2026-05-11T12:52:40
OGDC,2018-02-01,164.21,166.0,164.21,165.52,992800,psxdata,2026-05-11T12:52:40
OGDC,2018-02-02,166.5,169.5,166.0,167.46,900800,psxdata,2026-05-11T12:52:40
OGDC,2018-02-06,165.6,166.95,162.52,166.06,1048500,psxdata,2026-05-11T12:52:40
OGDC,2018-02-07,167.0,169.75,165.51,168.87,2887200,psxdata,2026-05-11T12:52:40
OGDC,2018-02-08,168.0,168.0,165.76,166.51,788600,psxdata,2026-05-11T12:52:40
OGDC,2018-02-09,165.5,167.5,164.98,166.26,1593400,psxdata,2026-05-11T12:52:40
OGDC,2018-02-12,165.89,166.25,165.0,165.81,3654500,psxdata,2026-05-11T12:52:40
OGDC,2018-02-13,166.19,167.5,165.5,165.88,2458700,psxdata,2026-05-11T12:52:40
OGDC,2018-02-14,165.0,165.95,162.2,165.08,1837500,psxdata,2026-05-11T12:52:40
OGDC,2018-02-15,166.25,166.8,165.01,165.51,786400,psxdata,2026-05-11T12:52:40
OGDC,2018-02-16,166.8,168.0,165.03,167.55,951600,psxdata,2026-05-11T12:52:40
OGDC,2018-02-19,167.98,169.3,166.25,167.22,781600,psxdata,2026-05-11T12:52:40
OGDC,2018-02-20,166.9,167.0,163.8,166.9,4433900,psxdata,2026-05-11T12:52:40
OGDC,2018-02-21,166.85,167.69,163.31,163.75,2811600,psxdata,2026-05-11T12:52:40
OGDC,2018-02-22,162.76,166.1,161.25,165.39,1320500,psxdata,2026-05-11T12:52:40
OGDC,2018-02-23,166.01,166.98,163.25,164.34,858800,psxdata,2026-05-11T12:52:40
OGDC,2018-02-26,165.3,166.5,161.51,161.92,1387300,psxdata,2026-05-11T12:52:40
OGDC,2018-02-27,161.99,162.95,160.5,162.31,526000,psxdata,2026-05-11T12:52:40
OGDC,2018-02-28,162.1,163.97,161.01,163.22,731300,psxdata,2026-05-11T12:52:40
OGDC,2018-03-01,163.2,163.75,162.8,163.24,165900,psxdata,2026-05-11T12:52:40
OGDC,2018-03-02,163.06,165.35,161.75,164.97,1039900,psxdata,2026-05-11T12:52:40
OGDC,2018-03-05,165.1,166.49,164.98,165.14,275100,psxdata,2026-05-11T12:52:40
OGDC,2018-03-06,165.25,166.0,164.8,165.08,267900,psxdata,2026-05-11T12:52:40
OGDC,2018-03-07,165.0,165.98,164.8,165.06,214500,psxdata,2026-05-11T12:52:40
OGDC,2018-03-08,165.5,165.89,161.31,162.51,1242100,psxdata,2026-05-11T12:52:40
OGDC,2018-03-09,163.3,164.6,162.98,164.09,589400,psxdata,2026-05-11T12:52:40
OGDC,2018-03-12,161.01,164.99,161.01,164.45,710300,psxdata,2026-05-11T12:52:40
OGDC,2018-03-13,164.45,165.2,163.0,164.87,632500,psxdata,2026-05-11T12:52:40
OGDC,2018-03-14,164.5,164.5,162.0,163.42,568500,psxdata,2026-05-11T12:52:40
OGDC,2018-03-15,163.7,165.45,163.0,164.42,852400,psxdata,2026-05-11T12:52:40
OGDC,2018-03-16,164.14,166.28,164.1,165.59,858200,psxdata,2026-05-11T12:52:40
OGDC,2018-03-19,165.25,170.0,164.75,169.41,1213500,psxdata,2026-05-11T12:52:40
OGDC,2018-03-20,170.0,172.0,169.5,170.89,2067000,psxdata,2026-05-11T12:52:40
OGDC,2018-03-21,171.35,173.6,171.35,171.99,881100,psxdata,2026-05-11T12:52:40
OGDC,2018-03-22,172.52,173.75,171.55,172.28,722700,psxdata,2026-05-11T12:52:40
OGDC,2018-03-26,172.4,174.5,172.25,173.14,734900,psxdata,2026-05-11T12:52:40
OGDC,2018-03-27,173.25,174.0,171.26,171.98,322800,psxdata,2026-05-11T12:52:40
OGDC,2018-03-28,171.61,172.0,170.75,171.87,544600,psxdata,2026-05-11T12:52:40
OGDC,2018-03-29,171.95,174.5,171.5,174.25,1298600,psxdata,2026-05-11T12:52:40
OGDC,2018-03-30,174.0,174.5,173.05,174.08,345700,psxdata,2026-05-11T12:52:40
OGDC,2018-04-02,175.0,176.99,174.5,176.55,528000,psxdata,2026-05-11T12:52:40
OGDC,2018-04-03,176.0,176.6,174.01,176.46,979300,psxdata,2026-05-11T12:52:40
OGDC,2018-04-04,176.5,176.75,174.01,174.96,1357200,psxdata,2026-05-11T12:52:40
OGDC,2018-04-05,174.95,175.8,173.75,175.16,501900,psxdata,2026-05-11T12:52:40
OGDC,2018-04-06,175.18,176.5,175.18,175.66,1008500,psxdata,2026-05-11T12:52:40
OGDC,2018-04-09,175.25,176.0,174.25,175.57,80500,psxdata,2026-05-11T12:52:40
OGDC,2018-04-10,175.7,176.5,174.9,175.4,344600,psxdata,2026-05-11T12:52:40
OGDC,2018-04-11,177.65,178.44,175.0,176.19,879300,psxdata,2026-05-11T12:52:40
OGDC,2018-04-12,176.9,177.85,175.65,177.31,443300,psxdata,2026-05-11T12:52:40
OGDC,2018-04-13,177.0,177.49,174.75,175.73,683900,psxdata,2026-05-11T12:52:40
OGDC,2018-04-16,175.0,175.0,167.16,167.38,3087200,psxdata,2026-05-11T12:52:40
OGDC,2018-04-17,167.44,167.44,164.9,165.08,2043800,psxdata,2026-05-11T12:52:40
OGDC,2018-04-18,165.1,165.5,163.75,164.21,3327200,psxdata,2026-05-11T12:52:40
OGDC,2018-04-19,165.0,166.25,164.25,165.18,3073500,psxdata,2026-05-11T12:52:40
OGDC,2018-04-20,165.05,165.4,164.0,164.18,1672800,psxdata,2026-05-11T12:52:40
OGDC,2018-04-23,164.5,165.4,164.0,164.64,575700,psxdata,2026-05-11T12:52:40
OGDC,2018-04-24,165.8,167.8,164.41,167.53,2416000,psxdata,2026-05-11T12:52:40
OGDC,2018-04-25,167.5,167.5,166.15,166.58,256100,psxdata,2026-05-11T12:52:40
OGDC,2018-04-26,166.58,168.0,166.5,166.96,950700,psxdata,2026-05-11T12:52:40
OGDC,2018-04-27,167.97,168.95,166.52,168.27,756700,psxdata,2026-05-11T12:52:40
OGDC,2018-04-30,168.75,168.75,166.0,166.73,660800,psxdata,2026-05-11T12:52:40
OGDC,2018-05-02,166.5,166.5,164.9,165.12,452500,psxdata,2026-05-11T12:52:40
OGDC,2018-05-03,165.0,165.45,163.39,164.74,1216400,psxdata,2026-05-11T12:52:40
OGDC,2018-05-04,165.0,165.9,163.5,163.96,649500,psxdata,2026-05-11T12:52:40
OGDC,2018-05-07,164.45,166.1,164.45,164.86,623600,psxdata,2026-05-11T12:52:40
OGDC,2018-05-08,165.0,165.0,163.0,164.08,1144800,psxdata,2026-05-11T12:52:40
OGDC,2018-05-09,165.0,166.8,163.35,164.08,2629800,psxdata,2026-05-11T12:52:40
OGDC,2018-05-10,164.9,166.0,164.25,165.0,961600,psxdata,2026-05-11T12:52:40
OGDC,2018-05-11,164.56,165.33,164.0,164.27,360400,psxdata,2026-05-11T12:52:40
OGDC,2018-05-14,164.99,164.99,159.0,160.61,1381800,psxdata,2026-05-11T12:52:40
OGDC,2018-05-15,160.25,163.37,160.0,162.6,1966100,psxdata,2026-05-11T12:52:40
OGDC,2018-05-16,163.45,163.5,160.51,161.13,277600,psxdata,2026-05-11T12:52:40
OGDC,2018-05-17,161.49,162.9,160.5,161.59,741000,psxdata,2026-05-11T12:52:40
OGDC,2018-05-18,162.0,162.65,160.5,161.56,821700,psxdata,2026-05-11T12:52:40
OGDC,2018-05-21,161.49,162.75,159.75,160.2,608000,psxdata,2026-05-11T12:52:40
OGDC,2018-05-22,161.0,163.0,160.8,162.47,1369500,psxdata,2026-05-11T12:52:40
OGDC,2018-05-23,162.5,163.0,161.5,161.72,1612300,psxdata,2026-05-11T12:52:40
OGDC,2018-05-24,161.5,161.79,160.0,160.71,806300,psxdata,2026-05-11T12:52:40
OGDC,2018-05-25,160.02,160.15,159.49,159.88,957800,psxdata,2026-05-11T12:52:40
OGDC,2018-05-28,158.6,159.02,154.49,156.65,1076300,psxdata,2026-05-11T12:52:40
OGDC,2018-05-29,156.05,161.95,155.87,160.24,549600,psxdata,2026-05-11T12:52:40
OGDC,2018-05-30,160.0,161.0,159.0,159.58,891000,psxdata,2026-05-11T12:52:40
OGDC,2018-05-31,160.11,163.25,160.0,162.44,2223900,psxdata,2026-05-11T12:52:40
OGDC,2018-06-01,160.7,161.0,158.65,159.21,223900,psxdata,2026-05-11T12:52:40
OGDC,2018-06-04,158.01,161.88,157.25,161.34,534200,psxdata,2026-05-11T12:52:40
OGDC,2018-06-05,162.0,162.7,161.01,162.33,647900,psxdata,2026-05-11T12:52:40
OGDC,2018-06-06,162.5,163.0,161.5,162.51,333700,psxdata,2026-05-11T12:52:40
OGDC,2018-06-07,162.06,163.5,161.5,162.36,536600,psxdata,2026-05-11T12:52:40
OGDC,2018-06-11,162.5,166.0,162.5,165.29,1517500,psxdata,2026-05-11T12:52:40
OGDC,2018-06-12,164.3,166.0,163.25,164.22,439400,psxdata,2026-05-11T12:52:40
OGDC,2018-06-13,164.95,165.99,162.7,165.51,424900,psxdata,2026-05-11T12:52:40
OGDC,2018-06-14,165.11,169.0,163.9,167.02,2221500,psxdata,2026-05-11T12:52:40
OGDC,2018-06-19,165.56,165.97,163.5,164.43,991600,psxdata,2026-05-11T12:52:40
OGDC,2018-06-20,163.6,163.7,160.06,160.97,959800,psxdata,2026-05-11T12:52:40
OGDC,2018-06-21,161.48,161.48,159.1,159.66,560300,psxdata,2026-05-11T12:52:40
OGDC,2018-06-22,159.0,159.6,156.0,156.54,1126100,psxdata,2026-05-11T12:52:40
OGDC,2018-06-25,157.11,158.84,153.0,154.41,1304200,psxdata,2026-05-11T12:52:40
OGDC,2018-06-26,154.9,157.0,153.76,155.01,1227900,psxdata,2026-05-11T12:52:40
OGDC,2018-06-27,156.0,159.5,155.13,155.89,4347300,psxdata,2026-05-11T12:52:40
OGDC,2018-06-28,155.99,157.39,155.25,155.91,1271000,psxdata,2026-05-11T12:52:40
OGDC,2018-06-29,155.91,156.83,154.82,155.62,766500,psxdata,2026-05-11T12:52:40
OGDC,2018-07-02,156.0,156.98,154.7,154.95,457400,psxdata,2026-05-11T12:52:40
OGDC,2018-07-03,155.0,155.88,154.0,155.13,434500,psxdata,2026-05-11T12:52:40
OGDC,2018-07-04,155.13,155.13,147.38,147.6,2504000,psxdata,2026-05-11T12:52:40
OGDC,2018-07-05,147.99,151.0,147.15,148.05,630200,psxdata,2026-05-11T12:52:40
OGDC,2018-07-06,148.0,149.25,146.73,148.1,318800,psxdata,2026-05-11T12:52:40
OGDC,2018-07-09,148.15,149.95,143.76,147.13,1042700,psxdata,2026-05-11T12:52:40
OGDC,2018-07-10,145.11,150.95,145.0,149.8,1179500,psxdata,2026-05-11T12:52:40
OGDC,2018-07-11,149.0,152.0,148.16,150.66,1015900,psxdata,2026-05-11T12:52:40
OGDC,2018-07-12,149.1,150.65,147.2,149.89,1073900,psxdata,2026-05-11T12:52:40
OGDC,2018-07-13,149.98,152.0,147.52,149.03,1295500,psxdata,2026-05-11T12:52:40
OGDC,2018-07-16,149.74,152.1,145.3,146.41,1200700,psxdata,2026-05-11T12:52:40
OGDC,2018-07-17,145.11,147.5,144.16,146.39,710600,psxdata,2026-05-11T12:52:40
OGDC,2018-07-18,145.5,149.5,145.5,148.57,1254300,psxdata,2026-05-11T12:52:40
OGDC,2018-07-19,149.9,152.8,148.58,151.0,5785300,psxdata,2026-05-11T12:52:40
OGDC,2018-07-20,151.0,151.0,148.01,148.89,2135800,psxdata,2026-05-11T12:52:40
OGDC,2018-07-23,147.61,148.0,145.26,146.51,1382900,psxdata,2026-05-11T12:52:40
OGDC,2018-07-24,147.99,149.99,147.0,149.48,1853400,psxdata,2026-05-11T12:52:40
OGDC,2018-07-26,151.0,151.89,149.1,150.58,3172800,psxdata,2026-05-11T12:52:40
OGDC,2018-07-27,150.99,153.0,150.49,152.43,7507400,psxdata,2026-05-11T12:52:40
OGDC,2018-07-30,153.01,154.9,152.0,153.31,6870000,psxdata,2026-05-11T12:52:40
OGDC,2018-07-31,153.65,153.99,150.75,151.27,2145500,psxdata,2026-05-11T12:52:40
OGDC,2018-08-01,151.44,153.25,151.25,152.85,1459100,psxdata,2026-05-11T12:52:40
OGDC,2018-08-02,153.0,153.38,151.75,151.96,1212000,psxdata,2026-05-11T12:52:40
OGDC,2018-08-03,152.0,153.5,152.0,152.97,2830100,psxdata,2026-05-11T12:52:40
OGDC,2018-08-06,152.99,153.45,152.0,152.58,844700,psxdata,2026-05-11T12:52:40
OGDC,2018-08-07,152.79,154.49,152.0,152.37,2662500,psxdata,2026-05-11T12:52:40
OGDC,2018-08-08,152.5,153.9,152.0,152.91,10642000,psxdata,2026-05-11T12:52:40
OGDC,2018-08-09,152.86,153.9,150.99,151.9,4488000,psxdata,2026-05-11T12:52:40
OGDC,2018-08-10,152.25,153.48,152.0,152.55,1556300,psxdata,2026-05-11T12:52:40
OGDC,2018-08-13,152.55,153.5,150.87,152.91,1335200,psxdata,2026-05-11T12:52:40
OGDC,2018-08-15,152.99,154.4,152.15,153.06,3394100,psxdata,2026-05-11T12:52:40
OGDC,2018-08-16,153.0,153.74,151.5,152.06,2265600,psxdata,2026-05-11T12:52:40
OGDC,2018-08-17,152.35,153.4,152.0,152.98,1253300,psxdata,2026-05-11T12:52:40
OGDC,2018-08-20,152.11,154.4,152.11,153.33,2008600,psxdata,2026-05-11T12:52:40
OGDC,2018-08-24,153.0,154.75,153.0,153.97,1289500,psxdata,2026-05-11T12:52:40
OGDC,2018-08-27,154.35,155.59,154.0,154.79,2449900,psxdata,2026-05-11T12:52:40
OGDC,2018-08-28,154.5,155.99,154.5,154.97,2225000,psxdata,2026-05-11T12:52:40
OGDC,2018-08-29,154.97,155.25,154.01,154.3,602400,psxdata,2026-05-11T12:52:40
OGDC,2018-08-30,154.72,155.25,152.61,153.37,1276700,psxdata,2026-05-11T12:52:40
OGDC,2018-08-31,153.75,154.5,152.01,152.46,2282200,psxdata,2026-05-11T12:52:40
OGDC,2018-09-03,152.97,153.0,150.0,151.32,2106500,psxdata,2026-05-11T12:52:40
OGDC,2018-09-04,152.25,153.5,151.57,152.98,413700,psxdata,2026-05-11T12:52:40
OGDC,2018-09-05,152.5,153.48,152.5,152.82,558500,psxdata,2026-05-11T12:52:40
OGDC,2018-09-06,153.45,153.45,151.75,152.25,486600,psxdata,2026-05-11T12:52:40
OGDC,2018-09-07,153.0,153.0,149.0,150.77,1407500,psxdata,2026-05-11T12:52:40
OGDC,2018-09-10,151.28,151.5,148.56,150.62,488200,psxdata,2026-05-11T12:52:40
OGDC,2018-09-11,151.99,152.5,149.26,151.75,578300,psxdata,2026-05-11T12:52:40
OGDC,2018-09-12,151.99,152.95,150.8,152.06,366600,psxdata,2026-05-11T12:52:40
OGDC,2018-09-13,151.9,154.0,150.6,153.81,1307000,psxdata,2026-05-11T12:52:40
OGDC,2018-09-14,154.85,154.85,153.1,154.08,1294700,psxdata,2026-05-11T12:52:40
OGDC,2018-09-17,153.51,153.9,151.5,151.97,876800,psxdata,2026-05-11T12:52:40
OGDC,2018-09-18,151.51,154.23,150.99,153.23,1267600,psxdata,2026-05-11T12:52:40
OGDC,2018-09-19,153.0,153.45,152.0,152.77,275800,psxdata,2026-05-11T12:52:40
OGDC,2018-09-24,152.5,153.75,152.5,152.71,2539800,psxdata,2026-05-11T12:52:40
OGDC,2018-09-25,153.25,155.67,153.1,153.31,1595100,psxdata,2026-05-11T12:52:40
OGDC,2018-09-26,153.8,154.0,151.8,152.22,1357100,psxdata,2026-05-11T12:52:40
OGDC,2018-09-27,152.89,153.0,151.0,152.66,413800,psxdata,2026-05-11T12:52:40
OGDC,2018-09-28,153.0,153.49,152.01,152.99,1380600,psxdata,2026-05-11T12:52:40
OGDC,2018-10-01,153.25,153.74,151.8,151.94,730300,psxdata,2026-05-11T12:52:40
OGDC,2018-10-02,153.0,153.4,152.0,152.79,2880300,psxdata,2026-05-11T12:52:40
OGDC,2018-10-03,152.99,153.0,151.3,151.44,1358400,psxdata,2026-05-11T12:52:40
OGDC,2018-10-04,152.5,152.5,150.0,150.43,1759000,psxdata,2026-05-11T12:52:40
OGDC,2018-10-05,150.1,150.5,145.1,147.32,2422500,psxdata,2026-05-11T12:52:40
OGDC,2018-10-08,147.0,147.9,143.0,143.82,1088600,psxdata,2026-05-11T12:52:40
OGDC,2018-10-09,144.0,151.01,144.0,151.01,5738000,psxdata,2026-05-11T12:52:40
OGDC,2018-10-10,151.45,152.99,147.25,152.58,2979600,psxdata,2026-05-11T12:52:40
OGDC,2018-10-11,151.0,151.95,150.0,151.39,431000,psxdata,2026-05-11T12:52:40
OGDC,2018-10-12,150.01,151.25,147.4,148.63,1462800,psxdata,2026-05-11T12:52:40
OGDC,2018-10-15,150.0,150.5,145.25,148.19,614900,psxdata,2026-05-11T12:52:40
OGDC,2018-10-16,147.98,147.98,145.6,146.95,1267100,psxdata,2026-05-11T12:52:40
OGDC,2018-10-17,147.0,151.0,147.0,149.38,703200,psxdata,2026-05-11T12:52:40
OGDC,2018-10-18,149.02,150.0,148.0,149.65,271900,psxdata,2026-05-11T12:52:40
OGDC,2018-10-19,149.98,150.25,147.5,148.21,600100,psxdata,2026-05-11T12:52:40
OGDC,2018-10-22,148.26,150.25,147.71,149.39,498900,psxdata,2026-05-11T12:52:40
OGDC,2018-10-23,149.0,149.0,145.51,146.66,634700,psxdata,2026-05-11T12:52:40
OGDC,2018-10-24,149.0,152.0,147.15,151.71,2768700,psxdata,2026-05-11T12:52:40
OGDC,2018-10-25,151.0,152.79,150.0,150.47,665600,psxdata,2026-05-11T12:52:40
OGDC,2018-10-26,157.5,157.99,154.5,157.74,6110800,psxdata,2026-05-11T12:52:40
OGDC,2018-10-29,159.5,160.6,157.62,159.73,8120000,psxdata,2026-05-11T12:52:40
OGDC,2018-10-30,159.6,159.6,157.75,159.01,1554500,psxdata,2026-05-11T12:52:40
OGDC,2018-10-31,158.21,159.9,156.49,158.94,1421100,psxdata,2026-05-11T12:52:40
OGDC,2018-11-01,158.01,158.3,156.0,157.77,925100,psxdata,2026-05-11T12:52:40
OGDC,2018-11-02,156.5,156.95,154.6,156.47,3516500,psxdata,2026-05-11T12:52:40
OGDC,2018-11-05,156.65,156.65,154.0,155.76,1707700,psxdata,2026-05-11T12:52:40
OGDC,2018-11-06,155.89,156.5,152.2,153.02,1658000,psxdata,2026-05-11T12:52:40
OGDC,2018-11-07,153.75,154.89,152.99,154.44,910300,psxdata,2026-05-11T12:52:40
OGDC,2018-11-08,154.65,154.99,152.9,153.69,487500,psxdata,2026-05-11T12:52:40
OGDC,2018-11-09,153.05,154.0,151.75,152.52,940100,psxdata,2026-05-11T12:52:40
OGDC,2018-11-12,152.97,153.56,151.7,152.02,601200,psxdata,2026-05-11T12:52:40
OGDC,2018-11-13,152.02,152.44,151.13,152.02,498700,psxdata,2026-05-11T12:52:40
OGDC,2018-11-14,149.5,149.5,146.75,147.4,1795600,psxdata,2026-05-11T12:52:40
OGDC,2018-11-15,147.8,149.69,147.0,148.3,644000,psxdata,2026-05-11T12:52:40
OGDC,2018-11-16,148.98,151.48,148.98,150.75,906700,psxdata,2026-05-11T12:52:40
OGDC,2018-11-19,150.97,151.0,149.25,150.01,1162800,psxdata,2026-05-11T12:52:40
OGDC,2018-11-20,150.4,151.25,149.5,150.88,380900,psxdata,2026-05-11T12:52:40
OGDC,2018-11-22,149.91,149.91,145.4,145.74,1004700,psxdata,2026-05-11T12:52:40
OGDC,2018-11-23,145.9,145.97,143.4,143.79,623400,psxdata,2026-05-11T12:52:40
OGDC,2018-11-26,143.45,144.65,141.6,142.68,984300,psxdata,2026-05-11T12:52:40
OGDC,2018-11-27,142.97,144.25,142.01,143.68,968900,psxdata,2026-05-11T12:52:40
OGDC,2018-11-28,144.25,145.5,142.06,142.44,1111600,psxdata,2026-05-11T12:52:40
OGDC,2018-11-29,141.51,142.4,140.15,141.54,1977500,psxdata,2026-05-11T12:52:40
OGDC,2018-11-30,141.97,148.61,141.97,147.54,5262700,psxdata,2026-05-11T12:52:40
OGDC,2018-12-03,149.5,149.65,143.26,144.46,1432200,psxdata,2026-05-11T12:52:40
OGDC,2018-12-04,144.97,148.2,144.97,147.88,1471100,psxdata,2026-05-11T12:52:40
OGDC,2018-12-05,147.25,147.26,143.0,146.35,1267300,psxdata,2026-05-11T12:52:40
OGDC,2018-12-06,148.5,148.5,143.0,143.52,1268500,psxdata,2026-05-11T12:52:40
OGDC,2018-12-07,143.05,143.05,137.0,140.29,3010500,psxdata,2026-05-11T12:52:40
OGDC,2018-12-10,144.0,147.3,141.5,146.51,2557600,psxdata,2026-05-11T12:52:40
OGDC,2018-12-11,145.0,145.01,141.38,142.03,943500,psxdata,2026-05-11T12:52:40
OGDC,2018-12-12,142.6,143.2,137.5,140.02,1933500,psxdata,2026-05-11T12:52:40
OGDC,2018-12-13,140.9,140.97,137.5,139.13,534200,psxdata,2026-05-11T12:52:40
OGDC,2018-12-14,140.2,141.0,138.61,139.11,872400,psxdata,2026-05-11T12:52:40
OGDC,2018-12-17,139.64,139.64,137.76,138.35,310100,psxdata,2026-05-11T12:52:40
OGDC,2018-12-18,137.11,139.25,136.0,137.86,921200,psxdata,2026-05-11T12:52:40
OGDC,2018-12-19,135.5,135.5,133.5,134.67,1319800,psxdata,2026-05-11T12:52:40
OGDC,2018-12-20,134.1,135.89,133.1,133.48,552900,psxdata,2026-05-11T12:52:40
OGDC,2018-12-21,133.05,134.25,131.4,133.61,1071500,psxdata,2026-05-11T12:52:40
OGDC,2018-12-24,133.9,133.9,132.02,133.61,162100,psxdata,2026-05-11T12:52:40
OGDC,2018-12-26,132.0,132.4,130.8,131.54,557100,psxdata,2026-05-11T12:52:40
OGDC,2018-12-27,134.5,134.9,132.5,133.04,509800,psxdata,2026-05-11T12:52:40
OGDC,2018-12-28,132.4,139.49,126.65,127.72,1343700,psxdata,2026-05-11T12:52:40
OGDC,2018-12-31,127.72,129.95,125.6,128.0,427200,psxdata,2026-05-11T12:52:40
OGDC,2019-01-01,128.5,134.4,128.5,134.07,683500,psxdata,2026-05-11T12:52:40
OGDC,2019-01-02,134.0,139.5,133.01,134.5,1931200,psxdata,2026-05-11T12:52:40
OGDC,2019-01-03,134.75,137.12,129.5,129.98,2993400,psxdata,2026-05-11T12:52:40
OGDC,2019-01-04,130.5,131.99,129.75,130.18,2008700,psxdata,2026-05-11T12:52:40
OGDC,2019-01-07,131.98,135.92,131.6,135.1,2447700,psxdata,2026-05-11T12:52:40
OGDC,2019-01-08,135.89,140.0,135.5,139.14,3143500,psxdata,2026-05-11T12:52:40
OGDC,2019-01-09,141.6,141.8,138.3,139.62,2182200,psxdata,2026-05-11T12:52:40
OGDC,2019-01-10,141.5,145.0,140.74,142.96,2488700,psxdata,2026-05-11T12:52:40
OGDC,2019-01-11,143.25,143.9,140.0,142.4,1855600,psxdata,2026-05-11T12:52:40
OGDC,2019-01-14,141.51,143.51,141.17,142.06,1336700,psxdata,2026-05-11T12:52:40
OGDC,2019-01-15,142.5,147.99,142.2,146.23,5573200,psxdata,2026-05-11T12:52:40
OGDC,2019-01-16,146.0,146.0,144.1,144.91,1925700,psxdata,2026-05-11T12:52:40
OGDC,2019-01-17,145.0,145.0,142.25,144.54,2828300,psxdata,2026-05-11T12:52:40
OGDC,2019-01-18,144.98,145.9,143.2,145.15,1419700,psxdata,2026-05-11T12:52:40
OGDC,2019-01-21,145.9,148.85,145.35,147.87,4068500,psxdata,2026-05-11T12:52:40
OGDC,2019-01-22,147.8,149.87,146.52,148.62,2171200,psxdata,2026-05-11T12:52:40
OGDC,2019-01-23,149.5,150.25,148.51,149.47,1781500,psxdata,2026-05-11T12:52:40
OGDC,2019-01-24,152.0,152.5,149.01,149.62,1923000,psxdata,2026-05-11T12:52:40
OGDC,2019-01-25,149.9,149.9,148.05,148.26,1601900,psxdata,2026-05-11T12:52:40
OGDC,2019-01-28,148.2,149.45,147.1,147.59,673400,psxdata,2026-05-11T12:52:40
OGDC,2019-01-29,147.33,152.97,146.0,150.0,2184400,psxdata,2026-05-11T12:52:40
OGDC,2019-01-30,150.3,151.9,149.6,150.2,941800,psxdata,2026-05-11T12:52:40
OGDC,2019-01-31,151.0,151.9,149.61,150.44,3305300,psxdata,2026-05-11T12:52:40
OGDC,2019-02-01,150.01,150.88,149.21,150.06,1015200,psxdata,2026-05-11T12:52:40
OGDC,2019-02-04,152.0,152.49,151.03,151.93,2969100,psxdata,2026-05-11T12:52:40
OGDC,2019-02-06,151.51,151.89,149.9,150.18,1325700,psxdata,2026-05-11T12:52:40
OGDC,2019-02-07,149.94,150.5,149.0,149.7,1175500,psxdata,2026-05-11T12:52:40
OGDC,2019-02-08,148.69,149.4,145.52,147.4,2433100,psxdata,2026-05-11T12:52:40
OGDC,2019-02-11,148.0,148.25,144.2,145.11,2109500,psxdata,2026-05-11T12:52:40
OGDC,2019-02-12,145.99,148.9,145.48,148.61,1500900,psxdata,2026-05-11T12:52:40
OGDC,2019-02-13,149.51,150.35,148.11,149.32,1120400,psxdata,2026-05-11T12:52:40
OGDC,2019-02-14,149.5,151.2,148.75,150.09,2408200,psxdata,2026-05-11T12:52:40
OGDC,2019-02-15,150.7,151.0,149.25,149.96,1233800,psxdata,2026-05-11T12:52:40
OGDC,2019-02-18,151.99,152.0,148.76,150.43,1473600,psxdata,2026-05-11T12:52:40
OGDC,2019-02-19,150.4,151.0,149.8,150.02,731600,psxdata,2026-05-11T12:52:40
OGDC,2019-02-20,150.0,153.74,149.6,152.9,3831500,psxdata,2026-05-11T12:52:40
OGDC,2019-02-21,153.5,154.9,151.2,153.01,1486600,psxdata,2026-05-11T12:52:40
OGDC,2019-02-22,153.5,155.5,152.12,154.19,4233100,psxdata,2026-05-11T12:52:40
OGDC,2019-02-25,154.7,154.99,152.6,152.74,1540700,psxdata,2026-05-11T12:52:40
OGDC,2019-02-26,151.0,151.01,148.05,148.76,2915600,psxdata,2026-05-11T12:52:40
OGDC,2019-02-27,146.5,148.7,141.33,147.39,4089700,psxdata,2026-05-11T12:52:40
OGDC,2019-02-28,149.0,150.24,146.1,149.16,3031000,psxdata,2026-05-11T12:52:40
OGDC,2019-03-01,151.0,154.5,148.55,153.25,5592200,psxdata,2026-05-11T12:52:40
OGDC,2019-03-04,152.1,154.75,152.1,153.04,1799300,psxdata,2026-05-11T12:52:40
OGDC,2019-03-05,153.5,154.5,151.5,151.66,1576100,psxdata,2026-05-11T12:52:40
OGDC,2019-03-06,151.8,152.3,148.97,149.64,1880200,psxdata,2026-05-11T12:52:40
OGDC,2019-03-07,149.55,150.49,145.56,146.34,2855900,psxdata,2026-05-11T12:52:40
OGDC,2019-03-08,146.49,146.58,145.0,145.08,1261000,psxdata,2026-05-11T12:52:40
OGDC,2019-03-11,145.24,146.25,143.15,143.87,2666400,psxdata,2026-05-11T12:52:40
OGDC,2019-03-12,144.25,145.9,142.75,145.53,1385800,psxdata,2026-05-11T12:52:40
OGDC,2019-03-13,146.25,146.6,144.75,145.02,763300,psxdata,2026-05-11T12:52:40
OGDC,2019-03-14,146.0,146.3,142.5,142.94,4721600,psxdata,2026-05-11T12:52:40
OGDC,2019-03-15,143.0,143.7,141.6,142.21,3911800,psxdata,2026-05-11T12:52:40
OGDC,2019-03-18,143.0,143.75,141.21,143.28,2402300,psxdata,2026-05-11T12:52:40
OGDC,2019-03-19,143.6,144.0,142.1,142.43,625400,psxdata,2026-05-11T12:52:40
OGDC,2019-03-20,142.21,143.5,142.21,142.88,786900,psxdata,2026-05-11T12:52:40
OGDC,2019-03-21,143.25,143.59,140.51,141.71,2368900,psxdata,2026-05-11T12:52:40
OGDC,2019-03-22,143.4,148.48,143.3,145.94,5320200,psxdata,2026-05-11T12:52:40
OGDC,2019-03-25,145.7,145.7,141.8,143.4,3046500,psxdata,2026-05-11T12:52:40
OGDC,2019-03-26,144.0,147.94,143.5,147.31,3908100,psxdata,2026-05-11T12:52:40
OGDC,2019-03-27,148.65,150.9,147.35,149.72,3025800,psxdata,2026-05-11T12:52:40
OGDC,2019-03-28,149.0,149.0,145.75,146.25,2247800,psxdata,2026-05-11T12:52:40
OGDC,2019-03-29,146.5,147.99,145.5,147.55,1635800,psxdata,2026-05-11T12:52:40
OGDC,2019-04-01,147.5,148.0,146.0,147.24,1305300,psxdata,2026-05-11T12:52:40
OGDC,2019-04-02,148.0,148.1,146.05,146.46,1883200,psxdata,2026-05-11T12:52:40
OGDC,2019-04-03,147.0,149.4,146.9,149.14,1714700,psxdata,2026-05-11T12:52:40
OGDC,2019-04-04,147.65,148.99,147.5,147.8,1004600,psxdata,2026-05-11T12:52:40
OGDC,2019-04-05,147.8,148.2,146.8,147.77,344500,psxdata,2026-05-11T12:52:40
OGDC,2019-04-08,149.6,149.6,145.51,146.21,985700,psxdata,2026-05-11T12:52:40
OGDC,2019-04-09,146.5,147.58,145.0,146.92,2558300,psxdata,2026-05-11T12:52:40
OGDC,2019-04-10,145.01,145.75,141.5,142.17,2133000,psxdata,2026-05-11T12:52:40
OGDC,2019-04-11,143.2,144.7,142.05,144.27,1015800,psxdata,2026-05-11T12:52:40
OGDC,2019-04-12,144.5,144.9,142.75,144.43,714500,psxdata,2026-05-11T12:52:40
OGDC,2019-04-15,143.01,146.8,143.0,145.0,1273800,psxdata,2026-05-11T12:52:40
OGDC,2019-04-16,145.45,145.9,144.35,144.49,1387800,psxdata,2026-05-11T12:52:40
OGDC,2019-04-17,144.7,145.03,142.4,142.58,1866300,psxdata,2026-05-11T12:52:40
OGDC,2019-04-18,142.6,143.75,142.15,143.27,1584400,psxdata,2026-05-11T12:52:40
OGDC,2019-04-19,143.8,147.75,143.3,144.59,3991400,psxdata,2026-05-11T12:52:40
OGDC,2019-04-22,146.35,146.35,143.25,143.66,1477600,psxdata,2026-05-11T12:52:40
OGDC,2019-04-23,144.5,144.5,139.0,142.01,2288900,psxdata,2026-05-11T12:52:40
OGDC,2019-04-24,141.5,144.9,141.5,143.17,1037400,psxdata,2026-05-11T12:52:40
OGDC,2019-04-25,143.83,144.6,140.8,143.8,1347300,psxdata,2026-05-11T12:52:40
OGDC,2019-04-26,144.0,145.7,142.75,144.93,1975600,psxdata,2026-05-11T12:52:40
OGDC,2019-04-29,144.7,145.25,142.0,142.45,857200,psxdata,2026-05-11T12:52:40
OGDC,2019-04-30,142.78,142.78,140.15,140.78,1898100,psxdata,2026-05-11T12:52:40
OGDC,2019-05-02,141.88,141.88,140.5,140.72,499700,psxdata,2026-05-11T12:52:40
OGDC,2019-05-03,140.55,140.55,138.25,138.32,2419500,psxdata,2026-05-11T12:52:40
OGDC,2019-05-06,138.25,138.69,136.5,136.92,1441200,psxdata,2026-05-11T12:52:40
OGDC,2019-05-07,136.92,138.35,136.5,137.04,1567900,psxdata,2026-05-11T12:52:40
OGDC,2019-05-08,136.99,137.49,133.25,135.17,3689700,psxdata,2026-05-11T12:52:40
OGDC,2019-05-09,135.79,137.95,134.51,136.97,2157000,psxdata,2026-05-11T12:52:40
OGDC,2019-05-10,136.6,136.95,135.0,136.14,632300,psxdata,2026-05-11T12:52:40
OGDC,2019-05-13,138.0,138.5,132.0,132.43,2083300,psxdata,2026-05-11T12:52:40
OGDC,2019-05-14,134.19,134.5,132.0,133.56,3328600,psxdata,2026-05-11T12:52:40
OGDC,2019-05-15,136.0,139.98,135.8,136.73,5914700,psxdata,2026-05-11T12:52:40
OGDC,2019-05-16,137.25,137.75,133.98,135.34,2923300,psxdata,2026-05-11T12:52:40
OGDC,2019-05-17,135.34,135.55,131.4,132.29,1241700,psxdata,2026-05-11T12:52:40
OGDC,2019-05-20,128.0,132.0,125.81,130.67,5729100,psxdata,2026-05-11T12:52:40
OGDC,2019-05-21,129.8,137.2,128.5,136.39,2273400,psxdata,2026-05-11T12:52:40
OGDC,2019-05-22,137.5,143.2,137.45,143.18,6746700,psxdata,2026-05-11T12:52:40
OGDC,2019-05-23,144.0,144.7,140.5,142.73,3195000,psxdata,2026-05-11T12:52:40
OGDC,2019-05-24,139.99,140.0,138.2,138.57,1706500,psxdata,2026-05-11T12:52:40
OGDC,2019-05-27,138.57,139.5,137.8,138.02,1132600,psxdata,2026-05-11T12:52:40
OGDC,2019-05-28,138.02,138.55,132.1,133.2,5677200,psxdata,2026-05-11T12:52:40
OGDC,2019-05-29,134.55,138.5,134.5,137.83,4415100,psxdata,2026-05-11T12:52:40
OGDC,2019-05-30,138.49,139.0,135.1,136.74,3198800,psxdata,2026-05-11T12:52:40
OGDC,2019-06-03,131.7,131.86,128.25,130.92,4985600,psxdata,2026-05-11T12:52:40
OGDC,2019-06-10,129.0,131.76,126.1,126.69,2944000,psxdata,2026-05-11T12:52:40
OGDC,2019-06-11,126.05,131.75,126.05,129.82,2830300,psxdata,2026-05-11T12:52:40
OGDC,2019-06-12,129.0,132.05,129.0,131.27,2235600,psxdata,2026-05-11T12:52:40
OGDC,2019-06-13,129.0,132.01,129.0,131.31,2425000,psxdata,2026-05-11T12:52:40
OGDC,2019-06-14,132.4,134.65,131.25,132.97,10498600,psxdata,2026-05-11T12:52:40
OGDC,2019-06-17,133.75,133.75,130.5,130.91,3080300,psxdata,2026-05-11T12:52:40
OGDC,2019-06-18,130.61,131.9,130.2,131.3,1916800,psxdata,2026-05-11T12:52:40
OGDC,2019-06-19,132.0,134.25,131.31,133.54,2340200,psxdata,2026-05-11T12:52:40
OGDC,2019-06-20,134.98,135.6,133.26,134.43,1855600,psxdata,2026-05-11T12:52:40
OGDC,2019-06-21,136.0,137.55,136.0,136.9,5314200,psxdata,2026-05-11T12:52:40
OGDC,2019-06-24,137.4,137.74,133.5,134.41,1598800,psxdata,2026-05-11T12:52:40
OGDC,2019-06-25,134.0,134.5,133.0,133.63,455400,psxdata,2026-05-11T12:52:40
OGDC,2019-06-26,135.0,135.0,133.0,133.93,3572200,psxdata,2026-05-11T12:52:40
OGDC,2019-06-27,134.5,135.11,131.35,132.47,2023000,psxdata,2026-05-11T12:52:40
OGDC,2019-06-28,132.0,132.49,130.15,131.49,1863000,psxdata,2026-05-11T12:52:40
OGDC,2019-07-01,132.5,132.7,130.86,131.25,1726400,psxdata,2026-05-11T12:52:40
OGDC,2019-07-02,131.0,132.0,130.75,131.51,1442100,psxdata,2026-05-11T12:52:40
OGDC,2019-07-03,130.5,134.69,130.5,134.48,2172800,psxdata,2026-05-11T12:52:40
OGDC,2019-07-04,135.01,135.75,131.3,132.1,1011300,psxdata,2026-05-11T12:52:40
OGDC,2019-07-05,131.3,132.5,130.5,131.19,415800,psxdata,2026-05-11T12:52:40
OGDC,2019-07-08,131.11,131.45,129.02,129.34,615400,psxdata,2026-05-11T12:52:40
OGDC,2019-07-09,129.5,131.7,129.5,130.92,810600,psxdata,2026-05-11T12:52:40
OGDC,2019-07-10,131.7,131.7,130.5,130.56,202700,psxdata,2026-05-11T12:52:40
OGDC,2019-07-11,132.0,132.11,129.7,130.79,632900,psxdata,2026-05-11T12:52:40
OGDC,2019-07-12,130.95,131.5,130.5,130.92,644900,psxdata,2026-05-11T12:52:40
OGDC,2019-07-15,130.5,130.5,128.06,128.75,591700,psxdata,2026-05-11T12:52:40
OGDC,2019-07-16,128.75,129.45,127.3,128.4,1444600,psxdata,2026-05-11T12:52:40
OGDC,2019-07-17,128.3,129.74,126.8,127.37,1076300,psxdata,2026-05-11T12:52:40
OGDC,2019-07-18,127.75,128.01,123.2,124.65,1286100,psxdata,2026-05-11T12:52:40
OGDC,2019-07-19,124.25,127.45,123.06,127.0,1340200,psxdata,2026-05-11T12:52:40
OGDC,2019-07-22,128.25,129.45,126.26,128.91,940600,psxdata,2026-05-11T12:52:40
OGDC,2019-07-23,129.5,130.99,128.5,129.04,1059900,psxdata,2026-05-11T12:52:40
OGDC,2019-07-24,129.22,129.35,127.52,127.85,772200,psxdata,2026-05-11T12:52:40
OGDC,2019-07-25,129.8,129.85,127.75,129.43,2238800,psxdata,2026-05-11T12:52:40
OGDC,2019-07-26,129.39,129.99,127.15,128.14,979000,psxdata,2026-05-11T12:52:40
OGDC,2019-07-29,128.0,128.75,126.83,127.33,533000,psxdata,2026-05-11T12:52:40
OGDC,2019-07-30,127.33,127.5,125.7,126.07,636000,psxdata,2026-05-11T12:52:40
OGDC,2019-07-31,126.49,127.27,125.53,126.66,1290500,psxdata,2026-05-11T12:52:40
OGDC,2019-08-01,127.01,127.3,125.7,126.76,717100,psxdata,2026-05-11T12:52:40
OGDC,2019-08-02,126.5,126.5,125.1,125.96,1633600,psxdata,2026-05-11T12:52:40
OGDC,2019-08-05,124.5,125.2,123.51,124.61,1281900,psxdata,2026-05-11T12:52:40
OGDC,2019-08-06,123.6,125.89,122.51,124.19,1852100,psxdata,2026-05-11T12:52:40
OGDC,2019-08-07,124.0,124.0,118.7,119.14,1960700,psxdata,2026-05-11T12:52:40
OGDC,2019-08-08,118.01,118.7,114.6,115.33,2743900,psxdata,2026-05-11T12:52:40
OGDC,2019-08-09,116.0,117.0,111.1,111.97,2526000,psxdata,2026-05-11T12:52:40
OGDC,2019-08-16,111.0,111.5,106.8,107.56,3642500,psxdata,2026-05-11T12:52:40
OGDC,2019-08-19,107.0,112.92,106.11,112.78,2193500,psxdata,2026-05-11T12:52:40
OGDC,2019-08-20,113.25,117.9,113.24,115.94,3868700,psxdata,2026-05-11T12:52:40
OGDC,2019-08-21,116.28,120.75,113.72,118.33,3286000,psxdata,2026-05-11T12:52:40
OGDC,2019-08-22,119.5,124.24,119.5,124.13,5345400,psxdata,2026-05-11T12:52:40
OGDC,2019-08-23,125.0,126.0,121.35,122.28,4921600,psxdata,2026-05-11T12:52:40
OGDC,2019-08-26,121.01,121.1,116.17,116.22,2805700,psxdata,2026-05-11T12:52:40
OGDC,2019-08-27,116.0,116.0,110.55,113.97,6602600,psxdata,2026-05-11T12:52:40
OGDC,2019-08-28,115.0,116.55,113.02,113.76,3546100,psxdata,2026-05-11T12:52:40
OGDC,2019-08-29,112.01,112.4,108.21,108.71,4276300,psxdata,2026-05-11T12:52:40
OGDC,2019-08-30,108.71,109.25,104.01,104.56,4318900,psxdata,2026-05-11T12:52:40
OGDC,2019-09-02,107.49,107.49,101.1,105.96,4138800,psxdata,2026-05-11T12:52:40
OGDC,2019-09-03,106.5,107.9,104.51,105.36,2809200,psxdata,2026-05-11T12:52:40
OGDC,2019-09-04,105.5,110.62,104.75,109.39,4362400,psxdata,2026-05-11T12:52:40
OGDC,2019-09-05,111.49,113.8,109.5,110.32,5566500,psxdata,2026-05-11T12:52:40
OGDC,2019-09-06,110.0,114.95,108.8,113.56,4216200,psxdata,2026-05-11T12:52:40
OGDC,2019-09-11,114.75,119.23,114.5,119.01,8795000,psxdata,2026-05-11T12:52:40
OGDC,2019-09-12,118.5,122.35,118.5,119.44,8081400,psxdata,2026-05-11T12:52:40
OGDC,2019-09-13,119.98,122.48,117.52,119.91,6819500,psxdata,2026-05-11T12:52:40
OGDC,2019-09-16,125.7,125.9,123.7,125.79,6712100,psxdata,2026-05-11T12:52:40
OGDC,2019-09-17,126.0,127.4,124.9,126.15,4345900,psxdata,2026-05-11T12:52:40
OGDC,2019-09-18,125.01,125.5,122.7,124.59,4645000,psxdata,2026-05-11T12:52:40
OGDC,2019-09-19,124.59,126.47,123.65,125.9,3853000,psxdata,2026-05-11T12:52:40
OGDC,2019-09-20,127.0,127.0,123.65,124.37,3720900,psxdata,2026-05-11T12:52:40
OGDC,2019-09-23,124.75,124.75,119.71,120.5,3161900,psxdata,2026-05-11T12:52:40
OGDC,2019-09-24,120.2,121.9,119.25,121.02,2271400,psxdata,2026-05-11T12:52:40
OGDC,2019-09-25,120.89,121.0,118.38,119.11,1651300,psxdata,2026-05-11T12:52:40
OGDC,2019-09-26,119.5,119.5,118.01,119.15,1756600,psxdata,2026-05-11T12:52:40
OGDC,2019-09-27,119.4,123.5,118.79,122.79,4286100,psxdata,2026-05-11T12:52:40
OGDC,2019-09-30,123.97,124.86,122.0,123.03,2535800,psxdata,2026-05-11T12:52:40
OGDC,2019-10-01,123.1,123.7,122.3,122.78,1830700,psxdata,2026-05-11T12:52:40
OGDC,2019-10-02,122.76,122.99,120.5,121.37,1873900,psxdata,2026-05-11T12:52:40
OGDC,2019-10-03,121.7,122.99,119.8,122.04,3163000,psxdata,2026-05-11T12:52:40
OGDC,2019-10-04,122.0,125.3,121.8,124.61,4474100,psxdata,2026-05-11T12:52:40
OGDC,2019-10-07,124.01,127.7,123.0,125.72,6019900,psxdata,2026-05-11T12:52:40
OGDC,2019-10-08,126.0,128.58,124.66,125.33,3876700,psxdata,2026-05-11T12:52:40
OGDC,2019-10-09,125.0,125.0,123.65,124.45,1997600,psxdata,2026-05-11T12:52:40
OGDC,2019-10-10,124.13,127.39,124.13,126.4,1773700,psxdata,2026-05-11T12:52:40
OGDC,2019-10-11,126.99,129.85,126.85,128.97,3664800,psxdata,2026-05-11T12:52:40
OGDC,2019-10-14,129.25,131.7,129.25,130.13,2398600,psxdata,2026-05-11T12:52:40
OGDC,2019-10-15,130.55,130.75,128.15,128.61,980600,psxdata,2026-05-11T12:52:40
OGDC,2019-10-16,127.99,128.7,126.5,128.04,837900,psxdata,2026-05-11T12:52:40
OGDC,2019-10-17,128.0,128.5,126.31,126.82,582000,psxdata,2026-05-11T12:52:40
OGDC,2019-10-18,127.0,127.3,125.1,125.67,995900,psxdata,2026-05-11T12:52:40
OGDC,2019-10-21,125.0,125.01,122.15,122.77,606700,psxdata,2026-05-11T12:52:40
OGDC,2019-10-22,122.11,124.0,121.5,123.62,1207800,psxdata,2026-05-11T12:52:40
OGDC,2019-10-23,124.49,126.75,123.76,125.73,803900,psxdata,2026-05-11T12:52:40
OGDC,2019-10-24,126.0,129.75,126.0,128.59,2476600,psxdata,2026-05-11T12:52:40
OGDC,2019-10-25,129.0,131.51,127.76,129.01,3422800,psxdata,2026-05-11T12:52:40
OGDC,2019-10-28,129.99,130.0,127.91,128.7,733700,psxdata,2026-05-11T12:52:40
OGDC,2019-10-29,129.25,129.35,127.25,127.8,635000,psxdata,2026-05-11T12:52:40
OGDC,2019-10-30,127.5,129.19,127.01,127.89,568300,psxdata,2026-05-11T12:52:40
OGDC,2019-10-31,128.02,129.9,127.95,128.77,2904400,psxdata,2026-05-11T12:52:40
OGDC,2019-11-01,128.01,128.99,127.26,127.63,404200,psxdata,2026-05-11T12:52:40
OGDC,2019-11-04,127.88,130.35,127.7,129.68,2233000,psxdata,2026-05-11T12:52:40
OGDC,2019-11-05,129.99,131.09,129.17,130.23,1149800,psxdata,2026-05-11T12:52:40
OGDC,2019-11-06,130.6,133.25,129.01,129.27,2285000,psxdata,2026-05-11T12:52:40
OGDC,2019-11-07,130.25,130.25,127.01,128.64,3477100,psxdata,2026-05-11T12:52:40
OGDC,2019-11-08,128.75,131.74,128.75,130.56,1514100,psxdata,2026-05-11T12:52:40
OGDC,2019-11-11,131.75,135.1,131.0,134.2,3402500,psxdata,2026-05-11T12:52:40
OGDC,2019-11-12,135.25,135.7,133.75,134.05,1748200,psxdata,2026-05-11T12:52:40
OGDC,2019-11-13,133.99,135.99,131.5,135.26,2460100,psxdata,2026-05-11T12:52:40
OGDC,2019-11-14,135.7,136.01,133.75,134.48,1491300,psxdata,2026-05-11T12:52:40
OGDC,2019-11-15,134.75,134.75,133.4,133.94,741100,psxdata,2026-05-11T12:52:40
OGDC,2019-11-18,135.0,135.99,134.0,134.58,3098900,psxdata,2026-05-11T12:52:40
OGDC,2019-11-19,135.0,137.44,134.5,134.74,2008100,psxdata,2026-05-11T12:52:40
OGDC,2019-11-20,134.94,134.94,132.01,132.33,2464200,psxdata,2026-05-11T12:52:40
OGDC,2019-11-21,132.7,133.45,130.25,130.64,1672000,psxdata,2026-05-11T12:52:40
OGDC,2019-11-22,130.7,134.0,129.72,133.66,1507000,psxdata,2026-05-11T12:52:40
OGDC,2019-11-25,136.25,137.0,133.6,134.18,4051200,psxdata,2026-05-11T12:52:40
OGDC,2019-11-26,133.51,134.76,129.12,129.9,4475000,psxdata,2026-05-11T12:52:40
OGDC,2019-11-27,130.5,132.5,129.16,131.35,2001200,psxdata,2026-05-11T12:52:40
OGDC,2019-11-28,131.0,133.0,131.0,132.28,1576500,psxdata,2026-05-11T12:52:40
OGDC,2019-11-29,133.0,134.5,131.51,132.03,3578600,psxdata,2026-05-11T12:52:40
OGDC,2019-12-02,131.0,131.0,127.12,128.58,5452300,psxdata,2026-05-11T12:52:40
OGDC,2019-12-03,129.0,130.0,127.03,127.57,3319200,psxdata,2026-05-11T12:52:40
OGDC,2019-12-04,128.25,129.0,127.06,128.36,2149700,psxdata,2026-05-11T12:52:40
OGDC,2019-12-05,129.9,130.0,128.58,129.09,4062500,psxdata,2026-05-11T12:52:40
OGDC,2019-12-06,129.7,131.5,129.6,130.67,3383700,psxdata,2026-05-11T12:52:40
OGDC,2019-12-09,131.67,132.1,130.7,131.57,2847700,psxdata,2026-05-11T12:52:40
OGDC,2019-12-10,131.7,131.75,129.9,130.85,1834200,psxdata,2026-05-11T12:52:40
OGDC,2019-12-11,129.68,129.68,127.75,128.48,2355500,psxdata,2026-05-11T12:52:40
OGDC,2019-12-12,128.0,131.24,128.0,129.85,2669000,psxdata,2026-05-11T12:52:40
OGDC,2019-12-13,130.48,135.99,130.35,135.19,10854100,psxdata,2026-05-11T12:52:40
OGDC,2019-12-16,136.0,140.89,135.36,139.79,6994400,psxdata,2026-05-11T12:52:40
OGDC,2019-12-17,142.2,146.77,139.1,146.77,10966900,psxdata,2026-05-11T12:52:40
OGDC,2019-12-18,146.8,148.5,141.01,142.15,8231700,psxdata,2026-05-11T12:52:40
OGDC,2019-12-19,141.95,142.5,137.1,137.97,4037800,psxdata,2026-05-11T12:52:40
OGDC,2019-12-20,138.95,141.5,135.76,140.81,4200800,psxdata,2026-05-11T12:52:40
OGDC,2019-12-23,140.25,141.75,137.0,137.42,1753400,psxdata,2026-05-11T12:52:40
OGDC,2019-12-24,137.0,142.0,132.01,140.99,3806600,psxdata,2026-05-11T12:52:40
OGDC,2019-12-26,141.25,146.75,141.25,145.85,3380500,psxdata,2026-05-11T12:52:40
OGDC,2019-12-27,147.4,147.4,143.0,143.55,2778000,psxdata,2026-05-11T12:52:40
OGDC,2019-12-30,144.25,145.59,141.11,142.33,2353200,psxdata,2026-05-11T12:52:40
OGDC,2019-12-31,143.0,143.15,140.15,142.32,791000,psxdata,2026-05-11T12:52:40
OGDC,2020-01-01,142.5,143.75,141.3,142.92,784400,psxdata,2026-05-11T12:52:40
OGDC,2020-01-02,143.35,148.49,142.65,147.16,4383500,psxdata,2026-05-11T12:52:40
OGDC,2020-01-03,150.0,150.6,146.75,149.48,4019800,psxdata,2026-05-11T12:52:40
OGDC,2020-01-06,148.1,151.0,146.6,148.56,3992300,psxdata,2026-05-11T12:52:40
OGDC,2020-01-07,147.9,149.7,146.25,149.01,2355100,psxdata,2026-05-11T12:52:40
OGDC,2020-01-08,146.8,149.5,145.8,147.96,2263600,psxdata,2026-05-11T12:52:40
OGDC,2020-01-09,148.99,149.99,146.1,148.56,3814500,psxdata,2026-05-11T12:52:40
OGDC,2020-01-10,149.25,155.25,149.01,154.21,5413700,psxdata,2026-05-11T12:52:40
OGDC,2020-01-13,153.8,154.25,152.01,153.07,2349000,psxdata,2026-05-11T12:52:40
OGDC,2020-01-14,153.1,153.15,151.01,151.45,1177500,psxdata,2026-05-11T12:52:40
OGDC,2020-01-15,151.0,151.5,149.12,150.97,2532100,psxdata,2026-05-11T12:52:40
OGDC,2020-01-16,151.2,151.2,148.2,149.96,2036900,psxdata,2026-05-11T12:52:40
OGDC,2020-01-17,150.0,150.75,149.21,150.25,805200,psxdata,2026-05-11T12:52:40
OGDC,2020-01-20,150.9,151.75,147.65,149.13,1474200,psxdata,2026-05-11T12:52:40
OGDC,2020-01-21,149.0,149.75,148.0,148.91,1282200,psxdata,2026-05-11T12:52:40
OGDC,2020-01-22,148.51,148.51,140.72,143.89,19238400,psxdata,2026-05-11T12:52:40
OGDC,2020-01-23,145.51,146.0,142.5,143.05,3540500,psxdata,2026-05-11T12:52:40
OGDC,2020-01-24,143.06,144.75,141.05,143.71,2113500,psxdata,2026-05-11T12:52:40
OGDC,2020-01-27,142.2,143.9,140.2,140.85,1607600,psxdata,2026-05-11T12:52:40
OGDC,2020-01-28,141.5,141.5,138.75,140.07,1200300,psxdata,2026-05-11T12:52:40
OGDC,2020-01-29,139.31,142.79,139.31,140.92,2121600,psxdata,2026-05-11T12:52:40
OGDC,2020-01-30,140.15,140.85,139.05,139.93,2107900,psxdata,2026-05-11T12:52:40
OGDC,2020-01-31,139.5,141.2,137.71,137.98,1848100,psxdata,2026-05-11T12:52:40
OGDC,2020-02-03,137.25,137.5,131.0,132.16,2922700,psxdata,2026-05-11T12:52:40
OGDC,2020-02-04,132.99,133.79,131.6,132.95,1669800,psxdata,2026-05-11T12:52:40
OGDC,2020-02-06,134.15,134.5,130.12,130.84,2501000,psxdata,2026-05-11T12:52:40
OGDC,2020-02-07,130.98,131.99,128.5,129.11,2778700,psxdata,2026-05-11T12:52:40
OGDC,2020-02-10,129.3,129.4,125.5,125.94,1688300,psxdata,2026-05-11T12:52:40
OGDC,2020-02-11,125.35,129.48,125.35,127.82,1443400,psxdata,2026-05-11T12:52:40
OGDC,2020-02-12,129.3,132.51,129.0,131.48,2902400,psxdata,2026-05-11T12:52:40
OGDC,2020-02-13,132.8,132.8,130.01,130.49,653800,psxdata,2026-05-11T12:52:40
OGDC,2020-02-14,131.15,132.89,128.3,129.54,703000,psxdata,2026-05-11T12:52:40
OGDC,2020-02-17,130.39,130.5,128.01,128.5,514200,psxdata,2026-05-11T12:52:40
OGDC,2020-02-18,129.25,132.49,128.25,131.14,2384800,psxdata,2026-05-11T12:52:40
OGDC,2020-02-19,132.0,136.45,131.99,134.83,4502800,psxdata,2026-05-11T12:52:40
OGDC,2020-02-20,135.15,135.75,133.2,133.6,1091700,psxdata,2026-05-11T12:52:40
OGDC,2020-02-21,133.5,133.92,130.61,131.39,864700,psxdata,2026-05-11T12:52:40
OGDC,2020-02-24,130.98,130.98,126.5,127.16,2311000,psxdata,2026-05-11T12:52:40
OGDC,2020-02-25,126.67,128.25,123.49,124.7,2958100,psxdata,2026-05-11T12:52:40
OGDC,2020-02-26,125.0,125.5,122.12,123.75,2487700,psxdata,2026-05-11T12:52:40
OGDC,2020-02-27,121.0,121.74,116.5,120.49,4004200,psxdata,2026-05-11T12:52:40
OGDC,2020-02-28,118.0,121.0,117.0,117.62,5499000,psxdata,2026-05-11T12:52:40
OGDC,2020-03-02,119.65,125.35,119.65,124.49,6447500,psxdata,2026-05-11T12:52:40
OGDC,2020-03-03,126.5,128.8,125.01,125.76,3600700,psxdata,2026-05-11T12:52:40
OGDC,2020-03-04,125.94,125.94,122.5,122.71,1235800,psxdata,2026-05-11T12:52:40
OGDC,2020-03-05,123.15,126.4,123.06,123.76,4560300,psxdata,2026-05-11T12:52:40
OGDC,2020-03-06,121.5,122.0,115.3,115.67,5401500,psxdata,2026-05-11T12:52:40
OGDC,2020-03-09,107.58,107.58,107.58,107.58,289100,psxdata,2026-05-11T12:52:40
OGDC,2020-03-10,101.0,105.84,101.0,105.05,15543000,psxdata,2026-05-11T12:52:40
OGDC,2020-03-11,108.4,111.72,104.61,105.39,6561400,psxdata,2026-05-11T12:52:40
OGDC,2020-03-12,101.5,103.4,99.0,100.16,4296400,psxdata,2026-05-11T12:52:40
OGDC,2020-03-13,98.0,105.2,96.2,104.18,4992200,psxdata,2026-05-11T12:52:40
OGDC,2020-03-16,101.0,101.98,96.37,96.37,6126200,psxdata,2026-05-11T12:52:40
OGDC,2020-03-17,97.0,99.0,92.51,93.48,3112900,psxdata,2026-05-11T12:52:40
OGDC,2020-03-18,90.1,90.79,86.47,86.47,2499200,psxdata,2026-05-11T12:52:40
OGDC,2020-03-19,79.99,87.5,79.99,85.41,6728000,psxdata,2026-05-11T12:52:40
OGDC,2020-03-20,90.0,91.81,86.15,91.81,5262100,psxdata,2026-05-11T12:52:40
OGDC,2020-03-24,86.11,94.22,84.93,85.25,5871880,psxdata,2026-05-11T12:52:40
OGDC,2020-03-25,89.5,89.5,80.01,81.33,4022670,psxdata,2026-05-11T12:52:40
OGDC,2020-03-26,81.5,82.7,78.4,79.06,7997759,psxdata,2026-05-11T12:52:40
OGDC,2020-03-27,78.98,79.5,76.51,78.26,5362153,psxdata,2026-05-11T12:52:40
OGDC,2020-03-30,76.0,76.0,73.25,75.01,5706492,psxdata,2026-05-11T12:52:40
OGDC,2020-03-31,76.0,79.79,75.0,76.99,12716786,psxdata,2026-05-11T12:52:40
OGDC,2020-04-01,76.0,77.5,75.3,76.3,9332654,psxdata,2026-05-11T12:52:40
OGDC,2020-04-02,77.53,82.02,77.0,82.02,8752596,psxdata,2026-05-11T12:52:40
OGDC,2020-04-03,88.17,88.17,86.67,88.17,5803915,psxdata,2026-05-11T12:52:40
OGDC,2020-04-06,92.0,93.59,88.18,90.46,8549463,psxdata,2026-05-11T12:52:40
OGDC,2020-04-07,92.2,96.5,91.84,95.37,4462233,psxdata,2026-05-11T12:52:40
OGDC,2020-04-08,94.75,96.7,92.56,95.89,4075179,psxdata,2026-05-11T12:52:40
OGDC,2020-04-09,99.0,102.0,98.2,99.05,5564474,psxdata,2026-05-11T12:52:40
OGDC,2020-04-10,95.0,95.0,92.1,94.69,4444308,psxdata,2026-05-11T12:52:40
OGDC,2020-04-13,96.0,96.89,92.7,93.51,4669691,psxdata,2026-05-11T12:52:40
OGDC,2020-04-14,94.1,94.97,92.1,93.08,1993002,psxdata,2026-05-11T12:52:40
OGDC,2020-04-15,92.11,92.9,89.55,90.5,4061734,psxdata,2026-05-11T12:52:40
OGDC,2020-04-16,90.2,92.65,90.0,91.95,2587325,psxdata,2026-05-11T12:52:40
OGDC,2020-04-17,95.0,98.84,95.0,96.32,6194709,psxdata,2026-05-11T12:52:40
OGDC,2020-04-20,100.0,100.0,93.99,96.22,7158366,psxdata,2026-05-11T12:52:40
OGDC,2020-04-21,93.5,94.43,89.01,89.35,6470105,psxdata,2026-05-11T12:52:40
OGDC,2020-04-22,85.7,89.77,83.8,88.67,5310638,psxdata,2026-05-11T12:52:40
OGDC,2020-04-23,93.01,95.32,92.26,95.15,5298570,psxdata,2026-05-11T12:52:40
OGDC,2020-04-24,96.74,97.5,94.61,95.27,4048914,psxdata,2026-05-11T12:52:40
OGDC,2020-04-27,93.05,95.3,91.9,93.4,2638082,psxdata,2026-05-11T12:52:40
OGDC,2020-04-28,92.5,94.1,92.1,93.75,1794965,psxdata,2026-05-11T12:52:40
OGDC,2020-04-29,96.0,98.9,96.0,98.01,4879047,psxdata,2026-05-11T12:52:40
OGDC,2020-04-30,103.0,105.36,101.11,105.36,6730634,psxdata,2026-05-11T12:52:40
OGDC,2020-05-04,106.5,110.0,104.12,105.24,8602170,psxdata,2026-05-11T12:52:40
OGDC,2020-05-05,110.0,110.4,100.0,107.11,6391642,psxdata,2026-05-11T12:52:40
OGDC,2020-05-06,109.98,109.98,105.7,106.36,4756912,psxdata,2026-05-11T12:52:40
OGDC,2020-05-07,104.37,105.0,102.05,102.95,3768365,psxdata,2026-05-11T12:52:40
OGDC,2020-05-08,103.8,104.5,102.75,103.05,2110400,psxdata,2026-05-11T12:52:40
OGDC,2020-05-11,103.45,103.7,101.5,102.45,1727790,psxdata,2026-05-11T12:52:40
OGDC,2020-05-12,102.11,104.8,101.11,103.89,1790392,psxdata,2026-05-11T12:52:40
OGDC,2020-05-13,104.98,105.44,103.1,103.61,2482842,psxdata,2026-05-11T12:52:40
OGDC,2020-05-14,104.1,105.1,102.75,104.87,2615125,psxdata,2026-05-11T12:52:40
OGDC,2020-05-15,106.0,108.5,106.0,106.65,3762571,psxdata,2026-05-11T12:52:40
OGDC,2020-05-18,110.0,110.6,108.01,108.58,2684423,psxdata,2026-05-11T12:52:40
OGDC,2020-05-19,109.0,114.6,109.0,112.74,6245335,psxdata,2026-05-11T12:52:40
OGDC,2020-05-20,112.74,113.23,110.6,111.62,2122988,psxdata,2026-05-11T12:52:40
OGDC,2020-05-21,113.0,113.9,112.55,112.91,1953848,psxdata,2026-05-11T12:52:40
OGDC,2020-05-28,110.8,111.9,109.3,110.91,2091306,psxdata,2026-05-11T12:52:40
OGDC,2020-05-29,111.4,115.0,110.9,114.6,5937434,psxdata,2026-05-11T12:52:40
OGDC,2020-06-01,116.25,117.7,114.99,117.03,4021658,psxdata,2026-05-11T12:52:40
OGDC,2020-06-02,117.98,118.0,116.21,116.52,1785766,psxdata,2026-05-11T12:52:40
OGDC,2020-06-03,118.4,119.18,115.81,116.5,3669259,psxdata,2026-05-11T12:52:40
OGDC,2020-06-04,116.42,116.42,113.82,114.1,1647667,psxdata,2026-05-11T12:52:40
OGDC,2020-06-05,114.1,114.99,113.59,114.64,1231203,psxdata,2026-05-11T12:52:40
OGDC,2020-06-08,117.99,118.0,116.5,116.85,1610028,psxdata,2026-05-11T12:52:40
OGDC,2020-06-09,116.0,117.05,115.3,116.82,1790571,psxdata,2026-05-11T12:52:40
OGDC,2020-06-10,116.5,116.6,115.11,115.33,1029991,psxdata,2026-05-11T12:52:40
OGDC,2020-06-11,115.25,115.58,113.6,113.81,1623022,psxdata,2026-05-11T12:52:40
OGDC,2020-06-12,110.99,111.0,109.5,110.34,1520454,psxdata,2026-05-11T12:52:40
OGDC,2020-06-15,109.44,109.6,106.5,106.88,2273325,psxdata,2026-05-11T12:52:40
OGDC,2020-06-16,108.1,108.69,107.11,108.1,1162512,psxdata,2026-05-11T12:52:40
OGDC,2020-06-17,108.5,110.7,108.16,108.77,2027422,psxdata,2026-05-11T12:52:40
OGDC,2020-06-18,109.0,109.0,107.1,108.16,1217685,psxdata,2026-05-11T12:52:40
OGDC,2020-06-19,109.49,110.0,108.0,108.85,1024859,psxdata,2026-05-11T12:52:40
OGDC,2020-06-22,109.45,111.5,108.0,111.09,2383597,psxdata,2026-05-11T12:52:40
OGDC,2020-06-23,111.8,113.95,111.63,113.61,1807194,psxdata,2026-05-11T12:52:40
OGDC,2020-06-24,113.02,113.4,111.53,112.7,1794928,psxdata,2026-05-11T12:52:40
OGDC,2020-06-25,110.6,111.25,109.5,110.31,1667689,psxdata,2026-05-11T12:52:40
OGDC,2020-06-26,111.5,111.5,109.5,109.65,1397860,psxdata,2026-05-11T12:52:40
OGDC,2020-06-29,109.7,111.0,108.5,110.19,692812,psxdata,2026-05-11T12:52:40
OGDC,2020-06-30,110.02,111.5,108.15,109.0,1611793,psxdata,2026-05-11T12:52:40
OGDC,2020-07-01,109.99,114.25,109.22,113.03,5624562,psxdata,2026-05-11T12:52:40
OGDC,2020-07-02,113.75,114.9,112.5,113.54,2625738,psxdata,2026-05-11T12:52:40
OGDC,2020-07-03,114.02,114.4,112.3,112.91,612053,psxdata,2026-05-11T12:52:40
OGDC,2020-07-06,113.25,114.0,113.01,113.53,957663,psxdata,2026-05-11T12:52:40
OGDC,2020-07-07,114.0,115.89,113.26,113.97,2618575,psxdata,2026-05-11T12:52:40
OGDC,2020-07-08,114.4,115.39,113.3,113.58,2303122,psxdata,2026-05-11T12:52:40
OGDC,2020-07-09,115.0,115.65,114.11,115.17,3578605,psxdata,2026-05-11T12:52:40
OGDC,2020-07-10,114.4,114.99,113.8,114.51,1289596,psxdata,2026-05-11T12:52:40
OGDC,2020-07-13,114.9,115.5,114.31,115.23,2489469,psxdata,2026-05-11T12:52:40
OGDC,2020-07-14,114.75,116.45,114.0,115.32,4379695,psxdata,2026-05-11T12:52:40
OGDC,2020-07-15,117.0,117.1,114.9,115.1,3097319,psxdata,2026-05-11T12:52:40
OGDC,2020-07-16,116.25,116.6,115.55,116.19,2334134,psxdata,2026-05-11T12:52:40
OGDC,2020-07-17,116.5,117.0,115.51,115.82,1122666,psxdata,2026-05-11T12:52:40
OGDC,2020-07-20,116.0,117.9,115.69,116.41,3911752,psxdata,2026-05-11T12:52:40
OGDC,2020-07-21,116.75,117.4,115.03,115.81,4624027,psxdata,2026-05-11T12:52:40
OGDC,2020-07-22,116.25,117.2,114.95,116.49,3178204,psxdata,2026-05-11T12:52:40
OGDC,2020-07-23,116.48,116.85,115.6,116.15,1391341,psxdata,2026-05-11T12:52:40
OGDC,2020-07-24,115.89,115.92,114.32,114.71,1648264,psxdata,2026-05-11T12:52:40
OGDC,2020-07-27,114.31,116.0,114.3,115.01,1140022,psxdata,2026-05-11T12:52:40
OGDC,2020-07-28,115.5,115.99,114.6,114.81,1788008,psxdata,2026-05-11T12:52:40
OGDC,2020-07-29,115.19,115.98,114.99,115.33,2538015,psxdata,2026-05-11T12:52:40
OGDC,2020-07-30,114.5,115.2,113.6,114.55,3037007,psxdata,2026-05-11T12:52:40
OGDC,2020-08-03,114.8,115.25,114.01,114.2,2328831,psxdata,2026-05-11T12:52:40
OGDC,2020-08-04,114.5,114.89,111.29,112.03,4074881,psxdata,2026-05-11T12:52:40
OGDC,2020-08-05,112.71,114.0,111.0,113.5,3396452,psxdata,2026-05-11T12:52:40
OGDC,2020-08-06,114.0,115.0,113.5,113.94,2019062,psxdata,2026-05-11T12:52:40
OGDC,2020-08-07,114.45,114.49,112.75,113.15,1211855,psxdata,2026-05-11T12:52:40
OGDC,2020-08-10,113.65,113.99,112.0,112.22,1033555,psxdata,2026-05-11T12:52:40
OGDC,2020-08-11,112.7,116.25,112.7,114.97,3606445,psxdata,2026-05-11T12:52:40
OGDC,2020-08-12,115.26,116.2,114.51,114.97,2233060,psxdata,2026-05-11T12:52:40
OGDC,2020-08-13,115.1,117.9,114.01,115.3,3743583,psxdata,2026-05-11T12:52:40
OGDC,2020-08-17,115.2,117.8,115.2,116.55,2677764,psxdata,2026-05-11T12:52:40
OGDC,2020-08-18,117.5,118.0,116.9,117.54,1560671,psxdata,2026-05-11T12:52:40
OGDC,2020-08-19,117.49,119.8,117.05,118.19,4659330,psxdata,2026-05-11T12:52:40
OGDC,2020-08-20,118.48,119.25,117.4,117.65,1138413,psxdata,2026-05-11T12:52:40
OGDC,2020-08-21,117.27,117.5,113.9,114.92,1667823,psxdata,2026-05-11T12:52:40
OGDC,2020-08-24,114.5,114.5,111.8,113.09,1379455,psxdata,2026-05-11T12:52:40
OGDC,2020-08-25,114.05,115.5,113.94,114.84,1540524,psxdata,2026-05-11T12:52:40
OGDC,2020-08-26,115.5,116.4,115.01,115.69,1492124,psxdata,2026-05-11T12:52:40
OGDC,2020-08-27,116.45,116.5,114.8,115.66,1297585,psxdata,2026-05-11T12:52:40
OGDC,2020-08-28,115.2,115.5,114.0,114.15,873880,psxdata,2026-05-11T12:52:40
OGDC,2020-08-31,115.4,115.4,114.0,114.75,2216998,psxdata,2026-05-11T12:52:40
OGDC,2020-09-01,114.52,114.7,112.49,112.72,3137803,psxdata,2026-05-11T12:52:40
OGDC,2020-09-02,113.02,114.0,113.02,113.74,1525130,psxdata,2026-05-11T12:52:40
OGDC,2020-09-03,113.2,114.0,113.08,113.3,2017038,psxdata,2026-05-11T12:52:40
OGDC,2020-09-04,112.81,113.59,112.3,113.25,1397461,psxdata,2026-05-11T12:52:40
OGDC,2020-09-07,112.9,113.48,112.5,112.7,962461,psxdata,2026-05-11T12:52:40
OGDC,2020-09-08,112.49,113.0,111.05,111.37,1513398,psxdata,2026-05-11T12:52:40
OGDC,2020-09-09,110.0,110.0,107.4,108.86,3430381,psxdata,2026-05-11T12:52:40
OGDC,2020-09-10,109.77,111.28,109.77,110.39,1952922,psxdata,2026-05-11T12:52:40
OGDC,2020-09-11,110.1,110.89,109.06,109.4,1184935,psxdata,2026-05-11T12:52:40
OGDC,2020-09-14,109.95,110.48,109.0,109.12,668560,psxdata,2026-05-11T12:52:40
OGDC,2020-09-15,109.55,109.65,108.8,109.01,483012,psxdata,2026-05-11T12:52:40
OGDC,2020-09-16,110.0,110.0,109.2,109.34,795701,psxdata,2026-05-11T12:52:40
OGDC,2020-09-17,109.9,110.8,109.06,109.4,865104,psxdata,2026-05-11T12:52:40
OGDC,2020-09-18,110.0,113.5,107.1,112.35,3354422,psxdata,2026-05-11T12:52:40
OGDC,2020-09-21,112.45,112.45,110.18,110.5,650619,psxdata,2026-05-11T12:52:40
OGDC,2020-09-22,110.0,110.44,108.9,109.29,973385,psxdata,2026-05-11T12:52:40
OGDC,2020-09-23,109.35,109.5,107.8,108.11,1093151,psxdata,2026-05-11T12:52:40
OGDC,2020-09-24,108.11,108.2,103.99,104.79,3022784,psxdata,2026-05-11T12:52:40
OGDC,2020-09-25,105.0,105.8,103.53,104.1,2478158,psxdata,2026-05-11T12:52:40
OGDC,2020-09-28,103.99,106.5,103.0,104.09,2915226,psxdata,2026-05-11T12:52:40
OGDC,2020-09-29,104.59,106.0,104.5,105.54,1509007,psxdata,2026-05-11T12:52:40
OGDC,2020-09-30,105.74,107.35,97.63,103.6,2529473,psxdata,2026-05-11T12:52:40
OGDC,2020-10-01,102.35,104.87,102.0,104.19,1538538,psxdata,2026-05-11T12:52:40
OGDC,2020-10-02,104.0,104.0,100.51,101.11,1096127,psxdata,2026-05-11T12:52:40
OGDC,2020-10-05,101.0,102.3,99.0,100.24,1554229,psxdata,2026-05-11T12:52:40
OGDC,2020-10-06,99.9,101.25,97.63,98.98,1177022,psxdata,2026-05-11T12:52:40
OGDC,2020-10-07,99.5,100.0,97.5,99.14,1332931,psxdata,2026-05-11T12:52:40
OGDC,2020-10-08,99.6,104.0,99.6,103.38,2528217,psxdata,2026-05-11T12:52:40
OGDC,2020-10-09,103.4,106.5,103.4,105.5,1942314,psxdata,2026-05-11T12:52:40
OGDC,2020-10-12,106.29,106.29,102.0,102.42,1313815,psxdata,2026-05-11T12:52:40
OGDC,2020-10-13,102.1,102.49,100.15,100.77,1133606,psxdata,2026-05-11T12:52:40
OGDC,2020-10-14,101.0,101.74,100.65,101.2,939226,psxdata,2026-05-11T12:52:40
OGDC,2020-10-15,102.5,103.5,101.0,101.09,1522734,psxdata,2026-05-11T12:52:40
OGDC,2020-10-16,101.15,101.43,99.9,101.2,1113039,psxdata,2026-05-11T12:52:40
OGDC,2020-10-19,101.4,102.61,99.57,101.87,460015,psxdata,2026-05-11T12:52:40
OGDC,2020-10-20,100.49,101.89,100.21,101.28,992537,psxdata,2026-05-11T12:52:40
OGDC,2020-10-21,101.55,102.4,101.07,101.67,1374114,psxdata,2026-05-11T12:52:40
OGDC,2020-10-22,101.35,101.35,98.3,98.92,2570794,psxdata,2026-05-11T12:52:40
OGDC,2020-10-23,98.65,99.79,97.1,97.55,1819780,psxdata,2026-05-11T12:52:40
OGDC,2020-10-26,98.0,98.99,97.83,98.42,1142033,psxdata,2026-05-11T12:52:40
OGDC,2020-10-27,98.39,98.39,96.75,96.91,1077829,psxdata,2026-05-11T12:52:40
OGDC,2020-10-28,97.04,97.49,95.4,95.91,1953957,psxdata,2026-05-11T12:52:40
OGDC,2020-10-29,96.0,96.0,90.01,93.43,4564122,psxdata,2026-05-11T12:52:40
OGDC,2020-11-02,92.4,92.4,88.5,88.86,4241952,psxdata,2026-05-11T12:52:40
OGDC,2020-11-03,90.0,91.9,89.56,91.19,3186217,psxdata,2026-05-11T12:52:40
OGDC,2020-11-04,92.2,92.99,91.6,92.03,3188180,psxdata,2026-05-11T12:52:40
OGDC,2020-11-05,93.9,96.65,93.9,95.49,4060550,psxdata,2026-05-11T12:52:40
OGDC,2020-11-06,95.02,95.94,94.49,94.53,1918179,psxdata,2026-05-11T12:52:40
OGDC,2020-11-09,95.45,95.45,93.5,93.96,840682,psxdata,2026-05-11T12:52:40
OGDC,2020-11-10,97.5,99.4,97.1,97.75,6612017,psxdata,2026-05-11T12:52:40
OGDC,2020-11-11,99.5,101.9,98.3,101.5,5111900,psxdata,2026-05-11T12:52:40
OGDC,2020-11-12,100.51,100.75,98.0,98.58,2141038,psxdata,2026-05-11T12:52:40
OGDC,2020-11-13,98.4,98.4,96.2,96.72,695854,psxdata,2026-05-11T12:52:40
OGDC,2020-11-16,96.72,97.0,95.1,95.4,1263960,psxdata,2026-05-11T12:52:40
OGDC,2020-11-17,96.25,97.25,94.79,95.04,3723305,psxdata,2026-05-11T12:52:40
OGDC,2020-11-18,95.4,95.4,94.02,94.49,742230,psxdata,2026-05-11T12:52:40
OGDC,2020-11-19,94.41,94.99,93.5,93.7,779661,psxdata,2026-05-11T12:52:40
OGDC,2020-11-20,93.81,94.5,93.12,93.64,1026767,psxdata,2026-05-11T12:52:40
OGDC,2020-11-23,93.61,93.61,92.0,92.75,1993872,psxdata,2026-05-11T12:52:40
OGDC,2020-11-24,94.4,94.94,93.03,93.82,2040804,psxdata,2026-05-11T12:52:40
OGDC,2020-11-25,97.0,100.85,96.75,99.97,7659750,psxdata,2026-05-11T12:52:40
OGDC,2020-11-26,103.0,105.0,100.5,101.23,6461103,psxdata,2026-05-11T12:52:40
OGDC,2020-11-27,100.61,100.61,98.84,99.6,3394802,psxdata,2026-05-11T12:52:40
OGDC,2020-11-30,98.51,100.6,97.5,99.39,6206621,psxdata,2026-05-11T12:52:40
OGDC,2020-12-01,99.05,101.15,99.01,100.19,3315129,psxdata,2026-05-11T12:52:40
OGDC,2020-12-02,100.0,101.2,99.5,100.37,2348111,psxdata,2026-05-11T12:52:40
OGDC,2020-12-03,101.1,101.88,100.0,100.1,2341903,psxdata,2026-05-11T12:52:40
OGDC,2020-12-04,102.9,103.47,102.3,102.7,5176309,psxdata,2026-05-11T12:52:40
OGDC,2020-12-07,102.05,102.1,100.5,100.87,1950994,psxdata,2026-05-11T12:52:40
OGDC,2020-12-08,101.0,101.05,100.01,100.16,2365783,psxdata,2026-05-11T12:52:40
OGDC,2020-12-09,100.17,102.0,100.17,101.79,1872727,psxdata,2026-05-11T12:52:40
OGDC,2020-12-10,102.0,102.18,101.1,101.83,1276135,psxdata,2026-05-11T12:52:40
OGDC,2020-12-11,103.0,103.0,101.51,102.77,2905801,psxdata,2026-05-11T12:52:40
OGDC,2020-12-14,102.84,106.6,102.83,106.18,3527377,psxdata,2026-05-11T12:52:40
OGDC,2020-12-15,106.0,107.0,104.15,104.59,2515710,psxdata,2026-05-11T12:52:40
OGDC,2020-12-16,106.0,108.9,104.53,108.31,4783136,psxdata,2026-05-11T12:52:40
OGDC,2020-12-17,110.25,111.1,109.0,110.08,3523099,psxdata,2026-05-11T12:52:40
OGDC,2020-12-18,111.0,111.0,109.0,110.32,2833156,psxdata,2026-05-11T12:52:40
OGDC,2020-12-21,109.3,109.3,105.03,105.63,3880522,psxdata,2026-05-11T12:52:40
OGDC,2020-12-22,105.5,106.58,103.03,103.93,2751900,psxdata,2026-05-11T12:52:40
OGDC,2020-12-23,103.0,105.0,102.69,104.37,1817988,psxdata,2026-05-11T12:52:40
OGDC,2020-12-24,105.8,106.99,104.51,105.05,1826726,psxdata,2026-05-11T12:52:40
OGDC,2020-12-28,106.0,106.44,105.25,105.68,1044086,psxdata,2026-05-11T12:52:40
OGDC,2020-12-29,105.82,106.08,103.51,103.93,1644352,psxdata,2026-05-11T12:52:40
OGDC,2020-12-30,104.01,105.15,103.75,104.26,2091445,psxdata,2026-05-11T12:52:40
OGDC,2020-12-31,104.3,104.75,103.12,103.77,1309115,psxdata,2026-05-11T12:52:40
OGDC,2021-01-01,104.0,111.49,103.8,110.1,12335845,psxdata,2026-05-11T12:52:40
OGDC,2021-01-04,116.99,116.99,112.8,114.41,10342925,psxdata,2026-05-11T12:52:40
OGDC,2021-01-05,111.75,114.41,111.0,111.64,3729224,psxdata,2026-05-11T12:52:40
OGDC,2021-01-06,115.0,115.51,112.0,113.39,6283154,psxdata,2026-05-11T12:52:40
OGDC,2021-01-07,115.0,115.0,110.11,112.08,4186488,psxdata,2026-05-11T12:52:40
OGDC,2021-01-08,112.48,114.35,111.6,113.87,2002265,psxdata,2026-05-11T12:52:40
OGDC,2021-01-11,116.0,116.2,113.01,113.58,2984995,psxdata,2026-05-11T12:52:40
OGDC,2021-01-12,113.6,116.4,113.26,115.68,4045190,psxdata,2026-05-11T12:52:40
OGDC,2021-01-13,117.1,118.0,114.67,115.89,2968465,psxdata,2026-05-11T12:52:40
OGDC,2021-01-14,115.5,115.75,113.4,113.66,1674716,psxdata,2026-05-11T12:52:40
OGDC,2021-01-15,114.29,114.5,113.46,113.58,1159144,psxdata,2026-05-11T12:52:40
OGDC,2021-01-18,112.59,112.9,110.42,110.89,1847870,psxdata,2026-05-11T12:52:40
OGDC,2021-01-19,110.0,115.5,109.31,112.47,3553715,psxdata,2026-05-11T12:52:40
OGDC,2021-01-20,112.5,112.5,109.55,110.1,4157517,psxdata,2026-05-11T12:52:40
OGDC,2021-01-21,110.0,111.5,110.0,110.38,1032668,psxdata,2026-05-11T12:52:40
OGDC,2021-01-22,110.35,110.85,109.1,109.56,1769105,psxdata,2026-05-11T12:52:40
OGDC,2021-01-25,109.8,110.4,108.25,108.55,1688323,psxdata,2026-05-11T12:52:40
OGDC,2021-01-26,108.7,109.5,107.9,108.28,2174183,psxdata,2026-05-11T12:52:40
OGDC,2021-01-27,108.5,109.5,107.8,108.39,2304601,psxdata,2026-05-11T12:52:40
OGDC,2021-01-28,108.0,108.5,106.5,106.71,1992542,psxdata,2026-05-11T12:52:40
OGDC,2021-01-29,106.25,108.8,106.2,106.97,4108810,psxdata,2026-05-11T12:52:40
OGDC,2021-02-01,107.5,108.09,106.25,106.49,2035450,psxdata,2026-05-11T12:52:40
OGDC,2021-02-02,108.0,110.55,106.7,109.1,4178836,psxdata,2026-05-11T12:52:40
OGDC,2021-02-03,111.0,111.2,109.4,110.41,3572963,psxdata,2026-05-11T12:52:40
OGDC,2021-02-04,114.1,114.99,112.45,113.26,7448787,psxdata,2026-05-11T12:52:40
OGDC,2021-02-08,114.5,115.99,113.5,113.82,2682481,psxdata,2026-05-11T12:52:40
OGDC,2021-02-09,115.5,115.7,114.2,114.36,1829674,psxdata,2026-05-11T12:52:40
OGDC,2021-02-10,114.01,114.24,111.96,112.1,1866865,psxdata,2026-05-11T12:52:40
OGDC,2021-02-11,112.75,113.0,110.01,111.39,2177397,psxdata,2026-05-11T12:52:40
OGDC,2021-02-12,111.5,111.5,107.75,108.55,1470778,psxdata,2026-05-11T12:52:40
OGDC,2021-02-15,111.98,113.49,110.15,112.24,4335688,psxdata,2026-05-11T12:52:40
OGDC,2021-02-16,113.0,115.45,112.01,113.89,7213885,psxdata,2026-05-11T12:52:40
OGDC,2021-02-17,114.45,114.45,112.01,112.38,1318862,psxdata,2026-05-11T12:52:40
OGDC,2021-02-18,113.5,113.5,110.66,111.0,1081394,psxdata,2026-05-11T12:52:40
OGDC,2021-02-19,110.15,111.43,109.91,110.9,1031407,psxdata,2026-05-11T12:52:40
OGDC,2021-02-22,111.4,111.49,108.25,108.6,1957035,psxdata,2026-05-11T12:52:40
OGDC,2021-02-23,110.5,110.9,109.4,109.65,1585099,psxdata,2026-05-11T12:52:40
OGDC,2021-02-24,109.88,110.4,107.01,107.51,2307881,psxdata,2026-05-11T12:52:40
OGDC,2021-02-25,108.48,108.85,107.8,108.32,1512011,psxdata,2026-05-11T12:52:40
OGDC,2021-02-26,108.49,108.49,103.7,104.72,3601810,psxdata,2026-05-11T12:52:40
OGDC,2021-03-01,105.15,105.45,103.4,104.48,993856,psxdata,2026-05-11T12:52:40
OGDC,2021-03-02,104.0,107.0,103.71,105.4,1627498,psxdata,2026-05-11T12:52:40
OGDC,2021-03-03,105.99,106.7,104.05,106.22,849105,psxdata,2026-05-11T12:52:40
OGDC,2021-03-04,103.5,106.0,103.5,104.28,1610733,psxdata,2026-05-11T12:52:40
OGDC,2021-03-05,106.4,108.4,104.25,107.1,1858659,psxdata,2026-05-11T12:52:40
OGDC,2021-03-08,110.2,110.7,105.15,105.82,2395827,psxdata,2026-05-11T12:52:40
OGDC,2021-03-09,105.55,106.89,103.75,104.46,2853692,psxdata,2026-05-11T12:52:40
OGDC,2021-03-10,104.2,106.98,102.99,104.82,1876974,psxdata,2026-05-11T12:52:40
OGDC,2021-03-11,104.82,104.82,99.51,100.31,2084377,psxdata,2026-05-11T12:52:40
OGDC,2021-03-12,101.99,105.7,100.5,102.69,2098877,psxdata,2026-05-11T12:52:40
OGDC,2021-03-15,103.51,104.39,101.0,102.78,1932102,psxdata,2026-05-11T12:52:40
OGDC,2021-03-16,103.0,103.5,101.7,101.99,1165356,psxdata,2026-05-11T12:52:40
OGDC,2021-03-17,102.74,103.68,102.3,102.78,1355557,psxdata,2026-05-11T12:52:40
OGDC,2021-03-18,102.89,103.44,101.5,101.84,1306093,psxdata,2026-05-11T12:52:40
OGDC,2021-03-19,100.0,101.56,99.0,99.97,2677642,psxdata,2026-05-11T12:52:40
OGDC,2021-03-22,100.01,107.46,99.5,107.31,8999850,psxdata,2026-05-11T12:52:40
OGDC,2021-03-24,105.24,105.75,103.9,104.25,3588046,psxdata,2026-05-11T12:52:40
OGDC,2021-03-25,105.01,106.45,103.96,104.27,1560844,psxdata,2026-05-11T12:52:40
OGDC,2021-03-26,104.0,104.0,103.0,103.06,1635638,psxdata,2026-05-11T12:52:40
OGDC,2021-03-29,103.0,103.0,100.5,101.25,1232073,psxdata,2026-05-11T12:52:40
OGDC,2021-03-30,101.9,102.0,100.5,101.43,909090,psxdata,2026-05-11T12:52:40
OGDC,2021-03-31,102.0,103.0,100.01,101.61,1285499,psxdata,2026-05-11T12:52:40
OGDC,2021-04-01,101.35,102.95,100.5,100.98,473705,psxdata,2026-05-11T12:52:40
OGDC,2021-04-02,100.96,101.94,100.5,100.7,422249,psxdata,2026-05-11T12:52:40
OGDC,2021-04-05,101.14,101.15,99.05,99.31,830819,psxdata,2026-05-11T12:52:40
OGDC,2021-04-06,99.94,101.38,99.1,100.55,609550,psxdata,2026-05-11T12:52:40
OGDC,2021-04-07,100.95,100.99,97.0,97.59,2110946,psxdata,2026-05-11T12:52:40
OGDC,2021-04-08,98.59,99.0,97.61,98.66,828633,psxdata,2026-05-11T12:52:40
OGDC,2021-04-09,97.98,98.79,97.06,98.41,365030,psxdata,2026-05-11T12:52:40
OGDC,2021-04-12,98.2,98.35,96.7,96.97,660608,psxdata,2026-05-11T12:52:40
OGDC,2021-04-13,96.9,97.28,96.5,96.82,869855,psxdata,2026-05-11T12:52:40
OGDC,2021-04-14,96.68,98.2,96.68,97.9,1044382,psxdata,2026-05-11T12:52:40
OGDC,2021-04-15,99.1,99.5,98.5,98.97,799784,psxdata,2026-05-11T12:52:40
OGDC,2021-04-16,99.45,99.5,98.8,99.06,404713,psxdata,2026-05-11T12:52:40
OGDC,2021-04-19,99.0,99.0,97.1,98.28,593737,psxdata,2026-05-11T12:52:40
OGDC,2021-04-20,98.6,99.25,98.35,98.44,293095,psxdata,2026-05-11T12:52:40
OGDC,2021-04-21,98.2,98.2,97.06,97.37,410307,psxdata,2026-05-11T12:52:40
OGDC,2021-04-22,97.05,97.44,94.21,94.72,2251767,psxdata,2026-05-11T12:52:40
OGDC,2021-04-23,94.0,94.43,92.41,92.66,1502618,psxdata,2026-05-11T12:52:40
OGDC,2021-04-26,93.0,99.6,92.02,99.47,3393405,psxdata,2026-05-11T12:52:40
OGDC,2021-04-27,99.25,99.25,93.5,94.71,3091962,psxdata,2026-05-11T12:52:40
OGDC,2021-04-28,94.5,95.0,91.9,92.29,2343142,psxdata,2026-05-11T12:52:40
OGDC,2021-04-29,93.0,93.5,92.29,92.95,938494,psxdata,2026-05-11T12:52:40
OGDC,2021-04-30,93.08,93.3,91.0,91.51,1008579,psxdata,2026-05-11T12:52:40
OGDC,2021-05-03,91.51,92.49,90.45,91.04,1255271,psxdata,2026-05-11T12:52:40
OGDC,2021-05-04,91.65,92.05,91.2,91.48,478713,psxdata,2026-05-11T12:52:40
OGDC,2021-05-05,93.5,94.0,92.1,92.5,684613,psxdata,2026-05-11T12:52:40
OGDC,2021-05-06,93.4,94.45,92.25,92.67,1616453,psxdata,2026-05-11T12:52:40
OGDC,2021-05-17,91.0,92.67,86.25,88.38,16646719,psxdata,2026-05-11T12:52:40
OGDC,2021-05-18,89.05,89.8,88.0,88.9,8459795,psxdata,2026-05-11T12:52:40
OGDC,2021-05-19,89.0,91.29,88.9,89.76,8450798,psxdata,2026-05-11T12:52:40
OGDC,2021-05-20,90.0,90.15,87.98,88.14,4431796,psxdata,2026-05-11T12:52:40
OGDC,2021-05-21,88.75,91.0,88.0,89.99,3512679,psxdata,2026-05-11T12:52:40
OGDC,2021-05-24,91.61,92.49,89.51,90.02,14364647,psxdata,2026-05-11T12:52:40
OGDC,2021-05-25,90.8,91.3,90.0,90.14,6728391,psxdata,2026-05-11T12:52:40
OGDC,2021-05-26,90.25,93.7,90.25,93.1,9975856,psxdata,2026-05-11T12:52:40
OGDC,2021-05-27,94.75,94.99,91.8,93.14,47490914,psxdata,2026-05-11T12:52:40
OGDC,2021-05-28,94.2,96.89,93.55,95.44,16838692,psxdata,2026-05-11T12:52:40
OGDC,2021-05-31,96.25,97.8,96.01,97.49,11393682,psxdata,2026-05-11T12:52:40
OGDC,2021-06-01,98.75,99.45,98.0,98.9,8178191,psxdata,2026-05-11T12:52:40
OGDC,2021-06-02,99.3,99.3,97.0,97.48,4758839,psxdata,2026-05-11T12:52:40
OGDC,2021-06-03,98.1,98.3,97.0,97.09,4182795,psxdata,2026-05-11T12:52:40
OGDC,2021-06-04,97.5,98.4,97.11,97.46,5314566,psxdata,2026-05-11T12:52:40
OGDC,2021-06-07,98.89,99.5,97.02,97.4,5583015,psxdata,2026-05-11T12:52:40
OGDC,2021-06-08,97.62,97.62,96.2,96.49,3438498,psxdata,2026-05-11T12:52:40
OGDC,2021-06-09,95.5,95.88,91.85,92.28,6145834,psxdata,2026-05-11T12:52:40
OGDC,2021-06-10,92.36,92.94,91.7,92.0,9639665,psxdata,2026-05-11T12:52:40
OGDC,2021-06-11,92.4,93.05,91.82,92.72,5803980,psxdata,2026-05-11T12:52:40
OGDC,2021-06-14,95.5,99.67,95.0,99.67,25332363,psxdata,2026-05-11T12:52:40
OGDC,2021-06-15,101.5,103.9,99.75,99.97,12115901,psxdata,2026-05-11T12:52:40
OGDC,2021-06-16,101.05,101.9,99.01,99.52,5458926,psxdata,2026-05-11T12:52:40
OGDC,2021-06-17,98.97,101.9,98.75,100.17,6791321,psxdata,2026-05-11T12:52:40
OGDC,2021-06-18,99.9,101.5,99.1,99.26,3151921,psxdata,2026-05-11T12:52:40
OGDC,2021-06-21,99.8,100.7,98.98,99.09,3287354,psxdata,2026-05-11T12:52:40
OGDC,2021-06-22,99.5,100.0,98.38,98.53,3768580,psxdata,2026-05-11T12:52:40
OGDC,2021-06-23,99.11,100.6,98.0,99.2,10269396,psxdata,2026-05-11T12:52:40
OGDC,2021-06-24,99.3,100.25,98.7,98.94,3856256,psxdata,2026-05-11T12:52:40
OGDC,2021-06-25,98.99,99.25,97.65,98.0,4557299,psxdata,2026-05-11T12:52:40
OGDC,2021-06-28,97.91,98.4,96.25,96.77,9473433,psxdata,2026-05-11T12:52:40
OGDC,2021-06-29,97.62,97.62,93.8,94.27,11650517,psxdata,2026-05-11T12:52:40
OGDC,2021-06-30,94.5,95.99,94.5,95.03,2548674,psxdata,2026-05-11T12:52:40
OGDC,2021-07-01,95.8,96.97,95.6,96.26,2715616,psxdata,2026-05-11T12:52:40
OGDC,2021-07-02,96.6,97.0,95.37,95.69,2991441,psxdata,2026-05-11T12:52:40
OGDC,2021-07-05,96.1,97.01,95.2,95.66,10487721,psxdata,2026-05-11T12:52:40
OGDC,2021-07-06,96.48,96.9,94.95,95.29,3304739,psxdata,2026-05-11T12:52:40
OGDC,2021-07-07,95.04,95.49,94.0,94.58,1816655,psxdata,2026-05-11T12:52:40
OGDC,2021-07-08,94.98,96.9,94.05,95.69,4420490,psxdata,2026-05-11T12:52:40
OGDC,2021-07-09,95.22,96.44,94.59,94.73,2247855,psxdata,2026-05-11T12:52:40
OGDC,2021-07-12,94.56,96.7,94.5,94.68,1757839,psxdata,2026-05-11T12:52:40
OGDC,2021-07-13,94.3,94.85,94.05,94.24,2470198,psxdata,2026-05-11T12:52:40
OGDC,2021-07-14,94.5,94.6,94.05,94.19,1844603,psxdata,2026-05-11T12:52:40
OGDC,2021-07-15,94.29,97.49,94.0,96.03,6877597,psxdata,2026-05-11T12:52:40
OGDC,2021-07-16,96.45,96.7,95.25,95.78,1351095,psxdata,2026-05-11T12:52:40
OGDC,2021-07-19,96.75,96.79,95.7,95.87,1977976,psxdata,2026-05-11T12:52:40
OGDC,2021-07-23,95.96,96.8,95.4,96.01,1450453,psxdata,2026-05-11T12:52:40
OGDC,2021-07-26,96.11,96.3,94.0,94.36,5130885,psxdata,2026-05-11T12:52:40
OGDC,2021-07-27,94.4,95.2,94.0,94.14,918368,psxdata,2026-05-11T12:52:40
OGDC,2021-07-28,94.49,94.6,93.11,93.41,1054649,psxdata,2026-05-11T12:52:40
OGDC,2021-07-29,93.21,94.25,92.75,93.2,2330149,psxdata,2026-05-11T12:52:40
OGDC,2021-07-30,93.45,94.98,93.2,93.39,3858764,psxdata,2026-05-11T12:52:40
OGDC,2021-08-02,93.89,94.3,93.75,94.04,1341589,psxdata,2026-05-11T12:52:40
OGDC,2021-08-03,94.29,94.29,93.0,93.37,2492393,psxdata,2026-05-11T12:52:40
OGDC,2021-08-04,93.21,93.75,92.95,93.07,2693104,psxdata,2026-05-11T12:52:40
OGDC,2021-08-05,93.0,93.15,92.82,93.02,1122036,psxdata,2026-05-11T12:52:40
OGDC,2021-08-06,93.19,93.65,92.92,93.03,1041317,psxdata,2026-05-11T12:52:40
OGDC,2021-08-09,93.06,93.43,92.0,92.28,1296531,psxdata,2026-05-11T12:52:40
OGDC,2021-08-10,92.28,92.63,91.75,92.17,1300537,psxdata,2026-05-11T12:52:40
OGDC,2021-08-11,92.17,92.75,91.8,91.96,667085,psxdata,2026-05-11T12:52:40
OGDC,2021-08-12,92.09,92.29,91.5,91.75,1545837,psxdata,2026-05-11T12:52:40
OGDC,2021-08-13,91.71,91.84,90.85,90.98,454529,psxdata,2026-05-11T12:52:40
OGDC,2021-08-16,90.51,91.0,89.8,90.67,1015930,psxdata,2026-05-11T12:52:40
OGDC,2021-08-17,91.0,91.29,90.6,90.89,765656,psxdata,2026-05-11T12:52:40
OGDC,2021-08-20,90.7,91.0,90.21,90.45,539327,psxdata,2026-05-11T12:52:40
OGDC,2021-08-23,91.0,95.0,90.45,93.42,3574314,psxdata,2026-05-11T12:52:40
OGDC,2021-08-24,93.75,94.0,92.74,92.93,1478566,psxdata,2026-05-11T12:52:40
OGDC,2021-08-25,92.95,93.88,92.55,92.79,1774186,psxdata,2026-05-11T12:52:40
OGDC,2021-08-26,92.75,93.4,91.73,91.95,906337,psxdata,2026-05-11T12:52:40
OGDC,2021-08-27,91.99,91.99,90.31,90.99,1831637,psxdata,2026-05-11T12:52:40
OGDC,2021-08-30,91.25,93.99,91.25,92.67,2555308,psxdata,2026-05-11T12:52:40
OGDC,2021-08-31,92.7,93.54,92.1,92.86,1163744,psxdata,2026-05-11T12:52:40
OGDC,2021-09-01,93.5,93.85,92.86,92.97,1378657,psxdata,2026-05-11T12:52:40
OGDC,2021-09-02,92.86,92.86,91.11,91.4,1049966,psxdata,2026-05-11T12:52:40
OGDC,2021-09-03,91.5,92.39,90.6,91.19,1741010,psxdata,2026-05-11T12:52:40
OGDC,2021-09-06,90.97,92.2,90.97,91.46,912364,psxdata,2026-05-11T12:52:40
OGDC,2021-09-07,91.5,91.5,90.01,90.52,1075007,psxdata,2026-05-11T12:52:40
OGDC,2021-09-08,90.5,91.0,87.5,88.12,3841170,psxdata,2026-05-11T12:52:40
OGDC,2021-09-09,88.5,89.45,88.16,88.55,1529209,psxdata,2026-05-11T12:52:40
OGDC,2021-09-10,88.5,89.6,88.5,88.99,1755763,psxdata,2026-05-11T12:52:40
OGDC,2021-09-13,89.74,90.52,89.2,89.55,1570144,psxdata,2026-05-11T12:52:40
OGDC,2021-09-14,89.85,90.7,87.87,88.06,2993014,psxdata,2026-05-11T12:52:40
OGDC,2021-09-15,88.6,88.6,87.0,87.56,1078705,psxdata,2026-05-11T12:52:40
OGDC,2021-09-16,88.09,89.75,87.78,89.17,4201784,psxdata,2026-05-11T12:52:40
OGDC,2021-09-17,89.5,90.4,88.25,88.78,3501545,psxdata,2026-05-11T12:52:40
OGDC,2021-09-20,89.3,89.3,87.2,87.38,1106377,psxdata,2026-05-11T12:52:40
OGDC,2021-09-21,87.9,87.9,85.01,85.96,1880219,psxdata,2026-05-11T12:52:40
OGDC,2021-09-22,85.9,86.1,84.2,85.09,2706271,psxdata,2026-05-11T12:52:40
OGDC,2021-09-23,85.3,85.95,81.0,83.43,3059990,psxdata,2026-05-11T12:52:40
OGDC,2021-09-24,84.0,84.6,82.95,84.24,2210113,psxdata,2026-05-11T12:52:40
OGDC,2021-09-27,84.9,85.5,83.9,84.62,2957017,psxdata,2026-05-11T12:52:40
OGDC,2021-09-28,84.4,84.5,81.25,83.39,7349133,psxdata,2026-05-11T12:52:40
OGDC,2021-09-29,83.0,83.5,81.2,81.59,6406389,psxdata,2026-05-11T12:52:40
OGDC,2021-09-30,81.12,84.9,80.6,83.8,3986605,psxdata,2026-05-11T12:52:40
OGDC,2021-10-01,83.95,83.95,82.65,83.11,1223045,psxdata,2026-05-11T12:52:40
OGDC,2021-10-04,83.25,83.53,82.75,83.4,1085134,psxdata,2026-05-11T12:52:40
OGDC,2021-10-05,83.8,83.8,80.94,81.15,3965185,psxdata,2026-05-11T12:52:40
OGDC,2021-10-06,81.5,83.25,81.17,81.4,3174188,psxdata,2026-05-11T12:52:40
OGDC,2021-10-07,81.88,82.35,81.23,81.35,947091,psxdata,2026-05-11T12:52:40
OGDC,2021-10-08,81.85,81.85,81.1,81.5,2917327,psxdata,2026-05-11T12:52:40
OGDC,2021-10-11,81.51,82.5,81.29,81.74,1850337,psxdata,2026-05-11T12:52:40
OGDC,2021-10-12,82.0,82.3,80.83,81.84,2561805,psxdata,2026-05-11T12:52:40
OGDC,2021-10-13,81.4,83.2,80.51,81.03,2533731,psxdata,2026-05-11T12:52:40
OGDC,2021-10-14,80.53,82.49,80.23,81.75,2718612,psxdata,2026-05-11T12:52:40
OGDC,2021-10-15,82.2,84.95,81.5,84.2,4721041,psxdata,2026-05-11T12:52:40
OGDC,2021-10-18,83.75,89.5,83.26,86.12,5744903,psxdata,2026-05-11T12:52:40
OGDC,2021-10-20,85.5,85.65,83.9,84.1,1313329,psxdata,2026-05-11T12:52:40
OGDC,2021-10-21,84.5,87.19,84.15,85.95,3614738,psxdata,2026-05-11T12:52:40
OGDC,2021-10-22,85.89,85.89,83.9,84.43,1986965,psxdata,2026-05-11T12:52:40
OGDC,2021-10-25,84.78,85.5,84.25,84.97,761334,psxdata,2026-05-11T12:52:40
OGDC,2021-10-26,85.89,85.89,83.51,83.73,601163,psxdata,2026-05-11T12:52:40
OGDC,2021-10-27,85.5,85.5,83.76,84.15,939830,psxdata,2026-05-11T12:52:40
OGDC,2021-10-28,84.01,85.2,83.55,84.59,1358121,psxdata,2026-05-11T12:52:40
OGDC,2021-10-29,84.75,86.0,84.75,85.24,2381766,psxdata,2026-05-11T12:52:40
OGDC,2021-11-01,86.0,88.99,85.85,88.0,4670531,psxdata,2026-05-11T12:52:40
OGDC,2021-11-02,88.2,89.69,87.52,87.86,3228702,psxdata,2026-05-11T12:52:40
OGDC,2021-11-03,87.8,87.8,85.61,86.43,8389963,psxdata,2026-05-11T12:52:40
OGDC,2021-11-04,86.3,86.7,85.6,86.53,4435522,psxdata,2026-05-11T12:52:40
OGDC,2021-11-05,86.1,87.9,86.1,87.62,4691853,psxdata,2026-05-11T12:52:40
OGDC,2021-11-08,86.47,86.47,84.55,84.89,1229180,psxdata,2026-05-11T12:52:40
OGDC,2021-11-09,85.0,85.29,82.7,83.12,2270370,psxdata,2026-05-11T12:52:40
OGDC,2021-11-10,83.71,85.0,83.56,84.82,1513019,psxdata,2026-05-11T12:52:40
OGDC,2021-11-11,84.5,85.0,83.33,83.51,1337772,psxdata,2026-05-11T12:52:40
OGDC,2021-11-12,83.0,83.1,81.25,81.37,1752873,psxdata,2026-05-11T12:52:40
OGDC,2021-11-15,81.31,82.5,81.05,81.43,689072,psxdata,2026-05-11T12:52:40
OGDC,2021-11-16,81.95,85.49,81.95,84.76,2262921,psxdata,2026-05-11T12:52:40
OGDC,2021-11-17,84.25,84.49,83.5,83.98,948047,psxdata,2026-05-11T12:52:40
OGDC,2021-11-18,84.0,84.0,82.81,83.86,1558134,psxdata,2026-05-11T12:52:40
OGDC,2021-11-19,83.8,85.5,83.5,84.3,6338668,psxdata,2026-05-11T12:52:40
OGDC,2021-11-22,84.0,84.8,83.0,83.95,2249792,psxdata,2026-05-11T12:52:40
OGDC,2021-11-23,84.48,84.53,81.86,82.01,1841420,psxdata,2026-05-11T12:52:40
OGDC,2021-11-24,82.17,83.2,81.1,82.18,4921535,psxdata,2026-05-11T12:52:40
OGDC,2021-11-25,82.39,82.39,81.01,81.6,1246576,psxdata,2026-05-11T12:52:40
OGDC,2021-11-26,81.11,81.79,80.0,80.38,1999175,psxdata,2026-05-11T12:52:40
OGDC,2021-11-29,79.5,82.79,79.5,82.4,3427846,psxdata,2026-05-11T12:52:40
OGDC,2021-11-30,83.52,85.6,83.07,84.93,9514821,psxdata,2026-05-11T12:52:40
OGDC,2021-12-01,84.89,84.89,83.45,83.83,1670063,psxdata,2026-05-11T12:52:40
OGDC,2021-12-02,83.83,83.83,78.76,79.59,4286061,psxdata,2026-05-11T12:52:40
OGDC,2021-12-03,79.7,80.84,78.6,79.76,2906716,psxdata,2026-05-11T12:52:40
OGDC,2021-12-06,80.0,81.48,78.75,81.05,1697795,psxdata,2026-05-11T12:52:40
OGDC,2021-12-07,81.35,86.96,81.35,84.49,7907015,psxdata,2026-05-11T12:52:40
OGDC,2021-12-08,84.99,86.25,83.12,85.3,3556607,psxdata,2026-05-11T12:52:40
OGDC,2021-12-09,84.86,87.99,84.8,86.69,7789954,psxdata,2026-05-11T12:52:40
OGDC,2021-12-10,86.5,87.35,85.5,86.21,2153798,psxdata,2026-05-11T12:52:40
OGDC,2021-12-13,86.0,86.05,83.85,84.06,888232,psxdata,2026-05-11T12:52:40
OGDC,2021-12-14,84.7,84.75,81.86,83.28,3152851,psxdata,2026-05-11T12:52:40
OGDC,2021-12-15,84.0,86.76,83.06,85.51,4636889,psxdata,2026-05-11T12:52:40
OGDC,2021-12-16,85.6,85.6,83.55,83.88,1344460,psxdata,2026-05-11T12:52:40
OGDC,2021-12-17,83.51,85.84,83.1,84.8,2759264,psxdata,2026-05-11T12:52:40
OGDC,2021-12-20,84.9,85.75,84.1,85.34,1736143,psxdata,2026-05-11T12:52:40
OGDC,2021-12-21,85.4,86.25,84.1,84.55,1127439,psxdata,2026-05-11T12:52:40
OGDC,2021-12-22,84.75,87.05,84.75,86.68,5580283,psxdata,2026-05-11T12:52:40
OGDC,2021-12-23,87.47,88.49,86.5,86.7,1850655,psxdata,2026-05-11T12:52:40
OGDC,2021-12-24,86.89,87.35,85.51,86.3,574760,psxdata,2026-05-11T12:52:40
OGDC,2021-12-27,86.59,86.6,85.25,85.52,392903,psxdata,2026-05-11T12:52:40
OGDC,2021-12-28,86.0,86.6,85.6,85.8,768946,psxdata,2026-05-11T12:52:40
OGDC,2021-12-29,85.5,86.45,85.45,85.86,754601,psxdata,2026-05-11T12:52:40
OGDC,2021-12-30,85.55,86.35,84.7,84.94,1399405,psxdata,2026-05-11T12:52:40
OGDC,2021-12-31,84.2,87.3,84.15,86.2,3368560,psxdata,2026-05-11T12:52:40
OGDC,2022-01-03,86.45,87.65,86.16,86.86,2288947,psxdata,2026-05-11T12:52:40
OGDC,2022-01-04,87.35,88.3,87.17,87.92,1970237,psxdata,2026-05-11T12:52:40
OGDC,2022-01-05,88.3,88.9,87.6,87.97,1875335,psxdata,2026-05-11T12:52:40
OGDC,2022-01-06,87.97,88.0,86.57,87.02,619510,psxdata,2026-05-11T12:52:40
OGDC,2022-01-07,87.4,87.9,87.02,87.53,782135,psxdata,2026-05-11T12:52:40
OGDC,2022-01-10,87.53,88.85,87.06,87.95,2180857,psxdata,2026-05-11T12:52:40
OGDC,2022-01-11,87.99,88.42,86.85,87.29,1008011,psxdata,2026-05-11T12:52:40
OGDC,2022-01-12,87.6,89.4,87.59,88.47,4364604,psxdata,2026-05-11T12:52:40
OGDC,2022-01-13,88.25,89.0,88.1,88.27,977741,psxdata,2026-05-11T12:52:40
OGDC,2022-01-14,89.0,89.75,88.5,88.7,3533970,psxdata,2026-05-11T12:52:40
OGDC,2022-01-17,89.0,89.2,87.3,88.4,856159,psxdata,2026-05-11T12:52:40
OGDC,2022-01-18,88.8,89.77,88.3,88.81,3313419,psxdata,2026-05-11T12:52:40
OGDC,2022-01-19,89.31,89.85,87.51,88.09,3512725,psxdata,2026-05-11T12:52:40
OGDC,2022-01-20,88.08,88.89,87.1,88.34,2283068,psxdata,2026-05-11T12:52:40
OGDC,2022-01-21,88.25,88.85,87.7,87.81,635622,psxdata,2026-05-11T12:52:40
OGDC,2022-01-24,88.35,88.44,87.4,87.99,623694,psxdata,2026-05-11T12:52:40
OGDC,2022-01-25,88.02,88.5,87.3,87.53,2371627,psxdata,2026-05-11T12:52:40
OGDC,2022-01-26,87.7,87.9,86.75,86.92,1153802,psxdata,2026-05-11T12:52:40
OGDC,2022-01-27,87.1,87.85,86.5,86.95,1331729,psxdata,2026-05-11T12:52:40
OGDC,2022-01-28,87.0,87.77,86.12,86.26,2530451,psxdata,2026-05-11T12:52:40
OGDC,2022-01-31,87.03,87.25,86.5,87.04,1115476,psxdata,2026-05-11T12:52:40
OGDC,2022-02-01,87.5,88.2,87.02,88.13,1063564,psxdata,2026-05-11T12:52:40
OGDC,2022-02-02,88.5,89.9,88.11,89.6,2264735,psxdata,2026-05-11T12:52:40
OGDC,2022-02-03,90.2,90.35,88.01,88.34,1403327,psxdata,2026-05-11T12:52:40
OGDC,2022-02-04,89.15,90.98,88.7,89.51,7935067,psxdata,2026-05-11T12:52:40
OGDC,2022-02-07,89.75,91.84,89.6,91.53,5926878,psxdata,2026-05-11T12:52:40
OGDC,2022-02-08,91.59,92.4,90.8,91.23,2803404,psxdata,2026-05-11T12:52:40
OGDC,2022-02-09,91.35,93.25,90.85,91.67,5310348,psxdata,2026-05-11T12:52:40
OGDC,2022-02-10,91.5,92.5,90.75,90.89,3345536,psxdata,2026-05-11T12:52:40
OGDC,2022-02-11,90.55,91.45,89.65,89.97,1301741,psxdata,2026-05-11T12:52:40
OGDC,2022-02-14,90.24,90.55,89.2,89.56,2267567,psxdata,2026-05-11T12:52:40
OGDC,2022-02-15,89.85,90.15,88.75,89.0,915389,psxdata,2026-05-11T12:52:40
OGDC,2022-02-16,89.2,89.34,88.15,88.83,552856,psxdata,2026-05-11T12:52:40
OGDC,2022-02-17,88.33,89.8,88.0,88.69,2142672,psxdata,2026-05-11T12:52:40
OGDC,2022-02-18,88.25,90.68,88.25,90.16,2067350,psxdata,2026-05-11T12:52:40
OGDC,2022-02-21,90.7,92.15,89.65,90.19,2214161,psxdata,2026-05-11T12:52:40
OGDC,2022-02-22,90.0,90.49,88.4,89.25,2113420,psxdata,2026-05-11T12:52:40
OGDC,2022-02-23,89.45,90.4,87.12,88.88,3938075,psxdata,2026-05-11T12:52:40
OGDC,2022-02-24,88.25,88.25,86.35,87.19,2314921,psxdata,2026-05-11T12:52:40
OGDC,2022-02-25,87.5,87.95,85.8,86.1,2027329,psxdata,2026-05-11T12:52:40
OGDC,2022-02-28,86.5,88.2,85.25,87.8,2326644,psxdata,2026-05-11T12:52:40
OGDC,2022-03-01,94.38,94.38,91.25,91.62,11205457,psxdata,2026-05-11T12:52:40
OGDC,2022-03-02,91.0,94.01,90.5,92.99,7390044,psxdata,2026-05-11T12:52:40
OGDC,2022-03-03,93.39,95.56,93.25,94.98,11658343,psxdata,2026-05-11T12:52:40
OGDC,2022-03-04,94.5,96.0,94.15,94.79,3900595,psxdata,2026-05-11T12:52:40
OGDC,2022-03-07,93.0,93.85,88.61,90.84,6335213,psxdata,2026-05-11T12:52:40
OGDC,2022-03-08,90.4,91.0,89.0,89.31,2525207,psxdata,2026-05-11T12:52:40
OGDC,2022-03-09,89.5,89.95,87.8,89.31,4171859,psxdata,2026-05-11T12:52:40
OGDC,2022-03-10,90.15,90.3,88.88,89.7,1132010,psxdata,2026-05-11T12:52:40
OGDC,2022-03-11,89.4,90.3,88.4,88.99,1164457,psxdata,2026-05-11T12:52:40
OGDC,2022-03-14,89.5,89.5,87.25,87.55,1353967,psxdata,2026-05-11T12:52:40
OGDC,2022-03-15,87.99,88.18,85.6,86.54,1262623,psxdata,2026-05-11T12:52:40
OGDC,2022-03-16,86.99,87.48,86.25,86.69,741116,psxdata,2026-05-11T12:52:40
OGDC,2022-03-17,86.71,87.34,85.75,85.88,574677,psxdata,2026-05-11T12:52:40
OGDC,2022-03-18,85.5,85.5,82.1,82.49,3365301,psxdata,2026-05-11T12:52:40
OGDC,2022-03-21,83.89,85.95,83.1,83.43,3910864,psxdata,2026-05-11T12:52:40
OGDC,2022-03-22,83.81,84.35,82.75,82.95,1370318,psxdata,2026-05-11T12:52:40
OGDC,2022-03-24,82.9,83.45,82.3,83.27,768055,psxdata,2026-05-11T12:52:40
OGDC,2022-03-25,83.45,83.6,82.51,82.62,633633,psxdata,2026-05-11T12:52:40
OGDC,2022-03-28,83.0,84.4,82.0,84.07,1086114,psxdata,2026-05-11T12:52:40
OGDC,2022-03-29,84.5,85.0,84.0,84.66,1162071,psxdata,2026-05-11T12:52:40
OGDC,2022-03-30,84.45,84.45,82.51,83.08,1819695,psxdata,2026-05-11T12:52:40
OGDC,2022-03-31,82.9,83.49,82.9,83.13,1295794,psxdata,2026-05-11T12:52:40
OGDC,2022-04-01,83.0,83.8,82.8,83.05,993326,psxdata,2026-05-11T12:52:40
OGDC,2022-04-04,80.99,82.34,80.3,80.83,1626371,psxdata,2026-05-11T12:52:40
OGDC,2022-04-05,81.3,81.6,80.15,80.61,600492,psxdata,2026-05-11T12:52:40
OGDC,2022-04-06,80.2,82.35,79.4,79.62,2507663,psxdata,2026-05-11T12:52:40
OGDC,2022-04-07,80.0,80.05,79.0,79.23,1446029,psxdata,2026-05-11T12:52:40
OGDC,2022-04-08,78.3,80.39,78.3,80.22,2141815,psxdata,2026-05-11T12:52:40
OGDC,2022-04-11,82.5,83.75,82.0,83.33,3961781,psxdata,2026-05-11T12:52:40
OGDC,2022-04-12,83.98,83.98,82.4,82.92,1576604,psxdata,2026-05-11T12:52:40
OGDC,2022-04-13,83.24,83.5,82.2,82.48,2138464,psxdata,2026-05-11T12:52:40
OGDC,2022-04-14,82.65,82.82,81.91,82.03,1867346,psxdata,2026-05-11T12:52:40
OGDC,2022-04-15,82.4,82.75,81.6,81.89,1128595,psxdata,2026-05-11T12:52:40
OGDC,2022-04-18,82.11,88.03,82.03,87.86,14234819,psxdata,2026-05-11T12:52:40
OGDC,2022-04-19,87.97,88.88,85.75,86.04,4419457,psxdata,2026-05-11T12:52:40
OGDC,2022-04-20,86.2,86.7,84.02,84.41,1758882,psxdata,2026-05-11T12:52:40
OGDC,2022-04-21,84.0,84.8,83.7,84.44,675099,psxdata,2026-05-11T12:52:40
OGDC,2022-04-22,84.49,86.14,83.82,85.44,1527981,psxdata,2026-05-11T12:52:40
OGDC,2022-04-25,86.5,87.4,86.05,86.22,1239041,psxdata,2026-05-11T12:52:40
OGDC,2022-04-26,86.21,86.21,84.8,85.03,783135,psxdata,2026-05-11T12:52:40
OGDC,2022-04-27,85.79,87.1,84.11,85.11,2524399,psxdata,2026-05-11T12:52:40
OGDC,2022-04-28,84.53,85.8,83.8,84.56,1978240,psxdata,2026-05-11T12:52:40
OGDC,2022-05-06,84.45,84.5,83.0,83.04,2040410,psxdata,2026-05-11T12:52:40
OGDC,2022-05-09,82.91,83.04,79.5,79.84,3524752,psxdata,2026-05-11T12:52:40
OGDC,2022-05-10,79.84,80.85,78.91,79.72,2249661,psxdata,2026-05-11T12:52:40
OGDC,2022-05-11,79.51,79.78,78.72,78.93,4651599,psxdata,2026-05-11T12:52:40
OGDC,2022-05-12,79.15,79.25,77.25,78.34,2260989,psxdata,2026-05-11T12:52:40
OGDC,2022-05-13,79.6,82.75,79.6,81.48,3637398,psxdata,2026-05-11T12:52:40
OGDC,2022-05-16,81.1,81.1,78.9,79.29,1955736,psxdata,2026-05-11T12:52:40
OGDC,2022-05-17,79.55,79.98,79.0,79.1,565021,psxdata,2026-05-11T12:52:40
OGDC,2022-05-18,79.1,79.88,78.16,78.75,882579,psxdata,2026-05-11T12:52:40
OGDC,2022-05-19,78.9,79.49,78.4,78.55,916729,psxdata,2026-05-11T12:52:40
OGDC,2022-05-20,78.5,79.1,78.11,78.84,992406,psxdata,2026-05-11T12:52:40
OGDC,2022-05-23,78.2,78.64,76.92,77.04,1161818,psxdata,2026-05-11T12:52:40
OGDC,2022-05-24,77.0,77.8,76.7,76.95,489413,psxdata,2026-05-11T12:52:40
OGDC,2022-05-25,76.75,76.79,74.75,75.17,3937019,psxdata,2026-05-11T12:52:40
OGDC,2022-05-26,75.58,76.0,74.51,75.19,4567957,psxdata,2026-05-11T12:52:40
OGDC,2022-05-27,76.49,78.37,76.49,77.02,4250275,psxdata,2026-05-11T12:52:40
OGDC,2022-05-30,79.5,81.7,78.38,80.01,8486888,psxdata,2026-05-11T12:52:40
OGDC,2022-05-31,81.3,82.5,80.25,81.08,6257934,psxdata,2026-05-11T12:52:40
OGDC,2022-06-01,80.55,81.5,79.4,79.64,1483402,psxdata,2026-05-11T12:52:40
OGDC,2022-06-02,79.8,80.2,76.95,77.91,3754097,psxdata,2026-05-11T12:52:40
OGDC,2022-06-03,78.0,78.25,76.1,76.76,1294683,psxdata,2026-05-11T12:52:40
OGDC,2022-06-06,77.0,78.6,76.51,77.95,1271660,psxdata,2026-05-11T12:52:40
OGDC,2022-06-07,78.35,78.91,78.0,78.42,687770,psxdata,2026-05-11T12:52:40
OGDC,2022-06-08,78.45,78.8,77.51,78.39,1095509,psxdata,2026-05-11T12:52:40
OGDC,2022-06-09,78.3,80.5,78.25,78.99,1742559,psxdata,2026-05-11T12:52:40
OGDC,2022-06-10,79.15,81.0,78.3,80.62,1746967,psxdata,2026-05-11T12:52:40
OGDC,2022-06-13,80.8,80.8,77.2,77.5,2113031,psxdata,2026-05-11T12:52:40
OGDC,2022-06-14,77.5,78.99,77.4,78.69,1856137,psxdata,2026-05-11T12:52:40
OGDC,2022-06-15,78.68,80.7,78.5,80.11,3089634,psxdata,2026-05-11T12:52:40
OGDC,2022-06-16,80.3,82.5,79.75,81.45,4484707,psxdata,2026-05-11T12:52:40
OGDC,2022-06-17,81.6,84.6,81.6,82.52,5536222,psxdata,2026-05-11T12:52:40
OGDC,2022-06-20,83.0,83.24,81.45,81.69,1385672,psxdata,2026-05-11T12:52:40
OGDC,2022-06-21,82.35,83.49,81.15,83.08,3035631,psxdata,2026-05-11T12:52:40
OGDC,2022-06-22,84.0,84.39,82.45,82.97,2041969,psxdata,2026-05-11T12:52:40
OGDC,2022-06-23,82.91,84.05,82.5,82.98,2674158,psxdata,2026-05-11T12:52:40
OGDC,2022-06-24,83.1,83.1,76.76,79.4,6788080,psxdata,2026-05-11T12:52:40
OGDC,2022-06-27,79.6,80.5,78.45,78.98,2192878,psxdata,2026-05-11T12:52:40
OGDC,2022-06-28,79.88,79.88,78.05,78.45,1868558,psxdata,2026-05-11T12:52:40
OGDC,2022-06-29,79.0,79.2,77.4,77.57,2256249,psxdata,2026-05-11T12:52:40
OGDC,2022-06-30,77.57,79.88,77.11,78.67,4790126,psxdata,2026-05-11T12:52:40
OGDC,2022-07-01,78.67,79.0,77.8,78.05,1139618,psxdata,2026-05-11T12:52:40
OGDC,2022-07-04,77.75,78.5,77.5,77.6,468516,psxdata,2026-05-11T12:52:40
OGDC,2022-07-05,77.6,77.95,77.0,77.04,786372,psxdata,2026-05-11T12:52:40
OGDC,2022-07-06,77.3,77.6,77.01,77.38,312691,psxdata,2026-05-11T12:52:40
OGDC,2022-07-07,77.17,81.75,77.01,80.46,5795311,psxdata,2026-05-11T12:52:40
OGDC,2022-07-13,80.0,84.8,80.0,83.63,9979259,psxdata,2026-05-11T12:52:40
OGDC,2022-07-14,85.0,85.0,83.71,84.08,4360091,psxdata,2026-05-11T12:52:40
OGDC,2022-07-15,84.09,84.09,82.56,82.71,1668315,psxdata,2026-05-11T12:52:40
OGDC,2022-07-18,81.85,81.85,80.5,80.93,1649733,psxdata,2026-05-11T12:52:40
OGDC,2022-07-19,80.99,81.7,77.6,78.32,3402840,psxdata,2026-05-11T12:52:40
OGDC,2022-07-20,78.39,80.7,77.55,80.16,3546551,psxdata,2026-05-11T12:52:40
OGDC,2022-07-21,79.9,80.41,78.01,78.77,2175720,psxdata,2026-05-11T12:52:40
OGDC,2022-07-22,79.95,80.46,78.35,80.1,2619804,psxdata,2026-05-11T12:52:40
OGDC,2022-07-25,79.5,80.0,78.75,79.43,809586,psxdata,2026-05-11T12:52:40
OGDC,2022-07-26,78.66,80.8,78.66,80.01,2725853,psxdata,2026-05-11T12:52:40
OGDC,2022-07-27,80.4,80.95,79.4,80.17,1988791,psxdata,2026-05-11T12:52:40
OGDC,2022-07-28,80.17,82.0,80.17,81.0,2372179,psxdata,2026-05-11T12:52:40
OGDC,2022-07-29,81.45,81.45,80.03,80.42,1422768,psxdata,2026-05-11T12:52:40
OGDC,2022-08-01,80.5,81.1,80.0,80.5,919957,psxdata,2026-05-11T12:52:40
OGDC,2022-08-02,80.14,80.9,80.0,80.14,1497420,psxdata,2026-05-11T12:52:40
OGDC,2022-08-03,80.88,82.15,80.25,81.5,3945301,psxdata,2026-05-11T12:52:40
OGDC,2022-08-04,81.8,82.65,81.6,82.19,2751781,psxdata,2026-05-11T12:52:40
OGDC,2022-08-05,82.19,83.23,81.3,82.69,3333864,psxdata,2026-05-11T12:52:40
OGDC,2022-08-10,84.32,86.74,84.15,84.74,7617652,psxdata,2026-05-11T12:52:40
OGDC,2022-08-11,85.0,85.44,84.25,84.53,1933226,psxdata,2026-05-11T12:52:40
OGDC,2022-08-12,84.99,87.88,84.65,87.46,6862248,psxdata,2026-05-11T12:52:40
OGDC,2022-08-15,88.1,89.0,86.6,87.42,6997128,psxdata,2026-05-11T12:52:40
OGDC,2022-08-16,87.7,88.3,86.5,86.86,3751148,psxdata,2026-05-11T12:52:40
OGDC,2022-08-17,86.6,86.83,86.0,86.13,2225078,psxdata,2026-05-11T12:52:40
OGDC,2022-08-18,86.15,86.7,84.8,85.21,3048758,psxdata,2026-05-11T12:52:40
OGDC,2022-08-19,85.01,85.8,84.37,84.77,856995,psxdata,2026-05-11T12:52:40
OGDC,2022-08-22,84.35,85.0,82.65,83.05,3603096,psxdata,2026-05-11T12:52:40
OGDC,2022-08-23,83.9,85.0,83.7,84.71,2698387,psxdata,2026-05-11T12:52:40
OGDC,2022-08-24,84.5,85.3,84.0,84.26,646553,psxdata,2026-05-11T12:52:40
OGDC,2022-08-25,83.9,84.48,83.6,84.06,1209208,psxdata,2026-05-11T12:52:40
OGDC,2022-08-26,84.0,84.4,82.6,82.77,1771063,psxdata,2026-05-11T12:52:40
OGDC,2022-08-29,82.85,86.0,81.11,81.82,1874621,psxdata,2026-05-11T12:52:40
OGDC,2022-08-30,83.8,83.85,81.13,81.31,1756142,psxdata,2026-05-11T12:52:40
OGDC,2022-08-31,81.0,83.1,81.0,82.2,1044019,psxdata,2026-05-11T12:52:40
OGDC,2022-09-01,83.0,83.0,81.75,81.81,1153468,psxdata,2026-05-11T12:52:40
OGDC,2022-09-02,82.25,82.25,81.0,81.23,615400,psxdata,2026-05-11T12:52:40
OGDC,2022-09-05,81.24,81.35,80.01,80.09,1439261,psxdata,2026-05-11T12:52:40
OGDC,2022-09-06,80.12,80.6,79.93,80.32,999785,psxdata,2026-05-11T12:52:40
OGDC,2022-09-07,80.8,80.8,79.5,79.84,712302,psxdata,2026-05-11T12:52:40
OGDC,2022-09-08,79.9,80.5,79.8,80.17,1449141,psxdata,2026-05-11T12:52:40
OGDC,2022-09-09,80.55,80.55,79.5,79.64,1147183,psxdata,2026-05-11T12:52:40
OGDC,2022-09-12,79.8,80.09,78.98,79.04,572401,psxdata,2026-05-11T12:52:40
OGDC,2022-09-13,79.5,79.5,78.52,78.62,654071,psxdata,2026-05-11T12:52:40
OGDC,2022-09-14,78.45,80.0,78.15,79.36,1118996,psxdata,2026-05-11T12:52:40
OGDC,2022-09-15,80.0,80.0,78.05,78.2,1750164,psxdata,2026-05-11T12:52:40
OGDC,2022-09-16,78.8,78.8,76.75,78.4,2499800,psxdata,2026-05-11T12:52:40
OGDC,2022-09-19,78.5,78.8,77.88,77.98,736086,psxdata,2026-05-11T12:52:40
OGDC,2022-09-20,78.0,78.3,75.51,75.87,1581672,psxdata,2026-05-11T12:52:40
OGDC,2022-09-21,75.91,76.5,71.12,72.5,3471806,psxdata,2026-05-11T12:52:40
OGDC,2022-09-22,71.45,74.38,71.05,73.76,2980991,psxdata,2026-05-11T12:52:40
OGDC,2022-09-23,75.0,75.55,73.0,73.33,4149061,psxdata,2026-05-11T12:52:40
OGDC,2022-09-26,73.5,74.5,73.5,73.68,1295266,psxdata,2026-05-11T12:52:40
OGDC,2022-09-27,74.4,79.0,73.9,76.58,2822998,psxdata,2026-05-11T12:52:40
OGDC,2022-09-28,76.69,77.8,75.8,76.42,2048636,psxdata,2026-05-11T12:52:40
OGDC,2022-09-29,76.0,76.5,75.01,75.8,1107643,psxdata,2026-05-11T12:52:40
OGDC,2022-09-30,75.79,76.48,75.04,75.72,1463910,psxdata,2026-05-11T12:52:40
OGDC,2022-10-03,75.69,75.99,75.0,75.14,751886,psxdata,2026-05-11T12:52:40
OGDC,2022-10-04,75.06,75.49,74.5,74.74,596467,psxdata,2026-05-11T12:52:40
OGDC,2022-10-05,75.0,75.24,74.48,74.59,519520,psxdata,2026-05-11T12:52:40
OGDC,2022-10-06,74.5,76.7,74.5,76.23,1766625,psxdata,2026-05-11T12:52:40
OGDC,2022-10-07,75.61,76.79,75.3,75.47,789060,psxdata,2026-05-11T12:52:40
OGDC,2022-10-10,75.5,77.45,75.5,76.36,2201264,psxdata,2026-05-11T12:52:40
OGDC,2022-10-11,76.51,77.9,76.51,76.93,2725856,psxdata,2026-05-11T12:52:40
OGDC,2022-10-12,76.75,77.2,76.5,76.67,1067530,psxdata,2026-05-11T12:52:40
OGDC,2022-10-13,77.0,77.35,76.35,76.53,3945656,psxdata,2026-05-11T12:52:40
OGDC,2022-10-14,74.6,74.7,73.5,73.91,2147880,psxdata,2026-05-11T12:52:40
OGDC,2022-10-17,73.9,74.0,72.2,72.38,836345,psxdata,2026-05-11T12:52:40
OGDC,2022-10-18,72.45,73.4,71.8,72.01,1211234,psxdata,2026-05-11T12:52:40
OGDC,2022-10-19,71.82,73.1,71.82,72.91,1189977,psxdata,2026-05-11T12:52:40
OGDC,2022-10-20,73.25,73.6,72.2,72.29,1061325,psxdata,2026-05-11T12:52:40
OGDC,2022-10-21,72.59,73.8,71.83,72.96,4553831,psxdata,2026-05-11T12:52:40
OGDC,2022-10-24,73.95,74.25,72.96,73.21,1265381,psxdata,2026-05-11T12:52:40
OGDC,2022-10-25,73.12,74.89,73.1,73.22,4391704,psxdata,2026-05-11T12:52:40
OGDC,2022-10-26,72.76,72.8,71.4,71.62,1759687,psxdata,2026-05-11T12:52:40
OGDC,2022-10-27,71.9,71.9,70.85,71.33,1310959,psxdata,2026-05-11T12:52:40
OGDC,2022-10-28,71.33,71.48,70.25,70.44,928073,psxdata,2026-05-11T12:52:40
OGDC,2022-10-31,70.9,71.1,69.9,70.06,1568147,psxdata,2026-05-11T12:52:40
OGDC,2022-11-01,70.35,70.99,70.0,70.93,1561100,psxdata,2026-05-11T12:52:40
OGDC,2022-11-02,70.76,71.89,70.76,71.47,1403371,psxdata,2026-05-11T12:52:40
OGDC,2022-11-03,71.89,72.61,71.47,72.26,3215528,psxdata,2026-05-11T12:52:40
OGDC,2022-11-04,70.5,70.7,70.0,70.35,851616,psxdata,2026-05-11T12:52:40
OGDC,2022-11-07,70.8,71.41,70.61,70.88,1189278,psxdata,2026-05-11T12:52:40
OGDC,2022-11-08,71.25,72.3,71.15,71.67,967994,psxdata,2026-05-11T12:52:40
OGDC,2022-11-10,71.75,75.9,71.75,74.05,12082071,psxdata,2026-05-11T12:52:40
OGDC,2022-11-11,74.4,78.49,73.65,77.97,12535792,psxdata,2026-05-11T12:52:40
OGDC,2022-11-14,77.0,78.2,76.01,76.24,4367124,psxdata,2026-05-11T12:52:40
OGDC,2022-11-15,76.4,78.65,76.13,76.81,6570407,psxdata,2026-05-11T12:52:40
OGDC,2022-11-16,77.0,77.7,75.7,76.05,2408954,psxdata,2026-05-11T12:52:40
OGDC,2022-11-17,76.49,76.5,74.86,75.07,1306240,psxdata,2026-05-11T12:52:40
OGDC,2022-11-18,74.75,75.3,74.05,74.39,1895748,psxdata,2026-05-11T12:52:40
OGDC,2022-11-21,74.45,75.0,74.0,74.53,747024,psxdata,2026-05-11T12:52:40
OGDC,2022-11-22,74.8,75.14,73.9,74.03,1832635,psxdata,2026-05-11T12:52:40
OGDC,2022-11-23,74.3,74.44,73.8,73.99,661563,psxdata,2026-05-11T12:52:40
OGDC,2022-11-24,74.0,74.5,73.6,74.02,1602557,psxdata,2026-05-11T12:52:40
OGDC,2022-11-25,74.75,75.1,74.1,74.27,2351914,psxdata,2026-05-11T12:52:40
OGDC,2022-11-28,73.47,73.7,71.98,72.23,2333164,psxdata,2026-05-11T12:52:40
OGDC,2022-11-29,72.41,73.2,72.12,72.63,1297750,psxdata,2026-05-11T12:52:40
OGDC,2022-11-30,72.85,73.13,72.15,72.56,1254629,psxdata,2026-05-11T12:52:40
OGDC,2022-12-01,72.99,73.25,72.4,72.46,2715962,psxdata,2026-05-11T12:52:40
OGDC,2022-12-02,72.36,72.75,71.77,72.43,1145494,psxdata,2026-05-11T12:52:40
OGDC,2022-12-05,72.01,72.3,71.5,71.64,692614,psxdata,2026-05-11T12:52:40
OGDC,2022-12-06,71.9,72.0,70.5,71.45,957355,psxdata,2026-05-11T12:52:40
OGDC,2022-12-07,72.0,72.15,70.85,71.13,1823903,psxdata,2026-05-11T12:52:40
OGDC,2022-12-08,71.45,71.5,71.0,71.22,1395145,psxdata,2026-05-11T12:52:40
OGDC,2022-12-09,71.35,73.4,71.08,71.91,3443549,psxdata,2026-05-11T12:52:40
OGDC,2022-12-12,72.15,72.7,71.9,72.1,1482364,psxdata,2026-05-11T12:52:40
OGDC,2022-12-13,72.1,72.5,71.4,71.59,709841,psxdata,2026-05-11T12:52:40
OGDC,2022-12-14,71.31,73.6,71.06,73.06,3095047,psxdata,2026-05-11T12:52:40
OGDC,2022-12-15,73.0,73.2,71.1,72.15,2101633,psxdata,2026-05-11T12:52:40
OGDC,2022-12-16,72.37,72.74,71.2,72.52,753472,psxdata,2026-05-11T12:52:40
OGDC,2022-12-19,72.38,73.1,71.6,71.74,1171096,psxdata,2026-05-11T12:52:40
OGDC,2022-12-20,71.99,72.19,69.0,70.14,1992528,psxdata,2026-05-11T12:52:40
OGDC,2022-12-21,69.6,70.75,69.5,69.77,935392,psxdata,2026-05-11T12:52:40
OGDC,2022-12-22,70.5,73.5,70.5,72.25,3719850,psxdata,2026-05-11T12:52:40
OGDC,2022-12-23,72.0,73.49,71.81,72.98,2677053,psxdata,2026-05-11T12:52:40
OGDC,2022-12-26,73.7,77.05,73.5,76.87,7699788,psxdata,2026-05-11T12:52:40
OGDC,2022-12-27,76.89,77.35,74.85,75.11,2590526,psxdata,2026-05-11T12:52:40
OGDC,2022-12-28,74.13,75.9,74.0,75.27,2684756,psxdata,2026-05-11T12:52:40
OGDC,2022-12-29,75.85,77.0,75.21,76.46,3601912,psxdata,2026-05-11T12:52:40
OGDC,2022-12-30,76.46,81.68,76.46,79.66,10287417,psxdata,2026-05-11T12:52:40
OGDC,2023-01-02,79.1,82.65,79.01,80.22,7749060,psxdata,2026-05-11T12:52:40
OGDC,2023-01-03,80.5,80.9,79.52,79.94,1858912,psxdata,2026-05-11T12:52:40
OGDC,2023-01-04,80.08,80.9,78.3,78.55,2277612,psxdata,2026-05-11T12:52:40
OGDC,2023-01-05,79.0,80.5,78.9,79.77,3589864,psxdata,2026-05-11T12:52:40
OGDC,2023-01-06,80.0,83.0,79.4,82.31,6016343,psxdata,2026-05-11T12:52:40
OGDC,2023-01-09,82.29,85.9,82.01,84.83,9556450,psxdata,2026-05-11T12:52:40
OGDC,2023-01-10,88.0,88.0,83.09,84.43,4541910,psxdata,2026-05-11T12:52:40
OGDC,2023-01-11,85.45,88.14,84.8,87.57,12916671,psxdata,2026-05-11T12:52:40
OGDC,2023-01-12,87.99,89.2,86.32,86.77,5546368,psxdata,2026-05-11T12:52:40
OGDC,2023-01-13,85.9,85.9,81.6,82.04,6502396,psxdata,2026-05-11T12:52:40
OGDC,2023-01-16,81.97,81.97,78.25,79.01,4066153,psxdata,2026-05-11T12:52:40
OGDC,2023-01-17,79.62,80.2,73.16,74.15,5105207,psxdata,2026-05-11T12:52:40
OGDC,2023-01-18,74.5,76.84,74.3,76.09,5724570,psxdata,2026-05-11T12:52:40
OGDC,2023-01-19,76.59,80.43,76.59,79.44,10995702,psxdata,2026-05-11T12:52:40
OGDC,2023-01-20,79.7,80.8,78.3,79.26,3449930,psxdata,2026-05-11T12:52:40
OGDC,2023-01-23,80.0,82.22,79.51,81.72,3790890,psxdata,2026-05-11T12:52:40
OGDC,2023-01-24,81.72,85.44,81.72,84.5,7615354,psxdata,2026-05-11T12:52:40
OGDC,2023-01-25,86.0,87.25,85.3,85.97,5623599,psxdata,2026-05-11T12:52:40
OGDC,2023-01-26,86.41,87.15,84.0,86.3,5701519,psxdata,2026-05-11T12:52:40
OGDC,2023-01-27,86.45,87.5,84.9,86.64,4688381,psxdata,2026-05-11T12:52:40
OGDC,2023-01-30,87.3,88.47,86.0,86.27,5019786,psxdata,2026-05-11T12:52:40
OGDC,2023-01-31,86.4,88.24,85.55,87.8,4506916,psxdata,2026-05-11T12:52:40
OGDC,2023-02-01,88.0,89.3,86.9,87.3,5230319,psxdata,2026-05-11T12:52:40
OGDC,2023-02-02,86.73,87.3,84.9,87.02,5157941,psxdata,2026-05-11T12:52:40
OGDC,2023-02-03,87.39,87.4,85.27,85.94,1261253,psxdata,2026-05-11T12:52:40
OGDC,2023-02-06,92.38,92.38,91.21,92.38,10552549,psxdata,2026-05-11T12:52:40
OGDC,2023-02-07,99.3,99.3,97.53,99.3,16106888,psxdata,2026-05-11T12:52:40
OGDC,2023-02-08,98.0,100.89,95.3,99.78,22259031,psxdata,2026-05-11T12:52:40
OGDC,2023-02-09,102.0,107.26,100.7,105.95,18217949,psxdata,2026-05-11T12:52:40
OGDC,2023-02-10,102.0,109.6,99.51,101.06,38731937,psxdata,2026-05-11T12:52:40
OGDC,2023-02-13,100.0,100.5,97.3,98.8,15131425,psxdata,2026-05-11T12:52:40
OGDC,2023-02-14,99.99,99.99,93.02,93.94,12752194,psxdata,2026-05-11T12:52:40
OGDC,2023-02-15,93.49,96.5,92.32,95.78,7173531,psxdata,2026-05-11T12:52:40
OGDC,2023-02-16,96.2,96.9,93.0,93.37,6685151,psxdata,2026-05-11T12:52:40
OGDC,2023-02-17,93.06,94.99,93.01,94.58,4774367,psxdata,2026-05-11T12:52:40
OGDC,2023-02-20,94.38,94.5,89.0,89.72,5383683,psxdata,2026-05-11T12:52:40
OGDC,2023-02-21,90.67,91.7,90.1,91.23,3211839,psxdata,2026-05-11T12:52:40
OGDC,2023-02-22,91.24,91.85,88.61,90.78,10388052,psxdata,2026-05-11T12:52:40
OGDC,2023-02-23,90.4,90.4,87.86,88.63,5525692,psxdata,2026-05-11T12:52:40
OGDC,2023-02-24,88.85,89.47,87.31,87.66,5213678,psxdata,2026-05-11T12:52:40
OGDC,2023-02-27,87.2,88.2,85.5,85.93,2249423,psxdata,2026-05-11T12:52:40
OGDC,2023-02-28,85.6,86.49,81.93,82.62,5333028,psxdata,2026-05-11T12:52:40
OGDC,2023-03-01,82.01,82.02,79.4,80.85,6085035,psxdata,2026-05-11T12:52:40
OGDC,2023-03-02,80.1,83.0,80.0,82.04,4211620,psxdata,2026-05-11T12:52:40
OGDC,2023-03-03,80.86,88.19,80.86,88.12,13422769,psxdata,2026-05-11T12:52:40
OGDC,2023-03-06,86.84,89.85,85.87,86.49,8787996,psxdata,2026-05-11T12:52:40
OGDC,2023-03-07,87.2,87.35,84.8,85.3,3637278,psxdata,2026-05-11T12:52:40
OGDC,2023-03-08,84.99,87.7,84.9,86.29,6363804,psxdata,2026-05-11T12:52:40
OGDC,2023-03-09,86.8,87.48,86.15,87.19,2499392,psxdata,2026-05-11T12:52:40
OGDC,2023-03-10,87.59,87.74,86.69,86.88,1839096,psxdata,2026-05-11T12:52:40
OGDC,2023-03-13,89.25,93.39,89.25,93.2,18456595,psxdata,2026-05-11T12:52:40
OGDC,2023-03-14,92.8,93.0,90.56,91.8,8699947,psxdata,2026-05-11T12:52:40
OGDC,2023-03-15,91.59,92.75,91.0,91.73,4386458,psxdata,2026-05-11T12:52:40
OGDC,2023-03-16,92.05,92.4,89.72,90.07,3082568,psxdata,2026-05-11T12:52:40
OGDC,2023-03-17,90.4,90.4,88.5,89.68,4208478,psxdata,2026-05-11T12:52:40
OGDC,2023-03-20,89.51,89.51,86.31,86.83,3771274,psxdata,2026-05-11T12:52:40
OGDC,2023-03-21,87.0,88.82,86.4,88.09,3624109,psxdata,2026-05-11T12:52:40
OGDC,2023-03-22,87.45,88.7,85.8,85.99,1725014,psxdata,2026-05-11T12:52:40
OGDC,2023-03-24,85.81,86.0,84.5,84.67,574968,psxdata,2026-05-11T12:52:40
OGDC,2023-03-27,85.08,85.8,84.0,84.81,748707,psxdata,2026-05-11T12:52:40
OGDC,2023-03-28,84.81,85.48,84.4,84.51,1064294,psxdata,2026-05-11T12:52:40
OGDC,2023-03-29,84.89,84.89,83.52,84.04,999991,psxdata,2026-05-11T12:52:40
OGDC,2023-03-30,84.49,85.7,83.65,83.83,3343193,psxdata,2026-05-11T12:52:40
OGDC,2023-03-31,84.0,84.28,82.65,83.36,2441216,psxdata,2026-05-11T12:52:40
OGDC,2023-04-03,84.22,84.49,83.0,83.45,1505351,psxdata,2026-05-11T12:52:40
OGDC,2023-04-04,83.3,83.3,80.9,82.41,2765087,psxdata,2026-05-11T12:52:40
OGDC,2023-04-05,82.5,83.33,81.03,81.68,4567822,psxdata,2026-05-11T12:52:40
OGDC,2023-04-06,82.7,87.8,82.65,87.34,10588322,psxdata,2026-05-11T12:52:40
OGDC,2023-04-07,87.71,87.97,84.5,84.69,4694653,psxdata,2026-05-11T12:52:40
OGDC,2023-04-10,84.5,84.88,83.5,83.63,1166108,psxdata,2026-05-11T12:52:40
OGDC,2023-04-11,84.29,84.29,82.8,83.45,782206,psxdata,2026-05-11T12:52:40
OGDC,2023-04-12,83.1,85.94,83.05,85.25,2311136,psxdata,2026-05-11T12:52:40
OGDC,2023-04-13,86.5,87.54,85.21,85.82,3918667,psxdata,2026-05-11T12:52:40
OGDC,2023-04-17,86.49,86.7,85.6,85.92,1493547,psxdata,2026-05-11T12:52:40
OGDC,2023-04-18,86.3,86.3,85.42,86.03,1621594,psxdata,2026-05-11T12:52:40
OGDC,2023-04-19,86.09,86.7,85.6,86.38,997745,psxdata,2026-05-11T12:52:40
OGDC,2023-04-20,86.7,87.65,86.01,87.41,2875066,psxdata,2026-05-11T12:52:40
OGDC,2023-04-26,87.41,88.14,86.75,87.06,2650189,psxdata,2026-05-11T12:52:40
OGDC,2023-04-27,87.4,87.6,86.52,86.93,3320080,psxdata,2026-05-11T12:52:40
OGDC,2023-04-28,87.4,87.48,85.8,85.97,2370620,psxdata,2026-05-11T12:52:40
OGDC,2023-05-02,86.11,86.38,85.0,85.14,2335414,psxdata,2026-05-11T12:52:40
OGDC,2023-05-03,85.15,86.5,84.85,86.12,3246696,psxdata,2026-05-11T12:52:40
OGDC,2023-05-04,86.26,86.49,85.0,85.19,2517489,psxdata,2026-05-11T12:52:40
OGDC,2023-05-05,85.18,86.99,84.95,86.17,3759969,psxdata,2026-05-11T12:52:40
OGDC,2023-05-08,84.79,84.9,81.6,82.09,3969537,psxdata,2026-05-11T12:52:40
OGDC,2023-05-09,82.25,82.25,79.7,80.25,6109361,psxdata,2026-05-11T12:52:40
OGDC,2023-05-10,80.0,80.71,78.5,78.63,3068518,psxdata,2026-05-11T12:52:40
OGDC,2023-05-11,79.0,79.89,78.6,78.92,2200473,psxdata,2026-05-11T12:52:40
OGDC,2023-05-12,79.4,79.97,77.92,78.24,3755722,psxdata,2026-05-11T12:52:40
OGDC,2023-05-15,78.2,78.2,76.4,76.81,4927429,psxdata,2026-05-11T12:52:40
OGDC,2023-05-16,77.3,79.9,77.2,79.61,6272502,psxdata,2026-05-11T12:52:40
OGDC,2023-05-17,80.2,80.25,77.9,78.04,2799253,psxdata,2026-05-11T12:52:40
OGDC,2023-05-18,78.6,78.6,76.62,76.83,4997154,psxdata,2026-05-11T12:52:40
OGDC,2023-05-19,76.8,77.95,76.8,77.3,2330981,psxdata,2026-05-11T12:52:40
OGDC,2023-05-22,77.0,77.45,75.61,75.98,4488921,psxdata,2026-05-11T12:52:40
OGDC,2023-05-23,75.98,76.25,75.0,75.12,3325975,psxdata,2026-05-11T12:52:40
OGDC,2023-05-24,75.6,76.29,74.9,75.16,3246386,psxdata,2026-05-11T12:52:40
OGDC,2023-05-25,75.7,76.41,75.11,75.67,3692857,psxdata,2026-05-11T12:52:40
OGDC,2023-05-26,75.6,75.71,73.5,74.11,2702758,psxdata,2026-05-11T12:52:40
OGDC,2023-05-29,74.4,76.1,74.1,74.61,4021878,psxdata,2026-05-11T12:52:40
OGDC,2023-05-30,75.0,76.66,75.0,75.78,4514023,psxdata,2026-05-11T12:52:40
OGDC,2023-05-31,75.9,76.3,74.5,74.82,3593659,psxdata,2026-05-11T12:52:40
OGDC,2023-06-01,75.01,75.65,74.55,75.23,1397603,psxdata,2026-05-11T12:52:40
OGDC,2023-06-02,75.36,75.5,74.9,75.34,842756,psxdata,2026-05-11T12:52:40
OGDC,2023-06-05,76.4,78.65,75.6,78.45,8459334,psxdata,2026-05-11T12:52:40
OGDC,2023-06-06,78.9,80.4,78.11,78.47,8973676,psxdata,2026-05-11T12:52:40
OGDC,2023-06-07,78.47,79.5,77.5,78.97,2345653,psxdata,2026-05-11T12:52:40
OGDC,2023-06-08,79.0,80.25,78.4,78.62,3834904,psxdata,2026-05-11T12:52:40
OGDC,2023-06-09,78.78,80.12,78.5,79.83,4140321,psxdata,2026-05-11T12:52:40
OGDC,2023-06-12,79.85,80.0,77.03,77.48,3523397,psxdata,2026-05-11T12:52:40
OGDC,2023-06-13,78.24,78.4,77.08,77.43,1627614,psxdata,2026-05-11T12:52:40
OGDC,2023-06-14,77.6,78.25,77.2,77.66,1488762,psxdata,2026-05-11T12:52:40
OGDC,2023-06-15,77.03,77.5,76.25,76.37,2042241,psxdata,2026-05-11T12:52:40
OGDC,2023-06-16,76.5,77.24,75.8,76.0,2068412,psxdata,2026-05-11T12:52:40
OGDC,2023-06-19,76.5,76.7,73.1,73.69,3959904,psxdata,2026-05-11T12:52:40
OGDC,2023-06-20,74.0,75.24,73.3,75.01,4484598,psxdata,2026-05-11T12:52:40
OGDC,2023-06-21,75.5,75.65,73.75,73.99,3492226,psxdata,2026-05-11T12:52:40
OGDC,2023-06-22,74.38,75.0,73.9,74.47,1012450,psxdata,2026-05-11T12:52:40
OGDC,2023-06-23,75.0,75.0,73.8,74.44,2050520,psxdata,2026-05-11T12:52:40
OGDC,2023-06-26,76.0,77.85,76.0,77.28,8154666,psxdata,2026-05-11T12:52:40
OGDC,2023-06-27,77.12,78.85,76.5,78.0,10932081,psxdata,2026-05-11T12:52:40
OGDC,2023-07-03,83.85,83.85,83.85,83.85,1139805,psxdata,2026-05-11T12:52:40
OGDC,2023-07-04,87.5,87.5,84.5,85.23,18359451,psxdata,2026-05-11T12:52:40
OGDC,2023-07-05,85.9,86.25,83.59,83.89,6014874,psxdata,2026-05-11T12:52:40
OGDC,2023-07-06,84.0,86.95,84.0,86.14,11511519,psxdata,2026-05-11T12:52:40
OGDC,2023-07-07,86.2,86.5,85.0,85.18,2284433,psxdata,2026-05-11T12:52:40
OGDC,2023-07-10,85.6,85.9,84.31,84.65,4910360,psxdata,2026-05-11T12:52:40
OGDC,2023-07-11,85.06,86.5,84.2,85.58,8868315,psxdata,2026-05-11T12:52:40
OGDC,2023-07-12,86.5,87.73,85.61,87.1,10791446,psxdata,2026-05-11T12:52:40
OGDC,2023-07-13,87.98,88.25,86.5,86.68,10861164,psxdata,2026-05-11T12:52:40
OGDC,2023-07-14,86.9,86.9,85.07,85.3,2116695,psxdata,2026-05-11T12:52:40
OGDC,2023-07-17,85.5,85.85,84.7,84.93,4242706,psxdata,2026-05-11T12:52:40
OGDC,2023-07-18,85.24,85.4,83.9,84.18,2567334,psxdata,2026-05-11T12:52:40
OGDC,2023-07-19,84.65,85.52,84.02,84.28,7908623,psxdata,2026-05-11T12:52:40
OGDC,2023-07-20,84.88,86.25,84.36,85.78,7304995,psxdata,2026-05-11T12:52:40
OGDC,2023-07-21,86.4,86.53,85.03,85.21,5460130,psxdata,2026-05-11T12:52:40
OGDC,2023-07-24,86.0,87.0,84.8,85.3,4833108,psxdata,2026-05-11T12:52:40
OGDC,2023-07-25,85.75,87.89,85.52,87.29,13058495,psxdata,2026-05-11T12:52:40
OGDC,2023-07-26,87.5,87.8,86.6,86.82,4726907,psxdata,2026-05-11T12:52:40
OGDC,2023-07-27,86.99,93.33,86.99,91.67,28511229,psxdata,2026-05-11T12:52:40
OGDC,2023-07-31,93.0,98.55,93.0,98.55,22459291,psxdata,2026-05-11T12:52:40
OGDC,2023-08-01,101.0,101.48,97.2,97.93,14887779,psxdata,2026-05-11T12:52:40
OGDC,2023-08-02,98.05,105.0,97.9,104.08,28365714,psxdata,2026-05-11T12:52:40
OGDC,2023-08-03,105.2,107.7,103.11,104.26,24521243,psxdata,2026-05-11T12:52:40
OGDC,2023-08-04,104.0,108.8,103.99,107.66,27995429,psxdata,2026-05-11T12:52:40
OGDC,2023-08-07,109.0,111.5,104.35,105.57,26010351,psxdata,2026-05-11T12:52:40
OGDC,2023-08-08,104.0,104.0,97.65,97.85,27785286,psxdata,2026-05-11T12:52:40
OGDC,2023-08-09,97.0,105.19,96.0,104.35,37776498,psxdata,2026-05-11T12:52:40
OGDC,2023-08-10,107.02,107.49,99.11,100.61,22027805,psxdata,2026-05-11T12:52:40
OGDC,2023-08-11,101.5,106.2,100.55,103.47,22570520,psxdata,2026-05-11T12:52:40
OGDC,2023-08-15,104.0,104.0,100.9,101.27,12071945,psxdata,2026-05-11T12:52:40
OGDC,2023-08-16,101.0,101.0,97.8,98.28,10957134,psxdata,2026-05-11T12:52:40
OGDC,2023-08-17,98.6,99.89,96.8,99.52,9372798,psxdata,2026-05-11T12:52:40
OGDC,2023-08-18,100.01,102.44,98.63,99.29,19811273,psxdata,2026-05-11T12:52:40
OGDC,2023-08-21,98.0,98.99,96.01,96.44,7312226,psxdata,2026-05-11T12:52:40
OGDC,2023-08-22,96.0,100.0,96.0,99.51,13626842,psxdata,2026-05-11T12:52:40
OGDC,2023-08-23,100.5,100.79,98.55,100.06,16050104,psxdata,2026-05-11T12:52:40
OGDC,2023-08-24,100.5,101.95,100.2,100.71,12764451,psxdata,2026-05-11T12:52:40
OGDC,2023-08-25,100.49,100.49,98.85,99.19,6372621,psxdata,2026-05-11T12:52:40
OGDC,2023-08-28,99.01,99.5,96.75,97.05,5005999,psxdata,2026-05-11T12:52:40
OGDC,2023-08-29,96.3,97.3,93.85,95.68,6318415,psxdata,2026-05-11T12:52:40
OGDC,2023-08-30,95.56,96.93,93.01,94.25,6720973,psxdata,2026-05-11T12:52:40
OGDC,2023-08-31,94.5,96.23,88.1,92.95,17491092,psxdata,2026-05-11T12:52:40
OGDC,2023-09-01,93.5,94.75,92.15,94.46,4133540,psxdata,2026-05-11T12:52:40
OGDC,2023-09-04,95.2,95.98,95.03,95.48,2749710,psxdata,2026-05-11T12:52:40
OGDC,2023-09-05,95.8,95.95,93.54,93.87,3940168,psxdata,2026-05-11T12:52:40
OGDC,2023-09-06,94.49,95.7,93.2,95.03,4240419,psxdata,2026-05-11T12:52:40
OGDC,2023-09-07,95.15,96.85,94.11,95.02,7844273,psxdata,2026-05-11T12:52:40
OGDC,2023-09-08,95.5,96.44,94.6,95.96,4333104,psxdata,2026-05-11T12:52:40
OGDC,2023-09-11,96.4,96.99,95.09,96.0,6296596,psxdata,2026-05-11T12:52:40
OGDC,2023-09-12,94.99,94.99,92.9,93.36,3443533,psxdata,2026-05-11T12:52:40
OGDC,2023-09-13,93.15,94.68,93.15,93.83,2627321,psxdata,2026-05-11T12:52:40
OGDC,2023-09-14,93.9,94.35,93.8,94.25,1360455,psxdata,2026-05-11T12:52:40
OGDC,2023-09-15,95.9,96.4,94.35,94.67,4692649,psxdata,2026-05-11T12:52:40
OGDC,2023-09-18,94.99,95.65,94.65,95.17,1522474,psxdata,2026-05-11T12:52:40
OGDC,2023-09-19,95.7,96.79,95.26,96.08,3006186,psxdata,2026-05-11T12:52:40
OGDC,2023-09-20,96.2,96.47,94.65,95.01,1882996,psxdata,2026-05-11T12:52:40
OGDC,2023-09-21,95.0,95.93,93.75,95.54,2113012,psxdata,2026-05-11T12:52:40
OGDC,2023-09-22,95.94,96.69,94.9,96.01,2727059,psxdata,2026-05-11T12:52:40
OGDC,2023-09-25,96.4,96.9,95.75,96.64,3129427,psxdata,2026-05-11T12:52:40
OGDC,2023-09-26,96.04,96.8,95.75,95.99,1851960,psxdata,2026-05-11T12:52:40
OGDC,2023-09-27,96.19,98.25,95.5,97.81,6830288,psxdata,2026-05-11T12:52:40
OGDC,2023-09-28,98.5,98.5,96.1,96.46,10868813,psxdata,2026-05-11T12:52:40
OGDC,2023-10-02,96.5,99.72,96.5,99.36,17023821,psxdata,2026-05-11T12:52:40
OGDC,2023-10-03,99.73,100.4,98.13,98.55,9902658,psxdata,2026-05-11T12:52:40
OGDC,2023-10-04,98.0,99.0,97.86,98.07,5097021,psxdata,2026-05-11T12:52:40
OGDC,2023-10-05,98.0,98.44,96.9,97.37,4933716,psxdata,2026-05-11T12:52:40
OGDC,2023-10-06,97.06,97.4,95.52,95.89,5482386,psxdata,2026-05-11T12:52:40
OGDC,2023-10-09,95.15,96.44,94.99,95.51,3007680,psxdata,2026-05-11T12:52:40
OGDC,2023-10-10,95.51,96.19,95.1,95.5,3328348,psxdata,2026-05-11T12:52:40
OGDC,2023-10-11,95.51,97.1,95.51,96.84,5898265,psxdata,2026-05-11T12:52:40
OGDC,2023-10-12,97.15,98.35,96.8,97.28,7861597,psxdata,2026-05-11T12:52:40
OGDC,2023-10-13,97.09,100.25,96.91,98.77,12277567,psxdata,2026-05-11T12:52:40
OGDC,2023-10-16,99.4,100.7,97.7,98.66,5472397,psxdata,2026-05-11T12:52:40
OGDC,2023-10-17,97.0,97.0,94.7,95.06,5148182,psxdata,2026-05-11T12:52:40
OGDC,2023-10-18,95.01,95.38,93.45,93.62,4370844,psxdata,2026-05-11T12:52:40
OGDC,2023-10-19,93.55,98.5,93.55,97.77,18109346,psxdata,2026-05-11T12:52:40
OGDC,2023-10-20,97.89,97.9,96.45,97.09,5635981,psxdata,2026-05-11T12:52:40
OGDC,2023-10-23,97.9,104.37,97.7,102.45,27498695,psxdata,2026-05-11T12:52:40
OGDC,2023-10-24,102.6,102.75,99.51,101.02,13018300,psxdata,2026-05-11T12:52:40
OGDC,2023-10-25,101.51,102.76,100.2,100.78,13945391,psxdata,2026-05-11T12:52:40
OGDC,2023-10-26,101.3,101.6,99.8,100.18,7394331,psxdata,2026-05-11T12:52:40
OGDC,2023-10-27,100.4,100.69,98.8,99.16,4521193,psxdata,2026-05-11T12:52:40
OGDC,2023-10-30,99.49,100.89,98.75,100.17,5020490,psxdata,2026-05-11T12:52:40
OGDC,2023-10-31,102.01,102.01,100.11,100.37,7538611,psxdata,2026-05-11T12:52:40
OGDC,2023-11-01,100.75,103.2,100.25,100.44,11174138,psxdata,2026-05-11T12:52:40
OGDC,2023-11-02,100.99,101.9,99.2,100.27,8186728,psxdata,2026-05-11T12:52:40
OGDC,2023-11-03,100.6,101.77,99.95,101.5,8746576,psxdata,2026-05-11T12:52:40
OGDC,2023-11-06,101.6,102.05,100.5,101.64,7410364,psxdata,2026-05-11T12:52:40
OGDC,2023-11-07,102.02,103.0,101.4,101.52,12020957,psxdata,2026-05-11T12:52:40
OGDC,2023-11-08,101.55,103.09,101.11,102.27,12279739,psxdata,2026-05-11T12:52:40
OGDC,2023-11-10,102.0,104.8,101.75,103.92,17303084,psxdata,2026-05-11T12:52:40
OGDC,2023-11-13,104.01,105.0,103.06,103.54,12985882,psxdata,2026-05-11T12:52:40
OGDC,2023-11-14,103.32,103.98,102.0,103.57,10515770,psxdata,2026-05-11T12:52:40
OGDC,2023-11-15,104.25,107.9,103.71,106.76,18992131,psxdata,2026-05-11T12:52:40
OGDC,2023-11-16,108.0,114.7,106.53,113.84,28731264,psxdata,2026-05-11T12:52:40
OGDC,2023-11-17,114.4,114.48,110.1,111.32,13821022,psxdata,2026-05-11T12:52:40
OGDC,2023-11-20,111.0,111.3,109.5,109.83,4718564,psxdata,2026-05-11T12:52:40
OGDC,2023-11-21,109.99,110.7,107.9,108.33,5270511,psxdata,2026-05-11T12:52:40
OGDC,2023-11-22,108.5,111.65,108.15,110.67,9958383,psxdata,2026-05-11T12:52:40
OGDC,2023-11-23,110.99,111.72,107.25,108.02,12035986,psxdata,2026-05-11T12:52:40
OGDC,2023-11-24,108.7,109.95,107.2,107.6,9868458,psxdata,2026-05-11T12:52:40
OGDC,2023-11-27,108.02,109.5,106.8,108.59,8516642,psxdata,2026-05-11T12:52:40
OGDC,2023-11-28,109.02,110.15,107.6,108.98,12904027,psxdata,2026-05-11T12:52:40
OGDC,2023-11-29,108.91,110.55,107.55,108.1,11777293,psxdata,2026-05-11T12:52:40
OGDC,2023-11-30,108.9,109.39,107.8,108.8,5559771,psxdata,2026-05-11T12:52:40
OGDC,2023-12-01,109.11,111.1,108.8,110.37,8578061,psxdata,2026-05-11T12:52:40
OGDC,2023-12-04,111.24,117.85,111.24,115.39,23810103,psxdata,2026-05-11T12:52:40
OGDC,2023-12-05,115.9,122.9,113.3,121.62,31154943,psxdata,2026-05-11T12:52:40
OGDC,2023-12-06,121.98,124.7,119.99,123.1,28693019,psxdata,2026-05-11T12:52:40
OGDC,2023-12-07,121.99,124.5,120.29,121.85,17176383,psxdata,2026-05-11T12:52:40
OGDC,2023-12-08,124.0,126.47,122.25,125.38,17924383,psxdata,2026-05-11T12:52:40
OGDC,2023-12-11,124.5,127.0,121.76,125.24,11190926,psxdata,2026-05-11T12:52:40
OGDC,2023-12-12,125.25,126.85,124.81,125.21,9144317,psxdata,2026-05-11T12:52:40
OGDC,2023-12-13,127.85,128.9,120.25,122.5,18895028,psxdata,2026-05-11T12:52:40
OGDC,2023-12-14,123.0,127.0,120.4,124.99,12357484,psxdata,2026-05-11T12:52:40
OGDC,2023-12-15,127.4,128.75,124.8,126.75,17093245,psxdata,2026-05-11T12:52:40
OGDC,2023-12-18,127.75,127.75,123.5,124.09,6701981,psxdata,2026-05-11T12:52:40
OGDC,2023-12-19,124.0,124.0,115.2,117.52,11777994,psxdata,2026-05-11T12:52:40
OGDC,2023-12-20,118.05,119.2,112.02,114.72,13742412,psxdata,2026-05-11T12:52:40
OGDC,2023-12-21,115.2,117.09,113.6,116.63,9371700,psxdata,2026-05-11T12:52:40
OGDC,2023-12-22,116.9,117.0,112.86,113.61,4196705,psxdata,2026-05-11T12:52:40
OGDC,2023-12-26,113.0,113.1,105.09,105.09,10515065,psxdata,2026-05-11T12:52:40
OGDC,2023-12-27,104.9,107.99,104.0,107.2,8314253,psxdata,2026-05-11T12:52:40
OGDC,2023-12-28,108.25,112.0,107.51,110.16,12285704,psxdata,2026-05-11T12:52:40
OGDC,2023-12-29,110.54,115.9,109.7,112.45,10443776,psxdata,2026-05-11T12:52:40
OGDC,2024-01-01,113.0,120.88,113.0,120.88,10262639,psxdata,2026-05-11T12:52:40
OGDC,2024-01-02,124.0,126.7,121.51,122.92,24573372,psxdata,2026-05-11T12:52:40
OGDC,2024-01-03,124.0,128.1,122.2,127.39,17714428,psxdata,2026-05-11T12:52:40
OGDC,2024-01-04,128.0,128.4,123.95,125.61,7826527,psxdata,2026-05-11T12:52:40
OGDC,2024-01-05,125.6,127.35,121.0,125.04,7662088,psxdata,2026-05-11T12:52:40
OGDC,2024-01-08,125.21,125.8,123.05,123.38,2819259,psxdata,2026-05-11T12:52:40
OGDC,2024-01-09,124.44,125.0,121.81,122.51,4622420,psxdata,2026-05-11T12:52:40
OGDC,2024-01-10,122.75,126.7,122.0,122.67,18027804,psxdata,2026-05-11T12:52:40
OGDC,2024-01-11,123.5,128.45,122.9,127.06,11335960,psxdata,2026-05-11T12:52:40
OGDC,2024-01-12,128.5,129.5,125.9,127.53,16501298,psxdata,2026-05-11T12:52:40
OGDC,2024-01-15,128.6,133.8,128.51,130.29,18594025,psxdata,2026-05-11T12:52:40
OGDC,2024-01-16,129.23,129.87,126.01,126.42,9848693,psxdata,2026-05-11T12:52:40
OGDC,2024-01-17,125.0,128.52,123.55,126.39,10097639,psxdata,2026-05-11T12:52:40
OGDC,2024-01-18,125.9,125.9,122.5,124.21,6663481,psxdata,2026-05-11T12:52:40
OGDC,2024-01-19,124.9,125.98,123.2,124.21,2989138,psxdata,2026-05-11T12:52:40
OGDC,2024-01-22,124.5,133.53,124.5,133.53,16631096,psxdata,2026-05-11T12:52:40
OGDC,2024-01-23,134.94,138.9,127.2,136.5,52947125,psxdata,2026-05-11T12:52:40
OGDC,2024-01-24,136.0,146.74,134.8,145.87,33646470,psxdata,2026-05-11T12:52:40
OGDC,2024-01-25,143.88,148.85,134.93,135.31,49679574,psxdata,2026-05-11T12:52:40
OGDC,2024-01-26,135.01,143.2,133.88,141.37,31070396,psxdata,2026-05-11T12:52:40
OGDC,2024-01-29,140.5,140.79,136.5,137.61,7102542,psxdata,2026-05-11T12:52:40
OGDC,2024-01-30,137.97,140.0,130.05,134.28,17143209,psxdata,2026-05-11T12:52:40
OGDC,2024-01-31,135.9,138.5,134.65,135.28,6014807,psxdata,2026-05-11T12:52:40
OGDC,2024-02-01,135.89,145.1,134.7,144.26,16985527,psxdata,2026-05-11T12:52:40
OGDC,2024-02-02,145.1,149.5,141.3,147.6,13579691,psxdata,2026-05-11T12:52:40
OGDC,2024-02-06,150.15,158.59,150.15,155.57,23123662,psxdata,2026-05-11T12:52:40
OGDC,2024-02-07,156.0,157.4,150.1,150.67,24951384,psxdata,2026-05-11T12:52:40
OGDC,2024-02-09,146.0,148.3,139.37,145.08,18933926,psxdata,2026-05-11T12:52:40
OGDC,2024-02-12,140.0,141.0,134.2,134.2,14939483,psxdata,2026-05-11T12:52:40
OGDC,2024-02-13,124.14,126.49,124.14,124.18,14952555,psxdata,2026-05-11T12:52:40
OGDC,2024-02-14,125.52,128.0,117.0,122.01,32231367,psxdata,2026-05-11T12:52:40
OGDC,2024-02-15,123.5,123.9,113.15,114.11,12066082,psxdata,2026-05-11T12:52:40
OGDC,2024-02-16,112.8,116.2,105.72,107.93,20693864,psxdata,2026-05-11T12:52:40
OGDC,2024-02-19,104.5,116.02,104.5,115.53,12158845,psxdata,2026-05-11T12:52:40
OGDC,2024-02-20,116.51,118.74,112.1,113.01,10492785,psxdata,2026-05-11T12:52:40
OGDC,2024-02-21,116.99,118.44,114.5,117.2,6512111,psxdata,2026-05-11T12:52:40
OGDC,2024-02-22,117.5,118.4,115.51,116.69,5780199,psxdata,2026-05-11T12:52:40
OGDC,2024-02-23,116.0,125.44,116.0,125.21,16618638,psxdata,2026-05-11T12:52:40
OGDC,2024-02-26,125.89,129.75,124.01,125.01,14939405,psxdata,2026-05-11T12:52:40
OGDC,2024-02-27,125.44,125.55,120.25,121.07,10000500,psxdata,2026-05-11T12:52:40
OGDC,2024-02-28,120.0,124.71,120.0,123.17,6716014,psxdata,2026-05-11T12:52:40
OGDC,2024-02-29,123.25,127.86,123.25,125.12,10849918,psxdata,2026-05-11T12:52:40
OGDC,2024-03-01,125.34,125.79,122.99,123.33,4787226,psxdata,2026-05-11T12:52:40
OGDC,2024-03-04,125.0,132.58,124.3,132.17,20945917,psxdata,2026-05-11T12:52:40
OGDC,2024-03-05,133.49,133.49,127.25,127.98,10469000,psxdata,2026-05-11T12:52:40
OGDC,2024-03-06,127.11,131.65,127.11,128.64,11204196,psxdata,2026-05-11T12:52:40
OGDC,2024-03-07,128.0,131.9,127.85,131.35,9797618,psxdata,2026-05-11T12:52:40
OGDC,2024-03-08,130.0,130.8,128.5,129.11,6231759,psxdata,2026-05-11T12:52:40
OGDC,2024-03-11,130.0,130.35,127.5,127.87,4226173,psxdata,2026-05-11T12:52:40
OGDC,2024-03-12,128.05,128.49,123.0,123.59,4054404,psxdata,2026-05-11T12:52:40
OGDC,2024-03-13,124.65,125.0,120.51,121.54,4044182,psxdata,2026-05-11T12:52:40
OGDC,2024-03-14,122.52,127.5,122.52,126.8,3554520,psxdata,2026-05-11T12:52:40
OGDC,2024-03-15,128.15,128.97,123.0,123.69,8016182,psxdata,2026-05-11T12:52:40
OGDC,2024-03-18,124.05,125.4,122.71,123.33,3153698,psxdata,2026-05-11T12:52:40
OGDC,2024-03-19,123.0,124.99,122.03,123.07,4296717,psxdata,2026-05-11T12:52:40
OGDC,2024-03-20,123.12,124.85,121.11,122.11,5328271,psxdata,2026-05-11T12:52:40
OGDC,2024-03-21,122.03,123.0,119.2,120.16,4601392,psxdata,2026-05-11T12:52:40
OGDC,2024-03-22,119.8,119.85,117.26,117.99,3524802,psxdata,2026-05-11T12:52:40
OGDC,2024-03-25,121.9,124.78,120.7,121.41,16003292,psxdata,2026-05-11T12:52:40
OGDC,2024-03-26,121.6,124.39,121.16,122.39,20903604,psxdata,2026-05-11T12:52:40
OGDC,2024-03-27,123.21,123.73,122.21,122.67,4512518,psxdata,2026-05-11T12:52:40
OGDC,2024-03-28,122.8,123.7,121.85,122.81,4201030,psxdata,2026-05-11T12:52:40
OGDC,2024-03-29,123.02,123.5,121.2,121.65,2792424,psxdata,2026-05-11T12:52:40
OGDC,2024-04-01,121.4,122.4,119.0,119.77,1842893,psxdata,2026-05-11T12:52:40
OGDC,2024-04-02,120.0,120.0,118.25,119.08,2001159,psxdata,2026-05-11T12:52:40
OGDC,2024-04-03,119.5,123.0,118.76,122.15,5586893,psxdata,2026-05-11T12:52:40
OGDC,2024-04-04,125.6,128.99,125.02,125.3,7916927,psxdata,2026-05-11T12:52:40
OGDC,2024-04-08,126.45,129.4,126.45,128.15,5865538,psxdata,2026-05-11T12:52:40
OGDC,2024-04-09,128.5,129.9,127.0,128.2,4868813,psxdata,2026-05-11T12:52:40
OGDC,2024-04-15,129.99,134.7,127.4,133.07,15716557,psxdata,2026-05-11T12:52:40
OGDC,2024-04-16,134.05,136.6,133.03,133.4,10709918,psxdata,2026-05-11T12:52:40
OGDC,2024-04-17,132.97,132.97,131.0,131.24,4282994,psxdata,2026-05-11T12:52:40
OGDC,2024-04-18,131.8,133.8,129.79,131.58,7638371,psxdata,2026-05-11T12:52:40
OGDC,2024-04-19,132.56,135.39,131.15,133.84,8418350,psxdata,2026-05-11T12:52:40
OGDC,2024-04-22,134.0,138.0,132.2,135.69,12878056,psxdata,2026-05-11T12:52:40
OGDC,2024-04-23,135.8,135.87,133.5,134.19,3461267,psxdata,2026-05-11T12:52:40
OGDC,2024-04-24,134.0,135.6,133.79,134.36,4954424,psxdata,2026-05-11T12:52:40
OGDC,2024-04-25,135.0,137.5,133.25,136.49,8800644,psxdata,2026-05-11T12:52:40
OGDC,2024-04-26,137.35,139.4,135.36,137.15,7239643,psxdata,2026-05-11T12:52:40
OGDC,2024-04-29,137.9,138.3,133.92,134.22,5410125,psxdata,2026-05-11T12:52:40
OGDC,2024-04-30,134.11,137.85,133.01,133.57,13576160,psxdata,2026-05-11T12:52:40
OGDC,2024-05-02,133.62,135.25,131.63,132.5,7309709,psxdata,2026-05-11T12:52:40
OGDC,2024-05-03,133.25,139.5,132.01,138.34,16078368,psxdata,2026-05-11T12:52:40
OGDC,2024-05-06,139.1,140.5,136.35,136.97,11672431,psxdata,2026-05-11T12:52:40
OGDC,2024-05-07,136.4,136.8,134.3,134.84,6653585,psxdata,2026-05-11T12:52:40
OGDC,2024-05-08,133.0,135.1,133.0,133.66,10021600,psxdata,2026-05-11T12:52:40
OGDC,2024-05-09,133.21,134.75,132.79,133.46,2595611,psxdata,2026-05-11T12:52:40
OGDC,2024-05-10,134.1,135.99,133.5,133.91,3471449,psxdata,2026-05-11T12:52:40
OGDC,2024-05-13,133.99,137.33,132.7,134.82,8980112,psxdata,2026-05-11T12:52:40
OGDC,2024-05-14,135.6,140.1,134.75,139.41,18217177,psxdata,2026-05-11T12:52:40
OGDC,2024-05-15,140.0,142.0,138.7,139.32,13245266,psxdata,2026-05-11T12:52:40
OGDC,2024-05-16,139.8,140.29,137.71,137.98,3342683,psxdata,2026-05-11T12:52:40
OGDC,2024-05-17,138.0,139.19,137.0,138.09,2602794,psxdata,2026-05-11T12:52:40
OGDC,2024-05-20,138.25,138.25,135.65,136.14,3681647,psxdata,2026-05-11T12:52:40
OGDC,2024-05-21,136.02,137.1,134.8,135.29,2288452,psxdata,2026-05-11T12:52:40
OGDC,2024-05-22,135.0,137.69,134.75,135.86,4399729,psxdata,2026-05-11T12:52:40
OGDC,2024-05-23,136.02,140.45,135.51,139.56,15108766,psxdata,2026-05-11T12:52:40
OGDC,2024-05-24,141.0,141.1,138.8,139.16,5798540,psxdata,2026-05-11T12:52:40
OGDC,2024-05-27,139.5,139.5,136.7,136.98,2712134,psxdata,2026-05-11T12:52:40
OGDC,2024-05-29,136.96,136.96,131.5,132.6,9766932,psxdata,2026-05-11T12:52:40
OGDC,2024-05-30,133.5,133.5,131.0,132.12,6987345,psxdata,2026-05-11T12:52:40
OGDC,2024-05-31,132.8,134.25,131.7,133.47,5355724,psxdata,2026-05-11T12:52:40
OGDC,2024-06-03,133.99,134.0,131.9,132.17,3160346,psxdata,2026-05-11T12:52:40
OGDC,2024-06-04,132.52,132.8,128.85,129.51,5736630,psxdata,2026-05-11T12:52:40
OGDC,2024-06-05,129.5,129.9,126.45,126.69,3736797,psxdata,2026-05-11T12:52:40
OGDC,2024-06-06,126.64,128.6,124.5,125.14,4733764,psxdata,2026-05-11T12:52:40
OGDC,2024-06-07,124.99,124.99,120.36,123.78,6549772,psxdata,2026-05-11T12:52:40
OGDC,2024-06-10,123.78,123.85,120.26,121.22,3376152,psxdata,2026-05-11T12:52:40
OGDC,2024-06-11,123.0,123.0,118.31,118.82,5615593,psxdata,2026-05-11T12:52:40
OGDC,2024-06-12,118.5,120.35,118.5,119.12,4617127,psxdata,2026-05-11T12:52:40
OGDC,2024-06-13,122.0,129.25,121.4,129.25,17606435,psxdata,2026-05-11T12:52:40
OGDC,2024-06-14,131.99,133.95,130.5,131.21,11098685,psxdata,2026-05-11T12:52:40
OGDC,2024-06-20,131.7,135.25,131.65,134.36,8402049,psxdata,2026-05-11T12:52:40
OGDC,2024-06-21,135.8,135.8,132.65,133.75,4950071,psxdata,2026-05-11T12:52:40
OGDC,2024-06-24,134.0,134.7,131.01,131.64,4313719,psxdata,2026-05-11T12:52:40
OGDC,2024-06-25,131.9,131.9,128.76,129.05,3198079,psxdata,2026-05-11T12:52:40
OGDC,2024-06-26,129.0,138.4,127.27,135.34,27462390,psxdata,2026-05-11T12:52:40
OGDC,2024-06-27,135.99,138.0,135.0,137.17,16928743,psxdata,2026-05-11T12:52:40
OGDC,2024-06-28,137.0,137.38,134.9,135.37,4871292,psxdata,2026-05-11T12:52:40
OGDC,2024-07-01,135.0,137.37,134.25,135.53,8319346,psxdata,2026-05-11T12:52:40
OGDC,2024-07-02,136.01,137.3,135.25,135.74,4774175,psxdata,2026-05-11T12:52:40
OGDC,2024-07-03,136.0,139.2,136.0,136.75,7030126,psxdata,2026-05-11T12:52:40
OGDC,2024-07-04,137.4,138.64,134.6,135.27,4895636,psxdata,2026-05-11T12:52:40
OGDC,2024-07-05,135.0,135.48,132.5,132.95,5330385,psxdata,2026-05-11T12:52:40
OGDC,2024-07-08,133.8,134.5,132.5,133.56,3066480,psxdata,2026-05-11T12:52:40
OGDC,2024-07-09,134.25,135.39,133.9,134.2,3303402,psxdata,2026-05-11T12:52:40
OGDC,2024-07-10,134.51,134.88,131.95,133.13,3920835,psxdata,2026-05-11T12:52:40
OGDC,2024-07-11,133.0,134.79,132.5,132.66,3392575,psxdata,2026-05-11T12:52:40
OGDC,2024-07-12,133.0,133.15,129.05,130.83,3416381,psxdata,2026-05-11T12:52:40
OGDC,2024-07-15,133.0,134.8,132.13,132.73,3879184,psxdata,2026-05-11T12:52:40
OGDC,2024-07-18,133.25,137.48,132.7,136.73,8532750,psxdata,2026-05-11T12:52:40
OGDC,2024-07-19,137.25,137.65,133.3,134.01,5116199,psxdata,2026-05-11T12:52:40
OGDC,2024-07-22,133.75,133.75,129.0,129.74,3758064,psxdata,2026-05-11T12:52:40
OGDC,2024-07-23,130.0,132.2,129.99,131.87,2329756,psxdata,2026-05-11T12:52:40
OGDC,2024-07-24,132.2,132.88,131.3,131.85,1291235,psxdata,2026-05-11T12:52:40
OGDC,2024-07-25,132.0,132.47,130.7,131.3,1138719,psxdata,2026-05-11T12:52:40
OGDC,2024-07-26,131.3,132.6,128.29,129.04,3538925,psxdata,2026-05-11T12:52:40
OGDC,2024-07-29,129.04,134.69,129.04,132.69,5897164,psxdata,2026-05-11T12:52:40
OGDC,2024-07-30,133.5,134.42,130.52,131.66,3516742,psxdata,2026-05-11T12:52:40
OGDC,2024-07-31,131.79,132.15,129.05,129.23,1132394,psxdata,2026-05-11T12:52:40
OGDC,2024-08-01,129.96,130.24,128.05,128.48,952493,psxdata,2026-05-11T12:52:40
OGDC,2024-08-02,129.21,131.5,128.51,130.49,1236400,psxdata,2026-05-11T12:52:40
OGDC,2024-08-05,131.49,134.7,128.85,129.25,6768020,psxdata,2026-05-11T12:52:40
OGDC,2024-08-06,131.0,132.0,129.05,129.68,2302149,psxdata,2026-05-11T12:52:40
OGDC,2024-08-07,130.0,131.2,128.85,129.14,2213452,psxdata,2026-05-11T12:52:40
OGDC,2024-08-08,129.7,139.98,129.0,138.55,24259389,psxdata,2026-05-11T12:52:40
OGDC,2024-08-09,140.4,141.11,135.2,135.82,8579756,psxdata,2026-05-11T12:52:40
OGDC,2024-08-12,135.0,137.1,133.1,133.54,4634802,psxdata,2026-05-11T12:52:40
OGDC,2024-08-13,133.54,135.0,132.78,133.85,2670708,psxdata,2026-05-11T12:52:40
OGDC,2024-08-15,134.4,135.75,132.0,132.26,4156156,psxdata,2026-05-11T12:52:40
OGDC,2024-08-16,132.51,133.35,131.1,131.32,2117011,psxdata,2026-05-11T12:52:40
OGDC,2024-08-19,132.75,133.65,131.6,131.83,1729436,psxdata,2026-05-11T12:52:40
OGDC,2024-08-20,132.25,133.24,131.51,132.85,942044,psxdata,2026-05-11T12:52:40
OGDC,2024-08-21,134.0,134.98,133.0,134.07,2916406,psxdata,2026-05-11T12:52:40
OGDC,2024-08-22,134.6,136.85,134.01,134.94,4247613,psxdata,2026-05-11T12:52:40
OGDC,2024-08-23,135.02,136.3,134.3,135.03,2543680,psxdata,2026-05-11T12:52:40
OGDC,2024-08-26,135.89,136.0,134.0,134.58,1162536,psxdata,2026-05-11T12:52:40
OGDC,2024-08-27,135.51,136.47,132.91,133.1,3196959,psxdata,2026-05-11T12:52:40
OGDC,2024-08-28,133.56,133.56,132.5,132.62,781528,psxdata,2026-05-11T12:52:40
OGDC,2024-08-29,132.53,133.47,131.92,132.86,1144541,psxdata,2026-05-11T12:52:40
OGDC,2024-08-30,133.05,134.4,132.6,132.9,1303913,psxdata,2026-05-11T12:52:40
OGDC,2024-09-02,133.25,136.0,132.16,133.15,3098055,psxdata,2026-05-11T12:52:40
OGDC,2024-09-03,133.5,134.7,133.5,134.05,1144426,psxdata,2026-05-11T12:52:40
OGDC,2024-09-04,134.6,138.7,134.6,137.71,12999171,psxdata,2026-05-11T12:52:40
OGDC,2024-09-05,137.69,138.65,136.45,137.2,3485543,psxdata,2026-05-11T12:52:40
OGDC,2024-09-06,137.25,137.89,136.5,136.74,1320815,psxdata,2026-05-11T12:52:40
OGDC,2024-09-09,137.3,138.7,136.0,136.36,2074252,psxdata,2026-05-11T12:52:40
OGDC,2024-09-10,136.44,136.74,135.0,136.07,1678777,psxdata,2026-05-11T12:52:40
OGDC,2024-09-11,136.0,137.83,134.6,137.06,4187698,psxdata,2026-05-11T12:52:40
OGDC,2024-09-12,137.06,139.5,137.0,138.52,5114698,psxdata,2026-05-11T12:52:40
OGDC,2024-09-13,140.11,144.4,139.41,142.04,14126352,psxdata,2026-05-11T12:52:40
OGDC,2024-09-16,142.0,144.5,140.45,141.03,6930981,psxdata,2026-05-11T12:52:40
OGDC,2024-09-18,141.4,143.44,140.75,142.27,4283261,psxdata,2026-05-11T12:52:40
OGDC,2024-09-19,142.95,148.0,142.05,145.86,11439004,psxdata,2026-05-11T12:52:40
OGDC,2024-09-20,145.99,146.39,140.3,141.29,29408063,psxdata,2026-05-11T12:52:40
OGDC,2024-09-23,141.98,144.0,137.2,138.61,23080653,psxdata,2026-05-11T12:52:40
OGDC,2024-09-24,139.44,140.2,136.8,139.78,7695595,psxdata,2026-05-11T12:52:40
OGDC,2024-09-25,139.8,144.85,139.06,144.28,12712592,psxdata,2026-05-11T12:52:40
OGDC,2024-09-26,145.5,146.2,142.95,143.56,9855544,psxdata,2026-05-11T12:52:40
OGDC,2024-09-27,143.75,144.59,142.8,143.85,3487462,psxdata,2026-05-11T12:52:40
OGDC,2024-09-30,144.46,144.6,142.5,143.43,2600225,psxdata,2026-05-11T12:52:40
OGDC,2024-10-01,143.8,146.75,142.71,146.05,5724789,psxdata,2026-05-11T12:52:40
OGDC,2024-10-02,145.2,148.45,144.71,147.76,5426787,psxdata,2026-05-11T12:52:40
OGDC,2024-10-03,148.45,150.0,147.9,149.54,5346618,psxdata,2026-05-11T12:52:40
OGDC,2024-10-04,150.0,155.8,149.02,155.05,11575579,psxdata,2026-05-11T12:52:40
OGDC,2024-10-07,154.99,169.8,154.6,166.92,20721547,psxdata,2026-05-11T12:52:40
OGDC,2024-10-08,169.1,174.54,168.5,172.14,16675823,psxdata,2026-05-11T12:52:40
OGDC,2024-10-09,172.0,174.54,168.95,169.84,7201707,psxdata,2026-05-11T12:52:40
OGDC,2024-10-10,169.5,173.25,168.0,170.46,8150018,psxdata,2026-05-11T12:52:40
OGDC,2024-10-11,171.0,175.1,168.21,170.0,5637289,psxdata,2026-05-11T12:52:40
OGDC,2024-10-14,169.99,170.0,166.8,167.06,3004782,psxdata,2026-05-11T12:52:40
OGDC,2024-10-15,167.0,171.25,164.0,170.35,4933844,psxdata,2026-05-11T12:52:40
OGDC,2024-10-16,167.0,170.85,167.0,169.56,6089810,psxdata,2026-05-11T12:52:40
OGDC,2024-10-17,170.0,171.25,167.51,168.0,2499500,psxdata,2026-05-11T12:52:40
OGDC,2024-10-18,168.54,168.54,164.5,165.68,2317889,psxdata,2026-05-11T12:52:40
OGDC,2024-10-21,165.5,167.55,165.5,166.87,2235332,psxdata,2026-05-11T12:52:40
OGDC,2024-10-22,166.5,169.42,166.5,166.97,3315231,psxdata,2026-05-11T12:52:40
OGDC,2024-10-23,167.4,169.8,166.06,169.14,4641922,psxdata,2026-05-11T12:52:40
OGDC,2024-10-24,169.48,177.75,169.2,175.32,10907595,psxdata,2026-05-11T12:52:40
OGDC,2024-10-25,177.1,182.8,173.0,175.6,22422781,psxdata,2026-05-11T12:52:40
OGDC,2024-10-28,176.5,180.1,174.0,174.48,7324646,psxdata,2026-05-11T12:52:40
OGDC,2024-10-29,175.0,176.0,172.89,175.28,4841297,psxdata,2026-05-11T12:52:40
OGDC,2024-10-30,176.28,181.15,172.5,173.91,9305622,psxdata,2026-05-11T12:52:40
OGDC,2024-10-31,174.05,175.0,170.53,172.13,4569439,psxdata,2026-05-11T12:52:40
OGDC,2024-11-01,171.99,181.0,170.11,179.49,14105623,psxdata,2026-05-11T12:52:40
OGDC,2024-11-04,181.49,182.5,176.51,180.64,9465022,psxdata,2026-05-11T12:52:40
OGDC,2024-11-05,180.45,185.8,180.15,183.31,10140999,psxdata,2026-05-11T12:52:40
OGDC,2024-11-06,182.1,182.5,177.9,178.54,8019798,psxdata,2026-05-11T12:52:40
OGDC,2024-11-07,178.52,184.1,178.52,183.22,7976658,psxdata,2026-05-11T12:52:40
OGDC,2024-11-08,183.05,193.5,181.5,191.41,10745580,psxdata,2026-05-11T12:52:40
OGDC,2024-11-11,191.8,199.5,191.8,197.64,10975597,psxdata,2026-05-11T12:52:40
OGDC,2024-11-12,199.5,199.5,193.2,194.69,6020079,psxdata,2026-05-11T12:52:40
OGDC,2024-11-13,194.69,195.89,188.96,190.1,6479629,psxdata,2026-05-11T12:52:40
OGDC,2024-11-14,191.0,196.61,191.0,194.87,8132920,psxdata,2026-05-11T12:52:40
OGDC,2024-11-15,194.7,198.0,193.3,194.18,6608871,psxdata,2026-05-11T12:52:40
OGDC,2024-11-18,194.0,195.9,191.45,194.1,3202280,psxdata,2026-05-11T12:52:40
OGDC,2024-11-19,194.5,196.5,194.1,195.47,2645343,psxdata,2026-05-11T12:52:40
OGDC,2024-11-20,195.98,198.8,193.0,194.94,6023711,psxdata,2026-05-11T12:52:40
OGDC,2024-11-21,194.99,201.5,193.7,199.66,9205022,psxdata,2026-05-11T12:52:40
OGDC,2024-11-22,198.96,203.25,193.6,194.69,8790620,psxdata,2026-05-11T12:52:40
OGDC,2024-11-25,194.01,195.5,192.0,192.82,4085788,psxdata,2026-05-11T12:52:40
OGDC,2024-11-26,192.0,192.0,177.75,179.53,8464314,psxdata,2026-05-11T12:52:40
OGDC,2024-11-27,190.0,190.55,184.0,188.29,7510180,psxdata,2026-05-11T12:52:40
OGDC,2024-11-28,188.89,194.85,188.8,193.62,11210333,psxdata,2026-05-11T12:52:40
OGDC,2024-11-29,194.0,197.75,190.75,195.25,7945611,psxdata,2026-05-11T12:52:40
OGDC,2024-12-02,195.25,202.89,190.2,191.76,19610982,psxdata,2026-05-11T12:52:40
OGDC,2024-12-03,191.5,193.25,188.7,191.87,6046821,psxdata,2026-05-11T12:52:40
OGDC,2024-12-04,192.1,193.8,190.5,192.93,4666041,psxdata,2026-05-11T12:52:40
OGDC,2024-12-05,193.5,198.2,192.3,197.41,8146703,psxdata,2026-05-11T12:52:40
OGDC,2024-12-06,198.2,198.9,194.01,194.78,3278432,psxdata,2026-05-11T12:52:40
OGDC,2024-12-09,194.86,199.27,193.0,197.07,6763850,psxdata,2026-05-11T12:52:40
OGDC,2024-12-10,198.0,198.4,190.35,193.76,5333706,psxdata,2026-05-11T12:52:40
OGDC,2024-12-11,194.0,206.9,193.7,204.85,17784563,psxdata,2026-05-11T12:52:40
OGDC,2024-12-12,206.41,214.99,206.41,213.41,20627002,psxdata,2026-05-11T12:52:40
OGDC,2024-12-13,214.12,225.0,213.0,222.95,17022257,psxdata,2026-05-11T12:52:40
OGDC,2024-12-16,225.25,235.5,225.25,233.29,12688572,psxdata,2026-05-11T12:52:40
OGDC,2024-12-17,235.4,235.99,216.75,222.66,9567963,psxdata,2026-05-11T12:52:40
OGDC,2024-12-18,228.0,233.0,217.0,220.76,13982326,psxdata,2026-05-11T12:52:40
OGDC,2024-12-19,221.9,224.0,209.0,211.17,14172158,psxdata,2026-05-11T12:52:40
OGDC,2024-12-20,210.0,216.49,206.51,214.67,6057125,psxdata,2026-05-11T12:52:40
OGDC,2024-12-23,216.99,234.0,215.49,232.59,14962519,psxdata,2026-05-11T12:52:40
OGDC,2024-12-24,233.9,255.4,227.0,230.13,23055594,psxdata,2026-05-11T12:52:40
OGDC,2024-12-26,232.0,232.0,217.5,219.42,9133140,psxdata,2026-05-11T12:52:40
OGDC,2024-12-27,218.0,225.4,216.55,221.1,5769967,psxdata,2026-05-11T12:52:40
OGDC,2024-12-30,223.45,227.2,222.3,225.46,5797617,psxdata,2026-05-11T12:52:40
OGDC,2024-12-31,234.99,234.99,226.02,227.26,8597991,psxdata,2026-05-11T12:52:40
OGDC,2025-01-01,225.6,230.0,223.01,228.61,5273070,psxdata,2026-05-11T12:52:40
OGDC,2025-01-02,229.15,231.25,222.1,223.26,5672947,psxdata,2026-05-11T12:52:40
OGDC,2025-01-03,224.25,224.25,218.01,222.08,3513730,psxdata,2026-05-11T12:52:40
OGDC,2025-01-06,223.99,224.89,210.1,213.56,6175293,psxdata,2026-05-11T12:52:40
OGDC,2025-01-07,213.56,219.49,205.8,218.38,6978698,psxdata,2026-05-11T12:52:40
OGDC,2025-01-08,220.0,223.0,211.5,212.95,4029719,psxdata,2026-05-11T12:52:40
OGDC,2025-01-09,213.5,216.9,208.11,213.03,5564192,psxdata,2026-05-11T12:52:40
OGDC,2025-01-10,212.4,230.0,209.09,224.96,10277964,psxdata,2026-05-11T12:52:40
OGDC,2025-01-13,227.2,228.75,222.2,224.91,7647826,psxdata,2026-05-11T12:52:40
OGDC,2025-01-14,225.88,225.88,221.0,222.15,3374101,psxdata,2026-05-11T12:52:40
OGDC,2025-01-15,222.99,226.23,219.4,221.77,5707634,psxdata,2026-05-11T12:52:40
OGDC,2025-01-16,222.49,222.5,218.01,218.75,2698464,psxdata,2026-05-11T12:52:40
OGDC,2025-01-17,218.0,223.3,216.75,221.91,4628837,psxdata,2026-05-11T12:52:40
OGDC,2025-01-20,223.0,225.85,222.01,222.54,3836160,psxdata,2026-05-11T12:52:40
OGDC,2025-01-21,222.1,225.25,217.01,218.23,3403901,psxdata,2026-05-11T12:52:40
OGDC,2025-01-22,218.0,219.0,213.0,213.99,3247822,psxdata,2026-05-11T12:52:40
OGDC,2025-01-23,214.0,218.0,212.5,213.91,3076058,psxdata,2026-05-11T12:52:40
OGDC,2025-01-24,214.75,216.5,211.8,212.43,2141455,psxdata,2026-05-11T12:52:40
OGDC,2025-01-27,213.0,213.55,208.9,209.11,2895036,psxdata,2026-05-11T12:52:40
OGDC,2025-01-28,208.5,208.5,201.23,203.6,5222551,psxdata,2026-05-11T12:52:40
OGDC,2025-01-29,204.0,205.97,201.1,203.24,3818978,psxdata,2026-05-11T12:52:40
OGDC,2025-01-30,204.0,208.0,203.0,206.87,4297134,psxdata,2026-05-11T12:52:40
OGDC,2025-01-31,207.0,210.9,205.65,206.51,3987393,psxdata,2026-05-11T12:52:40
OGDC,2025-02-03,209.0,209.0,202.05,202.69,1832312,psxdata,2026-05-11T12:52:40
OGDC,2025-02-04,203.0,204.3,198.5,199.88,2904113,psxdata,2026-05-11T12:52:40
OGDC,2025-02-06,200.01,200.7,192.15,195.44,6279265,psxdata,2026-05-11T12:52:40
OGDC,2025-02-07,196.5,199.99,195.52,198.51,2347359,psxdata,2026-05-11T12:52:40
OGDC,2025-02-10,198.5,202.89,196.4,200.97,2117785,psxdata,2026-05-11T12:52:40
OGDC,2025-02-11,202.19,210.11,201.52,208.19,7363546,psxdata,2026-05-11T12:52:40
OGDC,2025-02-12,208.19,210.37,206.01,209.1,2897545,psxdata,2026-05-11T12:52:40
OGDC,2025-02-13,209.1,212.6,205.85,206.43,2869697,psxdata,2026-05-11T12:52:40
OGDC,2025-02-14,206.44,208.0,201.0,201.86,1333952,psxdata,2026-05-11T12:52:40
OGDC,2025-02-17,202.85,202.85,199.0,199.44,939284,psxdata,2026-05-11T12:52:40
OGDC,2025-02-18,200.9,206.27,199.0,205.74,2120629,psxdata,2026-05-11T12:52:40
OGDC,2025-02-19,206.55,207.5,203.45,204.8,1317290,psxdata,2026-05-11T12:52:40
OGDC,2025-02-20,204.8,208.5,204.0,204.81,3826377,psxdata,2026-05-11T12:52:40
OGDC,2025-02-21,205.1,205.51,202.0,202.75,825161,psxdata,2026-05-11T12:52:40
OGDC,2025-02-24,202.51,211.75,201.0,210.37,6338246,psxdata,2026-05-11T12:52:40
OGDC,2025-02-25,211.67,218.0,211.67,213.33,8383991,psxdata,2026-05-11T12:52:40
OGDC,2025-02-26,212.9,214.0,208.11,208.88,2763837,psxdata,2026-05-11T12:52:40
OGDC,2025-02-27,208.2,214.15,208.2,212.11,4496538,psxdata,2026-05-11T12:52:40
OGDC,2025-02-28,213.0,214.75,211.55,212.59,5000445,psxdata,2026-05-11T12:52:40
OGDC,2025-03-03,212.65,214.0,211.22,211.76,1565677,psxdata,2026-05-11T12:52:40
OGDC,2025-03-04,211.5,213.5,211.5,213.32,1628189,psxdata,2026-05-11T12:52:40
OGDC,2025-03-05,213.49,214.75,212.55,212.91,2303682,psxdata,2026-05-11T12:52:40
OGDC,2025-03-06,212.9,224.0,211.62,222.58,18047822,psxdata,2026-05-11T12:52:40
OGDC,2025-03-07,223.57,228.0,222.75,223.84,8869795,psxdata,2026-05-11T12:52:40
OGDC,2025-03-10,216.75,219.9,213.01,214.77,6097137,psxdata,2026-05-11T12:52:40
OGDC,2025-03-11,214.5,220.0,210.8,218.82,8137145,psxdata,2026-05-11T12:52:40
OGDC,2025-03-12,219.94,221.8,216.1,217.24,4562038,psxdata,2026-05-11T12:52:40
OGDC,2025-03-13,217.24,219.8,216.75,218.28,3103443,psxdata,2026-05-11T12:52:40
OGDC,2025-03-14,218.9,219.9,217.9,218.59,1589442,psxdata,2026-05-11T12:52:40
OGDC,2025-03-17,218.0,223.4,218.0,221.38,4231096,psxdata,2026-05-11T12:52:40
OGDC,2025-03-18,223.45,226.49,221.98,223.06,5498200,psxdata,2026-05-11T12:52:40
OGDC,2025-03-19,223.5,226.98,221.5,225.48,4159013,psxdata,2026-05-11T12:52:40
OGDC,2025-03-20,226.1,229.74,225.6,226.81,4915163,psxdata,2026-05-11T12:52:40
OGDC,2025-03-21,226.8,229.15,226.5,227.35,3217231,psxdata,2026-05-11T12:52:40
OGDC,2025-03-24,228.0,228.0,216.3,218.17,3951500,psxdata,2026-05-11T12:52:40
OGDC,2025-03-25,218.26,225.0,215.2,224.19,6130175,psxdata,2026-05-11T12:52:40
OGDC,2025-03-26,233.01,235.0,228.25,232.75,8944307,psxdata,2026-05-11T12:52:40
OGDC,2025-03-27,233.44,233.99,230.4,232.73,2613031,psxdata,2026-05-11T12:52:40
OGDC,2025-04-03,232.89,236.0,230.02,234.68,3179307,psxdata,2026-05-11T12:52:40
OGDC,2025-04-04,235.0,235.7,226.01,226.77,4442709,psxdata,2026-05-11T12:52:40
OGDC,2025-04-07,224.0,224.0,204.09,213.07,11609437,psxdata,2026-05-11T12:52:40
OGDC,2025-04-08,215.99,218.15,214.05,214.89,6186423,psxdata,2026-05-11T12:52:40
OGDC,2025-04-09,212.0,213.8,205.0,208.52,5505908,psxdata,2026-05-11T12:52:40
OGDC,2025-04-10,217.0,219.0,214.0,214.75,5634924,psxdata,2026-05-11T12:52:40
OGDC,2025-04-11,214.75,214.75,211.75,212.16,2693355,psxdata,2026-05-11T12:52:40
OGDC,2025-04-14,213.5,215.0,210.45,212.02,2030494,psxdata,2026-05-11T12:52:40
OGDC,2025-04-15,212.9,216.8,211.56,214.32,5788920,psxdata,2026-05-11T12:52:40
OGDC,2025-04-16,216.0,217.0,210.1,211.7,3196077,psxdata,2026-05-11T12:52:40
OGDC,2025-04-17,212.9,214.69,211.01,214.08,1864871,psxdata,2026-05-11T12:52:40
OGDC,2025-04-18,216.7,216.7,212.5,212.88,1714126,psxdata,2026-05-11T12:52:40
OGDC,2025-04-21,213.9,215.0,211.52,212.23,2898447,psxdata,2026-05-11T12:52:40
OGDC,2025-04-22,212.49,214.99,211.5,213.28,2071864,psxdata,2026-05-11T12:52:40
OGDC,2025-04-23,213.28,217.15,211.05,214.36,5146592,psxdata,2026-05-11T12:52:40
OGDC,2025-04-24,211.8,214.0,210.0,211.69,3503471,psxdata,2026-05-11T12:52:40
OGDC,2025-04-25,212.0,213.7,207.21,212.37,4086778,psxdata,2026-05-11T12:52:40
OGDC,2025-04-28,212.37,213.55,207.5,208.0,1711531,psxdata,2026-05-11T12:52:40
OGDC,2025-04-29,206.12,209.0,204.0,207.81,2656000,psxdata,2026-05-11T12:52:40
OGDC,2025-04-30,207.0,207.0,197.1,200.38,5330775,psxdata,2026-05-11T12:52:40
OGDC,2025-05-02,203.0,204.48,202.25,203.25,2120764,psxdata,2026-05-11T12:52:40
OGDC,2025-05-05,204.0,204.0,199.51,200.22,1963019,psxdata,2026-05-11T12:52:40
OGDC,2025-05-06,200.9,207.9,200.02,202.93,5936784,psxdata,2026-05-11T12:52:40
OGDC,2025-05-07,190.11,201.99,190.11,196.63,8425414,psxdata,2026-05-11T12:52:40
OGDC,2025-05-08,197.77,200.48,176.97,179.39,10630815,psxdata,2026-05-11T12:52:40
OGDC,2025-05-09,179.99,185.75,174.26,184.55,9341157,psxdata,2026-05-11T12:52:40
OGDC,2025-05-12,203.01,203.01,202.9,203.01,3446509,psxdata,2026-05-11T12:52:40
OGDC,2025-05-13,209.0,219.99,203.5,218.66,30912153,psxdata,2026-05-11T12:52:40
OGDC,2025-05-14,217.9,217.9,211.5,212.67,9743491,psxdata,2026-05-11T12:52:40
OGDC,2025-05-15,213.05,215.9,211.35,213.73,6853346,psxdata,2026-05-11T12:52:40
OGDC,2025-05-16,214.89,214.89,211.0,211.5,2618444,psxdata,2026-05-11T12:52:40
OGDC,2025-05-19,213.0,213.51,209.4,211.7,4668009,psxdata,2026-05-11T12:52:40
OGDC,2025-05-20,210.98,212.0,209.5,209.7,1452810,psxdata,2026-05-11T12:52:40
OGDC,2025-05-21,210.3,214.5,209.5,213.74,4447556,psxdata,2026-05-11T12:52:40
OGDC,2025-05-22,213.74,216.5,210.45,211.9,5090695,psxdata,2026-05-11T12:52:40
OGDC,2025-05-23,212.8,213.7,210.6,212.37,1694126,psxdata,2026-05-11T12:52:40
OGDC,2025-05-26,213.0,213.8,207.15,208.95,3432433,psxdata,2026-05-11T12:52:40
OGDC,2025-05-27,209.25,210.9,208.0,209.41,4443220,psxdata,2026-05-11T12:52:40
OGDC,2025-05-29,210.47,211.15,208.8,209.17,2255894,psxdata,2026-05-11T12:52:40
OGDC,2025-05-30,209.1,210.1,207.5,209.49,1912843,psxdata,2026-05-11T12:52:40
OGDC,2025-06-02,211.38,213.5,206.5,207.98,3666183,psxdata,2026-05-11T12:52:40
OGDC,2025-06-03,208.0,210.0,207.25,209.15,1909426,psxdata,2026-05-11T12:52:40
OGDC,2025-06-04,209.15,213.13,208.95,211.89,4379550,psxdata,2026-05-11T12:52:40
OGDC,2025-06-05,211.89,212.5,209.5,209.95,2233027,psxdata,2026-05-11T12:52:40
OGDC,2025-06-10,210.0,211.39,209.0,210.32,1191479,psxdata,2026-05-11T12:52:40
OGDC,2025-06-11,212.65,216.45,212.1,215.31,8783176,psxdata,2026-05-11T12:52:40
OGDC,2025-06-12,217.0,218.99,211.26,212.05,8617378,psxdata,2026-05-11T12:52:40
OGDC,2025-06-13,211.0,212.2,208.23,208.86,5201407,psxdata,2026-05-11T12:52:40
OGDC,2025-06-16,209.4,214.4,209.4,213.05,4640665,psxdata,2026-05-11T12:52:40
OGDC,2025-06-17,213.0,215.45,212.0,214.26,5626262,psxdata,2026-05-11T12:52:40
OGDC,2025-06-18,214.26,214.26,210.5,211.17,3680503,psxdata,2026-05-11T12:52:40
OGDC,2025-06-19,213.55,216.01,209.85,210.68,4400385,psxdata,2026-05-11T12:52:40
OGDC,2025-06-20,211.0,215.0,210.11,212.25,2708653,psxdata,2026-05-11T12:52:40
OGDC,2025-06-23,210.0,210.5,202.0,203.86,4604885,psxdata,2026-05-11T12:52:40
OGDC,2025-06-24,216.0,220.3,211.0,218.01,9161337,psxdata,2026-05-11T12:52:40
OGDC,2025-06-25,218.39,219.01,216.1,217.85,6810842,psxdata,2026-05-11T12:52:40
OGDC,2025-06-26,218.0,222.49,216.11,217.29,6966647,psxdata,2026-05-11T12:52:40
OGDC,2025-06-27,217.5,226.0,216.75,221.19,9560957,psxdata,2026-05-11T12:52:40
OGDC,2025-06-30,224.0,224.0,220.0,220.56,4322821,psxdata,2026-05-11T12:52:40
OGDC,2025-07-01,220.3,223.0,218.99,221.57,4591432,psxdata,2026-05-11T12:52:40
OGDC,2025-07-02,222.45,223.99,221.31,222.92,4662816,psxdata,2026-05-11T12:52:40
OGDC,2025-07-03,224.13,230.0,224.0,229.09,9420347,psxdata,2026-05-11T12:52:40
OGDC,2025-07-04,229.67,230.0,226.52,227.28,2458630,psxdata,2026-05-11T12:52:40
OGDC,2025-07-07,227.28,230.0,226.51,229.14,3418591,psxdata,2026-05-11T12:52:40
OGDC,2025-07-08,229.5,231.55,227.51,229.24,4163815,psxdata,2026-05-11T12:52:40
OGDC,2025-07-09,228.99,230.0,225.06,228.02,7174231,psxdata,2026-05-11T12:52:40
OGDC,2025-07-10,228.02,228.09,225.8,226.62,2904599,psxdata,2026-05-11T12:52:40
OGDC,2025-07-11,227.05,229.01,226.1,227.89,2758043,psxdata,2026-05-11T12:52:40
OGDC,2025-07-14,228.84,229.2,226.0,227.11,2390029,psxdata,2026-05-11T12:52:40
OGDC,2025-07-15,227.5,228.0,224.0,224.43,2301456,psxdata,2026-05-11T12:52:40
OGDC,2025-07-16,223.8,226.0,222.85,224.37,2358869,psxdata,2026-05-11T12:52:40
OGDC,2025-07-17,224.8,227.98,224.1,225.18,3409629,psxdata,2026-05-11T12:52:40
OGDC,2025-07-18,226.0,228.1,223.0,223.28,2838810,psxdata,2026-05-11T12:52:40
OGDC,2025-07-21,223.28,223.99,220.99,221.18,2493261,psxdata,2026-05-11T12:52:40
OGDC,2025-07-22,222.0,229.0,221.01,226.63,6603594,psxdata,2026-05-11T12:52:40
OGDC,2025-07-23,228.4,231.0,225.52,226.23,4488616,psxdata,2026-05-11T12:52:40
OGDC,2025-07-24,227.0,228.7,225.0,225.33,1876360,psxdata,2026-05-11T12:52:40
OGDC,2025-07-25,225.33,226.98,224.23,225.91,2022116,psxdata,2026-05-11T12:52:40
OGDC,2025-07-28,227.1,229.1,223.51,227.13,9303039,psxdata,2026-05-11T12:52:40
OGDC,2025-07-29,226.99,227.48,222.05,224.04,1827872,psxdata,2026-05-11T12:52:40
OGDC,2025-07-30,223.4,226.0,223.4,224.78,1481340,psxdata,2026-05-11T12:52:40
OGDC,2025-07-31,228.0,238.0,228.0,233.01,24206621,psxdata,2026-05-11T12:52:40
OGDC,2025-08-01,233.45,256.31,231.01,255.67,37045030,psxdata,2026-05-11T12:52:40
OGDC,2025-08-04,265.0,269.0,259.12,260.22,17823555,psxdata,2026-05-11T12:52:40
OGDC,2025-08-05,260.0,264.5,256.0,259.14,12663423,psxdata,2026-05-11T12:52:40
OGDC,2025-08-06,259.77,263.4,257.65,262.24,8985338,psxdata,2026-05-11T12:52:40
OGDC,2025-08-07,263.02,269.88,263.0,267.08,16976236,psxdata,2026-05-11T12:52:40
OGDC,2025-08-08,267.2,276.99,267.2,270.48,19939697,psxdata,2026-05-11T12:52:40
OGDC,2025-08-11,269.96,278.5,267.46,277.09,12017894,psxdata,2026-05-11T12:52:40
OGDC,2025-08-12,278.5,279.35,269.4,271.54,15701553,psxdata,2026-05-11T12:52:40
OGDC,2025-08-13,272.0,274.0,268.18,269.5,11217565,psxdata,2026-05-11T12:52:40
OGDC,2025-08-15,270.0,271.65,261.01,262.58,8770183,psxdata,2026-05-11T12:52:40
OGDC,2025-08-18,263.01,264.9,258.66,263.57,8838838,psxdata,2026-05-11T12:52:40
OGDC,2025-08-19,263.97,264.38,259.0,259.71,7628890,psxdata,2026-05-11T12:52:40
OGDC,2025-08-20,260.0,261.0,257.0,258.27,5294589,psxdata,2026-05-11T12:52:40
OGDC,2025-08-21,259.01,262.15,255.55,260.97,9475709,psxdata,2026-05-11T12:52:40
OGDC,2025-08-22,262.0,268.7,261.2,263.13,12454594,psxdata,2026-05-11T12:52:40
OGDC,2025-08-25,262.55,264.25,260.23,260.97,2541898,psxdata,2026-05-11T12:52:40
OGDC,2025-08-26,263.94,264.7,259.5,260.42,4337958,psxdata,2026-05-11T12:52:40
OGDC,2025-08-27,261.0,261.99,259.02,260.33,2744110,psxdata,2026-05-11T12:52:40
OGDC,2025-08-28,260.53,262.0,259.9,261.24,2197621,psxdata,2026-05-11T12:52:40
OGDC,2025-08-29,261.4,271.25,260.0,264.36,14512990,psxdata,2026-05-11T12:52:40
OGDC,2025-09-01,264.31,272.0,264.2,270.35,10452246,psxdata,2026-05-11T12:52:40
OGDC,2025-09-02,271.97,272.78,268.0,269.32,6923779,psxdata,2026-05-11T12:52:40
OGDC,2025-09-03,270.0,275.5,268.2,273.1,8356395,psxdata,2026-05-11T12:52:40
OGDC,2025-09-04,272.5,273.74,269.06,270.39,6155542,psxdata,2026-05-11T12:52:40
OGDC,2025-09-05,270.7,274.8,268.55,272.98,11586114,psxdata,2026-05-11T12:52:40
OGDC,2025-09-08,274.97,276.9,273.0,275.0,7208664,psxdata,2026-05-11T12:52:40
OGDC,2025-09-09,275.5,277.39,271.0,273.15,4430136,psxdata,2026-05-11T12:52:40
OGDC,2025-09-10,272.99,275.5,271.25,272.92,3937900,psxdata,2026-05-11T12:52:40
OGDC,2025-09-11,274.0,274.8,270.3,270.74,2301602,psxdata,2026-05-11T12:52:40
OGDC,2025-09-12,270.74,271.2,267.0,267.58,3159599,psxdata,2026-05-11T12:52:40
OGDC,2025-09-15,268.98,271.25,267.5,268.52,2587458,psxdata,2026-05-11T12:52:40
OGDC,2025-09-16,269.0,273.11,268.5,272.19,3910471,psxdata,2026-05-11T12:52:40
OGDC,2025-09-17,273.5,274.15,270.0,270.4,5140674,psxdata,2026-05-11T12:52:40
OGDC,2025-09-18,274.4,274.4,271.0,272.12,4160324,psxdata,2026-05-11T12:52:40
OGDC,2025-09-19,273.0,290.0,272.5,277.26,21409448,psxdata,2026-05-11T12:52:40
OGDC,2025-09-22,278.0,284.1,277.94,280.64,9754396,psxdata,2026-05-11T12:52:40
OGDC,2025-09-23,282.5,288.0,281.0,282.71,16354969,psxdata,2026-05-11T12:52:40
OGDC,2025-09-24,285.8,287.74,281.45,282.86,13702496,psxdata,2026-05-11T12:52:40
OGDC,2025-09-25,282.86,284.7,276.2,277.88,10971601,psxdata,2026-05-11T12:52:40
OGDC,2025-09-26,278.0,282.2,277.88,280.53,7867269,psxdata,2026-05-11T12:52:40
OGDC,2025-09-29,282.0,282.0,278.06,281.5,4922860,psxdata,2026-05-11T12:52:40
OGDC,2025-09-30,282.7,284.8,276.12,277.23,9770262,psxdata,2026-05-11T12:52:40
OGDC,2025-10-01,278.0,280.5,275.9,276.69,6107600,psxdata,2026-05-11T12:52:40
OGDC,2025-10-02,277.49,279.99,275.55,278.41,3122091,psxdata,2026-05-11T12:52:40
OGDC,2025-10-03,278.5,280.79,277.0,277.92,3023187,psxdata,2026-05-11T12:52:40
OGDC,2025-10-06,277.0,277.0,270.5,274.49,3715447,psxdata,2026-05-11T12:52:40
OGDC,2025-10-07,275.0,276.25,270.9,271.34,4306794,psxdata,2026-05-11T12:52:40
OGDC,2025-10-08,272.0,273.4,269.0,269.56,2531613,psxdata,2026-05-11T12:52:40
OGDC,2025-10-09,269.0,272.3,266.9,267.53,3055646,psxdata,2026-05-11T12:52:40
OGDC,2025-10-10,266.0,267.99,262.3,263.97,3026904,psxdata,2026-05-11T12:52:40
OGDC,2025-10-13,261.0,261.9,250.0,252.84,7675950,psxdata,2026-05-11T12:52:40
OGDC,2025-10-14,255.99,265.1,254.11,264.23,7818648,psxdata,2026-05-11T12:52:40
OGDC,2025-10-15,267.4,267.4,258.8,260.64,4519704,psxdata,2026-05-11T12:52:40
OGDC,2025-10-16,260.0,262.8,257.5,258.88,4526045,psxdata,2026-05-11T12:52:40
OGDC,2025-10-17,259.95,262.3,257.1,258.21,6474476,psxdata,2026-05-11T12:52:40
OGDC,2025-10-20,260.01,265.2,256.95,263.9,5683753,psxdata,2026-05-11T12:52:40
OGDC,2025-10-21,260.0,268.0,260.0,264.63,6000969,psxdata,2026-05-11T12:52:40
OGDC,2025-10-22,264.51,273.31,262.61,266.92,8802862,psxdata,2026-05-11T12:52:40
OGDC,2025-10-23,265.0,272.55,265.0,266.32,3981547,psxdata,2026-05-11T12:52:40
OGDC,2025-10-24,266.8,270.39,263.7,264.27,2779419,psxdata,2026-05-11T12:52:40
OGDC,2025-10-27,264.1,265.1,260.0,260.76,3529130,psxdata,2026-05-11T12:52:40
OGDC,2025-10-28,260.76,262.65,255.0,255.89,1391665,psxdata,2026-05-11T12:52:40
OGDC,2025-10-29,258.8,260.2,255.0,256.58,4014759,psxdata,2026-05-11T12:52:40
OGDC,2025-10-30,260.0,260.0,253.06,253.8,2426497,psxdata,2026-05-11T12:52:40
OGDC,2025-10-31,255.0,259.6,255.0,256.67,2722444,psxdata,2026-05-11T12:52:40
OGDC,2025-11-03,259.0,259.9,256.9,257.32,3411960,psxdata,2026-05-11T12:52:40
OGDC,2025-11-04,257.0,257.32,252.3,254.16,3054725,psxdata,2026-05-11T12:52:40
OGDC,2025-11-05,255.06,255.99,249.25,250.87,3461296,psxdata,2026-05-11T12:52:40
OGDC,2025-11-06,251.97,252.0,247.37,248.3,3476731,psxdata,2026-05-11T12:52:40
OGDC,2025-11-07,244.7,247.5,242.0,246.04,3216235,psxdata,2026-05-11T12:52:40
OGDC,2025-11-10,250.19,253.99,246.45,252.65,6790953,psxdata,2026-05-11T12:52:40
OGDC,2025-11-11,252.97,252.97,242.42,243.21,5846351,psxdata,2026-05-11T12:52:40
OGDC,2025-11-12,243.02,246.47,238.2,240.15,5763232,psxdata,2026-05-11T12:52:40
OGDC,2025-11-13,241.25,243.88,240.7,243.15,2374235,psxdata,2026-05-11T12:52:40
OGDC,2025-11-14,244.15,249.0,243.25,247.42,3338222,psxdata,2026-05-11T12:52:40
OGDC,2025-11-17,248.48,250.7,245.48,246.34,2961628,psxdata,2026-05-11T12:52:40
OGDC,2025-11-18,247.79,247.79,243.9,245.42,1739620,psxdata,2026-05-11T12:52:40
OGDC,2025-11-19,246.89,253.9,245.42,251.29,4970266,psxdata,2026-05-11T12:52:40
OGDC,2025-11-20,253.9,256.74,253.02,255.4,4669196,psxdata,2026-05-11T12:52:40
OGDC,2025-11-21,253.11,258.3,253.11,254.04,4400338,psxdata,2026-05-11T12:52:40
OGDC,2025-11-24,253.0,254.0,249.15,250.79,2702952,psxdata,2026-05-11T12:52:40
OGDC,2025-11-25,251.0,252.2,248.05,249.4,1553282,psxdata,2026-05-11T12:52:40
OGDC,2025-11-26,249.64,255.5,246.0,253.62,4156348,psxdata,2026-05-11T12:52:40
OGDC,2025-11-27,254.34,261.1,253.15,260.28,5914351,psxdata,2026-05-11T12:52:40
OGDC,2025-11-28,261.0,266.0,261.0,265.21,9011505,psxdata,2026-05-11T12:52:40
OGDC,2025-12-01,265.3,271.9,262.0,271.07,7542463,psxdata,2026-05-11T12:52:40
OGDC,2025-12-02,272.7,273.5,266.66,267.39,4110677,psxdata,2026-05-11T12:52:40
OGDC,2025-12-03,270.6,270.6,264.91,269.34,2663321,psxdata,2026-05-11T12:52:40
OGDC,2025-12-04,270.9,271.99,266.4,270.67,1963792,psxdata,2026-05-11T12:52:40
OGDC,2025-12-05,273.87,276.0,271.25,274.58,6618109,psxdata,2026-05-11T12:52:40
OGDC,2025-12-08,274.65,278.2,273.5,274.36,5498405,psxdata,2026-05-11T12:52:40
OGDC,2025-12-09,275.99,276.95,271.26,272.4,4113847,psxdata,2026-05-11T12:52:40
OGDC,2025-12-10,273.5,273.75,269.8,270.21,2999715,psxdata,2026-05-11T12:52:40
OGDC,2025-12-11,277.9,279.1,272.35,272.83,8803915,psxdata,2026-05-11T12:52:40
OGDC,2025-12-12,273.35,275.99,271.25,275.11,4322752,psxdata,2026-05-11T12:52:40
OGDC,2025-12-15,279.89,280.8,276.82,278.67,6874422,psxdata,2026-05-11T12:52:40
OGDC,2025-12-16,279.49,280.49,274.5,275.6,3972935,psxdata,2026-05-11T12:52:40
OGDC,2025-12-17,275.49,275.98,270.0,271.33,3611817,psxdata,2026-05-11T12:52:40
OGDC,2025-12-18,272.0,272.0,268.75,269.29,2905022,psxdata,2026-05-11T12:52:40
OGDC,2025-12-19,270.0,271.7,267.38,267.99,1865442,psxdata,2026-05-11T12:52:40
OGDC,2025-12-22,268.5,269.0,266.0,266.87,1694899,psxdata,2026-05-11T12:52:40
OGDC,2025-12-23,267.0,267.5,264.5,264.84,1167274,psxdata,2026-05-11T12:52:40
OGDC,2025-12-24,265.0,268.68,265.0,267.46,1480848,psxdata,2026-05-11T12:52:40
OGDC,2025-12-26,267.46,271.0,267.25,270.4,3327082,psxdata,2026-05-11T12:52:40
OGDC,2025-12-29,271.25,274.49,270.39,273.57,4284099,psxdata,2026-05-11T12:52:40
OGDC,2025-12-30,273.98,281.8,273.5,280.71,8989260,psxdata,2026-05-11T12:52:40
OGDC,2025-12-31,280.89,283.94,279.0,281.09,5922492,psxdata,2026-05-11T12:52:40
OGDC,2026-01-01,282.0,288.85,281.2,287.82,9986645,psxdata,2026-05-11T12:52:40
OGDC,2026-01-02,288.99,299.5,288.5,294.24,11018046,psxdata,2026-05-11T12:52:40
OGDC,2026-01-05,294.6,301.99,293.75,295.48,8886146,psxdata,2026-05-11T12:52:40
OGDC,2026-01-06,295.39,295.98,290.5,293.45,6362211,psxdata,2026-05-11T12:52:40
OGDC,2026-01-07,293.44,298.5,290.0,295.87,19916990,psxdata,2026-05-11T12:52:40
OGDC,2026-01-08,297.26,301.9,294.0,296.11,11611994,psxdata,2026-05-11T12:52:40
OGDC,2026-01-09,296.1,296.13,290.15,293.11,5148026,psxdata,2026-05-11T12:52:40
OGDC,2026-01-12,290.99,293.0,289.3,289.88,3816285,psxdata,2026-05-11T12:52:40
OGDC,2026-01-13,289.88,295.01,288.45,294.58,6373967,psxdata,2026-05-11T12:52:40
OGDC,2026-01-14,294.58,304.8,294.58,303.25,18156180,psxdata,2026-05-11T12:52:40
OGDC,2026-01-15,305.4,311.0,302.32,308.2,8786131,psxdata,2026-05-11T12:52:40
OGDC,2026-01-16,309.5,331.8,309.2,329.0,19786109,psxdata,2026-05-11T12:52:40
OGDC,2026-01-19,333.7,337.1,326.0,328.98,10054787,psxdata,2026-05-11T12:52:40
OGDC,2026-01-20,333.5,334.89,328.0,333.9,7151890,psxdata,2026-05-11T12:52:40
OGDC,2026-01-21,334.1,336.6,330.0,331.26,8140937,psxdata,2026-05-11T12:52:40
OGDC,2026-01-22,330.0,334.0,328.65,332.49,3159287,psxdata,2026-05-11T12:52:40
OGDC,2026-01-23,332.55,335.0,325.0,327.85,4976997,psxdata,2026-05-11T12:52:40
OGDC,2026-01-26,329.0,332.5,325.0,327.47,4356688,psxdata,2026-05-11T12:52:40
OGDC,2026-01-27,326.0,333.0,323.0,330.12,7151106,psxdata,2026-05-11T12:52:40
OGDC,2026-01-28,332.51,336.2,331.6,333.56,6689440,psxdata,2026-05-11T12:52:40
OGDC,2026-01-29,335.01,336.0,320.16,321.81,10913390,psxdata,2026-05-11T12:52:40
OGDC,2026-01-30,325.0,329.5,318.6,323.93,6707829,psxdata,2026-05-11T12:52:40
OGDC,2026-02-02,323.79,330.98,320.26,328.97,5477804,psxdata,2026-05-11T12:52:40
OGDC,2026-02-03,328.97,332.5,327.0,329.02,4327179,psxdata,2026-05-11T12:52:40
OGDC,2026-02-04,329.02,331.0,326.0,328.8,1776495,psxdata,2026-05-11T12:52:40
OGDC,2026-02-06,329.0,329.0,315.8,321.18,6350781,psxdata,2026-05-11T12:52:40
OGDC,2026-02-09,325.0,325.0,306.21,310.07,12789231,psxdata,2026-05-11T12:52:40
OGDC,2026-02-10,310.99,312.5,307.0,308.05,2692709,psxdata,2026-05-11T12:52:40
OGDC,2026-02-11,309.51,311.9,305.0,306.32,2094636,psxdata,2026-05-11T12:52:40
OGDC,2026-02-12,307.9,307.9,294.6,300.47,8206049,psxdata,2026-05-11T12:52:40
OGDC,2026-02-13,297.01,298.42,289.5,294.74,14028465,psxdata,2026-05-11T12:52:40
OGDC,2026-02-16,295.0,296.35,281.51,285.41,14889577,psxdata,2026-05-11T12:52:40
OGDC,2026-02-17,287.0,295.4,284.37,293.6,6856284,psxdata,2026-05-11T12:52:40
OGDC,2026-02-18,295.56,299.98,291.5,297.49,5125937,psxdata,2026-05-11T12:52:40
OGDC,2026-02-19,298.89,298.89,279.5,283.67,4478464,psxdata,2026-05-11T12:52:40
OGDC,2026-02-20,285.12,292.99,280.5,290.41,3597651,psxdata,2026-05-11T12:52:40
OGDC,2026-02-23,289.88,294.4,282.5,284.85,4989065,psxdata,2026-05-11T12:52:40
OGDC,2026-02-24,285.01,292.01,278.98,285.57,7318099,psxdata,2026-05-11T12:52:40
OGDC,2026-02-25,286.0,287.95,280.01,282.01,2199117,psxdata,2026-05-11T12:52:40
OGDC,2026-02-26,282.1,290.0,277.51,287.0,4356222,psxdata,2026-05-11T12:52:40
OGDC,2026-02-27,286.0,287.7,282.0,283.47,2213776,psxdata,2026-05-11T12:52:40
OGDC,2026-03-02,255.12,274.0,255.12,255.12,11960980,psxdata,2026-05-11T12:52:40
OGDC,2026-03-03,255.5,266.0,250.02,260.35,7420387,psxdata,2026-05-11T12:52:40
OGDC,2026-03-04,261.95,265.48,256.25,263.56,5847854,psxdata,2026-05-11T12:52:40
OGDC,2026-03-05,266.0,288.55,266.0,285.28,8152076,psxdata,2026-05-11T12:52:40
OGDC,2026-03-06,284.0,285.98,273.5,275.79,5937936,psxdata,2026-05-11T12:52:40
OGDC,2026-03-09,267.0,275.4,253.26,272.48,6816293,psxdata,2026-05-11T12:52:40
OGDC,2026-03-10,290.0,297.9,281.01,288.6,7435962,psxdata,2026-05-11T12:52:40
OGDC,2026-03-11,289.95,291.1,281.5,283.27,3783886,psxdata,2026-05-11T12:52:40
OGDC,2026-03-12,283.4,285.5,273.65,274.81,4562205,psxdata,2026-05-11T12:52:40
OGDC,2026-03-13,272.8,276.65,269.0,273.09,2915016,psxdata,2026-05-11T12:52:40
OGDC,2026-03-16,272.99,275.5,259.52,261.86,2405108,psxdata,2026-05-11T12:52:40
OGDC,2026-03-17,264.0,268.0,256.6,262.64,3046604,psxdata,2026-05-11T12:52:40
OGDC,2026-03-18,264.0,281.99,262.01,279.75,5135452,psxdata,2026-05-11T12:52:40
OGDC,2026-03-19,275.01,279.88,270.05,276.61,3024632,psxdata,2026-05-11T12:52:40
OGDC,2026-03-24,285.0,289.3,275.0,276.5,5293284,psxdata,2026-05-11T12:52:40
OGDC,2026-03-25,278.0,283.98,277.5,281.64,5683663,psxdata,2026-05-11T12:52:40
OGDC,2026-03-26,279.99,281.5,272.3,274.13,5013789,psxdata,2026-05-11T12:52:40
OGDC,2026-03-27,270.0,271.75,262.75,265.62,8371102,psxdata,2026-05-11T12:52:40
OGDC,2026-03-30,265.0,272.0,250.0,263.5,6622456,psxdata,2026-05-11T12:52:40
OGDC,2026-03-31,264.0,276.5,260.0,270.64,4137241,psxdata,2026-05-11T12:52:40
OGDC,2026-04-01,278.44,284.89,276.0,279.08,7654898,psxdata,2026-05-11T12:52:40
OGDC,2026-04-02,272.99,273.49,267.0,271.47,3345653,psxdata,2026-05-11T12:52:40
OGDC,2026-04-03,270.0,277.4,266.21,270.59,4511446,psxdata,2026-05-11T12:52:40
OGDC,2026-04-06,270.0,276.48,266.5,275.38,5675692,psxdata,2026-05-11T12:52:40
OGDC,2026-04-07,272.89,276.75,271.01,275.34,3550872,psxdata,2026-05-11T12:52:40
OGDC,2026-04-08,302.87,302.87,291.56,302.87,12924433,psxdata,2026-05-11T12:52:40
OGDC,2026-04-09,302.87,302.9,290.01,297.7,6061644,psxdata,2026-05-11T12:52:40
OGDC,2026-04-10,298.99,302.68,295.7,299.89,8632671,psxdata,2026-05-11T12:52:40
OGDC,2026-04-13,292.99,302.1,292.0,293.48,10001847,psxdata,2026-05-11T12:52:40
OGDC,2026-04-14,298.0,300.8,297.6,299.63,3863235,psxdata,2026-05-11T12:52:40
OGDC,2026-04-15,309.74,309.8,302.4,304.12,7810723,psxdata,2026-05-11T12:52:40
OGDC,2026-04-16,314.0,319.7,312.01,314.71,12057181,psxdata,2026-05-11T12:52:40
OGDC,2026-04-17,315.0,329.4,315.0,324.72,13430014,psxdata,2026-05-11T12:52:40
OGDC,2026-04-20,321.0,331.0,316.1,326.65,14265811,psxdata,2026-05-11T12:52:40
OGDC,2026-04-21,327.9,329.0,321.11,324.21,5230868,psxdata,2026-05-11T12:52:40
OGDC,2026-04-22,323.0,326.0,319.25,321.11,4410952,psxdata,2026-05-11T12:52:40
OGDC,2026-04-23,320.0,321.2,315.84,319.34,2642398,psxdata,2026-05-11T12:52:40
OGDC,2026-04-24,316.01,328.9,313.1,325.9,4675630,psxdata,2026-05-11T12:52:40
OGDC,2026-04-27,323.9,325.88,318.01,319.11,3282147,psxdata,2026-05-11T12:52:40
OGDC,2026-04-28,316.66,320.45,316.1,318.45,2871347,psxdata,2026-05-11T12:52:40
OGDC,2026-04-29,319.0,320.45,307.94,309.99,3739485,psxdata,2026-05-11T12:52:40
OGDC,2026-04-30,304.63,307.89,297.02,303.17,5863557,psxdata,2026-05-11T12:52:40
OGDC,2026-05-04,307.9,312.85,304.2,306.75,4889986,psxdata,2026-05-11T12:52:40
OGDC,2026-05-05,302.03,312.89,301.25,311.42,3893802,psxdata,2026-05-11T12:52:40
OGDC,2026-05-06,319.98,333.88,318.0,328.39,18183260,psxdata,2026-05-11T12:52:40
OGDC,2026-05-07,328.59,334.9,325.0,333.72,10178258,psxdata,2026-05-11T12:52:40
OGDC,2026-05-08,330.11,332.2,328.15,329.68,4956910,psxdata,2026-05-11T12:52:40
