symbol,date,open,high,low,close,volume,source,collected_at
PIAHCLA,2016-05-11,8.1,8.15,7.83,7.86,1148000,psxdata,2026-05-11T12:51:36
PIAHCLA,2016-05-12,7.9,7.95,7.77,7.82,1237500,psxdata,2026-05-11T12:51:36
PIAHCLA,2016-05-13,7.89,7.98,7.7,7.78,462000,psxdata,2026-05-11T12:51:36
PIAHCLA,2016-05-16,7.85,7.85,7.76,7.78,913000,psxdata,2026-05-11T12:51:36
PIAHCLA,2016-05-17,7.73,7.93,7.72,7.75,614000,psxdata,2026-05-11T12:51:36
PIAHCLA,2016-05-18,7.82,7.82,7.7,7.74,955000,psxdata,2026-05-11T12:51:36
PIAHCLA,2016-05-19,7.74,7.9,7.7,7.75,1048000,psxdata,2026-05-11T12:51:36
PIAHCLA,2016-05-20,7.75,7.91,7.73,7.76,1117000,psxdata,2026-05-11T12:51:36
PIAHCLA,2016-05-23,7.8,7.89,7.65,7.76,639000,psxdata,2026-05-11T12:51:36
PIAHCLA,2016-05-24,7.85,8.24,7.83,7.88,4168000,psxdata,2026-05-11T12:51:36
PIAHCLA,2016-05-25,7.88,7.92,7.78,7.79,667500,psxdata,2026-05-11T12:51:36
PIAHCLA,2016-05-26,7.81,7.85,7.69,7.71,609500,psxdata,2026-05-11T12:51:36
PIAHCLA,2016-05-27,7.77,7.81,7.65,7.67,576000,psxdata,2026-05-11T12:51:36
PIAHCLA,2016-05-30,7.67,7.74,7.6,7.69,803000,psxdata,2026-05-11T12:51:36
PIAHCLA,2016-05-31,7.61,7.69,7.6,7.65,412000,psxdata,2026-05-11T12:51:36
PIAHCLA,2016-06-01,7.75,7.75,7.61,7.7,458500,psxdata,2026-05-11T12:51:36
PIAHCLA,2016-06-02,7.71,7.97,7.7,7.89,1627500,psxdata,2026-05-11T12:51:36
PIAHCLA,2016-06-03,7.88,8.13,7.88,7.99,3813000,psxdata,2026-05-11T12:51:36
PIAHCLA,2016-06-06,7.86,7.97,7.8,7.81,753500,psxdata,2026-05-11T12:51:36
PIAHCLA,2016-06-07,7.81,7.84,7.74,7.79,141500,psxdata,2026-05-11T12:51:36
PIAHCLA,2016-06-08,7.75,7.84,7.6,7.66,517000,psxdata,2026-05-11T12:51:36
PIAHCLA,2016-06-09,7.73,7.75,7.55,7.66,665500,psxdata,2026-05-11T12:51:36
PIAHCLA,2016-06-10,7.62,7.63,7.45,7.5,533000,psxdata,2026-05-11T12:51:36
PIAHCLA,2016-06-13,7.5,7.5,7.3,7.37,888500,psxdata,2026-05-11T12:51:36
PIAHCLA,2016-06-14,7.48,7.5,7.4,7.45,192000,psxdata,2026-05-11T12:51:36
PIAHCLA,2016-06-15,7.65,7.65,7.49,7.61,563500,psxdata,2026-05-11T12:51:36
PIAHCLA,2016-06-16,7.52,7.82,7.51,7.63,1309500,psxdata,2026-05-11T12:51:36
PIAHCLA,2016-06-17,7.6,7.85,7.5,7.52,601500,psxdata,2026-05-11T12:51:36
PIAHCLA,2016-06-20,7.52,7.61,7.31,7.35,325000,psxdata,2026-05-11T12:51:36
PIAHCLA,2016-06-21,7.35,7.4,7.3,7.35,290000,psxdata,2026-05-11T12:51:36
PIAHCLA,2016-06-22,7.31,7.38,7.28,7.3,289500,psxdata,2026-05-11T12:51:36
PIAHCLA,2016-06-23,7.3,7.34,7.27,7.28,86500,psxdata,2026-05-11T12:51:36
PIAHCLA,2016-06-24,7.26,7.32,7.08,7.24,1454000,psxdata,2026-05-11T12:51:36
PIAHCLA,2016-06-27,7.25,7.29,7.1,7.14,858000,psxdata,2026-05-11T12:51:36
PIAHCLA,2016-06-28,7.24,7.25,6.99,7.02,1744500,psxdata,2026-05-11T12:51:36
PIAHCLA,2016-06-29,7.15,7.29,7.05,7.17,496500,psxdata,2026-05-11T12:51:36
PIAHCLA,2016-06-30,7.15,7.15,7.03,7.08,265500,psxdata,2026-05-11T12:51:36
PIAHCLA,2016-07-04,7.04,7.18,7.04,7.15,426000,psxdata,2026-05-11T12:51:36
PIAHCLA,2016-07-11,7.15,7.2,7.06,7.09,1047000,psxdata,2026-05-11T12:51:36
PIAHCLA,2016-07-12,7.34,7.63,7.09,7.34,3081500,psxdata,2026-05-11T12:51:36
PIAHCLA,2016-07-13,7.39,7.4,7.25,7.31,557000,psxdata,2026-05-11T12:51:36
PIAHCLA,2016-07-14,7.24,7.43,7.24,7.41,826000,psxdata,2026-05-11T12:51:36
PIAHCLA,2016-07-15,7.41,7.54,7.36,7.41,971500,psxdata,2026-05-11T12:51:36
PIAHCLA,2016-07-18,7.44,7.52,7.32,7.34,633500,psxdata,2026-05-11T12:51:36
PIAHCLA,2016-07-19,7.4,7.45,7.3,7.32,235000,psxdata,2026-05-11T12:51:36
PIAHCLA,2016-07-20,7.3,7.39,7.29,7.34,141000,psxdata,2026-05-11T12:51:36
PIAHCLA,2016-07-21,7.34,7.6,7.34,7.56,2190000,psxdata,2026-05-11T12:51:36
PIAHCLA,2016-07-22,7.6,7.85,7.48,7.51,7973500,psxdata,2026-05-11T12:51:36
PIAHCLA,2016-07-25,7.58,7.61,7.42,7.45,459000,psxdata,2026-05-11T12:51:36
PIAHCLA,2016-07-26,7.6,7.69,7.54,7.56,1324500,psxdata,2026-05-11T12:51:36
PIAHCLA,2016-07-27,7.55,7.9,7.45,7.78,4707500,psxdata,2026-05-11T12:51:36
PIAHCLA,2016-07-28,7.79,8.02,7.7,7.73,2956500,psxdata,2026-05-11T12:51:36
PIAHCLA,2016-07-29,7.75,7.88,7.66,7.74,520500,psxdata,2026-05-11T12:51:36
PIAHCLA,2016-08-01,7.84,7.94,7.73,7.75,731500,psxdata,2026-05-11T12:51:36
PIAHCLA,2016-08-02,7.81,7.81,7.55,7.63,931000,psxdata,2026-05-11T12:51:36
PIAHCLA,2016-08-03,7.74,7.75,7.54,7.56,569500,psxdata,2026-05-11T12:51:36
PIAHCLA,2016-08-04,7.6,7.6,7.46,7.5,632000,psxdata,2026-05-11T12:51:36
PIAHCLA,2016-08-05,7.5,7.5,7.31,7.36,1154000,psxdata,2026-05-11T12:51:36
PIAHCLA,2016-08-08,7.44,7.65,7.35,7.51,1249500,psxdata,2026-05-11T12:51:36
PIAHCLA,2016-08-09,7.55,7.6,7.45,7.5,277000,psxdata,2026-05-11T12:51:36
PIAHCLA,2016-08-10,7.5,7.55,7.48,7.52,230500,psxdata,2026-05-11T12:51:36
PIAHCLA,2016-08-11,7.47,7.68,7.47,7.53,1343000,psxdata,2026-05-11T12:51:36
PIAHCLA,2016-08-12,7.53,7.7,7.52,7.6,841500,psxdata,2026-05-11T12:51:36
PIAHCLA,2016-08-15,7.75,7.99,7.71,7.81,1769500,psxdata,2026-05-11T12:51:36
PIAHCLA,2016-08-16,7.85,7.85,7.65,7.68,1184500,psxdata,2026-05-11T12:51:36
PIAHCLA,2016-08-17,7.65,7.8,7.65,7.69,813000,psxdata,2026-05-11T12:51:36
PIAHCLA,2016-08-18,7.78,7.88,7.61,7.64,838000,psxdata,2026-05-11T12:51:36
PIAHCLA,2016-08-19,7.62,7.7,7.51,7.53,600000,psxdata,2026-05-11T12:51:36
PIAHCLA,2016-08-22,7.53,7.53,7.4,7.49,508500,psxdata,2026-05-11T12:51:36
PIAHCLA,2016-08-23,7.45,7.55,7.41,7.45,524000,psxdata,2026-05-11T12:51:36
PIAHCLA,2016-08-24,7.45,7.54,7.44,7.47,292500,psxdata,2026-05-11T12:51:36
PIAHCLA,2016-08-25,7.46,7.57,7.36,7.49,853500,psxdata,2026-05-11T12:51:36
PIAHCLA,2016-08-26,7.5,7.55,7.45,7.47,614000,psxdata,2026-05-11T12:51:36
PIAHCLA,2016-08-29,7.5,7.6,7.46,7.53,1288500,psxdata,2026-05-11T12:51:36
PIAHCLA,2016-08-30,7.55,7.75,7.5,7.61,1639500,psxdata,2026-05-11T12:51:36
PIAHCLA,2016-08-31,7.6,7.65,7.54,7.6,927500,psxdata,2026-05-11T12:51:36
PIAHCLA,2016-09-01,7.58,7.6,7.47,7.5,2020500,psxdata,2026-05-11T12:51:36
PIAHCLA,2016-09-02,7.55,7.59,7.39,7.42,2114000,psxdata,2026-05-11T12:51:36
PIAHCLA,2016-09-05,7.43,7.5,7.39,7.41,679500,psxdata,2026-05-11T12:51:36
PIAHCLA,2016-09-06,7.41,7.65,7.4,7.57,2365000,psxdata,2026-05-11T12:51:36
PIAHCLA,2016-09-07,7.52,7.6,7.47,7.55,3226000,psxdata,2026-05-11T12:51:36
PIAHCLA,2016-09-08,7.6,7.9,7.6,7.73,8313500,psxdata,2026-05-11T12:51:36
PIAHCLA,2016-09-09,7.7,8.2,7.7,8.01,12968500,psxdata,2026-05-11T12:51:36
PIAHCLA,2016-09-15,8.0,8.52,7.85,8.47,23262500,psxdata,2026-05-11T12:51:36
PIAHCLA,2016-09-16,8.54,9.16,8.54,8.76,28057000,psxdata,2026-05-11T12:51:36
PIAHCLA,2016-09-19,8.9,9.2,8.75,8.83,12444000,psxdata,2026-05-11T12:51:36
PIAHCLA,2016-09-20,9.0,9.02,8.2,8.5,8320500,psxdata,2026-05-11T12:51:36
PIAHCLA,2016-09-21,8.44,8.5,7.7,7.85,6400500,psxdata,2026-05-11T12:51:36
PIAHCLA,2016-09-22,8.01,8.38,8.01,8.07,4139000,psxdata,2026-05-11T12:51:36
PIAHCLA,2016-09-23,7.97,8.1,7.8,8.02,1565000,psxdata,2026-05-11T12:51:36
PIAHCLA,2016-09-26,8.02,8.26,8.0,8.22,2328000,psxdata,2026-05-11T12:51:36
PIAHCLA,2016-09-27,8.34,8.42,8.13,8.19,2419000,psxdata,2026-05-11T12:51:36
PIAHCLA,2016-09-28,8.3,8.49,8.2,8.24,3560500,psxdata,2026-05-11T12:51:36
PIAHCLA,2016-09-29,8.3,8.4,7.88,8.0,3955500,psxdata,2026-05-11T12:51:36
PIAHCLA,2016-09-30,8.0,8.26,8.0,8.18,2158500,psxdata,2026-05-11T12:51:36
PIAHCLA,2016-10-03,8.39,9.18,8.2,8.83,43847500,psxdata,2026-05-11T12:51:36
PIAHCLA,2016-10-04,9.3,9.7,9.05,9.55,44108000,psxdata,2026-05-11T12:51:36
PIAHCLA,2016-10-05,9.7,10.17,9.53,9.79,39820000,psxdata,2026-05-11T12:51:36
PIAHCLA,2016-10-06,9.9,10.44,9.79,10.2,30675500,psxdata,2026-05-11T12:51:36
PIAHCLA,2016-10-07,10.47,10.47,9.91,9.98,16347500,psxdata,2026-05-11T12:51:36
PIAHCLA,2016-10-10,10.06,10.06,9.57,9.63,6843000,psxdata,2026-05-11T12:51:36
PIAHCLA,2016-10-13,9.65,9.8,9.3,9.35,8421000,psxdata,2026-05-11T12:51:36
PIAHCLA,2016-10-14,9.3,9.74,9.25,9.32,9795500,psxdata,2026-05-11T12:51:36
PIAHCLA,2016-10-17,9.65,9.95,9.41,9.49,15452500,psxdata,2026-05-11T12:51:36
PIAHCLA,2016-10-18,9.54,9.62,9.15,9.33,6378500,psxdata,2026-05-11T12:51:36
PIAHCLA,2016-10-19,9.45,9.57,9.25,9.32,4448000,psxdata,2026-05-11T12:51:36
PIAHCLA,2016-10-20,9.33,9.5,9.06,9.11,6915500,psxdata,2026-05-11T12:51:36
PIAHCLA,2016-10-21,9.1,9.72,9.1,9.48,17645000,psxdata,2026-05-11T12:51:36
PIAHCLA,2016-10-24,9.39,9.74,8.55,9.15,11591500,psxdata,2026-05-11T12:51:36
PIAHCLA,2016-10-25,8.9,8.94,8.5,8.84,9762000,psxdata,2026-05-11T12:51:36
PIAHCLA,2016-10-26,8.79,9.08,8.26,8.43,6515000,psxdata,2026-05-11T12:51:36
PIAHCLA,2016-10-27,8.4,8.43,7.81,7.99,9030500,psxdata,2026-05-11T12:51:36
PIAHCLA,2016-10-28,7.76,8.13,7.7,7.96,4338000,psxdata,2026-05-11T12:51:36
PIAHCLA,2016-10-31,7.84,8.2,7.84,8.01,2430000,psxdata,2026-05-11T12:51:36
PIAHCLA,2016-11-01,8.02,9.01,8.02,8.99,10833500,psxdata,2026-05-11T12:51:36
PIAHCLA,2016-11-02,9.0,9.37,8.81,8.93,14424000,psxdata,2026-05-11T12:51:36
PIAHCLA,2016-11-03,8.91,9.25,8.75,9.06,9168000,psxdata,2026-05-11T12:51:36
PIAHCLA,2016-11-04,9.3,9.44,8.92,9.0,11004000,psxdata,2026-05-11T12:51:36
PIAHCLA,2016-11-07,9.1,9.16,8.76,8.87,3156000,psxdata,2026-05-11T12:51:36
PIAHCLA,2016-11-08,8.95,9.41,8.9,9.21,10652000,psxdata,2026-05-11T12:51:36
PIAHCLA,2016-11-09,8.96,9.7,8.89,9.52,10509000,psxdata,2026-05-11T12:51:36
PIAHCLA,2016-11-10,9.6,10.52,9.55,10.44,51316000,psxdata,2026-05-11T12:51:36
PIAHCLA,2016-11-11,10.74,11.44,10.65,11.44,59809500,psxdata,2026-05-11T12:51:36
PIAHCLA,2016-11-14,11.74,12.33,11.51,11.64,47117500,psxdata,2026-05-11T12:51:36
PIAHCLA,2016-11-15,11.74,11.74,10.71,10.86,24753500,psxdata,2026-05-11T12:51:36
PIAHCLA,2016-11-16,11.0,11.26,10.56,10.65,20968000,psxdata,2026-05-11T12:51:36
PIAHCLA,2016-11-17,10.71,11.65,10.51,11.63,41490500,psxdata,2026-05-11T12:51:36
PIAHCLA,2016-11-18,11.78,12.55,11.68,12.14,45178500,psxdata,2026-05-11T12:51:36
PIAHCLA,2016-11-21,12.22,12.74,11.72,12.54,27250500,psxdata,2026-05-11T12:51:36
PIAHCLA,2016-11-22,12.65,13.14,12.49,12.72,34227500,psxdata,2026-05-11T12:51:36
PIAHCLA,2016-11-23,12.85,13.3,12.8,13.12,35874000,psxdata,2026-05-11T12:51:36
PIAHCLA,2016-11-24,13.34,13.55,12.95,13.15,30145000,psxdata,2026-05-11T12:51:36
PIAHCLA,2016-11-25,13.1,13.2,12.5,12.67,11705500,psxdata,2026-05-11T12:51:36
PIAHCLA,2016-11-28,12.86,13.11,12.51,12.64,11599500,psxdata,2026-05-11T12:51:36
PIAHCLA,2016-11-29,12.65,12.97,12.35,12.49,12652500,psxdata,2026-05-11T12:51:36
PIAHCLA,2016-11-30,12.5,12.8,12.25,12.33,7446500,psxdata,2026-05-11T12:51:36
PIAHCLA,2016-12-01,12.39,12.5,11.85,11.91,4992000,psxdata,2026-05-11T12:51:36
PIAHCLA,2016-12-02,11.95,12.1,11.64,11.83,4056000,psxdata,2026-05-11T12:51:36
PIAHCLA,2016-12-05,11.93,12.09,11.2,11.32,5331500,psxdata,2026-05-11T12:51:36
PIAHCLA,2016-12-06,11.34,11.65,11.2,11.33,8322500,psxdata,2026-05-11T12:51:36
PIAHCLA,2016-12-07,11.51,11.55,10.8,10.88,7378000,psxdata,2026-05-11T12:51:36
PIAHCLA,2016-12-08,10.57,10.79,10.35,10.55,6627000,psxdata,2026-05-11T12:51:36
PIAHCLA,2016-12-09,10.52,11.25,10.52,10.92,6390500,psxdata,2026-05-11T12:51:36
PIAHCLA,2016-12-13,10.8,10.84,9.92,9.95,12105000,psxdata,2026-05-11T12:51:36
PIAHCLA,2016-12-14,9.87,10.58,9.65,9.97,10146000,psxdata,2026-05-11T12:51:36
PIAHCLA,2016-12-15,9.97,10.2,9.55,9.63,6906000,psxdata,2026-05-11T12:51:36
PIAHCLA,2016-12-16,9.74,10.06,9.45,9.59,8185500,psxdata,2026-05-11T12:51:36
PIAHCLA,2016-12-19,9.75,9.83,9.45,9.53,5442000,psxdata,2026-05-11T12:51:36
PIAHCLA,2016-12-20,9.6,9.7,9.22,9.26,8130000,psxdata,2026-05-11T12:51:36
PIAHCLA,2016-12-21,9.3,9.52,8.91,9.07,8824000,psxdata,2026-05-11T12:51:36
PIAHCLA,2016-12-22,9.12,9.32,8.88,8.92,4763500,psxdata,2026-05-11T12:51:36
PIAHCLA,2016-12-23,9.03,9.1,8.81,8.95,2901000,psxdata,2026-05-11T12:51:36
PIAHCLA,2016-12-26,9.05,9.15,8.9,8.96,1548000,psxdata,2026-05-11T12:51:36
PIAHCLA,2016-12-27,9.1,9.22,9.0,9.09,3655500,psxdata,2026-05-11T12:51:36
PIAHCLA,2016-12-28,9.11,9.28,9.04,9.11,3134000,psxdata,2026-05-11T12:51:36
PIAHCLA,2016-12-29,9.15,9.18,8.8,8.86,7154500,psxdata,2026-05-11T12:51:36
PIAHCLA,2016-12-30,8.98,9.3,8.98,9.16,6563500,psxdata,2026-05-11T12:51:36
PIAHCLA,2017-01-02,9.34,9.45,9.16,9.19,2868500,psxdata,2026-05-11T12:51:36
PIAHCLA,2017-01-03,9.29,9.48,9.15,9.24,6317500,psxdata,2026-05-11T12:51:36
PIAHCLA,2017-01-04,9.32,9.32,9.0,9.06,4777000,psxdata,2026-05-11T12:51:36
PIAHCLA,2017-01-05,9.13,9.23,8.98,9.04,3411500,psxdata,2026-05-11T12:51:36
PIAHCLA,2017-01-06,9.1,9.19,8.95,9.14,4830500,psxdata,2026-05-11T12:51:36
PIAHCLA,2017-01-09,9.15,9.49,9.06,9.27,6369500,psxdata,2026-05-11T12:51:36
PIAHCLA,2017-01-10,9.3,9.4,9.11,9.14,2503000,psxdata,2026-05-11T12:51:36
PIAHCLA,2017-01-11,9.24,9.62,9.1,9.45,8807500,psxdata,2026-05-11T12:51:36
PIAHCLA,2017-01-12,9.64,9.92,9.56,9.8,12812000,psxdata,2026-05-11T12:51:36
PIAHCLA,2017-01-13,9.89,9.89,9.34,9.43,4974500,psxdata,2026-05-11T12:51:36
PIAHCLA,2017-01-16,9.41,9.5,9.22,9.26,2000000,psxdata,2026-05-11T12:51:36
PIAHCLA,2017-01-17,9.27,9.3,8.95,9.03,5362500,psxdata,2026-05-11T12:51:36
PIAHCLA,2017-01-18,9.1,9.7,9.05,9.5,7202500,psxdata,2026-05-11T12:51:36
PIAHCLA,2017-01-19,9.75,9.78,9.33,9.4,6654500,psxdata,2026-05-11T12:51:36
PIAHCLA,2017-01-20,9.55,9.55,9.19,9.22,2998000,psxdata,2026-05-11T12:51:36
PIAHCLA,2017-01-23,9.35,9.5,9.25,9.3,3408500,psxdata,2026-05-11T12:51:36
PIAHCLA,2017-01-24,9.4,9.43,9.11,9.19,1700500,psxdata,2026-05-11T12:51:36
PIAHCLA,2017-01-25,9.2,9.4,9.1,9.33,3791500,psxdata,2026-05-11T12:51:36
PIAHCLA,2017-01-26,9.4,10.04,9.34,9.8,26176500,psxdata,2026-05-11T12:51:36
PIAHCLA,2017-01-27,10.2,10.21,9.55,9.69,16232000,psxdata,2026-05-11T12:51:36
PIAHCLA,2017-01-30,9.72,9.85,8.89,8.95,14457500,psxdata,2026-05-11T12:51:36
PIAHCLA,2017-01-31,9.04,9.23,8.9,8.99,3568500,psxdata,2026-05-11T12:51:36
PIAHCLA,2017-02-01,9.11,9.28,9.03,9.2,3259000,psxdata,2026-05-11T12:51:36
PIAHCLA,2017-02-02,9.25,9.49,9.15,9.21,5887000,psxdata,2026-05-11T12:51:36
PIAHCLA,2017-02-03,9.2,9.24,9.0,9.05,2479000,psxdata,2026-05-11T12:51:36
PIAHCLA,2017-02-06,9.06,9.3,9.0,9.06,2718000,psxdata,2026-05-11T12:51:36
PIAHCLA,2017-02-07,9.0,9.42,9.0,9.25,6398500,psxdata,2026-05-11T12:51:36
PIAHCLA,2017-02-08,9.3,9.5,9.27,9.4,5669000,psxdata,2026-05-11T12:51:36
PIAHCLA,2017-02-09,9.55,9.55,9.1,9.16,4056500,psxdata,2026-05-11T12:51:36
PIAHCLA,2017-02-10,9.2,9.29,9.05,9.16,2461000,psxdata,2026-05-11T12:51:36
PIAHCLA,2017-02-13,9.2,9.25,8.95,9.01,2546000,psxdata,2026-05-11T12:51:36
PIAHCLA,2017-02-14,9.08,9.08,8.88,8.91,3097500,psxdata,2026-05-11T12:51:36
PIAHCLA,2017-02-15,8.95,9.06,8.65,8.7,3229000,psxdata,2026-05-11T12:51:36
PIAHCLA,2017-02-16,8.81,8.95,8.76,8.83,1696000,psxdata,2026-05-11T12:51:36
PIAHCLA,2017-02-17,8.81,9.03,8.7,8.74,3189000,psxdata,2026-05-11T12:51:36
PIAHCLA,2017-02-20,8.8,8.85,8.5,8.57,1492000,psxdata,2026-05-11T12:51:36
PIAHCLA,2017-02-21,8.57,8.68,8.45,8.54,986000,psxdata,2026-05-11T12:51:36
PIAHCLA,2017-02-22,8.58,8.62,8.08,8.18,2030500,psxdata,2026-05-11T12:51:36
PIAHCLA,2017-02-23,8.13,8.4,8.06,8.25,1774500,psxdata,2026-05-11T12:51:36
PIAHCLA,2017-02-24,8.38,8.43,8.18,8.23,1428000,psxdata,2026-05-11T12:51:36
PIAHCLA,2017-02-27,8.25,8.3,7.86,7.94,2411500,psxdata,2026-05-11T12:51:36
PIAHCLA,2017-02-28,8.0,8.02,7.72,7.96,1950500,psxdata,2026-05-11T12:51:36
PIAHCLA,2017-03-01,8.0,8.28,7.87,8.2,1159000,psxdata,2026-05-11T12:51:36
PIAHCLA,2017-03-02,8.26,8.62,8.26,8.48,1977000,psxdata,2026-05-11T12:51:36
PIAHCLA,2017-03-03,8.58,8.78,8.42,8.72,2439000,psxdata,2026-05-11T12:51:36
PIAHCLA,2017-03-06,8.82,8.94,8.51,8.59,2506000,psxdata,2026-05-11T12:51:36
PIAHCLA,2017-03-07,8.67,8.69,8.38,8.46,674000,psxdata,2026-05-11T12:51:36
PIAHCLA,2017-03-08,8.5,8.6,8.32,8.36,1020000,psxdata,2026-05-11T12:51:36
PIAHCLA,2017-03-09,8.35,8.4,8.1,8.2,953000,psxdata,2026-05-11T12:51:36
PIAHCLA,2017-03-10,8.2,8.23,7.98,8.02,1788000,psxdata,2026-05-11T12:51:36
PIAHCLA,2017-03-13,8.04,8.15,7.99,8.04,755500,psxdata,2026-05-11T12:51:36
PIAHCLA,2017-03-14,8.01,8.05,7.76,7.98,1008500,psxdata,2026-05-11T12:51:36
PIAHCLA,2017-03-15,8.0,8.14,7.77,7.81,685000,psxdata,2026-05-11T12:51:36
PIAHCLA,2017-03-16,7.78,7.92,7.73,7.81,1543000,psxdata,2026-05-11T12:51:36
PIAHCLA,2017-03-17,7.86,8.04,7.81,7.84,727500,psxdata,2026-05-11T12:51:36
PIAHCLA,2017-03-20,7.95,7.99,7.8,7.85,626500,psxdata,2026-05-11T12:51:36
PIAHCLA,2017-03-21,7.82,8.1,7.8,8.04,1081000,psxdata,2026-05-11T12:51:36
PIAHCLA,2017-03-22,8.1,8.2,7.91,8.12,1567000,psxdata,2026-05-11T12:51:36
PIAHCLA,2017-03-24,8.34,8.7,8.28,8.32,5633500,psxdata,2026-05-11T12:51:36
PIAHCLA,2017-03-27,8.38,8.38,8.11,8.14,1349000,psxdata,2026-05-11T12:51:36
PIAHCLA,2017-03-28,8.14,8.3,8.05,8.08,1647500,psxdata,2026-05-11T12:51:36
PIAHCLA,2017-03-29,8.11,8.53,8.06,8.15,7927000,psxdata,2026-05-11T12:51:36
PIAHCLA,2017-03-30,8.28,8.4,7.98,8.04,2222000,psxdata,2026-05-11T12:51:36
PIAHCLA,2017-03-31,8.1,8.13,7.95,8.06,1563500,psxdata,2026-05-11T12:51:36
PIAHCLA,2017-04-03,8.15,8.15,7.98,8.02,636000,psxdata,2026-05-11T12:51:36
PIAHCLA,2017-04-04,8.05,8.06,7.9,7.92,816000,psxdata,2026-05-11T12:51:36
PIAHCLA,2017-04-05,7.86,7.94,7.54,7.59,2196000,psxdata,2026-05-11T12:51:36
PIAHCLA,2017-04-06,7.55,7.77,7.52,7.64,739500,psxdata,2026-05-11T12:51:36
PIAHCLA,2017-04-07,7.54,7.73,7.52,7.64,646000,psxdata,2026-05-11T12:51:36
PIAHCLA,2017-04-10,7.6,7.73,7.55,7.6,241500,psxdata,2026-05-11T12:51:36
PIAHCLA,2017-04-11,7.55,7.7,7.55,7.64,468500,psxdata,2026-05-11T12:51:36
PIAHCLA,2017-04-12,7.74,7.95,7.65,7.76,1006500,psxdata,2026-05-11T12:51:36
PIAHCLA,2017-04-13,7.8,7.9,7.52,7.58,901500,psxdata,2026-05-11T12:51:36
PIAHCLA,2017-04-14,7.53,7.65,7.38,7.44,908000,psxdata,2026-05-11T12:51:36
PIAHCLA,2017-04-17,7.49,7.51,7.0,7.23,1832000,psxdata,2026-05-11T12:51:36
PIAHCLA,2017-04-18,7.29,7.29,7.11,7.22,400500,psxdata,2026-05-11T12:51:36
PIAHCLA,2017-04-19,7.0,7.3,6.8,7.22,2281000,psxdata,2026-05-11T12:51:36
PIAHCLA,2017-04-20,7.28,7.99,7.14,7.62,3020000,psxdata,2026-05-11T12:51:36
PIAHCLA,2017-04-21,7.6,7.9,7.51,7.77,2964000,psxdata,2026-05-11T12:51:36
PIAHCLA,2017-04-24,7.87,7.9,7.6,7.62,3071500,psxdata,2026-05-11T12:51:36
PIAHCLA,2017-04-25,7.74,7.8,7.52,7.58,1002000,psxdata,2026-05-11T12:51:36
PIAHCLA,2017-04-26,7.67,7.76,7.53,7.58,1378000,psxdata,2026-05-11T12:51:36
PIAHCLA,2017-04-27,7.69,7.7,7.54,7.6,1852000,psxdata,2026-05-11T12:51:36
PIAHCLA,2017-04-28,7.69,7.7,7.48,7.5,676500,psxdata,2026-05-11T12:51:36
PIAHCLA,2017-05-02,7.55,7.55,7.3,7.33,437500,psxdata,2026-05-11T12:51:36
PIAHCLA,2017-05-03,7.27,7.54,7.17,7.22,821000,psxdata,2026-05-11T12:51:36
PIAHCLA,2017-05-04,7.29,7.6,7.25,7.45,1410500,psxdata,2026-05-11T12:51:36
PIAHCLA,2017-05-05,7.54,7.6,7.3,7.37,976500,psxdata,2026-05-11T12:51:36
PIAHCLA,2017-05-08,7.4,7.6,7.33,7.44,1039500,psxdata,2026-05-11T12:51:36
PIAHCLA,2017-05-09,7.45,7.5,7.25,7.3,566000,psxdata,2026-05-11T12:51:36
PIAHCLA,2017-05-10,7.31,7.41,7.18,7.37,919000,psxdata,2026-05-11T12:51:36
PIAHCLA,2017-05-11,7.42,7.74,7.35,7.55,2664000,psxdata,2026-05-11T12:51:36
PIAHCLA,2017-05-12,7.5,7.64,7.45,7.48,573500,psxdata,2026-05-11T12:51:36
PIAHCLA,2017-05-15,7.58,7.6,7.41,7.43,457000,psxdata,2026-05-11T12:51:36
PIAHCLA,2017-05-16,7.43,7.5,7.35,7.37,515500,psxdata,2026-05-11T12:51:36
PIAHCLA,2017-05-17,7.4,7.5,7.32,7.35,699500,psxdata,2026-05-11T12:51:36
PIAHCLA,2017-05-18,7.41,7.49,7.25,7.29,995000,psxdata,2026-05-11T12:51:36
PIAHCLA,2017-05-19,7.36,7.67,7.36,7.51,2791000,psxdata,2026-05-11T12:51:36
PIAHCLA,2017-05-22,7.57,7.75,7.51,7.56,1517500,psxdata,2026-05-11T12:51:36
PIAHCLA,2017-05-23,7.66,7.66,7.37,7.39,881000,psxdata,2026-05-11T12:51:36
PIAHCLA,2017-05-24,7.41,7.46,7.26,7.32,1143000,psxdata,2026-05-11T12:51:36
PIAHCLA,2017-05-25,7.35,7.4,7.24,7.27,733500,psxdata,2026-05-11T12:51:36
PIAHCLA,2017-05-26,7.3,7.43,7.28,7.38,1256500,psxdata,2026-05-11T12:51:36
PIAHCLA,2017-05-29,7.32,7.35,7.18,7.23,352500,psxdata,2026-05-11T12:51:36
PIAHCLA,2017-05-30,7.23,7.25,7.05,7.13,608000,psxdata,2026-05-11T12:51:36
PIAHCLA,2017-05-31,7.24,7.24,6.98,7.03,1112500,psxdata,2026-05-11T12:51:36
PIAHCLA,2017-06-01,7.04,7.15,6.53,6.69,1695000,psxdata,2026-05-11T12:51:36
PIAHCLA,2017-06-02,6.51,6.9,6.51,6.77,665000,psxdata,2026-05-11T12:51:36
PIAHCLA,2017-06-05,6.93,7.2,6.83,6.99,1705000,psxdata,2026-05-11T12:51:36
PIAHCLA,2017-06-06,6.89,7.09,6.89,6.99,342000,psxdata,2026-05-11T12:51:36
PIAHCLA,2017-06-07,6.96,6.99,6.86,6.9,202500,psxdata,2026-05-11T12:51:36
PIAHCLA,2017-06-08,6.85,6.9,6.8,6.85,881000,psxdata,2026-05-11T12:51:36
PIAHCLA,2017-06-09,6.82,6.82,6.65,6.67,387000,psxdata,2026-05-11T12:51:36
PIAHCLA,2017-06-12,6.77,6.77,6.18,6.23,1299500,psxdata,2026-05-11T12:51:36
PIAHCLA,2017-06-13,6.33,6.45,6.07,6.27,1453000,psxdata,2026-05-11T12:51:36
PIAHCLA,2017-06-14,6.3,6.4,6.01,6.06,1778500,psxdata,2026-05-11T12:51:36
PIAHCLA,2017-06-15,6.1,6.18,5.9,6.02,3583000,psxdata,2026-05-11T12:51:36
PIAHCLA,2017-06-16,6.05,6.05,5.94,5.98,400500,psxdata,2026-05-11T12:51:36
PIAHCLA,2017-06-19,6.08,6.08,5.95,5.99,488000,psxdata,2026-05-11T12:51:36
PIAHCLA,2017-06-20,6.0,6.05,5.52,5.58,1874000,psxdata,2026-05-11T12:51:36
PIAHCLA,2017-06-21,5.5,5.85,5.3,5.75,3067500,psxdata,2026-05-11T12:51:36
PIAHCLA,2017-06-22,5.7,5.9,5.55,5.58,2245000,psxdata,2026-05-11T12:51:36
PIAHCLA,2017-06-29,5.63,5.75,5.56,5.62,286000,psxdata,2026-05-11T12:51:36
PIAHCLA,2017-06-30,5.6,5.87,5.6,5.84,1380500,psxdata,2026-05-11T12:51:36
PIAHCLA,2017-07-03,5.82,5.82,5.5,5.79,896000,psxdata,2026-05-11T12:51:36
PIAHCLA,2017-07-04,5.61,5.87,5.51,5.74,475000,psxdata,2026-05-11T12:51:36
PIAHCLA,2017-07-05,5.74,6.09,5.7,5.83,1114500,psxdata,2026-05-11T12:51:36
PIAHCLA,2017-07-06,5.95,5.95,5.6,5.61,486500,psxdata,2026-05-11T12:51:36
PIAHCLA,2017-07-07,5.61,6.05,5.56,6.0,1604000,psxdata,2026-05-11T12:51:36
PIAHCLA,2017-07-10,5.8,6.0,5.8,5.99,777000,psxdata,2026-05-11T12:51:36
PIAHCLA,2017-07-11,5.8,5.8,5.35,5.41,606000,psxdata,2026-05-11T12:51:36
PIAHCLA,2017-07-12,5.4,5.78,5.25,5.7,1596500,psxdata,2026-05-11T12:51:36
PIAHCLA,2017-07-13,5.75,5.97,5.6,5.83,778500,psxdata,2026-05-11T12:51:36
PIAHCLA,2017-07-14,5.75,5.92,5.66,5.77,1075000,psxdata,2026-05-11T12:51:36
PIAHCLA,2017-07-17,5.7,5.94,5.6,5.66,1475000,psxdata,2026-05-11T12:51:36
PIAHCLA,2017-07-18,5.6,6.0,5.6,5.85,2561000,psxdata,2026-05-11T12:51:36
PIAHCLA,2017-07-19,5.8,5.89,5.7,5.84,653500,psxdata,2026-05-11T12:51:36
PIAHCLA,2017-07-20,5.9,6.1,5.84,5.92,1936500,psxdata,2026-05-11T12:51:36
PIAHCLA,2017-07-21,5.7,5.96,5.7,5.82,430500,psxdata,2026-05-11T12:51:36
PIAHCLA,2017-07-24,5.9,5.9,5.73,5.9,258500,psxdata,2026-05-11T12:51:36
PIAHCLA,2017-07-25,5.9,6.07,5.87,6.04,627000,psxdata,2026-05-11T12:51:36
PIAHCLA,2017-07-26,6.0,6.04,5.86,5.9,387500,psxdata,2026-05-11T12:51:36
PIAHCLA,2017-07-27,5.99,5.99,5.85,5.89,158500,psxdata,2026-05-11T12:51:36
PIAHCLA,2017-07-28,5.6,6.04,5.51,5.97,1116000,psxdata,2026-05-11T12:51:36
PIAHCLA,2017-07-31,6.1,6.29,5.98,6.05,1795000,psxdata,2026-05-11T12:51:36
PIAHCLA,2017-08-01,6.15,6.15,5.99,6.03,744000,psxdata,2026-05-11T12:51:36
PIAHCLA,2017-08-02,6.1,6.28,6.07,6.23,1339500,psxdata,2026-05-11T12:51:36
PIAHCLA,2017-08-03,6.27,6.7,6.24,6.57,2172000,psxdata,2026-05-11T12:51:36
PIAHCLA,2017-08-04,6.6,6.87,6.6,6.63,3094000,psxdata,2026-05-11T12:51:36
PIAHCLA,2017-08-07,6.8,6.8,6.29,6.34,732500,psxdata,2026-05-11T12:51:36
PIAHCLA,2017-08-08,6.27,6.29,6.14,6.19,610500,psxdata,2026-05-11T12:51:36
PIAHCLA,2017-08-09,6.13,6.3,5.95,6.18,1561000,psxdata,2026-05-11T12:51:36
PIAHCLA,2017-08-10,6.16,6.21,6.02,6.04,508000,psxdata,2026-05-11T12:51:36
PIAHCLA,2017-08-11,6.14,6.14,5.98,6.05,307500,psxdata,2026-05-11T12:51:36
PIAHCLA,2017-08-15,6.06,6.07,5.71,5.75,503000,psxdata,2026-05-11T12:51:36
PIAHCLA,2017-08-16,5.84,5.93,5.76,5.81,474500,psxdata,2026-05-11T12:51:36
PIAHCLA,2017-08-17,5.95,5.95,5.68,5.7,267000,psxdata,2026-05-11T12:51:36
PIAHCLA,2017-08-18,5.66,5.84,5.58,5.74,347500,psxdata,2026-05-11T12:51:36
PIAHCLA,2017-08-21,5.8,5.8,5.45,5.58,1078500,psxdata,2026-05-11T12:51:36
PIAHCLA,2017-08-22,5.51,5.66,5.4,5.62,405000,psxdata,2026-05-11T12:51:36
PIAHCLA,2017-08-23,5.77,5.88,5.6,5.82,383500,psxdata,2026-05-11T12:51:36
PIAHCLA,2017-08-24,5.85,5.85,5.71,5.75,457500,psxdata,2026-05-11T12:51:36
PIAHCLA,2017-08-25,5.65,5.78,5.64,5.66,192000,psxdata,2026-05-11T12:51:36
PIAHCLA,2017-08-28,5.69,5.75,5.5,5.53,260500,psxdata,2026-05-11T12:51:36
PIAHCLA,2017-08-29,5.52,5.61,5.43,5.49,537000,psxdata,2026-05-11T12:51:36
PIAHCLA,2017-08-30,5.55,5.59,5.5,5.53,310500,psxdata,2026-05-11T12:51:36
PIAHCLA,2017-08-31,5.6,5.65,5.52,5.63,155000,psxdata,2026-05-11T12:51:36
PIAHCLA,2017-09-05,5.86,5.86,5.6,5.73,151000,psxdata,2026-05-11T12:51:36
PIAHCLA,2017-09-06,5.75,5.85,5.66,5.7,324500,psxdata,2026-05-11T12:51:36
PIAHCLA,2017-09-07,5.71,5.71,5.45,5.5,489000,psxdata,2026-05-11T12:51:36
PIAHCLA,2017-09-08,5.67,5.67,5.42,5.56,177500,psxdata,2026-05-11T12:51:36
PIAHCLA,2017-09-11,5.56,5.57,5.45,5.5,182500,psxdata,2026-05-11T12:51:36
PIAHCLA,2017-09-12,5.4,5.57,5.4,5.5,344500,psxdata,2026-05-11T12:51:36
PIAHCLA,2017-09-13,5.5,5.58,5.5,5.58,104500,psxdata,2026-05-11T12:51:36
PIAHCLA,2017-09-14,5.52,5.65,5.52,5.6,159000,psxdata,2026-05-11T12:51:36
PIAHCLA,2017-09-15,5.72,5.72,5.42,5.48,311500,psxdata,2026-05-11T12:51:36
PIAHCLA,2017-09-18,5.5,5.52,5.48,5.5,90000,psxdata,2026-05-11T12:51:36
PIAHCLA,2017-09-19,5.6,5.73,5.51,5.68,412000,psxdata,2026-05-11T12:51:36
PIAHCLA,2017-09-20,5.73,5.77,5.62,5.67,444000,psxdata,2026-05-11T12:51:36
PIAHCLA,2017-09-21,5.6,5.75,5.51,5.54,621500,psxdata,2026-05-11T12:51:36
PIAHCLA,2017-09-22,5.52,5.6,5.5,5.51,151500,psxdata,2026-05-11T12:51:36
PIAHCLA,2017-09-25,5.6,5.61,5.45,5.47,255500,psxdata,2026-05-11T12:51:36
PIAHCLA,2017-09-26,5.46,5.5,5.41,5.44,114500,psxdata,2026-05-11T12:51:36
PIAHCLA,2017-09-27,5.5,5.6,5.45,5.48,274000,psxdata,2026-05-11T12:51:36
PIAHCLA,2017-09-28,5.45,5.8,5.4,5.62,2539000,psxdata,2026-05-11T12:51:36
PIAHCLA,2017-09-29,5.6,5.69,5.51,5.65,331500,psxdata,2026-05-11T12:51:36
PIAHCLA,2017-10-02,5.45,5.65,5.45,5.55,143000,psxdata,2026-05-11T12:51:36
PIAHCLA,2017-10-03,5.5,5.6,5.35,5.42,943500,psxdata,2026-05-11T12:51:36
PIAHCLA,2017-10-04,5.43,5.55,5.26,5.34,514500,psxdata,2026-05-11T12:51:36
PIAHCLA,2017-10-05,5.43,5.43,5.25,5.29,159000,psxdata,2026-05-11T12:51:36
PIAHCLA,2017-10-06,5.14,5.4,5.13,5.29,176000,psxdata,2026-05-11T12:51:36
PIAHCLA,2017-10-09,5.42,5.44,5.24,5.26,86000,psxdata,2026-05-11T12:51:36
PIAHCLA,2017-10-10,5.26,5.26,5.1,5.15,282500,psxdata,2026-05-11T12:51:36
PIAHCLA,2017-10-11,5.2,5.2,5.02,5.03,191500,psxdata,2026-05-11T12:51:36
PIAHCLA,2017-10-12,5.02,5.15,4.81,4.99,565000,psxdata,2026-05-11T12:51:36
PIAHCLA,2017-10-13,4.91,4.91,4.4,4.63,1323500,psxdata,2026-05-11T12:51:36
PIAHCLA,2017-10-16,4.45,4.7,4.45,4.58,455000,psxdata,2026-05-11T12:51:36
PIAHCLA,2017-10-17,4.55,4.75,4.53,4.6,321000,psxdata,2026-05-11T12:51:36
PIAHCLA,2017-10-18,4.6,4.6,4.11,4.27,726500,psxdata,2026-05-11T12:51:36
PIAHCLA,2017-10-19,4.4,4.55,4.24,4.47,409000,psxdata,2026-05-11T12:51:36
PIAHCLA,2017-10-20,4.64,4.64,4.33,4.59,207000,psxdata,2026-05-11T12:51:36
PIAHCLA,2017-10-23,4.5,4.57,4.4,4.47,152500,psxdata,2026-05-11T12:51:36
PIAHCLA,2017-10-24,4.5,4.5,4.3,4.42,74000,psxdata,2026-05-11T12:51:36
PIAHCLA,2017-10-25,4.4,4.57,4.4,4.55,207500,psxdata,2026-05-11T12:51:36
PIAHCLA,2017-10-26,4.52,4.52,4.42,4.49,153000,psxdata,2026-05-11T12:51:36
PIAHCLA,2017-10-27,4.4,4.55,4.2,4.37,128000,psxdata,2026-05-11T12:51:36
PIAHCLA,2017-10-30,4.56,4.56,4.39,4.44,399000,psxdata,2026-05-11T12:51:36
PIAHCLA,2017-10-31,4.26,4.39,4.1,4.11,599500,psxdata,2026-05-11T12:51:36
PIAHCLA,2017-11-01,4.27,4.44,4.16,4.36,393500,psxdata,2026-05-11T12:51:36
PIAHCLA,2017-11-02,4.4,4.95,4.4,4.65,3260500,psxdata,2026-05-11T12:51:36
PIAHCLA,2017-11-03,4.7,4.89,4.68,4.76,481000,psxdata,2026-05-11T12:51:36
PIAHCLA,2017-11-06,4.79,4.79,4.51,4.53,243000,psxdata,2026-05-11T12:51:36
PIAHCLA,2017-11-07,4.5,4.53,4.31,4.33,329500,psxdata,2026-05-11T12:51:36
PIAHCLA,2017-11-08,4.28,4.46,4.28,4.42,123000,psxdata,2026-05-11T12:51:36
PIAHCLA,2017-11-09,4.48,4.55,4.41,4.46,199500,psxdata,2026-05-11T12:51:36
PIAHCLA,2017-11-10,4.4,4.79,4.4,4.51,631000,psxdata,2026-05-11T12:51:36
PIAHCLA,2017-11-13,4.45,4.55,4.44,4.45,123500,psxdata,2026-05-11T12:51:36
PIAHCLA,2017-11-14,4.5,4.67,4.5,4.59,621500,psxdata,2026-05-11T12:51:36
PIAHCLA,2017-11-15,4.55,4.62,4.53,4.55,152500,psxdata,2026-05-11T12:51:36
PIAHCLA,2017-11-16,4.55,4.67,4.53,4.59,638000,psxdata,2026-05-11T12:51:36
PIAHCLA,2017-11-17,4.53,4.9,4.53,4.79,1145500,psxdata,2026-05-11T12:51:36
PIAHCLA,2017-11-20,4.84,4.84,4.64,4.65,157000,psxdata,2026-05-11T12:51:36
PIAHCLA,2017-11-21,4.51,4.66,4.51,4.6,26000,psxdata,2026-05-11T12:51:36
PIAHCLA,2017-11-22,4.5,4.76,4.5,4.65,103000,psxdata,2026-05-11T12:51:36
PIAHCLA,2017-11-23,4.84,4.85,4.49,4.51,287500,psxdata,2026-05-11T12:51:36
PIAHCLA,2017-11-24,4.52,4.59,4.49,4.51,233000,psxdata,2026-05-11T12:51:36
PIAHCLA,2017-11-27,4.47,4.68,4.47,4.55,115000,psxdata,2026-05-11T12:51:36
PIAHCLA,2017-11-28,4.54,4.6,4.45,4.52,169500,psxdata,2026-05-11T12:51:36
PIAHCLA,2017-11-29,4.5,4.54,4.45,4.53,47000,psxdata,2026-05-11T12:51:36
PIAHCLA,2017-11-30,4.64,4.74,4.5,4.52,122500,psxdata,2026-05-11T12:51:36
PIAHCLA,2017-12-04,4.5,4.56,4.48,4.54,99500,psxdata,2026-05-11T12:51:36
PIAHCLA,2017-12-05,4.51,4.7,4.51,4.59,207500,psxdata,2026-05-11T12:51:36
PIAHCLA,2017-12-06,4.6,4.69,4.6,4.63,121500,psxdata,2026-05-11T12:51:36
PIAHCLA,2017-12-07,4.55,4.6,4.4,4.44,323500,psxdata,2026-05-11T12:51:36
PIAHCLA,2017-12-08,4.51,4.51,4.35,4.36,254000,psxdata,2026-05-11T12:51:36
PIAHCLA,2017-12-11,4.3,4.4,4.22,4.22,194500,psxdata,2026-05-11T12:51:36
PIAHCLA,2017-12-12,4.17,4.22,4.06,4.18,245500,psxdata,2026-05-11T12:51:36
PIAHCLA,2017-12-13,4.25,4.25,4.15,4.2,128500,psxdata,2026-05-11T12:51:36
PIAHCLA,2017-12-14,4.2,4.2,4.0,4.06,395500,psxdata,2026-05-11T12:51:36
PIAHCLA,2017-12-15,4.03,4.26,4.0,4.23,376500,psxdata,2026-05-11T12:51:36
PIAHCLA,2017-12-18,4.1,4.25,4.0,4.17,398500,psxdata,2026-05-11T12:51:36
PIAHCLA,2017-12-19,4.11,4.18,3.96,4.07,211500,psxdata,2026-05-11T12:51:36
PIAHCLA,2017-12-20,4.21,4.22,4.0,4.04,291500,psxdata,2026-05-11T12:51:36
PIAHCLA,2017-12-21,4.01,4.05,3.8,4.01,660500,psxdata,2026-05-11T12:51:36
PIAHCLA,2017-12-22,4.0,4.29,3.92,4.2,653500,psxdata,2026-05-11T12:51:36
PIAHCLA,2017-12-26,4.18,4.27,4.12,4.17,373000,psxdata,2026-05-11T12:51:36
PIAHCLA,2017-12-27,4.24,4.28,4.06,4.1,654000,psxdata,2026-05-11T12:51:36
PIAHCLA,2017-12-28,4.1,4.14,4.0,4.12,984000,psxdata,2026-05-11T12:51:36
PIAHCLA,2017-12-29,4.15,4.19,4.0,4.02,609500,psxdata,2026-05-11T12:51:36
PIAHCLA,2018-01-01,4.1,4.18,4.02,4.17,387500,psxdata,2026-05-11T12:51:36
PIAHCLA,2018-01-02,4.19,4.2,4.02,4.06,672500,psxdata,2026-05-11T12:51:36
PIAHCLA,2018-01-03,4.15,4.18,4.07,4.12,553000,psxdata,2026-05-11T12:51:36
PIAHCLA,2018-01-04,4.18,4.54,4.1,4.42,2496500,psxdata,2026-05-11T12:51:36
PIAHCLA,2018-01-05,4.37,4.6,4.35,4.53,1668500,psxdata,2026-05-11T12:51:36
PIAHCLA,2018-01-08,4.55,4.6,4.5,4.53,515000,psxdata,2026-05-11T12:51:36
PIAHCLA,2018-01-09,4.51,4.51,4.4,4.44,371500,psxdata,2026-05-11T12:51:36
PIAHCLA,2018-01-10,4.4,4.7,4.4,4.64,1232000,psxdata,2026-05-11T12:51:36
PIAHCLA,2018-01-11,4.6,4.63,4.5,4.52,428000,psxdata,2026-05-11T12:51:36
PIAHCLA,2018-01-12,4.54,4.54,4.32,4.35,183500,psxdata,2026-05-11T12:51:36
PIAHCLA,2018-01-15,5.18,5.35,4.99,5.35,6352500,psxdata,2026-05-11T12:51:36
PIAHCLA,2018-01-16,5.74,6.0,5.52,5.72,15752500,psxdata,2026-05-11T12:51:36
PIAHCLA,2018-01-17,5.78,5.78,5.37,5.45,2319000,psxdata,2026-05-11T12:51:36
PIAHCLA,2018-01-18,5.5,5.5,5.12,5.19,2077000,psxdata,2026-05-11T12:51:36
PIAHCLA,2018-01-19,5.24,5.48,5.2,5.39,1579500,psxdata,2026-05-11T12:51:36
PIAHCLA,2018-01-22,5.39,5.71,5.29,5.63,2029000,psxdata,2026-05-11T12:51:36
PIAHCLA,2018-01-23,5.61,5.85,5.45,5.66,1098500,psxdata,2026-05-11T12:51:36
PIAHCLA,2018-01-24,5.66,5.66,5.45,5.48,1180500,psxdata,2026-05-11T12:51:36
PIAHCLA,2018-01-25,5.46,5.56,5.31,5.33,569500,psxdata,2026-05-11T12:51:36
PIAHCLA,2018-01-26,5.5,5.6,5.38,5.44,582000,psxdata,2026-05-11T12:51:36
PIAHCLA,2018-01-29,5.44,5.5,5.3,5.32,654500,psxdata,2026-05-11T12:51:36
PIAHCLA,2018-01-30,5.38,5.41,5.11,5.17,397500,psxdata,2026-05-11T12:51:36
PIAHCLA,2018-01-31,5.25,5.25,5.11,5.14,413500,psxdata,2026-05-11T12:51:36
PIAHCLA,2018-02-01,5.35,5.35,5.16,5.2,259500,psxdata,2026-05-11T12:51:36
PIAHCLA,2018-02-02,5.21,5.32,5.17,5.28,276000,psxdata,2026-05-11T12:51:36
PIAHCLA,2018-02-06,5.2,5.28,5.07,5.11,701000,psxdata,2026-05-11T12:51:36
PIAHCLA,2018-02-07,5.2,5.3,5.09,5.1,308000,psxdata,2026-05-11T12:51:36
PIAHCLA,2018-02-08,5.09,5.14,5.02,5.04,216500,psxdata,2026-05-11T12:51:36
PIAHCLA,2018-02-09,5.04,5.1,4.89,4.91,1334500,psxdata,2026-05-11T12:51:36
PIAHCLA,2018-02-12,5.0,5.0,4.8,4.85,717000,psxdata,2026-05-11T12:51:36
PIAHCLA,2018-02-13,4.9,5.07,4.85,5.01,466000,psxdata,2026-05-11T12:51:36
PIAHCLA,2018-02-14,5.06,5.06,4.81,4.87,572500,psxdata,2026-05-11T12:51:36
PIAHCLA,2018-02-15,4.82,4.9,4.75,4.8,273000,psxdata,2026-05-11T12:51:36
PIAHCLA,2018-02-16,4.75,4.89,4.63,4.77,640500,psxdata,2026-05-11T12:51:36
PIAHCLA,2018-02-19,5.44,5.46,5.24,5.28,2990000,psxdata,2026-05-11T12:51:36
PIAHCLA,2018-02-20,5.29,5.35,5.1,5.23,953000,psxdata,2026-05-11T12:51:36
PIAHCLA,2018-02-21,5.39,5.39,5.18,5.23,766500,psxdata,2026-05-11T12:51:36
PIAHCLA,2018-02-22,5.0,5.12,4.97,5.06,511500,psxdata,2026-05-11T12:51:36
PIAHCLA,2018-02-23,5.15,5.15,4.76,4.92,910500,psxdata,2026-05-11T12:51:36
PIAHCLA,2018-02-26,4.85,5.0,4.85,4.94,296000,psxdata,2026-05-11T12:51:36
PIAHCLA,2018-02-27,4.89,5.02,4.89,4.94,203500,psxdata,2026-05-11T12:51:36
PIAHCLA,2018-02-28,4.99,4.99,4.75,4.79,481000,psxdata,2026-05-11T12:51:36
PIAHCLA,2018-03-01,4.77,5.0,4.77,4.87,281500,psxdata,2026-05-11T12:51:36
PIAHCLA,2018-03-02,4.86,5.15,4.83,5.06,892000,psxdata,2026-05-11T12:51:36
PIAHCLA,2018-03-05,4.92,5.2,4.92,5.17,637000,psxdata,2026-05-11T12:51:36
PIAHCLA,2018-03-06,5.1,5.49,5.0,5.32,2671000,psxdata,2026-05-11T12:51:36
PIAHCLA,2018-03-07,5.6,5.95,5.52,5.56,9475000,psxdata,2026-05-11T12:51:36
PIAHCLA,2018-03-08,5.62,5.68,5.39,5.44,1458000,psxdata,2026-05-11T12:51:36
PIAHCLA,2018-03-09,5.48,5.48,5.07,5.17,962000,psxdata,2026-05-11T12:51:36
PIAHCLA,2018-03-12,5.29,5.43,5.15,5.22,1870000,psxdata,2026-05-11T12:51:36
PIAHCLA,2018-03-13,5.25,5.3,5.09,5.12,825000,psxdata,2026-05-11T12:51:36
PIAHCLA,2018-03-14,5.12,5.2,5.05,5.09,1138500,psxdata,2026-05-11T12:51:36
PIAHCLA,2018-03-15,5.2,5.31,5.08,5.2,1138000,psxdata,2026-05-11T12:51:36
PIAHCLA,2018-03-16,5.28,5.28,5.16,5.23,482500,psxdata,2026-05-11T12:51:36
PIAHCLA,2018-03-19,5.21,5.35,5.2,5.28,1101500,psxdata,2026-05-11T12:51:36
PIAHCLA,2018-03-20,5.4,5.44,5.2,5.32,1131000,psxdata,2026-05-11T12:51:36
PIAHCLA,2018-03-21,5.38,5.38,5.23,5.28,255000,psxdata,2026-05-11T12:51:36
PIAHCLA,2018-03-22,5.22,5.44,5.22,5.32,906000,psxdata,2026-05-11T12:51:36
PIAHCLA,2018-03-26,5.33,5.33,5.2,5.21,246500,psxdata,2026-05-11T12:51:36
PIAHCLA,2018-03-27,5.16,5.33,5.1,5.2,1442500,psxdata,2026-05-11T12:51:36
PIAHCLA,2018-03-28,5.25,5.29,5.15,5.18,725500,psxdata,2026-05-11T12:51:36
PIAHCLA,2018-03-29,5.2,5.59,5.16,5.33,3413500,psxdata,2026-05-11T12:51:36
PIAHCLA,2018-03-30,5.35,5.46,5.22,5.31,868000,psxdata,2026-05-11T12:51:36
PIAHCLA,2018-04-02,5.34,5.4,5.23,5.25,539000,psxdata,2026-05-11T12:51:36
PIAHCLA,2018-04-03,5.21,5.28,5.18,5.21,772500,psxdata,2026-05-11T12:51:36
PIAHCLA,2018-04-04,5.29,5.29,5.19,5.21,620500,psxdata,2026-05-11T12:51:36
PIAHCLA,2018-04-05,5.22,5.39,5.16,5.19,1188500,psxdata,2026-05-11T12:51:36
PIAHCLA,2018-04-06,5.2,5.44,5.17,5.31,1945000,psxdata,2026-05-11T12:51:36
PIAHCLA,2018-04-09,5.3,5.45,5.24,5.3,1948000,psxdata,2026-05-11T12:51:36
PIAHCLA,2018-04-10,5.31,5.43,5.29,5.31,1515000,psxdata,2026-05-11T12:51:36
PIAHCLA,2018-04-11,5.39,5.4,5.25,5.31,587000,psxdata,2026-05-11T12:51:36
PIAHCLA,2018-04-12,5.32,6.14,5.3,5.64,21784000,psxdata,2026-05-11T12:51:36
PIAHCLA,2018-04-13,5.65,5.74,5.41,5.49,2540500,psxdata,2026-05-11T12:51:36
PIAHCLA,2018-04-16,5.5,5.5,5.3,5.32,768000,psxdata,2026-05-11T12:51:36
PIAHCLA,2018-04-17,5.31,5.4,5.31,5.35,442000,psxdata,2026-05-11T12:51:36
PIAHCLA,2018-04-18,5.33,5.6,5.3,5.38,1229500,psxdata,2026-05-11T12:51:36
PIAHCLA,2018-04-19,5.48,5.48,5.21,5.28,843500,psxdata,2026-05-11T12:51:36
PIAHCLA,2018-04-20,5.3,5.32,5.19,5.22,608500,psxdata,2026-05-11T12:51:36
PIAHCLA,2018-04-23,5.25,5.29,5.22,5.27,171000,psxdata,2026-05-11T12:51:36
PIAHCLA,2018-04-24,5.35,5.44,5.26,5.3,1639500,psxdata,2026-05-11T12:51:36
PIAHCLA,2018-04-25,5.3,5.5,5.25,5.28,1019500,psxdata,2026-05-11T12:51:36
PIAHCLA,2018-04-26,5.35,5.36,5.25,5.26,503500,psxdata,2026-05-11T12:51:36
PIAHCLA,2018-04-27,5.23,5.39,5.2,5.22,799000,psxdata,2026-05-11T12:51:36
PIAHCLA,2018-04-30,5.3,5.3,5.21,5.22,156500,psxdata,2026-05-11T12:51:36
PIAHCLA,2018-05-02,5.29,5.33,5.21,5.23,301500,psxdata,2026-05-11T12:51:36
PIAHCLA,2018-05-03,5.21,5.26,5.1,5.11,528500,psxdata,2026-05-11T12:51:36
PIAHCLA,2018-05-04,5.07,5.14,5.0,5.07,616000,psxdata,2026-05-11T12:51:36
PIAHCLA,2018-05-07,5.05,5.14,4.95,4.98,773500,psxdata,2026-05-11T12:51:36
PIAHCLA,2018-05-08,5.09,5.09,4.85,4.91,1811000,psxdata,2026-05-11T12:51:36
PIAHCLA,2018-05-09,4.91,5.19,4.88,4.92,2152000,psxdata,2026-05-11T12:51:36
PIAHCLA,2018-05-10,4.91,5.03,4.88,4.93,657000,psxdata,2026-05-11T12:51:36
PIAHCLA,2018-05-11,5.0,5.06,4.8,4.83,667500,psxdata,2026-05-11T12:51:36
PIAHCLA,2018-05-14,5.05,5.05,4.45,4.53,1912000,psxdata,2026-05-11T12:51:36
PIAHCLA,2018-05-15,4.61,4.98,4.5,4.72,1595000,psxdata,2026-05-11T12:51:36
PIAHCLA,2018-05-16,4.67,4.75,4.61,4.67,131500,psxdata,2026-05-11T12:51:36
PIAHCLA,2018-05-17,4.7,4.73,4.48,4.52,269500,psxdata,2026-05-11T12:51:36
PIAHCLA,2018-05-18,4.55,4.68,4.48,4.51,167500,psxdata,2026-05-11T12:51:36
PIAHCLA,2018-05-21,4.59,4.64,4.4,4.43,290000,psxdata,2026-05-11T12:51:36
PIAHCLA,2018-05-22,4.41,4.61,4.4,4.51,380000,psxdata,2026-05-11T12:51:36
PIAHCLA,2018-05-23,4.54,4.68,4.52,4.56,307000,psxdata,2026-05-11T12:51:36
PIAHCLA,2018-05-24,4.7,4.7,4.48,4.5,270500,psxdata,2026-05-11T12:51:36
PIAHCLA,2018-05-25,4.5,4.53,4.42,4.5,74500,psxdata,2026-05-11T12:51:36
PIAHCLA,2018-05-28,4.59,4.62,4.45,4.6,531000,psxdata,2026-05-11T12:51:36
PIAHCLA,2018-05-29,4.6,4.6,4.52,4.58,97000,psxdata,2026-05-11T12:51:36
PIAHCLA,2018-05-30,4.58,4.62,4.53,4.59,116000,psxdata,2026-05-11T12:51:36
PIAHCLA,2018-05-31,4.61,4.61,4.5,4.55,214500,psxdata,2026-05-11T12:51:36
PIAHCLA,2018-06-01,4.52,4.55,4.5,4.51,52000,psxdata,2026-05-11T12:51:36
PIAHCLA,2018-06-04,4.51,5.45,4.51,4.96,897000,psxdata,2026-05-11T12:51:36
PIAHCLA,2018-06-05,4.9,4.9,4.75,4.8,114000,psxdata,2026-05-11T12:51:36
PIAHCLA,2018-06-06,4.73,4.85,4.72,4.78,363000,psxdata,2026-05-11T12:51:36
PIAHCLA,2018-06-07,4.8,4.8,4.56,4.61,332500,psxdata,2026-05-11T12:51:36
PIAHCLA,2018-06-11,4.71,4.71,4.55,4.57,202000,psxdata,2026-05-11T12:51:36
PIAHCLA,2018-06-12,4.6,4.6,4.42,4.45,151500,psxdata,2026-05-11T12:51:36
PIAHCLA,2018-06-13,4.55,4.56,4.43,4.45,158500,psxdata,2026-05-11T12:51:36
PIAHCLA,2018-06-14,4.46,4.64,4.46,4.55,347500,psxdata,2026-05-11T12:51:36
PIAHCLA,2018-06-19,4.6,4.7,4.51,4.52,129000,psxdata,2026-05-11T12:51:36
PIAHCLA,2018-06-20,4.51,4.6,4.4,4.41,626000,psxdata,2026-05-11T12:51:36
PIAHCLA,2018-06-21,4.45,4.48,4.25,4.29,450500,psxdata,2026-05-11T12:51:36
PIAHCLA,2018-06-22,4.31,4.32,4.19,4.2,254000,psxdata,2026-05-11T12:51:36
PIAHCLA,2018-06-25,4.2,4.25,3.99,4.02,719500,psxdata,2026-05-11T12:51:36
PIAHCLA,2018-06-26,4.0,4.18,3.81,3.9,793000,psxdata,2026-05-11T12:51:36
PIAHCLA,2018-06-27,4.0,4.15,3.97,4.12,394500,psxdata,2026-05-11T12:51:36
PIAHCLA,2018-06-28,4.12,4.29,4.06,4.18,548500,psxdata,2026-05-11T12:51:36
PIAHCLA,2018-06-29,4.11,4.24,4.06,4.09,405000,psxdata,2026-05-11T12:51:36
PIAHCLA,2018-07-02,4.1,4.25,3.97,4.06,981500,psxdata,2026-05-11T12:51:36
PIAHCLA,2018-07-03,4.09,4.14,4.06,4.11,199000,psxdata,2026-05-11T12:51:36
PIAHCLA,2018-07-04,4.08,4.08,3.9,3.94,669500,psxdata,2026-05-11T12:51:36
PIAHCLA,2018-07-05,4.01,4.05,3.9,3.99,429000,psxdata,2026-05-11T12:51:36
PIAHCLA,2018-07-06,4.01,4.1,3.99,4.0,282000,psxdata,2026-05-11T12:51:36
PIAHCLA,2018-07-09,4.15,4.15,3.9,3.98,371000,psxdata,2026-05-11T12:51:36
PIAHCLA,2018-07-10,3.98,4.1,3.91,4.0,340500,psxdata,2026-05-11T12:51:36
PIAHCLA,2018-07-11,3.94,4.07,3.94,3.99,217500,psxdata,2026-05-11T12:51:36
PIAHCLA,2018-07-12,3.99,4.04,3.91,3.99,265000,psxdata,2026-05-11T12:51:36
PIAHCLA,2018-07-13,4.0,4.2,3.99,4.16,637000,psxdata,2026-05-11T12:51:36
PIAHCLA,2018-07-16,4.25,4.25,4.05,4.06,374500,psxdata,2026-05-11T12:51:36
PIAHCLA,2018-07-17,4.02,4.23,4.02,4.2,536500,psxdata,2026-05-11T12:51:36
PIAHCLA,2018-07-18,4.18,4.89,4.18,4.55,3121000,psxdata,2026-05-11T12:51:36
PIAHCLA,2018-07-19,4.55,4.71,4.5,4.68,1643500,psxdata,2026-05-11T12:51:36
PIAHCLA,2018-07-20,4.55,4.79,4.5,4.63,1245500,psxdata,2026-05-11T12:51:36
PIAHCLA,2018-07-23,4.68,5.13,4.55,4.93,4029000,psxdata,2026-05-11T12:51:36
PIAHCLA,2018-07-24,5.04,5.23,4.95,5.17,4728500,psxdata,2026-05-11T12:51:36
PIAHCLA,2018-07-26,5.39,6.17,5.21,5.99,21517500,psxdata,2026-05-11T12:51:36
PIAHCLA,2018-07-27,6.2,6.99,6.16,6.99,23920000,psxdata,2026-05-11T12:51:36
PIAHCLA,2018-07-30,7.28,7.59,7.0,7.07,18952000,psxdata,2026-05-11T12:51:36
PIAHCLA,2018-07-31,7.07,7.27,6.66,7.05,7190000,psxdata,2026-05-11T12:51:36
PIAHCLA,2018-08-01,7.15,7.87,7.03,7.67,14146000,psxdata,2026-05-11T12:51:36
PIAHCLA,2018-08-02,7.7,8.05,7.1,7.28,8658500,psxdata,2026-05-11T12:51:36
PIAHCLA,2018-08-03,7.35,7.43,7.01,7.28,4656000,psxdata,2026-05-11T12:51:36
PIAHCLA,2018-08-06,7.29,7.65,7.17,7.44,3327500,psxdata,2026-05-11T12:51:36
PIAHCLA,2018-08-07,7.54,7.77,7.5,7.63,4200000,psxdata,2026-05-11T12:51:36
PIAHCLA,2018-08-08,7.86,8.05,7.61,7.67,4948500,psxdata,2026-05-11T12:51:36
PIAHCLA,2018-08-09,7.7,7.84,7.51,7.58,1968000,psxdata,2026-05-11T12:51:36
PIAHCLA,2018-08-10,7.7,7.89,7.55,7.77,3757000,psxdata,2026-05-11T12:51:36
PIAHCLA,2018-08-13,7.9,7.9,7.56,7.58,1508000,psxdata,2026-05-11T12:51:36
PIAHCLA,2018-08-15,7.6,7.8,7.5,7.53,2450000,psxdata,2026-05-11T12:51:36
PIAHCLA,2018-08-16,7.59,7.59,7.12,7.24,1899000,psxdata,2026-05-11T12:51:36
PIAHCLA,2018-08-17,7.3,8.08,7.3,7.94,6186000,psxdata,2026-05-11T12:51:36
PIAHCLA,2018-08-20,8.01,8.03,7.7,7.74,2159500,psxdata,2026-05-11T12:51:36
PIAHCLA,2018-08-24,7.71,7.8,7.57,7.62,607500,psxdata,2026-05-11T12:51:36
PIAHCLA,2018-08-27,7.69,7.8,7.4,7.47,1415000,psxdata,2026-05-11T12:51:36
PIAHCLA,2018-08-28,7.5,7.75,7.3,7.43,2896500,psxdata,2026-05-11T12:51:36
PIAHCLA,2018-08-29,7.54,7.54,7.25,7.26,965500,psxdata,2026-05-11T12:51:36
PIAHCLA,2018-08-30,7.3,7.39,7.05,7.31,1217500,psxdata,2026-05-11T12:51:36
PIAHCLA,2018-08-31,7.25,7.4,7.02,7.09,1026000,psxdata,2026-05-11T12:51:36
PIAHCLA,2018-09-03,7.05,7.11,6.75,6.85,1184500,psxdata,2026-05-11T12:51:36
PIAHCLA,2018-09-04,6.95,7.34,6.76,7.27,2886000,psxdata,2026-05-11T12:51:36
PIAHCLA,2018-09-05,7.34,7.34,7.01,7.07,834000,psxdata,2026-05-11T12:51:36
PIAHCLA,2018-09-06,7.07,7.16,6.81,6.85,1072000,psxdata,2026-05-11T12:51:36
PIAHCLA,2018-09-07,6.85,6.9,6.51,6.68,987000,psxdata,2026-05-11T12:51:36
PIAHCLA,2018-09-10,6.56,6.76,6.42,6.56,820500,psxdata,2026-05-11T12:51:36
PIAHCLA,2018-09-11,6.6,6.77,6.56,6.63,286500,psxdata,2026-05-11T12:51:36
PIAHCLA,2018-09-12,6.79,6.79,6.4,6.42,353000,psxdata,2026-05-11T12:51:36
PIAHCLA,2018-09-13,6.56,6.64,6.42,6.54,183000,psxdata,2026-05-11T12:51:36
PIAHCLA,2018-09-14,6.6,6.75,6.53,6.58,317000,psxdata,2026-05-11T12:51:36
PIAHCLA,2018-09-17,6.42,6.58,6.39,6.44,511500,psxdata,2026-05-11T12:51:36
PIAHCLA,2018-09-18,6.36,6.55,6.27,6.49,1625000,psxdata,2026-05-11T12:51:36
PIAHCLA,2018-09-19,6.57,6.57,6.46,6.55,237500,psxdata,2026-05-11T12:51:36
PIAHCLA,2018-09-24,6.49,6.49,6.27,6.3,207500,psxdata,2026-05-11T12:51:36
PIAHCLA,2018-09-25,6.25,6.44,5.98,6.11,1143500,psxdata,2026-05-11T12:51:36
PIAHCLA,2018-09-26,6.11,6.19,5.76,5.85,1193500,psxdata,2026-05-11T12:51:36
PIAHCLA,2018-09-27,5.85,5.86,5.33,5.45,1700000,psxdata,2026-05-11T12:51:36
PIAHCLA,2018-09-28,5.4,5.6,5.35,5.42,357500,psxdata,2026-05-11T12:51:36
PIAHCLA,2018-10-01,5.41,5.45,5.27,5.39,268000,psxdata,2026-05-11T12:51:36
PIAHCLA,2018-10-02,5.4,5.49,5.29,5.35,340500,psxdata,2026-05-11T12:51:36
PIAHCLA,2018-10-03,5.4,5.42,5.31,5.34,96000,psxdata,2026-05-11T12:51:36
PIAHCLA,2018-10-04,5.3,5.55,5.23,5.46,890000,psxdata,2026-05-11T12:51:36
PIAHCLA,2018-10-05,5.41,5.5,5.11,5.23,1323000,psxdata,2026-05-11T12:51:36
PIAHCLA,2018-10-08,5.35,5.35,4.6,4.72,1495500,psxdata,2026-05-11T12:51:36
PIAHCLA,2018-10-09,4.83,5.2,4.83,4.97,2163000,psxdata,2026-05-11T12:51:36
PIAHCLA,2018-10-10,4.5,4.6,3.97,4.18,7801500,psxdata,2026-05-11T12:51:36
PIAHCLA,2018-10-11,4.24,4.54,4.16,4.44,3564500,psxdata,2026-05-11T12:51:36
PIAHCLA,2018-10-12,4.54,4.75,4.26,4.36,2719000,psxdata,2026-05-11T12:51:36
PIAHCLA,2018-10-15,4.4,4.45,4.21,4.37,721500,psxdata,2026-05-11T12:51:36
PIAHCLA,2018-10-16,4.35,4.5,4.28,4.3,689000,psxdata,2026-05-11T12:51:36
PIAHCLA,2018-10-17,4.39,4.9,4.39,4.79,2236000,psxdata,2026-05-11T12:51:36
PIAHCLA,2018-10-18,4.7,5.1,4.61,4.9,1866000,psxdata,2026-05-11T12:51:36
PIAHCLA,2018-10-19,4.76,5.48,4.76,5.36,2094000,psxdata,2026-05-11T12:51:36
PIAHCLA,2018-10-22,5.39,5.57,5.28,5.33,2864500,psxdata,2026-05-11T12:51:36
PIAHCLA,2018-10-23,5.37,5.38,4.87,4.93,1212500,psxdata,2026-05-11T12:51:36
PIAHCLA,2018-10-24,5.35,5.75,5.25,5.67,3551500,psxdata,2026-05-11T12:51:36
PIAHCLA,2018-10-25,5.79,5.84,5.22,5.26,2905500,psxdata,2026-05-11T12:51:36
PIAHCLA,2018-10-26,5.22,5.33,4.94,5.1,2265500,psxdata,2026-05-11T12:51:36
PIAHCLA,2018-10-29,5.22,5.8,5.22,5.65,4474500,psxdata,2026-05-11T12:51:36
PIAHCLA,2018-10-30,5.74,5.8,5.35,5.45,1912000,psxdata,2026-05-11T12:51:36
PIAHCLA,2018-10-31,5.35,5.76,5.16,5.67,3574500,psxdata,2026-05-11T12:51:36
PIAHCLA,2018-11-01,5.6,6.41,5.6,6.04,8052000,psxdata,2026-05-11T12:51:36
PIAHCLA,2018-11-02,6.0,6.45,5.85,6.4,5310500,psxdata,2026-05-11T12:51:36
PIAHCLA,2018-11-05,6.28,6.28,5.96,6.03,3385500,psxdata,2026-05-11T12:51:36
PIAHCLA,2018-11-06,6.04,6.05,5.75,5.89,849000,psxdata,2026-05-11T12:51:36
PIAHCLA,2018-11-07,5.91,6.8,5.91,6.72,7203500,psxdata,2026-05-11T12:51:36
PIAHCLA,2018-11-08,6.85,6.9,6.47,6.59,3221000,psxdata,2026-05-11T12:51:36
PIAHCLA,2018-11-09,6.59,7.0,6.54,6.8,2879500,psxdata,2026-05-11T12:51:36
PIAHCLA,2018-11-12,6.8,7.09,6.6,6.86,5134000,psxdata,2026-05-11T12:51:36
PIAHCLA,2018-11-13,7.1,7.19,6.79,6.82,5901500,psxdata,2026-05-11T12:51:36
PIAHCLA,2018-11-14,6.95,6.95,6.6,6.64,1749000,psxdata,2026-05-11T12:51:36
PIAHCLA,2018-11-15,6.7,6.7,6.25,6.3,2162500,psxdata,2026-05-11T12:51:36
PIAHCLA,2018-11-16,6.26,6.34,6.1,6.19,2102500,psxdata,2026-05-11T12:51:36
PIAHCLA,2018-11-19,6.19,6.45,6.06,6.34,1659000,psxdata,2026-05-11T12:51:36
PIAHCLA,2018-11-20,6.35,6.53,6.25,6.31,1374000,psxdata,2026-05-11T12:51:36
PIAHCLA,2018-11-22,6.44,6.45,6.09,6.14,1204500,psxdata,2026-05-11T12:51:36
PIAHCLA,2018-11-23,6.24,6.24,6.03,6.15,656000,psxdata,2026-05-11T12:51:36
PIAHCLA,2018-11-26,6.11,6.2,5.99,6.03,415000,psxdata,2026-05-11T12:51:36
PIAHCLA,2018-11-27,6.14,6.14,5.82,5.96,530000,psxdata,2026-05-11T12:51:36
PIAHCLA,2018-11-28,6.0,6.19,5.86,6.1,942500,psxdata,2026-05-11T12:51:36
PIAHCLA,2018-11-29,6.06,6.45,6.02,6.12,2260000,psxdata,2026-05-11T12:51:36
PIAHCLA,2018-11-30,6.12,6.13,5.84,5.89,557500,psxdata,2026-05-11T12:51:36
PIAHCLA,2018-12-03,5.6,5.76,5.25,5.3,1211500,psxdata,2026-05-11T12:51:36
PIAHCLA,2018-12-04,5.21,5.57,5.2,5.55,775000,psxdata,2026-05-11T12:51:36
PIAHCLA,2018-12-05,5.41,5.64,5.3,5.47,763500,psxdata,2026-05-11T12:51:36
PIAHCLA,2018-12-06,5.41,5.43,5.3,5.32,761000,psxdata,2026-05-11T12:51:36
PIAHCLA,2018-12-07,5.3,5.4,5.24,5.31,472500,psxdata,2026-05-11T12:51:36
PIAHCLA,2018-12-10,5.33,5.5,5.33,5.38,579000,psxdata,2026-05-11T12:51:36
PIAHCLA,2018-12-11,5.4,5.59,5.31,5.43,643500,psxdata,2026-05-11T12:51:36
PIAHCLA,2018-12-12,5.4,5.41,5.2,5.23,504500,psxdata,2026-05-11T12:51:36
PIAHCLA,2018-12-13,5.25,5.32,5.12,5.17,188500,psxdata,2026-05-11T12:51:36
PIAHCLA,2018-12-14,5.2,5.28,5.12,5.16,363000,psxdata,2026-05-11T12:51:36
PIAHCLA,2018-12-17,5.2,5.44,5.2,5.26,130000,psxdata,2026-05-11T12:51:36
PIAHCLA,2018-12-18,5.16,5.4,5.16,5.32,210500,psxdata,2026-05-11T12:51:36
PIAHCLA,2018-12-19,5.25,5.4,5.23,5.32,164500,psxdata,2026-05-11T12:51:36
PIAHCLA,2018-12-20,5.23,5.42,5.23,5.31,223500,psxdata,2026-05-11T12:51:36
PIAHCLA,2018-12-21,5.3,5.4,5.25,5.26,219500,psxdata,2026-05-11T12:51:36
PIAHCLA,2018-12-24,5.23,5.31,5.22,5.29,115000,psxdata,2026-05-11T12:51:36
PIAHCLA,2018-12-26,5.34,5.34,5.25,5.27,156500,psxdata,2026-05-11T12:51:36
PIAHCLA,2018-12-27,5.34,5.34,5.0,5.09,501500,psxdata,2026-05-11T12:51:36
PIAHCLA,2018-12-28,5.03,5.1,4.9,4.92,639000,psxdata,2026-05-11T12:51:36
PIAHCLA,2018-12-31,4.86,5.1,4.86,5.09,257500,psxdata,2026-05-11T12:51:36
PIAHCLA,2019-01-01,5.22,5.25,5.15,5.22,165500,psxdata,2026-05-11T12:51:36
PIAHCLA,2019-01-02,5.31,5.76,5.31,5.46,3039500,psxdata,2026-05-11T12:51:36
PIAHCLA,2019-01-03,5.4,5.49,5.2,5.26,643000,psxdata,2026-05-11T12:51:36
PIAHCLA,2019-01-04,5.25,5.43,5.2,5.32,410000,psxdata,2026-05-11T12:51:36
PIAHCLA,2019-01-07,5.21,5.5,5.21,5.47,301500,psxdata,2026-05-11T12:51:36
PIAHCLA,2019-01-08,5.49,5.64,5.47,5.51,622500,psxdata,2026-05-11T12:51:36
PIAHCLA,2019-01-09,5.6,5.6,5.41,5.43,216500,psxdata,2026-05-11T12:51:36
PIAHCLA,2019-01-10,5.5,5.65,5.41,5.47,395500,psxdata,2026-05-11T12:51:36
PIAHCLA,2019-01-11,5.59,5.74,5.4,5.43,367500,psxdata,2026-05-11T12:51:36
PIAHCLA,2019-01-14,5.5,5.65,5.49,5.52,422500,psxdata,2026-05-11T12:51:36
PIAHCLA,2019-01-15,5.65,5.65,5.46,5.52,415500,psxdata,2026-05-11T12:51:36
PIAHCLA,2019-01-16,5.42,5.55,5.4,5.43,282500,psxdata,2026-05-11T12:51:36
PIAHCLA,2019-01-17,5.43,5.55,5.36,5.47,161500,psxdata,2026-05-11T12:51:36
PIAHCLA,2019-01-18,5.46,5.57,5.46,5.5,238500,psxdata,2026-05-11T12:51:36
PIAHCLA,2019-01-21,5.58,5.65,5.45,5.6,318500,psxdata,2026-05-11T12:51:36
PIAHCLA,2019-01-22,5.5,5.64,5.5,5.6,240500,psxdata,2026-05-11T12:51:36
PIAHCLA,2019-01-23,6.0,6.6,6.0,6.6,5239500,psxdata,2026-05-11T12:51:36
PIAHCLA,2019-01-24,6.9,7.2,6.42,6.74,15595000,psxdata,2026-05-11T12:51:36
PIAHCLA,2019-01-25,6.81,6.86,6.36,6.46,1795500,psxdata,2026-05-11T12:51:36
PIAHCLA,2019-01-28,6.58,7.46,6.58,7.27,15243500,psxdata,2026-05-11T12:51:36
PIAHCLA,2019-01-29,7.4,7.7,7.23,7.34,10134000,psxdata,2026-05-11T12:51:36
PIAHCLA,2019-01-30,7.45,7.65,7.4,7.46,7232500,psxdata,2026-05-11T12:51:36
PIAHCLA,2019-01-31,7.55,7.59,7.31,7.42,3487500,psxdata,2026-05-11T12:51:36
PIAHCLA,2019-02-01,7.48,7.58,7.4,7.45,2953000,psxdata,2026-05-11T12:51:36
PIAHCLA,2019-02-04,7.49,7.61,7.21,7.28,4328000,psxdata,2026-05-11T12:51:36
PIAHCLA,2019-02-06,7.37,7.37,6.95,7.02,2256000,psxdata,2026-05-11T12:51:36
PIAHCLA,2019-02-07,7.18,7.8,7.15,7.35,8733500,psxdata,2026-05-11T12:51:36
PIAHCLA,2019-02-08,7.49,7.5,7.16,7.19,2135000,psxdata,2026-05-11T12:51:36
PIAHCLA,2019-02-11,7.35,7.35,6.9,7.01,2127500,psxdata,2026-05-11T12:51:36
PIAHCLA,2019-02-12,7.1,7.4,7.1,7.21,4625500,psxdata,2026-05-11T12:51:36
PIAHCLA,2019-02-13,7.48,7.49,7.21,7.24,2883500,psxdata,2026-05-11T12:51:36
PIAHCLA,2019-02-14,7.24,7.33,7.15,7.17,1275000,psxdata,2026-05-11T12:51:36
PIAHCLA,2019-02-15,7.29,7.29,7.05,7.1,1096500,psxdata,2026-05-11T12:51:36
PIAHCLA,2019-02-18,7.29,7.29,6.81,6.88,1383000,psxdata,2026-05-11T12:51:36
PIAHCLA,2019-02-19,6.92,6.94,6.71,6.75,618000,psxdata,2026-05-11T12:51:36
PIAHCLA,2019-02-20,6.8,6.85,6.4,6.71,1793500,psxdata,2026-05-11T12:51:36
PIAHCLA,2019-02-21,6.65,6.7,6.47,6.56,478000,psxdata,2026-05-11T12:51:36
PIAHCLA,2019-02-22,6.56,6.94,6.5,6.71,895000,psxdata,2026-05-11T12:51:36
PIAHCLA,2019-02-25,6.7,6.79,5.71,6.33,710500,psxdata,2026-05-11T12:51:36
PIAHCLA,2019-02-26,6.15,6.4,5.81,5.97,2168500,psxdata,2026-05-11T12:51:36
PIAHCLA,2019-02-27,6.09,6.09,5.1,5.79,3390000,psxdata,2026-05-11T12:51:36
PIAHCLA,2019-02-28,5.88,6.2,5.74,6.13,1752000,psxdata,2026-05-11T12:51:36
PIAHCLA,2019-03-01,6.34,6.47,6.22,6.27,1603500,psxdata,2026-05-11T12:51:36
PIAHCLA,2019-03-04,6.4,6.48,6.29,6.42,512500,psxdata,2026-05-11T12:51:36
PIAHCLA,2019-03-05,6.45,6.45,6.21,6.26,497000,psxdata,2026-05-11T12:51:36
PIAHCLA,2019-03-06,6.32,6.4,6.16,6.35,463000,psxdata,2026-05-11T12:51:36
PIAHCLA,2019-03-07,6.5,6.65,6.35,6.38,1023000,psxdata,2026-05-11T12:51:36
PIAHCLA,2019-03-08,6.28,6.45,6.16,6.19,780500,psxdata,2026-05-11T12:51:36
PIAHCLA,2019-03-11,6.25,6.39,6.2,6.21,369500,psxdata,2026-05-11T12:51:36
PIAHCLA,2019-03-12,6.22,6.25,6.15,6.2,435000,psxdata,2026-05-11T12:51:36
PIAHCLA,2019-03-13,6.35,6.35,6.16,6.19,232000,psxdata,2026-05-11T12:51:36
PIAHCLA,2019-03-14,6.12,6.45,6.12,6.41,938000,psxdata,2026-05-11T12:51:36
PIAHCLA,2019-03-15,6.64,6.74,6.41,6.54,3238500,psxdata,2026-05-11T12:51:36
PIAHCLA,2019-03-18,6.57,6.57,6.34,6.46,750000,psxdata,2026-05-11T12:51:36
PIAHCLA,2019-03-19,6.5,6.67,6.3,6.34,279000,psxdata,2026-05-11T12:51:36
PIAHCLA,2019-03-20,6.34,6.4,6.2,6.21,320500,psxdata,2026-05-11T12:51:36
PIAHCLA,2019-03-21,6.61,6.61,6.15,6.22,569500,psxdata,2026-05-11T12:51:36
PIAHCLA,2019-03-22,6.3,6.4,6.2,6.21,346000,psxdata,2026-05-11T12:51:36
PIAHCLA,2019-03-25,6.25,6.32,6.0,6.04,578000,psxdata,2026-05-11T12:51:36
PIAHCLA,2019-03-26,6.15,6.19,6.01,6.09,388000,psxdata,2026-05-11T12:51:36
PIAHCLA,2019-03-27,6.02,6.3,6.02,6.21,1830500,psxdata,2026-05-11T12:51:36
PIAHCLA,2019-03-28,6.15,6.21,6.0,6.04,626500,psxdata,2026-05-11T12:51:36
PIAHCLA,2019-03-29,6.0,6.1,5.88,5.91,595500,psxdata,2026-05-11T12:51:36
PIAHCLA,2019-04-01,5.99,6.0,5.77,5.83,484000,psxdata,2026-05-11T12:51:36
PIAHCLA,2019-04-02,5.85,5.9,5.75,5.78,115000,psxdata,2026-05-11T12:51:36
PIAHCLA,2019-04-03,5.86,6.14,5.72,5.76,1267500,psxdata,2026-05-11T12:51:36
PIAHCLA,2019-04-04,5.72,5.75,5.02,5.17,1982000,psxdata,2026-05-11T12:51:36
PIAHCLA,2019-04-05,5.2,5.5,5.15,5.34,759500,psxdata,2026-05-11T12:51:36
PIAHCLA,2019-04-08,5.35,5.35,5.1,5.13,499500,psxdata,2026-05-11T12:51:36
PIAHCLA,2019-04-09,5.11,5.39,5.0,5.27,1044500,psxdata,2026-05-11T12:51:36
PIAHCLA,2019-04-10,5.18,5.27,5.02,5.05,669000,psxdata,2026-05-11T12:51:36
PIAHCLA,2019-04-11,5.08,5.22,5.03,5.06,560000,psxdata,2026-05-11T12:51:36
PIAHCLA,2019-04-12,5.2,5.54,5.08,5.43,1171000,psxdata,2026-05-11T12:51:36
PIAHCLA,2019-04-15,5.45,5.65,5.39,5.46,848500,psxdata,2026-05-11T12:51:36
PIAHCLA,2019-04-16,5.4,5.57,5.35,5.38,237500,psxdata,2026-05-11T12:51:36
PIAHCLA,2019-04-17,5.4,5.45,5.1,5.18,534500,psxdata,2026-05-11T12:51:36
PIAHCLA,2019-04-18,5.18,5.24,5.04,5.14,277500,psxdata,2026-05-11T12:51:36
PIAHCLA,2019-04-19,5.2,5.55,5.2,5.37,748500,psxdata,2026-05-11T12:51:36
PIAHCLA,2019-04-22,6.0,6.37,5.91,6.37,7328000,psxdata,2026-05-11T12:51:36
PIAHCLA,2019-04-23,6.54,6.64,6.06,6.13,3231500,psxdata,2026-05-11T12:51:36
PIAHCLA,2019-04-24,6.15,6.36,6.0,6.03,916500,psxdata,2026-05-11T12:51:36
PIAHCLA,2019-04-25,6.06,6.21,6.01,6.07,598500,psxdata,2026-05-11T12:51:36
PIAHCLA,2019-04-26,6.1,6.27,6.1,6.11,769000,psxdata,2026-05-11T12:51:36
PIAHCLA,2019-04-29,6.23,6.37,6.1,6.16,1083500,psxdata,2026-05-11T12:51:36
PIAHCLA,2019-04-30,6.07,6.2,6.0,6.03,402500,psxdata,2026-05-11T12:51:36
PIAHCLA,2019-05-02,5.21,5.5,5.21,5.45,4995500,psxdata,2026-05-11T12:51:36
PIAHCLA,2019-05-03,5.45,5.49,5.3,5.33,505000,psxdata,2026-05-11T12:51:36
PIAHCLA,2019-05-06,5.4,5.4,5.16,5.2,601500,psxdata,2026-05-11T12:51:36
PIAHCLA,2019-05-07,5.3,5.35,5.0,5.11,569500,psxdata,2026-05-11T12:51:36
PIAHCLA,2019-05-08,5.09,5.15,4.9,4.95,791000,psxdata,2026-05-11T12:51:36
PIAHCLA,2019-05-09,4.95,5.23,4.95,5.14,232000,psxdata,2026-05-11T12:51:36
PIAHCLA,2019-05-10,5.14,5.16,5.13,5.14,118000,psxdata,2026-05-11T12:51:36
PIAHCLA,2019-05-13,5.29,5.39,4.15,4.46,2182500,psxdata,2026-05-11T12:51:36
PIAHCLA,2019-05-14,4.2,4.53,4.16,4.29,1414000,psxdata,2026-05-11T12:51:36
PIAHCLA,2019-05-15,4.35,4.37,4.06,4.11,2056500,psxdata,2026-05-11T12:51:36
PIAHCLA,2019-05-16,4.06,4.1,3.53,3.7,3376000,psxdata,2026-05-11T12:51:36
PIAHCLA,2019-05-17,3.6,3.6,3.01,3.23,1439000,psxdata,2026-05-11T12:51:36
PIAHCLA,2019-05-20,3.26,4.23,3.25,4.01,1601500,psxdata,2026-05-11T12:51:36
PIAHCLA,2019-05-21,4.2,4.3,3.89,4.04,1502500,psxdata,2026-05-11T12:51:36
PIAHCLA,2019-05-22,5.0,5.04,4.7,5.04,3705000,psxdata,2026-05-11T12:51:36
PIAHCLA,2019-05-23,5.28,5.81,5.06,5.64,4804000,psxdata,2026-05-11T12:51:36
PIAHCLA,2019-05-24,5.65,5.65,5.25,5.33,1678000,psxdata,2026-05-11T12:51:36
PIAHCLA,2019-05-27,5.44,5.49,5.06,5.11,1810500,psxdata,2026-05-11T12:51:36
PIAHCLA,2019-05-28,5.15,5.2,4.77,4.81,872500,psxdata,2026-05-11T12:51:36
PIAHCLA,2019-05-29,4.89,5.25,4.89,5.16,1477500,psxdata,2026-05-11T12:51:36
PIAHCLA,2019-05-30,5.19,5.34,4.95,5.12,1051500,psxdata,2026-05-11T12:51:36
PIAHCLA,2019-06-03,5.1,5.17,4.97,5.05,330000,psxdata,2026-05-11T12:51:36
PIAHCLA,2019-06-10,5.2,5.35,4.8,5.13,1727000,psxdata,2026-05-11T12:51:36
PIAHCLA,2019-06-11,5.2,5.47,5.06,5.36,1142500,psxdata,2026-05-11T12:51:36
PIAHCLA,2019-06-12,5.4,5.48,5.07,5.19,1623500,psxdata,2026-05-11T12:51:36
PIAHCLA,2019-06-13,5.13,5.35,5.12,5.21,642500,psxdata,2026-05-11T12:51:36
PIAHCLA,2019-06-14,5.26,5.28,5.03,5.1,718000,psxdata,2026-05-11T12:51:36
PIAHCLA,2019-06-17,5.05,5.09,4.9,4.94,502500,psxdata,2026-05-11T12:51:36
PIAHCLA,2019-06-18,4.9,5.0,4.76,4.85,560500,psxdata,2026-05-11T12:51:36
PIAHCLA,2019-06-19,4.8,5.1,4.8,5.02,399000,psxdata,2026-05-11T12:51:36
PIAHCLA,2019-06-20,5.1,5.14,5.0,5.02,714500,psxdata,2026-05-11T12:51:36
PIAHCLA,2019-06-21,5.04,5.04,4.9,4.94,248000,psxdata,2026-05-11T12:51:36
PIAHCLA,2019-06-24,4.9,4.9,4.79,4.85,391500,psxdata,2026-05-11T12:51:36
PIAHCLA,2019-06-25,4.85,4.93,4.76,4.8,227500,psxdata,2026-05-11T12:51:36
PIAHCLA,2019-06-26,4.81,4.81,4.3,4.55,1140000,psxdata,2026-05-11T12:51:36
PIAHCLA,2019-06-27,4.56,4.61,4.27,4.39,825500,psxdata,2026-05-11T12:51:36
PIAHCLA,2019-06-28,4.35,4.58,4.33,4.51,376000,psxdata,2026-05-11T12:51:36
PIAHCLA,2019-07-01,4.55,4.68,4.55,4.65,143000,psxdata,2026-05-11T12:51:36
PIAHCLA,2019-07-02,4.65,5.21,4.65,4.97,707500,psxdata,2026-05-11T12:51:36
PIAHCLA,2019-07-03,5.0,5.25,5.0,5.16,979500,psxdata,2026-05-11T12:51:36
PIAHCLA,2019-07-04,5.25,5.29,5.0,5.03,599000,psxdata,2026-05-11T12:51:36
PIAHCLA,2019-07-05,5.03,5.06,4.92,5.0,377000,psxdata,2026-05-11T12:51:36
PIAHCLA,2019-07-08,4.91,5.04,4.86,4.88,110000,psxdata,2026-05-11T12:51:36
PIAHCLA,2019-07-09,4.88,5.0,4.88,4.9,167500,psxdata,2026-05-11T12:51:36
PIAHCLA,2019-07-10,4.81,5.01,4.81,5.0,200000,psxdata,2026-05-11T12:51:36
PIAHCLA,2019-07-11,4.91,5.0,4.77,4.81,341000,psxdata,2026-05-11T12:51:36
PIAHCLA,2019-07-12,4.9,4.98,4.55,4.65,151000,psxdata,2026-05-11T12:51:36
PIAHCLA,2019-07-15,4.53,4.7,4.51,4.64,533500,psxdata,2026-05-11T12:51:36
PIAHCLA,2019-07-16,4.69,4.8,4.51,4.69,330500,psxdata,2026-05-11T12:51:36
PIAHCLA,2019-07-17,4.59,5.1,4.59,4.89,572500,psxdata,2026-05-11T12:51:36
PIAHCLA,2019-07-18,4.99,4.99,4.69,4.75,348500,psxdata,2026-05-11T12:51:36
PIAHCLA,2019-07-19,4.7,4.88,4.51,4.71,299000,psxdata,2026-05-11T12:51:36
PIAHCLA,2019-07-22,4.89,4.9,4.75,4.88,346500,psxdata,2026-05-11T12:51:36
PIAHCLA,2019-07-23,4.8,5.14,4.76,5.05,507000,psxdata,2026-05-11T12:51:36
PIAHCLA,2019-07-24,5.05,5.05,4.9,4.95,134000,psxdata,2026-05-11T12:51:36
PIAHCLA,2019-07-25,4.91,5.05,4.91,4.93,109000,psxdata,2026-05-11T12:51:36
PIAHCLA,2019-07-26,4.9,4.9,4.51,4.62,394000,psxdata,2026-05-11T12:51:36
PIAHCLA,2019-07-29,4.7,4.79,4.51,4.55,457500,psxdata,2026-05-11T12:51:36
PIAHCLA,2019-07-30,4.56,4.79,4.5,4.58,457000,psxdata,2026-05-11T12:51:36
PIAHCLA,2019-07-31,4.72,4.79,4.55,4.75,401500,psxdata,2026-05-11T12:51:36
PIAHCLA,2019-08-01,4.65,4.84,4.6,4.62,285500,psxdata,2026-05-11T12:51:36
PIAHCLA,2019-08-02,4.56,4.72,4.56,4.64,99500,psxdata,2026-05-11T12:51:36
PIAHCLA,2019-08-05,4.64,4.64,4.48,4.5,221500,psxdata,2026-05-11T12:51:36
PIAHCLA,2019-08-06,4.5,4.59,4.5,4.53,113000,psxdata,2026-05-11T12:51:36
PIAHCLA,2019-08-07,4.51,4.51,4.31,4.35,222000,psxdata,2026-05-11T12:51:36
PIAHCLA,2019-08-08,4.35,4.38,3.99,4.13,586000,psxdata,2026-05-11T12:51:36
PIAHCLA,2019-08-09,4.25,4.4,3.97,4.08,811500,psxdata,2026-05-11T12:51:36
PIAHCLA,2019-08-16,4.02,4.08,3.95,4.01,329000,psxdata,2026-05-11T12:51:36
PIAHCLA,2019-08-19,4.01,4.3,4.01,4.24,454000,psxdata,2026-05-11T12:51:36
PIAHCLA,2019-08-20,4.3,4.43,4.3,4.4,716500,psxdata,2026-05-11T12:51:36
PIAHCLA,2019-08-21,4.44,4.59,4.1,4.45,747000,psxdata,2026-05-11T12:51:36
PIAHCLA,2019-08-22,4.5,5.05,4.5,5.01,2792500,psxdata,2026-05-11T12:51:36
PIAHCLA,2019-08-23,5.01,5.14,4.66,4.8,1492500,psxdata,2026-05-11T12:51:36
PIAHCLA,2019-08-26,4.7,4.75,4.5,4.55,890500,psxdata,2026-05-11T12:51:36
PIAHCLA,2019-08-27,4.5,4.6,4.34,4.47,715000,psxdata,2026-05-11T12:51:36
PIAHCLA,2019-08-28,4.62,5.35,4.62,5.1,4921500,psxdata,2026-05-11T12:51:36
PIAHCLA,2019-08-29,5.19,5.19,4.86,4.89,1014500,psxdata,2026-05-11T12:51:36
PIAHCLA,2019-08-30,4.85,4.92,4.5,4.66,1120500,psxdata,2026-05-11T12:51:36
PIAHCLA,2019-09-02,4.9,5.0,4.7,4.81,606500,psxdata,2026-05-11T12:51:36
PIAHCLA,2019-09-03,4.86,4.86,4.61,4.63,144000,psxdata,2026-05-11T12:51:36
PIAHCLA,2019-09-04,4.7,4.95,4.7,4.78,773000,psxdata,2026-05-11T12:51:36
PIAHCLA,2019-09-05,4.97,4.97,4.65,4.69,420500,psxdata,2026-05-11T12:51:36
PIAHCLA,2019-09-06,4.65,4.74,4.61,4.64,73000,psxdata,2026-05-11T12:51:36
PIAHCLA,2019-09-11,4.7,4.75,4.45,4.53,454500,psxdata,2026-05-11T12:51:36
PIAHCLA,2019-09-12,4.53,4.74,4.53,4.67,326000,psxdata,2026-05-11T12:51:36
PIAHCLA,2019-09-13,4.65,4.94,4.42,4.74,587000,psxdata,2026-05-11T12:51:36
PIAHCLA,2019-09-16,4.8,4.95,4.74,4.77,549500,psxdata,2026-05-11T12:51:36
PIAHCLA,2019-09-17,4.88,4.88,4.6,4.62,502000,psxdata,2026-05-11T12:51:36
PIAHCLA,2019-09-18,4.63,4.73,4.57,4.6,215000,psxdata,2026-05-11T12:51:36
PIAHCLA,2019-09-19,4.7,4.7,4.57,4.63,643000,psxdata,2026-05-11T12:51:36
PIAHCLA,2019-09-20,4.6,4.68,4.55,4.59,446000,psxdata,2026-05-11T12:51:36
PIAHCLA,2019-09-23,4.6,4.65,4.51,4.52,658000,psxdata,2026-05-11T12:51:36
PIAHCLA,2019-09-24,4.67,4.68,4.5,4.62,362500,psxdata,2026-05-11T12:51:36
PIAHCLA,2019-09-25,4.51,4.63,4.49,4.5,467500,psxdata,2026-05-11T12:51:36
PIAHCLA,2019-09-26,4.6,4.6,4.5,4.5,250500,psxdata,2026-05-11T12:51:36
PIAHCLA,2019-09-27,4.5,4.64,4.5,4.6,294000,psxdata,2026-05-11T12:51:36
PIAHCLA,2019-09-30,4.68,4.76,4.65,4.72,526500,psxdata,2026-05-11T12:51:36
PIAHCLA,2019-10-01,4.7,4.95,4.7,4.91,826500,psxdata,2026-05-11T12:51:36
PIAHCLA,2019-10-02,4.9,4.9,4.7,4.84,281000,psxdata,2026-05-11T12:51:36
PIAHCLA,2019-10-03,4.8,5.24,4.7,5.15,3456000,psxdata,2026-05-11T12:51:36
PIAHCLA,2019-10-04,5.15,5.26,4.96,5.16,1285000,psxdata,2026-05-11T12:51:36
PIAHCLA,2019-10-07,5.11,5.87,5.11,5.57,4550500,psxdata,2026-05-11T12:51:36
PIAHCLA,2019-10-08,5.57,5.65,5.41,5.52,2092000,psxdata,2026-05-11T12:51:36
PIAHCLA,2019-10-09,5.5,6.15,5.36,6.08,5340000,psxdata,2026-05-11T12:51:36
PIAHCLA,2019-10-10,6.13,6.33,5.92,6.11,6023000,psxdata,2026-05-11T12:51:36
PIAHCLA,2019-10-11,6.18,6.25,5.95,6.06,4133500,psxdata,2026-05-11T12:51:36
PIAHCLA,2019-10-14,6.1,6.1,5.8,5.83,1104500,psxdata,2026-05-11T12:51:36
PIAHCLA,2019-10-15,5.83,6.12,5.77,6.05,1535000,psxdata,2026-05-11T12:51:36
PIAHCLA,2019-10-16,5.96,6.18,5.96,6.11,1528000,psxdata,2026-05-11T12:51:36
PIAHCLA,2019-10-17,6.04,6.2,5.9,6.03,984000,psxdata,2026-05-11T12:51:36
PIAHCLA,2019-10-18,6.0,6.05,5.82,5.93,688000,psxdata,2026-05-11T12:51:36
PIAHCLA,2019-10-21,5.86,5.99,5.44,5.48,1030500,psxdata,2026-05-11T12:51:36
PIAHCLA,2019-10-22,5.41,5.74,5.4,5.7,341000,psxdata,2026-05-11T12:51:36
PIAHCLA,2019-10-23,5.75,5.99,5.75,5.81,1441500,psxdata,2026-05-11T12:51:36
PIAHCLA,2019-10-24,5.9,5.99,5.83,5.9,327000,psxdata,2026-05-11T12:51:36
PIAHCLA,2019-10-25,5.97,6.02,5.9,5.95,1095000,psxdata,2026-05-11T12:51:36
PIAHCLA,2019-10-28,5.98,6.17,5.9,6.05,2501000,psxdata,2026-05-11T12:51:36
PIAHCLA,2019-10-29,6.08,6.21,6.0,6.05,648000,psxdata,2026-05-11T12:51:36
PIAHCLA,2019-10-30,6.05,6.05,5.91,5.92,240500,psxdata,2026-05-11T12:51:36
PIAHCLA,2019-10-31,5.96,6.3,5.9,6.19,2984000,psxdata,2026-05-11T12:51:36
PIAHCLA,2019-11-01,6.2,6.2,6.0,6.01,601000,psxdata,2026-05-11T12:51:36
PIAHCLA,2019-11-04,6.15,6.16,6.01,6.06,735000,psxdata,2026-05-11T12:51:36
PIAHCLA,2019-11-05,6.16,6.16,5.96,5.97,1126500,psxdata,2026-05-11T12:51:36
PIAHCLA,2019-11-06,6.09,6.12,5.93,5.96,1250000,psxdata,2026-05-11T12:51:36
PIAHCLA,2019-11-07,6.0,6.2,5.92,5.97,3008500,psxdata,2026-05-11T12:51:36
PIAHCLA,2019-11-08,5.92,6.52,5.92,6.4,9837000,psxdata,2026-05-11T12:51:36
PIAHCLA,2019-11-11,6.56,6.94,6.56,6.83,9287500,psxdata,2026-05-11T12:51:36
PIAHCLA,2019-11-12,6.95,6.97,6.72,6.79,2907500,psxdata,2026-05-11T12:51:36
PIAHCLA,2019-11-13,6.77,7.29,6.6,7.1,7947000,psxdata,2026-05-11T12:51:36
PIAHCLA,2019-11-14,7.3,7.35,6.9,6.96,4389500,psxdata,2026-05-11T12:51:36
PIAHCLA,2019-11-15,6.95,7.2,6.85,7.12,3423000,psxdata,2026-05-11T12:51:36
PIAHCLA,2019-11-18,7.24,7.31,7.04,7.15,4616000,psxdata,2026-05-11T12:51:36
PIAHCLA,2019-11-19,7.15,7.22,7.0,7.09,2084500,psxdata,2026-05-11T12:51:36
PIAHCLA,2019-11-20,7.02,7.02,6.62,6.66,2265500,psxdata,2026-05-11T12:51:36
PIAHCLA,2019-11-21,6.7,6.94,6.55,6.64,2467500,psxdata,2026-05-11T12:51:36
PIAHCLA,2019-11-22,6.55,6.74,6.36,6.57,3460500,psxdata,2026-05-11T12:51:36
PIAHCLA,2019-11-25,6.73,6.77,6.51,6.66,1537500,psxdata,2026-05-11T12:51:36
PIAHCLA,2019-11-26,6.75,6.95,6.4,6.54,2555500,psxdata,2026-05-11T12:51:36
PIAHCLA,2019-11-27,6.59,6.7,6.51,6.64,1151000,psxdata,2026-05-11T12:51:36
PIAHCLA,2019-11-28,6.61,6.99,6.6,6.64,3562000,psxdata,2026-05-11T12:51:36
PIAHCLA,2019-11-29,6.74,7.12,6.58,6.99,7375500,psxdata,2026-05-11T12:51:36
PIAHCLA,2019-12-02,7.2,7.3,6.98,7.04,4679000,psxdata,2026-05-11T12:51:36
PIAHCLA,2019-12-03,7.2,7.21,6.8,6.88,2303000,psxdata,2026-05-11T12:51:36
PIAHCLA,2019-12-04,6.95,7.2,6.85,7.12,3023000,psxdata,2026-05-11T12:51:36
PIAHCLA,2019-12-05,7.35,7.4,7.07,7.1,2316500,psxdata,2026-05-11T12:51:36
PIAHCLA,2019-12-06,7.09,7.1,6.91,6.93,1409500,psxdata,2026-05-11T12:51:36
PIAHCLA,2019-12-09,7.0,7.38,6.91,7.31,6827000,psxdata,2026-05-11T12:51:36
PIAHCLA,2019-12-10,7.44,7.49,7.3,7.34,3309500,psxdata,2026-05-11T12:51:36
PIAHCLA,2019-12-11,7.42,7.59,7.21,7.28,3777500,psxdata,2026-05-11T12:51:36
PIAHCLA,2019-12-12,7.35,7.38,7.05,7.09,2056000,psxdata,2026-05-11T12:51:36
PIAHCLA,2019-12-13,7.28,7.39,7.12,7.16,1612500,psxdata,2026-05-11T12:51:36
PIAHCLA,2019-12-16,7.16,7.2,7.05,7.06,1133500,psxdata,2026-05-11T12:51:36
PIAHCLA,2019-12-17,7.15,7.15,6.8,6.96,1410000,psxdata,2026-05-11T12:51:36
PIAHCLA,2019-12-18,6.84,6.9,6.73,6.78,988000,psxdata,2026-05-11T12:51:36
PIAHCLA,2019-12-19,6.81,6.85,6.45,6.57,1400500,psxdata,2026-05-11T12:51:36
PIAHCLA,2019-12-20,6.69,6.83,6.57,6.76,1366000,psxdata,2026-05-11T12:51:36
PIAHCLA,2019-12-23,6.88,6.94,6.6,6.64,453500,psxdata,2026-05-11T12:51:36
PIAHCLA,2019-12-24,6.7,6.75,6.55,6.7,528000,psxdata,2026-05-11T12:51:36
PIAHCLA,2019-12-26,6.78,7.1,6.78,6.94,2117500,psxdata,2026-05-11T12:51:36
PIAHCLA,2019-12-27,6.95,7.05,6.57,6.64,864000,psxdata,2026-05-11T12:51:36
PIAHCLA,2019-12-30,6.85,6.98,6.73,6.75,482500,psxdata,2026-05-11T12:51:36
PIAHCLA,2019-12-31,6.85,6.85,6.63,6.67,556000,psxdata,2026-05-11T12:51:36
PIAHCLA,2020-01-01,6.65,6.65,6.55,6.58,1553000,psxdata,2026-05-11T12:51:36
PIAHCLA,2020-01-02,6.7,6.76,6.5,6.63,1778500,psxdata,2026-05-11T12:51:36
PIAHCLA,2020-01-03,6.63,6.85,6.46,6.59,701500,psxdata,2026-05-11T12:51:36
PIAHCLA,2020-01-06,6.42,6.42,6.0,6.2,1578500,psxdata,2026-05-11T12:51:36
PIAHCLA,2020-01-07,6.35,6.45,6.27,6.41,818000,psxdata,2026-05-11T12:51:36
PIAHCLA,2020-01-08,6.19,6.4,5.9,6.03,1598000,psxdata,2026-05-11T12:51:36
PIAHCLA,2020-01-09,6.22,6.5,6.21,6.36,1357000,psxdata,2026-05-11T12:51:36
PIAHCLA,2020-01-10,6.36,6.7,6.21,6.49,789000,psxdata,2026-05-11T12:51:36
PIAHCLA,2020-01-13,6.35,6.85,6.3,6.56,2002000,psxdata,2026-05-11T12:51:36
PIAHCLA,2020-01-14,6.7,6.7,6.54,6.65,688500,psxdata,2026-05-11T12:51:36
PIAHCLA,2020-01-15,6.57,6.6,6.55,6.56,242000,psxdata,2026-05-11T12:51:36
PIAHCLA,2020-01-16,6.55,6.55,6.4,6.44,749500,psxdata,2026-05-11T12:51:36
PIAHCLA,2020-01-17,6.48,6.5,6.35,6.4,391000,psxdata,2026-05-11T12:51:36
PIAHCLA,2020-01-20,6.42,6.85,6.32,6.67,3922500,psxdata,2026-05-11T12:51:36
PIAHCLA,2020-01-21,6.79,6.79,6.23,6.28,1516500,psxdata,2026-05-11T12:51:36
PIAHCLA,2020-01-22,6.25,6.25,5.9,5.94,5724000,psxdata,2026-05-11T12:51:36
PIAHCLA,2020-01-23,6.01,6.05,5.7,5.73,1690000,psxdata,2026-05-11T12:51:36
PIAHCLA,2020-01-24,5.85,5.96,5.7,5.85,1312500,psxdata,2026-05-11T12:51:36
PIAHCLA,2020-01-27,6.35,6.43,6.07,6.11,9892000,psxdata,2026-05-11T12:51:36
PIAHCLA,2020-01-28,6.16,6.16,5.95,6.0,2812000,psxdata,2026-05-11T12:51:36
PIAHCLA,2020-01-29,6.09,6.35,6.02,6.07,3621500,psxdata,2026-05-11T12:51:36
PIAHCLA,2020-01-30,6.15,6.15,5.95,5.98,1220000,psxdata,2026-05-11T12:51:36
PIAHCLA,2020-01-31,6.07,6.13,5.79,5.87,1540500,psxdata,2026-05-11T12:51:36
PIAHCLA,2020-02-03,5.87,5.87,5.66,5.69,1843000,psxdata,2026-05-11T12:51:36
PIAHCLA,2020-02-04,5.84,5.84,5.65,5.7,1060000,psxdata,2026-05-11T12:51:36
PIAHCLA,2020-02-06,5.83,5.83,5.6,5.63,606000,psxdata,2026-05-11T12:51:36
PIAHCLA,2020-02-07,5.57,5.76,5.25,5.33,1292000,psxdata,2026-05-11T12:51:36
PIAHCLA,2020-02-10,5.36,5.43,5.15,5.19,884500,psxdata,2026-05-11T12:51:36
PIAHCLA,2020-02-11,5.4,5.65,5.35,5.57,4719000,psxdata,2026-05-11T12:51:36
PIAHCLA,2020-02-12,5.74,6.12,5.74,5.82,8430500,psxdata,2026-05-11T12:51:36
PIAHCLA,2020-02-13,5.99,6.0,5.68,5.77,3155000,psxdata,2026-05-11T12:51:36
PIAHCLA,2020-02-14,5.77,5.85,5.59,5.65,1468500,psxdata,2026-05-11T12:51:36
PIAHCLA,2020-02-17,5.65,5.8,5.56,5.77,844000,psxdata,2026-05-11T12:51:36
PIAHCLA,2020-02-18,5.75,5.85,5.64,5.66,307500,psxdata,2026-05-11T12:51:36
PIAHCLA,2020-02-19,5.71,5.88,5.65,5.84,964000,psxdata,2026-05-11T12:51:36
PIAHCLA,2020-02-20,5.85,5.9,5.76,5.8,343000,psxdata,2026-05-11T12:51:36
PIAHCLA,2020-02-21,5.84,5.84,5.7,5.79,380500,psxdata,2026-05-11T12:51:36
PIAHCLA,2020-02-24,5.73,5.73,5.19,5.21,2213500,psxdata,2026-05-11T12:51:36
PIAHCLA,2020-02-25,5.25,5.39,5.16,5.26,818500,psxdata,2026-05-11T12:51:36
PIAHCLA,2020-02-26,5.3,5.35,5.12,5.21,1017000,psxdata,2026-05-11T12:51:36
PIAHCLA,2020-02-27,5.02,5.05,4.5,4.82,6302000,psxdata,2026-05-11T12:51:36
PIAHCLA,2020-02-28,4.8,4.95,4.7,4.76,1190000,psxdata,2026-05-11T12:51:36
PIAHCLA,2020-03-02,4.84,5.05,4.8,5.02,870500,psxdata,2026-05-11T12:51:36
PIAHCLA,2020-03-03,5.03,5.2,5.0,5.11,1029000,psxdata,2026-05-11T12:51:36
PIAHCLA,2020-03-04,4.95,5.16,4.95,5.09,392500,psxdata,2026-05-11T12:51:36
PIAHCLA,2020-03-05,5.1,5.23,5.0,5.11,1263500,psxdata,2026-05-11T12:51:36
PIAHCLA,2020-03-06,5.02,5.11,4.8,4.83,1308500,psxdata,2026-05-11T12:51:36
PIAHCLA,2020-03-09,4.85,4.85,4.51,4.76,1429000,psxdata,2026-05-11T12:51:36
PIAHCLA,2020-03-10,4.7,5.0,4.7,4.94,1007000,psxdata,2026-05-11T12:51:36
PIAHCLA,2020-03-11,4.99,4.99,4.86,4.9,390000,psxdata,2026-05-11T12:51:36
PIAHCLA,2020-03-12,4.75,4.8,4.6,4.7,579500,psxdata,2026-05-11T12:51:36
PIAHCLA,2020-03-13,4.5,4.8,4.36,4.46,2414000,psxdata,2026-05-11T12:51:36
PIAHCLA,2020-03-16,4.41,4.5,3.9,4.0,2988500,psxdata,2026-05-11T12:51:36
PIAHCLA,2020-03-17,4.0,4.18,3.81,3.94,1403500,psxdata,2026-05-11T12:51:36
PIAHCLA,2020-03-18,3.85,4.0,3.5,3.64,1390000,psxdata,2026-05-11T12:51:36
PIAHCLA,2020-03-19,3.5,3.9,3.3,3.76,1299500,psxdata,2026-05-11T12:51:36
PIAHCLA,2020-03-20,3.9,3.92,3.7,3.81,892500,psxdata,2026-05-11T12:51:36
PIAHCLA,2020-03-24,3.61,3.62,3.21,3.37,474500,psxdata,2026-05-11T12:51:36
PIAHCLA,2020-03-25,3.6,3.75,3.3,3.37,842000,psxdata,2026-05-11T12:51:36
PIAHCLA,2020-03-26,3.4,3.67,3.4,3.48,1588000,psxdata,2026-05-11T12:51:36
PIAHCLA,2020-03-27,3.4,3.65,3.22,3.45,733000,psxdata,2026-05-11T12:51:36
PIAHCLA,2020-03-30,3.45,3.5,3.25,3.46,507000,psxdata,2026-05-11T12:51:36
PIAHCLA,2020-03-31,3.47,3.65,3.37,3.63,599500,psxdata,2026-05-11T12:51:36
PIAHCLA,2020-04-01,3.57,3.7,3.51,3.68,447500,psxdata,2026-05-11T12:51:36
PIAHCLA,2020-04-02,3.65,4.15,3.65,4.1,1801500,psxdata,2026-05-11T12:51:36
PIAHCLA,2020-04-03,4.14,4.29,4.0,4.08,1403000,psxdata,2026-05-11T12:51:36
PIAHCLA,2020-04-06,4.15,4.15,3.79,3.83,1084000,psxdata,2026-05-11T12:51:36
PIAHCLA,2020-04-07,3.85,4.0,3.81,3.98,317000,psxdata,2026-05-11T12:51:36
PIAHCLA,2020-04-08,3.91,4.0,3.79,3.97,646500,psxdata,2026-05-11T12:51:36
PIAHCLA,2020-04-09,4.03,4.13,3.91,3.93,685000,psxdata,2026-05-11T12:51:36
PIAHCLA,2020-04-10,3.86,4.0,3.84,3.91,155500,psxdata,2026-05-11T12:51:36
PIAHCLA,2020-04-13,3.95,3.95,3.85,3.86,256000,psxdata,2026-05-11T12:51:36
PIAHCLA,2020-04-14,3.82,3.9,3.82,3.86,226000,psxdata,2026-05-11T12:51:36
PIAHCLA,2020-04-15,3.86,3.97,3.8,3.82,311500,psxdata,2026-05-11T12:51:36
PIAHCLA,2020-04-16,3.77,3.84,3.76,3.82,155000,psxdata,2026-05-11T12:51:36
PIAHCLA,2020-04-17,4.06,4.32,3.9,4.15,1723500,psxdata,2026-05-11T12:51:36
PIAHCLA,2020-04-20,4.15,4.22,4.01,4.04,841000,psxdata,2026-05-11T12:51:36
PIAHCLA,2020-04-21,3.96,4.03,3.85,3.9,894000,psxdata,2026-05-11T12:51:36
PIAHCLA,2020-04-22,3.85,4.1,3.85,3.97,616000,psxdata,2026-05-11T12:51:36
PIAHCLA,2020-04-23,4.0,4.08,3.95,4.03,197500,psxdata,2026-05-11T12:51:36
PIAHCLA,2020-04-24,4.07,4.09,3.94,3.97,121000,psxdata,2026-05-11T12:51:36
PIAHCLA,2020-04-27,3.76,3.92,3.76,3.9,249000,psxdata,2026-05-11T12:51:36
PIAHCLA,2020-04-29,4.0,4.12,3.94,4.0,339500,psxdata,2026-05-11T12:51:36
PIAHCLA,2020-04-30,4.1,4.25,4.0,4.15,1716500,psxdata,2026-05-11T12:51:36
PIAHCLA,2020-05-04,4.2,4.2,4.0,4.09,294000,psxdata,2026-05-11T12:51:36
PIAHCLA,2020-05-05,4.19,4.2,4.0,4.04,648000,psxdata,2026-05-11T12:51:36
PIAHCLA,2020-05-06,4.05,4.08,4.0,4.03,669500,psxdata,2026-05-11T12:51:36
PIAHCLA,2020-05-07,4.05,4.1,4.03,4.08,321500,psxdata,2026-05-11T12:51:36
PIAHCLA,2020-05-08,4.06,4.06,3.97,3.99,275500,psxdata,2026-05-11T12:51:36
PIAHCLA,2020-05-11,4.1,4.14,4.0,4.08,338000,psxdata,2026-05-11T12:51:36
PIAHCLA,2020-05-12,4.15,4.23,4.06,4.13,1110500,psxdata,2026-05-11T12:51:36
PIAHCLA,2020-05-13,4.1,4.19,4.08,4.08,373000,psxdata,2026-05-11T12:51:36
PIAHCLA,2020-05-14,4.1,4.28,4.1,4.25,1104500,psxdata,2026-05-11T12:51:36
PIAHCLA,2020-05-15,4.3,4.5,4.3,4.41,2244500,psxdata,2026-05-11T12:51:36
PIAHCLA,2020-05-18,4.55,4.56,4.3,4.32,949500,psxdata,2026-05-11T12:51:36
PIAHCLA,2020-05-19,4.66,5.06,4.66,4.83,6080000,psxdata,2026-05-11T12:51:36
PIAHCLA,2020-05-20,4.99,4.99,4.62,4.71,1934000,psxdata,2026-05-11T12:51:36
PIAHCLA,2020-05-21,4.62,4.66,4.56,4.6,730500,psxdata,2026-05-11T12:51:36
PIAHCLA,2020-05-28,4.31,4.34,4.25,4.3,1643000,psxdata,2026-05-11T12:51:36
PIAHCLA,2020-05-29,4.33,4.4,4.27,4.32,572000,psxdata,2026-05-11T12:51:36
PIAHCLA,2020-06-01,4.38,4.4,4.3,4.34,418000,psxdata,2026-05-11T12:51:36
PIAHCLA,2020-06-02,4.27,4.35,4.25,4.26,466500,psxdata,2026-05-11T12:51:36
PIAHCLA,2020-06-03,4.22,4.33,4.22,4.28,124000,psxdata,2026-05-11T12:51:36
PIAHCLA,2020-06-04,4.25,4.28,4.2,4.21,97000,psxdata,2026-05-11T12:51:36
PIAHCLA,2020-06-05,4.23,4.25,4.15,4.19,118500,psxdata,2026-05-11T12:51:36
PIAHCLA,2020-06-08,4.24,4.39,4.15,4.26,356500,psxdata,2026-05-11T12:51:36
PIAHCLA,2020-06-09,4.26,4.35,4.23,4.26,455000,psxdata,2026-05-11T12:51:36
PIAHCLA,2020-06-10,4.27,4.46,4.22,4.33,920000,psxdata,2026-05-11T12:51:36
PIAHCLA,2020-06-11,4.35,4.35,4.26,4.32,246000,psxdata,2026-05-11T12:51:36
PIAHCLA,2020-06-12,4.28,4.35,4.2,4.3,123000,psxdata,2026-05-11T12:51:36
PIAHCLA,2020-06-15,4.38,4.38,4.16,4.17,586000,psxdata,2026-05-11T12:51:36
PIAHCLA,2020-06-16,4.17,4.41,4.17,4.37,881000,psxdata,2026-05-11T12:51:36
PIAHCLA,2020-06-17,4.45,4.7,4.38,4.4,1755000,psxdata,2026-05-11T12:51:36
PIAHCLA,2020-06-18,4.52,4.52,4.25,4.39,666500,psxdata,2026-05-11T12:51:36
PIAHCLA,2020-06-19,4.44,4.44,4.3,4.35,1159000,psxdata,2026-05-11T12:51:36
PIAHCLA,2020-06-22,4.41,4.44,4.3,4.43,591500,psxdata,2026-05-11T12:51:36
PIAHCLA,2020-06-23,4.45,4.49,4.35,4.4,284000,psxdata,2026-05-11T12:51:36
PIAHCLA,2020-06-24,4.45,4.47,4.31,4.35,274000,psxdata,2026-05-11T12:51:36
PIAHCLA,2020-06-25,4.4,4.4,4.25,4.32,155500,psxdata,2026-05-11T12:51:36
PIAHCLA,2020-06-26,4.26,4.3,4.15,4.23,308000,psxdata,2026-05-11T12:51:36
PIAHCLA,2020-06-29,4.24,4.27,4.15,4.16,654000,psxdata,2026-05-11T12:51:36
PIAHCLA,2020-06-30,4.17,4.39,4.17,4.27,510500,psxdata,2026-05-11T12:51:36
PIAHCLA,2020-07-01,3.91,4.14,3.91,4.11,2289500,psxdata,2026-05-11T12:51:36
PIAHCLA,2020-07-02,4.16,4.2,4.09,4.1,674000,psxdata,2026-05-11T12:51:36
PIAHCLA,2020-07-03,4.18,4.23,4.09,4.15,449000,psxdata,2026-05-11T12:51:36
PIAHCLA,2020-07-06,4.15,4.19,4.07,4.15,719500,psxdata,2026-05-11T12:51:36
PIAHCLA,2020-07-07,4.15,4.18,4.06,4.17,676500,psxdata,2026-05-11T12:51:36
PIAHCLA,2020-07-08,4.17,4.18,4.09,4.13,562500,psxdata,2026-05-11T12:51:36
PIAHCLA,2020-07-09,4.2,4.33,4.15,4.24,1448500,psxdata,2026-05-11T12:51:36
PIAHCLA,2020-07-10,4.24,4.25,4.12,4.23,413500,psxdata,2026-05-11T12:51:36
PIAHCLA,2020-07-13,4.2,4.4,4.16,4.27,1143500,psxdata,2026-05-11T12:51:36
PIAHCLA,2020-07-14,4.35,4.35,4.2,4.26,371000,psxdata,2026-05-11T12:51:36
PIAHCLA,2020-07-15,4.3,4.53,4.25,4.35,1292500,psxdata,2026-05-11T12:51:36
PIAHCLA,2020-07-16,4.5,4.65,4.35,4.46,1319500,psxdata,2026-05-11T12:51:36
PIAHCLA,2020-07-17,4.55,4.68,4.42,4.65,2417500,psxdata,2026-05-11T12:51:36
PIAHCLA,2020-07-20,4.65,4.74,4.51,4.61,869500,psxdata,2026-05-11T12:51:36
PIAHCLA,2020-07-21,4.53,4.55,4.45,4.48,838500,psxdata,2026-05-11T12:51:36
PIAHCLA,2020-07-22,4.58,4.58,4.4,4.41,609000,psxdata,2026-05-11T12:51:36
PIAHCLA,2020-07-23,4.42,4.51,4.35,4.36,2050500,psxdata,2026-05-11T12:51:36
PIAHCLA,2020-07-24,4.35,4.48,4.3,4.31,492000,psxdata,2026-05-11T12:51:36
PIAHCLA,2020-07-27,4.32,4.49,4.26,4.28,314500,psxdata,2026-05-11T12:51:36
PIAHCLA,2020-07-28,4.3,4.39,4.29,4.33,223500,psxdata,2026-05-11T12:51:36
PIAHCLA,2020-07-29,4.29,4.39,4.29,4.31,1044500,psxdata,2026-05-11T12:51:36
PIAHCLA,2020-07-30,4.3,4.4,4.29,4.32,521000,psxdata,2026-05-11T12:51:36
PIAHCLA,2020-08-03,4.49,4.5,4.33,4.4,1044500,psxdata,2026-05-11T12:51:36
PIAHCLA,2020-08-04,4.46,4.51,4.35,4.38,1091500,psxdata,2026-05-11T12:51:36
PIAHCLA,2020-08-05,4.4,4.51,4.35,4.41,743500,psxdata,2026-05-11T12:51:36
PIAHCLA,2020-08-06,4.41,4.44,4.3,4.37,1066500,psxdata,2026-05-11T12:51:36
PIAHCLA,2020-08-07,4.31,4.49,4.31,4.41,1101500,psxdata,2026-05-11T12:51:36
PIAHCLA,2020-08-10,4.49,4.5,4.41,4.48,533500,psxdata,2026-05-11T12:51:36
PIAHCLA,2020-08-11,4.5,4.74,4.5,4.62,2248000,psxdata,2026-05-11T12:51:36
PIAHCLA,2020-08-12,4.6,5.0,4.6,4.79,5437000,psxdata,2026-05-11T12:51:36
PIAHCLA,2020-08-13,4.85,4.99,4.75,4.89,2119000,psxdata,2026-05-11T12:51:36
PIAHCLA,2020-08-17,4.92,4.99,4.81,4.85,1057500,psxdata,2026-05-11T12:51:36
PIAHCLA,2020-08-18,4.82,4.93,4.72,4.76,677000,psxdata,2026-05-11T12:51:36
PIAHCLA,2020-08-19,4.84,4.85,4.7,4.71,317500,psxdata,2026-05-11T12:51:36
PIAHCLA,2020-08-20,4.75,4.84,4.62,4.66,328500,psxdata,2026-05-11T12:51:36
PIAHCLA,2020-08-21,4.7,4.8,4.62,4.69,887500,psxdata,2026-05-11T12:51:36
PIAHCLA,2020-08-24,4.83,4.88,4.7,4.75,505500,psxdata,2026-05-11T12:51:36
PIAHCLA,2020-08-25,4.87,4.87,4.7,4.72,1218500,psxdata,2026-05-11T12:51:36
PIAHCLA,2020-08-26,4.79,4.8,4.66,4.7,551000,psxdata,2026-05-11T12:51:36
PIAHCLA,2020-08-27,4.79,4.85,4.7,4.76,1530500,psxdata,2026-05-11T12:51:36
PIAHCLA,2020-08-28,4.8,4.86,4.71,4.83,286500,psxdata,2026-05-11T12:51:36
PIAHCLA,2020-08-31,4.88,4.9,4.77,4.8,589500,psxdata,2026-05-11T12:51:36
PIAHCLA,2020-09-01,4.8,4.84,4.61,4.8,643000,psxdata,2026-05-11T12:51:36
PIAHCLA,2020-09-02,4.86,5.24,4.84,5.16,8869000,psxdata,2026-05-11T12:51:36
PIAHCLA,2020-09-03,5.17,5.37,5.12,5.15,4603000,psxdata,2026-05-11T12:51:36
PIAHCLA,2020-09-04,5.16,5.25,5.0,5.14,4919500,psxdata,2026-05-11T12:51:36
PIAHCLA,2020-09-07,5.17,5.24,5.1,5.13,2709000,psxdata,2026-05-11T12:51:36
PIAHCLA,2020-09-08,5.2,5.51,5.1,5.21,5928500,psxdata,2026-05-11T12:51:36
PIAHCLA,2020-09-09,5.17,5.82,5.15,5.55,7070000,psxdata,2026-05-11T12:51:36
PIAHCLA,2020-09-10,5.6,5.77,5.36,5.45,4684500,psxdata,2026-05-11T12:51:36
PIAHCLA,2020-09-11,5.5,5.5,5.31,5.38,979000,psxdata,2026-05-11T12:51:36
PIAHCLA,2020-09-14,5.5,5.5,5.3,5.36,696500,psxdata,2026-05-11T12:51:36
PIAHCLA,2020-09-15,5.4,5.45,5.16,5.23,819000,psxdata,2026-05-11T12:51:36
PIAHCLA,2020-09-16,5.3,5.34,5.18,5.21,592500,psxdata,2026-05-11T12:51:36
PIAHCLA,2020-09-17,5.24,5.27,5.1,5.12,508500,psxdata,2026-05-11T12:51:36
PIAHCLA,2020-09-18,5.14,5.49,5.14,5.31,2520500,psxdata,2026-05-11T12:51:36
PIAHCLA,2020-09-21,5.35,5.36,5.15,5.2,2243500,psxdata,2026-05-11T12:51:36
PIAHCLA,2020-09-22,5.2,5.2,5.03,5.12,865500,psxdata,2026-05-11T12:51:36
PIAHCLA,2020-09-23,5.15,5.16,5.07,5.12,181500,psxdata,2026-05-11T12:51:36
PIAHCLA,2020-09-24,5.12,5.12,4.95,5.0,797500,psxdata,2026-05-11T12:51:36
PIAHCLA,2020-09-25,4.96,5.1,4.9,5.02,765500,psxdata,2026-05-11T12:51:36
PIAHCLA,2020-09-28,5.05,5.09,4.65,4.75,1303500,psxdata,2026-05-11T12:51:36
PIAHCLA,2020-09-29,4.81,4.9,4.75,4.88,781500,psxdata,2026-05-11T12:51:36
PIAHCLA,2020-09-30,4.98,4.98,4.75,4.78,536500,psxdata,2026-05-11T12:51:36
PIAHCLA,2020-10-01,4.83,4.83,4.6,4.7,533500,psxdata,2026-05-11T12:51:36
PIAHCLA,2020-10-02,4.61,4.76,4.5,4.54,507000,psxdata,2026-05-11T12:51:36
PIAHCLA,2020-10-05,4.57,4.57,4.25,4.27,1271000,psxdata,2026-05-11T12:51:36
PIAHCLA,2020-10-06,4.4,4.44,4.19,4.4,371000,psxdata,2026-05-11T12:51:36
PIAHCLA,2020-10-07,4.46,4.87,4.46,4.73,2118000,psxdata,2026-05-11T12:51:36
PIAHCLA,2020-10-08,4.88,4.88,4.6,4.68,466500,psxdata,2026-05-11T12:51:36
PIAHCLA,2020-10-09,4.85,4.94,4.73,4.83,1209000,psxdata,2026-05-11T12:51:36
PIAHCLA,2020-10-12,4.92,4.94,4.68,4.74,420000,psxdata,2026-05-11T12:51:36
PIAHCLA,2020-10-13,4.68,4.68,4.51,4.56,797000,psxdata,2026-05-11T12:51:36
PIAHCLA,2020-10-14,4.74,4.74,4.54,4.62,135000,psxdata,2026-05-11T12:51:36
PIAHCLA,2020-10-15,4.65,4.69,4.63,4.65,207500,psxdata,2026-05-11T12:51:36
PIAHCLA,2020-10-16,4.65,4.68,4.5,4.59,501500,psxdata,2026-05-11T12:51:36
PIAHCLA,2020-10-19,4.62,4.66,4.52,4.6,341500,psxdata,2026-05-11T12:51:36
PIAHCLA,2020-10-20,4.62,4.74,4.61,4.7,448000,psxdata,2026-05-11T12:51:36
PIAHCLA,2020-10-21,4.69,4.75,4.62,4.71,431000,psxdata,2026-05-11T12:51:36
PIAHCLA,2020-10-22,4.7,4.71,4.58,4.59,459000,psxdata,2026-05-11T12:51:36
PIAHCLA,2020-10-23,4.69,4.73,4.6,4.62,222000,psxdata,2026-05-11T12:51:36
PIAHCLA,2020-10-26,4.75,4.75,4.65,4.7,252500,psxdata,2026-05-11T12:51:36
PIAHCLA,2020-10-27,4.65,4.67,4.62,4.63,140500,psxdata,2026-05-11T12:51:36
PIAHCLA,2020-10-28,4.67,4.75,4.52,4.56,385500,psxdata,2026-05-11T12:51:36
PIAHCLA,2020-10-29,4.55,4.6,4.34,4.38,771500,psxdata,2026-05-11T12:51:36
PIAHCLA,2020-11-02,4.27,4.3,4.21,4.28,382000,psxdata,2026-05-11T12:51:36
PIAHCLA,2020-11-03,4.37,4.48,4.37,4.47,444000,psxdata,2026-05-11T12:51:36
PIAHCLA,2020-11-04,4.54,4.56,4.4,4.41,394500,psxdata,2026-05-11T12:51:36
PIAHCLA,2020-11-05,4.47,4.68,4.36,4.64,653000,psxdata,2026-05-11T12:51:36
PIAHCLA,2020-11-06,4.5,4.64,4.48,4.54,226500,psxdata,2026-05-11T12:51:36
PIAHCLA,2020-11-09,4.55,4.55,4.36,4.41,575500,psxdata,2026-05-11T12:51:36
PIAHCLA,2020-11-10,4.6,4.8,4.5,4.51,1084000,psxdata,2026-05-11T12:51:36
PIAHCLA,2020-11-11,4.47,4.69,4.47,4.57,196000,psxdata,2026-05-11T12:51:36
PIAHCLA,2020-11-12,4.58,4.58,4.39,4.42,161500,psxdata,2026-05-11T12:51:36
PIAHCLA,2020-11-13,4.49,4.55,4.43,4.48,124500,psxdata,2026-05-11T12:51:36
PIAHCLA,2020-11-16,4.46,4.5,4.38,4.41,119000,psxdata,2026-05-11T12:51:36
PIAHCLA,2020-11-17,4.49,4.5,4.35,4.38,166000,psxdata,2026-05-11T12:51:36
PIAHCLA,2020-11-18,4.4,4.5,4.37,4.4,101500,psxdata,2026-05-11T12:51:36
PIAHCLA,2020-11-19,4.48,4.48,4.36,4.42,36500,psxdata,2026-05-11T12:51:36
PIAHCLA,2020-11-20,4.47,4.48,4.4,4.45,141000,psxdata,2026-05-11T12:51:36
PIAHCLA,2020-11-23,4.45,4.45,4.25,4.3,164000,psxdata,2026-05-11T12:51:36
PIAHCLA,2020-11-24,4.42,4.45,4.29,4.35,307000,psxdata,2026-05-11T12:51:36
PIAHCLA,2020-11-25,4.4,4.55,4.33,4.5,540500,psxdata,2026-05-11T12:51:36
PIAHCLA,2020-11-26,4.55,4.59,4.41,4.42,388000,psxdata,2026-05-11T12:51:36
PIAHCLA,2020-11-27,4.48,4.55,4.4,4.43,582000,psxdata,2026-05-11T12:51:36
PIAHCLA,2020-11-30,4.41,4.48,4.4,4.42,240500,psxdata,2026-05-11T12:51:36
PIAHCLA,2020-12-01,4.36,4.53,4.36,4.45,558000,psxdata,2026-05-11T12:51:36
PIAHCLA,2020-12-02,4.45,4.53,4.4,4.44,651500,psxdata,2026-05-11T12:51:36
PIAHCLA,2020-12-03,4.44,4.79,4.44,4.52,2923000,psxdata,2026-05-11T12:51:36
PIAHCLA,2020-12-04,4.64,4.66,4.47,4.5,494000,psxdata,2026-05-11T12:51:36
PIAHCLA,2020-12-07,4.52,4.55,4.45,4.48,639500,psxdata,2026-05-11T12:51:36
PIAHCLA,2020-12-08,4.43,4.48,4.4,4.42,299000,psxdata,2026-05-11T12:51:36
PIAHCLA,2020-12-09,4.42,4.53,4.42,4.46,355500,psxdata,2026-05-11T12:51:36
PIAHCLA,2020-12-10,4.46,4.55,4.42,4.45,443500,psxdata,2026-05-11T12:51:36
PIAHCLA,2020-12-11,4.5,4.51,4.4,4.42,187500,psxdata,2026-05-11T12:51:36
PIAHCLA,2020-12-14,4.43,4.65,4.41,4.55,582000,psxdata,2026-05-11T12:51:36
PIAHCLA,2020-12-15,4.52,4.62,4.5,4.53,579000,psxdata,2026-05-11T12:51:36
PIAHCLA,2020-12-16,4.6,4.72,4.51,4.55,1269000,psxdata,2026-05-11T12:51:36
PIAHCLA,2020-12-17,4.6,4.62,4.53,4.59,548000,psxdata,2026-05-11T12:51:36
PIAHCLA,2020-12-18,4.65,4.89,4.64,4.79,2183500,psxdata,2026-05-11T12:51:36
PIAHCLA,2020-12-21,4.84,5.43,4.84,5.2,12382000,psxdata,2026-05-11T12:51:36
PIAHCLA,2020-12-22,5.3,5.4,4.85,4.91,4878500,psxdata,2026-05-11T12:51:36
PIAHCLA,2020-12-23,4.99,4.99,4.8,4.83,1064500,psxdata,2026-05-11T12:51:36
PIAHCLA,2020-12-24,4.9,4.94,4.8,4.81,834500,psxdata,2026-05-11T12:51:36
PIAHCLA,2020-12-28,4.84,4.89,4.51,4.77,790000,psxdata,2026-05-11T12:51:36
PIAHCLA,2020-12-29,4.72,4.88,4.68,4.7,749500,psxdata,2026-05-11T12:51:36
PIAHCLA,2020-12-30,4.7,4.8,4.62,4.65,882000,psxdata,2026-05-11T12:51:36
PIAHCLA,2020-12-31,4.8,4.86,4.65,4.73,1290500,psxdata,2026-05-11T12:51:36
PIAHCLA,2021-01-01,4.74,4.83,4.7,4.75,800000,psxdata,2026-05-11T12:51:36
PIAHCLA,2021-01-04,4.79,5.05,4.79,4.86,1750000,psxdata,2026-05-11T12:51:36
PIAHCLA,2021-01-05,4.9,4.95,4.8,4.81,611500,psxdata,2026-05-11T12:51:36
PIAHCLA,2021-01-06,4.9,4.9,4.79,4.8,370500,psxdata,2026-05-11T12:51:36
PIAHCLA,2021-01-07,4.8,4.89,4.75,4.85,518000,psxdata,2026-05-11T12:51:36
PIAHCLA,2021-01-08,4.75,4.85,4.71,4.81,543500,psxdata,2026-05-11T12:51:36
PIAHCLA,2021-01-11,4.9,4.9,4.78,4.83,295500,psxdata,2026-05-11T12:51:36
PIAHCLA,2021-01-12,4.83,4.99,4.8,4.88,1894500,psxdata,2026-05-11T12:51:36
PIAHCLA,2021-01-13,4.97,4.98,4.86,4.89,630500,psxdata,2026-05-11T12:51:36
PIAHCLA,2021-01-14,4.82,5.2,4.82,4.99,1842500,psxdata,2026-05-11T12:51:36
PIAHCLA,2021-01-15,5.0,5.13,4.8,4.87,1261000,psxdata,2026-05-11T12:51:36
PIAHCLA,2021-01-18,4.87,4.87,4.75,4.78,824500,psxdata,2026-05-11T12:51:36
PIAHCLA,2021-01-19,4.78,4.8,4.7,4.74,940000,psxdata,2026-05-11T12:51:36
PIAHCLA,2021-01-20,4.77,4.8,4.7,4.7,202500,psxdata,2026-05-11T12:51:36
PIAHCLA,2021-01-21,4.7,4.79,4.68,4.69,493000,psxdata,2026-05-11T12:51:36
PIAHCLA,2021-01-22,4.7,4.79,4.6,4.65,957500,psxdata,2026-05-11T12:51:36
PIAHCLA,2021-01-25,4.7,4.85,4.7,4.72,693500,psxdata,2026-05-11T12:51:36
PIAHCLA,2021-01-26,4.65,4.87,4.63,4.81,819000,psxdata,2026-05-11T12:51:36
PIAHCLA,2021-01-27,4.84,4.84,4.7,4.76,804000,psxdata,2026-05-11T12:51:36
PIAHCLA,2021-01-28,4.75,4.85,4.66,4.67,436500,psxdata,2026-05-11T12:51:36
PIAHCLA,2021-01-29,4.67,4.9,4.67,4.76,1349000,psxdata,2026-05-11T12:51:36
PIAHCLA,2021-02-01,4.8,4.83,4.65,4.68,662500,psxdata,2026-05-11T12:51:36
PIAHCLA,2021-02-02,4.7,4.75,4.65,4.66,536000,psxdata,2026-05-11T12:51:36
PIAHCLA,2021-02-03,4.66,4.76,4.6,4.65,613500,psxdata,2026-05-11T12:51:36
PIAHCLA,2021-02-04,4.75,4.75,4.59,4.67,591000,psxdata,2026-05-11T12:51:36
PIAHCLA,2021-02-08,4.6,4.63,4.55,4.6,542000,psxdata,2026-05-11T12:51:36
PIAHCLA,2021-02-09,4.6,4.7,4.55,4.63,842000,psxdata,2026-05-11T12:51:36
PIAHCLA,2021-02-10,4.58,4.9,4.58,4.71,4377500,psxdata,2026-05-11T12:51:36
PIAHCLA,2021-02-11,4.73,4.8,4.55,4.59,1365000,psxdata,2026-05-11T12:51:36
PIAHCLA,2021-02-12,4.65,4.69,4.5,4.51,643500,psxdata,2026-05-11T12:51:36
PIAHCLA,2021-02-15,4.65,4.68,4.53,4.56,494000,psxdata,2026-05-11T12:51:36
PIAHCLA,2021-02-16,4.67,4.67,4.56,4.6,605500,psxdata,2026-05-11T12:51:36
PIAHCLA,2021-02-17,4.71,4.74,4.53,4.56,1721000,psxdata,2026-05-11T12:51:36
PIAHCLA,2021-02-18,4.68,4.68,4.45,4.49,1120000,psxdata,2026-05-11T12:51:36
PIAHCLA,2021-02-19,4.55,5.09,4.48,4.95,8272000,psxdata,2026-05-11T12:51:36
PIAHCLA,2021-02-22,5.09,5.22,4.95,5.08,9441500,psxdata,2026-05-11T12:51:36
PIAHCLA,2021-02-23,5.18,5.28,5.0,5.11,5256500,psxdata,2026-05-11T12:51:36
PIAHCLA,2021-02-24,5.1,5.19,4.81,4.85,2123500,psxdata,2026-05-11T12:51:36
PIAHCLA,2021-02-25,4.98,4.99,4.82,4.84,387000,psxdata,2026-05-11T12:51:36
PIAHCLA,2021-02-26,4.81,4.91,4.75,4.81,297000,psxdata,2026-05-11T12:51:36
PIAHCLA,2021-03-01,4.8,4.8,4.65,4.67,820000,psxdata,2026-05-11T12:51:36
PIAHCLA,2021-03-02,4.63,4.77,4.61,4.7,316000,psxdata,2026-05-11T12:51:36
PIAHCLA,2021-03-03,4.7,4.76,4.69,4.75,234000,psxdata,2026-05-11T12:51:36
PIAHCLA,2021-03-04,4.61,4.72,4.61,4.62,381500,psxdata,2026-05-11T12:51:36
PIAHCLA,2021-03-05,4.74,4.74,4.56,4.61,398000,psxdata,2026-05-11T12:51:36
PIAHCLA,2021-03-08,4.72,4.76,4.46,4.51,1011000,psxdata,2026-05-11T12:51:36
PIAHCLA,2021-03-09,4.55,4.59,4.35,4.45,559000,psxdata,2026-05-11T12:51:36
PIAHCLA,2021-03-10,4.5,4.58,4.4,4.44,413000,psxdata,2026-05-11T12:51:36
PIAHCLA,2021-03-11,4.5,4.5,4.06,4.19,581000,psxdata,2026-05-11T12:51:36
PIAHCLA,2021-03-12,4.24,4.4,4.13,4.32,714500,psxdata,2026-05-11T12:51:36
PIAHCLA,2021-03-15,4.42,4.51,4.4,4.5,373500,psxdata,2026-05-11T12:51:36
PIAHCLA,2021-03-16,4.45,4.5,4.38,4.4,356000,psxdata,2026-05-11T12:51:36
PIAHCLA,2021-03-17,4.45,4.56,4.4,4.49,280000,psxdata,2026-05-11T12:51:36
PIAHCLA,2021-03-18,4.51,4.56,4.42,4.44,500000,psxdata,2026-05-11T12:51:36
PIAHCLA,2021-03-19,4.44,4.55,4.4,4.49,270500,psxdata,2026-05-11T12:51:36
PIAHCLA,2021-03-22,4.49,4.57,4.47,4.47,415000,psxdata,2026-05-11T12:51:36
PIAHCLA,2021-03-24,4.58,4.58,4.47,4.5,92500,psxdata,2026-05-11T12:51:36
PIAHCLA,2021-03-25,4.46,4.54,4.46,4.5,179000,psxdata,2026-05-11T12:51:36
PIAHCLA,2021-03-26,4.5,4.5,4.4,4.43,241000,psxdata,2026-05-11T12:51:36
PIAHCLA,2021-03-29,4.4,4.42,4.29,4.31,354500,psxdata,2026-05-11T12:51:36
PIAHCLA,2021-03-30,4.28,4.35,4.22,4.26,476000,psxdata,2026-05-11T12:51:36
PIAHCLA,2021-03-31,4.4,4.4,4.26,4.34,136000,psxdata,2026-05-11T12:51:36
PIAHCLA,2021-04-01,4.39,4.39,4.2,4.22,313500,psxdata,2026-05-11T12:51:36
PIAHCLA,2021-04-02,4.23,4.32,4.18,4.23,197500,psxdata,2026-05-11T12:51:36
PIAHCLA,2021-04-05,4.36,4.36,4.18,4.2,367000,psxdata,2026-05-11T12:51:36
PIAHCLA,2021-04-06,4.34,4.34,4.2,4.22,120000,psxdata,2026-05-11T12:51:36
PIAHCLA,2021-04-07,4.26,4.4,4.21,4.33,372500,psxdata,2026-05-11T12:51:36
PIAHCLA,2021-04-08,4.47,4.51,4.38,4.44,841000,psxdata,2026-05-11T12:51:36
PIAHCLA,2021-04-09,4.48,4.48,4.33,4.39,107500,psxdata,2026-05-11T12:51:36
PIAHCLA,2021-04-12,4.43,4.75,4.4,4.57,2087000,psxdata,2026-05-11T12:51:36
PIAHCLA,2021-04-13,4.57,4.84,4.57,4.78,2626000,psxdata,2026-05-11T12:51:36
PIAHCLA,2021-04-14,4.8,4.94,4.55,4.59,2463500,psxdata,2026-05-11T12:51:36
PIAHCLA,2021-04-15,4.69,4.69,4.53,4.55,414500,psxdata,2026-05-11T12:51:36
PIAHCLA,2021-04-16,4.65,4.69,4.48,4.5,370000,psxdata,2026-05-11T12:51:36
PIAHCLA,2021-04-19,4.46,4.57,4.36,4.49,317500,psxdata,2026-05-11T12:51:36
PIAHCLA,2021-04-20,4.5,4.55,4.39,4.43,419000,psxdata,2026-05-11T12:51:36
PIAHCLA,2021-04-21,4.5,4.58,4.46,4.49,263500,psxdata,2026-05-11T12:51:36
PIAHCLA,2021-04-22,4.5,4.55,4.38,4.38,378500,psxdata,2026-05-11T12:51:36
PIAHCLA,2021-04-23,4.45,4.45,4.29,4.32,287000,psxdata,2026-05-11T12:51:36
PIAHCLA,2021-04-26,4.35,4.46,4.25,4.3,381500,psxdata,2026-05-11T12:51:36
PIAHCLA,2021-04-27,4.35,4.35,4.22,4.25,254500,psxdata,2026-05-11T12:51:36
PIAHCLA,2021-04-28,4.42,4.48,4.27,4.3,359500,psxdata,2026-05-11T12:51:36
PIAHCLA,2021-04-29,4.3,4.48,4.2,4.24,125000,psxdata,2026-05-11T12:51:36
PIAHCLA,2021-04-30,4.24,4.3,4.21,4.27,72000,psxdata,2026-05-11T12:51:36
PIAHCLA,2021-05-03,4.18,4.42,4.1,4.16,234000,psxdata,2026-05-11T12:51:36
PIAHCLA,2021-05-04,4.19,4.35,4.14,4.16,267000,psxdata,2026-05-11T12:51:36
PIAHCLA,2021-05-05,4.2,4.2,4.15,4.16,283000,psxdata,2026-05-11T12:51:36
PIAHCLA,2021-05-06,4.15,4.2,4.09,4.11,493500,psxdata,2026-05-11T12:51:36
PIAHCLA,2021-05-17,4.12,4.2,4.11,4.12,840500,psxdata,2026-05-11T12:51:36
PIAHCLA,2021-05-18,4.12,4.32,4.08,4.28,2717000,psxdata,2026-05-11T12:51:36
PIAHCLA,2021-05-19,4.35,4.5,4.3,4.42,1442500,psxdata,2026-05-11T12:51:36
PIAHCLA,2021-05-20,4.48,4.48,4.28,4.31,854500,psxdata,2026-05-11T12:51:36
PIAHCLA,2021-05-21,4.42,4.55,4.3,4.4,1564000,psxdata,2026-05-11T12:51:36
PIAHCLA,2021-05-24,4.49,4.51,4.4,4.42,556000,psxdata,2026-05-11T12:51:36
PIAHCLA,2021-05-25,4.49,4.5,4.36,4.38,676000,psxdata,2026-05-11T12:51:36
PIAHCLA,2021-05-26,5.38,5.38,5.1,5.35,36528500,psxdata,2026-05-11T12:51:36
PIAHCLA,2021-05-27,5.35,5.35,4.79,4.82,13145000,psxdata,2026-05-11T12:51:36
PIAHCLA,2021-05-28,4.75,4.93,4.7,4.84,2773500,psxdata,2026-05-11T12:51:36
PIAHCLA,2021-05-31,4.9,5.14,4.77,4.96,7791500,psxdata,2026-05-11T12:51:36
PIAHCLA,2021-06-01,5.08,5.31,5.02,5.26,10503000,psxdata,2026-05-11T12:51:36
PIAHCLA,2021-06-02,5.44,5.52,5.21,5.28,8571000,psxdata,2026-05-11T12:51:36
PIAHCLA,2021-06-03,5.38,5.48,5.18,5.21,5927500,psxdata,2026-05-11T12:51:36
PIAHCLA,2021-06-04,5.3,5.3,5.12,5.16,1629500,psxdata,2026-05-11T12:51:36
PIAHCLA,2021-06-07,5.14,5.21,5.0,5.02,3346000,psxdata,2026-05-11T12:51:36
PIAHCLA,2021-06-08,5.15,5.15,4.99,5.05,1374500,psxdata,2026-05-11T12:51:36
PIAHCLA,2021-06-09,5.06,5.13,4.85,4.91,1440000,psxdata,2026-05-11T12:51:36
PIAHCLA,2021-06-10,4.9,5.43,4.9,5.33,10660500,psxdata,2026-05-11T12:51:36
PIAHCLA,2021-06-11,5.41,6.33,5.25,6.25,41349000,psxdata,2026-05-11T12:51:36
PIAHCLA,2021-06-14,6.56,6.58,5.96,6.08,17304000,psxdata,2026-05-11T12:51:36
PIAHCLA,2021-06-15,6.01,6.27,5.85,5.92,7194500,psxdata,2026-05-11T12:51:36
PIAHCLA,2021-06-16,6.0,6.09,5.76,5.8,3084500,psxdata,2026-05-11T12:51:36
PIAHCLA,2021-06-17,5.99,6.63,5.99,6.13,23452000,psxdata,2026-05-11T12:51:36
PIAHCLA,2021-06-18,6.2,6.4,5.93,6.13,5543500,psxdata,2026-05-11T12:51:36
PIAHCLA,2021-06-21,6.15,6.45,6.09,6.24,4333500,psxdata,2026-05-11T12:51:36
PIAHCLA,2021-06-22,6.23,6.45,5.91,6.03,3394000,psxdata,2026-05-11T12:51:36
PIAHCLA,2021-06-23,6.01,6.15,5.89,5.91,1248500,psxdata,2026-05-11T12:51:36
PIAHCLA,2021-06-24,6.09,6.25,5.81,5.89,3004500,psxdata,2026-05-11T12:51:36
PIAHCLA,2021-06-25,6.05,6.13,5.72,5.76,3203000,psxdata,2026-05-11T12:51:36
PIAHCLA,2021-06-28,5.8,5.9,5.54,5.56,1645500,psxdata,2026-05-11T12:51:36
PIAHCLA,2021-06-29,5.52,5.8,5.52,5.71,1178000,psxdata,2026-05-11T12:51:36
PIAHCLA,2021-06-30,5.71,5.85,5.66,5.75,1028000,psxdata,2026-05-11T12:51:36
PIAHCLA,2021-07-01,5.75,6.0,5.75,5.94,2839000,psxdata,2026-05-11T12:51:36
PIAHCLA,2021-07-02,5.86,6.35,5.86,6.11,9881000,psxdata,2026-05-11T12:51:36
PIAHCLA,2021-07-05,6.15,6.7,6.05,6.3,13329500,psxdata,2026-05-11T12:51:36
PIAHCLA,2021-07-06,6.31,6.87,6.28,6.38,25168500,psxdata,2026-05-11T12:51:36
PIAHCLA,2021-07-07,6.5,6.65,6.31,6.36,5737500,psxdata,2026-05-11T12:51:36
PIAHCLA,2021-07-08,6.49,6.6,6.39,6.47,3319500,psxdata,2026-05-11T12:51:36
PIAHCLA,2021-07-09,6.49,6.7,6.29,6.34,7058500,psxdata,2026-05-11T12:51:36
PIAHCLA,2021-07-12,6.42,6.59,6.22,6.3,4094000,psxdata,2026-05-11T12:51:36
PIAHCLA,2021-07-13,6.38,6.4,6.05,6.1,1578000,psxdata,2026-05-11T12:51:36
PIAHCLA,2021-07-14,6.1,6.2,5.88,6.0,4863000,psxdata,2026-05-11T12:51:36
PIAHCLA,2021-07-15,6.01,6.17,5.92,5.96,1487500,psxdata,2026-05-11T12:51:36
PIAHCLA,2021-07-16,6.07,6.08,5.9,5.93,977500,psxdata,2026-05-11T12:51:36
PIAHCLA,2021-07-19,5.95,5.95,5.83,5.91,948500,psxdata,2026-05-11T12:51:36
PIAHCLA,2021-07-23,6.0,6.0,5.77,5.81,547000,psxdata,2026-05-11T12:51:36
PIAHCLA,2021-07-26,5.97,5.97,5.8,5.81,663000,psxdata,2026-05-11T12:51:36
PIAHCLA,2021-07-27,5.9,5.92,5.6,5.66,1126000,psxdata,2026-05-11T12:51:36
PIAHCLA,2021-07-29,5.45,5.45,5.2,5.23,2333500,psxdata,2026-05-11T12:51:36
PIAHCLA,2021-07-30,5.3,5.4,5.0,5.18,899000,psxdata,2026-05-11T12:51:36
PIAHCLA,2021-08-02,5.32,5.35,5.14,5.31,848000,psxdata,2026-05-11T12:51:36
PIAHCLA,2021-08-03,5.25,5.49,5.25,5.39,748500,psxdata,2026-05-11T12:51:36
PIAHCLA,2021-08-04,5.4,5.66,5.25,5.51,2033500,psxdata,2026-05-11T12:51:36
PIAHCLA,2021-08-05,5.62,5.84,5.46,5.68,2408000,psxdata,2026-05-11T12:51:36
PIAHCLA,2021-08-06,5.75,5.82,5.54,5.59,691500,psxdata,2026-05-11T12:51:36
PIAHCLA,2021-08-09,5.6,5.6,5.35,5.37,453500,psxdata,2026-05-11T12:51:36
PIAHCLA,2021-08-10,5.4,5.47,5.25,5.39,405000,psxdata,2026-05-11T12:51:36
PIAHCLA,2021-08-11,5.39,5.6,5.35,5.35,690000,psxdata,2026-05-11T12:51:36
PIAHCLA,2021-08-12,5.49,5.55,5.27,5.3,877500,psxdata,2026-05-11T12:51:36
PIAHCLA,2021-08-13,5.25,5.5,5.23,5.33,870500,psxdata,2026-05-11T12:51:36
PIAHCLA,2021-08-16,5.5,5.5,5.11,5.16,471500,psxdata,2026-05-11T12:51:36
PIAHCLA,2021-08-17,5.3,5.35,5.16,5.19,813500,psxdata,2026-05-11T12:51:36
PIAHCLA,2021-08-20,5.2,5.42,5.2,5.32,346500,psxdata,2026-05-11T12:51:36
PIAHCLA,2021-08-23,5.42,5.5,5.3,5.32,387500,psxdata,2026-05-11T12:51:36
PIAHCLA,2021-08-24,5.26,5.5,5.26,5.34,964000,psxdata,2026-05-11T12:51:36
PIAHCLA,2021-08-25,5.46,5.75,5.45,5.59,3926000,psxdata,2026-05-11T12:51:36
PIAHCLA,2021-08-26,5.69,5.69,5.44,5.47,961000,psxdata,2026-05-11T12:51:36
PIAHCLA,2021-08-27,5.55,5.6,5.32,5.38,666000,psxdata,2026-05-11T12:51:36
PIAHCLA,2021-08-30,5.48,5.73,5.31,5.39,2880000,psxdata,2026-05-11T12:51:36
PIAHCLA,2021-08-31,5.48,5.5,5.36,5.39,679000,psxdata,2026-05-11T12:51:36
PIAHCLA,2021-09-01,5.39,5.52,5.33,5.42,1503500,psxdata,2026-05-11T12:51:36
PIAHCLA,2021-09-02,5.49,5.49,5.36,5.4,1056500,psxdata,2026-05-11T12:51:36
PIAHCLA,2021-09-03,5.4,5.8,5.35,5.49,7181500,psxdata,2026-05-11T12:51:36
PIAHCLA,2021-09-06,5.65,5.65,5.45,5.5,2098500,psxdata,2026-05-11T12:51:36
PIAHCLA,2021-09-07,5.6,6.21,5.43,5.87,29776500,psxdata,2026-05-11T12:51:36
PIAHCLA,2021-09-08,6.08,6.22,5.6,5.72,31886000,psxdata,2026-05-11T12:51:36
PIAHCLA,2021-09-09,5.69,5.85,5.52,5.59,4846000,psxdata,2026-05-11T12:51:36
PIAHCLA,2021-09-10,5.68,5.68,5.45,5.48,1204000,psxdata,2026-05-11T12:51:36
PIAHCLA,2021-09-13,5.45,5.65,5.4,5.45,2752500,psxdata,2026-05-11T12:51:36
PIAHCLA,2021-09-14,5.45,5.49,5.16,5.28,1903000,psxdata,2026-05-11T12:51:36
PIAHCLA,2021-09-15,5.28,5.4,5.17,5.28,1007500,psxdata,2026-05-11T12:51:36
PIAHCLA,2021-09-16,5.28,5.65,5.26,5.3,1952000,psxdata,2026-05-11T12:51:36
PIAHCLA,2021-09-17,5.4,5.54,5.27,5.3,2717500,psxdata,2026-05-11T12:51:36
PIAHCLA,2021-09-20,5.44,5.44,5.15,5.18,1002500,psxdata,2026-05-11T12:51:36
PIAHCLA,2021-09-21,5.29,5.34,4.95,4.99,1566500,psxdata,2026-05-11T12:51:36
PIAHCLA,2021-09-22,5.0,5.0,4.55,4.79,3053000,psxdata,2026-05-11T12:51:36
PIAHCLA,2021-09-23,4.85,4.88,4.1,4.38,3200000,psxdata,2026-05-11T12:51:36
PIAHCLA,2021-09-24,4.41,4.5,4.2,4.24,1888500,psxdata,2026-05-11T12:51:36
PIAHCLA,2021-09-27,4.28,4.39,4.2,4.28,1397000,psxdata,2026-05-11T12:51:36
PIAHCLA,2021-09-28,4.35,4.65,4.35,4.57,1275500,psxdata,2026-05-11T12:51:36
PIAHCLA,2021-09-29,4.57,4.6,4.3,4.34,560000,psxdata,2026-05-11T12:51:36
PIAHCLA,2021-09-30,4.34,4.46,4.21,4.31,1816000,psxdata,2026-05-11T12:51:36
PIAHCLA,2021-10-01,4.35,4.57,4.32,4.48,731500,psxdata,2026-05-11T12:51:36
PIAHCLA,2021-10-04,4.41,4.48,4.35,4.43,725000,psxdata,2026-05-11T12:51:36
PIAHCLA,2021-10-05,4.45,4.53,4.42,4.44,675500,psxdata,2026-05-11T12:51:36
PIAHCLA,2021-10-06,4.4,4.44,4.35,4.37,430000,psxdata,2026-05-11T12:51:36
PIAHCLA,2021-10-07,4.49,4.53,4.32,4.49,897500,psxdata,2026-05-11T12:51:36
PIAHCLA,2021-10-08,4.44,4.5,4.38,4.41,295500,psxdata,2026-05-11T12:51:36
PIAHCLA,2021-10-11,4.4,4.4,4.2,4.22,599000,psxdata,2026-05-11T12:51:36
PIAHCLA,2021-10-12,4.13,4.27,4.0,4.24,633500,psxdata,2026-05-11T12:51:36
PIAHCLA,2021-10-13,4.24,4.28,4.0,4.03,813000,psxdata,2026-05-11T12:51:36
PIAHCLA,2021-10-14,4.19,4.37,4.13,4.3,752000,psxdata,2026-05-11T12:51:36
PIAHCLA,2021-10-15,4.25,4.44,4.25,4.33,440000,psxdata,2026-05-11T12:51:36
PIAHCLA,2021-10-18,4.47,4.47,4.2,4.23,420000,psxdata,2026-05-11T12:51:36
PIAHCLA,2021-10-20,4.34,4.45,4.28,4.36,470500,psxdata,2026-05-11T12:51:36
PIAHCLA,2021-10-21,4.36,4.36,4.24,4.25,404500,psxdata,2026-05-11T12:51:36
PIAHCLA,2021-10-22,4.25,4.25,4.1,4.17,388500,psxdata,2026-05-11T12:51:36
PIAHCLA,2021-10-25,4.28,4.35,4.1,4.17,68000,psxdata,2026-05-11T12:51:36
PIAHCLA,2021-10-26,4.25,4.3,4.2,4.22,72500,psxdata,2026-05-11T12:51:36
PIAHCLA,2021-10-27,4.3,4.42,4.16,4.21,278500,psxdata,2026-05-11T12:51:36
PIAHCLA,2021-10-28,4.35,4.35,4.18,4.24,136500,psxdata,2026-05-11T12:51:36
PIAHCLA,2021-10-29,4.21,4.4,4.15,4.29,271500,psxdata,2026-05-11T12:51:36
PIAHCLA,2021-11-01,4.31,4.47,4.31,4.38,702500,psxdata,2026-05-11T12:51:36
PIAHCLA,2021-11-02,4.34,4.45,4.34,4.37,638000,psxdata,2026-05-11T12:51:36
PIAHCLA,2021-11-03,4.43,4.5,4.31,4.44,831000,psxdata,2026-05-11T12:51:36
PIAHCLA,2021-11-04,4.45,4.82,4.45,4.7,2856000,psxdata,2026-05-11T12:51:36
PIAHCLA,2021-11-05,4.65,4.75,4.53,4.55,905500,psxdata,2026-05-11T12:51:36
PIAHCLA,2021-11-08,4.52,4.74,4.52,4.66,678500,psxdata,2026-05-11T12:51:36
PIAHCLA,2021-11-09,4.56,4.61,4.45,4.53,1194000,psxdata,2026-05-11T12:51:36
PIAHCLA,2021-11-10,4.55,4.6,4.5,4.53,207000,psxdata,2026-05-11T12:51:36
PIAHCLA,2021-11-11,4.59,4.62,4.5,4.5,701000,psxdata,2026-05-11T12:51:36
PIAHCLA,2021-11-12,4.43,4.47,4.35,4.37,355500,psxdata,2026-05-11T12:51:36
PIAHCLA,2021-11-15,4.4,4.52,4.31,4.33,136000,psxdata,2026-05-11T12:51:36
PIAHCLA,2021-11-16,4.35,4.44,4.35,4.4,158000,psxdata,2026-05-11T12:51:36
PIAHCLA,2021-11-17,4.32,4.4,4.26,4.28,431500,psxdata,2026-05-11T12:51:36
PIAHCLA,2021-11-18,4.38,4.38,4.22,4.28,276500,psxdata,2026-05-11T12:51:36
PIAHCLA,2021-11-19,4.3,4.35,4.25,4.28,181500,psxdata,2026-05-11T12:51:36
PIAHCLA,2021-11-22,4.29,4.3,4.2,4.26,173000,psxdata,2026-05-11T12:51:36
PIAHCLA,2021-11-23,4.3,4.3,4.1,4.11,335500,psxdata,2026-05-11T12:51:36
PIAHCLA,2021-11-24,4.06,4.2,4.0,4.1,696000,psxdata,2026-05-11T12:51:36
PIAHCLA,2021-11-25,4.1,4.23,4.08,4.14,290000,psxdata,2026-05-11T12:51:36
PIAHCLA,2021-11-26,4.29,4.29,4.05,4.09,420000,psxdata,2026-05-11T12:51:36
PIAHCLA,2021-11-29,4.18,4.28,4.03,4.19,807500,psxdata,2026-05-11T12:51:36
PIAHCLA,2021-11-30,4.3,4.35,4.15,4.24,187500,psxdata,2026-05-11T12:51:36
PIAHCLA,2021-12-01,4.32,4.32,4.02,4.2,140500,psxdata,2026-05-11T12:51:36
PIAHCLA,2021-12-02,4.2,4.25,3.93,3.97,1245000,psxdata,2026-05-11T12:51:36
PIAHCLA,2021-12-03,3.95,4.1,3.89,3.94,467500,psxdata,2026-05-11T12:51:36
PIAHCLA,2021-12-06,3.86,4.0,3.81,3.91,308000,psxdata,2026-05-11T12:51:36
PIAHCLA,2021-12-07,3.92,4.04,3.91,4.0,207500,psxdata,2026-05-11T12:51:36
PIAHCLA,2021-12-08,4.09,4.12,3.99,4.0,297500,psxdata,2026-05-11T12:51:36
PIAHCLA,2021-12-09,4.01,4.1,3.87,4.04,234500,psxdata,2026-05-11T12:51:36
PIAHCLA,2021-12-10,4.03,4.03,3.76,3.82,1993000,psxdata,2026-05-11T12:51:36
PIAHCLA,2021-12-13,3.85,3.89,3.73,3.76,381500,psxdata,2026-05-11T12:51:36
PIAHCLA,2021-12-14,4.06,4.06,3.74,3.81,863500,psxdata,2026-05-11T12:51:36
PIAHCLA,2021-12-15,3.9,4.05,3.86,4.01,1198000,psxdata,2026-05-11T12:51:36
PIAHCLA,2021-12-16,3.93,3.99,3.9,3.91,216000,psxdata,2026-05-11T12:51:36
PIAHCLA,2021-12-17,3.88,3.99,3.85,3.91,306500,psxdata,2026-05-11T12:51:36
PIAHCLA,2021-12-20,3.88,3.99,3.88,3.9,188500,psxdata,2026-05-11T12:51:36
PIAHCLA,2021-12-21,3.9,3.95,3.88,3.9,195500,psxdata,2026-05-11T12:51:36
PIAHCLA,2021-12-22,3.9,3.92,3.86,3.88,146000,psxdata,2026-05-11T12:51:36
PIAHCLA,2021-12-23,3.87,4.28,3.87,4.15,1475500,psxdata,2026-05-11T12:51:36
PIAHCLA,2021-12-24,4.14,4.19,3.9,3.95,862500,psxdata,2026-05-11T12:51:36
PIAHCLA,2021-12-27,4.0,4.0,3.8,3.81,673500,psxdata,2026-05-11T12:51:36
PIAHCLA,2021-12-28,3.87,3.94,3.78,3.86,793000,psxdata,2026-05-11T12:51:36
PIAHCLA,2021-12-29,3.91,3.98,3.8,3.87,1162000,psxdata,2026-05-11T12:51:36
PIAHCLA,2021-12-30,3.94,4.07,3.89,3.95,531500,psxdata,2026-05-11T12:51:36
PIAHCLA,2021-12-31,3.91,4.0,3.89,3.93,310000,psxdata,2026-05-11T12:51:36
PIAHCLA,2022-01-03,4.05,4.05,3.95,4.01,177000,psxdata,2026-05-11T12:51:36
PIAHCLA,2022-01-04,4.03,4.18,3.97,4.08,887000,psxdata,2026-05-11T12:51:36
PIAHCLA,2022-01-05,4.03,4.54,4.02,4.33,5402000,psxdata,2026-05-11T12:51:36
PIAHCLA,2022-01-06,4.44,4.54,4.3,4.33,3145500,psxdata,2026-05-11T12:51:36
PIAHCLA,2022-01-07,4.36,4.47,4.31,4.41,802000,psxdata,2026-05-11T12:51:36
PIAHCLA,2022-01-10,4.3,4.46,4.3,4.34,932500,psxdata,2026-05-11T12:51:36
PIAHCLA,2022-01-11,4.39,4.55,4.39,4.49,1390500,psxdata,2026-05-11T12:51:36
PIAHCLA,2022-01-12,4.5,4.69,4.5,4.57,3569000,psxdata,2026-05-11T12:51:36
PIAHCLA,2022-01-13,4.65,4.69,4.5,4.51,1349000,psxdata,2026-05-11T12:51:36
PIAHCLA,2022-01-14,4.5,4.58,4.44,4.51,328000,psxdata,2026-05-11T12:51:36
PIAHCLA,2022-01-17,4.53,4.53,4.25,4.42,422500,psxdata,2026-05-11T12:51:36
PIAHCLA,2022-01-18,4.4,4.5,4.26,4.31,1069000,psxdata,2026-05-11T12:51:36
PIAHCLA,2022-01-19,4.25,4.37,4.05,4.07,617500,psxdata,2026-05-11T12:51:36
PIAHCLA,2022-01-20,4.15,4.18,3.92,4.05,1042500,psxdata,2026-05-11T12:51:36
PIAHCLA,2022-01-21,4.05,4.08,3.97,4.04,1228000,psxdata,2026-05-11T12:51:36
PIAHCLA,2022-01-24,4.0,4.04,3.98,4.0,595000,psxdata,2026-05-11T12:51:36
PIAHCLA,2022-01-25,4.05,4.08,4.0,4.01,533000,psxdata,2026-05-11T12:51:36
PIAHCLA,2022-01-26,4.08,4.09,3.99,4.0,276000,psxdata,2026-05-11T12:51:36
PIAHCLA,2022-01-27,4.07,4.07,3.98,4.01,573000,psxdata,2026-05-11T12:51:36
PIAHCLA,2022-01-28,4.03,4.13,4.0,4.04,163000,psxdata,2026-05-11T12:51:36
PIAHCLA,2022-01-31,4.1,4.1,4.0,4.03,383500,psxdata,2026-05-11T12:51:36
PIAHCLA,2022-02-01,4.05,4.3,4.05,4.27,1780500,psxdata,2026-05-11T12:51:36
PIAHCLA,2022-02-02,4.34,4.62,4.3,4.42,5505000,psxdata,2026-05-11T12:51:36
PIAHCLA,2022-02-03,4.49,4.54,4.29,4.31,733500,psxdata,2026-05-11T12:51:36
PIAHCLA,2022-02-04,4.35,4.35,4.24,4.26,122000,psxdata,2026-05-11T12:51:36
PIAHCLA,2022-02-07,4.25,4.35,4.14,4.15,391500,psxdata,2026-05-11T12:51:36
PIAHCLA,2022-02-08,4.2,4.2,4.13,4.15,290000,psxdata,2026-05-11T12:51:36
PIAHCLA,2022-02-09,4.16,4.2,4.12,4.15,400500,psxdata,2026-05-11T12:51:36
PIAHCLA,2022-02-10,4.13,4.25,4.05,4.06,573000,psxdata,2026-05-11T12:51:36
PIAHCLA,2022-02-11,4.1,4.15,4.07,4.09,426000,psxdata,2026-05-11T12:51:36
PIAHCLA,2022-02-14,4.04,4.12,4.02,4.04,337500,psxdata,2026-05-11T12:51:36
PIAHCLA,2022-02-15,4.04,4.13,4.02,4.09,221000,psxdata,2026-05-11T12:51:36
PIAHCLA,2022-02-16,4.1,4.18,4.04,4.06,148000,psxdata,2026-05-11T12:51:36
PIAHCLA,2022-02-17,4.09,4.09,3.97,3.99,607500,psxdata,2026-05-11T12:51:36
PIAHCLA,2022-02-18,4.1,4.14,4.03,4.06,83000,psxdata,2026-05-11T12:51:36
PIAHCLA,2022-02-21,4.09,4.09,4.0,4.01,220000,psxdata,2026-05-11T12:51:36
PIAHCLA,2022-02-22,4.01,4.05,3.95,4.03,391500,psxdata,2026-05-11T12:51:36
PIAHCLA,2022-02-23,4.13,4.13,3.97,4.03,286500,psxdata,2026-05-11T12:51:36
PIAHCLA,2022-02-24,3.93,4.02,3.75,3.82,691000,psxdata,2026-05-11T12:51:36
PIAHCLA,2022-02-25,3.85,3.98,3.8,3.84,597500,psxdata,2026-05-11T12:51:36
PIAHCLA,2022-02-28,3.95,3.95,3.84,3.87,647000,psxdata,2026-05-11T12:51:36
PIAHCLA,2022-03-01,3.9,4.08,3.9,4.01,700500,psxdata,2026-05-11T12:51:36
PIAHCLA,2022-03-02,3.9,3.95,3.88,3.9,112000,psxdata,2026-05-11T12:51:36
PIAHCLA,2022-03-03,4.0,4.0,3.9,3.97,426500,psxdata,2026-05-11T12:51:36
PIAHCLA,2022-03-04,3.9,4.07,3.87,3.9,203000,psxdata,2026-05-11T12:51:36
PIAHCLA,2022-03-07,4.01,4.01,3.71,3.77,535500,psxdata,2026-05-11T12:51:36
PIAHCLA,2022-03-08,3.9,3.9,3.7,3.75,756500,psxdata,2026-05-11T12:51:36
PIAHCLA,2022-03-09,3.9,3.9,3.75,3.79,343000,psxdata,2026-05-11T12:51:36
PIAHCLA,2022-03-10,3.8,3.95,3.68,3.82,1145500,psxdata,2026-05-11T12:51:36
PIAHCLA,2022-03-11,3.8,3.9,3.57,3.65,661000,psxdata,2026-05-11T12:51:36
PIAHCLA,2022-03-14,3.67,3.7,3.55,3.58,443500,psxdata,2026-05-11T12:51:36
PIAHCLA,2022-03-15,3.57,3.66,3.52,3.6,749000,psxdata,2026-05-11T12:51:36
PIAHCLA,2022-03-16,3.68,3.74,3.62,3.72,354000,psxdata,2026-05-11T12:51:36
PIAHCLA,2022-03-17,3.75,3.9,3.75,3.8,411500,psxdata,2026-05-11T12:51:36
PIAHCLA,2022-03-18,3.8,3.8,3.59,3.62,415500,psxdata,2026-05-11T12:51:36
PIAHCLA,2022-03-21,3.63,3.78,3.56,3.59,321000,psxdata,2026-05-11T12:51:36
PIAHCLA,2022-03-22,3.6,3.74,3.56,3.62,128500,psxdata,2026-05-11T12:51:36
PIAHCLA,2022-03-24,3.75,3.75,3.61,3.71,37000,psxdata,2026-05-11T12:51:36
PIAHCLA,2022-03-25,3.74,4.13,3.73,3.98,2049500,psxdata,2026-05-11T12:51:36
PIAHCLA,2022-03-28,3.95,4.08,3.77,4.04,626000,psxdata,2026-05-11T12:51:36
PIAHCLA,2022-03-29,4.05,4.06,3.95,4.01,256000,psxdata,2026-05-11T12:51:36
PIAHCLA,2022-03-30,4.0,4.0,3.85,3.9,435000,psxdata,2026-05-11T12:51:36
PIAHCLA,2022-03-31,3.86,4.05,3.86,4.0,454500,psxdata,2026-05-11T12:51:36
PIAHCLA,2022-04-01,4.05,4.07,3.95,3.99,386000,psxdata,2026-05-11T12:51:36
PIAHCLA,2022-04-04,3.76,3.93,3.76,3.83,155000,psxdata,2026-05-11T12:51:36
PIAHCLA,2022-04-05,3.95,3.99,3.9,3.91,168000,psxdata,2026-05-11T12:51:36
PIAHCLA,2022-04-06,3.94,3.95,3.81,3.92,113000,psxdata,2026-05-11T12:51:36
PIAHCLA,2022-04-07,3.92,3.95,3.81,3.92,232000,psxdata,2026-05-11T12:51:36
PIAHCLA,2022-04-08,3.91,3.94,3.81,3.93,217000,psxdata,2026-05-11T12:51:36
PIAHCLA,2022-04-11,3.95,4.26,3.95,4.18,2545000,psxdata,2026-05-11T12:51:36
PIAHCLA,2022-04-12,4.18,4.24,3.95,4.19,1344000,psxdata,2026-05-11T12:51:36
PIAHCLA,2022-04-13,4.15,4.18,4.0,4.01,600000,psxdata,2026-05-11T12:51:36
PIAHCLA,2022-04-14,4.05,4.14,3.99,4.09,508000,psxdata,2026-05-11T12:51:36
PIAHCLA,2022-04-15,4.15,4.2,4.05,4.07,270000,psxdata,2026-05-11T12:51:36
PIAHCLA,2022-04-18,4.1,4.1,4.0,4.01,415500,psxdata,2026-05-11T12:51:36
PIAHCLA,2022-04-19,4.02,4.1,3.98,4.0,415000,psxdata,2026-05-11T12:51:36
PIAHCLA,2022-04-20,3.93,4.02,3.93,3.98,100500,psxdata,2026-05-11T12:51:36
PIAHCLA,2022-04-21,4.0,4.05,3.9,4.02,248500,psxdata,2026-05-11T12:51:36
PIAHCLA,2022-04-22,4.0,4.0,3.9,3.97,116000,psxdata,2026-05-11T12:51:36
PIAHCLA,2022-04-25,4.1,4.11,3.98,4.01,681000,psxdata,2026-05-11T12:51:36
PIAHCLA,2022-04-26,4.05,4.05,3.95,3.98,16000,psxdata,2026-05-11T12:51:36
PIAHCLA,2022-04-27,3.92,4.05,3.89,3.91,104500,psxdata,2026-05-11T12:51:36
PIAHCLA,2022-04-28,3.91,3.94,3.8,3.84,488500,psxdata,2026-05-11T12:51:36
PIAHCLA,2022-05-06,3.99,3.99,3.7,3.77,233000,psxdata,2026-05-11T12:51:36
PIAHCLA,2022-05-09,3.76,3.8,3.62,3.71,299000,psxdata,2026-05-11T12:51:36
PIAHCLA,2022-05-10,3.75,3.75,3.6,3.71,456000,psxdata,2026-05-11T12:51:36
PIAHCLA,2022-05-11,3.74,3.75,3.4,3.47,1039500,psxdata,2026-05-11T12:51:36
PIAHCLA,2022-05-12,3.6,3.6,3.42,3.46,274500,psxdata,2026-05-11T12:51:36
PIAHCLA,2022-05-13,3.5,3.59,3.42,3.46,1095500,psxdata,2026-05-11T12:51:36
PIAHCLA,2022-05-16,3.36,3.43,3.31,3.4,283000,psxdata,2026-05-11T12:51:36
PIAHCLA,2022-05-17,3.45,3.5,3.4,3.47,255500,psxdata,2026-05-11T12:51:36
PIAHCLA,2022-05-18,3.47,3.54,3.43,3.47,553500,psxdata,2026-05-11T12:51:36
PIAHCLA,2022-05-19,3.57,3.58,3.49,3.52,139500,psxdata,2026-05-11T12:51:36
PIAHCLA,2022-05-20,3.55,3.59,3.45,3.47,250000,psxdata,2026-05-11T12:51:36
PIAHCLA,2022-05-23,3.45,3.45,3.32,3.35,324000,psxdata,2026-05-11T12:51:36
PIAHCLA,2022-05-24,3.32,3.4,3.32,3.37,91000,psxdata,2026-05-11T12:51:36
PIAHCLA,2022-05-25,3.45,3.45,3.28,3.39,153500,psxdata,2026-05-11T12:51:36
PIAHCLA,2022-05-26,3.43,3.55,3.42,3.5,325000,psxdata,2026-05-11T12:51:36
PIAHCLA,2022-05-27,3.56,3.65,3.5,3.5,802000,psxdata,2026-05-11T12:51:36
PIAHCLA,2022-05-30,3.5,3.55,3.48,3.5,129000,psxdata,2026-05-11T12:51:36
PIAHCLA,2022-05-31,3.55,3.7,3.45,3.64,318500,psxdata,2026-05-11T12:51:36
PIAHCLA,2022-06-01,3.6,3.7,3.6,3.62,241000,psxdata,2026-05-11T12:51:36
PIAHCLA,2022-06-02,3.54,3.62,3.47,3.5,557500,psxdata,2026-05-11T12:51:36
PIAHCLA,2022-06-03,3.46,3.66,3.43,3.49,259500,psxdata,2026-05-11T12:51:36
PIAHCLA,2022-06-06,3.51,3.55,3.41,3.5,148500,psxdata,2026-05-11T12:51:36
PIAHCLA,2022-06-07,3.59,3.59,3.41,3.48,135500,psxdata,2026-05-11T12:51:36
PIAHCLA,2022-06-08,3.5,3.54,3.39,3.47,68000,psxdata,2026-05-11T12:51:36
PIAHCLA,2022-06-09,3.53,3.55,3.4,3.52,239500,psxdata,2026-05-11T12:51:36
PIAHCLA,2022-06-10,3.51,3.6,3.42,3.5,54500,psxdata,2026-05-11T12:51:36
PIAHCLA,2022-06-13,3.5,3.57,3.43,3.44,155500,psxdata,2026-05-11T12:51:36
PIAHCLA,2022-06-14,3.41,3.49,3.41,3.45,240000,psxdata,2026-05-11T12:51:36
PIAHCLA,2022-06-15,3.43,3.47,3.4,3.41,149500,psxdata,2026-05-11T12:51:36
PIAHCLA,2022-06-16,3.48,3.48,3.41,3.42,41000,psxdata,2026-05-11T12:51:36
PIAHCLA,2022-06-17,3.47,3.55,3.41,3.5,77000,psxdata,2026-05-11T12:51:36
PIAHCLA,2022-06-20,3.5,3.55,3.39,3.46,130500,psxdata,2026-05-11T12:51:36
PIAHCLA,2022-06-21,3.43,3.5,3.4,3.5,122000,psxdata,2026-05-11T12:51:36
PIAHCLA,2022-06-22,3.55,3.55,3.44,3.45,140000,psxdata,2026-05-11T12:51:36
PIAHCLA,2022-06-23,3.51,3.65,3.41,3.46,791500,psxdata,2026-05-11T12:51:36
PIAHCLA,2022-06-24,3.56,3.57,3.28,3.34,837500,psxdata,2026-05-11T12:51:36
PIAHCLA,2022-06-27,3.55,3.74,3.45,3.65,1715500,psxdata,2026-05-11T12:51:36
PIAHCLA,2022-06-28,3.68,3.69,3.5,3.52,628000,psxdata,2026-05-11T12:51:36
PIAHCLA,2022-06-29,3.48,3.56,3.48,3.5,214500,psxdata,2026-05-11T12:51:36
PIAHCLA,2022-06-30,3.54,3.54,3.46,3.47,230000,psxdata,2026-05-11T12:51:36
PIAHCLA,2022-07-01,3.45,3.54,3.45,3.5,145000,psxdata,2026-05-11T12:51:36
PIAHCLA,2022-07-04,3.5,3.56,3.5,3.52,206000,psxdata,2026-05-11T12:51:36
PIAHCLA,2022-07-05,3.48,3.55,3.48,3.5,88000,psxdata,2026-05-11T12:51:36
PIAHCLA,2022-07-06,3.57,3.58,3.52,3.55,129000,psxdata,2026-05-11T12:51:36
PIAHCLA,2022-07-07,3.55,3.66,3.55,3.6,539500,psxdata,2026-05-11T12:51:36
PIAHCLA,2022-07-13,3.61,3.68,3.53,3.66,492000,psxdata,2026-05-11T12:51:36
PIAHCLA,2022-07-14,3.66,3.71,3.6,3.65,319500,psxdata,2026-05-11T12:51:36
PIAHCLA,2022-07-15,3.65,3.69,3.57,3.58,210500,psxdata,2026-05-11T12:51:36
PIAHCLA,2022-07-18,3.53,3.53,3.4,3.46,457000,psxdata,2026-05-11T12:51:36
PIAHCLA,2022-07-19,3.4,3.55,3.28,3.32,663000,psxdata,2026-05-11T12:51:36
PIAHCLA,2022-07-20,3.35,3.4,3.25,3.28,655500,psxdata,2026-05-11T12:51:36
PIAHCLA,2022-07-21,3.33,3.35,3.18,3.2,569500,psxdata,2026-05-11T12:51:36
PIAHCLA,2022-07-22,3.34,3.48,3.22,3.27,112500,psxdata,2026-05-11T12:51:36
PIAHCLA,2022-07-25,3.2,3.36,3.2,3.34,511000,psxdata,2026-05-11T12:51:36
PIAHCLA,2022-07-26,3.26,3.49,3.25,3.45,650500,psxdata,2026-05-11T12:51:36
PIAHCLA,2022-07-27,3.4,3.51,3.36,3.44,195000,psxdata,2026-05-11T12:51:36
PIAHCLA,2022-07-28,3.5,3.5,3.4,3.41,236000,psxdata,2026-05-11T12:51:36
PIAHCLA,2022-07-29,3.37,3.49,3.36,3.41,164000,psxdata,2026-05-11T12:51:36
PIAHCLA,2022-08-01,3.28,3.49,3.28,3.38,11000,psxdata,2026-05-11T12:51:36
PIAHCLA,2022-08-02,3.37,3.55,3.36,3.5,175500,psxdata,2026-05-11T12:51:36
PIAHCLA,2022-08-03,3.52,3.56,3.45,3.55,671500,psxdata,2026-05-11T12:51:36
PIAHCLA,2022-08-04,3.58,3.58,3.47,3.57,520500,psxdata,2026-05-11T12:51:36
PIAHCLA,2022-08-05,3.56,3.65,3.5,3.62,673500,psxdata,2026-05-11T12:51:36
PIAHCLA,2022-08-10,3.69,3.75,3.59,3.62,383500,psxdata,2026-05-11T12:51:36
PIAHCLA,2022-08-11,3.6,3.68,3.6,3.62,431000,psxdata,2026-05-11T12:51:36
PIAHCLA,2022-08-12,3.7,4.08,3.7,3.83,4272000,psxdata,2026-05-11T12:51:36
PIAHCLA,2022-08-15,3.9,3.99,3.85,3.96,1902500,psxdata,2026-05-11T12:51:36
PIAHCLA,2022-08-16,3.99,4.45,3.96,4.18,9720500,psxdata,2026-05-11T12:51:36
PIAHCLA,2022-08-17,4.18,5.18,4.18,5.18,17434000,psxdata,2026-05-11T12:51:36
PIAHCLA,2022-08-18,5.75,5.75,4.72,4.83,19147000,psxdata,2026-05-11T12:51:36
PIAHCLA,2022-08-19,4.65,5.19,4.65,4.93,6171000,psxdata,2026-05-11T12:51:36
PIAHCLA,2022-08-22,5.07,5.15,4.76,5.01,4573500,psxdata,2026-05-11T12:51:36
PIAHCLA,2022-08-23,5.22,5.35,4.91,4.94,4145500,psxdata,2026-05-11T12:51:36
PIAHCLA,2022-08-24,5.01,5.44,4.93,5.35,13489000,psxdata,2026-05-11T12:51:36
PIAHCLA,2022-08-25,5.45,5.47,4.93,4.97,9304500,psxdata,2026-05-11T12:51:36
PIAHCLA,2022-08-26,5.0,5.05,4.74,4.77,2902000,psxdata,2026-05-11T12:51:36
PIAHCLA,2022-08-29,4.66,4.71,4.25,4.48,5391000,psxdata,2026-05-11T12:51:36
PIAHCLA,2022-08-30,4.62,4.65,4.1,4.27,2184000,psxdata,2026-05-11T12:51:36
PIAHCLA,2022-08-31,4.25,4.35,4.18,4.2,670000,psxdata,2026-05-11T12:51:36
PIAHCLA,2022-09-01,4.26,4.34,4.16,4.2,1260500,psxdata,2026-05-11T12:51:36
PIAHCLA,2022-09-02,4.21,4.25,4.1,4.13,555000,psxdata,2026-05-11T12:51:36
PIAHCLA,2022-09-05,4.14,4.34,4.06,4.07,2243500,psxdata,2026-05-11T12:51:36
PIAHCLA,2022-09-06,4.14,4.73,4.0,4.66,10877000,psxdata,2026-05-11T12:51:36
PIAHCLA,2022-09-07,4.7,4.73,4.39,4.41,3130500,psxdata,2026-05-11T12:51:36
PIAHCLA,2022-09-08,4.5,4.5,4.27,4.34,1223500,psxdata,2026-05-11T12:51:36
PIAHCLA,2022-09-09,4.31,4.4,4.26,4.33,564500,psxdata,2026-05-11T12:51:36
PIAHCLA,2022-09-12,4.33,4.49,4.21,4.24,531500,psxdata,2026-05-11T12:51:36
PIAHCLA,2022-09-13,4.35,4.35,4.24,4.27,377000,psxdata,2026-05-11T12:51:36
PIAHCLA,2022-09-14,4.21,4.3,4.12,4.14,817500,psxdata,2026-05-11T12:51:36
PIAHCLA,2022-09-15,4.15,4.29,4.02,4.08,1373000,psxdata,2026-05-11T12:51:36
PIAHCLA,2022-09-16,4.23,4.23,4.01,4.06,779500,psxdata,2026-05-11T12:51:36
PIAHCLA,2022-09-19,4.19,4.35,4.13,4.17,1411500,psxdata,2026-05-11T12:51:36
PIAHCLA,2022-09-20,4.1,4.38,4.1,4.3,1765000,psxdata,2026-05-11T12:51:36
PIAHCLA,2022-09-21,4.28,4.38,4.12,4.14,705000,psxdata,2026-05-11T12:51:36
PIAHCLA,2022-09-22,4.11,4.23,3.99,4.19,1397500,psxdata,2026-05-11T12:51:36
PIAHCLA,2022-09-23,4.18,4.24,4.01,4.04,474000,psxdata,2026-05-11T12:51:36
PIAHCLA,2022-09-26,4.23,4.23,4.08,4.13,496500,psxdata,2026-05-11T12:51:36
PIAHCLA,2022-09-27,4.17,4.43,4.12,4.22,1959500,psxdata,2026-05-11T12:51:36
PIAHCLA,2022-09-28,4.21,4.28,4.12,4.14,818500,psxdata,2026-05-11T12:51:36
PIAHCLA,2022-09-29,4.12,4.27,4.08,4.18,523000,psxdata,2026-05-11T12:51:36
PIAHCLA,2022-09-30,4.1,4.27,4.05,4.07,1888500,psxdata,2026-05-11T12:51:36
PIAHCLA,2022-10-03,4.19,4.19,4.06,4.09,401500,psxdata,2026-05-11T12:51:36
PIAHCLA,2022-10-04,4.18,4.18,4.07,4.12,609500,psxdata,2026-05-11T12:51:36
PIAHCLA,2022-10-05,4.11,4.27,4.06,4.11,1436000,psxdata,2026-05-11T12:51:36
PIAHCLA,2022-10-06,4.18,4.23,4.09,4.11,1161000,psxdata,2026-05-11T12:51:36
PIAHCLA,2022-10-07,4.11,4.29,4.09,4.21,3500500,psxdata,2026-05-11T12:51:36
PIAHCLA,2022-10-10,4.3,4.5,4.3,4.37,2779500,psxdata,2026-05-11T12:51:36
PIAHCLA,2022-10-11,4.42,4.44,4.32,4.33,647500,psxdata,2026-05-11T12:51:36
PIAHCLA,2022-10-12,4.33,4.33,4.22,4.22,401500,psxdata,2026-05-11T12:51:36
PIAHCLA,2022-10-13,4.25,4.26,4.1,4.12,557500,psxdata,2026-05-11T12:51:36
PIAHCLA,2022-10-14,4.13,4.33,4.1,4.24,787500,psxdata,2026-05-11T12:51:36
PIAHCLA,2022-10-17,4.13,4.25,4.12,4.14,282000,psxdata,2026-05-11T12:51:36
PIAHCLA,2022-10-18,4.16,4.4,4.16,4.32,1624000,psxdata,2026-05-11T12:51:36
PIAHCLA,2022-10-19,4.21,4.34,4.11,4.16,2665500,psxdata,2026-05-11T12:51:36
PIAHCLA,2022-10-20,4.23,4.25,4.15,4.16,200500,psxdata,2026-05-11T12:51:36
PIAHCLA,2022-10-21,4.24,4.24,4.12,4.16,380000,psxdata,2026-05-11T12:51:36
PIAHCLA,2022-10-24,4.32,4.32,4.15,4.15,376000,psxdata,2026-05-11T12:51:36
PIAHCLA,2022-10-25,4.22,4.25,4.13,4.15,331000,psxdata,2026-05-11T12:51:36
PIAHCLA,2022-10-26,4.25,4.25,3.98,4.03,1956000,psxdata,2026-05-11T12:51:36
PIAHCLA,2022-10-27,4.06,4.07,3.89,3.99,733500,psxdata,2026-05-11T12:51:36
PIAHCLA,2022-10-28,4.0,4.0,3.81,3.86,745000,psxdata,2026-05-11T12:51:36
PIAHCLA,2022-10-31,4.12,4.12,3.83,3.93,164500,psxdata,2026-05-11T12:51:36
PIAHCLA,2022-11-01,3.88,4.02,3.88,3.99,1068000,psxdata,2026-05-11T12:51:36
PIAHCLA,2022-11-02,4.0,4.04,3.94,3.96,258500,psxdata,2026-05-11T12:51:36
PIAHCLA,2022-11-03,3.93,4.0,3.92,3.97,321500,psxdata,2026-05-11T12:51:36
PIAHCLA,2022-11-04,3.97,4.0,3.88,3.9,560500,psxdata,2026-05-11T12:51:36
PIAHCLA,2022-11-07,4.0,4.04,3.92,3.95,285500,psxdata,2026-05-11T12:51:36
PIAHCLA,2022-11-08,4.04,4.04,3.93,3.96,282500,psxdata,2026-05-11T12:51:36
PIAHCLA,2022-11-10,3.95,4.02,3.95,3.99,300000,psxdata,2026-05-11T12:51:36
PIAHCLA,2022-11-11,4.0,4.23,4.0,4.2,2139500,psxdata,2026-05-11T12:51:36
PIAHCLA,2022-11-14,4.26,4.26,4.05,4.08,643500,psxdata,2026-05-11T12:51:36
PIAHCLA,2022-11-15,4.06,4.15,4.03,4.1,343500,psxdata,2026-05-11T12:51:36
PIAHCLA,2022-11-16,4.05,4.14,3.96,4.02,825500,psxdata,2026-05-11T12:51:36
PIAHCLA,2022-11-17,4.15,4.15,3.98,4.0,624000,psxdata,2026-05-11T12:51:36
PIAHCLA,2022-11-18,4.0,4.02,3.92,3.93,638500,psxdata,2026-05-11T12:51:36
PIAHCLA,2022-11-21,3.94,3.98,3.71,3.84,756500,psxdata,2026-05-11T12:51:36
PIAHCLA,2022-11-22,3.87,3.94,3.86,3.88,151000,psxdata,2026-05-11T12:51:36
PIAHCLA,2022-11-23,3.86,3.94,3.85,3.88,254000,psxdata,2026-05-11T12:51:36
PIAHCLA,2022-11-24,3.9,3.96,3.85,3.87,249000,psxdata,2026-05-11T12:51:36
PIAHCLA,2022-11-25,3.97,3.99,3.8,3.82,338000,psxdata,2026-05-11T12:51:36
PIAHCLA,2022-11-28,3.9,3.9,3.73,3.75,330500,psxdata,2026-05-11T12:51:36
PIAHCLA,2022-11-29,3.8,3.86,3.69,3.7,1283000,psxdata,2026-05-11T12:51:36
PIAHCLA,2022-11-30,3.75,3.83,3.7,3.73,100000,psxdata,2026-05-11T12:51:36
PIAHCLA,2022-12-01,3.8,3.89,3.8,3.87,498500,psxdata,2026-05-11T12:51:36
PIAHCLA,2022-12-02,3.89,3.91,3.7,3.77,401000,psxdata,2026-05-11T12:51:36
PIAHCLA,2022-12-05,3.8,3.85,3.6,3.65,626000,psxdata,2026-05-11T12:51:36
PIAHCLA,2022-12-06,3.66,3.7,3.55,3.66,220500,psxdata,2026-05-11T12:51:36
PIAHCLA,2022-12-07,3.66,3.8,3.6,3.77,579500,psxdata,2026-05-11T12:51:36
PIAHCLA,2022-12-08,3.7,3.88,3.68,3.81,503000,psxdata,2026-05-11T12:51:36
PIAHCLA,2022-12-09,3.76,3.99,3.74,3.9,1050000,psxdata,2026-05-11T12:51:36
PIAHCLA,2022-12-12,4.0,4.0,3.79,3.81,201000,psxdata,2026-05-11T12:51:36
PIAHCLA,2022-12-13,3.8,3.97,3.71,3.77,651500,psxdata,2026-05-11T12:51:36
PIAHCLA,2022-12-14,3.8,3.9,3.77,3.86,244500,psxdata,2026-05-11T12:51:36
PIAHCLA,2022-12-15,3.94,3.94,3.7,3.7,543500,psxdata,2026-05-11T12:51:36
PIAHCLA,2022-12-16,3.71,3.74,3.66,3.7,320000,psxdata,2026-05-11T12:51:36
PIAHCLA,2022-12-19,3.67,3.7,3.58,3.61,175000,psxdata,2026-05-11T12:51:36
PIAHCLA,2022-12-20,3.73,3.73,3.4,3.43,546000,psxdata,2026-05-11T12:51:36
PIAHCLA,2022-12-21,3.5,3.5,3.37,3.38,261500,psxdata,2026-05-11T12:51:36
PIAHCLA,2022-12-22,3.35,3.49,3.29,3.39,565000,psxdata,2026-05-11T12:51:36
PIAHCLA,2022-12-23,3.4,3.5,3.35,3.4,339500,psxdata,2026-05-11T12:51:36
PIAHCLA,2022-12-26,3.31,3.55,3.31,3.47,159500,psxdata,2026-05-11T12:51:36
PIAHCLA,2022-12-27,3.57,3.6,3.47,3.52,82000,psxdata,2026-05-11T12:51:36
PIAHCLA,2022-12-28,3.4,3.56,3.29,3.32,677500,psxdata,2026-05-11T12:51:36
PIAHCLA,2022-12-29,3.4,3.44,3.3,3.37,175000,psxdata,2026-05-11T12:51:36
PIAHCLA,2022-12-30,3.35,3.59,3.35,3.47,267500,psxdata,2026-05-11T12:51:36
PIAHCLA,2023-01-02,3.63,3.81,3.63,3.73,1048000,psxdata,2026-05-11T12:51:36
PIAHCLA,2023-01-03,3.77,4.25,3.7,3.9,6362000,psxdata,2026-05-11T12:51:36
PIAHCLA,2023-01-04,3.9,3.95,3.71,3.75,724000,psxdata,2026-05-11T12:51:36
PIAHCLA,2023-01-05,3.85,3.98,3.75,3.79,574000,psxdata,2026-05-11T12:51:36
PIAHCLA,2023-01-06,3.84,3.88,3.71,3.8,581000,psxdata,2026-05-11T12:51:36
PIAHCLA,2023-01-09,3.75,3.8,3.68,3.69,442000,psxdata,2026-05-11T12:51:36
PIAHCLA,2023-01-10,3.7,3.78,3.68,3.72,405500,psxdata,2026-05-11T12:51:36
PIAHCLA,2023-01-11,3.79,3.82,3.67,3.72,322500,psxdata,2026-05-11T12:51:36
PIAHCLA,2023-01-12,3.77,3.77,3.69,3.7,158500,psxdata,2026-05-11T12:51:36
PIAHCLA,2023-01-13,3.83,3.83,3.52,3.56,422500,psxdata,2026-05-11T12:51:36
PIAHCLA,2023-01-16,3.58,3.59,3.5,3.51,152500,psxdata,2026-05-11T12:51:36
PIAHCLA,2023-01-17,3.64,3.64,3.2,3.27,905000,psxdata,2026-05-11T12:51:36
PIAHCLA,2023-01-18,3.21,3.38,3.2,3.32,421000,psxdata,2026-05-11T12:51:36
PIAHCLA,2023-01-19,3.44,3.55,3.25,3.41,952000,psxdata,2026-05-11T12:51:36
PIAHCLA,2023-01-20,3.36,3.5,3.3,3.32,144500,psxdata,2026-05-11T12:51:36
PIAHCLA,2023-01-23,3.3,3.39,3.26,3.27,296500,psxdata,2026-05-11T12:51:36
PIAHCLA,2023-01-24,3.38,3.38,3.2,3.27,1091500,psxdata,2026-05-11T12:51:36
PIAHCLA,2023-01-25,3.3,3.4,3.25,3.38,481000,psxdata,2026-05-11T12:51:36
PIAHCLA,2023-01-26,3.44,3.49,3.37,3.46,213000,psxdata,2026-05-11T12:51:36
PIAHCLA,2023-01-27,3.46,3.47,3.27,3.33,304500,psxdata,2026-05-11T12:51:36
PIAHCLA,2023-01-30,3.2,3.38,3.19,3.24,121000,psxdata,2026-05-11T12:51:36
PIAHCLA,2023-01-31,3.4,3.8,3.4,3.7,4253000,psxdata,2026-05-11T12:51:36
PIAHCLA,2023-02-01,3.74,4.13,3.74,3.99,8353500,psxdata,2026-05-11T12:51:36
PIAHCLA,2023-02-02,4.07,4.1,3.82,3.85,1430500,psxdata,2026-05-11T12:51:36
PIAHCLA,2023-02-03,3.85,3.88,3.72,3.74,1086500,psxdata,2026-05-11T12:51:36
PIAHCLA,2023-02-06,3.83,4.16,3.76,4.07,3540000,psxdata,2026-05-11T12:51:36
PIAHCLA,2023-02-07,4.11,4.39,4.1,4.13,4474500,psxdata,2026-05-11T12:51:36
PIAHCLA,2023-02-08,4.24,4.24,3.91,3.96,967500,psxdata,2026-05-11T12:51:36
PIAHCLA,2023-02-09,3.97,4.12,3.97,4.1,1485500,psxdata,2026-05-11T12:51:36
PIAHCLA,2023-02-10,4.14,4.14,3.91,4.01,642500,psxdata,2026-05-11T12:51:36
PIAHCLA,2023-02-13,4.01,4.09,3.92,3.94,313000,psxdata,2026-05-11T12:51:36
PIAHCLA,2023-02-14,4.0,4.03,3.77,3.8,969000,psxdata,2026-05-11T12:51:36
PIAHCLA,2023-02-15,3.84,3.98,3.75,3.79,763500,psxdata,2026-05-11T12:51:36
PIAHCLA,2023-02-16,3.75,3.83,3.71,3.81,397000,psxdata,2026-05-11T12:51:36
PIAHCLA,2023-02-17,3.77,3.85,3.77,3.8,371000,psxdata,2026-05-11T12:51:36
PIAHCLA,2023-02-20,3.86,3.9,3.7,3.7,379000,psxdata,2026-05-11T12:51:36
PIAHCLA,2023-02-21,3.79,3.8,3.69,3.7,408000,psxdata,2026-05-11T12:51:36
PIAHCLA,2023-02-22,3.63,3.8,3.55,3.6,2399500,psxdata,2026-05-11T12:51:36
PIAHCLA,2023-02-23,3.6,3.6,3.48,3.49,657000,psxdata,2026-05-11T12:51:36
PIAHCLA,2023-02-24,3.47,3.54,3.44,3.49,473500,psxdata,2026-05-11T12:51:36
PIAHCLA,2023-02-27,3.58,3.58,3.43,3.45,311000,psxdata,2026-05-11T12:51:36
PIAHCLA,2023-02-28,3.45,3.45,3.38,3.39,1353500,psxdata,2026-05-11T12:51:36
PIAHCLA,2023-03-01,3.36,3.43,3.33,3.39,233000,psxdata,2026-05-11T12:51:36
PIAHCLA,2023-03-02,3.42,3.43,3.34,3.41,235500,psxdata,2026-05-11T12:51:36
PIAHCLA,2023-03-03,3.31,3.46,3.31,3.44,250000,psxdata,2026-05-11T12:51:36
PIAHCLA,2023-03-06,3.52,3.62,3.48,3.51,692000,psxdata,2026-05-11T12:51:36
PIAHCLA,2023-03-07,3.55,3.55,3.43,3.45,166000,psxdata,2026-05-11T12:51:36
PIAHCLA,2023-03-08,3.5,3.52,3.45,3.48,110000,psxdata,2026-05-11T12:51:36
PIAHCLA,2023-03-09,3.58,3.6,3.45,3.54,242000,psxdata,2026-05-11T12:51:36
PIAHCLA,2023-03-10,3.4,3.6,3.4,3.54,1111500,psxdata,2026-05-11T12:51:36
PIAHCLA,2023-03-13,3.43,3.62,3.43,3.57,491000,psxdata,2026-05-11T12:51:36
PIAHCLA,2023-03-14,3.52,3.55,3.48,3.49,240500,psxdata,2026-05-11T12:51:36
PIAHCLA,2023-03-15,3.41,3.68,3.4,3.56,1172000,psxdata,2026-05-11T12:51:36
PIAHCLA,2023-03-16,3.64,3.68,3.55,3.56,850000,psxdata,2026-05-11T12:51:36
PIAHCLA,2023-03-17,3.53,3.56,3.5,3.53,265500,psxdata,2026-05-11T12:51:36
PIAHCLA,2023-03-20,3.54,3.81,3.5,3.59,2053500,psxdata,2026-05-11T12:51:36
PIAHCLA,2023-03-21,3.56,3.67,3.53,3.57,268500,psxdata,2026-05-11T12:51:36
PIAHCLA,2023-03-22,3.6,3.65,3.48,3.5,323000,psxdata,2026-05-11T12:51:36
PIAHCLA,2023-03-24,3.5,3.5,3.45,3.5,29500,psxdata,2026-05-11T12:51:36
PIAHCLA,2023-03-27,3.43,3.49,3.43,3.44,28000,psxdata,2026-05-11T12:51:36
PIAHCLA,2023-03-28,3.6,3.6,3.4,3.43,160000,psxdata,2026-05-11T12:51:36
PIAHCLA,2023-03-29,3.43,3.45,3.39,3.4,296000,psxdata,2026-05-11T12:51:36
PIAHCLA,2023-03-30,3.45,3.45,3.39,3.4,89000,psxdata,2026-05-11T12:51:36
PIAHCLA,2023-03-31,3.49,3.49,3.36,3.4,104000,psxdata,2026-05-11T12:51:36
PIAHCLA,2023-04-03,3.49,3.49,3.4,3.4,38000,psxdata,2026-05-11T12:51:36
PIAHCLA,2023-04-04,3.44,3.45,3.34,3.4,569000,psxdata,2026-05-11T12:51:36
PIAHCLA,2023-04-05,3.27,3.59,3.27,3.4,149000,psxdata,2026-05-11T12:51:36
PIAHCLA,2023-04-06,3.35,3.5,3.35,3.48,257500,psxdata,2026-05-11T12:51:36
PIAHCLA,2023-04-07,3.48,3.48,3.32,3.4,224500,psxdata,2026-05-11T12:51:36
PIAHCLA,2023-04-10,3.27,3.4,3.27,3.34,123500,psxdata,2026-05-11T12:51:36
PIAHCLA,2023-04-11,3.45,3.45,3.27,3.37,448000,psxdata,2026-05-11T12:51:36
PIAHCLA,2023-04-12,3.44,3.45,3.3,3.32,793500,psxdata,2026-05-11T12:51:36
PIAHCLA,2023-04-13,3.41,3.41,3.31,3.31,250000,psxdata,2026-05-11T12:51:36
PIAHCLA,2023-04-17,3.4,3.4,3.3,3.35,154500,psxdata,2026-05-11T12:51:36
PIAHCLA,2023-04-18,3.28,3.48,3.27,3.28,634000,psxdata,2026-05-11T12:51:36
PIAHCLA,2023-04-19,3.35,3.41,3.31,3.38,358000,psxdata,2026-05-11T12:51:36
PIAHCLA,2023-04-20,3.4,3.43,3.32,3.41,248500,psxdata,2026-05-11T12:51:36
PIAHCLA,2023-04-26,3.45,3.49,3.38,3.39,166500,psxdata,2026-05-11T12:51:36
PIAHCLA,2023-04-27,3.4,3.4,3.35,3.39,106500,psxdata,2026-05-11T12:51:36
PIAHCLA,2023-04-28,3.36,3.53,3.36,3.43,1202000,psxdata,2026-05-11T12:51:36
PIAHCLA,2023-05-02,3.65,3.81,3.61,3.65,5028500,psxdata,2026-05-11T12:51:36
PIAHCLA,2023-05-03,3.72,3.72,3.45,3.52,925500,psxdata,2026-05-11T12:51:36
PIAHCLA,2023-05-04,3.58,3.6,3.45,3.51,627500,psxdata,2026-05-11T12:51:36
PIAHCLA,2023-05-05,3.48,3.56,3.45,3.46,254000,psxdata,2026-05-11T12:51:36
PIAHCLA,2023-05-08,3.38,3.49,3.36,3.38,375000,psxdata,2026-05-11T12:51:36
PIAHCLA,2023-05-09,3.46,3.46,3.3,3.34,473000,psxdata,2026-05-11T12:51:36
PIAHCLA,2023-05-10,3.47,3.49,3.31,3.42,128500,psxdata,2026-05-11T12:51:36
PIAHCLA,2023-05-11,3.41,3.89,3.41,3.6,4769500,psxdata,2026-05-11T12:51:36
PIAHCLA,2023-05-12,3.68,3.69,3.53,3.58,294500,psxdata,2026-05-11T12:51:36
PIAHCLA,2023-05-15,3.51,3.64,3.41,3.56,886000,psxdata,2026-05-11T12:51:36
PIAHCLA,2023-05-16,3.55,3.6,3.48,3.5,336500,psxdata,2026-05-11T12:51:36
PIAHCLA,2023-05-17,3.54,3.54,3.44,3.47,273000,psxdata,2026-05-11T12:51:36
PIAHCLA,2023-05-18,3.43,3.49,3.38,3.4,312500,psxdata,2026-05-11T12:51:36
PIAHCLA,2023-05-19,3.4,3.49,3.38,3.42,418500,psxdata,2026-05-11T12:51:36
PIAHCLA,2023-05-22,3.41,3.47,3.34,3.35,511000,psxdata,2026-05-11T12:51:36
PIAHCLA,2023-05-23,3.46,3.46,3.34,3.34,268500,psxdata,2026-05-11T12:51:36
PIAHCLA,2023-05-24,3.35,3.38,3.32,3.35,169000,psxdata,2026-05-11T12:51:36
PIAHCLA,2023-05-25,3.35,3.39,3.33,3.35,161000,psxdata,2026-05-11T12:51:36
PIAHCLA,2023-05-26,3.33,3.4,3.25,3.29,404000,psxdata,2026-05-11T12:51:36
PIAHCLA,2023-05-29,3.35,3.44,3.3,3.33,808500,psxdata,2026-05-11T12:51:36
PIAHCLA,2023-05-30,3.44,3.65,3.42,3.44,1864500,psxdata,2026-05-11T12:51:36
PIAHCLA,2023-05-31,3.39,3.45,3.29,3.3,642500,psxdata,2026-05-11T12:51:36
PIAHCLA,2023-06-01,3.32,3.38,3.28,3.32,269500,psxdata,2026-05-11T12:51:36
PIAHCLA,2023-06-02,3.39,3.48,3.3,3.36,905500,psxdata,2026-05-11T12:51:36
PIAHCLA,2023-06-05,3.51,3.55,3.43,3.46,938500,psxdata,2026-05-11T12:51:36
PIAHCLA,2023-06-06,3.49,3.99,3.42,3.81,5652000,psxdata,2026-05-11T12:51:36
PIAHCLA,2023-06-07,3.67,3.94,3.58,3.88,3293500,psxdata,2026-05-11T12:51:36
PIAHCLA,2023-06-08,3.98,3.98,3.48,3.55,8850500,psxdata,2026-05-11T12:51:36
PIAHCLA,2023-06-09,3.51,3.66,3.51,3.62,1266500,psxdata,2026-05-11T12:51:36
PIAHCLA,2023-06-12,3.58,3.6,3.53,3.58,489500,psxdata,2026-05-11T12:51:36
PIAHCLA,2023-06-13,3.64,3.64,3.46,3.47,471500,psxdata,2026-05-11T12:51:36
PIAHCLA,2023-06-14,3.5,3.55,3.4,3.41,513500,psxdata,2026-05-11T12:51:36
PIAHCLA,2023-06-15,3.49,3.5,3.39,3.4,335500,psxdata,2026-05-11T12:51:36
PIAHCLA,2023-06-16,3.41,3.5,3.37,3.41,386000,psxdata,2026-05-11T12:51:36
PIAHCLA,2023-06-19,3.36,3.55,3.32,3.34,839000,psxdata,2026-05-11T12:51:36
PIAHCLA,2023-06-20,3.35,3.39,3.28,3.33,897500,psxdata,2026-05-11T12:51:36
PIAHCLA,2023-06-21,3.32,3.4,3.3,3.3,387500,psxdata,2026-05-11T12:51:36
PIAHCLA,2023-06-22,3.35,3.37,3.3,3.31,331500,psxdata,2026-05-11T12:51:36
PIAHCLA,2023-06-23,3.3,3.3,3.16,3.2,1642500,psxdata,2026-05-11T12:51:36
PIAHCLA,2023-06-26,3.25,3.38,3.25,3.36,315500,psxdata,2026-05-11T12:51:36
PIAHCLA,2023-06-27,3.37,3.48,3.31,3.36,1120500,psxdata,2026-05-11T12:51:36
PIAHCLA,2023-07-03,3.58,3.85,3.58,3.74,3588500,psxdata,2026-05-11T12:51:36
PIAHCLA,2023-07-04,3.66,3.68,3.35,3.64,1732500,psxdata,2026-05-11T12:51:36
PIAHCLA,2023-07-05,3.67,3.99,3.67,3.86,6430500,psxdata,2026-05-11T12:51:36
PIAHCLA,2023-07-06,3.85,4.02,3.83,3.9,3190000,psxdata,2026-05-11T12:51:36
PIAHCLA,2023-07-07,4.0,4.08,3.85,3.94,4259500,psxdata,2026-05-11T12:51:36
PIAHCLA,2023-07-10,4.0,4.0,3.85,3.89,1230500,psxdata,2026-05-11T12:51:36
PIAHCLA,2023-07-11,3.89,3.95,3.8,3.82,1568500,psxdata,2026-05-11T12:51:36
PIAHCLA,2023-07-12,3.82,3.85,3.72,3.74,1153000,psxdata,2026-05-11T12:51:36
PIAHCLA,2023-07-13,3.87,3.87,3.71,3.72,427500,psxdata,2026-05-11T12:51:36
PIAHCLA,2023-07-14,3.7,3.75,3.65,3.66,475500,psxdata,2026-05-11T12:51:36
PIAHCLA,2023-07-17,3.75,3.75,3.67,3.7,146000,psxdata,2026-05-11T12:51:36
PIAHCLA,2023-07-18,3.75,3.79,3.6,3.62,205500,psxdata,2026-05-11T12:51:36
PIAHCLA,2023-07-19,3.69,3.71,3.59,3.61,197000,psxdata,2026-05-11T12:51:36
PIAHCLA,2023-07-20,3.65,3.85,3.61,3.8,1758500,psxdata,2026-05-11T12:51:36
PIAHCLA,2023-07-21,3.88,3.88,3.67,3.76,252500,psxdata,2026-05-11T12:51:36
PIAHCLA,2023-07-24,3.85,3.85,3.71,3.75,559000,psxdata,2026-05-11T12:51:36
PIAHCLA,2023-07-25,3.83,3.94,3.73,3.77,1167000,psxdata,2026-05-11T12:51:36
PIAHCLA,2023-07-26,3.86,3.93,3.77,3.79,1083500,psxdata,2026-05-11T12:51:36
PIAHCLA,2023-07-27,3.8,4.1,3.8,4.04,4948500,psxdata,2026-05-11T12:51:36
PIAHCLA,2023-07-31,4.1,4.13,3.97,4.03,991500,psxdata,2026-05-11T12:51:36
PIAHCLA,2023-08-01,4.09,4.12,3.99,4.0,1105500,psxdata,2026-05-11T12:51:36
PIAHCLA,2023-08-02,4.1,4.1,3.96,3.97,617000,psxdata,2026-05-11T12:51:36
PIAHCLA,2023-08-03,3.97,4.08,3.9,3.91,1486500,psxdata,2026-05-11T12:51:36
PIAHCLA,2023-08-04,3.98,4.03,3.8,3.84,830000,psxdata,2026-05-11T12:51:36
PIAHCLA,2023-08-07,3.97,3.99,3.88,3.9,559000,psxdata,2026-05-11T12:51:36
PIAHCLA,2023-08-08,4.26,4.39,4.11,4.14,6628000,psxdata,2026-05-11T12:51:36
PIAHCLA,2023-08-09,4.21,4.3,4.07,4.1,2837000,psxdata,2026-05-11T12:51:36
PIAHCLA,2023-08-10,4.02,4.09,3.87,3.9,930000,psxdata,2026-05-11T12:51:36
PIAHCLA,2023-08-11,4.0,4.05,3.88,3.9,1221500,psxdata,2026-05-11T12:51:36
PIAHCLA,2023-08-15,4.0,4.0,3.85,3.89,766000,psxdata,2026-05-11T12:51:36
PIAHCLA,2023-08-16,3.95,4.05,3.82,3.87,850000,psxdata,2026-05-11T12:51:36
PIAHCLA,2023-08-17,3.81,3.88,3.79,3.8,405500,psxdata,2026-05-11T12:51:36
PIAHCLA,2023-08-18,3.86,3.88,3.76,3.79,313500,psxdata,2026-05-11T12:51:36
PIAHCLA,2023-08-21,3.74,4.15,3.74,4.01,3631500,psxdata,2026-05-11T12:51:36
PIAHCLA,2023-08-22,4.08,4.13,3.97,4.0,601500,psxdata,2026-05-11T12:51:36
PIAHCLA,2023-08-23,3.95,4.04,3.88,3.89,363000,psxdata,2026-05-11T12:51:36
PIAHCLA,2023-08-24,3.97,4.09,3.9,4.0,1030500,psxdata,2026-05-11T12:51:36
PIAHCLA,2023-08-25,3.95,4.1,3.91,3.96,493500,psxdata,2026-05-11T12:51:36
PIAHCLA,2023-08-28,3.92,4.01,3.91,3.93,518000,psxdata,2026-05-11T12:51:36
PIAHCLA,2023-08-29,3.99,3.99,3.74,3.83,437000,psxdata,2026-05-11T12:51:36
PIAHCLA,2023-08-30,3.95,3.98,3.7,3.75,394000,psxdata,2026-05-11T12:51:36
PIAHCLA,2023-08-31,3.79,3.81,3.47,3.52,638500,psxdata,2026-05-11T12:51:36
PIAHCLA,2023-09-01,3.6,3.64,3.48,3.51,1393000,psxdata,2026-05-11T12:51:36
PIAHCLA,2023-09-04,3.63,3.75,3.59,3.7,3150000,psxdata,2026-05-11T12:51:36
PIAHCLA,2023-09-05,3.75,3.88,3.75,3.86,1483500,psxdata,2026-05-11T12:51:36
PIAHCLA,2023-09-06,3.79,3.9,3.79,3.85,353000,psxdata,2026-05-11T12:51:36
PIAHCLA,2023-09-07,3.85,4.05,3.85,3.99,2505000,psxdata,2026-05-11T12:51:36
PIAHCLA,2023-09-08,4.05,4.84,4.0,4.56,7496500,psxdata,2026-05-11T12:51:36
PIAHCLA,2023-09-11,4.6,4.78,4.47,4.54,7997500,psxdata,2026-05-11T12:51:36
PIAHCLA,2023-09-12,4.4,4.55,4.05,4.1,5074000,psxdata,2026-05-11T12:51:36
PIAHCLA,2023-09-13,4.05,4.24,4.05,4.12,2913500,psxdata,2026-05-11T12:51:36
PIAHCLA,2023-09-14,4.18,4.18,4.05,4.14,1482500,psxdata,2026-05-11T12:51:36
PIAHCLA,2023-09-15,4.36,4.39,4.09,4.19,2750000,psxdata,2026-05-11T12:51:36
PIAHCLA,2023-09-18,4.15,4.38,4.11,4.24,2766000,psxdata,2026-05-11T12:51:36
PIAHCLA,2023-09-19,4.2,4.3,4.17,4.2,1195500,psxdata,2026-05-11T12:51:36
PIAHCLA,2023-09-20,4.2,4.32,4.2,4.21,726000,psxdata,2026-05-11T12:51:36
PIAHCLA,2023-09-21,4.24,4.35,4.15,4.28,1366500,psxdata,2026-05-11T12:51:36
PIAHCLA,2023-09-22,4.35,4.4,4.29,4.38,1271000,psxdata,2026-05-11T12:51:36
PIAHCLA,2023-09-25,4.38,5.38,4.35,5.38,29654500,psxdata,2026-05-11T12:51:36
PIAHCLA,2023-09-26,5.56,5.93,5.4,5.54,39589500,psxdata,2026-05-11T12:51:36
PIAHCLA,2023-09-27,5.46,5.58,5.15,5.2,6933000,psxdata,2026-05-11T12:51:36
PIAHCLA,2023-09-28,5.22,5.61,5.22,5.3,6306500,psxdata,2026-05-11T12:51:36
PIAHCLA,2023-10-02,5.36,5.53,5.31,5.38,1977500,psxdata,2026-05-11T12:51:36
PIAHCLA,2023-10-03,5.26,5.45,5.11,5.14,3441000,psxdata,2026-05-11T12:51:36
PIAHCLA,2023-10-04,5.15,5.29,5.01,5.13,6422500,psxdata,2026-05-11T12:51:36
PIAHCLA,2023-10-05,5.21,5.37,5.16,5.23,2714500,psxdata,2026-05-11T12:51:36
PIAHCLA,2023-10-06,5.29,5.43,5.12,5.2,6141500,psxdata,2026-05-11T12:51:36
PIAHCLA,2023-10-09,5.32,5.7,5.23,5.49,12363000,psxdata,2026-05-11T12:51:36
PIAHCLA,2023-10-10,5.48,5.56,5.35,5.39,3055000,psxdata,2026-05-11T12:51:36
PIAHCLA,2023-10-11,5.47,5.48,5.31,5.34,2572000,psxdata,2026-05-11T12:51:36
PIAHCLA,2023-10-12,5.43,5.49,5.29,5.31,1443500,psxdata,2026-05-11T12:51:36
PIAHCLA,2023-10-13,5.44,5.74,5.31,5.64,7450500,psxdata,2026-05-11T12:51:36
PIAHCLA,2023-10-16,5.52,5.8,5.5,5.6,4686000,psxdata,2026-05-11T12:51:36
PIAHCLA,2023-10-17,5.67,5.67,5.35,5.38,1487000,psxdata,2026-05-11T12:51:36
PIAHCLA,2023-10-18,5.31,5.45,5.18,5.21,1369500,psxdata,2026-05-11T12:51:36
PIAHCLA,2023-10-19,5.54,5.54,5.18,5.22,2464500,psxdata,2026-05-11T12:51:36
PIAHCLA,2023-10-20,5.2,5.3,5.15,5.16,960500,psxdata,2026-05-11T12:51:36
PIAHCLA,2023-10-23,5.15,5.23,4.96,5.01,2005000,psxdata,2026-05-11T12:51:36
PIAHCLA,2023-10-24,4.94,4.95,4.74,4.82,1135500,psxdata,2026-05-11T12:51:36
PIAHCLA,2023-10-25,4.75,5.0,4.74,4.79,1051000,psxdata,2026-05-11T12:51:36
PIAHCLA,2023-10-26,4.94,4.94,4.71,4.75,725500,psxdata,2026-05-11T12:51:36
PIAHCLA,2023-10-27,4.7,4.97,4.55,4.91,4333000,psxdata,2026-05-11T12:51:36
PIAHCLA,2023-10-30,4.97,5.05,4.83,4.91,845000,psxdata,2026-05-11T12:51:36
PIAHCLA,2023-10-31,4.99,4.99,4.83,4.87,1048000,psxdata,2026-05-11T12:51:36
PIAHCLA,2023-11-01,4.8,4.95,4.78,4.82,764500,psxdata,2026-05-11T12:51:36
PIAHCLA,2023-11-02,4.75,4.95,4.7,4.78,904000,psxdata,2026-05-11T12:51:36
PIAHCLA,2023-11-03,4.8,4.87,4.75,4.78,715500,psxdata,2026-05-11T12:51:36
PIAHCLA,2023-11-06,4.9,4.95,4.78,4.81,927500,psxdata,2026-05-11T12:51:36
PIAHCLA,2023-11-07,4.98,5.0,4.8,4.84,1247000,psxdata,2026-05-11T12:51:36
PIAHCLA,2023-11-08,4.95,4.97,4.84,4.86,896000,psxdata,2026-05-11T12:51:36
PIAHCLA,2023-11-10,4.83,5.16,4.83,5.08,3961000,psxdata,2026-05-11T12:51:36
PIAHCLA,2023-11-13,5.51,5.7,5.3,5.37,13879500,psxdata,2026-05-11T12:51:36
PIAHCLA,2023-11-14,5.38,5.44,5.21,5.33,1845000,psxdata,2026-05-11T12:51:36
PIAHCLA,2023-11-15,5.3,5.48,5.25,5.29,1490500,psxdata,2026-05-11T12:51:36
PIAHCLA,2023-11-16,5.5,5.5,5.35,5.42,2970500,psxdata,2026-05-11T12:51:36
PIAHCLA,2023-11-17,5.55,5.55,5.3,5.34,2336000,psxdata,2026-05-11T12:51:36
PIAHCLA,2023-11-20,5.55,5.57,5.32,5.39,3373500,psxdata,2026-05-11T12:51:36
PIAHCLA,2023-11-21,5.35,5.48,5.35,5.38,1698500,psxdata,2026-05-11T12:51:36
PIAHCLA,2023-11-22,5.37,5.4,5.33,5.36,1254000,psxdata,2026-05-11T12:51:36
PIAHCLA,2023-11-23,5.44,5.46,5.33,5.36,1176000,psxdata,2026-05-11T12:51:36
PIAHCLA,2023-11-24,5.34,6.25,5.25,5.95,14865500,psxdata,2026-05-11T12:51:36
PIAHCLA,2023-11-27,6.09,6.45,6.02,6.3,13108000,psxdata,2026-05-11T12:51:36
PIAHCLA,2023-11-28,6.3,6.4,6.1,6.21,5213000,psxdata,2026-05-11T12:51:36
PIAHCLA,2023-11-29,6.23,6.43,6.05,6.14,4656500,psxdata,2026-05-11T12:51:36
PIAHCLA,2023-11-30,6.19,6.26,5.93,6.09,6430000,psxdata,2026-05-11T12:51:36
PIAHCLA,2023-12-01,6.15,6.27,6.01,6.12,2892000,psxdata,2026-05-11T12:51:36
PIAHCLA,2023-12-04,6.39,6.39,6.15,6.2,2103500,psxdata,2026-05-11T12:51:36
PIAHCLA,2023-12-05,6.29,6.29,6.03,6.16,1437000,psxdata,2026-05-11T12:51:36
PIAHCLA,2023-12-06,6.22,6.24,6.11,6.13,1571000,psxdata,2026-05-11T12:51:36
PIAHCLA,2023-12-07,6.1,6.66,5.96,6.49,7279500,psxdata,2026-05-11T12:51:36
PIAHCLA,2023-12-08,6.59,6.79,6.45,6.65,13233500,psxdata,2026-05-11T12:51:36
PIAHCLA,2023-12-11,6.8,6.82,6.55,6.61,2854000,psxdata,2026-05-11T12:51:36
PIAHCLA,2023-12-12,6.58,6.74,6.36,6.45,2791000,psxdata,2026-05-11T12:51:36
PIAHCLA,2023-12-13,6.4,6.78,6.03,6.22,6146500,psxdata,2026-05-11T12:51:36
PIAHCLA,2023-12-14,6.49,7.22,6.26,7.22,17891000,psxdata,2026-05-11T12:51:36
PIAHCLA,2023-12-15,7.74,8.22,7.6,8.22,38664000,psxdata,2026-05-11T12:51:36
PIAHCLA,2023-12-18,8.87,9.22,8.6,9.21,24501500,psxdata,2026-05-11T12:51:36
PIAHCLA,2023-12-19,9.33,9.45,8.21,8.65,20316500,psxdata,2026-05-11T12:51:36
PIAHCLA,2023-12-20,8.75,8.82,7.65,7.65,17831500,psxdata,2026-05-11T12:51:36
PIAHCLA,2023-12-21,7.55,8.38,6.77,8.12,14378000,psxdata,2026-05-11T12:51:36
PIAHCLA,2023-12-22,8.2,8.2,7.5,7.77,3062000,psxdata,2026-05-11T12:51:36
PIAHCLA,2023-12-26,7.83,7.83,6.77,6.77,3434500,psxdata,2026-05-11T12:51:36
PIAHCLA,2023-12-27,6.77,6.79,6.2,6.73,3318000,psxdata,2026-05-11T12:51:36
PIAHCLA,2023-12-28,6.76,7.6,6.76,7.08,6281000,psxdata,2026-05-11T12:51:36
PIAHCLA,2023-12-29,6.91,7.28,6.7,7.05,5022000,psxdata,2026-05-11T12:51:36
PIAHCLA,2024-01-01,6.88,7.47,6.8,7.24,6456500,psxdata,2026-05-11T12:51:36
PIAHCLA,2024-01-02,7.24,7.32,6.93,7.01,2786000,psxdata,2026-05-11T12:51:36
PIAHCLA,2024-01-03,7.01,8.01,6.95,7.92,24901500,psxdata,2026-05-11T12:51:36
PIAHCLA,2024-01-04,7.76,8.37,7.69,8.08,14838500,psxdata,2026-05-11T12:51:36
PIAHCLA,2024-01-05,8.1,8.72,7.85,8.13,16501000,psxdata,2026-05-11T12:51:36
PIAHCLA,2024-01-08,8.25,8.95,7.75,8.36,17943000,psxdata,2026-05-11T12:51:36
PIAHCLA,2024-01-09,8.59,9.13,8.51,8.99,19810500,psxdata,2026-05-11T12:51:36
PIAHCLA,2024-01-10,9.2,9.99,9.2,9.99,29339000,psxdata,2026-05-11T12:51:36
PIAHCLA,2024-01-11,10.6,10.99,10.5,10.99,33897500,psxdata,2026-05-11T12:51:36
PIAHCLA,2024-01-12,11.45,11.46,10.11,10.41,26239000,psxdata,2026-05-11T12:51:36
PIAHCLA,2024-01-15,10.61,10.65,9.59,9.8,10871500,psxdata,2026-05-11T12:51:36
PIAHCLA,2024-01-16,9.79,10.8,9.05,10.8,31340000,psxdata,2026-05-11T12:51:36
PIAHCLA,2024-01-17,10.8,11.23,10.43,10.56,27071000,psxdata,2026-05-11T12:51:36
PIAHCLA,2024-01-18,10.28,11.56,10.0,11.56,40427500,psxdata,2026-05-11T12:51:36
PIAHCLA,2024-01-19,11.74,12.17,11.57,12.04,43353500,psxdata,2026-05-11T12:51:36
PIAHCLA,2024-01-22,12.04,12.39,11.7,12.07,21105500,psxdata,2026-05-11T12:51:36
PIAHCLA,2024-01-23,12.07,12.25,11.07,11.34,22586000,psxdata,2026-05-11T12:51:36
PIAHCLA,2024-01-24,10.34,10.5,10.34,10.34,8326500,psxdata,2026-05-11T12:51:36
PIAHCLA,2024-01-25,9.34,9.34,9.34,9.34,2481500,psxdata,2026-05-11T12:51:36
PIAHCLA,2024-01-26,8.34,10.34,8.34,10.34,66176000,psxdata,2026-05-11T12:51:36
PIAHCLA,2024-01-29,10.29,10.87,9.81,9.93,22938500,psxdata,2026-05-11T12:51:36
PIAHCLA,2024-01-30,10.0,10.4,9.51,9.7,12735500,psxdata,2026-05-11T12:51:36
PIAHCLA,2024-01-31,9.8,9.99,8.86,9.3,10288000,psxdata,2026-05-11T12:51:36
PIAHCLA,2024-02-01,9.3,10.2,9.13,10.07,18838500,psxdata,2026-05-11T12:51:36
PIAHCLA,2024-02-02,10.35,11.07,9.99,10.94,25838500,psxdata,2026-05-11T12:51:36
PIAHCLA,2024-02-06,10.5,11.55,10.06,10.84,47061500,psxdata,2026-05-11T12:51:36
PIAHCLA,2024-02-07,11.16,11.34,10.92,10.98,15465000,psxdata,2026-05-11T12:51:36
PIAHCLA,2024-02-09,10.47,10.68,9.98,10.39,11216500,psxdata,2026-05-11T12:51:36
PIAHCLA,2024-02-12,10.16,10.28,9.39,9.39,9751000,psxdata,2026-05-11T12:51:36
PIAHCLA,2024-02-13,8.9,9.77,8.39,9.34,16725500,psxdata,2026-05-11T12:51:36
PIAHCLA,2024-02-14,9.65,9.93,9.57,9.72,8411500,psxdata,2026-05-11T12:51:36
PIAHCLA,2024-02-15,9.78,10.72,9.56,10.61,28606500,psxdata,2026-05-11T12:51:36
PIAHCLA,2024-02-16,10.48,10.85,9.81,10.17,14377000,psxdata,2026-05-11T12:51:36
PIAHCLA,2024-02-19,9.9,11.17,9.9,11.06,21406500,psxdata,2026-05-11T12:51:36
PIAHCLA,2024-02-20,11.25,11.54,11.0,11.1,19289500,psxdata,2026-05-11T12:51:36
PIAHCLA,2024-02-21,11.43,11.69,11.0,11.31,6150500,psxdata,2026-05-11T12:51:36
PIAHCLA,2024-02-22,11.3,11.3,10.63,10.76,5072000,psxdata,2026-05-11T12:51:36
PIAHCLA,2024-02-23,10.51,11.26,10.51,11.1,8033000,psxdata,2026-05-11T12:51:36
PIAHCLA,2024-02-26,11.35,11.4,11.05,11.13,5203000,psxdata,2026-05-11T12:51:36
PIAHCLA,2024-02-27,11.06,11.17,10.87,10.93,1905500,psxdata,2026-05-11T12:51:36
PIAHCLA,2024-02-28,10.96,11.19,10.85,10.95,1515500,psxdata,2026-05-11T12:51:36
PIAHCLA,2024-02-29,10.9,11.17,10.75,10.8,2712500,psxdata,2026-05-11T12:51:36
PIAHCLA,2024-03-01,10.92,11.8,10.9,11.8,8571500,psxdata,2026-05-11T12:51:36
PIAHCLA,2024-03-04,11.99,12.8,11.99,12.8,5746000,psxdata,2026-05-11T12:51:36
PIAHCLA,2024-03-05,13.8,13.8,13.8,13.8,983500,psxdata,2026-05-11T12:51:36
PIAHCLA,2024-03-06,14.39,14.84,14.12,14.51,28092000,psxdata,2026-05-11T12:51:36
PIAHCLA,2024-03-07,15.59,15.6,15.2,15.6,21560000,psxdata,2026-05-11T12:51:36
PIAHCLA,2024-03-08,16.3,16.77,16.3,16.77,7498000,psxdata,2026-05-11T12:51:36
PIAHCLA,2024-03-11,18.0,18.03,17.7,18.03,5020500,psxdata,2026-05-11T12:51:36
PIAHCLA,2024-03-12,18.99,19.38,17.31,18.1,28898000,psxdata,2026-05-11T12:51:36
PIAHCLA,2024-03-13,18.11,18.7,17.4,17.89,11752000,psxdata,2026-05-11T12:51:36
PIAHCLA,2024-03-14,18.2,19.23,18.2,19.23,2973000,psxdata,2026-05-11T12:51:36
PIAHCLA,2024-03-15,20.67,20.67,20.67,20.67,552500,psxdata,2026-05-11T12:51:36
PIAHCLA,2024-03-18,22.22,22.22,22.22,22.22,774500,psxdata,2026-05-11T12:51:36
PIAHCLA,2024-03-19,23.89,23.89,23.89,23.89,490000,psxdata,2026-05-11T12:51:36
PIAHCLA,2024-03-20,25.68,25.68,25.68,25.68,149000,psxdata,2026-05-11T12:51:36
PIAHCLA,2024-03-21,27.61,27.61,27.61,27.61,500500,psxdata,2026-05-11T12:51:36
PIAHCLA,2024-03-22,29.68,29.68,25.54,25.54,16544000,psxdata,2026-05-11T12:51:36
PIAHCLA,2024-03-25,23.76,24.5,23.62,23.62,8393000,psxdata,2026-05-11T12:51:36
PIAHCLA,2024-03-26,22.15,25.39,21.85,25.39,30297500,psxdata,2026-05-11T12:51:36
PIAHCLA,2024-03-27,27.29,27.29,27.29,27.29,1454000,psxdata,2026-05-11T12:51:36
PIAHCLA,2024-03-28,29.34,29.34,29.34,29.34,239000,psxdata,2026-05-11T12:51:36
PIAHCLA,2024-03-29,31.54,31.54,27.14,31.54,39192500,psxdata,2026-05-11T12:51:36
PIAHCLA,2024-04-01,30.1,32.94,29.17,29.28,39967500,psxdata,2026-05-11T12:51:36
PIAHCLA,2024-04-02,28.2,28.4,27.08,27.08,6596000,psxdata,2026-05-11T12:51:36
PIAHCLA,2024-04-03,25.73,28.74,25.05,25.22,38235500,psxdata,2026-05-11T12:51:36
PIAHCLA,2024-04-04,25.89,27.02,23.33,26.19,47200500,psxdata,2026-05-11T12:51:36
PIAHCLA,2024-04-08,27.0,27.1,25.64,26.05,16693500,psxdata,2026-05-11T12:51:36
PIAHCLA,2024-04-09,26.1,27.3,25.5,26.55,19039000,psxdata,2026-05-11T12:51:36
PIAHCLA,2024-04-15,26.61,28.1,26.05,27.75,19646500,psxdata,2026-05-11T12:51:36
PIAHCLA,2024-04-16,27.7,27.88,26.54,26.9,16254000,psxdata,2026-05-11T12:51:36
PIAHCLA,2024-04-17,26.8,27.42,26.0,26.41,14563000,psxdata,2026-05-11T12:51:36
PIAHCLA,2024-04-18,26.45,26.51,25.01,26.04,17469500,psxdata,2026-05-11T12:51:36
PIAHCLA,2024-04-19,25.85,25.88,25.3,25.4,8089500,psxdata,2026-05-11T12:51:36
PIAHCLA,2024-04-22,25.68,27.31,25.67,27.31,16507000,psxdata,2026-05-11T12:51:36
PIAHCLA,2024-04-23,27.89,28.31,27.02,27.27,16916000,psxdata,2026-05-11T12:51:36
PIAHCLA,2024-04-24,27.4,27.9,26.51,26.82,12325500,psxdata,2026-05-11T12:51:36
PIAHCLA,2024-04-25,26.85,27.48,26.4,26.51,9277000,psxdata,2026-05-11T12:51:36
PIAHCLA,2024-04-26,26.61,27.3,26.45,26.55,11090000,psxdata,2026-05-11T12:51:36
PIAHCLA,2024-04-29,27.0,27.45,25.1,26.65,13517572,psxdata,2026-05-11T12:51:36
PIAHCLA,2024-04-30,26.76,27.25,25.82,26.14,7936133,psxdata,2026-05-11T12:51:36
PIAHCLA,2024-05-02,25.5,25.5,24.18,24.19,15727217,psxdata,2026-05-11T12:51:36
PIAHCLA,2024-05-03,24.49,25.55,24.0,24.66,8031688,psxdata,2026-05-11T12:51:36
PIAHCLA,2024-05-06,26.51,26.51,26.01,26.51,4555380,psxdata,2026-05-11T12:51:36
PIAHCLA,2024-05-07,27.51,27.85,25.08,25.43,13582773,psxdata,2026-05-11T12:51:36
PIAHCLA,2024-05-08,25.0,25.4,23.52,23.94,10473219,psxdata,2026-05-11T12:51:36
PIAHCLA,2024-05-09,24.0,24.9,23.55,24.72,8756262,psxdata,2026-05-11T12:51:36
PIAHCLA,2024-05-10,24.94,25.31,24.6,25.04,7475111,psxdata,2026-05-11T12:51:36
PIAHCLA,2024-05-13,25.39,25.55,25.05,25.36,6398934,psxdata,2026-05-11T12:51:36
PIAHCLA,2024-05-14,25.47,25.47,24.22,24.52,4792013,psxdata,2026-05-11T12:51:36
PIAHCLA,2024-05-15,25.0,25.46,24.6,25.06,7875781,psxdata,2026-05-11T12:51:36
PIAHCLA,2024-05-16,25.36,26.94,25.35,26.2,34846148,psxdata,2026-05-11T12:51:36
PIAHCLA,2024-05-17,26.45,26.7,24.24,24.31,28760119,psxdata,2026-05-11T12:51:36
PIAHCLA,2024-05-20,22.49,22.98,22.49,22.49,5756959,psxdata,2026-05-11T12:51:36
PIAHCLA,2024-05-21,20.8,20.8,20.8,20.8,1253868,psxdata,2026-05-11T12:51:36
PIAHCLA,2024-05-22,19.24,19.24,19.24,19.24,384294,psxdata,2026-05-11T12:51:36
PIAHCLA,2024-05-23,18.31,20.68,18.31,20.65,25498000,psxdata,2026-05-11T12:51:36
PIAHCLA,2024-05-24,22.0,22.2,21.12,22.17,7467294,psxdata,2026-05-11T12:51:36
PIAHCLA,2024-05-27,22.15,22.15,20.4,20.4,2071196,psxdata,2026-05-11T12:51:36
PIAHCLA,2024-05-29,18.81,19.31,18.77,18.77,11410829,psxdata,2026-05-11T12:51:36
PIAHCLA,2024-05-30,18.0,18.5,17.27,17.33,15031756,psxdata,2026-05-11T12:51:36
PIAHCLA,2024-05-31,17.0,18.4,16.2,17.87,13870627,psxdata,2026-05-11T12:51:36
PIAHCLA,2024-06-03,18.09,19.3,17.3,19.01,25572549,psxdata,2026-05-11T12:51:36
PIAHCLA,2024-06-04,19.3,19.3,18.0,18.3,6928036,psxdata,2026-05-11T12:51:36
PIAHCLA,2024-06-05,18.29,18.35,16.84,17.0,7222576,psxdata,2026-05-11T12:51:36
PIAHCLA,2024-06-06,17.19,17.35,15.64,15.64,10246679,psxdata,2026-05-11T12:51:36
PIAHCLA,2024-06-07,15.65,15.65,14.39,14.39,13070215,psxdata,2026-05-11T12:51:36
PIAHCLA,2024-06-10,14.11,14.15,13.17,13.17,4370926,psxdata,2026-05-11T12:51:36
PIAHCLA,2024-06-11,12.33,12.61,12.05,12.05,4138104,psxdata,2026-05-11T12:51:36
PIAHCLA,2024-06-12,11.03,13.07,11.03,12.81,27442146,psxdata,2026-05-11T12:51:36
PIAHCLA,2024-06-13,12.85,13.87,12.8,13.56,12135191,psxdata,2026-05-11T12:51:36
PIAHCLA,2024-06-14,13.61,13.7,12.41,12.55,8015171,psxdata,2026-05-11T12:51:36
PIAHCLA,2024-06-20,12.02,13.6,11.75,13.26,11322272,psxdata,2026-05-11T12:51:36
PIAHCLA,2024-06-21,13.57,13.6,12.8,12.99,7787125,psxdata,2026-05-11T12:51:36
PIAHCLA,2024-06-24,12.99,12.99,12.29,12.38,2832379,psxdata,2026-05-11T12:51:36
PIAHCLA,2024-06-25,12.3,13.29,12.19,12.93,7514211,psxdata,2026-05-11T12:51:36
PIAHCLA,2024-06-26,13.22,13.5,12.7,12.91,9226389,psxdata,2026-05-11T12:51:36
PIAHCLA,2024-06-27,13.0,13.3,12.9,13.12,4445793,psxdata,2026-05-11T12:51:36
PIAHCLA,2024-06-28,13.15,13.2,12.86,13.08,2479864,psxdata,2026-05-11T12:51:36
PIAHCLA,2024-07-01,13.24,14.26,13.0,14.26,12620051,psxdata,2026-05-11T12:51:36
PIAHCLA,2024-07-02,15.54,15.54,15.2,15.54,2302245,psxdata,2026-05-11T12:51:36
PIAHCLA,2024-07-03,16.94,16.94,16.94,16.94,474396,psxdata,2026-05-11T12:51:36
PIAHCLA,2024-07-04,18.46,18.46,17.26,18.46,26706205,psxdata,2026-05-11T12:51:36
PIAHCLA,2024-07-05,19.5,20.12,18.75,19.9,25106233,psxdata,2026-05-11T12:51:36
PIAHCLA,2024-07-08,20.2,21.79,19.65,21.79,13861550,psxdata,2026-05-11T12:51:36
PIAHCLA,2024-07-09,22.89,23.86,22.51,23.86,11163389,psxdata,2026-05-11T12:51:36
PIAHCLA,2024-07-10,24.99,26.13,24.63,25.08,43039629,psxdata,2026-05-11T12:51:36
PIAHCLA,2024-07-11,24.45,25.1,22.7,22.7,13341477,psxdata,2026-05-11T12:51:36
PIAHCLA,2024-07-12,20.54,20.79,20.54,20.54,2835437,psxdata,2026-05-11T12:51:36
PIAHCLA,2024-07-15,18.76,22.4,18.59,19.01,35758060,psxdata,2026-05-11T12:51:36
PIAHCLA,2024-07-18,19.01,20.2,17.52,19.25,25362682,psxdata,2026-05-11T12:51:36
PIAHCLA,2024-07-19,19.38,19.48,18.2,18.59,15573483,psxdata,2026-05-11T12:51:36
PIAHCLA,2024-07-22,18.49,18.64,16.73,17.02,19205471,psxdata,2026-05-11T12:51:36
PIAHCLA,2024-07-23,17.02,17.4,15.46,15.63,22079450,psxdata,2026-05-11T12:51:36
PIAHCLA,2024-07-24,15.5,16.78,15.1,16.31,17163702,psxdata,2026-05-11T12:51:36
PIAHCLA,2024-07-25,16.7,17.1,15.91,16.29,12507368,psxdata,2026-05-11T12:51:36
PIAHCLA,2024-07-26,16.3,16.5,15.52,15.7,5980696,psxdata,2026-05-11T12:51:36
PIAHCLA,2024-07-29,15.98,16.49,15.6,16.05,6778010,psxdata,2026-05-11T12:51:36
PIAHCLA,2024-07-30,16.4,16.4,15.6,15.66,3585068,psxdata,2026-05-11T12:51:36
PIAHCLA,2024-07-31,15.92,15.92,15.2,15.29,2474638,psxdata,2026-05-11T12:51:36
PIAHCLA,2024-08-01,15.49,15.5,14.85,14.98,3260637,psxdata,2026-05-11T12:51:36
PIAHCLA,2024-08-02,15.25,16.48,15.01,16.48,9056971,psxdata,2026-05-11T12:51:36
PIAHCLA,2024-08-05,17.84,18.13,17.51,18.13,4319154,psxdata,2026-05-11T12:51:36
PIAHCLA,2024-08-06,19.94,19.94,17.05,17.76,21944558,psxdata,2026-05-11T12:51:36
PIAHCLA,2024-08-07,18.0,18.15,17.39,17.62,4816884,psxdata,2026-05-11T12:51:36
PIAHCLA,2024-08-08,17.7,19.35,17.7,18.42,20426508,psxdata,2026-05-11T12:51:36
PIAHCLA,2024-08-09,18.65,19.45,18.45,18.85,15552451,psxdata,2026-05-11T12:51:36
PIAHCLA,2024-08-12,19.15,19.44,17.91,18.11,8582574,psxdata,2026-05-11T12:51:36
PIAHCLA,2024-08-13,18.0,18.29,17.21,17.47,5192834,psxdata,2026-05-11T12:51:36
PIAHCLA,2024-08-15,17.5,19.22,17.05,19.22,16891755,psxdata,2026-05-11T12:51:36
PIAHCLA,2024-08-16,19.97,19.98,17.5,17.77,15290917,psxdata,2026-05-11T12:51:36
PIAHCLA,2024-08-19,18.0,18.2,16.26,16.84,6815604,psxdata,2026-05-11T12:51:36
PIAHCLA,2024-08-20,16.88,18.09,16.8,17.3,9316512,psxdata,2026-05-11T12:51:36
PIAHCLA,2024-08-21,17.39,18.95,17.21,18.22,18921740,psxdata,2026-05-11T12:51:36
PIAHCLA,2024-08-22,18.3,18.6,17.75,17.98,7067560,psxdata,2026-05-11T12:51:36
PIAHCLA,2024-08-23,18.2,18.69,17.81,17.98,7764482,psxdata,2026-05-11T12:51:36
PIAHCLA,2024-08-26,18.2,18.35,17.72,17.82,3498369,psxdata,2026-05-11T12:51:36
PIAHCLA,2024-08-27,17.89,18.1,17.51,17.62,4825826,psxdata,2026-05-11T12:51:36
PIAHCLA,2024-08-28,17.89,18.36,17.37,17.5,7547621,psxdata,2026-05-11T12:51:36
PIAHCLA,2024-08-29,17.65,18.1,17.42,17.54,7219504,psxdata,2026-05-11T12:51:36
PIAHCLA,2024-08-30,18.68,19.28,18.1,18.96,19240354,psxdata,2026-05-11T12:51:36
PIAHCLA,2024-09-02,18.8,18.8,17.4,17.73,6201093,psxdata,2026-05-11T12:51:36
PIAHCLA,2024-09-03,17.87,18.05,17.41,17.8,4251580,psxdata,2026-05-11T12:51:36
PIAHCLA,2024-09-04,18.0,18.42,17.9,18.13,5197898,psxdata,2026-05-11T12:51:36
PIAHCLA,2024-09-05,18.29,18.4,17.61,17.7,4063786,psxdata,2026-05-11T12:51:36
PIAHCLA,2024-09-06,17.75,18.12,17.6,17.79,3391697,psxdata,2026-05-11T12:51:36
PIAHCLA,2024-09-09,17.12,17.84,17.12,17.31,3230606,psxdata,2026-05-11T12:51:36
PIAHCLA,2024-09-10,17.47,18.4,17.2,17.85,6281033,psxdata,2026-05-11T12:51:36
PIAHCLA,2024-09-11,17.99,18.1,17.47,17.55,1608561,psxdata,2026-05-11T12:51:36
PIAHCLA,2024-09-12,17.8,17.81,17.41,17.49,1212287,psxdata,2026-05-11T12:51:36
PIAHCLA,2024-09-13,17.9,17.9,17.1,17.3,2249418,psxdata,2026-05-11T12:51:36
PIAHCLA,2024-09-16,17.3,17.38,16.88,16.94,1743545,psxdata,2026-05-11T12:51:36
PIAHCLA,2024-09-18,17.26,17.26,16.61,16.68,2579861,psxdata,2026-05-11T12:51:36
PIAHCLA,2024-09-19,16.63,16.9,15.94,16.11,2919886,psxdata,2026-05-11T12:51:36
PIAHCLA,2024-09-20,15.9,17.07,14.99,16.57,7963409,psxdata,2026-05-11T12:51:36
PIAHCLA,2024-09-23,18.23,18.23,18.23,18.23,2251361,psxdata,2026-05-11T12:51:36
PIAHCLA,2024-09-24,20.05,20.05,18.81,20.05,19959581,psxdata,2026-05-11T12:51:36
PIAHCLA,2024-09-25,21.44,22.06,21.06,22.06,6598997,psxdata,2026-05-11T12:51:36
PIAHCLA,2024-09-26,24.27,24.27,20.4,20.91,36327627,psxdata,2026-05-11T12:51:36
PIAHCLA,2024-09-27,18.82,18.82,18.82,18.82,1014456,psxdata,2026-05-11T12:51:36
PIAHCLA,2024-09-30,18.6,19.72,17.02,18.74,43078126,psxdata,2026-05-11T12:51:36
PIAHCLA,2024-10-01,18.89,19.0,18.2,18.46,8820495,psxdata,2026-05-11T12:51:36
PIAHCLA,2024-10-02,18.11,18.45,16.96,17.09,9673512,psxdata,2026-05-11T12:51:36
PIAHCLA,2024-10-03,17.2,17.94,17.01,17.36,6958085,psxdata,2026-05-11T12:51:36
PIAHCLA,2024-10-04,17.1,17.35,16.8,17.02,5427175,psxdata,2026-05-11T12:51:36
PIAHCLA,2024-10-07,17.01,17.65,16.81,17.24,3917724,psxdata,2026-05-11T12:51:36
PIAHCLA,2024-10-08,17.3,17.38,17.01,17.07,3275473,psxdata,2026-05-11T12:51:36
PIAHCLA,2024-10-09,17.14,18.78,17.12,18.5,15973603,psxdata,2026-05-11T12:51:36
PIAHCLA,2024-10-10,18.78,20.35,18.6,20.35,25513036,psxdata,2026-05-11T12:51:36
PIAHCLA,2024-10-11,20.35,20.35,18.53,19.25,16686725,psxdata,2026-05-11T12:51:36
PIAHCLA,2024-10-14,19.2,19.89,18.82,19.32,6887012,psxdata,2026-05-11T12:51:36
PIAHCLA,2024-10-15,19.32,20.95,19.26,20.47,13763864,psxdata,2026-05-11T12:51:36
PIAHCLA,2024-10-16,20.6,20.9,19.71,19.83,6384443,psxdata,2026-05-11T12:51:36
PIAHCLA,2024-10-17,19.83,19.83,18.6,18.68,6700999,psxdata,2026-05-11T12:51:36
PIAHCLA,2024-10-18,18.95,19.73,18.66,19.17,5045702,psxdata,2026-05-11T12:51:36
PIAHCLA,2024-10-21,19.45,19.9,19.3,19.72,5315245,psxdata,2026-05-11T12:51:36
PIAHCLA,2024-10-22,20.15,21.3,20.05,20.66,15860281,psxdata,2026-05-11T12:51:36
PIAHCLA,2024-10-23,20.93,20.93,19.86,20.06,5438956,psxdata,2026-05-11T12:51:36
PIAHCLA,2024-10-24,20.87,21.07,20.25,20.4,10713807,psxdata,2026-05-11T12:51:36
PIAHCLA,2024-10-25,20.6,20.6,19.31,19.98,9478697,psxdata,2026-05-11T12:51:36
PIAHCLA,2024-10-28,20.25,20.5,19.2,19.55,6203730,psxdata,2026-05-11T12:51:36
PIAHCLA,2024-10-29,19.5,19.5,18.51,18.82,11938451,psxdata,2026-05-11T12:51:36
PIAHCLA,2024-10-30,18.0,18.78,17.3,18.31,15901195,psxdata,2026-05-11T12:51:36
PIAHCLA,2024-10-31,18.98,19.02,16.71,17.31,14924293,psxdata,2026-05-11T12:51:36
PIAHCLA,2024-11-01,15.58,15.58,15.58,15.58,700738,psxdata,2026-05-11T12:51:36
PIAHCLA,2024-11-04,14.02,14.02,14.02,14.02,629242,psxdata,2026-05-11T12:51:36
PIAHCLA,2024-11-05,12.85,14.95,12.85,14.32,28104481,psxdata,2026-05-11T12:51:36
PIAHCLA,2024-11-06,14.45,14.5,13.7,13.89,6096548,psxdata,2026-05-11T12:51:36
PIAHCLA,2024-11-07,14.13,14.65,13.85,14.44,7789345,psxdata,2026-05-11T12:51:36
PIAHCLA,2024-11-08,15.8,15.8,15.2,15.47,10239066,psxdata,2026-05-11T12:51:36
PIAHCLA,2024-11-11,15.52,15.88,14.9,14.97,5129192,psxdata,2026-05-11T12:51:36
PIAHCLA,2024-11-12,14.8,14.95,14.16,14.66,4873681,psxdata,2026-05-11T12:51:36
PIAHCLA,2024-11-13,14.7,15.85,14.44,15.51,12057959,psxdata,2026-05-11T12:51:36
PIAHCLA,2024-11-14,16.9,17.06,16.9,17.06,5447040,psxdata,2026-05-11T12:51:36
PIAHCLA,2024-11-15,17.39,17.39,15.66,15.92,10492115,psxdata,2026-05-11T12:51:36
PIAHCLA,2024-11-18,15.88,16.9,15.5,16.15,9335583,psxdata,2026-05-11T12:51:36
PIAHCLA,2024-11-19,16.3,16.45,16.1,16.16,3539636,psxdata,2026-05-11T12:51:36
PIAHCLA,2024-11-20,16.4,17.78,15.75,17.78,18158495,psxdata,2026-05-11T12:51:36
PIAHCLA,2024-11-21,17.78,19.5,17.22,18.63,33841692,psxdata,2026-05-11T12:51:36
PIAHCLA,2024-11-22,18.84,18.88,16.77,16.79,27969689,psxdata,2026-05-11T12:51:36
PIAHCLA,2024-11-25,16.01,16.75,15.81,16.32,4301165,psxdata,2026-05-11T12:51:36
PIAHCLA,2024-11-26,16.32,16.59,14.82,14.96,7292498,psxdata,2026-05-11T12:51:36
PIAHCLA,2024-11-27,15.62,16.2,15.25,16.06,6645212,psxdata,2026-05-11T12:51:36
PIAHCLA,2024-11-28,16.06,16.55,16.0,16.39,6208895,psxdata,2026-05-11T12:51:36
PIAHCLA,2024-11-29,16.9,16.9,15.96,16.08,7757016,psxdata,2026-05-11T12:51:36
PIAHCLA,2024-12-02,17.69,17.69,17.69,17.69,2794912,psxdata,2026-05-11T12:51:36
PIAHCLA,2024-12-03,19.46,19.46,18.03,18.44,19078605,psxdata,2026-05-11T12:51:36
PIAHCLA,2024-12-04,18.5,18.5,17.55,17.75,7715101,psxdata,2026-05-11T12:51:36
PIAHCLA,2024-12-05,17.81,18.79,17.5,18.05,10760315,psxdata,2026-05-11T12:51:36
PIAHCLA,2024-12-06,18.25,18.5,17.9,18.03,5804356,psxdata,2026-05-11T12:51:36
PIAHCLA,2024-12-09,18.35,18.6,17.75,18.16,9272975,psxdata,2026-05-11T12:51:36
PIAHCLA,2024-12-10,18.01,18.44,17.8,18.1,8297669,psxdata,2026-05-11T12:51:36
PIAHCLA,2024-12-11,18.35,19.18,18.35,18.6,17425748,psxdata,2026-05-11T12:51:36
PIAHCLA,2024-12-12,18.75,18.95,17.69,18.15,9033870,psxdata,2026-05-11T12:51:36
PIAHCLA,2024-12-13,18.1,18.1,17.69,17.9,4385488,psxdata,2026-05-11T12:51:36
PIAHCLA,2024-12-16,17.96,18.29,17.49,17.59,7842553,psxdata,2026-05-11T12:51:36
PIAHCLA,2024-12-17,17.8,19.33,17.5,18.76,36897118,psxdata,2026-05-11T12:51:36
PIAHCLA,2024-12-18,19.25,19.54,18.26,18.36,16471080,psxdata,2026-05-11T12:51:36
PIAHCLA,2024-12-19,18.05,18.5,16.8,17.22,10803783,psxdata,2026-05-11T12:51:36
PIAHCLA,2024-12-20,17.25,17.85,16.55,17.72,7140150,psxdata,2026-05-11T12:51:36
PIAHCLA,2024-12-23,18.5,18.5,17.9,18.08,9598039,psxdata,2026-05-11T12:51:36
PIAHCLA,2024-12-24,18.15,18.15,17.6,17.66,5119180,psxdata,2026-05-11T12:51:36
PIAHCLA,2024-12-26,17.7,18.09,17.51,17.7,2855821,psxdata,2026-05-11T12:51:36
PIAHCLA,2024-12-27,17.51,17.9,17.1,17.21,5480147,psxdata,2026-05-11T12:51:36
PIAHCLA,2024-12-30,17.16,17.57,17.16,17.49,2608792,psxdata,2026-05-11T12:51:36
PIAHCLA,2024-12-31,17.52,18.35,17.43,18.18,11071845,psxdata,2026-05-11T12:51:36
PIAHCLA,2025-01-01,18.49,18.88,18.2,18.59,11399766,psxdata,2026-05-11T12:51:36
PIAHCLA,2025-01-02,18.74,18.84,17.97,18.06,5722523,psxdata,2026-05-11T12:51:36
PIAHCLA,2025-01-03,18.37,18.37,17.62,17.69,3253591,psxdata,2026-05-11T12:51:36
PIAHCLA,2025-01-06,17.81,17.81,17.2,17.47,2289583,psxdata,2026-05-11T12:51:36
PIAHCLA,2025-01-07,17.53,17.6,16.5,17.3,3349847,psxdata,2026-05-11T12:51:36
PIAHCLA,2025-01-08,17.26,17.85,16.61,16.83,2898809,psxdata,2026-05-11T12:51:36
PIAHCLA,2025-01-09,17.0,17.15,16.6,16.82,1511880,psxdata,2026-05-11T12:51:36
PIAHCLA,2025-01-10,17.16,17.99,17.0,17.19,4212479,psxdata,2026-05-11T12:51:36
PIAHCLA,2025-01-13,17.5,17.59,17.02,17.22,2090029,psxdata,2026-05-11T12:51:36
PIAHCLA,2025-01-14,17.51,17.85,17.3,17.39,2612965,psxdata,2026-05-11T12:51:36
PIAHCLA,2025-01-15,17.57,17.57,17.07,17.13,2137346,psxdata,2026-05-11T12:51:36
PIAHCLA,2025-01-16,17.19,17.2,17.05,17.07,771581,psxdata,2026-05-11T12:51:36
PIAHCLA,2025-01-17,17.23,17.4,16.8,17.08,1256978,psxdata,2026-05-11T12:51:36
PIAHCLA,2025-01-20,17.21,17.25,16.98,17.03,1866878,psxdata,2026-05-11T12:51:36
PIAHCLA,2025-01-21,17.19,17.19,16.83,16.86,1156987,psxdata,2026-05-11T12:51:36
PIAHCLA,2025-01-22,16.85,17.2,16.7,16.79,2058364,psxdata,2026-05-11T12:51:36
PIAHCLA,2025-01-23,16.98,17.65,16.5,17.15,4213351,psxdata,2026-05-11T12:51:36
PIAHCLA,2025-01-24,17.15,17.5,16.95,17.0,2595356,psxdata,2026-05-11T12:51:36
PIAHCLA,2025-01-27,17.35,17.6,17.0,17.13,3643057,psxdata,2026-05-11T12:51:36
PIAHCLA,2025-01-28,17.25,17.34,16.5,16.72,2204878,psxdata,2026-05-11T12:51:36
PIAHCLA,2025-01-29,16.84,17.74,16.84,17.49,10922835,psxdata,2026-05-11T12:51:36
PIAHCLA,2025-01-30,17.59,17.69,17.3,17.59,2707090,psxdata,2026-05-11T12:51:36
PIAHCLA,2025-01-31,17.65,17.97,17.07,17.2,6128913,psxdata,2026-05-11T12:51:36
PIAHCLA,2025-02-03,17.29,17.39,16.95,17.01,1802552,psxdata,2026-05-11T12:51:36
PIAHCLA,2025-02-04,17.5,17.75,17.02,17.08,2905265,psxdata,2026-05-11T12:51:36
PIAHCLA,2025-02-06,17.12,17.25,16.82,16.9,2059208,psxdata,2026-05-11T12:51:36
PIAHCLA,2025-02-07,17.1,17.12,16.8,17.09,1077074,psxdata,2026-05-11T12:51:36
PIAHCLA,2025-02-10,17.11,17.15,16.89,16.93,882393,psxdata,2026-05-11T12:51:36
PIAHCLA,2025-02-11,17.19,17.34,16.9,17.12,1917672,psxdata,2026-05-11T12:51:36
PIAHCLA,2025-02-12,17.38,17.38,16.82,17.05,1730576,psxdata,2026-05-11T12:51:36
PIAHCLA,2025-02-13,17.1,17.23,16.89,16.95,1420620,psxdata,2026-05-11T12:51:36
PIAHCLA,2025-02-14,16.95,17.09,16.65,16.73,1904565,psxdata,2026-05-11T12:51:36
PIAHCLA,2025-02-17,17.05,17.55,16.73,17.02,4135753,psxdata,2026-05-11T12:51:36
PIAHCLA,2025-02-18,17.32,17.32,16.77,16.85,1250616,psxdata,2026-05-11T12:51:36
PIAHCLA,2025-02-19,17.0,17.0,16.75,16.83,1051353,psxdata,2026-05-11T12:51:36
PIAHCLA,2025-02-20,16.96,17.1,16.8,16.85,1558193,psxdata,2026-05-11T12:51:36
PIAHCLA,2025-02-21,16.98,17.2,16.74,17.03,2800778,psxdata,2026-05-11T12:51:36
PIAHCLA,2025-02-24,17.13,17.4,16.75,16.89,4334810,psxdata,2026-05-11T12:51:36
PIAHCLA,2025-02-25,16.7,17.14,16.65,16.72,1144835,psxdata,2026-05-11T12:51:36
PIAHCLA,2025-02-26,16.51,16.8,16.51,16.62,1350825,psxdata,2026-05-11T12:51:36
PIAHCLA,2025-02-27,16.9,16.96,16.45,16.51,1621177,psxdata,2026-05-11T12:51:36
PIAHCLA,2025-02-28,16.5,16.73,15.9,15.93,2786682,psxdata,2026-05-11T12:51:36
PIAHCLA,2025-03-03,16.01,16.13,15.5,15.53,1339163,psxdata,2026-05-11T12:51:36
PIAHCLA,2025-03-04,15.91,15.91,15.31,15.52,460349,psxdata,2026-05-11T12:51:36
PIAHCLA,2025-03-05,15.4,15.97,15.4,15.51,746714,psxdata,2026-05-11T12:51:36
PIAHCLA,2025-03-06,15.6,15.83,15.38,15.62,679627,psxdata,2026-05-11T12:51:36
PIAHCLA,2025-03-07,15.96,16.15,15.76,16.01,1225630,psxdata,2026-05-11T12:51:36
PIAHCLA,2025-03-10,16.2,16.55,15.65,16.32,1683162,psxdata,2026-05-11T12:51:36
PIAHCLA,2025-03-11,16.32,16.94,16.0,16.43,2356183,psxdata,2026-05-11T12:51:36
PIAHCLA,2025-03-12,16.6,16.98,16.45,16.51,2383782,psxdata,2026-05-11T12:51:36
PIAHCLA,2025-03-13,16.7,16.7,16.3,16.36,1019958,psxdata,2026-05-11T12:51:36
PIAHCLA,2025-03-14,16.54,16.69,16.32,16.5,795348,psxdata,2026-05-11T12:51:36
PIAHCLA,2025-03-17,16.62,18.15,16.62,17.96,14519551,psxdata,2026-05-11T12:51:36
PIAHCLA,2025-03-18,18.19,18.35,17.51,17.66,3614044,psxdata,2026-05-11T12:51:36
PIAHCLA,2025-03-19,17.9,18.48,17.74,18.27,8848504,psxdata,2026-05-11T12:51:36
PIAHCLA,2025-03-20,18.75,19.68,18.4,19.39,19984659,psxdata,2026-05-11T12:51:36
PIAHCLA,2025-03-21,19.55,19.55,18.1,18.39,6692598,psxdata,2026-05-11T12:51:36
PIAHCLA,2025-03-24,18.99,18.99,18.0,18.23,3580705,psxdata,2026-05-11T12:51:36
PIAHCLA,2025-03-25,18.34,18.43,17.61,18.16,3080640,psxdata,2026-05-11T12:51:36
PIAHCLA,2025-03-26,18.6,18.6,17.85,17.97,4620126,psxdata,2026-05-11T12:51:36
PIAHCLA,2025-03-27,18.06,18.23,17.61,17.75,1728436,psxdata,2026-05-11T12:51:36
PIAHCLA,2025-04-03,17.61,18.44,17.45,18.12,5958160,psxdata,2026-05-11T12:51:36
PIAHCLA,2025-04-04,18.3,18.35,17.8,17.88,2744901,psxdata,2026-05-11T12:51:36
PIAHCLA,2025-04-07,17.52,17.73,16.09,17.05,5046710,psxdata,2026-05-11T12:51:36
PIAHCLA,2025-04-08,16.99,18.05,16.82,17.74,5919365,psxdata,2026-05-11T12:51:36
PIAHCLA,2025-04-09,18.99,19.4,18.03,18.8,20463930,psxdata,2026-05-11T12:51:36
PIAHCLA,2025-04-10,19.18,19.38,18.4,18.7,9580573,psxdata,2026-05-11T12:51:36
PIAHCLA,2025-04-11,18.99,19.19,18.42,18.48,9410724,psxdata,2026-05-11T12:51:36
PIAHCLA,2025-04-14,18.43,18.55,18.0,18.08,3726734,psxdata,2026-05-11T12:51:36
PIAHCLA,2025-04-15,18.48,18.48,17.8,17.84,2041025,psxdata,2026-05-11T12:51:36
PIAHCLA,2025-04-16,18.08,18.08,17.5,17.53,1924896,psxdata,2026-05-11T12:51:36
PIAHCLA,2025-04-17,17.52,17.52,17.0,17.09,4209552,psxdata,2026-05-11T12:51:36
PIAHCLA,2025-04-18,17.35,18.36,17.35,18.17,8538627,psxdata,2026-05-11T12:51:36
PIAHCLA,2025-04-21,18.28,18.69,17.9,18.0,4201426,psxdata,2026-05-11T12:51:36
PIAHCLA,2025-04-22,18.12,18.12,17.72,17.79,1115039,psxdata,2026-05-11T12:51:36
PIAHCLA,2025-04-23,17.8,17.94,17.34,17.52,1524437,psxdata,2026-05-11T12:51:36
PIAHCLA,2025-04-24,17.4,17.4,16.9,17.09,2737622,psxdata,2026-05-11T12:51:36
PIAHCLA,2025-04-25,17.3,17.4,16.68,16.8,4006962,psxdata,2026-05-11T12:51:36
PIAHCLA,2025-04-28,16.88,17.15,16.55,16.63,2910205,psxdata,2026-05-11T12:51:36
PIAHCLA,2025-04-29,16.6,16.89,16.35,16.78,2286503,psxdata,2026-05-11T12:51:36
PIAHCLA,2025-04-30,16.78,16.78,16.0,16.22,3197815,psxdata,2026-05-11T12:51:36
PIAHCLA,2025-05-02,16.01,16.75,16.01,16.57,675602,psxdata,2026-05-11T12:51:36
PIAHCLA,2025-05-05,16.71,17.1,16.55,16.74,2897496,psxdata,2026-05-11T12:51:36
PIAHCLA,2025-05-06,17.01,17.1,16.43,16.47,1963054,psxdata,2026-05-11T12:51:36
PIAHCLA,2025-05-07,14.85,16.0,14.85,15.09,2473965,psxdata,2026-05-11T12:51:36
PIAHCLA,2025-05-08,15.5,15.65,13.58,13.58,7727077,psxdata,2026-05-11T12:51:36
PIAHCLA,2025-05-09,12.76,13.0,12.22,12.23,14961675,psxdata,2026-05-11T12:51:36
PIAHCLA,2025-05-12,13.45,13.45,13.45,13.45,1255023,psxdata,2026-05-11T12:51:36
PIAHCLA,2025-05-13,14.8,14.8,14.4,14.8,5711938,psxdata,2026-05-11T12:51:36
PIAHCLA,2025-05-14,16.07,16.28,15.5,16.28,8586857,psxdata,2026-05-11T12:51:36
PIAHCLA,2025-05-15,16.5,17.59,16.2,17.24,10580939,psxdata,2026-05-11T12:51:36
PIAHCLA,2025-05-16,17.25,17.35,16.61,16.79,4465362,psxdata,2026-05-11T12:51:36
PIAHCLA,2025-05-19,16.79,16.79,16.42,16.51,2609747,psxdata,2026-05-11T12:51:36
PIAHCLA,2025-05-20,16.54,18.16,16.4,17.93,16735768,psxdata,2026-05-11T12:51:36
PIAHCLA,2025-05-21,18.19,18.34,17.6,18.05,7752050,psxdata,2026-05-11T12:51:36
PIAHCLA,2025-05-22,18.08,18.23,17.8,17.87,2218349,psxdata,2026-05-11T12:51:36
PIAHCLA,2025-05-23,17.98,17.98,17.35,17.84,2856979,psxdata,2026-05-11T12:51:36
PIAHCLA,2025-05-26,17.31,17.85,17.31,17.63,1609061,psxdata,2026-05-11T12:51:36
PIAHCLA,2025-05-27,17.4,17.85,17.1,17.49,2607436,psxdata,2026-05-11T12:51:36
PIAHCLA,2025-05-29,17.54,17.75,17.4,17.62,2119478,psxdata,2026-05-11T12:51:36
PIAHCLA,2025-05-30,17.77,17.77,17.3,17.38,2064564,psxdata,2026-05-11T12:51:36
PIAHCLA,2025-06-02,17.42,17.7,17.35,17.38,1075686,psxdata,2026-05-11T12:51:36
PIAHCLA,2025-06-03,17.39,17.75,17.27,17.39,1512120,psxdata,2026-05-11T12:51:36
PIAHCLA,2025-06-04,17.5,18.01,17.41,17.74,4650422,psxdata,2026-05-11T12:51:36
PIAHCLA,2025-06-05,18.02,19.51,18.02,19.51,31842116,psxdata,2026-05-11T12:51:36
PIAHCLA,2025-06-10,20.25,21.46,19.8,21.46,24745759,psxdata,2026-05-11T12:51:36
PIAHCLA,2025-06-11,22.95,22.95,20.41,22.16,41080503,psxdata,2026-05-11T12:51:36
PIAHCLA,2025-06-12,22.0,22.8,21.15,21.76,22504024,psxdata,2026-05-11T12:51:36
PIAHCLA,2025-06-13,20.5,22.85,20.5,22.38,30960243,psxdata,2026-05-11T12:51:36
PIAHCLA,2025-06-16,23.5,24.59,22.5,24.16,43086504,psxdata,2026-05-11T12:51:36
PIAHCLA,2025-06-17,24.98,25.1,23.8,23.95,25538700,psxdata,2026-05-11T12:51:36
PIAHCLA,2025-06-18,24.08,24.08,21.8,22.51,19294872,psxdata,2026-05-11T12:51:36
PIAHCLA,2025-06-19,22.4,22.95,20.81,21.57,19421084,psxdata,2026-05-11T12:51:36
PIAHCLA,2025-06-20,21.88,22.6,21.65,22.06,8375491,psxdata,2026-05-11T12:51:36
PIAHCLA,2025-06-23,21.76,21.76,19.85,19.96,11614268,psxdata,2026-05-11T12:51:36
PIAHCLA,2025-06-24,21.19,21.96,20.89,21.5,29927034,psxdata,2026-05-11T12:51:36
PIAHCLA,2025-06-25,21.55,22.4,21.55,21.82,9132885,psxdata,2026-05-11T12:51:36
PIAHCLA,2025-06-26,21.75,21.9,21.31,21.51,4713848,psxdata,2026-05-11T12:51:36
PIAHCLA,2025-06-27,21.49,22.14,21.12,21.52,5996615,psxdata,2026-05-11T12:51:36
PIAHCLA,2025-06-30,21.85,22.09,21.56,21.62,4343435,psxdata,2026-05-11T12:51:36
PIAHCLA,2025-07-01,21.62,21.9,21.3,21.52,3585413,psxdata,2026-05-11T12:51:36
PIAHCLA,2025-07-02,21.69,21.75,21.11,21.21,3728261,psxdata,2026-05-11T12:51:36
PIAHCLA,2025-07-03,21.25,21.48,20.72,20.82,3984996,psxdata,2026-05-11T12:51:36
PIAHCLA,2025-07-04,20.72,22.48,20.6,22.28,13867071,psxdata,2026-05-11T12:51:36
PIAHCLA,2025-07-07,22.5,22.6,21.0,21.15,8859534,psxdata,2026-05-11T12:51:36
PIAHCLA,2025-07-08,21.24,21.88,20.51,21.16,5533576,psxdata,2026-05-11T12:51:36
PIAHCLA,2025-07-09,22.94,23.28,22.06,23.23,39774070,psxdata,2026-05-11T12:51:36
PIAHCLA,2025-07-10,22.85,23.0,21.71,21.96,13525034,psxdata,2026-05-11T12:51:36
PIAHCLA,2025-07-11,22.09,22.47,21.9,22.29,4597503,psxdata,2026-05-11T12:51:36
PIAHCLA,2025-07-14,22.3,22.78,21.95,22.62,8101437,psxdata,2026-05-11T12:51:36
PIAHCLA,2025-07-15,22.8,22.8,22.0,22.03,6024171,psxdata,2026-05-11T12:51:36
PIAHCLA,2025-07-16,22.03,22.7,21.55,22.33,10314060,psxdata,2026-05-11T12:51:36
PIAHCLA,2025-07-17,22.75,22.75,22.1,22.16,4275724,psxdata,2026-05-11T12:51:36
PIAHCLA,2025-07-18,22.2,22.39,21.75,21.84,2890640,psxdata,2026-05-11T12:51:36
PIAHCLA,2025-07-21,21.8,21.94,21.6,21.68,1316680,psxdata,2026-05-11T12:51:36
PIAHCLA,2025-07-22,21.54,21.8,21.5,21.6,2334411,psxdata,2026-05-11T12:51:36
PIAHCLA,2025-07-23,21.71,21.82,21.29,21.34,2024559,psxdata,2026-05-11T12:51:36
PIAHCLA,2025-07-24,21.39,21.73,21.15,21.28,1802490,psxdata,2026-05-11T12:51:36
PIAHCLA,2025-07-25,21.28,21.4,20.8,20.99,2747957,psxdata,2026-05-11T12:51:36
PIAHCLA,2025-07-28,21.0,21.75,20.88,21.23,3055848,psxdata,2026-05-11T12:51:36
PIAHCLA,2025-07-29,21.19,21.65,20.82,21.38,2691175,psxdata,2026-05-11T12:51:36
PIAHCLA,2025-07-30,21.19,21.49,21.0,21.19,1284750,psxdata,2026-05-11T12:51:36
PIAHCLA,2025-07-31,21.07,21.39,21.0,21.05,1355282,psxdata,2026-05-11T12:51:36
PIAHCLA,2025-08-01,21.06,21.21,20.8,20.96,1237661,psxdata,2026-05-11T12:51:36
PIAHCLA,2025-08-04,21.0,21.1,20.55,20.82,1269398,psxdata,2026-05-11T12:51:36
PIAHCLA,2025-08-05,21.0,21.08,20.3,20.7,2100229,psxdata,2026-05-11T12:51:36
PIAHCLA,2025-08-06,20.53,20.89,20.5,20.58,1803543,psxdata,2026-05-11T12:51:36
PIAHCLA,2025-08-07,20.65,20.8,20.1,20.29,4544047,psxdata,2026-05-11T12:51:36
PIAHCLA,2025-08-08,20.44,20.7,20.25,20.39,1140079,psxdata,2026-05-11T12:51:36
PIAHCLA,2025-08-11,20.32,20.6,20.32,20.44,928472,psxdata,2026-05-11T12:51:36
PIAHCLA,2025-08-12,20.43,20.6,20.31,20.37,916789,psxdata,2026-05-11T12:51:36
PIAHCLA,2025-08-13,20.58,20.58,20.16,20.31,962199,psxdata,2026-05-11T12:51:36
PIAHCLA,2025-08-15,20.45,20.49,20.17,20.2,1136416,psxdata,2026-05-11T12:51:36
PIAHCLA,2025-08-18,20.2,20.4,19.98,20.01,1354932,psxdata,2026-05-11T12:51:36
PIAHCLA,2025-08-19,20.05,20.3,19.86,19.98,3159963,psxdata,2026-05-11T12:51:36
PIAHCLA,2025-08-20,20.09,20.7,19.51,20.12,6581443,psxdata,2026-05-11T12:51:36
PIAHCLA,2025-08-21,20.19,20.42,19.62,19.79,4282883,psxdata,2026-05-11T12:51:36
PIAHCLA,2025-08-22,19.95,19.98,19.71,19.75,1291334,psxdata,2026-05-11T12:51:36
PIAHCLA,2025-08-25,19.81,19.87,19.55,19.67,1299096,psxdata,2026-05-11T12:51:36
PIAHCLA,2025-08-26,19.72,20.49,19.72,19.93,6685849,psxdata,2026-05-11T12:51:36
PIAHCLA,2025-08-27,19.99,20.19,19.7,19.76,1769471,psxdata,2026-05-11T12:51:36
PIAHCLA,2025-08-28,19.76,20.0,19.66,19.8,1135879,psxdata,2026-05-11T12:51:36
PIAHCLA,2025-08-29,19.8,19.99,19.45,19.52,2948044,psxdata,2026-05-11T12:51:36
PIAHCLA,2025-09-01,19.75,19.97,19.62,19.75,2631736,psxdata,2026-05-11T12:51:36
PIAHCLA,2025-09-02,19.85,20.3,19.51,19.91,5540095,psxdata,2026-05-11T12:51:36
PIAHCLA,2025-09-03,19.99,20.82,19.86,20.56,10827220,psxdata,2026-05-11T12:51:36
PIAHCLA,2025-09-04,20.75,20.75,20.11,20.16,2562290,psxdata,2026-05-11T12:51:36
PIAHCLA,2025-09-05,20.16,20.23,19.9,20.02,1432223,psxdata,2026-05-11T12:51:36
PIAHCLA,2025-09-08,20.0,20.19,19.9,19.96,1987387,psxdata,2026-05-11T12:51:36
PIAHCLA,2025-09-09,20.15,20.15,19.84,19.89,1432248,psxdata,2026-05-11T12:51:36
PIAHCLA,2025-09-10,19.91,20.19,19.68,20.05,2470928,psxdata,2026-05-11T12:51:36
PIAHCLA,2025-09-11,20.05,20.19,19.81,19.84,1914911,psxdata,2026-05-11T12:51:36
PIAHCLA,2025-09-12,20.0,20.0,19.7,19.77,991416,psxdata,2026-05-11T12:51:36
PIAHCLA,2025-09-15,19.99,19.99,19.65,19.83,1481549,psxdata,2026-05-11T12:51:36
PIAHCLA,2025-09-16,19.83,19.91,19.7,19.75,1446278,psxdata,2026-05-11T12:51:36
PIAHCLA,2025-09-17,20.0,21.1,20.0,20.27,10733252,psxdata,2026-05-11T12:51:36
PIAHCLA,2025-09-18,20.41,20.49,20.1,20.31,2495538,psxdata,2026-05-11T12:51:36
PIAHCLA,2025-09-19,20.4,21.99,20.21,21.15,14837880,psxdata,2026-05-11T12:51:36
PIAHCLA,2025-09-22,21.49,21.49,20.64,20.67,4176430,psxdata,2026-05-11T12:51:36
PIAHCLA,2025-09-23,20.6,20.68,20.23,20.31,2603606,psxdata,2026-05-11T12:51:36
PIAHCLA,2025-09-24,20.31,20.95,20.16,20.32,4716662,psxdata,2026-05-11T12:51:36
PIAHCLA,2025-09-25,20.5,20.83,20.35,20.41,3330877,psxdata,2026-05-11T12:51:36
PIAHCLA,2025-09-26,20.4,20.8,20.36,20.62,4957695,psxdata,2026-05-11T12:51:36
PIAHCLA,2025-09-29,20.69,21.25,20.35,21.09,4312790,psxdata,2026-05-11T12:51:36
PIAHCLA,2025-09-30,21.49,21.66,20.75,20.95,6162086,psxdata,2026-05-11T12:51:36
PIAHCLA,2025-10-01,20.99,21.85,20.76,21.45,7213973,psxdata,2026-05-11T12:51:36
PIAHCLA,2025-10-02,21.65,21.8,21.09,21.3,3187291,psxdata,2026-05-11T12:51:36
PIAHCLA,2025-10-03,21.45,21.86,21.2,21.4,5200476,psxdata,2026-05-11T12:51:36
PIAHCLA,2025-10-06,21.58,22.28,20.9,21.95,8261027,psxdata,2026-05-11T12:51:36
PIAHCLA,2025-10-07,21.99,22.05,21.26,21.4,2856896,psxdata,2026-05-11T12:51:36
PIAHCLA,2025-10-08,21.44,21.8,20.83,21.27,2363645,psxdata,2026-05-11T12:51:36
PIAHCLA,2025-10-09,21.49,21.55,21.02,21.15,868132,psxdata,2026-05-11T12:51:36
PIAHCLA,2025-10-10,21.24,21.24,20.61,20.77,1735573,psxdata,2026-05-11T12:51:36
PIAHCLA,2025-10-13,20.51,20.82,19.91,20.01,3014487,psxdata,2026-05-11T12:51:36
PIAHCLA,2025-10-14,20.3,20.75,19.95,20.55,2418559,psxdata,2026-05-11T12:51:36
PIAHCLA,2025-10-15,21.3,22.61,21.0,22.61,9228470,psxdata,2026-05-11T12:51:36
PIAHCLA,2025-10-16,23.48,24.87,23.48,24.87,20025628,psxdata,2026-05-11T12:51:36
PIAHCLA,2025-10-17,26.87,27.09,23.7,24.09,24777295,psxdata,2026-05-11T12:51:36
PIAHCLA,2025-10-20,24.88,25.0,23.41,23.65,8910403,psxdata,2026-05-11T12:51:36
PIAHCLA,2025-10-21,23.8,24.35,23.5,23.87,6025375,psxdata,2026-05-11T12:51:36
PIAHCLA,2025-10-22,24.01,26.26,23.52,26.26,11705112,psxdata,2026-05-11T12:51:36
PIAHCLA,2025-10-23,27.77,28.0,26.2,26.48,29014599,psxdata,2026-05-11T12:51:36
PIAHCLA,2025-10-24,26.45,26.55,24.49,25.0,6183956,psxdata,2026-05-11T12:51:36
PIAHCLA,2025-10-27,24.85,26.48,24.02,25.52,10148114,psxdata,2026-05-11T12:51:36
PIAHCLA,2025-10-28,26.0,26.25,25.1,25.31,6811556,psxdata,2026-05-11T12:51:36
PIAHCLA,2025-10-29,25.11,25.62,24.38,24.51,5558292,psxdata,2026-05-11T12:51:36
PIAHCLA,2025-10-30,24.65,24.99,23.7,24.03,3012417,psxdata,2026-05-11T12:51:36
PIAHCLA,2025-10-31,24.07,25.49,24.0,24.3,12259004,psxdata,2026-05-11T12:51:36
PIAHCLA,2025-11-03,24.4,25.2,24.3,24.53,7610696,psxdata,2026-05-11T12:51:36
PIAHCLA,2025-11-04,24.0,26.39,23.8,25.28,12832534,psxdata,2026-05-11T12:51:36
PIAHCLA,2025-11-05,25.4,26.0,24.87,25.43,6572818,psxdata,2026-05-11T12:51:36
PIAHCLA,2025-11-06,25.85,27.97,25.85,27.43,52224867,psxdata,2026-05-11T12:51:36
PIAHCLA,2025-11-07,27.46,27.54,26.35,26.53,7426500,psxdata,2026-05-11T12:51:36
PIAHCLA,2025-11-10,26.6,29.18,26.6,29.18,24775480,psxdata,2026-05-11T12:51:36
PIAHCLA,2025-11-11,30.0,32.1,29.95,32.1,30644804,psxdata,2026-05-11T12:51:36
PIAHCLA,2025-11-12,32.1,33.31,28.89,29.75,56343583,psxdata,2026-05-11T12:51:36
PIAHCLA,2025-11-13,30.56,30.83,27.3,27.6,20211280,psxdata,2026-05-11T12:51:36
PIAHCLA,2025-11-14,28.0,28.82,27.7,28.37,10326633,psxdata,2026-05-11T12:51:36
PIAHCLA,2025-11-17,28.75,31.15,28.7,29.72,22547875,psxdata,2026-05-11T12:51:36
PIAHCLA,2025-11-18,30.15,30.29,29.0,29.42,7358258,psxdata,2026-05-11T12:51:36
PIAHCLA,2025-11-19,29.75,30.29,29.0,29.47,8331338,psxdata,2026-05-11T12:51:36
PIAHCLA,2025-11-20,29.25,31.25,29.25,30.71,17564004,psxdata,2026-05-11T12:51:36
PIAHCLA,2025-11-21,31.5,33.78,31.5,33.44,33239394,psxdata,2026-05-11T12:51:36
PIAHCLA,2025-11-24,33.94,36.78,33.5,34.94,63287160,psxdata,2026-05-11T12:51:36
PIAHCLA,2025-11-25,33.8,34.9,32.1,34.36,29836862,psxdata,2026-05-11T12:51:36
PIAHCLA,2025-11-26,34.5,35.25,33.3,34.46,10622408,psxdata,2026-05-11T12:51:36
PIAHCLA,2025-11-27,35.69,35.69,34.6,34.99,8313352,psxdata,2026-05-11T12:51:36
PIAHCLA,2025-11-28,34.5,35.5,33.0,34.8,17008464,psxdata,2026-05-11T12:51:36
PIAHCLA,2025-12-01,34.52,36.5,34.01,35.44,10471422,psxdata,2026-05-11T12:51:36
PIAHCLA,2025-12-02,35.25,36.2,34.51,35.06,5203728,psxdata,2026-05-11T12:51:36
PIAHCLA,2025-12-03,36.0,38.5,36.0,37.99,29637415,psxdata,2026-05-11T12:51:36
PIAHCLA,2025-12-04,40.87,41.79,39.52,41.61,37829459,psxdata,2026-05-11T12:51:36
PIAHCLA,2025-12-05,42.18,43.55,39.5,43.14,37813443,psxdata,2026-05-11T12:51:36
PIAHCLA,2025-12-08,43.9,44.46,42.6,44.03,15852276,psxdata,2026-05-11T12:51:36
PIAHCLA,2025-12-09,44.69,48.1,43.26,47.63,41199858,psxdata,2026-05-11T12:51:36
PIAHCLA,2025-12-10,47.63,49.65,45.9,46.46,33838999,psxdata,2026-05-11T12:51:36
PIAHCLA,2025-12-11,46.46,47.65,43.6,44.66,19748038,psxdata,2026-05-11T12:51:36
PIAHCLA,2025-12-12,45.0,45.1,43.8,44.2,9081071,psxdata,2026-05-11T12:51:36
PIAHCLA,2025-12-15,43.97,44.5,41.05,41.5,18925261,psxdata,2026-05-11T12:51:36
PIAHCLA,2025-12-16,41.26,42.0,37.45,41.13,38544528,psxdata,2026-05-11T12:51:36
PIAHCLA,2025-12-17,41.8,45.24,41.31,45.24,34166564,psxdata,2026-05-11T12:51:36
PIAHCLA,2025-12-18,46.2,48.4,44.0,45.22,28126379,psxdata,2026-05-11T12:51:36
PIAHCLA,2025-12-19,44.98,45.35,43.41,43.98,17566137,psxdata,2026-05-11T12:51:36
PIAHCLA,2025-12-22,45.0,45.1,39.58,39.67,29326852,psxdata,2026-05-11T12:51:36
PIAHCLA,2025-12-23,39.51,41.5,36.51,37.62,45033077,psxdata,2026-05-11T12:51:36
PIAHCLA,2025-12-24,41.38,41.38,33.86,34.16,54392023,psxdata,2026-05-11T12:51:36
PIAHCLA,2025-12-26,33.16,33.7,30.74,30.74,27101000,psxdata,2026-05-11T12:51:36
PIAHCLA,2025-12-29,29.35,30.2,28.51,28.9,38865024,psxdata,2026-05-11T12:51:36
PIAHCLA,2025-12-30,29.3,31.79,29.15,31.79,28479192,psxdata,2026-05-11T12:51:36
PIAHCLA,2025-12-31,32.5,34.94,32.26,32.72,61810848,psxdata,2026-05-11T12:51:36
PIAHCLA,2026-01-01,32.48,33.72,32.1,32.66,16530427,psxdata,2026-05-11T12:51:36
PIAHCLA,2026-01-02,32.76,33.0,32.05,32.22,7051883,psxdata,2026-05-11T12:51:36
PIAHCLA,2026-01-05,31.94,32.59,30.95,31.18,16810200,psxdata,2026-05-11T12:51:36
PIAHCLA,2026-01-06,31.47,32.1,30.68,31.66,12691416,psxdata,2026-05-11T12:51:36
PIAHCLA,2026-01-07,31.7,31.98,31.19,31.28,6952022,psxdata,2026-05-11T12:51:36
PIAHCLA,2026-01-08,31.4,31.4,30.6,30.76,6507113,psxdata,2026-05-11T12:51:36
PIAHCLA,2026-01-09,30.75,31.55,30.5,30.85,6606668,psxdata,2026-05-11T12:51:36
PIAHCLA,2026-01-12,30.77,31.39,30.55,31.07,6534835,psxdata,2026-05-11T12:51:36
PIAHCLA,2026-01-13,31.1,31.75,30.75,30.9,6244915,psxdata,2026-05-11T12:51:36
PIAHCLA,2026-01-14,31.14,31.14,29.28,29.39,6509349,psxdata,2026-05-11T12:51:36
PIAHCLA,2026-01-15,29.5,29.85,26.65,27.12,9150797,psxdata,2026-05-11T12:51:36
PIAHCLA,2026-01-16,26.7,29.0,26.7,28.25,9661833,psxdata,2026-05-11T12:51:36
PIAHCLA,2026-01-19,28.63,28.75,28.01,28.07,3939440,psxdata,2026-05-11T12:51:36
PIAHCLA,2026-01-20,28.2,28.3,27.64,27.82,2655440,psxdata,2026-05-11T12:51:36
PIAHCLA,2026-01-21,27.85,28.0,27.0,27.11,3528646,psxdata,2026-05-11T12:51:36
PIAHCLA,2026-01-22,27.0,27.64,26.5,27.27,2999775,psxdata,2026-05-11T12:51:36
PIAHCLA,2026-01-23,27.0,27.38,26.75,26.85,3184906,psxdata,2026-05-11T12:51:36
PIAHCLA,2026-01-26,26.85,27.0,26.2,26.36,5086373,psxdata,2026-05-11T12:51:36
PIAHCLA,2026-01-27,26.36,29.0,26.2,29.0,16029306,psxdata,2026-05-11T12:51:36
PIAHCLA,2026-01-28,29.49,30.6,27.9,28.7,20412671,psxdata,2026-05-11T12:51:36
PIAHCLA,2026-01-29,28.46,28.48,26.93,27.08,6133026,psxdata,2026-05-11T12:51:36
PIAHCLA,2026-01-30,27.99,28.6,27.4,27.54,7224750,psxdata,2026-05-11T12:51:36
PIAHCLA,2026-02-02,27.55,30.29,27.55,29.53,20455867,psxdata,2026-05-11T12:51:36
PIAHCLA,2026-02-03,29.65,29.95,28.8,28.92,5209098,psxdata,2026-05-11T12:51:36
PIAHCLA,2026-02-04,29.07,30.0,29.01,29.27,5703431,psxdata,2026-05-11T12:51:36
PIAHCLA,2026-02-06,29.27,29.47,27.75,28.26,5140842,psxdata,2026-05-11T12:51:36
PIAHCLA,2026-02-09,28.41,28.7,27.82,28.16,1963205,psxdata,2026-05-11T12:51:36
PIAHCLA,2026-02-10,28.16,30.25,27.81,29.16,11088087,psxdata,2026-05-11T12:51:36
PIAHCLA,2026-02-11,29.4,29.5,28.51,28.75,2986177,psxdata,2026-05-11T12:51:36
PIAHCLA,2026-02-12,28.64,29.09,27.99,28.28,4083038,psxdata,2026-05-11T12:51:36
PIAHCLA,2026-02-13,28.48,28.6,27.8,28.09,2420770,psxdata,2026-05-11T12:51:36
PIAHCLA,2026-02-16,28.25,28.99,27.25,27.68,6236525,psxdata,2026-05-11T12:51:36
PIAHCLA,2026-02-17,27.75,28.08,27.2,27.35,3221473,psxdata,2026-05-11T12:51:36
PIAHCLA,2026-02-18,27.35,28.14,27.31,27.8,1959434,psxdata,2026-05-11T12:51:36
PIAHCLA,2026-02-19,27.8,27.85,25.02,25.83,2533512,psxdata,2026-05-11T12:51:36
PIAHCLA,2026-02-20,25.5,25.85,23.32,24.81,4875664,psxdata,2026-05-11T12:51:36
PIAHCLA,2026-02-23,24.8,25.25,23.05,23.61,2955802,psxdata,2026-05-11T12:51:36
PIAHCLA,2026-02-24,23.7,23.7,21.5,22.33,6262576,psxdata,2026-05-11T12:51:36
PIAHCLA,2026-02-25,22.99,23.0,21.02,21.5,3397378,psxdata,2026-05-11T12:51:36
PIAHCLA,2026-02-26,21.43,23.01,20.42,22.7,5772488,psxdata,2026-05-11T12:51:36
PIAHCLA,2026-02-27,22.2,22.45,21.01,21.5,3893976,psxdata,2026-05-11T12:51:36
PIAHCLA,2026-03-02,19.35,19.97,19.35,19.35,3127352,psxdata,2026-05-11T12:51:36
PIAHCLA,2026-03-03,18.05,18.8,17.42,17.43,9656844,psxdata,2026-05-11T12:51:36
PIAHCLA,2026-03-04,17.45,17.99,16.3,17.47,5273214,psxdata,2026-05-11T12:51:36
PIAHCLA,2026-03-05,17.5,19.22,17.5,19.22,4625755,psxdata,2026-05-11T12:51:36
PIAHCLA,2026-03-06,19.0,21.13,18.6,20.91,9653302,psxdata,2026-05-11T12:51:36
PIAHCLA,2026-03-09,19.51,19.9,18.82,18.86,3601518,psxdata,2026-05-11T12:51:36
PIAHCLA,2026-03-10,20.35,20.5,19.65,20.3,3264528,psxdata,2026-05-11T12:51:36
PIAHCLA,2026-03-11,20.6,20.79,19.9,20.08,2765326,psxdata,2026-05-11T12:51:36
PIAHCLA,2026-03-12,19.98,21.84,19.36,21.27,5355624,psxdata,2026-05-11T12:51:36
PIAHCLA,2026-03-13,21.05,21.2,20.1,20.65,2374337,psxdata,2026-05-11T12:51:36
PIAHCLA,2026-03-16,20.6,20.66,20.02,20.1,1617406,psxdata,2026-05-11T12:51:36
PIAHCLA,2026-03-17,20.5,20.52,19.98,20.38,1411882,psxdata,2026-05-11T12:51:36
PIAHCLA,2026-03-18,20.45,20.8,20.01,20.67,2393398,psxdata,2026-05-11T12:51:36
PIAHCLA,2026-03-19,20.51,20.51,19.7,20.44,1613809,psxdata,2026-05-11T12:51:36
PIAHCLA,2026-03-24,21.05,21.3,20.51,20.75,1307187,psxdata,2026-05-11T12:51:36
PIAHCLA,2026-03-25,20.95,21.98,20.92,21.8,3474219,psxdata,2026-05-11T12:51:36
PIAHCLA,2026-03-26,21.9,21.9,20.95,21.09,1856612,psxdata,2026-05-11T12:51:36
PIAHCLA,2026-03-27,21.19,21.3,20.28,20.5,2445826,psxdata,2026-05-11T12:51:36
PIAHCLA,2026-03-30,20.05,20.29,18.45,18.71,6665667,psxdata,2026-05-11T12:51:36
PIAHCLA,2026-03-31,18.85,19.2,17.65,18.71,2809502,psxdata,2026-05-11T12:51:36
PIAHCLA,2026-04-01,19.0,19.9,18.76,19.32,3999329,psxdata,2026-05-11T12:51:36
PIAHCLA,2026-04-02,19.0,19.0,18.35,18.81,927555,psxdata,2026-05-11T12:51:36
PIAHCLA,2026-04-03,18.15,18.85,18.01,18.37,1179948,psxdata,2026-05-11T12:51:36
PIAHCLA,2026-04-06,18.57,18.87,17.95,18.66,2341064,psxdata,2026-05-11T12:51:36
PIAHCLA,2026-04-07,18.4,18.85,18.25,18.77,936359,psxdata,2026-05-11T12:51:36
PIAHCLA,2026-04-08,20.65,20.65,20.11,20.65,4881566,psxdata,2026-05-11T12:51:36
PIAHCLA,2026-04-09,21.1,21.1,19.92,20.24,4504774,psxdata,2026-05-11T12:51:36
PIAHCLA,2026-04-10,20.5,21.14,20.25,20.96,5305820,psxdata,2026-05-11T12:51:36
PIAHCLA,2026-04-13,20.3,20.4,19.57,19.71,3578908,psxdata,2026-05-11T12:51:36
PIAHCLA,2026-04-14,20.0,20.41,20.0,20.28,2507807,psxdata,2026-05-11T12:51:36
PIAHCLA,2026-04-15,20.65,21.32,20.65,20.75,5458495,psxdata,2026-05-11T12:51:36
PIAHCLA,2026-04-16,20.79,21.3,20.75,20.9,4389589,psxdata,2026-05-11T12:51:36
PIAHCLA,2026-04-17,21.19,21.85,20.51,21.66,5321612,psxdata,2026-05-11T12:51:36
PIAHCLA,2026-04-20,21.25,22.0,20.53,21.07,6405448,psxdata,2026-05-11T12:51:36
PIAHCLA,2026-04-21,21.75,21.8,21.3,21.52,4958980,psxdata,2026-05-11T12:51:36
PIAHCLA,2026-04-22,21.5,21.5,21.0,21.29,2174178,psxdata,2026-05-11T12:51:36
PIAHCLA,2026-04-23,21.35,21.4,21.02,21.3,1645506,psxdata,2026-05-11T12:51:36
PIAHCLA,2026-04-24,21.31,21.99,21.15,21.56,4872384,psxdata,2026-05-11T12:51:36
PIAHCLA,2026-04-27,21.51,21.56,21.1,21.23,1200727,psxdata,2026-05-11T12:51:36
PIAHCLA,2026-04-28,21.2,21.34,20.75,20.81,2001153,psxdata,2026-05-11T12:51:36
PIAHCLA,2026-04-29,21.47,21.6,20.08,20.29,3134892,psxdata,2026-05-11T12:51:36
PIAHCLA,2026-04-30,20.22,20.49,19.5,19.87,1467411,psxdata,2026-05-11T12:51:36
PIAHCLA,2026-05-04,20.06,21.67,20.06,20.96,6293433,psxdata,2026-05-11T12:51:36
PIAHCLA,2026-05-05,20.84,21.19,20.61,20.98,1436103,psxdata,2026-05-11T12:51:36
PIAHCLA,2026-05-06,21.5,21.95,21.24,21.63,4556916,psxdata,2026-05-11T12:51:36
PIAHCLA,2026-05-07,21.42,23.79,21.42,23.79,13917357,psxdata,2026-05-11T12:51:36
PIAHCLA,2026-05-08,25.39,26.17,24.56,26.17,6509893,psxdata,2026-05-11T12:51:36
