symbol,date,open,high,low,close,volume,source,collected_at
PIBTL,2016-05-11,28.0,28.3,27.76,27.81,4925500,psxdata,2026-05-11T12:50:41
PIBTL,2016-05-12,27.92,28.2,27.85,27.92,6273500,psxdata,2026-05-11T12:50:41
PIBTL,2016-05-13,28.1,29.31,28.1,29.31,11882500,psxdata,2026-05-11T12:50:41
PIBTL,2016-05-16,30.77,30.77,30.77,30.77,700500,psxdata,2026-05-11T12:50:41
PIBTL,2016-05-17,31.7,32.3,30.7,32.17,59382500,psxdata,2026-05-11T12:50:41
PIBTL,2016-05-18,32.6,33.47,31.81,33.26,29813000,psxdata,2026-05-11T12:50:41
PIBTL,2016-05-19,33.3,33.45,32.51,33.08,21935000,psxdata,2026-05-11T12:50:41
PIBTL,2016-05-20,33.15,33.88,32.7,33.03,21224000,psxdata,2026-05-11T12:50:41
PIBTL,2016-05-23,33.2,33.85,33.1,33.47,14251500,psxdata,2026-05-11T12:50:41
PIBTL,2016-05-24,33.51,33.6,33.13,33.28,6609000,psxdata,2026-05-11T12:50:41
PIBTL,2016-05-25,33.3,33.78,32.85,33.05,7819000,psxdata,2026-05-11T12:50:41
PIBTL,2016-05-26,33.19,33.19,32.25,32.48,5470500,psxdata,2026-05-11T12:50:41
PIBTL,2016-05-27,32.37,32.75,31.88,32.03,4884500,psxdata,2026-05-11T12:50:41
PIBTL,2016-05-30,32.0,32.39,30.43,30.61,9729000,psxdata,2026-05-11T12:50:41
PIBTL,2016-05-31,30.62,31.35,29.5,30.24,12571000,psxdata,2026-05-11T12:50:41
PIBTL,2016-06-01,30.6,31.75,30.46,31.75,11275000,psxdata,2026-05-11T12:50:41
PIBTL,2016-06-02,32.19,32.65,31.9,32.02,11783500,psxdata,2026-05-11T12:50:41
PIBTL,2016-06-03,32.2,32.4,31.51,31.66,4826000,psxdata,2026-05-11T12:50:41
PIBTL,2016-06-06,31.9,32.35,31.68,31.96,3905500,psxdata,2026-05-11T12:50:41
PIBTL,2016-06-07,32.01,32.2,31.8,31.91,2391500,psxdata,2026-05-11T12:50:41
PIBTL,2016-06-08,32.02,33.3,31.9,32.72,13452000,psxdata,2026-05-11T12:50:41
PIBTL,2016-06-09,32.9,33.6,32.75,33.01,16951000,psxdata,2026-05-11T12:50:41
PIBTL,2016-06-10,33.05,33.15,32.07,32.28,9245500,psxdata,2026-05-11T12:50:41
PIBTL,2016-06-13,32.07,32.6,31.64,32.22,6720500,psxdata,2026-05-11T12:50:41
PIBTL,2016-06-14,32.39,33.25,32.39,32.5,10795000,psxdata,2026-05-11T12:50:41
PIBTL,2016-06-15,33.4,33.99,32.55,33.39,14777500,psxdata,2026-05-11T12:50:41
PIBTL,2016-06-16,34.06,34.4,33.56,33.67,21276500,psxdata,2026-05-11T12:50:41
PIBTL,2016-06-17,33.62,33.65,33.0,33.1,8125000,psxdata,2026-05-11T12:50:41
PIBTL,2016-06-20,33.2,33.2,32.16,32.61,12213000,psxdata,2026-05-11T12:50:41
PIBTL,2016-06-21,32.7,33.1,32.56,32.65,3991500,psxdata,2026-05-11T12:50:41
PIBTL,2016-06-22,32.58,32.85,32.16,32.23,2437000,psxdata,2026-05-11T12:50:41
PIBTL,2016-06-23,32.25,32.43,32.02,32.31,2415000,psxdata,2026-05-11T12:50:41
PIBTL,2016-06-24,32.0,32.0,30.8,31.46,7230000,psxdata,2026-05-11T12:50:41
PIBTL,2016-06-27,31.7,31.82,31.15,31.36,2610000,psxdata,2026-05-11T12:50:41
PIBTL,2016-06-28,31.4,31.75,31.15,31.46,3551500,psxdata,2026-05-11T12:50:41
PIBTL,2016-06-29,31.79,32.45,31.79,32.29,4483500,psxdata,2026-05-11T12:50:41
PIBTL,2016-06-30,32.45,32.51,32.0,32.07,2075000,psxdata,2026-05-11T12:50:41
PIBTL,2016-07-04,32.16,32.35,32.04,32.2,2556500,psxdata,2026-05-11T12:50:41
PIBTL,2016-07-11,32.21,32.75,32.15,32.36,3969500,psxdata,2026-05-11T12:50:41
PIBTL,2016-07-12,32.5,32.75,32.21,32.58,3873000,psxdata,2026-05-11T12:50:41
PIBTL,2016-07-13,32.81,32.95,32.26,32.36,4760000,psxdata,2026-05-11T12:50:41
PIBTL,2016-07-14,32.45,32.59,32.22,32.49,2643500,psxdata,2026-05-11T12:50:41
PIBTL,2016-07-15,32.59,32.69,32.26,32.33,3016500,psxdata,2026-05-11T12:50:41
PIBTL,2016-07-18,32.41,32.65,32.3,32.47,1883000,psxdata,2026-05-11T12:50:41
PIBTL,2016-07-19,32.54,33.09,32.43,32.61,7477500,psxdata,2026-05-11T12:50:41
PIBTL,2016-07-20,32.68,32.75,32.32,32.41,2487500,psxdata,2026-05-11T12:50:41
PIBTL,2016-07-21,32.75,33.05,32.7,32.8,6593000,psxdata,2026-05-11T12:50:41
PIBTL,2016-07-22,32.91,32.95,32.6,32.67,3523000,psxdata,2026-05-11T12:50:41
PIBTL,2016-07-25,32.85,32.85,32.4,32.45,1696500,psxdata,2026-05-11T12:50:41
PIBTL,2016-07-26,32.63,33.9,32.5,33.11,22565000,psxdata,2026-05-11T12:50:41
PIBTL,2016-07-27,33.2,33.23,32.6,32.64,5763000,psxdata,2026-05-11T12:50:41
PIBTL,2016-07-28,32.82,32.84,32.5,32.55,2380500,psxdata,2026-05-11T12:50:41
PIBTL,2016-07-29,32.5,32.57,32.23,32.46,2695500,psxdata,2026-05-11T12:50:41
PIBTL,2016-08-01,32.58,32.87,32.5,32.69,3010500,psxdata,2026-05-11T12:50:41
PIBTL,2016-08-02,32.79,32.98,32.6,32.63,2543500,psxdata,2026-05-11T12:50:41
PIBTL,2016-08-03,32.76,33.0,32.6,32.64,2452500,psxdata,2026-05-11T12:50:41
PIBTL,2016-08-04,32.9,32.94,32.35,32.45,2657500,psxdata,2026-05-11T12:50:41
PIBTL,2016-08-05,32.5,32.57,32.25,32.28,2168000,psxdata,2026-05-11T12:50:41
PIBTL,2016-08-08,32.4,32.44,31.96,32.1,2276500,psxdata,2026-05-11T12:50:41
PIBTL,2016-08-09,32.15,32.34,31.9,32.04,2409000,psxdata,2026-05-11T12:50:41
PIBTL,2016-08-10,32.25,32.3,31.95,32.01,1438000,psxdata,2026-05-11T12:50:41
PIBTL,2016-08-11,32.1,32.29,31.8,31.88,1839500,psxdata,2026-05-11T12:50:41
PIBTL,2016-08-12,31.98,32.25,31.78,31.86,1969500,psxdata,2026-05-11T12:50:41
PIBTL,2016-08-15,31.86,32.19,31.5,31.57,3058500,psxdata,2026-05-11T12:50:41
PIBTL,2016-08-16,31.73,31.79,31.16,31.2,3372500,psxdata,2026-05-11T12:50:41
PIBTL,2016-08-17,31.48,32.17,31.48,31.65,6669500,psxdata,2026-05-11T12:50:41
PIBTL,2016-08-18,31.83,31.85,31.43,31.5,1994500,psxdata,2026-05-11T12:50:41
PIBTL,2016-08-19,31.4,31.66,31.2,31.45,2825500,psxdata,2026-05-11T12:50:41
PIBTL,2016-08-22,31.78,31.78,31.25,31.49,1560500,psxdata,2026-05-11T12:50:41
PIBTL,2016-08-23,31.42,31.56,31.15,31.24,876500,psxdata,2026-05-11T12:50:41
PIBTL,2016-08-24,31.19,31.45,31.05,31.26,977500,psxdata,2026-05-11T12:50:41
PIBTL,2016-08-25,31.32,31.99,31.13,31.77,2862500,psxdata,2026-05-11T12:50:41
PIBTL,2016-08-26,31.97,32.78,31.73,32.26,8656000,psxdata,2026-05-11T12:50:41
PIBTL,2016-08-29,32.71,32.94,32.4,32.51,7960500,psxdata,2026-05-11T12:50:41
PIBTL,2016-08-30,32.65,32.68,32.15,32.18,2365000,psxdata,2026-05-11T12:50:41
PIBTL,2016-08-31,32.25,32.25,31.8,31.87,2351500,psxdata,2026-05-11T12:50:41
PIBTL,2016-09-01,31.97,32.43,31.7,32.1,4276500,psxdata,2026-05-11T12:50:41
PIBTL,2016-09-02,32.27,32.64,32.01,32.1,4691500,psxdata,2026-05-11T12:50:41
PIBTL,2016-09-05,32.08,32.6,32.08,32.17,3501000,psxdata,2026-05-11T12:50:41
PIBTL,2016-09-06,32.34,32.98,32.2,32.63,7107000,psxdata,2026-05-11T12:50:41
PIBTL,2016-09-07,32.9,32.94,32.57,32.75,9296000,psxdata,2026-05-11T12:50:41
PIBTL,2016-09-08,32.8,32.98,32.1,32.19,6254000,psxdata,2026-05-11T12:50:41
PIBTL,2016-09-09,32.34,32.65,32.29,32.35,3510500,psxdata,2026-05-11T12:50:41
PIBTL,2016-09-15,32.21,32.67,32.21,32.49,2935500,psxdata,2026-05-11T12:50:41
PIBTL,2016-09-16,32.64,32.88,32.45,32.54,8944000,psxdata,2026-05-11T12:50:41
PIBTL,2016-09-19,32.65,33.49,32.47,33.22,27398000,psxdata,2026-05-11T12:50:41
PIBTL,2016-09-20,33.5,33.5,32.46,32.68,7134500,psxdata,2026-05-11T12:50:41
PIBTL,2016-09-21,32.45,32.68,31.1,31.44,8363500,psxdata,2026-05-11T12:50:41
PIBTL,2016-09-22,31.7,32.18,31.4,31.53,4348000,psxdata,2026-05-11T12:50:41
PIBTL,2016-09-23,31.6,31.72,31.0,31.23,2983000,psxdata,2026-05-11T12:50:41
PIBTL,2016-09-26,31.5,32.19,31.5,31.81,3089000,psxdata,2026-05-11T12:50:41
PIBTL,2016-09-27,32.05,32.07,31.6,31.66,1881500,psxdata,2026-05-11T12:50:41
PIBTL,2016-09-28,31.73,31.84,31.49,31.53,2371500,psxdata,2026-05-11T12:50:41
PIBTL,2016-09-29,31.45,31.88,31.0,31.14,3874000,psxdata,2026-05-11T12:50:41
PIBTL,2016-09-30,31.4,31.49,31.1,31.19,2046500,psxdata,2026-05-11T12:50:41
PIBTL,2016-10-03,31.5,31.78,31.21,31.34,3049000,psxdata,2026-05-11T12:50:41
PIBTL,2016-10-04,31.45,31.55,31.25,31.29,1719000,psxdata,2026-05-11T12:50:41
PIBTL,2016-10-05,31.44,32.5,31.27,32.1,12217500,psxdata,2026-05-11T12:50:41
PIBTL,2016-10-06,32.28,32.29,31.63,31.7,3821500,psxdata,2026-05-11T12:50:41
PIBTL,2016-10-07,31.79,31.91,31.34,31.42,2631500,psxdata,2026-05-11T12:50:41
PIBTL,2016-10-10,31.55,32.25,31.3,32.07,5985500,psxdata,2026-05-11T12:50:41
PIBTL,2016-10-13,32.31,32.35,31.69,31.9,3179000,psxdata,2026-05-11T12:50:41
PIBTL,2016-10-14,32.05,32.4,31.71,31.95,5477500,psxdata,2026-05-11T12:50:41
PIBTL,2016-10-17,32.53,32.88,32.15,32.41,7997500,psxdata,2026-05-11T12:50:41
PIBTL,2016-10-18,32.59,32.59,32.05,32.17,3920000,psxdata,2026-05-11T12:50:41
PIBTL,2016-10-19,32.35,32.35,31.65,32.02,3823500,psxdata,2026-05-11T12:50:41
PIBTL,2016-10-20,32.18,32.25,31.7,31.79,4625500,psxdata,2026-05-11T12:50:41
PIBTL,2016-10-21,31.82,31.94,31.1,31.2,8078000,psxdata,2026-05-11T12:50:41
PIBTL,2016-10-24,31.16,31.16,30.62,30.75,3284000,psxdata,2026-05-11T12:50:41
PIBTL,2016-10-25,30.56,30.56,29.86,30.25,5048500,psxdata,2026-05-11T12:50:41
PIBTL,2016-10-26,30.45,30.8,30.0,30.08,3489500,psxdata,2026-05-11T12:50:41
PIBTL,2016-10-27,30.0,30.3,28.6,28.77,4570500,psxdata,2026-05-11T12:50:41
PIBTL,2016-10-28,28.05,29.19,27.8,28.69,3927500,psxdata,2026-05-11T12:50:41
PIBTL,2016-10-31,28.51,28.95,28.01,28.6,1614000,psxdata,2026-05-11T12:50:41
PIBTL,2016-11-01,28.61,30.03,28.6,30.03,4479500,psxdata,2026-05-11T12:50:41
PIBTL,2016-11-02,30.9,31.5,30.56,31.1,6549000,psxdata,2026-05-11T12:50:41
PIBTL,2016-11-03,31.3,31.45,30.76,30.88,3718000,psxdata,2026-05-11T12:50:41
PIBTL,2016-11-04,30.88,31.14,30.5,30.96,2572500,psxdata,2026-05-11T12:50:41
PIBTL,2016-11-07,31.42,31.69,31.01,31.51,4002000,psxdata,2026-05-11T12:50:41
PIBTL,2016-11-08,31.85,33.08,31.48,33.0,29534000,psxdata,2026-05-11T12:50:41
PIBTL,2016-11-09,32.0,32.98,31.87,32.62,16579000,psxdata,2026-05-11T12:50:41
PIBTL,2016-11-10,32.85,33.15,32.47,32.54,9150000,psxdata,2026-05-11T12:50:41
PIBTL,2016-11-11,32.41,32.8,32.15,32.23,5027500,psxdata,2026-05-11T12:50:41
PIBTL,2016-11-14,32.8,33.04,32.28,32.39,7630500,psxdata,2026-05-11T12:50:41
PIBTL,2016-11-15,32.5,33.4,32.25,32.84,16562500,psxdata,2026-05-11T12:50:41
PIBTL,2016-11-16,33.0,33.12,32.45,32.52,3914000,psxdata,2026-05-11T12:50:41
PIBTL,2016-11-17,32.65,32.75,32.26,32.36,3639500,psxdata,2026-05-11T12:50:41
PIBTL,2016-11-18,32.44,32.59,32.04,32.11,2788500,psxdata,2026-05-11T12:50:41
PIBTL,2016-11-21,32.07,32.27,31.75,31.85,3246000,psxdata,2026-05-11T12:50:41
PIBTL,2016-11-22,31.96,32.18,31.8,31.85,2668000,psxdata,2026-05-11T12:50:41
PIBTL,2016-11-23,31.99,32.4,31.7,32.26,4994500,psxdata,2026-05-11T12:50:41
PIBTL,2016-11-24,32.17,32.4,31.73,31.83,3357500,psxdata,2026-05-11T12:50:41
PIBTL,2016-11-25,31.75,32.14,31.7,31.77,2223000,psxdata,2026-05-11T12:50:41
PIBTL,2016-11-28,31.9,32.04,31.66,31.7,1825500,psxdata,2026-05-11T12:50:41
PIBTL,2016-11-29,31.75,31.88,31.53,31.63,1789000,psxdata,2026-05-11T12:50:41
PIBTL,2016-11-30,32.2,32.33,31.85,31.92,6351500,psxdata,2026-05-11T12:50:41
PIBTL,2016-12-01,32.1,32.6,32.01,32.07,5052500,psxdata,2026-05-11T12:50:41
PIBTL,2016-12-02,32.11,32.2,31.8,31.85,2358000,psxdata,2026-05-11T12:50:41
PIBTL,2016-12-05,31.98,32.2,31.85,31.92,1988500,psxdata,2026-05-11T12:50:41
PIBTL,2016-12-06,31.95,32.04,31.82,31.85,1752000,psxdata,2026-05-11T12:50:41
PIBTL,2016-12-07,31.97,31.98,31.65,31.7,2039000,psxdata,2026-05-11T12:50:41
PIBTL,2016-12-08,31.9,32.49,31.72,32.07,6268000,psxdata,2026-05-11T12:50:41
PIBTL,2016-12-09,32.15,33.67,31.95,33.67,18161500,psxdata,2026-05-11T12:50:41
PIBTL,2016-12-13,34.48,35.35,34.2,34.73,28440500,psxdata,2026-05-11T12:50:41
PIBTL,2016-12-14,34.65,34.85,33.82,33.99,6816000,psxdata,2026-05-11T12:50:41
PIBTL,2016-12-15,34.0,35.68,33.99,35.68,11562500,psxdata,2026-05-11T12:50:41
PIBTL,2016-12-16,36.0,37.46,36.0,37.36,28248000,psxdata,2026-05-11T12:50:41
PIBTL,2016-12-19,38.25,39.22,37.86,39.22,20580500,psxdata,2026-05-11T12:50:41
PIBTL,2016-12-20,39.5,39.7,37.35,37.88,20518000,psxdata,2026-05-11T12:50:41
PIBTL,2016-12-21,37.55,37.89,36.5,37.03,12226000,psxdata,2026-05-11T12:50:41
PIBTL,2016-12-22,38.88,38.88,35.18,35.18,35245000,psxdata,2026-05-11T12:50:41
PIBTL,2016-12-23,33.43,33.99,33.43,33.54,37250000,psxdata,2026-05-11T12:50:41
PIBTL,2016-12-26,33.45,33.75,32.82,33.14,5946000,psxdata,2026-05-11T12:50:41
PIBTL,2016-12-27,33.24,33.25,32.72,32.79,3143000,psxdata,2026-05-11T12:50:41
PIBTL,2016-12-28,32.97,33.68,32.85,33.26,5584000,psxdata,2026-05-11T12:50:41
PIBTL,2016-12-29,33.4,33.59,33.15,33.22,2407000,psxdata,2026-05-11T12:50:41
PIBTL,2016-12-30,33.25,33.4,32.81,32.99,3045000,psxdata,2026-05-11T12:50:41
PIBTL,2017-01-02,33.2,33.44,33.0,33.13,2916500,psxdata,2026-05-11T12:50:41
PIBTL,2017-01-03,33.13,33.6,32.9,33.31,3902000,psxdata,2026-05-11T12:50:41
PIBTL,2017-01-04,33.4,34.34,33.22,33.74,8704500,psxdata,2026-05-11T12:50:41
PIBTL,2017-01-05,34.0,34.1,33.55,33.67,5955000,psxdata,2026-05-11T12:50:41
PIBTL,2017-01-06,30.99,31.75,30.77,31.69,8529000,psxdata,2026-05-11T12:50:41
PIBTL,2017-01-09,31.65,31.85,31.16,31.29,3307500,psxdata,2026-05-11T12:50:41
PIBTL,2017-01-10,31.41,31.6,31.15,31.41,2021000,psxdata,2026-05-11T12:50:41
PIBTL,2017-01-11,31.4,31.51,31.13,31.17,2098000,psxdata,2026-05-11T12:50:41
PIBTL,2017-01-12,31.24,31.3,30.88,30.98,3519500,psxdata,2026-05-11T12:50:41
PIBTL,2017-01-13,31.0,31.1,30.7,30.77,1824000,psxdata,2026-05-11T12:50:41
PIBTL,2017-01-16,30.76,31.23,30.6,30.74,1478500,psxdata,2026-05-11T12:50:41
PIBTL,2017-01-17,30.71,30.92,30.26,30.5,2188000,psxdata,2026-05-11T12:50:41
PIBTL,2017-01-18,30.69,30.84,30.51,30.58,1169000,psxdata,2026-05-11T12:50:41
PIBTL,2017-01-19,30.8,30.8,30.45,30.59,1987000,psxdata,2026-05-11T12:50:41
PIBTL,2017-01-20,30.65,30.8,30.52,30.64,1742000,psxdata,2026-05-11T12:50:41
PIBTL,2017-01-23,30.6,30.9,30.45,30.5,2865000,psxdata,2026-05-11T12:50:41
PIBTL,2017-01-24,30.6,30.65,30.35,30.46,2044000,psxdata,2026-05-11T12:50:41
PIBTL,2017-01-25,30.46,30.5,29.0,29.02,6470000,psxdata,2026-05-11T12:50:41
PIBTL,2017-01-26,29.1,29.2,28.61,28.86,4002500,psxdata,2026-05-11T12:50:41
PIBTL,2017-01-27,28.97,29.5,28.85,28.92,2485500,psxdata,2026-05-11T12:50:41
PIBTL,2017-01-30,29.06,29.18,28.51,28.6,1915500,psxdata,2026-05-11T12:50:41
PIBTL,2017-01-31,28.65,28.68,28.2,28.32,1998500,psxdata,2026-05-11T12:50:41
PIBTL,2017-02-01,28.65,28.94,28.4,28.65,2282500,psxdata,2026-05-11T12:50:41
PIBTL,2017-02-02,28.8,28.98,28.6,28.68,1560500,psxdata,2026-05-11T12:50:41
PIBTL,2017-02-03,28.75,29.75,28.65,29.45,6252500,psxdata,2026-05-11T12:50:41
PIBTL,2017-02-06,29.8,29.93,29.18,29.25,2800000,psxdata,2026-05-11T12:50:41
PIBTL,2017-02-07,29.3,29.4,29.05,29.08,1496000,psxdata,2026-05-11T12:50:41
PIBTL,2017-02-08,29.05,29.55,29.0,29.04,2535000,psxdata,2026-05-11T12:50:41
PIBTL,2017-02-09,29.05,29.2,28.5,28.67,4717500,psxdata,2026-05-11T12:50:41
PIBTL,2017-02-10,28.6,30.1,28.6,30.1,15295500,psxdata,2026-05-11T12:50:41
PIBTL,2017-02-13,30.55,31.04,29.75,30.03,12170500,psxdata,2026-05-11T12:50:41
PIBTL,2017-02-14,29.8,30.6,29.8,30.36,8910500,psxdata,2026-05-11T12:50:41
PIBTL,2017-02-15,30.38,30.5,29.59,29.66,3659500,psxdata,2026-05-11T12:50:41
PIBTL,2017-02-16,29.75,30.0,29.5,29.56,2712000,psxdata,2026-05-11T12:50:41
PIBTL,2017-02-17,29.41,29.63,29.0,29.06,3500000,psxdata,2026-05-11T12:50:41
PIBTL,2017-02-20,29.07,29.35,28.82,28.9,2827000,psxdata,2026-05-11T12:50:41
PIBTL,2017-02-21,28.9,29.1,28.65,28.7,1955000,psxdata,2026-05-11T12:50:41
PIBTL,2017-02-22,28.8,29.25,28.5,28.71,2737500,psxdata,2026-05-11T12:50:41
PIBTL,2017-02-23,28.68,28.77,28.31,28.38,2661500,psxdata,2026-05-11T12:50:41
PIBTL,2017-02-24,28.59,28.8,28.41,28.56,1532500,psxdata,2026-05-11T12:50:41
PIBTL,2017-02-27,28.6,28.79,28.01,28.12,3161500,psxdata,2026-05-11T12:50:41
PIBTL,2017-02-28,28.34,28.57,28.0,28.31,3160000,psxdata,2026-05-11T12:50:41
PIBTL,2017-03-01,28.51,29.72,28.51,29.72,2710500,psxdata,2026-05-11T12:50:41
PIBTL,2017-03-02,30.1,30.18,29.45,29.56,2766000,psxdata,2026-05-11T12:50:41
PIBTL,2017-03-03,29.8,29.89,29.3,29.37,1724500,psxdata,2026-05-11T12:50:41
PIBTL,2017-03-06,29.54,30.14,29.3,29.56,4785000,psxdata,2026-05-11T12:50:41
PIBTL,2017-03-07,29.6,29.88,29.3,29.42,1234500,psxdata,2026-05-11T12:50:41
PIBTL,2017-03-08,29.57,29.7,29.32,29.37,1230500,psxdata,2026-05-11T12:50:41
PIBTL,2017-03-09,29.41,29.5,28.75,29.04,1464500,psxdata,2026-05-11T12:50:41
PIBTL,2017-03-10,28.9,29.1,28.71,28.86,1184000,psxdata,2026-05-11T12:50:41
PIBTL,2017-03-13,29.0,29.0,28.43,28.53,901500,psxdata,2026-05-11T12:50:41
PIBTL,2017-03-14,28.55,28.74,28.22,28.58,2000000,psxdata,2026-05-11T12:50:41
PIBTL,2017-03-15,28.93,28.93,28.51,28.59,929500,psxdata,2026-05-11T12:50:41
PIBTL,2017-03-16,28.68,28.7,28.35,28.54,968500,psxdata,2026-05-11T12:50:41
PIBTL,2017-03-17,28.43,29.3,28.4,29.06,1474500,psxdata,2026-05-11T12:50:41
PIBTL,2017-03-20,29.15,29.4,28.9,29.08,1503000,psxdata,2026-05-11T12:50:41
PIBTL,2017-03-21,29.0,29.29,29.0,29.21,1394000,psxdata,2026-05-11T12:50:41
PIBTL,2017-03-22,29.2,29.2,28.8,28.88,1183000,psxdata,2026-05-11T12:50:41
PIBTL,2017-03-24,28.99,29.03,28.65,28.77,848000,psxdata,2026-05-11T12:50:41
PIBTL,2017-03-27,28.8,28.97,28.7,28.75,513500,psxdata,2026-05-11T12:50:41
PIBTL,2017-03-28,28.75,28.9,28.65,28.7,673000,psxdata,2026-05-11T12:50:41
PIBTL,2017-03-29,28.89,29.0,28.51,28.56,985000,psxdata,2026-05-11T12:50:41
PIBTL,2017-03-30,28.6,28.7,28.25,28.39,969000,psxdata,2026-05-11T12:50:41
PIBTL,2017-03-31,28.29,28.6,28.01,28.35,1372000,psxdata,2026-05-11T12:50:41
PIBTL,2017-04-03,28.49,28.55,28.2,28.24,941000,psxdata,2026-05-11T12:50:41
PIBTL,2017-04-04,28.31,28.33,28.11,28.15,735000,psxdata,2026-05-11T12:50:41
PIBTL,2017-04-05,28.15,28.15,27.55,27.65,1461500,psxdata,2026-05-11T12:50:41
PIBTL,2017-04-06,27.74,28.25,27.28,27.35,1354000,psxdata,2026-05-11T12:50:41
PIBTL,2017-04-07,27.35,27.6,27.1,27.33,1191000,psxdata,2026-05-11T12:50:41
PIBTL,2017-04-10,27.31,27.57,27.1,27.17,749000,psxdata,2026-05-11T12:50:41
PIBTL,2017-04-11,27.29,27.5,27.11,27.45,609000,psxdata,2026-05-11T12:50:41
PIBTL,2017-04-12,27.55,28.82,27.49,28.68,6578000,psxdata,2026-05-11T12:50:41
PIBTL,2017-04-13,28.79,28.85,27.8,27.9,2606000,psxdata,2026-05-11T12:50:41
PIBTL,2017-04-14,27.95,28.1,27.6,27.63,1237000,psxdata,2026-05-11T12:50:41
PIBTL,2017-04-17,27.74,27.87,27.15,27.37,2320500,psxdata,2026-05-11T12:50:41
PIBTL,2017-04-18,27.27,27.69,27.11,27.4,795500,psxdata,2026-05-11T12:50:41
PIBTL,2017-04-19,26.52,27.35,26.25,27.13,3145000,psxdata,2026-05-11T12:50:41
PIBTL,2017-04-20,27.35,28.48,26.9,28.03,3982500,psxdata,2026-05-11T12:50:41
PIBTL,2017-04-21,28.1,29.0,27.91,28.74,5363000,psxdata,2026-05-11T12:50:41
PIBTL,2017-04-24,28.9,29.05,28.11,28.21,3221500,psxdata,2026-05-11T12:50:41
PIBTL,2017-04-25,28.23,28.78,28.21,28.4,2851000,psxdata,2026-05-11T12:50:41
PIBTL,2017-04-26,28.42,29.15,28.42,28.73,6160000,psxdata,2026-05-11T12:50:41
PIBTL,2017-04-27,28.79,29.1,28.55,28.67,2198500,psxdata,2026-05-11T12:50:41
PIBTL,2017-04-28,28.9,29.19,28.67,28.99,5218500,psxdata,2026-05-11T12:50:41
PIBTL,2017-05-02,29.9,30.43,29.6,30.41,17309000,psxdata,2026-05-11T12:50:41
PIBTL,2017-05-03,30.41,30.41,29.14,29.36,6241500,psxdata,2026-05-11T12:50:41
PIBTL,2017-05-04,30.0,30.2,29.7,29.79,8464500,psxdata,2026-05-11T12:50:41
PIBTL,2017-05-05,29.9,30.0,29.35,29.43,4505000,psxdata,2026-05-11T12:50:41
PIBTL,2017-05-08,29.36,29.93,29.36,29.49,2167500,psxdata,2026-05-11T12:50:41
PIBTL,2017-05-09,29.7,29.75,28.93,28.99,4104500,psxdata,2026-05-11T12:50:41
PIBTL,2017-05-10,29.0,29.0,28.6,28.69,1711500,psxdata,2026-05-11T12:50:41
PIBTL,2017-05-11,28.9,29.15,28.55,28.64,2925500,psxdata,2026-05-11T12:50:41
PIBTL,2017-05-12,28.85,28.89,28.57,28.76,1157000,psxdata,2026-05-11T12:50:41
PIBTL,2017-05-15,28.95,29.1,28.7,28.76,3786000,psxdata,2026-05-11T12:50:41
PIBTL,2017-05-16,28.85,28.95,28.5,28.52,1799000,psxdata,2026-05-11T12:50:41
PIBTL,2017-05-17,28.52,28.69,28.3,28.4,1510000,psxdata,2026-05-11T12:50:41
PIBTL,2017-05-18,28.54,28.62,28.1,28.16,1706000,psxdata,2026-05-11T12:50:41
PIBTL,2017-05-19,28.2,28.39,27.75,27.84,2982000,psxdata,2026-05-11T12:50:41
PIBTL,2017-05-22,27.98,28.09,27.71,27.76,1059500,psxdata,2026-05-11T12:50:41
PIBTL,2017-05-23,27.77,28.0,27.6,27.76,1330000,psxdata,2026-05-11T12:50:41
PIBTL,2017-05-24,27.77,27.94,27.61,27.7,1573000,psxdata,2026-05-11T12:50:41
PIBTL,2017-05-25,27.75,28.0,27.56,27.69,3594500,psxdata,2026-05-11T12:50:41
PIBTL,2017-05-26,27.89,27.89,27.5,27.57,1448000,psxdata,2026-05-11T12:50:41
PIBTL,2017-05-29,27.26,27.45,27.07,27.14,1706500,psxdata,2026-05-11T12:50:41
PIBTL,2017-05-30,27.17,27.34,26.54,26.81,1328000,psxdata,2026-05-11T12:50:41
PIBTL,2017-05-31,26.8,26.81,25.7,26.2,2799500,psxdata,2026-05-11T12:50:41
PIBTL,2017-06-01,26.31,26.6,24.89,25.38,3290500,psxdata,2026-05-11T12:50:41
PIBTL,2017-06-02,25.45,25.6,24.8,25.24,2618500,psxdata,2026-05-11T12:50:41
PIBTL,2017-06-05,25.3,26.5,25.3,26.5,4018500,psxdata,2026-05-11T12:50:41
PIBTL,2017-06-06,26.49,27.27,26.03,26.96,3817500,psxdata,2026-05-11T12:50:41
PIBTL,2017-06-07,27.1,27.1,26.56,26.66,673000,psxdata,2026-05-11T12:50:41
PIBTL,2017-06-08,26.51,26.65,26.0,26.06,1476500,psxdata,2026-05-11T12:50:41
PIBTL,2017-06-09,25.76,26.1,25.56,25.63,825500,psxdata,2026-05-11T12:50:41
PIBTL,2017-06-12,25.7,25.7,24.4,24.43,1872000,psxdata,2026-05-11T12:50:41
PIBTL,2017-06-13,24.5,25.1,24.1,24.85,2079500,psxdata,2026-05-11T12:50:41
PIBTL,2017-06-14,25.14,25.18,24.41,24.49,798000,psxdata,2026-05-11T12:50:41
PIBTL,2017-06-15,24.4,24.73,24.4,24.47,1021500,psxdata,2026-05-11T12:50:41
PIBTL,2017-06-16,24.31,24.57,24.26,24.32,765500,psxdata,2026-05-11T12:50:41
PIBTL,2017-06-19,24.32,24.73,23.96,24.07,1950500,psxdata,2026-05-11T12:50:41
PIBTL,2017-06-20,24.28,24.35,22.87,22.94,2967000,psxdata,2026-05-11T12:50:41
PIBTL,2017-06-21,22.51,22.74,21.8,22.22,5658000,psxdata,2026-05-11T12:50:41
PIBTL,2017-06-22,22.35,23.11,22.11,22.99,2393000,psxdata,2026-05-11T12:50:41
PIBTL,2017-06-29,23.19,23.19,21.86,22.06,2363500,psxdata,2026-05-11T12:50:41
PIBTL,2017-06-30,22.38,23.16,22.0,23.16,2014000,psxdata,2026-05-11T12:50:41
PIBTL,2017-07-03,23.49,23.49,22.1,22.18,1380000,psxdata,2026-05-11T12:50:41
PIBTL,2017-07-04,22.35,23.28,22.2,23.28,2738000,psxdata,2026-05-11T12:50:41
PIBTL,2017-07-05,24.0,24.44,23.7,24.37,6541000,psxdata,2026-05-11T12:50:41
PIBTL,2017-07-06,24.55,25.48,24.0,24.22,5643500,psxdata,2026-05-11T12:50:41
PIBTL,2017-07-07,24.5,24.94,23.75,24.64,2265500,psxdata,2026-05-11T12:50:41
PIBTL,2017-07-10,24.51,25.29,23.8,25.04,3240000,psxdata,2026-05-11T12:50:41
PIBTL,2017-07-11,24.25,24.29,23.79,23.79,2319000,psxdata,2026-05-11T12:50:41
PIBTL,2017-07-12,23.5,23.75,22.61,22.72,5175000,psxdata,2026-05-11T12:50:41
PIBTL,2017-07-13,22.9,23.14,22.31,22.73,1476000,psxdata,2026-05-11T12:50:41
PIBTL,2017-07-14,22.9,22.99,22.52,22.86,915500,psxdata,2026-05-11T12:50:41
PIBTL,2017-07-17,22.85,23.14,22.62,22.72,1716500,psxdata,2026-05-11T12:50:41
PIBTL,2017-07-18,22.85,23.62,22.7,23.48,2900500,psxdata,2026-05-11T12:50:41
PIBTL,2017-07-19,23.41,23.63,23.1,23.19,1341000,psxdata,2026-05-11T12:50:41
PIBTL,2017-07-20,23.46,23.65,22.8,22.88,1238500,psxdata,2026-05-11T12:50:41
PIBTL,2017-07-21,22.89,23.3,22.6,23.07,1151000,psxdata,2026-05-11T12:50:41
PIBTL,2017-07-24,23.05,23.3,23.05,23.14,493000,psxdata,2026-05-11T12:50:41
PIBTL,2017-07-25,23.19,23.43,23.05,23.31,1497000,psxdata,2026-05-11T12:50:41
PIBTL,2017-07-26,23.4,23.6,23.06,23.1,1384500,psxdata,2026-05-11T12:50:41
PIBTL,2017-07-27,23.24,23.25,22.95,23.03,642000,psxdata,2026-05-11T12:50:41
PIBTL,2017-07-28,22.12,23.3,21.91,23.07,3889000,psxdata,2026-05-11T12:50:41
PIBTL,2017-07-31,23.49,23.79,23.35,23.46,2421500,psxdata,2026-05-11T12:50:41
PIBTL,2017-08-01,23.6,23.9,23.3,23.78,1826500,psxdata,2026-05-11T12:50:41
PIBTL,2017-08-02,23.9,24.75,23.9,24.63,2810000,psxdata,2026-05-11T12:50:41
PIBTL,2017-08-03,24.51,24.65,24.22,24.48,1747000,psxdata,2026-05-11T12:50:41
PIBTL,2017-08-04,24.6,24.65,23.95,24.04,1272000,psxdata,2026-05-11T12:50:41
PIBTL,2017-08-07,24.1,24.13,23.5,23.53,615000,psxdata,2026-05-11T12:50:41
PIBTL,2017-08-08,23.61,23.7,22.85,22.92,690000,psxdata,2026-05-11T12:50:41
PIBTL,2017-08-09,23.0,23.39,22.72,23.17,561000,psxdata,2026-05-11T12:50:41
PIBTL,2017-08-10,23.13,23.5,22.82,22.91,598000,psxdata,2026-05-11T12:50:41
PIBTL,2017-08-11,22.82,23.1,22.7,22.76,473500,psxdata,2026-05-11T12:50:41
PIBTL,2017-08-15,22.9,22.95,21.8,21.86,1010500,psxdata,2026-05-11T12:50:41
PIBTL,2017-08-16,21.95,22.3,21.6,21.93,802000,psxdata,2026-05-11T12:50:41
PIBTL,2017-08-17,22.01,22.01,21.5,21.7,1027500,psxdata,2026-05-11T12:50:41
PIBTL,2017-08-18,21.51,21.82,21.16,21.53,1130500,psxdata,2026-05-11T12:50:41
PIBTL,2017-08-21,21.6,21.6,20.46,20.47,1228500,psxdata,2026-05-11T12:50:41
PIBTL,2017-08-22,20.31,20.31,19.53,19.81,1756000,psxdata,2026-05-11T12:50:41
PIBTL,2017-08-23,19.6,20.8,19.6,20.72,1255000,psxdata,2026-05-11T12:50:41
PIBTL,2017-08-24,20.9,21.15,19.76,19.91,1085500,psxdata,2026-05-11T12:50:41
PIBTL,2017-08-25,19.8,20.4,19.65,20.03,1037000,psxdata,2026-05-11T12:50:41
PIBTL,2017-08-28,20.1,20.3,19.82,20.15,354500,psxdata,2026-05-11T12:50:41
PIBTL,2017-08-29,20.15,20.3,19.71,19.8,493500,psxdata,2026-05-11T12:50:41
PIBTL,2017-08-30,19.8,20.19,19.75,19.8,416500,psxdata,2026-05-11T12:50:41
PIBTL,2017-08-31,19.99,20.2,19.86,20.07,345000,psxdata,2026-05-11T12:50:41
PIBTL,2017-09-05,20.09,20.85,20.09,20.71,972500,psxdata,2026-05-11T12:50:41
PIBTL,2017-09-06,20.8,21.2,20.5,20.59,805500,psxdata,2026-05-11T12:50:41
PIBTL,2017-09-07,20.5,20.6,19.86,20.02,618000,psxdata,2026-05-11T12:50:41
PIBTL,2017-09-08,20.2,20.4,20.03,20.11,659000,psxdata,2026-05-11T12:50:41
PIBTL,2017-09-11,20.2,20.35,19.8,19.93,477500,psxdata,2026-05-11T12:50:41
PIBTL,2017-09-12,19.85,20.05,19.85,19.99,368500,psxdata,2026-05-11T12:50:41
PIBTL,2017-09-13,19.95,20.35,19.93,20.29,924000,psxdata,2026-05-11T12:50:41
PIBTL,2017-09-14,20.5,20.61,20.05,20.29,909000,psxdata,2026-05-11T12:50:41
PIBTL,2017-09-15,20.55,20.6,20.05,20.17,369000,psxdata,2026-05-11T12:50:41
PIBTL,2017-09-18,20.43,20.5,20.21,20.25,476500,psxdata,2026-05-11T12:50:41
PIBTL,2017-09-19,20.44,21.09,20.15,20.87,2419000,psxdata,2026-05-11T12:50:41
PIBTL,2017-09-20,20.81,21.19,20.8,20.92,991000,psxdata,2026-05-11T12:50:41
PIBTL,2017-09-21,20.89,21.49,20.61,20.84,1752500,psxdata,2026-05-11T12:50:41
PIBTL,2017-09-22,20.95,21.55,20.9,21.16,1468000,psxdata,2026-05-11T12:50:41
PIBTL,2017-09-25,21.18,21.7,21.03,21.15,757000,psxdata,2026-05-11T12:50:41
PIBTL,2017-09-26,20.95,20.95,20.1,20.14,2361500,psxdata,2026-05-11T12:50:41
PIBTL,2017-09-27,20.01,20.1,19.75,19.86,883000,psxdata,2026-05-11T12:50:41
PIBTL,2017-09-28,19.86,20.86,19.75,20.76,4060500,psxdata,2026-05-11T12:50:41
PIBTL,2017-09-29,21.1,21.79,20.81,21.59,9601500,psxdata,2026-05-11T12:50:41
PIBTL,2017-10-02,21.19,21.4,20.75,20.86,1958000,psxdata,2026-05-11T12:50:41
PIBTL,2017-10-03,20.76,20.83,19.93,20.01,2261500,psxdata,2026-05-11T12:50:41
PIBTL,2017-10-04,20.1,20.34,19.1,19.81,2027000,psxdata,2026-05-11T12:50:41
PIBTL,2017-10-05,20.1,20.4,19.6,20.23,918500,psxdata,2026-05-11T12:50:41
PIBTL,2017-10-06,20.22,20.75,20.21,20.64,1035500,psxdata,2026-05-11T12:50:41
PIBTL,2017-10-09,20.6,20.65,20.06,20.3,585000,psxdata,2026-05-11T12:50:41
PIBTL,2017-10-10,20.15,20.3,19.75,20.01,1463000,psxdata,2026-05-11T12:50:41
PIBTL,2017-10-11,20.25,20.44,19.85,20.01,766500,psxdata,2026-05-11T12:50:41
PIBTL,2017-10-12,20.11,20.15,19.4,19.66,833500,psxdata,2026-05-11T12:50:41
PIBTL,2017-10-13,19.42,19.55,18.9,19.09,1449000,psxdata,2026-05-11T12:50:41
PIBTL,2017-10-16,19.99,20.09,19.67,20.04,3669000,psxdata,2026-05-11T12:50:41
PIBTL,2017-10-17,20.35,20.35,19.62,19.71,2100000,psxdata,2026-05-11T12:50:41
PIBTL,2017-10-18,19.57,19.74,19.33,19.5,552500,psxdata,2026-05-11T12:50:41
PIBTL,2017-10-19,19.65,20.3,19.4,20.17,1229000,psxdata,2026-05-11T12:50:41
PIBTL,2017-10-20,20.28,20.33,19.9,20.15,1480000,psxdata,2026-05-11T12:50:41
PIBTL,2017-10-23,20.1,20.29,19.75,19.8,843000,psxdata,2026-05-11T12:50:41
PIBTL,2017-10-24,19.8,19.8,19.55,19.62,551000,psxdata,2026-05-11T12:50:41
PIBTL,2017-10-25,19.6,19.95,19.6,19.89,346500,psxdata,2026-05-11T12:50:41
PIBTL,2017-10-26,19.85,19.85,18.91,18.99,3688000,psxdata,2026-05-11T12:50:41
PIBTL,2017-10-27,19.0,19.01,18.2,18.52,1877500,psxdata,2026-05-11T12:50:41
PIBTL,2017-10-30,18.6,18.6,17.81,17.91,973500,psxdata,2026-05-11T12:50:41
PIBTL,2017-10-31,17.79,17.9,17.0,17.07,2325000,psxdata,2026-05-11T12:50:41
PIBTL,2017-11-01,17.11,17.6,17.11,17.51,713000,psxdata,2026-05-11T12:50:41
PIBTL,2017-11-02,17.4,17.75,16.9,17.08,754500,psxdata,2026-05-11T12:50:41
PIBTL,2017-11-03,17.15,17.35,16.75,17.24,844000,psxdata,2026-05-11T12:50:41
PIBTL,2017-11-06,17.45,17.6,16.99,17.49,750500,psxdata,2026-05-11T12:50:41
PIBTL,2017-11-07,17.5,17.74,17.5,17.59,669000,psxdata,2026-05-11T12:50:41
PIBTL,2017-11-08,17.65,18.1,17.4,17.84,2116500,psxdata,2026-05-11T12:50:41
PIBTL,2017-11-09,17.93,18.35,17.9,18.06,1396000,psxdata,2026-05-11T12:50:41
PIBTL,2017-11-10,18.05,18.18,17.55,17.61,685500,psxdata,2026-05-11T12:50:41
PIBTL,2017-11-13,17.69,17.7,17.3,17.6,657500,psxdata,2026-05-11T12:50:41
PIBTL,2017-11-14,17.62,18.0,17.58,17.86,893500,psxdata,2026-05-11T12:50:41
PIBTL,2017-11-15,17.95,17.95,17.7,17.86,306500,psxdata,2026-05-11T12:50:41
PIBTL,2017-11-16,17.75,18.05,17.75,17.95,363000,psxdata,2026-05-11T12:50:41
PIBTL,2017-11-17,18.0,18.5,17.95,18.29,775000,psxdata,2026-05-11T12:50:41
PIBTL,2017-11-20,18.06,18.48,17.6,17.69,580500,psxdata,2026-05-11T12:50:41
PIBTL,2017-11-21,17.64,18.1,17.6,17.87,878000,psxdata,2026-05-11T12:50:41
PIBTL,2017-11-22,18.05,18.1,17.71,17.79,259000,psxdata,2026-05-11T12:50:41
PIBTL,2017-11-23,17.97,17.97,17.6,17.68,199000,psxdata,2026-05-11T12:50:41
PIBTL,2017-11-24,17.6,17.79,17.6,17.68,131500,psxdata,2026-05-11T12:50:41
PIBTL,2017-11-27,17.58,17.8,17.45,17.7,227000,psxdata,2026-05-11T12:50:41
PIBTL,2017-11-28,17.71,17.86,17.4,17.43,459500,psxdata,2026-05-11T12:50:41
PIBTL,2017-11-29,17.31,17.62,17.31,17.44,185500,psxdata,2026-05-11T12:50:41
PIBTL,2017-11-30,17.54,17.7,17.17,17.23,559000,psxdata,2026-05-11T12:50:41
PIBTL,2017-12-04,17.31,17.4,17.15,17.21,505000,psxdata,2026-05-11T12:50:41
PIBTL,2017-12-05,17.25,17.4,17.0,17.12,772500,psxdata,2026-05-11T12:50:41
PIBTL,2017-12-06,17.14,17.25,17.01,17.05,411500,psxdata,2026-05-11T12:50:41
PIBTL,2017-12-07,17.06,17.3,16.05,16.05,1960500,psxdata,2026-05-11T12:50:41
PIBTL,2017-12-08,16.0,16.5,15.5,16.05,1285000,psxdata,2026-05-11T12:50:41
PIBTL,2017-12-11,15.87,16.08,15.05,15.06,1371500,psxdata,2026-05-11T12:50:41
PIBTL,2017-12-12,14.87,15.11,14.5,14.99,1126500,psxdata,2026-05-11T12:50:41
PIBTL,2017-12-13,15.0,15.39,15.0,15.13,733500,psxdata,2026-05-11T12:50:41
PIBTL,2017-12-14,15.2,15.2,14.21,14.33,1623500,psxdata,2026-05-11T12:50:41
PIBTL,2017-12-15,14.33,15.0,14.3,14.58,847500,psxdata,2026-05-11T12:50:41
PIBTL,2017-12-18,14.65,14.98,14.4,14.8,418000,psxdata,2026-05-11T12:50:41
PIBTL,2017-12-19,14.71,14.74,14.0,14.05,918000,psxdata,2026-05-11T12:50:41
PIBTL,2017-12-20,14.15,14.4,14.1,14.13,745000,psxdata,2026-05-11T12:50:41
PIBTL,2017-12-21,14.15,14.49,14.01,14.34,999500,psxdata,2026-05-11T12:50:41
PIBTL,2017-12-22,14.4,15.34,14.33,15.33,2728500,psxdata,2026-05-11T12:50:41
PIBTL,2017-12-26,15.54,15.65,15.15,15.22,909500,psxdata,2026-05-11T12:50:41
PIBTL,2017-12-27,15.15,15.7,15.13,15.29,1445500,psxdata,2026-05-11T12:50:41
PIBTL,2017-12-28,15.39,15.39,14.95,15.01,968500,psxdata,2026-05-11T12:50:41
PIBTL,2017-12-29,15.1,15.36,14.9,14.95,2218000,psxdata,2026-05-11T12:50:41
PIBTL,2018-01-01,15.01,15.2,14.72,15.15,642500,psxdata,2026-05-11T12:50:41
PIBTL,2018-01-02,15.01,15.5,15.0,15.32,1266000,psxdata,2026-05-11T12:50:41
PIBTL,2018-01-03,15.32,15.55,15.15,15.28,926000,psxdata,2026-05-11T12:50:41
PIBTL,2018-01-04,15.4,15.8,15.3,15.66,2410000,psxdata,2026-05-11T12:50:41
PIBTL,2018-01-05,15.66,16.24,15.61,16.03,2769500,psxdata,2026-05-11T12:50:41
PIBTL,2018-01-08,16.1,16.85,16.1,16.69,3789500,psxdata,2026-05-11T12:50:41
PIBTL,2018-01-09,16.7,16.78,16.27,16.41,1893000,psxdata,2026-05-11T12:50:41
PIBTL,2018-01-10,16.48,17.15,16.41,17.08,3500000,psxdata,2026-05-11T12:50:41
PIBTL,2018-01-11,17.2,17.4,16.75,16.84,2079500,psxdata,2026-05-11T12:50:41
PIBTL,2018-01-12,17.72,17.72,16.95,17.14,4970500,psxdata,2026-05-11T12:50:41
PIBTL,2018-01-15,17.0,17.04,16.25,16.34,1485000,psxdata,2026-05-11T12:50:41
PIBTL,2018-01-16,16.24,16.8,16.24,16.47,965000,psxdata,2026-05-11T12:50:41
PIBTL,2018-01-17,16.5,16.67,16.25,16.52,1497500,psxdata,2026-05-11T12:50:41
PIBTL,2018-01-18,16.84,17.05,16.55,16.79,1682500,psxdata,2026-05-11T12:50:41
PIBTL,2018-01-19,16.8,17.11,16.69,17.0,1478500,psxdata,2026-05-11T12:50:41
PIBTL,2018-01-22,17.0,17.47,16.91,17.31,2951500,psxdata,2026-05-11T12:50:41
PIBTL,2018-01-23,17.48,17.48,17.06,17.23,1389000,psxdata,2026-05-11T12:50:41
PIBTL,2018-01-24,17.23,17.73,17.23,17.53,3099500,psxdata,2026-05-11T12:50:41
PIBTL,2018-01-25,17.6,18.53,17.58,18.53,4844000,psxdata,2026-05-11T12:50:41
PIBTL,2018-01-26,18.79,19.52,18.7,19.36,8708000,psxdata,2026-05-11T12:50:41
PIBTL,2018-01-29,19.4,19.49,18.7,18.8,3309500,psxdata,2026-05-11T12:50:41
PIBTL,2018-01-30,18.8,19.15,18.51,18.59,1645000,psxdata,2026-05-11T12:50:41
PIBTL,2018-01-31,18.55,19.24,18.55,18.85,2614000,psxdata,2026-05-11T12:50:41
PIBTL,2018-02-01,18.87,19.1,18.65,18.73,1573000,psxdata,2026-05-11T12:50:41
PIBTL,2018-02-02,18.75,18.97,18.5,18.58,1798000,psxdata,2026-05-11T12:50:41
PIBTL,2018-02-06,18.25,18.44,18.0,18.36,1443000,psxdata,2026-05-11T12:50:41
PIBTL,2018-02-07,18.46,18.66,18.33,18.37,741500,psxdata,2026-05-11T12:50:41
PIBTL,2018-02-08,18.4,18.5,18.01,18.12,930000,psxdata,2026-05-11T12:50:41
PIBTL,2018-02-09,18.01,18.29,17.84,17.92,1767500,psxdata,2026-05-11T12:50:41
PIBTL,2018-02-12,18.0,18.03,17.52,17.64,1162500,psxdata,2026-05-11T12:50:41
PIBTL,2018-02-13,17.65,18.64,17.65,18.64,3967500,psxdata,2026-05-11T12:50:41
PIBTL,2018-02-14,19.0,19.01,17.81,18.0,3254000,psxdata,2026-05-11T12:50:41
PIBTL,2018-02-15,18.0,18.18,17.47,17.56,1041500,psxdata,2026-05-11T12:50:41
PIBTL,2018-02-16,17.44,17.91,17.44,17.76,753500,psxdata,2026-05-11T12:50:41
PIBTL,2018-02-19,17.89,17.92,17.5,17.52,625000,psxdata,2026-05-11T12:50:41
PIBTL,2018-02-20,17.45,17.8,17.3,17.54,749500,psxdata,2026-05-11T12:50:41
PIBTL,2018-02-21,17.83,18.14,17.6,17.67,1187000,psxdata,2026-05-11T12:50:41
PIBTL,2018-02-22,17.5,17.6,17.26,17.52,1552000,psxdata,2026-05-11T12:50:41
PIBTL,2018-02-23,17.49,17.51,16.55,16.7,4817500,psxdata,2026-05-11T12:50:41
PIBTL,2018-02-26,16.9,17.05,16.35,16.51,899500,psxdata,2026-05-11T12:50:41
PIBTL,2018-02-27,16.6,16.7,16.3,16.37,678000,psxdata,2026-05-11T12:50:41
PIBTL,2018-02-28,16.59,16.64,16.36,16.4,734500,psxdata,2026-05-11T12:50:41
PIBTL,2018-03-01,16.41,16.6,16.3,16.49,943500,psxdata,2026-05-11T12:50:41
PIBTL,2018-03-02,16.42,16.75,16.41,16.57,754000,psxdata,2026-05-11T12:50:41
PIBTL,2018-03-05,16.7,17.57,16.69,17.31,3737000,psxdata,2026-05-11T12:50:41
PIBTL,2018-03-06,17.4,17.44,17.09,17.16,1155500,psxdata,2026-05-11T12:50:41
PIBTL,2018-03-07,17.16,17.16,16.8,16.82,728500,psxdata,2026-05-11T12:50:41
PIBTL,2018-03-08,16.72,16.89,16.62,16.73,523500,psxdata,2026-05-11T12:50:41
PIBTL,2018-03-09,16.61,16.97,16.25,16.37,831000,psxdata,2026-05-11T12:50:41
PIBTL,2018-03-12,16.42,16.6,16.3,16.35,534500,psxdata,2026-05-11T12:50:41
PIBTL,2018-03-13,16.35,16.55,16.32,16.47,799500,psxdata,2026-05-11T12:50:41
PIBTL,2018-03-14,16.5,16.59,16.3,16.34,554000,psxdata,2026-05-11T12:50:41
PIBTL,2018-03-15,16.4,17.34,16.4,17.34,4918500,psxdata,2026-05-11T12:50:41
PIBTL,2018-03-16,17.2,17.63,16.85,17.0,2042500,psxdata,2026-05-11T12:50:41
PIBTL,2018-03-19,17.2,17.2,16.99,17.1,382500,psxdata,2026-05-11T12:50:41
PIBTL,2018-03-20,17.19,17.4,17.07,17.14,1030500,psxdata,2026-05-11T12:50:41
PIBTL,2018-03-21,17.34,17.44,17.13,17.18,1009000,psxdata,2026-05-11T12:50:41
PIBTL,2018-03-22,17.17,17.33,17.09,17.11,569500,psxdata,2026-05-11T12:50:41
PIBTL,2018-03-26,17.11,17.23,16.95,17.18,778000,psxdata,2026-05-11T12:50:41
PIBTL,2018-03-27,17.13,18.18,17.12,18.16,7332000,psxdata,2026-05-11T12:50:41
PIBTL,2018-03-28,18.4,18.83,18.15,18.39,9135000,psxdata,2026-05-11T12:50:41
PIBTL,2018-03-29,18.37,18.42,18.1,18.14,1337500,psxdata,2026-05-11T12:50:41
PIBTL,2018-03-30,18.06,18.24,17.85,17.92,1282000,psxdata,2026-05-11T12:50:41
PIBTL,2018-04-02,18.69,18.88,18.33,18.39,3915500,psxdata,2026-05-11T12:50:41
PIBTL,2018-04-03,18.4,18.49,18.26,18.33,1218500,psxdata,2026-05-11T12:50:41
PIBTL,2018-04-04,18.44,18.9,18.3,18.52,3796500,psxdata,2026-05-11T12:50:41
PIBTL,2018-04-05,18.71,18.95,18.45,18.74,2745000,psxdata,2026-05-11T12:50:41
PIBTL,2018-04-06,18.84,18.89,18.47,18.51,1548500,psxdata,2026-05-11T12:50:41
PIBTL,2018-04-09,18.55,19.49,18.47,19.09,7852500,psxdata,2026-05-11T12:50:41
PIBTL,2018-04-10,19.18,19.25,18.7,18.75,2948000,psxdata,2026-05-11T12:50:41
PIBTL,2018-04-11,18.95,19.25,18.81,19.02,3688500,psxdata,2026-05-11T12:50:41
PIBTL,2018-04-12,19.1,19.2,18.8,18.87,2047000,psxdata,2026-05-11T12:50:41
PIBTL,2018-04-13,18.85,18.97,18.58,18.64,1371500,psxdata,2026-05-11T12:50:41
PIBTL,2018-04-16,18.6,18.9,18.45,18.48,1108500,psxdata,2026-05-11T12:50:41
PIBTL,2018-04-17,18.46,18.6,18.27,18.43,601500,psxdata,2026-05-11T12:50:41
PIBTL,2018-04-18,18.47,18.78,18.15,18.27,1037500,psxdata,2026-05-11T12:50:41
PIBTL,2018-04-19,18.48,18.48,17.72,17.91,1732000,psxdata,2026-05-11T12:50:41
PIBTL,2018-04-20,17.87,17.99,17.61,17.75,617500,psxdata,2026-05-11T12:50:41
PIBTL,2018-04-23,17.75,17.9,17.56,17.6,514000,psxdata,2026-05-11T12:50:41
PIBTL,2018-04-24,17.56,17.79,17.56,17.73,901000,psxdata,2026-05-11T12:50:41
PIBTL,2018-04-25,17.75,17.8,17.6,17.71,708500,psxdata,2026-05-11T12:50:41
PIBTL,2018-04-26,17.63,17.65,17.25,17.47,1072000,psxdata,2026-05-11T12:50:41
PIBTL,2018-04-27,17.5,17.53,17.25,17.29,1368500,psxdata,2026-05-11T12:50:41
PIBTL,2018-04-30,17.46,17.67,17.44,17.51,724000,psxdata,2026-05-11T12:50:41
PIBTL,2018-05-02,17.35,17.44,16.68,16.8,3241500,psxdata,2026-05-11T12:50:41
PIBTL,2018-05-03,16.98,16.98,16.01,16.22,2705000,psxdata,2026-05-11T12:50:41
PIBTL,2018-05-04,16.1,16.4,16.0,16.06,1457500,psxdata,2026-05-11T12:50:41
PIBTL,2018-05-07,16.05,16.27,15.52,15.68,1488000,psxdata,2026-05-11T12:50:41
PIBTL,2018-05-08,15.99,15.99,15.4,15.49,1712000,psxdata,2026-05-11T12:50:41
PIBTL,2018-05-09,15.5,15.75,15.03,15.13,1860500,psxdata,2026-05-11T12:50:41
PIBTL,2018-05-10,15.25,15.33,15.01,15.08,1793500,psxdata,2026-05-11T12:50:41
PIBTL,2018-05-11,15.08,15.23,14.78,14.87,1552500,psxdata,2026-05-11T12:50:41
PIBTL,2018-05-14,14.9,14.9,14.02,14.11,1579500,psxdata,2026-05-11T12:50:41
PIBTL,2018-05-15,14.1,14.48,13.9,14.4,1414500,psxdata,2026-05-11T12:50:41
PIBTL,2018-05-16,14.48,14.85,14.33,14.57,1187500,psxdata,2026-05-11T12:50:41
PIBTL,2018-05-17,14.5,14.55,14.26,14.39,293500,psxdata,2026-05-11T12:50:41
PIBTL,2018-05-18,14.57,14.58,14.31,14.44,594500,psxdata,2026-05-11T12:50:41
PIBTL,2018-05-21,14.59,14.6,14.28,14.42,965000,psxdata,2026-05-11T12:50:41
PIBTL,2018-05-22,14.49,15.38,14.4,15.24,1763000,psxdata,2026-05-11T12:50:41
PIBTL,2018-05-23,15.39,15.4,15.05,15.19,1224500,psxdata,2026-05-11T12:50:41
PIBTL,2018-05-24,15.06,15.44,14.9,15.29,1332500,psxdata,2026-05-11T12:50:41
PIBTL,2018-05-25,15.11,15.54,14.88,14.97,1047500,psxdata,2026-05-11T12:50:41
PIBTL,2018-05-28,14.91,15.0,14.5,14.76,1565000,psxdata,2026-05-11T12:50:41
PIBTL,2018-05-29,14.9,14.9,14.4,14.56,1674500,psxdata,2026-05-11T12:50:41
PIBTL,2018-05-30,14.53,14.53,13.56,13.56,5735500,psxdata,2026-05-11T12:50:41
PIBTL,2018-05-31,13.1,13.25,12.63,13.06,11813000,psxdata,2026-05-11T12:50:41
PIBTL,2018-06-01,13.01,13.29,12.86,13.07,1713500,psxdata,2026-05-11T12:50:41
PIBTL,2018-06-04,13.19,13.38,12.97,13.3,2203500,psxdata,2026-05-11T12:50:41
PIBTL,2018-06-05,13.38,13.53,13.15,13.31,3509000,psxdata,2026-05-11T12:50:41
PIBTL,2018-06-06,13.37,13.37,12.66,12.77,4784000,psxdata,2026-05-11T12:50:41
PIBTL,2018-06-07,12.71,12.85,11.92,12.21,19073000,psxdata,2026-05-11T12:50:41
PIBTL,2018-06-11,12.07,12.38,11.79,11.91,4085500,psxdata,2026-05-11T12:50:41
PIBTL,2018-06-12,11.9,11.98,11.25,11.4,3376000,psxdata,2026-05-11T12:50:41
PIBTL,2018-06-13,11.33,11.5,11.0,11.18,3810500,psxdata,2026-05-11T12:50:41
PIBTL,2018-06-14,11.2,11.44,11.14,11.19,1810500,psxdata,2026-05-11T12:50:41
PIBTL,2018-06-19,11.2,11.45,11.06,11.14,1869000,psxdata,2026-05-11T12:50:41
PIBTL,2018-06-20,11.15,11.2,10.93,10.99,3683500,psxdata,2026-05-11T12:50:41
PIBTL,2018-06-21,11.0,11.99,11.0,11.98,16409500,psxdata,2026-05-11T12:50:41
PIBTL,2018-06-22,12.15,12.28,11.36,11.47,5928500,psxdata,2026-05-11T12:50:41
PIBTL,2018-06-25,11.5,11.69,10.9,11.02,3634500,psxdata,2026-05-11T12:50:41
PIBTL,2018-06-26,11.02,11.2,10.98,11.05,2123500,psxdata,2026-05-11T12:50:41
PIBTL,2018-06-27,11.15,11.23,10.72,10.84,5798500,psxdata,2026-05-11T12:50:41
PIBTL,2018-06-28,10.9,11.35,10.82,11.1,6648000,psxdata,2026-05-11T12:50:41
PIBTL,2018-06-29,11.24,11.75,11.0,11.35,9378000,psxdata,2026-05-11T12:50:41
PIBTL,2018-07-02,11.45,11.59,11.25,11.45,1495500,psxdata,2026-05-11T12:50:41
PIBTL,2018-07-03,11.45,11.48,11.16,11.2,1078000,psxdata,2026-05-11T12:50:41
PIBTL,2018-07-04,11.2,11.44,10.7,10.84,4286000,psxdata,2026-05-11T12:50:41
PIBTL,2018-07-05,11.0,11.08,10.63,10.79,2361500,psxdata,2026-05-11T12:50:41
PIBTL,2018-07-06,10.71,11.0,10.65,10.87,1459500,psxdata,2026-05-11T12:50:41
PIBTL,2018-07-09,11.0,11.0,10.57,10.62,2117000,psxdata,2026-05-11T12:50:41
PIBTL,2018-07-10,10.6,10.8,10.4,10.76,2369500,psxdata,2026-05-11T12:50:41
PIBTL,2018-07-11,10.74,11.05,10.65,10.91,2251000,psxdata,2026-05-11T12:50:41
PIBTL,2018-07-12,10.81,10.85,10.47,10.57,4833500,psxdata,2026-05-11T12:50:41
PIBTL,2018-07-13,10.71,10.88,10.58,10.78,1576500,psxdata,2026-05-11T12:50:41
PIBTL,2018-07-16,10.66,10.78,10.55,10.63,1019500,psxdata,2026-05-11T12:50:41
PIBTL,2018-07-17,10.7,10.82,10.62,10.73,1550000,psxdata,2026-05-11T12:50:41
PIBTL,2018-07-18,10.75,11.04,10.7,10.84,6399000,psxdata,2026-05-11T12:50:41
PIBTL,2018-07-19,10.9,11.44,10.85,11.29,9834000,psxdata,2026-05-11T12:50:41
PIBTL,2018-07-20,11.3,11.37,10.95,11.02,3244000,psxdata,2026-05-11T12:50:41
PIBTL,2018-07-23,10.9,11.1,10.75,10.81,1736000,psxdata,2026-05-11T12:50:41
PIBTL,2018-07-24,10.8,11.23,10.8,11.17,7559000,psxdata,2026-05-11T12:50:41
PIBTL,2018-07-26,11.4,11.49,11.05,11.13,5514500,psxdata,2026-05-11T12:50:41
PIBTL,2018-07-27,11.2,12.13,11.07,12.08,18702500,psxdata,2026-05-11T12:50:41
PIBTL,2018-07-30,12.49,13.08,12.4,13.06,19613500,psxdata,2026-05-11T12:50:41
PIBTL,2018-07-31,13.0,13.1,12.51,12.68,8315000,psxdata,2026-05-11T12:50:41
PIBTL,2018-08-01,12.76,13.35,12.52,13.2,8518500,psxdata,2026-05-11T12:50:41
PIBTL,2018-08-02,13.25,14.0,13.25,13.5,15098000,psxdata,2026-05-11T12:50:41
PIBTL,2018-08-03,13.7,13.7,12.75,12.9,6515500,psxdata,2026-05-11T12:50:41
PIBTL,2018-08-06,12.99,12.99,12.45,12.54,3927500,psxdata,2026-05-11T12:50:41
PIBTL,2018-08-07,12.78,13.54,12.51,13.51,12577000,psxdata,2026-05-11T12:50:41
PIBTL,2018-08-08,13.62,14.25,13.35,14.04,11077000,psxdata,2026-05-11T12:50:41
PIBTL,2018-08-09,14.07,14.33,13.71,13.8,7722500,psxdata,2026-05-11T12:50:41
PIBTL,2018-08-10,13.94,13.94,13.36,13.49,3767500,psxdata,2026-05-11T12:50:41
PIBTL,2018-08-13,13.65,13.79,13.42,13.47,2060000,psxdata,2026-05-11T12:50:41
PIBTL,2018-08-15,13.51,13.55,13.0,13.06,1624500,psxdata,2026-05-11T12:50:41
PIBTL,2018-08-16,13.02,13.2,12.67,12.72,1354500,psxdata,2026-05-11T12:50:41
PIBTL,2018-08-17,12.89,13.72,12.89,13.51,3781000,psxdata,2026-05-11T12:50:41
PIBTL,2018-08-20,13.51,13.75,13.17,13.32,1812000,psxdata,2026-05-11T12:50:41
PIBTL,2018-08-24,13.3,13.3,12.91,13.05,941500,psxdata,2026-05-11T12:50:41
PIBTL,2018-08-27,13.1,13.49,12.95,13.05,2575500,psxdata,2026-05-11T12:50:41
PIBTL,2018-08-28,13.2,13.45,13.02,13.08,1733500,psxdata,2026-05-11T12:50:41
PIBTL,2018-08-29,13.1,13.35,12.61,12.69,4000000,psxdata,2026-05-11T12:50:41
PIBTL,2018-08-30,12.75,12.98,12.48,12.68,4008000,psxdata,2026-05-11T12:50:41
PIBTL,2018-08-31,12.75,12.85,12.35,12.39,3514000,psxdata,2026-05-11T12:50:41
PIBTL,2018-09-03,12.39,12.48,11.8,12.05,4186500,psxdata,2026-05-11T12:50:41
PIBTL,2018-09-04,12.07,12.29,12.04,12.21,2928500,psxdata,2026-05-11T12:50:41
PIBTL,2018-09-05,12.24,12.7,12.24,12.48,8229000,psxdata,2026-05-11T12:50:41
PIBTL,2018-09-06,12.48,12.64,11.95,12.1,3217000,psxdata,2026-05-11T12:50:41
PIBTL,2018-09-07,12.2,12.24,11.85,11.92,3740000,psxdata,2026-05-11T12:50:41
PIBTL,2018-09-10,11.9,12.17,11.57,12.09,4549000,psxdata,2026-05-11T12:50:41
PIBTL,2018-09-11,12.17,12.29,11.9,12.2,2048500,psxdata,2026-05-11T12:50:41
PIBTL,2018-09-12,12.2,12.25,11.81,11.92,1818000,psxdata,2026-05-11T12:50:41
PIBTL,2018-09-13,11.8,12.07,11.8,11.92,1370000,psxdata,2026-05-11T12:50:41
PIBTL,2018-09-14,11.99,12.1,11.82,11.88,1756500,psxdata,2026-05-11T12:50:41
PIBTL,2018-09-17,11.85,11.94,11.36,11.46,2750500,psxdata,2026-05-11T12:50:41
PIBTL,2018-09-18,11.4,11.98,11.11,11.7,3149500,psxdata,2026-05-11T12:50:41
PIBTL,2018-09-19,11.69,11.72,11.45,11.5,1289500,psxdata,2026-05-11T12:50:41
PIBTL,2018-09-24,11.6,11.6,11.06,11.13,1384500,psxdata,2026-05-11T12:50:41
PIBTL,2018-09-25,11.09,11.49,11.0,11.23,3172000,psxdata,2026-05-11T12:50:41
PIBTL,2018-09-26,11.4,11.4,11.03,11.08,1824500,psxdata,2026-05-11T12:50:41
PIBTL,2018-09-27,11.15,11.19,10.62,10.96,3288000,psxdata,2026-05-11T12:50:41
PIBTL,2018-09-28,10.96,11.0,10.79,10.86,1874000,psxdata,2026-05-11T12:50:41
PIBTL,2018-10-01,10.85,10.99,10.62,10.7,1176500,psxdata,2026-05-11T12:50:41
PIBTL,2018-10-02,10.66,10.9,10.65,10.7,479500,psxdata,2026-05-11T12:50:41
PIBTL,2018-10-03,10.71,10.79,10.4,10.48,1377500,psxdata,2026-05-11T12:50:41
PIBTL,2018-10-04,10.34,10.89,10.34,10.56,4848500,psxdata,2026-05-11T12:50:41
PIBTL,2018-10-05,10.5,10.54,9.61,9.9,7981500,psxdata,2026-05-11T12:50:41
PIBTL,2018-10-08,9.86,10.15,9.19,9.28,4291000,psxdata,2026-05-11T12:50:41
PIBTL,2018-10-09,9.4,9.9,9.17,9.29,6076500,psxdata,2026-05-11T12:50:41
PIBTL,2018-10-10,9.45,9.45,8.73,9.2,3037000,psxdata,2026-05-11T12:50:41
PIBTL,2018-10-11,9.1,9.28,8.93,9.03,1187000,psxdata,2026-05-11T12:50:41
PIBTL,2018-10-12,9.01,9.24,8.5,8.57,3579000,psxdata,2026-05-11T12:50:41
PIBTL,2018-10-15,8.72,8.76,7.81,8.16,5595500,psxdata,2026-05-11T12:50:41
PIBTL,2018-10-16,8.29,8.6,8.2,8.28,3228000,psxdata,2026-05-11T12:50:41
PIBTL,2018-10-17,8.31,9.28,8.31,9.28,4467500,psxdata,2026-05-11T12:50:41
PIBTL,2018-10-18,9.46,10.06,9.2,9.9,6959500,psxdata,2026-05-11T12:50:41
PIBTL,2018-10-19,9.9,10.9,9.8,10.9,8647500,psxdata,2026-05-11T12:50:41
PIBTL,2018-10-22,11.12,11.82,11.1,11.22,7896500,psxdata,2026-05-11T12:50:41
PIBTL,2018-10-23,11.38,11.38,10.22,10.28,5593000,psxdata,2026-05-11T12:50:41
PIBTL,2018-10-24,11.15,11.28,10.95,11.28,4516000,psxdata,2026-05-11T12:50:41
PIBTL,2018-10-25,11.5,11.78,10.8,11.04,7756500,psxdata,2026-05-11T12:50:41
PIBTL,2018-10-26,11.19,11.45,10.7,11.4,5230500,psxdata,2026-05-11T12:50:41
PIBTL,2018-10-29,11.51,12.15,11.51,12.01,11511500,psxdata,2026-05-11T12:50:41
PIBTL,2018-10-30,12.15,12.15,11.26,11.36,10205500,psxdata,2026-05-11T12:50:41
PIBTL,2018-10-31,11.45,12.36,11.02,12.36,20815500,psxdata,2026-05-11T12:50:41
PIBTL,2018-11-01,12.7,13.07,12.6,12.93,22116500,psxdata,2026-05-11T12:50:41
PIBTL,2018-11-02,13.0,13.1,12.48,12.65,14621500,psxdata,2026-05-11T12:50:41
PIBTL,2018-11-05,12.5,12.5,12.1,12.38,6049000,psxdata,2026-05-11T12:50:41
PIBTL,2018-11-06,12.27,12.54,11.5,11.82,6042000,psxdata,2026-05-11T12:50:41
PIBTL,2018-11-07,12.25,12.35,11.94,12.19,7898000,psxdata,2026-05-11T12:50:41
PIBTL,2018-11-08,12.21,12.29,11.95,12.0,2939500,psxdata,2026-05-11T12:50:41
PIBTL,2018-11-09,11.95,12.15,11.82,11.89,2826000,psxdata,2026-05-11T12:50:41
PIBTL,2018-11-12,11.87,12.4,11.66,12.24,7930500,psxdata,2026-05-11T12:50:41
PIBTL,2018-11-13,12.35,12.69,11.92,12.41,12830000,psxdata,2026-05-11T12:50:41
PIBTL,2018-11-14,12.54,12.75,12.3,12.57,8389000,psxdata,2026-05-11T12:50:41
PIBTL,2018-11-15,12.62,12.9,12.62,12.69,6074500,psxdata,2026-05-11T12:50:41
PIBTL,2018-11-16,12.8,13.09,12.63,12.75,13683000,psxdata,2026-05-11T12:50:41
PIBTL,2018-11-19,12.8,12.9,12.45,12.55,3388500,psxdata,2026-05-11T12:50:41
PIBTL,2018-11-20,12.6,12.64,12.36,12.41,2516000,psxdata,2026-05-11T12:50:41
PIBTL,2018-11-22,12.41,12.53,11.9,11.95,4709500,psxdata,2026-05-11T12:50:41
PIBTL,2018-11-23,11.9,12.59,11.8,12.35,6019000,psxdata,2026-05-11T12:50:41
PIBTL,2018-11-26,12.38,12.6,12.05,12.14,2967500,psxdata,2026-05-11T12:50:41
PIBTL,2018-11-27,12.1,12.34,11.91,12.18,4252500,psxdata,2026-05-11T12:50:41
PIBTL,2018-11-28,12.2,12.28,12.0,12.04,1850500,psxdata,2026-05-11T12:50:41
PIBTL,2018-11-29,12.04,12.18,11.99,12.01,2788000,psxdata,2026-05-11T12:50:41
PIBTL,2018-11-30,12.04,12.1,11.6,11.68,5129500,psxdata,2026-05-11T12:50:41
PIBTL,2018-12-03,11.5,11.5,10.68,10.69,6631000,psxdata,2026-05-11T12:50:41
PIBTL,2018-12-04,10.79,11.25,10.52,11.1,3861000,psxdata,2026-05-11T12:50:41
PIBTL,2018-12-05,11.22,11.3,10.75,10.97,1914000,psxdata,2026-05-11T12:50:41
PIBTL,2018-12-06,11.08,11.25,10.76,10.81,1711500,psxdata,2026-05-11T12:50:41
PIBTL,2018-12-07,10.8,11.28,10.75,11.09,3066500,psxdata,2026-05-11T12:50:41
PIBTL,2018-12-10,11.35,11.5,11.2,11.25,2159000,psxdata,2026-05-11T12:50:41
PIBTL,2018-12-11,11.25,11.3,11.0,11.03,1583000,psxdata,2026-05-11T12:50:41
PIBTL,2018-12-12,10.91,11.3,10.82,11.04,3231500,psxdata,2026-05-11T12:50:41
PIBTL,2018-12-13,11.2,11.25,10.9,10.92,1547500,psxdata,2026-05-11T12:50:41
PIBTL,2018-12-14,10.92,11.25,10.92,11.09,1452000,psxdata,2026-05-11T12:50:41
PIBTL,2018-12-17,11.06,11.18,11.0,11.08,527000,psxdata,2026-05-11T12:50:41
PIBTL,2018-12-18,11.11,11.63,11.11,11.35,3711000,psxdata,2026-05-11T12:50:41
PIBTL,2018-12-19,11.39,11.4,11.16,11.19,892500,psxdata,2026-05-11T12:50:41
PIBTL,2018-12-20,11.33,11.4,11.2,11.23,1048500,psxdata,2026-05-11T12:50:41
PIBTL,2018-12-21,11.33,11.49,11.02,11.18,1427000,psxdata,2026-05-11T12:50:41
PIBTL,2018-12-24,11.2,11.38,11.1,11.27,1623500,psxdata,2026-05-11T12:50:41
PIBTL,2018-12-26,11.2,11.39,11.15,11.28,938500,psxdata,2026-05-11T12:50:41
PIBTL,2018-12-27,11.25,11.44,11.15,11.25,2797000,psxdata,2026-05-11T12:50:41
PIBTL,2018-12-28,11.38,11.38,10.75,10.93,3507500,psxdata,2026-05-11T12:50:41
PIBTL,2018-12-31,10.81,11.1,10.65,10.83,1963000,psxdata,2026-05-11T12:50:41
PIBTL,2019-01-01,10.8,11.2,10.8,11.18,564000,psxdata,2026-05-11T12:50:41
PIBTL,2019-01-02,11.05,11.3,11.0,11.03,1083000,psxdata,2026-05-11T12:50:41
PIBTL,2019-01-03,11.02,11.18,10.77,10.85,1414500,psxdata,2026-05-11T12:50:41
PIBTL,2019-01-04,10.8,11.09,10.8,10.93,687500,psxdata,2026-05-11T12:50:41
PIBTL,2019-01-08,11.34,11.65,11.25,11.41,3214500,psxdata,2026-05-11T12:50:41
PIBTL,2019-01-09,11.55,11.7,11.19,11.23,2192500,psxdata,2026-05-11T12:50:41
PIBTL,2019-01-10,11.26,11.38,11.18,11.2,891500,psxdata,2026-05-11T12:50:41
PIBTL,2019-01-11,11.18,11.3,11.1,11.12,838500,psxdata,2026-05-11T12:50:41
PIBTL,2019-01-14,11.22,11.37,11.21,11.24,987500,psxdata,2026-05-11T12:50:41
PIBTL,2019-01-15,11.3,11.3,11.1,11.12,861000,psxdata,2026-05-11T12:50:41
PIBTL,2019-01-16,11.23,11.59,11.18,11.3,4320500,psxdata,2026-05-11T12:50:41
PIBTL,2019-01-17,11.23,11.35,11.19,11.23,860500,psxdata,2026-05-11T12:50:41
PIBTL,2019-01-18,11.29,11.4,11.21,11.23,791000,psxdata,2026-05-11T12:50:41
PIBTL,2019-01-21,11.21,11.3,11.1,11.14,1047500,psxdata,2026-05-11T12:50:41
PIBTL,2019-01-22,11.2,11.36,11.12,11.22,1821500,psxdata,2026-05-11T12:50:41
PIBTL,2019-01-23,11.3,11.38,11.18,11.2,1508500,psxdata,2026-05-11T12:50:41
PIBTL,2019-01-24,11.4,12.2,11.17,12.01,32699000,psxdata,2026-05-11T12:50:41
PIBTL,2019-01-25,12.0,12.43,11.8,11.95,18644000,psxdata,2026-05-11T12:50:41
PIBTL,2019-01-28,12.1,12.34,12.06,12.19,4807000,psxdata,2026-05-11T12:50:41
PIBTL,2019-01-29,12.2,12.27,11.8,11.87,5181500,psxdata,2026-05-11T12:50:41
PIBTL,2019-01-30,11.9,12.03,11.68,11.74,3511000,psxdata,2026-05-11T12:50:41
PIBTL,2019-01-31,11.84,12.74,11.84,12.64,31169000,psxdata,2026-05-11T12:50:41
PIBTL,2019-02-01,12.64,12.83,12.5,12.58,8696000,psxdata,2026-05-11T12:50:41
PIBTL,2019-02-04,12.69,12.97,12.65,12.71,10929500,psxdata,2026-05-11T12:50:41
PIBTL,2019-02-06,12.73,12.9,12.34,12.41,6100000,psxdata,2026-05-11T12:50:41
PIBTL,2019-02-07,12.49,12.6,12.28,12.32,3171000,psxdata,2026-05-11T12:50:41
PIBTL,2019-02-08,12.48,12.77,12.31,12.61,13414500,psxdata,2026-05-11T12:50:41
PIBTL,2019-02-11,12.7,12.7,12.13,12.21,5224000,psxdata,2026-05-11T12:50:41
PIBTL,2019-02-12,12.15,12.43,12.15,12.33,3018500,psxdata,2026-05-11T12:50:41
PIBTL,2019-02-13,12.4,12.45,12.2,12.25,2521000,psxdata,2026-05-11T12:50:41
PIBTL,2019-02-14,12.35,12.37,12.18,12.27,1752500,psxdata,2026-05-11T12:50:41
PIBTL,2019-02-15,12.35,12.38,12.1,12.24,2363000,psxdata,2026-05-11T12:50:41
PIBTL,2019-02-18,12.3,12.4,11.9,11.99,2855500,psxdata,2026-05-11T12:50:41
PIBTL,2019-02-19,12.06,12.29,11.92,12.04,4471000,psxdata,2026-05-11T12:50:41
PIBTL,2019-02-20,11.8,11.8,11.17,11.27,17825000,psxdata,2026-05-11T12:50:41
PIBTL,2019-02-21,11.27,11.5,11.2,11.24,2705000,psxdata,2026-05-11T12:50:41
PIBTL,2019-02-22,11.11,11.26,11.03,11.09,3510000,psxdata,2026-05-11T12:50:41
PIBTL,2019-02-25,11.14,11.2,10.92,10.99,1569000,psxdata,2026-05-11T12:50:41
PIBTL,2019-02-26,10.91,10.91,10.25,10.32,6222000,psxdata,2026-05-11T12:50:41
PIBTL,2019-02-27,10.16,10.4,9.4,10.24,11397500,psxdata,2026-05-11T12:50:41
PIBTL,2019-02-28,10.4,10.6,10.1,10.46,5419000,psxdata,2026-05-11T12:50:41
PIBTL,2019-03-01,10.51,10.9,10.51,10.73,4370000,psxdata,2026-05-11T12:50:41
PIBTL,2019-03-04,10.85,10.92,10.65,10.77,3214000,psxdata,2026-05-11T12:50:41
PIBTL,2019-03-05,10.84,10.99,10.7,10.76,4521000,psxdata,2026-05-11T12:50:41
PIBTL,2019-03-06,10.8,10.95,10.7,10.72,2784500,psxdata,2026-05-11T12:50:41
PIBTL,2019-03-07,10.8,10.85,10.51,10.55,1757500,psxdata,2026-05-11T12:50:41
PIBTL,2019-03-08,10.6,10.6,10.35,10.41,1273000,psxdata,2026-05-11T12:50:41
PIBTL,2019-03-11,10.68,10.68,10.35,10.4,619000,psxdata,2026-05-11T12:50:41
PIBTL,2019-03-12,10.37,10.45,10.28,10.34,619000,psxdata,2026-05-11T12:50:41
PIBTL,2019-03-13,10.36,10.5,10.21,10.26,1286500,psxdata,2026-05-11T12:50:41
PIBTL,2019-03-14,10.2,10.35,10.1,10.12,1200500,psxdata,2026-05-11T12:50:41
PIBTL,2019-03-15,10.15,10.2,9.8,9.84,1948000,psxdata,2026-05-11T12:50:41
PIBTL,2019-03-18,9.9,10.1,9.49,10.05,4268000,psxdata,2026-05-11T12:50:41
PIBTL,2019-03-19,10.1,10.14,9.81,9.84,1062000,psxdata,2026-05-11T12:50:41
PIBTL,2019-03-20,9.78,9.92,9.75,9.85,1113500,psxdata,2026-05-11T12:50:41
PIBTL,2019-03-21,9.85,9.95,9.65,9.88,1026500,psxdata,2026-05-11T12:50:41
PIBTL,2019-03-22,10.04,10.05,9.75,9.78,1050000,psxdata,2026-05-11T12:50:41
PIBTL,2019-03-25,9.81,9.85,9.6,9.66,968500,psxdata,2026-05-11T12:50:41
PIBTL,2019-03-26,9.61,10.04,9.57,9.94,2299500,psxdata,2026-05-11T12:50:41
PIBTL,2019-03-27,10.05,10.24,9.7,10.19,2597000,psxdata,2026-05-11T12:50:41
PIBTL,2019-03-28,10.17,10.24,9.8,10.12,3171500,psxdata,2026-05-11T12:50:41
PIBTL,2019-03-29,10.14,10.24,9.89,10.01,4432000,psxdata,2026-05-11T12:50:41
PIBTL,2019-04-01,9.92,10.05,9.76,9.79,1001500,psxdata,2026-05-11T12:50:41
PIBTL,2019-04-02,9.8,9.98,9.7,9.73,973500,psxdata,2026-05-11T12:50:41
PIBTL,2019-04-03,9.8,9.86,9.72,9.76,719500,psxdata,2026-05-11T12:50:41
PIBTL,2019-04-04,9.84,9.84,9.42,9.53,1312000,psxdata,2026-05-11T12:50:41
PIBTL,2019-04-05,9.56,9.7,9.4,9.62,1140000,psxdata,2026-05-11T12:50:41
PIBTL,2019-04-08,9.5,9.52,9.1,9.18,1856500,psxdata,2026-05-11T12:50:41
PIBTL,2019-04-09,9.1,9.49,9.0,9.18,1478000,psxdata,2026-05-11T12:50:41
PIBTL,2019-04-10,9.18,9.24,8.9,8.95,1483500,psxdata,2026-05-11T12:50:41
PIBTL,2019-04-11,9.0,9.2,8.9,9.14,1312000,psxdata,2026-05-11T12:50:41
PIBTL,2019-04-12,9.15,9.8,9.1,9.72,2049500,psxdata,2026-05-11T12:50:41
PIBTL,2019-04-15,9.83,9.85,9.54,9.71,1517000,psxdata,2026-05-11T12:50:41
PIBTL,2019-04-16,9.75,9.94,9.44,9.51,3041000,psxdata,2026-05-11T12:50:41
PIBTL,2019-04-17,9.65,9.65,9.05,9.1,1035000,psxdata,2026-05-11T12:50:41
PIBTL,2019-04-18,9.2,9.3,8.63,8.92,3045000,psxdata,2026-05-11T12:50:41
PIBTL,2019-04-19,8.91,9.66,8.91,9.32,6266500,psxdata,2026-05-11T12:50:41
PIBTL,2019-04-22,9.5,9.5,8.92,9.02,1584500,psxdata,2026-05-11T12:50:41
PIBTL,2019-04-23,9.05,9.1,8.69,8.83,2509500,psxdata,2026-05-11T12:50:41
PIBTL,2019-04-24,8.88,9.08,8.77,8.94,1258000,psxdata,2026-05-11T12:50:41
PIBTL,2019-04-25,9.0,9.4,8.95,9.23,4003500,psxdata,2026-05-11T12:50:41
PIBTL,2019-04-26,9.25,9.5,9.25,9.42,2406500,psxdata,2026-05-11T12:50:41
PIBTL,2019-04-29,9.8,10.42,9.78,10.38,14524500,psxdata,2026-05-11T12:50:41
PIBTL,2019-04-30,10.3,10.47,9.88,9.92,3864500,psxdata,2026-05-11T12:50:41
PIBTL,2019-05-02,10.0,10.0,9.52,9.54,1613000,psxdata,2026-05-11T12:50:41
PIBTL,2019-05-03,9.55,9.72,9.5,9.6,1136000,psxdata,2026-05-11T12:50:41
PIBTL,2019-05-06,9.7,9.9,9.5,9.76,1971500,psxdata,2026-05-11T12:50:41
PIBTL,2019-05-07,9.82,9.95,9.4,9.45,1828000,psxdata,2026-05-11T12:50:41
PIBTL,2019-05-08,9.54,9.54,8.61,8.99,4300500,psxdata,2026-05-11T12:50:41
PIBTL,2019-05-09,9.0,9.35,8.91,9.12,2548000,psxdata,2026-05-11T12:50:41
PIBTL,2019-05-10,9.08,9.17,8.96,9.03,1382500,psxdata,2026-05-11T12:50:41
PIBTL,2019-05-13,9.34,9.59,8.22,8.29,6566500,psxdata,2026-05-11T12:50:41
PIBTL,2019-05-14,8.5,8.78,8.35,8.54,5189500,psxdata,2026-05-11T12:50:41
PIBTL,2019-05-15,8.78,9.09,8.65,8.74,3682000,psxdata,2026-05-11T12:50:41
PIBTL,2019-05-16,8.71,8.75,8.0,8.04,6909500,psxdata,2026-05-11T12:50:41
PIBTL,2019-05-17,8.11,8.11,7.5,7.59,5603500,psxdata,2026-05-11T12:50:41
PIBTL,2019-05-20,7.65,8.55,7.6,8.43,7558500,psxdata,2026-05-11T12:50:41
PIBTL,2019-05-21,8.29,8.77,8.09,8.69,4271500,psxdata,2026-05-11T12:50:41
PIBTL,2019-05-22,8.7,9.66,8.7,9.61,10883500,psxdata,2026-05-11T12:50:41
PIBTL,2019-05-23,9.8,9.85,9.35,9.55,11134500,psxdata,2026-05-11T12:50:41
PIBTL,2019-05-24,9.55,9.55,9.11,9.19,2604500,psxdata,2026-05-11T12:50:41
PIBTL,2019-05-27,9.19,9.19,8.93,9.01,2246500,psxdata,2026-05-11T12:50:41
PIBTL,2019-05-28,9.05,9.05,8.55,8.67,3220500,psxdata,2026-05-11T12:50:41
PIBTL,2019-05-29,8.61,9.15,8.61,8.99,3194500,psxdata,2026-05-11T12:50:41
PIBTL,2019-05-30,9.14,9.2,8.81,8.92,2944000,psxdata,2026-05-11T12:50:41
PIBTL,2019-06-03,9.0,9.0,8.6,8.64,1056000,psxdata,2026-05-11T12:50:41
PIBTL,2019-06-10,8.55,8.55,8.02,8.11,2702500,psxdata,2026-05-11T12:50:41
PIBTL,2019-06-11,8.02,8.45,8.0,8.32,4816000,psxdata,2026-05-11T12:50:41
PIBTL,2019-06-12,8.38,8.68,8.32,8.6,2686000,psxdata,2026-05-11T12:50:41
PIBTL,2019-06-13,8.55,8.99,8.48,8.93,3003500,psxdata,2026-05-11T12:50:41
PIBTL,2019-06-14,9.0,9.0,8.65,8.69,2323500,psxdata,2026-05-11T12:50:41
PIBTL,2019-06-17,8.75,8.89,8.56,8.62,1336500,psxdata,2026-05-11T12:50:41
PIBTL,2019-06-18,8.6,9.0,8.4,8.59,5564000,psxdata,2026-05-11T12:50:41
PIBTL,2019-06-19,8.56,8.89,8.5,8.56,2100500,psxdata,2026-05-11T12:50:41
PIBTL,2019-06-20,8.69,8.8,8.59,8.63,1748000,psxdata,2026-05-11T12:50:41
PIBTL,2019-06-21,8.65,8.66,8.5,8.54,1107500,psxdata,2026-05-11T12:50:41
PIBTL,2019-06-24,8.5,8.51,8.12,8.16,2045000,psxdata,2026-05-11T12:50:41
PIBTL,2019-06-25,8.16,8.3,8.08,8.25,2861500,psxdata,2026-05-11T12:50:41
PIBTL,2019-06-26,8.3,8.49,8.07,8.22,3080000,psxdata,2026-05-11T12:50:41
PIBTL,2019-06-27,8.37,8.48,8.0,8.17,4042000,psxdata,2026-05-11T12:50:41
PIBTL,2019-06-28,8.24,8.6,8.05,8.44,5631500,psxdata,2026-05-11T12:50:41
PIBTL,2019-07-01,8.35,8.56,8.3,8.44,481000,psxdata,2026-05-11T12:50:41
PIBTL,2019-07-02,8.27,8.56,8.27,8.45,531000,psxdata,2026-05-11T12:50:41
PIBTL,2019-07-03,8.57,8.79,8.51,8.7,4246000,psxdata,2026-05-11T12:50:41
PIBTL,2019-07-04,8.8,8.95,8.47,8.55,4036500,psxdata,2026-05-11T12:50:41
PIBTL,2019-07-05,8.43,8.48,8.31,8.36,1194500,psxdata,2026-05-11T12:50:41
PIBTL,2019-07-08,8.4,8.4,8.15,8.18,500500,psxdata,2026-05-11T12:50:41
PIBTL,2019-07-09,8.25,8.4,8.14,8.31,501500,psxdata,2026-05-11T12:50:41
PIBTL,2019-07-10,8.28,8.3,8.2,8.28,321000,psxdata,2026-05-11T12:50:41
PIBTL,2019-07-11,8.25,8.33,8.15,8.31,178500,psxdata,2026-05-11T12:50:41
PIBTL,2019-07-12,8.39,8.4,8.04,8.07,1232000,psxdata,2026-05-11T12:50:41
PIBTL,2019-07-15,8.02,8.12,7.91,7.96,1343500,psxdata,2026-05-11T12:50:41
PIBTL,2019-07-16,7.95,8.15,7.92,8.09,1661000,psxdata,2026-05-11T12:50:41
PIBTL,2019-07-17,8.05,8.25,8.0,8.05,981000,psxdata,2026-05-11T12:50:41
PIBTL,2019-07-18,8.05,8.05,7.65,7.71,1724500,psxdata,2026-05-11T12:50:41
PIBTL,2019-07-19,7.76,7.85,7.55,7.78,708500,psxdata,2026-05-11T12:50:41
PIBTL,2019-07-22,7.99,7.99,7.62,7.81,440500,psxdata,2026-05-11T12:50:41
PIBTL,2019-07-23,7.8,7.85,7.7,7.81,946500,psxdata,2026-05-11T12:50:41
PIBTL,2019-07-24,7.8,7.86,7.52,7.71,572000,psxdata,2026-05-11T12:50:41
PIBTL,2019-07-25,7.65,7.75,7.61,7.65,361500,psxdata,2026-05-11T12:50:41
PIBTL,2019-07-26,7.6,7.79,7.42,7.5,1269000,psxdata,2026-05-11T12:50:41
PIBTL,2019-07-29,7.5,7.5,6.93,7.11,2626000,psxdata,2026-05-11T12:50:41
PIBTL,2019-07-30,7.06,7.25,7.0,7.15,842000,psxdata,2026-05-11T12:50:41
PIBTL,2019-07-31,7.1,7.48,7.1,7.44,1181000,psxdata,2026-05-11T12:50:41
PIBTL,2019-08-01,7.4,7.52,7.26,7.47,378500,psxdata,2026-05-11T12:50:41
PIBTL,2019-08-02,7.4,7.52,7.29,7.48,595500,psxdata,2026-05-11T12:50:41
PIBTL,2019-08-05,7.44,7.44,7.01,7.08,2242500,psxdata,2026-05-11T12:50:41
PIBTL,2019-08-06,7.11,7.15,7.0,7.02,1025000,psxdata,2026-05-11T12:50:41
PIBTL,2019-08-07,7.0,7.08,6.9,7.01,1134000,psxdata,2026-05-11T12:50:41
PIBTL,2019-08-08,6.96,7.09,6.85,6.95,1031500,psxdata,2026-05-11T12:50:41
PIBTL,2019-08-09,7.0,7.05,6.85,7.0,557500,psxdata,2026-05-11T12:50:41
PIBTL,2019-08-16,6.99,6.99,6.82,6.86,742500,psxdata,2026-05-11T12:50:41
PIBTL,2019-08-19,6.9,7.28,6.85,7.13,1315000,psxdata,2026-05-11T12:50:41
PIBTL,2019-08-20,7.15,7.6,7.15,7.46,1844000,psxdata,2026-05-11T12:50:41
PIBTL,2019-08-21,7.4,7.68,7.2,7.61,1851500,psxdata,2026-05-11T12:50:41
PIBTL,2019-08-22,7.69,8.25,7.69,8.17,7423500,psxdata,2026-05-11T12:50:41
PIBTL,2019-08-23,8.15,8.3,7.72,7.82,5161500,psxdata,2026-05-11T12:50:41
PIBTL,2019-08-26,7.71,7.85,7.26,7.37,1775000,psxdata,2026-05-11T12:50:41
PIBTL,2019-08-27,7.35,7.5,7.24,7.47,1747500,psxdata,2026-05-11T12:50:41
PIBTL,2019-08-28,7.54,7.7,7.25,7.36,1498500,psxdata,2026-05-11T12:50:41
PIBTL,2019-08-29,7.35,7.35,7.04,7.09,1620000,psxdata,2026-05-11T12:50:41
PIBTL,2019-08-30,7.11,7.12,6.97,7.07,3016000,psxdata,2026-05-11T12:50:41
PIBTL,2019-09-02,7.0,7.29,7.0,7.17,952000,psxdata,2026-05-11T12:50:41
PIBTL,2019-09-03,7.2,7.2,6.95,7.03,1605000,psxdata,2026-05-11T12:50:41
PIBTL,2019-09-04,7.05,7.39,6.95,7.29,1612500,psxdata,2026-05-11T12:50:41
PIBTL,2019-09-05,7.23,7.41,7.03,7.05,859000,psxdata,2026-05-11T12:50:41
PIBTL,2019-09-06,7.07,7.15,6.94,7.13,262500,psxdata,2026-05-11T12:50:41
PIBTL,2019-09-11,7.1,7.15,7.0,7.04,1059000,psxdata,2026-05-11T12:50:41
PIBTL,2019-09-12,7.1,7.53,7.05,7.33,2496500,psxdata,2026-05-11T12:50:41
PIBTL,2019-09-13,7.31,7.4,7.16,7.27,709000,psxdata,2026-05-11T12:50:41
PIBTL,2019-09-16,7.27,7.34,7.17,7.22,1049500,psxdata,2026-05-11T12:50:41
PIBTL,2019-09-17,7.2,7.24,7.0,7.13,3132000,psxdata,2026-05-11T12:50:41
PIBTL,2019-09-18,7.15,7.21,7.0,7.03,1832000,psxdata,2026-05-11T12:50:41
PIBTL,2019-09-19,7.01,7.85,7.0,7.76,7995000,psxdata,2026-05-11T12:50:41
PIBTL,2019-09-20,7.89,8.04,7.41,7.54,6639500,psxdata,2026-05-11T12:50:41
PIBTL,2019-09-23,7.43,7.54,7.27,7.3,1306500,psxdata,2026-05-11T12:50:41
PIBTL,2019-09-24,7.32,7.49,7.3,7.46,1067500,psxdata,2026-05-11T12:50:41
PIBTL,2019-09-25,7.35,7.67,7.32,7.39,1924000,psxdata,2026-05-11T12:50:41
PIBTL,2019-09-26,7.4,7.6,7.31,7.35,1720000,psxdata,2026-05-11T12:50:41
PIBTL,2019-09-27,7.41,7.69,7.36,7.58,1745500,psxdata,2026-05-11T12:50:41
PIBTL,2019-09-30,7.58,7.95,7.52,7.8,4950000,psxdata,2026-05-11T12:50:41
PIBTL,2019-10-01,7.7,8.02,7.68,7.87,1794000,psxdata,2026-05-11T12:50:41
PIBTL,2019-10-02,7.88,8.0,7.82,7.97,2263500,psxdata,2026-05-11T12:50:41
PIBTL,2019-10-03,7.91,8.35,7.8,8.26,9206500,psxdata,2026-05-11T12:50:41
PIBTL,2019-10-04,8.35,8.35,8.07,8.13,2084000,psxdata,2026-05-11T12:50:41
PIBTL,2019-10-07,8.16,9.13,8.06,8.9,16096000,psxdata,2026-05-11T12:50:41
PIBTL,2019-10-08,9.0,9.18,8.65,8.75,8705500,psxdata,2026-05-11T12:50:41
PIBTL,2019-10-09,8.74,9.34,8.69,9.13,7341000,psxdata,2026-05-11T12:50:41
PIBTL,2019-10-10,9.2,9.72,8.89,9.51,17269000,psxdata,2026-05-11T12:50:41
PIBTL,2019-10-11,9.56,9.82,9.25,9.33,8565500,psxdata,2026-05-11T12:50:41
PIBTL,2019-10-14,9.28,9.43,8.9,9.0,3947500,psxdata,2026-05-11T12:50:41
PIBTL,2019-10-15,9.05,9.44,8.87,9.28,3049000,psxdata,2026-05-11T12:50:41
PIBTL,2019-10-16,9.22,9.6,9.12,9.22,2682500,psxdata,2026-05-11T12:50:41
PIBTL,2019-10-17,9.35,9.35,8.95,9.0,1985000,psxdata,2026-05-11T12:50:41
PIBTL,2019-10-18,9.01,9.23,8.86,9.04,2829000,psxdata,2026-05-11T12:50:41
PIBTL,2019-10-21,8.99,8.99,8.27,8.36,3226500,psxdata,2026-05-11T12:50:41
PIBTL,2019-10-22,8.25,8.6,8.25,8.58,1629500,psxdata,2026-05-11T12:50:41
PIBTL,2019-10-23,8.6,9.23,8.6,9.17,3881500,psxdata,2026-05-11T12:50:41
PIBTL,2019-10-24,9.2,9.36,9.0,9.1,3418000,psxdata,2026-05-11T12:50:41
PIBTL,2019-10-25,9.45,10.1,9.45,10.09,35589000,psxdata,2026-05-11T12:50:41
PIBTL,2019-10-28,10.19,10.55,10.1,10.39,12673500,psxdata,2026-05-11T12:50:41
PIBTL,2019-10-29,10.4,10.46,9.86,10.06,10633500,psxdata,2026-05-11T12:50:41
PIBTL,2019-10-30,9.82,10.07,9.8,9.99,3466000,psxdata,2026-05-11T12:50:41
PIBTL,2019-10-31,9.89,10.3,9.88,10.14,5993000,psxdata,2026-05-11T12:50:41
PIBTL,2019-11-01,10.29,10.29,9.95,10.01,2824000,psxdata,2026-05-11T12:50:41
PIBTL,2019-11-04,9.97,10.4,9.97,10.16,5006500,psxdata,2026-05-11T12:50:41
PIBTL,2019-11-05,10.16,10.3,10.05,10.15,2780000,psxdata,2026-05-11T12:50:41
PIBTL,2019-11-06,10.29,10.95,10.28,10.57,9615500,psxdata,2026-05-11T12:50:41
PIBTL,2019-11-07,10.65,10.65,10.15,10.31,3181000,psxdata,2026-05-11T12:50:41
PIBTL,2019-11-08,10.38,10.45,10.08,10.15,1963000,psxdata,2026-05-11T12:50:41
PIBTL,2019-11-11,10.28,10.59,10.2,10.43,3830500,psxdata,2026-05-11T12:50:41
PIBTL,2019-11-12,10.46,10.65,10.28,10.32,2202000,psxdata,2026-05-11T12:50:41
PIBTL,2019-11-13,10.26,10.55,10.21,10.44,3261500,psxdata,2026-05-11T12:50:41
PIBTL,2019-11-14,10.55,11.04,10.4,10.63,6966000,psxdata,2026-05-11T12:50:41
PIBTL,2019-11-15,10.65,11.35,10.55,11.19,10334500,psxdata,2026-05-11T12:50:41
PIBTL,2019-11-18,11.29,11.56,11.05,11.2,6248500,psxdata,2026-05-11T12:50:41
PIBTL,2019-11-19,11.26,11.33,10.85,10.95,5198000,psxdata,2026-05-11T12:50:41
PIBTL,2019-11-20,10.86,11.09,10.76,10.81,2240000,psxdata,2026-05-11T12:50:41
PIBTL,2019-11-21,10.81,10.81,9.95,10.07,7353500,psxdata,2026-05-11T12:50:41
PIBTL,2019-11-22,9.98,10.85,9.98,10.41,6019000,psxdata,2026-05-11T12:50:41
PIBTL,2019-11-25,10.42,11.24,10.3,11.03,8919000,psxdata,2026-05-11T12:50:41
PIBTL,2019-11-26,11.25,11.5,10.55,11.1,15238000,psxdata,2026-05-11T12:50:41
PIBTL,2019-11-27,11.11,11.3,11.0,11.14,4696500,psxdata,2026-05-11T12:50:41
PIBTL,2019-11-28,11.1,11.47,11.05,11.3,7138000,psxdata,2026-05-11T12:50:41
PIBTL,2019-11-29,11.45,12.0,11.35,11.83,12307500,psxdata,2026-05-11T12:50:41
PIBTL,2019-12-02,12.01,12.2,11.8,11.98,10868500,psxdata,2026-05-11T12:50:41
PIBTL,2019-12-03,12.04,12.12,11.5,11.54,3706500,psxdata,2026-05-11T12:50:41
PIBTL,2019-12-04,11.55,11.87,11.45,11.68,2660000,psxdata,2026-05-11T12:50:41
PIBTL,2019-12-05,11.75,11.86,11.55,11.63,5869500,psxdata,2026-05-11T12:50:41
PIBTL,2019-12-06,11.56,11.98,11.51,11.61,7010500,psxdata,2026-05-11T12:50:41
PIBTL,2019-12-09,11.8,11.95,11.5,11.54,7516500,psxdata,2026-05-11T12:50:41
PIBTL,2019-12-10,11.69,11.83,11.42,11.76,3950500,psxdata,2026-05-11T12:50:41
PIBTL,2019-12-11,11.77,11.95,11.65,11.68,5360500,psxdata,2026-05-11T12:50:41
PIBTL,2019-12-12,11.68,11.7,11.35,11.46,2466500,psxdata,2026-05-11T12:50:41
PIBTL,2019-12-13,11.7,11.9,11.45,11.84,3246000,psxdata,2026-05-11T12:50:41
PIBTL,2019-12-16,11.9,12.23,11.8,12.05,14973000,psxdata,2026-05-11T12:50:41
PIBTL,2019-12-17,12.14,12.15,11.46,11.73,6795500,psxdata,2026-05-11T12:50:41
PIBTL,2019-12-18,11.7,11.74,11.45,11.46,4354500,psxdata,2026-05-11T12:50:41
PIBTL,2019-12-19,11.5,11.7,10.9,11.16,6929500,psxdata,2026-05-11T12:50:41
PIBTL,2019-12-20,11.1,11.35,10.9,11.14,2583000,psxdata,2026-05-11T12:50:41
PIBTL,2019-12-23,11.16,11.16,10.45,10.5,3716500,psxdata,2026-05-11T12:50:41
PIBTL,2019-12-24,10.42,10.89,10.4,10.8,5376000,psxdata,2026-05-11T12:50:41
PIBTL,2019-12-26,10.89,11.39,10.81,11.31,4793000,psxdata,2026-05-11T12:50:41
PIBTL,2019-12-27,11.48,11.5,10.83,10.91,1990000,psxdata,2026-05-11T12:50:41
PIBTL,2019-12-30,11.02,11.1,10.68,10.73,1569000,psxdata,2026-05-11T12:50:41
PIBTL,2019-12-31,10.74,10.94,10.73,10.81,1360500,psxdata,2026-05-11T12:50:41
PIBTL,2020-01-01,10.95,11.32,10.8,11.25,4721500,psxdata,2026-05-11T12:50:41
PIBTL,2020-01-02,11.3,11.69,11.3,11.5,5919500,psxdata,2026-05-11T12:50:41
PIBTL,2020-01-03,11.54,11.59,11.11,11.17,2640000,psxdata,2026-05-11T12:50:41
PIBTL,2020-01-06,10.84,10.9,10.5,10.68,4281000,psxdata,2026-05-11T12:50:41
PIBTL,2020-01-07,10.8,10.99,10.66,10.83,1728000,psxdata,2026-05-11T12:50:41
PIBTL,2020-01-08,10.6,10.75,10.31,10.48,2371000,psxdata,2026-05-11T12:50:41
PIBTL,2020-01-09,10.8,11.15,10.8,11.01,3112000,psxdata,2026-05-11T12:50:41
PIBTL,2020-01-10,11.05,11.19,10.92,10.99,1958500,psxdata,2026-05-11T12:50:41
PIBTL,2020-01-13,11.05,11.23,10.78,11.08,2892500,psxdata,2026-05-11T12:50:41
PIBTL,2020-01-14,11.12,11.31,10.95,11.0,2477000,psxdata,2026-05-11T12:50:41
PIBTL,2020-01-15,11.0,11.26,10.84,10.88,2825500,psxdata,2026-05-11T12:50:41
PIBTL,2020-01-16,10.82,11.1,10.82,10.9,1420000,psxdata,2026-05-11T12:50:41
PIBTL,2020-01-17,10.96,11.3,10.95,11.17,3341500,psxdata,2026-05-11T12:50:41
PIBTL,2020-01-20,11.17,11.49,11.1,11.33,8244500,psxdata,2026-05-11T12:50:41
PIBTL,2020-01-21,11.4,11.5,11.03,11.08,3991000,psxdata,2026-05-11T12:50:41
PIBTL,2020-01-22,11.1,11.25,10.81,11.01,1470500,psxdata,2026-05-11T12:50:41
PIBTL,2020-01-23,11.04,11.35,11.0,11.07,4355000,psxdata,2026-05-11T12:50:41
PIBTL,2020-01-24,11.0,11.44,11.0,11.37,4173500,psxdata,2026-05-11T12:50:41
PIBTL,2020-01-27,11.47,12.1,11.47,11.83,25183500,psxdata,2026-05-11T12:50:41
PIBTL,2020-01-28,11.84,11.85,11.58,11.61,2874000,psxdata,2026-05-11T12:50:41
PIBTL,2020-01-29,11.6,11.7,11.21,11.29,3225000,psxdata,2026-05-11T12:50:41
PIBTL,2020-01-30,11.34,11.59,11.11,11.33,3203500,psxdata,2026-05-11T12:50:41
PIBTL,2020-01-31,11.49,11.64,11.35,11.52,3022500,psxdata,2026-05-11T12:50:41
PIBTL,2020-02-03,11.35,11.4,11.02,11.07,4339000,psxdata,2026-05-11T12:50:41
PIBTL,2020-02-04,11.17,11.28,11.03,11.15,1648000,psxdata,2026-05-11T12:50:41
PIBTL,2020-02-06,11.23,11.47,11.13,11.17,3226000,psxdata,2026-05-11T12:50:41
PIBTL,2020-02-07,11.15,11.29,10.91,10.95,3689000,psxdata,2026-05-11T12:50:41
PIBTL,2020-02-10,10.86,10.9,10.47,10.52,2730000,psxdata,2026-05-11T12:50:41
PIBTL,2020-02-11,10.55,10.85,10.23,10.6,3027000,psxdata,2026-05-11T12:50:41
PIBTL,2020-02-12,10.73,11.0,10.65,10.95,2383000,psxdata,2026-05-11T12:50:41
PIBTL,2020-02-13,11.01,11.35,10.94,11.1,5926000,psxdata,2026-05-11T12:50:41
PIBTL,2020-02-14,11.51,11.73,11.13,11.23,17542500,psxdata,2026-05-11T12:50:41
PIBTL,2020-02-17,11.25,11.26,11.01,11.09,4163000,psxdata,2026-05-11T12:50:41
PIBTL,2020-02-18,11.2,11.2,10.9,10.94,1842500,psxdata,2026-05-11T12:50:41
PIBTL,2020-02-19,11.0,11.16,10.95,11.04,1795500,psxdata,2026-05-11T12:50:41
PIBTL,2020-02-20,11.05,11.25,11.0,11.07,1989000,psxdata,2026-05-11T12:50:41
PIBTL,2020-02-21,11.05,11.15,11.0,11.02,1182500,psxdata,2026-05-11T12:50:41
PIBTL,2020-02-24,10.98,11.0,10.61,10.64,2923500,psxdata,2026-05-11T12:50:41
PIBTL,2020-02-25,10.61,10.75,10.5,10.52,2396000,psxdata,2026-05-11T12:50:41
PIBTL,2020-02-26,10.52,10.58,10.25,10.29,3044000,psxdata,2026-05-11T12:50:41
PIBTL,2020-02-27,10.2,10.2,9.75,10.09,5700000,psxdata,2026-05-11T12:50:41
PIBTL,2020-02-28,9.88,10.23,9.88,10.08,4644000,psxdata,2026-05-11T12:50:41
PIBTL,2020-03-02,10.19,10.63,10.15,10.57,2515000,psxdata,2026-05-11T12:50:41
PIBTL,2020-03-03,10.62,10.85,10.46,10.63,4313000,psxdata,2026-05-11T12:50:41
PIBTL,2020-03-04,10.54,10.75,10.41,10.48,1835500,psxdata,2026-05-11T12:50:41
PIBTL,2020-03-05,10.58,11.48,10.58,11.39,21493000,psxdata,2026-05-11T12:50:41
PIBTL,2020-03-06,11.39,11.39,10.9,10.97,4964500,psxdata,2026-05-11T12:50:41
PIBTL,2020-03-09,10.49,11.65,9.97,11.31,10560000,psxdata,2026-05-11T12:50:41
PIBTL,2020-03-10,11.4,11.6,11.16,11.26,4739000,psxdata,2026-05-11T12:50:41
PIBTL,2020-03-11,11.35,11.35,10.81,10.91,3037000,psxdata,2026-05-11T12:50:41
PIBTL,2020-03-12,10.66,10.98,10.4,10.51,2718500,psxdata,2026-05-11T12:50:41
PIBTL,2020-03-13,10.33,10.8,9.8,10.53,2268500,psxdata,2026-05-11T12:50:41
PIBTL,2020-03-16,10.41,10.49,9.58,9.62,6003500,psxdata,2026-05-11T12:50:41
PIBTL,2020-03-17,9.59,10.09,9.52,9.7,4672500,psxdata,2026-05-11T12:50:41
PIBTL,2020-03-18,9.36,9.74,8.7,8.7,4313000,psxdata,2026-05-11T12:50:41
PIBTL,2020-03-19,7.91,8.89,7.76,8.53,5521000,psxdata,2026-05-11T12:50:41
PIBTL,2020-03-20,8.89,8.99,8.25,8.72,2684000,psxdata,2026-05-11T12:50:41
PIBTL,2020-03-24,8.0,8.1,7.72,7.72,2105000,psxdata,2026-05-11T12:50:41
PIBTL,2020-03-25,8.11,8.3,7.2,7.28,3521500,psxdata,2026-05-11T12:50:41
PIBTL,2020-03-26,7.38,7.8,7.28,7.41,1992500,psxdata,2026-05-11T12:50:41
PIBTL,2020-03-27,7.6,7.85,7.3,7.73,1007500,psxdata,2026-05-11T12:50:41
PIBTL,2020-03-30,7.6,7.84,7.51,7.67,911500,psxdata,2026-05-11T12:50:41
PIBTL,2020-03-31,7.71,8.34,7.6,8.28,1444000,psxdata,2026-05-11T12:50:41
PIBTL,2020-04-01,8.3,8.3,7.96,8.05,1725000,psxdata,2026-05-11T12:50:41
PIBTL,2020-04-02,8.07,8.79,7.9,8.63,4837000,psxdata,2026-05-11T12:50:41
PIBTL,2020-04-03,8.79,9.5,8.7,9.16,9941500,psxdata,2026-05-11T12:50:41
PIBTL,2020-04-06,9.2,9.29,8.25,8.34,3451000,psxdata,2026-05-11T12:50:41
PIBTL,2020-04-07,8.34,8.75,8.34,8.65,1829500,psxdata,2026-05-11T12:50:41
PIBTL,2020-04-08,8.65,8.8,8.52,8.75,591000,psxdata,2026-05-11T12:50:41
PIBTL,2020-04-09,8.89,9.26,8.7,9.05,3546000,psxdata,2026-05-11T12:50:41
PIBTL,2020-04-10,9.14,9.14,8.81,8.94,682500,psxdata,2026-05-11T12:50:41
PIBTL,2020-04-13,8.94,8.94,8.6,8.65,761500,psxdata,2026-05-11T12:50:41
PIBTL,2020-04-14,8.56,8.94,8.53,8.75,783500,psxdata,2026-05-11T12:50:41
PIBTL,2020-04-15,9.0,9.04,8.71,8.76,1152000,psxdata,2026-05-11T12:50:41
PIBTL,2020-04-16,8.71,8.85,8.55,8.82,388500,psxdata,2026-05-11T12:50:41
PIBTL,2020-04-17,9.51,9.82,9.31,9.82,3677500,psxdata,2026-05-11T12:50:41
PIBTL,2020-04-20,10.0,10.05,9.4,9.48,3683500,psxdata,2026-05-11T12:50:41
PIBTL,2020-04-21,9.11,9.3,8.9,8.99,2187000,psxdata,2026-05-11T12:50:41
PIBTL,2020-04-22,9.0,9.39,9.0,9.24,4308500,psxdata,2026-05-11T12:50:41
PIBTL,2020-04-23,9.44,9.44,9.11,9.15,1443000,psxdata,2026-05-11T12:50:41
PIBTL,2020-04-24,9.2,9.2,8.95,8.96,1120000,psxdata,2026-05-11T12:50:41
PIBTL,2020-04-27,8.95,9.15,8.8,9.09,895000,psxdata,2026-05-11T12:50:41
PIBTL,2020-04-28,9.19,9.5,9.06,9.38,2065000,psxdata,2026-05-11T12:50:41
PIBTL,2020-04-29,9.38,9.5,9.21,9.31,785000,psxdata,2026-05-11T12:50:41
PIBTL,2020-04-30,9.31,9.58,9.31,9.47,2052000,psxdata,2026-05-11T12:50:41
PIBTL,2020-05-04,9.3,9.48,9.17,9.39,1470000,psxdata,2026-05-11T12:50:41
PIBTL,2020-05-05,9.36,9.75,9.25,9.34,5816000,psxdata,2026-05-11T12:50:41
PIBTL,2020-05-06,9.44,9.78,9.35,9.55,6905500,psxdata,2026-05-11T12:50:41
PIBTL,2020-05-07,9.59,9.59,9.05,9.15,3062000,psxdata,2026-05-11T12:50:41
PIBTL,2020-05-08,9.25,9.25,9.1,9.22,489500,psxdata,2026-05-11T12:50:41
PIBTL,2020-05-11,9.15,9.35,9.1,9.15,1422500,psxdata,2026-05-11T12:50:41
PIBTL,2020-05-12,9.2,9.34,9.05,9.1,1767500,psxdata,2026-05-11T12:50:41
PIBTL,2020-05-13,9.19,9.25,9.0,9.09,2078500,psxdata,2026-05-11T12:50:41
PIBTL,2020-05-14,9.11,9.47,9.0,9.39,6706500,psxdata,2026-05-11T12:50:41
PIBTL,2020-05-15,9.4,9.65,9.3,9.39,4859500,psxdata,2026-05-11T12:50:41
PIBTL,2020-05-18,9.42,9.55,9.15,9.3,3920500,psxdata,2026-05-11T12:50:41
PIBTL,2020-05-19,9.4,9.46,9.11,9.31,2505500,psxdata,2026-05-11T12:50:41
PIBTL,2020-05-20,9.25,9.32,9.05,9.15,3167000,psxdata,2026-05-11T12:50:41
PIBTL,2020-05-21,9.22,9.3,9.01,9.04,1868000,psxdata,2026-05-11T12:50:41
PIBTL,2020-05-28,9.1,9.16,9.02,9.09,1951000,psxdata,2026-05-11T12:50:41
PIBTL,2020-05-29,9.15,9.47,9.1,9.17,5052000,psxdata,2026-05-11T12:50:41
PIBTL,2020-06-01,9.21,9.33,9.12,9.2,3424500,psxdata,2026-05-11T12:50:41
PIBTL,2020-06-02,9.25,9.41,9.11,9.15,3990000,psxdata,2026-05-11T12:50:41
PIBTL,2020-06-03,9.24,9.25,9.05,9.1,1345000,psxdata,2026-05-11T12:50:41
PIBTL,2020-06-04,9.1,9.37,9.05,9.29,4734500,psxdata,2026-05-11T12:50:41
PIBTL,2020-06-05,9.4,9.4,9.16,9.24,1850500,psxdata,2026-05-11T12:50:41
PIBTL,2020-06-08,9.22,9.3,9.11,9.18,2098500,psxdata,2026-05-11T12:50:41
PIBTL,2020-06-09,9.29,9.54,9.17,9.42,8335500,psxdata,2026-05-11T12:50:41
PIBTL,2020-06-10,9.4,9.6,9.35,9.43,4837000,psxdata,2026-05-11T12:50:41
PIBTL,2020-06-11,9.55,9.64,9.34,9.41,5360500,psxdata,2026-05-11T12:50:41
PIBTL,2020-06-12,9.29,9.29,9.07,9.13,3894000,psxdata,2026-05-11T12:50:41
PIBTL,2020-06-15,9.13,9.13,8.97,9.02,3231000,psxdata,2026-05-11T12:50:41
PIBTL,2020-06-16,9.0,9.21,8.95,9.1,2558000,psxdata,2026-05-11T12:50:41
PIBTL,2020-06-17,9.15,9.29,8.91,8.98,2496000,psxdata,2026-05-11T12:50:41
PIBTL,2020-06-18,8.95,9.15,8.95,9.08,3186500,psxdata,2026-05-11T12:50:41
PIBTL,2020-06-19,9.1,9.15,8.9,8.91,523000,psxdata,2026-05-11T12:50:41
PIBTL,2020-06-22,8.92,8.98,8.76,8.83,1205000,psxdata,2026-05-11T12:50:41
PIBTL,2020-06-23,8.98,9.06,8.9,8.99,1006000,psxdata,2026-05-11T12:50:41
PIBTL,2020-06-24,9.0,9.0,8.84,8.86,1769000,psxdata,2026-05-11T12:50:41
PIBTL,2020-06-25,8.84,8.85,8.75,8.77,607500,psxdata,2026-05-11T12:50:41
PIBTL,2020-06-26,8.93,8.96,8.71,8.86,3453500,psxdata,2026-05-11T12:50:41
PIBTL,2020-06-29,8.94,9.03,8.73,8.89,1921500,psxdata,2026-05-11T12:50:41
PIBTL,2020-06-30,8.95,9.0,8.75,8.8,1487500,psxdata,2026-05-11T12:50:41
PIBTL,2020-07-01,8.9,9.06,8.85,9.05,2607500,psxdata,2026-05-11T12:50:41
PIBTL,2020-07-02,9.1,9.36,9.1,9.17,4494000,psxdata,2026-05-11T12:50:41
PIBTL,2020-07-03,9.25,9.25,9.07,9.11,552000,psxdata,2026-05-11T12:50:41
PIBTL,2020-07-06,9.15,9.3,9.1,9.26,2611000,psxdata,2026-05-11T12:50:41
PIBTL,2020-07-07,9.3,9.85,9.25,9.67,23509500,psxdata,2026-05-11T12:50:41
PIBTL,2020-07-08,9.71,9.89,9.59,9.7,6708000,psxdata,2026-05-11T12:50:41
PIBTL,2020-07-09,9.7,10.17,9.55,10.07,15160000,psxdata,2026-05-11T12:50:41
PIBTL,2020-07-10,10.1,10.21,9.9,10.0,9418000,psxdata,2026-05-11T12:50:41
PIBTL,2020-07-13,10.0,10.14,9.95,10.0,6799000,psxdata,2026-05-11T12:50:41
PIBTL,2020-07-14,9.92,10.4,9.92,10.21,12029000,psxdata,2026-05-11T12:50:41
PIBTL,2020-07-15,10.35,10.37,10.0,10.05,4618500,psxdata,2026-05-11T12:50:41
PIBTL,2020-07-16,10.05,10.17,10.0,10.09,5272500,psxdata,2026-05-11T12:50:41
PIBTL,2020-07-17,10.07,10.48,10.03,10.31,10557000,psxdata,2026-05-11T12:50:41
PIBTL,2020-07-20,10.42,10.69,10.31,10.56,13291000,psxdata,2026-05-11T12:50:41
PIBTL,2020-07-21,10.6,10.67,10.32,10.37,6511500,psxdata,2026-05-11T12:50:41
PIBTL,2020-07-22,10.49,10.59,10.2,10.24,3681000,psxdata,2026-05-11T12:50:41
PIBTL,2020-07-23,10.3,10.32,10.04,10.09,2384500,psxdata,2026-05-11T12:50:41
PIBTL,2020-07-24,10.1,10.17,9.99,10.05,2765000,psxdata,2026-05-11T12:50:41
PIBTL,2020-07-27,10.14,10.2,10.0,10.14,1696000,psxdata,2026-05-11T12:50:41
PIBTL,2020-07-28,10.1,10.45,10.1,10.41,7472500,psxdata,2026-05-11T12:50:41
PIBTL,2020-07-29,10.42,10.9,10.31,10.63,18682500,psxdata,2026-05-11T12:50:41
PIBTL,2020-07-30,10.65,11.55,10.55,11.25,43308500,psxdata,2026-05-11T12:50:41
PIBTL,2020-08-03,11.35,11.52,11.18,11.3,10575500,psxdata,2026-05-11T12:50:41
PIBTL,2020-08-04,11.38,11.38,10.9,11.11,12473000,psxdata,2026-05-11T12:50:41
PIBTL,2020-08-05,11.1,11.3,11.01,11.25,5222000,psxdata,2026-05-11T12:50:41
PIBTL,2020-08-06,11.55,11.67,11.28,11.37,22446500,psxdata,2026-05-11T12:50:41
PIBTL,2020-08-07,11.38,12.37,11.26,12.17,52630500,psxdata,2026-05-11T12:50:41
PIBTL,2020-08-10,12.17,12.35,11.85,12.01,20124000,psxdata,2026-05-11T12:50:41
PIBTL,2020-08-11,12.15,12.39,12.01,12.16,15941000,psxdata,2026-05-11T12:50:41
PIBTL,2020-08-12,12.17,12.28,11.61,11.75,12757500,psxdata,2026-05-11T12:50:41
PIBTL,2020-08-13,11.75,11.99,11.45,11.82,7874500,psxdata,2026-05-11T12:50:41
PIBTL,2020-08-17,11.9,12.31,11.75,12.06,16341500,psxdata,2026-05-11T12:50:41
PIBTL,2020-08-18,12.17,12.79,12.17,12.51,35581500,psxdata,2026-05-11T12:50:41
PIBTL,2020-08-19,12.6,12.82,12.32,12.36,26242500,psxdata,2026-05-11T12:50:41
PIBTL,2020-08-20,12.35,12.39,12.12,12.18,6947500,psxdata,2026-05-11T12:50:41
PIBTL,2020-08-21,12.12,12.35,12.01,12.26,5158000,psxdata,2026-05-11T12:50:41
PIBTL,2020-08-24,12.35,12.38,12.08,12.32,3811000,psxdata,2026-05-11T12:50:41
PIBTL,2020-08-25,12.22,12.62,12.22,12.39,12915500,psxdata,2026-05-11T12:50:41
PIBTL,2020-08-26,12.4,12.5,12.23,12.29,9453500,psxdata,2026-05-11T12:50:41
PIBTL,2020-08-27,12.3,12.46,12.19,12.24,7391000,psxdata,2026-05-11T12:50:41
PIBTL,2020-08-28,12.35,12.36,12.1,12.14,3761500,psxdata,2026-05-11T12:50:41
PIBTL,2020-08-31,12.25,12.37,12.05,12.08,8506000,psxdata,2026-05-11T12:50:41
PIBTL,2020-09-01,12.19,12.4,12.1,12.35,7182000,psxdata,2026-05-11T12:50:41
PIBTL,2020-09-02,12.45,13.09,12.45,12.84,46908000,psxdata,2026-05-11T12:50:41
PIBTL,2020-09-03,12.97,13.16,12.8,13.04,32996500,psxdata,2026-05-11T12:50:41
PIBTL,2020-09-04,13.0,13.05,12.72,12.79,17752500,psxdata,2026-05-11T12:50:41
PIBTL,2020-09-07,12.9,13.35,12.4,13.22,57332000,psxdata,2026-05-11T12:50:41
PIBTL,2020-09-08,13.45,13.62,12.75,12.99,66005500,psxdata,2026-05-11T12:50:41
PIBTL,2020-09-09,12.97,13.28,12.67,13.14,57235500,psxdata,2026-05-11T12:50:41
PIBTL,2020-09-10,13.33,14.14,13.33,13.7,122049000,psxdata,2026-05-11T12:50:41
PIBTL,2020-09-11,13.84,13.88,13.43,13.55,25757500,psxdata,2026-05-11T12:50:41
PIBTL,2020-09-14,13.75,14.18,13.55,13.95,42942500,psxdata,2026-05-11T12:50:41
PIBTL,2020-09-15,14.1,14.25,13.59,13.66,34412000,psxdata,2026-05-11T12:50:41
PIBTL,2020-09-16,13.78,13.85,13.35,13.57,18321500,psxdata,2026-05-11T12:50:41
PIBTL,2020-09-17,13.79,13.88,13.25,13.35,20531500,psxdata,2026-05-11T12:50:41
PIBTL,2020-09-18,13.69,14.3,13.55,13.98,75507500,psxdata,2026-05-11T12:50:41
PIBTL,2020-09-21,14.14,14.18,13.45,13.55,34630500,psxdata,2026-05-11T12:50:41
PIBTL,2020-09-22,13.6,13.77,13.3,13.58,24505000,psxdata,2026-05-11T12:50:41
PIBTL,2020-09-23,13.65,13.8,13.41,13.47,10002500,psxdata,2026-05-11T12:50:41
PIBTL,2020-09-24,13.33,13.6,13.12,13.27,19088000,psxdata,2026-05-11T12:50:41
PIBTL,2020-09-25,13.25,13.65,13.21,13.33,21242500,psxdata,2026-05-11T12:50:41
PIBTL,2020-09-28,13.3,13.42,12.39,12.56,15732500,psxdata,2026-05-11T12:50:41
PIBTL,2020-09-29,12.65,13.0,12.17,12.91,16901500,psxdata,2026-05-11T12:50:41
PIBTL,2020-09-30,13.06,13.06,12.2,12.36,10937500,psxdata,2026-05-11T12:50:41
PIBTL,2020-10-01,12.3,12.7,12.07,12.54,17342500,psxdata,2026-05-11T12:50:41
PIBTL,2020-10-02,12.44,12.73,11.75,11.92,15427000,psxdata,2026-05-11T12:50:41
PIBTL,2020-10-05,11.7,11.9,11.01,11.16,19406000,psxdata,2026-05-11T12:50:41
PIBTL,2020-10-06,11.2,11.75,11.03,11.62,13622500,psxdata,2026-05-11T12:50:41
PIBTL,2020-10-07,11.72,12.19,11.65,12.08,17513500,psxdata,2026-05-11T12:50:41
PIBTL,2020-10-08,12.15,12.25,11.8,11.95,10730000,psxdata,2026-05-11T12:50:41
PIBTL,2020-10-09,11.95,12.3,11.95,12.09,8985500,psxdata,2026-05-11T12:50:41
PIBTL,2020-10-12,12.09,12.45,11.59,11.73,18243500,psxdata,2026-05-11T12:50:41
PIBTL,2020-10-13,11.7,11.96,11.51,11.74,14180500,psxdata,2026-05-11T12:50:41
PIBTL,2020-10-14,11.78,11.95,11.6,11.83,7730500,psxdata,2026-05-11T12:50:41
PIBTL,2020-10-15,11.96,12.35,11.85,12.12,17696000,psxdata,2026-05-11T12:50:41
PIBTL,2020-10-16,12.1,12.25,12.0,12.15,6038500,psxdata,2026-05-11T12:50:41
PIBTL,2020-10-19,12.18,12.98,12.11,12.91,36636000,psxdata,2026-05-11T12:50:41
PIBTL,2020-10-20,13.05,13.34,12.97,13.24,25337500,psxdata,2026-05-11T12:50:41
PIBTL,2020-10-21,13.3,14.08,13.0,13.96,64000500,psxdata,2026-05-11T12:50:41
PIBTL,2020-10-22,14.0,14.03,12.95,13.08,56291500,psxdata,2026-05-11T12:50:41
PIBTL,2020-10-23,13.09,13.3,13.0,13.15,16812000,psxdata,2026-05-11T12:50:41
PIBTL,2020-10-26,13.25,13.44,13.13,13.17,17059000,psxdata,2026-05-11T12:50:41
PIBTL,2020-10-27,13.2,13.62,12.95,13.31,26894000,psxdata,2026-05-11T12:50:41
PIBTL,2020-10-28,13.4,13.65,13.13,13.26,31266000,psxdata,2026-05-11T12:50:41
PIBTL,2020-10-29,13.0,13.06,12.26,12.48,38642500,psxdata,2026-05-11T12:50:41
PIBTL,2020-11-02,12.26,12.44,11.88,12.25,20175000,psxdata,2026-05-11T12:50:41
PIBTL,2020-11-03,12.42,12.89,12.42,12.8,19542000,psxdata,2026-05-11T12:50:41
PIBTL,2020-11-04,12.99,13.08,12.51,12.58,16393500,psxdata,2026-05-11T12:50:41
PIBTL,2020-11-05,12.7,13.04,12.63,12.92,19396500,psxdata,2026-05-11T12:50:41
PIBTL,2020-11-06,13.0,13.0,12.72,12.77,6388500,psxdata,2026-05-11T12:50:41
PIBTL,2020-11-09,12.81,12.9,12.52,12.72,11452000,psxdata,2026-05-11T12:50:41
PIBTL,2020-11-10,12.95,12.98,12.59,12.63,6378500,psxdata,2026-05-11T12:50:41
PIBTL,2020-11-11,12.63,12.73,12.25,12.51,4213000,psxdata,2026-05-11T12:50:41
PIBTL,2020-11-12,12.45,12.45,12.09,12.15,8553500,psxdata,2026-05-11T12:50:41
PIBTL,2020-11-13,12.05,12.45,12.03,12.22,4331500,psxdata,2026-05-11T12:50:41
PIBTL,2020-11-16,12.22,12.4,12.16,12.21,2895000,psxdata,2026-05-11T12:50:41
PIBTL,2020-11-17,12.25,12.75,12.25,12.36,7229500,psxdata,2026-05-11T12:50:41
PIBTL,2020-11-18,12.35,12.45,12.2,12.31,1879500,psxdata,2026-05-11T12:50:41
PIBTL,2020-11-19,12.3,12.48,12.21,12.3,2558500,psxdata,2026-05-11T12:50:41
PIBTL,2020-11-20,12.45,12.45,12.02,12.06,3123500,psxdata,2026-05-11T12:50:41
PIBTL,2020-11-23,12.02,12.02,11.6,11.74,7036000,psxdata,2026-05-11T12:50:41
PIBTL,2020-11-24,11.95,11.95,11.61,11.79,4837500,psxdata,2026-05-11T12:50:41
PIBTL,2020-11-25,11.8,11.99,11.8,11.89,4324500,psxdata,2026-05-11T12:50:41
PIBTL,2020-11-26,11.99,12.51,11.95,12.39,15758000,psxdata,2026-05-11T12:50:41
PIBTL,2020-11-27,12.36,12.58,12.2,12.25,6581500,psxdata,2026-05-11T12:50:41
PIBTL,2020-11-30,12.21,12.35,12.01,12.31,4621500,psxdata,2026-05-11T12:50:41
PIBTL,2020-12-01,12.32,12.9,12.3,12.79,22900500,psxdata,2026-05-11T12:50:41
PIBTL,2020-12-02,12.8,13.14,12.75,12.94,18689000,psxdata,2026-05-11T12:50:41
PIBTL,2020-12-03,13.1,13.19,12.76,12.8,20636500,psxdata,2026-05-11T12:50:41
PIBTL,2020-12-04,12.7,12.9,12.58,12.61,7373000,psxdata,2026-05-11T12:50:41
PIBTL,2020-12-07,12.76,12.8,12.55,12.59,5925500,psxdata,2026-05-11T12:50:41
PIBTL,2020-12-08,12.59,12.73,12.5,12.58,5633500,psxdata,2026-05-11T12:50:41
PIBTL,2020-12-09,12.56,13.1,12.56,12.9,17232000,psxdata,2026-05-11T12:50:41
PIBTL,2020-12-10,12.97,13.65,12.85,13.55,50015500,psxdata,2026-05-11T12:50:41
PIBTL,2020-12-11,13.56,13.6,13.16,13.25,13282000,psxdata,2026-05-11T12:50:41
PIBTL,2020-12-14,13.49,13.66,13.22,13.48,30199000,psxdata,2026-05-11T12:50:41
PIBTL,2020-12-15,13.61,13.93,13.42,13.5,36685000,psxdata,2026-05-11T12:50:41
PIBTL,2020-12-16,13.6,13.64,13.26,13.29,12397500,psxdata,2026-05-11T12:50:41
PIBTL,2020-12-17,13.39,13.57,13.31,13.41,8135000,psxdata,2026-05-11T12:50:41
PIBTL,2020-12-18,13.5,13.63,13.18,13.23,7343500,psxdata,2026-05-11T12:50:41
PIBTL,2020-12-21,13.2,13.2,12.83,12.97,11944000,psxdata,2026-05-11T12:50:41
PIBTL,2020-12-22,12.93,12.99,12.6,12.68,8249000,psxdata,2026-05-11T12:50:41
PIBTL,2020-12-23,12.71,12.88,12.55,12.78,10367000,psxdata,2026-05-11T12:50:41
PIBTL,2020-12-24,12.85,13.0,12.61,12.67,14528000,psxdata,2026-05-11T12:50:41
PIBTL,2020-12-28,12.7,12.91,12.65,12.87,8915000,psxdata,2026-05-11T12:50:41
PIBTL,2020-12-29,13.0,13.19,12.62,12.75,12820500,psxdata,2026-05-11T12:50:41
PIBTL,2020-12-30,13.0,13.0,12.72,12.77,6548500,psxdata,2026-05-11T12:50:41
PIBTL,2020-12-31,12.88,13.2,12.8,12.86,30882500,psxdata,2026-05-11T12:50:41
PIBTL,2021-01-01,13.0,13.17,12.83,12.89,11746000,psxdata,2026-05-11T12:50:41
PIBTL,2021-01-04,13.01,13.07,12.6,12.65,11628000,psxdata,2026-05-11T12:50:41
PIBTL,2021-01-05,12.72,12.91,12.62,12.72,6563500,psxdata,2026-05-11T12:50:41
PIBTL,2021-01-06,12.85,12.93,12.71,12.76,6727500,psxdata,2026-05-11T12:50:41
PIBTL,2021-01-07,12.81,12.95,12.61,12.64,9625000,psxdata,2026-05-11T12:50:41
PIBTL,2021-01-08,12.69,12.8,12.6,12.62,6095000,psxdata,2026-05-11T12:50:41
PIBTL,2021-01-11,12.67,12.78,12.49,12.53,8057000,psxdata,2026-05-11T12:50:41
PIBTL,2021-01-12,12.59,12.89,12.45,12.78,26059500,psxdata,2026-05-11T12:50:41
PIBTL,2021-01-13,12.9,13.46,12.83,13.18,79637500,psxdata,2026-05-11T12:50:41
PIBTL,2021-01-14,13.3,13.38,12.92,12.98,16645000,psxdata,2026-05-11T12:50:41
PIBTL,2021-01-15,12.98,13.08,12.81,12.84,8130500,psxdata,2026-05-11T12:50:41
PIBTL,2021-01-18,12.85,12.9,12.7,12.73,6497500,psxdata,2026-05-11T12:50:41
PIBTL,2021-01-19,12.76,12.85,12.62,12.71,6038000,psxdata,2026-05-11T12:50:41
PIBTL,2021-01-20,12.6,12.74,12.55,12.68,6747500,psxdata,2026-05-11T12:50:41
PIBTL,2021-01-21,12.93,13.29,12.81,12.84,31430000,psxdata,2026-05-11T12:50:41
PIBTL,2021-01-22,12.85,13.2,12.74,13.06,21726500,psxdata,2026-05-11T12:50:41
PIBTL,2021-01-25,13.05,13.2,12.99,13.02,10406500,psxdata,2026-05-11T12:50:41
PIBTL,2021-01-26,13.08,13.14,12.93,13.01,12405500,psxdata,2026-05-11T12:50:41
PIBTL,2021-01-27,13.05,13.45,13.0,13.26,39649000,psxdata,2026-05-11T12:50:41
PIBTL,2021-01-28,13.26,13.28,13.03,13.07,9361500,psxdata,2026-05-11T12:50:41
PIBTL,2021-01-29,13.07,13.32,13.02,13.05,20277000,psxdata,2026-05-11T12:50:41
PIBTL,2021-02-01,13.1,13.77,13.0,13.47,62072000,psxdata,2026-05-11T12:50:41
PIBTL,2021-02-02,13.65,13.76,13.43,13.47,22576500,psxdata,2026-05-11T12:50:41
PIBTL,2021-02-03,13.62,13.74,13.45,13.58,20220000,psxdata,2026-05-11T12:50:41
PIBTL,2021-02-04,13.65,13.7,13.15,13.23,15778500,psxdata,2026-05-11T12:50:41
PIBTL,2021-02-08,13.39,13.4,12.96,13.02,13132000,psxdata,2026-05-11T12:50:41
PIBTL,2021-02-09,13.22,13.25,12.73,12.95,32040000,psxdata,2026-05-11T12:50:41
PIBTL,2021-02-10,12.98,13.13,12.83,12.93,9818500,psxdata,2026-05-11T12:50:41
PIBTL,2021-02-11,12.92,13.08,12.66,12.7,11512000,psxdata,2026-05-11T12:50:41
PIBTL,2021-02-12,12.72,12.83,12.48,12.6,13013500,psxdata,2026-05-11T12:50:41
PIBTL,2021-02-15,12.74,12.85,12.65,12.73,5728000,psxdata,2026-05-11T12:50:41
PIBTL,2021-02-16,12.79,12.95,12.6,12.88,7502000,psxdata,2026-05-11T12:50:41
PIBTL,2021-02-17,13.03,13.07,12.64,12.68,8353000,psxdata,2026-05-11T12:50:41
PIBTL,2021-02-18,12.84,12.84,12.48,12.53,6858500,psxdata,2026-05-11T12:50:41
PIBTL,2021-02-19,12.53,12.65,12.51,12.54,4217000,psxdata,2026-05-11T12:50:41
PIBTL,2021-02-22,12.6,12.7,12.43,12.47,8088000,psxdata,2026-05-11T12:50:41
PIBTL,2021-02-23,12.54,12.59,12.35,12.4,9296000,psxdata,2026-05-11T12:50:41
PIBTL,2021-02-24,12.5,12.5,12.01,12.05,11128000,psxdata,2026-05-11T12:50:41
PIBTL,2021-02-25,12.1,12.2,12.0,12.03,4891500,psxdata,2026-05-11T12:50:41
PIBTL,2021-02-26,12.05,12.16,11.76,11.82,12350500,psxdata,2026-05-11T12:50:41
PIBTL,2021-03-01,11.83,11.9,11.5,11.69,5648500,psxdata,2026-05-11T12:50:41
PIBTL,2021-03-02,11.75,12.0,11.61,11.85,6382000,psxdata,2026-05-11T12:50:41
PIBTL,2021-03-03,11.98,12.0,11.7,11.92,4224500,psxdata,2026-05-11T12:50:41
PIBTL,2021-03-04,11.5,11.79,11.35,11.42,8030500,psxdata,2026-05-11T12:50:41
PIBTL,2021-03-05,11.5,11.75,11.25,11.65,7968500,psxdata,2026-05-11T12:50:41
PIBTL,2021-03-08,11.84,11.84,11.22,11.3,9258500,psxdata,2026-05-11T12:50:41
PIBTL,2021-03-09,11.39,11.4,10.62,10.89,11853500,psxdata,2026-05-11T12:50:41
PIBTL,2021-03-10,10.97,11.0,10.5,10.63,9972500,psxdata,2026-05-11T12:50:41
PIBTL,2021-03-11,10.56,10.7,9.83,9.99,17721000,psxdata,2026-05-11T12:50:41
PIBTL,2021-03-12,9.91,10.73,9.91,10.49,10607000,psxdata,2026-05-11T12:50:41
PIBTL,2021-03-15,10.7,10.83,10.45,10.71,15624500,psxdata,2026-05-11T12:50:41
PIBTL,2021-03-16,10.83,10.83,10.5,10.56,3899000,psxdata,2026-05-11T12:50:41
PIBTL,2021-03-17,10.65,11.07,10.65,10.99,10068500,psxdata,2026-05-11T12:50:41
PIBTL,2021-03-18,11.02,11.22,10.66,10.77,9879000,psxdata,2026-05-11T12:50:41
PIBTL,2021-03-19,10.82,10.99,10.66,10.79,4863500,psxdata,2026-05-11T12:50:41
PIBTL,2021-03-22,10.75,10.99,10.61,10.83,10777500,psxdata,2026-05-11T12:50:41
PIBTL,2021-03-24,10.9,10.9,10.7,10.75,4334000,psxdata,2026-05-11T12:50:41
PIBTL,2021-03-25,10.8,11.04,10.75,10.89,13279500,psxdata,2026-05-11T12:50:41
PIBTL,2021-03-26,10.89,10.95,10.7,10.77,16371500,psxdata,2026-05-11T12:50:41
PIBTL,2021-03-29,10.76,10.85,10.1,10.19,9670000,psxdata,2026-05-11T12:50:41
PIBTL,2021-03-30,10.12,10.47,10.11,10.28,5195000,psxdata,2026-05-11T12:50:41
PIBTL,2021-03-31,10.48,10.73,10.35,10.45,7268500,psxdata,2026-05-11T12:50:41
PIBTL,2021-04-01,10.4,10.56,10.29,10.31,3321500,psxdata,2026-05-11T12:50:41
PIBTL,2021-04-02,10.36,10.42,10.22,10.25,1823500,psxdata,2026-05-11T12:50:41
PIBTL,2021-04-05,10.3,10.3,9.9,10.02,6970500,psxdata,2026-05-11T12:50:41
PIBTL,2021-04-06,10.05,10.28,10.05,10.25,2147000,psxdata,2026-05-11T12:50:41
PIBTL,2021-04-07,10.28,10.34,9.97,10.06,5506500,psxdata,2026-05-11T12:50:41
PIBTL,2021-04-08,10.1,10.32,10.05,10.29,4723500,psxdata,2026-05-11T12:50:41
PIBTL,2021-04-09,10.34,10.66,10.28,10.51,9790500,psxdata,2026-05-11T12:50:41
PIBTL,2021-04-12,10.42,10.65,10.29,10.34,3065000,psxdata,2026-05-11T12:50:41
PIBTL,2021-04-13,10.26,10.43,10.23,10.32,1482000,psxdata,2026-05-11T12:50:41
PIBTL,2021-04-14,10.4,10.45,10.34,10.36,1645000,psxdata,2026-05-11T12:50:41
PIBTL,2021-04-15,10.36,10.43,10.2,10.22,1467500,psxdata,2026-05-11T12:50:41
PIBTL,2021-04-16,10.39,10.39,10.21,10.28,917500,psxdata,2026-05-11T12:50:41
PIBTL,2021-04-19,10.01,10.4,9.95,10.16,5982000,psxdata,2026-05-11T12:50:41
PIBTL,2021-04-20,10.35,10.38,10.1,10.14,3006000,psxdata,2026-05-11T12:50:41
PIBTL,2021-04-21,10.22,10.25,10.1,10.17,2433000,psxdata,2026-05-11T12:50:41
PIBTL,2021-04-22,10.16,10.24,9.92,9.98,2828000,psxdata,2026-05-11T12:50:41
PIBTL,2021-04-23,9.99,10.09,9.87,10.02,2794000,psxdata,2026-05-11T12:50:41
PIBTL,2021-04-26,9.91,10.19,9.87,10.05,4369000,psxdata,2026-05-11T12:50:41
PIBTL,2021-04-27,10.05,10.14,9.76,9.82,8873500,psxdata,2026-05-11T12:50:41
PIBTL,2021-04-28,9.92,10.08,9.84,9.95,7145000,psxdata,2026-05-11T12:50:41
PIBTL,2021-04-29,9.89,9.95,9.8,9.84,4235500,psxdata,2026-05-11T12:50:41
PIBTL,2021-04-30,9.84,9.89,9.5,9.56,10688000,psxdata,2026-05-11T12:50:41
PIBTL,2021-05-03,9.56,9.74,9.32,9.4,2228000,psxdata,2026-05-11T12:50:41
PIBTL,2021-05-04,9.32,9.6,9.28,9.31,4737500,psxdata,2026-05-11T12:50:41
PIBTL,2021-05-05,9.36,9.7,9.36,9.46,2129500,psxdata,2026-05-11T12:50:41
PIBTL,2021-05-06,9.5,9.6,9.42,9.57,810500,psxdata,2026-05-11T12:50:41
PIBTL,2021-05-17,9.66,9.95,9.48,9.84,3907000,psxdata,2026-05-11T12:50:41
PIBTL,2021-05-18,9.81,10.15,9.7,10.05,7553500,psxdata,2026-05-11T12:50:41
PIBTL,2021-05-19,10.01,10.24,9.96,10.06,6925000,psxdata,2026-05-11T12:50:41
PIBTL,2021-05-20,10.08,11.06,10.08,10.8,46030500,psxdata,2026-05-11T12:50:41
PIBTL,2021-05-21,10.8,11.0,10.47,10.5,12677000,psxdata,2026-05-11T12:50:41
PIBTL,2021-05-24,10.5,10.65,10.32,10.42,4154000,psxdata,2026-05-11T12:50:41
PIBTL,2021-05-25,10.41,10.6,10.4,10.45,4483000,psxdata,2026-05-11T12:50:41
PIBTL,2021-05-26,10.5,10.68,10.45,10.61,7766500,psxdata,2026-05-11T12:50:41
PIBTL,2021-05-27,10.66,10.9,10.55,10.62,8141000,psxdata,2026-05-11T12:50:41
PIBTL,2021-05-28,10.62,10.79,10.55,10.68,6969000,psxdata,2026-05-11T12:50:41
PIBTL,2021-05-31,10.75,11.27,10.75,11.03,21937500,psxdata,2026-05-11T12:50:41
PIBTL,2021-06-01,11.22,11.83,11.15,11.55,43330500,psxdata,2026-05-11T12:50:41
PIBTL,2021-06-02,11.65,11.65,11.25,11.3,11303500,psxdata,2026-05-11T12:50:41
PIBTL,2021-06-03,11.33,11.7,11.24,11.48,17810000,psxdata,2026-05-11T12:50:41
PIBTL,2021-06-04,11.5,11.69,11.35,11.43,6105500,psxdata,2026-05-11T12:50:41
PIBTL,2021-06-07,11.52,11.6,11.18,11.25,8284000,psxdata,2026-05-11T12:50:41
PIBTL,2021-06-08,11.3,11.39,11.0,11.04,7993000,psxdata,2026-05-11T12:50:41
PIBTL,2021-06-09,11.0,11.1,10.81,10.9,5163500,psxdata,2026-05-11T12:50:41
PIBTL,2021-06-10,10.9,11.16,10.9,11.09,9276500,psxdata,2026-05-11T12:50:41
PIBTL,2021-06-11,11.12,11.24,11.01,11.05,21900500,psxdata,2026-05-11T12:50:41
PIBTL,2021-06-14,11.3,11.58,11.05,11.4,18966500,psxdata,2026-05-11T12:50:41
PIBTL,2021-06-15,11.55,11.7,11.32,11.38,22870000,psxdata,2026-05-11T12:50:41
PIBTL,2021-06-16,11.43,11.49,11.18,11.21,13831000,psxdata,2026-05-11T12:50:41
PIBTL,2021-06-17,11.19,11.68,11.13,11.38,23305000,psxdata,2026-05-11T12:50:41
PIBTL,2021-06-18,11.4,12.01,11.3,11.87,31815000,psxdata,2026-05-11T12:50:41
PIBTL,2021-06-21,12.05,12.44,11.95,12.01,45697000,psxdata,2026-05-11T12:50:41
PIBTL,2021-06-22,12.01,12.14,11.78,11.82,9967500,psxdata,2026-05-11T12:50:41
PIBTL,2021-06-23,11.82,11.89,11.53,11.6,9663500,psxdata,2026-05-11T12:50:41
PIBTL,2021-06-24,11.65,12.0,11.6,11.8,9895500,psxdata,2026-05-11T12:50:41
PIBTL,2021-06-25,11.75,11.88,11.6,11.73,7115500,psxdata,2026-05-11T12:50:41
PIBTL,2021-06-28,11.7,11.79,11.5,11.55,10502500,psxdata,2026-05-11T12:50:41
PIBTL,2021-06-29,11.51,11.77,11.39,11.48,4400500,psxdata,2026-05-11T12:50:41
PIBTL,2021-06-30,11.5,11.64,11.35,11.38,3361500,psxdata,2026-05-11T12:50:41
PIBTL,2021-07-01,11.48,11.7,11.43,11.57,4411500,psxdata,2026-05-11T12:50:41
PIBTL,2021-07-02,11.61,11.69,11.47,11.53,3196500,psxdata,2026-05-11T12:50:41
PIBTL,2021-07-05,11.47,11.5,11.25,11.28,3078500,psxdata,2026-05-11T12:50:41
PIBTL,2021-07-06,11.33,11.4,11.2,11.24,2619500,psxdata,2026-05-11T12:50:41
PIBTL,2021-07-07,11.18,11.62,11.15,11.53,9952000,psxdata,2026-05-11T12:50:41
PIBTL,2021-07-08,11.44,11.68,11.35,11.51,4049000,psxdata,2026-05-11T12:50:41
PIBTL,2021-07-09,11.54,11.54,11.07,11.14,5479000,psxdata,2026-05-11T12:50:41
PIBTL,2021-07-12,11.17,11.25,10.99,11.02,4616000,psxdata,2026-05-11T12:50:41
PIBTL,2021-07-13,11.03,11.34,11.03,11.21,4603500,psxdata,2026-05-11T12:50:41
PIBTL,2021-07-14,11.2,11.87,11.2,11.79,13527000,psxdata,2026-05-11T12:50:41
PIBTL,2021-07-15,11.9,12.12,11.7,11.79,33319000,psxdata,2026-05-11T12:50:41
PIBTL,2021-07-16,11.8,11.92,11.7,11.81,6445000,psxdata,2026-05-11T12:50:41
PIBTL,2021-07-19,11.9,11.9,11.57,11.61,3144000,psxdata,2026-05-11T12:50:41
PIBTL,2021-07-23,11.7,11.7,11.45,11.48,2691000,psxdata,2026-05-11T12:50:41
PIBTL,2021-07-26,11.58,11.58,11.3,11.32,2383500,psxdata,2026-05-11T12:50:41
PIBTL,2021-07-27,11.32,11.4,11.2,11.23,11007000,psxdata,2026-05-11T12:50:41
PIBTL,2021-07-28,11.2,11.32,10.93,11.01,6001500,psxdata,2026-05-11T12:50:41
PIBTL,2021-07-29,11.0,11.17,10.82,10.92,4430000,psxdata,2026-05-11T12:50:41
PIBTL,2021-07-30,11.09,11.24,10.8,10.92,16995000,psxdata,2026-05-11T12:50:41
PIBTL,2021-08-02,11.0,11.15,10.77,11.1,5860000,psxdata,2026-05-11T12:50:41
PIBTL,2021-08-03,11.19,11.29,11.01,11.11,4379000,psxdata,2026-05-11T12:50:41
PIBTL,2021-08-04,11.11,11.25,11.07,11.09,1317500,psxdata,2026-05-11T12:50:41
PIBTL,2021-08-05,11.09,11.24,11.02,11.06,1798000,psxdata,2026-05-11T12:50:41
PIBTL,2021-08-06,11.18,11.21,11.0,11.01,3119000,psxdata,2026-05-11T12:50:41
PIBTL,2021-08-09,11.07,11.08,10.71,10.8,2514500,psxdata,2026-05-11T12:50:41
PIBTL,2021-08-10,10.96,10.96,10.65,10.77,1719500,psxdata,2026-05-11T12:50:41
PIBTL,2021-08-11,10.67,11.08,10.67,10.89,3037500,psxdata,2026-05-11T12:50:41
PIBTL,2021-08-12,10.9,10.98,10.75,10.78,987500,psxdata,2026-05-11T12:50:41
PIBTL,2021-08-13,10.89,10.9,10.63,10.68,788000,psxdata,2026-05-11T12:50:41
PIBTL,2021-08-16,10.68,10.78,10.3,10.38,2186500,psxdata,2026-05-11T12:50:41
PIBTL,2021-08-17,10.48,10.75,10.45,10.69,1683500,psxdata,2026-05-11T12:50:41
PIBTL,2021-08-20,10.71,10.81,10.64,10.71,868000,psxdata,2026-05-11T12:50:41
PIBTL,2021-08-23,10.71,10.93,10.49,10.54,6105500,psxdata,2026-05-11T12:50:41
PIBTL,2021-08-24,10.61,10.85,10.55,10.79,4057500,psxdata,2026-05-11T12:50:41
PIBTL,2021-08-25,10.66,10.7,10.41,10.44,4495500,psxdata,2026-05-11T12:50:41
PIBTL,2021-08-26,10.55,10.55,10.28,10.3,2760500,psxdata,2026-05-11T12:50:41
PIBTL,2021-08-27,10.35,10.35,10.01,10.15,4497500,psxdata,2026-05-11T12:50:41
PIBTL,2021-08-30,10.15,10.34,10.1,10.14,1028500,psxdata,2026-05-11T12:50:41
PIBTL,2021-08-31,10.15,10.24,10.1,10.13,1262000,psxdata,2026-05-11T12:50:41
PIBTL,2021-09-01,10.14,10.23,10.05,10.07,1565500,psxdata,2026-05-11T12:50:41
PIBTL,2021-09-02,10.07,10.1,9.91,9.98,2690500,psxdata,2026-05-11T12:50:41
PIBTL,2021-09-03,9.92,9.94,9.77,9.85,2625000,psxdata,2026-05-11T12:50:41
PIBTL,2021-09-06,9.93,9.93,9.75,9.77,1643000,psxdata,2026-05-11T12:50:41
PIBTL,2021-09-07,9.73,9.85,9.58,9.62,2773500,psxdata,2026-05-11T12:50:41
PIBTL,2021-09-08,9.69,9.69,9.39,9.45,1878000,psxdata,2026-05-11T12:50:41
PIBTL,2021-09-09,9.43,9.59,9.41,9.55,3731500,psxdata,2026-05-11T12:50:41
PIBTL,2021-09-10,9.6,10.02,9.6,9.98,3630500,psxdata,2026-05-11T12:50:41
PIBTL,2021-09-13,10.14,10.14,9.76,9.8,1236500,psxdata,2026-05-11T12:50:41
PIBTL,2021-09-14,9.76,9.79,9.46,9.48,2730500,psxdata,2026-05-11T12:50:41
PIBTL,2021-09-15,9.48,9.59,9.38,9.42,1705500,psxdata,2026-05-11T12:50:41
PIBTL,2021-09-16,9.41,9.66,9.31,9.49,1526500,psxdata,2026-05-11T12:50:41
PIBTL,2021-09-17,9.57,9.57,9.31,9.37,1198500,psxdata,2026-05-11T12:50:41
PIBTL,2021-09-20,9.37,9.44,9.26,9.31,1044500,psxdata,2026-05-11T12:50:41
PIBTL,2021-09-21,9.27,9.39,9.15,9.2,1224500,psxdata,2026-05-11T12:50:41
PIBTL,2021-09-22,9.2,9.2,8.8,8.86,8504000,psxdata,2026-05-11T12:50:41
PIBTL,2021-09-23,8.93,9.05,8.76,8.87,3590000,psxdata,2026-05-11T12:50:41
PIBTL,2021-09-24,8.85,8.97,8.56,8.73,6049500,psxdata,2026-05-11T12:50:41
PIBTL,2021-09-27,8.88,8.88,8.55,8.63,2150000,psxdata,2026-05-11T12:50:41
PIBTL,2021-09-28,8.74,8.95,8.68,8.89,3054000,psxdata,2026-05-11T12:50:41
PIBTL,2021-09-29,9.0,9.03,8.54,8.61,3109000,psxdata,2026-05-11T12:50:41
PIBTL,2021-09-30,8.7,8.98,8.6,8.91,2455000,psxdata,2026-05-11T12:50:41
PIBTL,2021-10-01,8.75,9.05,8.75,8.95,900500,psxdata,2026-05-11T12:50:41
PIBTL,2021-10-04,8.9,9.05,8.83,9.01,1450500,psxdata,2026-05-11T12:50:41
PIBTL,2021-10-05,9.09,9.09,8.76,8.8,1107000,psxdata,2026-05-11T12:50:41
PIBTL,2021-10-06,8.81,8.9,8.44,8.49,3752000,psxdata,2026-05-11T12:50:41
PIBTL,2021-10-07,8.5,8.77,8.5,8.52,2925000,psxdata,2026-05-11T12:50:41
PIBTL,2021-10-08,8.51,8.59,8.35,8.43,426500,psxdata,2026-05-11T12:50:41
PIBTL,2021-10-11,8.5,8.5,8.3,8.36,1534000,psxdata,2026-05-11T12:50:41
PIBTL,2021-10-12,8.3,8.45,8.2,8.41,1356000,psxdata,2026-05-11T12:50:41
PIBTL,2021-10-13,8.49,8.6,8.25,8.29,747000,psxdata,2026-05-11T12:50:41
PIBTL,2021-10-14,8.29,8.7,8.17,8.61,2736500,psxdata,2026-05-11T12:50:41
PIBTL,2021-10-15,8.52,8.75,8.45,8.65,2669500,psxdata,2026-05-11T12:50:41
PIBTL,2021-10-18,8.55,8.6,8.31,8.36,1016000,psxdata,2026-05-11T12:50:41
PIBTL,2021-10-20,8.52,8.58,8.35,8.42,2122000,psxdata,2026-05-11T12:50:41
PIBTL,2021-10-21,8.4,8.44,8.18,8.21,2745000,psxdata,2026-05-11T12:50:41
PIBTL,2021-10-22,8.2,8.2,8.01,8.11,2317000,psxdata,2026-05-11T12:50:41
PIBTL,2021-10-25,8.2,8.23,8.01,8.05,1356000,psxdata,2026-05-11T12:50:41
PIBTL,2021-10-26,8.1,8.15,8.02,8.08,2591500,psxdata,2026-05-11T12:50:41
PIBTL,2021-10-27,8.11,8.43,8.11,8.39,2285500,psxdata,2026-05-11T12:50:41
PIBTL,2021-10-28,8.42,8.42,8.13,8.16,731000,psxdata,2026-05-11T12:50:41
PIBTL,2021-10-29,8.3,8.3,8.0,8.04,4103500,psxdata,2026-05-11T12:50:41
PIBTL,2021-11-01,8.3,8.57,8.15,8.5,4127500,psxdata,2026-05-11T12:50:41
PIBTL,2021-11-02,8.59,8.7,8.4,8.64,1655000,psxdata,2026-05-11T12:50:41
PIBTL,2021-11-03,8.63,8.84,8.55,8.75,2363500,psxdata,2026-05-11T12:50:41
PIBTL,2021-11-04,8.78,9.1,8.52,8.88,5382500,psxdata,2026-05-11T12:50:41
PIBTL,2021-11-05,8.99,8.99,8.8,8.83,991500,psxdata,2026-05-11T12:50:41
PIBTL,2021-11-08,8.83,8.97,8.67,8.78,980500,psxdata,2026-05-11T12:50:41
PIBTL,2021-11-09,8.76,8.76,8.33,8.4,1534000,psxdata,2026-05-11T12:50:41
PIBTL,2021-11-10,8.4,8.59,8.37,8.41,601000,psxdata,2026-05-11T12:50:41
PIBTL,2021-11-11,8.41,8.5,8.25,8.28,845000,psxdata,2026-05-11T12:50:41
PIBTL,2021-11-12,8.4,8.4,8.11,8.25,247500,psxdata,2026-05-11T12:50:41
PIBTL,2021-11-15,8.33,8.33,8.12,8.14,297500,psxdata,2026-05-11T12:50:41
PIBTL,2021-11-16,8.15,8.35,8.15,8.25,937000,psxdata,2026-05-11T12:50:41
PIBTL,2021-11-17,8.2,8.25,8.01,8.05,2513000,psxdata,2026-05-11T12:50:41
PIBTL,2021-11-18,8.07,8.2,8.02,8.09,2348000,psxdata,2026-05-11T12:50:41
PIBTL,2021-11-19,8.2,8.2,8.01,8.04,4477500,psxdata,2026-05-11T12:50:41
PIBTL,2021-11-22,8.01,8.14,7.92,7.95,3219000,psxdata,2026-05-11T12:50:41
PIBTL,2021-11-23,8.01,8.05,7.68,7.71,4209000,psxdata,2026-05-11T12:50:41
PIBTL,2021-11-24,7.8,7.8,7.51,7.58,2049500,psxdata,2026-05-11T12:50:41
PIBTL,2021-11-25,7.69,7.7,7.47,7.57,3023000,psxdata,2026-05-11T12:50:41
PIBTL,2021-11-26,7.55,7.65,7.43,7.47,2207500,psxdata,2026-05-11T12:50:41
PIBTL,2021-11-29,7.47,7.69,7.4,7.65,775500,psxdata,2026-05-11T12:50:41
PIBTL,2021-11-30,7.69,7.98,7.61,7.66,822500,psxdata,2026-05-11T12:50:41
PIBTL,2021-12-01,7.66,7.95,7.66,7.89,2998500,psxdata,2026-05-11T12:50:41
PIBTL,2021-12-02,7.81,7.81,7.1,7.25,3571500,psxdata,2026-05-11T12:50:41
PIBTL,2021-12-03,7.3,7.54,7.1,7.38,2447000,psxdata,2026-05-11T12:50:41
PIBTL,2021-12-06,7.4,7.42,7.25,7.32,559000,psxdata,2026-05-11T12:50:41
PIBTL,2021-12-07,7.44,7.5,7.3,7.39,1533000,psxdata,2026-05-11T12:50:41
PIBTL,2021-12-08,7.45,7.55,7.3,7.34,1569500,psxdata,2026-05-11T12:50:41
PIBTL,2021-12-09,7.49,7.49,7.1,7.15,1617500,psxdata,2026-05-11T12:50:41
PIBTL,2021-12-10,7.2,7.23,6.98,7.02,3049000,psxdata,2026-05-11T12:50:41
PIBTL,2021-12-13,7.05,7.08,6.95,6.98,1575500,psxdata,2026-05-11T12:50:41
PIBTL,2021-12-14,7.01,7.12,6.91,7.06,3960000,psxdata,2026-05-11T12:50:41
PIBTL,2021-12-15,7.08,7.52,7.08,7.4,4939500,psxdata,2026-05-11T12:50:41
PIBTL,2021-12-16,7.32,7.4,7.13,7.17,1907000,psxdata,2026-05-11T12:50:41
PIBTL,2021-12-17,7.15,7.39,7.05,7.27,3967500,psxdata,2026-05-11T12:50:41
PIBTL,2021-12-20,7.21,7.64,7.2,7.47,2199000,psxdata,2026-05-11T12:50:41
PIBTL,2021-12-21,7.53,7.64,7.4,7.47,1129000,psxdata,2026-05-11T12:50:41
PIBTL,2021-12-22,7.54,7.54,7.3,7.32,493500,psxdata,2026-05-11T12:50:41
PIBTL,2021-12-23,7.41,7.45,7.3,7.33,956000,psxdata,2026-05-11T12:50:41
PIBTL,2021-12-24,7.43,7.5,7.31,7.4,2106500,psxdata,2026-05-11T12:50:41
PIBTL,2021-12-27,7.35,7.44,7.28,7.29,1483000,psxdata,2026-05-11T12:50:41
PIBTL,2021-12-28,7.39,7.4,7.23,7.32,940000,psxdata,2026-05-11T12:50:41
PIBTL,2021-12-29,7.3,7.39,7.23,7.34,1454500,psxdata,2026-05-11T12:50:41
PIBTL,2021-12-30,7.4,7.45,6.9,7.29,3119000,psxdata,2026-05-11T12:50:41
PIBTL,2021-12-31,7.31,7.47,7.23,7.36,2963000,psxdata,2026-05-11T12:50:41
PIBTL,2022-01-03,7.36,7.75,7.36,7.7,12583500,psxdata,2026-05-11T12:50:41
PIBTL,2022-01-04,7.73,7.96,7.71,7.84,4560500,psxdata,2026-05-11T12:50:41
PIBTL,2022-01-05,7.82,8.0,7.6,7.69,2838000,psxdata,2026-05-11T12:50:41
PIBTL,2022-01-06,7.77,7.77,7.48,7.57,2756000,psxdata,2026-05-11T12:50:41
PIBTL,2022-01-07,7.68,7.8,7.61,7.76,3786500,psxdata,2026-05-11T12:50:41
PIBTL,2022-01-10,7.8,7.85,7.66,7.84,1307500,psxdata,2026-05-11T12:50:41
PIBTL,2022-01-11,7.82,7.82,7.69,7.7,1224500,psxdata,2026-05-11T12:50:41
PIBTL,2022-01-12,7.75,7.92,7.7,7.73,3099000,psxdata,2026-05-11T12:50:41
PIBTL,2022-01-13,7.73,7.79,7.62,7.67,608500,psxdata,2026-05-11T12:50:41
PIBTL,2022-01-14,7.68,7.74,7.54,7.55,1027500,psxdata,2026-05-11T12:50:41
PIBTL,2022-01-17,7.55,7.55,7.4,7.43,864000,psxdata,2026-05-11T12:50:41
PIBTL,2022-01-18,7.45,7.48,7.35,7.39,854000,psxdata,2026-05-11T12:50:41
PIBTL,2022-01-19,7.4,7.45,7.15,7.17,2170000,psxdata,2026-05-11T12:50:41
PIBTL,2022-01-20,7.17,7.3,7.03,7.18,1614000,psxdata,2026-05-11T12:50:41
PIBTL,2022-01-21,7.3,7.33,7.19,7.28,1741000,psxdata,2026-05-11T12:50:41
PIBTL,2022-01-24,7.25,7.3,7.14,7.18,718000,psxdata,2026-05-11T12:50:41
PIBTL,2022-01-25,7.24,7.3,7.16,7.24,784000,psxdata,2026-05-11T12:50:41
PIBTL,2022-01-26,7.18,7.25,7.13,7.17,658500,psxdata,2026-05-11T12:50:41
PIBTL,2022-01-27,7.15,7.24,7.1,7.12,1259000,psxdata,2026-05-11T12:50:41
PIBTL,2022-01-28,7.17,7.25,7.1,7.15,1084000,psxdata,2026-05-11T12:50:41
PIBTL,2022-01-31,7.15,7.27,7.15,7.24,926000,psxdata,2026-05-11T12:50:41
PIBTL,2022-02-01,7.27,7.32,7.25,7.26,953000,psxdata,2026-05-11T12:50:41
PIBTL,2022-02-02,7.39,7.59,7.36,7.5,4962000,psxdata,2026-05-11T12:50:41
PIBTL,2022-02-03,7.55,7.65,7.4,7.41,1698500,psxdata,2026-05-11T12:50:41
PIBTL,2022-02-04,7.35,7.49,7.35,7.41,762500,psxdata,2026-05-11T12:50:41
PIBTL,2022-02-07,7.33,7.39,7.2,7.22,807500,psxdata,2026-05-11T12:50:41
PIBTL,2022-02-08,7.21,7.3,7.1,7.18,1173000,psxdata,2026-05-11T12:50:41
PIBTL,2022-02-09,7.23,7.33,7.18,7.31,624500,psxdata,2026-05-11T12:50:41
PIBTL,2022-02-10,7.32,7.36,7.16,7.2,2331000,psxdata,2026-05-11T12:50:41
PIBTL,2022-02-11,7.23,7.23,7.08,7.17,3037500,psxdata,2026-05-11T12:50:41
PIBTL,2022-02-14,7.2,7.43,7.05,7.1,2112000,psxdata,2026-05-11T12:50:41
PIBTL,2022-02-15,7.1,7.18,7.06,7.1,979500,psxdata,2026-05-11T12:50:41
PIBTL,2022-02-16,7.1,7.19,7.08,7.11,2128000,psxdata,2026-05-11T12:50:41
PIBTL,2022-02-17,7.15,7.15,7.06,7.07,735500,psxdata,2026-05-11T12:50:41
PIBTL,2022-02-18,7.07,7.17,7.05,7.11,806500,psxdata,2026-05-11T12:50:41
PIBTL,2022-02-21,7.13,7.13,7.03,7.08,946500,psxdata,2026-05-11T12:50:41
PIBTL,2022-02-22,7.1,7.1,6.92,6.97,1932500,psxdata,2026-05-11T12:50:41
PIBTL,2022-02-23,7.06,7.06,6.88,6.9,1773000,psxdata,2026-05-11T12:50:41
PIBTL,2022-02-24,6.78,6.85,6.47,6.64,4374000,psxdata,2026-05-11T12:50:41
PIBTL,2022-02-25,6.75,6.8,6.59,6.69,2526000,psxdata,2026-05-11T12:50:41
PIBTL,2022-02-28,6.67,6.88,6.56,6.76,4440000,psxdata,2026-05-11T12:50:41
PIBTL,2022-03-01,6.78,7.0,6.74,6.91,2676000,psxdata,2026-05-11T12:50:41
PIBTL,2022-03-02,6.9,7.09,6.71,6.96,2044000,psxdata,2026-05-11T12:50:41
PIBTL,2022-03-03,6.94,7.15,6.68,6.71,5601000,psxdata,2026-05-11T12:50:41
PIBTL,2022-03-04,6.8,6.8,6.62,6.73,923000,psxdata,2026-05-11T12:50:41
PIBTL,2022-03-07,6.66,6.69,6.4,6.51,1709000,psxdata,2026-05-11T12:50:41
PIBTL,2022-03-08,6.5,6.59,6.36,6.42,1173500,psxdata,2026-05-11T12:50:41
PIBTL,2022-03-09,6.65,6.65,6.1,6.17,12531500,psxdata,2026-05-11T12:50:41
PIBTL,2022-03-10,6.34,6.41,6.17,6.29,1665000,psxdata,2026-05-11T12:50:41
PIBTL,2022-03-11,6.25,6.3,6.16,6.2,685000,psxdata,2026-05-11T12:50:41
PIBTL,2022-03-14,6.2,6.24,6.05,6.07,1238500,psxdata,2026-05-11T12:50:41
PIBTL,2022-03-15,6.07,6.24,6.07,6.22,979500,psxdata,2026-05-11T12:50:41
PIBTL,2022-03-16,6.25,6.39,6.06,6.12,3467500,psxdata,2026-05-11T12:50:41
PIBTL,2022-03-17,6.23,6.3,6.09,6.11,1166500,psxdata,2026-05-11T12:50:41
PIBTL,2022-03-18,6.02,6.09,5.95,5.99,1811500,psxdata,2026-05-11T12:50:41
PIBTL,2022-03-21,6.05,6.12,5.96,6.02,767000,psxdata,2026-05-11T12:50:41
PIBTL,2022-03-22,6.11,6.12,6.0,6.01,1157000,psxdata,2026-05-11T12:50:41
PIBTL,2022-03-24,6.02,6.08,5.95,6.03,3447000,psxdata,2026-05-11T12:50:41
PIBTL,2022-03-25,6.03,6.15,5.99,6.04,7170500,psxdata,2026-05-11T12:50:41
PIBTL,2022-03-28,6.04,6.25,5.98,6.23,1263000,psxdata,2026-05-11T12:50:41
PIBTL,2022-03-29,6.23,6.45,6.23,6.32,4479500,psxdata,2026-05-11T12:50:41
PIBTL,2022-03-30,6.32,6.39,6.2,6.23,5115500,psxdata,2026-05-11T12:50:41
PIBTL,2022-03-31,6.2,6.46,6.2,6.37,2777000,psxdata,2026-05-11T12:50:41
PIBTL,2022-04-01,6.35,6.4,6.15,6.25,4864500,psxdata,2026-05-11T12:50:41
PIBTL,2022-04-04,6.13,6.15,5.98,6.0,2253000,psxdata,2026-05-11T12:50:41
PIBTL,2022-04-05,6.14,6.14,5.95,5.97,1188500,psxdata,2026-05-11T12:50:41
PIBTL,2022-04-06,5.95,6.06,5.95,6.04,333500,psxdata,2026-05-11T12:50:41
PIBTL,2022-04-07,6.04,6.09,5.96,6.0,1745000,psxdata,2026-05-11T12:50:41
PIBTL,2022-04-08,6.0,6.07,5.89,6.01,3027500,psxdata,2026-05-11T12:50:41
PIBTL,2022-04-11,6.24,7.01,6.24,7.01,17153000,psxdata,2026-05-11T12:50:41
PIBTL,2022-04-12,7.29,7.29,6.85,6.95,4993500,psxdata,2026-05-11T12:50:41
PIBTL,2022-04-13,6.95,6.99,6.72,6.75,2537000,psxdata,2026-05-11T12:50:41
PIBTL,2022-04-14,6.75,7.17,6.65,7.07,4537500,psxdata,2026-05-11T12:50:41
PIBTL,2022-04-15,7.09,7.37,7.09,7.14,5019500,psxdata,2026-05-11T12:50:41
PIBTL,2022-04-18,7.12,7.12,6.91,6.96,1432000,psxdata,2026-05-11T12:50:41
PIBTL,2022-04-19,7.1,7.1,6.84,6.86,816500,psxdata,2026-05-11T12:50:41
PIBTL,2022-04-20,6.93,6.93,6.72,6.74,820000,psxdata,2026-05-11T12:50:41
PIBTL,2022-04-21,6.75,6.75,6.55,6.6,936000,psxdata,2026-05-11T12:50:41
PIBTL,2022-04-22,6.65,6.8,6.62,6.68,624500,psxdata,2026-05-11T12:50:41
PIBTL,2022-04-25,6.7,6.96,6.68,6.7,1696500,psxdata,2026-05-11T12:50:41
PIBTL,2022-04-26,6.82,6.82,6.55,6.58,560000,psxdata,2026-05-11T12:50:41
PIBTL,2022-04-27,6.69,6.69,6.43,6.47,864500,psxdata,2026-05-11T12:50:41
PIBTL,2022-04-28,6.4,6.5,6.34,6.42,1256000,psxdata,2026-05-11T12:50:41
PIBTL,2022-05-06,6.35,6.35,6.22,6.23,1015000,psxdata,2026-05-11T12:50:41
PIBTL,2022-05-09,6.23,6.25,6.01,6.03,2618500,psxdata,2026-05-11T12:50:41
PIBTL,2022-05-10,6.05,6.19,6.01,6.15,13196000,psxdata,2026-05-11T12:50:41
PIBTL,2022-05-11,6.14,6.2,5.8,5.99,2857000,psxdata,2026-05-11T12:50:41
PIBTL,2022-05-12,5.99,6.12,5.99,6.06,2269500,psxdata,2026-05-11T12:50:41
PIBTL,2022-05-13,6.09,6.2,6.01,6.1,3515500,psxdata,2026-05-11T12:50:41
PIBTL,2022-05-16,6.02,6.03,5.9,6.01,1353500,psxdata,2026-05-11T12:50:41
PIBTL,2022-05-17,6.04,6.23,5.92,6.09,5625500,psxdata,2026-05-11T12:50:41
PIBTL,2022-05-18,6.05,6.2,6.01,6.12,2215500,psxdata,2026-05-11T12:50:41
PIBTL,2022-05-19,6.12,6.35,6.0,6.03,5254500,psxdata,2026-05-11T12:50:41
PIBTL,2022-05-20,6.03,6.18,6.02,6.04,3690500,psxdata,2026-05-11T12:50:41
PIBTL,2022-05-23,6.08,6.08,5.9,5.91,1168000,psxdata,2026-05-11T12:50:41
PIBTL,2022-05-24,5.92,6.05,5.85,5.89,683000,psxdata,2026-05-11T12:50:41
PIBTL,2022-05-25,5.85,6.05,5.8,5.98,5377000,psxdata,2026-05-11T12:50:41
PIBTL,2022-05-26,6.0,6.2,5.9,6.16,3442000,psxdata,2026-05-11T12:50:41
PIBTL,2022-05-27,6.2,6.35,5.98,6.04,8762500,psxdata,2026-05-11T12:50:41
PIBTL,2022-05-30,6.1,6.21,6.05,6.15,2207000,psxdata,2026-05-11T12:50:41
PIBTL,2022-05-31,6.19,6.77,6.1,6.58,35617500,psxdata,2026-05-11T12:50:41
PIBTL,2022-06-01,6.58,6.62,6.41,6.5,3129500,psxdata,2026-05-11T12:50:41
PIBTL,2022-06-02,6.47,6.53,6.36,6.42,1809500,psxdata,2026-05-11T12:50:41
PIBTL,2022-06-03,6.35,6.37,5.56,5.93,8540500,psxdata,2026-05-11T12:50:41
PIBTL,2022-06-06,5.96,6.12,5.93,6.11,1828000,psxdata,2026-05-11T12:50:41
PIBTL,2022-06-07,6.04,6.15,6.01,6.04,421500,psxdata,2026-05-11T12:50:41
PIBTL,2022-06-08,6.01,6.13,6.01,6.08,2666000,psxdata,2026-05-11T12:50:41
PIBTL,2022-06-09,6.15,6.22,5.95,6.12,697500,psxdata,2026-05-11T12:50:41
PIBTL,2022-06-10,6.18,6.2,6.12,6.17,441000,psxdata,2026-05-11T12:50:41
PIBTL,2022-06-13,6.2,6.2,5.82,5.87,1726000,psxdata,2026-05-11T12:50:41
PIBTL,2022-06-14,5.91,6.02,5.89,6.0,818000,psxdata,2026-05-11T12:50:41
PIBTL,2022-06-15,6.05,6.07,5.95,6.0,592000,psxdata,2026-05-11T12:50:41
PIBTL,2022-06-16,5.96,6.15,5.96,6.13,873500,psxdata,2026-05-11T12:50:41
PIBTL,2022-06-17,5.95,6.23,5.95,6.1,1766500,psxdata,2026-05-11T12:50:41
PIBTL,2022-06-20,6.1,6.18,6.01,6.09,867000,psxdata,2026-05-11T12:50:41
PIBTL,2022-06-21,6.19,6.36,6.09,6.33,4726500,psxdata,2026-05-11T12:50:41
PIBTL,2022-06-22,6.38,6.47,6.23,6.29,4130000,psxdata,2026-05-11T12:50:41
PIBTL,2022-06-23,6.26,6.65,6.26,6.49,5240500,psxdata,2026-05-11T12:50:41
PIBTL,2022-06-24,6.52,6.52,5.9,6.01,4966000,psxdata,2026-05-11T12:50:41
PIBTL,2022-06-27,6.1,6.23,6.07,6.1,1216500,psxdata,2026-05-11T12:50:41
PIBTL,2022-06-28,6.13,6.28,6.02,6.04,1796000,psxdata,2026-05-11T12:50:41
PIBTL,2022-06-29,6.1,6.15,6.01,6.05,573000,psxdata,2026-05-11T12:50:41
PIBTL,2022-06-30,6.05,6.27,5.75,6.02,6988000,psxdata,2026-05-11T12:50:41
PIBTL,2022-07-01,6.0,6.11,5.92,6.01,2429500,psxdata,2026-05-11T12:50:41
PIBTL,2022-07-04,6.1,6.1,5.91,5.91,755000,psxdata,2026-05-11T12:50:41
PIBTL,2022-07-05,6.05,6.05,5.92,5.95,554500,psxdata,2026-05-11T12:50:41
PIBTL,2022-07-06,6.04,6.04,5.93,5.94,313000,psxdata,2026-05-11T12:50:41
PIBTL,2022-07-07,6.0,6.0,5.9,5.95,435000,psxdata,2026-05-11T12:50:41
PIBTL,2022-07-13,5.91,6.08,5.89,6.02,794000,psxdata,2026-05-11T12:50:41
PIBTL,2022-07-14,6.05,6.15,6.0,6.02,1192000,psxdata,2026-05-11T12:50:41
PIBTL,2022-07-15,6.04,6.15,6.01,6.02,783500,psxdata,2026-05-11T12:50:41
PIBTL,2022-07-18,5.93,5.96,5.56,5.7,4084500,psxdata,2026-05-11T12:50:41
PIBTL,2022-07-19,5.7,5.85,5.41,5.56,2917000,psxdata,2026-05-11T12:50:41
PIBTL,2022-07-20,5.56,5.77,5.55,5.72,786500,psxdata,2026-05-11T12:50:41
PIBTL,2022-07-21,5.7,5.74,5.5,5.54,981000,psxdata,2026-05-11T12:50:41
PIBTL,2022-07-22,5.54,5.69,5.45,5.62,784000,psxdata,2026-05-11T12:50:41
PIBTL,2022-07-25,5.57,5.6,5.4,5.56,439000,psxdata,2026-05-11T12:50:41
PIBTL,2022-07-26,5.47,5.67,5.47,5.62,468000,psxdata,2026-05-11T12:50:41
PIBTL,2022-07-27,5.68,5.7,5.4,5.54,1597500,psxdata,2026-05-11T12:50:41
PIBTL,2022-07-28,5.6,5.69,5.41,5.51,1015000,psxdata,2026-05-11T12:50:41
PIBTL,2022-07-29,5.5,5.55,5.37,5.46,2051000,psxdata,2026-05-11T12:50:41
PIBTL,2022-08-01,5.48,5.5,5.4,5.45,327000,psxdata,2026-05-11T12:50:41
PIBTL,2022-08-02,5.4,5.53,5.38,5.46,159000,psxdata,2026-05-11T12:50:41
PIBTL,2022-08-03,5.48,5.94,5.46,5.87,5649500,psxdata,2026-05-11T12:50:41
PIBTL,2022-08-04,5.83,5.9,5.71,5.85,2262000,psxdata,2026-05-11T12:50:41
PIBTL,2022-08-05,5.77,6.2,5.75,6.05,4679000,psxdata,2026-05-11T12:50:41
PIBTL,2022-08-10,6.07,6.16,5.91,6.0,1364500,psxdata,2026-05-11T12:50:41
PIBTL,2022-08-11,5.96,6.05,5.84,5.86,1144500,psxdata,2026-05-11T12:50:41
PIBTL,2022-08-12,5.87,6.15,5.86,6.04,4312000,psxdata,2026-05-11T12:50:41
PIBTL,2022-08-15,6.1,6.4,6.1,6.32,6472500,psxdata,2026-05-11T12:50:41
PIBTL,2022-08-16,6.36,6.55,6.18,6.21,5821000,psxdata,2026-05-11T12:50:41
PIBTL,2022-08-17,6.2,6.34,6.12,6.3,2975000,psxdata,2026-05-11T12:50:41
PIBTL,2022-08-18,6.3,6.44,6.11,6.17,3562000,psxdata,2026-05-11T12:50:41
PIBTL,2022-08-19,6.2,6.24,6.05,6.08,1016000,psxdata,2026-05-11T12:50:41
PIBTL,2022-08-22,6.08,6.12,6.0,6.02,836500,psxdata,2026-05-11T12:50:41
PIBTL,2022-08-23,6.09,6.15,5.97,6.05,3767000,psxdata,2026-05-11T12:50:41
PIBTL,2022-08-24,6.1,6.14,6.0,6.01,1094500,psxdata,2026-05-11T12:50:41
PIBTL,2022-08-25,6.01,6.08,5.94,5.96,793000,psxdata,2026-05-11T12:50:41
PIBTL,2022-08-26,5.95,6.06,5.85,5.88,4174500,psxdata,2026-05-11T12:50:41
PIBTL,2022-08-29,5.77,5.91,5.7,5.84,1831500,psxdata,2026-05-11T12:50:41
PIBTL,2022-08-30,5.94,6.05,5.76,5.78,1209500,psxdata,2026-05-11T12:50:41
PIBTL,2022-08-31,5.8,5.87,5.76,5.78,553000,psxdata,2026-05-11T12:50:41
PIBTL,2022-09-01,5.88,5.9,5.78,5.8,232500,psxdata,2026-05-11T12:50:41
PIBTL,2022-09-02,5.9,5.98,5.75,5.77,408000,psxdata,2026-05-11T12:50:41
PIBTL,2022-09-05,5.75,5.79,5.69,5.71,361500,psxdata,2026-05-11T12:50:41
PIBTL,2022-09-06,5.66,5.79,5.65,5.67,262500,psxdata,2026-05-11T12:50:41
PIBTL,2022-09-07,5.68,5.68,5.54,5.56,1086500,psxdata,2026-05-11T12:50:41
PIBTL,2022-09-08,5.6,5.64,5.54,5.55,334500,psxdata,2026-05-11T12:50:41
PIBTL,2022-09-09,5.56,5.6,5.5,5.54,874000,psxdata,2026-05-11T12:50:41
PIBTL,2022-09-12,5.68,5.68,5.55,5.56,538500,psxdata,2026-05-11T12:50:41
PIBTL,2022-09-13,5.51,5.6,5.5,5.51,458500,psxdata,2026-05-11T12:50:41
PIBTL,2022-09-14,5.5,5.62,5.45,5.48,509000,psxdata,2026-05-11T12:50:41
PIBTL,2022-09-15,5.5,5.59,5.45,5.49,885000,psxdata,2026-05-11T12:50:41
PIBTL,2022-09-16,5.5,5.51,5.4,5.42,519500,psxdata,2026-05-11T12:50:41
PIBTL,2022-09-19,5.41,5.49,5.37,5.4,847500,psxdata,2026-05-11T12:50:41
PIBTL,2022-09-20,5.48,5.48,5.29,5.31,1392500,psxdata,2026-05-11T12:50:41
PIBTL,2022-09-21,5.35,5.4,5.25,5.27,974000,psxdata,2026-05-11T12:50:41
PIBTL,2022-09-22,5.26,5.28,5.16,5.26,3158500,psxdata,2026-05-11T12:50:41
PIBTL,2022-09-23,5.29,5.3,5.14,5.15,590500,psxdata,2026-05-11T12:50:41
PIBTL,2022-09-26,5.17,5.36,5.17,5.33,1148500,psxdata,2026-05-11T12:50:41
PIBTL,2022-09-27,5.35,5.44,5.3,5.41,1601500,psxdata,2026-05-11T12:50:41
PIBTL,2022-09-28,5.41,5.5,5.3,5.34,612500,psxdata,2026-05-11T12:50:41
PIBTL,2022-09-29,5.43,5.5,5.32,5.36,835000,psxdata,2026-05-11T12:50:41
PIBTL,2022-09-30,5.34,6.01,5.22,5.74,10274500,psxdata,2026-05-11T12:50:41
PIBTL,2022-10-03,5.74,5.74,5.53,5.54,4443000,psxdata,2026-05-11T12:50:41
PIBTL,2022-10-04,5.51,5.63,5.5,5.51,903500,psxdata,2026-05-11T12:50:41
PIBTL,2022-10-05,5.67,5.75,5.42,5.65,4787500,psxdata,2026-05-11T12:50:41
PIBTL,2022-10-06,5.65,5.8,5.6,5.76,4886000,psxdata,2026-05-11T12:50:41
PIBTL,2022-10-07,5.65,5.75,5.62,5.72,1079500,psxdata,2026-05-11T12:50:41
PIBTL,2022-10-10,5.7,5.7,5.6,5.68,867000,psxdata,2026-05-11T12:50:41
PIBTL,2022-10-11,5.61,5.67,5.57,5.61,650500,psxdata,2026-05-11T12:50:41
PIBTL,2022-10-12,5.6,5.7,5.5,5.51,976000,psxdata,2026-05-11T12:50:41
PIBTL,2022-10-13,5.58,5.65,5.45,5.52,551000,psxdata,2026-05-11T12:50:41
PIBTL,2022-10-14,5.52,5.55,5.41,5.46,878000,psxdata,2026-05-11T12:50:41
PIBTL,2022-10-17,5.5,5.58,5.25,5.31,1013000,psxdata,2026-05-11T12:50:41
PIBTL,2022-10-18,5.41,5.55,5.4,5.45,726000,psxdata,2026-05-11T12:50:41
PIBTL,2022-10-19,5.5,5.55,5.4,5.44,1910500,psxdata,2026-05-11T12:50:41
PIBTL,2022-10-20,5.5,5.78,5.48,5.55,4819500,psxdata,2026-05-11T12:50:41
PIBTL,2022-10-21,5.6,5.63,5.37,5.44,5350000,psxdata,2026-05-11T12:50:41
PIBTL,2022-10-24,5.56,5.59,5.45,5.47,1016000,psxdata,2026-05-11T12:50:41
PIBTL,2022-10-25,5.42,5.49,5.32,5.34,1083000,psxdata,2026-05-11T12:50:41
PIBTL,2022-10-26,5.31,5.34,5.15,5.18,1684500,psxdata,2026-05-11T12:50:41
PIBTL,2022-10-27,5.3,5.3,5.14,5.21,905500,psxdata,2026-05-11T12:50:41
PIBTL,2022-10-28,5.29,5.29,5.08,5.13,1113000,psxdata,2026-05-11T12:50:41
PIBTL,2022-10-31,5.22,5.35,5.14,5.29,1453000,psxdata,2026-05-11T12:50:41
PIBTL,2022-11-01,5.29,5.42,5.2,5.33,1783500,psxdata,2026-05-11T12:50:41
PIBTL,2022-11-02,5.27,5.39,5.23,5.24,637000,psxdata,2026-05-11T12:50:41
PIBTL,2022-11-03,5.21,5.4,5.2,5.35,510500,psxdata,2026-05-11T12:50:41
PIBTL,2022-11-04,5.25,5.34,5.17,5.26,618000,psxdata,2026-05-11T12:50:41
PIBTL,2022-11-07,5.36,5.38,5.23,5.27,460500,psxdata,2026-05-11T12:50:41
PIBTL,2022-11-08,5.3,5.4,5.26,5.33,899000,psxdata,2026-05-11T12:50:41
PIBTL,2022-11-10,5.4,5.8,5.4,5.54,7063500,psxdata,2026-05-11T12:50:41
PIBTL,2022-11-11,5.56,5.6,5.38,5.43,1515000,psxdata,2026-05-11T12:50:41
PIBTL,2022-11-14,5.46,5.46,5.31,5.37,631000,psxdata,2026-05-11T12:50:41
PIBTL,2022-11-15,5.45,5.48,5.35,5.35,838500,psxdata,2026-05-11T12:50:41
PIBTL,2022-11-16,5.38,5.44,5.3,5.32,1101000,psxdata,2026-05-11T12:50:41
PIBTL,2022-11-17,5.26,5.33,5.25,5.26,583000,psxdata,2026-05-11T12:50:41
PIBTL,2022-11-18,5.25,5.26,5.16,5.18,1499000,psxdata,2026-05-11T12:50:41
PIBTL,2022-11-21,5.35,5.61,5.35,5.45,7295000,psxdata,2026-05-11T12:50:41
PIBTL,2022-11-22,5.45,5.5,5.31,5.33,776000,psxdata,2026-05-11T12:50:41
PIBTL,2022-11-23,5.36,5.37,5.22,5.22,2059500,psxdata,2026-05-11T12:50:41
PIBTL,2022-11-24,5.25,5.3,5.21,5.25,432000,psxdata,2026-05-11T12:50:41
PIBTL,2022-11-25,5.32,5.35,5.2,5.21,683500,psxdata,2026-05-11T12:50:41
PIBTL,2022-11-28,5.21,5.21,4.97,5.03,3147000,psxdata,2026-05-11T12:50:41
PIBTL,2022-11-29,5.1,5.15,5.01,5.13,990000,psxdata,2026-05-11T12:50:41
PIBTL,2022-11-30,5.11,5.44,5.11,5.17,3903000,psxdata,2026-05-11T12:50:41
PIBTL,2022-12-01,5.21,5.21,5.05,5.06,2015500,psxdata,2026-05-11T12:50:41
PIBTL,2022-12-02,5.07,5.1,4.95,5.0,5647000,psxdata,2026-05-11T12:50:41
PIBTL,2022-12-05,5.0,5.01,4.85,4.87,2089000,psxdata,2026-05-11T12:50:41
PIBTL,2022-12-06,4.87,4.93,4.78,4.9,1386000,psxdata,2026-05-11T12:50:41
PIBTL,2022-12-07,4.9,4.99,4.84,4.87,1140000,psxdata,2026-05-11T12:50:41
PIBTL,2022-12-08,4.9,4.99,4.83,4.87,728000,psxdata,2026-05-11T12:50:41
PIBTL,2022-12-09,4.9,4.94,4.82,4.83,556500,psxdata,2026-05-11T12:50:41
PIBTL,2022-12-12,4.85,4.87,4.72,4.76,920500,psxdata,2026-05-11T12:50:41
PIBTL,2022-12-13,4.8,4.9,4.75,4.77,993000,psxdata,2026-05-11T12:50:41
PIBTL,2022-12-14,4.8,4.89,4.76,4.78,1138000,psxdata,2026-05-11T12:50:41
PIBTL,2022-12-15,4.73,4.82,4.69,4.71,1293000,psxdata,2026-05-11T12:50:41
PIBTL,2022-12-16,4.71,4.85,4.59,4.6,1483500,psxdata,2026-05-11T12:50:41
PIBTL,2022-12-19,4.68,4.68,4.42,4.55,1871000,psxdata,2026-05-11T12:50:41
PIBTL,2022-12-20,4.58,4.58,4.22,4.26,2999000,psxdata,2026-05-11T12:50:41
PIBTL,2022-12-21,4.45,4.46,4.2,4.32,2341500,psxdata,2026-05-11T12:50:41
PIBTL,2022-12-22,4.17,4.45,4.17,4.44,814000,psxdata,2026-05-11T12:50:41
PIBTL,2022-12-23,4.44,4.44,4.29,4.33,2537500,psxdata,2026-05-11T12:50:41
PIBTL,2022-12-26,4.35,4.54,4.35,4.41,1003500,psxdata,2026-05-11T12:50:41
PIBTL,2022-12-27,4.42,4.53,4.28,4.35,1460000,psxdata,2026-05-11T12:50:41
PIBTL,2022-12-28,4.32,4.35,4.21,4.23,1045500,psxdata,2026-05-11T12:50:41
PIBTL,2022-12-29,4.25,4.59,4.22,4.49,3632500,psxdata,2026-05-11T12:50:41
PIBTL,2022-12-30,4.49,4.89,4.4,4.74,10025000,psxdata,2026-05-11T12:50:41
PIBTL,2023-01-02,4.75,4.86,4.46,4.66,6891500,psxdata,2026-05-11T12:50:41
PIBTL,2023-01-03,4.9,4.9,4.48,4.5,3036500,psxdata,2026-05-11T12:50:41
PIBTL,2023-01-04,4.55,4.65,4.44,4.47,690000,psxdata,2026-05-11T12:50:41
PIBTL,2023-01-05,4.49,4.51,4.38,4.4,1556000,psxdata,2026-05-11T12:50:41
PIBTL,2023-01-06,4.45,4.51,4.41,4.44,1031500,psxdata,2026-05-11T12:50:41
PIBTL,2023-01-09,4.51,4.58,4.34,4.37,472000,psxdata,2026-05-11T12:50:41
PIBTL,2023-01-10,4.54,4.54,4.35,4.39,1962500,psxdata,2026-05-11T12:50:41
PIBTL,2023-01-11,4.44,4.45,4.33,4.36,649000,psxdata,2026-05-11T12:50:41
PIBTL,2023-01-12,4.44,4.44,4.28,4.32,1280000,psxdata,2026-05-11T12:50:41
PIBTL,2023-01-13,4.28,4.32,4.22,4.25,1040000,psxdata,2026-05-11T12:50:41
PIBTL,2023-01-16,4.32,4.33,4.18,4.21,267500,psxdata,2026-05-11T12:50:41
PIBTL,2023-01-17,4.25,4.25,4.1,4.14,1612500,psxdata,2026-05-11T12:50:41
PIBTL,2023-01-18,4.2,4.3,4.1,4.25,1640500,psxdata,2026-05-11T12:50:41
PIBTL,2023-01-19,4.3,4.37,4.21,4.27,1900000,psxdata,2026-05-11T12:50:41
PIBTL,2023-01-20,4.23,4.28,4.15,4.17,573000,psxdata,2026-05-11T12:50:41
PIBTL,2023-01-23,4.15,4.22,4.1,4.16,451500,psxdata,2026-05-11T12:50:41
PIBTL,2023-01-24,4.23,4.29,4.13,4.27,879000,psxdata,2026-05-11T12:50:41
PIBTL,2023-01-25,4.2,4.37,4.2,4.26,1584500,psxdata,2026-05-11T12:50:41
PIBTL,2023-01-26,4.26,4.44,4.2,4.29,3316000,psxdata,2026-05-11T12:50:41
PIBTL,2023-01-27,4.44,4.44,4.2,4.21,782500,psxdata,2026-05-11T12:50:41
PIBTL,2023-01-30,4.22,4.25,4.1,4.11,1383000,psxdata,2026-05-11T12:50:41
PIBTL,2023-01-31,4.18,4.25,4.15,4.17,890500,psxdata,2026-05-11T12:50:41
PIBTL,2023-02-01,4.28,4.28,4.19,4.24,265000,psxdata,2026-05-11T12:50:41
PIBTL,2023-02-02,4.19,4.25,4.18,4.19,385000,psxdata,2026-05-11T12:50:41
PIBTL,2023-02-03,4.23,4.25,4.15,4.17,314500,psxdata,2026-05-11T12:50:41
PIBTL,2023-02-06,4.28,4.28,4.15,4.23,519500,psxdata,2026-05-11T12:50:41
PIBTL,2023-02-07,4.24,4.3,4.19,4.26,839500,psxdata,2026-05-11T12:50:41
PIBTL,2023-02-08,4.18,4.29,4.18,4.23,811500,psxdata,2026-05-11T12:50:41
PIBTL,2023-02-09,4.24,4.38,4.2,4.28,3647000,psxdata,2026-05-11T12:50:41
PIBTL,2023-02-10,4.22,4.29,4.15,4.18,1502500,psxdata,2026-05-11T12:50:41
PIBTL,2023-02-13,4.18,4.22,4.1,4.17,809500,psxdata,2026-05-11T12:50:41
PIBTL,2023-02-14,4.19,4.19,4.12,4.15,513000,psxdata,2026-05-11T12:50:41
PIBTL,2023-02-15,4.11,4.17,4.08,4.13,2042000,psxdata,2026-05-11T12:50:41
PIBTL,2023-02-16,4.23,4.23,4.03,4.06,1367500,psxdata,2026-05-11T12:50:41
PIBTL,2023-02-17,4.12,4.13,4.01,4.05,834500,psxdata,2026-05-11T12:50:41
PIBTL,2023-02-20,4.06,4.08,4.0,4.03,775000,psxdata,2026-05-11T12:50:41
PIBTL,2023-02-21,4.07,4.1,4.0,4.02,1242500,psxdata,2026-05-11T12:50:41
PIBTL,2023-02-22,4.08,4.08,4.0,4.04,708000,psxdata,2026-05-11T12:50:41
PIBTL,2023-02-23,4.09,4.09,3.95,4.01,856500,psxdata,2026-05-11T12:50:41
PIBTL,2023-02-24,4.0,4.01,3.88,3.9,1222000,psxdata,2026-05-11T12:50:41
PIBTL,2023-02-27,3.91,3.98,3.86,3.93,564500,psxdata,2026-05-11T12:50:41
PIBTL,2023-02-28,4.0,4.0,3.75,3.8,2312500,psxdata,2026-05-11T12:50:41
PIBTL,2023-03-01,3.8,3.84,3.66,3.76,1041000,psxdata,2026-05-11T12:50:41
PIBTL,2023-03-02,3.73,3.82,3.68,3.72,1289500,psxdata,2026-05-11T12:50:41
PIBTL,2023-03-03,3.52,3.77,3.52,3.69,2588500,psxdata,2026-05-11T12:50:41
PIBTL,2023-03-06,3.7,3.85,3.68,3.71,4542500,psxdata,2026-05-11T12:50:41
PIBTL,2023-03-07,3.75,3.78,3.66,3.68,1230000,psxdata,2026-05-11T12:50:41
PIBTL,2023-03-08,3.7,3.7,3.53,3.55,5313000,psxdata,2026-05-11T12:50:41
PIBTL,2023-03-09,3.6,3.88,3.59,3.85,8277000,psxdata,2026-05-11T12:50:41
PIBTL,2023-03-10,3.83,3.95,3.76,3.89,3462000,psxdata,2026-05-11T12:50:41
PIBTL,2023-03-13,3.89,4.04,3.88,3.93,4327500,psxdata,2026-05-11T12:50:41
PIBTL,2023-03-14,3.93,3.98,3.85,3.86,1175000,psxdata,2026-05-11T12:50:41
PIBTL,2023-03-15,3.85,3.98,3.8,3.93,2305000,psxdata,2026-05-11T12:50:41
PIBTL,2023-03-16,3.95,4.18,3.95,4.14,7783000,psxdata,2026-05-11T12:50:41
PIBTL,2023-03-17,4.18,4.33,4.11,4.15,8307500,psxdata,2026-05-11T12:50:41
PIBTL,2023-03-20,4.16,4.4,4.1,4.18,6626500,psxdata,2026-05-11T12:50:41
PIBTL,2023-03-21,4.17,4.29,4.11,4.14,1817500,psxdata,2026-05-11T12:50:41
PIBTL,2023-03-22,4.2,4.2,3.97,3.99,1586500,psxdata,2026-05-11T12:50:41
PIBTL,2023-03-24,4.05,4.05,3.89,3.91,1061000,psxdata,2026-05-11T12:50:41
PIBTL,2023-03-27,3.92,3.94,3.83,3.88,1020500,psxdata,2026-05-11T12:50:41
PIBTL,2023-03-28,3.88,3.95,3.83,3.92,585000,psxdata,2026-05-11T12:50:41
PIBTL,2023-03-29,3.93,3.99,3.7,3.71,6018500,psxdata,2026-05-11T12:50:41
PIBTL,2023-03-30,3.81,3.81,3.69,3.76,572500,psxdata,2026-05-11T12:50:41
PIBTL,2023-03-31,3.8,4.62,3.71,4.22,12120000,psxdata,2026-05-11T12:50:41
PIBTL,2023-04-03,4.19,4.19,3.9,3.95,3445500,psxdata,2026-05-11T12:50:41
PIBTL,2023-04-04,3.99,4.0,3.8,3.91,984000,psxdata,2026-05-11T12:50:41
PIBTL,2023-04-05,3.88,4.06,3.88,3.99,406000,psxdata,2026-05-11T12:50:41
PIBTL,2023-04-06,4.03,4.08,3.93,3.98,1640500,psxdata,2026-05-11T12:50:41
PIBTL,2023-04-07,4.0,4.1,3.95,3.99,3145500,psxdata,2026-05-11T12:50:41
PIBTL,2023-04-10,3.9,4.03,3.9,3.96,179000,psxdata,2026-05-11T12:50:41
PIBTL,2023-04-11,3.96,4.16,3.9,3.99,933000,psxdata,2026-05-11T12:50:41
PIBTL,2023-04-12,4.03,4.1,3.96,4.03,1260500,psxdata,2026-05-11T12:50:41
PIBTL,2023-04-13,4.05,4.06,3.9,3.95,1285000,psxdata,2026-05-11T12:50:41
PIBTL,2023-04-17,4.0,4.04,3.95,3.97,477000,psxdata,2026-05-11T12:50:41
PIBTL,2023-04-18,3.92,4.0,3.92,3.97,262000,psxdata,2026-05-11T12:50:41
PIBTL,2023-04-19,4.02,4.04,3.95,4.03,191000,psxdata,2026-05-11T12:50:41
PIBTL,2023-04-20,4.02,4.15,4.0,4.1,1753000,psxdata,2026-05-11T12:50:41
PIBTL,2023-04-26,4.05,4.11,3.97,4.01,1661000,psxdata,2026-05-11T12:50:41
PIBTL,2023-04-27,4.05,4.07,3.95,3.98,2077500,psxdata,2026-05-11T12:50:41
PIBTL,2023-04-28,4.0,4.06,3.9,3.92,2178000,psxdata,2026-05-11T12:50:41
PIBTL,2023-05-02,3.99,3.99,3.81,3.91,1276000,psxdata,2026-05-11T12:50:41
PIBTL,2023-05-03,3.98,3.98,3.85,3.87,1465500,psxdata,2026-05-11T12:50:41
PIBTL,2023-05-04,3.93,3.94,3.85,3.89,1081500,psxdata,2026-05-11T12:50:41
PIBTL,2023-05-05,3.9,3.95,3.85,3.87,988000,psxdata,2026-05-11T12:50:41
PIBTL,2023-05-08,3.89,3.95,3.83,3.87,528500,psxdata,2026-05-11T12:50:41
PIBTL,2023-05-09,3.82,3.9,3.7,3.79,4393500,psxdata,2026-05-11T12:50:41
PIBTL,2023-05-10,3.79,3.95,3.67,3.84,840000,psxdata,2026-05-11T12:50:41
PIBTL,2023-05-11,3.9,3.9,3.75,3.83,1547500,psxdata,2026-05-11T12:50:41
PIBTL,2023-05-12,3.88,3.99,3.78,3.94,1466500,psxdata,2026-05-11T12:50:41
PIBTL,2023-05-15,3.85,3.95,3.81,3.93,487500,psxdata,2026-05-11T12:50:41
PIBTL,2023-05-16,3.92,3.99,3.86,3.9,747000,psxdata,2026-05-11T12:50:41
PIBTL,2023-05-17,3.83,3.95,3.83,3.86,557000,psxdata,2026-05-11T12:50:41
PIBTL,2023-05-18,3.83,3.89,3.73,3.81,1340000,psxdata,2026-05-11T12:50:41
PIBTL,2023-05-19,3.88,3.89,3.76,3.8,1497500,psxdata,2026-05-11T12:50:41
PIBTL,2023-05-22,3.88,3.93,3.77,3.82,384500,psxdata,2026-05-11T12:50:41
PIBTL,2023-05-23,3.84,3.9,3.8,3.86,629000,psxdata,2026-05-11T12:50:41
PIBTL,2023-05-24,3.86,3.9,3.82,3.86,767000,psxdata,2026-05-11T12:50:41
PIBTL,2023-05-25,3.83,3.91,3.83,3.88,610500,psxdata,2026-05-11T12:50:41
PIBTL,2023-05-26,3.9,3.9,3.8,3.86,972000,psxdata,2026-05-11T12:50:41
PIBTL,2023-05-29,3.88,3.9,3.8,3.83,1404000,psxdata,2026-05-11T12:50:41
PIBTL,2023-05-30,3.81,3.9,3.7,3.85,3332500,psxdata,2026-05-11T12:50:41
PIBTL,2023-05-31,3.9,4.06,3.85,3.9,3730500,psxdata,2026-05-11T12:50:41
PIBTL,2023-06-01,3.92,4.0,3.88,3.92,2691500,psxdata,2026-05-11T12:50:41
PIBTL,2023-06-02,3.92,4.26,3.92,4.22,10345500,psxdata,2026-05-11T12:50:41
PIBTL,2023-06-05,4.3,4.35,4.09,4.25,5520500,psxdata,2026-05-11T12:50:41
PIBTL,2023-06-06,4.3,4.35,4.1,4.26,5652000,psxdata,2026-05-11T12:50:41
PIBTL,2023-06-07,4.2,4.58,4.2,4.39,15416500,psxdata,2026-05-11T12:50:41
PIBTL,2023-06-08,4.35,4.44,4.11,4.19,6660000,psxdata,2026-05-11T12:50:41
PIBTL,2023-06-09,4.12,4.33,4.12,4.28,2375500,psxdata,2026-05-11T12:50:41
PIBTL,2023-06-12,4.25,4.34,4.24,4.31,802000,psxdata,2026-05-11T12:50:41
PIBTL,2023-06-13,4.32,4.35,4.19,4.29,2955500,psxdata,2026-05-11T12:50:41
PIBTL,2023-06-14,4.3,4.38,4.26,4.3,1965000,psxdata,2026-05-11T12:50:41
PIBTL,2023-06-15,4.25,4.3,4.15,4.26,3078500,psxdata,2026-05-11T12:50:41
PIBTL,2023-06-16,4.2,4.44,4.16,4.2,1510500,psxdata,2026-05-11T12:50:41
PIBTL,2023-06-19,4.2,4.25,3.83,3.89,7038000,psxdata,2026-05-11T12:50:41
PIBTL,2023-06-20,3.76,3.9,3.72,3.81,3526000,psxdata,2026-05-11T12:50:41
PIBTL,2023-06-21,3.85,3.86,3.76,3.77,1085000,psxdata,2026-05-11T12:50:41
PIBTL,2023-06-22,3.89,3.89,3.72,3.75,1264000,psxdata,2026-05-11T12:50:41
PIBTL,2023-06-23,3.76,3.8,3.62,3.67,2412500,psxdata,2026-05-11T12:50:41
PIBTL,2023-06-26,3.75,3.93,3.74,3.89,2224000,psxdata,2026-05-11T12:50:41
PIBTL,2023-06-27,3.9,4.24,3.84,4.11,10748000,psxdata,2026-05-11T12:50:41
PIBTL,2023-07-03,4.24,4.35,4.09,4.22,10388000,psxdata,2026-05-11T12:50:41
PIBTL,2023-07-04,4.3,4.3,4.02,4.05,3691000,psxdata,2026-05-11T12:50:41
PIBTL,2023-07-05,4.1,4.12,3.92,4.04,1959500,psxdata,2026-05-11T12:50:41
PIBTL,2023-07-06,4.02,4.1,4.0,4.02,1661500,psxdata,2026-05-11T12:50:41
PIBTL,2023-07-07,4.07,4.07,4.02,4.04,1249000,psxdata,2026-05-11T12:50:41
PIBTL,2023-07-10,4.1,4.17,4.05,4.12,6020500,psxdata,2026-05-11T12:50:41
PIBTL,2023-07-11,4.17,4.47,4.09,4.41,16058000,psxdata,2026-05-11T12:50:41
PIBTL,2023-07-12,4.41,4.74,4.32,4.61,18202500,psxdata,2026-05-11T12:50:41
PIBTL,2023-07-13,4.7,4.93,4.6,4.64,14923500,psxdata,2026-05-11T12:50:41
PIBTL,2023-07-14,4.61,4.65,4.45,4.5,2614500,psxdata,2026-05-11T12:50:41
PIBTL,2023-07-17,4.6,4.6,4.35,4.39,4004500,psxdata,2026-05-11T12:50:41
PIBTL,2023-07-18,4.3,4.46,4.26,4.36,2655500,psxdata,2026-05-11T12:50:41
PIBTL,2023-07-19,4.44,4.44,4.09,4.22,6723000,psxdata,2026-05-11T12:50:41
PIBTL,2023-07-20,4.22,4.42,4.22,4.4,3157000,psxdata,2026-05-11T12:50:41
PIBTL,2023-07-21,4.35,4.46,4.3,4.32,2059500,psxdata,2026-05-11T12:50:41
PIBTL,2023-07-24,4.4,4.44,4.23,4.28,1069500,psxdata,2026-05-11T12:50:41
PIBTL,2023-07-25,4.3,4.35,4.23,4.3,1210500,psxdata,2026-05-11T12:50:41
PIBTL,2023-07-26,4.35,4.58,4.27,4.4,10491500,psxdata,2026-05-11T12:50:41
PIBTL,2023-07-27,4.48,4.56,4.32,4.37,4304000,psxdata,2026-05-11T12:50:41
PIBTL,2023-07-31,4.4,4.49,4.28,4.29,3167000,psxdata,2026-05-11T12:50:41
PIBTL,2023-08-01,4.35,4.43,4.27,4.32,3679500,psxdata,2026-05-11T12:50:41
PIBTL,2023-08-02,4.32,4.57,4.32,4.54,6354000,psxdata,2026-05-11T12:50:41
PIBTL,2023-08-03,4.6,4.75,4.38,4.41,7808500,psxdata,2026-05-11T12:50:41
PIBTL,2023-08-04,4.41,4.48,4.29,4.42,2727000,psxdata,2026-05-11T12:50:41
PIBTL,2023-08-07,4.35,4.44,4.29,4.3,766000,psxdata,2026-05-11T12:50:41
PIBTL,2023-08-08,4.31,4.31,4.07,4.1,2309500,psxdata,2026-05-11T12:50:41
PIBTL,2023-08-09,4.2,4.2,4.1,4.19,1775000,psxdata,2026-05-11T12:50:41
PIBTL,2023-08-10,4.15,4.21,4.05,4.08,1540000,psxdata,2026-05-11T12:50:41
PIBTL,2023-08-11,4.2,4.22,4.05,4.13,853000,psxdata,2026-05-11T12:50:41
PIBTL,2023-08-15,4.13,4.18,4.08,4.11,723500,psxdata,2026-05-11T12:50:41
PIBTL,2023-08-16,4.15,4.18,4.03,4.04,1759500,psxdata,2026-05-11T12:50:41
PIBTL,2023-08-17,4.09,4.09,4.01,4.02,986500,psxdata,2026-05-11T12:50:41
PIBTL,2023-08-18,4.05,4.09,3.99,4.01,1205000,psxdata,2026-05-11T12:50:41
PIBTL,2023-08-21,4.0,4.03,3.82,3.86,2159500,psxdata,2026-05-11T12:50:41
PIBTL,2023-08-22,3.9,3.93,3.7,3.81,6116500,psxdata,2026-05-11T12:50:41
PIBTL,2023-08-23,3.84,3.85,3.73,3.82,1612500,psxdata,2026-05-11T12:50:41
PIBTL,2023-08-24,3.82,3.9,3.8,3.85,602500,psxdata,2026-05-11T12:50:41
PIBTL,2023-08-25,3.78,3.89,3.74,3.81,775000,psxdata,2026-05-11T12:50:41
PIBTL,2023-08-28,3.76,3.85,3.76,3.78,386000,psxdata,2026-05-11T12:50:41
PIBTL,2023-08-29,3.84,3.85,3.72,3.74,736500,psxdata,2026-05-11T12:50:41
PIBTL,2023-08-30,3.73,3.8,3.7,3.71,513500,psxdata,2026-05-11T12:50:41
PIBTL,2023-08-31,3.71,3.71,3.4,3.47,3098500,psxdata,2026-05-11T12:50:41
PIBTL,2023-09-01,3.6,3.69,3.45,3.59,1126500,psxdata,2026-05-11T12:50:41
PIBTL,2023-09-04,3.67,3.69,3.55,3.6,1131000,psxdata,2026-05-11T12:50:41
PIBTL,2023-09-05,3.66,3.66,3.5,3.61,1408500,psxdata,2026-05-11T12:50:41
PIBTL,2023-09-06,3.62,3.74,3.55,3.7,557000,psxdata,2026-05-11T12:50:41
PIBTL,2023-09-07,3.78,3.78,3.65,3.7,212000,psxdata,2026-05-11T12:50:41
PIBTL,2023-09-08,3.65,3.73,3.64,3.68,1357500,psxdata,2026-05-11T12:50:41
PIBTL,2023-09-11,3.74,3.87,3.61,3.84,1735000,psxdata,2026-05-11T12:50:41
PIBTL,2023-09-12,3.85,3.87,3.72,3.75,956000,psxdata,2026-05-11T12:50:41
PIBTL,2023-09-13,3.72,3.84,3.67,3.69,368500,psxdata,2026-05-11T12:50:41
PIBTL,2023-09-14,3.68,3.73,3.53,3.58,1187000,psxdata,2026-05-11T12:50:41
PIBTL,2023-09-15,3.7,3.73,3.6,3.62,419000,psxdata,2026-05-11T12:50:41
PIBTL,2023-09-18,3.56,3.67,3.56,3.63,168500,psxdata,2026-05-11T12:50:41
PIBTL,2023-09-19,3.65,3.65,3.6,3.62,485000,psxdata,2026-05-11T12:50:41
PIBTL,2023-09-20,3.68,3.68,3.6,3.6,446000,psxdata,2026-05-11T12:50:41
PIBTL,2023-09-21,3.64,3.67,3.56,3.64,794000,psxdata,2026-05-11T12:50:41
PIBTL,2023-09-22,3.69,3.83,3.62,3.72,2168000,psxdata,2026-05-11T12:50:41
PIBTL,2023-09-25,3.79,3.85,3.75,3.83,1075500,psxdata,2026-05-11T12:50:41
PIBTL,2023-09-26,3.81,3.99,3.6,3.92,3944000,psxdata,2026-05-11T12:50:41
PIBTL,2023-09-27,3.89,3.98,3.88,3.91,625500,psxdata,2026-05-11T12:50:41
PIBTL,2023-09-28,3.9,3.98,3.84,3.86,483000,psxdata,2026-05-11T12:50:41
PIBTL,2023-10-02,3.89,3.9,3.74,3.75,1698000,psxdata,2026-05-11T12:50:41
PIBTL,2023-10-03,3.83,3.84,3.73,3.75,878500,psxdata,2026-05-11T12:50:41
PIBTL,2023-10-04,3.73,3.79,3.73,3.75,520500,psxdata,2026-05-11T12:50:41
PIBTL,2023-10-05,3.79,3.87,3.79,3.84,1360000,psxdata,2026-05-11T12:50:41
PIBTL,2023-10-06,3.87,3.93,3.82,3.88,824000,psxdata,2026-05-11T12:50:41
PIBTL,2023-10-09,3.83,3.88,3.78,3.84,1789500,psxdata,2026-05-11T12:50:41
PIBTL,2023-10-10,3.85,4.08,3.84,4.0,4538000,psxdata,2026-05-11T12:50:41
PIBTL,2023-10-11,4.04,4.15,3.96,4.11,2658000,psxdata,2026-05-11T12:50:41
PIBTL,2023-10-12,4.12,4.21,4.04,4.05,1222500,psxdata,2026-05-11T12:50:41
PIBTL,2023-10-13,4.19,4.25,4.08,4.17,4168000,psxdata,2026-05-11T12:50:41
PIBTL,2023-10-16,4.21,4.63,4.21,4.59,22073500,psxdata,2026-05-11T12:50:41
PIBTL,2023-10-17,4.6,4.74,4.55,4.61,21502500,psxdata,2026-05-11T12:50:41
PIBTL,2023-10-18,4.65,4.94,4.65,4.67,23634000,psxdata,2026-05-11T12:50:41
PIBTL,2023-10-19,4.7,4.74,4.51,4.55,3911000,psxdata,2026-05-11T12:50:41
PIBTL,2023-10-20,4.59,4.64,4.42,4.45,8156500,psxdata,2026-05-11T12:50:41
PIBTL,2023-10-23,4.5,4.74,4.5,4.71,7520500,psxdata,2026-05-11T12:50:41
PIBTL,2023-10-24,4.71,4.9,4.61,4.83,6614500,psxdata,2026-05-11T12:50:41
PIBTL,2023-10-25,4.87,4.9,4.72,4.83,3213000,psxdata,2026-05-11T12:50:41
PIBTL,2023-10-26,4.87,4.87,4.65,4.68,983500,psxdata,2026-05-11T12:50:41
PIBTL,2023-10-27,4.7,4.7,4.47,4.52,2289000,psxdata,2026-05-11T12:50:41
PIBTL,2023-10-30,4.47,4.56,4.43,4.55,1186500,psxdata,2026-05-11T12:50:41
PIBTL,2023-10-31,4.54,4.75,4.5,4.64,3006000,psxdata,2026-05-11T12:50:41
PIBTL,2023-11-01,4.65,4.68,4.56,4.57,2098500,psxdata,2026-05-11T12:50:41
PIBTL,2023-11-02,4.74,4.75,4.6,4.66,3063000,psxdata,2026-05-11T12:50:41
PIBTL,2023-11-03,4.65,5.05,4.63,4.81,17424000,psxdata,2026-05-11T12:50:41
PIBTL,2023-11-06,4.81,5.59,4.81,5.51,34524000,psxdata,2026-05-11T12:50:41
PIBTL,2023-11-07,5.6,5.62,5.15,5.21,11698500,psxdata,2026-05-11T12:50:41
PIBTL,2023-11-08,5.15,5.3,5.06,5.18,8391000,psxdata,2026-05-11T12:50:41
PIBTL,2023-11-10,5.15,5.52,5.15,5.47,12327000,psxdata,2026-05-11T12:50:41
PIBTL,2023-11-13,5.4,5.56,5.24,5.31,7407000,psxdata,2026-05-11T12:50:41
PIBTL,2023-11-14,5.44,5.45,5.18,5.25,3859500,psxdata,2026-05-11T12:50:41
PIBTL,2023-11-15,5.37,5.52,5.27,5.39,11224000,psxdata,2026-05-11T12:50:41
PIBTL,2023-11-16,5.5,5.5,5.31,5.33,8404000,psxdata,2026-05-11T12:50:41
PIBTL,2023-11-17,5.32,5.72,5.25,5.51,15884000,psxdata,2026-05-11T12:50:41
PIBTL,2023-11-20,5.59,5.65,5.47,5.57,6334500,psxdata,2026-05-11T12:50:41
PIBTL,2023-11-21,5.71,5.94,5.65,5.81,21801500,psxdata,2026-05-11T12:50:41
PIBTL,2023-11-22,5.85,5.9,5.66,5.68,8232500,psxdata,2026-05-11T12:50:41
PIBTL,2023-11-23,5.78,5.83,5.53,5.57,8242500,psxdata,2026-05-11T12:50:41
PIBTL,2023-11-24,5.61,6.1,5.6,5.65,38907000,psxdata,2026-05-11T12:50:41
PIBTL,2023-11-27,5.9,5.94,5.67,5.83,9602500,psxdata,2026-05-11T12:50:41
PIBTL,2023-11-28,5.9,5.92,5.68,5.71,8023000,psxdata,2026-05-11T12:50:41
PIBTL,2023-11-29,5.75,5.8,5.5,5.55,7036000,psxdata,2026-05-11T12:50:41
PIBTL,2023-11-30,5.6,5.67,5.37,5.4,4014000,psxdata,2026-05-11T12:50:41
PIBTL,2023-12-01,5.39,5.52,5.37,5.46,2601500,psxdata,2026-05-11T12:50:41
PIBTL,2023-12-04,5.47,5.68,5.41,5.53,4453500,psxdata,2026-05-11T12:50:41
PIBTL,2023-12-05,5.52,5.65,5.45,5.53,3744000,psxdata,2026-05-11T12:50:41
PIBTL,2023-12-06,5.65,5.75,5.5,5.71,9869000,psxdata,2026-05-11T12:50:41
PIBTL,2023-12-07,5.81,5.95,5.7,5.83,15902000,psxdata,2026-05-11T12:50:41
PIBTL,2023-12-08,5.85,6.18,5.71,6.11,25443500,psxdata,2026-05-11T12:50:41
PIBTL,2023-12-11,6.19,6.36,6.05,6.25,17487000,psxdata,2026-05-11T12:50:41
PIBTL,2023-12-12,6.3,6.45,6.3,6.37,11536500,psxdata,2026-05-11T12:50:41
PIBTL,2023-12-13,6.49,7.15,6.44,6.66,50532000,psxdata,2026-05-11T12:50:41
PIBTL,2023-12-14,6.74,7.2,6.66,7.12,33496000,psxdata,2026-05-11T12:50:41
PIBTL,2023-12-15,7.26,8.12,7.2,7.94,63170000,psxdata,2026-05-11T12:50:41
PIBTL,2023-12-18,8.31,8.5,7.6,7.73,42268000,psxdata,2026-05-11T12:50:41
PIBTL,2023-12-19,7.73,7.78,6.73,6.78,47019500,psxdata,2026-05-11T12:50:41
PIBTL,2023-12-20,6.7,6.93,6.05,6.49,23123500,psxdata,2026-05-11T12:50:41
PIBTL,2023-12-21,6.7,6.85,6.31,6.75,17368500,psxdata,2026-05-11T12:50:41
PIBTL,2023-12-22,6.75,6.9,6.36,6.43,7750000,psxdata,2026-05-11T12:50:41
PIBTL,2023-12-26,6.35,6.37,5.7,5.75,15709000,psxdata,2026-05-11T12:50:41
PIBTL,2023-12-27,5.7,6.3,5.66,6.21,12431500,psxdata,2026-05-11T12:50:41
PIBTL,2023-12-28,6.3,6.45,6.2,6.34,14218000,psxdata,2026-05-11T12:50:41
PIBTL,2023-12-29,6.27,6.87,6.22,6.67,12954000,psxdata,2026-05-11T12:50:41
PIBTL,2024-01-01,6.79,6.9,6.7,6.79,7240000,psxdata,2026-05-11T12:50:41
PIBTL,2024-01-02,6.9,6.94,6.63,6.74,10304000,psxdata,2026-05-11T12:50:41
PIBTL,2024-01-03,6.6,7.06,6.6,6.81,14739000,psxdata,2026-05-11T12:50:41
PIBTL,2024-01-04,6.82,6.9,6.65,6.71,5701000,psxdata,2026-05-11T12:50:41
PIBTL,2024-01-05,6.75,7.12,6.51,6.79,18743000,psxdata,2026-05-11T12:50:41
PIBTL,2024-01-08,6.94,7.0,6.61,6.66,7985000,psxdata,2026-05-11T12:50:41
PIBTL,2024-01-09,6.72,6.85,6.64,6.73,4500500,psxdata,2026-05-11T12:50:41
PIBTL,2024-01-10,6.8,6.95,6.65,6.8,11075500,psxdata,2026-05-11T12:50:41
PIBTL,2024-01-11,6.67,7.23,6.67,7.15,27385500,psxdata,2026-05-11T12:50:41
PIBTL,2024-01-12,7.28,7.95,7.28,7.57,77950500,psxdata,2026-05-11T12:50:41
PIBTL,2024-01-15,7.65,7.69,7.02,7.09,37652000,psxdata,2026-05-11T12:50:41
PIBTL,2024-01-16,7.06,7.36,6.98,7.26,16192000,psxdata,2026-05-11T12:50:41
PIBTL,2024-01-17,7.25,7.34,7.01,7.07,11001000,psxdata,2026-05-11T12:50:41
PIBTL,2024-01-18,7.0,7.13,6.78,6.97,18438500,psxdata,2026-05-11T12:50:41
PIBTL,2024-01-19,7.17,7.17,6.76,6.8,9746500,psxdata,2026-05-11T12:50:41
PIBTL,2024-01-22,6.84,6.84,6.65,6.72,2448500,psxdata,2026-05-11T12:50:41
PIBTL,2024-01-23,6.75,6.91,6.68,6.85,5527000,psxdata,2026-05-11T12:50:41
PIBTL,2024-01-24,6.91,6.95,6.78,6.8,6034500,psxdata,2026-05-11T12:50:41
PIBTL,2024-01-25,6.8,6.88,6.57,6.64,15934000,psxdata,2026-05-11T12:50:41
PIBTL,2024-01-26,6.74,6.8,6.34,6.38,16538000,psxdata,2026-05-11T12:50:41
PIBTL,2024-01-29,6.41,6.59,6.15,6.21,8254000,psxdata,2026-05-11T12:50:41
PIBTL,2024-01-30,6.16,6.43,5.85,5.97,9076000,psxdata,2026-05-11T12:50:41
PIBTL,2024-01-31,5.97,6.2,5.95,6.05,7649500,psxdata,2026-05-11T12:50:41
PIBTL,2024-02-01,6.18,6.18,5.96,6.0,1486500,psxdata,2026-05-11T12:50:41
PIBTL,2024-02-02,6.0,6.22,6.0,6.14,2997000,psxdata,2026-05-11T12:50:41
PIBTL,2024-02-06,6.25,6.49,6.25,6.37,6626000,psxdata,2026-05-11T12:50:41
PIBTL,2024-02-07,6.49,6.49,6.14,6.17,7754000,psxdata,2026-05-11T12:50:41
PIBTL,2024-02-09,5.9,6.05,5.72,5.97,7300000,psxdata,2026-05-11T12:50:41
PIBTL,2024-02-12,5.98,5.99,5.26,5.37,8589500,psxdata,2026-05-11T12:50:41
PIBTL,2024-02-13,5.36,5.64,5.06,5.45,9623500,psxdata,2026-05-11T12:50:41
PIBTL,2024-02-14,5.5,5.79,5.5,5.74,5341000,psxdata,2026-05-11T12:50:41
PIBTL,2024-02-15,5.8,5.95,5.6,5.75,4011000,psxdata,2026-05-11T12:50:41
PIBTL,2024-02-16,5.75,5.75,5.4,5.43,2766000,psxdata,2026-05-11T12:50:41
PIBTL,2024-02-19,5.37,5.47,5.2,5.41,5949500,psxdata,2026-05-11T12:50:41
PIBTL,2024-02-20,5.45,5.7,5.45,5.49,2309500,psxdata,2026-05-11T12:50:41
PIBTL,2024-02-21,5.65,5.8,5.56,5.71,3717000,psxdata,2026-05-11T12:50:41
PIBTL,2024-02-22,5.7,6.35,5.66,6.22,16257000,psxdata,2026-05-11T12:50:41
PIBTL,2024-02-23,6.32,6.32,6.06,6.17,2963000,psxdata,2026-05-11T12:50:41
PIBTL,2024-02-26,6.3,6.6,6.1,6.48,11056000,psxdata,2026-05-11T12:50:41
PIBTL,2024-02-27,6.59,6.69,5.91,6.05,22775500,psxdata,2026-05-11T12:50:41
PIBTL,2024-02-28,6.05,6.22,5.95,5.99,8359000,psxdata,2026-05-11T12:50:41
PIBTL,2024-02-29,6.05,6.17,6.02,6.03,4154500,psxdata,2026-05-11T12:50:41
PIBTL,2024-03-01,6.05,6.13,5.8,6.08,6698500,psxdata,2026-05-11T12:50:41
PIBTL,2024-03-04,6.2,6.28,6.05,6.1,5240000,psxdata,2026-05-11T12:50:41
PIBTL,2024-03-05,6.15,6.23,5.93,5.95,3589000,psxdata,2026-05-11T12:50:41
PIBTL,2024-03-06,5.91,6.19,5.91,5.98,6061500,psxdata,2026-05-11T12:50:41
PIBTL,2024-03-07,5.99,6.0,5.82,5.97,2547000,psxdata,2026-05-11T12:50:41
PIBTL,2024-03-08,5.99,6.11,5.93,6.01,4374500,psxdata,2026-05-11T12:50:41
PIBTL,2024-03-11,6.05,6.14,5.99,6.02,6355500,psxdata,2026-05-11T12:50:41
PIBTL,2024-03-12,6.09,6.11,5.89,5.91,1784000,psxdata,2026-05-11T12:50:41
PIBTL,2024-03-13,6.0,6.0,5.55,5.6,6013000,psxdata,2026-05-11T12:50:41
PIBTL,2024-03-14,5.77,5.91,5.69,5.86,3212500,psxdata,2026-05-11T12:50:41
PIBTL,2024-03-15,5.86,5.96,5.72,5.75,1916500,psxdata,2026-05-11T12:50:41
PIBTL,2024-03-18,5.85,5.89,5.69,5.74,940500,psxdata,2026-05-11T12:50:41
PIBTL,2024-03-19,5.72,5.84,5.64,5.77,1270500,psxdata,2026-05-11T12:50:41
PIBTL,2024-03-20,5.9,6.12,5.8,5.95,6662000,psxdata,2026-05-11T12:50:41
PIBTL,2024-03-21,6.14,6.25,5.96,6.05,41979500,psxdata,2026-05-11T12:50:41
PIBTL,2024-03-22,6.14,6.15,5.92,5.94,5155500,psxdata,2026-05-11T12:50:41
PIBTL,2024-03-25,6.05,6.05,5.88,5.92,2444500,psxdata,2026-05-11T12:50:41
PIBTL,2024-03-26,5.94,6.0,5.85,5.94,1859000,psxdata,2026-05-11T12:50:41
PIBTL,2024-03-27,6.0,6.02,5.87,5.91,2416500,psxdata,2026-05-11T12:50:41
PIBTL,2024-03-28,5.93,5.99,5.79,5.82,8290000,psxdata,2026-05-11T12:50:41
PIBTL,2024-03-29,5.95,5.95,5.61,5.71,4753500,psxdata,2026-05-11T12:50:41
PIBTL,2024-04-01,5.76,5.86,5.75,5.79,1113000,psxdata,2026-05-11T12:50:41
PIBTL,2024-04-02,5.83,5.83,5.7,5.76,675500,psxdata,2026-05-11T12:50:41
PIBTL,2024-04-03,5.72,5.84,5.69,5.8,1219000,psxdata,2026-05-11T12:50:41
PIBTL,2024-04-04,5.75,5.92,5.75,5.88,1954500,psxdata,2026-05-11T12:50:41
PIBTL,2024-04-08,5.94,6.06,5.85,5.98,6729500,psxdata,2026-05-11T12:50:41
PIBTL,2024-04-09,6.01,6.31,6.01,6.17,27819000,psxdata,2026-05-11T12:50:41
PIBTL,2024-04-15,6.25,6.4,6.15,6.34,12858500,psxdata,2026-05-11T12:50:41
PIBTL,2024-04-16,6.4,6.43,6.19,6.25,8475500,psxdata,2026-05-11T12:50:41
PIBTL,2024-04-17,6.2,6.64,6.11,6.51,18901000,psxdata,2026-05-11T12:50:41
PIBTL,2024-04-18,6.56,6.65,6.39,6.59,14749000,psxdata,2026-05-11T12:50:41
PIBTL,2024-04-19,6.6,6.69,6.53,6.63,10598500,psxdata,2026-05-11T12:50:41
PIBTL,2024-04-22,6.75,6.83,6.55,6.59,11176000,psxdata,2026-05-11T12:50:41
PIBTL,2024-04-23,6.54,6.85,6.48,6.63,46349500,psxdata,2026-05-11T12:50:41
PIBTL,2024-04-24,6.8,7.07,6.79,7.01,54513000,psxdata,2026-05-11T12:50:41
PIBTL,2024-04-25,7.2,7.2,6.99,7.0,33575000,psxdata,2026-05-11T12:50:41
PIBTL,2024-04-26,7.0,7.01,6.76,6.78,17886000,psxdata,2026-05-11T12:50:41
PIBTL,2024-04-29,6.81,6.9,6.73,6.8,7909751,psxdata,2026-05-11T12:50:41
PIBTL,2024-04-30,6.78,6.85,6.55,6.58,6254173,psxdata,2026-05-11T12:50:41
PIBTL,2024-05-02,6.57,6.57,6.4,6.4,6204451,psxdata,2026-05-11T12:50:41
PIBTL,2024-05-03,6.42,6.66,6.41,6.62,2883313,psxdata,2026-05-11T12:50:41
PIBTL,2024-05-06,6.66,6.77,6.6,6.64,5027384,psxdata,2026-05-11T12:50:41
PIBTL,2024-05-07,6.66,6.74,6.49,6.57,3885084,psxdata,2026-05-11T12:50:41
PIBTL,2024-05-08,6.58,6.64,6.41,6.46,3983209,psxdata,2026-05-11T12:50:41
PIBTL,2024-05-09,6.45,6.63,6.45,6.54,2500513,psxdata,2026-05-11T12:50:41
PIBTL,2024-05-10,6.56,7.14,6.53,6.93,21615376,psxdata,2026-05-11T12:50:41
PIBTL,2024-05-13,6.98,7.03,6.8,6.89,4423369,psxdata,2026-05-11T12:50:41
PIBTL,2024-05-14,6.99,7.12,6.86,6.89,6053913,psxdata,2026-05-11T12:50:41
PIBTL,2024-05-15,6.9,7.0,6.75,6.78,3365349,psxdata,2026-05-11T12:50:41
PIBTL,2024-05-16,6.76,6.9,6.63,6.76,3089702,psxdata,2026-05-11T12:50:41
PIBTL,2024-05-17,6.79,6.8,6.65,6.72,1534835,psxdata,2026-05-11T12:50:41
PIBTL,2024-05-20,6.65,6.78,6.48,6.67,2456309,psxdata,2026-05-11T12:50:41
PIBTL,2024-05-21,6.69,6.84,6.6,6.67,2112928,psxdata,2026-05-11T12:50:41
PIBTL,2024-05-22,6.77,6.87,6.7,6.79,4698463,psxdata,2026-05-11T12:50:41
PIBTL,2024-05-23,6.69,6.9,6.58,6.82,5786118,psxdata,2026-05-11T12:50:41
PIBTL,2024-05-24,6.9,7.05,6.75,6.8,7185931,psxdata,2026-05-11T12:50:41
PIBTL,2024-05-27,6.75,6.83,6.62,6.67,2234275,psxdata,2026-05-11T12:50:41
PIBTL,2024-05-29,6.68,6.76,6.48,6.58,3982272,psxdata,2026-05-11T12:50:41
PIBTL,2024-05-30,6.6,6.68,6.25,6.55,6460662,psxdata,2026-05-11T12:50:41
PIBTL,2024-05-31,6.3,6.75,6.3,6.55,3649063,psxdata,2026-05-11T12:50:41
PIBTL,2024-06-03,6.65,6.65,6.36,6.45,6392741,psxdata,2026-05-11T12:50:41
PIBTL,2024-06-04,6.5,6.59,6.3,6.37,2013592,psxdata,2026-05-11T12:50:41
PIBTL,2024-06-05,6.47,6.47,6.25,6.3,1386423,psxdata,2026-05-11T12:50:41
PIBTL,2024-06-06,6.31,6.34,6.19,6.22,2001195,psxdata,2026-05-11T12:50:41
PIBTL,2024-06-07,6.23,6.28,6.0,6.07,6852971,psxdata,2026-05-11T12:50:41
PIBTL,2024-06-10,6.12,6.2,6.04,6.16,1374916,psxdata,2026-05-11T12:50:41
PIBTL,2024-06-11,6.37,6.37,6.05,6.06,1235032,psxdata,2026-05-11T12:50:41
PIBTL,2024-06-12,6.06,6.2,6.04,6.08,612137,psxdata,2026-05-11T12:50:41
PIBTL,2024-06-13,6.11,6.39,6.11,6.32,2920800,psxdata,2026-05-11T12:50:41
PIBTL,2024-06-14,6.38,6.4,6.21,6.24,1434923,psxdata,2026-05-11T12:50:41
PIBTL,2024-06-20,6.15,6.35,6.15,6.29,2104811,psxdata,2026-05-11T12:50:41
PIBTL,2024-06-21,6.26,6.36,6.1,6.19,3896899,psxdata,2026-05-11T12:50:41
PIBTL,2024-06-24,6.25,6.25,6.07,6.1,2309812,psxdata,2026-05-11T12:50:41
PIBTL,2024-06-25,6.14,6.32,6.08,6.15,13684622,psxdata,2026-05-11T12:50:41
PIBTL,2024-06-26,6.17,6.3,6.1,6.21,3754061,psxdata,2026-05-11T12:50:41
PIBTL,2024-06-27,6.29,6.4,6.16,6.3,4102794,psxdata,2026-05-11T12:50:41
PIBTL,2024-06-28,6.35,6.6,6.11,6.17,10336779,psxdata,2026-05-11T12:50:41
PIBTL,2024-07-01,6.17,6.2,6.05,6.07,1621806,psxdata,2026-05-11T12:50:41
PIBTL,2024-07-02,6.08,6.24,6.04,6.16,1785164,psxdata,2026-05-11T12:50:41
PIBTL,2024-07-03,6.1,6.25,6.1,6.18,1714676,psxdata,2026-05-11T12:50:41
PIBTL,2024-07-04,6.17,6.25,6.13,6.16,1941486,psxdata,2026-05-11T12:50:41
PIBTL,2024-07-05,6.17,6.27,6.15,6.21,2748222,psxdata,2026-05-11T12:50:41
PIBTL,2024-07-08,6.29,6.38,6.25,6.32,1606352,psxdata,2026-05-11T12:50:41
PIBTL,2024-07-09,6.35,6.56,6.32,6.44,7949391,psxdata,2026-05-11T12:50:41
PIBTL,2024-07-10,6.48,6.48,6.33,6.36,2520385,psxdata,2026-05-11T12:50:41
PIBTL,2024-07-11,6.23,6.4,6.23,6.32,3143510,psxdata,2026-05-11T12:50:41
PIBTL,2024-07-12,6.37,6.4,6.11,6.25,3859220,psxdata,2026-05-11T12:50:41
PIBTL,2024-07-15,6.21,6.35,6.09,6.16,1256053,psxdata,2026-05-11T12:50:41
PIBTL,2024-07-18,6.19,6.3,6.12,6.22,2235988,psxdata,2026-05-11T12:50:41
PIBTL,2024-07-19,6.3,6.33,6.06,6.08,2188165,psxdata,2026-05-11T12:50:41
PIBTL,2024-07-22,6.08,6.19,5.9,5.99,1468479,psxdata,2026-05-11T12:50:41
PIBTL,2024-07-23,5.91,6.09,5.91,6.04,3894340,psxdata,2026-05-11T12:50:41
PIBTL,2024-07-24,5.98,6.09,5.71,6.02,1491391,psxdata,2026-05-11T12:50:41
PIBTL,2024-07-25,6.04,6.14,6.04,6.1,2196358,psxdata,2026-05-11T12:50:41
PIBTL,2024-07-26,6.05,6.09,5.97,6.0,1818553,psxdata,2026-05-11T12:50:41
PIBTL,2024-07-29,5.92,6.1,5.8,5.96,1158269,psxdata,2026-05-11T12:50:41
PIBTL,2024-07-30,6.0,6.1,5.93,5.95,2970594,psxdata,2026-05-11T12:50:41
PIBTL,2024-07-31,6.05,6.05,5.9,5.91,540288,psxdata,2026-05-11T12:50:41
PIBTL,2024-08-01,6.0,6.0,5.67,5.71,2655997,psxdata,2026-05-11T12:50:41
PIBTL,2024-08-02,5.95,5.95,5.64,5.79,3278482,psxdata,2026-05-11T12:50:41
PIBTL,2024-08-05,5.83,5.88,5.59,5.71,967434,psxdata,2026-05-11T12:50:41
PIBTL,2024-08-06,5.77,5.93,5.55,5.61,3670002,psxdata,2026-05-11T12:50:41
PIBTL,2024-08-07,5.78,5.8,5.15,5.36,20895214,psxdata,2026-05-11T12:50:41
PIBTL,2024-08-08,5.41,5.49,5.23,5.3,4465567,psxdata,2026-05-11T12:50:41
PIBTL,2024-08-09,5.31,5.43,5.29,5.33,1807647,psxdata,2026-05-11T12:50:41
PIBTL,2024-08-12,5.33,5.49,5.06,5.11,5579650,psxdata,2026-05-11T12:50:41
PIBTL,2024-08-13,5.1,5.63,5.1,5.5,12678889,psxdata,2026-05-11T12:50:41
PIBTL,2024-08-15,5.57,5.57,5.3,5.34,3301646,psxdata,2026-05-11T12:50:41
PIBTL,2024-08-16,5.34,5.46,5.25,5.29,1867565,psxdata,2026-05-11T12:50:41
PIBTL,2024-08-19,5.29,5.39,5.11,5.17,3290464,psxdata,2026-05-11T12:50:41
PIBTL,2024-08-20,5.23,5.23,5.06,5.13,6530496,psxdata,2026-05-11T12:50:41
PIBTL,2024-08-21,5.21,5.27,5.12,5.2,2786636,psxdata,2026-05-11T12:50:41
PIBTL,2024-08-22,5.28,5.66,5.23,5.61,11755494,psxdata,2026-05-11T12:50:41
PIBTL,2024-08-23,5.69,5.91,5.61,5.64,8680519,psxdata,2026-05-11T12:50:41
PIBTL,2024-08-26,5.7,5.7,5.43,5.53,2936983,psxdata,2026-05-11T12:50:41
PIBTL,2024-08-27,5.55,5.9,5.49,5.79,10254888,psxdata,2026-05-11T12:50:41
PIBTL,2024-08-28,5.86,5.89,5.58,5.6,1315758,psxdata,2026-05-11T12:50:41
PIBTL,2024-08-29,5.6,5.73,5.52,5.58,1283857,psxdata,2026-05-11T12:50:41
PIBTL,2024-08-30,5.59,5.65,5.51,5.55,1487462,psxdata,2026-05-11T12:50:41
PIBTL,2024-09-02,5.5,5.89,5.5,5.74,8145157,psxdata,2026-05-11T12:50:41
PIBTL,2024-09-03,5.85,5.87,5.68,5.73,2807111,psxdata,2026-05-11T12:50:41
PIBTL,2024-09-04,5.82,6.19,5.7,6.14,19087390,psxdata,2026-05-11T12:50:41
PIBTL,2024-09-05,6.48,6.48,5.95,5.98,10800103,psxdata,2026-05-11T12:50:41
PIBTL,2024-09-06,6.1,6.27,5.92,6.05,7932464,psxdata,2026-05-11T12:50:41
PIBTL,2024-09-09,6.24,6.24,5.94,5.97,2700720,psxdata,2026-05-11T12:50:41
PIBTL,2024-09-10,6.06,6.15,5.91,5.97,2706982,psxdata,2026-05-11T12:50:41
PIBTL,2024-09-11,6.07,6.07,5.96,6.0,1725867,psxdata,2026-05-11T12:50:41
PIBTL,2024-09-12,6.1,6.14,5.93,6.04,1629676,psxdata,2026-05-11T12:50:41
PIBTL,2024-09-13,6.14,6.49,6.08,6.29,22486717,psxdata,2026-05-11T12:50:41
PIBTL,2024-09-16,6.45,6.45,5.95,6.06,9806463,psxdata,2026-05-11T12:50:41
PIBTL,2024-09-18,6.05,6.1,5.78,5.95,6118577,psxdata,2026-05-11T12:50:41
PIBTL,2024-09-19,5.99,5.99,5.7,5.73,4270193,psxdata,2026-05-11T12:50:41
PIBTL,2024-09-20,5.75,5.88,5.7,5.77,2467566,psxdata,2026-05-11T12:50:41
PIBTL,2024-09-23,5.84,5.85,5.6,5.67,1334874,psxdata,2026-05-11T12:50:41
PIBTL,2024-09-24,5.65,5.78,5.52,5.74,2265085,psxdata,2026-05-11T12:50:41
PIBTL,2024-09-25,5.74,5.95,5.71,5.9,2576924,psxdata,2026-05-11T12:50:41
PIBTL,2024-09-26,6.09,6.09,5.79,5.81,2448836,psxdata,2026-05-11T12:50:41
PIBTL,2024-09-27,5.81,5.87,5.65,5.69,1495328,psxdata,2026-05-11T12:50:41
PIBTL,2024-09-30,5.64,5.79,5.55,5.62,1327910,psxdata,2026-05-11T12:50:41
PIBTL,2024-10-01,5.71,5.78,5.57,5.72,1753148,psxdata,2026-05-11T12:50:41
PIBTL,2024-10-02,5.7,5.84,5.63,5.7,2390099,psxdata,2026-05-11T12:50:41
PIBTL,2024-10-03,5.78,6.0,5.7,5.93,4534977,psxdata,2026-05-11T12:50:41
PIBTL,2024-10-04,5.93,5.97,5.82,5.9,1378518,psxdata,2026-05-11T12:50:41
PIBTL,2024-10-07,5.96,6.04,5.8,5.96,2951136,psxdata,2026-05-11T12:50:41
PIBTL,2024-10-08,5.9,6.09,5.9,5.96,2964967,psxdata,2026-05-11T12:50:41
PIBTL,2024-10-09,6.0,6.0,5.83,5.88,1811920,psxdata,2026-05-11T12:50:41
PIBTL,2024-10-10,5.95,6.32,5.8,6.15,11297923,psxdata,2026-05-11T12:50:41
PIBTL,2024-10-11,6.25,6.38,6.12,6.2,6125011,psxdata,2026-05-11T12:50:41
PIBTL,2024-10-14,6.24,6.75,6.2,6.68,24740059,psxdata,2026-05-11T12:50:41
PIBTL,2024-10-15,6.76,6.85,6.47,6.53,10701539,psxdata,2026-05-11T12:50:41
PIBTL,2024-10-16,6.59,6.62,6.47,6.54,6158729,psxdata,2026-05-11T12:50:41
PIBTL,2024-10-17,6.59,7.01,6.5,6.71,18868772,psxdata,2026-05-11T12:50:41
PIBTL,2024-10-18,6.71,7.0,6.6,6.64,13163879,psxdata,2026-05-11T12:50:41
PIBTL,2024-10-21,6.79,7.19,6.74,7.05,27872708,psxdata,2026-05-11T12:50:41
PIBTL,2024-10-22,7.1,7.15,6.7,6.74,16377844,psxdata,2026-05-11T12:50:41
PIBTL,2024-10-23,6.15,6.25,5.91,5.96,33969303,psxdata,2026-05-11T12:50:41
PIBTL,2024-10-24,5.9,5.97,5.8,5.89,9225760,psxdata,2026-05-11T12:50:41
PIBTL,2024-10-25,5.85,6.14,5.85,5.91,11120443,psxdata,2026-05-11T12:50:41
PIBTL,2024-10-28,5.91,5.95,5.68,5.7,11087461,psxdata,2026-05-11T12:50:41
PIBTL,2024-10-29,5.7,5.8,5.62,5.67,7622754,psxdata,2026-05-11T12:50:41
PIBTL,2024-10-30,5.71,5.84,5.6,5.78,3613262,psxdata,2026-05-11T12:50:41
PIBTL,2024-10-31,5.66,5.98,5.66,5.72,2432609,psxdata,2026-05-11T12:50:41
PIBTL,2024-11-01,5.73,5.8,5.66,5.7,485550,psxdata,2026-05-11T12:50:41
PIBTL,2024-11-04,5.72,5.9,5.7,5.8,2613730,psxdata,2026-05-11T12:50:41
PIBTL,2024-11-05,5.93,5.98,5.75,5.95,3631720,psxdata,2026-05-11T12:50:41
PIBTL,2024-11-06,5.99,6.12,5.95,6.05,12487927,psxdata,2026-05-11T12:50:41
PIBTL,2024-11-07,6.1,6.3,6.1,6.26,9703535,psxdata,2026-05-11T12:50:41
PIBTL,2024-11-08,6.49,7.26,6.49,7.26,33958691,psxdata,2026-05-11T12:50:41
PIBTL,2024-11-11,8.26,8.26,8.26,8.26,2045390,psxdata,2026-05-11T12:50:41
PIBTL,2024-11-12,8.48,8.48,7.83,8.0,79861776,psxdata,2026-05-11T12:50:41
PIBTL,2024-11-13,8.0,8.0,7.71,7.83,23694836,psxdata,2026-05-11T12:50:41
PIBTL,2024-11-14,7.85,7.96,7.7,7.81,14155186,psxdata,2026-05-11T12:50:41
PIBTL,2024-11-15,7.95,7.95,7.24,7.28,22405457,psxdata,2026-05-11T12:50:41
PIBTL,2024-11-18,7.39,7.6,7.24,7.37,7838588,psxdata,2026-05-11T12:50:41
PIBTL,2024-11-19,7.38,7.75,7.37,7.64,16767868,psxdata,2026-05-11T12:50:41
PIBTL,2024-11-20,7.8,7.86,7.41,7.48,16368396,psxdata,2026-05-11T12:50:41
PIBTL,2024-11-21,7.5,7.73,7.32,7.66,22144951,psxdata,2026-05-11T12:50:41
PIBTL,2024-11-22,7.75,8.0,7.29,7.39,24110459,psxdata,2026-05-11T12:50:41
PIBTL,2024-11-25,7.38,7.45,7.25,7.34,6992219,psxdata,2026-05-11T12:50:41
PIBTL,2024-11-26,7.3,7.59,7.1,7.15,10586291,psxdata,2026-05-11T12:50:41
PIBTL,2024-11-27,7.31,7.43,7.2,7.37,9299981,psxdata,2026-05-11T12:50:41
PIBTL,2024-11-28,7.5,7.58,7.34,7.42,9245464,psxdata,2026-05-11T12:50:41
PIBTL,2024-11-29,7.59,7.69,7.39,7.46,14728611,psxdata,2026-05-11T12:50:41
PIBTL,2024-12-02,7.5,8.07,7.5,7.99,46902495,psxdata,2026-05-11T12:50:41
PIBTL,2024-12-03,8.0,8.34,7.78,8.16,56115997,psxdata,2026-05-11T12:50:41
PIBTL,2024-12-04,8.25,8.85,8.14,8.57,89650764,psxdata,2026-05-11T12:50:41
PIBTL,2024-12-05,8.16,8.37,8.01,8.15,45979333,psxdata,2026-05-11T12:50:41
PIBTL,2024-12-06,8.25,8.5,8.04,8.38,37804979,psxdata,2026-05-11T12:50:41
PIBTL,2024-12-09,8.49,8.72,8.45,8.52,27183220,psxdata,2026-05-11T12:50:41
PIBTL,2024-12-10,8.53,8.62,7.81,8.02,23108978,psxdata,2026-05-11T12:50:41
PIBTL,2024-12-11,8.24,8.24,8.01,8.07,7866197,psxdata,2026-05-11T12:50:41
PIBTL,2024-12-12,8.49,9.07,8.4,9.07,70681266,psxdata,2026-05-11T12:50:41
PIBTL,2024-12-13,9.69,10.04,9.26,9.67,75509313,psxdata,2026-05-11T12:50:41
PIBTL,2024-12-16,9.77,9.84,9.2,9.36,31140388,psxdata,2026-05-11T12:50:41
PIBTL,2024-12-17,9.41,9.7,9.2,9.27,29626566,psxdata,2026-05-11T12:50:41
PIBTL,2024-12-18,9.4,9.4,8.8,8.91,17362162,psxdata,2026-05-11T12:50:41
PIBTL,2024-12-19,8.68,8.85,8.0,8.07,20189652,psxdata,2026-05-11T12:50:41
PIBTL,2024-12-20,7.81,8.39,7.81,8.25,12054560,psxdata,2026-05-11T12:50:41
PIBTL,2024-12-23,8.32,8.66,8.3,8.58,12832391,psxdata,2026-05-11T12:50:41
PIBTL,2024-12-24,8.75,8.75,8.25,8.31,6240153,psxdata,2026-05-11T12:50:41
PIBTL,2024-12-26,8.29,8.35,8.1,8.18,4142385,psxdata,2026-05-11T12:50:41
PIBTL,2024-12-27,8.2,8.32,8.02,8.08,9610288,psxdata,2026-05-11T12:50:41
PIBTL,2024-12-30,8.24,8.42,8.1,8.38,8651615,psxdata,2026-05-11T12:50:41
PIBTL,2024-12-31,8.6,9.38,8.6,9.38,32010374,psxdata,2026-05-11T12:50:41
PIBTL,2025-01-01,9.38,9.77,9.05,9.3,62831962,psxdata,2026-05-11T12:50:41
PIBTL,2025-01-02,9.21,9.44,8.99,9.07,17899227,psxdata,2026-05-11T12:50:41
PIBTL,2025-01-03,9.19,9.25,8.88,8.97,9790481,psxdata,2026-05-11T12:50:41
PIBTL,2025-01-06,9.09,9.25,8.54,8.6,10896055,psxdata,2026-05-11T12:50:41
PIBTL,2025-01-07,8.8,8.8,8.25,8.55,5724452,psxdata,2026-05-11T12:50:41
PIBTL,2025-01-08,8.59,8.97,8.55,8.63,14947927,psxdata,2026-05-11T12:50:41
PIBTL,2025-01-09,8.65,8.65,8.24,8.29,6195977,psxdata,2026-05-11T12:50:41
PIBTL,2025-01-10,8.3,8.48,8.21,8.41,6888163,psxdata,2026-05-11T12:50:41
PIBTL,2025-01-13,8.49,8.59,8.35,8.54,3707667,psxdata,2026-05-11T12:50:41
PIBTL,2025-01-14,8.6,8.65,8.4,8.51,5233066,psxdata,2026-05-11T12:50:41
PIBTL,2025-01-15,8.5,8.72,8.39,8.42,5417882,psxdata,2026-05-11T12:50:41
PIBTL,2025-01-16,8.6,8.89,8.49,8.65,12673430,psxdata,2026-05-11T12:50:41
PIBTL,2025-01-17,8.64,8.78,8.53,8.59,2978692,psxdata,2026-05-11T12:50:41
PIBTL,2025-01-20,8.8,8.8,8.5,8.54,6235043,psxdata,2026-05-11T12:50:41
PIBTL,2025-01-21,8.75,8.75,8.4,8.46,3289946,psxdata,2026-05-11T12:50:41
PIBTL,2025-01-22,8.55,8.64,8.3,8.32,4605869,psxdata,2026-05-11T12:50:41
PIBTL,2025-01-23,8.42,8.5,8.29,8.41,2684115,psxdata,2026-05-11T12:50:41
PIBTL,2025-01-24,8.41,8.64,8.0,8.11,12414689,psxdata,2026-05-11T12:50:41
PIBTL,2025-01-27,7.99,8.16,7.86,7.9,8353513,psxdata,2026-05-11T12:50:41
PIBTL,2025-01-28,7.9,7.94,7.59,7.68,7862290,psxdata,2026-05-11T12:50:41
PIBTL,2025-01-29,7.66,7.74,7.53,7.66,4329335,psxdata,2026-05-11T12:50:41
PIBTL,2025-01-30,7.71,8.16,7.61,8.07,11540772,psxdata,2026-05-11T12:50:41
PIBTL,2025-01-31,8.12,8.2,7.95,7.99,5470855,psxdata,2026-05-11T12:50:41
PIBTL,2025-02-03,7.99,8.0,7.8,7.84,1698196,psxdata,2026-05-11T12:50:41
PIBTL,2025-02-04,7.8,7.87,7.72,7.81,2484939,psxdata,2026-05-11T12:50:41
PIBTL,2025-02-06,7.86,7.86,7.7,7.79,2312969,psxdata,2026-05-11T12:50:41
PIBTL,2025-02-07,7.92,7.92,7.7,7.74,1972050,psxdata,2026-05-11T12:50:41
PIBTL,2025-02-10,7.76,7.85,7.65,7.81,2479945,psxdata,2026-05-11T12:50:41
PIBTL,2025-02-11,7.9,8.41,7.82,8.27,13474961,psxdata,2026-05-11T12:50:41
PIBTL,2025-02-12,8.4,8.4,7.88,7.94,7368242,psxdata,2026-05-11T12:50:41
PIBTL,2025-02-13,7.98,8.17,7.91,8.03,3753877,psxdata,2026-05-11T12:50:41
PIBTL,2025-02-14,8.12,8.15,7.9,7.94,1323754,psxdata,2026-05-11T12:50:41
PIBTL,2025-02-17,7.99,8.08,7.7,7.76,2717443,psxdata,2026-05-11T12:50:41
PIBTL,2025-02-18,7.84,7.94,7.75,7.84,1876657,psxdata,2026-05-11T12:50:41
PIBTL,2025-02-19,7.84,8.25,7.84,8.11,5397644,psxdata,2026-05-11T12:50:41
PIBTL,2025-02-20,8.15,9.11,8.1,8.69,91476864,psxdata,2026-05-11T12:50:41
PIBTL,2025-02-21,8.61,8.99,8.28,8.71,35412456,psxdata,2026-05-11T12:50:41
PIBTL,2025-02-24,8.81,9.07,8.6,8.92,12152131,psxdata,2026-05-11T12:50:41
PIBTL,2025-02-25,9.0,9.0,8.65,8.67,3909069,psxdata,2026-05-11T12:50:41
PIBTL,2025-02-26,8.75,9.37,8.67,9.08,49255813,psxdata,2026-05-11T12:50:41
PIBTL,2025-02-27,9.08,9.28,8.9,8.94,11835196,psxdata,2026-05-11T12:50:41
PIBTL,2025-02-28,9.0,9.75,8.91,9.6,52248016,psxdata,2026-05-11T12:50:41
PIBTL,2025-03-03,9.6,9.75,9.31,9.41,11711635,psxdata,2026-05-11T12:50:41
PIBTL,2025-03-04,9.44,9.49,9.08,9.12,10341268,psxdata,2026-05-11T12:50:41
PIBTL,2025-03-05,9.33,10.02,9.22,9.58,53572239,psxdata,2026-05-11T12:50:41
PIBTL,2025-03-06,9.69,10.24,9.68,10.06,48305211,psxdata,2026-05-11T12:50:41
PIBTL,2025-03-07,10.19,10.29,9.83,9.88,10984475,psxdata,2026-05-11T12:50:41
PIBTL,2025-03-10,9.88,9.97,9.7,9.75,6491039,psxdata,2026-05-11T12:50:41
PIBTL,2025-03-11,9.61,9.78,9.46,9.71,8699684,psxdata,2026-05-11T12:50:41
PIBTL,2025-03-12,9.71,9.75,9.48,9.52,5174512,psxdata,2026-05-11T12:50:41
PIBTL,2025-03-13,9.52,9.69,9.36,9.42,7680792,psxdata,2026-05-11T12:50:41
PIBTL,2025-03-14,9.4,10.15,9.31,9.92,42700806,psxdata,2026-05-11T12:50:41
PIBTL,2025-03-17,10.0,10.35,9.7,10.18,36374070,psxdata,2026-05-11T12:50:41
PIBTL,2025-03-18,10.2,10.77,10.15,10.66,59131134,psxdata,2026-05-11T12:50:41
PIBTL,2025-03-19,10.75,11.23,10.65,11.05,52151863,psxdata,2026-05-11T12:50:41
PIBTL,2025-03-20,11.09,11.23,10.57,10.72,18221041,psxdata,2026-05-11T12:50:41
PIBTL,2025-03-21,10.7,10.74,10.4,10.47,7757654,psxdata,2026-05-11T12:50:41
PIBTL,2025-03-24,10.46,10.72,10.37,10.55,11187536,psxdata,2026-05-11T12:50:41
PIBTL,2025-03-25,10.55,10.67,10.42,10.6,7039319,psxdata,2026-05-11T12:50:41
PIBTL,2025-03-26,10.7,10.84,10.5,10.58,7168674,psxdata,2026-05-11T12:50:41
PIBTL,2025-03-27,10.59,10.59,10.34,10.4,10432986,psxdata,2026-05-11T12:50:41
PIBTL,2025-04-03,10.32,10.75,10.24,10.57,13660555,psxdata,2026-05-11T12:50:41
PIBTL,2025-04-04,10.58,10.85,10.41,10.47,13612055,psxdata,2026-05-11T12:50:41
PIBTL,2025-04-07,10.31,10.31,9.42,9.93,28028542,psxdata,2026-05-11T12:50:41
PIBTL,2025-04-08,10.05,10.45,10.0,10.23,14994441,psxdata,2026-05-11T12:50:41
PIBTL,2025-04-09,10.23,10.23,9.8,9.98,12197995,psxdata,2026-05-11T12:50:41
PIBTL,2025-04-10,10.25,10.88,10.2,10.74,37973873,psxdata,2026-05-11T12:50:41
PIBTL,2025-04-11,10.55,10.77,10.28,10.36,20984006,psxdata,2026-05-11T12:50:41
PIBTL,2025-04-14,10.8,11.1,10.76,10.86,45232730,psxdata,2026-05-11T12:50:41
PIBTL,2025-04-15,10.98,10.98,10.6,10.62,11272266,psxdata,2026-05-11T12:50:41
PIBTL,2025-04-16,10.6,10.85,10.46,10.49,11267709,psxdata,2026-05-11T12:50:41
PIBTL,2025-04-17,10.45,10.55,10.38,10.43,5689669,psxdata,2026-05-11T12:50:41
PIBTL,2025-04-18,10.5,10.9,10.3,10.61,30965499,psxdata,2026-05-11T12:50:41
PIBTL,2025-04-21,10.7,10.9,10.54,10.58,23630998,psxdata,2026-05-11T12:50:41
PIBTL,2025-04-22,10.58,10.67,9.8,9.92,58810003,psxdata,2026-05-11T12:50:41
PIBTL,2025-04-23,9.9,9.99,9.75,9.77,10115020,psxdata,2026-05-11T12:50:41
PIBTL,2025-04-24,9.6,9.68,9.01,9.23,12845574,psxdata,2026-05-11T12:50:41
PIBTL,2025-04-25,9.32,9.55,9.1,9.37,16382803,psxdata,2026-05-11T12:50:41
PIBTL,2025-04-28,9.44,9.49,8.76,8.88,7786494,psxdata,2026-05-11T12:50:41
PIBTL,2025-04-29,8.9,9.05,8.52,8.92,5100153,psxdata,2026-05-11T12:50:41
PIBTL,2025-04-30,8.85,8.85,8.25,8.42,10276515,psxdata,2026-05-11T12:50:41
PIBTL,2025-05-02,8.89,8.89,8.61,8.79,5606887,psxdata,2026-05-11T12:50:41
PIBTL,2025-05-05,8.73,8.89,8.5,8.71,2883248,psxdata,2026-05-11T12:50:41
PIBTL,2025-05-06,8.79,9.1,8.73,8.82,7651238,psxdata,2026-05-11T12:50:41
PIBTL,2025-05-07,8.0,8.59,7.82,7.89,23324371,psxdata,2026-05-11T12:50:41
PIBTL,2025-05-08,8.07,8.13,6.89,7.1,14901402,psxdata,2026-05-11T12:50:41
PIBTL,2025-05-09,7.19,7.7,7.05,7.62,7951470,psxdata,2026-05-11T12:50:41
PIBTL,2025-05-12,8.62,8.62,8.3,8.62,14542247,psxdata,2026-05-11T12:50:41
PIBTL,2025-05-13,8.9,8.9,8.4,8.64,8709586,psxdata,2026-05-11T12:50:41
PIBTL,2025-05-14,8.62,8.7,8.46,8.57,5635903,psxdata,2026-05-11T12:50:41
PIBTL,2025-05-15,8.54,8.92,8.54,8.85,7132286,psxdata,2026-05-11T12:50:41
PIBTL,2025-05-16,8.95,8.95,8.66,8.72,4445685,psxdata,2026-05-11T12:50:41
PIBTL,2025-05-19,8.63,8.88,8.63,8.8,3927542,psxdata,2026-05-11T12:50:41
PIBTL,2025-05-20,8.8,8.88,8.72,8.82,2730550,psxdata,2026-05-11T12:50:41
PIBTL,2025-05-21,8.82,9.05,8.8,8.95,7301720,psxdata,2026-05-11T12:50:41
PIBTL,2025-05-22,9.0,9.24,8.82,8.88,8435803,psxdata,2026-05-11T12:50:41
PIBTL,2025-05-23,8.91,8.95,8.7,8.77,1416904,psxdata,2026-05-11T12:50:41
PIBTL,2025-05-26,8.74,8.99,8.65,8.88,2826332,psxdata,2026-05-11T12:50:41
PIBTL,2025-05-27,8.9,8.9,8.69,8.71,2070491,psxdata,2026-05-11T12:50:41
PIBTL,2025-05-29,8.71,8.78,8.66,8.72,2558381,psxdata,2026-05-11T12:50:41
PIBTL,2025-05-30,8.71,8.81,8.37,8.41,19941925,psxdata,2026-05-11T12:50:41
PIBTL,2025-06-02,8.5,8.69,8.4,8.52,4487472,psxdata,2026-05-11T12:50:41
PIBTL,2025-06-03,8.5,8.6,8.38,8.43,2338184,psxdata,2026-05-11T12:50:41
PIBTL,2025-06-04,8.55,8.55,8.27,8.31,13300836,psxdata,2026-05-11T12:50:41
PIBTL,2025-06-05,8.31,8.75,8.31,8.5,9846818,psxdata,2026-05-11T12:50:41
PIBTL,2025-06-10,8.56,8.79,8.53,8.58,3649404,psxdata,2026-05-11T12:50:41
PIBTL,2025-06-11,8.71,8.8,8.54,8.56,6474771,psxdata,2026-05-11T12:50:41
PIBTL,2025-06-12,8.46,8.72,8.39,8.42,3902735,psxdata,2026-05-11T12:50:41
PIBTL,2025-06-13,8.31,8.35,7.91,8.19,8752849,psxdata,2026-05-11T12:50:41
PIBTL,2025-06-16,8.01,8.49,8.01,8.26,3159678,psxdata,2026-05-11T12:50:41
PIBTL,2025-06-17,8.31,8.64,8.25,8.48,7224567,psxdata,2026-05-11T12:50:41
PIBTL,2025-06-18,8.55,8.55,8.12,8.23,2610527,psxdata,2026-05-11T12:50:41
PIBTL,2025-06-19,8.31,8.45,8.11,8.15,1819241,psxdata,2026-05-11T12:50:41
PIBTL,2025-06-20,8.25,8.25,8.0,8.03,2809671,psxdata,2026-05-11T12:50:41
PIBTL,2025-06-23,7.98,7.98,7.6,7.63,4312342,psxdata,2026-05-11T12:50:41
PIBTL,2025-06-24,8.2,8.32,8.0,8.24,3308466,psxdata,2026-05-11T12:50:41
PIBTL,2025-06-25,8.27,8.7,8.09,8.58,8216031,psxdata,2026-05-11T12:50:41
PIBTL,2025-06-26,8.59,9.05,8.45,8.52,37503501,psxdata,2026-05-11T12:50:41
PIBTL,2025-06-27,8.6,8.68,8.5,8.52,5812751,psxdata,2026-05-11T12:50:41
PIBTL,2025-06-30,8.55,8.8,8.54,8.74,11148635,psxdata,2026-05-11T12:50:41
PIBTL,2025-07-01,8.85,8.89,8.64,8.75,8656100,psxdata,2026-05-11T12:50:41
PIBTL,2025-07-02,8.83,8.91,8.66,8.7,6546929,psxdata,2026-05-11T12:50:41
PIBTL,2025-07-03,8.6,8.74,8.53,8.62,4120326,psxdata,2026-05-11T12:50:41
PIBTL,2025-07-04,8.56,8.67,8.5,8.52,5907553,psxdata,2026-05-11T12:50:41
PIBTL,2025-07-07,8.65,8.9,8.6,8.63,6527955,psxdata,2026-05-11T12:50:41
PIBTL,2025-07-08,8.7,9.49,8.57,9.07,46665218,psxdata,2026-05-11T12:50:41
PIBTL,2025-07-09,9.15,9.2,8.83,8.87,11516317,psxdata,2026-05-11T12:50:41
PIBTL,2025-07-10,8.92,9.3,8.8,8.99,9344126,psxdata,2026-05-11T12:50:41
PIBTL,2025-07-11,9.2,9.25,8.9,8.93,5379305,psxdata,2026-05-11T12:50:41
PIBTL,2025-07-14,8.93,9.08,8.93,8.97,2985740,psxdata,2026-05-11T12:50:41
PIBTL,2025-07-15,9.0,9.03,8.67,8.73,9813691,psxdata,2026-05-11T12:50:41
PIBTL,2025-07-16,8.85,9.73,8.73,9.69,90710656,psxdata,2026-05-11T12:50:41
PIBTL,2025-07-17,9.95,10.5,9.95,10.09,82666164,psxdata,2026-05-11T12:50:41
PIBTL,2025-07-18,10.15,10.51,9.63,10.14,53113672,psxdata,2026-05-11T12:50:41
PIBTL,2025-07-21,10.24,10.67,9.97,10.06,51735265,psxdata,2026-05-11T12:50:41
PIBTL,2025-07-22,10.0,10.29,9.99,10.17,15938991,psxdata,2026-05-11T12:50:41
PIBTL,2025-07-23,10.17,10.29,9.91,9.94,11018137,psxdata,2026-05-11T12:50:41
PIBTL,2025-07-24,9.94,10.19,9.87,10.03,8380196,psxdata,2026-05-11T12:50:41
PIBTL,2025-07-25,10.18,10.18,9.77,9.81,9412953,psxdata,2026-05-11T12:50:41
PIBTL,2025-07-28,9.8,9.95,9.65,9.72,6736702,psxdata,2026-05-11T12:50:41
PIBTL,2025-07-29,9.7,9.79,9.35,9.42,5894743,psxdata,2026-05-11T12:50:41
PIBTL,2025-07-30,9.4,9.56,9.33,9.46,4428627,psxdata,2026-05-11T12:50:41
PIBTL,2025-07-31,9.46,9.92,9.42,9.8,12477960,psxdata,2026-05-11T12:50:41
PIBTL,2025-08-01,9.76,10.33,9.7,10.05,25356858,psxdata,2026-05-11T12:50:41
PIBTL,2025-08-04,10.12,10.9,10.05,10.44,50585832,psxdata,2026-05-11T12:50:41
PIBTL,2025-08-05,10.5,10.59,10.21,10.32,15747370,psxdata,2026-05-11T12:50:41
PIBTL,2025-08-06,10.4,10.47,10.18,10.21,8352536,psxdata,2026-05-11T12:50:41
PIBTL,2025-08-07,10.2,10.3,10.0,10.03,6545521,psxdata,2026-05-11T12:50:41
PIBTL,2025-08-08,10.1,10.45,10.04,10.16,4351694,psxdata,2026-05-11T12:50:41
PIBTL,2025-08-11,10.02,10.5,10.02,10.44,9306410,psxdata,2026-05-11T12:50:41
PIBTL,2025-08-12,10.4,10.79,10.32,10.39,25819573,psxdata,2026-05-11T12:50:41
PIBTL,2025-08-13,10.49,10.73,10.37,10.44,12972394,psxdata,2026-05-11T12:50:41
PIBTL,2025-08-15,10.3,10.63,10.18,10.23,8089343,psxdata,2026-05-11T12:50:41
PIBTL,2025-08-18,10.18,10.31,10.18,10.23,3011468,psxdata,2026-05-11T12:50:41
PIBTL,2025-08-19,10.23,10.4,10.18,10.25,3696391,psxdata,2026-05-11T12:50:41
PIBTL,2025-08-20,10.25,10.67,10.2,10.51,8626694,psxdata,2026-05-11T12:50:41
PIBTL,2025-08-21,10.6,11.15,10.5,10.85,56481582,psxdata,2026-05-11T12:50:41
PIBTL,2025-08-22,11.0,11.9,10.95,11.53,63813692,psxdata,2026-05-11T12:50:41
PIBTL,2025-08-25,11.6,11.75,11.12,11.2,26238891,psxdata,2026-05-11T12:50:41
PIBTL,2025-08-26,11.45,11.45,11.09,11.19,6790513,psxdata,2026-05-11T12:50:41
PIBTL,2025-08-27,11.2,11.37,11.01,11.05,7364269,psxdata,2026-05-11T12:50:41
PIBTL,2025-08-28,11.01,12.16,11.0,12.16,37481113,psxdata,2026-05-11T12:50:41
PIBTL,2025-08-29,12.6,13.38,12.4,12.79,122239074,psxdata,2026-05-11T12:50:41
PIBTL,2025-09-01,13.2,13.51,12.83,12.96,26550894,psxdata,2026-05-11T12:50:41
PIBTL,2025-09-02,12.96,13.08,12.63,12.69,9593474,psxdata,2026-05-11T12:50:41
PIBTL,2025-09-03,12.75,13.25,12.5,12.91,16338337,psxdata,2026-05-11T12:50:41
PIBTL,2025-09-04,12.98,13.75,12.75,13.44,38556661,psxdata,2026-05-11T12:50:41
PIBTL,2025-09-05,13.24,13.6,13.16,13.25,14467315,psxdata,2026-05-11T12:50:41
PIBTL,2025-09-08,13.47,13.62,13.21,13.4,14235721,psxdata,2026-05-11T12:50:41
PIBTL,2025-09-09,13.49,13.56,12.97,13.09,14450604,psxdata,2026-05-11T12:50:41
PIBTL,2025-09-10,13.09,13.34,12.9,13.0,16507620,psxdata,2026-05-11T12:50:41
PIBTL,2025-09-11,13.0,13.59,12.84,12.88,40192572,psxdata,2026-05-11T12:50:41
PIBTL,2025-09-12,12.9,13.0,12.4,12.46,22002873,psxdata,2026-05-11T12:50:41
PIBTL,2025-09-15,12.5,12.84,11.97,12.41,53409117,psxdata,2026-05-11T12:50:41
PIBTL,2025-09-16,12.51,13.49,12.51,13.41,77877257,psxdata,2026-05-11T12:50:41
PIBTL,2025-09-17,13.49,13.55,13.07,13.17,13458127,psxdata,2026-05-11T12:50:41
PIBTL,2025-09-18,13.26,13.47,12.98,13.29,43297428,psxdata,2026-05-11T12:50:41
PIBTL,2025-09-19,13.68,14.62,13.68,13.85,135279049,psxdata,2026-05-11T12:50:41
PIBTL,2025-09-22,13.95,14.35,13.57,13.92,29644117,psxdata,2026-05-11T12:50:41
PIBTL,2025-09-23,13.94,14.31,13.92,14.04,19487275,psxdata,2026-05-11T12:50:41
PIBTL,2025-09-24,14.0,14.8,13.92,14.4,68301777,psxdata,2026-05-11T12:50:41
PIBTL,2025-09-25,14.48,14.55,14.01,14.21,10638341,psxdata,2026-05-11T12:50:41
PIBTL,2025-09-26,14.29,14.44,14.0,14.03,10964427,psxdata,2026-05-11T12:50:41
PIBTL,2025-09-29,14.06,14.19,13.7,13.78,18128760,psxdata,2026-05-11T12:50:41
PIBTL,2025-09-30,13.97,14.05,13.7,13.77,11825133,psxdata,2026-05-11T12:50:41
PIBTL,2025-10-01,13.81,14.45,13.39,14.25,37481712,psxdata,2026-05-11T12:50:41
PIBTL,2025-10-02,14.47,15.68,14.47,15.68,114957013,psxdata,2026-05-11T12:50:41
PIBTL,2025-10-03,16.11,16.49,15.35,15.43,62984016,psxdata,2026-05-11T12:50:41
PIBTL,2025-10-06,15.32,16.24,14.96,15.69,51222290,psxdata,2026-05-11T12:50:41
PIBTL,2025-10-07,16.0,16.0,15.15,15.28,17507772,psxdata,2026-05-11T12:50:41
PIBTL,2025-10-08,15.21,15.9,15.02,15.37,25985199,psxdata,2026-05-11T12:50:41
PIBTL,2025-10-09,15.48,15.67,14.75,14.99,19260354,psxdata,2026-05-11T12:50:41
PIBTL,2025-10-10,14.76,15.14,14.15,14.63,16027498,psxdata,2026-05-11T12:50:41
PIBTL,2025-10-13,14.3,14.85,13.57,13.86,25195292,psxdata,2026-05-11T12:50:41
PIBTL,2025-10-14,14.29,14.99,14.25,14.87,24147755,psxdata,2026-05-11T12:50:41
PIBTL,2025-10-15,15.0,15.35,14.71,14.97,24748555,psxdata,2026-05-11T12:50:41
PIBTL,2025-10-16,15.1,15.91,14.88,15.14,49147433,psxdata,2026-05-11T12:50:41
PIBTL,2025-10-17,15.28,15.4,15.02,15.1,7233731,psxdata,2026-05-11T12:50:41
PIBTL,2025-10-20,15.25,16.61,15.11,16.45,82004559,psxdata,2026-05-11T12:50:41
PIBTL,2025-10-21,16.75,16.99,16.02,16.14,40765350,psxdata,2026-05-11T12:50:41
PIBTL,2025-10-22,16.2,16.77,15.8,16.07,77683484,psxdata,2026-05-11T12:50:41
PIBTL,2025-10-23,16.44,16.55,15.65,15.8,39897325,psxdata,2026-05-11T12:50:41
PIBTL,2025-10-24,15.87,16.2,15.51,15.61,19283734,psxdata,2026-05-11T12:50:41
PIBTL,2025-10-27,15.67,15.75,15.15,15.26,13263481,psxdata,2026-05-11T12:50:41
PIBTL,2025-10-28,15.45,15.62,15.02,15.1,13418366,psxdata,2026-05-11T12:50:41
PIBTL,2025-10-29,15.2,15.5,14.78,14.92,19923993,psxdata,2026-05-11T12:50:41
PIBTL,2025-10-30,14.95,15.24,14.81,14.86,6584570,psxdata,2026-05-11T12:50:41
PIBTL,2025-10-31,15.19,15.45,14.99,15.17,12757868,psxdata,2026-05-11T12:50:41
PIBTL,2025-11-03,15.25,15.45,15.05,15.13,7941064,psxdata,2026-05-11T12:50:41
PIBTL,2025-11-04,15.02,15.26,14.8,14.93,7605389,psxdata,2026-05-11T12:50:41
PIBTL,2025-11-05,15.01,15.11,14.3,14.49,20139713,psxdata,2026-05-11T12:50:41
PIBTL,2025-11-06,14.69,15.4,13.85,15.24,74445805,psxdata,2026-05-11T12:50:41
PIBTL,2025-11-07,15.23,15.5,14.89,14.93,21795843,psxdata,2026-05-11T12:50:41
PIBTL,2025-11-10,15.1,15.2,14.9,14.95,6024791,psxdata,2026-05-11T12:50:41
PIBTL,2025-11-11,14.9,14.92,14.4,14.48,10724776,psxdata,2026-05-11T12:50:41
PIBTL,2025-11-12,14.36,14.72,14.2,14.23,8694758,psxdata,2026-05-11T12:50:41
PIBTL,2025-11-13,14.44,14.78,14.3,14.6,8312690,psxdata,2026-05-11T12:50:41
PIBTL,2025-11-14,14.7,15.16,14.53,14.8,9472255,psxdata,2026-05-11T12:50:41
PIBTL,2025-11-17,14.91,15.66,14.81,15.16,35876985,psxdata,2026-05-11T12:50:41
PIBTL,2025-11-18,15.19,15.99,15.15,15.5,44918830,psxdata,2026-05-11T12:50:41
PIBTL,2025-11-19,16.32,16.5,15.55,15.65,55121120,psxdata,2026-05-11T12:50:41
PIBTL,2025-11-20,15.8,15.86,15.45,15.53,12959314,psxdata,2026-05-11T12:50:41
PIBTL,2025-11-21,15.5,15.8,15.22,15.39,26993317,psxdata,2026-05-11T12:50:41
PIBTL,2025-11-24,15.45,15.52,15.14,15.24,6815489,psxdata,2026-05-11T12:50:41
PIBTL,2025-11-25,15.14,15.4,15.13,15.17,10172530,psxdata,2026-05-11T12:50:41
PIBTL,2025-11-26,15.26,15.26,14.9,15.01,10798552,psxdata,2026-05-11T12:50:41
PIBTL,2025-11-27,15.0,15.17,14.9,15.1,4228254,psxdata,2026-05-11T12:50:41
PIBTL,2025-11-28,15.15,15.38,14.71,15.14,11169828,psxdata,2026-05-11T12:50:41
PIBTL,2025-12-01,15.2,15.68,15.07,15.55,11470118,psxdata,2026-05-11T12:50:41
PIBTL,2025-12-02,15.44,15.97,15.34,15.43,33116113,psxdata,2026-05-11T12:50:41
PIBTL,2025-12-03,15.5,15.59,15.2,15.24,5996433,psxdata,2026-05-11T12:50:41
PIBTL,2025-12-04,15.2,15.6,15.16,15.43,7111125,psxdata,2026-05-11T12:50:41
PIBTL,2025-12-05,15.52,15.64,15.17,15.23,7980852,psxdata,2026-05-11T12:50:41
PIBTL,2025-12-08,15.3,15.4,15.2,15.32,3574722,psxdata,2026-05-11T12:50:41
PIBTL,2025-12-09,15.4,15.57,15.3,15.34,7139155,psxdata,2026-05-11T12:50:41
PIBTL,2025-12-10,15.32,15.5,15.24,15.36,7013129,psxdata,2026-05-11T12:50:41
PIBTL,2025-12-11,15.51,15.85,15.41,15.47,25471842,psxdata,2026-05-11T12:50:41
PIBTL,2025-12-12,15.47,15.92,15.37,15.63,18673271,psxdata,2026-05-11T12:50:41
PIBTL,2025-12-15,15.98,17.19,15.9,17.19,123266609,psxdata,2026-05-11T12:50:41
PIBTL,2025-12-16,17.8,18.46,17.53,17.75,101812664,psxdata,2026-05-11T12:50:41
PIBTL,2025-12-17,17.75,18.17,17.39,17.49,37482114,psxdata,2026-05-11T12:50:41
PIBTL,2025-12-18,17.58,17.87,17.19,17.42,28522756,psxdata,2026-05-11T12:50:41
PIBTL,2025-12-19,17.53,17.66,17.24,17.3,8906536,psxdata,2026-05-11T12:50:41
PIBTL,2025-12-22,17.3,17.88,17.11,17.61,20787518,psxdata,2026-05-11T12:50:41
PIBTL,2025-12-23,17.72,18.04,17.49,17.64,27804824,psxdata,2026-05-11T12:50:41
PIBTL,2025-12-24,17.89,18.38,17.5,18.25,62126223,psxdata,2026-05-11T12:50:41
PIBTL,2025-12-26,18.37,18.71,18.25,18.46,31377247,psxdata,2026-05-11T12:50:41
PIBTL,2025-12-29,18.55,18.84,18.27,18.65,29621772,psxdata,2026-05-11T12:50:41
PIBTL,2025-12-30,18.7,18.78,18.5,18.56,26537119,psxdata,2026-05-11T12:50:41
PIBTL,2025-12-31,18.56,19.07,18.55,18.83,47666048,psxdata,2026-05-11T12:50:41
PIBTL,2026-01-01,19.0,20.71,18.8,20.03,139940959,psxdata,2026-05-11T12:50:41
PIBTL,2026-01-02,20.1,20.68,19.72,20.15,42452431,psxdata,2026-05-11T12:50:41
PIBTL,2026-01-05,20.38,22.07,20.18,21.78,79721729,psxdata,2026-05-11T12:50:41
PIBTL,2026-01-06,21.84,22.49,21.26,21.44,62341752,psxdata,2026-05-11T12:50:41
PIBTL,2026-01-07,21.44,21.7,21.03,21.3,29757344,psxdata,2026-05-11T12:50:41
PIBTL,2026-01-08,21.32,21.64,21.0,21.13,25320100,psxdata,2026-05-11T12:50:41
PIBTL,2026-01-09,21.01,21.25,20.65,20.85,22473395,psxdata,2026-05-11T12:50:41
PIBTL,2026-01-12,20.85,21.28,20.32,20.44,27011185,psxdata,2026-05-11T12:50:41
PIBTL,2026-01-13,20.74,20.74,19.8,20.07,26539835,psxdata,2026-05-11T12:50:41
PIBTL,2026-01-14,20.15,21.06,19.56,20.25,47523993,psxdata,2026-05-11T12:50:41
PIBTL,2026-01-15,20.35,20.84,20.1,20.19,15760743,psxdata,2026-05-11T12:50:41
PIBTL,2026-01-16,20.3,21.4,20.3,20.93,36204591,psxdata,2026-05-11T12:50:41
PIBTL,2026-01-19,21.33,22.97,21.06,22.59,104625115,psxdata,2026-05-11T12:50:41
PIBTL,2026-01-20,22.59,22.59,21.64,22.12,49908973,psxdata,2026-05-11T12:50:41
PIBTL,2026-01-21,22.2,22.4,21.7,21.8,18814296,psxdata,2026-05-11T12:50:41
PIBTL,2026-01-22,21.9,22.48,21.7,21.84,21751394,psxdata,2026-05-11T12:50:41
PIBTL,2026-01-23,21.9,22.2,21.5,21.6,22060262,psxdata,2026-05-11T12:50:41
PIBTL,2026-01-26,21.73,21.75,20.8,20.9,28997371,psxdata,2026-05-11T12:50:41
PIBTL,2026-01-27,21.0,21.1,20.35,20.44,14315841,psxdata,2026-05-11T12:50:41
PIBTL,2026-01-28,20.7,21.65,20.51,20.89,34580695,psxdata,2026-05-11T12:50:41
PIBTL,2026-01-29,20.99,21.05,20.1,20.3,15820688,psxdata,2026-05-11T12:50:41
PIBTL,2026-01-30,20.69,21.49,20.5,20.63,21577522,psxdata,2026-05-11T12:50:41
PIBTL,2026-02-02,20.65,20.98,20.51,20.62,11491055,psxdata,2026-05-11T12:50:41
PIBTL,2026-02-03,20.67,21.14,20.57,20.74,14473041,psxdata,2026-05-11T12:50:41
PIBTL,2026-02-04,20.87,20.99,20.6,20.68,5624639,psxdata,2026-05-11T12:50:41
PIBTL,2026-02-06,20.68,20.75,19.15,19.36,39245432,psxdata,2026-05-11T12:50:41
PIBTL,2026-02-09,19.9,20.25,19.25,19.48,26258410,psxdata,2026-05-11T12:50:41
PIBTL,2026-02-10,19.75,19.75,19.15,19.21,14356699,psxdata,2026-05-11T12:50:41
PIBTL,2026-02-11,19.23,19.3,18.85,19.01,8155663,psxdata,2026-05-11T12:50:41
PIBTL,2026-02-12,19.01,19.75,18.55,19.39,31434560,psxdata,2026-05-11T12:50:41
PIBTL,2026-02-13,19.7,20.4,19.35,19.53,34704501,psxdata,2026-05-11T12:50:41
PIBTL,2026-02-16,19.01,19.5,18.35,18.99,21524521,psxdata,2026-05-11T12:50:41
PIBTL,2026-02-17,19.14,19.7,18.81,19.51,24906035,psxdata,2026-05-11T12:50:41
PIBTL,2026-02-18,19.65,20.05,19.4,19.88,14761875,psxdata,2026-05-11T12:50:41
PIBTL,2026-02-19,19.99,19.99,17.89,18.09,13488641,psxdata,2026-05-11T12:50:41
PIBTL,2026-02-20,18.1,18.99,17.21,18.68,14846470,psxdata,2026-05-11T12:50:41
PIBTL,2026-02-23,18.68,18.95,17.35,17.49,13317615,psxdata,2026-05-11T12:50:41
PIBTL,2026-02-24,17.5,18.02,16.56,17.49,22853251,psxdata,2026-05-11T12:50:41
PIBTL,2026-02-25,17.88,17.88,16.82,17.03,13301331,psxdata,2026-05-11T12:50:41
PIBTL,2026-02-26,17.03,17.3,16.25,17.15,25064830,psxdata,2026-05-11T12:50:41
PIBTL,2026-02-27,16.95,17.15,16.25,16.69,10718992,psxdata,2026-05-11T12:50:41
PIBTL,2026-03-02,15.02,15.44,15.02,15.02,8385229,psxdata,2026-05-11T12:50:41
PIBTL,2026-03-03,14.1,14.77,13.52,14.46,18555831,psxdata,2026-05-11T12:50:41
PIBTL,2026-03-04,14.47,14.5,13.91,14.12,5335004,psxdata,2026-05-11T12:50:41
PIBTL,2026-03-05,14.12,15.0,14.12,14.87,6446667,psxdata,2026-05-11T12:50:41
PIBTL,2026-03-06,14.87,15.02,14.54,14.63,4239350,psxdata,2026-05-11T12:50:41
PIBTL,2026-03-09,13.66,14.39,13.17,13.17,3095315,psxdata,2026-05-11T12:50:41
PIBTL,2026-03-10,14.49,14.49,13.8,14.02,8336293,psxdata,2026-05-11T12:50:41
PIBTL,2026-03-11,14.18,14.67,13.8,14.1,10812136,psxdata,2026-05-11T12:50:41
PIBTL,2026-03-12,14.1,14.3,13.69,14.09,7518634,psxdata,2026-05-11T12:50:41
PIBTL,2026-03-13,14.05,14.24,13.77,13.89,3826073,psxdata,2026-05-11T12:50:41
PIBTL,2026-03-16,13.99,13.99,12.91,13.1,4925108,psxdata,2026-05-11T12:50:41
PIBTL,2026-03-17,13.39,13.56,13.11,13.45,3488304,psxdata,2026-05-11T12:50:41
PIBTL,2026-03-18,13.5,14.2,13.5,13.99,4211778,psxdata,2026-05-11T12:50:41
PIBTL,2026-03-19,13.71,13.9,13.41,13.74,2881139,psxdata,2026-05-11T12:50:41
PIBTL,2026-03-24,14.48,14.48,13.9,14.09,9337713,psxdata,2026-05-11T12:50:41
PIBTL,2026-03-25,14.4,15.5,14.25,15.45,22164621,psxdata,2026-05-11T12:50:41
PIBTL,2026-03-26,15.45,15.47,14.45,14.56,13523948,psxdata,2026-05-11T12:50:41
PIBTL,2026-03-27,14.31,14.75,13.99,14.43,8598345,psxdata,2026-05-11T12:50:41
PIBTL,2026-03-30,14.39,14.5,13.7,14.01,8688182,psxdata,2026-05-11T12:50:41
PIBTL,2026-03-31,14.1,14.59,14.1,14.26,6117571,psxdata,2026-05-11T12:50:41
PIBTL,2026-04-01,14.69,15.35,14.6,14.98,18592829,psxdata,2026-05-11T12:50:41
PIBTL,2026-04-02,14.25,14.5,14.0,14.4,4572051,psxdata,2026-05-11T12:50:41
PIBTL,2026-04-03,14.1,14.95,14.1,14.34,8189701,psxdata,2026-05-11T12:50:41
PIBTL,2026-04-06,14.34,14.74,14.25,14.49,10514418,psxdata,2026-05-11T12:50:41
PIBTL,2026-04-07,14.39,14.6,14.26,14.47,9719914,psxdata,2026-05-11T12:50:41
PIBTL,2026-04-08,15.92,15.92,15.5,15.92,22709646,psxdata,2026-05-11T12:50:41
PIBTL,2026-04-09,15.84,16.15,15.03,15.5,12867846,psxdata,2026-05-11T12:50:41
PIBTL,2026-04-10,15.67,16.85,15.59,16.71,39618729,psxdata,2026-05-11T12:50:41
PIBTL,2026-04-13,16.05,16.35,15.27,15.35,19069467,psxdata,2026-05-11T12:50:41
PIBTL,2026-04-14,15.7,16.62,15.7,16.49,24026831,psxdata,2026-05-11T12:50:41
PIBTL,2026-04-15,17.7,17.7,16.77,16.86,33499947,psxdata,2026-05-11T12:50:41
PIBTL,2026-04-16,17.01,17.49,16.82,17.08,29476590,psxdata,2026-05-11T12:50:41
PIBTL,2026-04-17,17.3,17.77,17.08,17.52,30774424,psxdata,2026-05-11T12:50:41
PIBTL,2026-04-20,17.25,17.48,16.25,16.96,22800548,psxdata,2026-05-11T12:50:41
PIBTL,2026-04-21,17.14,17.37,16.4,16.74,38042625,psxdata,2026-05-11T12:50:41
PIBTL,2026-04-22,16.74,16.83,16.29,16.4,14804716,psxdata,2026-05-11T12:50:41
PIBTL,2026-04-23,16.5,16.5,15.83,16.04,11101183,psxdata,2026-05-11T12:50:41
PIBTL,2026-04-24,16.0,16.44,15.52,16.19,12509664,psxdata,2026-05-11T12:50:41
PIBTL,2026-04-27,16.31,16.36,16.03,16.14,5497723,psxdata,2026-05-11T12:50:41
PIBTL,2026-04-28,15.99,16.11,15.71,15.8,5775543,psxdata,2026-05-11T12:50:41
PIBTL,2026-04-29,15.79,16.2,14.75,15.23,18747750,psxdata,2026-05-11T12:50:41
PIBTL,2026-04-30,15.0,15.1,14.1,15.01,16165010,psxdata,2026-05-11T12:50:41
PIBTL,2026-05-04,15.3,16.01,15.01,15.21,15663177,psxdata,2026-05-11T12:50:41
PIBTL,2026-05-05,14.91,15.85,14.9,15.64,8471239,psxdata,2026-05-11T12:50:41
PIBTL,2026-05-06,16.01,17.07,16.01,16.92,46142366,psxdata,2026-05-11T12:50:41
PIBTL,2026-05-07,17.0,17.3,16.7,17.04,19992647,psxdata,2026-05-11T12:50:41
PIBTL,2026-05-08,16.65,17.6,16.25,17.13,32341852,psxdata,2026-05-11T12:50:41
