symbol,date,open,high,low,close,volume,source,collected_at
PRL,2016-05-11,45.64,45.65,44.9,45.1,883500,psxdata,2026-05-11T12:51:29
PRL,2016-05-12,45.39,45.6,44.96,45.06,1018000,psxdata,2026-05-11T12:51:29
PRL,2016-05-13,45.1,45.37,44.82,44.92,573000,psxdata,2026-05-11T12:51:29
PRL,2016-05-16,45.0,46.01,45.0,45.35,1673000,psxdata,2026-05-11T12:51:29
PRL,2016-05-17,45.8,46.25,45.5,45.7,2570000,psxdata,2026-05-11T12:51:29
PRL,2016-05-18,45.7,46.85,45.7,46.32,4313000,psxdata,2026-05-11T12:51:29
PRL,2016-05-19,46.65,46.94,46.2,46.34,2557000,psxdata,2026-05-11T12:51:29
PRL,2016-05-20,46.75,46.75,45.8,45.92,1805500,psxdata,2026-05-11T12:51:29
PRL,2016-05-23,46.25,47.61,46.18,46.92,7147000,psxdata,2026-05-11T12:51:29
PRL,2016-05-24,47.3,47.8,46.29,46.46,6016000,psxdata,2026-05-11T12:51:29
PRL,2016-05-25,46.72,46.75,45.95,46.1,2267000,psxdata,2026-05-11T12:51:29
PRL,2016-05-26,46.38,46.39,45.55,45.65,789500,psxdata,2026-05-11T12:51:29
PRL,2016-05-27,45.79,46.25,45.32,45.44,787000,psxdata,2026-05-11T12:51:29
PRL,2016-05-30,45.52,45.56,44.2,44.42,743000,psxdata,2026-05-11T12:51:29
PRL,2016-05-31,44.65,44.95,43.6,43.93,633500,psxdata,2026-05-11T12:51:29
PRL,2016-06-01,44.2,44.95,44.17,44.7,824500,psxdata,2026-05-11T12:51:29
PRL,2016-06-02,44.85,45.33,44.65,44.72,806000,psxdata,2026-05-11T12:51:29
PRL,2016-06-03,45.05,45.11,43.91,44.08,1196500,psxdata,2026-05-11T12:51:29
PRL,2016-06-06,44.4,44.99,43.7,44.65,986500,psxdata,2026-05-11T12:51:29
PRL,2016-06-07,44.7,44.74,43.95,44.02,960500,psxdata,2026-05-11T12:51:29
PRL,2016-06-08,44.3,44.3,43.8,43.96,482000,psxdata,2026-05-11T12:51:29
PRL,2016-06-09,44.26,45.15,44.2,44.55,1552000,psxdata,2026-05-11T12:51:29
PRL,2016-06-10,44.75,44.8,43.8,43.89,769000,psxdata,2026-05-11T12:51:29
PRL,2016-06-13,43.85,43.85,42.5,42.67,820500,psxdata,2026-05-11T12:51:29
PRL,2016-06-14,42.98,43.5,42.79,42.96,677000,psxdata,2026-05-11T12:51:29
PRL,2016-06-15,43.8,43.8,42.8,42.9,1177000,psxdata,2026-05-11T12:51:29
PRL,2016-06-16,42.99,43.65,42.99,43.11,581500,psxdata,2026-05-11T12:51:29
PRL,2016-06-17,43.38,43.5,42.76,42.86,716500,psxdata,2026-05-11T12:51:29
PRL,2016-06-20,43.45,43.49,42.86,43.27,857000,psxdata,2026-05-11T12:51:29
PRL,2016-06-21,43.39,43.39,42.8,42.83,326000,psxdata,2026-05-11T12:51:29
PRL,2016-06-22,42.85,43.19,42.4,42.55,330500,psxdata,2026-05-11T12:51:29
PRL,2016-06-23,42.55,42.95,42.55,42.64,291500,psxdata,2026-05-11T12:51:29
PRL,2016-06-24,42.52,42.52,40.51,40.72,1115500,psxdata,2026-05-11T12:51:29
PRL,2016-06-27,41.49,41.49,40.3,40.49,609500,psxdata,2026-05-11T12:51:29
PRL,2016-06-28,40.55,40.8,40.01,40.26,588000,psxdata,2026-05-11T12:51:29
PRL,2016-06-29,40.35,41.69,40.35,41.47,489500,psxdata,2026-05-11T12:51:29
PRL,2016-06-30,41.41,41.95,41.07,41.18,285500,psxdata,2026-05-11T12:51:29
PRL,2016-07-04,41.0,41.99,40.9,41.84,443000,psxdata,2026-05-11T12:51:29
PRL,2016-07-11,42.0,43.93,41.75,43.41,1253000,psxdata,2026-05-11T12:51:29
PRL,2016-07-12,44.1,45.58,44.1,45.55,7044500,psxdata,2026-05-11T12:51:29
PRL,2016-07-13,46.0,46.94,45.2,45.43,6780000,psxdata,2026-05-11T12:51:29
PRL,2016-07-14,45.5,46.7,45.33,46.35,4429500,psxdata,2026-05-11T12:51:29
PRL,2016-07-15,46.34,46.4,45.5,45.61,2029500,psxdata,2026-05-11T12:51:29
PRL,2016-07-18,45.9,46.08,45.45,45.82,1516500,psxdata,2026-05-11T12:51:29
PRL,2016-07-19,46.21,46.44,45.5,45.63,1611000,psxdata,2026-05-11T12:51:29
PRL,2016-07-20,45.85,46.05,45.25,45.37,904500,psxdata,2026-05-11T12:51:29
PRL,2016-07-21,45.56,46.0,45.25,45.56,1007500,psxdata,2026-05-11T12:51:29
PRL,2016-07-22,45.72,47.48,45.0,47.25,5784000,psxdata,2026-05-11T12:51:29
PRL,2016-07-25,47.84,49.3,47.3,48.7,10531000,psxdata,2026-05-11T12:51:29
PRL,2016-07-26,49.09,49.7,48.2,48.42,8180500,psxdata,2026-05-11T12:51:29
PRL,2016-07-27,48.5,48.7,47.1,47.27,2316000,psxdata,2026-05-11T12:51:29
PRL,2016-07-28,47.31,47.9,46.3,46.6,1512500,psxdata,2026-05-11T12:51:29
PRL,2016-07-29,46.69,47.05,46.11,46.68,587500,psxdata,2026-05-11T12:51:29
PRL,2016-08-01,46.75,48.75,46.6,47.89,2852000,psxdata,2026-05-11T12:51:29
PRL,2016-08-02,47.71,48.3,47.51,47.6,1282000,psxdata,2026-05-11T12:51:29
PRL,2016-08-03,47.7,48.1,47.0,47.12,1396500,psxdata,2026-05-11T12:51:29
PRL,2016-08-04,47.4,47.6,46.7,46.84,1081000,psxdata,2026-05-11T12:51:29
PRL,2016-08-05,47.0,47.24,46.0,46.28,881000,psxdata,2026-05-11T12:51:29
PRL,2016-08-08,46.4,46.75,46.07,46.37,608000,psxdata,2026-05-11T12:51:29
PRL,2016-08-09,46.38,47.09,46.36,46.4,429500,psxdata,2026-05-11T12:51:29
PRL,2016-08-10,46.43,47.97,46.4,47.27,2832000,psxdata,2026-05-11T12:51:29
PRL,2016-08-11,47.35,47.55,46.3,46.51,968000,psxdata,2026-05-11T12:51:29
PRL,2016-08-12,46.73,47.25,46.41,46.54,1285500,psxdata,2026-05-11T12:51:29
PRL,2016-08-15,46.8,47.37,46.5,46.57,1250500,psxdata,2026-05-11T12:51:29
PRL,2016-08-16,46.7,47.6,46.7,46.9,3031500,psxdata,2026-05-11T12:51:29
PRL,2016-08-17,47.1,47.45,46.95,47.18,1280500,psxdata,2026-05-11T12:51:29
PRL,2016-08-18,47.3,47.89,46.7,46.78,2017000,psxdata,2026-05-11T12:51:29
PRL,2016-08-19,47.0,47.5,46.5,46.7,1501500,psxdata,2026-05-11T12:51:29
PRL,2016-08-22,46.85,46.9,45.9,46.13,1020000,psxdata,2026-05-11T12:51:29
PRL,2016-08-23,44.9,44.99,43.83,43.83,4460500,psxdata,2026-05-11T12:51:29
PRL,2016-08-24,43.52,43.8,43.01,43.1,1003500,psxdata,2026-05-11T12:51:29
PRL,2016-08-25,43.35,43.72,43.0,43.49,1016500,psxdata,2026-05-11T12:51:29
PRL,2016-08-26,43.55,44.6,43.55,44.06,1840500,psxdata,2026-05-11T12:51:29
PRL,2016-08-29,44.25,44.4,43.95,44.05,1084500,psxdata,2026-05-11T12:51:29
PRL,2016-08-30,44.2,44.3,43.6,43.76,585000,psxdata,2026-05-11T12:51:29
PRL,2016-08-31,43.9,44.14,43.55,43.73,506000,psxdata,2026-05-11T12:51:29
PRL,2016-09-01,43.75,43.83,43.2,43.32,634500,psxdata,2026-05-11T12:51:29
PRL,2016-09-02,43.4,43.59,43.01,43.07,546000,psxdata,2026-05-11T12:51:29
PRL,2016-09-05,43.26,43.6,42.5,43.09,849000,psxdata,2026-05-11T12:51:29
PRL,2016-09-06,42.84,43.5,42.84,43.14,329500,psxdata,2026-05-11T12:51:29
PRL,2016-09-07,43.29,43.66,43.08,43.44,1232500,psxdata,2026-05-11T12:51:29
PRL,2016-09-08,43.61,43.69,43.01,43.12,558000,psxdata,2026-05-11T12:51:29
PRL,2016-09-09,43.1,44.2,43.1,43.51,1619000,psxdata,2026-05-11T12:51:29
PRL,2016-09-15,43.31,43.5,42.99,43.19,565500,psxdata,2026-05-11T12:51:29
PRL,2016-09-16,43.2,44.02,43.15,43.32,1130000,psxdata,2026-05-11T12:51:29
PRL,2016-09-19,43.5,43.95,43.5,43.68,1090500,psxdata,2026-05-11T12:51:29
PRL,2016-09-20,43.94,45.86,43.88,45.81,6629000,psxdata,2026-05-11T12:51:29
PRL,2016-09-21,46.1,46.49,43.85,43.99,3600500,psxdata,2026-05-11T12:51:29
PRL,2016-09-22,44.6,44.87,44.12,44.21,1134500,psxdata,2026-05-11T12:51:29
PRL,2016-09-23,44.5,44.5,42.95,43.06,935000,psxdata,2026-05-11T12:51:29
PRL,2016-09-26,43.45,43.99,43.4,43.67,828000,psxdata,2026-05-11T12:51:29
PRL,2016-09-27,43.95,45.4,43.55,45.22,2768000,psxdata,2026-05-11T12:51:29
PRL,2016-09-28,45.4,45.65,44.16,44.35,1700000,psxdata,2026-05-11T12:51:29
PRL,2016-09-29,45.25,45.25,44.11,44.3,2480500,psxdata,2026-05-11T12:51:29
PRL,2016-09-30,44.59,45.1,44.31,44.68,612000,psxdata,2026-05-11T12:51:29
PRL,2016-10-03,45.4,45.79,45.0,45.56,2824000,psxdata,2026-05-11T12:51:29
PRL,2016-10-04,45.78,46.1,45.0,45.03,1382000,psxdata,2026-05-11T12:51:29
PRL,2016-10-05,45.2,46.44,44.75,45.76,2663000,psxdata,2026-05-11T12:51:29
PRL,2016-10-06,45.92,46.2,45.01,45.17,1058000,psxdata,2026-05-11T12:51:29
PRL,2016-10-07,45.25,45.9,45.02,45.12,973500,psxdata,2026-05-11T12:51:29
PRL,2016-10-10,45.2,45.6,44.99,45.1,777500,psxdata,2026-05-11T12:51:29
PRL,2016-10-13,45.33,45.53,44.36,44.54,933000,psxdata,2026-05-11T12:51:29
PRL,2016-10-14,44.5,45.1,44.35,44.52,1470000,psxdata,2026-05-11T12:51:29
PRL,2016-10-17,45.0,45.9,44.75,44.88,2113000,psxdata,2026-05-11T12:51:29
PRL,2016-10-18,45.05,45.1,44.01,44.31,573500,psxdata,2026-05-11T12:51:29
PRL,2016-10-19,44.59,44.75,43.9,44.57,571500,psxdata,2026-05-11T12:51:29
PRL,2016-10-20,44.6,45.09,44.5,44.74,1093500,psxdata,2026-05-11T12:51:29
PRL,2016-10-21,44.3,44.7,44.2,44.28,905500,psxdata,2026-05-11T12:51:29
PRL,2016-10-24,44.2,44.36,43.51,43.78,571000,psxdata,2026-05-11T12:51:29
PRL,2016-10-25,43.21,43.21,42.6,42.81,586500,psxdata,2026-05-11T12:51:29
PRL,2016-10-26,43.06,43.1,42.05,42.57,317500,psxdata,2026-05-11T12:51:29
PRL,2016-10-27,42.16,42.5,40.45,40.5,781500,psxdata,2026-05-11T12:51:29
PRL,2016-10-28,40.02,40.5,39.02,40.15,461500,psxdata,2026-05-11T12:51:29
PRL,2016-10-31,40.16,40.45,39.65,40.13,351500,psxdata,2026-05-11T12:51:29
PRL,2016-11-01,39.99,42.13,39.99,42.13,957500,psxdata,2026-05-11T12:51:29
PRL,2016-11-02,42.6,44.01,42.0,43.06,1640000,psxdata,2026-05-11T12:51:29
PRL,2016-11-03,43.0,43.77,42.5,42.96,1027000,psxdata,2026-05-11T12:51:29
PRL,2016-11-04,43.0,43.25,42.0,42.19,948000,psxdata,2026-05-11T12:51:29
PRL,2016-11-07,42.35,43.44,42.17,42.92,1976500,psxdata,2026-05-11T12:51:29
PRL,2016-11-08,43.3,43.39,42.5,42.64,1109500,psxdata,2026-05-11T12:51:29
PRL,2016-11-09,42.05,42.7,41.9,42.53,752500,psxdata,2026-05-11T12:51:29
PRL,2016-11-10,42.56,42.98,42.5,42.75,601000,psxdata,2026-05-11T12:51:29
PRL,2016-11-11,42.62,42.8,42.4,42.48,389000,psxdata,2026-05-11T12:51:29
PRL,2016-11-14,42.45,42.75,42.21,42.32,229500,psxdata,2026-05-11T12:51:29
PRL,2016-11-15,42.42,42.43,42.0,42.13,340000,psxdata,2026-05-11T12:51:29
PRL,2016-11-16,42.23,42.4,42.1,42.24,509000,psxdata,2026-05-11T12:51:29
PRL,2016-11-17,42.21,42.29,41.86,41.93,770000,psxdata,2026-05-11T12:51:29
PRL,2016-11-18,42.01,42.06,41.78,41.9,276500,psxdata,2026-05-11T12:51:29
PRL,2016-11-21,42.19,42.77,42.0,42.29,653500,psxdata,2026-05-11T12:51:29
PRL,2016-11-22,42.48,44.4,42.48,44.4,3194000,psxdata,2026-05-11T12:51:29
PRL,2016-11-23,45.5,46.0,43.95,44.12,4959500,psxdata,2026-05-11T12:51:29
PRL,2016-11-24,44.45,44.45,43.1,43.25,825500,psxdata,2026-05-11T12:51:29
PRL,2016-11-25,43.11,43.97,42.95,43.29,800500,psxdata,2026-05-11T12:51:29
PRL,2016-11-28,43.55,44.5,43.2,43.77,1360500,psxdata,2026-05-11T12:51:29
PRL,2016-11-29,43.87,44.1,43.2,43.31,636000,psxdata,2026-05-11T12:51:29
PRL,2016-11-30,43.3,43.5,43.0,43.07,491500,psxdata,2026-05-11T12:51:29
PRL,2016-12-01,44.2,44.25,43.26,43.37,1229000,psxdata,2026-05-11T12:51:29
PRL,2016-12-02,43.5,43.74,43.01,43.58,889500,psxdata,2026-05-11T12:51:29
PRL,2016-12-05,43.6,44.55,43.5,44.17,1330500,psxdata,2026-05-11T12:51:29
PRL,2016-12-06,44.02,44.25,43.6,43.74,498500,psxdata,2026-05-11T12:51:29
PRL,2016-12-07,43.62,43.85,43.11,43.17,630500,psxdata,2026-05-11T12:51:29
PRL,2016-12-08,43.25,43.34,43.0,43.03,287000,psxdata,2026-05-11T12:51:29
PRL,2016-12-09,43.15,43.74,43.05,43.17,651000,psxdata,2026-05-11T12:51:29
PRL,2016-12-13,43.85,44.24,43.52,43.74,1139000,psxdata,2026-05-11T12:51:29
PRL,2016-12-14,44.8,45.0,43.8,44.43,2866500,psxdata,2026-05-11T12:51:29
PRL,2016-12-15,44.5,44.5,43.7,43.79,920500,psxdata,2026-05-11T12:51:29
PRL,2016-12-16,44.0,44.49,43.55,44.28,1179000,psxdata,2026-05-11T12:51:29
PRL,2016-12-19,44.5,44.8,44.17,44.63,1369000,psxdata,2026-05-11T12:51:29
PRL,2016-12-20,44.75,44.99,44.3,44.45,1376000,psxdata,2026-05-11T12:51:29
PRL,2016-12-21,44.5,46.67,44.5,46.53,11570500,psxdata,2026-05-11T12:51:29
PRL,2016-12-22,46.47,46.7,44.21,44.47,3921500,psxdata,2026-05-11T12:51:29
PRL,2016-12-23,44.7,44.95,44.31,44.64,906000,psxdata,2026-05-11T12:51:29
PRL,2016-12-26,44.51,44.85,44.35,44.39,294000,psxdata,2026-05-11T12:51:29
PRL,2016-12-27,44.35,44.55,44.11,44.23,460500,psxdata,2026-05-11T12:51:29
PRL,2016-12-28,44.3,44.6,43.65,43.74,1083000,psxdata,2026-05-11T12:51:29
PRL,2016-12-29,43.99,44.0,43.48,43.64,946000,psxdata,2026-05-11T12:51:29
PRL,2016-12-30,43.8,44.05,43.5,43.63,835000,psxdata,2026-05-11T12:51:29
PRL,2017-01-02,43.88,44.2,43.61,43.71,782500,psxdata,2026-05-11T12:51:29
PRL,2017-01-03,43.75,44.6,43.3,44.03,1476500,psxdata,2026-05-11T12:51:29
PRL,2017-01-04,44.2,44.97,44.1,44.17,1573000,psxdata,2026-05-11T12:51:29
PRL,2017-01-05,44.5,44.78,44.3,44.43,987500,psxdata,2026-05-11T12:51:29
PRL,2017-01-06,44.5,44.6,44.2,44.3,552000,psxdata,2026-05-11T12:51:29
PRL,2017-01-09,44.35,44.79,44.25,44.47,1145500,psxdata,2026-05-11T12:51:29
PRL,2017-01-10,44.69,44.75,44.3,44.53,909500,psxdata,2026-05-11T12:51:29
PRL,2017-01-11,44.74,45.4,44.44,44.52,1113000,psxdata,2026-05-11T12:51:29
PRL,2017-01-12,44.74,44.75,44.2,44.26,606500,psxdata,2026-05-11T12:51:29
PRL,2017-01-13,44.44,46.15,44.23,45.43,6078000,psxdata,2026-05-11T12:51:29
PRL,2017-01-16,45.59,46.88,45.15,46.33,4061000,psxdata,2026-05-11T12:51:29
PRL,2017-01-17,46.5,47.25,45.51,46.24,3350500,psxdata,2026-05-11T12:51:29
PRL,2017-01-18,46.1,46.79,45.1,45.41,2653000,psxdata,2026-05-11T12:51:29
PRL,2017-01-19,45.51,45.79,45.11,45.33,1390000,psxdata,2026-05-11T12:51:29
PRL,2017-01-20,45.59,45.75,45.03,45.17,1185500,psxdata,2026-05-11T12:51:29
PRL,2017-01-23,45.47,45.65,45.15,45.3,927500,psxdata,2026-05-11T12:51:29
PRL,2017-01-24,45.5,45.59,45.05,45.14,866500,psxdata,2026-05-11T12:51:29
PRL,2017-01-25,45.25,45.99,44.85,45.3,1488000,psxdata,2026-05-11T12:51:29
PRL,2017-01-26,45.48,45.7,45.1,45.12,609000,psxdata,2026-05-11T12:51:29
PRL,2017-01-27,45.4,45.5,43.7,43.81,2026000,psxdata,2026-05-11T12:51:29
PRL,2017-01-30,44.14,44.4,42.8,43.0,1351000,psxdata,2026-05-11T12:51:29
PRL,2017-01-31,42.81,43.4,42.5,42.78,711000,psxdata,2026-05-11T12:51:29
PRL,2017-02-01,43.01,43.8,43.0,43.69,679000,psxdata,2026-05-11T12:51:29
PRL,2017-02-02,43.75,44.4,43.4,43.51,838500,psxdata,2026-05-11T12:51:29
PRL,2017-02-03,43.31,43.6,42.8,42.88,558500,psxdata,2026-05-11T12:51:29
PRL,2017-02-06,43.0,43.4,42.89,43.05,580000,psxdata,2026-05-11T12:51:29
PRL,2017-02-07,43.05,43.6,43.0,43.25,733500,psxdata,2026-05-11T12:51:29
PRL,2017-02-08,43.26,44.7,43.25,43.81,2351000,psxdata,2026-05-11T12:51:29
PRL,2017-02-09,44.49,46.0,44.2,45.4,6627500,psxdata,2026-05-11T12:51:29
PRL,2017-02-10,44.94,44.94,43.9,44.01,3190000,psxdata,2026-05-11T12:51:29
PRL,2017-02-13,44.27,44.27,43.11,43.52,1074500,psxdata,2026-05-11T12:51:29
PRL,2017-02-14,43.5,43.5,42.9,42.99,1088000,psxdata,2026-05-11T12:51:29
PRL,2017-02-15,43.25,43.39,42.0,42.39,1157500,psxdata,2026-05-11T12:51:29
PRL,2017-02-16,42.4,42.9,42.35,42.74,529500,psxdata,2026-05-11T12:51:29
PRL,2017-02-17,42.78,42.78,42.11,42.22,556000,psxdata,2026-05-11T12:51:29
PRL,2017-02-20,42.31,42.6,42.01,42.1,380500,psxdata,2026-05-11T12:51:29
PRL,2017-02-21,42.25,42.37,42.0,42.02,405000,psxdata,2026-05-11T12:51:29
PRL,2017-02-22,42.25,42.3,41.02,41.47,441500,psxdata,2026-05-11T12:51:29
PRL,2017-02-23,41.6,41.65,40.51,41.26,422500,psxdata,2026-05-11T12:51:29
PRL,2017-02-24,41.48,41.84,41.2,41.48,377500,psxdata,2026-05-11T12:51:29
PRL,2017-02-27,41.89,43.32,41.0,42.45,1151500,psxdata,2026-05-11T12:51:29
PRL,2017-02-28,42.07,42.84,41.9,42.59,865000,psxdata,2026-05-11T12:51:29
PRL,2017-03-01,42.65,44.71,42.65,44.71,3817500,psxdata,2026-05-11T12:51:29
PRL,2017-03-02,45.16,46.94,45.16,46.94,2972000,psxdata,2026-05-11T12:51:29
PRL,2017-03-03,49.28,49.28,49.28,49.28,536000,psxdata,2026-05-11T12:51:29
PRL,2017-03-06,51.74,51.74,51.74,51.74,325500,psxdata,2026-05-11T12:51:29
PRL,2017-03-07,54.32,54.32,52.18,54.32,12292500,psxdata,2026-05-11T12:51:29
PRL,2017-03-08,55.0,57.03,55.0,57.03,2694500,psxdata,2026-05-11T12:51:29
PRL,2017-03-09,57.99,59.88,57.99,59.88,4666000,psxdata,2026-05-11T12:51:29
PRL,2017-03-10,59.4,62.87,59.25,62.87,3541000,psxdata,2026-05-11T12:51:29
PRL,2017-03-13,65.0,66.0,59.73,59.73,9988000,psxdata,2026-05-11T12:51:29
PRL,2017-03-14,59.0,59.99,56.75,59.18,7680000,psxdata,2026-05-11T12:51:29
PRL,2017-03-15,59.5,61.38,56.55,58.09,8801000,psxdata,2026-05-11T12:51:29
PRL,2017-03-16,59.0,60.0,57.6,59.49,3467000,psxdata,2026-05-11T12:51:29
PRL,2017-03-17,60.0,61.0,59.21,59.78,2355500,psxdata,2026-05-11T12:51:29
PRL,2017-03-20,59.99,62.76,59.9,62.72,6243000,psxdata,2026-05-11T12:51:29
PRL,2017-03-21,63.0,65.85,62.75,64.71,10266000,psxdata,2026-05-11T12:51:29
PRL,2017-03-22,65.2,67.94,65.0,67.94,6839000,psxdata,2026-05-11T12:51:29
PRL,2017-03-24,70.0,71.33,68.75,71.25,7982000,psxdata,2026-05-11T12:51:29
PRL,2017-03-27,72.1,74.7,71.3,73.69,6241500,psxdata,2026-05-11T12:51:29
PRL,2017-03-28,73.26,77.37,73.26,77.37,5991500,psxdata,2026-05-11T12:51:29
PRL,2017-03-29,79.95,81.23,74.0,79.08,12127000,psxdata,2026-05-11T12:51:29
PRL,2017-03-30,81.5,82.2,80.35,81.45,5589500,psxdata,2026-05-11T12:51:29
PRL,2017-03-31,81.11,81.5,77.38,79.7,6450000,psxdata,2026-05-11T12:51:29
PRL,2017-04-03,78.6,79.55,75.72,75.77,2997000,psxdata,2026-05-11T12:51:29
PRL,2017-04-04,75.99,75.99,73.0,73.39,2404500,psxdata,2026-05-11T12:51:29
PRL,2017-04-05,73.9,75.78,70.85,74.66,4984500,psxdata,2026-05-11T12:51:29
PRL,2017-04-06,74.9,75.24,71.66,72.75,1408000,psxdata,2026-05-11T12:51:29
PRL,2017-04-07,72.25,73.99,70.01,73.12,2766500,psxdata,2026-05-11T12:51:29
PRL,2017-04-10,72.21,73.92,71.75,72.36,2370500,psxdata,2026-05-11T12:51:29
PRL,2017-04-11,72.88,73.3,71.11,72.0,1035000,psxdata,2026-05-11T12:51:29
PRL,2017-04-12,72.5,74.85,72.3,74.1,2684500,psxdata,2026-05-11T12:51:29
PRL,2017-04-13,74.5,76.0,72.03,72.98,2770500,psxdata,2026-05-11T12:51:29
PRL,2017-04-14,73.11,73.8,71.0,71.22,929500,psxdata,2026-05-11T12:51:29
PRL,2017-04-17,72.39,72.39,67.66,68.71,739000,psxdata,2026-05-11T12:51:29
PRL,2017-04-18,68.99,70.5,65.5,66.23,1089500,psxdata,2026-05-11T12:51:29
PRL,2017-04-19,62.92,65.0,62.92,64.36,2540000,psxdata,2026-05-11T12:51:29
PRL,2017-04-20,64.0,67.57,63.0,67.35,2566000,psxdata,2026-05-11T12:51:29
PRL,2017-04-21,68.45,70.71,68.45,70.71,3519500,psxdata,2026-05-11T12:51:29
PRL,2017-04-24,71.66,73.25,70.5,72.52,3120500,psxdata,2026-05-11T12:51:29
PRL,2017-04-25,73.0,73.47,70.31,71.01,1801500,psxdata,2026-05-11T12:51:29
PRL,2017-04-26,71.0,72.8,70.05,71.15,1243000,psxdata,2026-05-11T12:51:29
PRL,2017-04-27,71.3,71.94,70.5,70.61,549000,psxdata,2026-05-11T12:51:29
PRL,2017-04-28,70.7,71.25,69.65,70.31,713000,psxdata,2026-05-11T12:51:29
PRL,2017-05-02,70.0,70.0,66.9,67.42,789000,psxdata,2026-05-11T12:51:29
PRL,2017-05-03,68.0,68.5,66.55,67.01,567000,psxdata,2026-05-11T12:51:29
PRL,2017-05-04,67.8,68.98,67.0,67.53,844000,psxdata,2026-05-11T12:51:29
PRL,2017-05-05,67.9,68.95,67.2,67.83,982000,psxdata,2026-05-11T12:51:29
PRL,2017-05-08,67.7,69.79,67.61,68.15,1182500,psxdata,2026-05-11T12:51:29
PRL,2017-05-09,68.5,71.55,67.63,71.55,4255000,psxdata,2026-05-11T12:51:29
PRL,2017-05-10,72.0,75.12,70.61,75.12,5433500,psxdata,2026-05-11T12:51:29
PRL,2017-05-11,78.0,78.87,76.89,78.41,9039000,psxdata,2026-05-11T12:51:29
PRL,2017-05-12,79.0,82.0,76.5,79.95,8122500,psxdata,2026-05-11T12:51:29
PRL,2017-05-15,81.4,82.0,79.31,80.2,2862500,psxdata,2026-05-11T12:51:29
PRL,2017-05-16,80.49,80.75,76.19,77.22,1679500,psxdata,2026-05-11T12:51:29
PRL,2017-05-17,76.05,77.1,74.15,74.91,2054000,psxdata,2026-05-11T12:51:29
PRL,2017-05-18,75.51,78.65,71.17,71.31,8770500,psxdata,2026-05-11T12:51:29
PRL,2017-05-19,70.49,71.91,68.1,68.8,4138000,psxdata,2026-05-11T12:51:29
PRL,2017-05-22,70.0,71.45,69.37,70.1,2148500,psxdata,2026-05-11T12:51:29
PRL,2017-05-23,70.75,70.85,69.1,69.38,1519500,psxdata,2026-05-11T12:51:29
PRL,2017-05-24,69.52,70.62,68.85,69.11,1334000,psxdata,2026-05-11T12:51:29
PRL,2017-05-25,69.5,69.6,68.0,68.22,494500,psxdata,2026-05-11T12:51:29
PRL,2017-05-26,68.22,70.5,67.21,69.19,1330500,psxdata,2026-05-11T12:51:29
PRL,2017-05-29,68.1,68.48,66.8,67.31,468500,psxdata,2026-05-11T12:51:29
PRL,2017-05-30,67.7,67.95,64.0,65.58,788000,psxdata,2026-05-11T12:51:29
PRL,2017-05-31,65.98,67.25,65.01,66.35,444500,psxdata,2026-05-11T12:51:29
PRL,2017-06-01,67.2,67.2,63.04,63.38,636500,psxdata,2026-05-11T12:51:29
PRL,2017-06-02,62.0,63.5,60.51,62.63,479000,psxdata,2026-05-11T12:51:29
PRL,2017-06-05,62.85,65.76,62.85,65.76,493500,psxdata,2026-05-11T12:51:29
PRL,2017-06-06,66.2,66.94,65.16,66.31,322500,psxdata,2026-05-11T12:51:29
PRL,2017-06-07,66.8,67.89,65.55,65.91,647000,psxdata,2026-05-11T12:51:29
PRL,2017-06-08,65.9,67.0,65.01,65.45,425000,psxdata,2026-05-11T12:51:29
PRL,2017-06-09,64.0,65.25,63.21,63.96,234500,psxdata,2026-05-11T12:51:29
PRL,2017-06-12,62.0,62.5,60.77,60.77,345500,psxdata,2026-05-11T12:51:29
PRL,2017-06-13,59.0,62.0,58.0,60.56,615500,psxdata,2026-05-11T12:51:29
PRL,2017-06-14,61.0,61.9,57.54,57.77,489000,psxdata,2026-05-11T12:51:29
PRL,2017-06-15,57.0,59.5,55.1,58.3,621500,psxdata,2026-05-11T12:51:29
PRL,2017-06-16,59.89,59.89,56.7,57.24,172000,psxdata,2026-05-11T12:51:29
PRL,2017-06-19,57.7,58.4,56.6,56.85,141000,psxdata,2026-05-11T12:51:29
PRL,2017-06-20,56.5,57.0,54.01,54.01,406500,psxdata,2026-05-11T12:51:29
PRL,2017-06-21,52.02,53.9,51.31,52.28,951500,psxdata,2026-05-11T12:51:29
PRL,2017-06-22,53.3,53.6,51.51,52.95,807000,psxdata,2026-05-11T12:51:29
PRL,2017-06-29,52.51,53.0,50.31,50.73,387500,psxdata,2026-05-11T12:51:29
PRL,2017-06-30,49.31,53.26,49.31,53.26,1579000,psxdata,2026-05-11T12:51:29
PRL,2017-07-03,52.3,52.3,50.6,50.63,576500,psxdata,2026-05-11T12:51:29
PRL,2017-07-04,49.6,51.7,49.41,50.95,1057500,psxdata,2026-05-11T12:51:29
PRL,2017-07-05,51.06,52.4,49.7,49.93,935000,psxdata,2026-05-11T12:51:29
PRL,2017-07-06,50.0,50.6,47.44,47.45,893500,psxdata,2026-05-11T12:51:29
PRL,2017-07-07,47.94,49.81,47.47,49.35,806000,psxdata,2026-05-11T12:51:29
PRL,2017-07-10,48.5,51.81,47.9,51.64,1254500,psxdata,2026-05-11T12:51:29
PRL,2017-07-11,49.6,49.99,49.06,49.06,446500,psxdata,2026-05-11T12:51:29
PRL,2017-07-12,48.26,49.78,47.3,49.4,559500,psxdata,2026-05-11T12:51:29
PRL,2017-07-13,49.9,50.67,48.55,49.27,426000,psxdata,2026-05-11T12:51:29
PRL,2017-07-14,50.0,50.35,49.0,49.5,181500,psxdata,2026-05-11T12:51:29
PRL,2017-07-17,48.3,50.2,48.3,49.71,196500,psxdata,2026-05-11T12:51:29
PRL,2017-07-18,49.51,52.1,49.5,51.93,1336000,psxdata,2026-05-11T12:51:29
PRL,2017-07-19,52.11,52.89,51.1,51.32,896000,psxdata,2026-05-11T12:51:29
PRL,2017-07-20,52.2,52.7,50.1,50.57,814000,psxdata,2026-05-11T12:51:29
PRL,2017-07-21,49.98,51.65,49.8,51.04,349500,psxdata,2026-05-11T12:51:29
PRL,2017-07-24,51.5,51.74,51.15,51.32,180000,psxdata,2026-05-11T12:51:29
PRL,2017-07-25,51.38,52.75,51.38,52.22,733500,psxdata,2026-05-11T12:51:29
PRL,2017-07-26,52.59,52.99,51.6,51.91,278500,psxdata,2026-05-11T12:51:29
PRL,2017-07-27,51.51,52.4,51.2,51.46,238500,psxdata,2026-05-11T12:51:29
PRL,2017-07-28,49.01,52.2,48.89,51.83,1174500,psxdata,2026-05-11T12:51:29
PRL,2017-07-31,52.8,53.95,52.61,52.91,1150500,psxdata,2026-05-11T12:51:29
PRL,2017-08-01,53.35,53.5,52.3,52.98,2389000,psxdata,2026-05-11T12:51:29
PRL,2017-08-02,53.03,55.62,52.6,55.62,5116000,psxdata,2026-05-11T12:51:29
PRL,2017-08-03,57.4,58.4,57.1,58.4,4494500,psxdata,2026-05-11T12:51:29
PRL,2017-08-04,59.01,60.0,55.7,56.34,5553000,psxdata,2026-05-11T12:51:29
PRL,2017-08-07,56.8,57.0,54.02,54.68,1501000,psxdata,2026-05-11T12:51:29
PRL,2017-08-08,54.9,56.79,53.9,54.68,1850500,psxdata,2026-05-11T12:51:29
PRL,2017-08-09,55.29,57.41,55.0,57.41,2726000,psxdata,2026-05-11T12:51:29
PRL,2017-08-10,57.95,60.28,57.55,58.97,8596500,psxdata,2026-05-11T12:51:29
PRL,2017-08-11,59.0,60.35,57.7,58.37,3929500,psxdata,2026-05-11T12:51:29
PRL,2017-08-15,58.75,58.79,55.46,55.46,1331000,psxdata,2026-05-11T12:51:29
PRL,2017-08-16,54.75,56.3,53.8,55.7,2113000,psxdata,2026-05-11T12:51:29
PRL,2017-08-17,56.28,56.28,54.05,54.26,1261500,psxdata,2026-05-11T12:51:29
PRL,2017-08-18,54.1,54.89,51.55,53.4,1852000,psxdata,2026-05-11T12:51:29
PRL,2017-08-21,53.99,53.99,50.73,50.76,880500,psxdata,2026-05-11T12:51:29
PRL,2017-08-22,49.21,51.15,48.25,49.68,898000,psxdata,2026-05-11T12:51:29
PRL,2017-08-23,49.62,52.16,49.62,52.16,1235500,psxdata,2026-05-11T12:51:29
PRL,2017-08-24,53.11,53.2,49.56,49.94,1576000,psxdata,2026-05-11T12:51:29
PRL,2017-08-25,50.0,51.98,49.3,51.47,922000,psxdata,2026-05-11T12:51:29
PRL,2017-08-28,51.2,52.0,49.0,49.29,746000,psxdata,2026-05-11T12:51:29
PRL,2017-08-29,48.8,49.8,47.5,48.17,541500,psxdata,2026-05-11T12:51:29
PRL,2017-08-30,48.5,49.75,48.2,48.89,787500,psxdata,2026-05-11T12:51:29
PRL,2017-08-31,49.01,49.6,48.1,49.37,173500,psxdata,2026-05-11T12:51:29
PRL,2017-09-05,50.01,51.15,49.65,50.99,685500,psxdata,2026-05-11T12:51:29
PRL,2017-09-06,51.5,51.88,48.99,49.37,925000,psxdata,2026-05-11T12:51:29
PRL,2017-09-07,49.7,51.83,47.55,51.83,1030500,psxdata,2026-05-11T12:51:29
PRL,2017-09-08,53.5,54.42,53.34,54.17,2839500,psxdata,2026-05-11T12:51:29
PRL,2017-09-11,54.47,54.5,51.47,52.43,1419000,psxdata,2026-05-11T12:51:29
PRL,2017-09-12,52.49,52.69,51.4,52.0,382500,psxdata,2026-05-11T12:51:29
PRL,2017-09-13,50.15,51.19,49.7,50.45,2311500,psxdata,2026-05-11T12:51:29
PRL,2017-09-14,50.15,51.5,50.11,50.58,999000,psxdata,2026-05-11T12:51:29
PRL,2017-09-15,50.5,51.19,49.51,49.78,527000,psxdata,2026-05-11T12:51:29
PRL,2017-09-18,50.02,50.2,49.55,49.85,131500,psxdata,2026-05-11T12:51:29
PRL,2017-09-19,50.0,51.1,49.8,50.43,780500,psxdata,2026-05-11T12:51:29
PRL,2017-09-20,50.5,51.4,50.12,50.61,642500,psxdata,2026-05-11T12:51:29
PRL,2017-09-21,50.51,50.7,49.7,49.87,269000,psxdata,2026-05-11T12:51:29
PRL,2017-09-22,50.0,50.0,49.26,49.44,266000,psxdata,2026-05-11T12:51:29
PRL,2017-09-25,49.74,49.74,47.99,48.27,567500,psxdata,2026-05-11T12:51:29
PRL,2017-09-26,48.94,49.24,47.8,47.93,361500,psxdata,2026-05-11T12:51:29
PRL,2017-09-27,47.55,48.39,46.95,47.28,241500,psxdata,2026-05-11T12:51:29
PRL,2017-09-28,47.99,48.15,47.3,47.88,162000,psxdata,2026-05-11T12:51:29
PRL,2017-09-29,47.55,48.35,47.25,47.48,244000,psxdata,2026-05-11T12:51:29
PRL,2017-10-02,47.65,47.95,46.95,47.03,217500,psxdata,2026-05-11T12:51:29
PRL,2017-10-03,47.35,47.35,45.8,46.15,336500,psxdata,2026-05-11T12:51:29
PRL,2017-10-04,45.6,46.25,43.95,44.21,462000,psxdata,2026-05-11T12:51:29
PRL,2017-10-05,44.8,45.0,42.32,42.94,627500,psxdata,2026-05-11T12:51:29
PRL,2017-10-06,42.65,44.7,42.65,44.42,553500,psxdata,2026-05-11T12:51:29
PRL,2017-10-09,44.2,44.5,43.1,43.52,191000,psxdata,2026-05-11T12:51:29
PRL,2017-10-10,43.5,43.5,41.8,42.52,333500,psxdata,2026-05-11T12:51:29
PRL,2017-10-11,42.5,43.38,42.45,42.62,231500,psxdata,2026-05-11T12:51:29
PRL,2017-10-12,42.99,42.99,40.65,41.26,287000,psxdata,2026-05-11T12:51:29
PRL,2017-10-13,40.65,41.0,39.4,39.53,272000,psxdata,2026-05-11T12:51:29
PRL,2017-10-16,40.39,41.5,40.05,41.49,350500,psxdata,2026-05-11T12:51:29
PRL,2017-10-17,41.88,42.59,41.1,41.52,576000,psxdata,2026-05-11T12:51:29
PRL,2017-10-18,41.25,41.79,40.85,41.17,165000,psxdata,2026-05-11T12:51:29
PRL,2017-10-19,40.91,43.19,40.91,43.03,501000,psxdata,2026-05-11T12:51:29
PRL,2017-10-20,43.05,43.6,42.0,43.33,541500,psxdata,2026-05-11T12:51:29
PRL,2017-10-23,43.3,43.4,42.01,42.12,322500,psxdata,2026-05-11T12:51:29
PRL,2017-10-24,42.05,42.1,41.45,41.52,132500,psxdata,2026-05-11T12:51:29
PRL,2017-10-25,41.98,42.4,41.6,41.94,275000,psxdata,2026-05-11T12:51:29
PRL,2017-10-26,42.0,42.4,41.5,41.52,100000,psxdata,2026-05-11T12:51:29
PRL,2017-10-27,43.59,43.59,43.1,43.59,542500,psxdata,2026-05-11T12:51:29
PRL,2017-10-30,44.48,44.48,41.42,41.49,636500,psxdata,2026-05-11T12:51:29
PRL,2017-10-31,41.0,41.8,40.01,40.53,343500,psxdata,2026-05-11T12:51:29
PRL,2017-11-01,41.05,42.05,40.4,41.73,285500,psxdata,2026-05-11T12:51:29
PRL,2017-11-02,42.0,42.25,41.0,41.36,272000,psxdata,2026-05-11T12:51:29
PRL,2017-11-03,41.48,42.5,41.25,42.0,556500,psxdata,2026-05-11T12:51:29
PRL,2017-11-06,42.09,42.1,41.4,41.47,178000,psxdata,2026-05-11T12:51:29
PRL,2017-11-07,41.75,43.2,41.6,42.85,586500,psxdata,2026-05-11T12:51:29
PRL,2017-11-08,42.51,43.38,42.31,42.9,456500,psxdata,2026-05-11T12:51:29
PRL,2017-11-09,43.24,44.75,43.2,44.45,762500,psxdata,2026-05-11T12:51:29
PRL,2017-11-10,44.15,44.65,43.2,43.35,341500,psxdata,2026-05-11T12:51:29
PRL,2017-11-13,43.25,44.6,42.9,44.0,380500,psxdata,2026-05-11T12:51:29
PRL,2017-11-14,44.1,44.25,42.82,42.95,366000,psxdata,2026-05-11T12:51:29
PRL,2017-11-15,42.99,43.14,42.31,42.4,191500,psxdata,2026-05-11T12:51:29
PRL,2017-11-16,42.7,42.97,42.26,42.4,113500,psxdata,2026-05-11T12:51:29
PRL,2017-11-17,42.25,42.77,42.01,42.38,92000,psxdata,2026-05-11T12:51:29
PRL,2017-11-20,42.15,42.16,41.0,41.1,164500,psxdata,2026-05-11T12:51:29
PRL,2017-11-21,41.5,41.95,40.9,41.51,139000,psxdata,2026-05-11T12:51:29
PRL,2017-11-22,41.5,41.6,41.1,41.35,109500,psxdata,2026-05-11T12:51:29
PRL,2017-11-23,41.5,41.8,40.05,40.38,572500,psxdata,2026-05-11T12:51:29
PRL,2017-11-24,40.2,41.25,40.2,40.99,402000,psxdata,2026-05-11T12:51:29
PRL,2017-11-27,40.61,41.2,40.41,40.86,64500,psxdata,2026-05-11T12:51:29
PRL,2017-11-28,40.75,41.25,40.41,40.48,68500,psxdata,2026-05-11T12:51:29
PRL,2017-11-29,40.99,41.5,40.6,40.84,355000,psxdata,2026-05-11T12:51:29
PRL,2017-11-30,40.99,41.1,40.05,40.25,170500,psxdata,2026-05-11T12:51:29
PRL,2017-12-04,40.22,41.3,40.12,40.74,174500,psxdata,2026-05-11T12:51:29
PRL,2017-12-05,40.9,40.98,40.3,40.39,135000,psxdata,2026-05-11T12:51:29
PRL,2017-12-06,40.69,40.9,40.45,40.58,109500,psxdata,2026-05-11T12:51:29
PRL,2017-12-07,40.2,40.39,38.56,38.56,369000,psxdata,2026-05-11T12:51:29
PRL,2017-12-08,37.51,38.99,36.64,36.95,222500,psxdata,2026-05-11T12:51:29
PRL,2017-12-11,36.99,37.25,35.11,35.11,434500,psxdata,2026-05-11T12:51:29
PRL,2017-12-12,34.6,35.45,33.36,34.71,425500,psxdata,2026-05-11T12:51:29
PRL,2017-12-13,33.65,35.25,33.65,35.04,539500,psxdata,2026-05-11T12:51:29
PRL,2017-12-14,34.5,34.78,34.13,34.41,96500,psxdata,2026-05-11T12:51:29
PRL,2017-12-15,34.5,35.4,34.11,34.48,366500,psxdata,2026-05-11T12:51:29
PRL,2017-12-18,34.54,34.55,34.06,34.23,86000,psxdata,2026-05-11T12:51:29
PRL,2017-12-19,33.99,34.1,32.52,32.54,332000,psxdata,2026-05-11T12:51:29
PRL,2017-12-20,32.52,33.79,32.02,32.26,172500,psxdata,2026-05-11T12:51:29
PRL,2017-12-21,32.2,33.4,31.65,33.05,190500,psxdata,2026-05-11T12:51:29
PRL,2017-12-22,33.49,34.7,33.1,34.66,506000,psxdata,2026-05-11T12:51:29
PRL,2017-12-26,34.68,34.97,34.0,34.52,164500,psxdata,2026-05-11T12:51:29
PRL,2017-12-27,34.4,36.09,34.4,35.01,1050500,psxdata,2026-05-11T12:51:29
PRL,2017-12-28,35.4,36.45,34.5,36.12,934500,psxdata,2026-05-11T12:51:29
PRL,2017-12-29,36.44,36.45,34.9,35.18,212500,psxdata,2026-05-11T12:51:29
PRL,2018-01-01,35.35,35.98,34.44,34.98,265000,psxdata,2026-05-11T12:51:29
PRL,2018-01-02,34.7,36.3,34.65,36.1,774000,psxdata,2026-05-11T12:51:29
PRL,2018-01-03,35.9,36.6,35.85,36.01,254000,psxdata,2026-05-11T12:51:29
PRL,2018-01-04,36.01,36.5,35.5,35.63,263000,psxdata,2026-05-11T12:51:29
PRL,2018-01-05,35.7,36.6,35.55,36.47,351000,psxdata,2026-05-11T12:51:29
PRL,2018-01-08,36.8,38.29,36.55,38.29,911500,psxdata,2026-05-11T12:51:29
PRL,2018-01-09,38.89,38.9,37.5,37.88,748500,psxdata,2026-05-11T12:51:29
PRL,2018-01-10,37.95,39.77,37.95,39.7,1113500,psxdata,2026-05-11T12:51:29
PRL,2018-01-11,39.99,40.25,39.01,39.75,461000,psxdata,2026-05-11T12:51:29
PRL,2018-01-12,39.8,39.8,38.25,38.42,364500,psxdata,2026-05-11T12:51:29
PRL,2018-01-15,38.0,38.0,37.01,37.18,136500,psxdata,2026-05-11T12:51:29
PRL,2018-01-16,36.65,38.0,36.65,37.48,80500,psxdata,2026-05-11T12:51:29
PRL,2018-01-17,37.8,37.8,36.5,36.78,829000,psxdata,2026-05-11T12:51:29
PRL,2018-01-18,37.0,37.8,36.0,36.56,936000,psxdata,2026-05-11T12:51:29
PRL,2018-01-19,36.52,37.5,36.25,37.16,622000,psxdata,2026-05-11T12:51:29
PRL,2018-01-22,37.5,38.55,37.0,38.13,926500,psxdata,2026-05-11T12:51:29
PRL,2018-01-23,38.01,40.03,37.91,40.03,1601500,psxdata,2026-05-11T12:51:29
PRL,2018-01-24,41.99,42.03,41.49,42.03,481500,psxdata,2026-05-11T12:51:29
PRL,2018-01-25,44.13,44.13,42.6,43.09,2867000,psxdata,2026-05-11T12:51:29
PRL,2018-01-26,43.0,43.0,41.55,42.41,501000,psxdata,2026-05-11T12:51:29
PRL,2018-01-29,41.6,44.53,41.59,44.47,4123500,psxdata,2026-05-11T12:51:29
PRL,2018-01-30,44.25,44.25,42.25,42.25,898000,psxdata,2026-05-11T12:51:29
PRL,2018-01-31,40.9,41.44,40.3,40.65,3763500,psxdata,2026-05-11T12:51:29
PRL,2018-02-01,40.08,40.1,38.62,39.09,1576000,psxdata,2026-05-11T12:51:29
PRL,2018-02-02,39.1,40.4,38.9,39.88,1238000,psxdata,2026-05-11T12:51:29
PRL,2018-02-06,39.7,40.55,39.2,39.68,870000,psxdata,2026-05-11T12:51:29
PRL,2018-02-07,40.26,41.0,39.85,40.03,893500,psxdata,2026-05-11T12:51:29
PRL,2018-02-08,40.0,40.74,39.62,39.83,823500,psxdata,2026-05-11T12:51:29
PRL,2018-02-09,39.49,39.8,39.2,39.46,220000,psxdata,2026-05-11T12:51:29
PRL,2018-02-12,39.4,40.59,39.4,40.06,739500,psxdata,2026-05-11T12:51:29
PRL,2018-02-13,40.78,41.0,40.05,40.23,863000,psxdata,2026-05-11T12:51:29
PRL,2018-02-14,40.4,40.4,38.6,38.83,369000,psxdata,2026-05-11T12:51:29
PRL,2018-02-15,39.01,39.35,37.85,37.99,203000,psxdata,2026-05-11T12:51:29
PRL,2018-02-16,38.01,39.0,38.0,38.57,231000,psxdata,2026-05-11T12:51:29
PRL,2018-02-19,38.89,39.39,38.31,38.47,201500,psxdata,2026-05-11T12:51:29
PRL,2018-02-20,38.53,38.97,37.6,38.17,361500,psxdata,2026-05-11T12:51:29
PRL,2018-02-21,38.5,39.0,37.9,37.99,323500,psxdata,2026-05-11T12:51:29
PRL,2018-02-22,37.6,38.3,37.05,38.14,308000,psxdata,2026-05-11T12:51:29
PRL,2018-02-23,38.12,38.45,36.81,37.29,268500,psxdata,2026-05-11T12:51:29
PRL,2018-02-26,37.25,37.69,36.8,36.99,123500,psxdata,2026-05-11T12:51:29
PRL,2018-02-27,37.19,37.35,36.75,37.07,208500,psxdata,2026-05-11T12:51:29
PRL,2018-02-28,37.37,37.7,37.25,37.39,205000,psxdata,2026-05-11T12:51:29
PRL,2018-03-01,37.88,38.0,37.4,37.47,461000,psxdata,2026-05-11T12:51:29
PRL,2018-03-02,37.44,37.9,37.4,37.48,280500,psxdata,2026-05-11T12:51:29
PRL,2018-03-05,37.89,38.15,37.2,37.89,159000,psxdata,2026-05-11T12:51:29
PRL,2018-03-06,38.3,38.8,37.91,38.07,703500,psxdata,2026-05-11T12:51:29
PRL,2018-03-07,38.05,39.73,38.0,38.99,1430500,psxdata,2026-05-11T12:51:29
PRL,2018-03-08,38.9,39.25,38.01,38.22,472000,psxdata,2026-05-11T12:51:29
PRL,2018-03-09,38.99,39.1,37.5,37.72,391000,psxdata,2026-05-11T12:51:29
PRL,2018-03-12,37.99,37.99,37.25,37.72,122500,psxdata,2026-05-11T12:51:29
PRL,2018-03-13,37.7,38.6,37.7,37.84,404500,psxdata,2026-05-11T12:51:29
PRL,2018-03-14,38.0,38.2,37.82,37.86,143000,psxdata,2026-05-11T12:51:29
PRL,2018-03-15,37.99,39.5,37.99,39.18,1375000,psxdata,2026-05-11T12:51:29
PRL,2018-03-16,39.0,40.5,39.0,39.32,1175000,psxdata,2026-05-11T12:51:29
PRL,2018-03-19,39.25,40.24,39.25,39.79,634000,psxdata,2026-05-11T12:51:29
PRL,2018-03-20,40.2,40.35,39.4,39.5,581000,psxdata,2026-05-11T12:51:29
PRL,2018-03-21,39.5,39.9,39.0,39.04,337500,psxdata,2026-05-11T12:51:29
PRL,2018-03-22,39.25,39.69,38.6,38.75,439500,psxdata,2026-05-11T12:51:29
PRL,2018-03-26,38.89,38.97,38.12,38.7,211000,psxdata,2026-05-11T12:51:29
PRL,2018-03-27,39.16,39.3,38.63,38.84,292000,psxdata,2026-05-11T12:51:29
PRL,2018-03-28,39.1,39.1,38.41,38.66,392000,psxdata,2026-05-11T12:51:29
PRL,2018-03-29,38.7,39.1,38.5,38.6,325000,psxdata,2026-05-11T12:51:29
PRL,2018-03-30,38.47,38.7,38.0,38.17,633000,psxdata,2026-05-11T12:51:29
PRL,2018-04-02,38.6,39.0,38.12,38.28,507500,psxdata,2026-05-11T12:51:29
PRL,2018-04-03,38.4,38.63,37.9,38.0,644000,psxdata,2026-05-11T12:51:29
PRL,2018-04-04,37.91,39.4,37.91,38.83,1701000,psxdata,2026-05-11T12:51:29
PRL,2018-04-05,38.99,39.6,38.6,38.64,1066500,psxdata,2026-05-11T12:51:29
PRL,2018-04-06,38.5,39.0,38.42,38.51,737500,psxdata,2026-05-11T12:51:29
PRL,2018-04-09,38.5,38.79,38.3,38.57,495000,psxdata,2026-05-11T12:51:29
PRL,2018-04-10,39.4,39.89,38.82,39.51,1803500,psxdata,2026-05-11T12:51:29
PRL,2018-04-11,39.79,41.2,39.25,40.65,3863000,psxdata,2026-05-11T12:51:29
PRL,2018-04-12,40.9,41.25,40.4,40.51,1042000,psxdata,2026-05-11T12:51:29
PRL,2018-04-13,40.19,40.5,39.81,39.93,1354500,psxdata,2026-05-11T12:51:29
PRL,2018-04-16,39.75,39.9,38.75,38.84,492000,psxdata,2026-05-11T12:51:29
PRL,2018-04-17,38.94,39.0,38.5,38.8,332500,psxdata,2026-05-11T12:51:29
PRL,2018-04-18,39.0,39.47,38.53,38.62,678000,psxdata,2026-05-11T12:51:29
PRL,2018-04-19,38.68,38.89,37.6,37.94,446000,psxdata,2026-05-11T12:51:29
PRL,2018-04-20,38.25,38.25,37.51,37.75,190000,psxdata,2026-05-11T12:51:29
PRL,2018-04-23,37.99,38.09,37.55,37.66,122500,psxdata,2026-05-11T12:51:29
PRL,2018-04-24,37.45,38.28,37.45,38.12,489500,psxdata,2026-05-11T12:51:29
PRL,2018-04-25,38.2,38.99,38.05,38.42,731000,psxdata,2026-05-11T12:51:29
PRL,2018-04-26,38.45,38.5,37.9,37.99,225000,psxdata,2026-05-11T12:51:29
PRL,2018-04-27,37.9,39.88,37.67,39.88,2457500,psxdata,2026-05-11T12:51:29
PRL,2018-04-30,41.0,41.75,40.75,40.87,3272000,psxdata,2026-05-11T12:51:29
PRL,2018-05-02,40.0,40.6,39.4,39.62,423000,psxdata,2026-05-11T12:51:29
PRL,2018-05-03,39.5,39.5,38.5,38.7,411000,psxdata,2026-05-11T12:51:29
PRL,2018-05-04,38.55,39.5,38.31,39.21,549500,psxdata,2026-05-11T12:51:29
PRL,2018-05-07,39.4,40.25,39.0,39.09,947500,psxdata,2026-05-11T12:51:29
PRL,2018-05-08,39.25,39.44,37.8,38.01,465000,psxdata,2026-05-11T12:51:29
PRL,2018-05-09,38.1,38.4,36.5,37.34,534500,psxdata,2026-05-11T12:51:29
PRL,2018-05-10,37.31,38.25,37.31,37.68,296000,psxdata,2026-05-11T12:51:29
PRL,2018-05-11,37.44,38.1,37.3,37.41,257000,psxdata,2026-05-11T12:51:29
PRL,2018-05-14,37.0,37.88,36.12,36.2,497000,psxdata,2026-05-11T12:51:29
PRL,2018-05-15,36.49,37.19,35.55,36.87,299000,psxdata,2026-05-11T12:51:29
PRL,2018-05-16,36.7,37.15,36.03,36.25,204500,psxdata,2026-05-11T12:51:29
PRL,2018-05-17,36.3,36.4,35.76,35.86,134500,psxdata,2026-05-11T12:51:29
PRL,2018-05-18,36.99,36.99,35.7,35.72,23000,psxdata,2026-05-11T12:51:29
PRL,2018-05-21,35.05,35.98,35.0,35.08,205500,psxdata,2026-05-11T12:51:29
PRL,2018-05-22,35.11,36.44,35.11,36.22,306500,psxdata,2026-05-11T12:51:29
PRL,2018-05-23,36.22,36.68,35.35,36.0,262000,psxdata,2026-05-11T12:51:29
PRL,2018-05-24,36.0,36.0,35.5,35.81,199000,psxdata,2026-05-11T12:51:29
PRL,2018-05-25,35.43,35.45,34.9,35.0,463000,psxdata,2026-05-11T12:51:29
PRL,2018-05-28,35.02,36.15,34.75,35.75,528500,psxdata,2026-05-11T12:51:29
PRL,2018-05-29,35.99,36.8,35.99,36.66,647500,psxdata,2026-05-11T12:51:29
PRL,2018-05-30,37.19,37.19,36.1,36.92,588500,psxdata,2026-05-11T12:51:29
PRL,2018-05-31,37.0,37.35,36.55,37.03,325500,psxdata,2026-05-11T12:51:29
PRL,2018-06-01,37.01,37.75,36.74,37.61,355000,psxdata,2026-05-11T12:51:29
PRL,2018-06-04,37.51,38.5,36.5,38.23,432500,psxdata,2026-05-11T12:51:29
PRL,2018-06-05,38.02,38.3,37.52,37.92,275000,psxdata,2026-05-11T12:51:29
PRL,2018-06-06,37.77,38.5,37.5,38.08,716000,psxdata,2026-05-11T12:51:29
PRL,2018-06-07,38.01,39.46,37.8,37.93,1415000,psxdata,2026-05-11T12:51:29
PRL,2018-06-11,37.93,38.2,36.35,36.59,315500,psxdata,2026-05-11T12:51:29
PRL,2018-06-12,36.25,36.3,35.45,35.7,620500,psxdata,2026-05-11T12:51:29
PRL,2018-06-13,36.29,36.4,35.75,36.21,203000,psxdata,2026-05-11T12:51:29
PRL,2018-06-14,36.3,36.35,35.9,36.0,212500,psxdata,2026-05-11T12:51:29
PRL,2018-06-19,36.47,36.47,35.75,36.0,228000,psxdata,2026-05-11T12:51:29
PRL,2018-06-20,36.0,36.02,34.85,34.97,926500,psxdata,2026-05-11T12:51:29
PRL,2018-06-21,34.51,34.51,33.5,33.74,1110000,psxdata,2026-05-11T12:51:29
PRL,2018-06-22,33.99,34.0,33.52,33.57,139000,psxdata,2026-05-11T12:51:29
PRL,2018-06-25,33.4,33.99,32.26,32.34,246500,psxdata,2026-05-11T12:51:29
PRL,2018-06-26,32.79,33.05,32.25,32.63,183000,psxdata,2026-05-11T12:51:29
PRL,2018-06-27,32.15,33.88,32.15,33.24,418000,psxdata,2026-05-11T12:51:29
PRL,2018-06-28,33.3,34.0,32.85,33.51,918500,psxdata,2026-05-11T12:51:29
PRL,2018-06-29,33.7,35.18,33.0,34.71,2850000,psxdata,2026-05-11T12:51:29
PRL,2018-07-02,35.47,36.44,35.1,36.44,1927500,psxdata,2026-05-11T12:51:29
PRL,2018-07-03,36.99,38.26,36.75,38.26,3451500,psxdata,2026-05-11T12:51:29
PRL,2018-07-04,38.4,39.88,36.35,37.37,2976500,psxdata,2026-05-11T12:51:29
PRL,2018-07-05,37.6,38.4,37.15,37.67,788000,psxdata,2026-05-11T12:51:29
PRL,2018-07-06,37.25,38.8,37.25,38.26,2310000,psxdata,2026-05-11T12:51:29
PRL,2018-07-09,38.99,39.0,36.88,37.95,1747500,psxdata,2026-05-11T12:51:29
PRL,2018-07-10,37.75,39.15,37.5,38.85,1173000,psxdata,2026-05-11T12:51:29
PRL,2018-07-11,38.6,40.79,38.4,40.23,3572000,psxdata,2026-05-11T12:51:29
PRL,2018-07-12,40.0,41.75,39.6,41.36,1930500,psxdata,2026-05-11T12:51:29
PRL,2018-07-13,40.39,41.3,40.39,40.81,1026000,psxdata,2026-05-11T12:51:29
PRL,2018-07-16,40.9,41.1,39.15,39.89,990500,psxdata,2026-05-11T12:51:29
PRL,2018-07-17,40.0,40.3,39.35,39.91,1690500,psxdata,2026-05-11T12:51:29
PRL,2018-07-18,40.15,41.1,40.0,40.34,2620500,psxdata,2026-05-11T12:51:29
PRL,2018-07-19,40.68,42.35,40.4,42.35,4879000,psxdata,2026-05-11T12:51:29
PRL,2018-07-20,43.0,44.46,42.4,43.69,8897500,psxdata,2026-05-11T12:51:29
PRL,2018-07-23,44.34,44.69,42.62,43.03,2310000,psxdata,2026-05-11T12:51:29
PRL,2018-07-24,43.4,45.1,43.25,44.48,2514500,psxdata,2026-05-11T12:51:29
PRL,2018-07-26,45.1,45.1,42.52,43.2,2230500,psxdata,2026-05-11T12:51:29
PRL,2018-07-27,43.24,44.0,42.05,43.08,1940500,psxdata,2026-05-11T12:51:29
PRL,2018-07-30,43.78,44.8,43.21,43.92,3519000,psxdata,2026-05-11T12:51:29
PRL,2018-07-31,44.0,45.15,43.0,44.18,4787000,psxdata,2026-05-11T12:51:29
PRL,2018-08-01,44.5,46.38,43.01,43.83,9074500,psxdata,2026-05-11T12:51:29
PRL,2018-08-02,44.0,44.4,43.2,43.6,1846000,psxdata,2026-05-11T12:51:29
PRL,2018-08-03,43.75,44.1,43.05,43.29,630000,psxdata,2026-05-11T12:51:29
PRL,2018-08-06,43.7,44.6,43.35,43.76,1324500,psxdata,2026-05-11T12:51:29
PRL,2018-08-07,43.85,44.29,43.51,43.86,1275500,psxdata,2026-05-11T12:51:29
PRL,2018-08-08,44.0,44.21,42.9,43.0,625500,psxdata,2026-05-11T12:51:29
PRL,2018-08-09,42.79,43.2,42.0,42.68,1607000,psxdata,2026-05-11T12:51:29
PRL,2018-08-10,42.76,42.96,40.82,41.1,1045500,psxdata,2026-05-11T12:51:29
PRL,2018-08-13,41.05,42.1,40.14,41.36,1345500,psxdata,2026-05-11T12:51:29
PRL,2018-08-15,42.5,42.6,41.12,41.53,741000,psxdata,2026-05-11T12:51:29
PRL,2018-08-16,41.5,41.85,39.5,40.38,957000,psxdata,2026-05-11T12:51:29
PRL,2018-08-17,40.26,42.29,40.26,41.93,908000,psxdata,2026-05-11T12:51:29
PRL,2018-08-20,42.24,42.65,41.51,42.2,920500,psxdata,2026-05-11T12:51:29
PRL,2018-08-24,42.01,43.59,41.81,43.03,1085000,psxdata,2026-05-11T12:51:29
PRL,2018-08-27,42.99,44.0,42.81,43.06,1010000,psxdata,2026-05-11T12:51:29
PRL,2018-08-28,43.1,43.1,41.16,41.55,487500,psxdata,2026-05-11T12:51:29
PRL,2018-08-29,41.95,41.95,40.7,40.81,342500,psxdata,2026-05-11T12:51:29
PRL,2018-08-30,40.7,41.75,40.5,40.78,560500,psxdata,2026-05-11T12:51:29
PRL,2018-08-31,41.49,41.6,40.0,40.31,464500,psxdata,2026-05-11T12:51:29
PRL,2018-09-03,39.35,39.5,38.3,38.37,1580000,psxdata,2026-05-11T12:51:29
PRL,2018-09-04,38.0,38.7,37.55,37.96,1031000,psxdata,2026-05-11T12:51:29
PRL,2018-09-05,38.0,39.0,38.0,38.15,590000,psxdata,2026-05-11T12:51:29
PRL,2018-09-06,38.0,38.6,36.25,37.18,1535500,psxdata,2026-05-11T12:51:29
PRL,2018-09-07,37.25,37.4,35.7,36.03,391500,psxdata,2026-05-11T12:51:29
PRL,2018-09-10,35.61,36.0,34.8,35.34,733000,psxdata,2026-05-11T12:51:29
PRL,2018-09-11,35.5,36.35,35.25,36.16,607000,psxdata,2026-05-11T12:51:29
PRL,2018-09-12,36.35,37.5,34.5,34.9,907500,psxdata,2026-05-11T12:51:29
PRL,2018-09-13,34.89,36.0,34.26,35.76,559500,psxdata,2026-05-11T12:51:29
PRL,2018-09-14,35.99,36.3,35.3,35.53,268500,psxdata,2026-05-11T12:51:29
PRL,2018-09-17,35.21,35.69,34.01,34.39,301500,psxdata,2026-05-11T12:51:29
PRL,2018-09-18,34.5,35.61,33.81,35.46,424500,psxdata,2026-05-11T12:51:29
PRL,2018-09-19,35.8,37.0,35.5,36.17,723500,psxdata,2026-05-11T12:51:29
PRL,2018-09-24,36.0,36.4,34.75,34.87,423000,psxdata,2026-05-11T12:51:29
PRL,2018-09-25,35.0,35.3,34.34,34.54,213500,psxdata,2026-05-11T12:51:29
PRL,2018-09-26,34.98,34.99,33.8,33.91,255000,psxdata,2026-05-11T12:51:29
PRL,2018-09-27,33.99,34.35,32.22,33.07,494000,psxdata,2026-05-11T12:51:29
PRL,2018-09-28,33.0,33.45,32.55,32.81,270000,psxdata,2026-05-11T12:51:29
PRL,2018-10-01,32.85,33.88,32.85,33.32,354500,psxdata,2026-05-11T12:51:29
PRL,2018-10-02,33.79,33.95,32.6,33.14,348500,psxdata,2026-05-11T12:51:29
PRL,2018-10-03,32.62,33.0,32.5,32.81,158500,psxdata,2026-05-11T12:51:29
PRL,2018-10-04,32.5,32.62,31.6,31.73,510000,psxdata,2026-05-11T12:51:29
PRL,2018-10-05,31.3,31.8,30.15,30.15,510000,psxdata,2026-05-11T12:51:29
PRL,2018-10-08,30.2,30.4,28.65,28.65,345000,psxdata,2026-05-11T12:51:29
PRL,2018-10-09,28.98,30.0,27.6,27.91,1007000,psxdata,2026-05-11T12:51:29
PRL,2018-10-10,27.3,27.5,26.52,26.78,1861500,psxdata,2026-05-11T12:51:29
PRL,2018-10-11,26.8,27.7,26.45,26.91,713000,psxdata,2026-05-11T12:51:29
PRL,2018-10-12,27.75,27.75,25.57,25.57,671000,psxdata,2026-05-11T12:51:29
PRL,2018-10-15,25.01,25.11,24.3,24.32,959500,psxdata,2026-05-11T12:51:29
PRL,2018-10-16,24.49,25.53,24.0,24.23,1045500,psxdata,2026-05-11T12:51:29
PRL,2018-10-17,24.15,25.44,24.15,25.44,818500,psxdata,2026-05-11T12:51:29
PRL,2018-10-18,25.89,26.6,25.31,26.33,1476000,psxdata,2026-05-11T12:51:29
PRL,2018-10-19,26.4,27.64,26.4,27.63,1250500,psxdata,2026-05-11T12:51:29
PRL,2018-10-22,28.0,28.7,27.15,27.72,1280500,psxdata,2026-05-11T12:51:29
PRL,2018-10-23,27.35,27.59,26.34,26.41,650500,psxdata,2026-05-11T12:51:29
PRL,2018-10-24,27.49,27.73,27.41,27.73,423000,psxdata,2026-05-11T12:51:29
PRL,2018-10-25,28.8,29.11,28.05,28.57,1078500,psxdata,2026-05-11T12:51:29
PRL,2018-10-26,28.15,29.5,28.0,29.38,1167500,psxdata,2026-05-11T12:51:29
PRL,2018-10-29,29.92,30.84,29.92,30.8,1405500,psxdata,2026-05-11T12:51:29
PRL,2018-10-30,31.44,31.6,30.02,30.91,1259500,psxdata,2026-05-11T12:51:29
PRL,2018-10-31,30.37,30.79,29.7,29.85,1012000,psxdata,2026-05-11T12:51:29
PRL,2018-11-01,29.99,31.34,29.12,30.85,1813500,psxdata,2026-05-11T12:51:29
PRL,2018-11-02,30.98,31.99,30.65,31.45,1415500,psxdata,2026-05-11T12:51:29
PRL,2018-11-05,31.4,31.51,30.56,31.32,746500,psxdata,2026-05-11T12:51:29
PRL,2018-11-06,31.0,31.2,30.06,30.21,390500,psxdata,2026-05-11T12:51:29
PRL,2018-11-07,30.74,31.3,30.74,30.95,486500,psxdata,2026-05-11T12:51:29
PRL,2018-11-08,31.1,31.1,30.65,30.69,262500,psxdata,2026-05-11T12:51:29
PRL,2018-11-09,30.31,31.5,30.31,31.11,606000,psxdata,2026-05-11T12:51:29
PRL,2018-11-12,31.0,31.01,30.06,30.31,247000,psxdata,2026-05-11T12:51:29
PRL,2018-11-13,30.5,31.4,30.4,31.34,492500,psxdata,2026-05-11T12:51:29
PRL,2018-11-14,31.48,32.5,31.48,32.14,1694000,psxdata,2026-05-11T12:51:29
PRL,2018-11-15,32.0,32.65,31.7,32.07,751500,psxdata,2026-05-11T12:51:29
PRL,2018-11-16,32.11,32.3,31.15,31.4,534000,psxdata,2026-05-11T12:51:29
PRL,2018-11-19,31.4,31.4,31.0,31.19,209000,psxdata,2026-05-11T12:51:29
PRL,2018-11-20,31.59,31.59,30.72,30.88,350000,psxdata,2026-05-11T12:51:29
PRL,2018-11-22,31.25,31.61,30.53,30.89,460000,psxdata,2026-05-11T12:51:29
PRL,2018-11-23,31.0,31.05,30.01,30.11,427000,psxdata,2026-05-11T12:51:29
PRL,2018-11-26,30.01,30.4,29.4,29.52,286500,psxdata,2026-05-11T12:51:29
PRL,2018-11-27,29.5,29.75,28.5,28.87,469500,psxdata,2026-05-11T12:51:29
PRL,2018-11-28,29.0,29.1,28.0,28.26,204000,psxdata,2026-05-11T12:51:29
PRL,2018-11-29,28.48,28.9,28.11,28.23,316500,psxdata,2026-05-11T12:51:29
PRL,2018-11-30,28.2,28.44,26.86,27.06,308500,psxdata,2026-05-11T12:51:29
PRL,2018-12-03,25.71,26.48,25.71,25.71,408000,psxdata,2026-05-11T12:51:29
PRL,2018-12-04,24.55,25.8,24.55,25.69,1165500,psxdata,2026-05-11T12:51:29
PRL,2018-12-05,25.89,25.89,24.51,24.93,400500,psxdata,2026-05-11T12:51:29
PRL,2018-12-06,25.45,25.99,24.55,24.8,360500,psxdata,2026-05-11T12:51:29
PRL,2018-12-07,24.53,24.95,24.52,24.85,187000,psxdata,2026-05-11T12:51:29
PRL,2018-12-10,25.0,26.09,25.0,26.09,552500,psxdata,2026-05-11T12:51:29
PRL,2018-12-11,26.11,27.11,26.11,26.74,791000,psxdata,2026-05-11T12:51:29
PRL,2018-12-12,26.5,26.65,25.51,25.76,293500,psxdata,2026-05-11T12:51:29
PRL,2018-12-13,26.35,26.4,25.15,25.38,198500,psxdata,2026-05-11T12:51:29
PRL,2018-12-14,25.5,25.8,25.35,25.48,443000,psxdata,2026-05-11T12:51:29
PRL,2018-12-17,25.7,25.7,25.21,25.26,122500,psxdata,2026-05-11T12:51:29
PRL,2018-12-18,25.05,25.85,24.83,25.03,315000,psxdata,2026-05-11T12:51:29
PRL,2018-12-19,25.05,25.3,24.69,24.95,195500,psxdata,2026-05-11T12:51:29
PRL,2018-12-20,24.98,25.49,24.82,24.93,764500,psxdata,2026-05-11T12:51:29
PRL,2018-12-21,24.77,25.37,24.67,24.77,195500,psxdata,2026-05-11T12:51:29
PRL,2018-12-24,24.6,24.97,24.51,24.7,126000,psxdata,2026-05-11T12:51:29
PRL,2018-12-26,24.82,25.12,24.55,24.62,262500,psxdata,2026-05-11T12:51:29
PRL,2018-12-27,24.75,24.85,23.8,23.97,581000,psxdata,2026-05-11T12:51:29
PRL,2018-12-28,24.0,24.0,22.8,22.91,255000,psxdata,2026-05-11T12:51:29
PRL,2018-12-31,22.35,22.8,22.0,22.1,232000,psxdata,2026-05-11T12:51:29
PRL,2019-01-01,22.65,23.2,22.25,22.95,269500,psxdata,2026-05-11T12:51:29
PRL,2019-01-02,23.54,23.55,22.61,22.79,394000,psxdata,2026-05-11T12:51:29
PRL,2019-01-03,22.65,23.0,21.92,22.19,317500,psxdata,2026-05-11T12:51:29
PRL,2019-01-04,22.4,22.65,22.1,22.36,70000,psxdata,2026-05-11T12:51:29
PRL,2019-01-07,22.89,23.05,22.5,22.58,455500,psxdata,2026-05-11T12:51:29
PRL,2019-01-08,22.9,23.7,22.72,23.65,646500,psxdata,2026-05-11T12:51:29
PRL,2019-01-09,24.0,24.83,24.0,24.83,1081000,psxdata,2026-05-11T12:51:29
PRL,2019-01-10,25.45,25.45,24.01,24.15,898000,psxdata,2026-05-11T12:51:29
PRL,2019-01-11,23.95,24.45,23.71,24.21,376500,psxdata,2026-05-11T12:51:29
PRL,2019-01-14,24.65,24.8,24.4,24.51,261000,psxdata,2026-05-11T12:51:29
PRL,2019-01-15,24.4,24.54,24.27,24.33,123500,psxdata,2026-05-11T12:51:29
PRL,2019-01-16,24.22,24.48,23.9,24.1,170500,psxdata,2026-05-11T12:51:29
PRL,2019-01-17,24.1,24.45,23.7,24.26,242500,psxdata,2026-05-11T12:51:29
PRL,2019-01-18,24.45,24.5,23.99,24.02,348000,psxdata,2026-05-11T12:51:29
PRL,2019-01-21,24.14,24.5,23.5,23.66,338500,psxdata,2026-05-11T12:51:29
PRL,2019-01-22,23.32,24.18,23.32,24.08,438500,psxdata,2026-05-11T12:51:29
PRL,2019-01-23,24.25,24.29,23.88,24.01,342500,psxdata,2026-05-11T12:51:29
PRL,2019-01-24,24.49,24.7,24.05,24.43,470000,psxdata,2026-05-11T12:51:29
PRL,2019-01-25,24.21,24.35,23.86,23.92,342500,psxdata,2026-05-11T12:51:29
PRL,2019-01-28,24.0,25.11,24.0,25.11,863000,psxdata,2026-05-11T12:51:29
PRL,2019-01-29,25.4,26.15,25.15,25.65,1357000,psxdata,2026-05-11T12:51:29
PRL,2019-01-30,25.62,25.64,25.15,25.42,468500,psxdata,2026-05-11T12:51:29
PRL,2019-01-31,24.51,25.37,24.31,25.22,625500,psxdata,2026-05-11T12:51:29
PRL,2019-02-01,25.44,25.45,25.0,25.06,265000,psxdata,2026-05-11T12:51:29
PRL,2019-02-04,25.0,25.39,24.91,24.98,474500,psxdata,2026-05-11T12:51:29
PRL,2019-02-06,25.25,25.25,24.5,24.57,369000,psxdata,2026-05-11T12:51:29
PRL,2019-02-07,24.5,25.1,24.5,24.76,384500,psxdata,2026-05-11T12:51:29
PRL,2019-02-08,24.97,25.01,24.39,24.45,279000,psxdata,2026-05-11T12:51:29
PRL,2019-02-11,24.65,24.7,24.06,24.11,188000,psxdata,2026-05-11T12:51:29
PRL,2019-02-12,24.02,24.49,23.85,24.02,123000,psxdata,2026-05-11T12:51:29
PRL,2019-02-13,24.4,24.49,23.87,23.99,281000,psxdata,2026-05-11T12:51:29
PRL,2019-02-14,23.91,24.18,23.8,23.85,152500,psxdata,2026-05-11T12:51:29
PRL,2019-02-15,23.93,24.24,23.9,24.06,109500,psxdata,2026-05-11T12:51:29
PRL,2019-02-18,24.15,24.22,23.81,23.89,130500,psxdata,2026-05-11T12:51:29
PRL,2019-02-19,23.57,23.85,23.5,23.55,64500,psxdata,2026-05-11T12:51:29
PRL,2019-02-20,23.2,23.3,22.81,23.13,195000,psxdata,2026-05-11T12:51:29
PRL,2019-02-21,23.02,23.24,22.6,22.66,289500,psxdata,2026-05-11T12:51:29
PRL,2019-02-22,22.5,22.99,22.3,22.51,389000,psxdata,2026-05-11T12:51:29
PRL,2019-02-25,22.51,22.68,22.36,22.45,111000,psxdata,2026-05-11T12:51:29
PRL,2019-02-26,22.27,22.29,21.33,21.33,317000,psxdata,2026-05-11T12:51:29
PRL,2019-02-27,20.62,21.0,20.27,20.48,390000,psxdata,2026-05-11T12:51:29
PRL,2019-02-28,20.99,21.4,20.4,21.06,313500,psxdata,2026-05-11T12:51:29
PRL,2019-03-01,21.2,22.11,21.2,22.1,607000,psxdata,2026-05-11T12:51:29
PRL,2019-03-04,23.2,23.2,23.2,23.2,74500,psxdata,2026-05-11T12:51:29
PRL,2019-03-05,24.36,24.36,24.36,24.36,440000,psxdata,2026-05-11T12:51:29
PRL,2019-03-06,25.19,25.19,23.75,23.92,861500,psxdata,2026-05-11T12:51:29
PRL,2019-03-07,23.71,24.0,23.2,23.28,392000,psxdata,2026-05-11T12:51:29
PRL,2019-03-08,23.01,23.01,22.5,22.59,227000,psxdata,2026-05-11T12:51:29
PRL,2019-03-11,22.68,22.88,22.01,22.19,125000,psxdata,2026-05-11T12:51:29
PRL,2019-03-12,22.31,23.29,22.1,23.14,293000,psxdata,2026-05-11T12:51:29
PRL,2019-03-13,23.5,24.0,23.1,23.28,386500,psxdata,2026-05-11T12:51:29
PRL,2019-03-14,23.22,23.22,22.55,22.66,124500,psxdata,2026-05-11T12:51:29
PRL,2019-03-15,22.17,22.49,21.8,21.93,263500,psxdata,2026-05-11T12:51:29
PRL,2019-03-18,22.55,22.99,21.85,22.76,140000,psxdata,2026-05-11T12:51:29
PRL,2019-03-19,22.9,22.9,22.29,22.41,81000,psxdata,2026-05-11T12:51:29
PRL,2019-03-20,22.26,22.5,22.0,22.09,67500,psxdata,2026-05-11T12:51:29
PRL,2019-03-21,22.0,22.22,21.55,22.04,98500,psxdata,2026-05-11T12:51:29
PRL,2019-03-22,22.93,22.93,21.7,22.05,160000,psxdata,2026-05-11T12:51:29
PRL,2019-03-25,22.05,22.25,21.65,21.83,92500,psxdata,2026-05-11T12:51:29
PRL,2019-03-26,22.0,22.0,21.61,21.93,40500,psxdata,2026-05-11T12:51:29
PRL,2019-03-27,22.06,22.98,22.05,22.82,552000,psxdata,2026-05-11T12:51:29
PRL,2019-03-28,22.8,22.8,22.1,22.19,223500,psxdata,2026-05-11T12:51:29
PRL,2019-03-29,22.06,22.29,21.7,21.88,203000,psxdata,2026-05-11T12:51:29
PRL,2019-04-01,21.65,22.0,21.5,21.67,134000,psxdata,2026-05-11T12:51:29
PRL,2019-04-02,21.95,22.0,21.45,21.5,134000,psxdata,2026-05-11T12:51:29
PRL,2019-04-03,21.27,21.75,21.25,21.42,60500,psxdata,2026-05-11T12:51:29
PRL,2019-04-04,21.4,21.6,20.9,21.14,64000,psxdata,2026-05-11T12:51:29
PRL,2019-04-05,20.63,21.5,20.63,21.38,87500,psxdata,2026-05-11T12:51:29
PRL,2019-04-08,21.13,21.77,20.36,20.44,169500,psxdata,2026-05-11T12:51:29
PRL,2019-04-09,20.25,20.65,19.7,20.3,133000,psxdata,2026-05-11T12:51:29
PRL,2019-04-10,20.03,20.25,19.3,19.47,117000,psxdata,2026-05-11T12:51:29
PRL,2019-04-11,19.1,20.0,19.1,19.73,143500,psxdata,2026-05-11T12:51:29
PRL,2019-04-12,19.94,20.73,19.65,20.73,408000,psxdata,2026-05-11T12:51:29
PRL,2019-04-15,20.35,21.48,20.35,21.21,389500,psxdata,2026-05-11T12:51:29
PRL,2019-04-16,21.3,21.8,21.1,21.21,268500,psxdata,2026-05-11T12:51:29
PRL,2019-04-17,21.02,21.2,20.31,20.48,125000,psxdata,2026-05-11T12:51:29
PRL,2019-04-18,20.49,20.78,20.12,20.53,107500,psxdata,2026-05-11T12:51:29
PRL,2019-04-19,20.41,21.54,20.41,21.01,329000,psxdata,2026-05-11T12:51:29
PRL,2019-04-22,21.02,21.02,20.2,20.42,63000,psxdata,2026-05-11T12:51:29
PRL,2019-04-23,20.42,20.42,19.5,19.82,176000,psxdata,2026-05-11T12:51:29
PRL,2019-04-24,19.82,20.0,19.51,19.52,55000,psxdata,2026-05-11T12:51:29
PRL,2019-04-25,19.8,20.1,19.5,19.58,87000,psxdata,2026-05-11T12:51:29
PRL,2019-04-26,19.74,20.0,18.58,19.49,583500,psxdata,2026-05-11T12:51:29
PRL,2019-04-29,19.75,20.24,19.65,19.91,334500,psxdata,2026-05-11T12:51:29
PRL,2019-04-30,19.7,20.0,19.53,19.79,107000,psxdata,2026-05-11T12:51:29
PRL,2019-05-02,19.52,19.74,19.52,19.58,39000,psxdata,2026-05-11T12:51:29
PRL,2019-05-03,19.5,19.55,19.35,19.41,66000,psxdata,2026-05-11T12:51:29
PRL,2019-05-06,19.5,19.5,19.0,19.02,17500,psxdata,2026-05-11T12:51:29
PRL,2019-05-07,18.71,19.1,18.71,18.95,22000,psxdata,2026-05-11T12:51:29
PRL,2019-05-08,19.0,19.0,17.95,18.0,92000,psxdata,2026-05-11T12:51:29
PRL,2019-05-09,18.0,18.15,17.75,17.88,87500,psxdata,2026-05-11T12:51:29
PRL,2019-05-10,17.75,17.88,17.49,17.52,5000,psxdata,2026-05-11T12:51:29
PRL,2019-05-13,17.63,17.92,16.52,16.53,267000,psxdata,2026-05-11T12:51:29
PRL,2019-05-14,16.5,16.5,15.7,15.82,142000,psxdata,2026-05-11T12:51:29
PRL,2019-05-15,16.2,16.5,16.0,16.07,77000,psxdata,2026-05-11T12:51:29
PRL,2019-05-16,16.0,16.49,15.07,15.07,108000,psxdata,2026-05-11T12:51:29
PRL,2019-05-17,14.6,14.9,14.07,14.27,177500,psxdata,2026-05-11T12:51:29
PRL,2019-05-20,13.5,15.0,13.42,14.79,187000,psxdata,2026-05-11T12:51:29
PRL,2019-05-21,14.59,15.4,14.5,15.24,181500,psxdata,2026-05-11T12:51:29
PRL,2019-05-22,15.4,16.24,15.36,16.24,253000,psxdata,2026-05-11T12:51:29
PRL,2019-05-23,17.0,17.24,16.75,17.24,389500,psxdata,2026-05-11T12:51:29
PRL,2019-05-24,17.8,18.24,16.9,18.11,216500,psxdata,2026-05-11T12:51:29
PRL,2019-05-27,18.5,18.5,18.01,18.33,170500,psxdata,2026-05-11T12:51:29
PRL,2019-05-28,17.7,17.95,17.33,17.37,135000,psxdata,2026-05-11T12:51:29
PRL,2019-05-29,17.5,18.37,17.5,18.06,216500,psxdata,2026-05-11T12:51:29
PRL,2019-05-30,18.0,18.21,17.25,17.42,316500,psxdata,2026-05-11T12:51:29
PRL,2019-06-03,17.01,17.15,16.87,16.92,67000,psxdata,2026-05-11T12:51:29
PRL,2019-06-10,16.25,16.6,16.1,16.2,78500,psxdata,2026-05-11T12:51:29
PRL,2019-06-11,15.36,16.9,15.36,16.71,95500,psxdata,2026-05-11T12:51:29
PRL,2019-06-12,17.7,17.7,17.0,17.46,87000,psxdata,2026-05-11T12:51:29
PRL,2019-06-13,17.6,18.25,17.51,17.99,139000,psxdata,2026-05-11T12:51:29
PRL,2019-06-14,17.75,18.3,17.6,17.81,95500,psxdata,2026-05-11T12:51:29
PRL,2019-06-17,17.94,17.94,17.4,17.45,81000,psxdata,2026-05-11T12:51:29
PRL,2019-06-18,17.2,18.1,17.01,17.92,196000,psxdata,2026-05-11T12:51:29
PRL,2019-06-19,17.98,18.1,17.25,17.26,60000,psxdata,2026-05-11T12:51:29
PRL,2019-06-20,17.26,17.8,17.25,17.37,58500,psxdata,2026-05-11T12:51:29
PRL,2019-06-21,17.9,17.9,17.13,17.17,13500,psxdata,2026-05-11T12:51:29
PRL,2019-06-24,17.2,17.2,16.17,16.41,161000,psxdata,2026-05-11T12:51:29
PRL,2019-06-25,16.26,16.55,16.0,16.49,46000,psxdata,2026-05-11T12:51:29
PRL,2019-06-26,16.49,16.49,16.0,16.07,72000,psxdata,2026-05-11T12:51:29
PRL,2019-06-27,16.1,16.25,15.8,16.15,237000,psxdata,2026-05-11T12:51:29
PRL,2019-06-28,15.86,16.25,15.75,16.16,90000,psxdata,2026-05-11T12:51:29
PRL,2019-07-01,16.0,16.45,16.0,16.03,18000,psxdata,2026-05-11T12:51:29
PRL,2019-07-02,16.0,16.87,16.0,16.81,49000,psxdata,2026-05-11T12:51:29
PRL,2019-07-03,17.0,17.6,16.92,17.16,135500,psxdata,2026-05-11T12:51:29
PRL,2019-07-04,17.45,17.5,16.7,16.77,62500,psxdata,2026-05-11T12:51:29
PRL,2019-07-05,16.65,16.7,16.35,16.4,43500,psxdata,2026-05-11T12:51:29
PRL,2019-07-08,15.65,16.2,15.65,15.83,57000,psxdata,2026-05-11T12:51:29
PRL,2019-07-09,16.1,16.3,16.1,16.25,22500,psxdata,2026-05-11T12:51:29
PRL,2019-07-10,16.3,16.3,16.1,16.16,19500,psxdata,2026-05-11T12:51:29
PRL,2019-07-11,16.1,16.25,15.86,16.03,47500,psxdata,2026-05-11T12:51:29
PRL,2019-07-12,16.2,16.2,15.6,15.63,20500,psxdata,2026-05-11T12:51:29
PRL,2019-07-15,15.83,15.83,15.15,15.23,125000,psxdata,2026-05-11T12:51:29
PRL,2019-07-16,15.11,15.4,14.8,15.4,67500,psxdata,2026-05-11T12:51:29
PRL,2019-07-17,15.49,15.75,15.2,15.45,64500,psxdata,2026-05-11T12:51:29
PRL,2019-07-18,14.91,15.15,14.45,14.47,163500,psxdata,2026-05-11T12:51:29
PRL,2019-07-19,14.4,14.54,14.0,14.43,58500,psxdata,2026-05-11T12:51:29
PRL,2019-07-22,14.96,14.96,14.4,14.66,34500,psxdata,2026-05-11T12:51:29
PRL,2019-07-23,14.5,14.74,14.37,14.69,22500,psxdata,2026-05-11T12:51:29
PRL,2019-07-24,14.72,14.8,14.2,14.34,142000,psxdata,2026-05-11T12:51:29
PRL,2019-07-25,14.35,14.96,14.1,14.4,190000,psxdata,2026-05-11T12:51:29
PRL,2019-07-26,14.21,14.4,13.86,13.86,80000,psxdata,2026-05-11T12:51:29
PRL,2019-07-29,13.52,13.8,13.5,13.58,68000,psxdata,2026-05-11T12:51:29
PRL,2019-07-30,13.01,13.48,13.01,13.31,18500,psxdata,2026-05-11T12:51:29
PRL,2019-07-31,13.06,13.85,13.0,13.53,130500,psxdata,2026-05-11T12:51:29
PRL,2019-08-01,13.07,13.75,13.07,13.28,93500,psxdata,2026-05-11T12:51:29
PRL,2019-08-02,13.35,13.6,13.05,13.21,30000,psxdata,2026-05-11T12:51:29
PRL,2019-08-05,13.15,13.25,13.01,13.17,14500,psxdata,2026-05-11T12:51:29
PRL,2019-08-06,13.25,13.4,13.11,13.16,24000,psxdata,2026-05-11T12:51:29
PRL,2019-08-07,13.06,13.1,12.51,12.83,16000,psxdata,2026-05-11T12:51:29
PRL,2019-08-08,12.35,13.73,12.02,12.72,296000,psxdata,2026-05-11T12:51:29
PRL,2019-08-09,12.8,12.95,12.21,12.34,308500,psxdata,2026-05-11T12:51:29
PRL,2019-08-16,12.1,12.12,11.9,12.0,57500,psxdata,2026-05-11T12:51:29
PRL,2019-08-19,12.0,12.45,11.9,12.26,242500,psxdata,2026-05-11T12:51:29
PRL,2019-08-20,12.5,12.75,12.3,12.62,200000,psxdata,2026-05-11T12:51:29
PRL,2019-08-21,12.5,13.25,12.4,13.15,211000,psxdata,2026-05-11T12:51:29
PRL,2019-08-22,13.4,14.15,13.39,14.15,759500,psxdata,2026-05-11T12:51:29
PRL,2019-08-23,14.21,14.48,13.8,13.91,313500,psxdata,2026-05-11T12:51:29
PRL,2019-08-26,13.5,13.95,13.01,13.08,63500,psxdata,2026-05-11T12:51:29
PRL,2019-08-27,13.0,13.5,12.9,13.45,69500,psxdata,2026-05-11T12:51:29
PRL,2019-08-28,13.65,13.9,13.31,13.43,93000,psxdata,2026-05-11T12:51:29
PRL,2019-08-29,13.23,13.6,12.72,12.91,91500,psxdata,2026-05-11T12:51:29
PRL,2019-08-30,12.9,13.05,12.6,12.62,27500,psxdata,2026-05-11T12:51:29
PRL,2019-09-02,12.7,13.01,12.7,12.95,28500,psxdata,2026-05-11T12:51:29
PRL,2019-09-03,12.95,13.0,11.95,12.2,148000,psxdata,2026-05-11T12:51:29
PRL,2019-09-04,12.25,12.9,12.2,12.84,62000,psxdata,2026-05-11T12:51:29
PRL,2019-09-05,12.9,13.39,12.56,12.6,95500,psxdata,2026-05-11T12:51:29
PRL,2019-09-06,12.54,12.6,12.25,12.51,20000,psxdata,2026-05-11T12:51:29
PRL,2019-09-11,12.6,12.7,12.15,12.22,111000,psxdata,2026-05-11T12:51:29
PRL,2019-09-12,11.9,12.45,11.71,12.28,195500,psxdata,2026-05-11T12:51:29
PRL,2019-09-13,12.16,12.45,12.0,12.22,114000,psxdata,2026-05-11T12:51:29
PRL,2019-09-16,12.15,13.22,12.15,13.22,316000,psxdata,2026-05-11T12:51:29
PRL,2019-09-17,13.6,14.22,13.25,14.16,755500,psxdata,2026-05-11T12:51:29
PRL,2019-09-18,14.01,14.25,13.5,13.55,221500,psxdata,2026-05-11T12:51:29
PRL,2019-09-19,13.7,14.05,13.6,13.9,142000,psxdata,2026-05-11T12:51:29
PRL,2019-09-20,14.2,14.3,13.42,13.53,133500,psxdata,2026-05-11T12:51:29
PRL,2019-09-23,13.3,13.58,13.2,13.21,49500,psxdata,2026-05-11T12:51:29
PRL,2019-09-24,13.02,13.05,12.95,13.02,23500,psxdata,2026-05-11T12:51:29
PRL,2019-09-25,13.03,13.54,13.03,13.09,95500,psxdata,2026-05-11T12:51:29
PRL,2019-09-26,13.01,13.29,13.0,13.16,37000,psxdata,2026-05-11T12:51:29
PRL,2019-09-27,13.15,13.5,13.0,13.35,83500,psxdata,2026-05-11T12:51:29
PRL,2019-09-30,13.45,13.5,13.2,13.24,53000,psxdata,2026-05-11T12:51:29
PRL,2019-10-01,13.01,13.65,13.01,13.54,105500,psxdata,2026-05-11T12:51:29
PRL,2019-10-02,13.4,13.8,13.3,13.71,149500,psxdata,2026-05-11T12:51:29
PRL,2019-10-03,13.8,14.66,13.8,14.49,556500,psxdata,2026-05-11T12:51:29
PRL,2019-10-04,14.49,14.75,14.1,14.61,288000,psxdata,2026-05-11T12:51:29
PRL,2019-10-07,14.8,15.61,14.51,15.61,528500,psxdata,2026-05-11T12:51:29
PRL,2019-10-08,16.24,16.24,15.0,15.22,1163000,psxdata,2026-05-11T12:51:29
PRL,2019-10-09,15.11,15.7,15.01,15.47,288000,psxdata,2026-05-11T12:51:29
PRL,2019-10-10,15.6,16.1,15.4,15.92,730500,psxdata,2026-05-11T12:51:29
PRL,2019-10-11,16.0,16.15,15.25,15.33,1076500,psxdata,2026-05-11T12:51:29
PRL,2019-10-14,15.35,15.35,14.51,14.59,201500,psxdata,2026-05-11T12:51:29
PRL,2019-10-15,14.85,15.5,14.2,15.01,515000,psxdata,2026-05-11T12:51:29
PRL,2019-10-16,15.2,15.4,15.0,15.02,157500,psxdata,2026-05-11T12:51:29
PRL,2019-10-17,15.18,15.18,14.56,14.62,104500,psxdata,2026-05-11T12:51:29
PRL,2019-10-18,14.75,15.1,14.6,14.91,363500,psxdata,2026-05-11T12:51:29
PRL,2019-10-21,14.55,14.6,14.23,14.33,174500,psxdata,2026-05-11T12:51:29
PRL,2019-10-22,14.1,15.33,14.02,15.33,380000,psxdata,2026-05-11T12:51:29
PRL,2019-10-23,15.98,16.33,15.52,16.33,2650000,psxdata,2026-05-11T12:51:29
PRL,2019-10-24,16.7,16.94,16.02,16.21,1445500,psxdata,2026-05-11T12:51:29
PRL,2019-10-25,16.06,16.44,15.72,15.88,415000,psxdata,2026-05-11T12:51:29
PRL,2019-10-28,15.9,16.55,15.6,16.27,518500,psxdata,2026-05-11T12:51:29
PRL,2019-10-29,16.2,17.27,16.0,17.13,1791500,psxdata,2026-05-11T12:51:29
PRL,2019-10-30,17.59,18.13,17.32,18.13,2180000,psxdata,2026-05-11T12:51:29
PRL,2019-10-31,18.49,18.95,18.1,18.66,1207000,psxdata,2026-05-11T12:51:29
PRL,2019-11-01,18.32,18.6,18.0,18.14,296000,psxdata,2026-05-11T12:51:29
PRL,2019-11-04,18.44,18.95,18.2,18.49,555500,psxdata,2026-05-11T12:51:29
PRL,2019-11-05,18.8,19.49,18.8,19.49,1066000,psxdata,2026-05-11T12:51:29
PRL,2019-11-06,20.39,20.49,20.04,20.47,1745000,psxdata,2026-05-11T12:51:29
PRL,2019-11-07,20.88,21.14,19.85,20.17,1378500,psxdata,2026-05-11T12:51:29
PRL,2019-11-08,20.19,20.9,19.9,20.64,634000,psxdata,2026-05-11T12:51:29
PRL,2019-11-11,20.79,21.67,20.79,21.2,2021500,psxdata,2026-05-11T12:51:29
PRL,2019-11-12,21.38,21.5,20.8,21.3,1256500,psxdata,2026-05-11T12:51:29
PRL,2019-11-13,21.4,21.45,20.7,20.85,753000,psxdata,2026-05-11T12:51:29
PRL,2019-11-14,20.92,21.7,20.92,21.57,1117000,psxdata,2026-05-11T12:51:29
PRL,2019-11-15,21.75,22.2,21.5,21.99,691500,psxdata,2026-05-11T12:51:29
PRL,2019-11-18,22.1,22.4,21.76,21.87,950000,psxdata,2026-05-11T12:51:29
PRL,2019-11-19,21.98,22.0,20.78,20.87,511000,psxdata,2026-05-11T12:51:29
PRL,2019-11-20,20.85,21.25,20.51,21.0,408000,psxdata,2026-05-11T12:51:29
PRL,2019-11-21,20.9,20.99,19.95,19.97,302000,psxdata,2026-05-11T12:51:29
PRL,2019-11-22,19.55,20.3,19.5,20.22,221500,psxdata,2026-05-11T12:51:29
PRL,2019-11-25,20.01,21.21,20.0,21.07,807500,psxdata,2026-05-11T12:51:29
PRL,2019-11-26,21.05,21.59,20.02,20.44,996000,psxdata,2026-05-11T12:51:29
PRL,2019-11-27,20.45,21.05,20.45,20.79,477000,psxdata,2026-05-11T12:51:29
PRL,2019-11-28,20.96,21.82,20.96,21.56,1047500,psxdata,2026-05-11T12:51:29
PRL,2019-11-29,21.98,22.63,21.98,22.63,988500,psxdata,2026-05-11T12:51:29
PRL,2019-12-02,23.76,23.76,23.76,23.76,154500,psxdata,2026-05-11T12:51:29
PRL,2019-12-03,24.94,24.94,23.81,24.94,2542000,psxdata,2026-05-11T12:51:29
PRL,2019-12-04,25.48,26.18,25.0,26.18,980500,psxdata,2026-05-11T12:51:29
PRL,2019-12-05,27.48,27.48,27.48,27.48,63000,psxdata,2026-05-11T12:51:29
PRL,2019-12-06,28.48,28.85,27.82,28.13,4469500,psxdata,2026-05-11T12:51:29
PRL,2019-12-09,27.99,28.0,26.73,26.73,431000,psxdata,2026-05-11T12:51:29
PRL,2019-12-10,25.4,27.0,25.4,26.08,4704000,psxdata,2026-05-11T12:51:29
PRL,2019-12-11,26.0,26.05,24.78,24.78,2523500,psxdata,2026-05-11T12:51:29
PRL,2019-12-12,24.49,24.64,23.66,23.84,1024000,psxdata,2026-05-11T12:51:29
PRL,2019-12-13,24.0,25.03,23.8,24.79,3432500,psxdata,2026-05-11T12:51:29
PRL,2019-12-16,24.95,25.86,23.91,25.33,2481000,psxdata,2026-05-11T12:51:29
PRL,2019-12-17,25.78,25.78,24.07,24.22,1912500,psxdata,2026-05-11T12:51:29
PRL,2019-12-18,23.75,23.95,23.01,23.14,1845500,psxdata,2026-05-11T12:51:29
PRL,2019-12-19,23.25,23.38,21.99,21.99,786500,psxdata,2026-05-11T12:51:29
PRL,2019-12-20,21.99,21.99,20.91,21.1,1168500,psxdata,2026-05-11T12:51:29
PRL,2019-12-23,21.2,21.2,20.05,20.05,943000,psxdata,2026-05-11T12:51:29
PRL,2019-12-24,19.65,20.25,19.05,19.17,2855500,psxdata,2026-05-11T12:51:29
PRL,2019-12-26,19.2,20.17,19.1,20.17,3044500,psxdata,2026-05-11T12:51:29
PRL,2019-12-27,20.4,20.75,19.5,19.86,2422500,psxdata,2026-05-11T12:51:29
PRL,2019-12-30,19.56,20.3,19.56,19.92,1174500,psxdata,2026-05-11T12:51:29
PRL,2019-12-31,19.95,20.92,19.85,20.92,1359000,psxdata,2026-05-11T12:51:29
PRL,2020-01-01,21.55,21.96,21.41,21.96,677500,psxdata,2026-05-11T12:51:29
PRL,2020-01-02,23.05,23.05,23.05,23.05,228000,psxdata,2026-05-11T12:51:29
PRL,2020-01-03,23.97,24.2,22.9,23.55,5874000,psxdata,2026-05-11T12:51:29
PRL,2020-01-06,22.6,23.25,22.38,22.38,3025500,psxdata,2026-05-11T12:51:29
PRL,2020-01-07,22.41,23.49,22.41,23.49,3063500,psxdata,2026-05-11T12:51:29
PRL,2020-01-08,22.81,24.18,22.55,22.69,3361000,psxdata,2026-05-11T12:51:29
PRL,2020-01-09,23.69,23.82,23.5,23.82,2289500,psxdata,2026-05-11T12:51:29
PRL,2020-01-10,24.2,24.3,23.5,23.64,2382500,psxdata,2026-05-11T12:51:29
PRL,2020-01-13,23.5,24.05,23.02,23.42,1265500,psxdata,2026-05-11T12:51:29
PRL,2020-01-14,23.51,24.0,23.1,23.23,1780000,psxdata,2026-05-11T12:51:29
PRL,2020-01-15,23.25,23.25,22.7,22.76,420500,psxdata,2026-05-11T12:51:29
PRL,2020-01-16,22.7,23.4,22.4,22.5,1550500,psxdata,2026-05-11T12:51:29
PRL,2020-01-17,22.68,22.8,22.36,22.43,488000,psxdata,2026-05-11T12:51:29
PRL,2020-01-20,22.7,22.7,22.0,22.1,535000,psxdata,2026-05-11T12:51:29
PRL,2020-01-21,21.91,22.5,21.55,21.83,575500,psxdata,2026-05-11T12:51:29
PRL,2020-01-22,21.7,22.45,21.5,21.97,435500,psxdata,2026-05-11T12:51:29
PRL,2020-01-23,22.1,22.65,21.8,21.94,525500,psxdata,2026-05-11T12:51:29
PRL,2020-01-24,22.0,23.0,21.68,22.8,918500,psxdata,2026-05-11T12:51:29
PRL,2020-01-27,23.0,23.1,22.25,22.32,669500,psxdata,2026-05-11T12:51:29
PRL,2020-01-28,22.3,22.6,22.06,22.36,326000,psxdata,2026-05-11T12:51:29
PRL,2020-01-29,22.3,23.34,22.3,22.63,2076000,psxdata,2026-05-11T12:51:29
PRL,2020-01-30,22.6,22.6,22.17,22.3,689000,psxdata,2026-05-11T12:51:29
PRL,2020-01-31,22.64,22.85,21.26,21.65,1219000,psxdata,2026-05-11T12:51:29
PRL,2020-02-03,21.25,21.25,20.36,20.38,1198500,psxdata,2026-05-11T12:51:29
PRL,2020-02-04,20.72,20.74,20.1,20.41,450500,psxdata,2026-05-11T12:51:29
PRL,2020-02-06,20.4,20.75,20.01,20.15,235500,psxdata,2026-05-11T12:51:29
PRL,2020-02-07,19.85,19.94,18.95,18.97,411000,psxdata,2026-05-11T12:51:29
PRL,2020-02-10,19.02,19.02,17.84,17.84,731500,psxdata,2026-05-11T12:51:29
PRL,2020-02-11,18.91,18.91,18.91,18.91,589500,psxdata,2026-05-11T12:51:29
PRL,2020-02-12,20.04,20.04,20.04,20.04,82500,psxdata,2026-05-11T12:51:29
PRL,2020-02-13,21.24,21.24,20.65,21.24,1400000,psxdata,2026-05-11T12:51:29
PRL,2020-02-14,22.0,22.29,21.1,22.11,2710000,psxdata,2026-05-11T12:51:29
PRL,2020-02-17,22.13,22.65,22.02,22.16,1076000,psxdata,2026-05-11T12:51:29
PRL,2020-02-18,21.9,22.1,21.5,21.53,527000,psxdata,2026-05-11T12:51:29
PRL,2020-02-19,21.01,22.19,21.01,21.98,1019500,psxdata,2026-05-11T12:51:29
PRL,2020-02-20,22.05,22.2,21.7,21.73,352000,psxdata,2026-05-11T12:51:29
PRL,2020-02-21,21.76,21.99,21.55,21.77,246000,psxdata,2026-05-11T12:51:29
PRL,2020-02-24,21.74,21.74,20.4,20.57,763500,psxdata,2026-05-11T12:51:29
PRL,2020-02-25,20.78,20.9,20.25,20.48,593000,psxdata,2026-05-11T12:51:29
PRL,2020-02-26,20.73,21.81,20.5,21.65,1657500,psxdata,2026-05-11T12:51:29
PRL,2020-02-27,21.01,21.25,20.3,20.98,1241500,psxdata,2026-05-11T12:51:29
PRL,2020-02-28,21.0,21.45,20.75,20.87,1006500,psxdata,2026-05-11T12:51:29
PRL,2020-03-02,20.0,22.14,20.0,21.94,2453000,psxdata,2026-05-11T12:51:29
PRL,2020-03-03,17.08,17.08,17.08,17.08,428000,psxdata,2026-05-11T12:51:29
PRL,2020-03-04,17.7,17.8,16.65,17.05,1939500,psxdata,2026-05-11T12:51:29
PRL,2020-03-05,16.87,17.48,16.8,16.85,1874500,psxdata,2026-05-11T12:51:29
PRL,2020-03-06,17.0,17.0,15.95,16.11,937000,psxdata,2026-05-11T12:51:29
PRL,2020-03-09,14.99,16.9,14.99,16.52,2624500,psxdata,2026-05-11T12:51:29
PRL,2020-03-10,16.8,17.0,16.1,16.47,1544500,psxdata,2026-05-11T12:51:29
PRL,2020-03-11,16.6,16.6,15.53,15.78,1044500,psxdata,2026-05-11T12:51:29
PRL,2020-03-12,15.26,15.52,14.68,14.71,1288500,psxdata,2026-05-11T12:51:29
PRL,2020-03-13,14.0,14.49,13.69,14.19,862000,psxdata,2026-05-11T12:51:29
PRL,2020-03-16,13.72,14.0,13.13,13.13,769500,psxdata,2026-05-11T12:51:29
PRL,2020-03-17,12.8,13.65,12.75,12.91,1030500,psxdata,2026-05-11T12:51:29
PRL,2020-03-18,12.99,12.99,11.91,11.91,318000,psxdata,2026-05-11T12:51:29
PRL,2020-03-19,10.91,11.65,10.91,11.01,1519000,psxdata,2026-05-11T12:51:29
PRL,2020-03-20,11.49,11.7,11.09,11.37,888500,psxdata,2026-05-11T12:51:29
PRL,2020-03-24,10.55,10.58,10.37,10.37,476000,psxdata,2026-05-11T12:51:29
PRL,2020-03-25,10.85,10.85,9.4,9.5,568500,psxdata,2026-05-11T12:51:29
PRL,2020-03-26,9.69,10.2,9.1,9.53,733000,psxdata,2026-05-11T12:51:29
PRL,2020-03-27,9.83,9.99,9.4,9.88,470000,psxdata,2026-05-11T12:51:29
PRL,2020-03-30,9.77,9.85,9.3,9.73,427500,psxdata,2026-05-11T12:51:29
PRL,2020-03-31,9.92,10.69,9.8,10.62,895000,psxdata,2026-05-11T12:51:29
PRL,2020-04-01,10.42,11.4,10.3,11.24,1097500,psxdata,2026-05-11T12:51:29
PRL,2020-04-02,11.1,12.24,10.9,12.24,1536500,psxdata,2026-05-11T12:51:29
PRL,2020-04-03,12.75,13.18,12.5,12.83,1055500,psxdata,2026-05-11T12:51:29
PRL,2020-04-06,12.82,12.99,12.0,12.04,970500,psxdata,2026-05-11T12:51:29
PRL,2020-04-07,11.76,12.48,11.76,12.37,386000,psxdata,2026-05-11T12:51:29
PRL,2020-04-08,12.4,12.45,11.95,12.1,303500,psxdata,2026-05-11T12:51:29
PRL,2020-04-09,12.3,12.7,12.3,12.58,613000,psxdata,2026-05-11T12:51:29
PRL,2020-04-10,12.59,13.1,12.3,12.94,1418500,psxdata,2026-05-11T12:51:29
PRL,2020-04-13,12.91,12.91,12.15,12.29,473000,psxdata,2026-05-11T12:51:29
PRL,2020-04-14,12.35,12.5,12.06,12.3,227500,psxdata,2026-05-11T12:51:29
PRL,2020-04-15,12.3,12.89,12.3,12.44,558500,psxdata,2026-05-11T12:51:29
PRL,2020-04-16,12.37,12.6,12.26,12.43,196000,psxdata,2026-05-11T12:51:29
PRL,2020-04-17,13.38,13.43,13.03,13.43,1073000,psxdata,2026-05-11T12:51:29
PRL,2020-04-20,13.8,13.8,12.7,13.12,1472500,psxdata,2026-05-11T12:51:29
PRL,2020-04-21,12.32,12.98,12.2,12.29,776000,psxdata,2026-05-11T12:51:29
PRL,2020-04-22,12.11,12.54,12.11,12.41,159000,psxdata,2026-05-11T12:51:29
PRL,2020-04-23,12.51,12.89,12.5,12.82,631000,psxdata,2026-05-11T12:51:29
PRL,2020-04-24,12.78,12.85,12.45,12.48,410500,psxdata,2026-05-11T12:51:29
PRL,2020-04-27,12.75,13.48,12.6,13.48,2083500,psxdata,2026-05-11T12:51:29
PRL,2020-04-28,13.5,13.7,13.01,13.17,1486000,psxdata,2026-05-11T12:51:29
PRL,2020-04-29,13.05,13.5,13.05,13.35,310000,psxdata,2026-05-11T12:51:29
PRL,2020-04-30,13.45,13.6,13.25,13.33,885500,psxdata,2026-05-11T12:51:29
PRL,2020-05-04,13.31,13.9,13.12,13.79,1012000,psxdata,2026-05-11T12:51:29
PRL,2020-05-05,13.95,14.05,13.8,13.9,775500,psxdata,2026-05-11T12:51:29
PRL,2020-05-06,14.0,14.35,13.91,14.28,801500,psxdata,2026-05-11T12:51:29
PRL,2020-05-07,14.1,14.1,13.63,13.74,342500,psxdata,2026-05-11T12:51:29
PRL,2020-05-08,13.67,13.79,13.4,13.43,221000,psxdata,2026-05-11T12:51:29
PRL,2020-05-11,13.69,13.7,13.25,13.5,104000,psxdata,2026-05-11T12:51:29
PRL,2020-05-12,13.6,13.66,13.2,13.34,325500,psxdata,2026-05-11T12:51:29
PRL,2020-05-13,13.54,13.8,13.36,13.63,670000,psxdata,2026-05-11T12:51:29
PRL,2020-05-14,13.41,13.55,13.05,13.37,841500,psxdata,2026-05-11T12:51:29
PRL,2020-05-15,13.53,13.67,13.31,13.42,337500,psxdata,2026-05-11T12:51:29
PRL,2020-05-18,13.65,13.75,13.3,13.59,494500,psxdata,2026-05-11T12:51:29
PRL,2020-05-19,13.55,14.0,13.45,13.57,1001500,psxdata,2026-05-11T12:51:29
PRL,2020-05-20,13.43,13.59,13.33,13.37,132500,psxdata,2026-05-11T12:51:29
PRL,2020-05-21,13.4,13.44,13.06,13.15,280000,psxdata,2026-05-11T12:51:29
PRL,2020-05-28,13.1,13.18,13.02,13.16,220000,psxdata,2026-05-11T12:51:29
PRL,2020-05-29,13.24,13.4,13.23,13.29,382000,psxdata,2026-05-11T12:51:29
PRL,2020-06-01,13.35,13.36,13.06,13.27,185000,psxdata,2026-05-11T12:51:29
PRL,2020-06-02,13.45,13.45,13.15,13.22,253000,psxdata,2026-05-11T12:51:29
PRL,2020-06-03,13.39,13.4,13.17,13.17,156500,psxdata,2026-05-11T12:51:29
PRL,2020-06-04,13.21,13.25,13.1,13.14,114500,psxdata,2026-05-11T12:51:29
PRL,2020-06-05,13.25,13.55,13.12,13.43,345000,psxdata,2026-05-11T12:51:29
PRL,2020-06-08,13.48,13.83,13.4,13.57,1315500,psxdata,2026-05-11T12:51:29
PRL,2020-06-09,13.41,13.55,13.25,13.35,730000,psxdata,2026-05-11T12:51:29
PRL,2020-06-10,13.3,13.65,13.13,13.21,870000,psxdata,2026-05-11T12:51:29
PRL,2020-06-11,13.39,13.39,13.0,13.11,532000,psxdata,2026-05-11T12:51:29
PRL,2020-06-12,13.04,13.1,12.65,12.77,935000,psxdata,2026-05-11T12:51:29
PRL,2020-06-15,12.5,12.68,12.25,12.28,496000,psxdata,2026-05-11T12:51:29
PRL,2020-06-16,12.17,12.59,12.17,12.42,345500,psxdata,2026-05-11T12:51:29
PRL,2020-06-17,12.41,12.99,12.22,12.31,721500,psxdata,2026-05-11T12:51:29
PRL,2020-06-18,12.5,12.5,11.92,12.02,767500,psxdata,2026-05-11T12:51:29
PRL,2020-06-19,12.01,12.08,11.8,11.87,211000,psxdata,2026-05-11T12:51:29
PRL,2020-06-22,11.66,11.73,11.42,11.58,646000,psxdata,2026-05-11T12:51:29
PRL,2020-06-23,11.85,11.97,11.68,11.73,520500,psxdata,2026-05-11T12:51:29
PRL,2020-06-24,11.66,11.94,11.55,11.6,832500,psxdata,2026-05-11T12:51:29
PRL,2020-06-25,11.71,11.71,11.35,11.4,624000,psxdata,2026-05-11T12:51:29
PRL,2020-06-26,11.59,11.59,11.3,11.35,457000,psxdata,2026-05-11T12:51:29
PRL,2020-06-29,11.6,11.75,11.31,11.55,1316500,psxdata,2026-05-11T12:51:29
PRL,2020-06-30,11.59,11.64,11.3,11.41,3373000,psxdata,2026-05-11T12:51:29
PRL,2020-07-01,11.41,11.7,11.41,11.58,723500,psxdata,2026-05-11T12:51:29
PRL,2020-07-02,11.73,12.16,11.6,11.68,2598000,psxdata,2026-05-11T12:51:29
PRL,2020-07-03,11.68,11.8,11.54,11.6,310500,psxdata,2026-05-11T12:51:29
PRL,2020-07-06,11.61,12.58,11.6,12.43,4734000,psxdata,2026-05-11T12:51:29
PRL,2020-07-07,12.5,12.69,12.1,12.15,2045500,psxdata,2026-05-11T12:51:29
PRL,2020-07-08,12.27,12.5,12.11,12.31,1820500,psxdata,2026-05-11T12:51:29
PRL,2020-07-09,12.49,12.5,12.18,12.41,1450000,psxdata,2026-05-11T12:51:29
PRL,2020-07-10,12.41,12.41,12.15,12.23,445000,psxdata,2026-05-11T12:51:29
PRL,2020-07-13,12.39,12.45,12.2,12.3,1248500,psxdata,2026-05-11T12:51:29
PRL,2020-07-14,12.35,12.95,12.15,12.55,3752500,psxdata,2026-05-11T12:51:29
PRL,2020-07-15,12.55,12.6,12.22,12.28,631000,psxdata,2026-05-11T12:51:29
PRL,2020-07-16,12.28,12.6,12.23,12.44,1318000,psxdata,2026-05-11T12:51:29
PRL,2020-07-17,12.75,13.44,12.75,13.44,2154500,psxdata,2026-05-11T12:51:29
PRL,2020-07-20,14.44,14.44,14.44,14.44,272500,psxdata,2026-05-11T12:51:29
PRL,2020-07-21,15.52,15.52,14.8,15.15,12911000,psxdata,2026-05-11T12:51:29
PRL,2020-07-22,15.0,15.15,14.5,14.73,3913000,psxdata,2026-05-11T12:51:29
PRL,2020-07-23,15.05,15.5,14.3,14.46,7674000,psxdata,2026-05-11T12:51:29
PRL,2020-07-24,14.3,14.3,13.53,13.66,5680000,psxdata,2026-05-11T12:51:29
PRL,2020-07-27,13.0,13.38,12.71,13.05,18450500,psxdata,2026-05-11T12:51:29
PRL,2020-07-28,13.26,13.95,13.14,13.73,18857000,psxdata,2026-05-11T12:51:29
PRL,2020-07-29,13.85,14.2,13.6,13.79,13967500,psxdata,2026-05-11T12:51:29
PRL,2020-07-30,13.89,14.35,13.5,14.15,15411000,psxdata,2026-05-11T12:51:29
PRL,2020-08-03,14.26,14.83,14.25,14.48,14811500,psxdata,2026-05-11T12:51:29
PRL,2020-08-04,14.55,14.55,13.71,13.83,9128000,psxdata,2026-05-11T12:51:29
PRL,2020-08-05,13.76,14.29,13.71,14.03,8988000,psxdata,2026-05-11T12:51:29
PRL,2020-08-06,14.21,14.25,13.81,13.87,7904000,psxdata,2026-05-11T12:51:29
PRL,2020-08-07,13.99,14.0,13.7,13.84,4262000,psxdata,2026-05-11T12:51:29
PRL,2020-08-10,13.91,14.1,13.75,13.82,6172000,psxdata,2026-05-11T12:51:29
PRL,2020-08-11,13.85,14.85,13.75,14.85,16517500,psxdata,2026-05-11T12:51:29
PRL,2020-08-12,15.36,15.65,14.6,14.84,32346000,psxdata,2026-05-11T12:51:29
PRL,2020-08-13,14.92,15.47,14.52,15.18,15912000,psxdata,2026-05-11T12:51:29
PRL,2020-08-17,15.35,16.31,15.25,16.31,26116500,psxdata,2026-05-11T12:51:29
PRL,2020-08-18,16.55,16.95,16.01,16.72,27569000,psxdata,2026-05-11T12:51:29
PRL,2020-08-19,16.92,17.45,16.65,16.79,18809500,psxdata,2026-05-11T12:51:29
PRL,2020-08-20,16.79,16.79,16.2,16.28,8594500,psxdata,2026-05-11T12:51:29
PRL,2020-08-21,15.75,16.14,15.3,15.63,10615500,psxdata,2026-05-11T12:51:29
PRL,2020-08-24,15.7,16.8,15.5,16.8,19421500,psxdata,2026-05-11T12:51:29
PRL,2020-08-25,17.35,18.06,16.92,18.06,27512000,psxdata,2026-05-11T12:51:29
PRL,2020-08-26,18.45,19.41,17.55,18.34,48992000,psxdata,2026-05-11T12:51:29
PRL,2020-08-27,18.25,18.55,17.98,18.09,9169500,psxdata,2026-05-11T12:51:29
PRL,2020-08-28,18.0,19.15,17.9,18.86,15302000,psxdata,2026-05-11T12:51:29
PRL,2020-08-31,19.3,20.27,19.3,20.27,24018000,psxdata,2026-05-11T12:51:29
PRL,2020-09-01,20.92,21.79,20.9,21.79,32017500,psxdata,2026-05-11T12:51:29
PRL,2020-09-02,22.39,23.15,22.11,22.75,23570500,psxdata,2026-05-11T12:51:29
PRL,2020-09-03,22.96,23.15,22.4,22.68,16765500,psxdata,2026-05-11T12:51:29
PRL,2020-09-04,22.85,22.85,22.0,22.34,13432500,psxdata,2026-05-11T12:51:29
PRL,2020-09-07,22.7,24.01,22.53,24.01,23721500,psxdata,2026-05-11T12:51:29
PRL,2020-09-08,24.41,25.55,22.21,22.26,38872500,psxdata,2026-05-11T12:51:29
PRL,2020-09-09,22.3,23.6,21.4,23.01,28290000,psxdata,2026-05-11T12:51:29
PRL,2020-09-10,23.75,24.1,22.8,23.41,18206500,psxdata,2026-05-11T12:51:29
PRL,2020-09-11,23.49,23.6,22.8,22.99,7763000,psxdata,2026-05-11T12:51:29
PRL,2020-09-14,23.03,23.32,22.6,22.72,6117000,psxdata,2026-05-11T12:51:29
PRL,2020-09-15,22.7,23.49,22.59,22.71,12199500,psxdata,2026-05-11T12:51:29
PRL,2020-09-16,22.66,22.97,21.81,22.02,8824000,psxdata,2026-05-11T12:51:29
PRL,2020-09-17,22.6,22.7,21.49,21.62,7698000,psxdata,2026-05-11T12:51:29
PRL,2020-09-18,21.6,22.55,21.1,22.35,14081500,psxdata,2026-05-11T12:51:29
PRL,2020-09-21,22.19,22.45,21.15,21.36,9002500,psxdata,2026-05-11T12:51:29
PRL,2020-09-22,21.3,21.8,19.76,21.01,28634500,psxdata,2026-05-11T12:51:29
PRL,2020-09-23,21.1,21.46,20.61,21.06,9423500,psxdata,2026-05-11T12:51:29
PRL,2020-09-24,21.06,21.06,20.16,20.53,8795500,psxdata,2026-05-11T12:51:29
PRL,2020-09-25,20.67,21.1,20.26,20.64,11914500,psxdata,2026-05-11T12:51:29
PRL,2020-09-28,20.8,20.8,19.1,19.13,7836000,psxdata,2026-05-11T12:51:29
PRL,2020-09-29,19.01,20.56,18.32,20.01,16100000,psxdata,2026-05-11T12:51:29
PRL,2020-09-30,20.5,20.54,18.51,18.67,16227000,psxdata,2026-05-11T12:51:29
PRL,2020-10-01,18.57,18.95,17.52,18.21,11606500,psxdata,2026-05-11T12:51:29
PRL,2020-10-02,18.25,18.95,16.85,17.17,10336500,psxdata,2026-05-11T12:51:29
PRL,2020-10-05,16.9,17.0,15.89,15.89,12880000,psxdata,2026-05-11T12:51:29
PRL,2020-10-06,15.83,17.08,15.42,16.77,16541500,psxdata,2026-05-11T12:51:29
PRL,2020-10-07,17.15,18.02,17.03,18.02,16988500,psxdata,2026-05-11T12:51:29
PRL,2020-10-08,18.44,18.51,17.66,18.3,12534500,psxdata,2026-05-11T12:51:29
PRL,2020-10-09,18.15,18.59,17.95,18.23,6877000,psxdata,2026-05-11T12:51:29
PRL,2020-10-12,18.13,18.97,16.97,17.11,12290000,psxdata,2026-05-11T12:51:29
PRL,2020-10-13,17.15,17.45,16.36,17.1,8690000,psxdata,2026-05-11T12:51:29
PRL,2020-10-14,17.4,17.6,16.8,17.45,7871500,psxdata,2026-05-11T12:51:29
PRL,2020-10-15,17.6,17.81,16.95,17.12,6547500,psxdata,2026-05-11T12:51:29
PRL,2020-10-16,16.93,17.24,16.6,17.12,3479500,psxdata,2026-05-11T12:51:29
PRL,2020-10-19,17.25,17.62,17.05,17.33,5216000,psxdata,2026-05-11T12:51:29
PRL,2020-10-20,17.48,18.62,17.45,18.62,17298000,psxdata,2026-05-11T12:51:29
PRL,2020-10-21,19.15,19.85,18.42,19.09,39487500,psxdata,2026-05-11T12:51:29
PRL,2020-10-22,18.7,18.99,17.66,17.91,14810000,psxdata,2026-05-11T12:51:29
PRL,2020-10-23,17.9,19.25,17.55,19.25,27942500,psxdata,2026-05-11T12:51:29
PRL,2020-10-26,19.62,20.5,19.58,20.04,30927000,psxdata,2026-05-11T12:51:29
PRL,2020-10-27,20.25,20.25,19.16,19.3,14677000,psxdata,2026-05-11T12:51:29
PRL,2020-10-28,19.4,19.63,18.85,19.26,8659000,psxdata,2026-05-11T12:51:29
PRL,2020-10-29,18.89,18.98,17.82,17.84,15334500,psxdata,2026-05-11T12:51:29
PRL,2020-11-02,17.2,17.2,16.51,16.8,16711000,psxdata,2026-05-11T12:51:29
PRL,2020-11-03,17.24,18.06,17.15,18.06,16770000,psxdata,2026-05-11T12:51:29
PRL,2020-11-04,18.49,18.65,17.76,17.93,19102000,psxdata,2026-05-11T12:51:29
PRL,2020-11-05,18.26,19.27,18.2,19.26,33193000,psxdata,2026-05-11T12:51:29
PRL,2020-11-06,19.34,19.35,18.76,18.86,15789000,psxdata,2026-05-11T12:51:29
PRL,2020-11-09,19.2,19.59,19.01,19.11,17083000,psxdata,2026-05-11T12:51:29
PRL,2020-11-10,19.78,19.95,19.32,19.46,23526500,psxdata,2026-05-11T12:51:29
PRL,2020-11-11,19.57,19.6,18.7,19.01,12762000,psxdata,2026-05-11T12:51:29
PRL,2020-11-12,19.03,19.05,17.59,17.65,15125500,psxdata,2026-05-11T12:51:29
PRL,2020-11-13,17.54,18.85,17.0,18.45,28267000,psxdata,2026-05-11T12:51:29
PRL,2020-11-16,18.6,18.6,18.04,18.1,8070000,psxdata,2026-05-11T12:51:29
PRL,2020-11-17,18.35,18.6,18.21,18.29,8318000,psxdata,2026-05-11T12:51:29
PRL,2020-11-18,18.22,18.44,18.07,18.29,4120500,psxdata,2026-05-11T12:51:29
PRL,2020-11-19,18.2,18.48,18.15,18.22,4392500,psxdata,2026-05-11T12:51:29
PRL,2020-11-20,18.2,18.28,17.45,17.64,3661000,psxdata,2026-05-11T12:51:29
PRL,2020-11-23,17.54,17.54,16.64,16.91,8670000,psxdata,2026-05-11T12:51:29
PRL,2020-11-24,17.31,17.5,16.85,17.14,7977500,psxdata,2026-05-11T12:51:29
PRL,2020-11-25,17.36,17.85,17.36,17.66,6080500,psxdata,2026-05-11T12:51:29
PRL,2020-11-26,18.0,18.51,17.81,18.38,13137500,psxdata,2026-05-11T12:51:29
PRL,2020-11-27,18.38,18.85,18.1,18.36,14426000,psxdata,2026-05-11T12:51:29
PRL,2020-11-30,18.37,19.34,17.86,19.14,25007000,psxdata,2026-05-11T12:51:29
PRL,2020-12-01,19.14,19.64,18.8,19.41,22702000,psxdata,2026-05-11T12:51:29
PRL,2020-12-02,19.38,20.2,19.15,19.63,34602000,psxdata,2026-05-11T12:51:29
PRL,2020-12-03,19.74,20.25,19.53,19.64,26717500,psxdata,2026-05-11T12:51:29
PRL,2020-12-04,19.75,20.49,19.74,20.13,30971000,psxdata,2026-05-11T12:51:29
PRL,2020-12-07,20.13,20.45,19.86,19.96,15887000,psxdata,2026-05-11T12:51:29
PRL,2020-12-08,20.3,20.32,19.31,19.5,18575500,psxdata,2026-05-11T12:51:29
PRL,2020-12-09,19.46,19.99,19.39,19.49,12773500,psxdata,2026-05-11T12:51:29
PRL,2020-12-10,19.61,20.15,19.48,19.8,33834000,psxdata,2026-05-11T12:51:29
PRL,2020-12-11,20.0,21.28,19.86,21.19,84824000,psxdata,2026-05-11T12:51:29
PRL,2020-12-14,21.5,22.77,21.5,22.74,57480500,psxdata,2026-05-11T12:51:29
PRL,2020-12-15,23.0,23.2,21.04,21.29,64427500,psxdata,2026-05-11T12:51:29
PRL,2020-12-16,21.5,21.68,20.61,21.0,28201000,psxdata,2026-05-11T12:51:29
PRL,2020-12-17,21.25,22.57,20.92,22.55,45135000,psxdata,2026-05-11T12:51:29
PRL,2020-12-18,22.6,22.74,21.39,21.61,38071500,psxdata,2026-05-11T12:51:29
PRL,2020-12-21,21.3,21.74,20.46,20.75,22565000,psxdata,2026-05-11T12:51:29
PRL,2020-12-22,20.5,20.7,19.25,19.35,20662500,psxdata,2026-05-11T12:51:29
PRL,2020-12-23,19.21,20.75,19.05,20.38,26978500,psxdata,2026-05-11T12:51:29
PRL,2020-12-24,20.65,21.3,20.61,20.8,20869000,psxdata,2026-05-11T12:51:29
PRL,2020-12-28,21.05,21.79,20.55,21.62,25202000,psxdata,2026-05-11T12:51:29
PRL,2020-12-29,21.9,22.1,21.25,21.66,32048500,psxdata,2026-05-11T12:51:29
PRL,2020-12-30,21.74,23.28,21.74,23.28,55266000,psxdata,2026-05-11T12:51:29
PRL,2020-12-31,24.0,24.24,23.32,23.79,41456500,psxdata,2026-05-11T12:51:29
PRL,2021-01-01,24.0,24.35,23.2,23.43,33644000,psxdata,2026-05-11T12:51:29
PRL,2021-01-04,23.61,23.7,22.42,22.7,19583000,psxdata,2026-05-11T12:51:29
PRL,2021-01-05,22.61,24.4,22.33,24.4,58179000,psxdata,2026-05-11T12:51:29
PRL,2021-01-06,24.95,26.23,24.82,25.52,87254000,psxdata,2026-05-11T12:51:29
PRL,2021-01-07,25.8,25.9,24.9,25.26,27522500,psxdata,2026-05-11T12:51:29
PRL,2021-01-08,25.46,26.45,25.35,25.68,38005500,psxdata,2026-05-11T12:51:29
PRL,2021-01-11,25.78,26.2,25.54,25.72,19930000,psxdata,2026-05-11T12:51:29
PRL,2021-01-12,25.85,26.25,25.6,25.76,20872000,psxdata,2026-05-11T12:51:29
PRL,2021-01-13,26.2,26.45,25.62,25.8,20017500,psxdata,2026-05-11T12:51:29
PRL,2021-01-14,25.7,26.15,25.26,25.46,18588000,psxdata,2026-05-11T12:51:29
PRL,2021-01-15,25.56,25.7,25.05,25.21,9464500,psxdata,2026-05-11T12:51:29
PRL,2021-01-18,25.21,25.24,24.01,24.09,18531000,psxdata,2026-05-11T12:51:29
PRL,2021-01-19,24.06,24.95,23.4,23.85,28848000,psxdata,2026-05-11T12:51:29
PRL,2021-01-20,24.05,24.45,23.85,24.25,14307000,psxdata,2026-05-11T12:51:29
PRL,2021-01-21,24.39,24.4,23.9,24.0,6364000,psxdata,2026-05-11T12:51:29
PRL,2021-01-22,24.01,24.15,23.51,23.76,5551500,psxdata,2026-05-11T12:51:29
PRL,2021-01-25,23.8,24.4,23.65,24.28,7834000,psxdata,2026-05-11T12:51:29
PRL,2021-01-26,24.2,24.6,24.11,24.49,9301000,psxdata,2026-05-11T12:51:29
PRL,2021-01-27,24.69,25.79,24.69,25.29,26278000,psxdata,2026-05-11T12:51:29
PRL,2021-01-28,25.28,25.3,24.7,25.04,9927500,psxdata,2026-05-11T12:51:29
PRL,2021-01-29,25.17,26.91,25.05,26.91,62900000,psxdata,2026-05-11T12:51:29
PRL,2021-02-01,27.55,28.9,26.52,27.07,81621000,psxdata,2026-05-11T12:51:29
PRL,2021-02-02,27.4,27.4,26.35,26.43,17993000,psxdata,2026-05-11T12:51:29
PRL,2021-02-03,26.6,28.2,26.52,27.92,39977500,psxdata,2026-05-11T12:51:29
PRL,2021-02-04,28.21,28.51,27.6,28.19,34493500,psxdata,2026-05-11T12:51:29
PRL,2021-02-08,28.45,28.85,27.62,28.52,18031500,psxdata,2026-05-11T12:51:29
PRL,2021-02-09,28.6,29.95,28.6,29.03,43177500,psxdata,2026-05-11T12:51:29
PRL,2021-02-10,28.72,28.72,27.4,27.88,39126500,psxdata,2026-05-11T12:51:29
PRL,2021-02-11,28.0,28.75,26.68,27.19,22865000,psxdata,2026-05-11T12:51:29
PRL,2021-02-12,26.86,27.5,26.46,26.69,9144500,psxdata,2026-05-11T12:51:29
PRL,2021-02-15,27.0,27.24,26.55,26.94,8331000,psxdata,2026-05-11T12:51:29
PRL,2021-02-16,27.25,27.7,27.05,27.19,9977500,psxdata,2026-05-11T12:51:29
PRL,2021-02-17,27.46,27.5,26.82,26.93,8192000,psxdata,2026-05-11T12:51:29
PRL,2021-02-18,27.14,28.15,26.85,27.59,22838000,psxdata,2026-05-11T12:51:29
PRL,2021-02-19,27.54,27.88,27.2,27.36,8343500,psxdata,2026-05-11T12:51:29
PRL,2021-02-22,27.5,27.54,26.81,26.93,9459000,psxdata,2026-05-11T12:51:29
PRL,2021-02-23,27.21,27.75,26.92,27.1,14777000,psxdata,2026-05-11T12:51:29
PRL,2021-02-24,27.15,27.35,25.45,26.22,10983500,psxdata,2026-05-11T12:51:29
PRL,2021-02-25,26.75,26.84,26.27,26.68,6636500,psxdata,2026-05-11T12:51:29
PRL,2021-02-26,26.51,27.25,26.0,26.21,15001500,psxdata,2026-05-11T12:51:29
PRL,2021-03-01,26.4,26.5,24.41,25.34,7923500,psxdata,2026-05-11T12:51:29
PRL,2021-03-02,25.55,26.0,25.41,25.76,4889500,psxdata,2026-05-11T12:51:29
PRL,2021-03-03,26.0,27.61,26.0,27.49,24917500,psxdata,2026-05-11T12:51:29
PRL,2021-03-04,26.25,27.2,25.8,26.11,16737000,psxdata,2026-05-11T12:51:29
PRL,2021-03-05,26.4,26.9,25.9,26.64,17894500,psxdata,2026-05-11T12:51:29
PRL,2021-03-08,27.3,27.4,25.56,26.07,20792500,psxdata,2026-05-11T12:51:29
PRL,2021-03-09,25.85,26.25,24.12,24.3,18857500,psxdata,2026-05-11T12:51:29
PRL,2021-03-10,24.2,24.4,22.7,23.17,14982000,psxdata,2026-05-11T12:51:29
PRL,2021-03-11,22.93,23.35,21.44,21.44,11467500,psxdata,2026-05-11T12:51:29
PRL,2021-03-12,20.96,22.98,20.96,22.69,17390000,psxdata,2026-05-11T12:51:29
PRL,2021-03-15,23.3,24.39,23.26,24.39,17916500,psxdata,2026-05-11T12:51:29
PRL,2021-03-16,24.51,24.55,23.51,23.83,16055500,psxdata,2026-05-11T12:51:29
PRL,2021-03-17,24.25,25.3,24.24,25.06,26730500,psxdata,2026-05-11T12:51:29
PRL,2021-03-18,25.2,25.25,23.19,23.55,17445500,psxdata,2026-05-11T12:51:29
PRL,2021-03-19,23.25,25.31,23.11,25.31,27893000,psxdata,2026-05-11T12:51:29
PRL,2021-03-22,25.5,27.1,25.31,26.57,40900000,psxdata,2026-05-11T12:51:29
PRL,2021-03-24,26.7,27.15,26.26,26.65,20702000,psxdata,2026-05-11T12:51:29
PRL,2021-03-25,26.76,27.24,26.3,26.61,19405000,psxdata,2026-05-11T12:51:29
PRL,2021-03-26,26.65,28.6,26.36,28.53,56425000,psxdata,2026-05-11T12:51:29
PRL,2021-03-29,28.8,28.89,26.4,26.46,48963000,psxdata,2026-05-11T12:51:29
PRL,2021-03-30,25.6,26.78,25.3,26.44,29844500,psxdata,2026-05-11T12:51:29
PRL,2021-03-31,27.0,27.75,25.32,26.09,31195500,psxdata,2026-05-11T12:51:29
PRL,2021-04-01,26.39,26.55,25.0,25.19,11954000,psxdata,2026-05-11T12:51:29
PRL,2021-04-02,25.5,26.38,25.2,26.09,15411000,psxdata,2026-05-11T12:51:29
PRL,2021-04-05,26.15,26.4,24.14,24.14,15186500,psxdata,2026-05-11T12:51:29
PRL,2021-04-06,24.1,25.6,24.0,25.42,13683500,psxdata,2026-05-11T12:51:29
PRL,2021-04-07,25.55,25.6,24.15,24.5,13141000,psxdata,2026-05-11T12:51:29
PRL,2021-04-08,24.6,24.68,23.75,24.43,21741500,psxdata,2026-05-11T12:51:29
PRL,2021-04-09,24.6,26.21,24.45,25.71,30223000,psxdata,2026-05-11T12:51:29
PRL,2021-04-12,25.7,25.7,24.8,25.1,9934500,psxdata,2026-05-11T12:51:29
PRL,2021-04-13,24.77,25.74,24.52,25.01,10139000,psxdata,2026-05-11T12:51:29
PRL,2021-04-14,25.1,25.65,25.0,25.34,10132000,psxdata,2026-05-11T12:51:29
PRL,2021-04-15,25.6,25.65,24.7,24.84,9475000,psxdata,2026-05-11T12:51:29
PRL,2021-04-16,24.91,25.18,24.6,24.72,4053000,psxdata,2026-05-11T12:51:29
PRL,2021-04-19,23.85,24.51,23.75,23.98,7178500,psxdata,2026-05-11T12:51:29
PRL,2021-04-20,24.45,24.6,24.2,24.29,4332500,psxdata,2026-05-11T12:51:29
PRL,2021-04-21,24.4,24.5,23.76,23.9,5825000,psxdata,2026-05-11T12:51:29
PRL,2021-04-22,24.25,24.75,23.85,23.99,8528000,psxdata,2026-05-11T12:51:29
PRL,2021-04-23,23.51,24.15,23.49,23.92,3957500,psxdata,2026-05-11T12:51:29
PRL,2021-04-26,24.0,24.15,23.4,23.71,5829500,psxdata,2026-05-11T12:51:29
PRL,2021-04-27,24.0,24.85,23.75,24.44,7609500,psxdata,2026-05-11T12:51:29
PRL,2021-04-28,24.49,24.98,23.99,24.14,11286500,psxdata,2026-05-11T12:51:29
PRL,2021-04-29,24.13,24.3,23.5,23.64,3343000,psxdata,2026-05-11T12:51:29
PRL,2021-04-30,23.79,23.85,22.5,22.74,4348500,psxdata,2026-05-11T12:51:29
PRL,2021-05-03,22.01,22.75,21.6,21.93,3853500,psxdata,2026-05-11T12:51:29
PRL,2021-05-04,22.2,22.6,22.0,22.4,2274500,psxdata,2026-05-11T12:51:29
PRL,2021-05-05,22.53,23.2,22.53,22.71,3804000,psxdata,2026-05-11T12:51:29
PRL,2021-05-06,22.6,23.12,22.6,22.98,2204500,psxdata,2026-05-11T12:51:29
PRL,2021-05-17,23.25,23.99,23.16,23.68,5236500,psxdata,2026-05-11T12:51:29
PRL,2021-05-18,23.75,25.2,23.5,24.96,26037000,psxdata,2026-05-11T12:51:29
PRL,2021-05-19,24.8,25.06,24.31,24.75,10637500,psxdata,2026-05-11T12:51:29
PRL,2021-05-20,25.0,25.83,24.75,25.52,24204000,psxdata,2026-05-11T12:51:29
PRL,2021-05-21,25.8,26.7,25.6,26.13,33688500,psxdata,2026-05-11T12:51:29
PRL,2021-05-24,26.5,26.5,25.36,25.53,6797000,psxdata,2026-05-11T12:51:29
PRL,2021-05-25,25.67,25.99,25.2,25.31,6523500,psxdata,2026-05-11T12:51:29
PRL,2021-05-26,25.35,25.89,25.15,25.23,5580500,psxdata,2026-05-11T12:51:29
PRL,2021-05-27,25.4,25.64,24.84,25.07,7394500,psxdata,2026-05-11T12:51:29
PRL,2021-05-28,25.15,25.75,25.15,25.28,4514500,psxdata,2026-05-11T12:51:29
PRL,2021-05-31,25.8,26.25,25.46,26.01,12653500,psxdata,2026-05-11T12:51:29
PRL,2021-06-01,26.55,26.75,25.95,26.08,12573000,psxdata,2026-05-11T12:51:29
PRL,2021-06-02,26.4,27.35,26.16,26.72,24241000,psxdata,2026-05-11T12:51:29
PRL,2021-06-03,26.8,27.05,26.15,26.3,10700000,psxdata,2026-05-11T12:51:29
PRL,2021-06-04,26.65,27.1,26.41,26.5,9156500,psxdata,2026-05-11T12:51:29
PRL,2021-06-07,26.9,26.92,25.91,26.05,5379000,psxdata,2026-05-11T12:51:29
PRL,2021-06-08,26.15,26.28,25.41,25.56,4836000,psxdata,2026-05-11T12:51:29
PRL,2021-06-09,25.5,25.85,25.1,25.25,3910500,psxdata,2026-05-11T12:51:29
PRL,2021-06-10,25.25,26.05,25.25,25.92,7276000,psxdata,2026-05-11T12:51:29
PRL,2021-06-11,26.1,27.0,25.95,26.28,17823000,psxdata,2026-05-11T12:51:29
PRL,2021-06-14,27.5,28.0,26.8,27.43,38734500,psxdata,2026-05-11T12:51:29
PRL,2021-06-15,27.2,27.31,26.6,26.7,12581000,psxdata,2026-05-11T12:51:29
PRL,2021-06-16,26.7,26.75,25.6,25.75,24920000,psxdata,2026-05-11T12:51:29
PRL,2021-06-17,25.78,25.85,25.25,25.41,5119000,psxdata,2026-05-11T12:51:29
PRL,2021-06-18,25.5,27.0,25.06,26.18,21216000,psxdata,2026-05-11T12:51:29
PRL,2021-06-21,26.3,26.38,25.61,25.7,4601500,psxdata,2026-05-11T12:51:29
PRL,2021-06-22,25.99,26.28,25.5,25.6,4554000,psxdata,2026-05-11T12:51:29
PRL,2021-06-23,26.25,26.5,25.6,25.72,8806500,psxdata,2026-05-11T12:51:29
PRL,2021-06-24,25.88,25.88,25.2,25.33,3579500,psxdata,2026-05-11T12:51:29
PRL,2021-06-25,25.37,25.75,24.5,25.02,6099000,psxdata,2026-05-11T12:51:29
PRL,2021-06-28,25.01,25.05,24.16,24.28,3863500,psxdata,2026-05-11T12:51:29
PRL,2021-06-29,24.48,24.67,24.25,24.32,3865000,psxdata,2026-05-11T12:51:29
PRL,2021-06-30,24.68,24.82,24.25,24.61,3994500,psxdata,2026-05-11T12:51:29
PRL,2021-07-01,24.68,25.08,24.68,24.83,3306000,psxdata,2026-05-11T12:51:29
PRL,2021-07-02,24.61,25.08,24.55,24.63,2259000,psxdata,2026-05-11T12:51:29
PRL,2021-07-05,24.7,24.7,24.35,24.38,1236500,psxdata,2026-05-11T12:51:29
PRL,2021-07-06,24.35,24.65,23.5,23.7,6142000,psxdata,2026-05-11T12:51:29
PRL,2021-07-07,23.7,24.06,23.57,23.73,2815000,psxdata,2026-05-11T12:51:29
PRL,2021-07-08,23.85,24.24,23.85,24.13,2947000,psxdata,2026-05-11T12:51:29
PRL,2021-07-09,24.37,24.45,23.8,23.86,3471000,psxdata,2026-05-11T12:51:29
PRL,2021-07-12,24.1,24.25,23.75,23.8,1359000,psxdata,2026-05-11T12:51:29
PRL,2021-07-13,23.81,23.97,23.6,23.64,1775000,psxdata,2026-05-11T12:51:29
PRL,2021-07-14,23.76,24.29,23.65,23.79,2995500,psxdata,2026-05-11T12:51:29
PRL,2021-07-15,23.6,24.15,23.6,23.83,1913000,psxdata,2026-05-11T12:51:29
PRL,2021-07-16,23.98,24.2,23.86,24.05,2608500,psxdata,2026-05-11T12:51:29
PRL,2021-07-19,24.25,24.44,23.88,24.35,2511500,psxdata,2026-05-11T12:51:29
PRL,2021-07-23,24.19,24.4,23.8,23.83,1374000,psxdata,2026-05-11T12:51:29
PRL,2021-07-26,24.01,24.4,23.9,24.06,1954500,psxdata,2026-05-11T12:51:29
PRL,2021-07-27,24.1,24.18,23.6,23.68,1404000,psxdata,2026-05-11T12:51:29
PRL,2021-07-28,23.76,24.0,22.98,23.07,2078500,psxdata,2026-05-11T12:51:29
PRL,2021-07-29,23.15,23.15,22.51,23.05,1870000,psxdata,2026-05-11T12:51:29
PRL,2021-07-30,23.27,23.6,22.6,22.79,2361500,psxdata,2026-05-11T12:51:29
PRL,2021-08-02,22.87,23.04,22.85,22.98,2834500,psxdata,2026-05-11T12:51:29
PRL,2021-08-03,23.05,24.15,23.05,23.99,7112000,psxdata,2026-05-11T12:51:29
PRL,2021-08-04,24.1,24.19,23.45,23.55,2850000,psxdata,2026-05-11T12:51:29
PRL,2021-08-05,23.52,23.7,23.32,23.4,1263000,psxdata,2026-05-11T12:51:29
PRL,2021-08-06,23.4,23.6,22.9,23.03,1959000,psxdata,2026-05-11T12:51:29
PRL,2021-08-09,23.36,23.8,22.85,22.98,3555000,psxdata,2026-05-11T12:51:29
PRL,2021-08-10,23.0,23.38,22.66,22.99,2809500,psxdata,2026-05-11T12:51:29
PRL,2021-08-11,23.17,23.91,23.01,23.24,4472000,psxdata,2026-05-11T12:51:29
PRL,2021-08-12,23.28,23.4,22.8,22.88,2254500,psxdata,2026-05-11T12:51:29
PRL,2021-08-13,22.85,22.85,22.44,22.52,1324500,psxdata,2026-05-11T12:51:29
PRL,2021-08-16,22.7,22.7,21.75,21.99,2523000,psxdata,2026-05-11T12:51:29
PRL,2021-08-17,22.27,22.43,22.1,22.24,1314000,psxdata,2026-05-11T12:51:29
PRL,2021-08-20,22.56,23.18,22.45,22.58,4541500,psxdata,2026-05-11T12:51:29
PRL,2021-08-23,22.7,22.88,22.6,22.69,1499000,psxdata,2026-05-11T12:51:29
PRL,2021-08-24,22.8,22.8,22.41,22.49,767000,psxdata,2026-05-11T12:51:29
PRL,2021-08-25,22.37,22.64,22.3,22.35,1606000,psxdata,2026-05-11T12:51:29
PRL,2021-08-26,22.45,22.52,22.01,22.05,855500,psxdata,2026-05-11T12:51:29
PRL,2021-08-27,22.05,22.05,21.41,21.57,1999000,psxdata,2026-05-11T12:51:29
PRL,2021-08-30,21.56,23.18,21.3,22.93,5849500,psxdata,2026-05-11T12:51:29
PRL,2021-08-31,23.2,23.34,22.73,22.85,6253500,psxdata,2026-05-11T12:51:29
PRL,2021-09-01,22.98,23.05,22.6,22.68,1403000,psxdata,2026-05-11T12:51:29
PRL,2021-09-02,22.99,23.64,22.8,23.16,7156500,psxdata,2026-05-11T12:51:29
PRL,2021-09-03,23.16,23.56,22.7,22.89,3879000,psxdata,2026-05-11T12:51:29
PRL,2021-09-06,22.89,23.08,22.25,22.48,1598500,psxdata,2026-05-11T12:51:29
PRL,2021-09-07,22.45,23.0,22.03,22.43,3846500,psxdata,2026-05-11T12:51:29
PRL,2021-09-08,22.6,22.89,22.0,22.35,2483500,psxdata,2026-05-11T12:51:29
PRL,2021-09-09,22.5,22.76,22.2,22.3,1854000,psxdata,2026-05-11T12:51:29
PRL,2021-09-10,22.47,23.05,22.32,22.78,4016500,psxdata,2026-05-11T12:51:29
PRL,2021-09-13,23.25,23.69,22.51,22.7,8218500,psxdata,2026-05-11T12:51:29
PRL,2021-09-14,22.69,22.69,21.27,21.46,6430000,psxdata,2026-05-11T12:51:29
PRL,2021-09-15,21.4,21.5,20.76,21.18,2765000,psxdata,2026-05-11T12:51:29
PRL,2021-09-16,21.11,21.49,20.89,20.96,1853000,psxdata,2026-05-11T12:51:29
PRL,2021-09-17,21.25,21.45,20.7,20.9,3252000,psxdata,2026-05-11T12:51:29
PRL,2021-09-20,20.99,20.99,20.05,20.25,2432500,psxdata,2026-05-11T12:51:29
PRL,2021-09-21,20.46,20.55,19.05,19.29,4493000,psxdata,2026-05-11T12:51:29
PRL,2021-09-22,19.11,19.4,17.86,18.35,3683000,psxdata,2026-05-11T12:51:29
PRL,2021-09-23,18.54,18.68,17.15,17.33,2980500,psxdata,2026-05-11T12:51:29
PRL,2021-09-24,17.39,17.45,16.55,16.93,4707500,psxdata,2026-05-11T12:51:29
PRL,2021-09-27,16.61,16.65,15.68,15.92,5643500,psxdata,2026-05-11T12:51:29
PRL,2021-09-28,16.0,17.09,15.72,16.96,5505000,psxdata,2026-05-11T12:51:29
PRL,2021-09-29,17.0,17.1,15.85,16.34,2960500,psxdata,2026-05-11T12:51:29
PRL,2021-09-30,16.43,16.9,16.1,16.78,1502000,psxdata,2026-05-11T12:51:29
PRL,2021-10-01,16.74,17.33,16.7,17.12,1820500,psxdata,2026-05-11T12:51:29
PRL,2021-10-04,16.5,17.56,16.45,17.44,2580000,psxdata,2026-05-11T12:51:29
PRL,2021-10-05,17.5,17.78,17.22,17.39,2108500,psxdata,2026-05-11T12:51:29
PRL,2021-10-06,17.3,17.65,16.65,16.82,1211000,psxdata,2026-05-11T12:51:29
PRL,2021-10-07,16.9,17.29,16.8,16.9,1032500,psxdata,2026-05-11T12:51:29
PRL,2021-10-08,17.09,17.09,16.6,16.67,577000,psxdata,2026-05-11T12:51:29
PRL,2021-10-11,16.8,17.0,16.01,16.16,960500,psxdata,2026-05-11T12:51:29
PRL,2021-10-12,16.38,16.38,15.51,15.95,2157000,psxdata,2026-05-11T12:51:29
PRL,2021-10-13,16.1,16.45,15.53,15.64,2296500,psxdata,2026-05-11T12:51:29
PRL,2021-10-14,15.9,16.45,15.64,16.35,1770000,psxdata,2026-05-11T12:51:29
PRL,2021-10-15,16.15,17.2,16.1,17.06,2882000,psxdata,2026-05-11T12:51:29
PRL,2021-10-18,16.85,17.08,16.19,16.32,1902500,psxdata,2026-05-11T12:51:29
PRL,2021-10-20,16.4,16.93,16.4,16.64,1440000,psxdata,2026-05-11T12:51:29
PRL,2021-10-21,16.53,16.99,16.35,16.44,1117000,psxdata,2026-05-11T12:51:29
PRL,2021-10-22,16.46,16.6,15.8,16.22,1994000,psxdata,2026-05-11T12:51:29
PRL,2021-10-25,16.01,16.2,15.75,15.91,360500,psxdata,2026-05-11T12:51:29
PRL,2021-10-26,15.8,16.15,15.75,15.78,513000,psxdata,2026-05-11T12:51:29
PRL,2021-10-27,16.1,16.25,15.81,15.87,974500,psxdata,2026-05-11T12:51:29
PRL,2021-10-28,15.95,16.1,15.7,15.73,980000,psxdata,2026-05-11T12:51:29
PRL,2021-10-29,15.88,15.9,15.52,15.61,964500,psxdata,2026-05-11T12:51:29
PRL,2021-11-01,16.0,16.7,15.61,16.6,4859500,psxdata,2026-05-11T12:51:29
PRL,2021-11-02,16.8,17.5,16.6,16.92,5541000,psxdata,2026-05-11T12:51:29
PRL,2021-11-03,17.01,17.45,16.86,17.3,3986000,psxdata,2026-05-11T12:51:29
PRL,2021-11-04,17.45,18.05,17.4,17.92,6510000,psxdata,2026-05-11T12:51:29
PRL,2021-11-05,18.05,18.15,17.4,17.47,2959000,psxdata,2026-05-11T12:51:29
PRL,2021-11-08,17.3,17.75,17.15,17.27,3307500,psxdata,2026-05-11T12:51:29
PRL,2021-11-09,17.26,17.27,16.1,16.22,4175000,psxdata,2026-05-11T12:51:29
PRL,2021-11-10,16.25,16.6,16.11,16.28,1431000,psxdata,2026-05-11T12:51:29
PRL,2021-11-11,16.22,16.4,16.01,16.04,973000,psxdata,2026-05-11T12:51:29
PRL,2021-11-12,16.0,16.1,15.51,15.69,1189000,psxdata,2026-05-11T12:51:29
PRL,2021-11-15,15.85,15.85,15.34,15.61,567000,psxdata,2026-05-11T12:51:29
PRL,2021-11-16,15.82,16.1,15.55,16.0,1804500,psxdata,2026-05-11T12:51:29
PRL,2021-11-17,16.0,16.01,15.5,15.65,845000,psxdata,2026-05-11T12:51:29
PRL,2021-11-18,15.75,16.03,15.52,15.93,1434500,psxdata,2026-05-11T12:51:29
PRL,2021-11-19,15.9,16.15,15.65,15.76,1031500,psxdata,2026-05-11T12:51:29
PRL,2021-11-22,15.5,15.6,14.58,14.65,7815500,psxdata,2026-05-11T12:51:29
PRL,2021-11-23,14.66,14.93,13.75,14.08,4386500,psxdata,2026-05-11T12:51:29
PRL,2021-11-24,14.01,14.1,13.28,13.69,4785000,psxdata,2026-05-11T12:51:29
PRL,2021-11-25,13.75,14.0,13.25,13.67,5088000,psxdata,2026-05-11T12:51:29
PRL,2021-11-26,13.75,14.0,13.3,13.46,4541000,psxdata,2026-05-11T12:51:29
PRL,2021-11-29,13.5,13.88,13.12,13.75,3575500,psxdata,2026-05-11T12:51:29
PRL,2021-11-30,13.71,14.15,13.52,13.65,2240500,psxdata,2026-05-11T12:51:29
PRL,2021-12-01,13.74,13.89,13.64,13.71,1139000,psxdata,2026-05-11T12:51:29
PRL,2021-12-02,13.74,13.93,12.69,12.69,3066000,psxdata,2026-05-11T12:51:29
PRL,2021-12-03,12.3,12.35,11.69,11.98,6499000,psxdata,2026-05-11T12:51:29
PRL,2021-12-06,12.15,12.2,11.6,11.86,1778000,psxdata,2026-05-11T12:51:29
PRL,2021-12-07,12.02,12.47,11.94,12.38,3571500,psxdata,2026-05-11T12:51:29
PRL,2021-12-08,12.54,12.8,12.15,12.3,1862000,psxdata,2026-05-11T12:51:29
PRL,2021-12-09,12.34,12.35,11.51,11.77,1809000,psxdata,2026-05-11T12:51:29
PRL,2021-12-10,11.7,11.95,11.3,11.72,1258000,psxdata,2026-05-11T12:51:29
PRL,2021-12-13,11.72,11.74,11.31,11.37,957000,psxdata,2026-05-11T12:51:29
PRL,2021-12-14,11.49,12.1,11.05,12.0,2134500,psxdata,2026-05-11T12:51:29
PRL,2021-12-15,12.5,13.0,12.44,13.0,4724500,psxdata,2026-05-11T12:51:29
PRL,2021-12-16,13.15,13.15,12.4,12.48,5037500,psxdata,2026-05-11T12:51:29
PRL,2021-12-17,12.0,12.29,11.7,12.1,3832500,psxdata,2026-05-11T12:51:29
PRL,2021-12-20,12.0,12.23,11.7,12.13,2343500,psxdata,2026-05-11T12:51:29
PRL,2021-12-21,12.2,12.6,12.1,12.25,2619500,psxdata,2026-05-11T12:51:29
PRL,2021-12-22,12.27,12.44,12.2,12.27,603000,psxdata,2026-05-11T12:51:29
PRL,2021-12-23,12.31,12.45,12.24,12.26,647500,psxdata,2026-05-11T12:51:29
PRL,2021-12-24,12.3,12.37,12.0,12.07,851500,psxdata,2026-05-11T12:51:29
PRL,2021-12-27,12.07,12.55,12.05,12.22,1410500,psxdata,2026-05-11T12:51:29
PRL,2021-12-28,12.31,12.68,12.21,12.48,1552500,psxdata,2026-05-11T12:51:29
PRL,2021-12-29,12.6,13.48,12.45,13.48,8351500,psxdata,2026-05-11T12:51:29
PRL,2021-12-30,14.1,14.35,13.6,13.76,9904000,psxdata,2026-05-11T12:51:29
PRL,2021-12-31,13.89,14.79,13.85,14.42,19788500,psxdata,2026-05-11T12:51:29
PRL,2022-01-03,14.19,14.44,14.02,14.36,6240000,psxdata,2026-05-11T12:51:29
PRL,2022-01-04,14.39,15.43,14.21,15.37,18380000,psxdata,2026-05-11T12:51:29
PRL,2022-01-05,15.35,15.85,14.91,15.45,10576000,psxdata,2026-05-11T12:51:29
PRL,2022-01-06,15.4,15.89,14.75,14.82,8334500,psxdata,2026-05-11T12:51:29
PRL,2022-01-07,14.82,15.24,14.82,15.14,4424105,psxdata,2026-05-11T12:51:29
PRL,2022-01-10,15.29,15.65,15.0,15.3,6447476,psxdata,2026-05-11T12:51:29
PRL,2022-01-11,15.4,15.4,15.07,15.12,3622353,psxdata,2026-05-11T12:51:29
PRL,2022-01-12,15.29,15.64,15.15,15.18,5172216,psxdata,2026-05-11T12:51:29
PRL,2022-01-13,15.3,15.4,15.11,15.25,2383740,psxdata,2026-05-11T12:51:29
PRL,2022-01-14,15.38,15.81,15.09,15.13,4248364,psxdata,2026-05-11T12:51:29
PRL,2022-01-17,15.34,15.35,14.47,14.71,2342915,psxdata,2026-05-11T12:51:29
PRL,2022-01-18,14.89,15.11,14.76,14.83,3523259,psxdata,2026-05-11T12:51:29
PRL,2022-01-19,14.93,14.99,13.92,14.08,2256601,psxdata,2026-05-11T12:51:29
PRL,2022-01-20,14.08,14.4,13.55,14.27,4098350,psxdata,2026-05-11T12:51:29
PRL,2022-01-21,14.31,14.51,14.15,14.23,867044,psxdata,2026-05-11T12:51:29
PRL,2022-01-24,14.34,14.34,13.85,14.04,585721,psxdata,2026-05-11T12:51:29
PRL,2022-01-25,14.3,14.57,14.02,14.11,1613877,psxdata,2026-05-11T12:51:29
PRL,2022-01-26,14.24,14.4,13.9,14.29,1095152,psxdata,2026-05-11T12:51:29
PRL,2022-01-27,14.31,14.38,14.05,14.11,806934,psxdata,2026-05-11T12:51:29
PRL,2022-01-28,14.11,14.28,13.95,14.0,1480423,psxdata,2026-05-11T12:51:29
PRL,2022-01-31,14.13,14.49,14.13,14.29,2432987,psxdata,2026-05-11T12:51:29
PRL,2022-02-01,14.31,14.84,14.29,14.66,5532030,psxdata,2026-05-11T12:51:29
PRL,2022-02-02,14.69,14.89,14.61,14.82,2428930,psxdata,2026-05-11T12:51:29
PRL,2022-02-03,15.0,15.15,14.35,14.43,3552454,psxdata,2026-05-11T12:51:29
PRL,2022-02-04,14.55,14.77,14.26,14.51,1169410,psxdata,2026-05-11T12:51:29
PRL,2022-02-07,14.6,14.82,14.16,14.31,2187626,psxdata,2026-05-11T12:51:29
PRL,2022-02-08,14.23,14.38,13.93,14.08,1455513,psxdata,2026-05-11T12:51:29
PRL,2022-02-09,14.02,14.2,13.93,14.0,950079,psxdata,2026-05-11T12:51:29
PRL,2022-02-10,14.07,14.15,13.85,13.88,936456,psxdata,2026-05-11T12:51:29
PRL,2022-02-11,13.9,14.03,13.75,13.8,523937,psxdata,2026-05-11T12:51:29
PRL,2022-02-14,13.84,13.85,13.42,13.58,1060053,psxdata,2026-05-11T12:51:29
PRL,2022-02-15,13.58,13.81,13.3,13.66,888452,psxdata,2026-05-11T12:51:29
PRL,2022-02-16,13.8,13.9,13.56,13.62,406813,psxdata,2026-05-11T12:51:29
PRL,2022-02-17,13.79,13.79,13.24,13.55,1888875,psxdata,2026-05-11T12:51:29
PRL,2022-02-18,13.52,13.7,13.5,13.62,268555,psxdata,2026-05-11T12:51:29
PRL,2022-02-21,13.53,13.55,13.25,13.28,721735,psxdata,2026-05-11T12:51:29
PRL,2022-02-22,13.21,13.21,12.8,12.99,1422078,psxdata,2026-05-11T12:51:29
PRL,2022-02-23,13.0,13.2,12.76,12.98,823637,psxdata,2026-05-11T12:51:29
PRL,2022-02-24,12.8,12.8,11.98,12.02,2286700,psxdata,2026-05-11T12:51:29
PRL,2022-02-25,12.2,12.37,12.0,12.12,1626949,psxdata,2026-05-11T12:51:29
PRL,2022-02-28,12.05,12.55,12.0,12.48,895120,psxdata,2026-05-11T12:51:29
PRL,2022-03-01,12.69,13.08,12.46,12.8,1937298,psxdata,2026-05-11T12:51:29
PRL,2022-03-02,12.7,12.7,11.85,12.35,1272483,psxdata,2026-05-11T12:51:29
PRL,2022-03-03,12.35,12.59,12.2,12.25,522415,psxdata,2026-05-11T12:51:29
PRL,2022-03-04,12.34,12.49,12.15,12.22,708907,psxdata,2026-05-11T12:51:29
PRL,2022-03-07,12.2,12.2,11.42,11.63,1120487,psxdata,2026-05-11T12:51:29
PRL,2022-03-08,11.7,11.94,11.41,11.45,656200,psxdata,2026-05-11T12:51:29
PRL,2022-03-09,11.36,11.73,11.36,11.43,453766,psxdata,2026-05-11T12:51:29
PRL,2022-03-10,11.69,11.8,11.58,11.63,703907,psxdata,2026-05-11T12:51:29
PRL,2022-03-11,11.55,11.69,11.35,11.4,507416,psxdata,2026-05-11T12:51:29
PRL,2022-03-14,11.5,11.5,11.0,11.08,567115,psxdata,2026-05-11T12:51:29
PRL,2022-03-15,11.2,11.44,11.08,11.29,857794,psxdata,2026-05-11T12:51:29
PRL,2022-03-16,11.3,11.53,11.28,11.33,1171658,psxdata,2026-05-11T12:51:29
PRL,2022-03-17,11.44,11.5,11.27,11.39,517334,psxdata,2026-05-11T12:51:29
PRL,2022-03-18,11.11,11.18,10.45,10.74,1251288,psxdata,2026-05-11T12:51:29
PRL,2022-03-21,10.99,11.09,10.8,10.85,500923,psxdata,2026-05-11T12:51:29
PRL,2022-03-22,10.93,11.15,10.7,11.09,709926,psxdata,2026-05-11T12:51:29
PRL,2022-03-24,10.91,11.4,10.8,11.34,1562024,psxdata,2026-05-11T12:51:29
PRL,2022-03-25,11.5,12.34,11.41,12.26,6195845,psxdata,2026-05-11T12:51:29
PRL,2022-03-28,12.4,12.45,12.12,12.33,2240042,psxdata,2026-05-11T12:51:29
PRL,2022-03-29,12.41,12.84,12.3,12.59,3066963,psxdata,2026-05-11T12:51:29
PRL,2022-03-30,12.42,12.7,12.04,12.31,1751130,psxdata,2026-05-11T12:51:29
PRL,2022-03-31,12.3,12.94,12.3,12.67,3217074,psxdata,2026-05-11T12:51:29
PRL,2022-04-01,12.42,13.48,12.42,13.22,8456905,psxdata,2026-05-11T12:51:29
PRL,2022-04-04,12.61,12.81,12.22,12.23,2450857,psxdata,2026-05-11T12:51:29
PRL,2022-04-05,12.01,12.45,12.0,12.13,758876,psxdata,2026-05-11T12:51:29
PRL,2022-04-06,12.1,12.37,12.0,12.22,609131,psxdata,2026-05-11T12:51:29
PRL,2022-04-07,12.38,12.55,12.2,12.31,992409,psxdata,2026-05-11T12:51:29
PRL,2022-04-08,12.45,13.31,12.31,13.09,5006172,psxdata,2026-05-11T12:51:29
PRL,2022-04-11,13.95,14.09,13.75,14.09,1749512,psxdata,2026-05-11T12:51:29
PRL,2022-04-12,14.55,15.14,14.11,15.11,12653000,psxdata,2026-05-11T12:51:29
PRL,2022-04-13,15.38,15.95,15.2,15.35,9028000,psxdata,2026-05-11T12:51:29
PRL,2022-04-14,15.36,16.5,15.35,16.48,21014500,psxdata,2026-05-11T12:51:29
PRL,2022-04-15,16.9,17.17,15.88,16.01,17705500,psxdata,2026-05-11T12:51:29
PRL,2022-04-18,16.01,16.61,15.75,15.88,10306500,psxdata,2026-05-11T12:51:29
PRL,2022-04-19,15.8,15.95,14.69,14.81,4316000,psxdata,2026-05-11T12:51:29
PRL,2022-04-20,15.48,15.74,14.9,15.15,5639500,psxdata,2026-05-11T12:51:29
PRL,2022-04-21,15.24,16.28,14.7,16.03,12900500,psxdata,2026-05-11T12:51:29
PRL,2022-04-22,17.23,17.23,17.23,17.23,6223000,psxdata,2026-05-11T12:51:29
PRL,2022-04-25,17.48,17.68,16.65,16.86,18366000,psxdata,2026-05-11T12:51:29
PRL,2022-04-26,16.86,16.95,16.1,16.19,4107000,psxdata,2026-05-11T12:51:29
PRL,2022-04-27,16.06,17.4,16.02,17.17,26165000,psxdata,2026-05-11T12:51:29
PRL,2022-04-28,16.91,17.62,16.55,17.24,12881000,psxdata,2026-05-11T12:51:29
PRL,2022-05-06,17.23,17.39,16.1,16.21,8656500,psxdata,2026-05-11T12:51:29
PRL,2022-05-09,16.21,16.21,15.0,15.0,7731000,psxdata,2026-05-11T12:51:29
PRL,2022-05-10,15.05,15.43,14.37,15.01,13867000,psxdata,2026-05-11T12:51:29
PRL,2022-05-11,15.1,15.37,13.89,14.35,13592000,psxdata,2026-05-11T12:51:29
PRL,2022-05-12,14.35,15.17,14.2,15.02,9683375,psxdata,2026-05-11T12:51:29
PRL,2022-05-13,15.1,15.72,14.71,15.41,14950748,psxdata,2026-05-11T12:51:29
PRL,2022-05-16,15.05,15.56,14.31,14.84,18068223,psxdata,2026-05-11T12:51:29
PRL,2022-05-17,15.3,15.65,14.93,15.11,10993864,psxdata,2026-05-11T12:51:29
PRL,2022-05-18,15.08,15.48,14.76,15.19,7390844,psxdata,2026-05-11T12:51:29
PRL,2022-05-19,15.19,15.38,14.98,15.05,2586893,psxdata,2026-05-11T12:51:29
PRL,2022-05-20,15.0,15.99,15.0,15.59,13034679,psxdata,2026-05-11T12:51:29
PRL,2022-05-23,15.3,15.59,15.08,15.28,5026740,psxdata,2026-05-11T12:51:29
PRL,2022-05-24,15.25,16.15,15.25,15.74,15739555,psxdata,2026-05-11T12:51:29
PRL,2022-05-25,15.7,16.91,15.6,16.64,21238649,psxdata,2026-05-11T12:51:29
PRL,2022-05-26,16.71,17.88,16.26,17.88,35663724,psxdata,2026-05-11T12:51:29
PRL,2022-05-27,18.44,19.22,17.43,17.79,55636420,psxdata,2026-05-11T12:51:29
PRL,2022-05-30,17.88,18.2,17.6,17.82,17238890,psxdata,2026-05-11T12:51:29
PRL,2022-05-31,17.9,18.52,17.85,17.99,21118824,psxdata,2026-05-11T12:51:29
PRL,2022-06-01,18.07,18.2,17.52,17.76,10216806,psxdata,2026-05-11T12:51:29
PRL,2022-06-02,17.85,18.1,17.5,17.95,14990615,psxdata,2026-05-11T12:51:29
PRL,2022-06-03,18.24,18.3,17.15,17.37,21762327,psxdata,2026-05-11T12:51:29
PRL,2022-06-06,17.26,17.7,16.81,17.46,16292330,psxdata,2026-05-11T12:51:29
PRL,2022-06-07,17.54,17.67,16.85,17.05,13410260,psxdata,2026-05-11T12:51:29
PRL,2022-06-08,17.1,17.29,16.9,17.1,6350753,psxdata,2026-05-11T12:51:29
PRL,2022-06-09,17.1,17.45,17.02,17.14,7563131,psxdata,2026-05-11T12:51:29
PRL,2022-06-10,17.25,17.3,17.1,17.2,2012050,psxdata,2026-05-11T12:51:29
PRL,2022-06-13,17.3,17.35,16.48,16.74,6206119,psxdata,2026-05-11T12:51:29
PRL,2022-06-14,16.8,17.25,16.71,17.15,5800086,psxdata,2026-05-11T12:51:29
PRL,2022-06-15,17.13,17.59,17.06,17.24,8924334,psxdata,2026-05-11T12:51:29
PRL,2022-06-16,17.31,17.54,17.2,17.4,6497704,psxdata,2026-05-11T12:51:29
PRL,2022-06-17,17.4,18.15,17.26,17.91,17111646,psxdata,2026-05-11T12:51:29
PRL,2022-06-20,18.2,18.3,17.62,17.69,11823839,psxdata,2026-05-11T12:51:29
PRL,2022-06-21,17.8,19.01,17.66,18.85,20652776,psxdata,2026-05-11T12:51:29
PRL,2022-06-22,19.3,19.4,18.67,18.98,23874098,psxdata,2026-05-11T12:51:29
PRL,2022-06-23,19.18,20.25,19.07,19.54,29344626,psxdata,2026-05-11T12:51:29
PRL,2022-06-24,19.61,19.7,18.08,18.1,25300378,psxdata,2026-05-11T12:51:29
PRL,2022-06-27,18.28,18.64,18.15,18.47,13320095,psxdata,2026-05-11T12:51:29
PRL,2022-06-28,18.5,18.67,18.1,18.21,9373473,psxdata,2026-05-11T12:51:29
PRL,2022-06-29,18.35,18.36,17.9,18.1,4212157,psxdata,2026-05-11T12:51:29
PRL,2022-06-30,18.05,18.18,17.76,17.89,8060653,psxdata,2026-05-11T12:51:29
PRL,2022-07-01,17.84,18.14,17.32,17.47,7296053,psxdata,2026-05-11T12:51:29
PRL,2022-07-04,17.36,17.45,16.85,16.91,4387325,psxdata,2026-05-11T12:51:29
PRL,2022-07-05,16.92,17.23,16.92,17.1,3742527,psxdata,2026-05-11T12:51:29
PRL,2022-07-06,17.26,17.4,17.15,17.2,2651222,psxdata,2026-05-11T12:51:29
PRL,2022-07-07,17.2,17.29,16.82,17.08,5075212,psxdata,2026-05-11T12:51:29
PRL,2022-07-13,17.08,18.1,16.91,17.86,6560614,psxdata,2026-05-11T12:51:29
PRL,2022-07-14,18.0,18.17,17.64,17.75,7255157,psxdata,2026-05-11T12:51:29
PRL,2022-07-15,17.5,17.74,17.3,17.36,5219907,psxdata,2026-05-11T12:51:29
PRL,2022-07-18,16.95,17.04,16.25,16.58,8161599,psxdata,2026-05-11T12:51:29
PRL,2022-07-19,16.85,16.9,15.85,16.05,5762948,psxdata,2026-05-11T12:51:29
PRL,2022-07-20,16.15,16.35,15.91,16.06,5226190,psxdata,2026-05-11T12:51:29
PRL,2022-07-21,16.02,16.26,14.88,15.09,5676084,psxdata,2026-05-11T12:51:29
PRL,2022-07-22,14.9,15.64,14.75,15.51,6650440,psxdata,2026-05-11T12:51:29
PRL,2022-07-25,15.31,15.74,15.12,15.64,2729670,psxdata,2026-05-11T12:51:29
PRL,2022-07-26,15.55,16.08,15.4,15.83,6410056,psxdata,2026-05-11T12:51:29
PRL,2022-07-27,15.86,16.06,15.55,15.71,3629525,psxdata,2026-05-11T12:51:29
PRL,2022-07-28,15.56,16.29,15.56,15.85,8062618,psxdata,2026-05-11T12:51:29
PRL,2022-07-29,15.99,16.06,15.3,15.46,5399429,psxdata,2026-05-11T12:51:29
PRL,2022-08-01,15.49,15.64,15.25,15.3,2451239,psxdata,2026-05-11T12:51:29
PRL,2022-08-02,15.12,16.24,14.85,16.07,13181522,psxdata,2026-05-11T12:51:29
PRL,2022-08-03,16.25,17.1,16.24,17.02,20252157,psxdata,2026-05-11T12:51:29
PRL,2022-08-04,17.2,17.21,16.7,16.84,11419870,psxdata,2026-05-11T12:51:29
PRL,2022-08-05,16.84,18.1,16.62,18.01,29939099,psxdata,2026-05-11T12:51:29
PRL,2022-08-10,18.4,18.64,17.8,18.1,27682786,psxdata,2026-05-11T12:51:29
PRL,2022-08-11,17.96,18.4,17.8,18.11,11957507,psxdata,2026-05-11T12:51:29
PRL,2022-08-12,18.16,19.46,18.12,19.46,27001244,psxdata,2026-05-11T12:51:29
PRL,2022-08-15,19.75,20.0,19.36,19.72,38745080,psxdata,2026-05-11T12:51:29
PRL,2022-08-16,19.9,19.9,18.88,19.04,29365790,psxdata,2026-05-11T12:51:29
PRL,2022-08-17,19.15,19.16,18.65,18.99,11091088,psxdata,2026-05-11T12:51:29
PRL,2022-08-18,19.25,20.39,19.25,19.91,41240161,psxdata,2026-05-11T12:51:29
PRL,2022-08-19,19.5,19.95,19.3,19.83,19455092,psxdata,2026-05-11T12:51:29
PRL,2022-08-22,19.5,19.69,19.0,19.14,17526934,psxdata,2026-05-11T12:51:29
PRL,2022-08-23,19.5,19.65,19.15,19.21,15827021,psxdata,2026-05-11T12:51:29
PRL,2022-08-24,19.35,19.39,18.85,19.19,10438607,psxdata,2026-05-11T12:51:29
PRL,2022-08-25,19.16,19.16,18.71,18.86,7365276,psxdata,2026-05-11T12:51:29
PRL,2022-08-26,18.81,19.4,18.76,19.08,16788033,psxdata,2026-05-11T12:51:29
PRL,2022-08-29,19.1,19.2,18.4,18.98,10336831,psxdata,2026-05-11T12:51:29
PRL,2022-08-30,19.55,19.58,18.8,18.91,10943398,psxdata,2026-05-11T12:51:29
PRL,2022-08-31,18.86,19.1,18.7,18.83,5373801,psxdata,2026-05-11T12:51:29
PRL,2022-09-01,19.05,19.23,18.89,19.14,11114769,psxdata,2026-05-11T12:51:29
PRL,2022-09-02,19.1,19.33,18.77,18.82,6485030,psxdata,2026-05-11T12:51:29
PRL,2022-09-05,18.82,18.99,17.7,17.91,12792473,psxdata,2026-05-11T12:51:29
PRL,2022-09-06,17.85,18.28,17.62,17.93,8934389,psxdata,2026-05-11T12:51:29
PRL,2022-09-07,18.0,18.27,17.82,17.95,6239656,psxdata,2026-05-11T12:51:29
PRL,2022-09-08,17.95,18.13,17.72,17.92,2410252,psxdata,2026-05-11T12:51:29
PRL,2022-09-09,17.9,18.1,17.72,17.78,5095034,psxdata,2026-05-11T12:51:29
PRL,2022-09-12,17.9,17.9,17.66,17.74,2441664,psxdata,2026-05-11T12:51:29
PRL,2022-09-13,17.8,17.87,17.58,17.65,2224830,psxdata,2026-05-11T12:51:29
PRL,2022-09-14,17.63,17.63,17.14,17.56,4516670,psxdata,2026-05-11T12:51:29
PRL,2022-09-15,17.64,17.99,17.4,17.51,5191075,psxdata,2026-05-11T12:51:29
PRL,2022-09-16,17.51,17.65,17.26,17.46,3089884,psxdata,2026-05-11T12:51:29
PRL,2022-09-19,17.5,17.67,17.1,17.24,2196208,psxdata,2026-05-11T12:51:29
PRL,2022-09-20,17.38,17.4,17.01,17.11,2716991,psxdata,2026-05-11T12:51:29
PRL,2022-09-21,17.28,17.28,16.5,16.74,2381426,psxdata,2026-05-11T12:51:29
PRL,2022-09-22,16.71,16.88,16.11,16.55,7700936,psxdata,2026-05-11T12:51:29
PRL,2022-09-23,16.55,16.75,16.09,16.18,2909060,psxdata,2026-05-11T12:51:29
PRL,2022-09-26,16.18,17.39,16.18,17.34,8558752,psxdata,2026-05-11T12:51:29
PRL,2022-09-27,17.44,17.83,17.4,17.58,6808060,psxdata,2026-05-11T12:51:29
PRL,2022-09-28,17.75,18.08,17.51,17.6,9329718,psxdata,2026-05-11T12:51:29
PRL,2022-09-29,17.65,17.84,17.31,17.38,3362953,psxdata,2026-05-11T12:51:29
PRL,2022-09-30,17.4,17.54,17.02,17.22,4096723,psxdata,2026-05-11T12:51:29
PRL,2022-10-03,17.17,17.35,16.9,16.98,4020774,psxdata,2026-05-11T12:51:29
PRL,2022-10-04,16.93,17.24,16.85,16.95,4650860,psxdata,2026-05-11T12:51:29
PRL,2022-10-05,16.96,17.2,16.9,16.95,3323534,psxdata,2026-05-11T12:51:29
PRL,2022-10-06,17.05,17.65,17.0,17.45,12692231,psxdata,2026-05-11T12:51:29
PRL,2022-10-07,17.01,17.49,17.0,17.13,5041766,psxdata,2026-05-11T12:51:29
PRL,2022-10-10,17.2,17.64,17.13,17.46,6442381,psxdata,2026-05-11T12:51:29
PRL,2022-10-11,17.8,18.46,17.7,18.22,32408798,psxdata,2026-05-11T12:51:29
PRL,2022-10-12,18.19,18.24,17.73,17.82,9522696,psxdata,2026-05-11T12:51:29
PRL,2022-10-13,17.97,18.14,17.56,17.98,9604598,psxdata,2026-05-11T12:51:29
PRL,2022-10-14,18.08,18.11,17.56,17.62,3989671,psxdata,2026-05-11T12:51:29
PRL,2022-10-17,17.5,17.55,17.16,17.23,2075618,psxdata,2026-05-11T12:51:29
PRL,2022-10-18,17.25,17.46,16.92,16.97,6587883,psxdata,2026-05-11T12:51:29
PRL,2022-10-19,16.98,17.38,16.95,17.33,3918379,psxdata,2026-05-11T12:51:29
PRL,2022-10-20,17.4,17.66,17.25,17.43,7057063,psxdata,2026-05-11T12:51:29
PRL,2022-10-21,17.6,18.13,17.3,17.81,21049553,psxdata,2026-05-11T12:51:29
PRL,2022-10-24,18.21,18.31,17.85,17.91,9543550,psxdata,2026-05-11T12:51:29
PRL,2022-10-25,17.9,18.0,17.5,17.57,4945667,psxdata,2026-05-11T12:51:29
PRL,2022-10-26,17.21,17.21,16.7,16.8,6484119,psxdata,2026-05-11T12:51:29
PRL,2022-10-27,16.86,17.1,16.45,16.96,6666159,psxdata,2026-05-11T12:51:29
PRL,2022-10-28,16.9,16.9,16.16,16.26,7041498,psxdata,2026-05-11T12:51:29
PRL,2022-10-31,16.35,16.53,16.25,16.4,1766355,psxdata,2026-05-11T12:51:29
PRL,2022-11-01,16.55,17.22,16.5,17.16,7171777,psxdata,2026-05-11T12:51:29
PRL,2022-11-02,17.24,17.29,16.86,17.0,5252572,psxdata,2026-05-11T12:51:29
PRL,2022-11-03,16.98,17.28,16.96,17.07,3442339,psxdata,2026-05-11T12:51:29
PRL,2022-11-04,16.9,16.95,16.58,16.74,4772708,psxdata,2026-05-11T12:51:29
PRL,2022-11-07,16.9,17.15,16.9,16.92,1740478,psxdata,2026-05-11T12:51:29
PRL,2022-11-08,17.1,17.55,17.02,17.19,7154012,psxdata,2026-05-11T12:51:29
PRL,2022-11-10,17.23,17.95,17.23,17.82,8819766,psxdata,2026-05-11T12:51:29
PRL,2022-11-11,17.92,18.12,17.8,17.94,14858839,psxdata,2026-05-11T12:51:29
PRL,2022-11-14,17.5,17.64,17.2,17.35,4693848,psxdata,2026-05-11T12:51:29
PRL,2022-11-15,17.4,17.78,17.34,17.53,5476393,psxdata,2026-05-11T12:51:29
PRL,2022-11-16,17.55,17.7,17.36,17.51,2260428,psxdata,2026-05-11T12:51:29
PRL,2022-11-17,17.45,17.53,17.15,17.2,3442012,psxdata,2026-05-11T12:51:29
PRL,2022-11-18,17.15,17.45,17.1,17.24,3339276,psxdata,2026-05-11T12:51:29
PRL,2022-11-21,17.35,17.48,17.15,17.23,2584238,psxdata,2026-05-11T12:51:29
PRL,2022-11-22,17.3,17.38,17.12,17.28,1910484,psxdata,2026-05-11T12:51:29
PRL,2022-11-23,17.28,17.39,17.12,17.19,875065,psxdata,2026-05-11T12:51:29
PRL,2022-11-24,17.29,17.4,17.2,17.29,1793959,psxdata,2026-05-11T12:51:29
PRL,2022-11-25,17.5,17.5,16.96,17.01,5587847,psxdata,2026-05-11T12:51:29
PRL,2022-11-28,16.75,16.75,16.3,16.37,4010277,psxdata,2026-05-11T12:51:29
PRL,2022-11-29,16.52,16.64,16.35,16.48,1210824,psxdata,2026-05-11T12:51:29
PRL,2022-11-30,16.5,16.6,16.21,16.27,2102538,psxdata,2026-05-11T12:51:29
PRL,2022-12-01,16.35,16.56,16.25,16.31,1685067,psxdata,2026-05-11T12:51:29
PRL,2022-12-02,16.25,16.37,15.9,16.1,1708932,psxdata,2026-05-11T12:51:29
PRL,2022-12-05,16.2,16.22,15.76,15.8,703029,psxdata,2026-05-11T12:51:29
PRL,2022-12-06,15.98,15.98,15.48,15.75,860576,psxdata,2026-05-11T12:51:29
PRL,2022-12-07,15.84,16.25,15.76,16.08,2519453,psxdata,2026-05-11T12:51:29
PRL,2022-12-08,16.08,16.18,15.85,15.86,1099019,psxdata,2026-05-11T12:51:29
PRL,2022-12-09,15.99,15.99,15.5,15.66,1058502,psxdata,2026-05-11T12:51:29
PRL,2022-12-12,15.63,15.79,15.37,15.51,1175505,psxdata,2026-05-11T12:51:29
PRL,2022-12-13,15.5,15.92,15.41,15.64,2949529,psxdata,2026-05-11T12:51:29
PRL,2022-12-14,15.79,16.1,15.45,15.63,1691824,psxdata,2026-05-11T12:51:29
PRL,2022-12-15,15.68,15.7,15.15,15.43,2045233,psxdata,2026-05-11T12:51:29
PRL,2022-12-16,15.4,15.48,15.14,15.36,1370906,psxdata,2026-05-11T12:51:29
PRL,2022-12-19,15.44,15.44,15.0,15.14,1608835,psxdata,2026-05-11T12:51:29
PRL,2022-12-20,15.07,15.15,14.01,14.01,5022575,psxdata,2026-05-11T12:51:29
PRL,2022-12-21,13.71,14.0,12.96,12.96,5046845,psxdata,2026-05-11T12:51:29
PRL,2022-12-22,12.82,13.58,12.65,13.23,13016812,psxdata,2026-05-11T12:51:29
PRL,2022-12-23,12.99,13.1,12.47,12.63,6114135,psxdata,2026-05-11T12:51:29
PRL,2022-12-26,12.74,13.43,12.7,13.32,6337078,psxdata,2026-05-11T12:51:29
PRL,2022-12-27,13.35,13.38,12.96,13.0,3477810,psxdata,2026-05-11T12:51:29
PRL,2022-12-28,13.13,13.47,12.92,13.02,8319319,psxdata,2026-05-11T12:51:29
PRL,2022-12-29,13.05,13.15,12.74,12.9,7532863,psxdata,2026-05-11T12:51:29
PRL,2022-12-30,12.85,13.19,12.85,12.97,3271012,psxdata,2026-05-11T12:51:29
PRL,2023-01-02,13.0,13.77,12.98,13.56,12733241,psxdata,2026-05-11T12:51:29
PRL,2023-01-03,13.56,13.56,13.2,13.26,3398373,psxdata,2026-05-11T12:51:29
PRL,2023-01-04,13.25,13.55,13.03,13.07,3410789,psxdata,2026-05-11T12:51:29
PRL,2023-01-05,13.15,13.25,12.9,13.01,2226895,psxdata,2026-05-11T12:51:29
PRL,2023-01-06,13.16,13.9,13.16,13.81,16077002,psxdata,2026-05-11T12:51:29
PRL,2023-01-09,13.79,14.11,13.43,13.75,17570452,psxdata,2026-05-11T12:51:29
PRL,2023-01-10,14.15,14.56,14.03,14.11,14030580,psxdata,2026-05-11T12:51:29
PRL,2023-01-11,14.2,14.28,13.9,14.0,5956990,psxdata,2026-05-11T12:51:29
PRL,2023-01-12,13.9,14.37,13.82,14.02,9803463,psxdata,2026-05-11T12:51:29
PRL,2023-01-13,13.74,13.8,13.4,13.5,4792020,psxdata,2026-05-11T12:51:29
PRL,2023-01-16,13.4,13.6,12.87,12.94,3890615,psxdata,2026-05-11T12:51:29
PRL,2023-01-17,13.0,13.1,12.1,12.18,3486882,psxdata,2026-05-11T12:51:29
PRL,2023-01-18,12.05,12.59,12.02,12.43,4320865,psxdata,2026-05-11T12:51:29
PRL,2023-01-19,12.51,12.79,12.47,12.51,4918102,psxdata,2026-05-11T12:51:29
PRL,2023-01-20,12.52,12.64,12.15,12.23,2813920,psxdata,2026-05-11T12:51:29
PRL,2023-01-23,12.2,12.38,11.83,12.25,1242546,psxdata,2026-05-11T12:51:29
PRL,2023-01-24,12.16,12.56,12.16,12.49,3006215,psxdata,2026-05-11T12:51:29
PRL,2023-01-25,12.5,12.92,12.5,12.66,6727002,psxdata,2026-05-11T12:51:29
PRL,2023-01-26,13.2,13.66,13.2,13.66,10375518,psxdata,2026-05-11T12:51:29
PRL,2023-01-27,13.8,14.1,13.45,13.61,14225354,psxdata,2026-05-11T12:51:29
PRL,2023-01-30,13.62,14.18,13.22,13.66,21142838,psxdata,2026-05-11T12:51:29
PRL,2023-01-31,13.79,13.9,13.56,13.65,7748506,psxdata,2026-05-11T12:51:29
PRL,2023-02-01,13.7,13.92,13.5,13.69,4715810,psxdata,2026-05-11T12:51:29
PRL,2023-02-02,13.61,13.8,13.55,13.6,2200792,psxdata,2026-05-11T12:51:29
PRL,2023-02-03,13.6,13.65,13.22,13.4,1864672,psxdata,2026-05-11T12:51:29
PRL,2023-02-06,13.5,13.75,13.34,13.64,2862000,psxdata,2026-05-11T12:51:29
PRL,2023-02-07,13.61,13.76,13.16,13.23,7382807,psxdata,2026-05-11T12:51:29
PRL,2023-02-08,13.29,13.62,13.12,13.26,7891245,psxdata,2026-05-11T12:51:29
PRL,2023-02-09,13.32,13.79,13.29,13.66,11272142,psxdata,2026-05-11T12:51:29
PRL,2023-02-10,13.35,13.6,13.24,13.35,5757564,psxdata,2026-05-11T12:51:29
PRL,2023-02-13,13.48,13.48,13.25,13.3,1474053,psxdata,2026-05-11T12:51:29
PRL,2023-02-14,13.3,13.4,13.03,13.07,1594345,psxdata,2026-05-11T12:51:29
PRL,2023-02-15,13.07,13.35,13.02,13.19,3309941,psxdata,2026-05-11T12:51:29
PRL,2023-02-16,13.2,13.51,13.17,13.2,2703634,psxdata,2026-05-11T12:51:29
PRL,2023-02-17,13.17,13.25,13.08,13.15,580875,psxdata,2026-05-11T12:51:29
PRL,2023-02-20,13.15,13.48,12.9,12.99,3591351,psxdata,2026-05-11T12:51:29
PRL,2023-02-21,13.1,13.3,13.05,13.26,2635492,psxdata,2026-05-11T12:51:29
PRL,2023-02-22,13.31,13.35,13.1,13.23,1566504,psxdata,2026-05-11T12:51:29
PRL,2023-02-23,13.2,13.24,12.94,12.99,1510282,psxdata,2026-05-11T12:51:29
PRL,2023-02-24,13.13,13.13,12.6,12.7,4122000,psxdata,2026-05-11T12:51:29
PRL,2023-02-27,12.75,12.9,12.55,12.73,1876949,psxdata,2026-05-11T12:51:29
PRL,2023-02-28,12.85,12.89,12.4,12.48,1080001,psxdata,2026-05-11T12:51:29
PRL,2023-03-01,12.35,12.45,12.1,12.41,2654273,psxdata,2026-05-11T12:51:29
PRL,2023-03-02,12.39,12.49,12.1,12.21,1309373,psxdata,2026-05-11T12:51:29
PRL,2023-03-03,12.0,12.8,12.0,12.67,5690568,psxdata,2026-05-11T12:51:29
PRL,2023-03-06,12.76,13.11,12.7,12.8,5208413,psxdata,2026-05-11T12:51:29
PRL,2023-03-07,12.8,12.8,12.64,12.66,846165,psxdata,2026-05-11T12:51:29
PRL,2023-03-08,12.62,12.88,12.62,12.67,2515660,psxdata,2026-05-11T12:51:29
PRL,2023-03-09,12.7,13.2,12.7,13.09,4598800,psxdata,2026-05-11T12:51:29
PRL,2023-03-10,13.1,13.52,12.98,13.28,5244268,psxdata,2026-05-11T12:51:29
PRL,2023-03-13,13.34,13.55,13.03,13.07,3208979,psxdata,2026-05-11T12:51:29
PRL,2023-03-14,13.06,13.35,13.03,13.14,1718672,psxdata,2026-05-11T12:51:29
PRL,2023-03-15,13.06,13.38,13.01,13.28,3299817,psxdata,2026-05-11T12:51:29
PRL,2023-03-16,13.5,13.69,13.2,13.28,5642567,psxdata,2026-05-11T12:51:29
PRL,2023-03-17,13.31,13.35,13.16,13.27,708031,psxdata,2026-05-11T12:51:29
PRL,2023-03-20,13.2,13.33,13.1,13.11,896768,psxdata,2026-05-11T12:51:29
PRL,2023-03-21,13.14,13.44,13.09,13.22,2079305,psxdata,2026-05-11T12:51:29
PRL,2023-03-22,13.26,13.29,12.88,12.92,1321070,psxdata,2026-05-11T12:51:29
PRL,2023-03-24,12.91,12.91,12.66,12.74,350292,psxdata,2026-05-11T12:51:29
PRL,2023-03-27,12.66,12.75,12.44,12.48,641444,psxdata,2026-05-11T12:51:29
PRL,2023-03-28,12.56,12.68,12.51,12.63,345598,psxdata,2026-05-11T12:51:29
PRL,2023-03-29,12.68,12.68,12.4,12.46,1047312,psxdata,2026-05-11T12:51:29
PRL,2023-03-30,12.55,12.55,12.24,12.26,837114,psxdata,2026-05-11T12:51:29
PRL,2023-03-31,12.35,12.35,12.02,12.14,1081579,psxdata,2026-05-11T12:51:29
PRL,2023-04-03,12.15,12.3,12.13,12.23,1322532,psxdata,2026-05-11T12:51:29
PRL,2023-04-04,12.21,12.27,12.06,12.23,779074,psxdata,2026-05-11T12:51:29
PRL,2023-04-05,12.4,12.44,12.2,12.26,449282,psxdata,2026-05-11T12:51:29
PRL,2023-04-06,12.35,12.55,12.35,12.48,1530741,psxdata,2026-05-11T12:51:29
PRL,2023-04-07,12.5,12.58,12.3,12.35,632106,psxdata,2026-05-11T12:51:29
PRL,2023-04-10,12.3,12.4,12.15,12.19,250468,psxdata,2026-05-11T12:51:29
PRL,2023-04-11,12.28,12.39,12.07,12.3,456428,psxdata,2026-05-11T12:51:29
PRL,2023-04-12,12.3,12.58,12.3,12.4,1124226,psxdata,2026-05-11T12:51:29
PRL,2023-04-13,12.5,12.65,12.3,12.34,495463,psxdata,2026-05-11T12:51:29
PRL,2023-04-17,12.37,12.46,12.28,12.3,357221,psxdata,2026-05-11T12:51:29
PRL,2023-04-18,12.3,12.39,12.23,12.27,132465,psxdata,2026-05-11T12:51:29
PRL,2023-04-19,12.31,12.75,12.31,12.55,2497386,psxdata,2026-05-11T12:51:29
PRL,2023-04-20,12.65,13.55,12.49,13.52,11539538,psxdata,2026-05-11T12:51:29
PRL,2023-04-26,13.9,14.39,13.76,14.22,16012179,psxdata,2026-05-11T12:51:29
PRL,2023-04-27,14.19,14.25,13.82,13.91,6884986,psxdata,2026-05-11T12:51:29
PRL,2023-04-28,13.86,14.95,13.86,14.68,22176207,psxdata,2026-05-11T12:51:29
PRL,2023-05-02,14.58,14.58,14.18,14.26,7163884,psxdata,2026-05-11T12:51:29
PRL,2023-05-03,14.25,14.35,13.8,13.91,8542194,psxdata,2026-05-11T12:51:29
PRL,2023-05-04,13.91,14.24,13.81,14.0,4407502,psxdata,2026-05-11T12:51:29
PRL,2023-05-05,13.9,14.1,13.85,14.0,1194615,psxdata,2026-05-11T12:51:29
PRL,2023-05-08,14.01,14.64,14.01,14.16,11367786,psxdata,2026-05-11T12:51:29
PRL,2023-05-09,14.16,14.17,13.53,13.87,4824902,psxdata,2026-05-11T12:51:29
PRL,2023-05-10,13.63,14.0,13.53,13.63,1541839,psxdata,2026-05-11T12:51:29
PRL,2023-05-11,13.65,14.01,13.65,13.86,2205332,psxdata,2026-05-11T12:51:29
PRL,2023-05-12,13.96,14.19,13.81,13.88,2329070,psxdata,2026-05-11T12:51:29
PRL,2023-05-15,13.72,13.78,13.56,13.69,1339225,psxdata,2026-05-11T12:51:29
PRL,2023-05-16,13.8,14.0,13.76,13.83,1144273,psxdata,2026-05-11T12:51:29
PRL,2023-05-17,13.85,13.94,13.7,13.79,1492862,psxdata,2026-05-11T12:51:29
PRL,2023-05-18,14.0,14.35,13.9,13.96,7526334,psxdata,2026-05-11T12:51:29
PRL,2023-05-19,13.96,14.08,13.7,13.83,2934030,psxdata,2026-05-11T12:51:29
PRL,2023-05-22,13.99,13.99,13.66,13.69,939525,psxdata,2026-05-11T12:51:29
PRL,2023-05-23,13.7,13.9,13.62,13.69,1536342,psxdata,2026-05-11T12:51:29
PRL,2023-05-24,13.85,14.03,13.71,13.77,2665354,psxdata,2026-05-11T12:51:29
PRL,2023-05-25,14.0,14.45,13.92,14.1,8370529,psxdata,2026-05-11T12:51:29
PRL,2023-05-26,14.16,14.31,13.9,13.96,4312807,psxdata,2026-05-11T12:51:29
PRL,2023-05-29,13.8,14.18,13.8,13.9,4364495,psxdata,2026-05-11T12:51:29
PRL,2023-05-30,13.99,14.25,13.93,14.15,2160354,psxdata,2026-05-11T12:51:29
PRL,2023-05-31,14.1,14.34,13.96,14.01,1939279,psxdata,2026-05-11T12:51:29
PRL,2023-06-01,14.0,14.29,13.95,14.22,4031577,psxdata,2026-05-11T12:51:29
PRL,2023-06-02,14.27,14.28,14.03,14.06,1070343,psxdata,2026-05-11T12:51:29
PRL,2023-06-05,14.05,14.45,14.05,14.36,5738026,psxdata,2026-05-11T12:51:29
PRL,2023-06-06,14.5,15.29,14.36,15.06,20519216,psxdata,2026-05-11T12:51:29
PRL,2023-06-07,15.2,15.3,14.73,14.79,11614238,psxdata,2026-05-11T12:51:29
PRL,2023-06-08,14.85,15.04,14.41,14.47,9600621,psxdata,2026-05-11T12:51:29
PRL,2023-06-09,14.5,14.55,14.35,14.45,1740428,psxdata,2026-05-11T12:51:29
PRL,2023-06-12,15.0,15.2,14.61,14.67,10796483,psxdata,2026-05-11T12:51:29
PRL,2023-06-13,14.64,14.85,14.38,14.51,6148570,psxdata,2026-05-11T12:51:29
PRL,2023-06-14,14.5,14.68,14.18,14.22,3592139,psxdata,2026-05-11T12:51:29
PRL,2023-06-15,14.25,14.45,14.11,14.25,3324031,psxdata,2026-05-11T12:51:29
PRL,2023-06-16,14.24,14.4,14.11,14.14,1574847,psxdata,2026-05-11T12:51:29
PRL,2023-06-19,14.2,14.23,13.71,13.93,4088360,psxdata,2026-05-11T12:51:29
PRL,2023-06-20,13.77,13.92,13.65,13.72,1822469,psxdata,2026-05-11T12:51:29
PRL,2023-06-21,13.85,13.86,13.2,13.39,992910,psxdata,2026-05-11T12:51:29
PRL,2023-06-22,13.38,13.45,13.2,13.36,1270424,psxdata,2026-05-11T12:51:29
PRL,2023-06-23,13.35,13.6,13.03,13.16,2268473,psxdata,2026-05-11T12:51:29
PRL,2023-06-26,13.19,13.86,13.19,13.69,4886457,psxdata,2026-05-11T12:51:29
PRL,2023-06-27,13.69,13.82,13.5,13.56,3267734,psxdata,2026-05-11T12:51:29
PRL,2023-07-03,14.58,14.58,14.28,14.58,7696362,psxdata,2026-05-11T12:51:29
PRL,2023-07-04,14.6,15.67,14.3,15.31,44181355,psxdata,2026-05-11T12:51:29
PRL,2023-07-05,15.45,16.34,15.4,15.75,27316501,psxdata,2026-05-11T12:51:29
PRL,2023-07-06,15.65,15.9,15.35,15.63,8162151,psxdata,2026-05-11T12:51:29
PRL,2023-07-07,15.89,16.09,15.39,15.88,6684815,psxdata,2026-05-11T12:51:29
PRL,2023-07-10,15.61,16.67,15.61,16.28,17998224,psxdata,2026-05-11T12:51:29
PRL,2023-07-11,16.3,17.44,16.1,16.95,31421276,psxdata,2026-05-11T12:51:29
PRL,2023-07-12,17.0,17.56,17.0,17.15,18150809,psxdata,2026-05-11T12:51:29
PRL,2023-07-13,17.4,17.79,17.15,17.21,16554956,psxdata,2026-05-11T12:51:29
PRL,2023-07-14,17.05,17.31,16.85,16.92,5882358,psxdata,2026-05-11T12:51:29
PRL,2023-07-17,17.12,17.45,16.95,17.03,8990937,psxdata,2026-05-11T12:51:29
PRL,2023-07-18,16.91,17.0,16.42,16.64,7446808,psxdata,2026-05-11T12:51:29
PRL,2023-07-19,16.6,16.9,16.15,16.26,8254232,psxdata,2026-05-11T12:51:29
PRL,2023-07-20,16.2,16.64,16.11,16.44,5724816,psxdata,2026-05-11T12:51:29
PRL,2023-07-21,16.41,16.81,16.4,16.5,3434228,psxdata,2026-05-11T12:51:29
PRL,2023-07-24,16.78,16.78,16.26,16.6,8884571,psxdata,2026-05-11T12:51:29
PRL,2023-07-25,16.6,16.87,16.55,16.63,4847694,psxdata,2026-05-11T12:51:29
PRL,2023-07-26,16.72,17.2,16.48,16.93,18394805,psxdata,2026-05-11T12:51:29
PRL,2023-07-27,17.0,17.19,16.76,16.92,10231982,psxdata,2026-05-11T12:51:29
PRL,2023-07-31,17.1,17.39,16.96,17.22,15010977,psxdata,2026-05-11T12:51:29
PRL,2023-08-01,17.4,18.25,17.26,17.76,31788687,psxdata,2026-05-11T12:51:29
PRL,2023-08-02,17.75,18.6,17.55,18.4,31345365,psxdata,2026-05-11T12:51:29
PRL,2023-08-03,18.5,18.66,17.63,17.76,18483025,psxdata,2026-05-11T12:51:29
PRL,2023-08-04,17.8,18.7,17.41,18.58,25888166,psxdata,2026-05-11T12:51:29
PRL,2023-08-07,18.8,19.19,17.6,18.01,35710774,psxdata,2026-05-11T12:51:29
PRL,2023-08-08,18.17,18.17,16.66,16.77,18583397,psxdata,2026-05-11T12:51:29
PRL,2023-08-09,16.8,17.21,16.59,17.08,12409710,psxdata,2026-05-11T12:51:29
PRL,2023-08-10,17.2,17.52,16.11,16.63,13524696,psxdata,2026-05-11T12:51:29
PRL,2023-08-11,16.8,17.05,16.56,16.67,5000906,psxdata,2026-05-11T12:51:29
PRL,2023-08-15,16.7,16.95,16.5,16.62,4849289,psxdata,2026-05-11T12:51:29
PRL,2023-08-16,16.7,16.79,16.06,16.17,3366215,psxdata,2026-05-11T12:51:29
PRL,2023-08-17,16.44,16.79,15.8,16.71,12576009,psxdata,2026-05-11T12:51:29
PRL,2023-08-18,16.89,17.03,16.03,16.21,11235174,psxdata,2026-05-11T12:51:29
PRL,2023-08-21,16.06,16.29,15.52,15.64,6214957,psxdata,2026-05-11T12:51:29
PRL,2023-08-22,15.64,15.77,15.5,15.62,1685124,psxdata,2026-05-11T12:51:29
PRL,2023-08-23,15.55,15.82,15.41,15.7,5808434,psxdata,2026-05-11T12:51:29
PRL,2023-08-24,15.8,15.98,15.55,15.6,3527785,psxdata,2026-05-11T12:51:29
PRL,2023-08-25,15.7,15.7,15.11,15.41,3631249,psxdata,2026-05-11T12:51:29
PRL,2023-08-28,15.48,15.58,15.17,15.26,3163070,psxdata,2026-05-11T12:51:29
PRL,2023-08-29,15.3,15.33,14.79,15.03,3303674,psxdata,2026-05-11T12:51:29
PRL,2023-08-30,15.15,15.17,14.41,14.54,2624247,psxdata,2026-05-11T12:51:29
PRL,2023-08-31,14.54,14.6,13.45,13.55,12292254,psxdata,2026-05-11T12:51:29
PRL,2023-09-01,13.8,13.9,13.35,13.73,4158283,psxdata,2026-05-11T12:51:29
PRL,2023-09-04,13.86,14.55,13.75,14.45,6732930,psxdata,2026-05-11T12:51:29
PRL,2023-09-05,15.0,15.0,14.21,14.31,4725209,psxdata,2026-05-11T12:51:29
PRL,2023-09-06,14.31,14.77,14.15,14.71,3272731,psxdata,2026-05-11T12:51:29
PRL,2023-09-07,14.8,15.03,14.53,14.61,4200604,psxdata,2026-05-11T12:51:29
PRL,2023-09-08,14.68,14.84,14.47,14.61,3046891,psxdata,2026-05-11T12:51:29
PRL,2023-09-11,14.66,14.78,14.36,14.51,1566203,psxdata,2026-05-11T12:51:29
PRL,2023-09-12,14.49,14.49,14.24,14.27,1400523,psxdata,2026-05-11T12:51:29
PRL,2023-09-13,14.38,14.5,14.14,14.21,1700774,psxdata,2026-05-11T12:51:29
PRL,2023-09-14,14.16,14.33,14.15,14.2,1015883,psxdata,2026-05-11T12:51:29
PRL,2023-09-15,14.66,14.91,14.26,14.33,2854178,psxdata,2026-05-11T12:51:29
PRL,2023-09-18,14.5,15.11,14.29,14.78,7869080,psxdata,2026-05-11T12:51:29
PRL,2023-09-19,14.99,15.08,14.65,14.96,4465115,psxdata,2026-05-11T12:51:29
PRL,2023-09-20,15.14,15.14,14.78,14.81,1120181,psxdata,2026-05-11T12:51:29
PRL,2023-09-21,14.8,15.2,14.72,15.07,1688188,psxdata,2026-05-11T12:51:29
PRL,2023-09-22,15.2,15.39,15.1,15.21,4160774,psxdata,2026-05-11T12:51:29
PRL,2023-09-25,15.3,15.36,15.02,15.24,3309704,psxdata,2026-05-11T12:51:29
PRL,2023-09-26,15.31,15.77,15.08,15.43,8249804,psxdata,2026-05-11T12:51:29
PRL,2023-09-27,15.45,15.56,15.25,15.29,2362126,psxdata,2026-05-11T12:51:29
PRL,2023-09-28,15.39,15.44,15.14,15.22,3105098,psxdata,2026-05-11T12:51:29
PRL,2023-10-02,15.19,15.52,15.19,15.43,3199137,psxdata,2026-05-11T12:51:29
PRL,2023-10-03,15.5,15.8,15.5,15.59,5287550,psxdata,2026-05-11T12:51:29
PRL,2023-10-04,15.64,16.07,15.59,15.89,12978337,psxdata,2026-05-11T12:51:29
PRL,2023-10-05,15.92,16.0,15.65,15.7,2531957,psxdata,2026-05-11T12:51:29
PRL,2023-10-06,15.74,15.8,15.6,15.68,1297059,psxdata,2026-05-11T12:51:29
PRL,2023-10-09,15.49,15.85,15.49,15.76,2696951,psxdata,2026-05-11T12:51:29
PRL,2023-10-10,15.94,16.68,15.72,16.43,26344125,psxdata,2026-05-11T12:51:29
PRL,2023-10-11,16.65,17.05,16.4,16.46,18138704,psxdata,2026-05-11T12:51:29
PRL,2023-10-12,16.46,16.62,16.06,16.23,11579946,psxdata,2026-05-11T12:51:29
PRL,2023-10-13,16.34,16.39,16.0,16.09,9494821,psxdata,2026-05-11T12:51:29
PRL,2023-10-16,16.3,16.48,15.87,16.33,8273732,psxdata,2026-05-11T12:51:29
PRL,2023-10-17,16.26,16.53,16.08,16.15,5508812,psxdata,2026-05-11T12:51:29
PRL,2023-10-18,16.2,17.36,16.19,16.87,75718044,psxdata,2026-05-11T12:51:29
PRL,2023-10-19,17.1,17.58,16.92,17.47,37666822,psxdata,2026-05-11T12:51:29
PRL,2023-10-20,17.8,18.67,17.6,18.13,42467382,psxdata,2026-05-11T12:51:29
PRL,2023-10-23,18.3,18.5,18.0,18.16,15395890,psxdata,2026-05-11T12:51:29
PRL,2023-10-24,18.27,18.88,18.11,18.64,33555439,psxdata,2026-05-11T12:51:29
PRL,2023-10-25,18.74,18.88,18.52,18.64,12845060,psxdata,2026-05-11T12:51:29
PRL,2023-10-26,18.76,18.88,18.2,18.26,6685946,psxdata,2026-05-11T12:51:29
PRL,2023-10-27,18.45,18.5,18.11,18.35,8154284,psxdata,2026-05-11T12:51:29
PRL,2023-10-30,18.47,19.56,18.35,19.3,32398721,psxdata,2026-05-11T12:51:29
PRL,2023-10-31,19.49,20.75,19.14,20.69,51538473,psxdata,2026-05-11T12:51:29
PRL,2023-11-01,21.4,22.24,21.2,21.57,55036194,psxdata,2026-05-11T12:51:29
PRL,2023-11-02,21.59,21.96,21.3,21.57,25930078,psxdata,2026-05-11T12:51:29
PRL,2023-11-03,21.69,23.19,21.32,22.65,41824973,psxdata,2026-05-11T12:51:29
PRL,2023-11-06,22.95,23.8,22.75,23.3,37317387,psxdata,2026-05-11T12:51:29
PRL,2023-11-07,23.38,23.38,21.57,21.67,36253663,psxdata,2026-05-11T12:51:29
PRL,2023-11-08,21.5,22.84,21.15,22.68,40299656,psxdata,2026-05-11T12:51:29
PRL,2023-11-10,22.87,23.41,22.51,23.18,31064288,psxdata,2026-05-11T12:51:29
PRL,2023-11-13,23.24,23.65,22.95,23.09,23831505,psxdata,2026-05-11T12:51:29
PRL,2023-11-14,23.0,24.09,22.35,23.65,35147843,psxdata,2026-05-11T12:51:29
PRL,2023-11-15,23.7,24.35,23.51,24.24,37133521,psxdata,2026-05-11T12:51:29
PRL,2023-11-16,24.5,25.59,24.31,24.97,39582534,psxdata,2026-05-11T12:51:29
PRL,2023-11-17,25.1,25.4,24.4,24.63,22838424,psxdata,2026-05-11T12:51:29
PRL,2023-11-20,24.65,25.2,24.25,24.75,19368276,psxdata,2026-05-11T12:51:29
PRL,2023-11-21,24.75,25.55,24.52,24.84,29063069,psxdata,2026-05-11T12:51:29
PRL,2023-11-22,25.0,25.4,25.0,25.04,13920397,psxdata,2026-05-11T12:51:29
PRL,2023-11-23,25.21,25.85,25.05,25.53,32348031,psxdata,2026-05-11T12:51:29
PRL,2023-11-24,25.68,25.78,25.0,25.1,15400511,psxdata,2026-05-11T12:51:29
PRL,2023-11-27,25.29,25.5,24.9,25.02,9661883,psxdata,2026-05-11T12:51:29
PRL,2023-11-28,25.1,25.61,24.82,25.47,23647647,psxdata,2026-05-11T12:51:29
PRL,2023-11-29,25.65,26.11,24.82,25.01,35409231,psxdata,2026-05-11T12:51:29
PRL,2023-11-30,25.1,25.35,24.83,24.95,8356656,psxdata,2026-05-11T12:51:29
PRL,2023-12-01,25.0,25.39,24.95,25.32,9358620,psxdata,2026-05-11T12:51:29
PRL,2023-12-04,25.49,26.2,25.33,25.64,22669534,psxdata,2026-05-11T12:51:29
PRL,2023-12-05,25.71,27.33,25.5,26.98,53701236,psxdata,2026-05-11T12:51:29
PRL,2023-12-06,27.0,27.99,26.84,27.52,42648059,psxdata,2026-05-11T12:51:29
PRL,2023-12-07,29.58,29.58,29.1,29.58,14366436,psxdata,2026-05-11T12:51:29
PRL,2023-12-08,31.21,31.8,30.55,31.8,15027877,psxdata,2026-05-11T12:51:29
PRL,2023-12-11,29.42,31.4,29.42,30.11,42320733,psxdata,2026-05-11T12:51:29
PRL,2023-12-12,30.44,32.37,30.32,32.37,29486449,psxdata,2026-05-11T12:51:29
PRL,2023-12-13,33.11,34.8,29.95,32.72,39797617,psxdata,2026-05-11T12:51:29
PRL,2023-12-14,32.7,33.9,32.0,33.63,24058219,psxdata,2026-05-11T12:51:29
PRL,2023-12-15,33.99,35.48,33.66,35.1,26779275,psxdata,2026-05-11T12:51:29
PRL,2023-12-18,35.7,36.15,32.62,33.64,18036373,psxdata,2026-05-11T12:51:29
PRL,2023-12-19,33.9,34.04,31.12,31.27,21463537,psxdata,2026-05-11T12:51:29
PRL,2023-12-20,31.0,31.51,28.92,30.11,20280222,psxdata,2026-05-11T12:51:29
PRL,2023-12-21,30.62,32.37,30.11,32.12,18715509,psxdata,2026-05-11T12:51:29
PRL,2023-12-22,32.7,32.99,30.65,30.92,14461638,psxdata,2026-05-11T12:51:29
PRL,2023-12-26,30.51,30.51,28.6,28.6,12393140,psxdata,2026-05-11T12:51:29
PRL,2023-12-27,27.5,30.75,27.06,30.56,27952032,psxdata,2026-05-11T12:51:29
PRL,2023-12-28,30.7,31.2,29.63,29.79,20487171,psxdata,2026-05-11T12:51:29
PRL,2023-12-29,29.9,30.0,28.91,29.19,8858634,psxdata,2026-05-11T12:51:29
PRL,2024-01-01,29.44,31.38,29.39,31.38,19531948,psxdata,2026-05-11T12:51:29
PRL,2024-01-02,31.84,31.84,29.8,29.97,17631918,psxdata,2026-05-11T12:51:29
PRL,2024-01-03,29.8,29.9,27.72,28.06,35835842,psxdata,2026-05-11T12:51:29
PRL,2024-01-04,28.0,29.27,27.85,29.04,25660546,psxdata,2026-05-11T12:51:29
PRL,2024-01-05,29.0,29.38,27.06,28.44,16634971,psxdata,2026-05-11T12:51:29
PRL,2024-01-08,28.5,29.01,28.1,28.34,10772719,psxdata,2026-05-11T12:51:29
PRL,2024-01-09,28.65,29.06,28.19,28.7,14019066,psxdata,2026-05-11T12:51:29
PRL,2024-01-10,28.95,30.26,28.65,29.16,34994821,psxdata,2026-05-11T12:51:29
PRL,2024-01-11,29.49,30.12,29.02,29.9,15697012,psxdata,2026-05-11T12:51:29
PRL,2024-01-12,30.39,30.6,29.51,29.75,12215461,psxdata,2026-05-11T12:51:29
PRL,2024-01-15,30.1,30.22,28.65,28.88,4179110,psxdata,2026-05-11T12:51:29
PRL,2024-01-16,28.92,29.4,28.1,29.21,13193998,psxdata,2026-05-11T12:51:29
PRL,2024-01-17,29.0,29.42,28.1,28.26,6290013,psxdata,2026-05-11T12:51:29
PRL,2024-01-18,28.25,28.31,27.16,27.8,8791573,psxdata,2026-05-11T12:51:29
PRL,2024-01-19,28.01,28.25,27.1,27.19,5415714,psxdata,2026-05-11T12:51:29
PRL,2024-01-22,27.25,28.09,27.11,27.87,5950737,psxdata,2026-05-11T12:51:29
PRL,2024-01-23,28.14,29.77,27.5,29.18,17874942,psxdata,2026-05-11T12:51:29
PRL,2024-01-24,29.3,30.09,28.75,29.15,12677451,psxdata,2026-05-11T12:51:29
PRL,2024-01-25,29.16,29.34,28.1,28.3,5228089,psxdata,2026-05-11T12:51:29
PRL,2024-01-26,28.15,28.77,28.15,28.3,7879901,psxdata,2026-05-11T12:51:29
PRL,2024-01-29,28.6,29.1,27.35,27.73,11324967,psxdata,2026-05-11T12:51:29
PRL,2024-01-30,27.5,27.7,25.65,25.65,19705399,psxdata,2026-05-11T12:51:29
PRL,2024-01-31,25.59,25.95,24.95,25.13,7461420,psxdata,2026-05-11T12:51:29
PRL,2024-02-01,25.28,26.9,24.2,26.49,26126125,psxdata,2026-05-11T12:51:29
PRL,2024-02-02,26.75,26.85,26.15,26.29,5691753,psxdata,2026-05-11T12:51:29
PRL,2024-02-06,26.35,28.26,26.0,28.26,21261134,psxdata,2026-05-11T12:51:29
PRL,2024-02-07,28.99,29.75,28.91,29.15,18717352,psxdata,2026-05-11T12:51:29
PRL,2024-02-09,27.9,28.65,27.03,28.08,14886196,psxdata,2026-05-11T12:51:29
PRL,2024-02-12,27.85,28.2,25.97,25.97,9136323,psxdata,2026-05-11T12:51:29
PRL,2024-02-13,25.2,27.25,24.02,25.63,28602808,psxdata,2026-05-11T12:51:29
PRL,2024-02-14,26.4,27.28,26.1,26.96,14482048,psxdata,2026-05-11T12:51:29
PRL,2024-02-15,27.04,27.54,25.3,25.73,13907974,psxdata,2026-05-11T12:51:29
PRL,2024-02-16,25.4,26.0,23.8,24.19,18038698,psxdata,2026-05-11T12:51:29
PRL,2024-02-19,23.39,25.5,23.11,25.33,15164705,psxdata,2026-05-11T12:51:29
PRL,2024-02-20,25.5,26.28,25.01,25.18,13780145,psxdata,2026-05-11T12:51:29
PRL,2024-02-21,26.48,26.6,25.6,26.45,12619008,psxdata,2026-05-11T12:51:29
PRL,2024-02-22,26.69,26.87,26.12,26.47,10051461,psxdata,2026-05-11T12:51:29
PRL,2024-02-23,26.5,26.97,26.13,26.84,9132469,psxdata,2026-05-11T12:51:29
PRL,2024-02-26,27.35,28.45,27.23,27.91,20548004,psxdata,2026-05-11T12:51:29
PRL,2024-02-27,28.0,28.28,27.3,27.42,9300238,psxdata,2026-05-11T12:51:29
PRL,2024-02-28,27.3,28.48,27.27,28.12,20720665,psxdata,2026-05-11T12:51:29
PRL,2024-02-29,28.59,28.84,27.85,27.96,14180262,psxdata,2026-05-11T12:51:29
PRL,2024-03-01,27.89,28.36,27.86,28.22,9320368,psxdata,2026-05-11T12:51:29
PRL,2024-03-04,28.49,28.63,27.97,28.17,7919932,psxdata,2026-05-11T12:51:29
PRL,2024-03-05,28.29,29.29,26.94,28.96,34045456,psxdata,2026-05-11T12:51:29
PRL,2024-03-06,28.88,29.35,28.42,28.52,28036399,psxdata,2026-05-11T12:51:29
PRL,2024-03-07,28.44,28.7,28.02,28.54,7371468,psxdata,2026-05-11T12:51:29
PRL,2024-03-08,28.75,29.75,28.55,29.26,31495334,psxdata,2026-05-11T12:51:29
PRL,2024-03-11,29.5,30.04,29.22,29.38,18358179,psxdata,2026-05-11T12:51:29
PRL,2024-03-12,29.41,29.41,27.61,27.88,7464682,psxdata,2026-05-11T12:51:29
PRL,2024-03-13,27.65,28.17,25.94,26.28,11137045,psxdata,2026-05-11T12:51:29
PRL,2024-03-14,26.64,28.24,26.57,27.89,18957114,psxdata,2026-05-11T12:51:29
PRL,2024-03-15,28.02,28.38,27.4,27.52,7316546,psxdata,2026-05-11T12:51:29
PRL,2024-03-18,27.75,27.8,27.32,27.5,4098283,psxdata,2026-05-11T12:51:29
PRL,2024-03-19,27.52,27.98,27.3,27.6,3399895,psxdata,2026-05-11T12:51:29
PRL,2024-03-20,27.76,28.16,27.33,27.53,5274424,psxdata,2026-05-11T12:51:29
PRL,2024-03-21,27.41,27.9,25.88,26.57,9189278,psxdata,2026-05-11T12:51:29
PRL,2024-03-22,26.58,26.95,26.3,26.68,2827186,psxdata,2026-05-11T12:51:29
PRL,2024-03-25,26.68,26.99,26.5,26.57,2160190,psxdata,2026-05-11T12:51:29
PRL,2024-03-26,26.8,26.99,26.39,26.51,4192479,psxdata,2026-05-11T12:51:29
PRL,2024-03-27,26.12,26.85,26.12,26.56,3971968,psxdata,2026-05-11T12:51:29
PRL,2024-03-28,26.7,27.69,26.7,27.16,9655142,psxdata,2026-05-11T12:51:29
PRL,2024-03-29,27.6,27.64,27.0,27.11,6152725,psxdata,2026-05-11T12:51:29
PRL,2024-04-01,27.25,27.5,26.44,26.57,4582190,psxdata,2026-05-11T12:51:29
PRL,2024-04-02,26.5,26.55,25.84,25.98,4986672,psxdata,2026-05-11T12:51:29
PRL,2024-04-03,26.0,26.61,26.0,26.22,6387509,psxdata,2026-05-11T12:51:29
PRL,2024-04-04,26.63,27.55,26.32,27.1,16965134,psxdata,2026-05-11T12:51:29
PRL,2024-04-08,27.28,27.47,27.07,27.13,6027371,psxdata,2026-05-11T12:51:29
PRL,2024-04-09,27.3,27.3,26.5,26.84,4853096,psxdata,2026-05-11T12:51:29
PRL,2024-04-15,26.8,27.4,26.52,27.22,7432772,psxdata,2026-05-11T12:51:29
PRL,2024-04-16,27.45,27.84,27.0,27.14,11987142,psxdata,2026-05-11T12:51:29
PRL,2024-04-17,27.13,29.05,26.75,28.42,39117872,psxdata,2026-05-11T12:51:29
PRL,2024-04-18,28.5,29.86,27.9,29.27,28448438,psxdata,2026-05-11T12:51:29
PRL,2024-04-19,29.49,30.41,28.75,30.09,49662377,psxdata,2026-05-11T12:51:29
PRL,2024-04-22,29.5,29.5,28.2,28.7,30500681,psxdata,2026-05-11T12:51:29
PRL,2024-04-23,28.75,29.09,28.01,28.22,13976145,psxdata,2026-05-11T12:51:29
PRL,2024-04-24,27.99,28.25,27.4,27.74,16645816,psxdata,2026-05-11T12:51:29
PRL,2024-04-25,27.82,28.31,27.5,27.58,10459079,psxdata,2026-05-11T12:51:29
PRL,2024-04-26,27.51,27.75,27.2,27.31,9052164,psxdata,2026-05-11T12:51:29
PRL,2024-04-29,27.53,27.77,27.15,27.21,4383643,psxdata,2026-05-11T12:51:29
PRL,2024-04-30,27.12,27.81,26.15,26.68,12430997,psxdata,2026-05-11T12:51:29
PRL,2024-05-02,26.83,26.83,25.5,25.74,8886385,psxdata,2026-05-11T12:51:29
PRL,2024-05-03,25.8,27.14,25.8,26.99,14506482,psxdata,2026-05-11T12:51:29
PRL,2024-05-06,28.02,28.5,27.76,28.14,19244175,psxdata,2026-05-11T12:51:29
PRL,2024-05-07,28.3,28.71,27.65,27.77,14943146,psxdata,2026-05-11T12:51:29
PRL,2024-05-08,27.71,27.86,26.9,27.06,7522430,psxdata,2026-05-11T12:51:29
PRL,2024-05-09,26.85,27.45,26.85,27.14,7202169,psxdata,2026-05-11T12:51:29
PRL,2024-05-10,27.2,27.81,27.01,27.34,8314556,psxdata,2026-05-11T12:51:29
PRL,2024-05-13,27.38,27.84,27.3,27.4,7390416,psxdata,2026-05-11T12:51:29
PRL,2024-05-14,27.5,27.98,27.1,27.48,9659520,psxdata,2026-05-11T12:51:29
PRL,2024-05-15,27.63,27.8,27.0,27.07,8033474,psxdata,2026-05-11T12:51:29
PRL,2024-05-16,27.33,27.33,26.63,26.72,5531563,psxdata,2026-05-11T12:51:29
PRL,2024-05-17,26.84,27.55,26.72,27.28,13334266,psxdata,2026-05-11T12:51:29
PRL,2024-05-20,27.34,27.5,26.84,26.97,4049907,psxdata,2026-05-11T12:51:29
PRL,2024-05-21,27.05,27.2,26.6,26.72,3561889,psxdata,2026-05-11T12:51:29
PRL,2024-05-22,27.2,27.85,26.5,26.7,13402813,psxdata,2026-05-11T12:51:29
PRL,2024-05-23,26.78,26.92,26.44,26.56,5861450,psxdata,2026-05-11T12:51:29
PRL,2024-05-24,26.71,27.1,26.7,26.81,7811033,psxdata,2026-05-11T12:51:29
PRL,2024-05-27,26.92,26.95,26.53,26.63,3243610,psxdata,2026-05-11T12:51:29
PRL,2024-05-29,26.66,26.75,25.95,26.03,4633305,psxdata,2026-05-11T12:51:29
PRL,2024-05-30,26.03,26.17,25.51,25.85,3453252,psxdata,2026-05-11T12:51:29
PRL,2024-05-31,25.9,26.35,25.8,26.08,5175570,psxdata,2026-05-11T12:51:29
PRL,2024-06-03,26.2,26.69,26.05,26.11,8470231,psxdata,2026-05-11T12:51:29
PRL,2024-06-04,25.12,26.27,25.12,25.72,7644407,psxdata,2026-05-11T12:51:29
PRL,2024-06-05,25.89,26.3,25.45,25.58,5301468,psxdata,2026-05-11T12:51:29
PRL,2024-06-06,25.69,25.83,24.55,24.91,4733177,psxdata,2026-05-11T12:51:29
PRL,2024-06-07,24.91,24.91,23.13,24.07,13189620,psxdata,2026-05-11T12:51:29
PRL,2024-06-10,24.05,24.31,23.26,23.4,4799944,psxdata,2026-05-11T12:51:29
PRL,2024-06-11,23.83,23.83,22.6,22.78,3832684,psxdata,2026-05-11T12:51:29
PRL,2024-06-12,22.76,23.35,22.52,23.12,3119006,psxdata,2026-05-11T12:51:29
PRL,2024-06-13,23.35,24.67,23.28,24.41,12797814,psxdata,2026-05-11T12:51:29
PRL,2024-06-14,24.6,24.88,23.75,23.86,6525808,psxdata,2026-05-11T12:51:29
PRL,2024-06-20,23.91,24.25,23.91,24.07,1753694,psxdata,2026-05-11T12:51:29
PRL,2024-06-21,24.1,25.03,24.1,24.51,10551490,psxdata,2026-05-11T12:51:29
PRL,2024-06-24,24.73,25.05,24.25,24.42,5986677,psxdata,2026-05-11T12:51:29
PRL,2024-06-25,24.49,24.5,24.05,24.12,1792670,psxdata,2026-05-11T12:51:29
PRL,2024-06-26,24.25,24.42,23.35,23.44,6754801,psxdata,2026-05-11T12:51:29
PRL,2024-06-27,23.53,23.68,22.92,23.18,3568735,psxdata,2026-05-11T12:51:29
PRL,2024-06-28,23.14,23.6,23.1,23.2,2541692,psxdata,2026-05-11T12:51:29
PRL,2024-07-01,23.25,23.6,22.99,23.25,4331854,psxdata,2026-05-11T12:51:29
PRL,2024-07-02,23.25,23.58,23.16,23.24,2458269,psxdata,2026-05-11T12:51:29
PRL,2024-07-03,23.26,24.39,23.26,23.84,8278329,psxdata,2026-05-11T12:51:29
PRL,2024-07-04,23.91,24.5,23.91,24.12,6538268,psxdata,2026-05-11T12:51:29
PRL,2024-07-05,24.3,24.88,24.3,24.34,10872613,psxdata,2026-05-11T12:51:29
PRL,2024-07-08,24.5,25.5,24.34,25.33,12790152,psxdata,2026-05-11T12:51:29
PRL,2024-07-09,25.5,25.75,24.95,25.21,15065869,psxdata,2026-05-11T12:51:29
PRL,2024-07-10,25.35,25.4,24.6,24.7,7329300,psxdata,2026-05-11T12:51:29
PRL,2024-07-11,24.88,25.01,24.55,24.63,4298143,psxdata,2026-05-11T12:51:29
PRL,2024-07-12,24.7,24.75,23.05,23.88,5494439,psxdata,2026-05-11T12:51:29
PRL,2024-07-15,24.23,24.36,23.85,23.91,4389571,psxdata,2026-05-11T12:51:29
PRL,2024-07-18,23.88,24.35,23.85,24.26,4471497,psxdata,2026-05-11T12:51:29
PRL,2024-07-19,24.39,24.42,23.47,23.61,4239900,psxdata,2026-05-11T12:51:29
PRL,2024-07-22,23.4,23.55,22.4,22.63,3012293,psxdata,2026-05-11T12:51:29
PRL,2024-07-23,22.98,23.11,22.42,22.6,2739497,psxdata,2026-05-11T12:51:29
PRL,2024-07-24,22.82,22.99,22.5,22.6,2679500,psxdata,2026-05-11T12:51:29
PRL,2024-07-25,22.8,23.4,22.59,22.71,5664758,psxdata,2026-05-11T12:51:29
PRL,2024-07-26,22.53,22.74,22.2,22.38,3828065,psxdata,2026-05-11T12:51:29
PRL,2024-07-29,22.43,22.69,22.15,22.45,3042184,psxdata,2026-05-11T12:51:29
PRL,2024-07-30,22.55,22.77,22.36,22.39,1974464,psxdata,2026-05-11T12:51:29
PRL,2024-07-31,22.53,22.59,21.9,22.0,1543081,psxdata,2026-05-11T12:51:29
PRL,2024-08-01,21.9,22.1,21.5,21.76,1807085,psxdata,2026-05-11T12:51:29
PRL,2024-08-02,21.8,23.94,21.75,23.94,10781724,psxdata,2026-05-11T12:51:29
PRL,2024-08-05,24.43,24.5,23.11,23.48,11638893,psxdata,2026-05-11T12:51:29
PRL,2024-08-06,23.51,23.77,23.17,23.21,2260667,psxdata,2026-05-11T12:51:29
PRL,2024-08-07,23.29,24.64,23.01,24.21,19873203,psxdata,2026-05-11T12:51:29
PRL,2024-08-08,24.29,24.94,24.04,24.49,12129742,psxdata,2026-05-11T12:51:29
PRL,2024-08-09,24.55,24.76,23.3,23.61,7370811,psxdata,2026-05-11T12:51:29
PRL,2024-08-12,23.5,23.97,22.96,23.07,5276358,psxdata,2026-05-11T12:51:29
PRL,2024-08-13,23.07,23.2,22.75,22.78,2047539,psxdata,2026-05-11T12:51:29
PRL,2024-08-15,22.79,23.5,22.62,22.83,2597946,psxdata,2026-05-11T12:51:29
PRL,2024-08-16,23.0,23.42,22.5,22.66,5748182,psxdata,2026-05-11T12:51:29
PRL,2024-08-19,22.52,22.85,22.25,22.31,1699669,psxdata,2026-05-11T12:51:29
PRL,2024-08-20,22.39,22.78,22.3,22.6,2062381,psxdata,2026-05-11T12:51:29
PRL,2024-08-21,22.69,23.14,22.55,22.79,4003232,psxdata,2026-05-11T12:51:29
PRL,2024-08-22,25.07,25.07,25.07,25.07,3734662,psxdata,2026-05-11T12:51:29
PRL,2024-08-23,25.25,25.5,24.53,24.66,17567837,psxdata,2026-05-11T12:51:29
PRL,2024-08-26,24.7,24.76,24.15,24.2,2720721,psxdata,2026-05-11T12:51:29
PRL,2024-08-27,24.28,25.11,24.13,24.86,7957283,psxdata,2026-05-11T12:51:29
PRL,2024-08-28,24.66,25.35,24.6,24.64,9231675,psxdata,2026-05-11T12:51:29
PRL,2024-08-29,24.73,24.89,24.45,24.48,2667368,psxdata,2026-05-11T12:51:29
PRL,2024-08-30,24.68,24.8,24.24,24.29,3368882,psxdata,2026-05-11T12:51:29
PRL,2024-09-02,24.45,24.8,24.13,24.21,2565722,psxdata,2026-05-11T12:51:29
PRL,2024-09-03,24.21,24.97,24.16,24.68,4546716,psxdata,2026-05-11T12:51:29
PRL,2024-09-04,24.7,24.96,24.3,24.45,12384940,psxdata,2026-05-11T12:51:29
PRL,2024-09-05,24.5,24.58,24.3,24.34,2985464,psxdata,2026-05-11T12:51:29
PRL,2024-09-06,24.51,24.65,24.29,24.32,2261007,psxdata,2026-05-11T12:51:29
PRL,2024-09-09,24.36,24.49,24.12,24.19,1565243,psxdata,2026-05-11T12:51:29
PRL,2024-09-10,24.19,24.35,24.05,24.18,1293112,psxdata,2026-05-11T12:51:29
PRL,2024-09-11,24.35,24.63,24.15,24.23,2737764,psxdata,2026-05-11T12:51:29
PRL,2024-09-12,24.2,24.45,24.15,24.33,1384899,psxdata,2026-05-11T12:51:29
PRL,2024-09-13,24.7,24.75,24.2,24.26,3590585,psxdata,2026-05-11T12:51:29
PRL,2024-09-16,24.27,24.53,24.2,24.26,2141008,psxdata,2026-05-11T12:51:29
PRL,2024-09-18,24.3,24.39,24.0,24.1,1801413,psxdata,2026-05-11T12:51:29
PRL,2024-09-19,24.2,24.44,24.0,24.04,3668215,psxdata,2026-05-11T12:51:29
PRL,2024-09-20,24.01,24.14,23.9,24.07,1707545,psxdata,2026-05-11T12:51:29
PRL,2024-09-23,24.1,24.45,23.5,23.78,4248983,psxdata,2026-05-11T12:51:29
PRL,2024-09-24,23.93,23.93,23.55,23.75,1258914,psxdata,2026-05-11T12:51:29
PRL,2024-09-25,23.98,24.21,23.74,24.16,2285895,psxdata,2026-05-11T12:51:29
PRL,2024-09-26,24.33,24.75,24.01,24.08,9083469,psxdata,2026-05-11T12:51:29
PRL,2024-09-27,24.2,24.23,23.6,23.67,2691384,psxdata,2026-05-11T12:51:29
PRL,2024-09-30,23.72,23.98,23.35,23.46,1686339,psxdata,2026-05-11T12:51:29
PRL,2024-10-01,23.6,24.19,23.6,23.87,3292204,psxdata,2026-05-11T12:51:29
PRL,2024-10-02,23.75,24.13,23.61,23.72,2256569,psxdata,2026-05-11T12:51:29
PRL,2024-10-03,23.95,24.0,23.75,23.9,1044599,psxdata,2026-05-11T12:51:29
PRL,2024-10-04,24.0,24.5,23.9,24.37,4397495,psxdata,2026-05-11T12:51:29
PRL,2024-10-07,24.4,24.95,24.3,24.85,5251569,psxdata,2026-05-11T12:51:29
PRL,2024-10-08,25.02,25.87,24.95,25.57,21345096,psxdata,2026-05-11T12:51:29
PRL,2024-10-09,24.01,25.13,24.01,24.81,18988218,psxdata,2026-05-11T12:51:29
PRL,2024-10-10,24.7,25.2,24.29,24.41,8962168,psxdata,2026-05-11T12:51:29
PRL,2024-10-11,24.52,24.7,24.05,24.34,5468783,psxdata,2026-05-11T12:51:29
PRL,2024-10-14,24.25,26.04,24.25,25.3,30172444,psxdata,2026-05-11T12:51:29
PRL,2024-10-15,25.49,25.85,25.06,25.12,11220187,psxdata,2026-05-11T12:51:29
PRL,2024-10-16,25.18,25.65,24.9,24.95,16360135,psxdata,2026-05-11T12:51:29
PRL,2024-10-17,25.95,27.4,25.65,26.45,57826783,psxdata,2026-05-11T12:51:29
PRL,2024-10-18,26.39,26.4,23.81,23.88,28461850,psxdata,2026-05-11T12:51:29
PRL,2024-10-21,24.24,24.24,23.15,23.62,11743400,psxdata,2026-05-11T12:51:29
PRL,2024-10-22,23.62,24.1,23.62,23.72,5850624,psxdata,2026-05-11T12:51:29
PRL,2024-10-23,23.99,24.0,23.6,23.83,4926938,psxdata,2026-05-11T12:51:29
PRL,2024-10-24,23.99,24.48,23.72,24.05,13432522,psxdata,2026-05-11T12:51:29
PRL,2024-10-25,24.45,24.47,23.65,23.74,7510837,psxdata,2026-05-11T12:51:29
PRL,2024-10-28,23.74,23.99,23.05,23.14,6126962,psxdata,2026-05-11T12:51:29
PRL,2024-10-29,23.12,23.61,23.03,23.09,5001810,psxdata,2026-05-11T12:51:29
PRL,2024-10-30,23.2,23.35,22.85,22.92,3140097,psxdata,2026-05-11T12:51:29
PRL,2024-10-31,22.96,23.14,22.67,22.74,2330757,psxdata,2026-05-11T12:51:29
PRL,2024-11-01,22.8,22.84,22.57,22.74,2295110,psxdata,2026-05-11T12:51:29
PRL,2024-11-04,22.7,23.35,22.68,23.16,3537749,psxdata,2026-05-11T12:51:29
PRL,2024-11-05,23.29,23.7,22.76,23.57,7254633,psxdata,2026-05-11T12:51:29
PRL,2024-11-06,23.54,24.94,23.54,24.52,14814630,psxdata,2026-05-11T12:51:29
PRL,2024-11-07,24.95,25.05,24.5,24.54,12092191,psxdata,2026-05-11T12:51:29
PRL,2024-11-08,24.63,25.89,24.45,25.08,13367610,psxdata,2026-05-11T12:51:29
PRL,2024-11-11,25.19,25.8,24.5,25.0,16427996,psxdata,2026-05-11T12:51:29
PRL,2024-11-12,25.0,27.15,24.9,26.88,56364168,psxdata,2026-05-11T12:51:29
PRL,2024-11-13,27.0,27.45,26.01,26.88,31524926,psxdata,2026-05-11T12:51:29
PRL,2024-11-14,27.0,27.19,26.1,26.58,27309247,psxdata,2026-05-11T12:51:29
PRL,2024-11-15,26.98,26.98,26.01,26.22,13338769,psxdata,2026-05-11T12:51:29
PRL,2024-11-18,26.89,26.89,26.15,26.21,6480625,psxdata,2026-05-11T12:51:29
PRL,2024-11-19,26.2,28.05,26.05,27.37,39507003,psxdata,2026-05-11T12:51:29
PRL,2024-11-20,27.5,27.77,26.36,26.68,16963715,psxdata,2026-05-11T12:51:29
PRL,2024-11-21,26.51,27.23,26.1,26.73,10449525,psxdata,2026-05-11T12:51:29
PRL,2024-11-22,26.54,26.96,25.5,25.79,12921587,psxdata,2026-05-11T12:51:29
PRL,2024-11-25,25.74,26.14,25.25,25.83,7339735,psxdata,2026-05-11T12:51:29
PRL,2024-11-26,25.7,25.83,24.1,24.32,7332319,psxdata,2026-05-11T12:51:29
PRL,2024-11-27,25.02,25.6,24.61,25.39,5025388,psxdata,2026-05-11T12:51:29
PRL,2024-11-28,25.65,26.5,25.45,26.36,10603646,psxdata,2026-05-11T12:51:29
PRL,2024-11-29,26.47,26.6,26.06,26.19,7745449,psxdata,2026-05-11T12:51:29
PRL,2024-12-02,26.49,27.25,26.35,26.83,14203919,psxdata,2026-05-11T12:51:29
PRL,2024-12-03,27.0,29.51,26.85,29.44,55870990,psxdata,2026-05-11T12:51:29
PRL,2024-12-04,31.01,31.9,30.41,31.01,58983939,psxdata,2026-05-11T12:51:29
PRL,2024-12-05,34.0,34.11,32.56,34.09,43429651,psxdata,2026-05-11T12:51:29
PRL,2024-12-06,34.49,34.49,32.8,33.17,22690162,psxdata,2026-05-11T12:51:29
PRL,2024-12-09,33.44,33.97,32.52,33.26,17235750,psxdata,2026-05-11T12:51:29
PRL,2024-12-10,33.4,35.0,32.16,32.6,29144282,psxdata,2026-05-11T12:51:29
PRL,2024-12-11,33.2,34.0,33.01,33.61,13422840,psxdata,2026-05-11T12:51:29
PRL,2024-12-12,33.89,34.98,33.11,34.55,28259930,psxdata,2026-05-11T12:51:29
PRL,2024-12-13,34.65,34.75,33.0,33.8,10430308,psxdata,2026-05-11T12:51:29
PRL,2024-12-16,33.9,36.8,33.86,36.52,54776226,psxdata,2026-05-11T12:51:29
PRL,2024-12-17,36.95,40.17,35.5,39.85,55973468,psxdata,2026-05-11T12:51:29
PRL,2024-12-18,41.51,41.9,38.25,39.03,54507413,psxdata,2026-05-11T12:51:29
PRL,2024-12-19,38.5,41.05,37.0,38.17,45251944,psxdata,2026-05-11T12:51:29
PRL,2024-12-20,38.5,39.49,37.12,38.66,16019359,psxdata,2026-05-11T12:51:29
PRL,2024-12-23,39.1,41.39,39.0,40.81,25914203,psxdata,2026-05-11T12:51:29
PRL,2024-12-24,41.1,41.45,38.6,38.88,21675936,psxdata,2026-05-11T12:51:29
PRL,2024-12-26,38.5,39.0,37.7,37.92,6868615,psxdata,2026-05-11T12:51:29
PRL,2024-12-27,37.7,39.39,37.7,38.55,10246973,psxdata,2026-05-11T12:51:29
PRL,2024-12-30,38.95,40.75,38.85,40.46,16274441,psxdata,2026-05-11T12:51:29
PRL,2024-12-31,41.01,44.51,41.01,44.32,50109115,psxdata,2026-05-11T12:51:29
PRL,2025-01-01,43.0,43.39,41.4,42.86,23526872,psxdata,2026-05-11T12:51:29
PRL,2025-01-02,43.0,43.63,41.8,42.24,19053885,psxdata,2026-05-11T12:51:29
PRL,2025-01-03,42.25,43.88,40.65,43.17,23679474,psxdata,2026-05-11T12:51:29
PRL,2025-01-06,44.5,45.86,43.28,44.31,35279026,psxdata,2026-05-11T12:51:29
PRL,2025-01-07,44.75,44.75,40.51,42.33,23513012,psxdata,2026-05-11T12:51:29
PRL,2025-01-08,42.4,43.3,38.91,39.63,24532091,psxdata,2026-05-11T12:51:29
PRL,2025-01-09,40.88,40.88,38.0,38.27,11597490,psxdata,2026-05-11T12:51:29
PRL,2025-01-10,38.11,38.7,36.2,37.34,12218601,psxdata,2026-05-11T12:51:29
PRL,2025-01-13,37.53,39.2,37.11,38.76,13412569,psxdata,2026-05-11T12:51:29
PRL,2025-01-14,39.15,41.9,38.92,41.5,38066803,psxdata,2026-05-11T12:51:29
PRL,2025-01-15,41.75,44.65,41.3,43.49,56858715,psxdata,2026-05-11T12:51:29
PRL,2025-01-16,43.38,43.91,41.85,42.06,17625081,psxdata,2026-05-11T12:51:29
PRL,2025-01-17,42.15,43.99,41.61,43.04,14466388,psxdata,2026-05-11T12:51:29
PRL,2025-01-20,43.49,44.25,42.9,43.27,13188926,psxdata,2026-05-11T12:51:29
PRL,2025-01-21,43.45,43.58,40.52,41.27,8993757,psxdata,2026-05-11T12:51:29
PRL,2025-01-22,41.47,42.8,40.6,41.83,11068343,psxdata,2026-05-11T12:51:29
PRL,2025-01-23,41.39,42.57,41.32,41.96,7118034,psxdata,2026-05-11T12:51:29
PRL,2025-01-24,42.5,43.1,41.5,41.78,11333158,psxdata,2026-05-11T12:51:29
PRL,2025-01-27,41.95,42.0,38.75,39.01,9954360,psxdata,2026-05-11T12:51:29
PRL,2025-01-28,39.38,39.5,37.15,39.08,12022389,psxdata,2026-05-11T12:51:29
PRL,2025-01-29,39.5,39.5,37.62,38.07,5507564,psxdata,2026-05-11T12:51:29
PRL,2025-01-30,38.39,39.34,37.9,39.08,9016191,psxdata,2026-05-11T12:51:29
PRL,2025-01-31,39.08,40.57,38.51,38.93,16516319,psxdata,2026-05-11T12:51:29
PRL,2025-02-03,38.99,39.14,36.6,37.34,14783471,psxdata,2026-05-11T12:51:29
PRL,2025-02-04,37.15,37.48,34.35,34.59,14915543,psxdata,2026-05-11T12:51:29
PRL,2025-02-06,34.51,34.9,33.4,34.02,7173073,psxdata,2026-05-11T12:51:29
PRL,2025-02-07,34.0,34.33,32.5,32.75,5281664,psxdata,2026-05-11T12:51:29
PRL,2025-02-10,32.53,34.9,31.81,34.71,20609794,psxdata,2026-05-11T12:51:29
PRL,2025-02-11,34.88,35.38,34.01,34.42,9882355,psxdata,2026-05-11T12:51:29
PRL,2025-02-12,34.6,36.15,34.0,35.48,16893236,psxdata,2026-05-11T12:51:29
PRL,2025-02-13,36.3,36.67,35.8,36.36,9660474,psxdata,2026-05-11T12:51:29
PRL,2025-02-14,36.5,36.89,34.5,34.73,6581503,psxdata,2026-05-11T12:51:29
PRL,2025-02-17,34.94,34.94,32.65,32.91,6403504,psxdata,2026-05-11T12:51:29
PRL,2025-02-18,33.19,33.79,32.71,33.68,2728314,psxdata,2026-05-11T12:51:29
PRL,2025-02-19,33.99,34.7,33.5,34.1,5878147,psxdata,2026-05-11T12:51:29
PRL,2025-02-20,34.25,34.9,33.85,34.71,4170725,psxdata,2026-05-11T12:51:29
PRL,2025-02-21,34.88,35.6,34.6,34.77,7010244,psxdata,2026-05-11T12:51:29
PRL,2025-02-24,34.7,35.38,34.25,35.24,5364464,psxdata,2026-05-11T12:51:29
PRL,2025-02-25,35.95,36.15,35.2,35.64,7380653,psxdata,2026-05-11T12:51:29
PRL,2025-02-26,35.5,35.62,34.85,35.07,1976086,psxdata,2026-05-11T12:51:29
PRL,2025-02-27,35.3,35.47,34.52,34.73,3140566,psxdata,2026-05-11T12:51:29
PRL,2025-02-28,34.76,35.1,34.01,34.13,3553247,psxdata,2026-05-11T12:51:29
PRL,2025-03-03,34.1,34.24,32.9,33.16,1493679,psxdata,2026-05-11T12:51:29
PRL,2025-03-04,33.39,34.4,32.89,34.19,2396912,psxdata,2026-05-11T12:51:29
PRL,2025-03-05,34.2,34.49,33.21,33.33,2417682,psxdata,2026-05-11T12:51:29
PRL,2025-03-06,33.33,34.6,33.3,34.31,5637568,psxdata,2026-05-11T12:51:29
PRL,2025-03-07,34.48,35.5,34.3,34.9,10480010,psxdata,2026-05-11T12:51:29
PRL,2025-03-10,34.95,35.0,34.03,34.22,2625111,psxdata,2026-05-11T12:51:29
PRL,2025-03-11,33.89,34.45,33.0,34.18,3814625,psxdata,2026-05-11T12:51:29
PRL,2025-03-12,34.18,34.99,34.0,34.45,5458662,psxdata,2026-05-11T12:51:29
PRL,2025-03-13,34.45,35.9,34.45,35.18,9874924,psxdata,2026-05-11T12:51:29
PRL,2025-03-14,35.49,35.9,35.18,35.33,4228609,psxdata,2026-05-11T12:51:29
PRL,2025-03-17,35.55,36.85,35.3,36.54,13137893,psxdata,2026-05-11T12:51:29
PRL,2025-03-18,37.0,37.25,35.71,36.27,21542769,psxdata,2026-05-11T12:51:29
PRL,2025-03-19,36.2,36.7,35.95,36.36,8800893,psxdata,2026-05-11T12:51:29
PRL,2025-03-20,36.6,39.62,36.5,39.13,45149230,psxdata,2026-05-11T12:51:29
PRL,2025-03-21,39.2,39.95,37.75,38.14,27365824,psxdata,2026-05-11T12:51:29
PRL,2025-03-24,38.24,38.25,36.66,37.04,10362407,psxdata,2026-05-11T12:51:29
PRL,2025-03-25,36.9,37.37,36.5,36.91,7461474,psxdata,2026-05-11T12:51:29
PRL,2025-03-26,37.51,38.12,36.91,37.0,5300297,psxdata,2026-05-11T12:51:29
PRL,2025-03-27,37.19,37.85,36.75,36.83,4254199,psxdata,2026-05-11T12:51:29
PRL,2025-04-03,36.95,37.8,36.5,37.32,6650226,psxdata,2026-05-11T12:51:29
PRL,2025-04-04,37.8,38.27,37.0,37.16,15387908,psxdata,2026-05-11T12:51:29
PRL,2025-04-07,36.5,36.5,33.44,34.36,14311070,psxdata,2026-05-11T12:51:29
PRL,2025-04-08,34.66,36.15,34.66,35.54,12500191,psxdata,2026-05-11T12:51:29
PRL,2025-04-09,35.0,35.49,34.6,35.03,6503745,psxdata,2026-05-11T12:51:29
PRL,2025-04-10,36.01,36.85,36.0,36.22,10888436,psxdata,2026-05-11T12:51:29
PRL,2025-04-11,36.3,36.55,35.77,35.85,4200867,psxdata,2026-05-11T12:51:29
PRL,2025-04-14,36.21,36.47,35.6,35.88,5426644,psxdata,2026-05-11T12:51:29
PRL,2025-04-15,36.19,36.75,35.82,36.02,13303100,psxdata,2026-05-11T12:51:29
PRL,2025-04-16,36.19,36.4,34.33,34.51,15126550,psxdata,2026-05-11T12:51:29
PRL,2025-04-17,34.66,34.93,34.25,34.52,3454390,psxdata,2026-05-11T12:51:29
PRL,2025-04-18,34.85,34.85,33.9,34.27,4832599,psxdata,2026-05-11T12:51:29
PRL,2025-04-21,34.4,34.9,33.75,34.67,10076022,psxdata,2026-05-11T12:51:29
PRL,2025-04-22,34.6,34.7,33.85,34.0,4321876,psxdata,2026-05-11T12:51:29
PRL,2025-04-23,34.0,34.15,33.03,33.18,6323015,psxdata,2026-05-11T12:51:29
PRL,2025-04-24,30.5,31.99,30.26,30.65,16007214,psxdata,2026-05-11T12:51:29
PRL,2025-04-25,30.5,30.89,29.26,29.41,7648846,psxdata,2026-05-11T12:51:29
PRL,2025-04-28,29.6,29.8,27.5,27.9,5033719,psxdata,2026-05-11T12:51:29
PRL,2025-04-29,27.52,28.74,27.52,28.59,5609874,psxdata,2026-05-11T12:51:29
PRL,2025-04-30,28.29,28.33,27.05,27.71,7001087,psxdata,2026-05-11T12:51:29
PRL,2025-05-02,28.19,29.11,28.19,28.91,4966852,psxdata,2026-05-11T12:51:29
PRL,2025-05-05,28.91,29.9,28.35,29.55,6769872,psxdata,2026-05-11T12:51:29
PRL,2025-05-06,29.75,30.35,29.05,29.52,8766270,psxdata,2026-05-11T12:51:29
PRL,2025-05-07,27.01,28.7,26.75,26.95,10364477,psxdata,2026-05-11T12:51:29
PRL,2025-05-08,27.11,27.8,24.26,24.26,6567785,psxdata,2026-05-11T12:51:29
PRL,2025-05-09,22.55,25.1,22.03,24.56,15347121,psxdata,2026-05-11T12:51:29
PRL,2025-05-12,27.02,27.02,26.8,27.02,3574890,psxdata,2026-05-11T12:51:29
PRL,2025-05-13,27.65,29.7,27.03,29.55,14887308,psxdata,2026-05-11T12:51:29
PRL,2025-05-14,29.6,31.6,29.02,31.14,20536680,psxdata,2026-05-11T12:51:29
PRL,2025-05-15,31.5,34.09,31.45,33.82,50818876,psxdata,2026-05-11T12:51:29
PRL,2025-05-16,34.3,35.2,33.25,33.43,24350324,psxdata,2026-05-11T12:51:29
PRL,2025-05-19,33.6,33.77,32.35,32.5,6071975,psxdata,2026-05-11T12:51:29
PRL,2025-05-20,32.54,33.4,31.97,32.15,8901615,psxdata,2026-05-11T12:51:29
PRL,2025-05-21,32.65,34.38,32.45,34.03,26895756,psxdata,2026-05-11T12:51:29
PRL,2025-05-22,34.28,34.28,32.8,32.98,7359008,psxdata,2026-05-11T12:51:29
PRL,2025-05-23,32.98,33.74,32.24,33.12,8835014,psxdata,2026-05-11T12:51:29
PRL,2025-05-26,33.12,33.64,32.83,33.06,8375495,psxdata,2026-05-11T12:51:29
PRL,2025-05-27,32.98,33.15,32.66,32.79,3279714,psxdata,2026-05-11T12:51:29
PRL,2025-05-29,32.69,33.15,32.69,32.83,4927280,psxdata,2026-05-11T12:51:29
PRL,2025-05-30,33.0,34.29,32.81,33.67,18646156,psxdata,2026-05-11T12:51:29
PRL,2025-06-02,33.94,34.3,33.02,33.27,7976381,psxdata,2026-05-11T12:51:29
PRL,2025-06-03,33.25,33.63,33.1,33.33,3043360,psxdata,2026-05-11T12:51:29
PRL,2025-06-04,33.63,34.07,33.35,33.61,9785058,psxdata,2026-05-11T12:51:29
PRL,2025-06-05,33.89,34.05,33.3,33.84,6337706,psxdata,2026-05-11T12:51:29
PRL,2025-06-10,34.0,34.9,33.7,34.44,12712337,psxdata,2026-05-11T12:51:29
PRL,2025-06-11,34.5,34.5,32.81,33.52,12599133,psxdata,2026-05-11T12:51:29
PRL,2025-06-12,33.52,34.25,33.26,33.49,15406013,psxdata,2026-05-11T12:51:29
PRL,2025-06-13,33.0,33.0,31.6,32.17,7987883,psxdata,2026-05-11T12:51:29
PRL,2025-06-16,31.9,32.48,31.32,31.93,6320308,psxdata,2026-05-11T12:51:29
PRL,2025-06-17,32.05,32.38,31.51,31.6,4129185,psxdata,2026-05-11T12:51:29
PRL,2025-06-18,31.88,31.88,30.92,31.07,3033528,psxdata,2026-05-11T12:51:29
PRL,2025-06-19,31.5,32.78,31.36,32.32,12992855,psxdata,2026-05-11T12:51:29
PRL,2025-06-20,32.56,33.09,31.86,32.21,8518206,psxdata,2026-05-11T12:51:29
PRL,2025-06-23,31.0,31.79,29.25,29.99,6958133,psxdata,2026-05-11T12:51:29
PRL,2025-06-24,31.35,32.99,31.31,32.88,16360860,psxdata,2026-05-11T12:51:29
PRL,2025-06-25,32.87,35.65,32.72,35.27,47112412,psxdata,2026-05-11T12:51:29
PRL,2025-06-26,35.5,35.65,33.85,34.04,18738171,psxdata,2026-05-11T12:51:29
PRL,2025-06-27,34.2,34.43,33.5,33.7,8523103,psxdata,2026-05-11T12:51:29
PRL,2025-06-30,33.97,34.39,33.52,33.93,8922968,psxdata,2026-05-11T12:51:29
PRL,2025-07-01,33.97,34.2,33.63,33.83,5345297,psxdata,2026-05-11T12:51:29
PRL,2025-07-02,34.0,34.3,33.71,33.79,10942120,psxdata,2026-05-11T12:51:29
PRL,2025-07-03,34.1,34.1,32.8,33.23,11579057,psxdata,2026-05-11T12:51:29
PRL,2025-07-04,33.59,33.59,33.0,33.12,4161380,psxdata,2026-05-11T12:51:29
PRL,2025-07-07,33.3,33.68,33.01,33.17,9605004,psxdata,2026-05-11T12:51:29
PRL,2025-07-08,33.95,33.95,33.25,33.35,12795758,psxdata,2026-05-11T12:51:29
PRL,2025-07-09,33.36,33.5,32.96,33.04,3938312,psxdata,2026-05-11T12:51:29
PRL,2025-07-10,33.04,33.29,32.83,32.87,3023047,psxdata,2026-05-11T12:51:29
PRL,2025-07-11,32.96,33.6,32.84,33.11,6348686,psxdata,2026-05-11T12:51:29
PRL,2025-07-14,33.16,33.64,33.06,33.18,5665173,psxdata,2026-05-11T12:51:29
PRL,2025-07-15,33.25,33.35,32.33,32.52,4270066,psxdata,2026-05-11T12:51:29
PRL,2025-07-16,32.69,32.98,32.02,32.82,5789473,psxdata,2026-05-11T12:51:29
PRL,2025-07-17,32.99,33.5,32.73,32.82,6629665,psxdata,2026-05-11T12:51:29
PRL,2025-07-18,32.9,33.05,31.9,31.98,5489180,psxdata,2026-05-11T12:51:29
PRL,2025-07-21,31.98,32.2,31.75,31.8,1621131,psxdata,2026-05-11T12:51:29
PRL,2025-07-22,31.98,32.35,31.84,32.0,3084711,psxdata,2026-05-11T12:51:29
PRL,2025-07-23,32.24,32.25,31.65,31.72,2154187,psxdata,2026-05-11T12:51:29
PRL,2025-07-24,31.87,32.28,31.5,31.98,5628883,psxdata,2026-05-11T12:51:29
PRL,2025-07-25,31.95,32.08,31.42,31.49,3163757,psxdata,2026-05-11T12:51:29
PRL,2025-07-28,31.5,31.69,31.15,31.27,1593605,psxdata,2026-05-11T12:51:29
PRL,2025-07-29,31.27,31.4,30.75,30.92,2190765,psxdata,2026-05-11T12:51:29
PRL,2025-07-30,30.77,31.07,30.27,30.68,2144418,psxdata,2026-05-11T12:51:29
PRL,2025-07-31,30.92,31.5,30.6,30.73,3320332,psxdata,2026-05-11T12:51:29
PRL,2025-08-01,30.8,31.9,30.1,31.71,5884673,psxdata,2026-05-11T12:51:29
PRL,2025-08-04,32.19,32.25,31.71,31.77,5476239,psxdata,2026-05-11T12:51:29
PRL,2025-08-05,31.9,32.1,31.52,31.63,1562509,psxdata,2026-05-11T12:51:29
PRL,2025-08-06,31.65,31.83,31.5,31.61,1348448,psxdata,2026-05-11T12:51:29
PRL,2025-08-07,31.7,32.33,31.63,31.99,7435992,psxdata,2026-05-11T12:51:29
PRL,2025-08-08,32.25,33.07,32.25,32.69,13664164,psxdata,2026-05-11T12:51:29
PRL,2025-08-11,32.8,33.28,32.49,33.13,12857040,psxdata,2026-05-11T12:51:29
PRL,2025-08-12,33.29,33.29,32.5,32.55,3974758,psxdata,2026-05-11T12:51:29
PRL,2025-08-13,32.73,32.73,32.05,32.09,2638143,psxdata,2026-05-11T12:51:29
PRL,2025-08-15,32.39,32.39,31.55,31.66,2807099,psxdata,2026-05-11T12:51:29
PRL,2025-08-18,31.6,32.24,31.4,31.55,7671571,psxdata,2026-05-11T12:51:29
PRL,2025-08-19,31.68,31.68,31.0,31.04,6238965,psxdata,2026-05-11T12:51:29
PRL,2025-08-20,31.0,31.19,30.6,30.94,4057564,psxdata,2026-05-11T12:51:29
PRL,2025-08-21,31.44,31.71,30.8,31.17,8335474,psxdata,2026-05-11T12:51:29
PRL,2025-08-22,31.27,32.0,31.0,31.26,7284738,psxdata,2026-05-11T12:51:29
PRL,2025-08-25,31.39,31.39,30.91,30.98,2690127,psxdata,2026-05-11T12:51:29
PRL,2025-08-26,31.05,31.65,30.91,31.3,5173045,psxdata,2026-05-11T12:51:29
PRL,2025-08-27,31.43,31.55,31.01,31.07,2330845,psxdata,2026-05-11T12:51:29
PRL,2025-08-28,31.06,31.2,30.07,30.39,11458147,psxdata,2026-05-11T12:51:29
PRL,2025-08-29,30.78,31.02,30.41,30.63,6860054,psxdata,2026-05-11T12:51:29
PRL,2025-09-01,30.86,32.18,30.7,31.71,16173274,psxdata,2026-05-11T12:51:29
PRL,2025-09-02,31.75,32.6,31.68,31.78,12706543,psxdata,2026-05-11T12:51:29
PRL,2025-09-03,31.95,32.1,31.58,31.63,4476513,psxdata,2026-05-11T12:51:29
PRL,2025-09-04,31.9,33.37,31.65,33.07,31712921,psxdata,2026-05-11T12:51:29
PRL,2025-09-05,33.25,33.56,32.51,32.6,13391889,psxdata,2026-05-11T12:51:29
PRL,2025-09-08,32.84,33.4,32.55,32.85,11664761,psxdata,2026-05-11T12:51:29
PRL,2025-09-09,33.0,33.08,32.1,32.34,7441709,psxdata,2026-05-11T12:51:29
PRL,2025-09-10,32.35,32.45,31.0,32.26,4434079,psxdata,2026-05-11T12:51:29
PRL,2025-09-11,32.44,32.97,32.26,32.38,7501708,psxdata,2026-05-11T12:51:29
PRL,2025-09-12,32.49,32.74,32.0,32.13,3984282,psxdata,2026-05-11T12:51:29
PRL,2025-09-15,32.06,32.54,32.0,32.24,2978097,psxdata,2026-05-11T12:51:29
PRL,2025-09-16,32.49,32.73,32.26,32.61,4392016,psxdata,2026-05-11T12:51:29
PRL,2025-09-17,32.75,34.2,32.75,33.63,36028101,psxdata,2026-05-11T12:51:29
PRL,2025-09-18,34.3,36.99,34.03,36.78,73922654,psxdata,2026-05-11T12:51:29
PRL,2025-09-19,36.99,37.25,35.57,36.06,35113907,psxdata,2026-05-11T12:51:29
PRL,2025-09-22,36.23,36.5,35.35,35.61,13649270,psxdata,2026-05-11T12:51:29
PRL,2025-09-23,35.88,36.15,35.1,35.36,7736910,psxdata,2026-05-11T12:51:29
PRL,2025-09-24,35.36,37.3,35.35,36.42,32580383,psxdata,2026-05-11T12:51:29
PRL,2025-09-25,36.62,37.7,36.6,36.85,22273233,psxdata,2026-05-11T12:51:29
PRL,2025-09-26,37.0,37.25,36.05,36.7,11509910,psxdata,2026-05-11T12:51:29
PRL,2025-09-29,37.25,38.39,37.0,37.73,25561791,psxdata,2026-05-11T12:51:29
PRL,2025-09-30,37.99,37.99,36.8,36.95,8840757,psxdata,2026-05-11T12:51:29
PRL,2025-10-01,36.75,36.75,35.77,35.88,8208613,psxdata,2026-05-11T12:51:29
PRL,2025-10-02,35.8,37.67,35.31,37.5,23124936,psxdata,2026-05-11T12:51:29
PRL,2025-10-03,37.7,40.93,37.7,40.11,69597822,psxdata,2026-05-11T12:51:29
PRL,2025-10-06,40.0,40.0,37.01,38.08,23513603,psxdata,2026-05-11T12:51:29
PRL,2025-10-07,38.0,39.19,37.4,37.59,19413491,psxdata,2026-05-11T12:51:29
PRL,2025-10-08,37.66,37.97,36.11,36.41,11598188,psxdata,2026-05-11T12:51:29
PRL,2025-10-09,36.41,37.0,35.6,35.89,8164903,psxdata,2026-05-11T12:51:29
PRL,2025-10-10,35.06,38.53,35.06,37.3,28076648,psxdata,2026-05-11T12:51:29
PRL,2025-10-13,36.55,38.39,35.01,35.79,19425929,psxdata,2026-05-11T12:51:29
PRL,2025-10-14,37.0,38.49,36.51,38.28,22372846,psxdata,2026-05-11T12:51:29
PRL,2025-10-15,38.49,38.55,36.98,37.14,16479962,psxdata,2026-05-11T12:51:29
PRL,2025-10-16,37.25,37.77,36.02,36.21,11543172,psxdata,2026-05-11T12:51:29
PRL,2025-10-17,36.47,36.69,35.72,35.96,7568716,psxdata,2026-05-11T12:51:29
PRL,2025-10-20,35.99,38.6,35.75,37.5,43823897,psxdata,2026-05-11T12:51:29
PRL,2025-10-21,37.53,38.25,36.76,36.9,12977479,psxdata,2026-05-11T12:51:29
PRL,2025-10-22,37.01,37.48,36.7,36.8,5012216,psxdata,2026-05-11T12:51:29
PRL,2025-10-23,36.8,36.8,35.55,35.8,5872161,psxdata,2026-05-11T12:51:29
PRL,2025-10-24,35.6,36.75,35.6,35.74,6613265,psxdata,2026-05-11T12:51:29
PRL,2025-10-27,35.51,36.16,35.09,35.5,3950971,psxdata,2026-05-11T12:51:29
PRL,2025-10-28,35.5,36.21,33.5,34.26,6812572,psxdata,2026-05-11T12:51:29
PRL,2025-10-29,34.0,34.99,33.45,33.62,5779581,psxdata,2026-05-11T12:51:29
PRL,2025-10-30,33.8,34.5,33.25,33.47,3952705,psxdata,2026-05-11T12:51:29
PRL,2025-10-31,34.0,34.8,34.0,34.28,5468023,psxdata,2026-05-11T12:51:29
PRL,2025-11-03,34.74,35.87,34.42,35.66,9699941,psxdata,2026-05-11T12:51:29
PRL,2025-11-04,35.71,35.75,34.5,34.71,4355234,psxdata,2026-05-11T12:51:29
PRL,2025-11-05,34.71,36.4,34.5,35.65,14269556,psxdata,2026-05-11T12:51:29
PRL,2025-11-06,35.65,35.94,34.75,35.26,8653091,psxdata,2026-05-11T12:51:29
PRL,2025-11-07,35.5,36.48,35.0,35.7,9104353,psxdata,2026-05-11T12:51:29
PRL,2025-11-10,35.9,37.4,35.9,37.23,21681177,psxdata,2026-05-11T12:51:29
PRL,2025-11-11,37.35,37.35,34.86,35.24,10306946,psxdata,2026-05-11T12:51:29
PRL,2025-11-12,35.55,35.88,34.54,34.76,5868534,psxdata,2026-05-11T12:51:29
PRL,2025-11-13,34.85,35.7,34.85,35.56,4662386,psxdata,2026-05-11T12:51:29
PRL,2025-11-14,35.6,37.52,35.45,36.19,16439095,psxdata,2026-05-11T12:51:29
PRL,2025-11-17,36.65,37.17,36.04,36.39,10307449,psxdata,2026-05-11T12:51:29
PRL,2025-11-18,36.35,37.47,36.1,36.93,17830657,psxdata,2026-05-11T12:51:29
PRL,2025-11-19,37.02,37.76,36.62,36.92,11999854,psxdata,2026-05-11T12:51:29
PRL,2025-11-20,37.37,38.51,36.95,37.84,25264188,psxdata,2026-05-11T12:51:29
PRL,2025-11-21,37.99,38.66,37.1,37.26,13147814,psxdata,2026-05-11T12:51:29
PRL,2025-11-24,37.01,37.6,36.15,36.26,4376423,psxdata,2026-05-11T12:51:29
PRL,2025-11-25,36.35,36.65,35.4,35.65,3646145,psxdata,2026-05-11T12:51:29
PRL,2025-11-26,35.68,35.93,34.2,34.86,7230753,psxdata,2026-05-11T12:51:29
PRL,2025-11-27,34.95,35.29,34.6,35.12,3668893,psxdata,2026-05-11T12:51:29
PRL,2025-11-28,35.25,35.75,35.0,35.28,7499054,psxdata,2026-05-11T12:51:29
PRL,2025-12-01,35.15,36.7,34.9,36.51,9492518,psxdata,2026-05-11T12:51:29
PRL,2025-12-02,36.75,37.25,36.17,36.42,5066506,psxdata,2026-05-11T12:51:29
PRL,2025-12-03,36.74,36.86,35.95,36.24,3448875,psxdata,2026-05-11T12:51:29
PRL,2025-12-04,36.02,37.2,36.02,37.03,5566187,psxdata,2026-05-11T12:51:29
PRL,2025-12-05,37.39,38.3,37.11,37.71,13974010,psxdata,2026-05-11T12:51:29
PRL,2025-12-08,38.0,38.0,37.26,37.57,3513266,psxdata,2026-05-11T12:51:29
PRL,2025-12-09,38.0,38.93,37.72,38.28,14632333,psxdata,2026-05-11T12:51:29
PRL,2025-12-10,38.69,38.7,36.9,37.23,7585820,psxdata,2026-05-11T12:51:29
PRL,2025-12-11,37.4,37.75,36.73,37.17,10831542,psxdata,2026-05-11T12:51:29
PRL,2025-12-12,37.0,37.34,36.5,36.71,8258451,psxdata,2026-05-11T12:51:29
PRL,2025-12-15,37.28,37.28,36.62,36.76,1758493,psxdata,2026-05-11T12:51:29
PRL,2025-12-16,36.9,37.09,35.8,36.03,4182752,psxdata,2026-05-11T12:51:29
PRL,2025-12-17,36.1,36.64,35.8,36.22,3881152,psxdata,2026-05-11T12:51:29
PRL,2025-12-18,36.52,36.94,36.3,36.43,3041610,psxdata,2026-05-11T12:51:29
PRL,2025-12-19,36.5,36.5,35.8,35.87,1943500,psxdata,2026-05-11T12:51:29
PRL,2025-12-22,36.1,36.1,35.5,35.59,1640789,psxdata,2026-05-11T12:51:29
PRL,2025-12-23,35.75,36.33,35.75,35.85,2799663,psxdata,2026-05-11T12:51:29
PRL,2025-12-24,35.99,36.35,35.6,35.95,2868458,psxdata,2026-05-11T12:51:29
PRL,2025-12-26,36.44,36.7,36.0,36.13,5962679,psxdata,2026-05-11T12:51:29
PRL,2025-12-29,36.6,36.84,36.1,36.22,6648756,psxdata,2026-05-11T12:51:29
PRL,2025-12-30,36.2,37.88,36.2,37.7,18470151,psxdata,2026-05-11T12:51:29
PRL,2025-12-31,37.74,37.74,36.52,36.64,6821326,psxdata,2026-05-11T12:51:29
PRL,2026-01-01,36.65,37.45,36.55,37.29,9670337,psxdata,2026-05-11T12:51:29
PRL,2026-01-02,37.68,38.83,37.5,37.93,25600874,psxdata,2026-05-11T12:51:29
PRL,2026-01-05,38.39,38.45,37.67,37.8,10781130,psxdata,2026-05-11T12:51:29
PRL,2026-01-06,37.8,39.11,37.2,38.71,33525710,psxdata,2026-05-11T12:51:29
PRL,2026-01-07,39.0,39.68,38.4,39.32,25181671,psxdata,2026-05-11T12:51:29
PRL,2026-01-08,39.59,39.79,38.11,39.07,16746466,psxdata,2026-05-11T12:51:29
PRL,2026-01-09,38.89,39.13,38.25,38.74,9294092,psxdata,2026-05-11T12:51:29
PRL,2026-01-12,38.7,38.7,37.26,37.58,6854498,psxdata,2026-05-11T12:51:29
PRL,2026-01-13,37.25,37.98,37.0,37.22,6171951,psxdata,2026-05-11T12:51:29
PRL,2026-01-14,37.4,37.49,36.55,36.66,5820141,psxdata,2026-05-11T12:51:29
PRL,2026-01-15,36.7,37.19,35.72,35.92,4607035,psxdata,2026-05-11T12:51:29
PRL,2026-01-16,36.28,37.1,36.28,36.71,5673054,psxdata,2026-05-11T12:51:29
PRL,2026-01-19,37.13,37.85,36.75,37.36,6780878,psxdata,2026-05-11T12:51:29
PRL,2026-01-20,37.88,38.36,37.5,37.91,12582109,psxdata,2026-05-11T12:51:29
PRL,2026-01-21,38.0,38.39,36.77,36.92,8520387,psxdata,2026-05-11T12:51:29
PRL,2026-01-22,37.2,38.3,37.2,38.05,12647113,psxdata,2026-05-11T12:51:29
PRL,2026-01-23,38.3,39.7,37.9,38.68,23709383,psxdata,2026-05-11T12:51:29
PRL,2026-01-26,39.0,39.0,37.96,38.17,6438074,psxdata,2026-05-11T12:51:29
PRL,2026-01-27,38.0,38.5,37.46,37.62,4197545,psxdata,2026-05-11T12:51:29
PRL,2026-01-28,37.65,38.1,37.48,37.74,4241995,psxdata,2026-05-11T12:51:29
PRL,2026-01-29,37.89,37.9,36.6,37.02,4380936,psxdata,2026-05-11T12:51:29
PRL,2026-01-30,37.1,37.5,36.65,36.83,3563985,psxdata,2026-05-11T12:51:29
PRL,2026-02-02,36.83,38.24,36.7,37.79,10031498,psxdata,2026-05-11T12:51:29
PRL,2026-02-03,37.99,38.55,37.85,38.15,6585732,psxdata,2026-05-11T12:51:29
PRL,2026-02-04,38.44,38.45,37.85,38.04,4093699,psxdata,2026-05-11T12:51:29
PRL,2026-02-06,37.84,37.99,36.51,36.72,4498352,psxdata,2026-05-11T12:51:29
PRL,2026-02-09,36.99,37.2,36.11,36.52,2295163,psxdata,2026-05-11T12:51:29
PRL,2026-02-10,36.65,36.98,36.26,36.37,3338539,psxdata,2026-05-11T12:51:29
PRL,2026-02-11,36.5,37.44,36.5,36.7,4402609,psxdata,2026-05-11T12:51:29
PRL,2026-02-12,36.75,36.9,35.15,36.18,3518743,psxdata,2026-05-11T12:51:29
PRL,2026-02-13,36.01,36.25,35.65,35.89,1520860,psxdata,2026-05-11T12:51:29
PRL,2026-02-16,35.99,36.1,33.5,34.61,5110446,psxdata,2026-05-11T12:51:29
PRL,2026-02-17,34.59,34.9,32.0,33.06,6424778,psxdata,2026-05-11T12:51:29
PRL,2026-02-18,33.49,34.2,33.17,34.0,3582046,psxdata,2026-05-11T12:51:29
PRL,2026-02-19,34.25,34.25,31.1,31.94,3100707,psxdata,2026-05-11T12:51:29
PRL,2026-02-20,32.0,32.5,29.56,30.97,7514819,psxdata,2026-05-11T12:51:29
PRL,2026-02-23,31.01,31.15,27.87,28.07,6570425,psxdata,2026-05-11T12:51:29
PRL,2026-02-24,28.0,29.0,26.81,28.11,6863265,psxdata,2026-05-11T12:51:29
PRL,2026-02-25,28.5,28.85,26.49,27.09,5124967,psxdata,2026-05-11T12:51:29
PRL,2026-02-26,26.75,29.0,26.5,28.65,11318509,psxdata,2026-05-11T12:51:29
PRL,2026-02-27,27.49,28.4,26.8,28.0,4349769,psxdata,2026-05-11T12:51:29
PRL,2026-03-02,25.2,25.55,25.2,25.2,3315876,psxdata,2026-05-11T12:51:29
PRL,2026-03-03,23.5,27.19,23.2,25.97,6267441,psxdata,2026-05-11T12:51:29
PRL,2026-03-04,26.05,27.34,25.5,26.2,3126632,psxdata,2026-05-11T12:51:29
PRL,2026-03-05,26.3,28.82,26.3,28.8,10683914,psxdata,2026-05-11T12:51:29
PRL,2026-03-06,28.8,29.73,27.8,28.46,6607121,psxdata,2026-05-11T12:51:29
PRL,2026-03-09,27.56,27.56,25.61,26.63,9659973,psxdata,2026-05-11T12:51:29
PRL,2026-03-10,28.6,29.29,28.12,29.18,4656198,psxdata,2026-05-11T12:51:29
PRL,2026-03-11,29.9,31.0,29.03,29.61,8185767,psxdata,2026-05-11T12:51:29
PRL,2026-03-12,29.48,29.75,28.63,28.9,3915260,psxdata,2026-05-11T12:51:29
PRL,2026-03-13,28.95,29.95,28.25,29.58,3679477,psxdata,2026-05-11T12:51:29
PRL,2026-03-16,29.6,30.66,29.31,29.55,5068336,psxdata,2026-05-11T12:51:29
PRL,2026-03-17,29.9,30.49,28.8,29.36,2574885,psxdata,2026-05-11T12:51:29
PRL,2026-03-18,29.69,30.45,29.2,30.08,4426921,psxdata,2026-05-11T12:51:29
PRL,2026-03-19,29.9,30.4,29.4,30.22,4440384,psxdata,2026-05-11T12:51:29
PRL,2026-03-24,30.8,31.0,30.0,30.14,4681204,psxdata,2026-05-11T12:51:29
PRL,2026-03-25,30.4,30.89,30.12,30.44,4676569,psxdata,2026-05-11T12:51:29
PRL,2026-03-26,30.3,30.4,29.32,29.47,3769920,psxdata,2026-05-11T12:51:29
PRL,2026-03-27,29.6,29.89,28.15,28.37,3022603,psxdata,2026-05-11T12:51:29
PRL,2026-03-30,28.37,28.37,26.0,27.47,3549419,psxdata,2026-05-11T12:51:29
PRL,2026-03-31,27.89,29.1,27.62,28.15,2869918,psxdata,2026-05-11T12:51:29
PRL,2026-04-01,28.67,30.97,28.67,30.41,7749676,psxdata,2026-05-11T12:51:29
PRL,2026-04-02,29.15,30.29,28.5,29.91,6650206,psxdata,2026-05-11T12:51:29
PRL,2026-04-03,29.26,32.9,29.26,32.9,24216388,psxdata,2026-05-11T12:51:29
PRL,2026-04-06,32.79,35.69,32.6,34.76,28349134,psxdata,2026-05-11T12:51:29
PRL,2026-04-07,34.24,34.88,33.8,34.2,8616924,psxdata,2026-05-11T12:51:29
PRL,2026-04-08,36.11,36.81,34.9,36.15,21854811,psxdata,2026-05-11T12:51:29
PRL,2026-04-09,35.69,35.9,34.91,35.21,6485874,psxdata,2026-05-11T12:51:29
PRL,2026-04-10,35.51,35.93,34.31,34.6,8402914,psxdata,2026-05-11T12:51:29
PRL,2026-04-13,34.2,34.7,33.62,34.01,7341332,psxdata,2026-05-11T12:51:29
PRL,2026-04-14,34.9,35.34,34.75,35.03,7555378,psxdata,2026-05-11T12:51:29
PRL,2026-04-15,35.5,36.3,35.0,35.11,13958388,psxdata,2026-05-11T12:51:29
PRL,2026-04-16,35.5,35.9,33.01,35.09,7647292,psxdata,2026-05-11T12:51:29
PRL,2026-04-17,35.25,35.8,35.02,35.65,6812720,psxdata,2026-05-11T12:51:29
PRL,2026-04-20,35.45,36.9,35.0,35.97,16793936,psxdata,2026-05-11T12:51:29
PRL,2026-04-21,36.2,39.54,36.19,38.84,67570800,psxdata,2026-05-11T12:51:29
PRL,2026-04-22,39.5,39.79,37.98,38.2,26243223,psxdata,2026-05-11T12:51:29
PRL,2026-04-23,38.0,38.37,37.14,37.59,7144742,psxdata,2026-05-11T12:51:29
PRL,2026-04-24,37.11,37.87,36.56,37.42,13255261,psxdata,2026-05-11T12:51:29
PRL,2026-04-27,37.51,38.99,37.2,37.63,14942722,psxdata,2026-05-11T12:51:29
PRL,2026-04-28,37.1,38.6,37.0,38.22,10633997,psxdata,2026-05-11T12:51:29
PRL,2026-04-29,38.42,38.9,36.8,37.23,14226802,psxdata,2026-05-11T12:51:29
PRL,2026-04-30,36.75,37.0,35.3,35.94,9079986,psxdata,2026-05-11T12:51:29
PRL,2026-05-04,36.0,36.89,34.56,34.88,7354376,psxdata,2026-05-11T12:51:29
PRL,2026-05-05,34.4,36.02,34.35,35.81,8263575,psxdata,2026-05-11T12:51:29
PRL,2026-05-06,36.3,37.11,36.15,36.43,12456708,psxdata,2026-05-11T12:51:29
PRL,2026-05-07,36.6,36.8,35.82,36.46,8553627,psxdata,2026-05-11T12:51:29
PRL,2026-05-08,36.01,37.29,35.85,36.16,9618975,psxdata,2026-05-11T12:51:29
