symbol,date,open,high,low,close,volume,source,collected_at
PTC,2016-05-11,15.25,15.25,14.87,14.98,3623000,psxdata,2026-05-11T12:50:58
PTC,2016-05-12,15.0,15.15,14.91,15.0,2720000,psxdata,2026-05-11T12:50:58
PTC,2016-05-13,15.09,15.4,15.0,15.03,4515000,psxdata,2026-05-11T12:50:58
PTC,2016-05-16,15.1,15.65,15.07,15.45,9822500,psxdata,2026-05-11T12:50:58
PTC,2016-05-17,15.5,15.7,15.3,15.35,4546000,psxdata,2026-05-11T12:50:58
PTC,2016-05-18,15.34,15.49,15.2,15.21,2462500,psxdata,2026-05-11T12:50:58
PTC,2016-05-19,15.23,16.21,15.13,16.21,23266000,psxdata,2026-05-11T12:50:58
PTC,2016-05-20,16.42,16.44,15.78,15.85,12759000,psxdata,2026-05-11T12:50:58
PTC,2016-05-23,15.9,16.2,15.75,16.07,3776500,psxdata,2026-05-11T12:50:58
PTC,2016-05-24,16.11,16.37,15.97,16.01,3948000,psxdata,2026-05-11T12:50:58
PTC,2016-05-25,16.1,16.18,15.9,15.92,2811000,psxdata,2026-05-11T12:50:58
PTC,2016-05-26,15.9,16.0,15.75,15.78,1383500,psxdata,2026-05-11T12:50:58
PTC,2016-05-27,15.8,15.89,15.7,15.76,2097500,psxdata,2026-05-11T12:50:58
PTC,2016-05-30,15.7,15.75,15.27,15.3,3696000,psxdata,2026-05-11T12:50:58
PTC,2016-05-31,15.26,15.82,15.26,15.47,4616000,psxdata,2026-05-11T12:50:58
PTC,2016-06-01,15.52,15.89,15.51,15.75,1798500,psxdata,2026-05-11T12:50:58
PTC,2016-06-02,15.7,16.35,15.7,16.08,5461500,psxdata,2026-05-11T12:50:58
PTC,2016-06-03,16.25,16.34,15.82,15.95,2792500,psxdata,2026-05-11T12:50:58
PTC,2016-06-06,16.1,16.1,15.65,15.7,1470500,psxdata,2026-05-11T12:50:58
PTC,2016-06-07,15.64,15.73,15.45,15.47,2313500,psxdata,2026-05-11T12:50:58
PTC,2016-06-08,15.49,15.65,15.4,15.51,860000,psxdata,2026-05-11T12:50:58
PTC,2016-06-09,15.59,15.65,15.25,15.37,1996500,psxdata,2026-05-11T12:50:58
PTC,2016-06-10,15.36,15.37,14.95,15.01,2436000,psxdata,2026-05-11T12:50:58
PTC,2016-06-13,15.05,15.19,14.8,14.88,2939000,psxdata,2026-05-11T12:50:58
PTC,2016-06-14,14.82,15.14,14.82,15.02,3009000,psxdata,2026-05-11T12:50:58
PTC,2016-06-15,15.48,15.48,15.02,15.04,3458000,psxdata,2026-05-11T12:50:58
PTC,2016-06-16,15.1,15.96,15.04,15.51,13554000,psxdata,2026-05-11T12:50:58
PTC,2016-06-17,15.59,15.7,15.32,15.44,1968000,psxdata,2026-05-11T12:50:58
PTC,2016-06-20,15.5,15.56,15.1,15.22,2182000,psxdata,2026-05-11T12:50:58
PTC,2016-06-21,15.22,15.35,15.1,15.16,2677500,psxdata,2026-05-11T12:50:58
PTC,2016-06-22,15.07,15.35,15.01,15.18,1368000,psxdata,2026-05-11T12:50:58
PTC,2016-06-23,15.25,15.33,15.06,15.21,1724500,psxdata,2026-05-11T12:50:58
PTC,2016-06-24,15.09,15.09,14.3,14.82,6288000,psxdata,2026-05-11T12:50:58
PTC,2016-06-27,14.51,14.9,14.51,14.86,1401500,psxdata,2026-05-11T12:50:58
PTC,2016-06-28,14.9,14.97,14.66,14.76,1089000,psxdata,2026-05-11T12:50:58
PTC,2016-06-29,14.75,15.11,14.75,15.06,1965500,psxdata,2026-05-11T12:50:58
PTC,2016-06-30,15.1,15.23,14.88,15.03,1414500,psxdata,2026-05-11T12:50:58
PTC,2016-07-04,14.99,15.49,14.99,15.46,2085000,psxdata,2026-05-11T12:50:58
PTC,2016-07-11,15.49,15.64,15.3,15.57,1560000,psxdata,2026-05-11T12:50:58
PTC,2016-07-12,15.6,15.89,15.6,15.84,2829500,psxdata,2026-05-11T12:50:58
PTC,2016-07-13,15.8,16.43,15.8,16.19,11658500,psxdata,2026-05-11T12:50:58
PTC,2016-07-14,16.25,16.49,16.14,16.28,3463000,psxdata,2026-05-11T12:50:58
PTC,2016-07-15,16.31,16.38,16.01,16.06,2934000,psxdata,2026-05-11T12:50:58
PTC,2016-07-18,16.1,16.18,16.0,16.09,1419500,psxdata,2026-05-11T12:50:58
PTC,2016-07-19,16.3,16.56,15.91,16.08,9696500,psxdata,2026-05-11T12:50:58
PTC,2016-07-20,16.3,16.34,15.78,15.9,7114500,psxdata,2026-05-11T12:50:58
PTC,2016-07-21,15.99,16.14,15.95,16.03,6753500,psxdata,2026-05-11T12:50:58
PTC,2016-07-22,16.1,16.1,15.86,15.91,2013500,psxdata,2026-05-11T12:50:58
PTC,2016-07-25,15.97,16.19,15.9,16.12,2559500,psxdata,2026-05-11T12:50:58
PTC,2016-07-26,16.1,16.24,16.01,16.15,1834500,psxdata,2026-05-11T12:50:58
PTC,2016-07-27,16.15,16.2,16.08,16.12,1168000,psxdata,2026-05-11T12:50:58
PTC,2016-07-28,16.06,16.6,16.06,16.47,6791000,psxdata,2026-05-11T12:50:58
PTC,2016-07-29,16.49,16.64,16.25,16.53,2802500,psxdata,2026-05-11T12:50:58
PTC,2016-08-01,16.51,16.85,16.45,16.65,3853500,psxdata,2026-05-11T12:50:58
PTC,2016-08-02,16.66,16.78,16.47,16.65,1335500,psxdata,2026-05-11T12:50:58
PTC,2016-08-03,16.75,16.75,16.4,16.68,5449500,psxdata,2026-05-11T12:50:58
PTC,2016-08-04,16.54,16.71,16.45,16.48,1821500,psxdata,2026-05-11T12:50:58
PTC,2016-08-05,16.51,16.51,16.3,16.37,800500,psxdata,2026-05-11T12:50:58
PTC,2016-08-08,16.32,16.54,16.2,16.31,3519500,psxdata,2026-05-11T12:50:58
PTC,2016-08-09,15.8,15.8,15.31,15.45,8257500,psxdata,2026-05-11T12:50:58
PTC,2016-08-10,15.43,15.44,15.22,15.31,1862500,psxdata,2026-05-11T12:50:58
PTC,2016-08-11,15.26,15.32,15.09,15.16,2623000,psxdata,2026-05-11T12:50:58
PTC,2016-08-12,15.17,15.3,15.16,15.24,641000,psxdata,2026-05-11T12:50:58
PTC,2016-08-15,15.22,15.36,15.22,15.27,545500,psxdata,2026-05-11T12:50:58
PTC,2016-08-16,15.23,15.3,15.18,15.26,1540000,psxdata,2026-05-11T12:50:58
PTC,2016-08-17,15.31,15.81,15.31,15.61,4593000,psxdata,2026-05-11T12:50:58
PTC,2016-08-18,15.75,15.76,15.48,15.59,2057000,psxdata,2026-05-11T12:50:58
PTC,2016-08-19,15.68,15.79,15.5,15.58,866500,psxdata,2026-05-11T12:50:58
PTC,2016-08-22,15.5,15.7,15.48,15.63,1817000,psxdata,2026-05-11T12:50:58
PTC,2016-08-23,15.7,15.7,15.48,15.58,605500,psxdata,2026-05-11T12:50:58
PTC,2016-08-24,15.41,15.6,15.41,15.57,326000,psxdata,2026-05-11T12:50:58
PTC,2016-08-25,15.57,15.65,15.51,15.6,594500,psxdata,2026-05-11T12:50:58
PTC,2016-08-26,15.67,16.29,15.58,16.07,5469000,psxdata,2026-05-11T12:50:58
PTC,2016-08-29,16.01,17.0,15.99,16.75,12839500,psxdata,2026-05-11T12:50:58
PTC,2016-08-30,16.81,16.9,16.34,16.4,2024000,psxdata,2026-05-11T12:50:58
PTC,2016-08-31,16.43,16.6,16.2,16.3,1515500,psxdata,2026-05-11T12:50:58
PTC,2016-09-01,16.45,16.45,16.05,16.19,1433500,psxdata,2026-05-11T12:50:58
PTC,2016-09-02,16.3,16.5,16.0,16.15,2235000,psxdata,2026-05-11T12:50:58
PTC,2016-09-05,16.2,16.35,16.0,16.05,1665000,psxdata,2026-05-11T12:50:58
PTC,2016-09-06,16.18,16.68,16.0,16.55,3006000,psxdata,2026-05-11T12:50:58
PTC,2016-09-07,16.55,17.44,16.5,17.23,10501500,psxdata,2026-05-11T12:50:58
PTC,2016-09-08,17.35,17.65,17.2,17.25,8779500,psxdata,2026-05-11T12:50:58
PTC,2016-09-09,17.3,17.51,17.05,17.12,2198000,psxdata,2026-05-11T12:50:58
PTC,2016-09-15,17.1,17.24,17.0,17.14,3214500,psxdata,2026-05-11T12:50:58
PTC,2016-09-16,17.18,18.0,17.18,17.82,7077500,psxdata,2026-05-11T12:50:58
PTC,2016-09-19,17.85,18.46,17.85,18.21,10862500,psxdata,2026-05-11T12:50:58
PTC,2016-09-20,18.4,18.5,17.75,17.98,4244500,psxdata,2026-05-11T12:50:58
PTC,2016-09-21,18.1,18.93,17.7,18.37,15376000,psxdata,2026-05-11T12:50:58
PTC,2016-09-22,18.69,18.97,18.21,18.51,15417000,psxdata,2026-05-11T12:50:58
PTC,2016-09-23,18.48,18.5,18.01,18.1,4284000,psxdata,2026-05-11T12:50:58
PTC,2016-09-26,18.07,18.69,18.07,18.51,5245500,psxdata,2026-05-11T12:50:58
PTC,2016-09-27,18.49,18.6,18.2,18.35,1765500,psxdata,2026-05-11T12:50:58
PTC,2016-09-28,18.31,18.4,18.02,18.1,4511500,psxdata,2026-05-11T12:50:58
PTC,2016-09-29,18.1,18.59,17.92,18.16,6471000,psxdata,2026-05-11T12:50:58
PTC,2016-09-30,18.21,18.4,18.1,18.28,2272500,psxdata,2026-05-11T12:50:58
PTC,2016-10-03,18.28,18.68,18.15,18.3,2715000,psxdata,2026-05-11T12:50:58
PTC,2016-10-04,18.4,18.65,18.3,18.42,2328500,psxdata,2026-05-11T12:50:58
PTC,2016-10-05,18.42,18.9,18.32,18.62,5417500,psxdata,2026-05-11T12:50:58
PTC,2016-10-06,18.7,19.34,18.51,19.0,13319500,psxdata,2026-05-11T12:50:58
PTC,2016-10-07,19.01,19.11,18.25,18.32,4662500,psxdata,2026-05-11T12:50:58
PTC,2016-10-10,18.5,18.63,18.22,18.29,1863500,psxdata,2026-05-11T12:50:58
PTC,2016-10-13,18.31,18.5,17.85,17.95,3579500,psxdata,2026-05-11T12:50:58
PTC,2016-10-14,17.86,18.18,17.71,18.0,1108000,psxdata,2026-05-11T12:50:58
PTC,2016-10-17,18.14,18.15,17.87,17.93,908000,psxdata,2026-05-11T12:50:58
PTC,2016-10-18,17.95,18.0,17.7,17.8,1594500,psxdata,2026-05-11T12:50:58
PTC,2016-10-19,17.88,17.9,17.36,17.43,3522500,psxdata,2026-05-11T12:50:58
PTC,2016-10-20,17.56,18.0,17.56,17.75,3336500,psxdata,2026-05-11T12:50:58
PTC,2016-10-21,17.7,17.8,17.5,17.51,1553500,psxdata,2026-05-11T12:50:58
PTC,2016-10-24,17.5,17.5,17.17,17.23,448500,psxdata,2026-05-11T12:50:58
PTC,2016-10-25,17.16,17.16,16.85,17.09,1135000,psxdata,2026-05-11T12:50:58
PTC,2016-10-26,16.93,17.32,16.93,16.96,679500,psxdata,2026-05-11T12:50:58
PTC,2016-10-27,16.95,17.02,16.58,16.65,2165000,psxdata,2026-05-11T12:50:58
PTC,2016-10-28,16.56,16.81,16.4,16.62,1588000,psxdata,2026-05-11T12:50:58
PTC,2016-10-31,16.5,16.8,16.25,16.42,1695500,psxdata,2026-05-11T12:50:58
PTC,2016-11-01,16.45,17.42,16.35,17.34,3765000,psxdata,2026-05-11T12:50:58
PTC,2016-11-02,17.5,18.25,17.34,17.79,4205000,psxdata,2026-05-11T12:50:58
PTC,2016-11-03,17.81,18.0,17.63,17.79,1000500,psxdata,2026-05-11T12:50:58
PTC,2016-11-04,17.73,17.85,17.58,17.66,433500,psxdata,2026-05-11T12:50:58
PTC,2016-11-07,17.69,17.99,17.62,17.81,677000,psxdata,2026-05-11T12:50:58
PTC,2016-11-08,17.89,18.09,17.45,17.58,19817500,psxdata,2026-05-11T12:50:58
PTC,2016-11-09,17.35,18.25,17.25,17.98,7873000,psxdata,2026-05-11T12:50:58
PTC,2016-11-10,18.22,18.3,17.8,17.88,2917500,psxdata,2026-05-11T12:50:58
PTC,2016-11-11,17.9,18.25,17.7,18.17,9913500,psxdata,2026-05-11T12:50:58
PTC,2016-11-14,18.2,18.51,18.0,18.07,8082500,psxdata,2026-05-11T12:50:58
PTC,2016-11-15,18.07,18.31,17.9,18.14,2868000,psxdata,2026-05-11T12:50:58
PTC,2016-11-16,18.14,18.5,18.14,18.38,5502000,psxdata,2026-05-11T12:50:58
PTC,2016-11-17,18.39,18.5,18.12,18.16,5611000,psxdata,2026-05-11T12:50:58
PTC,2016-11-18,18.2,18.24,17.8,17.89,4960000,psxdata,2026-05-11T12:50:58
PTC,2016-11-21,17.85,17.99,17.75,17.94,1159000,psxdata,2026-05-11T12:50:58
PTC,2016-11-22,17.94,18.29,17.94,17.99,3441500,psxdata,2026-05-11T12:50:58
PTC,2016-11-23,18.03,18.22,17.9,17.99,4267000,psxdata,2026-05-11T12:50:58
PTC,2016-11-24,18.1,18.1,17.85,17.89,1596500,psxdata,2026-05-11T12:50:58
PTC,2016-11-25,17.95,18.1,17.84,17.92,2241000,psxdata,2026-05-11T12:50:58
PTC,2016-11-28,17.95,18.29,17.95,18.05,2303500,psxdata,2026-05-11T12:50:58
PTC,2016-11-29,18.11,18.15,17.66,17.71,4438000,psxdata,2026-05-11T12:50:58
PTC,2016-12-01,17.53,17.72,17.41,17.48,2767500,psxdata,2026-05-11T12:50:58
PTC,2016-12-02,17.41,17.61,17.39,17.46,3373000,psxdata,2026-05-11T12:50:58
PTC,2016-12-05,17.43,18.0,17.43,17.68,6974500,psxdata,2026-05-11T12:50:58
PTC,2016-12-06,17.75,17.8,17.6,17.72,1799000,psxdata,2026-05-11T12:50:58
PTC,2016-12-07,17.65,17.86,17.62,17.71,1408000,psxdata,2026-05-11T12:50:58
PTC,2016-12-08,17.8,17.8,17.52,17.6,1087000,psxdata,2026-05-11T12:50:58
PTC,2016-12-09,17.7,17.99,17.6,17.79,3261500,psxdata,2026-05-11T12:50:58
PTC,2016-12-13,17.81,17.98,17.58,17.67,3288000,psxdata,2026-05-11T12:50:58
PTC,2016-12-14,17.78,17.79,17.45,17.61,2065000,psxdata,2026-05-11T12:50:58
PTC,2016-12-15,17.52,17.63,17.4,17.46,2744500,psxdata,2026-05-11T12:50:58
PTC,2016-12-16,17.5,17.95,17.45,17.84,3733500,psxdata,2026-05-11T12:50:58
PTC,2016-12-19,17.66,17.99,17.64,17.77,1749000,psxdata,2026-05-11T12:50:58
PTC,2016-12-20,17.8,17.85,17.6,17.72,1547000,psxdata,2026-05-11T12:50:58
PTC,2016-12-21,17.75,17.9,17.45,17.6,4029500,psxdata,2026-05-11T12:50:58
PTC,2016-12-22,17.66,17.68,17.4,17.42,1487500,psxdata,2026-05-11T12:50:58
PTC,2016-12-23,17.4,17.45,17.16,17.3,766000,psxdata,2026-05-11T12:50:58
PTC,2016-12-26,17.5,17.5,17.21,17.31,646500,psxdata,2026-05-11T12:50:58
PTC,2016-12-27,17.26,17.3,17.0,17.04,2231500,psxdata,2026-05-11T12:50:58
PTC,2016-12-28,17.1,17.37,17.01,17.11,1287500,psxdata,2026-05-11T12:50:58
PTC,2016-12-29,17.25,17.36,17.11,17.22,1058500,psxdata,2026-05-11T12:50:58
PTC,2016-12-30,17.19,17.45,17.05,17.18,3444500,psxdata,2026-05-11T12:50:58
PTC,2017-01-02,17.22,17.75,17.22,17.68,2335500,psxdata,2026-05-11T12:50:58
PTC,2017-01-03,17.72,18.3,17.5,18.11,7475000,psxdata,2026-05-11T12:50:58
PTC,2017-01-04,18.15,18.76,18.15,18.27,14112500,psxdata,2026-05-11T12:50:58
PTC,2017-01-05,18.3,18.87,18.3,18.6,6859000,psxdata,2026-05-11T12:50:58
PTC,2017-01-06,18.5,18.96,18.48,18.67,3614500,psxdata,2026-05-11T12:50:58
PTC,2017-01-09,18.7,18.95,18.5,18.62,2987000,psxdata,2026-05-11T12:50:58
PTC,2017-01-10,18.65,18.85,18.45,18.5,1122500,psxdata,2026-05-11T12:50:58
PTC,2017-01-11,18.5,18.86,18.49,18.79,3892000,psxdata,2026-05-11T12:50:58
PTC,2017-01-12,18.79,18.98,18.49,18.51,4007000,psxdata,2026-05-11T12:50:58
PTC,2017-01-13,18.55,18.75,18.46,18.71,1648000,psxdata,2026-05-11T12:50:58
PTC,2017-01-16,18.61,18.75,18.1,18.19,2766000,psxdata,2026-05-11T12:50:58
PTC,2017-01-17,18.2,18.31,17.9,18.2,2586000,psxdata,2026-05-11T12:50:58
PTC,2017-01-18,18.29,18.49,18.1,18.32,1197500,psxdata,2026-05-11T12:50:58
PTC,2017-01-19,18.35,19.24,18.35,19.0,7765500,psxdata,2026-05-11T12:50:58
PTC,2017-01-20,19.1,19.46,18.75,19.39,5967500,psxdata,2026-05-11T12:50:58
PTC,2017-01-23,19.45,19.63,19.2,19.41,3777000,psxdata,2026-05-11T12:50:58
PTC,2017-01-24,19.4,19.51,19.11,19.2,2512500,psxdata,2026-05-11T12:50:58
PTC,2017-01-25,19.3,19.38,19.02,19.09,1397500,psxdata,2026-05-11T12:50:58
PTC,2017-01-26,19.05,19.19,18.77,18.91,1532500,psxdata,2026-05-11T12:50:58
PTC,2017-01-27,18.98,19.69,18.98,19.45,14405500,psxdata,2026-05-11T12:50:58
PTC,2017-01-30,19.5,19.5,18.51,18.79,2871000,psxdata,2026-05-11T12:50:58
PTC,2017-01-31,18.9,19.09,18.5,18.53,2843000,psxdata,2026-05-11T12:50:58
PTC,2017-02-01,18.65,18.95,18.65,18.79,1137500,psxdata,2026-05-11T12:50:58
PTC,2017-02-02,18.81,19.38,18.81,19.23,3021500,psxdata,2026-05-11T12:50:58
PTC,2017-02-03,19.2,19.2,18.72,18.79,1341500,psxdata,2026-05-11T12:50:58
PTC,2017-02-06,18.8,18.95,18.71,18.77,656000,psxdata,2026-05-11T12:50:58
PTC,2017-02-07,18.76,19.3,18.74,19.2,2481500,psxdata,2026-05-11T12:50:58
PTC,2017-02-08,19.2,19.39,18.2,18.41,10179500,psxdata,2026-05-11T12:50:58
PTC,2017-02-09,18.2,18.34,17.9,18.06,19109500,psxdata,2026-05-11T12:50:58
PTC,2017-02-10,18.07,18.2,17.9,17.93,1106000,psxdata,2026-05-11T12:50:58
PTC,2017-02-13,17.99,18.07,17.77,17.82,1271500,psxdata,2026-05-11T12:50:58
PTC,2017-02-14,17.86,17.9,17.6,17.69,1045000,psxdata,2026-05-11T12:50:58
PTC,2017-02-15,17.89,17.89,17.1,17.27,2568500,psxdata,2026-05-11T12:50:58
PTC,2017-02-16,17.39,17.45,17.3,17.36,651000,psxdata,2026-05-11T12:50:58
PTC,2017-02-17,17.35,17.6,17.28,17.45,3595000,psxdata,2026-05-11T12:50:58
PTC,2017-02-20,17.44,17.55,17.25,17.29,2272000,psxdata,2026-05-11T12:50:58
PTC,2017-02-21,17.31,17.65,17.2,17.37,949500,psxdata,2026-05-11T12:50:58
PTC,2017-02-22,17.45,17.5,17.26,17.38,548000,psxdata,2026-05-11T12:50:58
PTC,2017-02-23,17.25,17.3,16.89,16.92,1844000,psxdata,2026-05-11T12:50:58
PTC,2017-02-24,17.0,17.03,16.71,16.88,1323000,psxdata,2026-05-11T12:50:58
PTC,2017-02-27,16.9,16.99,16.7,16.8,663000,psxdata,2026-05-11T12:50:58
PTC,2017-02-28,16.8,16.9,16.7,16.79,412500,psxdata,2026-05-11T12:50:58
PTC,2017-03-01,16.85,16.97,16.81,16.91,249000,psxdata,2026-05-11T12:50:58
PTC,2017-03-02,16.95,17.18,16.92,17.02,2822500,psxdata,2026-05-11T12:50:58
PTC,2017-03-03,17.1,17.2,16.75,16.8,2505000,psxdata,2026-05-11T12:50:58
PTC,2017-03-06,16.87,17.0,16.81,16.86,568500,psxdata,2026-05-11T12:50:58
PTC,2017-03-07,16.95,16.95,16.75,16.81,299000,psxdata,2026-05-11T12:50:58
PTC,2017-03-08,16.86,16.94,16.85,16.87,191000,psxdata,2026-05-11T12:50:58
PTC,2017-03-09,16.94,16.94,16.45,16.53,2345000,psxdata,2026-05-11T12:50:58
PTC,2017-03-10,16.5,16.73,16.3,16.53,1170000,psxdata,2026-05-11T12:50:58
PTC,2017-03-13,16.64,16.75,16.5,16.58,488000,psxdata,2026-05-11T12:50:58
PTC,2017-03-14,16.55,16.55,16.32,16.43,453000,psxdata,2026-05-11T12:50:58
PTC,2017-03-15,16.5,16.5,16.4,16.4,76000,psxdata,2026-05-11T12:50:58
PTC,2017-03-16,16.35,16.76,16.3,16.67,462000,psxdata,2026-05-11T12:50:58
PTC,2017-03-17,16.55,17.0,16.53,16.89,731000,psxdata,2026-05-11T12:50:58
PTC,2017-03-20,16.85,16.95,16.55,16.71,172500,psxdata,2026-05-11T12:50:58
PTC,2017-03-21,16.65,16.86,16.54,16.73,212000,psxdata,2026-05-11T12:50:58
PTC,2017-03-22,16.74,17.0,16.7,16.85,457000,psxdata,2026-05-11T12:50:58
PTC,2017-03-24,16.87,16.95,16.85,16.88,219500,psxdata,2026-05-11T12:50:58
PTC,2017-03-27,16.9,16.9,16.62,16.63,133500,psxdata,2026-05-11T12:50:58
PTC,2017-03-28,16.65,16.75,16.52,16.54,201500,psxdata,2026-05-11T12:50:58
PTC,2017-03-29,16.6,16.78,16.41,16.49,420500,psxdata,2026-05-11T12:50:58
PTC,2017-03-30,16.52,16.54,16.25,16.36,275500,psxdata,2026-05-11T12:50:58
PTC,2017-03-31,16.35,16.35,16.05,16.17,398000,psxdata,2026-05-11T12:50:58
PTC,2017-04-03,16.3,16.43,16.18,16.41,268500,psxdata,2026-05-11T12:50:58
PTC,2017-04-04,16.45,16.45,16.17,16.19,168500,psxdata,2026-05-11T12:50:58
PTC,2017-04-05,16.24,16.24,16.0,16.02,379500,psxdata,2026-05-11T12:50:58
PTC,2017-04-06,16.0,16.34,15.9,15.94,205500,psxdata,2026-05-11T12:50:58
PTC,2017-04-07,15.9,16.24,15.9,16.16,260000,psxdata,2026-05-11T12:50:58
PTC,2017-04-10,16.2,16.21,15.95,16.0,651500,psxdata,2026-05-11T12:50:58
PTC,2017-04-11,16.09,16.14,15.95,16.06,389500,psxdata,2026-05-11T12:50:58
PTC,2017-04-12,16.1,16.2,16.02,16.05,290500,psxdata,2026-05-11T12:50:58
PTC,2017-04-13,16.0,16.25,15.8,15.86,952500,psxdata,2026-05-11T12:50:58
PTC,2017-04-14,15.9,15.93,15.82,15.86,114000,psxdata,2026-05-11T12:50:58
PTC,2017-04-17,16.0,16.38,15.8,15.84,2091000,psxdata,2026-05-11T12:50:58
PTC,2017-04-18,15.98,15.99,15.48,15.68,2664500,psxdata,2026-05-11T12:50:58
PTC,2017-04-19,15.55,16.25,15.25,16.12,1519500,psxdata,2026-05-11T12:50:58
PTC,2017-04-20,16.14,16.48,15.87,16.14,691000,psxdata,2026-05-11T12:50:58
PTC,2017-04-21,16.11,17.01,16.11,16.76,3249000,psxdata,2026-05-11T12:50:58
PTC,2017-04-24,16.8,16.9,16.5,16.66,1110000,psxdata,2026-05-11T12:50:58
PTC,2017-04-25,16.66,16.8,16.4,16.45,971500,psxdata,2026-05-11T12:50:58
PTC,2017-04-26,16.5,16.55,16.25,16.3,779000,psxdata,2026-05-11T12:50:58
PTC,2017-04-27,16.37,16.38,16.1,16.15,725500,psxdata,2026-05-11T12:50:58
PTC,2017-04-28,16.15,16.3,16.01,16.09,427500,psxdata,2026-05-11T12:50:58
PTC,2017-05-02,16.05,16.18,15.62,15.7,1052000,psxdata,2026-05-11T12:50:58
PTC,2017-05-03,15.74,15.75,15.25,15.3,2145000,psxdata,2026-05-11T12:50:58
PTC,2017-05-04,15.49,15.61,15.4,15.59,376500,psxdata,2026-05-11T12:50:58
PTC,2017-05-05,15.59,15.71,15.55,15.66,452500,psxdata,2026-05-11T12:50:58
PTC,2017-05-08,15.7,15.8,15.55,15.71,459500,psxdata,2026-05-11T12:50:58
PTC,2017-05-09,15.8,16.0,15.51,15.67,1173500,psxdata,2026-05-11T12:50:58
PTC,2017-05-10,15.65,15.95,15.65,15.88,323500,psxdata,2026-05-11T12:50:58
PTC,2017-05-11,15.9,16.5,15.82,16.18,9561500,psxdata,2026-05-11T12:50:58
PTC,2017-05-12,16.15,16.25,16.05,16.16,451000,psxdata,2026-05-11T12:50:58
PTC,2017-05-15,16.25,16.5,16.25,16.4,1475000,psxdata,2026-05-11T12:50:58
PTC,2017-05-16,16.4,16.4,16.12,16.26,1423000,psxdata,2026-05-11T12:50:58
PTC,2017-05-17,16.3,16.38,16.12,16.23,701500,psxdata,2026-05-11T12:50:58
PTC,2017-05-18,16.3,16.37,16.05,16.17,602000,psxdata,2026-05-11T12:50:58
PTC,2017-05-19,16.21,16.3,16.15,16.16,109000,psxdata,2026-05-11T12:50:58
PTC,2017-05-22,16.2,16.3,16.15,16.15,109500,psxdata,2026-05-11T12:50:58
PTC,2017-05-23,16.17,16.3,16.16,16.2,486500,psxdata,2026-05-11T12:50:58
PTC,2017-05-24,16.15,16.3,16.15,16.16,955000,psxdata,2026-05-11T12:50:58
PTC,2017-05-25,16.11,16.68,16.01,16.22,1636000,psxdata,2026-05-11T12:50:58
PTC,2017-05-26,16.15,16.29,16.0,16.1,622000,psxdata,2026-05-11T12:50:58
PTC,2017-05-29,16.11,16.25,16.06,16.11,612000,psxdata,2026-05-11T12:50:58
PTC,2017-05-30,16.15,16.15,15.9,15.98,318000,psxdata,2026-05-11T12:50:58
PTC,2017-05-31,16.0,16.03,15.21,15.47,3289000,psxdata,2026-05-11T12:50:58
PTC,2017-06-01,15.51,15.8,14.75,14.99,2254000,psxdata,2026-05-11T12:50:58
PTC,2017-06-02,14.99,15.79,14.91,15.52,899500,psxdata,2026-05-11T12:50:58
PTC,2017-06-05,15.54,15.8,15.5,15.77,187000,psxdata,2026-05-11T12:50:58
PTC,2017-06-06,15.56,15.65,15.48,15.59,191000,psxdata,2026-05-11T12:50:58
PTC,2017-06-07,15.65,15.75,15.6,15.69,267500,psxdata,2026-05-11T12:50:58
PTC,2017-06-08,15.65,15.89,15.65,15.73,214000,psxdata,2026-05-11T12:50:58
PTC,2017-06-09,15.7,15.7,15.35,15.46,165500,psxdata,2026-05-11T12:50:58
PTC,2017-06-12,15.54,15.54,14.7,14.83,1492500,psxdata,2026-05-11T12:50:58
PTC,2017-06-13,15.1,15.25,14.9,15.22,1262000,psxdata,2026-05-11T12:50:58
PTC,2017-06-14,15.21,15.5,15.0,15.11,1092500,psxdata,2026-05-11T12:50:58
PTC,2017-06-15,15.15,15.49,15.03,15.1,1556500,psxdata,2026-05-11T12:50:58
PTC,2017-06-16,15.2,15.35,14.75,14.88,990000,psxdata,2026-05-11T12:50:58
PTC,2017-06-19,14.9,15.1,14.9,15.01,894500,psxdata,2026-05-11T12:50:58
PTC,2017-06-20,15.1,15.15,14.8,14.81,1335500,psxdata,2026-05-11T12:50:58
PTC,2017-06-21,14.41,15.0,14.25,14.96,3901000,psxdata,2026-05-11T12:50:58
PTC,2017-06-22,14.96,15.14,14.9,15.1,357000,psxdata,2026-05-11T12:50:58
PTC,2017-06-29,15.2,15.9,14.95,15.66,3878500,psxdata,2026-05-11T12:50:58
PTC,2017-06-30,15.5,15.7,15.3,15.61,305000,psxdata,2026-05-11T12:50:58
PTC,2017-07-03,15.46,15.46,15.0,15.02,1384000,psxdata,2026-05-11T12:50:58
PTC,2017-07-04,14.4,14.5,14.1,14.41,1569500,psxdata,2026-05-11T12:50:58
PTC,2017-07-05,14.35,14.62,14.27,14.32,428500,psxdata,2026-05-11T12:50:58
PTC,2017-07-06,14.35,14.48,14.16,14.17,446500,psxdata,2026-05-11T12:50:58
PTC,2017-07-07,14.21,14.5,14.16,14.32,303000,psxdata,2026-05-11T12:50:58
PTC,2017-07-10,14.3,14.59,14.2,14.57,237500,psxdata,2026-05-11T12:50:58
PTC,2017-07-11,14.35,14.35,14.0,14.08,823500,psxdata,2026-05-11T12:50:58
PTC,2017-07-12,14.2,14.35,14.01,14.2,162000,psxdata,2026-05-11T12:50:58
PTC,2017-07-13,14.4,14.4,14.13,14.29,78000,psxdata,2026-05-11T12:50:58
PTC,2017-07-14,14.35,14.35,14.16,14.23,88000,psxdata,2026-05-11T12:50:58
PTC,2017-07-17,14.05,14.6,14.05,14.44,125000,psxdata,2026-05-11T12:50:58
PTC,2017-07-18,14.5,14.56,14.3,14.48,557000,psxdata,2026-05-11T12:50:58
PTC,2017-07-19,14.57,14.62,14.3,14.46,622000,psxdata,2026-05-11T12:50:58
PTC,2017-07-20,14.4,14.6,14.2,14.24,253000,psxdata,2026-05-11T12:50:58
PTC,2017-07-21,14.16,14.34,14.1,14.16,462000,psxdata,2026-05-11T12:50:58
PTC,2017-07-24,14.33,14.35,14.16,14.27,262500,psxdata,2026-05-11T12:50:58
PTC,2017-07-25,14.3,14.5,14.25,14.4,557500,psxdata,2026-05-11T12:50:58
PTC,2017-07-26,14.31,14.46,14.2,14.29,293500,psxdata,2026-05-11T12:50:58
PTC,2017-07-27,14.35,14.4,14.15,14.29,81500,psxdata,2026-05-11T12:50:58
PTC,2017-07-28,13.91,14.25,13.8,14.14,651500,psxdata,2026-05-11T12:50:58
PTC,2017-07-31,14.32,14.5,14.26,14.29,578000,psxdata,2026-05-11T12:50:58
PTC,2017-08-01,14.46,14.58,14.36,14.52,312500,psxdata,2026-05-11T12:50:58
PTC,2017-08-02,14.6,14.79,14.5,14.71,579500,psxdata,2026-05-11T12:50:58
PTC,2017-08-03,14.79,14.89,14.6,14.71,467000,psxdata,2026-05-11T12:50:58
PTC,2017-08-04,14.79,15.2,14.65,15.07,1904000,psxdata,2026-05-11T12:50:58
PTC,2017-08-07,15.1,15.19,14.75,14.97,670000,psxdata,2026-05-11T12:50:58
PTC,2017-08-08,14.9,15.09,14.85,14.95,358500,psxdata,2026-05-11T12:50:58
PTC,2017-08-09,14.8,15.0,14.75,14.94,154500,psxdata,2026-05-11T12:50:58
PTC,2017-08-10,14.9,15.0,14.75,14.81,165000,psxdata,2026-05-11T12:50:58
PTC,2017-08-11,14.75,14.94,14.62,14.7,115000,psxdata,2026-05-11T12:50:58
PTC,2017-08-15,14.72,14.75,14.0,14.14,397500,psxdata,2026-05-11T12:50:58
PTC,2017-08-16,14.01,14.54,14.01,14.5,1435500,psxdata,2026-05-11T12:50:58
PTC,2017-08-17,14.4,14.4,14.05,14.09,328500,psxdata,2026-05-11T12:50:58
PTC,2017-08-18,14.05,14.3,13.9,14.1,557000,psxdata,2026-05-11T12:50:58
PTC,2017-08-21,14.1,14.11,13.53,13.92,659500,psxdata,2026-05-11T12:50:58
PTC,2017-08-22,13.85,13.95,13.56,13.82,338000,psxdata,2026-05-11T12:50:58
PTC,2017-08-23,13.82,14.07,13.74,13.99,500000,psxdata,2026-05-11T12:50:58
PTC,2017-08-24,14.01,14.01,13.51,13.63,248000,psxdata,2026-05-11T12:50:58
PTC,2017-08-25,13.8,14.09,13.65,13.98,821000,psxdata,2026-05-11T12:50:58
PTC,2017-08-28,13.9,14.0,13.8,13.81,72000,psxdata,2026-05-11T12:50:58
PTC,2017-08-29,13.89,13.95,13.72,13.74,69000,psxdata,2026-05-11T12:50:58
PTC,2017-08-30,13.85,13.92,13.81,13.87,59500,psxdata,2026-05-11T12:50:58
PTC,2017-08-31,13.9,13.98,13.58,13.77,382000,psxdata,2026-05-11T12:50:58
PTC,2017-09-05,13.85,14.2,13.8,14.13,521500,psxdata,2026-05-11T12:50:58
PTC,2017-09-06,14.11,14.19,13.75,13.83,367500,psxdata,2026-05-11T12:50:58
PTC,2017-09-07,13.8,13.99,13.68,13.76,174500,psxdata,2026-05-11T12:50:58
PTC,2017-09-08,13.96,13.96,13.7,13.8,113000,psxdata,2026-05-11T12:50:58
PTC,2017-09-11,13.95,13.95,13.73,13.8,65500,psxdata,2026-05-11T12:50:58
PTC,2017-09-12,13.8,14.03,13.76,13.98,674000,psxdata,2026-05-11T12:50:58
PTC,2017-09-13,14.12,14.16,13.95,14.02,1755500,psxdata,2026-05-11T12:50:58
PTC,2017-09-14,14.1,14.35,14.0,14.1,1638000,psxdata,2026-05-11T12:50:58
PTC,2017-09-15,14.06,14.15,13.52,13.81,3026500,psxdata,2026-05-11T12:50:58
PTC,2017-09-18,13.88,14.34,13.88,14.06,3179000,psxdata,2026-05-11T12:50:58
PTC,2017-09-19,14.02,14.46,14.02,14.09,838000,psxdata,2026-05-11T12:50:58
PTC,2017-09-20,14.09,14.2,14.03,14.17,187000,psxdata,2026-05-11T12:50:58
PTC,2017-09-21,14.07,14.39,14.07,14.12,178000,psxdata,2026-05-11T12:50:58
PTC,2017-09-22,14.12,14.2,14.1,14.14,29000,psxdata,2026-05-11T12:50:58
PTC,2017-09-25,14.1,14.25,14.02,14.06,59500,psxdata,2026-05-11T12:50:58
PTC,2017-09-26,14.06,14.25,13.8,13.93,899000,psxdata,2026-05-11T12:50:58
PTC,2017-09-27,13.93,14.39,13.82,14.14,704000,psxdata,2026-05-11T12:50:58
PTC,2017-09-28,14.1,15.1,14.03,14.67,2930000,psxdata,2026-05-11T12:50:58
PTC,2017-09-29,14.5,14.99,14.33,14.73,1243000,psxdata,2026-05-11T12:50:58
PTC,2017-10-02,14.58,14.58,14.35,14.4,383500,psxdata,2026-05-11T12:50:58
PTC,2017-10-03,14.34,14.48,14.05,14.1,430000,psxdata,2026-05-11T12:50:58
PTC,2017-10-04,14.07,14.19,13.7,13.81,1480000,psxdata,2026-05-11T12:50:58
PTC,2017-10-05,14.09,14.09,13.69,13.72,480500,psxdata,2026-05-11T12:50:58
PTC,2017-10-06,13.85,14.08,13.84,14.0,736500,psxdata,2026-05-11T12:50:58
PTC,2017-10-09,13.91,14.0,13.76,13.84,134500,psxdata,2026-05-11T12:50:58
PTC,2017-10-10,13.9,13.9,13.67,13.71,566500,psxdata,2026-05-11T12:50:58
PTC,2017-10-11,13.97,13.97,13.64,13.8,148500,psxdata,2026-05-11T12:50:58
PTC,2017-10-12,13.8,13.8,13.51,13.76,280500,psxdata,2026-05-11T12:50:58
PTC,2017-10-13,13.58,13.75,13.4,13.56,590500,psxdata,2026-05-11T12:50:58
PTC,2017-10-16,13.75,14.24,13.61,14.02,842000,psxdata,2026-05-11T12:50:58
PTC,2017-10-17,13.96,14.05,13.8,13.83,128000,psxdata,2026-05-11T12:50:58
PTC,2017-10-18,13.8,13.8,13.32,13.6,3866500,psxdata,2026-05-11T12:50:58
PTC,2017-10-19,13.6,13.94,13.5,13.84,272500,psxdata,2026-05-11T12:50:58
PTC,2017-10-20,13.85,13.85,13.6,13.76,183000,psxdata,2026-05-11T12:50:58
PTC,2017-10-23,13.88,13.88,13.6,13.7,55500,psxdata,2026-05-11T12:50:58
PTC,2017-10-24,13.69,13.69,13.46,13.55,154500,psxdata,2026-05-11T12:50:58
PTC,2017-10-25,13.56,13.78,13.56,13.69,77500,psxdata,2026-05-11T12:50:58
PTC,2017-10-26,13.7,13.77,13.5,13.75,244000,psxdata,2026-05-11T12:50:58
PTC,2017-10-27,13.7,13.75,13.5,13.6,262000,psxdata,2026-05-11T12:50:58
PTC,2017-10-30,13.8,13.8,13.4,13.42,104000,psxdata,2026-05-11T12:50:58
PTC,2017-10-31,13.36,13.44,13.12,13.2,89000,psxdata,2026-05-11T12:50:58
PTC,2017-11-01,13.4,13.69,13.3,13.42,126000,psxdata,2026-05-11T12:50:58
PTC,2017-11-02,13.39,13.75,13.32,13.4,427000,psxdata,2026-05-11T12:50:58
PTC,2017-11-03,13.2,13.4,13.14,13.25,2974000,psxdata,2026-05-11T12:50:58
PTC,2017-11-06,13.25,13.25,12.99,13.02,5576000,psxdata,2026-05-11T12:50:58
PTC,2017-11-07,13.1,13.15,12.9,12.96,153000,psxdata,2026-05-11T12:50:58
PTC,2017-11-08,13.0,13.01,12.95,13.0,147500,psxdata,2026-05-11T12:50:58
PTC,2017-11-09,13.05,13.1,12.95,12.99,482000,psxdata,2026-05-11T12:50:58
PTC,2017-11-10,13.0,13.0,12.95,12.98,164000,psxdata,2026-05-11T12:50:58
PTC,2017-11-13,12.85,13.05,12.8,12.84,267500,psxdata,2026-05-11T12:50:58
PTC,2017-11-14,12.96,12.99,12.6,12.75,7363000,psxdata,2026-05-11T12:50:58
PTC,2017-11-15,12.7,13.0,12.65,12.72,2449500,psxdata,2026-05-11T12:50:58
PTC,2017-11-16,12.84,12.9,12.75,12.79,291500,psxdata,2026-05-11T12:50:58
PTC,2017-11-17,12.85,12.94,12.65,12.72,283500,psxdata,2026-05-11T12:50:58
PTC,2017-11-20,12.72,12.8,12.62,12.63,149000,psxdata,2026-05-11T12:50:58
PTC,2017-11-21,12.65,12.7,12.55,12.62,227000,psxdata,2026-05-11T12:50:58
PTC,2017-11-22,12.6,12.65,12.52,12.56,140000,psxdata,2026-05-11T12:50:58
PTC,2017-11-23,12.68,12.74,12.59,12.71,180000,psxdata,2026-05-11T12:50:58
PTC,2017-11-24,12.58,12.95,12.55,12.57,311500,psxdata,2026-05-11T12:50:58
PTC,2017-11-27,12.51,12.65,12.5,12.53,52500,psxdata,2026-05-11T12:50:58
PTC,2017-11-28,12.6,12.7,12.5,12.52,64500,psxdata,2026-05-11T12:50:58
PTC,2017-11-29,12.63,12.63,12.51,12.55,143000,psxdata,2026-05-11T12:50:58
PTC,2017-11-30,12.6,12.78,12.6,12.6,95000,psxdata,2026-05-11T12:50:58
PTC,2017-12-04,12.6,12.69,12.56,12.6,155500,psxdata,2026-05-11T12:50:58
PTC,2017-12-05,12.6,12.7,12.51,12.54,190000,psxdata,2026-05-11T12:50:58
PTC,2017-12-06,12.55,12.65,12.5,12.56,135500,psxdata,2026-05-11T12:50:58
PTC,2017-12-07,12.65,12.67,12.3,12.36,239500,psxdata,2026-05-11T12:50:58
PTC,2017-12-08,12.3,12.51,12.2,12.31,1043500,psxdata,2026-05-11T12:50:58
PTC,2017-12-11,12.45,12.5,11.86,11.98,349500,psxdata,2026-05-11T12:50:58
PTC,2017-12-12,12.1,12.1,11.85,12.0,163500,psxdata,2026-05-11T12:50:58
PTC,2017-12-13,12.22,12.22,11.96,12.0,229500,psxdata,2026-05-11T12:50:58
PTC,2017-12-14,11.85,12.0,11.83,11.92,39500,psxdata,2026-05-11T12:50:58
PTC,2017-12-15,12.25,12.85,11.9,12.26,363000,psxdata,2026-05-11T12:50:58
PTC,2017-12-18,12.05,12.05,11.9,11.92,238500,psxdata,2026-05-11T12:50:58
PTC,2017-12-19,11.86,11.9,11.8,11.8,48500,psxdata,2026-05-11T12:50:58
PTC,2017-12-20,11.87,11.88,11.8,11.8,73500,psxdata,2026-05-11T12:50:58
PTC,2017-12-21,11.81,12.25,11.6,11.92,676500,psxdata,2026-05-11T12:50:58
PTC,2017-12-22,12.0,12.6,12.0,12.57,621000,psxdata,2026-05-11T12:50:58
PTC,2017-12-26,12.5,12.56,12.3,12.34,159000,psxdata,2026-05-11T12:50:58
PTC,2017-12-27,12.5,12.55,12.2,12.39,395500,psxdata,2026-05-11T12:50:58
PTC,2017-12-28,12.65,12.65,12.27,12.3,157500,psxdata,2026-05-11T12:50:58
PTC,2017-12-29,12.3,13.3,12.15,13.05,25362000,psxdata,2026-05-11T12:50:58
PTC,2018-01-01,13.02,13.5,12.77,13.34,1047000,psxdata,2026-05-11T12:50:58
PTC,2018-01-02,13.1,13.5,13.0,13.21,4448000,psxdata,2026-05-11T12:50:58
PTC,2018-01-03,13.12,13.45,13.05,13.12,2533500,psxdata,2026-05-11T12:50:58
PTC,2018-01-04,13.11,13.91,13.1,13.74,11353500,psxdata,2026-05-11T12:50:58
PTC,2018-01-05,13.75,13.76,13.31,13.5,4170500,psxdata,2026-05-11T12:50:58
PTC,2018-01-08,13.78,13.8,13.43,13.49,948500,psxdata,2026-05-11T12:50:58
PTC,2018-01-09,13.42,13.42,13.1,13.2,611500,psxdata,2026-05-11T12:50:58
PTC,2018-01-10,13.25,13.7,13.24,13.58,2205000,psxdata,2026-05-11T12:50:58
PTC,2018-01-11,13.69,13.95,13.55,13.8,7814000,psxdata,2026-05-11T12:50:58
PTC,2018-01-12,13.64,13.7,13.31,13.35,449500,psxdata,2026-05-11T12:50:58
PTC,2018-01-15,13.29,13.6,13.0,13.05,729000,psxdata,2026-05-11T12:50:58
PTC,2018-01-16,13.24,13.44,12.81,13.07,552500,psxdata,2026-05-11T12:50:58
PTC,2018-01-17,13.11,13.25,13.05,13.15,198500,psxdata,2026-05-11T12:50:58
PTC,2018-01-18,13.3,13.44,13.14,13.21,299000,psxdata,2026-05-11T12:50:58
PTC,2018-01-19,13.23,13.29,13.1,13.12,409500,psxdata,2026-05-11T12:50:58
PTC,2018-01-22,13.33,13.4,13.16,13.34,472000,psxdata,2026-05-11T12:50:58
PTC,2018-01-23,13.38,13.38,13.19,13.32,346500,psxdata,2026-05-11T12:50:58
PTC,2018-01-24,13.32,13.59,13.31,13.38,571000,psxdata,2026-05-11T12:50:58
PTC,2018-01-25,13.45,13.59,13.32,13.42,206000,psxdata,2026-05-11T12:50:58
PTC,2018-01-26,13.42,13.55,13.36,13.43,202000,psxdata,2026-05-11T12:50:58
PTC,2018-01-29,13.43,13.64,13.35,13.45,414500,psxdata,2026-05-11T12:50:58
PTC,2018-01-30,13.6,13.85,13.4,13.64,966000,psxdata,2026-05-11T12:50:58
PTC,2018-01-31,13.8,14.1,13.78,13.87,2253500,psxdata,2026-05-11T12:50:58
PTC,2018-02-01,13.95,14.04,13.61,13.83,384500,psxdata,2026-05-11T12:50:58
PTC,2018-02-02,13.71,13.85,13.6,13.65,590000,psxdata,2026-05-11T12:50:58
PTC,2018-02-06,13.5,13.57,13.32,13.4,865500,psxdata,2026-05-11T12:50:58
PTC,2018-02-07,13.55,13.67,13.43,13.57,473500,psxdata,2026-05-11T12:50:58
PTC,2018-02-08,13.51,13.59,13.39,13.42,556500,psxdata,2026-05-11T12:50:58
PTC,2018-02-09,13.36,13.46,13.29,13.41,342000,psxdata,2026-05-11T12:50:58
PTC,2018-02-12,13.42,13.45,13.31,13.35,506500,psxdata,2026-05-11T12:50:58
PTC,2018-02-13,13.31,13.5,13.22,13.29,988500,psxdata,2026-05-11T12:50:58
PTC,2018-02-14,13.3,13.45,12.51,12.61,5189000,psxdata,2026-05-11T12:50:58
PTC,2018-02-15,12.54,12.95,12.34,12.54,15386000,psxdata,2026-05-11T12:50:58
PTC,2018-02-16,12.59,12.87,12.59,12.76,607000,psxdata,2026-05-11T12:50:58
PTC,2018-02-19,12.7,12.7,12.49,12.51,380000,psxdata,2026-05-11T12:50:58
PTC,2018-02-20,12.59,12.59,12.23,12.28,2001500,psxdata,2026-05-11T12:50:58
PTC,2018-02-21,12.4,12.6,12.4,12.51,1735500,psxdata,2026-05-11T12:50:58
PTC,2018-02-22,12.39,12.78,12.34,12.73,593500,psxdata,2026-05-11T12:50:58
PTC,2018-02-23,12.7,12.8,12.35,12.41,408500,psxdata,2026-05-11T12:50:58
PTC,2018-02-26,12.46,12.67,12.4,12.51,250000,psxdata,2026-05-11T12:50:58
PTC,2018-02-27,12.5,12.64,12.25,12.32,814500,psxdata,2026-05-11T12:50:58
PTC,2018-02-28,12.35,12.44,12.2,12.29,368500,psxdata,2026-05-11T12:50:58
PTC,2018-03-01,12.32,12.45,12.14,12.17,756500,psxdata,2026-05-11T12:50:58
PTC,2018-03-02,12.29,12.44,12.15,12.2,409500,psxdata,2026-05-11T12:50:58
PTC,2018-03-05,12.23,12.4,12.2,12.25,884000,psxdata,2026-05-11T12:50:58
PTC,2018-03-06,12.35,12.35,12.1,12.15,829500,psxdata,2026-05-11T12:50:58
PTC,2018-03-07,12.21,12.35,12.15,12.2,2649000,psxdata,2026-05-11T12:50:58
PTC,2018-03-08,12.16,12.77,12.16,12.3,5139500,psxdata,2026-05-11T12:50:58
PTC,2018-03-09,12.35,12.37,12.15,12.2,1640500,psxdata,2026-05-11T12:50:58
PTC,2018-03-12,12.16,12.35,12.16,12.29,407000,psxdata,2026-05-11T12:50:58
PTC,2018-03-13,12.35,12.35,12.19,12.23,349500,psxdata,2026-05-11T12:50:58
PTC,2018-03-14,12.34,12.42,12.22,12.36,773000,psxdata,2026-05-11T12:50:58
PTC,2018-03-15,12.46,12.5,12.4,12.4,1732000,psxdata,2026-05-11T12:50:58
PTC,2018-03-16,12.37,12.44,12.2,12.34,1857500,psxdata,2026-05-11T12:50:58
PTC,2018-03-19,12.32,12.45,12.28,12.31,68000,psxdata,2026-05-11T12:50:58
PTC,2018-03-20,12.36,12.6,12.36,12.48,370500,psxdata,2026-05-11T12:50:58
PTC,2018-03-21,12.41,12.5,12.35,12.39,163000,psxdata,2026-05-11T12:50:58
PTC,2018-03-22,12.5,12.5,12.32,12.37,122500,psxdata,2026-05-11T12:50:58
PTC,2018-03-26,12.35,12.65,12.3,12.4,326500,psxdata,2026-05-11T12:50:58
PTC,2018-03-27,12.32,12.45,12.3,12.41,412000,psxdata,2026-05-11T12:50:58
PTC,2018-03-28,12.4,12.5,12.35,12.35,524000,psxdata,2026-05-11T12:50:58
PTC,2018-03-29,12.35,12.48,12.33,12.39,208500,psxdata,2026-05-11T12:50:58
PTC,2018-03-30,12.36,12.5,12.28,12.35,788500,psxdata,2026-05-11T12:50:58
PTC,2018-04-02,12.36,12.45,12.3,12.36,268000,psxdata,2026-05-11T12:50:58
PTC,2018-04-03,12.5,12.5,12.3,12.34,201000,psxdata,2026-05-11T12:50:58
PTC,2018-04-04,12.5,12.8,12.3,12.62,2579500,psxdata,2026-05-11T12:50:58
PTC,2018-04-05,12.56,12.79,12.56,12.72,411500,psxdata,2026-05-11T12:50:58
PTC,2018-04-06,12.81,12.85,12.6,12.72,694500,psxdata,2026-05-11T12:50:58
PTC,2018-04-09,12.75,12.75,12.6,12.63,187000,psxdata,2026-05-11T12:50:58
PTC,2018-04-10,12.61,12.99,12.57,12.88,829000,psxdata,2026-05-11T12:50:58
PTC,2018-04-11,12.85,13.24,12.8,13.12,7459000,psxdata,2026-05-11T12:50:58
PTC,2018-04-12,13.26,13.38,12.7,12.77,5661000,psxdata,2026-05-11T12:50:58
PTC,2018-04-13,12.65,12.75,12.46,12.58,935500,psxdata,2026-05-11T12:50:58
PTC,2018-04-16,12.48,12.48,12.35,12.36,592000,psxdata,2026-05-11T12:50:58
PTC,2018-04-17,12.33,12.5,12.33,12.4,102500,psxdata,2026-05-11T12:50:58
PTC,2018-04-18,12.45,12.45,12.25,12.28,408000,psxdata,2026-05-11T12:50:58
PTC,2018-04-19,12.3,12.31,12.1,12.2,659000,psxdata,2026-05-11T12:50:58
PTC,2018-04-20,12.2,12.29,12.01,12.11,990500,psxdata,2026-05-11T12:50:58
PTC,2018-04-23,12.1,12.3,12.1,12.28,326000,psxdata,2026-05-11T12:50:58
PTC,2018-04-24,12.16,12.5,12.15,12.36,220500,psxdata,2026-05-11T12:50:58
PTC,2018-04-25,12.27,12.39,12.23,12.29,101500,psxdata,2026-05-11T12:50:58
PTC,2018-04-26,12.43,12.43,12.22,12.25,175500,psxdata,2026-05-11T12:50:58
PTC,2018-04-27,12.25,12.3,12.15,12.19,706500,psxdata,2026-05-11T12:50:58
PTC,2018-04-30,12.3,12.3,12.15,12.2,243000,psxdata,2026-05-11T12:50:58
PTC,2018-05-02,12.38,12.38,12.15,12.19,207000,psxdata,2026-05-11T12:50:58
PTC,2018-05-03,12.13,12.24,12.03,12.06,430500,psxdata,2026-05-11T12:50:58
PTC,2018-05-04,12.09,12.19,12.06,12.16,265000,psxdata,2026-05-11T12:50:58
PTC,2018-05-07,12.16,12.21,12.04,12.12,268500,psxdata,2026-05-11T12:50:58
PTC,2018-05-08,12.04,12.1,12.0,12.01,814500,psxdata,2026-05-11T12:50:58
PTC,2018-05-09,12.01,12.08,11.83,11.94,637000,psxdata,2026-05-11T12:50:58
PTC,2018-05-10,11.92,12.1,11.91,12.04,112000,psxdata,2026-05-11T12:50:58
PTC,2018-05-11,12.01,12.1,11.9,11.91,537500,psxdata,2026-05-11T12:50:58
PTC,2018-05-14,11.81,11.95,11.7,11.79,601500,psxdata,2026-05-11T12:50:58
PTC,2018-05-15,11.95,11.95,11.6,11.82,548500,psxdata,2026-05-11T12:50:58
PTC,2018-05-16,11.95,11.95,11.8,11.81,72000,psxdata,2026-05-11T12:50:58
PTC,2018-05-17,11.75,11.75,11.62,11.69,94500,psxdata,2026-05-11T12:50:58
PTC,2018-05-18,11.8,11.8,11.52,11.54,246000,psxdata,2026-05-11T12:50:58
PTC,2018-05-21,11.65,11.73,11.59,11.65,483000,psxdata,2026-05-11T12:50:58
PTC,2018-05-22,11.63,11.85,11.63,11.73,634500,psxdata,2026-05-11T12:50:58
PTC,2018-05-23,11.8,11.98,11.8,11.91,171500,psxdata,2026-05-11T12:50:58
PTC,2018-05-24,11.95,11.95,11.75,11.75,76500,psxdata,2026-05-11T12:50:58
PTC,2018-05-25,11.8,11.88,11.59,11.61,346000,psxdata,2026-05-11T12:50:58
PTC,2018-05-28,11.55,11.69,11.51,11.66,105000,psxdata,2026-05-11T12:50:58
PTC,2018-05-29,11.58,11.7,11.58,11.63,90000,psxdata,2026-05-11T12:50:58
PTC,2018-05-30,11.63,11.7,11.5,11.53,206000,psxdata,2026-05-11T12:50:58
PTC,2018-05-31,11.55,11.99,11.5,11.9,820000,psxdata,2026-05-11T12:50:58
PTC,2018-06-01,11.8,11.85,11.8,11.85,23000,psxdata,2026-05-11T12:50:58
PTC,2018-06-04,11.98,11.98,11.67,11.77,58000,psxdata,2026-05-11T12:50:58
PTC,2018-06-05,11.75,11.91,11.75,11.82,117000,psxdata,2026-05-11T12:50:58
PTC,2018-06-06,11.91,12.04,11.81,11.88,247500,psxdata,2026-05-11T12:50:58
PTC,2018-06-07,11.85,11.97,11.8,11.8,65500,psxdata,2026-05-11T12:50:58
PTC,2018-06-11,11.72,12.0,11.72,11.83,237500,psxdata,2026-05-11T12:50:58
PTC,2018-06-12,11.8,11.85,11.6,11.61,89500,psxdata,2026-05-11T12:50:58
PTC,2018-06-13,11.75,11.75,11.65,11.69,254000,psxdata,2026-05-11T12:50:58
PTC,2018-06-14,11.84,11.84,11.75,11.81,1018500,psxdata,2026-05-11T12:50:58
PTC,2018-06-19,11.81,11.83,11.69,11.7,1195500,psxdata,2026-05-11T12:50:58
PTC,2018-06-20,11.75,11.75,11.62,11.63,23000,psxdata,2026-05-11T12:50:58
PTC,2018-06-21,11.6,11.7,11.52,11.56,355000,psxdata,2026-05-11T12:50:58
PTC,2018-06-22,11.56,11.98,11.52,11.54,239500,psxdata,2026-05-11T12:50:58
PTC,2018-06-25,11.51,11.51,11.33,11.34,193500,psxdata,2026-05-11T12:50:58
PTC,2018-06-26,11.27,11.4,11.17,11.21,222500,psxdata,2026-05-11T12:50:58
PTC,2018-06-27,11.29,11.3,11.1,11.2,838500,psxdata,2026-05-11T12:50:58
PTC,2018-06-28,11.18,11.2,11.03,11.06,794500,psxdata,2026-05-11T12:50:58
PTC,2018-06-29,11.05,11.7,11.02,11.44,1112500,psxdata,2026-05-11T12:50:58
PTC,2018-07-02,11.5,11.53,11.23,11.34,16000,psxdata,2026-05-11T12:50:58
PTC,2018-07-03,11.22,11.4,11.22,11.25,99500,psxdata,2026-05-11T12:50:58
PTC,2018-07-04,11.15,11.16,10.7,10.84,466000,psxdata,2026-05-11T12:50:58
PTC,2018-07-05,10.99,11.0,10.8,10.92,91500,psxdata,2026-05-11T12:50:58
PTC,2018-07-06,10.92,11.05,10.75,11.01,166500,psxdata,2026-05-11T12:50:58
PTC,2018-07-09,10.8,10.94,10.76,10.79,420000,psxdata,2026-05-11T12:50:58
PTC,2018-07-10,10.7,10.97,10.58,10.94,213500,psxdata,2026-05-11T12:50:58
PTC,2018-07-11,10.85,11.17,10.83,10.91,724500,psxdata,2026-05-11T12:50:58
PTC,2018-07-12,10.99,11.0,10.83,10.87,104500,psxdata,2026-05-11T12:50:58
PTC,2018-07-13,10.9,11.1,10.9,11.07,4586500,psxdata,2026-05-11T12:50:58
PTC,2018-07-16,11.25,11.25,10.9,10.96,122000,psxdata,2026-05-11T12:50:58
PTC,2018-07-17,10.96,11.19,10.9,11.12,50500,psxdata,2026-05-11T12:50:58
PTC,2018-07-18,11.05,11.9,11.05,11.61,5478000,psxdata,2026-05-11T12:50:58
PTC,2018-07-19,11.69,11.9,11.6,11.76,2189500,psxdata,2026-05-11T12:50:58
PTC,2018-07-20,11.8,11.87,11.56,11.63,917000,psxdata,2026-05-11T12:50:58
PTC,2018-07-23,11.6,11.7,11.51,11.54,1019500,psxdata,2026-05-11T12:50:58
PTC,2018-07-24,11.69,11.79,11.6,11.73,822500,psxdata,2026-05-11T12:50:58
PTC,2018-07-26,11.9,11.9,11.55,11.7,1561500,psxdata,2026-05-11T12:50:58
PTC,2018-07-27,11.8,12.2,11.66,11.95,4279500,psxdata,2026-05-11T12:50:58
PTC,2018-07-30,12.02,12.2,11.9,11.97,2506500,psxdata,2026-05-11T12:50:58
PTC,2018-07-31,11.96,12.15,11.81,11.83,1269000,psxdata,2026-05-11T12:50:58
PTC,2018-08-01,11.9,12.0,11.85,11.91,718000,psxdata,2026-05-11T12:50:58
PTC,2018-08-02,12.01,12.04,11.85,11.88,692500,psxdata,2026-05-11T12:50:58
PTC,2018-08-03,11.88,12.04,11.88,11.94,768000,psxdata,2026-05-11T12:50:58
PTC,2018-08-06,12.0,12.15,11.95,11.96,1303500,psxdata,2026-05-11T12:50:58
PTC,2018-08-07,12.0,12.1,11.89,11.95,3302500,psxdata,2026-05-11T12:50:58
PTC,2018-08-08,11.94,12.04,11.78,11.84,1475000,psxdata,2026-05-11T12:50:58
PTC,2018-08-09,11.14,11.15,10.94,11.08,1425500,psxdata,2026-05-11T12:50:58
PTC,2018-08-10,11.08,11.09,10.89,10.91,501500,psxdata,2026-05-11T12:50:58
PTC,2018-08-13,10.91,11.04,10.85,10.91,101000,psxdata,2026-05-11T12:50:58
PTC,2018-08-15,11.03,11.03,10.8,10.85,222000,psxdata,2026-05-11T12:50:58
PTC,2018-08-16,10.89,10.89,10.59,10.7,407000,psxdata,2026-05-11T12:50:58
PTC,2018-08-17,10.75,10.98,10.7,10.91,373500,psxdata,2026-05-11T12:50:58
PTC,2018-08-20,10.94,10.97,10.83,10.86,129000,psxdata,2026-05-11T12:50:58
PTC,2018-08-24,10.86,10.9,10.65,10.72,353000,psxdata,2026-05-11T12:50:58
PTC,2018-08-27,10.75,10.8,10.7,10.7,113500,psxdata,2026-05-11T12:50:58
PTC,2018-08-28,10.7,10.74,10.62,10.64,147500,psxdata,2026-05-11T12:50:58
PTC,2018-08-29,10.61,10.84,10.55,10.59,314000,psxdata,2026-05-11T12:50:58
PTC,2018-08-30,10.74,10.74,10.5,10.6,1227000,psxdata,2026-05-11T12:50:58
PTC,2018-08-31,10.69,10.69,10.51,10.53,256000,psxdata,2026-05-11T12:50:58
PTC,2018-09-03,10.53,10.53,10.39,10.47,275000,psxdata,2026-05-11T12:50:58
PTC,2018-09-04,10.65,10.69,10.5,10.52,291000,psxdata,2026-05-11T12:50:58
PTC,2018-09-05,10.75,10.75,10.47,10.51,194500,psxdata,2026-05-11T12:50:58
PTC,2018-09-06,10.57,10.57,10.2,10.24,393000,psxdata,2026-05-11T12:50:58
PTC,2018-09-07,10.39,10.39,9.97,10.03,1046500,psxdata,2026-05-11T12:50:58
PTC,2018-09-10,10.17,10.18,9.9,10.0,667500,psxdata,2026-05-11T12:50:58
PTC,2018-09-11,10.03,10.5,10.03,10.23,1219000,psxdata,2026-05-11T12:50:58
PTC,2018-09-12,10.38,10.38,10.07,10.12,245500,psxdata,2026-05-11T12:50:58
PTC,2018-09-13,10.05,10.25,10.05,10.12,277000,psxdata,2026-05-11T12:50:58
PTC,2018-09-14,10.21,10.21,10.05,10.11,166000,psxdata,2026-05-11T12:50:58
PTC,2018-09-17,10.21,10.25,9.92,10.01,1345500,psxdata,2026-05-11T12:50:58
PTC,2018-09-18,10.1,10.2,10.02,10.11,257000,psxdata,2026-05-11T12:50:58
PTC,2018-09-19,10.2,10.2,10.05,10.13,110000,psxdata,2026-05-11T12:50:58
PTC,2018-09-24,10.11,10.15,9.98,10.0,396000,psxdata,2026-05-11T12:50:58
PTC,2018-09-25,10.05,10.05,9.95,9.98,353500,psxdata,2026-05-11T12:50:58
PTC,2018-09-26,9.97,10.04,9.97,10.0,1136500,psxdata,2026-05-11T12:50:58
PTC,2018-09-27,10.0,10.05,9.9,10.01,593500,psxdata,2026-05-11T12:50:58
PTC,2018-09-28,10.0,10.05,9.99,10.0,429500,psxdata,2026-05-11T12:50:58
PTC,2018-10-01,10.0,10.01,9.8,9.96,243000,psxdata,2026-05-11T12:50:58
PTC,2018-10-02,10.09,10.09,9.9,10.0,503500,psxdata,2026-05-11T12:50:58
PTC,2018-10-03,10.05,10.29,10.05,10.27,593500,psxdata,2026-05-11T12:50:58
PTC,2018-10-04,10.25,10.25,9.91,9.99,130000,psxdata,2026-05-11T12:50:58
PTC,2018-10-05,10.0,10.0,9.7,9.74,398500,psxdata,2026-05-11T12:50:58
PTC,2018-10-08,9.98,9.98,9.0,9.06,806500,psxdata,2026-05-11T12:50:58
PTC,2018-10-09,9.15,9.49,9.15,9.37,462000,psxdata,2026-05-11T12:50:58
PTC,2018-10-10,9.4,10.24,9.18,9.88,1080500,psxdata,2026-05-11T12:50:58
PTC,2018-10-11,9.85,9.87,9.5,9.6,662500,psxdata,2026-05-11T12:50:58
PTC,2018-10-12,9.65,10.17,9.46,9.8,1669500,psxdata,2026-05-11T12:50:58
PTC,2018-10-15,9.8,9.8,9.27,9.33,736000,psxdata,2026-05-11T12:50:58
PTC,2018-10-16,9.46,9.64,9.28,9.39,363500,psxdata,2026-05-11T12:50:58
PTC,2018-10-17,9.4,9.68,9.3,9.62,1184000,psxdata,2026-05-11T12:50:58
PTC,2018-10-18,9.6,9.77,9.5,9.63,234000,psxdata,2026-05-11T12:50:58
PTC,2018-10-19,9.6,9.89,9.55,9.84,355000,psxdata,2026-05-11T12:50:58
PTC,2018-10-22,9.85,10.3,9.81,10.1,1027000,psxdata,2026-05-11T12:50:58
PTC,2018-10-23,10.01,10.15,9.78,9.84,760500,psxdata,2026-05-11T12:50:58
PTC,2018-10-24,10.01,10.48,10.01,10.4,846500,psxdata,2026-05-11T12:50:58
PTC,2018-10-25,10.5,10.6,10.0,10.24,871000,psxdata,2026-05-11T12:50:58
PTC,2018-10-26,10.16,10.97,10.04,10.86,1307000,psxdata,2026-05-11T12:50:58
PTC,2018-10-29,11.1,11.75,11.1,11.31,3186500,psxdata,2026-05-11T12:50:58
PTC,2018-10-30,11.3,11.43,11.02,11.18,1213500,psxdata,2026-05-11T12:50:58
PTC,2018-10-31,11.15,11.21,10.85,11.03,425500,psxdata,2026-05-11T12:50:58
PTC,2018-11-01,11.0,11.1,10.6,10.98,1255000,psxdata,2026-05-11T12:50:58
PTC,2018-11-02,10.85,11.18,10.75,10.97,165500,psxdata,2026-05-11T12:50:58
PTC,2018-11-05,10.98,10.98,10.8,10.85,197000,psxdata,2026-05-11T12:50:58
PTC,2018-11-06,10.85,10.89,10.73,10.76,85500,psxdata,2026-05-11T12:50:58
PTC,2018-11-07,11.0,11.34,10.87,11.26,2300000,psxdata,2026-05-11T12:50:58
PTC,2018-11-08,11.26,11.42,11.02,11.38,2162500,psxdata,2026-05-11T12:50:58
PTC,2018-11-09,11.3,11.49,11.15,11.38,609000,psxdata,2026-05-11T12:50:58
PTC,2018-11-12,11.35,11.4,11.2,11.38,1865500,psxdata,2026-05-11T12:50:58
PTC,2018-11-13,11.3,11.5,11.2,11.45,1629000,psxdata,2026-05-11T12:50:58
PTC,2018-11-14,11.45,11.47,11.1,11.18,962000,psxdata,2026-05-11T12:50:58
PTC,2018-11-15,11.2,11.3,11.07,11.12,696500,psxdata,2026-05-11T12:50:58
PTC,2018-11-16,11.15,11.18,11.01,11.03,170500,psxdata,2026-05-11T12:50:58
PTC,2018-11-19,11.02,11.19,11.01,11.1,316500,psxdata,2026-05-11T12:50:58
PTC,2018-11-20,11.05,11.1,11.0,11.01,176000,psxdata,2026-05-11T12:50:58
PTC,2018-11-22,11.09,11.09,10.92,11.0,341500,psxdata,2026-05-11T12:50:58
PTC,2018-11-23,10.92,10.95,10.83,10.85,122000,psxdata,2026-05-11T12:50:58
PTC,2018-11-26,10.9,11.0,10.82,10.82,511000,psxdata,2026-05-11T12:50:58
PTC,2018-11-27,10.82,10.95,10.75,10.88,141500,psxdata,2026-05-11T12:50:58
PTC,2018-11-28,10.9,11.0,10.9,10.91,129000,psxdata,2026-05-11T12:50:58
PTC,2018-11-29,10.95,11.19,10.7,10.8,950500,psxdata,2026-05-11T12:50:58
PTC,2018-11-30,10.8,11.19,10.6,10.91,432500,psxdata,2026-05-11T12:50:58
PTC,2018-12-03,10.75,10.79,10.45,10.52,265000,psxdata,2026-05-11T12:50:58
PTC,2018-12-04,10.6,10.6,10.35,10.51,1177500,psxdata,2026-05-11T12:50:58
PTC,2018-12-05,10.6,10.6,10.35,10.37,98000,psxdata,2026-05-11T12:50:58
PTC,2018-12-06,10.4,10.4,9.92,10.01,4286500,psxdata,2026-05-11T12:50:58
PTC,2018-12-07,9.91,10.3,9.9,10.09,79000,psxdata,2026-05-11T12:50:58
PTC,2018-12-10,10.15,11.09,10.15,10.77,1856000,psxdata,2026-05-11T12:50:58
PTC,2018-12-11,10.75,10.75,10.2,10.23,573500,psxdata,2026-05-11T12:50:58
PTC,2018-12-12,10.18,10.4,10.1,10.21,661500,psxdata,2026-05-11T12:50:58
PTC,2018-12-13,10.22,10.28,9.99,10.0,545500,psxdata,2026-05-11T12:50:58
PTC,2018-12-14,10.05,10.29,10.01,10.13,81500,psxdata,2026-05-11T12:50:58
PTC,2018-12-17,10.1,10.29,10.1,10.24,98000,psxdata,2026-05-11T12:50:58
PTC,2018-12-18,10.28,10.3,10.1,10.29,84500,psxdata,2026-05-11T12:50:58
PTC,2018-12-19,10.28,10.28,9.89,9.91,958500,psxdata,2026-05-11T12:50:58
PTC,2018-12-20,9.05,9.87,9.05,9.63,11839500,psxdata,2026-05-11T12:50:58
PTC,2018-12-21,9.6,9.78,9.55,9.76,514500,psxdata,2026-05-11T12:50:58
PTC,2018-12-24,9.76,9.85,9.65,9.7,323000,psxdata,2026-05-11T12:50:58
PTC,2018-12-26,9.69,9.76,9.6,9.76,108500,psxdata,2026-05-11T12:50:58
PTC,2018-12-27,9.75,9.84,9.65,9.73,575000,psxdata,2026-05-11T12:50:58
PTC,2018-12-28,9.7,9.8,9.6,9.64,861500,psxdata,2026-05-11T12:50:58
PTC,2018-12-31,9.6,9.69,9.54,9.61,87500,psxdata,2026-05-11T12:50:58
PTC,2019-01-01,9.61,9.82,9.6,9.8,195500,psxdata,2026-05-11T12:50:58
PTC,2019-01-02,9.66,9.89,9.66,9.75,138000,psxdata,2026-05-11T12:50:58
PTC,2019-01-03,9.8,9.85,9.7,9.74,78000,psxdata,2026-05-11T12:50:58
PTC,2019-01-04,9.8,10.24,9.7,9.97,265000,psxdata,2026-05-11T12:50:58
PTC,2019-01-07,10.0,10.25,9.97,10.21,1033000,psxdata,2026-05-11T12:50:58
PTC,2019-01-08,10.15,10.27,10.1,10.16,371000,psxdata,2026-05-11T12:50:58
PTC,2019-01-09,10.16,10.25,10.02,10.03,315000,psxdata,2026-05-11T12:50:58
PTC,2019-01-10,10.0,10.2,9.97,9.99,292500,psxdata,2026-05-11T12:50:58
PTC,2019-01-11,10.0,10.18,9.76,10.04,428000,psxdata,2026-05-11T12:50:58
PTC,2019-01-14,10.0,10.17,9.99,10.11,242000,psxdata,2026-05-11T12:50:58
PTC,2019-01-15,10.1,10.1,9.99,10.06,564000,psxdata,2026-05-11T12:50:58
PTC,2019-01-16,10.05,10.12,10.0,10.0,72500,psxdata,2026-05-11T12:50:58
PTC,2019-01-17,9.95,10.1,9.9,10.04,81000,psxdata,2026-05-11T12:50:58
PTC,2019-01-18,10.0,10.1,9.91,10.03,291500,psxdata,2026-05-11T12:50:58
PTC,2019-01-21,10.09,10.12,10.06,10.1,150500,psxdata,2026-05-11T12:50:58
PTC,2019-01-22,10.06,10.25,10.05,10.18,163000,psxdata,2026-05-11T12:50:58
PTC,2019-01-23,10.23,10.25,10.11,10.15,173000,psxdata,2026-05-11T12:50:58
PTC,2019-01-24,10.25,10.28,10.1,10.14,442500,psxdata,2026-05-11T12:50:58
PTC,2019-01-25,10.15,10.2,10.05,10.12,127500,psxdata,2026-05-11T12:50:58
PTC,2019-01-28,10.05,10.26,10.05,10.22,661000,psxdata,2026-05-11T12:50:58
PTC,2019-01-29,10.12,10.25,10.1,10.24,477000,psxdata,2026-05-11T12:50:58
PTC,2019-01-30,10.22,10.28,10.2,10.27,118500,psxdata,2026-05-11T12:50:58
PTC,2019-01-31,10.27,10.4,10.22,10.33,199000,psxdata,2026-05-11T12:50:58
PTC,2019-02-01,10.4,10.5,10.3,10.4,336500,psxdata,2026-05-11T12:50:58
PTC,2019-02-04,10.4,10.54,10.4,10.43,660000,psxdata,2026-05-11T12:50:58
PTC,2019-02-06,10.5,10.69,10.43,10.54,632500,psxdata,2026-05-11T12:50:58
PTC,2019-02-07,10.58,10.74,10.5,10.53,326000,psxdata,2026-05-11T12:50:58
PTC,2019-02-08,10.5,10.69,10.24,10.26,401500,psxdata,2026-05-11T12:50:58
PTC,2019-02-11,10.3,10.3,9.99,10.0,1788500,psxdata,2026-05-11T12:50:58
PTC,2019-02-12,10.15,10.25,10.01,10.19,929000,psxdata,2026-05-11T12:50:58
PTC,2019-02-13,10.25,10.25,10.02,10.06,270000,psxdata,2026-05-11T12:50:58
PTC,2019-02-14,10.1,10.2,10.0,10.06,1590500,psxdata,2026-05-11T12:50:58
PTC,2019-02-15,10.12,10.2,10.05,10.13,214000,psxdata,2026-05-11T12:50:58
PTC,2019-02-18,10.2,10.25,10.1,10.19,1297500,psxdata,2026-05-11T12:50:58
PTC,2019-02-19,10.1,10.24,10.1,10.15,3804000,psxdata,2026-05-11T12:50:58
PTC,2019-02-20,10.1,10.21,10.1,10.15,264500,psxdata,2026-05-11T12:50:58
PTC,2019-02-21,10.15,10.25,10.15,10.2,348500,psxdata,2026-05-11T12:50:58
PTC,2019-02-22,10.15,10.15,9.95,10.0,75500,psxdata,2026-05-11T12:50:58
PTC,2019-02-25,9.96,10.15,9.9,9.96,136000,psxdata,2026-05-11T12:50:58
PTC,2019-02-26,9.9,10.05,9.65,9.65,1126000,psxdata,2026-05-11T12:50:58
PTC,2019-02-27,9.61,9.75,9.25,9.6,817000,psxdata,2026-05-11T12:50:58
PTC,2019-02-28,9.7,9.87,9.61,9.84,133500,psxdata,2026-05-11T12:50:58
PTC,2019-03-01,9.89,9.95,9.75,9.75,99500,psxdata,2026-05-11T12:50:58
PTC,2019-03-04,9.75,9.85,9.65,9.7,253500,psxdata,2026-05-11T12:50:58
PTC,2019-03-05,9.72,9.83,9.62,9.75,317500,psxdata,2026-05-11T12:50:58
PTC,2019-03-06,9.75,9.78,9.66,9.7,50500,psxdata,2026-05-11T12:50:58
PTC,2019-03-07,9.79,9.8,9.51,9.58,125500,psxdata,2026-05-11T12:50:58
PTC,2019-03-08,9.75,9.8,9.65,9.74,188500,psxdata,2026-05-11T12:50:58
PTC,2019-03-11,9.73,10.15,9.73,9.86,863500,psxdata,2026-05-11T12:50:58
PTC,2019-03-12,9.76,9.9,9.75,9.77,46500,psxdata,2026-05-11T12:50:58
PTC,2019-03-13,9.85,9.85,9.79,9.85,6500,psxdata,2026-05-11T12:50:58
PTC,2019-03-14,9.81,9.81,9.61,9.63,69000,psxdata,2026-05-11T12:50:58
PTC,2019-03-15,9.57,9.69,9.5,9.58,66000,psxdata,2026-05-11T12:50:58
PTC,2019-03-18,9.71,9.8,9.5,9.72,47500,psxdata,2026-05-11T12:50:58
PTC,2019-03-19,9.61,9.8,9.52,9.65,99500,psxdata,2026-05-11T12:50:58
PTC,2019-03-20,9.6,9.62,9.3,9.36,11183500,psxdata,2026-05-11T12:50:58
PTC,2019-03-21,9.44,9.45,9.27,9.32,75500,psxdata,2026-05-11T12:50:58
PTC,2019-03-22,9.32,9.42,9.25,9.3,901000,psxdata,2026-05-11T12:50:58
PTC,2019-03-25,9.22,9.3,9.02,9.03,743000,psxdata,2026-05-11T12:50:58
PTC,2019-03-26,9.09,9.25,9.02,9.16,694000,psxdata,2026-05-11T12:50:58
PTC,2019-03-27,9.15,9.28,9.15,9.23,123500,psxdata,2026-05-11T12:50:58
PTC,2019-03-28,9.16,9.23,9.1,9.1,244500,psxdata,2026-05-11T12:50:58
PTC,2019-03-29,9.05,9.17,9.05,9.09,80000,psxdata,2026-05-11T12:50:58
PTC,2019-04-01,9.16,9.24,9.01,9.02,165000,psxdata,2026-05-11T12:50:58
PTC,2019-04-02,9.1,9.12,9.0,9.09,168000,psxdata,2026-05-11T12:50:58
PTC,2019-04-03,9.04,9.14,9.01,9.03,85000,psxdata,2026-05-11T12:50:58
PTC,2019-04-04,9.03,9.18,9.0,9.0,340000,psxdata,2026-05-11T12:50:58
PTC,2019-04-05,9.02,9.1,9.0,9.02,389500,psxdata,2026-05-11T12:50:58
PTC,2019-04-08,9.02,9.02,8.7,8.77,126000,psxdata,2026-05-11T12:50:58
PTC,2019-04-09,8.85,9.1,8.8,9.02,94500,psxdata,2026-05-11T12:50:58
PTC,2019-04-10,9.0,9.13,8.65,8.76,89000,psxdata,2026-05-11T12:50:58
PTC,2019-04-11,8.76,8.94,8.6,8.9,25000,psxdata,2026-05-11T12:50:58
PTC,2019-04-12,8.9,9.19,8.87,9.12,260500,psxdata,2026-05-11T12:50:58
PTC,2019-04-15,8.91,9.23,8.91,9.2,225000,psxdata,2026-05-11T12:50:58
PTC,2019-04-16,9.3,9.3,9.01,9.05,38000,psxdata,2026-05-11T12:50:58
PTC,2019-04-17,9.06,9.18,8.82,9.02,53000,psxdata,2026-05-11T12:50:58
PTC,2019-04-18,9.3,9.45,9.11,9.24,614500,psxdata,2026-05-11T12:50:58
PTC,2019-04-19,9.48,9.5,9.25,9.3,506000,psxdata,2026-05-11T12:50:58
PTC,2019-04-22,9.3,9.4,9.01,9.11,317500,psxdata,2026-05-11T12:50:58
PTC,2019-04-23,9.4,9.5,9.11,9.24,339000,psxdata,2026-05-11T12:50:58
PTC,2019-04-24,9.2,9.36,9.1,9.2,521500,psxdata,2026-05-11T12:50:58
PTC,2019-04-25,9.16,9.25,9.15,9.22,86500,psxdata,2026-05-11T12:50:58
PTC,2019-04-26,9.29,9.51,9.2,9.39,232500,psxdata,2026-05-11T12:50:58
PTC,2019-04-29,9.4,9.75,9.3,9.38,118000,psxdata,2026-05-11T12:50:58
PTC,2019-04-30,9.4,9.4,9.2,9.26,476000,psxdata,2026-05-11T12:50:58
PTC,2019-05-02,9.21,9.21,9.0,9.16,116000,psxdata,2026-05-11T12:50:58
PTC,2019-05-03,9.15,9.15,9.06,9.1,84000,psxdata,2026-05-11T12:50:58
PTC,2019-05-06,9.15,9.2,8.94,9.04,103000,psxdata,2026-05-11T12:50:58
PTC,2019-05-07,9.09,9.15,8.95,9.02,71500,psxdata,2026-05-11T12:50:58
PTC,2019-05-08,9.0,9.0,8.83,8.87,280000,psxdata,2026-05-11T12:50:58
PTC,2019-05-09,8.6,8.78,8.35,8.44,210500,psxdata,2026-05-11T12:50:58
PTC,2019-05-10,8.5,8.6,8.38,8.4,107000,psxdata,2026-05-11T12:50:58
PTC,2019-05-13,8.8,8.8,8.13,8.15,1008500,psxdata,2026-05-11T12:50:58
PTC,2019-05-14,8.16,8.4,8.06,8.09,174500,psxdata,2026-05-11T12:50:58
PTC,2019-05-15,8.25,8.3,8.05,8.25,129500,psxdata,2026-05-11T12:50:58
PTC,2019-05-16,8.08,8.09,7.81,7.99,535500,psxdata,2026-05-11T12:50:58
PTC,2019-05-17,8.01,8.01,7.1,7.52,469000,psxdata,2026-05-11T12:50:58
PTC,2019-05-20,7.9,8.13,7.6,8.1,567000,psxdata,2026-05-11T12:50:58
PTC,2019-05-21,8.0,8.35,7.9,8.31,241000,psxdata,2026-05-11T12:50:58
PTC,2019-05-22,8.45,8.55,8.4,8.48,1970500,psxdata,2026-05-11T12:50:58
PTC,2019-05-23,8.74,8.75,8.48,8.66,1785500,psxdata,2026-05-11T12:50:58
PTC,2019-05-24,8.5,8.75,8.4,8.57,2934500,psxdata,2026-05-11T12:50:58
PTC,2019-05-27,8.52,8.6,8.03,8.51,1702000,psxdata,2026-05-11T12:50:58
PTC,2019-05-28,8.69,8.69,8.36,8.39,442000,psxdata,2026-05-11T12:50:58
PTC,2019-05-29,8.5,8.69,8.22,8.48,2336500,psxdata,2026-05-11T12:50:58
PTC,2019-05-30,8.4,8.68,8.25,8.28,95000,psxdata,2026-05-11T12:50:58
PTC,2019-06-03,8.4,8.4,8.11,8.12,103500,psxdata,2026-05-11T12:50:58
PTC,2019-06-10,8.19,8.2,8.06,8.13,38500,psxdata,2026-05-11T12:50:58
PTC,2019-06-11,8.19,8.23,8.0,8.2,172500,psxdata,2026-05-11T12:50:58
PTC,2019-06-12,8.25,8.36,8.1,8.19,509000,psxdata,2026-05-11T12:50:58
PTC,2019-06-13,8.22,8.48,8.11,8.17,540500,psxdata,2026-05-11T12:50:58
PTC,2019-06-14,8.38,8.48,8.09,8.13,170500,psxdata,2026-05-11T12:50:58
PTC,2019-06-17,8.15,8.16,8.1,8.11,22500,psxdata,2026-05-11T12:50:58
PTC,2019-06-18,8.11,8.23,8.0,8.07,75500,psxdata,2026-05-11T12:50:58
PTC,2019-06-19,8.02,8.12,8.01,8.1,67000,psxdata,2026-05-11T12:50:58
PTC,2019-06-20,8.19,8.2,8.06,8.11,1127000,psxdata,2026-05-11T12:50:58
PTC,2019-06-21,8.14,8.2,8.06,8.1,1061000,psxdata,2026-05-11T12:50:58
PTC,2019-06-24,8.05,8.14,7.9,7.95,72500,psxdata,2026-05-11T12:50:58
PTC,2019-06-25,7.9,8.05,7.9,7.95,1518000,psxdata,2026-05-11T12:50:58
PTC,2019-06-26,7.9,8.13,7.9,8.03,1696000,psxdata,2026-05-11T12:50:58
PTC,2019-06-27,8.1,8.19,7.95,8.07,57500,psxdata,2026-05-11T12:50:58
PTC,2019-06-28,8.01,8.5,8.0,8.27,334000,psxdata,2026-05-11T12:50:58
PTC,2019-07-01,8.12,8.24,8.11,8.11,21000,psxdata,2026-05-11T12:50:58
PTC,2019-07-02,8.11,8.18,8.07,8.1,59500,psxdata,2026-05-11T12:50:58
PTC,2019-07-03,8.2,8.2,8.05,8.11,195000,psxdata,2026-05-11T12:50:58
PTC,2019-07-04,8.1,8.19,8.06,8.07,22500,psxdata,2026-05-11T12:50:58
PTC,2019-07-05,8.03,8.17,8.0,8.01,32000,psxdata,2026-05-11T12:50:58
PTC,2019-07-08,8.16,8.16,7.99,8.05,32500,psxdata,2026-05-11T12:50:58
PTC,2019-07-09,8.24,8.24,7.95,7.95,119000,psxdata,2026-05-11T12:50:58
PTC,2019-07-10,8.0,8.04,7.97,8.04,7000,psxdata,2026-05-11T12:50:58
PTC,2019-07-11,8.1,8.25,7.97,7.99,99000,psxdata,2026-05-11T12:50:58
PTC,2019-07-12,7.99,8.29,7.95,7.96,63000,psxdata,2026-05-11T12:50:58
PTC,2019-07-15,8.0,8.0,7.76,7.76,74500,psxdata,2026-05-11T12:50:58
PTC,2019-07-16,7.8,7.9,7.65,7.7,442000,psxdata,2026-05-11T12:50:58
PTC,2019-07-17,7.8,7.9,7.62,7.73,115000,psxdata,2026-05-11T12:50:58
PTC,2019-07-18,7.71,7.79,7.4,7.43,289500,psxdata,2026-05-11T12:50:58
PTC,2019-07-19,7.6,7.64,7.1,7.27,600000,psxdata,2026-05-11T12:50:58
PTC,2019-07-22,7.2,7.2,7.05,7.12,209000,psxdata,2026-05-11T12:50:58
PTC,2019-07-23,7.15,7.2,7.08,7.18,127000,psxdata,2026-05-11T12:50:58
PTC,2019-07-24,7.19,7.3,7.1,7.24,643000,psxdata,2026-05-11T12:50:58
PTC,2019-07-25,7.32,7.32,7.1,7.16,30000,psxdata,2026-05-11T12:50:58
PTC,2019-07-26,7.05,7.2,7.01,7.09,438000,psxdata,2026-05-11T12:50:58
PTC,2019-07-29,7.1,7.15,7.01,7.15,31000,psxdata,2026-05-11T12:50:58
PTC,2019-07-30,7.15,7.15,7.02,7.07,43000,psxdata,2026-05-11T12:50:58
PTC,2019-07-31,7.28,7.29,7.02,7.1,73500,psxdata,2026-05-11T12:50:58
PTC,2019-08-01,7.1,7.2,6.99,7.0,332000,psxdata,2026-05-11T12:50:58
PTC,2019-08-02,7.06,7.06,6.9,6.95,45000,psxdata,2026-05-11T12:50:58
PTC,2019-08-05,6.01,7.1,6.01,7.0,81000,psxdata,2026-05-11T12:50:58
PTC,2019-08-06,6.85,7.0,6.81,6.93,96000,psxdata,2026-05-11T12:50:58
PTC,2019-08-07,6.81,6.98,6.8,6.84,43000,psxdata,2026-05-11T12:50:58
PTC,2019-08-08,6.84,6.99,6.6,6.93,370500,psxdata,2026-05-11T12:50:58
PTC,2019-08-09,6.8,6.96,6.8,6.87,42000,psxdata,2026-05-11T12:50:58
PTC,2019-08-16,6.91,6.95,6.52,6.79,72500,psxdata,2026-05-11T12:50:58
PTC,2019-08-19,6.95,7.05,6.9,7.03,65000,psxdata,2026-05-11T12:50:58
PTC,2019-08-20,7.1,7.4,7.0,7.11,49000,psxdata,2026-05-11T12:50:58
PTC,2019-08-21,7.15,7.2,6.94,7.0,654000,psxdata,2026-05-11T12:50:58
PTC,2019-08-22,7.15,7.69,7.02,7.5,2128500,psxdata,2026-05-11T12:50:58
PTC,2019-08-23,7.33,7.45,7.25,7.28,188500,psxdata,2026-05-11T12:50:58
PTC,2019-08-26,7.12,7.28,7.0,7.0,438000,psxdata,2026-05-11T12:50:58
PTC,2019-08-27,7.14,7.2,6.9,7.1,181000,psxdata,2026-05-11T12:50:58
PTC,2019-08-28,7.19,7.4,7.01,7.04,230000,psxdata,2026-05-11T12:50:58
PTC,2019-08-29,7.02,7.11,6.84,6.9,1246500,psxdata,2026-05-11T12:50:58
PTC,2019-08-30,6.5,6.8,6.5,6.59,1168500,psxdata,2026-05-11T12:50:58
PTC,2019-09-02,6.56,6.8,6.56,6.76,68500,psxdata,2026-05-11T12:50:58
PTC,2019-09-03,6.7,6.95,6.7,6.75,79000,psxdata,2026-05-11T12:50:58
PTC,2019-09-04,6.96,6.97,6.7,6.81,95000,psxdata,2026-05-11T12:50:58
PTC,2019-09-05,6.8,6.99,6.64,6.66,924500,psxdata,2026-05-11T12:50:58
PTC,2019-09-06,6.64,6.82,6.64,6.82,11000,psxdata,2026-05-11T12:50:58
PTC,2019-09-11,6.85,6.99,6.74,6.8,385000,psxdata,2026-05-11T12:50:58
PTC,2019-09-12,6.75,6.96,6.75,6.85,325000,psxdata,2026-05-11T12:50:58
PTC,2019-09-13,6.8,6.92,6.78,6.81,65000,psxdata,2026-05-11T12:50:58
PTC,2019-09-16,6.81,6.98,6.8,6.87,87500,psxdata,2026-05-11T12:50:58
PTC,2019-09-17,6.94,7.0,6.84,6.88,408500,psxdata,2026-05-11T12:50:58
PTC,2019-09-18,6.88,7.0,6.88,6.97,277500,psxdata,2026-05-11T12:50:58
PTC,2019-09-19,6.85,7.03,6.85,6.99,88000,psxdata,2026-05-11T12:50:58
PTC,2019-09-20,6.95,6.98,6.8,6.88,167500,psxdata,2026-05-11T12:50:58
PTC,2019-09-23,7.14,7.14,6.71,6.8,236000,psxdata,2026-05-11T12:50:58
PTC,2019-09-24,6.81,7.0,6.72,6.99,211500,psxdata,2026-05-11T12:50:58
PTC,2019-09-25,6.95,7.0,6.9,6.96,115000,psxdata,2026-05-11T12:50:58
PTC,2019-09-26,6.95,6.95,6.86,6.91,56000,psxdata,2026-05-11T12:50:58
PTC,2019-09-27,6.9,6.99,6.82,6.92,146000,psxdata,2026-05-11T12:50:58
PTC,2019-09-30,7.1,7.1,6.9,6.9,27500,psxdata,2026-05-11T12:50:58
PTC,2019-10-01,6.91,6.97,6.9,6.93,25000,psxdata,2026-05-11T12:50:58
PTC,2019-10-02,6.92,7.0,6.9,7.0,158500,psxdata,2026-05-11T12:50:58
PTC,2019-10-03,6.9,7.2,6.71,7.16,304000,psxdata,2026-05-11T12:50:58
PTC,2019-10-04,7.1,7.75,7.1,7.6,3047500,psxdata,2026-05-11T12:50:58
PTC,2019-10-07,7.75,8.01,7.5,7.9,5850500,psxdata,2026-05-11T12:50:58
PTC,2019-10-08,7.95,8.0,7.7,7.73,941500,psxdata,2026-05-11T12:50:58
PTC,2019-10-09,7.8,7.8,7.6,7.65,289500,psxdata,2026-05-11T12:50:58
PTC,2019-10-10,7.8,8.1,7.66,7.73,1978000,psxdata,2026-05-11T12:50:58
PTC,2019-10-11,7.9,8.25,7.85,8.18,4691000,psxdata,2026-05-11T12:50:58
PTC,2019-10-14,8.2,8.55,8.01,8.05,2052500,psxdata,2026-05-11T12:50:58
PTC,2019-10-15,8.16,8.16,7.94,8.02,475000,psxdata,2026-05-11T12:50:58
PTC,2019-10-16,8.08,8.21,7.66,7.73,2768000,psxdata,2026-05-11T12:50:58
PTC,2019-10-17,7.75,7.8,7.59,7.62,777000,psxdata,2026-05-11T12:50:58
PTC,2019-10-18,7.55,7.8,7.52,7.56,539500,psxdata,2026-05-11T12:50:58
PTC,2019-10-21,7.58,7.58,7.1,7.12,466500,psxdata,2026-05-11T12:50:58
PTC,2019-10-22,7.06,7.25,7.05,7.19,64500,psxdata,2026-05-11T12:50:58
PTC,2019-10-23,7.15,7.29,7.15,7.28,55000,psxdata,2026-05-11T12:50:58
PTC,2019-10-24,7.29,7.41,7.19,7.33,161000,psxdata,2026-05-11T12:50:58
PTC,2019-10-25,7.3,7.44,7.3,7.31,238000,psxdata,2026-05-11T12:50:58
PTC,2019-10-28,7.2,7.5,7.15,7.27,600000,psxdata,2026-05-11T12:50:58
PTC,2019-10-29,7.46,7.46,7.26,7.28,208000,psxdata,2026-05-11T12:50:58
PTC,2019-10-30,7.3,7.4,7.3,7.31,160000,psxdata,2026-05-11T12:50:58
PTC,2019-10-31,7.26,7.5,7.26,7.4,374500,psxdata,2026-05-11T12:50:58
PTC,2019-11-01,7.3,7.5,7.3,7.42,778000,psxdata,2026-05-11T12:50:58
PTC,2019-11-04,7.5,7.68,7.45,7.61,2293500,psxdata,2026-05-11T12:50:58
PTC,2019-11-05,7.56,7.6,7.43,7.45,1729500,psxdata,2026-05-11T12:50:58
PTC,2019-11-06,7.74,7.74,7.54,7.56,575000,psxdata,2026-05-11T12:50:58
PTC,2019-11-07,7.5,7.76,7.5,7.7,603000,psxdata,2026-05-11T12:50:58
PTC,2019-11-08,7.76,7.78,7.57,7.59,403500,psxdata,2026-05-11T12:50:58
PTC,2019-11-11,7.73,7.87,7.6,7.83,1553500,psxdata,2026-05-11T12:50:58
PTC,2019-11-12,7.84,8.15,7.73,8.09,4741500,psxdata,2026-05-11T12:50:58
PTC,2019-11-13,8.1,8.4,8.0,8.05,3904500,psxdata,2026-05-11T12:50:58
PTC,2019-11-14,8.1,8.2,8.05,8.09,1693000,psxdata,2026-05-11T12:50:58
PTC,2019-11-15,8.15,8.32,8.1,8.22,3304500,psxdata,2026-05-11T12:50:58
PTC,2019-11-18,8.3,8.57,8.2,8.49,4986000,psxdata,2026-05-11T12:50:58
PTC,2019-11-19,8.73,8.94,8.65,8.72,6186000,psxdata,2026-05-11T12:50:58
PTC,2019-11-20,8.99,8.99,8.51,8.53,1842000,psxdata,2026-05-11T12:50:58
PTC,2019-11-21,8.65,8.65,8.01,8.2,1384500,psxdata,2026-05-11T12:50:58
PTC,2019-11-22,8.34,8.98,8.26,8.87,10928500,psxdata,2026-05-11T12:50:58
PTC,2019-11-25,8.99,9.0,8.7,8.93,2938500,psxdata,2026-05-11T12:50:58
PTC,2019-11-26,8.95,8.98,8.22,8.52,6170500,psxdata,2026-05-11T12:50:58
PTC,2019-11-27,8.5,8.63,8.32,8.44,1363500,psxdata,2026-05-11T12:50:58
PTC,2019-11-28,8.5,8.8,8.35,8.45,3243500,psxdata,2026-05-11T12:50:58
PTC,2019-11-29,8.45,8.73,8.41,8.57,2783500,psxdata,2026-05-11T12:50:58
PTC,2019-12-02,8.7,9.35,8.6,9.27,10861000,psxdata,2026-05-11T12:50:58
PTC,2019-12-03,9.4,9.75,9.15,9.41,14094500,psxdata,2026-05-11T12:50:58
PTC,2019-12-04,9.39,9.85,9.31,9.76,3821000,psxdata,2026-05-11T12:50:58
PTC,2019-12-05,9.79,9.9,9.4,9.5,2580000,psxdata,2026-05-11T12:50:58
PTC,2019-12-06,9.52,10.3,9.45,9.99,14015000,psxdata,2026-05-11T12:50:58
PTC,2019-12-09,10.0,10.45,9.95,10.15,7460500,psxdata,2026-05-11T12:50:58
PTC,2019-12-10,10.15,10.5,9.9,10.0,4229000,psxdata,2026-05-11T12:50:58
PTC,2019-12-11,10.0,10.29,9.7,9.74,2991000,psxdata,2026-05-11T12:50:58
PTC,2019-12-12,9.85,10.15,9.65,9.81,5123500,psxdata,2026-05-11T12:50:58
PTC,2019-12-13,9.98,10.12,9.65,9.68,3707500,psxdata,2026-05-11T12:50:58
PTC,2019-12-16,9.85,10.15,9.67,9.8,4774500,psxdata,2026-05-11T12:50:58
PTC,2019-12-17,9.9,10.0,9.6,9.66,1549500,psxdata,2026-05-11T12:50:58
PTC,2019-12-18,9.65,9.85,9.55,9.67,1250000,psxdata,2026-05-11T12:50:58
PTC,2019-12-19,9.65,9.65,9.3,9.51,1632000,psxdata,2026-05-11T12:50:58
PTC,2019-12-20,9.65,9.68,9.26,9.37,979500,psxdata,2026-05-11T12:50:58
PTC,2019-12-23,9.3,9.5,9.2,9.3,517500,psxdata,2026-05-11T12:50:58
PTC,2019-12-24,9.25,9.6,9.05,9.54,531000,psxdata,2026-05-11T12:50:58
PTC,2019-12-26,9.51,9.81,9.5,9.54,877000,psxdata,2026-05-11T12:50:58
PTC,2019-12-27,9.51,9.7,9.3,9.34,605000,psxdata,2026-05-11T12:50:58
PTC,2019-12-30,9.3,9.4,9.25,9.27,584500,psxdata,2026-05-11T12:50:58
PTC,2019-12-31,9.36,9.5,9.25,9.36,299000,psxdata,2026-05-11T12:50:58
PTC,2020-01-01,9.36,9.53,9.35,9.46,427500,psxdata,2026-05-11T12:50:58
PTC,2020-01-02,9.52,10.25,9.51,10.16,3425500,psxdata,2026-05-11T12:50:58
PTC,2020-01-03,10.36,10.7,10.1,10.34,5285000,psxdata,2026-05-11T12:50:58
PTC,2020-01-06,10.15,10.2,9.8,9.89,1657000,psxdata,2026-05-11T12:50:58
PTC,2020-01-07,9.88,10.09,9.8,9.9,932500,psxdata,2026-05-11T12:50:58
PTC,2020-01-08,9.84,9.85,9.5,9.51,1556000,psxdata,2026-05-11T12:50:58
PTC,2020-01-09,9.65,10.0,9.65,9.86,1388500,psxdata,2026-05-11T12:50:58
PTC,2020-01-10,9.65,9.95,9.65,9.89,910000,psxdata,2026-05-11T12:50:58
PTC,2020-01-13,9.97,9.97,9.75,9.78,560000,psxdata,2026-05-11T12:50:58
PTC,2020-01-14,9.8,10.13,9.8,9.98,1819500,psxdata,2026-05-11T12:50:58
PTC,2020-01-15,9.9,9.96,9.75,9.78,599500,psxdata,2026-05-11T12:50:58
PTC,2020-01-16,9.85,9.9,9.71,9.78,280000,psxdata,2026-05-11T12:50:58
PTC,2020-01-17,9.75,9.9,9.7,9.75,510000,psxdata,2026-05-11T12:50:58
PTC,2020-01-20,9.75,9.8,9.6,9.63,434500,psxdata,2026-05-11T12:50:58
PTC,2020-01-21,9.74,9.8,9.6,9.75,701000,psxdata,2026-05-11T12:50:58
PTC,2020-01-22,9.74,9.74,9.45,9.58,1505500,psxdata,2026-05-11T12:50:58
PTC,2020-01-23,9.85,10.15,9.78,10.07,4212000,psxdata,2026-05-11T12:50:58
PTC,2020-01-24,10.15,10.18,9.89,9.97,984500,psxdata,2026-05-11T12:50:58
PTC,2020-01-27,9.99,10.0,9.8,9.89,503000,psxdata,2026-05-11T12:50:58
PTC,2020-01-28,9.9,9.9,9.75,9.75,647500,psxdata,2026-05-11T12:50:58
PTC,2020-01-29,9.79,9.92,9.65,9.66,1095000,psxdata,2026-05-11T12:50:58
PTC,2020-01-30,9.72,9.8,9.66,9.74,239000,psxdata,2026-05-11T12:50:58
PTC,2020-01-31,9.75,9.95,9.68,9.71,408500,psxdata,2026-05-11T12:50:58
PTC,2020-02-03,9.65,9.7,9.4,9.41,2480000,psxdata,2026-05-11T12:50:58
PTC,2020-02-04,9.7,9.7,9.4,9.52,477000,psxdata,2026-05-11T12:50:58
PTC,2020-02-06,9.65,9.65,9.37,9.45,1074500,psxdata,2026-05-11T12:50:58
PTC,2020-02-07,9.45,9.5,9.3,9.42,3624000,psxdata,2026-05-11T12:50:58
PTC,2020-02-10,9.45,9.45,9.1,9.19,427500,psxdata,2026-05-11T12:50:58
PTC,2020-02-11,9.49,9.5,9.06,9.22,2039500,psxdata,2026-05-11T12:50:58
PTC,2020-02-12,9.3,9.44,9.2,9.22,626000,psxdata,2026-05-11T12:50:58
PTC,2020-02-13,9.2,9.35,9.11,9.15,186000,psxdata,2026-05-11T12:50:58
PTC,2020-02-14,9.12,9.12,9.01,9.02,122500,psxdata,2026-05-11T12:50:58
PTC,2020-02-17,9.03,9.1,9.0,9.01,134500,psxdata,2026-05-11T12:50:58
PTC,2020-02-18,9.0,9.25,8.97,9.01,268000,psxdata,2026-05-11T12:50:58
PTC,2020-02-19,9.19,9.19,9.0,9.03,1290000,psxdata,2026-05-11T12:50:58
PTC,2020-02-20,9.1,9.1,8.93,8.95,320500,psxdata,2026-05-11T12:50:58
PTC,2020-02-21,8.93,9.05,8.9,8.93,144500,psxdata,2026-05-11T12:50:58
PTC,2020-02-24,8.91,8.91,8.7,8.72,148000,psxdata,2026-05-11T12:50:58
PTC,2020-02-25,8.99,8.99,8.64,8.71,224000,psxdata,2026-05-11T12:50:58
PTC,2020-02-26,8.8,8.8,8.55,8.64,369000,psxdata,2026-05-11T12:50:58
PTC,2020-02-27,8.6,8.6,8.3,8.54,391500,psxdata,2026-05-11T12:50:58
PTC,2020-02-28,8.68,8.68,8.5,8.54,120500,psxdata,2026-05-11T12:50:58
PTC,2020-03-02,8.55,8.85,8.55,8.67,358000,psxdata,2026-05-11T12:50:58
PTC,2020-03-03,8.8,8.95,8.75,8.76,294000,psxdata,2026-05-11T12:50:58
PTC,2020-03-04,8.79,8.8,8.55,8.56,185500,psxdata,2026-05-11T12:50:58
PTC,2020-03-05,8.74,8.98,8.55,8.66,1340000,psxdata,2026-05-11T12:50:58
PTC,2020-03-06,8.58,8.75,8.5,8.56,376000,psxdata,2026-05-11T12:50:58
PTC,2020-03-09,8.45,8.48,7.9,8.3,706500,psxdata,2026-05-11T12:50:58
PTC,2020-03-10,8.3,8.7,8.25,8.38,197500,psxdata,2026-05-11T12:50:58
PTC,2020-03-11,8.54,8.54,8.21,8.23,136500,psxdata,2026-05-11T12:50:58
PTC,2020-03-12,8.3,8.3,7.8,7.88,1196000,psxdata,2026-05-11T12:50:58
PTC,2020-03-13,7.86,8.19,7.75,7.99,209000,psxdata,2026-05-11T12:50:58
PTC,2020-03-16,8.09,8.09,7.51,7.62,461000,psxdata,2026-05-11T12:50:58
PTC,2020-03-17,7.7,7.88,7.39,7.43,700000,psxdata,2026-05-11T12:50:58
PTC,2020-03-18,7.5,7.5,7.0,7.29,628500,psxdata,2026-05-11T12:50:58
PTC,2020-03-19,7.0,7.7,6.66,7.25,302000,psxdata,2026-05-11T12:50:58
PTC,2020-03-20,7.49,7.74,7.3,7.63,670000,psxdata,2026-05-11T12:50:58
PTC,2020-03-24,6.91,7.24,6.8,6.85,422000,psxdata,2026-05-11T12:50:58
PTC,2020-03-25,7.07,7.15,7.0,7.05,184500,psxdata,2026-05-11T12:50:58
PTC,2020-03-26,7.1,7.28,6.92,7.01,399000,psxdata,2026-05-11T12:50:58
PTC,2020-03-27,7.06,7.3,6.96,7.22,287000,psxdata,2026-05-11T12:50:58
PTC,2020-03-30,7.24,7.35,7.11,7.35,189000,psxdata,2026-05-11T12:50:58
PTC,2020-03-31,7.35,7.8,7.35,7.75,252000,psxdata,2026-05-11T12:50:58
PTC,2020-04-01,7.79,7.89,7.7,7.75,163500,psxdata,2026-05-11T12:50:58
PTC,2020-04-02,7.8,7.99,7.7,7.98,483500,psxdata,2026-05-11T12:50:58
PTC,2020-04-03,8.0,8.18,7.95,8.0,557000,psxdata,2026-05-11T12:50:58
PTC,2020-04-06,8.05,8.05,7.78,7.8,619000,psxdata,2026-05-11T12:50:58
PTC,2020-04-07,7.7,7.9,7.66,7.73,402500,psxdata,2026-05-11T12:50:58
PTC,2020-04-08,7.75,7.85,7.65,7.69,138000,psxdata,2026-05-11T12:50:58
PTC,2020-04-09,7.77,7.9,7.75,7.86,780000,psxdata,2026-05-11T12:50:58
PTC,2020-04-10,7.66,7.84,7.66,7.7,146500,psxdata,2026-05-11T12:50:58
PTC,2020-04-13,7.7,7.7,7.39,7.4,320500,psxdata,2026-05-11T12:50:58
PTC,2020-04-14,7.5,7.5,7.37,7.39,5191000,psxdata,2026-05-11T12:50:58
PTC,2020-04-15,7.4,7.54,7.37,7.38,126000,psxdata,2026-05-11T12:50:58
PTC,2020-04-16,7.48,7.49,7.32,7.36,56000,psxdata,2026-05-11T12:50:58
PTC,2020-04-17,7.61,7.99,7.61,7.93,582500,psxdata,2026-05-11T12:50:58
PTC,2020-04-20,7.95,7.96,7.75,7.84,321500,psxdata,2026-05-11T12:50:58
PTC,2020-04-21,7.84,7.84,7.59,7.65,148500,psxdata,2026-05-11T12:50:58
PTC,2020-04-22,7.74,7.74,7.51,7.68,34500,psxdata,2026-05-11T12:50:58
PTC,2020-04-23,7.7,7.74,7.7,7.7,17000,psxdata,2026-05-11T12:50:58
PTC,2020-04-24,7.66,7.8,7.66,7.73,75500,psxdata,2026-05-11T12:50:58
PTC,2020-04-27,7.66,7.75,7.63,7.65,17500,psxdata,2026-05-11T12:50:58
PTC,2020-04-28,7.65,7.7,7.6,7.61,37000,psxdata,2026-05-11T12:50:58
PTC,2020-04-29,7.65,7.65,7.6,7.65,20000,psxdata,2026-05-11T12:50:58
PTC,2020-04-30,7.63,7.79,7.63,7.67,589500,psxdata,2026-05-11T12:50:58
PTC,2020-05-04,7.7,7.75,7.67,7.74,98000,psxdata,2026-05-11T12:50:58
PTC,2020-05-05,7.75,7.85,7.75,7.79,152500,psxdata,2026-05-11T12:50:58
PTC,2020-05-06,7.75,8.04,7.61,7.98,806500,psxdata,2026-05-11T12:50:58
PTC,2020-05-07,8.05,8.09,7.8,7.9,185000,psxdata,2026-05-11T12:50:58
PTC,2020-05-08,7.9,7.9,7.71,7.78,44500,psxdata,2026-05-11T12:50:58
PTC,2020-05-11,7.85,8.14,7.85,8.0,1845500,psxdata,2026-05-11T12:50:58
PTC,2020-05-12,8.0,8.05,7.98,7.99,78000,psxdata,2026-05-11T12:50:58
PTC,2020-05-13,7.99,8.1,7.98,7.99,456500,psxdata,2026-05-11T12:50:58
PTC,2020-05-14,8.07,8.99,7.94,8.63,1996500,psxdata,2026-05-11T12:50:58
PTC,2020-05-15,8.32,8.99,8.02,8.69,1397500,psxdata,2026-05-11T12:50:58
PTC,2020-05-18,8.84,9.13,8.46,8.5,1432000,psxdata,2026-05-11T12:50:58
PTC,2020-05-19,8.65,9.0,8.16,8.23,2252500,psxdata,2026-05-11T12:50:58
PTC,2020-05-20,8.34,8.75,8.17,8.51,515500,psxdata,2026-05-11T12:50:58
PTC,2020-05-21,8.55,8.55,8.35,8.38,224000,psxdata,2026-05-11T12:50:58
PTC,2020-05-28,8.38,8.5,8.37,8.4,309000,psxdata,2026-05-11T12:50:58
PTC,2020-05-29,8.45,8.51,8.35,8.49,502500,psxdata,2026-05-11T12:50:58
PTC,2020-06-01,8.4,8.46,8.35,8.45,710000,psxdata,2026-05-11T12:50:58
PTC,2020-06-02,8.41,8.76,8.4,8.65,1610000,psxdata,2026-05-11T12:50:58
PTC,2020-06-03,8.65,9.08,8.55,8.86,1466500,psxdata,2026-05-11T12:50:58
PTC,2020-06-04,8.7,8.75,8.65,8.67,1357000,psxdata,2026-05-11T12:50:58
PTC,2020-06-05,8.62,8.7,8.6,8.64,321000,psxdata,2026-05-11T12:50:58
PTC,2020-06-08,8.67,8.75,8.45,8.51,1049000,psxdata,2026-05-11T12:50:58
PTC,2020-06-09,8.6,8.63,8.51,8.54,74500,psxdata,2026-05-11T12:50:58
PTC,2020-06-10,8.73,8.73,8.55,8.6,358500,psxdata,2026-05-11T12:50:58
PTC,2020-06-11,8.65,8.7,8.53,8.63,240500,psxdata,2026-05-11T12:50:58
PTC,2020-06-12,8.42,8.5,8.3,8.31,1341000,psxdata,2026-05-11T12:50:58
PTC,2020-06-15,8.32,8.45,8.1,8.11,591000,psxdata,2026-05-11T12:50:58
PTC,2020-06-16,8.11,8.37,8.11,8.35,232500,psxdata,2026-05-11T12:50:58
PTC,2020-06-17,8.25,8.68,8.25,8.39,1287000,psxdata,2026-05-11T12:50:58
PTC,2020-06-18,8.31,8.36,8.2,8.3,145500,psxdata,2026-05-11T12:50:58
PTC,2020-06-19,8.22,8.9,8.21,8.65,1708500,psxdata,2026-05-11T12:50:58
PTC,2020-06-22,8.75,8.75,8.46,8.62,157500,psxdata,2026-05-11T12:50:58
PTC,2020-06-23,8.68,8.68,8.4,8.49,371500,psxdata,2026-05-11T12:50:58
PTC,2020-06-24,8.42,8.6,8.3,8.34,268500,psxdata,2026-05-11T12:50:58
PTC,2020-06-25,8.49,8.49,8.2,8.21,228500,psxdata,2026-05-11T12:50:58
PTC,2020-06-26,8.4,8.4,8.23,8.25,181500,psxdata,2026-05-11T12:50:58
PTC,2020-06-29,8.34,8.75,8.22,8.57,538500,psxdata,2026-05-11T12:50:58
PTC,2020-06-30,8.41,8.99,8.19,8.88,1227000,psxdata,2026-05-11T12:50:58
PTC,2020-07-01,8.6,8.81,8.6,8.71,192500,psxdata,2026-05-11T12:50:58
PTC,2020-07-02,8.94,9.71,8.58,9.49,5748000,psxdata,2026-05-11T12:50:58
PTC,2020-07-03,9.49,9.65,9.2,9.3,8320000,psxdata,2026-05-11T12:50:58
PTC,2020-07-06,9.3,9.4,8.78,8.82,6581000,psxdata,2026-05-11T12:50:58
PTC,2020-07-07,8.81,9.3,8.81,9.15,3507000,psxdata,2026-05-11T12:50:58
PTC,2020-07-08,9.15,9.45,9.0,9.27,1183000,psxdata,2026-05-11T12:50:58
PTC,2020-07-09,9.39,9.39,9.14,9.21,329000,psxdata,2026-05-11T12:50:58
PTC,2020-07-10,9.3,9.34,9.2,9.26,265500,psxdata,2026-05-11T12:50:58
PTC,2020-07-13,9.3,9.35,9.15,9.19,455000,psxdata,2026-05-11T12:50:58
PTC,2020-07-14,9.05,9.29,9.05,9.22,456500,psxdata,2026-05-11T12:50:58
PTC,2020-07-15,9.25,9.3,8.8,8.82,2442000,psxdata,2026-05-11T12:50:58
PTC,2020-07-16,8.82,8.95,8.8,8.81,460000,psxdata,2026-05-11T12:50:58
PTC,2020-07-17,8.94,8.94,8.78,8.84,272000,psxdata,2026-05-11T12:50:58
PTC,2020-07-20,8.85,8.95,8.79,8.84,765000,psxdata,2026-05-11T12:50:58
PTC,2020-07-21,8.97,8.99,8.75,8.77,514000,psxdata,2026-05-11T12:50:58
PTC,2020-07-22,8.78,8.8,8.68,8.69,420500,psxdata,2026-05-11T12:50:58
PTC,2020-07-23,8.81,8.88,8.65,8.65,112000,psxdata,2026-05-11T12:50:58
PTC,2020-07-24,8.66,8.78,8.48,8.67,573000,psxdata,2026-05-11T12:50:58
PTC,2020-07-27,8.66,8.7,8.59,8.61,108000,psxdata,2026-05-11T12:50:58
PTC,2020-07-28,8.92,8.92,8.63,8.68,258500,psxdata,2026-05-11T12:50:58
PTC,2020-07-29,8.7,8.72,8.6,8.63,473000,psxdata,2026-05-11T12:50:58
PTC,2020-07-30,8.8,8.82,8.54,8.63,740500,psxdata,2026-05-11T12:50:58
PTC,2020-08-03,8.75,8.75,8.61,8.68,827000,psxdata,2026-05-11T12:50:58
PTC,2020-08-04,8.79,8.9,8.65,8.71,1845000,psxdata,2026-05-11T12:50:58
PTC,2020-08-05,8.62,8.82,8.6,8.7,317500,psxdata,2026-05-11T12:50:58
PTC,2020-08-06,8.72,9.12,8.6,8.98,5090000,psxdata,2026-05-11T12:50:58
PTC,2020-08-07,9.1,9.4,9.05,9.11,9142500,psxdata,2026-05-11T12:50:58
PTC,2020-08-10,9.19,9.19,8.86,8.89,794000,psxdata,2026-05-11T12:50:58
PTC,2020-08-11,8.9,9.39,8.8,9.1,3200500,psxdata,2026-05-11T12:50:58
PTC,2020-08-12,9.2,9.49,9.1,9.11,5094500,psxdata,2026-05-11T12:50:58
PTC,2020-08-13,9.1,9.17,9.0,9.04,775000,psxdata,2026-05-11T12:50:58
PTC,2020-08-17,9.04,9.19,8.86,8.94,568000,psxdata,2026-05-11T12:50:58
PTC,2020-08-18,8.94,9.2,8.85,9.07,2988500,psxdata,2026-05-11T12:50:58
PTC,2020-08-19,9.1,9.4,9.1,9.19,8514000,psxdata,2026-05-11T12:50:58
PTC,2020-08-20,9.2,9.65,9.2,9.46,21046500,psxdata,2026-05-11T12:50:58
PTC,2020-08-21,9.4,9.65,9.2,9.24,11656000,psxdata,2026-05-11T12:50:58
PTC,2020-08-24,9.38,9.38,9.22,9.26,1353500,psxdata,2026-05-11T12:50:58
PTC,2020-08-25,9.26,9.69,9.2,9.33,3667500,psxdata,2026-05-11T12:50:58
PTC,2020-08-26,9.49,9.49,9.18,9.2,894500,psxdata,2026-05-11T12:50:58
PTC,2020-08-27,9.21,9.35,9.2,9.25,2118000,psxdata,2026-05-11T12:50:58
PTC,2020-08-28,9.15,9.75,9.15,9.55,2626000,psxdata,2026-05-11T12:50:58
PTC,2020-08-31,9.55,9.6,9.37,9.42,11954000,psxdata,2026-05-11T12:50:58
PTC,2020-09-01,9.39,9.99,9.39,9.66,12411500,psxdata,2026-05-11T12:50:58
PTC,2020-09-02,9.71,10.64,9.68,10.54,48748500,psxdata,2026-05-11T12:50:58
PTC,2020-09-03,10.8,10.85,10.1,10.27,21704000,psxdata,2026-05-11T12:50:58
PTC,2020-09-04,10.27,10.3,9.98,10.03,9225500,psxdata,2026-05-11T12:50:58
PTC,2020-09-07,10.22,10.35,9.96,10.22,12896500,psxdata,2026-05-11T12:50:58
PTC,2020-09-08,10.35,10.52,10.04,10.32,24962000,psxdata,2026-05-11T12:50:58
PTC,2020-09-09,10.25,11.32,10.13,11.27,63041000,psxdata,2026-05-11T12:50:58
PTC,2020-09-10,11.3,11.79,11.13,11.27,41417000,psxdata,2026-05-11T12:50:58
PTC,2020-09-11,11.35,11.35,10.8,10.87,11082000,psxdata,2026-05-11T12:50:58
PTC,2020-09-14,10.85,11.09,10.67,10.71,9760000,psxdata,2026-05-11T12:50:58
PTC,2020-09-15,10.79,10.85,10.55,10.61,8140500,psxdata,2026-05-11T12:50:58
PTC,2020-09-16,10.6,10.81,10.5,10.76,3229000,psxdata,2026-05-11T12:50:58
PTC,2020-09-17,10.9,11.76,10.9,11.71,78666000,psxdata,2026-05-11T12:50:58
PTC,2020-09-18,11.8,12.09,11.5,11.63,28181500,psxdata,2026-05-11T12:50:58
PTC,2020-09-21,11.52,11.88,11.43,11.72,8129000,psxdata,2026-05-11T12:50:58
PTC,2020-09-22,11.7,12.05,11.33,11.62,18375500,psxdata,2026-05-11T12:50:58
PTC,2020-09-23,11.69,12.3,11.56,11.77,27156000,psxdata,2026-05-11T12:50:58
PTC,2020-09-24,11.69,12.18,11.55,11.72,17748000,psxdata,2026-05-11T12:50:58
PTC,2020-09-25,11.78,12.11,11.65,11.69,11278500,psxdata,2026-05-11T12:50:58
PTC,2020-09-28,11.84,11.99,11.1,11.2,10937000,psxdata,2026-05-11T12:50:58
PTC,2020-09-29,11.17,11.45,10.9,11.25,7110000,psxdata,2026-05-11T12:50:58
PTC,2020-09-30,11.34,11.46,10.7,10.81,7089000,psxdata,2026-05-11T12:50:58
PTC,2020-10-01,10.76,10.97,10.46,10.61,5739000,psxdata,2026-05-11T12:50:58
PTC,2020-10-02,10.58,10.74,10.01,10.12,5378000,psxdata,2026-05-11T12:50:58
PTC,2020-10-05,10.02,10.08,9.44,9.53,6885500,psxdata,2026-05-11T12:50:58
PTC,2020-10-06,9.55,9.75,9.3,9.56,1971000,psxdata,2026-05-11T12:50:58
PTC,2020-10-07,9.65,10.15,9.62,10.06,3167500,psxdata,2026-05-11T12:50:58
PTC,2020-10-08,10.1,10.12,9.85,10.04,1481500,psxdata,2026-05-11T12:50:58
PTC,2020-10-09,10.07,10.2,9.9,9.96,2651500,psxdata,2026-05-11T12:50:58
PTC,2020-10-12,9.91,10.05,9.41,9.45,2765000,psxdata,2026-05-11T12:50:58
PTC,2020-10-13,9.59,9.59,9.35,9.45,753000,psxdata,2026-05-11T12:50:58
PTC,2020-10-14,9.6,9.71,9.4,9.44,1025000,psxdata,2026-05-11T12:50:58
PTC,2020-10-15,9.49,9.65,9.45,9.5,2267000,psxdata,2026-05-11T12:50:58
PTC,2020-10-16,9.5,9.5,9.37,9.43,342500,psxdata,2026-05-11T12:50:58
PTC,2020-10-19,9.43,9.54,9.38,9.39,318000,psxdata,2026-05-11T12:50:58
PTC,2020-10-20,9.45,9.6,9.35,9.39,2407500,psxdata,2026-05-11T12:50:58
PTC,2020-10-21,9.4,9.94,9.4,9.81,6552000,psxdata,2026-05-11T12:50:58
PTC,2020-10-22,9.89,10.09,9.65,9.76,3055000,psxdata,2026-05-11T12:50:58
PTC,2020-10-23,9.81,9.89,9.6,9.66,963000,psxdata,2026-05-11T12:50:58
PTC,2020-10-26,9.7,9.98,9.68,9.82,3445500,psxdata,2026-05-11T12:50:58
PTC,2020-10-27,9.79,9.8,9.6,9.65,897500,psxdata,2026-05-11T12:50:58
PTC,2020-10-28,9.65,9.85,9.57,9.6,1916500,psxdata,2026-05-11T12:50:58
PTC,2020-10-29,9.62,9.62,8.7,9.06,2432500,psxdata,2026-05-11T12:50:58
PTC,2020-11-02,9.05,9.06,8.5,8.91,1131500,psxdata,2026-05-11T12:50:58
PTC,2020-11-03,9.0,9.38,9.0,9.3,839000,psxdata,2026-05-11T12:50:58
PTC,2020-11-04,9.34,9.45,9.05,9.06,1288000,psxdata,2026-05-11T12:50:58
PTC,2020-11-05,9.24,9.57,9.14,9.42,3331500,psxdata,2026-05-11T12:50:58
PTC,2020-11-06,9.5,9.5,9.21,9.25,610500,psxdata,2026-05-11T12:50:58
PTC,2020-11-09,9.34,9.4,9.15,9.27,1238500,psxdata,2026-05-11T12:50:58
PTC,2020-11-10,9.35,9.4,9.13,9.18,750500,psxdata,2026-05-11T12:50:58
PTC,2020-11-11,9.2,9.24,9.09,9.15,323000,psxdata,2026-05-11T12:50:58
PTC,2020-11-12,9.11,9.16,8.9,8.91,1885500,psxdata,2026-05-11T12:50:58
PTC,2020-11-13,8.99,8.99,8.86,8.9,783000,psxdata,2026-05-11T12:50:58
PTC,2020-11-16,8.88,8.98,8.86,8.92,272000,psxdata,2026-05-11T12:50:58
PTC,2020-11-17,8.98,9.05,8.91,8.97,294500,psxdata,2026-05-11T12:50:58
PTC,2020-11-18,8.89,8.95,8.74,8.77,1275000,psxdata,2026-05-11T12:50:58
PTC,2020-11-19,8.89,8.95,8.71,8.77,477000,psxdata,2026-05-11T12:50:58
PTC,2020-11-20,8.89,8.89,8.74,8.79,239000,psxdata,2026-05-11T12:50:58
PTC,2020-11-23,8.68,8.79,8.52,8.55,774500,psxdata,2026-05-11T12:50:58
PTC,2020-11-24,8.78,8.78,8.51,8.54,225500,psxdata,2026-05-11T12:50:58
PTC,2020-11-25,8.74,8.87,8.64,8.78,218500,psxdata,2026-05-11T12:50:58
PTC,2020-11-26,8.89,9.08,8.78,8.93,1988000,psxdata,2026-05-11T12:50:58
PTC,2020-11-27,9.0,9.04,8.81,8.97,264000,psxdata,2026-05-11T12:50:58
PTC,2020-11-30,8.95,9.11,8.83,9.05,1506500,psxdata,2026-05-11T12:50:58
PTC,2020-12-01,9.11,9.2,8.95,9.11,985000,psxdata,2026-05-11T12:50:58
PTC,2020-12-02,9.15,9.2,9.1,9.11,745000,psxdata,2026-05-11T12:50:58
PTC,2020-12-03,9.18,9.25,8.95,8.98,1007500,psxdata,2026-05-11T12:50:58
PTC,2020-12-04,8.92,9.38,8.92,9.2,21734500,psxdata,2026-05-11T12:50:58
PTC,2020-12-07,9.28,9.28,9.05,9.06,1417500,psxdata,2026-05-11T12:50:58
PTC,2020-12-08,9.07,9.15,8.95,9.03,885500,psxdata,2026-05-11T12:50:58
PTC,2020-12-09,9.1,9.17,8.88,8.93,1710000,psxdata,2026-05-11T12:50:58
PTC,2020-12-10,9.0,9.0,8.9,8.91,437000,psxdata,2026-05-11T12:50:58
PTC,2020-12-11,8.86,9.18,8.86,8.91,1354000,psxdata,2026-05-11T12:50:58
PTC,2020-12-14,9.0,9.23,9.0,9.17,1819500,psxdata,2026-05-11T12:50:58
PTC,2020-12-15,9.2,9.35,9.11,9.18,1761000,psxdata,2026-05-11T12:50:58
PTC,2020-12-16,9.11,9.17,8.98,9.02,1324000,psxdata,2026-05-11T12:50:58
PTC,2020-12-17,9.06,9.2,9.06,9.08,816500,psxdata,2026-05-11T12:50:58
PTC,2020-12-18,9.08,9.16,8.91,8.94,2161000,psxdata,2026-05-11T12:50:58
PTC,2020-12-21,8.99,9.0,8.81,8.86,1733500,psxdata,2026-05-11T12:50:58
PTC,2020-12-22,8.88,9.05,8.8,8.84,895500,psxdata,2026-05-11T12:50:58
PTC,2020-12-23,8.83,9.15,8.8,8.96,1745500,psxdata,2026-05-11T12:50:58
PTC,2020-12-24,8.95,9.1,8.95,8.99,802000,psxdata,2026-05-11T12:50:58
PTC,2020-12-28,8.96,9.55,8.91,9.5,5246000,psxdata,2026-05-11T12:50:58
PTC,2020-12-29,9.55,9.74,9.15,9.23,5305500,psxdata,2026-05-11T12:50:58
PTC,2020-12-30,9.3,9.4,9.15,9.18,1402000,psxdata,2026-05-11T12:50:58
PTC,2020-12-31,9.25,9.4,9.05,9.1,1812500,psxdata,2026-05-11T12:50:58
PTC,2021-01-01,9.45,9.65,9.1,9.12,7506000,psxdata,2026-05-11T12:50:58
PTC,2021-01-04,9.25,9.4,8.97,9.03,3988000,psxdata,2026-05-11T12:50:58
PTC,2021-01-05,9.14,9.59,9.12,9.44,12352000,psxdata,2026-05-11T12:50:58
PTC,2021-01-06,9.51,9.85,9.51,9.7,9713000,psxdata,2026-05-11T12:50:58
PTC,2021-01-07,9.75,9.8,9.4,9.44,2631500,psxdata,2026-05-11T12:50:58
PTC,2021-01-08,9.53,10.06,9.52,9.87,9697500,psxdata,2026-05-11T12:50:58
PTC,2021-01-11,9.97,10.0,9.53,9.57,4969000,psxdata,2026-05-11T12:50:58
PTC,2021-01-12,9.65,9.95,9.6,9.8,5318500,psxdata,2026-05-11T12:50:58
PTC,2021-01-13,9.97,10.34,9.88,9.92,16401000,psxdata,2026-05-11T12:50:58
PTC,2021-01-14,9.95,10.0,9.74,9.79,2368500,psxdata,2026-05-11T12:50:58
PTC,2021-01-15,9.8,9.85,9.62,9.67,2816500,psxdata,2026-05-11T12:50:58
PTC,2021-01-18,9.74,9.78,9.5,9.6,2215500,psxdata,2026-05-11T12:50:58
PTC,2021-01-19,9.6,9.78,9.54,9.63,1414000,psxdata,2026-05-11T12:50:58
PTC,2021-01-20,9.62,9.7,9.46,9.51,2172000,psxdata,2026-05-11T12:50:58
PTC,2021-01-21,9.55,9.59,9.3,9.34,2849000,psxdata,2026-05-11T12:50:58
PTC,2021-01-22,9.4,9.47,9.2,9.31,1572500,psxdata,2026-05-11T12:50:58
PTC,2021-01-25,9.4,9.63,9.32,9.34,1169500,psxdata,2026-05-11T12:50:58
PTC,2021-01-26,9.47,9.48,9.18,9.2,3473500,psxdata,2026-05-11T12:50:58
PTC,2021-01-27,9.22,9.3,9.01,9.13,1542000,psxdata,2026-05-11T12:50:58
PTC,2021-01-28,9.14,9.18,9.0,9.11,3814500,psxdata,2026-05-11T12:50:58
PTC,2021-01-29,9.15,9.19,9.03,9.1,1894000,psxdata,2026-05-11T12:50:58
PTC,2021-02-01,9.2,9.34,9.12,9.16,1713500,psxdata,2026-05-11T12:50:58
PTC,2021-02-02,9.2,9.25,9.1,9.16,1369000,psxdata,2026-05-11T12:50:58
PTC,2021-02-03,9.25,9.27,9.1,9.19,1765500,psxdata,2026-05-11T12:50:58
PTC,2021-02-04,9.16,9.46,9.16,9.2,3237000,psxdata,2026-05-11T12:50:58
PTC,2021-02-08,9.22,9.29,9.1,9.13,1285500,psxdata,2026-05-11T12:50:58
PTC,2021-02-09,9.2,9.5,9.16,9.3,4639000,psxdata,2026-05-11T12:50:58
PTC,2021-02-10,9.45,9.67,9.12,9.29,6872500,psxdata,2026-05-11T12:50:58
PTC,2021-02-11,9.19,9.36,9.0,9.03,6941500,psxdata,2026-05-11T12:50:58
PTC,2021-02-12,9.05,9.21,8.88,8.93,2866000,psxdata,2026-05-11T12:50:58
PTC,2021-02-15,8.96,9.1,8.76,8.8,3262500,psxdata,2026-05-11T12:50:58
PTC,2021-02-16,8.81,9.1,8.81,9.02,3040500,psxdata,2026-05-11T12:50:58
PTC,2021-02-17,9.09,9.25,9.0,9.02,3692000,psxdata,2026-05-11T12:50:58
PTC,2021-02-18,9.13,9.14,8.86,8.91,3578500,psxdata,2026-05-11T12:50:58
PTC,2021-02-19,9.0,9.0,8.87,8.92,2182500,psxdata,2026-05-11T12:50:58
PTC,2021-02-22,8.99,9.09,8.9,9.02,1697000,psxdata,2026-05-11T12:50:58
PTC,2021-02-23,9.09,9.13,8.91,9.06,1986500,psxdata,2026-05-11T12:50:58
PTC,2021-02-24,9.06,9.44,9.06,9.13,8889000,psxdata,2026-05-11T12:50:58
PTC,2021-02-25,9.15,9.3,9.04,9.06,2764500,psxdata,2026-05-11T12:50:58
PTC,2021-02-26,9.05,9.12,8.89,8.92,1329000,psxdata,2026-05-11T12:50:58
PTC,2021-03-01,8.96,8.96,8.7,8.8,2214500,psxdata,2026-05-11T12:50:58
PTC,2021-03-02,8.89,8.92,8.79,8.83,1603000,psxdata,2026-05-11T12:50:58
PTC,2021-03-03,8.81,8.97,8.8,8.83,618500,psxdata,2026-05-11T12:50:58
PTC,2021-03-04,8.57,8.77,8.5,8.53,2100000,psxdata,2026-05-11T12:50:58
PTC,2021-03-05,8.7,8.79,8.6,8.73,840000,psxdata,2026-05-11T12:50:58
PTC,2021-03-08,8.82,8.88,8.6,8.64,837000,psxdata,2026-05-11T12:50:58
PTC,2021-03-09,8.61,8.7,8.3,8.34,2009000,psxdata,2026-05-11T12:50:58
PTC,2021-03-10,8.42,8.42,8.2,8.21,617500,psxdata,2026-05-11T12:50:58
PTC,2021-03-11,8.28,8.3,8.0,8.02,2467500,psxdata,2026-05-11T12:50:58
PTC,2021-03-12,7.92,8.24,7.92,8.14,1087000,psxdata,2026-05-11T12:50:58
PTC,2021-03-15,8.25,8.33,8.16,8.21,2162500,psxdata,2026-05-11T12:50:58
PTC,2021-03-16,8.25,8.64,8.21,8.53,1629000,psxdata,2026-05-11T12:50:58
PTC,2021-03-17,8.6,8.73,8.56,8.61,1261500,psxdata,2026-05-11T12:50:58
PTC,2021-03-18,8.52,8.6,8.35,8.38,777500,psxdata,2026-05-11T12:50:58
PTC,2021-03-19,8.59,8.59,8.31,8.41,720000,psxdata,2026-05-11T12:50:58
PTC,2021-03-22,8.3,8.65,8.3,8.51,1319000,psxdata,2026-05-11T12:50:58
PTC,2021-03-24,8.7,9.51,8.6,9.51,37218000,psxdata,2026-05-11T12:50:58
PTC,2021-03-25,9.69,10.35,9.26,10.1,61352500,psxdata,2026-05-11T12:50:58
PTC,2021-03-26,10.19,10.5,9.85,10.13,39614000,psxdata,2026-05-11T12:50:58
PTC,2021-03-29,10.18,10.2,9.26,9.56,24328500,psxdata,2026-05-11T12:50:58
PTC,2021-03-30,9.44,9.6,9.25,9.48,3978000,psxdata,2026-05-11T12:50:58
PTC,2021-03-31,9.61,9.8,9.23,9.28,3958500,psxdata,2026-05-11T12:50:58
PTC,2021-04-01,9.25,9.6,8.99,9.05,17162000,psxdata,2026-05-11T12:50:58
PTC,2021-04-02,9.06,9.14,9.0,9.0,4122000,psxdata,2026-05-11T12:50:58
PTC,2021-04-05,9.1,9.1,8.82,8.86,2844000,psxdata,2026-05-11T12:50:58
PTC,2021-04-06,8.88,9.47,8.88,9.41,4846500,psxdata,2026-05-11T12:50:58
PTC,2021-04-07,9.45,9.47,9.15,9.19,1412000,psxdata,2026-05-11T12:50:58
PTC,2021-04-08,9.29,9.61,9.22,9.53,10599000,psxdata,2026-05-11T12:50:58
PTC,2021-04-09,9.5,9.61,9.4,9.47,4689500,psxdata,2026-05-11T12:50:58
PTC,2021-04-12,9.31,9.79,9.31,9.59,8039000,psxdata,2026-05-11T12:50:58
PTC,2021-04-13,9.52,9.94,9.52,9.71,8329000,psxdata,2026-05-11T12:50:58
PTC,2021-04-14,9.7,10.25,9.7,10.02,13551500,psxdata,2026-05-11T12:50:58
PTC,2021-04-15,10.2,10.2,9.82,9.89,3314000,psxdata,2026-05-11T12:50:58
PTC,2021-04-16,9.98,10.06,9.83,9.94,1581000,psxdata,2026-05-11T12:50:58
PTC,2021-04-19,9.7,9.83,9.45,9.56,3012500,psxdata,2026-05-11T12:50:58
PTC,2021-04-20,9.73,9.78,9.5,9.57,1300000,psxdata,2026-05-11T12:50:58
PTC,2021-04-21,9.74,9.74,9.26,9.38,1538500,psxdata,2026-05-11T12:50:58
PTC,2021-04-22,9.38,9.5,9.1,9.17,1650000,psxdata,2026-05-11T12:50:58
PTC,2021-04-23,9.2,9.2,9.01,9.07,896500,psxdata,2026-05-11T12:50:58
PTC,2021-04-26,9.02,9.24,9.0,9.08,1731000,psxdata,2026-05-11T12:50:58
PTC,2021-04-27,9.09,9.24,9.07,9.11,1195000,psxdata,2026-05-11T12:50:58
PTC,2021-04-28,9.2,9.23,9.04,9.07,542000,psxdata,2026-05-11T12:50:58
PTC,2021-04-29,9.06,9.1,9.0,9.03,623000,psxdata,2026-05-11T12:50:58
PTC,2021-04-30,9.18,9.18,8.95,9.0,1180500,psxdata,2026-05-11T12:50:58
PTC,2021-05-03,9.0,9.05,8.83,9.0,487500,psxdata,2026-05-11T12:50:58
PTC,2021-05-04,9.07,9.3,9.02,9.08,217500,psxdata,2026-05-11T12:50:58
PTC,2021-05-05,9.18,9.27,9.15,9.19,898000,psxdata,2026-05-11T12:50:58
PTC,2021-05-06,9.15,9.15,8.97,9.0,1532000,psxdata,2026-05-11T12:50:58
PTC,2021-05-17,9.14,9.27,9.0,9.25,1259500,psxdata,2026-05-11T12:50:58
PTC,2021-05-18,9.37,9.37,9.12,9.25,860000,psxdata,2026-05-11T12:50:58
PTC,2021-05-19,9.24,9.24,9.11,9.15,219000,psxdata,2026-05-11T12:50:58
PTC,2021-05-20,9.12,9.49,9.1,9.32,2147000,psxdata,2026-05-11T12:50:58
PTC,2021-05-21,9.37,9.55,9.26,9.4,3647500,psxdata,2026-05-11T12:50:58
PTC,2021-05-24,9.45,9.5,9.2,9.23,2099500,psxdata,2026-05-11T12:50:58
PTC,2021-05-25,9.23,9.32,9.18,9.2,1343000,psxdata,2026-05-11T12:50:58
PTC,2021-05-26,9.3,10.2,9.28,10.07,23714000,psxdata,2026-05-11T12:50:58
PTC,2021-05-27,10.3,10.82,10.21,10.36,49967000,psxdata,2026-05-11T12:50:58
PTC,2021-05-28,10.36,10.46,10.13,10.17,4178000,psxdata,2026-05-11T12:50:58
PTC,2021-05-31,10.33,10.45,10.15,10.23,21390500,psxdata,2026-05-11T12:50:58
PTC,2021-06-01,10.45,11.23,10.39,11.23,58938500,psxdata,2026-05-11T12:50:58
PTC,2021-06-02,11.5,11.69,10.95,11.06,36195000,psxdata,2026-05-11T12:50:58
PTC,2021-06-03,10.95,11.54,10.85,11.21,20762000,psxdata,2026-05-11T12:50:58
PTC,2021-06-04,11.31,11.98,11.29,11.86,35951000,psxdata,2026-05-11T12:50:58
PTC,2021-06-07,11.89,12.78,11.6,12.64,64767500,psxdata,2026-05-11T12:50:58
PTC,2021-06-08,12.75,13.14,12.11,12.38,32299500,psxdata,2026-05-11T12:50:58
PTC,2021-06-09,12.4,13.05,12.1,12.87,34111000,psxdata,2026-05-11T12:50:58
PTC,2021-06-10,13.0,13.34,12.88,13.09,20966500,psxdata,2026-05-11T12:50:58
PTC,2021-06-11,13.4,14.0,13.27,13.84,51553000,psxdata,2026-05-11T12:50:58
PTC,2021-06-14,14.14,14.17,13.38,13.49,27611000,psxdata,2026-05-11T12:50:58
PTC,2021-06-15,13.49,13.65,12.8,12.94,10290000,psxdata,2026-05-11T12:50:58
PTC,2021-06-16,13.03,13.35,12.51,13.0,15189500,psxdata,2026-05-11T12:50:58
PTC,2021-06-17,13.0,13.3,12.61,12.69,9468500,psxdata,2026-05-11T12:50:58
PTC,2021-06-18,12.67,13.25,12.67,13.09,7922000,psxdata,2026-05-11T12:50:58
PTC,2021-06-21,13.01,13.1,12.62,12.73,6889500,psxdata,2026-05-11T12:50:58
PTC,2021-06-22,12.73,12.9,12.26,12.39,6017500,psxdata,2026-05-11T12:50:58
PTC,2021-06-23,12.39,12.5,12.03,12.1,6686500,psxdata,2026-05-11T12:50:58
PTC,2021-06-24,12.24,12.45,12.0,12.08,5684500,psxdata,2026-05-11T12:50:58
PTC,2021-06-25,12.01,12.25,11.8,11.86,8899500,psxdata,2026-05-11T12:50:58
PTC,2021-06-28,11.9,11.99,11.61,11.69,4047500,psxdata,2026-05-11T12:50:58
PTC,2021-06-29,11.7,12.2,11.7,11.99,6024000,psxdata,2026-05-11T12:50:58
PTC,2021-06-30,12.15,12.22,11.8,11.84,2513500,psxdata,2026-05-11T12:50:58
PTC,2021-07-01,12.0,12.25,11.9,12.06,6243000,psxdata,2026-05-11T12:50:58
PTC,2021-07-02,12.22,12.25,11.89,11.94,2790000,psxdata,2026-05-11T12:50:58
PTC,2021-07-05,11.95,12.1,11.8,11.86,1693500,psxdata,2026-05-11T12:50:58
PTC,2021-07-06,11.97,12.04,11.6,11.69,1486000,psxdata,2026-05-11T12:50:58
PTC,2021-07-07,11.75,11.77,11.47,11.55,1661500,psxdata,2026-05-11T12:50:58
PTC,2021-07-08,11.55,12.31,11.4,12.08,7208500,psxdata,2026-05-11T12:50:58
PTC,2021-07-09,12.2,12.24,11.8,11.86,2310000,psxdata,2026-05-11T12:50:58
PTC,2021-07-12,11.81,11.89,11.4,11.5,1390500,psxdata,2026-05-11T12:50:58
PTC,2021-07-13,11.69,11.82,11.55,11.61,1769000,psxdata,2026-05-11T12:50:58
PTC,2021-07-14,11.67,12.1,11.61,11.75,4100500,psxdata,2026-05-11T12:50:58
PTC,2021-07-15,11.76,11.89,11.63,11.84,3656500,psxdata,2026-05-11T12:50:58
PTC,2021-07-16,11.85,12.25,11.84,12.16,5207500,psxdata,2026-05-11T12:50:58
PTC,2021-07-19,12.24,12.24,12.0,12.12,2814500,psxdata,2026-05-11T12:50:58
PTC,2021-07-23,12.22,12.22,11.78,11.81,5446000,psxdata,2026-05-11T12:50:58
PTC,2021-07-26,11.88,12.0,11.75,11.78,1388500,psxdata,2026-05-11T12:50:58
PTC,2021-07-27,11.71,11.9,11.71,11.79,2207000,psxdata,2026-05-11T12:50:58
PTC,2021-07-28,11.92,11.92,11.5,11.61,2439500,psxdata,2026-05-11T12:50:58
PTC,2021-07-29,11.5,12.1,11.27,11.78,8647000,psxdata,2026-05-11T12:50:58
PTC,2021-07-30,11.8,12.14,11.6,11.65,3894000,psxdata,2026-05-11T12:50:58
PTC,2021-08-02,11.56,11.85,11.56,11.77,957000,psxdata,2026-05-11T12:50:58
PTC,2021-08-03,11.99,12.29,11.8,12.13,7064000,psxdata,2026-05-11T12:50:58
PTC,2021-08-04,12.15,12.25,11.98,12.05,3013500,psxdata,2026-05-11T12:50:58
PTC,2021-08-05,12.14,13.05,12.1,12.63,62138500,psxdata,2026-05-11T12:50:58
PTC,2021-08-06,12.63,12.69,12.15,12.25,5691000,psxdata,2026-05-11T12:50:58
PTC,2021-08-09,12.31,12.51,12.02,12.16,3671000,psxdata,2026-05-11T12:50:58
PTC,2021-08-10,12.23,12.45,11.94,12.2,2786500,psxdata,2026-05-11T12:50:58
PTC,2021-08-11,12.23,12.45,11.96,12.02,9799000,psxdata,2026-05-11T12:50:58
PTC,2021-08-12,11.95,12.0,11.61,11.68,2426000,psxdata,2026-05-11T12:50:58
PTC,2021-08-13,11.61,11.84,11.52,11.72,1762500,psxdata,2026-05-11T12:50:58
PTC,2021-08-16,11.74,11.75,11.33,11.48,2004500,psxdata,2026-05-11T12:50:58
PTC,2021-08-17,11.65,11.8,11.51,11.57,1322000,psxdata,2026-05-11T12:50:58
PTC,2021-08-20,11.46,11.79,11.46,11.72,1621500,psxdata,2026-05-11T12:50:58
PTC,2021-08-23,11.71,11.81,11.55,11.61,938000,psxdata,2026-05-11T12:50:58
PTC,2021-08-24,11.55,11.85,11.5,11.55,1050000,psxdata,2026-05-11T12:50:58
PTC,2021-08-25,11.53,11.69,11.41,11.45,5191500,psxdata,2026-05-11T12:50:58
PTC,2021-08-26,11.47,11.51,11.26,11.3,565500,psxdata,2026-05-11T12:50:58
PTC,2021-08-27,11.24,11.48,10.82,10.89,2143000,psxdata,2026-05-11T12:50:58
PTC,2021-08-30,11.0,11.2,10.96,11.06,1747500,psxdata,2026-05-11T12:50:58
PTC,2021-08-31,11.23,11.28,11.0,11.05,1541000,psxdata,2026-05-11T12:50:58
PTC,2021-09-01,11.09,11.4,11.05,11.34,2387500,psxdata,2026-05-11T12:50:58
PTC,2021-09-02,11.34,11.5,11.02,11.1,1957500,psxdata,2026-05-11T12:50:58
PTC,2021-09-03,11.05,11.25,10.93,11.0,1820500,psxdata,2026-05-11T12:50:58
PTC,2021-09-06,11.06,11.37,10.95,11.22,2487500,psxdata,2026-05-11T12:50:58
PTC,2021-09-07,11.31,11.94,11.31,11.44,12704000,psxdata,2026-05-11T12:50:58
PTC,2021-09-08,11.44,12.25,11.22,11.36,22695500,psxdata,2026-05-11T12:50:58
PTC,2021-09-09,11.45,11.45,11.0,11.03,6007500,psxdata,2026-05-11T12:50:58
PTC,2021-09-10,11.09,11.29,10.97,11.03,5343000,psxdata,2026-05-11T12:50:58
PTC,2021-09-13,11.14,11.14,10.71,10.77,1751000,psxdata,2026-05-11T12:50:58
PTC,2021-09-14,10.88,10.88,10.33,10.53,4418000,psxdata,2026-05-11T12:50:58
PTC,2021-09-15,10.55,10.87,10.41,10.65,3557500,psxdata,2026-05-11T12:50:58
PTC,2021-09-16,10.7,10.79,10.34,10.37,4970500,psxdata,2026-05-11T12:50:58
PTC,2021-09-17,10.48,10.64,10.35,10.38,1983000,psxdata,2026-05-11T12:50:58
PTC,2021-09-20,10.4,10.5,10.2,10.36,1327000,psxdata,2026-05-11T12:50:58
PTC,2021-09-21,10.36,10.44,10.0,10.05,3030500,psxdata,2026-05-11T12:50:58
PTC,2021-09-22,10.1,10.11,9.7,9.98,4189500,psxdata,2026-05-11T12:50:58
PTC,2021-09-23,10.15,10.24,9.77,9.98,2767000,psxdata,2026-05-11T12:50:58
PTC,2021-09-24,9.91,10.18,9.61,9.72,3085000,psxdata,2026-05-11T12:50:58
PTC,2021-09-27,9.79,9.9,9.36,9.55,2896500,psxdata,2026-05-11T12:50:58
PTC,2021-09-28,9.51,9.94,9.45,9.87,2788500,psxdata,2026-05-11T12:50:58
PTC,2021-09-29,9.98,9.99,9.37,9.53,1108000,psxdata,2026-05-11T12:50:58
PTC,2021-09-30,9.59,9.59,9.13,9.36,5353000,psxdata,2026-05-11T12:50:58
PTC,2021-10-01,9.35,9.38,9.2,9.31,1674500,psxdata,2026-05-11T12:50:58
PTC,2021-10-04,9.4,9.45,9.17,9.37,1228000,psxdata,2026-05-11T12:50:58
PTC,2021-10-05,9.46,9.49,9.25,9.32,756000,psxdata,2026-05-11T12:50:58
PTC,2021-10-06,9.35,9.38,9.22,9.31,458000,psxdata,2026-05-11T12:50:58
PTC,2021-10-07,9.32,9.39,9.22,9.29,1008500,psxdata,2026-05-11T12:50:58
PTC,2021-10-08,9.25,9.4,9.2,9.3,310000,psxdata,2026-05-11T12:50:58
PTC,2021-10-11,9.38,9.38,9.05,9.23,836500,psxdata,2026-05-11T12:50:58
PTC,2021-10-12,9.11,9.3,8.96,9.17,5581500,psxdata,2026-05-11T12:50:58
PTC,2021-10-13,9.18,9.29,9.0,9.15,2398000,psxdata,2026-05-11T12:50:58
PTC,2021-10-14,9.0,9.24,8.96,9.21,1242500,psxdata,2026-05-11T12:50:58
PTC,2021-10-15,9.15,9.52,9.1,9.26,3133000,psxdata,2026-05-11T12:50:58
PTC,2021-10-18,9.18,9.27,9.01,9.17,652500,psxdata,2026-05-11T12:50:58
PTC,2021-10-20,9.2,9.4,9.15,9.21,2784000,psxdata,2026-05-11T12:50:58
PTC,2021-10-21,9.21,9.28,9.02,9.08,1909000,psxdata,2026-05-11T12:50:58
PTC,2021-10-22,9.15,9.2,8.97,9.1,901500,psxdata,2026-05-11T12:50:58
PTC,2021-10-25,9.1,9.15,9.0,9.07,844500,psxdata,2026-05-11T12:50:58
PTC,2021-10-26,9.01,9.14,9.0,9.06,682000,psxdata,2026-05-11T12:50:58
PTC,2021-10-27,9.1,9.13,9.0,9.02,569500,psxdata,2026-05-11T12:50:58
PTC,2021-10-28,9.13,9.13,9.0,9.09,519500,psxdata,2026-05-11T12:50:58
PTC,2021-10-29,9.02,9.09,8.95,9.04,1065500,psxdata,2026-05-11T12:50:58
PTC,2021-11-01,9.16,9.39,9.05,9.17,2692000,psxdata,2026-05-11T12:50:58
PTC,2021-11-02,9.2,9.36,9.17,9.24,1113000,psxdata,2026-05-11T12:50:58
PTC,2021-11-03,9.3,10.24,9.3,10.18,22718500,psxdata,2026-05-11T12:50:58
PTC,2021-11-04,10.26,10.26,9.9,9.98,2858500,psxdata,2026-05-11T12:50:58
PTC,2021-11-05,9.98,10.25,9.81,10.11,4168500,psxdata,2026-05-11T12:50:58
PTC,2021-11-08,10.19,10.41,10.0,10.14,5970000,psxdata,2026-05-11T12:50:58
PTC,2021-11-09,10.1,10.2,9.58,9.65,3372500,psxdata,2026-05-11T12:50:58
PTC,2021-11-10,9.76,9.85,9.55,9.61,1221500,psxdata,2026-05-11T12:50:58
PTC,2021-11-11,9.61,9.7,9.26,9.3,2336500,psxdata,2026-05-11T12:50:58
PTC,2021-11-12,9.27,9.34,9.11,9.2,1093000,psxdata,2026-05-11T12:50:58
PTC,2021-11-15,9.2,9.35,9.11,9.16,619500,psxdata,2026-05-11T12:50:58
PTC,2021-11-16,9.24,9.36,9.2,9.35,1136000,psxdata,2026-05-11T12:50:58
PTC,2021-11-17,9.35,9.35,9.0,9.08,1556500,psxdata,2026-05-11T12:50:58
PTC,2021-11-18,9.1,9.18,9.01,9.05,756000,psxdata,2026-05-11T12:50:58
PTC,2021-11-19,9.08,9.18,9.05,9.15,636000,psxdata,2026-05-11T12:50:58
PTC,2021-11-22,9.03,9.11,9.0,9.03,415500,psxdata,2026-05-11T12:50:58
PTC,2021-11-23,9.1,9.16,9.0,9.01,2226500,psxdata,2026-05-11T12:50:58
PTC,2021-11-24,9.01,9.01,8.88,8.91,975500,psxdata,2026-05-11T12:50:58
PTC,2021-11-25,8.95,9.0,8.85,8.92,601000,psxdata,2026-05-11T12:50:58
PTC,2021-11-26,8.99,9.0,8.75,8.87,732500,psxdata,2026-05-11T12:50:58
PTC,2021-11-29,8.95,9.24,8.75,9.07,825500,psxdata,2026-05-11T12:50:58
PTC,2021-11-30,9.07,9.1,8.87,8.97,731500,psxdata,2026-05-11T12:50:58
PTC,2021-12-01,8.95,9.0,8.85,8.9,808500,psxdata,2026-05-11T12:50:58
PTC,2021-12-02,8.86,8.99,8.41,8.85,2708500,psxdata,2026-05-11T12:50:58
PTC,2021-12-03,8.85,8.9,8.5,8.63,835000,psxdata,2026-05-11T12:50:58
PTC,2021-12-06,8.63,8.79,8.4,8.66,445500,psxdata,2026-05-11T12:50:58
PTC,2021-12-07,8.76,8.94,8.55,8.89,489000,psxdata,2026-05-11T12:50:58
PTC,2021-12-08,8.89,8.89,8.62,8.65,336000,psxdata,2026-05-11T12:50:58
PTC,2021-12-09,8.61,8.69,8.5,8.64,317500,psxdata,2026-05-11T12:50:58
PTC,2021-12-10,8.56,8.69,8.45,8.58,257500,psxdata,2026-05-11T12:50:58
PTC,2021-12-13,8.51,8.78,8.25,8.51,971000,psxdata,2026-05-11T12:50:58
PTC,2021-12-14,8.4,8.6,8.26,8.46,1122000,psxdata,2026-05-11T12:50:58
PTC,2021-12-15,8.67,9.17,8.5,8.93,4290500,psxdata,2026-05-11T12:50:58
PTC,2021-12-16,8.91,9.05,8.6,8.66,2585000,psxdata,2026-05-11T12:50:58
PTC,2021-12-17,8.79,8.79,8.64,8.66,564500,psxdata,2026-05-11T12:50:58
PTC,2021-12-20,8.7,8.8,8.6,8.64,1340000,psxdata,2026-05-11T12:50:58
PTC,2021-12-21,8.7,8.79,8.51,8.53,459000,psxdata,2026-05-11T12:50:58
PTC,2021-12-22,8.6,8.63,8.39,8.43,1724000,psxdata,2026-05-11T12:50:58
PTC,2021-12-23,8.54,8.65,8.45,8.51,457500,psxdata,2026-05-11T12:50:58
PTC,2021-12-24,8.55,8.58,8.38,8.41,1518000,psxdata,2026-05-11T12:50:58
PTC,2021-12-27,8.41,8.6,8.39,8.4,418500,psxdata,2026-05-11T12:50:58
PTC,2021-12-28,8.4,8.48,8.38,8.4,313000,psxdata,2026-05-11T12:50:58
PTC,2021-12-29,8.48,8.49,8.32,8.36,2048500,psxdata,2026-05-11T12:50:58
PTC,2021-12-30,8.51,8.51,8.37,8.4,342000,psxdata,2026-05-11T12:50:58
PTC,2021-12-31,8.45,8.8,8.4,8.7,1880500,psxdata,2026-05-11T12:50:58
PTC,2022-01-03,8.68,8.71,8.5,8.59,568500,psxdata,2026-05-11T12:50:58
PTC,2022-01-04,8.56,8.8,8.53,8.72,613000,psxdata,2026-05-11T12:50:58
PTC,2022-01-05,8.79,8.8,8.7,8.75,511000,psxdata,2026-05-11T12:50:58
PTC,2022-01-06,8.85,8.94,8.57,8.62,1733500,psxdata,2026-05-11T12:50:58
PTC,2022-01-07,8.69,8.7,8.55,8.64,327000,psxdata,2026-05-11T12:50:58
PTC,2022-01-10,8.57,8.76,8.57,8.74,740000,psxdata,2026-05-11T12:50:58
PTC,2022-01-11,8.76,9.09,8.65,8.86,5583500,psxdata,2026-05-11T12:50:58
PTC,2022-01-12,8.88,9.35,8.88,9.21,6385000,psxdata,2026-05-11T12:50:58
PTC,2022-01-13,9.25,9.5,9.2,9.31,2909500,psxdata,2026-05-11T12:50:58
PTC,2022-01-14,9.32,9.47,9.25,9.3,1467500,psxdata,2026-05-11T12:50:58
PTC,2022-01-17,9.25,9.25,9.0,9.1,536000,psxdata,2026-05-11T12:50:58
PTC,2022-01-18,9.23,9.23,9.0,9.01,1035500,psxdata,2026-05-11T12:50:58
PTC,2022-01-19,9.18,9.18,8.76,8.8,785000,psxdata,2026-05-11T12:50:58
PTC,2022-01-20,8.8,8.8,8.6,8.66,1158000,psxdata,2026-05-11T12:50:58
PTC,2022-01-21,8.7,8.7,8.59,8.62,810000,psxdata,2026-05-11T12:50:58
PTC,2022-01-24,8.77,8.77,8.55,8.6,402500,psxdata,2026-05-11T12:50:58
PTC,2022-01-25,8.62,8.73,8.55,8.6,304000,psxdata,2026-05-11T12:50:58
PTC,2022-01-26,8.57,8.66,8.5,8.57,218500,psxdata,2026-05-11T12:50:58
PTC,2022-01-27,8.73,8.73,8.51,8.55,427500,psxdata,2026-05-11T12:50:58
PTC,2022-01-28,8.56,8.78,8.54,8.61,533000,psxdata,2026-05-11T12:50:58
PTC,2022-01-31,8.64,8.8,8.63,8.76,473500,psxdata,2026-05-11T12:50:58
PTC,2022-02-01,8.82,8.86,8.75,8.8,531000,psxdata,2026-05-11T12:50:58
PTC,2022-02-02,8.84,9.0,8.84,8.94,1564000,psxdata,2026-05-11T12:50:58
PTC,2022-02-03,8.98,9.08,8.81,8.84,860000,psxdata,2026-05-11T12:50:58
PTC,2022-02-04,8.94,8.94,8.84,8.88,311500,psxdata,2026-05-11T12:50:58
PTC,2022-02-07,8.8,9.05,8.77,8.8,1505000,psxdata,2026-05-11T12:50:58
PTC,2022-02-08,8.8,8.89,8.67,8.73,910500,psxdata,2026-05-11T12:50:58
PTC,2022-02-09,8.85,9.25,8.8,9.13,2535000,psxdata,2026-05-11T12:50:58
PTC,2022-02-10,9.17,9.25,8.4,8.44,6007500,psxdata,2026-05-11T12:50:58
PTC,2022-02-11,8.52,8.55,8.43,8.46,1222500,psxdata,2026-05-11T12:50:58
PTC,2022-02-14,8.5,8.5,8.3,8.31,892000,psxdata,2026-05-11T12:50:58
PTC,2022-02-15,8.3,8.42,8.2,8.4,913000,psxdata,2026-05-11T12:50:58
PTC,2022-02-16,8.4,8.5,8.35,8.37,490000,psxdata,2026-05-11T12:50:58
PTC,2022-02-17,8.32,8.5,8.2,8.27,546500,psxdata,2026-05-11T12:50:58
PTC,2022-02-18,8.27,8.32,8.21,8.25,499500,psxdata,2026-05-11T12:50:58
PTC,2022-02-21,8.25,8.31,8.16,8.2,1250500,psxdata,2026-05-11T12:50:58
PTC,2022-02-22,8.25,8.29,7.7,7.97,3972000,psxdata,2026-05-11T12:50:58
PTC,2022-02-23,8.03,8.14,7.72,8.01,1502000,psxdata,2026-05-11T12:50:58
PTC,2022-02-24,7.85,7.99,7.6,7.9,2238000,psxdata,2026-05-11T12:50:58
PTC,2022-02-25,7.81,7.98,7.71,7.86,780000,psxdata,2026-05-11T12:50:58
PTC,2022-02-28,7.85,7.93,7.7,7.9,1640000,psxdata,2026-05-11T12:50:58
PTC,2022-03-01,7.94,8.17,7.91,8.01,2184500,psxdata,2026-05-11T12:50:58
PTC,2022-03-02,8.0,8.14,7.83,7.99,6157500,psxdata,2026-05-11T12:50:58
PTC,2022-03-03,8.01,8.26,7.99,8.06,1191000,psxdata,2026-05-11T12:50:58
PTC,2022-03-04,8.06,8.12,7.9,7.95,600500,psxdata,2026-05-11T12:50:58
PTC,2022-03-07,7.85,7.9,7.6,7.66,617500,psxdata,2026-05-11T12:50:58
PTC,2022-03-08,7.66,7.75,7.55,7.57,556500,psxdata,2026-05-11T12:50:58
PTC,2022-03-09,7.74,7.74,7.63,7.7,327000,psxdata,2026-05-11T12:50:58
PTC,2022-03-10,7.7,7.85,7.7,7.74,532500,psxdata,2026-05-11T12:50:58
PTC,2022-03-11,7.74,7.74,7.48,7.53,1088000,psxdata,2026-05-11T12:50:58
PTC,2022-03-14,7.53,7.6,7.16,7.4,880500,psxdata,2026-05-11T12:50:58
PTC,2022-03-15,7.4,7.6,7.33,7.57,889000,psxdata,2026-05-11T12:50:58
PTC,2022-03-16,7.6,7.8,7.52,7.55,374500,psxdata,2026-05-11T12:50:58
PTC,2022-03-17,7.6,7.64,7.43,7.46,154000,psxdata,2026-05-11T12:50:58
PTC,2022-03-18,7.31,7.59,7.25,7.37,556500,psxdata,2026-05-11T12:50:58
PTC,2022-03-21,7.4,7.5,7.3,7.38,166000,psxdata,2026-05-11T12:50:58
PTC,2022-03-22,7.33,7.5,7.18,7.39,887000,psxdata,2026-05-11T12:50:58
PTC,2022-03-24,7.4,7.63,7.32,7.53,466500,psxdata,2026-05-11T12:50:58
PTC,2022-03-25,7.45,7.7,7.45,7.53,276500,psxdata,2026-05-11T12:50:58
PTC,2022-03-28,7.41,7.75,7.35,7.63,449500,psxdata,2026-05-11T12:50:58
PTC,2022-03-29,7.63,7.86,7.56,7.59,1316500,psxdata,2026-05-11T12:50:58
PTC,2022-03-30,7.56,7.85,7.5,7.66,1343500,psxdata,2026-05-11T12:50:58
PTC,2022-03-31,7.7,7.85,7.51,7.8,295000,psxdata,2026-05-11T12:50:58
PTC,2022-04-01,7.7,7.77,7.54,7.66,1511500,psxdata,2026-05-11T12:50:58
PTC,2022-04-04,7.33,7.5,7.33,7.38,428500,psxdata,2026-05-11T12:50:58
PTC,2022-04-05,7.49,7.65,7.4,7.48,378500,psxdata,2026-05-11T12:50:58
PTC,2022-04-06,7.6,7.6,7.45,7.47,73500,psxdata,2026-05-11T12:50:58
PTC,2022-04-07,7.55,7.56,7.42,7.48,83500,psxdata,2026-05-11T12:50:58
PTC,2022-04-08,7.56,7.68,7.4,7.65,462000,psxdata,2026-05-11T12:50:58
PTC,2022-04-11,7.8,8.25,7.8,8.04,4844500,psxdata,2026-05-11T12:50:58
PTC,2022-04-12,8.07,8.1,7.86,8.06,808500,psxdata,2026-05-11T12:50:58
PTC,2022-04-13,8.07,8.2,7.93,7.95,1021500,psxdata,2026-05-11T12:50:58
PTC,2022-04-14,7.85,7.9,7.69,7.77,1098000,psxdata,2026-05-11T12:50:58
PTC,2022-04-15,7.9,8.09,7.8,8.02,1995500,psxdata,2026-05-11T12:50:58
PTC,2022-04-18,8.02,8.08,7.85,7.95,329000,psxdata,2026-05-11T12:50:58
PTC,2022-04-19,8.0,8.0,7.8,7.93,355500,psxdata,2026-05-11T12:50:58
PTC,2022-04-20,7.9,7.9,7.67,7.7,571500,psxdata,2026-05-11T12:50:58
PTC,2022-04-21,7.7,7.81,7.65,7.79,457500,psxdata,2026-05-11T12:50:58
PTC,2022-04-22,7.71,7.78,7.67,7.7,375500,psxdata,2026-05-11T12:50:58
PTC,2022-04-25,7.7,7.84,7.35,7.37,3930500,psxdata,2026-05-11T12:50:58
PTC,2022-04-26,7.45,7.5,7.0,7.12,10547500,psxdata,2026-05-11T12:50:58
PTC,2022-04-27,7.19,7.34,7.19,7.23,907500,psxdata,2026-05-11T12:50:58
PTC,2022-04-28,7.17,7.28,7.0,7.15,2019000,psxdata,2026-05-11T12:50:58
PTC,2022-05-06,7.16,7.3,7.02,7.09,338500,psxdata,2026-05-11T12:50:58
PTC,2022-05-09,7.05,7.1,6.78,7.06,1562500,psxdata,2026-05-11T12:50:58
PTC,2022-05-10,7.0,7.18,6.88,7.02,857500,psxdata,2026-05-11T12:50:58
PTC,2022-05-11,7.0,7.09,6.65,6.98,3423000,psxdata,2026-05-11T12:50:58
PTC,2022-05-12,6.95,7.07,6.69,6.99,2710500,psxdata,2026-05-11T12:50:58
PTC,2022-05-13,6.8,7.03,6.8,6.95,606000,psxdata,2026-05-11T12:50:58
PTC,2022-05-16,6.86,7.0,6.7,6.96,1144000,psxdata,2026-05-11T12:50:58
PTC,2022-05-17,6.91,6.99,6.85,6.97,281000,psxdata,2026-05-11T12:50:58
PTC,2022-05-18,6.95,7.33,6.9,7.25,9925000,psxdata,2026-05-11T12:50:58
PTC,2022-05-19,7.19,7.29,7.11,7.15,415000,psxdata,2026-05-11T12:50:58
PTC,2022-05-20,7.08,7.35,7.08,7.29,1770500,psxdata,2026-05-11T12:50:58
PTC,2022-05-23,7.11,7.31,7.03,7.27,631500,psxdata,2026-05-11T12:50:58
PTC,2022-05-24,7.2,7.4,7.2,7.34,2169000,psxdata,2026-05-11T12:50:58
PTC,2022-05-25,7.25,7.52,7.11,7.48,2232000,psxdata,2026-05-11T12:50:58
PTC,2022-05-26,7.51,8.22,7.41,8.17,14110000,psxdata,2026-05-11T12:50:58
PTC,2022-05-27,8.16,8.29,7.61,7.72,3900000,psxdata,2026-05-11T12:50:58
PTC,2022-05-30,7.72,7.85,7.61,7.64,555500,psxdata,2026-05-11T12:50:58
PTC,2022-05-31,7.64,7.9,7.61,7.71,273500,psxdata,2026-05-11T12:50:58
PTC,2022-06-01,7.71,7.8,7.6,7.61,349500,psxdata,2026-05-11T12:50:58
PTC,2022-06-02,7.61,7.66,7.55,7.55,188500,psxdata,2026-05-11T12:50:58
PTC,2022-06-03,7.51,7.61,7.3,7.4,452500,psxdata,2026-05-11T12:50:58
PTC,2022-06-06,7.4,7.42,7.31,7.33,414500,psxdata,2026-05-11T12:50:58
PTC,2022-06-07,7.31,7.41,7.15,7.19,263500,psxdata,2026-05-11T12:50:58
PTC,2022-06-08,7.2,7.29,7.2,7.28,68500,psxdata,2026-05-11T12:50:58
PTC,2022-06-09,7.25,7.38,7.2,7.21,1871500,psxdata,2026-05-11T12:50:58
PTC,2022-06-10,7.3,7.3,7.19,7.28,137000,psxdata,2026-05-11T12:50:58
PTC,2022-06-13,7.25,7.31,7.05,7.1,992000,psxdata,2026-05-11T12:50:58
PTC,2022-06-14,7.1,7.26,7.0,7.25,329000,psxdata,2026-05-11T12:50:58
PTC,2022-06-15,7.28,7.3,7.21,7.28,297500,psxdata,2026-05-11T12:50:58
PTC,2022-06-16,7.28,7.34,7.1,7.21,3250500,psxdata,2026-05-11T12:50:58
PTC,2022-06-17,7.25,7.44,7.25,7.34,249000,psxdata,2026-05-11T12:50:58
PTC,2022-06-20,7.38,7.38,7.2,7.23,174500,psxdata,2026-05-11T12:50:58
PTC,2022-06-21,7.28,7.4,7.2,7.35,2319500,psxdata,2026-05-11T12:50:58
PTC,2022-06-22,7.4,7.43,7.23,7.26,182500,psxdata,2026-05-11T12:50:58
PTC,2022-06-23,7.25,7.5,7.2,7.22,1575000,psxdata,2026-05-11T12:50:58
PTC,2022-06-24,7.3,7.32,6.96,7.01,1274500,psxdata,2026-05-11T12:50:58
PTC,2022-06-27,7.1,7.23,7.1,7.11,589000,psxdata,2026-05-11T12:50:58
PTC,2022-06-28,7.12,7.19,7.0,7.01,688500,psxdata,2026-05-11T12:50:58
PTC,2022-06-29,7.01,7.19,7.0,7.04,390500,psxdata,2026-05-11T12:50:58
PTC,2022-06-30,7.08,7.09,6.9,6.96,482500,psxdata,2026-05-11T12:50:58
PTC,2022-07-01,7.09,7.15,6.96,6.99,424000,psxdata,2026-05-11T12:50:58
PTC,2022-07-04,7.0,7.07,6.95,6.97,265000,psxdata,2026-05-11T12:50:58
PTC,2022-07-05,6.95,7.06,6.95,6.99,29500,psxdata,2026-05-11T12:50:58
PTC,2022-07-06,7.01,7.08,7.0,7.04,203000,psxdata,2026-05-11T12:50:58
PTC,2022-07-07,7.1,7.1,6.99,7.07,219000,psxdata,2026-05-11T12:50:58
PTC,2022-07-13,7.0,7.09,7.0,7.08,209500,psxdata,2026-05-11T12:50:58
PTC,2022-07-14,7.12,7.23,7.12,7.17,398000,psxdata,2026-05-11T12:50:58
PTC,2022-07-15,7.19,7.23,7.15,7.15,354000,psxdata,2026-05-11T12:50:58
PTC,2022-07-18,7.06,7.22,7.02,7.13,1338500,psxdata,2026-05-11T12:50:58
PTC,2022-07-19,7.13,7.13,6.87,6.96,854500,psxdata,2026-05-11T12:50:58
PTC,2022-07-20,6.9,7.0,6.85,6.98,354000,psxdata,2026-05-11T12:50:58
PTC,2022-07-21,6.9,6.98,6.71,6.86,2190500,psxdata,2026-05-11T12:50:58
PTC,2022-07-22,6.62,6.9,6.6,6.83,1260000,psxdata,2026-05-11T12:50:58
PTC,2022-07-25,6.81,6.87,6.73,6.85,205000,psxdata,2026-05-11T12:50:58
PTC,2022-07-26,6.67,6.8,6.67,6.8,689000,psxdata,2026-05-11T12:50:58
PTC,2022-07-27,6.9,6.9,6.65,6.78,587000,psxdata,2026-05-11T12:50:58
PTC,2022-07-28,6.89,6.9,6.74,6.88,875500,psxdata,2026-05-11T12:50:58
PTC,2022-07-29,6.88,6.9,6.79,6.89,126000,psxdata,2026-05-11T12:50:58
PTC,2022-08-01,6.69,6.9,6.69,6.83,289000,psxdata,2026-05-11T12:50:58
PTC,2022-08-02,6.73,6.88,6.67,6.8,385500,psxdata,2026-05-11T12:50:58
PTC,2022-08-03,6.84,7.16,6.84,7.11,1974500,psxdata,2026-05-11T12:50:58
PTC,2022-08-04,7.05,7.35,7.05,7.21,1715000,psxdata,2026-05-11T12:50:58
PTC,2022-08-05,7.13,7.31,7.13,7.19,831000,psxdata,2026-05-11T12:50:58
PTC,2022-08-10,7.29,7.29,7.11,7.13,1010500,psxdata,2026-05-11T12:50:58
PTC,2022-08-11,7.11,7.2,7.1,7.17,798000,psxdata,2026-05-11T12:50:58
PTC,2022-08-12,7.17,7.24,7.11,7.22,762500,psxdata,2026-05-11T12:50:58
PTC,2022-08-15,7.13,7.35,7.13,7.27,471000,psxdata,2026-05-11T12:50:58
PTC,2022-08-16,7.27,7.33,7.15,7.17,799000,psxdata,2026-05-11T12:50:58
PTC,2022-08-17,7.25,8.07,7.15,7.94,14141000,psxdata,2026-05-11T12:50:58
PTC,2022-08-18,7.9,7.99,7.55,7.71,5063500,psxdata,2026-05-11T12:50:58
PTC,2022-08-19,7.7,7.7,7.4,7.46,1757000,psxdata,2026-05-11T12:50:58
PTC,2022-08-22,7.45,7.45,7.27,7.36,1154500,psxdata,2026-05-11T12:50:58
PTC,2022-08-23,7.4,7.7,7.39,7.47,2566000,psxdata,2026-05-11T12:50:58
PTC,2022-08-24,7.5,7.5,7.31,7.35,372000,psxdata,2026-05-11T12:50:58
PTC,2022-08-25,7.33,7.39,7.27,7.29,156500,psxdata,2026-05-11T12:50:58
PTC,2022-08-26,7.44,7.45,7.21,7.22,615500,psxdata,2026-05-11T12:50:58
PTC,2022-08-29,7.16,7.22,7.1,7.19,243500,psxdata,2026-05-11T12:50:58
PTC,2022-08-30,7.25,7.35,7.16,7.18,514500,psxdata,2026-05-11T12:50:58
PTC,2022-08-31,7.2,7.25,7.15,7.16,46000,psxdata,2026-05-11T12:50:58
PTC,2022-09-01,7.23,7.45,7.2,7.21,599500,psxdata,2026-05-11T12:50:58
PTC,2022-09-02,7.19,7.29,7.14,7.15,223500,psxdata,2026-05-11T12:50:58
PTC,2022-09-05,7.28,7.28,7.1,7.11,275000,psxdata,2026-05-11T12:50:58
PTC,2022-09-06,7.08,7.17,7.05,7.1,352500,psxdata,2026-05-11T12:50:58
PTC,2022-09-07,7.15,7.15,7.08,7.1,103500,psxdata,2026-05-11T12:50:58
PTC,2022-09-08,7.15,7.17,7.05,7.11,147500,psxdata,2026-05-11T12:50:58
PTC,2022-09-09,7.15,7.18,7.05,7.06,302500,psxdata,2026-05-11T12:50:58
PTC,2022-09-12,7.1,7.14,7.05,7.06,198000,psxdata,2026-05-11T12:50:58
PTC,2022-09-13,7.11,7.14,6.89,6.92,924500,psxdata,2026-05-11T12:50:58
PTC,2022-09-14,6.99,6.99,6.85,6.88,204000,psxdata,2026-05-11T12:50:58
PTC,2022-09-15,7.09,7.1,6.86,6.89,447000,psxdata,2026-05-11T12:50:58
PTC,2022-09-16,6.83,6.92,6.82,6.86,113000,psxdata,2026-05-11T12:50:58
PTC,2022-09-19,6.87,6.92,6.84,6.89,38500,psxdata,2026-05-11T12:50:58
PTC,2022-09-20,6.96,6.96,6.81,6.84,180500,psxdata,2026-05-11T12:50:58
PTC,2022-09-21,6.84,6.89,6.72,6.79,195500,psxdata,2026-05-11T12:50:58
PTC,2022-09-22,6.79,6.8,6.65,6.74,120500,psxdata,2026-05-11T12:50:58
PTC,2022-09-23,6.73,6.94,6.7,6.75,1428500,psxdata,2026-05-11T12:50:58
PTC,2022-09-26,6.84,6.9,6.72,6.85,218000,psxdata,2026-05-11T12:50:58
PTC,2022-09-27,6.9,6.98,6.83,6.93,96500,psxdata,2026-05-11T12:50:58
PTC,2022-09-28,6.92,7.08,6.9,6.93,154000,psxdata,2026-05-11T12:50:58
PTC,2022-09-29,6.95,6.95,6.77,6.85,475000,psxdata,2026-05-11T12:50:58
PTC,2022-09-30,6.84,6.85,6.76,6.79,4090000,psxdata,2026-05-11T12:50:58
PTC,2022-10-03,6.89,6.89,6.77,6.79,53500,psxdata,2026-05-11T12:50:58
PTC,2022-10-04,6.9,7.0,6.89,6.93,544000,psxdata,2026-05-11T12:50:58
PTC,2022-10-05,6.98,7.28,6.95,7.11,1570500,psxdata,2026-05-11T12:50:58
PTC,2022-10-06,7.28,7.28,7.07,7.14,625000,psxdata,2026-05-11T12:50:58
PTC,2022-10-07,7.1,7.2,7.0,7.01,575500,psxdata,2026-05-11T12:50:58
PTC,2022-10-10,7.02,7.12,6.98,7.03,334500,psxdata,2026-05-11T12:50:58
PTC,2022-10-11,7.09,7.09,6.97,6.98,188500,psxdata,2026-05-11T12:50:58
PTC,2022-10-12,7.0,7.07,6.94,6.95,567500,psxdata,2026-05-11T12:50:58
PTC,2022-10-13,7.0,7.22,6.87,6.97,1406000,psxdata,2026-05-11T12:50:58
PTC,2022-10-14,7.01,7.05,6.87,6.91,627500,psxdata,2026-05-11T12:50:58
PTC,2022-10-17,6.86,6.91,6.81,6.83,139000,psxdata,2026-05-11T12:50:58
PTC,2022-10-18,6.98,6.98,6.79,6.81,153500,psxdata,2026-05-11T12:50:58
PTC,2022-10-19,6.89,6.93,6.84,6.88,355500,psxdata,2026-05-11T12:50:58
PTC,2022-10-20,6.85,6.99,6.8,6.81,645000,psxdata,2026-05-11T12:50:58
PTC,2022-10-21,6.85,7.2,6.8,6.88,1134500,psxdata,2026-05-11T12:50:58
PTC,2022-10-24,7.1,7.1,6.81,6.83,573000,psxdata,2026-05-11T12:50:58
PTC,2022-10-25,6.94,7.37,6.81,7.01,6630500,psxdata,2026-05-11T12:50:58
PTC,2022-10-26,6.96,7.0,6.75,6.81,996500,psxdata,2026-05-11T12:50:58
PTC,2022-10-27,6.9,6.97,6.8,6.83,736500,psxdata,2026-05-11T12:50:58
PTC,2022-10-28,6.76,6.95,6.6,6.64,1040500,psxdata,2026-05-11T12:50:58
PTC,2022-10-31,6.73,6.8,6.7,6.74,211000,psxdata,2026-05-11T12:50:58
PTC,2022-11-01,6.8,6.94,6.79,6.89,270500,psxdata,2026-05-11T12:50:58
PTC,2022-11-02,6.86,7.1,6.86,6.98,2131000,psxdata,2026-05-11T12:50:58
PTC,2022-11-03,7.05,7.29,7.01,7.05,3079000,psxdata,2026-05-11T12:50:58
PTC,2022-11-04,6.99,7.36,6.92,7.14,5995500,psxdata,2026-05-11T12:50:58
PTC,2022-11-07,7.34,7.48,7.2,7.31,8918500,psxdata,2026-05-11T12:50:58
PTC,2022-11-08,7.31,7.43,7.21,7.32,3305000,psxdata,2026-05-11T12:50:58
PTC,2022-11-10,7.39,7.45,7.29,7.31,1093500,psxdata,2026-05-11T12:50:58
PTC,2022-11-11,7.37,7.45,7.27,7.39,1166500,psxdata,2026-05-11T12:50:58
PTC,2022-11-14,7.4,7.72,7.31,7.6,12833000,psxdata,2026-05-11T12:50:58
PTC,2022-11-15,7.64,7.64,7.36,7.41,1474000,psxdata,2026-05-11T12:50:58
PTC,2022-11-16,7.49,7.55,7.32,7.36,1342500,psxdata,2026-05-11T12:50:58
PTC,2022-11-17,7.4,7.4,7.08,7.13,1761000,psxdata,2026-05-11T12:50:58
PTC,2022-11-18,7.14,7.2,7.02,7.15,717500,psxdata,2026-05-11T12:50:58
PTC,2022-11-21,7.18,7.22,7.08,7.11,526000,psxdata,2026-05-11T12:50:58
PTC,2022-11-22,7.06,7.18,7.02,7.06,704500,psxdata,2026-05-11T12:50:58
PTC,2022-11-23,7.06,7.14,7.01,7.02,537500,psxdata,2026-05-11T12:50:58
PTC,2022-11-24,7.49,7.5,7.16,7.22,7853000,psxdata,2026-05-11T12:50:58
PTC,2022-11-25,7.3,7.32,7.1,7.11,2430500,psxdata,2026-05-11T12:50:58
PTC,2022-11-28,7.0,7.05,6.8,6.85,5409000,psxdata,2026-05-11T12:50:58
PTC,2022-11-29,6.86,7.0,6.86,6.93,311500,psxdata,2026-05-11T12:50:58
PTC,2022-11-30,7.01,7.01,6.89,6.93,747500,psxdata,2026-05-11T12:50:58
PTC,2022-12-01,6.87,7.08,6.87,6.95,325500,psxdata,2026-05-11T12:50:58
PTC,2022-12-02,6.82,7.04,6.81,6.9,308000,psxdata,2026-05-11T12:50:58
PTC,2022-12-05,6.82,6.97,6.71,6.74,361500,psxdata,2026-05-11T12:50:58
PTC,2022-12-06,6.89,6.89,6.65,6.74,438500,psxdata,2026-05-11T12:50:58
PTC,2022-12-07,6.85,7.0,6.78,6.91,791500,psxdata,2026-05-11T12:50:58
PTC,2022-12-08,6.99,6.99,6.63,6.66,1321000,psxdata,2026-05-11T12:50:58
PTC,2022-12-09,6.71,6.71,6.58,6.6,824500,psxdata,2026-05-11T12:50:58
PTC,2022-12-12,6.7,6.7,6.46,6.5,706500,psxdata,2026-05-11T12:50:58
PTC,2022-12-13,6.5,6.91,6.49,6.6,15371000,psxdata,2026-05-11T12:50:58
PTC,2022-12-14,6.7,6.78,6.62,6.66,1105500,psxdata,2026-05-11T12:50:58
PTC,2022-12-15,6.74,6.75,6.52,6.55,2288500,psxdata,2026-05-11T12:50:58
PTC,2022-12-16,6.52,6.6,6.43,6.48,550000,psxdata,2026-05-11T12:50:58
PTC,2022-12-19,6.59,6.69,6.28,6.52,1333000,psxdata,2026-05-11T12:50:58
PTC,2022-12-20,6.43,6.43,5.83,5.98,3265000,psxdata,2026-05-11T12:50:58
PTC,2022-12-21,6.08,6.23,5.85,5.99,2925000,psxdata,2026-05-11T12:50:58
PTC,2022-12-22,5.96,6.06,5.81,6.0,2335500,psxdata,2026-05-11T12:50:58
PTC,2022-12-23,5.95,6.01,5.88,5.98,583500,psxdata,2026-05-11T12:50:58
PTC,2022-12-26,5.9,6.17,5.9,6.08,2607000,psxdata,2026-05-11T12:50:58
PTC,2022-12-27,6.11,6.3,6.0,6.02,3530000,psxdata,2026-05-11T12:50:58
PTC,2022-12-28,6.04,6.06,5.85,5.96,1957000,psxdata,2026-05-11T12:50:58
PTC,2022-12-29,6.01,6.19,5.91,6.09,904000,psxdata,2026-05-11T12:50:58
PTC,2022-12-30,6.08,6.19,6.0,6.1,1630500,psxdata,2026-05-11T12:50:58
PTC,2023-01-02,5.95,6.19,5.95,6.16,973000,psxdata,2026-05-11T12:50:58
PTC,2023-01-03,6.19,6.27,6.07,6.12,482000,psxdata,2026-05-11T12:50:58
PTC,2023-01-04,6.05,6.15,6.0,6.04,552000,psxdata,2026-05-11T12:50:58
PTC,2023-01-05,6.09,6.11,6.0,6.04,437500,psxdata,2026-05-11T12:50:58
PTC,2023-01-06,6.22,6.22,6.02,6.19,569500,psxdata,2026-05-11T12:50:58
PTC,2023-01-09,6.08,6.3,6.07,6.1,266000,psxdata,2026-05-11T12:50:58
PTC,2023-01-10,6.27,6.3,6.1,6.16,1479500,psxdata,2026-05-11T12:50:58
PTC,2023-01-11,6.17,6.35,6.14,6.31,1541500,psxdata,2026-05-11T12:50:58
PTC,2023-01-12,6.35,6.59,6.35,6.44,3858500,psxdata,2026-05-11T12:50:58
PTC,2023-01-13,6.31,6.4,6.15,6.19,1641500,psxdata,2026-05-11T12:50:58
PTC,2023-01-16,6.15,6.19,6.02,6.06,737500,psxdata,2026-05-11T12:50:58
PTC,2023-01-17,6.1,6.1,5.8,5.88,821500,psxdata,2026-05-11T12:50:58
PTC,2023-01-18,5.85,6.07,5.84,5.97,1074000,psxdata,2026-05-11T12:50:58
PTC,2023-01-19,5.87,6.13,5.87,6.06,414000,psxdata,2026-05-11T12:50:58
PTC,2023-01-20,6.13,6.14,6.0,6.08,201000,psxdata,2026-05-11T12:50:58
PTC,2023-01-23,6.0,6.12,6.0,6.05,119500,psxdata,2026-05-11T12:50:58
PTC,2023-01-24,6.05,6.12,5.99,6.05,273000,psxdata,2026-05-11T12:50:58
PTC,2023-01-25,6.03,6.25,6.0,6.24,1291500,psxdata,2026-05-11T12:50:58
PTC,2023-01-26,6.15,6.27,6.15,6.19,1684500,psxdata,2026-05-11T12:50:58
PTC,2023-01-27,6.2,6.2,6.05,6.07,324000,psxdata,2026-05-11T12:50:58
PTC,2023-01-30,6.19,6.19,6.0,6.03,170000,psxdata,2026-05-11T12:50:58
PTC,2023-01-31,6.14,6.43,6.1,6.24,2627000,psxdata,2026-05-11T12:50:58
PTC,2023-02-01,6.39,6.44,6.2,6.39,941000,psxdata,2026-05-11T12:50:58
PTC,2023-02-02,6.4,6.4,6.2,6.23,415500,psxdata,2026-05-11T12:50:58
PTC,2023-02-03,6.29,6.29,6.09,6.11,330500,psxdata,2026-05-11T12:50:58
PTC,2023-02-06,6.15,6.58,6.1,6.5,5531000,psxdata,2026-05-11T12:50:58
PTC,2023-02-07,6.43,6.58,6.26,6.36,1860000,psxdata,2026-05-11T12:50:58
PTC,2023-02-08,6.36,6.43,6.28,6.41,290000,psxdata,2026-05-11T12:50:58
PTC,2023-02-09,6.44,6.75,6.42,6.61,3197500,psxdata,2026-05-11T12:50:58
PTC,2023-02-10,6.55,6.6,6.35,6.56,1198500,psxdata,2026-05-11T12:50:58
PTC,2023-02-13,6.59,6.74,6.55,6.69,2090500,psxdata,2026-05-11T12:50:58
PTC,2023-02-14,6.59,6.98,6.59,6.71,8028500,psxdata,2026-05-11T12:50:58
PTC,2023-02-15,6.74,6.82,6.15,6.22,3221500,psxdata,2026-05-11T12:50:58
PTC,2023-02-16,6.24,6.3,6.08,6.1,654000,psxdata,2026-05-11T12:50:58
PTC,2023-02-17,6.18,6.18,6.05,6.07,304000,psxdata,2026-05-11T12:50:58
PTC,2023-02-20,6.07,6.07,5.89,5.9,606000,psxdata,2026-05-11T12:50:58
PTC,2023-02-21,5.95,6.2,5.95,6.14,948500,psxdata,2026-05-11T12:50:58
PTC,2023-02-22,6.2,6.2,6.06,6.07,220500,psxdata,2026-05-11T12:50:58
PTC,2023-02-23,6.05,6.1,6.0,6.0,117500,psxdata,2026-05-11T12:50:58
PTC,2023-02-24,6.0,6.02,5.91,5.94,486000,psxdata,2026-05-11T12:50:58
PTC,2023-02-27,6.0,6.06,5.9,5.97,189500,psxdata,2026-05-11T12:50:58
PTC,2023-02-28,5.92,6.0,5.85,5.88,192500,psxdata,2026-05-11T12:50:58
PTC,2023-03-01,5.83,5.9,5.56,5.77,2939000,psxdata,2026-05-11T12:50:58
PTC,2023-03-02,5.78,5.85,5.69,5.71,681000,psxdata,2026-05-11T12:50:58
PTC,2023-03-03,5.69,5.86,5.6,5.71,1799500,psxdata,2026-05-11T12:50:58
PTC,2023-03-06,5.71,6.03,5.71,5.88,1403000,psxdata,2026-05-11T12:50:58
PTC,2023-03-07,5.85,5.95,5.69,5.73,1084500,psxdata,2026-05-11T12:50:58
PTC,2023-03-08,5.75,5.84,5.59,5.63,767000,psxdata,2026-05-11T12:50:58
PTC,2023-03-09,5.7,5.84,5.63,5.79,370500,psxdata,2026-05-11T12:50:58
PTC,2023-03-10,5.88,5.99,5.81,5.88,463000,psxdata,2026-05-11T12:50:58
PTC,2023-03-13,5.98,6.0,5.87,5.89,330000,psxdata,2026-05-11T12:50:58
PTC,2023-03-14,5.89,5.98,5.81,5.83,339000,psxdata,2026-05-11T12:50:58
PTC,2023-03-15,5.8,5.89,5.75,5.79,827500,psxdata,2026-05-11T12:50:58
PTC,2023-03-16,5.75,5.93,5.75,5.84,304500,psxdata,2026-05-11T12:50:58
PTC,2023-03-17,5.86,5.95,5.8,5.82,251500,psxdata,2026-05-11T12:50:58
PTC,2023-03-20,5.8,5.9,5.78,5.85,360500,psxdata,2026-05-11T12:50:58
PTC,2023-03-21,5.83,5.95,5.83,5.84,194000,psxdata,2026-05-11T12:50:58
PTC,2023-03-22,5.9,5.9,5.71,5.74,158500,psxdata,2026-05-11T12:50:58
PTC,2023-03-24,5.8,5.82,5.71,5.72,148000,psxdata,2026-05-11T12:50:58
PTC,2023-03-27,5.7,5.76,5.6,5.62,275000,psxdata,2026-05-11T12:50:58
PTC,2023-03-28,5.69,5.73,5.6,5.61,186500,psxdata,2026-05-11T12:50:58
PTC,2023-03-29,5.66,5.69,5.58,5.61,104500,psxdata,2026-05-11T12:50:58
PTC,2023-03-30,5.61,5.77,5.43,5.62,208500,psxdata,2026-05-11T12:50:58
PTC,2023-03-31,5.61,5.98,5.52,5.84,802000,psxdata,2026-05-11T12:50:58
PTC,2023-04-03,5.65,5.95,5.65,5.79,85500,psxdata,2026-05-11T12:50:58
PTC,2023-04-04,5.8,5.91,5.7,5.73,273500,psxdata,2026-05-11T12:50:58
PTC,2023-04-05,5.71,5.82,5.7,5.75,69500,psxdata,2026-05-11T12:50:58
PTC,2023-04-06,5.73,5.85,5.73,5.84,109000,psxdata,2026-05-11T12:50:58
PTC,2023-04-07,5.84,5.84,5.78,5.8,39000,psxdata,2026-05-11T12:50:58
PTC,2023-04-10,5.8,5.82,5.75,5.75,15000,psxdata,2026-05-11T12:50:58
PTC,2023-04-11,5.8,5.8,5.62,5.7,33500,psxdata,2026-05-11T12:50:58
PTC,2023-04-12,5.7,5.74,5.66,5.67,356500,psxdata,2026-05-11T12:50:58
PTC,2023-04-13,5.75,5.75,5.65,5.67,82000,psxdata,2026-05-11T12:50:58
PTC,2023-04-17,5.66,5.67,5.61,5.63,59000,psxdata,2026-05-11T12:50:58
PTC,2023-04-18,5.7,6.03,5.7,5.88,1367500,psxdata,2026-05-11T12:50:58
PTC,2023-04-19,5.9,5.95,5.81,5.87,173500,psxdata,2026-05-11T12:50:58
PTC,2023-04-20,5.83,5.87,5.75,5.8,356500,psxdata,2026-05-11T12:50:58
PTC,2023-04-26,5.8,5.89,5.78,5.8,751000,psxdata,2026-05-11T12:50:58
PTC,2023-04-27,5.8,6.0,5.8,5.98,1385000,psxdata,2026-05-11T12:50:58
PTC,2023-04-28,5.98,6.15,5.93,5.98,1177000,psxdata,2026-05-11T12:50:58
PTC,2023-05-02,5.98,6.25,5.93,6.14,1486500,psxdata,2026-05-11T12:50:58
PTC,2023-05-03,6.15,6.2,6.1,6.15,725500,psxdata,2026-05-11T12:50:58
PTC,2023-05-04,6.16,6.3,6.0,6.2,1051500,psxdata,2026-05-11T12:50:58
PTC,2023-05-05,6.33,6.33,6.1,6.11,78500,psxdata,2026-05-11T12:50:58
PTC,2023-05-08,6.19,6.19,6.05,6.12,259000,psxdata,2026-05-11T12:50:58
PTC,2023-05-09,6.09,6.1,5.94,6.0,1109500,psxdata,2026-05-11T12:50:58
PTC,2023-05-10,5.91,6.04,5.9,6.0,185500,psxdata,2026-05-11T12:50:58
PTC,2023-05-11,5.97,6.05,5.97,6.02,69500,psxdata,2026-05-11T12:50:58
PTC,2023-05-12,5.93,6.25,5.92,5.99,201500,psxdata,2026-05-11T12:50:58
PTC,2023-05-15,5.9,6.15,5.9,6.12,1888500,psxdata,2026-05-11T12:50:58
PTC,2023-05-16,6.17,6.8,6.17,6.75,15602500,psxdata,2026-05-11T12:50:58
PTC,2023-05-17,6.71,6.9,6.6,6.64,3416500,psxdata,2026-05-11T12:50:58
PTC,2023-05-18,6.7,6.7,6.4,6.51,514000,psxdata,2026-05-11T12:50:58
PTC,2023-05-19,6.54,6.58,6.42,6.5,129500,psxdata,2026-05-11T12:50:58
PTC,2023-05-22,6.45,6.48,6.35,6.39,179500,psxdata,2026-05-11T12:50:58
PTC,2023-05-23,6.32,6.36,6.29,6.31,253500,psxdata,2026-05-11T12:50:58
PTC,2023-05-24,6.31,6.35,6.25,6.26,281500,psxdata,2026-05-11T12:50:58
PTC,2023-05-25,6.26,6.4,6.2,6.3,471500,psxdata,2026-05-11T12:50:58
PTC,2023-05-26,6.25,6.33,6.1,6.2,854000,psxdata,2026-05-11T12:50:58
PTC,2023-05-29,6.3,6.32,6.17,6.23,274500,psxdata,2026-05-11T12:50:58
PTC,2023-05-30,6.23,6.29,6.14,6.22,80500,psxdata,2026-05-11T12:50:58
PTC,2023-05-31,6.24,6.24,6.15,6.15,204500,psxdata,2026-05-11T12:50:58
PTC,2023-06-01,6.16,6.23,6.13,6.14,42000,psxdata,2026-05-11T12:50:58
PTC,2023-06-02,6.2,6.23,6.08,6.09,96000,psxdata,2026-05-11T12:50:58
PTC,2023-06-05,6.12,6.23,6.12,6.2,66500,psxdata,2026-05-11T12:50:58
PTC,2023-06-06,6.16,6.25,6.15,6.21,141000,psxdata,2026-05-11T12:50:58
PTC,2023-06-07,6.26,6.74,6.26,6.34,3196000,psxdata,2026-05-11T12:50:58
PTC,2023-06-08,6.46,6.5,6.27,6.27,401500,psxdata,2026-05-11T12:50:58
PTC,2023-06-09,6.28,6.39,6.2,6.23,311000,psxdata,2026-05-11T12:50:58
PTC,2023-06-12,6.2,6.42,6.2,6.23,197500,psxdata,2026-05-11T12:50:58
PTC,2023-06-13,6.25,6.38,6.05,6.1,317000,psxdata,2026-05-11T12:50:58
PTC,2023-06-14,6.11,6.16,6.06,6.07,681000,psxdata,2026-05-11T12:50:58
PTC,2023-06-15,6.06,6.17,6.05,6.06,371000,psxdata,2026-05-11T12:50:58
PTC,2023-06-16,6.15,6.15,5.97,6.0,859000,psxdata,2026-05-11T12:50:58
PTC,2023-06-19,6.16,6.24,5.95,5.96,89000,psxdata,2026-05-11T12:50:58
PTC,2023-06-20,5.95,6.0,5.95,5.96,197000,psxdata,2026-05-11T12:50:58
PTC,2023-06-21,5.92,6.08,5.9,5.91,160500,psxdata,2026-05-11T12:50:58
PTC,2023-06-22,5.95,6.05,5.86,5.95,161500,psxdata,2026-05-11T12:50:58
PTC,2023-06-23,5.9,5.9,5.75,5.77,287000,psxdata,2026-05-11T12:50:58
PTC,2023-06-26,5.8,6.02,5.8,6.01,174500,psxdata,2026-05-11T12:50:58
PTC,2023-06-27,6.0,6.08,6.0,6.01,192000,psxdata,2026-05-11T12:50:58
PTC,2023-07-03,6.4,6.59,6.12,6.51,2176000,psxdata,2026-05-11T12:50:58
PTC,2023-07-04,6.5,6.5,6.3,6.31,244500,psxdata,2026-05-11T12:50:58
PTC,2023-07-05,6.3,6.4,6.21,6.24,224500,psxdata,2026-05-11T12:50:58
PTC,2023-07-06,6.25,6.7,6.25,6.44,2516000,psxdata,2026-05-11T12:50:58
PTC,2023-07-07,6.41,6.65,6.35,6.37,1012500,psxdata,2026-05-11T12:50:58
PTC,2023-07-10,6.35,6.7,6.35,6.4,3101500,psxdata,2026-05-11T12:50:58
PTC,2023-07-11,6.45,6.67,6.45,6.54,1845000,psxdata,2026-05-11T12:50:58
PTC,2023-07-12,6.44,6.67,6.34,6.42,2839000,psxdata,2026-05-11T12:50:58
PTC,2023-07-13,6.42,6.55,6.35,6.39,2308000,psxdata,2026-05-11T12:50:58
PTC,2023-07-14,6.39,6.5,6.34,6.42,615000,psxdata,2026-05-11T12:50:58
PTC,2023-07-17,6.45,6.7,6.25,6.28,5549500,psxdata,2026-05-11T12:50:58
PTC,2023-07-18,6.29,6.37,6.27,6.31,389000,psxdata,2026-05-11T12:50:58
PTC,2023-07-19,6.3,6.35,6.1,6.13,1083500,psxdata,2026-05-11T12:50:58
PTC,2023-07-20,6.1,6.2,6.05,6.13,997000,psxdata,2026-05-11T12:50:58
PTC,2023-07-21,6.24,6.24,6.04,6.06,3498000,psxdata,2026-05-11T12:50:58
PTC,2023-07-24,6.06,6.2,6.03,6.09,1636000,psxdata,2026-05-11T12:50:58
PTC,2023-07-25,6.15,6.16,6.01,6.09,1381000,psxdata,2026-05-11T12:50:58
PTC,2023-07-26,6.06,6.15,6.05,6.14,1682000,psxdata,2026-05-11T12:50:58
PTC,2023-07-27,6.19,6.25,6.05,6.1,1367500,psxdata,2026-05-11T12:50:58
PTC,2023-07-31,6.18,6.7,6.11,6.51,19492000,psxdata,2026-05-11T12:50:58
PTC,2023-08-01,6.61,6.75,6.41,6.46,7150000,psxdata,2026-05-11T12:50:58
PTC,2023-08-02,6.57,6.6,6.31,6.36,2771000,psxdata,2026-05-11T12:50:58
PTC,2023-08-03,6.47,6.5,6.22,6.25,2109000,psxdata,2026-05-11T12:50:58
PTC,2023-08-04,6.24,6.33,6.17,6.21,437000,psxdata,2026-05-11T12:50:58
PTC,2023-08-07,6.25,6.33,6.11,6.13,918500,psxdata,2026-05-11T12:50:58
PTC,2023-08-08,6.13,6.2,6.0,6.01,1479500,psxdata,2026-05-11T12:50:58
PTC,2023-08-09,6.19,6.19,6.0,6.08,556500,psxdata,2026-05-11T12:50:58
PTC,2023-08-10,6.15,6.15,5.95,5.99,898500,psxdata,2026-05-11T12:50:58
PTC,2023-08-11,5.91,6.15,5.91,6.09,340500,psxdata,2026-05-11T12:50:58
PTC,2023-08-15,6.08,6.49,6.05,6.25,2229000,psxdata,2026-05-11T12:50:58
PTC,2023-08-16,6.24,6.28,6.05,6.06,1249500,psxdata,2026-05-11T12:50:58
PTC,2023-08-17,6.05,6.16,6.0,6.01,1094000,psxdata,2026-05-11T12:50:58
PTC,2023-08-18,6.03,6.15,6.0,6.04,1527000,psxdata,2026-05-11T12:50:58
PTC,2023-08-21,6.03,6.12,5.95,5.96,590500,psxdata,2026-05-11T12:50:58
PTC,2023-08-22,6.0,6.13,6.0,6.09,997500,psxdata,2026-05-11T12:50:58
PTC,2023-08-23,6.03,6.15,5.95,5.97,421000,psxdata,2026-05-11T12:50:58
PTC,2023-08-24,5.97,6.04,5.95,5.97,68000,psxdata,2026-05-11T12:50:58
PTC,2023-08-25,6.05,6.1,5.85,5.9,410500,psxdata,2026-05-11T12:50:58
PTC,2023-08-28,5.93,5.98,5.85,5.86,199000,psxdata,2026-05-11T12:50:58
PTC,2023-08-29,5.89,5.96,5.77,5.79,295500,psxdata,2026-05-11T12:50:58
PTC,2023-08-30,5.95,5.95,5.63,5.69,4102500,psxdata,2026-05-11T12:50:58
PTC,2023-08-31,5.79,5.87,5.58,5.71,2944000,psxdata,2026-05-11T12:50:58
PTC,2023-09-01,5.69,5.88,5.65,5.86,218000,psxdata,2026-05-11T12:50:58
PTC,2023-09-04,5.85,5.86,5.78,5.79,55000,psxdata,2026-05-11T12:50:58
PTC,2023-09-05,5.79,5.81,5.64,5.7,378000,psxdata,2026-05-11T12:50:58
PTC,2023-09-06,5.7,5.75,5.62,5.72,310500,psxdata,2026-05-11T12:50:58
PTC,2023-09-07,5.75,5.77,5.65,5.69,410500,psxdata,2026-05-11T12:50:58
PTC,2023-09-08,5.75,5.75,5.65,5.67,747500,psxdata,2026-05-11T12:50:58
PTC,2023-09-11,5.66,5.74,5.63,5.68,145500,psxdata,2026-05-11T12:50:58
PTC,2023-09-12,5.64,5.7,5.56,5.62,712000,psxdata,2026-05-11T12:50:58
PTC,2023-09-13,5.61,5.68,5.58,5.62,56500,psxdata,2026-05-11T12:50:58
PTC,2023-09-14,5.7,5.7,5.63,5.65,37000,psxdata,2026-05-11T12:50:58
PTC,2023-09-15,5.61,5.7,5.61,5.65,76500,psxdata,2026-05-11T12:50:58
PTC,2023-09-18,5.62,5.64,5.6,5.63,120500,psxdata,2026-05-11T12:50:58
PTC,2023-09-19,5.66,5.7,5.6,5.63,218500,psxdata,2026-05-11T12:50:58
PTC,2023-09-20,5.63,5.64,5.57,5.59,288500,psxdata,2026-05-11T12:50:58
PTC,2023-09-21,5.56,5.65,5.53,5.65,139500,psxdata,2026-05-11T12:50:58
PTC,2023-09-22,5.65,5.69,5.62,5.64,376000,psxdata,2026-05-11T12:50:58
PTC,2023-09-25,5.7,5.76,5.65,5.74,228000,psxdata,2026-05-11T12:50:58
PTC,2023-09-26,5.79,5.95,5.75,5.88,912000,psxdata,2026-05-11T12:50:58
PTC,2023-09-27,5.85,5.89,5.81,5.88,112500,psxdata,2026-05-11T12:50:58
PTC,2023-09-28,5.81,6.1,5.8,5.96,2208500,psxdata,2026-05-11T12:50:58
PTC,2023-10-02,5.9,6.0,5.83,5.85,2511500,psxdata,2026-05-11T12:50:58
PTC,2023-10-03,5.85,5.85,5.74,5.75,590000,psxdata,2026-05-11T12:50:58
PTC,2023-10-04,5.73,5.78,5.71,5.72,688500,psxdata,2026-05-11T12:50:58
PTC,2023-10-05,5.71,5.93,5.71,5.81,1294500,psxdata,2026-05-11T12:50:58
PTC,2023-10-06,5.85,5.93,5.82,5.91,495500,psxdata,2026-05-11T12:50:58
PTC,2023-10-09,5.8,5.97,5.8,5.81,209500,psxdata,2026-05-11T12:50:58
PTC,2023-10-10,5.79,6.13,5.79,6.09,1936500,psxdata,2026-05-11T12:50:58
PTC,2023-10-11,6.08,6.26,6.01,6.25,3045500,psxdata,2026-05-11T12:50:58
PTC,2023-10-12,6.2,6.25,6.12,6.2,874000,psxdata,2026-05-11T12:50:58
PTC,2023-10-13,6.25,7.2,6.25,7.12,48393000,psxdata,2026-05-11T12:50:58
PTC,2023-10-16,7.44,7.45,6.75,6.95,22603000,psxdata,2026-05-11T12:50:58
PTC,2023-10-17,6.95,6.96,6.7,6.77,6188000,psxdata,2026-05-11T12:50:58
PTC,2023-10-18,6.7,6.9,6.62,6.78,3043500,psxdata,2026-05-11T12:50:58
PTC,2023-10-19,6.8,6.85,6.59,6.65,1231000,psxdata,2026-05-11T12:50:58
PTC,2023-10-20,6.67,6.72,6.56,6.58,1904500,psxdata,2026-05-11T12:50:58
PTC,2023-10-23,6.72,6.8,6.61,6.72,1814000,psxdata,2026-05-11T12:50:58
PTC,2023-10-24,6.72,6.87,6.67,6.71,2423500,psxdata,2026-05-11T12:50:58
PTC,2023-10-25,6.8,6.8,6.67,6.74,4820500,psxdata,2026-05-11T12:50:58
PTC,2023-10-26,6.74,6.8,6.68,6.7,1392500,psxdata,2026-05-11T12:50:58
PTC,2023-10-27,6.66,6.75,6.53,6.63,2113500,psxdata,2026-05-11T12:50:58
PTC,2023-10-30,6.61,6.8,6.58,6.7,1071500,psxdata,2026-05-11T12:50:58
PTC,2023-10-31,6.62,6.8,6.53,6.76,589000,psxdata,2026-05-11T12:50:58
PTC,2023-11-01,6.75,6.82,6.67,6.71,534000,psxdata,2026-05-11T12:50:58
PTC,2023-11-02,6.72,7.1,6.71,6.8,5154000,psxdata,2026-05-11T12:50:58
PTC,2023-11-03,6.77,6.93,6.76,6.82,768000,psxdata,2026-05-11T12:50:58
PTC,2023-11-06,6.98,7.08,6.83,6.95,980000,psxdata,2026-05-11T12:50:58
PTC,2023-11-07,7.0,7.03,6.73,6.76,1202000,psxdata,2026-05-11T12:50:58
PTC,2023-11-08,6.89,7.26,6.73,7.05,5899500,psxdata,2026-05-11T12:50:58
PTC,2023-11-10,7.1,7.2,7.0,7.01,3103000,psxdata,2026-05-11T12:50:58
PTC,2023-11-13,7.0,7.15,7.0,7.05,834000,psxdata,2026-05-11T12:50:58
PTC,2023-11-14,7.12,7.12,6.9,6.93,1710500,psxdata,2026-05-11T12:50:58
PTC,2023-11-15,7.0,7.2,6.9,7.14,2643000,psxdata,2026-05-11T12:50:58
PTC,2023-11-16,7.1,7.2,7.08,7.12,2093500,psxdata,2026-05-11T12:50:58
PTC,2023-11-17,7.18,7.6,7.09,7.32,12445000,psxdata,2026-05-11T12:50:58
PTC,2023-11-20,7.36,7.5,7.21,7.3,6718500,psxdata,2026-05-11T12:50:58
PTC,2023-11-21,7.29,7.6,7.06,7.21,7878500,psxdata,2026-05-11T12:50:58
PTC,2023-11-22,7.2,7.44,7.11,7.3,1908500,psxdata,2026-05-11T12:50:58
PTC,2023-11-23,7.35,7.7,7.35,7.38,7236000,psxdata,2026-05-11T12:50:58
PTC,2023-11-24,7.44,7.51,7.25,7.27,2023000,psxdata,2026-05-11T12:50:58
PTC,2023-11-27,7.25,7.45,7.19,7.26,2965000,psxdata,2026-05-11T12:50:58
PTC,2023-11-28,7.34,7.45,7.25,7.26,1675500,psxdata,2026-05-11T12:50:58
PTC,2023-11-29,7.25,7.45,6.8,6.94,6720000,psxdata,2026-05-11T12:50:58
PTC,2023-11-30,6.99,7.06,6.84,7.0,3493500,psxdata,2026-05-11T12:50:58
PTC,2023-12-01,7.0,7.34,6.97,7.17,8092000,psxdata,2026-05-11T12:50:58
PTC,2023-12-04,7.25,7.99,7.25,7.89,21755000,psxdata,2026-05-11T12:50:58
PTC,2023-12-05,8.0,8.47,7.95,8.07,36098500,psxdata,2026-05-11T12:50:58
PTC,2023-12-06,8.19,8.26,8.05,8.13,6827500,psxdata,2026-05-11T12:50:58
PTC,2023-12-07,8.25,9.13,8.25,8.72,43233500,psxdata,2026-05-11T12:50:58
PTC,2023-12-08,8.79,9.72,8.54,9.65,58736500,psxdata,2026-05-11T12:50:58
PTC,2023-12-11,9.7,10.32,9.45,10.15,63835000,psxdata,2026-05-11T12:50:58
PTC,2023-12-12,10.25,11.13,10.1,11.01,79248000,psxdata,2026-05-11T12:50:58
PTC,2023-12-13,11.35,12.01,11.3,12.01,62457500,psxdata,2026-05-11T12:50:58
PTC,2023-12-14,13.01,13.01,13.01,13.01,1854500,psxdata,2026-05-11T12:50:58
PTC,2023-12-15,14.01,14.01,14.01,14.01,706500,psxdata,2026-05-11T12:50:58
PTC,2023-12-18,15.06,15.06,14.03,15.06,70521500,psxdata,2026-05-11T12:50:58
PTC,2023-12-19,15.95,16.19,14.3,15.07,74078000,psxdata,2026-05-11T12:50:58
PTC,2023-12-20,15.1,15.5,13.94,13.94,26220000,psxdata,2026-05-11T12:50:58
PTC,2023-12-21,13.57,14.55,12.89,14.25,45165500,psxdata,2026-05-11T12:50:58
PTC,2023-12-22,14.3,14.61,13.18,13.21,20638500,psxdata,2026-05-11T12:50:58
PTC,2023-12-26,12.9,12.9,12.21,12.21,13250000,psxdata,2026-05-11T12:50:58
PTC,2023-12-27,11.52,12.7,11.21,12.25,55426000,psxdata,2026-05-11T12:50:58
PTC,2023-12-28,12.6,12.85,11.65,11.92,26047500,psxdata,2026-05-11T12:50:58
PTC,2023-12-29,12.06,12.45,11.25,12.23,16151500,psxdata,2026-05-11T12:50:58
PTC,2024-01-01,12.31,13.1,12.31,12.94,19491500,psxdata,2026-05-11T12:50:58
PTC,2024-01-02,13.18,13.24,12.4,12.75,27349500,psxdata,2026-05-11T12:50:58
PTC,2024-01-03,13.0,13.75,12.67,13.49,50431000,psxdata,2026-05-11T12:50:58
PTC,2024-01-04,13.3,13.5,12.9,13.24,14653000,psxdata,2026-05-11T12:50:58
PTC,2024-01-05,13.29,13.75,12.7,13.18,25557791,psxdata,2026-05-11T12:50:58
PTC,2024-01-08,13.23,13.63,12.76,12.88,17773928,psxdata,2026-05-11T12:50:58
PTC,2024-01-09,12.99,13.14,12.22,12.34,11368958,psxdata,2026-05-11T12:50:58
PTC,2024-01-10,12.3,12.67,11.8,12.45,13995613,psxdata,2026-05-11T12:50:58
PTC,2024-01-11,12.5,12.73,12.3,12.46,7700601,psxdata,2026-05-11T12:50:58
PTC,2024-01-12,12.65,13.15,12.47,12.64,23129261,psxdata,2026-05-11T12:50:58
PTC,2024-01-15,12.8,12.99,12.42,12.57,8039388,psxdata,2026-05-11T12:50:58
PTC,2024-01-16,12.49,13.57,12.49,13.57,48565635,psxdata,2026-05-11T12:50:58
PTC,2024-01-17,13.5,14.4,13.42,14.02,45978785,psxdata,2026-05-11T12:50:58
PTC,2024-01-18,13.9,14.43,13.2,14.26,25690390,psxdata,2026-05-11T12:50:58
PTC,2024-01-19,14.35,14.39,13.71,13.83,14161766,psxdata,2026-05-11T12:50:58
PTC,2024-01-22,13.71,13.92,13.25,13.47,4576537,psxdata,2026-05-11T12:50:58
PTC,2024-01-23,13.65,14.15,13.6,13.68,18157298,psxdata,2026-05-11T12:50:58
PTC,2024-01-24,13.67,13.94,13.2,13.37,13621020,psxdata,2026-05-11T12:50:58
PTC,2024-01-25,13.41,13.53,12.6,12.77,9639224,psxdata,2026-05-11T12:50:58
PTC,2024-01-26,12.6,13.0,12.3,12.41,11459261,psxdata,2026-05-11T12:50:58
PTC,2024-01-29,12.41,12.5,11.41,11.41,15873772,psxdata,2026-05-11T12:50:58
PTC,2024-01-30,11.5,11.84,10.41,10.53,23674665,psxdata,2026-05-11T12:50:58
PTC,2024-01-31,10.56,10.85,10.35,10.45,6751457,psxdata,2026-05-11T12:50:58
PTC,2024-02-01,10.55,10.66,10.46,10.56,2544796,psxdata,2026-05-11T12:50:58
PTC,2024-02-02,10.54,11.09,10.53,10.91,8730405,psxdata,2026-05-11T12:50:58
PTC,2024-02-06,10.8,11.2,10.8,11.02,2842875,psxdata,2026-05-11T12:50:58
PTC,2024-02-07,11.06,11.35,11.06,11.17,3411843,psxdata,2026-05-11T12:50:58
PTC,2024-02-09,10.99,11.19,10.26,11.06,6854953,psxdata,2026-05-11T12:50:58
PTC,2024-02-12,11.19,11.19,10.06,10.07,9461003,psxdata,2026-05-11T12:50:58
PTC,2024-02-13,9.9,10.49,9.32,9.63,11198165,psxdata,2026-05-11T12:50:58
PTC,2024-02-14,9.8,9.98,9.66,9.77,7162052,psxdata,2026-05-11T12:50:58
PTC,2024-02-15,9.83,10.19,9.5,9.57,10504476,psxdata,2026-05-11T12:50:58
PTC,2024-02-16,9.57,9.75,8.9,9.14,6238638,psxdata,2026-05-11T12:50:58
PTC,2024-02-19,9.02,9.7,8.75,9.63,5943195,psxdata,2026-05-11T12:50:58
PTC,2024-02-20,9.71,9.88,9.3,9.48,3837468,psxdata,2026-05-11T12:50:58
PTC,2024-02-21,9.77,9.84,9.22,9.49,3338664,psxdata,2026-05-11T12:50:58
PTC,2024-02-22,9.49,9.85,9.45,9.55,3685279,psxdata,2026-05-11T12:50:58
PTC,2024-02-23,9.52,10.55,9.41,10.48,15473285,psxdata,2026-05-11T12:50:58
PTC,2024-02-26,10.55,11.3,10.55,10.78,10095530,psxdata,2026-05-11T12:50:58
PTC,2024-02-27,10.81,10.86,10.5,10.53,3647356,psxdata,2026-05-11T12:50:58
PTC,2024-02-28,10.55,11.32,10.33,11.07,11661085,psxdata,2026-05-11T12:50:58
PTC,2024-02-29,11.15,11.34,10.82,10.96,5999641,psxdata,2026-05-11T12:50:58
PTC,2024-03-01,11.1,11.55,10.7,11.39,6896425,psxdata,2026-05-11T12:50:58
PTC,2024-03-04,11.52,12.39,11.12,12.08,23412888,psxdata,2026-05-11T12:50:58
PTC,2024-03-05,12.22,12.9,12.06,12.22,24851077,psxdata,2026-05-11T12:50:58
PTC,2024-03-06,12.25,12.7,12.01,12.1,6968493,psxdata,2026-05-11T12:50:58
PTC,2024-03-07,12.07,12.39,11.81,12.1,6433277,psxdata,2026-05-11T12:50:58
PTC,2024-03-08,12.35,12.55,12.03,12.21,6240688,psxdata,2026-05-11T12:50:58
PTC,2024-03-11,12.4,13.21,12.31,13.2,26435903,psxdata,2026-05-11T12:50:58
PTC,2024-03-12,13.45,13.68,12.75,12.9,18051998,psxdata,2026-05-11T12:50:58
PTC,2024-03-13,12.9,13.17,12.45,12.59,8779590,psxdata,2026-05-11T12:50:58
PTC,2024-03-14,12.73,13.59,12.73,13.54,11250475,psxdata,2026-05-11T12:50:58
PTC,2024-03-15,13.58,13.8,13.08,13.19,6334062,psxdata,2026-05-11T12:50:58
PTC,2024-03-18,13.05,14.19,13.05,14.19,13816469,psxdata,2026-05-11T12:50:58
PTC,2024-03-19,14.51,15.25,14.5,15.25,5139518,psxdata,2026-05-11T12:50:58
PTC,2024-03-20,16.39,16.39,16.39,16.39,1670921,psxdata,2026-05-11T12:50:58
PTC,2024-03-21,17.61,17.62,15.27,15.84,52898951,psxdata,2026-05-11T12:50:58
PTC,2024-03-22,15.94,15.94,14.65,14.65,10930294,psxdata,2026-05-11T12:50:58
PTC,2024-03-25,14.3,15.75,14.06,15.7,27177895,psxdata,2026-05-11T12:50:58
PTC,2024-03-26,15.25,16.5,15.02,16.1,28146003,psxdata,2026-05-11T12:50:58
PTC,2024-03-27,16.21,17.31,16.21,17.31,24701735,psxdata,2026-05-11T12:50:58
PTC,2024-03-28,18.61,18.61,17.81,18.42,55715919,psxdata,2026-05-11T12:50:58
PTC,2024-03-29,17.88,18.6,17.19,18.27,32214179,psxdata,2026-05-11T12:50:58
PTC,2024-04-01,18.49,18.49,16.9,16.94,21231631,psxdata,2026-05-11T12:50:58
PTC,2024-04-02,16.61,16.98,15.8,16.46,27131713,psxdata,2026-05-11T12:50:58
PTC,2024-04-03,16.8,17.09,16.21,16.37,10602024,psxdata,2026-05-11T12:50:58
PTC,2024-04-04,16.5,16.69,15.8,16.19,15054641,psxdata,2026-05-11T12:50:58
PTC,2024-04-08,16.99,17.4,16.31,17.02,33757114,psxdata,2026-05-11T12:50:58
PTC,2024-04-09,17.0,17.2,16.42,16.72,11252126,psxdata,2026-05-11T12:50:58
PTC,2024-04-15,16.49,16.9,16.26,16.59,12721103,psxdata,2026-05-11T12:50:58
PTC,2024-04-16,16.6,16.83,16.05,16.11,7263191,psxdata,2026-05-11T12:50:58
PTC,2024-04-17,16.24,16.66,16.02,16.15,9690272,psxdata,2026-05-11T12:50:58
PTC,2024-04-18,16.2,16.35,14.94,15.13,24397248,psxdata,2026-05-11T12:50:58
PTC,2024-04-19,14.75,15.29,14.4,14.72,10174902,psxdata,2026-05-11T12:50:58
PTC,2024-04-22,14.71,15.82,14.61,15.54,18991406,psxdata,2026-05-11T12:50:58
PTC,2024-04-23,15.5,15.9,14.81,14.96,5612166,psxdata,2026-05-11T12:50:58
PTC,2024-04-24,15.1,15.15,14.45,14.59,7300282,psxdata,2026-05-11T12:50:58
PTC,2024-04-25,14.69,15.08,14.55,14.74,8231079,psxdata,2026-05-11T12:50:58
PTC,2024-04-26,14.92,14.92,14.45,14.59,5742481,psxdata,2026-05-11T12:50:58
PTC,2024-04-29,14.75,15.02,14.3,14.41,8846204,psxdata,2026-05-11T12:50:58
PTC,2024-04-30,14.35,14.65,14.03,14.09,3588690,psxdata,2026-05-11T12:50:58
PTC,2024-05-02,14.29,14.29,13.03,13.06,9256013,psxdata,2026-05-11T12:50:58
PTC,2024-05-03,13.07,13.43,13.02,13.38,3861610,psxdata,2026-05-11T12:50:58
PTC,2024-05-06,13.64,14.38,13.64,14.33,14068830,psxdata,2026-05-11T12:50:58
PTC,2024-05-07,13.9,14.24,13.65,13.84,8897338,psxdata,2026-05-11T12:50:58
PTC,2024-05-08,14.0,14.1,13.5,13.56,4675410,psxdata,2026-05-11T12:50:58
PTC,2024-05-09,13.62,14.31,13.5,13.95,9395555,psxdata,2026-05-11T12:50:58
PTC,2024-05-10,13.91,15.0,13.91,14.67,20152162,psxdata,2026-05-11T12:50:58
PTC,2024-05-13,14.99,14.99,14.37,14.48,3330582,psxdata,2026-05-11T12:50:58
PTC,2024-05-14,14.59,14.65,14.07,14.17,2627454,psxdata,2026-05-11T12:50:58
PTC,2024-05-15,14.2,14.47,13.9,13.99,5003551,psxdata,2026-05-11T12:50:58
PTC,2024-05-16,14.19,14.39,13.55,14.03,2527186,psxdata,2026-05-11T12:50:58
PTC,2024-05-17,13.9,14.2,13.9,13.92,1057785,psxdata,2026-05-11T12:50:58
PTC,2024-05-20,13.72,14.05,13.7,13.91,1992126,psxdata,2026-05-11T12:50:58
PTC,2024-05-21,13.81,14.75,13.8,14.45,13482176,psxdata,2026-05-11T12:50:58
PTC,2024-05-22,14.45,14.55,13.9,13.99,2896984,psxdata,2026-05-11T12:50:58
PTC,2024-05-23,13.85,14.2,13.75,14.07,2130108,psxdata,2026-05-11T12:50:58
PTC,2024-05-24,13.94,14.16,13.85,14.01,896284,psxdata,2026-05-11T12:50:58
PTC,2024-05-27,14.03,14.16,13.81,14.01,2603226,psxdata,2026-05-11T12:50:58
PTC,2024-05-29,14.2,14.2,13.6,13.72,4015656,psxdata,2026-05-11T12:50:58
PTC,2024-05-30,13.79,13.9,13.64,13.77,1795361,psxdata,2026-05-11T12:50:58
PTC,2024-05-31,13.79,14.02,13.51,13.94,3795994,psxdata,2026-05-11T12:50:58
PTC,2024-06-03,13.81,14.35,13.8,14.08,3545557,psxdata,2026-05-11T12:50:58
PTC,2024-06-04,14.1,14.1,13.7,13.75,2583245,psxdata,2026-05-11T12:50:58
PTC,2024-06-05,13.93,13.93,13.55,13.65,2651723,psxdata,2026-05-11T12:50:58
PTC,2024-06-06,13.73,13.73,13.01,13.23,1198962,psxdata,2026-05-11T12:50:58
PTC,2024-06-07,13.25,13.25,12.7,13.04,2773228,psxdata,2026-05-11T12:50:58
PTC,2024-06-10,13.16,13.16,12.37,12.54,1330250,psxdata,2026-05-11T12:50:58
PTC,2024-06-11,12.8,12.8,11.66,11.9,3991148,psxdata,2026-05-11T12:50:58
PTC,2024-06-12,11.88,12.3,11.6,12.19,2140163,psxdata,2026-05-11T12:50:58
PTC,2024-06-13,12.28,13.23,12.05,13.08,5626000,psxdata,2026-05-11T12:50:58
PTC,2024-06-14,12.8,13.18,12.0,12.06,7152021,psxdata,2026-05-11T12:50:58
PTC,2024-06-20,12.06,12.32,12.05,12.22,1403018,psxdata,2026-05-11T12:50:58
PTC,2024-06-21,12.32,12.39,12.14,12.29,1368799,psxdata,2026-05-11T12:50:58
PTC,2024-06-24,12.3,12.38,12.1,12.15,966683,psxdata,2026-05-11T12:50:58
PTC,2024-06-25,12.03,12.17,11.85,11.94,985792,psxdata,2026-05-11T12:50:58
PTC,2024-06-26,12.09,12.1,11.48,11.6,2333571,psxdata,2026-05-11T12:50:58
PTC,2024-06-27,11.7,11.95,10.85,11.01,12361457,psxdata,2026-05-11T12:50:58
PTC,2024-06-28,11.49,12.01,11.0,12.01,70992434,psxdata,2026-05-11T12:50:58
PTC,2024-07-01,12.17,12.9,12.05,12.65,30206071,psxdata,2026-05-11T12:50:58
PTC,2024-07-02,12.77,12.93,12.48,12.63,13241410,psxdata,2026-05-11T12:50:58
PTC,2024-07-03,12.7,12.73,12.3,12.37,7296389,psxdata,2026-05-11T12:50:58
PTC,2024-07-04,12.5,12.87,12.32,12.37,11832711,psxdata,2026-05-11T12:50:58
PTC,2024-07-05,12.34,12.7,12.32,12.43,6754595,psxdata,2026-05-11T12:50:58
PTC,2024-07-08,12.56,12.9,12.35,12.68,6511831,psxdata,2026-05-11T12:50:58
PTC,2024-07-09,12.72,13.56,12.52,13.13,17895384,psxdata,2026-05-11T12:50:58
PTC,2024-07-10,13.25,13.35,12.55,12.69,11175103,psxdata,2026-05-11T12:50:58
PTC,2024-07-11,12.6,12.84,12.4,12.57,5129704,psxdata,2026-05-11T12:50:58
PTC,2024-07-12,12.68,13.06,11.92,12.95,8856632,psxdata,2026-05-11T12:50:58
PTC,2024-07-15,12.95,13.43,12.95,13.01,8852269,psxdata,2026-05-11T12:50:58
PTC,2024-07-18,13.15,14.1,13.02,13.7,25028450,psxdata,2026-05-11T12:50:58
PTC,2024-07-19,13.72,13.79,12.8,12.93,9509676,psxdata,2026-05-11T12:50:58
PTC,2024-07-22,12.98,12.99,12.4,12.47,2981630,psxdata,2026-05-11T12:50:58
PTC,2024-07-23,12.42,12.9,12.42,12.6,2412593,psxdata,2026-05-11T12:50:58
PTC,2024-07-24,12.6,12.88,12.41,12.52,2632938,psxdata,2026-05-11T12:50:58
PTC,2024-07-25,12.6,12.69,12.36,12.41,1427639,psxdata,2026-05-11T12:50:58
PTC,2024-07-26,12.5,12.5,11.91,12.1,4528573,psxdata,2026-05-11T12:50:58
PTC,2024-07-29,12.1,12.5,12.05,12.27,5845036,psxdata,2026-05-11T12:50:58
PTC,2024-07-30,12.27,12.39,12.1,12.31,2023054,psxdata,2026-05-11T12:50:58
PTC,2024-07-31,12.25,12.25,11.8,11.89,2453797,psxdata,2026-05-11T12:50:58
PTC,2024-08-01,12.0,12.17,11.62,12.06,1813570,psxdata,2026-05-11T12:50:58
PTC,2024-08-02,12.18,12.2,11.96,12.01,2239514,psxdata,2026-05-11T12:50:58
PTC,2024-08-05,12.18,12.18,11.71,11.78,2950701,psxdata,2026-05-11T12:50:58
PTC,2024-08-06,11.9,12.24,11.75,11.84,5650129,psxdata,2026-05-11T12:50:58
PTC,2024-08-07,11.98,12.25,11.79,12.16,2212986,psxdata,2026-05-11T12:50:58
PTC,2024-08-08,12.2,12.25,11.8,11.86,2657156,psxdata,2026-05-11T12:50:58
PTC,2024-08-09,11.95,12.05,11.7,11.75,1519919,psxdata,2026-05-11T12:50:58
PTC,2024-08-12,11.75,11.95,11.61,11.67,1384559,psxdata,2026-05-11T12:50:58
PTC,2024-08-13,11.8,11.8,11.33,11.43,7758704,psxdata,2026-05-11T12:50:58
PTC,2024-08-15,11.5,12.57,11.4,12.57,14249013,psxdata,2026-05-11T12:50:58
PTC,2024-08-16,12.6,13.4,12.22,12.42,21231669,psxdata,2026-05-11T12:50:58
PTC,2024-08-19,12.48,12.58,11.88,11.96,3613704,psxdata,2026-05-11T12:50:58
PTC,2024-08-20,12.05,12.89,11.78,12.56,8449355,psxdata,2026-05-11T12:50:58
PTC,2024-08-21,12.92,13.82,12.76,13.44,33657902,psxdata,2026-05-11T12:50:58
PTC,2024-08-22,13.49,13.49,12.86,12.96,7407687,psxdata,2026-05-11T12:50:58
PTC,2024-08-23,12.95,13.24,12.65,12.71,5576890,psxdata,2026-05-11T12:50:58
PTC,2024-08-26,12.8,12.86,12.4,12.55,2463954,psxdata,2026-05-11T12:50:58
PTC,2024-08-27,12.63,12.99,12.38,12.83,3760812,psxdata,2026-05-11T12:50:58
PTC,2024-08-28,12.89,12.89,12.33,12.39,5707363,psxdata,2026-05-11T12:50:58
PTC,2024-08-29,12.33,12.53,12.02,12.08,4445833,psxdata,2026-05-11T12:50:58
PTC,2024-08-30,12.11,12.49,12.02,12.22,3845740,psxdata,2026-05-11T12:50:58
PTC,2024-09-02,12.25,12.31,11.9,11.95,1572806,psxdata,2026-05-11T12:50:58
PTC,2024-09-03,11.81,12.1,11.81,11.96,1237071,psxdata,2026-05-11T12:50:58
PTC,2024-09-04,11.9,12.28,11.9,11.99,1745863,psxdata,2026-05-11T12:50:58
PTC,2024-09-05,11.91,12.1,11.84,11.92,10143776,psxdata,2026-05-11T12:50:58
PTC,2024-09-06,11.81,12.16,11.8,11.85,1432838,psxdata,2026-05-11T12:50:58
PTC,2024-09-09,11.95,11.95,11.61,11.73,1438301,psxdata,2026-05-11T12:50:58
PTC,2024-09-10,11.7,12.02,11.7,11.97,1210475,psxdata,2026-05-11T12:50:58
PTC,2024-09-11,12.1,12.1,11.77,11.8,921706,psxdata,2026-05-11T12:50:58
PTC,2024-09-12,11.88,12.2,11.85,12.1,1719441,psxdata,2026-05-11T12:50:58
PTC,2024-09-13,12.1,12.45,11.9,11.94,2541017,psxdata,2026-05-11T12:50:58
PTC,2024-09-16,11.94,11.99,11.47,11.57,3264720,psxdata,2026-05-11T12:50:58
PTC,2024-09-18,11.41,11.69,11.41,11.5,1270067,psxdata,2026-05-11T12:50:58
PTC,2024-09-19,11.5,11.68,11.02,11.13,2448560,psxdata,2026-05-11T12:50:58
PTC,2024-09-20,11.15,11.2,10.95,11.09,2185633,psxdata,2026-05-11T12:50:58
PTC,2024-09-23,11.05,11.61,11.05,11.49,2788590,psxdata,2026-05-11T12:50:58
PTC,2024-09-24,11.4,11.9,11.4,11.6,3246037,psxdata,2026-05-11T12:50:58
PTC,2024-09-25,11.6,11.99,11.55,11.82,2677876,psxdata,2026-05-11T12:50:58
PTC,2024-09-26,11.9,12.2,11.5,11.6,4201557,psxdata,2026-05-11T12:50:58
PTC,2024-09-27,11.75,11.94,11.41,11.56,3236509,psxdata,2026-05-11T12:50:58
PTC,2024-09-30,11.57,11.7,11.21,11.28,2139527,psxdata,2026-05-11T12:50:58
PTC,2024-10-01,11.31,12.0,11.3,11.84,2345683,psxdata,2026-05-11T12:50:58
PTC,2024-10-02,11.9,12.4,11.8,11.88,6088688,psxdata,2026-05-11T12:50:58
PTC,2024-10-03,11.99,12.19,11.9,12.09,2843550,psxdata,2026-05-11T12:50:58
PTC,2024-10-04,12.0,12.18,11.82,11.95,2009032,psxdata,2026-05-11T12:50:58
PTC,2024-10-07,11.95,12.11,11.86,11.91,1245315,psxdata,2026-05-11T12:50:58
PTC,2024-10-08,11.95,12.3,11.9,12.05,5249009,psxdata,2026-05-11T12:50:58
PTC,2024-10-09,12.19,13.26,12.15,13.2,32226119,psxdata,2026-05-11T12:50:58
PTC,2024-10-10,13.48,14.52,13.18,14.52,52237770,psxdata,2026-05-11T12:50:58
PTC,2024-10-11,14.75,15.97,13.96,15.7,51351566,psxdata,2026-05-11T12:50:58
PTC,2024-10-14,15.79,16.6,15.21,15.37,21007202,psxdata,2026-05-11T12:50:58
PTC,2024-10-15,15.0,16.5,14.11,15.73,37868367,psxdata,2026-05-11T12:50:58
PTC,2024-10-16,15.8,16.35,15.4,15.57,11308243,psxdata,2026-05-11T12:50:58
PTC,2024-10-17,15.52,15.7,14.75,15.13,11331562,psxdata,2026-05-11T12:50:58
PTC,2024-10-18,15.09,15.49,14.75,14.88,6633627,psxdata,2026-05-11T12:50:58
PTC,2024-10-21,14.88,16.03,14.6,15.8,17522926,psxdata,2026-05-11T12:50:58
PTC,2024-10-22,15.9,16.3,15.6,15.66,12154255,psxdata,2026-05-11T12:50:58
PTC,2024-10-23,15.7,16.1,15.56,15.78,11046826,psxdata,2026-05-11T12:50:58
PTC,2024-10-24,15.88,16.9,15.72,16.76,41105281,psxdata,2026-05-11T12:50:58
PTC,2024-10-25,17.0,17.34,16.15,16.26,19733585,psxdata,2026-05-11T12:50:58
PTC,2024-10-28,16.0,16.54,15.45,15.58,10312776,psxdata,2026-05-11T12:50:58
PTC,2024-10-29,15.7,15.94,14.97,15.01,6169955,psxdata,2026-05-11T12:50:58
PTC,2024-10-30,15.01,15.59,14.86,15.08,6726259,psxdata,2026-05-11T12:50:58
PTC,2024-10-31,15.3,15.6,14.51,14.64,10098500,psxdata,2026-05-11T12:50:58
PTC,2024-11-01,14.9,15.1,14.51,14.98,6699501,psxdata,2026-05-11T12:50:58
PTC,2024-11-04,15.15,15.3,14.82,15.2,5793295,psxdata,2026-05-11T12:50:58
PTC,2024-11-05,15.49,16.72,15.21,16.5,27225611,psxdata,2026-05-11T12:50:58
PTC,2024-11-06,16.7,17.07,16.01,16.17,10111353,psxdata,2026-05-11T12:50:58
PTC,2024-11-07,16.17,16.55,16.01,16.11,3179161,psxdata,2026-05-11T12:50:58
PTC,2024-11-08,16.1,16.7,16.1,16.28,4696552,psxdata,2026-05-11T12:50:58
PTC,2024-11-11,16.35,16.7,15.95,16.09,6589635,psxdata,2026-05-11T12:50:58
PTC,2024-11-12,16.11,16.75,15.5,16.0,13276673,psxdata,2026-05-11T12:50:58
PTC,2024-11-13,16.1,16.3,15.93,16.07,6255526,psxdata,2026-05-11T12:50:58
PTC,2024-11-14,16.29,16.65,16.17,16.26,8173592,psxdata,2026-05-11T12:50:58
PTC,2024-11-15,16.4,16.4,16.04,16.14,3013713,psxdata,2026-05-11T12:50:58
PTC,2024-11-18,16.21,17.56,16.21,17.18,38829416,psxdata,2026-05-11T12:50:58
PTC,2024-11-19,17.3,18.8,17.3,18.56,40072992,psxdata,2026-05-11T12:50:58
PTC,2024-11-20,18.65,19.34,18.0,18.3,25801714,psxdata,2026-05-11T12:50:58
PTC,2024-11-21,18.25,18.62,17.8,18.46,8112657,psxdata,2026-05-11T12:50:58
PTC,2024-11-22,18.8,19.0,17.1,17.5,14315204,psxdata,2026-05-11T12:50:58
PTC,2024-11-25,17.6,18.25,17.0,17.81,7265227,psxdata,2026-05-11T12:50:58
PTC,2024-11-26,17.61,17.95,16.26,16.4,11147251,psxdata,2026-05-11T12:50:58
PTC,2024-11-27,16.89,17.96,16.89,17.7,10754379,psxdata,2026-05-11T12:50:58
PTC,2024-11-28,18.2,19.47,17.9,19.47,27953239,psxdata,2026-05-11T12:50:58
PTC,2024-11-29,19.5,20.9,19.36,20.34,32551968,psxdata,2026-05-11T12:50:58
PTC,2024-12-02,20.54,21.0,20.2,20.69,15441100,psxdata,2026-05-11T12:50:58
PTC,2024-12-03,20.9,20.9,19.25,20.07,15497211,psxdata,2026-05-11T12:50:58
PTC,2024-12-04,20.5,22.08,20.4,22.08,33454232,psxdata,2026-05-11T12:50:58
PTC,2024-12-05,22.62,23.21,21.6,22.34,30418566,psxdata,2026-05-11T12:50:58
PTC,2024-12-06,22.6,24.57,22.59,24.57,40087220,psxdata,2026-05-11T12:50:58
PTC,2024-12-09,25.63,26.75,25.3,25.59,30144153,psxdata,2026-05-11T12:50:58
PTC,2024-12-10,25.71,26.41,23.23,25.27,17912322,psxdata,2026-05-11T12:50:58
PTC,2024-12-11,25.2,27.55,25.0,27.39,26667303,psxdata,2026-05-11T12:50:58
PTC,2024-12-12,28.0,28.38,26.75,27.21,21921751,psxdata,2026-05-11T12:50:58
PTC,2024-12-13,27.21,27.75,26.5,26.59,12599666,psxdata,2026-05-11T12:50:58
PTC,2024-12-16,27.0,27.07,25.85,26.04,13178614,psxdata,2026-05-11T12:50:58
PTC,2024-12-17,26.1,27.45,25.55,26.62,21469414,psxdata,2026-05-11T12:50:58
PTC,2024-12-18,26.95,27.35,25.0,25.47,13341956,psxdata,2026-05-11T12:50:58
PTC,2024-12-19,25.11,26.3,23.02,23.45,8972090,psxdata,2026-05-11T12:50:58
PTC,2024-12-20,23.8,25.8,23.53,25.8,11733925,psxdata,2026-05-11T12:50:58
PTC,2024-12-23,27.37,28.38,26.2,28.31,33030118,psxdata,2026-05-11T12:50:58
PTC,2024-12-24,28.9,28.98,26.52,26.88,13581854,psxdata,2026-05-11T12:50:58
PTC,2024-12-26,26.94,26.94,25.92,26.34,8541449,psxdata,2026-05-11T12:50:58
PTC,2024-12-27,26.5,28.2,26.1,27.0,9259550,psxdata,2026-05-11T12:50:58
PTC,2024-12-30,27.74,28.14,27.1,27.3,12466282,psxdata,2026-05-11T12:50:58
PTC,2024-12-31,27.6,28.02,26.85,27.27,9538657,psxdata,2026-05-11T12:50:58
PTC,2025-01-01,27.3,27.9,27.01,27.33,4735014,psxdata,2026-05-11T12:50:58
PTC,2025-01-02,27.45,28.24,27.24,27.39,9496539,psxdata,2026-05-11T12:50:58
PTC,2025-01-03,27.4,27.4,26.5,26.63,5327608,psxdata,2026-05-11T12:50:58
PTC,2025-01-06,26.95,26.95,24.7,24.97,7609746,psxdata,2026-05-11T12:50:58
PTC,2025-01-07,25.1,25.6,24.15,25.17,8581023,psxdata,2026-05-11T12:50:58
PTC,2025-01-08,25.5,26.06,24.52,24.73,7906801,psxdata,2026-05-11T12:50:58
PTC,2025-01-09,24.8,25.1,23.8,24.07,3844268,psxdata,2026-05-11T12:50:58
PTC,2025-01-10,23.91,24.79,23.5,24.02,4605538,psxdata,2026-05-11T12:50:58
PTC,2025-01-13,24.15,24.58,23.66,24.34,2037936,psxdata,2026-05-11T12:50:58
PTC,2025-01-14,24.6,24.9,24.11,24.44,2289583,psxdata,2026-05-11T12:50:58
PTC,2025-01-15,24.6,25.8,24.25,24.79,10473018,psxdata,2026-05-11T12:50:58
PTC,2025-01-16,24.8,25.88,24.52,24.99,6654785,psxdata,2026-05-11T12:50:58
PTC,2025-01-17,24.81,25.75,24.81,25.04,4294754,psxdata,2026-05-11T12:50:58
PTC,2025-01-20,25.5,26.05,25.25,25.35,6068725,psxdata,2026-05-11T12:50:58
PTC,2025-01-21,25.6,25.7,24.65,24.77,3193609,psxdata,2026-05-11T12:50:58
PTC,2025-01-22,24.85,25.44,24.45,24.56,1326631,psxdata,2026-05-11T12:50:58
PTC,2025-01-23,24.5,25.15,24.49,24.9,2124371,psxdata,2026-05-11T12:50:58
PTC,2025-01-24,24.95,25.39,24.65,24.7,3130530,psxdata,2026-05-11T12:50:58
PTC,2025-01-27,24.71,26.6,24.71,25.53,18282383,psxdata,2026-05-11T12:50:58
PTC,2025-01-28,25.6,26.3,24.64,25.04,6265707,psxdata,2026-05-11T12:50:58
PTC,2025-01-29,25.33,25.33,23.95,24.07,4671729,psxdata,2026-05-11T12:50:58
PTC,2025-01-30,24.21,24.79,23.91,24.14,4256003,psxdata,2026-05-11T12:50:58
PTC,2025-01-31,24.2,24.94,24.05,24.31,5532379,psxdata,2026-05-11T12:50:58
PTC,2025-02-03,24.22,24.45,23.25,23.45,2279033,psxdata,2026-05-11T12:50:58
PTC,2025-02-04,23.49,23.9,22.06,22.51,4129510,psxdata,2026-05-11T12:50:58
PTC,2025-02-06,22.35,23.2,21.7,22.51,3234056,psxdata,2026-05-11T12:50:58
PTC,2025-02-07,22.6,22.84,22.12,22.42,1285057,psxdata,2026-05-11T12:50:58
PTC,2025-02-10,22.42,22.7,21.95,22.35,3574549,psxdata,2026-05-11T12:50:58
PTC,2025-02-11,22.59,22.87,22.4,22.68,5334349,psxdata,2026-05-11T12:50:58
PTC,2025-02-12,23.06,24.95,23.06,24.77,30235783,psxdata,2026-05-11T12:50:58
PTC,2025-02-13,24.5,24.7,24.24,24.39,5758181,psxdata,2026-05-11T12:50:58
PTC,2025-02-14,24.5,24.7,23.9,23.95,2389493,psxdata,2026-05-11T12:50:58
PTC,2025-02-17,23.94,24.2,23.2,23.31,2479739,psxdata,2026-05-11T12:50:58
PTC,2025-02-18,23.49,23.55,22.38,23.08,19754534,psxdata,2026-05-11T12:50:58
PTC,2025-02-19,23.2,23.6,23.12,23.49,2958563,psxdata,2026-05-11T12:50:58
PTC,2025-02-20,23.52,25.6,23.3,24.99,10386079,psxdata,2026-05-11T12:50:58
PTC,2025-02-21,25.48,26.2,24.65,24.85,10080321,psxdata,2026-05-11T12:50:58
PTC,2025-02-24,24.84,25.15,24.1,24.81,4287117,psxdata,2026-05-11T12:50:58
PTC,2025-02-25,25.01,25.3,24.25,24.82,3282660,psxdata,2026-05-11T12:50:58
PTC,2025-02-26,24.74,24.75,24.3,24.44,809365,psxdata,2026-05-11T12:50:58
PTC,2025-02-27,24.65,24.68,23.8,23.94,1169117,psxdata,2026-05-11T12:50:58
PTC,2025-02-28,24.1,24.1,23.16,23.47,945528,psxdata,2026-05-11T12:50:58
PTC,2025-03-03,23.65,23.65,23.15,23.23,267062,psxdata,2026-05-11T12:50:58
PTC,2025-03-04,23.39,24.0,22.9,23.74,1892861,psxdata,2026-05-11T12:50:58
PTC,2025-03-05,23.82,23.96,22.96,23.02,1422376,psxdata,2026-05-11T12:50:58
PTC,2025-03-06,23.0,23.5,23.0,23.34,558731,psxdata,2026-05-11T12:50:58
PTC,2025-03-07,23.5,23.78,23.0,23.53,1705734,psxdata,2026-05-11T12:50:58
PTC,2025-03-10,23.89,23.89,22.9,23.06,1121767,psxdata,2026-05-11T12:50:58
PTC,2025-03-11,23.01,23.24,22.72,22.96,929732,psxdata,2026-05-11T12:50:58
PTC,2025-03-12,23.14,23.49,23.0,23.11,977386,psxdata,2026-05-11T12:50:58
PTC,2025-03-13,23.45,23.85,23.22,23.7,2099113,psxdata,2026-05-11T12:50:58
PTC,2025-03-14,23.8,24.5,23.8,24.34,3192358,psxdata,2026-05-11T12:50:58
PTC,2025-03-17,24.9,25.2,24.25,24.96,2581704,psxdata,2026-05-11T12:50:58
PTC,2025-03-18,25.6,25.6,24.55,24.77,2609517,psxdata,2026-05-11T12:50:58
PTC,2025-03-19,24.77,25.06,24.2,24.52,1906951,psxdata,2026-05-11T12:50:58
PTC,2025-03-20,24.45,24.75,24.06,24.25,2665333,psxdata,2026-05-11T12:50:58
PTC,2025-03-21,24.34,24.6,24.0,24.31,1024582,psxdata,2026-05-11T12:50:58
PTC,2025-03-24,24.31,24.31,24.0,24.08,649302,psxdata,2026-05-11T12:50:58
PTC,2025-03-25,23.9,24.1,23.51,23.69,1423612,psxdata,2026-05-11T12:50:58
PTC,2025-03-26,24.0,24.1,23.75,23.77,606567,psxdata,2026-05-11T12:50:58
PTC,2025-03-27,23.98,23.98,23.0,23.2,2460695,psxdata,2026-05-11T12:50:58
PTC,2025-04-03,23.21,23.69,22.98,23.2,4766679,psxdata,2026-05-11T12:50:58
PTC,2025-04-04,23.2,24.35,22.98,24.05,8859232,psxdata,2026-05-11T12:50:58
PTC,2025-04-07,23.89,23.89,21.65,22.7,7438695,psxdata,2026-05-11T12:50:58
PTC,2025-04-08,23.0,23.4,22.75,22.94,3126192,psxdata,2026-05-11T12:50:58
PTC,2025-04-09,23.15,24.0,22.75,22.99,14141745,psxdata,2026-05-11T12:50:58
PTC,2025-04-10,23.65,23.99,23.25,23.56,5023600,psxdata,2026-05-11T12:50:58
PTC,2025-04-11,23.52,23.69,23.0,23.09,2531255,psxdata,2026-05-11T12:50:58
PTC,2025-04-14,23.16,23.55,23.01,23.36,3759670,psxdata,2026-05-11T12:50:58
PTC,2025-04-15,23.74,23.99,23.2,23.26,4554657,psxdata,2026-05-11T12:50:58
PTC,2025-04-16,23.53,23.53,22.43,22.62,5212928,psxdata,2026-05-11T12:50:58
PTC,2025-04-17,22.85,22.85,22.2,22.39,6263965,psxdata,2026-05-11T12:50:58
PTC,2025-04-18,22.69,23.0,21.95,22.86,7355492,psxdata,2026-05-11T12:50:58
PTC,2025-04-21,22.61,22.98,22.54,22.64,2719081,psxdata,2026-05-11T12:50:58
PTC,2025-04-22,22.59,22.83,22.1,22.23,1382577,psxdata,2026-05-11T12:50:58
PTC,2025-04-23,22.25,22.3,21.32,21.55,12064366,psxdata,2026-05-11T12:50:58
PTC,2025-04-24,21.19,21.9,20.8,21.2,7587039,psxdata,2026-05-11T12:50:58
PTC,2025-04-25,21.2,21.55,20.6,21.3,2472323,psxdata,2026-05-11T12:50:58
PTC,2025-04-28,21.5,21.5,20.0,20.28,4309329,psxdata,2026-05-11T12:50:58
PTC,2025-04-29,20.79,20.79,20.0,20.58,1431813,psxdata,2026-05-11T12:50:58
PTC,2025-04-30,20.39,20.8,19.25,19.46,3995728,psxdata,2026-05-11T12:50:58
PTC,2025-05-02,20.0,21.0,19.86,20.73,1945231,psxdata,2026-05-11T12:50:58
PTC,2025-05-05,20.75,21.01,20.1,20.85,697595,psxdata,2026-05-11T12:50:58
PTC,2025-05-06,21.0,21.07,20.3,20.39,882820,psxdata,2026-05-11T12:50:58
PTC,2025-05-07,18.55,20.1,18.45,19.35,7395176,psxdata,2026-05-11T12:50:58
PTC,2025-05-08,19.4,19.75,17.42,17.43,6294169,psxdata,2026-05-11T12:50:58
PTC,2025-05-09,16.56,17.9,16.56,17.54,3988612,psxdata,2026-05-11T12:50:58
PTC,2025-05-12,19.29,19.29,19.2,19.29,2289568,psxdata,2026-05-11T12:50:58
PTC,2025-05-13,20.0,20.4,18.0,20.13,6740833,psxdata,2026-05-11T12:50:58
PTC,2025-05-14,20.13,20.8,19.9,20.05,4120073,psxdata,2026-05-11T12:50:58
PTC,2025-05-15,20.1,22.06,20.1,22.06,13505155,psxdata,2026-05-11T12:50:58
PTC,2025-05-16,22.61,23.58,22.6,22.72,15675499,psxdata,2026-05-11T12:50:58
PTC,2025-05-19,22.99,22.99,21.9,22.03,2448066,psxdata,2026-05-11T12:50:58
PTC,2025-05-20,21.9,22.3,21.5,22.0,2333684,psxdata,2026-05-11T12:50:58
PTC,2025-05-21,22.0,23.48,22.0,23.17,7949261,psxdata,2026-05-11T12:50:58
PTC,2025-05-22,23.45,24.0,22.61,22.74,12884902,psxdata,2026-05-11T12:50:58
PTC,2025-05-23,22.99,23.71,22.92,23.19,10229271,psxdata,2026-05-11T12:50:58
PTC,2025-05-26,23.31,24.36,23.3,24.07,26781205,psxdata,2026-05-11T12:50:58
PTC,2025-05-27,24.18,24.89,24.15,24.28,20008328,psxdata,2026-05-11T12:50:58
PTC,2025-05-29,24.51,26.71,24.51,26.23,65676043,psxdata,2026-05-11T12:50:58
PTC,2025-05-30,26.23,27.43,24.91,25.4,22174138,psxdata,2026-05-11T12:50:58
PTC,2025-06-02,25.28,25.32,24.57,24.73,4963824,psxdata,2026-05-11T12:50:58
PTC,2025-06-03,24.61,26.75,24.45,25.75,16944155,psxdata,2026-05-11T12:50:58
PTC,2025-06-04,25.99,26.98,25.77,26.12,9612830,psxdata,2026-05-11T12:50:58
PTC,2025-06-05,26.0,26.5,25.59,26.02,5432264,psxdata,2026-05-11T12:50:58
PTC,2025-06-10,26.0,26.4,25.75,25.8,2313047,psxdata,2026-05-11T12:50:58
PTC,2025-06-11,26.11,26.2,25.5,25.51,3738940,psxdata,2026-05-11T12:50:58
PTC,2025-06-12,25.95,26.39,25.3,25.5,8631513,psxdata,2026-05-11T12:50:58
PTC,2025-06-13,25.5,25.94,24.25,24.43,3767758,psxdata,2026-05-11T12:50:58
PTC,2025-06-16,24.7,24.9,24.29,24.53,1267200,psxdata,2026-05-11T12:50:58
PTC,2025-06-17,24.75,25.0,24.01,24.15,1644933,psxdata,2026-05-11T12:50:58
PTC,2025-06-18,24.3,24.3,23.1,23.56,3398859,psxdata,2026-05-11T12:50:58
PTC,2025-06-19,24.0,24.8,23.3,23.6,3189779,psxdata,2026-05-11T12:50:58
PTC,2025-06-20,24.2,24.52,23.28,23.43,1796923,psxdata,2026-05-11T12:50:58
PTC,2025-06-23,22.4,23.12,21.21,21.56,3707381,psxdata,2026-05-11T12:50:58
PTC,2025-06-24,23.03,23.72,22.57,23.72,7418434,psxdata,2026-05-11T12:50:58
PTC,2025-06-25,24.0,24.8,23.5,24.16,6890401,psxdata,2026-05-11T12:50:58
PTC,2025-06-26,24.2,24.3,23.5,23.64,7065779,psxdata,2026-05-11T12:50:58
PTC,2025-06-27,23.8,25.1,23.75,24.29,6340441,psxdata,2026-05-11T12:50:58
PTC,2025-06-30,24.66,25.9,24.1,25.44,12734582,psxdata,2026-05-11T12:50:58
PTC,2025-07-01,25.2,25.84,24.89,25.54,7655781,psxdata,2026-05-11T12:50:58
PTC,2025-07-02,25.69,25.69,24.9,24.96,3102252,psxdata,2026-05-11T12:50:58
PTC,2025-07-03,24.96,25.16,24.55,24.68,2547157,psxdata,2026-05-11T12:50:58
PTC,2025-07-04,24.6,25.5,24.5,24.68,4073992,psxdata,2026-05-11T12:50:58
PTC,2025-07-07,24.76,24.81,23.9,24.01,4963184,psxdata,2026-05-11T12:50:58
PTC,2025-07-08,25.49,26.05,25.0,25.44,18707984,psxdata,2026-05-11T12:50:58
PTC,2025-07-09,25.5,25.7,24.6,24.9,4860625,psxdata,2026-05-11T12:50:58
PTC,2025-07-10,25.1,25.14,24.42,24.59,3010110,psxdata,2026-05-11T12:50:58
PTC,2025-07-11,24.5,24.7,23.95,24.26,2830505,psxdata,2026-05-11T12:50:58
PTC,2025-07-14,23.83,24.27,23.76,24.02,3056979,psxdata,2026-05-11T12:50:58
PTC,2025-07-15,24.02,24.33,23.6,23.69,2579978,psxdata,2026-05-11T12:50:58
PTC,2025-07-16,23.4,23.4,21.51,21.91,16597824,psxdata,2026-05-11T12:50:58
PTC,2025-07-17,22.3,23.79,22.0,23.56,14491830,psxdata,2026-05-11T12:50:58
PTC,2025-07-18,23.88,23.88,22.6,22.8,3314715,psxdata,2026-05-11T12:50:58
PTC,2025-07-21,22.8,23.3,22.75,23.05,4148359,psxdata,2026-05-11T12:50:58
PTC,2025-07-22,22.8,24.75,22.8,23.96,24901859,psxdata,2026-05-11T12:50:58
PTC,2025-07-23,24.09,24.17,23.34,23.86,5188988,psxdata,2026-05-11T12:50:58
PTC,2025-07-24,24.06,24.1,23.35,23.5,4085539,psxdata,2026-05-11T12:50:58
PTC,2025-07-25,23.65,24.05,23.4,23.87,5046570,psxdata,2026-05-11T12:50:58
PTC,2025-07-28,24.0,24.04,23.25,23.51,3364914,psxdata,2026-05-11T12:50:58
PTC,2025-07-29,23.75,23.75,22.92,23.0,2456074,psxdata,2026-05-11T12:50:58
PTC,2025-07-30,23.2,23.33,22.6,22.92,2127498,psxdata,2026-05-11T12:50:58
PTC,2025-07-31,23.15,23.48,22.8,23.13,2448752,psxdata,2026-05-11T12:50:58
PTC,2025-08-01,23.0,23.68,22.83,23.51,4219852,psxdata,2026-05-11T12:50:58
PTC,2025-08-04,23.51,23.6,22.84,23.15,1482848,psxdata,2026-05-11T12:50:58
PTC,2025-08-05,23.15,23.58,22.9,23.06,6223850,psxdata,2026-05-11T12:50:58
PTC,2025-08-06,23.3,23.5,23.11,23.28,1263702,psxdata,2026-05-11T12:50:58
PTC,2025-08-07,23.02,23.3,22.42,22.87,8364252,psxdata,2026-05-11T12:50:58
PTC,2025-08-08,23.0,24.25,22.78,23.83,14152365,psxdata,2026-05-11T12:50:58
PTC,2025-08-11,23.3,24.44,23.3,23.72,2250268,psxdata,2026-05-11T12:50:58
PTC,2025-08-12,23.9,24.08,23.08,23.17,2398865,psxdata,2026-05-11T12:50:58
PTC,2025-08-13,23.3,23.78,22.85,23.03,4335007,psxdata,2026-05-11T12:50:58
PTC,2025-08-15,23.0,23.47,22.81,22.95,2762188,psxdata,2026-05-11T12:50:58
PTC,2025-08-18,22.8,23.39,22.8,23.2,2765666,psxdata,2026-05-11T12:50:58
PTC,2025-08-19,23.1,23.37,23.03,23.26,1035190,psxdata,2026-05-11T12:50:58
PTC,2025-08-20,23.24,23.39,23.1,23.26,1259070,psxdata,2026-05-11T12:50:58
PTC,2025-08-21,23.25,23.38,22.92,23.05,2128433,psxdata,2026-05-11T12:50:58
PTC,2025-08-22,23.2,23.55,23.05,23.25,3531944,psxdata,2026-05-11T12:50:58
PTC,2025-08-25,23.25,24.61,22.9,23.9,13804627,psxdata,2026-05-11T12:50:58
PTC,2025-08-26,24.3,24.3,23.7,23.77,1551189,psxdata,2026-05-11T12:50:58
PTC,2025-08-27,23.93,23.95,23.2,23.22,1912027,psxdata,2026-05-11T12:50:58
PTC,2025-08-28,23.4,23.7,22.31,23.09,10966595,psxdata,2026-05-11T12:50:58
PTC,2025-08-29,23.25,23.25,22.25,22.8,8767452,psxdata,2026-05-11T12:50:58
PTC,2025-09-01,22.8,23.0,22.5,22.77,2519900,psxdata,2026-05-11T12:50:58
PTC,2025-09-02,23.0,23.0,22.57,22.72,1694603,psxdata,2026-05-11T12:50:58
PTC,2025-09-03,22.9,23.22,22.6,23.12,2970608,psxdata,2026-05-11T12:50:58
PTC,2025-09-04,23.12,23.25,22.81,23.19,1937038,psxdata,2026-05-11T12:50:58
PTC,2025-09-05,23.19,23.9,23.15,23.57,5720206,psxdata,2026-05-11T12:50:58
PTC,2025-09-08,23.6,24.59,23.4,24.41,13215652,psxdata,2026-05-11T12:50:58
PTC,2025-09-09,24.6,24.9,23.95,24.15,3334489,psxdata,2026-05-11T12:50:58
PTC,2025-09-10,24.29,25.15,23.73,24.82,11111135,psxdata,2026-05-11T12:50:58
PTC,2025-09-11,25.05,25.5,24.11,24.19,13295742,psxdata,2026-05-11T12:50:58
PTC,2025-09-12,24.25,24.52,23.35,23.5,4180715,psxdata,2026-05-11T12:50:58
PTC,2025-09-15,23.4,23.74,23.3,23.52,1210471,psxdata,2026-05-11T12:50:58
PTC,2025-09-16,23.6,23.98,23.4,23.76,2968872,psxdata,2026-05-11T12:50:58
PTC,2025-09-17,23.85,23.95,23.39,23.42,3298635,psxdata,2026-05-11T12:50:58
PTC,2025-09-18,23.67,24.47,23.3,24.24,6925129,psxdata,2026-05-11T12:50:58
PTC,2025-09-19,24.3,26.66,24.25,25.89,78779049,psxdata,2026-05-11T12:50:58
PTC,2025-09-22,26.56,27.65,26.5,27.17,60719329,psxdata,2026-05-11T12:50:58
PTC,2025-09-23,27.16,27.16,26.1,26.17,13535377,psxdata,2026-05-11T12:50:58
PTC,2025-09-24,26.35,26.85,26.0,26.17,7319819,psxdata,2026-05-11T12:50:58
PTC,2025-09-25,26.5,26.5,25.56,25.68,7709763,psxdata,2026-05-11T12:50:58
PTC,2025-09-26,25.95,28.25,25.7,27.79,31791633,psxdata,2026-05-11T12:50:58
PTC,2025-09-29,28.0,30.34,28.0,28.5,36747164,psxdata,2026-05-11T12:50:58
PTC,2025-09-30,28.94,29.19,28.12,28.4,14924656,psxdata,2026-05-11T12:50:58
PTC,2025-10-01,30.99,31.24,28.89,29.26,91941039,psxdata,2026-05-11T12:50:58
PTC,2025-10-02,30.0,31.24,29.75,30.1,25609738,psxdata,2026-05-11T12:50:58
PTC,2025-10-03,30.65,31.41,28.75,29.21,38026613,psxdata,2026-05-11T12:50:58
PTC,2025-10-06,29.4,31.88,28.97,31.41,43540218,psxdata,2026-05-11T12:50:58
PTC,2025-10-07,31.81,33.25,30.95,31.14,180608050,psxdata,2026-05-11T12:50:58
PTC,2025-10-08,31.5,34.25,31.3,33.37,114322798,psxdata,2026-05-11T12:50:58
PTC,2025-10-09,33.8,36.65,32.4,35.68,119852815,psxdata,2026-05-11T12:50:58
PTC,2025-10-10,36.0,38.49,35.25,37.25,83382204,psxdata,2026-05-11T12:50:58
PTC,2025-10-13,37.39,38.7,36.2,36.64,52423003,psxdata,2026-05-11T12:50:58
PTC,2025-10-14,37.7,38.5,34.6,37.05,79832584,psxdata,2026-05-11T12:50:58
PTC,2025-10-15,37.91,40.1,37.3,37.96,71820999,psxdata,2026-05-11T12:50:58
PTC,2025-10-16,38.31,39.49,38.0,38.46,32241428,psxdata,2026-05-11T12:50:58
PTC,2025-10-17,39.0,39.1,37.3,37.52,18201738,psxdata,2026-05-11T12:50:58
PTC,2025-10-20,37.8,38.1,36.75,37.16,17700663,psxdata,2026-05-11T12:50:58
PTC,2025-10-21,37.49,40.88,36.61,40.24,82886627,psxdata,2026-05-11T12:50:58
PTC,2025-10-22,41.2,42.7,40.24,41.78,71757648,psxdata,2026-05-11T12:50:58
PTC,2025-10-23,41.89,42.4,38.73,39.36,36181614,psxdata,2026-05-11T12:50:58
PTC,2025-10-24,39.36,39.8,37.32,37.87,11591313,psxdata,2026-05-11T12:50:58
PTC,2025-10-27,37.85,38.48,36.62,36.91,18254974,psxdata,2026-05-11T12:50:58
PTC,2025-10-28,36.89,38.14,34.75,35.47,27772068,psxdata,2026-05-11T12:50:58
PTC,2025-10-29,35.95,36.9,34.65,35.02,21858510,psxdata,2026-05-11T12:50:58
PTC,2025-10-30,35.11,36.25,34.48,34.75,18504371,psxdata,2026-05-11T12:50:58
PTC,2025-10-31,35.4,37.77,35.4,37.19,23552015,psxdata,2026-05-11T12:50:58
PTC,2025-11-03,37.4,37.7,35.85,36.09,10731863,psxdata,2026-05-11T12:50:58
PTC,2025-11-04,36.5,37.85,35.62,36.11,23526131,psxdata,2026-05-11T12:50:58
PTC,2025-11-05,36.49,36.8,35.0,35.2,9926983,psxdata,2026-05-11T12:50:58
PTC,2025-11-06,35.6,36.5,34.66,36.21,20663891,psxdata,2026-05-11T12:50:58
PTC,2025-11-07,36.9,37.4,35.88,36.08,14279922,psxdata,2026-05-11T12:50:58
PTC,2025-11-10,36.5,37.05,35.77,36.16,8274805,psxdata,2026-05-11T12:50:58
PTC,2025-11-11,36.26,36.4,34.45,34.62,12406370,psxdata,2026-05-11T12:50:58
PTC,2025-11-12,34.99,35.4,33.8,34.02,9907966,psxdata,2026-05-11T12:50:58
PTC,2025-11-13,34.4,35.0,33.55,34.45,7572746,psxdata,2026-05-11T12:50:58
PTC,2025-11-14,34.75,36.61,34.36,36.22,19574237,psxdata,2026-05-11T12:50:58
PTC,2025-11-17,36.5,37.12,35.87,36.02,13676325,psxdata,2026-05-11T12:50:58
PTC,2025-11-18,36.16,37.4,36.16,36.77,17318403,psxdata,2026-05-11T12:50:58
PTC,2025-11-19,36.8,38.85,36.56,38.58,33230146,psxdata,2026-05-11T12:50:58
PTC,2025-11-20,38.7,39.82,38.11,38.93,25223780,psxdata,2026-05-11T12:50:58
PTC,2025-11-21,39.28,39.79,38.7,38.87,13042590,psxdata,2026-05-11T12:50:58
PTC,2025-11-24,39.4,39.8,38.9,39.19,8678557,psxdata,2026-05-11T12:50:58
PTC,2025-11-25,39.46,41.7,39.3,40.55,38776082,psxdata,2026-05-11T12:50:58
PTC,2025-11-26,40.8,41.39,39.65,39.95,20881419,psxdata,2026-05-11T12:50:58
PTC,2025-11-27,39.8,40.3,39.35,39.69,9555076,psxdata,2026-05-11T12:50:58
PTC,2025-11-28,39.99,40.17,39.5,39.58,6107713,psxdata,2026-05-11T12:50:58
PTC,2025-12-01,39.94,43.19,39.38,42.71,35987705,psxdata,2026-05-11T12:50:58
PTC,2025-12-02,43.2,44.0,41.9,42.1,27783572,psxdata,2026-05-11T12:50:58
PTC,2025-12-03,42.3,42.6,41.62,41.85,7143854,psxdata,2026-05-11T12:50:58
PTC,2025-12-04,42.0,44.88,41.9,43.92,34470403,psxdata,2026-05-11T12:50:58
PTC,2025-12-05,44.5,46.05,44.04,45.13,26029578,psxdata,2026-05-11T12:50:58
PTC,2025-12-08,46.0,49.64,45.5,49.57,60897282,psxdata,2026-05-11T12:50:58
PTC,2025-12-09,50.2,50.8,47.82,48.0,30920384,psxdata,2026-05-11T12:50:58
PTC,2025-12-10,48.2,48.85,46.51,46.79,25783687,psxdata,2026-05-11T12:50:58
PTC,2025-12-11,46.9,47.62,45.85,46.16,12061602,psxdata,2026-05-11T12:50:58
PTC,2025-12-12,46.25,46.65,45.51,45.86,7775549,psxdata,2026-05-11T12:50:58
PTC,2025-12-15,46.15,47.19,45.92,46.26,7081409,psxdata,2026-05-11T12:50:58
PTC,2025-12-16,46.75,48.09,46.11,47.27,20411605,psxdata,2026-05-11T12:50:58
PTC,2025-12-17,47.4,48.84,47.4,48.11,14184202,psxdata,2026-05-11T12:50:58
PTC,2025-12-18,48.26,48.6,47.1,47.41,9162213,psxdata,2026-05-11T12:50:58
PTC,2025-12-19,47.48,47.49,46.26,46.43,4601109,psxdata,2026-05-11T12:50:58
PTC,2025-12-22,46.4,47.23,45.9,46.46,7426213,psxdata,2026-05-11T12:50:58
PTC,2025-12-23,46.15,50.43,46.15,49.25,32274723,psxdata,2026-05-11T12:50:58
PTC,2025-12-24,51.5,54.18,50.1,54.18,34936324,psxdata,2026-05-11T12:50:58
PTC,2025-12-26,55.0,58.43,53.82,54.2,26953369,psxdata,2026-05-11T12:50:58
PTC,2025-12-29,54.0,59.62,52.6,59.62,42555911,psxdata,2026-05-11T12:50:58
PTC,2025-12-30,61.02,62.49,58.1,59.15,45107554,psxdata,2026-05-11T12:50:58
PTC,2025-12-31,58.89,60.7,58.2,59.47,23847180,psxdata,2026-05-11T12:50:58
PTC,2026-01-01,60.21,60.3,58.2,58.42,16116506,psxdata,2026-05-11T12:50:58
PTC,2026-01-02,58.5,59.75,58.0,58.69,9724605,psxdata,2026-05-11T12:50:58
PTC,2026-01-05,58.7,62.64,58.01,60.42,30109078,psxdata,2026-05-11T12:50:58
PTC,2026-01-06,60.6,61.0,59.6,60.15,6948360,psxdata,2026-05-11T12:50:58
PTC,2026-01-07,60.0,65.2,59.5,63.99,43343942,psxdata,2026-05-11T12:50:58
PTC,2026-01-08,64.35,64.85,61.6,62.3,13010711,psxdata,2026-05-11T12:50:58
PTC,2026-01-09,62.0,62.89,59.5,60.15,23204083,psxdata,2026-05-11T12:50:58
PTC,2026-01-12,60.16,66.0,60.0,63.73,36090083,psxdata,2026-05-11T12:50:58
PTC,2026-01-13,63.75,70.0,63.06,69.73,40114144,psxdata,2026-05-11T12:50:58
PTC,2026-01-14,69.85,69.88,64.55,65.82,24767403,psxdata,2026-05-11T12:50:58
PTC,2026-01-15,66.4,68.08,63.89,65.09,19035128,psxdata,2026-05-11T12:50:58
PTC,2026-01-16,67.0,67.99,65.09,65.87,15632558,psxdata,2026-05-11T12:50:58
PTC,2026-01-19,65.9,66.9,64.01,64.56,9935038,psxdata,2026-05-11T12:50:58
PTC,2026-01-20,65.0,68.39,64.25,67.75,19863326,psxdata,2026-05-11T12:50:58
PTC,2026-01-21,67.99,67.99,65.6,65.84,7772033,psxdata,2026-05-11T12:50:58
PTC,2026-01-22,66.05,66.31,64.85,65.01,3620652,psxdata,2026-05-11T12:50:58
PTC,2026-01-23,65.02,65.37,63.51,63.89,3522703,psxdata,2026-05-11T12:50:58
PTC,2026-01-26,64.4,67.7,64.4,65.83,18928888,psxdata,2026-05-11T12:50:58
PTC,2026-01-27,65.52,66.48,63.85,64.21,10655309,psxdata,2026-05-11T12:50:58
PTC,2026-01-28,64.69,65.5,64.0,64.04,7284405,psxdata,2026-05-11T12:50:58
PTC,2026-01-29,64.04,64.79,59.8,60.43,25820981,psxdata,2026-05-11T12:50:58
PTC,2026-01-30,60.7,63.99,60.7,61.98,24909382,psxdata,2026-05-11T12:50:58
PTC,2026-02-02,62.25,63.6,62.03,62.17,7939752,psxdata,2026-05-11T12:50:58
PTC,2026-02-03,62.75,64.98,62.55,64.3,14419377,psxdata,2026-05-11T12:50:58
PTC,2026-02-04,64.9,65.35,63.9,64.08,5237377,psxdata,2026-05-11T12:50:58
PTC,2026-02-06,64.0,64.49,61.51,62.41,6604282,psxdata,2026-05-11T12:50:58
PTC,2026-02-09,62.5,63.29,60.1,61.34,9502197,psxdata,2026-05-11T12:50:58
PTC,2026-02-10,61.33,62.54,59.6,60.07,11554556,psxdata,2026-05-11T12:50:58
PTC,2026-02-11,60.26,60.89,59.5,59.75,5064236,psxdata,2026-05-11T12:50:58
PTC,2026-02-12,60.01,61.39,56.26,58.73,12572387,psxdata,2026-05-11T12:50:58
PTC,2026-02-13,58.73,59.48,58.55,58.94,4373416,psxdata,2026-05-11T12:50:58
PTC,2026-02-16,58.11,58.5,54.0,54.86,10524892,psxdata,2026-05-11T12:50:58
PTC,2026-02-17,55.0,55.01,52.0,53.2,11848348,psxdata,2026-05-11T12:50:58
PTC,2026-02-18,53.5,58.52,52.52,58.49,25472990,psxdata,2026-05-11T12:50:58
PTC,2026-02-19,59.1,61.5,55.1,57.35,11670842,psxdata,2026-05-11T12:50:58
PTC,2026-02-20,58.1,60.38,54.5,59.22,13239041,psxdata,2026-05-11T12:50:58
PTC,2026-02-23,59.5,61.2,55.7,57.1,17077810,psxdata,2026-05-11T12:50:58
PTC,2026-02-24,58.3,59.99,53.9,56.59,12653363,psxdata,2026-05-11T12:50:58
PTC,2026-02-25,57.05,59.9,55.8,56.53,7104885,psxdata,2026-05-11T12:50:58
PTC,2026-02-26,57.0,61.2,54.53,60.03,13058042,psxdata,2026-05-11T12:50:58
PTC,2026-02-27,59.74,60.7,57.75,59.62,8062132,psxdata,2026-05-11T12:50:58
PTC,2026-03-02,53.66,55.9,53.66,53.66,8285168,psxdata,2026-05-11T12:50:58
PTC,2026-03-03,50.6,55.0,48.42,51.98,11424123,psxdata,2026-05-11T12:50:58
PTC,2026-03-04,52.0,52.0,50.02,50.68,2250392,psxdata,2026-05-11T12:50:58
PTC,2026-03-05,51.1,55.75,51.0,55.69,8077716,psxdata,2026-05-11T12:50:58
PTC,2026-03-06,56.87,56.87,53.16,54.07,3233396,psxdata,2026-05-11T12:50:58
PTC,2026-03-09,51.74,51.74,48.66,49.81,6082865,psxdata,2026-05-11T12:50:58
PTC,2026-03-10,54.79,54.79,53.2,54.66,3677091,psxdata,2026-05-11T12:50:58
PTC,2026-03-11,54.4,55.37,52.1,53.46,4351506,psxdata,2026-05-11T12:50:58
PTC,2026-03-12,52.9,53.7,52.2,52.64,2497145,psxdata,2026-05-11T12:50:58
PTC,2026-03-13,52.98,53.94,52.02,52.58,2957732,psxdata,2026-05-11T12:50:58
PTC,2026-03-16,52.58,52.8,50.05,50.23,2168959,psxdata,2026-05-11T12:50:58
PTC,2026-03-17,50.13,51.99,48.01,50.28,2249405,psxdata,2026-05-11T12:50:58
PTC,2026-03-18,50.99,53.45,50.12,52.31,3522295,psxdata,2026-05-11T12:50:58
PTC,2026-03-19,51.5,52.45,50.0,51.72,2623684,psxdata,2026-05-11T12:50:58
PTC,2026-03-24,55.38,55.38,52.68,53.59,2500107,psxdata,2026-05-11T12:50:58
PTC,2026-03-25,54.49,56.48,54.49,55.63,4528068,psxdata,2026-05-11T12:50:58
PTC,2026-03-26,55.2,55.9,51.5,52.04,5214021,psxdata,2026-05-11T12:50:58
PTC,2026-03-27,52.87,52.95,51.01,51.36,2354019,psxdata,2026-05-11T12:50:58
PTC,2026-03-30,51.7,51.7,46.8,47.05,6337529,psxdata,2026-05-11T12:50:58
PTC,2026-03-31,47.99,49.29,47.23,48.07,6010053,psxdata,2026-05-11T12:50:58
PTC,2026-04-01,49.1,52.88,49.05,51.76,8565007,psxdata,2026-05-11T12:50:58
PTC,2026-04-02,48.0,49.7,48.0,48.95,2865608,psxdata,2026-05-11T12:50:58
PTC,2026-04-03,48.5,49.49,47.1,47.36,5010645,psxdata,2026-05-11T12:50:58
PTC,2026-04-06,47.3,48.6,46.7,48.11,5757319,psxdata,2026-05-11T12:50:58
PTC,2026-04-07,48.0,48.0,46.8,47.06,5143944,psxdata,2026-05-11T12:50:58
PTC,2026-04-08,51.77,51.77,51.77,51.77,3465271,psxdata,2026-05-11T12:50:58
PTC,2026-04-09,51.45,54.9,49.0,54.07,10825164,psxdata,2026-05-11T12:50:58
PTC,2026-04-10,54.48,56.99,54.3,56.22,7056878,psxdata,2026-05-11T12:50:58
PTC,2026-04-13,53.1,53.99,52.0,52.21,5912099,psxdata,2026-05-11T12:50:58
PTC,2026-04-14,53.01,55.48,53.01,54.59,7842360,psxdata,2026-05-11T12:50:58
PTC,2026-04-15,58.8,58.8,55.01,55.25,11851297,psxdata,2026-05-11T12:50:58
PTC,2026-04-16,55.5,56.3,54.0,54.41,8937562,psxdata,2026-05-11T12:50:58
PTC,2026-04-17,54.5,55.8,54.4,55.39,8126071,psxdata,2026-05-11T12:50:58
PTC,2026-04-20,54.51,55.75,52.5,54.71,5977138,psxdata,2026-05-11T12:50:58
PTC,2026-04-21,55.01,56.87,53.76,54.24,19439221,psxdata,2026-05-11T12:50:58
PTC,2026-04-22,54.0,55.18,53.03,53.74,5700438,psxdata,2026-05-11T12:50:58
PTC,2026-04-23,53.9,54.35,52.88,53.04,1791661,psxdata,2026-05-11T12:50:58
PTC,2026-04-24,52.5,53.75,51.1,53.03,5604503,psxdata,2026-05-11T12:50:58
PTC,2026-04-27,53.0,53.35,51.7,52.0,2239013,psxdata,2026-05-11T12:50:58
PTC,2026-04-28,51.25,52.3,50.01,50.27,2309831,psxdata,2026-05-11T12:50:58
PTC,2026-04-29,50.05,50.8,48.0,48.73,6210912,psxdata,2026-05-11T12:50:58
PTC,2026-04-30,48.29,50.43,44.65,49.02,12162253,psxdata,2026-05-11T12:50:58
PTC,2026-05-04,50.0,52.1,47.9,49.43,7225966,psxdata,2026-05-11T12:50:58
PTC,2026-05-05,48.0,50.5,48.0,50.04,3891487,psxdata,2026-05-11T12:50:58
PTC,2026-05-06,51.51,54.75,51.1,53.67,10393509,psxdata,2026-05-11T12:50:58
PTC,2026-05-07,53.75,55.9,52.8,54.95,8656992,psxdata,2026-05-11T12:50:58
PTC,2026-05-08,54.0,54.89,53.8,54.01,3966643,psxdata,2026-05-11T12:50:58
