symbol,date,open,high,low,close,volume,source,collected_at
STPL,2016-05-11,9.17,9.38,8.82,9.08,1233500,psxdata,2026-05-11T12:54:30
STPL,2016-05-12,9.15,9.75,9.12,9.46,954500,psxdata,2026-05-11T12:54:30
STPL,2016-05-13,9.5,9.67,9.26,9.56,225000,psxdata,2026-05-11T12:54:30
STPL,2016-05-16,9.45,9.52,9.35,9.4,78500,psxdata,2026-05-11T12:54:30
STPL,2016-05-17,9.13,9.57,9.1,9.49,273500,psxdata,2026-05-11T12:54:30
STPL,2016-05-18,9.24,9.54,9.24,9.46,63000,psxdata,2026-05-11T12:54:30
STPL,2016-05-19,9.35,10.44,9.35,10.26,1580500,psxdata,2026-05-11T12:54:30
STPL,2016-05-20,10.49,11.26,10.4,11.24,2550000,psxdata,2026-05-11T12:54:30
STPL,2016-05-23,11.71,11.95,10.95,11.84,1182000,psxdata,2026-05-11T12:54:30
STPL,2016-05-24,11.75,12.45,11.5,12.36,1139500,psxdata,2026-05-11T12:54:30
STPL,2016-05-25,12.4,13.36,12.4,12.82,4487500,psxdata,2026-05-11T12:54:30
STPL,2016-05-26,12.85,13.6,12.55,12.91,2717500,psxdata,2026-05-11T12:54:30
STPL,2016-05-27,12.9,13.25,12.51,13.0,1242500,psxdata,2026-05-11T12:54:30
STPL,2016-05-30,13.35,13.5,12.6,12.65,507000,psxdata,2026-05-11T12:54:30
STPL,2016-05-31,12.43,13.2,12.26,12.48,493000,psxdata,2026-05-11T12:54:30
STPL,2016-06-01,12.9,13.24,12.48,13.09,1148000,psxdata,2026-05-11T12:54:30
STPL,2016-06-02,13.09,13.25,12.4,12.52,410500,psxdata,2026-05-11T12:54:30
STPL,2016-06-03,12.7,12.76,12.21,12.28,87500,psxdata,2026-05-11T12:54:30
STPL,2016-06-06,12.15,12.47,12.1,12.27,119000,psxdata,2026-05-11T12:54:30
STPL,2016-06-07,12.39,12.5,11.7,11.74,104500,psxdata,2026-05-11T12:54:30
STPL,2016-06-08,11.65,11.68,11.4,11.61,105500,psxdata,2026-05-11T12:54:30
STPL,2016-06-09,11.6,11.6,11.2,11.28,56500,psxdata,2026-05-11T12:54:30
STPL,2016-06-10,11.02,11.1,10.32,10.36,427500,psxdata,2026-05-11T12:54:30
STPL,2016-06-13,10.39,10.49,10.1,10.25,81000,psxdata,2026-05-11T12:54:30
STPL,2016-06-14,10.7,10.72,10.31,10.34,146000,psxdata,2026-05-11T12:54:30
STPL,2016-06-15,10.45,10.74,10.34,10.41,85000,psxdata,2026-05-11T12:54:30
STPL,2016-06-16,10.31,10.45,9.84,10.0,238500,psxdata,2026-05-11T12:54:30
STPL,2016-06-17,10.29,10.29,9.6,9.89,301500,psxdata,2026-05-11T12:54:30
STPL,2016-06-20,9.99,10.21,9.99,10.15,59000,psxdata,2026-05-11T12:54:30
STPL,2016-06-21,10.2,10.38,10.1,10.29,88500,psxdata,2026-05-11T12:54:30
STPL,2016-06-22,10.1,10.14,9.7,10.1,163000,psxdata,2026-05-11T12:54:30
STPL,2016-06-23,9.98,10.13,9.98,10.02,69000,psxdata,2026-05-11T12:54:30
STPL,2016-06-24,9.81,9.81,9.4,9.77,172000,psxdata,2026-05-11T12:54:30
STPL,2016-06-27,9.9,9.9,9.7,9.85,24500,psxdata,2026-05-11T12:54:30
STPL,2016-06-28,9.8,10.23,9.77,10.2,168000,psxdata,2026-05-11T12:54:30
STPL,2016-06-29,10.34,10.5,10.2,10.46,134000,psxdata,2026-05-11T12:54:30
STPL,2016-06-30,10.54,11.0,10.54,10.76,247500,psxdata,2026-05-11T12:54:30
STPL,2016-07-04,10.57,10.62,10.5,10.54,20500,psxdata,2026-05-11T12:54:30
STPL,2016-07-11,10.25,10.6,10.25,10.45,39500,psxdata,2026-05-11T12:54:30
STPL,2016-07-12,10.32,10.5,9.99,10.02,396500,psxdata,2026-05-11T12:54:30
STPL,2016-07-13,10.0,10.15,9.82,9.86,125000,psxdata,2026-05-11T12:54:30
STPL,2016-07-14,9.85,9.99,9.76,9.83,134500,psxdata,2026-05-11T12:54:30
STPL,2016-07-15,9.76,9.95,9.7,9.77,95500,psxdata,2026-05-11T12:54:30
STPL,2016-07-18,9.75,9.85,9.7,9.75,126000,psxdata,2026-05-11T12:54:30
STPL,2016-07-19,9.95,10.66,9.8,10.42,503500,psxdata,2026-05-11T12:54:30
STPL,2016-07-20,10.42,10.65,10.25,10.35,85500,psxdata,2026-05-11T12:54:30
STPL,2016-07-21,10.39,10.75,10.15,10.28,560000,psxdata,2026-05-11T12:54:30
STPL,2016-07-22,10.4,10.7,10.33,10.61,727000,psxdata,2026-05-11T12:54:30
STPL,2016-07-25,10.5,11.35,10.37,11.09,1165500,psxdata,2026-05-11T12:54:30
STPL,2016-07-26,11.0,11.1,10.75,10.8,262000,psxdata,2026-05-11T12:54:30
STPL,2016-07-27,10.85,10.93,10.5,10.57,127500,psxdata,2026-05-11T12:54:30
STPL,2016-07-28,10.61,10.88,10.3,10.36,265500,psxdata,2026-05-11T12:54:30
STPL,2016-07-29,10.49,10.63,10.24,10.35,233000,psxdata,2026-05-11T12:54:30
STPL,2016-08-01,10.35,10.6,10.35,10.42,103500,psxdata,2026-05-11T12:54:30
STPL,2016-08-02,10.65,10.65,10.03,10.16,284500,psxdata,2026-05-11T12:54:30
STPL,2016-08-03,10.16,10.25,10.03,10.09,201000,psxdata,2026-05-11T12:54:30
STPL,2016-08-04,10.15,10.25,10.0,10.02,154000,psxdata,2026-05-11T12:54:30
STPL,2016-08-05,10.25,10.25,9.94,10.0,262500,psxdata,2026-05-11T12:54:30
STPL,2016-08-08,10.24,10.35,10.02,10.23,161000,psxdata,2026-05-11T12:54:30
STPL,2016-08-09,10.3,10.93,10.3,10.75,987500,psxdata,2026-05-11T12:54:30
STPL,2016-08-10,10.6,10.74,10.44,10.49,346500,psxdata,2026-05-11T12:54:30
STPL,2016-08-11,10.59,10.95,10.45,10.49,703000,psxdata,2026-05-11T12:54:30
STPL,2016-08-12,10.6,11.14,10.6,10.85,1550500,psxdata,2026-05-11T12:54:30
STPL,2016-08-15,11.07,11.85,11.05,11.38,3825500,psxdata,2026-05-11T12:54:30
STPL,2016-08-16,11.35,11.74,10.8,10.87,964500,psxdata,2026-05-11T12:54:30
STPL,2016-08-17,10.9,11.55,10.9,11.38,864000,psxdata,2026-05-11T12:54:30
STPL,2016-08-18,11.1,11.8,10.51,10.58,2410500,psxdata,2026-05-11T12:54:30
STPL,2016-08-19,10.75,10.97,10.49,10.6,934000,psxdata,2026-05-11T12:54:30
STPL,2016-08-22,10.7,10.8,10.63,10.69,142000,psxdata,2026-05-11T12:54:30
STPL,2016-08-23,10.7,11.1,10.6,10.75,1239500,psxdata,2026-05-11T12:54:30
STPL,2016-08-24,10.87,10.9,10.67,10.7,293500,psxdata,2026-05-11T12:54:30
STPL,2016-08-25,10.75,10.8,10.6,10.67,404000,psxdata,2026-05-11T12:54:30
STPL,2016-08-26,10.67,11.09,10.56,10.68,324000,psxdata,2026-05-11T12:54:30
STPL,2016-08-29,10.63,11.18,10.63,10.82,718500,psxdata,2026-05-11T12:54:30
STPL,2016-08-30,10.85,11.44,10.81,11.16,1049500,psxdata,2026-05-11T12:54:30
STPL,2016-08-31,11.15,12.16,11.15,12.08,2897500,psxdata,2026-05-11T12:54:30
STPL,2016-09-01,12.3,12.45,11.5,11.62,1613500,psxdata,2026-05-11T12:54:30
STPL,2016-09-02,11.84,12.38,11.5,12.04,1050500,psxdata,2026-05-11T12:54:30
STPL,2016-09-05,12.09,13.04,12.09,13.04,3301000,psxdata,2026-05-11T12:54:30
STPL,2016-09-06,13.38,13.9,13.14,13.23,3630500,psxdata,2026-05-11T12:54:30
STPL,2016-09-07,13.49,13.49,12.7,12.79,1728500,psxdata,2026-05-11T12:54:30
STPL,2016-09-08,12.75,12.98,12.2,12.31,787000,psxdata,2026-05-11T12:54:30
STPL,2016-09-09,12.35,13.19,12.35,12.79,1866000,psxdata,2026-05-11T12:54:30
STPL,2016-09-15,12.9,13.15,12.5,12.88,677000,psxdata,2026-05-11T12:54:30
STPL,2016-09-16,12.85,13.1,12.7,12.8,1190000,psxdata,2026-05-11T12:54:30
STPL,2016-09-19,12.9,13.0,12.5,12.6,876500,psxdata,2026-05-11T12:54:30
STPL,2016-09-20,12.65,12.8,12.15,12.3,938500,psxdata,2026-05-11T12:54:30
STPL,2016-09-21,12.4,12.4,11.3,11.37,1001500,psxdata,2026-05-11T12:54:30
STPL,2016-09-22,11.69,12.08,11.63,11.83,704500,psxdata,2026-05-11T12:54:30
STPL,2016-09-23,11.9,12.09,11.6,11.87,695500,psxdata,2026-05-11T12:54:30
STPL,2016-09-26,12.1,12.87,12.1,12.54,3103000,psxdata,2026-05-11T12:54:30
STPL,2016-09-27,12.8,13.43,12.5,12.67,2772000,psxdata,2026-05-11T12:54:30
STPL,2016-09-28,12.7,13.05,12.35,12.57,1015000,psxdata,2026-05-11T12:54:30
STPL,2016-09-29,12.52,12.95,12.15,12.37,1024000,psxdata,2026-05-11T12:54:30
STPL,2016-09-30,12.68,13.37,12.15,13.37,1069000,psxdata,2026-05-11T12:54:30
STPL,2016-10-03,14.37,14.37,14.37,14.37,319500,psxdata,2026-05-11T12:54:30
STPL,2016-10-04,14.0,14.59,13.62,14.16,4698500,psxdata,2026-05-11T12:54:30
STPL,2016-10-05,14.25,14.7,14.2,14.51,3355500,psxdata,2026-05-11T12:54:30
STPL,2016-10-06,14.51,14.7,14.0,14.15,1606000,psxdata,2026-05-11T12:54:30
STPL,2016-10-07,14.11,14.38,13.96,14.05,722000,psxdata,2026-05-11T12:54:30
STPL,2016-10-10,14.16,14.25,13.89,13.94,529500,psxdata,2026-05-11T12:54:30
STPL,2016-10-13,13.82,14.55,13.82,14.33,1359000,psxdata,2026-05-11T12:54:30
STPL,2016-10-14,14.21,15.33,14.0,15.24,3575500,psxdata,2026-05-11T12:54:30
STPL,2016-10-17,15.25,15.25,14.48,14.55,1256500,psxdata,2026-05-11T12:54:30
STPL,2016-10-18,14.51,14.59,14.02,14.43,602500,psxdata,2026-05-11T12:54:30
STPL,2016-10-19,14.45,14.47,14.0,14.3,455500,psxdata,2026-05-11T12:54:30
STPL,2016-10-20,14.43,14.91,14.34,14.42,1258000,psxdata,2026-05-11T12:54:30
STPL,2016-10-21,14.3,14.5,13.8,13.96,435000,psxdata,2026-05-11T12:54:30
STPL,2016-10-24,13.9,13.9,13.5,13.6,225000,psxdata,2026-05-11T12:54:30
STPL,2016-10-25,13.4,13.48,12.85,13.44,240500,psxdata,2026-05-11T12:54:30
STPL,2016-10-26,13.85,13.85,13.02,13.21,285500,psxdata,2026-05-11T12:54:30
STPL,2016-10-27,13.0,13.95,12.52,13.44,1054000,psxdata,2026-05-11T12:54:30
STPL,2016-10-28,13.29,13.95,12.81,13.57,953500,psxdata,2026-05-11T12:54:30
STPL,2016-10-31,13.6,14.45,13.5,14.21,845000,psxdata,2026-05-11T12:54:30
STPL,2016-11-01,14.25,15.19,14.15,15.05,2217500,psxdata,2026-05-11T12:54:30
STPL,2016-11-02,15.4,15.59,14.53,14.83,2462000,psxdata,2026-05-11T12:54:30
STPL,2016-11-03,14.8,14.86,14.5,14.67,921500,psxdata,2026-05-11T12:54:30
STPL,2016-11-04,14.75,14.84,14.43,14.48,439500,psxdata,2026-05-11T12:54:30
STPL,2016-11-07,14.75,14.75,14.35,14.4,271000,psxdata,2026-05-11T12:54:30
STPL,2016-11-08,14.3,15.4,14.3,15.37,2583000,psxdata,2026-05-11T12:54:30
STPL,2016-11-09,14.89,16.37,14.65,16.37,2724500,psxdata,2026-05-11T12:54:30
STPL,2016-11-10,17.0,17.37,16.93,17.02,3152500,psxdata,2026-05-11T12:54:30
STPL,2016-11-11,17.0,17.25,16.66,16.85,678000,psxdata,2026-05-11T12:54:30
STPL,2016-11-14,17.2,17.4,16.52,16.82,1249000,psxdata,2026-05-11T12:54:30
STPL,2016-11-15,16.76,16.95,16.2,16.45,467500,psxdata,2026-05-11T12:54:30
STPL,2016-11-16,16.85,16.85,16.2,16.44,441000,psxdata,2026-05-11T12:54:30
STPL,2016-11-17,16.49,16.5,16.27,16.39,185000,psxdata,2026-05-11T12:54:30
STPL,2016-11-18,16.42,17.39,16.3,17.23,3402000,psxdata,2026-05-11T12:54:30
STPL,2016-11-21,17.05,17.7,16.8,16.93,2228500,psxdata,2026-05-11T12:54:30
STPL,2016-11-22,17.0,17.08,16.79,16.8,446000,psxdata,2026-05-11T12:54:30
STPL,2016-11-23,16.85,17.2,16.61,16.67,644500,psxdata,2026-05-11T12:54:30
STPL,2016-11-24,16.61,16.99,16.2,16.24,640500,psxdata,2026-05-11T12:54:30
STPL,2016-11-25,16.35,16.55,16.18,16.21,209500,psxdata,2026-05-11T12:54:30
STPL,2016-11-28,16.25,16.75,16.25,16.43,392500,psxdata,2026-05-11T12:54:30
STPL,2016-11-29,16.52,16.86,16.5,16.53,288000,psxdata,2026-05-11T12:54:30
STPL,2016-11-30,16.45,16.98,16.45,16.51,493500,psxdata,2026-05-11T12:54:30
STPL,2016-12-01,16.9,17.1,16.41,16.48,601000,psxdata,2026-05-11T12:54:30
STPL,2016-12-02,16.05,16.84,16.05,16.23,266000,psxdata,2026-05-11T12:54:30
STPL,2016-12-05,16.44,16.46,15.95,16.03,207000,psxdata,2026-05-11T12:54:30
STPL,2016-12-06,16.06,16.28,15.85,15.98,227000,psxdata,2026-05-11T12:54:30
STPL,2016-12-07,16.02,16.27,15.7,15.92,180000,psxdata,2026-05-11T12:54:30
STPL,2016-12-08,15.66,15.89,15.66,15.79,124500,psxdata,2026-05-11T12:54:30
STPL,2016-12-09,15.85,16.34,15.78,15.88,347500,psxdata,2026-05-11T12:54:30
STPL,2016-12-13,16.21,16.35,15.91,15.93,280500,psxdata,2026-05-11T12:54:30
STPL,2016-12-14,16.0,16.05,15.7,15.98,126500,psxdata,2026-05-11T12:54:30
STPL,2016-12-15,16.0,16.09,15.8,15.8,66000,psxdata,2026-05-11T12:54:30
STPL,2016-12-16,15.65,16.63,15.65,16.34,779500,psxdata,2026-05-11T12:54:30
STPL,2016-12-19,16.45,16.65,16.35,16.39,391500,psxdata,2026-05-11T12:54:30
STPL,2016-12-20,16.4,16.45,16.21,16.3,263000,psxdata,2026-05-11T12:54:30
STPL,2016-12-21,16.3,16.3,15.6,15.99,178500,psxdata,2026-05-11T12:54:30
STPL,2016-12-22,16.19,16.19,15.65,15.69,141000,psxdata,2026-05-11T12:54:30
STPL,2016-12-23,15.65,15.74,15.52,15.65,63500,psxdata,2026-05-11T12:54:30
STPL,2016-12-26,15.8,16.5,15.51,16.11,495000,psxdata,2026-05-11T12:54:30
STPL,2016-12-27,16.32,16.47,15.84,15.87,148000,psxdata,2026-05-11T12:54:30
STPL,2016-12-28,15.95,16.0,15.82,15.85,65500,psxdata,2026-05-11T12:54:30
STPL,2016-12-29,16.0,16.36,16.0,16.11,313000,psxdata,2026-05-11T12:54:30
STPL,2016-12-30,16.0,17.1,16.0,16.68,856500,psxdata,2026-05-11T12:54:30
STPL,2017-01-02,16.7,17.05,16.55,16.85,256000,psxdata,2026-05-11T12:54:30
STPL,2017-01-03,16.62,16.9,16.51,16.53,139000,psxdata,2026-05-11T12:54:30
STPL,2017-01-04,16.6,16.65,16.23,16.43,117500,psxdata,2026-05-11T12:54:30
STPL,2017-01-05,16.3,16.94,16.3,16.72,408500,psxdata,2026-05-11T12:54:30
STPL,2017-01-06,17.0,17.2,16.63,16.74,354500,psxdata,2026-05-11T12:54:30
STPL,2017-01-09,16.9,17.1,16.77,16.96,288000,psxdata,2026-05-11T12:54:30
STPL,2017-01-10,16.8,17.4,16.8,16.95,345500,psxdata,2026-05-11T12:54:30
STPL,2017-01-11,17.0,17.5,16.92,17.28,1258000,psxdata,2026-05-11T12:54:30
STPL,2017-01-12,17.5,18.28,17.45,18.28,1762000,psxdata,2026-05-11T12:54:30
STPL,2017-01-13,19.28,19.28,18.7,19.28,602500,psxdata,2026-05-11T12:54:30
STPL,2017-01-16,19.48,20.28,18.28,18.32,2794000,psxdata,2026-05-11T12:54:30
STPL,2017-01-17,18.23,18.7,17.4,18.05,1228000,psxdata,2026-05-11T12:54:30
STPL,2017-01-18,18.0,18.36,17.56,18.02,934500,psxdata,2026-05-11T12:54:30
STPL,2017-01-19,18.25,18.85,18.25,18.6,1054500,psxdata,2026-05-11T12:54:30
STPL,2017-01-20,18.66,19.25,18.06,18.5,602000,psxdata,2026-05-11T12:54:30
STPL,2017-01-23,18.94,19.5,18.6,19.5,608000,psxdata,2026-05-11T12:54:30
STPL,2017-01-24,20.25,20.5,19.42,19.62,2445000,psxdata,2026-05-11T12:54:30
STPL,2017-01-25,19.6,19.75,18.86,19.04,1323000,psxdata,2026-05-11T12:54:30
STPL,2017-01-26,19.15,19.41,18.75,19.04,257000,psxdata,2026-05-11T12:54:30
STPL,2017-01-27,19.35,19.36,18.51,18.56,341500,psxdata,2026-05-11T12:54:30
STPL,2017-01-30,18.51,18.6,17.56,17.66,313000,psxdata,2026-05-11T12:54:30
STPL,2017-01-31,18.0,18.34,17.56,17.89,220500,psxdata,2026-05-11T12:54:30
STPL,2017-02-01,18.01,18.5,18.0,18.23,209500,psxdata,2026-05-11T12:54:30
STPL,2017-02-02,18.4,19.23,18.4,19.23,1400500,psxdata,2026-05-11T12:54:30
STPL,2017-02-03,19.69,20.1,18.95,19.91,624500,psxdata,2026-05-11T12:54:30
STPL,2017-02-06,20.39,20.91,20.11,20.82,1363000,psxdata,2026-05-11T12:54:30
STPL,2017-02-07,21.11,21.86,21.11,21.27,1618500,psxdata,2026-05-11T12:54:30
STPL,2017-02-08,21.31,21.54,20.5,20.84,567500,psxdata,2026-05-11T12:54:30
STPL,2017-02-09,20.9,21.88,20.7,21.51,1462000,psxdata,2026-05-11T12:54:30
STPL,2017-02-10,21.5,22.48,21.1,21.79,931500,psxdata,2026-05-11T12:54:30
STPL,2017-02-13,21.2,22.02,20.77,21.15,471000,psxdata,2026-05-11T12:54:30
STPL,2017-02-14,20.55,21.38,20.3,20.89,464500,psxdata,2026-05-11T12:54:30
STPL,2017-02-15,21.37,21.37,19.85,20.16,363500,psxdata,2026-05-11T12:54:30
STPL,2017-02-16,20.2,20.6,20.0,20.08,366500,psxdata,2026-05-11T12:54:30
STPL,2017-02-17,20.1,21.08,19.75,20.61,1009000,psxdata,2026-05-11T12:54:30
STPL,2017-02-20,20.98,20.98,19.65,19.73,408500,psxdata,2026-05-11T12:54:30
STPL,2017-02-21,19.5,19.99,19.3,19.52,203500,psxdata,2026-05-11T12:54:30
STPL,2017-02-22,19.5,19.5,18.9,18.98,206500,psxdata,2026-05-11T12:54:30
STPL,2017-02-23,18.99,19.4,18.98,19.26,140500,psxdata,2026-05-11T12:54:30
STPL,2017-02-24,20.26,20.26,20.0,20.26,1908500,psxdata,2026-05-11T12:54:30
STPL,2017-02-27,20.65,20.67,19.28,19.53,969500,psxdata,2026-05-11T12:54:30
STPL,2017-02-28,19.4,19.7,18.53,18.91,514000,psxdata,2026-05-11T12:54:30
STPL,2017-03-01,19.1,19.7,18.93,19.28,1416500,psxdata,2026-05-11T12:54:30
STPL,2017-03-02,19.55,19.9,19.33,19.42,765500,psxdata,2026-05-11T12:54:30
STPL,2017-03-03,19.67,20.42,19.25,20.23,2854500,psxdata,2026-05-11T12:54:30
STPL,2017-03-06,20.43,21.24,19.96,21.24,1635000,psxdata,2026-05-11T12:54:30
STPL,2017-03-07,21.47,21.65,20.71,20.89,1155500,psxdata,2026-05-11T12:54:30
STPL,2017-03-08,20.89,21.93,20.89,21.93,2266500,psxdata,2026-05-11T12:54:30
STPL,2017-03-09,22.19,22.6,21.1,21.38,1081500,psxdata,2026-05-11T12:54:30
STPL,2017-03-10,21.01,21.7,20.89,21.18,602500,psxdata,2026-05-11T12:54:30
STPL,2017-03-13,21.21,21.3,20.13,20.26,1225000,psxdata,2026-05-11T12:54:30
STPL,2017-03-14,20.0,20.33,19.45,19.9,565000,psxdata,2026-05-11T12:54:30
STPL,2017-03-15,19.56,20.38,19.56,19.9,322500,psxdata,2026-05-11T12:54:30
STPL,2017-03-16,19.98,20.13,19.5,19.76,359500,psxdata,2026-05-11T12:54:30
STPL,2017-03-17,19.8,20.44,19.8,19.99,763500,psxdata,2026-05-11T12:54:30
STPL,2017-03-20,20.1,20.95,20.1,20.85,858500,psxdata,2026-05-11T12:54:30
STPL,2017-03-21,20.88,21.89,20.5,21.89,1309500,psxdata,2026-05-11T12:54:30
STPL,2017-03-22,22.2,22.84,22.06,22.16,1777000,psxdata,2026-05-11T12:54:30
STPL,2017-03-24,22.05,22.49,21.61,21.74,647000,psxdata,2026-05-11T12:54:30
STPL,2017-03-27,21.69,22.35,21.45,21.77,732000,psxdata,2026-05-11T12:54:30
STPL,2017-03-28,22.15,22.19,21.7,21.81,404000,psxdata,2026-05-11T12:54:30
STPL,2017-03-29,21.95,22.56,21.85,22.05,1719000,psxdata,2026-05-11T12:54:30
STPL,2017-03-30,21.8,22.16,21.0,21.17,1146000,psxdata,2026-05-11T12:54:30
STPL,2017-03-31,21.15,21.97,20.7,21.88,578500,psxdata,2026-05-11T12:54:30
STPL,2017-04-03,22.23,22.23,21.5,21.72,487000,psxdata,2026-05-11T12:54:30
STPL,2017-04-04,21.94,21.95,21.3,21.38,268000,psxdata,2026-05-11T12:54:30
STPL,2017-04-05,21.49,21.5,20.9,21.0,352500,psxdata,2026-05-11T12:54:30
STPL,2017-04-06,20.61,21.25,20.55,20.66,181000,psxdata,2026-05-11T12:54:30
STPL,2017-04-07,20.58,21.25,20.58,21.08,364500,psxdata,2026-05-11T12:54:30
STPL,2017-04-10,20.27,20.9,20.15,20.28,401500,psxdata,2026-05-11T12:54:30
STPL,2017-04-11,20.5,20.9,20.0,20.56,804000,psxdata,2026-05-11T12:54:30
STPL,2017-04-12,20.66,21.58,20.54,21.58,1186500,psxdata,2026-05-11T12:54:30
STPL,2017-04-13,22.1,22.48,21.18,21.44,1333500,psxdata,2026-05-11T12:54:30
STPL,2017-04-14,21.95,22.2,21.28,21.43,556500,psxdata,2026-05-11T12:54:30
STPL,2017-04-17,21.4,21.74,20.37,20.72,334500,psxdata,2026-05-11T12:54:30
STPL,2017-04-18,20.8,21.3,20.5,20.68,949000,psxdata,2026-05-11T12:54:30
STPL,2017-04-19,19.8,21.2,19.74,20.98,509500,psxdata,2026-05-11T12:54:30
STPL,2017-04-20,20.7,22.02,20.7,21.86,1800000,psxdata,2026-05-11T12:54:30
STPL,2017-04-21,22.2,22.95,22.0,22.94,2537000,psxdata,2026-05-11T12:54:30
STPL,2017-04-24,23.35,23.35,22.65,22.84,1574500,psxdata,2026-05-11T12:54:30
STPL,2017-04-25,23.0,23.09,22.11,22.2,496000,psxdata,2026-05-11T12:54:30
STPL,2017-04-26,22.0,22.5,21.8,22.12,497000,psxdata,2026-05-11T12:54:30
STPL,2017-04-27,22.0,23.22,22.0,23.07,2021500,psxdata,2026-05-11T12:54:30
STPL,2017-04-28,23.2,23.2,22.35,22.49,1543500,psxdata,2026-05-11T12:54:30
STPL,2017-05-02,21.76,22.6,21.42,21.59,410500,psxdata,2026-05-11T12:54:30
STPL,2017-05-03,21.26,21.65,20.61,20.76,591000,psxdata,2026-05-11T12:54:30
STPL,2017-05-04,20.9,21.59,20.51,21.31,399500,psxdata,2026-05-11T12:54:30
STPL,2017-05-05,21.59,22.37,21.23,22.37,998000,psxdata,2026-05-11T12:54:30
STPL,2017-05-08,23.48,23.48,23.48,23.48,142000,psxdata,2026-05-11T12:54:30
STPL,2017-05-09,24.65,24.65,23.5,23.8,3412000,psxdata,2026-05-11T12:54:30
STPL,2017-05-10,23.9,23.9,23.1,23.25,526000,psxdata,2026-05-11T12:54:30
STPL,2017-05-11,23.69,23.69,22.76,22.95,914500,psxdata,2026-05-11T12:54:30
STPL,2017-05-12,23.05,24.09,23.0,24.09,2353500,psxdata,2026-05-11T12:54:30
STPL,2017-05-15,24.5,25.1,23.7,24.59,2595000,psxdata,2026-05-11T12:54:30
STPL,2017-05-16,24.52,25.07,24.05,24.15,2326000,psxdata,2026-05-11T12:54:30
STPL,2017-05-17,24.25,24.5,24.0,24.24,1110500,psxdata,2026-05-11T12:54:30
STPL,2017-05-18,24.25,25.45,24.25,25.45,3045500,psxdata,2026-05-11T12:54:30
STPL,2017-05-19,25.79,26.72,25.2,26.72,3890000,psxdata,2026-05-11T12:54:30
STPL,2017-05-22,27.05,28.05,26.95,28.05,1966000,psxdata,2026-05-11T12:54:30
STPL,2017-05-23,28.89,29.45,28.5,29.45,1175000,psxdata,2026-05-11T12:54:30
STPL,2017-05-24,30.92,30.92,29.9,30.92,5474000,psxdata,2026-05-11T12:54:30
STPL,2017-05-25,32.46,32.46,32.46,32.46,1075500,psxdata,2026-05-11T12:54:30
STPL,2017-05-26,34.08,34.08,33.0,34.08,1225000,psxdata,2026-05-11T12:54:30
STPL,2017-05-29,34.0,35.78,33.25,35.78,2483500,psxdata,2026-05-11T12:54:30
STPL,2017-05-30,36.85,37.56,34.0,34.0,2130500,psxdata,2026-05-11T12:54:30
STPL,2017-05-31,32.91,35.7,32.3,35.7,3102500,psxdata,2026-05-11T12:54:30
STPL,2017-06-01,37.3,37.48,33.92,35.36,4348000,psxdata,2026-05-11T12:54:30
STPL,2017-06-02,33.9,36.27,33.66,35.44,2664500,psxdata,2026-05-11T12:54:30
STPL,2017-06-05,35.51,37.21,35.5,36.82,2342000,psxdata,2026-05-11T12:54:30
STPL,2017-06-06,37.2,38.66,35.6,38.66,4532500,psxdata,2026-05-11T12:54:30
STPL,2017-06-07,40.0,40.59,39.66,40.59,1235500,psxdata,2026-05-11T12:54:30
STPL,2017-06-08,42.61,42.61,39.0,40.67,4742000,psxdata,2026-05-11T12:54:30
STPL,2017-06-09,40.99,40.99,38.64,38.64,1436000,psxdata,2026-05-11T12:54:30
STPL,2017-06-12,37.1,37.2,36.71,36.71,927500,psxdata,2026-05-11T12:54:30
STPL,2017-06-13,35.5,37.75,34.88,34.99,3919000,psxdata,2026-05-11T12:54:30
STPL,2017-06-14,35.74,35.84,33.25,33.25,2420000,psxdata,2026-05-11T12:54:30
STPL,2017-06-15,32.25,34.91,31.72,34.91,4179500,psxdata,2026-05-11T12:54:30
STPL,2017-06-16,35.05,36.48,33.25,34.0,1663500,psxdata,2026-05-11T12:54:30
STPL,2017-06-19,34.0,34.4,32.3,32.47,823000,psxdata,2026-05-11T12:54:30
STPL,2017-06-20,31.89,33.0,30.85,30.85,1038500,psxdata,2026-05-11T12:54:30
STPL,2017-06-21,29.31,29.8,29.31,29.31,1502500,psxdata,2026-05-11T12:54:30
STPL,2017-06-22,28.95,30.44,27.85,27.87,3827000,psxdata,2026-05-11T12:54:30
STPL,2017-06-29,27.25,27.85,26.48,26.48,693000,psxdata,2026-05-11T12:54:30
STPL,2017-06-30,25.8,27.8,25.4,27.33,2219000,psxdata,2026-05-11T12:54:30
STPL,2017-07-03,26.4,26.65,25.97,25.97,585500,psxdata,2026-05-11T12:54:30
STPL,2017-07-04,25.1,26.5,24.69,25.43,2094000,psxdata,2026-05-11T12:54:30
STPL,2017-07-05,25.2,26.31,24.16,24.31,1556500,psxdata,2026-05-11T12:54:30
STPL,2017-07-06,23.75,24.65,23.1,23.1,972500,psxdata,2026-05-11T12:54:30
STPL,2017-07-07,22.8,24.25,22.53,24.25,2393000,psxdata,2026-05-11T12:54:30
STPL,2017-07-10,24.02,25.46,23.3,25.46,1554000,psxdata,2026-05-11T12:54:30
STPL,2017-07-11,24.8,25.35,24.19,24.19,1341000,psxdata,2026-05-11T12:54:30
STPL,2017-07-12,23.55,24.25,23.05,23.28,2067000,psxdata,2026-05-11T12:54:30
STPL,2017-07-13,23.01,23.85,22.12,22.62,1373500,psxdata,2026-05-11T12:54:30
STPL,2017-07-14,22.61,23.47,22.51,23.16,993000,psxdata,2026-05-11T12:54:30
STPL,2017-07-17,23.2,23.8,22.62,23.62,579500,psxdata,2026-05-11T12:54:30
STPL,2017-07-18,23.85,24.8,23.75,24.8,1082500,psxdata,2026-05-11T12:54:30
STPL,2017-07-19,25.15,26.04,25.0,26.04,2304500,psxdata,2026-05-11T12:54:30
STPL,2017-07-20,26.89,27.34,26.01,27.18,3683500,psxdata,2026-05-11T12:54:30
STPL,2017-07-21,26.88,28.53,26.4,28.53,3174000,psxdata,2026-05-11T12:54:30
STPL,2017-07-24,29.0,29.95,29.0,29.95,2403000,psxdata,2026-05-11T12:54:30
STPL,2017-07-25,30.65,31.44,30.4,31.44,1716500,psxdata,2026-05-11T12:54:30
STPL,2017-07-26,32.39,32.8,30.3,31.28,4472500,psxdata,2026-05-11T12:54:30
STPL,2017-07-27,31.31,32.1,30.7,31.03,2201500,psxdata,2026-05-11T12:54:30
STPL,2017-07-28,29.48,32.0,29.48,31.62,3798000,psxdata,2026-05-11T12:54:30
STPL,2017-07-31,32.5,33.1,31.55,32.12,1719000,psxdata,2026-05-11T12:54:30
STPL,2017-08-01,32.45,32.85,31.7,31.94,1476000,psxdata,2026-05-11T12:54:30
STPL,2017-08-02,32.3,33.53,31.6,33.53,2710500,psxdata,2026-05-11T12:54:30
STPL,2017-08-03,35.2,35.2,35.15,35.2,305000,psxdata,2026-05-11T12:54:30
STPL,2017-08-04,36.47,36.96,34.51,34.98,3927000,psxdata,2026-05-11T12:54:30
STPL,2017-08-07,35.5,36.72,34.25,35.32,3820500,psxdata,2026-05-11T12:54:30
STPL,2017-08-08,34.9,35.75,33.7,34.03,1413000,psxdata,2026-05-11T12:54:30
STPL,2017-08-09,33.35,35.73,33.35,35.38,2425000,psxdata,2026-05-11T12:54:30
STPL,2017-08-10,35.38,36.35,34.5,34.89,2428000,psxdata,2026-05-11T12:54:30
STPL,2017-08-11,34.9,35.47,34.0,34.37,816500,psxdata,2026-05-11T12:54:30
STPL,2017-08-15,34.31,34.85,32.66,32.66,789500,psxdata,2026-05-11T12:54:30
STPL,2017-08-16,32.02,33.15,31.03,31.73,2837500,psxdata,2026-05-11T12:54:30
STPL,2017-08-17,31.66,32.01,30.15,30.15,2421500,psxdata,2026-05-11T12:54:30
STPL,2017-08-18,29.89,30.48,28.65,29.7,1968000,psxdata,2026-05-11T12:54:30
STPL,2017-08-21,30.1,30.29,28.22,28.22,648000,psxdata,2026-05-11T12:54:30
STPL,2017-08-22,27.5,27.66,26.81,26.81,2679500,psxdata,2026-05-11T12:54:30
STPL,2017-08-23,26.06,28.15,26.06,28.15,1726500,psxdata,2026-05-11T12:54:30
STPL,2017-08-24,28.89,29.22,26.75,26.88,2298000,psxdata,2026-05-11T12:54:30
STPL,2017-08-25,26.05,28.0,26.05,27.2,947500,psxdata,2026-05-11T12:54:30
STPL,2017-08-28,27.0,27.5,25.9,26.05,830000,psxdata,2026-05-11T12:54:30
STPL,2017-08-29,25.4,26.97,25.25,25.57,916500,psxdata,2026-05-11T12:54:30
STPL,2017-08-30,25.11,26.65,25.11,25.74,673000,psxdata,2026-05-11T12:54:30
STPL,2017-08-31,26.0,26.95,25.4,26.55,327000,psxdata,2026-05-11T12:54:30
STPL,2017-09-05,26.8,27.87,26.56,27.87,656500,psxdata,2026-05-11T12:54:30
STPL,2017-09-06,28.38,29.26,27.5,27.68,2979500,psxdata,2026-05-11T12:54:30
STPL,2017-09-07,27.5,27.9,26.3,26.34,1652500,psxdata,2026-05-11T12:54:30
STPL,2017-09-08,26.84,27.2,26.3,26.83,1101500,psxdata,2026-05-11T12:54:30
STPL,2017-09-11,27.3,27.75,26.1,26.38,586500,psxdata,2026-05-11T12:54:30
STPL,2017-09-12,26.21,26.78,25.07,25.09,1002500,psxdata,2026-05-11T12:54:30
STPL,2017-09-13,25.0,26.34,24.81,26.18,1657000,psxdata,2026-05-11T12:54:30
STPL,2017-09-14,26.2,26.99,25.85,26.39,1064500,psxdata,2026-05-11T12:54:30
STPL,2017-09-15,26.35,26.9,25.7,25.99,923000,psxdata,2026-05-11T12:54:30
STPL,2017-09-18,26.4,26.7,26.15,26.28,359500,psxdata,2026-05-11T12:54:30
STPL,2017-09-19,26.75,27.5,26.6,27.17,869000,psxdata,2026-05-11T12:54:30
STPL,2017-09-20,27.35,27.9,27.15,27.28,492000,psxdata,2026-05-11T12:54:30
STPL,2017-09-21,26.95,27.48,26.0,26.18,504500,psxdata,2026-05-11T12:54:30
STPL,2017-09-22,25.99,26.9,25.71,26.57,555000,psxdata,2026-05-11T12:54:30
STPL,2017-09-25,26.2,26.99,25.9,26.04,389000,psxdata,2026-05-11T12:54:30
STPL,2017-09-26,26.0,26.3,25.31,25.46,394000,psxdata,2026-05-11T12:54:30
STPL,2017-09-27,25.1,25.7,25.0,25.24,400000,psxdata,2026-05-11T12:54:30
STPL,2017-09-28,23.98,24.69,23.98,23.99,1290500,psxdata,2026-05-11T12:54:30
STPL,2017-09-29,23.6,25.18,23.05,25.18,1560500,psxdata,2026-05-11T12:54:30
STPL,2017-10-02,25.24,25.9,25.1,25.35,672500,psxdata,2026-05-11T12:54:30
STPL,2017-10-03,25.4,25.4,24.09,24.1,743500,psxdata,2026-05-11T12:54:30
STPL,2017-10-04,23.75,24.0,22.9,23.08,551500,psxdata,2026-05-11T12:54:30
STPL,2017-10-05,23.5,23.5,21.93,22.04,595000,psxdata,2026-05-11T12:54:30
STPL,2017-10-06,22.35,22.89,22.2,22.7,335500,psxdata,2026-05-11T12:54:30
STPL,2017-10-09,21.66,22.84,21.57,21.61,261500,psxdata,2026-05-11T12:54:30
STPL,2017-10-10,21.3,21.3,20.53,20.53,295000,psxdata,2026-05-11T12:54:30
STPL,2017-10-11,20.3,20.8,19.61,19.86,867000,psxdata,2026-05-11T12:54:30
STPL,2017-10-12,19.98,20.2,18.86,18.87,1212000,psxdata,2026-05-11T12:54:30
STPL,2017-10-13,18.16,18.5,17.87,17.87,1216000,psxdata,2026-05-11T12:54:30
STPL,2017-10-16,18.1,18.87,17.8,18.85,936500,psxdata,2026-05-11T12:54:30
STPL,2017-10-17,18.98,19.64,18.2,18.37,1585000,psxdata,2026-05-11T12:54:30
STPL,2017-10-18,18.03,18.48,17.6,18.15,436500,psxdata,2026-05-11T12:54:30
STPL,2017-10-19,17.75,19.15,17.75,19.14,929000,psxdata,2026-05-11T12:54:30
STPL,2017-10-20,19.29,20.14,19.02,20.03,1028500,psxdata,2026-05-11T12:54:30
STPL,2017-10-23,20.35,20.7,19.15,19.64,937500,psxdata,2026-05-11T12:54:30
STPL,2017-10-24,19.07,19.55,18.9,19.47,172000,psxdata,2026-05-11T12:54:30
STPL,2017-10-25,19.16,19.9,19.0,19.8,239500,psxdata,2026-05-11T12:54:30
STPL,2017-10-26,19.94,20.42,18.8,18.94,591000,psxdata,2026-05-11T12:54:30
STPL,2017-10-27,18.02,18.3,17.94,17.94,507000,psxdata,2026-05-11T12:54:30
STPL,2017-10-30,17.49,17.85,16.94,16.94,445000,psxdata,2026-05-11T12:54:30
STPL,2017-10-31,16.5,16.79,15.94,15.96,1011500,psxdata,2026-05-11T12:54:30
STPL,2017-11-01,15.66,16.77,15.66,16.31,565000,psxdata,2026-05-11T12:54:30
STPL,2017-11-02,16.14,16.75,15.59,15.66,432500,psxdata,2026-05-11T12:54:30
STPL,2017-11-03,15.5,16.5,15.5,16.35,402500,psxdata,2026-05-11T12:54:30
STPL,2017-11-06,16.15,16.6,16.08,16.25,190000,psxdata,2026-05-11T12:54:30
STPL,2017-11-07,16.01,17.15,16.01,16.65,593000,psxdata,2026-05-11T12:54:30
STPL,2017-11-08,16.55,16.9,16.35,16.72,291000,psxdata,2026-05-11T12:54:30
STPL,2017-11-09,16.9,17.72,16.8,17.72,830500,psxdata,2026-05-11T12:54:30
STPL,2017-11-10,17.99,18.72,17.99,18.72,187500,psxdata,2026-05-11T12:54:30
STPL,2017-11-13,19.0,19.59,18.5,18.72,1432000,psxdata,2026-05-11T12:54:30
STPL,2017-11-14,18.65,19.72,18.65,19.72,1145500,psxdata,2026-05-11T12:54:30
STPL,2017-11-15,20.15,20.72,19.8,20.72,1886500,psxdata,2026-05-11T12:54:30
STPL,2017-11-16,21.2,21.75,20.8,21.75,2227000,psxdata,2026-05-11T12:54:30
STPL,2017-11-17,22.0,22.83,22.0,22.83,149000,psxdata,2026-05-11T12:54:30
STPL,2017-11-20,23.97,23.97,23.1,23.96,1245000,psxdata,2026-05-11T12:54:30
STPL,2017-11-21,24.74,24.74,22.77,23.19,1746000,psxdata,2026-05-11T12:54:30
STPL,2017-11-22,23.08,24.34,22.7,24.34,376500,psxdata,2026-05-11T12:54:30
STPL,2017-11-23,24.84,25.55,24.7,25.55,1248000,psxdata,2026-05-11T12:54:30
STPL,2017-11-24,26.0,26.82,25.37,26.82,1405500,psxdata,2026-05-11T12:54:30
STPL,2017-11-27,26.8,28.16,26.0,28.16,1191500,psxdata,2026-05-11T12:54:30
STPL,2017-11-28,29.45,29.56,26.76,26.9,1738000,psxdata,2026-05-11T12:54:30
STPL,2017-11-29,26.8,27.43,25.56,25.59,679000,psxdata,2026-05-11T12:54:30
STPL,2017-11-30,24.99,26.86,24.35,26.86,1197500,psxdata,2026-05-11T12:54:30
STPL,2017-12-04,28.0,28.2,28.0,28.2,201000,psxdata,2026-05-11T12:54:30
STPL,2017-12-05,28.9,29.61,27.7,28.38,2265000,psxdata,2026-05-11T12:54:30
STPL,2017-12-06,28.99,29.79,28.01,29.79,1032500,psxdata,2026-05-11T12:54:30
STPL,2017-12-07,30.0,31.0,28.31,28.32,1219500,psxdata,2026-05-11T12:54:30
STPL,2017-12-08,27.5,29.69,27.0,28.73,789000,psxdata,2026-05-11T12:54:30
STPL,2017-12-11,28.2,29.45,27.3,27.31,252000,psxdata,2026-05-11T12:54:30
STPL,2017-12-12,26.75,27.99,25.95,26.93,670500,psxdata,2026-05-11T12:54:30
STPL,2017-12-13,28.0,28.27,27.01,28.25,1000000,psxdata,2026-05-11T12:54:30
STPL,2017-12-14,28.0,28.39,26.84,26.89,529000,psxdata,2026-05-11T12:54:30
STPL,2017-12-15,27.45,28.23,26.45,28.2,541000,psxdata,2026-05-11T12:54:30
STPL,2017-12-18,28.15,29.15,27.6,27.83,232500,psxdata,2026-05-11T12:54:30
STPL,2017-12-19,27.13,27.8,26.44,26.48,159000,psxdata,2026-05-11T12:54:30
STPL,2017-12-20,26.99,27.8,26.81,27.8,566500,psxdata,2026-05-11T12:54:30
STPL,2017-12-21,27.99,28.8,27.2,28.48,1214000,psxdata,2026-05-11T12:54:30
STPL,2017-12-22,28.6,29.4,28.25,28.65,439500,psxdata,2026-05-11T12:54:30
STPL,2017-12-26,28.52,29.2,28.0,28.16,599500,psxdata,2026-05-11T12:54:30
STPL,2017-12-27,28.0,29.56,27.9,28.82,2462000,psxdata,2026-05-11T12:54:30
STPL,2017-12-28,29.3,30.26,29.21,30.26,1093000,psxdata,2026-05-11T12:54:30
STPL,2017-12-29,31.77,31.77,30.5,30.91,1564500,psxdata,2026-05-11T12:54:30
STPL,2018-01-01,30.9,31.85,29.75,30.89,870000,psxdata,2026-05-11T12:54:30
STPL,2018-01-02,30.2,31.4,30.15,31.07,471500,psxdata,2026-05-11T12:54:30
STPL,2018-01-03,31.5,32.0,30.5,30.71,299500,psxdata,2026-05-11T12:54:30
STPL,2018-01-04,31.15,31.5,30.51,31.1,446500,psxdata,2026-05-11T12:54:30
STPL,2018-01-05,30.8,31.75,30.23,30.9,927500,psxdata,2026-05-11T12:54:30
STPL,2018-01-08,31.25,31.5,30.0,30.25,495500,psxdata,2026-05-11T12:54:30
STPL,2018-01-09,30.3,30.3,28.8,29.21,467000,psxdata,2026-05-11T12:54:30
STPL,2018-01-10,29.4,30.65,29.01,30.06,671000,psxdata,2026-05-11T12:54:30
STPL,2018-01-11,30.1,30.99,29.5,29.9,972000,psxdata,2026-05-11T12:54:30
STPL,2018-01-12,29.61,30.21,28.41,28.41,455000,psxdata,2026-05-11T12:54:30
STPL,2018-01-15,27.2,27.9,26.99,27.02,475000,psxdata,2026-05-11T12:54:30
STPL,2018-01-16,27.0,28.01,26.82,27.19,268500,psxdata,2026-05-11T12:54:30
STPL,2018-01-17,26.4,28.0,26.4,27.57,130500,psxdata,2026-05-11T12:54:30
STPL,2018-01-18,28.49,28.94,28.06,28.93,911000,psxdata,2026-05-11T12:54:30
STPL,2018-01-19,29.0,30.37,29.0,30.37,874000,psxdata,2026-05-11T12:54:30
STPL,2018-01-22,30.95,31.88,30.32,31.68,1965000,psxdata,2026-05-11T12:54:30
STPL,2018-01-23,31.39,33.14,31.0,32.58,1245000,psxdata,2026-05-11T12:54:30
STPL,2018-01-24,33.39,33.69,31.85,32.1,1132500,psxdata,2026-05-11T12:54:30
STPL,2018-01-25,32.1,32.55,31.2,31.5,265000,psxdata,2026-05-11T12:54:30
STPL,2018-01-26,31.3,31.8,31.0,31.12,153500,psxdata,2026-05-11T12:54:30
STPL,2018-01-29,31.0,31.0,30.1,30.48,211000,psxdata,2026-05-11T12:54:30
STPL,2018-01-30,30.16,30.8,30.16,30.35,178500,psxdata,2026-05-11T12:54:30
STPL,2018-01-31,30.36,31.86,30.36,31.85,1036500,psxdata,2026-05-11T12:54:30
STPL,2018-02-02,32.0,33.5,31.75,33.12,1197000,psxdata,2026-05-11T12:54:30
STPL,2018-02-06,32.4,33.0,31.91,32.29,715500,psxdata,2026-05-11T12:54:30
STPL,2018-02-07,32.05,32.76,30.68,30.92,517500,psxdata,2026-05-11T12:54:30
STPL,2018-02-08,30.88,30.88,29.38,29.38,4500000,psxdata,2026-05-11T12:54:30
STPL,2018-02-09,28.61,28.7,27.92,28.02,6173000,psxdata,2026-05-11T12:54:30
STPL,2018-02-12,28.2,29.4,28.2,28.56,2495000,psxdata,2026-05-11T12:54:30
STPL,2018-02-13,28.32,29.19,28.05,28.36,1580000,psxdata,2026-05-11T12:54:30
STPL,2018-02-14,28.07,28.54,26.95,26.95,1204500,psxdata,2026-05-11T12:54:30
STPL,2018-02-15,26.35,26.86,25.61,25.61,715000,psxdata,2026-05-11T12:54:30
STPL,2018-02-16,25.11,26.7,24.51,26.29,1867500,psxdata,2026-05-11T12:54:30
STPL,2018-02-19,26.01,26.85,25.8,26.06,892000,psxdata,2026-05-11T12:54:30
STPL,2018-02-20,26.48,27.36,26.0,27.36,1405000,psxdata,2026-05-11T12:54:30
STPL,2018-02-21,28.05,28.6,27.43,27.58,1600000,psxdata,2026-05-11T12:54:30
STPL,2018-02-22,26.6,28.0,26.6,27.73,737000,psxdata,2026-05-11T12:54:30
STPL,2018-02-23,27.8,28.47,26.61,26.97,1752000,psxdata,2026-05-11T12:54:30
STPL,2018-02-26,26.97,27.44,26.51,26.72,601000,psxdata,2026-05-11T12:54:30
STPL,2018-02-27,26.52,27.18,25.9,26.21,474500,psxdata,2026-05-11T12:54:30
STPL,2018-02-28,25.8,27.52,25.26,26.59,2230000,psxdata,2026-05-11T12:54:30
STPL,2018-03-01,26.77,27.35,26.21,26.95,1294500,psxdata,2026-05-11T12:54:30
STPL,2018-03-02,26.5,27.75,26.33,27.28,1301500,psxdata,2026-05-11T12:54:30
STPL,2018-03-05,27.3,28.15,27.25,27.48,911500,psxdata,2026-05-11T12:54:30
STPL,2018-03-06,27.5,27.8,26.3,26.48,1179500,psxdata,2026-05-11T12:54:30
STPL,2018-03-07,26.32,26.78,25.48,25.59,1396000,psxdata,2026-05-11T12:54:30
STPL,2018-03-08,25.51,25.9,24.9,25.1,818000,psxdata,2026-05-11T12:54:30
STPL,2018-03-09,25.11,25.7,24.63,24.99,409500,psxdata,2026-05-11T12:54:30
STPL,2018-03-12,24.66,25.39,24.55,24.76,370500,psxdata,2026-05-11T12:54:30
STPL,2018-03-13,25.15,25.8,25.09,25.63,938000,psxdata,2026-05-11T12:54:30
STPL,2018-03-14,25.35,26.8,25.32,26.41,1737000,psxdata,2026-05-11T12:54:30
STPL,2018-03-15,26.65,26.75,25.81,25.98,786500,psxdata,2026-05-11T12:54:30
STPL,2018-03-16,26.0,26.0,25.32,25.42,435500,psxdata,2026-05-11T12:54:30
STPL,2018-03-19,25.3,25.94,25.26,25.55,138500,psxdata,2026-05-11T12:54:30
STPL,2018-03-20,25.84,26.15,25.36,25.75,696000,psxdata,2026-05-11T12:54:30
STPL,2018-03-21,26.0,26.0,25.4,25.5,331000,psxdata,2026-05-11T12:54:30
STPL,2018-03-22,25.5,25.8,25.1,25.18,613500,psxdata,2026-05-11T12:54:30
STPL,2018-03-26,24.82,25.45,24.82,25.05,393000,psxdata,2026-05-11T12:54:30
STPL,2018-03-27,25.1,26.3,25.1,26.3,1602000,psxdata,2026-05-11T12:54:30
STPL,2018-03-28,26.8,27.39,26.55,26.94,3723000,psxdata,2026-05-11T12:54:30
STPL,2018-03-29,26.59,26.9,26.21,26.26,774000,psxdata,2026-05-11T12:54:30
STPL,2018-03-30,26.4,26.5,25.51,25.6,681500,psxdata,2026-05-11T12:54:30
STPL,2018-04-02,26.0,26.5,25.63,25.92,577500,psxdata,2026-05-11T12:54:30
STPL,2018-04-03,26.0,26.5,25.75,25.87,744500,psxdata,2026-05-11T12:54:30
STPL,2018-04-04,25.82,26.97,25.81,26.29,1844500,psxdata,2026-05-11T12:54:30
STPL,2018-04-05,26.63,26.9,26.06,26.21,1395000,psxdata,2026-05-11T12:54:30
STPL,2018-04-06,26.38,26.4,26.0,26.06,407000,psxdata,2026-05-11T12:54:30
STPL,2018-04-09,26.06,27.36,26.06,27.36,2289500,psxdata,2026-05-11T12:54:30
STPL,2018-04-10,27.88,28.72,27.65,28.72,2977500,psxdata,2026-05-11T12:54:30
STPL,2018-04-11,29.15,30.15,29.11,29.66,7032500,psxdata,2026-05-11T12:54:30
STPL,2018-04-12,29.75,30.38,28.76,29.94,2193500,psxdata,2026-05-11T12:54:30
STPL,2018-04-13,30.12,31.43,29.61,31.39,5065500,psxdata,2026-05-11T12:54:30
STPL,2018-04-16,31.79,31.85,29.83,29.95,1853000,psxdata,2026-05-11T12:54:30
STPL,2018-04-17,29.55,31.2,29.55,30.68,2496000,psxdata,2026-05-11T12:54:30
STPL,2018-04-18,30.8,30.8,30.0,30.48,897500,psxdata,2026-05-11T12:54:30
STPL,2018-04-19,30.5,30.67,28.96,29.34,1062500,psxdata,2026-05-11T12:54:30
STPL,2018-04-20,29.75,29.75,28.01,28.56,609000,psxdata,2026-05-11T12:54:30
STPL,2018-04-23,28.02,28.43,27.6,27.87,894500,psxdata,2026-05-11T12:54:30
STPL,2018-04-24,28.19,29.26,28.0,29.26,1318000,psxdata,2026-05-11T12:54:30
STPL,2018-04-25,29.55,30.38,29.5,30.0,1779000,psxdata,2026-05-11T12:54:30
STPL,2018-04-26,29.5,30.1,28.75,28.91,617000,psxdata,2026-05-11T12:54:30
STPL,2018-04-27,28.68,30.35,28.2,30.1,3009000,psxdata,2026-05-11T12:54:30
STPL,2018-04-30,31.0,31.4,30.05,30.93,2936000,psxdata,2026-05-11T12:54:30
STPL,2018-05-02,31.75,31.75,29.39,29.39,4477500,psxdata,2026-05-11T12:54:30
STPL,2018-05-03,28.6,28.75,27.93,27.93,3477500,psxdata,2026-05-11T12:54:30
STPL,2018-05-04,27.16,27.77,26.54,26.71,2596000,psxdata,2026-05-11T12:54:30
STPL,2018-05-07,26.8,27.8,26.51,26.8,1668000,psxdata,2026-05-11T12:54:30
STPL,2018-05-08,26.47,27.19,25.46,25.51,846000,psxdata,2026-05-11T12:54:30
STPL,2018-05-09,25.5,25.65,24.24,25.12,1960500,psxdata,2026-05-11T12:54:30
STPL,2018-05-10,25.0,25.6,24.75,24.87,802500,psxdata,2026-05-11T12:54:30
STPL,2018-05-11,24.94,25.38,24.1,24.36,1033000,psxdata,2026-05-11T12:54:30
STPL,2018-05-14,24.03,24.49,23.15,23.15,957500,psxdata,2026-05-11T12:54:30
STPL,2018-05-15,22.77,23.2,22.13,22.61,879000,psxdata,2026-05-11T12:54:30
STPL,2018-05-16,22.4,22.79,21.48,21.48,1040500,psxdata,2026-05-11T12:54:30
STPL,2018-05-17,21.1,21.1,20.41,20.41,750500,psxdata,2026-05-11T12:54:30
STPL,2018-05-18,19.61,19.99,19.39,19.48,837000,psxdata,2026-05-11T12:54:30
STPL,2018-05-21,19.25,20.23,18.7,19.32,1449500,psxdata,2026-05-11T12:54:30
STPL,2018-05-22,19.5,20.32,19.5,20.32,601000,psxdata,2026-05-11T12:54:30
STPL,2018-05-23,21.33,21.33,20.9,21.33,924500,psxdata,2026-05-11T12:54:30
STPL,2018-05-24,21.69,21.79,21.11,21.32,551500,psxdata,2026-05-11T12:54:30
STPL,2018-05-25,21.1,21.1,20.26,20.55,1014500,psxdata,2026-05-11T12:54:30
STPL,2018-05-28,15.9,15.93,15.3,15.83,1432500,psxdata,2026-05-11T12:54:30
STPL,2018-05-29,15.88,15.88,15.4,15.49,654000,psxdata,2026-05-11T12:54:30
STPL,2018-05-30,15.61,16.49,15.6,16.49,1186000,psxdata,2026-05-11T12:54:30
STPL,2018-05-31,16.75,16.8,16.11,16.24,943500,psxdata,2026-05-11T12:54:30
STPL,2018-06-01,16.25,16.55,16.25,16.31,255500,psxdata,2026-05-11T12:54:30
STPL,2018-06-04,16.5,17.2,16.21,16.78,621500,psxdata,2026-05-11T12:54:30
STPL,2018-06-05,16.89,16.92,16.2,16.33,529500,psxdata,2026-05-11T12:54:30
STPL,2018-06-06,16.35,16.6,15.91,16.25,350500,psxdata,2026-05-11T12:54:30
STPL,2018-06-07,16.2,16.29,15.97,16.0,340500,psxdata,2026-05-11T12:54:30
STPL,2018-06-11,15.9,15.9,15.05,15.17,680000,psxdata,2026-05-11T12:54:30
STPL,2018-06-12,14.8,15.75,14.65,15.14,509000,psxdata,2026-05-11T12:54:30
STPL,2018-06-13,15.05,15.7,15.02,15.23,265500,psxdata,2026-05-11T12:54:30
STPL,2018-06-14,15.21,15.4,14.9,14.98,154000,psxdata,2026-05-11T12:54:30
STPL,2018-06-19,15.0,15.18,14.75,14.81,180500,psxdata,2026-05-11T12:54:30
STPL,2018-06-20,14.7,14.75,14.25,14.34,281500,psxdata,2026-05-11T12:54:30
STPL,2018-06-21,14.21,14.3,13.71,14.08,778000,psxdata,2026-05-11T12:54:30
STPL,2018-06-22,13.87,14.24,13.87,13.98,106500,psxdata,2026-05-11T12:54:30
STPL,2018-06-25,14.0,14.8,13.85,13.97,588000,psxdata,2026-05-11T12:54:30
STPL,2018-06-26,13.99,14.15,13.32,13.44,631000,psxdata,2026-05-11T12:54:30
STPL,2018-06-27,13.7,14.44,13.26,14.21,1395500,psxdata,2026-05-11T12:54:30
STPL,2018-06-28,14.25,15.21,13.51,15.21,2829000,psxdata,2026-05-11T12:54:30
STPL,2018-06-29,15.49,15.8,14.96,15.22,1233500,psxdata,2026-05-11T12:54:30
STPL,2018-07-02,15.29,15.65,14.4,14.56,1038500,psxdata,2026-05-11T12:54:30
STPL,2018-07-03,14.5,15.31,14.15,14.89,4179500,psxdata,2026-05-11T12:54:30
STPL,2018-07-04,15.0,15.05,13.9,14.04,1313500,psxdata,2026-05-11T12:54:30
STPL,2018-07-05,14.0,14.45,13.8,13.93,1075000,psxdata,2026-05-11T12:54:30
STPL,2018-07-06,14.05,14.72,13.62,14.32,2258500,psxdata,2026-05-11T12:54:30
STPL,2018-07-09,14.64,14.67,13.4,13.54,1074500,psxdata,2026-05-11T12:54:30
STPL,2018-07-10,13.73,13.74,13.0,13.44,1154500,psxdata,2026-05-11T12:54:30
STPL,2018-07-11,13.52,14.23,13.25,13.51,5165000,psxdata,2026-05-11T12:54:30
STPL,2018-07-12,13.35,14.51,13.0,14.44,3642500,psxdata,2026-05-11T12:54:30
STPL,2018-07-13,14.12,15.44,14.12,15.44,2832500,psxdata,2026-05-11T12:54:30
STPL,2018-07-16,16.0,16.44,15.51,16.42,3608000,psxdata,2026-05-11T12:54:30
STPL,2018-07-17,16.7,17.42,16.5,17.42,4364000,psxdata,2026-05-11T12:54:30
STPL,2018-07-18,17.95,18.42,16.85,18.4,5014000,psxdata,2026-05-11T12:54:30
STPL,2018-07-19,18.55,19.0,17.9,18.43,3556000,psxdata,2026-05-11T12:54:30
STPL,2018-07-20,19.23,19.43,18.38,18.56,2191000,psxdata,2026-05-11T12:54:30
STPL,2018-07-23,18.56,18.56,17.56,17.58,638000,psxdata,2026-05-11T12:54:30
STPL,2018-07-24,17.69,18.56,17.61,18.11,1054000,psxdata,2026-05-11T12:54:30
STPL,2018-07-26,18.75,19.11,18.7,19.11,1407500,psxdata,2026-05-11T12:54:30
STPL,2018-07-27,20.0,20.11,19.4,20.11,4329500,psxdata,2026-05-11T12:54:30
STPL,2018-07-30,19.11,20.45,19.11,19.62,18642500,psxdata,2026-05-11T12:54:30
STPL,2018-07-31,19.55,19.89,18.8,19.5,8404000,psxdata,2026-05-11T12:54:30
STPL,2018-08-01,19.25,20.0,19.23,19.68,3872000,psxdata,2026-05-11T12:54:30
STPL,2018-08-02,19.6,19.89,18.88,18.98,3425000,psxdata,2026-05-11T12:54:30
STPL,2018-08-03,18.81,19.35,18.52,18.71,1654000,psxdata,2026-05-11T12:54:30
STPL,2018-08-06,18.85,18.99,18.5,18.61,770500,psxdata,2026-05-11T12:54:30
STPL,2018-08-07,18.55,19.05,18.55,18.85,1352500,psxdata,2026-05-11T12:54:30
STPL,2018-08-08,18.92,19.54,18.76,19.14,8386000,psxdata,2026-05-11T12:54:30
STPL,2018-08-09,19.35,19.45,19.02,19.09,2018500,psxdata,2026-05-11T12:54:30
STPL,2018-08-10,19.35,19.35,18.75,18.88,1542500,psxdata,2026-05-11T12:54:30
STPL,2018-08-13,18.89,18.9,18.47,18.57,752500,psxdata,2026-05-11T12:54:30
STPL,2018-08-15,18.57,18.7,17.57,17.69,1516500,psxdata,2026-05-11T12:54:30
STPL,2018-08-16,17.59,17.8,16.69,16.78,3097000,psxdata,2026-05-11T12:54:30
STPL,2018-08-17,17.0,17.78,16.86,17.78,2401500,psxdata,2026-05-11T12:54:30
STPL,2018-08-20,18.0,18.78,18.0,18.53,2417500,psxdata,2026-05-11T12:54:30
STPL,2018-08-24,18.5,19.53,18.32,19.48,3526000,psxdata,2026-05-11T12:54:30
STPL,2018-08-27,20.0,20.48,19.6,20.48,17811000,psxdata,2026-05-11T12:54:30
STPL,2018-08-28,20.67,21.5,19.91,20.3,13797500,psxdata,2026-05-11T12:54:30
STPL,2018-08-29,20.34,20.88,19.82,20.61,4049000,psxdata,2026-05-11T12:54:30
STPL,2018-08-30,20.9,21.1,20.0,20.14,4025000,psxdata,2026-05-11T12:54:30
STPL,2018-08-31,20.06,20.73,19.4,19.77,2700000,psxdata,2026-05-11T12:54:30
STPL,2018-09-03,19.55,20.25,18.8,20.07,3410500,psxdata,2026-05-11T12:54:30
STPL,2018-09-04,20.09,20.44,19.85,20.13,1287000,psxdata,2026-05-11T12:54:30
STPL,2018-09-05,19.91,19.91,19.32,19.5,905500,psxdata,2026-05-11T12:54:30
STPL,2018-09-06,19.31,19.55,18.5,18.5,2736000,psxdata,2026-05-11T12:54:30
STPL,2018-09-07,18.24,18.49,17.5,17.5,2138000,psxdata,2026-05-11T12:54:30
STPL,2018-09-10,17.11,18.5,16.65,18.21,3383500,psxdata,2026-05-11T12:54:30
STPL,2018-09-11,18.48,18.84,17.95,18.39,2345000,psxdata,2026-05-11T12:54:30
STPL,2018-09-12,18.59,18.9,17.85,18.13,3059000,psxdata,2026-05-11T12:54:30
STPL,2018-09-13,17.78,18.89,17.5,18.63,3371000,psxdata,2026-05-11T12:54:30
STPL,2018-09-14,18.85,19.1,18.35,18.72,2328500,psxdata,2026-05-11T12:54:30
STPL,2018-09-17,18.5,18.7,17.72,18.25,1486500,psxdata,2026-05-11T12:54:30
STPL,2018-09-18,18.25,19.25,18.15,19.03,5094000,psxdata,2026-05-11T12:54:30
STPL,2018-09-19,19.21,19.23,18.71,18.78,807500,psxdata,2026-05-11T12:54:30
STPL,2018-09-24,18.8,18.9,17.78,17.83,546500,psxdata,2026-05-11T12:54:30
STPL,2018-09-25,17.3,17.89,17.02,17.16,1182000,psxdata,2026-05-11T12:54:30
STPL,2018-09-26,17.2,17.4,16.51,16.82,833500,psxdata,2026-05-11T12:54:30
STPL,2018-09-27,16.58,16.95,15.82,16.73,1677000,psxdata,2026-05-11T12:54:30
STPL,2018-09-28,16.8,16.8,15.73,15.91,1139000,psxdata,2026-05-11T12:54:30
STPL,2018-10-01,15.05,15.5,14.94,15.08,2749000,psxdata,2026-05-11T12:54:30
STPL,2018-10-02,15.02,16.08,15.0,15.86,1918500,psxdata,2026-05-11T12:54:30
STPL,2018-10-03,16.1,16.86,15.66,16.86,3016500,psxdata,2026-05-11T12:54:30
STPL,2018-10-04,16.75,17.37,16.5,16.85,2845000,psxdata,2026-05-11T12:54:30
STPL,2018-10-05,16.8,16.8,15.85,15.91,1495000,psxdata,2026-05-11T12:54:30
STPL,2018-10-08,15.9,16.3,14.91,14.93,1340500,psxdata,2026-05-11T12:54:30
STPL,2018-10-09,15.7,15.93,14.75,15.42,1521000,psxdata,2026-05-11T12:54:30
STPL,2018-10-10,15.4,15.55,14.46,15.43,1466500,psxdata,2026-05-11T12:54:30
STPL,2018-10-11,15.35,15.8,15.17,15.35,564500,psxdata,2026-05-11T12:54:30
STPL,2018-10-12,15.1,15.19,14.35,14.89,967000,psxdata,2026-05-11T12:54:30
STPL,2018-10-15,15.0,15.2,14.26,15.04,899000,psxdata,2026-05-11T12:54:30
STPL,2018-10-16,15.0,15.64,14.75,15.04,817500,psxdata,2026-05-11T12:54:30
STPL,2018-10-17,15.1,16.04,15.1,16.04,1133500,psxdata,2026-05-11T12:54:30
STPL,2018-10-18,16.4,17.04,16.0,16.9,4895000,psxdata,2026-05-11T12:54:30
STPL,2018-10-19,17.04,17.9,17.04,17.9,3630500,psxdata,2026-05-11T12:54:30
STPL,2018-10-22,18.35,18.7,17.55,17.69,4140500,psxdata,2026-05-11T12:54:30
STPL,2018-10-23,17.74,17.74,16.69,16.69,1312000,psxdata,2026-05-11T12:54:30
STPL,2018-10-24,17.49,17.69,17.25,17.69,1198500,psxdata,2026-05-11T12:54:30
STPL,2018-10-25,17.98,18.3,17.45,18.17,3392500,psxdata,2026-05-11T12:54:30
STPL,2018-10-26,17.85,18.7,17.6,18.56,2825000,psxdata,2026-05-11T12:54:30
STPL,2018-10-29,18.6,19.39,18.55,19.21,4979000,psxdata,2026-05-11T12:54:30
STPL,2018-10-30,19.25,19.25,18.21,18.33,4057000,psxdata,2026-05-11T12:54:30
STPL,2018-10-31,18.02,18.9,17.53,18.56,3178500,psxdata,2026-05-11T12:54:30
STPL,2018-11-01,18.4,19.4,18.25,19.24,4528000,psxdata,2026-05-11T12:54:30
STPL,2018-11-02,19.25,19.75,19.0,19.38,3683500,psxdata,2026-05-11T12:54:30
STPL,2018-11-05,19.3,19.3,18.55,18.96,1611500,psxdata,2026-05-11T12:54:30
STPL,2018-11-06,19.05,19.11,18.25,18.77,1736000,psxdata,2026-05-11T12:54:30
STPL,2018-11-07,19.05,19.77,19.05,19.37,7096000,psxdata,2026-05-11T12:54:30
STPL,2018-11-08,19.26,19.86,18.99,19.11,14579000,psxdata,2026-05-11T12:54:30
STPL,2018-11-09,19.17,19.7,18.8,18.94,19634000,psxdata,2026-05-11T12:54:30
STPL,2018-11-12,18.94,19.05,18.46,18.84,11967500,psxdata,2026-05-11T12:54:30
STPL,2018-11-13,19.13,19.45,18.52,18.99,5173500,psxdata,2026-05-11T12:54:30
STPL,2018-11-14,18.8,19.99,18.8,19.82,25206000,psxdata,2026-05-11T12:54:30
STPL,2018-11-15,20.06,20.45,19.71,20.24,12854500,psxdata,2026-05-11T12:54:30
STPL,2018-11-16,20.32,20.47,19.94,20.22,13481000,psxdata,2026-05-11T12:54:30
STPL,2018-11-19,20.25,21.23,19.9,21.11,14889000,psxdata,2026-05-11T12:54:30
STPL,2018-11-20,21.2,21.44,20.6,20.88,4742500,psxdata,2026-05-11T12:54:30
STPL,2018-11-22,21.09,21.17,20.33,20.84,3735500,psxdata,2026-05-11T12:54:30
STPL,2018-11-23,21.09,21.1,20.5,20.71,6377500,psxdata,2026-05-11T12:54:30
STPL,2018-11-26,20.42,21.09,19.8,20.73,3504500,psxdata,2026-05-11T12:54:30
STPL,2018-11-27,20.67,21.05,20.3,20.88,2256500,psxdata,2026-05-11T12:54:30
STPL,2018-11-28,20.9,21.92,20.62,21.85,7372500,psxdata,2026-05-11T12:54:30
STPL,2018-11-29,21.82,22.79,21.55,22.34,5866000,psxdata,2026-05-11T12:54:30
STPL,2018-11-30,22.25,22.42,21.53,21.69,3019500,psxdata,2026-05-11T12:54:30
STPL,2018-12-03,21.35,21.35,20.61,20.72,1256000,psxdata,2026-05-11T12:54:30
STPL,2018-12-04,20.15,21.38,20.15,21.24,1209000,psxdata,2026-05-11T12:54:30
STPL,2018-12-05,21.0,21.97,20.2,21.41,2722500,psxdata,2026-05-11T12:54:30
STPL,2018-12-06,21.6,22.0,20.37,21.42,9191000,psxdata,2026-05-11T12:54:30
STPL,2018-12-07,21.95,21.95,20.86,21.15,1451000,psxdata,2026-05-11T12:54:30
STPL,2018-12-10,21.4,21.5,20.71,20.86,614000,psxdata,2026-05-11T12:54:30
STPL,2018-12-11,20.85,21.15,19.93,20.12,6668500,psxdata,2026-05-11T12:54:30
STPL,2018-12-12,19.8,20.3,19.5,19.73,3400500,psxdata,2026-05-11T12:54:30
STPL,2018-12-13,20.4,20.4,19.2,19.96,1320000,psxdata,2026-05-11T12:54:30
STPL,2018-12-14,20.09,20.4,19.85,20.01,1435000,psxdata,2026-05-11T12:54:30
STPL,2018-12-17,20.19,20.2,19.52,19.67,1110500,psxdata,2026-05-11T12:54:30
STPL,2018-12-18,19.54,19.8,19.15,19.62,1758500,psxdata,2026-05-11T12:54:30
STPL,2018-12-19,19.45,19.8,19.3,19.4,441500,psxdata,2026-05-11T12:54:30
STPL,2018-12-20,19.32,19.85,19.3,19.61,1120000,psxdata,2026-05-11T12:54:30
STPL,2018-12-21,19.42,20.0,19.3,19.45,592500,psxdata,2026-05-11T12:54:30
STPL,2018-12-24,19.3,19.5,19.2,19.39,403000,psxdata,2026-05-11T12:54:30
STPL,2018-12-26,19.3,19.65,19.3,19.6,255000,psxdata,2026-05-11T12:54:30
STPL,2018-12-27,19.85,19.9,18.68,19.47,1592000,psxdata,2026-05-11T12:54:30
STPL,2018-12-28,19.45,19.45,18.47,18.47,1295500,psxdata,2026-05-11T12:54:30
STPL,2018-12-31,17.7,18.29,17.47,17.64,672000,psxdata,2026-05-11T12:54:30
STPL,2019-01-01,18.0,18.4,17.7,18.29,642500,psxdata,2026-05-11T12:54:30
STPL,2019-01-02,18.3,18.38,17.55,17.74,433000,psxdata,2026-05-11T12:54:30
STPL,2019-01-03,17.41,17.88,17.33,17.45,95000,psxdata,2026-05-11T12:54:30
STPL,2019-01-04,17.15,18.0,16.95,17.71,584000,psxdata,2026-05-11T12:54:30
STPL,2019-01-07,17.65,18.7,17.65,18.5,989500,psxdata,2026-05-11T12:54:30
STPL,2019-01-08,18.6,19.25,18.6,19.14,2989500,psxdata,2026-05-11T12:54:30
STPL,2019-01-09,19.24,19.35,18.7,18.79,347000,psxdata,2026-05-11T12:54:30
STPL,2019-01-10,18.99,18.99,18.42,18.75,78500,psxdata,2026-05-11T12:54:30
STPL,2019-01-11,18.85,18.89,18.15,18.38,106000,psxdata,2026-05-11T12:54:30
STPL,2019-01-14,18.59,18.9,18.51,18.63,209500,psxdata,2026-05-11T12:54:30
STPL,2019-01-15,18.68,18.7,18.22,18.3,77000,psxdata,2026-05-11T12:54:30
STPL,2019-01-16,18.11,18.35,17.71,17.82,176000,psxdata,2026-05-11T12:54:30
STPL,2019-01-17,17.98,18.3,17.42,18.07,142000,psxdata,2026-05-11T12:54:30
STPL,2019-01-18,18.1,18.7,17.85,18.36,384000,psxdata,2026-05-11T12:54:30
STPL,2019-01-21,18.3,18.78,18.1,18.21,177000,psxdata,2026-05-11T12:54:30
STPL,2019-01-22,17.76,19.1,17.76,18.97,1672000,psxdata,2026-05-11T12:54:30
STPL,2019-01-23,19.12,19.9,18.82,19.7,3419500,psxdata,2026-05-11T12:54:30
STPL,2019-01-24,20.13,20.7,19.5,20.64,6296000,psxdata,2026-05-11T12:54:30
STPL,2019-01-25,20.9,20.9,20.03,20.27,1306500,psxdata,2026-05-11T12:54:30
STPL,2019-01-28,20.59,21.28,20.27,21.2,4543500,psxdata,2026-05-11T12:54:30
STPL,2019-01-29,21.25,22.26,21.15,22.24,4024500,psxdata,2026-05-11T12:54:30
STPL,2019-01-30,22.85,23.35,22.35,23.33,6810500,psxdata,2026-05-11T12:54:30
STPL,2019-01-31,23.5,23.7,22.6,23.4,3681500,psxdata,2026-05-11T12:54:30
STPL,2019-02-01,23.21,24.05,22.23,22.98,3918500,psxdata,2026-05-11T12:54:30
STPL,2019-02-04,23.95,23.95,22.8,23.58,3082500,psxdata,2026-05-11T12:54:30
STPL,2019-02-06,23.6,23.89,23.0,23.05,439500,psxdata,2026-05-11T12:54:30
STPL,2019-02-07,23.0,23.2,22.5,22.58,358500,psxdata,2026-05-11T12:54:30
STPL,2019-02-08,22.5,22.6,22.21,22.34,394000,psxdata,2026-05-11T12:54:30
STPL,2019-02-11,22.6,22.75,21.8,21.97,259500,psxdata,2026-05-11T12:54:30
STPL,2019-02-12,22.2,22.3,21.7,22.22,228500,psxdata,2026-05-11T12:54:30
STPL,2019-02-13,22.01,22.7,22.0,22.17,421500,psxdata,2026-05-11T12:54:30
STPL,2019-02-14,22.3,22.3,21.35,22.11,3936000,psxdata,2026-05-11T12:54:30
STPL,2019-02-15,22.4,22.7,22.04,22.22,5077500,psxdata,2026-05-11T12:54:30
STPL,2019-02-18,22.02,22.43,21.77,22.02,4736500,psxdata,2026-05-11T12:54:30
STPL,2019-02-19,22.1,22.15,20.92,20.97,6863000,psxdata,2026-05-11T12:54:30
STPL,2019-02-20,20.6,21.49,20.25,21.41,2935000,psxdata,2026-05-11T12:54:30
STPL,2019-02-21,21.4,21.9,21.0,21.07,528000,psxdata,2026-05-11T12:54:30
STPL,2019-02-22,21.0,21.45,20.59,21.33,2390500,psxdata,2026-05-11T12:54:30
STPL,2019-02-25,21.1,21.33,20.35,20.8,5202000,psxdata,2026-05-11T12:54:30
STPL,2019-02-26,20.36,20.5,19.76,19.76,5481500,psxdata,2026-05-11T12:54:30
STPL,2019-02-27,19.02,19.3,18.76,18.85,1528500,psxdata,2026-05-11T12:54:30
STPL,2019-02-28,18.4,19.4,18.31,19.32,4978500,psxdata,2026-05-11T12:54:30
STPL,2019-03-01,19.05,20.27,19.05,20.18,1842000,psxdata,2026-05-11T12:54:30
STPL,2019-03-04,19.8,21.18,19.8,21.02,1895500,psxdata,2026-05-11T12:54:30
STPL,2019-03-05,21.4,21.4,20.61,20.91,565000,psxdata,2026-05-11T12:54:30
STPL,2019-03-06,20.95,21.0,20.65,20.72,327500,psxdata,2026-05-11T12:54:30
STPL,2019-03-07,21.0,21.4,20.01,20.25,5717000,psxdata,2026-05-11T12:54:30
STPL,2019-03-08,20.1,20.1,19.5,19.62,452500,psxdata,2026-05-11T12:54:30
STPL,2019-03-11,19.89,19.89,19.45,19.51,177500,psxdata,2026-05-11T12:54:30
STPL,2019-03-12,19.5,19.85,19.2,19.76,546000,psxdata,2026-05-11T12:54:30
STPL,2019-03-13,19.8,20.67,19.8,20.54,3931000,psxdata,2026-05-11T12:54:30
STPL,2019-03-14,20.25,20.7,19.9,19.97,226500,psxdata,2026-05-11T12:54:30
STPL,2019-03-15,20.18,20.45,19.3,19.38,628000,psxdata,2026-05-11T12:54:30
STPL,2019-03-18,19.5,19.89,19.05,19.77,234000,psxdata,2026-05-11T12:54:30
STPL,2019-03-19,19.7,19.88,19.3,19.43,142000,psxdata,2026-05-11T12:54:30
STPL,2019-03-20,19.88,19.98,19.02,19.18,157500,psxdata,2026-05-11T12:54:30
STPL,2019-03-21,19.27,19.28,18.6,18.77,593500,psxdata,2026-05-11T12:54:30
STPL,2019-03-22,18.7,19.1,18.5,18.83,284000,psxdata,2026-05-11T12:54:30
STPL,2019-03-25,18.5,18.98,17.83,17.83,433500,psxdata,2026-05-11T12:54:30
STPL,2019-03-26,17.84,17.84,17.15,17.48,2307000,psxdata,2026-05-11T12:54:30
STPL,2019-03-27,17.95,18.48,17.7,18.48,4610500,psxdata,2026-05-11T12:54:30
STPL,2019-03-28,18.75,18.9,18.35,18.47,4397000,psxdata,2026-05-11T12:54:30
STPL,2019-03-29,18.5,19.09,18.21,19.03,1989000,psxdata,2026-05-11T12:54:30
STPL,2019-04-01,18.6,19.09,18.12,18.66,70000,psxdata,2026-05-11T12:54:30
STPL,2019-04-02,18.65,18.9,18.12,18.36,118000,psxdata,2026-05-11T12:54:30
STPL,2019-04-03,18.5,18.6,18.25,18.29,227000,psxdata,2026-05-11T12:54:30
STPL,2019-04-04,18.4,18.55,18.1,18.17,142000,psxdata,2026-05-11T12:54:30
STPL,2019-04-05,17.3,18.2,17.3,17.93,82500,psxdata,2026-05-11T12:54:30
STPL,2019-04-08,17.45,17.7,16.93,16.93,471500,psxdata,2026-05-11T12:54:30
STPL,2019-04-09,17.1,17.45,16.3,17.31,195500,psxdata,2026-05-11T12:54:30
STPL,2019-04-10,17.2,17.75,16.4,16.68,1688000,psxdata,2026-05-11T12:54:30
STPL,2019-04-11,16.3,16.89,16.1,16.63,97000,psxdata,2026-05-11T12:54:30
STPL,2019-04-12,16.8,17.63,16.4,17.57,513500,psxdata,2026-05-11T12:54:30
STPL,2019-04-15,17.41,17.95,17.4,17.85,200000,psxdata,2026-05-11T12:54:30
STPL,2019-04-16,17.8,17.9,17.31,17.39,98000,psxdata,2026-05-11T12:54:30
STPL,2019-04-17,17.35,17.39,16.5,16.68,94500,psxdata,2026-05-11T12:54:30
STPL,2019-04-18,16.8,17.0,16.5,16.79,76500,psxdata,2026-05-11T12:54:30
STPL,2019-04-19,16.25,17.49,16.25,17.04,155000,psxdata,2026-05-11T12:54:30
STPL,2019-04-22,16.86,16.95,16.48,16.51,44500,psxdata,2026-05-11T12:54:30
STPL,2019-04-23,16.31,16.8,15.51,15.77,1053000,psxdata,2026-05-11T12:54:30
STPL,2019-04-24,15.8,15.95,15.63,15.71,74000,psxdata,2026-05-11T12:54:30
STPL,2019-04-25,15.7,16.01,15.1,15.46,345000,psxdata,2026-05-11T12:54:30
STPL,2019-04-26,15.07,16.07,14.5,15.55,1118500,psxdata,2026-05-11T12:54:30
STPL,2019-04-29,15.9,16.29,15.6,15.75,571000,psxdata,2026-05-11T12:54:30
STPL,2019-04-30,15.7,15.7,15.1,15.58,82000,psxdata,2026-05-11T12:54:30
STPL,2019-05-02,15.2,15.45,15.1,15.33,234000,psxdata,2026-05-11T12:54:30
STPL,2019-05-03,15.7,15.7,15.1,15.42,92000,psxdata,2026-05-11T12:54:30
STPL,2019-05-06,15.39,15.4,14.95,15.02,149000,psxdata,2026-05-11T12:54:30
STPL,2019-05-07,15.0,15.1,14.41,14.49,92500,psxdata,2026-05-11T12:54:30
STPL,2019-05-08,14.21,14.25,13.49,13.62,120000,psxdata,2026-05-11T12:54:30
STPL,2019-05-09,13.75,14.15,13.5,13.8,162000,psxdata,2026-05-11T12:54:30
STPL,2019-05-10,13.61,13.61,13.35,13.48,37500,psxdata,2026-05-11T12:54:30
STPL,2019-05-13,13.7,13.7,12.48,12.52,170500,psxdata,2026-05-11T12:54:30
STPL,2019-05-14,12.25,12.25,11.52,11.59,160500,psxdata,2026-05-11T12:54:30
STPL,2019-05-15,12.15,12.56,11.35,12.38,129000,psxdata,2026-05-11T12:54:30
STPL,2019-05-16,12.1,12.1,11.38,11.38,184000,psxdata,2026-05-11T12:54:30
STPL,2019-05-17,10.47,11.48,10.38,10.38,185500,psxdata,2026-05-11T12:54:30
STPL,2019-05-20,9.38,10.7,9.38,10.49,914500,psxdata,2026-05-11T12:54:30
STPL,2019-05-21,10.5,10.74,9.83,10.6,302500,psxdata,2026-05-11T12:54:30
STPL,2019-05-22,10.67,11.6,10.67,11.6,324500,psxdata,2026-05-11T12:54:30
STPL,2019-05-23,11.72,12.48,11.5,12.26,2325000,psxdata,2026-05-11T12:54:30
STPL,2019-05-24,11.91,12.2,11.5,11.86,2880000,psxdata,2026-05-11T12:54:30
STPL,2019-05-27,11.75,11.9,11.42,11.5,222000,psxdata,2026-05-11T12:54:30
STPL,2019-05-28,11.01,11.45,10.85,10.86,433000,psxdata,2026-05-11T12:54:30
STPL,2019-05-29,11.08,11.79,11.07,11.51,515000,psxdata,2026-05-11T12:54:30
STPL,2019-05-30,11.62,11.75,10.9,11.07,341000,psxdata,2026-05-11T12:54:30
STPL,2019-06-03,11.05,11.25,10.26,10.78,121500,psxdata,2026-05-11T12:54:30
STPL,2019-06-10,10.55,10.55,10.1,10.24,188000,psxdata,2026-05-11T12:54:30
STPL,2019-06-11,9.75,10.95,9.75,10.84,142000,psxdata,2026-05-11T12:54:30
STPL,2019-06-12,11.5,11.55,10.83,11.43,491000,psxdata,2026-05-11T12:54:30
STPL,2019-06-13,11.45,11.9,11.31,11.81,308000,psxdata,2026-05-11T12:54:30
STPL,2019-06-14,11.9,11.9,11.3,11.41,210500,psxdata,2026-05-11T12:54:30
STPL,2019-06-17,11.34,11.4,10.83,10.87,140500,psxdata,2026-05-11T12:54:30
STPL,2019-06-18,10.7,10.7,10.3,10.4,68000,psxdata,2026-05-11T12:54:30
STPL,2019-06-19,10.35,10.5,10.12,10.27,99500,psxdata,2026-05-11T12:54:30
STPL,2019-06-20,10.6,10.97,9.7,10.68,260000,psxdata,2026-05-11T12:54:30
STPL,2019-06-21,10.54,11.39,10.5,10.85,656500,psxdata,2026-05-11T12:54:30
STPL,2019-06-24,10.95,10.95,10.21,10.23,56000,psxdata,2026-05-11T12:54:30
STPL,2019-06-25,10.15,10.35,10.15,10.3,55000,psxdata,2026-05-11T12:54:30
STPL,2019-06-26,10.55,10.55,9.37,9.88,185500,psxdata,2026-05-11T12:54:30
STPL,2019-06-27,10.05,10.09,9.5,9.61,152500,psxdata,2026-05-11T12:54:30
STPL,2019-06-28,9.31,9.99,9.2,9.69,234500,psxdata,2026-05-11T12:54:30
STPL,2019-07-01,9.6,10.0,9.6,9.93,96500,psxdata,2026-05-11T12:54:30
STPL,2019-07-02,9.9,10.5,9.89,10.25,389000,psxdata,2026-05-11T12:54:30
STPL,2019-07-03,10.4,10.79,10.4,10.58,251500,psxdata,2026-05-11T12:54:30
STPL,2019-07-04,10.8,11.05,10.3,10.56,603500,psxdata,2026-05-11T12:54:30
STPL,2019-07-05,10.68,10.74,10.31,10.38,39500,psxdata,2026-05-11T12:54:30
STPL,2019-07-08,10.21,10.5,9.65,10.1,70500,psxdata,2026-05-11T12:54:30
STPL,2019-07-09,10.1,10.36,10.0,10.18,56500,psxdata,2026-05-11T12:54:30
STPL,2019-07-10,10.07,10.22,10.0,10.04,25000,psxdata,2026-05-11T12:54:30
STPL,2019-07-11,10.1,10.1,9.7,9.81,112500,psxdata,2026-05-11T12:54:30
STPL,2019-07-12,9.9,9.9,9.3,9.42,69500,psxdata,2026-05-11T12:54:30
STPL,2019-07-15,9.3,9.3,8.6,8.76,162500,psxdata,2026-05-11T12:54:30
STPL,2019-07-16,8.9,8.98,8.61,8.89,96000,psxdata,2026-05-11T12:54:30
STPL,2019-07-17,9.0,9.18,8.8,8.84,79500,psxdata,2026-05-11T12:54:30
STPL,2019-07-18,8.95,8.98,8.45,8.53,38000,psxdata,2026-05-11T12:54:30
STPL,2019-07-19,8.53,8.7,8.25,8.58,92000,psxdata,2026-05-11T12:54:30
STPL,2019-07-22,8.6,8.75,8.6,8.61,25000,psxdata,2026-05-11T12:54:30
STPL,2019-07-23,8.51,8.82,8.5,8.75,47000,psxdata,2026-05-11T12:54:30
STPL,2019-07-24,8.75,8.99,8.7,8.78,20500,psxdata,2026-05-11T12:54:30
STPL,2019-07-25,8.61,8.8,8.51,8.56,36000,psxdata,2026-05-11T12:54:30
STPL,2019-07-26,8.61,8.9,8.05,8.23,135500,psxdata,2026-05-11T12:54:30
STPL,2019-07-29,8.21,8.39,7.8,8.02,38500,psxdata,2026-05-11T12:54:30
STPL,2019-07-30,8.0,8.1,7.81,7.81,38500,psxdata,2026-05-11T12:54:30
STPL,2019-07-31,7.61,7.98,7.6,7.92,77500,psxdata,2026-05-11T12:54:30
STPL,2019-08-01,7.99,8.2,7.99,8.1,23500,psxdata,2026-05-11T12:54:30
STPL,2019-08-02,7.2,8.1,7.2,7.84,115500,psxdata,2026-05-11T12:54:30
STPL,2019-08-05,7.82,7.9,7.61,7.85,66000,psxdata,2026-05-11T12:54:30
STPL,2019-08-06,8.09,8.14,7.95,7.95,7500,psxdata,2026-05-11T12:54:30
STPL,2019-08-07,7.81,8.0,7.15,7.87,258000,psxdata,2026-05-11T12:54:30
STPL,2019-08-08,7.61,8.0,7.5,7.86,99000,psxdata,2026-05-11T12:54:30
STPL,2019-08-09,7.99,8.85,7.9,8.34,781000,psxdata,2026-05-11T12:54:30
STPL,2019-08-16,8.11,8.5,7.7,8.36,211500,psxdata,2026-05-11T12:54:30
STPL,2019-08-19,8.99,9.35,8.6,9.31,429000,psxdata,2026-05-11T12:54:30
STPL,2019-08-20,9.3,10.0,9.3,9.93,493000,psxdata,2026-05-11T12:54:30
STPL,2019-08-21,10.24,10.35,9.6,10.23,1297500,psxdata,2026-05-11T12:54:30
STPL,2019-08-22,10.3,10.8,10.3,10.72,1202500,psxdata,2026-05-11T12:54:30
STPL,2019-08-23,10.2,10.75,10.0,10.2,500500,psxdata,2026-05-11T12:54:30
STPL,2019-08-26,9.91,10.2,9.51,9.78,900500,psxdata,2026-05-11T12:54:30
STPL,2019-08-27,9.33,9.9,9.2,9.8,129000,psxdata,2026-05-11T12:54:30
STPL,2019-08-28,9.9,10.15,9.8,10.08,181000,psxdata,2026-05-11T12:54:30
STPL,2019-08-29,10.1,10.1,9.1,9.18,87000,psxdata,2026-05-11T12:54:30
STPL,2019-08-30,9.39,9.6,8.4,8.52,231000,psxdata,2026-05-11T12:54:30
STPL,2019-09-02,8.7,8.72,8.55,8.71,29500,psxdata,2026-05-11T12:54:30
STPL,2019-09-03,8.6,8.8,8.6,8.8,15500,psxdata,2026-05-11T12:54:30
STPL,2019-09-04,8.8,9.19,8.7,9.14,74000,psxdata,2026-05-11T12:54:30
STPL,2019-09-05,9.29,9.68,9.0,9.08,199500,psxdata,2026-05-11T12:54:30
STPL,2019-09-06,9.3,9.3,9.08,9.22,28500,psxdata,2026-05-11T12:54:30
STPL,2019-09-11,9.25,9.4,9.05,9.34,84500,psxdata,2026-05-11T12:54:30
STPL,2019-09-12,9.3,9.75,9.25,9.65,304000,psxdata,2026-05-11T12:54:30
STPL,2019-09-13,9.4,10.0,9.4,9.92,802500,psxdata,2026-05-11T12:54:30
STPL,2019-09-16,9.7,10.08,9.66,9.75,947500,psxdata,2026-05-11T12:54:30
STPL,2019-09-17,9.55,9.9,9.52,9.6,205500,psxdata,2026-05-11T12:54:30
STPL,2019-09-18,9.85,9.85,9.43,9.44,43000,psxdata,2026-05-11T12:54:30
STPL,2019-09-19,9.5,9.72,9.5,9.65,37500,psxdata,2026-05-11T12:54:30
STPL,2019-09-20,9.4,9.61,9.1,9.32,131000,psxdata,2026-05-11T12:54:30
STPL,2019-09-23,9.39,9.4,8.8,8.85,42500,psxdata,2026-05-11T12:54:30
STPL,2019-09-24,8.86,9.0,8.76,8.95,39000,psxdata,2026-05-11T12:54:30
STPL,2019-09-25,8.76,9.19,8.7,9.09,63000,psxdata,2026-05-11T12:54:30
STPL,2019-09-26,8.81,8.99,8.71,8.72,10000,psxdata,2026-05-11T12:54:30
STPL,2019-09-27,8.8,9.25,8.79,9.03,14000,psxdata,2026-05-11T12:54:30
STPL,2019-09-30,9.34,9.34,9.0,9.0,23000,psxdata,2026-05-11T12:54:30
STPL,2019-10-01,9.0,9.35,8.85,9.24,1022500,psxdata,2026-05-11T12:54:30
STPL,2019-10-02,9.12,10.24,9.06,10.18,4682500,psxdata,2026-05-11T12:54:30
STPL,2019-10-03,10.29,10.74,10.1,10.33,3037000,psxdata,2026-05-11T12:54:30
STPL,2019-10-04,10.46,10.65,10.01,10.52,2141500,psxdata,2026-05-11T12:54:30
STPL,2019-10-07,10.6,11.18,10.41,10.96,5027500,psxdata,2026-05-11T12:54:30
STPL,2019-10-08,11.0,11.1,10.3,10.7,3899000,psxdata,2026-05-11T12:54:30
STPL,2019-10-09,10.6,10.99,10.32,10.76,1469500,psxdata,2026-05-11T12:54:30
STPL,2019-10-10,10.71,11.3,10.7,10.9,2217000,psxdata,2026-05-11T12:54:30
STPL,2019-10-11,10.99,11.0,10.46,10.82,4443000,psxdata,2026-05-11T12:54:30
STPL,2019-10-14,11.0,11.05,10.3,10.5,333000,psxdata,2026-05-11T12:54:30
STPL,2019-10-15,10.45,10.67,10.41,10.58,153000,psxdata,2026-05-11T12:54:30
STPL,2019-10-16,10.52,10.89,10.35,10.41,435000,psxdata,2026-05-11T12:54:30
STPL,2019-10-17,10.41,10.5,10.25,10.41,182000,psxdata,2026-05-11T12:54:30
STPL,2019-10-18,10.4,10.69,10.26,10.32,308000,psxdata,2026-05-11T12:54:30
STPL,2019-10-21,10.44,10.44,9.39,9.41,288500,psxdata,2026-05-11T12:54:30
STPL,2019-10-22,9.5,9.55,9.02,9.37,161500,psxdata,2026-05-11T12:54:30
STPL,2019-10-23,9.5,9.75,9.4,9.63,228000,psxdata,2026-05-11T12:54:30
STPL,2019-10-24,9.55,9.82,9.45,9.56,161000,psxdata,2026-05-11T12:54:30
STPL,2019-10-25,9.69,9.85,9.3,9.41,272500,psxdata,2026-05-11T12:54:30
STPL,2019-10-28,9.32,9.87,9.32,9.8,980000,psxdata,2026-05-11T12:54:30
STPL,2019-10-29,9.95,10.51,9.84,10.35,3724000,psxdata,2026-05-11T12:54:30
STPL,2019-10-30,10.15,10.6,10.15,10.5,846000,psxdata,2026-05-11T12:54:30
STPL,2019-10-31,10.15,11.5,10.06,11.5,6126000,psxdata,2026-05-11T12:54:30
STPL,2019-11-01,11.8,12.09,11.3,11.73,9051500,psxdata,2026-05-11T12:54:30
STPL,2019-11-04,11.65,12.4,11.65,12.23,3482500,psxdata,2026-05-11T12:54:30
STPL,2019-11-05,12.35,12.49,11.98,12.18,759500,psxdata,2026-05-11T12:54:30
STPL,2019-11-06,12.25,12.78,12.15,12.45,4550500,psxdata,2026-05-11T12:54:30
STPL,2019-11-07,12.31,12.45,12.03,12.09,238000,psxdata,2026-05-11T12:54:30
STPL,2019-11-08,12.15,12.48,11.9,12.34,1497500,psxdata,2026-05-11T12:54:30
STPL,2019-11-11,12.4,12.83,12.3,12.77,3373500,psxdata,2026-05-11T12:54:30
STPL,2019-11-12,12.76,13.41,12.42,13.26,8083000,psxdata,2026-05-11T12:54:30
STPL,2019-11-13,13.11,13.27,12.9,13.19,6532500,psxdata,2026-05-11T12:54:30
STPL,2019-11-14,13.19,13.38,12.8,13.11,1027000,psxdata,2026-05-11T12:54:30
STPL,2019-11-15,13.19,14.05,13.0,13.65,1340000,psxdata,2026-05-11T12:54:30
STPL,2019-11-18,13.98,14.65,13.6,14.64,6757000,psxdata,2026-05-11T12:54:30
STPL,2019-11-19,14.64,15.1,13.7,13.96,5285000,psxdata,2026-05-11T12:54:30
STPL,2019-11-20,13.97,14.96,13.6,14.74,4133000,psxdata,2026-05-11T12:54:30
STPL,2019-11-21,15.0,15.3,14.19,14.29,2145000,psxdata,2026-05-11T12:54:30
STPL,2019-11-22,14.3,14.9,14.2,14.7,1452500,psxdata,2026-05-11T12:54:30
STPL,2019-11-25,14.6,14.84,14.26,14.47,1314500,psxdata,2026-05-11T12:54:30
STPL,2019-11-26,14.41,14.65,13.48,13.94,4441000,psxdata,2026-05-11T12:54:30
STPL,2019-11-27,13.9,14.35,13.7,14.23,567000,psxdata,2026-05-11T12:54:30
STPL,2019-11-28,14.37,14.65,14.2,14.25,1092500,psxdata,2026-05-11T12:54:30
STPL,2019-11-29,14.26,14.6,13.93,14.08,763500,psxdata,2026-05-11T12:54:30
STPL,2019-12-02,14.03,14.34,13.14,13.57,3198000,psxdata,2026-05-11T12:54:30
STPL,2019-12-03,13.6,13.97,12.8,12.91,1599000,psxdata,2026-05-11T12:54:30
STPL,2019-12-04,12.9,13.25,12.86,13.05,729000,psxdata,2026-05-11T12:54:30
STPL,2019-12-05,13.19,13.3,12.95,13.06,1023000,psxdata,2026-05-11T12:54:30
STPL,2019-12-06,13.15,13.78,13.03,13.31,3244500,psxdata,2026-05-11T12:54:30
STPL,2019-12-09,13.44,13.65,12.31,12.33,3914500,psxdata,2026-05-11T12:54:30
STPL,2019-12-10,12.37,12.95,12.1,12.86,1489500,psxdata,2026-05-11T12:54:30
STPL,2019-12-11,12.83,13.09,12.33,12.46,1202500,psxdata,2026-05-11T12:54:30
STPL,2019-12-12,12.45,12.7,12.15,12.47,562500,psxdata,2026-05-11T12:54:30
STPL,2019-12-13,12.51,12.97,12.5,12.64,738500,psxdata,2026-05-11T12:54:30
STPL,2019-12-16,12.75,13.0,12.66,12.74,612500,psxdata,2026-05-11T12:54:30
STPL,2019-12-17,12.82,12.95,12.13,12.41,544500,psxdata,2026-05-11T12:54:30
STPL,2019-12-18,12.15,12.39,11.41,11.52,1088500,psxdata,2026-05-11T12:54:30
STPL,2019-12-19,11.53,11.88,10.52,10.55,3925000,psxdata,2026-05-11T12:54:30
STPL,2019-12-20,10.63,10.91,9.7,10.06,3139000,psxdata,2026-05-11T12:54:30
STPL,2019-12-23,10.0,10.44,9.06,9.12,4006500,psxdata,2026-05-11T12:54:30
STPL,2019-12-24,9.15,10.12,9.06,10.12,4276000,psxdata,2026-05-11T12:54:30
STPL,2019-12-26,10.25,11.12,10.25,11.12,4021000,psxdata,2026-05-11T12:54:30
STPL,2019-12-27,11.75,12.03,10.7,11.15,5104500,psxdata,2026-05-11T12:54:30
STPL,2019-12-30,11.5,12.15,11.0,11.89,5290000,psxdata,2026-05-11T12:54:30
STPL,2019-12-31,11.91,12.83,11.55,12.37,5342000,psxdata,2026-05-11T12:54:30
STPL,2020-01-01,12.5,12.7,12.1,12.4,3680000,psxdata,2026-05-11T12:54:30
STPL,2020-01-02,12.35,13.0,12.35,12.53,11508500,psxdata,2026-05-11T12:54:30
STPL,2020-01-03,12.56,12.6,11.53,11.53,5445500,psxdata,2026-05-11T12:54:30
STPL,2020-01-06,11.01,11.09,10.61,10.69,2428500,psxdata,2026-05-11T12:54:30
STPL,2020-01-07,10.88,11.28,9.95,10.12,12278500,psxdata,2026-05-11T12:54:30
STPL,2020-01-08,9.89,10.1,9.3,9.64,10656000,psxdata,2026-05-11T12:54:30
STPL,2020-01-09,10.21,10.64,10.02,10.6,13343500,psxdata,2026-05-11T12:54:30
STPL,2020-01-10,10.74,10.74,10.1,10.2,8817500,psxdata,2026-05-11T12:54:30
STPL,2020-01-13,10.13,10.7,10.1,10.46,5830000,psxdata,2026-05-11T12:54:30
STPL,2020-01-14,10.6,10.74,10.28,10.35,5361500,psxdata,2026-05-11T12:54:30
STPL,2020-01-15,10.5,10.68,10.19,10.24,9147000,psxdata,2026-05-11T12:54:30
STPL,2020-01-16,10.24,10.45,10.15,10.19,2658000,psxdata,2026-05-11T12:54:30
STPL,2020-01-17,10.25,10.45,10.22,10.27,2615500,psxdata,2026-05-11T12:54:30
STPL,2020-01-20,10.3,10.4,10.2,10.28,2315000,psxdata,2026-05-11T12:54:30
STPL,2020-01-21,10.3,10.38,10.15,10.21,1640000,psxdata,2026-05-11T12:54:30
STPL,2020-01-22,10.35,10.35,9.81,10.04,2508500,psxdata,2026-05-11T12:54:30
STPL,2020-01-23,10.17,10.38,9.9,9.95,2808500,psxdata,2026-05-11T12:54:30
STPL,2020-01-24,9.97,10.16,9.88,10.03,1092500,psxdata,2026-05-11T12:54:30
STPL,2020-01-27,10.15,10.22,10.0,10.07,1171000,psxdata,2026-05-11T12:54:30
STPL,2020-01-28,10.01,10.09,9.98,10.01,693000,psxdata,2026-05-11T12:54:30
STPL,2020-01-29,10.03,10.16,9.83,9.9,1234000,psxdata,2026-05-11T12:54:30
STPL,2020-01-30,9.91,10.05,9.8,9.96,908500,psxdata,2026-05-11T12:54:30
STPL,2020-01-31,10.08,10.1,9.92,9.95,1104000,psxdata,2026-05-11T12:54:30
STPL,2020-02-03,9.8,9.99,9.5,9.9,1785500,psxdata,2026-05-11T12:54:30
STPL,2020-02-04,9.9,10.16,9.9,10.0,1696500,psxdata,2026-05-11T12:54:30
STPL,2020-02-06,10.12,10.12,9.8,9.85,402500,psxdata,2026-05-11T12:54:30
STPL,2020-02-07,9.77,9.8,9.51,9.6,993500,psxdata,2026-05-11T12:54:30
STPL,2020-02-10,9.51,9.6,9.07,9.13,1698000,psxdata,2026-05-11T12:54:30
STPL,2020-02-11,9.3,9.4,9.03,9.25,1035500,psxdata,2026-05-11T12:54:30
STPL,2020-02-12,9.34,9.66,9.3,9.6,1658000,psxdata,2026-05-11T12:54:30
STPL,2020-02-13,9.54,9.81,9.36,9.46,1024000,psxdata,2026-05-11T12:54:30
STPL,2020-02-14,9.37,9.49,9.2,9.23,445000,psxdata,2026-05-11T12:54:30
STPL,2020-02-17,9.15,9.35,9.15,9.23,252500,psxdata,2026-05-11T12:54:30
STPL,2020-02-18,9.33,9.37,9.1,9.16,483500,psxdata,2026-05-11T12:54:30
STPL,2020-02-19,9.29,9.4,9.23,9.34,381500,psxdata,2026-05-11T12:54:30
STPL,2020-02-20,9.35,9.97,9.34,9.69,2320500,psxdata,2026-05-11T12:54:30
STPL,2020-02-21,9.85,9.97,9.5,9.55,1335500,psxdata,2026-05-11T12:54:30
STPL,2020-02-24,9.55,9.7,9.1,9.19,1204500,psxdata,2026-05-11T12:54:30
STPL,2020-02-25,9.11,9.34,9.11,9.2,655500,psxdata,2026-05-11T12:54:30
STPL,2020-02-26,9.2,9.2,8.85,8.93,1102000,psxdata,2026-05-11T12:54:30
STPL,2020-02-27,8.7,8.9,8.15,8.83,4908000,psxdata,2026-05-11T12:54:30
STPL,2020-02-28,8.77,9.18,8.52,8.88,939000,psxdata,2026-05-11T12:54:30
STPL,2020-03-02,9.01,9.32,9.01,9.24,939500,psxdata,2026-05-11T12:54:30
STPL,2020-03-03,9.25,9.44,9.0,9.09,1094000,psxdata,2026-05-11T12:54:30
STPL,2020-03-04,9.08,9.27,9.03,9.11,598500,psxdata,2026-05-11T12:54:30
STPL,2020-03-05,9.3,9.65,9.2,9.36,2161000,psxdata,2026-05-11T12:54:30
STPL,2020-03-06,9.46,9.46,8.95,8.99,1067500,psxdata,2026-05-11T12:54:30
STPL,2020-03-09,8.51,9.1,8.16,8.92,1706500,psxdata,2026-05-11T12:54:30
STPL,2020-03-10,9.1,9.5,9.05,9.45,1764500,psxdata,2026-05-11T12:54:30
STPL,2020-03-11,9.48,9.6,9.16,9.31,1461000,psxdata,2026-05-11T12:54:30
STPL,2020-03-12,9.19,9.19,8.8,8.95,654000,psxdata,2026-05-11T12:54:30
STPL,2020-03-13,8.76,9.0,8.4,8.83,1340000,psxdata,2026-05-11T12:54:30
STPL,2020-03-16,8.62,8.8,8.21,8.43,1844500,psxdata,2026-05-11T12:54:30
STPL,2020-03-17,8.43,8.6,7.98,8.13,1461500,psxdata,2026-05-11T12:54:30
STPL,2020-03-18,7.8,7.83,7.13,7.13,1491500,psxdata,2026-05-11T12:54:30
STPL,2020-03-19,6.55,7.15,6.2,6.99,1452500,psxdata,2026-05-11T12:54:30
STPL,2020-03-20,7.09,7.28,6.8,7.02,836500,psxdata,2026-05-11T12:54:30
STPL,2020-03-24,6.25,6.79,6.06,6.15,385000,psxdata,2026-05-11T12:54:30
STPL,2020-03-25,6.4,6.61,6.3,6.56,1421500,psxdata,2026-05-11T12:54:30
STPL,2020-03-26,6.98,7.2,6.72,6.87,1031500,psxdata,2026-05-11T12:54:30
STPL,2020-03-27,7.0,7.2,6.76,7.01,167000,psxdata,2026-05-11T12:54:30
STPL,2020-03-30,6.76,7.0,6.6,6.89,295500,psxdata,2026-05-11T12:54:30
STPL,2020-03-31,6.89,7.49,6.83,7.37,1251500,psxdata,2026-05-11T12:54:30
STPL,2020-04-01,7.48,7.48,7.11,7.21,390500,psxdata,2026-05-11T12:54:30
STPL,2020-04-02,7.21,8.05,7.1,7.94,1327500,psxdata,2026-05-11T12:54:30
STPL,2020-04-03,8.29,8.29,7.7,7.91,1195500,psxdata,2026-05-11T12:54:30
STPL,2020-04-06,7.92,8.05,7.5,7.52,570000,psxdata,2026-05-11T12:54:30
STPL,2020-04-07,7.5,7.8,7.5,7.7,329500,psxdata,2026-05-11T12:54:30
STPL,2020-04-08,7.79,7.88,7.59,7.7,372000,psxdata,2026-05-11T12:54:30
STPL,2020-04-09,7.87,8.1,7.78,7.92,700500,psxdata,2026-05-11T12:54:30
STPL,2020-04-10,7.75,7.87,7.67,7.82,246000,psxdata,2026-05-11T12:54:30
STPL,2020-04-13,7.7,7.7,7.3,7.42,340500,psxdata,2026-05-11T12:54:30
STPL,2020-04-14,7.32,7.65,7.32,7.51,292500,psxdata,2026-05-11T12:54:30
STPL,2020-04-15,7.55,7.88,7.52,7.57,291000,psxdata,2026-05-11T12:54:30
STPL,2020-04-16,7.67,7.68,7.35,7.53,190000,psxdata,2026-05-11T12:54:30
STPL,2020-04-17,8.0,8.43,8.0,8.37,1188500,psxdata,2026-05-11T12:54:30
STPL,2020-04-20,8.49,8.49,8.01,8.1,817500,psxdata,2026-05-11T12:54:30
STPL,2020-04-21,7.85,7.94,7.66,7.71,489000,psxdata,2026-05-11T12:54:30
STPL,2020-04-22,7.6,7.94,7.55,7.71,297000,psxdata,2026-05-11T12:54:30
STPL,2020-04-23,7.89,7.89,7.5,7.75,136000,psxdata,2026-05-11T12:54:30
STPL,2020-04-24,7.72,7.79,7.61,7.64,183500,psxdata,2026-05-11T12:54:30
STPL,2020-04-27,7.68,7.76,7.36,7.59,253500,psxdata,2026-05-11T12:54:30
STPL,2020-04-28,7.54,7.8,7.54,7.7,241000,psxdata,2026-05-11T12:54:30
STPL,2020-04-29,7.61,7.9,7.6,7.67,245000,psxdata,2026-05-11T12:54:30
STPL,2020-04-30,7.89,7.9,7.7,7.79,345000,psxdata,2026-05-11T12:54:30
STPL,2020-05-04,7.6,7.87,7.6,7.82,159500,psxdata,2026-05-11T12:54:30
STPL,2020-05-05,7.95,8.2,7.75,8.04,376000,psxdata,2026-05-11T12:54:30
STPL,2020-05-06,8.24,8.62,8.07,8.5,1354500,psxdata,2026-05-11T12:54:30
STPL,2020-05-07,8.59,8.76,8.25,8.32,1054500,psxdata,2026-05-11T12:54:30
STPL,2020-05-08,8.2,8.4,8.1,8.24,221000,psxdata,2026-05-11T12:54:30
STPL,2020-05-11,8.25,8.3,8.15,8.2,259500,psxdata,2026-05-11T12:54:30
STPL,2020-05-12,8.2,8.39,8.2,8.29,317000,psxdata,2026-05-11T12:54:30
STPL,2020-05-13,8.35,8.35,8.15,8.26,710000,psxdata,2026-05-11T12:54:30
STPL,2020-05-14,8.2,9.09,8.2,8.86,3172000,psxdata,2026-05-11T12:54:30
STPL,2020-05-15,8.95,9.12,8.85,8.92,1475000,psxdata,2026-05-11T12:54:30
STPL,2020-05-18,9.2,9.2,8.6,8.7,1249500,psxdata,2026-05-11T12:54:30
STPL,2020-05-19,8.78,8.9,8.6,8.65,341500,psxdata,2026-05-11T12:54:30
STPL,2020-05-20,8.51,8.75,8.41,8.48,356500,psxdata,2026-05-11T12:54:30
STPL,2020-05-21,8.51,8.51,8.2,8.22,305500,psxdata,2026-05-11T12:54:30
STPL,2020-05-28,8.12,8.81,8.11,8.74,1353500,psxdata,2026-05-11T12:54:30
STPL,2020-05-29,8.81,8.99,8.61,8.67,657000,psxdata,2026-05-11T12:54:30
STPL,2020-06-01,8.7,9.67,8.67,9.64,4668500,psxdata,2026-05-11T12:54:30
STPL,2020-06-02,9.94,10.2,9.23,9.37,5876000,psxdata,2026-05-11T12:54:30
STPL,2020-06-03,9.54,9.54,9.05,9.09,879500,psxdata,2026-05-11T12:54:30
STPL,2020-06-04,9.06,9.08,8.86,8.91,694000,psxdata,2026-05-11T12:54:30
STPL,2020-06-05,9.18,9.29,8.95,9.19,325500,psxdata,2026-05-11T12:54:30
STPL,2020-06-08,9.4,9.7,9.31,9.62,1622000,psxdata,2026-05-11T12:54:30
STPL,2020-06-09,9.6,9.98,9.5,9.72,1977500,psxdata,2026-05-11T12:54:30
STPL,2020-06-10,9.8,10.07,9.8,9.85,1000500,psxdata,2026-05-11T12:54:30
STPL,2020-06-11,9.78,10.3,9.78,10.11,2948500,psxdata,2026-05-11T12:54:30
STPL,2020-06-12,9.9,10.18,9.75,10.03,1469500,psxdata,2026-05-11T12:54:30
STPL,2020-06-15,10.15,10.54,9.61,9.75,6953500,psxdata,2026-05-11T12:54:30
STPL,2020-06-16,9.66,10.45,9.65,10.16,4178000,psxdata,2026-05-11T12:54:30
STPL,2020-06-17,10.29,10.48,9.7,9.77,2715000,psxdata,2026-05-11T12:54:30
STPL,2020-06-18,9.9,10.05,9.67,9.81,963000,psxdata,2026-05-11T12:54:30
STPL,2020-06-19,9.75,9.98,9.5,9.56,406000,psxdata,2026-05-11T12:54:30
STPL,2020-06-22,9.6,9.78,9.37,9.61,985500,psxdata,2026-05-11T12:54:30
STPL,2020-06-23,9.76,9.94,9.65,9.77,421500,psxdata,2026-05-11T12:54:30
STPL,2020-06-24,9.65,9.83,9.53,9.58,719000,psxdata,2026-05-11T12:54:30
STPL,2020-06-25,9.42,9.48,9.3,9.37,464500,psxdata,2026-05-11T12:54:30
STPL,2020-06-26,9.51,9.58,9.11,9.3,653000,psxdata,2026-05-11T12:54:30
STPL,2020-06-29,9.11,9.39,9.1,9.32,358500,psxdata,2026-05-11T12:54:30
STPL,2020-06-30,9.37,9.44,9.16,9.22,338000,psxdata,2026-05-11T12:54:30
STPL,2020-07-01,9.3,9.49,9.21,9.4,649000,psxdata,2026-05-11T12:54:30
STPL,2020-07-02,9.36,9.69,9.31,9.49,1639000,psxdata,2026-05-11T12:54:30
STPL,2020-07-03,9.46,9.6,9.39,9.43,629500,psxdata,2026-05-11T12:54:30
STPL,2020-07-06,9.45,9.9,9.43,9.84,2022500,psxdata,2026-05-11T12:54:30
STPL,2020-07-07,9.88,9.9,9.61,9.68,517500,psxdata,2026-05-11T12:54:30
STPL,2020-07-08,9.68,9.9,9.62,9.76,698500,psxdata,2026-05-11T12:54:30
STPL,2020-07-09,9.84,10.1,9.8,9.85,2776000,psxdata,2026-05-11T12:54:30
STPL,2020-07-10,9.82,10.44,9.81,10.25,4298000,psxdata,2026-05-11T12:54:30
STPL,2020-07-13,10.39,10.74,10.2,10.27,5716000,psxdata,2026-05-11T12:54:30
STPL,2020-07-14,10.26,10.38,10.05,10.12,2194000,psxdata,2026-05-11T12:54:30
STPL,2020-07-15,10.25,10.61,10.15,10.4,3762500,psxdata,2026-05-11T12:54:30
STPL,2020-07-16,10.57,10.75,10.41,10.52,2534500,psxdata,2026-05-11T12:54:30
STPL,2020-07-17,10.55,10.8,10.5,10.66,1898000,psxdata,2026-05-11T12:54:30
STPL,2020-07-20,10.89,10.99,10.6,10.63,4163000,psxdata,2026-05-11T12:54:30
STPL,2020-07-21,10.8,10.8,10.35,10.4,1941500,psxdata,2026-05-11T12:54:30
STPL,2020-07-22,10.44,10.85,10.3,10.69,4314000,psxdata,2026-05-11T12:54:30
STPL,2020-07-23,10.79,11.29,10.78,11.01,8018500,psxdata,2026-05-11T12:54:30
STPL,2020-07-24,11.14,11.38,11.0,11.11,2996000,psxdata,2026-05-11T12:54:30
STPL,2020-07-27,11.2,11.39,11.0,11.12,2355500,psxdata,2026-05-11T12:54:30
STPL,2020-07-28,11.1,11.33,10.9,10.95,2046000,psxdata,2026-05-11T12:54:30
STPL,2020-07-29,10.99,11.0,10.73,10.78,1466000,psxdata,2026-05-11T12:54:30
STPL,2020-07-30,10.76,11.24,10.65,11.13,3334500,psxdata,2026-05-11T12:54:30
STPL,2020-08-03,11.3,11.57,11.2,11.23,3362500,psxdata,2026-05-11T12:54:30
STPL,2020-08-04,11.25,11.85,11.0,11.5,6211000,psxdata,2026-05-11T12:54:30
STPL,2020-08-05,11.5,12.04,11.5,11.7,3397000,psxdata,2026-05-11T12:54:30
STPL,2020-08-06,11.72,12.0,11.51,11.59,2765500,psxdata,2026-05-11T12:54:30
STPL,2020-08-07,11.51,11.9,11.5,11.82,1879500,psxdata,2026-05-11T12:54:30
STPL,2020-08-10,12.04,12.2,11.7,11.74,3924000,psxdata,2026-05-11T12:54:30
STPL,2020-08-11,11.76,12.0,11.7,11.73,1899000,psxdata,2026-05-11T12:54:30
STPL,2020-08-12,11.76,12.15,11.5,11.66,3253500,psxdata,2026-05-11T12:54:30
STPL,2020-08-13,11.7,11.82,11.4,11.47,1765000,psxdata,2026-05-11T12:54:30
STPL,2020-08-17,11.65,11.78,11.4,11.64,911000,psxdata,2026-05-11T12:54:30
STPL,2020-08-18,11.56,11.98,11.4,11.49,1375500,psxdata,2026-05-11T12:54:30
STPL,2020-08-19,11.65,12.17,11.55,11.88,6113000,psxdata,2026-05-11T12:54:30
STPL,2020-08-20,11.85,12.19,11.8,11.99,3634000,psxdata,2026-05-11T12:54:30
STPL,2020-08-21,12.0,12.15,11.65,11.79,1316000,psxdata,2026-05-11T12:54:30
STPL,2020-08-24,11.79,12.33,11.72,12.21,2862500,psxdata,2026-05-11T12:54:30
STPL,2020-08-25,12.35,13.21,12.25,13.21,8814500,psxdata,2026-05-11T12:54:30
STPL,2020-08-26,13.5,14.21,13.3,14.21,15184000,psxdata,2026-05-11T12:54:30
STPL,2020-08-27,14.5,14.66,13.29,13.59,14391000,psxdata,2026-05-11T12:54:30
STPL,2020-08-28,13.7,14.48,13.6,14.38,4137000,psxdata,2026-05-11T12:54:30
STPL,2020-08-31,14.75,14.8,14.01,14.07,2920500,psxdata,2026-05-11T12:54:30
STPL,2020-09-01,14.08,14.6,13.81,14.23,4139500,psxdata,2026-05-11T12:54:30
STPL,2020-09-02,14.3,14.72,14.16,14.38,4424500,psxdata,2026-05-11T12:54:30
STPL,2020-09-03,14.65,14.94,14.45,14.7,5373500,psxdata,2026-05-11T12:54:30
STPL,2020-09-04,14.5,14.75,14.35,14.48,2516000,psxdata,2026-05-11T12:54:30
STPL,2020-09-07,14.51,14.65,14.3,14.37,2308000,psxdata,2026-05-11T12:54:30
STPL,2020-09-08,14.32,14.64,13.7,13.91,2421500,psxdata,2026-05-11T12:54:30
STPL,2020-09-09,13.71,14.15,13.6,13.85,1289000,psxdata,2026-05-11T12:54:30
STPL,2020-09-10,14.05,14.3,13.32,13.52,2517000,psxdata,2026-05-11T12:54:30
STPL,2020-09-11,13.55,13.7,13.02,13.17,1821500,psxdata,2026-05-11T12:54:30
STPL,2020-09-14,13.2,13.67,13.0,13.2,3316000,psxdata,2026-05-11T12:54:30
STPL,2020-09-15,13.26,14.02,13.26,13.7,6320000,psxdata,2026-05-11T12:54:30
STPL,2020-09-16,13.75,13.85,13.26,13.47,1523000,psxdata,2026-05-11T12:54:30
STPL,2020-09-17,13.67,13.7,13.38,13.45,1813500,psxdata,2026-05-11T12:54:30
STPL,2020-09-18,13.51,13.51,13.1,13.32,1070000,psxdata,2026-05-11T12:54:30
STPL,2020-09-21,13.55,13.7,13.25,13.42,1100500,psxdata,2026-05-11T12:54:30
STPL,2020-09-22,13.5,13.86,13.12,13.75,1869500,psxdata,2026-05-11T12:54:30
STPL,2020-09-23,13.64,14.6,13.64,14.16,6085500,psxdata,2026-05-11T12:54:30
STPL,2020-09-24,14.1,14.3,13.8,13.88,2214000,psxdata,2026-05-11T12:54:30
STPL,2020-09-25,14.1,14.25,13.9,14.02,1904000,psxdata,2026-05-11T12:54:30
STPL,2020-09-28,13.9,14.07,13.1,13.22,1188000,psxdata,2026-05-11T12:54:30
STPL,2020-09-29,13.04,13.64,13.04,13.51,1677500,psxdata,2026-05-11T12:54:30
STPL,2020-09-30,13.55,13.65,13.0,13.04,628500,psxdata,2026-05-11T12:54:30
STPL,2020-10-01,13.0,13.14,12.55,12.9,1119500,psxdata,2026-05-11T12:54:30
STPL,2020-10-02,12.9,13.1,12.47,12.6,1282500,psxdata,2026-05-11T12:54:30
STPL,2020-10-05,12.5,12.5,11.7,11.82,1495500,psxdata,2026-05-11T12:54:30
STPL,2020-10-06,11.64,12.25,11.64,11.95,519000,psxdata,2026-05-11T12:54:30
STPL,2020-10-07,12.2,12.35,11.75,12.29,1450500,psxdata,2026-05-11T12:54:30
STPL,2020-10-08,12.55,12.55,12.1,12.34,966500,psxdata,2026-05-11T12:54:30
STPL,2020-10-09,12.48,12.6,12.19,12.28,1389500,psxdata,2026-05-11T12:54:30
STPL,2020-10-12,12.39,12.5,11.9,11.96,983500,psxdata,2026-05-11T12:54:30
STPL,2020-10-13,11.82,11.95,11.25,11.46,1981500,psxdata,2026-05-11T12:54:30
STPL,2020-10-14,11.59,11.7,11.44,11.58,441500,psxdata,2026-05-11T12:54:30
STPL,2020-10-15,11.73,12.58,11.6,12.58,2627500,psxdata,2026-05-11T12:54:30
STPL,2020-10-16,13.0,13.0,12.48,12.6,2628000,psxdata,2026-05-11T12:54:30
STPL,2020-10-19,12.5,12.89,12.45,12.61,787000,psxdata,2026-05-11T12:54:30
STPL,2020-10-20,12.52,12.94,12.52,12.82,1546500,psxdata,2026-05-11T12:54:30
STPL,2020-10-21,12.95,13.4,12.9,12.96,3039000,psxdata,2026-05-11T12:54:30
STPL,2020-10-22,12.95,13.25,12.5,12.57,1317000,psxdata,2026-05-11T12:54:30
STPL,2020-10-23,12.61,12.75,12.45,12.5,857000,psxdata,2026-05-11T12:54:30
STPL,2020-10-26,12.65,13.29,12.51,13.16,2610000,psxdata,2026-05-11T12:54:30
STPL,2020-10-27,13.27,13.3,12.85,12.98,1277500,psxdata,2026-05-11T12:54:30
STPL,2020-10-28,13.18,13.4,13.0,13.15,1305000,psxdata,2026-05-11T12:54:30
STPL,2020-10-29,12.95,13.28,12.5,12.87,3495000,psxdata,2026-05-11T12:54:30
STPL,2020-11-02,12.61,13.1,12.11,12.93,2072000,psxdata,2026-05-11T12:54:30
STPL,2020-11-03,13.02,13.93,13.02,13.91,4917500,psxdata,2026-05-11T12:54:30
STPL,2020-11-04,14.3,14.9,13.96,14.4,9725000,psxdata,2026-05-11T12:54:30
STPL,2020-11-05,14.51,15.24,14.15,14.61,3754000,psxdata,2026-05-11T12:54:30
STPL,2020-11-06,14.55,14.79,14.34,14.41,1116000,psxdata,2026-05-11T12:54:30
STPL,2020-11-09,14.4,14.64,14.1,14.17,662000,psxdata,2026-05-11T12:54:30
STPL,2020-11-10,14.49,14.89,14.2,14.33,1893000,psxdata,2026-05-11T12:54:30
STPL,2020-11-11,14.49,14.75,14.31,14.63,1291000,psxdata,2026-05-11T12:54:30
STPL,2020-11-12,14.51,14.7,14.02,14.15,711500,psxdata,2026-05-11T12:54:30
STPL,2020-11-13,14.12,14.3,13.9,14.02,390000,psxdata,2026-05-11T12:54:30
STPL,2020-11-16,14.25,14.26,13.65,13.77,557500,psxdata,2026-05-11T12:54:30
STPL,2020-11-17,13.95,14.1,13.8,13.9,367000,psxdata,2026-05-11T12:54:30
STPL,2020-11-18,13.99,14.1,13.5,13.79,1218000,psxdata,2026-05-11T12:54:30
STPL,2020-11-19,13.89,14.2,13.75,14.02,486000,psxdata,2026-05-11T12:54:30
STPL,2020-11-20,13.81,14.11,13.6,13.69,459500,psxdata,2026-05-11T12:54:30
STPL,2020-11-23,13.55,13.63,13.15,13.25,939500,psxdata,2026-05-11T12:54:30
STPL,2020-11-24,13.32,13.52,13.2,13.3,500000,psxdata,2026-05-11T12:54:30
STPL,2020-11-25,13.25,13.54,13.14,13.26,260000,psxdata,2026-05-11T12:54:30
STPL,2020-11-26,13.39,13.5,13.2,13.46,405500,psxdata,2026-05-11T12:54:30
STPL,2020-11-27,13.22,14.35,13.2,14.12,1914500,psxdata,2026-05-11T12:54:30
STPL,2020-11-30,14.3,14.79,14.2,14.29,2089500,psxdata,2026-05-11T12:54:30
STPL,2020-12-01,14.45,15.36,14.29,15.36,6443000,psxdata,2026-05-11T12:54:30
STPL,2020-12-02,15.97,16.51,15.84,16.51,5408500,psxdata,2026-05-11T12:54:30
STPL,2020-12-03,16.6,16.95,15.66,15.94,6004000,psxdata,2026-05-11T12:54:30
STPL,2020-12-04,16.0,16.59,15.75,16.31,2409500,psxdata,2026-05-11T12:54:30
STPL,2020-12-07,16.4,16.4,16.0,16.25,1634500,psxdata,2026-05-11T12:54:30
STPL,2020-12-08,16.15,17.46,15.82,17.46,6695500,psxdata,2026-05-11T12:54:30
STPL,2020-12-09,17.98,18.76,17.98,18.76,1854500,psxdata,2026-05-11T12:54:30
STPL,2020-12-10,20.0,20.16,18.25,18.5,10396500,psxdata,2026-05-11T12:54:30
STPL,2020-12-11,18.7,19.45,18.24,18.63,7762000,psxdata,2026-05-11T12:54:30
STPL,2020-12-14,19.35,20.02,19.02,20.02,4612500,psxdata,2026-05-11T12:54:30
STPL,2020-12-15,21.47,21.52,21.47,21.52,444500,psxdata,2026-05-11T12:54:30
STPL,2020-12-16,22.48,22.48,20.1,22.25,8139500,psxdata,2026-05-11T12:54:30
STPL,2020-12-17,21.84,22.95,21.3,21.94,2845000,psxdata,2026-05-11T12:54:30
STPL,2020-12-18,22.0,22.94,21.61,22.07,2352000,psxdata,2026-05-11T12:54:30
STPL,2020-12-21,22.08,22.08,21.2,21.23,685000,psxdata,2026-05-11T12:54:30
STPL,2020-12-22,21.05,21.5,20.3,20.48,1277500,psxdata,2026-05-11T12:54:30
STPL,2020-12-23,20.28,20.75,20.15,20.43,799000,psxdata,2026-05-11T12:54:30
STPL,2020-12-24,20.75,21.25,20.49,20.56,887000,psxdata,2026-05-11T12:54:30
STPL,2020-12-28,20.26,20.89,19.25,19.64,1875500,psxdata,2026-05-11T12:54:30
STPL,2020-12-29,19.69,20.49,19.13,19.91,2795500,psxdata,2026-05-11T12:54:30
STPL,2020-12-30,20.02,21.4,20.02,21.01,3844500,psxdata,2026-05-11T12:54:30
STPL,2020-12-31,21.05,21.05,20.5,20.57,1116500,psxdata,2026-05-11T12:54:30
STPL,2021-01-01,20.51,21.05,20.0,20.26,1519000,psxdata,2026-05-11T12:54:30
STPL,2021-01-04,20.68,20.68,18.75,19.41,5959500,psxdata,2026-05-11T12:54:30
STPL,2021-01-05,19.3,19.9,19.08,19.53,1792000,psxdata,2026-05-11T12:54:30
STPL,2021-01-06,19.55,19.55,18.65,19.21,6020500,psxdata,2026-05-11T12:54:30
STPL,2021-01-07,19.5,20.2,19.18,19.3,4365000,psxdata,2026-05-11T12:54:30
STPL,2021-01-08,19.5,19.5,19.0,19.05,1794000,psxdata,2026-05-11T12:54:30
STPL,2021-01-11,19.3,19.4,18.71,18.79,1635500,psxdata,2026-05-11T12:54:30
STPL,2021-01-12,18.67,19.49,18.65,19.16,2494000,psxdata,2026-05-11T12:54:30
STPL,2021-01-13,19.35,19.65,18.85,19.49,3775500,psxdata,2026-05-11T12:54:30
STPL,2021-01-14,19.7,20.0,19.2,19.28,4201000,psxdata,2026-05-11T12:54:30
STPL,2021-01-15,19.12,19.57,19.0,19.05,1324000,psxdata,2026-05-11T12:54:30
STPL,2021-01-18,19.3,19.3,18.66,18.83,1676000,psxdata,2026-05-11T12:54:30
STPL,2021-01-19,18.83,19.11,18.5,18.6,1507000,psxdata,2026-05-11T12:54:30
STPL,2021-01-20,18.75,18.83,18.46,18.53,716000,psxdata,2026-05-11T12:54:30
STPL,2021-01-21,18.52,19.74,18.5,19.35,6008500,psxdata,2026-05-11T12:54:30
STPL,2021-01-22,19.5,19.5,18.87,19.0,1921000,psxdata,2026-05-11T12:54:30
STPL,2021-01-25,19.19,19.23,18.84,18.95,1453000,psxdata,2026-05-11T12:54:30
STPL,2021-01-26,19.0,19.12,18.85,18.91,1065000,psxdata,2026-05-11T12:54:30
STPL,2021-01-27,18.9,19.15,18.75,18.82,1090500,psxdata,2026-05-11T12:54:30
STPL,2021-01-28,18.9,19.14,18.65,18.73,1534500,psxdata,2026-05-11T12:54:30
STPL,2021-01-29,18.95,19.0,18.75,18.78,1086000,psxdata,2026-05-11T12:54:30
STPL,2021-02-01,19.48,20.18,19.48,20.18,2763000,psxdata,2026-05-11T12:54:30
STPL,2021-02-02,21.0,21.49,20.7,20.76,10058500,psxdata,2026-05-11T12:54:30
STPL,2021-02-03,20.8,20.87,19.8,20.0,5963000,psxdata,2026-05-11T12:54:30
STPL,2021-02-04,20.11,20.15,19.65,19.8,1625500,psxdata,2026-05-11T12:54:30
STPL,2021-02-08,19.88,19.99,19.6,19.75,825000,psxdata,2026-05-11T12:54:30
STPL,2021-02-09,19.76,20.1,19.3,19.4,1782000,psxdata,2026-05-11T12:54:30
STPL,2021-02-10,19.4,20.0,19.15,19.87,2456000,psxdata,2026-05-11T12:54:30
STPL,2021-02-11,20.05,20.05,18.38,18.5,4569000,psxdata,2026-05-11T12:54:30
STPL,2021-02-12,18.6,18.8,18.1,18.29,842500,psxdata,2026-05-11T12:54:30
STPL,2021-02-15,18.5,18.75,18.44,18.64,464000,psxdata,2026-05-11T12:54:30
STPL,2021-02-16,18.72,19.07,18.7,18.83,604000,psxdata,2026-05-11T12:54:30
STPL,2021-02-17,19.17,19.17,18.6,18.67,1383500,psxdata,2026-05-11T12:54:30
STPL,2021-02-18,18.7,19.13,18.01,18.39,1401000,psxdata,2026-05-11T12:54:30
STPL,2021-02-19,18.38,18.95,18.38,18.69,887500,psxdata,2026-05-11T12:54:30
STPL,2021-02-22,18.62,19.99,18.52,19.84,4680500,psxdata,2026-05-11T12:54:30
STPL,2021-02-23,20.0,20.1,19.25,19.39,1779500,psxdata,2026-05-11T12:54:30
STPL,2021-02-24,18.95,19.23,17.94,17.99,3213000,psxdata,2026-05-11T12:54:30
STPL,2021-02-25,18.0,18.3,17.5,18.18,2453000,psxdata,2026-05-11T12:54:30
STPL,2021-02-26,18.11,19.1,17.5,18.03,2580500,psxdata,2026-05-11T12:54:30
STPL,2021-03-01,17.7,18.49,17.25,17.95,2720500,psxdata,2026-05-11T12:54:30
STPL,2021-03-02,18.19,18.38,17.9,18.03,677500,psxdata,2026-05-11T12:54:30
STPL,2021-03-03,18.35,18.35,18.05,18.17,651000,psxdata,2026-05-11T12:54:30
STPL,2021-03-04,17.46,17.9,17.0,17.47,742000,psxdata,2026-05-11T12:54:30
STPL,2021-03-05,17.5,17.85,17.5,17.62,527500,psxdata,2026-05-11T12:54:30
STPL,2021-03-08,17.9,18.08,17.45,17.53,870500,psxdata,2026-05-11T12:54:30
STPL,2021-03-09,17.5,17.65,16.22,16.61,802500,psxdata,2026-05-11T12:54:30
STPL,2021-03-10,16.68,16.9,15.82,16.02,893000,psxdata,2026-05-11T12:54:30
STPL,2021-03-11,16.25,16.25,14.82,14.82,1189000,psxdata,2026-05-11T12:54:30
STPL,2021-03-12,15.15,15.28,14.55,15.0,2059500,psxdata,2026-05-11T12:54:30
STPL,2021-03-15,15.3,16.12,15.25,16.07,1795500,psxdata,2026-05-11T12:54:30
STPL,2021-03-16,16.29,16.55,15.8,16.38,1939500,psxdata,2026-05-11T12:54:30
STPL,2021-03-17,16.5,16.99,16.47,16.58,1145000,psxdata,2026-05-11T12:54:30
STPL,2021-03-18,16.7,16.7,15.46,15.57,832500,psxdata,2026-05-11T12:54:30
STPL,2021-03-19,15.31,16.29,15.31,16.03,510000,psxdata,2026-05-11T12:54:30
STPL,2021-03-22,16.35,16.9,16.03,16.71,1489500,psxdata,2026-05-11T12:54:30
STPL,2021-03-24,16.9,17.3,16.6,16.89,1871000,psxdata,2026-05-11T12:54:30
STPL,2021-03-25,16.99,17.18,16.5,16.53,1220000,psxdata,2026-05-11T12:54:30
STPL,2021-03-26,16.53,16.55,16.25,16.3,1008500,psxdata,2026-05-11T12:54:30
STPL,2021-03-29,16.26,16.3,15.08,15.14,935000,psxdata,2026-05-11T12:54:30
STPL,2021-03-30,14.88,15.67,14.88,15.56,712000,psxdata,2026-05-11T12:54:30
STPL,2021-03-31,15.74,16.72,15.74,16.64,1827500,psxdata,2026-05-11T12:54:30
STPL,2021-04-01,16.64,17.05,15.9,16.02,1089000,psxdata,2026-05-11T12:54:30
STPL,2021-04-02,16.01,16.1,15.77,15.89,439500,psxdata,2026-05-11T12:54:30
STPL,2021-04-05,15.9,15.97,14.7,14.91,1080000,psxdata,2026-05-11T12:54:30
STPL,2021-04-06,14.61,15.5,14.61,15.37,1329500,psxdata,2026-05-11T12:54:30
STPL,2021-04-07,15.6,15.6,15.0,15.08,1028500,psxdata,2026-05-11T12:54:30
STPL,2021-04-08,15.28,15.45,15.08,15.3,436000,psxdata,2026-05-11T12:54:30
STPL,2021-04-09,15.5,15.84,15.4,15.78,1411500,psxdata,2026-05-11T12:54:30
STPL,2021-04-12,15.56,15.7,15.02,15.28,994000,psxdata,2026-05-11T12:54:30
STPL,2021-04-13,15.2,15.4,15.06,15.27,396500,psxdata,2026-05-11T12:54:30
STPL,2021-04-14,15.25,15.98,15.25,15.83,1117500,psxdata,2026-05-11T12:54:30
STPL,2021-04-15,15.98,16.18,15.75,15.84,808500,psxdata,2026-05-11T12:54:30
STPL,2021-04-16,15.69,16.0,15.69,15.94,446500,psxdata,2026-05-11T12:54:30
STPL,2021-04-19,15.4,15.75,15.2,15.48,579000,psxdata,2026-05-11T12:54:30
STPL,2021-04-20,15.74,15.9,15.5,15.79,438500,psxdata,2026-05-11T12:54:30
STPL,2021-04-21,15.85,15.9,14.61,15.31,708500,psxdata,2026-05-11T12:54:30
STPL,2021-04-22,15.4,15.45,14.92,15.01,440000,psxdata,2026-05-11T12:54:30
STPL,2021-04-23,14.9,15.0,14.71,14.89,211000,psxdata,2026-05-11T12:54:30
STPL,2021-04-26,14.63,14.93,14.45,14.53,575500,psxdata,2026-05-11T12:54:30
STPL,2021-04-27,14.88,14.88,13.98,14.06,2213500,psxdata,2026-05-11T12:54:30
STPL,2021-04-28,14.05,15.11,14.02,15.09,3380500,psxdata,2026-05-11T12:54:30
STPL,2021-04-29,15.09,15.93,15.08,15.24,2805500,psxdata,2026-05-11T12:54:30
STPL,2021-04-30,15.24,15.24,14.2,14.3,1099000,psxdata,2026-05-11T12:54:30
STPL,2021-05-03,14.01,14.2,13.3,13.41,1084500,psxdata,2026-05-11T12:54:30
STPL,2021-05-04,13.5,13.78,13.19,13.26,1298500,psxdata,2026-05-11T12:54:30
STPL,2021-05-05,13.5,13.7,13.3,13.54,838000,psxdata,2026-05-11T12:54:30
STPL,2021-05-06,13.6,14.2,13.42,14.05,549000,psxdata,2026-05-11T12:54:30
STPL,2021-05-17,14.11,15.1,14.06,15.1,2279500,psxdata,2026-05-11T12:54:30
STPL,2021-05-18,15.13,15.82,15.01,15.52,2784000,psxdata,2026-05-11T12:54:30
STPL,2021-05-19,15.5,15.5,14.75,15.03,1291500,psxdata,2026-05-11T12:54:30
STPL,2021-05-20,15.0,15.44,15.0,15.23,1626000,psxdata,2026-05-11T12:54:30
STPL,2021-05-21,15.25,16.25,15.25,15.92,6065000,psxdata,2026-05-11T12:54:30
STPL,2021-05-24,16.2,16.45,15.87,15.99,3590000,psxdata,2026-05-11T12:54:30
STPL,2021-05-25,16.11,16.4,15.62,16.2,5779000,psxdata,2026-05-11T12:54:30
STPL,2021-05-26,16.44,16.85,16.12,16.35,7024000,psxdata,2026-05-11T12:54:30
STPL,2021-05-27,16.5,16.57,16.01,16.13,2949500,psxdata,2026-05-11T12:54:30
STPL,2021-05-28,16.2,16.4,15.92,16.03,2338500,psxdata,2026-05-11T12:54:30
STPL,2021-05-31,16.07,16.94,16.07,16.77,5498000,psxdata,2026-05-11T12:54:30
STPL,2021-06-01,16.95,17.35,16.54,17.21,8423500,psxdata,2026-05-11T12:54:30
STPL,2021-06-02,17.3,18.18,17.21,18.03,10982000,psxdata,2026-05-11T12:54:30
STPL,2021-06-03,18.14,18.57,17.75,17.88,5979500,psxdata,2026-05-11T12:54:30
STPL,2021-06-04,17.75,18.26,17.75,17.81,4554000,psxdata,2026-05-11T12:54:30
STPL,2021-06-07,18.09,18.1,17.81,17.88,3700000,psxdata,2026-05-11T12:54:30
STPL,2021-06-08,18.07,18.1,17.5,17.6,2231500,psxdata,2026-05-11T12:54:30
STPL,2021-06-09,17.78,17.8,17.1,17.2,1828000,psxdata,2026-05-11T12:54:30
STPL,2021-06-10,17.2,17.62,17.2,17.32,2309000,psxdata,2026-05-11T12:54:30
STPL,2021-06-11,17.26,17.48,17.0,17.2,2426500,psxdata,2026-05-11T12:54:30
STPL,2021-06-14,17.7,17.88,17.2,17.72,5778000,psxdata,2026-05-11T12:54:30
STPL,2021-06-15,17.76,18.36,17.65,17.97,9131000,psxdata,2026-05-11T12:54:30
STPL,2021-06-16,18.33,18.49,17.99,18.04,4097500,psxdata,2026-05-11T12:54:30
STPL,2021-06-17,18.16,18.18,17.55,17.74,2155000,psxdata,2026-05-11T12:54:30
STPL,2021-06-18,17.65,17.85,17.34,17.44,1979000,psxdata,2026-05-11T12:54:30
STPL,2021-06-21,17.46,17.5,17.05,17.09,1442000,psxdata,2026-05-11T12:54:30
STPL,2021-06-22,17.2,17.55,17.01,17.13,1490500,psxdata,2026-05-11T12:54:30
STPL,2021-06-23,17.18,17.35,16.95,17.14,1416500,psxdata,2026-05-11T12:54:30
STPL,2021-06-24,17.04,17.8,17.04,17.29,2034000,psxdata,2026-05-11T12:54:30
STPL,2021-06-25,17.48,18.26,17.2,17.57,7972500,psxdata,2026-05-11T12:54:30
STPL,2021-06-28,17.6,17.86,17.1,17.28,2936000,psxdata,2026-05-11T12:54:30
STPL,2021-06-29,17.26,18.57,17.26,18.57,6660000,psxdata,2026-05-11T12:54:30
STPL,2021-06-30,19.2,19.79,19.04,19.14,14813000,psxdata,2026-05-11T12:54:30
STPL,2021-07-01,19.14,19.25,18.57,18.77,6548000,psxdata,2026-05-11T12:54:30
STPL,2021-07-02,18.98,18.99,18.25,18.34,2351500,psxdata,2026-05-11T12:54:30
STPL,2021-07-05,18.18,18.39,17.52,17.72,1961500,psxdata,2026-05-11T12:54:30
STPL,2021-07-06,17.8,17.96,17.05,17.2,2616000,psxdata,2026-05-11T12:54:30
STPL,2021-07-07,17.25,17.25,16.8,17.05,1840000,psxdata,2026-05-11T12:54:30
STPL,2021-07-08,16.91,17.7,16.91,17.3,2079000,psxdata,2026-05-11T12:54:30
STPL,2021-07-09,17.35,17.44,17.0,17.07,1452000,psxdata,2026-05-11T12:54:30
STPL,2021-07-12,17.05,17.29,16.75,17.01,1396000,psxdata,2026-05-11T12:54:30
STPL,2021-07-13,17.2,18.1,17.06,17.81,7664500,psxdata,2026-05-11T12:54:30
STPL,2021-07-14,17.9,18.2,17.3,17.43,3817000,psxdata,2026-05-11T12:54:30
STPL,2021-07-15,17.39,17.72,17.3,17.35,2411000,psxdata,2026-05-11T12:54:30
STPL,2021-07-16,17.59,17.59,17.11,17.35,730000,psxdata,2026-05-11T12:54:30
STPL,2021-07-19,17.5,18.25,17.03,18.08,9220000,psxdata,2026-05-11T12:54:30
STPL,2021-07-23,18.4,18.6,17.81,17.92,3950500,psxdata,2026-05-11T12:54:30
STPL,2021-07-26,17.99,17.99,17.52,17.57,1587000,psxdata,2026-05-11T12:54:30
STPL,2021-07-27,17.51,18.01,17.4,17.46,2437500,psxdata,2026-05-11T12:54:30
STPL,2021-07-28,17.5,17.79,16.9,17.03,1977500,psxdata,2026-05-11T12:54:30
STPL,2021-07-29,16.86,17.18,16.66,17.0,1701500,psxdata,2026-05-11T12:54:30
STPL,2021-07-30,17.01,17.25,16.15,16.29,2102500,psxdata,2026-05-11T12:54:30
STPL,2021-08-02,16.34,16.96,16.34,16.83,915000,psxdata,2026-05-11T12:54:30
STPL,2021-08-03,16.9,17.4,16.9,17.14,2583000,psxdata,2026-05-11T12:54:30
STPL,2021-08-04,17.22,17.54,17.0,17.41,2344500,psxdata,2026-05-11T12:54:30
STPL,2021-08-05,17.4,17.59,17.08,17.14,817000,psxdata,2026-05-11T12:54:30
STPL,2021-08-06,17.14,17.39,16.85,16.94,1562500,psxdata,2026-05-11T12:54:30
STPL,2021-08-09,17.08,17.2,16.4,16.44,901500,psxdata,2026-05-11T12:54:30
STPL,2021-08-10,16.41,16.9,16.02,16.66,1129500,psxdata,2026-05-11T12:54:30
STPL,2021-08-11,16.9,17.1,16.6,16.66,1458000,psxdata,2026-05-11T12:54:30
STPL,2021-08-12,16.75,16.75,16.3,16.47,264500,psxdata,2026-05-11T12:54:30
STPL,2021-08-13,16.7,16.72,16.25,16.38,330000,psxdata,2026-05-11T12:54:30
STPL,2021-08-16,16.34,16.35,15.9,16.03,689500,psxdata,2026-05-11T12:54:30
STPL,2021-08-17,16.38,16.45,16.06,16.12,725500,psxdata,2026-05-11T12:54:30
STPL,2021-08-20,16.48,16.56,16.25,16.49,833000,psxdata,2026-05-11T12:54:30
STPL,2021-08-23,16.48,16.9,16.48,16.64,1147500,psxdata,2026-05-11T12:54:30
STPL,2021-08-24,16.65,17.3,16.65,16.92,4075000,psxdata,2026-05-11T12:54:30
STPL,2021-08-25,17.07,17.16,16.75,16.87,2353500,psxdata,2026-05-11T12:54:30
STPL,2021-08-26,16.75,17.1,16.55,16.65,1369500,psxdata,2026-05-11T12:54:30
STPL,2021-08-27,16.65,16.65,16.05,16.25,1024000,psxdata,2026-05-11T12:54:30
STPL,2021-08-30,16.25,16.64,16.16,16.25,1010000,psxdata,2026-05-11T12:54:30
STPL,2021-08-31,16.32,16.48,16.1,16.2,1043500,psxdata,2026-05-11T12:54:30
STPL,2021-09-01,16.3,16.93,16.3,16.81,3626500,psxdata,2026-05-11T12:54:30
STPL,2021-09-02,16.9,17.25,16.7,16.73,4940500,psxdata,2026-05-11T12:54:30
STPL,2021-09-03,16.6,16.8,16.4,16.52,1328500,psxdata,2026-05-11T12:54:30
STPL,2021-09-06,16.6,16.74,16.3,16.38,715500,psxdata,2026-05-11T12:54:30
STPL,2021-09-07,16.39,16.39,16.1,16.26,463000,psxdata,2026-05-11T12:54:30
STPL,2021-09-08,16.4,16.4,15.9,16.0,1268000,psxdata,2026-05-11T12:54:30
STPL,2021-09-09,16.24,16.25,15.85,15.9,1882000,psxdata,2026-05-11T12:54:30
STPL,2021-09-10,16.0,16.1,15.72,15.79,839500,psxdata,2026-05-11T12:54:30
STPL,2021-09-13,15.79,16.19,15.71,15.79,826500,psxdata,2026-05-11T12:54:30
STPL,2021-09-14,15.71,15.8,14.8,15.02,1692000,psxdata,2026-05-11T12:54:30
STPL,2021-09-15,15.09,15.09,14.65,14.77,1463500,psxdata,2026-05-11T12:54:30
STPL,2021-09-16,14.66,15.35,14.5,15.16,1457500,psxdata,2026-05-11T12:54:30
STPL,2021-09-17,15.19,15.34,14.85,14.93,465000,psxdata,2026-05-11T12:54:30
STPL,2021-09-20,14.91,15.09,14.5,14.71,761000,psxdata,2026-05-11T12:54:30
STPL,2021-09-21,14.95,14.96,14.2,14.43,817500,psxdata,2026-05-11T12:54:30
STPL,2021-09-22,14.2,14.35,13.35,13.69,2221500,psxdata,2026-05-11T12:54:30
STPL,2021-09-23,13.76,13.95,13.01,13.14,2893000,psxdata,2026-05-11T12:54:30
STPL,2021-09-24,13.1,13.3,12.5,12.71,2287500,psxdata,2026-05-11T12:54:30
STPL,2021-09-27,12.7,12.8,11.9,12.18,1121000,psxdata,2026-05-11T12:54:30
STPL,2021-09-28,12.43,12.9,12.0,12.82,1103000,psxdata,2026-05-11T12:54:30
STPL,2021-09-29,12.75,12.88,12.0,12.3,840500,psxdata,2026-05-11T12:54:30
STPL,2021-09-30,12.3,12.46,11.95,12.34,409500,psxdata,2026-05-11T12:54:30
STPL,2021-10-01,12.25,13.34,12.22,13.34,3516000,psxdata,2026-05-11T12:54:30
STPL,2021-10-04,13.3,13.97,13.0,13.62,3214000,psxdata,2026-05-11T12:54:30
STPL,2021-10-05,13.7,13.77,13.2,13.24,986000,psxdata,2026-05-11T12:54:30
STPL,2021-10-06,13.11,13.2,12.91,12.98,615000,psxdata,2026-05-11T12:54:30
STPL,2021-10-07,13.08,13.3,12.7,12.99,567000,psxdata,2026-05-11T12:54:30
STPL,2021-10-08,13.0,13.0,12.62,12.71,363500,psxdata,2026-05-11T12:54:30
STPL,2021-10-11,12.6,12.6,12.1,12.25,598000,psxdata,2026-05-11T12:54:30
STPL,2021-10-12,12.11,12.25,11.8,12.16,570500,psxdata,2026-05-11T12:54:30
STPL,2021-10-13,12.21,12.6,11.5,11.71,824500,psxdata,2026-05-11T12:54:30
STPL,2021-10-14,11.8,12.28,11.75,12.22,1232500,psxdata,2026-05-11T12:54:30
STPL,2021-10-15,12.2,12.35,12.0,12.24,1167500,psxdata,2026-05-11T12:54:30
STPL,2021-10-18,12.01,12.05,11.58,11.77,1033500,psxdata,2026-05-11T12:54:30
STPL,2021-10-20,11.75,12.7,11.75,12.28,2090000,psxdata,2026-05-11T12:54:30
STPL,2021-10-21,12.28,12.44,12.0,12.07,761000,psxdata,2026-05-11T12:54:30
STPL,2021-10-22,12.05,12.05,11.65,11.86,1320500,psxdata,2026-05-11T12:54:30
STPL,2021-10-25,11.7,12.0,11.7,11.89,112000,psxdata,2026-05-11T12:54:30
STPL,2021-10-26,11.91,11.99,11.85,11.9,263000,psxdata,2026-05-11T12:54:30
STPL,2021-10-27,12.1,12.55,11.9,12.23,917500,psxdata,2026-05-11T12:54:30
STPL,2021-10-28,12.3,12.3,11.9,12.18,659000,psxdata,2026-05-11T12:54:30
STPL,2021-10-29,12.34,12.34,11.92,12.1,712500,psxdata,2026-05-11T12:54:30
STPL,2021-11-01,12.22,12.89,12.22,12.61,2769500,psxdata,2026-05-11T12:54:30
STPL,2021-11-02,12.6,13.4,12.5,13.19,4490500,psxdata,2026-05-11T12:54:30
STPL,2021-11-03,13.19,13.73,12.9,13.49,4333500,psxdata,2026-05-11T12:54:30
STPL,2021-11-04,13.65,13.95,13.4,13.81,2466000,psxdata,2026-05-11T12:54:30
STPL,2021-11-05,13.53,14.06,13.35,13.43,2353000,psxdata,2026-05-11T12:54:30
STPL,2021-11-08,13.43,13.8,13.35,13.41,883500,psxdata,2026-05-11T12:54:30
STPL,2021-11-09,13.49,13.5,12.55,12.72,1299500,psxdata,2026-05-11T12:54:30
STPL,2021-11-10,12.73,13.0,12.53,12.88,759500,psxdata,2026-05-11T12:54:30
STPL,2021-11-11,12.99,13.09,12.66,12.7,390500,psxdata,2026-05-11T12:54:30
STPL,2021-11-12,12.56,12.75,12.35,12.56,910500,psxdata,2026-05-11T12:54:30
STPL,2021-11-15,12.56,12.7,12.11,12.25,603000,psxdata,2026-05-11T12:54:30
STPL,2021-11-16,12.44,12.59,12.25,12.49,984000,psxdata,2026-05-11T12:54:30
STPL,2021-11-17,12.4,12.44,12.1,12.19,273000,psxdata,2026-05-11T12:54:30
STPL,2021-11-18,12.34,12.38,12.0,12.18,669500,psxdata,2026-05-11T12:54:30
STPL,2021-11-19,12.06,12.4,12.06,12.29,406000,psxdata,2026-05-11T12:54:30
STPL,2021-11-22,12.0,12.2,11.97,12.02,229000,psxdata,2026-05-11T12:54:30
STPL,2021-11-23,11.83,12.2,11.5,11.55,828000,psxdata,2026-05-11T12:54:30
STPL,2021-11-24,11.3,11.6,11.0,11.33,779500,psxdata,2026-05-11T12:54:30
STPL,2021-11-25,11.4,11.48,11.1,11.2,302000,psxdata,2026-05-11T12:54:30
STPL,2021-11-26,11.1,11.9,11.05,11.53,1526000,psxdata,2026-05-11T12:54:30
STPL,2021-11-29,11.5,12.5,11.36,12.34,1313000,psxdata,2026-05-11T12:54:30
STPL,2021-11-30,12.99,13.2,12.4,12.59,2207000,psxdata,2026-05-11T12:54:30
STPL,2021-12-01,12.56,13.49,12.56,13.02,2640500,psxdata,2026-05-11T12:54:30
STPL,2021-12-02,13.01,13.01,12.02,12.12,2196500,psxdata,2026-05-11T12:54:30
STPL,2021-12-03,12.25,12.45,11.86,12.12,704500,psxdata,2026-05-11T12:54:30
STPL,2021-12-06,12.45,12.5,11.8,11.87,277000,psxdata,2026-05-11T12:54:30
STPL,2021-12-07,12.05,12.4,11.85,12.07,308000,psxdata,2026-05-11T12:54:30
STPL,2021-12-08,12.12,12.25,11.71,11.93,473500,psxdata,2026-05-11T12:54:30
STPL,2021-12-09,12.2,12.2,11.57,11.72,635000,psxdata,2026-05-11T12:54:30
STPL,2021-12-10,11.51,11.51,11.15,11.23,319000,psxdata,2026-05-11T12:54:30
STPL,2021-12-13,11.2,11.5,11.01,11.37,454000,psxdata,2026-05-11T12:54:30
STPL,2021-12-14,11.21,11.8,11.21,11.73,422500,psxdata,2026-05-11T12:54:30
STPL,2021-12-15,12.19,12.5,11.87,12.36,831500,psxdata,2026-05-11T12:54:30
STPL,2021-12-16,12.36,12.36,12.0,12.05,616000,psxdata,2026-05-11T12:54:30
STPL,2021-12-17,12.35,12.57,11.87,12.45,940000,psxdata,2026-05-11T12:54:30
STPL,2021-12-20,12.67,12.68,12.2,12.3,1654500,psxdata,2026-05-11T12:54:30
STPL,2021-12-21,12.79,12.85,12.37,12.44,1238000,psxdata,2026-05-11T12:54:30
STPL,2021-12-22,12.63,12.64,12.31,12.37,173500,psxdata,2026-05-11T12:54:30
STPL,2021-12-23,12.47,12.47,12.25,12.28,181000,psxdata,2026-05-11T12:54:30
STPL,2021-12-24,12.22,12.5,12.09,12.2,299000,psxdata,2026-05-11T12:54:30
STPL,2021-12-27,12.08,12.23,12.05,12.1,55500,psxdata,2026-05-11T12:54:30
STPL,2021-12-28,12.22,12.22,12.05,12.06,39500,psxdata,2026-05-11T12:54:30
STPL,2021-12-29,12.05,12.39,11.91,12.26,251000,psxdata,2026-05-11T12:54:30
STPL,2021-12-30,12.39,12.49,12.21,12.33,250000,psxdata,2026-05-11T12:54:30
STPL,2021-12-31,12.26,12.39,12.1,12.17,265500,psxdata,2026-05-11T12:54:30
STPL,2022-01-03,12.1,12.64,11.5,12.11,2399000,psxdata,2026-05-11T12:54:30
STPL,2022-01-04,12.1,12.44,12.1,12.34,870500,psxdata,2026-05-11T12:54:30
STPL,2022-01-05,12.35,12.5,12.27,12.46,507500,psxdata,2026-05-11T12:54:30
STPL,2022-01-06,12.5,12.64,12.25,12.27,294500,psxdata,2026-05-11T12:54:30
STPL,2022-01-07,12.32,12.39,12.2,12.25,435500,psxdata,2026-05-11T12:54:30
STPL,2022-01-10,12.4,12.72,12.37,12.55,950000,psxdata,2026-05-11T12:54:30
STPL,2022-01-11,12.5,13.0,12.45,12.91,1416000,psxdata,2026-05-11T12:54:30
STPL,2022-01-12,13.09,13.25,12.85,12.89,1418000,psxdata,2026-05-11T12:54:30
STPL,2022-01-13,12.91,12.91,12.6,12.68,306500,psxdata,2026-05-11T12:54:30
STPL,2022-01-14,12.65,12.72,12.48,12.49,180000,psxdata,2026-05-11T12:54:30
STPL,2022-01-17,12.4,12.4,12.2,12.24,210500,psxdata,2026-05-11T12:54:30
STPL,2022-01-18,12.19,12.39,12.16,12.2,331500,psxdata,2026-05-11T12:54:30
STPL,2022-01-19,12.12,12.29,11.8,11.84,345500,psxdata,2026-05-11T12:54:30
STPL,2022-01-20,11.82,11.94,11.51,11.83,188500,psxdata,2026-05-11T12:54:30
STPL,2022-01-21,11.8,12.0,11.8,11.99,164500,psxdata,2026-05-11T12:54:30
STPL,2022-01-24,11.78,11.97,11.75,11.8,49000,psxdata,2026-05-11T12:54:30
STPL,2022-01-25,11.95,12.01,11.8,11.84,97000,psxdata,2026-05-11T12:54:30
STPL,2022-01-26,11.76,12.25,11.75,11.99,598500,psxdata,2026-05-11T12:54:30
STPL,2022-01-27,11.99,12.15,11.81,12.02,133500,psxdata,2026-05-11T12:54:30
STPL,2022-01-28,11.96,12.19,11.86,12.02,548000,psxdata,2026-05-11T12:54:30
STPL,2022-01-31,12.1,12.25,11.96,12.22,311000,psxdata,2026-05-11T12:54:30
STPL,2022-02-01,12.4,12.46,12.18,12.33,529500,psxdata,2026-05-11T12:54:30
STPL,2022-02-02,12.44,12.45,12.21,12.33,234500,psxdata,2026-05-11T12:54:30
STPL,2022-02-03,12.5,12.5,12.17,12.2,221500,psxdata,2026-05-11T12:54:30
STPL,2022-02-04,12.16,12.35,12.15,12.22,160000,psxdata,2026-05-11T12:54:30
STPL,2022-02-07,12.16,12.5,12.02,12.09,387500,psxdata,2026-05-11T12:54:30
STPL,2022-02-08,12.1,12.23,12.0,12.06,169000,psxdata,2026-05-11T12:54:30
STPL,2022-02-09,12.07,12.6,11.91,12.47,1851000,psxdata,2026-05-11T12:54:30
STPL,2022-02-10,12.4,12.99,12.4,12.68,1600000,psxdata,2026-05-11T12:54:30
STPL,2022-02-11,12.79,12.8,12.33,12.57,218000,psxdata,2026-05-11T12:54:30
STPL,2022-02-14,12.5,12.5,12.01,12.1,278000,psxdata,2026-05-11T12:54:30
STPL,2022-02-15,12.05,12.35,12.0,12.25,320000,psxdata,2026-05-11T12:54:30
STPL,2022-02-16,12.2,12.2,12.03,12.14,89000,psxdata,2026-05-11T12:54:30
STPL,2022-02-17,12.28,12.28,11.8,11.9,244000,psxdata,2026-05-11T12:54:30
STPL,2022-02-18,11.81,12.1,11.8,12.06,84500,psxdata,2026-05-11T12:54:30
STPL,2022-02-21,12.14,12.14,11.8,11.83,101000,psxdata,2026-05-11T12:54:30
STPL,2022-02-22,11.61,11.99,11.55,11.77,175500,psxdata,2026-05-11T12:54:30
STPL,2022-02-23,11.7,12.0,11.56,11.93,184000,psxdata,2026-05-11T12:54:30
STPL,2022-02-24,11.52,11.7,11.02,11.05,392000,psxdata,2026-05-11T12:54:30
STPL,2022-02-25,11.4,11.4,10.99,11.05,239500,psxdata,2026-05-11T12:54:30
STPL,2022-02-28,11.45,11.85,10.71,11.37,526000,psxdata,2026-05-11T12:54:30
STPL,2022-03-01,11.5,11.53,11.25,11.42,333500,psxdata,2026-05-11T12:54:30
STPL,2022-03-02,11.2,11.89,11.11,11.75,704500,psxdata,2026-05-11T12:54:30
STPL,2022-03-03,11.62,11.95,11.35,11.41,186500,psxdata,2026-05-11T12:54:30
STPL,2022-03-04,11.5,11.5,11.0,11.13,394500,psxdata,2026-05-11T12:54:30
STPL,2022-03-07,11.05,11.15,10.5,10.63,243000,psxdata,2026-05-11T12:54:30
STPL,2022-03-08,10.44,10.85,10.3,10.38,235000,psxdata,2026-05-11T12:54:30
STPL,2022-03-09,10.45,10.6,10.2,10.4,88000,psxdata,2026-05-11T12:54:30
STPL,2022-03-10,10.64,10.9,10.5,10.69,130500,psxdata,2026-05-11T12:54:30
STPL,2022-03-11,10.68,10.9,10.25,10.46,279000,psxdata,2026-05-11T12:54:30
STPL,2022-03-14,10.46,10.5,10.2,10.34,157000,psxdata,2026-05-11T12:54:30
STPL,2022-03-15,10.48,10.95,10.4,10.79,204000,psxdata,2026-05-11T12:54:30
STPL,2022-03-16,10.59,11.25,10.59,11.08,215500,psxdata,2026-05-11T12:54:30
STPL,2022-03-17,11.1,11.18,10.99,11.05,140000,psxdata,2026-05-11T12:54:30
STPL,2022-03-18,10.67,10.79,10.5,10.57,330500,psxdata,2026-05-11T12:54:30
STPL,2022-03-21,10.5,10.75,10.5,10.71,84500,psxdata,2026-05-11T12:54:30
STPL,2022-03-22,10.75,10.85,10.65,10.78,133500,psxdata,2026-05-11T12:54:30
STPL,2022-03-24,10.51,10.79,10.5,10.74,127000,psxdata,2026-05-11T12:54:30
STPL,2022-03-25,10.75,10.85,10.56,10.78,207500,psxdata,2026-05-11T12:54:30
STPL,2022-03-28,10.51,11.2,10.51,11.14,199500,psxdata,2026-05-11T12:54:30
STPL,2022-03-29,11.25,12.0,11.16,11.94,635000,psxdata,2026-05-11T12:54:30
STPL,2022-03-30,11.56,12.4,11.51,12.13,1041000,psxdata,2026-05-11T12:54:30
STPL,2022-03-31,12.03,12.65,12.0,12.36,466500,psxdata,2026-05-11T12:54:30
STPL,2022-04-01,12.3,12.46,12.0,12.02,954500,psxdata,2026-05-11T12:54:30
STPL,2022-04-04,11.52,12.1,11.51,11.97,402500,psxdata,2026-05-11T12:54:30
STPL,2022-04-05,11.97,12.5,11.97,12.3,700000,psxdata,2026-05-11T12:54:30
STPL,2022-04-06,12.2,12.4,12.13,12.33,49000,psxdata,2026-05-11T12:54:30
STPL,2022-04-07,12.25,12.33,12.11,12.2,267000,psxdata,2026-05-11T12:54:30
STPL,2022-04-08,12.13,12.2,12.02,12.15,147000,psxdata,2026-05-11T12:54:30
STPL,2022-04-11,12.5,12.99,12.5,12.82,928000,psxdata,2026-05-11T12:54:30
STPL,2022-04-12,12.67,12.82,12.22,12.36,1040000,psxdata,2026-05-11T12:54:30
STPL,2022-04-13,12.45,12.45,11.84,11.87,1064500,psxdata,2026-05-11T12:54:30
STPL,2022-04-14,12.15,12.15,11.9,12.07,522000,psxdata,2026-05-11T12:54:30
STPL,2022-04-15,12.1,12.3,11.98,12.05,429500,psxdata,2026-05-11T12:54:30
STPL,2022-04-18,11.95,12.15,11.9,11.95,309000,psxdata,2026-05-11T12:54:30
STPL,2022-04-19,12.0,12.1,11.7,11.75,455000,psxdata,2026-05-11T12:54:30
STPL,2022-04-20,11.9,11.9,11.62,11.79,335500,psxdata,2026-05-11T12:54:30
STPL,2022-04-21,11.8,11.83,11.65,11.7,381500,psxdata,2026-05-11T12:54:30
STPL,2022-04-22,11.8,11.83,11.7,11.75,15000,psxdata,2026-05-11T12:54:30
STPL,2022-04-25,11.85,12.24,11.81,12.01,1446500,psxdata,2026-05-11T12:54:30
STPL,2022-04-26,12.01,12.13,12.0,12.0,132000,psxdata,2026-05-11T12:54:30
STPL,2022-04-27,11.97,12.05,11.95,12.0,313000,psxdata,2026-05-11T12:54:30
STPL,2022-04-28,11.71,11.85,11.71,11.82,89500,psxdata,2026-05-11T12:54:30
STPL,2022-05-06,11.75,11.8,11.15,11.3,251500,psxdata,2026-05-11T12:54:30
STPL,2022-05-09,11.16,11.16,10.61,10.71,273500,psxdata,2026-05-11T12:54:30
STPL,2022-05-10,10.75,10.9,10.75,10.83,177500,psxdata,2026-05-11T12:54:30
STPL,2022-05-11,10.63,10.75,10.25,10.33,256000,psxdata,2026-05-11T12:54:30
STPL,2022-05-12,10.4,10.9,10.25,10.5,161000,psxdata,2026-05-11T12:54:30
STPL,2022-05-13,10.7,10.7,10.56,10.61,22000,psxdata,2026-05-11T12:54:30
STPL,2022-05-16,10.3,10.75,9.61,10.47,389500,psxdata,2026-05-11T12:54:30
STPL,2022-05-17,10.49,10.65,10.49,10.53,68500,psxdata,2026-05-11T12:54:30
STPL,2022-05-18,10.36,11.53,10.36,11.26,294000,psxdata,2026-05-11T12:54:30
STPL,2022-05-19,11.26,11.3,11.01,11.15,345500,psxdata,2026-05-11T12:54:30
STPL,2022-05-20,11.29,11.48,11.15,11.15,122000,psxdata,2026-05-11T12:54:30
STPL,2022-05-23,10.9,11.23,10.75,10.77,56000,psxdata,2026-05-11T12:54:30
STPL,2022-05-24,10.9,10.95,10.8,10.94,81000,psxdata,2026-05-11T12:54:30
STPL,2022-05-25,10.99,10.99,10.52,10.86,400000,psxdata,2026-05-11T12:54:30
STPL,2022-05-26,10.95,11.2,10.86,11.2,223000,psxdata,2026-05-11T12:54:30
STPL,2022-05-27,11.2,11.7,11.11,11.13,321500,psxdata,2026-05-11T12:54:30
STPL,2022-05-30,11.29,11.34,11.09,11.1,52500,psxdata,2026-05-11T12:54:30
STPL,2022-05-31,11.02,11.25,11.02,11.04,205000,psxdata,2026-05-11T12:54:30
STPL,2022-06-01,11.06,11.5,11.05,11.19,141500,psxdata,2026-05-11T12:54:30
STPL,2022-06-02,11.05,11.1,10.76,11.0,349500,psxdata,2026-05-11T12:54:30
STPL,2022-06-03,10.81,11.28,10.75,10.97,335500,psxdata,2026-05-11T12:54:30
STPL,2022-06-06,11.1,11.25,10.86,11.18,78500,psxdata,2026-05-11T12:54:30
STPL,2022-06-07,11.1,11.26,11.02,11.07,72500,psxdata,2026-05-11T12:54:30
STPL,2022-06-08,11.19,11.3,10.85,10.99,198000,psxdata,2026-05-11T12:54:30
STPL,2022-06-09,11.15,11.99,11.1,11.6,474000,psxdata,2026-05-11T12:54:30
STPL,2022-06-10,11.8,11.9,11.5,11.51,208500,psxdata,2026-05-11T12:54:30
STPL,2022-06-13,11.31,11.31,11.1,11.1,29000,psxdata,2026-05-11T12:54:30
STPL,2022-06-14,11.1,11.49,11.05,11.35,16500,psxdata,2026-05-11T12:54:30
STPL,2022-06-15,11.35,11.35,11.1,11.22,77500,psxdata,2026-05-11T12:54:30
STPL,2022-06-16,11.02,11.24,11.0,11.02,94000,psxdata,2026-05-11T12:54:30
STPL,2022-06-17,10.85,11.4,10.85,11.13,109500,psxdata,2026-05-11T12:54:30
STPL,2022-06-20,11.02,11.02,10.85,10.87,58500,psxdata,2026-05-11T12:54:30
STPL,2022-06-21,11.0,11.15,10.85,11.14,98500,psxdata,2026-05-11T12:54:30
STPL,2022-06-22,11.25,11.6,11.0,11.09,104000,psxdata,2026-05-11T12:54:30
STPL,2022-06-23,11.11,11.4,11.0,11.17,266500,psxdata,2026-05-11T12:54:30
STPL,2022-06-24,11.17,11.17,10.62,10.68,114000,psxdata,2026-05-11T12:54:30
STPL,2022-06-27,10.95,10.96,10.68,10.81,118500,psxdata,2026-05-11T12:54:30
STPL,2022-06-28,10.8,10.88,10.71,10.8,95000,psxdata,2026-05-11T12:54:30
STPL,2022-06-29,10.75,10.8,10.7,10.7,17500,psxdata,2026-05-11T12:54:30
STPL,2022-06-30,10.61,10.69,10.54,10.58,34500,psxdata,2026-05-11T12:54:30
STPL,2022-07-01,10.51,10.95,10.5,10.53,74500,psxdata,2026-05-11T12:54:30
STPL,2022-07-04,10.6,10.6,10.4,10.51,55000,psxdata,2026-05-11T12:54:30
STPL,2022-07-05,10.45,10.55,10.45,10.45,43500,psxdata,2026-05-11T12:54:30
STPL,2022-07-06,10.5,10.5,10.32,10.34,78000,psxdata,2026-05-11T12:54:30
STPL,2022-07-07,10.34,10.45,10.34,10.4,48000,psxdata,2026-05-11T12:54:30
STPL,2022-07-13,10.26,10.5,10.22,10.35,164000,psxdata,2026-05-11T12:54:30
STPL,2022-07-14,10.5,10.7,10.4,10.67,136500,psxdata,2026-05-11T12:54:30
STPL,2022-07-15,10.5,10.6,10.45,10.49,103000,psxdata,2026-05-11T12:54:30
STPL,2022-07-18,10.32,10.36,10.03,10.08,79500,psxdata,2026-05-11T12:54:30
STPL,2022-07-19,10.2,10.24,9.8,9.91,195000,psxdata,2026-05-11T12:54:30
STPL,2022-07-20,9.8,10.05,9.75,9.77,71000,psxdata,2026-05-11T12:54:30
STPL,2022-07-21,9.71,9.9,9.71,9.8,108000,psxdata,2026-05-11T12:54:30
STPL,2022-07-22,9.99,10.0,9.52,9.88,126500,psxdata,2026-05-11T12:54:30
STPL,2022-07-25,9.6,9.99,9.51,9.89,28000,psxdata,2026-05-11T12:54:30
STPL,2022-07-26,9.9,10.5,9.89,10.19,547000,psxdata,2026-05-11T12:54:30
STPL,2022-07-27,10.3,10.6,10.19,10.43,715500,psxdata,2026-05-11T12:54:30
STPL,2022-07-28,10.58,10.9,10.47,10.65,604000,psxdata,2026-05-11T12:54:30
STPL,2022-07-29,10.52,10.55,10.5,10.51,135500,psxdata,2026-05-11T12:54:30
STPL,2022-08-01,10.51,10.7,10.51,10.62,77500,psxdata,2026-05-11T12:54:30
STPL,2022-08-02,10.45,10.62,10.45,10.56,70000,psxdata,2026-05-11T12:54:30
STPL,2022-08-03,10.5,10.95,10.5,10.78,459500,psxdata,2026-05-11T12:54:30
STPL,2022-08-04,10.95,11.25,10.86,10.9,381000,psxdata,2026-05-11T12:54:30
STPL,2022-08-05,11.0,11.31,10.95,11.18,245000,psxdata,2026-05-11T12:54:30
STPL,2022-08-10,11.0,11.24,10.94,10.95,254500,psxdata,2026-05-11T12:54:30
STPL,2022-08-11,11.0,11.03,10.75,10.8,142000,psxdata,2026-05-11T12:54:30
STPL,2022-08-12,10.77,10.95,10.77,10.91,168500,psxdata,2026-05-11T12:54:30
STPL,2022-08-15,10.88,11.4,10.88,11.2,524000,psxdata,2026-05-11T12:54:30
STPL,2022-08-16,11.22,11.4,11.06,11.1,279500,psxdata,2026-05-11T12:54:30
STPL,2022-08-17,10.85,11.15,10.81,11.1,74500,psxdata,2026-05-11T12:54:30
STPL,2022-08-18,11.44,11.5,11.18,11.2,201500,psxdata,2026-05-11T12:54:30
STPL,2022-08-19,11.44,11.44,11.0,11.0,81000,psxdata,2026-05-11T12:54:30
STPL,2022-08-22,10.8,10.85,10.75,10.75,116500,psxdata,2026-05-11T12:54:30
STPL,2022-08-23,10.65,10.94,10.65,10.74,178000,psxdata,2026-05-11T12:54:30
STPL,2022-08-24,10.7,10.79,10.45,10.48,225000,psxdata,2026-05-11T12:54:30
STPL,2022-08-25,10.4,10.6,10.25,10.32,106000,psxdata,2026-05-11T12:54:30
STPL,2022-08-26,10.33,10.33,10.3,10.31,41500,psxdata,2026-05-11T12:54:30
STPL,2022-08-29,10.25,10.25,10.01,10.14,132500,psxdata,2026-05-11T12:54:30
STPL,2022-08-30,10.4,10.44,10.17,10.33,168500,psxdata,2026-05-11T12:54:30
STPL,2022-08-31,10.3,10.4,10.23,10.24,35000,psxdata,2026-05-11T12:54:30
STPL,2022-09-01,10.25,10.55,10.25,10.3,148000,psxdata,2026-05-11T12:54:30
STPL,2022-09-02,10.3,10.57,10.26,10.36,122500,psxdata,2026-05-11T12:54:30
STPL,2022-09-05,10.36,10.58,10.1,10.21,143500,psxdata,2026-05-11T12:54:30
STPL,2022-09-06,10.2,10.25,10.1,10.15,29000,psxdata,2026-05-11T12:54:30
STPL,2022-09-07,10.25,10.25,9.95,9.95,201500,psxdata,2026-05-11T12:54:30
STPL,2022-09-08,10.0,10.2,9.97,10.18,745500,psxdata,2026-05-11T12:54:30
STPL,2022-09-09,10.23,10.33,10.1,10.15,120000,psxdata,2026-05-11T12:54:30
STPL,2022-09-12,10.2,10.2,10.01,10.05,52500,psxdata,2026-05-11T12:54:30
STPL,2022-09-13,10.05,10.05,9.98,10.0,71500,psxdata,2026-05-11T12:54:30
STPL,2022-09-14,9.92,9.95,9.84,9.85,81500,psxdata,2026-05-11T12:54:30
STPL,2022-09-15,9.95,9.99,9.85,9.87,46500,psxdata,2026-05-11T12:54:30
STPL,2022-09-16,9.87,9.97,9.8,9.85,21000,psxdata,2026-05-11T12:54:30
STPL,2022-09-19,9.85,9.85,9.5,9.5,697500,psxdata,2026-05-11T12:54:30
STPL,2022-09-20,9.32,9.51,9.3,9.35,93000,psxdata,2026-05-11T12:54:30
STPL,2022-09-21,9.49,9.49,9.03,9.23,83000,psxdata,2026-05-11T12:54:30
STPL,2022-09-22,9.1,9.11,9.02,9.1,42000,psxdata,2026-05-11T12:54:30
STPL,2022-09-23,9.24,9.25,8.99,9.0,65000,psxdata,2026-05-11T12:54:30
STPL,2022-09-26,9.05,9.39,9.0,9.25,204500,psxdata,2026-05-11T12:54:30
STPL,2022-09-27,9.35,9.46,9.29,9.42,179000,psxdata,2026-05-11T12:54:30
STPL,2022-09-28,9.48,9.48,9.25,9.28,34000,psxdata,2026-05-11T12:54:30
STPL,2022-09-29,9.27,9.28,9.09,9.1,42500,psxdata,2026-05-11T12:54:30
STPL,2022-09-30,9.1,9.18,8.95,8.99,70500,psxdata,2026-05-11T12:54:30
STPL,2022-10-03,8.89,9.25,8.8,8.97,159000,psxdata,2026-05-11T12:54:30
STPL,2022-10-04,9.14,9.14,8.85,8.89,230500,psxdata,2026-05-11T12:54:30
STPL,2022-10-05,8.85,9.0,8.8,8.82,222000,psxdata,2026-05-11T12:54:30
STPL,2022-10-06,8.86,8.95,8.8,8.83,224500,psxdata,2026-05-11T12:54:30
STPL,2022-10-07,8.83,8.89,8.77,8.85,237500,psxdata,2026-05-11T12:54:30
STPL,2022-10-10,8.93,9.0,8.8,8.86,402500,psxdata,2026-05-11T12:54:30
STPL,2022-10-11,8.88,8.95,8.79,8.8,283000,psxdata,2026-05-11T12:54:30
STPL,2022-10-12,8.8,8.85,8.69,8.72,134500,psxdata,2026-05-11T12:54:30
STPL,2022-10-13,8.7,8.75,8.55,8.59,313000,psxdata,2026-05-11T12:54:30
STPL,2022-10-14,8.75,8.75,8.6,8.67,212000,psxdata,2026-05-11T12:54:30
STPL,2022-10-17,8.6,8.67,8.26,8.34,999000,psxdata,2026-05-11T12:54:30
STPL,2022-10-18,8.47,8.48,8.22,8.28,361000,psxdata,2026-05-11T12:54:30
STPL,2022-10-19,8.38,8.73,8.31,8.51,729000,psxdata,2026-05-11T12:54:30
STPL,2022-10-20,8.6,8.77,8.51,8.63,645500,psxdata,2026-05-11T12:54:30
STPL,2022-10-21,8.68,9.63,8.64,9.06,4408500,psxdata,2026-05-11T12:54:30
STPL,2022-10-24,9.26,9.26,8.8,8.83,543000,psxdata,2026-05-11T12:54:30
STPL,2022-10-25,8.89,8.89,8.4,8.51,478500,psxdata,2026-05-11T12:54:30
STPL,2022-10-26,8.36,8.49,8.1,8.21,221500,psxdata,2026-05-11T12:54:30
STPL,2022-10-27,8.39,8.4,8.15,8.22,241000,psxdata,2026-05-11T12:54:30
STPL,2022-10-28,8.15,8.18,8.0,8.0,108500,psxdata,2026-05-11T12:54:30
STPL,2022-10-31,8.1,8.1,7.99,8.0,33000,psxdata,2026-05-11T12:54:30
STPL,2022-11-01,8.12,8.69,8.12,8.49,827500,psxdata,2026-05-11T12:54:30
STPL,2022-11-02,8.5,8.55,8.2,8.23,258500,psxdata,2026-05-11T12:54:30
STPL,2022-11-03,8.38,8.64,8.38,8.41,1262000,psxdata,2026-05-11T12:54:30
STPL,2022-11-04,8.3,8.45,8.23,8.33,178500,psxdata,2026-05-11T12:54:30
STPL,2022-11-07,8.25,8.48,8.25,8.39,161500,psxdata,2026-05-11T12:54:30
STPL,2022-11-08,8.37,8.48,8.3,8.39,221500,psxdata,2026-05-11T12:54:30
STPL,2022-11-10,8.46,8.66,8.35,8.52,445500,psxdata,2026-05-11T12:54:30
STPL,2022-11-11,8.6,9.1,8.42,8.51,80500,psxdata,2026-05-11T12:54:30
STPL,2022-11-14,8.36,8.38,8.15,8.28,195000,psxdata,2026-05-11T12:54:30
STPL,2022-11-15,8.4,8.5,8.21,8.28,157500,psxdata,2026-05-11T12:54:30
STPL,2022-11-16,8.42,8.42,8.2,8.26,200500,psxdata,2026-05-11T12:54:30
STPL,2022-11-17,8.44,8.5,8.21,8.28,864000,psxdata,2026-05-11T12:54:30
STPL,2022-11-18,8.21,8.27,8.14,8.21,99000,psxdata,2026-05-11T12:54:30
STPL,2022-11-21,8.35,8.35,8.16,8.17,43000,psxdata,2026-05-11T12:54:30
STPL,2022-11-22,8.25,8.32,8.15,8.21,30000,psxdata,2026-05-11T12:54:30
STPL,2022-11-23,8.25,8.28,8.19,8.23,16500,psxdata,2026-05-11T12:54:30
STPL,2022-11-24,8.31,8.31,8.16,8.2,41000,psxdata,2026-05-11T12:54:30
STPL,2022-11-25,8.4,8.4,8.18,8.2,6500,psxdata,2026-05-11T12:54:30
STPL,2022-11-28,8.1,8.14,7.75,7.83,273000,psxdata,2026-05-11T12:54:30
STPL,2022-11-29,7.99,8.15,7.82,7.98,48000,psxdata,2026-05-11T12:54:30
STPL,2022-11-30,8.14,8.14,7.85,7.94,34500,psxdata,2026-05-11T12:54:30
STPL,2022-12-01,8.1,8.1,7.7,7.9,225500,psxdata,2026-05-11T12:54:30
STPL,2022-12-02,7.94,7.94,7.71,7.82,39000,psxdata,2026-05-11T12:54:30
STPL,2022-12-05,7.7,7.98,7.65,7.75,163500,psxdata,2026-05-11T12:54:30
STPL,2022-12-06,7.75,7.75,7.66,7.7,23500,psxdata,2026-05-11T12:54:30
STPL,2022-12-07,7.76,7.83,7.72,7.75,99500,psxdata,2026-05-11T12:54:30
STPL,2022-12-08,7.7,7.75,7.61,7.62,19000,psxdata,2026-05-11T12:54:30
STPL,2022-12-09,7.61,7.74,7.5,7.6,217000,psxdata,2026-05-11T12:54:30
STPL,2022-12-12,7.7,7.7,7.52,7.52,45000,psxdata,2026-05-11T12:54:30
STPL,2022-12-13,7.52,7.63,7.47,7.5,89500,psxdata,2026-05-11T12:54:30
STPL,2022-12-14,7.5,7.55,7.45,7.47,45000,psxdata,2026-05-11T12:54:30
STPL,2022-12-15,7.31,7.31,7.02,7.05,205000,psxdata,2026-05-11T12:54:30
STPL,2022-12-16,7.0,7.15,6.83,7.01,134000,psxdata,2026-05-11T12:54:30
STPL,2022-12-19,6.9,6.9,6.8,6.8,24500,psxdata,2026-05-11T12:54:30
STPL,2022-12-20,6.75,6.75,6.4,6.5,204500,psxdata,2026-05-11T12:54:30
STPL,2022-12-21,6.22,6.63,6.2,6.48,198500,psxdata,2026-05-11T12:54:30
STPL,2022-12-22,6.5,6.63,6.4,6.42,77500,psxdata,2026-05-11T12:54:30
STPL,2022-12-23,6.55,6.55,6.31,6.43,50500,psxdata,2026-05-11T12:54:30
STPL,2022-12-26,6.63,6.69,6.5,6.6,87000,psxdata,2026-05-11T12:54:30
STPL,2022-12-27,6.35,6.6,6.35,6.45,7000,psxdata,2026-05-11T12:54:30
STPL,2022-12-28,6.35,6.45,6.1,6.14,100500,psxdata,2026-05-11T12:54:30
STPL,2022-12-29,6.16,6.37,6.16,6.37,6500,psxdata,2026-05-11T12:54:30
STPL,2022-12-30,6.4,6.5,6.2,6.35,93500,psxdata,2026-05-11T12:54:30
STPL,2023-01-02,6.48,6.85,6.48,6.6,185000,psxdata,2026-05-11T12:54:30
STPL,2023-01-03,6.41,6.96,6.41,6.79,458500,psxdata,2026-05-11T12:54:30
STPL,2023-01-04,6.8,6.91,6.71,6.72,104000,psxdata,2026-05-11T12:54:30
STPL,2023-01-05,6.82,6.83,6.66,6.71,40500,psxdata,2026-05-11T12:54:30
STPL,2023-01-06,6.78,6.78,6.65,6.65,18500,psxdata,2026-05-11T12:54:30
STPL,2023-01-09,6.7,6.7,6.25,6.36,107500,psxdata,2026-05-11T12:54:30
STPL,2023-01-10,6.35,6.67,6.35,6.52,63500,psxdata,2026-05-11T12:54:30
STPL,2023-01-11,6.52,6.6,6.5,6.55,29000,psxdata,2026-05-11T12:54:30
STPL,2023-01-12,6.5,6.84,6.4,6.8,111500,psxdata,2026-05-11T12:54:30
STPL,2023-01-13,6.68,6.78,6.65,6.76,27500,psxdata,2026-05-11T12:54:30
STPL,2023-01-16,6.52,6.72,6.5,6.6,60000,psxdata,2026-05-11T12:54:30
STPL,2023-01-17,6.6,6.6,5.75,5.85,687500,psxdata,2026-05-11T12:54:30
STPL,2023-01-18,5.9,5.9,5.7,5.82,223000,psxdata,2026-05-11T12:54:30
STPL,2023-01-19,5.78,6.25,5.76,6.19,380000,psxdata,2026-05-11T12:54:30
STPL,2023-01-20,6.1,6.1,5.85,5.88,79000,psxdata,2026-05-11T12:54:30
STPL,2023-01-23,5.8,6.1,5.7,5.99,80500,psxdata,2026-05-11T12:54:30
STPL,2023-01-24,5.95,6.1,5.8,5.94,387500,psxdata,2026-05-11T12:54:30
STPL,2023-01-25,6.0,6.2,5.95,6.06,85500,psxdata,2026-05-11T12:54:30
STPL,2023-01-26,6.09,6.28,6.0,6.08,215000,psxdata,2026-05-11T12:54:30
STPL,2023-01-27,6.06,6.08,6.0,6.0,76500,psxdata,2026-05-11T12:54:30
STPL,2023-01-30,6.0,6.1,5.98,6.08,68000,psxdata,2026-05-11T12:54:30
STPL,2023-01-31,6.08,6.25,6.08,6.15,58000,psxdata,2026-05-11T12:54:30
STPL,2023-02-01,6.2,6.25,6.08,6.16,8000,psxdata,2026-05-11T12:54:30
STPL,2023-02-02,6.25,6.25,6.06,6.08,10000,psxdata,2026-05-11T12:54:30
STPL,2023-02-03,6.01,6.4,5.9,6.27,161000,psxdata,2026-05-11T12:54:30
STPL,2023-02-06,6.21,6.4,6.21,6.36,27000,psxdata,2026-05-11T12:54:30
STPL,2023-02-07,6.3,6.49,6.3,6.4,54500,psxdata,2026-05-11T12:54:30
STPL,2023-02-08,6.21,6.48,5.52,6.4,111500,psxdata,2026-05-11T12:54:30
STPL,2023-02-09,6.4,6.75,6.32,6.64,420500,psxdata,2026-05-11T12:54:30
STPL,2023-02-10,6.46,6.55,6.3,6.42,146500,psxdata,2026-05-11T12:54:30
STPL,2023-02-13,6.4,6.46,6.31,6.45,52500,psxdata,2026-05-11T12:54:30
STPL,2023-02-14,6.4,6.4,6.16,6.16,64500,psxdata,2026-05-11T12:54:30
STPL,2023-02-15,6.17,6.21,6.16,6.2,18000,psxdata,2026-05-11T12:54:30
STPL,2023-02-16,6.2,6.5,6.2,6.38,80500,psxdata,2026-05-11T12:54:30
STPL,2023-02-17,6.21,6.4,6.0,6.17,72500,psxdata,2026-05-11T12:54:30
STPL,2023-02-20,6.1,6.34,6.1,6.29,96000,psxdata,2026-05-11T12:54:30
STPL,2023-02-21,6.04,6.3,6.04,6.12,75000,psxdata,2026-05-11T12:54:30
STPL,2023-02-22,6.29,6.33,6.2,6.31,26000,psxdata,2026-05-11T12:54:30
STPL,2023-02-23,6.2,6.22,6.05,6.2,54000,psxdata,2026-05-11T12:54:30
STPL,2023-02-24,6.13,6.13,5.85,5.95,153500,psxdata,2026-05-11T12:54:30
STPL,2023-02-27,5.92,6.05,5.9,6.0,22000,psxdata,2026-05-11T12:54:30
STPL,2023-02-28,6.05,6.09,5.9,6.0,43500,psxdata,2026-05-11T12:54:30
STPL,2023-03-01,6.0,6.07,5.81,5.86,84000,psxdata,2026-05-11T12:54:30
STPL,2023-03-02,6.08,6.08,5.67,5.7,86500,psxdata,2026-05-11T12:54:30
STPL,2023-03-03,5.88,5.93,5.7,5.83,32500,psxdata,2026-05-11T12:54:30
STPL,2023-03-06,5.96,6.05,5.87,5.87,48500,psxdata,2026-05-11T12:54:30
STPL,2023-03-07,5.9,6.05,5.9,5.95,65500,psxdata,2026-05-11T12:54:30
STPL,2023-03-08,5.96,6.1,5.96,6.03,70500,psxdata,2026-05-11T12:54:30
STPL,2023-03-09,6.05,6.22,6.05,6.18,83000,psxdata,2026-05-11T12:54:30
STPL,2023-03-10,6.18,6.48,6.18,6.32,99000,psxdata,2026-05-11T12:54:30
STPL,2023-03-13,6.4,6.6,6.4,6.49,205500,psxdata,2026-05-11T12:54:30
STPL,2023-03-14,6.42,6.42,6.26,6.28,23500,psxdata,2026-05-11T12:54:30
STPL,2023-03-15,6.28,6.65,6.28,6.31,201000,psxdata,2026-05-11T12:54:30
STPL,2023-03-16,6.53,6.6,6.41,6.49,338500,psxdata,2026-05-11T12:54:30
STPL,2023-03-17,6.5,6.55,6.33,6.35,74500,psxdata,2026-05-11T12:54:30
STPL,2023-03-20,6.35,6.75,6.3,6.44,310000,psxdata,2026-05-11T12:54:30
STPL,2023-03-21,6.6,7.19,6.6,6.82,1775000,psxdata,2026-05-11T12:54:30
STPL,2023-03-22,6.83,6.98,6.3,6.32,171000,psxdata,2026-05-11T12:54:30
STPL,2023-03-24,6.17,6.77,6.15,6.2,63500,psxdata,2026-05-11T12:54:30
STPL,2023-03-27,6.15,6.33,6.08,6.26,20000,psxdata,2026-05-11T12:54:30
STPL,2023-03-28,6.38,6.38,6.2,6.36,49000,psxdata,2026-05-11T12:54:30
STPL,2023-03-29,6.36,6.45,6.25,6.26,114000,psxdata,2026-05-11T12:54:30
STPL,2023-03-30,6.38,6.5,6.25,6.3,163500,psxdata,2026-05-11T12:54:30
STPL,2023-03-31,6.32,6.5,6.3,6.5,46500,psxdata,2026-05-11T12:54:30
STPL,2023-04-03,6.21,6.32,6.02,6.32,26500,psxdata,2026-05-11T12:54:30
STPL,2023-04-04,6.17,6.45,6.17,6.36,59000,psxdata,2026-05-11T12:54:30
STPL,2023-04-05,6.41,6.45,6.4,6.44,23500,psxdata,2026-05-11T12:54:30
STPL,2023-04-06,6.35,6.95,6.3,6.77,463000,psxdata,2026-05-11T12:54:30
STPL,2023-04-07,6.74,6.8,6.62,6.75,97500,psxdata,2026-05-11T12:54:30
STPL,2023-04-10,6.64,6.64,6.5,6.55,40500,psxdata,2026-05-11T12:54:30
STPL,2023-04-11,6.46,6.65,6.46,6.52,12000,psxdata,2026-05-11T12:54:30
STPL,2023-04-12,6.52,6.7,6.5,6.7,13500,psxdata,2026-05-11T12:54:30
STPL,2023-04-13,6.7,6.7,6.51,6.6,17000,psxdata,2026-05-11T12:54:30
STPL,2023-04-17,6.75,6.8,6.62,6.75,175000,psxdata,2026-05-11T12:54:30
STPL,2023-04-18,6.7,6.85,6.7,6.8,8500,psxdata,2026-05-11T12:54:30
STPL,2023-04-19,6.9,6.92,6.64,6.71,56000,psxdata,2026-05-11T12:54:30
STPL,2023-04-20,6.61,6.79,6.61,6.75,6000,psxdata,2026-05-11T12:54:30
STPL,2023-04-26,6.85,7.0,6.76,6.85,253500,psxdata,2026-05-11T12:54:30
STPL,2023-04-27,7.0,7.0,6.76,6.77,35000,psxdata,2026-05-11T12:54:30
STPL,2023-04-28,6.75,7.0,6.62,6.73,70500,psxdata,2026-05-11T12:54:30
STPL,2023-05-02,6.64,6.84,6.55,6.73,74000,psxdata,2026-05-11T12:54:30
STPL,2023-05-03,6.73,7.15,6.7,6.88,436000,psxdata,2026-05-11T12:54:30
STPL,2023-05-04,6.98,7.07,6.91,6.98,539000,psxdata,2026-05-11T12:54:30
STPL,2023-05-05,6.95,7.45,6.82,6.94,625500,psxdata,2026-05-11T12:54:30
STPL,2023-05-08,6.85,6.86,6.5,6.51,336500,psxdata,2026-05-11T12:54:30
STPL,2023-05-09,6.42,6.68,6.42,6.49,255000,psxdata,2026-05-11T12:54:30
STPL,2023-05-10,6.42,6.6,6.3,6.47,34500,psxdata,2026-05-11T12:54:30
STPL,2023-05-11,6.47,6.47,6.26,6.29,113500,psxdata,2026-05-11T12:54:30
STPL,2023-05-12,6.5,6.5,6.16,6.41,211500,psxdata,2026-05-11T12:54:30
STPL,2023-05-15,6.42,6.42,6.3,6.39,26000,psxdata,2026-05-11T12:54:30
STPL,2023-05-16,6.48,6.54,6.39,6.48,38000,psxdata,2026-05-11T12:54:30
STPL,2023-05-17,6.59,6.72,6.51,6.51,125000,psxdata,2026-05-11T12:54:30
STPL,2023-05-18,6.4,6.5,6.4,6.48,23000,psxdata,2026-05-11T12:54:30
STPL,2023-05-19,6.5,6.54,6.35,6.39,43000,psxdata,2026-05-11T12:54:30
STPL,2023-05-22,6.27,6.36,6.2,6.2,173000,psxdata,2026-05-11T12:54:30
STPL,2023-05-23,6.29,6.29,6.2,6.22,6500,psxdata,2026-05-11T12:54:30
STPL,2023-05-24,6.3,6.32,6.17,6.2,51500,psxdata,2026-05-11T12:54:30
STPL,2023-05-25,6.13,6.4,6.11,6.4,105000,psxdata,2026-05-11T12:54:30
STPL,2023-05-26,6.25,6.39,6.17,6.3,109000,psxdata,2026-05-11T12:54:30
STPL,2023-05-29,6.5,6.59,6.25,6.29,323000,psxdata,2026-05-11T12:54:30
STPL,2023-05-30,6.2,6.35,6.1,6.3,142500,psxdata,2026-05-11T12:54:30
STPL,2023-05-31,6.4,6.4,6.11,6.17,37500,psxdata,2026-05-11T12:54:30
STPL,2023-06-01,6.2,6.35,6.16,6.26,40500,psxdata,2026-05-11T12:54:30
STPL,2023-06-02,6.2,6.29,6.13,6.13,162000,psxdata,2026-05-11T12:54:30
STPL,2023-06-05,6.18,6.24,6.1,6.12,176500,psxdata,2026-05-11T12:54:30
STPL,2023-06-06,6.1,6.25,6.08,6.15,244500,psxdata,2026-05-11T12:54:30
STPL,2023-06-07,6.2,6.35,6.2,6.24,173500,psxdata,2026-05-11T12:54:30
STPL,2023-06-08,6.21,6.3,6.2,6.21,59000,psxdata,2026-05-11T12:54:30
STPL,2023-06-09,6.15,6.29,6.15,6.2,2000,psxdata,2026-05-11T12:54:30
STPL,2023-06-12,6.25,6.31,6.15,6.31,10000,psxdata,2026-05-11T12:54:30
STPL,2023-06-13,6.15,6.25,6.15,6.17,12500,psxdata,2026-05-11T12:54:30
STPL,2023-06-14,6.23,6.23,6.11,6.22,11500,psxdata,2026-05-11T12:54:30
STPL,2023-06-15,6.2,6.2,6.06,6.13,31500,psxdata,2026-05-11T12:54:30
STPL,2023-06-16,6.1,6.24,6.1,6.12,32000,psxdata,2026-05-11T12:54:30
STPL,2023-06-19,6.07,6.08,5.9,5.96,99500,psxdata,2026-05-11T12:54:30
STPL,2023-06-20,5.95,5.95,5.8,5.87,149500,psxdata,2026-05-11T12:54:30
STPL,2023-06-21,5.85,5.86,5.75,5.78,270000,psxdata,2026-05-11T12:54:30
STPL,2023-06-22,5.75,5.85,5.75,5.79,38000,psxdata,2026-05-11T12:54:30
STPL,2023-06-23,5.61,5.75,5.6,5.75,4000,psxdata,2026-05-11T12:54:30
STPL,2023-06-26,5.9,5.95,5.89,5.92,29000,psxdata,2026-05-11T12:54:30
STPL,2023-06-27,5.92,5.93,5.92,5.93,3000,psxdata,2026-05-11T12:54:30
STPL,2023-07-03,6.23,6.7,6.22,6.55,486500,psxdata,2026-05-11T12:54:30
STPL,2023-07-04,6.63,6.64,6.32,6.33,104500,psxdata,2026-05-11T12:54:30
STPL,2023-07-05,6.33,6.6,6.26,6.3,330500,psxdata,2026-05-11T12:54:30
STPL,2023-07-06,6.3,6.5,6.26,6.35,211500,psxdata,2026-05-11T12:54:30
STPL,2023-07-07,6.52,6.95,6.46,6.67,536000,psxdata,2026-05-11T12:54:30
STPL,2023-07-10,6.75,7.1,6.7,6.96,996000,psxdata,2026-05-11T12:54:30
STPL,2023-07-11,7.19,7.4,6.81,7.04,1505500,psxdata,2026-05-11T12:54:30
STPL,2023-07-12,7.07,7.2,6.87,7.06,871000,psxdata,2026-05-11T12:54:30
STPL,2023-07-13,7.01,7.55,7.0,7.19,1913500,psxdata,2026-05-11T12:54:30
STPL,2023-07-14,7.25,7.52,7.1,7.27,876500,psxdata,2026-05-11T12:54:30
STPL,2023-07-17,7.25,7.5,7.19,7.2,471500,psxdata,2026-05-11T12:54:30
STPL,2023-07-18,7.27,7.89,7.25,7.47,3832000,psxdata,2026-05-11T12:54:30
STPL,2023-07-19,7.55,7.6,7.02,7.16,633500,psxdata,2026-05-11T12:54:30
STPL,2023-07-20,7.25,7.25,6.95,7.03,930500,psxdata,2026-05-11T12:54:30
STPL,2023-07-21,7.01,7.4,7.01,7.07,535500,psxdata,2026-05-11T12:54:30
STPL,2023-07-24,7.14,7.18,7.05,7.05,151500,psxdata,2026-05-11T12:54:30
STPL,2023-07-25,7.05,7.3,7.05,7.15,565500,psxdata,2026-05-11T12:54:30
STPL,2023-07-26,7.15,7.61,7.13,7.54,2323000,psxdata,2026-05-11T12:54:30
STPL,2023-07-27,7.5,7.69,7.45,7.56,1051000,psxdata,2026-05-11T12:54:30
STPL,2023-07-31,7.68,7.68,7.42,7.49,417000,psxdata,2026-05-11T12:54:30
STPL,2023-08-01,7.6,7.85,7.52,7.59,988500,psxdata,2026-05-11T12:54:30
STPL,2023-08-02,7.57,7.78,7.55,7.58,475000,psxdata,2026-05-11T12:54:30
STPL,2023-08-03,7.63,7.67,7.21,7.39,328500,psxdata,2026-05-11T12:54:30
STPL,2023-08-04,7.26,7.4,7.13,7.25,147000,psxdata,2026-05-11T12:54:30
STPL,2023-08-07,7.11,7.44,7.1,7.11,168000,psxdata,2026-05-11T12:54:30
STPL,2023-08-08,7.35,7.35,6.8,6.9,47500,psxdata,2026-05-11T12:54:30
STPL,2023-08-09,6.81,7.24,6.81,7.1,53000,psxdata,2026-05-11T12:54:30
STPL,2023-08-10,7.11,7.17,7.0,7.02,105500,psxdata,2026-05-11T12:54:30
STPL,2023-08-11,7.01,7.2,6.84,7.06,43500,psxdata,2026-05-11T12:54:30
STPL,2023-08-15,6.9,7.2,6.9,7.06,117500,psxdata,2026-05-11T12:54:30
STPL,2023-08-16,7.35,7.35,6.94,6.95,10500,psxdata,2026-05-11T12:54:30
STPL,2023-08-17,7.0,7.15,6.8,6.81,87000,psxdata,2026-05-11T12:54:30
STPL,2023-08-18,6.8,6.9,6.6,6.69,65500,psxdata,2026-05-11T12:54:30
STPL,2023-08-21,6.5,6.55,6.2,6.32,272500,psxdata,2026-05-11T12:54:30
STPL,2023-08-22,6.35,6.49,6.15,6.15,112500,psxdata,2026-05-11T12:54:30
STPL,2023-08-23,6.14,6.2,6.11,6.19,65000,psxdata,2026-05-11T12:54:30
STPL,2023-08-24,6.3,6.4,6.2,6.28,133500,psxdata,2026-05-11T12:54:30
STPL,2023-08-25,6.43,6.49,6.1,6.26,37000,psxdata,2026-05-11T12:54:30
STPL,2023-08-28,6.43,6.43,6.11,6.27,6500,psxdata,2026-05-11T12:54:30
STPL,2023-08-29,6.11,6.35,6.04,6.06,56500,psxdata,2026-05-11T12:54:30
STPL,2023-08-30,6.15,6.29,6.01,6.03,64500,psxdata,2026-05-11T12:54:30
STPL,2023-08-31,6.05,6.05,5.67,5.77,280000,psxdata,2026-05-11T12:54:30
STPL,2023-09-01,5.7,5.95,5.7,5.88,95500,psxdata,2026-05-11T12:54:30
STPL,2023-09-04,5.73,6.05,5.73,5.85,35000,psxdata,2026-05-11T12:54:30
STPL,2023-09-05,5.86,5.9,5.82,5.85,18000,psxdata,2026-05-11T12:54:30
STPL,2023-09-06,5.78,5.8,5.7,5.71,107500,psxdata,2026-05-11T12:54:30
STPL,2023-09-07,5.75,5.93,5.71,5.8,108000,psxdata,2026-05-11T12:54:30
STPL,2023-09-08,5.85,5.91,5.85,5.91,92500,psxdata,2026-05-11T12:54:30
STPL,2023-09-11,5.9,6.0,5.75,5.87,102000,psxdata,2026-05-11T12:54:30
STPL,2023-09-12,5.75,5.75,5.7,5.75,68000,psxdata,2026-05-11T12:54:30
STPL,2023-09-13,5.75,5.9,5.75,5.76,41000,psxdata,2026-05-11T12:54:30
STPL,2023-09-14,5.75,5.95,5.75,5.9,84000,psxdata,2026-05-11T12:54:30
STPL,2023-09-15,5.91,6.13,5.91,6.02,54500,psxdata,2026-05-11T12:54:30
STPL,2023-09-18,6.14,6.45,6.07,6.08,163000,psxdata,2026-05-11T12:54:30
STPL,2023-09-19,6.05,6.2,6.02,6.14,148500,psxdata,2026-05-11T12:54:30
STPL,2023-09-20,6.3,6.3,6.1,6.13,146500,psxdata,2026-05-11T12:54:30
STPL,2023-09-21,6.2,6.3,6.11,6.11,26000,psxdata,2026-05-11T12:54:30
STPL,2023-09-22,6.03,6.13,5.98,6.06,160000,psxdata,2026-05-11T12:54:30
STPL,2023-09-25,6.05,6.15,5.93,5.97,146000,psxdata,2026-05-11T12:54:30
STPL,2023-09-26,5.95,6.2,5.92,6.15,273500,psxdata,2026-05-11T12:54:30
STPL,2023-09-27,6.05,6.15,5.98,6.0,167000,psxdata,2026-05-11T12:54:30
STPL,2023-09-28,6.1,6.1,5.71,5.76,250500,psxdata,2026-05-11T12:54:30
STPL,2023-10-02,5.96,5.96,5.78,5.78,172000,psxdata,2026-05-11T12:54:30
STPL,2023-10-03,5.8,5.84,5.8,5.8,10000,psxdata,2026-05-11T12:54:30
STPL,2023-10-04,5.82,5.88,5.81,5.85,4000,psxdata,2026-05-11T12:54:30
STPL,2023-10-05,5.75,5.93,5.75,5.92,104000,psxdata,2026-05-11T12:54:30
STPL,2023-10-06,5.97,6.19,5.97,6.05,292000,psxdata,2026-05-11T12:54:30
STPL,2023-10-09,6.02,6.6,6.02,6.31,616500,psxdata,2026-05-11T12:54:30
STPL,2023-10-10,6.3,6.4,6.2,6.26,98000,psxdata,2026-05-11T12:54:30
STPL,2023-10-11,6.33,6.42,6.25,6.38,145500,psxdata,2026-05-11T12:54:30
STPL,2023-10-12,6.39,6.4,6.19,6.19,32500,psxdata,2026-05-11T12:54:30
STPL,2023-10-13,6.48,6.5,6.25,6.36,104500,psxdata,2026-05-11T12:54:30
STPL,2023-10-16,6.45,6.75,6.4,6.64,518500,psxdata,2026-05-11T12:54:30
STPL,2023-10-17,6.55,6.93,6.2,6.6,518500,psxdata,2026-05-11T12:54:30
STPL,2023-10-18,6.42,6.74,6.42,6.66,195000,psxdata,2026-05-11T12:54:30
STPL,2023-10-19,6.73,6.8,6.47,6.75,383500,psxdata,2026-05-11T12:54:30
STPL,2023-10-20,6.86,6.97,6.46,6.79,717500,psxdata,2026-05-11T12:54:30
STPL,2023-10-23,6.9,6.9,6.61,6.7,147000,psxdata,2026-05-11T12:54:30
STPL,2023-10-24,6.5,6.7,6.5,6.68,102000,psxdata,2026-05-11T12:54:30
STPL,2023-10-25,6.7,7.15,6.7,6.91,510000,psxdata,2026-05-11T12:54:30
STPL,2023-10-26,7.0,7.0,6.8,6.81,110000,psxdata,2026-05-11T12:54:30
STPL,2023-10-27,6.72,6.75,6.5,6.61,87000,psxdata,2026-05-11T12:54:30
STPL,2023-10-30,6.9,6.9,6.6,6.67,62500,psxdata,2026-05-11T12:54:30
STPL,2023-10-31,6.7,6.8,6.7,6.71,159000,psxdata,2026-05-11T12:54:30
STPL,2023-11-01,6.89,7.06,6.61,6.9,326000,psxdata,2026-05-11T12:54:30
STPL,2023-11-02,6.99,7.4,6.99,7.33,1089500,psxdata,2026-05-11T12:54:30
STPL,2023-11-03,7.46,7.5,7.15,7.21,497500,psxdata,2026-05-11T12:54:30
STPL,2023-11-06,7.07,7.35,7.05,7.17,335000,psxdata,2026-05-11T12:54:30
STPL,2023-11-07,7.11,7.2,7.11,7.14,144000,psxdata,2026-05-11T12:54:30
STPL,2023-11-08,7.1,7.15,7.06,7.1,65500,psxdata,2026-05-11T12:54:30
STPL,2023-11-10,7.15,7.25,7.0,7.05,518000,psxdata,2026-05-11T12:54:30
STPL,2023-11-13,7.1,7.12,7.0,7.01,172000,psxdata,2026-05-11T12:54:30
STPL,2023-11-14,7.0,7.15,6.95,7.07,174500,psxdata,2026-05-11T12:54:30
STPL,2023-11-15,7.05,7.74,7.05,7.49,1245500,psxdata,2026-05-11T12:54:30
STPL,2023-11-16,7.65,8.49,7.55,8.1,6915500,psxdata,2026-05-11T12:54:30
STPL,2023-11-17,8.4,8.4,7.91,8.0,1810000,psxdata,2026-05-11T12:54:30
STPL,2023-11-20,7.85,8.2,7.8,8.08,580500,psxdata,2026-05-11T12:54:30
STPL,2023-11-21,8.03,8.4,7.86,7.93,1605000,psxdata,2026-05-11T12:54:30
STPL,2023-11-22,8.09,8.27,7.84,8.19,2549500,psxdata,2026-05-11T12:54:30
STPL,2023-11-23,8.25,8.72,8.15,8.6,3325000,psxdata,2026-05-11T12:54:30
STPL,2023-11-24,8.8,8.9,8.27,8.32,954000,psxdata,2026-05-11T12:54:30
STPL,2023-11-27,8.25,8.38,8.09,8.24,566500,psxdata,2026-05-11T12:54:30
STPL,2023-11-28,8.16,8.28,7.9,8.05,872000,psxdata,2026-05-11T12:54:30
STPL,2023-11-29,8.01,8.2,7.8,7.83,462500,psxdata,2026-05-11T12:54:30
STPL,2023-11-30,8.09,8.09,7.85,7.89,262500,psxdata,2026-05-11T12:54:30
STPL,2023-12-01,7.87,8.29,7.82,8.04,432500,psxdata,2026-05-11T12:54:30
STPL,2023-12-04,8.05,8.39,7.96,8.24,1440500,psxdata,2026-05-11T12:54:30
STPL,2023-12-05,8.48,8.48,8.08,8.1,372500,psxdata,2026-05-11T12:54:30
STPL,2023-12-06,8.15,8.18,7.85,8.08,817500,psxdata,2026-05-11T12:54:30
STPL,2023-12-07,8.15,8.45,8.1,8.13,1158500,psxdata,2026-05-11T12:54:30
STPL,2023-12-08,8.21,8.58,8.2,8.3,4065500,psxdata,2026-05-11T12:54:30
STPL,2023-12-11,8.31,9.07,8.22,8.88,6196500,psxdata,2026-05-11T12:54:30
STPL,2023-12-12,9.01,9.24,8.85,8.91,3107000,psxdata,2026-05-11T12:54:30
STPL,2023-12-13,9.09,9.12,8.01,8.31,1486000,psxdata,2026-05-11T12:54:30
STPL,2023-12-14,8.25,8.4,8.07,8.31,533000,psxdata,2026-05-11T12:54:30
STPL,2023-12-15,8.4,8.7,8.32,8.43,853000,psxdata,2026-05-11T12:54:30
STPL,2023-12-18,8.5,8.75,8.41,8.48,825000,psxdata,2026-05-11T12:54:30
STPL,2023-12-19,8.41,8.41,7.6,7.8,552500,psxdata,2026-05-11T12:54:30
STPL,2023-12-20,8.2,8.2,7.16,7.53,466000,psxdata,2026-05-11T12:54:30
STPL,2023-12-21,7.6,7.69,7.43,7.64,82000,psxdata,2026-05-11T12:54:30
STPL,2023-12-22,8.0,8.0,7.27,7.33,291000,psxdata,2026-05-11T12:54:30
STPL,2023-12-26,7.7,7.7,6.6,6.8,399500,psxdata,2026-05-11T12:54:30
STPL,2023-12-27,7.5,7.5,6.55,7.02,198500,psxdata,2026-05-11T12:54:30
STPL,2023-12-28,7.07,7.44,7.07,7.24,172000,psxdata,2026-05-11T12:54:30
STPL,2023-12-29,7.2,7.4,7.01,7.32,151000,psxdata,2026-05-11T12:54:30
STPL,2024-01-01,7.65,7.9,7.41,7.71,502000,psxdata,2026-05-11T12:54:30
STPL,2024-01-02,7.85,7.85,7.4,7.45,218000,psxdata,2026-05-11T12:54:30
STPL,2024-01-03,7.35,7.65,7.3,7.43,312000,psxdata,2026-05-11T12:54:30
STPL,2024-01-04,7.4,7.5,7.4,7.41,42000,psxdata,2026-05-11T12:54:30
STPL,2024-01-05,7.5,7.5,7.27,7.32,331000,psxdata,2026-05-11T12:54:30
STPL,2024-01-08,7.64,7.64,7.24,7.25,80000,psxdata,2026-05-11T12:54:30
STPL,2024-01-09,7.21,8.25,7.1,8.07,1857500,psxdata,2026-05-11T12:54:30
STPL,2024-01-10,8.45,8.45,7.76,7.81,1593000,psxdata,2026-05-11T12:54:30
STPL,2024-01-11,7.7,7.81,7.7,7.78,183500,psxdata,2026-05-11T12:54:30
STPL,2024-01-12,7.52,8.1,7.2,7.33,2902500,psxdata,2026-05-11T12:54:30
STPL,2024-01-15,7.44,7.45,7.17,7.21,282000,psxdata,2026-05-11T12:54:30
STPL,2024-01-16,7.35,7.5,7.1,7.47,541500,psxdata,2026-05-11T12:54:30
STPL,2024-01-17,7.47,7.58,7.2,7.23,129500,psxdata,2026-05-11T12:54:30
STPL,2024-01-18,7.25,7.25,7.0,7.16,264500,psxdata,2026-05-11T12:54:30
STPL,2024-01-19,7.2,7.29,7.1,7.15,144000,psxdata,2026-05-11T12:54:30
STPL,2024-01-22,7.12,7.18,7.1,7.14,19500,psxdata,2026-05-11T12:54:30
STPL,2024-01-23,7.24,7.24,7.06,7.15,71000,psxdata,2026-05-11T12:54:30
STPL,2024-01-24,7.21,7.35,7.21,7.25,112000,psxdata,2026-05-11T12:54:30
STPL,2024-01-25,7.3,7.3,7.1,7.12,69000,psxdata,2026-05-11T12:54:30
STPL,2024-01-26,7.18,7.3,6.7,6.73,1000500,psxdata,2026-05-11T12:54:30
STPL,2024-01-29,6.95,6.95,6.39,6.4,409500,psxdata,2026-05-11T12:54:30
STPL,2024-01-30,6.5,6.6,6.4,6.41,131000,psxdata,2026-05-11T12:54:30
STPL,2024-01-31,6.6,6.6,6.4,6.42,109500,psxdata,2026-05-11T12:54:30
STPL,2024-02-01,6.6,6.6,6.32,6.49,50500,psxdata,2026-05-11T12:54:30
STPL,2024-02-02,6.75,6.75,6.31,6.43,250500,psxdata,2026-05-11T12:54:30
STPL,2024-02-06,6.65,6.65,6.45,6.55,63500,psxdata,2026-05-11T12:54:30
STPL,2024-02-07,6.69,6.74,6.5,6.59,162000,psxdata,2026-05-11T12:54:30
STPL,2024-02-09,6.42,6.48,6.25,6.36,154000,psxdata,2026-05-11T12:54:30
STPL,2024-02-12,6.45,6.45,6.05,6.07,120500,psxdata,2026-05-11T12:54:30
STPL,2024-02-13,6.03,6.25,5.85,6.12,266500,psxdata,2026-05-11T12:54:30
STPL,2024-02-14,6.25,6.25,6.11,6.21,42500,psxdata,2026-05-11T12:54:30
STPL,2024-02-15,6.1,6.3,6.1,6.1,89000,psxdata,2026-05-11T12:54:30
STPL,2024-02-16,6.05,6.1,5.95,6.03,98000,psxdata,2026-05-11T12:54:30
STPL,2024-02-19,6.02,6.24,6.0,6.1,62000,psxdata,2026-05-11T12:54:30
STPL,2024-02-20,6.2,6.2,6.02,6.03,26500,psxdata,2026-05-11T12:54:30
STPL,2024-02-21,6.3,6.3,6.11,6.23,120500,psxdata,2026-05-11T12:54:30
STPL,2024-02-22,6.24,6.29,6.17,6.18,165500,psxdata,2026-05-11T12:54:30
STPL,2024-02-23,6.17,6.48,6.17,6.33,224000,psxdata,2026-05-11T12:54:30
STPL,2024-02-26,6.35,6.5,6.2,6.43,289500,psxdata,2026-05-11T12:54:30
STPL,2024-02-27,6.4,6.4,6.2,6.26,194500,psxdata,2026-05-11T12:54:30
STPL,2024-02-28,6.22,6.4,6.22,6.26,265000,psxdata,2026-05-11T12:54:30
STPL,2024-02-29,6.33,6.49,6.25,6.3,576500,psxdata,2026-05-11T12:54:30
STPL,2024-03-01,6.3,6.6,6.28,6.44,368000,psxdata,2026-05-11T12:54:30
STPL,2024-03-04,6.5,6.58,6.35,6.38,173000,psxdata,2026-05-11T12:54:30
STPL,2024-03-05,6.37,6.47,6.2,6.28,93500,psxdata,2026-05-11T12:54:30
STPL,2024-03-06,6.16,6.4,6.16,6.27,94000,psxdata,2026-05-11T12:54:30
STPL,2024-03-07,6.3,6.3,6.12,6.14,68500,psxdata,2026-05-11T12:54:30
STPL,2024-03-08,6.3,6.3,6.2,6.24,95000,psxdata,2026-05-11T12:54:30
STPL,2024-03-11,6.3,6.65,6.23,6.43,793000,psxdata,2026-05-11T12:54:30
STPL,2024-03-12,6.31,6.35,6.16,6.25,93000,psxdata,2026-05-11T12:54:30
STPL,2024-03-13,6.39,6.39,6.25,6.25,14500,psxdata,2026-05-11T12:54:30
STPL,2024-03-14,6.25,6.36,6.2,6.25,97500,psxdata,2026-05-11T12:54:30
STPL,2024-03-15,6.4,6.4,6.2,6.25,20000,psxdata,2026-05-11T12:54:30
STPL,2024-03-18,6.2,6.32,6.05,6.2,128500,psxdata,2026-05-11T12:54:30
STPL,2024-03-19,6.17,6.2,6.08,6.11,137500,psxdata,2026-05-11T12:54:30
STPL,2024-03-20,6.2,6.22,6.0,6.06,267500,psxdata,2026-05-11T12:54:30
STPL,2024-03-21,6.1,6.18,6.0,6.1,562500,psxdata,2026-05-11T12:54:30
STPL,2024-03-22,5.96,6.37,5.9,6.29,479000,psxdata,2026-05-11T12:54:30
STPL,2024-03-25,6.21,6.7,6.05,6.14,1735000,psxdata,2026-05-11T12:54:30
STPL,2024-03-26,6.25,6.3,6.2,6.23,396000,psxdata,2026-05-11T12:54:30
STPL,2024-03-27,6.2,6.2,5.97,6.0,638500,psxdata,2026-05-11T12:54:30
STPL,2024-03-28,6.0,6.08,5.95,5.98,258000,psxdata,2026-05-11T12:54:30
STPL,2024-03-29,6.09,6.09,5.95,5.98,220000,psxdata,2026-05-11T12:54:30
STPL,2024-04-01,6.0,6.1,5.9,5.92,197000,psxdata,2026-05-11T12:54:30
STPL,2024-04-02,6.05,6.1,6.0,6.1,103500,psxdata,2026-05-11T12:54:30
STPL,2024-04-03,6.1,6.25,6.04,6.17,191500,psxdata,2026-05-11T12:54:30
STPL,2024-04-04,6.25,6.25,6.07,6.1,255000,psxdata,2026-05-11T12:54:30
STPL,2024-04-08,6.1,6.18,6.0,6.11,242500,psxdata,2026-05-11T12:54:30
STPL,2024-04-09,6.0,6.18,6.0,6.04,215000,psxdata,2026-05-11T12:54:30
STPL,2024-04-15,6.01,6.1,6.0,6.03,110000,psxdata,2026-05-11T12:54:30
STPL,2024-04-16,6.08,6.2,6.02,6.06,176000,psxdata,2026-05-11T12:54:30
STPL,2024-04-17,6.1,6.2,6.0,6.05,371000,psxdata,2026-05-11T12:54:30
STPL,2024-04-18,6.04,6.14,6.01,6.02,175000,psxdata,2026-05-11T12:54:30
STPL,2024-04-19,6.1,6.1,5.9,5.92,999000,psxdata,2026-05-11T12:54:30
STPL,2024-04-22,6.0,6.49,5.95,6.26,2148500,psxdata,2026-05-11T12:54:30
STPL,2024-04-23,6.26,6.55,6.25,6.34,1472500,psxdata,2026-05-11T12:54:30
STPL,2024-04-24,6.4,6.56,6.3,6.4,462500,psxdata,2026-05-11T12:54:30
STPL,2024-04-25,6.46,6.7,6.27,6.37,2911000,psxdata,2026-05-11T12:54:30
STPL,2024-04-26,6.4,6.44,6.0,6.05,757000,psxdata,2026-05-11T12:54:30
STPL,2024-04-29,6.19,6.2,5.99,6.02,616500,psxdata,2026-05-11T12:54:30
STPL,2024-04-30,6.0,6.1,5.89,5.91,814500,psxdata,2026-05-11T12:54:30
STPL,2024-05-02,5.92,5.99,5.75,5.84,423500,psxdata,2026-05-11T12:54:30
STPL,2024-05-03,5.9,6.08,5.51,5.8,544500,psxdata,2026-05-11T12:54:30
STPL,2024-05-06,5.97,6.13,5.86,6.04,1546500,psxdata,2026-05-11T12:54:30
STPL,2024-05-07,6.15,6.4,6.1,6.23,1988000,psxdata,2026-05-11T12:54:30
STPL,2024-05-08,6.21,6.37,6.16,6.18,569500,psxdata,2026-05-11T12:54:30
STPL,2024-05-09,6.25,6.31,6.0,6.09,524500,psxdata,2026-05-11T12:54:30
STPL,2024-05-10,6.15,6.38,6.14,6.22,910500,psxdata,2026-05-11T12:54:30
STPL,2024-05-13,6.37,7.22,6.3,7.22,6812500,psxdata,2026-05-11T12:54:30
STPL,2024-05-14,7.57,7.9,7.25,7.3,5468500,psxdata,2026-05-11T12:54:30
STPL,2024-05-15,7.27,7.3,6.8,6.87,1804500,psxdata,2026-05-11T12:54:30
STPL,2024-05-16,6.8,7.21,6.75,6.96,1496500,psxdata,2026-05-11T12:54:30
STPL,2024-05-17,7.05,7.22,6.95,6.98,599500,psxdata,2026-05-11T12:54:30
STPL,2024-05-20,7.01,7.01,6.75,6.77,497190,psxdata,2026-05-11T12:54:30
STPL,2024-05-21,6.78,7.1,6.78,6.91,1093126,psxdata,2026-05-11T12:54:30
STPL,2024-05-22,7.02,7.07,6.82,6.89,643054,psxdata,2026-05-11T12:54:30
STPL,2024-05-23,6.74,7.03,6.73,6.91,467515,psxdata,2026-05-11T12:54:30
STPL,2024-05-24,6.89,6.95,6.67,6.69,461893,psxdata,2026-05-11T12:54:30
STPL,2024-05-27,6.7,6.77,6.5,6.53,351555,psxdata,2026-05-11T12:54:30
STPL,2024-05-29,6.46,6.49,6.33,6.45,194341,psxdata,2026-05-11T12:54:30
STPL,2024-05-30,6.45,6.5,6.3,6.38,306820,psxdata,2026-05-11T12:54:30
STPL,2024-05-31,6.43,6.6,6.31,6.43,226958,psxdata,2026-05-11T12:54:30
STPL,2024-06-03,6.5,6.57,6.36,6.41,2382904,psxdata,2026-05-11T12:54:30
STPL,2024-06-04,6.5,6.5,6.0,6.05,1090882,psxdata,2026-05-11T12:54:30
STPL,2024-06-05,6.03,6.19,6.03,6.09,697942,psxdata,2026-05-11T12:54:30
STPL,2024-06-06,6.1,6.22,5.97,6.0,896248,psxdata,2026-05-11T12:54:30
STPL,2024-06-07,6.07,6.14,5.9,6.11,693644,psxdata,2026-05-11T12:54:30
STPL,2024-06-10,6.11,6.19,5.9,5.96,141940,psxdata,2026-05-11T12:54:30
STPL,2024-06-11,6.0,6.18,5.78,5.81,617813,psxdata,2026-05-11T12:54:30
STPL,2024-06-12,5.89,6.08,5.7,5.74,1900394,psxdata,2026-05-11T12:54:30
STPL,2024-06-13,5.9,6.14,5.85,5.91,1449373,psxdata,2026-05-11T12:54:30
STPL,2024-06-14,6.09,6.09,5.87,5.89,515458,psxdata,2026-05-11T12:54:30
STPL,2024-06-20,5.9,6.1,5.87,6.0,1236139,psxdata,2026-05-11T12:54:30
STPL,2024-06-21,6.0,6.09,5.86,5.9,807022,psxdata,2026-05-11T12:54:30
STPL,2024-06-24,5.9,5.9,5.7,5.72,635823,psxdata,2026-05-11T12:54:30
STPL,2024-06-25,5.8,5.8,5.48,5.57,2309497,psxdata,2026-05-11T12:54:30
STPL,2024-06-26,5.6,5.95,5.49,5.64,3888907,psxdata,2026-05-11T12:54:30
STPL,2024-06-27,5.85,5.85,5.52,5.56,941914,psxdata,2026-05-11T12:54:30
STPL,2024-06-28,5.57,5.7,5.54,5.66,314390,psxdata,2026-05-11T12:54:30
STPL,2024-07-01,5.62,5.88,5.6,5.74,506974,psxdata,2026-05-11T12:54:30
STPL,2024-07-02,5.84,5.87,5.62,5.84,479408,psxdata,2026-05-11T12:54:30
STPL,2024-07-03,5.89,5.89,5.68,5.72,531226,psxdata,2026-05-11T12:54:30
STPL,2024-07-04,5.66,6.0,5.66,5.87,2700986,psxdata,2026-05-11T12:54:30
STPL,2024-07-05,5.95,5.97,5.7,5.75,675281,psxdata,2026-05-11T12:54:30
STPL,2024-07-08,5.73,5.89,5.7,5.75,55714,psxdata,2026-05-11T12:54:30
STPL,2024-07-09,5.78,5.99,5.72,5.76,928693,psxdata,2026-05-11T12:54:30
STPL,2024-07-10,5.94,5.94,5.68,5.7,211449,psxdata,2026-05-11T12:54:30
STPL,2024-07-11,5.78,5.78,5.59,5.61,328281,psxdata,2026-05-11T12:54:30
STPL,2024-07-12,5.6,5.7,5.5,5.58,882200,psxdata,2026-05-11T12:54:30
STPL,2024-07-15,5.6,5.79,5.55,5.64,1001112,psxdata,2026-05-11T12:54:30
STPL,2024-07-18,5.7,6.15,5.52,5.65,2774216,psxdata,2026-05-11T12:54:30
STPL,2024-07-19,5.7,5.79,5.53,5.55,450554,psxdata,2026-05-11T12:54:30
STPL,2024-07-22,5.59,5.7,5.47,5.5,491999,psxdata,2026-05-11T12:54:30
STPL,2024-07-23,5.59,5.59,5.45,5.5,180513,psxdata,2026-05-11T12:54:30
STPL,2024-07-24,5.7,5.7,5.5,5.56,112010,psxdata,2026-05-11T12:54:30
STPL,2024-07-25,5.65,5.65,5.47,5.5,235259,psxdata,2026-05-11T12:54:30
STPL,2024-07-26,5.6,5.6,5.42,5.44,144157,psxdata,2026-05-11T12:54:30
STPL,2024-07-29,5.64,5.64,5.4,5.44,122139,psxdata,2026-05-11T12:54:30
STPL,2024-07-30,5.54,5.54,5.4,5.46,99662,psxdata,2026-05-11T12:54:30
STPL,2024-07-31,5.6,5.6,5.37,5.4,299062,psxdata,2026-05-11T12:54:30
STPL,2024-08-01,5.4,5.45,5.25,5.26,131971,psxdata,2026-05-11T12:54:30
STPL,2024-08-02,5.45,5.5,5.28,5.45,242977,psxdata,2026-05-11T12:54:30
STPL,2024-08-05,5.51,6.08,5.25,5.92,6173466,psxdata,2026-05-11T12:54:30
STPL,2024-08-06,5.86,6.39,5.8,6.22,6245721,psxdata,2026-05-11T12:54:30
STPL,2024-08-07,6.18,6.28,5.8,5.83,724209,psxdata,2026-05-11T12:54:30
STPL,2024-08-08,5.72,5.95,5.65,5.71,335292,psxdata,2026-05-11T12:54:30
STPL,2024-08-09,5.88,5.88,5.71,5.74,106079,psxdata,2026-05-11T12:54:30
STPL,2024-08-12,5.72,5.83,5.65,5.69,244864,psxdata,2026-05-11T12:54:30
STPL,2024-08-13,5.65,5.85,5.6,5.64,565146,psxdata,2026-05-11T12:54:30
STPL,2024-08-15,5.61,5.7,5.5,5.66,368205,psxdata,2026-05-11T12:54:30
STPL,2024-08-16,5.52,5.78,5.52,5.6,276821,psxdata,2026-05-11T12:54:30
STPL,2024-08-19,5.7,5.7,5.41,5.49,2500975,psxdata,2026-05-11T12:54:30
STPL,2024-08-20,5.55,5.55,5.41,5.45,96046,psxdata,2026-05-11T12:54:30
STPL,2024-08-21,5.5,5.69,5.4,5.59,2557287,psxdata,2026-05-11T12:54:30
STPL,2024-08-22,5.72,6.03,5.7,5.8,4421114,psxdata,2026-05-11T12:54:30
STPL,2024-08-23,5.9,5.99,5.75,5.78,1309179,psxdata,2026-05-11T12:54:30
STPL,2024-08-26,5.8,6.78,5.8,6.78,10353600,psxdata,2026-05-11T12:54:30
STPL,2024-08-27,7.01,7.1,6.41,6.55,9269686,psxdata,2026-05-11T12:54:30
STPL,2024-08-28,6.49,6.65,6.15,6.25,2541554,psxdata,2026-05-11T12:54:30
STPL,2024-08-29,6.25,6.34,6.14,6.18,1187781,psxdata,2026-05-11T12:54:30
STPL,2024-08-30,6.12,6.5,6.1,6.2,2590008,psxdata,2026-05-11T12:54:30
STPL,2024-09-02,6.23,6.75,6.15,6.22,4737652,psxdata,2026-05-11T12:54:30
STPL,2024-09-03,6.2,6.75,6.2,6.3,3766599,psxdata,2026-05-11T12:54:30
STPL,2024-09-04,6.38,6.85,6.3,6.52,5520054,psxdata,2026-05-11T12:54:30
STPL,2024-09-05,6.59,6.8,6.4,6.41,2412859,psxdata,2026-05-11T12:54:30
STPL,2024-09-06,6.0,6.2,5.6,5.71,9841982,psxdata,2026-05-11T12:54:30
STPL,2024-09-09,5.75,6.09,5.68,6.01,2754652,psxdata,2026-05-11T12:54:30
STPL,2024-09-10,6.09,6.1,5.82,5.86,505745,psxdata,2026-05-11T12:54:30
STPL,2024-09-11,6.04,6.04,5.71,5.87,401168,psxdata,2026-05-11T12:54:30
STPL,2024-09-12,5.77,5.95,5.72,5.76,494528,psxdata,2026-05-11T12:54:30
STPL,2024-09-13,5.89,5.9,5.55,5.61,914597,psxdata,2026-05-11T12:54:30
STPL,2024-09-16,5.7,5.72,5.5,5.6,723038,psxdata,2026-05-11T12:54:30
STPL,2024-09-18,5.95,6.23,5.77,5.84,4155991,psxdata,2026-05-11T12:54:30
STPL,2024-09-19,5.97,5.97,5.62,5.65,437438,psxdata,2026-05-11T12:54:30
STPL,2024-09-20,5.61,5.73,5.52,5.56,1223456,psxdata,2026-05-11T12:54:30
STPL,2024-09-23,5.55,5.68,5.4,5.44,728363,psxdata,2026-05-11T12:54:30
STPL,2024-09-24,5.5,5.55,5.3,5.42,538914,psxdata,2026-05-11T12:54:30
STPL,2024-09-25,5.4,5.6,5.4,5.53,712394,psxdata,2026-05-11T12:54:30
STPL,2024-09-26,5.64,5.64,5.31,5.41,504524,psxdata,2026-05-11T12:54:30
STPL,2024-09-27,5.36,5.49,5.2,5.28,582384,psxdata,2026-05-11T12:54:30
STPL,2024-09-30,5.38,5.38,5.0,5.17,1129922,psxdata,2026-05-11T12:54:30
STPL,2024-10-01,5.15,5.35,4.51,4.97,670503,psxdata,2026-05-11T12:54:30
STPL,2024-10-02,5.0,5.15,5.0,5.0,455677,psxdata,2026-05-11T12:54:30
STPL,2024-10-03,5.02,5.15,5.0,5.06,243181,psxdata,2026-05-11T12:54:30
STPL,2024-10-04,5.03,5.2,5.03,5.05,288541,psxdata,2026-05-11T12:54:30
STPL,2024-10-07,5.19,5.19,5.0,5.08,185842,psxdata,2026-05-11T12:54:30
STPL,2024-10-08,5.08,5.14,4.99,5.03,262736,psxdata,2026-05-11T12:54:30
STPL,2024-10-09,5.01,5.13,5.0,5.01,549798,psxdata,2026-05-11T12:54:30
STPL,2024-10-10,5.14,5.14,5.0,5.02,121975,psxdata,2026-05-11T12:54:30
STPL,2024-10-11,5.1,5.17,5.01,5.05,228806,psxdata,2026-05-11T12:54:30
STPL,2024-10-14,5.18,5.19,4.85,5.02,192938,psxdata,2026-05-11T12:54:30
STPL,2024-10-15,5.15,5.15,4.95,5.1,231286,psxdata,2026-05-11T12:54:30
STPL,2024-10-16,5.18,5.18,5.05,5.11,132949,psxdata,2026-05-11T12:54:30
STPL,2024-10-17,5.18,5.19,5.04,5.14,202121,psxdata,2026-05-11T12:54:30
STPL,2024-10-18,5.18,5.18,5.02,5.06,88020,psxdata,2026-05-11T12:54:30
STPL,2024-10-21,5.14,5.14,5.0,5.09,777883,psxdata,2026-05-11T12:54:30
STPL,2024-10-22,5.14,5.14,5.01,5.07,475166,psxdata,2026-05-11T12:54:30
STPL,2024-10-23,5.13,5.4,5.03,5.12,1761824,psxdata,2026-05-11T12:54:30
STPL,2024-10-24,5.25,5.33,5.07,5.13,549711,psxdata,2026-05-11T12:54:30
STPL,2024-10-25,5.11,5.25,5.11,5.2,269737,psxdata,2026-05-11T12:54:30
STPL,2024-10-28,5.25,5.27,5.1,5.13,218028,psxdata,2026-05-11T12:54:30
STPL,2024-10-29,5.24,5.24,5.03,5.05,262440,psxdata,2026-05-11T12:54:30
STPL,2024-10-30,5.19,5.19,5.0,5.11,123834,psxdata,2026-05-11T12:54:30
STPL,2024-10-31,5.13,5.14,4.95,4.96,333237,psxdata,2026-05-11T12:54:30
STPL,2024-11-01,5.05,5.05,4.9,5.0,197004,psxdata,2026-05-11T12:54:30
STPL,2024-11-04,5.05,5.05,4.85,5.0,651106,psxdata,2026-05-11T12:54:30
STPL,2024-11-05,5.05,5.15,4.94,5.0,805767,psxdata,2026-05-11T12:54:30
STPL,2024-11-06,5.15,5.57,5.15,5.33,6255167,psxdata,2026-05-11T12:54:30
STPL,2024-11-07,5.49,5.59,5.37,5.5,1925811,psxdata,2026-05-11T12:54:30
STPL,2024-11-08,5.51,5.68,5.4,5.45,2012849,psxdata,2026-05-11T12:54:30
STPL,2024-11-11,5.49,5.85,5.45,5.6,2768674,psxdata,2026-05-11T12:54:30
STPL,2024-11-12,5.73,5.85,5.51,5.7,2352778,psxdata,2026-05-11T12:54:30
STPL,2024-11-13,5.73,6.12,5.55,5.93,7553450,psxdata,2026-05-11T12:54:30
STPL,2024-11-14,6.12,6.14,5.85,5.92,3991030,psxdata,2026-05-11T12:54:30
STPL,2024-11-15,5.86,6.0,5.7,5.73,1524091,psxdata,2026-05-11T12:54:30
STPL,2024-11-18,5.7,5.98,5.7,5.86,1190515,psxdata,2026-05-11T12:54:30
STPL,2024-11-19,5.76,6.11,5.76,5.89,2068650,psxdata,2026-05-11T12:54:30
STPL,2024-11-20,5.94,6.2,5.81,6.1,4754291,psxdata,2026-05-11T12:54:30
STPL,2024-11-21,6.1,6.3,6.0,6.1,3757745,psxdata,2026-05-11T12:54:30
STPL,2024-11-22,6.13,6.17,5.72,5.81,2305190,psxdata,2026-05-11T12:54:30
STPL,2024-11-25,5.79,5.84,5.7,5.72,555544,psxdata,2026-05-11T12:54:30
STPL,2024-11-26,5.7,5.75,5.33,5.42,650124,psxdata,2026-05-11T12:54:30
STPL,2024-11-27,5.6,5.7,5.46,5.59,666429,psxdata,2026-05-11T12:54:30
STPL,2024-11-28,5.7,5.74,5.61,5.67,336176,psxdata,2026-05-11T12:54:30
STPL,2024-11-29,5.63,5.77,5.58,5.61,1079276,psxdata,2026-05-11T12:54:30
STPL,2024-12-02,5.61,5.99,5.61,5.96,3741082,psxdata,2026-05-11T12:54:30
STPL,2024-12-03,6.05,6.59,5.99,6.23,9153401,psxdata,2026-05-11T12:54:30
STPL,2024-12-04,6.26,6.72,6.18,6.57,8318052,psxdata,2026-05-11T12:54:30
STPL,2024-12-05,6.05,6.2,5.81,5.86,12036088,psxdata,2026-05-11T12:54:30
STPL,2024-12-06,5.87,5.9,5.57,5.84,3443323,psxdata,2026-05-11T12:54:30
STPL,2024-12-09,5.84,6.09,5.75,5.92,2341131,psxdata,2026-05-11T12:54:30
STPL,2024-12-10,6.0,6.03,5.75,5.8,1239078,psxdata,2026-05-11T12:54:30
STPL,2024-12-11,5.97,5.97,5.79,5.86,982152,psxdata,2026-05-11T12:54:30
STPL,2024-12-12,5.98,5.98,5.8,5.82,2511568,psxdata,2026-05-11T12:54:30
STPL,2024-12-13,5.85,5.87,5.78,5.84,549650,psxdata,2026-05-11T12:54:30
STPL,2024-12-16,5.77,5.93,5.75,5.9,1039218,psxdata,2026-05-11T12:54:30
STPL,2024-12-17,5.99,5.99,5.75,5.8,989837,psxdata,2026-05-11T12:54:30
STPL,2024-12-18,5.8,6.15,5.8,5.86,2568340,psxdata,2026-05-11T12:54:30
STPL,2024-12-19,5.81,5.97,5.25,5.4,1481094,psxdata,2026-05-11T12:54:30
STPL,2024-12-20,5.41,5.78,5.36,5.66,375545,psxdata,2026-05-11T12:54:30
STPL,2024-12-23,5.78,5.84,5.6,5.69,617673,psxdata,2026-05-11T12:54:30
STPL,2024-12-24,5.7,5.8,5.5,5.53,386530,psxdata,2026-05-11T12:54:30
STPL,2024-12-26,5.6,5.7,5.25,5.43,976058,psxdata,2026-05-11T12:54:30
STPL,2024-12-27,5.46,5.55,5.36,5.47,520216,psxdata,2026-05-11T12:54:30
STPL,2024-12-30,5.59,5.74,5.35,5.65,854116,psxdata,2026-05-11T12:54:30
STPL,2024-12-31,5.79,5.95,5.66,5.75,1371046,psxdata,2026-05-11T12:54:30
STPL,2025-01-01,5.7,5.9,5.68,5.86,607028,psxdata,2026-05-11T12:54:30
STPL,2025-01-02,5.95,6.86,5.88,6.67,23654281,psxdata,2026-05-11T12:54:30
STPL,2025-01-03,6.76,7.4,6.6,7.11,19586361,psxdata,2026-05-11T12:54:30
STPL,2025-01-06,7.34,7.34,6.66,6.72,3522669,psxdata,2026-05-11T12:54:30
STPL,2025-01-07,6.72,6.86,6.25,6.54,1561052,psxdata,2026-05-11T12:54:30
STPL,2025-01-08,6.68,6.7,5.96,6.09,5807686,psxdata,2026-05-11T12:54:30
STPL,2025-01-09,6.09,6.2,5.9,5.91,1308288,psxdata,2026-05-11T12:54:30
STPL,2025-01-10,6.05,6.09,5.8,5.89,1196792,psxdata,2026-05-11T12:54:30
STPL,2025-01-13,6.06,6.09,5.85,5.92,982925,psxdata,2026-05-11T12:54:30
STPL,2025-01-14,6.2,6.2,5.96,5.99,1648325,psxdata,2026-05-11T12:54:30
STPL,2025-01-15,6.09,6.1,5.92,5.97,709524,psxdata,2026-05-11T12:54:30
STPL,2025-01-16,6.09,6.09,5.86,5.88,354772,psxdata,2026-05-11T12:54:30
STPL,2025-01-17,5.85,6.0,5.77,5.82,489301,psxdata,2026-05-11T12:54:30
STPL,2025-01-20,5.99,5.99,5.75,5.78,566238,psxdata,2026-05-11T12:54:30
STPL,2025-01-21,5.88,5.94,5.62,5.66,613266,psxdata,2026-05-11T12:54:30
STPL,2025-01-22,5.69,5.84,5.61,5.72,429882,psxdata,2026-05-11T12:54:30
STPL,2025-01-23,5.84,5.84,5.63,5.71,368158,psxdata,2026-05-11T12:54:30
STPL,2025-01-24,5.66,5.81,5.52,5.62,519178,psxdata,2026-05-11T12:54:30
STPL,2025-01-27,5.75,5.75,5.61,5.68,98699,psxdata,2026-05-11T12:54:30
STPL,2025-01-28,5.63,5.72,5.52,5.56,420384,psxdata,2026-05-11T12:54:30
STPL,2025-01-29,5.67,5.67,5.4,5.42,293847,psxdata,2026-05-11T12:54:30
STPL,2025-01-30,5.59,5.62,5.4,5.5,316295,psxdata,2026-05-11T12:54:30
STPL,2025-01-31,5.65,5.92,5.56,5.82,1136446,psxdata,2026-05-11T12:54:30
STPL,2025-02-03,6.35,6.82,6.35,6.82,12268925,psxdata,2026-05-11T12:54:30
STPL,2025-02-04,6.98,7.09,6.41,6.47,6491279,psxdata,2026-05-11T12:54:30
STPL,2025-02-06,6.45,6.45,6.0,6.02,2709962,psxdata,2026-05-11T12:54:30
STPL,2025-02-07,6.07,6.14,5.9,5.97,671359,psxdata,2026-05-11T12:54:30
STPL,2025-02-10,5.91,6.18,5.9,6.08,923300,psxdata,2026-05-11T12:54:30
STPL,2025-02-11,6.15,6.15,5.9,5.95,2070587,psxdata,2026-05-11T12:54:30
STPL,2025-02-12,5.9,6.03,5.85,5.9,453349,psxdata,2026-05-11T12:54:30
STPL,2025-02-13,6.1,6.1,5.86,5.97,619128,psxdata,2026-05-11T12:54:30
STPL,2025-02-14,6.09,6.35,5.95,6.13,1603713,psxdata,2026-05-11T12:54:30
STPL,2025-02-17,6.45,6.5,6.08,6.16,1478094,psxdata,2026-05-11T12:54:30
STPL,2025-02-18,6.15,6.38,6.05,6.27,325087,psxdata,2026-05-11T12:54:30
STPL,2025-02-19,6.29,6.29,6.05,6.07,801005,psxdata,2026-05-11T12:54:30
STPL,2025-02-20,6.13,6.19,6.01,6.03,795773,psxdata,2026-05-11T12:54:30
STPL,2025-02-21,6.01,6.18,6.01,6.06,301689,psxdata,2026-05-11T12:54:30
STPL,2025-02-24,6.15,6.24,5.99,6.02,397192,psxdata,2026-05-11T12:54:30
STPL,2025-02-25,6.2,6.2,5.95,6.03,297860,psxdata,2026-05-11T12:54:30
STPL,2025-02-26,5.97,6.12,5.95,6.01,329963,psxdata,2026-05-11T12:54:30
STPL,2025-02-27,6.17,6.17,5.95,6.0,344631,psxdata,2026-05-11T12:54:30
STPL,2025-02-28,6.1,6.1,5.8,5.83,494572,psxdata,2026-05-11T12:54:30
STPL,2025-03-03,5.76,5.98,5.76,5.8,136305,psxdata,2026-05-11T12:54:30
STPL,2025-03-04,5.97,5.97,5.76,5.81,86401,psxdata,2026-05-11T12:54:30
STPL,2025-03-05,5.99,6.06,5.82,5.94,214023,psxdata,2026-05-11T12:54:30
STPL,2025-03-06,6.04,6.04,5.9,5.99,275919,psxdata,2026-05-11T12:54:30
STPL,2025-03-07,6.04,6.04,5.82,5.86,817511,psxdata,2026-05-11T12:54:30
STPL,2025-03-10,5.98,5.98,5.84,5.88,275484,psxdata,2026-05-11T12:54:30
STPL,2025-03-11,5.85,5.88,5.77,5.78,276931,psxdata,2026-05-11T12:54:30
STPL,2025-03-12,5.78,5.84,5.71,5.76,366780,psxdata,2026-05-11T12:54:30
STPL,2025-03-13,5.85,5.85,5.75,5.78,138004,psxdata,2026-05-11T12:54:30
STPL,2025-03-14,5.84,5.84,5.7,5.73,250859,psxdata,2026-05-11T12:54:30
STPL,2025-03-17,5.75,5.9,5.65,5.72,397151,psxdata,2026-05-11T12:54:30
STPL,2025-03-18,5.67,5.87,5.66,5.77,456871,psxdata,2026-05-11T12:54:30
STPL,2025-03-19,5.8,5.94,5.8,5.9,340367,psxdata,2026-05-11T12:54:30
STPL,2025-03-20,5.9,5.98,5.75,5.82,292203,psxdata,2026-05-11T12:54:30
STPL,2025-03-21,5.82,5.85,5.7,5.71,852262,psxdata,2026-05-11T12:54:30
STPL,2025-03-24,5.85,5.85,5.7,5.72,119320,psxdata,2026-05-11T12:54:30
STPL,2025-03-25,5.78,5.78,5.65,5.7,82637,psxdata,2026-05-11T12:54:30
STPL,2025-03-26,5.75,5.85,5.62,5.69,306716,psxdata,2026-05-11T12:54:30
STPL,2025-03-27,5.63,5.7,5.63,5.65,100030,psxdata,2026-05-11T12:54:30
STPL,2025-04-03,5.66,5.73,5.65,5.7,230904,psxdata,2026-05-11T12:54:30
STPL,2025-04-04,5.8,5.95,5.65,5.7,274305,psxdata,2026-05-11T12:54:30
STPL,2025-04-07,5.66,5.75,5.26,5.55,441834,psxdata,2026-05-11T12:54:30
STPL,2025-04-08,5.56,5.73,5.51,5.56,317804,psxdata,2026-05-11T12:54:30
STPL,2025-04-09,5.56,5.69,5.51,5.6,371783,psxdata,2026-05-11T12:54:30
STPL,2025-04-10,5.68,6.46,5.51,5.84,3022467,psxdata,2026-05-11T12:54:30
STPL,2025-04-11,6.0,6.0,5.53,5.7,624159,psxdata,2026-05-11T12:54:30
STPL,2025-04-14,5.87,5.87,5.67,5.76,59294,psxdata,2026-05-11T12:54:30
STPL,2025-04-15,5.8,5.87,5.65,5.7,174140,psxdata,2026-05-11T12:54:30
STPL,2025-04-16,5.7,5.85,5.6,5.64,371160,psxdata,2026-05-11T12:54:30
STPL,2025-04-17,5.64,5.74,5.6,5.61,228608,psxdata,2026-05-11T12:54:30
STPL,2025-04-18,5.6,5.8,5.56,5.6,167064,psxdata,2026-05-11T12:54:30
STPL,2025-04-21,5.61,5.86,5.51,5.67,952579,psxdata,2026-05-11T12:54:30
STPL,2025-04-22,5.83,5.83,5.66,5.72,285524,psxdata,2026-05-11T12:54:30
STPL,2025-04-23,5.68,5.81,5.61,5.7,460329,psxdata,2026-05-11T12:54:30
STPL,2025-04-24,5.62,5.68,5.56,5.6,198043,psxdata,2026-05-11T12:54:30
STPL,2025-04-25,5.7,5.75,5.41,5.47,407250,psxdata,2026-05-11T12:54:30
STPL,2025-04-28,5.62,5.62,5.35,5.41,341631,psxdata,2026-05-11T12:54:30
STPL,2025-04-29,5.48,5.48,5.25,5.39,172616,psxdata,2026-05-11T12:54:30
STPL,2025-04-30,5.39,5.48,5.0,5.05,433554,psxdata,2026-05-11T12:54:30
STPL,2025-05-02,5.31,5.41,5.2,5.37,111951,psxdata,2026-05-11T12:54:30
STPL,2025-05-05,5.37,5.69,5.3,5.42,76797,psxdata,2026-05-11T12:54:30
STPL,2025-05-06,5.66,5.66,5.32,5.4,516641,psxdata,2026-05-11T12:54:30
STPL,2025-05-07,4.55,5.35,4.55,5.13,775987,psxdata,2026-05-11T12:54:30
STPL,2025-05-08,5.48,5.48,4.32,4.43,1007412,psxdata,2026-05-11T12:54:30
STPL,2025-05-09,4.32,4.75,4.22,4.56,440656,psxdata,2026-05-11T12:54:30
STPL,2025-05-12,5.25,5.3,4.98,5.27,515468,psxdata,2026-05-11T12:54:30
STPL,2025-05-13,5.12,5.48,5.11,5.16,278684,psxdata,2026-05-11T12:54:30
STPL,2025-05-14,5.3,5.3,5.06,5.25,234109,psxdata,2026-05-11T12:54:30
STPL,2025-05-15,5.25,5.69,5.2,5.32,2993306,psxdata,2026-05-11T12:54:30
STPL,2025-05-16,5.44,5.66,5.2,5.48,2074333,psxdata,2026-05-11T12:54:30
STPL,2025-05-19,5.54,5.87,5.3,5.6,1985244,psxdata,2026-05-11T12:54:30
STPL,2025-05-20,5.72,5.72,5.5,5.5,268057,psxdata,2026-05-11T12:54:30
STPL,2025-05-21,5.5,5.67,5.43,5.59,599133,psxdata,2026-05-11T12:54:30
STPL,2025-05-22,5.6,5.7,5.5,5.52,329616,psxdata,2026-05-11T12:54:30
STPL,2025-05-23,5.6,5.89,5.43,5.75,1993015,psxdata,2026-05-11T12:54:30
STPL,2025-05-26,6.17,6.62,6.12,6.49,9882760,psxdata,2026-05-11T12:54:30
STPL,2025-05-27,6.6,6.68,6.03,6.1,3757524,psxdata,2026-05-11T12:54:30
STPL,2025-05-29,6.12,6.23,5.98,6.04,1390752,psxdata,2026-05-11T12:54:30
STPL,2025-05-30,6.18,6.25,5.96,6.02,529596,psxdata,2026-05-11T12:54:30
STPL,2025-06-02,6.02,6.11,5.9,5.97,515246,psxdata,2026-05-11T12:54:30
STPL,2025-06-03,5.93,6.45,5.83,6.24,1154667,psxdata,2026-05-11T12:54:30
STPL,2025-06-04,6.24,6.4,6.0,6.1,1204338,psxdata,2026-05-11T12:54:30
STPL,2025-06-05,6.08,6.23,5.95,5.99,474701,psxdata,2026-05-11T12:54:30
STPL,2025-06-10,6.1,6.15,6.0,6.12,918974,psxdata,2026-05-11T12:54:30
STPL,2025-06-11,6.25,6.25,5.95,5.96,2531997,psxdata,2026-05-11T12:54:30
STPL,2025-06-12,5.95,6.11,5.83,5.88,1358534,psxdata,2026-05-11T12:54:30
STPL,2025-06-13,5.81,5.95,5.71,5.83,716981,psxdata,2026-05-11T12:54:30
STPL,2025-06-16,5.83,6.64,5.83,6.26,8451691,psxdata,2026-05-11T12:54:30
STPL,2025-06-17,6.49,6.49,6.1,6.14,1244630,psxdata,2026-05-11T12:54:30
STPL,2025-06-18,6.14,7.14,6.07,6.8,15865305,psxdata,2026-05-11T12:54:30
STPL,2025-06-19,7.1,7.2,6.4,6.53,12549468,psxdata,2026-05-11T12:54:30
STPL,2025-06-20,6.5,6.6,6.23,6.28,1297993,psxdata,2026-05-11T12:54:30
STPL,2025-06-23,6.19,6.89,6.0,6.53,7557409,psxdata,2026-05-11T12:54:30
STPL,2025-06-24,6.65,6.8,6.2,6.26,8937265,psxdata,2026-05-11T12:54:30
STPL,2025-06-25,6.43,6.48,6.05,6.37,2070762,psxdata,2026-05-11T12:54:30
STPL,2025-06-26,6.37,6.74,6.3,6.45,5141186,psxdata,2026-05-11T12:54:30
STPL,2025-06-27,6.51,6.86,6.34,6.75,8155895,psxdata,2026-05-11T12:54:30
STPL,2025-06-30,6.65,6.91,6.57,6.68,5714495,psxdata,2026-05-11T12:54:30
STPL,2025-07-01,6.75,7.02,6.69,6.72,6496848,psxdata,2026-05-11T12:54:30
STPL,2025-07-02,6.87,7.0,6.68,6.7,2380034,psxdata,2026-05-11T12:54:30
STPL,2025-07-03,6.7,6.9,6.48,6.79,4447110,psxdata,2026-05-11T12:54:30
STPL,2025-07-04,6.7,7.4,6.62,7.06,4391562,psxdata,2026-05-11T12:54:30
STPL,2025-07-07,7.1,7.2,6.94,7.01,3288761,psxdata,2026-05-11T12:54:30
STPL,2025-07-08,7.05,7.1,6.77,6.82,2471249,psxdata,2026-05-11T12:54:30
STPL,2025-07-09,6.85,7.03,6.75,6.81,2376730,psxdata,2026-05-11T12:54:30
STPL,2025-07-10,6.94,7.02,6.81,6.95,2804326,psxdata,2026-05-11T12:54:30
STPL,2025-07-11,7.05,7.38,6.9,7.22,7188839,psxdata,2026-05-11T12:54:30
STPL,2025-07-14,7.65,8.22,7.65,8.22,14068343,psxdata,2026-05-11T12:54:30
STPL,2025-07-15,8.74,8.8,7.45,7.56,19836666,psxdata,2026-05-11T12:54:30
STPL,2025-07-16,7.58,7.75,7.25,7.39,5387160,psxdata,2026-05-11T12:54:30
STPL,2025-07-17,7.49,7.67,7.25,7.28,4280640,psxdata,2026-05-11T12:54:30
STPL,2025-07-18,7.29,7.39,7.01,7.07,1147607,psxdata,2026-05-11T12:54:30
STPL,2025-07-21,7.08,7.25,7.05,7.13,1467944,psxdata,2026-05-11T12:54:30
STPL,2025-07-22,7.14,7.65,7.09,7.44,3368360,psxdata,2026-05-11T12:54:30
STPL,2025-07-23,7.45,7.59,7.16,7.21,1247249,psxdata,2026-05-11T12:54:30
STPL,2025-07-24,7.13,7.27,7.09,7.15,792135,psxdata,2026-05-11T12:54:30
STPL,2025-07-25,7.11,7.45,7.11,7.24,1476327,psxdata,2026-05-11T12:54:30
STPL,2025-07-28,7.39,7.4,7.1,7.14,1242499,psxdata,2026-05-11T12:54:30
STPL,2025-07-29,7.25,7.36,7.01,7.06,2165434,psxdata,2026-05-11T12:54:30
STPL,2025-07-30,7.12,7.25,6.93,7.05,1542181,psxdata,2026-05-11T12:54:30
STPL,2025-07-31,8.05,8.05,7.36,7.41,14536210,psxdata,2026-05-11T12:54:30
STPL,2025-08-01,7.4,7.65,7.22,7.59,4068941,psxdata,2026-05-11T12:54:30
STPL,2025-08-04,7.9,8.25,7.69,7.76,17604130,psxdata,2026-05-11T12:54:30
STPL,2025-08-05,7.77,7.9,7.58,7.71,2729852,psxdata,2026-05-11T12:54:30
STPL,2025-08-06,7.65,7.79,7.6,7.64,1687931,psxdata,2026-05-11T12:54:30
STPL,2025-08-07,7.52,7.64,7.38,7.41,1325911,psxdata,2026-05-11T12:54:30
STPL,2025-08-08,7.35,7.49,6.99,7.04,6587165,psxdata,2026-05-11T12:54:30
STPL,2025-08-11,7.21,8.04,7.13,7.55,21157191,psxdata,2026-05-11T12:54:30
STPL,2025-08-12,7.64,7.74,7.4,7.46,2766158,psxdata,2026-05-11T12:54:30
STPL,2025-08-13,7.64,7.64,7.31,7.37,1350138,psxdata,2026-05-11T12:54:30
STPL,2025-08-15,7.36,7.58,7.27,7.42,1086462,psxdata,2026-05-11T12:54:30
STPL,2025-08-18,7.59,7.82,7.35,7.58,2646135,psxdata,2026-05-11T12:54:30
STPL,2025-08-19,7.67,7.85,7.51,7.58,2603298,psxdata,2026-05-11T12:54:30
STPL,2025-08-20,7.6,7.72,7.55,7.62,992831,psxdata,2026-05-11T12:54:30
STPL,2025-08-21,7.7,7.8,7.47,7.51,2214366,psxdata,2026-05-11T12:54:30
STPL,2025-08-22,7.57,7.84,7.51,7.57,3598400,psxdata,2026-05-11T12:54:30
STPL,2025-08-25,7.7,7.7,7.42,7.46,1788926,psxdata,2026-05-11T12:54:30
STPL,2025-08-26,7.3,8.1,7.3,7.77,8940025,psxdata,2026-05-11T12:54:30
STPL,2025-08-27,7.72,8.07,7.62,7.67,4788117,psxdata,2026-05-11T12:54:30
STPL,2025-08-28,7.84,7.84,7.6,7.65,752796,psxdata,2026-05-11T12:54:30
STPL,2025-08-29,7.74,8.04,7.62,7.71,3386622,psxdata,2026-05-11T12:54:30
STPL,2025-09-01,7.76,7.97,7.71,7.74,2122633,psxdata,2026-05-11T12:54:30
STPL,2025-09-02,7.77,8.23,7.77,7.84,9403090,psxdata,2026-05-11T12:54:30
STPL,2025-09-03,7.94,8.44,7.85,8.1,12358496,psxdata,2026-05-11T12:54:30
STPL,2025-09-04,8.25,8.25,7.75,7.81,3886205,psxdata,2026-05-11T12:54:30
STPL,2025-09-05,7.75,8.05,7.61,7.75,2691094,psxdata,2026-05-11T12:54:30
STPL,2025-09-08,7.88,8.44,7.71,8.12,10697175,psxdata,2026-05-11T12:54:30
STPL,2025-09-09,8.29,8.3,7.93,8.04,2690743,psxdata,2026-05-11T12:54:30
STPL,2025-09-10,8.02,8.05,7.8,7.84,1276150,psxdata,2026-05-11T12:54:30
STPL,2025-09-11,7.9,8.2,7.81,7.96,2017269,psxdata,2026-05-11T12:54:30
STPL,2025-09-12,7.97,8.01,7.83,7.86,952748,psxdata,2026-05-11T12:54:30
STPL,2025-09-15,7.9,8.15,7.83,7.99,1227127,psxdata,2026-05-11T12:54:30
STPL,2025-09-16,8.1,8.7,8.0,8.29,18906002,psxdata,2026-05-11T12:54:30
STPL,2025-09-17,8.35,8.4,8.09,8.15,3305789,psxdata,2026-05-11T12:54:30
STPL,2025-09-18,8.29,8.59,8.17,8.49,7943507,psxdata,2026-05-11T12:54:30
STPL,2025-09-19,8.6,8.75,8.31,8.47,6553305,psxdata,2026-05-11T12:54:30
STPL,2025-09-22,8.5,9.18,8.49,9.0,16781176,psxdata,2026-05-11T12:54:30
STPL,2025-09-23,8.9,9.15,8.51,8.62,6124010,psxdata,2026-05-11T12:54:30
STPL,2025-09-24,8.6,8.63,8.35,8.4,3349021,psxdata,2026-05-11T12:54:30
STPL,2025-09-25,8.45,8.57,8.27,8.34,4891525,psxdata,2026-05-11T12:54:30
STPL,2025-09-26,8.34,8.58,8.21,8.27,2595243,psxdata,2026-05-11T12:54:30
STPL,2025-09-29,8.27,8.73,8.27,8.38,7423999,psxdata,2026-05-11T12:54:30
STPL,2025-09-30,8.38,8.43,8.13,8.17,1595564,psxdata,2026-05-11T12:54:30
STPL,2025-10-01,8.21,8.25,7.99,8.1,1731129,psxdata,2026-05-11T12:54:30
STPL,2025-10-02,8.15,8.38,8.0,8.25,2348473,psxdata,2026-05-11T12:54:30
STPL,2025-10-03,8.45,8.75,8.06,8.11,7183711,psxdata,2026-05-11T12:54:30
STPL,2025-10-06,8.14,8.18,7.75,7.89,2204044,psxdata,2026-05-11T12:54:30
STPL,2025-10-07,7.98,8.89,7.81,8.89,18195033,psxdata,2026-05-11T12:54:30
STPL,2025-10-08,9.3,9.45,8.32,8.45,41268930,psxdata,2026-05-11T12:54:30
STPL,2025-10-09,8.45,8.5,8.14,8.2,3350430,psxdata,2026-05-11T12:54:30
STPL,2025-10-10,8.14,8.46,8.08,8.19,2209354,psxdata,2026-05-11T12:54:30
STPL,2025-10-13,8.07,8.21,7.84,7.87,1753744,psxdata,2026-05-11T12:54:30
STPL,2025-10-14,8.0,8.29,8.0,8.11,1016786,psxdata,2026-05-11T12:54:30
STPL,2025-10-15,8.27,8.27,8.02,8.11,1122098,psxdata,2026-05-11T12:54:30
STPL,2025-10-16,8.22,8.32,8.05,8.11,1269808,psxdata,2026-05-11T12:54:30
STPL,2025-10-17,8.23,8.57,8.1,8.2,3010557,psxdata,2026-05-11T12:54:30
STPL,2025-10-20,8.29,8.35,8.11,8.22,701048,psxdata,2026-05-11T12:54:30
STPL,2025-10-21,8.12,8.47,8.02,8.12,3804595,psxdata,2026-05-11T12:54:30
STPL,2025-10-22,8.27,8.27,8.08,8.12,1014584,psxdata,2026-05-11T12:54:30
STPL,2025-10-23,8.12,9.09,8.1,8.39,25506289,psxdata,2026-05-11T12:54:30
STPL,2025-10-24,8.25,8.55,8.23,8.27,1310320,psxdata,2026-05-11T12:54:30
STPL,2025-10-27,8.35,8.35,8.04,8.07,1077251,psxdata,2026-05-11T12:54:30
STPL,2025-10-28,8.24,8.36,7.9,7.99,1158345,psxdata,2026-05-11T12:54:30
STPL,2025-10-29,8.01,8.01,7.73,7.79,1896120,psxdata,2026-05-11T12:54:30
STPL,2025-10-30,7.96,8.05,7.64,7.72,1309522,psxdata,2026-05-11T12:54:30
STPL,2025-10-31,7.94,8.2,7.76,8.05,1536339,psxdata,2026-05-11T12:54:30
STPL,2025-11-03,8.15,8.45,8.1,8.3,1351876,psxdata,2026-05-11T12:54:30
STPL,2025-11-04,8.45,8.45,8.03,8.08,1218044,psxdata,2026-05-11T12:54:30
STPL,2025-11-05,8.15,8.33,8.05,8.08,186533,psxdata,2026-05-11T12:54:30
STPL,2025-11-06,8.14,8.27,8.02,8.08,849631,psxdata,2026-05-11T12:54:30
STPL,2025-11-07,8.26,8.68,8.15,8.2,5851594,psxdata,2026-05-11T12:54:30
STPL,2025-11-10,8.3,8.6,8.2,8.28,2791524,psxdata,2026-05-11T12:54:30
STPL,2025-11-11,8.4,8.4,8.05,8.06,1689148,psxdata,2026-05-11T12:54:30
STPL,2025-11-12,8.04,8.15,7.75,7.85,1381363,psxdata,2026-05-11T12:54:30
STPL,2025-11-13,8.03,8.1,7.92,7.96,320954,psxdata,2026-05-11T12:54:30
STPL,2025-11-14,8.08,8.15,7.85,7.97,268185,psxdata,2026-05-11T12:54:30
STPL,2025-11-17,8.0,8.3,7.92,8.18,1061448,psxdata,2026-05-11T12:54:30
STPL,2025-11-18,8.29,8.5,8.1,8.25,1794989,psxdata,2026-05-11T12:54:30
STPL,2025-11-19,8.16,8.3,7.99,8.0,3641951,psxdata,2026-05-11T12:54:30
STPL,2025-11-20,8.13,8.13,7.86,7.95,396818,psxdata,2026-05-11T12:54:30
STPL,2025-11-21,7.9,8.09,7.82,7.88,427132,psxdata,2026-05-11T12:54:30
STPL,2025-11-24,7.87,7.98,7.77,7.91,641568,psxdata,2026-05-11T12:54:30
STPL,2025-11-25,7.99,7.99,7.75,7.79,403004,psxdata,2026-05-11T12:54:30
STPL,2025-11-26,7.87,7.87,7.6,7.73,548452,psxdata,2026-05-11T12:54:30
STPL,2025-11-27,7.73,7.89,7.73,7.83,113145,psxdata,2026-05-11T12:54:30
STPL,2025-11-28,7.96,7.96,7.61,7.78,183017,psxdata,2026-05-11T12:54:30
STPL,2025-12-01,7.96,7.96,7.75,7.77,151314,psxdata,2026-05-11T12:54:30
STPL,2025-12-02,7.78,7.89,7.32,7.81,298544,psxdata,2026-05-11T12:54:30
STPL,2025-12-03,7.94,8.05,7.8,8.0,617091,psxdata,2026-05-11T12:54:30
STPL,2025-12-04,8.11,8.11,7.76,7.88,365647,psxdata,2026-05-11T12:54:30
STPL,2025-12-05,8.02,8.4,7.83,8.28,5040359,psxdata,2026-05-11T12:54:30
STPL,2025-12-08,8.29,8.95,8.15,8.45,15108943,psxdata,2026-05-11T12:54:30
STPL,2025-12-09,8.56,8.7,8.1,8.15,7378576,psxdata,2026-05-11T12:54:30
STPL,2025-12-10,8.2,8.32,8.12,8.18,1869699,psxdata,2026-05-11T12:54:30
STPL,2025-12-11,8.3,8.3,8.1,8.12,865367,psxdata,2026-05-11T12:54:30
STPL,2025-12-12,8.25,8.25,8.06,8.12,593180,psxdata,2026-05-11T12:54:30
STPL,2025-12-15,8.2,8.3,8.12,8.19,596747,psxdata,2026-05-11T12:54:30
STPL,2025-12-16,8.27,8.39,8.2,8.3,1555183,psxdata,2026-05-11T12:54:30
STPL,2025-12-17,8.3,9.25,8.11,9.16,16884681,psxdata,2026-05-11T12:54:30
STPL,2025-12-18,9.4,9.77,8.55,8.7,36739127,psxdata,2026-05-11T12:54:30
STPL,2025-12-19,8.64,8.78,8.23,8.43,2265245,psxdata,2026-05-11T12:54:30
STPL,2025-12-22,8.45,8.58,8.3,8.37,1321923,psxdata,2026-05-11T12:54:30
STPL,2025-12-23,8.37,8.4,8.2,8.23,1038290,psxdata,2026-05-11T12:54:30
STPL,2025-12-24,8.24,8.6,8.21,8.44,1357027,psxdata,2026-05-11T12:54:30
STPL,2025-12-26,8.55,8.55,8.3,8.34,685585,psxdata,2026-05-11T12:54:30
STPL,2025-12-29,8.49,8.49,8.1,8.13,1481781,psxdata,2026-05-11T12:54:30
STPL,2025-12-30,8.39,8.64,8.15,8.58,2400972,psxdata,2026-05-11T12:54:30
STPL,2025-12-31,8.6,9.23,8.55,8.59,14591654,psxdata,2026-05-11T12:54:30
STPL,2026-01-01,8.5,9.03,8.5,8.7,2997177,psxdata,2026-05-11T12:54:30
STPL,2026-01-02,8.75,8.99,8.65,8.81,3328792,psxdata,2026-05-11T12:54:30
STPL,2026-01-05,9.1,9.14,8.74,8.79,3149345,psxdata,2026-05-11T12:54:30
STPL,2026-01-06,8.9,8.9,8.56,8.67,1779146,psxdata,2026-05-11T12:54:30
STPL,2026-01-07,8.79,9.0,8.73,8.84,3587447,psxdata,2026-05-11T12:54:30
STPL,2026-01-08,8.9,9.2,8.85,8.92,8726179,psxdata,2026-05-11T12:54:30
STPL,2026-01-09,8.92,9.16,8.9,8.92,5134251,psxdata,2026-05-11T12:54:30
STPL,2026-01-12,9.1,9.92,9.0,9.92,15261612,psxdata,2026-05-11T12:54:30
STPL,2026-01-13,10.29,10.75,10.05,10.29,21536122,psxdata,2026-05-11T12:54:30
STPL,2026-01-14,10.24,10.4,9.65,10.06,10226488,psxdata,2026-05-11T12:54:30
STPL,2026-01-15,10.55,10.74,9.64,9.73,12346553,psxdata,2026-05-11T12:54:30
STPL,2026-01-16,9.94,10.19,9.79,9.83,3162552,psxdata,2026-05-11T12:54:30
STPL,2026-01-19,9.9,9.9,9.61,9.66,1456664,psxdata,2026-05-11T12:54:30
STPL,2026-01-20,9.7,9.98,9.41,9.49,3084195,psxdata,2026-05-11T12:54:30
STPL,2026-01-21,9.44,9.65,9.22,9.29,11066426,psxdata,2026-05-11T12:54:30
STPL,2026-01-22,9.3,9.39,9.14,9.19,1500355,psxdata,2026-05-11T12:54:30
STPL,2026-01-23,9.2,9.45,9.15,9.21,1826264,psxdata,2026-05-11T12:54:30
STPL,2026-01-26,9.16,9.25,9.0,9.02,1495196,psxdata,2026-05-11T12:54:30
STPL,2026-01-27,9.01,9.18,8.9,8.92,844870,psxdata,2026-05-11T12:54:30
STPL,2026-01-28,8.96,9.04,8.77,8.79,1178434,psxdata,2026-05-11T12:54:30
STPL,2026-01-29,8.8,8.89,8.6,8.72,743051,psxdata,2026-05-11T12:54:30
STPL,2026-01-30,8.65,8.8,8.57,8.63,683443,psxdata,2026-05-11T12:54:30
STPL,2026-02-02,8.69,8.69,8.5,8.55,414642,psxdata,2026-05-11T12:54:30
STPL,2026-02-03,8.55,8.82,8.51,8.6,452642,psxdata,2026-05-11T12:54:30
STPL,2026-02-04,8.61,8.92,8.56,8.84,1184839,psxdata,2026-05-11T12:54:30
STPL,2026-02-06,8.95,9.75,8.93,9.13,12693239,psxdata,2026-05-11T12:54:30
STPL,2026-02-09,9.15,9.4,8.93,9.0,1213298,psxdata,2026-05-11T12:54:30
STPL,2026-02-10,9.0,9.09,8.6,8.67,1202120,psxdata,2026-05-11T12:54:30
STPL,2026-02-11,8.8,8.89,8.5,8.57,716344,psxdata,2026-05-11T12:54:30
STPL,2026-02-12,8.74,8.77,8.2,8.45,961752,psxdata,2026-05-11T12:54:30
STPL,2026-02-13,8.51,8.57,8.2,8.4,500758,psxdata,2026-05-11T12:54:30
STPL,2026-02-16,8.59,8.59,7.9,8.02,1252536,psxdata,2026-05-11T12:54:30
STPL,2026-02-17,8.28,8.28,7.9,8.0,551203,psxdata,2026-05-11T12:54:30
STPL,2026-02-18,8.29,8.29,8.1,8.19,300106,psxdata,2026-05-11T12:54:30
STPL,2026-02-19,8.12,8.24,7.52,7.71,264383,psxdata,2026-05-11T12:54:30
STPL,2026-02-20,7.9,7.94,7.25,7.77,961580,psxdata,2026-05-11T12:54:30
STPL,2026-02-23,7.78,7.78,7.06,7.16,483337,psxdata,2026-05-11T12:54:30
STPL,2026-02-24,7.16,7.8,7.0,7.44,1222345,psxdata,2026-05-11T12:54:30
STPL,2026-02-25,7.65,7.65,7.02,7.08,1785797,psxdata,2026-05-11T12:54:30
STPL,2026-02-26,7.12,7.35,7.0,7.19,924669,psxdata,2026-05-11T12:54:30
STPL,2026-02-27,7.2,7.25,7.01,7.1,250840,psxdata,2026-05-11T12:54:30
STPL,2026-03-02,6.23,6.4,6.1,6.1,1548968,psxdata,2026-05-11T12:54:30
STPL,2026-03-03,5.72,6.4,5.55,6.17,547332,psxdata,2026-05-11T12:54:30
STPL,2026-03-04,6.2,6.45,6.2,6.42,210557,psxdata,2026-05-11T12:54:30
STPL,2026-03-05,6.44,6.85,6.4,6.79,652316,psxdata,2026-05-11T12:54:30
STPL,2026-03-06,6.7,6.7,6.5,6.53,344245,psxdata,2026-05-11T12:54:30
STPL,2026-03-09,6.13,6.35,5.65,5.99,395683,psxdata,2026-05-11T12:54:30
STPL,2026-03-10,6.49,6.53,6.3,6.44,302147,psxdata,2026-05-11T12:54:30
STPL,2026-03-11,6.56,6.56,6.25,6.27,235284,psxdata,2026-05-11T12:54:30
STPL,2026-03-12,6.27,6.38,6.1,6.22,134928,psxdata,2026-05-11T12:54:30
STPL,2026-03-13,6.21,6.46,6.21,6.39,60989,psxdata,2026-05-11T12:54:30
STPL,2026-03-16,6.72,6.72,6.11,6.19,82148,psxdata,2026-05-11T12:54:30
STPL,2026-03-17,6.38,6.38,6.15,6.17,113790,psxdata,2026-05-11T12:54:30
STPL,2026-03-18,6.15,6.4,6.15,6.31,31498,psxdata,2026-05-11T12:54:30
STPL,2026-03-19,6.64,6.64,6.1,6.27,280328,psxdata,2026-05-11T12:54:30
STPL,2026-03-24,6.44,6.44,6.22,6.28,125817,psxdata,2026-05-11T12:54:30
STPL,2026-03-25,6.28,6.6,6.24,6.5,599490,psxdata,2026-05-11T12:54:30
STPL,2026-03-26,6.55,6.55,6.3,6.32,278815,psxdata,2026-05-11T12:54:30
STPL,2026-03-27,6.38,6.48,6.2,6.22,205794,psxdata,2026-05-11T12:54:30
STPL,2026-03-30,6.25,6.25,5.98,6.01,203071,psxdata,2026-05-11T12:54:30
STPL,2026-03-31,6.25,6.25,6.0,6.04,181151,psxdata,2026-05-11T12:54:30
STPL,2026-04-01,6.25,6.39,6.15,6.26,388105,psxdata,2026-05-11T12:54:30
STPL,2026-04-02,6.19,6.3,6.12,6.19,85359,psxdata,2026-05-11T12:54:30
STPL,2026-04-03,6.1,6.2,6.05,6.07,199267,psxdata,2026-05-11T12:54:30
STPL,2026-04-06,6.19,6.24,6.03,6.16,107196,psxdata,2026-05-11T12:54:30
STPL,2026-04-07,6.06,6.35,6.06,6.26,35628,psxdata,2026-05-11T12:54:30
STPL,2026-04-08,6.62,6.92,6.35,6.81,851930,psxdata,2026-05-11T12:54:30
STPL,2026-04-09,6.8,6.8,6.5,6.54,383484,psxdata,2026-05-11T12:54:30
STPL,2026-04-10,6.54,7.21,6.54,6.86,2099715,psxdata,2026-05-11T12:54:30
STPL,2026-04-13,6.69,6.7,6.45,6.5,253741,psxdata,2026-05-11T12:54:30
STPL,2026-04-14,6.79,6.8,6.58,6.79,351718,psxdata,2026-05-11T12:54:30
STPL,2026-04-15,6.93,7.05,6.81,6.95,963518,psxdata,2026-05-11T12:54:30
STPL,2026-04-16,7.0,7.3,6.85,7.09,770112,psxdata,2026-05-11T12:54:30
STPL,2026-04-17,7.25,7.55,7.15,7.49,2034174,psxdata,2026-05-11T12:54:30
STPL,2026-04-20,7.4,7.8,6.85,7.29,1761848,psxdata,2026-05-11T12:54:30
STPL,2026-04-21,7.2,7.5,7.2,7.32,454634,psxdata,2026-05-11T12:54:30
STPL,2026-04-22,7.32,7.4,7.05,7.22,1009745,psxdata,2026-05-11T12:54:30
STPL,2026-04-23,7.36,7.65,7.12,7.32,957328,psxdata,2026-05-11T12:54:30
STPL,2026-04-24,7.3,7.39,7.1,7.2,768595,psxdata,2026-05-11T12:54:30
STPL,2026-04-27,7.16,7.3,7.16,7.22,304066,psxdata,2026-05-11T12:54:30
STPL,2026-04-28,7.28,7.35,7.15,7.17,848816,psxdata,2026-05-11T12:54:30
STPL,2026-04-29,7.25,7.36,7.01,7.04,358396,psxdata,2026-05-11T12:54:30
STPL,2026-04-30,7.05,7.2,6.8,6.88,410727,psxdata,2026-05-11T12:54:30
STPL,2026-05-04,7.07,7.19,6.7,6.91,518401,psxdata,2026-05-11T12:54:30
STPL,2026-05-05,6.92,6.95,6.75,6.9,329876,psxdata,2026-05-11T12:54:30
STPL,2026-05-06,6.9,7.26,6.9,7.15,316831,psxdata,2026-05-11T12:54:30
STPL,2026-05-07,7.16,7.44,7.16,7.25,333655,psxdata,2026-05-11T12:54:30
STPL,2026-05-08,7.25,7.55,7.2,7.31,577081,psxdata,2026-05-11T12:54:30
