symbol,date,open,high,low,close,volume,source,collected_at
TELE,2016-05-11,3.19,3.24,3.16,3.21,385500,psxdata,2026-05-11T12:51:00
TELE,2016-05-12,3.28,3.28,3.15,3.2,653500,psxdata,2026-05-11T12:51:00
TELE,2016-05-13,3.24,3.43,3.24,3.33,2155000,psxdata,2026-05-11T12:51:00
TELE,2016-05-16,3.44,3.61,3.42,3.57,3605000,psxdata,2026-05-11T12:51:00
TELE,2016-05-17,3.62,3.69,3.4,3.43,1633500,psxdata,2026-05-11T12:51:00
TELE,2016-05-18,3.5,3.55,3.35,3.37,1002000,psxdata,2026-05-11T12:51:00
TELE,2016-05-19,3.4,3.72,3.4,3.64,5917000,psxdata,2026-05-11T12:51:00
TELE,2016-05-20,3.7,3.97,3.65,3.85,9400500,psxdata,2026-05-11T12:51:00
TELE,2016-05-23,3.98,4.06,3.75,3.8,6342000,psxdata,2026-05-11T12:51:00
TELE,2016-05-24,3.83,3.9,3.71,3.81,2207000,psxdata,2026-05-11T12:51:00
TELE,2016-05-25,3.85,3.91,3.72,3.75,1734000,psxdata,2026-05-11T12:51:00
TELE,2016-05-26,3.73,3.74,3.54,3.56,964000,psxdata,2026-05-11T12:51:00
TELE,2016-05-27,3.65,3.66,3.4,3.45,939000,psxdata,2026-05-11T12:51:00
TELE,2016-05-30,3.5,3.55,3.3,3.35,1494500,psxdata,2026-05-11T12:51:00
TELE,2016-05-31,3.4,3.49,3.31,3.34,635000,psxdata,2026-05-11T12:51:00
TELE,2016-06-01,3.35,3.46,3.31,3.43,331500,psxdata,2026-05-11T12:51:00
TELE,2016-06-02,3.39,3.7,3.39,3.46,2881500,psxdata,2026-05-11T12:51:00
TELE,2016-06-03,3.45,3.53,3.42,3.44,454000,psxdata,2026-05-11T12:51:00
TELE,2016-06-06,3.45,3.54,3.34,3.37,531500,psxdata,2026-05-11T12:51:00
TELE,2016-06-07,3.35,3.43,3.32,3.35,356500,psxdata,2026-05-11T12:51:00
TELE,2016-06-08,3.3,3.4,3.3,3.32,186500,psxdata,2026-05-11T12:51:00
TELE,2016-06-09,3.32,3.32,3.17,3.26,392500,psxdata,2026-05-11T12:51:00
TELE,2016-06-10,3.21,3.25,3.16,3.19,222500,psxdata,2026-05-11T12:51:00
TELE,2016-06-13,3.17,3.24,3.1,3.21,153000,psxdata,2026-05-11T12:51:00
TELE,2016-06-14,3.18,3.28,3.16,3.18,450000,psxdata,2026-05-11T12:51:00
TELE,2016-06-15,3.39,3.39,3.14,3.18,299500,psxdata,2026-05-11T12:51:00
TELE,2016-06-16,3.2,3.5,3.2,3.3,1705000,psxdata,2026-05-11T12:51:00
TELE,2016-06-17,3.38,3.38,3.23,3.25,243000,psxdata,2026-05-11T12:51:00
TELE,2016-06-20,3.16,3.29,3.11,3.15,672500,psxdata,2026-05-11T12:51:00
TELE,2016-06-21,3.19,3.19,3.05,3.09,563500,psxdata,2026-05-11T12:51:00
TELE,2016-06-22,3.14,3.15,3.09,3.1,143000,psxdata,2026-05-11T12:51:00
TELE,2016-06-23,3.1,3.21,3.1,3.14,249000,psxdata,2026-05-11T12:51:00
TELE,2016-06-24,3.11,3.14,3.0,3.06,1370500,psxdata,2026-05-11T12:51:00
TELE,2016-06-27,3.12,3.2,3.1,3.11,357000,psxdata,2026-05-11T12:51:00
TELE,2016-06-28,3.13,3.13,2.95,3.0,1501500,psxdata,2026-05-11T12:51:00
TELE,2016-06-29,3.1,3.15,3.0,3.05,90000,psxdata,2026-05-11T12:51:00
TELE,2016-06-30,3.05,3.09,3.02,3.06,80000,psxdata,2026-05-11T12:51:00
TELE,2016-07-04,3.03,3.13,2.96,3.07,372500,psxdata,2026-05-11T12:51:00
TELE,2016-07-11,3.05,3.1,2.99,3.02,548000,psxdata,2026-05-11T12:51:00
TELE,2016-07-12,3.02,3.1,3.02,3.05,254000,psxdata,2026-05-11T12:51:00
TELE,2016-07-13,3.06,3.2,3.05,3.13,747000,psxdata,2026-05-11T12:51:00
TELE,2016-07-14,3.12,3.2,3.1,3.1,228000,psxdata,2026-05-11T12:51:00
TELE,2016-07-15,3.11,3.11,3.05,3.07,272000,psxdata,2026-05-11T12:51:00
TELE,2016-07-18,3.12,3.15,3.05,3.09,625000,psxdata,2026-05-11T12:51:00
TELE,2016-07-19,3.1,3.17,3.07,3.09,240500,psxdata,2026-05-11T12:51:00
TELE,2016-07-20,3.15,3.15,3.03,3.04,848000,psxdata,2026-05-11T12:51:00
TELE,2016-07-21,3.08,3.11,3.05,3.07,299500,psxdata,2026-05-11T12:51:00
TELE,2016-07-22,3.05,3.1,3.02,3.04,529500,psxdata,2026-05-11T12:51:00
TELE,2016-07-25,3.04,3.1,3.03,3.08,420500,psxdata,2026-05-11T12:51:00
TELE,2016-07-26,3.09,3.1,3.03,3.04,192500,psxdata,2026-05-11T12:51:00
TELE,2016-07-27,3.03,3.08,3.01,3.02,190000,psxdata,2026-05-11T12:51:00
TELE,2016-07-28,3.0,3.07,2.93,2.99,514500,psxdata,2026-05-11T12:51:00
TELE,2016-07-29,2.99,3.0,2.9,2.94,420000,psxdata,2026-05-11T12:51:00
TELE,2016-08-01,2.93,3.1,2.93,3.03,698000,psxdata,2026-05-11T12:51:00
TELE,2016-08-02,3.02,3.07,2.97,3.02,424500,psxdata,2026-05-11T12:51:00
TELE,2016-08-03,3.05,3.09,3.03,3.06,246500,psxdata,2026-05-11T12:51:00
TELE,2016-08-04,3.06,3.06,2.95,2.99,296500,psxdata,2026-05-11T12:51:00
TELE,2016-08-05,2.97,3.14,2.94,3.1,442500,psxdata,2026-05-11T12:51:00
TELE,2016-08-08,3.08,3.17,3.02,3.04,1000000,psxdata,2026-05-11T12:51:00
TELE,2016-08-09,3.09,3.12,3.04,3.05,153000,psxdata,2026-05-11T12:51:00
TELE,2016-08-10,3.04,3.19,3.04,3.09,604000,psxdata,2026-05-11T12:51:00
TELE,2016-08-11,3.15,3.27,3.1,3.22,1125000,psxdata,2026-05-11T12:51:00
TELE,2016-08-12,3.18,3.29,3.16,3.21,392500,psxdata,2026-05-11T12:51:00
TELE,2016-08-15,3.19,3.2,3.1,3.16,264500,psxdata,2026-05-11T12:51:00
TELE,2016-08-16,3.13,3.17,3.1,3.11,158500,psxdata,2026-05-11T12:51:00
TELE,2016-08-17,3.1,3.18,3.1,3.1,448000,psxdata,2026-05-11T12:51:00
TELE,2016-08-18,3.15,3.15,3.08,3.09,209000,psxdata,2026-05-11T12:51:00
TELE,2016-08-19,3.06,3.13,3.03,3.05,369000,psxdata,2026-05-11T12:51:00
TELE,2016-08-22,3.05,3.14,3.01,3.09,348000,psxdata,2026-05-11T12:51:00
TELE,2016-08-23,3.08,3.14,3.04,3.05,143000,psxdata,2026-05-11T12:51:00
TELE,2016-08-24,3.1,3.13,3.03,3.1,173500,psxdata,2026-05-11T12:51:00
TELE,2016-08-25,3.1,3.2,3.06,3.11,603000,psxdata,2026-05-11T12:51:00
TELE,2016-08-26,3.11,3.24,3.09,3.16,1074500,psxdata,2026-05-11T12:51:00
TELE,2016-08-29,3.23,3.49,3.17,3.46,3908000,psxdata,2026-05-11T12:51:00
TELE,2016-08-30,3.49,3.5,3.32,3.42,1851000,psxdata,2026-05-11T12:51:00
TELE,2016-08-31,3.4,3.55,3.3,3.45,4477500,psxdata,2026-05-11T12:51:00
TELE,2016-09-01,3.45,3.5,3.35,3.36,1321500,psxdata,2026-05-11T12:51:00
TELE,2016-09-02,3.48,3.68,3.42,3.5,9624500,psxdata,2026-05-11T12:51:00
TELE,2016-09-05,3.48,3.63,3.45,3.55,2825000,psxdata,2026-05-11T12:51:00
TELE,2016-09-06,3.59,3.69,3.52,3.65,3095500,psxdata,2026-05-11T12:51:00
TELE,2016-09-07,3.7,3.8,3.6,3.76,6383500,psxdata,2026-05-11T12:51:00
TELE,2016-09-08,3.81,3.95,3.63,3.69,10302500,psxdata,2026-05-11T12:51:00
TELE,2016-09-09,3.7,3.84,3.63,3.74,1749000,psxdata,2026-05-11T12:51:00
TELE,2016-09-15,3.73,3.98,3.73,3.87,8849000,psxdata,2026-05-11T12:51:00
TELE,2016-09-16,3.94,4.4,3.94,4.21,20497000,psxdata,2026-05-11T12:51:00
TELE,2016-09-19,4.3,4.4,4.02,4.05,9566500,psxdata,2026-05-11T12:51:00
TELE,2016-09-20,4.11,4.12,3.54,3.68,6390500,psxdata,2026-05-11T12:51:00
TELE,2016-09-21,3.62,3.82,3.36,3.46,7717500,psxdata,2026-05-11T12:51:00
TELE,2016-09-22,3.55,3.8,3.53,3.68,3842000,psxdata,2026-05-11T12:51:00
TELE,2016-09-23,3.65,3.97,3.52,3.74,4275000,psxdata,2026-05-11T12:51:00
TELE,2016-09-26,3.87,4.23,3.87,4.07,8970500,psxdata,2026-05-11T12:51:00
TELE,2016-09-27,4.17,4.18,3.85,3.88,2956500,psxdata,2026-05-11T12:51:00
TELE,2016-09-28,3.94,3.98,3.75,3.79,1595000,psxdata,2026-05-11T12:51:00
TELE,2016-09-29,3.96,4.49,3.85,4.24,26377500,psxdata,2026-05-11T12:51:00
TELE,2016-09-30,4.36,4.54,4.25,4.32,16128500,psxdata,2026-05-11T12:51:00
TELE,2016-10-03,4.55,4.59,4.21,4.24,11144500,psxdata,2026-05-11T12:51:00
TELE,2016-10-04,4.26,4.34,4.05,4.11,4248000,psxdata,2026-05-11T12:51:00
TELE,2016-10-05,4.15,4.49,4.08,4.32,8392500,psxdata,2026-05-11T12:51:00
TELE,2016-10-06,4.65,4.98,4.65,4.74,33961000,psxdata,2026-05-11T12:51:00
TELE,2016-10-07,4.93,4.93,4.6,4.63,7070000,psxdata,2026-05-11T12:51:00
TELE,2016-10-10,4.69,4.69,4.45,4.49,4628500,psxdata,2026-05-11T12:51:00
TELE,2016-10-13,4.55,4.61,4.29,4.33,5332000,psxdata,2026-05-11T12:51:00
TELE,2016-10-14,4.3,4.3,4.2,4.25,4514500,psxdata,2026-05-11T12:51:00
TELE,2016-10-17,4.3,4.39,4.05,4.1,2971000,psxdata,2026-05-11T12:51:00
TELE,2016-10-18,4.06,4.28,3.95,4.22,3967500,psxdata,2026-05-11T12:51:00
TELE,2016-10-19,4.26,4.37,4.22,4.24,2846500,psxdata,2026-05-11T12:51:00
TELE,2016-10-20,4.29,4.41,4.24,4.38,3941500,psxdata,2026-05-11T12:51:00
TELE,2016-10-21,4.65,4.85,4.5,4.55,15304000,psxdata,2026-05-11T12:51:00
TELE,2016-10-24,4.55,4.55,4.26,4.29,3095500,psxdata,2026-05-11T12:51:00
TELE,2016-10-25,4.2,4.25,3.96,4.19,2815000,psxdata,2026-05-11T12:51:00
TELE,2016-10-26,4.29,4.31,4.05,4.09,1206000,psxdata,2026-05-11T12:51:00
TELE,2016-10-27,4.03,4.07,3.61,3.68,4817000,psxdata,2026-05-11T12:51:00
TELE,2016-10-28,3.55,3.75,3.43,3.59,3182500,psxdata,2026-05-11T12:51:00
TELE,2016-10-31,3.62,3.85,3.6,3.74,1608500,psxdata,2026-05-11T12:51:00
TELE,2016-11-01,3.87,4.46,3.7,4.41,9526000,psxdata,2026-05-11T12:51:00
TELE,2016-11-02,4.55,4.74,4.32,4.4,14918500,psxdata,2026-05-11T12:51:00
TELE,2016-11-03,4.4,4.65,4.33,4.57,7544000,psxdata,2026-05-11T12:51:00
TELE,2016-11-04,4.7,4.88,4.62,4.73,11767500,psxdata,2026-05-11T12:51:00
TELE,2016-11-07,4.76,4.89,4.64,4.71,5573500,psxdata,2026-05-11T12:51:00
TELE,2016-11-08,4.73,4.97,4.65,4.89,13141500,psxdata,2026-05-11T12:51:00
TELE,2016-11-09,4.85,5.44,4.74,5.25,43560500,psxdata,2026-05-11T12:51:00
TELE,2016-11-10,5.31,5.39,5.03,5.09,14232500,psxdata,2026-05-11T12:51:00
TELE,2016-11-11,5.1,5.32,4.87,5.21,21762000,psxdata,2026-05-11T12:51:00
TELE,2016-11-14,5.38,5.4,5.18,5.2,5245000,psxdata,2026-05-11T12:51:00
TELE,2016-11-15,5.25,5.44,5.16,5.33,12534000,psxdata,2026-05-11T12:51:00
TELE,2016-11-16,5.45,5.53,5.16,5.24,8894000,psxdata,2026-05-11T12:51:00
TELE,2016-11-17,5.35,5.35,5.19,5.21,4168500,psxdata,2026-05-11T12:51:00
TELE,2016-11-18,5.2,5.27,5.06,5.12,4309500,psxdata,2026-05-11T12:51:00
TELE,2016-11-21,5.11,5.22,5.03,5.06,3516000,psxdata,2026-05-11T12:51:00
TELE,2016-11-22,5.1,5.29,5.06,5.21,7118500,psxdata,2026-05-11T12:51:00
TELE,2016-11-23,5.3,5.5,5.21,5.27,14349500,psxdata,2026-05-11T12:51:00
TELE,2016-11-24,5.29,5.32,5.08,5.12,5145500,psxdata,2026-05-11T12:51:00
TELE,2016-11-25,5.16,5.2,5.05,5.12,4860000,psxdata,2026-05-11T12:51:00
TELE,2016-11-28,5.2,5.35,5.13,5.17,4498500,psxdata,2026-05-11T12:51:00
TELE,2016-11-29,5.26,5.3,5.0,5.04,2935500,psxdata,2026-05-11T12:51:00
TELE,2016-11-30,5.04,5.15,5.0,5.03,2368500,psxdata,2026-05-11T12:51:00
TELE,2016-12-01,5.1,5.22,5.01,5.04,2994500,psxdata,2026-05-11T12:51:00
TELE,2016-12-02,5.08,5.36,5.01,5.11,5019500,psxdata,2026-05-11T12:51:00
TELE,2016-12-05,5.23,5.23,5.08,5.1,3461500,psxdata,2026-05-11T12:51:00
TELE,2016-12-06,5.14,5.34,5.14,5.24,6699000,psxdata,2026-05-11T12:51:00
TELE,2016-12-07,5.36,5.45,5.21,5.25,11034000,psxdata,2026-05-11T12:51:00
TELE,2016-12-08,5.3,5.35,5.16,5.26,5289000,psxdata,2026-05-11T12:51:00
TELE,2016-12-09,5.3,5.35,5.17,5.22,4384500,psxdata,2026-05-11T12:51:00
TELE,2016-12-13,5.2,5.27,5.05,5.09,2810000,psxdata,2026-05-11T12:51:00
TELE,2016-12-14,5.13,5.19,4.95,5.02,8999000,psxdata,2026-05-11T12:51:00
TELE,2016-12-15,5.0,5.07,4.93,4.94,2724000,psxdata,2026-05-11T12:51:00
TELE,2016-12-16,5.16,5.38,5.1,5.18,9077500,psxdata,2026-05-11T12:51:00
TELE,2016-12-19,5.34,5.4,5.19,5.21,4200500,psxdata,2026-05-11T12:51:00
TELE,2016-12-20,5.22,5.22,5.12,5.17,1370000,psxdata,2026-05-11T12:51:00
TELE,2016-12-21,5.2,5.22,4.99,5.02,2603500,psxdata,2026-05-11T12:51:00
TELE,2016-12-22,5.02,5.08,4.85,4.88,1678500,psxdata,2026-05-11T12:51:00
TELE,2016-12-23,4.9,4.94,4.83,4.87,1124500,psxdata,2026-05-11T12:51:00
TELE,2016-12-26,4.94,4.94,4.82,4.84,307500,psxdata,2026-05-11T12:51:00
TELE,2016-12-27,4.83,5.1,4.79,4.81,1921500,psxdata,2026-05-11T12:51:00
TELE,2016-12-28,4.86,4.86,4.72,4.75,1677500,psxdata,2026-05-11T12:51:00
TELE,2016-12-29,4.75,4.87,4.65,4.82,1865000,psxdata,2026-05-11T12:51:00
TELE,2016-12-30,4.9,4.9,4.7,4.74,658000,psxdata,2026-05-11T12:51:00
TELE,2017-01-02,4.76,4.86,4.73,4.76,1297000,psxdata,2026-05-11T12:51:00
TELE,2017-01-03,4.8,4.8,4.7,4.77,1753000,psxdata,2026-05-11T12:51:00
TELE,2017-01-04,4.83,4.89,4.72,4.74,2060000,psxdata,2026-05-11T12:51:00
TELE,2017-01-05,4.72,5.05,4.72,4.89,4591000,psxdata,2026-05-11T12:51:00
TELE,2017-01-06,4.99,5.18,4.9,5.05,4177500,psxdata,2026-05-11T12:51:00
TELE,2017-01-09,5.1,5.24,5.05,5.07,2907000,psxdata,2026-05-11T12:51:00
TELE,2017-01-10,5.03,5.06,4.96,4.99,1506000,psxdata,2026-05-11T12:51:00
TELE,2017-01-11,5.0,5.14,4.99,5.05,2402500,psxdata,2026-05-11T12:51:00
TELE,2017-01-12,5.08,5.18,5.0,5.13,2798500,psxdata,2026-05-11T12:51:00
TELE,2017-01-13,5.18,5.28,5.05,5.1,8122000,psxdata,2026-05-11T12:51:00
TELE,2017-01-16,5.31,5.38,5.14,5.2,10408500,psxdata,2026-05-11T12:51:00
TELE,2017-01-17,5.25,5.27,4.9,5.07,3319000,psxdata,2026-05-11T12:51:00
TELE,2017-01-18,5.1,5.14,4.92,4.95,2518500,psxdata,2026-05-11T12:51:00
TELE,2017-01-19,5.04,5.22,5.0,5.15,7236000,psxdata,2026-05-11T12:51:00
TELE,2017-01-20,5.25,5.8,5.25,5.55,49057000,psxdata,2026-05-11T12:51:00
TELE,2017-01-23,5.67,5.73,5.31,5.36,10712000,psxdata,2026-05-11T12:51:00
TELE,2017-01-24,5.45,5.55,5.23,5.28,5952000,psxdata,2026-05-11T12:51:00
TELE,2017-01-25,5.35,5.38,5.18,5.2,5079000,psxdata,2026-05-11T12:51:00
TELE,2017-01-26,5.25,5.29,5.1,5.13,4173000,psxdata,2026-05-11T12:51:00
TELE,2017-01-27,5.25,5.38,5.17,5.32,4492500,psxdata,2026-05-11T12:51:00
TELE,2017-01-30,5.4,5.44,5.07,5.11,3990000,psxdata,2026-05-11T12:51:00
TELE,2017-01-31,5.12,5.19,4.95,5.07,2979500,psxdata,2026-05-11T12:51:00
TELE,2017-02-01,5.2,5.28,5.13,5.17,2358000,psxdata,2026-05-11T12:51:00
TELE,2017-02-02,5.25,5.3,5.12,5.14,3637500,psxdata,2026-05-11T12:51:00
TELE,2017-02-03,5.14,5.15,4.95,5.03,3481000,psxdata,2026-05-11T12:51:00
TELE,2017-02-06,5.01,5.08,4.9,4.92,3134000,psxdata,2026-05-11T12:51:00
TELE,2017-02-07,4.93,5.05,4.9,5.02,1965500,psxdata,2026-05-11T12:51:00
TELE,2017-02-08,5.03,5.17,5.01,5.05,1767500,psxdata,2026-05-11T12:51:00
TELE,2017-02-09,5.02,5.07,4.95,4.97,1485500,psxdata,2026-05-11T12:51:00
TELE,2017-02-10,5.08,5.1,4.92,4.96,1509500,psxdata,2026-05-11T12:51:00
TELE,2017-02-13,5.0,5.02,4.84,4.87,1836000,psxdata,2026-05-11T12:51:00
TELE,2017-02-14,4.94,4.94,4.75,4.79,1783000,psxdata,2026-05-11T12:51:00
TELE,2017-02-15,4.81,5.02,4.75,4.8,2556000,psxdata,2026-05-11T12:51:00
TELE,2017-02-16,4.87,4.9,4.71,4.77,811000,psxdata,2026-05-11T12:51:00
TELE,2017-02-17,4.75,4.82,4.65,4.68,2128500,psxdata,2026-05-11T12:51:00
TELE,2017-02-20,4.79,4.79,4.53,4.57,2306500,psxdata,2026-05-11T12:51:00
TELE,2017-02-21,4.67,4.67,4.56,4.62,1427000,psxdata,2026-05-11T12:51:00
TELE,2017-02-22,4.75,4.75,4.25,4.45,1844000,psxdata,2026-05-11T12:51:00
TELE,2017-02-23,4.45,4.54,4.4,4.47,650500,psxdata,2026-05-11T12:51:00
TELE,2017-02-24,4.51,4.51,4.35,4.4,572000,psxdata,2026-05-11T12:51:00
TELE,2017-02-27,4.46,4.46,4.25,4.27,1086000,psxdata,2026-05-11T12:51:00
TELE,2017-02-28,4.24,4.24,4.01,4.07,1594500,psxdata,2026-05-11T12:51:00
TELE,2017-03-01,4.09,4.22,4.08,4.18,559000,psxdata,2026-05-11T12:51:00
TELE,2017-03-03,4.39,4.44,4.31,4.36,390500,psxdata,2026-05-11T12:51:00
TELE,2017-03-06,4.4,4.63,4.35,4.46,1771500,psxdata,2026-05-11T12:51:00
TELE,2017-03-07,4.45,4.5,4.35,4.37,414500,psxdata,2026-05-11T12:51:00
TELE,2017-03-08,4.38,4.44,4.22,4.3,717500,psxdata,2026-05-11T12:51:00
TELE,2017-03-09,4.36,4.36,4.15,4.2,566000,psxdata,2026-05-11T12:51:00
TELE,2017-03-10,4.16,4.19,4.05,4.1,659000,psxdata,2026-05-11T12:51:00
TELE,2017-03-13,4.1,4.19,4.03,4.06,702000,psxdata,2026-05-11T12:51:00
TELE,2017-03-14,4.1,4.1,3.94,4.04,2001500,psxdata,2026-05-11T12:51:00
TELE,2017-03-15,4.08,4.09,4.01,4.07,206500,psxdata,2026-05-11T12:51:00
TELE,2017-03-16,4.01,4.01,3.86,3.93,1499000,psxdata,2026-05-11T12:51:00
TELE,2017-03-17,3.89,3.97,3.89,3.93,958000,psxdata,2026-05-11T12:51:00
TELE,2017-03-20,3.97,3.98,3.9,3.95,463500,psxdata,2026-05-11T12:51:00
TELE,2017-03-21,4.0,4.03,3.94,4.0,241500,psxdata,2026-05-11T12:51:00
TELE,2017-03-22,4.04,4.37,3.99,4.26,1371000,psxdata,2026-05-11T12:51:00
TELE,2017-03-24,4.27,4.4,4.21,4.28,1212500,psxdata,2026-05-11T12:51:00
TELE,2017-03-27,4.3,4.36,4.15,4.18,953500,psxdata,2026-05-11T12:51:00
TELE,2017-03-28,4.18,4.2,4.08,4.1,380000,psxdata,2026-05-11T12:51:00
TELE,2017-03-29,4.1,4.2,4.05,4.09,497500,psxdata,2026-05-11T12:51:00
TELE,2017-03-30,4.1,4.1,3.95,3.97,528500,psxdata,2026-05-11T12:51:00
TELE,2017-03-31,3.98,4.1,3.95,4.06,274500,psxdata,2026-05-11T12:51:00
TELE,2017-04-03,4.09,4.13,3.99,4.0,425500,psxdata,2026-05-11T12:51:00
TELE,2017-04-04,4.0,4.08,3.96,4.01,301000,psxdata,2026-05-11T12:51:00
TELE,2017-04-05,3.95,3.95,3.82,3.84,1601500,psxdata,2026-05-11T12:51:00
TELE,2017-04-06,3.83,3.88,3.8,3.83,293000,psxdata,2026-05-11T12:51:00
TELE,2017-04-07,3.83,3.94,3.81,3.88,275000,psxdata,2026-05-11T12:51:00
TELE,2017-04-10,3.9,3.98,3.8,3.82,91000,psxdata,2026-05-11T12:51:00
TELE,2017-04-11,3.85,3.95,3.81,3.93,208500,psxdata,2026-05-11T12:51:00
TELE,2017-04-12,3.93,4.01,3.88,4.0,703500,psxdata,2026-05-11T12:51:00
TELE,2017-04-13,4.0,4.01,3.9,3.9,321000,psxdata,2026-05-11T12:51:00
TELE,2017-04-14,3.86,3.89,3.79,3.82,458000,psxdata,2026-05-11T12:51:00
TELE,2017-04-17,3.84,3.99,3.65,3.71,1565000,psxdata,2026-05-11T12:51:00
TELE,2017-04-18,3.7,3.7,3.59,3.65,716500,psxdata,2026-05-11T12:51:00
TELE,2017-04-19,3.52,3.7,3.5,3.67,304000,psxdata,2026-05-11T12:51:00
TELE,2017-04-20,3.65,4.05,3.5,3.87,1670500,psxdata,2026-05-11T12:51:00
TELE,2017-04-21,3.86,4.04,3.85,4.0,720000,psxdata,2026-05-11T12:51:00
TELE,2017-04-24,4.0,4.07,3.95,4.02,438500,psxdata,2026-05-11T12:51:00
TELE,2017-04-25,4.08,4.08,3.95,4.0,507500,psxdata,2026-05-11T12:51:00
TELE,2017-04-26,4.0,4.1,3.9,3.94,653000,psxdata,2026-05-11T12:51:00
TELE,2017-04-27,4.03,4.12,3.96,4.05,978500,psxdata,2026-05-11T12:51:00
TELE,2017-04-28,3.94,4.29,3.9,4.22,2562000,psxdata,2026-05-11T12:51:00
TELE,2017-05-02,4.16,4.29,4.05,4.07,1026000,psxdata,2026-05-11T12:51:00
TELE,2017-05-03,4.1,4.13,3.97,4.0,565500,psxdata,2026-05-11T12:51:00
TELE,2017-05-04,4.1,4.1,3.98,4.0,554000,psxdata,2026-05-11T12:51:00
TELE,2017-05-05,4.0,4.07,3.97,3.99,441000,psxdata,2026-05-11T12:51:00
TELE,2017-05-08,4.08,4.08,3.95,4.0,1070500,psxdata,2026-05-11T12:51:00
TELE,2017-05-09,4.0,4.01,3.9,3.93,672000,psxdata,2026-05-11T12:51:00
TELE,2017-05-10,4.0,4.18,3.9,4.11,3239500,psxdata,2026-05-11T12:51:00
TELE,2017-05-11,4.25,4.34,4.11,4.22,2381000,psxdata,2026-05-11T12:51:00
TELE,2017-05-12,4.24,4.24,4.1,4.15,719500,psxdata,2026-05-11T12:51:00
TELE,2017-05-15,4.2,4.22,4.04,4.05,457500,psxdata,2026-05-11T12:51:00
TELE,2017-05-16,4.06,4.06,3.85,3.9,2791000,psxdata,2026-05-11T12:51:00
TELE,2017-05-17,3.99,4.19,3.92,4.01,3681000,psxdata,2026-05-11T12:51:00
TELE,2017-05-18,4.1,4.29,4.1,4.2,2817500,psxdata,2026-05-11T12:51:00
TELE,2017-05-19,4.24,4.34,4.06,4.09,2467000,psxdata,2026-05-11T12:51:00
TELE,2017-05-22,4.11,4.19,4.09,4.13,2634000,psxdata,2026-05-11T12:51:00
TELE,2017-05-23,4.15,4.17,4.03,4.05,1553500,psxdata,2026-05-11T12:51:00
TELE,2017-05-24,4.08,4.12,3.97,3.99,1656000,psxdata,2026-05-11T12:51:00
TELE,2017-05-25,4.02,4.02,3.94,4.0,561500,psxdata,2026-05-11T12:51:00
TELE,2017-05-26,4.0,4.08,3.95,4.0,580500,psxdata,2026-05-11T12:51:00
TELE,2017-05-29,4.0,4.0,3.83,3.92,316000,psxdata,2026-05-11T12:51:00
TELE,2017-05-30,3.98,3.98,3.82,3.87,388000,psxdata,2026-05-11T12:51:00
TELE,2017-05-31,3.93,3.93,3.8,3.83,527000,psxdata,2026-05-11T12:51:00
TELE,2017-06-01,3.82,3.9,3.55,3.66,865000,psxdata,2026-05-11T12:51:00
TELE,2017-06-02,3.63,3.75,3.54,3.72,782000,psxdata,2026-05-11T12:51:00
TELE,2017-06-05,3.85,4.0,3.8,3.96,430000,psxdata,2026-05-11T12:51:00
TELE,2017-06-06,4.05,4.05,3.8,3.85,214500,psxdata,2026-05-11T12:51:00
TELE,2017-06-07,3.85,3.95,3.76,3.84,809000,psxdata,2026-05-11T12:51:00
TELE,2017-06-08,3.88,3.94,3.8,3.82,515000,psxdata,2026-05-11T12:51:00
TELE,2017-06-09,3.88,3.9,3.7,3.82,369500,psxdata,2026-05-11T12:51:00
TELE,2017-06-12,3.74,3.77,3.55,3.58,317500,psxdata,2026-05-11T12:51:00
TELE,2017-06-13,3.64,3.68,3.45,3.53,946000,psxdata,2026-05-11T12:51:00
TELE,2017-06-14,3.54,3.65,3.3,3.36,720000,psxdata,2026-05-11T12:51:00
TELE,2017-06-15,3.4,3.5,3.36,3.41,390500,psxdata,2026-05-11T12:51:00
TELE,2017-06-16,3.49,3.5,3.4,3.43,147500,psxdata,2026-05-11T12:51:00
TELE,2017-06-19,3.54,3.65,3.5,3.57,1105000,psxdata,2026-05-11T12:51:00
TELE,2017-06-20,3.56,3.58,3.15,3.18,1113000,psxdata,2026-05-11T12:51:00
TELE,2017-06-21,3.2,3.3,3.05,3.21,1007000,psxdata,2026-05-11T12:51:00
TELE,2017-06-22,3.44,3.44,3.0,3.07,1524500,psxdata,2026-05-11T12:51:00
TELE,2017-06-29,3.07,3.16,3.0,3.05,450000,psxdata,2026-05-11T12:51:00
TELE,2017-06-30,3.1,3.13,3.01,3.09,312500,psxdata,2026-05-11T12:51:00
TELE,2017-07-03,3.06,3.09,2.95,2.96,674500,psxdata,2026-05-11T12:51:00
TELE,2017-07-04,2.92,3.05,2.91,3.02,753500,psxdata,2026-05-11T12:51:00
TELE,2017-07-05,3.05,3.15,2.96,2.97,319500,psxdata,2026-05-11T12:51:00
TELE,2017-07-06,3.0,3.19,2.9,3.09,637500,psxdata,2026-05-11T12:51:00
TELE,2017-07-07,3.13,3.2,3.0,3.17,557000,psxdata,2026-05-11T12:51:00
TELE,2017-07-10,3.07,3.18,3.03,3.13,926500,psxdata,2026-05-11T12:51:00
TELE,2017-07-11,3.02,3.05,2.91,3.03,472000,psxdata,2026-05-11T12:51:00
TELE,2017-07-12,2.98,2.99,2.89,2.9,388000,psxdata,2026-05-11T12:51:00
TELE,2017-07-13,2.95,2.96,2.81,2.91,251000,psxdata,2026-05-11T12:51:00
TELE,2017-07-14,2.95,2.96,2.85,2.94,217500,psxdata,2026-05-11T12:51:00
TELE,2017-07-17,2.95,3.03,2.95,2.99,165000,psxdata,2026-05-11T12:51:00
TELE,2017-07-18,3.01,3.05,3.0,3.03,223500,psxdata,2026-05-11T12:51:00
TELE,2017-07-19,3.06,3.1,2.99,3.02,561000,psxdata,2026-05-11T12:51:00
TELE,2017-07-20,3.06,3.09,3.0,3.02,111000,psxdata,2026-05-11T12:51:00
TELE,2017-07-21,2.9,3.02,2.85,2.94,611500,psxdata,2026-05-11T12:51:00
TELE,2017-07-24,2.95,2.98,2.9,2.96,255500,psxdata,2026-05-11T12:51:00
TELE,2017-07-25,2.98,3.04,2.96,3.02,259000,psxdata,2026-05-11T12:51:00
TELE,2017-07-26,2.99,3.1,2.97,3.01,159500,psxdata,2026-05-11T12:51:00
TELE,2017-07-27,3.01,3.07,2.98,3.01,246000,psxdata,2026-05-11T12:51:00
TELE,2017-07-28,2.81,3.05,2.71,3.03,471000,psxdata,2026-05-11T12:51:00
TELE,2017-07-31,3.04,3.14,3.04,3.05,488500,psxdata,2026-05-11T12:51:00
TELE,2017-08-01,3.05,3.1,3.0,3.03,402500,psxdata,2026-05-11T12:51:00
TELE,2017-08-02,3.05,3.18,3.05,3.16,602000,psxdata,2026-05-11T12:51:00
TELE,2017-08-03,3.19,3.45,3.13,3.37,1882000,psxdata,2026-05-11T12:51:00
TELE,2017-08-04,3.43,3.48,3.34,3.38,1441000,psxdata,2026-05-11T12:51:00
TELE,2017-08-07,3.4,3.4,3.2,3.22,385500,psxdata,2026-05-11T12:51:00
TELE,2017-08-08,3.22,3.23,3.15,3.16,254500,psxdata,2026-05-11T12:51:00
TELE,2017-08-09,3.17,3.18,3.13,3.17,112500,psxdata,2026-05-11T12:51:00
TELE,2017-08-10,3.21,3.21,3.06,3.08,191500,psxdata,2026-05-11T12:51:00
TELE,2017-08-11,3.1,3.14,3.06,3.1,68500,psxdata,2026-05-11T12:51:00
TELE,2017-08-15,3.08,3.16,2.91,2.95,374500,psxdata,2026-05-11T12:51:00
TELE,2017-08-16,3.0,3.0,2.91,2.96,255000,psxdata,2026-05-11T12:51:00
TELE,2017-08-17,2.94,2.94,2.85,2.86,459000,psxdata,2026-05-11T12:51:00
TELE,2017-08-18,2.85,2.89,2.8,2.88,363500,psxdata,2026-05-11T12:51:00
TELE,2017-08-21,2.94,2.94,2.76,2.79,276000,psxdata,2026-05-11T12:51:00
TELE,2017-08-22,2.8,2.85,2.71,2.78,489000,psxdata,2026-05-11T12:51:00
TELE,2017-08-23,2.8,2.9,2.8,2.89,224500,psxdata,2026-05-11T12:51:00
TELE,2017-08-24,2.82,2.89,2.8,2.81,79500,psxdata,2026-05-11T12:51:00
TELE,2017-08-25,2.8,2.9,2.73,2.82,304000,psxdata,2026-05-11T12:51:00
TELE,2017-08-28,2.77,2.9,2.77,2.8,76500,psxdata,2026-05-11T12:51:00
TELE,2017-08-29,2.71,2.8,2.7,2.73,84000,psxdata,2026-05-11T12:51:00
TELE,2017-08-30,2.85,2.85,2.71,2.77,154000,psxdata,2026-05-11T12:51:00
TELE,2017-08-31,2.8,2.84,2.75,2.81,422500,psxdata,2026-05-11T12:51:00
TELE,2017-09-05,2.85,2.88,2.81,2.83,154500,psxdata,2026-05-11T12:51:00
TELE,2017-09-06,2.83,2.87,2.8,2.83,125000,psxdata,2026-05-11T12:51:00
TELE,2017-09-07,2.83,2.83,2.6,2.69,673500,psxdata,2026-05-11T12:51:00
TELE,2017-09-08,2.78,2.78,2.7,2.74,98000,psxdata,2026-05-11T12:51:00
TELE,2017-09-11,2.75,2.78,2.67,2.75,73500,psxdata,2026-05-11T12:51:00
TELE,2017-09-12,2.77,2.77,2.65,2.66,248500,psxdata,2026-05-11T12:51:00
TELE,2017-09-13,2.7,2.9,2.65,2.86,481500,psxdata,2026-05-11T12:51:00
TELE,2017-09-14,2.81,3.27,2.81,3.07,4530000,psxdata,2026-05-11T12:51:00
TELE,2017-09-15,3.19,3.19,2.91,2.92,1184500,psxdata,2026-05-11T12:51:00
TELE,2017-09-18,2.95,2.99,2.85,2.89,285000,psxdata,2026-05-11T12:51:00
TELE,2017-09-19,2.9,3.15,2.89,3.07,1503000,psxdata,2026-05-11T12:51:00
TELE,2017-09-20,3.14,3.2,3.06,3.08,1217500,psxdata,2026-05-11T12:51:00
TELE,2017-09-21,3.1,3.21,3.03,3.1,825500,psxdata,2026-05-11T12:51:00
TELE,2017-09-22,3.1,3.21,3.04,3.12,820500,psxdata,2026-05-11T12:51:00
TELE,2017-09-25,3.11,3.14,3.07,3.08,292000,psxdata,2026-05-11T12:51:00
TELE,2017-09-26,3.13,3.13,3.07,3.08,110500,psxdata,2026-05-11T12:51:00
TELE,2017-09-27,3.06,3.18,3.05,3.06,688000,psxdata,2026-05-11T12:51:00
TELE,2017-09-28,3.1,3.13,3.04,3.08,324500,psxdata,2026-05-11T12:51:00
TELE,2017-09-29,3.11,3.13,3.08,3.13,148500,psxdata,2026-05-11T12:51:00
TELE,2017-10-02,3.1,3.13,3.06,3.08,127000,psxdata,2026-05-11T12:51:00
TELE,2017-10-03,3.08,3.13,3.04,3.07,476000,psxdata,2026-05-11T12:51:00
TELE,2017-10-04,3.12,3.12,2.85,2.92,659000,psxdata,2026-05-11T12:51:00
TELE,2017-10-05,2.95,3.0,2.91,2.93,383500,psxdata,2026-05-11T12:51:00
TELE,2017-10-06,2.94,3.03,2.94,3.0,125000,psxdata,2026-05-11T12:51:00
TELE,2017-10-09,3.0,3.0,2.9,2.92,107000,psxdata,2026-05-11T12:51:00
TELE,2017-10-10,2.91,2.91,2.8,2.82,284500,psxdata,2026-05-11T12:51:00
TELE,2017-10-11,2.81,2.85,2.75,2.76,290000,psxdata,2026-05-11T12:51:00
TELE,2017-10-12,2.8,2.89,2.61,2.62,527500,psxdata,2026-05-11T12:51:00
TELE,2017-10-13,2.59,2.65,2.53,2.57,267000,psxdata,2026-05-11T12:51:00
TELE,2017-10-16,2.6,2.71,2.6,2.65,384000,psxdata,2026-05-11T12:51:00
TELE,2017-10-17,2.69,2.7,2.57,2.58,347000,psxdata,2026-05-11T12:51:00
TELE,2017-10-18,2.57,2.58,2.5,2.57,240500,psxdata,2026-05-11T12:51:00
TELE,2017-10-19,2.57,2.65,2.55,2.6,167500,psxdata,2026-05-11T12:51:00
TELE,2017-10-20,2.62,2.72,2.58,2.63,240000,psxdata,2026-05-11T12:51:00
TELE,2017-10-23,2.69,2.69,2.63,2.66,57000,psxdata,2026-05-11T12:51:00
TELE,2017-10-24,2.62,2.66,2.56,2.6,94500,psxdata,2026-05-11T12:51:00
TELE,2017-10-25,2.61,2.64,2.52,2.58,134000,psxdata,2026-05-11T12:51:00
TELE,2017-10-26,2.59,2.65,2.57,2.59,94500,psxdata,2026-05-11T12:51:00
TELE,2017-10-27,2.65,2.65,2.5,2.51,125500,psxdata,2026-05-11T12:51:00
TELE,2017-10-30,2.52,2.52,2.37,2.44,422000,psxdata,2026-05-11T12:51:00
TELE,2017-10-31,2.44,2.5,2.33,2.35,712000,psxdata,2026-05-11T12:51:00
TELE,2017-11-01,2.36,2.45,2.36,2.42,163000,psxdata,2026-05-11T12:51:00
TELE,2017-11-02,2.4,2.45,2.32,2.34,640500,psxdata,2026-05-11T12:51:00
TELE,2017-11-03,2.39,2.55,2.32,2.43,531000,psxdata,2026-05-11T12:51:00
TELE,2017-11-06,2.33,2.44,2.3,2.32,391000,psxdata,2026-05-11T12:51:00
TELE,2017-11-07,2.37,2.37,2.3,2.3,107500,psxdata,2026-05-11T12:51:00
TELE,2017-11-08,2.29,2.39,2.29,2.32,239000,psxdata,2026-05-11T12:51:00
TELE,2017-11-09,2.31,2.41,2.31,2.35,283500,psxdata,2026-05-11T12:51:00
TELE,2017-11-10,2.36,2.36,2.27,2.3,376000,psxdata,2026-05-11T12:51:00
TELE,2017-11-13,2.3,2.32,2.26,2.29,118500,psxdata,2026-05-11T12:51:00
TELE,2017-11-14,2.34,2.36,2.3,2.35,239000,psxdata,2026-05-11T12:51:00
TELE,2017-11-15,2.3,2.33,2.27,2.32,142000,psxdata,2026-05-11T12:51:00
TELE,2017-11-16,2.29,2.35,2.29,2.32,74500,psxdata,2026-05-11T12:51:00
TELE,2017-11-17,2.33,2.36,2.3,2.35,18500,psxdata,2026-05-11T12:51:00
TELE,2017-11-20,2.31,2.35,2.2,2.26,441000,psxdata,2026-05-11T12:51:00
TELE,2017-11-21,2.3,2.39,2.25,2.33,148500,psxdata,2026-05-11T12:51:00
TELE,2017-11-22,2.35,2.37,2.26,2.29,165000,psxdata,2026-05-11T12:51:00
TELE,2017-11-23,2.36,2.38,2.32,2.32,132500,psxdata,2026-05-11T12:51:00
TELE,2017-11-24,2.27,2.37,2.27,2.3,89500,psxdata,2026-05-11T12:51:00
TELE,2017-11-27,2.36,2.36,2.28,2.31,40000,psxdata,2026-05-11T12:51:00
TELE,2017-11-28,2.32,2.35,2.3,2.3,119500,psxdata,2026-05-11T12:51:00
TELE,2017-11-29,2.35,2.39,2.3,2.37,133000,psxdata,2026-05-11T12:51:00
TELE,2017-11-30,2.4,2.4,2.31,2.35,87000,psxdata,2026-05-11T12:51:00
TELE,2017-12-04,2.3,2.35,2.3,2.35,138500,psxdata,2026-05-11T12:51:00
TELE,2017-12-05,2.33,2.36,2.25,2.34,295000,psxdata,2026-05-11T12:51:00
TELE,2017-12-06,2.3,2.6,2.3,2.53,1525000,psxdata,2026-05-11T12:51:00
TELE,2017-12-07,2.62,2.67,2.41,2.44,278500,psxdata,2026-05-11T12:51:00
TELE,2017-12-08,2.45,2.47,2.35,2.36,292000,psxdata,2026-05-11T12:51:00
TELE,2017-12-11,2.39,2.39,2.28,2.3,432500,psxdata,2026-05-11T12:51:00
TELE,2017-12-13,2.3,2.32,2.25,2.26,110500,psxdata,2026-05-11T12:51:00
TELE,2017-12-14,2.22,2.27,2.15,2.16,204500,psxdata,2026-05-11T12:51:00
TELE,2017-12-15,2.2,2.2,2.04,2.16,302500,psxdata,2026-05-11T12:51:00
TELE,2017-12-18,2.12,2.17,2.09,2.11,233000,psxdata,2026-05-11T12:51:00
TELE,2017-12-19,2.14,2.15,2.0,2.05,711500,psxdata,2026-05-11T12:51:00
TELE,2017-12-20,2.02,2.07,1.97,2.02,543000,psxdata,2026-05-11T12:51:00
TELE,2017-12-21,2.0,2.0,1.76,1.93,1022000,psxdata,2026-05-11T12:51:00
TELE,2017-12-22,2.07,2.07,1.89,2.01,1255000,psxdata,2026-05-11T12:51:00
TELE,2017-12-26,1.98,2.0,1.9,1.92,316500,psxdata,2026-05-11T12:51:00
TELE,2017-12-27,1.95,1.99,1.91,1.95,731000,psxdata,2026-05-11T12:51:00
TELE,2017-12-28,1.97,2.08,1.95,1.96,1119000,psxdata,2026-05-11T12:51:00
TELE,2017-12-29,1.97,2.09,1.93,1.96,752000,psxdata,2026-05-11T12:51:00
TELE,2018-01-01,1.96,2.01,1.94,1.98,141500,psxdata,2026-05-11T12:51:00
TELE,2018-01-02,2.0,2.09,1.97,2.06,270500,psxdata,2026-05-11T12:51:00
TELE,2018-01-03,2.0,2.09,2.0,2.03,192000,psxdata,2026-05-11T12:51:00
TELE,2018-01-04,2.12,2.12,2.02,2.11,408000,psxdata,2026-05-11T12:51:00
TELE,2018-01-05,2.1,2.16,2.05,2.14,316500,psxdata,2026-05-11T12:51:00
TELE,2018-01-08,2.19,2.26,2.19,2.24,823500,psxdata,2026-05-11T12:51:00
TELE,2018-01-09,2.27,2.28,2.16,2.18,336500,psxdata,2026-05-11T12:51:00
TELE,2018-01-10,2.28,2.34,2.01,2.31,1079000,psxdata,2026-05-11T12:51:00
TELE,2018-01-11,2.34,2.36,2.27,2.31,305000,psxdata,2026-05-11T12:51:00
TELE,2018-01-12,2.26,2.26,2.0,2.05,1294500,psxdata,2026-05-11T12:51:00
TELE,2018-01-15,2.12,2.12,2.05,2.09,92500,psxdata,2026-05-11T12:51:00
TELE,2018-01-16,2.11,2.17,2.05,2.06,186500,psxdata,2026-05-11T12:51:00
TELE,2018-01-17,2.01,2.16,2.01,2.08,74000,psxdata,2026-05-11T12:51:00
TELE,2018-01-18,2.19,2.19,2.1,2.14,483000,psxdata,2026-05-11T12:51:00
TELE,2018-01-19,2.15,2.22,2.14,2.19,242500,psxdata,2026-05-11T12:51:00
TELE,2018-01-22,2.22,2.3,2.21,2.25,635000,psxdata,2026-05-11T12:51:00
TELE,2018-01-23,2.32,2.32,2.24,2.25,262500,psxdata,2026-05-11T12:51:00
TELE,2018-01-24,2.19,2.25,2.19,2.21,314000,psxdata,2026-05-11T12:51:00
TELE,2018-01-25,2.2,2.27,2.2,2.24,54500,psxdata,2026-05-11T12:51:00
TELE,2018-01-26,2.25,2.25,2.2,2.23,52000,psxdata,2026-05-11T12:51:00
TELE,2018-01-29,2.25,2.29,2.16,2.17,166500,psxdata,2026-05-11T12:51:00
TELE,2018-01-30,2.17,2.17,2.05,2.09,654500,psxdata,2026-05-11T12:51:00
TELE,2018-01-31,2.05,2.14,2.05,2.09,93500,psxdata,2026-05-11T12:51:00
TELE,2018-02-01,2.17,2.17,2.13,2.13,37500,psxdata,2026-05-11T12:51:00
TELE,2018-02-02,2.16,2.19,2.13,2.15,36000,psxdata,2026-05-11T12:51:00
TELE,2018-02-06,2.21,2.21,2.06,2.08,79000,psxdata,2026-05-11T12:51:00
TELE,2018-02-07,2.12,2.13,2.06,2.13,43000,psxdata,2026-05-11T12:51:00
TELE,2018-02-08,2.08,2.19,2.01,2.14,506500,psxdata,2026-05-11T12:51:00
TELE,2018-02-09,2.14,2.15,2.08,2.15,180500,psxdata,2026-05-11T12:51:00
TELE,2018-02-12,2.28,2.29,2.16,2.18,726000,psxdata,2026-05-11T12:51:00
TELE,2018-02-13,2.24,2.24,2.15,2.17,101500,psxdata,2026-05-11T12:51:00
TELE,2018-02-14,2.15,2.18,2.0,2.09,1073500,psxdata,2026-05-11T12:51:00
TELE,2018-02-15,2.01,2.1,2.0,2.02,351500,psxdata,2026-05-11T12:51:00
TELE,2018-02-16,2.05,2.07,2.01,2.06,197500,psxdata,2026-05-11T12:51:00
TELE,2018-02-19,2.06,2.07,2.0,2.01,104500,psxdata,2026-05-11T12:51:00
TELE,2018-02-20,2.05,2.05,2.01,2.03,63000,psxdata,2026-05-11T12:51:00
TELE,2018-02-21,2.02,2.05,2.0,2.0,506500,psxdata,2026-05-11T12:51:00
TELE,2018-02-22,1.99,2.03,1.96,2.0,326500,psxdata,2026-05-11T12:51:00
TELE,2018-02-23,2.04,2.04,1.91,1.97,190500,psxdata,2026-05-11T12:51:00
TELE,2018-02-26,2.0,2.07,1.95,2.0,932500,psxdata,2026-05-11T12:51:00
TELE,2018-02-27,2.0,2.0,1.98,2.0,141500,psxdata,2026-05-11T12:51:00
TELE,2018-02-28,1.97,2.03,1.96,1.98,942000,psxdata,2026-05-11T12:51:00
TELE,2018-03-01,2.01,2.1,2.0,2.02,288000,psxdata,2026-05-11T12:51:00
TELE,2018-03-02,2.03,2.07,2.0,2.03,64500,psxdata,2026-05-11T12:51:00
TELE,2018-03-05,2.04,2.05,2.01,2.02,54500,psxdata,2026-05-11T12:51:00
TELE,2018-03-06,2.02,2.06,2.01,2.02,260000,psxdata,2026-05-11T12:51:00
TELE,2018-03-07,2.03,2.03,1.95,1.96,366500,psxdata,2026-05-11T12:51:00
TELE,2018-03-08,1.98,2.05,1.98,2.01,163000,psxdata,2026-05-11T12:51:00
TELE,2018-03-09,2.0,2.01,1.98,1.99,36500,psxdata,2026-05-11T12:51:00
TELE,2018-03-12,1.98,1.99,1.95,1.99,214500,psxdata,2026-05-11T12:51:00
TELE,2018-03-13,1.99,2.01,1.92,1.97,53000,psxdata,2026-05-11T12:51:00
TELE,2018-03-14,2.0,2.04,1.85,1.9,358000,psxdata,2026-05-11T12:51:00
TELE,2018-03-15,1.93,2.1,1.9,2.0,788500,psxdata,2026-05-11T12:51:00
TELE,2018-03-16,2.05,2.09,2.0,2.02,303000,psxdata,2026-05-11T12:51:00
TELE,2018-03-19,2.0,2.05,2.0,2.01,244000,psxdata,2026-05-11T12:51:00
TELE,2018-03-20,2.03,2.05,2.0,2.0,411500,psxdata,2026-05-11T12:51:00
TELE,2018-03-21,2.0,2.04,1.98,2.01,625500,psxdata,2026-05-11T12:51:00
TELE,2018-03-22,2.05,2.05,2.0,2.0,126500,psxdata,2026-05-11T12:51:00
TELE,2018-03-26,2.0,2.03,1.98,2.03,523000,psxdata,2026-05-11T12:51:00
TELE,2018-03-27,2.0,2.03,1.97,1.99,384500,psxdata,2026-05-11T12:51:00
TELE,2018-03-28,2.0,2.05,2.0,2.03,38500,psxdata,2026-05-11T12:51:00
TELE,2018-03-29,2.09,2.09,1.98,2.04,184500,psxdata,2026-05-11T12:51:00
TELE,2018-03-30,2.01,2.03,1.99,2.0,144000,psxdata,2026-05-11T12:51:00
TELE,2018-04-02,2.06,2.06,2.0,2.0,26000,psxdata,2026-05-11T12:51:00
TELE,2018-04-03,2.05,2.05,1.94,1.95,422000,psxdata,2026-05-11T12:51:00
TELE,2018-04-04,1.96,2.0,1.91,1.95,471000,psxdata,2026-05-11T12:51:00
TELE,2018-04-05,1.99,1.99,1.91,1.95,221000,psxdata,2026-05-11T12:51:00
TELE,2018-04-06,1.99,1.99,1.92,1.95,97000,psxdata,2026-05-11T12:51:00
TELE,2018-04-09,1.95,1.98,1.95,1.97,115000,psxdata,2026-05-11T12:51:00
TELE,2018-04-10,1.95,2.0,1.93,1.97,127500,psxdata,2026-05-11T12:51:00
TELE,2018-04-11,1.96,2.04,1.94,1.97,419500,psxdata,2026-05-11T12:51:00
TELE,2018-04-12,1.98,2.1,1.98,2.08,796000,psxdata,2026-05-11T12:51:00
TELE,2018-04-13,2.08,2.08,2.01,2.04,95000,psxdata,2026-05-11T12:51:00
TELE,2018-04-16,2.09,2.09,1.96,1.97,346000,psxdata,2026-05-11T12:51:00
TELE,2018-04-17,2.05,2.05,1.96,1.96,116000,psxdata,2026-05-11T12:51:00
TELE,2018-04-18,1.97,2.0,1.94,1.95,336000,psxdata,2026-05-11T12:51:00
TELE,2018-04-19,2.0,2.0,1.93,1.94,23000,psxdata,2026-05-11T12:51:00
TELE,2018-04-20,1.95,2.02,1.93,1.98,32000,psxdata,2026-05-11T12:51:00
TELE,2018-04-23,1.99,1.99,1.95,1.95,5000,psxdata,2026-05-11T12:51:00
TELE,2018-04-24,2.0,2.0,1.93,1.94,58000,psxdata,2026-05-11T12:51:00
TELE,2018-04-25,1.94,2.0,1.92,1.94,188000,psxdata,2026-05-11T12:51:00
TELE,2018-04-26,1.94,2.05,1.93,1.96,163500,psxdata,2026-05-11T12:51:00
TELE,2018-04-27,1.94,1.97,1.92,1.96,69000,psxdata,2026-05-11T12:51:00
TELE,2018-04-30,1.95,2.0,1.93,2.0,25500,psxdata,2026-05-11T12:51:00
TELE,2018-05-02,1.96,1.97,1.96,1.97,23000,psxdata,2026-05-11T12:51:00
TELE,2018-05-03,1.97,1.98,1.92,1.94,547500,psxdata,2026-05-11T12:51:00
TELE,2018-05-04,1.94,1.94,1.91,1.91,93000,psxdata,2026-05-11T12:51:00
TELE,2018-05-07,1.89,1.95,1.89,1.93,450500,psxdata,2026-05-11T12:51:00
TELE,2018-05-08,1.92,1.93,1.85,1.89,91500,psxdata,2026-05-11T12:51:00
TELE,2018-05-09,1.89,1.95,1.25,1.91,767500,psxdata,2026-05-11T12:51:00
TELE,2018-05-10,1.96,2.3,1.93,2.1,4902000,psxdata,2026-05-11T12:51:00
TELE,2018-05-11,2.19,2.19,2.06,2.08,544000,psxdata,2026-05-11T12:51:00
TELE,2018-05-14,2.02,2.19,2.01,2.09,1812000,psxdata,2026-05-11T12:51:00
TELE,2018-05-15,2.1,2.1,2.02,2.08,256500,psxdata,2026-05-11T12:51:00
TELE,2018-05-16,2.1,2.15,2.06,2.15,803000,psxdata,2026-05-11T12:51:00
TELE,2018-05-17,2.15,2.15,2.07,2.08,78000,psxdata,2026-05-11T12:51:00
TELE,2018-05-18,2.15,2.15,2.0,2.0,343000,psxdata,2026-05-11T12:51:00
TELE,2018-05-21,1.96,2.05,1.95,2.0,123000,psxdata,2026-05-11T12:51:00
TELE,2018-05-22,2.0,2.05,1.98,2.02,112000,psxdata,2026-05-11T12:51:00
TELE,2018-05-23,2.02,2.06,2.0,2.0,66500,psxdata,2026-05-11T12:51:00
TELE,2018-05-24,2.06,2.08,1.96,2.02,361000,psxdata,2026-05-11T12:51:00
TELE,2018-05-25,2.09,2.09,1.99,2.04,50000,psxdata,2026-05-11T12:51:00
TELE,2018-05-28,2.01,2.01,2.0,2.0,43500,psxdata,2026-05-11T12:51:00
TELE,2018-05-29,2.0,2.0,1.98,1.99,16500,psxdata,2026-05-11T12:51:00
TELE,2018-05-30,2.07,2.07,2.0,2.01,234000,psxdata,2026-05-11T12:51:00
TELE,2018-05-31,1.98,2.05,1.96,2.02,371000,psxdata,2026-05-11T12:51:00
TELE,2018-06-01,2.04,2.04,2.02,2.02,28500,psxdata,2026-05-11T12:51:00
TELE,2018-06-04,2.03,2.04,2.01,2.01,61000,psxdata,2026-05-11T12:51:00
TELE,2018-06-05,2.02,2.07,2.01,2.01,46000,psxdata,2026-05-11T12:51:00
TELE,2018-06-06,2.03,2.05,2.01,2.02,142000,psxdata,2026-05-11T12:51:00
TELE,2018-06-07,2.01,2.04,2.0,2.04,212500,psxdata,2026-05-11T12:51:00
TELE,2018-06-11,2.0,2.03,2.0,2.0,360500,psxdata,2026-05-11T12:51:00
TELE,2018-06-12,2.0,2.0,1.92,1.96,113000,psxdata,2026-05-11T12:51:00
TELE,2018-06-13,2.0,2.0,2.0,2.0,3000,psxdata,2026-05-11T12:51:00
TELE,2018-06-14,2.0,2.0,1.95,1.95,3018000,psxdata,2026-05-11T12:51:00
TELE,2018-06-19,2.0,2.0,1.85,1.94,373500,psxdata,2026-05-11T12:51:00
TELE,2018-06-20,1.95,1.96,1.9,1.91,25500,psxdata,2026-05-11T12:51:00
TELE,2018-06-21,1.93,1.93,1.9,1.9,139000,psxdata,2026-05-11T12:51:00
TELE,2018-06-22,1.91,1.91,1.8,1.8,897500,psxdata,2026-05-11T12:51:00
TELE,2018-06-25,1.8,1.85,1.75,1.77,163500,psxdata,2026-05-11T12:51:00
TELE,2018-06-26,1.74,1.83,1.74,1.79,2980500,psxdata,2026-05-11T12:51:00
TELE,2018-06-28,1.71,1.85,1.71,1.77,59500,psxdata,2026-05-11T12:51:00
TELE,2018-06-29,1.8,1.81,1.78,1.78,33500,psxdata,2026-05-11T12:51:00
TELE,2018-07-02,1.76,1.83,1.76,1.83,93500,psxdata,2026-05-11T12:51:00
TELE,2018-07-03,1.82,1.84,1.81,1.84,87000,psxdata,2026-05-11T12:51:00
TELE,2018-07-04,1.84,1.84,1.7,1.74,267500,psxdata,2026-05-11T12:51:00
TELE,2018-07-05,1.74,1.75,1.71,1.74,18000,psxdata,2026-05-11T12:51:00
TELE,2018-07-06,1.74,1.85,1.74,1.76,42500,psxdata,2026-05-11T12:51:00
TELE,2018-07-09,1.76,1.76,1.72,1.74,24000,psxdata,2026-05-11T12:51:00
TELE,2018-07-10,1.72,1.74,1.7,1.72,27500,psxdata,2026-05-11T12:51:00
TELE,2018-07-11,1.7,1.79,1.7,1.72,76000,psxdata,2026-05-11T12:51:00
TELE,2018-07-12,1.72,1.72,1.7,1.7,184500,psxdata,2026-05-11T12:51:00
TELE,2018-07-13,1.72,1.72,1.71,1.72,20000,psxdata,2026-05-11T12:51:00
TELE,2018-07-16,1.7,1.73,1.7,1.73,33000,psxdata,2026-05-11T12:51:00
TELE,2018-07-17,1.77,1.77,1.71,1.71,290500,psxdata,2026-05-11T12:51:00
TELE,2018-07-18,1.72,1.78,1.7,1.74,181000,psxdata,2026-05-11T12:51:00
TELE,2018-07-19,1.79,1.85,1.76,1.82,119500,psxdata,2026-05-11T12:51:00
TELE,2018-07-20,1.76,1.85,1.75,1.85,15000,psxdata,2026-05-11T12:51:00
TELE,2018-07-23,1.76,1.84,1.74,1.75,51000,psxdata,2026-05-11T12:51:00
TELE,2018-07-24,1.84,1.9,1.8,1.85,474500,psxdata,2026-05-11T12:51:00
TELE,2018-07-26,1.9,1.9,1.78,1.81,3040500,psxdata,2026-05-11T12:51:00
TELE,2018-07-27,1.86,1.95,1.82,1.9,126500,psxdata,2026-05-11T12:51:00
TELE,2018-07-30,1.94,2.09,1.94,2.03,1532000,psxdata,2026-05-11T12:51:00
TELE,2018-07-31,2.06,2.16,2.06,2.1,691500,psxdata,2026-05-11T12:51:00
TELE,2018-08-01,2.11,2.32,2.11,2.25,941500,psxdata,2026-05-11T12:51:00
TELE,2018-08-02,2.3,2.45,2.27,2.31,1493000,psxdata,2026-05-11T12:51:00
TELE,2018-08-03,2.29,2.29,2.21,2.24,205500,psxdata,2026-05-11T12:51:00
TELE,2018-08-06,2.34,2.39,2.13,2.13,193000,psxdata,2026-05-11T12:51:00
TELE,2018-08-07,2.15,2.19,2.11,2.18,145500,psxdata,2026-05-11T12:51:00
TELE,2018-08-08,2.16,2.19,2.14,2.18,48500,psxdata,2026-05-11T12:51:00
TELE,2018-08-09,2.1,2.14,2.05,2.14,144500,psxdata,2026-05-11T12:51:00
TELE,2018-08-10,2.1,2.17,2.08,2.1,250000,psxdata,2026-05-11T12:51:00
TELE,2018-08-13,2.11,2.15,2.09,2.1,126000,psxdata,2026-05-11T12:51:00
TELE,2018-08-15,2.15,2.15,2.07,2.1,152000,psxdata,2026-05-11T12:51:00
TELE,2018-08-16,2.1,2.1,2.04,2.08,241500,psxdata,2026-05-11T12:51:00
TELE,2018-08-17,2.1,2.39,2.1,2.26,2874000,psxdata,2026-05-11T12:51:00
TELE,2018-08-20,2.38,2.69,2.26,2.43,5097500,psxdata,2026-05-11T12:51:00
TELE,2018-08-24,2.46,2.59,2.36,2.43,1190000,psxdata,2026-05-11T12:51:00
TELE,2018-08-27,2.45,2.46,2.36,2.37,205500,psxdata,2026-05-11T12:51:00
TELE,2018-08-28,2.38,2.45,2.32,2.33,179500,psxdata,2026-05-11T12:51:00
TELE,2018-08-29,2.35,2.58,2.33,2.37,2937500,psxdata,2026-05-11T12:51:00
TELE,2018-08-30,2.4,2.45,2.21,2.25,586500,psxdata,2026-05-11T12:51:00
TELE,2018-08-31,2.23,2.32,2.23,2.26,131000,psxdata,2026-05-11T12:51:00
TELE,2018-09-03,2.21,2.25,2.2,2.23,209500,psxdata,2026-05-11T12:51:00
TELE,2018-09-04,2.23,2.3,2.23,2.25,79000,psxdata,2026-05-11T12:51:00
TELE,2018-09-05,2.25,2.25,2.14,2.16,182500,psxdata,2026-05-11T12:51:00
TELE,2018-09-06,2.15,2.15,2.1,2.14,164500,psxdata,2026-05-11T12:51:00
TELE,2018-09-07,2.15,2.15,2.05,2.06,153000,psxdata,2026-05-11T12:51:00
TELE,2018-09-10,2.01,2.1,2.0,2.02,99500,psxdata,2026-05-11T12:51:00
TELE,2018-09-11,2.06,2.15,2.03,2.09,51000,psxdata,2026-05-11T12:51:00
TELE,2018-09-12,2.1,2.1,2.01,2.02,145500,psxdata,2026-05-11T12:51:00
TELE,2018-09-13,2.03,2.03,2.0,2.03,138500,psxdata,2026-05-11T12:51:00
TELE,2018-09-14,2.01,2.1,2.01,2.02,134000,psxdata,2026-05-11T12:51:00
TELE,2018-09-17,2.12,2.12,2.02,2.04,18500,psxdata,2026-05-11T12:51:00
TELE,2018-09-18,2.0,2.09,2.0,2.08,107500,psxdata,2026-05-11T12:51:00
TELE,2018-09-19,2.07,2.15,2.03,2.04,52000,psxdata,2026-05-11T12:51:00
TELE,2018-09-24,2.04,2.04,2.0,2.03,174000,psxdata,2026-05-11T12:51:00
TELE,2018-09-25,2.0,2.11,1.96,2.06,69000,psxdata,2026-05-11T12:51:00
TELE,2018-09-26,2.0,2.0,1.97,2.0,15500,psxdata,2026-05-11T12:51:00
TELE,2018-09-27,2.0,2.0,1.55,1.78,2225500,psxdata,2026-05-11T12:51:00
TELE,2018-09-28,1.8,1.8,1.73,1.77,312500,psxdata,2026-05-11T12:51:00
TELE,2018-10-01,1.8,1.8,1.7,1.79,166500,psxdata,2026-05-11T12:51:00
TELE,2018-10-02,1.79,1.79,1.75,1.77,98500,psxdata,2026-05-11T12:51:00
TELE,2018-10-03,1.79,1.79,1.75,1.77,64000,psxdata,2026-05-11T12:51:00
TELE,2018-10-04,1.77,1.77,1.7,1.73,17500,psxdata,2026-05-11T12:51:00
TELE,2018-10-05,1.7,1.79,1.68,1.72,255500,psxdata,2026-05-11T12:51:00
TELE,2018-10-08,1.68,1.68,1.65,1.66,49500,psxdata,2026-05-11T12:51:00
TELE,2018-10-09,1.77,1.77,1.55,1.7,135000,psxdata,2026-05-11T12:51:00
TELE,2018-10-10,1.61,1.68,1.51,1.58,135500,psxdata,2026-05-11T12:51:00
TELE,2018-10-11,1.6,1.67,1.5,1.6,264500,psxdata,2026-05-11T12:51:00
TELE,2018-10-12,1.63,1.63,1.51,1.59,50500,psxdata,2026-05-11T12:51:00
TELE,2018-10-15,1.5,1.53,1.42,1.5,409000,psxdata,2026-05-11T12:51:00
TELE,2018-10-16,1.55,1.57,1.36,1.37,687000,psxdata,2026-05-11T12:51:00
TELE,2018-10-17,1.54,1.59,1.45,1.57,269000,psxdata,2026-05-11T12:51:00
TELE,2018-10-18,1.57,1.65,1.56,1.63,75000,psxdata,2026-05-11T12:51:00
TELE,2018-10-19,1.65,1.74,1.56,1.68,251000,psxdata,2026-05-11T12:51:00
TELE,2018-10-22,1.69,1.84,1.68,1.72,218000,psxdata,2026-05-11T12:51:00
TELE,2018-10-23,1.7,1.74,1.62,1.65,238000,psxdata,2026-05-11T12:51:00
TELE,2018-10-24,1.8,1.94,1.67,1.93,735500,psxdata,2026-05-11T12:51:00
TELE,2018-10-25,1.87,1.9,1.81,1.84,149000,psxdata,2026-05-11T12:51:00
TELE,2018-10-26,1.84,1.95,1.83,1.93,405500,psxdata,2026-05-11T12:51:00
TELE,2018-10-29,2.0,2.03,1.88,1.96,328500,psxdata,2026-05-11T12:51:00
TELE,2018-10-30,1.85,1.95,1.8,1.84,150500,psxdata,2026-05-11T12:51:00
TELE,2018-10-31,1.84,1.91,1.8,1.86,214500,psxdata,2026-05-11T12:51:00
TELE,2018-11-01,1.85,1.85,1.75,1.84,210000,psxdata,2026-05-11T12:51:00
TELE,2018-11-02,1.9,1.9,1.8,1.82,237500,psxdata,2026-05-11T12:51:00
TELE,2018-11-05,1.9,1.9,1.78,1.82,37000,psxdata,2026-05-11T12:51:00
TELE,2018-11-06,1.77,1.85,1.65,1.8,49000,psxdata,2026-05-11T12:51:00
TELE,2018-11-07,1.85,1.9,1.84,1.85,155000,psxdata,2026-05-11T12:51:00
TELE,2018-11-08,1.8,1.9,1.8,1.85,25500,psxdata,2026-05-11T12:51:00
TELE,2018-11-09,1.85,1.85,1.75,1.8,93000,psxdata,2026-05-11T12:51:00
TELE,2018-11-12,1.8,1.8,1.76,1.76,87000,psxdata,2026-05-11T12:51:00
TELE,2018-11-13,1.76,1.82,1.71,1.81,117000,psxdata,2026-05-11T12:51:00
TELE,2018-11-14,1.81,1.81,1.74,1.75,109000,psxdata,2026-05-11T12:51:00
TELE,2018-11-15,1.83,1.85,1.76,1.82,158500,psxdata,2026-05-11T12:51:00
TELE,2018-11-16,1.81,1.81,1.74,1.78,161000,psxdata,2026-05-11T12:51:00
TELE,2018-11-19,1.83,1.83,1.74,1.79,94000,psxdata,2026-05-11T12:51:00
TELE,2018-11-20,1.75,1.82,1.75,1.77,78000,psxdata,2026-05-11T12:51:00
TELE,2018-11-22,1.79,1.79,1.7,1.76,967000,psxdata,2026-05-11T12:51:00
TELE,2018-11-23,1.75,1.95,1.74,1.78,20500,psxdata,2026-05-11T12:51:00
TELE,2018-11-26,1.8,1.8,1.72,1.72,70500,psxdata,2026-05-11T12:51:00
TELE,2018-11-27,1.75,1.75,1.69,1.69,311000,psxdata,2026-05-11T12:51:00
TELE,2018-11-28,1.67,1.7,1.67,1.7,6500,psxdata,2026-05-11T12:51:00
TELE,2018-11-29,1.72,1.72,1.68,1.68,18000,psxdata,2026-05-11T12:51:00
TELE,2018-11-30,1.7,1.7,1.65,1.65,83500,psxdata,2026-05-11T12:51:00
TELE,2018-12-03,1.67,1.67,1.48,1.51,557500,psxdata,2026-05-11T12:51:00
TELE,2018-12-04,1.54,1.6,1.54,1.57,269500,psxdata,2026-05-11T12:51:00
TELE,2018-12-05,1.6,1.6,1.51,1.57,108000,psxdata,2026-05-11T12:51:00
TELE,2018-12-06,1.55,1.57,1.53,1.56,67000,psxdata,2026-05-11T12:51:00
TELE,2018-12-07,1.53,1.6,1.51,1.55,38000,psxdata,2026-05-11T12:51:00
TELE,2018-12-10,1.58,1.58,1.5,1.54,182500,psxdata,2026-05-11T12:51:00
TELE,2018-12-11,1.6,1.6,1.5,1.52,679000,psxdata,2026-05-11T12:51:00
TELE,2018-12-12,1.47,1.5,1.45,1.45,167500,psxdata,2026-05-11T12:51:00
TELE,2018-12-13,1.5,1.5,1.4,1.4,234500,psxdata,2026-05-11T12:51:00
TELE,2018-12-14,1.45,1.45,1.38,1.4,175000,psxdata,2026-05-11T12:51:00
TELE,2018-12-17,1.44,1.44,1.4,1.43,265000,psxdata,2026-05-11T12:51:00
TELE,2018-12-18,1.41,1.43,1.38,1.41,60000,psxdata,2026-05-11T12:51:00
TELE,2018-12-19,1.42,1.44,1.38,1.38,134500,psxdata,2026-05-11T12:51:00
TELE,2018-12-20,1.37,1.55,1.37,1.49,1024500,psxdata,2026-05-11T12:51:00
TELE,2018-12-21,1.49,1.5,1.41,1.45,9500,psxdata,2026-05-11T12:51:00
TELE,2018-12-24,1.46,1.46,1.4,1.45,37000,psxdata,2026-05-11T12:51:00
TELE,2018-12-26,1.37,1.45,1.32,1.4,69000,psxdata,2026-05-11T12:51:00
TELE,2018-12-27,1.4,1.5,1.39,1.46,128500,psxdata,2026-05-11T12:51:00
TELE,2018-12-28,1.4,1.45,1.35,1.42,59000,psxdata,2026-05-11T12:51:00
TELE,2018-12-31,1.4,1.4,1.35,1.4,45500,psxdata,2026-05-11T12:51:00
TELE,2019-01-01,1.4,1.47,1.4,1.46,44000,psxdata,2026-05-11T12:51:00
TELE,2019-01-02,1.46,1.5,1.4,1.4,32500,psxdata,2026-05-11T12:51:00
TELE,2019-01-03,1.38,1.39,1.33,1.36,228000,psxdata,2026-05-11T12:51:00
TELE,2019-01-04,1.36,1.42,1.31,1.33,27500,psxdata,2026-05-11T12:51:00
TELE,2019-01-07,1.33,1.4,1.33,1.39,43500,psxdata,2026-05-11T12:51:00
TELE,2019-01-08,1.44,1.44,1.3,1.32,838000,psxdata,2026-05-11T12:51:00
TELE,2019-01-09,1.36,1.36,1.3,1.31,865500,psxdata,2026-05-11T12:51:00
TELE,2019-01-10,1.39,1.44,1.37,1.4,200000,psxdata,2026-05-11T12:51:00
TELE,2019-01-11,1.37,1.37,1.36,1.36,3500,psxdata,2026-05-11T12:51:00
TELE,2019-01-14,1.45,1.45,1.3,1.43,131000,psxdata,2026-05-11T12:51:00
TELE,2019-01-15,1.38,1.5,1.35,1.49,123500,psxdata,2026-05-11T12:51:00
TELE,2019-01-16,1.45,1.49,1.4,1.41,50500,psxdata,2026-05-11T12:51:00
TELE,2019-01-17,1.36,1.44,1.36,1.4,73000,psxdata,2026-05-11T12:51:00
TELE,2019-01-18,1.4,1.47,1.4,1.43,25500,psxdata,2026-05-11T12:51:00
TELE,2019-01-21,1.39,1.44,1.37,1.4,106500,psxdata,2026-05-11T12:51:00
TELE,2019-01-22,1.43,1.46,1.39,1.45,16000,psxdata,2026-05-11T12:51:00
TELE,2019-01-23,1.54,1.54,1.41,1.47,42500,psxdata,2026-05-11T12:51:00
TELE,2019-01-24,1.43,1.51,1.41,1.5,91000,psxdata,2026-05-11T12:51:00
TELE,2019-01-25,1.52,1.56,1.48,1.48,53000,psxdata,2026-05-11T12:51:00
TELE,2019-01-28,1.5,1.56,1.5,1.5,39000,psxdata,2026-05-11T12:51:00
TELE,2019-01-29,1.5,1.51,1.47,1.51,21000,psxdata,2026-05-11T12:51:00
TELE,2019-01-30,1.5,1.54,1.47,1.51,156500,psxdata,2026-05-11T12:51:00
TELE,2019-01-31,1.57,1.79,1.57,1.75,1943500,psxdata,2026-05-11T12:51:00
TELE,2019-02-01,1.65,1.79,1.65,1.7,298000,psxdata,2026-05-11T12:51:00
TELE,2019-02-04,1.72,1.8,1.72,1.75,341500,psxdata,2026-05-11T12:51:00
TELE,2019-02-06,1.84,1.84,1.7,1.7,236500,psxdata,2026-05-11T12:51:00
TELE,2019-02-07,1.65,1.72,1.6,1.65,180000,psxdata,2026-05-11T12:51:00
TELE,2019-02-08,1.65,1.67,1.57,1.59,117000,psxdata,2026-05-11T12:51:00
TELE,2019-02-11,1.61,1.69,1.47,1.48,509000,psxdata,2026-05-11T12:51:00
TELE,2019-02-12,1.58,1.58,1.46,1.52,124000,psxdata,2026-05-11T12:51:00
TELE,2019-02-14,1.5,1.54,1.46,1.49,21500,psxdata,2026-05-11T12:51:00
TELE,2019-02-15,1.5,1.5,1.46,1.5,41000,psxdata,2026-05-11T12:51:00
TELE,2019-02-18,1.47,1.5,1.46,1.47,31000,psxdata,2026-05-11T12:51:00
TELE,2019-02-19,1.47,1.5,1.46,1.47,80500,psxdata,2026-05-11T12:51:00
TELE,2019-02-20,1.45,1.48,1.42,1.45,36500,psxdata,2026-05-11T12:51:00
TELE,2019-02-21,1.45,1.45,1.44,1.44,76500,psxdata,2026-05-11T12:51:00
TELE,2019-02-22,1.49,1.49,1.45,1.45,28000,psxdata,2026-05-11T12:51:00
TELE,2019-02-25,1.41,1.43,1.41,1.43,6500,psxdata,2026-05-11T12:51:00
TELE,2019-02-26,1.41,1.42,1.37,1.39,82500,psxdata,2026-05-11T12:51:00
TELE,2019-02-27,1.31,1.4,1.21,1.39,356500,psxdata,2026-05-11T12:51:00
TELE,2019-02-28,1.44,1.56,1.4,1.51,259000,psxdata,2026-05-11T12:51:00
TELE,2019-03-01,1.58,1.61,1.55,1.55,119500,psxdata,2026-05-11T12:51:00
TELE,2019-03-04,1.55,1.55,1.53,1.55,33000,psxdata,2026-05-11T12:51:00
TELE,2019-03-05,1.51,1.54,1.51,1.53,8000,psxdata,2026-05-11T12:51:00
TELE,2019-03-06,1.46,1.55,1.46,1.5,72000,psxdata,2026-05-11T12:51:00
TELE,2019-03-07,1.51,1.59,1.5,1.58,46000,psxdata,2026-05-11T12:51:00
TELE,2019-03-08,1.53,1.55,1.51,1.55,69500,psxdata,2026-05-11T12:51:00
TELE,2019-03-11,1.55,1.55,1.5,1.5,27000,psxdata,2026-05-11T12:51:00
TELE,2019-03-12,1.49,1.5,1.48,1.5,6000,psxdata,2026-05-11T12:51:00
TELE,2019-03-13,1.5,1.63,1.5,1.53,118500,psxdata,2026-05-11T12:51:00
TELE,2019-03-14,1.51,1.51,1.45,1.45,46000,psxdata,2026-05-11T12:51:00
TELE,2019-03-15,1.42,1.42,1.4,1.4,35500,psxdata,2026-05-11T12:51:00
TELE,2019-03-18,1.4,1.42,1.38,1.42,26000,psxdata,2026-05-11T12:51:00
TELE,2019-03-19,1.45,1.45,1.4,1.43,41000,psxdata,2026-05-11T12:51:00
TELE,2019-03-20,1.43,1.43,1.4,1.4,11500,psxdata,2026-05-11T12:51:00
TELE,2019-03-21,1.42,1.42,1.36,1.38,19500,psxdata,2026-05-11T12:51:00
TELE,2019-03-22,1.4,1.58,1.4,1.4,27000,psxdata,2026-05-11T12:51:00
TELE,2019-03-25,1.38,1.38,1.35,1.35,86500,psxdata,2026-05-11T12:51:00
TELE,2019-03-26,1.36,1.4,1.36,1.37,20000,psxdata,2026-05-11T12:51:00
TELE,2019-03-27,1.37,1.43,1.35,1.38,37000,psxdata,2026-05-11T12:51:00
TELE,2019-03-28,1.44,1.46,1.39,1.46,45500,psxdata,2026-05-11T12:51:00
TELE,2019-03-29,1.38,1.44,1.35,1.44,43000,psxdata,2026-05-11T12:51:00
TELE,2019-04-01,1.31,1.4,1.3,1.4,18500,psxdata,2026-05-11T12:51:00
TELE,2019-04-02,1.35,1.35,1.33,1.33,5000,psxdata,2026-05-11T12:51:00
TELE,2019-04-03,1.39,1.41,1.35,1.36,45000,psxdata,2026-05-11T12:51:00
TELE,2019-04-04,1.35,1.35,1.35,1.35,500,psxdata,2026-05-11T12:51:00
TELE,2019-04-05,1.35,1.37,1.31,1.34,22000,psxdata,2026-05-11T12:51:00
TELE,2019-04-08,1.35,1.35,1.2,1.23,88500,psxdata,2026-05-11T12:51:00
TELE,2019-04-09,1.36,1.37,1.21,1.36,209500,psxdata,2026-05-11T12:51:00
TELE,2019-04-10,1.3,1.3,1.26,1.29,29500,psxdata,2026-05-11T12:51:00
TELE,2019-04-11,1.26,1.26,1.2,1.21,62500,psxdata,2026-05-11T12:51:00
TELE,2019-04-12,1.2,1.35,1.2,1.29,147500,psxdata,2026-05-11T12:51:00
TELE,2019-04-15,1.35,1.4,1.35,1.37,70000,psxdata,2026-05-11T12:51:00
TELE,2019-04-16,1.41,1.41,1.41,1.41,500,psxdata,2026-05-11T12:51:00
TELE,2019-04-17,1.4,1.4,1.31,1.34,94000,psxdata,2026-05-11T12:51:00
TELE,2019-04-18,1.31,1.31,1.21,1.27,288500,psxdata,2026-05-11T12:51:00
TELE,2019-04-19,1.3,1.39,1.25,1.33,139500,psxdata,2026-05-11T12:51:00
TELE,2019-04-22,1.26,1.3,1.26,1.3,16000,psxdata,2026-05-11T12:51:00
TELE,2019-04-23,1.27,1.32,1.21,1.26,1083500,psxdata,2026-05-11T12:51:00
TELE,2019-04-24,1.22,1.34,1.2,1.34,22500,psxdata,2026-05-11T12:51:00
TELE,2019-04-25,1.21,1.26,1.2,1.22,85000,psxdata,2026-05-11T12:51:00
TELE,2019-04-26,1.3,1.3,1.2,1.22,1085000,psxdata,2026-05-11T12:51:00
TELE,2019-04-29,1.34,1.34,1.23,1.23,19500,psxdata,2026-05-11T12:51:00
TELE,2019-04-30,1.28,1.29,1.21,1.25,5500,psxdata,2026-05-11T12:51:00
TELE,2019-05-02,1.34,1.34,1.22,1.22,49000,psxdata,2026-05-11T12:51:00
TELE,2019-05-03,1.2,1.3,1.14,1.2,76500,psxdata,2026-05-11T12:51:00
TELE,2019-05-06,1.17,1.28,1.15,1.16,18000,psxdata,2026-05-11T12:51:00
TELE,2019-05-07,1.2,1.28,1.11,1.23,8000,psxdata,2026-05-11T12:51:00
TELE,2019-05-08,1.13,1.2,1.1,1.17,35500,psxdata,2026-05-11T12:51:00
TELE,2019-05-09,1.17,1.24,1.15,1.15,23500,psxdata,2026-05-11T12:51:00
TELE,2019-05-10,1.13,1.13,1.12,1.12,1000,psxdata,2026-05-11T12:51:00
TELE,2019-05-13,1.12,1.12,1.08,1.09,239000,psxdata,2026-05-11T12:51:00
TELE,2019-05-14,1.11,1.15,1.0,1.01,48500,psxdata,2026-05-11T12:51:00
TELE,2019-05-15,1.11,1.14,1.08,1.09,408500,psxdata,2026-05-11T12:51:00
TELE,2019-05-16,1.02,1.02,1.0,1.0,56000,psxdata,2026-05-11T12:51:00
TELE,2019-05-17,1.01,1.04,0.9,0.91,44000,psxdata,2026-05-11T12:51:00
TELE,2019-05-20,1.0,1.11,1.0,1.07,66500,psxdata,2026-05-11T12:51:00
TELE,2019-05-21,1.17,1.17,1.0,1.02,32000,psxdata,2026-05-11T12:51:00
TELE,2019-05-22,1.1,1.18,1.07,1.16,125500,psxdata,2026-05-11T12:51:00
TELE,2019-05-23,1.16,1.18,1.12,1.12,34500,psxdata,2026-05-11T12:51:00
TELE,2019-05-24,1.16,1.16,1.05,1.13,21500,psxdata,2026-05-11T12:51:00
TELE,2019-05-27,1.19,1.19,1.1,1.17,4500,psxdata,2026-05-11T12:51:00
TELE,2019-05-28,1.1,1.1,1.0,1.08,28500,psxdata,2026-05-11T12:51:00
TELE,2019-05-29,1.17,1.17,1.01,1.16,54000,psxdata,2026-05-11T12:51:00
TELE,2019-05-30,1.14,1.15,1.02,1.1,14000,psxdata,2026-05-11T12:51:00
TELE,2019-06-03,1.05,1.05,1.0,1.01,35500,psxdata,2026-05-11T12:51:00
TELE,2019-06-10,1.0,1.01,1.0,1.01,8000,psxdata,2026-05-11T12:51:00
TELE,2019-06-11,1.01,1.27,1.0,1.1,77500,psxdata,2026-05-11T12:51:00
TELE,2019-06-12,1.19,1.19,1.11,1.11,2000,psxdata,2026-05-11T12:51:00
TELE,2019-06-13,1.12,1.18,1.1,1.18,11500,psxdata,2026-05-11T12:51:00
TELE,2019-06-14,1.11,1.11,1.1,1.1,31000,psxdata,2026-05-11T12:51:00
TELE,2019-06-17,1.1,1.1,1.1,1.1,35500,psxdata,2026-05-11T12:51:00
TELE,2019-06-18,1.05,1.11,1.05,1.1,43500,psxdata,2026-05-11T12:51:00
TELE,2019-06-19,1.11,1.11,1.0,1.09,90000,psxdata,2026-05-11T12:51:00
TELE,2019-06-20,1.1,1.11,1.05,1.05,101000,psxdata,2026-05-11T12:51:00
TELE,2019-06-21,1.05,1.18,1.01,1.12,12000,psxdata,2026-05-11T12:51:00
TELE,2019-06-24,1.01,1.03,0.95,0.97,33000,psxdata,2026-05-11T12:51:00
TELE,2019-06-25,1.0,1.1,1.0,1.09,2640000,psxdata,2026-05-11T12:51:00
TELE,2019-06-26,1.11,1.16,1.0,1.01,3972500,psxdata,2026-05-11T12:51:00
TELE,2019-06-27,1.01,1.05,0.97,1.05,14500,psxdata,2026-05-11T12:51:00
TELE,2019-06-28,1.0,1.06,1.0,1.05,21500,psxdata,2026-05-11T12:51:00
TELE,2019-07-01,1.1,1.1,1.05,1.08,3500,psxdata,2026-05-11T12:51:00
TELE,2019-07-02,1.09,1.09,1.09,1.09,1500,psxdata,2026-05-11T12:51:00
TELE,2019-07-03,1.1,1.1,1.05,1.08,28000,psxdata,2026-05-11T12:51:00
TELE,2019-07-04,1.08,1.1,1.01,1.1,11000,psxdata,2026-05-11T12:51:00
TELE,2019-07-08,1.0,1.03,1.0,1.03,13000,psxdata,2026-05-11T12:51:00
TELE,2019-07-09,1.01,1.1,1.01,1.01,47000,psxdata,2026-05-11T12:51:00
TELE,2019-07-10,1.0,1.04,1.0,1.04,1000,psxdata,2026-05-11T12:51:00
TELE,2019-07-11,0.98,0.98,0.95,0.95,2500,psxdata,2026-05-11T12:51:00
TELE,2019-07-12,0.98,1.07,0.98,1.06,2000,psxdata,2026-05-11T12:51:00
TELE,2019-07-15,0.99,1.0,0.97,0.97,6500,psxdata,2026-05-11T12:51:00
TELE,2019-07-16,0.97,0.97,0.95,0.97,11000,psxdata,2026-05-11T12:51:00
TELE,2019-07-17,0.98,0.98,0.97,0.97,15500,psxdata,2026-05-11T12:51:00
TELE,2019-07-18,0.95,1.05,0.92,0.95,18500,psxdata,2026-05-11T12:51:00
TELE,2019-07-19,0.93,0.96,0.93,0.96,10000,psxdata,2026-05-11T12:51:00
TELE,2019-07-22,0.96,0.99,0.96,0.99,2000,psxdata,2026-05-11T12:51:00
TELE,2019-07-23,0.96,0.96,0.95,0.95,56000,psxdata,2026-05-11T12:51:00
TELE,2019-07-24,0.99,1.0,0.94,1.0,19500,psxdata,2026-05-11T12:51:00
TELE,2019-07-25,0.95,0.99,0.94,0.95,41500,psxdata,2026-05-11T12:51:00
TELE,2019-07-26,0.94,0.95,0.94,0.94,54500,psxdata,2026-05-11T12:51:00
TELE,2019-07-29,1.0,1.0,0.94,0.94,107500,psxdata,2026-05-11T12:51:00
TELE,2019-07-30,1.0,1.0,1.0,1.0,1000,psxdata,2026-05-11T12:51:00
TELE,2019-07-31,0.94,1.0,0.94,1.0,36000,psxdata,2026-05-11T12:51:00
TELE,2019-08-01,0.93,1.0,0.9,0.99,194500,psxdata,2026-05-11T12:51:00
TELE,2019-08-02,0.91,1.0,0.9,0.9,38500,psxdata,2026-05-11T12:51:00
TELE,2019-08-05,0.92,0.93,0.86,0.93,4500,psxdata,2026-05-11T12:51:00
TELE,2019-08-06,0.88,0.9,0.88,0.9,50000,psxdata,2026-05-11T12:51:00
TELE,2019-08-07,0.66,0.9,0.66,0.86,12500,psxdata,2026-05-11T12:51:00
TELE,2019-08-08,0.65,0.88,0.65,0.79,16000,psxdata,2026-05-11T12:51:00
TELE,2019-08-09,0.89,0.89,0.7,0.75,91000,psxdata,2026-05-11T12:51:00
TELE,2019-08-16,0.75,0.75,0.75,0.75,7500,psxdata,2026-05-11T12:51:00
TELE,2019-08-19,0.84,0.85,0.84,0.85,18000,psxdata,2026-05-11T12:51:00
TELE,2019-08-20,0.85,1.85,0.85,0.97,2167000,psxdata,2026-05-11T12:51:00
TELE,2019-08-21,0.98,0.98,0.9,0.95,55000,psxdata,2026-05-11T12:51:00
TELE,2019-08-22,0.91,1.11,0.9,1.08,1487000,psxdata,2026-05-11T12:51:00
TELE,2019-08-23,1.07,1.1,1.0,1.04,631500,psxdata,2026-05-11T12:51:00
TELE,2019-08-26,1.0,1.05,0.96,1.0,127000,psxdata,2026-05-11T12:51:00
TELE,2019-08-27,0.97,1.0,0.97,1.0,1000,psxdata,2026-05-11T12:51:00
TELE,2019-08-28,1.05,1.05,0.96,0.96,90000,psxdata,2026-05-11T12:51:00
TELE,2019-08-29,0.92,1.0,0.91,0.99,14000,psxdata,2026-05-11T12:51:00
TELE,2019-08-30,1.05,1.05,0.91,0.95,17000,psxdata,2026-05-11T12:51:00
TELE,2019-09-02,1.0,1.0,1.0,1.0,500,psxdata,2026-05-11T12:51:00
TELE,2019-09-03,0.93,0.98,0.92,0.98,48500,psxdata,2026-05-11T12:51:00
TELE,2019-09-04,0.94,0.99,0.93,0.97,32500,psxdata,2026-05-11T12:51:00
TELE,2019-09-05,0.95,0.98,0.95,0.98,110000,psxdata,2026-05-11T12:51:00
TELE,2019-09-06,0.95,1.0,0.95,1.0,114500,psxdata,2026-05-11T12:51:00
TELE,2019-09-11,1.0,1.0,0.93,0.95,8500,psxdata,2026-05-11T12:51:00
TELE,2019-09-12,0.95,1.1,0.95,1.06,481500,psxdata,2026-05-11T12:51:00
TELE,2019-09-13,1.02,1.09,1.02,1.03,171500,psxdata,2026-05-11T12:51:00
TELE,2019-09-16,1.07,1.11,1.04,1.07,172000,psxdata,2026-05-11T12:51:00
TELE,2019-09-17,1.08,1.08,1.05,1.07,62500,psxdata,2026-05-11T12:51:00
TELE,2019-09-18,1.01,1.08,1.0,1.07,45000,psxdata,2026-05-11T12:51:00
TELE,2019-09-19,1.07,1.15,1.07,1.13,411000,psxdata,2026-05-11T12:51:00
TELE,2019-09-20,1.13,1.24,1.1,1.17,1230500,psxdata,2026-05-11T12:51:00
TELE,2019-09-23,1.15,1.27,1.1,1.2,553000,psxdata,2026-05-11T12:51:00
TELE,2019-09-24,1.18,1.19,1.13,1.13,20500,psxdata,2026-05-11T12:51:00
TELE,2019-09-25,1.19,1.2,1.16,1.19,239000,psxdata,2026-05-11T12:51:00
TELE,2019-09-26,1.23,1.24,1.17,1.17,195500,psxdata,2026-05-11T12:51:00
TELE,2019-09-27,1.15,1.2,1.15,1.2,130000,psxdata,2026-05-11T12:51:00
TELE,2019-09-30,1.2,1.38,1.2,1.3,1296000,psxdata,2026-05-11T12:51:00
TELE,2019-10-01,1.35,1.48,1.3,1.32,1893500,psxdata,2026-05-11T12:51:00
TELE,2019-10-02,1.35,1.35,1.28,1.31,136000,psxdata,2026-05-11T12:51:00
TELE,2019-10-03,1.28,1.4,1.25,1.33,466500,psxdata,2026-05-11T12:51:00
TELE,2019-10-04,1.38,1.65,1.38,1.54,1494000,psxdata,2026-05-11T12:51:00
TELE,2019-10-07,1.55,1.76,1.46,1.56,3327500,psxdata,2026-05-11T12:51:00
TELE,2019-10-08,1.58,1.6,1.4,1.41,554500,psxdata,2026-05-11T12:51:00
TELE,2019-10-09,1.43,1.59,1.4,1.45,622000,psxdata,2026-05-11T12:51:00
TELE,2019-10-10,1.54,1.59,1.42,1.46,107500,psxdata,2026-05-11T12:51:00
TELE,2019-10-11,1.5,1.52,1.46,1.47,526000,psxdata,2026-05-11T12:51:00
TELE,2019-10-14,1.5,1.64,1.47,1.49,401000,psxdata,2026-05-11T12:51:00
TELE,2019-10-15,1.57,1.58,1.49,1.5,241500,psxdata,2026-05-11T12:51:00
TELE,2019-10-16,1.55,1.55,1.49,1.5,142500,psxdata,2026-05-11T12:51:00
TELE,2019-10-17,1.5,1.5,1.46,1.47,143500,psxdata,2026-05-11T12:51:00
TELE,2019-10-18,1.5,1.5,1.42,1.49,67000,psxdata,2026-05-11T12:51:00
TELE,2019-10-21,1.4,1.42,1.31,1.34,86500,psxdata,2026-05-11T12:51:00
TELE,2019-10-22,1.36,1.39,1.3,1.34,18000,psxdata,2026-05-11T12:51:00
TELE,2019-10-23,1.36,1.45,1.33,1.45,11000,psxdata,2026-05-11T12:51:00
TELE,2019-10-24,1.42,1.44,1.34,1.44,9000,psxdata,2026-05-11T12:51:00
TELE,2019-10-25,1.37,1.45,1.3,1.3,242500,psxdata,2026-05-11T12:51:00
TELE,2019-10-28,1.38,1.38,1.31,1.37,48000,psxdata,2026-05-11T12:51:00
TELE,2019-10-29,1.44,1.44,1.34,1.42,72000,psxdata,2026-05-11T12:51:00
TELE,2019-10-30,1.4,1.5,1.36,1.48,301000,psxdata,2026-05-11T12:51:00
TELE,2019-10-31,1.38,1.49,1.38,1.47,153000,psxdata,2026-05-11T12:51:00
TELE,2019-11-01,1.42,1.47,1.42,1.47,31000,psxdata,2026-05-11T12:51:00
TELE,2019-11-04,1.45,1.52,1.45,1.5,28000,psxdata,2026-05-11T12:51:00
TELE,2019-11-05,1.51,1.7,1.45,1.59,1007500,psxdata,2026-05-11T12:51:00
TELE,2019-11-06,1.55,1.59,1.52,1.53,418000,psxdata,2026-05-11T12:51:00
TELE,2019-11-07,1.47,1.64,1.46,1.52,552500,psxdata,2026-05-11T12:51:00
TELE,2019-11-08,1.61,1.67,1.51,1.56,409500,psxdata,2026-05-11T12:51:00
TELE,2019-11-11,1.54,1.6,1.54,1.57,112500,psxdata,2026-05-11T12:51:00
TELE,2019-11-12,1.57,1.59,1.52,1.54,209000,psxdata,2026-05-11T12:51:00
TELE,2019-11-13,1.52,1.53,1.51,1.53,132500,psxdata,2026-05-11T12:51:00
TELE,2019-11-14,1.51,1.65,1.5,1.52,181000,psxdata,2026-05-11T12:51:00
TELE,2019-11-15,1.6,1.65,1.6,1.62,91500,psxdata,2026-05-11T12:51:00
TELE,2019-11-18,1.62,1.68,1.61,1.62,178500,psxdata,2026-05-11T12:51:00
TELE,2019-11-19,1.65,1.7,1.57,1.62,465000,psxdata,2026-05-11T12:51:00
TELE,2019-11-20,1.55,1.92,1.52,1.8,4239500,psxdata,2026-05-11T12:51:00
TELE,2019-11-21,1.8,1.85,1.75,1.76,869000,psxdata,2026-05-11T12:51:00
TELE,2019-11-22,1.75,1.86,1.7,1.71,1676000,psxdata,2026-05-11T12:51:00
TELE,2019-11-25,1.8,1.8,1.66,1.73,442500,psxdata,2026-05-11T12:51:00
TELE,2019-11-26,1.74,1.74,1.6,1.7,1824500,psxdata,2026-05-11T12:51:00
TELE,2019-11-27,1.78,1.78,1.6,1.61,157500,psxdata,2026-05-11T12:51:00
TELE,2019-11-28,1.7,1.73,1.68,1.69,87000,psxdata,2026-05-11T12:51:00
TELE,2019-11-29,1.7,1.9,1.6,1.81,1548000,psxdata,2026-05-11T12:51:00
TELE,2019-12-02,1.8,1.98,1.8,1.97,1400500,psxdata,2026-05-11T12:51:00
TELE,2019-12-03,1.95,2.04,1.81,1.92,2077000,psxdata,2026-05-11T12:51:00
TELE,2019-12-04,1.8,1.96,1.8,1.88,92000,psxdata,2026-05-11T12:51:00
TELE,2019-12-05,2.0,2.0,1.85,1.91,145000,psxdata,2026-05-11T12:51:00
TELE,2019-12-06,1.98,2.06,1.85,1.9,722000,psxdata,2026-05-11T12:51:00
TELE,2019-12-09,1.95,1.95,1.77,1.8,417500,psxdata,2026-05-11T12:51:00
TELE,2019-12-10,1.82,1.89,1.75,1.77,377500,psxdata,2026-05-11T12:51:00
TELE,2019-12-11,1.7,1.88,1.7,1.75,185000,psxdata,2026-05-11T12:51:00
TELE,2019-12-12,1.73,1.75,1.7,1.71,111500,psxdata,2026-05-11T12:51:00
TELE,2019-12-13,1.72,1.8,1.72,1.75,60000,psxdata,2026-05-11T12:51:00
TELE,2019-12-16,1.72,1.8,1.72,1.75,176000,psxdata,2026-05-11T12:51:00
TELE,2019-12-17,1.85,1.85,1.73,1.75,74000,psxdata,2026-05-11T12:51:00
TELE,2019-12-18,1.65,1.7,1.64,1.68,85500,psxdata,2026-05-11T12:51:00
TELE,2019-12-19,1.7,1.7,1.55,1.55,85000,psxdata,2026-05-11T12:51:00
TELE,2019-12-20,1.6,1.65,1.58,1.65,69000,psxdata,2026-05-11T12:51:00
TELE,2019-12-23,1.7,1.7,1.6,1.6,18000,psxdata,2026-05-11T12:51:00
TELE,2019-12-24,1.6,1.7,1.6,1.62,27000,psxdata,2026-05-11T12:51:00
TELE,2019-12-26,1.6,1.68,1.6,1.65,141500,psxdata,2026-05-11T12:51:00
TELE,2019-12-27,1.65,1.75,1.62,1.62,381500,psxdata,2026-05-11T12:51:00
TELE,2019-12-30,1.65,1.76,1.62,1.62,74500,psxdata,2026-05-11T12:51:00
TELE,2019-12-31,1.62,1.68,1.6,1.64,210500,psxdata,2026-05-11T12:51:00
TELE,2020-01-01,1.69,1.69,1.62,1.65,29000,psxdata,2026-05-11T12:51:00
TELE,2020-01-02,1.65,1.73,1.6,1.71,711000,psxdata,2026-05-11T12:51:00
TELE,2020-01-03,1.66,1.74,1.66,1.72,119000,psxdata,2026-05-11T12:51:00
TELE,2020-01-06,1.72,1.72,1.5,1.65,49000,psxdata,2026-05-11T12:51:00
TELE,2020-01-07,1.6,1.65,1.58,1.65,259500,psxdata,2026-05-11T12:51:00
TELE,2020-01-08,1.69,1.69,1.48,1.5,512500,psxdata,2026-05-11T12:51:00
TELE,2020-01-09,1.6,1.74,1.6,1.72,602000,psxdata,2026-05-11T12:51:00
TELE,2020-01-10,1.72,1.8,1.71,1.78,320500,psxdata,2026-05-11T12:51:00
TELE,2020-01-13,1.78,1.85,1.78,1.78,658500,psxdata,2026-05-11T12:51:00
TELE,2020-01-14,1.78,1.8,1.67,1.75,99500,psxdata,2026-05-11T12:51:00
TELE,2020-01-15,1.75,1.79,1.67,1.67,59500,psxdata,2026-05-11T12:51:00
TELE,2020-01-16,1.7,1.72,1.61,1.62,71000,psxdata,2026-05-11T12:51:00
TELE,2020-01-17,1.65,1.72,1.59,1.7,189500,psxdata,2026-05-11T12:51:00
TELE,2020-01-20,1.71,1.71,1.6,1.69,89500,psxdata,2026-05-11T12:51:00
TELE,2020-01-21,1.7,1.7,1.61,1.61,10500,psxdata,2026-05-11T12:51:00
TELE,2020-01-22,1.6,1.69,1.59,1.68,17000,psxdata,2026-05-11T12:51:00
TELE,2020-01-23,1.63,1.7,1.62,1.63,29000,psxdata,2026-05-11T12:51:00
TELE,2020-01-24,1.61,1.64,1.6,1.61,41000,psxdata,2026-05-11T12:51:00
TELE,2020-01-27,1.6,1.68,1.55,1.55,139500,psxdata,2026-05-11T12:51:00
TELE,2020-01-28,1.6,2.09,1.6,1.71,706000,psxdata,2026-05-11T12:51:00
TELE,2020-01-29,1.78,1.78,1.6,1.62,114000,psxdata,2026-05-11T12:51:00
TELE,2020-01-30,1.61,1.63,1.55,1.62,46000,psxdata,2026-05-11T12:51:00
TELE,2020-01-31,1.55,1.68,1.55,1.55,42000,psxdata,2026-05-11T12:51:00
TELE,2020-02-03,1.55,1.59,1.52,1.53,48000,psxdata,2026-05-11T12:51:00
TELE,2020-02-04,1.68,1.68,1.5,1.6,58500,psxdata,2026-05-11T12:51:00
TELE,2020-02-06,1.55,1.6,1.54,1.6,5500,psxdata,2026-05-11T12:51:00
TELE,2020-02-07,1.51,1.7,1.5,1.5,71500,psxdata,2026-05-11T12:51:00
TELE,2020-02-10,1.45,1.49,1.41,1.47,71000,psxdata,2026-05-11T12:51:00
TELE,2020-02-11,1.42,1.65,1.4,1.53,340500,psxdata,2026-05-11T12:51:00
TELE,2020-02-12,1.53,1.58,1.41,1.45,48500,psxdata,2026-05-11T12:51:00
TELE,2020-02-13,1.45,1.5,1.45,1.49,18500,psxdata,2026-05-11T12:51:00
TELE,2020-02-14,1.55,1.56,1.5,1.52,26500,psxdata,2026-05-11T12:51:00
TELE,2020-02-17,1.52,1.52,1.52,1.52,4500,psxdata,2026-05-11T12:51:00
TELE,2020-02-18,1.55,1.61,1.4,1.41,50500,psxdata,2026-05-11T12:51:00
TELE,2020-02-19,1.41,1.48,1.4,1.47,24500,psxdata,2026-05-11T12:51:00
TELE,2020-02-20,1.49,1.49,1.45,1.45,9000,psxdata,2026-05-11T12:51:00
TELE,2020-02-21,1.41,1.56,1.4,1.42,366000,psxdata,2026-05-11T12:51:00
TELE,2020-02-24,1.45,1.48,1.25,1.36,50000,psxdata,2026-05-11T12:51:00
TELE,2020-02-25,1.31,1.44,1.3,1.39,39000,psxdata,2026-05-11T12:51:00
TELE,2020-02-26,1.44,1.44,1.25,1.26,89500,psxdata,2026-05-11T12:51:00
TELE,2020-02-27,1.35,1.38,1.2,1.3,165500,psxdata,2026-05-11T12:51:00
TELE,2020-02-28,1.35,1.4,1.31,1.35,8500,psxdata,2026-05-11T12:51:00
TELE,2020-03-02,1.35,1.4,1.29,1.34,70000,psxdata,2026-05-11T12:51:00
TELE,2020-03-03,1.34,1.34,1.3,1.31,116000,psxdata,2026-05-11T12:51:00
TELE,2020-03-04,1.28,1.35,1.26,1.32,13500,psxdata,2026-05-11T12:51:00
TELE,2020-03-05,1.31,1.43,1.31,1.37,78000,psxdata,2026-05-11T12:51:00
TELE,2020-03-06,1.4,1.4,1.35,1.35,5000,psxdata,2026-05-11T12:51:00
TELE,2020-03-09,1.3,1.4,1.25,1.26,121500,psxdata,2026-05-11T12:51:00
TELE,2020-03-10,1.45,1.45,1.3,1.39,92000,psxdata,2026-05-11T12:51:00
TELE,2020-03-11,1.38,1.4,1.3,1.34,62500,psxdata,2026-05-11T12:51:00
TELE,2020-03-12,1.3,1.31,1.28,1.3,35500,psxdata,2026-05-11T12:51:00
TELE,2020-03-13,1.7,1.7,1.31,1.4,16000,psxdata,2026-05-11T12:51:00
TELE,2020-03-16,1.38,1.38,1.11,1.26,152500,psxdata,2026-05-11T12:51:00
TELE,2020-03-17,1.36,1.36,1.18,1.2,35000,psxdata,2026-05-11T12:51:00
TELE,2020-03-18,1.07,1.29,1.05,1.1,29500,psxdata,2026-05-11T12:51:00
TELE,2020-03-19,1.27,1.27,0.96,1.0,234000,psxdata,2026-05-11T12:51:00
TELE,2020-03-20,1.07,1.11,0.99,1.0,311000,psxdata,2026-05-11T12:51:00
TELE,2020-03-24,1.0,1.08,0.89,1.04,12500,psxdata,2026-05-11T12:51:00
TELE,2020-03-25,1.07,1.07,0.96,0.98,113500,psxdata,2026-05-11T12:51:00
TELE,2020-03-26,1.0,1.0,0.95,0.96,100000,psxdata,2026-05-11T12:51:00
TELE,2020-03-27,0.96,1.0,0.96,0.99,421000,psxdata,2026-05-11T12:51:00
TELE,2020-03-30,0.99,1.06,0.95,1.03,237000,psxdata,2026-05-11T12:51:00
TELE,2020-03-31,1.04,1.07,1.04,1.05,33500,psxdata,2026-05-11T12:51:00
TELE,2020-04-01,1.05,1.14,1.0,1.07,60000,psxdata,2026-05-11T12:51:00
TELE,2020-04-02,1.05,1.12,1.02,1.09,505500,psxdata,2026-05-11T12:51:00
TELE,2020-04-03,1.19,1.19,1.1,1.13,118500,psxdata,2026-05-11T12:51:00
TELE,2020-04-06,1.1,1.13,1.01,1.01,52500,psxdata,2026-05-11T12:51:00
TELE,2020-04-07,1.01,1.1,1.01,1.01,71500,psxdata,2026-05-11T12:51:00
TELE,2020-04-08,1.01,1.05,1.0,1.0,65500,psxdata,2026-05-11T12:51:00
TELE,2020-04-09,1.1,1.13,1.02,1.04,91000,psxdata,2026-05-11T12:51:00
TELE,2020-04-10,1.2,1.2,1.0,1.06,32000,psxdata,2026-05-11T12:51:00
TELE,2020-04-13,1.06,1.06,1.03,1.03,61500,psxdata,2026-05-11T12:51:00
TELE,2020-04-14,1.12,1.12,1.05,1.05,4000,psxdata,2026-05-11T12:51:00
TELE,2020-04-15,1.06,1.12,1.06,1.1,53500,psxdata,2026-05-11T12:51:00
TELE,2020-04-16,1.14,1.14,1.02,1.06,35500,psxdata,2026-05-11T12:51:00
TELE,2020-04-17,1.12,1.2,1.08,1.15,53500,psxdata,2026-05-11T12:51:00
TELE,2020-04-20,1.19,1.19,1.03,1.14,454000,psxdata,2026-05-11T12:51:00
TELE,2020-04-21,1.08,1.1,1.05,1.06,57000,psxdata,2026-05-11T12:51:00
TELE,2020-04-22,1.07,1.13,1.07,1.1,20000,psxdata,2026-05-11T12:51:00
TELE,2020-04-23,1.08,1.17,1.08,1.17,45500,psxdata,2026-05-11T12:51:00
TELE,2020-04-24,1.18,1.18,1.14,1.14,3000,psxdata,2026-05-11T12:51:00
TELE,2020-04-27,1.15,1.15,1.15,1.15,10500,psxdata,2026-05-11T12:51:00
TELE,2020-04-28,1.15,1.15,1.08,1.1,32000,psxdata,2026-05-11T12:51:00
TELE,2020-04-29,1.12,1.15,1.06,1.09,129500,psxdata,2026-05-11T12:51:00
TELE,2020-04-30,1.15,1.15,1.1,1.11,55500,psxdata,2026-05-11T12:51:00
TELE,2020-05-04,1.1,1.15,1.05,1.09,80500,psxdata,2026-05-11T12:51:00
TELE,2020-05-05,1.1,1.11,1.09,1.11,65500,psxdata,2026-05-11T12:51:00
TELE,2020-05-06,1.1,1.11,1.08,1.11,29000,psxdata,2026-05-11T12:51:00
TELE,2020-05-07,1.1,1.11,1.08,1.11,17000,psxdata,2026-05-11T12:51:00
TELE,2020-05-08,1.1,1.1,1.06,1.07,11500,psxdata,2026-05-11T12:51:00
TELE,2020-05-11,1.17,1.24,1.12,1.2,500000,psxdata,2026-05-11T12:51:00
TELE,2020-05-12,1.22,1.22,1.17,1.18,19500,psxdata,2026-05-11T12:51:00
TELE,2020-05-13,1.19,1.2,1.17,1.18,95000,psxdata,2026-05-11T12:51:00
TELE,2020-05-14,1.12,1.22,1.12,1.21,87000,psxdata,2026-05-11T12:51:00
TELE,2020-05-15,1.21,1.24,1.18,1.23,56500,psxdata,2026-05-11T12:51:00
TELE,2020-05-19,1.23,1.28,1.23,1.25,32500,psxdata,2026-05-11T12:51:00
TELE,2020-05-20,1.3,1.3,1.12,1.2,31500,psxdata,2026-05-11T12:51:00
TELE,2020-05-21,1.17,1.25,1.15,1.25,69500,psxdata,2026-05-11T12:51:00
TELE,2020-05-28,1.2,1.24,1.15,1.24,21500,psxdata,2026-05-11T12:51:00
TELE,2020-05-29,1.25,1.25,1.25,1.25,4000,psxdata,2026-05-11T12:51:00
TELE,2020-06-01,1.24,1.24,1.2,1.2,16000,psxdata,2026-05-11T12:51:00
TELE,2020-06-02,1.19,1.25,1.15,1.19,71500,psxdata,2026-05-11T12:51:00
TELE,2020-06-03,1.27,1.27,1.17,1.18,8500,psxdata,2026-05-11T12:51:00
TELE,2020-06-04,1.15,1.22,1.15,1.22,12000,psxdata,2026-05-11T12:51:00
TELE,2020-06-08,1.24,1.24,1.18,1.19,63000,psxdata,2026-05-11T12:51:00
TELE,2020-06-09,1.17,1.18,1.14,1.15,86000,psxdata,2026-05-11T12:51:00
TELE,2020-06-10,1.17,1.2,1.16,1.17,9000,psxdata,2026-05-11T12:51:00
TELE,2020-06-11,1.2,1.21,1.2,1.21,70500,psxdata,2026-05-11T12:51:00
TELE,2020-06-12,1.22,1.22,1.15,1.19,30500,psxdata,2026-05-11T12:51:00
TELE,2020-06-15,1.16,1.2,1.14,1.19,25000,psxdata,2026-05-11T12:51:00
TELE,2020-06-16,1.15,1.5,1.15,1.29,278500,psxdata,2026-05-11T12:51:00
TELE,2020-06-17,1.35,1.35,1.27,1.3,184500,psxdata,2026-05-11T12:51:00
TELE,2020-06-18,1.26,1.39,1.2,1.36,575500,psxdata,2026-05-11T12:51:00
TELE,2020-06-19,1.38,1.38,1.31,1.32,84000,psxdata,2026-05-11T12:51:00
TELE,2020-06-22,1.32,1.35,1.25,1.34,26500,psxdata,2026-05-11T12:51:00
TELE,2020-06-23,1.28,1.28,1.25,1.28,50500,psxdata,2026-05-11T12:51:00
TELE,2020-06-24,1.25,1.33,1.24,1.33,5500,psxdata,2026-05-11T12:51:00
TELE,2020-06-25,1.25,1.3,1.2,1.23,268500,psxdata,2026-05-11T12:51:00
TELE,2020-06-26,1.3,1.3,1.22,1.22,32500,psxdata,2026-05-11T12:51:00
TELE,2020-06-29,1.24,1.32,1.24,1.3,7000,psxdata,2026-05-11T12:51:00
TELE,2020-06-30,1.25,1.25,1.22,1.22,6500,psxdata,2026-05-11T12:51:00
TELE,2020-07-01,1.41,1.41,1.28,1.28,45500,psxdata,2026-05-11T12:51:00
TELE,2020-07-02,1.38,1.38,1.29,1.37,324000,psxdata,2026-05-11T12:51:00
TELE,2020-07-03,1.38,1.38,1.3,1.3,55000,psxdata,2026-05-11T12:51:00
TELE,2020-07-06,1.35,1.35,1.27,1.3,5500,psxdata,2026-05-11T12:51:00
TELE,2020-07-07,1.31,1.35,1.27,1.3,78000,psxdata,2026-05-11T12:51:00
TELE,2020-07-08,1.3,1.36,1.3,1.32,134500,psxdata,2026-05-11T12:51:00
TELE,2020-07-09,1.35,1.4,1.35,1.39,486000,psxdata,2026-05-11T12:51:00
TELE,2020-07-10,1.37,1.41,1.37,1.4,265000,psxdata,2026-05-11T12:51:00
TELE,2020-07-13,1.38,1.42,1.33,1.36,54000,psxdata,2026-05-11T12:51:00
TELE,2020-07-14,1.35,1.36,1.3,1.31,40000,psxdata,2026-05-11T12:51:00
TELE,2020-07-15,1.31,1.39,1.2,1.25,271500,psxdata,2026-05-11T12:51:00
TELE,2020-07-16,1.3,1.3,1.22,1.22,122500,psxdata,2026-05-11T12:51:00
TELE,2020-07-17,1.25,1.32,1.25,1.32,102500,psxdata,2026-05-11T12:51:00
TELE,2020-07-20,1.29,1.35,1.21,1.3,225500,psxdata,2026-05-11T12:51:00
TELE,2020-07-21,1.26,1.27,1.2,1.22,226000,psxdata,2026-05-11T12:51:00
TELE,2020-07-22,1.33,1.33,1.2,1.22,313500,psxdata,2026-05-11T12:51:00
TELE,2020-07-23,1.22,1.23,1.2,1.22,107500,psxdata,2026-05-11T12:51:00
TELE,2020-07-24,1.19,1.29,1.16,1.17,100500,psxdata,2026-05-11T12:51:00
TELE,2020-07-27,1.19,1.24,1.15,1.16,43000,psxdata,2026-05-11T12:51:00
TELE,2020-07-28,1.26,1.3,1.17,1.29,271000,psxdata,2026-05-11T12:51:00
TELE,2020-07-29,1.3,1.3,1.2,1.23,153500,psxdata,2026-05-11T12:51:00
TELE,2020-07-30,1.23,1.33,1.23,1.25,134000,psxdata,2026-05-11T12:51:00
TELE,2020-08-03,1.34,1.34,1.22,1.3,151500,psxdata,2026-05-11T12:51:00
TELE,2020-08-04,1.3,1.3,1.24,1.25,129000,psxdata,2026-05-11T12:51:00
TELE,2020-08-05,1.22,1.28,1.22,1.27,84500,psxdata,2026-05-11T12:51:00
TELE,2020-08-06,1.28,1.58,1.25,1.47,3326500,psxdata,2026-05-11T12:51:00
TELE,2020-08-07,1.56,1.64,1.5,1.54,3506000,psxdata,2026-05-11T12:51:00
TELE,2020-08-10,1.61,1.75,1.6,1.64,4634000,psxdata,2026-05-11T12:51:00
TELE,2020-08-11,1.69,1.69,1.55,1.6,423500,psxdata,2026-05-11T12:51:00
TELE,2020-08-12,1.56,1.7,1.45,1.5,316500,psxdata,2026-05-11T12:51:00
TELE,2020-08-13,1.57,1.58,1.49,1.58,120000,psxdata,2026-05-11T12:51:00
TELE,2020-08-17,1.6,1.62,1.55,1.55,493000,psxdata,2026-05-11T12:51:00
TELE,2020-08-18,1.52,1.59,1.48,1.48,96500,psxdata,2026-05-11T12:51:00
TELE,2020-08-19,1.55,1.55,1.45,1.45,135500,psxdata,2026-05-11T12:51:00
TELE,2020-08-20,1.43,1.45,1.4,1.42,121500,psxdata,2026-05-11T12:51:00
TELE,2020-08-21,1.41,1.51,1.2,1.27,1090500,psxdata,2026-05-11T12:51:00
TELE,2020-08-24,1.34,1.39,1.25,1.3,580500,psxdata,2026-05-11T12:51:00
TELE,2020-08-25,1.39,1.43,1.36,1.38,167000,psxdata,2026-05-11T12:51:00
TELE,2020-08-26,1.31,1.41,1.31,1.4,90500,psxdata,2026-05-11T12:51:00
TELE,2020-08-27,1.35,1.4,1.35,1.37,92000,psxdata,2026-05-11T12:51:00
TELE,2020-08-28,1.47,1.47,1.34,1.36,71500,psxdata,2026-05-11T12:51:00
TELE,2020-08-31,1.35,1.43,1.32,1.36,212000,psxdata,2026-05-11T12:51:00
TELE,2020-09-01,1.37,1.41,1.3,1.4,605500,psxdata,2026-05-11T12:51:00
TELE,2020-09-02,1.39,1.64,1.39,1.56,1368000,psxdata,2026-05-11T12:51:00
TELE,2020-09-03,1.57,1.69,1.57,1.65,891500,psxdata,2026-05-11T12:51:00
TELE,2020-09-04,1.56,1.67,1.56,1.63,530500,psxdata,2026-05-11T12:51:00
TELE,2020-09-07,1.63,1.68,1.55,1.6,315500,psxdata,2026-05-11T12:51:00
TELE,2020-09-08,1.6,1.6,1.4,1.52,856000,psxdata,2026-05-11T12:51:00
TELE,2020-09-09,1.44,2.26,1.44,2.2,19545000,psxdata,2026-05-11T12:51:00
TELE,2020-09-10,2.25,2.44,2.01,2.08,10954000,psxdata,2026-05-11T12:51:00
TELE,2020-09-11,2.1,2.1,1.9,1.91,4020500,psxdata,2026-05-11T12:51:00
TELE,2020-09-14,1.85,1.97,1.8,1.84,899500,psxdata,2026-05-11T12:51:00
TELE,2020-09-15,1.9,1.96,1.8,1.81,1075500,psxdata,2026-05-11T12:51:00
TELE,2020-09-16,1.85,1.85,1.7,1.73,646500,psxdata,2026-05-11T12:51:00
TELE,2020-09-17,1.75,2.18,1.75,2.1,3434000,psxdata,2026-05-11T12:51:00
TELE,2020-09-18,2.09,2.25,1.98,2.09,3950000,psxdata,2026-05-11T12:51:00
TELE,2020-09-21,2.06,2.06,1.98,2.0,650000,psxdata,2026-05-11T12:51:00
TELE,2020-09-22,2.1,2.1,1.92,1.94,596500,psxdata,2026-05-11T12:51:00
TELE,2020-09-23,1.94,2.09,1.9,1.97,1790500,psxdata,2026-05-11T12:51:00
TELE,2020-09-24,2.03,2.03,1.88,1.89,761500,psxdata,2026-05-11T12:51:00
TELE,2020-09-25,1.91,1.99,1.84,1.86,447000,psxdata,2026-05-11T12:51:00
TELE,2020-09-28,1.9,1.9,1.75,1.79,538000,psxdata,2026-05-11T12:51:00
TELE,2020-09-29,1.82,1.83,1.72,1.81,110500,psxdata,2026-05-11T12:51:00
TELE,2020-09-30,1.83,1.85,1.69,1.7,418500,psxdata,2026-05-11T12:51:00
TELE,2020-10-01,1.82,1.82,1.61,1.65,294500,psxdata,2026-05-11T12:51:00
TELE,2020-10-02,1.66,1.74,1.56,1.6,150000,psxdata,2026-05-11T12:51:00
TELE,2020-10-05,1.53,1.6,1.4,1.41,408500,psxdata,2026-05-11T12:51:00
TELE,2020-10-06,1.4,1.58,1.35,1.47,261500,psxdata,2026-05-11T12:51:00
TELE,2020-10-07,1.5,1.7,1.46,1.66,483000,psxdata,2026-05-11T12:51:00
TELE,2020-10-08,1.69,1.69,1.6,1.63,209000,psxdata,2026-05-11T12:51:00
TELE,2020-10-09,1.65,1.68,1.55,1.61,172000,psxdata,2026-05-11T12:51:00
TELE,2020-10-12,1.62,1.66,1.5,1.5,387500,psxdata,2026-05-11T12:51:00
TELE,2020-10-13,1.58,1.59,1.43,1.44,76500,psxdata,2026-05-11T12:51:00
TELE,2020-10-14,1.5,1.52,1.44,1.46,34000,psxdata,2026-05-11T12:51:00
TELE,2020-10-15,1.52,1.68,1.46,1.52,669000,psxdata,2026-05-11T12:51:00
TELE,2020-10-16,1.52,1.7,1.51,1.67,312500,psxdata,2026-05-11T12:51:00
TELE,2020-10-19,1.66,1.9,1.65,1.75,543500,psxdata,2026-05-11T12:51:00
TELE,2020-10-20,1.75,1.94,1.75,1.85,1866000,psxdata,2026-05-11T12:51:00
TELE,2020-10-21,1.89,1.95,1.86,1.87,1034500,psxdata,2026-05-11T12:51:00
TELE,2020-10-22,1.9,1.9,1.7,1.73,432500,psxdata,2026-05-11T12:51:00
TELE,2020-10-23,1.84,1.84,1.6,1.63,141500,psxdata,2026-05-11T12:51:00
TELE,2020-10-26,1.68,1.77,1.57,1.69,891000,psxdata,2026-05-11T12:51:00
TELE,2020-10-27,1.7,1.78,1.61,1.71,348500,psxdata,2026-05-11T12:51:00
TELE,2020-10-28,1.63,1.85,1.63,1.72,239500,psxdata,2026-05-11T12:51:00
TELE,2020-10-29,1.72,1.72,1.57,1.66,381000,psxdata,2026-05-11T12:51:00
TELE,2020-11-02,1.55,1.63,1.47,1.59,347000,psxdata,2026-05-11T12:51:00
TELE,2020-11-03,1.6,1.65,1.59,1.64,183500,psxdata,2026-05-11T12:51:00
TELE,2020-11-04,1.66,1.79,1.6,1.61,206500,psxdata,2026-05-11T12:51:00
TELE,2020-11-05,1.75,1.75,1.5,1.63,286000,psxdata,2026-05-11T12:51:00
TELE,2020-11-06,1.75,1.79,1.52,1.65,1523500,psxdata,2026-05-11T12:51:00
TELE,2020-11-09,1.65,1.68,1.65,1.65,33000,psxdata,2026-05-11T12:51:00
TELE,2020-11-10,1.69,1.69,1.6,1.64,31500,psxdata,2026-05-11T12:51:00
TELE,2020-11-11,1.66,1.66,1.54,1.59,194000,psxdata,2026-05-11T12:51:00
TELE,2020-11-12,1.58,1.58,1.5,1.53,162000,psxdata,2026-05-11T12:51:00
TELE,2020-11-13,1.59,1.6,1.52,1.53,157000,psxdata,2026-05-11T12:51:00
TELE,2020-11-16,1.53,1.65,1.47,1.51,141500,psxdata,2026-05-11T12:51:00
TELE,2020-11-17,1.57,1.57,1.52,1.52,27000,psxdata,2026-05-11T12:51:00
TELE,2020-11-18,1.52,1.56,1.51,1.56,32000,psxdata,2026-05-11T12:51:00
TELE,2020-11-19,1.55,1.62,1.46,1.58,284000,psxdata,2026-05-11T12:51:00
TELE,2020-11-20,1.56,1.62,1.54,1.57,96000,psxdata,2026-05-11T12:51:00
TELE,2020-11-23,1.55,1.55,1.45,1.47,156000,psxdata,2026-05-11T12:51:00
TELE,2020-11-24,1.55,1.55,1.5,1.54,318500,psxdata,2026-05-11T12:51:00
TELE,2020-11-25,1.54,1.59,1.5,1.54,124500,psxdata,2026-05-11T12:51:00
TELE,2020-11-26,1.63,1.64,1.54,1.6,236500,psxdata,2026-05-11T12:51:00
TELE,2020-11-27,1.63,1.66,1.59,1.6,114500,psxdata,2026-05-11T12:51:00
TELE,2020-11-30,1.57,1.6,1.5,1.59,583500,psxdata,2026-05-11T12:51:00
TELE,2020-12-01,1.59,1.62,1.5,1.59,1233000,psxdata,2026-05-11T12:51:00
TELE,2020-12-02,1.6,1.75,1.6,1.74,431000,psxdata,2026-05-11T12:51:00
TELE,2020-12-03,1.69,1.94,1.69,1.82,1212500,psxdata,2026-05-11T12:51:00
TELE,2020-12-04,1.82,1.93,1.8,1.88,444000,psxdata,2026-05-11T12:51:00
TELE,2020-12-07,1.88,1.91,1.81,1.84,544000,psxdata,2026-05-11T12:51:00
TELE,2020-12-08,1.74,2.11,1.73,2.04,9372500,psxdata,2026-05-11T12:51:00
TELE,2020-12-09,2.15,2.34,2.11,2.15,10334000,psxdata,2026-05-11T12:51:00
TELE,2020-12-10,2.19,2.25,2.0,2.02,2830500,psxdata,2026-05-11T12:51:00
TELE,2020-12-11,2.0,2.15,1.98,2.06,2016000,psxdata,2026-05-11T12:51:00
TELE,2020-12-14,2.05,2.18,2.05,2.12,1918000,psxdata,2026-05-11T12:51:00
TELE,2020-12-15,2.16,2.17,2.05,2.06,1382500,psxdata,2026-05-11T12:51:00
TELE,2020-12-16,2.01,2.1,2.0,2.02,1165500,psxdata,2026-05-11T12:51:00
TELE,2020-12-17,2.01,2.22,1.99,2.19,2454000,psxdata,2026-05-11T12:51:00
TELE,2020-12-18,2.23,2.35,2.11,2.29,4678500,psxdata,2026-05-11T12:51:00
TELE,2020-12-21,2.32,2.43,2.15,2.26,5013000,psxdata,2026-05-11T12:51:00
TELE,2020-12-22,2.35,2.79,2.26,2.48,22305500,psxdata,2026-05-11T12:51:00
TELE,2020-12-23,2.58,2.6,2.34,2.37,3491000,psxdata,2026-05-11T12:51:00
TELE,2020-12-24,2.41,2.49,2.33,2.34,1681500,psxdata,2026-05-11T12:51:00
TELE,2020-12-28,2.33,2.48,2.33,2.39,1327500,psxdata,2026-05-11T12:51:00
TELE,2020-12-29,2.46,2.49,2.27,2.32,905000,psxdata,2026-05-11T12:51:00
TELE,2020-12-30,2.58,2.58,2.33,2.34,1063500,psxdata,2026-05-11T12:51:00
TELE,2020-12-31,2.4,2.78,2.3,2.58,6365000,psxdata,2026-05-11T12:51:00
TELE,2021-01-01,2.6,2.69,2.45,2.49,709000,psxdata,2026-05-11T12:51:00
TELE,2021-01-04,2.5,2.6,2.44,2.49,1085000,psxdata,2026-05-11T12:51:00
TELE,2021-01-05,2.49,2.59,2.45,2.5,658500,psxdata,2026-05-11T12:51:00
TELE,2021-01-06,2.51,2.59,2.47,2.51,855500,psxdata,2026-05-11T12:51:00
TELE,2021-01-07,2.51,2.53,2.44,2.49,610500,psxdata,2026-05-11T12:51:00
TELE,2021-01-08,2.38,2.53,2.38,2.5,1532000,psxdata,2026-05-11T12:51:00
TELE,2021-01-11,2.41,2.52,2.35,2.39,1234000,psxdata,2026-05-11T12:51:00
TELE,2021-01-12,2.4,2.49,2.35,2.47,606500,psxdata,2026-05-11T12:51:00
TELE,2021-01-13,2.51,2.73,2.49,2.54,4176500,psxdata,2026-05-11T12:51:00
TELE,2021-01-14,2.59,2.59,2.47,2.48,1450000,psxdata,2026-05-11T12:51:00
TELE,2021-01-15,2.53,2.83,2.52,2.64,5418000,psxdata,2026-05-11T12:51:00
TELE,2021-01-18,2.71,2.9,2.67,2.82,5356000,psxdata,2026-05-11T12:51:00
TELE,2021-01-19,2.99,3.14,2.8,2.9,14695000,psxdata,2026-05-11T12:51:00
TELE,2021-01-20,3.0,3.05,2.77,3.0,6122000,psxdata,2026-05-11T12:51:00
TELE,2021-01-21,3.03,3.2,3.03,3.06,4675000,psxdata,2026-05-11T12:51:00
TELE,2021-01-22,3.06,3.15,2.87,2.89,3408000,psxdata,2026-05-11T12:51:00
TELE,2021-01-25,3.06,3.06,2.82,2.84,1560000,psxdata,2026-05-11T12:51:00
TELE,2021-01-26,2.9,2.94,2.69,2.71,2332500,psxdata,2026-05-11T12:51:00
TELE,2021-01-27,2.78,2.78,2.65,2.69,1843500,psxdata,2026-05-11T12:51:00
TELE,2021-01-28,2.74,2.9,2.65,2.84,3020500,psxdata,2026-05-11T12:51:00
TELE,2021-01-29,2.9,2.96,2.85,2.9,1836000,psxdata,2026-05-11T12:51:00
TELE,2021-02-01,2.93,3.82,2.93,3.52,21895000,psxdata,2026-05-11T12:51:00
TELE,2021-02-02,3.59,4.06,3.59,3.95,20942000,psxdata,2026-05-11T12:51:00
TELE,2021-02-03,4.17,4.28,3.95,4.01,12960500,psxdata,2026-05-11T12:51:00
TELE,2021-02-04,4.06,4.09,3.83,3.89,4433000,psxdata,2026-05-11T12:51:00
TELE,2021-02-08,3.91,4.89,3.91,4.89,35630500,psxdata,2026-05-11T12:51:00
TELE,2021-02-09,5.26,5.89,5.15,5.89,62859000,psxdata,2026-05-11T12:51:00
TELE,2021-02-10,6.25,6.89,6.19,6.89,41703500,psxdata,2026-05-11T12:51:00
TELE,2021-02-11,7.4,7.89,5.9,6.08,97499000,psxdata,2026-05-11T12:51:00
TELE,2021-02-12,5.98,6.14,5.22,5.63,37856500,psxdata,2026-05-11T12:51:00
TELE,2021-02-15,5.69,6.63,5.63,6.63,28704000,psxdata,2026-05-11T12:51:00
TELE,2021-02-16,7.12,7.63,6.9,7.63,55446000,psxdata,2026-05-11T12:51:00
TELE,2021-02-17,8.11,8.54,7.5,7.76,76131000,psxdata,2026-05-11T12:51:00
TELE,2021-02-18,7.97,8.45,7.76,8.28,34348500,psxdata,2026-05-11T12:51:00
TELE,2021-02-19,8.39,8.63,7.85,8.26,33257500,psxdata,2026-05-11T12:51:00
TELE,2021-02-22,8.35,8.39,7.9,8.15,17757000,psxdata,2026-05-11T12:51:00
TELE,2021-02-23,8.08,8.1,7.18,7.5,14869000,psxdata,2026-05-11T12:51:00
TELE,2021-02-24,7.5,7.6,6.7,6.88,14925000,psxdata,2026-05-11T12:51:00
TELE,2021-02-25,6.99,7.88,6.9,7.88,36199000,psxdata,2026-05-11T12:51:00
TELE,2021-02-26,8.15,8.62,7.69,7.91,36667000,psxdata,2026-05-11T12:51:00
TELE,2021-03-01,8.06,8.06,7.5,7.57,9147000,psxdata,2026-05-11T12:51:00
TELE,2021-03-02,7.65,8.08,7.45,7.74,10360000,psxdata,2026-05-11T12:51:00
TELE,2021-03-03,7.68,7.88,7.5,7.54,4431000,psxdata,2026-05-11T12:51:00
TELE,2021-03-04,7.0,7.6,6.75,7.07,11175500,psxdata,2026-05-11T12:51:00
TELE,2021-03-05,7.14,7.43,7.09,7.27,8109000,psxdata,2026-05-11T12:51:00
TELE,2021-03-08,7.5,7.94,7.2,7.39,16366500,psxdata,2026-05-11T12:51:00
TELE,2021-03-09,7.41,7.5,6.7,6.93,10585000,psxdata,2026-05-11T12:51:00
TELE,2021-03-10,7.05,7.05,6.5,6.59,5577000,psxdata,2026-05-11T12:51:00
TELE,2021-03-11,6.55,6.55,5.59,5.59,11864500,psxdata,2026-05-11T12:51:00
TELE,2021-03-12,5.41,6.54,4.9,6.35,16917000,psxdata,2026-05-11T12:51:00
TELE,2021-03-15,6.8,7.35,6.72,7.35,15543500,psxdata,2026-05-11T12:51:00
TELE,2021-03-16,7.68,8.15,7.33,7.93,35608000,psxdata,2026-05-11T12:51:00
TELE,2021-03-17,8.21,8.39,8.01,8.11,23289000,psxdata,2026-05-11T12:51:00
TELE,2021-03-18,8.06,8.1,7.18,7.38,14479500,psxdata,2026-05-11T12:51:00
TELE,2021-03-19,7.35,8.05,7.2,7.76,15335500,psxdata,2026-05-11T12:51:00
TELE,2021-03-22,7.69,7.75,7.36,7.45,6852500,psxdata,2026-05-11T12:51:00
TELE,2021-03-24,7.44,7.83,7.32,7.77,11285000,psxdata,2026-05-11T12:51:00
TELE,2021-03-25,7.88,8.07,7.5,7.58,11160500,psxdata,2026-05-11T12:51:00
TELE,2021-03-26,7.6,7.64,7.4,7.44,4775000,psxdata,2026-05-11T12:51:00
TELE,2021-03-29,7.5,7.5,6.44,6.54,8551000,psxdata,2026-05-11T12:51:00
TELE,2021-03-30,6.25,6.99,6.11,6.74,7716500,psxdata,2026-05-11T12:51:00
TELE,2021-03-31,7.0,7.15,6.41,6.79,6852500,psxdata,2026-05-11T12:51:00
TELE,2021-04-01,6.74,6.97,6.3,6.49,6464000,psxdata,2026-05-11T12:51:00
TELE,2021-04-02,6.64,6.64,6.3,6.45,2928000,psxdata,2026-05-11T12:51:00
TELE,2021-04-05,6.5,6.7,6.08,6.13,4970500,psxdata,2026-05-11T12:51:00
TELE,2021-04-06,6.28,7.13,6.2,7.09,13646500,psxdata,2026-05-11T12:51:00
TELE,2021-04-07,7.22,7.39,6.75,6.91,14813500,psxdata,2026-05-11T12:51:00
TELE,2021-04-08,6.94,7.79,6.94,7.7,20312500,psxdata,2026-05-11T12:51:00
TELE,2021-04-09,7.89,8.7,7.61,8.45,60213000,psxdata,2026-05-11T12:51:00
TELE,2021-04-12,8.64,9.45,8.46,9.45,38528000,psxdata,2026-05-11T12:51:00
TELE,2021-04-13,9.88,10.45,9.88,10.45,18666500,psxdata,2026-05-11T12:51:00
TELE,2021-04-14,11.45,11.45,11.45,11.45,1123000,psxdata,2026-05-11T12:51:00
TELE,2021-04-15,12.45,12.45,11.39,12.37,73577000,psxdata,2026-05-11T12:51:00
TELE,2021-04-16,12.5,12.88,12.31,12.61,21447000,psxdata,2026-05-11T12:51:00
TELE,2021-04-19,12.25,12.49,11.8,11.87,16525500,psxdata,2026-05-11T12:51:00
TELE,2021-04-20,12.15,12.87,12.12,12.87,13528500,psxdata,2026-05-11T12:51:00
TELE,2021-04-21,13.87,13.87,13.31,13.87,16091000,psxdata,2026-05-11T12:51:00
TELE,2021-04-22,14.11,14.91,14.11,14.91,11774500,psxdata,2026-05-11T12:51:00
TELE,2021-04-23,15.75,16.02,15.5,16.02,6362000,psxdata,2026-05-11T12:51:00
TELE,2021-04-26,17.22,17.22,14.82,14.99,55047000,psxdata,2026-05-11T12:51:00
TELE,2021-04-27,14.2,16.1,14.01,15.31,48151500,psxdata,2026-05-11T12:51:00
TELE,2021-04-28,16.06,16.45,15.8,16.34,29326500,psxdata,2026-05-11T12:51:00
TELE,2021-04-29,16.5,17.0,15.5,15.78,19564500,psxdata,2026-05-11T12:51:00
TELE,2021-04-30,16.15,16.61,14.6,14.78,22859000,psxdata,2026-05-11T12:51:00
TELE,2021-05-03,14.15,14.75,13.68,13.75,25354500,psxdata,2026-05-11T12:51:00
TELE,2021-05-04,13.36,14.78,13.25,14.75,26289000,psxdata,2026-05-11T12:51:00
TELE,2021-05-05,15.42,15.85,15.31,15.58,32751000,psxdata,2026-05-11T12:51:00
TELE,2021-05-06,15.81,15.85,15.2,15.54,12799500,psxdata,2026-05-11T12:51:00
TELE,2021-05-17,15.85,16.7,15.54,16.7,21678500,psxdata,2026-05-11T12:51:00
TELE,2021-05-18,17.15,17.95,16.7,17.54,49090500,psxdata,2026-05-11T12:51:00
TELE,2021-05-19,17.35,17.6,16.6,16.82,29290500,psxdata,2026-05-11T12:51:00
TELE,2021-05-20,16.69,17.4,16.62,16.86,13985000,psxdata,2026-05-11T12:51:00
TELE,2021-05-21,16.8,17.22,16.4,16.49,8803000,psxdata,2026-05-11T12:51:00
TELE,2021-05-24,16.65,17.08,16.06,16.31,18260000,psxdata,2026-05-11T12:51:00
TELE,2021-05-25,16.4,17.53,16.3,17.53,37675000,psxdata,2026-05-11T12:51:00
TELE,2021-05-26,18.5,18.84,18.1,18.84,25941000,psxdata,2026-05-11T12:51:00
TELE,2021-05-27,19.01,19.49,17.95,18.21,56218000,psxdata,2026-05-11T12:51:00
TELE,2021-05-28,18.3,18.5,17.71,17.8,13385500,psxdata,2026-05-11T12:51:00
TELE,2021-05-31,18.1,18.85,17.9,18.05,19821000,psxdata,2026-05-11T12:51:00
TELE,2021-06-01,18.25,18.3,17.82,17.89,12988500,psxdata,2026-05-11T12:51:00
TELE,2021-06-02,18.05,18.05,17.5,17.54,10092000,psxdata,2026-05-11T12:51:00
TELE,2021-06-03,17.52,18.13,17.4,17.56,14492000,psxdata,2026-05-11T12:51:00
TELE,2021-06-04,17.69,17.88,17.25,17.39,8746000,psxdata,2026-05-11T12:51:00
TELE,2021-06-07,17.5,18.49,17.4,17.97,31007000,psxdata,2026-05-11T12:51:00
TELE,2021-06-08,18.02,18.15,17.1,17.33,8497000,psxdata,2026-05-11T12:51:00
TELE,2021-06-09,17.36,17.8,17.05,17.12,13599500,psxdata,2026-05-11T12:51:00
TELE,2021-06-10,17.29,17.58,16.93,17.09,17414500,psxdata,2026-05-11T12:51:00
TELE,2021-06-11,17.2,17.73,17.16,17.23,14974000,psxdata,2026-05-11T12:51:00
TELE,2021-06-14,17.4,17.65,16.69,16.85,15269500,psxdata,2026-05-11T12:51:00
TELE,2021-06-15,16.8,16.85,16.16,16.28,12390500,psxdata,2026-05-11T12:51:00
TELE,2021-06-16,16.45,16.62,16.0,16.15,7277000,psxdata,2026-05-11T12:51:00
TELE,2021-06-17,16.14,17.15,16.02,16.38,18457000,psxdata,2026-05-11T12:51:00
TELE,2021-06-18,16.4,16.72,16.2,16.34,5726500,psxdata,2026-05-11T12:51:00
TELE,2021-06-21,16.29,16.49,15.7,15.92,6402000,psxdata,2026-05-11T12:51:00
TELE,2021-06-22,15.8,16.0,15.0,15.23,10116500,psxdata,2026-05-11T12:51:00
TELE,2021-06-23,15.14,16.13,15.14,15.63,9964000,psxdata,2026-05-11T12:51:00
TELE,2021-06-24,15.67,15.8,14.86,14.98,11358500,psxdata,2026-05-11T12:51:00
TELE,2021-06-25,14.9,15.6,14.7,15.01,10461500,psxdata,2026-05-11T12:51:00
TELE,2021-06-28,15.01,15.42,14.5,14.67,7960500,psxdata,2026-05-11T12:51:00
TELE,2021-06-29,14.82,15.28,14.75,14.86,5948500,psxdata,2026-05-11T12:51:00
TELE,2021-06-30,15.05,15.15,14.8,14.84,3241500,psxdata,2026-05-11T12:51:00
TELE,2021-07-01,15.0,15.95,14.84,15.95,21367500,psxdata,2026-05-11T12:51:00
TELE,2021-07-02,16.25,16.6,15.51,15.68,18272500,psxdata,2026-05-11T12:51:00
TELE,2021-07-05,15.7,15.75,14.95,15.01,6202500,psxdata,2026-05-11T12:51:00
TELE,2021-07-06,14.95,15.2,14.5,14.62,4210000,psxdata,2026-05-11T12:51:00
TELE,2021-07-07,14.62,15.39,14.2,15.03,5381000,psxdata,2026-05-11T12:51:00
TELE,2021-07-08,15.3,15.6,14.91,15.25,6956000,psxdata,2026-05-11T12:51:00
TELE,2021-07-09,15.25,15.7,15.0,15.18,6688000,psxdata,2026-05-11T12:51:00
TELE,2021-07-12,15.28,15.3,14.75,14.81,3851500,psxdata,2026-05-11T12:51:00
TELE,2021-07-13,14.85,15.61,14.8,15.17,14407000,psxdata,2026-05-11T12:51:00
TELE,2021-07-14,15.2,15.4,14.75,14.83,5024000,psxdata,2026-05-11T12:51:00
TELE,2021-07-15,14.8,15.18,14.8,14.88,3308000,psxdata,2026-05-11T12:51:00
TELE,2021-07-16,14.81,15.18,14.81,14.9,2358000,psxdata,2026-05-11T12:51:00
TELE,2021-07-19,15.0,15.07,14.75,14.8,2326000,psxdata,2026-05-11T12:51:00
TELE,2021-07-23,14.85,14.97,14.7,14.73,1434000,psxdata,2026-05-11T12:51:00
TELE,2021-07-26,14.75,15.83,14.75,15.72,45078000,psxdata,2026-05-11T12:51:00
TELE,2021-07-27,15.69,15.79,14.98,15.07,12908500,psxdata,2026-05-11T12:51:00
TELE,2021-07-28,15.14,15.65,14.7,14.86,13225000,psxdata,2026-05-11T12:51:00
TELE,2021-07-29,15.01,15.2,14.51,15.07,8083000,psxdata,2026-05-11T12:51:00
TELE,2021-07-30,15.26,16.1,15.02,15.52,24594000,psxdata,2026-05-11T12:51:00
TELE,2021-08-02,15.7,16.09,15.61,15.86,11582000,psxdata,2026-05-11T12:51:00
TELE,2021-08-03,15.99,17.04,15.81,17.04,29471500,psxdata,2026-05-11T12:51:00
TELE,2021-08-04,17.47,18.26,17.13,17.85,58179000,psxdata,2026-05-11T12:51:00
TELE,2021-08-05,18.05,18.6,17.8,18.14,35645000,psxdata,2026-05-11T12:51:00
TELE,2021-08-06,18.14,18.36,17.28,17.36,15317000,psxdata,2026-05-11T12:51:00
TELE,2021-08-09,17.4,17.71,16.3,16.43,13608000,psxdata,2026-05-11T12:51:00
TELE,2021-08-10,16.52,17.66,15.8,17.41,29441000,psxdata,2026-05-11T12:51:00
TELE,2021-08-11,17.88,17.99,16.95,17.27,19783500,psxdata,2026-05-11T12:51:00
TELE,2021-08-12,17.31,17.45,16.9,17.02,9211500,psxdata,2026-05-11T12:51:00
TELE,2021-08-13,17.1,17.25,16.83,17.11,8116000,psxdata,2026-05-11T12:51:00
TELE,2021-08-16,17.0,17.74,16.76,17.29,19384500,psxdata,2026-05-11T12:51:00
TELE,2021-08-17,17.6,17.74,17.36,17.55,10865000,psxdata,2026-05-11T12:51:00
TELE,2021-08-20,17.7,17.8,17.41,17.55,8942000,psxdata,2026-05-11T12:51:00
TELE,2021-08-23,17.55,17.66,17.26,17.33,8452000,psxdata,2026-05-11T12:51:00
TELE,2021-08-24,17.35,18.17,17.35,17.88,30990500,psxdata,2026-05-11T12:51:00
TELE,2021-08-25,18.04,18.08,17.47,17.56,8469500,psxdata,2026-05-11T12:51:00
TELE,2021-08-26,17.56,17.64,16.9,16.97,8352000,psxdata,2026-05-11T12:51:00
TELE,2021-08-27,17.0,17.6,16.97,17.49,13208500,psxdata,2026-05-11T12:51:00
TELE,2021-08-30,17.65,18.8,17.6,18.8,18003000,psxdata,2026-05-11T12:51:00
TELE,2021-08-31,19.88,20.2,19.17,19.46,41617500,psxdata,2026-05-11T12:51:00
TELE,2021-09-01,19.51,20.91,19.1,20.83,45134500,psxdata,2026-05-11T12:51:00
TELE,2021-09-02,21.15,21.2,20.3,20.54,33678000,psxdata,2026-05-11T12:51:00
TELE,2021-09-03,20.5,22.08,20.35,21.92,37935000,psxdata,2026-05-11T12:51:00
TELE,2021-09-06,21.94,22.55,21.42,21.83,31014000,psxdata,2026-05-11T12:51:00
TELE,2021-09-07,22.0,22.18,20.9,21.57,20393500,psxdata,2026-05-11T12:51:00
TELE,2021-09-08,22.15,23.18,22.15,23.11,37429000,psxdata,2026-05-11T12:51:00
TELE,2021-09-09,23.29,24.1,22.41,22.97,41117500,psxdata,2026-05-11T12:51:00
TELE,2021-09-10,22.89,23.7,22.7,23.45,24439500,psxdata,2026-05-11T12:51:00
TELE,2021-09-13,23.65,24.44,23.65,23.88,28384500,psxdata,2026-05-11T12:51:00
TELE,2021-09-14,23.89,25.1,23.25,24.36,51432000,psxdata,2026-05-11T12:51:00
TELE,2021-09-15,24.41,24.65,22.66,23.17,28258000,psxdata,2026-05-11T12:51:00
TELE,2021-09-16,23.15,23.6,22.52,22.75,19771000,psxdata,2026-05-11T12:51:00
TELE,2021-09-17,22.85,23.19,21.9,22.05,18065500,psxdata,2026-05-11T12:51:00
TELE,2021-09-20,22.0,22.22,21.37,22.01,19855500,psxdata,2026-05-11T12:51:00
TELE,2021-09-21,22.3,23.1,21.91,22.06,28116500,psxdata,2026-05-11T12:51:00
TELE,2021-09-22,22.05,22.25,20.41,20.42,26767500,psxdata,2026-05-11T12:51:00
TELE,2021-09-23,20.42,20.42,18.89,18.89,23400000,psxdata,2026-05-11T12:51:00
TELE,2021-09-24,17.75,18.0,17.48,17.48,4564000,psxdata,2026-05-11T12:51:00
TELE,2021-09-27,16.17,16.17,16.17,16.17,628000,psxdata,2026-05-11T12:51:00
TELE,2021-09-28,14.96,17.38,14.96,17.38,35843500,psxdata,2026-05-11T12:51:00
TELE,2021-09-29,18.0,18.62,16.52,17.33,52426500,psxdata,2026-05-11T12:51:00
TELE,2021-09-30,17.3,17.85,16.71,17.54,18525000,psxdata,2026-05-11T12:51:00
TELE,2021-10-01,17.7,18.18,17.62,17.99,12694500,psxdata,2026-05-11T12:51:00
TELE,2021-10-04,18.05,19.33,17.64,19.19,25662000,psxdata,2026-05-11T12:51:00
TELE,2021-10-05,19.5,20.45,19.15,19.95,30365000,psxdata,2026-05-11T12:51:00
TELE,2021-10-06,19.8,20.0,18.46,18.6,20151500,psxdata,2026-05-11T12:51:00
TELE,2021-10-07,18.65,19.99,18.15,19.26,36993000,psxdata,2026-05-11T12:51:00
TELE,2021-10-08,19.4,19.48,18.44,18.67,14159500,psxdata,2026-05-11T12:51:00
TELE,2021-10-11,18.72,18.72,17.27,17.27,13891000,psxdata,2026-05-11T12:51:00
TELE,2021-10-12,16.95,17.38,15.98,16.55,27580000,psxdata,2026-05-11T12:51:00
TELE,2021-10-13,16.5,16.9,15.31,15.39,17011000,psxdata,2026-05-11T12:51:00
TELE,2021-10-14,15.11,16.54,15.06,16.54,18987500,psxdata,2026-05-11T12:51:00
TELE,2021-10-15,16.75,16.98,16.1,16.48,11564500,psxdata,2026-05-11T12:51:00
TELE,2021-10-18,15.97,16.7,15.51,16.35,8608000,psxdata,2026-05-11T12:51:00
TELE,2021-10-20,16.12,16.73,15.57,16.73,15593500,psxdata,2026-05-11T12:51:00
TELE,2021-10-21,17.14,17.89,17.01,17.13,24332000,psxdata,2026-05-11T12:51:00
TELE,2021-10-22,17.15,17.2,16.1,16.6,11116000,psxdata,2026-05-11T12:51:00
TELE,2021-10-25,17.0,17.0,16.3,16.35,2733000,psxdata,2026-05-11T12:51:00
TELE,2021-10-26,16.49,17.25,16.48,16.61,7346000,psxdata,2026-05-11T12:51:00
TELE,2021-10-27,17.16,17.25,16.74,16.82,6878500,psxdata,2026-05-11T12:51:00
TELE,2021-10-28,16.8,16.95,16.54,16.84,5854000,psxdata,2026-05-11T12:51:00
TELE,2021-10-29,16.98,17.09,16.49,16.69,4211000,psxdata,2026-05-11T12:51:00
TELE,2021-11-01,17.12,17.6,16.75,17.12,15166000,psxdata,2026-05-11T12:51:00
TELE,2021-11-02,17.25,17.64,17.02,17.11,14414500,psxdata,2026-05-11T12:51:00
TELE,2021-11-03,17.3,17.5,17.14,17.22,10912000,psxdata,2026-05-11T12:51:00
TELE,2021-11-04,17.4,18.36,17.25,18.2,26590500,psxdata,2026-05-11T12:51:00
TELE,2021-11-05,18.3,18.85,17.96,18.63,24221000,psxdata,2026-05-11T12:51:00
TELE,2021-11-08,18.84,19.87,18.8,19.02,30086500,psxdata,2026-05-11T12:51:00
TELE,2021-11-09,19.1,19.45,17.6,19.0,33505500,psxdata,2026-05-11T12:51:00
TELE,2021-11-10,19.2,19.65,18.75,19.31,20984500,psxdata,2026-05-11T12:51:00
TELE,2021-11-11,19.4,19.62,18.75,18.97,14298000,psxdata,2026-05-11T12:51:00
TELE,2021-11-12,19.0,19.15,18.44,18.51,8076500,psxdata,2026-05-11T12:51:00
TELE,2021-11-15,18.68,18.78,18.1,18.24,6937000,psxdata,2026-05-11T12:51:00
TELE,2021-11-16,18.35,19.18,18.35,19.05,10261000,psxdata,2026-05-11T12:51:00
TELE,2021-11-17,19.1,19.1,17.79,18.28,8443000,psxdata,2026-05-11T12:51:00
TELE,2021-11-18,18.25,18.35,17.05,17.58,8320500,psxdata,2026-05-11T12:51:00
TELE,2021-11-19,17.7,18.16,17.5,17.83,7124500,psxdata,2026-05-11T12:51:00
TELE,2021-11-22,17.56,18.38,17.43,18.15,9907000,psxdata,2026-05-11T12:51:00
TELE,2021-11-23,18.4,18.68,17.18,17.34,8146000,psxdata,2026-05-11T12:51:00
TELE,2021-11-24,17.15,17.4,16.25,16.7,15433000,psxdata,2026-05-11T12:51:00
TELE,2021-11-25,16.7,17.1,16.6,16.8,3562000,psxdata,2026-05-11T12:51:00
TELE,2021-11-26,16.73,17.14,16.03,16.44,9237500,psxdata,2026-05-11T12:51:00
TELE,2021-11-29,16.13,16.97,16.1,16.76,8356000,psxdata,2026-05-11T12:51:00
TELE,2021-11-30,16.95,17.5,16.85,17.09,11682000,psxdata,2026-05-11T12:51:00
TELE,2021-12-01,17.2,17.3,16.9,17.01,3851500,psxdata,2026-05-11T12:51:00
TELE,2021-12-02,17.05,17.05,15.74,15.74,6921500,psxdata,2026-05-11T12:51:00
TELE,2021-12-03,15.01,15.59,14.56,14.81,9357500,psxdata,2026-05-11T12:51:00
TELE,2021-12-06,15.0,15.01,13.7,13.91,12574500,psxdata,2026-05-11T12:51:00
TELE,2021-12-07,14.0,14.95,13.16,14.7,27004500,psxdata,2026-05-11T12:51:00
TELE,2021-12-08,14.95,15.72,14.53,15.57,21823000,psxdata,2026-05-11T12:51:00
TELE,2021-12-09,15.59,15.69,14.55,14.81,13277000,psxdata,2026-05-11T12:51:00
TELE,2021-12-10,14.79,14.79,14.0,14.2,4610000,psxdata,2026-05-11T12:51:00
TELE,2021-12-13,14.2,14.2,13.14,13.14,4104500,psxdata,2026-05-11T12:51:00
TELE,2021-12-14,12.96,13.9,12.45,13.75,11811500,psxdata,2026-05-11T12:51:00
TELE,2021-12-15,14.2,14.78,14.11,14.78,9330500,psxdata,2026-05-11T12:51:00
TELE,2021-12-16,14.75,15.88,14.6,15.75,30929000,psxdata,2026-05-11T12:51:00
TELE,2021-12-17,15.85,16.35,15.54,15.65,17473500,psxdata,2026-05-11T12:51:00
TELE,2021-12-20,15.9,16.38,15.55,16.24,12671000,psxdata,2026-05-11T12:51:00
TELE,2021-12-21,16.44,16.46,15.72,15.83,10196500,psxdata,2026-05-11T12:51:00
TELE,2021-12-22,15.7,15.93,15.6,15.77,2809000,psxdata,2026-05-11T12:51:00
TELE,2021-12-23,15.77,16.18,15.71,15.94,4839000,psxdata,2026-05-11T12:51:00
TELE,2021-12-24,16.0,16.47,15.8,15.95,9692000,psxdata,2026-05-11T12:51:00
TELE,2021-12-27,15.97,15.97,15.1,15.31,4034000,psxdata,2026-05-11T12:51:00
TELE,2021-12-28,15.22,15.7,15.21,15.59,3491500,psxdata,2026-05-11T12:51:00
TELE,2021-12-29,15.75,16.2,15.51,16.02,6032500,psxdata,2026-05-11T12:51:00
TELE,2021-12-30,16.24,16.49,16.03,16.1,9695500,psxdata,2026-05-11T12:51:00
TELE,2021-12-31,16.01,16.19,15.8,15.85,4199500,psxdata,2026-05-11T12:51:00
TELE,2022-01-03,15.94,16.34,15.85,16.21,5469000,psxdata,2026-05-11T12:51:00
TELE,2022-01-04,16.35,17.4,16.35,17.31,20988000,psxdata,2026-05-11T12:51:00
TELE,2022-01-05,17.41,18.32,17.26,17.96,23802500,psxdata,2026-05-11T12:51:00
TELE,2022-01-06,18.0,18.0,17.1,17.26,15201000,psxdata,2026-05-11T12:51:00
TELE,2022-01-07,17.26,18.55,17.21,18.43,26149000,psxdata,2026-05-11T12:51:00
TELE,2022-01-10,18.43,18.72,18.1,18.31,20745500,psxdata,2026-05-11T12:51:00
TELE,2022-01-11,18.4,18.63,18.05,18.51,13081500,psxdata,2026-05-11T12:51:00
TELE,2022-01-12,18.71,19.08,18.53,18.64,19460500,psxdata,2026-05-11T12:51:00
TELE,2022-01-13,18.7,18.7,18.21,18.46,5123000,psxdata,2026-05-11T12:51:00
TELE,2022-01-14,18.58,18.9,18.04,18.14,9391500,psxdata,2026-05-11T12:51:00
TELE,2022-01-17,18.1,18.1,17.22,17.63,6285500,psxdata,2026-05-11T12:51:00
TELE,2022-01-18,17.63,18.34,17.63,18.11,7820500,psxdata,2026-05-11T12:51:00
TELE,2022-01-19,18.16,18.58,17.11,17.23,18792500,psxdata,2026-05-11T12:51:00
TELE,2022-01-20,17.44,17.99,16.63,17.8,16244500,psxdata,2026-05-11T12:51:00
TELE,2022-01-21,17.91,18.14,17.68,17.77,6104500,psxdata,2026-05-11T12:51:00
TELE,2022-01-24,17.66,17.84,17.26,17.42,3665500,psxdata,2026-05-11T12:51:00
TELE,2022-01-25,17.84,17.98,17.26,17.36,5286500,psxdata,2026-05-11T12:51:00
TELE,2022-01-26,17.4,17.5,16.91,17.32,4277000,psxdata,2026-05-11T12:51:00
TELE,2022-01-27,17.44,17.55,17.05,17.21,2795000,psxdata,2026-05-11T12:51:00
TELE,2022-01-28,17.2,17.69,17.06,17.44,9988500,psxdata,2026-05-11T12:51:00
TELE,2022-01-31,17.61,17.85,17.37,17.6,8521000,psxdata,2026-05-11T12:51:00
TELE,2022-02-01,17.68,18.0,17.54,17.65,10206000,psxdata,2026-05-11T12:51:00
TELE,2022-02-02,17.8,18.5,17.59,18.42,28283500,psxdata,2026-05-11T12:51:00
TELE,2022-02-03,18.7,18.8,17.12,17.45,20302000,psxdata,2026-05-11T12:51:00
TELE,2022-02-04,17.3,17.89,17.15,17.71,9685500,psxdata,2026-05-11T12:51:00
TELE,2022-02-07,17.76,17.98,17.35,17.43,5265064,psxdata,2026-05-11T12:51:00
TELE,2022-02-08,17.4,17.7,17.28,17.41,5222133,psxdata,2026-05-11T12:51:00
TELE,2022-02-09,17.5,18.0,17.42,17.84,9025115,psxdata,2026-05-11T12:51:00
TELE,2022-02-10,18.15,18.58,17.4,17.51,45410917,psxdata,2026-05-11T12:51:00
TELE,2022-02-11,17.49,17.65,17.31,17.37,6816545,psxdata,2026-05-11T12:51:00
TELE,2022-02-14,17.25,17.25,16.1,16.32,9877356,psxdata,2026-05-11T12:51:00
TELE,2022-02-15,16.26,17.11,16.01,16.86,10111278,psxdata,2026-05-11T12:51:00
TELE,2022-02-16,16.95,17.1,16.61,16.78,4152397,psxdata,2026-05-11T12:51:00
TELE,2022-02-17,16.83,16.98,15.6,16.1,10467582,psxdata,2026-05-11T12:51:00
TELE,2022-02-18,16.3,16.33,15.6,15.99,11100911,psxdata,2026-05-11T12:51:00
TELE,2022-02-21,16.01,16.01,15.7,15.83,3782993,psxdata,2026-05-11T12:51:00
TELE,2022-02-22,15.55,15.55,14.65,14.75,12900600,psxdata,2026-05-11T12:51:00
TELE,2022-02-23,15.1,15.44,14.7,15.34,12292564,psxdata,2026-05-11T12:51:00
TELE,2022-02-24,14.7,14.7,14.19,14.19,8179711,psxdata,2026-05-11T12:51:00
TELE,2022-02-25,14.0,14.37,13.7,13.85,11097586,psxdata,2026-05-11T12:51:00
TELE,2022-02-28,13.72,14.48,13.25,14.37,8359003,psxdata,2026-05-11T12:51:00
TELE,2022-03-01,14.68,15.24,14.42,14.96,17211418,psxdata,2026-05-11T12:51:00
TELE,2022-03-02,14.5,14.9,14.2,14.66,15118539,psxdata,2026-05-11T12:51:00
TELE,2022-03-03,14.62,14.79,14.25,14.31,7293324,psxdata,2026-05-11T12:51:00
TELE,2022-03-04,14.41,14.5,13.88,14.0,4052720,psxdata,2026-05-11T12:51:00
TELE,2022-03-07,13.8,13.8,12.95,12.95,9028223,psxdata,2026-05-11T12:51:00
TELE,2022-03-08,12.61,12.82,11.95,12.0,11203561,psxdata,2026-05-11T12:51:00
TELE,2022-03-09,12.0,12.4,11.15,11.57,10753529,psxdata,2026-05-11T12:51:00
TELE,2022-03-10,12.1,12.25,11.7,11.96,5824353,psxdata,2026-05-11T12:51:00
TELE,2022-03-11,11.85,11.85,11.26,11.37,5133877,psxdata,2026-05-11T12:51:00
TELE,2022-03-14,11.3,11.3,10.37,10.41,6309738,psxdata,2026-05-11T12:51:00
TELE,2022-03-15,10.2,11.41,9.91,11.36,19565096,psxdata,2026-05-11T12:51:00
TELE,2022-03-16,11.59,11.67,11.03,11.16,8754460,psxdata,2026-05-11T12:51:00
TELE,2022-03-17,11.37,11.4,10.8,10.84,4741564,psxdata,2026-05-11T12:51:00
TELE,2022-03-18,10.45,10.84,9.93,10.0,7183381,psxdata,2026-05-11T12:51:00
TELE,2022-03-21,10.08,10.15,9.8,9.88,2705619,psxdata,2026-05-11T12:51:00
TELE,2022-03-22,9.91,10.48,9.81,10.1,6342198,psxdata,2026-05-11T12:51:00
TELE,2022-03-24,10.05,10.59,9.88,10.39,9403840,psxdata,2026-05-11T12:51:00
TELE,2022-03-25,10.39,10.7,10.21,10.45,7680869,psxdata,2026-05-11T12:51:00
TELE,2022-03-28,10.32,11.45,10.21,11.17,13112115,psxdata,2026-05-11T12:51:00
TELE,2022-03-29,11.9,12.17,11.8,12.17,5502274,psxdata,2026-05-11T12:51:00
TELE,2022-03-30,13.17,13.17,12.62,13.17,14879756,psxdata,2026-05-11T12:51:00
TELE,2022-03-31,13.69,14.17,13.3,14.17,27292127,psxdata,2026-05-11T12:51:00
TELE,2022-04-01,14.4,15.1,13.8,14.43,35432010,psxdata,2026-05-11T12:51:00
TELE,2022-04-04,13.61,14.43,13.45,13.86,17396535,psxdata,2026-05-11T12:51:00
TELE,2022-04-05,13.86,14.4,13.86,14.21,12908821,psxdata,2026-05-11T12:51:00
TELE,2022-04-06,14.33,14.72,14.33,14.55,11966834,psxdata,2026-05-11T12:51:00
TELE,2022-04-07,14.75,14.8,14.32,14.45,7458965,psxdata,2026-05-11T12:51:00
TELE,2022-04-08,14.6,15.3,14.5,15.1,19721010,psxdata,2026-05-11T12:51:00
TELE,2022-04-11,15.7,16.23,15.65,16.23,10899091,psxdata,2026-05-11T12:51:00
TELE,2022-04-12,16.9,17.3,16.26,16.96,32652000,psxdata,2026-05-11T12:51:00
TELE,2022-04-13,17.0,17.2,15.69,16.01,24940000,psxdata,2026-05-11T12:51:00
TELE,2022-04-14,15.49,15.85,14.86,15.62,32971000,psxdata,2026-05-11T12:51:00
TELE,2022-04-15,15.71,15.85,15.01,15.06,9650500,psxdata,2026-05-11T12:51:00
TELE,2022-04-18,15.08,15.35,14.6,14.89,7806000,psxdata,2026-05-11T12:51:00
TELE,2022-04-19,14.85,15.34,14.61,14.8,10870500,psxdata,2026-05-11T12:51:00
TELE,2022-04-20,14.8,15.08,14.21,14.93,10584500,psxdata,2026-05-11T12:51:00
TELE,2022-04-21,14.93,15.13,14.5,14.76,5727000,psxdata,2026-05-11T12:51:00
TELE,2022-04-22,14.7,15.59,14.65,15.29,12825500,psxdata,2026-05-11T12:51:00
TELE,2022-04-25,15.4,15.67,14.15,14.21,35492500,psxdata,2026-05-11T12:51:00
TELE,2022-04-26,14.21,14.6,13.88,14.43,11419500,psxdata,2026-05-11T12:51:00
TELE,2022-04-27,14.23,14.43,13.85,13.99,8995500,psxdata,2026-05-11T12:51:00
TELE,2022-04-28,13.76,13.87,12.95,13.05,10553000,psxdata,2026-05-11T12:51:00
TELE,2022-05-06,13.0,13.53,12.62,12.78,7694500,psxdata,2026-05-11T12:51:00
TELE,2022-05-09,12.65,12.65,11.78,11.85,11495500,psxdata,2026-05-11T12:51:00
TELE,2022-05-10,11.89,12.09,11.3,11.74,12154500,psxdata,2026-05-11T12:51:00
TELE,2022-05-11,11.61,11.85,10.74,10.76,12188000,psxdata,2026-05-11T12:51:00
TELE,2022-05-12,10.6,11.44,10.25,11.17,16855000,psxdata,2026-05-11T12:51:00
TELE,2022-05-13,11.1,11.54,11.06,11.18,5684500,psxdata,2026-05-11T12:51:00
TELE,2022-05-16,10.91,10.91,10.18,10.19,12440500,psxdata,2026-05-11T12:51:00
TELE,2022-05-17,10.06,10.45,10.01,10.18,7420500,psxdata,2026-05-11T12:51:00
TELE,2022-05-18,10.15,11.18,9.18,11.05,23218500,psxdata,2026-05-11T12:51:00
TELE,2022-05-19,11.1,11.31,10.71,10.95,9597000,psxdata,2026-05-11T12:51:00
TELE,2022-05-20,10.82,11.08,10.65,10.77,3811000,psxdata,2026-05-11T12:51:00
TELE,2022-05-23,10.5,10.5,10.01,10.28,3752500,psxdata,2026-05-11T12:51:00
TELE,2022-05-24,10.38,10.58,10.2,10.24,5193000,psxdata,2026-05-11T12:51:00
TELE,2022-05-25,10.16,10.96,10.07,10.76,6545000,psxdata,2026-05-11T12:51:00
TELE,2022-05-26,11.06,11.76,10.78,11.7,18443000,psxdata,2026-05-11T12:51:00
TELE,2022-05-27,12.0,12.44,11.6,11.72,19065000,psxdata,2026-05-11T12:51:00
TELE,2022-05-30,11.94,11.95,11.57,11.68,5500500,psxdata,2026-05-11T12:51:00
TELE,2022-05-31,11.75,11.75,11.42,11.51,3463500,psxdata,2026-05-11T12:51:00
TELE,2022-06-01,11.55,11.6,10.92,11.0,7988500,psxdata,2026-05-11T12:51:00
TELE,2022-06-02,10.99,10.99,10.6,10.91,6228500,psxdata,2026-05-11T12:51:00
TELE,2022-06-03,10.75,10.92,10.44,10.66,2916000,psxdata,2026-05-11T12:51:00
TELE,2022-06-06,10.7,11.0,10.35,10.81,5263500,psxdata,2026-05-11T12:51:00
TELE,2022-06-07,10.9,11.12,10.62,10.67,4703000,psxdata,2026-05-11T12:51:00
TELE,2022-06-08,10.67,10.8,10.5,10.71,1454000,psxdata,2026-05-11T12:51:00
TELE,2022-06-09,10.75,11.1,10.65,10.83,7798000,psxdata,2026-05-11T12:51:00
TELE,2022-06-10,10.95,10.95,10.73,10.87,1803000,psxdata,2026-05-11T12:51:00
TELE,2022-06-13,10.76,10.87,10.3,10.39,3910000,psxdata,2026-05-11T12:51:00
TELE,2022-06-14,10.38,10.64,10.31,10.56,2057500,psxdata,2026-05-11T12:51:00
TELE,2022-06-15,10.7,10.79,10.52,10.6,2046500,psxdata,2026-05-11T12:51:00
TELE,2022-06-16,10.7,10.7,10.43,10.55,2246500,psxdata,2026-05-11T12:51:00
TELE,2022-06-17,10.68,10.9,10.48,10.71,4091000,psxdata,2026-05-11T12:51:00
TELE,2022-06-20,10.86,10.86,10.5,10.53,1656500,psxdata,2026-05-11T12:51:00
TELE,2022-06-21,10.53,11.53,10.53,11.52,10015000,psxdata,2026-05-11T12:51:00
TELE,2022-06-22,11.8,11.9,11.4,11.49,11230000,psxdata,2026-05-11T12:51:00
TELE,2022-06-23,11.52,11.88,11.49,11.59,8840000,psxdata,2026-05-11T12:51:00
TELE,2022-06-24,11.59,11.64,10.59,11.07,16907500,psxdata,2026-05-11T12:51:00
TELE,2022-06-27,11.19,11.57,11.19,11.41,6298500,psxdata,2026-05-11T12:51:00
TELE,2022-06-28,11.58,11.58,11.0,11.14,3317500,psxdata,2026-05-11T12:51:00
TELE,2022-06-29,11.19,11.25,11.0,11.03,2857500,psxdata,2026-05-11T12:51:00
TELE,2022-06-30,10.95,11.06,10.67,10.83,3541000,psxdata,2026-05-11T12:51:00
TELE,2022-07-01,10.94,10.98,10.72,10.8,1477000,psxdata,2026-05-11T12:51:00
TELE,2022-07-04,10.8,10.84,10.56,10.6,1707500,psxdata,2026-05-11T12:51:00
TELE,2022-07-05,10.62,10.8,10.62,10.68,1640500,psxdata,2026-05-11T12:51:00
TELE,2022-07-06,10.78,10.8,10.33,10.74,1616500,psxdata,2026-05-11T12:51:00
TELE,2022-07-07,10.8,10.96,10.67,10.88,1614500,psxdata,2026-05-11T12:51:00
TELE,2022-07-13,10.91,11.7,10.81,11.5,5124500,psxdata,2026-05-11T12:51:00
TELE,2022-07-14,11.55,11.65,11.21,11.34,6589500,psxdata,2026-05-11T12:51:00
TELE,2022-07-15,11.3,11.39,11.01,11.09,3192000,psxdata,2026-05-11T12:51:00
TELE,2022-07-18,10.71,10.94,10.62,10.75,3085000,psxdata,2026-05-11T12:51:00
TELE,2022-07-19,10.8,10.87,10.46,10.67,3700500,psxdata,2026-05-11T12:51:00
TELE,2022-07-20,10.69,10.94,10.45,10.66,4072000,psxdata,2026-05-11T12:51:00
TELE,2022-07-21,10.61,10.67,10.06,10.13,3255500,psxdata,2026-05-11T12:51:00
TELE,2022-07-22,10.15,10.69,9.9,10.48,2796500,psxdata,2026-05-11T12:51:00
TELE,2022-07-25,10.26,10.48,10.17,10.4,591000,psxdata,2026-05-11T12:51:00
TELE,2022-07-26,10.2,10.7,10.2,10.37,2582500,psxdata,2026-05-11T12:51:00
TELE,2022-07-27,10.33,10.6,9.8,10.19,2129000,psxdata,2026-05-11T12:51:00
TELE,2022-07-28,10.34,10.82,10.2,10.43,7592500,psxdata,2026-05-11T12:51:00
TELE,2022-07-29,10.35,10.81,10.26,10.6,8023500,psxdata,2026-05-11T12:51:00
TELE,2022-08-01,10.7,10.88,10.57,10.6,5788500,psxdata,2026-05-11T12:51:00
TELE,2022-08-02,10.59,10.83,10.33,10.61,6143500,psxdata,2026-05-11T12:51:00
TELE,2022-08-03,10.69,11.16,10.65,10.99,12869000,psxdata,2026-05-11T12:51:00
TELE,2022-08-04,11.1,11.17,10.9,10.97,5503000,psxdata,2026-05-11T12:51:00
TELE,2022-08-05,10.95,11.44,10.82,11.22,10356000,psxdata,2026-05-11T12:51:00
TELE,2022-08-10,11.31,11.66,11.22,11.36,12794000,psxdata,2026-05-11T12:51:00
TELE,2022-08-11,11.38,11.4,11.04,11.1,5517500,psxdata,2026-05-11T12:51:00
TELE,2022-08-12,11.15,11.55,11.08,11.44,8515500,psxdata,2026-05-11T12:51:00
TELE,2022-08-15,11.53,12.44,11.44,12.36,32852000,psxdata,2026-05-11T12:51:00
TELE,2022-08-16,12.5,12.54,11.7,11.86,22848500,psxdata,2026-05-11T12:51:00
TELE,2022-08-17,11.86,12.35,11.65,12.25,12511000,psxdata,2026-05-11T12:51:00
TELE,2022-08-18,12.39,12.46,12.0,12.07,8073500,psxdata,2026-05-11T12:51:00
TELE,2022-08-19,12.07,12.19,12.0,12.07,4303500,psxdata,2026-05-11T12:51:00
TELE,2022-08-22,12.0,12.07,11.69,11.74,4592000,psxdata,2026-05-11T12:51:00
TELE,2022-08-23,11.9,12.14,11.83,11.94,8310000,psxdata,2026-05-11T12:51:00
TELE,2022-08-24,11.99,12.2,11.9,11.96,7956500,psxdata,2026-05-11T12:51:00
TELE,2022-08-25,12.02,12.2,11.75,12.09,7612500,psxdata,2026-05-11T12:51:00
TELE,2022-08-26,12.15,12.25,11.7,11.78,7696500,psxdata,2026-05-11T12:51:00
TELE,2022-08-29,11.89,11.89,11.35,11.68,3207500,psxdata,2026-05-11T12:51:00
TELE,2022-08-30,12.05,12.09,11.28,11.47,5948000,psxdata,2026-05-11T12:51:00
TELE,2022-08-31,11.5,11.55,11.31,11.47,3377000,psxdata,2026-05-11T12:51:00
TELE,2022-09-01,11.57,11.7,11.1,11.35,3541500,psxdata,2026-05-11T12:51:00
TELE,2022-09-02,11.4,11.55,11.22,11.32,2485000,psxdata,2026-05-11T12:51:00
TELE,2022-09-05,11.33,11.49,11.02,11.07,3109500,psxdata,2026-05-11T12:51:00
TELE,2022-09-06,11.24,11.25,10.95,11.06,2377500,psxdata,2026-05-11T12:51:00
TELE,2022-09-07,11.14,11.15,10.85,10.9,1344000,psxdata,2026-05-11T12:51:00
TELE,2022-09-08,10.94,11.0,10.79,10.86,1947000,psxdata,2026-05-11T12:51:00
TELE,2022-09-09,10.93,11.2,10.84,10.96,2795000,psxdata,2026-05-11T12:51:00
TELE,2022-09-12,10.99,11.15,10.81,10.89,1619500,psxdata,2026-05-11T12:51:00
TELE,2022-09-13,11.0,11.04,10.82,10.85,901000,psxdata,2026-05-11T12:51:00
TELE,2022-09-14,10.89,10.97,10.66,10.92,3658000,psxdata,2026-05-11T12:51:00
TELE,2022-09-15,10.99,11.39,10.92,11.05,8170500,psxdata,2026-05-11T12:51:00
TELE,2022-09-16,11.05,11.18,10.89,10.91,3430000,psxdata,2026-05-11T12:51:00
TELE,2022-09-19,11.05,11.16,10.85,10.89,3015000,psxdata,2026-05-11T12:51:00
TELE,2022-09-20,10.92,10.98,10.78,10.84,1524500,psxdata,2026-05-11T12:51:00
TELE,2022-09-21,10.9,10.9,10.55,10.63,1490000,psxdata,2026-05-11T12:51:00
TELE,2022-09-22,10.55,10.69,10.21,10.61,2928000,psxdata,2026-05-11T12:51:00
TELE,2022-09-23,10.7,10.74,10.31,10.42,1223500,psxdata,2026-05-11T12:51:00
TELE,2022-09-26,10.5,10.99,10.4,10.91,3520500,psxdata,2026-05-11T12:51:00
TELE,2022-09-27,10.99,11.1,10.72,10.85,2894500,psxdata,2026-05-11T12:51:00
TELE,2022-09-28,10.94,11.0,10.7,10.72,2459000,psxdata,2026-05-11T12:51:00
TELE,2022-09-29,10.75,10.75,10.4,10.54,1434500,psxdata,2026-05-11T12:51:00
TELE,2022-09-30,10.45,10.65,10.3,10.38,5016000,psxdata,2026-05-11T12:51:00
TELE,2022-10-03,10.38,10.74,10.38,10.57,3373500,psxdata,2026-05-11T12:51:00
TELE,2022-10-04,10.61,10.99,10.61,10.88,7821000,psxdata,2026-05-11T12:51:00
TELE,2022-10-05,11.0,11.73,10.9,11.43,23103500,psxdata,2026-05-11T12:51:00
TELE,2022-10-06,11.6,11.72,11.25,11.33,8611500,psxdata,2026-05-11T12:51:00
TELE,2022-10-07,11.33,12.1,11.25,11.73,44186500,psxdata,2026-05-11T12:51:00
TELE,2022-10-10,11.75,11.9,11.58,11.63,5749500,psxdata,2026-05-11T12:51:00
TELE,2022-10-11,11.63,11.68,11.25,11.3,4730000,psxdata,2026-05-11T12:51:00
TELE,2022-10-12,11.35,11.87,11.16,11.66,16271000,psxdata,2026-05-11T12:51:00
TELE,2022-10-13,11.8,11.85,11.52,11.57,6514500,psxdata,2026-05-11T12:51:00
TELE,2022-10-14,11.59,11.68,11.3,11.37,7797000,psxdata,2026-05-11T12:51:00
TELE,2022-10-17,11.31,11.5,11.23,11.27,2094000,psxdata,2026-05-11T12:51:00
TELE,2022-10-18,11.32,11.48,11.06,11.14,2944000,psxdata,2026-05-11T12:51:00
TELE,2022-10-19,11.25,11.55,11.08,11.42,3452000,psxdata,2026-05-11T12:51:00
TELE,2022-10-20,10.85,11.1,10.62,10.91,5577500,psxdata,2026-05-11T12:51:00
TELE,2022-10-21,10.91,11.0,10.65,10.78,3053000,psxdata,2026-05-11T12:51:00
TELE,2022-10-24,11.0,11.05,10.78,10.84,2313500,psxdata,2026-05-11T12:51:00
TELE,2022-10-25,10.85,10.97,10.5,10.59,1496000,psxdata,2026-05-11T12:51:00
TELE,2022-10-26,10.41,10.49,9.9,10.14,3920500,psxdata,2026-05-11T12:51:00
TELE,2022-10-27,10.21,10.3,9.94,10.12,2977000,psxdata,2026-05-11T12:51:00
TELE,2022-10-28,10.19,10.19,9.5,9.58,3527000,psxdata,2026-05-11T12:51:00
TELE,2022-10-31,9.62,9.78,9.5,9.52,2457000,psxdata,2026-05-11T12:51:00
TELE,2022-11-01,9.65,10.19,9.56,10.15,2799500,psxdata,2026-05-11T12:51:00
TELE,2022-11-02,10.15,10.15,9.93,9.97,1885500,psxdata,2026-05-11T12:51:00
TELE,2022-11-03,9.99,10.44,9.85,10.25,6329000,psxdata,2026-05-11T12:51:00
TELE,2022-11-04,9.99,10.14,9.88,9.98,2837000,psxdata,2026-05-11T12:51:00
TELE,2022-11-07,10.05,10.45,10.05,10.13,5825500,psxdata,2026-05-11T12:51:00
TELE,2022-11-08,10.23,10.23,10.02,10.05,2651000,psxdata,2026-05-11T12:51:00
TELE,2022-11-10,10.14,10.29,10.11,10.16,4165000,psxdata,2026-05-11T12:51:00
TELE,2022-11-11,10.28,10.34,10.15,10.2,2670000,psxdata,2026-05-11T12:51:00
TELE,2022-11-14,10.16,10.17,9.94,10.04,2704500,psxdata,2026-05-11T12:51:00
TELE,2022-11-15,10.09,10.09,9.95,9.98,2202000,psxdata,2026-05-11T12:51:00
TELE,2022-11-16,9.97,10.19,9.93,10.07,3248500,psxdata,2026-05-11T12:51:00
TELE,2022-11-17,10.3,10.66,10.14,10.19,11545500,psxdata,2026-05-11T12:51:00
TELE,2022-11-18,10.15,10.15,10.0,10.02,1749000,psxdata,2026-05-11T12:51:00
TELE,2022-11-21,10.14,10.14,10.01,10.05,1221500,psxdata,2026-05-11T12:51:00
TELE,2022-11-22,10.07,10.33,10.03,10.13,4263000,psxdata,2026-05-11T12:51:00
TELE,2022-11-23,10.15,10.25,10.02,10.03,2263000,psxdata,2026-05-11T12:51:00
TELE,2022-11-24,10.05,10.15,10.0,10.05,1702500,psxdata,2026-05-11T12:51:00
TELE,2022-11-25,10.1,10.14,9.95,10.0,2265500,psxdata,2026-05-11T12:51:00
TELE,2022-11-28,9.63,10.0,9.58,9.6,4933500,psxdata,2026-05-11T12:51:00
TELE,2022-11-29,9.64,9.88,9.48,9.53,3589500,psxdata,2026-05-11T12:51:00
TELE,2022-11-30,9.55,9.65,9.25,9.34,2361000,psxdata,2026-05-11T12:51:00
TELE,2022-12-01,9.35,9.6,9.35,9.39,2218500,psxdata,2026-05-11T12:51:00
TELE,2022-12-02,9.33,9.38,9.1,9.14,2056500,psxdata,2026-05-11T12:51:00
TELE,2022-12-05,9.2,9.2,8.87,8.92,1981000,psxdata,2026-05-11T12:51:00
TELE,2022-12-06,8.98,9.05,8.88,9.0,1438500,psxdata,2026-05-11T12:51:00
TELE,2022-12-07,9.0,9.18,9.0,9.07,808000,psxdata,2026-05-11T12:51:00
TELE,2022-12-08,9.01,9.09,8.71,8.84,1180000,psxdata,2026-05-11T12:51:00
TELE,2022-12-09,8.85,8.98,8.81,8.85,995500,psxdata,2026-05-11T12:51:00
TELE,2022-12-12,8.9,8.94,8.7,8.72,646500,psxdata,2026-05-11T12:51:00
TELE,2022-12-13,8.71,8.8,8.41,8.45,1069500,psxdata,2026-05-11T12:51:00
TELE,2022-12-14,8.52,8.54,8.3,8.39,2089000,psxdata,2026-05-11T12:51:00
TELE,2022-12-15,8.43,8.43,7.88,7.94,2647500,psxdata,2026-05-11T12:51:00
TELE,2022-12-16,7.91,7.95,7.61,7.79,2408500,psxdata,2026-05-11T12:51:00
TELE,2022-12-19,7.7,7.75,7.05,7.17,1883500,psxdata,2026-05-11T12:51:00
TELE,2022-12-20,7.26,7.26,6.31,6.41,7322500,psxdata,2026-05-11T12:51:00
TELE,2022-12-21,6.31,6.74,6.26,6.42,3208500,psxdata,2026-05-11T12:51:00
TELE,2022-12-22,6.5,7.15,6.5,7.01,8382500,psxdata,2026-05-11T12:51:00
TELE,2022-12-23,7.0,7.02,6.7,6.79,3231000,psxdata,2026-05-11T12:51:00
TELE,2022-12-26,6.8,7.14,6.8,7.04,2309000,psxdata,2026-05-11T12:51:00
TELE,2022-12-27,7.04,7.24,6.87,7.02,3308500,psxdata,2026-05-11T12:51:00
TELE,2022-12-28,6.93,7.13,6.8,6.84,2738500,psxdata,2026-05-11T12:51:00
TELE,2022-12-29,6.95,6.95,6.7,6.83,737000,psxdata,2026-05-11T12:51:00
TELE,2023-01-02,6.74,7.07,6.7,6.89,2190500,psxdata,2026-05-11T12:51:00
TELE,2023-01-03,6.99,6.99,6.75,6.79,1336500,psxdata,2026-05-11T12:51:00
TELE,2023-01-04,6.8,6.95,6.5,6.66,981000,psxdata,2026-05-11T12:51:00
TELE,2023-01-05,6.69,6.85,6.6,6.67,328000,psxdata,2026-05-11T12:51:00
TELE,2023-01-06,6.65,6.93,6.65,6.76,2083000,psxdata,2026-05-11T12:51:00
TELE,2023-01-09,6.79,6.79,6.46,6.64,1079500,psxdata,2026-05-11T12:51:00
TELE,2023-01-10,6.8,6.95,6.72,6.84,2711500,psxdata,2026-05-11T12:51:00
TELE,2023-01-11,6.85,6.87,6.73,6.77,649000,psxdata,2026-05-11T12:51:00
TELE,2023-01-12,6.71,6.89,6.7,6.73,970000,psxdata,2026-05-11T12:51:00
TELE,2023-01-13,6.65,6.73,6.46,6.54,918500,psxdata,2026-05-11T12:51:00
TELE,2023-01-16,6.52,6.64,6.4,6.42,2158500,psxdata,2026-05-11T12:51:00
TELE,2023-01-17,6.57,6.57,5.8,5.97,1738000,psxdata,2026-05-11T12:51:00
TELE,2023-01-18,5.9,6.01,5.5,5.86,3076000,psxdata,2026-05-11T12:51:00
TELE,2023-01-19,5.93,6.01,5.68,5.77,1950500,psxdata,2026-05-11T12:51:00
TELE,2023-01-20,5.8,5.8,5.51,5.54,917500,psxdata,2026-05-11T12:51:00
TELE,2023-01-23,5.67,5.67,5.4,5.49,1024500,psxdata,2026-05-11T12:51:00
TELE,2023-01-24,5.59,6.14,5.49,5.99,2948000,psxdata,2026-05-11T12:51:00
TELE,2023-01-25,6.07,6.3,5.88,6.15,5657000,psxdata,2026-05-11T12:51:00
TELE,2023-01-26,6.19,6.37,6.1,6.29,5020000,psxdata,2026-05-11T12:51:00
TELE,2023-01-27,6.29,6.29,6.0,6.01,1940000,psxdata,2026-05-11T12:51:00
TELE,2023-01-30,6.09,6.09,5.81,5.87,958000,psxdata,2026-05-11T12:51:00
TELE,2023-01-31,5.86,6.0,5.81,5.89,647000,psxdata,2026-05-11T12:51:00
TELE,2023-02-01,6.0,6.0,5.8,5.95,742000,psxdata,2026-05-11T12:51:00
TELE,2023-02-02,5.87,5.95,5.83,5.84,381500,psxdata,2026-05-11T12:51:00
TELE,2023-02-03,5.9,6.0,5.67,5.86,1908500,psxdata,2026-05-11T12:51:00
TELE,2023-02-06,5.71,5.96,5.71,5.93,896500,psxdata,2026-05-11T12:51:00
TELE,2023-02-07,5.98,6.28,5.86,6.12,6255000,psxdata,2026-05-11T12:51:00
TELE,2023-02-08,6.14,6.27,5.97,6.08,3531500,psxdata,2026-05-11T12:51:00
TELE,2023-02-09,6.1,6.41,6.08,6.23,4121000,psxdata,2026-05-11T12:51:00
TELE,2023-02-10,6.14,6.18,5.9,6.09,1568000,psxdata,2026-05-11T12:51:00
TELE,2023-02-13,6.14,6.15,6.0,6.01,863000,psxdata,2026-05-11T12:51:00
TELE,2023-02-14,5.96,6.03,5.9,5.92,1095000,psxdata,2026-05-11T12:51:00
TELE,2023-02-15,5.95,6.04,5.91,5.95,771000,psxdata,2026-05-11T12:51:00
TELE,2023-02-16,5.96,6.07,5.82,5.88,754000,psxdata,2026-05-11T12:51:00
TELE,2023-02-17,5.91,5.95,5.7,5.74,1152000,psxdata,2026-05-11T12:51:00
TELE,2023-02-20,5.72,5.75,5.51,5.65,484000,psxdata,2026-05-11T12:51:00
TELE,2023-02-21,5.7,5.8,5.7,5.76,958500,psxdata,2026-05-11T12:51:00
TELE,2023-02-22,5.7,5.94,5.7,5.87,738000,psxdata,2026-05-11T12:51:00
TELE,2023-02-23,5.73,5.91,5.73,5.82,768500,psxdata,2026-05-11T12:51:00
TELE,2023-02-24,5.8,5.9,5.52,5.58,1724500,psxdata,2026-05-11T12:51:00
TELE,2023-02-27,5.6,5.7,5.56,5.61,965500,psxdata,2026-05-11T12:51:00
TELE,2023-02-28,5.6,5.67,5.5,5.51,482500,psxdata,2026-05-11T12:51:00
TELE,2023-03-01,5.5,5.8,5.3,5.56,2124500,psxdata,2026-05-11T12:51:00
TELE,2023-03-02,5.65,5.66,5.45,5.52,1467500,psxdata,2026-05-11T12:51:00
TELE,2023-03-03,5.45,6.0,5.4,5.93,3250000,psxdata,2026-05-11T12:51:00
TELE,2023-03-06,6.11,6.93,6.05,6.93,18068500,psxdata,2026-05-11T12:51:00
TELE,2023-03-07,7.17,7.38,7.05,7.12,23591500,psxdata,2026-05-11T12:51:00
TELE,2023-03-08,7.14,7.24,6.8,6.84,7946000,psxdata,2026-05-11T12:51:00
TELE,2023-03-09,6.81,7.84,6.8,7.64,17051000,psxdata,2026-05-11T12:51:00
TELE,2023-03-10,8.0,8.35,7.85,8.03,23457500,psxdata,2026-05-11T12:51:00
TELE,2023-03-13,8.0,8.69,7.96,8.25,25819000,psxdata,2026-05-11T12:51:00
TELE,2023-03-14,8.28,8.5,8.15,8.21,10241000,psxdata,2026-05-11T12:51:00
TELE,2023-03-15,8.12,8.33,8.05,8.15,6782000,psxdata,2026-05-11T12:51:00
TELE,2023-03-16,8.15,8.58,8.13,8.27,14286000,psxdata,2026-05-11T12:51:00
TELE,2023-03-17,8.3,8.35,8.11,8.19,2821500,psxdata,2026-05-11T12:51:00
TELE,2023-03-20,8.24,8.33,8.06,8.11,4460500,psxdata,2026-05-11T12:51:00
TELE,2023-03-21,8.11,8.18,7.95,7.97,3354500,psxdata,2026-05-11T12:51:00
TELE,2023-03-22,8.0,8.1,7.46,7.57,5558000,psxdata,2026-05-11T12:51:00
TELE,2023-03-24,7.55,7.55,7.03,7.06,3877000,psxdata,2026-05-11T12:51:00
TELE,2023-03-27,7.07,7.33,6.9,7.29,4363500,psxdata,2026-05-11T12:51:00
TELE,2023-03-28,7.35,8.29,7.31,8.15,23781500,psxdata,2026-05-11T12:51:00
TELE,2023-03-29,8.26,8.33,7.78,7.9,12447500,psxdata,2026-05-11T12:51:00
TELE,2023-03-30,7.83,7.97,7.61,7.63,6211500,psxdata,2026-05-11T12:51:00
TELE,2023-03-31,7.7,7.7,7.4,7.44,3981500,psxdata,2026-05-11T12:51:00
TELE,2023-04-03,7.45,8.15,7.25,8.04,17784500,psxdata,2026-05-11T12:51:00
TELE,2023-04-04,8.03,8.18,7.84,8.04,10944500,psxdata,2026-05-11T12:51:00
TELE,2023-04-05,8.11,8.16,7.87,7.91,5347500,psxdata,2026-05-11T12:51:00
TELE,2023-04-06,7.91,8.2,7.91,8.13,10980500,psxdata,2026-05-11T12:51:00
TELE,2023-04-07,8.17,8.25,7.93,8.0,5881621,psxdata,2026-05-11T12:51:00
TELE,2023-04-10,8.0,8.19,7.95,8.07,5509816,psxdata,2026-05-11T12:51:00
TELE,2023-04-11,8.02,8.08,7.95,7.97,1170135,psxdata,2026-05-11T12:51:00
TELE,2023-04-12,8.0,8.05,7.87,7.98,1181359,psxdata,2026-05-11T12:51:00
TELE,2023-04-13,8.09,8.18,7.91,7.97,2937219,psxdata,2026-05-11T12:51:00
TELE,2023-04-17,8.03,8.17,8.01,8.03,4589287,psxdata,2026-05-11T12:51:00
TELE,2023-04-18,8.08,8.08,7.92,7.96,1791666,psxdata,2026-05-11T12:51:00
TELE,2023-04-19,7.98,7.99,7.82,7.85,2115725,psxdata,2026-05-11T12:51:00
TELE,2023-04-20,7.85,8.1,7.71,7.92,4917764,psxdata,2026-05-11T12:51:00
TELE,2023-04-26,7.99,8.03,7.85,7.89,4811827,psxdata,2026-05-11T12:51:00
TELE,2023-04-27,7.9,7.9,7.76,7.81,2687212,psxdata,2026-05-11T12:51:00
TELE,2023-04-28,7.84,8.07,7.8,7.83,10275389,psxdata,2026-05-11T12:51:00
TELE,2023-05-02,7.89,8.06,7.77,7.83,3567401,psxdata,2026-05-11T12:51:00
TELE,2023-05-03,7.9,7.95,7.77,7.78,2361795,psxdata,2026-05-11T12:51:00
TELE,2023-05-04,7.87,7.87,7.71,7.74,2222395,psxdata,2026-05-11T12:51:00
TELE,2023-05-05,7.75,7.8,7.6,7.64,1658202,psxdata,2026-05-11T12:51:00
TELE,2023-05-08,7.64,7.68,7.15,7.21,3090486,psxdata,2026-05-11T12:51:00
TELE,2023-05-09,7.16,7.25,6.9,6.98,3663750,psxdata,2026-05-11T12:51:00
TELE,2023-05-10,6.99,7.06,6.75,6.84,2070334,psxdata,2026-05-11T12:51:00
TELE,2023-05-11,6.76,7.02,6.75,6.81,996216,psxdata,2026-05-11T12:51:00
TELE,2023-05-12,6.84,6.94,6.68,6.75,1629003,psxdata,2026-05-11T12:51:00
TELE,2023-05-15,6.56,7.43,6.56,7.3,11162667,psxdata,2026-05-11T12:51:00
TELE,2023-05-16,7.48,7.49,7.2,7.23,4716238,psxdata,2026-05-11T12:51:00
TELE,2023-05-17,7.27,7.39,7.11,7.15,2953468,psxdata,2026-05-11T12:51:00
TELE,2023-05-18,7.15,7.29,7.01,7.11,3392688,psxdata,2026-05-11T12:51:00
TELE,2023-05-19,7.15,7.15,7.02,7.05,1143937,psxdata,2026-05-11T12:51:00
TELE,2023-05-22,7.14,7.18,7.0,7.01,2678726,psxdata,2026-05-11T12:51:00
TELE,2023-05-23,7.07,7.08,6.95,6.97,468556,psxdata,2026-05-11T12:51:00
TELE,2023-05-24,6.95,7.05,6.8,6.85,1171333,psxdata,2026-05-11T12:51:00
TELE,2023-05-25,6.82,6.89,6.65,6.71,1271642,psxdata,2026-05-11T12:51:00
TELE,2023-05-26,6.71,6.74,6.2,6.37,4007334,psxdata,2026-05-11T12:51:00
TELE,2023-05-29,6.25,6.72,6.25,6.58,3800946,psxdata,2026-05-11T12:51:00
TELE,2023-05-30,6.75,6.95,6.63,6.93,5342085,psxdata,2026-05-11T12:51:00
TELE,2023-05-31,6.86,7.05,6.71,6.75,3388647,psxdata,2026-05-11T12:51:00
TELE,2023-06-01,6.76,6.84,6.61,6.65,998360,psxdata,2026-05-11T12:51:00
TELE,2023-06-02,6.66,6.74,6.56,6.59,909560,psxdata,2026-05-11T12:51:00
TELE,2023-06-05,6.61,6.95,6.61,6.88,1460246,psxdata,2026-05-11T12:51:00
TELE,2023-06-06,6.9,7.12,6.87,6.95,6061307,psxdata,2026-05-11T12:51:00
TELE,2023-06-07,7.05,7.57,7.01,7.41,16584665,psxdata,2026-05-11T12:51:00
TELE,2023-06-08,7.44,7.44,7.04,7.07,5453799,psxdata,2026-05-11T12:51:00
TELE,2023-06-09,7.06,7.35,7.06,7.25,2899215,psxdata,2026-05-11T12:51:00
TELE,2023-06-12,7.3,7.3,6.99,7.04,2589675,psxdata,2026-05-11T12:51:00
TELE,2023-06-13,7.01,7.19,6.93,7.01,2014558,psxdata,2026-05-11T12:51:00
TELE,2023-06-14,6.94,7.05,6.9,6.92,1260315,psxdata,2026-05-11T12:51:00
TELE,2023-06-15,6.9,7.1,6.8,6.83,1656873,psxdata,2026-05-11T12:51:00
TELE,2023-06-16,6.79,7.08,6.71,6.86,1569001,psxdata,2026-05-11T12:51:00
TELE,2023-06-19,6.86,6.9,6.59,6.62,1191667,psxdata,2026-05-11T12:51:00
TELE,2023-06-20,6.62,6.94,6.57,6.73,2102051,psxdata,2026-05-11T12:51:00
TELE,2023-06-21,6.7,6.85,6.59,6.61,933155,psxdata,2026-05-11T12:51:00
TELE,2023-06-22,6.65,6.68,6.41,6.51,677372,psxdata,2026-05-11T12:51:00
TELE,2023-06-23,6.52,6.53,6.2,6.26,2202542,psxdata,2026-05-11T12:51:00
TELE,2023-06-26,6.26,6.7,6.26,6.69,1528134,psxdata,2026-05-11T12:51:00
TELE,2023-06-27,6.7,6.71,6.56,6.6,933311,psxdata,2026-05-11T12:51:00
TELE,2023-07-03,7.39,7.6,7.05,7.59,12048807,psxdata,2026-05-11T12:51:00
TELE,2023-07-04,7.65,7.65,7.27,7.32,9645602,psxdata,2026-05-11T12:51:00
TELE,2023-07-05,7.32,7.56,7.25,7.32,6902523,psxdata,2026-05-11T12:51:00
TELE,2023-07-06,7.31,7.5,7.25,7.31,5871751,psxdata,2026-05-11T12:51:00
TELE,2023-07-07,7.35,7.84,7.35,7.72,19877612,psxdata,2026-05-11T12:51:00
TELE,2023-07-10,7.7,7.98,7.65,7.83,14456072,psxdata,2026-05-11T12:51:00
TELE,2023-07-11,7.83,8.18,7.72,7.96,18061086,psxdata,2026-05-11T12:51:00
TELE,2023-07-12,7.99,8.12,7.79,7.95,12174477,psxdata,2026-05-11T12:51:00
TELE,2023-07-13,8.06,8.09,7.77,7.8,10455060,psxdata,2026-05-11T12:51:00
TELE,2023-07-14,7.8,8.55,7.63,8.28,31107092,psxdata,2026-05-11T12:51:00
TELE,2023-07-17,8.51,8.65,8.22,8.29,18641703,psxdata,2026-05-11T12:51:00
TELE,2023-07-18,8.37,8.37,8.04,8.16,7584010,psxdata,2026-05-11T12:51:00
TELE,2023-07-19,8.15,8.2,7.8,7.86,5703281,psxdata,2026-05-11T12:51:00
TELE,2023-07-20,7.82,8.29,7.75,8.12,12578647,psxdata,2026-05-11T12:51:00
TELE,2023-07-21,8.12,8.3,8.05,8.11,7142803,psxdata,2026-05-11T12:51:00
TELE,2023-07-24,8.15,8.24,7.93,7.95,3627239,psxdata,2026-05-11T12:51:00
TELE,2023-07-25,7.95,8.26,7.9,8.06,6654888,psxdata,2026-05-11T12:51:00
TELE,2023-07-26,8.05,8.39,8.05,8.12,12393860,psxdata,2026-05-11T12:51:00
TELE,2023-07-27,8.12,8.18,7.96,8.0,4567266,psxdata,2026-05-11T12:51:00
TELE,2023-07-31,8.01,8.38,7.95,8.09,14375616,psxdata,2026-05-11T12:51:00
TELE,2023-08-01,8.29,8.9,8.13,8.72,39642890,psxdata,2026-05-11T12:51:00
TELE,2023-08-02,8.88,8.96,8.7,8.74,18248182,psxdata,2026-05-11T12:51:00
TELE,2023-08-03,8.75,8.85,8.26,8.31,11971980,psxdata,2026-05-11T12:51:00
TELE,2023-08-04,8.27,8.4,8.2,8.24,4149924,psxdata,2026-05-11T12:51:00
TELE,2023-08-07,8.24,8.27,7.9,7.99,4918502,psxdata,2026-05-11T12:51:00
TELE,2023-08-08,7.9,8.27,7.67,7.77,7892674,psxdata,2026-05-11T12:51:00
TELE,2023-08-09,7.75,8.23,7.75,7.94,12434248,psxdata,2026-05-11T12:51:00
TELE,2023-08-10,8.0,8.13,7.8,7.82,3875448,psxdata,2026-05-11T12:51:00
TELE,2023-08-11,7.85,7.98,7.75,7.8,2402737,psxdata,2026-05-11T12:51:00
TELE,2023-08-15,7.85,8.09,7.81,7.9,3346531,psxdata,2026-05-11T12:51:00
TELE,2023-08-16,7.85,7.92,7.7,7.71,1806443,psxdata,2026-05-11T12:51:00
TELE,2023-08-17,7.76,8.05,7.7,7.86,4926914,psxdata,2026-05-11T12:51:00
TELE,2023-08-18,7.85,8.1,7.76,7.84,3798501,psxdata,2026-05-11T12:51:00
TELE,2023-08-21,7.8,7.9,7.65,7.68,2402263,psxdata,2026-05-11T12:51:00
TELE,2023-08-22,7.67,7.77,7.6,7.67,1215059,psxdata,2026-05-11T12:51:00
TELE,2023-08-23,7.65,7.75,7.34,7.4,4672605,psxdata,2026-05-11T12:51:00
TELE,2023-08-24,7.38,7.55,7.35,7.37,2060616,psxdata,2026-05-11T12:51:00
TELE,2023-08-25,7.4,7.4,7.2,7.25,2300037,psxdata,2026-05-11T12:51:00
TELE,2023-08-28,7.26,7.3,7.0,7.03,1947324,psxdata,2026-05-11T12:51:00
TELE,2023-08-29,7.04,7.22,6.8,7.0,7042070,psxdata,2026-05-11T12:51:00
TELE,2023-08-30,7.05,7.13,6.61,6.75,2409476,psxdata,2026-05-11T12:51:00
TELE,2023-08-31,6.7,6.78,6.26,6.44,3674521,psxdata,2026-05-11T12:51:00
TELE,2023-09-01,6.4,6.59,6.4,6.55,1040627,psxdata,2026-05-11T12:51:00
TELE,2023-09-04,6.55,6.7,6.55,6.67,1123880,psxdata,2026-05-11T12:51:00
TELE,2023-09-05,6.84,7.04,6.7,6.79,3141964,psxdata,2026-05-11T12:51:00
TELE,2023-09-06,6.85,6.89,6.66,6.83,415850,psxdata,2026-05-11T12:51:00
TELE,2023-09-07,6.8,7.05,6.8,6.89,1645874,psxdata,2026-05-11T12:51:00
TELE,2023-09-08,6.82,7.05,6.8,7.0,1146960,psxdata,2026-05-11T12:51:00
TELE,2023-09-11,7.04,7.2,6.92,7.1,2018460,psxdata,2026-05-11T12:51:00
TELE,2023-09-12,7.05,7.17,6.91,6.94,1067671,psxdata,2026-05-11T12:51:00
TELE,2023-09-13,6.95,7.0,6.84,6.86,446588,psxdata,2026-05-11T12:51:00
TELE,2023-09-14,6.89,6.95,6.82,6.85,547135,psxdata,2026-05-11T12:51:00
TELE,2023-09-15,7.05,7.23,6.9,6.96,4406285,psxdata,2026-05-11T12:51:00
TELE,2023-09-18,6.99,7.01,6.83,6.9,455475,psxdata,2026-05-11T12:51:00
TELE,2023-09-19,6.9,7.06,6.83,6.89,1366020,psxdata,2026-05-11T12:51:00
TELE,2023-09-20,6.85,6.95,6.8,6.81,706790,psxdata,2026-05-11T12:51:00
TELE,2023-09-21,6.9,6.95,6.8,6.93,562740,psxdata,2026-05-11T12:51:00
TELE,2023-09-22,6.87,7.03,6.87,6.93,1027289,psxdata,2026-05-11T12:51:00
TELE,2023-09-25,6.91,7.05,6.9,6.91,1042616,psxdata,2026-05-11T12:51:00
TELE,2023-09-26,6.91,7.1,6.85,6.93,3106347,psxdata,2026-05-11T12:51:00
TELE,2023-09-27,6.95,7.05,6.9,6.93,1928675,psxdata,2026-05-11T12:51:00
TELE,2023-09-28,6.97,6.98,6.62,6.7,3044958,psxdata,2026-05-11T12:51:00
TELE,2023-10-02,6.75,6.9,6.75,6.84,1805893,psxdata,2026-05-11T12:51:00
TELE,2023-10-03,6.85,7.0,6.85,6.87,1353923,psxdata,2026-05-11T12:51:00
TELE,2023-10-04,6.9,6.96,6.87,6.89,1186139,psxdata,2026-05-11T12:51:00
TELE,2023-10-05,6.91,7.18,6.91,7.14,6346283,psxdata,2026-05-11T12:51:00
TELE,2023-10-06,7.05,7.37,6.91,7.3,11768834,psxdata,2026-05-11T12:51:00
TELE,2023-10-09,7.1,7.62,7.07,7.43,8435084,psxdata,2026-05-11T12:51:00
TELE,2023-10-10,7.47,7.66,7.37,7.51,7140193,psxdata,2026-05-11T12:51:00
TELE,2023-10-11,7.55,7.72,7.46,7.49,4477738,psxdata,2026-05-11T12:51:00
TELE,2023-10-12,7.5,7.5,7.19,7.23,3739154,psxdata,2026-05-11T12:51:00
TELE,2023-10-13,7.17,7.55,7.15,7.31,4907207,psxdata,2026-05-11T12:51:00
TELE,2023-10-16,7.25,7.5,7.2,7.34,4216678,psxdata,2026-05-11T12:51:00
TELE,2023-10-17,7.36,7.36,7.1,7.19,1939060,psxdata,2026-05-11T12:51:00
TELE,2023-10-18,7.2,7.39,7.09,7.13,3468002,psxdata,2026-05-11T12:51:00
TELE,2023-10-19,7.13,7.27,7.08,7.17,1334180,psxdata,2026-05-11T12:51:00
TELE,2023-10-20,7.17,7.34,7.11,7.18,3823649,psxdata,2026-05-11T12:51:00
TELE,2023-10-23,7.35,7.45,7.1,7.14,1281117,psxdata,2026-05-11T12:51:00
TELE,2023-10-24,7.16,7.19,7.07,7.12,770002,psxdata,2026-05-11T12:51:00
TELE,2023-10-25,7.24,7.24,7.05,7.11,1350358,psxdata,2026-05-11T12:51:00
TELE,2023-10-26,7.08,7.34,7.0,7.04,3191594,psxdata,2026-05-11T12:51:00
TELE,2023-10-27,7.05,7.14,6.75,6.81,3829741,psxdata,2026-05-11T12:51:00
TELE,2023-10-30,6.8,7.08,6.8,6.94,2592948,psxdata,2026-05-11T12:51:00
TELE,2023-10-31,6.95,7.03,6.86,6.9,1676943,psxdata,2026-05-11T12:51:00
TELE,2023-11-01,6.91,7.29,6.91,7.2,8003249,psxdata,2026-05-11T12:51:00
TELE,2023-11-02,7.32,7.46,7.16,7.31,5932251,psxdata,2026-05-11T12:51:00
TELE,2023-11-03,7.31,7.59,7.22,7.37,7603192,psxdata,2026-05-11T12:51:00
TELE,2023-11-06,7.35,7.55,7.2,7.45,5300245,psxdata,2026-05-11T12:51:00
TELE,2023-11-07,7.55,7.67,7.3,7.32,7439419,psxdata,2026-05-11T12:51:00
TELE,2023-11-08,7.34,7.4,7.11,7.18,2737883,psxdata,2026-05-11T12:51:00
TELE,2023-11-10,7.3,7.6,7.22,7.43,10641439,psxdata,2026-05-11T12:51:00
TELE,2023-11-13,7.4,7.92,7.4,7.75,17733907,psxdata,2026-05-11T12:51:00
TELE,2023-11-14,7.66,7.93,7.52,7.82,12895676,psxdata,2026-05-11T12:51:00
TELE,2023-11-15,7.95,8.15,7.81,7.92,13121035,psxdata,2026-05-11T12:51:00
TELE,2023-11-16,7.96,8.12,7.92,7.97,10212050,psxdata,2026-05-11T12:51:00
TELE,2023-11-17,8.01,8.45,8.01,8.18,21232000,psxdata,2026-05-11T12:51:00
TELE,2023-11-20,8.29,8.43,8.15,8.19,8132507,psxdata,2026-05-11T12:51:00
TELE,2023-11-21,8.21,8.76,8.21,8.55,24981486,psxdata,2026-05-11T12:51:00
TELE,2023-11-22,8.65,8.92,8.62,8.66,15838717,psxdata,2026-05-11T12:51:00
TELE,2023-11-23,8.68,9.35,8.63,9.18,32418031,psxdata,2026-05-11T12:51:00
TELE,2023-11-24,9.26,9.36,8.85,8.91,10656912,psxdata,2026-05-11T12:51:00
TELE,2023-11-27,8.95,9.04,8.7,8.82,5644095,psxdata,2026-05-11T12:51:00
TELE,2023-11-28,8.85,9.05,8.55,8.61,11172792,psxdata,2026-05-11T12:51:00
TELE,2023-11-29,8.61,8.8,8.2,8.33,7177662,psxdata,2026-05-11T12:51:00
TELE,2023-11-30,8.49,8.49,8.11,8.15,2880439,psxdata,2026-05-11T12:51:00
TELE,2023-12-01,8.18,8.49,8.18,8.36,5096239,psxdata,2026-05-11T12:51:00
TELE,2023-12-04,8.58,8.67,8.4,8.46,6211189,psxdata,2026-05-11T12:51:00
TELE,2023-12-05,8.56,8.63,8.4,8.44,4872196,psxdata,2026-05-11T12:51:00
TELE,2023-12-06,8.45,8.9,8.45,8.81,14592507,psxdata,2026-05-11T12:51:00
TELE,2023-12-07,8.86,9.18,8.55,8.79,15170759,psxdata,2026-05-11T12:51:00
TELE,2023-12-08,8.8,9.25,8.71,9.16,18809926,psxdata,2026-05-11T12:51:00
TELE,2023-12-11,9.21,9.85,9.18,9.51,37571394,psxdata,2026-05-11T12:51:00
TELE,2023-12-12,9.55,10.5,9.54,10.41,47530541,psxdata,2026-05-11T12:51:00
TELE,2023-12-13,10.55,10.9,9.41,9.77,52122897,psxdata,2026-05-11T12:51:00
TELE,2023-12-14,9.85,10.15,9.51,9.97,21376690,psxdata,2026-05-11T12:51:00
TELE,2023-12-15,10.01,10.5,9.8,10.13,25094345,psxdata,2026-05-11T12:51:00
TELE,2023-12-18,10.38,10.69,10.0,10.08,22283592,psxdata,2026-05-11T12:51:00
TELE,2023-12-19,10.19,10.19,9.08,9.15,17041879,psxdata,2026-05-11T12:51:00
TELE,2023-12-20,8.99,9.2,8.15,8.39,13068068,psxdata,2026-05-11T12:51:00
TELE,2023-12-21,8.51,8.7,8.2,8.61,6298027,psxdata,2026-05-11T12:51:00
TELE,2023-12-22,8.66,8.97,8.33,8.48,6111537,psxdata,2026-05-11T12:51:00
TELE,2023-12-26,8.58,8.58,7.5,7.54,4292159,psxdata,2026-05-11T12:51:00
TELE,2023-12-27,7.5,8.02,7.4,7.94,4344383,psxdata,2026-05-11T12:51:00
TELE,2023-12-28,8.05,8.36,7.95,8.08,8542363,psxdata,2026-05-11T12:51:00
TELE,2023-12-29,8.19,8.19,7.89,7.97,4312798,psxdata,2026-05-11T12:51:00
TELE,2024-01-01,8.13,8.49,8.0,8.44,5731488,psxdata,2026-05-11T12:51:00
TELE,2024-01-02,8.49,8.58,8.11,8.17,5630557,psxdata,2026-05-11T12:51:00
TELE,2024-01-03,8.25,8.39,8.11,8.16,3648862,psxdata,2026-05-11T12:51:00
TELE,2024-01-04,8.14,8.17,7.89,8.03,3788921,psxdata,2026-05-11T12:51:00
TELE,2024-01-05,8.17,8.5,7.94,8.19,10503011,psxdata,2026-05-11T12:51:00
TELE,2024-01-08,8.25,8.44,8.19,8.23,4991812,psxdata,2026-05-11T12:51:00
TELE,2024-01-09,8.31,8.4,8.05,8.13,2333317,psxdata,2026-05-11T12:51:00
TELE,2024-01-10,8.1,8.34,8.06,8.1,4044349,psxdata,2026-05-11T12:51:00
TELE,2024-01-11,8.11,8.15,7.91,8.05,2709698,psxdata,2026-05-11T12:51:00
TELE,2024-01-12,8.1,8.28,8.03,8.12,3689905,psxdata,2026-05-11T12:51:00
TELE,2024-01-15,8.19,8.23,7.87,7.91,1590775,psxdata,2026-05-11T12:51:00
TELE,2024-01-16,7.95,8.25,7.6,8.09,4315853,psxdata,2026-05-11T12:51:00
TELE,2024-01-17,8.0,8.43,7.95,8.02,6591422,psxdata,2026-05-11T12:51:00
TELE,2024-01-18,8.1,8.1,7.75,7.93,3554890,psxdata,2026-05-11T12:51:00
TELE,2024-01-19,8.0,8.09,7.75,7.77,2226317,psxdata,2026-05-11T12:51:00
TELE,2024-01-22,7.77,7.84,7.6,7.65,1816401,psxdata,2026-05-11T12:51:00
TELE,2024-01-23,7.74,8.03,7.63,7.89,3483496,psxdata,2026-05-11T12:51:00
TELE,2024-01-24,7.9,8.18,7.81,7.92,2456852,psxdata,2026-05-11T12:51:00
TELE,2024-01-25,8.0,8.17,7.7,8.05,8117237,psxdata,2026-05-11T12:51:00
TELE,2024-01-26,8.02,8.2,7.64,7.69,7960385,psxdata,2026-05-11T12:51:00
TELE,2024-01-29,7.64,7.78,7.36,7.45,2073474,psxdata,2026-05-11T12:51:00
TELE,2024-01-30,7.45,7.59,6.9,6.95,5448905,psxdata,2026-05-11T12:51:00
TELE,2024-01-31,7.09,7.19,6.84,6.89,2426524,psxdata,2026-05-11T12:51:00
TELE,2024-02-01,6.94,6.95,6.72,6.86,813695,psxdata,2026-05-11T12:51:00
TELE,2024-02-02,6.93,7.16,6.85,7.03,2024066,psxdata,2026-05-11T12:51:00
TELE,2024-02-06,7.04,7.21,7.0,7.18,1322813,psxdata,2026-05-11T12:51:00
TELE,2024-02-07,7.19,7.29,7.15,7.21,1061226,psxdata,2026-05-11T12:51:00
TELE,2024-02-09,7.15,7.15,6.9,7.01,936666,psxdata,2026-05-11T12:51:00
TELE,2024-02-12,7.0,7.08,6.5,6.65,1721747,psxdata,2026-05-11T12:51:00
TELE,2024-02-13,6.6,6.9,6.06,6.79,2221305,psxdata,2026-05-11T12:51:00
TELE,2024-02-14,6.88,7.2,6.84,6.94,3951637,psxdata,2026-05-11T12:51:00
TELE,2024-02-15,7.04,7.39,6.62,6.79,11022823,psxdata,2026-05-11T12:51:00
TELE,2024-02-16,6.65,6.87,6.43,6.73,2835033,psxdata,2026-05-11T12:51:00
TELE,2024-02-19,6.7,7.0,6.5,6.82,4232391,psxdata,2026-05-11T12:51:00
TELE,2024-02-20,6.88,7.09,6.86,6.93,3071582,psxdata,2026-05-11T12:51:00
TELE,2024-02-21,7.02,7.26,6.97,7.15,4054200,psxdata,2026-05-11T12:51:00
TELE,2024-02-22,7.19,7.35,7.11,7.26,4356416,psxdata,2026-05-11T12:51:00
TELE,2024-02-23,7.2,7.28,7.05,7.13,2945762,psxdata,2026-05-11T12:51:00
TELE,2024-02-26,7.19,7.38,7.15,7.22,5037796,psxdata,2026-05-11T12:51:00
TELE,2024-02-27,7.29,7.31,7.01,7.07,1879890,psxdata,2026-05-11T12:51:00
TELE,2024-02-28,7.19,8.07,7.19,8.07,17021859,psxdata,2026-05-11T12:51:00
TELE,2024-02-29,8.38,8.48,7.74,7.79,17385214,psxdata,2026-05-11T12:51:00
TELE,2024-03-01,7.85,7.9,7.6,7.78,2839658,psxdata,2026-05-11T12:51:00
TELE,2024-03-04,7.82,8.3,7.82,8.19,16443665,psxdata,2026-05-11T12:51:00
TELE,2024-03-05,8.22,8.37,7.99,8.09,7554612,psxdata,2026-05-11T12:51:00
TELE,2024-03-06,8.07,9.09,8.03,8.48,25684671,psxdata,2026-05-11T12:51:00
TELE,2024-03-07,8.5,8.94,8.37,8.57,22636636,psxdata,2026-05-11T12:51:00
TELE,2024-03-08,8.6,9.48,8.6,9.35,32684177,psxdata,2026-05-11T12:51:00
TELE,2024-03-11,9.4,9.65,8.92,9.08,20951791,psxdata,2026-05-11T12:51:00
TELE,2024-03-12,9.06,9.13,8.37,8.42,9158481,psxdata,2026-05-11T12:51:00
TELE,2024-03-13,8.36,8.54,7.9,7.97,8633327,psxdata,2026-05-11T12:51:00
TELE,2024-03-14,8.0,8.75,8.0,8.65,12892990,psxdata,2026-05-11T12:51:00
TELE,2024-03-15,8.71,9.06,8.62,8.67,9771913,psxdata,2026-05-11T12:51:00
TELE,2024-03-18,8.7,9.28,8.45,9.0,14676033,psxdata,2026-05-11T12:51:00
TELE,2024-03-19,9.11,9.59,8.99,9.23,20828617,psxdata,2026-05-11T12:51:00
TELE,2024-03-20,9.4,9.55,8.85,8.95,14258204,psxdata,2026-05-11T12:51:00
TELE,2024-03-21,8.95,8.96,8.52,8.58,5969050,psxdata,2026-05-11T12:51:00
TELE,2024-03-22,8.6,8.83,8.39,8.59,2936340,psxdata,2026-05-11T12:51:00
TELE,2024-03-25,8.79,8.79,8.4,8.52,3237555,psxdata,2026-05-11T12:51:00
TELE,2024-03-26,8.67,8.67,8.41,8.49,2886770,psxdata,2026-05-11T12:51:00
TELE,2024-03-27,8.6,9.44,8.4,9.24,29177124,psxdata,2026-05-11T12:51:00
TELE,2024-03-28,9.6,9.74,9.13,9.29,25547322,psxdata,2026-05-11T12:51:00
TELE,2024-03-29,9.27,9.28,8.71,9.06,6690841,psxdata,2026-05-11T12:51:00
TELE,2024-04-01,9.1,9.17,8.85,8.93,4690421,psxdata,2026-05-11T12:51:00
TELE,2024-04-02,8.89,9.28,8.89,9.07,9534499,psxdata,2026-05-11T12:51:00
TELE,2024-04-03,9.1,9.18,8.9,8.97,4373589,psxdata,2026-05-11T12:51:00
TELE,2024-04-04,9.09,9.44,8.92,9.37,12358668,psxdata,2026-05-11T12:51:00
TELE,2024-04-08,9.41,9.51,9.2,9.22,4953842,psxdata,2026-05-11T12:51:00
TELE,2024-04-09,9.14,9.24,9.05,9.09,2553334,psxdata,2026-05-11T12:51:00
TELE,2024-04-15,8.9,9.25,8.9,8.98,8517415,psxdata,2026-05-11T12:51:00
TELE,2024-04-16,9.02,9.19,8.9,8.93,4811352,psxdata,2026-05-11T12:51:00
TELE,2024-04-17,8.92,9.13,8.87,8.91,4900130,psxdata,2026-05-11T12:51:00
TELE,2024-04-18,9.05,9.05,8.64,8.71,5248043,psxdata,2026-05-11T12:51:00
TELE,2024-04-19,8.7,9.05,8.57,8.8,9956892,psxdata,2026-05-11T12:51:00
TELE,2024-04-22,8.8,9.25,8.73,9.08,13626794,psxdata,2026-05-11T12:51:00
TELE,2024-04-23,9.24,9.4,9.0,9.04,11128589,psxdata,2026-05-11T12:51:00
TELE,2024-04-24,9.05,9.27,8.9,9.19,17620891,psxdata,2026-05-11T12:51:00
TELE,2024-04-25,9.19,9.49,9.1,9.25,22416122,psxdata,2026-05-11T12:51:00
TELE,2024-04-26,9.2,9.35,9.06,9.13,5324035,psxdata,2026-05-11T12:51:00
TELE,2024-04-29,9.15,9.56,9.09,9.25,18144974,psxdata,2026-05-11T12:51:00
TELE,2024-04-30,9.3,9.38,8.31,8.41,17205569,psxdata,2026-05-11T12:51:00
TELE,2024-05-02,8.5,8.6,8.2,8.27,3846045,psxdata,2026-05-11T12:51:00
TELE,2024-05-03,8.32,8.5,8.25,8.34,2384196,psxdata,2026-05-11T12:51:00
TELE,2024-05-06,8.49,8.65,8.3,8.48,3772721,psxdata,2026-05-11T12:51:00
TELE,2024-05-07,8.46,8.7,8.37,8.48,5957080,psxdata,2026-05-11T12:51:00
TELE,2024-05-08,8.5,8.91,8.4,8.47,12400044,psxdata,2026-05-11T12:51:00
TELE,2024-05-09,8.5,9.1,8.5,8.94,14004075,psxdata,2026-05-11T12:51:00
TELE,2024-05-10,9.12,9.19,8.79,8.82,9639111,psxdata,2026-05-11T12:51:00
TELE,2024-05-13,8.77,9.12,8.77,8.86,10129085,psxdata,2026-05-11T12:51:00
TELE,2024-05-14,8.9,8.94,8.7,8.79,4578225,psxdata,2026-05-11T12:51:00
TELE,2024-05-15,8.8,8.9,8.61,8.64,4370546,psxdata,2026-05-11T12:51:00
TELE,2024-05-16,8.66,8.74,8.5,8.54,2583939,psxdata,2026-05-11T12:51:00
TELE,2024-05-17,8.58,8.8,8.5,8.55,3123068,psxdata,2026-05-11T12:51:00
TELE,2024-05-20,8.55,8.78,8.5,8.54,5043205,psxdata,2026-05-11T12:51:00
TELE,2024-05-21,8.55,8.75,8.45,8.49,5391769,psxdata,2026-05-11T12:51:00
TELE,2024-05-22,8.6,8.61,8.3,8.39,2838535,psxdata,2026-05-11T12:51:00
TELE,2024-05-23,8.47,8.54,8.2,8.4,2983238,psxdata,2026-05-11T12:51:00
TELE,2024-05-24,8.3,8.59,8.3,8.39,2295755,psxdata,2026-05-11T12:51:00
TELE,2024-05-27,8.31,8.5,8.21,8.35,1948250,psxdata,2026-05-11T12:51:00
TELE,2024-05-29,8.41,8.5,8.2,8.22,1983943,psxdata,2026-05-11T12:51:00
TELE,2024-05-30,8.17,8.29,7.92,7.96,3450133,psxdata,2026-05-11T12:51:00
TELE,2024-05-31,8.0,8.29,7.97,8.08,3873846,psxdata,2026-05-11T12:51:00
TELE,2024-06-03,8.22,8.4,8.12,8.36,3343113,psxdata,2026-05-11T12:51:00
TELE,2024-06-04,8.3,8.44,8.12,8.18,3431546,psxdata,2026-05-11T12:51:00
TELE,2024-06-05,8.2,8.29,7.9,7.97,2242440,psxdata,2026-05-11T12:51:00
TELE,2024-06-06,8.06,8.14,7.9,7.98,3744282,psxdata,2026-05-11T12:51:00
TELE,2024-06-07,8.0,8.0,7.52,7.83,1936877,psxdata,2026-05-11T12:51:00
TELE,2024-06-10,7.8,7.99,7.7,7.81,556065,psxdata,2026-05-11T12:51:00
TELE,2024-06-11,7.9,7.95,7.46,7.55,806478,psxdata,2026-05-11T12:51:00
TELE,2024-06-12,7.67,7.85,7.45,7.68,1094119,psxdata,2026-05-11T12:51:00
TELE,2024-06-13,7.69,7.96,7.69,7.9,1553155,psxdata,2026-05-11T12:51:00
TELE,2024-06-14,7.91,8.13,7.82,7.9,2236417,psxdata,2026-05-11T12:51:00
TELE,2024-06-20,7.91,8.0,7.81,7.89,1092855,psxdata,2026-05-11T12:51:00
TELE,2024-06-21,7.83,7.98,7.75,7.86,703228,psxdata,2026-05-11T12:51:00
TELE,2024-06-24,7.8,7.81,7.64,7.67,1049937,psxdata,2026-05-11T12:51:00
TELE,2024-06-25,7.74,7.76,7.59,7.61,600307,psxdata,2026-05-11T12:51:00
TELE,2024-06-26,7.69,7.74,7.3,7.33,2301136,psxdata,2026-05-11T12:51:00
TELE,2024-06-27,7.32,7.44,7.2,7.3,810182,psxdata,2026-05-11T12:51:00
TELE,2024-06-28,7.38,7.4,7.15,7.22,1765620,psxdata,2026-05-11T12:51:00
TELE,2024-07-01,7.38,7.54,7.22,7.41,882889,psxdata,2026-05-11T12:51:00
TELE,2024-07-02,7.41,7.6,7.41,7.59,889343,psxdata,2026-05-11T12:51:00
TELE,2024-07-03,7.6,8.22,7.6,8.08,8952519,psxdata,2026-05-11T12:51:00
TELE,2024-07-04,8.18,8.3,8.03,8.13,3592790,psxdata,2026-05-11T12:51:00
TELE,2024-07-05,8.15,8.2,7.86,7.92,2141511,psxdata,2026-05-11T12:51:00
TELE,2024-07-08,7.98,7.98,7.61,7.75,1297421,psxdata,2026-05-11T12:51:00
TELE,2024-07-09,7.71,8.02,7.71,7.8,2090396,psxdata,2026-05-11T12:51:00
TELE,2024-07-10,7.8,7.91,7.67,7.7,1157658,psxdata,2026-05-11T12:51:00
TELE,2024-07-11,7.66,7.77,7.36,7.5,2190275,psxdata,2026-05-11T12:51:00
TELE,2024-07-12,7.5,7.51,7.0,7.4,1782793,psxdata,2026-05-11T12:51:00
TELE,2024-07-15,7.48,7.69,7.4,7.45,1831105,psxdata,2026-05-11T12:51:00
TELE,2024-07-18,7.6,7.98,7.56,7.76,6721966,psxdata,2026-05-11T12:51:00
TELE,2024-07-19,7.8,7.9,7.4,7.47,2076368,psxdata,2026-05-11T12:51:00
TELE,2024-07-22,7.51,7.51,7.09,7.11,2289334,psxdata,2026-05-11T12:51:00
TELE,2024-07-23,7.16,7.31,7.13,7.22,1034603,psxdata,2026-05-11T12:51:00
TELE,2024-07-24,7.27,7.48,7.18,7.37,2065798,psxdata,2026-05-11T12:51:00
TELE,2024-07-25,7.31,7.5,7.23,7.25,703951,psxdata,2026-05-11T12:51:00
TELE,2024-07-26,7.21,7.48,7.06,7.12,1271810,psxdata,2026-05-11T12:51:00
TELE,2024-07-29,7.13,7.34,7.13,7.21,873574,psxdata,2026-05-11T12:51:00
TELE,2024-07-30,7.24,7.28,7.11,7.14,475170,psxdata,2026-05-11T12:51:00
TELE,2024-07-31,7.21,7.37,7.0,7.06,1451833,psxdata,2026-05-11T12:51:00
TELE,2024-08-01,7.18,7.18,6.97,7.0,868893,psxdata,2026-05-11T12:51:00
TELE,2024-08-02,7.14,7.27,7.0,7.04,2802793,psxdata,2026-05-11T12:51:00
TELE,2024-08-05,7.13,7.46,6.99,7.3,7052053,psxdata,2026-05-11T12:51:00
TELE,2024-08-06,7.4,8.19,7.31,7.66,24537012,psxdata,2026-05-11T12:51:00
TELE,2024-08-07,7.65,7.9,7.4,7.5,3630768,psxdata,2026-05-11T12:51:00
TELE,2024-08-08,7.51,7.56,7.33,7.41,2900899,psxdata,2026-05-11T12:51:00
TELE,2024-08-09,7.31,7.48,7.31,7.39,916041,psxdata,2026-05-11T12:51:00
TELE,2024-08-12,7.46,8.14,7.26,7.7,12439474,psxdata,2026-05-11T12:51:00
TELE,2024-08-13,7.8,8.19,7.65,8.11,7035989,psxdata,2026-05-11T12:51:00
TELE,2024-08-15,8.2,8.56,8.15,8.39,24083042,psxdata,2026-05-11T12:51:00
TELE,2024-08-16,8.34,8.4,7.75,7.85,9523703,psxdata,2026-05-11T12:51:00
TELE,2024-08-19,7.98,7.98,7.45,7.5,4574936,psxdata,2026-05-11T12:51:00
TELE,2024-08-20,7.59,7.78,7.38,7.6,3955018,psxdata,2026-05-11T12:51:00
TELE,2024-08-21,7.68,7.9,7.65,7.77,5855632,psxdata,2026-05-11T12:51:00
TELE,2024-08-22,7.75,7.8,7.62,7.66,3324846,psxdata,2026-05-11T12:51:00
TELE,2024-08-23,7.65,7.86,7.6,7.66,1861194,psxdata,2026-05-11T12:51:00
TELE,2024-08-26,7.66,7.7,7.48,7.52,1133195,psxdata,2026-05-11T12:51:00
TELE,2024-08-27,7.5,7.69,7.5,7.58,2235181,psxdata,2026-05-11T12:51:00
TELE,2024-08-28,7.65,7.68,7.37,7.42,3098120,psxdata,2026-05-11T12:51:00
TELE,2024-08-29,7.41,7.57,7.3,7.35,3632718,psxdata,2026-05-11T12:51:00
TELE,2024-08-30,7.36,7.51,7.31,7.35,3419708,psxdata,2026-05-11T12:51:00
TELE,2024-09-02,7.4,7.49,7.3,7.32,1469514,psxdata,2026-05-11T12:51:00
TELE,2024-09-03,7.31,7.4,7.26,7.33,1243949,psxdata,2026-05-11T12:51:00
TELE,2024-09-04,7.33,7.9,7.3,7.66,10807791,psxdata,2026-05-11T12:51:00
TELE,2024-09-05,7.68,7.77,7.55,7.62,1837118,psxdata,2026-05-11T12:51:00
TELE,2024-09-06,7.55,7.88,7.51,7.79,5312077,psxdata,2026-05-11T12:51:00
TELE,2024-09-09,7.79,8.15,7.79,7.93,11198841,psxdata,2026-05-11T12:51:00
TELE,2024-09-10,7.94,7.97,7.52,7.8,1706142,psxdata,2026-05-11T12:51:00
TELE,2024-09-11,7.8,7.91,7.61,7.68,3200828,psxdata,2026-05-11T12:51:00
TELE,2024-09-12,7.71,8.08,7.7,8.03,6088403,psxdata,2026-05-11T12:51:00
TELE,2024-09-13,8.2,8.29,7.75,7.83,5704665,psxdata,2026-05-11T12:51:00
TELE,2024-09-16,7.85,7.86,7.62,7.7,926826,psxdata,2026-05-11T12:51:00
TELE,2024-09-18,7.8,7.8,7.5,7.72,1573907,psxdata,2026-05-11T12:51:00
TELE,2024-09-19,7.7,7.76,7.48,7.5,1973320,psxdata,2026-05-11T12:51:00
TELE,2024-09-20,7.58,7.58,7.36,7.42,1859720,psxdata,2026-05-11T12:51:00
TELE,2024-09-23,7.42,7.51,7.15,7.24,5964846,psxdata,2026-05-11T12:51:00
TELE,2024-09-24,7.24,7.35,7.18,7.23,692562,psxdata,2026-05-11T12:51:00
TELE,2024-09-25,7.22,7.4,7.22,7.32,1642340,psxdata,2026-05-11T12:51:00
TELE,2024-09-26,7.58,7.58,7.2,7.24,1626074,psxdata,2026-05-11T12:51:00
TELE,2024-09-27,7.27,7.27,7.01,7.06,3776164,psxdata,2026-05-11T12:51:00
TELE,2024-09-30,7.07,7.17,6.95,7.03,1567659,psxdata,2026-05-11T12:51:00
TELE,2024-10-01,7.03,7.15,7.03,7.11,1379179,psxdata,2026-05-11T12:51:00
TELE,2024-10-02,7.1,7.16,7.0,7.04,1492618,psxdata,2026-05-11T12:51:00
TELE,2024-10-03,7.14,7.14,6.95,6.97,2642246,psxdata,2026-05-11T12:51:00
TELE,2024-10-04,6.97,7.06,6.94,7.02,944069,psxdata,2026-05-11T12:51:00
TELE,2024-10-07,7.0,7.13,6.94,7.09,1065117,psxdata,2026-05-11T12:51:00
TELE,2024-10-08,7.06,7.26,7.03,7.11,2959339,psxdata,2026-05-11T12:51:00
TELE,2024-10-09,7.24,7.26,7.09,7.16,4904599,psxdata,2026-05-11T12:51:00
TELE,2024-10-10,7.19,7.25,7.04,7.07,3557421,psxdata,2026-05-11T12:51:00
TELE,2024-10-11,7.03,7.11,6.82,6.96,1622182,psxdata,2026-05-11T12:51:00
TELE,2024-10-14,6.96,7.11,6.75,6.87,2681877,psxdata,2026-05-11T12:51:00
TELE,2024-10-15,6.71,6.94,6.7,6.91,2737118,psxdata,2026-05-11T12:51:00
TELE,2024-10-16,6.8,7.06,6.8,6.92,4254416,psxdata,2026-05-11T12:51:00
TELE,2024-10-17,6.99,7.06,6.85,7.0,1573816,psxdata,2026-05-11T12:51:00
TELE,2024-10-18,7.0,7.03,6.89,6.91,910983,psxdata,2026-05-11T12:51:00
TELE,2024-10-21,6.91,7.02,6.9,6.99,1713970,psxdata,2026-05-11T12:51:00
TELE,2024-10-22,7.03,7.05,6.98,7.03,1465766,psxdata,2026-05-11T12:51:00
TELE,2024-10-23,7.02,7.55,6.91,7.44,15382424,psxdata,2026-05-11T12:51:00
TELE,2024-10-24,7.55,7.69,7.39,7.47,14258877,psxdata,2026-05-11T12:51:00
TELE,2024-10-25,7.41,7.61,7.01,7.1,8110822,psxdata,2026-05-11T12:51:00
TELE,2024-10-28,7.14,7.3,7.0,7.05,3369627,psxdata,2026-05-11T12:51:00
TELE,2024-10-29,7.05,7.1,6.9,6.94,3260130,psxdata,2026-05-11T12:51:00
TELE,2024-10-30,7.02,7.24,6.9,6.99,3274504,psxdata,2026-05-11T12:51:00
TELE,2024-10-31,6.99,7.18,6.9,7.13,8168958,psxdata,2026-05-11T12:51:00
TELE,2024-11-01,7.14,7.14,6.95,7.04,2987709,psxdata,2026-05-11T12:51:00
TELE,2024-11-04,7.04,7.35,7.01,7.23,12684032,psxdata,2026-05-11T12:51:00
TELE,2024-11-05,7.3,7.34,7.02,7.19,2806168,psxdata,2026-05-11T12:51:00
TELE,2024-11-06,7.28,7.42,7.0,7.21,10820924,psxdata,2026-05-11T12:51:00
TELE,2024-11-07,7.34,7.42,7.25,7.29,7164702,psxdata,2026-05-11T12:51:00
TELE,2024-11-08,7.4,7.44,7.21,7.24,3509565,psxdata,2026-05-11T12:51:00
TELE,2024-11-11,7.3,7.53,7.27,7.37,8685390,psxdata,2026-05-11T12:51:00
TELE,2024-11-12,7.5,7.61,7.2,7.39,11823390,psxdata,2026-05-11T12:51:00
TELE,2024-11-13,7.4,7.85,7.38,7.71,18808385,psxdata,2026-05-11T12:51:00
TELE,2024-11-14,7.79,8.15,7.72,7.96,29162423,psxdata,2026-05-11T12:51:00
TELE,2024-11-15,8.1,8.11,7.62,7.67,8903315,psxdata,2026-05-11T12:51:00
TELE,2024-11-18,7.67,7.74,7.54,7.57,4495832,psxdata,2026-05-11T12:51:00
TELE,2024-11-19,7.65,7.97,7.6,7.9,9647266,psxdata,2026-05-11T12:51:00
TELE,2024-11-20,8.08,8.5,8.05,8.23,36937252,psxdata,2026-05-11T12:51:00
TELE,2024-11-21,8.3,8.65,8.07,8.31,22295781,psxdata,2026-05-11T12:51:00
TELE,2024-11-22,8.35,8.46,7.79,7.86,8786825,psxdata,2026-05-11T12:51:00
TELE,2024-11-25,7.55,7.85,7.42,7.76,4230411,psxdata,2026-05-11T12:51:00
TELE,2024-11-26,7.8,7.8,7.13,7.22,7682648,psxdata,2026-05-11T12:51:00
TELE,2024-11-27,7.5,7.68,7.37,7.59,7542497,psxdata,2026-05-11T12:51:00
TELE,2024-11-28,7.61,8.07,7.61,7.99,10831531,psxdata,2026-05-11T12:51:00
TELE,2024-11-29,8.03,8.15,7.79,7.84,7659910,psxdata,2026-05-11T12:51:00
TELE,2024-12-02,7.89,8.3,7.89,8.21,15589323,psxdata,2026-05-11T12:51:00
TELE,2024-12-03,8.35,8.48,8.01,8.27,17215708,psxdata,2026-05-11T12:51:00
TELE,2024-12-04,8.35,8.64,8.25,8.45,27743994,psxdata,2026-05-11T12:51:00
TELE,2024-12-05,8.55,8.65,8.41,8.51,15648067,psxdata,2026-05-11T12:51:00
TELE,2024-12-06,8.54,9.24,8.53,8.9,45317621,psxdata,2026-05-11T12:51:00
TELE,2024-12-09,9.2,9.9,9.02,9.9,53532581,psxdata,2026-05-11T12:51:00
TELE,2024-12-10,10.2,10.32,9.2,9.42,64202370,psxdata,2026-05-11T12:51:00
TELE,2024-12-11,9.62,9.89,9.6,9.69,19873250,psxdata,2026-05-11T12:51:00
TELE,2024-12-12,9.88,10.06,9.61,9.88,20340207,psxdata,2026-05-11T12:51:00
TELE,2024-12-13,9.97,10.06,9.4,9.63,10993878,psxdata,2026-05-11T12:51:00
TELE,2024-12-16,9.7,9.79,9.3,9.41,10566989,psxdata,2026-05-11T12:51:00
TELE,2024-12-17,9.49,9.6,9.13,9.23,10086998,psxdata,2026-05-11T12:51:00
TELE,2024-12-18,9.3,9.6,8.9,9.02,15900369,psxdata,2026-05-11T12:51:00
TELE,2024-12-19,8.8,9.25,8.11,8.22,14548089,psxdata,2026-05-11T12:51:00
TELE,2024-12-20,8.22,8.37,7.81,8.3,6578086,psxdata,2026-05-11T12:51:00
TELE,2024-12-23,8.49,8.92,8.35,8.74,9531785,psxdata,2026-05-11T12:51:00
TELE,2024-12-24,8.9,8.91,8.4,8.45,3911771,psxdata,2026-05-11T12:51:00
TELE,2024-12-26,8.42,8.52,8.3,8.39,3443542,psxdata,2026-05-11T12:51:00
TELE,2024-12-27,8.48,8.75,8.3,8.63,10862110,psxdata,2026-05-11T12:51:00
TELE,2024-12-30,8.68,9.63,8.68,9.63,26616811,psxdata,2026-05-11T12:51:00
TELE,2024-12-31,9.88,10.18,9.63,9.7,34631623,psxdata,2026-05-11T12:51:00
TELE,2025-01-01,9.75,10.05,9.51,9.78,14121374,psxdata,2026-05-11T12:51:00
TELE,2025-01-02,9.75,10.78,9.75,10.52,61073411,psxdata,2026-05-11T12:51:00
TELE,2025-01-03,10.51,10.68,10.01,10.15,23616641,psxdata,2026-05-11T12:51:00
TELE,2025-01-06,10.15,10.15,9.35,9.44,16384975,psxdata,2026-05-11T12:51:00
TELE,2025-01-07,9.4,9.49,8.9,9.24,9544667,psxdata,2026-05-11T12:51:00
TELE,2025-01-08,9.37,9.54,8.9,9.0,6739056,psxdata,2026-05-11T12:51:00
TELE,2025-01-09,8.94,9.4,8.6,8.73,13170256,psxdata,2026-05-11T12:51:00
TELE,2025-01-10,8.73,8.83,8.5,8.66,4826802,psxdata,2026-05-11T12:51:00
TELE,2025-01-13,8.62,9.34,8.62,9.12,14985642,psxdata,2026-05-11T12:51:00
TELE,2025-01-14,9.19,9.81,9.12,9.54,19836175,psxdata,2026-05-11T12:51:00
TELE,2025-01-15,9.6,9.66,9.21,9.26,10794567,psxdata,2026-05-11T12:51:00
TELE,2025-01-16,9.01,9.27,9.01,9.11,4123538,psxdata,2026-05-11T12:51:00
TELE,2025-01-17,9.15,9.29,9.0,9.14,3871555,psxdata,2026-05-11T12:51:00
TELE,2025-01-20,9.25,9.35,9.09,9.12,7439086,psxdata,2026-05-11T12:51:00
TELE,2025-01-21,9.13,9.26,8.8,8.91,5929384,psxdata,2026-05-11T12:51:00
TELE,2025-01-22,8.9,8.96,8.6,8.76,4545515,psxdata,2026-05-11T12:51:00
TELE,2025-01-23,8.79,8.95,8.69,8.84,3242593,psxdata,2026-05-11T12:51:00
TELE,2025-01-24,9.0,9.06,8.81,8.87,2979036,psxdata,2026-05-11T12:51:00
TELE,2025-01-27,8.95,8.97,8.6,8.64,2456935,psxdata,2026-05-11T12:51:00
TELE,2025-01-28,8.75,8.75,8.28,8.36,4601308,psxdata,2026-05-11T12:51:00
TELE,2025-01-29,8.4,8.42,8.14,8.24,2836770,psxdata,2026-05-11T12:51:00
TELE,2025-01-30,8.34,8.71,8.26,8.6,5830196,psxdata,2026-05-11T12:51:00
TELE,2025-01-31,8.75,8.89,8.49,8.53,9707806,psxdata,2026-05-11T12:51:00
TELE,2025-02-03,8.5,8.56,8.21,8.27,2229368,psxdata,2026-05-11T12:51:00
TELE,2025-02-04,8.27,8.45,8.11,8.21,3915135,psxdata,2026-05-11T12:51:00
TELE,2025-02-06,8.21,8.29,7.98,8.02,4385167,psxdata,2026-05-11T12:51:00
TELE,2025-02-07,8.09,8.25,7.94,8.17,2714637,psxdata,2026-05-11T12:51:00
TELE,2025-02-10,8.3,8.38,8.05,8.25,2462177,psxdata,2026-05-11T12:51:00
TELE,2025-02-11,8.38,8.6,8.25,8.53,4850453,psxdata,2026-05-11T12:51:00
TELE,2025-02-12,8.53,8.57,8.37,8.42,1725452,psxdata,2026-05-11T12:51:00
TELE,2025-02-13,8.44,8.53,8.31,8.38,2271819,psxdata,2026-05-11T12:51:00
TELE,2025-02-14,8.25,8.44,8.08,8.14,1855347,psxdata,2026-05-11T12:51:00
TELE,2025-02-17,8.14,8.2,7.96,8.02,2003458,psxdata,2026-05-11T12:51:00
TELE,2025-02-18,8.01,8.15,7.9,8.06,1686724,psxdata,2026-05-11T12:51:00
TELE,2025-02-19,8.07,8.34,8.07,8.19,3907570,psxdata,2026-05-11T12:51:00
TELE,2025-02-20,8.2,8.64,8.19,8.3,7876815,psxdata,2026-05-11T12:51:00
TELE,2025-02-21,8.3,8.64,8.26,8.4,5255428,psxdata,2026-05-11T12:51:00
TELE,2025-02-24,8.35,8.38,8.2,8.31,2912271,psxdata,2026-05-11T12:51:00
TELE,2025-02-25,8.31,8.4,8.2,8.26,1271373,psxdata,2026-05-11T12:51:00
TELE,2025-02-26,8.25,8.35,8.16,8.27,1322154,psxdata,2026-05-11T12:51:00
TELE,2025-02-27,8.26,8.37,8.21,8.25,1011194,psxdata,2026-05-11T12:51:00
TELE,2025-02-28,8.34,8.34,7.95,7.99,3138281,psxdata,2026-05-11T12:51:00
TELE,2025-03-03,8.01,8.09,7.91,7.98,718431,psxdata,2026-05-11T12:51:00
TELE,2025-03-04,8.01,8.06,7.9,7.98,1636104,psxdata,2026-05-11T12:51:00
TELE,2025-03-05,7.98,8.03,7.85,7.87,790343,psxdata,2026-05-11T12:51:00
TELE,2025-03-06,7.91,7.95,7.81,7.86,1642482,psxdata,2026-05-11T12:51:00
TELE,2025-03-07,7.96,7.96,7.85,7.87,598285,psxdata,2026-05-11T12:51:00
TELE,2025-03-10,7.87,7.98,7.8,7.87,362924,psxdata,2026-05-11T12:51:00
TELE,2025-03-11,7.82,7.9,7.68,7.78,1170431,psxdata,2026-05-11T12:51:00
TELE,2025-03-12,7.83,7.83,7.71,7.74,858888,psxdata,2026-05-11T12:51:00
TELE,2025-03-13,7.79,7.95,7.7,7.87,1379653,psxdata,2026-05-11T12:51:00
TELE,2025-03-14,7.89,7.98,7.85,7.88,924631,psxdata,2026-05-11T12:51:00
TELE,2025-03-17,7.99,8.0,7.63,7.8,1943698,psxdata,2026-05-11T12:51:00
TELE,2025-03-18,7.92,7.94,7.85,7.88,1027489,psxdata,2026-05-11T12:51:00
TELE,2025-03-19,7.95,8.18,7.86,8.11,3979442,psxdata,2026-05-11T12:51:00
TELE,2025-03-20,8.2,8.28,8.03,8.1,2733398,psxdata,2026-05-11T12:51:00
TELE,2025-03-21,8.09,8.14,7.99,8.01,2420829,psxdata,2026-05-11T12:51:00
TELE,2025-03-24,8.04,8.05,7.82,7.87,1615341,psxdata,2026-05-11T12:51:00
TELE,2025-03-25,7.87,7.9,7.79,7.82,1137061,psxdata,2026-05-11T12:51:00
TELE,2025-03-26,7.89,7.92,7.68,7.75,2394322,psxdata,2026-05-11T12:51:00
TELE,2025-03-27,7.88,7.88,7.68,7.73,1641223,psxdata,2026-05-11T12:51:00
TELE,2025-04-03,7.78,7.89,7.73,7.84,1341122,psxdata,2026-05-11T12:51:00
TELE,2025-04-04,7.89,7.98,7.51,7.73,1554585,psxdata,2026-05-11T12:51:00
TELE,2025-04-07,7.65,7.65,6.73,7.12,6019546,psxdata,2026-05-11T12:51:00
TELE,2025-04-08,7.25,7.34,7.12,7.24,1638553,psxdata,2026-05-11T12:51:00
TELE,2025-04-09,7.22,7.22,6.85,6.95,2839833,psxdata,2026-05-11T12:51:00
TELE,2025-04-10,7.15,7.27,7.14,7.23,3152956,psxdata,2026-05-11T12:51:00
TELE,2025-04-11,7.18,7.25,7.09,7.15,1399682,psxdata,2026-05-11T12:51:00
TELE,2025-04-14,7.11,7.22,7.05,7.1,2526945,psxdata,2026-05-11T12:51:00
TELE,2025-04-15,7.16,7.44,7.15,7.38,6217260,psxdata,2026-05-11T12:51:00
TELE,2025-04-16,7.43,7.55,7.3,7.32,3588206,psxdata,2026-05-11T12:51:00
TELE,2025-04-17,7.22,7.4,7.2,7.28,1148719,psxdata,2026-05-11T12:51:00
TELE,2025-04-18,7.29,7.35,7.15,7.21,890700,psxdata,2026-05-11T12:51:00
TELE,2025-04-21,7.25,7.3,7.03,7.27,1541686,psxdata,2026-05-11T12:51:00
TELE,2025-04-22,7.33,7.62,7.2,7.47,7980185,psxdata,2026-05-11T12:51:00
TELE,2025-04-23,7.51,7.86,7.48,7.68,16541049,psxdata,2026-05-11T12:51:00
TELE,2025-04-24,7.68,7.68,7.36,7.39,5207653,psxdata,2026-05-11T12:51:00
TELE,2025-04-25,7.39,7.49,7.11,7.17,2768204,psxdata,2026-05-11T12:51:00
TELE,2025-04-28,7.18,7.5,7.0,7.03,3916448,psxdata,2026-05-11T12:51:00
TELE,2025-04-29,7.08,7.17,6.94,7.03,3148078,psxdata,2026-05-11T12:51:00
TELE,2025-04-30,7.1,7.12,6.71,6.82,2493121,psxdata,2026-05-11T12:51:00
TELE,2025-05-02,7.18,7.18,6.85,6.98,1939466,psxdata,2026-05-11T12:51:00
TELE,2025-05-05,7.01,7.1,6.86,6.99,1225658,psxdata,2026-05-11T12:51:00
TELE,2025-05-06,7.04,7.2,6.99,7.01,2675644,psxdata,2026-05-11T12:51:00
TELE,2025-05-07,6.3,6.79,6.3,6.39,9586719,psxdata,2026-05-11T12:51:00
TELE,2025-05-08,6.5,6.64,5.42,5.6,6267707,psxdata,2026-05-11T12:51:00
TELE,2025-05-09,5.6,5.99,5.45,5.94,4405900,psxdata,2026-05-11T12:51:00
TELE,2025-05-12,6.75,6.94,6.5,6.91,11795225,psxdata,2026-05-11T12:51:00
TELE,2025-05-13,7.05,7.07,6.71,6.99,6954542,psxdata,2026-05-11T12:51:00
TELE,2025-05-14,6.91,7.3,6.88,7.21,11149525,psxdata,2026-05-11T12:51:00
TELE,2025-05-15,7.29,7.62,7.2,7.56,13807235,psxdata,2026-05-11T12:51:00
TELE,2025-05-16,7.63,7.83,7.4,7.46,10714086,psxdata,2026-05-11T12:51:00
TELE,2025-05-19,7.5,7.62,7.39,7.54,4544383,psxdata,2026-05-11T12:51:00
TELE,2025-05-20,7.57,7.57,7.3,7.37,4097291,psxdata,2026-05-11T12:51:00
TELE,2025-05-21,7.38,7.66,7.32,7.55,3847882,psxdata,2026-05-11T12:51:00
TELE,2025-05-22,7.6,7.69,7.3,7.36,1635067,psxdata,2026-05-11T12:51:00
TELE,2025-05-23,7.47,7.47,7.25,7.29,930852,psxdata,2026-05-11T12:51:00
TELE,2025-05-26,7.33,8.29,7.26,8.22,30010235,psxdata,2026-05-11T12:51:00
TELE,2025-05-27,8.29,8.4,7.84,7.96,19627561,psxdata,2026-05-11T12:51:00
TELE,2025-05-29,8.05,8.37,7.99,8.15,16998458,psxdata,2026-05-11T12:51:00
TELE,2025-05-30,8.17,8.25,7.83,7.91,6286183,psxdata,2026-05-11T12:51:00
TELE,2025-06-02,7.99,8.25,7.81,8.04,7869083,psxdata,2026-05-11T12:51:00
TELE,2025-06-03,8.0,8.15,7.89,8.0,3811335,psxdata,2026-05-11T12:51:00
TELE,2025-06-04,8.06,8.09,7.92,8.01,2352063,psxdata,2026-05-11T12:51:00
TELE,2025-06-05,8.06,8.21,8.0,8.06,6719554,psxdata,2026-05-11T12:51:00
TELE,2025-06-10,8.19,8.19,7.95,7.97,3177303,psxdata,2026-05-11T12:51:00
TELE,2025-06-11,8.0,8.09,7.89,7.91,4852374,psxdata,2026-05-11T12:51:00
TELE,2025-06-12,7.97,8.05,7.78,7.82,4886311,psxdata,2026-05-11T12:51:00
TELE,2025-06-13,7.8,7.8,7.6,7.69,2636165,psxdata,2026-05-11T12:51:00
TELE,2025-06-16,7.7,8.0,7.7,7.91,5834020,psxdata,2026-05-11T12:51:00
TELE,2025-06-17,7.91,8.14,7.82,7.86,8556250,psxdata,2026-05-11T12:51:00
TELE,2025-06-18,7.96,7.96,7.63,7.66,2796816,psxdata,2026-05-11T12:51:00
TELE,2025-06-19,7.7,7.88,7.45,7.5,4154392,psxdata,2026-05-11T12:51:00
TELE,2025-06-20,7.59,7.6,7.32,7.35,2531629,psxdata,2026-05-11T12:51:00
TELE,2025-06-23,7.2,7.26,6.93,6.97,3570260,psxdata,2026-05-11T12:51:00
TELE,2025-06-24,7.1,7.57,7.1,7.46,4442770,psxdata,2026-05-11T12:51:00
TELE,2025-06-25,7.51,7.69,7.41,7.5,3776548,psxdata,2026-05-11T12:51:00
TELE,2025-06-26,7.55,7.73,7.5,7.54,3193748,psxdata,2026-05-11T12:51:00
TELE,2025-06-27,7.6,7.68,7.51,7.56,3313231,psxdata,2026-05-11T12:51:00
TELE,2025-06-30,7.6,8.05,7.6,7.88,14022672,psxdata,2026-05-11T12:51:00
TELE,2025-07-01,7.99,8.27,7.89,8.24,21933443,psxdata,2026-05-11T12:51:00
TELE,2025-07-02,8.26,8.26,7.95,8.01,10529321,psxdata,2026-05-11T12:51:00
TELE,2025-07-03,8.05,8.2,7.9,8.0,6857596,psxdata,2026-05-11T12:51:00
TELE,2025-07-04,8.04,8.16,7.97,8.13,4549884,psxdata,2026-05-11T12:51:00
TELE,2025-07-07,8.2,8.22,8.01,8.05,3925031,psxdata,2026-05-11T12:51:00
TELE,2025-07-08,8.08,8.64,8.01,8.37,39442766,psxdata,2026-05-11T12:51:00
TELE,2025-07-09,8.6,8.63,8.21,8.3,14820548,psxdata,2026-05-11T12:51:00
TELE,2025-07-10,8.28,8.37,8.14,8.17,3646198,psxdata,2026-05-11T12:51:00
TELE,2025-07-11,8.17,8.26,8.03,8.08,3217960,psxdata,2026-05-11T12:51:00
TELE,2025-07-14,8.09,8.39,8.03,8.26,9281758,psxdata,2026-05-11T12:51:00
TELE,2025-07-15,8.28,8.35,8.01,8.04,5188191,psxdata,2026-05-11T12:51:00
TELE,2025-07-16,8.0,8.05,7.8,7.91,5418233,psxdata,2026-05-11T12:51:00
TELE,2025-07-17,7.91,8.1,7.9,8.0,3971073,psxdata,2026-05-11T12:51:00
TELE,2025-07-18,7.92,8.0,7.71,7.75,5180773,psxdata,2026-05-11T12:51:00
TELE,2025-07-21,7.82,7.82,7.6,7.7,2432067,psxdata,2026-05-11T12:51:00
TELE,2025-07-22,7.7,7.82,7.67,7.7,2110454,psxdata,2026-05-11T12:51:00
TELE,2025-07-23,7.79,7.81,7.68,7.73,1584778,psxdata,2026-05-11T12:51:00
TELE,2025-07-24,7.73,7.8,7.62,7.65,1915384,psxdata,2026-05-11T12:51:00
TELE,2025-07-25,7.65,7.68,7.47,7.51,4132253,psxdata,2026-05-11T12:51:00
TELE,2025-07-28,7.62,7.86,7.47,7.6,14118317,psxdata,2026-05-11T12:51:00
TELE,2025-07-29,7.69,8.26,7.68,7.84,38709378,psxdata,2026-05-11T12:51:00
TELE,2025-07-30,7.84,7.88,7.52,7.62,7839368,psxdata,2026-05-11T12:51:00
TELE,2025-07-31,7.7,7.75,7.56,7.6,3657746,psxdata,2026-05-11T12:51:00
TELE,2025-08-01,7.61,7.75,7.55,7.62,3418116,psxdata,2026-05-11T12:51:00
TELE,2025-08-04,7.73,7.84,7.55,7.72,4462401,psxdata,2026-05-11T12:51:00
TELE,2025-08-05,7.84,7.84,7.6,7.64,1779759,psxdata,2026-05-11T12:51:00
TELE,2025-08-06,7.66,7.92,7.61,7.72,8139680,psxdata,2026-05-11T12:51:00
TELE,2025-08-07,7.77,7.8,7.64,7.67,1996524,psxdata,2026-05-11T12:51:00
TELE,2025-08-08,7.68,7.74,7.55,7.61,1971278,psxdata,2026-05-11T12:51:00
TELE,2025-08-11,7.61,7.74,7.56,7.64,641709,psxdata,2026-05-11T12:51:00
TELE,2025-08-12,7.7,7.7,7.53,7.59,1377833,psxdata,2026-05-11T12:51:00
TELE,2025-08-13,7.69,7.7,7.58,7.59,1209792,psxdata,2026-05-11T12:51:00
TELE,2025-08-15,7.55,7.75,7.55,7.65,1566168,psxdata,2026-05-11T12:51:00
TELE,2025-08-18,7.71,7.94,7.62,7.73,2698374,psxdata,2026-05-11T12:51:00
TELE,2025-08-19,7.73,8.06,7.71,7.98,13747864,psxdata,2026-05-11T12:51:00
TELE,2025-08-20,8.09,8.22,7.98,8.11,13305811,psxdata,2026-05-11T12:51:00
TELE,2025-08-21,8.32,8.78,8.1,8.34,56939244,psxdata,2026-05-11T12:51:00
TELE,2025-08-22,8.39,8.49,8.02,8.05,11418786,psxdata,2026-05-11T12:51:00
TELE,2025-08-25,8.05,8.16,7.89,7.91,8059002,psxdata,2026-05-11T12:51:00
TELE,2025-08-26,7.91,8.19,7.85,7.95,9350838,psxdata,2026-05-11T12:51:00
TELE,2025-08-27,8.05,8.09,7.95,7.99,3058820,psxdata,2026-05-11T12:51:00
TELE,2025-08-28,8.01,8.17,7.96,8.13,4842760,psxdata,2026-05-11T12:51:00
TELE,2025-08-29,8.11,8.49,8.06,8.09,12481338,psxdata,2026-05-11T12:51:00
TELE,2025-09-01,8.0,8.25,8.0,8.14,4034317,psxdata,2026-05-11T12:51:00
TELE,2025-09-02,8.15,8.47,8.06,8.28,11174169,psxdata,2026-05-11T12:51:00
TELE,2025-09-03,8.41,8.58,8.22,8.25,8871381,psxdata,2026-05-11T12:51:00
TELE,2025-09-04,8.25,8.42,8.16,8.19,4705967,psxdata,2026-05-11T12:51:00
TELE,2025-09-05,8.19,8.35,8.13,8.16,5333515,psxdata,2026-05-11T12:51:00
TELE,2025-09-08,8.25,8.32,8.08,8.1,3739213,psxdata,2026-05-11T12:51:00
TELE,2025-09-09,8.19,8.2,8.02,8.05,2300239,psxdata,2026-05-11T12:51:00
TELE,2025-09-10,8.1,8.38,8.0,8.09,5265271,psxdata,2026-05-11T12:51:00
TELE,2025-09-11,8.19,8.42,8.12,8.26,5622525,psxdata,2026-05-11T12:51:00
TELE,2025-09-12,8.32,8.45,8.1,8.12,3843026,psxdata,2026-05-11T12:51:00
TELE,2025-09-15,8.15,8.34,8.05,8.15,3506873,psxdata,2026-05-11T12:51:00
TELE,2025-09-16,8.25,8.75,8.16,8.66,31845408,psxdata,2026-05-11T12:51:00
TELE,2025-09-17,8.8,9.29,8.79,8.95,62609135,psxdata,2026-05-11T12:51:00
TELE,2025-09-18,9.0,9.95,8.88,9.76,55972683,psxdata,2026-05-11T12:51:00
TELE,2025-09-19,10.01,10.24,9.26,9.56,67114409,psxdata,2026-05-11T12:51:00
TELE,2025-09-22,9.65,9.67,9.01,9.12,17337275,psxdata,2026-05-11T12:51:00
TELE,2025-09-23,9.12,9.36,8.95,9.01,10049482,psxdata,2026-05-11T12:51:00
TELE,2025-09-24,9.14,9.19,8.95,8.99,10781400,psxdata,2026-05-11T12:51:00
TELE,2025-09-25,9.15,9.18,8.97,9.03,5655873,psxdata,2026-05-11T12:51:00
TELE,2025-09-26,9.15,9.18,8.68,8.76,10155151,psxdata,2026-05-11T12:51:00
TELE,2025-09-29,8.8,9.54,8.79,9.4,28762780,psxdata,2026-05-11T12:51:00
TELE,2025-09-30,9.5,9.67,9.15,9.23,24873142,psxdata,2026-05-11T12:51:00
TELE,2025-10-01,9.24,9.32,8.9,9.08,16207666,psxdata,2026-05-11T12:51:00
TELE,2025-10-02,9.11,9.15,8.92,9.02,8545579,psxdata,2026-05-11T12:51:00
TELE,2025-10-03,9.15,9.2,8.97,9.02,5544512,psxdata,2026-05-11T12:51:00
TELE,2025-10-06,9.0,9.13,8.7,8.81,4063527,psxdata,2026-05-11T12:51:00
TELE,2025-10-07,8.95,9.27,8.7,9.03,8818108,psxdata,2026-05-11T12:51:00
TELE,2025-10-08,9.2,9.4,8.96,9.07,17404528,psxdata,2026-05-11T12:51:00
TELE,2025-10-09,9.2,10.07,9.07,10.07,60176785,psxdata,2026-05-11T12:51:00
TELE,2025-10-10,10.32,10.88,10.05,10.15,87686892,psxdata,2026-05-11T12:51:00
TELE,2025-10-13,9.98,10.1,9.31,9.39,28119420,psxdata,2026-05-11T12:51:00
TELE,2025-10-14,9.56,10.38,9.25,10.15,44787809,psxdata,2026-05-11T12:51:00
TELE,2025-10-15,10.2,10.86,9.96,10.31,55326702,psxdata,2026-05-11T12:51:00
TELE,2025-10-16,10.28,11.34,10.07,11.34,99870338,psxdata,2026-05-11T12:51:00
TELE,2025-10-17,11.59,11.7,10.82,10.93,59877848,psxdata,2026-05-11T12:51:00
TELE,2025-10-20,11.05,12.02,10.7,11.84,81396709,psxdata,2026-05-11T12:51:00
TELE,2025-10-21,12.15,12.55,11.74,12.14,78046232,psxdata,2026-05-11T12:51:00
TELE,2025-10-22,12.17,13.3,11.88,13.14,107950376,psxdata,2026-05-11T12:51:00
TELE,2025-10-23,13.3,14.09,13.05,13.26,90643076,psxdata,2026-05-11T12:51:00
TELE,2025-10-24,13.1,13.44,12.49,12.6,33272219,psxdata,2026-05-11T12:51:00
TELE,2025-10-27,12.66,12.67,11.37,11.63,31714214,psxdata,2026-05-11T12:51:00
TELE,2025-10-28,11.65,12.35,11.01,11.53,49893030,psxdata,2026-05-11T12:51:00
TELE,2025-10-29,11.56,11.76,10.8,10.95,27801306,psxdata,2026-05-11T12:51:00
TELE,2025-10-30,11.01,11.3,10.8,10.93,16433175,psxdata,2026-05-11T12:51:00
TELE,2025-10-31,11.18,11.74,11.06,11.65,27569427,psxdata,2026-05-11T12:51:00
TELE,2025-11-03,11.65,12.18,11.65,11.87,24631461,psxdata,2026-05-11T12:51:00
TELE,2025-11-04,12.2,12.86,12.0,12.68,76863453,psxdata,2026-05-11T12:51:00
TELE,2025-11-05,12.7,12.94,11.42,11.71,39440895,psxdata,2026-05-11T12:51:00
TELE,2025-11-06,11.88,12.1,10.91,11.43,31767228,psxdata,2026-05-11T12:51:00
TELE,2025-11-07,11.51,11.65,11.05,11.16,12036777,psxdata,2026-05-11T12:51:00
TELE,2025-11-10,11.4,11.6,11.1,11.21,8817760,psxdata,2026-05-11T12:51:00
TELE,2025-11-11,11.28,11.28,10.63,10.7,15141674,psxdata,2026-05-11T12:51:00
TELE,2025-11-12,10.86,10.95,10.55,10.64,9926596,psxdata,2026-05-11T12:51:00
TELE,2025-11-13,10.65,11.1,10.64,10.87,9246873,psxdata,2026-05-11T12:51:00
TELE,2025-11-14,10.89,11.45,10.81,11.3,12291289,psxdata,2026-05-11T12:51:00
TELE,2025-11-17,11.4,12.43,11.3,12.43,53582107,psxdata,2026-05-11T12:51:00
TELE,2025-11-18,12.5,12.66,11.92,12.05,43843229,psxdata,2026-05-11T12:51:00
TELE,2025-11-19,12.14,12.43,12.0,12.14,23257652,psxdata,2026-05-11T12:51:00
TELE,2025-11-20,12.17,12.3,11.95,12.05,8037585,psxdata,2026-05-11T12:51:00
TELE,2025-11-21,12.2,12.2,11.67,11.73,12365320,psxdata,2026-05-11T12:51:00
TELE,2025-11-24,11.6,11.8,11.41,11.46,5615518,psxdata,2026-05-11T12:51:00
TELE,2025-11-25,11.5,11.65,11.1,11.14,4898591,psxdata,2026-05-11T12:51:00
TELE,2025-11-26,11.25,11.25,10.71,11.03,11996486,psxdata,2026-05-11T12:51:00
TELE,2025-11-27,11.11,11.24,11.05,11.14,7300561,psxdata,2026-05-11T12:51:00
TELE,2025-11-28,11.25,11.3,10.9,10.96,9304392,psxdata,2026-05-11T12:51:00
TELE,2025-12-01,11.02,11.65,10.85,11.47,16809536,psxdata,2026-05-11T12:51:00
TELE,2025-12-02,11.47,11.68,11.22,11.31,6889684,psxdata,2026-05-11T12:51:00
TELE,2025-12-03,11.32,11.41,11.11,11.15,3860021,psxdata,2026-05-11T12:51:00
TELE,2025-12-04,11.25,11.74,11.1,11.42,12949590,psxdata,2026-05-11T12:51:00
TELE,2025-12-05,11.7,12.35,11.51,12.12,58072392,psxdata,2026-05-11T12:51:00
TELE,2025-12-08,12.18,12.38,11.86,11.93,28218701,psxdata,2026-05-11T12:51:00
TELE,2025-12-09,12.05,12.1,11.75,11.78,11087668,psxdata,2026-05-11T12:51:00
TELE,2025-12-10,11.82,11.91,11.64,11.68,6670178,psxdata,2026-05-11T12:51:00
TELE,2025-12-11,11.66,11.83,11.65,11.68,4527342,psxdata,2026-05-11T12:51:00
TELE,2025-12-12,11.66,11.79,11.51,11.63,2233187,psxdata,2026-05-11T12:51:00
TELE,2025-12-15,11.69,11.69,11.44,11.5,4666135,psxdata,2026-05-11T12:51:00
TELE,2025-12-16,11.6,11.75,11.41,11.46,6602031,psxdata,2026-05-11T12:51:00
TELE,2025-12-17,11.49,12.05,11.34,11.77,17623050,psxdata,2026-05-11T12:51:00
TELE,2025-12-18,11.89,12.31,11.81,11.98,26981470,psxdata,2026-05-11T12:51:00
TELE,2025-12-19,12.05,12.22,11.55,11.67,12102140,psxdata,2026-05-11T12:51:00
TELE,2025-12-22,11.77,11.77,11.36,11.42,3803739,psxdata,2026-05-11T12:51:00
TELE,2025-12-23,11.45,11.45,11.21,11.27,5019325,psxdata,2026-05-11T12:51:00
TELE,2025-12-24,11.3,11.5,11.1,11.17,5015302,psxdata,2026-05-11T12:51:00
TELE,2025-12-26,11.28,11.39,11.08,11.12,8509785,psxdata,2026-05-11T12:51:00
TELE,2025-12-29,11.15,11.58,11.08,11.48,9094952,psxdata,2026-05-11T12:51:00
TELE,2025-12-30,11.64,11.78,11.39,11.45,10172845,psxdata,2026-05-11T12:51:00
TELE,2025-12-31,11.51,11.55,11.28,11.33,5339075,psxdata,2026-05-11T12:51:00
TELE,2026-01-01,11.5,12.3,11.42,12.06,37781686,psxdata,2026-05-11T12:51:00
TELE,2026-01-02,12.15,12.36,11.78,11.83,19543996,psxdata,2026-05-11T12:51:00
TELE,2026-01-05,11.94,13.01,11.83,12.87,74355620,psxdata,2026-05-11T12:51:00
TELE,2026-01-06,13.1,13.33,12.83,12.93,59350745,psxdata,2026-05-11T12:51:00
TELE,2026-01-07,13.0,13.57,12.85,13.06,46930240,psxdata,2026-05-11T12:51:00
TELE,2026-01-08,13.15,13.32,12.56,12.69,18297171,psxdata,2026-05-11T12:51:00
TELE,2026-01-09,12.78,12.78,12.2,12.31,10494739,psxdata,2026-05-11T12:51:00
TELE,2026-01-12,12.3,12.55,12.0,12.18,10359463,psxdata,2026-05-11T12:51:00
TELE,2026-01-13,12.21,12.46,12.16,12.28,7128273,psxdata,2026-05-11T12:51:00
TELE,2026-01-14,12.5,12.51,11.82,11.93,14289554,psxdata,2026-05-11T12:51:00
TELE,2026-01-15,12.05,12.09,11.65,11.74,10467978,psxdata,2026-05-11T12:51:00
TELE,2026-01-16,12.05,12.14,11.86,11.92,5829106,psxdata,2026-05-11T12:51:00
TELE,2026-01-19,11.92,12.79,11.8,12.51,26785358,psxdata,2026-05-11T12:51:00
TELE,2026-01-20,12.62,13.11,12.55,12.61,29274945,psxdata,2026-05-11T12:51:00
TELE,2026-01-21,12.98,12.98,12.1,12.16,12914128,psxdata,2026-05-11T12:51:00
TELE,2026-01-22,12.25,12.35,12.04,12.13,5947709,psxdata,2026-05-11T12:51:00
TELE,2026-01-23,12.13,12.36,11.8,11.91,9981969,psxdata,2026-05-11T12:51:00
TELE,2026-01-26,11.95,11.99,11.66,11.73,7334237,psxdata,2026-05-11T12:51:00
TELE,2026-01-27,11.66,11.85,11.61,11.76,6058829,psxdata,2026-05-11T12:51:00
TELE,2026-01-28,11.75,11.89,11.61,11.65,4967727,psxdata,2026-05-11T12:51:00
TELE,2026-01-29,11.65,11.69,11.05,11.34,6108753,psxdata,2026-05-11T12:51:00
TELE,2026-01-30,11.2,11.85,11.2,11.46,13025874,psxdata,2026-05-11T12:51:00
TELE,2026-02-02,11.35,11.62,11.35,11.57,2190620,psxdata,2026-05-11T12:51:00
TELE,2026-02-03,11.64,11.81,11.42,11.76,4904743,psxdata,2026-05-11T12:51:00
TELE,2026-02-04,11.84,12.16,11.7,12.0,11910431,psxdata,2026-05-11T12:51:00
TELE,2026-02-06,12.12,12.12,11.52,11.6,8898216,psxdata,2026-05-11T12:51:00
TELE,2026-02-09,11.85,11.85,11.52,11.68,3290113,psxdata,2026-05-11T12:51:00
TELE,2026-02-10,11.71,11.72,11.5,11.53,2327660,psxdata,2026-05-11T12:51:00
TELE,2026-02-11,11.66,11.69,11.25,11.33,2354734,psxdata,2026-05-11T12:51:00
TELE,2026-02-12,11.32,11.45,10.65,11.09,6488688,psxdata,2026-05-11T12:51:00
TELE,2026-02-13,11.4,11.4,10.96,11.07,5179382,psxdata,2026-05-11T12:51:00
TELE,2026-02-16,11.02,11.1,10.3,10.47,4942961,psxdata,2026-05-11T12:51:00
TELE,2026-02-17,10.47,10.85,10.0,10.14,6821851,psxdata,2026-05-11T12:51:00
TELE,2026-02-18,10.2,10.75,10.18,10.65,4684122,psxdata,2026-05-11T12:51:00
TELE,2026-02-19,10.59,10.65,9.69,9.88,2773387,psxdata,2026-05-11T12:51:00
TELE,2026-02-20,9.9,9.98,9.15,9.45,6457814,psxdata,2026-05-11T12:51:00
TELE,2026-02-23,9.74,9.74,8.52,8.62,7401386,psxdata,2026-05-11T12:51:00
TELE,2026-02-24,8.67,8.97,8.0,8.37,6293489,psxdata,2026-05-11T12:51:00
TELE,2026-02-25,8.64,9.37,8.64,8.93,24633523,psxdata,2026-05-11T12:51:00
TELE,2026-02-26,8.95,9.25,8.75,9.08,6427552,psxdata,2026-05-11T12:51:00
TELE,2026-02-27,8.9,8.9,8.08,8.18,14903637,psxdata,2026-05-11T12:51:00
TELE,2026-03-02,7.21,7.49,7.18,7.18,6103651,psxdata,2026-05-11T12:51:00
TELE,2026-03-03,6.65,7.19,6.28,6.66,25103572,psxdata,2026-05-11T12:51:00
TELE,2026-03-04,6.54,6.9,6.49,6.74,6884724,psxdata,2026-05-11T12:51:00
TELE,2026-03-05,6.89,7.5,6.8,7.43,8466434,psxdata,2026-05-11T12:51:00
TELE,2026-03-06,7.4,7.4,7.1,7.17,4161586,psxdata,2026-05-11T12:51:00
TELE,2026-03-09,6.5,7.0,6.22,6.37,7477557,psxdata,2026-05-11T12:51:00
TELE,2026-03-10,6.85,7.24,6.74,7.16,8992546,psxdata,2026-05-11T12:51:00
TELE,2026-03-11,7.26,7.45,7.05,7.28,5243577,psxdata,2026-05-11T12:51:00
TELE,2026-03-12,7.2,7.39,7.03,7.26,2669651,psxdata,2026-05-11T12:51:00
TELE,2026-03-13,7.12,7.44,7.11,7.34,2844465,psxdata,2026-05-11T12:51:00
TELE,2026-03-16,7.44,7.44,7.11,7.16,1799574,psxdata,2026-05-11T12:51:00
TELE,2026-03-17,7.25,7.4,6.95,7.16,2405860,psxdata,2026-05-11T12:51:00
TELE,2026-03-18,7.16,7.4,7.0,7.2,4445040,psxdata,2026-05-11T12:51:00
TELE,2026-03-19,7.0,7.28,7.0,7.2,3389235,psxdata,2026-05-11T12:51:00
TELE,2026-03-24,7.48,7.5,7.25,7.32,4426155,psxdata,2026-05-11T12:51:00
TELE,2026-03-25,7.4,7.85,7.32,7.8,7728839,psxdata,2026-05-11T12:51:00
TELE,2026-03-26,7.83,7.83,7.24,7.32,4793997,psxdata,2026-05-11T12:51:00
TELE,2026-03-27,7.35,7.43,7.08,7.12,4133719,psxdata,2026-05-11T12:51:00
TELE,2026-03-30,7.1,7.1,6.77,6.82,3422802,psxdata,2026-05-11T12:51:00
TELE,2026-03-31,7.0,7.2,6.9,7.1,2348202,psxdata,2026-05-11T12:51:00
TELE,2026-04-01,7.26,7.59,7.14,7.4,5795632,psxdata,2026-05-11T12:51:00
TELE,2026-04-02,7.12,7.6,7.0,7.42,7652086,psxdata,2026-05-11T12:51:00
TELE,2026-04-03,7.2,8.21,7.2,7.63,20744553,psxdata,2026-05-11T12:51:00
TELE,2026-04-06,7.66,7.84,7.5,7.57,6827272,psxdata,2026-05-11T12:51:00
TELE,2026-04-07,7.49,7.55,7.3,7.41,5095372,psxdata,2026-05-11T12:51:00
TELE,2026-04-08,8.2,8.41,8.0,8.39,20496385,psxdata,2026-05-11T12:51:00
TELE,2026-04-09,8.26,8.29,7.96,8.04,11429467,psxdata,2026-05-11T12:51:00
TELE,2026-04-10,8.1,8.39,8.1,8.31,15224085,psxdata,2026-05-11T12:51:00
TELE,2026-04-13,7.81,8.05,7.81,7.89,5827341,psxdata,2026-05-11T12:51:00
TELE,2026-04-14,8.1,8.52,8.07,8.3,17530617,psxdata,2026-05-11T12:51:00
TELE,2026-04-15,8.64,8.64,8.36,8.44,12528918,psxdata,2026-05-11T12:51:00
TELE,2026-04-16,8.54,8.79,8.35,8.65,13405492,psxdata,2026-05-11T12:51:00
TELE,2026-04-17,8.66,8.98,8.66,8.92,11610123,psxdata,2026-05-11T12:51:00
TELE,2026-04-20,8.6,8.88,8.2,8.44,12136874,psxdata,2026-05-11T12:51:00
TELE,2026-04-21,8.6,9.06,8.44,8.69,18998087,psxdata,2026-05-11T12:51:00
TELE,2026-04-22,8.65,8.75,8.41,8.52,6314216,psxdata,2026-05-11T12:51:00
TELE,2026-04-23,8.49,8.8,8.36,8.64,7881486,psxdata,2026-05-11T12:51:00
TELE,2026-04-24,8.49,8.95,8.45,8.69,12957355,psxdata,2026-05-11T12:51:00
TELE,2026-04-27,8.65,8.78,8.51,8.56,5356827,psxdata,2026-05-11T12:51:00
TELE,2026-04-28,8.41,8.65,8.41,8.47,4212803,psxdata,2026-05-11T12:51:00
TELE,2026-04-29,8.5,8.73,8.02,8.14,9991201,psxdata,2026-05-11T12:51:00
TELE,2026-04-30,8.0,8.0,7.63,7.8,6074397,psxdata,2026-05-11T12:51:00
TELE,2026-05-04,7.9,8.14,7.86,7.95,4172428,psxdata,2026-05-11T12:51:00
TELE,2026-05-05,7.75,8.17,7.73,8.02,4981784,psxdata,2026-05-11T12:51:00
TELE,2026-05-06,8.15,8.39,8.1,8.31,11665849,psxdata,2026-05-11T12:51:00
TELE,2026-05-07,8.4,8.68,8.25,8.54,9654739,psxdata,2026-05-11T12:51:00
TELE,2026-05-08,8.49,9.22,8.35,8.69,36418295,psxdata,2026-05-11T12:51:00
