symbol,date,open,high,low,close,volume,source,collected_at
TPL,2016-05-11,13.8,13.9,13.6,13.67,2727500,psxdata,2026-05-11T12:53:12
TPL,2016-05-12,13.8,14.36,13.75,14.11,9941000,psxdata,2026-05-11T12:53:12
TPL,2016-05-13,14.27,14.35,13.92,13.97,2663000,psxdata,2026-05-11T12:53:12
TPL,2016-05-16,13.98,14.97,13.98,14.7,12883000,psxdata,2026-05-11T12:53:12
TPL,2016-05-17,14.72,15.08,14.0,14.33,10324500,psxdata,2026-05-11T12:53:12
TPL,2016-05-18,14.47,14.64,14.3,14.39,2424500,psxdata,2026-05-11T12:53:12
TPL,2016-05-19,14.43,14.79,14.3,14.4,6556000,psxdata,2026-05-11T12:53:12
TPL,2016-05-20,14.59,14.68,14.28,14.35,2910000,psxdata,2026-05-11T12:53:12
TPL,2016-05-23,14.48,14.48,14.05,14.11,940500,psxdata,2026-05-11T12:53:12
TPL,2016-05-24,14.19,14.38,14.0,14.21,2026000,psxdata,2026-05-11T12:53:12
TPL,2016-05-25,14.36,14.4,14.1,14.15,1020500,psxdata,2026-05-11T12:53:12
TPL,2016-05-26,14.15,14.33,13.9,13.97,1818000,psxdata,2026-05-11T12:53:12
TPL,2016-05-27,14.1,14.95,13.9,14.82,11861000,psxdata,2026-05-11T12:53:12
TPL,2016-05-30,15.05,15.1,14.3,14.42,6153000,psxdata,2026-05-11T12:53:12
TPL,2016-05-31,14.28,14.65,14.1,14.2,2040000,psxdata,2026-05-11T12:53:12
TPL,2016-06-01,14.28,15.0,14.25,14.86,4258000,psxdata,2026-05-11T12:53:12
TPL,2016-06-02,15.1,15.2,14.6,14.66,4413500,psxdata,2026-05-11T12:53:12
TPL,2016-06-03,14.63,15.12,14.62,14.72,4429000,psxdata,2026-05-11T12:53:12
TPL,2016-06-06,14.64,14.74,14.48,14.5,1108500,psxdata,2026-05-11T12:53:12
TPL,2016-06-07,14.5,14.54,14.31,14.34,346000,psxdata,2026-05-11T12:53:12
TPL,2016-06-08,14.26,14.43,14.16,14.21,614500,psxdata,2026-05-11T12:53:12
TPL,2016-06-09,14.21,14.38,13.91,14.15,1624500,psxdata,2026-05-11T12:53:12
TPL,2016-06-10,14.14,14.14,13.4,13.56,1752000,psxdata,2026-05-11T12:53:12
TPL,2016-06-13,13.64,13.99,13.2,13.81,2421000,psxdata,2026-05-11T12:53:12
TPL,2016-06-14,13.95,14.15,13.75,13.9,2749000,psxdata,2026-05-11T12:53:12
TPL,2016-06-15,14.05,14.2,13.9,13.96,1380500,psxdata,2026-05-11T12:53:12
TPL,2016-06-16,14.09,14.55,14.05,14.13,4219000,psxdata,2026-05-11T12:53:12
TPL,2016-06-17,14.15,14.2,13.91,13.96,465000,psxdata,2026-05-11T12:53:12
TPL,2016-06-20,13.99,14.15,13.73,13.8,957500,psxdata,2026-05-11T12:53:12
TPL,2016-06-21,13.95,14.15,13.75,13.78,1437500,psxdata,2026-05-11T12:53:12
TPL,2016-06-22,13.88,14.09,13.54,13.72,1144000,psxdata,2026-05-11T12:53:12
TPL,2016-06-23,13.6,13.8,13.43,13.75,2355000,psxdata,2026-05-11T12:53:12
TPL,2016-06-24,13.51,13.54,12.75,12.98,4648500,psxdata,2026-05-11T12:53:12
TPL,2016-06-27,12.6,13.08,12.6,12.78,959000,psxdata,2026-05-11T12:53:12
TPL,2016-06-28,12.65,12.8,11.95,12.29,1741000,psxdata,2026-05-11T12:53:12
TPL,2016-06-29,12.51,12.67,12.32,12.59,1160000,psxdata,2026-05-11T12:53:12
TPL,2016-06-30,12.6,12.75,12.5,12.57,1410500,psxdata,2026-05-11T12:53:12
TPL,2016-07-04,12.7,12.81,12.5,12.56,281500,psxdata,2026-05-11T12:53:12
TPL,2016-07-11,12.5,12.79,12.5,12.67,548500,psxdata,2026-05-11T12:53:12
TPL,2016-07-12,12.7,12.85,12.67,12.7,676500,psxdata,2026-05-11T12:53:12
TPL,2016-07-13,12.8,12.84,12.57,12.61,826000,psxdata,2026-05-11T12:53:12
TPL,2016-07-14,12.74,12.74,12.37,12.44,1672500,psxdata,2026-05-11T12:53:12
TPL,2016-07-15,12.4,13.17,12.34,12.99,5352000,psxdata,2026-05-11T12:53:12
TPL,2016-07-18,12.97,13.1,12.8,12.83,902500,psxdata,2026-05-11T12:53:12
TPL,2016-07-19,12.85,12.99,12.7,12.77,1579500,psxdata,2026-05-11T12:53:12
TPL,2016-07-20,12.71,12.75,12.58,12.63,677000,psxdata,2026-05-11T12:53:12
TPL,2016-07-21,12.53,12.82,12.46,12.53,1710000,psxdata,2026-05-11T12:53:12
TPL,2016-07-22,12.6,12.8,12.48,12.7,2953000,psxdata,2026-05-11T12:53:12
TPL,2016-07-25,12.79,12.79,12.37,12.42,2247500,psxdata,2026-05-11T12:53:12
TPL,2016-07-26,12.41,12.55,12.28,12.33,1365000,psxdata,2026-05-11T12:53:12
TPL,2016-07-27,12.26,12.38,12.2,12.23,975000,psxdata,2026-05-11T12:53:12
TPL,2016-07-28,12.24,12.33,11.9,12.04,1676000,psxdata,2026-05-11T12:53:12
TPL,2016-07-29,12.13,12.3,11.81,12.17,2961000,psxdata,2026-05-11T12:53:12
TPL,2016-08-01,12.17,12.45,12.16,12.25,2077500,psxdata,2026-05-11T12:53:12
TPL,2016-08-02,12.39,12.39,12.15,12.24,1015500,psxdata,2026-05-11T12:53:12
TPL,2016-08-03,12.21,12.74,12.2,12.5,3253500,psxdata,2026-05-11T12:53:12
TPL,2016-08-04,12.58,12.93,12.5,12.57,4814500,psxdata,2026-05-11T12:53:12
TPL,2016-08-05,12.6,12.77,12.41,12.46,814500,psxdata,2026-05-11T12:53:12
TPL,2016-08-08,12.5,12.55,12.3,12.42,503000,psxdata,2026-05-11T12:53:12
TPL,2016-08-09,12.41,12.48,12.25,12.27,1547000,psxdata,2026-05-11T12:53:12
TPL,2016-08-10,12.2,12.39,12.17,12.34,1050500,psxdata,2026-05-11T12:53:12
TPL,2016-08-11,12.39,12.45,12.11,12.15,1155500,psxdata,2026-05-11T12:53:12
TPL,2016-08-12,12.2,12.73,12.0,12.43,5354500,psxdata,2026-05-11T12:53:12
TPL,2016-08-15,12.46,13.1,12.4,12.79,7987000,psxdata,2026-05-11T12:53:12
TPL,2016-08-16,12.98,13.1,12.72,12.76,4121500,psxdata,2026-05-11T12:53:12
TPL,2016-08-17,12.82,12.9,12.6,12.64,855500,psxdata,2026-05-11T12:53:12
TPL,2016-08-18,12.57,12.7,12.4,12.44,816500,psxdata,2026-05-11T12:53:12
TPL,2016-08-19,12.4,12.49,12.21,12.27,1217500,psxdata,2026-05-11T12:53:12
TPL,2016-08-22,12.18,12.35,12.18,12.29,922000,psxdata,2026-05-11T12:53:12
TPL,2016-08-23,12.28,12.41,12.22,12.26,536000,psxdata,2026-05-11T12:53:12
TPL,2016-08-24,12.35,12.6,12.19,12.49,1576500,psxdata,2026-05-11T12:53:12
TPL,2016-08-25,12.6,12.7,12.5,12.55,2029500,psxdata,2026-05-11T12:53:12
TPL,2016-08-26,12.6,12.7,12.31,12.39,3385000,psxdata,2026-05-11T12:53:12
TPL,2016-08-29,12.4,12.75,12.32,12.57,2847500,psxdata,2026-05-11T12:53:12
TPL,2016-08-30,12.56,12.64,12.3,12.38,1233000,psxdata,2026-05-11T12:53:12
TPL,2016-08-31,12.4,12.64,12.27,12.48,2588000,psxdata,2026-05-11T12:53:12
TPL,2016-09-01,12.58,12.6,12.35,12.4,591000,psxdata,2026-05-11T12:53:12
TPL,2016-09-02,12.32,12.6,12.27,12.3,1752000,psxdata,2026-05-11T12:53:12
TPL,2016-09-05,12.45,12.68,12.35,12.49,3008000,psxdata,2026-05-11T12:53:12
TPL,2016-09-06,12.72,12.79,12.55,12.58,3662000,psxdata,2026-05-11T12:53:12
TPL,2016-09-07,12.6,12.78,12.5,12.71,2725500,psxdata,2026-05-11T12:53:12
TPL,2016-09-08,12.75,12.9,12.52,12.59,3125000,psxdata,2026-05-11T12:53:12
TPL,2016-09-09,12.64,13.49,12.57,13.07,11685500,psxdata,2026-05-11T12:53:12
TPL,2016-09-15,13.06,13.34,13.02,13.11,3855500,psxdata,2026-05-11T12:53:12
TPL,2016-09-16,13.25,13.89,13.2,13.49,7403000,psxdata,2026-05-11T12:53:12
TPL,2016-09-19,13.57,14.33,13.1,13.24,21810500,psxdata,2026-05-11T12:53:12
TPL,2016-09-20,13.2,13.4,12.5,12.77,3182500,psxdata,2026-05-11T12:53:12
TPL,2016-09-21,12.75,12.75,11.82,11.99,3919000,psxdata,2026-05-11T12:53:12
TPL,2016-09-22,12.24,12.34,12.0,12.06,2595500,psxdata,2026-05-11T12:53:12
TPL,2016-09-23,12.0,12.67,11.9,12.3,3943000,psxdata,2026-05-11T12:53:12
TPL,2016-09-26,12.5,13.24,12.5,13.18,7577000,psxdata,2026-05-11T12:53:12
TPL,2016-09-27,13.31,13.44,12.95,13.03,3579500,psxdata,2026-05-11T12:53:12
TPL,2016-09-28,13.0,13.4,12.9,13.33,4280000,psxdata,2026-05-11T12:53:12
TPL,2016-09-29,13.36,14.33,13.25,13.78,29730500,psxdata,2026-05-11T12:53:12
TPL,2016-09-30,14.0,14.3,13.86,13.94,14835000,psxdata,2026-05-11T12:53:12
TPL,2016-10-03,14.18,14.55,14.08,14.25,8487000,psxdata,2026-05-11T12:53:12
TPL,2016-10-04,14.4,14.4,13.93,13.97,2087500,psxdata,2026-05-11T12:53:12
TPL,2016-10-05,14.0,14.05,13.8,13.93,2021500,psxdata,2026-05-11T12:53:12
TPL,2016-10-06,13.9,14.61,13.7,14.43,11886500,psxdata,2026-05-11T12:53:12
TPL,2016-10-07,14.59,14.72,14.35,14.65,7539000,psxdata,2026-05-11T12:53:12
TPL,2016-10-10,14.7,15.17,14.6,15.05,8008500,psxdata,2026-05-11T12:53:12
TPL,2016-10-13,15.16,15.49,14.8,15.4,10315000,psxdata,2026-05-11T12:53:12
TPL,2016-10-14,15.55,15.75,15.25,15.49,4943000,psxdata,2026-05-11T12:53:12
TPL,2016-10-17,15.85,16.49,15.81,16.48,20385000,psxdata,2026-05-11T12:53:12
TPL,2016-10-18,16.74,17.05,15.95,16.88,18990500,psxdata,2026-05-11T12:53:12
TPL,2016-10-19,17.05,17.08,16.27,16.73,7231000,psxdata,2026-05-11T12:53:12
TPL,2016-10-20,16.7,17.72,16.7,17.62,15459000,psxdata,2026-05-11T12:53:12
TPL,2016-10-21,17.79,17.95,17.1,17.21,7798500,psxdata,2026-05-11T12:53:12
TPL,2016-10-24,17.2,17.21,16.3,16.47,3206000,psxdata,2026-05-11T12:53:12
TPL,2016-10-25,15.99,16.15,15.6,15.89,4960000,psxdata,2026-05-11T12:53:12
TPL,2016-10-26,15.85,16.45,15.26,15.48,5450000,psxdata,2026-05-11T12:53:12
TPL,2016-10-27,15.35,15.48,14.48,14.49,5028500,psxdata,2026-05-11T12:53:12
TPL,2016-10-28,14.01,14.15,13.49,13.65,13911500,psxdata,2026-05-11T12:53:12
TPL,2016-10-31,13.8,14.2,13.6,13.81,11199500,psxdata,2026-05-11T12:53:12
TPL,2016-11-01,14.05,14.81,13.9,14.81,7489500,psxdata,2026-05-11T12:53:12
TPL,2016-11-02,15.05,15.81,15.05,15.73,14428500,psxdata,2026-05-11T12:53:12
TPL,2016-11-03,15.8,16.14,15.51,15.76,8212500,psxdata,2026-05-11T12:53:12
TPL,2016-11-04,15.65,15.88,15.3,15.44,3793500,psxdata,2026-05-11T12:53:12
TPL,2016-11-07,15.15,16.15,15.15,15.69,5590500,psxdata,2026-05-11T12:53:12
TPL,2016-11-08,15.9,16.21,15.7,15.77,11260500,psxdata,2026-05-11T12:53:12
TPL,2016-11-09,15.2,15.96,14.96,15.77,7818500,psxdata,2026-05-11T12:53:12
TPL,2016-11-10,16.11,16.69,16.11,16.48,19784500,psxdata,2026-05-11T12:53:12
TPL,2016-11-11,16.6,16.99,16.4,16.57,11795000,psxdata,2026-05-11T12:53:12
TPL,2016-11-14,16.6,17.56,16.5,17.38,17510500,psxdata,2026-05-11T12:53:12
TPL,2016-11-15,17.5,17.65,16.97,17.15,10170000,psxdata,2026-05-11T12:53:12
TPL,2016-11-16,17.1,17.35,16.63,16.74,6399000,psxdata,2026-05-11T12:53:12
TPL,2016-11-17,16.73,16.84,16.4,16.54,3617500,psxdata,2026-05-11T12:53:12
TPL,2016-11-18,16.6,16.75,16.19,16.23,2951000,psxdata,2026-05-11T12:53:12
TPL,2016-11-21,16.2,16.49,16.1,16.3,1285000,psxdata,2026-05-11T12:53:12
TPL,2016-11-22,16.44,16.65,16.3,16.56,2983500,psxdata,2026-05-11T12:53:12
TPL,2016-11-23,16.69,17.56,16.25,17.5,14702500,psxdata,2026-05-11T12:53:12
TPL,2016-11-24,17.75,18.5,17.5,18.13,25467000,psxdata,2026-05-11T12:53:12
TPL,2016-11-25,18.15,18.35,17.85,18.07,8340500,psxdata,2026-05-11T12:53:12
TPL,2016-11-28,18.2,19.07,18.18,19.05,11193500,psxdata,2026-05-11T12:53:12
TPL,2016-11-29,19.19,19.55,18.75,19.17,13197500,psxdata,2026-05-11T12:53:12
TPL,2016-11-30,19.35,19.75,18.85,19.08,11920000,psxdata,2026-05-11T12:53:12
TPL,2016-12-01,19.19,19.35,18.4,18.55,6985500,psxdata,2026-05-11T12:53:12
TPL,2016-12-02,18.5,18.72,18.1,18.18,1811500,psxdata,2026-05-11T12:53:12
TPL,2016-12-05,18.3,18.44,17.9,17.99,1337500,psxdata,2026-05-11T12:53:12
TPL,2016-12-06,18.08,18.6,18.02,18.24,2372000,psxdata,2026-05-11T12:53:12
TPL,2016-12-07,18.2,19.0,17.72,18.89,8997000,psxdata,2026-05-11T12:53:12
TPL,2016-12-08,19.1,19.15,18.52,18.72,4966000,psxdata,2026-05-11T12:53:12
TPL,2016-12-09,18.65,19.0,18.35,18.51,3270500,psxdata,2026-05-11T12:53:12
TPL,2016-12-13,18.51,18.8,18.05,18.18,4410000,psxdata,2026-05-11T12:53:12
TPL,2016-12-14,18.2,18.55,17.9,18.27,3832500,psxdata,2026-05-11T12:53:12
TPL,2016-12-15,18.3,18.75,18.05,18.24,2196500,psxdata,2026-05-11T12:53:12
TPL,2016-12-16,18.25,18.5,18.07,18.13,1700500,psxdata,2026-05-11T12:53:12
TPL,2016-12-19,18.3,18.5,17.95,18.39,3445500,psxdata,2026-05-11T12:53:12
TPL,2016-12-20,18.49,18.6,18.13,18.23,5649500,psxdata,2026-05-11T12:53:12
TPL,2016-12-21,18.36,18.36,17.6,18.02,2195500,psxdata,2026-05-11T12:53:12
TPL,2016-12-22,18.05,18.35,17.6,17.68,3953000,psxdata,2026-05-11T12:53:12
TPL,2016-12-23,17.81,17.94,17.42,17.69,1332500,psxdata,2026-05-11T12:53:12
TPL,2016-12-26,17.68,17.9,17.45,17.52,1367500,psxdata,2026-05-11T12:53:12
TPL,2016-12-27,17.68,17.8,17.25,17.42,4184500,psxdata,2026-05-11T12:53:12
TPL,2016-12-28,17.5,17.9,17.5,17.67,2780500,psxdata,2026-05-11T12:53:12
TPL,2016-12-29,17.6,18.45,17.51,18.25,6259000,psxdata,2026-05-11T12:53:12
TPL,2016-12-30,18.3,18.58,17.45,17.63,7732000,psxdata,2026-05-11T12:53:12
TPL,2017-01-02,17.8,17.94,17.45,17.63,5013000,psxdata,2026-05-11T12:53:12
TPL,2017-01-03,17.55,17.63,16.91,17.03,8669500,psxdata,2026-05-11T12:53:12
TPL,2017-01-04,17.0,17.48,16.82,17.12,4880000,psxdata,2026-05-11T12:53:12
TPL,2017-01-05,17.2,17.43,17.13,17.17,2358500,psxdata,2026-05-11T12:53:12
TPL,2017-01-06,17.15,17.4,17.03,17.17,1988000,psxdata,2026-05-11T12:53:12
TPL,2017-01-09,17.25,17.75,17.25,17.43,4392500,psxdata,2026-05-11T12:53:12
TPL,2017-01-10,17.31,17.41,17.12,17.16,1138000,psxdata,2026-05-11T12:53:12
TPL,2017-01-11,17.33,17.49,17.15,17.41,1714000,psxdata,2026-05-11T12:53:12
TPL,2017-01-12,17.4,17.5,17.2,17.28,2204000,psxdata,2026-05-11T12:53:12
TPL,2017-01-13,17.2,17.39,16.9,17.01,1473000,psxdata,2026-05-11T12:53:12
TPL,2017-01-16,17.17,17.25,16.4,16.51,1901500,psxdata,2026-05-11T12:53:12
TPL,2017-01-17,16.5,16.6,15.95,16.14,3354000,psxdata,2026-05-11T12:53:12
TPL,2017-01-18,16.25,16.48,16.0,16.21,2156500,psxdata,2026-05-11T12:53:12
TPL,2017-01-19,16.42,16.6,16.2,16.52,1858000,psxdata,2026-05-11T12:53:12
TPL,2017-01-20,16.41,16.95,16.4,16.78,3652000,psxdata,2026-05-11T12:53:12
TPL,2017-01-23,16.89,17.1,16.75,17.01,2767000,psxdata,2026-05-11T12:53:12
TPL,2017-01-24,17.0,17.0,16.55,16.63,1207500,psxdata,2026-05-11T12:53:12
TPL,2017-01-25,16.96,16.96,16.45,16.52,2311500,psxdata,2026-05-11T12:53:12
TPL,2017-01-26,16.47,16.65,16.21,16.25,1770500,psxdata,2026-05-11T12:53:12
TPL,2017-01-27,16.5,16.5,15.6,15.73,3459000,psxdata,2026-05-11T12:53:12
TPL,2017-01-30,15.6,16.05,15.48,15.6,1569000,psxdata,2026-05-11T12:53:12
TPL,2017-01-31,15.6,15.65,15.02,15.18,1975500,psxdata,2026-05-11T12:53:12
TPL,2017-02-01,15.3,16.18,15.3,16.15,1819000,psxdata,2026-05-11T12:53:12
TPL,2017-02-02,16.25,16.85,16.15,16.45,5551000,psxdata,2026-05-11T12:53:12
TPL,2017-02-03,16.2,16.38,16.0,16.05,1386500,psxdata,2026-05-11T12:53:12
TPL,2017-02-06,16.45,17.05,16.25,17.05,5332500,psxdata,2026-05-11T12:53:12
TPL,2017-02-07,17.68,17.74,17.29,17.34,7721000,psxdata,2026-05-11T12:53:12
TPL,2017-02-08,17.3,17.59,16.34,16.36,12738000,psxdata,2026-05-11T12:53:12
TPL,2017-02-09,16.34,16.7,16.25,16.51,2845000,psxdata,2026-05-11T12:53:12
TPL,2017-02-10,16.55,16.7,16.3,16.41,1424500,psxdata,2026-05-11T12:53:12
TPL,2017-02-13,16.51,16.99,16.1,16.47,4576000,psxdata,2026-05-11T12:53:12
TPL,2017-02-14,16.4,16.6,16.12,16.47,1455000,psxdata,2026-05-11T12:53:12
TPL,2017-02-15,16.59,16.86,16.15,16.42,4861500,psxdata,2026-05-11T12:53:12
TPL,2017-02-16,16.49,16.71,16.35,16.41,1131500,psxdata,2026-05-11T12:53:12
TPL,2017-02-17,16.31,16.6,16.2,16.29,1705000,psxdata,2026-05-11T12:53:12
TPL,2017-02-20,16.41,16.41,15.29,15.34,6058000,psxdata,2026-05-11T12:53:12
TPL,2017-02-21,15.3,15.65,15.08,15.25,4110000,psxdata,2026-05-11T12:53:12
TPL,2017-02-22,15.39,15.6,14.25,14.43,3780000,psxdata,2026-05-11T12:53:12
TPL,2017-02-23,14.49,14.89,14.31,14.54,3159000,psxdata,2026-05-11T12:53:12
TPL,2017-02-24,14.51,14.6,14.0,14.06,3970500,psxdata,2026-05-11T12:53:12
TPL,2017-02-27,14.4,14.4,13.63,13.7,1887000,psxdata,2026-05-11T12:53:12
TPL,2017-02-28,13.6,14.0,13.35,13.73,1784500,psxdata,2026-05-11T12:53:12
TPL,2017-03-01,14.02,14.5,14.0,14.38,1587500,psxdata,2026-05-11T12:53:12
TPL,2017-03-02,14.59,14.86,14.41,14.59,3482500,psxdata,2026-05-11T12:53:12
TPL,2017-03-03,14.74,14.8,14.15,14.49,1771000,psxdata,2026-05-11T12:53:12
TPL,2017-03-06,14.56,14.97,14.3,14.45,2085000,psxdata,2026-05-11T12:53:12
TPL,2017-03-07,14.35,14.7,14.35,14.54,1949000,psxdata,2026-05-11T12:53:12
TPL,2017-03-08,14.52,14.7,14.3,14.4,929000,psxdata,2026-05-11T12:53:12
TPL,2017-03-09,14.7,15.4,14.65,15.4,5167500,psxdata,2026-05-11T12:53:12
TPL,2017-03-10,15.65,15.95,15.05,15.41,11739000,psxdata,2026-05-11T12:53:12
TPL,2017-03-13,15.4,15.59,14.95,15.03,3089000,psxdata,2026-05-11T12:53:12
TPL,2017-03-14,15.0,15.2,14.36,14.76,2126500,psxdata,2026-05-11T12:53:12
TPL,2017-03-15,14.78,14.9,14.35,14.48,1540000,psxdata,2026-05-11T12:53:12
TPL,2017-03-16,14.51,14.65,14.26,14.54,2039000,psxdata,2026-05-11T12:53:12
TPL,2017-03-17,14.5,14.77,14.37,14.45,782000,psxdata,2026-05-11T12:53:12
TPL,2017-03-20,14.48,14.64,14.32,14.49,456000,psxdata,2026-05-11T12:53:12
TPL,2017-03-21,14.53,14.65,14.4,14.57,1139000,psxdata,2026-05-11T12:53:12
TPL,2017-03-22,14.5,15.25,14.5,15.07,4587500,psxdata,2026-05-11T12:53:12
TPL,2017-03-24,15.02,15.46,15.02,15.24,3210500,psxdata,2026-05-11T12:53:12
TPL,2017-03-27,15.23,15.34,14.7,14.84,1708500,psxdata,2026-05-11T12:53:12
TPL,2017-03-28,14.8,14.94,14.6,14.67,1290500,psxdata,2026-05-11T12:53:12
TPL,2017-03-29,14.85,14.92,14.51,14.58,1573000,psxdata,2026-05-11T12:53:12
TPL,2017-03-30,14.55,14.56,13.85,14.04,2587500,psxdata,2026-05-11T12:53:12
TPL,2017-03-31,14.02,14.15,13.81,14.07,2456000,psxdata,2026-05-11T12:53:12
TPL,2017-04-03,14.14,14.45,14.1,14.18,1899500,psxdata,2026-05-11T12:53:12
TPL,2017-04-04,14.14,14.3,14.05,14.09,423000,psxdata,2026-05-11T12:53:12
TPL,2017-04-05,14.08,14.23,13.75,13.78,730500,psxdata,2026-05-11T12:53:12
TPL,2017-04-06,13.67,13.8,13.51,13.6,649500,psxdata,2026-05-11T12:53:12
TPL,2017-04-07,13.68,14.29,13.5,14.05,1445000,psxdata,2026-05-11T12:53:12
TPL,2017-04-10,13.96,14.05,13.72,13.79,368000,psxdata,2026-05-11T12:53:12
TPL,2017-04-11,13.75,14.06,13.72,14.01,818500,psxdata,2026-05-11T12:53:12
TPL,2017-04-12,14.0,14.12,13.9,14.02,1147000,psxdata,2026-05-11T12:53:12
TPL,2017-04-13,14.01,14.6,13.91,14.06,3232000,psxdata,2026-05-11T12:53:12
TPL,2017-04-14,14.0,14.2,13.86,13.91,730000,psxdata,2026-05-11T12:53:12
TPL,2017-04-17,13.9,14.02,13.5,13.69,915000,psxdata,2026-05-11T12:53:12
TPL,2017-04-18,13.72,13.75,13.21,13.35,1041000,psxdata,2026-05-11T12:53:12
TPL,2017-04-19,13.0,13.3,12.35,13.11,1936000,psxdata,2026-05-11T12:53:12
TPL,2017-04-20,12.93,14.11,12.85,13.85,3929500,psxdata,2026-05-11T12:53:12
TPL,2017-04-21,14.0,14.38,13.92,14.32,2548500,psxdata,2026-05-11T12:53:12
TPL,2017-04-24,14.38,14.85,14.01,14.59,4022500,psxdata,2026-05-11T12:53:12
TPL,2017-04-25,14.5,14.77,14.16,14.26,2917500,psxdata,2026-05-11T12:53:12
TPL,2017-04-26,14.1,14.35,14.0,14.07,1470500,psxdata,2026-05-11T12:53:12
TPL,2017-04-27,14.01,14.24,13.99,14.01,1138500,psxdata,2026-05-11T12:53:12
TPL,2017-04-28,14.01,14.01,13.68,13.71,1041500,psxdata,2026-05-11T12:53:12
TPL,2017-05-02,13.95,14.0,13.49,13.53,614500,psxdata,2026-05-11T12:53:12
TPL,2017-05-03,13.46,13.6,12.9,13.02,1442500,psxdata,2026-05-11T12:53:12
TPL,2017-05-04,13.3,13.4,13.02,13.26,2723000,psxdata,2026-05-11T12:53:12
TPL,2017-05-05,13.16,13.39,13.1,13.24,597500,psxdata,2026-05-11T12:53:12
TPL,2017-05-08,13.39,13.74,13.25,13.47,1605500,psxdata,2026-05-11T12:53:12
TPL,2017-05-09,13.54,13.54,13.0,13.06,1349500,psxdata,2026-05-11T12:53:12
TPL,2017-05-10,13.19,13.44,13.09,13.15,1130500,psxdata,2026-05-11T12:53:12
TPL,2017-05-11,13.29,13.65,13.25,13.45,1529500,psxdata,2026-05-11T12:53:12
TPL,2017-05-12,13.55,13.55,13.3,13.33,300500,psxdata,2026-05-11T12:53:12
TPL,2017-05-15,13.45,13.5,13.15,13.25,1769000,psxdata,2026-05-11T12:53:12
TPL,2017-05-16,13.2,13.43,13.2,13.29,530500,psxdata,2026-05-11T12:53:12
TPL,2017-05-17,13.23,13.58,13.23,13.38,900000,psxdata,2026-05-11T12:53:12
TPL,2017-05-18,13.4,13.5,13.32,13.38,558500,psxdata,2026-05-11T12:53:12
TPL,2017-05-19,13.36,13.5,13.2,13.27,559000,psxdata,2026-05-11T12:53:12
TPL,2017-05-22,13.3,13.85,13.21,13.46,1926000,psxdata,2026-05-11T12:53:12
TPL,2017-05-23,13.36,13.54,13.36,13.4,741500,psxdata,2026-05-11T12:53:12
TPL,2017-05-24,13.5,13.89,13.35,13.48,3097500,psxdata,2026-05-11T12:53:12
TPL,2017-05-25,13.45,13.65,13.35,13.38,1362500,psxdata,2026-05-11T12:53:12
TPL,2017-05-26,13.37,13.48,13.1,13.25,2315500,psxdata,2026-05-11T12:53:12
TPL,2017-05-29,13.1,13.27,13.1,13.2,448500,psxdata,2026-05-11T12:53:12
TPL,2017-05-30,13.13,13.26,13.01,13.12,277500,psxdata,2026-05-11T12:53:12
TPL,2017-05-31,13.1,13.22,12.89,13.01,374000,psxdata,2026-05-11T12:53:12
TPL,2017-06-01,13.07,13.19,12.01,12.21,1226500,psxdata,2026-05-11T12:53:12
TPL,2017-06-02,12.0,12.42,11.8,12.26,802000,psxdata,2026-05-11T12:53:12
TPL,2017-06-05,12.35,12.88,12.35,12.79,932500,psxdata,2026-05-11T12:53:12
TPL,2017-06-06,12.7,12.8,12.4,12.66,1117500,psxdata,2026-05-11T12:53:12
TPL,2017-06-07,12.54,12.7,12.42,12.51,566000,psxdata,2026-05-11T12:53:12
TPL,2017-06-08,12.6,13.19,12.6,12.94,2828000,psxdata,2026-05-11T12:53:12
TPL,2017-06-09,12.95,13.15,12.85,12.93,938000,psxdata,2026-05-11T12:53:12
TPL,2017-06-12,12.9,12.9,12.0,12.07,1282000,psxdata,2026-05-11T12:53:12
TPL,2017-06-13,12.4,12.4,11.6,12.03,925000,psxdata,2026-05-11T12:53:12
TPL,2017-06-14,12.02,12.19,11.45,11.56,1591500,psxdata,2026-05-11T12:53:12
TPL,2017-06-15,11.55,12.08,11.5,11.62,902000,psxdata,2026-05-11T12:53:12
TPL,2017-06-16,11.85,11.9,11.58,11.69,303000,psxdata,2026-05-11T12:53:12
TPL,2017-06-19,11.61,11.74,11.4,11.44,312500,psxdata,2026-05-11T12:53:12
TPL,2017-06-20,11.55,11.59,10.44,10.46,1943500,psxdata,2026-05-11T12:53:12
TPL,2017-06-21,10.46,10.46,9.55,10.33,3057000,psxdata,2026-05-11T12:53:12
TPL,2017-06-22,10.55,10.55,10.0,10.19,1718500,psxdata,2026-05-11T12:53:12
TPL,2017-06-29,10.19,10.5,9.95,10.12,1235000,psxdata,2026-05-11T12:53:12
TPL,2017-06-30,10.0,10.2,9.81,9.88,2172000,psxdata,2026-05-11T12:53:12
TPL,2017-07-03,10.0,10.0,9.4,9.49,800500,psxdata,2026-05-11T12:53:12
TPL,2017-07-04,9.5,9.99,9.3,9.9,606000,psxdata,2026-05-11T12:53:12
TPL,2017-07-05,10.19,10.39,9.8,9.89,2043000,psxdata,2026-05-11T12:53:12
TPL,2017-07-06,9.81,10.15,9.72,9.75,218500,psxdata,2026-05-11T12:53:12
TPL,2017-07-07,9.88,9.9,9.51,9.77,603000,psxdata,2026-05-11T12:53:12
TPL,2017-07-10,9.61,10.35,9.5,10.26,1606000,psxdata,2026-05-11T12:53:12
TPL,2017-07-11,9.75,9.75,9.26,9.37,1150000,psxdata,2026-05-11T12:53:12
TPL,2017-07-12,9.6,9.64,9.22,9.38,1499000,psxdata,2026-05-11T12:53:12
TPL,2017-07-13,9.57,9.7,9.32,9.46,403500,psxdata,2026-05-11T12:53:12
TPL,2017-07-14,9.58,9.65,9.35,9.59,143000,psxdata,2026-05-11T12:53:12
TPL,2017-07-17,9.31,9.65,9.21,9.47,332500,psxdata,2026-05-11T12:53:12
TPL,2017-07-18,9.59,9.9,9.58,9.86,831000,psxdata,2026-05-11T12:53:12
TPL,2017-07-19,9.87,9.95,9.62,9.66,212500,psxdata,2026-05-11T12:53:12
TPL,2017-07-20,9.8,9.9,9.4,9.45,407000,psxdata,2026-05-11T12:53:12
TPL,2017-07-21,9.41,9.69,9.35,9.56,343000,psxdata,2026-05-11T12:53:12
TPL,2017-07-24,9.51,9.8,9.5,9.65,286500,psxdata,2026-05-11T12:53:12
TPL,2017-07-25,9.76,10.23,9.67,10.04,2255500,psxdata,2026-05-11T12:53:12
TPL,2017-07-26,9.99,10.1,9.86,9.9,392500,psxdata,2026-05-11T12:53:12
TPL,2017-07-27,9.84,9.9,9.75,9.82,529000,psxdata,2026-05-11T12:53:12
TPL,2017-07-28,9.55,9.94,9.26,9.76,3249000,psxdata,2026-05-11T12:53:12
TPL,2017-07-31,9.94,10.32,9.94,10.14,1865000,psxdata,2026-05-11T12:53:12
TPL,2017-08-01,10.3,10.52,10.18,10.44,1066000,psxdata,2026-05-11T12:53:12
TPL,2017-08-02,10.7,11.44,10.45,11.44,4429000,psxdata,2026-05-11T12:53:12
TPL,2017-08-03,11.65,12.2,11.6,11.99,6790500,psxdata,2026-05-11T12:53:12
TPL,2017-08-04,11.9,12.02,11.51,11.66,2522500,psxdata,2026-05-11T12:53:12
TPL,2017-08-07,11.7,11.75,10.9,11.0,1505500,psxdata,2026-05-11T12:53:12
TPL,2017-08-08,10.89,10.98,10.25,10.43,702500,psxdata,2026-05-11T12:53:12
TPL,2017-08-09,10.48,11.08,10.33,10.99,1337500,psxdata,2026-05-11T12:53:12
TPL,2017-08-10,11.0,11.28,10.72,10.83,1088000,psxdata,2026-05-11T12:53:12
TPL,2017-08-11,10.73,10.89,10.62,10.68,521500,psxdata,2026-05-11T12:53:12
TPL,2017-08-15,10.51,10.65,9.68,9.89,2756500,psxdata,2026-05-11T12:53:12
TPL,2017-08-16,9.99,10.35,9.71,10.21,2286500,psxdata,2026-05-11T12:53:12
TPL,2017-08-17,10.07,10.25,9.63,9.73,1118000,psxdata,2026-05-11T12:53:12
TPL,2017-08-18,9.97,10.35,9.6,10.15,1663000,psxdata,2026-05-11T12:53:12
TPL,2017-08-21,10.1,10.12,9.5,9.54,828500,psxdata,2026-05-11T12:53:12
TPL,2017-08-22,9.5,9.5,8.7,9.05,3630000,psxdata,2026-05-11T12:53:12
TPL,2017-08-23,9.2,9.74,9.2,9.69,2139000,psxdata,2026-05-11T12:53:12
TPL,2017-08-24,9.6,9.9,9.1,9.26,1936500,psxdata,2026-05-11T12:53:12
TPL,2017-08-25,9.12,9.3,8.84,9.05,3205500,psxdata,2026-05-11T12:53:12
TPL,2017-08-28,9.05,9.16,8.81,8.93,769000,psxdata,2026-05-11T12:53:12
TPL,2017-08-29,8.9,8.97,8.6,8.61,599000,psxdata,2026-05-11T12:53:12
TPL,2017-08-30,8.61,8.98,8.6,8.85,1064000,psxdata,2026-05-11T12:53:12
TPL,2017-08-31,8.98,9.05,8.84,9.01,523500,psxdata,2026-05-11T12:53:12
TPL,2017-09-05,8.9,9.3,8.9,9.24,366000,psxdata,2026-05-11T12:53:12
TPL,2017-09-06,9.2,9.37,8.97,9.0,711500,psxdata,2026-05-11T12:53:12
TPL,2017-09-07,9.09,9.14,8.54,8.82,1126500,psxdata,2026-05-11T12:53:12
TPL,2017-09-08,8.99,9.0,8.75,8.79,469500,psxdata,2026-05-11T12:53:12
TPL,2017-09-11,8.51,8.81,8.5,8.68,698500,psxdata,2026-05-11T12:53:12
TPL,2017-09-12,8.8,9.14,8.57,8.64,366500,psxdata,2026-05-11T12:53:12
TPL,2017-09-13,8.79,8.93,8.66,8.86,249500,psxdata,2026-05-11T12:53:12
TPL,2017-09-14,8.94,9.29,8.94,9.18,2580000,psxdata,2026-05-11T12:53:12
TPL,2017-09-15,9.25,9.25,8.86,8.95,594000,psxdata,2026-05-11T12:53:12
TPL,2017-09-18,8.9,9.1,8.89,8.92,151000,psxdata,2026-05-11T12:53:12
TPL,2017-09-19,9.0,9.34,8.95,9.3,1109500,psxdata,2026-05-11T12:53:12
TPL,2017-09-20,9.22,9.48,9.15,9.22,1012500,psxdata,2026-05-11T12:53:12
TPL,2017-09-21,9.06,9.25,9.0,9.07,782500,psxdata,2026-05-11T12:53:12
TPL,2017-09-22,9.0,9.2,9.0,9.03,301000,psxdata,2026-05-11T12:53:12
TPL,2017-09-25,9.03,9.19,8.95,8.96,1561000,psxdata,2026-05-11T12:53:12
TPL,2017-09-26,9.0,9.04,8.8,8.83,657500,psxdata,2026-05-11T12:53:12
TPL,2017-09-27,8.77,8.85,8.7,8.8,454500,psxdata,2026-05-11T12:53:12
TPL,2017-09-28,8.9,8.92,8.7,8.87,574500,psxdata,2026-05-11T12:53:12
TPL,2017-09-29,8.9,9.13,8.84,9.06,3230500,psxdata,2026-05-11T12:53:12
TPL,2017-10-02,9.1,9.2,8.86,8.95,636000,psxdata,2026-05-11T12:53:12
TPL,2017-10-03,8.85,8.99,8.5,8.56,845000,psxdata,2026-05-11T12:53:12
TPL,2017-10-04,8.6,8.78,8.1,8.33,1526000,psxdata,2026-05-11T12:53:12
TPL,2017-10-05,8.7,8.7,8.2,8.27,773500,psxdata,2026-05-11T12:53:12
TPL,2017-10-06,8.32,8.65,8.32,8.61,1645000,psxdata,2026-05-11T12:53:12
TPL,2017-10-09,8.51,8.6,8.2,8.25,798000,psxdata,2026-05-11T12:53:12
TPL,2017-10-10,8.23,8.37,8.0,8.16,567500,psxdata,2026-05-11T12:53:12
TPL,2017-10-11,8.11,8.3,7.92,7.98,596000,psxdata,2026-05-11T12:53:12
TPL,2017-10-12,7.98,7.99,7.39,7.67,2128500,psxdata,2026-05-11T12:53:12
TPL,2017-10-13,7.51,7.55,6.9,7.16,1848000,psxdata,2026-05-11T12:53:12
TPL,2017-10-16,7.26,7.75,7.26,7.68,1698500,psxdata,2026-05-11T12:53:12
TPL,2017-10-17,7.7,8.0,7.52,7.63,1337000,psxdata,2026-05-11T12:53:12
TPL,2017-10-18,7.51,7.69,7.22,7.45,602500,psxdata,2026-05-11T12:53:12
TPL,2017-10-19,7.55,7.97,7.5,7.91,818500,psxdata,2026-05-11T12:53:12
TPL,2017-10-20,8.05,8.25,7.92,8.03,2758500,psxdata,2026-05-11T12:53:12
TPL,2017-10-23,7.9,8.18,7.9,8.13,917500,psxdata,2026-05-11T12:53:12
TPL,2017-10-24,8.1,8.29,8.01,8.17,1600500,psxdata,2026-05-11T12:53:12
TPL,2017-10-25,8.26,8.45,8.15,8.42,774500,psxdata,2026-05-11T12:53:12
TPL,2017-10-26,8.43,8.43,8.05,8.11,955500,psxdata,2026-05-11T12:53:12
TPL,2017-10-27,8.08,8.08,7.43,7.6,1431000,psxdata,2026-05-11T12:53:12
TPL,2017-10-30,7.6,7.65,7.3,7.37,810000,psxdata,2026-05-11T12:53:12
TPL,2017-10-31,7.2,7.49,7.11,7.15,672000,psxdata,2026-05-11T12:53:12
TPL,2017-11-01,7.25,7.39,7.2,7.34,240000,psxdata,2026-05-11T12:53:12
TPL,2017-11-02,7.35,7.4,7.15,7.23,487500,psxdata,2026-05-11T12:53:12
TPL,2017-11-03,7.21,7.38,7.1,7.26,430500,psxdata,2026-05-11T12:53:12
TPL,2017-11-06,7.2,7.27,6.95,7.0,458000,psxdata,2026-05-11T12:53:12
TPL,2017-11-07,7.08,7.1,6.97,7.04,331000,psxdata,2026-05-11T12:53:12
TPL,2017-11-08,7.1,7.1,6.96,7.03,707500,psxdata,2026-05-11T12:53:12
TPL,2017-11-09,7.12,7.27,7.08,7.1,1927500,psxdata,2026-05-11T12:53:12
TPL,2017-11-10,7.06,7.59,7.06,7.4,1958500,psxdata,2026-05-11T12:53:12
TPL,2017-11-13,7.39,7.55,7.35,7.4,707500,psxdata,2026-05-11T12:53:12
TPL,2017-11-14,7.42,7.69,7.36,7.41,757000,psxdata,2026-05-11T12:53:12
TPL,2017-11-15,7.4,7.45,7.25,7.27,175000,psxdata,2026-05-11T12:53:12
TPL,2017-11-16,7.44,7.44,7.25,7.36,259000,psxdata,2026-05-11T12:53:12
TPL,2017-11-17,7.45,7.45,7.3,7.43,355000,psxdata,2026-05-11T12:53:12
TPL,2017-11-20,7.35,7.4,7.2,7.21,567500,psxdata,2026-05-11T12:53:12
TPL,2017-11-21,7.21,7.29,7.05,7.1,489000,psxdata,2026-05-11T12:53:12
TPL,2017-11-22,7.11,7.23,7.03,7.07,228000,psxdata,2026-05-11T12:53:12
TPL,2017-11-23,8.07,8.07,7.7,8.07,7645500,psxdata,2026-05-11T12:53:12
TPL,2017-11-24,8.24,8.34,7.76,7.82,2549000,psxdata,2026-05-11T12:53:12
TPL,2017-11-27,7.7,7.85,7.51,7.65,897000,psxdata,2026-05-11T12:53:12
TPL,2017-11-28,7.55,7.85,7.21,7.28,866500,psxdata,2026-05-11T12:53:12
TPL,2017-11-29,7.4,7.5,7.06,7.41,1844000,psxdata,2026-05-11T12:53:12
TPL,2017-11-30,7.49,7.65,7.3,7.54,572500,psxdata,2026-05-11T12:53:12
TPL,2017-12-04,7.6,7.6,7.2,7.23,2689500,psxdata,2026-05-11T12:53:12
TPL,2017-12-05,7.3,7.56,7.12,7.31,1075000,psxdata,2026-05-11T12:53:12
TPL,2017-12-06,7.35,7.54,7.25,7.33,979500,psxdata,2026-05-11T12:53:12
TPL,2017-12-07,7.33,7.37,7.02,7.08,1617500,psxdata,2026-05-11T12:53:12
TPL,2017-12-08,7.36,7.36,7.05,7.1,678500,psxdata,2026-05-11T12:53:12
TPL,2017-12-11,7.11,7.19,6.65,6.72,920000,psxdata,2026-05-11T12:53:12
TPL,2017-12-12,6.85,6.9,6.4,6.78,671500,psxdata,2026-05-11T12:53:12
TPL,2017-12-13,6.85,6.98,6.76,6.86,470500,psxdata,2026-05-11T12:53:12
TPL,2017-12-14,6.85,6.98,6.7,6.88,478000,psxdata,2026-05-11T12:53:12
TPL,2017-12-15,6.77,7.1,6.66,7.03,708000,psxdata,2026-05-11T12:53:12
TPL,2017-12-18,7.25,7.25,6.75,6.95,332500,psxdata,2026-05-11T12:53:12
TPL,2017-12-19,6.92,7.1,6.69,6.85,1107500,psxdata,2026-05-11T12:53:12
TPL,2017-12-20,7.0,7.0,6.77,6.84,359000,psxdata,2026-05-11T12:53:12
TPL,2017-12-21,6.8,6.9,6.57,6.85,345500,psxdata,2026-05-11T12:53:12
TPL,2017-12-22,6.9,7.42,6.85,7.24,2011000,psxdata,2026-05-11T12:53:12
TPL,2017-12-26,7.06,7.35,7.06,7.15,541500,psxdata,2026-05-11T12:53:12
TPL,2017-12-27,7.25,7.34,7.16,7.17,815000,psxdata,2026-05-11T12:53:12
TPL,2017-12-28,7.24,7.54,7.11,7.4,1757500,psxdata,2026-05-11T12:53:12
TPL,2017-12-29,7.45,7.55,7.1,7.15,648500,psxdata,2026-05-11T12:53:12
TPL,2018-01-01,7.2,7.33,7.15,7.26,160500,psxdata,2026-05-11T12:53:12
TPL,2018-01-02,7.11,7.38,7.11,7.28,421500,psxdata,2026-05-11T12:53:12
TPL,2018-01-03,7.23,7.4,7.19,7.23,413500,psxdata,2026-05-11T12:53:12
TPL,2018-01-04,7.16,7.75,7.16,7.59,4963000,psxdata,2026-05-11T12:53:12
TPL,2018-01-05,7.7,8.25,7.65,8.2,5816000,psxdata,2026-05-11T12:53:12
TPL,2018-01-08,8.05,8.35,8.05,8.13,1772500,psxdata,2026-05-11T12:53:12
TPL,2018-01-09,8.08,8.09,7.7,7.76,1544000,psxdata,2026-05-11T12:53:12
TPL,2018-01-10,7.76,8.26,7.76,8.15,4981000,psxdata,2026-05-11T12:53:12
TPL,2018-01-11,8.18,8.69,8.15,8.44,5393000,psxdata,2026-05-11T12:53:12
TPL,2018-01-12,8.35,8.45,7.9,7.99,1720000,psxdata,2026-05-11T12:53:12
TPL,2018-01-15,8.0,8.0,7.43,7.49,953000,psxdata,2026-05-11T12:53:12
TPL,2018-01-16,7.43,7.8,7.43,7.56,755500,psxdata,2026-05-11T12:53:12
TPL,2018-01-17,7.65,7.85,7.55,7.72,387000,psxdata,2026-05-11T12:53:12
TPL,2018-01-18,7.85,8.22,7.85,7.97,2287000,psxdata,2026-05-11T12:53:12
TPL,2018-01-19,7.91,8.15,7.9,8.08,486500,psxdata,2026-05-11T12:53:12
TPL,2018-01-22,8.14,8.23,8.07,8.13,1615000,psxdata,2026-05-11T12:53:12
TPL,2018-01-23,8.11,8.35,7.9,8.1,1465500,psxdata,2026-05-11T12:53:12
TPL,2018-01-24,8.21,8.42,8.1,8.18,2114500,psxdata,2026-05-11T12:53:12
TPL,2018-01-25,8.25,8.7,8.15,8.47,4436000,psxdata,2026-05-11T12:53:12
TPL,2018-01-26,8.33,8.64,8.32,8.48,1052000,psxdata,2026-05-11T12:53:12
TPL,2018-01-29,8.42,8.5,8.16,8.25,803000,psxdata,2026-05-11T12:53:12
TPL,2018-01-30,8.17,8.3,7.9,8.04,3141000,psxdata,2026-05-11T12:53:12
TPL,2018-01-31,8.06,8.17,8.05,8.1,299000,psxdata,2026-05-11T12:53:12
TPL,2018-02-01,8.18,8.29,8.01,8.07,1012500,psxdata,2026-05-11T12:53:12
TPL,2018-02-02,8.16,8.34,8.05,8.27,1810000,psxdata,2026-05-11T12:53:12
TPL,2018-02-06,8.25,8.25,8.0,8.12,774500,psxdata,2026-05-11T12:53:12
TPL,2018-02-07,8.2,8.39,8.05,8.08,1211500,psxdata,2026-05-11T12:53:12
TPL,2018-02-08,8.18,8.2,8.0,8.04,527500,psxdata,2026-05-11T12:53:12
TPL,2018-02-09,8.0,8.1,7.92,7.99,554500,psxdata,2026-05-11T12:53:12
TPL,2018-02-12,8.07,8.07,7.85,7.89,497500,psxdata,2026-05-11T12:53:12
TPL,2018-02-13,7.92,8.14,7.92,7.97,521000,psxdata,2026-05-11T12:53:12
TPL,2018-02-14,8.1,8.34,7.9,7.92,2535000,psxdata,2026-05-11T12:53:12
TPL,2018-02-15,8.05,8.05,7.62,7.66,1045000,psxdata,2026-05-11T12:53:12
TPL,2018-02-16,7.66,7.95,7.66,7.8,251500,psxdata,2026-05-11T12:53:12
TPL,2018-02-19,7.72,7.89,7.7,7.72,299500,psxdata,2026-05-11T12:53:12
TPL,2018-02-20,7.71,7.9,7.6,7.79,1048000,psxdata,2026-05-11T12:53:12
TPL,2018-02-21,7.89,7.97,7.72,7.91,761500,psxdata,2026-05-11T12:53:12
TPL,2018-02-22,7.76,8.09,7.65,7.78,1042500,psxdata,2026-05-11T12:53:12
TPL,2018-02-23,7.94,8.25,7.77,8.15,2760500,psxdata,2026-05-11T12:53:12
TPL,2018-02-26,8.2,8.57,8.05,8.38,3662000,psxdata,2026-05-11T12:53:12
TPL,2018-02-27,8.35,8.45,7.96,8.02,1402000,psxdata,2026-05-11T12:53:12
TPL,2018-02-28,8.06,8.15,7.95,8.0,1515000,psxdata,2026-05-11T12:53:12
TPL,2018-03-01,8.09,8.17,8.0,8.03,798500,psxdata,2026-05-11T12:53:12
TPL,2018-03-02,8.19,8.25,8.0,8.18,867500,psxdata,2026-05-11T12:53:12
TPL,2018-03-05,8.19,8.38,8.1,8.15,1064500,psxdata,2026-05-11T12:53:12
TPL,2018-03-06,8.25,8.28,7.9,7.93,1748500,psxdata,2026-05-11T12:53:12
TPL,2018-03-07,7.84,8.14,7.84,7.95,527500,psxdata,2026-05-11T12:53:12
TPL,2018-03-08,8.05,8.05,7.76,7.81,587500,psxdata,2026-05-11T12:53:12
TPL,2018-03-09,7.82,7.94,7.5,7.69,699500,psxdata,2026-05-11T12:53:12
TPL,2018-03-12,7.6,7.83,7.6,7.75,176000,psxdata,2026-05-11T12:53:12
TPL,2018-03-13,7.75,7.98,7.63,7.81,381000,psxdata,2026-05-11T12:53:12
TPL,2018-03-14,7.76,7.88,7.75,7.82,214000,psxdata,2026-05-11T12:53:12
TPL,2018-03-15,7.79,8.29,7.79,8.25,2840000,psxdata,2026-05-11T12:53:12
TPL,2018-03-16,8.25,8.57,8.12,8.17,5041500,psxdata,2026-05-11T12:53:12
TPL,2018-03-19,8.19,8.27,8.11,8.13,355000,psxdata,2026-05-11T12:53:12
TPL,2018-03-20,8.2,8.29,8.05,8.12,815000,psxdata,2026-05-11T12:53:12
TPL,2018-03-21,8.2,8.34,8.09,8.13,1295500,psxdata,2026-05-11T12:53:12
TPL,2018-03-22,8.24,8.25,8.11,8.18,889000,psxdata,2026-05-11T12:53:12
TPL,2018-03-26,8.13,8.23,8.13,8.19,609500,psxdata,2026-05-11T12:53:12
TPL,2018-03-27,8.21,9.1,8.2,8.98,9595500,psxdata,2026-05-11T12:53:12
TPL,2018-03-28,9.05,9.44,9.05,9.12,6835000,psxdata,2026-05-11T12:53:12
TPL,2018-03-29,9.06,9.15,8.77,8.83,1746000,psxdata,2026-05-11T12:53:12
TPL,2018-03-30,8.8,8.98,8.6,8.65,2676500,psxdata,2026-05-11T12:53:12
TPL,2018-04-02,8.7,8.92,8.7,8.77,1233500,psxdata,2026-05-11T12:53:12
TPL,2018-04-03,8.75,9.2,8.6,9.02,2834000,psxdata,2026-05-11T12:53:12
TPL,2018-04-04,9.2,9.2,8.95,8.96,1178500,psxdata,2026-05-11T12:53:12
TPL,2018-04-05,8.95,9.19,8.94,8.98,1130000,psxdata,2026-05-11T12:53:12
TPL,2018-04-06,9.0,9.06,8.78,8.86,874500,psxdata,2026-05-11T12:53:12
TPL,2018-04-09,8.85,9.01,8.8,8.93,818500,psxdata,2026-05-11T12:53:12
TPL,2018-04-10,8.87,9.04,8.73,8.77,1055000,psxdata,2026-05-11T12:53:12
TPL,2018-04-11,8.89,9.0,8.75,8.85,1198000,psxdata,2026-05-11T12:53:12
TPL,2018-04-12,8.87,9.3,8.87,9.06,3389000,psxdata,2026-05-11T12:53:12
TPL,2018-04-13,9.19,9.19,8.95,8.99,425000,psxdata,2026-05-11T12:53:12
TPL,2018-04-16,8.95,9.02,8.8,8.84,295000,psxdata,2026-05-11T12:53:12
TPL,2018-04-17,8.7,8.89,8.7,8.79,381500,psxdata,2026-05-11T12:53:12
TPL,2018-04-18,8.9,8.93,8.67,8.7,917500,psxdata,2026-05-11T12:53:12
TPL,2018-04-19,8.66,8.7,8.32,8.37,1136500,psxdata,2026-05-11T12:53:12
TPL,2018-04-20,8.35,8.45,8.3,8.39,326500,psxdata,2026-05-11T12:53:12
TPL,2018-04-23,8.32,8.45,8.3,8.35,306000,psxdata,2026-05-11T12:53:12
TPL,2018-04-24,8.32,8.6,8.32,8.51,817000,psxdata,2026-05-11T12:53:12
TPL,2018-04-25,8.54,8.6,8.4,8.46,447000,psxdata,2026-05-11T12:53:12
TPL,2018-04-26,8.45,8.5,8.25,8.3,515500,psxdata,2026-05-11T12:53:12
TPL,2018-04-27,8.19,8.3,8.05,8.12,803000,psxdata,2026-05-11T12:53:12
TPL,2018-04-30,8.3,8.3,7.9,7.98,898500,psxdata,2026-05-11T12:53:12
TPL,2018-05-02,8.0,8.0,7.78,7.82,328500,psxdata,2026-05-11T12:53:12
TPL,2018-05-03,7.77,7.8,7.47,7.54,1619500,psxdata,2026-05-11T12:53:12
TPL,2018-05-04,7.54,7.68,7.54,7.6,140000,psxdata,2026-05-11T12:53:12
TPL,2018-05-07,7.61,7.8,7.57,7.61,538500,psxdata,2026-05-11T12:53:12
TPL,2018-05-08,7.53,7.6,7.29,7.32,938500,psxdata,2026-05-11T12:53:12
TPL,2018-05-09,7.47,7.47,7.02,7.27,594000,psxdata,2026-05-11T12:53:12
TPL,2018-05-10,7.14,7.4,7.14,7.24,470000,psxdata,2026-05-11T12:53:12
TPL,2018-05-11,7.26,7.43,7.17,7.21,229000,psxdata,2026-05-11T12:53:12
TPL,2018-05-14,7.07,7.44,6.85,6.96,2110500,psxdata,2026-05-11T12:53:12
TPL,2018-05-15,7.15,7.15,6.9,7.05,314500,psxdata,2026-05-11T12:53:12
TPL,2018-05-16,7.23,7.23,7.0,7.02,193500,psxdata,2026-05-11T12:53:12
TPL,2018-05-17,7.23,7.23,6.9,6.91,230500,psxdata,2026-05-11T12:53:12
TPL,2018-05-18,7.09,7.09,6.8,6.84,272500,psxdata,2026-05-11T12:53:12
TPL,2018-05-21,7.2,7.2,6.58,6.69,687500,psxdata,2026-05-11T12:53:12
TPL,2018-05-22,6.89,7.15,6.7,7.06,532000,psxdata,2026-05-11T12:53:12
TPL,2018-05-23,7.1,7.19,6.9,7.15,440000,psxdata,2026-05-11T12:53:12
TPL,2018-05-24,7.12,7.12,6.95,6.96,190000,psxdata,2026-05-11T12:53:12
TPL,2018-05-25,6.95,7.0,6.86,6.87,86000,psxdata,2026-05-11T12:53:12
TPL,2018-05-28,6.86,7.1,6.86,6.94,107000,psxdata,2026-05-11T12:53:12
TPL,2018-05-29,6.99,7.09,6.96,7.03,112500,psxdata,2026-05-11T12:53:12
TPL,2018-05-30,7.1,7.15,7.0,7.07,448000,psxdata,2026-05-11T12:53:12
TPL,2018-05-31,7.05,7.15,7.02,7.15,81500,psxdata,2026-05-11T12:53:12
TPL,2018-06-01,7.1,7.1,6.9,6.98,182000,psxdata,2026-05-11T12:53:12
TPL,2018-06-04,7.18,7.18,6.96,7.0,115000,psxdata,2026-05-11T12:53:12
TPL,2018-06-05,7.08,7.15,6.92,7.12,247500,psxdata,2026-05-11T12:53:12
TPL,2018-06-06,7.16,7.16,7.02,7.11,184500,psxdata,2026-05-11T12:53:12
TPL,2018-06-07,7.29,7.29,7.07,7.18,246500,psxdata,2026-05-11T12:53:12
TPL,2018-06-11,7.06,7.14,7.02,7.05,164000,psxdata,2026-05-11T12:53:12
TPL,2018-06-12,7.14,7.14,6.6,6.68,275500,psxdata,2026-05-11T12:53:12
TPL,2018-06-13,7.09,7.09,6.67,6.84,432000,psxdata,2026-05-11T12:53:12
TPL,2018-06-14,6.93,6.95,6.7,6.76,314500,psxdata,2026-05-11T12:53:12
TPL,2018-06-19,6.94,6.94,6.75,6.89,191500,psxdata,2026-05-11T12:53:12
TPL,2018-06-20,6.8,6.95,6.55,6.58,702500,psxdata,2026-05-11T12:53:12
TPL,2018-06-21,6.52,6.72,6.35,6.51,732500,psxdata,2026-05-11T12:53:12
TPL,2018-06-22,6.51,6.58,6.35,6.4,205000,psxdata,2026-05-11T12:53:12
TPL,2018-06-25,6.45,6.5,6.3,6.33,100000,psxdata,2026-05-11T12:53:12
TPL,2018-06-26,6.39,6.44,6.17,6.32,403500,psxdata,2026-05-11T12:53:12
TPL,2018-06-27,6.44,6.79,6.32,6.47,577000,psxdata,2026-05-11T12:53:12
TPL,2018-06-28,6.59,6.65,6.41,6.48,279000,psxdata,2026-05-11T12:53:12
TPL,2018-06-29,6.48,6.96,6.42,6.82,725000,psxdata,2026-05-11T12:53:12
TPL,2018-07-02,6.85,6.85,6.66,6.68,113000,psxdata,2026-05-11T12:53:12
TPL,2018-07-03,6.76,6.76,6.57,6.6,85000,psxdata,2026-05-11T12:53:12
TPL,2018-07-04,6.52,6.54,6.33,6.35,148500,psxdata,2026-05-11T12:53:12
TPL,2018-07-05,6.53,6.54,6.35,6.4,74000,psxdata,2026-05-11T12:53:12
TPL,2018-07-06,6.5,6.54,6.4,6.44,39000,psxdata,2026-05-11T12:53:12
TPL,2018-07-09,6.79,6.79,6.0,6.05,948000,psxdata,2026-05-11T12:53:12
TPL,2018-07-10,6.24,6.24,5.94,6.08,634000,psxdata,2026-05-11T12:53:12
TPL,2018-07-11,6.3,6.3,6.02,6.05,301000,psxdata,2026-05-11T12:53:12
TPL,2018-07-12,6.24,6.24,6.0,6.09,67500,psxdata,2026-05-11T12:53:12
TPL,2018-07-13,6.19,6.19,6.07,6.15,73500,psxdata,2026-05-11T12:53:12
TPL,2018-07-16,6.25,6.25,6.0,6.02,140000,psxdata,2026-05-11T12:53:12
TPL,2018-07-17,6.18,6.29,6.0,6.22,333000,psxdata,2026-05-11T12:53:12
TPL,2018-07-18,6.23,6.49,6.22,6.45,526500,psxdata,2026-05-11T12:53:12
TPL,2018-07-19,6.59,6.84,6.4,6.67,1642500,psxdata,2026-05-11T12:53:12
TPL,2018-07-20,6.54,6.58,6.41,6.44,187000,psxdata,2026-05-11T12:53:12
TPL,2018-07-23,6.28,6.4,6.23,6.29,169000,psxdata,2026-05-11T12:53:12
TPL,2018-07-24,6.35,6.69,6.35,6.63,378000,psxdata,2026-05-11T12:53:12
TPL,2018-07-26,6.96,6.96,6.5,6.56,368000,psxdata,2026-05-11T12:53:12
TPL,2018-07-27,6.79,7.3,6.6,7.05,3623000,psxdata,2026-05-11T12:53:12
TPL,2018-07-30,7.19,7.7,7.19,7.55,3193000,psxdata,2026-05-11T12:53:12
TPL,2018-07-31,7.6,7.6,7.01,7.18,898500,psxdata,2026-05-11T12:53:12
TPL,2018-08-01,7.3,7.85,7.2,7.55,3981000,psxdata,2026-05-11T12:53:12
TPL,2018-08-02,7.7,8.1,7.51,7.72,5558000,psxdata,2026-05-11T12:53:12
TPL,2018-08-03,7.73,7.94,7.69,7.71,1041000,psxdata,2026-05-11T12:53:12
TPL,2018-08-06,7.7,7.79,7.52,7.58,312000,psxdata,2026-05-11T12:53:12
TPL,2018-08-07,7.56,7.69,7.36,7.48,723000,psxdata,2026-05-11T12:53:12
TPL,2018-08-08,7.43,7.7,7.4,7.51,683500,psxdata,2026-05-11T12:53:12
TPL,2018-08-09,7.65,7.65,7.42,7.51,282000,psxdata,2026-05-11T12:53:12
TPL,2018-08-10,7.76,8.25,7.52,8.03,4958500,psxdata,2026-05-11T12:53:12
TPL,2018-08-13,8.17,8.38,8.0,8.16,1844500,psxdata,2026-05-11T12:53:12
TPL,2018-08-15,8.33,8.34,7.59,7.71,1105000,psxdata,2026-05-11T12:53:12
TPL,2018-08-16,7.6,7.7,7.3,7.38,808500,psxdata,2026-05-11T12:53:12
TPL,2018-08-17,7.53,7.8,7.2,7.37,1675500,psxdata,2026-05-11T12:53:12
TPL,2018-08-20,7.37,7.4,7.1,7.17,601000,psxdata,2026-05-11T12:53:12
TPL,2018-08-24,7.39,7.39,7.0,7.04,399500,psxdata,2026-05-11T12:53:12
TPL,2018-08-27,6.95,7.18,6.95,7.13,409000,psxdata,2026-05-11T12:53:12
TPL,2018-08-28,7.4,7.49,7.1,7.17,5032500,psxdata,2026-05-11T12:53:12
TPL,2018-08-29,7.2,7.34,7.07,7.13,1009000,psxdata,2026-05-11T12:53:12
TPL,2018-08-30,7.2,7.45,7.1,7.27,1926500,psxdata,2026-05-11T12:53:12
TPL,2018-08-31,7.34,7.34,7.0,7.02,809000,psxdata,2026-05-11T12:53:12
TPL,2018-09-03,7.02,7.05,6.8,6.89,632000,psxdata,2026-05-11T12:53:12
TPL,2018-09-04,6.95,6.99,6.75,6.8,454500,psxdata,2026-05-11T12:53:12
TPL,2018-09-05,6.81,6.95,6.6,6.65,446500,psxdata,2026-05-11T12:53:12
TPL,2018-09-06,6.6,6.79,6.6,6.68,211500,psxdata,2026-05-11T12:53:12
TPL,2018-09-07,6.52,6.68,6.4,6.45,335000,psxdata,2026-05-11T12:53:12
TPL,2018-09-10,6.69,6.69,6.3,6.53,175500,psxdata,2026-05-11T12:53:12
TPL,2018-09-11,6.33,6.72,6.32,6.55,188000,psxdata,2026-05-11T12:53:12
TPL,2018-09-12,6.65,6.65,6.2,6.26,446000,psxdata,2026-05-11T12:53:12
TPL,2018-09-13,6.25,6.49,6.15,6.45,309000,psxdata,2026-05-11T12:53:12
TPL,2018-09-14,6.5,6.5,6.4,6.41,107500,psxdata,2026-05-11T12:53:12
TPL,2018-09-17,6.78,6.78,6.35,6.61,727000,psxdata,2026-05-11T12:53:12
TPL,2018-09-18,6.5,6.73,6.37,6.55,437000,psxdata,2026-05-11T12:53:12
TPL,2018-09-19,6.55,6.65,6.52,6.63,96500,psxdata,2026-05-11T12:53:12
TPL,2018-09-24,6.55,6.6,6.35,6.36,97500,psxdata,2026-05-11T12:53:12
TPL,2018-09-25,6.36,6.38,6.2,6.26,123000,psxdata,2026-05-11T12:53:12
TPL,2018-09-26,6.39,6.39,6.2,6.25,218500,psxdata,2026-05-11T12:53:12
TPL,2018-09-27,6.21,6.3,6.01,6.05,483500,psxdata,2026-05-11T12:53:12
TPL,2018-09-28,5.9,6.15,5.9,6.04,499000,psxdata,2026-05-11T12:53:12
TPL,2018-10-01,6.19,6.19,6.05,6.13,154500,psxdata,2026-05-11T12:53:12
TPL,2018-10-02,6.06,6.15,5.91,6.02,904500,psxdata,2026-05-11T12:53:12
TPL,2018-10-03,5.93,6.1,5.9,6.0,214500,psxdata,2026-05-11T12:53:12
TPL,2018-10-04,6.08,6.08,5.54,5.71,1042000,psxdata,2026-05-11T12:53:12
TPL,2018-10-05,5.7,5.78,5.35,5.37,348000,psxdata,2026-05-11T12:53:12
TPL,2018-10-08,5.24,5.4,4.91,5.02,499500,psxdata,2026-05-11T12:53:12
TPL,2018-10-09,5.48,5.49,5.0,5.17,208500,psxdata,2026-05-11T12:53:12
TPL,2018-10-10,4.96,5.14,4.7,5.05,532000,psxdata,2026-05-11T12:53:12
TPL,2018-10-11,5.23,5.24,4.88,5.01,421000,psxdata,2026-05-11T12:53:12
TPL,2018-10-12,5.01,5.05,4.55,4.76,474000,psxdata,2026-05-11T12:53:12
TPL,2018-10-15,4.7,4.7,4.37,4.46,548000,psxdata,2026-05-11T12:53:12
TPL,2018-10-16,4.52,5.0,4.5,4.82,900500,psxdata,2026-05-11T12:53:12
TPL,2018-10-17,5.05,5.69,5.01,5.54,1167500,psxdata,2026-05-11T12:53:12
TPL,2018-10-18,5.7,6.09,5.5,5.75,1131000,psxdata,2026-05-11T12:53:12
TPL,2018-10-19,5.77,6.36,5.7,6.3,1508000,psxdata,2026-05-11T12:53:12
TPL,2018-10-22,6.3,6.57,6.23,6.3,1195000,psxdata,2026-05-11T12:53:12
TPL,2018-10-23,6.23,6.35,5.75,6.14,1183500,psxdata,2026-05-11T12:53:12
TPL,2018-10-24,6.11,6.65,6.1,6.53,1376500,psxdata,2026-05-11T12:53:12
TPL,2018-10-25,6.53,6.53,6.17,6.28,1315000,psxdata,2026-05-11T12:53:12
TPL,2018-10-26,6.08,6.23,6.08,6.13,330500,psxdata,2026-05-11T12:53:12
TPL,2018-10-29,6.27,6.37,6.17,6.2,987500,psxdata,2026-05-11T12:53:12
TPL,2018-10-30,6.34,6.35,6.12,6.14,208500,psxdata,2026-05-11T12:53:12
TPL,2018-10-31,6.11,6.14,6.0,6.08,582000,psxdata,2026-05-11T12:53:12
TPL,2018-11-01,6.0,6.17,5.92,6.01,302500,psxdata,2026-05-11T12:53:12
TPL,2018-11-02,6.1,6.34,6.0,6.27,732500,psxdata,2026-05-11T12:53:12
TPL,2018-11-05,6.25,6.58,6.15,6.49,1947000,psxdata,2026-05-11T12:53:12
TPL,2018-11-06,6.49,6.57,6.2,6.29,318500,psxdata,2026-05-11T12:53:12
TPL,2018-11-07,6.3,6.45,6.3,6.38,288000,psxdata,2026-05-11T12:53:12
TPL,2018-11-08,6.4,6.4,6.25,6.29,541000,psxdata,2026-05-11T12:53:12
TPL,2018-11-09,6.34,6.35,6.27,6.32,173000,psxdata,2026-05-11T12:53:12
TPL,2018-11-12,6.12,6.2,6.07,6.13,250500,psxdata,2026-05-11T12:53:12
TPL,2018-11-13,6.08,6.3,6.01,6.28,354500,psxdata,2026-05-11T12:53:12
TPL,2018-11-14,6.25,6.26,6.1,6.14,328500,psxdata,2026-05-11T12:53:12
TPL,2018-11-15,6.16,6.34,6.15,6.2,172500,psxdata,2026-05-11T12:53:12
TPL,2018-11-16,6.21,6.3,6.13,6.18,198500,psxdata,2026-05-11T12:53:12
TPL,2018-11-19,6.17,6.4,6.12,6.38,357000,psxdata,2026-05-11T12:53:12
TPL,2018-11-20,6.4,7.09,6.35,6.76,4995000,psxdata,2026-05-11T12:53:12
TPL,2018-11-22,6.89,7.1,6.52,6.56,2119000,psxdata,2026-05-11T12:53:12
TPL,2018-11-23,6.48,6.72,6.48,6.51,247000,psxdata,2026-05-11T12:53:12
TPL,2018-11-26,6.45,6.59,6.2,6.32,322000,psxdata,2026-05-11T12:53:12
TPL,2018-11-27,6.25,6.32,6.14,6.28,114500,psxdata,2026-05-11T12:53:12
TPL,2018-11-28,6.39,6.39,6.2,6.21,60000,psxdata,2026-05-11T12:53:12
TPL,2018-11-29,6.18,6.29,6.17,6.19,61500,psxdata,2026-05-11T12:53:12
TPL,2018-11-30,6.2,6.23,6.02,6.11,158000,psxdata,2026-05-11T12:53:12
TPL,2018-12-03,5.86,6.04,5.65,5.95,455500,psxdata,2026-05-11T12:53:12
TPL,2018-12-04,5.85,6.05,5.75,5.96,333000,psxdata,2026-05-11T12:53:12
TPL,2018-12-05,6.05,6.1,5.61,5.88,276000,psxdata,2026-05-11T12:53:12
TPL,2018-12-06,6.09,6.1,5.82,5.85,207000,psxdata,2026-05-11T12:53:12
TPL,2018-12-07,5.99,6.05,5.73,5.95,341500,psxdata,2026-05-11T12:53:12
TPL,2018-12-10,6.13,6.45,5.98,6.28,879500,psxdata,2026-05-11T12:53:12
TPL,2018-12-11,6.19,6.42,6.05,6.14,469500,psxdata,2026-05-11T12:53:12
TPL,2018-12-12,6.2,6.2,5.85,5.87,234000,psxdata,2026-05-11T12:53:12
TPL,2018-12-13,5.97,5.98,5.86,5.92,476000,psxdata,2026-05-11T12:53:12
TPL,2018-12-14,5.91,6.09,5.9,6.05,305000,psxdata,2026-05-11T12:53:12
TPL,2018-12-17,6.2,6.2,5.82,5.98,83000,psxdata,2026-05-11T12:53:12
TPL,2018-12-18,5.82,6.0,5.82,5.91,43500,psxdata,2026-05-11T12:53:12
TPL,2018-12-19,5.8,5.9,5.79,5.82,176000,psxdata,2026-05-11T12:53:12
TPL,2018-12-20,5.95,6.0,5.87,5.9,57000,psxdata,2026-05-11T12:53:12
TPL,2018-12-21,5.84,6.2,5.82,5.93,490000,psxdata,2026-05-11T12:53:12
TPL,2018-12-24,5.9,5.94,5.81,5.93,50500,psxdata,2026-05-11T12:53:12
TPL,2018-12-26,6.02,6.03,5.9,6.0,354000,psxdata,2026-05-11T12:53:12
TPL,2018-12-27,6.02,6.02,5.85,5.85,74000,psxdata,2026-05-11T12:53:12
TPL,2018-12-28,5.85,5.9,5.61,5.79,110000,psxdata,2026-05-11T12:53:12
TPL,2018-12-31,5.95,6.19,5.7,6.03,640000,psxdata,2026-05-11T12:53:12
TPL,2019-01-01,6.09,6.09,5.96,6.06,60500,psxdata,2026-05-11T12:53:12
TPL,2019-01-02,6.0,6.05,5.91,5.92,156500,psxdata,2026-05-11T12:53:12
TPL,2019-01-03,5.98,6.1,5.85,5.86,86000,psxdata,2026-05-11T12:53:12
TPL,2019-01-04,5.84,5.9,5.83,5.87,45000,psxdata,2026-05-11T12:53:12
TPL,2019-01-07,5.98,5.99,5.85,5.9,158000,psxdata,2026-05-11T12:53:12
TPL,2019-01-08,5.9,6.03,5.9,5.96,191000,psxdata,2026-05-11T12:53:12
TPL,2019-01-09,6.0,6.0,5.9,5.91,51000,psxdata,2026-05-11T12:53:12
TPL,2019-01-10,6.0,6.0,5.86,5.99,431500,psxdata,2026-05-11T12:53:12
TPL,2019-01-11,6.0,6.03,5.9,5.92,152500,psxdata,2026-05-11T12:53:12
TPL,2019-01-14,6.09,6.09,5.9,5.97,89500,psxdata,2026-05-11T12:53:12
TPL,2019-01-15,5.98,5.99,5.92,5.95,54000,psxdata,2026-05-11T12:53:12
TPL,2019-01-16,5.91,5.94,5.85,5.86,66500,psxdata,2026-05-11T12:53:12
TPL,2019-01-17,5.9,5.9,5.82,5.85,35000,psxdata,2026-05-11T12:53:12
TPL,2019-01-18,5.82,6.12,5.82,5.99,301500,psxdata,2026-05-11T12:53:12
TPL,2019-01-21,5.95,6.04,5.81,6.01,265500,psxdata,2026-05-11T12:53:12
TPL,2019-01-22,6.12,6.12,5.93,5.96,91000,psxdata,2026-05-11T12:53:12
TPL,2019-01-23,6.0,6.08,5.9,6.01,187000,psxdata,2026-05-11T12:53:12
TPL,2019-01-24,6.1,6.29,5.9,6.12,1101500,psxdata,2026-05-11T12:53:12
TPL,2019-01-25,6.05,6.19,5.99,6.06,434000,psxdata,2026-05-11T12:53:12
TPL,2019-01-28,6.14,6.23,6.03,6.11,335000,psxdata,2026-05-11T12:53:12
TPL,2019-01-29,6.1,6.18,6.01,6.05,575500,psxdata,2026-05-11T12:53:12
TPL,2019-01-30,6.02,6.28,6.0,6.13,1101500,psxdata,2026-05-11T12:53:12
TPL,2019-01-31,6.1,6.42,6.1,6.27,1260000,psxdata,2026-05-11T12:53:12
TPL,2019-02-01,6.25,6.5,6.2,6.46,1465500,psxdata,2026-05-11T12:53:12
TPL,2019-02-04,6.46,6.65,6.38,6.41,972500,psxdata,2026-05-11T12:53:12
TPL,2019-02-06,6.25,6.44,6.23,6.27,414500,psxdata,2026-05-11T12:53:12
TPL,2019-02-07,6.16,6.3,6.15,6.16,264500,psxdata,2026-05-11T12:53:12
TPL,2019-02-08,6.3,6.3,6.01,6.06,359000,psxdata,2026-05-11T12:53:12
TPL,2019-02-11,6.18,6.39,6.09,6.1,353500,psxdata,2026-05-11T12:53:12
TPL,2019-02-12,6.1,6.25,6.06,6.1,154500,psxdata,2026-05-11T12:53:12
TPL,2019-02-13,6.12,6.18,6.04,6.07,228500,psxdata,2026-05-11T12:53:12
TPL,2019-02-14,6.04,6.1,6.0,6.01,125500,psxdata,2026-05-11T12:53:12
TPL,2019-02-15,6.08,6.08,5.95,5.99,173000,psxdata,2026-05-11T12:53:12
TPL,2019-02-18,6.15,6.15,5.85,5.94,577000,psxdata,2026-05-11T12:53:12
TPL,2019-02-19,5.9,6.02,5.9,6.01,304500,psxdata,2026-05-11T12:53:12
TPL,2019-02-20,6.0,6.11,5.91,6.06,566000,psxdata,2026-05-11T12:53:12
TPL,2019-02-21,6.12,6.19,6.02,6.13,283000,psxdata,2026-05-11T12:53:12
TPL,2019-02-22,6.01,6.24,6.01,6.06,120500,psxdata,2026-05-11T12:53:12
TPL,2019-02-25,6.0,6.1,5.97,6.0,173000,psxdata,2026-05-11T12:53:12
TPL,2019-02-26,5.93,5.93,5.6,5.66,573000,psxdata,2026-05-11T12:53:12
TPL,2019-02-27,5.79,5.79,4.8,5.28,845000,psxdata,2026-05-11T12:53:12
TPL,2019-02-28,5.49,5.68,5.2,5.53,936000,psxdata,2026-05-11T12:53:12
TPL,2019-03-01,5.41,5.79,5.41,5.69,508500,psxdata,2026-05-11T12:53:12
TPL,2019-03-04,5.8,5.87,5.53,5.68,65000,psxdata,2026-05-11T12:53:12
TPL,2019-03-05,5.63,5.84,5.55,5.58,348500,psxdata,2026-05-11T12:53:12
TPL,2019-03-06,5.69,5.69,5.51,5.52,81500,psxdata,2026-05-11T12:53:12
TPL,2019-03-07,5.69,5.9,5.45,5.78,594500,psxdata,2026-05-11T12:53:12
TPL,2019-03-08,5.73,5.96,5.63,5.83,392500,psxdata,2026-05-11T12:53:12
TPL,2019-03-11,5.7,5.91,5.7,5.88,239500,psxdata,2026-05-11T12:53:12
TPL,2019-03-12,5.9,5.92,5.8,5.82,301000,psxdata,2026-05-11T12:53:12
TPL,2019-03-13,5.81,5.83,5.76,5.8,158000,psxdata,2026-05-11T12:53:12
TPL,2019-03-14,5.9,5.9,5.71,5.75,63000,psxdata,2026-05-11T12:53:12
TPL,2019-03-15,5.72,5.72,5.52,5.62,52000,psxdata,2026-05-11T12:53:12
TPL,2019-03-18,5.45,5.58,5.39,5.52,280000,psxdata,2026-05-11T12:53:12
TPL,2019-03-19,5.52,5.58,5.49,5.53,81000,psxdata,2026-05-11T12:53:12
TPL,2019-03-20,5.54,5.6,5.39,5.43,448000,psxdata,2026-05-11T12:53:12
TPL,2019-03-21,5.4,5.47,5.31,5.37,65000,psxdata,2026-05-11T12:53:12
TPL,2019-03-22,5.35,5.4,5.34,5.35,33000,psxdata,2026-05-11T12:53:12
TPL,2019-03-25,5.35,5.43,5.33,5.33,69500,psxdata,2026-05-11T12:53:12
TPL,2019-03-26,5.26,5.49,5.26,5.47,275500,psxdata,2026-05-11T12:53:12
TPL,2019-03-27,5.54,5.54,5.35,5.46,390500,psxdata,2026-05-11T12:53:12
TPL,2019-03-28,5.37,5.45,5.37,5.38,137500,psxdata,2026-05-11T12:53:12
TPL,2019-03-29,5.4,5.4,5.33,5.33,52000,psxdata,2026-05-11T12:53:12
TPL,2019-04-01,5.3,5.3,5.1,5.12,252500,psxdata,2026-05-11T12:53:12
TPL,2019-04-02,5.12,5.19,4.99,5.16,322500,psxdata,2026-05-11T12:53:12
TPL,2019-04-03,5.1,5.35,5.09,5.23,167500,psxdata,2026-05-11T12:53:12
TPL,2019-04-04,5.15,5.3,5.02,5.17,184500,psxdata,2026-05-11T12:53:12
TPL,2019-04-05,5.09,5.19,5.05,5.12,57000,psxdata,2026-05-11T12:53:12
TPL,2019-04-08,4.95,5.0,4.8,4.94,154000,psxdata,2026-05-11T12:53:12
TPL,2019-04-09,4.95,5.08,4.81,4.86,165000,psxdata,2026-05-11T12:53:12
TPL,2019-04-10,5.0,5.0,4.72,4.86,405000,psxdata,2026-05-11T12:53:12
TPL,2019-04-11,4.82,4.97,4.62,4.89,859000,psxdata,2026-05-11T12:53:12
TPL,2019-04-12,4.85,5.0,4.85,4.95,733500,psxdata,2026-05-11T12:53:12
TPL,2019-04-15,4.92,4.95,4.82,4.84,77000,psxdata,2026-05-11T12:53:12
TPL,2019-04-16,4.9,4.95,4.8,4.8,219000,psxdata,2026-05-11T12:53:12
TPL,2019-04-17,4.9,4.9,4.52,4.78,561000,psxdata,2026-05-11T12:53:12
TPL,2019-04-18,4.82,4.85,4.64,4.68,68500,psxdata,2026-05-11T12:53:12
TPL,2019-04-19,4.75,4.84,4.7,4.73,74000,psxdata,2026-05-11T12:53:12
TPL,2019-04-22,4.7,4.7,4.59,4.6,137000,psxdata,2026-05-11T12:53:12
TPL,2019-04-23,4.56,4.8,4.45,4.64,318500,psxdata,2026-05-11T12:53:12
TPL,2019-04-24,4.56,4.65,4.5,4.52,34500,psxdata,2026-05-11T12:53:12
TPL,2019-04-25,4.79,4.84,4.55,4.65,189000,psxdata,2026-05-11T12:53:12
TPL,2019-04-26,4.65,4.99,4.51,4.92,264500,psxdata,2026-05-11T12:53:12
TPL,2019-04-29,4.93,5.1,4.8,4.95,362000,psxdata,2026-05-11T12:53:12
TPL,2019-04-30,4.82,5.05,4.55,4.93,535500,psxdata,2026-05-11T12:53:12
TPL,2019-05-02,4.88,4.99,4.8,4.94,139500,psxdata,2026-05-11T12:53:12
TPL,2019-05-03,4.8,4.97,4.76,4.89,195000,psxdata,2026-05-11T12:53:12
TPL,2019-05-06,4.8,4.8,4.72,4.79,42000,psxdata,2026-05-11T12:53:12
TPL,2019-05-07,4.71,4.71,4.63,4.66,24500,psxdata,2026-05-11T12:53:12
TPL,2019-05-08,4.55,4.61,4.27,4.3,267500,psxdata,2026-05-11T12:53:12
TPL,2019-05-09,4.25,4.47,4.25,4.32,39500,psxdata,2026-05-11T12:53:12
TPL,2019-05-10,4.3,4.5,4.18,4.45,107000,psxdata,2026-05-11T12:53:12
TPL,2019-05-13,4.6,4.6,4.14,4.35,215000,psxdata,2026-05-11T12:53:12
TPL,2019-05-14,4.25,4.38,3.92,4.08,458000,psxdata,2026-05-11T12:53:12
TPL,2019-05-15,4.1,4.17,4.0,4.07,136000,psxdata,2026-05-11T12:53:12
TPL,2019-05-16,4.28,4.28,3.75,3.82,327500,psxdata,2026-05-11T12:53:12
TPL,2019-05-17,3.6,3.96,3.0,3.71,1387000,psxdata,2026-05-11T12:53:12
TPL,2019-05-20,3.55,4.66,3.54,4.37,674000,psxdata,2026-05-11T12:53:12
TPL,2019-05-21,4.01,4.35,4.01,4.28,156000,psxdata,2026-05-11T12:53:12
TPL,2019-05-22,4.55,4.69,4.32,4.57,493500,psxdata,2026-05-11T12:53:12
TPL,2019-05-23,4.55,4.76,4.5,4.6,165000,psxdata,2026-05-11T12:53:12
TPL,2019-05-24,4.45,4.6,4.45,4.5,8000,psxdata,2026-05-11T12:53:12
TPL,2019-05-27,4.32,4.45,4.31,4.34,66000,psxdata,2026-05-11T12:53:12
TPL,2019-05-28,4.29,4.4,4.06,4.09,115500,psxdata,2026-05-11T12:53:12
TPL,2019-05-29,3.82,4.33,3.82,4.3,62000,psxdata,2026-05-11T12:53:12
TPL,2019-05-30,4.2,4.33,4.1,4.19,66000,psxdata,2026-05-11T12:53:12
TPL,2019-06-03,4.13,4.3,4.11,4.29,29000,psxdata,2026-05-11T12:53:12
TPL,2019-06-10,4.12,4.4,4.1,4.33,192500,psxdata,2026-05-11T12:53:12
TPL,2019-06-11,4.36,4.36,4.15,4.17,275500,psxdata,2026-05-11T12:53:12
TPL,2019-06-12,4.25,4.48,4.2,4.25,172000,psxdata,2026-05-11T12:53:12
TPL,2019-06-13,4.3,4.3,4.05,4.27,150500,psxdata,2026-05-11T12:53:12
TPL,2019-06-14,4.25,4.25,4.18,4.21,50500,psxdata,2026-05-11T12:53:12
TPL,2019-06-17,4.12,4.12,3.99,4.01,342000,psxdata,2026-05-11T12:53:12
TPL,2019-06-18,4.0,4.05,3.95,4.03,57500,psxdata,2026-05-11T12:53:12
TPL,2019-06-19,4.0,4.05,3.9,4.02,57000,psxdata,2026-05-11T12:53:12
TPL,2019-06-20,3.95,4.04,3.9,4.01,57500,psxdata,2026-05-11T12:53:12
TPL,2019-06-21,3.9,4.03,3.9,3.96,36000,psxdata,2026-05-11T12:53:12
TPL,2019-06-24,3.9,4.03,3.76,3.92,163000,psxdata,2026-05-11T12:53:12
TPL,2019-06-25,3.82,3.95,3.77,3.89,6484500,psxdata,2026-05-11T12:53:12
TPL,2019-06-26,3.85,4.85,3.78,4.45,3394000,psxdata,2026-05-11T12:53:12
TPL,2019-06-27,4.36,4.88,4.18,4.82,1066000,psxdata,2026-05-11T12:53:12
TPL,2019-06-28,4.51,4.94,4.5,4.88,553000,psxdata,2026-05-11T12:53:12
TPL,2019-07-01,4.7,4.75,4.5,4.6,115500,psxdata,2026-05-11T12:53:12
TPL,2019-07-02,4.5,4.6,4.5,4.6,14500,psxdata,2026-05-11T12:53:12
TPL,2019-07-03,4.64,4.65,4.47,4.51,18500,psxdata,2026-05-11T12:53:12
TPL,2019-07-04,4.48,4.54,4.45,4.49,25000,psxdata,2026-05-11T12:53:12
TPL,2019-07-05,4.41,4.41,4.0,4.2,405500,psxdata,2026-05-11T12:53:12
TPL,2019-07-08,4.15,4.2,4.05,4.09,70500,psxdata,2026-05-11T12:53:12
TPL,2019-07-09,4.1,4.22,4.0,4.02,2066500,psxdata,2026-05-11T12:53:12
TPL,2019-07-10,4.14,4.28,4.1,4.18,178500,psxdata,2026-05-11T12:53:12
TPL,2019-07-11,4.2,4.2,4.04,4.09,2122000,psxdata,2026-05-11T12:53:12
TPL,2019-07-12,4.05,4.1,4.0,4.01,133500,psxdata,2026-05-11T12:53:12
TPL,2019-07-15,3.91,4.0,3.82,3.87,151000,psxdata,2026-05-11T12:53:12
TPL,2019-07-16,3.84,3.95,3.84,3.88,60000,psxdata,2026-05-11T12:53:12
TPL,2019-07-17,3.97,4.0,3.91,3.92,8000,psxdata,2026-05-11T12:53:12
TPL,2019-07-18,3.82,3.95,3.75,3.84,18000,psxdata,2026-05-11T12:53:12
TPL,2019-07-19,3.79,3.8,3.44,3.73,124000,psxdata,2026-05-11T12:53:12
TPL,2019-07-22,3.7,3.7,3.7,3.7,5000,psxdata,2026-05-11T12:53:12
TPL,2019-07-23,3.8,3.8,3.62,3.68,13000,psxdata,2026-05-11T12:53:12
TPL,2019-07-24,3.65,3.78,3.53,3.61,21000,psxdata,2026-05-11T12:53:12
TPL,2019-07-25,3.57,3.8,3.57,3.76,106000,psxdata,2026-05-11T12:53:12
TPL,2019-07-26,3.65,3.68,3.47,3.49,126500,psxdata,2026-05-11T12:53:12
TPL,2019-07-29,3.3,3.48,3.16,3.21,114500,psxdata,2026-05-11T12:53:12
TPL,2019-07-30,3.28,3.3,3.16,3.23,28500,psxdata,2026-05-11T12:53:12
TPL,2019-07-31,3.29,3.29,3.2,3.25,142500,psxdata,2026-05-11T12:53:12
TPL,2019-08-01,3.5,3.6,3.04,3.14,83000,psxdata,2026-05-11T12:53:12
TPL,2019-08-02,3.29,3.45,3.2,3.21,45000,psxdata,2026-05-11T12:53:12
TPL,2019-08-05,3.03,3.3,3.01,3.12,31000,psxdata,2026-05-11T12:53:12
TPL,2019-08-06,3.15,3.15,3.13,3.15,2000,psxdata,2026-05-11T12:53:12
TPL,2019-08-07,2.8,3.02,2.8,3.01,27000,psxdata,2026-05-11T12:53:12
TPL,2019-08-08,2.72,3.48,2.71,3.3,299000,psxdata,2026-05-11T12:53:12
TPL,2019-08-09,3.06,3.35,3.06,3.24,317000,psxdata,2026-05-11T12:53:12
TPL,2019-08-16,3.15,3.25,3.0,3.18,72500,psxdata,2026-05-11T12:53:12
TPL,2019-08-19,3.06,3.25,3.05,3.25,20000,psxdata,2026-05-11T12:53:12
TPL,2019-08-20,3.16,3.32,3.16,3.23,193500,psxdata,2026-05-11T12:53:12
TPL,2019-08-21,3.17,3.28,3.11,3.24,55000,psxdata,2026-05-11T12:53:12
TPL,2019-08-22,3.3,3.7,3.25,3.64,502500,psxdata,2026-05-11T12:53:12
TPL,2019-08-23,3.8,3.8,3.35,3.39,85500,psxdata,2026-05-11T12:53:12
TPL,2019-08-26,3.2,3.3,3.18,3.21,73500,psxdata,2026-05-11T12:53:12
TPL,2019-08-27,3.15,3.29,3.15,3.28,23000,psxdata,2026-05-11T12:53:12
TPL,2019-08-28,3.45,3.45,3.19,3.22,156000,psxdata,2026-05-11T12:53:12
TPL,2019-08-29,3.38,3.38,3.11,3.19,91500,psxdata,2026-05-11T12:53:12
TPL,2019-08-30,3.25,3.25,3.0,3.0,185500,psxdata,2026-05-11T12:53:12
TPL,2019-09-02,3.02,3.04,2.94,3.0,163000,psxdata,2026-05-11T12:53:12
TPL,2019-09-04,2.95,3.34,2.9,3.16,189500,psxdata,2026-05-11T12:53:12
TPL,2019-09-05,3.12,3.35,3.08,3.09,209000,psxdata,2026-05-11T12:53:12
TPL,2019-09-06,3.1,3.1,3.1,3.1,6000,psxdata,2026-05-11T12:53:12
TPL,2019-09-11,3.25,3.25,3.03,3.04,118500,psxdata,2026-05-11T12:53:12
TPL,2019-09-12,3.3,3.3,2.97,3.01,312500,psxdata,2026-05-11T12:53:12
TPL,2019-09-13,3.0,3.1,2.95,3.01,62500,psxdata,2026-05-11T12:53:12
TPL,2019-09-16,3.1,3.1,2.93,3.02,39000,psxdata,2026-05-11T12:53:12
TPL,2019-09-17,3.05,3.12,3.05,3.09,11000,psxdata,2026-05-11T12:53:12
TPL,2019-09-18,3.13,3.13,3.0,3.01,55000,psxdata,2026-05-11T12:53:12
TPL,2019-09-19,3.02,3.12,3.02,3.1,78500,psxdata,2026-05-11T12:53:12
TPL,2019-09-20,3.0,3.25,3.0,3.15,629000,psxdata,2026-05-11T12:53:12
TPL,2019-09-23,3.15,3.15,3.06,3.08,36500,psxdata,2026-05-11T12:53:12
TPL,2019-09-24,3.0,3.03,2.97,3.01,25000,psxdata,2026-05-11T12:53:12
TPL,2019-09-25,3.01,3.12,2.96,2.96,16500,psxdata,2026-05-11T12:53:12
TPL,2019-09-26,2.9,2.99,2.9,2.97,23500,psxdata,2026-05-11T12:53:12
TPL,2019-09-27,2.98,2.99,2.95,2.96,58500,psxdata,2026-05-11T12:53:12
TPL,2019-09-30,2.97,3.03,2.96,2.97,7500,psxdata,2026-05-11T12:53:12
TPL,2019-10-01,3.02,3.02,2.97,3.0,34000,psxdata,2026-05-11T12:53:12
TPL,2019-10-02,2.91,3.05,2.9,3.0,34500,psxdata,2026-05-11T12:53:12
TPL,2019-10-03,3.05,3.38,3.0,3.35,720500,psxdata,2026-05-11T12:53:12
TPL,2019-10-04,3.4,3.56,3.35,3.52,447500,psxdata,2026-05-11T12:53:12
TPL,2019-10-07,3.5,4.3,3.45,4.11,2234500,psxdata,2026-05-11T12:53:12
TPL,2019-10-08,4.0,4.09,3.86,3.88,473500,psxdata,2026-05-11T12:53:12
TPL,2019-10-09,3.7,4.0,3.7,3.98,351000,psxdata,2026-05-11T12:53:12
TPL,2019-10-10,3.9,4.15,3.9,4.1,388000,psxdata,2026-05-11T12:53:12
TPL,2019-10-11,4.1,4.1,4.0,4.01,132000,psxdata,2026-05-11T12:53:12
TPL,2019-10-14,4.15,4.15,3.76,3.78,175500,psxdata,2026-05-11T12:53:12
TPL,2019-10-15,3.85,3.92,3.81,3.9,12500,psxdata,2026-05-11T12:53:12
TPL,2019-10-16,3.77,3.95,3.76,3.82,39000,psxdata,2026-05-11T12:53:12
TPL,2019-10-17,3.85,3.85,3.8,3.81,99000,psxdata,2026-05-11T12:53:12
TPL,2019-10-18,3.85,3.85,3.61,3.81,373500,psxdata,2026-05-11T12:53:12
TPL,2019-10-21,3.63,3.64,3.46,3.5,198000,psxdata,2026-05-11T12:53:12
TPL,2019-10-22,3.38,3.6,3.36,3.54,93500,psxdata,2026-05-11T12:53:12
TPL,2019-10-23,3.49,3.58,3.49,3.54,60500,psxdata,2026-05-11T12:53:12
TPL,2019-10-24,3.65,3.7,3.53,3.53,80000,psxdata,2026-05-11T12:53:12
TPL,2019-10-25,3.75,3.75,3.54,3.58,96500,psxdata,2026-05-11T12:53:12
TPL,2019-10-28,3.35,3.75,3.35,3.67,149500,psxdata,2026-05-11T12:53:12
TPL,2019-10-29,3.75,3.82,3.56,3.73,346500,psxdata,2026-05-11T12:53:12
TPL,2019-10-30,3.64,3.64,3.56,3.61,89000,psxdata,2026-05-11T12:53:12
TPL,2019-10-31,3.88,3.88,3.65,3.77,244500,psxdata,2026-05-11T12:53:12
TPL,2019-11-01,3.7,3.79,3.7,3.71,10000,psxdata,2026-05-11T12:53:12
TPL,2019-11-04,3.79,3.83,3.72,3.73,71500,psxdata,2026-05-11T12:53:12
TPL,2019-11-05,3.84,3.84,3.6,3.65,378500,psxdata,2026-05-11T12:53:12
TPL,2019-11-06,3.8,3.88,3.75,3.79,339500,psxdata,2026-05-11T12:53:12
TPL,2019-11-07,3.66,3.79,3.65,3.79,136000,psxdata,2026-05-11T12:53:12
TPL,2019-11-08,3.84,4.18,3.82,3.96,1387500,psxdata,2026-05-11T12:53:12
TPL,2019-11-11,3.86,4.3,3.86,4.18,1044500,psxdata,2026-05-11T12:53:12
TPL,2019-11-12,4.2,4.3,4.06,4.2,327500,psxdata,2026-05-11T12:53:12
TPL,2019-11-13,4.07,4.3,4.06,4.26,486500,psxdata,2026-05-11T12:53:12
TPL,2019-11-14,4.33,4.65,4.26,4.56,1387000,psxdata,2026-05-11T12:53:12
TPL,2019-11-15,4.5,4.88,4.5,4.78,1305000,psxdata,2026-05-11T12:53:12
TPL,2019-11-18,4.65,5.1,4.65,4.78,1820000,psxdata,2026-05-11T12:53:12
TPL,2019-11-19,4.79,4.79,4.51,4.56,518000,psxdata,2026-05-11T12:53:12
TPL,2019-11-20,4.48,4.5,4.29,4.35,641500,psxdata,2026-05-11T12:53:12
TPL,2019-11-21,4.35,4.44,4.2,4.24,219000,psxdata,2026-05-11T12:53:12
TPL,2019-11-22,4.2,4.4,4.2,4.35,369500,psxdata,2026-05-11T12:53:12
TPL,2019-11-25,4.35,4.49,4.3,4.47,111000,psxdata,2026-05-11T12:53:12
TPL,2019-11-26,4.45,4.59,4.05,4.19,1068500,psxdata,2026-05-11T12:53:12
TPL,2019-11-27,4.25,4.25,4.14,4.17,127500,psxdata,2026-05-11T12:53:12
TPL,2019-11-28,4.25,4.5,4.25,4.38,407500,psxdata,2026-05-11T12:53:12
TPL,2019-11-29,4.48,5.38,4.38,5.33,6434500,psxdata,2026-05-11T12:53:12
TPL,2019-12-02,5.5,5.71,5.35,5.42,4383500,psxdata,2026-05-11T12:53:12
TPL,2019-12-03,5.35,5.49,5.1,5.13,1306000,psxdata,2026-05-11T12:53:12
TPL,2019-12-04,5.24,5.9,5.24,5.69,4624500,psxdata,2026-05-11T12:53:12
TPL,2019-12-05,5.73,5.76,5.5,5.56,976500,psxdata,2026-05-11T12:53:12
TPL,2019-12-06,5.5,5.55,5.36,5.42,564000,psxdata,2026-05-11T12:53:12
TPL,2019-12-09,5.36,5.4,5.11,5.14,1252500,psxdata,2026-05-11T12:53:12
TPL,2019-12-10,5.28,5.28,5.1,5.16,311000,psxdata,2026-05-11T12:53:12
TPL,2019-12-11,5.2,5.21,4.8,4.89,1145500,psxdata,2026-05-11T12:53:12
TPL,2019-12-12,4.89,4.99,4.77,4.82,295000,psxdata,2026-05-11T12:53:12
TPL,2019-12-13,5.15,5.15,4.8,4.83,391000,psxdata,2026-05-11T12:53:12
TPL,2019-12-16,4.76,4.9,4.67,4.69,489500,psxdata,2026-05-11T12:53:12
TPL,2019-12-17,4.67,4.7,4.49,4.5,1344500,psxdata,2026-05-11T12:53:12
TPL,2019-12-18,4.55,4.59,4.4,4.51,403500,psxdata,2026-05-11T12:53:12
TPL,2019-12-19,4.55,4.55,4.4,4.44,99500,psxdata,2026-05-11T12:53:12
TPL,2019-12-20,4.47,4.56,4.4,4.5,201000,psxdata,2026-05-11T12:53:12
TPL,2019-12-23,4.26,4.48,4.18,4.2,172000,psxdata,2026-05-11T12:53:12
TPL,2019-12-24,4.22,4.34,4.03,4.28,229000,psxdata,2026-05-11T12:53:12
TPL,2019-12-26,4.15,4.44,4.15,4.36,226000,psxdata,2026-05-11T12:53:12
TPL,2019-12-27,4.4,4.4,4.21,4.22,192000,psxdata,2026-05-11T12:53:12
TPL,2019-12-30,4.31,4.47,4.3,4.3,192500,psxdata,2026-05-11T12:53:12
TPL,2019-12-31,4.2,4.47,4.15,4.42,197500,psxdata,2026-05-11T12:53:12
TPL,2020-01-01,4.5,4.84,4.38,4.68,1524000,psxdata,2026-05-11T12:53:12
TPL,2020-01-02,4.68,4.95,4.68,4.79,792500,psxdata,2026-05-11T12:53:12
TPL,2020-01-03,4.71,4.75,4.45,4.6,504000,psxdata,2026-05-11T12:53:12
TPL,2020-01-06,4.42,4.49,4.3,4.31,241500,psxdata,2026-05-11T12:53:12
TPL,2020-01-07,4.51,4.6,4.36,4.44,193500,psxdata,2026-05-11T12:53:12
TPL,2020-01-08,4.36,4.36,4.01,4.1,719000,psxdata,2026-05-11T12:53:12
TPL,2020-01-09,4.26,4.35,4.17,4.23,2448000,psxdata,2026-05-11T12:53:12
TPL,2020-01-10,4.23,4.76,4.22,4.44,3739500,psxdata,2026-05-11T12:53:12
TPL,2020-01-13,4.33,5.44,4.32,5.44,14956500,psxdata,2026-05-11T12:53:12
TPL,2020-01-14,5.74,6.17,5.7,5.86,14610500,psxdata,2026-05-11T12:53:12
TPL,2020-01-15,5.8,5.88,5.5,5.55,3117500,psxdata,2026-05-11T12:53:12
TPL,2020-01-16,5.5,5.81,5.45,5.74,1525500,psxdata,2026-05-11T12:53:12
TPL,2020-01-17,5.76,5.95,5.63,5.71,3162000,psxdata,2026-05-11T12:53:12
TPL,2020-01-20,5.8,5.82,5.51,5.6,1240500,psxdata,2026-05-11T12:53:12
TPL,2020-01-21,5.7,5.79,5.12,5.49,785500,psxdata,2026-05-11T12:53:12
TPL,2020-01-22,5.6,5.94,5.5,5.63,3701000,psxdata,2026-05-11T12:53:12
TPL,2020-01-23,5.71,5.83,5.5,5.52,1048000,psxdata,2026-05-11T12:53:12
TPL,2020-01-24,5.4,5.7,5.35,5.45,865000,psxdata,2026-05-11T12:53:12
TPL,2020-01-27,5.35,5.45,5.26,5.31,519500,psxdata,2026-05-11T12:53:12
TPL,2020-01-28,5.4,5.49,5.2,5.3,442500,psxdata,2026-05-11T12:53:12
TPL,2020-01-29,5.38,5.38,5.17,5.2,239000,psxdata,2026-05-11T12:53:12
TPL,2020-01-30,5.13,5.25,5.1,5.12,519500,psxdata,2026-05-11T12:53:12
TPL,2020-01-31,5.11,5.2,5.07,5.12,276000,psxdata,2026-05-11T12:53:12
TPL,2020-02-03,4.75,5.09,4.75,4.83,638500,psxdata,2026-05-11T12:53:12
TPL,2020-02-04,5.04,5.06,4.8,4.96,193500,psxdata,2026-05-11T12:53:12
TPL,2020-02-06,5.05,5.3,5.02,5.09,537500,psxdata,2026-05-11T12:53:12
TPL,2020-02-07,5.1,5.12,4.58,4.62,681000,psxdata,2026-05-11T12:53:12
TPL,2020-02-10,4.85,4.85,4.3,4.52,1310500,psxdata,2026-05-11T12:53:12
TPL,2020-02-11,4.6,4.75,4.55,4.67,374500,psxdata,2026-05-11T12:53:12
TPL,2020-02-12,4.79,5.05,4.72,5.02,855500,psxdata,2026-05-11T12:53:12
TPL,2020-02-13,5.02,5.15,5.02,5.09,530000,psxdata,2026-05-11T12:53:12
TPL,2020-02-14,4.92,5.19,4.92,5.09,202000,psxdata,2026-05-11T12:53:12
TPL,2020-02-17,4.92,5.13,4.9,4.92,214000,psxdata,2026-05-11T12:53:12
TPL,2020-02-18,5.09,5.09,4.78,4.8,66000,psxdata,2026-05-11T12:53:12
TPL,2020-02-19,4.8,4.96,4.78,4.83,151500,psxdata,2026-05-11T12:53:12
TPL,2020-02-20,4.75,4.82,4.72,4.73,114000,psxdata,2026-05-11T12:53:12
TPL,2020-02-21,4.99,4.99,4.7,4.7,191000,psxdata,2026-05-11T12:53:12
TPL,2020-02-24,4.62,4.9,4.36,4.4,289000,psxdata,2026-05-11T12:53:12
TPL,2020-02-25,4.5,4.5,4.35,4.35,548000,psxdata,2026-05-11T12:53:12
TPL,2020-02-26,4.41,4.41,4.29,4.31,860500,psxdata,2026-05-11T12:53:12
TPL,2020-02-27,4.2,4.2,3.8,4.14,459500,psxdata,2026-05-11T12:53:12
TPL,2020-02-28,4.2,4.34,4.01,4.09,105500,psxdata,2026-05-11T12:53:12
TPL,2020-03-02,4.2,4.34,4.1,4.3,209000,psxdata,2026-05-11T12:53:12
TPL,2020-03-03,4.31,4.48,4.25,4.34,378000,psxdata,2026-05-11T12:53:12
TPL,2020-03-04,4.4,4.4,4.25,4.25,260500,psxdata,2026-05-11T12:53:12
TPL,2020-03-05,4.31,4.55,4.31,4.32,504000,psxdata,2026-05-11T12:53:12
TPL,2020-03-06,4.3,4.4,4.17,4.29,168000,psxdata,2026-05-11T12:53:12
TPL,2020-03-09,4.0,4.25,4.0,4.15,243000,psxdata,2026-05-11T12:53:12
TPL,2020-03-10,4.29,4.29,4.1,4.11,176000,psxdata,2026-05-11T12:53:12
TPL,2020-03-11,4.25,4.28,4.01,4.06,444500,psxdata,2026-05-11T12:53:12
TPL,2020-03-12,4.01,4.02,3.94,3.96,114000,psxdata,2026-05-11T12:53:12
TPL,2020-03-13,3.81,4.09,3.8,3.98,132500,psxdata,2026-05-11T12:53:12
TPL,2020-03-16,3.97,4.0,3.4,3.49,194500,psxdata,2026-05-11T12:53:12
TPL,2020-03-17,3.7,3.7,3.0,3.23,943000,psxdata,2026-05-11T12:53:12
TPL,2020-03-18,3.03,3.24,2.9,2.91,407500,psxdata,2026-05-11T12:53:12
TPL,2020-03-19,2.81,3.28,2.65,3.08,264500,psxdata,2026-05-11T12:53:12
TPL,2020-03-20,3.1,3.24,2.9,2.97,324500,psxdata,2026-05-11T12:53:12
TPL,2020-03-24,2.75,2.85,2.75,2.83,74000,psxdata,2026-05-11T12:53:12
TPL,2020-03-25,2.9,2.9,2.75,2.85,74500,psxdata,2026-05-11T12:53:12
TPL,2020-03-26,2.89,2.99,2.81,2.89,48000,psxdata,2026-05-11T12:53:12
TPL,2020-03-27,2.76,3.0,2.76,2.98,25000,psxdata,2026-05-11T12:53:12
TPL,2020-03-30,2.97,3.0,2.9,2.95,21500,psxdata,2026-05-11T12:53:12
TPL,2020-03-31,3.1,3.21,2.98,3.19,76500,psxdata,2026-05-11T12:53:12
TPL,2020-04-01,3.03,3.21,3.02,3.21,80000,psxdata,2026-05-11T12:53:12
TPL,2020-04-02,3.25,3.51,3.23,3.49,384500,psxdata,2026-05-11T12:53:12
TPL,2020-04-03,3.55,3.78,3.55,3.6,137000,psxdata,2026-05-11T12:53:12
TPL,2020-04-06,3.75,3.75,3.3,3.39,381000,psxdata,2026-05-11T12:53:12
TPL,2020-04-07,3.39,3.39,3.25,3.37,74500,psxdata,2026-05-11T12:53:12
TPL,2020-04-08,3.49,3.49,3.24,3.38,36500,psxdata,2026-05-11T12:53:12
TPL,2020-04-09,3.45,3.54,3.4,3.49,129500,psxdata,2026-05-11T12:53:12
TPL,2020-04-10,3.41,3.41,3.28,3.3,139000,psxdata,2026-05-11T12:53:12
TPL,2020-04-13,3.28,3.45,3.23,3.31,167000,psxdata,2026-05-11T12:53:12
TPL,2020-04-14,3.44,3.44,3.39,3.39,5000,psxdata,2026-05-11T12:53:12
TPL,2020-04-15,3.42,3.46,3.35,3.35,44500,psxdata,2026-05-11T12:53:12
TPL,2020-04-16,3.58,3.58,3.31,3.41,29000,psxdata,2026-05-11T12:53:12
TPL,2020-04-17,3.59,4.23,3.59,3.94,734000,psxdata,2026-05-11T12:53:12
TPL,2020-04-20,3.97,3.97,3.5,3.79,273000,psxdata,2026-05-11T12:53:12
TPL,2020-04-21,3.43,3.74,3.43,3.54,59500,psxdata,2026-05-11T12:53:12
TPL,2020-04-22,3.6,3.69,3.55,3.63,26000,psxdata,2026-05-11T12:53:12
TPL,2020-04-23,3.61,3.83,3.55,3.55,85500,psxdata,2026-05-11T12:53:12
TPL,2020-04-24,3.51,3.62,3.46,3.5,58500,psxdata,2026-05-11T12:53:12
TPL,2020-04-27,3.44,3.5,3.42,3.5,95500,psxdata,2026-05-11T12:53:12
TPL,2020-04-28,3.51,3.55,3.4,3.52,344500,psxdata,2026-05-11T12:53:12
TPL,2020-04-29,3.5,3.56,3.25,3.41,337500,psxdata,2026-05-11T12:53:12
TPL,2020-04-30,3.45,3.51,3.4,3.42,181500,psxdata,2026-05-11T12:53:12
TPL,2020-05-04,3.45,3.85,3.41,3.73,451500,psxdata,2026-05-11T12:53:12
TPL,2020-05-05,3.7,3.99,3.7,3.81,246000,psxdata,2026-05-11T12:53:12
TPL,2020-05-06,3.89,4.1,3.75,4.01,818500,psxdata,2026-05-11T12:53:12
TPL,2020-05-07,4.0,4.03,3.8,3.9,368000,psxdata,2026-05-11T12:53:12
TPL,2020-05-08,3.8,3.89,3.8,3.87,31000,psxdata,2026-05-11T12:53:12
TPL,2020-05-11,3.8,3.96,3.75,3.89,121000,psxdata,2026-05-11T12:53:12
TPL,2020-05-12,3.93,3.93,3.8,3.84,218000,psxdata,2026-05-11T12:53:12
TPL,2020-05-13,3.81,3.95,3.75,3.79,262500,psxdata,2026-05-11T12:53:12
TPL,2020-05-14,3.91,4.45,3.87,4.37,1904000,psxdata,2026-05-11T12:53:12
TPL,2020-05-15,4.45,4.56,4.28,4.4,1033500,psxdata,2026-05-11T12:53:12
TPL,2020-05-18,4.49,4.68,4.32,4.4,462000,psxdata,2026-05-11T12:53:12
TPL,2020-05-19,4.5,4.53,4.22,4.26,230000,psxdata,2026-05-11T12:53:12
TPL,2020-05-20,4.22,4.34,4.11,4.13,181500,psxdata,2026-05-11T12:53:12
TPL,2020-05-21,4.13,4.27,4.11,4.13,106500,psxdata,2026-05-11T12:53:12
TPL,2020-05-28,4.11,4.15,4.01,4.11,229500,psxdata,2026-05-11T12:53:12
TPL,2020-05-29,4.03,4.29,4.03,4.13,60500,psxdata,2026-05-11T12:53:12
TPL,2020-06-01,4.28,4.28,4.07,4.15,187500,psxdata,2026-05-11T12:53:12
TPL,2020-06-02,4.2,4.2,4.06,4.07,199500,psxdata,2026-05-11T12:53:12
TPL,2020-06-03,4.18,4.18,3.95,3.99,302500,psxdata,2026-05-11T12:53:12
TPL,2020-06-04,3.9,3.97,3.81,3.86,283000,psxdata,2026-05-11T12:53:12
TPL,2020-06-05,3.8,3.95,3.8,3.9,102000,psxdata,2026-05-11T12:53:12
TPL,2020-06-08,4.0,4.0,3.84,3.86,170000,psxdata,2026-05-11T12:53:12
TPL,2020-06-09,4.03,4.05,3.82,3.99,143500,psxdata,2026-05-11T12:53:12
TPL,2020-06-10,3.89,4.09,3.89,4.06,200500,psxdata,2026-05-11T12:53:12
TPL,2020-06-11,4.09,4.3,4.05,4.28,921500,psxdata,2026-05-11T12:53:12
TPL,2020-06-12,4.21,4.25,4.12,4.23,294000,psxdata,2026-05-11T12:53:12
TPL,2020-06-15,4.06,4.26,4.04,4.07,314500,psxdata,2026-05-11T12:53:12
TPL,2020-06-16,4.08,5.07,4.08,5.07,8057000,psxdata,2026-05-11T12:53:12
TPL,2020-06-17,5.3,5.77,5.06,5.17,10874000,psxdata,2026-05-11T12:53:12
TPL,2020-06-18,5.21,5.3,4.8,4.91,1362000,psxdata,2026-05-11T12:53:12
TPL,2020-06-22,4.85,5.2,4.81,4.93,1256000,psxdata,2026-05-11T12:53:12
TPL,2020-06-23,4.92,5.4,4.86,5.25,1848000,psxdata,2026-05-11T12:53:12
TPL,2020-06-24,5.22,6.1,5.21,5.66,9288000,psxdata,2026-05-11T12:53:12
TPL,2020-06-25,5.66,5.85,5.42,5.49,3391000,psxdata,2026-05-11T12:53:12
TPL,2020-06-26,5.5,5.68,5.15,5.22,1517500,psxdata,2026-05-11T12:53:12
TPL,2020-06-29,5.25,5.38,5.12,5.21,713000,psxdata,2026-05-11T12:53:12
TPL,2020-06-30,5.21,5.4,5.1,5.17,1585000,psxdata,2026-05-11T12:53:12
TPL,2020-07-01,5.27,5.27,5.05,5.13,945500,psxdata,2026-05-11T12:53:12
TPL,2020-07-02,5.17,5.35,5.06,5.26,1299000,psxdata,2026-05-11T12:53:12
TPL,2020-07-03,5.3,5.3,5.13,5.18,307500,psxdata,2026-05-11T12:53:12
TPL,2020-07-06,5.14,5.27,5.05,5.1,1485000,psxdata,2026-05-11T12:53:12
TPL,2020-07-07,5.24,5.24,5.1,5.12,587500,psxdata,2026-05-11T12:53:12
TPL,2020-07-08,5.1,5.26,5.08,5.1,863500,psxdata,2026-05-11T12:53:12
TPL,2020-07-09,5.19,5.33,5.1,5.2,1361500,psxdata,2026-05-11T12:53:12
TPL,2020-07-10,5.19,5.55,5.13,5.41,3035500,psxdata,2026-05-11T12:53:12
TPL,2020-07-13,5.49,5.74,5.36,5.54,3033000,psxdata,2026-05-11T12:53:12
TPL,2020-07-14,5.65,5.66,5.45,5.48,1108000,psxdata,2026-05-11T12:53:12
TPL,2020-07-15,5.58,5.93,5.58,5.77,4432500,psxdata,2026-05-11T12:53:12
TPL,2020-07-16,5.9,6.57,5.8,6.5,14377000,psxdata,2026-05-11T12:53:12
TPL,2020-07-17,6.5,6.99,6.5,6.63,8657500,psxdata,2026-05-11T12:53:12
TPL,2020-07-20,7.01,7.17,6.77,7.13,10125500,psxdata,2026-05-11T12:53:12
TPL,2020-07-21,7.4,7.45,7.0,7.05,5460000,psxdata,2026-05-11T12:53:12
TPL,2020-07-22,7.06,7.27,6.69,7.15,6060500,psxdata,2026-05-11T12:53:12
TPL,2020-07-23,7.25,7.33,6.78,6.84,4450500,psxdata,2026-05-11T12:53:12
TPL,2020-07-24,6.9,6.9,6.42,6.57,2152000,psxdata,2026-05-11T12:53:12
TPL,2020-07-27,6.7,6.7,6.47,6.51,741000,psxdata,2026-05-11T12:53:12
TPL,2020-07-28,6.69,6.7,6.31,6.48,2164500,psxdata,2026-05-11T12:53:12
TPL,2020-07-29,6.5,6.5,6.2,6.24,1721500,psxdata,2026-05-11T12:53:12
TPL,2020-07-30,6.34,6.34,6.07,6.2,755000,psxdata,2026-05-11T12:53:12
TPL,2020-08-03,6.22,6.35,6.1,6.17,1132500,psxdata,2026-05-11T12:53:12
TPL,2020-08-04,6.28,6.35,6.11,6.17,2071500,psxdata,2026-05-11T12:53:12
TPL,2020-08-05,6.3,6.4,6.19,6.24,1120000,psxdata,2026-05-11T12:53:12
TPL,2020-08-06,6.34,6.35,6.11,6.13,1119500,psxdata,2026-05-11T12:53:12
TPL,2020-08-07,6.36,6.36,6.11,6.14,809000,psxdata,2026-05-11T12:53:12
TPL,2020-08-10,6.29,6.31,6.09,6.12,837500,psxdata,2026-05-11T12:53:12
TPL,2020-08-11,6.06,6.27,6.06,6.12,1185500,psxdata,2026-05-11T12:53:12
TPL,2020-08-12,6.18,6.23,5.86,5.91,1552500,psxdata,2026-05-11T12:53:12
TPL,2020-08-13,5.99,5.99,5.7,5.72,1811000,psxdata,2026-05-11T12:53:12
TPL,2020-08-17,5.85,6.08,5.75,5.99,819500,psxdata,2026-05-11T12:53:12
TPL,2020-08-18,5.99,6.0,5.81,5.96,304000,psxdata,2026-05-11T12:53:12
TPL,2020-08-19,6.05,6.5,6.05,6.42,3573000,psxdata,2026-05-11T12:53:12
TPL,2020-08-20,6.6,7.42,6.6,7.39,19619000,psxdata,2026-05-11T12:53:12
TPL,2020-08-21,7.65,7.95,7.0,7.15,19594000,psxdata,2026-05-11T12:53:12
TPL,2020-08-24,7.2,7.2,6.68,6.74,4629500,psxdata,2026-05-11T12:53:12
TPL,2020-08-25,6.7,6.73,6.45,6.53,3480000,psxdata,2026-05-11T12:53:12
TPL,2020-08-26,6.64,6.99,6.55,6.94,3211500,psxdata,2026-05-11T12:53:12
TPL,2020-08-27,6.94,7.24,6.91,6.96,4027500,psxdata,2026-05-11T12:53:12
TPL,2020-08-28,7.0,7.0,6.7,6.75,575500,psxdata,2026-05-11T12:53:12
TPL,2020-08-31,6.81,6.94,6.75,6.86,694000,psxdata,2026-05-11T12:53:12
TPL,2020-09-01,6.75,6.86,6.71,6.78,745500,psxdata,2026-05-11T12:53:12
TPL,2020-09-02,6.8,7.1,6.77,7.01,3325500,psxdata,2026-05-11T12:53:12
TPL,2020-09-03,7.08,7.19,6.9,6.99,2381000,psxdata,2026-05-11T12:53:12
TPL,2020-09-04,6.92,7.1,6.8,6.83,1100000,psxdata,2026-05-11T12:53:12
TPL,2020-09-07,7.0,7.18,6.84,7.02,1533500,psxdata,2026-05-11T12:53:12
TPL,2020-09-08,7.05,7.36,6.85,6.95,6741500,psxdata,2026-05-11T12:53:12
TPL,2020-09-09,6.85,7.1,6.8,6.92,1356000,psxdata,2026-05-11T12:53:12
TPL,2020-09-10,7.0,7.29,6.92,6.99,2168500,psxdata,2026-05-11T12:53:12
TPL,2020-09-11,7.02,7.18,6.89,6.97,911000,psxdata,2026-05-11T12:53:12
TPL,2020-09-14,6.99,7.06,6.85,6.91,344500,psxdata,2026-05-11T12:53:12
TPL,2020-09-15,6.97,7.15,6.76,6.82,1429000,psxdata,2026-05-11T12:53:12
TPL,2020-09-16,6.71,6.95,6.65,6.73,522500,psxdata,2026-05-11T12:53:12
TPL,2020-09-17,6.74,6.9,6.67,6.8,461500,psxdata,2026-05-11T12:53:12
TPL,2020-09-18,6.62,6.88,6.28,6.46,1484500,psxdata,2026-05-11T12:53:12
TPL,2020-09-21,6.4,6.45,6.19,6.31,750000,psxdata,2026-05-11T12:53:12
TPL,2020-09-22,6.21,6.38,6.15,6.2,513500,psxdata,2026-05-11T12:53:12
TPL,2020-09-23,6.5,6.5,6.1,6.13,556500,psxdata,2026-05-11T12:53:12
TPL,2020-09-24,6.05,6.17,5.95,5.98,408000,psxdata,2026-05-11T12:53:12
TPL,2020-09-25,6.1,6.1,5.8,5.84,306000,psxdata,2026-05-11T12:53:12
TPL,2020-09-28,5.84,5.95,5.52,5.64,387000,psxdata,2026-05-11T12:53:12
TPL,2020-09-29,5.75,5.88,5.5,5.8,348000,psxdata,2026-05-11T12:53:12
TPL,2020-09-30,5.9,5.9,5.5,5.7,236500,psxdata,2026-05-11T12:53:12
TPL,2020-10-01,5.7,5.79,5.3,5.45,221500,psxdata,2026-05-11T12:53:12
TPL,2020-10-02,5.35,5.54,5.05,5.12,257500,psxdata,2026-05-11T12:53:12
TPL,2020-10-05,5.0,5.08,4.51,4.68,809500,psxdata,2026-05-11T12:53:12
TPL,2020-10-06,4.6,4.85,4.5,4.62,554500,psxdata,2026-05-11T12:53:12
TPL,2020-10-07,4.61,5.09,4.6,5.05,792500,psxdata,2026-05-11T12:53:12
TPL,2020-10-08,5.23,5.26,5.0,5.21,454500,psxdata,2026-05-11T12:53:12
TPL,2020-10-09,5.24,5.4,5.23,5.36,163500,psxdata,2026-05-11T12:53:12
TPL,2020-10-12,5.4,5.41,5.05,5.1,175000,psxdata,2026-05-11T12:53:12
TPL,2020-10-13,5.2,5.2,4.95,5.0,179500,psxdata,2026-05-11T12:53:12
TPL,2020-10-14,5.13,5.29,4.82,5.24,300500,psxdata,2026-05-11T12:53:12
TPL,2020-10-15,5.29,5.35,5.19,5.25,211500,psxdata,2026-05-11T12:53:12
TPL,2020-10-16,5.25,5.33,5.2,5.32,246000,psxdata,2026-05-11T12:53:12
TPL,2020-10-19,5.3,5.3,5.2,5.21,99500,psxdata,2026-05-11T12:53:12
TPL,2020-10-21,5.42,5.72,5.42,5.57,1181000,psxdata,2026-05-11T12:53:12
TPL,2020-10-22,5.51,5.7,5.21,5.31,510500,psxdata,2026-05-11T12:53:12
TPL,2020-10-23,5.36,5.9,5.35,5.79,1692500,psxdata,2026-05-11T12:53:12
TPL,2020-10-26,5.9,6.79,5.9,6.79,4361000,psxdata,2026-05-11T12:53:12
TPL,2020-10-27,6.95,7.15,6.6,6.77,7612000,psxdata,2026-05-11T12:53:12
TPL,2020-10-28,6.89,6.89,6.5,6.56,1507500,psxdata,2026-05-11T12:53:12
TPL,2020-10-29,6.4,6.5,6.15,6.26,1734000,psxdata,2026-05-11T12:53:12
TPL,2020-11-02,6.1,6.42,6.02,6.38,1638000,psxdata,2026-05-11T12:53:12
TPL,2020-11-03,6.38,6.74,6.38,6.7,2215000,psxdata,2026-05-11T12:53:12
TPL,2020-11-04,6.82,7.7,6.82,7.22,18273500,psxdata,2026-05-11T12:53:12
TPL,2020-11-05,7.34,7.89,7.14,7.42,10812500,psxdata,2026-05-11T12:53:12
TPL,2020-11-06,7.51,7.52,6.96,7.01,3536000,psxdata,2026-05-11T12:53:12
TPL,2020-11-09,7.1,7.47,7.06,7.31,5633000,psxdata,2026-05-11T12:53:12
TPL,2020-11-10,7.45,7.47,7.1,7.15,1142000,psxdata,2026-05-11T12:53:12
TPL,2020-11-11,7.14,7.34,6.96,7.11,2010000,psxdata,2026-05-11T12:53:12
TPL,2020-11-12,7.19,7.2,6.9,6.98,4395500,psxdata,2026-05-11T12:53:12
TPL,2020-11-13,6.99,7.34,6.99,7.24,4197500,psxdata,2026-05-11T12:53:12
TPL,2020-11-16,7.29,7.35,7.13,7.25,1212500,psxdata,2026-05-11T12:53:12
TPL,2020-11-17,7.3,7.47,7.25,7.31,1401500,psxdata,2026-05-11T12:53:12
TPL,2020-11-18,7.41,7.47,7.25,7.32,784500,psxdata,2026-05-11T12:53:12
TPL,2020-11-19,7.31,7.5,7.31,7.34,1204000,psxdata,2026-05-11T12:53:12
TPL,2020-11-20,7.35,7.53,7.3,7.3,854000,psxdata,2026-05-11T12:53:12
TPL,2020-11-23,7.3,7.3,6.7,7.18,2648000,psxdata,2026-05-11T12:53:12
TPL,2020-11-24,7.22,7.3,6.96,7.19,1230500,psxdata,2026-05-11T12:53:12
TPL,2020-11-25,7.29,7.29,7.07,7.15,1171000,psxdata,2026-05-11T12:53:12
TPL,2020-11-26,7.12,7.24,7.12,7.2,640000,psxdata,2026-05-11T12:53:12
TPL,2020-11-27,7.3,7.99,7.3,7.42,14618500,psxdata,2026-05-11T12:53:12
TPL,2020-11-30,7.58,7.6,7.25,7.41,1156500,psxdata,2026-05-11T12:53:12
TPL,2020-12-01,7.53,7.57,7.3,7.32,1072000,psxdata,2026-05-11T12:53:12
TPL,2020-12-02,7.38,7.49,7.22,7.33,933000,psxdata,2026-05-11T12:53:12
TPL,2020-12-03,7.35,7.54,7.23,7.27,1203500,psxdata,2026-05-11T12:53:12
TPL,2020-12-04,7.44,7.5,7.31,7.33,818000,psxdata,2026-05-11T12:53:12
TPL,2020-12-07,7.3,7.8,7.25,7.69,2928500,psxdata,2026-05-11T12:53:12
TPL,2020-12-08,7.7,7.8,7.52,7.53,822500,psxdata,2026-05-11T12:53:12
TPL,2020-12-09,7.7,7.7,7.42,7.46,1015500,psxdata,2026-05-11T12:53:12
TPL,2020-12-10,7.56,7.79,7.51,7.64,3741500,psxdata,2026-05-11T12:53:12
TPL,2020-12-11,7.79,7.79,7.45,7.5,1126000,psxdata,2026-05-11T12:53:12
TPL,2020-12-14,7.58,7.75,7.57,7.6,924500,psxdata,2026-05-11T12:53:12
TPL,2020-12-15,7.54,7.9,7.5,7.59,2373000,psxdata,2026-05-11T12:53:12
TPL,2020-12-16,7.6,7.74,7.57,7.65,736000,psxdata,2026-05-11T12:53:12
TPL,2020-12-17,7.7,7.75,7.65,7.71,1746000,psxdata,2026-05-11T12:53:12
TPL,2020-12-18,7.82,7.85,7.57,7.61,1603500,psxdata,2026-05-11T12:53:12
TPL,2020-12-21,7.74,7.75,7.46,7.59,1299000,psxdata,2026-05-11T12:53:12
TPL,2020-12-22,7.47,7.6,7.35,7.42,962000,psxdata,2026-05-11T12:53:12
TPL,2020-12-23,7.35,7.65,7.35,7.46,2594000,psxdata,2026-05-11T12:53:12
TPL,2020-12-24,7.7,7.75,7.37,7.46,2127000,psxdata,2026-05-11T12:53:12
TPL,2020-12-28,7.5,7.5,7.3,7.39,539500,psxdata,2026-05-11T12:53:12
TPL,2020-12-29,7.44,7.45,7.23,7.25,440500,psxdata,2026-05-11T12:53:12
TPL,2020-12-30,7.44,7.5,7.25,7.39,2479000,psxdata,2026-05-11T12:53:12
TPL,2020-12-31,7.3,7.69,7.3,7.59,1751500,psxdata,2026-05-11T12:53:12
TPL,2021-01-01,7.43,7.53,7.16,7.22,2751500,psxdata,2026-05-11T12:53:12
TPL,2021-01-04,7.24,7.3,7.1,7.14,595500,psxdata,2026-05-11T12:53:12
TPL,2021-01-05,7.13,7.2,7.05,7.11,682000,psxdata,2026-05-11T12:53:12
TPL,2021-01-06,7.16,7.38,7.15,7.22,382500,psxdata,2026-05-11T12:53:12
TPL,2021-01-07,7.17,7.3,7.11,7.12,228500,psxdata,2026-05-11T12:53:12
TPL,2021-01-08,7.12,7.25,7.0,7.07,1624500,psxdata,2026-05-11T12:53:12
TPL,2021-01-11,7.22,7.22,6.85,6.89,1813000,psxdata,2026-05-11T12:53:12
TPL,2021-01-12,6.87,7.37,6.85,7.25,4980000,psxdata,2026-05-11T12:53:12
TPL,2021-01-13,7.3,7.39,7.15,7.22,1803500,psxdata,2026-05-11T12:53:12
TPL,2021-01-14,7.39,7.39,7.1,7.11,635000,psxdata,2026-05-11T12:53:12
TPL,2021-01-15,7.17,7.23,7.08,7.14,161500,psxdata,2026-05-11T12:53:12
TPL,2021-01-18,7.15,7.25,7.0,7.05,317000,psxdata,2026-05-11T12:53:12
TPL,2021-01-19,7.16,7.16,6.85,6.93,638500,psxdata,2026-05-11T12:53:12
TPL,2021-01-20,6.89,7.05,6.89,6.91,252000,psxdata,2026-05-11T12:53:12
TPL,2021-01-21,6.9,7.01,6.88,6.88,598500,psxdata,2026-05-11T12:53:12
TPL,2021-01-22,6.9,6.9,6.71,6.76,191500,psxdata,2026-05-11T12:53:12
TPL,2021-01-25,6.89,6.91,6.7,6.72,320500,psxdata,2026-05-11T12:53:12
TPL,2021-01-26,6.84,6.85,6.72,6.8,255500,psxdata,2026-05-11T12:53:12
TPL,2021-01-27,6.98,7.15,6.83,6.84,915500,psxdata,2026-05-11T12:53:12
TPL,2021-01-29,6.8,6.95,6.65,6.75,313500,psxdata,2026-05-11T12:53:12
TPL,2021-02-01,6.7,6.88,6.66,6.69,344000,psxdata,2026-05-11T12:53:12
TPL,2021-02-02,6.82,6.82,6.61,6.66,198000,psxdata,2026-05-11T12:53:12
TPL,2021-02-03,6.55,6.8,6.5,6.62,511500,psxdata,2026-05-11T12:53:12
TPL,2021-02-04,6.68,6.8,6.52,6.67,527500,psxdata,2026-05-11T12:53:12
TPL,2021-02-08,6.74,6.86,6.56,6.73,443000,psxdata,2026-05-11T12:53:12
TPL,2021-02-09,6.79,7.73,6.79,7.73,9234500,psxdata,2026-05-11T12:53:12
TPL,2021-02-10,8.14,8.33,7.5,7.71,11659500,psxdata,2026-05-11T12:53:12
TPL,2021-02-11,7.67,7.75,7.21,7.27,3375500,psxdata,2026-05-11T12:53:12
TPL,2021-02-12,7.38,7.44,7.0,7.04,804000,psxdata,2026-05-11T12:53:12
TPL,2021-02-15,7.05,7.25,6.85,6.89,682000,psxdata,2026-05-11T12:53:12
TPL,2021-02-16,6.91,7.89,6.85,7.82,8247500,psxdata,2026-05-11T12:53:12
TPL,2021-02-17,7.75,8.5,7.5,7.95,8040000,psxdata,2026-05-11T12:53:12
TPL,2021-02-18,8.0,8.62,7.91,8.2,5205500,psxdata,2026-05-11T12:53:12
TPL,2021-02-19,8.3,8.3,7.86,7.95,1865000,psxdata,2026-05-11T12:53:12
TPL,2021-02-22,8.18,8.5,8.02,8.14,2857500,psxdata,2026-05-11T12:53:12
TPL,2021-02-23,8.0,8.35,8.0,8.04,789000,psxdata,2026-05-11T12:53:12
TPL,2021-02-24,8.01,8.23,7.2,7.41,1996000,psxdata,2026-05-11T12:53:12
TPL,2021-02-25,7.69,8.4,7.44,8.19,2581500,psxdata,2026-05-11T12:53:12
TPL,2021-02-26,8.2,8.29,7.21,7.44,3535000,psxdata,2026-05-11T12:53:12
TPL,2021-03-01,7.37,7.45,7.15,7.18,1440500,psxdata,2026-05-11T12:53:12
TPL,2021-03-02,7.18,7.35,7.18,7.3,478500,psxdata,2026-05-11T12:53:12
TPL,2021-03-03,7.3,7.39,7.15,7.22,311500,psxdata,2026-05-11T12:53:12
TPL,2021-03-04,6.99,7.08,6.86,6.9,706000,psxdata,2026-05-11T12:53:12
TPL,2021-03-05,6.8,7.15,6.8,6.97,363000,psxdata,2026-05-11T12:53:12
TPL,2021-03-08,7.15,7.19,6.75,6.84,683000,psxdata,2026-05-11T12:53:12
TPL,2021-03-09,6.8,6.9,6.5,6.58,422000,psxdata,2026-05-11T12:53:12
TPL,2021-03-10,6.6,6.6,6.14,6.23,586500,psxdata,2026-05-11T12:53:12
TPL,2021-03-11,6.1,6.35,5.8,5.88,481500,psxdata,2026-05-11T12:53:12
TPL,2021-03-12,6.15,6.4,5.85,6.35,354000,psxdata,2026-05-11T12:53:12
TPL,2021-03-15,6.49,6.86,6.49,6.85,458000,psxdata,2026-05-11T12:53:12
TPL,2021-03-16,6.86,7.05,6.61,6.87,630500,psxdata,2026-05-11T12:53:12
TPL,2021-03-17,6.9,7.29,6.9,7.08,576000,psxdata,2026-05-11T12:53:12
TPL,2021-03-18,7.05,7.35,6.8,6.83,1103500,psxdata,2026-05-11T12:53:12
TPL,2021-03-19,7.08,7.08,6.76,6.94,517500,psxdata,2026-05-11T12:53:12
TPL,2021-03-22,6.7,6.9,6.7,6.83,280500,psxdata,2026-05-11T12:53:12
TPL,2021-03-24,6.92,6.92,6.8,6.87,92500,psxdata,2026-05-11T12:53:12
TPL,2021-03-25,7.04,7.45,7.04,7.21,3295500,psxdata,2026-05-11T12:53:12
TPL,2021-03-26,7.2,7.2,6.99,7.02,671000,psxdata,2026-05-11T12:53:12
TPL,2021-03-29,6.95,6.96,6.35,6.44,1300500,psxdata,2026-05-11T12:53:12
TPL,2021-03-30,6.24,6.63,6.18,6.51,1922000,psxdata,2026-05-11T12:53:12
TPL,2021-03-31,6.64,6.81,5.52,6.53,1631000,psxdata,2026-05-11T12:53:12
TPL,2021-04-01,6.77,6.77,6.35,6.35,304500,psxdata,2026-05-11T12:53:12
TPL,2021-04-02,6.35,6.68,6.35,6.55,338500,psxdata,2026-05-11T12:53:12
TPL,2021-04-05,6.35,6.55,6.03,6.18,156500,psxdata,2026-05-11T12:53:12
TPL,2021-04-06,6.03,6.5,6.0,6.45,297000,psxdata,2026-05-11T12:53:12
TPL,2021-04-07,6.5,6.5,6.25,6.3,197000,psxdata,2026-05-11T12:53:12
TPL,2021-04-08,6.22,6.49,6.22,6.4,561500,psxdata,2026-05-11T12:53:12
TPL,2021-04-09,6.4,6.74,6.4,6.58,1407500,psxdata,2026-05-11T12:53:12
TPL,2021-04-12,6.6,7.5,6.6,7.0,13844000,psxdata,2026-05-11T12:53:12
TPL,2021-04-13,6.95,7.38,6.9,6.97,3063500,psxdata,2026-05-11T12:53:12
TPL,2021-04-14,7.0,7.2,6.9,6.97,1099500,psxdata,2026-05-11T12:53:12
TPL,2021-04-15,6.9,7.17,6.85,6.89,547000,psxdata,2026-05-11T12:53:12
TPL,2021-04-16,6.9,6.95,6.76,6.8,344500,psxdata,2026-05-11T12:53:12
TPL,2021-04-19,6.76,6.8,6.51,6.65,201500,psxdata,2026-05-11T12:53:12
TPL,2021-04-20,6.85,6.9,6.7,6.74,85000,psxdata,2026-05-11T12:53:12
TPL,2021-04-21,6.8,6.98,6.61,6.73,750500,psxdata,2026-05-11T12:53:12
TPL,2021-04-22,6.7,6.9,6.49,6.74,569500,psxdata,2026-05-11T12:53:12
TPL,2021-04-23,6.62,6.65,6.5,6.54,174000,psxdata,2026-05-11T12:53:12
TPL,2021-04-26,6.42,7.0,6.25,6.85,724500,psxdata,2026-05-11T12:53:12
TPL,2021-04-27,6.7,6.99,6.56,6.87,308500,psxdata,2026-05-11T12:53:12
TPL,2021-04-28,6.87,6.9,6.6,6.8,660500,psxdata,2026-05-11T12:53:12
TPL,2021-04-29,6.61,6.94,6.6,6.81,672000,psxdata,2026-05-11T12:53:12
TPL,2021-04-30,6.71,6.71,6.25,6.45,316500,psxdata,2026-05-11T12:53:12
TPL,2021-05-03,6.04,6.37,6.0,6.1,342500,psxdata,2026-05-11T12:53:12
TPL,2021-05-04,6.2,6.25,6.14,6.21,108000,psxdata,2026-05-11T12:53:12
TPL,2021-05-05,6.22,6.3,6.2,6.23,120000,psxdata,2026-05-11T12:53:12
TPL,2021-05-06,6.23,6.3,6.21,6.24,53000,psxdata,2026-05-11T12:53:12
TPL,2021-05-17,6.33,6.64,6.27,6.57,246000,psxdata,2026-05-11T12:53:12
TPL,2021-05-18,6.5,6.5,6.41,6.5,154000,psxdata,2026-05-11T12:53:12
TPL,2021-05-19,6.41,6.6,6.33,6.48,520000,psxdata,2026-05-11T12:53:12
TPL,2021-05-20,6.65,7.17,6.65,6.98,6386500,psxdata,2026-05-11T12:53:12
TPL,2021-05-21,7.0,7.2,6.85,6.9,1277000,psxdata,2026-05-11T12:53:12
TPL,2021-05-24,7.05,7.05,6.71,6.81,458000,psxdata,2026-05-11T12:53:12
TPL,2021-05-25,6.76,6.94,6.71,6.82,382500,psxdata,2026-05-11T12:53:12
TPL,2021-05-26,6.88,7.4,6.88,7.21,6475500,psxdata,2026-05-11T12:53:12
TPL,2021-05-27,7.3,8.21,7.24,7.86,19300500,psxdata,2026-05-11T12:53:12
TPL,2021-05-28,8.08,8.6,7.98,8.29,9473000,psxdata,2026-05-11T12:53:12
TPL,2021-05-31,8.41,9.29,8.41,9.29,14137500,psxdata,2026-05-11T12:53:12
TPL,2021-06-01,9.7,10.29,9.51,10.29,23114500,psxdata,2026-05-11T12:53:12
TPL,2021-06-02,10.7,10.75,9.4,9.55,12380000,psxdata,2026-05-11T12:53:12
TPL,2021-06-03,9.63,10.4,9.45,10.24,11891000,psxdata,2026-05-11T12:53:12
TPL,2021-06-04,10.44,11.12,10.2,10.84,14473500,psxdata,2026-05-11T12:53:12
TPL,2021-06-07,11.0,11.2,10.5,10.64,6246000,psxdata,2026-05-11T12:53:12
TPL,2021-06-08,10.8,10.99,10.0,10.52,13091500,psxdata,2026-05-11T12:53:12
TPL,2021-06-09,10.62,11.4,10.18,11.02,11866500,psxdata,2026-05-11T12:53:12
TPL,2021-06-10,11.06,11.5,10.98,11.08,5799500,psxdata,2026-05-11T12:53:12
TPL,2021-06-11,11.2,11.5,10.8,10.97,6795000,psxdata,2026-05-11T12:53:12
TPL,2021-06-14,11.07,11.32,10.76,10.85,5162000,psxdata,2026-05-11T12:53:12
TPL,2021-06-15,10.84,11.4,10.7,10.98,4127000,psxdata,2026-05-11T12:53:12
TPL,2021-06-16,10.92,11.36,10.92,11.03,2794000,psxdata,2026-05-11T12:53:12
TPL,2021-06-17,11.15,12.03,11.0,12.03,15840000,psxdata,2026-05-11T12:53:12
TPL,2021-06-18,13.03,13.03,13.03,13.03,1976000,psxdata,2026-05-11T12:53:12
TPL,2021-06-21,14.03,14.03,13.5,14.03,8853000,psxdata,2026-05-11T12:53:12
TPL,2021-06-22,14.5,15.08,13.76,15.08,30016000,psxdata,2026-05-11T12:53:12
TPL,2021-06-23,16.19,16.21,15.31,16.21,33932500,psxdata,2026-05-11T12:53:12
TPL,2021-06-24,16.4,17.42,16.11,16.67,27650000,psxdata,2026-05-11T12:53:12
TPL,2021-06-25,16.25,17.75,15.42,17.04,29985500,psxdata,2026-05-11T12:53:12
TPL,2021-06-28,17.39,18.2,16.51,17.2,13517500,psxdata,2026-05-11T12:53:12
TPL,2021-06-29,17.3,18.49,17.11,18.25,34977000,psxdata,2026-05-11T12:53:12
TPL,2021-06-30,18.9,19.61,18.35,19.55,31849000,psxdata,2026-05-11T12:53:12
TPL,2021-07-01,19.99,20.25,18.55,19.03,48335500,psxdata,2026-05-11T12:53:12
TPL,2021-07-02,19.1,19.35,17.61,17.87,16431500,psxdata,2026-05-11T12:53:12
TPL,2021-07-05,17.5,18.59,16.61,16.99,25141000,psxdata,2026-05-11T12:53:12
TPL,2021-07-06,16.99,17.34,15.72,15.91,16378000,psxdata,2026-05-11T12:53:12
TPL,2021-07-07,16.16,17.1,16.15,17.1,20271000,psxdata,2026-05-11T12:53:12
TPL,2021-07-08,17.44,18.38,17.44,18.38,30164500,psxdata,2026-05-11T12:53:12
TPL,2021-07-09,18.4,19.75,18.4,19.67,41978000,psxdata,2026-05-11T12:53:12
TPL,2021-07-12,19.71,21.14,19.23,21.14,27386000,psxdata,2026-05-11T12:53:12
TPL,2021-07-13,21.59,22.72,21.4,22.72,29413500,psxdata,2026-05-11T12:53:12
TPL,2021-07-14,23.3,24.42,22.72,23.79,40818500,psxdata,2026-05-11T12:53:12
TPL,2021-07-15,24.3,25.35,23.9,24.47,36350500,psxdata,2026-05-11T12:53:12
TPL,2021-07-16,24.64,25.5,23.32,25.13,29692500,psxdata,2026-05-11T12:53:12
TPL,2021-07-19,25.0,25.35,23.9,24.22,11020500,psxdata,2026-05-11T12:53:12
TPL,2021-07-23,24.19,24.69,23.4,24.36,8441000,psxdata,2026-05-11T12:53:12
TPL,2021-07-26,24.3,25.18,23.88,24.03,17421500,psxdata,2026-05-11T12:53:12
TPL,2021-07-27,24.01,24.6,23.86,24.12,17719000,psxdata,2026-05-11T12:53:12
TPL,2021-07-28,24.48,24.5,22.81,23.78,10307500,psxdata,2026-05-11T12:53:12
TPL,2021-07-29,23.51,23.65,22.25,22.52,8907000,psxdata,2026-05-11T12:53:12
TPL,2021-07-30,22.2,23.9,22.15,22.51,17224500,psxdata,2026-05-11T12:53:12
TPL,2021-08-02,22.9,23.2,22.49,22.73,3644000,psxdata,2026-05-11T12:53:12
TPL,2021-08-03,23.09,23.45,22.72,23.15,22176500,psxdata,2026-05-11T12:53:12
TPL,2021-08-04,23.65,24.88,23.61,24.88,43143500,psxdata,2026-05-11T12:53:12
TPL,2021-08-05,25.24,25.98,23.8,23.93,42663500,psxdata,2026-05-11T12:53:12
TPL,2021-08-06,24.0,24.0,22.5,22.74,14139000,psxdata,2026-05-11T12:53:12
TPL,2021-08-09,23.05,23.3,21.61,21.9,5005500,psxdata,2026-05-11T12:53:12
TPL,2021-08-10,21.7,23.54,21.0,23.54,21260000,psxdata,2026-05-11T12:53:12
TPL,2021-08-11,23.39,24.1,22.55,22.82,12667000,psxdata,2026-05-11T12:53:12
TPL,2021-08-12,22.99,23.1,21.51,21.77,6206500,psxdata,2026-05-11T12:53:12
TPL,2021-08-13,22.19,22.49,21.62,21.83,9254000,psxdata,2026-05-11T12:53:12
TPL,2021-08-16,21.66,21.8,20.6,21.0,6417500,psxdata,2026-05-11T12:53:12
TPL,2021-08-17,21.4,22.09,21.05,21.81,4137500,psxdata,2026-05-11T12:53:12
TPL,2021-08-20,22.1,23.05,21.5,22.06,10358500,psxdata,2026-05-11T12:53:12
TPL,2021-08-23,22.13,22.53,21.75,21.87,4912500,psxdata,2026-05-11T12:53:12
TPL,2021-08-24,21.9,22.45,21.58,21.81,3261500,psxdata,2026-05-11T12:53:12
TPL,2021-08-25,21.97,21.98,20.9,21.05,4750500,psxdata,2026-05-11T12:53:12
TPL,2021-08-26,21.0,21.5,19.69,19.93,10227500,psxdata,2026-05-11T12:53:12
TPL,2021-08-27,19.96,20.59,18.44,18.55,8125500,psxdata,2026-05-11T12:53:12
TPL,2021-08-30,18.35,19.94,18.25,18.95,9734000,psxdata,2026-05-11T12:53:12
TPL,2021-08-31,19.28,19.83,18.85,19.31,5509000,psxdata,2026-05-11T12:53:12
TPL,2021-09-01,19.69,20.75,19.5,20.75,10423500,psxdata,2026-05-11T12:53:12
TPL,2021-09-02,21.3,22.1,21.0,21.66,19581500,psxdata,2026-05-11T12:53:12
TPL,2021-09-03,21.52,23.28,21.52,23.28,26684500,psxdata,2026-05-11T12:53:12
TPL,2021-09-06,23.4,25.02,23.35,24.6,59671000,psxdata,2026-05-11T12:53:12
TPL,2021-09-07,24.8,25.59,23.83,25.28,41821500,psxdata,2026-05-11T12:53:12
TPL,2021-09-08,25.49,26.5,25.0,25.52,39045500,psxdata,2026-05-11T12:53:12
TPL,2021-09-09,25.49,25.75,23.91,24.26,16766000,psxdata,2026-05-11T12:53:12
TPL,2021-09-10,24.26,24.35,22.45,22.57,17353000,psxdata,2026-05-11T12:53:12
TPL,2021-09-13,22.65,23.23,21.55,22.85,21273000,psxdata,2026-05-11T12:53:12
TPL,2021-09-14,23.2,23.69,22.8,22.99,10980500,psxdata,2026-05-11T12:53:12
TPL,2021-09-15,23.01,24.71,22.89,24.67,29622500,psxdata,2026-05-11T12:53:12
TPL,2021-09-16,25.0,26.4,24.9,25.99,17997500,psxdata,2026-05-11T12:53:12
TPL,2021-09-17,26.5,26.5,24.5,25.12,11383000,psxdata,2026-05-11T12:53:12
TPL,2021-09-20,25.3,25.75,24.06,24.33,7817500,psxdata,2026-05-11T12:53:12
TPL,2021-09-21,24.15,26.14,24.15,24.98,21438000,psxdata,2026-05-11T12:53:12
TPL,2021-09-22,25.33,25.6,23.11,23.85,13316000,psxdata,2026-05-11T12:53:12
TPL,2021-09-23,24.0,25.3,23.5,24.35,10783500,psxdata,2026-05-11T12:53:12
TPL,2021-09-24,24.55,25.01,23.7,23.93,5540000,psxdata,2026-05-11T12:53:12
TPL,2021-09-27,24.7,24.7,22.14,22.23,6538500,psxdata,2026-05-11T12:53:12
TPL,2021-09-28,22.2,23.89,21.31,23.78,7569000,psxdata,2026-05-11T12:53:12
TPL,2021-09-29,24.11,24.16,22.0,22.01,9861000,psxdata,2026-05-11T12:53:12
TPL,2021-09-30,21.75,21.75,20.36,20.37,9605500,psxdata,2026-05-11T12:53:12
TPL,2021-10-01,19.66,21.65,18.85,20.42,15304000,psxdata,2026-05-11T12:53:12
TPL,2021-10-04,20.42,21.28,19.67,21.0,11798500,psxdata,2026-05-11T12:53:12
TPL,2021-10-05,21.3,22.18,21.05,21.31,8130000,psxdata,2026-05-11T12:53:12
TPL,2021-10-06,21.49,21.61,19.75,20.01,3378000,psxdata,2026-05-11T12:53:12
TPL,2021-10-07,19.8,20.75,19.71,19.88,4752500,psxdata,2026-05-11T12:53:12
TPL,2021-10-08,20.05,20.56,18.85,19.13,7925500,psxdata,2026-05-11T12:53:12
TPL,2021-10-11,19.14,19.14,17.7,17.7,6207500,psxdata,2026-05-11T12:53:12
TPL,2021-10-12,17.65,18.0,16.38,17.33,10904000,psxdata,2026-05-11T12:53:12
TPL,2021-10-13,17.45,18.05,16.04,16.05,8745500,psxdata,2026-05-11T12:53:12
TPL,2021-10-14,16.0,17.25,15.15,17.21,8914500,psxdata,2026-05-11T12:53:12
TPL,2021-10-15,17.62,17.7,16.8,16.93,5226000,psxdata,2026-05-11T12:53:12
TPL,2021-10-18,16.65,16.93,15.76,15.85,2195500,psxdata,2026-05-11T12:53:12
TPL,2021-10-20,16.2,16.97,16.02,16.49,2984500,psxdata,2026-05-11T12:53:12
TPL,2021-10-21,16.79,17.01,16.2,16.53,4219500,psxdata,2026-05-11T12:53:12
TPL,2021-10-22,16.5,17.34,15.9,17.16,4806000,psxdata,2026-05-11T12:53:12
TPL,2021-10-25,17.3,17.6,16.5,17.44,1943500,psxdata,2026-05-11T12:53:12
TPL,2021-10-26,17.44,17.93,17.1,17.22,2143000,psxdata,2026-05-11T12:53:12
TPL,2021-10-27,17.51,17.98,17.4,17.81,2022000,psxdata,2026-05-11T12:53:12
TPL,2021-10-28,17.97,17.99,16.9,16.99,2074500,psxdata,2026-05-11T12:53:12
TPL,2021-10-29,16.99,17.12,16.01,16.15,1763000,psxdata,2026-05-11T12:53:12
TPL,2021-11-01,16.65,16.9,15.95,16.14,5426000,psxdata,2026-05-11T12:53:12
TPL,2021-11-02,16.14,16.8,16.06,16.2,3447000,psxdata,2026-05-11T12:53:12
TPL,2021-11-03,16.17,17.2,16.17,17.05,7066000,psxdata,2026-05-11T12:53:12
TPL,2021-11-04,17.34,18.32,17.3,18.32,9397500,psxdata,2026-05-11T12:53:12
TPL,2021-11-05,18.7,19.69,18.6,19.69,5452000,psxdata,2026-05-11T12:53:12
TPL,2021-11-08,21.16,21.16,21.15,21.16,2342500,psxdata,2026-05-11T12:53:12
TPL,2021-11-09,21.58,21.75,19.58,20.39,15469500,psxdata,2026-05-11T12:53:12
TPL,2021-11-10,20.31,21.27,19.81,20.6,10457000,psxdata,2026-05-11T12:53:12
TPL,2021-11-11,20.7,20.8,19.51,19.81,3410500,psxdata,2026-05-11T12:53:12
TPL,2021-11-12,19.81,19.81,18.41,18.96,3942000,psxdata,2026-05-11T12:53:12
TPL,2021-11-15,18.96,19.46,18.21,18.43,1747000,psxdata,2026-05-11T12:53:12
TPL,2021-11-16,18.55,19.75,18.5,19.55,3386000,psxdata,2026-05-11T12:53:12
TPL,2021-11-17,19.86,19.86,18.81,19.2,2187000,psxdata,2026-05-11T12:53:12
TPL,2021-11-18,19.02,20.6,18.95,20.43,8132000,psxdata,2026-05-11T12:53:12
TPL,2021-11-19,20.85,21.1,20.0,20.21,5314000,psxdata,2026-05-11T12:53:12
TPL,2021-11-22,19.4,20.25,19.4,19.67,1975500,psxdata,2026-05-11T12:53:12
TPL,2021-11-23,19.55,20.25,18.21,18.24,3310000,psxdata,2026-05-11T12:53:12
TPL,2021-11-24,18.45,18.45,17.05,17.88,2062000,psxdata,2026-05-11T12:53:12
TPL,2021-11-25,18.15,18.33,17.91,18.07,2113500,psxdata,2026-05-11T12:53:12
TPL,2021-11-26,18.07,19.35,18.03,18.88,2171000,psxdata,2026-05-11T12:53:12
TPL,2021-11-29,18.62,19.86,18.62,19.64,1874500,psxdata,2026-05-11T12:53:12
TPL,2021-11-30,19.65,19.84,18.81,19.37,1644000,psxdata,2026-05-11T12:53:12
TPL,2021-12-01,19.16,19.92,19.16,19.39,1417500,psxdata,2026-05-11T12:53:12
TPL,2021-12-02,19.2,19.3,17.94,17.94,1475500,psxdata,2026-05-11T12:53:12
TPL,2021-12-03,17.05,17.76,16.6,16.89,1610000,psxdata,2026-05-11T12:53:12
TPL,2021-12-06,17.4,17.4,15.63,16.07,1312500,psxdata,2026-05-11T12:53:12
TPL,2021-12-07,16.05,17.27,16.05,17.27,1205000,psxdata,2026-05-11T12:53:12
TPL,2021-12-08,17.73,18.0,17.17,17.5,1102500,psxdata,2026-05-11T12:53:12
TPL,2021-12-09,17.47,17.47,16.22,16.63,742000,psxdata,2026-05-11T12:53:12
TPL,2021-12-10,16.05,16.86,15.81,16.26,1134500,psxdata,2026-05-11T12:53:12
TPL,2021-12-13,16.68,16.68,15.05,15.09,602000,psxdata,2026-05-11T12:53:12
TPL,2021-12-14,14.01,16.22,14.01,16.12,1252000,psxdata,2026-05-11T12:53:12
TPL,2021-12-15,16.8,17.32,16.5,17.32,1781000,psxdata,2026-05-11T12:53:12
TPL,2021-12-16,17.69,17.7,16.93,17.43,2370500,psxdata,2026-05-11T12:53:12
TPL,2021-12-17,17.35,17.6,16.9,17.04,1551500,psxdata,2026-05-11T12:53:12
TPL,2021-12-20,17.3,17.59,16.82,17.21,744000,psxdata,2026-05-11T12:53:12
TPL,2021-12-21,17.44,17.44,15.92,16.74,539500,psxdata,2026-05-11T12:53:12
TPL,2021-12-22,16.9,16.9,16.2,16.48,408500,psxdata,2026-05-11T12:53:12
TPL,2021-12-23,16.16,16.8,16.16,16.7,208500,psxdata,2026-05-11T12:53:12
TPL,2021-12-24,16.86,17.5,16.54,17.19,627500,psxdata,2026-05-11T12:53:12
TPL,2021-12-27,17.34,17.34,16.55,16.77,227000,psxdata,2026-05-11T12:53:12
TPL,2021-12-28,17.4,17.4,16.37,16.71,423000,psxdata,2026-05-11T12:53:12
TPL,2021-12-29,16.93,17.06,16.55,16.8,1360000,psxdata,2026-05-11T12:53:12
TPL,2021-12-30,17.0,17.44,16.9,16.96,1444000,psxdata,2026-05-11T12:53:12
TPL,2021-12-31,17.2,17.2,16.4,16.58,768500,psxdata,2026-05-11T12:53:12
TPL,2022-01-03,16.99,17.16,16.7,16.86,2463500,psxdata,2026-05-11T12:53:12
TPL,2022-01-04,16.87,17.1,16.69,16.72,2306000,psxdata,2026-05-11T12:53:12
TPL,2022-01-05,16.8,17.8,16.75,17.02,7683000,psxdata,2026-05-11T12:53:12
TPL,2022-01-06,17.06,17.15,16.25,16.34,1622500,psxdata,2026-05-11T12:53:12
TPL,2022-01-07,16.3,16.59,16.0,16.37,768500,psxdata,2026-05-11T12:53:12
TPL,2022-01-10,16.16,17.0,16.16,16.81,1797500,psxdata,2026-05-11T12:53:12
TPL,2022-01-11,16.9,17.05,16.55,16.75,1686000,psxdata,2026-05-11T12:53:12
TPL,2022-01-12,16.6,17.15,16.2,16.33,4578000,psxdata,2026-05-11T12:53:12
TPL,2022-01-13,16.26,16.49,15.93,16.05,1389000,psxdata,2026-05-11T12:53:12
TPL,2022-01-14,16.25,16.4,15.9,15.98,873500,psxdata,2026-05-11T12:53:12
TPL,2022-01-17,16.15,16.15,15.42,15.47,640000,psxdata,2026-05-11T12:53:12
TPL,2022-01-18,15.1,15.67,15.1,15.21,1052000,psxdata,2026-05-11T12:53:12
TPL,2022-01-19,15.57,15.57,14.07,14.07,2834000,psxdata,2026-05-11T12:53:12
TPL,2022-01-20,13.62,13.89,13.02,13.31,3669500,psxdata,2026-05-11T12:53:12
TPL,2022-01-21,13.5,13.85,13.25,13.33,2802500,psxdata,2026-05-11T12:53:12
TPL,2022-01-24,13.35,13.45,12.55,12.71,1205500,psxdata,2026-05-11T12:53:12
TPL,2022-01-25,12.65,13.1,12.32,12.55,2069500,psxdata,2026-05-11T12:53:12
TPL,2022-01-26,12.55,12.55,11.65,12.18,1829000,psxdata,2026-05-11T12:53:12
TPL,2022-01-27,12.37,12.48,11.85,12.1,1541000,psxdata,2026-05-11T12:53:12
TPL,2022-01-28,12.29,12.58,12.0,12.43,1200000,psxdata,2026-05-11T12:53:12
TPL,2022-01-31,12.57,13.43,12.45,13.43,2753500,psxdata,2026-05-11T12:53:12
TPL,2022-02-01,13.85,14.43,13.65,14.43,8587500,psxdata,2026-05-11T12:53:12
TPL,2022-02-02,14.66,15.51,14.45,15.43,12153500,psxdata,2026-05-11T12:53:12
TPL,2022-02-03,15.9,16.09,14.94,15.05,10851500,psxdata,2026-05-11T12:53:12
TPL,2022-02-04,15.1,15.1,14.4,14.51,3811500,psxdata,2026-05-11T12:53:12
TPL,2022-02-07,14.52,14.7,14.01,14.18,1310500,psxdata,2026-05-11T12:53:12
TPL,2022-02-08,14.18,14.55,14.01,14.26,1927500,psxdata,2026-05-11T12:53:12
TPL,2022-02-09,14.3,15.32,14.26,15.32,3523500,psxdata,2026-05-11T12:53:12
TPL,2022-02-10,15.77,16.25,15.02,15.2,11263000,psxdata,2026-05-11T12:53:12
TPL,2022-02-11,15.45,15.45,14.6,15.01,3284500,psxdata,2026-05-11T12:53:12
TPL,2022-02-14,15.0,15.0,14.02,14.14,2032000,psxdata,2026-05-11T12:53:12
TPL,2022-02-15,14.13,15.2,14.01,14.95,3845000,psxdata,2026-05-11T12:53:12
TPL,2022-02-16,14.98,15.2,14.6,14.75,2149000,psxdata,2026-05-11T12:53:12
TPL,2022-02-17,14.56,14.9,13.95,14.51,1080500,psxdata,2026-05-11T12:53:12
TPL,2022-02-18,14.53,14.81,14.35,14.65,1733000,psxdata,2026-05-11T12:53:12
TPL,2022-02-21,14.5,14.6,14.05,14.09,791000,psxdata,2026-05-11T12:53:12
TPL,2022-02-22,14.0,14.4,13.11,13.36,2094000,psxdata,2026-05-11T12:53:12
TPL,2022-02-23,13.55,14.36,13.27,14.33,5209000,psxdata,2026-05-11T12:53:12
TPL,2022-02-24,13.31,13.9,13.26,13.26,5562500,psxdata,2026-05-11T12:53:12
TPL,2022-02-25,12.95,13.75,12.6,12.93,7291500,psxdata,2026-05-11T12:53:12
TPL,2022-02-28,12.99,13.93,12.85,13.88,4880500,psxdata,2026-05-11T12:53:12
TPL,2022-03-01,14.38,14.38,13.45,13.7,13174500,psxdata,2026-05-11T12:53:12
TPL,2022-03-02,13.48,13.48,12.93,13.15,5352500,psxdata,2026-05-11T12:53:12
TPL,2022-03-03,13.03,13.3,12.75,12.95,1718000,psxdata,2026-05-11T12:53:12
TPL,2022-03-04,13.05,13.1,12.31,12.46,3737000,psxdata,2026-05-11T12:53:12
TPL,2022-03-07,12.16,12.16,11.46,11.46,3066500,psxdata,2026-05-11T12:53:12
TPL,2022-03-08,11.05,11.3,10.46,10.46,17359500,psxdata,2026-05-11T12:53:12
TPL,2022-03-09,10.38,10.68,9.46,9.47,10655500,psxdata,2026-05-11T12:53:12
TPL,2022-03-10,9.85,10.12,9.6,10.03,10614000,psxdata,2026-05-11T12:53:12
TPL,2022-03-11,9.89,10.5,9.57,10.06,9395500,psxdata,2026-05-11T12:53:12
TPL,2022-03-14,10.15,10.15,9.56,9.77,2071000,psxdata,2026-05-11T12:53:12
TPL,2022-03-15,9.8,10.45,9.65,10.32,6776000,psxdata,2026-05-11T12:53:12
TPL,2022-03-16,10.3,10.56,10.06,10.27,5639000,psxdata,2026-05-11T12:53:12
TPL,2022-03-17,10.45,10.45,9.97,10.06,1314500,psxdata,2026-05-11T12:53:12
TPL,2022-03-18,9.55,9.94,9.35,9.51,3302000,psxdata,2026-05-11T12:53:12
TPL,2022-03-21,9.51,9.75,9.37,9.68,1607000,psxdata,2026-05-11T12:53:12
TPL,2022-03-22,9.85,10.1,9.55,9.96,2416000,psxdata,2026-05-11T12:53:12
TPL,2022-03-24,9.89,10.15,9.6,10.04,1838500,psxdata,2026-05-11T12:53:12
TPL,2022-03-25,9.83,10.1,9.72,9.79,1640000,psxdata,2026-05-11T12:53:12
TPL,2022-03-28,9.85,9.94,9.7,9.91,2104000,psxdata,2026-05-11T12:53:12
TPL,2022-03-29,10.01,10.6,10.01,10.41,5388000,psxdata,2026-05-11T12:53:12
TPL,2022-03-30,10.3,11.2,9.8,10.57,10207500,psxdata,2026-05-11T12:53:12
TPL,2022-03-31,10.7,11.5,10.55,11.3,10079000,psxdata,2026-05-11T12:53:12
TPL,2022-04-01,11.0,12.14,10.95,11.3,12367500,psxdata,2026-05-11T12:53:12
TPL,2022-04-04,10.56,10.88,10.3,10.45,2644000,psxdata,2026-05-11T12:53:12
TPL,2022-04-05,10.25,10.7,10.25,10.37,927500,psxdata,2026-05-11T12:53:12
TPL,2022-04-06,10.6,10.74,10.45,10.56,916000,psxdata,2026-05-11T12:53:12
TPL,2022-04-07,10.58,10.7,10.33,10.45,410000,psxdata,2026-05-11T12:53:12
TPL,2022-04-08,10.95,11.18,10.61,11.0,2968500,psxdata,2026-05-11T12:53:12
TPL,2022-04-11,11.6,12.0,11.6,12.0,3612000,psxdata,2026-05-11T12:53:12
TPL,2022-04-12,12.35,13.0,11.71,13.0,10300000,psxdata,2026-05-11T12:53:12
TPL,2022-04-13,13.3,13.8,12.8,13.19,8536000,psxdata,2026-05-11T12:53:12
TPL,2022-04-14,13.0,13.5,12.85,13.17,4016500,psxdata,2026-05-11T12:53:12
TPL,2022-04-15,13.29,13.6,13.02,13.27,2349000,psxdata,2026-05-11T12:53:12
TPL,2022-04-18,13.21,13.43,12.8,12.96,1274500,psxdata,2026-05-11T12:53:12
TPL,2022-04-19,12.97,12.97,12.2,12.38,1367000,psxdata,2026-05-11T12:53:12
TPL,2022-04-20,12.48,12.49,11.8,12.14,2023000,psxdata,2026-05-11T12:53:12
TPL,2022-04-21,12.05,12.24,11.76,11.85,788500,psxdata,2026-05-11T12:53:12
TPL,2022-04-22,12.0,12.69,11.84,12.32,2357500,psxdata,2026-05-11T12:53:12
TPL,2022-04-25,12.45,12.88,11.32,11.55,2779500,psxdata,2026-05-11T12:53:12
TPL,2022-04-26,11.5,11.6,11.0,11.16,2022000,psxdata,2026-05-11T12:53:12
TPL,2022-04-27,11.05,11.19,10.6,10.7,1560000,psxdata,2026-05-11T12:53:12
TPL,2022-04-28,10.5,10.59,9.76,10.21,3750500,psxdata,2026-05-11T12:53:12
TPL,2022-05-06,10.25,10.65,9.73,9.98,1846000,psxdata,2026-05-11T12:53:12
TPL,2022-05-09,10.0,10.0,8.98,8.98,2694500,psxdata,2026-05-11T12:53:12
TPL,2022-05-10,9.08,9.96,8.8,9.59,4079000,psxdata,2026-05-11T12:53:12
TPL,2022-05-11,9.5,9.77,8.59,8.96,4348500,psxdata,2026-05-11T12:53:12
TPL,2022-05-12,9.04,9.7,8.75,9.56,5099500,psxdata,2026-05-11T12:53:12
TPL,2022-05-13,9.6,9.79,9.25,9.38,2004000,psxdata,2026-05-11T12:53:12
TPL,2022-05-16,9.1,9.35,8.71,8.88,1311000,psxdata,2026-05-11T12:53:12
TPL,2022-05-17,8.9,9.1,8.8,8.95,761500,psxdata,2026-05-11T12:53:12
TPL,2022-05-18,9.0,9.77,8.76,9.47,3198000,psxdata,2026-05-11T12:53:12
TPL,2022-05-19,9.3,9.45,9.02,9.07,1213500,psxdata,2026-05-11T12:53:12
TPL,2022-05-20,9.1,9.23,9.0,9.03,504500,psxdata,2026-05-11T12:53:12
TPL,2022-05-23,8.85,8.85,8.6,8.69,1118500,psxdata,2026-05-11T12:53:12
TPL,2022-05-24,8.6,9.14,8.6,8.69,1789000,psxdata,2026-05-11T12:53:12
TPL,2022-05-25,8.71,9.49,8.6,9.26,2274000,psxdata,2026-05-11T12:53:12
TPL,2022-05-26,9.29,10.09,9.11,9.95,6989500,psxdata,2026-05-11T12:53:12
TPL,2022-05-27,10.15,10.71,9.8,9.98,7777000,psxdata,2026-05-11T12:53:12
TPL,2022-05-30,10.05,10.44,9.9,10.06,3966500,psxdata,2026-05-11T12:53:12
TPL,2022-05-31,10.07,10.23,9.86,9.95,911500,psxdata,2026-05-11T12:53:12
TPL,2022-06-01,9.85,10.12,9.6,9.67,734000,psxdata,2026-05-11T12:53:12
TPL,2022-06-02,9.69,9.75,9.25,9.35,1185500,psxdata,2026-05-11T12:53:12
TPL,2022-06-03,9.5,9.5,8.6,8.81,1902500,psxdata,2026-05-11T12:53:12
TPL,2022-06-06,8.97,9.58,8.8,9.48,4545000,psxdata,2026-05-11T12:53:12
TPL,2022-06-07,9.64,9.81,9.21,9.28,3165000,psxdata,2026-05-11T12:53:12
TPL,2022-06-08,9.28,9.47,8.92,9.14,900500,psxdata,2026-05-11T12:53:12
TPL,2022-06-09,9.2,9.74,9.14,9.3,3072000,psxdata,2026-05-11T12:53:12
TPL,2022-06-10,9.32,9.45,9.15,9.27,1111000,psxdata,2026-05-11T12:53:12
TPL,2022-06-13,9.31,9.31,8.9,8.97,1536000,psxdata,2026-05-11T12:53:12
TPL,2022-06-14,9.0,9.19,8.95,9.09,829500,psxdata,2026-05-11T12:53:12
TPL,2022-06-15,9.26,9.35,9.06,9.14,2056000,psxdata,2026-05-11T12:53:12
TPL,2022-06-16,9.2,9.23,9.01,9.1,473500,psxdata,2026-05-11T12:53:12
TPL,2022-06-17,9.11,9.41,9.1,9.22,1301000,psxdata,2026-05-11T12:53:12
TPL,2022-06-20,9.4,9.46,9.15,9.21,1513000,psxdata,2026-05-11T12:53:12
TPL,2022-06-21,9.35,10.12,9.16,10.02,4074000,psxdata,2026-05-11T12:53:12
TPL,2022-06-22,10.21,10.31,9.86,10.07,6772000,psxdata,2026-05-11T12:53:12
TPL,2022-06-23,9.95,10.45,9.95,10.02,2934000,psxdata,2026-05-11T12:53:12
TPL,2022-06-24,10.02,10.09,9.02,9.27,2631500,psxdata,2026-05-11T12:53:12
TPL,2022-06-27,9.41,9.68,9.39,9.47,1897500,psxdata,2026-05-11T12:53:12
TPL,2022-06-28,9.7,9.7,9.08,9.17,5908000,psxdata,2026-05-11T12:53:12
TPL,2022-06-29,9.14,9.28,9.04,9.06,1294000,psxdata,2026-05-11T12:53:12
TPL,2022-06-30,9.15,9.23,9.0,9.12,679500,psxdata,2026-05-11T12:53:12
TPL,2022-07-01,9.24,9.54,9.1,9.19,676500,psxdata,2026-05-11T12:53:12
TPL,2022-07-04,9.15,9.3,9.0,9.07,465000,psxdata,2026-05-11T12:53:12
TPL,2022-07-05,9.15,9.17,9.02,9.1,183500,psxdata,2026-05-11T12:53:12
TPL,2022-07-06,9.21,9.3,9.04,9.11,500500,psxdata,2026-05-11T12:53:12
TPL,2022-07-07,9.05,9.28,9.04,9.21,393500,psxdata,2026-05-11T12:53:12
TPL,2022-07-13,9.16,9.51,9.01,9.42,1110000,psxdata,2026-05-11T12:53:12
TPL,2022-07-14,9.74,9.74,9.4,9.46,1227500,psxdata,2026-05-11T12:53:12
TPL,2022-07-15,9.41,9.44,9.12,9.22,447500,psxdata,2026-05-11T12:53:12
TPL,2022-07-18,9.1,9.15,8.91,8.95,1288000,psxdata,2026-05-11T12:53:12
TPL,2022-07-19,9.1,9.1,8.4,8.54,714500,psxdata,2026-05-11T12:53:12
TPL,2022-07-20,8.74,8.78,8.25,8.45,900500,psxdata,2026-05-11T12:53:12
TPL,2022-07-21,8.6,8.65,8.0,8.04,580500,psxdata,2026-05-11T12:53:12
TPL,2022-07-22,8.03,8.6,7.84,8.29,1329000,psxdata,2026-05-11T12:53:12
TPL,2022-07-25,8.28,8.45,8.16,8.38,215500,psxdata,2026-05-11T12:53:12
TPL,2022-07-26,8.35,8.6,8.28,8.38,741000,psxdata,2026-05-11T12:53:12
TPL,2022-07-27,8.49,8.6,8.16,8.28,638000,psxdata,2026-05-11T12:53:12
TPL,2022-07-28,8.28,8.78,8.28,8.42,3048000,psxdata,2026-05-11T12:53:12
TPL,2022-07-29,8.45,8.5,8.23,8.29,681500,psxdata,2026-05-11T12:53:12
TPL,2022-08-01,8.3,8.6,8.23,8.36,706000,psxdata,2026-05-11T12:53:12
TPL,2022-08-02,8.15,8.76,8.1,8.67,2181500,psxdata,2026-05-11T12:53:12
TPL,2022-08-03,8.55,9.29,8.55,9.23,4466000,psxdata,2026-05-11T12:53:12
TPL,2022-08-04,9.22,9.47,9.1,9.2,1917000,psxdata,2026-05-11T12:53:12
TPL,2022-08-05,9.07,9.35,9.07,9.2,1568500,psxdata,2026-05-11T12:53:12
TPL,2022-08-10,9.3,9.44,9.08,9.24,1221000,psxdata,2026-05-11T12:53:12
TPL,2022-08-11,9.16,9.37,8.95,9.01,1095000,psxdata,2026-05-11T12:53:12
TPL,2022-08-12,9.1,9.3,9.02,9.18,784500,psxdata,2026-05-11T12:53:12
TPL,2022-08-15,9.3,9.54,9.2,9.42,2324500,psxdata,2026-05-11T12:53:12
TPL,2022-08-16,9.45,9.8,9.25,9.32,2852000,psxdata,2026-05-11T12:53:12
TPL,2022-08-17,9.21,9.4,9.0,9.14,1521500,psxdata,2026-05-11T12:53:12
TPL,2022-08-18,9.11,9.42,9.11,9.18,1042500,psxdata,2026-05-11T12:53:12
TPL,2022-08-19,9.18,9.2,8.96,9.08,459500,psxdata,2026-05-11T12:53:12
TPL,2022-08-22,8.95,9.06,8.85,8.88,442500,psxdata,2026-05-11T12:53:12
TPL,2022-08-23,9.08,9.15,8.92,9.07,349500,psxdata,2026-05-11T12:53:12
TPL,2022-08-24,9.1,9.19,8.96,8.99,743500,psxdata,2026-05-11T12:53:12
TPL,2022-08-25,9.1,9.1,8.85,8.87,697500,psxdata,2026-05-11T12:53:12
TPL,2022-08-26,9.02,9.05,8.66,8.72,459500,psxdata,2026-05-11T12:53:12
TPL,2022-08-29,8.7,8.75,8.42,8.68,1015000,psxdata,2026-05-11T12:53:12
TPL,2022-08-30,9.0,9.1,8.69,8.72,542500,psxdata,2026-05-11T12:53:12
TPL,2022-08-31,8.72,8.8,8.65,8.68,304000,psxdata,2026-05-11T12:53:12
TPL,2022-09-01,8.78,8.88,8.7,8.71,185000,psxdata,2026-05-11T12:53:12
TPL,2022-09-02,8.59,8.75,8.4,8.57,133500,psxdata,2026-05-11T12:53:12
TPL,2022-09-05,8.9,8.9,8.4,8.42,256500,psxdata,2026-05-11T12:53:12
TPL,2022-09-06,8.54,8.55,8.01,8.38,184000,psxdata,2026-05-11T12:53:12
TPL,2022-09-07,8.35,8.48,8.22,8.26,114500,psxdata,2026-05-11T12:53:12
TPL,2022-09-08,8.38,8.4,8.2,8.23,132000,psxdata,2026-05-11T12:53:12
TPL,2022-09-09,8.23,8.35,8.2,8.27,47000,psxdata,2026-05-11T12:53:12
TPL,2022-09-12,8.25,8.35,8.11,8.17,185500,psxdata,2026-05-11T12:53:12
TPL,2022-09-13,8.2,8.28,8.11,8.12,190000,psxdata,2026-05-11T12:53:12
TPL,2022-09-14,8.24,8.24,7.9,8.14,1280000,psxdata,2026-05-11T12:53:12
TPL,2022-09-15,8.22,8.63,8.08,8.19,3125500,psxdata,2026-05-11T12:53:12
TPL,2022-09-16,8.3,8.35,8.06,8.09,441000,psxdata,2026-05-11T12:53:12
TPL,2022-09-19,8.19,8.25,8.0,8.16,708500,psxdata,2026-05-11T12:53:12
TPL,2022-09-20,8.23,8.41,8.08,8.12,614500,psxdata,2026-05-11T12:53:12
TPL,2022-09-21,8.2,8.22,7.8,7.88,720500,psxdata,2026-05-11T12:53:12
TPL,2022-09-22,7.81,7.99,7.61,7.86,648500,psxdata,2026-05-11T12:53:12
TPL,2022-09-23,7.9,8.24,7.5,7.78,818500,psxdata,2026-05-11T12:53:12
TPL,2022-09-26,7.54,7.94,7.54,7.89,788000,psxdata,2026-05-11T12:53:12
TPL,2022-09-27,7.9,8.65,7.9,8.48,4846000,psxdata,2026-05-11T12:53:12
TPL,2022-09-28,8.6,8.79,8.0,8.26,5194500,psxdata,2026-05-11T12:53:12
TPL,2022-09-29,8.25,8.3,7.95,8.01,1032500,psxdata,2026-05-11T12:53:12
TPL,2022-09-30,7.96,8.35,7.95,8.03,1441500,psxdata,2026-05-11T12:53:12
TPL,2022-10-03,8.01,8.1,7.96,7.99,694000,psxdata,2026-05-11T12:53:12
TPL,2022-10-04,7.93,8.23,7.9,8.03,1210000,psxdata,2026-05-11T12:53:12
TPL,2022-10-05,8.16,8.16,7.96,8.04,488000,psxdata,2026-05-11T12:53:12
TPL,2022-10-06,8.19,8.63,8.15,8.21,5967000,psxdata,2026-05-11T12:53:12
TPL,2022-10-07,8.0,8.23,8.0,8.02,1121500,psxdata,2026-05-11T12:53:12
TPL,2022-10-10,7.96,8.18,7.96,8.02,573000,psxdata,2026-05-11T12:53:12
TPL,2022-10-11,8.14,8.17,8.0,8.01,901500,psxdata,2026-05-11T12:53:12
TPL,2022-10-12,8.03,8.19,7.95,8.01,897000,psxdata,2026-05-11T12:53:12
TPL,2022-10-13,8.02,8.34,7.96,8.08,1637500,psxdata,2026-05-11T12:53:12
TPL,2022-10-14,8.1,8.37,8.05,8.12,944500,psxdata,2026-05-11T12:53:12
TPL,2022-10-17,8.2,8.21,8.0,8.01,704500,psxdata,2026-05-11T12:53:12
TPL,2022-10-18,7.91,8.29,7.91,8.1,1026500,psxdata,2026-05-11T12:53:12
TPL,2022-10-19,8.2,8.39,8.13,8.29,2118500,psxdata,2026-05-11T12:53:12
TPL,2022-10-20,8.34,8.38,8.14,8.22,723000,psxdata,2026-05-11T12:53:12
TPL,2022-10-21,8.15,8.3,8.0,8.21,622500,psxdata,2026-05-11T12:53:12
TPL,2022-10-24,8.35,8.44,8.2,8.22,1094000,psxdata,2026-05-11T12:53:12
TPL,2022-10-25,8.32,8.32,7.9,7.99,804500,psxdata,2026-05-11T12:53:12
TPL,2022-10-26,7.91,7.95,7.4,7.49,632500,psxdata,2026-05-11T12:53:12
TPL,2022-10-27,7.6,7.7,7.02,7.26,1207500,psxdata,2026-05-11T12:53:12
TPL,2022-10-28,7.35,7.35,6.7,6.77,1043000,psxdata,2026-05-11T12:53:12
TPL,2022-10-31,6.82,7.14,6.82,7.01,198500,psxdata,2026-05-11T12:53:12
TPL,2022-11-01,7.17,7.83,7.07,7.72,1981500,psxdata,2026-05-11T12:53:12
TPL,2022-11-02,7.67,7.78,7.45,7.57,1056500,psxdata,2026-05-11T12:53:12
TPL,2022-11-03,7.57,7.79,7.47,7.64,1045500,psxdata,2026-05-11T12:53:12
TPL,2022-11-04,7.59,7.59,7.38,7.41,658000,psxdata,2026-05-11T12:53:12
TPL,2022-11-07,7.61,7.77,7.35,7.41,1104000,psxdata,2026-05-11T12:53:12
TPL,2022-11-08,7.38,7.45,7.36,7.38,246000,psxdata,2026-05-11T12:53:12
TPL,2022-11-10,7.49,7.68,7.35,7.62,897500,psxdata,2026-05-11T12:53:12
TPL,2022-11-11,7.55,7.98,7.37,7.91,3069500,psxdata,2026-05-11T12:53:12
TPL,2022-11-14,7.89,7.95,7.65,7.89,1184500,psxdata,2026-05-11T12:53:12
TPL,2022-11-15,7.9,8.17,7.9,7.99,2180000,psxdata,2026-05-11T12:53:12
TPL,2022-11-16,8.09,8.09,7.9,7.92,397500,psxdata,2026-05-11T12:53:12
TPL,2022-11-17,8.0,8.0,7.61,7.67,259000,psxdata,2026-05-11T12:53:12
TPL,2022-11-18,7.7,7.71,7.44,7.46,2945000,psxdata,2026-05-11T12:53:12
TPL,2022-11-21,7.55,7.64,7.51,7.55,167500,psxdata,2026-05-11T12:53:12
TPL,2022-11-22,7.65,8.13,7.6,7.94,2505000,psxdata,2026-05-11T12:53:12
TPL,2022-11-23,7.98,8.05,7.66,7.69,1034000,psxdata,2026-05-11T12:53:12
TPL,2022-11-24,7.65,7.78,7.61,7.66,165000,psxdata,2026-05-11T12:53:12
TPL,2022-11-25,7.84,7.84,7.63,7.65,279000,psxdata,2026-05-11T12:53:12
TPL,2022-11-28,7.4,7.48,7.1,7.3,864500,psxdata,2026-05-11T12:53:12
TPL,2022-11-29,7.44,7.44,7.3,7.4,131000,psxdata,2026-05-11T12:53:12
TPL,2022-11-30,7.33,7.41,7.28,7.35,34500,psxdata,2026-05-11T12:53:12
TPL,2022-12-01,7.48,7.48,7.3,7.34,289000,psxdata,2026-05-11T12:53:12
TPL,2022-12-02,7.4,7.4,7.1,7.23,161000,psxdata,2026-05-11T12:53:12
TPL,2022-12-05,7.3,7.3,7.02,7.04,299000,psxdata,2026-05-11T12:53:12
TPL,2022-12-06,7.07,7.25,6.9,7.16,608000,psxdata,2026-05-11T12:53:12
TPL,2022-12-07,7.39,7.39,7.02,7.09,361500,psxdata,2026-05-11T12:53:12
TPL,2022-12-08,7.22,7.35,7.02,7.08,1409000,psxdata,2026-05-11T12:53:12
TPL,2022-12-09,7.23,7.38,7.0,7.34,1331500,psxdata,2026-05-11T12:53:12
TPL,2022-12-12,7.4,7.7,7.35,7.58,1842500,psxdata,2026-05-11T12:53:12
TPL,2022-12-13,7.68,7.84,7.5,7.67,1005000,psxdata,2026-05-11T12:53:12
TPL,2022-12-14,7.65,8.05,7.53,7.94,2552500,psxdata,2026-05-11T12:53:12
TPL,2022-12-15,7.95,8.0,7.6,7.9,1830500,psxdata,2026-05-11T12:53:12
TPL,2022-12-16,7.81,7.9,7.45,7.53,598000,psxdata,2026-05-11T12:53:12
TPL,2022-12-19,7.55,7.6,7.15,7.2,450000,psxdata,2026-05-11T12:53:12
TPL,2022-12-20,7.39,7.6,6.75,6.82,1102500,psxdata,2026-05-11T12:53:12
TPL,2022-12-21,6.71,7.24,6.65,6.84,540500,psxdata,2026-05-11T12:53:12
TPL,2022-12-22,6.83,7.43,6.81,7.19,1681000,psxdata,2026-05-11T12:53:12
TPL,2022-12-23,7.19,7.35,7.03,7.09,733500,psxdata,2026-05-11T12:53:12
TPL,2022-12-26,7.0,7.38,7.0,7.2,246500,psxdata,2026-05-11T12:53:12
TPL,2022-12-27,7.25,7.25,7.03,7.04,226500,psxdata,2026-05-11T12:53:12
TPL,2022-12-28,7.1,7.18,6.85,6.89,754500,psxdata,2026-05-11T12:53:12
TPL,2022-12-29,7.07,7.19,6.95,6.96,71500,psxdata,2026-05-11T12:53:12
TPL,2022-12-30,6.94,7.1,6.9,6.95,278500,psxdata,2026-05-11T12:53:12
TPL,2023-01-02,6.92,7.25,6.92,7.06,495000,psxdata,2026-05-11T12:53:12
TPL,2023-01-03,7.15,7.15,7.01,7.04,288500,psxdata,2026-05-11T12:53:12
TPL,2023-01-04,7.15,7.15,6.9,6.94,135000,psxdata,2026-05-11T12:53:12
TPL,2023-01-05,7.04,7.13,6.9,6.91,202000,psxdata,2026-05-11T12:53:12
TPL,2023-01-06,6.99,7.02,6.89,6.92,172000,psxdata,2026-05-11T12:53:12
TPL,2023-01-09,6.86,6.9,6.74,6.88,384500,psxdata,2026-05-11T12:53:12
TPL,2023-01-10,7.1,7.25,6.93,7.19,773500,psxdata,2026-05-11T12:53:12
TPL,2023-01-11,7.22,7.25,7.03,7.19,246000,psxdata,2026-05-11T12:53:12
TPL,2023-01-12,7.06,7.16,7.0,7.01,125500,psxdata,2026-05-11T12:53:12
TPL,2023-01-13,7.01,7.18,6.9,6.9,296000,psxdata,2026-05-11T12:53:12
TPL,2023-01-16,6.9,6.9,6.81,6.9,56000,psxdata,2026-05-11T12:53:12
TPL,2023-01-17,6.9,7.07,6.22,6.49,571000,psxdata,2026-05-11T12:53:12
TPL,2023-01-18,6.35,6.85,6.35,6.77,233500,psxdata,2026-05-11T12:53:12
TPL,2023-01-19,6.66,7.1,6.6,6.97,227500,psxdata,2026-05-11T12:53:12
TPL,2023-01-20,6.87,7.0,6.61,6.86,193500,psxdata,2026-05-11T12:53:12
TPL,2023-01-23,6.66,6.98,6.57,6.85,192500,psxdata,2026-05-11T12:53:12
TPL,2023-01-24,6.95,7.0,6.76,6.98,284500,psxdata,2026-05-11T12:53:12
TPL,2023-01-25,7.0,7.35,6.9,7.22,785500,psxdata,2026-05-11T12:53:12
TPL,2023-01-26,7.1,7.5,7.1,7.23,812000,psxdata,2026-05-11T12:53:12
TPL,2023-01-27,7.4,7.47,6.94,6.95,386500,psxdata,2026-05-11T12:53:12
TPL,2023-01-30,7.05,7.1,6.85,6.99,144000,psxdata,2026-05-11T12:53:12
TPL,2023-01-31,6.93,7.2,6.93,7.14,101000,psxdata,2026-05-11T12:53:12
TPL,2023-02-01,7.05,7.1,6.95,6.96,168000,psxdata,2026-05-11T12:53:12
TPL,2023-02-02,6.93,7.03,6.93,6.97,168000,psxdata,2026-05-11T12:53:12
TPL,2023-02-03,7.0,7.0,6.8,6.81,250000,psxdata,2026-05-11T12:53:12
TPL,2023-02-06,6.74,7.0,6.74,6.86,119000,psxdata,2026-05-11T12:53:12
TPL,2023-02-07,6.98,7.0,6.85,6.92,165000,psxdata,2026-05-11T12:53:12
TPL,2023-02-08,6.93,7.09,6.91,6.98,254000,psxdata,2026-05-11T12:53:12
TPL,2023-02-09,6.97,7.15,6.96,7.05,347500,psxdata,2026-05-11T12:53:12
TPL,2023-02-10,7.05,7.05,6.9,6.9,111000,psxdata,2026-05-11T12:53:12
TPL,2023-02-13,6.9,7.0,6.81,6.83,82000,psxdata,2026-05-11T12:53:12
TPL,2023-02-14,6.9,6.94,6.74,6.84,769500,psxdata,2026-05-11T12:53:12
TPL,2023-02-15,6.73,6.9,6.69,6.83,148000,psxdata,2026-05-11T12:53:12
TPL,2023-02-16,6.75,6.87,6.65,6.67,323000,psxdata,2026-05-11T12:53:12
TPL,2023-02-17,6.54,6.93,6.47,6.61,814000,psxdata,2026-05-11T12:53:12
TPL,2023-02-20,6.52,6.59,5.62,6.26,759000,psxdata,2026-05-11T12:53:12
TPL,2023-02-21,6.4,6.4,6.23,6.32,198000,psxdata,2026-05-11T12:53:12
TPL,2023-02-22,6.38,6.46,6.33,6.44,187500,psxdata,2026-05-11T12:53:12
TPL,2023-02-23,6.31,6.35,6.25,6.3,113500,psxdata,2026-05-11T12:53:12
TPL,2023-02-24,6.25,6.38,6.25,6.26,475500,psxdata,2026-05-11T12:53:12
TPL,2023-02-27,6.26,6.74,6.26,6.51,845000,psxdata,2026-05-11T12:53:12
TPL,2023-02-28,6.5,6.5,6.2,6.24,402000,psxdata,2026-05-11T12:53:12
TPL,2023-03-01,6.24,6.4,6.1,6.27,618000,psxdata,2026-05-11T12:53:12
TPL,2023-03-02,6.35,6.35,6.14,6.14,140000,psxdata,2026-05-11T12:53:12
TPL,2023-03-03,6.16,6.26,6.12,6.24,179500,psxdata,2026-05-11T12:53:12
TPL,2023-03-06,6.35,6.4,6.21,6.3,336000,psxdata,2026-05-11T12:53:12
TPL,2023-03-07,6.41,6.41,6.2,6.23,42500,psxdata,2026-05-11T12:53:12
TPL,2023-03-08,6.2,6.27,6.13,6.14,131500,psxdata,2026-05-11T12:53:12
TPL,2023-03-09,6.11,6.34,6.11,6.3,113500,psxdata,2026-05-11T12:53:12
TPL,2023-03-10,6.3,6.75,6.3,6.51,1693500,psxdata,2026-05-11T12:53:12
TPL,2023-03-13,6.5,6.7,6.4,6.42,761500,psxdata,2026-05-11T12:53:12
TPL,2023-03-14,6.5,6.55,6.38,6.47,296000,psxdata,2026-05-11T12:53:12
TPL,2023-03-15,6.4,6.47,6.3,6.32,825000,psxdata,2026-05-11T12:53:12
TPL,2023-03-16,6.48,6.56,6.35,6.43,420000,psxdata,2026-05-11T12:53:12
TPL,2023-03-17,6.46,6.52,6.32,6.4,201000,psxdata,2026-05-11T12:53:12
TPL,2023-03-20,6.4,6.4,6.25,6.3,130500,psxdata,2026-05-11T12:53:12
TPL,2023-03-21,6.32,6.47,6.3,6.4,243000,psxdata,2026-05-11T12:53:12
TPL,2023-03-22,6.45,6.5,6.3,6.39,339500,psxdata,2026-05-11T12:53:12
TPL,2023-03-24,6.43,6.43,6.21,6.24,18500,psxdata,2026-05-11T12:53:12
TPL,2023-03-27,6.24,6.37,6.14,6.25,56500,psxdata,2026-05-11T12:53:12
TPL,2023-03-28,6.25,6.34,6.15,6.26,566000,psxdata,2026-05-11T12:53:12
TPL,2023-03-29,6.25,6.39,6.25,6.3,680000,psxdata,2026-05-11T12:53:12
TPL,2023-03-30,6.16,6.38,6.15,6.28,190000,psxdata,2026-05-11T12:53:12
TPL,2023-03-31,6.12,6.3,6.11,6.21,158000,psxdata,2026-05-11T12:53:12
TPL,2023-04-03,6.1,6.21,6.1,6.21,21000,psxdata,2026-05-11T12:53:12
TPL,2023-04-04,6.14,6.38,6.13,6.23,59000,psxdata,2026-05-11T12:53:12
TPL,2023-04-05,6.36,6.36,6.23,6.3,171500,psxdata,2026-05-11T12:53:12
TPL,2023-04-06,6.4,6.47,6.3,6.43,195000,psxdata,2026-05-11T12:53:12
TPL,2023-04-07,6.36,6.36,5.9,6.25,47000,psxdata,2026-05-11T12:53:12
TPL,2023-04-10,6.12,6.29,6.01,6.24,81500,psxdata,2026-05-11T12:53:12
TPL,2023-04-11,6.2,6.25,6.2,6.25,69500,psxdata,2026-05-11T12:53:12
TPL,2023-04-12,6.25,6.25,6.2,6.25,49500,psxdata,2026-05-11T12:53:12
TPL,2023-04-13,6.21,6.25,6.17,6.25,110000,psxdata,2026-05-11T12:53:12
TPL,2023-04-17,6.16,6.28,6.16,6.25,146000,psxdata,2026-05-11T12:53:12
TPL,2023-04-18,6.2,6.25,6.2,6.25,115500,psxdata,2026-05-11T12:53:12
TPL,2023-04-19,6.21,6.3,6.21,6.25,70000,psxdata,2026-05-11T12:53:12
TPL,2023-04-20,6.38,6.38,6.26,6.35,165500,psxdata,2026-05-11T12:53:12
TPL,2023-04-26,6.35,6.35,6.22,6.3,54000,psxdata,2026-05-11T12:53:12
TPL,2023-04-27,6.26,6.35,6.26,6.3,165500,psxdata,2026-05-11T12:53:12
TPL,2023-04-28,6.39,6.39,6.2,6.22,906500,psxdata,2026-05-11T12:53:12
TPL,2023-05-02,6.3,6.4,6.15,6.25,1097000,psxdata,2026-05-11T12:53:12
TPL,2023-05-03,6.25,6.52,6.25,6.38,598000,psxdata,2026-05-11T12:53:12
TPL,2023-05-04,6.3,6.4,6.23,6.24,411000,psxdata,2026-05-11T12:53:12
TPL,2023-05-05,6.16,6.2,6.1,6.1,259000,psxdata,2026-05-11T12:53:12
TPL,2023-05-08,6.23,6.23,5.8,5.81,633500,psxdata,2026-05-11T12:53:12
TPL,2023-05-09,6.05,6.05,5.75,5.8,167000,psxdata,2026-05-11T12:53:12
TPL,2023-05-10,5.89,5.89,5.69,5.82,9000,psxdata,2026-05-11T12:53:12
TPL,2023-05-11,5.75,5.75,5.66,5.68,33000,psxdata,2026-05-11T12:53:12
TPL,2023-05-12,5.75,5.85,5.65,5.69,114000,psxdata,2026-05-11T12:53:12
TPL,2023-05-15,5.56,5.65,5.5,5.55,231000,psxdata,2026-05-11T12:53:12
TPL,2023-05-16,5.64,5.7,5.6,5.62,163500,psxdata,2026-05-11T12:53:12
TPL,2023-05-17,5.55,5.84,5.5,5.57,214000,psxdata,2026-05-11T12:53:12
TPL,2023-05-18,5.58,5.59,5.55,5.57,93500,psxdata,2026-05-11T12:53:12
TPL,2023-05-19,5.54,5.79,5.49,5.63,97000,psxdata,2026-05-11T12:53:12
TPL,2023-05-22,5.51,5.65,5.5,5.55,211000,psxdata,2026-05-11T12:53:12
TPL,2023-05-23,5.54,5.6,5.53,5.55,71000,psxdata,2026-05-11T12:53:12
TPL,2023-05-24,5.55,5.63,5.44,5.53,365500,psxdata,2026-05-11T12:53:12
TPL,2023-05-25,5.53,5.6,5.44,5.49,450000,psxdata,2026-05-11T12:53:12
TPL,2023-05-26,5.4,5.45,5.18,5.27,533500,psxdata,2026-05-11T12:53:12
TPL,2023-05-29,5.3,5.3,5.2,5.23,208500,psxdata,2026-05-11T12:53:12
TPL,2023-05-30,5.29,5.5,5.23,5.45,552500,psxdata,2026-05-11T12:53:12
TPL,2023-05-31,5.37,5.46,5.27,5.28,212000,psxdata,2026-05-11T12:53:12
TPL,2023-06-01,5.28,5.37,5.2,5.3,117500,psxdata,2026-05-11T12:53:12
TPL,2023-06-02,5.3,5.3,5.22,5.24,23000,psxdata,2026-05-11T12:53:12
TPL,2023-06-05,5.26,5.38,4.82,5.2,168500,psxdata,2026-05-11T12:53:12
TPL,2023-06-06,5.35,5.35,5.21,5.24,161000,psxdata,2026-05-11T12:53:12
TPL,2023-06-07,5.32,6.24,5.3,6.2,5861500,psxdata,2026-05-11T12:53:12
TPL,2023-06-08,6.24,6.24,5.64,5.69,2635000,psxdata,2026-05-11T12:53:12
TPL,2023-06-09,5.61,6.12,5.61,5.94,2312000,psxdata,2026-05-11T12:53:12
TPL,2023-06-12,5.99,6.13,5.9,5.93,921000,psxdata,2026-05-11T12:53:12
TPL,2023-06-13,5.85,6.2,5.85,5.98,1234500,psxdata,2026-05-11T12:53:12
TPL,2023-06-14,6.1,6.51,6.06,6.33,3389000,psxdata,2026-05-11T12:53:12
TPL,2023-06-15,6.14,6.3,5.9,5.99,977000,psxdata,2026-05-11T12:53:12
TPL,2023-06-16,5.94,6.17,5.76,5.93,123000,psxdata,2026-05-11T12:53:12
TPL,2023-06-19,6.0,6.08,5.71,5.75,430000,psxdata,2026-05-11T12:53:12
TPL,2023-06-20,5.61,5.88,5.6,5.66,129000,psxdata,2026-05-11T12:53:12
TPL,2023-06-21,5.68,5.97,5.65,5.65,362500,psxdata,2026-05-11T12:53:12
TPL,2023-06-22,5.65,5.75,5.65,5.66,65500,psxdata,2026-05-11T12:53:12
TPL,2023-06-23,5.75,5.75,5.08,5.24,1174500,psxdata,2026-05-11T12:53:12
TPL,2023-06-26,5.49,5.99,5.47,5.86,1586500,psxdata,2026-05-11T12:53:12
TPL,2023-06-27,5.9,6.14,5.8,6.01,1119000,psxdata,2026-05-11T12:53:12
TPL,2023-07-03,6.35,7.01,6.35,6.87,1536000,psxdata,2026-05-11T12:53:12
TPL,2023-07-04,6.87,6.94,6.4,6.5,1067000,psxdata,2026-05-11T12:53:12
TPL,2023-07-05,6.44,6.59,6.4,6.42,251000,psxdata,2026-05-11T12:53:12
TPL,2023-07-06,6.63,6.63,6.45,6.48,275500,psxdata,2026-05-11T12:53:12
TPL,2023-07-07,6.74,6.74,6.42,6.49,120500,psxdata,2026-05-11T12:53:12
TPL,2023-07-10,6.62,6.98,6.55,6.68,1178000,psxdata,2026-05-11T12:53:12
TPL,2023-07-11,6.72,6.95,6.62,6.65,1137500,psxdata,2026-05-11T12:53:12
TPL,2023-07-12,6.84,6.85,6.6,6.73,279500,psxdata,2026-05-11T12:53:12
TPL,2023-07-13,6.79,7.25,6.65,6.88,3965500,psxdata,2026-05-11T12:53:12
TPL,2023-07-14,6.94,6.94,6.51,6.65,253000,psxdata,2026-05-11T12:53:12
TPL,2023-07-17,6.9,6.9,6.52,6.55,328500,psxdata,2026-05-11T12:53:12
TPL,2023-07-18,6.49,6.91,6.28,6.32,1543500,psxdata,2026-05-11T12:53:12
TPL,2023-07-19,6.39,6.4,6.11,6.18,342500,psxdata,2026-05-11T12:53:12
TPL,2023-07-20,6.18,6.27,6.06,6.16,902500,psxdata,2026-05-11T12:53:12
TPL,2023-07-21,6.18,6.49,6.14,6.26,743000,psxdata,2026-05-11T12:53:12
TPL,2023-07-24,6.25,6.25,6.01,6.1,274500,psxdata,2026-05-11T12:53:12
TPL,2023-07-25,6.2,6.34,6.1,6.25,237500,psxdata,2026-05-11T12:53:12
TPL,2023-07-26,6.28,6.44,6.28,6.3,507000,psxdata,2026-05-11T12:53:12
TPL,2023-07-27,6.33,6.33,6.12,6.16,369000,psxdata,2026-05-11T12:53:12
TPL,2023-07-31,6.34,6.34,6.14,6.17,183500,psxdata,2026-05-11T12:53:12
TPL,2023-08-01,6.3,6.45,6.21,6.31,654000,psxdata,2026-05-11T12:53:12
TPL,2023-08-02,6.36,6.45,6.25,6.3,532500,psxdata,2026-05-11T12:53:12
TPL,2023-08-03,6.3,6.43,6.16,6.22,838500,psxdata,2026-05-11T12:53:12
TPL,2023-08-04,6.22,6.35,6.11,6.15,211000,psxdata,2026-05-11T12:53:12
TPL,2023-08-07,6.15,6.26,6.0,6.11,886500,psxdata,2026-05-11T12:53:12
TPL,2023-08-08,6.15,6.26,5.91,6.02,1158500,psxdata,2026-05-11T12:53:12
TPL,2023-08-09,6.04,6.1,5.95,5.99,531000,psxdata,2026-05-11T12:53:12
TPL,2023-08-10,5.8,6.14,5.8,5.86,1081000,psxdata,2026-05-11T12:53:12
TPL,2023-08-11,5.98,6.0,5.82,5.85,284500,psxdata,2026-05-11T12:53:12
TPL,2023-08-15,5.98,5.99,5.81,5.87,242000,psxdata,2026-05-11T12:53:12
TPL,2023-08-16,5.9,5.93,5.78,5.79,238000,psxdata,2026-05-11T12:53:12
TPL,2023-08-17,5.9,5.98,5.75,5.82,86000,psxdata,2026-05-11T12:53:12
TPL,2023-08-18,5.88,5.89,5.65,5.67,201000,psxdata,2026-05-11T12:53:12
TPL,2023-08-21,5.73,5.75,5.58,5.61,116000,psxdata,2026-05-11T12:53:12
TPL,2023-08-22,5.5,5.65,5.25,5.59,77500,psxdata,2026-05-11T12:53:12
TPL,2023-08-23,5.55,5.55,5.42,5.46,544500,psxdata,2026-05-11T12:53:12
TPL,2023-08-24,5.51,5.51,5.41,5.44,669000,psxdata,2026-05-11T12:53:12
TPL,2023-08-25,5.4,5.43,5.25,5.29,261500,psxdata,2026-05-11T12:53:12
TPL,2023-08-28,5.5,5.5,5.24,5.28,193000,psxdata,2026-05-11T12:53:12
TPL,2023-08-29,5.2,5.29,5.2,5.28,154000,psxdata,2026-05-11T12:53:12
TPL,2023-08-30,5.3,5.44,5.2,5.25,154500,psxdata,2026-05-11T12:53:12
TPL,2023-08-31,5.11,5.18,4.95,4.99,273500,psxdata,2026-05-11T12:53:12
TPL,2023-09-01,5.18,5.18,5.0,5.02,184500,psxdata,2026-05-11T12:53:12
TPL,2023-09-04,5.23,5.23,5.07,5.07,57500,psxdata,2026-05-11T12:53:12
TPL,2023-09-05,5.0,5.2,5.0,5.05,108500,psxdata,2026-05-11T12:53:12
TPL,2023-09-06,5.14,5.15,5.05,5.12,38500,psxdata,2026-05-11T12:53:12
TPL,2023-09-07,5.21,5.21,5.05,5.1,63000,psxdata,2026-05-11T12:53:12
TPL,2023-09-08,5.18,5.2,5.01,5.13,176000,psxdata,2026-05-11T12:53:12
TPL,2023-09-11,5.1,5.1,4.98,5.0,639500,psxdata,2026-05-11T12:53:12
TPL,2023-09-12,5.0,5.0,4.89,4.96,98000,psxdata,2026-05-11T12:53:12
TPL,2023-09-13,4.99,5.0,4.95,4.96,217000,psxdata,2026-05-11T12:53:12
TPL,2023-09-14,4.98,5.0,4.92,4.92,227000,psxdata,2026-05-11T12:53:12
TPL,2023-09-15,4.95,5.2,4.95,4.98,267500,psxdata,2026-05-11T12:53:12
TPL,2023-09-18,4.98,5.05,4.98,4.98,31500,psxdata,2026-05-11T12:53:12
TPL,2023-09-19,5.01,5.06,4.96,4.98,40500,psxdata,2026-05-11T12:53:12
TPL,2023-09-20,5.0,5.04,4.95,5.0,365500,psxdata,2026-05-11T12:53:12
TPL,2023-09-21,4.97,5.08,4.97,5.05,145000,psxdata,2026-05-11T12:53:12
TPL,2023-09-22,5.0,5.06,5.0,5.02,123500,psxdata,2026-05-11T12:53:12
TPL,2023-09-25,5.05,5.09,5.0,5.06,100000,psxdata,2026-05-11T12:53:12
TPL,2023-09-26,5.06,5.16,5.06,5.07,484000,psxdata,2026-05-11T12:53:12
TPL,2023-09-27,5.15,5.15,5.01,5.03,115000,psxdata,2026-05-11T12:53:12
TPL,2023-09-28,5.09,5.09,4.97,5.0,222500,psxdata,2026-05-11T12:53:12
TPL,2023-10-02,5.08,5.08,4.97,5.01,102000,psxdata,2026-05-11T12:53:12
TPL,2023-10-03,5.04,5.04,4.96,4.98,66500,psxdata,2026-05-11T12:53:12
TPL,2023-10-04,4.95,5.03,4.9,4.94,304000,psxdata,2026-05-11T12:53:12
TPL,2023-10-05,5.0,5.05,4.98,5.05,327500,psxdata,2026-05-11T12:53:12
TPL,2023-10-06,5.02,5.11,5.0,5.06,202000,psxdata,2026-05-11T12:53:12
TPL,2023-10-09,5.01,5.09,5.0,5.01,297000,psxdata,2026-05-11T12:53:12
TPL,2023-10-10,5.0,5.18,5.0,5.1,782500,psxdata,2026-05-11T12:53:12
TPL,2023-10-11,5.05,5.13,5.0,5.07,686500,psxdata,2026-05-11T12:53:12
TPL,2023-10-12,5.09,5.1,5.01,5.02,250500,psxdata,2026-05-11T12:53:12
TPL,2023-10-13,5.01,5.1,5.01,5.08,590000,psxdata,2026-05-11T12:53:12
TPL,2023-10-16,5.1,5.39,5.1,5.25,911500,psxdata,2026-05-11T12:53:12
TPL,2023-10-17,5.3,5.45,5.3,5.31,767000,psxdata,2026-05-11T12:53:12
TPL,2023-10-18,5.31,5.39,5.3,5.31,218000,psxdata,2026-05-11T12:53:12
TPL,2023-10-19,5.3,5.56,5.22,5.41,633500,psxdata,2026-05-11T12:53:12
TPL,2023-10-20,5.4,5.5,5.2,5.28,672500,psxdata,2026-05-11T12:53:12
TPL,2023-10-23,5.3,5.39,5.2,5.21,267000,psxdata,2026-05-11T12:53:12
TPL,2023-10-24,5.21,5.26,5.17,5.21,84000,psxdata,2026-05-11T12:53:12
TPL,2023-10-25,5.12,5.26,5.11,5.19,80500,psxdata,2026-05-11T12:53:12
TPL,2023-10-26,5.16,5.24,5.15,5.16,276500,psxdata,2026-05-11T12:53:12
TPL,2023-10-27,5.19,5.27,5.11,5.13,431000,psxdata,2026-05-11T12:53:12
TPL,2023-10-30,5.1,5.14,5.05,5.11,88500,psxdata,2026-05-11T12:53:12
TPL,2023-10-31,5.1,5.14,5.05,5.07,468000,psxdata,2026-05-11T12:53:12
TPL,2023-11-01,5.09,5.15,5.05,5.12,135000,psxdata,2026-05-11T12:53:12
TPL,2023-11-02,5.18,5.88,5.12,5.77,3482000,psxdata,2026-05-11T12:53:12
TPL,2023-11-03,5.84,5.99,5.6,5.68,1532000,psxdata,2026-05-11T12:53:12
TPL,2023-11-06,5.61,5.75,5.57,5.64,309000,psxdata,2026-05-11T12:53:12
TPL,2023-11-07,5.6,5.69,5.43,5.46,391500,psxdata,2026-05-11T12:53:12
TPL,2023-11-08,5.44,5.5,5.35,5.38,335500,psxdata,2026-05-11T12:53:12
TPL,2023-11-10,5.45,5.52,5.3,5.36,687500,psxdata,2026-05-11T12:53:12
TPL,2023-11-13,5.4,5.48,5.4,5.46,182000,psxdata,2026-05-11T12:53:12
TPL,2023-11-14,5.42,5.74,5.36,5.6,1205500,psxdata,2026-05-11T12:53:12
TPL,2023-11-15,5.75,5.82,5.61,5.7,1092500,psxdata,2026-05-11T12:53:12
TPL,2023-11-16,5.69,5.85,5.69,5.76,870500,psxdata,2026-05-11T12:53:12
TPL,2023-11-17,5.85,6.06,5.78,5.9,1402000,psxdata,2026-05-11T12:53:12
TPL,2023-11-20,5.99,6.49,5.8,6.25,3540000,psxdata,2026-05-11T12:53:12
TPL,2023-11-21,6.25,6.45,6.15,6.23,1690000,psxdata,2026-05-11T12:53:12
TPL,2023-11-22,6.24,6.45,6.18,6.28,1315000,psxdata,2026-05-11T12:53:12
TPL,2023-11-23,6.38,6.75,6.26,6.44,1763500,psxdata,2026-05-11T12:53:12
TPL,2023-11-24,6.5,6.9,6.4,6.64,2195000,psxdata,2026-05-11T12:53:12
TPL,2023-11-27,6.75,7.15,6.7,7.08,3090000,psxdata,2026-05-11T12:53:12
TPL,2023-11-28,7.24,7.24,6.82,6.86,1005500,psxdata,2026-05-11T12:53:12
TPL,2023-11-29,6.76,6.97,6.4,6.45,575500,psxdata,2026-05-11T12:53:12
TPL,2023-11-30,6.7,6.7,6.32,6.45,163500,psxdata,2026-05-11T12:53:12
TPL,2023-12-01,6.5,6.75,6.37,6.68,1684000,psxdata,2026-05-11T12:53:12
TPL,2023-12-04,6.6,6.7,6.52,6.61,322500,psxdata,2026-05-11T12:53:12
TPL,2023-12-05,6.69,6.8,6.56,6.6,342000,psxdata,2026-05-11T12:53:12
TPL,2023-12-06,6.82,6.84,6.7,6.78,826500,psxdata,2026-05-11T12:53:12
TPL,2023-12-07,6.74,7.45,6.74,7.33,4462000,psxdata,2026-05-11T12:53:12
TPL,2023-12-08,7.45,7.65,7.2,7.26,2266500,psxdata,2026-05-11T12:53:12
TPL,2023-12-11,7.35,7.53,7.23,7.45,1805500,psxdata,2026-05-11T12:53:12
TPL,2023-12-12,7.54,7.6,7.3,7.38,889000,psxdata,2026-05-11T12:53:12
TPL,2023-12-13,7.59,7.6,6.7,6.81,863500,psxdata,2026-05-11T12:53:12
TPL,2023-12-14,6.71,6.99,6.7,6.9,344500,psxdata,2026-05-11T12:53:12
TPL,2023-12-15,7.14,7.34,6.81,7.17,1262500,psxdata,2026-05-11T12:53:12
TPL,2023-12-18,7.3,7.35,7.01,7.12,894500,psxdata,2026-05-11T12:53:12
TPL,2023-12-19,7.1,7.1,6.3,6.4,768000,psxdata,2026-05-11T12:53:12
TPL,2023-12-20,6.4,6.4,5.77,6.0,576000,psxdata,2026-05-11T12:53:12
TPL,2023-12-21,6.0,6.78,6.0,6.31,251500,psxdata,2026-05-11T12:53:12
TPL,2023-12-22,6.49,6.7,6.15,6.28,229500,psxdata,2026-05-11T12:53:12
TPL,2023-12-26,6.01,6.41,5.92,5.97,377000,psxdata,2026-05-11T12:53:12
TPL,2023-12-27,6.0,6.25,6.0,6.16,283500,psxdata,2026-05-11T12:53:12
TPL,2023-12-28,6.4,6.7,6.1,6.53,603000,psxdata,2026-05-11T12:53:12
TPL,2023-12-29,6.5,6.85,6.43,6.54,625500,psxdata,2026-05-11T12:53:12
TPL,2024-01-01,6.64,6.7,6.52,6.62,222000,psxdata,2026-05-11T12:53:12
TPL,2024-01-02,6.56,6.67,6.34,6.43,328500,psxdata,2026-05-11T12:53:12
TPL,2024-01-03,6.32,6.45,6.14,6.21,169500,psxdata,2026-05-11T12:53:12
TPL,2024-01-04,6.25,6.25,6.1,6.15,178500,psxdata,2026-05-11T12:53:12
TPL,2024-01-05,6.33,6.39,6.1,6.15,231000,psxdata,2026-05-11T12:53:12
TPL,2024-01-08,6.3,6.3,6.16,6.18,13500,psxdata,2026-05-11T12:53:12
TPL,2024-01-09,6.11,6.4,6.1,6.28,297500,psxdata,2026-05-11T12:53:12
TPL,2024-01-10,6.3,6.42,6.14,6.16,118000,psxdata,2026-05-11T12:53:12
TPL,2024-01-11,6.11,6.29,6.11,6.16,66500,psxdata,2026-05-11T12:53:12
TPL,2024-01-12,6.2,6.22,6.1,6.12,472000,psxdata,2026-05-11T12:53:12
TPL,2024-01-15,6.14,6.21,5.8,5.84,338500,psxdata,2026-05-11T12:53:12
TPL,2024-01-16,5.85,6.05,5.71,5.88,331500,psxdata,2026-05-11T12:53:12
TPL,2024-01-17,5.76,5.9,5.73,5.81,156000,psxdata,2026-05-11T12:53:12
TPL,2024-01-18,5.92,5.92,5.7,5.72,139000,psxdata,2026-05-11T12:53:12
TPL,2024-01-19,5.76,5.89,5.73,5.74,117500,psxdata,2026-05-11T12:53:12
TPL,2024-01-22,5.64,5.7,5.64,5.65,20000,psxdata,2026-05-11T12:53:12
TPL,2024-01-23,5.7,5.74,5.56,5.64,151000,psxdata,2026-05-11T12:53:12
TPL,2024-01-24,5.62,5.88,5.62,5.65,139000,psxdata,2026-05-11T12:53:12
TPL,2024-01-25,5.65,5.94,5.6,5.61,56500,psxdata,2026-05-11T12:53:12
TPL,2024-01-26,5.65,5.65,4.8,5.41,717500,psxdata,2026-05-11T12:53:12
TPL,2024-01-29,5.23,5.35,5.2,5.3,295500,psxdata,2026-05-11T12:53:12
TPL,2024-01-30,5.31,5.36,5.3,5.35,131000,psxdata,2026-05-11T12:53:12
TPL,2024-01-31,5.35,5.4,5.25,5.37,239500,psxdata,2026-05-11T12:53:12
TPL,2024-02-01,5.27,5.61,5.12,5.5,195000,psxdata,2026-05-11T12:53:12
TPL,2024-02-02,5.5,5.9,5.5,5.7,31000,psxdata,2026-05-11T12:53:12
TPL,2024-02-06,5.43,6.29,5.42,6.05,370500,psxdata,2026-05-11T12:53:12
TPL,2024-02-07,6.03,6.2,6.0,6.03,507500,psxdata,2026-05-11T12:53:12
TPL,2024-02-09,5.93,5.98,5.7,5.75,150500,psxdata,2026-05-11T12:53:12
TPL,2024-02-12,5.75,5.75,5.41,5.45,258500,psxdata,2026-05-11T12:53:12
TPL,2024-02-13,5.21,6.0,5.21,5.54,129500,psxdata,2026-05-11T12:53:12
TPL,2024-02-14,5.79,5.99,5.67,5.75,53000,psxdata,2026-05-11T12:53:12
TPL,2024-02-15,5.67,5.89,5.4,5.51,362000,psxdata,2026-05-11T12:53:12
TPL,2024-02-16,5.45,5.5,5.4,5.45,153000,psxdata,2026-05-11T12:53:12
TPL,2024-02-19,5.35,5.59,5.1,5.4,348000,psxdata,2026-05-11T12:53:12
TPL,2024-02-20,5.4,5.45,5.38,5.45,577000,psxdata,2026-05-11T12:53:12
TPL,2024-02-21,5.49,5.55,5.45,5.5,81000,psxdata,2026-05-11T12:53:12
TPL,2024-02-22,5.59,5.64,5.48,5.49,53000,psxdata,2026-05-11T12:53:12
TPL,2024-02-23,5.64,5.64,5.54,5.55,22500,psxdata,2026-05-11T12:53:12
TPL,2024-02-26,5.7,5.7,5.32,5.65,567500,psxdata,2026-05-11T12:53:12
TPL,2024-02-27,5.72,5.72,5.5,5.58,85500,psxdata,2026-05-11T12:53:12
TPL,2024-02-28,5.5,5.75,5.5,5.6,126500,psxdata,2026-05-11T12:53:12
TPL,2024-02-29,5.56,5.65,5.52,5.55,241500,psxdata,2026-05-11T12:53:12
TPL,2024-03-01,5.83,5.83,5.37,5.46,18000,psxdata,2026-05-11T12:53:12
TPL,2024-03-04,5.69,5.69,5.42,5.55,48000,psxdata,2026-05-11T12:53:12
TPL,2024-03-05,5.55,5.68,5.43,5.45,176000,psxdata,2026-05-11T12:53:12
TPL,2024-03-06,5.5,5.66,5.44,5.51,126000,psxdata,2026-05-11T12:53:12
TPL,2024-03-07,5.51,5.6,5.42,5.59,164500,psxdata,2026-05-11T12:53:12
TPL,2024-03-08,5.64,5.64,5.42,5.44,127500,psxdata,2026-05-11T12:53:12
TPL,2024-03-11,5.68,5.69,5.46,5.61,270000,psxdata,2026-05-11T12:53:12
TPL,2024-03-12,5.64,5.66,5.39,5.39,257500,psxdata,2026-05-11T12:53:12
TPL,2024-03-13,5.41,5.45,5.38,5.39,67500,psxdata,2026-05-11T12:53:12
TPL,2024-03-14,5.27,5.67,5.27,5.51,53000,psxdata,2026-05-11T12:53:12
TPL,2024-03-15,5.59,5.59,5.45,5.46,69000,psxdata,2026-05-11T12:53:12
TPL,2024-03-18,5.52,5.52,5.3,5.4,23000,psxdata,2026-05-11T12:53:12
TPL,2024-03-19,5.65,5.65,5.4,5.41,40500,psxdata,2026-05-11T12:53:12
TPL,2024-03-20,5.45,5.45,5.3,5.35,329500,psxdata,2026-05-11T12:53:12
TPL,2024-03-21,5.59,5.6,5.4,5.44,147500,psxdata,2026-05-11T12:53:12
TPL,2024-03-22,5.42,5.55,5.35,5.36,37000,psxdata,2026-05-11T12:53:12
TPL,2024-03-25,5.33,5.54,5.33,5.39,55500,psxdata,2026-05-11T12:53:12
TPL,2024-03-26,5.5,5.5,5.34,5.35,59500,psxdata,2026-05-11T12:53:12
TPL,2024-03-27,5.4,5.44,5.3,5.3,102000,psxdata,2026-05-11T12:53:12
TPL,2024-03-28,5.5,5.67,5.4,5.62,842500,psxdata,2026-05-11T12:53:12
TPL,2024-03-29,5.52,5.6,5.4,5.44,190000,psxdata,2026-05-11T12:53:12
TPL,2024-04-01,5.44,5.44,5.26,5.32,111000,psxdata,2026-05-11T12:53:12
TPL,2024-04-02,5.66,5.66,5.33,5.38,74500,psxdata,2026-05-11T12:53:12
TPL,2024-04-03,5.57,5.57,5.31,5.33,105500,psxdata,2026-05-11T12:53:12
TPL,2024-04-04,5.39,5.48,5.21,5.36,55500,psxdata,2026-05-11T12:53:12
TPL,2024-04-08,5.4,5.6,5.3,5.38,135000,psxdata,2026-05-11T12:53:12
TPL,2024-04-09,5.41,5.58,5.41,5.41,68000,psxdata,2026-05-11T12:53:12
TPL,2024-04-15,5.52,5.52,5.31,5.44,74500,psxdata,2026-05-11T12:53:12
TPL,2024-04-16,5.4,5.59,5.36,5.47,279000,psxdata,2026-05-11T12:53:12
TPL,2024-04-17,5.4,5.59,5.4,5.45,372500,psxdata,2026-05-11T12:53:12
TPL,2024-04-18,5.59,5.75,5.43,5.45,485000,psxdata,2026-05-11T12:53:12
TPL,2024-04-19,5.4,5.45,5.35,5.38,133500,psxdata,2026-05-11T12:53:12
TPL,2024-04-22,5.55,5.8,5.36,5.66,855000,psxdata,2026-05-11T12:53:12
TPL,2024-04-23,5.65,5.74,5.5,5.53,173500,psxdata,2026-05-11T12:53:12
TPL,2024-04-24,5.58,5.64,5.45,5.48,290000,psxdata,2026-05-11T12:53:12
TPL,2024-04-25,5.44,5.55,5.4,5.5,502000,psxdata,2026-05-11T12:53:12
TPL,2024-04-26,5.4,5.5,5.38,5.4,166500,psxdata,2026-05-11T12:53:12
TPL,2024-04-29,5.49,5.5,5.35,5.36,138500,psxdata,2026-05-11T12:53:12
TPL,2024-04-30,5.36,5.36,5.25,5.25,218000,psxdata,2026-05-11T12:53:12
TPL,2024-05-02,5.27,5.38,5.11,5.38,44500,psxdata,2026-05-11T12:53:12
TPL,2024-05-03,5.25,5.39,5.25,5.29,143500,psxdata,2026-05-11T12:53:12
TPL,2024-05-06,5.2,5.34,5.12,5.24,109500,psxdata,2026-05-11T12:53:12
TPL,2024-05-07,5.24,5.4,5.23,5.26,100000,psxdata,2026-05-11T12:53:12
TPL,2024-05-08,5.22,5.45,5.22,5.39,1412000,psxdata,2026-05-11T12:53:12
TPL,2024-05-09,5.5,5.5,5.3,5.38,318000,psxdata,2026-05-11T12:53:12
TPL,2024-05-10,5.47,5.65,5.34,5.36,277000,psxdata,2026-05-11T12:53:12
TPL,2024-05-13,5.32,5.7,5.32,5.6,2493500,psxdata,2026-05-11T12:53:12
TPL,2024-05-14,5.7,5.95,5.7,5.79,5500500,psxdata,2026-05-11T12:53:12
TPL,2024-05-15,5.89,5.92,5.55,5.67,1240000,psxdata,2026-05-11T12:53:12
TPL,2024-05-16,5.75,5.88,5.58,5.6,691500,psxdata,2026-05-11T12:53:12
TPL,2024-05-17,5.65,5.72,5.5,5.52,217500,psxdata,2026-05-11T12:53:12
TPL,2024-05-20,5.5,5.65,5.44,5.58,650500,psxdata,2026-05-11T12:53:12
TPL,2024-05-21,5.58,5.62,5.45,5.47,673770,psxdata,2026-05-11T12:53:12
TPL,2024-05-22,5.5,5.83,5.49,5.54,1482598,psxdata,2026-05-11T12:53:12
TPL,2024-05-23,5.5,5.73,5.49,5.5,842872,psxdata,2026-05-11T12:53:12
TPL,2024-05-24,5.7,5.85,5.48,5.5,2505201,psxdata,2026-05-11T12:53:12
TPL,2024-05-27,5.62,5.68,5.41,5.47,1570797,psxdata,2026-05-11T12:53:12
TPL,2024-05-29,5.54,5.54,5.43,5.45,383650,psxdata,2026-05-11T12:53:12
TPL,2024-05-30,5.42,5.43,5.2,5.27,1087182,psxdata,2026-05-11T12:53:12
TPL,2024-05-31,5.41,5.41,5.26,5.31,65473,psxdata,2026-05-11T12:53:12
TPL,2024-06-03,5.4,5.4,5.32,5.37,28447,psxdata,2026-05-11T12:53:12
TPL,2024-06-04,5.35,5.35,5.23,5.29,185344,psxdata,2026-05-11T12:53:12
TPL,2024-06-05,5.24,5.34,5.21,5.24,99293,psxdata,2026-05-11T12:53:12
TPL,2024-06-06,5.25,5.32,5.17,5.27,286127,psxdata,2026-05-11T12:53:12
TPL,2024-06-07,5.35,5.35,5.15,5.28,136985,psxdata,2026-05-11T12:53:12
TPL,2024-06-10,5.35,5.35,4.92,5.18,139019,psxdata,2026-05-11T12:53:12
TPL,2024-06-11,5.33,5.33,5.17,5.19,24775,psxdata,2026-05-11T12:53:12
TPL,2024-06-12,5.29,5.29,5.1,5.18,297434,psxdata,2026-05-11T12:53:12
TPL,2024-06-13,5.28,5.42,5.2,5.22,975969,psxdata,2026-05-11T12:53:12
TPL,2024-06-14,5.39,5.39,5.17,5.18,266662,psxdata,2026-05-11T12:53:12
TPL,2024-06-20,5.33,5.33,5.1,5.17,199829,psxdata,2026-05-11T12:53:12
TPL,2024-06-21,5.27,5.27,5.03,5.04,384728,psxdata,2026-05-11T12:53:12
TPL,2024-06-24,5.19,5.19,4.9,4.97,290803,psxdata,2026-05-11T12:53:12
TPL,2024-06-25,5.15,5.15,4.9,4.95,244767,psxdata,2026-05-11T12:53:12
TPL,2024-06-26,5.0,5.0,4.74,4.78,633721,psxdata,2026-05-11T12:53:12
TPL,2024-06-27,4.92,4.92,4.7,4.72,331380,psxdata,2026-05-11T12:53:12
TPL,2024-06-28,4.84,4.84,4.55,4.69,403305,psxdata,2026-05-11T12:53:12
TPL,2024-07-01,4.75,4.79,4.71,4.75,175823,psxdata,2026-05-11T12:53:12
TPL,2024-07-02,4.79,4.81,4.71,4.8,244563,psxdata,2026-05-11T12:53:12
TPL,2024-07-03,4.84,4.89,4.73,4.78,155748,psxdata,2026-05-11T12:53:12
TPL,2024-07-04,4.78,4.94,4.73,4.85,298466,psxdata,2026-05-11T12:53:12
TPL,2024-07-05,4.9,4.9,4.8,4.81,147777,psxdata,2026-05-11T12:53:12
TPL,2024-07-08,4.99,4.99,4.69,4.75,163207,psxdata,2026-05-11T12:53:12
TPL,2024-07-09,4.88,4.88,4.67,4.69,941565,psxdata,2026-05-11T12:53:12
TPL,2024-07-10,4.78,4.78,4.67,4.7,252466,psxdata,2026-05-11T12:53:12
TPL,2024-07-11,4.67,4.72,4.61,4.62,293157,psxdata,2026-05-11T12:53:12
TPL,2024-07-12,4.64,4.64,4.55,4.62,124073,psxdata,2026-05-11T12:53:12
TPL,2024-07-15,4.56,4.63,4.45,4.48,1559163,psxdata,2026-05-11T12:53:12
TPL,2024-07-18,4.46,4.5,4.4,4.41,450844,psxdata,2026-05-11T12:53:12
TPL,2024-07-19,4.41,4.41,4.2,4.23,299972,psxdata,2026-05-11T12:53:12
TPL,2024-07-22,4.2,4.2,4.0,4.02,360465,psxdata,2026-05-11T12:53:12
TPL,2024-07-23,4.19,4.19,3.98,4.0,441446,psxdata,2026-05-11T12:53:12
TPL,2024-07-24,4.05,4.3,3.99,4.17,1586413,psxdata,2026-05-11T12:53:12
TPL,2024-07-25,4.2,4.2,4.04,4.05,273450,psxdata,2026-05-11T12:53:12
TPL,2024-07-26,4.1,4.1,3.95,3.97,231185,psxdata,2026-05-11T12:53:12
TPL,2024-07-29,3.96,4.01,3.85,3.87,477503,psxdata,2026-05-11T12:53:12
TPL,2024-07-30,3.91,3.91,3.85,3.89,248416,psxdata,2026-05-11T12:53:12
TPL,2024-07-31,3.9,4.64,3.83,4.17,6039961,psxdata,2026-05-11T12:53:12
TPL,2024-08-01,4.01,4.19,4.0,4.02,317307,psxdata,2026-05-11T12:53:12
TPL,2024-08-02,4.01,4.59,4.01,4.26,2615516,psxdata,2026-05-11T12:53:12
TPL,2024-08-05,4.2,4.54,4.15,4.42,1740091,psxdata,2026-05-11T12:53:12
TPL,2024-08-06,4.39,4.46,4.32,4.36,140425,psxdata,2026-05-11T12:53:12
TPL,2024-08-07,4.4,4.4,4.3,4.31,178094,psxdata,2026-05-11T12:53:12
TPL,2024-08-08,4.39,4.39,4.1,4.1,278089,psxdata,2026-05-11T12:53:12
TPL,2024-08-09,4.18,4.22,4.13,4.18,184497,psxdata,2026-05-11T12:53:12
TPL,2024-08-12,4.12,4.26,4.1,4.15,330669,psxdata,2026-05-11T12:53:12
TPL,2024-08-13,4.12,4.22,4.11,4.13,181432,psxdata,2026-05-11T12:53:12
TPL,2024-08-15,4.13,4.22,4.1,4.13,429439,psxdata,2026-05-11T12:53:12
TPL,2024-08-16,4.15,4.24,4.1,4.13,378371,psxdata,2026-05-11T12:53:12
TPL,2024-08-19,4.34,4.34,4.06,4.08,308681,psxdata,2026-05-11T12:53:12
TPL,2024-08-20,4.08,4.13,4.0,4.05,345522,psxdata,2026-05-11T12:53:12
TPL,2024-08-21,4.06,4.24,4.05,4.17,324258,psxdata,2026-05-11T12:53:12
TPL,2024-08-22,4.2,4.65,4.2,4.3,2214065,psxdata,2026-05-11T12:53:12
TPL,2024-08-23,4.39,4.46,4.25,4.32,541069,psxdata,2026-05-11T12:53:12
TPL,2024-08-26,4.63,4.63,4.3,4.33,125437,psxdata,2026-05-11T12:53:12
TPL,2024-08-27,4.45,4.45,4.19,4.21,207966,psxdata,2026-05-11T12:53:12
TPL,2024-08-28,4.19,4.37,4.19,4.2,258180,psxdata,2026-05-11T12:53:12
TPL,2024-08-29,4.28,5.2,4.25,4.84,4410293,psxdata,2026-05-11T12:53:12
TPL,2024-08-30,4.85,5.3,4.8,4.83,6014367,psxdata,2026-05-11T12:53:12
TPL,2024-09-02,4.97,4.97,4.5,4.54,645859,psxdata,2026-05-11T12:53:12
TPL,2024-09-03,4.51,4.65,4.4,4.49,330003,psxdata,2026-05-11T12:53:12
TPL,2024-09-04,4.59,5.26,4.58,4.85,5439035,psxdata,2026-05-11T12:53:12
TPL,2024-09-05,4.89,5.38,4.89,5.02,10935765,psxdata,2026-05-11T12:53:12
TPL,2024-09-06,5.2,5.38,4.87,4.96,5682646,psxdata,2026-05-11T12:53:12
TPL,2024-09-09,5.0,5.05,4.79,4.99,1371371,psxdata,2026-05-11T12:53:12
TPL,2024-09-10,5.08,5.15,4.85,5.01,2088336,psxdata,2026-05-11T12:53:12
TPL,2024-09-11,5.1,5.45,5.03,5.12,7410242,psxdata,2026-05-11T12:53:12
TPL,2024-09-12,5.3,6.12,5.3,6.12,29666743,psxdata,2026-05-11T12:53:12
TPL,2024-09-13,6.27,6.69,5.73,5.82,24930203,psxdata,2026-05-11T12:53:12
TPL,2024-09-16,5.9,6.25,5.5,5.64,4895397,psxdata,2026-05-11T12:53:12
TPL,2024-09-18,5.74,5.9,5.41,5.47,2221322,psxdata,2026-05-11T12:53:12
TPL,2024-09-19,5.47,5.57,5.07,5.11,2820423,psxdata,2026-05-11T12:53:12
TPL,2024-09-20,5.02,6.11,5.02,5.42,10400876,psxdata,2026-05-11T12:53:12
TPL,2024-09-23,5.51,5.93,5.27,5.36,4373723,psxdata,2026-05-11T12:53:12
TPL,2024-09-24,5.41,5.6,5.21,5.46,1450807,psxdata,2026-05-11T12:53:12
TPL,2024-09-25,5.3,5.54,5.2,5.23,2212093,psxdata,2026-05-11T12:53:12
TPL,2024-09-26,5.3,5.39,5.1,5.13,1055567,psxdata,2026-05-11T12:53:12
TPL,2024-09-27,5.2,5.38,4.85,4.98,1188774,psxdata,2026-05-11T12:53:12
TPL,2024-09-30,5.2,5.2,4.86,4.99,501989,psxdata,2026-05-11T12:53:12
TPL,2024-10-01,5.18,5.18,4.91,5.03,424309,psxdata,2026-05-11T12:53:12
TPL,2024-10-02,5.08,5.08,4.71,4.78,374838,psxdata,2026-05-11T12:53:12
TPL,2024-10-03,4.73,4.99,4.12,4.3,3650479,psxdata,2026-05-11T12:53:12
TPL,2024-10-04,4.37,4.37,4.15,4.22,863642,psxdata,2026-05-11T12:53:12
TPL,2024-10-07,4.35,4.35,4.21,4.23,628659,psxdata,2026-05-11T12:53:12
TPL,2024-10-08,4.32,4.39,4.2,4.23,546613,psxdata,2026-05-11T12:53:12
TPL,2024-10-09,4.13,4.64,4.13,4.42,1296602,psxdata,2026-05-11T12:53:12
TPL,2024-10-10,4.33,4.69,4.31,4.59,1008578,psxdata,2026-05-11T12:53:12
TPL,2024-10-11,4.68,4.68,4.28,4.31,646240,psxdata,2026-05-11T12:53:12
TPL,2024-10-14,4.25,4.59,4.21,4.24,570627,psxdata,2026-05-11T12:53:12
TPL,2024-10-15,4.35,4.35,4.2,4.24,1047190,psxdata,2026-05-11T12:53:12
TPL,2024-10-16,4.22,4.37,4.22,4.26,323070,psxdata,2026-05-11T12:53:12
TPL,2024-10-17,4.37,4.37,4.25,4.3,606038,psxdata,2026-05-11T12:53:12
TPL,2024-10-18,4.37,4.37,4.24,4.27,515289,psxdata,2026-05-11T12:53:12
TPL,2024-10-21,4.39,4.67,4.3,4.44,2981393,psxdata,2026-05-11T12:53:12
TPL,2024-10-22,4.5,4.54,4.36,4.38,778671,psxdata,2026-05-11T12:53:12
TPL,2024-10-23,4.33,4.51,4.33,4.43,748238,psxdata,2026-05-11T12:53:12
TPL,2024-10-24,4.52,4.74,4.4,4.51,2052712,psxdata,2026-05-11T12:53:12
TPL,2024-10-25,4.5,4.74,4.3,4.37,2392215,psxdata,2026-05-11T12:53:12
TPL,2024-10-28,4.5,4.58,4.27,4.3,541553,psxdata,2026-05-11T12:53:12
TPL,2024-10-29,4.3,4.36,4.25,4.26,871424,psxdata,2026-05-11T12:53:12
TPL,2024-10-30,4.26,4.28,4.18,4.2,711465,psxdata,2026-05-11T12:53:12
TPL,2024-10-31,4.21,4.25,4.1,4.22,844319,psxdata,2026-05-11T12:53:12
TPL,2024-11-01,4.2,4.3,4.17,4.25,302928,psxdata,2026-05-11T12:53:12
TPL,2024-11-04,4.24,4.24,4.12,4.17,458642,psxdata,2026-05-11T12:53:12
TPL,2024-11-05,4.2,4.64,4.2,4.31,3348118,psxdata,2026-05-11T12:53:12
TPL,2024-11-06,4.39,4.63,4.35,4.4,2953421,psxdata,2026-05-11T12:53:12
TPL,2024-11-07,4.43,4.6,4.43,4.5,1284625,psxdata,2026-05-11T12:53:12
TPL,2024-11-08,4.47,4.78,4.47,4.55,2082158,psxdata,2026-05-11T12:53:12
TPL,2024-11-11,4.65,4.7,4.54,4.55,613993,psxdata,2026-05-11T12:53:12
TPL,2024-11-12,4.59,4.7,4.48,4.53,1755927,psxdata,2026-05-11T12:53:12
TPL,2024-11-13,4.63,5.29,4.6,5.13,9008269,psxdata,2026-05-11T12:53:12
TPL,2024-11-14,5.22,5.45,5.01,5.35,10719801,psxdata,2026-05-11T12:53:12
TPL,2024-11-15,5.44,5.49,5.21,5.24,2366976,psxdata,2026-05-11T12:53:12
TPL,2024-11-18,5.12,5.3,4.9,5.02,1991025,psxdata,2026-05-11T12:53:12
TPL,2024-11-19,5.0,5.5,5.0,5.25,5751562,psxdata,2026-05-11T12:53:12
TPL,2024-11-20,5.39,5.39,5.01,5.07,2133191,psxdata,2026-05-11T12:53:12
TPL,2024-11-21,5.1,5.3,4.99,5.11,1914328,psxdata,2026-05-11T12:53:12
TPL,2024-11-22,5.15,5.22,4.96,5.01,1191729,psxdata,2026-05-11T12:53:12
TPL,2024-11-25,4.96,5.13,4.96,5.01,1097558,psxdata,2026-05-11T12:53:12
TPL,2024-11-26,5.01,5.04,4.85,4.85,2079259,psxdata,2026-05-11T12:53:12
TPL,2024-11-27,4.95,5.0,4.87,4.93,2033948,psxdata,2026-05-11T12:53:12
TPL,2024-11-28,4.99,5.33,4.97,5.25,3468846,psxdata,2026-05-11T12:53:12
TPL,2024-11-29,5.11,5.4,5.11,5.17,2551190,psxdata,2026-05-11T12:53:12
TPL,2024-12-02,5.14,5.55,5.14,5.49,6225452,psxdata,2026-05-11T12:53:12
TPL,2024-12-03,5.52,5.6,5.3,5.49,5418789,psxdata,2026-05-11T12:53:12
TPL,2024-12-04,5.52,5.93,5.5,5.83,7313785,psxdata,2026-05-11T12:53:12
TPL,2024-12-05,5.89,5.95,5.51,5.55,3300747,psxdata,2026-05-11T12:53:12
TPL,2024-12-06,5.57,5.85,5.49,5.7,4011961,psxdata,2026-05-11T12:53:12
TPL,2024-12-09,5.6,6.24,5.5,6.04,15238932,psxdata,2026-05-11T12:53:12
TPL,2024-12-10,6.18,6.21,5.53,5.67,2988033,psxdata,2026-05-11T12:53:12
TPL,2024-12-11,5.7,5.88,5.56,5.77,1011269,psxdata,2026-05-11T12:53:12
TPL,2024-12-12,5.9,6.07,5.8,5.92,2279900,psxdata,2026-05-11T12:53:12
TPL,2024-12-13,5.95,5.99,5.7,5.75,535357,psxdata,2026-05-11T12:53:12
TPL,2024-12-16,5.61,6.24,5.55,5.89,6783151,psxdata,2026-05-11T12:53:12
TPL,2024-12-17,6.0,6.19,5.65,6.02,4863047,psxdata,2026-05-11T12:53:12
TPL,2024-12-18,6.09,6.25,5.8,5.85,3380510,psxdata,2026-05-11T12:53:12
TPL,2024-12-19,5.71,5.95,5.5,5.52,2349259,psxdata,2026-05-11T12:53:12
TPL,2024-12-20,5.52,5.7,5.14,5.37,1022216,psxdata,2026-05-11T12:53:12
TPL,2024-12-23,5.37,5.96,5.37,5.78,1199108,psxdata,2026-05-11T12:53:12
TPL,2024-12-24,5.78,6.03,5.61,6.0,2849860,psxdata,2026-05-11T12:53:12
TPL,2024-12-26,6.09,6.21,5.76,5.83,1876899,psxdata,2026-05-11T12:53:12
TPL,2024-12-27,5.98,6.4,5.73,6.1,3290769,psxdata,2026-05-11T12:53:12
TPL,2024-12-30,6.2,6.9,6.1,6.76,16717246,psxdata,2026-05-11T12:53:12
TPL,2024-12-31,6.85,7.1,6.41,6.63,6136122,psxdata,2026-05-11T12:53:12
TPL,2025-01-01,6.68,6.9,6.5,6.59,1293979,psxdata,2026-05-11T12:53:12
TPL,2025-01-02,6.55,6.79,6.4,6.49,1782258,psxdata,2026-05-11T12:53:12
TPL,2025-01-03,6.75,6.75,6.15,6.26,2937664,psxdata,2026-05-11T12:53:12
TPL,2025-01-06,6.45,6.45,5.93,6.03,1502248,psxdata,2026-05-11T12:53:12
TPL,2025-01-07,6.05,6.05,5.9,6.01,1062908,psxdata,2026-05-11T12:53:12
TPL,2025-01-08,6.03,6.07,5.79,5.84,1036446,psxdata,2026-05-11T12:53:12
TPL,2025-01-09,5.84,5.84,5.62,5.67,816382,psxdata,2026-05-11T12:53:12
TPL,2025-01-10,5.67,5.69,5.53,5.62,609126,psxdata,2026-05-11T12:53:12
TPL,2025-01-13,5.7,6.04,5.55,5.74,2026916,psxdata,2026-05-11T12:53:12
TPL,2025-01-14,5.82,5.95,5.75,5.81,1458704,psxdata,2026-05-11T12:53:12
TPL,2025-01-15,5.89,5.89,5.7,5.74,1359047,psxdata,2026-05-11T12:53:12
TPL,2025-01-16,5.79,5.79,5.65,5.66,437141,psxdata,2026-05-11T12:53:12
TPL,2025-01-17,5.7,5.75,5.59,5.63,295490,psxdata,2026-05-11T12:53:12
TPL,2025-01-20,5.69,5.97,5.69,5.72,2916829,psxdata,2026-05-11T12:53:12
TPL,2025-01-21,5.79,5.79,5.59,5.62,894790,psxdata,2026-05-11T12:53:12
TPL,2025-01-22,5.63,5.73,5.56,5.57,606672,psxdata,2026-05-11T12:53:12
TPL,2025-01-23,5.64,5.64,5.55,5.6,91173,psxdata,2026-05-11T12:53:12
TPL,2025-01-24,5.9,5.9,5.71,5.78,1203790,psxdata,2026-05-11T12:53:12
TPL,2025-01-27,5.88,5.88,5.56,5.67,784576,psxdata,2026-05-11T12:53:12
TPL,2025-01-28,5.74,5.74,5.45,5.5,436473,psxdata,2026-05-11T12:53:12
TPL,2025-01-29,5.73,5.73,5.3,5.36,1088680,psxdata,2026-05-11T12:53:12
TPL,2025-01-30,5.49,5.63,5.35,5.6,731641,psxdata,2026-05-11T12:53:12
TPL,2025-01-31,5.23,5.64,5.23,5.45,1105691,psxdata,2026-05-11T12:53:12
TPL,2025-02-03,5.55,5.55,5.38,5.4,415527,psxdata,2026-05-11T12:53:12
TPL,2025-02-04,5.55,5.55,5.26,5.3,365411,psxdata,2026-05-11T12:53:12
TPL,2025-02-06,5.37,5.37,5.25,5.27,250398,psxdata,2026-05-11T12:53:12
TPL,2025-02-07,5.25,5.28,5.02,5.1,725737,psxdata,2026-05-11T12:53:12
TPL,2025-02-10,5.15,5.2,5.04,5.14,892297,psxdata,2026-05-11T12:53:12
TPL,2025-02-11,5.13,5.47,5.11,5.35,1156884,psxdata,2026-05-11T12:53:12
TPL,2025-02-12,5.46,5.46,5.21,5.24,622134,psxdata,2026-05-11T12:53:12
TPL,2025-02-13,5.29,5.41,5.21,5.27,788779,psxdata,2026-05-11T12:53:12
TPL,2025-02-14,5.32,5.36,5.1,5.12,665656,psxdata,2026-05-11T12:53:12
TPL,2025-02-17,5.1,5.26,5.05,5.11,781768,psxdata,2026-05-11T12:53:12
TPL,2025-02-18,5.19,5.36,5.08,5.29,862416,psxdata,2026-05-11T12:53:12
TPL,2025-02-19,5.25,5.29,5.14,5.18,888326,psxdata,2026-05-11T12:53:12
TPL,2025-02-20,5.23,5.4,5.19,5.32,3117615,psxdata,2026-05-11T12:53:12
TPL,2025-02-21,5.41,5.52,5.25,5.4,1448764,psxdata,2026-05-11T12:53:12
TPL,2025-02-24,5.4,5.57,5.35,5.5,406324,psxdata,2026-05-11T12:53:12
TPL,2025-02-25,5.52,5.62,5.46,5.52,628182,psxdata,2026-05-11T12:53:12
TPL,2025-02-26,5.6,5.7,5.3,5.37,607643,psxdata,2026-05-11T12:53:12
TPL,2025-02-27,5.48,5.65,5.31,5.4,660829,psxdata,2026-05-11T12:53:12
TPL,2025-02-28,5.31,5.38,5.27,5.29,547559,psxdata,2026-05-11T12:53:12
TPL,2025-03-03,5.21,5.28,5.2,5.2,222106,psxdata,2026-05-11T12:53:12
TPL,2025-03-04,5.12,5.28,5.12,5.2,68988,psxdata,2026-05-11T12:53:12
TPL,2025-03-05,5.25,5.25,5.17,5.17,58834,psxdata,2026-05-11T12:53:12
TPL,2025-03-06,5.11,5.25,5.11,5.24,157344,psxdata,2026-05-11T12:53:12
TPL,2025-03-07,5.29,5.29,5.2,5.23,16446,psxdata,2026-05-11T12:53:12
TPL,2025-03-10,5.25,5.3,5.2,5.23,217146,psxdata,2026-05-11T12:53:12
TPL,2025-03-11,5.24,5.24,5.11,5.13,241119,psxdata,2026-05-11T12:53:12
TPL,2025-03-12,5.14,5.16,5.11,5.14,89386,psxdata,2026-05-11T12:53:12
TPL,2025-03-13,5.1,5.22,5.1,5.21,2440121,psxdata,2026-05-11T12:53:12
TPL,2025-03-14,5.24,5.29,5.19,5.2,167870,psxdata,2026-05-11T12:53:12
TPL,2025-03-17,5.23,5.23,5.18,5.19,148914,psxdata,2026-05-11T12:53:12
TPL,2025-03-18,5.2,5.24,5.15,5.18,120857,psxdata,2026-05-11T12:53:12
TPL,2025-03-19,5.28,5.39,5.16,5.28,2861489,psxdata,2026-05-11T12:53:12
TPL,2025-03-20,5.33,5.37,5.25,5.26,410578,psxdata,2026-05-11T12:53:12
TPL,2025-03-21,5.2,5.45,5.2,5.3,941930,psxdata,2026-05-11T12:53:12
TPL,2025-03-24,5.32,5.37,5.24,5.26,263814,psxdata,2026-05-11T12:53:12
TPL,2025-03-25,5.23,5.29,5.19,5.2,194833,psxdata,2026-05-11T12:53:12
TPL,2025-03-26,5.2,5.24,5.19,5.19,119734,psxdata,2026-05-11T12:53:12
TPL,2025-03-27,5.24,5.24,5.16,5.2,127390,psxdata,2026-05-11T12:53:12
TPL,2025-04-03,5.2,5.28,5.2,5.23,402954,psxdata,2026-05-11T12:53:12
TPL,2025-04-04,5.26,5.27,5.15,5.17,200437,psxdata,2026-05-11T12:53:12
TPL,2025-04-07,5.19,6.17,4.4,4.76,1635918,psxdata,2026-05-11T12:53:12
TPL,2025-04-08,4.87,4.94,4.83,4.86,235537,psxdata,2026-05-11T12:53:12
TPL,2025-04-09,4.8,4.94,4.76,4.84,270018,psxdata,2026-05-11T12:53:12
TPL,2025-04-10,4.94,4.96,4.86,4.95,392170,psxdata,2026-05-11T12:53:12
TPL,2025-04-11,4.99,4.99,4.87,4.95,52062,psxdata,2026-05-11T12:53:12
TPL,2025-04-14,4.99,4.99,4.8,4.84,436557,psxdata,2026-05-11T12:53:12
TPL,2025-04-15,4.94,4.94,4.7,4.83,501209,psxdata,2026-05-11T12:53:12
TPL,2025-04-16,4.83,4.92,4.8,4.8,693763,psxdata,2026-05-11T12:53:12
TPL,2025-04-17,4.8,4.84,4.73,4.77,206978,psxdata,2026-05-11T12:53:12
TPL,2025-04-18,4.77,4.8,4.71,4.74,229377,psxdata,2026-05-11T12:53:12
TPL,2025-04-21,4.88,4.88,4.71,4.75,333953,psxdata,2026-05-11T12:53:12
TPL,2025-04-22,4.79,4.9,4.71,4.82,471113,psxdata,2026-05-11T12:53:12
TPL,2025-04-23,4.82,4.88,4.8,4.87,159382,psxdata,2026-05-11T12:53:12
TPL,2025-04-24,4.7,4.9,4.68,4.69,230423,psxdata,2026-05-11T12:53:12
TPL,2025-04-25,4.84,4.84,4.4,4.53,703284,psxdata,2026-05-11T12:53:12
TPL,2025-04-28,4.51,4.63,4.41,4.44,525061,psxdata,2026-05-11T12:53:12
TPL,2025-04-29,4.42,4.45,4.32,4.41,239498,psxdata,2026-05-11T12:53:12
TPL,2025-04-30,4.33,4.49,4.19,4.21,380607,psxdata,2026-05-11T12:53:12
TPL,2025-05-02,4.31,4.39,4.22,4.26,256231,psxdata,2026-05-11T12:53:12
TPL,2025-05-05,4.48,4.48,4.36,4.39,172873,psxdata,2026-05-11T12:53:12
TPL,2025-05-06,4.47,4.47,4.4,4.41,281963,psxdata,2026-05-11T12:53:12
TPL,2025-05-07,4.03,4.31,4.03,4.18,241820,psxdata,2026-05-11T12:53:12
TPL,2025-05-08,4.38,4.38,3.25,3.75,641154,psxdata,2026-05-11T12:53:12
TPL,2025-05-09,3.51,3.95,3.51,3.81,305864,psxdata,2026-05-11T12:53:12
TPL,2025-05-12,4.49,4.56,4.03,4.49,2159329,psxdata,2026-05-11T12:53:12
TPL,2025-05-13,4.54,4.54,4.25,4.36,997351,psxdata,2026-05-11T12:53:12
TPL,2025-05-14,4.49,4.49,4.27,4.35,461120,psxdata,2026-05-11T12:53:12
TPL,2025-05-15,4.4,4.5,4.33,4.48,2989284,psxdata,2026-05-11T12:53:12
TPL,2025-05-16,4.49,4.7,4.45,4.54,777899,psxdata,2026-05-11T12:53:12
TPL,2025-05-19,4.69,4.69,4.35,4.52,792248,psxdata,2026-05-11T12:53:12
TPL,2025-05-20,4.59,4.59,4.45,4.55,170183,psxdata,2026-05-11T12:53:12
TPL,2025-05-21,4.58,4.85,4.45,4.69,1069536,psxdata,2026-05-11T12:53:12
TPL,2025-05-22,4.78,4.78,4.6,4.61,333427,psxdata,2026-05-11T12:53:12
TPL,2025-05-23,4.61,4.68,4.55,4.6,201251,psxdata,2026-05-11T12:53:12
TPL,2025-05-26,4.68,4.83,4.65,4.72,624587,psxdata,2026-05-11T12:53:12
TPL,2025-05-27,4.72,4.76,4.6,4.64,138039,psxdata,2026-05-11T12:53:12
TPL,2025-05-29,4.79,4.79,4.6,4.73,348163,psxdata,2026-05-11T12:53:12
TPL,2025-05-30,4.73,5.45,4.65,5.14,6569487,psxdata,2026-05-11T12:53:12
TPL,2025-06-02,5.35,5.44,5.08,5.14,3996418,psxdata,2026-05-11T12:53:12
TPL,2025-06-03,5.15,5.27,5.1,5.14,716325,psxdata,2026-05-11T12:53:12
TPL,2025-06-04,5.1,5.28,5.03,5.08,937612,psxdata,2026-05-11T12:53:12
TPL,2025-06-05,5.12,5.19,5.0,5.08,811997,psxdata,2026-05-11T12:53:12
TPL,2025-06-10,5.24,5.24,5.05,5.12,305152,psxdata,2026-05-11T12:53:12
TPL,2025-06-11,5.15,5.24,5.13,5.21,1287113,psxdata,2026-05-11T12:53:12
TPL,2025-06-12,5.23,5.26,5.06,5.09,697688,psxdata,2026-05-11T12:53:12
TPL,2025-06-13,5.02,5.09,4.86,4.99,1182960,psxdata,2026-05-11T12:53:12
TPL,2025-06-16,5.0,5.27,5.0,5.2,1547018,psxdata,2026-05-11T12:53:12
TPL,2025-06-17,5.28,5.35,5.15,5.17,1232896,psxdata,2026-05-11T12:53:12
TPL,2025-06-18,5.25,5.58,5.2,5.35,4366941,psxdata,2026-05-11T12:53:12
TPL,2025-06-19,5.29,5.45,5.1,5.14,1312357,psxdata,2026-05-11T12:53:12
TPL,2025-06-20,5.05,5.44,5.05,5.3,1796437,psxdata,2026-05-11T12:53:12
TPL,2025-06-23,5.25,5.66,5.05,5.21,6253620,psxdata,2026-05-11T12:53:12
TPL,2025-06-24,5.5,5.69,5.42,5.53,2841878,psxdata,2026-05-11T12:53:12
TPL,2025-06-25,5.65,5.74,5.53,5.58,1629833,psxdata,2026-05-11T12:53:12
TPL,2025-06-26,5.44,5.94,5.44,5.58,5152270,psxdata,2026-05-11T12:53:12
TPL,2025-06-27,5.79,5.79,5.55,5.65,1354292,psxdata,2026-05-11T12:53:12
TPL,2025-06-30,5.76,6.07,5.75,5.88,6186499,psxdata,2026-05-11T12:53:12
TPL,2025-07-01,5.9,5.95,5.61,5.66,2205846,psxdata,2026-05-11T12:53:12
TPL,2025-07-02,5.75,5.79,5.56,5.58,566335,psxdata,2026-05-11T12:53:12
TPL,2025-07-03,5.71,5.71,5.5,5.55,1469167,psxdata,2026-05-11T12:53:12
TPL,2025-07-04,5.6,5.68,5.52,5.54,1245422,psxdata,2026-05-11T12:53:12
TPL,2025-07-07,5.6,5.6,5.44,5.5,1432132,psxdata,2026-05-11T12:53:12
TPL,2025-07-08,5.5,6.5,5.37,6.2,28056933,psxdata,2026-05-11T12:53:12
TPL,2025-07-09,6.19,6.25,5.9,5.98,5028006,psxdata,2026-05-11T12:53:12
TPL,2025-07-10,5.98,6.0,5.65,5.68,2823778,psxdata,2026-05-11T12:53:12
TPL,2025-07-11,5.79,6.0,5.68,5.95,2267904,psxdata,2026-05-11T12:53:12
TPL,2025-07-14,5.95,6.12,5.9,5.95,2461733,psxdata,2026-05-11T12:53:12
TPL,2025-07-15,6.01,6.01,5.51,5.54,1475002,psxdata,2026-05-11T12:53:12
TPL,2025-07-16,5.6,5.77,5.6,5.66,792758,psxdata,2026-05-11T12:53:12
TPL,2025-07-17,5.84,5.84,5.69,5.7,413978,psxdata,2026-05-11T12:53:12
TPL,2025-07-18,5.75,5.79,5.61,5.66,312354,psxdata,2026-05-11T12:53:12
TPL,2025-07-21,5.51,5.74,5.51,5.64,457913,psxdata,2026-05-11T12:53:12
TPL,2025-07-22,5.69,5.7,5.57,5.64,402693,psxdata,2026-05-11T12:53:12
TPL,2025-07-23,5.69,5.79,5.6,5.61,461574,psxdata,2026-05-11T12:53:12
TPL,2025-07-24,5.73,5.73,5.47,5.49,696994,psxdata,2026-05-11T12:53:12
TPL,2025-07-25,5.45,5.59,5.36,5.46,205135,psxdata,2026-05-11T12:53:12
TPL,2025-07-28,5.59,5.6,5.42,5.5,281787,psxdata,2026-05-11T12:53:12
TPL,2025-07-29,5.42,5.57,5.4,5.44,322973,psxdata,2026-05-11T12:53:12
TPL,2025-07-30,5.45,5.54,5.4,5.41,94402,psxdata,2026-05-11T12:53:12
TPL,2025-07-31,5.54,5.83,5.33,5.53,1160260,psxdata,2026-05-11T12:53:12
TPL,2025-08-01,5.59,5.77,5.59,5.64,430503,psxdata,2026-05-11T12:53:12
TPL,2025-08-04,5.64,5.99,5.54,5.72,1340726,psxdata,2026-05-11T12:53:12
TPL,2025-08-05,5.88,5.88,5.51,5.57,438713,psxdata,2026-05-11T12:53:12
TPL,2025-08-06,5.74,5.74,5.51,5.55,263787,psxdata,2026-05-11T12:53:12
TPL,2025-08-07,5.55,5.64,5.01,5.47,756036,psxdata,2026-05-11T12:53:12
TPL,2025-08-08,5.35,5.62,5.35,5.42,195412,psxdata,2026-05-11T12:53:12
TPL,2025-08-11,5.58,5.6,5.46,5.5,543325,psxdata,2026-05-11T12:53:12
TPL,2025-08-12,5.45,5.59,5.45,5.53,572870,psxdata,2026-05-11T12:53:12
TPL,2025-08-13,5.5,5.8,5.5,5.55,793726,psxdata,2026-05-11T12:53:12
TPL,2025-08-15,5.69,5.69,5.49,5.51,231605,psxdata,2026-05-11T12:53:12
TPL,2025-08-18,5.65,5.65,5.4,5.45,624268,psxdata,2026-05-11T12:53:12
TPL,2025-08-19,5.65,5.67,5.4,5.46,1467502,psxdata,2026-05-11T12:53:12
TPL,2025-08-20,5.51,5.59,5.5,5.55,635349,psxdata,2026-05-11T12:53:12
TPL,2025-08-21,5.6,5.8,5.53,5.7,2630706,psxdata,2026-05-11T12:53:12
TPL,2025-08-22,5.74,6.11,5.74,5.79,5686932,psxdata,2026-05-11T12:53:12
TPL,2025-08-25,5.79,5.79,5.61,5.64,1083723,psxdata,2026-05-11T12:53:12
TPL,2025-08-26,5.64,6.64,5.6,6.64,13288537,psxdata,2026-05-11T12:53:12
TPL,2025-08-27,7.64,7.64,7.64,7.64,3287433,psxdata,2026-05-11T12:53:12
TPL,2025-08-28,8.64,8.64,8.64,8.64,4793415,psxdata,2026-05-11T12:53:12
TPL,2025-08-29,9.64,9.64,8.8,9.64,32142495,psxdata,2026-05-11T12:53:12
TPL,2025-09-01,10.01,10.63,8.64,8.8,12371043,psxdata,2026-05-11T12:53:12
TPL,2025-09-02,9.0,9.8,9.0,9.8,4687312,psxdata,2026-05-11T12:53:12
TPL,2025-09-03,10.39,10.8,9.26,10.5,18532609,psxdata,2026-05-11T12:53:12
TPL,2025-09-04,10.84,11.55,10.35,10.79,24486946,psxdata,2026-05-11T12:53:12
TPL,2025-09-05,10.9,11.0,10.1,10.44,11011368,psxdata,2026-05-11T12:53:12
TPL,2025-09-08,10.6,11.48,10.25,10.49,21030736,psxdata,2026-05-11T12:53:12
TPL,2025-09-09,10.51,10.75,9.44,9.85,8793199,psxdata,2026-05-11T12:53:12
TPL,2025-09-10,9.75,10.5,9.75,10.0,15324456,psxdata,2026-05-11T12:53:12
TPL,2025-09-11,10.1,10.26,9.0,9.43,8108190,psxdata,2026-05-11T12:53:12
TPL,2025-09-12,9.2,9.56,8.65,8.87,9743494,psxdata,2026-05-11T12:53:12
TPL,2025-09-15,8.87,9.19,8.4,8.62,3487155,psxdata,2026-05-11T12:53:12
TPL,2025-09-16,8.7,9.15,8.6,8.76,6766154,psxdata,2026-05-11T12:53:12
TPL,2025-09-17,9.0,9.17,8.79,8.87,2868094,psxdata,2026-05-11T12:53:12
TPL,2025-09-18,8.82,9.44,8.8,9.32,6729135,psxdata,2026-05-11T12:53:12
TPL,2025-09-19,9.53,9.53,8.8,9.07,2638610,psxdata,2026-05-11T12:53:12
TPL,2025-09-22,9.1,9.15,8.81,8.97,1131849,psxdata,2026-05-11T12:53:12
TPL,2025-09-23,9.1,9.2,8.82,8.9,667691,psxdata,2026-05-11T12:53:12
TPL,2025-09-24,9.0,9.0,8.71,8.77,1458482,psxdata,2026-05-11T12:53:12
TPL,2025-09-25,8.85,8.98,8.61,8.72,775342,psxdata,2026-05-11T12:53:12
TPL,2025-09-26,8.89,8.89,8.51,8.57,800890,psxdata,2026-05-11T12:53:12
TPL,2025-09-29,8.56,8.82,8.4,8.63,1097446,psxdata,2026-05-11T12:53:12
TPL,2025-09-30,8.79,8.8,8.55,8.6,579747,psxdata,2026-05-11T12:53:12
TPL,2025-10-01,8.6,8.61,8.15,8.41,930472,psxdata,2026-05-11T12:53:12
TPL,2025-10-02,8.35,8.49,8.2,8.24,614226,psxdata,2026-05-11T12:53:12
TPL,2025-10-03,8.32,8.85,8.22,8.57,3751355,psxdata,2026-05-11T12:53:12
TPL,2025-10-06,8.71,8.75,8.3,8.5,1169241,psxdata,2026-05-11T12:53:12
TPL,2025-10-07,8.5,8.54,8.3,8.4,952162,psxdata,2026-05-11T12:53:12
TPL,2025-10-08,8.5,8.68,8.32,8.34,680391,psxdata,2026-05-11T12:53:12
TPL,2025-10-09,8.34,8.95,8.25,8.33,11029227,psxdata,2026-05-11T12:53:12
TPL,2025-10-10,8.39,8.74,8.25,8.35,3164070,psxdata,2026-05-11T12:53:12
TPL,2025-10-13,8.25,8.43,7.75,7.81,3432887,psxdata,2026-05-11T12:53:12
TPL,2025-10-14,7.9,8.4,7.9,8.22,2510017,psxdata,2026-05-11T12:53:12
TPL,2025-10-15,8.22,8.37,8.1,8.15,895301,psxdata,2026-05-11T12:53:12
TPL,2025-10-16,8.25,8.4,7.95,8.05,2406992,psxdata,2026-05-11T12:53:12
TPL,2025-10-17,8.05,8.19,7.86,7.93,1118353,psxdata,2026-05-11T12:53:12
TPL,2025-10-20,8.0,8.0,7.8,7.84,637627,psxdata,2026-05-11T12:53:12
TPL,2025-10-21,7.98,8.25,7.7,8.17,3788001,psxdata,2026-05-11T12:53:12
TPL,2025-10-22,8.17,8.17,7.98,8.06,1219129,psxdata,2026-05-11T12:53:12
TPL,2025-10-23,8.1,8.25,8.0,8.17,949287,psxdata,2026-05-11T12:53:12
TPL,2025-10-24,8.15,8.15,7.81,7.85,432122,psxdata,2026-05-11T12:53:12
TPL,2025-10-27,7.8,7.88,7.6,7.62,579091,psxdata,2026-05-11T12:53:12
TPL,2025-10-28,7.62,7.74,7.31,7.36,463354,psxdata,2026-05-11T12:53:12
TPL,2025-10-29,7.36,7.39,7.02,7.05,738475,psxdata,2026-05-11T12:53:12
TPL,2025-10-30,7.19,7.19,6.85,6.99,400172,psxdata,2026-05-11T12:53:12
TPL,2025-10-31,6.99,7.34,6.62,6.81,526625,psxdata,2026-05-11T12:53:12
TPL,2025-11-03,7.09,7.6,7.0,7.39,2560636,psxdata,2026-05-11T12:53:12
TPL,2025-11-04,7.55,8.39,7.51,8.39,8766634,psxdata,2026-05-11T12:53:12
TPL,2025-11-05,8.59,8.68,7.39,7.39,11207009,psxdata,2026-05-11T12:53:12
TPL,2025-11-06,7.55,7.63,7.11,7.29,4335791,psxdata,2026-05-11T12:53:12
TPL,2025-11-07,7.28,7.47,7.11,7.21,1041998,psxdata,2026-05-11T12:53:12
TPL,2025-11-10,7.26,7.44,7.08,7.15,1744260,psxdata,2026-05-11T12:53:12
TPL,2025-11-11,7.15,7.15,6.79,6.81,2362668,psxdata,2026-05-11T12:53:12
TPL,2025-11-12,6.84,6.94,6.67,6.7,939975,psxdata,2026-05-11T12:53:12
TPL,2025-11-13,6.79,7.1,6.65,7.05,1537866,psxdata,2026-05-11T12:53:12
TPL,2025-11-14,7.06,8.05,7.06,8.05,11181971,psxdata,2026-05-11T12:53:12
TPL,2025-11-17,8.7,8.7,8.02,8.09,12179669,psxdata,2026-05-11T12:53:12
TPL,2025-11-18,8.11,8.11,7.71,7.8,1595918,psxdata,2026-05-11T12:53:12
TPL,2025-11-19,7.87,7.87,7.5,7.71,1567681,psxdata,2026-05-11T12:53:12
TPL,2025-11-20,7.85,8.25,7.61,7.7,5335235,psxdata,2026-05-11T12:53:12
TPL,2025-11-21,7.85,8.11,7.55,7.62,8173098,psxdata,2026-05-11T12:53:12
TPL,2025-11-24,7.7,7.7,7.3,7.35,1363268,psxdata,2026-05-11T12:53:12
TPL,2025-11-25,7.35,7.49,7.19,7.23,1599849,psxdata,2026-05-11T12:53:12
TPL,2025-11-26,7.29,7.29,6.83,6.96,1416423,psxdata,2026-05-11T12:53:12
TPL,2025-11-27,7.09,7.09,6.84,7.04,332975,psxdata,2026-05-11T12:53:12
TPL,2025-11-28,7.09,7.09,6.94,6.97,620455,psxdata,2026-05-11T12:53:12
TPL,2025-12-01,7.03,7.19,6.85,7.1,1049292,psxdata,2026-05-11T12:53:12
TPL,2025-12-02,7.3,7.3,7.0,7.03,502573,psxdata,2026-05-11T12:53:12
TPL,2025-12-03,7.1,7.15,6.8,6.91,956371,psxdata,2026-05-11T12:53:12
TPL,2025-12-04,7.0,7.1,6.8,7.02,861592,psxdata,2026-05-11T12:53:12
TPL,2025-12-05,7.0,7.0,6.48,6.79,2156687,psxdata,2026-05-11T12:53:12
TPL,2025-12-08,6.79,7.79,6.79,7.79,5475637,psxdata,2026-05-11T12:53:12
TPL,2025-12-09,8.26,8.79,8.26,8.79,13708180,psxdata,2026-05-11T12:53:12
TPL,2025-12-10,9.79,9.79,9.79,9.79,5193365,psxdata,2026-05-11T12:53:12
TPL,2025-12-11,10.79,10.79,9.8,10.79,48535843,psxdata,2026-05-11T12:53:12
TPL,2025-12-12,11.87,11.87,11.05,11.87,24787314,psxdata,2026-05-11T12:53:12
TPL,2025-12-15,13.06,13.06,13.06,13.06,3906649,psxdata,2026-05-11T12:53:12
TPL,2025-12-16,14.37,14.37,11.75,11.75,52712664,psxdata,2026-05-11T12:53:12
TPL,2025-12-17,10.82,12.3,10.59,12.02,53150686,psxdata,2026-05-11T12:53:12
TPL,2025-12-18,12.02,12.24,11.4,11.61,13322982,psxdata,2026-05-11T12:53:12
TPL,2025-12-19,11.9,12.1,11.35,11.65,17059304,psxdata,2026-05-11T12:53:12
TPL,2025-12-22,11.64,11.65,10.49,10.62,15172788,psxdata,2026-05-11T12:53:12
TPL,2025-12-23,10.3,10.3,9.56,9.56,25743785,psxdata,2026-05-11T12:53:12
TPL,2025-12-24,9.35,9.94,8.8,8.98,21068793,psxdata,2026-05-11T12:53:12
TPL,2025-12-26,9.2,9.84,8.86,9.38,16899902,psxdata,2026-05-11T12:53:12
TPL,2025-12-29,9.58,9.58,8.8,8.86,4420019,psxdata,2026-05-11T12:53:12
TPL,2025-12-30,8.89,9.79,8.89,9.43,11756440,psxdata,2026-05-11T12:53:12
TPL,2025-12-31,9.5,10.35,9.24,10.17,17252900,psxdata,2026-05-11T12:53:12
TPL,2026-01-01,10.3,10.56,10.07,10.3,18106186,psxdata,2026-05-11T12:53:12
TPL,2026-01-02,10.35,10.89,10.15,10.21,16012028,psxdata,2026-05-11T12:53:12
TPL,2026-01-05,10.27,10.52,9.81,10.05,11495786,psxdata,2026-05-11T12:53:12
TPL,2026-01-06,10.0,11.06,10.0,11.06,22070349,psxdata,2026-05-11T12:53:12
TPL,2026-01-07,11.31,11.31,10.45,10.53,17335841,psxdata,2026-05-11T12:53:12
TPL,2026-01-08,10.53,11.17,10.35,10.52,13714236,psxdata,2026-05-11T12:53:12
TPL,2026-01-09,10.52,10.8,10.35,10.6,5048228,psxdata,2026-05-11T12:53:12
TPL,2026-01-12,10.65,10.72,10.3,10.33,4258559,psxdata,2026-05-11T12:53:12
TPL,2026-01-13,10.36,10.37,9.96,10.09,8185055,psxdata,2026-05-11T12:53:12
TPL,2026-01-14,10.15,10.19,9.08,9.11,22167964,psxdata,2026-05-11T12:53:12
TPL,2026-01-15,9.26,9.44,9.01,9.14,5706353,psxdata,2026-05-11T12:53:12
TPL,2026-01-16,9.21,9.74,9.21,9.38,5670730,psxdata,2026-05-11T12:53:12
TPL,2026-01-19,9.4,9.95,9.03,9.72,6864511,psxdata,2026-05-11T12:53:12
TPL,2026-01-20,9.8,10.08,9.6,9.72,5053716,psxdata,2026-05-11T12:53:12
TPL,2026-01-21,10.09,10.19,9.75,9.8,5275331,psxdata,2026-05-11T12:53:12
TPL,2026-01-22,9.62,10.1,9.62,9.92,3962504,psxdata,2026-05-11T12:53:12
TPL,2026-01-23,9.95,10.05,9.5,9.58,2659419,psxdata,2026-05-11T12:53:12
TPL,2026-01-26,9.5,9.86,9.39,9.76,993180,psxdata,2026-05-11T12:53:12
TPL,2026-01-27,9.63,9.68,9.4,9.42,991892,psxdata,2026-05-11T12:53:12
TPL,2026-01-28,9.52,9.6,9.32,9.42,1031420,psxdata,2026-05-11T12:53:12
TPL,2026-01-29,9.4,9.8,9.0,9.29,3459144,psxdata,2026-05-11T12:53:12
TPL,2026-01-30,9.5,9.7,9.25,9.31,1168395,psxdata,2026-05-11T12:53:12
TPL,2026-02-02,9.35,9.44,9.2,9.23,534530,psxdata,2026-05-11T12:53:12
TPL,2026-02-03,9.4,9.46,9.2,9.29,869625,psxdata,2026-05-11T12:53:12
TPL,2026-02-04,9.4,10.14,9.25,9.85,9550887,psxdata,2026-05-11T12:53:12
TPL,2026-02-06,9.84,10.35,9.76,9.95,5328339,psxdata,2026-05-11T12:53:12
TPL,2026-02-09,10.0,10.44,9.91,10.16,5871745,psxdata,2026-05-11T12:53:12
TPL,2026-02-10,10.15,10.4,9.91,9.98,3800861,psxdata,2026-05-11T12:53:12
TPL,2026-02-11,10.0,10.15,9.59,9.89,4729241,psxdata,2026-05-11T12:53:12
TPL,2026-02-12,10.2,10.29,9.5,9.69,8026568,psxdata,2026-05-11T12:53:12
TPL,2026-02-13,9.9,10.06,9.61,10.01,4771307,psxdata,2026-05-11T12:53:12
TPL,2026-02-16,10.09,10.09,9.35,9.44,2176632,psxdata,2026-05-11T12:53:12
TPL,2026-02-17,9.5,10.16,9.23,9.43,3274057,psxdata,2026-05-11T12:53:12
TPL,2026-02-18,9.59,9.64,9.42,9.5,824556,psxdata,2026-05-11T12:53:12
TPL,2026-02-19,9.62,9.62,8.7,8.97,1039333,psxdata,2026-05-11T12:53:12
TPL,2026-02-20,8.97,8.97,8.15,8.52,1785776,psxdata,2026-05-11T12:53:12
TPL,2026-02-23,8.5,8.75,7.9,7.96,1058337,psxdata,2026-05-11T12:53:12
TPL,2026-02-24,7.95,8.35,7.05,8.15,1187974,psxdata,2026-05-11T12:53:12
TPL,2026-02-25,8.28,8.45,7.9,7.96,587585,psxdata,2026-05-11T12:53:12
TPL,2026-02-26,8.1,8.1,7.47,7.72,1157247,psxdata,2026-05-11T12:53:12
TPL,2026-02-27,7.75,7.9,7.5,7.52,582679,psxdata,2026-05-11T12:53:12
TPL,2026-03-02,6.52,6.69,6.52,6.52,2526529,psxdata,2026-05-11T12:53:12
TPL,2026-03-03,6.5,6.98,6.06,6.65,716288,psxdata,2026-05-11T12:53:12
TPL,2026-03-04,6.89,7.3,6.6,7.17,804624,psxdata,2026-05-11T12:53:12
TPL,2026-03-05,7.23,7.93,7.2,7.83,498371,psxdata,2026-05-11T12:53:12
TPL,2026-03-06,7.9,7.9,7.25,7.33,433776,psxdata,2026-05-11T12:53:12
TPL,2026-03-09,6.61,7.5,6.33,6.44,2935822,psxdata,2026-05-11T12:53:12
TPL,2026-03-10,6.78,7.44,6.77,7.25,750756,psxdata,2026-05-11T12:53:12
TPL,2026-03-11,7.02,7.5,6.9,7.1,731608,psxdata,2026-05-11T12:53:12
TPL,2026-03-12,7.25,7.27,7.03,7.1,159602,psxdata,2026-05-11T12:53:12
TPL,2026-03-13,7.05,7.24,6.89,6.98,283159,psxdata,2026-05-11T12:53:12
TPL,2026-03-16,7.05,7.07,6.8,6.87,419318,psxdata,2026-05-11T12:53:12
TPL,2026-03-17,6.89,7.0,6.75,6.78,114016,psxdata,2026-05-11T12:53:12
TPL,2026-03-18,6.7,7.3,6.7,7.14,257131,psxdata,2026-05-11T12:53:12
TPL,2026-03-19,7.19,7.19,6.89,7.03,255833,psxdata,2026-05-11T12:53:12
TPL,2026-03-24,7.1,7.3,7.0,7.03,233058,psxdata,2026-05-11T12:53:12
TPL,2026-03-25,7.16,7.49,7.07,7.41,574041,psxdata,2026-05-11T12:53:12
TPL,2026-03-26,7.43,7.43,6.99,7.0,533035,psxdata,2026-05-11T12:53:12
TPL,2026-03-27,7.0,7.09,6.72,6.76,871476,psxdata,2026-05-11T12:53:12
TPL,2026-03-30,6.98,6.98,6.0,6.1,1543891,psxdata,2026-05-11T12:53:12
TPL,2026-03-31,6.24,6.5,6.06,6.33,455116,psxdata,2026-05-11T12:53:12
TPL,2026-04-01,6.39,6.99,6.38,6.72,846617,psxdata,2026-05-11T12:53:12
TPL,2026-04-02,6.7,6.7,6.13,6.45,322758,psxdata,2026-05-11T12:53:12
TPL,2026-04-03,6.45,6.77,6.19,6.6,912210,psxdata,2026-05-11T12:53:12
TPL,2026-04-06,6.78,6.78,6.42,6.49,612910,psxdata,2026-05-11T12:53:12
TPL,2026-04-07,6.62,6.62,6.18,6.2,2682644,psxdata,2026-05-11T12:53:12
TPL,2026-04-08,7.2,7.2,6.72,7.2,4845908,psxdata,2026-05-11T12:53:12
TPL,2026-04-09,7.3,7.3,6.85,7.02,1483434,psxdata,2026-05-11T12:53:12
TPL,2026-04-10,7.15,7.5,7.05,7.25,3584715,psxdata,2026-05-11T12:53:12
TPL,2026-04-13,7.01,7.07,6.9,6.97,658483,psxdata,2026-05-11T12:53:12
TPL,2026-04-14,7.1,7.44,7.09,7.19,2755762,psxdata,2026-05-11T12:53:12
TPL,2026-04-15,7.37,7.87,7.35,7.51,2922671,psxdata,2026-05-11T12:53:12
TPL,2026-04-16,7.77,8.51,7.5,8.43,6256014,psxdata,2026-05-11T12:53:12
TPL,2026-04-17,8.43,9.43,8.43,9.43,12347069,psxdata,2026-05-11T12:53:12
TPL,2026-04-20,9.29,9.94,8.91,9.52,12489415,psxdata,2026-05-11T12:53:12
TPL,2026-04-21,9.66,9.89,8.91,9.08,4753002,psxdata,2026-05-11T12:53:12
TPL,2026-04-22,9.33,9.33,8.83,8.97,2057545,psxdata,2026-05-11T12:53:12
TPL,2026-04-23,8.9,9.97,8.9,9.97,12923209,psxdata,2026-05-11T12:53:12
TPL,2026-04-24,10.35,10.89,9.45,10.66,25919782,psxdata,2026-05-11T12:53:12
TPL,2026-04-27,10.66,10.84,10.14,10.39,5236372,psxdata,2026-05-11T12:53:12
TPL,2026-04-28,10.25,10.99,10.2,10.84,7858202,psxdata,2026-05-11T12:53:12
TPL,2026-04-29,10.51,10.94,9.77,10.28,10920168,psxdata,2026-05-11T12:53:12
TPL,2026-04-30,10.0,10.2,9.5,9.98,2339361,psxdata,2026-05-11T12:53:12
TPL,2026-05-04,9.9,10.39,9.9,10.11,7895131,psxdata,2026-05-11T12:53:12
TPL,2026-05-05,9.94,10.29,9.91,10.12,3331298,psxdata,2026-05-11T12:53:12
TPL,2026-05-06,10.2,11.01,10.2,10.71,12319155,psxdata,2026-05-11T12:53:12
TPL,2026-05-07,10.95,11.13,10.7,10.9,8799613,psxdata,2026-05-11T12:53:12
TPL,2026-05-08,11.4,11.4,10.75,11.11,10172511,psxdata,2026-05-11T12:53:12
