symbol,date,open,high,low,close,volume,source,collected_at
UNITY,2017-10-05,178.1,183.0,177.58,179.74,9500,psxdata,2026-05-11T12:51:33
UNITY,2017-10-06,180.0,188.72,180.0,188.66,11000,psxdata,2026-05-11T12:51:33
UNITY,2017-10-09,197.0,198.09,179.23,185.95,15000,psxdata,2026-05-11T12:51:33
UNITY,2017-10-10,195.2,195.24,176.66,176.7,162000,psxdata,2026-05-11T12:51:33
UNITY,2017-10-16,17.74,17.74,17.74,17.74,500,psxdata,2026-05-11T12:51:33
UNITY,2017-10-17,18.74,18.74,18.74,18.74,16500,psxdata,2026-05-11T12:51:33
UNITY,2017-10-18,19.74,19.74,19.74,19.74,10500,psxdata,2026-05-11T12:51:33
UNITY,2017-10-19,20.74,20.74,20.74,20.74,3500,psxdata,2026-05-11T12:51:33
UNITY,2017-10-20,21.77,21.77,21.77,21.77,8500,psxdata,2026-05-11T12:51:33
UNITY,2017-10-23,22.85,22.85,22.85,22.85,3500,psxdata,2026-05-11T12:51:33
UNITY,2017-10-24,23.99,23.99,23.99,23.99,1500,psxdata,2026-05-11T12:51:33
UNITY,2017-10-25,25.18,25.18,23.3,25.18,204000,psxdata,2026-05-11T12:51:33
UNITY,2017-10-26,26.43,26.43,26.1,26.43,45000,psxdata,2026-05-11T12:51:33
UNITY,2017-10-27,26.9,26.9,25.11,25.11,82500,psxdata,2026-05-11T12:51:33
UNITY,2017-11-01,22.91,22.91,22.91,22.91,500,psxdata,2026-05-11T12:51:33
UNITY,2017-11-02,21.77,21.77,21.77,21.77,1000,psxdata,2026-05-11T12:51:33
UNITY,2017-11-03,20.69,20.75,20.69,20.69,12500,psxdata,2026-05-11T12:51:33
UNITY,2017-11-06,21.45,21.7,19.66,20.65,47500,psxdata,2026-05-11T12:51:33
UNITY,2017-11-07,20.95,21.68,20.6,21.57,13000,psxdata,2026-05-11T12:51:33
UNITY,2017-11-08,22.0,22.4,20.5,20.5,60500,psxdata,2026-05-11T12:51:33
UNITY,2017-11-09,20.0,20.0,19.48,19.49,38500,psxdata,2026-05-11T12:51:33
UNITY,2017-11-10,18.65,18.85,18.49,18.49,10500,psxdata,2026-05-11T12:51:33
UNITY,2017-11-13,18.5,18.99,17.49,17.49,130000,psxdata,2026-05-11T12:51:33
UNITY,2017-11-14,17.75,18.49,17.0,18.3,263000,psxdata,2026-05-11T12:51:33
UNITY,2017-11-15,18.9,19.3,18.78,19.3,70000,psxdata,2026-05-11T12:51:33
UNITY,2017-11-16,20.0,20.3,19.75,20.3,28000,psxdata,2026-05-11T12:51:33
UNITY,2017-11-17,21.31,21.31,21.31,21.31,18500,psxdata,2026-05-11T12:51:33
UNITY,2017-11-20,22.37,22.37,20.25,20.25,123500,psxdata,2026-05-11T12:51:33
UNITY,2017-11-21,20.5,21.26,20.5,21.26,26500,psxdata,2026-05-11T12:51:33
UNITY,2017-11-22,22.32,22.32,22.32,22.32,2500,psxdata,2026-05-11T12:51:33
UNITY,2017-11-23,23.43,23.43,23.43,23.43,3000,psxdata,2026-05-11T12:51:33
UNITY,2017-11-24,24.6,24.6,23.6,24.6,311000,psxdata,2026-05-11T12:51:33
UNITY,2017-11-27,25.0,25.65,24.5,25.19,60000,psxdata,2026-05-11T12:51:33
UNITY,2017-11-28,25.5,25.5,23.94,23.94,80000,psxdata,2026-05-11T12:51:33
UNITY,2017-11-29,24.5,24.5,22.75,22.81,88500,psxdata,2026-05-11T12:51:33
UNITY,2017-11-30,22.0,23.0,21.71,22.94,23500,psxdata,2026-05-11T12:51:33
UNITY,2017-12-04,23.0,23.0,21.8,21.82,31500,psxdata,2026-05-11T12:51:33
UNITY,2017-12-05,22.2,22.2,20.8,21.0,13000,psxdata,2026-05-11T12:51:33
UNITY,2017-12-06,20.21,20.44,19.95,19.95,31000,psxdata,2026-05-11T12:51:33
UNITY,2017-12-07,19.02,19.02,18.95,18.95,19500,psxdata,2026-05-11T12:51:33
UNITY,2017-12-08,18.95,18.95,17.95,17.95,19000,psxdata,2026-05-11T12:51:33
UNITY,2017-12-11,17.06,17.06,16.95,16.95,18500,psxdata,2026-05-11T12:51:33
UNITY,2017-12-12,16.0,16.6,15.95,16.44,42500,psxdata,2026-05-11T12:51:33
UNITY,2017-12-13,16.03,16.9,16.0,16.32,33000,psxdata,2026-05-11T12:51:33
UNITY,2017-12-14,16.3,16.45,16.15,16.32,4500,psxdata,2026-05-11T12:51:33
UNITY,2017-12-15,16.6,17.0,16.5,16.8,8000,psxdata,2026-05-11T12:51:33
UNITY,2017-12-18,17.59,17.59,15.8,15.8,63500,psxdata,2026-05-11T12:51:33
UNITY,2017-12-19,14.8,14.8,14.8,14.8,2000,psxdata,2026-05-11T12:51:33
UNITY,2017-12-20,13.8,15.7,13.8,14.96,4004000,psxdata,2026-05-11T12:51:33
UNITY,2017-12-21,14.76,15.14,14.25,14.49,926500,psxdata,2026-05-11T12:51:33
UNITY,2017-12-22,14.9,14.9,14.26,14.32,491500,psxdata,2026-05-11T12:51:33
UNITY,2017-12-26,14.5,14.7,14.0,14.11,291500,psxdata,2026-05-11T12:51:33
UNITY,2017-12-27,14.44,14.96,14.41,14.53,484000,psxdata,2026-05-11T12:51:33
UNITY,2017-12-28,14.51,15.53,14.42,15.53,1103000,psxdata,2026-05-11T12:51:33
UNITY,2017-12-29,16.53,16.53,16.53,16.53,148000,psxdata,2026-05-11T12:51:33
UNITY,2018-01-01,17.1,17.1,15.8,16.02,662000,psxdata,2026-05-11T12:51:33
UNITY,2018-01-02,15.75,17.02,15.75,16.99,3099500,psxdata,2026-05-11T12:51:33
UNITY,2018-01-03,17.25,17.99,17.25,17.99,1536000,psxdata,2026-05-11T12:51:33
UNITY,2018-01-04,18.99,18.99,18.99,18.99,496000,psxdata,2026-05-11T12:51:33
UNITY,2018-01-05,19.89,19.99,18.82,19.48,8214500,psxdata,2026-05-11T12:51:33
UNITY,2018-01-08,19.55,20.45,19.0,20.01,3088500,psxdata,2026-05-11T12:51:33
UNITY,2018-01-09,20.01,20.35,19.45,19.57,1818500,psxdata,2026-05-11T12:51:33
UNITY,2018-01-10,19.7,19.85,18.82,19.0,3063500,psxdata,2026-05-11T12:51:33
UNITY,2018-01-11,19.35,19.35,18.61,18.67,1384500,psxdata,2026-05-11T12:51:33
UNITY,2018-01-12,18.45,19.15,18.1,18.48,2198500,psxdata,2026-05-11T12:51:33
UNITY,2018-01-15,18.3,19.0,18.2,18.67,1171500,psxdata,2026-05-11T12:51:33
UNITY,2018-01-16,18.9,19.67,18.8,19.67,1772500,psxdata,2026-05-11T12:51:33
UNITY,2018-01-17,20.09,20.67,20.09,20.67,1270500,psxdata,2026-05-11T12:51:33
UNITY,2018-01-18,21.25,21.7,21.12,21.68,6382000,psxdata,2026-05-11T12:51:33
UNITY,2018-01-19,22.25,22.7,21.22,22.3,4945000,psxdata,2026-05-11T12:51:33
UNITY,2018-01-22,22.47,22.9,21.75,22.0,2484000,psxdata,2026-05-11T12:51:33
UNITY,2018-01-23,22.09,22.09,21.25,21.62,2480000,psxdata,2026-05-11T12:51:33
UNITY,2018-01-24,21.9,22.6,21.75,22.34,5386000,psxdata,2026-05-11T12:51:33
UNITY,2018-01-25,22.11,22.64,21.72,21.82,2027000,psxdata,2026-05-11T12:51:33
UNITY,2018-01-26,21.71,22.05,21.41,21.72,617500,psxdata,2026-05-11T12:51:33
UNITY,2018-01-29,21.9,22.8,21.9,22.8,2853000,psxdata,2026-05-11T12:51:33
UNITY,2018-01-30,23.5,23.94,22.92,23.94,6674000,psxdata,2026-05-11T12:51:33
UNITY,2018-01-31,24.24,25.09,24.02,24.62,3343500,psxdata,2026-05-11T12:51:33
UNITY,2018-02-01,24.89,25.85,24.65,25.85,3416500,psxdata,2026-05-11T12:51:33
UNITY,2018-02-02,26.85,27.14,26.51,27.14,2728500,psxdata,2026-05-11T12:51:33
UNITY,2018-02-06,27.48,28.49,26.6,27.94,7487000,psxdata,2026-05-11T12:51:33
UNITY,2018-02-07,27.7,28.35,26.55,27.14,6860000,psxdata,2026-05-11T12:51:33
UNITY,2018-02-08,27.1,28.49,26.2,28.44,14118000,psxdata,2026-05-11T12:51:33
UNITY,2018-02-09,28.47,29.19,27.5,28.51,6946500,psxdata,2026-05-11T12:51:33
UNITY,2018-02-12,28.5,28.74,27.09,27.13,4707000,psxdata,2026-05-11T12:51:33
UNITY,2018-02-13,26.89,27.47,25.86,26.02,3902000,psxdata,2026-05-11T12:51:33
UNITY,2018-02-14,26.05,26.7,24.72,24.76,11467500,psxdata,2026-05-11T12:51:33
UNITY,2018-02-15,24.51,25.25,23.53,23.57,8748500,psxdata,2026-05-11T12:51:33
UNITY,2018-02-16,23.6,24.42,22.76,23.92,3592000,psxdata,2026-05-11T12:51:33
UNITY,2018-02-19,24.25,24.64,23.76,24.24,2592000,psxdata,2026-05-11T12:51:33
UNITY,2018-02-20,24.16,24.85,23.53,24.41,3304000,psxdata,2026-05-11T12:51:33
UNITY,2018-02-21,25.11,25.23,24.32,24.54,3663500,psxdata,2026-05-11T12:51:33
UNITY,2018-02-22,23.9,25.68,23.85,25.33,5484500,psxdata,2026-05-11T12:51:33
UNITY,2018-02-23,25.54,26.08,24.1,24.27,5567000,psxdata,2026-05-11T12:51:33
UNITY,2018-02-26,24.65,24.85,23.85,23.98,2213000,psxdata,2026-05-11T12:51:33
UNITY,2018-02-27,23.9,24.36,23.66,24.25,1550000,psxdata,2026-05-11T12:51:33
UNITY,2018-02-28,24.2,24.72,23.8,23.93,1927000,psxdata,2026-05-11T12:51:33
UNITY,2018-03-01,24.1,24.2,23.3,23.83,3711000,psxdata,2026-05-11T12:51:33
UNITY,2018-03-02,24.01,25.02,24.0,25.02,5291000,psxdata,2026-05-11T12:51:33
UNITY,2018-03-05,25.69,26.27,25.45,26.27,10222000,psxdata,2026-05-11T12:51:33
UNITY,2018-03-06,26.5,27.58,26.4,27.58,10092500,psxdata,2026-05-11T12:51:33
UNITY,2018-03-07,27.95,27.95,26.21,26.57,6297500,psxdata,2026-05-11T12:51:33
UNITY,2018-03-08,26.15,27.7,25.81,27.31,7008000,psxdata,2026-05-11T12:51:33
UNITY,2018-03-09,27.33,28.67,27.15,28.5,11520000,psxdata,2026-05-11T12:51:33
UNITY,2018-03-12,28.54,29.79,27.51,27.99,9582500,psxdata,2026-05-11T12:51:33
UNITY,2018-03-13,28.15,28.51,27.7,27.94,2584500,psxdata,2026-05-11T12:51:33
UNITY,2018-03-14,28.22,28.5,28.02,28.32,3213500,psxdata,2026-05-11T12:51:33
UNITY,2018-03-15,28.3,28.51,26.91,27.19,10404500,psxdata,2026-05-11T12:51:33
UNITY,2018-03-16,26.99,27.42,26.55,26.74,1733000,psxdata,2026-05-11T12:51:33
UNITY,2018-03-19,26.73,27.69,26.55,27.49,4057000,psxdata,2026-05-11T12:51:33
UNITY,2018-03-20,27.68,28.65,27.61,28.19,10507000,psxdata,2026-05-11T12:51:33
UNITY,2018-03-21,28.5,29.08,28.22,28.43,9539000,psxdata,2026-05-11T12:51:33
UNITY,2018-03-22,28.45,28.45,27.01,27.01,8744000,psxdata,2026-05-11T12:51:33
UNITY,2018-03-26,26.46,28.3,25.66,27.86,24785500,psxdata,2026-05-11T12:51:33
UNITY,2018-03-27,28.19,28.2,26.76,27.05,6187500,psxdata,2026-05-11T12:51:33
UNITY,2018-03-28,26.8,27.75,26.5,27.45,5411500,psxdata,2026-05-11T12:51:33
UNITY,2018-03-29,27.25,28.14,27.25,27.53,7378000,psxdata,2026-05-11T12:51:33
UNITY,2018-03-30,27.69,28.05,27.05,27.24,5547000,psxdata,2026-05-11T12:51:33
UNITY,2018-04-02,27.22,27.73,27.03,27.21,2996500,psxdata,2026-05-11T12:51:33
UNITY,2018-04-03,27.3,27.55,26.52,26.71,3079500,psxdata,2026-05-11T12:51:33
UNITY,2018-04-04,26.75,27.86,26.7,27.24,5904000,psxdata,2026-05-11T12:51:33
UNITY,2018-04-05,27.4,27.6,26.9,26.98,2598500,psxdata,2026-05-11T12:51:33
UNITY,2018-04-06,27.1,27.54,27.02,27.11,2675000,psxdata,2026-05-11T12:51:33
UNITY,2018-04-09,27.25,27.49,26.95,27.02,2148000,psxdata,2026-05-11T12:51:33
UNITY,2018-04-10,27.19,27.2,26.65,26.86,3964000,psxdata,2026-05-11T12:51:33
UNITY,2018-04-11,26.9,27.4,26.7,26.8,4261000,psxdata,2026-05-11T12:51:33
UNITY,2018-04-12,26.81,27.42,26.7,26.88,5574000,psxdata,2026-05-11T12:51:33
UNITY,2018-04-13,26.91,27.21,26.58,26.68,3873500,psxdata,2026-05-11T12:51:33
UNITY,2018-04-16,26.72,28.01,26.5,28.01,12035000,psxdata,2026-05-11T12:51:33
UNITY,2018-04-17,28.34,28.68,27.53,27.83,10616500,psxdata,2026-05-11T12:51:33
UNITY,2018-04-18,27.81,28.7,27.8,28.35,7167500,psxdata,2026-05-11T12:51:33
UNITY,2018-04-19,28.45,29.35,27.72,28.21,9900000,psxdata,2026-05-11T12:51:33
UNITY,2018-04-20,28.4,28.93,28.06,28.57,5358000,psxdata,2026-05-11T12:51:33
UNITY,2018-04-23,29.0,29.99,28.71,29.99,11112000,psxdata,2026-05-11T12:51:33
UNITY,2018-04-24,31.0,31.48,31.0,31.48,2493500,psxdata,2026-05-11T12:51:33
UNITY,2018-04-25,33.05,33.05,32.31,33.05,12266500,psxdata,2026-05-11T12:51:33
UNITY,2018-04-26,33.5,33.89,31.4,31.71,9989500,psxdata,2026-05-11T12:51:33
UNITY,2018-04-27,31.32,33.29,31.32,33.14,10043500,psxdata,2026-05-11T12:51:33
UNITY,2018-04-30,34.79,34.79,33.7,34.79,8283000,psxdata,2026-05-11T12:51:33
UNITY,2018-05-02,35.25,35.27,33.11,33.32,8557000,psxdata,2026-05-11T12:51:33
UNITY,2018-05-03,33.45,33.8,31.66,31.66,8128000,psxdata,2026-05-11T12:51:33
UNITY,2018-05-04,31.4,31.52,30.11,30.44,13208000,psxdata,2026-05-11T12:51:33
UNITY,2018-05-07,30.5,31.96,30.2,31.77,13513000,psxdata,2026-05-11T12:51:33
UNITY,2018-05-08,31.84,31.84,30.19,30.21,7926000,psxdata,2026-05-11T12:51:33
UNITY,2018-05-09,29.8,30.32,28.7,28.84,7814500,psxdata,2026-05-11T12:51:33
UNITY,2018-05-10,28.5,29.14,27.4,27.4,5360500,psxdata,2026-05-11T12:51:33
UNITY,2018-05-11,26.98,28.65,26.72,28.33,11667500,psxdata,2026-05-11T12:51:33
UNITY,2018-05-14,28.19,28.19,26.92,26.92,4162500,psxdata,2026-05-11T12:51:33
UNITY,2018-05-15,26.8,27.41,25.9,27.13,4528500,psxdata,2026-05-11T12:51:33
UNITY,2018-05-16,27.38,27.4,25.99,26.35,3796000,psxdata,2026-05-11T12:51:33
UNITY,2018-05-17,26.4,26.4,25.04,25.14,1678000,psxdata,2026-05-11T12:51:33
UNITY,2018-05-18,25.35,25.37,23.89,23.99,2213500,psxdata,2026-05-11T12:51:33
UNITY,2018-05-21,23.98,24.65,22.8,23.16,3167500,psxdata,2026-05-11T12:51:33
UNITY,2018-05-22,23.3,24.31,22.87,24.31,2489000,psxdata,2026-05-11T12:51:33
UNITY,2018-05-23,25.25,25.52,25.01,25.52,2081500,psxdata,2026-05-11T12:51:33
UNITY,2018-05-24,26.12,26.79,25.51,26.78,7841500,psxdata,2026-05-11T12:51:33
UNITY,2018-05-25,27.0,28.11,26.51,28.11,4944500,psxdata,2026-05-11T12:51:33
UNITY,2018-05-28,28.5,29.29,26.77,27.52,8363500,psxdata,2026-05-11T12:51:33
UNITY,2018-05-29,27.4,28.89,27.08,28.71,4380500,psxdata,2026-05-11T12:51:33
UNITY,2018-05-30,28.8,29.33,28.26,29.0,4128000,psxdata,2026-05-11T12:51:33
UNITY,2018-05-31,29.0,29.29,28.45,28.57,2366500,psxdata,2026-05-11T12:51:33
UNITY,2018-06-01,28.5,28.8,28.25,28.39,627000,psxdata,2026-05-11T12:51:33
UNITY,2018-06-04,28.11,28.9,28.11,28.59,1334500,psxdata,2026-05-11T12:51:33
UNITY,2018-06-05,28.49,29.25,28.32,28.92,2879000,psxdata,2026-05-11T12:51:33
UNITY,2018-06-06,28.9,29.3,28.5,28.68,1645000,psxdata,2026-05-11T12:51:33
UNITY,2018-06-07,28.4,28.99,28.4,28.53,1684000,psxdata,2026-05-11T12:51:33
UNITY,2018-06-11,28.7,29.95,28.7,29.95,3592500,psxdata,2026-05-11T12:51:33
UNITY,2018-06-12,31.39,31.44,29.01,29.44,5403000,psxdata,2026-05-11T12:51:33
UNITY,2018-06-13,29.4,30.35,29.3,29.89,3019500,psxdata,2026-05-11T12:51:33
UNITY,2018-06-14,30.01,30.59,29.85,30.2,2929000,psxdata,2026-05-11T12:51:33
UNITY,2018-06-19,30.4,31.0,30.26,30.53,4249500,psxdata,2026-05-11T12:51:33
UNITY,2018-06-20,30.49,30.77,29.01,29.19,3248000,psxdata,2026-05-11T12:51:33
UNITY,2018-06-21,28.64,28.8,27.74,27.78,2426500,psxdata,2026-05-11T12:51:33
UNITY,2018-06-22,27.99,28.2,26.8,26.93,1300500,psxdata,2026-05-11T12:51:33
UNITY,2018-06-25,26.5,27.19,25.59,25.59,1139000,psxdata,2026-05-11T12:51:33
UNITY,2018-06-26,25.35,26.7,25.25,26.04,3342500,psxdata,2026-05-11T12:51:33
UNITY,2018-06-27,26.35,27.34,26.16,27.19,1897500,psxdata,2026-05-11T12:51:33
UNITY,2018-06-28,27.39,28.39,26.85,27.89,3735000,psxdata,2026-05-11T12:51:33
UNITY,2018-06-29,27.52,29.28,27.52,29.28,2411000,psxdata,2026-05-11T12:51:33
UNITY,2018-07-02,30.24,30.74,30.01,30.74,4507500,psxdata,2026-05-11T12:51:33
UNITY,2018-07-03,30.99,31.7,29.55,29.88,7176500,psxdata,2026-05-11T12:51:33
UNITY,2018-07-04,29.3,29.51,28.39,28.98,3383500,psxdata,2026-05-11T12:51:33
UNITY,2018-07-05,28.95,29.75,28.66,29.11,2778500,psxdata,2026-05-11T12:51:33
UNITY,2018-07-06,28.84,29.65,28.0,29.06,1800500,psxdata,2026-05-11T12:51:33
UNITY,2018-07-09,29.72,30.45,27.75,28.09,5127500,psxdata,2026-05-11T12:51:33
UNITY,2018-07-10,27.8,29.49,26.9,28.99,4786000,psxdata,2026-05-11T12:51:33
UNITY,2018-07-11,29.75,29.8,28.1,28.26,4098000,psxdata,2026-05-11T12:51:33
UNITY,2018-07-12,28.15,28.58,27.5,28.18,1541000,psxdata,2026-05-11T12:51:33
UNITY,2018-07-13,28.1,29.1,27.9,28.43,2912500,psxdata,2026-05-11T12:51:33
UNITY,2018-07-16,28.39,29.1,27.85,28.22,1747000,psxdata,2026-05-11T12:51:33
UNITY,2018-07-17,28.2,29.63,28.2,29.49,5014000,psxdata,2026-05-11T12:51:33
UNITY,2018-07-18,30.0,30.75,29.29,30.49,7915000,psxdata,2026-05-11T12:51:33
UNITY,2018-07-19,30.53,31.39,30.25,31.01,9089500,psxdata,2026-05-11T12:51:33
UNITY,2018-07-20,30.6,30.74,29.46,29.62,3397500,psxdata,2026-05-11T12:51:33
UNITY,2018-07-23,28.9,29.19,28.55,28.81,1563000,psxdata,2026-05-11T12:51:33
UNITY,2018-07-24,28.9,30.18,28.9,30.01,3957000,psxdata,2026-05-11T12:51:33
UNITY,2018-07-26,30.99,31.0,30.08,30.32,4474500,psxdata,2026-05-11T12:51:33
UNITY,2018-07-27,30.45,31.1,29.94,30.51,3839000,psxdata,2026-05-11T12:51:33
UNITY,2018-07-30,31.0,31.75,30.81,31.16,6206500,psxdata,2026-05-11T12:51:33
UNITY,2018-07-31,31.85,32.38,30.82,31.24,10510500,psxdata,2026-05-11T12:51:33
UNITY,2018-08-01,31.68,31.72,30.5,31.22,3534000,psxdata,2026-05-11T12:51:33
UNITY,2018-08-02,31.55,32.78,31.19,32.36,16640000,psxdata,2026-05-11T12:51:33
UNITY,2018-08-03,32.55,33.97,32.4,33.83,13626500,psxdata,2026-05-11T12:51:33
UNITY,2018-08-06,33.95,34.4,32.91,33.56,7947000,psxdata,2026-05-11T12:51:33
UNITY,2018-08-07,33.61,33.95,33.01,33.18,2553000,psxdata,2026-05-11T12:51:33
UNITY,2018-08-08,33.0,34.83,32.97,34.83,7079500,psxdata,2026-05-11T12:51:33
UNITY,2018-08-09,35.2,36.57,35.15,36.57,4517500,psxdata,2026-05-11T12:51:33
UNITY,2018-08-10,38.39,38.39,37.31,38.27,12084000,psxdata,2026-05-11T12:51:33
UNITY,2018-08-13,38.57,39.68,36.8,37.78,7761500,psxdata,2026-05-11T12:51:33
UNITY,2018-08-15,39.48,39.66,38.31,39.56,8488500,psxdata,2026-05-11T12:51:33
UNITY,2018-08-16,39.2,39.35,37.59,38.39,6164500,psxdata,2026-05-11T12:51:33
UNITY,2018-08-17,38.35,40.3,38.2,40.3,7406500,psxdata,2026-05-11T12:51:33
UNITY,2018-08-20,41.2,42.31,41.2,41.72,6531500,psxdata,2026-05-11T12:51:33
UNITY,2018-08-24,41.5,43.8,40.97,43.8,7861500,psxdata,2026-05-11T12:51:33
UNITY,2018-08-27,44.61,45.9,43.03,44.87,11382000,psxdata,2026-05-11T12:51:33
UNITY,2018-08-28,45.01,45.19,42.63,42.89,6548500,psxdata,2026-05-11T12:51:33
UNITY,2018-08-29,41.7,44.14,40.91,43.62,9242000,psxdata,2026-05-11T12:51:33
UNITY,2018-08-30,43.65,44.05,41.6,42.23,4567000,psxdata,2026-05-11T12:51:33
UNITY,2018-08-31,42.6,44.33,41.85,43.64,10490000,psxdata,2026-05-11T12:51:33
UNITY,2018-09-03,43.65,43.75,42.55,42.94,5914000,psxdata,2026-05-11T12:51:33
UNITY,2018-09-04,42.95,43.47,42.7,43.06,2750000,psxdata,2026-05-11T12:51:33
UNITY,2018-09-05,43.1,43.18,41.3,41.53,2249500,psxdata,2026-05-11T12:51:33
UNITY,2018-09-06,41.53,41.6,39.46,39.46,3558000,psxdata,2026-05-11T12:51:33
UNITY,2018-09-07,38.0,38.8,37.49,37.49,7293500,psxdata,2026-05-11T12:51:33
UNITY,2018-09-10,37.1,39.36,35.9,39.23,9656500,psxdata,2026-05-11T12:51:33
UNITY,2018-09-11,39.88,41.19,39.71,41.01,11104000,psxdata,2026-05-11T12:51:33
UNITY,2018-09-12,40.83,42.85,39.0,40.16,14570000,psxdata,2026-05-11T12:51:33
UNITY,2018-09-13,39.11,40.75,38.16,38.16,11010000,psxdata,2026-05-11T12:51:33
UNITY,2018-09-14,38.0,38.97,36.26,36.31,12598500,psxdata,2026-05-11T12:51:33
UNITY,2018-09-17,36.22,36.5,34.5,34.52,13536500,psxdata,2026-05-11T12:51:33
UNITY,2018-09-18,34.5,36.24,33.53,36.24,10440000,psxdata,2026-05-11T12:51:33
UNITY,2018-09-19,36.87,38.05,36.75,37.5,9395500,psxdata,2026-05-11T12:51:33
UNITY,2018-09-24,37.8,37.95,35.63,35.63,5445500,psxdata,2026-05-11T12:51:33
UNITY,2018-09-25,35.0,37.21,34.7,35.9,9412500,psxdata,2026-05-11T12:51:33
UNITY,2018-09-26,36.28,36.4,34.11,34.39,8044000,psxdata,2026-05-11T12:51:33
UNITY,2018-09-27,34.4,34.7,32.68,32.84,12439500,psxdata,2026-05-11T12:51:33
UNITY,2018-09-28,33.2,33.95,31.2,31.43,8487500,psxdata,2026-05-11T12:51:33
UNITY,2018-10-01,30.8,32.39,30.01,31.99,14904500,psxdata,2026-05-11T12:51:33
UNITY,2018-10-02,32.26,32.75,30.65,31.06,9228500,psxdata,2026-05-11T12:51:33
UNITY,2018-10-03,31.05,31.8,30.62,31.02,7945500,psxdata,2026-05-11T12:51:33
UNITY,2018-10-04,31.27,32.21,30.32,30.84,7611000,psxdata,2026-05-11T12:51:33
UNITY,2018-10-05,30.75,30.9,29.3,29.32,6327000,psxdata,2026-05-11T12:51:33
UNITY,2018-10-08,29.8,29.8,27.86,27.86,4300000,psxdata,2026-05-11T12:51:33
UNITY,2018-10-09,27.89,29.1,26.47,26.47,6380000,psxdata,2026-05-11T12:51:33
UNITY,2018-10-10,26.99,27.25,25.16,26.52,11338000,psxdata,2026-05-11T12:51:33
UNITY,2018-10-11,26.5,27.6,26.0,26.23,7478500,psxdata,2026-05-11T12:51:33
UNITY,2018-10-12,26.05,26.18,24.92,24.92,4448000,psxdata,2026-05-11T12:51:33
UNITY,2018-10-15,24.32,25.7,23.68,25.22,8819000,psxdata,2026-05-11T12:51:33
UNITY,2018-10-16,25.35,25.68,23.55,23.68,5426500,psxdata,2026-05-11T12:51:33
UNITY,2018-10-17,23.78,24.86,23.78,24.86,4708500,psxdata,2026-05-11T12:51:33
UNITY,2018-10-18,24.95,26.1,24.85,26.06,8064000,psxdata,2026-05-11T12:51:33
UNITY,2018-10-19,26.5,27.36,26.05,27.36,6194500,psxdata,2026-05-11T12:51:33
UNITY,2018-10-22,28.0,28.72,27.95,28.72,6156000,psxdata,2026-05-11T12:51:33
UNITY,2018-10-23,29.0,29.7,27.56,27.81,11095500,psxdata,2026-05-11T12:51:33
UNITY,2018-10-24,29.2,29.2,29.2,29.2,968500,psxdata,2026-05-11T12:51:33
UNITY,2018-10-25,30.66,30.66,29.8,30.58,10026500,psxdata,2026-05-11T12:51:33
UNITY,2018-10-26,30.6,32.1,29.75,32.1,8498500,psxdata,2026-05-11T12:51:33
UNITY,2018-10-29,32.79,33.7,32.5,33.7,7781000,psxdata,2026-05-11T12:51:33
UNITY,2018-10-30,34.0,35.1,33.15,34.42,13898000,psxdata,2026-05-11T12:51:33
UNITY,2018-10-31,34.16,34.97,33.52,34.05,7264500,psxdata,2026-05-11T12:51:33
UNITY,2018-11-01,34.0,34.95,33.7,34.18,5257500,psxdata,2026-05-11T12:51:33
UNITY,2018-11-02,34.4,35.88,33.8,35.28,8740500,psxdata,2026-05-11T12:51:33
UNITY,2018-11-05,35.4,36.6,34.61,35.65,11334000,psxdata,2026-05-11T12:51:33
UNITY,2018-11-06,35.85,35.85,33.87,33.88,4713000,psxdata,2026-05-11T12:51:33
UNITY,2018-11-07,34.9,35.0,32.61,33.94,9745500,psxdata,2026-05-11T12:51:33
UNITY,2018-11-08,34.21,34.21,33.05,33.28,3267500,psxdata,2026-05-11T12:51:33
UNITY,2018-11-09,32.85,34.19,32.75,33.3,4532500,psxdata,2026-05-11T12:51:33
UNITY,2018-11-12,33.25,33.9,32.99,33.13,2954000,psxdata,2026-05-11T12:51:33
UNITY,2018-11-13,33.11,33.11,32.05,32.26,3195500,psxdata,2026-05-11T12:51:33
UNITY,2018-11-14,31.92,33.3,31.52,32.65,3712000,psxdata,2026-05-11T12:51:33
UNITY,2018-11-15,32.65,33.55,32.61,33.06,6103000,psxdata,2026-05-11T12:51:33
UNITY,2018-11-16,33.05,33.45,32.58,32.72,1848500,psxdata,2026-05-11T12:51:33
UNITY,2018-11-19,32.71,33.25,32.5,32.74,1575000,psxdata,2026-05-11T12:51:33
UNITY,2018-11-20,32.85,33.49,32.8,32.93,3608500,psxdata,2026-05-11T12:51:33
UNITY,2018-11-22,33.0,33.25,31.6,32.19,2196000,psxdata,2026-05-11T12:51:33
UNITY,2018-11-23,32.12,32.4,31.6,32.02,1327000,psxdata,2026-05-11T12:51:33
UNITY,2018-11-26,32.19,32.69,30.51,30.88,2728000,psxdata,2026-05-11T12:51:33
UNITY,2018-11-27,31.1,31.5,29.83,31.19,3872000,psxdata,2026-05-11T12:51:33
UNITY,2018-11-28,31.31,31.75,31.0,31.09,2360000,psxdata,2026-05-11T12:51:33
UNITY,2018-11-29,31.1,31.25,30.6,30.79,1368000,psxdata,2026-05-11T12:51:33
UNITY,2018-11-30,30.86,31.1,29.71,30.46,3076000,psxdata,2026-05-11T12:51:33
UNITY,2018-12-03,30.49,30.49,28.94,29.15,2517500,psxdata,2026-05-11T12:51:33
UNITY,2018-12-04,29.05,30.4,29.01,30.07,2442500,psxdata,2026-05-11T12:51:33
UNITY,2018-12-05,30.0,30.3,28.75,29.46,2085000,psxdata,2026-05-11T12:51:33
UNITY,2018-12-06,29.49,30.2,28.6,28.97,1956500,psxdata,2026-05-11T12:51:33
UNITY,2018-12-07,29.0,29.45,28.6,29.29,1250000,psxdata,2026-05-11T12:51:33
UNITY,2018-12-10,29.7,30.25,29.51,29.88,3095500,psxdata,2026-05-11T12:51:33
UNITY,2018-12-11,29.65,29.8,28.9,29.24,850000,psxdata,2026-05-11T12:51:33
UNITY,2018-12-12,29.39,29.39,27.78,27.87,1171500,psxdata,2026-05-11T12:51:33
UNITY,2018-12-13,27.88,28.15,26.48,26.64,1659000,psxdata,2026-05-11T12:51:33
UNITY,2018-12-14,26.5,27.97,26.5,27.97,1474500,psxdata,2026-05-11T12:51:33
UNITY,2018-12-17,28.11,29.36,28.11,29.36,3526000,psxdata,2026-05-11T12:51:33
UNITY,2018-12-18,29.85,30.39,29.25,29.56,3956500,psxdata,2026-05-11T12:51:33
UNITY,2018-12-19,29.2,29.71,28.51,28.94,1282000,psxdata,2026-05-11T12:51:33
UNITY,2018-12-20,28.89,29.85,28.55,29.15,2023000,psxdata,2026-05-11T12:51:33
UNITY,2018-12-21,29.18,30.2,28.9,29.23,1104000,psxdata,2026-05-11T12:51:33
UNITY,2018-12-24,29.5,29.65,28.8,29.43,1106500,psxdata,2026-05-11T12:51:33
UNITY,2018-12-26,29.39,29.56,28.91,29.02,732500,psxdata,2026-05-11T12:51:33
UNITY,2018-12-27,29.4,29.57,28.05,28.33,1491000,psxdata,2026-05-11T12:51:33
UNITY,2018-12-28,28.0,28.39,26.92,26.92,3551500,psxdata,2026-05-11T12:51:33
UNITY,2018-12-31,26.16,26.85,25.58,25.73,2164500,psxdata,2026-05-11T12:51:33
UNITY,2019-01-01,25.99,27.01,25.99,26.99,1475000,psxdata,2026-05-11T12:51:33
UNITY,2019-01-02,27.0,27.4,25.72,26.06,2297000,psxdata,2026-05-11T12:51:33
UNITY,2019-01-03,25.88,26.38,24.91,25.24,1317500,psxdata,2026-05-11T12:51:33
UNITY,2019-01-04,25.4,25.8,24.75,24.99,1278500,psxdata,2026-05-11T12:51:33
UNITY,2019-01-07,25.2,26.23,25.11,26.22,3363000,psxdata,2026-05-11T12:51:33
UNITY,2019-01-08,26.25,27.53,26.25,27.06,5779500,psxdata,2026-05-11T12:51:33
UNITY,2019-01-09,27.38,27.65,25.71,25.99,11660500,psxdata,2026-05-11T12:51:33
UNITY,2019-01-10,25.99,26.45,25.3,25.44,4651500,psxdata,2026-05-11T12:51:33
UNITY,2019-01-11,25.3,25.84,24.85,25.29,2417500,psxdata,2026-05-11T12:51:33
UNITY,2019-01-14,25.65,26.22,25.55,25.69,2548000,psxdata,2026-05-11T12:51:33
UNITY,2019-01-15,24.5,24.55,24.41,24.41,1877500,psxdata,2026-05-11T12:51:33
UNITY,2019-01-16,23.19,23.19,23.19,23.19,251500,psxdata,2026-05-11T12:51:33
UNITY,2019-01-17,22.04,22.7,22.04,22.16,7257000,psxdata,2026-05-11T12:51:33
UNITY,2019-01-18,22.2,23.26,22.2,22.97,7782000,psxdata,2026-05-11T12:51:33
UNITY,2019-01-21,22.95,23.01,21.83,21.84,3986500,psxdata,2026-05-11T12:51:33
UNITY,2019-01-22,21.8,22.5,21.25,22.3,3654500,psxdata,2026-05-11T12:51:33
UNITY,2019-01-23,22.51,22.99,22.03,22.09,3564500,psxdata,2026-05-11T12:51:33
UNITY,2019-01-24,22.45,22.55,21.82,21.88,2185500,psxdata,2026-05-11T12:51:33
UNITY,2019-01-25,21.9,22.97,21.84,22.97,8596000,psxdata,2026-05-11T12:51:33
UNITY,2019-01-28,23.4,24.11,23.4,24.11,4958000,psxdata,2026-05-11T12:51:33
UNITY,2019-01-29,24.3,24.6,23.75,24.23,6378500,psxdata,2026-05-11T12:51:33
UNITY,2019-01-30,24.2,24.57,23.99,24.22,2412500,psxdata,2026-05-11T12:51:33
UNITY,2019-01-31,24.25,24.45,24.1,24.32,1094500,psxdata,2026-05-11T12:51:33
UNITY,2019-02-01,24.1,25.53,24.1,25.51,6032500,psxdata,2026-05-11T12:51:33
UNITY,2019-02-04,25.6,26.24,25.3,25.52,4350500,psxdata,2026-05-11T12:51:33
UNITY,2019-02-06,25.31,25.65,24.42,24.54,4225000,psxdata,2026-05-11T12:51:33
UNITY,2019-02-07,24.21,25.02,24.05,24.82,1692500,psxdata,2026-05-11T12:51:33
UNITY,2019-02-08,24.95,25.2,24.1,24.23,1579000,psxdata,2026-05-11T12:51:33
UNITY,2019-02-11,24.35,24.4,23.02,23.16,4266000,psxdata,2026-05-11T12:51:33
UNITY,2019-02-12,23.45,23.99,22.01,22.41,8372500,psxdata,2026-05-11T12:51:33
UNITY,2019-02-13,22.6,22.72,21.8,22.37,2152000,psxdata,2026-05-11T12:51:33
UNITY,2019-02-14,22.21,22.98,22.21,22.84,1828500,psxdata,2026-05-11T12:51:33
UNITY,2019-02-15,23.0,23.48,22.85,23.26,2041000,psxdata,2026-05-11T12:51:33
UNITY,2019-02-18,23.59,23.59,22.8,22.92,1416000,psxdata,2026-05-11T12:51:33
UNITY,2019-02-19,22.85,23.0,22.18,22.29,1806500,psxdata,2026-05-11T12:51:33
UNITY,2019-02-20,21.18,21.18,21.18,21.18,670000,psxdata,2026-05-11T12:51:33
UNITY,2019-02-21,20.26,20.6,20.13,20.13,10029500,psxdata,2026-05-11T12:51:33
UNITY,2019-02-22,20.0,20.34,19.75,19.87,2181000,psxdata,2026-05-11T12:51:33
UNITY,2019-02-25,19.85,20.35,19.7,20.03,882500,psxdata,2026-05-11T12:51:33
UNITY,2019-02-26,19.98,19.98,19.03,19.09,1412000,psxdata,2026-05-11T12:51:33
UNITY,2019-02-27,18.5,18.88,18.09,18.1,6763000,psxdata,2026-05-11T12:51:33
UNITY,2019-02-28,18.29,18.9,17.8,18.67,2651000,psxdata,2026-05-11T12:51:33
UNITY,2019-03-01,18.84,19.09,18.7,18.84,1642500,psxdata,2026-05-11T12:51:33
UNITY,2019-03-04,19.0,19.0,18.7,18.8,1007000,psxdata,2026-05-11T12:51:33
UNITY,2019-03-05,18.69,18.94,17.8,17.8,2459500,psxdata,2026-05-11T12:51:33
UNITY,2019-03-06,17.6,17.87,17.19,17.49,5984500,psxdata,2026-05-11T12:51:33
UNITY,2019-03-07,17.64,17.8,17.43,17.53,2617000,psxdata,2026-05-11T12:51:33
UNITY,2019-03-08,17.56,17.64,16.82,17.06,2227500,psxdata,2026-05-11T12:51:33
UNITY,2019-03-11,17.06,17.2,16.51,16.78,2790000,psxdata,2026-05-11T12:51:33
UNITY,2019-03-12,16.85,17.18,16.52,16.98,2025500,psxdata,2026-05-11T12:51:33
UNITY,2019-03-13,12.8,13.17,12.75,13.17,5980500,psxdata,2026-05-11T12:51:33
UNITY,2019-03-14,13.89,14.17,13.79,14.17,11782500,psxdata,2026-05-11T12:51:33
UNITY,2019-03-15,14.44,14.65,13.35,13.61,6250500,psxdata,2026-05-11T12:51:33
UNITY,2019-03-18,13.75,13.9,13.25,13.72,2591500,psxdata,2026-05-11T12:51:33
UNITY,2019-03-19,13.63,13.8,13.3,13.36,1429500,psxdata,2026-05-11T12:51:33
UNITY,2019-03-20,13.39,13.45,12.99,13.07,1109500,psxdata,2026-05-11T12:51:33
UNITY,2019-03-21,13.1,13.1,12.65,12.71,1051000,psxdata,2026-05-11T12:51:33
UNITY,2019-03-22,12.52,12.9,12.38,12.52,1679000,psxdata,2026-05-11T12:51:33
UNITY,2019-03-25,12.35,12.57,11.64,11.76,1442000,psxdata,2026-05-11T12:51:33
UNITY,2019-03-26,11.85,11.99,11.35,11.9,2390000,psxdata,2026-05-11T12:51:33
UNITY,2019-03-27,11.8,12.9,11.63,12.9,6052000,psxdata,2026-05-11T12:51:33
UNITY,2019-03-28,12.9,12.99,12.4,12.53,2544500,psxdata,2026-05-11T12:51:33
UNITY,2019-03-29,12.5,13.04,12.32,12.9,2536500,psxdata,2026-05-11T12:51:33
UNITY,2019-04-01,12.7,13.0,12.62,12.78,885500,psxdata,2026-05-11T12:51:33
UNITY,2019-04-02,12.89,13.65,12.75,13.45,6586000,psxdata,2026-05-11T12:51:33
UNITY,2019-04-03,13.5,13.77,13.13,13.33,6976500,psxdata,2026-05-11T12:51:33
UNITY,2019-04-04,13.39,13.94,13.28,13.65,6091500,psxdata,2026-05-11T12:51:33
UNITY,2019-04-05,13.68,13.83,13.31,13.56,2939500,psxdata,2026-05-11T12:51:33
UNITY,2019-04-08,13.5,13.55,12.95,13.16,1939500,psxdata,2026-05-11T12:51:33
UNITY,2019-04-09,13.18,13.59,12.43,12.72,4276500,psxdata,2026-05-11T12:51:33
UNITY,2019-04-10,12.72,12.85,12.1,12.18,1900500,psxdata,2026-05-11T12:51:33
UNITY,2019-04-11,12.2,12.5,12.1,12.36,1111500,psxdata,2026-05-11T12:51:33
UNITY,2019-04-12,12.3,13.15,12.25,13.0,6082500,psxdata,2026-05-11T12:51:33
UNITY,2019-04-15,13.19,13.19,12.71,12.81,2164500,psxdata,2026-05-11T12:51:33
UNITY,2019-04-16,12.9,12.9,11.95,12.12,5532000,psxdata,2026-05-11T12:51:33
UNITY,2019-04-17,12.27,12.27,11.5,11.64,4002000,psxdata,2026-05-11T12:51:33
UNITY,2019-04-18,11.6,12.24,11.51,11.85,12614000,psxdata,2026-05-11T12:51:33
UNITY,2019-04-19,11.95,12.75,11.9,12.35,10662000,psxdata,2026-05-11T12:51:33
UNITY,2019-04-23,11.85,11.85,11.0,11.25,3654000,psxdata,2026-05-11T12:51:33
UNITY,2019-04-24,11.32,11.45,11.18,11.27,1648000,psxdata,2026-05-11T12:51:33
UNITY,2019-04-25,11.3,11.85,11.25,11.5,3791500,psxdata,2026-05-11T12:51:33
UNITY,2019-04-26,11.55,12.5,11.52,12.5,7468500,psxdata,2026-05-11T12:51:33
UNITY,2019-04-29,13.1,13.5,13.07,13.5,8093500,psxdata,2026-05-11T12:51:33
UNITY,2019-04-30,13.45,14.5,12.71,13.36,12359000,psxdata,2026-05-11T12:51:33
UNITY,2019-05-02,13.45,13.75,12.4,12.55,7035500,psxdata,2026-05-11T12:51:33
UNITY,2019-05-03,12.7,13.09,12.05,12.46,9063000,psxdata,2026-05-11T12:51:33
UNITY,2019-05-06,12.44,12.44,11.62,11.74,4194500,psxdata,2026-05-11T12:51:33
UNITY,2019-05-07,11.65,12.2,11.65,11.73,2620000,psxdata,2026-05-11T12:51:33
UNITY,2019-05-08,11.92,11.92,11.16,11.55,3490000,psxdata,2026-05-11T12:51:33
UNITY,2019-05-09,11.61,12.09,11.56,11.9,3027500,psxdata,2026-05-11T12:51:33
UNITY,2019-05-10,11.95,12.15,11.7,11.74,1715500,psxdata,2026-05-11T12:51:33
UNITY,2019-05-13,12.04,12.24,10.74,10.75,4713000,psxdata,2026-05-11T12:51:33
UNITY,2019-05-14,10.6,10.84,9.75,9.8,7091500,psxdata,2026-05-11T12:51:33
UNITY,2019-05-15,9.8,10.48,9.8,10.2,4672000,psxdata,2026-05-11T12:51:33
UNITY,2019-05-16,10.33,10.34,9.2,9.25,6502000,psxdata,2026-05-11T12:51:33
UNITY,2019-05-17,9.19,9.19,8.25,8.25,5198000,psxdata,2026-05-11T12:51:33
UNITY,2019-05-20,8.28,9.25,7.78,9.25,9530000,psxdata,2026-05-11T12:51:33
UNITY,2019-05-21,9.39,10.25,9.28,10.12,19486500,psxdata,2026-05-11T12:51:33
UNITY,2019-05-22,10.41,11.12,10.41,11.12,10426500,psxdata,2026-05-11T12:51:33
UNITY,2019-05-23,11.49,11.96,11.12,11.74,15251000,psxdata,2026-05-11T12:51:33
UNITY,2019-05-24,11.87,12.04,11.45,11.74,12258000,psxdata,2026-05-11T12:51:33
UNITY,2019-05-27,11.8,11.9,11.12,11.24,6742000,psxdata,2026-05-11T12:51:33
UNITY,2019-05-28,11.2,11.2,10.38,10.48,7903500,psxdata,2026-05-11T12:51:33
UNITY,2019-05-29,10.76,11.48,10.76,11.44,9886000,psxdata,2026-05-11T12:51:33
UNITY,2019-05-30,11.7,11.85,10.65,11.0,12743500,psxdata,2026-05-11T12:51:33
UNITY,2019-06-03,11.0,11.0,10.5,10.72,2362000,psxdata,2026-05-11T12:51:33
UNITY,2019-06-10,10.59,10.59,9.77,9.83,4305500,psxdata,2026-05-11T12:51:33
UNITY,2019-06-11,9.66,10.5,9.52,10.35,7256500,psxdata,2026-05-11T12:51:33
UNITY,2019-06-12,10.3,10.95,10.2,10.65,5953500,psxdata,2026-05-11T12:51:33
UNITY,2019-06-13,10.7,11.09,10.55,11.01,5438000,psxdata,2026-05-11T12:51:33
UNITY,2019-06-14,11.07,11.1,10.6,10.79,5737500,psxdata,2026-05-11T12:51:33
UNITY,2019-06-17,10.84,10.87,10.52,10.55,2952500,psxdata,2026-05-11T12:51:33
UNITY,2019-06-18,10.51,10.6,10.11,10.22,2292000,psxdata,2026-05-11T12:51:33
UNITY,2019-06-19,10.08,10.42,10.01,10.32,2873000,psxdata,2026-05-11T12:51:33
UNITY,2019-06-20,10.27,10.99,10.26,10.8,6670000,psxdata,2026-05-11T12:51:33
UNITY,2019-06-21,10.9,10.95,10.57,10.7,3244500,psxdata,2026-05-11T12:51:33
UNITY,2019-06-24,10.58,10.68,10.1,10.15,3281500,psxdata,2026-05-11T12:51:33
UNITY,2019-06-25,10.15,10.6,10.0,10.41,2740000,psxdata,2026-05-11T12:51:33
UNITY,2019-06-26,10.5,10.58,10.15,10.28,2319500,psxdata,2026-05-11T12:51:33
UNITY,2019-06-27,10.46,10.47,10.18,10.3,1168500,psxdata,2026-05-11T12:51:33
UNITY,2019-06-28,10.2,10.39,10.01,10.3,6129000,psxdata,2026-05-11T12:51:33
UNITY,2019-07-01,10.42,11.06,10.36,10.88,13905500,psxdata,2026-05-11T12:51:33
UNITY,2019-07-02,10.89,11.15,10.76,11.04,6215500,psxdata,2026-05-11T12:51:33
UNITY,2019-07-03,11.18,11.5,11.1,11.17,7377000,psxdata,2026-05-11T12:51:33
UNITY,2019-07-04,11.39,11.4,10.52,10.66,5248500,psxdata,2026-05-11T12:51:33
UNITY,2019-07-05,10.69,10.7,10.44,10.61,1947500,psxdata,2026-05-11T12:51:33
UNITY,2019-07-08,10.62,10.85,10.43,10.48,2863500,psxdata,2026-05-11T12:51:33
UNITY,2019-07-09,10.45,10.7,10.4,10.51,2882500,psxdata,2026-05-11T12:51:33
UNITY,2019-07-10,10.54,10.66,10.5,10.56,1158500,psxdata,2026-05-11T12:51:33
UNITY,2019-07-11,10.59,10.59,10.4,10.46,789500,psxdata,2026-05-11T12:51:33
UNITY,2019-07-12,10.42,10.5,10.1,10.19,1860000,psxdata,2026-05-11T12:51:33
UNITY,2019-07-15,10.19,10.21,9.5,9.63,2920000,psxdata,2026-05-11T12:51:33
UNITY,2019-07-16,9.65,9.95,9.5,9.9,2697000,psxdata,2026-05-11T12:51:33
UNITY,2019-07-17,9.96,10.27,9.66,9.88,4463500,psxdata,2026-05-11T12:51:33
UNITY,2019-07-18,9.9,9.93,9.35,9.45,3630500,psxdata,2026-05-11T12:51:33
UNITY,2019-07-19,9.44,9.58,9.05,9.38,3740500,psxdata,2026-05-11T12:51:33
UNITY,2019-07-22,9.49,9.57,9.21,9.47,1869000,psxdata,2026-05-11T12:51:33
UNITY,2019-07-23,9.68,9.68,9.19,9.53,8611000,psxdata,2026-05-11T12:51:33
UNITY,2019-07-24,9.69,9.92,9.47,9.72,8976000,psxdata,2026-05-11T12:51:33
UNITY,2019-07-25,9.8,9.8,9.11,9.29,4013500,psxdata,2026-05-11T12:51:33
UNITY,2019-07-26,9.15,9.32,9.0,9.07,3294000,psxdata,2026-05-11T12:51:33
UNITY,2019-07-29,9.06,9.27,9.0,9.14,1517000,psxdata,2026-05-11T12:51:33
UNITY,2019-07-30,8.99,9.27,8.99,9.06,1202000,psxdata,2026-05-11T12:51:33
UNITY,2019-07-31,9.18,9.2,8.8,9.1,1888000,psxdata,2026-05-11T12:51:33
UNITY,2019-08-01,9.05,9.21,8.81,8.87,4335500,psxdata,2026-05-11T12:51:33
UNITY,2019-08-02,8.9,8.99,8.82,8.94,1308500,psxdata,2026-05-11T12:51:33
UNITY,2019-08-05,8.9,8.9,8.5,8.6,1681000,psxdata,2026-05-11T12:51:33
UNITY,2019-08-06,8.62,8.72,8.5,8.57,511000,psxdata,2026-05-11T12:51:33
UNITY,2019-08-07,8.52,8.6,8.25,8.34,2494000,psxdata,2026-05-11T12:51:33
UNITY,2019-08-08,8.31,8.31,7.55,7.74,7769000,psxdata,2026-05-11T12:51:33
UNITY,2019-08-09,7.75,7.92,7.65,7.86,2533000,psxdata,2026-05-11T12:51:33
UNITY,2019-08-16,7.75,7.8,7.51,7.62,926500,psxdata,2026-05-11T12:51:33
UNITY,2019-08-19,7.74,8.45,7.62,8.35,5146000,psxdata,2026-05-11T12:51:33
UNITY,2019-08-20,8.45,8.59,8.24,8.29,4508000,psxdata,2026-05-11T12:51:33
UNITY,2019-08-21,8.35,8.6,8.02,8.49,3944000,psxdata,2026-05-11T12:51:33
UNITY,2019-08-22,8.6,9.49,8.54,9.48,13152000,psxdata,2026-05-11T12:51:33
UNITY,2019-08-23,9.5,9.95,9.11,9.33,18868500,psxdata,2026-05-11T12:51:33
UNITY,2019-08-26,9.17,9.29,8.45,8.57,4521000,psxdata,2026-05-11T12:51:33
UNITY,2019-08-27,8.58,8.83,8.24,8.64,7090500,psxdata,2026-05-11T12:51:33
UNITY,2019-08-28,8.64,9.01,8.56,8.72,7128500,psxdata,2026-05-11T12:51:33
UNITY,2019-08-29,8.65,8.78,8.03,8.11,1870500,psxdata,2026-05-11T12:51:33
UNITY,2019-08-30,8.2,8.3,7.75,7.84,4614000,psxdata,2026-05-11T12:51:33
UNITY,2019-09-02,7.99,8.35,7.99,8.27,2663000,psxdata,2026-05-11T12:51:33
UNITY,2019-09-03,8.24,8.56,8.01,8.07,4189000,psxdata,2026-05-11T12:51:33
UNITY,2019-09-04,8.04,8.89,8.04,8.65,9369500,psxdata,2026-05-11T12:51:33
UNITY,2019-09-05,8.84,8.98,8.25,8.37,6802500,psxdata,2026-05-11T12:51:33
UNITY,2019-09-06,8.37,8.4,8.18,8.34,1290500,psxdata,2026-05-11T12:51:33
UNITY,2019-09-11,8.46,8.46,8.09,8.17,990500,psxdata,2026-05-11T12:51:33
UNITY,2019-09-12,8.24,8.97,8.2,8.72,8972000,psxdata,2026-05-11T12:51:33
UNITY,2019-09-13,8.79,9.09,8.61,8.88,7126000,psxdata,2026-05-11T12:51:33
UNITY,2019-09-16,8.85,9.07,8.61,8.79,5693500,psxdata,2026-05-11T12:51:33
UNITY,2019-09-17,8.79,8.89,8.6,8.64,3075500,psxdata,2026-05-11T12:51:33
UNITY,2019-09-18,8.61,8.7,8.53,8.56,1607500,psxdata,2026-05-11T12:51:33
UNITY,2019-09-19,8.5,8.89,8.5,8.83,2954000,psxdata,2026-05-11T12:51:33
UNITY,2019-09-20,8.9,9.15,8.7,8.79,6457000,psxdata,2026-05-11T12:51:33
UNITY,2019-09-23,8.84,8.85,8.5,8.52,2296500,psxdata,2026-05-11T12:51:33
UNITY,2019-09-24,8.54,8.61,8.31,8.52,1682000,psxdata,2026-05-11T12:51:33
UNITY,2019-09-25,8.6,8.6,8.39,8.43,1652000,psxdata,2026-05-11T12:51:33
UNITY,2019-09-26,8.55,8.55,8.34,8.37,1179000,psxdata,2026-05-11T12:51:33
UNITY,2019-09-27,8.4,8.64,8.32,8.55,2508000,psxdata,2026-05-11T12:51:33
UNITY,2019-09-30,8.62,8.93,8.6,8.83,3630000,psxdata,2026-05-11T12:51:33
UNITY,2019-10-01,8.77,9.39,8.71,9.18,19427500,psxdata,2026-05-11T12:51:33
UNITY,2019-10-02,9.26,9.6,9.16,9.5,15966000,psxdata,2026-05-11T12:51:33
UNITY,2019-10-03,9.46,10.4,9.46,10.22,22745000,psxdata,2026-05-11T12:51:33
UNITY,2019-10-04,10.18,10.3,9.8,9.93,13530500,psxdata,2026-05-11T12:51:33
UNITY,2019-10-07,9.9,10.69,9.75,10.2,24708500,psxdata,2026-05-11T12:51:33
UNITY,2019-10-08,10.29,10.75,9.92,10.48,21568000,psxdata,2026-05-11T12:51:33
UNITY,2019-10-09,10.62,11.2,10.62,10.95,26068000,psxdata,2026-05-11T12:51:33
UNITY,2019-10-10,11.05,11.34,10.82,11.21,15078500,psxdata,2026-05-11T12:51:33
UNITY,2019-10-11,11.38,11.54,10.9,11.09,15584500,psxdata,2026-05-11T12:51:33
UNITY,2019-10-14,11.05,11.1,10.65,10.72,8413500,psxdata,2026-05-11T12:51:33
UNITY,2019-10-15,10.9,11.09,10.67,11.01,5322500,psxdata,2026-05-11T12:51:33
UNITY,2019-10-16,11.01,11.16,10.75,10.8,10200500,psxdata,2026-05-11T12:51:33
UNITY,2019-10-17,10.9,10.93,10.66,10.71,4167500,psxdata,2026-05-11T12:51:33
UNITY,2019-10-18,10.71,10.87,10.31,10.4,4070000,psxdata,2026-05-11T12:51:33
UNITY,2019-10-21,10.45,10.45,9.74,9.79,6252500,psxdata,2026-05-11T12:51:33
UNITY,2019-10-22,9.99,9.99,9.75,9.82,2194000,psxdata,2026-05-11T12:51:33
UNITY,2019-10-23,9.9,10.2,9.87,10.09,5152500,psxdata,2026-05-11T12:51:33
UNITY,2019-10-24,10.12,10.44,10.11,10.18,3566000,psxdata,2026-05-11T12:51:33
UNITY,2019-10-25,10.25,10.57,10.2,10.32,5647500,psxdata,2026-05-11T12:51:33
UNITY,2019-10-28,10.5,10.68,10.2,10.57,6108000,psxdata,2026-05-11T12:51:33
UNITY,2019-10-29,10.57,10.73,10.4,10.56,5259000,psxdata,2026-05-11T12:51:33
UNITY,2019-10-30,10.64,10.75,10.25,10.33,7484500,psxdata,2026-05-11T12:51:33
UNITY,2019-10-31,10.31,10.63,10.3,10.51,2872000,psxdata,2026-05-11T12:51:33
UNITY,2019-11-01,10.52,10.65,10.32,10.39,3994500,psxdata,2026-05-11T12:51:33
UNITY,2019-11-04,10.46,10.9,10.42,10.7,8714500,psxdata,2026-05-11T12:51:33
UNITY,2019-11-05,10.75,10.97,10.55,10.66,7717000,psxdata,2026-05-11T12:51:33
UNITY,2019-11-06,10.66,11.24,10.66,10.96,14608500,psxdata,2026-05-11T12:51:33
UNITY,2019-11-07,11.02,11.1,10.61,10.68,5086000,psxdata,2026-05-11T12:51:33
UNITY,2019-11-08,10.69,10.9,10.6,10.66,2758500,psxdata,2026-05-11T12:51:33
UNITY,2019-11-11,10.88,11.12,10.76,11.01,7448000,psxdata,2026-05-11T12:51:33
UNITY,2019-11-12,11.19,11.44,11.05,11.18,16150500,psxdata,2026-05-11T12:51:33
UNITY,2019-11-13,11.2,11.7,11.01,11.66,16463500,psxdata,2026-05-11T12:51:33
UNITY,2019-11-14,11.85,11.98,11.45,11.55,9857500,psxdata,2026-05-11T12:51:33
UNITY,2019-11-15,11.58,11.67,11.41,11.59,6238500,psxdata,2026-05-11T12:51:33
UNITY,2019-11-18,11.75,12.05,11.62,11.69,11672000,psxdata,2026-05-11T12:51:33
UNITY,2019-11-19,11.82,11.85,11.35,11.37,5623500,psxdata,2026-05-11T12:51:33
UNITY,2019-11-20,11.49,11.68,11.26,11.45,7600000,psxdata,2026-05-11T12:51:33
UNITY,2019-11-21,11.4,11.6,10.81,10.85,8494500,psxdata,2026-05-11T12:51:33
UNITY,2019-11-22,10.76,11.17,10.66,11.09,4441000,psxdata,2026-05-11T12:51:33
UNITY,2019-11-25,11.2,12.09,11.1,12.09,18620000,psxdata,2026-05-11T12:51:33
UNITY,2019-11-26,12.6,13.09,11.51,12.94,58079000,psxdata,2026-05-11T12:51:33
UNITY,2019-11-27,13.0,13.25,12.7,12.99,24032000,psxdata,2026-05-11T12:51:33
UNITY,2019-11-28,12.82,13.8,12.82,13.42,20423500,psxdata,2026-05-11T12:51:33
UNITY,2019-11-29,13.56,13.67,12.92,13.08,9969500,psxdata,2026-05-11T12:51:33
UNITY,2019-12-02,13.14,13.35,12.51,13.21,37700000,psxdata,2026-05-11T12:51:33
UNITY,2019-12-03,13.39,13.4,12.81,12.88,15050000,psxdata,2026-05-11T12:51:33
UNITY,2019-12-04,12.9,13.35,12.77,13.06,26851000,psxdata,2026-05-11T12:51:33
UNITY,2019-12-05,13.2,13.6,13.07,13.14,35241000,psxdata,2026-05-11T12:51:33
UNITY,2019-12-06,13.24,14.14,13.1,13.96,53506000,psxdata,2026-05-11T12:51:33
UNITY,2019-12-09,14.07,14.37,13.16,13.29,26850000,psxdata,2026-05-11T12:51:33
UNITY,2019-12-10,13.33,14.2,13.06,14.05,30544500,psxdata,2026-05-11T12:51:33
UNITY,2019-12-11,14.31,14.85,14.3,14.66,44521000,psxdata,2026-05-11T12:51:33
UNITY,2019-12-12,14.7,15.07,14.15,14.9,37752500,psxdata,2026-05-11T12:51:33
UNITY,2019-12-13,15.1,15.43,14.8,15.36,28273000,psxdata,2026-05-11T12:51:33
UNITY,2019-12-16,15.49,16.13,15.47,15.81,31387500,psxdata,2026-05-11T12:51:33
UNITY,2019-12-17,15.95,16.0,15.05,15.54,26213000,psxdata,2026-05-11T12:51:33
UNITY,2019-12-18,15.2,15.5,15.06,15.15,14269000,psxdata,2026-05-11T12:51:33
UNITY,2019-12-19,15.15,15.65,14.15,14.7,26395500,psxdata,2026-05-11T12:51:33
UNITY,2019-12-20,14.95,15.17,14.6,14.79,8738000,psxdata,2026-05-11T12:51:33
UNITY,2019-12-23,14.8,14.8,13.81,13.97,11940000,psxdata,2026-05-11T12:51:33
UNITY,2019-12-24,13.81,14.97,13.59,14.97,13417500,psxdata,2026-05-11T12:51:33
UNITY,2019-12-26,15.7,15.97,15.4,15.97,27199500,psxdata,2026-05-11T12:51:33
UNITY,2019-12-27,16.15,16.31,15.5,15.69,22683000,psxdata,2026-05-11T12:51:33
UNITY,2019-12-30,15.8,16.11,15.7,15.9,10737000,psxdata,2026-05-11T12:51:33
UNITY,2019-12-31,16.0,16.48,15.8,16.11,21496000,psxdata,2026-05-11T12:51:33
UNITY,2020-01-01,16.15,16.89,16.05,16.83,26567500,psxdata,2026-05-11T12:51:33
UNITY,2020-01-02,17.0,17.44,16.85,17.25,20120500,psxdata,2026-05-11T12:51:33
UNITY,2020-01-03,17.3,17.35,16.3,16.59,20792000,psxdata,2026-05-11T12:51:33
UNITY,2020-01-06,15.97,16.29,15.59,15.59,17565500,psxdata,2026-05-11T12:51:33
UNITY,2020-01-07,15.9,16.13,15.8,15.94,11423500,psxdata,2026-05-11T12:51:33
UNITY,2020-01-08,15.6,15.78,15.07,15.19,10328500,psxdata,2026-05-11T12:51:33
UNITY,2020-01-09,15.96,16.19,15.77,16.14,24311000,psxdata,2026-05-11T12:51:33
UNITY,2020-01-10,16.18,16.25,15.81,15.97,19990000,psxdata,2026-05-11T12:51:33
UNITY,2020-01-13,15.76,16.1,15.75,15.92,13996500,psxdata,2026-05-11T12:51:33
UNITY,2020-01-14,16.03,16.03,15.8,15.84,5356000,psxdata,2026-05-11T12:51:33
UNITY,2020-01-15,15.94,15.94,15.42,15.49,6568000,psxdata,2026-05-11T12:51:33
UNITY,2020-01-16,15.35,15.8,15.35,15.6,5488000,psxdata,2026-05-11T12:51:33
UNITY,2020-01-17,15.56,15.79,15.56,15.64,4161000,psxdata,2026-05-11T12:51:33
UNITY,2020-01-20,15.56,15.64,15.13,15.22,3462500,psxdata,2026-05-11T12:51:33
UNITY,2020-01-21,15.35,15.39,15.02,15.1,2479000,psxdata,2026-05-11T12:51:33
UNITY,2020-01-22,15.25,15.25,14.25,14.51,8514000,psxdata,2026-05-11T12:51:33
UNITY,2020-01-23,14.65,14.85,14.4,14.48,7450000,psxdata,2026-05-11T12:51:33
UNITY,2020-01-24,14.5,14.56,14.1,14.18,9995500,psxdata,2026-05-11T12:51:33
UNITY,2020-01-27,14.26,14.39,14.0,14.09,5436000,psxdata,2026-05-11T12:51:33
UNITY,2020-01-28,14.02,14.27,13.9,14.11,9870500,psxdata,2026-05-11T12:51:33
UNITY,2020-01-29,14.15,14.24,13.83,13.92,5798000,psxdata,2026-05-11T12:51:33
UNITY,2020-01-30,13.85,14.0,13.73,13.84,10040000,psxdata,2026-05-11T12:51:33
UNITY,2020-01-31,13.88,14.44,13.81,13.98,24033000,psxdata,2026-05-11T12:51:33
UNITY,2020-02-03,13.85,13.85,13.6,13.74,7707000,psxdata,2026-05-11T12:51:33
UNITY,2020-02-04,13.97,14.04,13.8,13.83,8318000,psxdata,2026-05-11T12:51:33
UNITY,2020-02-06,13.83,13.96,13.53,13.6,6884000,psxdata,2026-05-11T12:51:33
UNITY,2020-02-07,13.6,13.6,12.6,12.66,14431500,psxdata,2026-05-11T12:51:33
UNITY,2020-02-10,12.56,12.6,11.72,11.76,11651500,psxdata,2026-05-11T12:51:33
UNITY,2020-02-11,11.84,12.31,11.55,12.21,12578500,psxdata,2026-05-11T12:51:33
UNITY,2020-02-12,12.39,12.68,12.2,12.56,10546500,psxdata,2026-05-11T12:51:33
UNITY,2020-02-13,12.81,13.56,12.77,13.29,22382000,psxdata,2026-05-11T12:51:33
UNITY,2020-02-14,13.37,13.49,13.0,13.07,8452500,psxdata,2026-05-11T12:51:33
UNITY,2020-02-17,13.15,13.88,13.08,13.82,16257500,psxdata,2026-05-11T12:51:33
UNITY,2020-02-18,13.81,14.03,13.58,13.9,13375500,psxdata,2026-05-11T12:51:33
UNITY,2020-02-19,14.1,14.82,14.1,14.63,21639500,psxdata,2026-05-11T12:51:33
UNITY,2020-02-20,14.75,14.85,14.33,14.43,8074000,psxdata,2026-05-11T12:51:33
UNITY,2020-02-21,14.37,14.48,14.2,14.27,5598500,psxdata,2026-05-11T12:51:33
UNITY,2020-02-24,14.17,14.17,13.27,13.27,11547500,psxdata,2026-05-11T12:51:33
UNITY,2020-02-25,12.99,13.7,12.97,13.55,10025000,psxdata,2026-05-11T12:51:33
UNITY,2020-02-26,13.55,14.14,13.31,13.45,29780500,psxdata,2026-05-11T12:51:33
UNITY,2020-02-27,13.2,13.2,12.5,12.95,29428000,psxdata,2026-05-11T12:51:33
UNITY,2020-02-28,12.81,13.3,12.7,12.98,14049500,psxdata,2026-05-11T12:51:33
UNITY,2020-03-02,13.1,13.8,13.1,13.73,11865500,psxdata,2026-05-11T12:51:33
UNITY,2020-03-03,13.9,14.29,13.52,14.14,20499500,psxdata,2026-05-11T12:51:33
UNITY,2020-03-04,14.1,14.5,13.91,14.05,10763000,psxdata,2026-05-11T12:51:33
UNITY,2020-03-05,14.27,14.89,13.83,14.02,25983000,psxdata,2026-05-11T12:51:33
UNITY,2020-03-06,13.91,13.92,13.46,13.51,12325000,psxdata,2026-05-11T12:51:33
UNITY,2020-03-09,12.95,13.6,12.51,13.38,13411500,psxdata,2026-05-11T12:51:33
UNITY,2020-03-10,13.55,13.7,13.25,13.42,7172000,psxdata,2026-05-11T12:51:33
UNITY,2020-03-11,13.54,13.78,13.0,13.14,7568500,psxdata,2026-05-11T12:51:33
UNITY,2020-03-12,12.99,12.99,12.4,12.5,7065000,psxdata,2026-05-11T12:51:33
UNITY,2020-03-13,12.15,12.46,11.55,12.34,7521500,psxdata,2026-05-11T12:51:33
UNITY,2020-03-16,12.01,12.2,11.34,11.34,9349000,psxdata,2026-05-11T12:51:33
UNITY,2020-03-17,11.05,11.75,10.36,10.64,10341500,psxdata,2026-05-11T12:51:33
UNITY,2020-03-18,10.22,10.26,9.64,9.64,5410500,psxdata,2026-05-11T12:51:33
UNITY,2020-03-19,8.64,9.4,8.64,8.75,19327500,psxdata,2026-05-11T12:51:33
UNITY,2020-03-20,9.3,9.5,8.5,8.71,13267500,psxdata,2026-05-11T12:51:33
UNITY,2020-03-24,7.92,8.2,7.8,7.89,11911500,psxdata,2026-05-11T12:51:33
UNITY,2020-03-25,8.49,8.49,8.01,8.16,7082500,psxdata,2026-05-11T12:51:33
UNITY,2020-03-26,8.15,8.98,8.15,8.39,15140000,psxdata,2026-05-11T12:51:33
UNITY,2020-03-27,8.5,9.02,7.9,8.87,11264500,psxdata,2026-05-11T12:51:33
UNITY,2020-03-30,8.95,9.15,8.52,8.99,6862500,psxdata,2026-05-11T12:51:33
UNITY,2020-03-31,9.02,9.99,9.0,9.88,11954500,psxdata,2026-05-11T12:51:33
UNITY,2020-04-01,10.05,10.25,9.66,9.74,10231000,psxdata,2026-05-11T12:51:33
UNITY,2020-04-02,9.71,10.63,9.51,10.45,19039500,psxdata,2026-05-11T12:51:33
UNITY,2020-04-03,10.7,11.0,10.34,10.51,13042000,psxdata,2026-05-11T12:51:33
UNITY,2020-04-06,10.55,10.55,9.52,9.58,11409000,psxdata,2026-05-11T12:51:33
UNITY,2020-04-07,9.65,10.0,9.65,9.93,6438500,psxdata,2026-05-11T12:51:33
UNITY,2020-04-08,10.24,10.93,10.12,10.63,28766000,psxdata,2026-05-11T12:51:33
UNITY,2020-04-09,10.68,10.92,10.63,10.66,12418000,psxdata,2026-05-11T12:51:33
UNITY,2020-04-10,10.56,10.66,10.32,10.55,4293000,psxdata,2026-05-11T12:51:33
UNITY,2020-04-13,10.46,10.48,9.99,10.03,5835500,psxdata,2026-05-11T12:51:33
UNITY,2020-04-14,10.03,10.28,9.92,10.21,4071000,psxdata,2026-05-11T12:51:33
UNITY,2020-04-15,10.3,10.6,10.21,10.29,6249000,psxdata,2026-05-11T12:51:33
UNITY,2020-04-16,10.3,10.85,10.15,10.75,10897000,psxdata,2026-05-11T12:51:33
UNITY,2020-04-17,11.6,11.75,11.32,11.75,17957500,psxdata,2026-05-11T12:51:33
UNITY,2020-04-20,12.2,12.21,11.35,11.61,17209000,psxdata,2026-05-11T12:51:33
UNITY,2020-04-21,11.25,11.4,10.86,10.99,10037500,psxdata,2026-05-11T12:51:33
UNITY,2020-04-22,10.91,11.19,10.55,11.05,6605000,psxdata,2026-05-11T12:51:33
UNITY,2020-04-23,11.29,11.58,11.04,11.44,8874000,psxdata,2026-05-11T12:51:33
UNITY,2020-04-24,11.37,11.75,11.22,11.31,8019500,psxdata,2026-05-11T12:51:33
UNITY,2020-04-27,11.2,11.28,10.89,10.94,6005500,psxdata,2026-05-11T12:51:33
UNITY,2020-04-28,10.91,11.45,10.51,11.33,20561000,psxdata,2026-05-11T12:51:33
UNITY,2020-04-29,11.31,11.5,11.21,11.23,5035500,psxdata,2026-05-11T12:51:33
UNITY,2020-04-30,11.35,11.65,11.3,11.53,13482500,psxdata,2026-05-11T12:51:33
UNITY,2020-05-04,11.33,12.1,11.15,11.89,12168000,psxdata,2026-05-11T12:51:33
UNITY,2020-05-05,12.25,12.71,12.1,12.62,25445000,psxdata,2026-05-11T12:51:33
UNITY,2020-05-06,12.82,13.04,12.55,12.71,20467500,psxdata,2026-05-11T12:51:33
UNITY,2020-05-07,12.67,12.7,12.31,12.39,7684000,psxdata,2026-05-11T12:51:33
UNITY,2020-05-08,12.4,12.85,12.34,12.79,9294000,psxdata,2026-05-11T12:51:33
UNITY,2020-05-11,12.89,13.28,12.75,13.15,15150500,psxdata,2026-05-11T12:51:33
UNITY,2020-05-12,13.38,13.55,12.65,12.85,23139000,psxdata,2026-05-11T12:51:33
UNITY,2020-05-13,12.85,12.85,12.6,12.78,5820000,psxdata,2026-05-11T12:51:33
UNITY,2020-05-14,12.78,13.27,12.67,13.14,18644000,psxdata,2026-05-11T12:51:33
UNITY,2020-05-15,13.2,13.27,12.9,12.96,4862000,psxdata,2026-05-11T12:51:33
UNITY,2020-05-18,13.12,13.13,12.55,12.67,8881000,psxdata,2026-05-11T12:51:33
UNITY,2020-05-19,12.75,12.95,12.55,12.62,6334500,psxdata,2026-05-11T12:51:33
UNITY,2020-05-20,12.6,12.76,12.27,12.44,9255000,psxdata,2026-05-11T12:51:33
UNITY,2020-05-21,12.49,12.54,12.15,12.28,5777000,psxdata,2026-05-11T12:51:33
UNITY,2020-05-28,12.4,13.28,12.3,13.28,21174000,psxdata,2026-05-11T12:51:33
UNITY,2020-05-29,13.4,13.84,13.35,13.45,25846500,psxdata,2026-05-11T12:51:33
UNITY,2020-06-01,13.43,13.93,13.25,13.67,14232500,psxdata,2026-05-11T12:51:33
UNITY,2020-06-02,13.65,13.86,13.16,13.23,10902000,psxdata,2026-05-11T12:51:33
UNITY,2020-06-03,13.27,13.4,12.92,13.01,4244500,psxdata,2026-05-11T12:51:33
UNITY,2020-06-04,13.01,13.2,12.76,12.8,11305500,psxdata,2026-05-11T12:51:33
UNITY,2020-06-05,12.75,13.05,12.71,12.96,3834000,psxdata,2026-05-11T12:51:33
UNITY,2020-06-08,13.16,13.32,13.05,13.11,8058000,psxdata,2026-05-11T12:51:33
UNITY,2020-06-09,13.19,13.19,12.95,13.0,6553000,psxdata,2026-05-11T12:51:33
UNITY,2020-06-10,13.0,13.14,12.8,12.84,8958000,psxdata,2026-05-11T12:51:33
UNITY,2020-06-11,12.85,13.09,12.73,12.99,10804000,psxdata,2026-05-11T12:51:33
UNITY,2020-06-12,12.7,12.85,12.55,12.67,10801500,psxdata,2026-05-11T12:51:33
UNITY,2020-06-15,12.85,13.25,12.71,12.96,45382500,psxdata,2026-05-11T12:51:33
UNITY,2020-06-16,12.98,13.2,12.69,13.01,20626000,psxdata,2026-05-11T12:51:33
UNITY,2020-06-17,13.14,13.14,12.01,12.04,43947500,psxdata,2026-05-11T12:51:33
UNITY,2020-06-18,12.08,12.15,11.41,11.61,23975000,psxdata,2026-05-11T12:51:33
UNITY,2020-06-19,11.5,11.75,11.41,11.53,7256500,psxdata,2026-05-11T12:51:33
UNITY,2020-06-22,11.44,11.5,10.88,11.34,11539000,psxdata,2026-05-11T12:51:33
UNITY,2020-06-23,11.26,11.78,11.26,11.74,11054500,psxdata,2026-05-11T12:51:33
UNITY,2020-06-24,11.72,12.08,11.53,11.61,12642500,psxdata,2026-05-11T12:51:33
UNITY,2020-06-25,11.51,11.59,11.4,11.43,4716500,psxdata,2026-05-11T12:51:33
UNITY,2020-06-26,11.85,11.85,11.11,11.17,10668000,psxdata,2026-05-11T12:51:33
UNITY,2020-06-29,11.15,11.3,11.0,11.13,2651000,psxdata,2026-05-11T12:51:33
UNITY,2020-06-30,11.15,11.3,11.12,11.15,1944000,psxdata,2026-05-11T12:51:33
UNITY,2020-07-01,11.18,11.4,11.18,11.35,3203500,psxdata,2026-05-11T12:51:33
UNITY,2020-07-02,11.4,11.6,11.37,11.5,6486000,psxdata,2026-05-11T12:51:33
UNITY,2020-07-03,11.6,11.98,11.6,11.72,8058500,psxdata,2026-05-11T12:51:33
UNITY,2020-07-06,11.69,11.83,11.61,11.69,3978500,psxdata,2026-05-11T12:51:33
UNITY,2020-07-07,11.74,11.92,11.61,11.7,3673000,psxdata,2026-05-11T12:51:33
UNITY,2020-07-08,11.7,11.85,11.64,11.75,2854500,psxdata,2026-05-11T12:51:33
UNITY,2020-07-09,11.78,12.75,11.78,12.75,40652000,psxdata,2026-05-11T12:51:33
UNITY,2020-07-10,13.01,13.14,12.35,12.59,27984000,psxdata,2026-05-11T12:51:33
UNITY,2020-07-13,12.58,12.65,12.35,12.46,9229500,psxdata,2026-05-11T12:51:33
UNITY,2020-07-14,12.5,13.03,12.48,12.86,20096000,psxdata,2026-05-11T12:51:33
UNITY,2020-07-15,13.02,13.13,12.51,12.56,21793000,psxdata,2026-05-11T12:51:33
UNITY,2020-07-16,11.96,12.07,11.63,11.91,18223500,psxdata,2026-05-11T12:51:33
UNITY,2020-07-17,11.91,12.85,11.9,12.62,22147500,psxdata,2026-05-11T12:51:33
UNITY,2020-07-20,12.67,12.92,12.57,12.7,15522500,psxdata,2026-05-11T12:51:33
UNITY,2020-07-21,12.8,12.8,12.3,12.36,9775000,psxdata,2026-05-11T12:51:33
UNITY,2020-07-22,12.41,12.9,12.35,12.79,20098500,psxdata,2026-05-11T12:51:33
UNITY,2020-07-23,13.06,13.23,12.37,12.63,38126500,psxdata,2026-05-11T12:51:33
UNITY,2020-07-24,12.63,12.98,12.44,12.72,21638500,psxdata,2026-05-11T12:51:33
UNITY,2020-07-27,12.75,12.95,12.73,12.76,4596500,psxdata,2026-05-11T12:51:33
UNITY,2020-07-28,12.89,12.94,12.61,12.68,7916000,psxdata,2026-05-11T12:51:33
UNITY,2020-07-29,12.75,12.84,12.5,12.55,7587000,psxdata,2026-05-11T12:51:33
UNITY,2020-07-30,12.75,12.8,12.39,12.45,9308500,psxdata,2026-05-11T12:51:33
UNITY,2020-08-03,12.45,12.7,12.3,12.33,8661000,psxdata,2026-05-11T12:51:33
UNITY,2020-08-04,12.4,12.83,11.85,12.6,29335000,psxdata,2026-05-11T12:51:33
UNITY,2020-08-05,12.6,12.68,12.4,12.44,8303500,psxdata,2026-05-11T12:51:33
UNITY,2020-08-06,12.55,12.6,12.16,12.24,8898500,psxdata,2026-05-11T12:51:33
UNITY,2020-08-07,12.25,13.24,12.24,13.24,50407000,psxdata,2026-05-11T12:51:33
UNITY,2020-08-10,13.4,13.9,13.15,13.23,26787000,psxdata,2026-05-11T12:51:33
UNITY,2020-08-11,13.26,13.46,13.0,13.16,22904500,psxdata,2026-05-11T12:51:33
UNITY,2020-08-12,13.16,13.38,12.81,12.9,19685000,psxdata,2026-05-11T12:51:33
UNITY,2020-08-13,12.9,13.9,12.7,13.9,60265500,psxdata,2026-05-11T12:51:33
UNITY,2020-08-17,14.21,14.78,14.14,14.26,37368500,psxdata,2026-05-11T12:51:33
UNITY,2020-08-18,14.29,14.55,13.81,13.93,15503000,psxdata,2026-05-11T12:51:33
UNITY,2020-08-19,14.05,14.36,13.92,13.99,11789000,psxdata,2026-05-11T12:51:33
UNITY,2020-08-20,14.19,14.65,14.1,14.35,20135500,psxdata,2026-05-11T12:51:33
UNITY,2020-08-21,14.42,14.78,14.27,14.37,16772500,psxdata,2026-05-11T12:51:33
UNITY,2020-08-24,14.35,14.48,13.9,14.29,9248000,psxdata,2026-05-11T12:51:33
UNITY,2020-08-25,14.39,14.74,14.21,14.29,15623500,psxdata,2026-05-11T12:51:33
UNITY,2020-08-26,14.37,14.45,14.15,14.23,7232000,psxdata,2026-05-11T12:51:33
UNITY,2020-08-27,14.25,14.55,14.1,14.16,11680500,psxdata,2026-05-11T12:51:33
UNITY,2020-08-28,14.1,14.35,13.9,13.94,7917500,psxdata,2026-05-11T12:51:33
UNITY,2020-08-31,14.0,14.1,13.8,13.86,9243000,psxdata,2026-05-11T12:51:33
UNITY,2020-09-01,13.88,14.84,13.81,14.72,45769500,psxdata,2026-05-11T12:51:33
UNITY,2020-09-02,14.92,15.28,14.81,15.04,28186000,psxdata,2026-05-11T12:51:33
UNITY,2020-09-03,15.16,15.9,15.0,15.73,51414500,psxdata,2026-05-11T12:51:33
UNITY,2020-09-04,15.65,16.35,15.1,16.13,41349500,psxdata,2026-05-11T12:51:33
UNITY,2020-09-07,16.3,16.45,15.9,16.23,22616000,psxdata,2026-05-11T12:51:33
UNITY,2020-09-08,16.21,16.28,15.33,15.56,16556000,psxdata,2026-05-11T12:51:33
UNITY,2020-09-09,15.49,15.86,15.16,15.59,8750000,psxdata,2026-05-11T12:51:33
UNITY,2020-09-10,15.85,16.2,15.53,15.63,14043500,psxdata,2026-05-11T12:51:33
UNITY,2020-09-11,15.75,15.9,15.45,15.53,4923500,psxdata,2026-05-11T12:51:33
UNITY,2020-09-14,15.53,16.24,15.53,16.14,25349500,psxdata,2026-05-11T12:51:33
UNITY,2020-09-15,16.2,16.76,15.95,16.09,36658500,psxdata,2026-05-11T12:51:33
UNITY,2020-09-16,16.19,16.65,15.87,16.31,20210000,psxdata,2026-05-11T12:51:33
UNITY,2020-09-17,16.6,17.17,16.43,16.83,45248500,psxdata,2026-05-11T12:51:33
UNITY,2020-09-18,16.65,18.09,16.65,18.09,45277000,psxdata,2026-05-11T12:51:33
UNITY,2020-09-21,18.5,19.3,17.95,18.35,48202000,psxdata,2026-05-11T12:51:33
UNITY,2020-09-22,18.39,18.5,17.68,17.95,29797500,psxdata,2026-05-11T12:51:33
UNITY,2020-09-23,17.25,18.5,17.25,18.01,51805500,psxdata,2026-05-11T12:51:33
UNITY,2020-09-24,18.0,18.5,17.8,18.04,33183500,psxdata,2026-05-11T12:51:33
UNITY,2020-09-25,18.39,18.54,17.8,17.96,47495500,psxdata,2026-05-11T12:51:33
UNITY,2020-09-28,18.18,18.2,17.25,17.45,21245000,psxdata,2026-05-11T12:51:33
UNITY,2020-09-29,17.46,17.79,17.25,17.47,22625000,psxdata,2026-05-11T12:51:33
UNITY,2020-09-30,17.75,17.96,16.5,16.65,66237500,psxdata,2026-05-11T12:51:33
UNITY,2020-10-01,16.55,16.81,15.76,16.16,26060500,psxdata,2026-05-11T12:51:33
UNITY,2020-10-02,16.24,16.37,14.95,15.08,24239000,psxdata,2026-05-11T12:51:33
UNITY,2020-10-05,14.99,15.2,13.95,13.98,31983500,psxdata,2026-05-11T12:51:33
UNITY,2020-10-06,14.05,14.97,13.76,14.76,36809000,psxdata,2026-05-11T12:51:33
UNITY,2020-10-07,15.14,15.86,14.85,15.86,34565000,psxdata,2026-05-11T12:51:33
UNITY,2020-10-08,16.15,16.9,15.8,16.59,56315000,psxdata,2026-05-11T12:51:33
UNITY,2020-10-09,16.78,17.44,16.6,17.27,34991000,psxdata,2026-05-11T12:51:33
UNITY,2020-10-12,17.25,17.45,16.06,16.29,19682500,psxdata,2026-05-11T12:51:33
UNITY,2020-10-13,16.21,16.9,15.91,16.67,19119000,psxdata,2026-05-11T12:51:33
UNITY,2020-10-14,16.85,17.15,16.73,17.01,21504500,psxdata,2026-05-11T12:51:33
UNITY,2020-10-15,17.18,17.27,16.62,16.71,17469000,psxdata,2026-05-11T12:51:33
UNITY,2020-10-16,16.71,17.95,16.6,17.72,45064500,psxdata,2026-05-11T12:51:33
UNITY,2020-10-19,17.72,19.04,17.72,19.0,53658500,psxdata,2026-05-11T12:51:33
UNITY,2020-10-20,19.26,20.08,19.04,19.54,77967500,psxdata,2026-05-11T12:51:33
UNITY,2020-10-21,19.74,21.0,19.73,21.0,64481500,psxdata,2026-05-11T12:51:33
UNITY,2020-10-22,21.3,22.24,21.16,21.77,61308000,psxdata,2026-05-11T12:51:33
UNITY,2020-10-23,21.69,22.13,21.3,21.39,24362000,psxdata,2026-05-11T12:51:33
UNITY,2020-10-26,21.61,22.2,21.5,21.67,29828000,psxdata,2026-05-11T12:51:33
UNITY,2020-10-27,21.76,23.17,21.7,22.71,77190500,psxdata,2026-05-11T12:51:33
UNITY,2020-10-28,22.9,23.6,22.11,23.17,60250500,psxdata,2026-05-11T12:51:33
UNITY,2020-10-29,23.0,23.55,21.7,22.9,60515500,psxdata,2026-05-11T12:51:33
UNITY,2020-11-02,22.6,23.5,22.17,23.27,31221500,psxdata,2026-05-11T12:51:33
UNITY,2020-11-03,23.72,24.59,23.72,24.14,42931500,psxdata,2026-05-11T12:51:33
UNITY,2020-11-04,24.39,24.39,22.6,23.2,47732500,psxdata,2026-05-11T12:51:33
UNITY,2020-11-05,23.6,23.65,22.7,23.31,32343500,psxdata,2026-05-11T12:51:33
UNITY,2020-11-06,23.25,24.4,23.1,23.95,49035000,psxdata,2026-05-11T12:51:33
UNITY,2020-11-09,24.2,24.28,23.55,23.64,15648500,psxdata,2026-05-11T12:51:33
UNITY,2020-11-10,24.02,24.09,23.19,23.3,21434000,psxdata,2026-05-11T12:51:33
UNITY,2020-11-11,23.3,23.54,22.95,23.13,12665000,psxdata,2026-05-11T12:51:33
UNITY,2020-11-12,23.18,23.2,22.1,22.35,29691500,psxdata,2026-05-11T12:51:33
UNITY,2020-11-13,22.36,22.98,22.21,22.53,19558500,psxdata,2026-05-11T12:51:33
UNITY,2020-11-16,22.64,23.09,22.37,22.51,7616000,psxdata,2026-05-11T12:51:33
UNITY,2020-11-17,22.67,22.99,22.67,22.83,7856000,psxdata,2026-05-11T12:51:33
UNITY,2020-11-18,22.85,23.15,22.76,22.86,8830500,psxdata,2026-05-11T12:51:33
UNITY,2020-11-19,22.97,23.45,22.86,23.33,17812500,psxdata,2026-05-11T12:51:33
UNITY,2020-11-20,23.3,24.29,23.3,23.72,39722500,psxdata,2026-05-11T12:51:33
UNITY,2020-11-23,23.6,23.6,22.9,23.12,15418000,psxdata,2026-05-11T12:51:33
UNITY,2020-11-24,23.3,23.73,23.21,23.58,19008000,psxdata,2026-05-11T12:51:33
UNITY,2020-11-25,23.76,23.95,22.85,23.19,20846000,psxdata,2026-05-11T12:51:33
UNITY,2020-11-26,23.3,24.92,23.21,24.84,50024000,psxdata,2026-05-11T12:51:33
UNITY,2020-11-27,25.0,25.94,24.61,25.46,53464500,psxdata,2026-05-11T12:51:33
UNITY,2020-11-30,25.2,25.85,25.01,25.66,19505000,psxdata,2026-05-11T12:51:33
UNITY,2020-12-01,25.66,27.58,25.64,27.47,67865000,psxdata,2026-05-11T12:51:33
UNITY,2020-12-02,27.38,27.68,26.86,27.2,39756000,psxdata,2026-05-11T12:51:33
UNITY,2020-12-03,27.26,27.64,27.0,27.26,23743000,psxdata,2026-05-11T12:51:33
UNITY,2020-12-04,27.2,27.56,26.95,27.23,17435500,psxdata,2026-05-11T12:51:33
UNITY,2020-12-07,27.39,28.25,27.15,27.78,33255500,psxdata,2026-05-11T12:51:33
UNITY,2020-12-08,28.0,28.06,27.2,27.3,21000000,psxdata,2026-05-11T12:51:33
UNITY,2020-12-09,27.31,28.1,26.95,27.92,26151500,psxdata,2026-05-11T12:51:33
UNITY,2020-12-10,28.05,29.05,27.82,28.43,35614500,psxdata,2026-05-11T12:51:33
UNITY,2020-12-11,28.75,28.95,27.87,28.25,35204000,psxdata,2026-05-11T12:51:33
UNITY,2020-12-14,28.31,28.86,28.28,28.61,14918000,psxdata,2026-05-11T12:51:33
UNITY,2020-12-15,28.74,28.88,28.0,28.15,14297500,psxdata,2026-05-11T12:51:33
UNITY,2020-12-16,28.19,28.45,27.9,28.02,10741500,psxdata,2026-05-11T12:51:33
UNITY,2020-12-17,28.03,28.5,27.92,28.32,9559500,psxdata,2026-05-11T12:51:33
UNITY,2020-12-18,28.5,28.66,27.93,28.06,15217500,psxdata,2026-05-11T12:51:33
UNITY,2020-12-21,28.05,28.46,27.55,27.62,14682000,psxdata,2026-05-11T12:51:33
UNITY,2020-12-22,27.5,28.01,26.2,26.82,16429000,psxdata,2026-05-11T12:51:33
UNITY,2020-12-23,26.82,27.1,26.5,26.75,14202000,psxdata,2026-05-11T12:51:33
UNITY,2020-12-24,26.99,28.75,26.9,28.51,46887000,psxdata,2026-05-11T12:51:33
UNITY,2020-12-28,29.0,30.64,28.9,30.52,31869000,psxdata,2026-05-11T12:51:33
UNITY,2020-12-29,30.9,32.45,30.85,31.62,41327000,psxdata,2026-05-11T12:51:33
UNITY,2020-12-30,31.75,32.49,31.7,32.04,18495000,psxdata,2026-05-11T12:51:33
UNITY,2020-12-31,32.45,32.55,31.32,32.06,19110500,psxdata,2026-05-11T12:51:33
UNITY,2021-01-01,31.95,32.35,31.32,31.53,23140000,psxdata,2026-05-11T12:51:33
UNITY,2021-01-04,31.9,31.9,29.8,30.37,19812960,psxdata,2026-05-11T12:51:33
UNITY,2021-01-05,30.15,30.79,30.0,30.47,7916641,psxdata,2026-05-11T12:51:33
UNITY,2021-01-06,30.75,32.3,30.56,31.98,21050951,psxdata,2026-05-11T12:51:33
UNITY,2021-01-07,32.34,32.5,31.31,31.51,13231337,psxdata,2026-05-11T12:51:33
UNITY,2021-01-08,31.56,31.74,30.9,31.04,5927805,psxdata,2026-05-11T12:51:33
UNITY,2021-01-11,31.26,31.7,30.3,30.6,7504331,psxdata,2026-05-11T12:51:33
UNITY,2021-01-12,30.8,32.89,30.65,32.76,29800575,psxdata,2026-05-11T12:51:33
UNITY,2021-01-13,33.0,33.15,32.15,32.3,18679282,psxdata,2026-05-11T12:51:33
UNITY,2021-01-14,32.39,32.5,31.5,31.73,8675510,psxdata,2026-05-11T12:51:33
UNITY,2021-01-15,31.7,31.85,31.2,31.3,6608882,psxdata,2026-05-11T12:51:33
UNITY,2021-01-18,31.2,32.6,30.8,31.95,21084818,psxdata,2026-05-11T12:51:33
UNITY,2021-01-19,32.24,32.59,31.7,32.38,21176131,psxdata,2026-05-11T12:51:33
UNITY,2021-01-20,32.35,34.59,32.11,34.18,41064248,psxdata,2026-05-11T12:51:33
UNITY,2021-01-21,34.05,34.25,33.31,33.46,21205214,psxdata,2026-05-11T12:51:33
UNITY,2021-01-22,33.65,33.75,32.61,32.94,11953194,psxdata,2026-05-11T12:51:33
UNITY,2021-01-25,33.25,34.45,32.86,34.31,36256262,psxdata,2026-05-11T12:51:33
UNITY,2021-01-26,34.5,35.4,34.1,34.46,30856654,psxdata,2026-05-11T12:51:33
UNITY,2021-01-27,34.25,35.29,34.1,34.89,20745538,psxdata,2026-05-11T12:51:33
UNITY,2021-01-28,34.7,35.34,34.5,34.62,14802177,psxdata,2026-05-11T12:51:33
UNITY,2021-01-29,34.63,36.43,34.6,36.16,32745309,psxdata,2026-05-11T12:51:33
UNITY,2021-02-01,36.49,36.95,36.0,36.38,13113636,psxdata,2026-05-11T12:51:33
UNITY,2021-02-02,36.49,36.75,35.8,36.1,7689531,psxdata,2026-05-11T12:51:33
UNITY,2021-02-03,36.24,36.39,35.25,35.66,14238187,psxdata,2026-05-11T12:51:33
UNITY,2021-02-04,35.9,35.92,35.15,35.7,8133907,psxdata,2026-05-11T12:51:33
UNITY,2021-02-08,35.8,36.0,35.25,35.36,6366310,psxdata,2026-05-11T12:51:33
UNITY,2021-02-09,36.1,36.7,35.3,35.48,20822021,psxdata,2026-05-11T12:51:33
UNITY,2021-02-10,35.48,35.75,35.1,35.28,5024511,psxdata,2026-05-11T12:51:33
UNITY,2021-02-11,35.5,35.5,32.8,33.45,13143716,psxdata,2026-05-11T12:51:33
UNITY,2021-02-12,33.02,34.25,32.69,33.27,7013411,psxdata,2026-05-11T12:51:33
UNITY,2021-02-15,33.25,34.09,32.95,33.32,15004791,psxdata,2026-05-11T12:51:33
UNITY,2021-02-16,33.51,34.38,33.5,34.11,10201079,psxdata,2026-05-11T12:51:33
UNITY,2021-02-17,34.5,35.4,34.15,34.63,14882824,psxdata,2026-05-11T12:51:33
UNITY,2021-02-18,34.85,34.85,33.75,34.06,7419279,psxdata,2026-05-11T12:51:33
UNITY,2021-02-19,33.81,34.12,33.4,33.6,7289162,psxdata,2026-05-11T12:51:33
UNITY,2021-02-22,33.61,33.85,33.17,33.5,8494200,psxdata,2026-05-11T12:51:33
UNITY,2021-02-23,33.5,34.29,33.0,33.16,17524444,psxdata,2026-05-11T12:51:33
UNITY,2021-02-24,33.21,33.25,31.5,32.04,13693626,psxdata,2026-05-11T12:51:33
UNITY,2021-02-25,32.1,33.33,31.6,32.95,33172359,psxdata,2026-05-11T12:51:33
UNITY,2021-02-26,32.85,33.15,31.12,31.38,45361711,psxdata,2026-05-11T12:51:33
UNITY,2021-03-01,31.41,31.65,29.05,29.7,21200231,psxdata,2026-05-11T12:51:33
UNITY,2021-03-02,30.0,30.79,29.4,30.22,12743403,psxdata,2026-05-11T12:51:33
UNITY,2021-03-03,30.22,31.65,30.22,31.21,18165592,psxdata,2026-05-11T12:51:33
UNITY,2021-03-04,29.5,31.21,29.5,29.76,16869099,psxdata,2026-05-11T12:51:33
UNITY,2021-03-05,29.8,30.25,29.76,30.07,9469077,psxdata,2026-05-11T12:51:33
UNITY,2021-03-08,30.89,32.25,30.48,30.96,45359701,psxdata,2026-05-11T12:51:33
UNITY,2021-03-09,31.1,31.45,28.64,28.87,33334835,psxdata,2026-05-11T12:51:33
UNITY,2021-03-10,28.99,29.1,26.9,27.33,25040513,psxdata,2026-05-11T12:51:33
UNITY,2021-03-11,27.15,28.49,25.29,25.29,34888523,psxdata,2026-05-11T12:51:33
UNITY,2021-03-12,25.3,27.12,23.4,26.56,88257772,psxdata,2026-05-11T12:51:33
UNITY,2021-03-15,28.17,28.55,27.51,28.55,23636738,psxdata,2026-05-11T12:51:33
UNITY,2021-03-16,29.25,30.47,29.0,29.97,37238113,psxdata,2026-05-11T12:51:33
UNITY,2021-03-17,30.66,31.39,30.65,30.93,24570857,psxdata,2026-05-11T12:51:33
UNITY,2021-03-18,31.2,31.2,28.75,29.43,19295882,psxdata,2026-05-11T12:51:33
UNITY,2021-03-19,29.37,30.65,29.05,30.02,18095533,psxdata,2026-05-11T12:51:33
UNITY,2021-03-22,29.9,30.1,29.2,29.78,9207693,psxdata,2026-05-11T12:51:33
UNITY,2021-03-24,29.8,30.3,29.42,29.82,9826170,psxdata,2026-05-11T12:51:33
UNITY,2021-03-25,29.95,30.75,29.7,30.03,28585670,psxdata,2026-05-11T12:51:33
UNITY,2021-03-26,29.93,30.6,29.53,30.15,33859792,psxdata,2026-05-11T12:51:33
UNITY,2021-03-29,29.95,30.19,27.89,28.01,20144148,psxdata,2026-05-11T12:51:33
UNITY,2021-03-30,27.75,29.99,27.0,29.8,30811643,psxdata,2026-05-11T12:51:33
UNITY,2021-03-31,30.5,30.99,29.12,29.74,24797985,psxdata,2026-05-11T12:51:33
UNITY,2021-04-01,29.9,30.25,28.1,28.75,13991846,psxdata,2026-05-11T12:51:33
UNITY,2021-04-02,28.97,29.25,28.15,28.95,14007705,psxdata,2026-05-11T12:51:33
UNITY,2021-04-05,29.0,29.23,27.05,27.31,13355265,psxdata,2026-05-11T12:51:33
UNITY,2021-04-06,27.62,29.35,27.55,29.22,16488242,psxdata,2026-05-11T12:51:33
UNITY,2021-04-07,29.5,29.5,28.35,28.77,10267213,psxdata,2026-05-11T12:51:33
UNITY,2021-04-08,28.99,29.75,28.6,29.56,13247006,psxdata,2026-05-11T12:51:33
UNITY,2021-04-09,29.8,31.1,29.6,30.68,37428428,psxdata,2026-05-11T12:51:33
UNITY,2021-04-12,30.7,31.0,29.85,30.83,17399903,psxdata,2026-05-11T12:51:33
UNITY,2021-04-13,30.6,32.1,30.35,31.09,29889673,psxdata,2026-05-11T12:51:33
UNITY,2021-04-14,31.2,31.35,30.6,30.85,8609187,psxdata,2026-05-11T12:51:33
UNITY,2021-04-15,31.0,31.19,30.11,30.32,8111233,psxdata,2026-05-11T12:51:33
UNITY,2021-04-16,30.41,30.86,30.36,30.44,3193024,psxdata,2026-05-11T12:51:33
UNITY,2021-04-19,29.95,31.21,29.5,30.49,13240612,psxdata,2026-05-11T12:51:33
UNITY,2021-04-20,30.99,32.7,30.83,32.48,30641019,psxdata,2026-05-11T12:51:33
UNITY,2021-04-21,32.79,33.65,32.19,32.43,37615386,psxdata,2026-05-11T12:51:33
UNITY,2021-04-22,32.35,32.64,31.06,31.37,19616604,psxdata,2026-05-11T12:51:33
UNITY,2021-04-23,31.05,31.3,30.31,30.87,9741353,psxdata,2026-05-11T12:51:33
UNITY,2021-04-26,30.5,32.1,30.32,31.51,26430060,psxdata,2026-05-11T12:51:33
UNITY,2021-04-27,31.7,33.19,31.7,32.12,43442242,psxdata,2026-05-11T12:51:33
UNITY,2021-04-28,32.5,32.65,31.55,31.67,15890665,psxdata,2026-05-11T12:51:33
UNITY,2021-04-29,31.51,32.2,31.4,31.78,8388468,psxdata,2026-05-11T12:51:33
UNITY,2021-04-30,31.99,31.99,30.45,30.79,10466337,psxdata,2026-05-11T12:51:33
UNITY,2021-05-03,30.7,32.54,29.51,32.06,36363734,psxdata,2026-05-11T12:51:33
UNITY,2021-05-04,32.5,34.46,32.4,34.46,33874028,psxdata,2026-05-11T12:51:33
UNITY,2021-05-05,36.0,37.04,34.8,34.99,42393831,psxdata,2026-05-11T12:51:33
UNITY,2021-05-06,34.99,36.0,34.2,35.71,11567159,psxdata,2026-05-11T12:51:33
UNITY,2021-05-17,36.6,38.38,36.4,38.38,21536105,psxdata,2026-05-11T12:51:33
UNITY,2021-05-18,39.81,41.25,38.38,41.25,30947188,psxdata,2026-05-11T12:51:33
UNITY,2021-05-19,42.0,42.4,40.11,40.62,56945383,psxdata,2026-05-11T12:51:33
UNITY,2021-05-20,41.0,42.0,40.15,40.93,20688968,psxdata,2026-05-11T12:51:33
UNITY,2021-05-21,41.0,41.7,40.68,41.03,16559953,psxdata,2026-05-11T12:51:33
UNITY,2021-05-24,41.1,41.9,40.75,41.26,20855367,psxdata,2026-05-11T12:51:33
UNITY,2021-05-25,41.5,44.35,41.5,43.68,66837962,psxdata,2026-05-11T12:51:33
UNITY,2021-05-26,44.0,46.18,43.8,45.22,45126446,psxdata,2026-05-11T12:51:33
UNITY,2021-05-27,45.3,46.28,44.25,44.68,22691473,psxdata,2026-05-11T12:51:33
UNITY,2021-05-28,44.5,45.68,44.5,44.82,14844690,psxdata,2026-05-11T12:51:33
UNITY,2021-05-31,45.2,46.2,44.82,45.43,15558982,psxdata,2026-05-11T12:51:33
UNITY,2021-06-01,45.55,46.6,45.01,46.01,25347183,psxdata,2026-05-11T12:51:33
UNITY,2021-06-02,46.3,48.11,46.1,47.02,34546971,psxdata,2026-05-11T12:51:33
UNITY,2021-06-03,47.02,47.55,45.45,45.85,12134318,psxdata,2026-05-11T12:51:33
UNITY,2021-06-04,46.0,46.5,45.41,45.78,7573270,psxdata,2026-05-11T12:51:33
UNITY,2021-06-07,46.2,47.33,46.19,46.48,13889077,psxdata,2026-05-11T12:51:33
UNITY,2021-06-08,46.48,46.87,45.8,46.02,6070882,psxdata,2026-05-11T12:51:33
UNITY,2021-06-09,46.25,47.35,46.11,46.53,12739857,psxdata,2026-05-11T12:51:33
UNITY,2021-06-10,46.98,49.75,46.98,49.36,41825496,psxdata,2026-05-11T12:51:33
UNITY,2021-06-11,49.5,50.6,48.8,49.36,17088400,psxdata,2026-05-11T12:51:33
UNITY,2021-06-14,50.0,50.49,47.16,48.05,24697001,psxdata,2026-05-11T12:51:33
UNITY,2021-06-15,48.45,49.25,48.05,48.16,13524255,psxdata,2026-05-11T12:51:33
UNITY,2021-06-16,48.25,48.8,47.75,47.87,6007867,psxdata,2026-05-11T12:51:33
UNITY,2021-06-17,47.99,48.0,44.28,45.97,27870529,psxdata,2026-05-11T12:51:33
UNITY,2021-06-18,45.81,45.81,42.6,45.01,53688269,psxdata,2026-05-11T12:51:33
UNITY,2021-06-21,45.06,46.44,44.5,45.23,20544323,psxdata,2026-05-11T12:51:33
UNITY,2021-06-22,45.25,45.8,44.11,44.29,8090029,psxdata,2026-05-11T12:51:33
UNITY,2021-06-23,44.05,44.2,42.2,42.65,15641467,psxdata,2026-05-11T12:51:33
UNITY,2021-06-24,42.6,43.85,42.4,42.78,8880322,psxdata,2026-05-11T12:51:33
UNITY,2021-06-25,42.5,43.59,42.25,42.89,15353013,psxdata,2026-05-11T12:51:33
UNITY,2021-06-28,42.9,42.9,41.46,42.12,14963538,psxdata,2026-05-11T12:51:33
UNITY,2021-06-29,42.5,44.09,42.5,43.71,11002746,psxdata,2026-05-11T12:51:33
UNITY,2021-06-30,43.8,45.1,43.8,44.52,11114766,psxdata,2026-05-11T12:51:33
UNITY,2021-07-01,44.6,46.0,44.6,45.76,8648067,psxdata,2026-05-11T12:51:33
UNITY,2021-07-02,46.15,46.84,45.4,45.73,10840989,psxdata,2026-05-11T12:51:33
UNITY,2021-07-05,45.45,45.88,44.45,44.6,5498657,psxdata,2026-05-11T12:51:33
UNITY,2021-07-06,44.61,45.1,43.01,43.3,9953078,psxdata,2026-05-11T12:51:33
UNITY,2021-07-07,43.3,43.83,42.0,43.0,16625400,psxdata,2026-05-11T12:51:33
UNITY,2021-07-08,43.6,44.46,43.4,44.04,16692491,psxdata,2026-05-11T12:51:33
UNITY,2021-07-09,44.14,44.15,42.5,42.67,8700393,psxdata,2026-05-11T12:51:33
UNITY,2021-07-12,42.6,45.0,42.42,44.2,21478791,psxdata,2026-05-11T12:51:33
UNITY,2021-07-13,44.3,44.78,43.6,43.73,7011300,psxdata,2026-05-11T12:51:33
UNITY,2021-07-14,43.95,44.3,43.1,43.54,6365141,psxdata,2026-05-11T12:51:33
UNITY,2021-07-15,43.5,45.76,43.2,44.74,22879174,psxdata,2026-05-11T12:51:33
UNITY,2021-07-16,44.89,45.97,44.55,45.2,16983663,psxdata,2026-05-11T12:51:33
UNITY,2021-07-19,45.2,45.35,44.75,44.9,4517166,psxdata,2026-05-11T12:51:33
UNITY,2021-07-23,45.2,45.31,43.8,44.25,3200689,psxdata,2026-05-11T12:51:33
UNITY,2021-07-26,44.25,44.83,43.7,43.82,3454006,psxdata,2026-05-11T12:51:33
UNITY,2021-07-27,43.63,43.9,42.84,42.94,3713052,psxdata,2026-05-11T12:51:33
UNITY,2021-07-28,43.0,43.01,40.01,40.58,12449488,psxdata,2026-05-11T12:51:33
UNITY,2021-07-29,40.92,41.0,38.8,40.3,16147202,psxdata,2026-05-11T12:51:33
UNITY,2021-07-30,40.41,41.2,39.4,39.87,8377586,psxdata,2026-05-11T12:51:33
UNITY,2021-08-02,40.3,40.6,39.7,39.94,7854102,psxdata,2026-05-11T12:51:33
UNITY,2021-08-03,40.34,41.35,39.8,40.65,11572700,psxdata,2026-05-11T12:51:33
UNITY,2021-08-04,41.06,42.0,40.65,40.97,15858076,psxdata,2026-05-11T12:51:33
UNITY,2021-08-05,40.9,41.4,40.12,40.42,6820759,psxdata,2026-05-11T12:51:33
UNITY,2021-08-06,40.45,40.88,37.85,38.08,35953102,psxdata,2026-05-11T12:51:33
UNITY,2021-08-09,38.3,38.69,37.2,37.55,12440601,psxdata,2026-05-11T12:51:33
UNITY,2021-08-10,37.6,39.3,37.55,38.56,10666321,psxdata,2026-05-11T12:51:33
UNITY,2021-08-11,39.2,39.74,38.71,38.84,9256503,psxdata,2026-05-11T12:51:33
UNITY,2021-08-12,39.1,39.25,37.9,38.24,4573552,psxdata,2026-05-11T12:51:33
UNITY,2021-08-13,38.11,38.63,37.8,37.88,4904986,psxdata,2026-05-11T12:51:33
UNITY,2021-08-16,37.88,38.65,37.0,38.37,6012964,psxdata,2026-05-11T12:51:33
UNITY,2021-08-17,38.5,39.69,38.5,39.04,10419001,psxdata,2026-05-11T12:51:33
UNITY,2021-08-20,39.4,39.9,38.8,39.26,8752744,psxdata,2026-05-11T12:51:33
UNITY,2021-08-23,39.4,39.65,39.19,39.24,5151473,psxdata,2026-05-11T12:51:33
UNITY,2021-08-24,39.45,39.48,38.35,38.5,7142595,psxdata,2026-05-11T12:51:33
UNITY,2021-08-25,38.89,38.89,37.76,38.07,3836911,psxdata,2026-05-11T12:51:33
UNITY,2021-08-26,38.13,38.45,37.21,37.7,4365185,psxdata,2026-05-11T12:51:33
UNITY,2021-08-27,37.6,38.05,36.9,37.78,10278897,psxdata,2026-05-11T12:51:33
UNITY,2021-08-30,37.9,38.45,37.78,37.95,4964560,psxdata,2026-05-11T12:51:33
UNITY,2021-08-31,38.05,38.4,37.85,37.96,3658902,psxdata,2026-05-11T12:51:33
UNITY,2021-09-01,38.34,39.3,38.34,38.68,15204735,psxdata,2026-05-11T12:51:33
UNITY,2021-09-02,38.85,38.85,37.93,38.03,5606466,psxdata,2026-05-11T12:51:33
UNITY,2021-09-03,37.95,38.51,37.8,37.96,3086408,psxdata,2026-05-11T12:51:33
UNITY,2021-09-06,37.97,38.39,37.68,37.83,2083082,psxdata,2026-05-11T12:51:33
UNITY,2021-09-07,38.0,38.0,36.7,37.23,2672096,psxdata,2026-05-11T12:51:33
UNITY,2021-09-08,37.4,37.49,36.7,37.08,3446882,psxdata,2026-05-11T12:51:33
UNITY,2021-09-09,37.11,37.6,36.81,37.01,2299003,psxdata,2026-05-11T12:51:33
UNITY,2021-09-10,37.35,37.55,37.01,37.11,2553198,psxdata,2026-05-11T12:51:33
UNITY,2021-09-13,37.11,37.37,36.2,36.39,3203110,psxdata,2026-05-11T12:51:33
UNITY,2021-09-14,36.31,36.55,34.56,35.61,7257773,psxdata,2026-05-11T12:51:33
UNITY,2021-09-15,35.84,35.85,34.2,34.88,6784579,psxdata,2026-05-11T12:51:33
UNITY,2021-09-16,34.88,37.4,34.35,36.78,23782758,psxdata,2026-05-11T12:51:33
UNITY,2021-09-17,37.1,37.15,35.5,36.3,11085536,psxdata,2026-05-11T12:51:33
UNITY,2021-09-20,36.11,36.39,35.1,35.52,2461864,psxdata,2026-05-11T12:51:33
UNITY,2021-09-21,35.59,35.77,33.6,34.09,6004055,psxdata,2026-05-11T12:51:33
UNITY,2021-09-22,34.25,34.25,31.62,32.92,14004443,psxdata,2026-05-11T12:51:33
UNITY,2021-09-23,32.99,34.31,32.25,32.96,13289195,psxdata,2026-05-11T12:51:33
UNITY,2021-09-24,33.0,33.74,31.39,31.91,36178100,psxdata,2026-05-11T12:51:33
UNITY,2021-09-27,32.15,32.25,29.53,30.8,34951304,psxdata,2026-05-11T12:51:33
UNITY,2021-09-28,31.11,33.11,30.7,33.0,15779253,psxdata,2026-05-11T12:51:33
UNITY,2021-09-29,33.1,33.1,30.53,30.66,13520271,psxdata,2026-05-11T12:51:33
UNITY,2021-09-30,30.48,31.51,29.5,31.22,15040693,psxdata,2026-05-11T12:51:33
UNITY,2021-10-01,31.01,31.65,30.77,31.21,5173379,psxdata,2026-05-11T12:51:33
UNITY,2021-10-04,30.9,32.26,30.51,32.07,7245586,psxdata,2026-05-11T12:51:33
UNITY,2021-10-05,32.07,32.88,31.65,31.8,9426283,psxdata,2026-05-11T12:51:33
UNITY,2021-10-06,31.74,33.31,30.56,31.88,25715446,psxdata,2026-05-11T12:51:33
UNITY,2021-10-07,32.25,33.15,32.1,32.56,10972706,psxdata,2026-05-11T12:51:33
UNITY,2021-10-08,32.8,32.8,31.9,32.06,2203502,psxdata,2026-05-11T12:51:33
UNITY,2021-10-11,32.15,32.15,29.66,29.74,5947593,psxdata,2026-05-11T12:51:33
UNITY,2021-10-12,29.31,29.51,27.7,28.62,18610901,psxdata,2026-05-11T12:51:33
UNITY,2021-10-13,28.8,29.0,26.48,26.52,16165738,psxdata,2026-05-11T12:51:33
UNITY,2021-10-14,26.01,28.5,25.8,28.5,25029893,psxdata,2026-05-11T12:51:33
UNITY,2021-10-15,28.94,30.62,28.0,30.29,26471859,psxdata,2026-05-11T12:51:33
UNITY,2021-10-18,29.8,29.85,28.5,28.67,13554483,psxdata,2026-05-11T12:51:33
UNITY,2021-10-20,29.2,30.3,29.2,29.97,15010722,psxdata,2026-05-11T12:51:33
UNITY,2021-10-21,30.2,30.57,29.5,29.79,19234071,psxdata,2026-05-11T12:51:33
UNITY,2021-10-22,29.52,29.73,27.9,29.31,22539457,psxdata,2026-05-11T12:51:33
UNITY,2021-10-25,29.11,29.98,28.55,29.55,2963852,psxdata,2026-05-11T12:51:33
UNITY,2021-10-26,30.4,30.4,29.21,29.43,7297283,psxdata,2026-05-11T12:51:33
UNITY,2021-10-27,30.6,30.8,29.6,29.76,11009661,psxdata,2026-05-11T12:51:33
UNITY,2021-10-28,29.45,29.45,28.2,28.3,7959448,psxdata,2026-05-11T12:51:33
UNITY,2021-10-29,28.04,28.93,27.25,28.52,7964774,psxdata,2026-05-11T12:51:33
UNITY,2021-11-01,29.0,29.98,28.75,29.66,13024883,psxdata,2026-05-11T12:51:33
UNITY,2021-11-02,29.55,29.63,29.11,29.19,6355284,psxdata,2026-05-11T12:51:33
UNITY,2021-11-03,29.18,29.6,28.6,29.13,7482584,psxdata,2026-05-11T12:51:33
UNITY,2021-11-04,29.5,30.27,29.1,30.02,14085073,psxdata,2026-05-11T12:51:33
UNITY,2021-11-05,30.02,31.25,30.02,30.74,20545721,psxdata,2026-05-11T12:51:33
UNITY,2021-11-08,31.3,31.4,30.05,30.24,10711595,psxdata,2026-05-11T12:51:33
UNITY,2021-11-09,30.25,30.4,28.06,28.53,9592027,psxdata,2026-05-11T12:51:33
UNITY,2021-11-10,28.4,29.2,28.25,28.83,5554523,psxdata,2026-05-11T12:51:33
UNITY,2021-11-11,29.0,29.11,28.01,28.17,2646717,psxdata,2026-05-11T12:51:33
UNITY,2021-11-12,28.1,29.6,27.0,29.0,14885418,psxdata,2026-05-11T12:51:33
UNITY,2021-11-15,28.9,28.93,27.11,27.4,8503144,psxdata,2026-05-11T12:51:33
UNITY,2021-11-16,27.5,27.72,26.45,27.37,7481025,psxdata,2026-05-11T12:51:33
UNITY,2021-11-17,27.38,27.58,26.46,26.87,3433275,psxdata,2026-05-11T12:51:33
UNITY,2021-11-18,26.9,27.17,25.5,26.16,5954858,psxdata,2026-05-11T12:51:33
UNITY,2021-11-19,25.92,26.85,25.8,26.37,6572128,psxdata,2026-05-11T12:51:33
UNITY,2021-11-22,25.99,26.22,25.75,26.02,4404098,psxdata,2026-05-11T12:51:33
UNITY,2021-11-23,26.2,26.42,25.2,25.44,5914238,psxdata,2026-05-11T12:51:33
UNITY,2021-11-24,25.45,25.85,24.1,25.24,6736506,psxdata,2026-05-11T12:51:33
UNITY,2021-11-25,25.15,25.61,25.15,25.43,2782035,psxdata,2026-05-11T12:51:33
UNITY,2021-11-26,25.4,25.94,24.8,25.14,2769191,psxdata,2026-05-11T12:51:33
UNITY,2021-11-29,24.51,25.65,24.51,25.37,3511948,psxdata,2026-05-11T12:51:33
UNITY,2021-11-30,25.45,25.61,24.52,25.09,3421599,psxdata,2026-05-11T12:51:33
UNITY,2021-12-01,25.2,25.6,25.09,25.36,4600726,psxdata,2026-05-11T12:51:33
UNITY,2021-12-02,25.5,25.5,23.46,23.47,17735140,psxdata,2026-05-11T12:51:33
UNITY,2021-12-03,22.98,23.7,21.71,22.09,16729988,psxdata,2026-05-11T12:51:33
UNITY,2021-12-06,21.97,22.5,20.46,21.04,10481742,psxdata,2026-05-11T12:51:33
UNITY,2021-12-07,21.7,22.61,21.2,22.61,9984465,psxdata,2026-05-11T12:51:33
UNITY,2021-12-08,22.92,23.65,22.71,23.19,9754378,psxdata,2026-05-11T12:51:33
UNITY,2021-12-09,23.0,23.0,21.8,22.25,6279792,psxdata,2026-05-11T12:51:33
UNITY,2021-12-10,22.0,22.65,21.5,22.5,3787546,psxdata,2026-05-11T12:51:33
UNITY,2021-12-13,22.25,22.75,21.1,21.39,1869152,psxdata,2026-05-11T12:51:33
UNITY,2021-12-14,21.38,22.99,21.0,22.81,6585158,psxdata,2026-05-11T12:51:33
UNITY,2021-12-15,23.4,24.52,23.4,24.52,4899525,psxdata,2026-05-11T12:51:33
UNITY,2021-12-16,25.04,26.29,24.91,25.9,13916540,psxdata,2026-05-11T12:51:33
UNITY,2021-12-17,25.75,26.34,25.29,25.48,5299639,psxdata,2026-05-11T12:51:33
UNITY,2021-12-20,25.7,26.25,25.45,25.76,4035297,psxdata,2026-05-11T12:51:33
UNITY,2021-12-21,26.51,27.15,26.3,26.43,8129264,psxdata,2026-05-11T12:51:33
UNITY,2021-12-22,26.45,27.33,26.45,27.15,9103421,psxdata,2026-05-11T12:51:33
UNITY,2021-12-23,27.6,28.0,27.4,27.69,17708875,psxdata,2026-05-11T12:51:33
UNITY,2021-12-24,27.65,27.7,26.9,27.0,9860811,psxdata,2026-05-11T12:51:33
UNITY,2021-12-27,27.19,27.2,26.1,26.2,5377181,psxdata,2026-05-11T12:51:33
UNITY,2021-12-28,26.2,26.69,25.65,26.23,7227298,psxdata,2026-05-11T12:51:33
UNITY,2021-12-29,26.22,26.4,26.05,26.19,2341159,psxdata,2026-05-11T12:51:33
UNITY,2021-12-30,26.23,26.55,26.0,26.25,2863719,psxdata,2026-05-11T12:51:33
UNITY,2021-12-31,26.25,26.73,26.1,26.47,4214264,psxdata,2026-05-11T12:51:33
UNITY,2022-01-03,26.26,27.0,26.26,26.51,2728590,psxdata,2026-05-11T12:51:33
UNITY,2022-01-04,26.58,28.49,26.58,28.49,10709035,psxdata,2026-05-11T12:51:33
UNITY,2022-01-05,28.77,29.5,28.62,28.83,12104001,psxdata,2026-05-11T12:51:33
UNITY,2022-01-06,28.79,29.05,28.11,28.35,4098798,psxdata,2026-05-11T12:51:33
UNITY,2022-01-07,28.3,28.88,28.0,28.6,4440905,psxdata,2026-05-11T12:51:33
UNITY,2022-01-10,28.5,29.74,28.3,29.51,12596652,psxdata,2026-05-11T12:51:33
UNITY,2022-01-11,29.67,30.1,29.4,29.92,11910394,psxdata,2026-05-11T12:51:33
UNITY,2022-01-12,30.1,30.6,29.91,30.08,9523969,psxdata,2026-05-11T12:51:33
UNITY,2022-01-13,29.86,29.95,29.05,29.17,5395012,psxdata,2026-05-11T12:51:33
UNITY,2022-01-14,29.25,29.35,27.99,28.19,9811859,psxdata,2026-05-11T12:51:33
UNITY,2022-01-17,28.35,29.1,28.2,28.56,5363864,psxdata,2026-05-11T12:51:33
UNITY,2022-01-18,28.8,28.81,27.95,28.14,2839976,psxdata,2026-05-11T12:51:33
UNITY,2022-01-19,28.15,28.15,27.06,27.12,3643196,psxdata,2026-05-11T12:51:33
UNITY,2022-01-20,26.95,27.6,26.95,27.45,7389422,psxdata,2026-05-11T12:51:33
UNITY,2022-01-21,27.85,28.25,27.5,27.52,2350576,psxdata,2026-05-11T12:51:33
UNITY,2022-01-24,27.7,27.71,26.97,27.23,1863232,psxdata,2026-05-11T12:51:33
UNITY,2022-01-25,27.51,28.38,27.51,27.76,4386166,psxdata,2026-05-11T12:51:33
UNITY,2022-01-26,27.7,27.9,27.35,27.51,1636791,psxdata,2026-05-11T12:51:33
UNITY,2022-01-27,27.74,28.9,27.34,28.59,11705853,psxdata,2026-05-11T12:51:33
UNITY,2022-01-28,28.4,29.5,28.36,29.26,6736982,psxdata,2026-05-11T12:51:33
UNITY,2022-01-31,29.26,31.38,29.16,31.17,12836842,psxdata,2026-05-11T12:51:33
UNITY,2022-02-01,31.6,32.66,31.05,32.39,15304869,psxdata,2026-05-11T12:51:33
UNITY,2022-02-02,32.39,32.85,31.9,32.42,10356846,psxdata,2026-05-11T12:51:33
UNITY,2022-02-03,32.77,32.78,30.91,31.13,13395403,psxdata,2026-05-11T12:51:33
UNITY,2022-02-04,31.1,31.49,30.65,30.9,5117303,psxdata,2026-05-11T12:51:33
UNITY,2022-02-07,30.9,31.18,30.1,30.82,5065648,psxdata,2026-05-11T12:51:33
UNITY,2022-02-08,31.0,31.49,30.71,31.32,4953563,psxdata,2026-05-11T12:51:33
UNITY,2022-02-09,31.3,31.97,31.2,31.41,5532432,psxdata,2026-05-11T12:51:33
UNITY,2022-02-10,31.4,32.08,30.81,31.11,8480841,psxdata,2026-05-11T12:51:33
UNITY,2022-02-11,31.49,31.49,30.38,30.56,3456208,psxdata,2026-05-11T12:51:33
UNITY,2022-02-14,30.56,30.56,29.45,29.67,3849549,psxdata,2026-05-11T12:51:33
UNITY,2022-02-15,29.67,30.4,29.55,30.27,4096484,psxdata,2026-05-11T12:51:33
UNITY,2022-02-16,30.47,30.63,29.6,29.9,2842142,psxdata,2026-05-11T12:51:33
UNITY,2022-02-17,30.0,30.2,28.26,28.46,6213861,psxdata,2026-05-11T12:51:33
UNITY,2022-02-18,28.6,29.37,28.25,28.97,2332198,psxdata,2026-05-11T12:51:33
UNITY,2022-02-21,28.85,28.85,27.8,27.93,1688028,psxdata,2026-05-11T12:51:33
UNITY,2022-02-22,27.6,27.61,26.2,26.93,5145658,psxdata,2026-05-11T12:51:33
UNITY,2022-02-23,27.25,27.5,26.1,27.37,4635182,psxdata,2026-05-11T12:51:33
UNITY,2022-02-24,26.15,26.8,25.32,25.32,5179471,psxdata,2026-05-11T12:51:33
UNITY,2022-02-25,25.49,26.99,25.1,26.65,8967172,psxdata,2026-05-11T12:51:33
UNITY,2022-02-28,26.42,27.7,25.75,27.42,4640443,psxdata,2026-05-11T12:51:33
UNITY,2022-03-01,27.99,28.29,26.75,27.5,8081567,psxdata,2026-05-11T12:51:33
UNITY,2022-03-02,27.02,27.19,26.25,26.97,3427404,psxdata,2026-05-11T12:51:33
UNITY,2022-03-03,27.12,27.55,26.55,27.26,6820888,psxdata,2026-05-11T12:51:33
UNITY,2022-03-04,27.13,27.75,27.0,27.16,3041432,psxdata,2026-05-11T12:51:33
UNITY,2022-03-07,26.7,26.7,25.13,25.13,7256361,psxdata,2026-05-11T12:51:33
UNITY,2022-03-08,24.61,25.3,23.35,23.64,17186476,psxdata,2026-05-11T12:51:33
UNITY,2022-03-09,23.75,24.5,23.7,24.06,7763015,psxdata,2026-05-11T12:51:33
UNITY,2022-03-10,24.85,25.25,24.26,25.0,3978014,psxdata,2026-05-11T12:51:33
UNITY,2022-03-11,24.84,24.85,23.26,23.92,9041397,psxdata,2026-05-11T12:51:33
UNITY,2022-03-14,23.9,23.9,22.48,22.95,3188763,psxdata,2026-05-11T12:51:33
UNITY,2022-03-15,23.2,23.3,22.51,23.16,2507102,psxdata,2026-05-11T12:51:33
UNITY,2022-03-16,23.3,24.5,23.3,24.1,4480599,psxdata,2026-05-11T12:51:33
UNITY,2022-03-17,24.4,24.93,24.21,24.38,4936180,psxdata,2026-05-11T12:51:33
UNITY,2022-03-18,24.0,24.1,23.3,23.78,3350246,psxdata,2026-05-11T12:51:33
UNITY,2022-03-21,23.99,24.24,23.5,23.66,1510524,psxdata,2026-05-11T12:51:33
UNITY,2022-03-22,23.66,24.0,23.6,23.8,1463171,psxdata,2026-05-11T12:51:33
UNITY,2022-03-24,23.75,24.65,23.75,24.56,3144443,psxdata,2026-05-11T12:51:33
UNITY,2022-03-25,24.5,25.15,24.4,25.02,4428410,psxdata,2026-05-11T12:51:33
UNITY,2022-03-28,25.0,25.36,24.66,25.28,2001094,psxdata,2026-05-11T12:51:33
UNITY,2022-03-29,25.41,26.6,25.4,26.07,5649544,psxdata,2026-05-11T12:51:33
UNITY,2022-03-30,25.51,26.48,25.4,25.57,4086326,psxdata,2026-05-11T12:51:33
UNITY,2022-03-31,25.5,26.48,25.5,26.23,3849402,psxdata,2026-05-11T12:51:33
UNITY,2022-04-01,26.02,27.64,25.52,26.7,6409681,psxdata,2026-05-11T12:51:33
UNITY,2022-04-04,25.11,25.8,24.7,24.8,2487613,psxdata,2026-05-11T12:51:33
UNITY,2022-04-05,25.0,25.3,24.5,24.64,1473094,psxdata,2026-05-11T12:51:33
UNITY,2022-04-06,24.7,25.18,24.64,24.97,853028,psxdata,2026-05-11T12:51:33
UNITY,2022-04-07,25.0,25.15,24.25,24.39,1561657,psxdata,2026-05-11T12:51:33
UNITY,2022-04-08,24.6,25.04,24.55,24.95,2443578,psxdata,2026-05-11T12:51:33
UNITY,2022-04-11,26.5,26.82,26.25,26.82,11227317,psxdata,2026-05-11T12:51:33
UNITY,2022-04-12,27.0,28.63,26.35,28.25,27621205,psxdata,2026-05-11T12:51:33
UNITY,2022-04-13,28.74,29.1,27.23,27.54,13840265,psxdata,2026-05-11T12:51:33
UNITY,2022-04-14,27.4,28.0,27.3,27.81,9265765,psxdata,2026-05-11T12:51:33
UNITY,2022-04-15,27.7,28.4,27.33,27.48,7700550,psxdata,2026-05-11T12:51:33
UNITY,2022-04-18,27.32,27.88,26.81,26.96,3886046,psxdata,2026-05-11T12:51:33
UNITY,2022-04-19,27.2,27.2,25.8,26.06,5534057,psxdata,2026-05-11T12:51:33
UNITY,2022-04-20,26.11,26.25,25.26,25.46,2900554,psxdata,2026-05-11T12:51:33
UNITY,2022-04-21,25.5,25.6,24.5,24.68,4358180,psxdata,2026-05-11T12:51:33
UNITY,2022-04-22,24.95,25.39,24.67,25.17,3578918,psxdata,2026-05-11T12:51:33
UNITY,2022-04-25,25.65,26.31,25.0,25.19,6810319,psxdata,2026-05-11T12:51:33
UNITY,2022-04-26,25.2,25.2,24.58,24.64,2616528,psxdata,2026-05-11T12:51:33
UNITY,2022-04-27,24.65,24.89,24.4,24.48,2162367,psxdata,2026-05-11T12:51:33
UNITY,2022-04-28,24.4,24.4,22.8,23.62,10209611,psxdata,2026-05-11T12:51:33
UNITY,2022-05-06,23.64,25.15,23.15,24.31,18231681,psxdata,2026-05-11T12:51:33
UNITY,2022-05-09,24.25,24.45,22.6,23.12,9347397,psxdata,2026-05-11T12:51:33
UNITY,2022-05-10,23.12,23.64,22.71,23.05,4988003,psxdata,2026-05-11T12:51:33
UNITY,2022-05-11,23.29,23.29,21.33,21.72,9531297,psxdata,2026-05-11T12:51:33
UNITY,2022-05-12,21.75,22.8,21.07,22.62,5549939,psxdata,2026-05-11T12:51:33
UNITY,2022-05-13,22.55,23.18,21.85,22.65,8062971,psxdata,2026-05-11T12:51:33
UNITY,2022-05-16,22.34,22.34,21.1,21.54,4268325,psxdata,2026-05-11T12:51:33
UNITY,2022-05-17,21.5,22.1,21.4,21.71,5134314,psxdata,2026-05-11T12:51:33
UNITY,2022-05-18,21.61,23.3,21.61,23.12,9462362,psxdata,2026-05-11T12:51:33
UNITY,2022-05-19,23.02,23.29,22.35,22.42,6453476,psxdata,2026-05-11T12:51:33
UNITY,2022-05-20,22.53,22.9,22.2,22.42,5207243,psxdata,2026-05-11T12:51:33
UNITY,2022-05-23,22.08,22.5,21.8,22.16,2509236,psxdata,2026-05-11T12:51:33
UNITY,2022-05-24,22.17,22.44,21.12,21.36,6754557,psxdata,2026-05-11T12:51:33
UNITY,2022-05-25,21.3,22.54,21.11,22.33,9784347,psxdata,2026-05-11T12:51:33
UNITY,2022-05-26,22.11,23.45,21.92,23.26,8686413,psxdata,2026-05-11T12:51:33
UNITY,2022-05-27,23.3,24.25,22.45,22.72,12541292,psxdata,2026-05-11T12:51:33
UNITY,2022-05-30,22.81,23.09,22.46,22.74,2199860,psxdata,2026-05-11T12:51:33
UNITY,2022-05-31,22.99,23.54,22.41,22.77,8014788,psxdata,2026-05-11T12:51:33
UNITY,2022-06-01,22.8,23.25,22.19,22.3,14095692,psxdata,2026-05-11T12:51:33
UNITY,2022-06-02,22.2,22.35,21.6,21.86,10966534,psxdata,2026-05-11T12:51:33
UNITY,2022-06-03,21.97,21.97,21.0,21.28,3380753,psxdata,2026-05-11T12:51:33
UNITY,2022-06-06,21.2,21.55,19.91,21.07,33135389,psxdata,2026-05-11T12:51:33
UNITY,2022-06-07,21.28,21.5,20.0,20.07,15525766,psxdata,2026-05-11T12:51:33
UNITY,2022-06-08,20.07,20.6,20.05,20.45,11825457,psxdata,2026-05-11T12:51:33
UNITY,2022-06-09,20.66,21.29,20.33,20.72,16821111,psxdata,2026-05-11T12:51:33
UNITY,2022-06-10,20.7,20.85,20.45,20.55,3214179,psxdata,2026-05-11T12:51:33
UNITY,2022-06-13,20.7,20.7,20.1,20.17,6377021,psxdata,2026-05-11T12:51:33
UNITY,2022-06-14,20.16,20.35,19.76,20.05,8188521,psxdata,2026-05-11T12:51:33
UNITY,2022-06-15,20.23,20.42,20.06,20.1,4380121,psxdata,2026-05-11T12:51:33
UNITY,2022-06-16,19.95,20.2,19.95,20.07,2023730,psxdata,2026-05-11T12:51:33
UNITY,2022-06-17,20.19,20.99,20.07,20.51,10477787,psxdata,2026-05-11T12:51:33
UNITY,2022-06-20,20.65,20.83,20.3,20.38,7112409,psxdata,2026-05-11T12:51:33
UNITY,2022-06-21,20.4,21.56,20.4,21.44,15404477,psxdata,2026-05-11T12:51:33
UNITY,2022-06-22,21.7,22.01,21.3,21.39,11479283,psxdata,2026-05-11T12:51:33
UNITY,2022-06-23,21.45,21.63,21.01,21.11,15634205,psxdata,2026-05-11T12:51:33
UNITY,2022-06-24,21.11,21.22,19.53,20.25,15786764,psxdata,2026-05-11T12:51:33
UNITY,2022-06-27,20.35,20.75,20.31,20.49,14428500,psxdata,2026-05-11T12:51:33
UNITY,2022-06-28,20.75,20.75,20.1,20.28,16601326,psxdata,2026-05-11T12:51:33
UNITY,2022-06-29,20.31,20.55,20.15,20.18,2596858,psxdata,2026-05-11T12:51:33
UNITY,2022-06-30,20.1,20.29,20.0,20.07,1037725,psxdata,2026-05-11T12:51:33
UNITY,2022-07-01,20.3,20.39,19.95,20.02,4894266,psxdata,2026-05-11T12:51:33
UNITY,2022-07-04,20.06,20.15,19.77,19.82,1642704,psxdata,2026-05-11T12:51:33
UNITY,2022-07-05,19.97,19.97,19.8,19.83,727729,psxdata,2026-05-11T12:51:33
UNITY,2022-07-06,20.0,20.14,19.85,19.93,5391551,psxdata,2026-05-11T12:51:33
UNITY,2022-07-07,20.0,20.01,19.8,19.91,1434035,psxdata,2026-05-11T12:51:33
UNITY,2022-07-13,19.77,20.19,19.63,20.12,3664187,psxdata,2026-05-11T12:51:33
UNITY,2022-07-14,20.21,20.66,20.12,20.55,9117283,psxdata,2026-05-11T12:51:33
UNITY,2022-07-15,20.51,20.87,20.1,20.19,8962944,psxdata,2026-05-11T12:51:33
UNITY,2022-07-18,19.76,19.84,19.54,19.68,5946085,psxdata,2026-05-11T12:51:33
UNITY,2022-07-19,19.57,19.77,18.38,18.54,7474484,psxdata,2026-05-11T12:51:33
UNITY,2022-07-20,18.45,18.65,17.55,18.07,6313901,psxdata,2026-05-11T12:51:33
UNITY,2022-07-21,18.08,18.18,16.72,16.72,10041035,psxdata,2026-05-11T12:51:33
UNITY,2022-07-22,16.68,17.97,15.7,17.77,18963448,psxdata,2026-05-11T12:51:33
UNITY,2022-07-25,17.65,18.52,17.29,18.34,7896760,psxdata,2026-05-11T12:51:33
UNITY,2022-07-26,18.31,18.79,18.1,18.22,6136803,psxdata,2026-05-11T12:51:33
UNITY,2022-07-27,18.4,18.4,17.65,17.97,3858385,psxdata,2026-05-11T12:51:33
UNITY,2022-07-28,18.14,18.5,17.95,18.29,8156772,psxdata,2026-05-11T12:51:33
UNITY,2022-07-29,18.11,18.95,18.11,18.74,13939844,psxdata,2026-05-11T12:51:33
UNITY,2022-08-01,18.69,18.96,18.26,18.31,3882379,psxdata,2026-05-11T12:51:33
UNITY,2022-08-02,18.05,19.03,17.6,18.75,7646854,psxdata,2026-05-11T12:51:33
UNITY,2022-08-03,18.9,19.77,18.9,19.04,22892786,psxdata,2026-05-11T12:51:33
UNITY,2022-08-04,19.18,19.35,18.74,19.13,10590864,psxdata,2026-05-11T12:51:33
UNITY,2022-08-05,19.1,19.6,18.86,19.38,10040335,psxdata,2026-05-11T12:51:33
UNITY,2022-08-10,19.6,20.24,19.45,20.11,13488279,psxdata,2026-05-11T12:51:33
UNITY,2022-08-11,20.11,21.19,20.0,20.43,19675675,psxdata,2026-05-11T12:51:33
UNITY,2022-08-12,20.42,20.9,20.41,20.81,5879306,psxdata,2026-05-11T12:51:33
UNITY,2022-08-15,20.85,22.37,20.85,22.19,17638263,psxdata,2026-05-11T12:51:33
UNITY,2022-08-16,22.31,23.52,21.95,22.8,32887671,psxdata,2026-05-11T12:51:33
UNITY,2022-08-17,23.01,23.39,22.77,23.21,12047219,psxdata,2026-05-11T12:51:33
UNITY,2022-08-18,23.35,23.47,22.75,22.88,6803172,psxdata,2026-05-11T12:51:33
UNITY,2022-08-19,22.53,23.2,22.53,22.92,8919787,psxdata,2026-05-11T12:51:33
UNITY,2022-08-22,22.8,22.99,21.93,22.12,10319820,psxdata,2026-05-11T12:51:33
UNITY,2022-08-23,22.33,22.64,22.25,22.31,3619801,psxdata,2026-05-11T12:51:33
UNITY,2022-08-24,22.54,22.54,21.69,21.94,3462659,psxdata,2026-05-11T12:51:33
UNITY,2022-08-25,21.99,22.26,21.5,22.08,4668029,psxdata,2026-05-11T12:51:33
UNITY,2022-08-26,22.3,22.99,22.2,22.75,8232374,psxdata,2026-05-11T12:51:33
UNITY,2022-08-29,22.51,23.15,21.8,22.92,10017199,psxdata,2026-05-11T12:51:33
UNITY,2022-08-30,23.69,24.05,22.86,22.99,12878450,psxdata,2026-05-11T12:51:33
UNITY,2022-08-31,22.99,23.8,22.61,23.65,10978763,psxdata,2026-05-11T12:51:33
UNITY,2022-09-01,23.9,23.96,23.31,23.47,6727639,psxdata,2026-05-11T12:51:33
UNITY,2022-09-02,23.25,23.74,22.9,22.98,4747874,psxdata,2026-05-11T12:51:33
UNITY,2022-09-05,22.89,22.99,22.15,22.28,3236881,psxdata,2026-05-11T12:51:33
UNITY,2022-09-06,22.15,22.36,22.04,22.15,2806803,psxdata,2026-05-11T12:51:33
UNITY,2022-09-07,22.2,22.36,21.35,21.56,3937541,psxdata,2026-05-11T12:51:33
UNITY,2022-09-08,21.8,22.02,21.5,21.77,2710483,psxdata,2026-05-11T12:51:33
UNITY,2022-09-09,21.76,22.49,21.7,21.93,2684024,psxdata,2026-05-11T12:51:33
UNITY,2022-09-12,21.95,22.03,21.58,21.75,1397989,psxdata,2026-05-11T12:51:33
UNITY,2022-09-13,21.76,22.1,21.48,21.53,2957738,psxdata,2026-05-11T12:51:33
UNITY,2022-09-14,21.53,21.53,21.1,21.39,2226037,psxdata,2026-05-11T12:51:33
UNITY,2022-09-15,21.59,21.99,21.33,21.37,3959487,psxdata,2026-05-11T12:51:33
UNITY,2022-09-16,21.45,21.45,20.94,21.16,2811313,psxdata,2026-05-11T12:51:33
UNITY,2022-09-19,21.3,21.39,21.0,21.05,807450,psxdata,2026-05-11T12:51:33
UNITY,2022-09-20,21.19,21.38,20.81,21.18,2573421,psxdata,2026-05-11T12:51:33
UNITY,2022-09-21,21.4,22.04,21.4,21.63,6163180,psxdata,2026-05-11T12:51:33
UNITY,2022-09-22,21.69,22.2,21.21,22.02,3015104,psxdata,2026-05-11T12:51:33
UNITY,2022-09-23,22.15,22.25,21.65,21.8,3504939,psxdata,2026-05-11T12:51:33
UNITY,2022-09-26,22.01,23.43,22.01,23.06,15404235,psxdata,2026-05-11T12:51:33
UNITY,2022-09-27,23.15,23.47,22.81,23.08,8207337,psxdata,2026-05-11T12:51:33
UNITY,2022-09-28,23.33,23.35,22.4,22.61,5062520,psxdata,2026-05-11T12:51:33
UNITY,2022-09-29,22.61,22.95,22.36,22.59,3460294,psxdata,2026-05-11T12:51:33
UNITY,2022-09-30,22.65,22.89,22.35,22.56,2001235,psxdata,2026-05-11T12:51:33
UNITY,2022-10-03,22.7,23.9,22.45,23.47,12357898,psxdata,2026-05-11T12:51:33
UNITY,2022-10-04,23.48,23.84,23.38,23.54,4826122,psxdata,2026-05-11T12:51:33
UNITY,2022-10-05,23.5,23.68,22.95,23.02,5817019,psxdata,2026-05-11T12:51:33
UNITY,2022-10-06,23.2,23.75,23.14,23.21,7326281,psxdata,2026-05-11T12:51:33
UNITY,2022-10-07,23.1,23.2,22.73,23.09,4087079,psxdata,2026-05-11T12:51:33
UNITY,2022-10-10,22.85,24.1,22.85,23.87,12650656,psxdata,2026-05-11T12:51:33
UNITY,2022-10-11,23.87,24.1,23.01,23.36,9917945,psxdata,2026-05-11T12:51:33
UNITY,2022-10-12,23.15,23.49,22.85,22.99,2212337,psxdata,2026-05-11T12:51:33
UNITY,2022-10-13,22.79,23.3,22.72,23.08,3195985,psxdata,2026-05-11T12:51:33
UNITY,2022-10-14,23.12,23.33,22.55,22.69,3035373,psxdata,2026-05-11T12:51:33
UNITY,2022-10-17,22.69,22.84,21.9,21.98,3862711,psxdata,2026-05-11T12:51:33
UNITY,2022-10-18,21.99,22.43,21.49,21.73,4902101,psxdata,2026-05-11T12:51:33
UNITY,2022-10-19,21.9,22.45,21.77,22.33,2543576,psxdata,2026-05-11T12:51:33
UNITY,2022-10-20,22.15,22.6,22.05,22.13,1897708,psxdata,2026-05-11T12:51:33
UNITY,2022-10-21,22.3,22.48,21.35,22.03,4319847,psxdata,2026-05-11T12:51:33
UNITY,2022-10-24,22.41,22.47,21.69,21.77,3439445,psxdata,2026-05-11T12:51:33
UNITY,2022-10-25,21.85,22.0,21.35,21.48,6005219,psxdata,2026-05-11T12:51:33
UNITY,2022-10-26,21.35,21.35,19.99,20.09,7996219,psxdata,2026-05-11T12:51:33
UNITY,2022-10-27,20.09,20.6,19.96,20.41,6454596,psxdata,2026-05-11T12:51:33
UNITY,2022-10-28,20.2,20.43,19.51,19.7,1915927,psxdata,2026-05-11T12:51:33
UNITY,2022-10-31,19.26,20.1,19.26,19.54,1103146,psxdata,2026-05-11T12:51:33
UNITY,2022-11-01,19.63,20.69,19.63,20.54,3400537,psxdata,2026-05-11T12:51:33
UNITY,2022-11-02,20.6,20.69,20.16,20.35,1749695,psxdata,2026-05-11T12:51:33
UNITY,2022-11-03,20.31,21.07,20.2,20.75,4739458,psxdata,2026-05-11T12:51:33
UNITY,2022-11-04,20.1,20.65,19.82,19.94,6429461,psxdata,2026-05-11T12:51:33
UNITY,2022-11-07,20.14,20.5,20.05,20.12,1263390,psxdata,2026-05-11T12:51:33
UNITY,2022-11-08,20.16,20.35,19.93,19.99,1274721,psxdata,2026-05-11T12:51:33
UNITY,2022-11-10,20.0,20.4,20.0,20.27,1757789,psxdata,2026-05-11T12:51:33
UNITY,2022-11-11,20.4,20.45,20.15,20.27,1331938,psxdata,2026-05-11T12:51:33
UNITY,2022-11-14,20.37,20.37,19.55,19.72,4163991,psxdata,2026-05-11T12:51:33
UNITY,2022-11-15,19.85,20.15,18.65,18.92,10766104,psxdata,2026-05-11T12:51:33
UNITY,2022-11-16,18.91,18.91,17.8,18.36,19422092,psxdata,2026-05-11T12:51:33
UNITY,2022-11-17,18.44,18.65,17.02,17.37,11590963,psxdata,2026-05-11T12:51:33
UNITY,2022-11-18,16.78,17.3,16.08,16.72,58795455,psxdata,2026-05-11T12:51:33
UNITY,2022-11-21,16.9,17.38,16.85,17.13,8730836,psxdata,2026-05-11T12:51:33
UNITY,2022-11-22,17.24,17.95,17.09,17.58,14080015,psxdata,2026-05-11T12:51:33
UNITY,2022-11-23,17.7,17.74,17.24,17.34,3350807,psxdata,2026-05-11T12:51:33
UNITY,2022-11-24,17.45,17.45,17.01,17.12,5099863,psxdata,2026-05-11T12:51:33
UNITY,2022-11-25,17.4,17.41,17.0,17.09,3310245,psxdata,2026-05-11T12:51:33
UNITY,2022-11-28,16.4,16.9,16.35,16.6,6808658,psxdata,2026-05-11T12:51:33
UNITY,2022-11-29,16.6,17.74,16.52,17.56,10135001,psxdata,2026-05-11T12:51:33
UNITY,2022-11-30,17.56,17.6,17.16,17.2,3277887,psxdata,2026-05-11T12:51:33
UNITY,2022-12-01,17.3,17.35,16.91,17.01,2706637,psxdata,2026-05-11T12:51:33
UNITY,2022-12-02,16.9,17.19,16.45,16.88,3112482,psxdata,2026-05-11T12:51:33
UNITY,2022-12-05,17.12,17.15,16.5,16.57,2319301,psxdata,2026-05-11T12:51:33
UNITY,2022-12-06,16.7,16.87,16.51,16.74,2560446,psxdata,2026-05-11T12:51:33
UNITY,2022-12-07,16.88,17.1,16.74,16.77,2120023,psxdata,2026-05-11T12:51:33
UNITY,2022-12-08,16.88,16.89,16.5,16.54,1563443,psxdata,2026-05-11T12:51:33
UNITY,2022-12-09,16.65,16.65,16.15,16.3,2861975,psxdata,2026-05-11T12:51:33
UNITY,2022-12-12,16.26,16.43,15.76,15.88,2770622,psxdata,2026-05-11T12:51:33
UNITY,2022-12-13,15.89,16.0,15.5,15.62,4005503,psxdata,2026-05-11T12:51:33
UNITY,2022-12-14,15.6,16.38,15.55,16.02,8262372,psxdata,2026-05-11T12:51:33
UNITY,2022-12-15,15.87,16.05,15.6,15.72,3616838,psxdata,2026-05-11T12:51:33
UNITY,2022-12-16,15.89,15.89,15.15,15.34,4859231,psxdata,2026-05-11T12:51:33
UNITY,2022-12-19,15.37,15.49,14.56,14.97,3918216,psxdata,2026-05-11T12:51:33
UNITY,2022-12-20,14.92,15.04,13.85,13.95,6393729,psxdata,2026-05-11T12:51:33
UNITY,2022-12-21,13.94,14.24,13.1,13.58,4662989,psxdata,2026-05-11T12:51:33
UNITY,2022-12-22,13.76,14.44,13.62,14.24,3183050,psxdata,2026-05-11T12:51:33
UNITY,2022-12-23,14.2,14.65,13.72,14.34,4144039,psxdata,2026-05-11T12:51:33
UNITY,2022-12-26,14.54,14.8,14.45,14.64,1728012,psxdata,2026-05-11T12:51:33
UNITY,2022-12-27,14.64,14.75,14.16,14.24,1109501,psxdata,2026-05-11T12:51:33
UNITY,2022-12-28,14.2,14.49,14.1,14.23,2503073,psxdata,2026-05-11T12:51:33
UNITY,2022-12-29,14.38,14.38,13.95,14.17,1928751,psxdata,2026-05-11T12:51:33
UNITY,2022-12-30,14.1,14.45,14.01,14.12,2368245,psxdata,2026-05-11T12:51:33
UNITY,2023-01-02,14.15,14.41,14.04,14.18,3224588,psxdata,2026-05-11T12:51:33
UNITY,2023-01-03,14.24,14.45,14.0,14.03,1764818,psxdata,2026-05-11T12:51:33
UNITY,2023-01-04,14.09,14.3,13.98,14.05,1901193,psxdata,2026-05-11T12:51:33
UNITY,2023-01-05,14.09,14.19,14.0,14.12,393165,psxdata,2026-05-11T12:51:33
UNITY,2023-01-06,14.13,14.23,14.05,14.14,567728,psxdata,2026-05-11T12:51:33
UNITY,2023-01-09,14.32,14.32,13.8,13.99,912158,psxdata,2026-05-11T12:51:33
UNITY,2023-01-10,14.11,15.03,14.11,15.03,17214821,psxdata,2026-05-11T12:51:33
UNITY,2023-01-11,15.33,15.42,14.9,15.01,5705352,psxdata,2026-05-11T12:51:33
UNITY,2023-01-12,15.0,15.0,14.65,14.75,1575753,psxdata,2026-05-11T12:51:33
UNITY,2023-01-13,14.61,14.72,14.3,14.37,2070862,psxdata,2026-05-11T12:51:33
UNITY,2023-01-16,14.26,14.3,14.05,14.12,1006552,psxdata,2026-05-11T12:51:33
UNITY,2023-01-17,14.1,14.32,13.07,13.08,3754252,psxdata,2026-05-11T12:51:33
UNITY,2023-01-18,13.12,13.78,13.01,13.53,2070603,psxdata,2026-05-11T12:51:33
UNITY,2023-01-19,13.55,13.88,13.51,13.63,1364722,psxdata,2026-05-11T12:51:33
UNITY,2023-01-20,13.72,13.72,13.06,13.39,1085196,psxdata,2026-05-11T12:51:33
UNITY,2023-01-23,13.39,13.49,13.1,13.38,569326,psxdata,2026-05-11T12:51:33
UNITY,2023-01-24,13.5,13.9,13.21,13.65,3020190,psxdata,2026-05-11T12:51:33
UNITY,2023-01-25,13.73,14.2,13.53,13.97,4926310,psxdata,2026-05-11T12:51:33
UNITY,2023-01-26,14.0,14.52,14.0,14.42,5509372,psxdata,2026-05-11T12:51:33
UNITY,2023-01-27,14.39,14.45,13.9,14.01,1643924,psxdata,2026-05-11T12:51:33
UNITY,2023-01-30,14.1,14.1,13.7,13.8,923902,psxdata,2026-05-11T12:51:33
UNITY,2023-01-31,13.72,14.11,13.71,13.97,749970,psxdata,2026-05-11T12:51:33
UNITY,2023-02-01,13.97,14.08,13.83,13.92,453764,psxdata,2026-05-11T12:51:33
UNITY,2023-02-02,14.09,14.09,13.63,13.97,511750,psxdata,2026-05-11T12:51:33
UNITY,2023-02-03,14.08,14.08,13.55,13.76,947024,psxdata,2026-05-11T12:51:33
UNITY,2023-02-06,13.8,13.86,13.56,13.76,671118,psxdata,2026-05-11T12:51:33
UNITY,2023-02-07,13.8,14.37,13.8,14.01,3105344,psxdata,2026-05-11T12:51:33
UNITY,2023-02-08,14.09,14.24,13.91,14.04,1401252,psxdata,2026-05-11T12:51:33
UNITY,2023-02-09,14.15,14.45,14.13,14.3,2189112,psxdata,2026-05-11T12:51:33
UNITY,2023-02-10,14.3,14.3,13.92,14.03,1245131,psxdata,2026-05-11T12:51:33
UNITY,2023-02-13,14.22,14.22,14.0,14.04,608921,psxdata,2026-05-11T12:51:33
UNITY,2023-02-14,13.93,14.04,13.86,13.9,644963,psxdata,2026-05-11T12:51:33
UNITY,2023-02-15,14.0,14.0,13.75,13.87,288644,psxdata,2026-05-11T12:51:33
UNITY,2023-02-16,13.99,14.0,13.75,13.82,325272,psxdata,2026-05-11T12:51:33
UNITY,2023-02-17,13.9,13.99,13.69,13.81,250075,psxdata,2026-05-11T12:51:33
UNITY,2023-02-20,13.62,13.78,13.48,13.59,419062,psxdata,2026-05-11T12:51:33
UNITY,2023-02-21,13.6,13.78,13.5,13.54,875073,psxdata,2026-05-11T12:51:33
UNITY,2023-02-22,13.57,14.03,13.51,13.84,5251849,psxdata,2026-05-11T12:51:33
UNITY,2023-02-23,13.9,13.9,12.88,13.14,4760718,psxdata,2026-05-11T12:51:33
UNITY,2023-02-24,13.08,13.16,12.92,13.01,1238847,psxdata,2026-05-11T12:51:33
UNITY,2023-02-27,13.1,13.2,12.99,13.01,1457423,psxdata,2026-05-11T12:51:33
UNITY,2023-02-28,13.03,13.03,12.81,12.91,720091,psxdata,2026-05-11T12:51:33
UNITY,2023-03-01,12.94,12.99,12.61,12.82,1956165,psxdata,2026-05-11T12:51:33
UNITY,2023-03-02,12.82,13.0,12.48,12.7,785916,psxdata,2026-05-11T12:51:33
UNITY,2023-03-03,12.4,12.95,12.4,12.8,1518114,psxdata,2026-05-11T12:51:33
UNITY,2023-03-06,12.89,13.22,12.7,12.83,2182783,psxdata,2026-05-11T12:51:33
UNITY,2023-03-07,12.85,12.99,12.63,12.78,1214231,psxdata,2026-05-11T12:51:33
UNITY,2023-03-08,12.9,12.9,12.63,12.69,427216,psxdata,2026-05-11T12:51:33
UNITY,2023-03-09,12.68,13.01,12.68,12.97,1183939,psxdata,2026-05-11T12:51:33
UNITY,2023-03-10,13.01,13.32,12.97,13.18,2364213,psxdata,2026-05-11T12:51:33
UNITY,2023-03-13,13.18,13.37,13.07,13.09,779142,psxdata,2026-05-11T12:51:33
UNITY,2023-03-14,13.04,13.18,12.9,13.0,790123,psxdata,2026-05-11T12:51:33
UNITY,2023-03-15,12.91,13.2,12.9,12.95,931273,psxdata,2026-05-11T12:51:33
UNITY,2023-03-16,12.94,13.47,12.94,13.13,2581870,psxdata,2026-05-11T12:51:33
UNITY,2023-03-17,13.14,13.75,13.14,13.58,4918556,psxdata,2026-05-11T12:51:33
UNITY,2023-03-20,13.74,14.59,13.63,14.16,25054065,psxdata,2026-05-11T12:51:33
UNITY,2023-03-21,14.19,14.45,14.05,14.12,4691640,psxdata,2026-05-11T12:51:33
UNITY,2023-03-22,14.15,14.2,13.45,13.52,2510495,psxdata,2026-05-11T12:51:33
UNITY,2023-03-24,13.49,13.6,13.02,13.37,766607,psxdata,2026-05-11T12:51:33
UNITY,2023-03-27,13.39,13.69,13.2,13.5,2634522,psxdata,2026-05-11T12:51:33
UNITY,2023-03-28,13.5,13.65,13.4,13.47,1315497,psxdata,2026-05-11T12:51:33
UNITY,2023-03-29,13.54,13.54,13.02,13.16,750752,psxdata,2026-05-11T12:51:33
UNITY,2023-03-30,13.16,13.24,13.0,13.08,917639,psxdata,2026-05-11T12:51:33
UNITY,2023-03-31,13.02,13.85,13.02,13.29,1748354,psxdata,2026-05-11T12:51:33
UNITY,2023-04-03,13.32,13.48,13.0,13.04,893427,psxdata,2026-05-11T12:51:33
UNITY,2023-04-04,13.2,13.25,12.91,13.0,2154146,psxdata,2026-05-11T12:51:33
UNITY,2023-04-05,13.07,13.23,12.84,12.89,1375371,psxdata,2026-05-11T12:51:33
UNITY,2023-04-06,12.91,13.34,12.85,13.24,8118257,psxdata,2026-05-11T12:51:33
UNITY,2023-04-07,13.33,13.33,13.02,13.07,851161,psxdata,2026-05-11T12:51:33
UNITY,2023-04-10,13.15,13.15,12.86,12.89,562757,psxdata,2026-05-11T12:51:33
UNITY,2023-04-11,12.91,13.04,12.82,12.86,609671,psxdata,2026-05-11T12:51:33
UNITY,2023-04-12,12.88,12.97,12.82,12.9,530590,psxdata,2026-05-11T12:51:33
UNITY,2023-04-13,12.91,13.13,12.91,12.97,665169,psxdata,2026-05-11T12:51:33
UNITY,2023-04-17,13.09,13.09,12.91,12.93,268332,psxdata,2026-05-11T12:51:33
UNITY,2023-04-18,13.0,13.0,12.9,12.97,174939,psxdata,2026-05-11T12:51:33
UNITY,2023-04-19,13.0,13.1,12.95,13.0,196780,psxdata,2026-05-11T12:51:33
UNITY,2023-04-20,12.99,13.44,12.95,13.3,2132216,psxdata,2026-05-11T12:51:33
UNITY,2023-04-26,13.3,13.38,13.06,13.14,1001744,psxdata,2026-05-11T12:51:33
UNITY,2023-04-27,13.15,13.35,13.0,13.07,3324494,psxdata,2026-05-11T12:51:33
UNITY,2023-04-28,13.07,13.19,13.02,13.05,1310299,psxdata,2026-05-11T12:51:33
UNITY,2023-05-02,13.12,13.23,13.0,13.14,963373,psxdata,2026-05-11T12:51:33
UNITY,2023-05-03,13.27,13.27,12.95,13.07,1264820,psxdata,2026-05-11T12:51:33
UNITY,2023-05-04,13.18,13.65,13.0,13.49,8013276,psxdata,2026-05-11T12:51:33
UNITY,2023-05-05,13.25,13.55,13.06,13.25,2083453,psxdata,2026-05-11T12:51:33
UNITY,2023-05-08,13.38,13.38,12.81,12.95,2211213,psxdata,2026-05-11T12:51:33
UNITY,2023-05-09,13.03,13.03,12.71,12.86,2779920,psxdata,2026-05-11T12:51:33
UNITY,2023-05-10,12.6,12.98,12.5,12.68,755810,psxdata,2026-05-11T12:51:33
UNITY,2023-05-11,12.9,13.0,12.71,12.8,614024,psxdata,2026-05-11T12:51:33
UNITY,2023-05-12,12.62,12.94,12.58,12.74,315372,psxdata,2026-05-11T12:51:33
UNITY,2023-05-15,12.89,12.89,12.62,12.71,353510,psxdata,2026-05-11T12:51:33
UNITY,2023-05-16,12.94,12.95,12.7,12.73,634216,psxdata,2026-05-11T12:51:33
UNITY,2023-05-17,12.9,13.11,12.7,12.77,1307612,psxdata,2026-05-11T12:51:33
UNITY,2023-05-18,12.99,12.99,12.65,12.71,369083,psxdata,2026-05-11T12:51:33
UNITY,2023-05-19,12.58,12.82,12.47,12.7,4779215,psxdata,2026-05-11T12:51:33
UNITY,2023-05-22,12.75,12.75,12.4,12.47,621487,psxdata,2026-05-11T12:51:33
UNITY,2023-05-23,12.6,12.6,11.65,12.09,3690957,psxdata,2026-05-11T12:51:33
UNITY,2023-05-24,12.05,12.31,12.0,12.27,1914729,psxdata,2026-05-11T12:51:33
UNITY,2023-05-25,12.28,12.3,11.97,12.21,1429234,psxdata,2026-05-11T12:51:33
UNITY,2023-05-26,12.1,12.49,12.0,12.36,5667051,psxdata,2026-05-11T12:51:33
UNITY,2023-05-29,12.4,12.74,12.0,12.24,1283066,psxdata,2026-05-11T12:51:33
UNITY,2023-05-30,12.25,12.95,12.12,12.82,2322833,psxdata,2026-05-11T12:51:33
UNITY,2023-05-31,12.75,12.87,12.49,12.7,751501,psxdata,2026-05-11T12:51:33
UNITY,2023-06-01,13.05,13.05,12.62,12.89,694844,psxdata,2026-05-11T12:51:33
UNITY,2023-06-02,12.7,13.19,12.7,13.03,1251336,psxdata,2026-05-11T12:51:33
UNITY,2023-06-05,13.0,13.31,12.9,13.21,1009946,psxdata,2026-05-11T12:51:33
UNITY,2023-06-06,13.21,13.54,13.2,13.49,2415663,psxdata,2026-05-11T12:51:33
UNITY,2023-06-07,13.33,14.5,13.33,14.5,13393073,psxdata,2026-05-11T12:51:33
UNITY,2023-06-08,14.5,15.59,14.5,15.16,28723523,psxdata,2026-05-11T12:51:33
UNITY,2023-06-09,15.15,15.85,14.85,15.5,13968605,psxdata,2026-05-11T12:51:33
UNITY,2023-06-12,15.5,15.98,15.01,15.24,4372900,psxdata,2026-05-11T12:51:33
UNITY,2023-06-13,15.24,15.55,15.11,15.18,2980042,psxdata,2026-05-11T12:51:33
UNITY,2023-06-14,15.29,15.49,14.95,15.09,2049552,psxdata,2026-05-11T12:51:33
UNITY,2023-06-15,15.11,15.19,14.5,14.63,3947752,psxdata,2026-05-11T12:51:33
UNITY,2023-06-16,14.63,14.81,14.56,14.75,822791,psxdata,2026-05-11T12:51:33
UNITY,2023-06-19,14.82,14.82,14.46,14.62,1170232,psxdata,2026-05-11T12:51:33
UNITY,2023-06-20,14.53,14.8,14.5,14.77,1283791,psxdata,2026-05-11T12:51:33
UNITY,2023-06-21,14.89,15.1,14.7,14.75,1301237,psxdata,2026-05-11T12:51:33
UNITY,2023-06-22,14.7,15.0,14.7,14.75,596143,psxdata,2026-05-11T12:51:33
UNITY,2023-06-23,14.7,14.88,14.49,14.73,7471161,psxdata,2026-05-11T12:51:33
UNITY,2023-06-26,14.85,15.5,14.85,15.42,5124232,psxdata,2026-05-11T12:51:33
UNITY,2023-06-27,15.4,15.74,15.0,15.63,3175250,psxdata,2026-05-11T12:51:33
UNITY,2023-07-03,16.8,16.8,16.8,16.8,1035882,psxdata,2026-05-11T12:51:33
UNITY,2023-07-04,17.75,18.06,16.06,18.06,7865524,psxdata,2026-05-11T12:51:33
UNITY,2023-07-05,18.5,18.82,17.55,17.75,9153755,psxdata,2026-05-11T12:51:33
UNITY,2023-07-06,17.21,18.35,17.21,18.0,3478983,psxdata,2026-05-11T12:51:33
UNITY,2023-07-07,18.06,19.35,17.75,19.12,10793857,psxdata,2026-05-11T12:51:33
UNITY,2023-07-10,19.95,20.55,19.56,20.18,20659220,psxdata,2026-05-11T12:51:33
UNITY,2023-07-11,20.25,21.69,20.05,21.69,15648458,psxdata,2026-05-11T12:51:33
UNITY,2023-07-12,22.0,23.32,22.0,22.5,20347892,psxdata,2026-05-11T12:51:33
UNITY,2023-07-13,22.98,23.7,22.51,23.31,21230363,psxdata,2026-05-11T12:51:33
UNITY,2023-07-14,23.7,24.58,23.5,24.18,19103677,psxdata,2026-05-11T12:51:33
UNITY,2023-07-17,24.49,24.7,23.9,24.09,5731926,psxdata,2026-05-11T12:51:33
UNITY,2023-07-18,23.6,24.43,23.49,23.65,3595861,psxdata,2026-05-11T12:51:33
UNITY,2023-07-19,23.7,23.97,23.01,23.21,3603680,psxdata,2026-05-11T12:51:33
UNITY,2023-07-20,23.01,24.95,23.01,24.95,11644485,psxdata,2026-05-11T12:51:33
UNITY,2023-07-21,25.76,26.82,25.68,26.82,5013241,psxdata,2026-05-11T12:51:33
UNITY,2023-07-24,28.83,28.83,26.26,27.4,31484303,psxdata,2026-05-11T12:51:33
UNITY,2023-07-25,27.01,27.68,27.0,27.19,3523487,psxdata,2026-05-11T12:51:33
UNITY,2023-07-26,27.66,27.9,27.0,27.65,10316848,psxdata,2026-05-11T12:51:33
UNITY,2023-07-27,27.65,28.11,26.61,26.85,11492272,psxdata,2026-05-11T12:51:33
UNITY,2023-07-31,27.13,27.2,26.2,26.34,4432346,psxdata,2026-05-11T12:51:33
UNITY,2023-08-01,26.69,28.03,26.55,27.55,8854332,psxdata,2026-05-11T12:51:33
UNITY,2023-08-02,27.1,29.6,27.1,28.26,26799997,psxdata,2026-05-11T12:51:33
UNITY,2023-08-03,28.39,28.75,27.02,27.18,13442686,psxdata,2026-05-11T12:51:33
UNITY,2023-08-04,27.32,27.7,27.0,27.38,4365204,psxdata,2026-05-11T12:51:33
UNITY,2023-08-07,27.49,28.08,27.0,27.15,6712990,psxdata,2026-05-11T12:51:33
UNITY,2023-08-08,27.35,27.47,26.01,26.37,6536881,psxdata,2026-05-11T12:51:33
UNITY,2023-08-09,26.3,27.17,26.06,26.87,4152295,psxdata,2026-05-11T12:51:33
UNITY,2023-08-10,27.21,27.3,26.46,26.88,1388314,psxdata,2026-05-11T12:51:33
UNITY,2023-08-11,26.88,27.18,26.21,26.7,1390735,psxdata,2026-05-11T12:51:33
UNITY,2023-08-15,27.0,27.14,26.5,26.62,2810122,psxdata,2026-05-11T12:51:33
UNITY,2023-08-16,26.48,26.71,26.0,26.13,1895098,psxdata,2026-05-11T12:51:33
UNITY,2023-08-17,26.39,26.39,25.35,26.03,2599726,psxdata,2026-05-11T12:51:33
UNITY,2023-08-18,26.0,26.73,25.85,26.06,4194795,psxdata,2026-05-11T12:51:33
UNITY,2023-08-21,26.05,26.26,25.36,25.48,1351944,psxdata,2026-05-11T12:51:33
UNITY,2023-08-22,25.5,25.69,25.1,25.42,777618,psxdata,2026-05-11T12:51:33
UNITY,2023-08-23,25.16,25.49,24.05,25.28,4102332,psxdata,2026-05-11T12:51:33
UNITY,2023-08-24,25.48,25.84,24.61,24.76,2967978,psxdata,2026-05-11T12:51:33
UNITY,2023-08-25,24.9,25.2,24.4,24.7,7610125,psxdata,2026-05-11T12:51:33
UNITY,2023-08-28,24.9,24.9,23.76,23.98,1619694,psxdata,2026-05-11T12:51:33
UNITY,2023-08-29,24.0,24.05,23.05,23.3,3058389,psxdata,2026-05-11T12:51:33
UNITY,2023-08-30,23.1,23.4,22.6,22.72,1778036,psxdata,2026-05-11T12:51:33
UNITY,2023-08-31,22.51,23.78,21.5,22.63,10093760,psxdata,2026-05-11T12:51:33
UNITY,2023-09-01,22.31,22.9,22.31,22.64,570656,psxdata,2026-05-11T12:51:33
UNITY,2023-09-04,23.0,23.4,23.0,23.26,1206056,psxdata,2026-05-11T12:51:33
UNITY,2023-09-05,23.08,23.4,23.0,23.03,354337,psxdata,2026-05-11T12:51:33
UNITY,2023-09-06,23.18,23.36,22.61,23.21,846066,psxdata,2026-05-11T12:51:33
UNITY,2023-09-07,23.48,23.94,23.2,23.49,2052858,psxdata,2026-05-11T12:51:33
UNITY,2023-09-08,23.49,23.6,23.05,23.18,590569,psxdata,2026-05-11T12:51:33
UNITY,2023-09-11,23.24,23.5,22.8,23.05,471003,psxdata,2026-05-11T12:51:33
UNITY,2023-09-12,22.85,23.1,22.61,22.72,481776,psxdata,2026-05-11T12:51:33
UNITY,2023-09-13,22.98,23.2,22.6,22.85,614333,psxdata,2026-05-11T12:51:33
UNITY,2023-09-14,22.76,23.26,22.62,22.85,743265,psxdata,2026-05-11T12:51:33
UNITY,2023-09-15,23.01,23.93,22.6,22.74,1761123,psxdata,2026-05-11T12:51:33
UNITY,2023-09-18,22.8,22.94,22.31,22.41,282591,psxdata,2026-05-11T12:51:33
UNITY,2023-09-19,22.53,22.7,22.3,22.42,408582,psxdata,2026-05-11T12:51:33
UNITY,2023-09-20,22.49,23.74,22.34,23.37,4797798,psxdata,2026-05-11T12:51:33
UNITY,2023-09-21,23.49,24.63,23.49,24.34,6700891,psxdata,2026-05-11T12:51:33
UNITY,2023-09-22,24.7,25.65,24.53,25.41,8137436,psxdata,2026-05-11T12:51:33
UNITY,2023-09-25,25.45,26.1,25.4,25.77,5817127,psxdata,2026-05-11T12:51:33
UNITY,2023-09-26,25.8,26.01,25.32,25.43,5734732,psxdata,2026-05-11T12:51:33
UNITY,2023-09-27,25.75,25.84,25.28,25.38,2911125,psxdata,2026-05-11T12:51:33
UNITY,2023-09-28,25.5,25.65,25.1,25.17,1439788,psxdata,2026-05-11T12:51:33
UNITY,2023-10-02,25.1,25.91,25.1,25.84,2507096,psxdata,2026-05-11T12:51:33
UNITY,2023-10-03,25.99,26.45,24.91,25.44,8538353,psxdata,2026-05-11T12:51:33
UNITY,2023-10-04,25.4,25.4,24.8,24.88,2407390,psxdata,2026-05-11T12:51:33
UNITY,2023-10-05,24.88,25.4,24.85,24.99,2391824,psxdata,2026-05-11T12:51:33
UNITY,2023-10-06,25.25,25.4,24.76,24.92,1268963,psxdata,2026-05-11T12:51:33
UNITY,2023-10-09,24.75,25.3,24.73,24.98,1025329,psxdata,2026-05-11T12:51:33
UNITY,2023-10-10,25.11,25.75,24.86,25.5,6166736,psxdata,2026-05-11T12:51:33
UNITY,2023-10-11,25.7,27.1,25.7,26.26,15953133,psxdata,2026-05-11T12:51:33
UNITY,2023-10-12,26.3,26.8,26.05,26.21,3543181,psxdata,2026-05-11T12:51:33
UNITY,2023-10-13,25.79,26.91,25.79,26.84,8388879,psxdata,2026-05-11T12:51:33
UNITY,2023-10-16,27.0,27.1,26.31,26.8,2834714,psxdata,2026-05-11T12:51:33
UNITY,2023-10-17,26.75,27.35,26.13,26.46,7473741,psxdata,2026-05-11T12:51:33
UNITY,2023-10-18,26.24,26.75,26.11,26.48,2045074,psxdata,2026-05-11T12:51:33
UNITY,2023-10-19,26.6,26.6,26.0,26.21,2429489,psxdata,2026-05-11T12:51:33
UNITY,2023-10-20,26.18,26.18,24.85,25.14,3719320,psxdata,2026-05-11T12:51:33
UNITY,2023-10-23,25.3,25.5,23.28,23.37,5663919,psxdata,2026-05-11T12:51:33
UNITY,2023-10-24,23.4,24.2,23.11,23.97,3002810,psxdata,2026-05-11T12:51:33
UNITY,2023-10-25,24.0,24.1,23.55,23.76,1072892,psxdata,2026-05-11T12:51:33
UNITY,2023-10-26,23.76,24.0,23.15,23.3,1327539,psxdata,2026-05-11T12:51:33
UNITY,2023-10-27,23.45,23.45,22.85,23.03,2957833,psxdata,2026-05-11T12:51:33
UNITY,2023-10-30,23.0,23.83,22.76,23.53,1797164,psxdata,2026-05-11T12:51:33
UNITY,2023-10-31,23.65,24.28,23.15,24.07,5507449,psxdata,2026-05-11T12:51:33
UNITY,2023-11-01,24.1,24.3,23.5,24.14,2633824,psxdata,2026-05-11T12:51:33
UNITY,2023-11-02,24.2,24.24,23.72,23.94,1503212,psxdata,2026-05-11T12:51:33
UNITY,2023-11-03,24.0,25.4,23.91,25.1,12198739,psxdata,2026-05-11T12:51:33
UNITY,2023-11-06,25.39,25.7,24.91,25.26,9571884,psxdata,2026-05-11T12:51:33
UNITY,2023-11-07,25.48,25.49,24.11,24.39,3884833,psxdata,2026-05-11T12:51:33
UNITY,2023-11-08,24.5,24.85,24.01,24.4,1659269,psxdata,2026-05-11T12:51:33
UNITY,2023-11-10,24.5,24.71,23.25,23.93,14646146,psxdata,2026-05-11T12:51:33
UNITY,2023-11-13,24.25,24.75,23.95,24.46,9770263,psxdata,2026-05-11T12:51:33
UNITY,2023-11-14,24.5,25.25,24.01,24.99,12746982,psxdata,2026-05-11T12:51:33
UNITY,2023-11-15,25.21,26.7,25.21,26.47,20700879,psxdata,2026-05-11T12:51:33
UNITY,2023-11-16,26.76,27.45,26.26,27.17,14001291,psxdata,2026-05-11T12:51:33
UNITY,2023-11-17,27.37,27.84,26.6,26.84,12152459,psxdata,2026-05-11T12:51:33
UNITY,2023-11-20,26.7,27.1,26.5,26.65,4516182,psxdata,2026-05-11T12:51:33
UNITY,2023-11-21,26.66,26.95,26.0,26.18,5514519,psxdata,2026-05-11T12:51:33
UNITY,2023-11-22,26.15,27.2,26.02,26.45,10719581,psxdata,2026-05-11T12:51:33
UNITY,2023-11-23,26.3,27.39,26.3,26.33,11301751,psxdata,2026-05-11T12:51:33
UNITY,2023-11-24,26.5,26.52,25.2,25.39,10093386,psxdata,2026-05-11T12:51:33
UNITY,2023-11-27,25.58,25.73,25.22,25.27,3055082,psxdata,2026-05-11T12:51:33
UNITY,2023-11-28,25.69,26.54,25.59,25.75,10823571,psxdata,2026-05-11T12:51:33
UNITY,2023-11-29,25.8,26.26,25.65,25.89,6429845,psxdata,2026-05-11T12:51:33
UNITY,2023-11-30,26.01,26.55,25.7,25.85,7882003,psxdata,2026-05-11T12:51:33
UNITY,2023-12-01,26.03,26.24,25.75,25.89,4733151,psxdata,2026-05-11T12:51:33
UNITY,2023-12-04,26.1,27.08,25.9,26.6,12900879,psxdata,2026-05-11T12:51:33
UNITY,2023-12-05,26.85,26.95,26.29,26.33,5403009,psxdata,2026-05-11T12:51:33
UNITY,2023-12-06,26.23,27.25,26.2,26.81,12826133,psxdata,2026-05-11T12:51:33
UNITY,2023-12-07,27.43,28.0,26.85,27.25,28379686,psxdata,2026-05-11T12:51:33
UNITY,2023-12-08,27.7,27.8,26.7,27.47,13951236,psxdata,2026-05-11T12:51:33
UNITY,2023-12-11,27.0,28.48,27.0,28.26,23505645,psxdata,2026-05-11T12:51:33
UNITY,2023-12-12,28.66,29.25,27.91,28.18,24100801,psxdata,2026-05-11T12:51:33
UNITY,2023-12-13,28.15,28.35,26.07,26.13,31129195,psxdata,2026-05-11T12:51:33
UNITY,2023-12-14,25.63,26.49,25.63,25.96,6821608,psxdata,2026-05-11T12:51:33
UNITY,2023-12-15,26.0,26.4,25.5,26.03,6516664,psxdata,2026-05-11T12:51:33
UNITY,2023-12-18,26.39,26.39,24.51,24.79,6207686,psxdata,2026-05-11T12:51:33
UNITY,2023-12-19,24.4,24.8,23.5,24.4,18197420,psxdata,2026-05-11T12:51:33
UNITY,2023-12-20,24.6,25.24,23.3,24.22,9061423,psxdata,2026-05-11T12:51:33
UNITY,2023-12-21,24.29,24.7,23.86,24.34,5348900,psxdata,2026-05-11T12:51:33
UNITY,2023-12-22,24.59,24.98,24.06,24.24,6377815,psxdata,2026-05-11T12:51:33
UNITY,2023-12-26,24.0,24.65,22.62,23.1,11361250,psxdata,2026-05-11T12:51:33
UNITY,2023-12-27,23.0,23.99,22.75,23.92,4570418,psxdata,2026-05-11T12:51:33
UNITY,2023-12-28,24.1,24.34,23.5,23.59,4003013,psxdata,2026-05-11T12:51:33
UNITY,2023-12-29,23.75,24.18,23.5,23.63,6034568,psxdata,2026-05-11T12:51:33
UNITY,2024-01-01,23.78,24.41,23.78,24.3,5391374,psxdata,2026-05-11T12:51:33
UNITY,2024-01-02,24.36,26.12,23.83,26.04,20755539,psxdata,2026-05-11T12:51:33
UNITY,2024-01-03,26.5,26.98,25.12,25.42,18772787,psxdata,2026-05-11T12:51:33
UNITY,2024-01-04,25.3,25.79,24.65,24.91,6684045,psxdata,2026-05-11T12:51:33
UNITY,2024-01-05,24.75,25.44,23.61,24.41,6367644,psxdata,2026-05-11T12:51:33
UNITY,2024-01-08,24.35,24.55,23.95,24.04,2174656,psxdata,2026-05-11T12:51:33
UNITY,2024-01-09,24.1,24.77,23.52,24.21,3403425,psxdata,2026-05-11T12:51:33
UNITY,2024-01-10,24.29,24.85,24.05,24.19,1799865,psxdata,2026-05-11T12:51:33
UNITY,2024-01-11,24.2,24.44,24.04,24.29,949541,psxdata,2026-05-11T12:51:33
UNITY,2024-01-12,24.58,24.6,23.9,24.02,1284687,psxdata,2026-05-11T12:51:33
UNITY,2024-01-15,23.99,24.4,23.6,23.7,1231258,psxdata,2026-05-11T12:51:33
UNITY,2024-01-16,23.85,23.93,23.37,23.65,887764,psxdata,2026-05-11T12:51:33
UNITY,2024-01-17,23.79,23.9,23.12,23.25,914468,psxdata,2026-05-11T12:51:33
UNITY,2024-01-18,23.0,23.4,22.5,22.75,1326494,psxdata,2026-05-11T12:51:33
UNITY,2024-01-19,22.9,23.08,22.33,22.45,944416,psxdata,2026-05-11T12:51:33
UNITY,2024-01-22,22.6,22.61,22.25,22.48,823704,psxdata,2026-05-11T12:51:33
UNITY,2024-01-23,22.5,23.15,22.33,22.76,3804402,psxdata,2026-05-11T12:51:33
UNITY,2024-01-24,22.52,23.25,22.52,22.7,3772805,psxdata,2026-05-11T12:51:33
UNITY,2024-01-25,22.99,23.0,22.23,22.47,1857041,psxdata,2026-05-11T12:51:33
UNITY,2024-01-26,22.22,22.49,21.6,22.03,2873124,psxdata,2026-05-11T12:51:33
UNITY,2024-01-29,22.0,22.01,20.85,20.92,2520879,psxdata,2026-05-11T12:51:33
UNITY,2024-01-30,20.75,21.19,19.6,20.08,3629422,psxdata,2026-05-11T12:51:33
UNITY,2024-01-31,20.15,20.36,19.85,19.94,788540,psxdata,2026-05-11T12:51:33
UNITY,2024-02-01,19.95,20.2,19.75,19.98,771087,psxdata,2026-05-11T12:51:33
UNITY,2024-02-02,19.82,21.2,19.25,20.95,2667331,psxdata,2026-05-11T12:51:33
UNITY,2024-02-06,21.46,21.53,21.0,21.23,950195,psxdata,2026-05-11T12:51:33
UNITY,2024-02-07,21.47,21.5,21.2,21.29,676893,psxdata,2026-05-11T12:51:33
UNITY,2024-02-09,21.3,21.3,20.0,20.74,696592,psxdata,2026-05-11T12:51:33
UNITY,2024-02-12,20.49,20.54,19.18,19.24,1294102,psxdata,2026-05-11T12:51:33
UNITY,2024-02-13,18.9,19.58,17.81,18.93,3315083,psxdata,2026-05-11T12:51:33
UNITY,2024-02-14,19.03,20.2,19.03,19.69,1799398,psxdata,2026-05-11T12:51:33
UNITY,2024-02-15,19.6,19.68,18.71,18.9,1217194,psxdata,2026-05-11T12:51:33
UNITY,2024-02-16,18.95,18.95,17.83,18.09,1260027,psxdata,2026-05-11T12:51:33
UNITY,2024-02-19,17.8,19.4,17.6,19.3,2712452,psxdata,2026-05-11T12:51:33
UNITY,2024-02-20,19.31,20.75,19.31,20.61,10505845,psxdata,2026-05-11T12:51:33
UNITY,2024-02-21,21.49,21.49,20.4,20.63,9443016,psxdata,2026-05-11T12:51:33
UNITY,2024-02-22,20.74,20.8,20.31,20.44,1592225,psxdata,2026-05-11T12:51:33
UNITY,2024-02-23,20.45,20.9,19.25,20.47,4373155,psxdata,2026-05-11T12:51:33
UNITY,2024-02-26,20.74,22.01,20.5,21.91,13281754,psxdata,2026-05-11T12:51:33
UNITY,2024-02-27,21.99,22.3,20.8,21.16,12427995,psxdata,2026-05-11T12:51:33
UNITY,2024-02-28,20.61,22.75,20.61,22.75,13295726,psxdata,2026-05-11T12:51:33
UNITY,2024-02-29,23.5,24.3,23.25,23.63,19373606,psxdata,2026-05-11T12:51:33
UNITY,2024-03-01,23.78,23.8,23.0,23.04,3537222,psxdata,2026-05-11T12:51:33
UNITY,2024-03-04,23.31,24.2,22.9,23.62,6478457,psxdata,2026-05-11T12:51:33
UNITY,2024-03-05,23.74,23.74,22.71,23.0,2885496,psxdata,2026-05-11T12:51:33
UNITY,2024-03-06,23.0,24.5,22.9,23.67,18613018,psxdata,2026-05-11T12:51:33
UNITY,2024-03-07,23.6,23.85,23.32,23.53,4405511,psxdata,2026-05-11T12:51:33
UNITY,2024-03-08,23.65,24.3,23.5,23.67,9503275,psxdata,2026-05-11T12:51:33
UNITY,2024-03-11,23.78,24.09,23.48,23.64,3404865,psxdata,2026-05-11T12:51:33
UNITY,2024-03-12,23.65,23.85,22.26,22.42,2237288,psxdata,2026-05-11T12:51:33
UNITY,2024-03-13,22.23,23.25,21.5,22.0,3112730,psxdata,2026-05-11T12:51:33
UNITY,2024-03-14,22.38,23.1,22.37,22.95,1296740,psxdata,2026-05-11T12:51:33
UNITY,2024-03-15,23.19,23.24,22.8,22.92,948840,psxdata,2026-05-11T12:51:33
UNITY,2024-03-18,23.13,24.4,23.1,24.04,9724206,psxdata,2026-05-11T12:51:33
UNITY,2024-03-19,24.1,25.3,24.1,25.0,15917634,psxdata,2026-05-11T12:51:33
UNITY,2024-03-20,25.35,25.35,24.2,24.31,13130571,psxdata,2026-05-11T12:51:33
UNITY,2024-03-21,24.3,24.55,23.75,24.0,7503182,psxdata,2026-05-11T12:51:33
UNITY,2024-03-22,23.8,24.0,23.4,23.69,1971246,psxdata,2026-05-11T12:51:33
UNITY,2024-03-25,23.8,23.9,23.11,23.45,1156971,psxdata,2026-05-11T12:51:33
UNITY,2024-03-26,23.55,23.8,23.3,23.51,1799670,psxdata,2026-05-11T12:51:33
UNITY,2024-03-27,23.68,23.8,23.19,23.51,4604457,psxdata,2026-05-11T12:51:33
UNITY,2024-03-28,23.63,24.19,23.51,23.74,5098913,psxdata,2026-05-11T12:51:33
UNITY,2024-03-29,23.94,23.94,23.25,23.47,1693534,psxdata,2026-05-11T12:51:33
UNITY,2024-04-01,23.6,23.77,23.16,23.4,2117682,psxdata,2026-05-11T12:51:33
UNITY,2024-04-02,23.49,23.5,23.0,23.42,1843511,psxdata,2026-05-11T12:51:33
UNITY,2024-04-03,23.5,23.7,23.37,23.66,1729482,psxdata,2026-05-11T12:51:33
UNITY,2024-04-04,23.7,24.0,23.45,23.9,3200540,psxdata,2026-05-11T12:51:33
UNITY,2024-04-08,24.1,24.18,23.9,23.96,2846253,psxdata,2026-05-11T12:51:33
UNITY,2024-04-09,24.01,24.24,23.56,23.67,4761081,psxdata,2026-05-11T12:51:33
UNITY,2024-04-15,23.59,23.79,23.21,23.39,887247,psxdata,2026-05-11T12:51:33
UNITY,2024-04-16,23.33,23.86,23.33,23.45,3542142,psxdata,2026-05-11T12:51:33
UNITY,2024-04-17,23.7,24.41,23.5,23.94,13480507,psxdata,2026-05-11T12:51:33
UNITY,2024-04-18,23.98,24.0,23.35,23.54,3273329,psxdata,2026-05-11T12:51:33
UNITY,2024-04-19,23.55,23.73,23.25,23.49,2499130,psxdata,2026-05-11T12:51:33
UNITY,2024-04-22,23.83,23.84,23.41,23.55,5351757,psxdata,2026-05-11T12:51:33
UNITY,2024-04-23,23.82,24.15,23.6,23.71,14819865,psxdata,2026-05-11T12:51:33
UNITY,2024-04-24,23.94,24.55,23.61,24.31,16685503,psxdata,2026-05-11T12:51:33
UNITY,2024-04-25,24.78,26.13,24.7,24.91,44276576,psxdata,2026-05-11T12:51:33
UNITY,2024-04-26,25.07,25.83,24.6,25.28,22021403,psxdata,2026-05-11T12:51:33
UNITY,2024-04-29,25.3,25.65,25.3,25.41,7428572,psxdata,2026-05-11T12:51:33
UNITY,2024-04-30,25.4,25.5,24.85,25.04,8561756,psxdata,2026-05-11T12:51:33
UNITY,2024-05-02,24.9,25.5,24.76,25.16,7778562,psxdata,2026-05-11T12:51:33
UNITY,2024-05-03,25.4,25.4,25.0,25.11,3133269,psxdata,2026-05-11T12:51:33
UNITY,2024-05-06,25.4,25.6,25.3,25.38,6894597,psxdata,2026-05-11T12:51:33
UNITY,2024-05-07,25.43,25.49,25.15,25.22,1999148,psxdata,2026-05-11T12:51:33
UNITY,2024-05-08,25.47,25.47,25.12,25.19,3361192,psxdata,2026-05-11T12:51:33
UNITY,2024-05-09,25.2,25.4,25.19,25.22,2314880,psxdata,2026-05-11T12:51:33
UNITY,2024-05-10,25.3,25.43,25.2,25.23,1635574,psxdata,2026-05-11T12:51:33
UNITY,2024-05-13,25.1,25.4,25.1,25.16,1546535,psxdata,2026-05-11T12:51:33
UNITY,2024-05-14,25.13,25.36,25.1,25.14,1890289,psxdata,2026-05-11T12:51:33
UNITY,2024-05-15,25.16,25.92,25.15,25.78,11224079,psxdata,2026-05-11T12:51:33
UNITY,2024-05-16,25.81,26.4,25.75,26.05,6749071,psxdata,2026-05-11T12:51:33
UNITY,2024-05-17,26.1,26.9,26.03,26.73,14812072,psxdata,2026-05-11T12:51:33
UNITY,2024-05-20,26.42,26.7,26.25,26.33,2314610,psxdata,2026-05-11T12:51:33
UNITY,2024-05-21,26.34,26.4,26.03,26.17,2411348,psxdata,2026-05-11T12:51:33
UNITY,2024-05-22,26.21,26.64,26.0,26.42,5652581,psxdata,2026-05-11T12:51:33
UNITY,2024-05-23,26.45,26.74,26.4,26.57,2899497,psxdata,2026-05-11T12:51:33
UNITY,2024-05-24,26.6,26.67,26.48,26.59,2474935,psxdata,2026-05-11T12:51:33
UNITY,2024-05-27,26.6,27.24,26.55,27.14,8902168,psxdata,2026-05-11T12:51:33
UNITY,2024-05-29,27.05,27.3,26.85,26.94,10049475,psxdata,2026-05-11T12:51:33
UNITY,2024-05-30,27.0,27.0,26.55,26.66,1178036,psxdata,2026-05-11T12:51:33
UNITY,2024-05-31,26.6,27.14,26.6,26.9,6045092,psxdata,2026-05-11T12:51:33
UNITY,2024-06-03,27.0,27.19,26.95,27.12,3210170,psxdata,2026-05-11T12:51:33
UNITY,2024-06-04,27.14,27.15,26.41,26.89,3571025,psxdata,2026-05-11T12:51:33
UNITY,2024-06-05,26.95,27.05,26.75,26.81,2273627,psxdata,2026-05-11T12:51:33
UNITY,2024-06-06,26.82,26.95,26.62,26.72,2483671,psxdata,2026-05-11T12:51:33
UNITY,2024-06-07,26.67,26.9,26.6,26.77,2497173,psxdata,2026-05-11T12:51:33
UNITY,2024-06-10,26.95,26.97,26.71,26.83,1666047,psxdata,2026-05-11T12:51:33
UNITY,2024-06-11,26.9,26.98,26.71,26.8,1292287,psxdata,2026-05-11T12:51:33
UNITY,2024-06-12,26.01,26.97,26.01,26.92,2520429,psxdata,2026-05-11T12:51:33
UNITY,2024-06-13,26.98,27.14,26.76,26.95,962181,psxdata,2026-05-11T12:51:33
UNITY,2024-06-14,26.8,27.05,26.8,26.92,904320,psxdata,2026-05-11T12:51:33
UNITY,2024-06-20,26.98,27.05,26.85,27.01,746593,psxdata,2026-05-11T12:51:33
UNITY,2024-06-21,27.0,27.34,26.96,27.27,5043256,psxdata,2026-05-11T12:51:33
UNITY,2024-06-24,27.1,27.9,27.1,27.21,12453239,psxdata,2026-05-11T12:51:33
UNITY,2024-06-25,27.21,29.66,27.0,29.4,16651738,psxdata,2026-05-11T12:51:33
UNITY,2024-06-26,29.4,29.89,28.5,28.7,7310382,psxdata,2026-05-11T12:51:33
UNITY,2024-06-27,28.5,29.88,28.5,29.41,5191294,psxdata,2026-05-11T12:51:33
UNITY,2024-06-28,29.3,30.6,29.1,30.15,5988329,psxdata,2026-05-11T12:51:33
UNITY,2024-07-01,30.22,32.1,30.22,31.22,10289011,psxdata,2026-05-11T12:51:33
UNITY,2024-07-02,31.39,31.84,30.75,31.35,3304692,psxdata,2026-05-11T12:51:33
UNITY,2024-07-03,31.6,32.4,31.05,31.85,12900547,psxdata,2026-05-11T12:51:33
UNITY,2024-07-04,31.9,32.28,31.46,31.85,2357363,psxdata,2026-05-11T12:51:33
UNITY,2024-07-05,31.9,32.0,31.25,31.5,1871737,psxdata,2026-05-11T12:51:33
UNITY,2024-07-08,31.4,31.65,31.0,31.23,2112964,psxdata,2026-05-11T12:51:33
UNITY,2024-07-09,31.23,33.3,30.4,32.46,9904663,psxdata,2026-05-11T12:51:33
UNITY,2024-07-10,33.3,35.54,32.5,34.87,28628477,psxdata,2026-05-11T12:51:33
UNITY,2024-07-11,35.0,35.61,34.5,34.76,7663627,psxdata,2026-05-11T12:51:33
UNITY,2024-07-12,34.85,35.4,33.3,34.85,4512810,psxdata,2026-05-11T12:51:33
UNITY,2024-07-15,35.05,35.5,34.36,34.71,3388555,psxdata,2026-05-11T12:51:33
UNITY,2024-07-18,34.6,35.5,34.24,34.38,1264705,psxdata,2026-05-11T12:51:33
UNITY,2024-07-19,34.24,34.75,32.71,33.31,3602165,psxdata,2026-05-11T12:51:33
UNITY,2024-07-22,33.07,33.6,31.6,32.42,4441733,psxdata,2026-05-11T12:51:33
UNITY,2024-07-23,32.11,33.03,31.2,31.93,2002306,psxdata,2026-05-11T12:51:33
UNITY,2024-07-24,32.0,32.9,31.05,32.24,1098789,psxdata,2026-05-11T12:51:33
UNITY,2024-07-25,32.25,32.46,31.51,31.86,1744071,psxdata,2026-05-11T12:51:33
UNITY,2024-07-26,32.0,32.0,29.61,31.19,2027970,psxdata,2026-05-11T12:51:33
UNITY,2024-07-29,31.48,31.55,30.01,31.04,851683,psxdata,2026-05-11T12:51:33
UNITY,2024-07-30,31.5,31.5,30.25,30.51,1162469,psxdata,2026-05-11T12:51:33
UNITY,2024-07-31,30.96,30.96,29.69,30.09,533499,psxdata,2026-05-11T12:51:33
UNITY,2024-08-01,30.47,30.47,28.1,30.01,2047712,psxdata,2026-05-11T12:51:33
UNITY,2024-08-02,30.44,30.6,29.29,30.01,1043610,psxdata,2026-05-11T12:51:33
UNITY,2024-08-05,30.03,30.15,29.75,29.85,876042,psxdata,2026-05-11T12:51:33
UNITY,2024-08-06,29.98,30.0,28.7,29.02,1104040,psxdata,2026-05-11T12:51:33
UNITY,2024-08-07,28.2,29.79,28.2,28.54,915200,psxdata,2026-05-11T12:51:33
UNITY,2024-08-08,28.89,28.89,28.15,28.43,1140777,psxdata,2026-05-11T12:51:33
UNITY,2024-08-09,28.26,30.8,28.26,30.36,1652823,psxdata,2026-05-11T12:51:33
UNITY,2024-08-12,30.01,30.5,29.3,29.31,907883,psxdata,2026-05-11T12:51:33
UNITY,2024-08-13,29.48,29.86,28.75,29.04,1762987,psxdata,2026-05-11T12:51:33
UNITY,2024-08-15,29.1,29.49,28.82,29.02,315040,psxdata,2026-05-11T12:51:33
UNITY,2024-08-16,29.0,29.45,28.4,28.49,426576,psxdata,2026-05-11T12:51:33
UNITY,2024-08-19,28.2,29.1,27.8,28.8,1253165,psxdata,2026-05-11T12:51:33
UNITY,2024-08-20,29.0,29.0,28.2,28.24,358228,psxdata,2026-05-11T12:51:33
UNITY,2024-08-21,28.2,29.0,28.0,28.77,774041,psxdata,2026-05-11T12:51:33
UNITY,2024-08-22,28.2,29.0,28.2,28.29,498890,psxdata,2026-05-11T12:51:33
UNITY,2024-08-23,28.25,28.69,27.85,27.94,404650,psxdata,2026-05-11T12:51:33
UNITY,2024-08-26,28.5,29.55,27.52,28.89,8852500,psxdata,2026-05-11T12:51:33
UNITY,2024-08-27,29.1,29.45,28.8,28.94,1745385,psxdata,2026-05-11T12:51:33
UNITY,2024-08-28,29.0,29.7,28.63,28.93,2317428,psxdata,2026-05-11T12:51:33
UNITY,2024-08-29,29.1,29.24,28.55,28.74,1033472,psxdata,2026-05-11T12:51:33
UNITY,2024-08-30,28.8,28.98,28.3,28.47,2916199,psxdata,2026-05-11T12:51:33
UNITY,2024-09-02,28.74,28.74,27.43,27.79,912736,psxdata,2026-05-11T12:51:33
UNITY,2024-09-03,27.52,28.4,27.52,27.79,631796,psxdata,2026-05-11T12:51:33
UNITY,2024-09-04,27.97,28.35,27.53,27.96,1254530,psxdata,2026-05-11T12:51:33
UNITY,2024-09-05,28.01,28.2,27.5,27.93,548463,psxdata,2026-05-11T12:51:33
UNITY,2024-09-06,27.61,28.2,27.5,27.98,670289,psxdata,2026-05-11T12:51:33
UNITY,2024-09-09,28.2,28.2,27.62,28.0,303457,psxdata,2026-05-11T12:51:33
UNITY,2024-09-10,28.06,29.14,27.91,28.66,7635850,psxdata,2026-05-11T12:51:33
UNITY,2024-09-11,28.9,30.25,28.6,29.31,5473929,psxdata,2026-05-11T12:51:33
UNITY,2024-09-12,29.56,29.6,28.8,29.07,969201,psxdata,2026-05-11T12:51:33
UNITY,2024-09-13,29.98,29.98,28.5,28.67,849189,psxdata,2026-05-11T12:51:33
UNITY,2024-09-16,28.81,29.15,28.01,28.58,391907,psxdata,2026-05-11T12:51:33
UNITY,2024-09-18,28.58,28.89,28.0,28.01,886214,psxdata,2026-05-11T12:51:33
UNITY,2024-09-19,28.03,28.49,27.6,27.91,779926,psxdata,2026-05-11T12:51:33
UNITY,2024-09-20,28.2,28.44,27.5,27.6,992662,psxdata,2026-05-11T12:51:33
UNITY,2024-09-23,27.6,28.0,27.03,27.21,1538314,psxdata,2026-05-11T12:51:33
UNITY,2024-09-24,27.21,27.59,26.52,26.67,487402,psxdata,2026-05-11T12:51:33
UNITY,2024-09-25,26.51,26.89,26.45,26.57,343958,psxdata,2026-05-11T12:51:33
UNITY,2024-09-26,26.99,26.99,26.05,26.24,282199,psxdata,2026-05-11T12:51:33
UNITY,2024-09-27,26.4,26.78,25.35,25.62,467348,psxdata,2026-05-11T12:51:33
UNITY,2024-09-30,25.84,26.15,25.11,25.44,518850,psxdata,2026-05-11T12:51:33
UNITY,2024-10-01,25.49,25.75,25.01,25.43,259778,psxdata,2026-05-11T12:51:33
UNITY,2024-10-02,25.59,26.3,25.1,25.5,928632,psxdata,2026-05-11T12:51:33
UNITY,2024-10-03,25.85,26.2,25.05,25.69,2414050,psxdata,2026-05-11T12:51:33
UNITY,2024-10-04,25.65,26.32,25.25,25.94,1690240,psxdata,2026-05-11T12:51:33
UNITY,2024-10-07,25.78,26.45,25.76,26.16,502119,psxdata,2026-05-11T12:51:33
UNITY,2024-10-08,26.35,26.47,26.0,26.08,626036,psxdata,2026-05-11T12:51:33
UNITY,2024-10-09,26.05,26.48,26.0,26.06,478990,psxdata,2026-05-11T12:51:33
UNITY,2024-10-10,26.01,26.29,25.5,25.67,509743,psxdata,2026-05-11T12:51:33
UNITY,2024-10-11,26.1,26.42,25.02,25.26,529468,psxdata,2026-05-11T12:51:33
UNITY,2024-10-14,25.12,25.95,25.01,25.14,283476,psxdata,2026-05-11T12:51:33
UNITY,2024-10-15,25.14,25.79,25.14,25.42,976894,psxdata,2026-05-11T12:51:33
UNITY,2024-10-16,25.42,26.1,25.4,25.55,1383392,psxdata,2026-05-11T12:51:33
UNITY,2024-10-17,25.7,26.6,25.58,25.92,2524273,psxdata,2026-05-11T12:51:33
UNITY,2024-10-18,26.0,26.4,25.36,25.66,866312,psxdata,2026-05-11T12:51:33
UNITY,2024-10-21,25.66,25.99,25.36,25.42,539586,psxdata,2026-05-11T12:51:33
UNITY,2024-10-22,25.89,25.95,25.39,25.54,495585,psxdata,2026-05-11T12:51:33
UNITY,2024-10-23,25.58,25.85,25.58,25.71,1354671,psxdata,2026-05-11T12:51:33
UNITY,2024-10-24,25.9,25.9,25.5,25.62,479886,psxdata,2026-05-11T12:51:33
UNITY,2024-10-25,25.68,25.95,25.26,25.31,722473,psxdata,2026-05-11T12:51:33
UNITY,2024-10-28,25.4,26.97,25.4,26.51,4528967,psxdata,2026-05-11T12:51:33
UNITY,2024-10-29,26.88,28.49,26.5,27.67,5324105,psxdata,2026-05-11T12:51:33
UNITY,2024-10-30,27.75,28.15,26.0,26.48,2131901,psxdata,2026-05-11T12:51:33
UNITY,2024-10-31,26.36,26.9,26.1,26.54,1128928,psxdata,2026-05-11T12:51:33
UNITY,2024-11-01,26.45,26.71,26.04,26.39,425230,psxdata,2026-05-11T12:51:33
UNITY,2024-11-04,26.38,26.6,26.12,26.45,396229,psxdata,2026-05-11T12:51:33
UNITY,2024-11-05,26.74,27.0,26.26,26.76,502754,psxdata,2026-05-11T12:51:33
UNITY,2024-11-06,26.98,27.66,26.26,26.97,2183677,psxdata,2026-05-11T12:51:33
UNITY,2024-11-07,27.14,27.44,26.77,27.27,1694984,psxdata,2026-05-11T12:51:33
UNITY,2024-11-08,27.5,27.6,27.15,27.24,1129702,psxdata,2026-05-11T12:51:33
UNITY,2024-11-11,27.28,27.49,26.55,26.71,821024,psxdata,2026-05-11T12:51:33
UNITY,2024-11-12,26.72,26.99,26.41,26.55,381605,psxdata,2026-05-11T12:51:33
UNITY,2024-11-13,26.51,26.88,26.05,26.16,1325660,psxdata,2026-05-11T12:51:33
UNITY,2024-11-14,26.2,27.05,26.1,26.86,1440594,psxdata,2026-05-11T12:51:33
UNITY,2024-11-15,27.01,28.9,26.7,28.2,12497431,psxdata,2026-05-11T12:51:33
UNITY,2024-11-18,28.2,28.45,27.2,27.29,2515591,psxdata,2026-05-11T12:51:33
UNITY,2024-11-19,27.44,27.91,27.3,27.75,2626969,psxdata,2026-05-11T12:51:33
UNITY,2024-11-20,28.0,28.29,27.35,27.44,2921723,psxdata,2026-05-11T12:51:33
UNITY,2024-11-21,27.51,27.93,27.09,27.43,2049153,psxdata,2026-05-11T12:51:33
UNITY,2024-11-22,27.44,28.0,27.31,27.49,2699751,psxdata,2026-05-11T12:51:33
UNITY,2024-11-25,27.2,27.78,27.2,27.51,418207,psxdata,2026-05-11T12:51:33
UNITY,2024-11-26,27.51,28.23,27.4,27.5,4559088,psxdata,2026-05-11T12:51:33
UNITY,2024-11-27,27.76,28.99,27.7,28.78,4320789,psxdata,2026-05-11T12:51:33
UNITY,2024-11-28,29.15,29.28,28.35,28.96,3856832,psxdata,2026-05-11T12:51:33
UNITY,2024-11-29,29.05,31.86,29.05,31.02,18550036,psxdata,2026-05-11T12:51:33
UNITY,2024-12-02,31.11,31.99,30.75,31.64,5167674,psxdata,2026-05-11T12:51:33
UNITY,2024-12-03,32.0,32.49,30.85,31.97,6665433,psxdata,2026-05-11T12:51:33
UNITY,2024-12-04,32.6,32.95,31.85,31.98,4937863,psxdata,2026-05-11T12:51:33
UNITY,2024-12-05,32.0,35.1,31.2,34.86,13933502,psxdata,2026-05-11T12:51:33
UNITY,2024-12-06,34.99,37.0,33.75,36.49,10971602,psxdata,2026-05-11T12:51:33
UNITY,2024-12-09,36.49,40.14,35.25,39.02,16436564,psxdata,2026-05-11T12:51:33
UNITY,2024-12-10,39.9,39.9,37.0,38.21,6928001,psxdata,2026-05-11T12:51:33
UNITY,2024-12-11,39.1,39.25,37.27,37.99,5814828,psxdata,2026-05-11T12:51:33
UNITY,2024-12-12,38.1,38.15,36.3,36.69,2172024,psxdata,2026-05-11T12:51:33
UNITY,2024-12-13,36.7,36.88,35.01,36.06,2229648,psxdata,2026-05-11T12:51:33
UNITY,2024-12-16,36.7,36.73,35.4,35.57,1703685,psxdata,2026-05-11T12:51:33
UNITY,2024-12-17,35.6,35.98,33.5,34.14,1186180,psxdata,2026-05-11T12:51:33
UNITY,2024-12-18,34.18,34.99,32.01,33.67,1655653,psxdata,2026-05-11T12:51:33
UNITY,2024-12-19,33.3,33.9,32.0,32.96,1619930,psxdata,2026-05-11T12:51:33
UNITY,2024-12-20,33.0,33.81,32.51,32.97,854075,psxdata,2026-05-11T12:51:33
UNITY,2024-12-23,33.5,34.9,32.67,34.84,2435297,psxdata,2026-05-11T12:51:33
UNITY,2024-12-24,35.05,35.7,34.15,34.52,1462554,psxdata,2026-05-11T12:51:33
UNITY,2024-12-26,34.5,34.5,33.02,33.39,901625,psxdata,2026-05-11T12:51:33
UNITY,2024-12-27,33.56,33.6,32.85,33.27,925320,psxdata,2026-05-11T12:51:33
UNITY,2024-12-30,33.5,34.3,32.1,33.55,1794694,psxdata,2026-05-11T12:51:33
UNITY,2024-12-31,33.55,34.9,33.35,34.54,1790117,psxdata,2026-05-11T12:51:33
UNITY,2025-01-01,34.89,35.25,34.0,34.19,897025,psxdata,2026-05-11T12:51:33
UNITY,2025-01-02,33.96,34.78,33.71,34.19,2274742,psxdata,2026-05-11T12:51:33
UNITY,2025-01-03,34.43,34.43,33.2,33.59,602341,psxdata,2026-05-11T12:51:33
UNITY,2025-01-06,33.55,34.9,33.46,34.47,3021805,psxdata,2026-05-11T12:51:33
UNITY,2025-01-07,34.25,35.53,32.22,34.82,1818205,psxdata,2026-05-11T12:51:33
UNITY,2025-01-08,34.92,34.93,33.65,33.98,599198,psxdata,2026-05-11T12:51:33
UNITY,2025-01-09,33.9,34.45,32.2,32.71,906026,psxdata,2026-05-11T12:51:33
UNITY,2025-01-10,32.93,33.24,32.0,32.47,2248457,psxdata,2026-05-11T12:51:33
UNITY,2025-01-13,32.3,33.0,32.0,32.22,471196,psxdata,2026-05-11T12:51:33
UNITY,2025-01-14,32.6,32.8,32.16,32.67,431976,psxdata,2026-05-11T12:51:33
UNITY,2025-01-15,33.0,33.62,32.75,33.01,1756221,psxdata,2026-05-11T12:51:33
UNITY,2025-01-16,33.39,33.39,32.52,32.66,175256,psxdata,2026-05-11T12:51:33
UNITY,2025-01-17,32.66,33.94,32.0,33.08,364745,psxdata,2026-05-11T12:51:33
UNITY,2025-01-20,32.75,33.5,32.75,33.25,198254,psxdata,2026-05-11T12:51:33
UNITY,2025-01-21,33.0,33.55,32.1,32.94,835337,psxdata,2026-05-11T12:51:33
UNITY,2025-01-22,32.94,32.99,32.3,32.41,233314,psxdata,2026-05-11T12:51:33
UNITY,2025-01-23,32.63,32.98,32.3,32.35,137090,psxdata,2026-05-11T12:51:33
UNITY,2025-01-24,32.35,33.29,32.0,32.82,499610,psxdata,2026-05-11T12:51:33
UNITY,2025-01-27,32.96,33.3,32.2,32.64,399031,psxdata,2026-05-11T12:51:33
UNITY,2025-01-28,32.63,32.89,32.0,32.44,227374,psxdata,2026-05-11T12:51:33
UNITY,2025-01-29,32.5,32.54,31.19,31.9,363762,psxdata,2026-05-11T12:51:33
UNITY,2025-01-30,32.0,32.1,31.3,31.51,246836,psxdata,2026-05-11T12:51:33
UNITY,2025-01-31,31.5,31.8,30.4,30.62,1175628,psxdata,2026-05-11T12:51:33
UNITY,2025-02-03,30.9,30.9,30.3,30.68,752202,psxdata,2026-05-11T12:51:33
UNITY,2025-02-04,30.36,30.95,30.3,30.6,651432,psxdata,2026-05-11T12:51:33
UNITY,2025-02-06,30.5,33.66,29.0,31.36,483177,psxdata,2026-05-11T12:51:33
UNITY,2025-02-07,31.0,31.5,29.89,30.12,224767,psxdata,2026-05-11T12:51:33
UNITY,2025-02-10,30.49,30.53,29.57,29.79,423648,psxdata,2026-05-11T12:51:33
UNITY,2025-02-11,29.8,30.65,29.8,30.21,313677,psxdata,2026-05-11T12:51:33
UNITY,2025-02-12,30.26,30.48,29.81,29.85,157041,psxdata,2026-05-11T12:51:33
UNITY,2025-02-13,30.09,30.18,29.77,29.83,162521,psxdata,2026-05-11T12:51:33
UNITY,2025-02-14,29.79,30.05,29.2,29.51,240902,psxdata,2026-05-11T12:51:33
UNITY,2025-02-17,29.51,30.3,29.2,29.28,91424,psxdata,2026-05-11T12:51:33
UNITY,2025-02-18,29.48,29.89,29.1,29.59,111079,psxdata,2026-05-11T12:51:33
UNITY,2025-02-19,29.75,31.5,29.61,30.47,5863861,psxdata,2026-05-11T12:51:33
UNITY,2025-02-20,30.5,30.94,30.39,30.63,785864,psxdata,2026-05-11T12:51:33
UNITY,2025-02-21,30.84,30.84,30.2,30.3,334756,psxdata,2026-05-11T12:51:33
UNITY,2025-02-24,30.48,30.5,29.56,29.89,344865,psxdata,2026-05-11T12:51:33
UNITY,2025-02-25,30.8,31.9,30.22,30.44,8276527,psxdata,2026-05-11T12:51:33
UNITY,2025-02-26,30.46,31.0,30.0,30.41,1110516,psxdata,2026-05-11T12:51:33
UNITY,2025-02-27,30.5,30.5,29.99,30.01,264373,psxdata,2026-05-11T12:51:33
UNITY,2025-02-28,30.22,30.47,27.66,28.95,815054,psxdata,2026-05-11T12:51:33
UNITY,2025-03-03,29.24,29.24,28.35,28.69,242338,psxdata,2026-05-11T12:51:33
UNITY,2025-03-04,28.7,29.23,28.18,28.76,177535,psxdata,2026-05-11T12:51:33
UNITY,2025-03-05,28.76,29.25,28.6,28.93,260524,psxdata,2026-05-11T12:51:33
UNITY,2025-03-06,29.0,29.65,28.8,29.42,347855,psxdata,2026-05-11T12:51:33
UNITY,2025-03-07,29.45,29.45,28.25,29.28,291380,psxdata,2026-05-11T12:51:33
UNITY,2025-03-10,29.66,29.75,29.0,29.42,236422,psxdata,2026-05-11T12:51:33
UNITY,2025-03-11,29.42,29.42,28.88,29.09,1799878,psxdata,2026-05-11T12:51:33
UNITY,2025-03-12,29.01,29.41,28.8,29.02,370785,psxdata,2026-05-11T12:51:33
UNITY,2025-03-13,29.95,29.95,29.1,29.41,576599,psxdata,2026-05-11T12:51:33
UNITY,2025-03-14,29.5,29.7,29.0,29.14,453706,psxdata,2026-05-11T12:51:33
UNITY,2025-03-17,29.1,30.1,29.1,29.6,808419,psxdata,2026-05-11T12:51:33
UNITY,2025-03-18,29.8,30.4,29.29,29.84,2062219,psxdata,2026-05-11T12:51:33
UNITY,2025-03-19,29.9,30.25,29.0,29.68,2810508,psxdata,2026-05-11T12:51:33
UNITY,2025-03-20,29.62,29.79,29.47,29.56,580274,psxdata,2026-05-11T12:51:33
UNITY,2025-03-21,29.66,29.67,28.52,29.0,599422,psxdata,2026-05-11T12:51:33
UNITY,2025-03-24,29.01,29.2,28.6,28.82,406366,psxdata,2026-05-11T12:51:33
UNITY,2025-03-25,28.99,29.0,28.6,28.72,932304,psxdata,2026-05-11T12:51:33
UNITY,2025-03-26,28.9,29.1,28.3,28.58,661543,psxdata,2026-05-11T12:51:33
UNITY,2025-03-27,28.58,28.73,28.12,28.36,208535,psxdata,2026-05-11T12:51:33
UNITY,2025-04-03,28.32,28.9,28.11,28.61,1171810,psxdata,2026-05-11T12:51:33
UNITY,2025-04-04,28.62,28.86,28.19,28.24,1735282,psxdata,2026-05-11T12:51:33
UNITY,2025-04-07,28.18,28.18,25.42,26.12,1501303,psxdata,2026-05-11T12:51:33
UNITY,2025-04-08,26.49,27.93,25.0,25.86,1733996,psxdata,2026-05-11T12:51:33
UNITY,2025-04-09,26.09,26.09,24.4,25.33,636551,psxdata,2026-05-11T12:51:33
UNITY,2025-04-10,26.3,26.9,26.25,26.67,503235,psxdata,2026-05-11T12:51:33
UNITY,2025-04-11,26.68,26.68,26.3,26.52,152101,psxdata,2026-05-11T12:51:33
UNITY,2025-04-14,26.54,26.95,26.54,26.61,333062,psxdata,2026-05-11T12:51:33
UNITY,2025-04-15,26.61,28.73,26.51,27.95,3047287,psxdata,2026-05-11T12:51:33
UNITY,2025-04-16,28.0,28.7,27.7,27.79,927214,psxdata,2026-05-11T12:51:33
UNITY,2025-04-17,28.25,28.3,27.35,27.79,220900,psxdata,2026-05-11T12:51:33
UNITY,2025-04-18,27.53,28.0,27.0,27.36,236444,psxdata,2026-05-11T12:51:33
UNITY,2025-04-21,27.05,28.23,27.05,27.87,1136427,psxdata,2026-05-11T12:51:33
UNITY,2025-04-22,28.39,28.39,27.32,27.45,4083646,psxdata,2026-05-11T12:51:33
UNITY,2025-04-23,27.5,27.5,26.8,27.05,438286,psxdata,2026-05-11T12:51:33
UNITY,2025-04-24,26.75,26.9,26.25,26.5,1345731,psxdata,2026-05-11T12:51:33
UNITY,2025-04-25,26.28,26.8,25.75,26.31,661167,psxdata,2026-05-11T12:51:33
UNITY,2025-04-28,26.61,26.61,25.15,25.74,1336256,psxdata,2026-05-11T12:51:33
UNITY,2025-04-29,25.74,26.7,25.05,26.19,384413,psxdata,2026-05-11T12:51:33
UNITY,2025-04-30,26.19,26.19,25.3,25.77,293866,psxdata,2026-05-11T12:51:33
UNITY,2025-05-02,26.39,28.0,25.5,26.21,224651,psxdata,2026-05-11T12:51:33
UNITY,2025-05-05,26.21,26.97,25.5,26.31,640394,psxdata,2026-05-11T12:51:33
UNITY,2025-05-06,26.0,26.75,25.55,26.17,338247,psxdata,2026-05-11T12:51:33
UNITY,2025-05-07,23.65,25.7,23.65,24.46,738226,psxdata,2026-05-11T12:51:33
UNITY,2025-05-08,24.74,25.85,22.02,24.07,2318212,psxdata,2026-05-11T12:51:33
UNITY,2025-05-09,22.51,24.19,22.3,23.44,589492,psxdata,2026-05-11T12:51:33
UNITY,2025-05-12,25.0,25.78,25.0,25.78,933818,psxdata,2026-05-11T12:51:33
UNITY,2025-05-13,26.4,26.49,25.0,26.13,1323632,psxdata,2026-05-11T12:51:33
UNITY,2025-05-14,26.15,27.99,26.13,27.35,3265117,psxdata,2026-05-11T12:51:33
UNITY,2025-05-15,27.35,27.8,26.9,27.32,1150059,psxdata,2026-05-11T12:51:33
UNITY,2025-05-16,27.2,27.7,26.6,27.12,488035,psxdata,2026-05-11T12:51:33
UNITY,2025-05-19,26.76,27.49,26.73,26.85,249808,psxdata,2026-05-11T12:51:33
UNITY,2025-05-20,26.88,27.0,26.51,26.82,147223,psxdata,2026-05-11T12:51:33
UNITY,2025-05-21,26.52,27.19,26.52,26.93,276043,psxdata,2026-05-11T12:51:33
UNITY,2025-05-22,27.0,27.14,26.71,26.9,4211535,psxdata,2026-05-11T12:51:33
UNITY,2025-05-23,27.0,27.0,26.5,26.72,133624,psxdata,2026-05-11T12:51:33
UNITY,2025-05-26,27.0,27.0,26.1,26.62,188022,psxdata,2026-05-11T12:51:33
UNITY,2025-05-27,26.5,26.72,26.5,26.57,78089,psxdata,2026-05-11T12:51:33
UNITY,2025-05-29,26.57,26.95,26.4,26.43,233941,psxdata,2026-05-11T12:51:33
UNITY,2025-05-30,26.38,26.48,23.8,25.73,1695984,psxdata,2026-05-11T12:51:33
UNITY,2025-06-02,25.8,25.98,25.05,25.39,1386124,psxdata,2026-05-11T12:51:33
UNITY,2025-06-03,25.0,25.89,25.0,25.5,423730,psxdata,2026-05-11T12:51:33
UNITY,2025-06-04,25.7,26.5,25.55,26.14,2724705,psxdata,2026-05-11T12:51:33
UNITY,2025-06-05,26.14,27.52,26.1,26.89,62902228,psxdata,2026-05-11T12:51:33
UNITY,2025-06-10,27.07,27.6,26.74,26.98,6767910,psxdata,2026-05-11T12:51:33
UNITY,2025-06-11,27.23,27.24,25.15,26.17,3930899,psxdata,2026-05-11T12:51:33
UNITY,2025-06-12,26.17,26.99,25.2,25.5,4881313,psxdata,2026-05-11T12:51:33
UNITY,2025-06-13,25.5,25.5,24.6,25.01,1918165,psxdata,2026-05-11T12:51:33
UNITY,2025-06-16,24.85,26.15,24.16,25.96,12745854,psxdata,2026-05-11T12:51:33
UNITY,2025-06-17,26.1,26.2,25.31,25.66,1224983,psxdata,2026-05-11T12:51:33
UNITY,2025-06-18,25.69,25.69,25.16,25.28,846493,psxdata,2026-05-11T12:51:33
UNITY,2025-06-19,25.29,25.88,24.0,24.49,1755331,psxdata,2026-05-11T12:51:33
UNITY,2025-06-20,24.7,24.7,23.93,24.06,998740,psxdata,2026-05-11T12:51:33
UNITY,2025-06-23,23.49,23.8,22.11,22.49,1102237,psxdata,2026-05-11T12:51:33
UNITY,2025-06-24,23.9,24.6,23.3,24.4,2089896,psxdata,2026-05-11T12:51:33
UNITY,2025-06-25,24.41,24.5,23.99,24.1,1045693,psxdata,2026-05-11T12:51:33
UNITY,2025-06-26,24.25,25.24,23.85,24.97,15116791,psxdata,2026-05-11T12:51:33
UNITY,2025-06-27,25.0,25.45,24.76,24.85,1917928,psxdata,2026-05-11T12:51:33
UNITY,2025-06-30,24.65,25.19,24.65,24.91,1320487,psxdata,2026-05-11T12:51:33
UNITY,2025-07-01,24.96,25.16,24.7,24.8,1088237,psxdata,2026-05-11T12:51:33
UNITY,2025-07-02,24.93,25.51,24.76,24.86,3668163,psxdata,2026-05-11T12:51:33
UNITY,2025-07-03,24.9,24.96,24.5,24.79,1490721,psxdata,2026-05-11T12:51:33
UNITY,2025-07-04,24.99,26.57,24.6,26.15,10837548,psxdata,2026-05-11T12:51:33
UNITY,2025-07-07,26.25,26.81,26.11,26.6,21715569,psxdata,2026-05-11T12:51:33
UNITY,2025-07-08,26.9,27.3,26.35,26.72,22230034,psxdata,2026-05-11T12:51:33
UNITY,2025-07-09,26.78,26.78,26.0,26.25,4799687,psxdata,2026-05-11T12:51:33
UNITY,2025-07-10,26.3,27.1,26.25,26.67,8123192,psxdata,2026-05-11T12:51:33
UNITY,2025-07-11,26.8,27.1,26.45,26.64,3828314,psxdata,2026-05-11T12:51:33
UNITY,2025-07-14,26.8,26.89,26.3,26.51,2138567,psxdata,2026-05-11T12:51:33
UNITY,2025-07-15,26.55,26.7,25.4,25.83,2260768,psxdata,2026-05-11T12:51:33
UNITY,2025-07-16,25.8,26.44,25.3,26.05,2111543,psxdata,2026-05-11T12:51:33
UNITY,2025-07-17,26.01,27.0,26.01,26.27,6265636,psxdata,2026-05-11T12:51:33
UNITY,2025-07-18,26.25,26.35,25.81,26.0,2398520,psxdata,2026-05-11T12:51:33
UNITY,2025-07-21,25.81,26.6,25.75,26.47,3944384,psxdata,2026-05-11T12:51:33
UNITY,2025-07-22,26.26,26.8,26.12,26.53,3435062,psxdata,2026-05-11T12:51:33
UNITY,2025-07-23,26.53,26.75,26.22,26.52,944370,psxdata,2026-05-11T12:51:33
UNITY,2025-07-24,26.58,26.61,26.12,26.26,917034,psxdata,2026-05-11T12:51:33
UNITY,2025-07-25,26.15,26.48,25.76,26.03,957592,psxdata,2026-05-11T12:51:33
UNITY,2025-07-28,26.03,27.0,25.9,26.71,2271589,psxdata,2026-05-11T12:51:33
UNITY,2025-07-29,26.8,27.4,26.31,26.44,4394053,psxdata,2026-05-11T12:51:33
UNITY,2025-07-30,26.74,26.74,26.0,26.18,695567,psxdata,2026-05-11T12:51:33
UNITY,2025-07-31,26.3,26.89,26.08,26.63,917741,psxdata,2026-05-11T12:51:33
UNITY,2025-08-01,26.15,26.8,26.15,26.39,343797,psxdata,2026-05-11T12:51:33
UNITY,2025-08-04,26.5,26.6,26.2,26.51,518164,psxdata,2026-05-11T12:51:33
UNITY,2025-08-05,26.51,27.71,26.31,27.57,5838562,psxdata,2026-05-11T12:51:33
UNITY,2025-08-06,27.95,28.07,27.5,27.86,5966788,psxdata,2026-05-11T12:51:33
UNITY,2025-08-07,28.45,30.65,28.25,30.65,15080850,psxdata,2026-05-11T12:51:33
UNITY,2025-08-08,31.65,31.74,29.82,30.71,13907057,psxdata,2026-05-11T12:51:33
UNITY,2025-08-11,30.5,31.2,30.01,30.33,7686260,psxdata,2026-05-11T12:51:33
UNITY,2025-08-12,30.35,30.65,28.8,29.07,17631440,psxdata,2026-05-11T12:51:33
UNITY,2025-08-13,29.05,29.5,28.21,28.48,10200130,psxdata,2026-05-11T12:51:33
UNITY,2025-08-15,28.26,28.73,28.0,28.17,3770512,psxdata,2026-05-11T12:51:33
UNITY,2025-08-18,28.25,28.4,27.7,28.0,5827044,psxdata,2026-05-11T12:51:33
UNITY,2025-08-19,28.1,29.3,27.95,28.7,26523358,psxdata,2026-05-11T12:51:33
UNITY,2025-08-20,28.98,29.75,28.3,29.29,6523547,psxdata,2026-05-11T12:51:33
UNITY,2025-08-21,29.69,29.7,28.0,28.68,2569684,psxdata,2026-05-11T12:51:33
UNITY,2025-08-22,28.76,30.35,28.7,29.36,64076520,psxdata,2026-05-11T12:51:33
UNITY,2025-08-25,29.45,30.39,29.21,29.91,11876649,psxdata,2026-05-11T12:51:33
UNITY,2025-08-26,30.1,30.42,29.65,29.84,9493507,psxdata,2026-05-11T12:51:33
UNITY,2025-08-27,30.18,30.18,28.81,28.94,6644814,psxdata,2026-05-11T12:51:33
UNITY,2025-08-28,29.05,29.35,28.25,28.52,3868180,psxdata,2026-05-11T12:51:33
UNITY,2025-08-29,28.65,29.0,28.3,28.38,2611582,psxdata,2026-05-11T12:51:33
UNITY,2025-09-01,28.89,29.0,28.28,28.41,3588310,psxdata,2026-05-11T12:51:33
UNITY,2025-09-02,28.79,28.9,28.35,28.42,1418966,psxdata,2026-05-11T12:51:33
UNITY,2025-09-03,28.6,28.9,28.37,28.74,3731652,psxdata,2026-05-11T12:51:33
UNITY,2025-09-04,28.8,28.99,28.39,28.45,3006528,psxdata,2026-05-11T12:51:33
UNITY,2025-09-05,28.49,28.5,28.21,28.31,2275092,psxdata,2026-05-11T12:51:33
UNITY,2025-09-08,28.41,28.7,28.25,28.32,1798539,psxdata,2026-05-11T12:51:33
UNITY,2025-09-09,28.5,28.5,27.55,27.69,4535352,psxdata,2026-05-11T12:51:33
UNITY,2025-09-10,27.75,28.61,27.25,28.06,4040888,psxdata,2026-05-11T12:51:33
UNITY,2025-09-11,28.1,28.32,27.61,27.81,2717916,psxdata,2026-05-11T12:51:33
UNITY,2025-09-12,27.85,28.1,27.52,27.62,1585880,psxdata,2026-05-11T12:51:33
UNITY,2025-09-15,27.6,28.0,27.35,27.52,1757441,psxdata,2026-05-11T12:51:33
UNITY,2025-09-16,27.8,28.05,27.6,27.75,1345469,psxdata,2026-05-11T12:51:33
UNITY,2025-09-17,27.75,28.9,27.56,28.39,7888989,psxdata,2026-05-11T12:51:33
UNITY,2025-09-18,28.45,28.8,28.15,28.56,6872116,psxdata,2026-05-11T12:51:33
UNITY,2025-09-19,28.7,29.42,28.53,28.95,10771156,psxdata,2026-05-11T12:51:33
UNITY,2025-09-22,29.12,29.48,28.51,28.59,4830702,psxdata,2026-05-11T12:51:33
UNITY,2025-09-23,28.59,28.98,28.2,28.25,2170773,psxdata,2026-05-11T12:51:33
UNITY,2025-09-24,28.5,28.5,27.8,28.02,3145741,psxdata,2026-05-11T12:51:33
UNITY,2025-09-25,28.0,28.5,27.75,27.91,2538076,psxdata,2026-05-11T12:51:33
UNITY,2025-09-26,27.9,28.9,26.92,27.51,20230470,psxdata,2026-05-11T12:51:33
UNITY,2025-09-29,27.84,28.4,27.4,28.05,13027406,psxdata,2026-05-11T12:51:33
UNITY,2025-09-30,28.06,28.1,27.0,27.42,7450667,psxdata,2026-05-11T12:51:33
UNITY,2025-10-01,27.45,27.75,26.38,26.51,18174765,psxdata,2026-05-11T12:51:33
UNITY,2025-10-02,26.75,26.89,26.3,26.43,9763099,psxdata,2026-05-11T12:51:33
UNITY,2025-10-03,26.61,26.8,25.65,26.11,6700249,psxdata,2026-05-11T12:51:33
UNITY,2025-10-06,25.9,26.2,24.7,25.03,8080870,psxdata,2026-05-11T12:51:33
UNITY,2025-10-07,25.11,25.35,24.44,24.55,8412767,psxdata,2026-05-11T12:51:33
UNITY,2025-10-08,24.75,24.79,23.94,24.02,6930308,psxdata,2026-05-11T12:51:33
UNITY,2025-10-09,24.04,24.57,23.9,23.98,4964917,psxdata,2026-05-11T12:51:33
UNITY,2025-10-10,24.19,24.25,23.52,23.81,5098211,psxdata,2026-05-11T12:51:33
UNITY,2025-10-13,24.84,26.19,24.5,26.19,30340002,psxdata,2026-05-11T12:51:33
UNITY,2025-10-14,26.99,27.49,25.65,26.13,27288710,psxdata,2026-05-11T12:51:33
UNITY,2025-10-15,26.4,26.95,25.8,25.92,10915475,psxdata,2026-05-11T12:51:33
UNITY,2025-10-16,26.0,26.25,25.3,25.41,4481104,psxdata,2026-05-11T12:51:33
UNITY,2025-10-17,25.5,25.65,24.8,24.94,4082336,psxdata,2026-05-11T12:51:33
UNITY,2025-10-20,25.32,25.37,24.9,25.05,3273050,psxdata,2026-05-11T12:51:33
UNITY,2025-10-21,25.19,25.2,24.55,24.81,3984079,psxdata,2026-05-11T12:51:33
UNITY,2025-10-22,24.9,24.9,24.25,24.36,4694327,psxdata,2026-05-11T12:51:33
UNITY,2025-10-23,24.64,25.0,24.3,24.48,9452971,psxdata,2026-05-11T12:51:33
UNITY,2025-10-24,24.68,25.0,24.0,24.17,3442948,psxdata,2026-05-11T12:51:33
UNITY,2025-10-27,24.28,24.65,23.71,24.12,5578983,psxdata,2026-05-11T12:51:33
UNITY,2025-10-28,24.13,24.5,21.71,22.1,9983259,psxdata,2026-05-11T12:51:33
UNITY,2025-10-29,22.0,23.1,21.8,22.38,7611716,psxdata,2026-05-11T12:51:33
UNITY,2025-10-30,22.55,22.98,20.8,21.29,9455462,psxdata,2026-05-11T12:51:33
UNITY,2025-10-31,21.71,22.7,21.57,22.45,5489645,psxdata,2026-05-11T12:51:33
UNITY,2025-11-03,22.6,23.55,22.32,23.4,9888554,psxdata,2026-05-11T12:51:33
UNITY,2025-11-04,23.42,23.5,22.7,22.77,2654483,psxdata,2026-05-11T12:51:33
UNITY,2025-11-05,22.77,22.96,22.52,22.71,1100574,psxdata,2026-05-11T12:51:33
UNITY,2025-11-06,22.76,22.89,22.48,22.57,1703262,psxdata,2026-05-11T12:51:33
UNITY,2025-11-07,22.58,22.78,22.3,22.39,950110,psxdata,2026-05-11T12:51:33
UNITY,2025-11-10,22.4,22.74,22.3,22.36,1396632,psxdata,2026-05-11T12:51:33
UNITY,2025-11-11,22.58,22.62,21.5,21.73,2807715,psxdata,2026-05-11T12:51:33
UNITY,2025-11-12,22.2,22.2,21.6,21.69,841755,psxdata,2026-05-11T12:51:33
UNITY,2025-11-13,21.98,21.98,21.41,21.72,1585374,psxdata,2026-05-11T12:51:33
UNITY,2025-11-14,21.76,22.47,21.72,22.29,1827114,psxdata,2026-05-11T12:51:33
UNITY,2025-11-17,22.5,22.75,22.3,22.46,1999120,psxdata,2026-05-11T12:51:33
UNITY,2025-11-18,22.52,22.63,22.01,22.16,1291972,psxdata,2026-05-11T12:51:33
UNITY,2025-11-19,22.29,22.66,22.0,22.47,2440092,psxdata,2026-05-11T12:51:33
UNITY,2025-11-20,22.65,22.68,22.18,22.24,1078067,psxdata,2026-05-11T12:51:33
UNITY,2025-11-21,22.26,22.62,21.8,22.46,1575565,psxdata,2026-05-11T12:51:33
UNITY,2025-11-24,22.51,23.45,22.25,22.96,6009242,psxdata,2026-05-11T12:51:33
UNITY,2025-11-25,23.11,23.29,22.2,22.3,2577633,psxdata,2026-05-11T12:51:33
UNITY,2025-11-26,22.45,22.45,21.61,21.73,2207425,psxdata,2026-05-11T12:51:33
UNITY,2025-11-27,21.85,21.98,21.6,21.77,1768500,psxdata,2026-05-11T12:51:33
UNITY,2025-11-28,21.77,22.25,21.69,21.86,2963039,psxdata,2026-05-11T12:51:33
UNITY,2025-12-01,21.98,22.05,21.7,21.98,1968394,psxdata,2026-05-11T12:51:33
UNITY,2025-12-02,22.0,22.2,21.86,21.92,1575403,psxdata,2026-05-11T12:51:33
UNITY,2025-12-03,21.92,22.08,21.7,21.77,1552154,psxdata,2026-05-11T12:51:33
UNITY,2025-12-04,21.9,21.93,21.5,21.67,1670683,psxdata,2026-05-11T12:51:33
UNITY,2025-12-05,21.9,22.0,21.65,21.79,940985,psxdata,2026-05-11T12:51:33
UNITY,2025-12-08,21.75,21.84,21.5,21.64,2052199,psxdata,2026-05-11T12:51:33
UNITY,2025-12-09,21.67,22.21,21.64,22.05,4142606,psxdata,2026-05-11T12:51:33
UNITY,2025-12-10,22.11,22.85,21.95,22.45,9148254,psxdata,2026-05-11T12:51:33
UNITY,2025-12-11,22.5,22.7,22.0,22.19,3446090,psxdata,2026-05-11T12:51:33
UNITY,2025-12-12,22.29,22.3,21.95,22.01,1684037,psxdata,2026-05-11T12:51:33
UNITY,2025-12-15,22.16,22.45,22.0,22.16,3199731,psxdata,2026-05-11T12:51:33
UNITY,2025-12-16,22.24,22.4,22.01,22.12,3342307,psxdata,2026-05-11T12:51:33
UNITY,2025-12-17,22.15,22.32,22.02,22.09,3933277,psxdata,2026-05-11T12:51:33
UNITY,2025-12-18,22.03,22.16,21.7,21.76,4541924,psxdata,2026-05-11T12:51:33
UNITY,2025-12-19,21.86,21.86,21.52,21.64,1629347,psxdata,2026-05-11T12:51:33
UNITY,2025-12-22,21.77,21.77,21.3,21.41,2764234,psxdata,2026-05-11T12:51:33
UNITY,2025-12-23,21.51,21.58,21.2,21.26,2100768,psxdata,2026-05-11T12:51:33
UNITY,2025-12-24,21.4,21.4,20.88,20.94,3655094,psxdata,2026-05-11T12:51:33
UNITY,2025-12-26,20.9,20.99,20.02,20.12,6493535,psxdata,2026-05-11T12:51:33
UNITY,2025-12-29,20.12,20.8,19.75,20.15,6422422,psxdata,2026-05-11T12:51:33
UNITY,2025-12-30,20.23,22.17,20.08,21.61,49217647,psxdata,2026-05-11T12:51:33
UNITY,2025-12-31,21.9,21.9,21.11,21.26,3943299,psxdata,2026-05-11T12:51:33
UNITY,2026-01-01,21.35,21.75,21.33,21.42,7843806,psxdata,2026-05-11T12:51:33
UNITY,2026-01-02,21.45,21.5,20.75,21.12,1664917,psxdata,2026-05-11T12:51:33
UNITY,2026-01-05,21.12,21.8,21.0,21.58,5073482,psxdata,2026-05-11T12:51:33
UNITY,2026-01-06,21.56,21.62,21.0,21.03,6213019,psxdata,2026-05-11T12:51:33
UNITY,2026-01-07,21.03,21.32,20.96,21.05,3309687,psxdata,2026-05-11T12:51:33
UNITY,2026-01-08,21.17,21.33,21.01,21.22,3936980,psxdata,2026-05-11T12:51:33
UNITY,2026-01-09,21.35,22.15,21.22,21.52,17119093,psxdata,2026-05-11T12:51:33
UNITY,2026-01-12,21.77,22.18,21.4,21.66,13556165,psxdata,2026-05-11T12:51:33
UNITY,2026-01-13,21.61,21.95,21.2,21.36,3574469,psxdata,2026-05-11T12:51:33
UNITY,2026-01-14,21.45,21.45,20.95,21.01,2634759,psxdata,2026-05-11T12:51:33
UNITY,2026-01-15,21.25,21.25,20.63,20.74,1631502,psxdata,2026-05-11T12:51:33
UNITY,2026-01-16,21.0,21.09,20.71,20.87,1882092,psxdata,2026-05-11T12:51:33
UNITY,2026-01-19,20.85,21.15,20.85,20.88,1867650,psxdata,2026-05-11T12:51:33
UNITY,2026-01-20,21.17,21.49,20.65,21.16,5892862,psxdata,2026-05-11T12:51:33
UNITY,2026-01-21,21.18,21.39,20.85,20.9,2657272,psxdata,2026-05-11T12:51:33
UNITY,2026-01-22,20.9,21.1,20.7,20.77,1907349,psxdata,2026-05-11T12:51:33
UNITY,2026-01-23,20.9,20.99,20.21,20.44,2240148,psxdata,2026-05-11T12:51:33
UNITY,2026-01-26,20.57,20.66,20.14,20.25,2660003,psxdata,2026-05-11T12:51:33
UNITY,2026-01-27,20.25,20.35,19.96,20.0,4238144,psxdata,2026-05-11T12:51:33
UNITY,2026-01-28,20.0,20.39,19.95,20.03,2400695,psxdata,2026-05-11T12:51:33
UNITY,2026-01-29,20.29,20.29,19.71,19.79,4490507,psxdata,2026-05-11T12:51:33
UNITY,2026-01-30,19.75,20.0,19.65,19.71,1628004,psxdata,2026-05-11T12:51:33
UNITY,2026-02-02,19.89,19.97,19.55,19.66,1087606,psxdata,2026-05-11T12:51:33
UNITY,2026-02-03,19.66,20.31,19.66,20.12,4149950,psxdata,2026-05-11T12:51:33
UNITY,2026-02-04,20.15,20.41,20.15,20.38,3868612,psxdata,2026-05-11T12:51:33
UNITY,2026-02-06,20.38,20.4,19.87,19.89,2776117,psxdata,2026-05-11T12:51:33
UNITY,2026-02-09,19.95,20.19,19.7,19.82,1113099,psxdata,2026-05-11T12:51:33
UNITY,2026-02-10,20.1,20.29,19.75,19.8,1608129,psxdata,2026-05-11T12:51:33
UNITY,2026-02-11,19.81,20.0,19.65,19.72,1420330,psxdata,2026-05-11T12:51:33
UNITY,2026-02-12,19.78,19.85,18.76,18.92,3412253,psxdata,2026-05-11T12:51:33
UNITY,2026-02-13,18.92,19.45,17.2,17.66,9489062,psxdata,2026-05-11T12:51:33
UNITY,2026-02-16,17.94,17.94,17.0,17.18,6629838,psxdata,2026-05-11T12:51:33
UNITY,2026-02-17,17.59,17.59,16.66,16.87,3507619,psxdata,2026-05-11T12:51:33
UNITY,2026-02-18,16.99,17.1,16.8,16.86,2493590,psxdata,2026-05-11T12:51:33
UNITY,2026-02-19,16.99,16.99,15.32,15.83,2314013,psxdata,2026-05-11T12:51:33
UNITY,2026-02-20,15.97,16.14,14.81,15.2,2841474,psxdata,2026-05-11T12:51:33
UNITY,2026-02-23,15.21,15.21,14.3,14.51,2954522,psxdata,2026-05-11T12:51:33
UNITY,2026-02-24,14.11,14.48,13.06,13.48,12341477,psxdata,2026-05-11T12:51:33
UNITY,2026-02-25,13.7,13.99,13.0,13.17,6801206,psxdata,2026-05-11T12:51:33
UNITY,2026-02-26,13.3,13.39,11.85,11.85,71443224,psxdata,2026-05-11T12:51:33
UNITY,2026-02-27,11.71,11.71,10.67,10.67,50304604,psxdata,2026-05-11T12:51:33
UNITY,2026-03-02,9.6,9.6,9.6,9.6,1483986,psxdata,2026-05-11T12:51:33
UNITY,2026-03-03,8.6,9.06,8.6,8.6,29974829,psxdata,2026-05-11T12:51:33
UNITY,2026-03-04,7.8,9.6,7.6,9.53,117209136,psxdata,2026-05-11T12:51:33
UNITY,2026-03-05,9.53,10.35,9.53,10.08,48307983,psxdata,2026-05-11T12:51:33
UNITY,2026-03-06,9.52,9.84,9.31,9.46,19052764,psxdata,2026-05-11T12:51:33
UNITY,2026-03-09,9.0,9.0,8.46,8.5,17401472,psxdata,2026-05-11T12:51:33
UNITY,2026-03-10,8.86,9.3,8.86,9.09,14732116,psxdata,2026-05-11T12:51:33
UNITY,2026-03-11,9.35,9.35,8.9,9.07,5001418,psxdata,2026-05-11T12:51:33
UNITY,2026-03-12,9.04,9.04,8.76,8.84,3826095,psxdata,2026-05-11T12:51:33
UNITY,2026-03-13,8.84,8.9,8.75,8.85,1854459,psxdata,2026-05-11T12:51:33
UNITY,2026-03-16,8.82,8.83,8.46,8.56,2590649,psxdata,2026-05-11T12:51:33
UNITY,2026-03-17,8.56,8.85,8.39,8.43,4088778,psxdata,2026-05-11T12:51:33
UNITY,2026-03-18,8.5,8.9,8.4,8.57,16966997,psxdata,2026-05-11T12:51:33
UNITY,2026-03-19,8.5,8.5,8.01,8.19,9269535,psxdata,2026-05-11T12:51:33
UNITY,2026-03-24,8.35,8.5,7.9,7.99,31582874,psxdata,2026-05-11T12:51:33
UNITY,2026-03-25,8.1,8.72,7.99,8.57,72631903,psxdata,2026-05-11T12:51:33
UNITY,2026-03-26,8.55,8.65,8.21,8.26,25118960,psxdata,2026-05-11T12:51:33
UNITY,2026-03-27,8.3,8.56,8.15,8.23,18592898,psxdata,2026-05-11T12:51:33
UNITY,2026-03-30,8.15,8.16,7.8,7.89,13639874,psxdata,2026-05-11T12:51:33
UNITY,2026-03-31,7.98,8.14,7.97,8.01,5332011,psxdata,2026-05-11T12:51:33
UNITY,2026-04-01,8.21,8.48,7.51,8.27,10376963,psxdata,2026-05-11T12:51:33
UNITY,2026-04-02,8.17,8.17,7.9,8.06,4417068,psxdata,2026-05-11T12:51:33
UNITY,2026-04-03,7.96,8.1,7.86,8.03,4997274,psxdata,2026-05-11T12:51:33
UNITY,2026-04-06,8.1,8.1,7.94,8.03,3528769,psxdata,2026-05-11T12:51:33
UNITY,2026-04-07,8.0,8.09,7.89,8.06,2857837,psxdata,2026-05-11T12:51:33
UNITY,2026-04-08,8.7,8.75,8.41,8.69,21628626,psxdata,2026-05-11T12:51:33
UNITY,2026-04-09,8.6,8.65,8.36,8.38,8212994,psxdata,2026-05-11T12:51:33
UNITY,2026-04-10,8.49,8.6,8.4,8.51,7069550,psxdata,2026-05-11T12:51:33
UNITY,2026-04-13,8.2,8.34,8.1,8.18,5349059,psxdata,2026-05-11T12:51:33
UNITY,2026-04-14,8.21,8.43,8.21,8.35,5221015,psxdata,2026-05-11T12:51:33
UNITY,2026-04-15,8.48,8.58,8.35,8.41,10378282,psxdata,2026-05-11T12:51:33
UNITY,2026-04-16,8.49,9.41,8.29,9.36,70580883,psxdata,2026-05-11T12:51:33
UNITY,2026-04-17,9.6,10.36,9.55,10.36,73638053,psxdata,2026-05-11T12:51:33
UNITY,2026-04-20,10.24,11.4,10.03,11.4,92476334,psxdata,2026-05-11T12:51:33
UNITY,2026-04-21,12.0,12.54,12.0,12.54,42750548,psxdata,2026-05-11T12:51:33
UNITY,2026-04-22,13.38,13.79,12.54,13.53,133360828,psxdata,2026-05-11T12:51:33
UNITY,2026-04-23,13.78,13.78,12.65,12.83,39943809,psxdata,2026-05-11T12:51:33
UNITY,2026-04-24,12.37,13.6,11.8,13.43,98165192,psxdata,2026-05-11T12:51:33
UNITY,2026-04-27,13.39,13.55,12.52,12.98,27892006,psxdata,2026-05-11T12:51:33
UNITY,2026-04-28,12.71,13.33,12.6,12.94,26181367,psxdata,2026-05-11T12:51:33
UNITY,2026-04-29,12.94,13.15,12.34,12.41,12249096,psxdata,2026-05-11T12:51:33
UNITY,2026-04-30,12.25,12.25,11.31,11.94,16080324,psxdata,2026-05-11T12:51:33
UNITY,2026-05-04,12.19,12.9,12.0,12.28,20917554,psxdata,2026-05-11T12:51:33
UNITY,2026-05-05,12.05,12.25,11.85,12.06,8217098,psxdata,2026-05-11T12:51:33
UNITY,2026-05-06,12.44,12.75,12.35,12.59,13308516,psxdata,2026-05-11T12:51:33
UNITY,2026-05-07,12.95,12.95,12.5,12.86,22227106,psxdata,2026-05-11T12:51:33
UNITY,2026-05-08,12.61,13.29,12.4,12.91,25086525,psxdata,2026-05-11T12:51:33
