symbol,date,open,high,low,close,volume,source,collected_at
WAVES,2016-05-11,31.55,32.3,31.31,31.53,531500,psxdata,2026-05-11T12:52:51
WAVES,2016-05-12,31.79,32.38,31.57,31.93,457000,psxdata,2026-05-11T12:52:51
WAVES,2016-05-13,32.39,33.52,32.38,33.52,1494000,psxdata,2026-05-11T12:52:51
WAVES,2016-05-16,34.25,35.0,33.05,33.76,1358500,psxdata,2026-05-11T12:52:51
WAVES,2016-05-17,33.95,35.44,33.1,35.37,1941500,psxdata,2026-05-11T12:52:51
WAVES,2016-05-18,35.5,36.88,34.95,36.7,1893500,psxdata,2026-05-11T12:52:51
WAVES,2016-05-19,37.19,37.25,36.0,36.22,950500,psxdata,2026-05-11T12:52:51
WAVES,2016-05-20,37.24,37.24,36.05,36.82,645000,psxdata,2026-05-11T12:52:51
WAVES,2016-05-23,36.86,37.5,36.3,36.45,830000,psxdata,2026-05-11T12:52:51
WAVES,2016-05-24,36.5,37.1,35.89,36.17,528000,psxdata,2026-05-11T12:52:51
WAVES,2016-05-25,36.51,37.87,36.01,36.94,1397500,psxdata,2026-05-11T12:52:51
WAVES,2016-05-26,37.43,37.48,36.0,36.18,477000,psxdata,2026-05-11T12:52:51
WAVES,2016-05-27,36.15,37.35,35.9,37.1,1028500,psxdata,2026-05-11T12:52:51
WAVES,2016-05-30,37.4,37.4,35.25,35.28,897500,psxdata,2026-05-11T12:52:51
WAVES,2016-05-31,35.0,36.08,33.52,34.0,730500,psxdata,2026-05-11T12:52:51
WAVES,2016-06-01,34.45,35.0,34.22,34.59,334500,psxdata,2026-05-11T12:52:51
WAVES,2016-06-02,34.96,35.23,34.16,34.35,427500,psxdata,2026-05-11T12:52:51
WAVES,2016-06-03,33.95,34.55,33.13,33.39,572500,psxdata,2026-05-11T12:52:51
WAVES,2016-06-06,33.5,35.05,32.99,34.19,925500,psxdata,2026-05-11T12:52:51
WAVES,2016-06-07,34.2,34.6,33.61,33.73,243500,psxdata,2026-05-11T12:52:51
WAVES,2016-06-08,34.0,34.25,33.8,33.92,117000,psxdata,2026-05-11T12:52:51
WAVES,2016-06-09,34.05,34.29,32.23,32.4,577500,psxdata,2026-05-11T12:52:51
WAVES,2016-06-10,32.6,32.85,30.78,30.79,510500,psxdata,2026-05-11T12:52:51
WAVES,2016-06-13,29.61,31.6,29.5,31.14,339000,psxdata,2026-05-11T12:52:51
WAVES,2016-06-14,31.74,32.34,31.5,31.91,211500,psxdata,2026-05-11T12:52:51
WAVES,2016-06-15,32.34,33.2,31.95,32.51,367500,psxdata,2026-05-11T12:52:51
WAVES,2016-06-16,32.35,33.3,32.35,32.52,280000,psxdata,2026-05-11T12:52:51
WAVES,2016-06-17,32.31,32.69,30.9,30.99,402500,psxdata,2026-05-11T12:52:51
WAVES,2016-06-20,31.5,32.53,30.57,32.38,424500,psxdata,2026-05-11T12:52:51
WAVES,2016-06-21,32.4,33.49,32.21,32.47,292500,psxdata,2026-05-11T12:52:51
WAVES,2016-06-22,32.5,33.25,32.5,32.77,244000,psxdata,2026-05-11T12:52:51
WAVES,2016-06-23,32.8,33.89,32.71,33.6,219000,psxdata,2026-05-11T12:52:51
WAVES,2016-06-24,33.2,33.3,31.92,32.23,373500,psxdata,2026-05-11T12:52:51
WAVES,2016-06-27,31.95,32.65,31.75,31.77,71000,psxdata,2026-05-11T12:52:51
WAVES,2016-06-28,32.0,32.0,30.9,31.05,203000,psxdata,2026-05-11T12:52:51
WAVES,2016-06-29,31.6,32.6,31.5,32.6,507500,psxdata,2026-05-11T12:52:51
WAVES,2016-06-30,32.5,33.25,31.99,32.41,386500,psxdata,2026-05-11T12:52:51
WAVES,2016-07-04,32.9,33.6,32.86,33.21,214500,psxdata,2026-05-11T12:52:51
WAVES,2016-07-11,34.87,34.87,34.15,34.34,489000,psxdata,2026-05-11T12:52:51
WAVES,2016-07-12,34.36,34.58,33.6,34.03,300500,psxdata,2026-05-11T12:52:51
WAVES,2016-07-13,33.81,34.49,32.52,32.81,615500,psxdata,2026-05-11T12:52:51
WAVES,2016-07-14,33.0,33.5,32.52,32.76,819000,psxdata,2026-05-11T12:52:51
WAVES,2016-07-15,33.0,33.6,32.51,32.63,421000,psxdata,2026-05-11T12:52:51
WAVES,2016-07-18,32.99,33.01,32.3,32.76,431500,psxdata,2026-05-11T12:52:51
WAVES,2016-07-19,32.63,32.94,32.5,32.72,204500,psxdata,2026-05-11T12:52:51
WAVES,2016-07-20,32.55,33.15,32.55,32.92,353500,psxdata,2026-05-11T12:52:51
WAVES,2016-07-21,33.19,34.15,33.06,33.96,969500,psxdata,2026-05-11T12:52:51
WAVES,2016-07-22,34.0,34.35,33.61,33.87,647000,psxdata,2026-05-11T12:52:51
WAVES,2016-07-25,33.5,35.56,33.31,35.46,3341000,psxdata,2026-05-11T12:52:51
WAVES,2016-07-26,36.0,36.84,35.0,35.47,2308000,psxdata,2026-05-11T12:52:51
WAVES,2016-07-27,35.99,35.99,34.4,34.74,1037000,psxdata,2026-05-11T12:52:51
WAVES,2016-07-28,34.75,36.14,34.6,35.08,1458000,psxdata,2026-05-11T12:52:51
WAVES,2016-07-29,35.9,36.83,35.3,36.83,1443000,psxdata,2026-05-11T12:52:51
WAVES,2016-08-01,37.0,38.67,37.0,37.82,3855000,psxdata,2026-05-11T12:52:51
WAVES,2016-08-02,37.82,37.85,37.0,37.07,1008500,psxdata,2026-05-11T12:52:51
WAVES,2016-08-03,37.16,38.14,37.05,37.55,1154000,psxdata,2026-05-11T12:52:51
WAVES,2016-08-04,37.9,39.39,37.7,38.12,3876500,psxdata,2026-05-11T12:52:51
WAVES,2016-08-05,38.12,38.9,38.0,38.07,934000,psxdata,2026-05-11T12:52:51
WAVES,2016-08-08,38.3,39.4,37.6,37.98,1621000,psxdata,2026-05-11T12:52:51
WAVES,2016-08-09,38.14,38.2,37.41,37.53,516000,psxdata,2026-05-11T12:52:51
WAVES,2016-08-10,37.85,39.2,37.71,38.56,3125500,psxdata,2026-05-11T12:52:51
WAVES,2016-08-11,39.0,40.48,39.0,40.48,3074500,psxdata,2026-05-11T12:52:51
WAVES,2016-08-12,41.05,42.5,41.05,42.5,1589000,psxdata,2026-05-11T12:52:51
WAVES,2016-08-15,44.0,44.62,43.85,44.62,2124000,psxdata,2026-05-11T12:52:51
WAVES,2016-08-16,45.99,46.85,43.8,46.75,3172000,psxdata,2026-05-11T12:52:51
WAVES,2016-08-17,46.4,48.3,45.5,46.58,2901000,psxdata,2026-05-11T12:52:51
WAVES,2016-08-18,46.85,48.28,46.7,46.93,1573500,psxdata,2026-05-11T12:52:51
WAVES,2016-08-19,47.16,48.75,45.77,48.14,1472500,psxdata,2026-05-11T12:52:51
WAVES,2016-08-22,49.15,50.0,48.55,49.54,2087500,psxdata,2026-05-11T12:52:51
WAVES,2016-08-23,49.4,51.42,49.3,49.91,1797500,psxdata,2026-05-11T12:52:51
WAVES,2016-08-24,49.92,50.4,47.91,48.08,1555500,psxdata,2026-05-11T12:52:51
WAVES,2016-08-25,48.0,49.1,47.1,48.48,1228500,psxdata,2026-05-11T12:52:51
WAVES,2016-08-26,48.5,49.4,47.45,47.78,937000,psxdata,2026-05-11T12:52:51
WAVES,2016-08-29,48.25,49.98,48.0,48.89,1145500,psxdata,2026-05-11T12:52:51
WAVES,2016-08-30,49.3,49.6,47.0,48.07,1650500,psxdata,2026-05-11T12:52:51
WAVES,2016-08-31,47.9,48.75,47.15,47.57,787000,psxdata,2026-05-11T12:52:51
WAVES,2016-09-01,47.98,49.39,47.15,48.39,1152500,psxdata,2026-05-11T12:52:51
WAVES,2016-09-02,48.7,49.09,46.0,46.98,888000,psxdata,2026-05-11T12:52:51
WAVES,2016-09-05,47.99,47.99,46.1,46.22,375000,psxdata,2026-05-11T12:52:51
WAVES,2016-09-06,46.49,46.98,45.6,45.89,631000,psxdata,2026-05-11T12:52:51
WAVES,2016-09-07,46.23,47.4,45.61,46.69,1138000,psxdata,2026-05-11T12:52:51
WAVES,2016-09-08,47.0,47.3,45.65,45.75,559000,psxdata,2026-05-11T12:52:51
WAVES,2016-09-09,45.7,46.89,45.4,45.58,406000,psxdata,2026-05-11T12:52:51
WAVES,2016-09-15,46.0,46.9,45.5,45.89,743000,psxdata,2026-05-11T12:52:51
WAVES,2016-09-16,45.75,47.5,45.5,46.88,769500,psxdata,2026-05-11T12:52:51
WAVES,2016-09-19,46.64,47.84,46.25,46.45,716500,psxdata,2026-05-11T12:52:51
WAVES,2016-09-20,46.6,46.95,45.1,45.72,649500,psxdata,2026-05-11T12:52:51
WAVES,2016-09-21,45.7,46.2,43.44,43.44,846000,psxdata,2026-05-11T12:52:51
WAVES,2016-09-22,42.51,44.78,42.3,43.83,590500,psxdata,2026-05-11T12:52:51
WAVES,2016-09-23,43.1,43.5,41.64,41.64,1588500,psxdata,2026-05-11T12:52:51
WAVES,2016-09-26,41.89,42.5,39.6,39.84,1022500,psxdata,2026-05-11T12:52:51
WAVES,2016-09-27,40.24,41.83,40.2,41.83,882000,psxdata,2026-05-11T12:52:51
WAVES,2016-09-28,42.51,43.92,42.51,43.92,799500,psxdata,2026-05-11T12:52:51
WAVES,2016-09-29,45.5,46.11,43.92,44.72,2198000,psxdata,2026-05-11T12:52:51
WAVES,2016-09-30,44.95,45.97,44.03,44.26,472500,psxdata,2026-05-11T12:52:51
WAVES,2016-10-03,44.89,45.0,43.01,43.65,600000,psxdata,2026-05-11T12:52:51
WAVES,2016-10-04,44.05,44.48,42.92,43.04,443000,psxdata,2026-05-11T12:52:51
WAVES,2016-10-05,43.2,44.0,43.0,43.3,418500,psxdata,2026-05-11T12:52:51
WAVES,2016-10-06,43.21,43.89,42.82,43.03,596000,psxdata,2026-05-11T12:52:51
WAVES,2016-10-07,43.0,43.35,42.35,42.47,168000,psxdata,2026-05-11T12:52:51
WAVES,2016-10-10,42.98,42.98,41.78,42.05,324000,psxdata,2026-05-11T12:52:51
WAVES,2016-10-13,42.47,42.5,41.01,41.6,389500,psxdata,2026-05-11T12:52:51
WAVES,2016-10-14,40.79,43.0,40.5,42.02,380000,psxdata,2026-05-11T12:52:51
WAVES,2016-10-17,42.45,42.99,41.2,41.37,615000,psxdata,2026-05-11T12:52:51
WAVES,2016-10-18,41.11,41.3,39.8,41.14,482500,psxdata,2026-05-11T12:52:51
WAVES,2016-10-19,41.24,42.35,40.6,42.08,770000,psxdata,2026-05-11T12:52:51
WAVES,2016-10-20,42.0,42.48,40.9,41.04,919000,psxdata,2026-05-11T12:52:51
WAVES,2016-10-21,41.29,41.46,40.6,40.85,322500,psxdata,2026-05-11T12:52:51
WAVES,2016-10-24,40.76,40.76,39.55,39.64,264500,psxdata,2026-05-11T12:52:51
WAVES,2016-10-25,39.0,39.35,37.67,38.55,173500,psxdata,2026-05-11T12:52:51
WAVES,2016-10-26,38.74,39.48,38.4,38.55,343000,psxdata,2026-05-11T12:52:51
WAVES,2016-10-27,38.1,38.54,36.75,37.03,381500,psxdata,2026-05-11T12:52:51
WAVES,2016-10-28,35.55,36.2,35.25,35.99,197000,psxdata,2026-05-11T12:52:51
WAVES,2016-10-31,35.95,36.94,35.95,36.21,244000,psxdata,2026-05-11T12:52:51
WAVES,2016-11-01,36.48,38.02,36.0,38.02,493500,psxdata,2026-05-11T12:52:51
WAVES,2016-11-02,38.79,39.91,38.5,39.73,427000,psxdata,2026-05-11T12:52:51
WAVES,2016-11-03,40.1,40.1,38.2,38.5,143000,psxdata,2026-05-11T12:52:51
WAVES,2016-11-04,38.25,38.61,38.2,38.42,63000,psxdata,2026-05-11T12:52:51
WAVES,2016-11-07,38.97,40.0,38.5,39.44,471000,psxdata,2026-05-11T12:52:51
WAVES,2016-11-08,39.44,40.0,38.55,39.18,140500,psxdata,2026-05-11T12:52:51
WAVES,2016-11-09,38.6,39.0,38.0,38.91,110000,psxdata,2026-05-11T12:52:51
WAVES,2016-11-10,39.0,39.75,38.3,38.53,444000,psxdata,2026-05-11T12:52:51
WAVES,2016-11-11,38.26,39.58,36.75,37.63,1007500,psxdata,2026-05-11T12:52:51
WAVES,2016-11-14,37.3,39.51,37.3,39.51,1174000,psxdata,2026-05-11T12:52:51
WAVES,2016-11-15,40.1,41.48,40.1,41.48,816000,psxdata,2026-05-11T12:52:51
WAVES,2016-11-16,42.8,43.55,42.15,43.51,1870000,psxdata,2026-05-11T12:52:51
WAVES,2016-11-17,44.0,44.5,42.02,42.59,694000,psxdata,2026-05-11T12:52:51
WAVES,2016-11-18,42.44,42.97,41.15,41.44,203000,psxdata,2026-05-11T12:52:51
WAVES,2016-11-21,41.5,43.51,41.01,43.51,283500,psxdata,2026-05-11T12:52:51
WAVES,2016-11-22,45.68,45.68,45.68,45.68,297500,psxdata,2026-05-11T12:52:51
WAVES,2016-11-23,46.69,46.74,44.05,44.66,1756000,psxdata,2026-05-11T12:52:51
WAVES,2016-11-24,44.3,45.48,43.26,43.79,798500,psxdata,2026-05-11T12:52:51
WAVES,2016-11-25,44.0,44.1,42.53,42.88,320500,psxdata,2026-05-11T12:52:51
WAVES,2016-11-28,42.51,44.39,41.99,42.64,458500,psxdata,2026-05-11T12:52:51
WAVES,2016-11-29,42.0,43.2,42.0,42.36,272000,psxdata,2026-05-11T12:52:51
WAVES,2016-11-30,42.1,42.9,42.0,42.08,87500,psxdata,2026-05-11T12:52:51
WAVES,2016-12-01,42.27,44.1,41.15,41.36,762000,psxdata,2026-05-11T12:52:51
WAVES,2016-12-02,41.5,42.5,41.5,41.85,106000,psxdata,2026-05-11T12:52:51
WAVES,2016-12-05,42.0,42.25,40.04,41.58,196000,psxdata,2026-05-11T12:52:51
WAVES,2016-12-06,41.4,43.4,41.25,42.0,263500,psxdata,2026-05-11T12:52:51
WAVES,2016-12-07,42.34,43.4,41.5,43.3,226500,psxdata,2026-05-11T12:52:51
WAVES,2016-12-08,43.6,45.46,42.76,45.46,1587500,psxdata,2026-05-11T12:52:51
WAVES,2016-12-09,45.89,46.7,43.75,44.24,996500,psxdata,2026-05-11T12:52:51
WAVES,2016-12-13,44.26,45.5,43.99,45.03,319500,psxdata,2026-05-11T12:52:51
WAVES,2016-12-14,45.25,47.28,44.8,45.23,2274500,psxdata,2026-05-11T12:52:51
WAVES,2016-12-15,45.05,46.64,44.3,44.56,1201500,psxdata,2026-05-11T12:52:51
WAVES,2016-12-16,44.5,45.89,44.5,45.15,256000,psxdata,2026-05-11T12:52:51
WAVES,2016-12-19,45.75,45.75,44.4,44.62,117500,psxdata,2026-05-11T12:52:51
WAVES,2016-12-20,44.97,45.49,44.5,44.51,102000,psxdata,2026-05-11T12:52:51
WAVES,2016-12-21,44.5,44.5,42.5,43.26,164000,psxdata,2026-05-11T12:52:51
WAVES,2016-12-22,43.0,43.3,42.1,42.61,136500,psxdata,2026-05-11T12:52:51
WAVES,2016-12-23,42.98,43.1,42.3,42.81,104500,psxdata,2026-05-11T12:52:51
WAVES,2016-12-26,43.21,44.95,43.19,44.95,403000,psxdata,2026-05-11T12:52:51
WAVES,2016-12-27,45.94,47.19,44.95,46.77,1847500,psxdata,2026-05-11T12:52:51
WAVES,2016-12-28,46.0,48.99,46.0,48.02,2518000,psxdata,2026-05-11T12:52:51
WAVES,2016-12-29,48.49,50.42,48.0,50.42,1111000,psxdata,2026-05-11T12:52:51
WAVES,2016-12-30,51.0,52.94,51.0,52.94,686500,psxdata,2026-05-11T12:52:51
WAVES,2017-01-02,54.83,55.58,54.83,55.58,183500,psxdata,2026-05-11T12:52:51
WAVES,2017-01-03,58.35,58.35,57.89,58.35,391500,psxdata,2026-05-11T12:52:51
WAVES,2017-01-04,58.0,58.05,55.44,56.79,1336000,psxdata,2026-05-11T12:52:51
WAVES,2017-01-05,56.98,59.62,56.5,59.62,691000,psxdata,2026-05-11T12:52:51
WAVES,2017-01-06,60.7,62.6,58.7,59.89,996000,psxdata,2026-05-11T12:52:51
WAVES,2017-01-09,58.51,62.88,58.51,61.83,880500,psxdata,2026-05-11T12:52:51
WAVES,2017-01-10,62.5,64.0,61.7,61.97,548500,psxdata,2026-05-11T12:52:51
WAVES,2017-01-11,61.91,64.9,61.8,62.33,477500,psxdata,2026-05-11T12:52:51
WAVES,2017-01-12,62.6,63.4,60.5,61.21,352000,psxdata,2026-05-11T12:52:51
WAVES,2017-01-13,62.5,63.0,59.04,59.42,293500,psxdata,2026-05-11T12:52:51
WAVES,2017-01-16,59.5,60.9,58.05,58.89,298000,psxdata,2026-05-11T12:52:51
WAVES,2017-01-17,58.63,61.83,58.62,61.83,928000,psxdata,2026-05-11T12:52:51
WAVES,2017-01-18,63.75,64.92,62.9,64.92,967000,psxdata,2026-05-11T12:52:51
WAVES,2017-01-19,67.24,68.16,66.0,67.88,1540500,psxdata,2026-05-11T12:52:51
WAVES,2017-01-20,66.15,71.27,66.15,71.27,930500,psxdata,2026-05-11T12:52:51
WAVES,2017-01-23,74.83,74.83,72.8,74.83,824500,psxdata,2026-05-11T12:52:51
WAVES,2017-01-24,76.9,77.1,73.1,73.66,1166000,psxdata,2026-05-11T12:52:51
WAVES,2017-01-25,74.36,77.34,73.25,75.33,1378000,psxdata,2026-05-11T12:52:51
WAVES,2017-01-26,76.0,78.35,75.5,76.2,674500,psxdata,2026-05-11T12:52:51
WAVES,2017-01-27,76.99,77.5,73.51,74.53,483000,psxdata,2026-05-11T12:52:51
WAVES,2017-01-30,74.51,77.89,70.81,70.83,405000,psxdata,2026-05-11T12:52:51
WAVES,2017-01-31,68.61,74.3,67.29,67.75,785500,psxdata,2026-05-11T12:52:51
WAVES,2017-02-01,69.89,71.13,69.11,71.13,182500,psxdata,2026-05-11T12:52:51
WAVES,2017-02-02,73.5,74.68,72.25,72.74,994000,psxdata,2026-05-11T12:52:51
WAVES,2017-02-03,73.0,75.0,72.0,72.97,369500,psxdata,2026-05-11T12:52:51
WAVES,2017-02-06,74.0,74.7,69.61,70.31,273000,psxdata,2026-05-11T12:52:51
WAVES,2017-02-07,71.8,73.5,71.35,72.56,236000,psxdata,2026-05-11T12:52:51
WAVES,2017-02-08,73.61,74.3,72.55,73.16,201500,psxdata,2026-05-11T12:52:51
WAVES,2017-02-09,74.0,74.0,71.85,72.24,163000,psxdata,2026-05-11T12:52:51
WAVES,2017-02-10,72.0,74.5,71.15,73.22,243000,psxdata,2026-05-11T12:52:51
WAVES,2017-02-13,73.22,75.0,72.5,73.13,228500,psxdata,2026-05-11T12:52:51
WAVES,2017-02-14,73.5,75.1,71.49,72.01,521500,psxdata,2026-05-11T12:52:51
WAVES,2017-02-15,72.11,72.5,68.56,70.72,243000,psxdata,2026-05-11T12:52:51
WAVES,2017-02-16,70.5,72.98,70.5,71.95,98000,psxdata,2026-05-11T12:52:51
WAVES,2017-02-17,72.0,73.4,71.9,72.28,171500,psxdata,2026-05-11T12:52:51
WAVES,2017-02-20,72.0,75.48,71.5,73.03,272500,psxdata,2026-05-11T12:52:51
WAVES,2017-02-21,72.05,73.5,72.0,72.31,157000,psxdata,2026-05-11T12:52:51
WAVES,2017-02-22,72.15,73.75,70.0,71.0,119500,psxdata,2026-05-11T12:52:51
WAVES,2017-02-23,71.5,72.0,67.45,67.45,390500,psxdata,2026-05-11T12:52:51
WAVES,2017-02-24,66.5,70.0,64.61,68.3,407500,psxdata,2026-05-11T12:52:51
WAVES,2017-02-27,69.0,71.0,67.0,67.6,356500,psxdata,2026-05-11T12:52:51
WAVES,2017-02-28,68.0,68.0,64.5,66.04,129000,psxdata,2026-05-11T12:52:51
WAVES,2017-03-01,67.0,69.34,67.0,69.34,180500,psxdata,2026-05-11T12:52:51
WAVES,2017-03-02,70.25,72.8,70.25,72.77,249000,psxdata,2026-05-11T12:52:51
WAVES,2017-03-03,72.5,75.0,72.25,74.91,179500,psxdata,2026-05-11T12:52:51
WAVES,2017-03-06,75.5,76.5,73.4,74.94,283500,psxdata,2026-05-11T12:52:51
WAVES,2017-03-07,74.1,77.5,74.0,75.48,281000,psxdata,2026-05-11T12:52:51
WAVES,2017-03-08,75.98,77.0,75.0,75.42,816000,psxdata,2026-05-11T12:52:51
WAVES,2017-03-09,75.9,76.0,73.0,73.65,102000,psxdata,2026-05-11T12:52:51
WAVES,2017-03-10,73.5,73.5,71.9,73.33,97500,psxdata,2026-05-11T12:52:51
WAVES,2017-03-13,73.92,74.0,72.6,73.12,40500,psxdata,2026-05-11T12:52:51
WAVES,2017-03-14,73.5,74.5,72.5,73.78,165500,psxdata,2026-05-11T12:52:51
WAVES,2017-03-15,73.52,76.0,73.5,73.99,240000,psxdata,2026-05-11T12:52:51
WAVES,2017-03-16,73.1,73.99,72.0,73.7,84500,psxdata,2026-05-11T12:52:51
WAVES,2017-03-17,72.62,75.5,72.62,74.03,203500,psxdata,2026-05-11T12:52:51
WAVES,2017-03-20,75.0,76.0,73.0,73.38,135500,psxdata,2026-05-11T12:52:51
WAVES,2017-03-21,74.0,74.0,72.0,72.62,227000,psxdata,2026-05-11T12:52:51
WAVES,2017-03-22,72.25,73.0,72.0,72.26,116500,psxdata,2026-05-11T12:52:51
WAVES,2017-03-24,72.01,72.01,70.65,71.03,74500,psxdata,2026-05-11T12:52:51
WAVES,2017-03-27,70.66,70.66,67.48,67.48,691000,psxdata,2026-05-11T12:52:51
WAVES,2017-03-28,66.21,67.5,64.11,64.21,1784500,psxdata,2026-05-11T12:52:51
WAVES,2017-03-29,64.79,67.39,64.2,65.06,751500,psxdata,2026-05-11T12:52:51
WAVES,2017-03-30,65.5,65.5,64.5,64.8,83500,psxdata,2026-05-11T12:52:51
WAVES,2017-03-31,64.8,65.0,63.5,63.92,129000,psxdata,2026-05-11T12:52:51
WAVES,2017-04-03,64.01,64.01,61.0,62.03,259000,psxdata,2026-05-11T12:52:51
WAVES,2017-04-04,61.1,62.99,61.1,61.79,60000,psxdata,2026-05-11T12:52:51
WAVES,2017-04-05,62.0,63.97,61.62,61.94,141000,psxdata,2026-05-11T12:52:51
WAVES,2017-04-06,62.0,65.03,60.11,62.0,1210500,psxdata,2026-05-11T12:52:51
WAVES,2017-04-07,61.55,62.4,58.9,60.68,480000,psxdata,2026-05-11T12:52:51
WAVES,2017-04-10,60.3,60.5,59.02,60.25,116000,psxdata,2026-05-11T12:52:51
WAVES,2017-04-11,60.0,62.8,60.0,62.08,272500,psxdata,2026-05-11T12:52:51
WAVES,2017-04-12,62.15,62.79,61.0,61.29,91500,psxdata,2026-05-11T12:52:51
WAVES,2017-04-13,61.87,63.15,58.23,58.47,503500,psxdata,2026-05-11T12:52:51
WAVES,2017-04-14,58.75,59.89,58.0,58.96,162500,psxdata,2026-05-11T12:52:51
WAVES,2017-04-17,58.25,61.4,58.25,60.11,309500,psxdata,2026-05-11T12:52:51
WAVES,2017-04-18,60.97,61.1,60.01,60.65,72000,psxdata,2026-05-11T12:52:51
WAVES,2017-04-19,59.1,63.2,57.7,62.75,470000,psxdata,2026-05-11T12:52:51
WAVES,2017-04-20,61.51,65.88,61.51,65.18,960000,psxdata,2026-05-11T12:52:51
WAVES,2017-04-21,64.25,68.19,64.25,66.89,710500,psxdata,2026-05-11T12:52:51
WAVES,2017-04-24,68.1,70.23,67.5,70.23,897000,psxdata,2026-05-11T12:52:51
WAVES,2017-04-25,71.86,73.74,69.52,73.58,973000,psxdata,2026-05-11T12:52:51
WAVES,2017-04-26,74.5,76.25,74.0,75.57,832000,psxdata,2026-05-11T12:52:51
WAVES,2017-04-27,76.0,76.25,71.8,73.99,1593500,psxdata,2026-05-11T12:52:51
WAVES,2017-04-28,74.0,76.0,73.0,74.45,480500,psxdata,2026-05-11T12:52:51
WAVES,2017-05-02,74.0,74.9,70.73,70.82,182500,psxdata,2026-05-11T12:52:51
WAVES,2017-05-03,69.5,71.11,67.28,67.29,687500,psxdata,2026-05-11T12:52:51
WAVES,2017-05-04,67.0,70.0,67.0,68.85,193500,psxdata,2026-05-11T12:52:51
WAVES,2017-05-05,69.0,71.45,69.0,70.39,202500,psxdata,2026-05-11T12:52:51
WAVES,2017-05-08,70.51,73.5,70.51,71.28,255500,psxdata,2026-05-11T12:52:51
WAVES,2017-05-09,72.4,72.8,68.61,69.25,261500,psxdata,2026-05-11T12:52:51
WAVES,2017-05-10,69.25,69.8,67.9,68.49,263500,psxdata,2026-05-11T12:52:51
WAVES,2017-05-11,68.99,69.69,68.0,68.12,274500,psxdata,2026-05-11T12:52:51
WAVES,2017-05-12,68.1,69.25,67.5,68.52,132500,psxdata,2026-05-11T12:52:51
WAVES,2017-05-15,69.0,69.19,67.5,67.55,215000,psxdata,2026-05-11T12:52:51
WAVES,2017-05-16,67.01,67.9,65.5,66.1,223000,psxdata,2026-05-11T12:52:51
WAVES,2017-05-17,66.0,69.4,65.0,69.31,1128000,psxdata,2026-05-11T12:52:51
WAVES,2017-05-18,70.29,71.51,69.03,69.36,987500,psxdata,2026-05-11T12:52:51
WAVES,2017-05-19,69.4,72.82,69.4,72.82,835500,psxdata,2026-05-11T12:52:51
WAVES,2017-05-22,74.8,76.4,72.02,73.49,857000,psxdata,2026-05-11T12:52:51
WAVES,2017-05-23,73.5,76.1,72.4,75.55,779000,psxdata,2026-05-11T12:52:51
WAVES,2017-05-24,75.99,76.0,73.55,74.53,427500,psxdata,2026-05-11T12:52:51
WAVES,2017-05-25,75.0,78.25,74.5,78.25,1493500,psxdata,2026-05-11T12:52:51
WAVES,2017-05-26,79.4,81.99,78.99,80.87,1492500,psxdata,2026-05-11T12:52:51
WAVES,2017-05-29,79.75,79.75,76.83,77.54,424500,psxdata,2026-05-11T12:52:51
WAVES,2017-05-30,77.05,78.4,73.67,74.47,324000,psxdata,2026-05-11T12:52:51
WAVES,2017-05-31,72.1,75.98,72.1,74.51,75500,psxdata,2026-05-11T12:52:51
WAVES,2017-06-01,73.6,75.5,70.79,71.7,552500,psxdata,2026-05-11T12:52:51
WAVES,2017-06-02,69.5,73.98,69.26,72.56,151000,psxdata,2026-05-11T12:52:51
WAVES,2017-06-05,72.06,75.9,72.0,75.0,155000,psxdata,2026-05-11T12:52:51
WAVES,2017-06-06,75.0,75.4,73.51,74.26,111500,psxdata,2026-05-11T12:52:51
WAVES,2017-06-07,75.5,76.5,73.6,75.6,297500,psxdata,2026-05-11T12:52:51
WAVES,2017-06-08,75.25,77.95,73.99,74.57,260000,psxdata,2026-05-11T12:52:51
WAVES,2017-06-09,74.68,74.68,73.0,73.33,33500,psxdata,2026-05-11T12:52:51
WAVES,2017-06-12,72.5,72.5,69.67,69.76,316500,psxdata,2026-05-11T12:52:51
WAVES,2017-06-13,69.0,71.0,66.28,67.56,595500,psxdata,2026-05-11T12:52:51
WAVES,2017-06-14,68.68,70.0,65.51,65.82,161000,psxdata,2026-05-11T12:52:51
WAVES,2017-06-15,65.1,69.11,63.0,69.07,250500,psxdata,2026-05-11T12:52:51
WAVES,2017-06-16,70.0,71.5,69.6,69.95,52000,psxdata,2026-05-11T12:52:51
WAVES,2017-06-19,71.68,71.68,67.0,67.02,126500,psxdata,2026-05-11T12:52:51
WAVES,2017-06-20,66.01,67.9,63.67,63.67,127500,psxdata,2026-05-11T12:52:51
WAVES,2017-06-21,62.5,63.75,60.49,63.13,289500,psxdata,2026-05-11T12:52:51
WAVES,2017-06-22,63.8,66.28,62.0,65.12,496000,psxdata,2026-05-11T12:52:51
WAVES,2017-06-29,63.26,63.31,61.87,62.3,84500,psxdata,2026-05-11T12:52:51
WAVES,2017-06-30,62.0,64.0,60.5,62.24,72000,psxdata,2026-05-11T12:52:51
WAVES,2017-07-03,59.15,59.9,59.13,59.13,46000,psxdata,2026-05-11T12:52:51
WAVES,2017-07-04,57.11,61.25,57.11,60.83,56000,psxdata,2026-05-11T12:52:51
WAVES,2017-07-05,61.0,61.6,57.79,57.8,116500,psxdata,2026-05-11T12:52:51
WAVES,2017-07-06,56.55,59.0,56.0,57.54,179000,psxdata,2026-05-11T12:52:51
WAVES,2017-07-07,57.75,60.41,57.04,59.83,60500,psxdata,2026-05-11T12:52:51
WAVES,2017-07-10,61.0,62.82,59.01,62.78,167000,psxdata,2026-05-11T12:52:51
WAVES,2017-07-11,59.65,61.5,59.65,59.65,107000,psxdata,2026-05-11T12:52:51
WAVES,2017-07-12,57.32,59.5,56.71,58.15,38000,psxdata,2026-05-11T12:52:51
WAVES,2017-07-13,59.0,59.98,55.25,55.47,99000,psxdata,2026-05-11T12:52:51
WAVES,2017-07-14,56.0,56.34,52.7,55.29,175500,psxdata,2026-05-11T12:52:51
WAVES,2017-07-17,53.35,56.0,52.53,53.35,287000,psxdata,2026-05-11T12:52:51
WAVES,2017-07-18,52.01,56.01,52.01,56.01,492500,psxdata,2026-05-11T12:52:51
WAVES,2017-07-19,57.75,58.81,57.5,58.81,259000,psxdata,2026-05-11T12:52:51
WAVES,2017-07-20,60.1,61.75,57.49,61.41,440500,psxdata,2026-05-11T12:52:51
WAVES,2017-07-21,60.3,62.0,59.3,60.9,300000,psxdata,2026-05-11T12:52:51
WAVES,2017-07-24,61.0,63.48,60.61,62.29,72500,psxdata,2026-05-11T12:52:51
WAVES,2017-07-25,63.0,65.4,62.98,64.92,245500,psxdata,2026-05-11T12:52:51
WAVES,2017-07-26,66.2,68.16,65.5,68.16,345000,psxdata,2026-05-11T12:52:51
WAVES,2017-07-27,69.5,70.5,66.5,67.22,251500,psxdata,2026-05-11T12:52:51
WAVES,2017-07-28,63.86,70.58,63.86,70.34,261500,psxdata,2026-05-11T12:52:51
WAVES,2017-07-31,73.85,73.85,70.0,70.67,154500,psxdata,2026-05-11T12:52:51
WAVES,2017-08-01,70.0,72.99,67.14,70.3,650500,psxdata,2026-05-11T12:52:51
WAVES,2017-08-02,70.5,71.99,69.0,69.68,364000,psxdata,2026-05-11T12:52:51
WAVES,2017-08-03,69.85,71.9,69.11,69.78,224500,psxdata,2026-05-11T12:52:51
WAVES,2017-08-04,71.0,71.0,68.5,68.81,201000,psxdata,2026-05-11T12:52:51
WAVES,2017-08-07,69.9,69.9,65.37,65.5,125500,psxdata,2026-05-11T12:52:51
WAVES,2017-08-08,65.75,67.5,62.6,63.2,221500,psxdata,2026-05-11T12:52:51
WAVES,2017-08-09,61.05,65.9,61.05,65.52,191000,psxdata,2026-05-11T12:52:51
WAVES,2017-08-10,66.0,67.5,62.35,63.22,95500,psxdata,2026-05-11T12:52:51
WAVES,2017-08-11,64.0,64.9,62.5,63.18,64000,psxdata,2026-05-11T12:52:51
WAVES,2017-08-15,63.2,64.75,60.03,60.03,212000,psxdata,2026-05-11T12:52:51
WAVES,2017-08-16,59.98,60.63,57.03,58.28,317500,psxdata,2026-05-11T12:52:51
WAVES,2017-08-17,58.5,61.19,58.2,60.68,321500,psxdata,2026-05-11T12:52:51
WAVES,2017-08-18,60.79,62.89,58.0,61.91,467500,psxdata,2026-05-11T12:52:51
WAVES,2017-08-21,62.89,62.89,58.82,58.82,72000,psxdata,2026-05-11T12:52:51
WAVES,2017-08-22,56.05,57.75,55.88,55.89,590500,psxdata,2026-05-11T12:52:51
WAVES,2017-08-23,57.5,58.63,56.0,58.07,687000,psxdata,2026-05-11T12:52:51
WAVES,2017-08-24,57.7,60.5,55.17,55.74,370500,psxdata,2026-05-11T12:52:51
WAVES,2017-08-25,55.0,57.4,52.96,56.84,244000,psxdata,2026-05-11T12:52:51
WAVES,2017-08-28,57.48,57.48,54.0,54.0,116500,psxdata,2026-05-11T12:52:51
WAVES,2017-08-29,54.0,54.3,51.3,51.3,140000,psxdata,2026-05-11T12:52:51
WAVES,2017-08-30,50.01,53.86,49.51,53.86,353500,psxdata,2026-05-11T12:52:51
WAVES,2017-08-31,56.55,56.55,54.71,55.12,852000,psxdata,2026-05-11T12:52:51
WAVES,2017-09-05,55.5,55.51,53.0,54.11,344000,psxdata,2026-05-11T12:52:51
WAVES,2017-09-06,54.15,54.5,51.41,51.44,216000,psxdata,2026-05-11T12:52:51
WAVES,2017-09-07,51.05,51.5,48.87,48.96,625000,psxdata,2026-05-11T12:52:51
WAVES,2017-09-08,48.56,50.0,47.5,47.98,426000,psxdata,2026-05-11T12:52:51
WAVES,2017-09-11,48.0,49.9,46.6,47.31,127500,psxdata,2026-05-11T12:52:51
WAVES,2017-09-12,47.8,48.0,46.6,46.82,97000,psxdata,2026-05-11T12:52:51
WAVES,2017-09-13,46.35,48.5,46.35,48.18,265500,psxdata,2026-05-11T12:52:51
WAVES,2017-09-14,48.3,49.0,47.32,48.55,269000,psxdata,2026-05-11T12:52:51
WAVES,2017-09-15,48.5,49.85,47.5,47.82,283000,psxdata,2026-05-11T12:52:51
WAVES,2017-09-18,48.4,48.89,47.67,48.43,105500,psxdata,2026-05-11T12:52:51
WAVES,2017-09-19,48.1,48.85,46.51,47.77,189000,psxdata,2026-05-11T12:52:51
WAVES,2017-09-20,47.55,48.85,47.55,48.05,186000,psxdata,2026-05-11T12:52:51
WAVES,2017-09-21,48.09,48.19,47.0,47.03,151500,psxdata,2026-05-11T12:52:51
WAVES,2017-09-22,47.0,47.3,46.89,47.01,36000,psxdata,2026-05-11T12:52:51
WAVES,2017-09-25,47.5,47.5,46.21,46.77,18500,psxdata,2026-05-11T12:52:51
WAVES,2017-09-26,47.0,48.84,47.0,48.46,457000,psxdata,2026-05-11T12:52:51
WAVES,2017-09-27,47.65,47.9,47.0,47.61,36000,psxdata,2026-05-11T12:52:51
WAVES,2017-09-28,47.5,48.84,46.76,48.44,226500,psxdata,2026-05-11T12:52:51
WAVES,2017-09-29,48.97,50.05,48.15,48.82,366000,psxdata,2026-05-11T12:52:51
WAVES,2017-10-02,48.6,51.0,48.6,50.42,495000,psxdata,2026-05-11T12:52:51
WAVES,2017-10-03,50.5,51.0,47.9,48.35,271000,psxdata,2026-05-11T12:52:51
WAVES,2017-10-04,49.0,49.0,45.94,45.97,262000,psxdata,2026-05-11T12:52:51
WAVES,2017-10-05,46.98,47.85,43.68,44.08,112000,psxdata,2026-05-11T12:52:51
WAVES,2017-10-06,44.89,46.2,44.5,45.68,71000,psxdata,2026-05-11T12:52:51
WAVES,2017-10-09,45.89,45.89,43.4,43.54,52500,psxdata,2026-05-11T12:52:51
WAVES,2017-10-10,43.77,43.77,41.37,42.0,331500,psxdata,2026-05-11T12:52:51
WAVES,2017-10-11,41.44,42.0,39.9,39.9,315500,psxdata,2026-05-11T12:52:51
WAVES,2017-10-12,39.8,41.89,37.91,41.35,912500,psxdata,2026-05-11T12:52:51
WAVES,2017-10-13,41.0,41.0,39.29,39.31,300000,psxdata,2026-05-11T12:52:51
WAVES,2017-10-16,39.25,41.27,39.25,41.27,244000,psxdata,2026-05-11T12:52:51
WAVES,2017-10-17,41.5,43.33,41.5,42.67,437000,psxdata,2026-05-11T12:52:51
WAVES,2017-10-18,42.84,44.3,41.66,43.64,270000,psxdata,2026-05-11T12:52:51
WAVES,2017-10-19,43.75,45.82,43.5,45.77,300000,psxdata,2026-05-11T12:52:51
WAVES,2017-10-20,46.8,48.05,44.55,48.05,1104000,psxdata,2026-05-11T12:52:51
WAVES,2017-10-23,50.45,50.45,48.65,50.45,423500,psxdata,2026-05-11T12:52:51
WAVES,2017-10-24,50.99,51.4,47.93,47.98,383500,psxdata,2026-05-11T12:52:51
WAVES,2017-10-25,48.99,49.5,47.5,49.33,254500,psxdata,2026-05-11T12:52:51
WAVES,2017-10-26,49.01,50.0,47.5,47.83,119500,psxdata,2026-05-11T12:52:51
WAVES,2017-10-27,47.05,47.05,45.44,45.46,94500,psxdata,2026-05-11T12:52:51
WAVES,2017-10-30,45.1,45.11,43.19,43.19,80000,psxdata,2026-05-11T12:52:51
WAVES,2017-10-31,41.56,43.35,41.04,41.11,265000,psxdata,2026-05-11T12:52:51
WAVES,2017-11-01,41.5,43.16,41.0,42.81,455500,psxdata,2026-05-11T12:52:51
WAVES,2017-11-02,42.75,43.75,41.51,42.3,223000,psxdata,2026-05-11T12:52:51
WAVES,2017-11-03,43.0,43.85,42.6,43.11,78500,psxdata,2026-05-11T12:52:51
WAVES,2017-11-06,42.98,42.98,41.8,41.89,16500,psxdata,2026-05-11T12:52:51
WAVES,2017-11-07,41.5,42.79,41.1,41.75,56000,psxdata,2026-05-11T12:52:51
WAVES,2017-11-08,41.02,41.9,40.8,41.05,168500,psxdata,2026-05-11T12:52:51
WAVES,2017-11-09,41.8,42.5,41.01,41.49,271500,psxdata,2026-05-11T12:52:51
WAVES,2017-11-10,41.98,42.3,40.82,41.27,109000,psxdata,2026-05-11T12:52:51
WAVES,2017-11-13,41.02,41.25,39.22,40.11,275500,psxdata,2026-05-11T12:52:51
WAVES,2017-11-14,41.15,41.45,39.95,40.09,62000,psxdata,2026-05-11T12:52:51
WAVES,2017-11-15,40.5,42.0,40.3,41.57,187500,psxdata,2026-05-11T12:52:51
WAVES,2017-11-16,42.0,42.49,41.5,41.81,211000,psxdata,2026-05-11T12:52:51
WAVES,2017-11-17,42.01,42.1,41.25,41.42,46500,psxdata,2026-05-11T12:52:51
WAVES,2017-11-20,42.37,42.37,39.6,39.89,144000,psxdata,2026-05-11T12:52:51
WAVES,2017-11-21,39.65,40.78,39.65,40.1,49000,psxdata,2026-05-11T12:52:51
WAVES,2017-11-22,40.01,41.7,39.9,40.04,225500,psxdata,2026-05-11T12:52:51
WAVES,2017-11-23,40.22,40.7,39.4,39.82,70000,psxdata,2026-05-11T12:52:51
WAVES,2017-11-24,39.12,41.01,39.0,40.74,141000,psxdata,2026-05-11T12:52:51
WAVES,2017-11-27,40.89,41.0,38.71,39.4,293500,psxdata,2026-05-11T12:52:51
WAVES,2017-11-28,40.45,41.0,39.09,40.5,327500,psxdata,2026-05-11T12:52:51
WAVES,2017-11-29,40.4,40.49,39.0,39.57,148500,psxdata,2026-05-11T12:52:51
WAVES,2017-11-30,39.96,40.49,38.11,38.76,214500,psxdata,2026-05-11T12:52:51
WAVES,2017-12-04,38.97,40.69,38.97,40.63,221500,psxdata,2026-05-11T12:52:51
WAVES,2017-12-05,41.18,42.66,40.5,40.8,480000,psxdata,2026-05-11T12:52:51
WAVES,2017-12-06,41.05,41.5,40.0,40.97,84500,psxdata,2026-05-11T12:52:51
WAVES,2017-12-07,40.26,40.3,38.93,39.0,101000,psxdata,2026-05-11T12:52:51
WAVES,2017-12-08,37.3,39.5,37.3,38.04,66000,psxdata,2026-05-11T12:52:51
WAVES,2017-12-11,37.55,37.7,36.14,36.14,146000,psxdata,2026-05-11T12:52:51
WAVES,2017-12-12,36.24,36.99,34.34,34.42,294500,psxdata,2026-05-11T12:52:51
WAVES,2017-12-13,34.25,35.0,33.1,33.9,137500,psxdata,2026-05-11T12:52:51
WAVES,2017-12-14,33.12,33.49,32.35,32.49,220500,psxdata,2026-05-11T12:52:51
WAVES,2017-12-15,32.51,33.75,31.5,32.83,98500,psxdata,2026-05-11T12:52:51
WAVES,2017-12-18,32.3,32.4,31.25,31.6,75500,psxdata,2026-05-11T12:52:51
WAVES,2017-12-19,30.75,31.5,30.35,30.5,92500,psxdata,2026-05-11T12:52:51
WAVES,2017-12-20,30.5,31.0,29.61,30.08,275000,psxdata,2026-05-11T12:52:51
WAVES,2017-12-21,30.05,31.5,29.01,31.39,81500,psxdata,2026-05-11T12:52:51
WAVES,2017-12-22,31.99,32.95,31.99,32.95,179500,psxdata,2026-05-11T12:52:51
WAVES,2017-12-26,32.85,34.59,32.85,34.59,78000,psxdata,2026-05-11T12:52:51
WAVES,2017-12-27,35.5,36.31,35.4,35.79,608500,psxdata,2026-05-11T12:52:51
WAVES,2017-12-28,36.25,36.25,35.01,35.39,947000,psxdata,2026-05-11T12:52:51
WAVES,2017-12-29,35.2,37.09,35.0,36.42,641000,psxdata,2026-05-11T12:52:51
WAVES,2018-01-01,36.0,36.75,35.25,36.42,59500,psxdata,2026-05-11T12:52:51
WAVES,2018-01-02,36.6,38.24,36.6,38.2,107500,psxdata,2026-05-11T12:52:51
WAVES,2018-01-03,38.9,40.11,37.8,38.99,327500,psxdata,2026-05-11T12:52:51
WAVES,2018-01-04,38.53,40.19,38.51,39.64,275500,psxdata,2026-05-11T12:52:51
WAVES,2018-01-05,39.03,40.69,39.02,39.57,142000,psxdata,2026-05-11T12:52:51
WAVES,2018-01-08,40.45,40.5,39.22,39.81,219000,psxdata,2026-05-11T12:52:51
WAVES,2018-01-09,39.3,40.25,38.65,40.0,138500,psxdata,2026-05-11T12:52:51
WAVES,2018-01-10,40.4,42.0,40.25,42.0,510500,psxdata,2026-05-11T12:52:51
WAVES,2018-01-11,42.4,42.6,41.0,41.86,222500,psxdata,2026-05-11T12:52:51
WAVES,2018-01-12,42.01,42.85,40.2,40.32,160500,psxdata,2026-05-11T12:52:51
WAVES,2018-01-15,40.05,40.25,39.0,39.96,149000,psxdata,2026-05-11T12:52:51
WAVES,2018-01-16,40.1,41.0,39.22,39.69,50000,psxdata,2026-05-11T12:52:51
WAVES,2018-01-17,39.3,40.9,39.25,40.46,72500,psxdata,2026-05-11T12:52:51
WAVES,2018-01-18,41.0,41.75,40.42,40.51,154500,psxdata,2026-05-11T12:52:51
WAVES,2018-01-19,41.89,41.89,40.5,40.96,178500,psxdata,2026-05-11T12:52:51
WAVES,2018-01-22,41.5,43.0,41.3,43.0,633500,psxdata,2026-05-11T12:52:51
WAVES,2018-01-23,43.8,45.15,42.99,45.15,834000,psxdata,2026-05-11T12:52:51
WAVES,2018-01-24,46.65,47.4,45.61,46.35,752500,psxdata,2026-05-11T12:52:51
WAVES,2018-01-25,45.36,47.7,45.35,47.32,294000,psxdata,2026-05-11T12:52:51
WAVES,2018-01-26,46.55,47.4,46.1,46.28,177000,psxdata,2026-05-11T12:52:51
WAVES,2018-01-29,46.2,47.0,44.8,45.77,83500,psxdata,2026-05-11T12:52:51
WAVES,2018-01-30,45.01,47.88,45.0,47.4,338500,psxdata,2026-05-11T12:52:51
WAVES,2018-01-31,48.0,48.3,46.3,46.59,111000,psxdata,2026-05-11T12:52:51
WAVES,2018-02-01,46.5,48.0,46.25,46.71,251000,psxdata,2026-05-11T12:52:51
WAVES,2018-02-02,47.0,47.25,46.0,46.03,80000,psxdata,2026-05-11T12:52:51
WAVES,2018-02-06,45.46,45.5,44.0,45.03,53000,psxdata,2026-05-11T12:52:51
WAVES,2018-02-07,45.98,46.69,44.5,44.63,89000,psxdata,2026-05-11T12:52:51
WAVES,2018-02-08,44.2,45.3,43.5,44.25,141500,psxdata,2026-05-11T12:52:51
WAVES,2018-02-09,44.0,45.35,43.8,45.0,117500,psxdata,2026-05-11T12:52:51
WAVES,2018-02-12,45.0,46.6,45.0,45.94,235500,psxdata,2026-05-11T12:52:51
WAVES,2018-02-13,46.49,48.15,46.1,46.85,385000,psxdata,2026-05-11T12:52:51
WAVES,2018-02-14,46.65,48.5,45.9,46.02,389500,psxdata,2026-05-11T12:52:51
WAVES,2018-02-15,46.0,48.0,44.99,45.43,534500,psxdata,2026-05-11T12:52:51
WAVES,2018-02-16,44.5,46.15,44.5,45.16,83500,psxdata,2026-05-11T12:52:51
WAVES,2018-02-19,45.4,46.0,43.8,44.14,129000,psxdata,2026-05-11T12:52:51
WAVES,2018-02-20,44.9,44.9,41.94,42.72,262500,psxdata,2026-05-11T12:52:51
WAVES,2018-02-21,43.6,44.0,42.72,42.78,108000,psxdata,2026-05-11T12:52:51
WAVES,2018-02-22,42.01,44.91,41.76,44.91,226500,psxdata,2026-05-11T12:52:51
WAVES,2018-02-23,45.6,46.44,43.05,43.41,269000,psxdata,2026-05-11T12:52:51
WAVES,2018-02-26,44.8,45.58,43.76,45.58,158000,psxdata,2026-05-11T12:52:51
WAVES,2018-02-27,46.28,47.19,46.0,46.49,195500,psxdata,2026-05-11T12:52:51
WAVES,2018-02-28,46.98,48.25,46.5,47.92,293500,psxdata,2026-05-11T12:52:51
WAVES,2018-03-01,48.25,50.2,47.98,49.01,435000,psxdata,2026-05-11T12:52:51
WAVES,2018-03-02,49.02,49.5,47.99,48.3,209500,psxdata,2026-05-11T12:52:51
WAVES,2018-03-05,49.7,49.7,48.4,48.88,283000,psxdata,2026-05-11T12:52:51
WAVES,2018-03-06,49.01,49.25,47.9,48.18,138500,psxdata,2026-05-11T12:52:51
WAVES,2018-03-07,47.95,48.7,47.05,47.38,709000,psxdata,2026-05-11T12:52:51
WAVES,2018-03-08,47.9,48.5,47.25,47.72,669000,psxdata,2026-05-11T12:52:51
WAVES,2018-03-09,47.75,48.95,46.5,46.99,216000,psxdata,2026-05-11T12:52:51
WAVES,2018-03-12,47.05,48.0,47.05,47.27,38000,psxdata,2026-05-11T12:52:51
WAVES,2018-03-13,47.49,49.09,47.49,48.76,394000,psxdata,2026-05-11T12:52:51
WAVES,2018-03-14,49.0,49.8,47.8,48.23,544000,psxdata,2026-05-11T12:52:51
WAVES,2018-03-15,48.75,49.69,48.2,48.48,759000,psxdata,2026-05-11T12:52:51
WAVES,2018-03-16,48.99,49.0,47.51,47.96,83000,psxdata,2026-05-11T12:52:51
WAVES,2018-03-19,48.0,48.5,47.65,47.79,91500,psxdata,2026-05-11T12:52:51
WAVES,2018-03-20,48.0,48.45,47.05,47.25,198500,psxdata,2026-05-11T12:52:51
WAVES,2018-03-21,47.89,47.9,47.3,47.35,30500,psxdata,2026-05-11T12:52:51
WAVES,2018-03-22,47.1,48.7,46.99,48.18,282500,psxdata,2026-05-11T12:52:51
WAVES,2018-03-26,48.26,49.1,48.0,48.32,182500,psxdata,2026-05-11T12:52:51
WAVES,2018-03-27,48.35,48.85,47.5,47.83,72000,psxdata,2026-05-11T12:52:51
WAVES,2018-03-28,47.31,47.5,46.4,46.83,90000,psxdata,2026-05-11T12:52:51
WAVES,2018-03-29,47.34,47.75,46.41,46.88,101500,psxdata,2026-05-11T12:52:51
WAVES,2018-03-30,47.0,48.8,46.99,48.04,301000,psxdata,2026-05-11T12:52:51
WAVES,2018-04-02,48.75,49.4,47.8,48.01,315500,psxdata,2026-05-11T12:52:51
WAVES,2018-04-03,48.0,48.9,47.75,47.87,109500,psxdata,2026-05-11T12:52:51
WAVES,2018-04-04,48.7,48.7,47.5,47.62,147000,psxdata,2026-05-11T12:52:51
WAVES,2018-04-05,47.55,48.4,47.5,47.7,56500,psxdata,2026-05-11T12:52:51
WAVES,2018-04-06,47.5,48.0,46.8,47.19,118500,psxdata,2026-05-11T12:52:51
WAVES,2018-04-09,47.06,47.79,47.0,47.75,74500,psxdata,2026-05-11T12:52:51
WAVES,2018-04-10,47.8,47.89,47.0,47.06,88500,psxdata,2026-05-11T12:52:51
WAVES,2018-04-11,47.11,47.94,46.77,47.1,289000,psxdata,2026-05-11T12:52:51
WAVES,2018-04-12,47.16,47.4,46.2,46.46,128000,psxdata,2026-05-11T12:52:51
WAVES,2018-04-13,46.5,46.77,46.0,46.34,57000,psxdata,2026-05-11T12:52:51
WAVES,2018-04-16,46.5,46.98,45.4,45.62,68000,psxdata,2026-05-11T12:52:51
WAVES,2018-04-17,45.61,46.97,45.6,46.55,74500,psxdata,2026-05-11T12:52:51
WAVES,2018-04-18,46.12,47.0,46.0,46.0,95000,psxdata,2026-05-11T12:52:51
WAVES,2018-04-19,46.49,46.49,45.0,45.63,112500,psxdata,2026-05-11T12:52:51
WAVES,2018-04-20,44.79,46.5,44.76,46.15,80500,psxdata,2026-05-11T12:52:51
WAVES,2018-04-23,46.15,46.5,45.6,45.98,22000,psxdata,2026-05-11T12:52:51
WAVES,2018-04-24,45.83,47.99,45.83,46.87,178000,psxdata,2026-05-11T12:52:51
WAVES,2018-04-25,46.61,47.25,46.5,46.62,131000,psxdata,2026-05-11T12:52:51
WAVES,2018-04-26,46.94,48.61,46.52,46.95,315500,psxdata,2026-05-11T12:52:51
WAVES,2018-04-27,47.2,47.88,46.3,46.5,197500,psxdata,2026-05-11T12:52:51
WAVES,2018-04-30,47.01,47.01,45.99,46.17,56000,psxdata,2026-05-11T12:52:51
WAVES,2018-05-02,46.0,47.24,45.9,45.95,509000,psxdata,2026-05-11T12:52:51
WAVES,2018-05-03,46.0,46.0,44.61,44.98,239000,psxdata,2026-05-11T12:52:51
WAVES,2018-05-04,44.45,44.5,42.74,43.26,152500,psxdata,2026-05-11T12:52:51
WAVES,2018-05-07,43.55,43.55,42.32,42.65,463000,psxdata,2026-05-11T12:52:51
WAVES,2018-05-08,42.66,43.0,40.52,40.64,1096000,psxdata,2026-05-11T12:52:51
WAVES,2018-05-09,40.25,40.79,38.9,39.38,168000,psxdata,2026-05-11T12:52:51
WAVES,2018-05-10,39.99,41.1,39.21,40.23,89000,psxdata,2026-05-11T12:52:51
WAVES,2018-05-11,40.81,41.0,38.22,38.22,579000,psxdata,2026-05-11T12:52:51
WAVES,2018-05-14,36.31,36.98,36.31,36.31,934000,psxdata,2026-05-11T12:52:51
WAVES,2018-05-15,36.0,36.0,34.8,35.74,196000,psxdata,2026-05-11T12:52:51
WAVES,2018-05-16,35.9,35.9,34.49,34.58,71000,psxdata,2026-05-11T12:52:51
WAVES,2018-05-17,34.6,35.42,33.75,34.8,93500,psxdata,2026-05-11T12:52:51
WAVES,2018-05-18,35.23,35.23,33.6,34.66,105000,psxdata,2026-05-11T12:52:51
WAVES,2018-05-21,34.85,35.48,34.0,34.2,43000,psxdata,2026-05-11T12:52:51
WAVES,2018-05-22,34.99,35.91,34.99,35.91,135500,psxdata,2026-05-11T12:52:51
WAVES,2018-05-23,36.3,37.7,35.3,37.7,582000,psxdata,2026-05-11T12:52:51
WAVES,2018-05-24,38.45,39.58,38.45,39.58,301500,psxdata,2026-05-11T12:52:51
WAVES,2018-05-25,41.29,41.55,41.0,41.55,499500,psxdata,2026-05-11T12:52:51
WAVES,2018-05-28,41.48,42.9,39.48,39.68,609000,psxdata,2026-05-11T12:52:51
WAVES,2018-05-29,39.9,40.95,38.57,40.32,157500,psxdata,2026-05-11T12:52:51
WAVES,2018-05-30,40.36,41.0,38.31,39.31,192000,psxdata,2026-05-11T12:52:51
WAVES,2018-05-31,39.01,40.9,39.01,39.98,181000,psxdata,2026-05-11T12:52:51
WAVES,2018-06-01,39.5,39.88,39.5,39.71,12500,psxdata,2026-05-11T12:52:51
WAVES,2018-06-04,40.0,40.0,38.3,38.62,106500,psxdata,2026-05-11T12:52:51
WAVES,2018-06-05,39.39,39.39,37.8,38.06,165000,psxdata,2026-05-11T12:52:51
WAVES,2018-06-06,38.49,39.96,38.05,39.93,245000,psxdata,2026-05-11T12:52:51
WAVES,2018-06-07,39.94,41.92,38.5,40.02,1367500,psxdata,2026-05-11T12:52:51
WAVES,2018-06-11,39.9,39.98,38.02,38.11,238000,psxdata,2026-05-11T12:52:51
WAVES,2018-06-12,38.0,38.6,36.21,36.24,104500,psxdata,2026-05-11T12:52:51
WAVES,2018-06-13,36.7,37.48,36.12,36.9,125000,psxdata,2026-05-11T12:52:51
WAVES,2018-06-14,37.0,37.73,36.65,37.69,21500,psxdata,2026-05-11T12:52:51
WAVES,2018-06-19,38.15,38.65,37.89,38.47,126000,psxdata,2026-05-11T12:52:51
WAVES,2018-06-20,38.1,38.79,37.4,38.02,142000,psxdata,2026-05-11T12:52:51
WAVES,2018-06-21,37.0,37.01,36.2,36.54,84000,psxdata,2026-05-11T12:52:51
WAVES,2018-06-22,36.65,36.65,34.76,35.05,266500,psxdata,2026-05-11T12:52:51
WAVES,2018-06-25,35.95,36.7,33.51,33.9,1213000,psxdata,2026-05-11T12:52:51
WAVES,2018-06-26,34.2,35.05,33.05,34.03,976000,psxdata,2026-05-11T12:52:51
WAVES,2018-06-27,34.0,34.39,33.2,33.52,249500,psxdata,2026-05-11T12:52:51
WAVES,2018-06-28,33.4,34.85,33.0,34.19,182500,psxdata,2026-05-11T12:52:51
WAVES,2018-06-29,34.19,34.95,34.1,34.36,687000,psxdata,2026-05-11T12:52:51
WAVES,2018-07-02,34.9,35.0,34.4,34.93,727000,psxdata,2026-05-11T12:52:51
WAVES,2018-07-03,34.65,34.95,34.14,34.42,59000,psxdata,2026-05-11T12:52:51
WAVES,2018-07-04,33.71,33.71,32.7,32.7,217000,psxdata,2026-05-11T12:52:51
WAVES,2018-07-05,33.1,33.25,31.9,32.21,91000,psxdata,2026-05-11T12:52:51
WAVES,2018-07-06,31.3,33.0,31.25,32.96,31000,psxdata,2026-05-11T12:52:51
WAVES,2018-07-09,32.96,32.96,31.32,31.32,97000,psxdata,2026-05-11T12:52:51
WAVES,2018-07-10,30.5,32.88,30.35,32.77,301000,psxdata,2026-05-11T12:52:51
WAVES,2018-07-11,33.6,34.4,33.05,33.4,371000,psxdata,2026-05-11T12:52:51
WAVES,2018-07-12,33.2,34.0,32.7,33.77,108500,psxdata,2026-05-11T12:52:51
WAVES,2018-07-13,34.0,34.0,32.25,32.37,131500,psxdata,2026-05-11T12:52:51
WAVES,2018-07-16,32.6,33.1,32.0,32.52,485500,psxdata,2026-05-11T12:52:51
WAVES,2018-07-17,32.54,34.14,32.5,34.06,506500,psxdata,2026-05-11T12:52:51
WAVES,2018-07-19,35.2,35.4,34.01,34.64,551500,psxdata,2026-05-11T12:52:51
WAVES,2018-07-20,34.17,34.75,33.02,33.44,260000,psxdata,2026-05-11T12:52:51
WAVES,2018-07-23,32.75,33.05,32.75,32.86,45000,psxdata,2026-05-11T12:52:51
WAVES,2018-07-24,33.5,34.22,33.2,34.02,172000,psxdata,2026-05-11T12:52:51
WAVES,2018-07-26,34.95,35.0,34.0,34.27,208000,psxdata,2026-05-11T12:52:51
WAVES,2018-07-27,34.3,35.7,34.0,35.34,586000,psxdata,2026-05-11T12:52:51
WAVES,2018-07-30,36.15,37.1,36.15,37.08,544500,psxdata,2026-05-11T12:52:51
WAVES,2018-07-31,37.08,37.08,35.5,36.16,252000,psxdata,2026-05-11T12:52:51
WAVES,2018-08-01,36.38,37.96,36.01,37.96,737000,psxdata,2026-05-11T12:52:51
WAVES,2018-08-02,39.28,39.85,38.98,39.82,1127500,psxdata,2026-05-11T12:52:51
WAVES,2018-08-03,40.5,41.81,40.26,41.81,793500,psxdata,2026-05-11T12:52:51
WAVES,2018-08-06,42.7,43.9,42.27,43.9,749500,psxdata,2026-05-11T12:52:51
WAVES,2018-08-07,45.0,46.09,44.0,45.62,1829000,psxdata,2026-05-11T12:52:51
WAVES,2018-08-08,45.61,45.75,43.45,43.79,540500,psxdata,2026-05-11T12:52:51
WAVES,2018-08-09,44.74,45.48,43.05,44.83,509000,psxdata,2026-05-11T12:52:51
WAVES,2018-08-10,44.88,47.07,44.52,47.07,1183500,psxdata,2026-05-11T12:52:51
WAVES,2018-08-13,48.0,48.39,46.65,47.29,822500,psxdata,2026-05-11T12:52:51
WAVES,2018-08-15,47.07,49.4,47.07,48.96,684500,psxdata,2026-05-11T12:52:51
WAVES,2018-08-16,48.99,49.0,47.0,48.03,681000,psxdata,2026-05-11T12:52:51
WAVES,2018-08-17,46.5,49.0,46.5,47.58,1216000,psxdata,2026-05-11T12:52:51
WAVES,2018-08-20,47.5,47.9,46.25,46.66,1313000,psxdata,2026-05-11T12:52:51
WAVES,2018-08-24,46.75,46.75,44.5,44.7,789500,psxdata,2026-05-11T12:52:51
WAVES,2018-08-27,43.7,45.8,43.7,44.91,286000,psxdata,2026-05-11T12:52:51
WAVES,2018-08-28,45.1,45.1,44.1,44.24,101500,psxdata,2026-05-11T12:52:51
WAVES,2018-08-29,44.0,44.6,43.55,43.74,229000,psxdata,2026-05-11T12:52:51
WAVES,2018-08-30,44.0,45.92,41.56,42.75,1560500,psxdata,2026-05-11T12:52:51
WAVES,2018-08-31,41.54,41.6,40.62,40.62,1743500,psxdata,2026-05-11T12:52:51
WAVES,2018-09-03,39.5,41.18,38.81,40.29,508500,psxdata,2026-05-11T12:52:51
WAVES,2018-09-04,40.95,41.9,40.6,40.93,1016000,psxdata,2026-05-11T12:52:51
WAVES,2018-09-05,40.66,42.97,39.8,42.3,872500,psxdata,2026-05-11T12:52:51
WAVES,2018-09-06,42.74,42.99,40.19,40.21,1088000,psxdata,2026-05-11T12:52:51
WAVES,2018-09-07,40.0,40.7,39.0,39.76,237000,psxdata,2026-05-11T12:52:51
WAVES,2018-09-10,39.76,39.76,38.0,38.57,256000,psxdata,2026-05-11T12:52:51
WAVES,2018-09-11,38.7,39.75,38.65,39.39,196000,psxdata,2026-05-11T12:52:51
WAVES,2018-09-12,39.89,39.89,37.7,38.61,282500,psxdata,2026-05-11T12:52:51
WAVES,2018-09-13,38.74,39.9,38.0,39.46,260500,psxdata,2026-05-11T12:52:51
WAVES,2018-09-14,40.0,40.0,39.0,39.25,196500,psxdata,2026-05-11T12:52:51
WAVES,2018-09-17,38.72,39.4,38.1,38.87,72000,psxdata,2026-05-11T12:52:51
WAVES,2018-09-18,39.9,39.9,38.25,39.36,153500,psxdata,2026-05-11T12:52:51
WAVES,2018-09-19,39.65,41.32,39.2,41.32,818000,psxdata,2026-05-11T12:52:51
WAVES,2018-09-24,41.51,42.15,39.26,39.44,484000,psxdata,2026-05-11T12:52:51
WAVES,2018-09-25,39.7,40.0,39.1,39.51,80500,psxdata,2026-05-11T12:52:51
WAVES,2018-09-26,40.0,40.5,39.3,39.66,196000,psxdata,2026-05-11T12:52:51
WAVES,2018-09-27,39.3,39.65,38.5,38.63,122500,psxdata,2026-05-11T12:52:51
WAVES,2018-09-28,39.49,39.49,38.25,38.9,91500,psxdata,2026-05-11T12:52:51
WAVES,2018-10-01,37.61,38.88,37.6,38.06,81500,psxdata,2026-05-11T12:52:51
WAVES,2018-10-02,38.0,39.29,37.75,38.89,234500,psxdata,2026-05-11T12:52:51
WAVES,2018-10-03,34.0,34.7,32.55,32.69,135500,psxdata,2026-05-11T12:52:51
WAVES,2018-10-04,32.3,32.5,31.06,31.09,305000,psxdata,2026-05-11T12:52:51
WAVES,2018-10-05,29.75,30.2,29.54,29.54,175500,psxdata,2026-05-11T12:52:51
WAVES,2018-10-08,28.35,28.8,28.07,28.07,416500,psxdata,2026-05-11T12:52:51
WAVES,2018-10-09,27.9,28.7,26.67,26.67,738500,psxdata,2026-05-11T12:52:51
WAVES,2018-10-10,25.62,26.25,25.34,25.35,510500,psxdata,2026-05-11T12:52:51
WAVES,2018-10-11,25.01,26.25,24.35,24.9,343500,psxdata,2026-05-11T12:52:51
WAVES,2018-10-12,24.51,24.51,23.66,23.66,311500,psxdata,2026-05-11T12:52:51
WAVES,2018-10-15,23.01,23.25,22.48,22.51,229000,psxdata,2026-05-11T12:52:51
WAVES,2018-10-16,22.75,23.6,21.51,21.91,150500,psxdata,2026-05-11T12:52:51
WAVES,2018-10-17,22.39,23.0,22.39,23.0,68500,psxdata,2026-05-11T12:52:51
WAVES,2018-10-18,24.15,24.15,24.15,24.15,64500,psxdata,2026-05-11T12:52:51
WAVES,2018-10-19,25.35,25.35,25.35,25.35,150000,psxdata,2026-05-11T12:52:51
WAVES,2018-10-22,26.61,26.61,26.06,26.61,540000,psxdata,2026-05-11T12:52:51
WAVES,2018-10-23,26.79,27.94,26.3,27.94,1333500,psxdata,2026-05-11T12:52:51
WAVES,2018-10-24,29.33,29.33,29.33,29.33,26000,psxdata,2026-05-11T12:52:51
WAVES,2018-10-25,30.79,30.79,30.0,30.79,903500,psxdata,2026-05-11T12:52:51
WAVES,2018-10-26,31.1,32.32,30.6,32.28,1147000,psxdata,2026-05-11T12:52:51
WAVES,2018-10-29,33.2,33.2,30.67,30.73,1531500,psxdata,2026-05-11T12:52:51
WAVES,2018-10-30,30.0,31.65,29.2,29.45,2255000,psxdata,2026-05-11T12:52:51
WAVES,2018-10-31,29.01,30.92,29.01,30.92,864000,psxdata,2026-05-11T12:52:51
WAVES,2018-11-01,32.0,32.46,31.25,32.04,2248000,psxdata,2026-05-11T12:52:51
WAVES,2018-11-02,32.39,33.49,31.5,32.75,1906500,psxdata,2026-05-11T12:52:51
WAVES,2018-11-05,31.95,33.5,31.59,32.25,1118000,psxdata,2026-05-11T12:52:51
WAVES,2018-11-06,32.75,32.85,30.8,31.23,1003500,psxdata,2026-05-11T12:52:51
WAVES,2018-11-07,32.0,32.45,31.0,31.32,1269000,psxdata,2026-05-11T12:52:51
WAVES,2018-11-08,31.2,31.88,30.0,30.44,777000,psxdata,2026-05-11T12:52:51
WAVES,2018-11-09,30.69,31.2,29.65,30.0,520000,psxdata,2026-05-11T12:52:51
WAVES,2018-11-12,30.21,30.21,29.25,29.36,165000,psxdata,2026-05-11T12:52:51
WAVES,2018-11-13,29.06,30.1,28.75,29.88,388000,psxdata,2026-05-11T12:52:51
WAVES,2018-11-14,30.25,31.37,29.8,30.75,757500,psxdata,2026-05-11T12:52:51
WAVES,2018-11-15,30.51,32.28,30.51,32.07,1926000,psxdata,2026-05-11T12:52:51
WAVES,2018-11-16,32.95,33.0,31.9,31.98,461500,psxdata,2026-05-11T12:52:51
WAVES,2018-11-19,32.5,32.5,31.31,31.5,249500,psxdata,2026-05-11T12:52:51
WAVES,2018-11-20,31.45,32.95,31.26,32.4,677500,psxdata,2026-05-11T12:52:51
WAVES,2018-11-22,32.85,32.85,31.25,31.36,355000,psxdata,2026-05-11T12:52:51
WAVES,2018-11-23,31.89,31.89,31.05,31.35,115000,psxdata,2026-05-11T12:52:51
WAVES,2018-11-26,31.6,31.67,30.05,30.63,145000,psxdata,2026-05-11T12:52:51
WAVES,2018-11-27,30.21,30.82,29.56,30.41,130000,psxdata,2026-05-11T12:52:51
WAVES,2018-11-28,30.99,31.35,29.9,30.15,307500,psxdata,2026-05-11T12:52:51
WAVES,2018-11-29,30.64,31.65,30.6,31.65,991000,psxdata,2026-05-11T12:52:51
WAVES,2018-11-30,32.5,32.85,30.07,30.12,1585500,psxdata,2026-05-11T12:52:51
WAVES,2018-12-03,29.95,29.95,28.62,28.62,280000,psxdata,2026-05-11T12:52:51
WAVES,2018-12-04,27.5,28.95,27.5,28.49,1313500,psxdata,2026-05-11T12:52:51
WAVES,2018-12-05,28.3,28.3,27.07,27.88,505500,psxdata,2026-05-11T12:52:51
WAVES,2018-12-06,28.34,28.68,26.51,26.91,498000,psxdata,2026-05-11T12:52:51
WAVES,2018-12-07,27.0,27.65,26.18,26.96,322500,psxdata,2026-05-11T12:52:51
WAVES,2018-12-10,27.4,28.2,27.25,27.49,319000,psxdata,2026-05-11T12:52:51
WAVES,2018-12-11,27.74,27.74,27.0,27.46,161000,psxdata,2026-05-11T12:52:51
WAVES,2018-12-12,27.0,28.0,26.2,26.82,346500,psxdata,2026-05-11T12:52:51
WAVES,2018-12-13,27.05,27.09,25.75,25.99,271000,psxdata,2026-05-11T12:52:51
WAVES,2018-12-14,26.7,27.1,26.21,26.93,151000,psxdata,2026-05-11T12:52:51
WAVES,2018-12-17,27.19,27.2,26.2,26.6,34500,psxdata,2026-05-11T12:52:51
WAVES,2018-12-18,26.75,27.0,26.0,26.34,213500,psxdata,2026-05-11T12:52:51
WAVES,2018-12-19,26.2,26.9,26.2,26.42,191000,psxdata,2026-05-11T12:52:51
WAVES,2018-12-20,26.31,27.74,26.31,27.74,654500,psxdata,2026-05-11T12:52:51
WAVES,2018-12-21,28.0,28.0,26.75,26.94,521000,psxdata,2026-05-11T12:52:51
WAVES,2018-12-24,26.55,27.0,26.0,26.67,931000,psxdata,2026-05-11T12:52:51
WAVES,2018-12-26,27.2,27.45,26.7,26.79,943500,psxdata,2026-05-11T12:52:51
WAVES,2018-12-27,26.99,27.0,25.6,25.86,175000,psxdata,2026-05-11T12:52:51
WAVES,2018-12-28,25.76,25.76,24.59,24.79,184000,psxdata,2026-05-11T12:52:51
WAVES,2018-12-31,24.2,25.1,24.0,24.5,111000,psxdata,2026-05-11T12:52:51
WAVES,2019-01-01,24.99,25.72,24.95,25.66,189500,psxdata,2026-05-11T12:52:51
WAVES,2019-01-02,25.23,26.4,25.23,25.5,164500,psxdata,2026-05-11T12:52:51
WAVES,2019-01-03,25.35,25.7,25.0,25.13,75500,psxdata,2026-05-11T12:52:51
WAVES,2019-01-04,24.85,25.95,24.5,25.51,125000,psxdata,2026-05-11T12:52:51
WAVES,2019-01-07,25.9,26.78,25.6,26.73,436000,psxdata,2026-05-11T12:52:51
WAVES,2019-01-08,26.99,27.95,26.99,27.45,567000,psxdata,2026-05-11T12:52:51
WAVES,2019-01-09,27.7,28.45,27.21,27.54,880000,psxdata,2026-05-11T12:52:51
WAVES,2019-01-10,27.75,27.81,27.0,27.04,259000,psxdata,2026-05-11T12:52:51
WAVES,2019-01-11,27.4,27.99,26.71,27.2,169000,psxdata,2026-05-11T12:52:51
WAVES,2019-01-14,27.55,28.0,27.04,27.3,287500,psxdata,2026-05-11T12:52:51
WAVES,2019-01-15,27.6,27.6,27.0,27.02,118000,psxdata,2026-05-11T12:52:51
WAVES,2019-01-16,27.34,27.34,26.4,26.54,63500,psxdata,2026-05-11T12:52:51
WAVES,2019-01-17,26.6,27.0,26.0,26.91,133000,psxdata,2026-05-11T12:52:51
WAVES,2019-01-18,26.99,27.35,26.72,26.76,167000,psxdata,2026-05-11T12:52:51
WAVES,2019-01-21,26.77,27.0,26.4,26.43,65500,psxdata,2026-05-11T12:52:51
WAVES,2019-01-22,26.45,27.0,26.4,26.86,104500,psxdata,2026-05-11T12:52:51
WAVES,2019-01-23,27.0,27.3,26.6,26.67,242500,psxdata,2026-05-11T12:52:51
WAVES,2019-01-24,28.0,28.0,27.05,27.23,2052000,psxdata,2026-05-11T12:52:51
WAVES,2019-01-25,27.16,27.48,26.5,27.0,106500,psxdata,2026-05-11T12:52:51
WAVES,2019-01-28,26.95,27.54,26.95,27.13,173500,psxdata,2026-05-11T12:52:51
WAVES,2019-01-29,26.85,27.5,26.76,26.96,187000,psxdata,2026-05-11T12:52:51
WAVES,2019-01-30,27.0,27.65,27.0,27.11,208500,psxdata,2026-05-11T12:52:51
WAVES,2019-01-31,27.15,28.24,27.01,27.69,913000,psxdata,2026-05-11T12:52:51
WAVES,2019-02-01,27.97,28.4,27.49,27.82,641000,psxdata,2026-05-11T12:52:51
WAVES,2019-02-04,27.99,28.18,27.72,27.75,253500,psxdata,2026-05-11T12:52:51
WAVES,2019-02-06,27.51,27.98,27.06,27.26,189500,psxdata,2026-05-11T12:52:51
WAVES,2019-02-07,27.5,28.62,27.5,28.62,644000,psxdata,2026-05-11T12:52:51
WAVES,2019-02-08,28.84,29.01,27.63,27.83,788000,psxdata,2026-05-11T12:52:51
WAVES,2019-02-11,27.81,27.9,26.92,27.01,246500,psxdata,2026-05-11T12:52:51
WAVES,2019-02-12,27.05,27.45,26.5,26.93,224500,psxdata,2026-05-11T12:52:51
WAVES,2019-02-13,27.28,27.9,26.75,27.05,313500,psxdata,2026-05-11T12:52:51
WAVES,2019-02-14,27.06,27.2,26.7,27.03,57000,psxdata,2026-05-11T12:52:51
WAVES,2019-02-15,27.0,27.9,27.0,27.54,468000,psxdata,2026-05-11T12:52:51
WAVES,2019-02-18,28.0,28.0,27.0,27.16,161500,psxdata,2026-05-11T12:52:51
WAVES,2019-02-19,27.1,27.28,26.7,26.75,63000,psxdata,2026-05-11T12:52:51
WAVES,2019-02-20,26.75,27.4,26.2,27.0,226000,psxdata,2026-05-11T12:52:51
WAVES,2019-02-21,27.25,27.25,26.55,26.65,43500,psxdata,2026-05-11T12:52:51
WAVES,2019-02-22,26.5,27.7,26.5,27.2,433000,psxdata,2026-05-11T12:52:51
WAVES,2019-02-25,27.25,27.49,26.81,26.84,58500,psxdata,2026-05-11T12:52:51
WAVES,2019-02-26,26.15,26.38,25.5,25.5,311000,psxdata,2026-05-11T12:52:51
WAVES,2019-02-27,25.0,25.1,24.23,24.71,403000,psxdata,2026-05-11T12:52:51
WAVES,2019-02-28,25.0,25.65,24.35,25.51,183000,psxdata,2026-05-11T12:52:51
WAVES,2019-03-01,25.9,26.0,25.5,25.74,97000,psxdata,2026-05-11T12:52:51
WAVES,2019-03-04,25.52,25.99,25.4,25.62,79000,psxdata,2026-05-11T12:52:51
WAVES,2019-03-05,25.9,26.25,25.3,25.62,97500,psxdata,2026-05-11T12:52:51
WAVES,2019-03-06,25.95,26.0,25.6,25.62,90000,psxdata,2026-05-11T12:52:51
WAVES,2019-03-07,25.99,26.0,25.45,25.48,62500,psxdata,2026-05-11T12:52:51
WAVES,2019-03-08,25.15,25.25,25.0,25.04,29000,psxdata,2026-05-11T12:52:51
WAVES,2019-03-11,25.5,25.5,25.12,25.19,28000,psxdata,2026-05-11T12:52:51
WAVES,2019-03-12,25.15,25.45,24.85,25.36,43000,psxdata,2026-05-11T12:52:51
WAVES,2019-03-13,25.59,25.59,25.11,25.25,15000,psxdata,2026-05-11T12:52:51
WAVES,2019-03-14,25.03,25.6,24.95,25.39,85000,psxdata,2026-05-11T12:52:51
WAVES,2019-03-15,25.0,25.5,24.6,25.16,314500,psxdata,2026-05-11T12:52:51
WAVES,2019-03-18,25.03,26.41,25.03,26.41,254000,psxdata,2026-05-11T12:52:51
WAVES,2019-03-19,26.49,27.73,26.49,27.73,825500,psxdata,2026-05-11T12:52:51
WAVES,2019-03-20,27.9,28.51,27.35,28.31,1270000,psxdata,2026-05-11T12:52:51
WAVES,2019-03-21,28.34,28.34,27.5,27.55,107500,psxdata,2026-05-11T12:52:51
WAVES,2019-03-22,27.26,27.55,26.5,26.66,43000,psxdata,2026-05-11T12:52:51
WAVES,2019-03-25,26.25,26.35,26.0,26.1,32000,psxdata,2026-05-11T12:52:51
WAVES,2019-03-26,26.25,26.73,26.25,26.41,67000,psxdata,2026-05-11T12:52:51
WAVES,2019-03-27,26.75,27.4,26.75,27.04,262000,psxdata,2026-05-11T12:52:51
WAVES,2019-03-28,26.8,27.0,26.5,26.87,53000,psxdata,2026-05-11T12:52:51
WAVES,2019-03-29,26.7,27.5,26.6,27.49,71000,psxdata,2026-05-11T12:52:51
WAVES,2019-04-01,27.0,27.1,26.7,26.85,13500,psxdata,2026-05-11T12:52:51
WAVES,2019-04-02,26.5,27.39,26.5,27.0,72500,psxdata,2026-05-11T12:52:51
WAVES,2019-04-03,27.0,27.45,26.75,26.81,89000,psxdata,2026-05-11T12:52:51
WAVES,2019-04-04,26.61,26.8,26.25,26.36,81000,psxdata,2026-05-11T12:52:51
WAVES,2019-04-05,25.76,27.67,25.76,27.62,301000,psxdata,2026-05-11T12:52:51
WAVES,2019-04-08,26.85,27.5,26.5,26.6,136000,psxdata,2026-05-11T12:52:51
WAVES,2019-04-09,26.51,27.0,26.25,26.46,70500,psxdata,2026-05-11T12:52:51
WAVES,2019-04-10,26.25,26.31,25.14,25.22,143500,psxdata,2026-05-11T12:52:51
WAVES,2019-04-11,25.3,26.1,25.0,25.95,304500,psxdata,2026-05-11T12:52:51
WAVES,2019-04-12,26.05,27.24,26.05,27.14,571500,psxdata,2026-05-11T12:52:51
WAVES,2019-04-15,27.2,28.0,27.03,27.3,251000,psxdata,2026-05-11T12:52:51
WAVES,2019-04-16,27.48,27.5,26.9,27.01,169500,psxdata,2026-05-11T12:52:51
WAVES,2019-04-17,26.72,27.15,26.25,26.98,122000,psxdata,2026-05-11T12:52:51
WAVES,2019-04-18,26.1,27.01,25.9,26.02,921000,psxdata,2026-05-11T12:52:51
WAVES,2019-04-19,26.5,27.32,26.2,27.29,784000,psxdata,2026-05-11T12:52:51
WAVES,2019-04-22,27.5,27.85,27.29,27.52,198000,psxdata,2026-05-11T12:52:51
WAVES,2019-04-23,26.73,27.0,26.45,26.52,170500,psxdata,2026-05-11T12:52:51
WAVES,2019-04-24,26.99,26.99,26.5,26.54,31500,psxdata,2026-05-11T12:52:51
WAVES,2019-04-25,26.5,27.0,26.5,26.79,42000,psxdata,2026-05-11T12:52:51
WAVES,2019-04-26,26.99,27.99,26.99,27.62,75000,psxdata,2026-05-11T12:52:51
WAVES,2019-04-29,28.0,29.0,27.6,27.66,550500,psxdata,2026-05-11T12:52:51
WAVES,2019-04-30,27.45,27.95,27.4,27.5,86500,psxdata,2026-05-11T12:52:51
WAVES,2019-05-02,27.5,28.25,27.5,27.95,78500,psxdata,2026-05-11T12:52:51
WAVES,2019-05-03,28.49,28.5,27.7,27.81,149500,psxdata,2026-05-11T12:52:51
WAVES,2019-05-06,27.51,28.24,27.5,28.0,231000,psxdata,2026-05-11T12:52:51
WAVES,2019-05-07,28.2,28.21,27.55,27.68,30500,psxdata,2026-05-11T12:52:51
WAVES,2019-05-08,27.5,27.51,27.0,27.06,39000,psxdata,2026-05-11T12:52:51
WAVES,2019-05-09,27.02,27.3,26.6,26.87,23000,psxdata,2026-05-11T12:52:51
WAVES,2019-05-10,26.55,26.9,26.25,26.9,7500,psxdata,2026-05-11T12:52:51
WAVES,2019-05-13,27.1,27.7,25.75,25.98,126000,psxdata,2026-05-11T12:52:51
WAVES,2019-05-14,25.3,25.98,24.72,24.84,68500,psxdata,2026-05-11T12:52:51
WAVES,2019-05-15,25.99,26.0,25.01,25.17,29000,psxdata,2026-05-11T12:52:51
WAVES,2019-05-16,24.5,24.5,23.92,23.92,92500,psxdata,2026-05-11T12:52:51
WAVES,2019-05-17,22.75,22.8,22.73,22.73,53500,psxdata,2026-05-11T12:52:51
WAVES,2019-05-20,22.0,23.85,21.6,23.72,74000,psxdata,2026-05-11T12:52:51
WAVES,2019-05-21,23.75,24.4,23.05,24.37,29500,psxdata,2026-05-11T12:52:51
WAVES,2019-05-22,25.0,25.58,25.0,25.58,133000,psxdata,2026-05-11T12:52:51
WAVES,2019-05-23,26.0,26.8,25.6,26.76,95500,psxdata,2026-05-11T12:52:51
WAVES,2019-05-24,27.0,27.0,26.05,26.51,658500,psxdata,2026-05-11T12:52:51
WAVES,2019-05-27,26.8,26.88,26.02,26.07,72500,psxdata,2026-05-11T12:52:51
WAVES,2019-05-28,25.6,25.7,24.78,25.07,53000,psxdata,2026-05-11T12:52:51
WAVES,2019-05-29,25.49,26.09,25.49,25.88,43000,psxdata,2026-05-11T12:52:51
WAVES,2019-05-30,26.0,26.01,24.6,25.16,190000,psxdata,2026-05-11T12:52:51
WAVES,2019-06-03,25.86,25.86,25.7,25.86,51500,psxdata,2026-05-11T12:52:51
WAVES,2019-06-10,25.1,25.1,24.57,24.57,73500,psxdata,2026-05-11T12:52:51
WAVES,2019-06-11,23.36,25.0,23.36,25.0,42000,psxdata,2026-05-11T12:52:51
WAVES,2019-06-12,25.25,25.8,25.0,25.15,78500,psxdata,2026-05-11T12:52:51
WAVES,2019-06-13,25.99,25.99,25.05,25.6,69000,psxdata,2026-05-11T12:52:51
WAVES,2019-06-14,25.89,25.89,24.75,25.31,25500,psxdata,2026-05-11T12:52:51
WAVES,2019-06-17,25.49,25.49,24.71,24.73,37000,psxdata,2026-05-11T12:52:51
WAVES,2019-06-18,23.76,24.6,23.7,23.81,33000,psxdata,2026-05-11T12:52:51
WAVES,2019-06-19,23.9,24.0,22.8,22.91,122500,psxdata,2026-05-11T12:52:51
WAVES,2019-06-20,23.11,23.74,22.9,23.52,302500,psxdata,2026-05-11T12:52:51
WAVES,2019-06-21,23.16,23.5,23.0,23.2,63500,psxdata,2026-05-11T12:52:51
WAVES,2019-06-24,23.0,23.0,22.4,22.8,10000,psxdata,2026-05-11T12:52:51
WAVES,2019-06-25,22.5,23.25,21.66,23.04,210000,psxdata,2026-05-11T12:52:51
WAVES,2019-06-26,22.7,22.7,22.1,22.25,98500,psxdata,2026-05-11T12:52:51
WAVES,2019-06-27,22.5,22.75,21.75,22.07,74000,psxdata,2026-05-11T12:52:51
WAVES,2019-06-28,22.8,23.0,22.0,22.95,75500,psxdata,2026-05-11T12:52:51
WAVES,2019-07-01,22.74,22.9,22.31,22.31,17000,psxdata,2026-05-11T12:52:51
WAVES,2019-07-02,22.73,22.9,22.37,22.9,50000,psxdata,2026-05-11T12:52:51
WAVES,2019-07-03,22.99,23.84,22.99,23.34,194500,psxdata,2026-05-11T12:52:51
WAVES,2019-07-04,23.02,23.09,22.6,22.64,44000,psxdata,2026-05-11T12:52:51
WAVES,2019-07-05,22.42,22.42,22.0,22.1,11500,psxdata,2026-05-11T12:52:51
WAVES,2019-07-08,22.0,22.0,21.51,21.71,20500,psxdata,2026-05-11T12:52:51
WAVES,2019-07-09,22.25,22.48,21.75,22.3,11500,psxdata,2026-05-11T12:52:51
WAVES,2019-07-10,21.9,22.25,21.81,22.25,6500,psxdata,2026-05-11T12:52:51
WAVES,2019-07-11,22.51,22.51,21.9,22.17,3000,psxdata,2026-05-11T12:52:51
WAVES,2019-07-12,21.8,22.0,21.31,21.6,11500,psxdata,2026-05-11T12:52:51
WAVES,2019-07-15,21.5,21.5,20.75,20.75,6000,psxdata,2026-05-11T12:52:51
WAVES,2019-07-16,21.29,21.49,20.4,21.33,14500,psxdata,2026-05-11T12:52:51
WAVES,2019-07-17,21.99,22.35,20.52,20.92,20000,psxdata,2026-05-11T12:52:51
WAVES,2019-07-18,20.95,20.95,19.89,20.25,27500,psxdata,2026-05-11T12:52:51
WAVES,2019-07-19,19.61,20.0,19.5,19.91,20500,psxdata,2026-05-11T12:52:51
WAVES,2019-07-22,20.0,20.5,20.0,20.25,109500,psxdata,2026-05-11T12:52:51
WAVES,2019-07-23,19.27,19.5,19.24,19.3,400500,psxdata,2026-05-11T12:52:51
WAVES,2019-07-24,19.1,19.95,19.1,19.7,195500,psxdata,2026-05-11T12:52:51
WAVES,2019-07-25,19.0,19.74,18.89,19.24,86000,psxdata,2026-05-11T12:52:51
WAVES,2019-07-26,19.2,19.4,18.67,19.0,667500,psxdata,2026-05-11T12:52:51
WAVES,2019-07-29,19.28,19.28,18.2,18.68,44500,psxdata,2026-05-11T12:52:51
WAVES,2019-07-30,18.7,18.9,18.5,18.9,73500,psxdata,2026-05-11T12:52:51
WAVES,2019-07-31,18.95,19.45,18.95,19.45,46500,psxdata,2026-05-11T12:52:51
WAVES,2019-08-01,19.35,19.5,19.0,19.45,44000,psxdata,2026-05-11T12:52:51
WAVES,2019-08-02,18.75,19.45,18.75,19.34,10500,psxdata,2026-05-11T12:52:51
WAVES,2019-08-05,19.0,19.2,18.56,19.2,4500,psxdata,2026-05-11T12:52:51
WAVES,2019-08-06,19.0,19.0,18.55,18.6,9500,psxdata,2026-05-11T12:52:51
WAVES,2019-08-07,18.3,19.0,18.3,18.37,71000,psxdata,2026-05-11T12:52:51
WAVES,2019-08-08,18.01,18.01,17.6,18.0,264000,psxdata,2026-05-11T12:52:51
WAVES,2019-08-09,18.5,18.7,18.0,18.13,13000,psxdata,2026-05-11T12:52:51
WAVES,2019-08-16,18.3,18.3,17.2,18.25,31000,psxdata,2026-05-11T12:52:51
WAVES,2019-08-19,18.39,18.85,18.03,18.78,52500,psxdata,2026-05-11T12:52:51
WAVES,2019-08-20,18.97,19.4,18.51,19.0,310500,psxdata,2026-05-11T12:52:51
WAVES,2019-08-21,18.56,19.2,18.5,19.06,80000,psxdata,2026-05-11T12:52:51
WAVES,2019-08-22,19.5,20.06,19.01,20.06,545000,psxdata,2026-05-11T12:52:51
WAVES,2019-08-23,20.5,20.5,19.68,20.03,99500,psxdata,2026-05-11T12:52:51
WAVES,2019-08-26,19.1,19.8,19.04,19.22,261000,psxdata,2026-05-11T12:52:51
WAVES,2019-08-27,19.0,19.2,18.5,19.08,15000,psxdata,2026-05-11T12:52:51
WAVES,2019-08-28,19.5,19.8,18.75,18.85,70000,psxdata,2026-05-11T12:52:51
WAVES,2019-08-29,18.75,19.85,18.5,19.36,410000,psxdata,2026-05-11T12:52:51
WAVES,2019-08-30,19.73,19.74,18.6,18.72,93500,psxdata,2026-05-11T12:52:51
WAVES,2019-09-02,19.71,19.71,18.5,18.78,53000,psxdata,2026-05-11T12:52:51
WAVES,2019-09-03,18.9,19.0,18.49,18.5,57500,psxdata,2026-05-11T12:52:51
WAVES,2019-09-04,18.74,19.0,18.53,18.86,153500,psxdata,2026-05-11T12:52:51
WAVES,2019-09-05,19.0,19.2,18.25,18.31,192000,psxdata,2026-05-11T12:52:51
WAVES,2019-09-06,18.05,18.05,17.5,17.58,94500,psxdata,2026-05-11T12:52:51
WAVES,2019-09-11,17.65,17.97,17.65,17.71,29000,psxdata,2026-05-11T12:52:51
WAVES,2019-09-12,17.87,18.5,17.7,18.16,126000,psxdata,2026-05-11T12:52:51
WAVES,2019-09-13,18.48,19.16,18.31,19.15,236000,psxdata,2026-05-11T12:52:51
WAVES,2019-09-16,19.1,19.49,18.71,18.84,132000,psxdata,2026-05-11T12:52:51
WAVES,2019-09-17,18.85,19.54,18.4,18.86,169500,psxdata,2026-05-11T12:52:51
WAVES,2019-09-18,18.99,19.6,18.91,18.99,106500,psxdata,2026-05-11T12:52:51
WAVES,2019-09-19,19.01,19.99,19.01,19.99,79500,psxdata,2026-05-11T12:52:51
WAVES,2019-09-20,20.99,20.99,20.0,20.02,214000,psxdata,2026-05-11T12:52:51
WAVES,2019-09-23,20.25,20.25,19.5,19.58,109000,psxdata,2026-05-11T12:52:51
WAVES,2019-09-24,19.41,19.9,19.41,19.8,9000,psxdata,2026-05-11T12:52:51
WAVES,2019-09-25,19.95,19.99,19.51,19.62,79500,psxdata,2026-05-11T12:52:51
WAVES,2019-09-26,19.7,19.7,19.32,19.5,39000,psxdata,2026-05-11T12:52:51
WAVES,2019-09-27,19.75,19.99,19.65,19.89,33500,psxdata,2026-05-11T12:52:51
WAVES,2019-09-30,20.0,20.34,19.75,20.24,57000,psxdata,2026-05-11T12:52:51
WAVES,2019-10-01,20.25,20.63,20.25,20.42,109000,psxdata,2026-05-11T12:52:51
WAVES,2019-10-02,20.59,21.1,20.2,20.95,157000,psxdata,2026-05-11T12:52:51
WAVES,2019-10-03,19.0,19.0,18.25,18.71,126500,psxdata,2026-05-11T12:52:51
WAVES,2019-10-04,18.31,19.3,18.3,19.06,229500,psxdata,2026-05-11T12:52:51
WAVES,2019-10-07,19.4,20.06,19.2,19.55,610500,psxdata,2026-05-11T12:52:51
WAVES,2019-10-08,19.9,20.0,19.2,19.37,234500,psxdata,2026-05-11T12:52:51
WAVES,2019-10-09,19.4,20.15,19.32,19.75,382500,psxdata,2026-05-11T12:52:51
WAVES,2019-10-10,19.9,20.75,19.66,20.23,1146000,psxdata,2026-05-11T12:52:51
WAVES,2019-10-11,20.49,20.8,20.0,20.26,1232500,psxdata,2026-05-11T12:52:51
WAVES,2019-10-14,20.6,20.9,20.2,20.35,363000,psxdata,2026-05-11T12:52:51
WAVES,2019-10-15,20.2,20.8,20.15,20.74,303500,psxdata,2026-05-11T12:52:51
WAVES,2019-10-16,20.74,21.7,20.74,21.38,1082000,psxdata,2026-05-11T12:52:51
WAVES,2019-10-17,21.59,21.6,20.64,20.82,536000,psxdata,2026-05-11T12:52:51
WAVES,2019-10-18,20.52,21.0,20.1,20.38,176000,psxdata,2026-05-11T12:52:51
WAVES,2019-10-21,20.02,20.02,19.5,19.58,168000,psxdata,2026-05-11T12:52:51
WAVES,2019-10-22,19.1,19.7,19.1,19.49,62000,psxdata,2026-05-11T12:52:51
WAVES,2019-10-23,19.5,20.25,19.49,20.12,110500,psxdata,2026-05-11T12:52:51
WAVES,2019-10-24,20.1,20.5,20.0,20.45,210500,psxdata,2026-05-11T12:52:51
WAVES,2019-10-25,20.51,20.85,20.35,20.47,180500,psxdata,2026-05-11T12:52:51
WAVES,2019-10-28,20.3,20.75,20.0,20.67,368500,psxdata,2026-05-11T12:52:51
WAVES,2019-10-29,20.65,21.05,20.42,20.49,688000,psxdata,2026-05-11T12:52:51
WAVES,2019-10-30,20.2,20.9,20.2,20.61,582000,psxdata,2026-05-11T12:52:51
WAVES,2019-10-31,20.9,21.39,20.7,20.77,362000,psxdata,2026-05-11T12:52:51
WAVES,2019-11-01,20.9,21.8,20.75,21.62,1515500,psxdata,2026-05-11T12:52:51
WAVES,2019-11-04,21.9,22.2,21.56,21.93,726500,psxdata,2026-05-11T12:52:51
WAVES,2019-11-05,22.45,22.45,21.55,21.72,337000,psxdata,2026-05-11T12:52:51
WAVES,2019-11-06,22.0,22.5,21.7,21.76,1049500,psxdata,2026-05-11T12:52:51
WAVES,2019-11-07,21.7,22.8,21.7,22.26,1124500,psxdata,2026-05-11T12:52:51
WAVES,2019-11-08,22.5,23.37,22.5,23.37,1082000,psxdata,2026-05-11T12:52:51
WAVES,2019-11-11,23.85,24.53,23.85,24.19,855000,psxdata,2026-05-11T12:52:51
WAVES,2019-11-12,24.3,24.7,23.6,24.23,713500,psxdata,2026-05-11T12:52:51
WAVES,2019-11-13,24.02,24.65,23.75,23.94,583500,psxdata,2026-05-11T12:52:51
WAVES,2019-11-14,24.16,24.53,23.75,23.78,550500,psxdata,2026-05-11T12:52:51
WAVES,2019-11-15,23.91,24.96,23.91,24.9,1064500,psxdata,2026-05-11T12:52:51
WAVES,2019-11-18,25.5,25.75,24.5,25.15,1054500,psxdata,2026-05-11T12:52:51
WAVES,2019-11-19,25.3,25.3,24.5,24.85,753000,psxdata,2026-05-11T12:52:51
WAVES,2019-11-20,24.5,25.7,24.33,24.85,595500,psxdata,2026-05-11T12:52:51
WAVES,2019-11-21,25.35,26.09,25.0,25.39,1785000,psxdata,2026-05-11T12:52:51
WAVES,2019-11-22,25.47,26.4,25.47,26.14,1018500,psxdata,2026-05-11T12:52:51
WAVES,2019-11-25,26.1,26.75,26.0,26.49,369500,psxdata,2026-05-11T12:52:51
WAVES,2019-11-26,26.22,27.0,25.5,25.78,823000,psxdata,2026-05-11T12:52:51
WAVES,2019-11-27,26.0,26.25,25.65,25.99,313000,psxdata,2026-05-11T12:52:51
WAVES,2019-11-28,26.05,26.88,25.52,26.41,942500,psxdata,2026-05-11T12:52:51
WAVES,2019-11-29,26.55,27.1,26.5,26.8,611000,psxdata,2026-05-11T12:52:51
WAVES,2019-12-02,27.0,28.14,26.77,27.89,1289000,psxdata,2026-05-11T12:52:51
WAVES,2019-12-03,28.0,28.33,26.75,26.91,473000,psxdata,2026-05-11T12:52:51
WAVES,2019-12-04,26.99,27.6,26.99,27.4,294000,psxdata,2026-05-11T12:52:51
WAVES,2019-12-05,27.95,27.95,27.2,27.38,708000,psxdata,2026-05-11T12:52:51
WAVES,2019-12-06,27.5,27.79,27.1,27.34,207000,psxdata,2026-05-11T12:52:51
WAVES,2019-12-09,27.78,28.0,26.4,26.53,291000,psxdata,2026-05-11T12:52:51
WAVES,2019-12-10,27.32,27.32,26.3,26.41,159000,psxdata,2026-05-11T12:52:51
WAVES,2019-12-11,26.45,27.0,26.0,26.03,461500,psxdata,2026-05-11T12:52:51
WAVES,2019-12-12,25.8,26.01,25.3,25.5,302000,psxdata,2026-05-11T12:52:51
WAVES,2019-12-13,25.51,26.0,25.41,25.77,153000,psxdata,2026-05-11T12:52:51
WAVES,2019-12-16,25.97,26.5,25.9,26.32,457000,psxdata,2026-05-11T12:52:51
WAVES,2019-12-17,26.9,27.25,25.5,26.38,950500,psxdata,2026-05-11T12:52:51
WAVES,2019-12-18,26.74,27.0,26.1,26.48,413000,psxdata,2026-05-11T12:52:51
WAVES,2019-12-19,26.78,26.98,25.47,25.84,497000,psxdata,2026-05-11T12:52:51
WAVES,2019-12-20,25.99,26.47,25.5,25.91,64000,psxdata,2026-05-11T12:52:51
WAVES,2019-12-23,25.98,25.98,24.62,24.71,124500,psxdata,2026-05-11T12:52:51
WAVES,2019-12-24,24.51,24.95,23.9,24.5,228500,psxdata,2026-05-11T12:52:51
WAVES,2019-12-26,24.6,25.72,24.56,25.7,472500,psxdata,2026-05-11T12:52:51
WAVES,2019-12-27,25.99,25.99,25.0,25.08,157000,psxdata,2026-05-11T12:52:51
WAVES,2019-12-30,25.38,25.7,24.52,24.74,136500,psxdata,2026-05-11T12:52:51
WAVES,2019-12-31,24.9,25.18,24.61,24.63,86000,psxdata,2026-05-11T12:52:51
WAVES,2020-01-01,24.94,25.84,24.67,25.58,393000,psxdata,2026-05-11T12:52:51
WAVES,2020-01-02,25.9,26.68,25.4,26.5,1212000,psxdata,2026-05-11T12:52:51
WAVES,2020-01-03,26.69,26.7,25.76,25.92,307000,psxdata,2026-05-11T12:52:51
WAVES,2020-01-06,24.65,25.45,24.63,24.63,445500,psxdata,2026-05-11T12:52:51
WAVES,2020-01-07,24.4,25.1,24.4,24.85,53500,psxdata,2026-05-11T12:52:51
WAVES,2020-01-08,24.5,24.59,23.61,23.61,308000,psxdata,2026-05-11T12:52:51
WAVES,2020-01-09,24.4,24.75,24.0,24.74,196500,psxdata,2026-05-11T12:52:51
WAVES,2020-01-10,24.96,25.49,24.62,24.83,417000,psxdata,2026-05-11T12:52:51
WAVES,2020-01-13,24.89,25.4,24.45,24.88,206000,psxdata,2026-05-11T12:52:51
WAVES,2020-01-14,25.0,25.28,24.82,24.91,24000,psxdata,2026-05-11T12:52:51
WAVES,2020-01-15,24.8,24.92,24.5,24.69,27000,psxdata,2026-05-11T12:52:51
WAVES,2020-01-16,24.89,25.6,24.87,25.14,288000,psxdata,2026-05-11T12:52:51
WAVES,2020-01-17,25.1,25.47,24.8,25.1,177500,psxdata,2026-05-11T12:52:51
WAVES,2020-01-20,24.74,24.82,24.52,24.52,20500,psxdata,2026-05-11T12:52:51
WAVES,2020-01-21,24.35,24.65,24.18,24.51,90500,psxdata,2026-05-11T12:52:51
WAVES,2020-01-22,24.99,24.99,24.1,24.29,58000,psxdata,2026-05-11T12:52:51
WAVES,2020-01-23,25.3,25.3,24.01,24.07,53500,psxdata,2026-05-11T12:52:51
WAVES,2020-01-24,23.85,24.5,23.53,24.27,65000,psxdata,2026-05-11T12:52:51
WAVES,2020-01-27,24.2,24.2,23.77,23.94,53000,psxdata,2026-05-11T12:52:51
WAVES,2020-01-28,23.8,24.43,23.7,24.1,82000,psxdata,2026-05-11T12:52:51
WAVES,2020-01-29,24.2,24.5,23.76,24.0,59500,psxdata,2026-05-11T12:52:51
WAVES,2020-01-30,24.0,24.3,23.8,24.11,259000,psxdata,2026-05-11T12:52:51
WAVES,2020-01-31,24.3,24.3,23.7,23.84,494500,psxdata,2026-05-11T12:52:51
WAVES,2020-02-03,23.3,23.9,23.1,23.9,198000,psxdata,2026-05-11T12:52:51
WAVES,2020-02-04,23.16,23.75,23.14,23.43,34000,psxdata,2026-05-11T12:52:51
WAVES,2020-02-06,23.99,24.0,23.36,23.62,37000,psxdata,2026-05-11T12:52:51
WAVES,2020-02-07,23.94,24.27,23.25,23.41,282500,psxdata,2026-05-11T12:52:51
WAVES,2020-02-10,23.05,23.05,22.25,22.27,69000,psxdata,2026-05-11T12:52:51
WAVES,2020-02-11,22.37,22.5,22.0,22.32,31000,psxdata,2026-05-11T12:52:51
WAVES,2020-02-12,22.7,22.96,22.41,22.79,25500,psxdata,2026-05-11T12:52:51
WAVES,2020-02-13,22.99,22.99,22.51,22.54,77500,psxdata,2026-05-11T12:52:51
WAVES,2020-02-14,22.33,22.79,22.0,22.14,19500,psxdata,2026-05-11T12:52:51
WAVES,2020-02-17,22.12,22.2,22.02,22.07,14000,psxdata,2026-05-11T12:52:51
WAVES,2020-02-18,22.59,22.59,22.01,22.29,12500,psxdata,2026-05-11T12:52:51
WAVES,2020-02-19,22.5,22.85,22.25,22.76,36000,psxdata,2026-05-11T12:52:51
WAVES,2020-02-20,22.4,22.83,22.4,22.7,19500,psxdata,2026-05-11T12:52:51
WAVES,2020-02-21,22.77,22.97,22.4,22.47,42000,psxdata,2026-05-11T12:52:51
WAVES,2020-02-24,22.31,22.31,21.5,21.61,19000,psxdata,2026-05-11T12:52:51
WAVES,2020-02-25,21.94,21.94,21.0,21.83,44500,psxdata,2026-05-11T12:52:51
WAVES,2020-02-26,22.1,22.1,20.7,21.2,216000,psxdata,2026-05-11T12:52:51
WAVES,2020-02-27,21.0,22.0,20.5,21.84,299500,psxdata,2026-05-11T12:52:51
WAVES,2020-02-28,21.85,22.99,21.85,21.97,113500,psxdata,2026-05-11T12:52:51
WAVES,2020-03-02,22.26,23.5,22.25,23.34,999500,psxdata,2026-05-11T12:52:51
WAVES,2020-03-03,23.5,23.8,22.56,22.9,128000,psxdata,2026-05-11T12:52:51
WAVES,2020-03-04,22.56,23.5,22.55,22.93,52500,psxdata,2026-05-11T12:52:51
WAVES,2020-03-05,23.46,24.53,23.46,23.63,326000,psxdata,2026-05-11T12:52:51
WAVES,2020-03-06,23.5,23.79,22.9,22.93,52500,psxdata,2026-05-11T12:52:51
WAVES,2020-03-09,22.49,23.9,22.0,23.31,208000,psxdata,2026-05-11T12:52:51
WAVES,2020-03-10,23.5,23.9,22.5,23.6,213500,psxdata,2026-05-11T12:52:51
WAVES,2020-03-11,24.0,24.23,22.8,22.94,177000,psxdata,2026-05-11T12:52:51
WAVES,2020-03-12,22.65,22.65,21.5,21.72,47500,psxdata,2026-05-11T12:52:51
WAVES,2020-03-13,21.0,21.25,20.2,20.97,139500,psxdata,2026-05-11T12:52:51
WAVES,2020-03-16,20.25,20.32,19.4,19.4,189000,psxdata,2026-05-11T12:52:51
WAVES,2020-03-17,19.0,19.73,18.65,18.9,75500,psxdata,2026-05-11T12:52:51
WAVES,2020-03-18,18.1,18.1,17.49,17.49,119500,psxdata,2026-05-11T12:52:51
WAVES,2020-03-19,16.25,17.5,16.18,17.49,193500,psxdata,2026-05-11T12:52:51
WAVES,2020-03-20,17.11,17.48,17.05,17.48,12500,psxdata,2026-05-11T12:52:51
WAVES,2020-03-24,16.17,16.17,16.17,16.17,147000,psxdata,2026-05-11T12:52:51
WAVES,2020-03-25,16.1,16.1,15.21,15.36,64000,psxdata,2026-05-11T12:52:51
WAVES,2020-03-26,15.5,15.8,15.0,15.0,87000,psxdata,2026-05-11T12:52:51
WAVES,2020-03-27,15.06,15.9,14.61,15.7,25000,psxdata,2026-05-11T12:52:51
WAVES,2020-03-30,15.0,15.5,14.75,15.28,97500,psxdata,2026-05-11T12:52:51
WAVES,2020-03-31,15.5,16.2,15.4,16.0,44000,psxdata,2026-05-11T12:52:51
WAVES,2020-04-01,16.15,16.4,15.5,15.98,316000,psxdata,2026-05-11T12:52:51
WAVES,2020-04-02,15.62,17.17,15.62,17.06,401000,psxdata,2026-05-11T12:52:51
WAVES,2020-04-03,17.3,17.79,16.99,17.37,174000,psxdata,2026-05-11T12:52:51
WAVES,2020-04-06,17.28,17.3,16.32,16.45,150000,psxdata,2026-05-11T12:52:51
WAVES,2020-04-07,16.35,16.94,16.35,16.92,23500,psxdata,2026-05-11T12:52:51
WAVES,2020-04-08,16.55,16.95,16.25,16.73,53500,psxdata,2026-05-11T12:52:51
WAVES,2020-04-09,16.55,17.49,16.55,16.91,121500,psxdata,2026-05-11T12:52:51
WAVES,2020-04-10,17.18,17.7,16.56,17.47,123000,psxdata,2026-05-11T12:52:51
WAVES,2020-04-13,16.61,17.99,16.5,17.21,199000,psxdata,2026-05-11T12:52:51
WAVES,2020-04-14,17.6,17.6,16.95,17.27,42500,psxdata,2026-05-11T12:52:51
WAVES,2020-04-15,17.68,17.7,17.0,17.11,72500,psxdata,2026-05-11T12:52:51
WAVES,2020-04-16,17.0,17.16,16.73,17.0,15500,psxdata,2026-05-11T12:52:51
WAVES,2020-04-17,18.0,18.27,17.79,18.27,137000,psxdata,2026-05-11T12:52:51
WAVES,2020-04-20,19.32,19.64,18.5,19.64,344500,psxdata,2026-05-11T12:52:51
WAVES,2020-04-21,19.45,20.18,18.25,19.2,262000,psxdata,2026-05-11T12:52:51
WAVES,2020-04-22,19.22,19.88,19.11,19.25,56500,psxdata,2026-05-11T12:52:51
WAVES,2020-04-23,19.5,19.5,18.7,19.17,36500,psxdata,2026-05-11T12:52:51
WAVES,2020-04-24,19.2,19.2,18.83,18.96,7000,psxdata,2026-05-11T12:52:51
WAVES,2020-04-27,18.11,19.0,18.11,18.96,72000,psxdata,2026-05-11T12:52:51
WAVES,2020-04-28,18.06,18.72,18.03,18.67,22500,psxdata,2026-05-11T12:52:51
WAVES,2020-04-29,18.6,18.68,18.51,18.53,10500,psxdata,2026-05-11T12:52:51
WAVES,2020-04-30,18.79,19.8,18.36,19.33,162500,psxdata,2026-05-11T12:52:51
WAVES,2020-05-04,18.8,19.5,18.8,19.47,198000,psxdata,2026-05-11T12:52:51
WAVES,2020-05-05,19.65,20.93,19.01,20.79,758500,psxdata,2026-05-11T12:52:51
WAVES,2020-05-06,20.65,21.0,20.22,20.62,203000,psxdata,2026-05-11T12:52:51
WAVES,2020-05-07,20.59,20.6,19.38,19.52,145000,psxdata,2026-05-11T12:52:51
WAVES,2020-05-08,19.94,19.94,19.45,19.51,31000,psxdata,2026-05-11T12:52:51
WAVES,2020-05-11,19.48,20.48,19.48,20.24,261000,psxdata,2026-05-11T12:52:51
WAVES,2020-05-12,20.45,20.5,20.01,20.18,55000,psxdata,2026-05-11T12:52:51
WAVES,2020-05-13,20.4,20.4,19.26,19.72,52500,psxdata,2026-05-11T12:52:51
WAVES,2020-05-14,20.0,20.0,19.49,19.82,81500,psxdata,2026-05-11T12:52:51
WAVES,2020-05-15,20.0,20.0,19.6,19.72,72000,psxdata,2026-05-11T12:52:51
WAVES,2020-05-18,20.25,20.25,19.33,19.79,55500,psxdata,2026-05-11T12:52:51
WAVES,2020-05-19,19.7,20.45,18.9,19.24,621500,psxdata,2026-05-11T12:52:51
WAVES,2020-05-20,19.25,19.89,19.12,19.65,1118500,psxdata,2026-05-11T12:52:51
WAVES,2020-05-21,19.88,20.25,19.73,19.87,417500,psxdata,2026-05-11T12:52:51
WAVES,2020-05-28,19.98,20.5,19.8,20.08,303500,psxdata,2026-05-11T12:52:51
WAVES,2020-05-29,20.3,20.7,20.15,20.4,273500,psxdata,2026-05-11T12:52:51
WAVES,2020-06-01,20.0,20.65,19.75,19.94,765500,psxdata,2026-05-11T12:52:51
WAVES,2020-06-02,20.01,20.47,19.4,19.7,728500,psxdata,2026-05-11T12:52:51
WAVES,2020-06-03,19.66,19.8,19.41,19.55,145500,psxdata,2026-05-11T12:52:51
WAVES,2020-06-04,19.75,19.75,19.1,19.18,188000,psxdata,2026-05-11T12:52:51
WAVES,2020-06-05,19.1,19.49,19.1,19.19,57000,psxdata,2026-05-11T12:52:51
WAVES,2020-06-08,19.07,19.4,19.07,19.36,73500,psxdata,2026-05-11T12:52:51
WAVES,2020-06-09,19.49,20.7,19.46,20.33,1242500,psxdata,2026-05-11T12:52:51
WAVES,2020-06-10,20.5,20.9,20.3,20.6,679500,psxdata,2026-05-11T12:52:51
WAVES,2020-06-11,20.6,21.65,20.55,21.03,1669500,psxdata,2026-05-11T12:52:51
WAVES,2020-06-12,20.99,21.0,20.6,20.81,485500,psxdata,2026-05-11T12:52:51
WAVES,2020-06-15,20.79,20.85,19.9,20.04,376000,psxdata,2026-05-11T12:52:51
WAVES,2020-06-16,20.05,20.15,19.41,19.56,569000,psxdata,2026-05-11T12:52:51
WAVES,2020-06-17,19.6,21.0,19.54,20.34,2005000,psxdata,2026-05-11T12:52:51
WAVES,2020-06-18,20.6,20.75,19.8,19.95,711000,psxdata,2026-05-11T12:52:51
WAVES,2020-06-19,19.78,20.09,19.4,19.51,215500,psxdata,2026-05-11T12:52:51
WAVES,2020-06-22,19.5,19.6,19.1,19.52,119000,psxdata,2026-05-11T12:52:51
WAVES,2020-06-23,19.75,20.98,19.71,20.98,2656500,psxdata,2026-05-11T12:52:51
WAVES,2020-06-24,21.4,21.74,20.9,21.05,2232000,psxdata,2026-05-11T12:52:51
WAVES,2020-06-25,20.1,21.4,20.1,21.11,497500,psxdata,2026-05-11T12:52:51
WAVES,2020-06-26,21.58,22.0,21.5,21.59,1006500,psxdata,2026-05-11T12:52:51
WAVES,2020-06-29,21.1,21.7,21.0,21.51,149500,psxdata,2026-05-11T12:52:51
WAVES,2020-06-30,21.51,21.51,21.11,21.22,728500,psxdata,2026-05-11T12:52:51
WAVES,2020-07-01,21.1,22.09,21.05,21.96,715000,psxdata,2026-05-11T12:52:51
WAVES,2020-07-02,21.77,22.52,21.77,21.88,665500,psxdata,2026-05-11T12:52:51
WAVES,2020-07-03,22.1,22.1,21.7,21.96,65000,psxdata,2026-05-11T12:52:51
WAVES,2020-07-06,22.1,23.4,22.1,23.06,1580500,psxdata,2026-05-11T12:52:51
WAVES,2020-07-07,23.48,24.6,23.25,23.88,3414000,psxdata,2026-05-11T12:52:51
WAVES,2020-07-08,24.45,24.51,23.5,23.62,1802500,psxdata,2026-05-11T12:52:51
WAVES,2020-07-09,23.9,24.32,23.56,23.97,1146000,psxdata,2026-05-11T12:52:51
WAVES,2020-07-10,23.97,24.4,23.61,23.73,288500,psxdata,2026-05-11T12:52:51
WAVES,2020-07-13,23.4,24.49,23.4,23.86,839000,psxdata,2026-05-11T12:52:51
WAVES,2020-07-14,24.0,25.25,23.75,24.8,4390000,psxdata,2026-05-11T12:52:51
WAVES,2020-07-15,25.4,25.4,24.25,24.49,6035000,psxdata,2026-05-11T12:52:51
WAVES,2020-07-16,24.51,25.25,24.0,24.4,7830000,psxdata,2026-05-11T12:52:51
WAVES,2020-07-17,24.25,26.23,24.21,26.23,4894500,psxdata,2026-05-11T12:52:51
WAVES,2020-07-20,27.55,27.95,26.9,27.08,5790000,psxdata,2026-05-11T12:52:51
WAVES,2020-07-21,27.25,27.25,26.01,26.24,2622000,psxdata,2026-05-11T12:52:51
WAVES,2020-07-22,26.4,26.73,25.35,25.55,2346000,psxdata,2026-05-11T12:52:51
WAVES,2020-07-23,25.79,26.6,25.5,25.56,1501500,psxdata,2026-05-11T12:52:51
WAVES,2020-07-24,25.5,25.7,24.9,25.48,601500,psxdata,2026-05-11T12:52:51
WAVES,2020-07-27,25.7,26.2,25.49,25.58,1008000,psxdata,2026-05-11T12:52:51
WAVES,2020-07-28,25.6,26.88,25.6,26.28,3159000,psxdata,2026-05-11T12:52:51
WAVES,2020-07-29,26.5,27.35,26.2,26.56,2929500,psxdata,2026-05-11T12:52:51
WAVES,2020-07-30,26.55,27.0,26.3,26.83,662000,psxdata,2026-05-11T12:52:51
WAVES,2020-08-03,26.7,27.6,26.65,26.99,3316000,psxdata,2026-05-11T12:52:51
WAVES,2020-08-04,27.35,27.7,26.31,26.51,2278500,psxdata,2026-05-11T12:52:51
WAVES,2020-08-05,26.36,26.75,26.21,26.5,857000,psxdata,2026-05-11T12:52:51
WAVES,2020-08-06,26.8,26.9,25.9,26.09,2220000,psxdata,2026-05-11T12:52:51
WAVES,2020-08-07,26.1,26.9,26.0,26.3,2598500,psxdata,2026-05-11T12:52:51
WAVES,2020-08-10,26.31,27.9,26.21,27.28,5915000,psxdata,2026-05-11T12:52:51
WAVES,2020-08-11,27.89,27.9,26.9,27.14,2250000,psxdata,2026-05-11T12:52:51
WAVES,2020-08-12,27.5,28.1,26.9,27.19,4544000,psxdata,2026-05-11T12:52:51
WAVES,2020-08-13,27.25,28.5,26.3,28.17,6097500,psxdata,2026-05-11T12:52:51
WAVES,2020-08-17,28.5,28.98,27.85,28.07,2829500,psxdata,2026-05-11T12:52:51
WAVES,2020-08-18,28.0,28.35,27.32,27.49,1408000,psxdata,2026-05-11T12:52:51
WAVES,2020-08-19,27.74,27.8,27.0,27.15,1070000,psxdata,2026-05-11T12:52:51
WAVES,2020-08-20,27.02,27.26,26.61,26.82,692500,psxdata,2026-05-11T12:52:51
WAVES,2020-08-21,26.91,27.0,26.0,26.66,1073000,psxdata,2026-05-11T12:52:51
WAVES,2020-08-24,26.4,27.05,26.1,26.95,1126000,psxdata,2026-05-11T12:52:51
WAVES,2020-08-25,27.4,27.8,26.45,26.8,2563500,psxdata,2026-05-11T12:52:51
WAVES,2020-08-26,27.49,27.5,26.8,26.96,1491500,psxdata,2026-05-11T12:52:51
WAVES,2020-08-27,27.24,27.35,26.5,26.77,1297000,psxdata,2026-05-11T12:52:51
WAVES,2020-08-28,26.9,26.98,26.6,26.74,154000,psxdata,2026-05-11T12:52:51
WAVES,2020-08-31,26.99,28.4,26.71,28.11,5945000,psxdata,2026-05-11T12:52:51
WAVES,2020-09-01,28.35,30.21,28.35,29.88,13068000,psxdata,2026-05-11T12:52:51
WAVES,2020-09-02,30.1,30.25,29.12,29.27,2624500,psxdata,2026-05-11T12:52:51
WAVES,2020-09-03,29.2,29.9,28.9,29.5,4912500,psxdata,2026-05-11T12:52:51
WAVES,2020-09-04,29.43,30.4,28.99,30.05,4752500,psxdata,2026-05-11T12:52:51
WAVES,2020-09-07,30.19,30.6,29.61,30.1,4565000,psxdata,2026-05-11T12:52:51
WAVES,2020-09-08,30.15,30.41,29.31,29.58,2824000,psxdata,2026-05-11T12:52:51
WAVES,2020-09-09,29.63,30.0,29.2,29.64,1035000,psxdata,2026-05-11T12:52:51
WAVES,2020-09-10,29.6,30.85,29.51,29.78,4518500,psxdata,2026-05-11T12:52:51
WAVES,2020-09-11,29.7,31.7,29.64,31.17,8802000,psxdata,2026-05-11T12:52:51
WAVES,2020-09-14,31.35,31.78,30.6,31.0,3508500,psxdata,2026-05-11T12:52:51
WAVES,2020-09-15,31.0,31.5,30.7,30.86,2112000,psxdata,2026-05-11T12:52:51
WAVES,2020-09-16,30.55,31.2,29.4,29.61,2961000,psxdata,2026-05-11T12:52:51
WAVES,2020-09-17,29.99,30.4,29.8,30.22,2519000,psxdata,2026-05-11T12:52:51
WAVES,2020-09-18,30.53,30.7,30.0,30.48,2063000,psxdata,2026-05-11T12:52:51
WAVES,2020-09-21,30.35,31.2,30.0,30.65,2068000,psxdata,2026-05-11T12:52:51
WAVES,2020-09-22,30.55,30.8,29.45,29.78,852000,psxdata,2026-05-11T12:52:51
WAVES,2020-09-23,29.9,30.29,29.25,29.39,669500,psxdata,2026-05-11T12:52:51
WAVES,2020-09-24,29.5,29.56,28.41,28.88,1120000,psxdata,2026-05-11T12:52:51
WAVES,2020-09-25,28.91,29.4,28.6,28.94,989500,psxdata,2026-05-11T12:52:51
WAVES,2020-09-28,28.4,29.0,26.77,26.85,1130500,psxdata,2026-05-11T12:52:51
WAVES,2020-09-29,26.9,27.7,26.6,27.55,537000,psxdata,2026-05-11T12:52:51
WAVES,2020-09-30,27.51,27.85,25.7,26.17,631000,psxdata,2026-05-11T12:52:51
WAVES,2020-10-01,26.0,26.5,25.32,26.06,680500,psxdata,2026-05-11T12:52:51
WAVES,2020-10-02,26.4,27.1,25.0,25.08,1327000,psxdata,2026-05-11T12:52:51
WAVES,2020-10-05,25.0,25.0,23.2,23.39,808000,psxdata,2026-05-11T12:52:51
WAVES,2020-10-06,23.85,24.48,23.25,24.32,616500,psxdata,2026-05-11T12:52:51
WAVES,2020-10-07,24.74,26.14,24.55,26.14,1089000,psxdata,2026-05-11T12:52:51
WAVES,2020-10-08,26.49,26.84,26.15,26.52,551500,psxdata,2026-05-11T12:52:51
WAVES,2020-10-09,26.1,28.5,26.1,27.7,1335000,psxdata,2026-05-11T12:52:51
WAVES,2020-10-12,27.85,27.95,26.8,26.98,546500,psxdata,2026-05-11T12:52:51
WAVES,2020-10-13,26.65,27.45,26.65,27.37,184000,psxdata,2026-05-11T12:52:51
WAVES,2020-10-14,27.49,27.7,26.25,27.38,561000,psxdata,2026-05-11T12:52:51
WAVES,2020-10-15,27.6,28.3,27.31,27.52,437000,psxdata,2026-05-11T12:52:51
WAVES,2020-10-16,27.31,28.0,27.05,27.95,343500,psxdata,2026-05-11T12:52:51
WAVES,2020-10-19,28.2,28.8,27.75,27.94,480500,psxdata,2026-05-11T12:52:51
WAVES,2020-10-20,28.1,28.75,28.0,28.42,622500,psxdata,2026-05-11T12:52:51
WAVES,2020-10-21,28.6,28.89,28.2,28.59,621500,psxdata,2026-05-11T12:52:51
WAVES,2020-10-22,28.8,28.8,27.0,27.15,570000,psxdata,2026-05-11T12:52:51
WAVES,2020-10-23,27.3,27.75,27.2,27.57,166000,psxdata,2026-05-11T12:52:51
WAVES,2020-10-26,27.9,28.45,27.58,27.93,688000,psxdata,2026-05-11T12:52:51
WAVES,2020-10-27,27.7,27.89,27.27,27.34,165500,psxdata,2026-05-11T12:52:51
WAVES,2020-10-28,27.12,27.49,25.6,25.74,957500,psxdata,2026-05-11T12:52:51
WAVES,2020-10-29,25.74,25.74,23.81,24.43,1087500,psxdata,2026-05-11T12:52:51
WAVES,2020-11-02,23.1,24.01,22.65,23.13,728500,psxdata,2026-05-11T12:52:51
WAVES,2020-11-03,23.5,24.74,23.5,24.44,326000,psxdata,2026-05-11T12:52:51
WAVES,2020-11-04,24.84,25.3,24.3,24.31,397000,psxdata,2026-05-11T12:52:51
WAVES,2020-11-05,24.5,25.6,24.5,25.44,630000,psxdata,2026-05-11T12:52:51
WAVES,2020-11-06,25.8,25.8,25.05,25.12,164000,psxdata,2026-05-11T12:52:51
WAVES,2020-11-09,25.4,26.4,25.0,26.08,1749500,psxdata,2026-05-11T12:52:51
WAVES,2020-11-10,26.55,26.55,25.5,25.77,839500,psxdata,2026-05-11T12:52:51
WAVES,2020-11-11,26.0,26.0,25.34,25.61,360000,psxdata,2026-05-11T12:52:51
WAVES,2020-11-12,25.5,25.5,25.0,25.1,276000,psxdata,2026-05-11T12:52:51
WAVES,2020-11-13,25.01,25.9,25.0,25.58,335500,psxdata,2026-05-11T12:52:51
WAVES,2020-11-16,25.98,25.98,25.3,25.54,356500,psxdata,2026-05-11T12:52:51
WAVES,2020-11-17,25.75,25.85,25.0,25.63,191000,psxdata,2026-05-11T12:52:51
WAVES,2020-11-18,25.85,25.89,25.4,25.8,100500,psxdata,2026-05-11T12:52:51
WAVES,2020-11-19,25.8,26.39,25.78,25.99,266000,psxdata,2026-05-11T12:52:51
WAVES,2020-11-20,26.2,26.2,25.15,25.46,258500,psxdata,2026-05-11T12:52:51
WAVES,2020-11-23,25.15,25.15,24.0,24.39,129500,psxdata,2026-05-11T12:52:51
WAVES,2020-11-24,24.5,25.35,24.4,24.96,29000,psxdata,2026-05-11T12:52:51
WAVES,2020-11-25,25.4,25.4,24.5,24.82,191500,psxdata,2026-05-11T12:52:51
WAVES,2020-11-26,25.0,25.3,24.83,24.99,351000,psxdata,2026-05-11T12:52:51
WAVES,2020-11-27,25.0,26.4,25.0,25.95,1738000,psxdata,2026-05-11T12:52:51
WAVES,2020-11-30,25.95,26.83,25.81,26.52,572500,psxdata,2026-05-11T12:52:51
WAVES,2020-12-01,26.7,27.45,26.55,27.25,1051500,psxdata,2026-05-11T12:52:51
WAVES,2020-12-02,27.4,27.98,26.75,27.24,691000,psxdata,2026-05-11T12:52:51
WAVES,2020-12-03,27.25,27.39,26.7,26.92,457000,psxdata,2026-05-11T12:52:51
WAVES,2020-12-04,27.0,27.88,26.51,27.61,1055000,psxdata,2026-05-11T12:52:51
WAVES,2020-12-07,27.75,27.99,27.3,27.68,405000,psxdata,2026-05-11T12:52:51
WAVES,2020-12-08,27.95,28.89,27.25,28.09,2340000,psxdata,2026-05-11T12:52:51
WAVES,2020-12-09,28.45,28.85,28.09,28.12,983000,psxdata,2026-05-11T12:52:51
WAVES,2020-12-10,28.49,29.1,28.4,28.88,1664500,psxdata,2026-05-11T12:52:51
WAVES,2020-12-11,28.98,29.49,28.11,28.26,526000,psxdata,2026-05-11T12:52:51
WAVES,2020-12-14,28.51,29.45,28.2,29.13,1209000,psxdata,2026-05-11T12:52:51
WAVES,2020-12-15,29.16,30.1,29.0,29.18,3974500,psxdata,2026-05-11T12:52:51
WAVES,2020-12-16,29.5,30.0,29.0,29.14,2668500,psxdata,2026-05-11T12:52:51
WAVES,2020-12-17,29.35,30.5,29.35,30.21,4421500,psxdata,2026-05-11T12:52:51
WAVES,2020-12-18,30.0,30.59,28.76,29.08,1178500,psxdata,2026-05-11T12:52:51
WAVES,2020-12-21,29.45,29.45,27.5,27.97,1138500,psxdata,2026-05-11T12:52:51
WAVES,2020-12-22,27.86,28.25,26.95,27.24,1043000,psxdata,2026-05-11T12:52:51
WAVES,2020-12-23,27.4,28.4,27.3,27.91,589000,psxdata,2026-05-11T12:52:51
WAVES,2020-12-24,28.05,28.36,27.41,27.87,543000,psxdata,2026-05-11T12:52:51
WAVES,2020-12-28,27.63,28.2,27.63,27.92,474000,psxdata,2026-05-11T12:52:51
WAVES,2020-12-29,28.25,28.59,27.51,27.9,882500,psxdata,2026-05-11T12:52:51
WAVES,2020-12-30,28.0,28.98,27.94,28.51,800000,psxdata,2026-05-11T12:52:51
WAVES,2020-12-31,28.95,29.0,28.03,28.19,1550500,psxdata,2026-05-11T12:52:51
WAVES,2021-01-01,28.2,28.97,27.6,27.81,848500,psxdata,2026-05-11T12:52:51
WAVES,2021-01-04,27.65,28.5,27.18,28.39,1625000,psxdata,2026-05-11T12:52:51
WAVES,2021-01-05,28.3,29.25,28.25,28.78,3087000,psxdata,2026-05-11T12:52:51
WAVES,2021-01-06,29.1,29.47,28.5,29.3,3933500,psxdata,2026-05-11T12:52:51
WAVES,2021-01-07,29.4,29.79,28.7,29.66,3199000,psxdata,2026-05-11T12:52:51
WAVES,2021-01-08,29.0,29.4,28.75,29.06,2366000,psxdata,2026-05-11T12:52:51
WAVES,2021-01-11,29.28,29.29,28.6,28.78,369500,psxdata,2026-05-11T12:52:51
WAVES,2021-01-12,28.71,28.99,28.5,28.81,1402000,psxdata,2026-05-11T12:52:51
WAVES,2021-01-13,30.0,30.0,28.81,29.68,6014500,psxdata,2026-05-11T12:52:51
WAVES,2021-01-14,29.65,29.8,28.75,28.82,1019500,psxdata,2026-05-11T12:52:51
WAVES,2021-01-15,29.09,29.63,28.6,29.42,3654000,psxdata,2026-05-11T12:52:51
WAVES,2021-01-18,29.6,30.5,29.11,30.17,5793000,psxdata,2026-05-11T12:52:51
WAVES,2021-01-19,30.28,30.4,29.6,30.19,4486500,psxdata,2026-05-11T12:52:51
WAVES,2021-01-20,30.29,30.3,29.5,30.04,1494000,psxdata,2026-05-11T12:52:51
WAVES,2021-01-21,30.1,30.1,29.3,29.54,1788000,psxdata,2026-05-11T12:52:51
WAVES,2021-01-22,29.54,30.48,29.0,29.94,2844500,psxdata,2026-05-11T12:52:51
WAVES,2021-01-25,29.79,29.9,28.62,28.84,2870000,psxdata,2026-05-11T12:52:51
WAVES,2021-01-26,28.8,29.0,28.6,28.91,1160500,psxdata,2026-05-11T12:52:51
WAVES,2021-01-27,28.97,29.0,28.45,28.5,1933000,psxdata,2026-05-11T12:52:51
WAVES,2021-01-28,28.61,28.68,27.76,27.89,966500,psxdata,2026-05-11T12:52:51
WAVES,2021-01-29,28.2,28.2,27.75,27.86,1283000,psxdata,2026-05-11T12:52:51
WAVES,2021-02-01,28.0,29.88,27.5,29.54,5554000,psxdata,2026-05-11T12:52:51
WAVES,2021-02-02,29.64,29.8,28.37,28.85,5266000,psxdata,2026-05-11T12:52:51
WAVES,2021-02-03,28.7,28.9,28.15,28.28,2788000,psxdata,2026-05-11T12:52:51
WAVES,2021-02-04,28.5,28.58,27.5,27.6,3176500,psxdata,2026-05-11T12:52:51
WAVES,2021-02-08,27.81,27.88,27.3,27.46,576000,psxdata,2026-05-11T12:52:51
WAVES,2021-02-09,27.5,28.15,27.5,27.71,885000,psxdata,2026-05-11T12:52:51
WAVES,2021-02-10,27.9,27.9,27.32,27.46,1131500,psxdata,2026-05-11T12:52:51
WAVES,2021-02-11,27.4,28.0,26.65,27.62,3219000,psxdata,2026-05-11T12:52:51
WAVES,2021-02-12,27.5,27.5,26.34,26.42,1233500,psxdata,2026-05-11T12:52:51
WAVES,2021-02-15,26.59,26.85,26.5,26.52,278500,psxdata,2026-05-11T12:52:51
WAVES,2021-02-16,26.52,26.99,26.31,26.46,604000,psxdata,2026-05-11T12:52:51
WAVES,2021-02-17,26.6,27.15,25.81,26.02,3737000,psxdata,2026-05-11T12:52:51
WAVES,2021-02-18,26.15,26.5,25.8,25.97,1561500,psxdata,2026-05-11T12:52:51
WAVES,2021-02-19,26.24,26.24,25.65,25.7,605500,psxdata,2026-05-11T12:52:51
WAVES,2021-02-22,25.72,25.95,24.9,25.21,1364500,psxdata,2026-05-11T12:52:51
WAVES,2021-02-23,25.26,25.64,24.9,25.02,1544500,psxdata,2026-05-11T12:52:51
WAVES,2021-02-24,25.29,25.29,24.5,25.0,1788000,psxdata,2026-05-11T12:52:51
WAVES,2021-02-25,25.0,25.4,25.0,25.32,596500,psxdata,2026-05-11T12:52:51
WAVES,2021-02-26,25.32,25.39,24.62,24.77,514000,psxdata,2026-05-11T12:52:51
WAVES,2021-03-01,24.78,24.85,24.0,24.08,478000,psxdata,2026-05-11T12:52:51
WAVES,2021-03-02,24.05,24.89,24.0,24.59,433000,psxdata,2026-05-11T12:52:51
WAVES,2021-03-03,24.75,25.97,24.75,25.68,1407500,psxdata,2026-05-11T12:52:51
WAVES,2021-03-04,24.9,25.4,24.45,24.58,871000,psxdata,2026-05-11T12:52:51
WAVES,2021-03-05,24.8,24.8,24.23,24.66,566000,psxdata,2026-05-11T12:52:51
WAVES,2021-03-08,25.0,25.24,24.0,24.22,907000,psxdata,2026-05-11T12:52:51
WAVES,2021-03-09,24.1,24.34,22.41,22.73,788500,psxdata,2026-05-11T12:52:51
WAVES,2021-03-10,22.83,23.25,21.99,22.06,455000,psxdata,2026-05-11T12:52:51
WAVES,2021-03-11,22.01,22.45,20.55,20.82,790500,psxdata,2026-05-11T12:52:51
WAVES,2021-03-12,21.15,21.89,19.8,21.38,2655000,psxdata,2026-05-11T12:52:51
WAVES,2021-03-15,21.65,22.98,21.65,22.82,1329500,psxdata,2026-05-11T12:52:51
WAVES,2021-03-16,23.35,23.49,22.4,22.48,719000,psxdata,2026-05-11T12:52:51
WAVES,2021-03-17,22.88,23.3,22.64,22.96,910000,psxdata,2026-05-11T12:52:51
WAVES,2021-03-18,23.0,23.07,21.7,22.03,578500,psxdata,2026-05-11T12:52:51
WAVES,2021-03-19,22.35,23.1,21.0,22.33,1571000,psxdata,2026-05-11T12:52:51
WAVES,2021-03-22,22.75,23.74,22.51,23.45,2199500,psxdata,2026-05-11T12:52:51
WAVES,2021-03-24,23.68,23.7,23.01,23.18,449000,psxdata,2026-05-11T12:52:51
WAVES,2021-03-25,23.25,24.0,23.18,23.68,2379000,psxdata,2026-05-11T12:52:51
WAVES,2021-03-26,23.79,23.79,23.3,23.39,276000,psxdata,2026-05-11T12:52:51
WAVES,2021-03-29,23.66,23.66,21.64,21.78,1978000,psxdata,2026-05-11T12:52:51
WAVES,2021-03-30,22.0,22.7,21.52,22.45,1485000,psxdata,2026-05-11T12:52:51
WAVES,2021-03-31,22.55,23.0,22.2,22.36,560000,psxdata,2026-05-11T12:52:51
WAVES,2021-04-01,22.69,22.78,21.9,22.0,245500,psxdata,2026-05-11T12:52:51
WAVES,2021-04-02,22.05,22.35,21.65,21.75,370000,psxdata,2026-05-11T12:52:51
WAVES,2021-04-05,21.75,22.0,20.12,20.22,1371000,psxdata,2026-05-11T12:52:51
WAVES,2021-04-06,20.5,20.8,20.2,20.65,1034000,psxdata,2026-05-11T12:52:51
WAVES,2021-04-07,20.6,21.75,20.4,21.49,1654000,psxdata,2026-05-11T12:52:51
WAVES,2021-04-08,21.7,23.1,21.26,23.1,1946500,psxdata,2026-05-11T12:52:51
WAVES,2021-04-09,23.75,24.83,23.4,24.83,3478500,psxdata,2026-05-11T12:52:51
WAVES,2021-04-12,25.01,25.25,24.3,24.99,3474000,psxdata,2026-05-11T12:52:51
WAVES,2021-04-13,24.88,24.88,23.95,24.06,2779500,psxdata,2026-05-11T12:52:51
WAVES,2021-04-14,24.02,24.17,23.12,23.59,1950500,psxdata,2026-05-11T12:52:51
WAVES,2021-04-15,21.15,21.68,20.73,21.13,1331000,psxdata,2026-05-11T12:52:51
WAVES,2021-04-16,21.1,21.5,21.05,21.12,388500,psxdata,2026-05-11T12:52:51
WAVES,2021-04-19,20.85,20.95,20.4,20.52,563000,psxdata,2026-05-11T12:52:51
WAVES,2021-04-20,20.65,20.9,19.95,20.2,2218000,psxdata,2026-05-11T12:52:51
WAVES,2021-04-21,20.39,20.4,20.1,20.28,351000,psxdata,2026-05-11T12:52:51
WAVES,2021-04-22,20.3,20.3,20.0,20.11,322500,psxdata,2026-05-11T12:52:51
WAVES,2021-04-23,20.0,20.11,19.7,19.92,194000,psxdata,2026-05-11T12:52:51
WAVES,2021-04-26,19.92,20.18,19.41,19.87,426500,psxdata,2026-05-11T12:52:51
WAVES,2021-04-27,19.8,20.1,19.01,19.8,445000,psxdata,2026-05-11T12:52:51
WAVES,2021-04-28,19.99,21.25,19.9,21.02,2278500,psxdata,2026-05-11T12:52:51
WAVES,2021-04-29,21.5,21.59,21.1,21.25,1463500,psxdata,2026-05-11T12:52:51
WAVES,2021-04-30,21.5,21.5,20.15,20.36,1282500,psxdata,2026-05-11T12:52:51
WAVES,2021-05-03,20.26,20.26,19.03,19.52,632000,psxdata,2026-05-11T12:52:51
WAVES,2021-05-04,19.72,20.2,19.52,19.98,1184500,psxdata,2026-05-11T12:52:51
WAVES,2021-05-05,20.15,20.6,19.45,20.07,1938000,psxdata,2026-05-11T12:52:51
WAVES,2021-05-06,19.62,20.45,19.62,20.05,1328000,psxdata,2026-05-11T12:52:51
WAVES,2021-05-17,20.39,20.39,19.57,19.7,1381500,psxdata,2026-05-11T12:52:51
WAVES,2021-05-18,19.89,20.11,19.65,19.86,1686000,psxdata,2026-05-11T12:52:51
WAVES,2021-05-19,19.76,19.93,19.63,19.77,942000,psxdata,2026-05-11T12:52:51
WAVES,2021-05-20,19.72,20.89,19.7,20.58,4770500,psxdata,2026-05-11T12:52:51
WAVES,2021-05-21,20.65,20.9,20.15,20.22,2169500,psxdata,2026-05-11T12:52:51
WAVES,2021-05-24,20.32,20.4,20.02,20.11,1762500,psxdata,2026-05-11T12:52:51
WAVES,2021-05-25,20.07,20.52,20.04,20.12,3946500,psxdata,2026-05-11T12:52:51
WAVES,2021-05-26,20.16,20.51,20.05,20.46,4662500,psxdata,2026-05-11T12:52:51
WAVES,2021-05-27,20.6,21.99,20.55,21.99,10362500,psxdata,2026-05-11T12:52:51
WAVES,2021-05-28,22.5,22.92,21.8,22.73,12067000,psxdata,2026-05-11T12:52:51
WAVES,2021-05-31,22.73,24.43,22.73,24.43,9614500,psxdata,2026-05-11T12:52:51
WAVES,2021-06-01,25.2,25.5,23.52,24.06,8927000,psxdata,2026-05-11T12:52:51
WAVES,2021-06-02,22.72,24.64,22.7,23.99,5831500,psxdata,2026-05-11T12:52:51
WAVES,2021-06-03,24.4,24.65,23.91,24.07,3628500,psxdata,2026-05-11T12:52:51
WAVES,2021-06-04,24.25,25.35,23.91,24.91,10253500,psxdata,2026-05-11T12:52:51
WAVES,2021-06-07,25.15,25.7,24.5,24.57,4560000,psxdata,2026-05-11T12:52:51
WAVES,2021-06-08,24.9,24.9,24.0,24.51,4056000,psxdata,2026-05-11T12:52:51
WAVES,2021-06-09,24.59,25.0,24.25,24.66,3961500,psxdata,2026-05-11T12:52:51
WAVES,2021-06-10,24.75,26.48,24.75,26.32,13155000,psxdata,2026-05-11T12:52:51
WAVES,2021-06-11,26.5,27.7,26.5,26.82,11235500,psxdata,2026-05-11T12:52:51
WAVES,2021-06-14,27.2,27.7,26.3,27.17,9438000,psxdata,2026-05-11T12:52:51
WAVES,2021-06-15,26.86,27.5,26.41,26.64,3187500,psxdata,2026-05-11T12:52:51
WAVES,2021-06-16,26.74,27.12,26.0,26.17,3246500,psxdata,2026-05-11T12:52:51
WAVES,2021-06-17,26.17,26.58,25.0,25.25,3845000,psxdata,2026-05-11T12:52:51
WAVES,2021-06-18,25.3,25.75,24.81,25.02,3076500,psxdata,2026-05-11T12:52:51
WAVES,2021-06-21,25.34,25.34,24.52,24.62,1221000,psxdata,2026-05-11T12:52:51
WAVES,2021-06-22,24.6,25.19,24.35,24.68,1998000,psxdata,2026-05-11T12:52:51
WAVES,2021-06-23,25.0,25.94,24.55,25.08,4005500,psxdata,2026-05-11T12:52:51
WAVES,2021-06-24,25.3,25.76,24.7,24.82,6759500,psxdata,2026-05-11T12:52:51
WAVES,2021-06-25,24.9,25.94,24.7,25.76,14121500,psxdata,2026-05-11T12:52:51
WAVES,2021-06-28,25.75,27.65,25.69,26.9,18686000,psxdata,2026-05-11T12:52:51
WAVES,2021-06-29,27.2,27.32,26.35,26.73,10063000,psxdata,2026-05-11T12:52:51
WAVES,2021-06-30,27.1,28.1,26.8,27.26,15314500,psxdata,2026-05-11T12:52:51
WAVES,2021-07-01,27.49,27.79,26.7,26.83,4947000,psxdata,2026-05-11T12:52:51
WAVES,2021-07-02,27.15,27.3,26.42,26.57,3834000,psxdata,2026-05-11T12:52:51
WAVES,2021-07-05,26.74,26.95,25.95,26.05,3413000,psxdata,2026-05-11T12:52:51
WAVES,2021-07-06,26.16,26.39,24.75,25.05,5592500,psxdata,2026-05-11T12:52:51
WAVES,2021-07-07,25.06,25.8,24.8,25.3,4089500,psxdata,2026-05-11T12:52:51
WAVES,2021-07-08,25.32,26.3,25.3,26.06,5978000,psxdata,2026-05-11T12:52:51
WAVES,2021-07-09,26.4,26.7,25.9,26.1,6296500,psxdata,2026-05-11T12:52:51
WAVES,2021-07-12,26.35,26.39,24.87,25.2,3924500,psxdata,2026-05-11T12:52:51
WAVES,2021-07-13,25.2,25.56,24.95,25.07,3018000,psxdata,2026-05-11T12:52:51
WAVES,2021-07-14,25.15,25.4,24.85,24.97,1561000,psxdata,2026-05-11T12:52:51
WAVES,2021-07-15,25.15,26.0,24.9,25.55,4996000,psxdata,2026-05-11T12:52:51
WAVES,2021-07-16,25.45,26.25,25.45,25.81,3156000,psxdata,2026-05-11T12:52:51
WAVES,2021-07-19,26.05,26.57,25.7,26.29,4577500,psxdata,2026-05-11T12:52:51
WAVES,2021-07-23,26.5,26.78,25.45,25.7,2294000,psxdata,2026-05-11T12:52:51
WAVES,2021-07-26,25.8,27.3,25.5,26.3,8393500,psxdata,2026-05-11T12:52:51
WAVES,2021-07-27,26.42,27.0,25.9,26.04,5839500,psxdata,2026-05-11T12:52:51
WAVES,2021-07-28,26.01,26.5,25.0,25.18,2867000,psxdata,2026-05-11T12:52:51
WAVES,2021-07-29,25.21,25.6,24.5,25.04,3292500,psxdata,2026-05-11T12:52:51
WAVES,2021-07-30,25.25,26.0,25.01,25.15,3258000,psxdata,2026-05-11T12:52:51
WAVES,2021-08-02,25.1,25.74,25.1,25.42,1317000,psxdata,2026-05-11T12:52:51
WAVES,2021-08-03,25.51,26.69,25.51,26.49,4126500,psxdata,2026-05-11T12:52:51
WAVES,2021-08-04,26.99,27.51,26.7,27.16,7197000,psxdata,2026-05-11T12:52:51
WAVES,2021-08-05,27.37,27.6,26.3,26.4,7710500,psxdata,2026-05-11T12:52:51
WAVES,2021-08-06,26.3,26.75,26.0,26.18,2631000,psxdata,2026-05-11T12:52:51
WAVES,2021-08-09,26.18,26.37,25.0,25.1,2897500,psxdata,2026-05-11T12:52:51
WAVES,2021-08-10,25.0,25.48,24.8,25.34,1831500,psxdata,2026-05-11T12:52:51
WAVES,2021-08-11,25.7,25.97,25.4,25.55,2480000,psxdata,2026-05-11T12:52:51
WAVES,2021-08-12,25.76,25.89,25.1,25.21,1130500,psxdata,2026-05-11T12:52:51
WAVES,2021-08-13,25.49,25.8,25.12,25.2,1503000,psxdata,2026-05-11T12:52:51
WAVES,2021-08-16,25.2,25.4,24.3,24.92,3032500,psxdata,2026-05-11T12:52:51
WAVES,2021-08-17,25.0,25.95,25.0,25.51,5349000,psxdata,2026-05-11T12:52:51
WAVES,2021-08-20,25.79,26.14,25.25,25.39,6804500,psxdata,2026-05-11T12:52:51
WAVES,2021-08-23,25.65,25.85,25.38,25.52,4515500,psxdata,2026-05-11T12:52:51
WAVES,2021-08-24,25.52,26.14,25.16,25.33,5101000,psxdata,2026-05-11T12:52:51
WAVES,2021-08-25,25.31,25.52,24.8,24.89,2227000,psxdata,2026-05-11T12:52:51
WAVES,2021-08-26,24.87,24.99,24.35,24.41,2036500,psxdata,2026-05-11T12:52:51
WAVES,2021-08-27,24.85,24.85,23.9,24.1,2436500,psxdata,2026-05-11T12:52:51
WAVES,2021-08-30,24.3,25.09,24.04,24.57,3944500,psxdata,2026-05-11T12:52:51
WAVES,2021-08-31,24.79,25.1,24.2,24.71,5807000,psxdata,2026-05-11T12:52:51
WAVES,2021-09-01,25.0,25.24,24.67,24.79,3288000,psxdata,2026-05-11T12:52:51
WAVES,2021-09-02,24.96,24.96,24.28,24.41,1215500,psxdata,2026-05-11T12:52:51
WAVES,2021-09-03,24.41,24.58,23.9,24.03,1987500,psxdata,2026-05-11T12:52:51
WAVES,2021-09-06,24.05,24.3,23.8,23.87,1302000,psxdata,2026-05-11T12:52:51
WAVES,2021-09-07,23.88,23.88,23.0,23.12,1135000,psxdata,2026-05-11T12:52:51
WAVES,2021-09-08,23.02,23.5,22.8,23.0,910500,psxdata,2026-05-11T12:52:51
WAVES,2021-09-09,23.1,23.6,23.06,23.13,1281500,psxdata,2026-05-11T12:52:51
WAVES,2021-09-10,23.3,23.55,23.01,23.12,808500,psxdata,2026-05-11T12:52:51
WAVES,2021-09-13,23.44,23.52,22.8,22.89,2246500,psxdata,2026-05-11T12:52:51
WAVES,2021-09-14,22.8,22.89,21.45,21.86,1718000,psxdata,2026-05-11T12:52:51
WAVES,2021-09-15,22.0,22.0,21.05,21.18,1633000,psxdata,2026-05-11T12:52:51
WAVES,2021-09-16,21.18,22.68,20.5,22.37,3052000,psxdata,2026-05-11T12:52:51
WAVES,2021-09-17,22.5,22.79,21.55,21.67,1143000,psxdata,2026-05-11T12:52:51
WAVES,2021-09-20,21.71,21.71,21.0,21.22,560000,psxdata,2026-05-11T12:52:51
WAVES,2021-09-21,21.23,21.57,20.07,20.4,2245000,psxdata,2026-05-11T12:52:51
WAVES,2021-09-22,20.3,20.65,18.87,19.6,4261000,psxdata,2026-05-11T12:52:51
WAVES,2021-09-23,19.59,19.97,18.13,18.13,8097000,psxdata,2026-05-11T12:52:51
WAVES,2021-09-24,18.15,18.31,17.15,17.77,5368500,psxdata,2026-05-11T12:52:51
WAVES,2021-09-27,17.86,18.71,17.85,18.37,4887000,psxdata,2026-05-11T12:52:51
WAVES,2021-09-28,18.68,19.74,18.55,19.61,7022500,psxdata,2026-05-11T12:52:51
WAVES,2021-09-29,19.8,19.8,18.2,18.47,5776000,psxdata,2026-05-11T12:52:51
WAVES,2021-09-30,18.52,19.1,18.21,18.88,1970500,psxdata,2026-05-11T12:52:51
WAVES,2021-10-01,18.6,19.98,18.6,19.73,5144000,psxdata,2026-05-11T12:52:51
WAVES,2021-10-04,19.7,20.18,19.0,20.06,2983500,psxdata,2026-05-11T12:52:51
WAVES,2021-10-05,20.16,20.65,19.51,19.66,3509000,psxdata,2026-05-11T12:52:51
WAVES,2021-10-06,19.69,19.84,18.8,19.16,1678000,psxdata,2026-05-11T12:52:51
WAVES,2021-10-07,19.3,19.65,19.13,19.23,1577000,psxdata,2026-05-11T12:52:51
WAVES,2021-10-08,19.23,19.3,18.85,18.97,1128500,psxdata,2026-05-11T12:52:51
WAVES,2021-10-11,19.0,19.17,17.6,17.77,2271000,psxdata,2026-05-11T12:52:51
WAVES,2021-10-12,17.55,18.41,17.32,18.02,2212500,psxdata,2026-05-11T12:52:51
WAVES,2021-10-13,18.35,18.39,17.3,17.5,1309500,psxdata,2026-05-11T12:52:51
WAVES,2021-10-14,17.5,18.43,17.31,18.19,3556000,psxdata,2026-05-11T12:52:51
WAVES,2021-10-15,18.25,18.5,17.8,18.33,2060500,psxdata,2026-05-11T12:52:51
WAVES,2021-10-18,18.05,18.09,17.6,17.72,1641500,psxdata,2026-05-11T12:52:51
WAVES,2021-10-20,17.95,18.35,17.72,18.19,1507000,psxdata,2026-05-11T12:52:51
WAVES,2021-10-21,18.4,18.4,17.8,17.83,1265500,psxdata,2026-05-11T12:52:51
WAVES,2021-10-22,17.83,17.9,17.1,17.46,2380000,psxdata,2026-05-11T12:52:51
WAVES,2021-10-25,17.6,17.7,17.2,17.57,463000,psxdata,2026-05-11T12:52:51
WAVES,2021-10-26,17.75,17.86,17.1,17.31,1376500,psxdata,2026-05-11T12:52:51
WAVES,2021-10-27,17.6,18.04,17.6,17.86,1759000,psxdata,2026-05-11T12:52:51
WAVES,2021-10-28,18.0,18.38,17.8,17.99,1718500,psxdata,2026-05-11T12:52:51
WAVES,2021-10-29,18.2,18.2,17.1,17.45,1412500,psxdata,2026-05-11T12:52:51
WAVES,2021-11-01,17.8,18.63,17.45,18.2,6210500,psxdata,2026-05-11T12:52:51
WAVES,2021-11-02,18.2,18.39,17.81,17.9,2995000,psxdata,2026-05-11T12:52:51
WAVES,2021-11-03,17.83,18.2,17.72,17.83,2410000,psxdata,2026-05-11T12:52:51
WAVES,2021-11-04,18.05,19.16,17.8,19.16,14014500,psxdata,2026-05-11T12:52:51
WAVES,2021-11-05,19.36,19.89,19.04,19.12,9114000,psxdata,2026-05-11T12:52:51
WAVES,2021-11-08,18.91,19.8,18.91,19.28,5463500,psxdata,2026-05-11T12:52:51
WAVES,2021-11-09,19.39,19.39,18.12,18.32,6144500,psxdata,2026-05-11T12:52:51
WAVES,2021-11-10,18.59,19.69,18.35,19.69,8390500,psxdata,2026-05-11T12:52:51
WAVES,2021-11-11,19.85,20.51,18.81,19.12,12208500,psxdata,2026-05-11T12:52:51
WAVES,2021-11-12,19.15,19.15,18.31,18.49,3999500,psxdata,2026-05-11T12:52:51
WAVES,2021-11-15,18.45,18.85,18.2,18.3,2173500,psxdata,2026-05-11T12:52:51
WAVES,2021-11-16,18.49,19.67,18.49,19.62,11018000,psxdata,2026-05-11T12:52:51
WAVES,2021-11-17,19.85,20.2,19.05,19.39,9112000,psxdata,2026-05-11T12:52:51
WAVES,2021-11-18,19.4,19.65,18.53,18.89,5418000,psxdata,2026-05-11T12:52:51
WAVES,2021-11-19,18.91,19.56,18.76,19.11,4174500,psxdata,2026-05-11T12:52:51
WAVES,2021-11-22,18.85,19.19,18.72,18.93,2329000,psxdata,2026-05-11T12:52:51
WAVES,2021-11-23,19.0,19.13,17.6,17.86,5824000,psxdata,2026-05-11T12:52:51
WAVES,2021-11-24,17.86,17.87,16.9,17.3,5127000,psxdata,2026-05-11T12:52:51
WAVES,2021-11-25,17.4,17.64,17.32,17.5,1426000,psxdata,2026-05-11T12:52:51
WAVES,2021-11-26,17.5,17.9,17.35,17.54,2091000,psxdata,2026-05-11T12:52:51
WAVES,2021-11-29,17.3,18.23,17.2,17.99,3555500,psxdata,2026-05-11T12:52:51
WAVES,2021-11-30,18.14,18.37,17.6,17.7,2568000,psxdata,2026-05-11T12:52:51
WAVES,2021-12-01,17.7,18.2,17.65,17.88,2001500,psxdata,2026-05-11T12:52:51
WAVES,2021-12-02,17.88,17.88,16.54,16.63,5189500,psxdata,2026-05-11T12:52:51
WAVES,2021-12-03,16.4,16.8,15.65,15.96,3496000,psxdata,2026-05-11T12:52:51
WAVES,2021-12-06,16.0,16.2,15.26,15.51,2671500,psxdata,2026-05-11T12:52:51
WAVES,2021-12-07,15.7,16.34,15.6,16.24,3732500,psxdata,2026-05-11T12:52:51
WAVES,2021-12-08,16.24,16.4,15.69,15.73,2563000,psxdata,2026-05-11T12:52:51
WAVES,2021-12-09,15.75,15.8,15.28,15.32,1472000,psxdata,2026-05-11T12:52:51
WAVES,2021-12-10,15.1,15.3,14.7,14.91,3568500,psxdata,2026-05-11T12:52:51
WAVES,2021-12-13,14.89,14.95,13.87,13.98,3385500,psxdata,2026-05-11T12:52:51
WAVES,2021-12-14,13.75,14.76,13.7,14.52,2477500,psxdata,2026-05-11T12:52:51
WAVES,2021-12-15,14.91,15.6,14.8,15.55,7432000,psxdata,2026-05-11T12:52:51
WAVES,2021-12-16,15.65,15.65,15.07,15.15,2828500,psxdata,2026-05-11T12:52:51
WAVES,2021-12-17,15.02,15.26,14.9,15.02,1292000,psxdata,2026-05-11T12:52:51
WAVES,2021-12-20,15.0,15.55,14.92,15.46,2218000,psxdata,2026-05-11T12:52:51
WAVES,2021-12-21,15.5,15.91,15.5,15.65,2918000,psxdata,2026-05-11T12:52:51
WAVES,2021-12-22,15.79,16.2,15.65,15.86,5297000,psxdata,2026-05-11T12:52:51
WAVES,2021-12-23,15.9,16.3,15.8,16.2,2989500,psxdata,2026-05-11T12:52:51
WAVES,2021-12-24,16.3,16.4,15.65,15.72,2756500,psxdata,2026-05-11T12:52:51
WAVES,2021-12-27,15.8,15.8,15.51,15.63,574500,psxdata,2026-05-11T12:52:51
WAVES,2021-12-28,15.6,15.7,15.43,15.52,1259500,psxdata,2026-05-11T12:52:51
WAVES,2021-12-29,15.5,15.97,15.45,15.9,1982000,psxdata,2026-05-11T12:52:51
WAVES,2021-12-30,15.99,16.01,15.64,15.76,1308000,psxdata,2026-05-11T12:52:51
WAVES,2021-12-31,15.51,15.8,15.43,15.59,2013000,psxdata,2026-05-11T12:52:51
WAVES,2022-01-03,15.7,15.95,15.6,15.73,1232500,psxdata,2026-05-11T12:52:51
WAVES,2022-01-04,15.83,16.09,15.77,15.96,2189500,psxdata,2026-05-11T12:52:51
WAVES,2022-01-05,16.0,16.22,15.85,16.07,2234500,psxdata,2026-05-11T12:52:51
WAVES,2022-01-06,16.07,16.07,15.56,15.62,1627500,psxdata,2026-05-11T12:52:51
WAVES,2022-01-07,15.45,16.15,15.45,15.99,2284000,psxdata,2026-05-11T12:52:51
WAVES,2022-01-10,15.82,16.13,15.82,15.97,1201500,psxdata,2026-05-11T12:52:51
WAVES,2022-01-11,15.92,16.29,15.88,15.99,1945500,psxdata,2026-05-11T12:52:51
WAVES,2022-01-12,16.15,16.3,15.98,16.01,1563500,psxdata,2026-05-11T12:52:51
WAVES,2022-01-13,16.02,16.05,15.75,15.8,733000,psxdata,2026-05-11T12:52:51
WAVES,2022-01-14,15.94,16.05,15.8,15.82,426000,psxdata,2026-05-11T12:52:51
WAVES,2022-01-17,15.81,15.81,15.45,15.54,911500,psxdata,2026-05-11T12:52:51
WAVES,2022-01-18,15.75,15.75,15.48,15.58,452500,psxdata,2026-05-11T12:52:51
WAVES,2022-01-19,15.51,15.7,14.95,15.05,1426500,psxdata,2026-05-11T12:52:51
WAVES,2022-01-20,15.0,15.1,14.45,14.94,868500,psxdata,2026-05-11T12:52:51
WAVES,2022-01-21,15.05,15.3,14.94,15.17,542000,psxdata,2026-05-11T12:52:51
WAVES,2022-01-24,15.14,15.16,14.9,14.98,298500,psxdata,2026-05-11T12:52:51
WAVES,2022-01-25,15.0,16.1,14.93,15.5,20025500,psxdata,2026-05-11T12:52:51
WAVES,2022-01-26,15.69,15.69,15.35,15.53,972000,psxdata,2026-05-11T12:52:51
WAVES,2022-01-27,15.7,15.7,15.36,15.44,776000,psxdata,2026-05-11T12:52:51
WAVES,2022-01-28,15.5,16.18,15.44,15.87,4904000,psxdata,2026-05-11T12:52:51
WAVES,2022-01-31,15.9,17.06,15.9,16.63,17140000,psxdata,2026-05-11T12:52:51
WAVES,2022-02-01,16.64,16.85,16.41,16.55,4096000,psxdata,2026-05-11T12:52:51
WAVES,2022-02-02,16.55,16.9,16.44,16.76,4186500,psxdata,2026-05-11T12:52:51
WAVES,2022-02-03,16.91,17.15,16.23,16.41,3074500,psxdata,2026-05-11T12:52:51
WAVES,2022-02-04,16.4,16.5,16.2,16.27,1842500,psxdata,2026-05-11T12:52:51
WAVES,2022-02-07,16.32,16.32,15.8,15.85,1847000,psxdata,2026-05-11T12:52:51
WAVES,2022-02-08,15.85,15.95,15.6,15.7,717500,psxdata,2026-05-11T12:52:51
WAVES,2022-02-09,15.79,15.9,15.77,15.87,752500,psxdata,2026-05-11T12:52:51
WAVES,2022-02-10,15.9,16.24,15.77,15.85,815500,psxdata,2026-05-11T12:52:51
WAVES,2022-02-11,15.86,15.89,15.65,15.71,593000,psxdata,2026-05-11T12:52:51
WAVES,2022-02-14,15.62,15.78,15.1,15.22,1403500,psxdata,2026-05-11T12:52:51
WAVES,2022-02-15,15.2,15.55,15.0,15.29,2551500,psxdata,2026-05-11T12:52:51
WAVES,2022-02-16,15.29,15.55,15.2,15.27,639000,psxdata,2026-05-11T12:52:51
WAVES,2022-02-17,15.21,15.39,15.14,15.23,490000,psxdata,2026-05-11T12:52:51
WAVES,2022-02-18,15.34,15.47,15.2,15.32,230000,psxdata,2026-05-11T12:52:51
WAVES,2022-02-21,15.32,15.38,15.1,15.19,490500,psxdata,2026-05-11T12:52:51
WAVES,2022-02-22,15.19,15.19,14.43,14.85,1896500,psxdata,2026-05-11T12:52:51
WAVES,2022-02-23,14.99,15.0,14.7,14.93,475500,psxdata,2026-05-11T12:52:51
WAVES,2022-02-24,14.36,14.65,14.0,14.03,2855000,psxdata,2026-05-11T12:52:51
WAVES,2022-02-25,14.38,14.38,13.8,13.92,2248000,psxdata,2026-05-11T12:52:51
WAVES,2022-02-28,13.92,14.64,13.8,14.55,1655500,psxdata,2026-05-11T12:52:51
WAVES,2022-03-01,14.82,14.95,14.55,14.77,918000,psxdata,2026-05-11T12:52:51
WAVES,2022-03-02,14.79,14.79,14.23,14.52,969000,psxdata,2026-05-11T12:52:51
WAVES,2022-03-03,14.49,14.6,14.35,14.4,490000,psxdata,2026-05-11T12:52:51
WAVES,2022-03-04,14.36,14.54,14.26,14.4,372500,psxdata,2026-05-11T12:52:51
WAVES,2022-03-07,14.29,14.29,13.72,13.81,984000,psxdata,2026-05-11T12:52:51
WAVES,2022-03-08,13.81,14.25,13.75,13.82,918000,psxdata,2026-05-11T12:52:51
WAVES,2022-03-09,13.85,13.99,13.74,13.85,318000,psxdata,2026-05-11T12:52:51
WAVES,2022-03-10,14.01,14.52,14.01,14.12,1277000,psxdata,2026-05-11T12:52:51
WAVES,2022-03-11,14.02,14.06,13.8,13.84,401500,psxdata,2026-05-11T12:52:51
WAVES,2022-03-14,13.95,13.96,13.62,13.74,284000,psxdata,2026-05-11T12:52:51
WAVES,2022-03-15,13.99,14.13,13.77,14.08,518500,psxdata,2026-05-11T12:52:51
WAVES,2022-03-16,14.05,14.35,13.85,13.9,1135000,psxdata,2026-05-11T12:52:51
WAVES,2022-03-17,14.1,14.15,13.75,13.77,434000,psxdata,2026-05-11T12:52:51
WAVES,2022-03-18,13.77,13.77,13.01,13.3,754000,psxdata,2026-05-11T12:52:51
WAVES,2022-03-21,13.39,13.39,13.07,13.27,650500,psxdata,2026-05-11T12:52:51
WAVES,2022-03-22,13.27,13.48,13.27,13.36,485000,psxdata,2026-05-11T12:52:51
WAVES,2022-03-24,13.2,13.44,13.1,13.38,541000,psxdata,2026-05-11T12:52:51
WAVES,2022-03-25,13.3,13.69,13.2,13.5,674000,psxdata,2026-05-11T12:52:51
WAVES,2022-03-28,13.75,13.99,13.45,13.88,414500,psxdata,2026-05-11T12:52:51
WAVES,2022-03-29,13.88,14.5,13.88,14.42,1267000,psxdata,2026-05-11T12:52:51
WAVES,2022-03-30,14.3,14.88,14.0,14.22,7888500,psxdata,2026-05-11T12:52:51
WAVES,2022-03-31,14.11,15.28,14.11,14.99,19079500,psxdata,2026-05-11T12:52:51
WAVES,2022-04-01,14.81,15.21,14.41,14.58,5116000,psxdata,2026-05-11T12:52:51
WAVES,2022-04-04,14.0,14.2,13.8,13.87,1001000,psxdata,2026-05-11T12:52:51
WAVES,2022-04-05,13.7,14.06,13.6,13.7,1165500,psxdata,2026-05-11T12:52:51
WAVES,2022-04-06,13.73,14.36,13.7,14.0,2103000,psxdata,2026-05-11T12:52:51
WAVES,2022-04-07,14.14,14.48,14.0,14.08,2233000,psxdata,2026-05-11T12:52:51
WAVES,2022-04-08,14.0,14.4,13.99,14.35,1576500,psxdata,2026-05-11T12:52:51
WAVES,2022-04-11,14.89,15.42,14.71,15.42,4010000,psxdata,2026-05-11T12:52:51
WAVES,2022-04-12,15.47,15.6,14.9,15.43,6066000,psxdata,2026-05-11T12:52:51
WAVES,2022-04-13,15.43,15.49,15.02,15.1,2222000,psxdata,2026-05-11T12:52:51
WAVES,2022-04-14,15.0,15.45,14.9,15.33,941000,psxdata,2026-05-11T12:52:51
WAVES,2022-04-15,15.54,15.85,15.4,15.53,3341000,psxdata,2026-05-11T12:52:51
WAVES,2022-04-18,15.55,16.49,15.53,16.01,6483500,psxdata,2026-05-11T12:52:51
WAVES,2022-04-19,16.25,16.38,15.45,15.56,3276000,psxdata,2026-05-11T12:52:51
WAVES,2022-04-20,15.71,15.71,15.05,15.23,1148000,psxdata,2026-05-11T12:52:51
WAVES,2022-04-21,15.06,15.35,15.0,15.05,863000,psxdata,2026-05-11T12:52:51
WAVES,2022-04-22,15.15,15.85,15.11,15.68,1686500,psxdata,2026-05-11T12:52:51
WAVES,2022-04-25,15.8,16.23,15.3,15.47,2313000,psxdata,2026-05-11T12:52:51
WAVES,2022-04-26,15.4,15.5,15.0,15.07,795500,psxdata,2026-05-11T12:52:51
WAVES,2022-04-27,14.9,15.15,14.75,14.8,1191000,psxdata,2026-05-11T12:52:51
WAVES,2022-04-28,14.7,14.74,13.96,14.42,2349500,psxdata,2026-05-11T12:52:51
WAVES,2022-05-06,14.4,14.6,14.15,14.21,355000,psxdata,2026-05-11T12:52:51
WAVES,2022-05-09,14.05,14.05,13.15,13.22,1972000,psxdata,2026-05-11T12:52:51
WAVES,2022-05-10,13.04,13.45,13.0,13.15,860500,psxdata,2026-05-11T12:52:51
WAVES,2022-05-11,13.3,13.3,12.21,12.48,1512500,psxdata,2026-05-11T12:52:51
WAVES,2022-05-12,12.4,13.29,12.4,12.89,2118500,psxdata,2026-05-11T12:52:51
WAVES,2022-05-13,12.72,13.24,12.72,13.14,543000,psxdata,2026-05-11T12:52:51
WAVES,2022-05-16,13.1,13.1,12.2,12.28,1554000,psxdata,2026-05-11T12:52:51
WAVES,2022-05-17,12.35,12.65,12.22,12.59,695000,psxdata,2026-05-11T12:52:51
WAVES,2022-05-18,12.51,13.31,12.45,13.2,3131500,psxdata,2026-05-11T12:52:51
WAVES,2022-05-19,13.19,13.35,12.95,12.99,1921500,psxdata,2026-05-11T12:52:51
WAVES,2022-05-20,13.26,13.89,12.99,13.49,6949000,psxdata,2026-05-11T12:52:51
WAVES,2022-05-23,13.3,13.3,12.87,13.03,1177500,psxdata,2026-05-11T12:52:51
WAVES,2022-05-24,13.0,13.21,12.8,12.85,1120500,psxdata,2026-05-11T12:52:51
WAVES,2022-05-25,12.85,13.11,12.61,12.94,1254000,psxdata,2026-05-11T12:52:51
WAVES,2022-05-26,12.95,13.58,12.95,13.45,2474500,psxdata,2026-05-11T12:52:51
WAVES,2022-05-27,13.6,14.35,13.4,13.54,6900000,psxdata,2026-05-11T12:52:51
WAVES,2022-05-30,13.7,13.75,13.37,13.4,1089000,psxdata,2026-05-11T12:52:51
WAVES,2022-05-31,13.55,13.91,13.3,13.46,2283500,psxdata,2026-05-11T12:52:51
WAVES,2022-06-01,13.64,13.64,13.25,13.3,389500,psxdata,2026-05-11T12:52:51
WAVES,2022-06-02,13.33,13.49,13.0,13.39,1060500,psxdata,2026-05-11T12:52:51
WAVES,2022-06-03,13.39,13.4,12.65,12.72,1707500,psxdata,2026-05-11T12:52:51
WAVES,2022-06-06,12.9,13.19,12.65,12.93,1613000,psxdata,2026-05-11T12:52:51
WAVES,2022-06-07,12.99,13.1,12.62,12.71,469500,psxdata,2026-05-11T12:52:51
WAVES,2022-06-08,12.71,12.85,12.65,12.75,493000,psxdata,2026-05-11T12:52:51
WAVES,2022-06-09,12.89,13.0,12.68,12.81,577500,psxdata,2026-05-11T12:52:51
WAVES,2022-06-10,12.85,12.9,12.74,12.9,365500,psxdata,2026-05-11T12:52:51
WAVES,2022-06-13,12.89,12.89,12.6,12.73,826500,psxdata,2026-05-11T12:52:51
WAVES,2022-06-14,12.69,12.81,12.61,12.73,215000,psxdata,2026-05-11T12:52:51
WAVES,2022-06-15,12.75,12.83,12.65,12.73,429500,psxdata,2026-05-11T12:52:51
WAVES,2022-06-16,12.8,12.8,12.6,12.69,289000,psxdata,2026-05-11T12:52:51
WAVES,2022-06-17,12.72,13.31,12.7,12.9,1175000,psxdata,2026-05-11T12:52:51
WAVES,2022-06-20,12.86,13.0,12.71,12.91,473500,psxdata,2026-05-11T12:52:51
WAVES,2022-06-21,12.77,13.5,12.77,13.42,1421500,psxdata,2026-05-11T12:52:51
WAVES,2022-06-22,13.46,13.98,13.25,13.46,5668500,psxdata,2026-05-11T12:52:51
WAVES,2022-06-23,13.5,13.75,13.4,13.46,3679000,psxdata,2026-05-11T12:52:51
WAVES,2022-06-24,13.5,13.64,12.46,12.6,4035000,psxdata,2026-05-11T12:52:51
WAVES,2022-06-27,12.69,13.05,12.6,12.92,2676500,psxdata,2026-05-11T12:52:51
WAVES,2022-06-28,12.95,13.0,12.66,12.72,834500,psxdata,2026-05-11T12:52:51
WAVES,2022-06-29,12.75,12.84,12.66,12.7,324000,psxdata,2026-05-11T12:52:51
WAVES,2022-06-30,12.7,12.85,12.62,12.73,322000,psxdata,2026-05-11T12:52:51
WAVES,2022-07-01,12.73,12.93,12.72,12.83,733000,psxdata,2026-05-11T12:52:51
WAVES,2022-07-04,12.73,12.8,12.6,12.69,458500,psxdata,2026-05-11T12:52:51
WAVES,2022-07-05,12.6,12.85,12.57,12.76,658000,psxdata,2026-05-11T12:52:51
WAVES,2022-07-06,12.79,12.8,12.65,12.7,192000,psxdata,2026-05-11T12:52:51
WAVES,2022-07-07,12.65,12.78,12.52,12.6,377000,psxdata,2026-05-11T12:52:51
WAVES,2022-07-13,12.55,12.9,12.55,12.81,279500,psxdata,2026-05-11T12:52:51
WAVES,2022-07-14,12.85,13.14,12.85,12.99,906500,psxdata,2026-05-11T12:52:51
WAVES,2022-07-15,12.85,13.4,12.82,13.02,2534000,psxdata,2026-05-11T12:52:51
WAVES,2022-07-18,13.0,13.0,12.54,12.72,1368500,psxdata,2026-05-11T12:52:51
WAVES,2022-07-19,12.87,12.87,11.85,12.03,1452000,psxdata,2026-05-11T12:52:51
WAVES,2022-07-20,12.07,12.35,12.05,12.14,431000,psxdata,2026-05-11T12:52:51
WAVES,2022-07-21,12.17,12.19,11.45,11.53,630000,psxdata,2026-05-11T12:52:51
WAVES,2022-07-22,11.54,11.94,11.31,11.75,534500,psxdata,2026-05-11T12:52:51
WAVES,2022-07-25,11.62,11.79,11.32,11.63,302000,psxdata,2026-05-11T12:52:51
WAVES,2022-07-26,11.31,11.6,11.3,11.43,943500,psxdata,2026-05-11T12:52:51
WAVES,2022-07-27,11.54,11.68,11.45,11.5,476000,psxdata,2026-05-11T12:52:51
WAVES,2022-07-28,11.59,11.8,11.55,11.58,681000,psxdata,2026-05-11T12:52:51
WAVES,2022-07-29,11.51,11.71,11.31,11.38,809000,psxdata,2026-05-11T12:52:51
WAVES,2022-08-01,11.32,11.5,11.31,11.37,589500,psxdata,2026-05-11T12:52:51
WAVES,2022-08-02,11.32,11.72,11.25,11.62,749000,psxdata,2026-05-11T12:52:51
WAVES,2022-08-03,11.62,12.62,11.55,12.56,4082500,psxdata,2026-05-11T12:52:51
WAVES,2022-08-04,12.56,13.56,12.39,13.56,7650000,psxdata,2026-05-11T12:52:51
WAVES,2022-08-05,14.0,14.57,13.85,14.46,15716500,psxdata,2026-05-11T12:52:51
WAVES,2022-08-10,14.6,14.6,13.8,13.85,9115500,psxdata,2026-05-11T12:52:51
WAVES,2022-08-11,13.84,14.2,13.51,13.59,4647000,psxdata,2026-05-11T12:52:51
WAVES,2022-08-12,13.8,14.0,13.5,13.87,7397000,psxdata,2026-05-11T12:52:51
WAVES,2022-08-15,13.93,14.28,13.93,14.14,5811000,psxdata,2026-05-11T12:52:51
WAVES,2022-08-16,14.11,14.25,13.75,13.83,2805000,psxdata,2026-05-11T12:52:51
WAVES,2022-08-17,13.9,14.2,13.5,14.1,5319000,psxdata,2026-05-11T12:52:51
WAVES,2022-08-18,13.05,13.65,13.05,13.25,10087000,psxdata,2026-05-11T12:52:51
WAVES,2022-08-19,13.25,13.42,13.1,13.19,856000,psxdata,2026-05-11T12:52:51
WAVES,2022-08-22,13.04,13.04,12.7,12.77,1203000,psxdata,2026-05-11T12:52:51
WAVES,2022-08-23,12.97,13.0,12.67,12.75,1455500,psxdata,2026-05-11T12:52:51
WAVES,2022-08-24,12.9,12.94,12.75,12.77,869500,psxdata,2026-05-11T12:52:51
WAVES,2022-08-25,12.8,12.88,12.7,12.83,856000,psxdata,2026-05-11T12:52:51
WAVES,2022-08-26,12.83,12.88,12.5,12.62,1360000,psxdata,2026-05-11T12:52:51
WAVES,2022-08-29,12.61,12.65,12.2,12.47,1602500,psxdata,2026-05-11T12:52:51
WAVES,2022-08-30,12.85,12.97,12.28,12.35,1350000,psxdata,2026-05-11T12:52:51
WAVES,2022-08-31,12.35,12.59,12.2,12.24,884000,psxdata,2026-05-11T12:52:51
WAVES,2022-09-01,12.47,12.5,12.25,12.29,541000,psxdata,2026-05-11T12:52:51
WAVES,2022-09-02,12.35,12.49,12.13,12.38,1779000,psxdata,2026-05-11T12:52:51
WAVES,2022-09-05,12.47,12.47,12.0,12.03,1138500,psxdata,2026-05-11T12:52:51
WAVES,2022-09-06,12.0,12.23,12.0,12.08,704500,psxdata,2026-05-11T12:52:51
WAVES,2022-09-07,12.1,12.5,12.04,12.05,257500,psxdata,2026-05-11T12:52:51
WAVES,2022-09-08,12.07,12.24,11.98,12.02,557000,psxdata,2026-05-11T12:52:51
WAVES,2022-09-09,12.1,12.15,12.0,12.03,358000,psxdata,2026-05-11T12:52:51
WAVES,2022-09-12,12.06,12.08,11.87,11.93,467000,psxdata,2026-05-11T12:52:51
WAVES,2022-09-13,12.05,12.05,11.86,11.9,235000,psxdata,2026-05-11T12:52:51
WAVES,2022-09-14,11.82,11.88,11.75,11.81,869500,psxdata,2026-05-11T12:52:51
WAVES,2022-09-15,11.98,12.0,11.82,11.85,395500,psxdata,2026-05-11T12:52:51
WAVES,2022-09-16,11.94,11.95,11.6,11.63,442000,psxdata,2026-05-11T12:52:51
WAVES,2022-09-19,11.6,11.65,11.43,11.52,816500,psxdata,2026-05-11T12:52:51
WAVES,2022-09-20,11.46,11.55,11.27,11.32,612500,psxdata,2026-05-11T12:52:51
WAVES,2022-09-21,11.19,11.46,11.18,11.23,774500,psxdata,2026-05-11T12:52:51
WAVES,2022-09-22,11.38,11.38,10.95,11.15,483000,psxdata,2026-05-11T12:52:51
WAVES,2022-09-23,11.18,11.27,11.13,11.17,400500,psxdata,2026-05-11T12:52:51
WAVES,2022-09-26,11.28,11.57,11.25,11.53,562000,psxdata,2026-05-11T12:52:51
WAVES,2022-09-27,11.53,11.7,11.43,11.55,363500,psxdata,2026-05-11T12:52:51
WAVES,2022-09-28,11.65,11.75,11.56,11.57,681000,psxdata,2026-05-11T12:52:51
WAVES,2022-09-29,11.6,11.65,11.15,11.27,419500,psxdata,2026-05-11T12:52:51
WAVES,2022-09-30,11.25,12.0,11.15,11.82,1493500,psxdata,2026-05-11T12:52:51
WAVES,2022-10-03,11.87,11.96,11.51,11.54,498000,psxdata,2026-05-11T12:52:51
WAVES,2022-10-04,11.43,11.7,11.4,11.51,680000,psxdata,2026-05-11T12:52:51
WAVES,2022-10-05,11.51,11.6,11.3,11.54,366000,psxdata,2026-05-11T12:52:51
WAVES,2022-10-06,11.66,12.0,11.53,11.7,1610500,psxdata,2026-05-11T12:52:51
WAVES,2022-10-07,11.78,11.79,11.51,11.53,425000,psxdata,2026-05-11T12:52:51
WAVES,2022-10-10,11.7,12.19,11.6,12.03,2934000,psxdata,2026-05-11T12:52:51
WAVES,2022-10-11,12.0,12.28,11.71,11.77,2204000,psxdata,2026-05-11T12:52:51
WAVES,2022-10-12,11.7,11.84,11.51,11.57,984500,psxdata,2026-05-11T12:52:51
WAVES,2022-10-13,11.5,11.65,11.5,11.6,204000,psxdata,2026-05-11T12:52:51
WAVES,2022-10-14,11.52,11.75,11.5,11.53,488000,psxdata,2026-05-11T12:52:51
WAVES,2022-10-17,11.57,11.63,11.31,11.4,351500,psxdata,2026-05-11T12:52:51
WAVES,2022-10-18,11.34,11.55,11.34,11.38,245500,psxdata,2026-05-11T12:52:51
WAVES,2022-10-19,11.38,11.55,11.34,11.5,474000,psxdata,2026-05-11T12:52:51
WAVES,2022-10-20,11.61,11.7,11.5,11.58,240500,psxdata,2026-05-11T12:52:51
WAVES,2022-10-21,11.43,11.65,11.29,11.5,421500,psxdata,2026-05-11T12:52:51
WAVES,2022-10-24,11.69,11.71,11.1,11.44,305500,psxdata,2026-05-11T12:52:51
WAVES,2022-10-25,11.45,11.7,11.35,11.59,498500,psxdata,2026-05-11T12:52:51
WAVES,2022-10-26,11.32,11.33,11.0,11.08,473500,psxdata,2026-05-11T12:52:51
WAVES,2022-10-27,11.02,11.33,10.9,11.02,483500,psxdata,2026-05-11T12:52:51
WAVES,2022-10-28,10.97,11.0,10.06,10.25,1216000,psxdata,2026-05-11T12:52:51
WAVES,2022-10-31,10.35,10.5,10.35,10.42,1235000,psxdata,2026-05-11T12:52:51
WAVES,2022-11-01,10.54,10.85,10.4,10.7,654000,psxdata,2026-05-11T12:52:51
WAVES,2022-11-02,10.6,10.74,10.48,10.51,331000,psxdata,2026-05-11T12:52:51
WAVES,2022-11-03,10.51,10.9,10.39,10.78,2226500,psxdata,2026-05-11T12:52:51
WAVES,2022-11-04,10.5,10.65,10.4,10.48,435500,psxdata,2026-05-11T12:52:51
WAVES,2022-11-07,10.78,10.78,10.5,10.71,638500,psxdata,2026-05-11T12:52:51
WAVES,2022-11-08,10.62,10.89,10.61,10.75,643000,psxdata,2026-05-11T12:52:51
WAVES,2022-11-10,10.8,11.0,10.51,10.92,843500,psxdata,2026-05-11T12:52:51
WAVES,2022-11-11,10.92,10.96,10.72,10.79,622500,psxdata,2026-05-11T12:52:51
WAVES,2022-11-14,10.72,10.9,10.32,10.71,225000,psxdata,2026-05-11T12:52:51
WAVES,2022-11-15,10.74,10.74,10.5,10.62,356500,psxdata,2026-05-11T12:52:51
WAVES,2022-11-16,10.65,10.75,10.55,10.67,269000,psxdata,2026-05-11T12:52:51
WAVES,2022-11-17,10.7,10.7,10.46,10.51,361500,psxdata,2026-05-11T12:52:51
WAVES,2022-11-18,10.46,10.5,10.3,10.36,192000,psxdata,2026-05-11T12:52:51
WAVES,2022-11-21,10.31,10.4,10.2,10.24,447000,psxdata,2026-05-11T12:52:51
WAVES,2022-11-22,10.22,10.7,10.22,10.53,943500,psxdata,2026-05-11T12:52:51
WAVES,2022-11-23,10.53,10.53,10.31,10.4,139500,psxdata,2026-05-11T12:52:51
WAVES,2022-11-24,10.49,10.52,10.37,10.39,142500,psxdata,2026-05-11T12:52:51
WAVES,2022-11-25,10.43,10.49,10.3,10.33,366000,psxdata,2026-05-11T12:52:51
WAVES,2022-11-28,10.11,10.25,9.95,10.01,762500,psxdata,2026-05-11T12:52:51
WAVES,2022-11-29,10.04,10.1,9.95,10.01,174500,psxdata,2026-05-11T12:52:51
WAVES,2022-11-30,10.2,10.25,10.0,10.05,130500,psxdata,2026-05-11T12:52:51
WAVES,2022-12-01,10.1,10.15,9.8,9.9,601000,psxdata,2026-05-11T12:52:51
WAVES,2022-12-02,10.05,10.05,9.73,9.86,736000,psxdata,2026-05-11T12:52:51
WAVES,2022-12-05,9.79,9.93,9.05,9.34,1230000,psxdata,2026-05-11T12:52:51
WAVES,2022-12-06,9.3,9.45,9.0,9.1,481000,psxdata,2026-05-11T12:52:51
WAVES,2022-12-07,9.2,9.6,9.2,9.41,1043000,psxdata,2026-05-11T12:52:51
WAVES,2022-12-08,9.52,9.57,9.1,9.16,592000,psxdata,2026-05-11T12:52:51
WAVES,2022-12-09,9.3,9.43,9.17,9.35,635000,psxdata,2026-05-11T12:52:51
WAVES,2022-12-12,9.45,9.46,9.11,9.21,263500,psxdata,2026-05-11T12:52:51
WAVES,2022-12-13,9.37,9.37,9.08,9.11,308000,psxdata,2026-05-11T12:52:51
WAVES,2022-12-14,9.13,9.23,9.03,9.06,509000,psxdata,2026-05-11T12:52:51
WAVES,2022-12-15,9.1,9.18,8.7,8.8,605500,psxdata,2026-05-11T12:52:51
WAVES,2022-12-16,8.63,8.85,8.6,8.76,192500,psxdata,2026-05-11T12:52:51
WAVES,2022-12-19,8.7,8.7,8.3,8.44,311000,psxdata,2026-05-11T12:52:51
WAVES,2022-12-20,8.33,8.33,7.6,7.9,1118500,psxdata,2026-05-11T12:52:51
WAVES,2022-12-21,7.9,8.0,7.56,7.68,398500,psxdata,2026-05-11T12:52:51
WAVES,2022-12-22,7.88,7.99,7.67,7.71,1544000,psxdata,2026-05-11T12:52:51
WAVES,2022-12-23,7.73,7.81,7.51,7.76,760000,psxdata,2026-05-11T12:52:51
WAVES,2022-12-26,7.84,7.95,7.66,7.72,466500,psxdata,2026-05-11T12:52:51
WAVES,2022-12-27,7.75,7.76,7.57,7.6,202000,psxdata,2026-05-11T12:52:51
WAVES,2022-12-28,7.6,7.61,7.4,7.44,859000,psxdata,2026-05-11T12:52:51
WAVES,2022-12-29,7.31,8.38,7.31,7.64,1545500,psxdata,2026-05-11T12:52:51
WAVES,2022-12-30,7.66,8.64,7.45,8.63,5085500,psxdata,2026-05-11T12:52:51
WAVES,2023-01-02,8.66,8.89,8.33,8.53,2970000,psxdata,2026-05-11T12:52:51
WAVES,2023-01-03,8.53,8.6,8.42,8.5,311500,psxdata,2026-05-11T12:52:51
WAVES,2023-01-04,8.36,8.55,8.36,8.42,144500,psxdata,2026-05-11T12:52:51
WAVES,2023-01-05,8.45,8.49,8.26,8.33,112500,psxdata,2026-05-11T12:52:51
WAVES,2023-01-06,8.39,8.8,8.3,8.73,3443000,psxdata,2026-05-11T12:52:51
WAVES,2023-01-09,8.84,8.85,8.4,8.44,1418000,psxdata,2026-05-11T12:52:51
WAVES,2023-01-10,8.6,8.8,8.6,8.69,424000,psxdata,2026-05-11T12:52:51
WAVES,2023-01-11,8.6,9.4,8.45,8.88,5982500,psxdata,2026-05-11T12:52:51
WAVES,2023-01-12,8.98,9.0,8.48,8.54,1233500,psxdata,2026-05-11T12:52:51
WAVES,2023-01-13,8.5,8.5,8.15,8.18,814000,psxdata,2026-05-11T12:52:51
WAVES,2023-01-16,8.2,8.2,7.7,7.76,724000,psxdata,2026-05-11T12:52:51
WAVES,2023-01-17,7.95,7.95,7.42,7.51,586000,psxdata,2026-05-11T12:52:51
WAVES,2023-01-18,7.41,7.6,7.36,7.55,300000,psxdata,2026-05-11T12:52:51
WAVES,2023-01-19,7.84,7.84,7.45,7.49,676000,psxdata,2026-05-11T12:52:51
WAVES,2023-01-20,7.51,7.59,7.35,7.48,117000,psxdata,2026-05-11T12:52:51
WAVES,2023-01-23,7.36,7.43,7.22,7.32,264500,psxdata,2026-05-11T12:52:51
WAVES,2023-01-24,7.5,7.68,7.05,7.41,630500,psxdata,2026-05-11T12:52:51
WAVES,2023-01-25,7.41,8.24,7.41,7.67,2784500,psxdata,2026-05-11T12:52:51
WAVES,2023-01-26,7.84,7.94,7.71,7.85,663500,psxdata,2026-05-11T12:52:51
WAVES,2023-01-27,7.85,7.85,7.55,7.59,596000,psxdata,2026-05-11T12:52:51
WAVES,2023-01-30,7.59,7.6,7.4,7.43,564500,psxdata,2026-05-11T12:52:51
WAVES,2023-01-31,7.41,7.58,7.4,7.47,620500,psxdata,2026-05-11T12:52:51
WAVES,2023-02-01,7.51,7.67,7.47,7.59,510500,psxdata,2026-05-11T12:52:51
WAVES,2023-02-02,7.47,7.65,7.47,7.59,416500,psxdata,2026-05-11T12:52:51
WAVES,2023-02-03,7.69,7.82,7.6,7.64,528000,psxdata,2026-05-11T12:52:51
WAVES,2023-02-06,7.66,7.75,7.6,7.7,410000,psxdata,2026-05-11T12:52:51
WAVES,2023-02-07,7.7,8.13,7.68,7.83,987000,psxdata,2026-05-11T12:52:51
WAVES,2023-02-08,7.85,7.92,7.71,7.86,357000,psxdata,2026-05-11T12:52:51
WAVES,2023-02-09,7.95,8.36,7.71,8.25,2352000,psxdata,2026-05-11T12:52:51
WAVES,2023-02-10,8.0,8.2,7.9,8.02,705000,psxdata,2026-05-11T12:52:51
WAVES,2023-02-13,8.19,8.35,8.02,8.18,1115500,psxdata,2026-05-11T12:52:51
WAVES,2023-02-14,8.24,8.27,7.9,7.94,540500,psxdata,2026-05-11T12:52:51
WAVES,2023-02-15,7.91,8.04,7.89,7.97,238000,psxdata,2026-05-11T12:52:51
WAVES,2023-02-16,7.91,8.05,7.88,7.94,181000,psxdata,2026-05-11T12:52:51
WAVES,2023-02-17,7.83,7.98,7.74,7.79,293000,psxdata,2026-05-11T12:52:51
WAVES,2023-02-20,7.67,7.74,7.54,7.71,190500,psxdata,2026-05-11T12:52:51
WAVES,2023-02-21,7.7,7.8,7.6,7.69,97500,psxdata,2026-05-11T12:52:51
WAVES,2023-02-22,7.7,7.79,7.3,7.52,688500,psxdata,2026-05-11T12:52:51
WAVES,2023-02-23,7.6,7.6,7.43,7.48,271500,psxdata,2026-05-11T12:52:51
WAVES,2023-02-24,7.35,7.5,7.26,7.4,333000,psxdata,2026-05-11T12:52:51
WAVES,2023-02-27,7.45,7.63,7.42,7.54,1701000,psxdata,2026-05-11T12:52:51
WAVES,2023-02-28,7.52,7.61,7.36,7.42,745500,psxdata,2026-05-11T12:52:51
WAVES,2023-03-01,7.36,7.59,7.32,7.55,272000,psxdata,2026-05-11T12:52:51
WAVES,2023-03-02,7.3,7.72,7.15,7.24,524500,psxdata,2026-05-11T12:52:51
WAVES,2023-03-03,7.19,7.44,7.18,7.36,411500,psxdata,2026-05-11T12:52:51
WAVES,2023-03-06,7.36,7.61,7.36,7.46,1199500,psxdata,2026-05-11T12:52:51
WAVES,2023-03-07,7.5,7.79,7.46,7.51,777500,psxdata,2026-05-11T12:52:51
WAVES,2023-03-08,7.51,7.6,7.29,7.35,691000,psxdata,2026-05-11T12:52:51
WAVES,2023-03-09,7.38,7.65,7.35,7.56,2323500,psxdata,2026-05-11T12:52:51
WAVES,2023-03-10,7.56,7.95,7.56,7.75,1868500,psxdata,2026-05-11T12:52:51
WAVES,2023-03-13,7.76,7.99,7.72,7.83,964000,psxdata,2026-05-11T12:52:51
WAVES,2023-03-14,7.85,8.3,7.85,7.98,2044000,psxdata,2026-05-11T12:52:51
WAVES,2023-03-15,7.98,8.16,7.98,8.02,727500,psxdata,2026-05-11T12:52:51
WAVES,2023-03-16,8.05,8.25,7.91,8.0,2110500,psxdata,2026-05-11T12:52:51
WAVES,2023-03-17,8.0,8.09,7.88,7.96,924500,psxdata,2026-05-11T12:52:51
WAVES,2023-03-20,7.9,8.26,7.9,8.19,1186500,psxdata,2026-05-11T12:52:51
WAVES,2023-03-21,8.25,8.6,8.25,8.38,2026000,psxdata,2026-05-11T12:52:51
WAVES,2023-03-22,8.64,8.64,7.93,8.02,667000,psxdata,2026-05-11T12:52:51
WAVES,2023-03-24,8.02,8.02,7.75,7.78,327500,psxdata,2026-05-11T12:52:51
WAVES,2023-03-27,7.7,7.97,7.65,7.69,697000,psxdata,2026-05-11T12:52:51
WAVES,2023-03-28,7.75,7.78,7.41,7.49,708000,psxdata,2026-05-11T12:52:51
WAVES,2023-03-29,7.54,7.55,7.3,7.33,1157500,psxdata,2026-05-11T12:52:51
WAVES,2023-03-30,7.33,7.45,7.08,7.15,742500,psxdata,2026-05-11T12:52:51
WAVES,2023-03-31,7.24,8.15,7.1,7.87,3480500,psxdata,2026-05-11T12:52:51
WAVES,2023-04-03,7.9,7.9,7.48,7.52,2226000,psxdata,2026-05-11T12:52:51
WAVES,2023-04-04,7.56,7.59,7.41,7.54,972000,psxdata,2026-05-11T12:52:51
WAVES,2023-04-05,7.7,7.7,7.49,7.56,235500,psxdata,2026-05-11T12:52:51
WAVES,2023-04-06,7.56,7.7,7.53,7.65,617000,psxdata,2026-05-11T12:52:51
WAVES,2023-04-07,7.68,7.75,7.42,7.6,380500,psxdata,2026-05-11T12:52:51
WAVES,2023-04-10,7.52,7.62,7.48,7.56,408500,psxdata,2026-05-11T12:52:51
WAVES,2023-04-11,7.5,7.62,7.45,7.52,192000,psxdata,2026-05-11T12:52:51
WAVES,2023-04-12,7.46,7.6,7.45,7.51,154500,psxdata,2026-05-11T12:52:51
WAVES,2023-04-13,7.52,7.6,7.47,7.49,137000,psxdata,2026-05-11T12:52:51
WAVES,2023-04-17,7.59,7.79,7.5,7.51,660500,psxdata,2026-05-11T12:52:51
WAVES,2023-04-18,7.51,7.51,7.46,7.5,57500,psxdata,2026-05-11T12:52:51
WAVES,2023-04-19,7.5,7.58,7.45,7.48,133000,psxdata,2026-05-11T12:52:51
WAVES,2023-04-20,7.62,7.62,7.5,7.55,138500,psxdata,2026-05-11T12:52:51
WAVES,2023-04-26,7.55,7.75,7.46,7.6,561000,psxdata,2026-05-11T12:52:51
WAVES,2023-04-27,7.6,8.0,7.56,7.72,1324000,psxdata,2026-05-11T12:52:51
WAVES,2023-04-28,7.75,7.84,7.62,7.67,465000,psxdata,2026-05-11T12:52:51
WAVES,2023-05-02,7.77,8.12,7.75,8.03,2581500,psxdata,2026-05-11T12:52:51
WAVES,2023-05-03,8.12,8.15,7.85,7.9,1037000,psxdata,2026-05-11T12:52:51
WAVES,2023-05-04,7.9,8.13,7.9,7.96,1297500,psxdata,2026-05-11T12:52:51
WAVES,2023-05-05,7.72,7.91,7.61,7.72,981500,psxdata,2026-05-11T12:52:51
WAVES,2023-05-08,7.78,7.78,7.1,7.29,2975500,psxdata,2026-05-11T12:52:51
WAVES,2023-05-09,7.3,7.43,7.2,7.26,590000,psxdata,2026-05-11T12:52:51
WAVES,2023-05-10,7.26,7.37,7.21,7.24,320000,psxdata,2026-05-11T12:52:51
WAVES,2023-05-11,7.26,7.35,7.21,7.24,176500,psxdata,2026-05-11T12:52:51
WAVES,2023-05-12,7.24,7.38,7.13,7.25,203000,psxdata,2026-05-11T12:52:51
WAVES,2023-05-15,7.13,7.4,7.12,7.2,228000,psxdata,2026-05-11T12:52:51
WAVES,2023-05-16,7.4,7.5,7.25,7.4,876000,psxdata,2026-05-11T12:52:51
WAVES,2023-05-17,7.45,7.48,7.31,7.4,350500,psxdata,2026-05-11T12:52:51
WAVES,2023-05-18,7.4,7.4,7.27,7.3,219500,psxdata,2026-05-11T12:52:51
WAVES,2023-05-19,7.2,7.3,7.06,7.19,610500,psxdata,2026-05-11T12:52:51
WAVES,2023-05-22,7.16,7.25,7.11,7.15,114500,psxdata,2026-05-11T12:52:51
WAVES,2023-05-23,7.2,7.2,7.01,7.15,320500,psxdata,2026-05-11T12:52:51
WAVES,2023-05-24,7.08,7.15,7.0,7.01,667500,psxdata,2026-05-11T12:52:51
WAVES,2023-05-25,7.0,7.18,6.94,7.0,693000,psxdata,2026-05-11T12:52:51
WAVES,2023-05-26,7.0,7.0,6.56,6.66,1677500,psxdata,2026-05-11T12:52:51
WAVES,2023-05-29,6.66,6.9,6.65,6.73,1261000,psxdata,2026-05-11T12:52:51
WAVES,2023-05-30,6.75,6.85,6.75,6.79,210000,psxdata,2026-05-11T12:52:51
WAVES,2023-05-31,6.81,6.81,6.65,6.7,1526000,psxdata,2026-05-11T12:52:51
WAVES,2023-06-01,6.64,6.7,6.53,6.59,578500,psxdata,2026-05-11T12:52:51
WAVES,2023-06-02,6.6,6.64,6.47,6.55,359500,psxdata,2026-05-11T12:52:51
WAVES,2023-06-05,6.68,6.68,6.47,6.49,1074500,psxdata,2026-05-11T12:52:51
WAVES,2023-06-06,6.57,6.72,6.55,6.59,2182000,psxdata,2026-05-11T12:52:51
WAVES,2023-06-07,6.64,6.96,6.59,6.77,2837000,psxdata,2026-05-11T12:52:51
WAVES,2023-06-08,6.85,6.91,6.7,6.7,931000,psxdata,2026-05-11T12:52:51
WAVES,2023-06-09,6.9,6.9,6.6,6.65,578500,psxdata,2026-05-11T12:52:51
WAVES,2023-06-12,6.6,7.18,6.55,6.84,8077500,psxdata,2026-05-11T12:52:51
WAVES,2023-06-13,6.97,7.1,6.63,6.68,3067500,psxdata,2026-05-11T12:52:51
WAVES,2023-06-14,6.85,6.85,6.65,6.69,1308000,psxdata,2026-05-11T12:52:51
WAVES,2023-06-15,6.56,6.72,6.53,6.55,1414000,psxdata,2026-05-11T12:52:51
WAVES,2023-06-16,6.6,6.74,6.52,6.59,5501500,psxdata,2026-05-11T12:52:51
WAVES,2023-06-19,6.62,6.7,6.26,6.33,2238000,psxdata,2026-05-11T12:52:51
WAVES,2023-06-20,6.45,6.48,6.2,6.41,960500,psxdata,2026-05-11T12:52:51
WAVES,2023-06-21,6.46,6.5,6.27,6.29,783500,psxdata,2026-05-11T12:52:51
WAVES,2023-06-22,6.3,6.44,6.16,6.23,499500,psxdata,2026-05-11T12:52:51
WAVES,2023-06-23,6.16,6.25,6.0,6.05,4176500,psxdata,2026-05-11T12:52:51
WAVES,2023-06-26,6.2,6.4,6.16,6.38,795500,psxdata,2026-05-11T12:52:51
WAVES,2023-06-27,6.3,6.49,6.06,6.15,4134500,psxdata,2026-05-11T12:52:51
WAVES,2023-07-03,7.14,7.14,6.6,7.01,4488000,psxdata,2026-05-11T12:52:51
WAVES,2023-07-04,7.0,7.0,6.7,6.73,1163000,psxdata,2026-05-11T12:52:51
WAVES,2023-07-05,6.75,7.1,6.69,6.92,3680000,psxdata,2026-05-11T12:52:51
WAVES,2023-07-06,7.04,7.28,7.0,7.03,3708500,psxdata,2026-05-11T12:52:51
WAVES,2023-07-07,6.97,7.03,6.86,6.99,802000,psxdata,2026-05-11T12:52:51
WAVES,2023-07-10,7.04,7.64,7.04,7.51,9661500,psxdata,2026-05-11T12:52:51
WAVES,2023-07-11,7.5,7.95,7.32,7.51,8271500,psxdata,2026-05-11T12:52:51
WAVES,2023-07-12,7.55,7.65,7.35,7.43,3104500,psxdata,2026-05-11T12:52:51
WAVES,2023-07-13,7.5,7.89,7.39,7.46,4479000,psxdata,2026-05-11T12:52:51
WAVES,2023-07-14,7.57,7.69,7.36,7.42,1814500,psxdata,2026-05-11T12:52:51
WAVES,2023-07-17,7.45,7.54,7.32,7.36,718000,psxdata,2026-05-11T12:52:51
WAVES,2023-07-18,7.23,7.94,7.23,7.82,6022500,psxdata,2026-05-11T12:52:51
WAVES,2023-07-19,7.98,7.98,7.6,7.6,1453000,psxdata,2026-05-11T12:52:51
WAVES,2023-07-20,7.56,7.65,7.5,7.63,326000,psxdata,2026-05-11T12:52:51
WAVES,2023-07-21,7.63,7.9,7.03,7.64,1473000,psxdata,2026-05-11T12:52:51
WAVES,2023-07-24,7.61,7.69,7.51,7.54,367500,psxdata,2026-05-11T12:52:51
WAVES,2023-07-25,7.44,7.85,7.02,7.79,2539000,psxdata,2026-05-11T12:52:51
WAVES,2023-07-26,7.89,7.95,7.7,7.71,664000,psxdata,2026-05-11T12:52:51
WAVES,2023-07-27,7.66,7.78,7.55,7.58,950000,psxdata,2026-05-11T12:52:51
WAVES,2023-07-31,7.69,7.78,7.56,7.6,2001000,psxdata,2026-05-11T12:52:51
WAVES,2023-08-01,7.56,8.05,7.56,7.7,9489500,psxdata,2026-05-11T12:52:51
WAVES,2023-08-02,7.7,7.85,7.62,7.69,4316500,psxdata,2026-05-11T12:52:51
WAVES,2023-08-03,7.7,7.89,7.51,7.64,3319000,psxdata,2026-05-11T12:52:51
WAVES,2023-08-04,7.51,7.65,7.5,7.54,447500,psxdata,2026-05-11T12:52:51
WAVES,2023-08-07,7.52,7.67,7.43,7.5,1196000,psxdata,2026-05-11T12:52:51
WAVES,2023-08-08,7.51,7.58,7.2,7.23,1025500,psxdata,2026-05-11T12:52:51
WAVES,2023-08-09,7.12,7.33,7.06,7.15,1310000,psxdata,2026-05-11T12:52:51
WAVES,2023-08-10,7.17,7.25,7.0,7.03,1304500,psxdata,2026-05-11T12:52:51
WAVES,2023-08-11,7.09,7.19,7.01,7.09,397500,psxdata,2026-05-11T12:52:51
WAVES,2023-08-15,7.23,7.23,7.06,7.1,263500,psxdata,2026-05-11T12:52:51
WAVES,2023-08-16,7.1,7.13,6.96,6.98,959500,psxdata,2026-05-11T12:52:51
WAVES,2023-08-17,7.05,7.05,6.86,6.96,223000,psxdata,2026-05-11T12:52:51
WAVES,2023-08-18,7.0,7.13,6.76,6.81,699500,psxdata,2026-05-11T12:52:51
WAVES,2023-08-21,6.99,6.99,6.5,6.51,1642000,psxdata,2026-05-11T12:52:51
WAVES,2023-08-22,6.48,6.55,6.41,6.43,375500,psxdata,2026-05-11T12:52:51
WAVES,2023-08-23,6.58,6.58,6.4,6.42,318000,psxdata,2026-05-11T12:52:51
WAVES,2023-08-24,6.42,6.54,6.4,6.46,494500,psxdata,2026-05-11T12:52:51
WAVES,2023-08-25,6.42,6.5,6.3,6.31,342500,psxdata,2026-05-11T12:52:51
WAVES,2023-08-28,6.38,6.38,6.25,6.35,720500,psxdata,2026-05-11T12:52:51
WAVES,2023-08-29,6.3,6.44,6.2,6.21,857500,psxdata,2026-05-11T12:52:51
WAVES,2023-08-30,6.22,6.28,6.15,6.17,674500,psxdata,2026-05-11T12:52:51
WAVES,2023-08-31,6.16,6.28,5.9,6.0,940000,psxdata,2026-05-11T12:52:51
WAVES,2023-09-01,6.05,6.12,5.99,6.08,274500,psxdata,2026-05-11T12:52:51
WAVES,2023-09-04,6.19,6.2,6.09,6.1,650000,psxdata,2026-05-11T12:52:51
WAVES,2023-09-05,6.19,6.19,5.96,6.1,698500,psxdata,2026-05-11T12:52:51
WAVES,2023-09-06,6.17,6.23,6.05,6.19,260000,psxdata,2026-05-11T12:52:51
WAVES,2023-09-07,6.2,6.2,6.07,6.08,252500,psxdata,2026-05-11T12:52:51
WAVES,2023-09-08,6.08,6.44,6.05,6.26,969000,psxdata,2026-05-11T12:52:51
WAVES,2023-09-11,6.3,6.3,6.06,6.26,1163500,psxdata,2026-05-11T12:52:51
WAVES,2023-09-12,6.2,6.28,6.12,6.16,792500,psxdata,2026-05-11T12:52:51
WAVES,2023-09-13,6.25,6.25,6.09,6.12,191500,psxdata,2026-05-11T12:52:51
WAVES,2023-09-14,6.07,6.09,6.02,6.05,472000,psxdata,2026-05-11T12:52:51
WAVES,2023-09-15,6.2,6.25,6.0,6.03,1613500,psxdata,2026-05-11T12:52:51
WAVES,2023-09-18,6.05,6.09,6.0,6.06,105500,psxdata,2026-05-11T12:52:51
WAVES,2023-09-19,6.08,6.17,6.04,6.06,696500,psxdata,2026-05-11T12:52:51
WAVES,2023-09-20,6.07,6.19,6.04,6.07,809000,psxdata,2026-05-11T12:52:51
WAVES,2023-09-21,6.04,6.42,6.04,6.31,3412500,psxdata,2026-05-11T12:52:51
WAVES,2023-09-22,6.31,6.47,6.25,6.32,911000,psxdata,2026-05-11T12:52:51
WAVES,2023-09-25,6.39,6.8,6.39,6.67,4921500,psxdata,2026-05-11T12:52:51
WAVES,2023-09-26,6.75,6.75,6.41,6.46,971500,psxdata,2026-05-11T12:52:51
WAVES,2023-09-27,6.5,6.55,6.4,6.44,889500,psxdata,2026-05-11T12:52:51
WAVES,2023-09-28,6.45,6.45,6.31,6.37,833500,psxdata,2026-05-11T12:52:51
WAVES,2023-10-02,6.37,6.42,6.34,6.36,604500,psxdata,2026-05-11T12:52:51
WAVES,2023-10-03,6.4,6.41,6.27,6.34,402500,psxdata,2026-05-11T12:52:51
WAVES,2023-10-04,6.3,6.38,6.3,6.35,1736500,psxdata,2026-05-11T12:52:51
WAVES,2023-10-05,6.4,6.57,6.29,6.51,1434500,psxdata,2026-05-11T12:52:51
WAVES,2023-10-06,6.55,6.63,6.46,6.47,523500,psxdata,2026-05-11T12:52:51
WAVES,2023-10-09,6.39,6.64,6.33,6.59,723000,psxdata,2026-05-11T12:52:51
WAVES,2023-10-10,6.5,7.15,6.5,6.98,5872500,psxdata,2026-05-11T12:52:51
WAVES,2023-10-11,7.14,7.14,6.85,6.92,1851500,psxdata,2026-05-11T12:52:51
WAVES,2023-10-12,6.97,7.0,6.68,6.79,839000,psxdata,2026-05-11T12:52:51
WAVES,2023-10-13,6.92,7.15,6.9,6.96,3266500,psxdata,2026-05-11T12:52:51
WAVES,2023-10-16,7.05,7.31,7.0,7.19,4128000,psxdata,2026-05-11T12:52:51
WAVES,2023-10-17,7.25,7.35,7.03,7.05,1463000,psxdata,2026-05-11T12:52:51
WAVES,2023-10-18,7.0,7.26,7.0,7.17,1508500,psxdata,2026-05-11T12:52:51
WAVES,2023-10-19,7.18,7.25,7.05,7.11,1855500,psxdata,2026-05-11T12:52:51
WAVES,2023-10-20,7.19,7.39,7.1,7.11,1590000,psxdata,2026-05-11T12:52:51
WAVES,2023-10-23,7.24,7.26,7.08,7.1,801000,psxdata,2026-05-11T12:52:51
WAVES,2023-10-24,7.19,7.19,6.91,6.94,522500,psxdata,2026-05-11T12:52:51
WAVES,2023-10-25,6.98,7.1,6.86,6.93,697000,psxdata,2026-05-11T12:52:51
WAVES,2023-10-26,6.99,7.18,6.86,6.9,967000,psxdata,2026-05-11T12:52:51
WAVES,2023-10-27,6.9,7.04,6.65,6.72,530500,psxdata,2026-05-11T12:52:51
WAVES,2023-10-30,6.86,7.21,6.76,6.98,2267500,psxdata,2026-05-11T12:52:51
WAVES,2023-10-31,7.13,7.13,6.95,7.05,1027500,psxdata,2026-05-11T12:52:51
WAVES,2023-11-01,7.1,7.34,7.07,7.15,2481000,psxdata,2026-05-11T12:52:51
WAVES,2023-11-02,7.2,7.45,7.16,7.22,3372000,psxdata,2026-05-11T12:52:51
WAVES,2023-11-03,7.25,7.44,7.25,7.35,2037500,psxdata,2026-05-11T12:52:51
WAVES,2023-11-06,7.33,7.79,7.33,7.57,6831000,psxdata,2026-05-11T12:52:51
WAVES,2023-11-07,7.65,7.75,7.45,7.5,2034500,psxdata,2026-05-11T12:52:51
WAVES,2023-11-08,7.5,7.56,7.35,7.39,938000,psxdata,2026-05-11T12:52:51
WAVES,2023-11-10,7.57,7.7,7.25,7.48,2503000,psxdata,2026-05-11T12:52:51
WAVES,2023-11-13,7.7,7.84,7.45,7.48,2807000,psxdata,2026-05-11T12:52:51
WAVES,2023-11-14,7.4,7.85,7.26,7.69,5716500,psxdata,2026-05-11T12:52:51
WAVES,2023-11-15,7.75,8.29,7.61,8.2,11884000,psxdata,2026-05-11T12:52:51
WAVES,2023-11-16,8.59,8.59,8.2,8.31,6489500,psxdata,2026-05-11T12:52:51
WAVES,2023-11-17,8.31,8.57,8.25,8.38,3368500,psxdata,2026-05-11T12:52:51
WAVES,2023-11-20,8.41,8.95,8.39,8.74,7196500,psxdata,2026-05-11T12:52:51
WAVES,2023-11-21,8.9,9.09,8.56,8.62,6248500,psxdata,2026-05-11T12:52:51
WAVES,2023-11-22,8.66,8.85,8.44,8.51,1556000,psxdata,2026-05-11T12:52:51
WAVES,2023-11-23,8.52,8.83,8.51,8.61,2161500,psxdata,2026-05-11T12:52:51
WAVES,2023-11-24,8.64,8.76,8.35,8.4,2066000,psxdata,2026-05-11T12:52:51
WAVES,2023-11-27,8.4,8.59,8.3,8.54,2540000,psxdata,2026-05-11T12:52:51
WAVES,2023-11-28,8.6,8.78,8.4,8.45,2115000,psxdata,2026-05-11T12:52:51
WAVES,2023-11-29,8.45,8.69,8.27,8.31,2292500,psxdata,2026-05-11T12:52:51
WAVES,2023-11-30,8.32,8.45,8.17,8.2,712500,psxdata,2026-05-11T12:52:51
WAVES,2023-12-01,8.2,8.7,8.15,8.58,4241500,psxdata,2026-05-11T12:52:51
WAVES,2023-12-04,8.62,8.98,8.6,8.74,3769000,psxdata,2026-05-11T12:52:51
WAVES,2023-12-05,8.87,8.87,8.56,8.67,1284500,psxdata,2026-05-11T12:52:51
WAVES,2023-12-06,8.75,8.89,8.64,8.75,2328500,psxdata,2026-05-11T12:52:51
WAVES,2023-12-07,8.85,9.35,8.77,9.01,9242500,psxdata,2026-05-11T12:52:51
WAVES,2023-12-08,9.15,9.25,8.98,9.12,3503500,psxdata,2026-05-11T12:52:51
WAVES,2023-12-11,9.1,9.25,8.95,9.03,3549000,psxdata,2026-05-11T12:52:51
WAVES,2023-12-12,9.06,9.11,8.97,9.01,1884000,psxdata,2026-05-11T12:52:51
WAVES,2023-12-13,9.1,9.4,8.11,8.57,7274000,psxdata,2026-05-11T12:52:51
WAVES,2023-12-14,8.61,9.09,8.21,8.97,4973500,psxdata,2026-05-11T12:52:51
WAVES,2023-12-15,9.01,9.6,9.01,9.34,6264500,psxdata,2026-05-11T12:52:51
WAVES,2023-12-18,9.5,9.9,9.35,9.47,10217000,psxdata,2026-05-11T12:52:51
WAVES,2023-12-19,9.59,9.59,8.52,8.66,6210500,psxdata,2026-05-11T12:52:51
WAVES,2023-12-20,8.73,9.21,8.21,8.51,5175000,psxdata,2026-05-11T12:52:51
WAVES,2023-12-21,8.79,8.9,8.5,8.85,900000,psxdata,2026-05-11T12:52:51
WAVES,2023-12-22,8.92,9.18,8.4,8.55,6173500,psxdata,2026-05-11T12:52:51
WAVES,2023-12-26,8.41,8.5,7.88,7.92,1008500,psxdata,2026-05-11T12:52:51
WAVES,2023-12-27,7.75,8.15,7.7,8.04,1257000,psxdata,2026-05-11T12:52:51
WAVES,2023-12-28,8.1,8.24,7.81,7.88,1849500,psxdata,2026-05-11T12:52:51
WAVES,2023-12-29,8.08,8.08,7.66,7.91,4286500,psxdata,2026-05-11T12:52:51
WAVES,2024-01-01,8.06,8.25,7.99,8.22,3345500,psxdata,2026-05-11T12:52:51
WAVES,2024-01-02,8.2,8.34,8.06,8.1,2157500,psxdata,2026-05-11T12:52:51
WAVES,2024-01-03,8.1,8.19,7.96,7.99,1401500,psxdata,2026-05-11T12:52:51
WAVES,2024-01-04,8.01,8.2,7.95,8.09,795000,psxdata,2026-05-11T12:52:51
WAVES,2024-01-05,8.01,8.21,7.91,8.03,870500,psxdata,2026-05-11T12:52:51
WAVES,2024-01-08,8.14,8.25,8.02,8.09,706000,psxdata,2026-05-11T12:52:51
WAVES,2024-01-09,8.2,8.23,7.96,8.02,911500,psxdata,2026-05-11T12:52:51
WAVES,2024-01-10,8.1,8.12,7.9,7.97,307000,psxdata,2026-05-11T12:52:51
WAVES,2024-01-11,7.98,8.1,7.93,8.0,448500,psxdata,2026-05-11T12:52:51
WAVES,2024-01-12,8.09,8.18,7.82,7.91,1479000,psxdata,2026-05-11T12:52:51
WAVES,2024-01-15,7.95,8.05,7.73,7.77,600500,psxdata,2026-05-11T12:52:51
WAVES,2024-01-16,7.53,7.79,7.5,7.62,626500,psxdata,2026-05-11T12:52:51
WAVES,2024-01-17,7.79,7.86,7.51,7.53,369000,psxdata,2026-05-11T12:52:51
WAVES,2024-01-18,7.54,7.54,7.3,7.39,357000,psxdata,2026-05-11T12:52:51
WAVES,2024-01-19,7.48,7.6,7.32,7.39,357500,psxdata,2026-05-11T12:52:51
WAVES,2024-01-22,7.47,7.5,7.3,7.32,157000,psxdata,2026-05-11T12:52:51
WAVES,2024-01-23,7.4,7.64,7.32,7.52,473000,psxdata,2026-05-11T12:52:51
WAVES,2024-01-24,7.5,7.7,7.48,7.6,895000,psxdata,2026-05-11T12:52:51
WAVES,2024-01-25,7.6,7.74,7.45,7.52,373500,psxdata,2026-05-11T12:52:51
WAVES,2024-01-26,7.55,7.55,7.25,7.3,771500,psxdata,2026-05-11T12:52:51
WAVES,2024-01-29,7.31,7.35,7.12,7.24,168000,psxdata,2026-05-11T12:52:51
WAVES,2024-01-30,7.34,7.36,7.0,7.02,414500,psxdata,2026-05-11T12:52:51
WAVES,2024-01-31,7.05,7.14,6.96,7.06,300000,psxdata,2026-05-11T12:52:51
WAVES,2024-02-01,7.1,7.19,6.94,6.97,270000,psxdata,2026-05-11T12:52:51
WAVES,2024-02-02,7.0,7.14,6.91,7.08,309000,psxdata,2026-05-11T12:52:51
WAVES,2024-02-06,7.18,7.2,6.97,7.13,502500,psxdata,2026-05-11T12:52:51
WAVES,2024-02-07,7.19,7.4,7.02,7.31,566500,psxdata,2026-05-11T12:52:51
WAVES,2024-02-09,7.15,7.3,6.6,7.04,393000,psxdata,2026-05-11T12:52:51
WAVES,2024-02-12,7.2,7.22,6.62,6.79,458000,psxdata,2026-05-11T12:52:51
WAVES,2024-02-13,6.75,6.95,6.5,6.9,2263500,psxdata,2026-05-11T12:52:51
WAVES,2024-02-14,7.1,7.19,6.95,7.04,154000,psxdata,2026-05-11T12:52:51
WAVES,2024-02-15,7.0,7.0,6.85,6.86,272500,psxdata,2026-05-11T12:52:51
WAVES,2024-02-16,6.8,6.99,6.71,6.77,260500,psxdata,2026-05-11T12:52:51
WAVES,2024-02-19,6.76,6.88,6.62,6.74,350000,psxdata,2026-05-11T12:52:51
WAVES,2024-02-20,6.89,7.03,6.76,6.89,185500,psxdata,2026-05-11T12:52:51
WAVES,2024-02-21,6.98,7.03,6.81,6.91,170000,psxdata,2026-05-11T12:52:51
WAVES,2024-02-22,7.09,7.14,6.76,6.88,429000,psxdata,2026-05-11T12:52:51
WAVES,2024-02-23,6.9,7.06,6.85,7.04,1540000,psxdata,2026-05-11T12:52:51
WAVES,2024-02-26,7.0,7.16,6.95,7.02,406500,psxdata,2026-05-11T12:52:51
WAVES,2024-02-27,7.0,7.15,6.96,7.02,310000,psxdata,2026-05-11T12:52:51
WAVES,2024-02-28,7.0,7.08,6.95,6.99,180000,psxdata,2026-05-11T12:52:51
WAVES,2024-02-29,7.1,7.1,6.8,6.86,637500,psxdata,2026-05-11T12:52:51
WAVES,2024-03-01,6.94,6.95,6.81,6.9,277000,psxdata,2026-05-11T12:52:51
WAVES,2024-03-04,7.05,7.65,6.87,7.29,3092500,psxdata,2026-05-11T12:52:51
WAVES,2024-03-05,7.3,7.44,7.15,7.17,334500,psxdata,2026-05-11T12:52:51
WAVES,2024-03-06,7.28,7.33,7.11,7.15,217500,psxdata,2026-05-11T12:52:51
WAVES,2024-03-07,7.21,7.78,7.0,7.65,2694000,psxdata,2026-05-11T12:52:51
WAVES,2024-03-08,7.74,8.1,7.49,7.86,3054500,psxdata,2026-05-11T12:52:51
WAVES,2024-03-11,7.9,8.05,7.62,7.67,889500,psxdata,2026-05-11T12:52:51
WAVES,2024-03-12,7.89,7.89,7.45,7.51,458000,psxdata,2026-05-11T12:52:51
WAVES,2024-03-13,7.41,7.63,7.22,7.32,416500,psxdata,2026-05-11T12:52:51
WAVES,2024-03-14,7.44,8.0,7.44,7.64,635500,psxdata,2026-05-11T12:52:51
WAVES,2024-03-15,7.7,7.77,7.46,7.52,374000,psxdata,2026-05-11T12:52:51
WAVES,2024-03-18,7.45,7.6,7.4,7.42,162000,psxdata,2026-05-11T12:52:51
WAVES,2024-03-19,7.25,7.59,7.2,7.46,1942000,psxdata,2026-05-11T12:52:51
WAVES,2024-03-20,7.5,7.6,7.4,7.49,331000,psxdata,2026-05-11T12:52:51
WAVES,2024-03-21,7.5,7.6,7.34,7.36,288500,psxdata,2026-05-11T12:52:51
WAVES,2024-03-22,7.33,7.36,7.2,7.27,1360500,psxdata,2026-05-11T12:52:51
WAVES,2024-03-25,7.3,7.36,7.24,7.34,137000,psxdata,2026-05-11T12:52:51
WAVES,2024-03-26,7.3,7.4,7.22,7.25,222000,psxdata,2026-05-11T12:52:51
WAVES,2024-03-27,7.36,7.37,7.2,7.23,287500,psxdata,2026-05-11T12:52:51
WAVES,2024-03-28,7.35,7.99,7.25,7.83,5981500,psxdata,2026-05-11T12:52:51
WAVES,2024-03-29,7.9,8.1,7.68,7.87,2864000,psxdata,2026-05-11T12:52:51
WAVES,2024-04-01,7.75,7.96,7.5,7.52,1791000,psxdata,2026-05-11T12:52:51
WAVES,2024-04-02,7.6,7.75,7.45,7.62,393500,psxdata,2026-05-11T12:52:51
WAVES,2024-04-03,7.61,8.17,7.35,7.45,9632000,psxdata,2026-05-11T12:52:51
WAVES,2024-04-04,7.55,7.8,7.4,7.45,1265500,psxdata,2026-05-11T12:52:51
WAVES,2024-04-08,7.51,7.65,7.42,7.51,1115500,psxdata,2026-05-11T12:52:51
WAVES,2024-04-09,7.58,7.65,7.42,7.48,484500,psxdata,2026-05-11T12:52:51
WAVES,2024-04-15,7.45,7.53,7.35,7.4,470500,psxdata,2026-05-11T12:52:51
WAVES,2024-04-16,7.4,7.52,7.36,7.37,925500,psxdata,2026-05-11T12:52:51
WAVES,2024-04-17,7.38,7.44,7.37,7.4,391500,psxdata,2026-05-11T12:52:51
WAVES,2024-04-18,7.42,7.47,7.32,7.36,367000,psxdata,2026-05-11T12:52:51
WAVES,2024-04-19,7.35,7.44,7.28,7.4,541000,psxdata,2026-05-11T12:52:51
WAVES,2024-04-22,7.4,7.68,7.35,7.51,1884500,psxdata,2026-05-11T12:52:51
WAVES,2024-04-23,7.63,7.76,7.48,7.6,1552500,psxdata,2026-05-11T12:52:51
WAVES,2024-04-24,7.7,7.7,7.56,7.6,773500,psxdata,2026-05-11T12:52:51
WAVES,2024-04-25,7.69,7.75,7.5,7.54,954000,psxdata,2026-05-11T12:52:51
WAVES,2024-04-26,7.68,7.73,7.45,7.47,968000,psxdata,2026-05-11T12:52:51
WAVES,2024-04-29,7.57,7.65,7.37,7.44,993500,psxdata,2026-05-11T12:52:51
WAVES,2024-04-30,7.49,7.54,7.3,7.32,1281000,psxdata,2026-05-11T12:52:51
WAVES,2024-05-02,7.32,7.4,7.1,7.32,3628500,psxdata,2026-05-11T12:52:51
WAVES,2024-05-03,7.4,7.6,7.3,7.36,1981500,psxdata,2026-05-11T12:52:51
WAVES,2024-05-06,7.45,7.85,7.42,7.72,2358407,psxdata,2026-05-11T12:52:51
WAVES,2024-05-07,7.8,8.28,7.75,8.06,8537267,psxdata,2026-05-11T12:52:51
WAVES,2024-05-08,8.15,8.2,7.69,7.71,2823702,psxdata,2026-05-11T12:52:51
WAVES,2024-05-09,7.79,8.23,7.71,8.15,3878726,psxdata,2026-05-11T12:52:51
WAVES,2024-05-10,8.05,8.35,8.05,8.09,3735528,psxdata,2026-05-11T12:52:51
WAVES,2024-05-13,8.15,8.31,8.04,8.17,3355525,psxdata,2026-05-11T12:52:51
WAVES,2024-05-14,8.36,8.45,8.01,8.12,2286808,psxdata,2026-05-11T12:52:51
WAVES,2024-05-15,8.2,8.25,7.8,7.83,2107343,psxdata,2026-05-11T12:52:51
WAVES,2024-05-16,7.85,7.89,7.68,7.8,2402661,psxdata,2026-05-11T12:52:51
WAVES,2024-05-17,7.8,7.95,7.69,7.78,4786264,psxdata,2026-05-11T12:52:51
WAVES,2024-05-20,7.85,7.9,7.69,7.7,3830570,psxdata,2026-05-11T12:52:51
WAVES,2024-05-21,7.75,8.19,7.64,7.99,3644106,psxdata,2026-05-11T12:52:51
WAVES,2024-05-22,8.1,8.25,7.91,8.03,3159319,psxdata,2026-05-11T12:52:51
WAVES,2024-05-23,8.1,8.85,8.09,8.26,12534284,psxdata,2026-05-11T12:52:51
WAVES,2024-05-24,8.34,8.49,7.95,7.99,5971632,psxdata,2026-05-11T12:52:51
WAVES,2024-05-27,8.0,8.14,7.81,7.86,1937343,psxdata,2026-05-11T12:52:51
WAVES,2024-05-29,7.82,7.85,7.6,7.63,3565101,psxdata,2026-05-11T12:52:51
WAVES,2024-05-30,7.63,7.74,7.49,7.52,1909272,psxdata,2026-05-11T12:52:51
WAVES,2024-05-31,7.54,7.78,7.49,7.7,3323140,psxdata,2026-05-11T12:52:51
WAVES,2024-06-03,7.79,8.28,7.71,8.13,4475374,psxdata,2026-05-11T12:52:51
WAVES,2024-06-04,8.26,8.45,8.0,8.03,5632915,psxdata,2026-05-11T12:52:51
WAVES,2024-06-05,8.23,8.23,7.75,7.82,5386028,psxdata,2026-05-11T12:52:51
WAVES,2024-06-06,7.67,8.17,7.67,7.8,5180315,psxdata,2026-05-11T12:52:51
WAVES,2024-06-07,7.7,7.94,7.49,7.78,5520727,psxdata,2026-05-11T12:52:51
WAVES,2024-06-10,7.87,7.88,7.62,7.68,762289,psxdata,2026-05-11T12:52:51
WAVES,2024-06-11,7.8,7.8,7.43,7.46,4380328,psxdata,2026-05-11T12:52:51
WAVES,2024-06-12,7.5,7.62,7.39,7.41,872340,psxdata,2026-05-11T12:52:51
WAVES,2024-06-13,7.59,7.74,7.42,7.67,4243540,psxdata,2026-05-11T12:52:51
WAVES,2024-06-14,7.76,7.76,7.41,7.5,1597584,psxdata,2026-05-11T12:52:51
WAVES,2024-06-20,7.5,7.67,7.46,7.51,1640923,psxdata,2026-05-11T12:52:51
WAVES,2024-06-21,7.55,7.62,7.41,7.45,1647634,psxdata,2026-05-11T12:52:51
WAVES,2024-06-24,7.42,7.57,7.3,7.34,580159,psxdata,2026-05-11T12:52:51
WAVES,2024-06-25,7.33,7.41,7.15,7.17,848215,psxdata,2026-05-11T12:52:51
WAVES,2024-06-26,7.21,7.35,7.02,7.07,1553137,psxdata,2026-05-11T12:52:51
WAVES,2024-06-27,7.19,7.19,7.05,7.08,655886,psxdata,2026-05-11T12:52:51
WAVES,2024-06-28,7.01,7.17,7.0,7.02,4953381,psxdata,2026-05-11T12:52:51
WAVES,2024-07-01,7.04,7.12,6.97,7.0,1515223,psxdata,2026-05-11T12:52:51
WAVES,2024-07-02,7.1,7.22,6.96,7.01,1987660,psxdata,2026-05-11T12:52:51
WAVES,2024-07-03,7.01,7.24,7.01,7.09,6850698,psxdata,2026-05-11T12:52:51
WAVES,2024-07-04,7.12,7.42,7.12,7.25,3616648,psxdata,2026-05-11T12:52:51
WAVES,2024-07-05,7.34,7.38,7.18,7.23,1521552,psxdata,2026-05-11T12:52:51
WAVES,2024-07-08,7.2,7.39,7.08,7.11,391279,psxdata,2026-05-11T12:52:51
WAVES,2024-07-09,7.19,7.27,7.09,7.11,853082,psxdata,2026-05-11T12:52:51
WAVES,2024-07-10,7.11,7.19,7.04,7.06,638167,psxdata,2026-05-11T12:52:51
WAVES,2024-07-11,7.09,7.13,6.95,6.98,1604864,psxdata,2026-05-11T12:52:51
WAVES,2024-07-12,7.0,7.06,6.85,6.93,940831,psxdata,2026-05-11T12:52:51
WAVES,2024-07-15,6.98,7.06,6.95,6.97,763076,psxdata,2026-05-11T12:52:51
WAVES,2024-07-18,7.04,7.15,6.97,7.07,1404690,psxdata,2026-05-11T12:52:51
WAVES,2024-07-19,7.09,7.2,6.91,7.13,1967282,psxdata,2026-05-11T12:52:51
WAVES,2024-07-22,7.1,7.14,6.85,6.89,781646,psxdata,2026-05-11T12:52:51
WAVES,2024-07-23,6.9,7.05,6.75,6.81,1378316,psxdata,2026-05-11T12:52:51
WAVES,2024-07-24,6.8,7.05,6.8,6.96,912378,psxdata,2026-05-11T12:52:51
WAVES,2024-07-25,7.01,7.05,6.8,6.82,517755,psxdata,2026-05-11T12:52:51
WAVES,2024-07-26,6.94,6.94,6.6,6.64,1310988,psxdata,2026-05-11T12:52:51
WAVES,2024-07-29,6.84,6.84,6.6,6.73,513628,psxdata,2026-05-11T12:52:51
WAVES,2024-07-30,6.88,6.88,6.66,6.7,7288714,psxdata,2026-05-11T12:52:51
WAVES,2024-07-31,6.89,6.89,6.63,6.69,747313,psxdata,2026-05-11T12:52:51
WAVES,2024-08-01,6.61,6.78,6.4,6.46,1106582,psxdata,2026-05-11T12:52:51
WAVES,2024-08-02,6.51,6.69,6.32,6.61,1478143,psxdata,2026-05-11T12:52:51
WAVES,2024-08-05,6.62,6.8,6.41,6.58,1701692,psxdata,2026-05-11T12:52:51
WAVES,2024-08-06,6.64,6.64,6.5,6.52,744237,psxdata,2026-05-11T12:52:51
WAVES,2024-08-07,6.52,6.64,6.5,6.53,466105,psxdata,2026-05-11T12:52:51
WAVES,2024-08-08,6.62,6.62,6.45,6.48,443581,psxdata,2026-05-11T12:52:51
WAVES,2024-08-09,6.54,6.57,6.45,6.48,453053,psxdata,2026-05-11T12:52:51
WAVES,2024-08-12,6.54,6.6,6.2,6.29,1190485,psxdata,2026-05-11T12:52:51
WAVES,2024-08-13,6.4,6.4,6.16,6.26,394935,psxdata,2026-05-11T12:52:51
WAVES,2024-08-15,6.35,6.49,6.2,6.32,342909,psxdata,2026-05-11T12:52:51
WAVES,2024-08-16,6.4,6.4,6.18,6.23,1095264,psxdata,2026-05-11T12:52:51
WAVES,2024-08-19,6.29,6.35,6.13,6.21,672064,psxdata,2026-05-11T12:52:51
WAVES,2024-08-20,6.16,6.3,6.16,6.23,174948,psxdata,2026-05-11T12:52:51
WAVES,2024-08-21,6.27,6.4,6.2,6.37,480648,psxdata,2026-05-11T12:52:51
WAVES,2024-08-22,6.37,6.93,6.36,6.74,10725079,psxdata,2026-05-11T12:52:51
WAVES,2024-08-23,6.92,6.92,6.51,6.55,935775,psxdata,2026-05-11T12:52:51
WAVES,2024-08-26,6.61,6.77,6.61,6.7,501172,psxdata,2026-05-11T12:52:51
WAVES,2024-08-27,6.75,6.81,6.59,6.64,852650,psxdata,2026-05-11T12:52:51
WAVES,2024-08-28,6.63,6.73,6.6,6.62,134648,psxdata,2026-05-11T12:52:51
WAVES,2024-08-29,6.63,6.72,6.58,6.61,906865,psxdata,2026-05-11T12:52:51
WAVES,2024-08-30,6.59,6.69,6.45,6.5,919165,psxdata,2026-05-11T12:52:51
WAVES,2024-09-02,6.43,6.55,6.4,6.42,641501,psxdata,2026-05-11T12:52:51
WAVES,2024-09-03,6.4,6.48,6.34,6.4,683863,psxdata,2026-05-11T12:52:51
WAVES,2024-09-04,6.5,6.77,6.41,6.68,9419462,psxdata,2026-05-11T12:52:51
WAVES,2024-09-05,6.7,7.02,6.63,6.71,3355354,psxdata,2026-05-11T12:52:51
WAVES,2024-09-06,6.79,7.12,6.67,6.95,4369900,psxdata,2026-05-11T12:52:51
WAVES,2024-09-09,7.1,7.1,6.8,6.83,1297849,psxdata,2026-05-11T12:52:51
WAVES,2024-09-10,6.9,6.9,6.65,6.7,778813,psxdata,2026-05-11T12:52:51
WAVES,2024-09-11,6.8,6.95,6.7,6.88,2126715,psxdata,2026-05-11T12:52:51
WAVES,2024-09-12,6.88,6.92,6.7,6.81,1093426,psxdata,2026-05-11T12:52:51
WAVES,2024-09-13,7.07,7.12,6.72,6.85,1449526,psxdata,2026-05-11T12:52:51
WAVES,2024-09-16,6.85,6.95,6.5,6.56,836507,psxdata,2026-05-11T12:52:51
WAVES,2024-09-18,6.74,6.8,6.5,6.64,897839,psxdata,2026-05-11T12:52:51
WAVES,2024-09-19,6.74,6.74,6.44,6.47,1070095,psxdata,2026-05-11T12:52:51
WAVES,2024-09-20,6.51,6.64,6.37,6.41,151010,psxdata,2026-05-11T12:52:51
WAVES,2024-09-23,6.41,6.45,6.21,6.33,630579,psxdata,2026-05-11T12:52:51
WAVES,2024-09-24,6.28,6.39,6.21,6.24,418895,psxdata,2026-05-11T12:52:51
WAVES,2024-09-25,6.24,6.34,6.17,6.26,758170,psxdata,2026-05-11T12:52:51
WAVES,2024-09-26,6.28,6.3,6.16,6.2,814475,psxdata,2026-05-11T12:52:51
WAVES,2024-09-27,6.44,6.44,6.15,6.2,3395872,psxdata,2026-05-11T12:52:51
WAVES,2024-09-30,6.21,6.34,6.01,6.06,812782,psxdata,2026-05-11T12:52:51
WAVES,2024-10-01,6.2,6.33,6.04,6.27,4572851,psxdata,2026-05-11T12:52:51
WAVES,2024-10-02,6.15,6.37,6.15,6.19,1737605,psxdata,2026-05-11T12:52:51
WAVES,2024-10-03,6.3,6.3,6.2,6.26,2066799,psxdata,2026-05-11T12:52:51
WAVES,2024-10-04,6.31,6.31,6.11,6.21,146633,psxdata,2026-05-11T12:52:51
WAVES,2024-10-07,6.2,6.29,6.15,6.22,207311,psxdata,2026-05-11T12:52:51
WAVES,2024-10-08,6.17,6.3,6.1,6.13,457716,psxdata,2026-05-11T12:52:51
WAVES,2024-10-09,6.15,6.25,6.13,6.19,267593,psxdata,2026-05-11T12:52:51
WAVES,2024-10-10,6.27,6.31,6.16,6.24,605956,psxdata,2026-05-11T12:52:51
WAVES,2024-10-11,6.25,6.28,6.19,6.22,412898,psxdata,2026-05-11T12:52:51
WAVES,2024-10-14,6.3,6.3,6.2,6.2,232825,psxdata,2026-05-11T12:52:51
WAVES,2024-10-15,6.28,6.55,6.2,6.26,1032884,psxdata,2026-05-11T12:52:51
WAVES,2024-10-16,6.23,6.4,6.22,6.27,389097,psxdata,2026-05-11T12:52:51
WAVES,2024-10-17,6.3,6.32,6.18,6.22,874540,psxdata,2026-05-11T12:52:51
WAVES,2024-10-18,6.31,6.31,6.14,6.16,560707,psxdata,2026-05-11T12:52:51
WAVES,2024-10-21,6.26,6.29,6.19,6.24,167554,psxdata,2026-05-11T12:52:51
WAVES,2024-10-22,6.34,6.35,6.24,6.25,234799,psxdata,2026-05-11T12:52:51
WAVES,2024-10-23,6.12,6.36,6.12,6.27,650367,psxdata,2026-05-11T12:52:51
WAVES,2024-10-24,6.34,6.36,6.25,6.31,920993,psxdata,2026-05-11T12:52:51
WAVES,2024-10-25,6.25,6.49,6.25,6.3,1120824,psxdata,2026-05-11T12:52:51
WAVES,2024-10-28,6.26,6.4,6.2,6.29,1154943,psxdata,2026-05-11T12:52:51
WAVES,2024-10-29,6.23,6.39,6.18,6.29,849625,psxdata,2026-05-11T12:52:51
WAVES,2024-10-30,6.55,7.1,6.4,7.01,14939590,psxdata,2026-05-11T12:52:51
WAVES,2024-10-31,7.18,7.2,6.51,6.58,4838811,psxdata,2026-05-11T12:52:51
WAVES,2024-11-01,6.65,6.71,6.3,6.41,1375562,psxdata,2026-05-11T12:52:51
WAVES,2024-11-04,6.65,6.65,6.31,6.54,1941801,psxdata,2026-05-11T12:52:51
WAVES,2024-11-05,6.65,6.79,6.5,6.75,1335816,psxdata,2026-05-11T12:52:51
WAVES,2024-11-06,6.8,6.89,6.65,6.7,3653394,psxdata,2026-05-11T12:52:51
WAVES,2024-11-07,6.79,7.0,6.62,6.76,1783787,psxdata,2026-05-11T12:52:51
WAVES,2024-11-08,6.7,6.9,6.66,6.82,1771564,psxdata,2026-05-11T12:52:51
WAVES,2024-11-11,6.85,7.1,6.74,6.99,2508706,psxdata,2026-05-11T12:52:51
WAVES,2024-11-12,7.03,7.45,7.0,7.29,7605621,psxdata,2026-05-11T12:52:51
WAVES,2024-11-13,7.43,8.01,7.15,7.87,13090763,psxdata,2026-05-11T12:52:51
WAVES,2024-11-14,7.93,8.2,7.85,8.01,7941918,psxdata,2026-05-11T12:52:51
WAVES,2024-11-15,7.99,8.13,7.53,7.71,2869799,psxdata,2026-05-11T12:52:51
WAVES,2024-11-18,7.65,8.29,7.65,8.06,6759055,psxdata,2026-05-11T12:52:51
WAVES,2024-11-19,8.16,8.28,7.92,7.99,2412180,psxdata,2026-05-11T12:52:51
WAVES,2024-11-20,7.95,8.41,7.85,8.01,12571581,psxdata,2026-05-11T12:52:51
WAVES,2024-11-21,8.1,8.4,7.99,8.05,8311097,psxdata,2026-05-11T12:52:51
WAVES,2024-11-22,8.1,8.24,7.3,7.38,5058233,psxdata,2026-05-11T12:52:51
WAVES,2024-11-25,7.31,7.7,7.18,7.57,2042597,psxdata,2026-05-11T12:52:51
WAVES,2024-11-26,7.52,7.56,7.12,7.18,3441957,psxdata,2026-05-11T12:52:51
WAVES,2024-11-27,7.39,7.51,7.26,7.42,6119949,psxdata,2026-05-11T12:52:51
WAVES,2024-11-28,7.48,7.7,7.45,7.57,5690381,psxdata,2026-05-11T12:52:51
WAVES,2024-11-29,7.69,7.95,7.65,7.85,5185992,psxdata,2026-05-11T12:52:51
WAVES,2024-12-02,7.95,8.2,7.89,8.17,6554967,psxdata,2026-05-11T12:52:51
WAVES,2024-12-03,8.2,8.94,8.2,8.83,18919599,psxdata,2026-05-11T12:52:51
WAVES,2024-12-04,9.25,9.27,8.65,8.92,25766514,psxdata,2026-05-11T12:52:51
WAVES,2024-12-05,8.99,9.05,8.6,8.71,4430308,psxdata,2026-05-11T12:52:51
WAVES,2024-12-06,8.72,9.25,8.65,9.11,15320623,psxdata,2026-05-11T12:52:51
WAVES,2024-12-09,9.12,9.38,8.9,9.26,8421650,psxdata,2026-05-11T12:52:51
WAVES,2024-12-10,9.0,9.25,8.51,8.73,6519428,psxdata,2026-05-11T12:52:51
WAVES,2024-12-11,8.7,8.87,8.5,8.79,2896294,psxdata,2026-05-11T12:52:51
WAVES,2024-12-12,8.83,9.05,8.79,8.88,3727741,psxdata,2026-05-11T12:52:51
WAVES,2024-12-13,8.8,8.99,8.5,8.58,3441513,psxdata,2026-05-11T12:52:51
WAVES,2024-12-16,8.58,8.95,8.5,8.57,4482665,psxdata,2026-05-11T12:52:51
WAVES,2024-12-17,8.61,9.28,8.5,9.02,16700660,psxdata,2026-05-11T12:52:51
WAVES,2024-12-18,9.2,9.26,8.67,8.76,6291841,psxdata,2026-05-11T12:52:51
WAVES,2024-12-19,8.72,8.9,7.99,8.19,5228914,psxdata,2026-05-11T12:52:51
WAVES,2024-12-20,8.19,8.4,7.9,8.21,1680006,psxdata,2026-05-11T12:52:51
WAVES,2024-12-23,8.29,8.86,8.21,8.78,7790296,psxdata,2026-05-11T12:52:51
WAVES,2024-12-24,8.9,9.18,8.74,8.87,12783653,psxdata,2026-05-11T12:52:51
WAVES,2024-12-26,8.81,9.15,8.75,8.92,9406198,psxdata,2026-05-11T12:52:51
WAVES,2024-12-27,8.81,9.06,8.7,8.77,6238967,psxdata,2026-05-11T12:52:51
WAVES,2024-12-30,8.9,9.3,8.81,9.23,9656297,psxdata,2026-05-11T12:52:51
WAVES,2024-12-31,9.26,9.4,9.01,9.09,5290374,psxdata,2026-05-11T12:52:51
WAVES,2025-01-01,9.15,9.26,9.01,9.08,5325657,psxdata,2026-05-11T12:52:51
WAVES,2025-01-02,9.09,9.23,8.99,9.02,4038494,psxdata,2026-05-11T12:52:51
WAVES,2025-01-03,9.05,9.1,8.82,8.94,2977638,psxdata,2026-05-11T12:52:51
WAVES,2025-01-06,8.85,9.0,8.65,8.75,1176535,psxdata,2026-05-11T12:52:51
WAVES,2025-01-07,8.57,8.86,8.47,8.65,2211312,psxdata,2026-05-11T12:52:51
WAVES,2025-01-08,8.56,8.82,8.37,8.43,2106991,psxdata,2026-05-11T12:52:51
WAVES,2025-01-09,8.52,8.54,8.03,8.1,1536730,psxdata,2026-05-11T12:52:51
WAVES,2025-01-10,8.36,8.36,7.8,8.04,1450953,psxdata,2026-05-11T12:52:51
WAVES,2025-01-13,8.07,8.2,7.82,8.09,1578543,psxdata,2026-05-11T12:52:51
WAVES,2025-01-14,8.18,8.23,8.0,8.18,703907,psxdata,2026-05-11T12:52:51
WAVES,2025-01-15,8.2,8.3,8.1,8.17,842240,psxdata,2026-05-11T12:52:51
WAVES,2025-01-16,8.24,8.28,8.04,8.08,666769,psxdata,2026-05-11T12:52:51
WAVES,2025-01-17,8.09,8.22,8.09,8.19,174090,psxdata,2026-05-11T12:52:51
WAVES,2025-01-20,8.16,8.33,8.06,8.2,900452,psxdata,2026-05-11T12:52:51
WAVES,2025-01-21,8.2,8.99,8.1,8.81,7320367,psxdata,2026-05-11T12:52:51
WAVES,2025-01-22,8.78,9.18,8.77,9.05,14466195,psxdata,2026-05-11T12:52:51
WAVES,2025-01-23,9.04,9.2,8.82,8.9,5173261,psxdata,2026-05-11T12:52:51
WAVES,2025-01-24,8.96,9.39,8.7,8.74,16079475,psxdata,2026-05-11T12:52:51
WAVES,2025-01-27,8.84,9.01,8.6,8.63,1890288,psxdata,2026-05-11T12:52:51
WAVES,2025-01-28,8.71,8.71,8.3,8.49,2700509,psxdata,2026-05-11T12:52:51
WAVES,2025-01-29,8.37,8.89,8.37,8.73,11173809,psxdata,2026-05-11T12:52:51
WAVES,2025-01-30,8.82,8.94,8.6,8.68,4054922,psxdata,2026-05-11T12:52:51
WAVES,2025-01-31,8.74,8.82,8.53,8.56,1139776,psxdata,2026-05-11T12:52:51
WAVES,2025-02-03,8.67,8.67,8.33,8.49,958704,psxdata,2026-05-11T12:52:51
WAVES,2025-02-04,8.57,8.57,8.12,8.17,2902756,psxdata,2026-05-11T12:52:51
WAVES,2025-02-06,8.15,8.28,8.0,8.01,1586837,psxdata,2026-05-11T12:52:51
WAVES,2025-02-07,8.1,8.18,7.88,7.92,1027582,psxdata,2026-05-11T12:52:51
WAVES,2025-02-10,7.92,8.13,7.92,8.1,486392,psxdata,2026-05-11T12:52:51
WAVES,2025-02-11,8.11,8.35,8.1,8.3,1404906,psxdata,2026-05-11T12:52:51
WAVES,2025-02-12,8.32,8.37,7.88,8.07,4919376,psxdata,2026-05-11T12:52:51
WAVES,2025-02-13,8.01,8.37,8.01,8.18,2471714,psxdata,2026-05-11T12:52:51
WAVES,2025-02-14,8.16,8.28,7.94,7.99,697475,psxdata,2026-05-11T12:52:51
WAVES,2025-02-17,8.1,8.11,7.89,7.92,630352,psxdata,2026-05-11T12:52:51
WAVES,2025-02-18,8.07,8.07,7.9,7.97,363020,psxdata,2026-05-11T12:52:51
WAVES,2025-02-19,8.04,8.1,7.95,8.05,514281,psxdata,2026-05-11T12:52:51
WAVES,2025-02-20,8.0,8.26,8.0,8.16,1564603,psxdata,2026-05-11T12:52:51
WAVES,2025-02-21,8.15,8.25,8.02,8.09,461563,psxdata,2026-05-11T12:52:51
WAVES,2025-02-24,8.15,8.15,7.9,8.04,515678,psxdata,2026-05-11T12:52:51
WAVES,2025-02-25,8.11,8.12,7.95,8.04,700826,psxdata,2026-05-11T12:52:51
WAVES,2025-02-26,8.02,8.11,7.91,7.94,6724093,psxdata,2026-05-11T12:52:51
WAVES,2025-02-27,8.0,8.16,7.96,8.01,865473,psxdata,2026-05-11T12:52:51
WAVES,2025-02-28,8.07,8.07,7.86,7.87,740874,psxdata,2026-05-11T12:52:51
WAVES,2025-03-03,7.75,7.95,7.75,7.83,209149,psxdata,2026-05-11T12:52:51
WAVES,2025-03-04,7.9,8.08,7.83,8.01,175363,psxdata,2026-05-11T12:52:51
WAVES,2025-03-05,8.08,8.08,7.94,7.98,100629,psxdata,2026-05-11T12:52:51
WAVES,2025-03-06,8.06,8.06,7.9,7.94,225262,psxdata,2026-05-11T12:52:51
WAVES,2025-03-07,8.05,8.08,7.92,7.98,168837,psxdata,2026-05-11T12:52:51
WAVES,2025-03-10,8.0,8.07,7.92,8.0,595833,psxdata,2026-05-11T12:52:51
WAVES,2025-03-11,7.92,8.07,7.8,7.83,392889,psxdata,2026-05-11T12:52:51
WAVES,2025-03-12,7.95,8.05,7.9,7.94,265092,psxdata,2026-05-11T12:52:51
WAVES,2025-03-13,7.91,8.0,7.85,7.96,101024,psxdata,2026-05-11T12:52:51
WAVES,2025-03-14,8.01,8.01,7.81,7.89,223563,psxdata,2026-05-11T12:52:51
WAVES,2025-03-17,8.0,8.18,7.85,7.97,399582,psxdata,2026-05-11T12:52:51
WAVES,2025-03-18,8.04,8.08,7.9,7.94,198748,psxdata,2026-05-11T12:52:51
WAVES,2025-03-19,8.06,8.08,7.93,8.04,489942,psxdata,2026-05-11T12:52:51
WAVES,2025-03-20,8.06,8.21,8.02,8.11,1112568,psxdata,2026-05-11T12:52:51
WAVES,2025-03-21,8.13,8.2,8.11,8.11,247733,psxdata,2026-05-11T12:52:51
WAVES,2025-03-24,8.21,8.25,8.1,8.12,634660,psxdata,2026-05-11T12:52:51
WAVES,2025-03-25,8.15,8.18,7.91,8.0,803407,psxdata,2026-05-11T12:52:51
WAVES,2025-03-26,8.11,8.12,7.97,8.0,762120,psxdata,2026-05-11T12:52:51
WAVES,2025-03-27,8.08,8.08,7.75,7.94,1236925,psxdata,2026-05-11T12:52:51
WAVES,2025-04-03,7.95,8.05,7.81,8.02,873974,psxdata,2026-05-11T12:52:51
WAVES,2025-04-04,8.08,8.09,7.92,8.0,525565,psxdata,2026-05-11T12:52:51
WAVES,2025-04-07,7.93,7.93,7.03,7.46,1044858,psxdata,2026-05-11T12:52:51
WAVES,2025-04-08,7.46,7.8,7.43,7.61,1073782,psxdata,2026-05-11T12:52:51
WAVES,2025-04-09,7.5,7.68,7.22,7.38,676345,psxdata,2026-05-11T12:52:51
WAVES,2025-04-10,7.46,7.96,7.46,7.7,1946499,psxdata,2026-05-11T12:52:51
WAVES,2025-04-11,7.62,7.76,7.55,7.64,354069,psxdata,2026-05-11T12:52:51
WAVES,2025-04-14,7.7,7.93,7.66,7.74,564521,psxdata,2026-05-11T12:52:51
WAVES,2025-04-15,7.78,7.98,7.66,7.69,833576,psxdata,2026-05-11T12:52:51
WAVES,2025-04-16,7.72,7.8,7.59,7.63,1186621,psxdata,2026-05-11T12:52:51
WAVES,2025-04-17,7.65,7.94,7.65,7.75,1383683,psxdata,2026-05-11T12:52:51
WAVES,2025-04-18,7.8,7.82,7.6,7.71,996990,psxdata,2026-05-11T12:52:51
WAVES,2025-04-21,7.76,7.84,7.68,7.78,822476,psxdata,2026-05-11T12:52:51
WAVES,2025-04-22,7.79,8.09,7.71,7.98,2055891,psxdata,2026-05-11T12:52:51
WAVES,2025-04-23,8.0,8.0,7.8,7.84,410145,psxdata,2026-05-11T12:52:51
WAVES,2025-04-24,7.6,7.8,7.52,7.55,732082,psxdata,2026-05-11T12:52:51
WAVES,2025-04-25,7.68,7.68,7.39,7.57,629108,psxdata,2026-05-11T12:52:51
WAVES,2025-04-28,7.6,7.68,7.35,7.38,634434,psxdata,2026-05-11T12:52:51
WAVES,2025-04-29,7.58,7.58,7.25,7.33,530181,psxdata,2026-05-11T12:52:51
WAVES,2025-04-30,7.43,7.43,7.0,7.08,758357,psxdata,2026-05-11T12:52:51
WAVES,2025-05-02,7.18,7.7,7.18,7.53,856408,psxdata,2026-05-11T12:52:51
WAVES,2025-05-05,7.53,8.1,7.41,7.86,8738785,psxdata,2026-05-11T12:52:51
WAVES,2025-05-06,7.94,8.31,7.85,8.01,5072322,psxdata,2026-05-11T12:52:51
WAVES,2025-05-07,7.47,7.79,7.35,7.46,1984858,psxdata,2026-05-11T12:52:51
WAVES,2025-05-08,7.73,7.73,6.46,6.64,3115588,psxdata,2026-05-11T12:52:51
WAVES,2025-05-09,6.77,6.9,6.5,6.8,943009,psxdata,2026-05-11T12:52:51
WAVES,2025-05-12,7.5,7.8,7.25,7.79,3621414,psxdata,2026-05-11T12:52:51
WAVES,2025-05-13,7.55,7.75,7.43,7.5,1444770,psxdata,2026-05-11T12:52:51
WAVES,2025-05-14,7.5,7.6,6.51,7.09,2207740,psxdata,2026-05-11T12:52:51
WAVES,2025-05-15,7.22,7.47,6.9,7.38,21773148,psxdata,2026-05-11T12:52:51
WAVES,2025-05-16,7.4,7.66,7.34,7.54,4113295,psxdata,2026-05-11T12:52:51
WAVES,2025-05-19,7.6,7.62,7.42,7.47,2396218,psxdata,2026-05-11T12:52:51
WAVES,2025-05-20,7.49,7.78,7.4,7.7,6338629,psxdata,2026-05-11T12:52:51
WAVES,2025-05-21,7.71,7.78,7.52,7.66,2411044,psxdata,2026-05-11T12:52:51
WAVES,2025-05-22,7.69,7.82,7.55,7.59,1641642,psxdata,2026-05-11T12:52:51
WAVES,2025-05-23,7.51,7.58,7.42,7.44,904969,psxdata,2026-05-11T12:52:51
WAVES,2025-05-26,7.5,7.65,7.4,7.49,1188474,psxdata,2026-05-11T12:52:51
WAVES,2025-05-27,7.52,7.56,7.42,7.43,1155200,psxdata,2026-05-11T12:52:51
WAVES,2025-05-29,7.43,7.95,7.4,7.75,13849668,psxdata,2026-05-11T12:52:51
WAVES,2025-05-30,7.8,7.92,7.69,7.74,1504364,psxdata,2026-05-11T12:52:51
WAVES,2025-06-02,7.77,8.04,7.77,7.8,2545801,psxdata,2026-05-11T12:52:51
WAVES,2025-06-03,7.87,7.9,7.6,7.63,1905696,psxdata,2026-05-11T12:52:51
WAVES,2025-06-04,7.7,7.8,7.6,7.77,919392,psxdata,2026-05-11T12:52:51
WAVES,2025-06-05,7.76,7.82,7.68,7.73,892247,psxdata,2026-05-11T12:52:51
WAVES,2025-06-10,7.74,8.1,7.7,7.98,4463151,psxdata,2026-05-11T12:52:51
WAVES,2025-06-11,7.95,8.03,7.84,7.89,1096066,psxdata,2026-05-11T12:52:51
WAVES,2025-06-12,7.88,8.07,7.65,7.69,5169446,psxdata,2026-05-11T12:52:51
WAVES,2025-06-13,7.69,7.7,7.43,7.5,2005725,psxdata,2026-05-11T12:52:51
WAVES,2025-06-16,7.45,7.95,7.45,7.81,3459680,psxdata,2026-05-11T12:52:51
WAVES,2025-06-17,7.81,7.9,7.7,7.73,1682449,psxdata,2026-05-11T12:52:51
WAVES,2025-06-18,7.7,8.01,7.6,7.72,2041624,psxdata,2026-05-11T12:52:51
WAVES,2025-06-19,7.73,7.94,7.6,7.63,1569413,psxdata,2026-05-11T12:52:51
WAVES,2025-06-20,7.6,7.79,7.52,7.67,543592,psxdata,2026-05-11T12:52:51
WAVES,2025-06-23,7.49,7.62,7.03,7.18,1474366,psxdata,2026-05-11T12:52:51
WAVES,2025-06-24,7.41,7.69,7.32,7.56,2523227,psxdata,2026-05-11T12:52:51
WAVES,2025-06-25,7.54,7.87,7.54,7.68,9829426,psxdata,2026-05-11T12:52:51
WAVES,2025-06-26,7.7,7.79,7.6,7.64,1702422,psxdata,2026-05-11T12:52:51
WAVES,2025-06-27,7.61,7.82,7.61,7.67,1471658,psxdata,2026-05-11T12:52:51
WAVES,2025-06-30,7.7,7.98,7.7,7.84,3499836,psxdata,2026-05-11T12:52:51
WAVES,2025-07-01,7.85,8.37,7.85,7.97,5894112,psxdata,2026-05-11T12:52:51
WAVES,2025-07-02,8.0,8.1,7.89,8.0,1869347,psxdata,2026-05-11T12:52:51
WAVES,2025-07-03,8.07,8.16,7.9,8.05,2558585,psxdata,2026-05-11T12:52:51
WAVES,2025-07-04,8.0,8.25,7.95,8.0,2351415,psxdata,2026-05-11T12:52:51
WAVES,2025-07-07,8.0,8.84,8.0,8.7,14163308,psxdata,2026-05-11T12:52:51
WAVES,2025-07-08,8.88,9.08,8.55,8.73,10093157,psxdata,2026-05-11T12:52:51
WAVES,2025-07-09,8.83,8.83,8.43,8.48,4011374,psxdata,2026-05-11T12:52:51
WAVES,2025-07-10,8.6,8.8,8.52,8.61,2384697,psxdata,2026-05-11T12:52:51
WAVES,2025-07-11,8.63,9.09,8.61,8.76,8679054,psxdata,2026-05-11T12:52:51
WAVES,2025-07-14,8.8,9.0,8.61,8.69,2683471,psxdata,2026-05-11T12:52:51
WAVES,2025-07-15,8.72,8.72,8.02,8.33,3725093,psxdata,2026-05-11T12:52:51
WAVES,2025-07-16,8.49,8.49,8.1,8.35,1528196,psxdata,2026-05-11T12:52:51
WAVES,2025-07-17,8.35,8.53,8.32,8.5,688902,psxdata,2026-05-11T12:52:51
WAVES,2025-07-18,8.48,8.5,8.19,8.23,968544,psxdata,2026-05-11T12:52:51
WAVES,2025-07-21,8.4,9.15,8.4,8.96,27871498,psxdata,2026-05-11T12:52:51
WAVES,2025-07-22,9.1,9.24,8.88,8.93,8180720,psxdata,2026-05-11T12:52:51
WAVES,2025-07-23,8.93,8.95,8.63,8.72,2553118,psxdata,2026-05-11T12:52:51
WAVES,2025-07-24,8.76,8.82,8.64,8.74,2039321,psxdata,2026-05-11T12:52:51
WAVES,2025-07-25,8.74,8.74,8.41,8.54,2383877,psxdata,2026-05-11T12:52:51
WAVES,2025-07-28,8.54,8.7,8.43,8.45,1313646,psxdata,2026-05-11T12:52:51
WAVES,2025-07-29,8.45,8.8,8.37,8.41,10313496,psxdata,2026-05-11T12:52:51
WAVES,2025-07-30,8.4,8.51,8.12,8.27,2023541,psxdata,2026-05-11T12:52:51
WAVES,2025-07-31,8.34,8.36,8.14,8.19,1397283,psxdata,2026-05-11T12:52:51
WAVES,2025-08-01,8.2,8.3,8.12,8.24,611916,psxdata,2026-05-11T12:52:51
WAVES,2025-08-04,8.25,8.27,8.18,8.2,948792,psxdata,2026-05-11T12:52:51
WAVES,2025-08-05,8.2,8.4,8.2,8.25,1147876,psxdata,2026-05-11T12:52:51
WAVES,2025-08-06,8.25,8.37,8.25,8.28,341093,psxdata,2026-05-11T12:52:51
WAVES,2025-08-07,8.33,8.33,8.23,8.25,654875,psxdata,2026-05-11T12:52:51
WAVES,2025-08-08,8.21,8.25,8.02,8.1,1310517,psxdata,2026-05-11T12:52:51
WAVES,2025-08-11,8.25,8.7,8.2,8.36,3183277,psxdata,2026-05-11T12:52:51
WAVES,2025-08-12,8.36,8.5,8.3,8.33,805041,psxdata,2026-05-11T12:52:51
WAVES,2025-08-13,8.41,8.5,8.24,8.26,532154,psxdata,2026-05-11T12:52:51
WAVES,2025-08-15,8.25,8.32,8.2,8.22,568988,psxdata,2026-05-11T12:52:51
WAVES,2025-08-18,8.29,8.37,8.18,8.29,665421,psxdata,2026-05-11T12:52:51
WAVES,2025-08-19,8.26,8.75,8.26,8.58,3610791,psxdata,2026-05-11T12:52:51
WAVES,2025-08-20,8.7,9.58,8.52,9.47,20793019,psxdata,2026-05-11T12:52:51
WAVES,2025-08-21,9.8,9.86,9.02,9.2,17802976,psxdata,2026-05-11T12:52:51
WAVES,2025-08-22,9.27,9.32,8.95,9.04,3738985,psxdata,2026-05-11T12:52:51
WAVES,2025-08-25,9.0,9.2,8.84,9.03,3226415,psxdata,2026-05-11T12:52:51
WAVES,2025-08-26,9.1,9.2,9.0,9.11,1962986,psxdata,2026-05-11T12:52:51
WAVES,2025-08-27,9.06,9.2,8.9,8.92,2477615,psxdata,2026-05-11T12:52:51
WAVES,2025-08-28,9.0,9.92,8.81,9.79,21681253,psxdata,2026-05-11T12:52:51
WAVES,2025-08-29,9.64,10.48,9.6,9.97,23678802,psxdata,2026-05-11T12:52:51
WAVES,2025-09-01,10.97,10.97,10.57,10.97,10526532,psxdata,2026-05-11T12:52:51
WAVES,2025-09-02,11.85,11.9,11.2,11.31,30837825,psxdata,2026-05-11T12:52:51
WAVES,2025-09-03,11.35,12.44,11.06,12.01,36972842,psxdata,2026-05-11T12:52:51
WAVES,2025-09-04,12.25,12.7,11.76,12.33,20997457,psxdata,2026-05-11T12:52:51
WAVES,2025-09-05,12.41,12.6,12.06,12.21,10338675,psxdata,2026-05-11T12:52:51
WAVES,2025-09-08,12.3,12.6,12.15,12.23,9163029,psxdata,2026-05-11T12:52:51
WAVES,2025-09-09,12.3,12.51,12.03,12.1,8870024,psxdata,2026-05-11T12:52:51
WAVES,2025-09-10,12.1,12.2,11.82,11.88,4889718,psxdata,2026-05-11T12:52:51
WAVES,2025-09-11,11.84,12.42,11.82,12.17,8308106,psxdata,2026-05-11T12:52:51
WAVES,2025-09-12,12.17,12.25,11.85,11.89,2681539,psxdata,2026-05-11T12:52:51
WAVES,2025-09-15,11.89,12.2,11.83,11.91,4493916,psxdata,2026-05-11T12:52:51
WAVES,2025-09-16,11.98,12.24,11.93,12.0,4821340,psxdata,2026-05-11T12:52:51
WAVES,2025-09-17,12.05,12.18,11.91,12.02,2702941,psxdata,2026-05-11T12:52:51
WAVES,2025-09-18,12.1,13.22,12.0,13.05,26256057,psxdata,2026-05-11T12:52:51
WAVES,2025-09-19,13.15,13.47,12.4,12.62,10865594,psxdata,2026-05-11T12:52:51
WAVES,2025-09-22,12.75,12.75,12.2,12.3,3580309,psxdata,2026-05-11T12:52:51
WAVES,2025-09-23,12.31,12.42,12.1,12.19,3020749,psxdata,2026-05-11T12:52:51
WAVES,2025-09-24,12.12,12.48,12.01,12.14,3396900,psxdata,2026-05-11T12:52:51
WAVES,2025-09-25,12.2,12.33,12.1,12.13,8328716,psxdata,2026-05-11T12:52:51
WAVES,2025-09-26,12.16,12.33,11.91,12.04,4051782,psxdata,2026-05-11T12:52:51
WAVES,2025-09-29,12.01,12.33,12.0,12.19,2527617,psxdata,2026-05-11T12:52:51
WAVES,2025-09-30,12.21,12.3,11.9,11.94,3574685,psxdata,2026-05-11T12:52:51
WAVES,2025-10-01,12.0,12.1,11.8,11.93,2129447,psxdata,2026-05-11T12:52:51
WAVES,2025-10-02,11.96,12.6,11.96,12.26,8514657,psxdata,2026-05-11T12:52:51
WAVES,2025-10-03,12.28,12.38,12.1,12.24,2425316,psxdata,2026-05-11T12:52:51
WAVES,2025-10-06,12.32,12.32,11.65,11.69,4409383,psxdata,2026-05-11T12:52:51
WAVES,2025-10-07,11.76,11.89,11.47,11.53,2020667,psxdata,2026-05-11T12:52:51
WAVES,2025-10-08,11.4,11.69,11.1,11.32,3519933,psxdata,2026-05-11T12:52:51
WAVES,2025-10-09,11.38,11.44,11.1,11.14,1970255,psxdata,2026-05-11T12:52:51
WAVES,2025-10-10,11.12,11.36,10.91,11.06,4468966,psxdata,2026-05-11T12:52:51
WAVES,2025-10-13,11.0,11.13,10.6,10.63,2863089,psxdata,2026-05-11T12:52:51
WAVES,2025-10-14,10.8,11.05,10.77,10.87,1958593,psxdata,2026-05-11T12:52:51
WAVES,2025-10-15,10.93,11.5,10.93,11.19,2569858,psxdata,2026-05-11T12:52:51
WAVES,2025-10-16,11.25,12.16,11.25,11.9,9969734,psxdata,2026-05-11T12:52:51
WAVES,2025-10-17,11.9,12.53,11.9,12.16,15210136,psxdata,2026-05-11T12:52:51
WAVES,2025-10-20,12.34,12.4,11.9,11.97,5097323,psxdata,2026-05-11T12:52:51
WAVES,2025-10-21,12.02,12.2,11.7,11.74,3809731,psxdata,2026-05-11T12:52:51
WAVES,2025-10-22,11.8,11.99,11.76,11.81,1414635,psxdata,2026-05-11T12:52:51
WAVES,2025-10-23,11.81,12.99,11.7,12.99,23585518,psxdata,2026-05-11T12:52:51
WAVES,2025-10-24,12.98,13.19,12.01,12.17,14825769,psxdata,2026-05-11T12:52:51
WAVES,2025-10-27,12.14,12.65,11.98,12.24,8916322,psxdata,2026-05-11T12:52:51
WAVES,2025-10-28,12.4,13.1,12.02,12.13,18638350,psxdata,2026-05-11T12:52:51
WAVES,2025-10-29,12.2,12.87,12.01,12.36,25349139,psxdata,2026-05-11T12:52:51
WAVES,2025-10-30,12.78,13.6,12.46,13.43,45684253,psxdata,2026-05-11T12:52:51
WAVES,2025-10-31,13.9,14.75,13.65,14.68,40614707,psxdata,2026-05-11T12:52:51
WAVES,2025-11-03,14.94,15.97,14.41,15.28,38804056,psxdata,2026-05-11T12:52:51
WAVES,2025-11-04,15.2,15.75,14.25,14.39,19861846,psxdata,2026-05-11T12:52:51
WAVES,2025-11-05,14.5,15.83,14.39,15.6,33617850,psxdata,2026-05-11T12:52:51
WAVES,2025-11-06,15.89,16.18,15.1,15.31,30082990,psxdata,2026-05-11T12:52:51
WAVES,2025-11-07,15.35,15.48,14.45,14.55,14381041,psxdata,2026-05-11T12:52:51
WAVES,2025-11-10,14.55,15.43,14.42,15.04,13137440,psxdata,2026-05-11T12:52:51
WAVES,2025-11-11,15.05,15.1,13.73,13.87,15086883,psxdata,2026-05-11T12:52:51
WAVES,2025-11-12,14.01,14.35,13.5,13.68,6576401,psxdata,2026-05-11T12:52:51
WAVES,2025-11-13,13.74,14.01,13.45,13.67,8120645,psxdata,2026-05-11T12:52:51
WAVES,2025-11-14,13.8,14.16,13.66,13.72,5224224,psxdata,2026-05-11T12:52:51
WAVES,2025-11-17,13.95,14.43,13.8,14.21,7505442,psxdata,2026-05-11T12:52:51
WAVES,2025-11-18,14.35,14.64,13.93,14.0,4341448,psxdata,2026-05-11T12:52:51
WAVES,2025-11-19,14.0,14.35,13.82,13.89,4550491,psxdata,2026-05-11T12:52:51
WAVES,2025-11-20,13.8,14.05,13.56,13.73,2267137,psxdata,2026-05-11T12:52:51
WAVES,2025-11-21,13.78,13.78,13.44,13.53,2012636,psxdata,2026-05-11T12:52:51
WAVES,2025-11-24,13.5,13.65,13.04,13.43,2052089,psxdata,2026-05-11T12:52:51
WAVES,2025-11-25,13.43,13.5,13.17,13.25,1655129,psxdata,2026-05-11T12:52:51
WAVES,2025-11-26,13.25,13.35,12.61,13.0,9824945,psxdata,2026-05-11T12:52:51
WAVES,2025-11-27,12.95,13.15,12.75,13.05,2512061,psxdata,2026-05-11T12:52:51
WAVES,2025-11-28,13.11,13.35,12.9,12.98,2865982,psxdata,2026-05-11T12:52:51
WAVES,2025-12-01,13.02,13.3,12.9,13.17,2165282,psxdata,2026-05-11T12:52:51
WAVES,2025-12-02,13.34,13.7,13.09,13.17,5243419,psxdata,2026-05-11T12:52:51
WAVES,2025-12-03,13.26,13.29,13.01,13.16,1435885,psxdata,2026-05-11T12:52:51
WAVES,2025-12-04,13.03,13.2,12.95,13.09,1919680,psxdata,2026-05-11T12:52:51
WAVES,2025-12-05,13.25,13.35,13.09,13.18,1368480,psxdata,2026-05-11T12:52:51
WAVES,2025-12-08,13.24,13.84,13.1,13.62,5911367,psxdata,2026-05-11T12:52:51
WAVES,2025-12-09,13.88,14.1,13.55,13.74,6041572,psxdata,2026-05-11T12:52:51
WAVES,2025-12-10,13.86,14.15,13.56,13.67,6439474,psxdata,2026-05-11T12:52:51
WAVES,2025-12-11,13.8,13.86,13.43,13.5,2386525,psxdata,2026-05-11T12:52:51
WAVES,2025-12-12,13.5,13.73,13.48,13.51,2463650,psxdata,2026-05-11T12:52:51
WAVES,2025-12-15,13.51,13.79,13.47,13.71,2088859,psxdata,2026-05-11T12:52:51
WAVES,2025-12-16,13.78,13.92,13.45,13.5,2832253,psxdata,2026-05-11T12:52:51
WAVES,2025-12-17,13.55,13.63,13.26,13.45,1218801,psxdata,2026-05-11T12:52:51
WAVES,2025-12-18,13.48,13.49,13.3,13.31,803769,psxdata,2026-05-11T12:52:51
WAVES,2025-12-19,13.44,13.44,13.22,13.26,1155164,psxdata,2026-05-11T12:52:51
WAVES,2025-12-22,13.26,13.34,13.02,13.08,1128065,psxdata,2026-05-11T12:52:51
WAVES,2025-12-23,13.0,13.3,12.9,13.12,1244102,psxdata,2026-05-11T12:52:51
WAVES,2025-12-24,13.06,13.3,12.99,13.01,1591585,psxdata,2026-05-11T12:52:51
WAVES,2025-12-26,13.1,13.65,12.9,13.4,6900581,psxdata,2026-05-11T12:52:51
WAVES,2025-12-29,13.5,13.51,13.02,13.09,10655071,psxdata,2026-05-11T12:52:51
WAVES,2025-12-30,13.2,13.36,12.99,13.1,2761815,psxdata,2026-05-11T12:52:51
WAVES,2025-12-31,13.2,13.6,13.08,13.37,3516060,psxdata,2026-05-11T12:52:51
WAVES,2026-01-01,13.41,13.5,13.25,13.35,1856699,psxdata,2026-05-11T12:52:51
WAVES,2026-01-02,13.4,14.25,13.38,13.99,10710529,psxdata,2026-05-11T12:52:51
WAVES,2026-01-05,14.1,14.5,14.05,14.17,7263682,psxdata,2026-05-11T12:52:51
WAVES,2026-01-06,14.22,14.83,14.04,14.33,10328466,psxdata,2026-05-11T12:52:51
WAVES,2026-01-07,14.31,14.5,14.2,14.24,2553191,psxdata,2026-05-11T12:52:51
WAVES,2026-01-08,14.25,14.83,14.2,14.44,9730411,psxdata,2026-05-11T12:52:51
WAVES,2026-01-09,14.45,14.75,14.01,14.21,2887823,psxdata,2026-05-11T12:52:51
WAVES,2026-01-12,14.22,14.26,13.91,13.94,2553078,psxdata,2026-05-11T12:52:51
WAVES,2026-01-13,13.98,14.04,13.75,13.87,2368327,psxdata,2026-05-11T12:52:51
WAVES,2026-01-14,13.91,13.97,13.51,13.57,1644836,psxdata,2026-05-11T12:52:51
WAVES,2026-01-15,13.57,13.65,13.13,13.24,2167568,psxdata,2026-05-11T12:52:51
WAVES,2026-01-16,13.42,13.57,13.4,13.49,1892522,psxdata,2026-05-11T12:52:51
WAVES,2026-01-19,13.49,13.87,13.3,13.46,2991487,psxdata,2026-05-11T12:52:51
WAVES,2026-01-20,13.4,14.81,13.4,14.74,28199342,psxdata,2026-05-11T12:52:51
WAVES,2026-01-21,14.81,15.39,14.31,14.41,13792649,psxdata,2026-05-11T12:52:51
WAVES,2026-01-22,14.41,15.0,14.41,14.91,6832488,psxdata,2026-05-11T12:52:51
WAVES,2026-01-23,15.1,16.17,15.07,15.66,21040901,psxdata,2026-05-11T12:52:51
WAVES,2026-01-26,15.96,16.11,15.02,15.34,5470011,psxdata,2026-05-11T12:52:51
WAVES,2026-01-27,15.47,15.48,14.89,14.98,4489684,psxdata,2026-05-11T12:52:51
WAVES,2026-01-28,15.09,15.1,14.75,14.8,10786332,psxdata,2026-05-11T12:52:51
WAVES,2026-01-29,14.9,15.75,14.75,15.02,9876021,psxdata,2026-05-11T12:52:51
WAVES,2026-01-30,15.2,15.23,14.65,14.8,1970320,psxdata,2026-05-11T12:52:51
WAVES,2026-02-02,14.87,15.28,14.6,15.21,3076614,psxdata,2026-05-11T12:52:51
WAVES,2026-02-03,15.39,16.2,15.26,15.98,15680182,psxdata,2026-05-11T12:52:51
WAVES,2026-02-04,16.06,16.95,16.06,16.44,25119030,psxdata,2026-05-11T12:52:51
WAVES,2026-02-06,16.4,16.4,15.51,15.78,7216152,psxdata,2026-05-11T12:52:51
WAVES,2026-02-09,15.9,16.0,15.35,15.62,2895427,psxdata,2026-05-11T12:52:51
WAVES,2026-02-10,15.69,15.79,15.01,15.19,2208345,psxdata,2026-05-11T12:52:51
WAVES,2026-02-11,15.22,15.25,14.8,14.88,2169977,psxdata,2026-05-11T12:52:51
WAVES,2026-02-12,15.0,15.0,14.0,14.41,3574294,psxdata,2026-05-11T12:52:51
WAVES,2026-02-13,14.41,14.54,14.11,14.42,1608710,psxdata,2026-05-11T12:52:51
WAVES,2026-02-16,14.42,14.42,13.21,13.4,3786969,psxdata,2026-05-11T12:52:51
WAVES,2026-02-17,13.5,13.73,12.74,13.06,3539085,psxdata,2026-05-11T12:52:51
WAVES,2026-02-18,13.1,13.59,13.1,13.52,1744480,psxdata,2026-05-11T12:52:51
WAVES,2026-02-19,13.52,13.53,12.3,12.54,1764519,psxdata,2026-05-11T12:52:51
WAVES,2026-02-20,12.6,13.2,11.29,11.79,7014958,psxdata,2026-05-11T12:52:51
WAVES,2026-02-23,11.7,12.28,11.39,11.5,2453208,psxdata,2026-05-11T12:52:51
WAVES,2026-02-24,11.51,11.69,10.95,11.3,4823126,psxdata,2026-05-11T12:52:51
WAVES,2026-02-25,11.35,11.65,11.01,11.26,14232193,psxdata,2026-05-11T12:52:51
WAVES,2026-02-26,11.27,11.84,10.91,11.64,1964803,psxdata,2026-05-11T12:52:51
WAVES,2026-02-27,11.6,11.67,11.25,11.54,1417403,psxdata,2026-05-11T12:52:51
WAVES,2026-03-02,10.45,10.9,10.39,10.39,1652766,psxdata,2026-05-11T12:52:51
WAVES,2026-03-03,9.78,10.28,9.35,9.67,7984128,psxdata,2026-05-11T12:52:51
WAVES,2026-03-04,9.5,10.67,9.4,9.96,7210832,psxdata,2026-05-11T12:52:51
WAVES,2026-03-05,9.9,10.74,9.9,10.65,2582837,psxdata,2026-05-11T12:52:51
WAVES,2026-03-06,10.63,10.63,10.1,10.2,723484,psxdata,2026-05-11T12:52:51
WAVES,2026-03-09,9.22,9.5,9.18,9.18,3920457,psxdata,2026-05-11T12:52:51
WAVES,2026-03-10,9.5,9.97,9.43,9.51,3633677,psxdata,2026-05-11T12:52:51
WAVES,2026-03-11,9.5,9.86,9.36,9.65,1482191,psxdata,2026-05-11T12:52:51
WAVES,2026-03-12,9.55,9.75,9.25,9.37,1449668,psxdata,2026-05-11T12:52:51
WAVES,2026-03-13,9.51,9.6,9.3,9.37,515926,psxdata,2026-05-11T12:52:51
WAVES,2026-03-16,9.5,9.5,9.1,9.22,781080,psxdata,2026-05-11T12:52:51
WAVES,2026-03-17,9.3,9.45,9.12,9.27,753603,psxdata,2026-05-11T12:52:51
WAVES,2026-03-18,9.47,9.75,9.3,9.67,910013,psxdata,2026-05-11T12:52:51
WAVES,2026-03-19,9.51,9.52,9.16,9.38,1198036,psxdata,2026-05-11T12:52:51
WAVES,2026-03-24,9.87,9.89,9.51,9.58,1044292,psxdata,2026-05-11T12:52:51
WAVES,2026-03-25,9.62,10.29,9.58,10.12,3702773,psxdata,2026-05-11T12:52:51
WAVES,2026-03-26,10.15,10.15,9.6,9.71,4618453,psxdata,2026-05-11T12:52:51
WAVES,2026-03-27,9.71,9.9,9.46,9.61,933973,psxdata,2026-05-11T12:52:51
WAVES,2026-03-30,9.61,9.86,9.1,9.18,1514735,psxdata,2026-05-11T12:52:51
WAVES,2026-03-31,9.3,9.65,9.29,9.46,982798,psxdata,2026-05-11T12:52:51
WAVES,2026-04-01,9.55,10.08,9.55,9.86,1628819,psxdata,2026-05-11T12:52:51
WAVES,2026-04-02,9.5,9.84,9.3,9.62,552280,psxdata,2026-05-11T12:52:51
WAVES,2026-04-03,9.01,9.75,9.01,9.45,1046617,psxdata,2026-05-11T12:52:51
WAVES,2026-04-06,9.41,9.99,9.31,9.9,1815680,psxdata,2026-05-11T12:52:51
WAVES,2026-04-07,9.89,9.89,9.52,9.72,2808666,psxdata,2026-05-11T12:52:51
WAVES,2026-04-08,10.59,10.72,10.22,10.71,3936164,psxdata,2026-05-11T12:52:51
WAVES,2026-04-09,10.5,10.5,9.9,9.97,5001127,psxdata,2026-05-11T12:52:51
WAVES,2026-04-10,10.03,10.25,10.0,10.07,3498804,psxdata,2026-05-11T12:52:51
WAVES,2026-04-13,9.75,9.79,9.45,9.68,3028531,psxdata,2026-05-11T12:52:51
WAVES,2026-04-14,9.71,10.19,9.71,10.09,6168460,psxdata,2026-05-11T12:52:51
WAVES,2026-04-15,10.23,10.49,10.22,10.33,5960841,psxdata,2026-05-11T12:52:51
WAVES,2026-04-16,10.4,10.47,10.01,10.43,2588205,psxdata,2026-05-11T12:52:51
WAVES,2026-04-17,10.52,11.38,10.52,11.23,7955093,psxdata,2026-05-11T12:52:51
WAVES,2026-04-20,11.18,11.24,10.45,10.77,7552784,psxdata,2026-05-11T12:52:51
WAVES,2026-04-21,10.82,11.03,10.7,10.75,3679837,psxdata,2026-05-11T12:52:51
WAVES,2026-04-22,10.75,10.75,10.34,10.47,2449275,psxdata,2026-05-11T12:52:51
WAVES,2026-04-23,10.5,10.54,10.1,10.42,1119989,psxdata,2026-05-11T12:52:51
WAVES,2026-04-24,10.42,10.45,10.13,10.38,1247737,psxdata,2026-05-11T12:52:51
WAVES,2026-04-27,10.3,10.45,10.25,10.35,1063859,psxdata,2026-05-11T12:52:51
WAVES,2026-04-28,10.34,10.34,10.02,10.08,1303105,psxdata,2026-05-11T12:52:51
WAVES,2026-04-29,10.1,10.3,9.8,9.89,1374739,psxdata,2026-05-11T12:52:51
WAVES,2026-04-30,9.76,9.76,9.47,9.67,1536335,psxdata,2026-05-11T12:52:51
WAVES,2026-05-04,9.9,10.12,9.8,9.85,893841,psxdata,2026-05-11T12:52:51
WAVES,2026-05-05,9.7,9.89,9.5,9.71,1508419,psxdata,2026-05-11T12:52:51
WAVES,2026-05-06,9.78,10.44,9.78,10.39,4159554,psxdata,2026-05-11T12:52:51
WAVES,2026-05-07,10.42,10.95,10.42,10.78,6687849,psxdata,2026-05-11T12:52:51
WAVES,2026-05-08,10.75,10.89,10.56,10.69,1844091,psxdata,2026-05-11T12:52:51
