date,open,high,low,close,volume,is_anomaly,symbol
2026-05-08,530.0,537.0,528.0,532.94,1476906,False,FFC
2026-05-07,532.99,538.0,529.65,535.76,2001619,False,FFC
2026-05-06,525.0,531.0,519.25,529.45,2326805,False,FFC
2026-05-05,506.0,516.5,505.1,515.42,1790744,False,FFC
2026-05-04,510.0,521.2,506.0,509.16,1742261,False,FFC
2026-04-30,511.0,512.0,500.2,504.27,1488508,False,FFC
2026-04-29,517.0,522.0,511.5,513.52,1681916,False,FFC
2026-04-28,520.0,524.0,515.5,517.02,910076,False,FFC
2026-04-27,524.24,531.99,520.03,524.89,777862,False,FFC
2026-04-24,522.0,533.0,516.11,524.75,959101,False,FFC
2026-04-23,531.94,531.94,521.5,523.76,996250,False,FFC
2026-04-22,531.0,537.0,526.0,532.35,1110391,False,FFC
2026-04-21,534.0,536.39,530.0,530.95,1045051,False,FFC
2026-04-20,536.06,538.25,528.0,529.59,2338629,False,FFC
2026-04-17,541.0,542.5,537.91,539.38,3383605,False,FFC
2026-04-16,540.49,544.98,537.0,539.86,1169325,False,FFC
2026-04-15,536.0,549.45,535.0,536.67,3062153,False,FFC
2026-04-14,525.0,530.0,522.0,526.69,1048345,False,FFC
2026-04-13,517.0,525.0,512.0,514.08,2091089,False,FFC
2026-04-10,537.0,545.5,535.0,537.53,2231555,False,FFC
2026-04-09,543.0,543.49,519.99,536.22,3089771,False,FFC
2026-04-08,536.0,541.49,525.55,541.49,4974951,False,FFC
2026-04-07,489.0,494.75,484.0,492.26,1825835,False,FFC
2026-04-06,486.0,490.8,479.99,489.22,2008067,False,FFC
2026-04-03,483.36,489.9,477.0,486.1,994140,False,FFC
2026-04-02,490.77,494.0,483.01,491.16,1022403,False,FFC
2026-04-01,491.25,508.45,491.25,499.77,3192388,False,FFC
2026-03-31,485.11,494.4,482.01,485.73,2309803,False,FFC
2026-03-30,498.0,499.74,481.01,483.74,1990759,False,FFC
2026-03-27,500.0,506.45,496.0,498.44,2385620,False,FFC
2026-03-26,509.98,511.98,496.0,498.63,1894019,False,FFC
2026-03-25,506.1,514.9,504.0,513.19,2432358,False,FFC
2026-03-24,525.0,525.0,498.5,502.25,2374727,False,FFC
2026-03-19,488.0,499.0,477.0,493.96,2193855,False,FFC
2026-03-18,483.4,495.99,479.0,493.61,1422072,False,FFC
2026-03-17,487.0,495.0,473.0,481.36,1886653,False,FFC
2026-03-16,501.02,501.2,473.0,480.94,1184612,False,FFC
2026-03-13,503.99,505.0,496.0,501.02,1025062,False,FFC
2026-03-12,500.0,514.27,500.0,504.79,2305733,False,FFC
2026-03-11,506.1,517.98,506.1,507.56,1068523,False,FFC
2026-03-10,500.0,518.0,498.0,509.94,2261379,False,FFC
2026-03-09,498.0,498.0,470.06,471.4,6139627,False,FFC
2026-03-06,532.0,534.0,516.0,522.29,1263260,False,FFC
2026-03-05,525.0,545.0,525.0,540.36,2591944,False,FFC
2026-03-04,525.0,532.0,516.05,525.0,2820087,False,FFC
2026-03-03,497.5,547.24,497.5,526.53,4224327,False,FFC
2026-03-02,497.34,530.0,497.34,497.5,5316323,False,FFC
2026-02-27,553.0,561.0,540.0,552.6,1444677,False,FFC
2026-02-26,532.0,572.0,525.0,555.88,2252885,False,FFC
2026-02-25,534.0,539.0,530.0,531.79,1611639,False,FFC
2026-02-24,541.3,545.99,521.55,534.04,2140937,False,FFC
2026-02-23,555.5,561.5,530.1,541.08,1120583,False,FFC
2026-02-20,555.03,560.0,549.0,555.74,1033649,False,FFC
2026-02-19,574.5,574.5,521.0,553.1,1431956,False,FFC
2026-02-18,565.51,575.0,558.88,571.73,2034292,False,FFC
2026-02-17,570.0,573.0,556.98,565.51,1854274,False,FFC
2026-02-16,579.6,581.0,565.0,569.38,2540401,False,FFC
2026-02-13,580.0,581.9,574.0,579.58,1556166,False,FFC
2026-02-12,577.99,584.88,569.2,580.54,1960264,False,FFC
2026-02-11,580.0,585.0,576.11,577.68,1032204,False,FFC
2026-02-10,577.0,581.49,574.5,578.67,1152696,False,FFC
2026-02-09,580.0,584.0,565.0,575.59,1775118,False,FFC
2026-02-06,590.44,590.44,574.6,576.77,2569225,False,FFC
2026-02-04,592.0,594.0,587.0,590.04,1502927,False,FFC
2026-02-03,581.9,594.0,580.58,590.05,4113507,False,FFC
2026-02-02,590.0,592.0,572.0,580.58,3809888,False,FFC
2026-01-30,597.1,600.0,575.02,588.57,8150395,False,FFC
2026-01-29,665.0,677.0,596.62,597.1,21286706,False,FFC
2026-01-28,676.0,679.0,657.41,662.91,6148225,False,FFC
2026-01-27,651.89,684.89,643.0,673.16,9142429,False,FFC
2026-01-26,665.05,685.0,649.0,652.25,12628028,False,FFC
2026-01-23,600.0,658.28,596.0,650.82,13093752,False,FFC
2026-01-22,600.0,603.0,596.18,598.44,1445914,False,FFC
2026-01-21,602.0,605.0,596.12,599.2,2798823,False,FFC
2026-01-20,600.0,602.0,595.0,599.86,1467232,False,FFC
2026-01-19,595.5,604.0,595.0,599.13,2043751,False,FFC
2026-01-16,588.25,594.5,586.77,593.12,1842666,False,FFC
2026-01-15,588.7,589.9,581.03,586.73,1396240,False,FFC
2026-01-14,591.0,594.0,583.95,586.0,2395990,False,FFC
2026-01-13,595.32,598.99,585.99,591.64,2397561,False,FFC
2026-01-12,597.99,599.4,594.5,595.32,1344535,False,FFC
2026-01-09,598.99,606.0,596.75,599.44,3556030,False,FFC
2026-01-08,596.0,605.5,595.0,596.91,7096938,False,FFC
2026-01-07,604.61,606.49,593.5,594.57,7004933,False,FFC
2026-01-06,604.8,610.99,600.0,601.52,4332251,False,FFC
2026-01-05,595.91,608.5,595.91,602.03,2807134,False,FFC
2026-01-02,592.99,603.5,591.0,595.91,1938546,False,FFC
2026-01-01,591.99,597.0,590.01,591.51,1249483,False,FFC
2025-12-31,597.43,600.0,588.0,590.71,1663489,False,FFC
2025-12-30,602.49,604.9,593.22,596.4,2085783,False,FFC
2025-12-29,592.2,614.9,592.2,601.47,5105482,False,FFC
2025-12-26,585.0,589.9,584.0,585.25,1203244,False,FFC
2025-12-24,587.16,589.0,581.0,583.01,939677,False,FFC
2025-12-23,585.0,585.03,579.45,580.18,714823,False,FFC
2025-12-22,586.0,588.88,580.0,583.02,1078977,False,FFC
2025-12-19,592.0,594.0,583.01,585.0,1543331,False,FFC
2025-12-18,577.5,594.0,571.4,588.99,3917911,False,FFC
2025-12-17,579.01,583.0,570.89,575.22,3069421,False,FFC
2025-12-16,585.49,585.49,576.27,577.6,1714865,False,FFC
2025-12-15,587.0,588.99,582.5,583.79,1107217,False,FFC
2025-12-12,574.14,587.0,570.0,584.94,2156839,False,FFC
2025-12-11,578.25,580.86,570.7,572.16,1644729,False,FFC
2025-12-10,586.0,591.0,578.0,580.16,1575523,False,FFC
2025-12-09,589.87,594.1,583.0,586.64,2160163,False,FFC
2025-12-08,569.99,590.0,565.91,579.96,21031396,False,FFC
2025-12-05,567.01,569.0,556.0,567.45,3436193,False,FFC
2025-12-04,568.0,571.8,559.0,561.42,1560313,False,FFC
2025-12-03,582.0,582.0,565.01,566.28,3757579,False,FFC
2025-12-02,586.5,592.0,578.0,580.08,2118929,False,FFC
2025-12-01,589.99,589.99,582.0,585.67,1202893,False,FFC
2025-11-28,594.1,597.84,584.02,586.18,2209831,False,FFC
2025-11-27,590.0,599.0,584.0,593.11,2747356,False,FFC
2025-11-26,574.0,592.0,572.3,589.43,3794944,False,FFC
2025-11-25,568.68,575.85,566.35,571.13,2112989,False,FFC
2025-11-24,556.8,569.99,551.0,565.56,3571848,False,FFC
2025-11-21,561.0,565.05,556.01,557.37,1138827,False,FFC
2025-11-20,570.0,586.0,564.5,565.75,4861261,False,FFC
2025-11-19,537.0,570.5,537.0,566.66,8869346,False,FFC
2025-11-18,535.98,544.0,532.1,536.44,2038737,False,FFC
2025-11-17,549.24,557.0,532.5,536.5,5321290,False,FFC
2025-11-14,532.0,536.0,524.6,531.77,2205142,False,FFC
2025-11-13,520.0,534.99,515.01,532.33,4281336,False,FFC
2025-11-12,495.0,524.88,494.0,512.68,6959776,False,FFC
2025-11-11,500.0,500.0,488.0,494.86,3047641,False,FFC
2025-11-10,491.0,502.89,490.5,500.61,1770586,False,FFC
2025-11-07,490.01,495.0,488.1,489.44,438145,False,FFC
2025-11-06,494.1,499.2,485.23,493.25,1727305,False,FFC
2025-11-05,505.0,506.49,491.1,494.31,1735687,False,FFC
2025-11-04,499.3,515.5,497.0,503.94,4594263,False,FFC
2025-11-03,484.0,502.98,481.5,495.19,5474556,False,FFC
2025-10-31,480.1,491.0,477.01,488.86,3301015,False,FFC
2025-10-30,476.0,484.25,475.26,476.71,1488695,False,FFC
2025-10-29,475.03,480.5,473.03,473.92,896031,False,FFC
2025-10-28,476.0,481.5,475.0,475.63,1091260,False,FFC
2025-10-27,476.99,479.99,472.1,476.43,928332,False,FFC
2025-10-24,478.99,480.98,472.02,477.28,1077724,False,FFC
2025-10-23,477.99,482.9,468.51,478.0,4572921,False,FFC
2025-10-22,488.65,488.65,475.5,476.73,2933956,False,FFC
2025-10-21,481.99,492.49,481.99,486.98,3777246,False,FFC
2025-10-20,480.0,481.32,475.5,480.62,1280352,False,FFC
2025-10-17,479.0,481.49,475.51,477.23,971397,False,FFC
2025-10-16,483.0,486.84,477.2,478.16,1247476,False,FFC
2025-10-15,481.0,488.99,477.0,482.44,3445854,False,FFC
2025-10-14,478.0,484.99,476.0,477.24,2705867,False,FFC
2025-10-13,475.1,478.0,467.0,474.04,3481489,False,FFC
2025-10-10,473.5,489.0,468.49,481.04,3039458,False,FFC
2025-10-09,475.38,477.85,470.1,475.16,1630983,False,FFC
2025-10-08,482.0,482.0,473.1,475.38,2927164,False,FFC
2025-10-07,489.89,490.0,481.0,482.52,2153354,False,FFC
2025-10-06,485.0,494.9,480.0,486.62,4486357,False,FFC
2025-10-03,467.0,484.0,467.0,481.69,5450020,False,FFC
2025-10-02,466.99,467.4,459.11,463.47,2343001,False,FFC
2025-10-01,465.0,467.49,458.5,464.6,2236492,False,FFC
2025-09-30,469.0,474.29,462.0,462.84,3227258,False,FFC
2025-09-29,457.0,469.89,452.0,467.62,4126708,False,FFC
2025-09-26,443.5,455.4,443.26,453.54,6755801,False,FFC
2025-09-25,447.0,447.0,441.7,442.18,1914578,False,FFC
2025-09-24,448.0,452.0,443.01,443.91,1320212,False,FFC
2025-09-23,448.73,455.0,445.5,447.46,1165463,False,FFC
2025-09-22,452.99,453.99,447.5,448.73,1335828,False,FFC
2025-09-19,453.29,455.0,451.0,451.65,514239,False,FFC
2025-09-18,454.0,455.5,451.5,453.15,977164,False,FFC
2025-09-17,453.98,454.5,448.49,452.46,865622,False,FFC
2025-09-16,457.15,460.0,451.95,452.59,1595164,False,FFC
2025-09-15,448.01,459.0,447.01,456.21,863105,False,FFC
2025-09-12,452.0,454.86,445.0,446.99,604518,False,FFC
2025-09-11,454.0,458.46,451.6,452.95,747686,False,FFC
2025-09-10,458.0,461.39,455.0,455.87,1778983,False,FFC
2025-09-09,451.99,459.9,449.05,457.09,3184024,False,FFC
2025-09-08,446.0,452.11,445.0,450.03,2271795,False,FFC
2025-09-05,451.0,453.0,444.2,447.08,1351142,False,FFC
2025-09-04,447.0,454.7,446.5,450.69,3414581,False,FFC
2025-09-03,440.5,448.48,440.5,445.65,4199286,False,FFC
2025-09-02,433.5,440.15,430.51,439.26,1246210,False,FFC
2025-09-01,434.0,440.88,425.0,433.55,2576761,False,FFC
2025-08-29,437.25,440.0,435.55,436.31,725022,False,FFC
2025-08-28,440.0,442.0,434.0,436.44,1235448,False,FFC
2025-08-27,444.51,452.2,439.5,440.46,2492253,False,FFC
2025-08-26,436.74,444.87,435.0,441.83,2316037,False,FFC
2025-08-25,437.11,439.79,434.0,436.65,692494,False,FFC
2025-08-22,436.98,442.0,434.8,437.12,5105826,False,FFC
2025-08-21,437.0,442.5,433.5,433.94,7185967,False,FFC
2025-08-20,441.54,443.0,435.9,436.66,1817922,False,FFC
2025-08-19,444.32,445.99,439.5,441.54,1540546,False,FFC
2025-08-18,443.0,446.85,440.06,444.32,1140487,False,FFC
2025-08-15,443.0,445.8,441.15,442.33,2249571,False,FFC
2025-08-13,447.3,453.0,441.05,442.48,1415239,False,FFC
2025-08-12,451.89,455.1,446.2,447.25,1834615,False,FFC
2025-08-11,459.0,465.0,451.1,452.25,2716599,False,FFC
2025-08-08,449.38,475.0,440.0,453.23,10147069,False,FFC
2025-08-07,460.0,460.88,446.5,449.38,2787767,False,FFC
2025-08-06,470.99,473.0,449.98,465.53,6692036,False,FFC
2025-08-05,461.5,475.75,461.5,470.42,4778350,False,FFC
2025-08-04,458.47,462.0,455.51,460.84,2673024,False,FFC
2025-08-01,460.0,461.5,454.8,458.47,2146032,False,FFC
2025-07-31,465.0,469.39,455.0,457.6,2066423,False,FFC
2025-07-30,467.0,470.5,462.5,464.14,1217782,False,FFC
2025-07-29,468.0,476.5,465.11,467.43,4320236,False,FFC
2025-07-28,462.93,466.74,460.4,463.95,891725,False,FFC
2025-07-25,463.0,466.75,462.0,462.93,404751,False,FFC
2025-07-24,469.0,470.98,462.0,463.22,579790,False,FFC
2025-07-23,473.01,476.0,468.01,468.64,1113464,False,FFC
2025-07-22,460.51,481.98,460.51,469.4,2299489,False,FFC
2025-07-21,469.5,472.95,462.0,462.63,1430727,False,FFC
2025-07-18,470.0,490.0,465.0,469.56,6741644,False,FFC
2025-07-17,439.98,460.0,439.98,450.94,5014390,False,FFC
2025-07-16,418.42,443.2,417.5,438.14,5384435,False,FFC
2025-07-15,412.53,424.0,409.5,415.54,4398897,False,FFC
2025-07-14,408.4,414.9,406.0,412.53,1645667,False,FFC
2025-07-11,405.97,412.0,405.1,405.75,1215743,False,FFC
2025-07-10,401.9,405.99,401.5,404.75,729807,False,FFC
2025-07-09,406.99,406.99,400.7,402.01,1257874,False,FFC
2025-07-08,409.99,410.0,403.5,406.22,1089933,False,FFC
2025-07-07,406.11,411.67,406.11,408.36,1426719,False,FFC
2025-07-04,417.0,417.0,403.0,404.86,1818337,False,FFC
2025-07-03,414.4,416.5,408.0,413.74,1245585,False,FFC
2025-07-02,408.31,419.4,408.31,413.8,2404409,False,FFC
2025-07-01,396.16,424.98,396.16,412.2,5743151,False,FFC
2025-06-30,387.0,395.75,383.25,392.41,1691136,False,FFC
2025-06-27,378.0,393.0,378.0,386.54,2555814,False,FFC
2025-06-26,380.0,380.0,376.01,378.1,646232,False,FFC
2025-06-25,379.99,381.5,377.0,378.13,598595,False,FFC
2025-06-24,382.0,382.0,376.0,377.82,1675741,False,FFC
2025-06-23,370.0,374.88,369.71,371.81,2266260,False,FFC
2025-06-20,376.0,376.51,373.0,374.05,517905,False,FFC
2025-06-19,375.0,378.9,373.99,375.45,779533,False,FFC
2025-06-18,377.0,378.0,374.0,374.55,855820,False,FFC
2025-06-17,380.0,382.44,375.51,376.6,490513,False,FFC
2025-06-16,378.59,380.0,375.05,377.62,365382,False,FFC
2025-06-13,374.01,383.0,374.01,378.59,896241,False,FFC
2025-06-12,386.49,391.65,382.51,383.31,1299086,False,FFC
2025-06-11,384.01,388.0,382.01,386.17,1163351,False,FFC
2025-06-10,372.94,384.8,371.03,379.03,1435155,False,FFC
2025-06-05,374.79,375.0,370.1,372.93,299701,False,FFC
2025-06-04,373.0,376.0,371.1,374.79,1677490,False,FFC
2025-06-03,365.07,375.0,365.07,371.94,4787806,False,FFC
2025-06-02,371.0,373.88,363.55,365.39,2067310,False,FFC
2025-05-30,358.0,370.5,355.0,367.39,1950609,False,FFC
2025-05-29,355.0,360.0,355.0,359.36,375871,False,FFC
2025-05-27,357.5,359.0,355.78,357.01,415111,False,FFC
2025-05-26,360.0,361.48,356.41,357.44,405528,False,FFC
2025-05-23,361.95,362.0,359.52,360.04,306606,False,FFC
2025-05-22,362.1,365.49,361.11,361.95,551933,False,FFC
2025-05-21,364.2,367.0,361.51,362.51,570082,False,FFC
2025-05-20,367.1,368.0,362.0,362.4,664767,False,FFC
2025-05-19,370.2,370.2,365.01,366.14,723490,False,FFC
2025-05-16,372.9,372.9,368.0,368.36,825762,False,FFC
2025-05-15,373.99,374.98,370.5,373.56,874562,False,FFC
2025-05-14,369.9,378.6,365.01,372.36,10549653,False,FFC
2025-05-13,380.0,380.0,366.05,368.79,1503139,False,FFC
2025-05-12,371.43,371.43,366.0,371.43,3064636,False,FFC
2025-05-09,329.9,339.5,325.0,337.66,3507282,False,FFC
2025-05-08,350.0,354.0,314.18,331.3,5731517,False,FFC
2025-05-07,330.01,367.49,330.01,356.09,4727615,False,FFC
2025-05-06,356.0,361.95,355.5,356.63,822914,False,FFC
2025-05-05,353.49,356.99,350.0,356.41,520825,False,FFC
2025-05-02,353.99,359.9,350.52,351.86,1181451,False,FFC
2025-04-30,352.99,355.2,348.0,350.68,2490268,False,FFC
2025-04-29,358.01,359.9,351.0,356.64,1015748,False,FFC
2025-04-28,359.9,364.39,354.5,358.34,1293660,False,FFC
2025-04-25,354.0,361.5,350.0,358.89,1460600,False,FFC
2025-04-24,350.0,359.95,350.0,354.44,1424330,False,FFC
2025-04-23,357.02,368.98,355.0,358.58,1729427,False,FFC
2025-04-22,342.51,364.99,342.51,360.19,3244836,False,FFC
2025-04-21,345.07,346.99,339.3,343.38,1781417,False,FFC
2025-04-18,352.06,352.06,340.0,344.62,2144220,False,FFC
2025-04-17,352.0,356.0,350.05,352.06,868913,False,FFC
2025-04-16,353.5,357.0,352.0,353.4,851256,False,FFC
2025-04-15,352.5,357.84,351.0,352.74,1260194,False,FFC
2025-04-14,356.11,358.6,347.9,351.81,2034307,False,FFC
2025-04-11,363.0,363.0,355.0,355.82,1293884,False,FFC
2025-04-10,370.0,373.0,362.0,362.52,951478,False,FFC
2025-04-09,362.0,364.9,355.1,361.1,1810470,False,FFC
2025-04-08,366.0,369.25,362.0,362.79,1957241,False,FFC
2025-04-07,369.0,369.5,344.0,364.88,2699575,False,FFC
2025-04-04,367.5,374.16,367.5,370.38,1747673,False,FFC
2025-04-03,371.0,372.0,365.01,367.86,1415857,False,FFC
2025-03-27,374.0,375.0,368.01,369.76,1526604,False,FFC
2025-03-26,375.0,378.0,372.93,374.09,725327,False,FFC
2025-03-25,372.56,375.0,368.11,373.73,1273893,False,FFC
2025-03-24,379.0,379.85,372.0,372.79,905239,False,FFC
2025-03-21,382.38,383.89,377.0,378.2,846847,False,FFC
2025-03-20,380.0,389.0,380.0,382.38,1798871,False,FFC
2025-03-19,402.01,402.25,398.5,399.37,2459057,False,FFC
2025-03-18,395.94,402.98,394.0,400.21,2116605,False,FFC
2025-03-17,399.4,401.99,390.0,394.57,1859547,False,FFC
2025-03-14,396.0,399.0,395.0,397.49,960831,False,FFC
2025-03-13,391.85,395.45,390.05,393.42,673213,False,FFC
2025-03-12,392.2,394.0,387.0,388.3,1033336,False,FFC
2025-03-11,393.0,395.8,392.0,392.81,480872,False,FFC
2025-03-10,397.0,399.99,393.0,394.24,1613423,False,FFC
2025-03-07,398.15,398.9,393.0,396.02,1509104,False,FFC
2025-03-06,398.0,399.99,394.5,398.11,2749521,False,FFC
2025-03-05,399.0,402.22,396.01,396.97,1159512,False,FFC
2025-03-04,396.23,402.0,394.0,398.96,580547,False,FFC
2025-03-03,399.5,399.5,396.0,396.23,758785,False,FFC
2025-02-28,398.5,403.0,396.0,397.45,873235,False,FFC
2025-02-27,402.5,403.89,400.25,401.64,465521,False,FFC
2025-02-26,403.0,403.97,400.5,401.96,417315,False,FFC
2025-02-25,405.1,411.9,400.95,402.91,2365345,False,FFC
2025-02-24,396.0,407.9,396.0,405.09,2649788,False,FFC
2025-02-21,398.89,398.89,396.0,396.64,2255486,False,FFC
2025-02-20,398.0,399.0,396.55,397.5,4448109,False,FFC
2025-02-19,393.0,397.99,393.0,396.76,3874273,False,FFC
2025-02-18,391.05,392.75,389.0,392.13,1357158,False,FFC
2025-02-17,391.0,393.0,388.5,390.52,1050356,False,FFC
2025-02-14,388.5,392.2,388.01,390.64,951558,False,FFC
2025-02-13,388.88,392.4,387.75,388.04,900614,False,FFC
2025-02-12,391.0,394.0,387.0,388.88,1429695,False,FFC
2025-02-11,384.0,390.88,383.75,389.08,1300398,False,FFC
2025-02-10,384.0,385.99,380.02,383.44,927817,False,FFC
2025-02-07,377.4,384.0,376.0,382.81,1067512,False,FFC
2025-02-06,380.79,380.79,372.61,376.42,2573724,False,FFC
2025-02-04,387.99,388.0,380.5,380.97,1348815,False,FFC
2025-02-03,392.0,392.0,383.0,384.33,1946531,False,FFC
2025-01-31,392.39,395.96,390.05,391.51,1477425,False,FFC
2025-01-30,390.0,395.0,385.01,392.42,2914119,False,FFC
2025-01-29,400.0,403.0,384.0,389.19,9273783,False,FFC
2025-01-28,410.5,413.25,390.11,398.67,5986835,False,FFC
2025-01-27,414.88,418.0,408.58,409.66,3659868,False,FFC
2025-01-24,395.0,415.9,395.0,408.06,8399194,False,FFC
2025-01-23,395.1,397.8,392.8,393.75,2792304,False,FFC
2025-01-22,397.0,397.99,392.01,394.58,2914788,False,FFC
2025-01-21,392.0,401.89,390.55,395.21,5473618,False,FFC
2025-01-20,390.0,396.5,388.61,390.89,3858034,False,FFC
2025-01-17,385.2,392.99,383.0,387.02,3573120,False,FFC
2025-01-16,388.54,393.95,384.25,385.13,3177510,False,FFC
2025-01-15,384.9,391.0,384.25,388.54,2795920,False,FFC
2025-01-14,388.4,389.49,383.96,384.56,1630106,False,FFC
2025-01-13,386.0,388.5,383.0,386.03,1975797,False,FFC
2025-01-10,380.0,386.86,377.02,383.73,2363368,False,FFC
2025-01-09,384.99,387.0,376.6,381.79,1699265,False,FFC
2025-01-08,385.01,398.5,379.0,382.72,7099700,False,FFC
2025-01-07,384.5,384.5,370.2,381.13,4914860,False,FFC
2025-01-06,390.3,397.5,382.01,383.58,5516192,False,FFC
2025-01-03,380.0,391.25,380.0,388.6,5494609,False,FFC
2025-01-02,380.0,387.98,374.97,378.8,3606962,False,FFC
2025-01-01,367.5,392.92,365.5,379.09,7045028,False,FFC
2024-12-31,374.98,374.98,365.0,366.32,3274817,False,FFC
2024-12-30,375.0,377.9,365.75,371.94,3713151,False,FFC
2024-12-27,374.99,377.75,372.79,374.26,1885688,False,FFC
2024-12-26,383.0,383.0,371.2,373.3,2532108,False,FFC
2024-12-24,403.0,404.9,374.0,384.54,7635691,False,FFC
2024-12-23,391.0,402.0,388.0,399.11,3292625,False,FFC
2024-12-20,375.0,389.0,365.01,385.18,3876964,False,FFC
2024-12-19,374.5,403.0,358.21,370.59,7411503,False,FFC
2024-12-18,400.0,412.02,372.0,375.65,3010980,False,FFC
2024-12-17,421.0,423.99,393.0,398.63,3239947,False,FFC
2024-12-16,404.9,435.0,401.01,420.11,3823082,False,FFC
2024-12-13,388.0,404.84,388.0,399.41,4595243,False,FFC
2024-12-12,350.75,385.46,350.75,385.18,7953893,False,FFC
2024-12-11,348.8,355.3,348.8,350.42,1862609,False,FFC
2024-12-10,349.99,360.4,341.1,348.8,4695198,False,FFC
2024-12-09,347.01,357.0,338.05,348.37,2973076,False,FFC
2024-12-06,352.0,353.99,345.02,347.08,2473577,False,FFC
2024-12-05,340.49,350.5,340.0,349.12,4797836,False,FFC
2024-12-04,338.01,339.7,333.01,336.55,1061778,False,FFC
2024-12-03,333.1,340.0,328.65,336.85,3372629,False,FFC
2024-12-02,326.0,334.4,326.0,332.49,3626862,False,FFC
2024-11-29,326.0,330.0,321.2,324.89,2314462,False,FFC
2024-11-28,330.0,335.79,321.0,325.67,3183787,False,FFC
2024-11-27,329.86,329.86,312.07,327.17,5071638,False,FFC
2024-11-26,311.0,311.0,296.76,299.87,3203674,False,FFC
2024-11-25,325.71,325.71,310.0,312.91,2548796,False,FFC
2024-11-22,329.98,343.5,320.1,322.33,5795649,False,FFC
2024-11-21,299.4,325.8,298.75,325.8,8039216,False,FFC
2024-11-20,286.15,298.75,286.09,296.18,4315488,False,FFC
2024-11-19,284.38,287.44,284.38,285.82,3203575,False,FFC
2024-11-18,280.89,285.39,278.0,284.38,1684034,False,FFC
2024-11-15,277.0,281.99,277.0,279.36,686633,False,FFC
2024-11-14,279.5,281.0,277.0,278.16,765121,False,FFC
2024-11-13,282.74,283.89,278.51,279.48,881551,False,FFC
2024-11-12,281.0,286.5,279.3,282.74,1015736,False,FFC
2024-11-11,285.18,286.0,278.5,281.97,2022329,False,FFC
2024-11-08,283.01,286.74,282.3,285.18,1321904,False,FFC
2024-11-07,284.2,286.0,282.0,283.03,1244433,False,FFC
2024-11-06,285.0,289.0,283.31,283.92,1581226,False,FFC
2024-11-05,285.0,285.7,282.71,284.39,1134129,False,FFC
2024-11-04,284.99,287.5,283.0,283.91,1755726,False,FFC
2024-11-01,283.01,285.96,282.5,283.76,943166,False,FFC
2024-10-31,281.93,287.5,279.1,281.41,2355333,False,FFC
2024-10-30,289.0,298.0,280.0,281.92,4549801,False,FFC
2024-10-29,280.0,292.65,278.0,287.08,3683312,False,FFC
2024-10-28,285.45,286.44,263.05,278.3,5869262,False,FFC
2024-10-25,274.99,288.85,270.0,284.46,4236762,False,FFC
2024-10-24,258.5,281.46,258.0,273.02,6772870,False,FFC
2024-10-23,243.0,257.97,237.33,255.87,4372606,False,FFC
2024-10-22,247.35,249.43,241.5,242.51,955940,False,FFC
2024-10-21,248.79,249.98,245.1,247.33,850268,False,FFC
2024-10-18,252.79,253.0,245.5,246.67,652093,False,FFC
2024-10-17,255.0,256.5,252.1,252.79,631253,False,FFC
2024-10-16,258.98,258.98,254.0,254.28,1135200,False,FFC
2024-10-15,253.2,259.0,253.0,255.11,2202073,False,FFC
2024-10-14,243.8,257.95,243.0,253.09,3619974,False,FFC
2024-10-11,241.0,245.9,238.01,243.75,1530637,False,FFC
2024-10-10,245.0,246.9,240.0,240.74,972933,False,FFC
2024-10-09,248.0,249.98,242.75,244.21,1118276,False,FFC
2024-10-08,245.01,250.97,245.0,247.76,2678460,False,FFC
2024-10-07,238.8,250.8,237.49,244.88,2441217,False,FFC
2024-10-04,247.12,251.9,235.75,238.84,3016956,False,FFC
2024-10-03,223.9,247.5,223.9,243.53,4978307,False,FFC
2024-10-02,221.3,227.4,220.5,225.03,2159363,False,FFC
2024-10-01,222.06,226.0,219.61,222.31,1967188,False,FFC
2024-09-30,216.85,224.99,216.6,222.45,4588796,False,FFC
2024-09-27,210.0,219.0,207.5,216.85,2911252,False,FFC
2024-09-26,218.0,218.0,208.6,210.8,1987864,False,FFC
2024-09-25,219.5,223.97,214.0,216.35,2353746,False,FFC
2024-09-24,212.0,222.0,212.0,219.08,5960361,False,FFC
2024-09-23,196.75,212.82,195.75,210.58,5873555,False,FFC
2024-09-20,195.36,204.76,191.3,196.81,10713110,False,FFC
2024-09-19,186.0,199.74,186.0,195.35,3220277,False,FFC
2024-09-18,182.9,187.75,182.2,185.74,1722155,False,FFC
2024-09-16,182.05,183.1,181.5,182.65,352237,False,FFC
2024-09-13,183.0,185.95,181.8,182.48,2337619,False,FFC
2024-09-12,178.74,181.0,178.0,180.15,298847,False,FFC
2024-09-11,181.0,182.4,177.42,177.95,1492568,False,FFC
2024-09-10,185.0,187.9,179.5,180.46,3385059,False,FFC
2024-09-09,181.92,184.7,181.5,184.27,808073,False,FFC
2024-09-06,183.02,184.79,181.11,181.71,1226281,False,FFC
2024-09-05,182.0,184.14,181.0,183.02,788061,False,FFC
2024-09-04,181.8,182.8,180.0,181.94,443877,False,FFC
2024-09-03,181.85,182.45,179.1,181.3,420702,False,FFC
2024-09-02,181.79,184.25,180.45,181.2,867534,False,FFC
2024-08-30,179.0,183.6,179.0,181.91,4745944,False,FFC
2024-08-29,178.51,179.9,178.3,178.65,539059,False,FFC
2024-08-28,177.1,178.6,176.0,178.14,680635,False,FFC
2024-08-27,179.5,179.6,175.72,176.32,1554638,False,FFC
2024-08-26,181.6,182.11,178.0,179.41,1609597,False,FFC
2024-08-23,179.0,182.8,179.0,180.9,1283839,False,FFC
2024-08-22,172.75,183.7,172.7,179.12,2382176,False,FFC
2024-08-21,170.71,173.0,169.0,172.47,922356,False,FFC
2024-08-20,171.75,171.75,169.45,169.69,294428,False,FFC
2024-08-19,171.1,172.15,165.5,171.75,4635076,False,FFC
2024-08-16,170.0,171.4,169.6,170.34,987930,False,FFC
2024-08-15,165.51,173.98,165.51,169.62,2105338,False,FFC
2024-08-13,166.2,166.45,164.02,164.69,636205,False,FFC
2024-08-12,166.0,167.0,165.0,166.2,683624,False,FFC
2024-08-09,167.51,169.59,165.0,166.03,1410166,False,FFC
2024-08-08,175.0,175.0,167.86,168.33,6905115,False,FFC
2024-08-07,188.8,189.09,184.55,185.9,2933307,False,FFC
2024-08-06,189.7,189.7,185.75,188.33,1873055,False,FFC
2024-08-05,185.36,190.79,185.11,187.79,3661164,False,FFC
2024-08-02,188.0,191.4,186.02,186.62,3997309,False,FFC
2024-08-01,180.4,187.99,180.3,187.33,5628254,False,FFC
2024-07-31,187.0,187.0,180.0,180.54,5092509,False,FFC
2024-07-30,173.5,182.0,168.7,178.82,7815600,False,FFC
2024-07-29,165.55,172.8,165.0,170.25,2142547,False,FFC
2024-07-26,166.2,167.05,163.75,164.98,690924,False,FFC
2024-07-25,168.5,168.5,166.0,166.47,1436087,False,FFC
2024-07-24,164.05,170.32,163.5,167.07,1380009,False,FFC
2024-07-23,162.0,165.55,162.0,163.55,523748,False,FFC
2024-07-22,167.11,169.0,160.0,162.96,1705663,False,FFC
2024-07-19,175.75,177.0,165.1,167.11,1744824,False,FFC
2024-07-18,175.0,177.1,173.4,175.41,706243,False,FFC
2024-07-15,171.0,176.4,171.0,175.04,2015734,False,FFC
2024-07-12,171.85,172.86,167.11,170.42,1901378,False,FFC
2024-07-11,168.0,172.2,168.0,171.6,644230,False,FFC
2024-07-10,169.99,170.2,167.7,168.11,514035,False,FFC
2024-07-09,166.95,170.01,166.3,169.27,934423,False,FFC
2024-07-08,166.65,167.0,165.8,166.43,517428,False,FFC
2024-07-05,168.0,169.0,166.09,166.75,1247733,False,FFC
2024-07-04,168.7,170.0,166.85,167.47,1050132,False,FFC
2024-07-03,170.95,174.0,168.02,168.29,2225488,False,FFC
2024-07-02,163.35,172.5,163.35,170.81,2771716,False,FFC
2024-07-01,164.0,167.0,160.5,163.66,1378804,False,FFC
2024-06-28,164.34,166.0,163.0,163.38,805447,False,FFC
2024-06-27,162.05,165.2,161.12,164.3,1390547,False,FFC
2024-06-26,151.05,162.6,151.0,161.71,4716580,False,FFC
2024-06-25,152.9,154.0,151.5,151.78,389437,False,FFC
2024-06-24,153.73,157.3,151.45,152.39,1988571,False,FFC
2024-06-21,150.0,153.1,147.5,152.23,1882011,False,FFC
2024-06-20,145.15,150.1,144.65,149.51,3261132,False,FFC
2024-06-14,146.1,147.0,144.0,144.09,798796,False,FFC
2024-06-13,139.3,146.25,138.11,145.17,2288206,False,FFC
2024-06-12,136.4,136.72,136.0,136.17,907812,False,FFC
2024-06-11,138.5,138.5,135.0,136.06,367301,False,FFC
2024-06-10,137.65,138.55,136.5,137.2,393719,False,FFC
2024-06-07,136.0,140.25,134.25,139.71,1066634,False,FFC
2024-06-06,138.0,139.0,135.8,136.65,501062,False,FFC
2024-06-05,137.98,139.2,137.0,138.12,471045,False,FFC
2024-06-04,139.73,140.0,137.55,137.83,664562,False,FFC
2024-06-03,142.0,142.44,139.55,139.73,656697,False,FFC
2024-05-31,141.5,142.25,139.75,141.79,450893,False,FFC
2024-05-30,142.0,142.45,138.9,139.29,1080693,False,FFC
2024-05-29,144.31,145.11,141.0,141.6,1218053,False,FFC
2024-05-27,148.0,148.0,144.0,144.18,1245160,False,FFC
2024-05-24,145.7,147.9,145.5,147.55,1991344,False,FFC
2024-05-23,144.0,147.3,143.8,145.19,1195328,False,FFC
2024-05-22,142.1,144.65,142.1,143.97,1271233,False,FFC
2024-05-21,144.5,144.99,142.2,142.8,652521,False,FFC
2024-05-20,144.5,145.4,143.01,144.27,633851,False,FFC
2024-05-17,143.05,144.8,143.0,144.47,1136130,False,FFC
2024-05-16,143.01,143.98,142.0,143.27,997743,False,FFC
2024-05-15,143.13,144.06,141.02,142.98,1586598,False,FFC
2024-05-14,142.0,145.9,142.0,142.42,2246006,False,FFC
2024-05-13,144.5,144.5,141.01,141.93,1356545,False,FFC
2024-05-10,142.5,143.89,142.5,143.08,542503,False,FFC
2024-05-09,145.7,145.7,141.6,142.46,3508992,False,FFC
2024-05-08,149.1,152.4,148.01,151.05,9933330,False,FFC
2024-05-07,150.0,151.0,149.05,149.45,1106218,False,FFC
2024-05-06,147.0,151.3,147.0,149.98,3430657,False,FFC
2024-05-03,144.0,146.75,143.5,146.07,2823345,False,FFC
2024-05-02,145.64,145.75,142.75,143.36,3072687,False,FFC
2024-04-30,145.0,147.75,144.8,145.64,2832211,False,FFC
2024-04-29,147.7,150.4,142.8,144.72,4646319,False,FFC
2024-04-26,142.04,151.5,141.85,147.22,3468073,False,FFC
2024-04-25,142.45,143.0,141.75,142.51,935937,False,FFC
2024-04-24,142.49,144.9,141.45,142.19,3602518,False,FFC
2024-04-23,143.1,143.49,141.07,142.08,903225,False,FFC
2024-04-22,141.7,144.0,140.79,142.51,2153745,False,FFC
2024-04-19,139.23,141.75,138.6,141.2,1457153,False,FFC
2024-04-18,139.38,140.0,136.4,139.23,1564517,False,FFC
2024-04-17,140.0,141.5,138.5,138.76,898888,False,FFC
2024-04-16,144.2,147.0,139.9,140.23,3382388,False,FFC
2024-04-15,144.38,145.9,140.3,143.51,4881164,False,FFC
2024-04-09,132.02,142.61,132.02,142.61,3786880,False,FFC
2024-04-08,126.5,134.7,126.5,132.66,3250425,False,FFC
2024-04-04,127.01,128.0,126.13,126.47,694820,False,FFC
2024-04-03,127.0,127.55,126.4,126.85,1134308,False,FFC
2024-04-02,125.99,127.4,124.9,126.86,1102039,False,FFC
2024-04-01,126.25,126.5,124.9,125.68,578543,False,FFC
2024-03-29,128.55,128.6,126.0,126.25,688287,False,FFC
2024-03-28,129.0,130.45,128.0,128.52,14651169,False,FFC
2024-03-27,128.0,129.7,127.75,128.65,4035570,False,FFC
2024-03-26,122.0,127.75,122.0,127.27,3355357,False,FFC
2024-03-25,121.0,122.5,120.55,122.01,1866971,False,FFC
2024-03-22,122.0,122.0,120.5,121.14,226320,False,FFC
2024-03-21,120.98,123.5,120.55,121.63,1112002,False,FFC
2024-03-20,122.1,124.28,122.1,124.0,3207061,False,FFC
2024-03-19,120.1,122.74,120.1,121.78,2268635,False,FFC
2024-03-18,117.8,120.56,117.55,120.12,855092,False,FFC
2024-03-15,117.5,118.45,116.9,117.73,991183,False,FFC
2024-03-14,118.4,118.85,117.5,118.32,267056,False,FFC
2024-03-13,117.38,118.5,116.95,117.26,222341,False,FFC
2024-03-12,117.86,118.3,117.25,117.38,124947,False,FFC
2024-03-11,117.5,118.35,117.5,117.98,453500,False,FFC
2024-03-08,117.52,118.25,117.0,117.13,287027,False,FFC
2024-03-07,117.86,118.44,117.4,117.9,470451,False,FFC
2024-03-06,119.0,119.0,118.0,118.4,118534,False,FFC
2024-03-05,120.0,120.0,118.0,118.76,409390,False,FFC
2024-03-04,120.6,120.95,119.0,119.36,388961,False,FFC
2024-03-01,119.4,120.5,118.3,120.14,637892,False,FFC
2024-02-29,118.0,121.55,117.3,119.33,3414841,False,FFC
2024-02-28,113.58,118.0,112.76,117.29,2079428,False,FFC
2024-02-27,113.0,113.5,112.8,112.94,221420,False,FFC
2024-02-26,113.9,114.0,112.5,112.89,360446,False,FFC
2024-02-23,110.0,114.48,110.0,113.23,1496539,False,FFC
2024-02-22,109.8,110.51,108.91,110.01,1458865,False,FFC
2024-02-21,110.0,110.38,108.7,109.28,602733,False,FFC
2024-02-20,109.0,110.49,108.25,109.13,798244,False,FFC
2024-02-19,108.5,109.75,108.0,109.06,309586,False,FFC
2024-02-16,111.35,111.89,108.52,109.25,1358006,False,FFC
2024-02-15,112.99,113.0,110.85,111.32,828170,False,FFC
2024-02-14,113.45,114.0,112.0,112.84,424317,False,FFC
2024-02-13,112.0,113.4,111.15,113.25,311896,False,FFC
2024-02-12,112.25,113.2,111.53,112.45,904332,False,FFC
2024-02-09,112.42,113.6,110.0,112.6,1663532,False,FFC
2024-02-07,113.7,113.85,113.27,113.52,670013,False,FFC
2024-02-06,113.12,114.8,113.08,113.25,3839057,False,FFC
2024-02-02,114.0,114.25,113.02,113.86,596889,False,FFC
2024-02-01,113.7,114.5,113.25,113.94,986980,False,FFC
2024-01-31,112.5,114.25,112.5,113.47,2834118,False,FFC
2024-01-30,114.0,114.7,112.04,112.84,2273164,False,FFC
2024-01-29,115.5,115.55,113.66,113.96,1410951,False,FFC
2024-01-26,118.88,119.09,114.76,115.16,2000174,False,FFC
2024-01-25,118.0,118.9,117.8,118.05,2291175,False,FFC
2024-01-24,119.31,120.04,117.5,117.7,1769486,False,FFC
2024-01-23,119.15,119.84,118.0,119.31,2605017,False,FFC
2024-01-22,118.09,119.1,117.77,118.93,317007,False,FFC
2024-01-19,117.0,118.05,117.0,117.75,409948,False,FFC
2024-01-18,117.58,117.58,115.9,116.76,474281,False,FFC
2024-01-17,117.0,118.0,116.95,117.08,698466,False,FFC
2024-01-16,118.96,118.96,116.95,117.83,629325,False,FFC
2024-01-15,118.99,119.55,117.91,118.09,1444701,False,FFC
2024-01-12,118.99,119.5,117.9,118.01,1048863,False,FFC
2024-01-11,118.3,119.22,117.55,118.65,524471,False,FFC
2024-01-10,118.7,119.4,117.99,118.29,830443,False,FFC
2024-01-09,119.6,120.47,118.05,118.83,656869,False,FFC
2024-01-08,119.15,120.85,118.0,118.71,1460218,False,FFC
2024-01-05,120.3,121.1,117.5,118.49,983207,False,FFC
2024-01-04,120.9,122.25,120.0,120.29,1555011,False,FFC
2024-01-03,116.9,120.0,116.17,119.24,1731439,False,FFC
2024-01-02,117.0,117.0,115.01,116.32,1493329,False,FFC
2024-01-01,113.48,116.25,113.48,115.98,1015897,False,FFC
2023-12-29,111.7,113.9,111.7,113.19,2292219,False,FFC
2023-12-28,111.0,113.4,110.61,111.42,2564222,False,FFC
2023-12-27,109.0,111.1,108.5,110.61,3281503,False,FFC
2023-12-26,112.99,112.99,109.0,109.8,2907638,False,FFC
2023-12-22,113.23,114.0,112.0,112.37,397211,False,FFC
2023-12-21,114.6,114.65,112.3,113.16,555717,False,FFC
2023-12-20,115.0,116.0,111.85,114.13,1436987,False,FFC
2023-12-19,118.5,118.5,114.25,115.02,1106095,False,FFC
2023-12-18,121.15,121.15,117.86,118.22,527324,False,FFC
2023-12-15,118.9,121.0,118.6,120.58,1164771,False,FFC
2023-12-14,116.0,118.9,115.5,118.65,1070692,False,FFC
2023-12-13,119.9,120.5,115.8,116.14,1688346,False,FFC
2023-12-12,121.0,122.0,119.25,119.9,1339699,False,FFC
2023-12-11,116.5,121.74,116.1,120.77,3804972,False,FFC
2023-12-08,115.0,118.5,115.0,116.49,4249105,False,FFC
2023-12-07,114.6,115.5,113.5,114.59,1350589,False,FFC
2023-12-06,112.03,114.65,112.03,113.74,791006,False,FFC
2023-12-05,114.0,114.2,112.7,113.43,1091872,False,FFC
2023-12-04,113.35,114.65,113.1,113.78,1059661,False,FFC
2023-12-01,112.51,113.5,112.25,112.88,1007777,False,FFC
2023-11-30,111.99,115.4,111.5,112.31,2838100,False,FFC
2023-11-29,111.11,112.34,110.95,111.73,953727,False,FFC
2023-11-28,112.0,112.47,111.1,111.62,1056047,False,FFC
2023-11-27,111.51,112.62,110.95,111.87,1663813,False,FFC
2023-11-24,108.65,110.99,108.4,110.71,5505692,False,FFC
2023-11-23,107.11,108.9,106.85,108.52,2699952,False,FFC
2023-11-22,106.0,108.0,106.0,107.07,2850518,False,FFC
2023-11-21,106.5,107.5,105.2,105.5,904403,False,FFC
2023-11-20,105.13,106.5,105.0,106.18,851699,False,FFC
2023-11-17,106.8,107.0,105.0,105.33,686877,False,FFC
2023-11-16,106.0,107.25,105.0,106.23,2937260,False,FFC
2023-11-15,106.23,106.65,105.27,105.77,1503877,False,FFC
2023-11-14,107.0,107.09,105.25,105.91,1696846,False,FFC
2023-11-13,105.0,107.0,104.36,106.67,3194930,False,FFC
2023-11-10,102.6,105.15,102.55,104.02,2359039,False,FFC
2023-11-08,101.5,103.0,101.5,102.01,1554408,False,FFC
2023-11-07,102.02,102.5,101.75,102.06,2184784,False,FFC
2023-11-06,101.88,102.14,101.52,102.02,236650,False,FFC
2023-11-03,102.45,102.45,100.86,101.46,409646,False,FFC
2023-11-02,103.01,104.66,103.0,104.35,725751,False,FFC
2023-11-01,103.49,104.01,102.61,102.98,408883,False,FFC
2023-10-31,102.01,103.98,102.0,103.37,536234,False,FFC
2023-10-30,101.0,102.6,101.0,102.52,258814,False,FFC
2023-10-27,101.45,101.5,100.7,100.95,421285,False,FFC
2023-10-26,102.4,102.5,101.2,101.42,404980,False,FFC
2023-10-25,105.06,106.95,102.01,102.41,1664284,False,FFC
2023-10-24,106.4,107.0,104.5,105.96,517756,False,FFC
2023-10-23,103.5,107.65,103.5,106.94,2428982,False,FFC
2023-10-20,101.98,104.9,101.8,104.44,1705183,False,FFC
2023-10-19,101.99,102.1,101.38,102.01,220120,False,FFC
2023-10-18,101.5,102.03,101.4,101.97,133780,False,FFC
2023-10-17,101.75,102.0,101.25,101.78,314718,False,FFC
2023-10-16,103.25,103.48,101.75,102.09,250939,False,FFC
2023-10-13,102.5,103.0,101.45,102.68,1085609,False,FFC
2023-10-12,100.0,103.47,100.0,102.92,2101321,False,FFC
2023-10-11,98.0,100.5,98.0,100.13,1356403,False,FFC
2023-10-10,96.01,98.5,96.0,98.02,742707,False,FFC
2023-10-09,94.0,96.53,93.2,96.38,648962,False,FFC
2023-10-06,93.8,94.25,93.1,93.92,269334,False,FFC
2023-10-05,93.22,94.0,92.69,93.76,587366,False,FFC
2023-10-04,92.98,93.18,92.51,92.77,584293,False,FFC
2023-10-03,92.97,92.99,92.3,92.48,582701,False,FFC
2023-10-02,92.99,93.5,92.0,92.54,840346,False,FFC
2023-09-28,93.49,93.49,92.55,92.84,167316,False,FFC
2023-09-27,92.08,94.0,92.0,93.28,433998,False,FFC
2023-09-26,92.3,92.75,92.0,92.14,390086,False,FFC
2023-09-25,92.95,93.0,92.07,92.35,215958,False,FFC
2023-09-22,92.2,93.0,91.75,92.84,407623,False,FFC
2023-09-21,91.0,92.82,90.45,92.07,616395,False,FFC
2023-09-20,92.0,92.04,90.85,90.97,478148,False,FFC
2023-09-19,92.0,92.6,90.8,91.89,648119,False,FFC
2023-09-18,92.39,92.7,92.35,92.49,160802,False,FFC
2023-09-15,94.25,94.89,91.81,92.22,1874930,False,FFC
2023-09-14,94.99,94.99,93.8,93.92,94780,False,FFC
2023-09-13,94.25,94.28,94.0,94.04,67580,False,FFC
2023-09-12,95.15,95.15,94.25,94.47,368767,False,FFC
2023-09-11,94.97,95.5,93.0,94.51,769241,False,FFC
2023-09-08,95.25,95.25,94.1,94.73,115231,False,FFC
2023-09-07,95.02,95.3,94.7,94.75,85963,False,FFC
2023-09-06,95.69,95.69,95.0,95.19,67221,False,FFC
2023-09-05,96.0,96.01,95.02,95.3,485360,False,FFC
2023-09-04,95.15,96.03,94.4,96.0,206370,False,FFC
2023-09-01,94.5,95.0,94.11,94.99,74007,False,FFC
2023-08-31,94.5,95.5,92.1,94.66,1529852,False,FFC
2023-08-30,95.05,95.96,93.85,94.28,396486,False,FFC
2023-08-29,96.14,96.14,95.4,95.53,192012,False,FFC
2023-08-28,95.47,96.25,95.47,96.14,595903,False,FFC
2023-08-25,95.12,95.98,95.05,95.57,386195,False,FFC
2023-08-24,95.5,95.5,94.95,95.12,521439,False,FFC
2023-08-23,95.0,95.9,94.51,95.39,243904,False,FFC
2023-08-22,95.62,95.84,94.91,95.0,437287,False,FFC
2023-08-21,96.48,96.48,95.06,95.53,283351,False,FFC
2023-08-18,96.0,97.5,96.0,96.48,487560,False,FFC
2023-08-17,96.35,96.99,95.0,96.56,712712,False,FFC
2023-08-16,97.99,97.99,95.38,95.5,737529,False,FFC
2023-08-15,96.7,98.4,96.6,97.58,1073640,False,FFC
2023-08-11,95.2,97.01,95.0,96.25,620035,False,FFC
2023-08-10,96.79,96.79,92.1,95.01,538185,False,FFC
2023-08-09,96.47,97.2,96.0,96.33,261639,False,FFC
2023-08-08,97.01,97.48,96.11,96.38,391947,False,FFC
2023-08-07,98.0,98.14,96.96,97.1,606980,False,FFC
2023-08-04,98.5,98.5,97.73,97.78,290573,False,FFC
2023-08-03,99.9,99.9,97.81,98.13,1052068,False,FFC
2023-08-02,101.0,101.6,100.5,100.89,1449047,False,FFC
2023-08-01,101.05,101.24,100.8,100.99,851928,False,FFC
2023-07-31,100.6,101.49,100.4,100.61,1070662,False,FFC
2023-07-27,100.89,101.09,100.25,100.51,557568,False,FFC
2023-07-26,100.51,101.49,100.39,100.45,946895,False,FFC
2023-07-25,100.0,101.25,99.98,100.33,1248274,False,FFC
2023-07-24,100.05,100.06,99.8,99.85,262019,False,FFC
2023-07-21,100.39,100.5,99.61,100.06,527643,False,FFC
2023-07-20,99.86,100.25,99.35,99.98,481154,False,FFC
2023-07-19,99.88,99.9,99.2,99.47,229697,False,FFC
2023-07-18,99.9,100.0,99.1,99.36,326459,False,FFC
2023-07-17,99.81,99.97,98.82,99.67,422841,False,FFC
2023-07-14,99.51,100.0,99.4,99.72,444557,False,FFC
2023-07-13,99.8,100.5,99.4,99.55,699093,False,FFC
2023-07-12,99.95,100.05,99.13,99.66,728448,False,FFC
2023-07-11,99.99,101.0,99.5,99.57,1336311,False,FFC
2023-07-10,100.23,100.23,99.25,99.45,516440,False,FFC
2023-07-07,100.0,100.25,99.01,99.64,375410,False,FFC
2023-07-06,99.95,100.0,99.0,99.5,605561,False,FFC
2023-07-05,100.0,100.5,99.45,99.47,886747,False,FFC
2023-07-04,101.85,101.85,99.55,99.89,580921,False,FFC
2023-07-03,100.5,102.9,100.5,101.38,1022901,False,FFC
2023-06-27,99.46,99.75,98.35,98.44,164896,False,FFC
2023-06-26,96.72,99.75,96.72,99.4,696062,False,FFC
2023-06-23,97.25,98.0,96.55,96.83,558972,False,FFC
2023-06-22,97.25,97.5,96.55,96.81,167966,False,FFC
2023-06-21,97.3,98.0,96.56,96.77,348552,False,FFC
2023-06-20,97.3,98.0,96.55,97.51,269324,False,FFC
2023-06-19,98.4,98.8,95.0,97.63,388555,False,FFC
2023-06-16,98.1,99.29,98.0,98.48,382907,False,FFC
2023-06-15,100.0,100.0,98.4,98.55,371533,False,FFC
2023-06-14,101.0,101.0,99.39,99.9,290620,False,FFC
2023-06-13,101.1,101.1,100.4,100.61,140563,False,FFC
2023-06-12,100.5,101.18,100.5,100.84,83245,False,FFC
2023-06-09,100.91,101.59,100.8,100.95,351063,False,FFC
2023-06-08,101.59,101.59,101.07,101.31,271645,False,FFC
2023-06-07,101.98,101.98,101.39,101.52,193458,False,FFC
2023-06-06,101.52,101.99,101.4,101.7,67129,False,FFC
2023-06-05,101.2,102.0,101.2,101.35,458521,False,FFC
2023-06-02,101.5,102.05,101.02,101.79,279536,False,FFC
2023-06-01,101.5,101.85,101.0,101.06,360767,False,FFC
2023-05-31,103.0,104.6,100.7,101.07,2002288,False,FFC
2023-05-30,101.95,103.25,100.49,102.77,611480,False,FFC
2023-05-29,101.3,102.18,101.25,102.06,151348,False,FFC
2023-05-26,101.5,102.15,101.25,101.52,205854,False,FFC
2023-05-25,102.0,102.15,101.4,101.87,116352,False,FFC
2023-05-24,102.19,102.19,101.64,101.89,286190,False,FFC
2023-05-23,102.35,102.35,101.25,102.04,250964,False,FFC
2023-05-22,103.0,103.0,101.7,101.95,518258,False,FFC
2023-05-19,102.88,103.0,102.3,102.99,623447,False,FFC
2023-05-18,103.25,103.25,102.62,102.76,155388,False,FFC
2023-05-17,102.34,103.3,102.1,103.1,1113551,False,FFC
2023-05-16,101.9,102.35,101.5,102.01,506638,False,FFC
2023-05-15,100.5,101.5,100.0,101.49,397048,False,FFC
2023-05-12,99.99,100.25,99.5,100.05,324991,False,FFC
2023-05-11,99.99,102.0,99.36,99.86,348438,False,FFC
2023-05-10,99.29,99.8,99.1,99.36,777927,False,FFC
2023-05-09,100.0,100.1,99.2,99.6,477404,False,FFC
2023-05-08,99.84,100.5,99.23,99.99,1067823,False,FFC
2023-05-05,103.0,103.65,102.71,103.49,936593,False,FFC
2023-05-04,103.04,103.5,102.73,102.92,866028,False,FFC
2023-05-03,103.01,103.28,102.57,103.09,738401,False,FFC
2023-05-02,103.0,103.49,102.5,103.26,486320,False,FFC
2023-04-28,103.0,103.25,102.26,102.87,637672,False,FFC
2023-04-27,101.99,103.58,101.5,102.79,1423698,False,FFC
2023-04-26,101.0,102.06,100.8,101.82,413647,False,FFC
2023-04-20,100.75,101.25,99.86,100.94,160300,False,FFC
2023-04-19,99.76,100.49,99.5,100.32,68033,False,FFC
2023-04-18,100.69,101.25,99.93,99.98,305608,False,FFC
2023-04-17,99.26,100.99,99.26,100.16,527524,False,FFC
2023-04-13,99.25,100.0,99.05,99.52,516931,False,FFC
2023-04-12,98.44,99.75,98.4,99.25,469839,False,FFC
2023-04-11,98.96,98.96,98.3,98.44,290473,False,FFC
2023-04-10,99.5,99.5,98.26,98.48,1010331,False,FFC
2023-04-07,99.9,99.85,99.0,99.44,213495,True,FFC
2023-04-06,99.0,100.0,98.96,99.81,503440,False,FFC
2023-04-05,98.7,99.4,98.52,98.78,206062,False,FFC
2023-04-04,98.5,98.85,98.01,98.72,487635,False,FFC
2023-04-03,100.0,100.0,98.52,98.65,143440,False,FFC
2023-03-31,99.02,100.04,98.81,99.97,405197,False,FFC
2023-03-30,99.25,99.25,98.65,99.06,265738,False,FFC
2023-03-29,99.8,99.9,98.96,99.24,295826,False,FFC
2023-03-28,99.0,99.94,98.8,99.77,243918,False,FFC
2023-03-27,97.99,99.0,97.8,98.81,465779,False,FFC
2023-03-24,98.5,98.5,97.45,97.52,193965,False,FFC
2023-03-22,101.94,101.94,100.66,100.83,696266,False,FFC
2023-03-21,101.79,101.79,101.06,101.49,950646,False,FFC
2023-03-20,101.75,102.0,101.01,101.05,2096680,False,FFC
2023-03-17,103.5,103.5,100.5,101.11,4809963,False,FFC
2023-03-16,103.9,103.95,103.25,103.33,96461,False,FFC
2023-03-15,102.97,103.75,102.76,103.56,368360,False,FFC
2023-03-14,103.0,103.01,102.5,102.73,169961,False,FFC
2023-03-13,102.5,103.4,102.5,103.09,552989,False,FFC
2023-03-10,102.0,102.62,101.75,102.51,343370,False,FFC
2023-03-09,102.0,102.45,101.76,102.18,116228,False,FFC
2023-03-08,101.79,102.35,101.79,101.97,552180,False,FFC
2023-03-07,102.0,102.49,101.5,101.79,511632,False,FFC
2023-03-06,102.02,102.9,101.8,101.94,117859,False,FFC
2023-03-03,101.5,102.99,101.15,102.4,1006487,False,FFC
2023-03-02,102.3,102.49,101.41,101.72,258105,False,FFC
2023-03-01,101.8,102.0,101.3,102.0,394690,False,FFC
2023-02-28,102.0,102.39,101.75,101.8,347798,False,FFC
2023-02-27,101.95,102.09,101.72,101.94,304563,False,FFC
2023-02-24,102.45,102.5,101.57,101.95,274055,False,FFC
2023-02-23,102.02,102.45,101.5,102.0,527576,False,FFC
2023-02-22,102.45,102.94,101.76,102.36,399293,False,FFC
2023-02-21,102.5,102.96,101.99,102.01,353216,False,FFC
2023-02-20,103.44,103.44,102.0,102.13,139470,False,FFC
2023-02-17,102.0,103.6,101.97,102.72,2901535,False,FFC
2023-02-16,101.6,103.72,101.6,101.97,993314,False,FFC
2023-02-15,101.94,102.0,101.4,101.56,710986,False,FFC
2023-02-14,102.5,102.5,101.25,101.28,554522,False,FFC
2023-02-13,102.71,103.73,102.0,102.19,409993,False,FFC
2023-02-10,104.01,105.1,102.0,102.65,1102803,False,FFC
2023-02-09,103.9,105.2,103.12,105.05,505940,False,FFC
2023-02-08,104.0,104.05,103.0,103.08,331684,False,FFC
2023-02-07,104.01,104.48,103.7,104.04,192571,False,FFC
2023-02-06,102.75,105.5,102.25,104.24,618037,False,FFC
2023-02-03,102.75,103.0,102.2,102.45,125970,False,FFC
2023-02-02,103.01,103.6,102.25,102.5,446220,False,FFC
2023-02-01,103.55,103.7,103.0,103.04,133364,False,FFC
2023-01-31,102.0,103.8,101.75,103.55,709916,False,FFC
2023-01-30,105.99,109.0,102.0,102.85,689686,False,FFC
2023-01-27,106.0,106.93,104.11,105.52,920823,False,FFC
2023-01-26,101.23,106.0,101.23,105.44,1870634,False,FFC
2023-01-25,100.98,101.5,100.25,100.8,138870,False,FFC
2023-01-24,100.99,100.99,99.65,100.31,499649,False,FFC
2023-01-23,101.4,101.42,100.0,100.04,347130,False,FFC
2023-01-20,101.5,101.73,100.9,101.09,633870,False,FFC
2023-01-19,99.81,101.9,99.81,100.66,238794,False,FFC
2023-01-18,100.73,101.0,99.52,100.83,354890,False,FFC
2023-01-17,101.0,101.0,99.5,99.84,410251,False,FFC
2023-01-16,101.0,101.39,100.5,100.88,228308,False,FFC
2023-01-13,101.3,101.5,100.01,101.0,364037,False,FFC
2023-01-12,101.44,101.74,101.25,101.54,304643,False,FFC
2023-01-11,101.0,102.15,100.9,101.92,566551,False,FFC
2023-01-10,101.95,102.2,100.0,100.5,417149,False,FFC
2023-01-09,102.0,102.39,101.25,101.47,67408,False,FFC
2023-01-06,102.25,102.49,101.01,102.3,289156,False,FFC
2023-01-05,101.5,101.99,100.96,101.94,351326,False,FFC
2023-01-04,100.0,102.5,100.0,101.38,602703,False,FFC
2023-01-03,100.9,100.9,99.51,100.19,303162,False,FFC
2023-01-02,99.0,101.25,98.95,100.56,559916,False,FFC
2022-12-30,98.7,100.25,97.9,98.71,1602951,False,FFC
2022-12-29,98.5,99.59,97.9,98.35,511106,False,FFC
2022-12-28,100.0,100.0,98.48,99.11,550063,False,FFC
2022-12-27,100.84,100.84,99.69,99.93,338700,False,FFC
2022-12-26,101.4,101.4,99.99,100.09,422444,False,FFC
2022-12-23,101.01,101.6,100.0,100.14,765904,False,FFC
2022-12-22,100.95,102.48,100.94,101.93,315690,False,FFC
2022-12-21,102.0,102.6,100.55,101.06,456537,False,FFC
2022-12-20,101.7,105.0,100.25,102.02,1351420,False,FFC
2022-12-19,102.1,102.5,101.56,101.76,222176,False,FFC
2022-12-16,101.51,102.94,101.1,102.28,297564,False,FFC
2022-12-15,102.42,102.5,100.6,101.63,1368797,False,FFC
2022-12-14,102.15,102.5,102.0,102.09,382353,False,FFC
2022-12-13,102.25,102.6,102.05,102.51,937728,False,FFC
2022-12-12,102.75,103.0,102.02,102.11,271011,False,FFC
2022-12-09,102.0,102.98,101.9,102.55,1127131,False,FFC
2022-12-08,102.2,102.5,101.45,102.29,145895,False,FFC
2022-12-07,101.25,102.0,101.15,101.99,601863,False,FFC
2022-12-06,101.98,102.0,100.8,101.59,833723,False,FFC
2022-12-05,102.65,102.65,101.71,101.87,127420,False,FFC
2022-12-02,103.25,103.25,102.25,102.63,215864,False,FFC
2022-12-01,102.8,103.0,102.53,102.64,356300,False,FFC
2022-11-30,103.94,103.95,102.42,102.6,416870,False,FFC
2022-11-29,102.21,103.9,102.0,103.66,436230,False,FFC
2022-11-28,102.95,102.95,102.25,102.74,383201,False,FFC
2022-11-25,102.89,102.98,102.25,102.92,301949,False,FFC
2022-11-24,102.79,103.15,102.4,102.55,357228,False,FFC
2022-11-23,102.6,103.0,102.5,102.67,180106,False,FFC
2022-11-22,102.98,103.0,102.6,102.87,289379,False,FFC
2022-11-21,102.99,103.05,102.12,102.42,467788,False,FFC
2022-11-18,102.5,103.5,102.1,102.94,739654,False,FFC
2022-11-17,102.49,103.2,102.0,103.01,896574,False,FFC
2022-11-16,102.4,102.98,101.9,102.38,442135,False,FFC
2022-11-15,102.0,102.5,101.7,101.9,406747,False,FFC
2022-11-14,102.5,102.5,101.52,101.95,107530,False,FFC
2022-11-11,102.31,102.31,101.5,102.04,91653,False,FFC
2022-11-10,102.0,102.5,101.51,102.15,199841,False,FFC
2022-11-08,101.95,102.2,101.5,102.02,171509,False,FFC
2022-11-07,102.05,102.22,101.4,101.59,1023849,False,FFC
2022-11-04,101.84,102.4,100.58,101.85,1776419,False,FFC
2022-11-03,103.81,103.99,103.01,103.76,1510869,False,FFC
2022-11-02,103.9,104.0,103.01,103.75,662636,False,FFC
2022-11-01,103.44,103.75,103.05,103.3,419452,False,FFC
2022-10-31,102.55,103.7,102.55,103.15,261432,False,FFC
2022-10-28,102.6,103.8,102.5,103.27,526082,False,FFC
2022-10-27,102.9,103.2,102.49,103.05,173975,False,FFC
2022-10-26,102.49,102.99,102.0,102.2,434635,False,FFC
2022-10-25,103.0,103.65,102.56,102.79,1420360,False,FFC
2022-10-24,103.49,103.49,102.8,103.05,325444,False,FFC
2022-10-21,102.99,103.1,102.07,102.56,159613,False,FFC
2022-10-20,102.61,103.49,102.61,103.06,160723,False,FFC
2022-10-19,102.1,103.7,102.1,102.93,228928,False,FFC
2022-10-18,102.0,103.0,102.0,102.85,159357,False,FFC
2022-10-17,101.99,102.19,101.5,102.05,114416,False,FFC
2022-10-14,102.09,102.42,101.8,101.98,371398,False,FFC
2022-10-13,102.5,102.78,101.82,102.08,407621,False,FFC
2022-10-12,102.0,102.51,101.55,102.48,158446,False,FFC
2022-10-11,101.7,102.8,101.51,101.96,211637,False,FFC
2022-10-10,102.0,102.4,101.01,101.56,673887,False,FFC
2022-10-07,102.0,103.53,101.5,101.67,616991,False,FFC
2022-10-06,100.81,102.99,100.53,102.5,880436,False,FFC
2022-10-05,100.55,101.1,100.5,100.57,449596,False,FFC
2022-10-04,100.5,101.5,100.0,100.5,528900,False,FFC
2022-10-03,101.75,101.89,100.25,100.52,542953,False,FFC
2022-09-30,100.02,101.75,100.02,101.31,191552,False,FFC
2022-09-29,100.5,100.7,100.31,100.5,532607,False,FFC
2022-09-28,100.8,101.0,100.5,100.51,148218,False,FFC
2022-09-27,100.8,101.6,100.51,100.7,222188,False,FFC
2022-09-26,100.75,101.15,100.4,100.5,492391,False,FFC
2022-09-23,100.9,100.94,100.5,100.53,172873,False,FFC
2022-09-22,101.25,101.5,100.01,100.58,186073,False,FFC
2022-09-21,100.08,101.75,99.85,101.36,155750,False,FFC
2022-09-20,100.5,100.77,100.0,100.09,213426,False,FFC
2022-09-19,101.0,101.5,100.0,100.06,474023,False,FFC
2022-09-16,101.0,101.25,100.02,100.17,1118689,False,FFC
2022-09-15,101.25,101.9,100.75,100.81,197589,False,FFC
2022-09-14,101.1,102.0,101.0,101.22,178436,False,FFC
2022-09-13,102.47,102.5,100.81,101.05,336574,False,FFC
2022-09-12,103.0,103.0,101.5,101.91,407416,False,FFC
2022-09-09,102.74,103.55,102.0,103.2,532351,False,FFC
2022-09-08,102.0,102.74,101.5,102.05,149275,False,FFC
2022-09-07,102.0,102.49,101.45,101.84,394650,False,FFC
2022-09-06,102.3,103.0,101.55,101.64,449533,False,FFC
2022-09-05,103.0,103.05,102.5,102.83,570328,False,FFC
2022-09-02,104.49,104.49,102.85,103.07,291355,False,FFC
2022-09-01,104.0,104.24,103.5,104.09,122115,False,FFC
2022-08-31,104.15,104.5,103.05,104.0,529041,False,FFC
2022-08-30,104.49,104.49,103.5,103.86,526184,False,FFC
2022-08-29,102.51,104.0,102.0,103.88,340377,False,FFC
2022-08-26,103.95,104.01,103.4,103.58,1153175,False,FFC
2022-08-25,104.0,104.0,103.25,103.59,531886,False,FFC
2022-08-24,104.75,104.99,103.52,103.72,675542,False,FFC
2022-08-23,102.49,105.0,102.49,104.52,2466530,False,FFC
2022-08-22,102.73,102.73,100.75,101.85,1223717,False,FFC
2022-08-19,102.26,102.8,101.71,102.17,452356,False,FFC
2022-08-18,102.78,102.99,102.0,102.24,296747,False,FFC
2022-08-17,102.71,103.0,102.51,102.76,233715,False,FFC
2022-08-16,104.01,104.5,102.5,102.92,665656,False,FFC
2022-08-15,104.9,105.0,103.27,103.96,1252088,False,FFC
2022-08-12,104.3,104.85,103.75,104.55,181353,False,FFC
2022-08-11,104.95,105.5,104.2,104.42,349279,False,FFC
2022-08-10,104.0,105.49,104.0,104.67,1556768,False,FFC
2022-08-05,104.0,104.5,103.29,103.52,1013506,False,FFC
2022-08-04,103.0,104.0,102.11,103.35,721821,False,FFC
2022-08-03,104.1,105.0,103.5,104.21,1606503,False,FFC
2022-08-02,103.0,104.5,102.55,103.75,1219465,False,FFC
2022-08-01,103.8,104.0,103.01,103.38,180268,False,FFC
2022-07-29,105.0,105.5,102.8,103.51,767837,False,FFC
2022-07-28,105.75,105.9,102.16,104.91,916457,False,FFC
2022-07-27,105.02,105.83,104.0,104.77,673673,False,FFC
2022-07-26,104.9,106.4,103.1,105.05,208104,False,FFC
2022-07-25,107.0,107.0,104.5,104.9,359852,False,FFC
2022-07-22,106.1,107.0,105.5,105.99,358569,False,FFC
2022-07-21,107.02,107.02,105.0,105.53,271277,False,FFC
2022-07-20,107.0,107.51,106.11,106.96,461973,False,FFC
2022-07-19,108.55,109.47,105.9,106.36,524550,False,FFC
2022-07-18,110.5,110.99,108.02,108.44,366165,False,FFC
2022-07-15,111.05,111.5,110.6,111.0,159514,False,FFC
2022-07-14,111.0,111.7,110.69,110.99,516725,False,FFC
2022-07-13,110.65,111.9,110.35,110.86,685220,False,FFC
2022-07-07,109.49,111.5,108.85,110.53,432991,False,FFC
2022-07-06,109.28,109.5,109.0,109.27,518128,False,FFC
2022-07-05,109.8,110.0,108.8,108.85,156662,False,FFC
2022-07-04,111.5,111.5,108.39,109.89,467337,False,FFC
2022-07-01,111.01,113.5,111.01,111.99,393257,False,FFC
2022-06-30,111.0,112.2,109.75,110.22,870362,False,FFC
2022-06-29,112.95,112.95,110.8,111.71,411310,False,FFC
2022-06-28,112.05,113.9,111.5,111.56,720687,False,FFC
2022-06-27,111.25,114.5,110.02,113.93,311683,False,FFC
2022-06-24,114.01,115.7,105.5,110.79,2320816,False,FFC
2022-06-23,114.98,116.0,113.6,114.03,540654,False,FFC
2022-06-22,113.0,115.75,113.0,114.98,2897902,False,FFC
2022-06-21,110.69,112.2,109.4,112.03,929387,False,FFC
2022-06-20,111.25,112.49,110.01,110.2,527585,False,FFC
2022-06-17,113.15,113.65,110.53,110.84,1071351,False,FFC
2022-06-16,112.13,114.0,112.0,113.93,983153,False,FFC
2022-06-15,109.0,112.0,109.0,111.92,640499,False,FFC
2022-06-14,108.5,109.9,107.76,108.72,957157,False,FFC
2022-06-13,110.0,110.88,108.01,108.35,137349,False,FFC
2022-06-10,109.21,111.74,109.1,109.97,283165,False,FFC
2022-06-09,109.38,109.84,108.7,109.21,385107,False,FFC
2022-06-08,109.5,109.5,107.03,108.63,1770456,False,FFC
2022-06-07,110.0,110.86,109.4,109.6,99858,False,FFC
2022-06-06,109.0,110.49,107.5,109.66,502471,False,FFC
2022-06-03,112.99,112.99,109.11,109.81,512855,False,FFC
2022-06-02,113.95,113.95,112.0,112.44,277076,False,FFC
2022-06-01,114.5,115.3,113.5,113.65,1025865,False,FFC
2022-05-31,115.0,115.5,113.0,115.15,1721838,False,FFC
2022-05-30,115.95,115.95,114.05,114.74,141581,False,FFC
2022-05-27,113.9,116.05,113.9,114.74,740796,False,FFC
2022-05-26,112.9,113.4,111.6,112.97,432588,False,FFC
2022-05-25,114.25,114.25,111.0,112.9,1438889,False,FFC
2022-05-24,116.5,117.08,114.25,114.55,1029910,False,FFC
2022-05-23,116.75,117.95,116.0,116.54,531674,False,FFC
2022-05-20,118.0,118.99,117.75,118.3,176740,False,FFC
2022-05-19,116.02,118.45,116.0,117.59,243029,False,FFC
2022-05-18,115.01,117.4,115.0,116.86,553741,False,FFC
2022-05-17,114.0,115.73,114.0,115.49,256964,False,FFC
2022-05-16,115.8,115.8,113.51,114.71,352384,False,FFC
2022-05-13,114.8,116.95,114.25,115.84,233465,False,FFC
2022-05-12,116.39,116.39,113.25,115.39,1175214,False,FFC
2022-05-11,117.8,118.1,115.15,116.38,1719186,False,FFC
2022-05-10,119.0,119.01,117.1,118.2,1390001,False,FFC
2022-05-09,122.0,122.01,117.06,120.9,1301128,False,FFC
2022-05-06,120.5,122.45,120.45,121.17,529409,False,FFC
2022-04-28,122.0,122.0,114.0,120.3,3634183,False,FFC
2022-04-27,125.75,128.89,120.5,122.17,1708789,False,FFC
2022-04-26,125.03,127.5,124.76,126.89,853478,False,FFC
2022-04-25,123.49,126.01,121.86,125.71,721065,False,FFC
2022-04-22,122.5,122.5,121.6,121.85,89684,False,FFC
2022-04-21,122.81,123.4,121.72,122.01,561837,False,FFC
2022-04-20,124.75,124.88,121.6,122.24,896780,False,FFC
2022-04-19,120.99,126.4,120.99,123.41,3150366,False,FFC
2022-04-18,118.2,121.8,118.2,121.36,1098830,False,FFC
2022-04-15,117.6,119.5,117.6,119.24,226503,False,FFC
2022-04-14,118.0,118.5,117.0,118.12,402667,False,FFC
2022-04-13,117.21,119.84,117.21,117.97,1492130,False,FFC
2022-04-12,117.95,118.55,116.39,118.05,1336867,False,FFC
2022-04-11,116.15,118.29,115.31,117.49,1241790,False,FFC
2022-04-08,114.0,115.74,113.5,115.31,437230,False,FFC
2022-04-07,115.0,115.0,114.0,114.51,510108,False,FFC
2022-04-06,114.05,116.5,114.05,114.27,507183,False,FFC
2022-04-05,113.25,117.16,113.25,114.36,1732889,False,FFC
2022-04-04,112.5,114.5,111.65,114.05,428939,False,FFC
2022-04-01,112.3,115.97,112.3,114.63,841120,False,FFC
2022-03-31,111.21,114.5,111.21,113.72,2160915,False,FFC
2022-03-30,112.49,112.49,111.1,111.78,564909,False,FFC
2022-03-29,112.0,113.25,111.65,112.76,1269171,False,FFC
2022-03-28,110.8,111.9,109.5,111.39,1761070,False,FFC
2022-03-25,111.34,113.23,111.02,111.91,2041721,False,FFC
2022-03-24,110.06,112.85,109.0,111.34,1370683,False,FFC
2022-03-22,110.42,110.85,109.77,110.06,2638601,False,FFC
2022-03-21,108.98,111.0,108.0,110.42,1642185,False,FFC
2022-03-18,106.0,109.38,104.15,107.73,1784972,False,FFC
2022-03-17,105.15,106.0,105.15,105.69,218762,False,FFC
2022-03-16,109.97,110.0,109.5,109.94,797895,False,FFC
2022-03-15,109.25,110.0,109.02,109.94,266648,False,FFC
2022-03-14,110.0,110.6,108.5,109.51,1355051,False,FFC
2022-03-11,107.8,107.84,107.0,107.08,393418,False,FFC
2022-03-10,108.0,108.24,107.0,107.19,595788,False,FFC
2022-03-09,107.84,108.05,106.8,107.98,511458,False,FFC
2022-03-08,107.3,108.0,106.6,106.96,361974,False,FFC
2022-03-07,108.0,108.0,107.0,107.4,92990,False,FFC
2022-03-04,108.0,108.6,107.5,108.46,387676,False,FFC
2022-03-03,108.2,108.2,107.25,107.99,306805,False,FFC
2022-03-02,108.51,108.75,107.25,108.03,349436,False,FFC
2022-03-01,110.0,110.0,108.6,108.87,228198,False,FFC
2022-02-28,108.25,109.89,107.02,109.23,1035021,False,FFC
2022-02-25,106.25,108.25,105.98,107.91,1279826,False,FFC
2022-02-24,107.5,108.47,105.8,106.0,543116,False,FFC
2022-02-23,108.7,108.7,107.5,108.36,253751,False,FFC
2022-02-22,109.0,109.13,107.78,108.67,261579,False,FFC
2022-02-21,110.0,110.25,109.01,109.13,170671,False,FFC
2022-02-18,109.4,110.11,109.0,109.85,506503,False,FFC
2022-02-17,109.7,110.0,108.5,109.83,308772,False,FFC
2022-02-16,108.85,109.5,108.7,109.35,359964,False,FFC
2022-02-15,109.1,109.65,108.15,109.03,475072,False,FFC
2022-02-14,110.01,111.09,108.5,109.07,1181222,False,FFC
2022-02-11,109.51,111.0,109.5,110.98,487711,False,FFC
2022-02-10,111.0,111.2,109.49,110.06,1050429,False,FFC
2022-02-09,110.0,111.9,109.51,110.69,5668246,False,FFC
2022-02-08,109.5,111.0,109.26,109.69,2096094,False,FFC
2022-02-07,109.75,110.0,109.05,109.37,707098,False,FFC
2022-02-04,107.95,111.8,107.81,109.04,4942075,False,FFC
2022-02-03,108.99,108.99,107.3,107.51,881667,False,FFC
2022-02-02,108.5,108.5,107.95,108.38,763788,False,FFC
2022-02-01,107.0,108.48,106.8,108.34,967013,False,FFC
2022-01-31,106.5,107.15,106.0,106.69,1320640,False,FFC
2022-01-28,106.24,106.4,105.69,106.0,224451,False,FFC
2022-01-27,105.6,106.0,105.51,105.66,464406,False,FFC
2022-01-26,107.09,107.09,105.51,105.94,370904,False,FFC
2022-01-25,105.7,107.0,105.25,106.63,1349241,False,FFC
2022-01-24,104.0,105.7,104.0,105.54,969123,False,FFC
2022-01-21,104.09,104.5,103.7,104.13,333382,False,FFC
2022-01-20,103.85,104.3,103.5,104.09,306981,False,FFC
2022-01-19,104.5,105.3,104.02,104.2,157210,False,FFC
2022-01-18,105.15,105.49,105.0,105.3,367877,False,FFC
2022-01-17,104.99,105.55,104.65,105.37,509980,False,FFC
2022-01-14,104.2,105.25,104.0,104.97,737440,False,FFC
2022-01-13,104.5,104.69,103.51,104.2,386159,False,FFC
2022-01-12,103.35,104.99,103.35,104.69,761744,False,FFC
2022-01-11,103.25,104.55,103.25,103.99,646293,False,FFC
2022-01-10,103.8,104.89,103.1,103.71,978888,False,FFC
2022-01-07,101.5,103.98,101.5,103.75,1003110,False,FFC
2022-01-06,101.15,102.0,101.0,101.77,907855,False,FFC
2022-01-05,101.0,101.89,100.6,101.32,304109,False,FFC
2022-01-04,101.65,101.75,100.7,101.04,757324,False,FFC
2022-01-03,100.27,101.5,100.0,101.25,341757,False,FFC
2021-12-31,98.75,100.9,98.75,100.26,780087,False,FFC
2021-12-30,98.45,99.0,98.0,98.5,306942,False,FFC
2021-12-29,97.6,98.6,97.6,98.06,480311,False,FFC
2021-12-28,98.2,98.74,97.25,97.59,704103,False,FFC
2021-12-27,99.39,99.39,98.0,98.22,407004,False,FFC
2021-12-24,99.49,99.49,98.95,98.99,219565,False,FFC
2021-12-23,99.25,99.55,98.99,98.99,985160,False,FFC
2021-12-22,99.0,99.49,98.9,99.41,283791,False,FFC
2021-12-21,99.1,99.75,98.5,98.98,469785,False,FFC
2021-12-20,99.65,99.9,98.75,99.06,1097887,False,FFC
2021-12-17,99.01,100.0,98.6,99.04,1123166,False,FFC
2021-12-16,100.5,100.5,99.24,99.45,547028,False,FFC
2021-12-15,100.85,101.2,100.25,100.61,795547,False,FFC
2021-12-14,100.2,100.9,100.05,100.38,357369,False,FFC
2021-12-13,100.75,101.0,99.89,100.42,473128,False,FFC
2021-12-10,100.0,101.2,99.5,100.55,429324,False,FFC
2021-12-09,99.0,100.0,98.5,99.76,211230,False,FFC
2021-12-08,99.99,99.99,98.0,98.88,649092,False,FFC
2021-12-07,99.8,100.0,99.0,99.21,780006,False,FFC
2021-12-06,100.0,100.3,98.55,98.61,454995,False,FFC
2021-12-03,99.01,101.25,98.0,99.38,1536719,False,FFC
2021-12-02,101.9,101.9,98.06,99.05,1680465,False,FFC
2021-12-01,100.99,102.02,100.2,101.65,1175149,False,FFC
2021-11-30,102.65,103.2,100.1,100.81,10728365,False,FFC
2021-11-29,100.83,103.25,100.21,102.63,741128,False,FFC
2021-11-26,100.9,101.75,99.9,100.83,715598,False,FFC
2021-11-25,102.49,102.49,100.05,100.14,1007375,False,FFC
2021-11-24,104.49,104.49,101.0,101.03,1233337,False,FFC
2021-11-23,105.5,105.5,104.01,104.1,470257,False,FFC
2021-11-22,106.0,106.0,104.75,105.03,387223,False,FFC
2021-11-19,105.09,106.8,105.09,106.29,1472457,False,FFC
2021-11-18,106.35,106.5,105.01,105.73,1101426,False,FFC
2021-11-17,105.97,106.5,105.4,106.07,746088,False,FFC
2021-11-16,105.75,106.2,105.4,105.97,962951,False,FFC
2021-11-15,104.5,105.99,104.0,105.7,777170,False,FFC
2021-11-12,105.9,105.95,104.25,104.57,506321,False,FFC
2021-11-11,104.56,105.99,104.55,105.57,780033,False,FFC
2021-11-10,104.91,105.15,104.0,104.85,764631,False,FFC
2021-11-09,103.89,105.1,103.8,104.22,2145962,False,FFC
2021-11-08,101.5,104.0,101.5,103.58,1116785,False,FFC
2021-11-05,101.99,102.5,101.0,101.76,667451,False,FFC
2021-11-04,104.95,105.58,104.5,105.2,822730,False,FFC
2021-11-03,104.5,105.0,103.75,104.91,1381543,False,FFC
2021-11-02,103.7,104.15,103.7,103.99,1232905,False,FFC
2021-11-01,103.0,104.1,103.0,103.98,1502190,False,FFC
2021-10-29,102.25,103.15,102.25,102.79,1340401,False,FFC
2021-10-28,102.01,102.5,101.83,102.4,361594,False,FFC
2021-10-27,100.45,103.0,100.0,102.12,1156362,False,FFC
2021-10-26,99.8,100.5,99.79,100.11,320509,False,FFC
2021-10-25,99.75,100.25,99.75,99.97,184163,False,FFC
2021-10-22,100.8,100.85,99.0,99.22,1216962,False,FFC
2021-10-21,99.84,100.63,99.5,99.9,4940251,False,FFC
2021-10-20,100.49,100.55,99.05,99.71,722796,False,FFC
2021-10-18,100.5,100.5,98.4,99.18,865481,False,FFC
2021-10-15,99.5,101.5,97.51,100.48,448944,False,FFC
2021-10-14,96.25,101.9,96.25,99.47,880796,False,FFC
2021-10-13,96.8,97.1,96.01,96.43,3052154,False,FFC
2021-10-12,97.21,97.5,95.4,96.09,2306128,False,FFC
2021-10-11,99.0,99.0,97.0,97.28,1037945,False,FFC
2021-10-08,99.9,100.0,98.4,98.78,1230782,False,FFC
2021-10-07,99.9,100.0,99.01,99.82,840642,False,FFC
2021-10-06,99.08,100.0,99.08,99.32,458614,False,FFC
2021-10-05,101.0,101.05,99.5,99.65,1593133,False,FFC
2021-10-04,101.47,101.47,100.5,100.81,954061,False,FFC
2021-10-01,102.0,102.5,101.26,101.47,452986,False,FFC
2021-09-30,104.39,104.39,101.55,102.06,1461163,False,FFC
2021-09-29,105.0,105.38,103.75,104.1,2193396,False,FFC
2021-09-28,105.53,105.53,104.6,104.95,498215,False,FFC
2021-09-27,104.69,105.15,104.6,105.1,556450,False,FFC
2021-09-24,105.39,105.39,103.8,104.01,349184,False,FFC
2021-09-23,105.69,105.69,104.0,104.33,300541,False,FFC
2021-09-22,105.11,105.24,104.0,104.27,315685,False,FFC
2021-09-21,106.0,106.0,105.01,105.13,109507,False,FFC
2021-09-20,106.0,106.44,105.1,105.96,292267,False,FFC
2021-09-17,106.0,109.5,105.99,109.04,1850620,False,FFC
2021-09-16,106.1,106.7,106.05,106.46,267156,False,FFC
2021-09-15,106.89,106.89,106.1,106.54,749368,False,FFC
2021-09-14,106.0,106.69,105.85,106.56,654687,False,FFC
2021-09-13,106.49,106.5,105.4,106.0,769231,False,FFC
2021-09-10,106.0,106.5,106.0,106.05,123163,False,FFC
2021-09-09,105.5,107.0,105.03,106.27,433651,False,FFC
2021-09-08,105.55,106.05,105.5,105.54,380014,False,FFC
2021-09-07,105.95,106.3,105.45,105.79,295472,False,FFC
2021-09-06,105.9,106.03,105.5,105.52,209264,False,FFC
2021-09-03,105.95,105.95,105.55,105.75,132101,False,FFC
2021-09-02,105.9,105.9,105.4,105.57,222380,False,FFC
2021-09-01,105.99,106.0,105.56,105.89,255956,False,FFC
2021-08-31,106.0,106.0,105.3,105.99,116998,False,FFC
2021-08-30,105.5,105.8,105.45,105.53,35031,False,FFC
2021-08-27,105.6,106.1,105.0,105.14,471100,False,FFC
2021-08-26,105.99,106.1,105.6,105.75,110269,False,FFC
2021-08-25,106.0,106.2,105.7,105.99,535232,False,FFC
2021-08-24,106.0,106.5,105.5,105.57,325833,False,FFC
2021-08-23,106.6,107.5,106.0,106.3,222060,False,FFC
2021-08-20,105.75,107.0,105.08,106.43,313386,False,FFC
2021-08-17,105.5,106.0,105.5,105.52,131977,False,FFC
2021-08-16,106.01,106.3,105.55,105.63,112793,False,FFC
2021-08-13,106.0,106.5,105.8,106.01,171961,False,FFC
2021-08-12,106.06,106.3,105.68,106.02,320725,False,FFC
2021-08-11,106.6,106.51,106.0,106.24,125908,True,FFC
2021-08-10,106.79,106.8,105.9,106.02,177932,False,FFC
2021-08-09,106.7,106.8,106.5,106.54,235487,False,FFC
2021-08-06,106.5,106.65,106.0,106.5,69110,False,FFC
2021-08-05,106.5,106.9,106.25,106.33,90976,False,FFC
2021-08-04,106.95,106.95,106.0,106.36,267819,False,FFC
2021-08-03,107.0,107.5,106.41,106.55,766400,False,FFC
2021-08-02,106.5,107.05,106.0,106.54,421079,False,FFC
2021-07-30,109.24,109.24,106.25,106.58,719401,False,FFC
2021-07-29,109.25,109.6,108.53,109.23,492363,False,FFC
2021-07-28,109.45,109.61,108.9,109.26,212653,False,FFC
2021-07-27,107.99,109.6,107.99,109.4,783441,False,FFC
2021-07-26,107.95,108.0,107.64,107.9,401660,False,FFC
2021-07-23,107.49,108.0,107.49,107.96,75235,False,FFC
2021-07-19,106.75,107.75,106.6,107.52,317924,False,FFC
2021-07-16,107.0,107.05,106.5,106.84,126176,False,FFC
2021-07-15,107.0,107.0,106.5,106.59,435850,False,FFC
2021-07-14,107.11,107.75,107.0,107.1,260896,False,FFC
2021-07-13,106.7,107.6,106.7,107.57,259052,False,FFC
2021-07-12,107.01,107.3,106.8,107.15,182358,False,FFC
2021-07-09,107.5,107.65,106.96,107.01,420146,False,FFC
2021-07-08,107.25,108.1,106.0,107.85,1139485,False,FFC
2021-07-07,106.3,106.54,105.8,106.0,234458,False,FFC
2021-07-06,106.5,106.8,106.2,106.28,283289,False,FFC
2021-07-05,106.51,107.0,105.8,106.74,341050,False,FFC
2021-07-02,106.79,107.2,106.6,106.99,201296,False,FFC
2021-07-01,106.7,106.99,106.49,106.52,123795,False,FFC
2021-06-30,107.0,107.0,106.0,106.1,275336,False,FFC
2021-06-29,107.06,107.35,106.2,106.52,650151,False,FFC
2021-06-28,106.8,108.0,106.8,107.01,823921,False,FFC
2021-06-25,106.31,107.47,106.31,107.19,317049,False,FFC
2021-06-24,106.5,107.2,106.1,107.06,801426,False,FFC
2021-06-23,106.03,107.0,106.02,106.52,442873,False,FFC
2021-06-22,106.0,106.6,105.95,106.09,320962,False,FFC
2021-06-21,106.52,106.89,106.0,106.27,575723,False,FFC
2021-06-18,106.1,107.15,106.01,106.93,1046741,False,FFC
2021-06-17,106.61,106.62,106.0,106.1,930373,False,FFC
2021-06-16,106.16,107.1,106.15,106.62,1099885,False,FFC
2021-06-15,105.2,106.5,105.17,106.23,941163,False,FFC
2021-06-14,107.74,107.74,105.0,105.16,1924800,False,FFC
2021-06-11,105.95,107.45,105.68,106.82,361121,False,FFC
2021-06-10,105.0,106.15,104.6,105.68,714611,False,FFC
2021-06-09,107.85,108.6,107.81,108.1,466579,False,FFC
2021-06-08,107.95,108.25,107.46,107.96,304579,False,FFC
2021-06-07,107.75,108.3,107.4,107.74,722462,False,FFC
2021-06-04,107.65,107.9,107.2,107.53,368430,False,FFC
2021-06-03,108.29,108.29,107.0,107.14,617987,False,FFC
2021-06-02,107.71,108.8,107.71,107.93,403884,False,FFC
2021-06-01,107.55,108.3,107.39,108.08,464464,False,FFC
2021-05-31,108.25,108.85,106.51,107.39,1023882,False,FFC
2021-05-28,106.5,108.0,106.5,107.92,363977,False,FFC
2021-05-27,107.3,108.45,105.5,106.36,979217,False,FFC
2021-05-26,108.6,109.0,107.26,107.46,819466,False,FFC
2021-05-25,109.0,109.1,108.5,108.8,269847,False,FFC
2021-05-24,109.4,109.4,108.5,109.04,397076,False,FFC
2021-05-21,108.8,109.0,108.5,108.98,70385,False,FFC
2021-05-20,108.36,109.0,108.35,108.94,101229,False,FFC
2021-05-19,109.5,109.5,108.55,108.93,404572,False,FFC
2021-05-18,108.99,109.5,108.9,109.4,390216,False,FFC
2021-05-17,108.0,110.2,107.4,109.25,865378,False,FFC
2021-05-06,108.0,108.25,107.0,108.01,258103,False,FFC
2021-05-05,107.5,108.1,107.5,108.0,390788,False,FFC
2021-05-04,106.15,107.6,105.65,107.48,561766,False,FFC
2021-05-03,105.5,106.3,104.6,106.15,401157,False,FFC
2021-04-30,105.0,106.25,104.76,105.33,1650519,False,FFC
2021-04-29,106.39,106.39,105.0,105.04,224910,False,FFC
2021-04-28,104.0,106.05,104.0,105.34,466420,False,FFC
2021-04-27,105.01,106.3,103.75,104.05,873710,False,FFC
2021-04-26,103.05,105.99,103.03,104.78,437724,False,FFC
2021-04-23,103.5,104.5,102.8,103.23,170079,False,FFC
2021-04-22,104.0,104.65,103.25,103.54,120657,False,FFC
2021-04-21,105.5,105.5,103.5,103.95,259808,False,FFC
2021-04-20,105.15,106.0,104.8,105.33,210635,False,FFC
2021-04-19,106.73,106.73,104.0,104.66,257747,False,FFC
2021-04-16,106.48,106.5,106.0,106.04,218804,False,FFC
2021-04-15,105.3,106.48,105.0,106.1,599960,False,FFC
2021-04-14,104.49,105.78,104.15,105.31,224534,False,FFC
2021-04-13,103.5,104.54,103.49,104.13,1915362,False,FFC
2021-04-12,102.35,103.99,102.35,103.82,521415,False,FFC
2021-04-09,102.7,103.0,102.0,102.35,324151,False,FFC
2021-04-08,102.5,104.0,101.75,102.47,1145519,False,FFC
2021-04-07,104.3,104.3,101.5,101.75,1116056,False,FFC
2021-04-06,103.89,104.0,103.05,103.9,211917,False,FFC
2021-04-05,104.6,104.5,103.0,103.19,350122,True,FFC
2021-04-02,105.25,105.25,103.75,103.82,175733,False,FFC
2021-04-01,104.45,106.25,104.2,104.56,534753,False,FFC
2021-03-31,105.5,105.7,103.75,104.49,584612,False,FFC
2021-03-30,104.72,105.75,104.01,105.12,610869,False,FFC
2021-03-29,105.0,105.0,103.75,103.83,356647,False,FFC
2021-03-26,104.5,105.47,104.39,105.0,395111,False,FFC
2021-03-25,105.75,105.75,104.5,104.55,276544,False,FFC
2021-03-24,104.5,105.47,104.5,105.07,276494,False,FFC
2021-03-22,104.26,105.1,104.0,104.69,251082,False,FFC
2021-03-19,105.5,106.0,104.5,104.78,673782,False,FFC
2021-03-18,104.95,106.2,104.51,105.81,644180,False,FFC
2021-03-17,104.3,105.15,104.15,104.86,804483,False,FFC
2021-03-16,104.49,104.49,102.01,104.19,359253,False,FFC
2021-03-15,104.0,104.99,103.25,103.92,612022,False,FFC
2021-03-12,102.5,104.0,102.1,103.43,1583436,False,FFC
2021-03-11,103.9,103.9,101.25,102.06,798495,False,FFC
2021-03-10,105.6,105.6,102.75,103.31,985236,False,FFC
2021-03-09,109.0,109.5,107.5,107.95,1644596,False,FFC
2021-03-08,110.5,110.5,108.75,108.97,493288,False,FFC
2021-03-05,109.0,109.9,108.5,109.35,190060,False,FFC
2021-03-04,109.0,109.85,108.51,108.82,637959,False,FFC
2021-03-03,110.89,110.89,110.0,110.22,140210,False,FFC
2021-03-02,110.85,110.85,109.75,110.32,305473,False,FFC
2021-03-01,110.5,110.97,109.5,110.61,460488,False,FFC
2021-02-26,109.5,110.97,109.0,110.45,803710,False,FFC
2021-02-25,109.0,109.5,109.0,109.31,557521,False,FFC
2021-02-24,109.01,109.5,108.5,108.86,851261,False,FFC
2021-02-23,109.3,109.49,108.8,109.28,212070,False,FFC
2021-02-22,109.49,109.9,108.25,109.41,595446,False,FFC
2021-02-19,109.01,109.5,108.75,109.14,163348,False,FFC
2021-02-18,109.85,109.85,109.0,109.03,286905,False,FFC
2021-02-17,109.0,110.5,109.0,109.63,748140,False,FFC
2021-02-16,108.0,108.9,107.91,108.59,247280,False,FFC
2021-02-15,108.7,109.0,107.89,107.98,484723,False,FFC
2021-02-12,109.0,109.0,108.05,108.42,191051,False,FFC
2021-02-11,109.03,109.6,108.25,108.6,674941,False,FFC
2021-02-10,109.95,110.15,109.0,109.2,420113,False,FFC
2021-02-09,110.0,110.44,109.02,109.51,802493,False,FFC
2021-02-08,110.98,111.47,109.0,109.4,1360266,False,FFC
2021-02-04,110.98,111.2,110.65,111.01,423296,False,FFC
2021-02-03,110.45,111.72,109.85,110.54,1058577,False,FFC
2021-02-02,110.5,110.5,109.5,110.25,531602,False,FFC
2021-02-01,110.3,110.8,109.5,110.03,723547,False,FFC
2021-01-29,111.97,112.75,110.0,110.11,2040432,False,FFC
2021-01-28,113.9,115.0,111.0,111.45,3344534,False,FFC
2021-01-27,112.45,113.97,112.2,113.68,576213,False,FFC
2021-01-26,112.15,112.75,111.6,112.25,259690,False,FFC
2021-01-25,111.25,112.5,111.0,112.02,652191,False,FFC
2021-01-22,111.4,111.6,110.75,110.95,196550,False,FFC
2021-01-21,110.5,111.75,110.5,111.38,164607,False,FFC
2021-01-20,111.25,111.5,110.25,111.39,329586,False,FFC
2021-01-19,111.2,112.01,109.7,111.74,1467498,False,FFC
2021-01-18,111.01,112.0,110.86,111.03,346612,False,FFC
2021-01-15,111.9,111.9,110.9,111.19,345412,False,FFC
2021-01-14,111.65,111.8,110.25,111.27,564591,False,FFC
2021-01-13,112.19,112.19,111.3,111.65,777297,False,FFC
2021-01-12,112.5,112.55,111.32,111.77,796650,False,FFC
2021-01-11,112.5,112.95,111.75,112.38,781814,False,FFC
2021-01-08,112.5,113.62,111.4,111.95,1652925,False,FFC
2021-01-07,110.95,113.45,110.89,112.99,2934858,False,FFC
2021-01-06,110.0,111.2,110.0,110.66,643851,False,FFC
2021-01-05,109.99,110.99,109.75,110.69,332304,False,FFC
2021-01-04,109.45,111.08,109.17,110.44,799327,False,FFC
2021-01-01,108.94,110.65,108.6,109.17,1058447,False,FFC
2020-12-31,108.49,110.0,108.01,108.5,3864322,False,FFC
2020-12-30,108.18,108.49,107.6,108.28,3113983,False,FFC
2020-12-29,109.3,109.45,107.5,107.68,2124042,False,FFC
2020-12-28,108.85,109.3,108.5,108.98,635368,False,FFC
2020-12-24,109.0,109.9,108.5,108.8,801775,False,FFC
2020-12-23,109.24,111.2,109.0,109.15,1766073,False,FFC
2020-12-22,108.5,110.15,108.01,109.75,1238573,False,FFC
2020-12-21,108.21,109.0,107.56,108.75,1224430,False,FFC
2020-12-18,108.1,109.22,107.99,108.18,1572739,False,FFC
2020-12-17,108.25,109.0,107.01,108.41,1412596,False,FFC
2020-12-16,107.0,109.45,107.0,107.97,1645014,False,FFC
2020-12-15,106.49,108.55,105.62,107.25,1497633,False,FFC
2020-12-14,102.4,106.75,102.4,106.17,2477200,False,FFC
2020-12-11,102.0,102.6,101.45,102.26,721942,False,FFC
2020-12-10,100.25,102.49,100.2,102.09,2877831,False,FFC
2020-12-09,100.16,100.99,99.95,100.07,763677,False,FFC
2020-12-08,101.49,101.65,100.25,100.32,688870,False,FFC
2020-12-07,101.79,101.8,100.75,101.29,398549,False,FFC
2020-12-04,102.35,102.5,101.0,101.46,692691,False,FFC
2020-12-03,102.0,103.0,101.51,102.23,789135,False,FFC
2020-12-02,104.25,104.6,103.65,103.83,1937627,False,FFC
2020-12-01,103.42,104.5,103.42,104.0,479061,False,FFC
2020-11-30,104.05,105.0,102.6,103.41,862685,False,FFC
2020-11-27,105.35,105.45,104.0,104.12,291420,False,FFC
2020-11-26,104.5,105.95,104.25,105.0,279674,False,FFC
2020-11-25,104.2,104.55,104.0,104.32,257589,False,FFC
2020-11-24,103.0,104.75,102.9,103.94,251810,False,FFC
2020-11-23,104.25,104.25,102.5,103.08,445841,False,FFC
2020-11-20,104.06,104.49,103.35,103.78,598410,False,FFC
2020-11-19,104.33,104.79,104.02,104.26,172969,False,FFC
2020-11-18,104.32,104.95,104.2,104.73,208700,False,FFC
2020-11-17,105.2,105.2,104.25,104.4,422377,False,FFC
2020-11-16,104.89,105.26,104.5,105.11,226721,False,FFC
2020-11-13,104.5,104.6,104.01,104.45,289895,False,FFC
2020-11-12,105.48,105.48,104.52,104.74,258610,False,FFC
2020-11-11,104.6,105.5,104.49,105.22,500831,False,FFC
2020-11-10,105.99,106.0,104.4,104.82,1942798,False,FFC
2020-11-09,105.0,105.5,104.74,105.13,449803,False,FFC
2020-11-06,106.0,106.0,104.65,104.75,424487,False,FFC
2020-11-05,104.8,106.49,104.71,105.67,642080,False,FFC
2020-11-04,105.14,105.54,104.5,104.66,204025,False,FFC
2020-11-03,105.0,105.98,104.25,104.88,1372407,False,FFC
2020-11-02,105.5,106.1,103.9,104.8,1047310,False,FFC
2020-10-29,107.55,107.9,105.01,105.64,690008,False,FFC
2020-10-28,108.49,110.6,107.76,108.13,1713718,False,FFC
2020-10-27,108.0,108.75,107.52,108.12,208312,False,FFC
2020-10-26,108.02,109.1,107.55,107.9,200498,False,FFC
2020-10-23,108.0,108.85,107.52,108.04,197933,False,FFC
2020-10-22,107.99,109.45,107.5,108.52,590825,False,FFC
2020-10-21,106.5,108.0,106.5,107.89,282553,False,FFC
2020-10-20,106.25,107.0,105.85,106.5,341533,False,FFC
2020-10-19,105.75,106.25,105.4,105.92,327948,False,FFC
2020-10-16,106.5,107.25,105.0,106.0,409061,False,FFC
2020-10-15,106.06,107.0,106.05,106.63,111735,False,FFC
2020-10-14,106.0,106.49,105.49,106.23,165413,False,FFC
2020-10-13,107.0,107.0,105.75,106.13,104516,False,FFC
2020-10-12,107.1,108.01,106.38,106.76,388874,False,FFC
2020-10-09,106.9,107.9,106.6,107.39,546664,False,FFC
2020-10-08,105.5,107.5,105.41,106.94,485121,False,FFC
2020-10-07,105.55,105.9,105.0,105.14,318039,False,FFC
2020-10-06,106.25,106.45,104.4,105.39,894217,False,FFC
2020-10-05,106.55,107.5,105.6,106.0,269757,False,FFC
2020-10-02,107.11,107.97,107.1,107.5,743788,False,FFC
2020-10-01,107.55,108.3,106.91,107.5,449032,False,FFC
2020-09-30,109.97,109.97,107.51,107.99,473182,False,FFC
2020-09-29,109.0,109.8,108.2,109.2,870684,False,FFC
2020-09-28,110.11,110.7,108.7,109.03,572211,False,FFC
2020-09-25,109.1,110.75,109.0,110.46,523094,False,FFC
2020-09-24,109.0,110.1,109.0,109.99,330278,False,FFC
2020-09-23,109.01,109.65,108.75,109.04,331641,False,FFC
2020-09-22,110.0,110.24,108.75,109.23,506869,False,FFC
2020-09-21,111.6,111.6,110.25,110.36,122772,False,FFC
2020-09-18,110.0,111.98,109.51,111.66,2219936,False,FFC
2020-09-17,110.63,110.95,109.52,109.9,655244,False,FFC
2020-09-16,109.7,111.11,108.75,110.63,1678253,False,FFC
2020-09-15,109.75,110.43,109.5,109.7,575661,False,FFC
2020-09-14,109.01,111.0,109.0,109.44,1497826,False,FFC
2020-09-11,109.23,109.95,108.5,109.5,1345414,False,FFC
2020-09-10,109.85,110.0,108.5,108.92,1635222,False,FFC
2020-09-09,110.2,111.51,110.0,111.4,1437041,False,FFC
2020-09-08,110.95,113.0,110.7,110.95,2534610,False,FFC
2020-09-07,109.25,112.05,109.25,110.58,3784856,False,FFC
2020-09-04,109.5,109.5,108.51,108.8,801538,False,FFC
2020-09-03,108.5,110.2,108.5,109.18,2880472,False,FFC
2020-09-02,108.0,109.8,107.25,108.37,3731770,False,FFC
2020-09-01,108.01,108.4,107.6,107.87,1746071,False,FFC
2020-08-31,108.7,108.8,107.95,108.01,511944,False,FFC
2020-08-28,108.0,109.03,108.0,108.71,71807,False,FFC
2020-08-27,108.2,108.65,108.0,108.54,677545,False,FFC
2020-08-26,108.8,108.9,107.77,108.2,2917330,False,FFC
2020-08-25,108.5,109.25,108.3,108.46,1540556,False,FFC
2020-08-24,109.0,110.89,107.92,108.33,1826773,False,FFC
2020-08-21,109.02,110.0,108.5,109.3,895692,False,FFC
2020-08-20,108.5,110.5,108.02,109.22,1913301,False,FFC
2020-08-19,108.5,108.99,104.0,108.59,2443078,False,FFC
2020-08-18,108.02,108.89,107.71,108.01,696299,False,FFC
2020-08-17,107.5,108.49,104.49,107.74,3196775,False,FFC
2020-08-13,114.75,114.75,106.15,107.31,9844116,False,FFC
2020-08-12,113.0,118.19,113.0,114.54,6862850,False,FFC
2020-08-11,109.11,111.1,109.11,110.61,992173,False,FFC
2020-08-10,108.98,110.0,108.52,109.22,866264,False,FFC
2020-08-07,109.25,109.45,108.5,108.59,555024,False,FFC
2020-08-06,109.0,109.9,108.51,109.13,1283027,False,FFC
2020-08-05,109.5,109.96,108.6,108.79,898943,False,FFC
2020-08-04,111.0,111.0,109.35,109.62,1451731,False,FFC
2020-08-03,110.55,111.5,110.42,110.97,1773591,False,FFC
2020-07-30,110.15,111.0,110.0,110.74,865628,False,FFC
2020-07-29,111.55,112.0,110.25,110.52,1427692,False,FFC
2020-07-28,112.75,112.98,111.5,111.76,719509,False,FFC
2020-07-27,111.0,113.5,111.0,111.96,1305023,False,FFC
2020-07-24,111.03,111.55,110.75,110.98,305148,False,FFC
2020-07-23,111.01,111.97,111.0,111.02,992095,False,FFC
2020-07-22,110.8,111.2,110.01,110.94,772112,False,FFC
2020-07-21,111.25,111.25,110.5,111.09,949351,False,FFC
2020-07-20,111.6,112.0,110.51,111.24,1691163,False,FFC
2020-07-17,111.0,111.9,110.5,111.6,1090654,False,FFC
2020-07-16,111.15,111.5,110.65,110.97,719644,False,FFC
2020-07-15,111.5,111.75,110.86,111.14,776586,False,FFC
2020-07-14,111.03,112.0,110.71,111.77,545052,False,FFC
2020-07-13,110.8,111.72,110.15,111.32,426433,False,FFC
2020-07-10,110.51,110.95,110.4,110.52,185931,False,FFC
2020-07-09,111.0,111.0,109.9,110.71,653146,False,FFC
2020-07-08,111.1,111.9,110.5,110.89,613324,False,FFC
2020-07-07,110.15,112.1,110.15,110.97,502956,False,FFC
2020-07-06,112.15,112.15,110.0,110.97,331144,False,FFC
2020-07-03,110.65,112.5,109.25,112.14,539657,False,FFC
2020-07-02,111.0,112.5,110.01,110.57,278700,False,FFC
2020-07-01,110.01,111.99,110.0,111.39,1570707,False,FFC
2020-06-30,109.1,110.2,109.0,109.99,1785570,False,FFC
2020-06-29,109.48,109.5,107.76,109.07,737429,False,FFC
2020-06-26,106.32,109.55,106.32,109.44,2088168,False,FFC
2020-06-25,106.45,106.55,105.35,105.78,667658,False,FFC
2020-06-24,107.51,107.68,106.75,107.37,325704,False,FFC
2020-06-23,106.12,107.8,106.02,107.52,458209,False,FFC
2020-06-22,103.31,106.95,103.01,106.12,680838,False,FFC
2020-06-19,104.01,104.8,103.25,103.38,298296,False,FFC
2020-06-18,104.9,104.95,103.31,103.54,406734,False,FFC
2020-06-17,106.4,106.75,104.45,104.88,394024,False,FFC
2020-06-16,106.9,107.25,105.54,105.97,1684969,False,FFC
2020-06-15,107.5,107.7,106.56,107.01,512565,False,FFC
2020-06-12,107.99,108.0,106.5,107.75,377421,False,FFC
2020-06-11,108.54,110.15,108.5,109.98,704248,False,FFC
2020-06-10,108.46,108.5,108.0,108.39,625660,False,FFC
2020-06-09,108.24,108.57,107.9,108.27,614474,False,FFC
2020-06-08,108.27,108.73,107.8,108.03,414966,False,FFC
2020-06-05,108.49,108.5,108.1,108.27,235384,False,FFC
2020-06-04,108.25,108.75,107.9,108.23,441892,False,FFC
2020-06-03,108.05,108.55,105.15,107.88,505559,False,FFC
2020-06-02,109.0,109.1,107.26,108.05,860270,False,FFC
2020-06-01,109.2,109.4,108.7,109.16,194735,False,FFC
2020-05-29,108.7,110.5,108.0,109.52,1054462,False,FFC
2020-05-28,108.99,109.0,108.0,108.66,316524,False,FFC
2020-05-21,108.5,109.5,108.5,108.76,94892,False,FFC
2020-05-20,110.2,111.0,108.0,108.5,359212,False,FFC
2020-05-19,109.62,111.0,109.62,110.31,980115,False,FFC
2020-05-18,111.9,112.0,109.9,110.11,669083,False,FFC
2020-05-15,111.1,111.95,110.5,111.56,437104,False,FFC
2020-05-14,111.1,113.0,109.8,111.13,1267024,False,FFC
2020-05-13,107.95,108.48,107.6,108.03,74763,False,FFC
2020-05-12,107.92,108.0,107.0,107.69,113836,False,FFC
2020-05-11,106.94,107.98,106.3,107.2,176232,False,FFC
2020-05-08,107.6,107.6,106.36,106.94,248172,False,FFC
2020-05-07,107.92,107.92,107.0,107.42,353538,False,FFC
2020-05-06,109.0,109.25,107.7,107.92,759576,False,FFC
2020-05-05,110.0,110.18,108.5,109.05,892308,False,FFC
2020-05-04,112.4,112.4,109.33,110.95,2022054,False,FFC
2020-04-30,110.5,113.0,110.1,111.79,2317676,False,FFC
2020-04-29,107.8,111.0,107.05,110.01,3115669,False,FFC
2020-04-28,107.49,107.8,106.95,107.07,319604,False,FFC
2020-04-27,106.98,109.0,105.0,107.08,1188309,False,FFC
2020-04-24,105.0,107.25,104.9,106.66,630194,False,FFC
2020-04-23,105.31,105.5,104.5,104.99,1610004,False,FFC
2020-04-22,104.25,106.0,102.9,105.31,522555,False,FFC
2020-04-21,107.5,107.5,103.86,104.43,597579,False,FFC
2020-04-20,107.99,109.25,105.15,108.44,3799221,False,FFC
2020-04-17,102.0,103.93,102.0,103.93,835256,False,FFC
2020-04-16,95.4,97.5,95.4,96.68,544604,False,FFC
2020-04-15,95.25,97.0,95.25,95.44,684720,False,FFC
2020-04-14,94.2,94.9,93.91,94.53,239072,False,FFC
2020-04-13,94.51,95.26,94.0,94.15,818342,False,FFC
2020-04-10,95.47,95.99,93.03,95.71,178310,False,FFC
2020-04-09,92.39,94.8,92.02,94.56,2753281,False,FFC
2020-04-08,91.1,92.0,90.6,91.36,189332,False,FFC
2020-04-07,90.98,91.35,90.25,91.0,253887,False,FFC
2020-04-06,93.21,93.21,89.99,90.11,458744,False,FFC
2020-04-03,93.77,94.52,92.5,92.96,1731808,False,FFC
2020-04-02,93.5,94.0,91.91,93.5,1042124,False,FFC
2020-04-01,92.75,95.5,91.05,94.06,2011117,False,FFC
2020-03-31,91.95,93.48,90.0,93.01,785549,False,FFC
2020-03-30,86.58,91.75,86.0,91.0,840545,False,FFC
2020-03-27,85.76,89.48,84.75,88.58,1166111,False,FFC
2020-03-26,87.5,89.0,85.0,85.75,634023,False,FFC
2020-03-25,85.0,87.4,79.55,85.29,1136916,False,FFC
2020-03-24,82.71,83.76,82.71,82.71,1342228,False,FFC
2020-03-20,90.0,92.0,86.15,89.41,1211600,False,FFC
2020-03-19,77.5,89.33,77.11,89.0,2304100,False,FFC
2020-03-18,88.5,89.0,82.89,83.1,2325800,False,FFC
2020-03-17,88.0,93.0,88.0,89.61,1834300,False,FFC
2020-03-16,95.25,95.6,88.39,88.79,3148200,False,FFC
2020-03-13,95.25,97.5,92.99,95.31,1775600,False,FFC
2020-03-12,99.98,100.25,95.0,96.36,1880900,False,FFC
2020-03-11,101.02,102.5,100.25,100.27,510400,False,FFC
2020-03-10,99.0,101.7,98.77,101.4,875100,False,FFC
2020-03-09,98.0,100.0,93.88,98.74,4829600,False,FFC
2020-03-06,103.89,103.89,99.86,100.94,2608900,False,FFC
2020-03-05,104.75,107.0,104.75,106.68,1134500,False,FFC
2020-03-04,103.0,104.5,102.0,104.21,918300,False,FFC
2020-03-03,105.9,106.0,102.5,102.92,666900,False,FFC
2020-03-02,103.95,106.0,103.95,105.79,490700,False,FFC
2020-02-28,102.75,104.0,102.75,103.56,441800,False,FFC
2020-02-27,102.01,103.7,100.5,102.39,1358000,False,FFC
2020-02-26,104.5,104.5,103.01,103.47,900200,False,FFC
2020-02-25,104.99,105.85,104.0,104.21,819200,False,FFC
2020-02-24,106.99,106.99,104.25,105.03,1215900,False,FFC
2020-02-21,108.0,108.1,106.7,107.01,603000,False,FFC
2020-02-20,108.0,111.35,107.75,108.03,1874100,False,FFC
2020-02-19,106.6,108.25,106.6,107.98,1229300,False,FFC
2020-02-18,106.01,109.99,106.01,106.64,872200,False,FFC
2020-02-17,105.25,105.87,105.25,105.5,1666600,False,FFC
2020-02-14,105.49,105.75,105.1,105.45,149800,False,FFC
2020-02-13,105.5,105.74,105.0,105.34,1357500,False,FFC
2020-02-12,105.9,106.24,104.98,105.51,920700,False,FFC
2020-02-11,104.8,105.8,104.8,105.53,1239900,False,FFC
2020-02-10,105.92,106.5,104.5,105.04,3099500,False,FFC
2020-02-07,105.59,106.0,104.74,105.71,2114700,False,FFC
2020-02-06,105.0,106.0,104.8,105.21,1108300,False,FFC
2020-02-04,104.43,104.99,103.5,104.55,1223800,False,FFC
2020-02-03,104.7,105.5,103.75,104.43,3496900,False,FFC
2020-01-31,105.89,106.3,104.69,105.14,2159600,False,FFC
2020-01-30,105.99,107.75,104.81,105.51,1511700,False,FFC
2020-01-29,106.25,106.75,105.35,105.55,354000,False,FFC
2020-01-28,107.0,107.16,106.25,106.48,236900,False,FFC
2020-01-27,106.5,108.0,105.55,107.58,446300,False,FFC
2020-01-24,105.1,107.35,105.1,106.63,295800,False,FFC
2020-01-23,106.78,107.35,105.85,106.16,658300,False,FFC
2020-01-22,105.5,107.6,105.0,106.78,1208200,False,FFC
2020-01-21,106.4,106.4,105.0,105.46,592400,False,FFC
2020-01-20,103.49,107.73,102.65,106.64,4418500,False,FFC
2020-01-17,103.1,103.6,102.75,103.0,778600,False,FFC
2020-01-16,102.0,103.44,102.0,103.06,657000,False,FFC
2020-01-15,102.49,102.6,101.51,101.94,300600,False,FFC
2020-01-14,102.4,102.99,102.1,102.57,458400,False,FFC
2020-01-13,103.3,103.5,102.0,102.48,415500,False,FFC
2020-01-10,102.0,103.25,101.5,103.05,1071700,False,FFC
2020-01-09,100.9,102.0,99.8,101.71,1521300,False,FFC
2020-01-08,100.0,101.0,98.5,98.88,628800,False,FFC
2020-01-07,100.0,101.75,99.75,101.23,967800,False,FFC
2020-01-06,101.03,101.75,99.5,99.84,606800,False,FFC
2020-01-03,102.75,103.0,101.9,102.12,1294400,False,FFC
2020-01-02,103.0,103.7,101.65,102.46,654300,False,FFC
2020-01-01,101.75,102.89,101.6,102.35,877600,False,FFC
2019-12-31,99.25,101.75,99.0,101.47,801500,False,FFC
2019-12-30,101.75,101.98,99.0,99.28,937500,False,FFC
2019-12-27,102.97,103.0,100.55,101.04,489500,False,FFC
2019-12-26,102.5,103.0,102.0,102.65,426000,False,FFC
2019-12-24,102.0,102.5,100.51,101.93,449500,False,FFC
2019-12-23,103.1,103.1,101.5,101.85,745500,False,FFC
2019-12-20,102.25,104.0,102.2,103.09,1030000,False,FFC
2019-12-19,103.85,104.32,101.01,101.93,936500,False,FFC
2019-12-18,102.04,104.0,101.5,103.55,1231000,False,FFC
2019-12-17,106.0,106.5,101.01,103.24,3153500,False,FFC
2019-12-16,105.48,106.5,105.0,106.32,525000,False,FFC
2019-12-13,106.5,106.5,104.5,105.29,624000,False,FFC
2019-12-12,105.75,105.98,105.0,105.87,504500,False,FFC
2019-12-11,105.0,106.0,104.61,105.71,939000,False,FFC
2019-12-10,104.8,105.49,104.39,104.84,498500,False,FFC
2019-12-09,105.0,106.4,104.75,104.94,1103500,False,FFC
2019-12-06,105.5,106.0,104.25,104.71,1278000,False,FFC
2019-12-05,105.0,106.25,104.61,105.18,2820000,False,FFC
2019-12-04,104.73,105.0,103.56,104.64,749000,False,FFC
2019-12-03,106.9,107.25,105.1,105.93,1260000,False,FFC
2019-12-02,106.7,107.85,105.3,106.51,2085000,False,FFC
2019-11-29,106.4,107.5,105.86,106.37,5764000,False,FFC
2019-11-28,104.65,106.89,104.0,105.79,6231500,False,FFC
2019-11-27,102.0,105.01,101.02,104.59,2614500,False,FFC
2019-11-26,103.01,103.48,100.0,102.07,1634000,False,FFC
2019-11-25,101.99,103.25,101.05,102.95,1581500,False,FFC
2019-11-22,98.7,102.06,98.25,101.8,2411000,False,FFC
2019-11-21,100.41,100.41,98.01,98.3,1133500,False,FFC
2019-11-20,99.0,102.5,97.25,100.41,7010500,False,FFC
2019-11-19,98.25,99.5,97.6,98.88,2654500,False,FFC
2019-11-18,96.0,98.25,96.0,97.98,1412000,False,FFC
2019-11-15,96.2,96.25,95.0,95.76,677500,False,FFC
2019-11-14,95.99,96.99,95.25,96.07,705000,False,FFC
2019-11-13,95.99,96.4,94.1,95.78,1178500,False,FFC
2019-11-12,98.44,98.49,95.51,95.75,1122500,False,FFC
2019-11-11,98.25,98.75,97.8,98.0,401000,False,FFC
2019-11-08,96.8,98.68,96.8,97.81,818500,False,FFC
2019-11-07,96.1,97.5,95.5,97.06,306000,False,FFC
2019-11-06,97.25,98.8,95.9,96.22,1584500,False,FFC
2019-11-05,97.75,98.01,96.5,96.66,264000,False,FFC
2019-11-04,94.85,97.89,94.4,97.49,1713000,False,FFC
2019-11-01,94.24,95.0,94.0,94.61,261500,False,FFC
2019-10-31,94.91,95.25,93.5,94.16,598000,False,FFC
2019-10-30,95.01,95.35,93.9,94.9,402000,False,FFC
2019-10-29,96.5,96.5,95.25,95.67,434500,False,FFC
2019-10-28,97.5,97.75,95.5,96.2,805500,False,FFC
2019-10-25,98.0,98.0,97.0,97.33,458000,False,FFC
2019-10-24,97.0,98.5,97.0,97.71,904500,False,FFC
2019-10-23,96.0,97.9,96.0,97.02,557000,False,FFC
2019-10-22,95.35,96.5,95.35,96.28,548500,False,FFC
2019-10-21,96.1,96.7,95.53,96.01,1279500,False,FFC
2019-10-18,95.5,96.75,93.55,96.54,699500,False,FFC
2019-10-17,96.03,96.3,95.75,95.85,289500,False,FFC
2019-10-16,95.25,96.5,95.25,96.2,878500,False,FFC
2019-10-15,95.18,95.35,94.75,95.25,472000,False,FFC
2019-10-14,96.2,96.2,95.01,95.24,444500,False,FFC
2019-10-11,96.51,96.8,95.5,95.95,1334000,False,FFC
2019-10-10,96.3,97.2,96.25,96.48,874500,False,FFC
2019-10-09,96.4,96.5,96.0,96.3,311500,False,FFC
2019-10-08,96.0,97.0,95.7,96.59,644500,False,FFC
2019-10-07,93.84,96.0,93.6,95.68,726000,False,FFC
2019-10-04,93.94,94.5,93.4,93.53,398000,False,FFC
2019-10-03,92.06,93.75,92.0,93.4,520000,False,FFC
2019-10-02,92.5,92.6,91.9,92.1,336000,False,FFC
2019-10-01,93.03,93.35,92.0,92.44,722000,False,FFC
2019-09-30,92.95,94.47,92.4,93.03,1182000,False,FFC
2019-09-27,92.25,93.0,92.0,92.94,304000,False,FFC
2019-09-26,92.1,92.45,91.7,92.01,208500,False,FFC
2019-09-25,92.1,92.39,92.0,92.07,127500,False,FFC
2019-09-24,92.05,92.75,91.8,92.16,317500,False,FFC
2019-09-23,91.4,92.25,91.35,91.94,423000,False,FFC
2019-09-20,91.6,92.25,91.5,91.79,698000,False,FFC
2019-09-19,90.29,92.25,90.25,91.86,674500,False,FFC
2019-09-18,91.2,91.85,90.1,90.29,161500,False,FFC
2019-09-17,92.52,93.24,91.25,91.5,632000,False,FFC
2019-09-16,93.75,93.75,92.0,92.83,384500,False,FFC
2019-09-13,93.0,93.45,92.0,92.83,349000,False,FFC
2019-09-12,91.0,93.25,91.0,92.88,1324000,False,FFC
2019-09-11,91.25,93.44,91.25,92.99,1282500,False,FFC
2019-09-06,91.15,91.15,90.11,90.94,367000,False,FFC
2019-09-05,90.9,92.25,89.3,91.17,1769500,False,FFC
2019-09-04,92.0,92.4,89.0,91.4,1737500,False,FFC
2019-09-03,94.0,94.25,92.01,92.55,336500,False,FFC
2019-09-02,91.95,93.5,91.7,93.07,493500,False,FFC
2019-08-30,93.3,96.73,90.57,91.31,2872500,False,FFC
2019-08-29,89.1,93.95,88.65,93.91,4096500,False,FFC
2019-08-28,90.0,90.75,89.0,89.48,1742500,False,FFC
2019-08-27,88.39,89.89,87.01,89.56,1104500,False,FFC
2019-08-26,90.0,91.79,87.6,88.42,890000,False,FFC
2019-08-23,92.9,95.02,89.5,90.13,3058000,False,FFC
2019-08-22,91.43,93.3,91.43,92.94,3261500,False,FFC
2019-08-21,91.2,92.44,90.8,91.41,617500,False,FFC
2019-08-20,91.0,91.95,90.05,91.15,1377000,False,FFC
2019-08-19,90.2,90.9,88.75,90.54,966500,False,FFC
2019-08-16,91.72,92.2,89.32,90.0,1030000,False,FFC
2019-08-09,94.49,95.01,93.26,93.47,861000,False,FFC
2019-08-08,93.49,94.5,90.01,93.67,1748500,False,FFC
2019-08-07,95.0,95.0,93.0,93.44,414500,False,FFC
2019-08-06,94.25,97.02,94.2,95.43,2169500,False,FFC
2019-08-05,93.5,94.99,92.8,94.19,578500,False,FFC
2019-08-02,94.95,95.5,94.0,94.39,251500,False,FFC
2019-08-01,95.79,95.79,94.15,94.56,170000,False,FFC
2019-07-31,94.0,95.5,93.53,95.26,262500,False,FFC
2019-07-30,94.35,94.5,93.7,93.97,167000,False,FFC
2019-07-29,95.7,95.94,94.2,94.59,404000,False,FFC
2019-07-26,96.3,96.5,94.8,95.05,315000,False,FFC
2019-07-25,95.01,96.85,94.6,96.39,657500,False,FFC
2019-07-24,96.0,96.75,95.0,95.55,472000,False,FFC
2019-07-23,94.6,97.0,93.8,96.72,1939000,False,FFC
2019-07-22,95.59,95.59,93.3,94.99,532000,False,FFC
2019-07-19,92.0,97.14,91.4,94.09,501000,False,FFC
2019-07-18,93.15,93.5,92.0,92.54,346500,False,FFC
2019-07-17,93.9,95.4,92.7,93.02,389000,False,FFC
2019-07-16,94.0,94.25,91.99,93.93,716000,False,FFC
2019-07-15,96.12,97.5,93.7,93.98,273000,False,FFC
2019-07-12,95.0,99.79,95.0,97.02,1519000,False,FFC
2019-07-11,94.5,96.0,93.1,95.04,366500,False,FFC
2019-07-10,94.3,95.5,94.0,94.97,128000,False,FFC
2019-07-09,95.0,96.5,94.5,94.98,303000,False,FFC
2019-07-08,94.5,95.0,93.01,94.89,125000,False,FFC
2019-07-05,96.0,96.0,94.5,94.74,139500,False,FFC
2019-07-04,98.75,99.5,95.5,96.06,746500,False,FFC
2019-07-03,93.0,97.26,93.0,97.26,485000,False,FFC
2019-07-02,89.15,92.99,89.15,92.63,126000,False,FFC
2019-07-01,87.75,90.0,87.75,89.94,188000,False,FFC
2019-06-28,87.4,87.8,86.01,87.2,728500,False,FFC
2019-06-27,90.51,90.8,86.5,87.35,331000,False,FFC
2019-06-26,90.0,90.74,89.5,90.02,197500,False,FFC
2019-06-25,90.5,90.5,89.0,89.54,408500,False,FFC
2019-06-24,92.6,92.6,90.5,90.94,342500,False,FFC
2019-06-21,93.98,93.98,92.3,92.55,386000,False,FFC
2019-06-20,90.5,93.75,90.3,93.22,210500,False,FFC
2019-06-19,93.0,93.0,91.31,91.8,358000,False,FFC
2019-06-18,94.97,95.0,92.7,93.13,258000,False,FFC
2019-06-17,96.5,96.5,93.99,94.67,869500,False,FFC
2019-06-14,96.7,97.75,96.5,96.7,302500,False,FFC
2019-06-13,96.05,98.5,95.5,96.62,725000,False,FFC
2019-06-12,95.99,98.0,95.02,97.83,1302500,False,FFC
2019-06-11,90.0,95.61,90.0,95.6,2083000,False,FFC
2019-06-10,89.0,94.0,88.85,91.06,949500,False,FFC
2019-06-03,91.5,92.0,91.0,91.06,649500,False,FFC
2019-05-30,96.9,98.5,91.01,92.2,940000,False,FFC
2019-05-29,90.0,94.57,90.0,94.57,1521500,False,FFC
2019-05-28,93.5,93.5,89.55,90.07,340000,False,FFC
2019-05-27,98.05,98.05,94.0,94.26,342500,False,FFC
2019-05-24,95.51,98.22,94.5,97.68,884500,False,FFC
2019-05-23,91.7,93.57,91.0,93.55,530500,False,FFC
2019-05-22,86.5,89.12,85.3,89.12,634000,False,FFC
2019-05-21,86.5,88.25,84.7,84.88,628000,False,FFC
2019-05-20,88.0,88.0,85.0,86.48,531500,False,FFC
2019-05-17,90.06,90.06,86.91,87.15,470500,False,FFC
2019-05-16,92.0,93.25,91.25,91.48,117500,False,FFC
2019-05-15,92.5,93.0,88.4,92.19,376000,False,FFC
2019-05-14,93.49,93.5,92.01,92.42,408000,False,FFC
2019-05-13,98.98,99.5,93.1,93.11,472000,False,FFC
2019-05-10,97.5,98.5,97.2,98.0,210000,False,FFC
2019-05-09,97.7,101.0,97.5,98.43,296000,False,FFC
2019-05-08,101.0,101.0,98.8,99.03,491500,False,FFC
2019-05-07,102.4,102.4,101.0,101.35,166000,False,FFC
2019-05-06,101.3,101.95,101.0,101.11,230500,False,FFC
2019-05-03,102.05,102.75,101.8,102.04,313000,False,FFC
2019-05-02,104.15,104.15,103.45,103.5,34500,False,FFC
2019-04-30,103.99,104.4,103.0,103.91,483500,False,FFC
2019-04-29,106.4,106.4,104.0,104.19,174500,False,FFC
2019-04-26,105.25,106.0,104.5,104.62,316000,False,FFC
2019-04-25,104.98,105.0,104.6,104.95,389000,False,FFC
2019-04-24,104.52,105.1,104.25,104.64,452000,False,FFC
2019-04-23,105.05,105.1,104.0,104.97,354500,False,FFC
2019-04-22,106.02,106.6,104.55,105.5,128000,False,FFC
2019-04-19,104.4,107.25,104.4,106.64,620500,False,FFC
2019-04-18,101.49,105.0,101.49,104.07,1100500,False,FFC
2019-04-17,102.88,102.88,101.5,101.56,142000,False,FFC
2019-04-16,101.26,102.7,101.26,102.31,320000,False,FFC
2019-04-15,101.0,101.8,101.0,101.26,70000,False,FFC
2019-04-12,100.15,101.9,100.15,101.35,235000,False,FFC
2019-04-11,99.75,100.7,99.75,100.3,594000,False,FFC
2019-04-10,101.5,101.8,99.3,99.99,719000,False,FFC
2019-04-09,102.05,103.0,101.0,101.52,1450500,False,FFC
2019-04-08,102.12,103.25,102.05,102.4,723000,False,FFC
2019-04-05,103.0,103.01,102.13,102.79,196500,False,FFC
2019-04-04,103.0,103.6,102.9,103.18,331000,False,FFC
2019-04-03,103.25,103.5,103.0,103.1,227500,False,FFC
2019-04-02,104.0,104.45,103.51,103.93,191000,False,FFC
2019-04-01,104.1,104.1,103.26,103.41,102500,False,FFC
2019-03-29,104.0,104.85,103.98,104.46,253500,False,FFC
2019-03-28,105.5,105.5,104.0,104.3,925500,False,FFC
2019-03-27,104.49,105.5,104.25,105.21,447500,False,FFC
2019-03-26,103.8,104.1,103.0,104.03,220000,False,FFC
2019-03-25,104.3,104.99,103.75,104.03,265500,False,FFC
2019-03-22,104.5,105.0,104.5,104.74,221000,False,FFC
2019-03-21,105.5,105.5,104.11,104.58,234000,False,FFC
2019-03-20,105.3,105.8,104.9,105.33,452000,False,FFC
2019-03-19,105.56,106.0,104.05,105.05,588000,False,FFC
2019-03-18,105.0,108.12,105.0,105.74,1336000,False,FFC
2019-03-15,106.3,107.8,106.0,106.89,978500,False,FFC
2019-03-14,106.49,107.0,105.9,106.35,152000,False,FFC
2019-03-13,106.8,106.8,105.05,105.82,283000,False,FFC
2019-03-12,105.9,106.15,105.6,106.0,142500,False,FFC
2019-03-11,106.1,106.35,105.2,105.84,187500,False,FFC
2019-03-08,107.0,107.0,105.16,106.02,166000,False,FFC
2019-03-07,107.6,107.6,106.75,107.07,255500,False,FFC
2019-03-06,108.05,108.05,107.0,107.57,183500,False,FFC
2019-03-05,108.36,108.4,107.95,108.0,126500,False,FFC
2019-03-04,107.9,108.5,107.0,108.36,266500,False,FFC
2019-03-01,107.5,108.5,107.3,107.51,345500,False,FFC
2019-02-28,107.8,108.1,106.05,107.14,483000,False,FFC
2019-02-27,106.5,107.8,103.02,106.62,785000,False,FFC
2019-02-26,107.9,108.48,106.05,106.51,348000,False,FFC
2019-02-25,108.0,109.0,107.51,108.02,538500,False,FFC
2019-02-22,107.4,108.1,107.0,107.99,883500,False,FFC
2019-02-21,108.0,108.0,106.41,107.52,1047500,False,FFC
2019-02-20,106.8,107.97,106.02,107.7,351000,False,FFC
2019-02-19,107.0,107.88,106.61,106.8,280000,False,FFC
2019-02-18,107.98,108.15,106.3,106.94,762500,False,FFC
2019-02-15,108.2,109.0,106.95,107.4,725500,False,FFC
2019-02-14,108.55,109.2,108.05,108.49,316500,False,FFC
2019-02-13,109.0,109.0,108.21,108.94,299500,False,FFC
2019-02-12,107.2,109.4,107.2,109.12,1397000,False,FFC
2019-02-11,109.0,109.4,107.15,107.55,576000,False,FFC
2019-02-08,108.5,109.75,108.11,108.86,1551500,False,FFC
2019-02-07,107.99,108.59,107.0,107.52,423000,False,FFC
2019-02-06,107.0,109.5,106.7,107.94,1958500,False,FFC
2019-02-04,106.0,107.0,105.5,106.11,430500,False,FFC
2019-02-01,106.52,106.98,105.86,106.17,256000,False,FFC
2019-01-31,105.98,107.5,104.72,106.78,1527000,False,FFC
2019-01-30,107.0,107.0,105.1,105.53,651500,False,FFC
2019-01-29,105.65,107.0,105.05,106.79,519000,False,FFC
2019-01-28,106.5,106.8,105.2,106.11,210000,False,FFC
2019-01-25,105.89,107.7,105.89,106.58,655500,False,FFC
2019-01-24,106.15,106.89,103.6,106.08,1780500,False,FFC
2019-01-23,107.23,108.1,104.6,105.54,1653000,False,FFC
2019-01-22,106.8,108.25,106.1,107.23,1253500,False,FFC
2019-01-21,104.6,108.0,104.6,106.81,1153500,False,FFC
2019-01-18,103.5,105.65,103.0,104.99,1177500,False,FFC
2019-01-17,103.5,104.2,102.1,103.75,756000,False,FFC
2019-01-16,105.25,106.5,103.8,104.25,2494500,False,FFC
2019-01-15,103.0,105.75,101.55,105.48,2074500,False,FFC
2019-01-14,105.1,105.25,103.0,103.91,3388500,False,FFC
2019-01-11,96.6,101.05,96.6,101.05,3102000,False,FFC
2019-01-10,96.3,96.7,96.0,96.24,159500,False,FFC
2019-01-09,95.1,96.8,95.1,96.42,273500,False,FFC
2019-01-08,94.6,96.99,94.11,96.29,821500,False,FFC
2019-01-07,93.1,94.95,93.1,94.35,555000,False,FFC
2019-01-04,93.3,93.5,92.6,93.01,113000,False,FFC
2019-01-03,93.5,94.0,92.6,93.31,209000,False,FFC
2019-01-02,94.25,94.5,93.0,93.75,1021500,False,FFC
2019-01-01,93.25,94.1,92.6,94.04,310000,False,FFC
2018-12-31,91.95,93.2,91.1,92.85,788000,False,FFC
2018-12-28,92.0,92.38,91.65,91.97,446500,False,FFC
2018-12-27,91.99,92.2,91.8,92.01,954500,False,FFC
2018-12-26,90.6,92.15,90.6,91.53,259500,False,FFC
2018-12-24,91.51,91.51,90.06,91.06,83500,False,FFC
2018-12-21,91.93,92.5,91.03,91.51,704000,False,FFC
2018-12-20,92.2,92.2,91.5,91.74,119000,False,FFC
2018-12-19,91.95,92.25,91.5,92.0,459000,False,FFC
2018-12-18,92.0,92.05,90.99,91.84,928000,False,FFC
2018-12-17,94.0,94.0,92.01,92.4,1000000,False,FFC
2018-12-14,94.0,94.5,93.0,94.31,279000,False,FFC
2018-12-13,93.01,93.89,93.0,93.28,273000,False,FFC
2018-12-12,93.5,93.6,92.3,93.13,1328000,False,FFC
2018-12-11,94.3,94.5,93.0,93.06,532000,False,FFC
2018-12-10,94.2,96.3,94.2,96.04,363000,False,FFC
2018-12-07,91.5,94.85,91.5,94.25,565000,False,FFC
2018-12-06,93.3,93.3,90.08,91.59,552500,False,FFC
2018-12-05,94.2,94.5,92.86,92.99,392000,False,FFC
2018-12-04,93.5,96.8,93.5,93.98,780500,False,FFC
2018-12-03,97.75,97.75,93.64,93.64,1662000,False,FFC
2018-11-30,98.0,99.25,97.5,98.56,918500,False,FFC
2018-11-29,98.75,98.95,97.75,98.24,762000,False,FFC
2018-11-28,99.4,99.5,98.0,98.89,529500,False,FFC
2018-11-27,99.1,99.7,98.81,99.43,175500,False,FFC
2018-11-26,99.2,99.7,98.75,99.45,315500,False,FFC
2018-11-23,98.55,99.75,98.25,99.55,175000,False,FFC
2018-11-22,98.2,99.5,98.2,99.05,243000,False,FFC
2018-11-20,98.0,99.0,97.02,98.8,253000,False,FFC
2018-11-19,99.08,99.08,98.0,98.24,586000,False,FFC
2018-11-16,99.5,100.74,99.5,100.06,660500,False,FFC
2018-11-15,98.9,99.88,98.3,99.73,306500,False,FFC
2018-11-14,98.5,99.0,98.0,98.74,236000,False,FFC
2018-11-13,98.1,98.99,98.0,98.74,176000,False,FFC
2018-11-12,98.5,99.0,98.3,98.64,173500,False,FFC
2018-11-09,98.06,99.09,98.06,98.8,440000,False,FFC
2018-11-08,98.0,99.5,98.0,98.99,722000,False,FFC
2018-11-07,97.95,98.75,97.53,98.32,499000,False,FFC
2018-11-06,97.25,98.0,97.0,97.43,428000,False,FFC
2018-11-05,98.1,98.4,96.5,97.94,350000,False,FFC
2018-11-02,97.05,98.75,96.31,98.09,256500,False,FFC
2018-11-01,98.0,98.7,97.7,97.85,219500,False,FFC
2018-10-31,97.05,99.0,96.51,98.21,411000,False,FFC
2018-10-30,98.8,98.8,98.0,98.33,315000,False,FFC
2018-10-29,99.9,100.5,98.35,98.82,1157500,False,FFC
2018-10-26,97.0,100.0,95.26,99.52,1529000,False,FFC
2018-10-25,93.0,97.3,92.3,97.19,1711500,False,FFC
2018-10-24,89.99,92.79,89.99,92.67,1117000,False,FFC
2018-10-23,89.0,89.0,87.98,88.38,252500,False,FFC
2018-10-22,90.0,90.3,88.75,88.98,551500,False,FFC
2018-10-19,90.0,90.4,89.12,90.1,534500,False,FFC
2018-10-18,91.0,91.0,89.35,90.13,934500,False,FFC
2018-10-17,88.45,89.5,88.15,89.09,280500,False,FFC
2018-10-16,89.7,91.2,87.0,87.04,484500,False,FFC
2018-10-15,92.0,92.0,88.55,89.7,491000,False,FFC
2018-10-12,93.0,93.0,91.01,91.23,347000,False,FFC
2018-10-11,95.0,95.0,93.5,93.97,118000,False,FFC
2018-10-10,94.25,96.94,93.5,95.16,686000,False,FFC
2018-10-09,93.0,95.0,92.26,94.24,917500,False,FFC
2018-10-08,95.5,96.12,91.15,91.36,1075000,False,FFC
2018-10-05,95.5,96.09,94.25,95.94,470000,False,FFC
2018-10-04,96.0,96.0,95.0,95.76,186000,False,FFC
2018-10-03,95.61,96.3,95.5,96.04,337500,False,FFC
2018-10-02,97.06,97.06,95.81,95.99,286000,False,FFC
2018-10-01,97.5,97.5,96.7,97.01,261000,False,FFC
2018-09-28,98.0,98.4,97.0,97.64,745500,False,FFC
2018-09-27,97.0,98.5,96.75,98.34,774500,False,FFC
2018-09-26,97.52,97.95,97.01,97.49,961500,False,FFC
2018-09-25,97.75,99.2,97.5,97.99,782000,False,FFC
2018-09-24,97.01,98.4,96.6,98.28,808500,False,FFC
2018-09-19,96.35,97.5,95.98,97.17,820000,False,FFC
2018-09-18,94.5,96.05,92.5,95.53,784500,False,FFC
2018-09-17,96.99,97.0,95.7,95.89,505000,False,FFC
2018-09-14,96.5,97.5,96.5,96.96,326500,False,FFC
2018-09-13,95.95,97.0,95.6,96.72,1149500,False,FFC
2018-09-12,96.61,96.99,95.33,95.51,374500,False,FFC
2018-09-11,97.9,98.0,95.8,97.33,533000,False,FFC
2018-09-10,96.01,97.9,95.7,97.65,519500,False,FFC
2018-09-07,95.72,97.1,95.7,96.74,337500,False,FFC
2018-09-06,96.25,96.9,96.25,96.34,408000,False,FFC
2018-09-05,96.55,96.55,95.51,96.25,615000,False,FFC
2018-09-04,97.39,97.39,96.4,96.87,314500,False,FFC
2018-09-03,97.25,97.44,96.2,97.29,272000,False,FFC
2018-08-31,97.0,97.86,95.75,97.49,840500,False,FFC
2018-08-30,100.02,100.35,95.7,96.97,5221500,False,FFC
2018-08-29,102.6,102.6,100.5,100.73,716500,False,FFC
2018-08-28,103.0,103.25,102.6,102.81,388000,False,FFC
2018-08-27,103.0,103.5,102.4,102.86,1338000,False,FFC
2018-08-24,101.5,103.8,101.5,103.68,921000,False,FFC
2018-08-20,102.0,102.6,101.85,102.37,599500,False,FFC
2018-08-17,101.5,102.2,101.5,101.75,1115500,False,FFC
2018-08-16,101.59,102.05,100.91,101.51,2513000,False,FFC
2018-08-15,101.3,102.25,101.1,101.71,2249000,False,FFC
2018-08-13,100.7,101.7,100.7,101.0,1675500,False,FFC
2018-08-10,100.3,101.0,100.22,100.52,599000,False,FFC
2018-08-09,100.31,100.5,100.0,100.21,617000,False,FFC
2018-08-08,100.05,100.75,99.8,100.21,159000,False,FFC
2018-08-07,101.1,101.1,100.05,100.15,207000,False,FFC
2018-08-06,101.11,101.25,100.45,100.95,370000,False,FFC
2018-08-03,98.5,101.9,98.5,101.33,1647000,False,FFC
2018-08-02,98.4,98.99,98.0,98.45,908500,False,FFC
2018-08-01,99.25,99.7,97.75,98.35,834500,False,FFC
2018-07-31,101.9,102.6,99.5,99.57,1342500,False,FFC
2018-07-30,100.06,102.0,100.06,101.16,1163000,False,FFC
2018-07-27,101.05,101.1,99.71,100.21,735500,False,FFC
2018-07-26,100.9,101.25,99.5,100.47,1877000,False,FFC
2018-07-24,98.55,100.0,98.55,99.62,822500,False,FFC
2018-07-23,99.1,99.15,97.75,98.09,752500,False,FFC
2018-07-20,100.1,100.1,99.0,99.22,298000,False,FFC
2018-07-19,100.25,102.75,99.5,100.05,3445000,False,FFC
2018-07-18,96.94,99.47,96.8,99.09,859000,False,FFC
2018-07-17,95.49,97.0,93.25,96.7,702500,False,FFC
2018-07-16,97.05,99.0,94.0,95.1,993500,False,FFC
2018-07-13,98.0,98.05,96.3,96.6,376000,False,FFC
2018-07-12,95.0,98.05,95.0,97.75,1209000,False,FFC
2018-07-11,94.05,96.45,93.9,94.86,502000,False,FFC
2018-07-10,94.5,94.78,92.95,93.64,804500,False,FFC
2018-07-09,96.0,96.5,93.0,94.44,1027000,False,FFC
2018-07-06,96.0,96.5,96.0,96.12,233500,False,FFC
2018-07-05,96.0,97.25,95.75,96.08,1619000,False,FFC
2018-07-04,98.4,98.42,95.9,96.04,349000,False,FFC
2018-07-03,99.0,99.0,98.5,98.75,302500,False,FFC
2018-07-02,99.5,99.5,98.7,98.82,387000,False,FFC
2018-06-29,98.52,100.0,98.5,98.89,695500,False,FFC
2018-06-28,98.5,99.25,98.0,98.57,810500,False,FFC
2018-06-27,95.57,98.9,95.57,98.29,2367000,False,FFC
2018-06-26,95.05,97.75,95.0,95.39,2926500,False,FFC
2018-06-25,98.0,98.6,95.01,95.61,1092500,False,FFC
2018-06-22,99.1,99.35,98.05,98.78,620500,False,FFC
2018-06-21,99.51,100.16,98.8,99.31,4839000,False,FFC
2018-06-20,100.39,101.5,99.71,100.11,2651000,False,FFC
2018-06-19,96.61,100.85,96.5,100.31,3367000,False,FFC
2018-06-14,98.4,98.89,97.5,97.8,3610500,False,FFC
2018-06-13,96.55,98.24,96.5,97.9,1578500,False,FFC
2018-06-12,97.9,98.25,95.7,96.44,1925500,False,FFC
2018-06-11,98.15,98.8,97.6,98.01,1240500,False,FFC
2018-06-07,98.5,98.5,97.75,97.82,395000,False,FFC
2018-06-06,98.9,99.0,98.45,98.5,628500,False,FFC
2018-06-05,98.99,98.99,98.2,98.38,325500,False,FFC
2018-06-04,98.0,98.89,97.75,98.81,407000,False,FFC
2018-06-01,98.4,98.45,98.0,98.1,1011500,False,FFC
2018-05-31,98.05,98.75,97.75,98.31,597000,False,FFC
2018-05-30,99.0,99.0,98.05,98.3,604000,False,FFC
2018-05-29,98.5,99.0,98.4,98.54,2918000,False,FFC
2018-05-28,97.99,99.0,97.0,98.56,842500,False,FFC
2018-05-25,98.48,98.48,97.52,97.95,482500,False,FFC
2018-05-24,98.6,98.6,97.75,98.33,502500,False,FFC
2018-05-23,99.0,100.55,98.5,98.75,1187500,False,FFC
2018-05-22,93.9,98.93,93.9,98.42,2272000,False,FFC
2018-05-21,94.61,95.3,94.15,94.22,2103000,False,FFC
2018-05-18,96.3,96.51,94.1,94.7,561500,False,FFC
2018-05-17,96.1,96.65,96.1,96.51,273000,False,FFC
2018-05-16,96.85,97.05,95.75,96.59,419000,False,FFC
2018-05-15,96.52,96.99,95.0,96.61,481500,False,FFC
2018-05-14,97.65,98.24,96.05,96.49,1126000,False,FFC
2018-05-11,98.5,98.98,98.0,98.14,449500,False,FFC
2018-05-10,97.02,99.25,97.0,98.05,991000,False,FFC
2018-05-09,97.8,97.8,95.0,97.44,1182500,False,FFC
2018-05-08,99.49,99.49,97.0,97.21,719500,False,FFC
2018-05-07,98.12,100.0,98.12,99.39,1520500,False,FFC
2018-05-04,98.3,98.75,98.0,98.05,349000,False,FFC
2018-05-03,99.5,99.5,98.01,98.3,649500,False,FFC
2018-05-02,99.61,100.24,99.4,99.58,760500,False,FFC
2018-04-30,100.47,101.5,99.25,99.76,3553500,False,FFC
2018-04-27,95.59,100.17,95.25,99.47,3026000,False,FFC
2018-04-26,95.0,95.55,94.5,95.4,482000,False,FFC
2018-04-25,95.5,96.5,94.35,94.67,1363000,False,FFC
2018-04-24,94.1,95.35,94.05,95.18,1034500,False,FFC
2018-04-23,95.25,95.25,94.0,94.53,350000,False,FFC
2018-04-20,95.4,96.0,94.75,95.04,813000,False,FFC
2018-04-19,96.2,96.25,94.5,95.42,765000,False,FFC
2018-04-18,96.5,97.47,95.5,95.85,688000,False,FFC
2018-04-17,95.6,96.49,95.24,96.18,799000,False,FFC
2018-04-16,99.1,99.5,95.9,96.26,1255000,False,FFC
2018-04-13,100.25,101.36,99.6,99.9,2576000,False,FFC
2018-04-12,102.24,102.24,99.35,100.11,3163000,False,FFC
2018-04-11,101.0,102.85,100.5,102.02,4734500,False,FFC
2018-04-10,101.99,102.5,100.61,100.76,1812500,False,FFC
2018-04-09,96.3,101.0,96.3,100.25,3590500,False,FFC
2018-04-06,97.6,99.74,95.75,96.55,1837000,False,FFC
2018-04-05,98.5,99.0,97.05,97.37,1347500,False,FFC
2018-04-04,98.0,99.49,96.75,98.24,3930000,False,FFC
2018-04-03,93.75,97.7,93.1,96.94,3799000,False,FFC
2018-04-02,93.75,94.9,93.25,93.59,566500,False,FFC
2018-03-30,93.75,94.5,93.25,94.05,617500,False,FFC
2018-03-29,92.5,95.45,92.5,93.56,3259000,False,FFC
2018-03-28,89.41,92.7,89.41,92.06,6772500,False,FFC
2018-03-27,89.12,89.9,88.98,89.4,5437000,False,FFC
2018-03-26,88.2,89.7,88.01,89.21,2062500,False,FFC
2018-03-22,86.49,88.6,86.45,88.26,1106500,False,FFC
2018-03-21,86.1,86.97,86.05,86.2,362500,False,FFC
2018-03-20,84.75,86.4,84.75,85.84,415500,False,FFC
2018-03-19,84.64,85.0,84.35,84.61,272000,False,FFC
2018-03-16,85.31,85.5,84.0,84.52,1139500,False,FFC
2018-03-15,86.0,86.33,85.0,85.59,482000,False,FFC
2018-03-14,86.6,86.75,85.75,85.99,243000,False,FFC
2018-03-13,86.25,86.9,86.12,86.51,445500,False,FFC
2018-03-12,86.25,87.0,86.0,86.27,220000,False,FFC
2018-03-09,85.25,86.49,85.11,86.02,175500,False,FFC
2018-03-08,86.1,86.1,85.0,85.3,662000,False,FFC
2018-03-07,86.3,86.74,86.0,86.05,416000,False,FFC
2018-03-06,87.2,87.5,86.3,86.48,337500,False,FFC
2018-03-05,88.0,88.0,87.06,87.11,516000,False,FFC
2018-03-02,89.89,91.0,89.4,90.54,2577500,False,FFC
2018-03-01,89.0,89.89,88.81,89.64,584500,False,FFC
2018-02-28,87.49,89.0,87.35,88.67,475500,False,FFC
2018-02-27,86.51,87.52,86.5,87.38,259000,False,FFC
2018-02-26,86.66,87.15,86.1,86.87,243000,False,FFC
2018-02-23,87.0,87.99,86.5,86.91,374000,False,FFC
2018-02-22,86.01,87.25,85.01,87.05,335000,False,FFC
2018-02-21,86.5,87.05,85.25,85.9,471000,False,FFC
2018-02-20,86.5,86.96,85.0,85.78,908500,False,FFC
2018-02-19,86.77,87.0,86.2,86.46,318500,False,FFC
2018-02-16,86.3,87.25,86.15,86.77,316000,False,FFC
2018-02-15,88.0,88.0,86.3,86.42,364000,False,FFC
2018-02-14,88.31,88.7,87.5,87.79,543500,False,FFC
2018-02-13,88.3,88.8,88.0,88.72,342000,False,FFC
2018-02-12,88.74,88.85,87.5,87.74,428000,False,FFC
2018-02-09,88.3,88.75,88.0,88.46,343000,False,FFC
2018-02-08,89.53,90.0,88.35,88.72,374500,False,FFC
2018-02-07,89.5,90.5,89.3,89.7,914000,False,FFC
2018-02-06,89.12,89.35,87.7,89.12,423000,False,FFC
2018-02-02,89.9,90.0,89.01,89.12,1074500,False,FFC
2018-02-01,90.7,90.7,89.57,89.73,597500,False,FFC
2018-01-31,88.85,92.07,88.5,90.42,3003000,False,FFC
2018-01-30,85.95,89.48,85.95,87.69,1820000,False,FFC
2018-01-29,87.97,87.97,85.5,85.66,981000,False,FFC
2018-01-26,88.25,88.62,86.91,87.73,892500,False,FFC
2018-01-25,89.25,89.48,87.6,87.96,523000,False,FFC
2018-01-24,91.25,91.75,88.8,89.07,1698000,False,FFC
2018-01-23,92.0,92.2,90.6,91.25,1398500,False,FFC
2018-01-22,90.95,92.0,89.8,91.88,1389000,False,FFC
2018-01-19,90.5,91.5,89.75,90.71,1043000,False,FFC
2018-01-18,90.2,91.2,89.36,90.3,1337000,False,FFC
2018-01-17,89.0,90.0,87.75,89.83,890000,False,FFC
2018-01-16,87.55,90.4,87.5,89.06,967500,False,FFC
2018-01-15,90.25,90.25,87.0,87.51,1548000,False,FFC
2018-01-12,90.0,91.0,89.0,90.52,931500,False,FFC
2018-01-11,91.9,91.9,89.85,90.26,1145500,False,FFC
2018-01-10,90.04,92.2,89.75,91.95,2537000,False,FFC
2018-01-09,90.01,93.24,89.0,90.22,6602500,False,FFC
2018-01-08,84.55,88.8,84.5,88.8,3963500,False,FFC
2018-01-05,81.5,85.1,81.1,84.58,1815500,False,FFC
2018-01-04,80.6,82.19,80.6,81.61,3450000,False,FFC
2018-01-03,80.61,80.9,80.0,80.46,2501500,False,FFC
2018-01-02,79.25,81.25,78.8,80.63,2578000,False,FFC
2018-01-01,79.2,79.4,78.4,79.05,476000,False,FFC
2017-12-29,77.35,80.1,77.28,79.11,4534000,False,FFC
2017-12-28,77.76,78.0,77.05,77.32,3127500,False,FFC
2017-12-27,76.9,78.1,76.6,78.0,3928500,False,FFC
2017-12-26,76.76,77.14,76.25,76.54,2285500,False,FFC
2017-12-22,75.0,77.34,74.8,76.88,901500,False,FFC
2017-12-21,73.73,74.7,73.25,74.24,498000,False,FFC
2017-12-20,74.5,74.74,73.5,73.73,345000,False,FFC
2017-12-19,75.0,75.0,73.51,73.87,522500,False,FFC
2017-12-18,75.5,75.6,74.25,74.42,159500,False,FFC
2017-12-15,74.5,75.8,74.4,75.46,1071000,False,FFC
2017-12-14,75.52,75.8,74.05,74.34,346500,False,FFC
2017-12-13,74.99,76.0,74.6,75.63,404500,False,FFC
2017-12-12,75.5,75.79,73.5,74.57,1681000,False,FFC
2017-12-11,76.5,77.4,75.25,75.35,860000,False,FFC
2017-12-08,76.25,77.97,75.0,76.56,1566500,False,FFC
2017-12-07,79.8,79.85,76.5,76.56,735000,False,FFC
2017-12-06,79.74,79.74,79.0,79.57,116000,False,FFC
2017-12-05,80.25,80.99,79.01,79.44,442500,False,FFC
2017-12-04,81.4,81.68,80.02,80.11,378000,False,FFC
2017-11-30,80.99,81.39,80.0,81.07,794500,False,FFC
2017-11-29,81.5,82.5,81.5,81.74,1078000,False,FFC
2017-11-28,82.3,82.45,81.15,81.51,661000,False,FFC
2017-11-27,82.3,82.88,82.1,82.28,572500,False,FFC
2017-11-24,82.5,82.8,82.12,82.53,1425000,False,FFC
2017-11-23,83.5,84.0,82.52,82.89,617000,False,FFC
2017-11-22,83.1,83.7,82.7,83.32,475000,False,FFC
2017-11-21,82.0,83.55,82.0,82.99,949000,False,FFC
2017-11-20,82.25,82.4,81.85,82.06,476000,False,FFC
2017-11-17,82.5,83.65,82.2,82.62,703500,False,FFC
2017-11-16,82.0,82.75,81.8,82.33,192500,False,FFC
2017-11-15,82.02,82.3,81.9,82.03,135500,False,FFC
2017-11-14,82.0,82.49,81.35,81.99,358500,False,FFC
2017-11-13,82.31,82.4,81.8,81.96,192000,False,FFC
2017-11-10,83.0,83.0,82.27,82.51,84000,False,FFC
2017-11-09,82.8,83.5,82.8,83.13,302500,False,FFC
2017-11-08,82.41,83.0,81.9,82.94,257500,False,FFC
2017-11-07,82.75,83.1,82.3,82.41,246500,False,FFC
2017-11-06,82.75,83.5,82.3,82.83,434500,False,FFC
2017-11-03,81.3,83.05,81.05,82.96,657500,False,FFC
2017-11-02,81.49,82.5,81.0,81.27,667000,False,FFC
2017-11-01,80.23,81.75,80.23,81.38,607500,False,FFC
2017-10-31,81.55,81.55,79.11,80.08,1883500,False,FFC
2017-10-30,83.62,83.9,81.65,81.93,1108000,False,FFC
2017-10-27,83.61,84.25,83.0,83.99,762500,False,FFC
2017-10-26,82.22,84.25,82.22,83.91,1435500,False,FFC
2017-10-25,81.7,82.5,81.7,82.19,282500,False,FFC
2017-10-24,81.99,82.1,81.35,81.8,439500,False,FFC
2017-10-23,82.11,83.0,81.55,82.0,705000,False,FFC
2017-10-20,81.5,82.9,81.0,82.32,3249500,False,FFC
2017-10-19,79.52,81.5,79.52,81.28,966500,False,FFC
2017-10-18,80.39,80.39,78.75,79.67,310000,False,FFC
2017-10-17,80.56,81.6,79.9,79.98,1236500,False,FFC
2017-10-16,79.5,81.49,79.2,80.87,972000,False,FFC
2017-10-13,80.0,80.0,79.0,79.42,718000,False,FFC
2017-10-12,81.0,81.0,79.7,80.05,1023500,False,FFC
2017-10-11,79.4,81.6,78.5,80.7,1085500,False,FFC
2017-10-10,79.8,79.8,78.0,79.39,882500,False,FFC
2017-10-09,81.44,81.44,79.45,79.76,760000,False,FFC
2017-10-06,80.1,81.5,80.1,81.26,734500,False,FFC
2017-10-05,80.24,81.25,79.5,80.23,704000,False,FFC
2017-10-04,81.31,81.7,77.5,80.16,952000,False,FFC
2017-10-03,83.01,83.25,80.65,81.45,1695500,False,FFC
2017-10-02,83.54,84.25,82.7,83.46,983500,False,FFC
2017-09-29,83.9,84.0,82.86,83.14,680000,False,FFC
2017-09-28,84.3,84.4,83.32,83.54,550000,False,FFC
2017-09-27,81.71,84.6,81.5,84.03,2067000,False,FFC
2017-09-26,82.4,82.98,81.45,82.06,1036000,False,FFC
2017-09-25,80.11,82.42,80.11,82.4,6365000,False,FFC
2017-09-22,81.0,81.0,78.3,78.5,3313000,False,FFC
2017-09-21,81.6,84.73,80.0,81.25,3309000,False,FFC
2017-09-20,82.59,82.99,81.15,81.6,2359500,False,FFC
2017-09-19,79.0,81.88,78.51,81.88,3193000,False,FFC
2017-09-18,74.9,77.99,74.15,77.99,4075500,False,FFC
2017-09-15,73.4,75.0,72.5,74.28,3255000,False,FFC
2017-09-14,73.9,74.01,73.01,73.93,1169500,False,FFC
2017-09-13,71.75,73.6,71.4,73.45,1233000,False,FFC
2017-09-12,71.39,71.75,70.5,71.53,362500,False,FFC
2017-09-11,72.0,72.0,71.01,71.4,254500,False,FFC
2017-09-08,71.78,73.0,71.16,71.64,802500,False,FFC
2017-09-07,72.0,74.0,70.6,70.89,1911000,False,FFC
2017-09-06,73.0,74.5,72.11,72.62,1361500,False,FFC
2017-09-05,71.24,72.99,71.24,72.76,1002000,False,FFC
2017-08-31,70.66,71.5,69.8,70.86,1943500,False,FFC
2017-08-30,70.79,71.3,70.0,70.07,366500,False,FFC
2017-08-29,72.9,73.0,70.0,70.25,702000,False,FFC
2017-08-28,73.05,73.5,72.49,72.64,565000,False,FFC
2017-08-25,73.6,74.75,72.97,73.14,1950500,False,FFC
2017-08-24,73.56,75.15,73.5,73.69,2943000,False,FFC
2017-08-23,72.23,74.0,72.0,73.51,3535500,False,FFC
2017-08-22,75.0,75.0,71.65,72.68,1620000,False,FFC
2017-08-21,77.98,78.0,75.0,75.11,913500,False,FFC
2017-08-18,77.51,78.0,77.2,77.61,239500,False,FFC
2017-08-17,78.75,78.86,77.77,78.02,364500,False,FFC
2017-08-16,77.5,79.5,77.5,78.97,1172000,False,FFC
2017-08-15,78.85,79.1,77.5,78.01,784000,False,FFC
2017-08-11,79.0,79.25,78.45,78.81,258500,False,FFC
2017-08-10,79.95,80.0,78.84,78.99,257000,False,FFC
2017-08-09,79.49,80.0,78.8,79.45,557500,False,FFC
2017-08-08,81.0,81.01,78.81,79.09,578000,False,FFC
2017-08-07,81.8,82.1,80.75,81.14,461000,False,FFC
2017-08-04,82.22,82.22,81.4,81.54,372000,False,FFC
2017-08-03,82.4,82.4,81.53,81.92,578500,False,FFC
2017-08-02,81.7,82.5,81.25,82.14,1013500,False,FFC
2017-08-01,80.51,82.0,80.5,81.26,1127000,False,FFC
2017-07-31,84.6,88.2,80.0,80.27,5467000,False,FFC
2017-07-28,82.25,84.35,81.0,84.05,1765000,False,FFC
2017-07-27,84.1,84.25,83.25,83.9,468000,False,FFC
2017-07-26,84.0,84.45,82.71,84.07,999500,False,FFC
2017-07-25,83.38,84.19,83.15,83.65,562000,False,FFC
2017-07-24,82.7,83.45,82.55,83.13,340500,False,FFC
2017-07-21,81.75,82.9,81.0,82.57,797000,False,FFC
2017-07-20,83.25,83.88,82.1,82.29,418500,False,FFC
2017-07-19,83.56,83.99,82.5,82.74,888500,False,FFC
2017-07-18,83.38,84.48,82.94,83.75,1055000,False,FFC
2017-07-17,81.06,83.0,81.0,82.55,910000,False,FFC
2017-07-14,81.24,82.49,80.9,82.04,1108500,False,FFC
2017-07-13,81.4,82.35,80.6,81.38,993000,False,FFC
2017-07-12,77.6,81.21,77.5,80.82,1398000,False,FFC
2017-07-11,79.0,79.5,77.25,77.35,1873000,False,FFC
2017-07-10,79.98,81.99,79.1,81.28,3308500,False,FFC
2017-07-07,80.95,81.24,79.8,80.06,1818500,False,FFC
2017-07-06,83.6,85.0,80.3,80.63,1502000,False,FFC
2017-07-05,82.48,84.75,81.0,83.43,1325000,False,FFC
2017-07-04,79.23,82.4,78.7,82.08,1172000,False,FFC
2017-07-03,82.15,82.15,78.6,79.23,1350500,False,FFC
2017-06-30,85.5,85.75,82.41,82.64,1440900,False,FFC
2017-06-29,84.39,84.99,82.5,84.56,1659300,False,FFC
2017-06-22,80.25,83.8,80.25,83.79,1518100,False,FFC
2017-06-21,79.99,80.5,77.0,79.81,4199800,False,FFC
2017-06-20,84.29,84.48,79.79,79.81,2217600,False,FFC
2017-06-19,87.0,87.25,83.35,83.98,1501900,False,FFC
2017-06-16,90.0,90.0,86.02,86.93,3290400,False,FFC
2017-06-15,91.49,91.49,90.0,90.04,571900,False,FFC
2017-06-14,92.0,92.85,91.0,91.17,427400,False,FFC
2017-06-13,92.0,92.5,90.0,91.42,635500,False,FFC
2017-06-12,93.46,93.46,89.75,91.11,915500,False,FFC
2017-06-09,93.6,94.2,93.5,93.96,783400,False,FFC
2017-06-08,93.6,93.99,93.11,93.47,653900,False,FFC
2017-06-07,94.0,94.25,93.45,93.59,532300,False,FFC
2017-06-06,94.74,94.74,93.5,93.71,354300,False,FFC
2017-06-05,94.83,94.99,93.9,94.19,1209800,False,FFC
2017-06-02,92.11,94.5,91.5,93.66,600200,False,FFC
2017-06-01,96.1,96.1,91.92,93.03,1264800,False,FFC
2017-05-31,95.2,98.7,92.9,96.28,8298100,False,FFC
2017-05-30,96.55,96.95,94.7,94.94,1143700,False,FFC
2017-05-29,96.97,96.99,96.25,96.78,259900,False,FFC
2017-05-26,97.3,97.75,96.5,96.78,1480700,False,FFC
2017-05-25,98.06,98.6,97.01,97.44,1979200,False,FFC
2017-05-24,97.48,98.98,97.0,98.39,2142400,False,FFC
2017-05-23,95.65,98.0,95.52,96.97,1995100,False,FFC
2017-05-22,95.11,96.0,95.11,95.62,1337500,False,FFC
2017-05-19,96.48,96.51,95.0,95.19,937900,False,FFC
2017-05-18,96.88,96.88,96.01,96.08,1019000,False,FFC
2017-05-17,97.8,97.97,96.13,96.51,1063200,False,FFC
2017-05-16,100.15,100.15,97.0,97.36,4155200,False,FFC
2017-05-15,98.25,101.5,98.25,100.66,5067100,False,FFC
2017-05-12,98.0,98.49,97.0,97.45,1325000,False,FFC
2017-05-11,97.49,98.2,96.8,97.93,1352700,False,FFC
2017-05-10,96.7,97.0,96.0,96.5,905400,False,FFC
2017-05-09,98.2,98.39,96.0,96.19,2316800,False,FFC
2017-05-08,98.5,99.9,97.0,97.58,2370700,False,FFC
2017-05-05,95.99,98.7,95.75,98.22,2297200,False,FFC
2017-05-04,94.3,95.76,94.3,95.56,1102500,False,FFC
2017-05-03,94.5,94.9,93.9,94.11,1024200,False,FFC
2017-05-02,96.05,96.05,94.4,94.63,744700,False,FFC
2017-04-28,97.7,98.0,95.85,96.05,1017700,False,FFC
2017-04-27,98.5,98.87,97.21,97.44,876700,False,FFC
2017-04-26,101.09,101.09,98.0,98.53,3384400,False,FFC
2017-04-25,102.39,102.39,100.85,101.2,726200,False,FFC
2017-04-24,101.4,102.5,101.13,102.31,1276600,False,FFC
2017-04-21,99.84,102.0,99.16,101.16,1479800,False,FFC
2017-04-20,96.1,100.72,95.75,99.31,2629400,False,FFC
2017-04-19,93.0,96.23,92.39,95.93,1903900,False,FFC
2017-04-18,94.11,95.5,94.11,94.69,2117200,False,FFC
2017-04-17,98.01,98.5,93.8,94.15,2363300,False,FFC
2017-04-14,99.6,99.83,97.5,97.82,1628300,False,FFC
2017-04-13,101.1,101.1,99.5,99.6,877000,False,FFC
2017-04-12,99.62,101.0,99.62,100.32,1354700,False,FFC
2017-04-11,100.75,101.25,99.7,99.87,1449600,False,FFC
2017-04-10,100.92,101.45,99.9,101.04,601500,False,FFC
2017-04-07,99.0,100.97,99.0,100.52,1074100,False,FFC
2017-04-06,100.85,100.92,98.5,98.89,3153100,False,FFC
2017-04-05,101.81,102.2,100.1,100.47,832600,False,FFC
2017-04-04,103.4,103.47,101.35,101.59,4682700,False,FFC
2017-04-03,103.8,104.1,103.25,103.33,1155700,False,FFC
2017-03-31,104.25,104.5,103.26,103.6,1007900,False,FFC
2017-03-30,104.11,104.7,103.93,104.17,528900,False,FFC
2017-03-29,104.8,105.19,104.5,104.62,752300,False,FFC
2017-03-28,104.26,104.7,104.26,104.62,329300,False,FFC
2017-03-27,104.9,105.0,104.25,104.47,321700,False,FFC
2017-03-24,105.7,105.7,104.7,104.9,862900,False,FFC
2017-03-22,105.79,105.89,105.3,105.43,507700,False,FFC
2017-03-21,105.98,105.99,104.98,105.31,718700,False,FFC
2017-03-20,105.98,106.01,105.11,105.71,333600,False,FFC
2017-03-17,107.5,108.9,105.05,105.62,3952200,False,FFC
2017-03-16,108.1,108.24,107.0,107.43,502900,False,FFC
2017-03-15,108.0,109.0,106.4,108.57,1091100,False,FFC
2017-03-14,108.2,108.2,107.25,107.82,760100,False,FFC
2017-03-13,108.01,108.3,107.7,107.89,371300,False,FFC
2017-03-10,108.1,108.7,107.75,108.41,377700,False,FFC
2017-03-09,109.75,110.0,107.12,108.35,506500,False,FFC
2017-03-08,109.0,110.09,108.91,109.99,1008600,False,FFC
2017-03-07,108.6,109.2,108.0,108.82,822600,False,FFC
2017-03-06,111.6,111.96,110.25,110.65,825500,False,FFC
2017-03-03,110.01,111.87,110.01,110.63,592200,False,FFC
2017-03-02,108.97,110.5,108.97,109.95,886800,False,FFC
2017-03-01,108.35,109.25,108.3,108.86,730800,False,FFC
2017-02-28,108.55,108.55,107.9,108.1,368000,False,FFC
2017-02-27,109.0,109.5,108.1,108.66,568200,False,FFC
2017-02-24,109.1,109.39,108.4,108.67,893700,False,FFC
2017-02-23,109.5,109.6,108.5,109.12,815400,False,FFC
2017-02-22,109.75,110.7,109.05,109.59,988700,False,FFC
2017-02-21,110.11,110.32,109.51,109.75,246600,False,FFC
2017-02-20,111.56,111.94,109.5,110.36,553800,False,FFC
2017-02-17,111.4,112.49,111.2,111.56,472100,False,FFC
2017-02-16,111.0,111.9,111.0,111.58,446400,False,FFC
2017-02-15,112.0,112.3,110.75,110.97,885600,False,FFC
2017-02-14,112.65,113.1,111.65,111.81,884200,False,FFC
2017-02-13,113.2,114.45,112.5,113.13,1610800,False,FFC
2017-02-10,112.49,114.0,112.2,112.83,2556500,False,FFC
2017-02-09,112.25,112.5,111.9,112.16,1164700,False,FFC
2017-02-08,113.11,113.45,112.25,112.46,940900,False,FFC
2017-02-07,113.0,113.7,112.7,113.04,853500,False,FFC
2017-02-06,112.6,113.24,112.25,112.83,942100,False,FFC
2017-02-03,113.76,113.89,112.0,112.21,1027900,False,FFC
2017-02-02,115.2,115.7,113.5,113.75,1320400,False,FFC
2017-02-01,116.05,116.8,114.5,115.11,1278900,False,FFC
2017-01-31,114.81,117.7,114.0,115.8,4714800,False,FFC
2017-01-30,117.0,117.0,114.5,114.89,1135300,False,FFC
2017-01-27,118.1,118.49,116.3,116.5,1839800,False,FFC
2017-01-26,117.0,118.25,116.3,118.05,3945100,False,FFC
2017-01-25,118.4,118.95,117.1,117.29,1444100,False,FFC
2017-01-24,119.45,119.9,118.0,118.54,3188700,False,FFC
2017-01-23,118.5,119.7,117.85,118.96,5844400,False,FFC
2017-01-20,118.0,119.65,117.25,117.82,6210700,False,FFC
2017-01-19,116.52,118.0,115.6,117.76,4715600,False,FFC
2017-01-18,118.25,118.4,116.25,116.6,2630300,False,FFC
2017-01-17,117.0,118.47,115.26,117.68,5093600,False,FFC
2017-01-16,118.45,119.0,116.51,116.94,4973500,False,FFC
2017-01-13,116.6,117.8,115.75,116.36,4387200,False,FFC
2017-01-12,117.1,118.4,115.15,116.7,8331600,False,FFC
2017-01-11,113.25,116.78,112.76,116.11,8400900,False,FFC
2017-01-10,113.0,113.5,110.05,112.04,6974400,False,FFC
2017-01-09,114.75,117.75,114.75,115.28,4284700,False,FFC
2017-01-06,111.3,114.4,111.3,114.02,5589800,False,FFC
2017-01-05,109.7,112.49,109.6,111.35,6029500,False,FFC
2017-01-04,110.52,111.9,109.0,109.46,5991900,False,FFC
2017-01-03,107.7,111.49,106.52,110.79,6670900,False,FFC
2017-01-02,104.8,109.1,104.8,107.54,5515800,False,FFC
2016-12-30,105.0,105.0,104.14,104.37,992200,False,FFC
2016-12-29,104.1,105.26,104.0,104.7,2603400,False,FFC
2016-12-28,103.3,104.15,103.3,103.73,1919300,False,FFC
2016-12-27,103.4,103.45,103.0,103.13,518600,False,FFC
2016-12-26,103.95,103.95,103.11,103.2,531500,False,FFC
2016-12-23,103.72,104.0,103.0,103.34,508800,False,FFC
2016-12-22,104.2,104.25,103.5,103.67,1079900,False,FFC
2016-12-21,104.22,104.8,103.6,103.96,2096200,False,FFC
2016-12-20,104.25,105.09,104.0,104.3,2814200,False,FFC
2016-12-19,104.12,104.5,103.5,104.04,2555700,False,FFC
2016-12-16,104.05,104.39,103.76,103.89,1024500,False,FFC
2016-12-15,104.3,105.1,103.9,103.98,1631800,False,FFC
2016-12-14,104.95,105.0,103.9,104.25,976000,False,FFC
2016-12-13,105.8,106.0,104.5,104.65,1042900,False,FFC
2016-12-09,105.95,105.95,105.25,105.4,564800,False,FFC
2016-12-08,106.61,107.0,105.21,105.46,562700,False,FFC
2016-12-07,106.63,107.24,106.25,106.67,1112200,False,FFC
2016-12-06,105.0,106.7,104.93,106.32,2013700,False,FFC
2016-12-05,104.95,105.5,104.5,104.93,864200,False,FFC
2016-12-02,104.9,104.9,104.25,104.72,332700,False,FFC
2016-12-01,104.9,105.1,104.0,104.39,667300,False,FFC
2016-11-30,105.1,105.4,104.96,105.21,503000,False,FFC
2016-11-29,106.6,106.6,104.9,105.08,954200,False,FFC
2016-11-28,106.25,106.98,106.0,106.2,1318500,False,FFC
2016-11-25,105.24,107.2,104.83,105.71,1288500,False,FFC
2016-11-24,105.45,105.48,104.5,104.96,297900,False,FFC
2016-11-23,105.1,105.8,104.8,105.24,544300,False,FFC
2016-11-22,104.65,105.4,104.3,105.01,1757600,False,FFC
2016-11-21,104.8,104.9,103.82,104.46,684500,False,FFC
2016-11-18,105.01,105.22,104.5,104.73,598100,False,FFC
2016-11-17,105.0,105.55,104.96,105.01,690300,False,FFC
2016-11-16,105.06,105.5,104.81,105.06,577500,False,FFC
2016-11-15,105.56,105.92,105.01,105.12,687300,False,FFC
2016-11-14,106.49,106.49,105.02,105.73,426900,False,FFC
2016-11-11,105.9,106.35,105.71,106.07,545300,False,FFC
2016-11-10,106.24,106.7,106.0,106.02,794200,False,FFC
2016-11-09,105.3,106.28,104.12,105.99,1085100,False,FFC
2016-11-08,106.0,107.33,106.0,106.14,1502000,False,FFC
2016-11-07,106.0,106.0,105.51,105.91,530500,False,FFC
2016-11-04,105.75,107.38,104.9,106.07,1315600,False,FFC
2016-11-03,105.32,105.7,104.8,105.53,818400,False,FFC
2016-11-02,106.28,107.0,105.45,105.56,1204100,False,FFC
2016-11-01,104.0,106.55,103.5,106.12,1149500,False,FFC
2016-10-31,104.0,104.5,103.4,103.77,1142600,False,FFC
2016-10-28,104.0,105.25,103.5,104.57,811900,False,FFC
2016-10-27,105.0,106.6,104.54,105.36,1601600,False,FFC
2016-10-26,103.85,108.24,103.11,105.43,4203800,False,FFC
2016-10-25,103.17,103.62,102.25,103.14,575500,False,FFC
2016-10-24,104.1,104.16,103.45,103.62,528300,False,FFC
2016-10-21,105.24,105.24,103.71,104.55,857400,False,FFC
2016-10-20,102.7,105.9,102.7,105.01,2345300,False,FFC
2016-10-19,103.63,104.0,102.0,102.71,757400,False,FFC
2016-10-18,104.23,104.23,103.5,103.79,296100,False,FFC
2016-10-17,104.06,104.6,103.91,104.04,605600,False,FFC
2016-10-14,104.45,104.5,103.9,103.96,520400,False,FFC
2016-10-13,104.5,104.65,104.0,104.45,1196200,False,FFC
2016-10-10,104.3,104.3,103.9,104.08,517700,False,FFC
2016-10-07,104.13,104.65,103.9,104.03,726500,False,FFC
2016-10-06,105.4,105.4,103.93,104.08,699100,False,FFC
2016-10-05,104.85,105.5,104.5,104.92,477600,False,FFC
2016-10-04,104.65,105.4,104.15,104.78,523900,False,FFC
2016-10-03,104.6,105.0,103.25,104.34,1036900,False,FFC
2016-09-30,104.35,105.0,103.0,103.98,2246000,False,FFC
2016-09-29,105.95,106.25,104.0,104.48,779300,False,FFC
2016-09-28,104.1,106.5,104.0,105.75,742400,False,FFC
2016-09-27,104.9,108.0,104.4,104.59,1439200,False,FFC
2016-09-26,103.58,105.28,103.33,104.99,2324500,False,FFC
2016-09-23,105.85,106.48,102.95,103.33,1720300,False,FFC
2016-09-22,106.6,107.35,105.9,106.14,2026200,False,FFC
2016-09-21,108.0,108.0,105.94,106.08,1243700,False,FFC
2016-09-20,108.95,108.95,107.5,107.97,889800,False,FFC
2016-09-19,110.3,110.5,108.4,108.57,1092900,False,FFC
2016-09-16,111.0,111.09,109.99,110.08,1148600,False,FFC
2016-09-15,111.0,111.45,110.55,110.84,308800,False,FFC
2016-09-09,113.0,113.15,112.0,112.16,388000,False,FFC
2016-09-08,113.0,113.0,112.0,112.94,713100,False,FFC
2016-09-07,111.65,112.75,111.41,112.48,541500,False,FFC
2016-09-06,110.01,112.1,110.0,111.97,1186100,False,FFC
2016-09-05,110.5,110.85,110.0,110.07,341900,False,FFC
2016-09-02,110.25,110.69,109.85,110.51,348600,False,FFC
2016-09-01,111.0,111.0,110.45,110.54,457900,False,FFC
2016-08-31,111.3,111.55,110.5,110.96,691200,False,FFC
2016-08-30,112.0,112.4,110.6,111.18,1012700,False,FFC
2016-08-29,112.48,112.48,111.8,112.0,717300,False,FFC
2016-08-26,113.25,113.55,111.99,112.32,975900,False,FFC
2016-08-25,112.0,113.29,111.85,112.86,810500,False,FFC
2016-08-24,112.1,112.48,111.7,111.9,328200,False,FFC
2016-08-23,112.05,112.7,112.0,112.13,497200,False,FFC
2016-08-22,112.5,112.75,111.8,112.47,310700,False,FFC
2016-08-19,113.26,113.66,112.11,112.69,489500,False,FFC
2016-08-18,113.5,114.25,113.05,113.8,724800,False,FFC
2016-08-17,112.5,115.0,112.5,113.54,971200,False,FFC
2016-08-16,112.2,113.0,111.96,112.52,309500,False,FFC
2016-08-15,112.34,112.5,112.0,112.1,329400,False,FFC
2016-08-12,112.0,112.13,111.4,112.03,519600,False,FFC
2016-08-11,112.37,112.74,111.6,111.68,298400,False,FFC
2016-08-10,112.55,113.0,112.2,112.37,332800,False,FFC
2016-08-09,113.1,113.5,112.5,112.86,536700,False,FFC
2016-08-08,113.11,113.4,112.55,113.27,195800,False,FFC
2016-08-05,113.4,113.4,113.0,113.05,101300,False,FFC
2016-08-04,113.41,113.8,113.01,113.21,264100,False,FFC
2016-08-03,113.9,114.0,113.2,113.32,239600,False,FFC
2016-08-02,113.76,113.9,113.3,113.85,309500,False,FFC
2016-08-01,113.89,114.0,113.46,113.81,393300,False,FFC
2016-07-29,114.0,114.0,113.12,113.68,397800,False,FFC
2016-07-28,114.5,114.5,113.55,113.72,503600,False,FFC
2016-07-27,114.0,114.9,113.75,114.38,5524800,False,FFC
2016-07-26,114.01,114.4,113.4,113.8,1030600,False,FFC
2016-07-25,115.55,115.55,114.1,114.39,604800,False,FFC
2016-07-22,116.3,116.7,115.4,115.51,441800,False,FFC
2016-07-21,116.5,116.95,116.0,116.32,874400,False,FFC
2016-07-20,116.48,116.5,115.0,116.08,572100,False,FFC
2016-07-19,116.7,117.0,115.45,116.27,647900,False,FFC
2016-07-18,117.3,117.3,116.4,116.74,292300,False,FFC
2016-07-15,117.1,117.99,116.5,116.96,616900,False,FFC
2016-07-14,117.47,117.53,116.9,117.14,361800,False,FFC
2016-07-13,118.16,118.6,116.95,117.16,1381300,False,FFC
2016-07-12,116.74,118.5,116.2,118.29,1100700,False,FFC
2016-07-11,114.94,117.1,114.0,116.93,1105900,False,FFC
2016-07-04,115.1,115.1,114.0,114.56,443300,False,FFC
2016-06-30,114.88,115.2,114.09,114.72,451700,False,FFC
2016-06-29,113.49,114.44,113.48,114.09,659600,False,FFC
2016-06-28,113.9,113.94,112.65,112.99,1716200,False,FFC
2016-06-27,115.84,116.0,113.35,113.55,2108500,False,FFC
2016-06-24,117.03,117.03,113.5,115.84,1718600,False,FFC
2016-06-23,116.9,117.9,116.65,117.54,327200,False,FFC
2016-06-22,117.5,117.6,116.6,117.08,311500,False,FFC
2016-06-21,117.94,118.5,117.0,117.62,406900,False,FFC
2016-06-20,118.84,119.0,117.2,117.94,419000,False,FFC
2016-06-17,120.15,120.15,118.05,118.6,526200,False,FFC
2016-06-16,120.49,121.95,120.06,120.39,2062000,False,FFC
2016-06-15,122.89,122.89,119.5,120.59,3044900,False,FFC
2016-06-14,115.47,118.7,115.47,118.18,748600,False,FFC
2016-06-13,115.01,116.0,113.8,115.48,508600,False,FFC
2016-06-10,116.03,116.46,114.9,115.12,454700,False,FFC
2016-06-09,117.75,118.49,116.0,116.46,819200,False,FFC
2016-06-08,119.5,119.95,117.51,117.99,1322100,False,FFC
2016-06-07,121.0,121.7,119.0,119.26,1113400,False,FFC
2016-06-06,118.9,122.74,118.5,121.45,3259100,False,FFC
2016-06-03,114.5,118.1,114.5,117.0,1728200,False,FFC
2016-06-02,114.9,117.25,114.5,117.02,1264400,False,FFC
2016-06-01,113.6,114.9,113.5,114.49,428800,False,FFC
2016-05-31,115.55,116.22,112.75,113.26,2446100,False,FFC
2016-05-30,117.5,117.79,116.1,116.22,860900,False,FFC
2016-05-27,117.25,117.9,117.0,117.47,1370700,False,FFC
2016-05-26,116.52,118.5,116.52,117.26,1252100,False,FFC
2016-05-25,116.99,117.3,116.34,117.13,1247500,False,FFC
2016-05-24,117.5,118.0,116.5,116.97,1169100,False,FFC
2016-05-23,115.03,118.48,114.84,117.22,1262000,False,FFC
2016-05-20,116.48,116.48,115.25,115.51,951000,False,FFC
2016-05-19,114.56,116.87,114.5,116.34,3156300,False,FFC
2016-05-18,112.55,114.95,112.55,114.04,782900,False,FFC
2016-05-17,113.0,113.35,112.5,112.57,584700,False,FFC
2016-05-16,113.5,113.52,112.45,112.69,548200,False,FFC
2016-05-13,113.03,113.85,113.03,113.54,700400,False,FFC
2016-05-12,115.1,115.51,113.12,113.59,1279500,False,FFC
2016-05-11,115.0,115.8,114.5,114.86,1091300,False,FFC
2016-05-10,114.2,115.89,113.51,114.97,2183500,False,FFC
2016-05-09,113.0,114.72,112.63,114.12,2774200,False,FFC
