date,open,high,low,close,volume,is_anomaly,symbol
2026-05-08,442.0,448.97,438.0,445.73,1727932,False,LUCK
2026-05-07,445.25,457.0,436.0,449.6,3840933,False,LUCK
2026-05-06,420.1,444.0,418.11,439.61,5101180,False,LUCK
2026-05-05,405.0,411.9,405.0,409.1,964827,False,LUCK
2026-05-04,411.0,425.0,406.81,411.18,1757797,False,LUCK
2026-04-30,413.94,413.94,400.51,407.99,2247520,False,LUCK
2026-04-29,418.01,425.9,410.5,418.41,1767142,False,LUCK
2026-04-28,417.99,421.0,415.0,418.64,881743,False,LUCK
2026-04-27,430.0,434.0,420.0,422.88,990168,False,LUCK
2026-04-24,422.27,435.0,415.0,430.25,1386253,False,LUCK
2026-04-23,430.0,433.99,420.55,425.8,1051797,False,LUCK
2026-04-22,441.0,442.97,429.05,431.12,1376109,False,LUCK
2026-04-21,448.0,448.0,438.5,441.02,1632822,False,LUCK
2026-04-20,445.0,445.0,430.1,440.86,3733292,False,LUCK
2026-04-17,438.01,451.95,437.01,449.37,3389829,False,LUCK
2026-04-16,439.99,444.0,430.15,435.5,2920671,False,LUCK
2026-04-15,455.0,458.44,433.99,435.77,5435632,False,LUCK
2026-04-14,425.0,438.0,420.0,434.36,4056475,False,LUCK
2026-04-13,415.0,425.0,407.0,410.06,3601011,False,LUCK
2026-04-10,431.11,447.8,431.11,435.76,3957795,False,LUCK
2026-04-09,439.8,439.8,402.0,429.97,7125029,False,LUCK
2026-04-08,420.33,420.33,420.33,420.33,858501,False,LUCK
2026-04-07,372.0,385.0,370.0,382.12,2395447,False,LUCK
2026-04-06,370.5,382.56,361.36,379.26,3261316,False,LUCK
2026-04-03,370.0,377.0,369.0,371.17,1461592,False,LUCK
2026-04-02,376.0,383.44,370.0,378.75,2852587,False,LUCK
2026-04-01,368.0,392.55,368.0,389.58,6249051,False,LUCK
2026-03-31,355.0,364.0,350.52,356.86,1986599,False,LUCK
2026-03-30,362.3,364.0,339.0,345.09,2657018,False,LUCK
2026-03-27,366.15,373.0,360.0,362.3,1987580,False,LUCK
2026-03-26,383.97,383.97,363.0,366.56,3312882,False,LUCK
2026-03-25,370.23,389.25,368.11,384.99,4696288,False,LUCK
2026-03-24,379.68,379.68,358.0,365.22,4346775,False,LUCK
2026-03-19,350.03,358.52,344.0,354.85,2716650,False,LUCK
2026-03-18,349.99,363.5,343.97,356.53,2708443,False,LUCK
2026-03-17,345.0,354.98,341.0,346.79,2681764,False,LUCK
2026-03-16,358.4,359.0,341.5,342.91,2232849,False,LUCK
2026-03-13,365.0,367.65,350.0,358.85,1885853,False,LUCK
2026-03-12,375.1,377.96,365.0,366.5,1772781,False,LUCK
2026-03-11,385.0,390.0,375.1,379.02,1669709,False,LUCK
2026-03-10,376.0,379.47,371.0,379.41,1965393,False,LUCK
2026-03-09,344.74,359.99,344.74,344.97,3897451,False,LUCK
2026-03-06,397.99,398.0,381.99,383.04,2031009,False,LUCK
2026-03-05,392.95,400.5,390.0,398.83,3782703,False,LUCK
2026-03-04,398.0,398.0,389.0,390.6,1650846,False,LUCK
2026-03-03,387.0,405.0,381.27,398.55,4351762,False,LUCK
2026-03-02,379.96,410.2,379.96,381.27,7253805,False,LUCK
2026-02-27,420.0,435.0,410.2,422.18,1338120,False,LUCK
2026-02-26,415.0,430.5,408.0,424.06,2515007,False,LUCK
2026-02-25,423.24,428.3,410.55,414.58,1153268,False,LUCK
2026-02-24,415.0,431.02,405.0,422.22,2981168,False,LUCK
2026-02-23,434.99,435.0,397.0,407.97,3536711,False,LUCK
2026-02-20,435.8,441.97,424.01,436.5,1735381,False,LUCK
2026-02-19,453.9,453.9,432.6,435.72,1299232,False,LUCK
2026-02-18,449.0,457.5,445.5,454.25,4594770,False,LUCK
2026-02-17,449.06,457.0,441.0,445.65,2541525,False,LUCK
2026-02-16,461.02,462.0,442.0,449.06,5941873,False,LUCK
2026-02-13,472.0,472.0,454.01,460.86,4047882,False,LUCK
2026-02-12,477.0,482.5,467.06,472.88,2375010,False,LUCK
2026-02-11,466.0,484.0,466.0,477.53,4625558,False,LUCK
2026-02-10,459.99,470.0,453.01,465.95,1816434,False,LUCK
2026-02-09,472.0,473.85,455.76,457.49,2459358,False,LUCK
2026-02-06,477.0,478.0,466.5,468.65,1405871,False,LUCK
2026-02-04,477.0,481.75,475.0,476.66,2918769,False,LUCK
2026-02-03,479.27,481.5,475.01,476.06,1482328,False,LUCK
2026-02-02,483.5,486.82,473.5,475.91,1361788,False,LUCK
2026-01-30,467.9,489.5,465.0,482.13,2341538,False,LUCK
2026-01-29,480.0,483.5,462.51,465.43,1801771,False,LUCK
2026-01-28,478.0,485.0,475.01,478.07,1043937,False,LUCK
2026-01-27,485.0,485.0,475.1,477.24,1724656,False,LUCK
2026-01-26,492.0,499.0,480.06,486.26,1521757,False,LUCK
2026-01-23,494.98,497.0,485.01,491.94,945441,False,LUCK
2026-01-22,491.99,497.2,490.1,495.17,788835,False,LUCK
2026-01-21,498.49,499.79,490.0,492.35,1161563,False,LUCK
2026-01-20,501.0,502.96,495.0,496.37,1004690,False,LUCK
2026-01-19,497.99,501.25,494.16,500.15,1057520,False,LUCK
2026-01-16,488.1,500.12,488.1,493.86,1495746,False,LUCK
2026-01-15,490.02,495.0,485.0,487.58,818902,False,LUCK
2026-01-14,500.26,502.0,487.11,490.0,1683329,False,LUCK
2026-01-13,494.2,506.0,488.0,500.09,1677757,False,LUCK
2026-01-12,498.3,499.97,490.0,491.18,1108288,False,LUCK
2026-01-09,507.0,508.27,492.0,498.3,1889315,False,LUCK
2026-01-08,514.49,516.88,504.55,507.84,2146131,False,LUCK
2026-01-07,508.8,515.23,506.01,512.15,2461854,False,LUCK
2026-01-06,490.5,514.0,489.0,508.8,6692054,False,LUCK
2026-01-05,478.5,498.99,478.5,488.36,3367840,False,LUCK
2026-01-02,483.99,486.65,472.0,478.44,1492540,False,LUCK
2026-01-01,476.01,492.0,476.01,481.02,1560281,False,LUCK
2025-12-31,492.0,492.0,470.0,474.96,3110153,False,LUCK
2025-12-30,487.0,492.0,486.1,487.24,1120108,False,LUCK
2025-12-29,489.89,495.0,484.8,486.74,941680,False,LUCK
2025-12-26,491.89,497.8,485.0,486.36,1277190,False,LUCK
2025-12-24,495.01,502.0,487.96,490.42,1659599,False,LUCK
2025-12-23,510.0,520.0,505.1,509.2,1265993,False,LUCK
2025-12-22,498.99,529.5,495.0,512.7,3865992,False,LUCK
2025-12-19,485.67,503.04,485.67,499.04,2918362,False,LUCK
2025-12-18,479.11,495.03,477.0,485.49,1456032,False,LUCK
2025-12-17,488.8,490.5,471.2,476.63,1401564,False,LUCK
2025-12-16,491.98,500.0,487.5,488.3,1138092,False,LUCK
2025-12-15,490.0,496.0,487.02,488.6,697626,False,LUCK
2025-12-12,487.24,492.77,481.0,488.82,761289,False,LUCK
2025-12-11,495.0,496.0,484.52,487.24,1026336,False,LUCK
2025-12-10,485.92,504.0,485.27,497.28,2634361,False,LUCK
2025-12-09,479.45,488.7,473.49,485.92,1639272,False,LUCK
2025-12-08,475.0,477.98,471.5,476.06,755301,False,LUCK
2025-12-05,478.0,478.0,468.01,475.6,1475173,False,LUCK
2025-12-04,469.0,472.98,465.0,471.44,568533,False,LUCK
2025-12-03,480.0,480.0,466.0,471.13,973670,False,LUCK
2025-12-02,468.99,481.4,463.25,476.71,4149100,False,LUCK
2025-12-01,464.0,469.0,455.0,465.35,2448671,False,LUCK
2025-11-28,453.5,460.48,452.0,458.24,1906835,False,LUCK
2025-11-27,438.07,457.0,438.0,451.58,1937982,False,LUCK
2025-11-26,427.5,440.0,423.5,436.7,1197282,False,LUCK
2025-11-25,428.1,433.45,423.0,430.53,606817,False,LUCK
2025-11-24,428.01,431.0,421.87,426.98,984016,False,LUCK
2025-11-21,431.0,435.0,426.5,428.42,838510,False,LUCK
2025-11-20,430.0,432.89,426.1,429.78,644548,False,LUCK
2025-11-19,430.24,434.5,426.91,428.08,911237,False,LUCK
2025-11-18,435.99,436.0,425.0,430.24,1244144,False,LUCK
2025-11-17,445.1,447.9,431.0,432.63,1116466,False,LUCK
2025-11-14,448.11,450.89,441.51,442.41,997259,False,LUCK
2025-11-13,425.01,449.0,425.01,445.9,2584227,False,LUCK
2025-11-12,430.0,434.0,422.0,424.34,1132424,False,LUCK
2025-11-11,441.0,443.99,430.0,430.62,1365386,False,LUCK
2025-11-10,441.99,446.5,439.0,441.42,708042,False,LUCK
2025-11-07,440.0,445.0,432.55,439.84,682624,False,LUCK
2025-11-06,443.95,444.84,427.99,439.66,1702646,False,LUCK
2025-11-05,455.85,455.85,440.01,442.02,1120641,False,LUCK
2025-11-04,460.0,462.05,449.82,454.76,718536,False,LUCK
2025-11-03,465.0,465.48,458.0,459.92,709293,False,LUCK
2025-10-31,450.0,462.0,450.0,459.87,754891,False,LUCK
2025-10-30,442.0,452.85,442.0,445.93,1121777,False,LUCK
2025-10-29,452.51,458.0,440.0,442.28,736919,False,LUCK
2025-10-28,455.0,464.9,450.51,452.64,1406545,False,LUCK
2025-10-27,452.32,452.32,443.8,445.2,388945,False,LUCK
2025-10-24,451.78,455.0,443.02,452.32,510119,False,LUCK
2025-10-23,457.99,460.0,450.0,451.78,635349,False,LUCK
2025-10-22,462.3,463.75,457.11,459.85,861474,False,LUCK
2025-10-21,463.01,465.0,458.01,462.41,718850,False,LUCK
2025-10-20,465.0,467.5,456.0,462.45,666061,False,LUCK
2025-10-17,457.0,463.0,451.12,459.89,986837,False,LUCK
2025-10-16,458.35,465.95,452.1,454.59,1593384,False,LUCK
2025-10-15,468.0,470.01,454.05,458.55,1873814,False,LUCK
2025-10-14,440.0,472.0,440.0,467.16,1942602,False,LUCK
2025-10-13,441.0,450.0,425.0,431.38,2567586,False,LUCK
2025-10-10,450.0,460.0,443.0,448.34,1114027,False,LUCK
2025-10-09,445.11,463.49,445.11,450.88,1481644,False,LUCK
2025-10-08,457.0,459.99,440.0,443.95,2592217,False,LUCK
2025-10-07,475.77,475.77,455.0,456.11,1488722,False,LUCK
2025-10-06,472.5,474.0,467.0,470.65,827392,False,LUCK
2025-10-03,475.0,479.79,473.01,474.12,837163,False,LUCK
2025-10-02,479.0,484.99,470.1,472.14,1566426,False,LUCK
2025-10-01,478.89,483.0,469.55,479.07,996089,False,LUCK
2025-09-30,467.25,478.0,463.1,475.89,1588041,False,LUCK
2025-09-29,473.98,473.98,466.0,467.1,847609,False,LUCK
2025-09-26,465.0,474.0,460.75,470.56,2136072,False,LUCK
2025-09-25,475.05,477.6,460.0,464.62,1187814,False,LUCK
2025-09-24,476.7,481.0,473.0,474.83,578674,False,LUCK
2025-09-23,485.0,486.0,475.05,476.24,879952,False,LUCK
2025-09-22,489.47,491.98,481.01,482.4,874264,False,LUCK
2025-09-19,485.99,494.5,480.55,487.99,1361634,False,LUCK
2025-09-18,481.0,486.0,480.56,484.45,1319613,False,LUCK
2025-09-17,478.8,487.5,477.0,480.56,2244163,False,LUCK
2025-09-16,479.9,481.0,475.0,477.52,1586736,False,LUCK
2025-09-15,474.17,479.05,470.0,476.59,2177425,False,LUCK
2025-09-12,481.0,483.0,471.5,474.17,1666181,False,LUCK
2025-09-11,483.5,486.99,478.0,480.64,1919069,False,LUCK
2025-09-10,475.6,486.0,474.0,483.21,1838689,False,LUCK
2025-09-09,477.9,485.97,472.5,481.01,3637777,False,LUCK
2025-09-08,469.0,481.0,469.0,478.57,3073083,False,LUCK
2025-09-05,454.9,482.0,454.1,466.18,6159407,False,LUCK
2025-09-04,443.17,456.0,443.1,452.91,2993412,False,LUCK
2025-09-03,441.26,450.0,441.26,443.17,2159612,False,LUCK
2025-09-02,448.0,448.0,438.0,440.72,2089897,False,LUCK
2025-09-01,429.2,449.2,428.01,445.55,4086384,False,LUCK
2025-08-29,420.0,435.0,419.25,427.42,2963919,False,LUCK
2025-08-28,415.0,423.5,414.63,418.26,1560131,False,LUCK
2025-08-27,418.0,419.5,413.8,414.63,787919,False,LUCK
2025-08-26,413.7,422.98,411.0,415.44,907341,False,LUCK
2025-08-25,418.01,420.0,411.0,413.58,696364,False,LUCK
2025-08-22,419.91,424.5,415.5,417.08,1247451,False,LUCK
2025-08-21,425.0,428.95,409.0,419.91,3096060,False,LUCK
2025-08-20,430.0,432.45,423.01,424.62,2577062,False,LUCK
2025-08-19,412.0,430.0,412.0,425.98,3914791,False,LUCK
2025-08-18,395.0,413.5,394.6,411.02,3728197,False,LUCK
2025-08-15,387.45,399.75,383.0,394.34,3300897,False,LUCK
2025-08-13,380.11,387.0,379.01,385.42,1860408,False,LUCK
2025-08-12,378.97,381.25,376.51,378.4,1139433,False,LUCK
2025-08-11,374.0,382.4,372.0,375.88,1875675,False,LUCK
2025-08-08,380.0,386.9,370.2,374.73,1639040,False,LUCK
2025-08-07,381.01,384.4,376.2,382.29,2162742,False,LUCK
2025-08-06,377.5,382.51,375.16,380.83,3126789,False,LUCK
2025-08-05,372.11,377.85,371.99,374.94,3163979,False,LUCK
2025-08-04,364.97,374.0,363.51,372.11,2876974,False,LUCK
2025-08-01,358.0,362.1,355.0,359.91,1168697,False,LUCK
2025-07-31,358.0,362.35,352.5,356.95,855949,False,LUCK
2025-07-30,363.99,364.99,351.0,356.43,1928440,False,LUCK
2025-07-29,370.0,374.89,357.81,361.88,4317828,False,LUCK
2025-07-28,361.89,373.24,361.74,369.3,3333943,False,LUCK
2025-07-25,353.2,360.0,352.01,358.54,931294,False,LUCK
2025-07-24,357.02,359.45,353.0,353.49,688855,False,LUCK
2025-07-23,358.0,360.0,355.5,356.77,771597,False,LUCK
2025-07-22,358.0,361.0,355.61,357.08,1121102,False,LUCK
2025-07-21,358.5,365.0,356.0,357.73,987508,False,LUCK
2025-07-18,358.51,374.85,354.72,358.71,5228348,False,LUCK
2025-07-17,350.95,359.1,349.0,358.3,2044005,False,LUCK
2025-07-16,350.0,351.1,345.0,349.62,867656,False,LUCK
2025-07-15,354.0,356.0,349.0,349.87,1176731,False,LUCK
2025-07-14,353.0,355.8,350.75,353.19,1083505,False,LUCK
2025-07-11,354.44,359.9,351.5,351.98,1637078,False,LUCK
2025-07-10,354.0,354.25,350.0,353.38,1390682,False,LUCK
2025-07-09,356.49,357.0,350.25,352.42,1014954,False,LUCK
2025-07-08,358.0,359.63,352.07,355.03,1740065,False,LUCK
2025-07-07,354.99,358.0,352.0,356.59,1531676,False,LUCK
2025-07-04,352.99,354.5,350.0,353.08,962543,False,LUCK
2025-07-03,349.97,355.5,348.07,349.66,1500526,False,LUCK
2025-07-02,350.0,353.9,348.0,348.8,989113,False,LUCK
2025-07-01,357.0,357.0,347.98,349.76,2143278,False,LUCK
2025-06-30,357.1,359.0,353.01,355.24,1632314,False,LUCK
2025-06-27,342.6,365.0,341.28,355.89,6413957,False,LUCK
2025-06-26,347.75,351.0,340.39,341.28,1506811,False,LUCK
2025-06-25,348.0,349.5,345.0,347.74,1642530,False,LUCK
2025-06-24,335.5,347.95,331.11,346.42,4684225,False,LUCK
2025-06-23,320.2,326.89,315.0,316.66,1695746,False,LUCK
2025-06-20,327.88,332.9,326.0,329.93,761312,False,LUCK
2025-06-19,331.5,337.01,325.0,328.45,2994913,False,LUCK
2025-06-18,336.0,336.5,328.7,331.53,2056615,False,LUCK
2025-06-17,341.01,344.0,334.0,335.23,1633824,False,LUCK
2025-06-16,345.72,351.99,339.96,340.85,2370083,False,LUCK
2025-06-13,348.0,351.0,341.5,345.72,3402914,False,LUCK
2025-06-12,355.0,374.0,352.01,356.0,9603356,False,LUCK
2025-06-11,345.0,354.0,340.11,352.13,5565026,False,LUCK
2025-06-10,343.0,343.01,334.85,335.48,1141529,False,LUCK
2025-06-05,345.61,347.5,340.62,342.06,816940,False,LUCK
2025-06-04,343.0,348.1,341.5,345.61,3330662,False,LUCK
2025-06-03,335.0,343.5,334.0,339.26,2955173,False,LUCK
2025-06-02,336.05,339.85,330.0,331.77,984536,False,LUCK
2025-05-30,335.44,338.0,333.5,335.62,827975,False,LUCK
2025-05-29,325.97,339.9,324.75,333.38,2756891,False,LUCK
2025-05-27,325.01,329.79,319.5,324.23,2294998,False,LUCK
2025-05-26,321.01,327.82,321.01,322.88,495875,False,LUCK
2025-05-23,326.96,330.49,320.05,324.82,917946,False,LUCK
2025-05-22,335.51,336.88,323.52,324.99,1883910,False,LUCK
2025-05-21,336.99,338.09,333.6,335.39,1037102,False,LUCK
2025-05-20,339.0,346.0,332.82,337.17,1331099,False,LUCK
2025-05-19,345.0,347.0,335.1,338.15,1389149,False,LUCK
2025-05-16,349.0,349.0,341.5,342.37,1051595,False,LUCK
2025-05-15,351.1,354.0,343.0,347.49,2643581,False,LUCK
2025-05-14,364.95,364.95,343.0,351.1,5816281,False,LUCK
2025-05-13,351.0,354.99,337.8,351.19,6259987,False,LUCK
2025-05-12,337.78,337.78,337.78,337.78,876832,False,LUCK
2025-05-09,295.0,309.0,280.15,307.07,3642443,False,LUCK
2025-05-08,306.11,317.95,274.43,287.68,7396858,False,LUCK
2025-05-07,300.01,318.44,296.0,304.92,7169114,False,LUCK
2025-05-06,339.31,339.31,320.0,323.31,2354625,False,LUCK
2025-05-05,337.0,340.0,328.0,335.01,3188998,False,LUCK
2025-05-02,336.1,342.0,333.0,336.8,4552166,False,LUCK
2025-04-30,340.0,343.94,325.0,327.29,5286939,False,LUCK
2025-04-29,358.0,363.98,335.0,349.16,7838604,False,LUCK
2025-04-28,365.0,383.25,355.13,358.88,9953480,False,LUCK
2025-04-18,1748.8,1796.0,1738.0,1751.45,1109330,False,LUCK
2025-04-17,1732.0,1759.9,1727.0,1738.3,447747,False,LUCK
2025-04-16,1720.0,1771.0,1710.0,1725.54,756955,False,LUCK
2025-04-15,1700.0,1747.0,1675.0,1716.23,1150692,False,LUCK
2025-04-14,1615.5,1699.0,1605.1,1689.59,1028009,False,LUCK
2025-04-11,1590.0,1614.0,1578.0,1602.95,456102,False,LUCK
2025-04-10,1603.0,1626.0,1580.01,1601.83,796980,False,LUCK
2025-04-09,1580.0,1580.0,1541.0,1560.98,605409,False,LUCK
2025-04-08,1500.01,1621.8,1494.0,1574.15,2063508,False,LUCK
2025-04-07,1490.0,1500.0,1412.0,1476.06,586054,False,LUCK
2025-04-04,1515.0,1529.95,1497.0,1501.41,311559,False,LUCK
2025-04-03,1490.0,1529.89,1486.01,1516.26,292519,False,LUCK
2025-03-27,1486.01,1518.0,1480.2,1496.6,265302,False,LUCK
2025-03-26,1510.0,1515.0,1480.0,1491.28,212439,False,LUCK
2025-03-25,1496.0,1507.25,1473.0,1497.87,153127,False,LUCK
2025-03-24,1538.0,1542.0,1489.0,1496.45,242494,False,LUCK
2025-03-21,1551.1,1560.0,1520.05,1527.79,166226,False,LUCK
2025-03-20,1547.99,1570.0,1540.2,1549.49,554306,False,LUCK
2025-03-19,1515.0,1545.0,1490.0,1534.62,578664,False,LUCK
2025-03-18,1500.0,1525.0,1492.55,1516.8,524935,False,LUCK
2025-03-17,1469.99,1499.0,1465.0,1492.99,415549,False,LUCK
2025-03-14,1490.0,1490.0,1455.6,1464.11,420086,False,LUCK
2025-03-13,1434.0,1484.0,1434.0,1471.33,441742,False,LUCK
2025-03-12,1442.0,1444.0,1428.0,1430.9,83982,False,LUCK
2025-03-11,1448.0,1450.0,1432.0,1438.29,131405,False,LUCK
2025-03-10,1450.0,1463.0,1440.0,1448.49,129248,False,LUCK
2025-03-07,1439.99,1457.88,1434.0,1448.95,323720,False,LUCK
2025-03-06,1437.1,1450.0,1432.75,1434.93,178135,False,LUCK
2025-03-05,1433.0,1460.0,1429.0,1434.31,284831,False,LUCK
2025-03-04,1413.01,1439.9,1413.01,1428.76,194218,False,LUCK
2025-03-03,1415.25,1434.0,1409.0,1412.72,161766,False,LUCK
2025-02-28,1444.9,1444.9,1406.1,1424.16,187308,False,LUCK
2025-02-27,1467.0,1469.89,1433.0,1436.93,159380,False,LUCK
2025-02-26,1458.0,1475.98,1450.0,1459.93,249738,False,LUCK
2025-02-25,1460.0,1480.0,1440.0,1456.28,421255,False,LUCK
2025-02-24,1401.0,1471.99,1371.1,1449.37,1462920,False,LUCK
2025-02-21,1535.51,1535.51,1405.0,1422.52,2132716,False,LUCK
2025-02-20,1400.0,1450.0,1380.0,1395.92,645471,False,LUCK
2025-02-19,1467.9,1474.0,1392.0,1402.17,535671,False,LUCK
2025-02-18,1410.0,1491.0,1381.02,1459.65,694511,False,LUCK
2025-02-17,1367.0,1441.0,1360.0,1404.3,1017829,False,LUCK
2025-02-14,1366.37,1366.37,1345.0,1366.37,536482,False,LUCK
2025-02-13,1215.0,1250.0,1211.0,1242.15,1673924,False,LUCK
2025-02-12,1218.59,1220.0,1206.9,1208.09,172098,False,LUCK
2025-02-11,1214.28,1228.0,1210.0,1218.59,249830,False,LUCK
2025-02-10,1211.0,1215.0,1190.2,1209.1,109996,False,LUCK
2025-02-07,1188.1,1215.0,1188.1,1209.34,83026,False,LUCK
2025-02-06,1195.0,1200.0,1175.0,1194.54,483790,False,LUCK
2025-02-04,1210.0,1217.99,1185.0,1195.75,342632,False,LUCK
2025-02-03,1184.0,1240.0,1178.21,1199.47,718482,False,LUCK
2025-01-31,1150.0,1210.02,1140.0,1180.84,1070641,False,LUCK
2025-01-30,1070.0,1119.0,1070.0,1113.72,594472,False,LUCK
2025-01-29,1086.0,1095.0,1073.1,1076.15,127451,False,LUCK
2025-01-28,1107.0,1118.99,1077.0,1084.82,355994,False,LUCK
2025-01-27,1110.0,1119.0,1091.0,1098.66,102444,False,LUCK
2025-01-24,1110.0,1130.0,1105.6,1109.15,117687,False,LUCK
2025-01-23,1109.99,1113.99,1098.75,1106.83,50224,False,LUCK
2025-01-22,1110.0,1119.0,1087.87,1097.44,150327,False,LUCK
2025-01-21,1132.0,1139.0,1098.0,1101.48,82978,False,LUCK
2025-01-20,1145.0,1145.0,1130.0,1132.96,84935,False,LUCK
2025-01-17,1098.0,1134.99,1090.4,1128.3,267300,False,LUCK
2025-01-16,1111.0,1111.0,1091.02,1099.15,87074,False,LUCK
2025-01-15,1105.1,1129.0,1099.0,1110.64,97947,False,LUCK
2025-01-14,1114.5,1124.0,1094.11,1116.52,150508,False,LUCK
2025-01-13,1096.03,1120.0,1096.03,1104.0,103194,False,LUCK
2025-01-10,1100.0,1124.7,1078.6,1094.74,215238,False,LUCK
2025-01-09,1137.0,1147.0,1091.94,1102.26,174588,False,LUCK
2025-01-08,1150.01,1172.0,1130.0,1134.54,178703,False,LUCK
2025-01-07,1151.0,1155.9,1098.0,1150.95,274356,False,LUCK
2025-01-06,1158.9,1165.98,1125.0,1148.2,183759,False,LUCK
2025-01-03,1219.0,1219.0,1101.01,1147.69,487084,False,LUCK
2025-01-02,1200.0,1230.0,1155.0,1192.45,362258,False,LUCK
2025-01-01,1114.85,1191.15,1099.0,1187.66,481170,False,LUCK
2024-12-31,1115.0,1140.0,1091.25,1100.49,363139,False,LUCK
2024-12-30,1080.0,1110.5,1055.0,1098.95,192193,False,LUCK
2024-12-27,1070.0,1088.0,1066.0,1071.2,171856,False,LUCK
2024-12-26,1116.1,1120.0,1060.0,1064.0,292070,False,LUCK
2024-12-24,1132.0,1152.0,1110.0,1115.79,143904,False,LUCK
2024-12-23,1125.0,1134.98,1051.0,1132.13,179862,False,LUCK
2024-12-20,1084.0,1120.99,1073.0,1107.43,281707,False,LUCK
2024-12-19,1125.0,1177.0,1050.0,1084.18,542495,False,LUCK
2024-12-18,1191.0,1198.0,1112.67,1135.69,296068,False,LUCK
2024-12-17,1225.0,1249.98,1175.0,1182.58,433497,False,LUCK
2024-12-16,1260.0,1270.0,1220.01,1238.84,559581,False,LUCK
2024-12-13,1225.0,1271.0,1215.05,1257.41,332665,False,LUCK
2024-12-12,1229.0,1260.0,1204.0,1225.08,594520,False,LUCK
2024-12-11,1210.0,1255.0,1205.0,1218.53,255483,False,LUCK
2024-12-10,1194.99,1283.84,1157.0,1202.54,1022643,False,LUCK
2024-12-09,1120.11,1218.97,1103.0,1167.13,288292,False,LUCK
2024-12-06,1120.01,1141.0,1100.0,1114.66,266819,False,LUCK
2024-12-05,1067.02,1121.0,1051.46,1118.88,488098,False,LUCK
2024-12-04,1058.19,1072.0,1045.0,1067.02,284601,False,LUCK
2024-12-03,1041.13,1061.9,1040.0,1058.19,405612,False,LUCK
2024-12-02,1025.0,1054.0,1019.55,1040.1,176187,False,LUCK
2024-11-29,1019.0,1031.4,1014.0,1019.55,63387,False,LUCK
2024-11-28,998.0,1030.0,995.0,1019.67,215710,False,LUCK
2024-11-27,960.0,1040.0,959.9,995.71,486464,False,LUCK
2024-11-26,998.77,998.77,925.0,948.07,576284,False,LUCK
2024-11-25,1027.0,1039.98,990.0,998.78,157170,False,LUCK
2024-11-22,1039.87,1050.16,1025.0,1026.89,300360,False,LUCK
2024-11-21,1010.2,1043.75,1010.2,1041.17,68353,False,LUCK
2024-11-20,1041.0,1055.0,1022.02,1027.94,448085,False,LUCK
2024-11-19,1010.16,1059.29,1010.16,1046.03,36753,False,LUCK
2024-11-18,1045.0,1060.0,1037.5,1058.29,357919,False,LUCK
2024-11-15,1044.99,1047.99,1027.0,1045.14,174331,False,LUCK
2024-11-14,1030.0,1047.0,1020.22,1041.31,328131,False,LUCK
2024-11-13,993.37,1023.0,989.0,1018.35,326372,False,LUCK
2024-11-12,996.0,1004.98,988.0,989.71,150508,False,LUCK
2024-11-11,1009.97,1016.0,986.0,993.73,170978,False,LUCK
2024-11-08,1019.99,1019.99,1000.0,1001.93,65897,False,LUCK
2024-11-07,1020.0,1030.0,1005.0,1016.11,121116,False,LUCK
2024-11-06,996.95,1018.0,986.0,1001.62,440970,False,LUCK
2024-11-05,973.9,993.0,963.0,986.76,413402,False,LUCK
2024-11-04,922.0,970.95,922.0,958.67,364382,False,LUCK
2024-11-01,886.99,938.96,879.0,922.41,289426,False,LUCK
2024-10-31,904.7,908.0,878.0,883.2,238326,False,LUCK
2024-10-30,921.0,928.9,890.01,900.73,199515,False,LUCK
2024-10-29,910.0,940.0,910.0,918.73,289848,False,LUCK
2024-10-28,915.0,944.99,902.0,916.06,277842,False,LUCK
2024-10-25,906.99,920.9,897.0,909.38,554860,False,LUCK
2024-10-24,863.64,892.0,863.6,890.04,398823,False,LUCK
2024-10-23,871.99,880.0,851.0,863.6,210643,False,LUCK
2024-10-22,847.0,873.0,840.0,866.53,235108,False,LUCK
2024-10-21,842.7,846.85,838.1,844.47,39577,False,LUCK
2024-10-18,844.9,846.99,833.0,837.74,50103,False,LUCK
2024-10-17,845.0,855.0,838.0,840.62,51916,False,LUCK
2024-10-16,847.0,853.96,839.2,840.54,74381,False,LUCK
2024-10-15,845.01,851.86,835.6,844.18,231507,False,LUCK
2024-10-14,845.99,850.5,830.65,844.58,381088,False,LUCK
2024-10-11,876.69,876.7,827.0,845.12,980211,False,LUCK
2024-10-10,889.0,889.11,871.0,873.79,398049,False,LUCK
2024-10-09,911.7,915.0,884.5,889.37,208110,False,LUCK
2024-10-08,926.0,935.0,896.0,904.84,666169,False,LUCK
2024-10-07,933.0,941.0,922.11,925.79,183827,False,LUCK
2024-10-04,905.84,944.0,900.0,932.24,835312,False,LUCK
2024-10-03,898.47,906.0,890.0,900.91,884628,False,LUCK
2024-10-02,898.93,898.93,871.11,895.11,320925,False,LUCK
2024-10-01,886.0,900.0,884.0,889.42,274590,False,LUCK
2024-09-30,899.9,899.9,880.0,884.04,265961,False,LUCK
2024-09-27,890.0,899.5,883.16,895.87,178960,False,LUCK
2024-09-26,900.0,902.89,885.1,890.82,257603,False,LUCK
2024-09-25,898.95,899.0,876.89,896.19,225962,False,LUCK
2024-09-24,893.99,893.99,875.0,885.14,239434,False,LUCK
2024-09-23,887.0,895.0,880.5,887.16,70106,False,LUCK
2024-09-20,879.49,900.2,860.7,891.26,796606,False,LUCK
2024-09-19,856.99,883.8,855.0,866.5,218039,False,LUCK
2024-09-18,847.0,860.02,847.0,855.44,128004,False,LUCK
2024-09-16,855.79,856.0,841.15,845.85,90724,False,LUCK
2024-09-13,867.88,872.0,850.06,851.68,219058,False,LUCK
2024-09-12,864.74,881.48,850.0,855.64,274866,False,LUCK
2024-09-11,885.2,888.0,871.02,878.98,289411,False,LUCK
2024-09-10,845.45,888.99,845.45,876.06,179821,False,LUCK
2024-09-09,848.0,860.0,841.04,853.52,32658,False,LUCK
2024-09-06,844.92,849.0,839.01,842.68,36093,False,LUCK
2024-09-05,845.0,845.0,832.7,841.42,52801,False,LUCK
2024-09-04,834.98,844.98,825.1,841.91,126252,False,LUCK
2024-09-03,830.0,830.0,821.01,827.44,13039,False,LUCK
2024-09-02,839.99,839.99,826.55,827.63,19952,False,LUCK
2024-08-30,830.0,835.0,828.51,829.78,19073,False,LUCK
2024-08-29,830.0,836.55,829.0,829.69,14635,False,LUCK
2024-08-28,830.0,834.8,827.0,830.1,40694,False,LUCK
2024-08-27,847.99,847.99,833.0,834.49,30752,False,LUCK
2024-08-26,850.0,857.0,838.03,839.96,24791,False,LUCK
2024-08-23,856.0,864.0,847.0,849.96,29739,False,LUCK
2024-08-22,856.97,864.99,850.01,861.81,56525,False,LUCK
2024-08-21,852.0,854.8,845.2,849.87,31554,False,LUCK
2024-08-20,855.55,856.0,839.01,849.52,38419,False,LUCK
2024-08-19,865.0,869.89,850.6,853.02,40874,False,LUCK
2024-08-16,850.0,875.89,850.0,864.76,53771,False,LUCK
2024-08-15,855.02,872.68,844.1,848.1,52423,False,LUCK
2024-08-13,861.0,871.0,851.2,868.44,47690,False,LUCK
2024-08-12,880.02,890.0,858.01,860.61,75059,False,LUCK
2024-08-09,880.0,885.5,870.0,879.46,188461,False,LUCK
2024-08-08,862.0,872.0,862.0,869.82,104008,False,LUCK
2024-08-07,848.0,864.0,848.0,856.47,80785,False,LUCK
2024-08-06,868.0,879.0,851.28,855.42,75301,False,LUCK
2024-08-05,899.98,900.0,861.2,869.69,77775,False,LUCK
2024-08-02,880.0,890.0,872.02,886.1,75702,False,LUCK
2024-08-01,889.77,889.77,852.26,880.74,108380,False,LUCK
2024-07-31,902.99,902.99,862.1,871.0,99298,False,LUCK
2024-07-30,907.0,909.79,894.07,895.34,48696,False,LUCK
2024-07-29,896.0,914.0,896.0,902.65,71928,False,LUCK
2024-07-26,904.0,909.9,891.1,900.72,112225,False,LUCK
2024-07-25,902.0,914.0,899.95,903.38,38839,False,LUCK
2024-07-24,908.99,914.88,901.0,912.61,35821,False,LUCK
2024-07-23,914.5,915.94,896.01,907.65,130416,False,LUCK
2024-07-22,921.0,927.7,899.9,909.67,146243,False,LUCK
2024-07-19,929.0,937.0,920.0,927.7,120286,False,LUCK
2024-07-18,925.0,930.0,920.13,927.63,46238,False,LUCK
2024-07-15,911.7,930.0,908.0,924.48,172639,False,LUCK
2024-07-12,901.82,909.9,890.11,903.24,65700,False,LUCK
2024-07-11,918.4,918.4,905.53,906.39,49481,False,LUCK
2024-07-10,920.8,929.87,908.2,910.45,70321,False,LUCK
2024-07-09,934.99,938.75,920.0,923.88,92486,False,LUCK
2024-07-08,916.0,937.99,916.0,928.17,171837,False,LUCK
2024-07-05,931.0,931.0,912.0,919.07,124806,False,LUCK
2024-07-04,912.99,939.0,912.0,926.13,383353,False,LUCK
2024-07-03,908.84,917.0,900.11,913.17,103739,False,LUCK
2024-07-02,900.0,909.88,900.0,901.65,194171,False,LUCK
2024-07-01,906.0,912.0,895.0,898.99,341903,False,LUCK
2024-06-28,910.0,911.4,895.01,906.73,81042,False,LUCK
2024-06-27,902.99,914.5,900.0,902.98,111105,False,LUCK
2024-06-26,904.4,913.45,900.0,901.99,133057,False,LUCK
2024-06-25,900.0,913.39,889.99,904.39,455950,False,LUCK
2024-06-24,905.51,917.41,897.0,900.35,130452,False,LUCK
2024-06-21,957.93,957.94,914.95,917.42,247404,False,LUCK
2024-06-20,950.15,966.0,950.0,951.05,165345,False,LUCK
2024-06-14,975.0,975.0,941.0,946.44,100018,False,LUCK
2024-06-13,899.7,961.99,892.04,957.25,1082726,False,LUCK
2024-06-12,901.99,906.9,888.0,890.52,251016,False,LUCK
2024-06-11,909.97,914.0,890.0,896.44,268849,False,LUCK
2024-06-10,921.0,921.01,899.0,902.27,298509,False,LUCK
2024-06-07,914.99,917.75,893.0,910.89,221783,False,LUCK
2024-06-06,909.79,922.98,907.0,915.06,273011,False,LUCK
2024-06-05,912.88,917.0,905.0,909.81,245445,False,LUCK
2024-06-04,902.0,919.0,895.04,908.78,588112,False,LUCK
2024-06-03,901.99,909.0,885.0,901.38,262561,False,LUCK
2024-05-31,897.97,902.8,892.0,898.85,193496,False,LUCK
2024-05-30,893.0,907.5,881.06,897.97,598327,False,LUCK
2024-05-29,890.0,893.0,881.16,886.48,235912,False,LUCK
2024-05-27,891.8,898.0,887.0,887.96,109209,False,LUCK
2024-05-24,873.0,901.0,871.79,890.48,241438,False,LUCK
2024-05-23,876.99,879.98,870.05,872.43,42404,False,LUCK
2024-05-22,865.75,884.9,865.75,875.89,274529,False,LUCK
2024-05-21,884.08,888.88,875.0,882.1,193024,False,LUCK
2024-05-20,889.9,899.0,870.6,884.08,264729,False,LUCK
2024-05-17,894.0,903.0,881.1,886.68,139452,False,LUCK
2024-05-16,893.98,902.0,887.01,891.94,221413,False,LUCK
2024-05-15,880.0,913.0,880.0,893.06,443988,False,LUCK
2024-05-14,870.0,882.0,869.0,879.57,311745,False,LUCK
2024-05-13,864.0,887.0,860.0,866.72,445005,False,LUCK
2024-05-10,844.0,874.0,841.0,862.23,560989,False,LUCK
2024-05-09,848.0,848.0,830.3,836.11,263201,False,LUCK
2024-05-08,857.99,858.79,840.21,842.11,54435,False,LUCK
2024-05-07,860.0,870.0,850.0,853.69,182509,False,LUCK
2024-05-06,855.0,864.9,850.0,860.0,274088,False,LUCK
2024-05-03,839.79,852.0,837.01,848.81,256691,False,LUCK
2024-05-02,838.1,855.0,832.05,836.73,447573,False,LUCK
2024-04-30,839.99,858.0,834.5,837.65,252683,False,LUCK
2024-04-29,867.5,870.7,842.0,846.67,128096,False,LUCK
2024-04-26,847.49,866.0,841.0,863.76,221777,False,LUCK
2024-04-25,843.0,873.97,843.0,847.51,232047,False,LUCK
2024-04-24,825.0,875.0,825.0,859.9,659963,False,LUCK
2024-04-23,806.0,834.9,806.0,826.19,383432,False,LUCK
2024-04-22,788.5,814.0,788.5,806.26,187168,False,LUCK
2024-04-19,797.0,797.0,787.0,788.52,53963,False,LUCK
2024-04-18,805.77,805.77,786.15,791.77,146719,False,LUCK
2024-04-17,800.03,809.0,797.3,804.15,134742,False,LUCK
2024-04-16,800.0,812.0,795.5,800.03,256560,False,LUCK
2024-04-15,789.55,804.0,788.85,799.62,138491,False,LUCK
2024-04-09,800.0,811.0,794.34,796.58,108312,False,LUCK
2024-04-08,792.0,801.0,783.04,799.64,116878,False,LUCK
2024-04-04,801.3,804.99,786.5,791.08,110907,False,LUCK
2024-04-03,762.0,799.95,757.01,798.66,316381,False,LUCK
2024-04-02,759.99,764.7,751.52,762.19,62737,False,LUCK
2024-04-01,756.1,772.0,753.32,756.65,74041,False,LUCK
2024-03-29,770.0,778.98,760.01,764.98,54348,False,LUCK
2024-03-28,761.0,772.1,761.0,769.71,89014,False,LUCK
2024-03-27,752.05,763.0,752.05,760.38,55438,False,LUCK
2024-03-26,749.4,754.0,743.0,750.82,46839,False,LUCK
2024-03-25,752.99,752.99,735.15,740.08,119932,False,LUCK
2024-03-22,756.9,761.99,745.04,747.35,47870,False,LUCK
2024-03-21,767.0,767.19,745.02,751.07,272994,False,LUCK
2024-03-20,769.0,769.77,757.86,762.3,47462,False,LUCK
2024-03-19,768.88,768.88,759.07,762.9,104882,False,LUCK
2024-03-18,774.74,778.89,757.86,761.75,83479,False,LUCK
2024-03-15,769.0,779.85,761.01,775.1,358248,False,LUCK
2024-03-14,710.53,769.0,710.53,765.1,165575,False,LUCK
2024-03-13,763.99,763.99,753.0,754.95,93099,False,LUCK
2024-03-12,768.99,768.99,755.0,758.71,143115,False,LUCK
2024-03-11,764.0,774.0,756.01,763.06,388908,False,LUCK
2024-03-08,752.89,769.0,752.0,757.98,93203,False,LUCK
2024-03-07,764.88,764.88,748.02,752.89,204927,False,LUCK
2024-03-06,765.0,768.0,757.06,758.78,100091,False,LUCK
2024-03-05,768.0,772.0,756.02,763.74,167621,False,LUCK
2024-03-04,756.0,764.99,748.72,763.88,181396,False,LUCK
2024-03-01,755.0,758.0,744.02,747.07,170588,False,LUCK
2024-02-29,755.0,780.0,749.0,752.38,268473,False,LUCK
2024-02-28,733.0,769.87,733.0,760.88,288583,False,LUCK
2024-02-27,733.0,743.5,730.0,736.35,224226,False,LUCK
2024-02-26,729.0,760.0,729.0,733.63,352438,False,LUCK
2024-02-23,720.0,741.0,710.0,728.56,413445,False,LUCK
2024-02-22,730.0,730.0,714.0,716.38,152491,False,LUCK
2024-02-21,705.01,728.0,705.01,725.72,182507,False,LUCK
2024-02-20,713.0,716.95,697.01,699.89,129391,False,LUCK
2024-02-19,704.0,718.0,693.8,710.62,139861,False,LUCK
2024-02-16,725.0,725.0,700.03,703.45,183662,False,LUCK
2024-02-15,738.0,738.87,720.01,723.24,142380,False,LUCK
2024-02-14,729.0,741.98,727.66,730.33,123083,False,LUCK
2024-02-13,710.5,727.9,698.0,722.71,499121,False,LUCK
2024-02-12,745.0,746.49,710.35,721.87,317638,False,LUCK
2024-02-09,746.1,754.0,720.0,747.01,310675,False,LUCK
2024-02-07,754.94,758.0,750.0,755.32,155916,False,LUCK
2024-02-06,743.1,751.0,741.5,749.49,213471,False,LUCK
2024-02-02,734.0,746.0,723.0,741.45,251072,False,LUCK
2024-02-01,741.0,746.67,717.0,727.13,341664,False,LUCK
2024-01-31,734.0,767.0,726.0,733.97,125804,False,LUCK
2024-01-30,744.98,745.0,730.1,733.26,283673,False,LUCK
2024-01-29,743.79,748.0,739.07,740.46,340467,False,LUCK
2024-01-26,752.1,760.89,741.0,743.72,334711,False,LUCK
2024-01-25,752.2,761.98,747.0,749.67,244876,False,LUCK
2024-01-24,742.9,764.85,740.02,750.17,405717,False,LUCK
2024-01-23,753.0,753.0,737.05,741.32,422233,False,LUCK
2024-01-22,756.99,756.99,745.5,750.65,56211,False,LUCK
2024-01-19,757.0,760.0,745.0,749.47,113375,False,LUCK
2024-01-18,769.4,769.4,745.0,751.13,165509,False,LUCK
2024-01-17,775.0,778.86,760.0,762.97,146828,False,LUCK
2024-01-16,780.0,784.0,770.01,772.46,122914,False,LUCK
2024-01-15,793.0,795.11,777.3,779.92,277798,False,LUCK
2024-01-12,790.0,804.9,784.0,788.06,578034,False,LUCK
2024-01-11,781.0,796.0,781.0,789.85,271791,False,LUCK
2024-01-10,789.8,791.47,777.0,780.77,124079,False,LUCK
2024-01-09,792.0,796.0,782.0,784.94,84690,False,LUCK
2024-01-08,786.0,794.0,784.98,786.81,241393,False,LUCK
2024-01-05,797.0,800.0,786.5,789.75,135389,False,LUCK
2024-01-04,806.5,806.94,788.5,794.39,464841,False,LUCK
2024-01-03,802.0,811.87,794.0,803.44,454598,False,LUCK
2024-01-02,812.99,817.97,795.13,800.12,367894,False,LUCK
2024-01-01,790.11,813.0,790.11,810.68,336708,False,LUCK
2023-12-29,785.0,791.9,773.01,786.98,299457,False,LUCK
2023-12-28,763.0,797.88,758.9,783.36,548039,False,LUCK
2023-12-27,738.02,764.0,731.5,761.16,362552,False,LUCK
2023-12-26,764.0,784.0,730.0,743.58,337223,False,LUCK
2023-12-22,776.0,777.0,761.1,764.27,86342,False,LUCK
2023-12-21,771.0,777.0,752.0,773.22,352825,False,LUCK
2023-12-20,789.99,789.99,748.05,767.5,494419,False,LUCK
2023-12-19,797.0,798.01,779.99,783.01,408098,False,LUCK
2023-12-18,815.0,816.89,795.15,797.34,334800,False,LUCK
2023-12-15,805.01,822.95,803.13,810.06,408502,False,LUCK
2023-12-14,810.0,815.02,797.0,812.81,201792,False,LUCK
2023-12-13,812.0,824.97,801.0,807.43,565497,False,LUCK
2023-12-12,787.0,810.0,786.1,807.98,521519,False,LUCK
2023-12-11,797.9,797.9,784.0,787.26,392034,False,LUCK
2023-12-08,800.0,800.1,792.0,794.1,433520,False,LUCK
2023-12-07,813.0,816.9,791.15,797.84,487629,False,LUCK
2023-12-06,805.0,815.0,804.8,808.9,397787,False,LUCK
2023-12-05,815.0,815.0,797.4,803.44,685811,False,LUCK
2023-12-04,821.0,830.0,800.0,814.38,901765,False,LUCK
2023-12-01,790.0,821.0,778.0,818.48,1087043,False,LUCK
2023-11-30,760.0,790.0,760.0,786.98,1703620,False,LUCK
2023-11-29,770.0,795.0,746.01,756.49,1012419,False,LUCK
2023-11-28,731.05,774.0,731.05,761.29,1211459,False,LUCK
2023-11-27,715.1,735.0,715.1,730.06,787142,False,LUCK
2023-11-24,728.1,731.98,716.0,717.69,616218,False,LUCK
2023-11-23,718.4,732.0,718.4,727.0,740312,False,LUCK
2023-11-22,695.0,721.0,680.02,716.28,622942,False,LUCK
2023-11-21,684.0,700.0,677.1,691.43,287561,False,LUCK
2023-11-20,697.0,704.0,678.0,681.73,198775,False,LUCK
2023-11-17,721.98,721.98,696.17,698.19,1488809,False,LUCK
2023-11-16,724.0,729.49,715.0,717.01,1148854,False,LUCK
2023-11-15,733.0,735.0,718.0,720.04,322895,False,LUCK
2023-11-14,740.0,742.5,727.5,730.51,676734,False,LUCK
2023-11-13,724.9,742.5,718.14,740.47,3361343,False,LUCK
2023-11-10,715.0,726.89,715.0,720.46,471517,False,LUCK
2023-11-08,722.0,730.0,713.0,718.42,963437,False,LUCK
2023-11-07,697.0,721.3,697.0,719.18,2462291,False,LUCK
2023-11-06,670.0,697.5,665.52,693.02,2021377,False,LUCK
2023-11-03,662.0,675.7,661.0,664.65,571900,False,LUCK
2023-11-02,638.49,660.4,638.49,656.99,1100811,False,LUCK
2023-11-01,636.0,639.1,627.0,638.05,144422,False,LUCK
2023-10-31,634.7,636.1,622.0,634.48,282880,False,LUCK
2023-10-30,616.51,635.5,616.51,632.77,834181,False,LUCK
2023-10-27,609.0,613.9,607.0,612.57,165113,False,LUCK
2023-10-26,609.9,613.2,607.02,609.36,133758,False,LUCK
2023-10-25,607.0,615.1,604.1,606.44,231056,False,LUCK
2023-10-24,604.5,609.95,601.2,609.34,179869,False,LUCK
2023-10-23,607.99,609.75,604.01,607.24,325149,False,LUCK
2023-10-20,596.25,609.98,596.25,605.25,501836,False,LUCK
2023-10-19,599.0,599.89,585.0,596.25,140611,False,LUCK
2023-10-18,590.0,597.9,590.0,595.93,584167,False,LUCK
2023-10-17,587.75,595.0,585.0,592.44,355337,False,LUCK
2023-10-16,592.45,596.25,585.26,587.71,147814,False,LUCK
2023-10-13,585.1,594.0,583.26,592.44,230267,False,LUCK
2023-10-12,581.0,590.24,580.6,585.08,252443,False,LUCK
2023-10-11,582.99,583.0,578.0,581.06,94306,False,LUCK
2023-10-10,583.0,589.0,580.2,582.74,127858,False,LUCK
2023-10-09,581.9,581.9,571.1,580.28,152817,False,LUCK
2023-10-06,583.99,583.99,576.6,580.18,74338,False,LUCK
2023-10-05,570.98,585.97,570.98,581.75,543549,False,LUCK
2023-10-04,566.0,571.4,565.25,569.79,131821,False,LUCK
2023-10-03,565.05,569.98,564.14,567.86,107305,False,LUCK
2023-10-02,566.0,566.98,561.5,564.41,355778,False,LUCK
2023-09-28,564.86,566.8,560.0,564.34,289922,False,LUCK
2023-09-27,561.9,565.0,554.1,560.57,264545,False,LUCK
2023-09-26,556.37,561.25,552.0,559.17,96699,False,LUCK
2023-09-25,549.0,557.99,546.01,556.08,185224,False,LUCK
2023-09-22,562.0,562.0,549.2,550.63,182247,False,LUCK
2023-09-21,537.68,559.0,535.05,550.08,480606,False,LUCK
2023-09-20,539.74,539.94,535.0,535.91,38215,False,LUCK
2023-09-19,543.69,543.69,535.0,537.14,42243,False,LUCK
2023-09-18,542.0,544.8,536.1,539.62,65193,False,LUCK
2023-09-15,537.9,548.0,536.0,543.55,472615,False,LUCK
2023-09-14,520.55,534.0,520.55,524.71,69164,False,LUCK
2023-09-13,532.01,547.89,532.01,544.95,861488,False,LUCK
2023-09-12,544.0,544.0,530.6,531.92,178908,False,LUCK
2023-09-11,545.0,546.94,539.22,541.79,92726,False,LUCK
2023-09-08,540.0,547.4,535.1,543.71,101036,False,LUCK
2023-09-07,553.5,557.87,537.0,538.47,396368,False,LUCK
2023-09-06,555.38,558.0,551.11,553.51,202435,False,LUCK
2023-09-05,563.24,568.3,553.5,555.38,170408,False,LUCK
2023-09-04,559.9,563.0,556.0,560.25,92751,False,LUCK
2023-09-01,555.0,558.0,545.52,555.2,103922,False,LUCK
2023-08-31,581.0,581.0,551.01,560.28,584526,False,LUCK
2023-08-30,587.94,587.94,579.0,580.48,717026,False,LUCK
2023-08-29,591.49,591.49,582.9,585.07,519740,False,LUCK
2023-08-28,592.21,599.87,588.01,590.22,184495,False,LUCK
2023-08-25,603.99,603.99,598.11,600.18,246217,False,LUCK
2023-08-24,602.98,604.4,600.01,600.67,98546,False,LUCK
2023-08-23,602.62,606.0,599.0,600.86,1091219,False,LUCK
2023-08-22,607.9,608.85,601.5,602.62,266037,False,LUCK
2023-08-21,615.0,616.95,605.25,605.73,1269644,False,LUCK
2023-08-18,623.4,626.98,613.25,613.96,242180,False,LUCK
2023-08-17,621.05,628.0,619.01,623.72,189029,False,LUCK
2023-08-16,622.0,630.42,620.0,626.57,375037,False,LUCK
2023-08-15,616.98,626.48,612.75,623.09,568715,False,LUCK
2023-08-11,614.53,621.0,611.21,615.66,432893,False,LUCK
2023-08-10,608.0,618.39,605.0,611.15,325885,False,LUCK
2023-08-09,602.0,609.4,602.0,608.04,355816,False,LUCK
2023-08-08,615.5,622.4,602.0,602.32,688322,False,LUCK
2023-08-07,604.8,609.5,600.0,607.59,368184,False,LUCK
2023-08-04,600.02,608.99,600.0,603.47,397121,False,LUCK
2023-08-03,594.5,603.0,593.01,599.33,1444559,False,LUCK
2023-08-02,591.0,594.9,585.51,592.53,550226,False,LUCK
2023-08-01,599.49,602.0,591.99,592.36,226478,False,LUCK
2023-07-31,584.0,594.1,584.0,588.54,425780,False,LUCK
2023-07-27,582.0,588.7,582.0,587.0,363643,False,LUCK
2023-07-26,583.02,585.99,583.0,584.04,563427,False,LUCK
2023-07-25,583.01,585.09,581.1,582.91,190985,False,LUCK
2023-07-24,585.0,585.5,578.0,582.95,349531,False,LUCK
2023-07-21,584.5,585.0,581.13,583.02,597692,False,LUCK
2023-07-20,582.2,588.0,581.31,583.29,268563,False,LUCK
2023-07-19,582.4,582.4,579.0,581.64,685888,False,LUCK
2023-07-18,582.98,585.55,578.2,582.44,505087,False,LUCK
2023-07-17,579.0,584.0,578.1,581.33,357194,False,LUCK
2023-07-14,581.0,588.0,575.11,579.72,269911,False,LUCK
2023-07-13,578.0,589.0,573.0,581.87,948748,False,LUCK
2023-07-12,572.0,580.99,568.0,578.65,1069596,False,LUCK
2023-07-11,563.8,573.0,560.5,567.5,1221868,False,LUCK
2023-07-10,557.0,564.98,554.99,557.29,395488,False,LUCK
2023-07-07,559.95,560.5,553.6,556.11,309988,False,LUCK
2023-07-06,542.0,560.0,542.0,558.48,1058917,False,LUCK
2023-07-05,550.0,553.0,537.0,542.83,395836,False,LUCK
2023-07-04,560.96,562.0,545.6,546.9,675892,False,LUCK
2023-07-03,561.25,561.25,550.5,561.25,859865,False,LUCK
2023-06-27,524.0,526.75,519.0,522.09,650584,False,LUCK
2023-06-26,515.0,531.38,515.0,525.32,680316,False,LUCK
2023-06-23,514.8,515.0,509.7,512.74,367898,False,LUCK
2023-06-22,514.99,515.99,509.7,513.16,419280,False,LUCK
2023-06-21,513.99,516.4,512.0,512.76,948588,False,LUCK
2023-06-20,512.0,515.49,511.75,512.69,272018,False,LUCK
2023-06-19,514.0,517.0,510.5,511.65,722738,False,LUCK
2023-06-16,515.97,518.0,510.1,511.26,391567,False,LUCK
2023-06-15,511.0,520.0,501.9,511.5,1049027,False,LUCK
2023-06-14,513.9,518.7,509.3,512.15,314140,False,LUCK
2023-06-13,528.89,532.0,510.06,511.26,782207,False,LUCK
2023-06-12,509.88,538.6,507.0,526.21,1408856,False,LUCK
2023-06-09,507.99,511.0,502.0,508.2,253503,False,LUCK
2023-06-08,515.0,518.0,506.01,507.96,251793,False,LUCK
2023-06-07,514.98,516.6,513.0,514.62,184830,False,LUCK
2023-06-06,510.99,520.0,510.11,514.96,348203,False,LUCK
2023-06-05,517.9,517.9,507.9,511.99,256167,False,LUCK
2023-06-02,516.99,521.67,514.0,515.6,397315,False,LUCK
2023-06-01,515.0,524.49,511.01,516.62,674562,False,LUCK
2023-05-31,537.25,539.0,513.0,515.85,1234159,False,LUCK
2023-05-30,516.0,541.0,513.9,537.02,1645312,False,LUCK
2023-05-29,513.0,524.24,510.5,513.4,1422158,False,LUCK
2023-05-26,484.96,513.7,481.01,507.3,1641016,False,LUCK
2023-05-25,470.95,482.3,470.0,477.86,779713,False,LUCK
2023-05-24,471.0,472.95,467.5,469.12,164001,False,LUCK
2023-05-23,471.0,474.5,469.0,469.79,172517,False,LUCK
2023-05-22,472.0,473.69,468.0,471.24,166476,False,LUCK
2023-05-19,469.0,474.74,462.0,471.74,245236,False,LUCK
2023-05-18,467.0,473.02,467.0,468.62,233493,False,LUCK
2023-05-17,469.0,469.9,461.05,465.79,176808,False,LUCK
2023-05-16,472.75,474.35,467.0,467.38,381577,False,LUCK
2023-05-15,466.0,468.0,461.0,466.92,235186,False,LUCK
2023-05-12,460.0,467.97,454.6,464.9,704003,False,LUCK
2023-05-11,449.0,459.0,444.35,457.49,573903,False,LUCK
2023-05-10,442.0,453.79,432.1,444.35,600790,False,LUCK
2023-05-09,447.0,453.4,440.25,443.2,764925,False,LUCK
2023-05-08,455.3,457.98,446.0,447.06,296957,False,LUCK
2023-05-05,458.59,458.59,450.03,455.4,319493,False,LUCK
2023-05-04,458.49,464.89,455.11,456.38,588714,False,LUCK
2023-05-03,445.05,463.59,445.0,458.3,2448615,False,LUCK
2023-05-02,416.0,431.25,416.0,431.25,769270,False,LUCK
2023-04-28,403.0,405.0,398.32,401.17,119995,False,LUCK
2023-04-27,398.0,403.99,395.99,402.03,199552,False,LUCK
2023-04-26,403.0,407.0,395.0,396.96,168959,False,LUCK
2023-04-20,394.99,402.0,393.0,400.66,210004,False,LUCK
2023-04-19,392.97,397.99,392.89,394.74,37401,False,LUCK
2023-04-18,396.95,399.9,392.5,392.97,101026,False,LUCK
2023-04-17,405.08,405.08,396.0,396.95,57502,False,LUCK
2023-04-13,401.11,403.97,398.37,402.21,60563,False,LUCK
2023-04-12,402.99,403.0,395.0,398.37,89374,False,LUCK
2023-04-11,400.0,400.0,396.1,399.1,25660,False,LUCK
2023-04-10,406.99,406.99,391.0,399.95,85550,False,LUCK
2023-04-07,415.0,415.0,401.0,404.38,53116,False,LUCK
2023-04-06,402.91,409.9,402.9,409.86,92124,False,LUCK
2023-04-05,404.9,404.94,401.02,402.91,44633,False,LUCK
2023-04-04,401.0,404.97,396.11,401.92,75944,False,LUCK
2023-04-03,404.0,404.0,399.1,400.01,34948,False,LUCK
2023-03-31,399.99,406.88,395.0,402.44,927557,False,LUCK
2023-03-30,400.0,400.0,396.0,398.01,82490,False,LUCK
2023-03-29,402.0,404.49,395.0,396.1,132665,False,LUCK
2023-03-28,410.0,410.0,399.1,400.42,188397,False,LUCK
2023-03-27,407.9,407.9,390.11,403.86,50233,False,LUCK
2023-03-24,408.0,408.0,400.8,402.9,93925,False,LUCK
2023-03-22,415.0,415.0,405.0,406.35,123447,False,LUCK
2023-03-21,419.4,419.4,412.52,413.52,57896,False,LUCK
2023-03-20,421.95,422.0,415.0,415.68,40588,False,LUCK
2023-03-17,426.95,426.95,419.12,420.02,784196,False,LUCK
2023-03-16,426.0,432.89,424.14,426.27,481208,False,LUCK
2023-03-15,416.88,431.9,412.0,424.5,1225873,False,LUCK
2023-03-14,423.0,423.0,414.6,415.11,203183,False,LUCK
2023-03-13,422.9,425.0,421.19,421.86,387649,False,LUCK
2023-03-10,422.5,423.88,418.1,421.33,323838,False,LUCK
2023-03-09,418.0,422.35,415.26,420.3,583727,False,LUCK
2023-03-08,417.78,418.9,415.0,416.97,355037,False,LUCK
2023-03-07,413.54,417.5,402.01,413.3,271139,False,LUCK
2023-03-06,406.9,411.0,404.75,410.23,225792,False,LUCK
2023-03-03,392.0,406.5,390.11,404.74,324469,False,LUCK
2023-03-02,401.01,411.5,395.11,396.79,368237,False,LUCK
2023-03-01,413.5,413.5,407.0,407.92,682583,False,LUCK
2023-02-28,414.0,417.88,409.5,413.66,446097,False,LUCK
2023-02-27,415.0,418.0,410.11,413.93,719757,False,LUCK
2023-02-24,416.8,419.9,406.0,415.76,393219,False,LUCK
2023-02-23,414.0,415.89,408.44,413.99,859992,False,LUCK
2023-02-22,415.0,417.0,412.0,415.61,570180,False,LUCK
2023-02-21,414.77,414.77,407.0,413.35,82515,False,LUCK
2023-02-20,408.0,410.87,403.51,409.29,194413,False,LUCK
2023-02-17,406.12,413.5,406.0,410.99,60049,False,LUCK
2023-02-16,413.0,419.97,409.0,409.97,448344,False,LUCK
2023-02-15,417.69,419.0,405.51,416.32,357696,False,LUCK
2023-02-14,415.97,417.0,407.6,411.44,300432,False,LUCK
2023-02-13,410.0,420.0,410.0,415.92,158136,False,LUCK
2023-02-10,430.0,430.0,413.12,414.21,1153956,False,LUCK
2023-02-09,423.0,434.0,423.0,430.19,1162792,False,LUCK
2023-02-08,422.79,423.65,416.3,420.94,276397,False,LUCK
2023-02-07,424.9,431.9,416.6,419.64,354070,False,LUCK
2023-02-06,418.0,426.9,412.0,423.38,355686,False,LUCK
2023-02-03,411.89,418.8,411.89,413.59,124295,False,LUCK
2023-02-02,407.5,418.5,402.04,416.77,508311,False,LUCK
2023-02-01,412.89,412.89,402.53,405.07,181757,False,LUCK
2023-01-31,396.98,409.9,395.15,408.75,550034,False,LUCK
2023-01-30,399.99,404.84,394.0,395.16,132553,False,LUCK
2023-01-27,405.0,406.5,396.0,397.93,164850,False,LUCK
2023-01-26,399.0,412.0,396.0,404.83,1246390,False,LUCK
2023-01-25,395.5,404.0,394.0,396.82,414048,False,LUCK
2023-01-24,391.8,397.01,375.55,393.82,345277,False,LUCK
2023-01-23,377.0,391.98,377.0,389.16,79978,False,LUCK
2023-01-20,398.67,398.67,380.7,383.9,265883,False,LUCK
2023-01-19,400.5,404.0,390.1,391.96,196907,False,LUCK
2023-01-18,390.0,401.0,386.01,399.71,264057,False,LUCK
2023-01-17,425.0,425.0,390.0,391.73,1268802,False,LUCK
2023-01-16,427.0,429.0,419.5,420.27,81708,False,LUCK
2023-01-13,431.01,436.79,427.0,428.18,137109,False,LUCK
2023-01-12,433.0,447.0,431.0,435.62,343433,False,LUCK
2023-01-11,437.0,439.98,432.03,433.83,443762,False,LUCK
2023-01-10,426.9,439.25,426.9,436.72,594843,False,LUCK
2023-01-09,432.0,433.9,422.0,423.59,478912,False,LUCK
2023-01-06,430.0,438.0,428.0,433.11,241503,False,LUCK
2023-01-05,431.5,436.5,429.0,430.74,138474,False,LUCK
2023-01-04,434.9,436.0,428.01,432.61,379679,False,LUCK
2023-01-03,440.0,440.0,430.0,431.4,189273,False,LUCK
2023-01-02,447.75,448.48,437.0,439.25,73567,False,LUCK
2022-12-30,454.0,454.0,442.01,446.58,47928,False,LUCK
2022-12-29,434.9,450.0,428.12,446.96,489376,False,LUCK
2022-12-28,435.99,435.99,427.0,431.48,322464,False,LUCK
2022-12-27,437.98,438.0,432.2,434.58,113322,False,LUCK
2022-12-26,439.79,453.0,421.55,435.26,157423,False,LUCK
2022-12-23,440.01,440.01,425.01,429.93,200230,False,LUCK
2022-12-22,435.0,442.99,430.01,438.92,218019,False,LUCK
2022-12-21,424.0,433.49,415.05,430.98,435092,False,LUCK
2022-12-20,445.88,450.0,408.66,422.15,490607,False,LUCK
2022-12-19,449.44,450.98,441.01,441.66,66256,False,LUCK
2022-12-16,454.8,454.9,445.11,450.52,295909,False,LUCK
2022-12-15,454.98,455.9,447.0,450.77,425421,False,LUCK
2022-12-14,454.99,455.0,451.5,453.77,192677,False,LUCK
2022-12-13,451.01,456.94,451.01,453.28,179888,False,LUCK
2022-12-12,451.01,454.0,451.0,453.37,207454,False,LUCK
2022-12-09,452.0,455.0,447.02,453.14,127260,False,LUCK
2022-12-08,446.0,455.0,446.0,451.93,245334,False,LUCK
2022-12-07,445.01,454.98,443.0,453.59,301492,False,LUCK
2022-12-06,444.0,446.0,437.0,443.37,199196,False,LUCK
2022-12-05,459.9,461.0,439.0,442.09,309108,False,LUCK
2022-12-02,472.0,472.0,456.2,457.84,278964,False,LUCK
2022-12-01,476.9,476.9,467.51,468.86,136907,False,LUCK
2022-11-30,467.89,475.0,462.9,472.79,684044,False,LUCK
2022-11-29,459.0,468.0,458.16,467.24,411514,False,LUCK
2022-11-28,471.0,471.0,455.5,458.16,771415,False,LUCK
2022-11-25,492.0,492.0,482.67,484.23,168456,False,LUCK
2022-11-24,487.15,491.0,485.01,487.17,255363,False,LUCK
2022-11-23,489.0,489.9,486.0,487.15,50250,False,LUCK
2022-11-22,486.0,491.89,484.0,487.53,360017,False,LUCK
2022-11-21,484.0,488.5,483.3,485.62,132352,False,LUCK
2022-11-18,489.93,489.93,485.0,487.93,193130,False,LUCK
2022-11-17,488.99,490.28,486.01,487.79,255538,False,LUCK
2022-11-16,489.88,489.88,482.99,486.99,80738,False,LUCK
2022-11-15,488.2,493.4,485.0,485.75,418803,False,LUCK
2022-11-14,489.97,490.5,482.0,489.08,134335,False,LUCK
2022-11-11,492.0,493.0,488.5,490.6,153631,False,LUCK
2022-11-10,491.9,493.7,488.0,490.87,467304,False,LUCK
2022-11-08,488.85,491.4,487.0,489.36,351961,False,LUCK
2022-11-07,484.0,489.0,483.0,483.63,98708,False,LUCK
2022-11-04,485.1,487.99,482.0,483.22,246243,False,LUCK
2022-11-03,489.0,494.75,488.5,489.91,351219,False,LUCK
2022-11-02,492.0,492.98,485.2,489.62,160234,False,LUCK
2022-11-01,493.74,494.0,486.08,492.37,442507,False,LUCK
2022-10-31,488.0,488.0,481.0,485.28,121323,False,LUCK
2022-10-28,494.9,494.99,478.23,480.65,225543,False,LUCK
2022-10-27,493.0,499.39,491.0,493.08,346580,False,LUCK
2022-10-26,503.25,506.92,494.5,497.58,377351,False,LUCK
2022-10-25,513.5,513.5,506.0,508.01,212600,False,LUCK
2022-10-24,518.0,518.0,510.51,511.03,383182,False,LUCK
2022-10-21,513.99,514.9,508.1,512.9,186632,False,LUCK
2022-10-20,516.0,516.0,512.0,512.08,241135,False,LUCK
2022-10-19,513.0,515.9,510.5,513.72,367206,False,LUCK
2022-10-18,511.52,515.49,506.99,509.69,411636,False,LUCK
2022-10-17,514.89,514.9,509.7,510.42,393801,False,LUCK
2022-10-14,516.99,516.99,511.01,512.41,206757,False,LUCK
2022-10-13,514.01,517.09,510.9,512.57,186571,False,LUCK
2022-10-12,515.5,520.0,512.0,513.5,363242,False,LUCK
2022-10-11,516.0,517.1,510.2,513.44,333876,False,LUCK
2022-10-10,514.0,517.5,510.5,514.59,508375,False,LUCK
2022-10-07,510.9,520.9,510.15,511.86,823970,False,LUCK
2022-10-06,519.98,523.0,512.13,513.04,661341,False,LUCK
2022-10-05,510.0,518.89,507.8,516.76,1329524,False,LUCK
2022-10-04,496.2,511.0,495.33,505.93,1611597,False,LUCK
2022-10-03,498.89,498.89,492.05,494.23,170261,False,LUCK
2022-09-30,501.0,507.9,491.11,496.56,836928,False,LUCK
2022-09-29,497.79,505.99,492.0,502.99,996340,False,LUCK
2022-09-28,495.9,503.5,494.05,495.99,780047,False,LUCK
2022-09-27,490.0,498.65,486.0,493.54,1112140,False,LUCK
2022-09-26,481.0,493.0,470.0,485.93,1740483,False,LUCK
2022-09-23,493.9,494.05,477.05,479.65,338713,False,LUCK
2022-09-22,480.0,489.74,473.05,488.23,512537,False,LUCK
2022-09-21,494.99,495.99,481.0,483.43,428667,False,LUCK
2022-09-20,503.9,503.98,491.5,492.78,427623,False,LUCK
2022-09-19,511.69,511.69,500.0,501.99,174812,False,LUCK
2022-09-16,511.08,515.2,506.8,508.17,411958,False,LUCK
2022-09-15,514.0,523.35,509.5,510.97,922911,False,LUCK
2022-09-14,513.4,515.75,510.0,512.81,157459,False,LUCK
2022-09-13,513.4,516.7,512.53,513.4,191115,False,LUCK
2022-09-12,516.0,518.99,510.0,512.28,155566,False,LUCK
2022-09-09,516.0,520.0,513.5,514.54,346278,False,LUCK
2022-09-08,511.01,517.89,510.5,514.57,413770,False,LUCK
2022-09-07,519.9,520.0,507.02,508.21,137412,False,LUCK
2022-09-06,516.0,516.0,509.0,512.28,201540,False,LUCK
2022-09-05,519.95,524.5,513.6,517.11,485020,False,LUCK
2022-09-02,522.0,526.45,518.0,520.74,391581,False,LUCK
2022-09-01,518.98,529.51,516.72,523.37,1142761,False,LUCK
2022-08-31,508.99,519.5,507.1,516.72,572071,False,LUCK
2022-08-30,518.9,521.5,507.0,509.89,1033635,False,LUCK
2022-08-29,517.0,517.0,497.21,511.57,1300134,False,LUCK
2022-08-26,540.0,540.0,517.01,518.78,2097136,False,LUCK
2022-08-25,507.0,526.9,501.0,520.81,1970583,False,LUCK
2022-08-24,522.0,527.0,507.0,509.58,1021093,False,LUCK
2022-08-23,497.0,521.87,495.99,518.07,2185086,False,LUCK
2022-08-22,492.8,493.89,485.0,490.56,512742,False,LUCK
2022-08-19,495.11,498.41,490.3,492.89,330146,False,LUCK
2022-08-18,502.99,511.0,495.0,500.68,1220122,False,LUCK
2022-08-17,482.0,505.43,478.2,498.29,1947928,False,LUCK
2022-08-16,475.0,489.45,473.25,479.83,2561946,False,LUCK
2022-08-15,465.0,480.5,462.55,473.97,2317379,False,LUCK
2022-08-12,464.0,465.0,460.0,463.3,504503,False,LUCK
2022-08-11,462.0,467.67,459.0,464.49,572770,False,LUCK
2022-08-10,471.0,476.89,458.0,461.49,1213367,False,LUCK
2022-08-05,454.99,474.9,454.99,466.15,1830646,False,LUCK
2022-08-04,442.1,454.95,442.1,452.17,794586,False,LUCK
2022-08-03,419.99,448.35,416.06,441.55,1174910,False,LUCK
2022-08-02,413.8,421.0,409.12,417.12,254715,False,LUCK
2022-08-01,412.0,415.9,409.01,413.8,109858,False,LUCK
2022-07-29,418.0,418.0,410.03,411.93,187844,False,LUCK
2022-07-28,417.97,423.9,415.0,416.24,509039,False,LUCK
2022-07-27,414.41,417.99,411.0,415.68,282249,False,LUCK
2022-07-26,416.99,421.88,409.0,414.41,358293,False,LUCK
2022-07-25,415.0,417.99,411.51,414.79,150708,False,LUCK
2022-07-22,425.99,427.0,407.31,418.96,560455,False,LUCK
2022-07-21,430.0,430.95,422.0,423.2,223965,False,LUCK
2022-07-20,430.89,433.5,425.0,428.15,226004,False,LUCK
2022-07-19,436.0,439.98,423.5,427.7,318493,False,LUCK
2022-07-18,440.0,445.0,433.0,436.12,328980,False,LUCK
2022-07-15,458.5,463.0,445.6,451.28,586724,False,LUCK
2022-07-14,451.0,458.9,443.0,456.44,750348,False,LUCK
2022-07-13,434.99,447.0,430.11,444.83,484102,False,LUCK
2022-07-07,439.5,440.02,434.0,435.4,133871,False,LUCK
2022-07-06,439.9,443.95,435.6,437.12,324177,False,LUCK
2022-07-05,441.5,444.0,433.8,435.31,146781,False,LUCK
2022-07-04,450.5,457.9,439.4,440.32,436179,False,LUCK
2022-07-01,458.0,458.5,451.03,452.69,159303,False,LUCK
2022-06-30,457.5,466.0,450.1,459.04,1584750,False,LUCK
2022-06-29,452.91,464.99,449.01,457.51,899482,False,LUCK
2022-06-28,448.0,475.0,447.0,460.47,1000421,False,LUCK
2022-06-27,437.99,450.0,436.0,447.08,621735,False,LUCK
2022-06-24,461.9,463.0,427.26,436.17,874681,False,LUCK
2022-06-23,461.0,468.0,460.51,461.9,403926,False,LUCK
2022-06-22,467.0,469.0,457.55,459.7,579775,False,LUCK
2022-06-21,454.0,467.0,451.11,464.76,907649,False,LUCK
2022-06-20,466.0,468.5,450.01,453.2,404493,False,LUCK
2022-06-17,459.98,469.0,457.9,463.79,677307,False,LUCK
2022-06-16,450.02,459.5,448.05,458.35,452041,False,LUCK
2022-06-15,451.99,459.49,450.99,453.68,533921,False,LUCK
2022-06-14,447.5,451.6,443.0,448.2,441663,False,LUCK
2022-06-13,466.1,466.1,444.0,451.02,716623,False,LUCK
2022-06-10,468.8,473.0,462.0,467.18,420217,False,LUCK
2022-06-09,471.0,472.0,462.0,464.78,415877,False,LUCK
2022-06-08,445.01,476.0,440.52,465.05,1183064,False,LUCK
2022-06-07,448.0,453.6,442.6,448.27,304631,False,LUCK
2022-06-06,438.0,451.0,430.99,444.91,320121,False,LUCK
2022-06-03,449.0,453.0,434.0,436.17,401893,False,LUCK
2022-06-02,468.0,468.0,450.0,452.01,501793,False,LUCK
2022-06-01,474.96,474.96,463.0,464.21,269688,False,LUCK
2022-05-31,494.0,494.0,469.0,472.24,319595,False,LUCK
2022-05-30,488.0,496.88,485.01,488.64,129320,False,LUCK
2022-05-27,490.0,503.0,483.0,485.85,711969,False,LUCK
2022-05-26,467.4,485.1,462.0,481.51,393385,False,LUCK
2022-05-25,470.0,479.0,454.51,469.72,721180,False,LUCK
2022-05-24,479.25,483.0,467.01,468.07,538131,False,LUCK
2022-05-23,500.01,500.01,476.0,479.25,806613,False,LUCK
2022-05-20,505.7,505.99,497.1,502.79,151704,False,LUCK
2022-05-19,500.0,511.0,500.0,501.87,319048,False,LUCK
2022-05-18,498.0,508.4,487.0,505.61,393915,False,LUCK
2022-05-17,504.99,505.0,493.0,495.76,371167,False,LUCK
2022-05-16,512.1,523.33,495.0,502.17,470411,False,LUCK
2022-05-13,510.4,526.0,508.01,523.33,347756,False,LUCK
2022-05-12,517.0,520.0,495.01,514.54,386732,False,LUCK
2022-05-11,517.95,517.95,485.6,509.34,858962,False,LUCK
2022-05-10,523.0,523.0,511.5,515.77,407950,False,LUCK
2022-05-09,560.0,560.0,518.39,518.88,749730,False,LUCK
2022-05-06,566.77,566.77,558.0,560.42,172193,False,LUCK
2022-04-28,570.0,574.0,558.01,566.77,375946,False,LUCK
2022-04-27,578.5,584.0,569.88,571.12,147723,False,LUCK
2022-04-26,587.99,588.0,577.0,578.08,162541,False,LUCK
2022-04-25,590.01,602.0,583.2,586.02,248219,False,LUCK
2022-04-22,592.0,592.0,582.15,584.59,122829,False,LUCK
2022-04-21,587.1,590.0,580.0,586.81,131919,False,LUCK
2022-04-20,606.99,606.99,587.51,590.52,111763,False,LUCK
2022-04-19,604.5,611.0,593.0,596.76,183573,False,LUCK
2022-04-18,600.1,610.0,600.0,602.21,135633,False,LUCK
2022-04-15,615.0,622.0,608.0,609.61,134713,False,LUCK
2022-04-14,607.01,616.0,606.15,612.11,163772,False,LUCK
2022-04-13,622.0,623.0,609.0,611.74,255441,False,LUCK
2022-04-12,625.0,630.0,618.0,624.38,410932,False,LUCK
2022-04-11,619.99,634.0,614.01,626.22,1326877,False,LUCK
2022-04-08,585.0,599.0,581.01,591.84,355743,False,LUCK
2022-04-07,587.7,588.0,566.12,576.83,615200,False,LUCK
2022-04-06,590.0,597.0,582.0,584.43,437823,False,LUCK
2022-04-05,595.5,602.0,582.55,586.04,586557,False,LUCK
2022-04-04,625.0,625.0,595.37,597.91,773433,False,LUCK
2022-04-01,636.35,650.0,631.1,643.64,640614,False,LUCK
2022-03-31,627.0,639.0,627.0,636.35,237486,False,LUCK
2022-03-30,627.98,644.0,612.1,631.69,428413,False,LUCK
2022-03-29,623.85,635.0,620.0,629.89,293816,False,LUCK
2022-03-28,597.0,620.5,587.0,617.71,486774,False,LUCK
2022-03-25,585.0,599.99,583.0,597.67,237374,False,LUCK
2022-03-24,576.0,588.0,565.77,585.08,154423,False,LUCK
2022-03-22,577.58,579.99,570.01,571.99,138961,False,LUCK
2022-03-21,574.0,582.89,565.0,577.58,189401,False,LUCK
2022-03-18,576.2,585.0,566.0,567.63,236748,False,LUCK
2022-03-17,593.98,595.0,583.0,584.58,115120,False,LUCK
2022-03-16,584.0,602.0,584.0,586.67,331888,False,LUCK
2022-03-15,573.75,584.4,573.5,583.49,110835,False,LUCK
2022-03-14,575.0,575.0,564.0,570.48,114283,False,LUCK
2022-03-11,587.0,593.0,571.5,575.08,249060,False,LUCK
2022-03-10,561.01,593.0,561.01,590.33,689365,False,LUCK
2022-03-09,559.99,573.0,545.5,552.6,834109,False,LUCK
2022-03-08,573.9,579.98,559.0,561.8,343539,False,LUCK
2022-03-07,615.61,615.61,573.0,575.19,1000914,False,LUCK
2022-03-04,619.99,626.4,617.0,619.27,124666,False,LUCK
2022-03-03,623.0,624.0,613.26,616.68,172958,False,LUCK
2022-03-02,638.0,638.0,616.01,624.87,465956,False,LUCK
2022-03-01,664.99,664.99,640.0,641.63,233330,False,LUCK
2022-02-28,640.0,663.0,622.15,648.98,279974,False,LUCK
2022-02-25,645.0,646.0,630.0,633.51,256634,False,LUCK
2022-02-24,650.0,653.5,630.11,635.18,623015,False,LUCK
2022-02-23,668.0,670.0,655.0,665.36,154698,False,LUCK
2022-02-22,675.7,675.7,650.0,661.83,217890,False,LUCK
2022-02-21,685.7,685.7,670.5,673.19,39623,False,LUCK
2022-02-18,680.9,683.95,675.6,681.68,35630,False,LUCK
2022-02-17,683.8,683.8,672.0,675.52,25838,False,LUCK
2022-02-16,686.8,686.8,675.01,676.89,156345,False,LUCK
2022-02-15,675.1,686.9,675.1,680.89,44762,False,LUCK
2022-02-14,689.98,697.88,678.0,682.34,216344,False,LUCK
2022-02-11,688.99,694.0,682.1,691.95,151653,False,LUCK
2022-02-10,690.0,692.5,681.5,683.39,174765,False,LUCK
2022-02-09,688.0,693.5,685.01,688.11,248846,False,LUCK
2022-02-08,688.0,689.0,681.33,684.44,169934,False,LUCK
2022-02-07,693.98,693.98,682.52,683.28,152788,False,LUCK
2022-02-04,694.0,696.75,681.01,688.73,271982,False,LUCK
2022-02-03,699.0,704.75,681.01,685.39,333203,False,LUCK
2022-02-02,684.0,695.0,684.0,693.2,257069,False,LUCK
2022-02-01,676.5,693.0,676.5,684.38,165037,False,LUCK
2022-01-31,685.0,690.0,681.0,683.12,129657,False,LUCK
2022-01-28,695.0,698.89,671.11,680.79,284802,False,LUCK
2022-01-27,689.0,698.0,687.0,695.19,304176,False,LUCK
2022-01-26,689.75,695.0,676.5,689.37,162324,False,LUCK
2022-01-25,671.0,688.0,670.0,684.93,319971,False,LUCK
2022-01-24,674.85,674.85,661.1,665.22,63821,False,LUCK
2022-01-21,658.0,674.0,658.0,667.7,91261,False,LUCK
2022-01-20,665.0,673.99,646.8,664.26,474853,False,LUCK
2022-01-19,682.0,682.0,655.0,660.16,168137,False,LUCK
2022-01-18,678.01,689.89,672.55,674.59,146842,False,LUCK
2022-01-17,670.0,684.9,667.0,682.66,43978,False,LUCK
2022-01-14,680.0,684.98,674.5,674.92,58716,False,LUCK
2022-01-13,683.0,694.97,679.5,679.94,127106,False,LUCK
2022-01-12,692.0,696.0,684.0,685.26,246499,False,LUCK
2022-01-11,698.0,701.99,688.0,690.03,226747,False,LUCK
2022-01-10,685.05,698.0,685.05,696.65,176422,False,LUCK
2022-01-07,690.0,696.0,677.02,688.59,205522,False,LUCK
2022-01-06,691.8,698.99,685.0,688.28,772137,False,LUCK
2022-01-05,699.0,699.0,691.6,693.79,198156,False,LUCK
2022-01-04,689.0,703.0,686.0,701.27,490093,False,LUCK
2022-01-03,680.0,690.5,679.99,689.09,157080,False,LUCK
2021-12-31,672.0,689.95,672.0,679.28,361081,False,LUCK
2021-12-30,685.99,696.0,671.15,678.28,812890,False,LUCK
2021-12-29,676.25,684.0,674.29,680.85,246866,False,LUCK
2021-12-28,675.25,684.0,675.06,678.37,272782,False,LUCK
2021-12-27,678.1,679.9,672.62,676.52,110570,False,LUCK
2021-12-24,686.0,686.9,676.0,678.35,134561,False,LUCK
2021-12-23,686.0,694.99,680.26,683.66,291007,False,LUCK
2021-12-22,694.0,697.0,678.5,684.48,235255,False,LUCK
2021-12-21,694.0,704.9,686.0,691.09,404701,False,LUCK
2021-12-20,674.58,701.0,666.01,693.74,678082,False,LUCK
2021-12-17,663.0,686.5,654.0,674.58,1022767,False,LUCK
2021-12-16,683.0,683.0,661.0,664.56,749294,False,LUCK
2021-12-15,672.0,688.44,665.0,685.85,1379800,False,LUCK
2021-12-14,638.0,648.01,626.65,640.41,686619,False,LUCK
2021-12-13,639.99,648.0,624.0,631.59,522438,False,LUCK
2021-12-10,632.0,637.69,608.55,634.15,785161,False,LUCK
2021-12-09,655.0,655.0,622.01,630.93,715850,False,LUCK
2021-12-08,663.0,666.0,649.0,650.31,459787,False,LUCK
2021-12-07,652.0,670.77,651.5,663.59,402869,False,LUCK
2021-12-06,654.75,658.0,641.0,651.55,286359,False,LUCK
2021-12-03,654.0,675.0,634.0,647.94,1516241,False,LUCK
2021-12-02,715.0,715.0,674.56,674.56,2988066,False,LUCK
2021-12-01,725.1,735.75,713.1,729.25,2228427,False,LUCK
2021-11-30,728.0,744.45,704.1,713.05,8322412,False,LUCK
2021-11-29,696.0,735.0,691.6,725.77,783437,False,LUCK
2021-11-26,681.0,709.0,671.0,693.31,953392,False,LUCK
2021-11-25,699.0,699.0,668.15,681.1,926557,False,LUCK
2021-11-24,727.99,727.99,690.0,691.96,913166,False,LUCK
2021-11-23,735.0,739.5,712.0,719.69,507054,False,LUCK
2021-11-22,771.71,772.0,730.0,733.26,771181,False,LUCK
2021-11-19,762.0,773.0,749.01,768.32,491952,False,LUCK
2021-11-18,740.0,760.0,732.0,754.14,699150,False,LUCK
2021-11-17,765.0,765.0,731.01,737.39,368455,False,LUCK
2021-11-16,739.8,769.96,733.0,761.47,460039,False,LUCK
2021-11-15,748.99,748.99,726.11,731.37,206390,False,LUCK
2021-11-12,765.99,765.99,736.5,740.46,220799,False,LUCK
2021-11-11,766.99,768.99,753.0,756.72,128188,False,LUCK
2021-11-10,771.0,774.84,758.0,763.55,411958,False,LUCK
2021-11-09,768.0,775.0,748.0,768.17,1144595,False,LUCK
2021-11-08,773.99,776.25,762.0,772.72,591594,False,LUCK
2021-11-05,760.0,784.0,756.0,764.13,408144,False,LUCK
2021-11-04,763.5,773.0,757.0,760.07,634670,False,LUCK
2021-11-03,775.0,784.0,766.13,769.02,476503,False,LUCK
2021-11-02,803.0,810.8,776.61,780.1,367916,False,LUCK
2021-11-01,809.99,818.44,787.0,790.31,991896,False,LUCK
2021-10-29,739.0,779.9,730.0,772.78,828696,False,LUCK
2021-10-28,720.0,738.0,720.0,734.32,750317,False,LUCK
2021-10-27,705.99,724.88,705.0,714.97,297062,False,LUCK
2021-10-26,699.99,700.0,695.0,698.0,240836,False,LUCK
2021-10-25,709.0,711.95,696.53,697.51,191304,False,LUCK
2021-10-22,709.0,745.0,706.0,708.82,732945,False,LUCK
2021-10-21,707.99,719.99,700.0,706.79,307469,False,LUCK
2021-10-20,682.0,709.75,682.0,701.39,343774,False,LUCK
2021-10-18,674.8,687.0,670.0,680.01,202071,False,LUCK
2021-10-15,662.1,685.0,662.1,682.29,352699,False,LUCK
2021-10-14,646.87,680.0,635.02,673.84,918101,False,LUCK
2021-10-13,651.0,659.0,638.55,641.38,164529,False,LUCK
2021-10-12,643.01,670.0,637.0,651.81,1238174,False,LUCK
2021-10-11,660.0,664.9,643.05,650.69,882525,False,LUCK
2021-10-08,669.0,673.5,653.0,660.48,578612,False,LUCK
2021-10-07,690.01,697.9,665.0,669.02,924076,False,LUCK
2021-10-06,679.0,679.9,665.6,672.76,266703,False,LUCK
2021-10-05,707.0,707.0,675.1,679.69,1122578,False,LUCK
2021-10-04,709.0,719.0,696.0,704.36,200896,False,LUCK
2021-10-01,727.9,748.47,710.0,712.31,160753,False,LUCK
2021-09-30,710.62,730.0,692.5,722.9,492634,False,LUCK
2021-09-29,725.0,725.0,696.05,710.62,402667,False,LUCK
2021-09-28,715.0,745.0,713.05,723.61,470498,False,LUCK
2021-09-27,727.0,734.9,714.02,721.88,192947,False,LUCK
2021-09-24,730.0,732.99,717.0,724.69,238840,False,LUCK
2021-09-23,730.0,752.49,725.0,727.72,399577,False,LUCK
2021-09-22,737.0,737.99,708.15,728.61,626791,False,LUCK
2021-09-21,748.99,748.99,726.15,729.79,268200,False,LUCK
2021-09-20,738.0,748.0,725.26,741.7,368027,False,LUCK
2021-09-17,760.0,768.95,730.0,736.73,433997,False,LUCK
2021-09-16,760.98,760.98,748.0,758.5,287094,False,LUCK
2021-09-15,766.89,766.89,756.0,761.18,61202,False,LUCK
2021-09-14,787.01,787.5,758.0,766.89,155513,False,LUCK
2021-09-13,789.97,789.97,780.0,783.13,82513,False,LUCK
2021-09-10,762.0,796.0,758.27,785.42,451077,False,LUCK
2021-09-09,770.0,789.99,756.15,758.27,577341,False,LUCK
2021-09-08,800.11,819.0,771.21,773.93,848450,False,LUCK
2021-09-07,819.9,819.9,804.0,805.36,334345,False,LUCK
2021-09-06,828.4,828.4,811.4,819.95,74155,False,LUCK
2021-09-03,820.0,828.99,810.01,824.1,289671,False,LUCK
2021-09-02,834.0,834.0,818.5,821.24,557154,False,LUCK
2021-09-01,832.0,839.0,831.0,834.92,263417,False,LUCK
2021-08-31,827.0,833.0,824.01,830.5,443204,False,LUCK
2021-08-30,823.1,829.95,819.87,824.14,174687,False,LUCK
2021-08-27,818.0,824.0,808.0,819.87,413540,False,LUCK
2021-08-26,839.1,842.7,810.15,815.37,984054,False,LUCK
2021-08-25,855.0,855.0,842.0,843.56,244204,False,LUCK
2021-08-24,864.3,869.4,846.0,851.66,295563,False,LUCK
2021-08-23,860.0,863.99,859.25,861.99,333353,False,LUCK
2021-08-20,857.99,861.99,851.0,859.9,924995,False,LUCK
2021-08-17,847.45,855.0,842.0,848.34,171199,False,LUCK
2021-08-16,866.69,866.69,841.5,846.17,297132,False,LUCK
2021-08-13,873.0,873.0,854.11,856.55,71845,False,LUCK
2021-08-12,880.0,880.0,862.0,863.42,76923,False,LUCK
2021-08-11,860.5,874.85,860.5,867.91,108991,False,LUCK
2021-08-10,850.0,869.0,850.0,865.31,160459,False,LUCK
2021-08-09,869.98,869.98,845.0,856.96,338920,False,LUCK
2021-08-06,884.0,885.5,850.01,872.62,197387,False,LUCK
2021-08-05,886.99,886.99,879.0,879.99,48113,False,LUCK
2021-08-04,886.9,888.5,882.01,883.4,186017,False,LUCK
2021-08-03,885.1,892.97,882.0,886.48,286933,False,LUCK
2021-08-02,889.7,889.7,882.0,885.18,144702,False,LUCK
2021-07-30,896.5,896.97,882.0,887.95,549352,False,LUCK
2021-07-29,899.75,908.87,880.0,896.72,456785,False,LUCK
2021-07-28,905.0,907.45,891.0,892.61,194319,False,LUCK
2021-07-27,904.95,904.95,895.0,898.6,143699,False,LUCK
2021-07-26,905.0,907.0,897.51,900.88,196456,False,LUCK
2021-07-23,913.99,917.99,897.0,906.85,327271,False,LUCK
2021-07-19,917.0,918.0,900.0,903.18,244888,False,LUCK
2021-07-16,892.99,924.0,889.1,911.53,1052004,False,LUCK
2021-07-15,889.99,893.99,884.0,889.49,127840,False,LUCK
2021-07-14,885.0,891.89,880.01,886.01,162112,False,LUCK
2021-07-13,888.27,889.0,870.0,881.42,154716,False,LUCK
2021-07-12,890.0,892.0,880.0,881.98,250163,False,LUCK
2021-07-09,910.0,919.0,886.0,888.19,339184,False,LUCK
2021-07-08,884.8,910.4,884.8,908.62,861871,False,LUCK
2021-07-07,884.99,884.99,871.0,878.84,301338,False,LUCK
2021-07-06,888.88,898.0,875.31,880.51,545211,False,LUCK
2021-07-05,894.95,899.9,878.6,881.29,123584,False,LUCK
2021-07-02,891.99,912.7,890.14,895.93,638686,False,LUCK
2021-07-01,866.0,894.99,865.5,888.0,468976,False,LUCK
2021-06-30,868.9,875.5,860.0,863.44,252524,False,LUCK
2021-06-29,866.0,873.0,863.0,865.26,290286,False,LUCK
2021-06-28,880.0,880.0,858.01,861.44,779280,False,LUCK
2021-06-25,912.0,913.99,875.0,880.64,820508,False,LUCK
2021-06-24,902.0,908.0,900.01,905.35,296881,False,LUCK
2021-06-23,909.0,917.0,901.0,902.12,236751,False,LUCK
2021-06-22,917.9,918.89,908.0,909.97,202712,False,LUCK
2021-06-21,923.0,923.9,912.0,912.75,266463,False,LUCK
2021-06-18,918.5,933.0,915.85,925.05,523260,False,LUCK
2021-06-17,914.99,924.9,912.0,913.23,521048,False,LUCK
2021-06-16,914.0,916.99,909.0,910.85,373462,False,LUCK
2021-06-15,920.01,929.8,910.05,911.03,362990,False,LUCK
2021-06-14,919.99,923.0,913.5,918.78,221515,False,LUCK
2021-06-11,918.99,918.99,907.1,911.6,373422,False,LUCK
2021-06-10,913.0,918.5,912.21,914.89,345141,False,LUCK
2021-06-09,919.98,919.99,910.0,914.28,385439,False,LUCK
2021-06-08,914.02,919.0,912.52,916.13,236766,False,LUCK
2021-06-07,919.99,921.01,911.15,914.99,291240,False,LUCK
2021-06-04,921.99,921.99,912.0,915.97,332788,False,LUCK
2021-06-03,933.0,936.99,910.36,916.51,710856,False,LUCK
2021-06-02,941.0,941.0,915.3,934.82,528201,False,LUCK
2021-06-01,933.9,945.0,931.05,940.74,385663,False,LUCK
2021-05-31,915.32,939.0,915.0,932.52,1026625,False,LUCK
2021-05-28,915.5,921.0,910.0,915.32,689178,False,LUCK
2021-05-27,907.05,925.0,906.0,917.27,6897768,False,LUCK
2021-05-26,908.0,914.0,903.0,905.81,589475,False,LUCK
2021-05-25,914.0,920.0,905.55,907.05,901211,False,LUCK
2021-05-24,905.03,914.25,902.0,908.34,1080522,False,LUCK
2021-05-21,900.0,905.9,893.02,901.8,464808,False,LUCK
2021-05-20,900.0,901.99,891.1,895.42,280283,False,LUCK
2021-05-19,900.0,909.0,891.0,899.38,396210,False,LUCK
2021-05-18,913.0,915.0,905.05,908.35,577355,False,LUCK
2021-05-17,920.0,920.0,906.0,913.89,2327403,False,LUCK
2021-05-06,859.0,884.4,859.0,878.41,897774,False,LUCK
2021-05-05,848.0,857.0,848.0,855.2,157005,False,LUCK
2021-05-04,835.01,851.0,835.0,847.12,155996,False,LUCK
2021-05-03,838.15,842.0,824.01,832.59,271327,False,LUCK
2021-04-30,855.0,855.0,835.0,838.12,140836,False,LUCK
2021-04-29,855.0,859.9,845.0,845.76,197774,False,LUCK
2021-04-28,862.0,871.0,851.5,854.12,374218,False,LUCK
2021-04-27,866.0,872.9,857.0,860.17,396890,False,LUCK
2021-04-26,845.8,878.15,841.0,867.77,934830,False,LUCK
2021-04-23,842.41,849.0,835.5,845.86,163155,False,LUCK
2021-04-22,852.0,854.0,844.0,845.38,210183,False,LUCK
2021-04-21,869.99,869.99,850.6,852.9,125228,False,LUCK
2021-04-20,860.0,873.55,853.01,863.4,243515,False,LUCK
2021-04-19,850.01,862.8,840.1,855.32,246943,False,LUCK
2021-04-16,868.0,868.0,858.5,860.95,43149,False,LUCK
2021-04-15,870.0,870.0,858.95,860.03,87892,False,LUCK
2021-04-14,857.0,874.0,857.0,865.64,281632,False,LUCK
2021-04-13,855.81,863.9,854.0,859.75,284451,False,LUCK
2021-04-12,854.99,872.0,854.98,860.05,571915,False,LUCK
2021-04-09,856.98,863.0,854.5,858.14,448335,False,LUCK
2021-04-08,850.0,856.0,843.0,854.63,304831,False,LUCK
2021-04-07,829.7,855.0,822.0,838.05,1041871,False,LUCK
2021-04-06,806.0,833.01,805.8,825.06,328877,False,LUCK
2021-04-05,818.0,824.0,801.02,803.1,228066,False,LUCK
2021-04-02,814.98,819.0,805.01,816.65,105787,False,LUCK
2021-04-01,821.0,821.0,810.0,810.91,322565,False,LUCK
2021-03-31,825.0,828.99,811.03,817.59,407884,False,LUCK
2021-03-30,820.0,830.0,814.0,817.82,496538,False,LUCK
2021-03-29,837.5,837.5,808.88,817.49,396905,False,LUCK
2021-03-26,845.0,849.9,832.01,836.75,273669,False,LUCK
2021-03-25,839.95,855.15,839.95,844.07,459233,False,LUCK
2021-03-24,842.0,851.49,836.5,838.44,351561,False,LUCK
2021-03-22,837.55,844.0,827.02,839.0,181013,False,LUCK
2021-03-19,840.0,849.78,820.0,839.52,370079,False,LUCK
2021-03-18,849.9,854.74,837.01,840.74,463917,False,LUCK
2021-03-17,850.0,855.5,847.11,849.21,494442,False,LUCK
2021-03-16,845.0,849.0,837.13,841.86,413832,False,LUCK
2021-03-15,840.0,849.0,823.0,843.84,1114962,False,LUCK
2021-03-12,804.99,836.0,799.42,824.64,1221430,False,LUCK
2021-03-11,817.0,819.0,792.01,799.42,1105682,False,LUCK
2021-03-10,827.25,835.0,811.5,812.85,579512,False,LUCK
2021-03-09,838.75,838.75,810.01,827.04,1051418,False,LUCK
2021-03-08,887.0,887.0,830.21,841.39,1124583,False,LUCK
2021-03-05,860.0,879.5,852.01,869.72,540954,False,LUCK
2021-03-04,857.25,871.97,845.51,857.96,1162982,False,LUCK
2021-03-03,881.89,885.8,874.0,880.17,575797,False,LUCK
2021-03-02,892.01,895.0,875.15,878.13,665484,False,LUCK
2021-03-01,884.99,904.0,876.7,887.47,793258,False,LUCK
2021-02-26,868.0,897.0,868.0,884.73,1142025,False,LUCK
2021-02-25,850.5,873.8,844.0,865.63,708009,False,LUCK
2021-02-24,829.0,845.0,823.2,836.66,546902,False,LUCK
2021-02-23,831.0,838.0,828.0,828.54,196221,False,LUCK
2021-02-22,837.5,838.0,826.02,829.75,273128,False,LUCK
2021-02-19,838.75,845.5,825.03,831.16,482290,False,LUCK
2021-02-18,851.0,860.0,833.25,835.07,612541,False,LUCK
2021-02-17,842.0,859.9,834.0,849.68,1175311,False,LUCK
2021-02-16,798.0,834.9,798.0,831.06,1516616,False,LUCK
2021-02-15,805.0,807.9,790.11,792.21,800181,False,LUCK
2021-02-12,773.0,800.0,770.55,789.82,1054215,False,LUCK
2021-02-11,769.98,791.0,764.01,770.36,2313025,False,LUCK
2021-02-10,742.17,777.0,742.0,767.24,2044488,False,LUCK
2021-02-09,740.0,748.7,737.25,742.13,601594,False,LUCK
2021-02-08,746.0,748.0,737.5,739.39,468784,False,LUCK
2021-02-04,731.99,754.88,730.01,741.17,1869060,False,LUCK
2021-02-03,718.0,735.25,718.0,731.41,1459068,False,LUCK
2021-02-02,713.97,719.9,710.51,714.74,398648,False,LUCK
2021-02-01,732.0,742.99,710.03,711.66,1901245,False,LUCK
2021-01-29,729.0,744.9,721.1,727.29,1758452,False,LUCK
2021-01-28,715.0,734.85,714.99,727.93,1383618,False,LUCK
2021-01-27,712.98,723.0,711.0,717.86,732244,False,LUCK
2021-01-26,701.01,715.5,701.0,710.44,1074142,False,LUCK
2021-01-25,699.99,705.6,698.0,703.43,558027,False,LUCK
2021-01-22,700.01,704.0,692.25,698.82,268685,False,LUCK
2021-01-21,686.5,707.0,686.5,699.47,683092,False,LUCK
2021-01-20,688.0,692.69,682.0,685.08,587984,False,LUCK
2021-01-19,693.4,694.9,688.05,690.83,227616,False,LUCK
2021-01-18,697.0,698.18,690.0,690.75,315784,False,LUCK
2021-01-15,703.75,703.75,697.82,698.1,463807,False,LUCK
2021-01-14,705.75,708.0,701.0,701.95,285816,False,LUCK
2021-01-13,704.99,710.9,703.0,704.0,589535,False,LUCK
2021-01-12,697.5,703.5,696.1,700.63,587390,False,LUCK
2021-01-11,698.0,708.0,696.16,697.85,512156,False,LUCK
2021-01-08,700.0,703.9,695.01,697.64,220273,False,LUCK
2021-01-07,706.0,707.9,695.07,696.95,490574,False,LUCK
2021-01-06,691.05,709.99,691.0,703.15,691968,False,LUCK
2021-01-05,692.21,698.0,689.1,690.53,213237,False,LUCK
2021-01-04,708.0,709.0,689.01,692.12,636632,False,LUCK
2021-01-01,705.0,714.45,700.0,702.6,829354,False,LUCK
2020-12-31,691.9,702.48,686.0,696.09,378754,False,LUCK
2020-12-30,687.49,699.5,686.0,690.53,541803,False,LUCK
2020-12-29,695.0,697.5,681.15,687.24,384165,False,LUCK
2020-12-28,701.5,705.0,694.0,696.2,361789,False,LUCK
2020-12-24,679.5,705.0,679.5,699.71,1267715,False,LUCK
2020-12-23,666.63,680.34,665.0,675.43,412095,False,LUCK
2020-12-22,677.0,677.0,667.51,669.25,384381,False,LUCK
2020-12-21,682.0,683.0,672.0,674.79,405146,False,LUCK
2020-12-18,685.0,692.63,681.61,683.98,350153,False,LUCK
2020-12-17,682.0,685.0,680.0,683.71,235239,False,LUCK
2020-12-16,688.0,688.0,678.01,681.2,199773,False,LUCK
2020-12-15,702.98,705.4,681.01,685.68,799186,False,LUCK
2020-12-14,682.1,702.9,682.0,697.8,1084914,False,LUCK
2020-12-11,674.5,686.65,671.0,679.33,854360,False,LUCK
2020-12-10,674.5,675.5,669.0,673.98,352073,False,LUCK
2020-12-09,673.0,679.0,671.0,673.01,476800,False,LUCK
2020-12-08,671.36,675.9,666.1,672.84,271135,False,LUCK
2020-12-07,674.51,677.5,668.31,670.26,222711,False,LUCK
2020-12-04,675.5,678.0,671.16,673.54,197318,False,LUCK
2020-12-03,672.0,679.25,672.0,675.44,645522,False,LUCK
2020-12-02,662.0,674.25,662.0,669.53,827309,False,LUCK
2020-12-01,655.1,667.79,655.1,661.6,612730,False,LUCK
2020-11-30,647.0,657.4,645.0,655.5,365934,False,LUCK
2020-11-27,654.4,658.0,646.15,648.63,533676,False,LUCK
2020-11-26,650.0,663.0,648.0,658.14,1106591,False,LUCK
2020-11-25,652.0,654.9,642.0,645.13,372032,False,LUCK
2020-11-24,649.0,654.0,643.0,650.94,259511,False,LUCK
2020-11-23,644.02,648.0,638.1,645.6,539629,False,LUCK
2020-11-20,659.99,660.99,648.55,650.47,680031,False,LUCK
2020-11-19,655.01,663.65,651.25,659.21,612059,False,LUCK
2020-11-18,657.5,657.5,651.25,653.3,259089,False,LUCK
2020-11-17,659.0,664.79,655.06,657.67,288255,False,LUCK
2020-11-16,659.76,661.9,652.75,653.36,267228,False,LUCK
2020-11-13,653.01,667.98,651.52,659.76,512156,False,LUCK
2020-11-12,665.84,668.9,654.15,656.35,942501,False,LUCK
2020-11-11,675.88,676.0,664.0,665.84,415107,False,LUCK
2020-11-10,680.15,688.0,673.01,674.51,729467,False,LUCK
2020-11-09,682.0,684.9,675.0,675.64,369688,False,LUCK
2020-11-06,686.98,693.0,681.0,682.86,462644,False,LUCK
2020-11-05,679.99,689.25,679.5,687.33,578077,False,LUCK
2020-11-04,685.01,689.0,674.99,675.99,736943,False,LUCK
2020-11-03,668.0,680.0,667.0,679.48,812348,False,LUCK
2020-11-02,666.0,666.0,652.5,657.75,2225690,False,LUCK
2020-10-29,680.0,680.0,656.0,672.98,2066962,False,LUCK
2020-10-28,696.99,696.99,674.99,678.43,1148473,False,LUCK
2020-10-27,703.0,711.0,692.0,694.98,1329996,False,LUCK
2020-10-26,666.0,707.87,664.0,702.14,2531120,False,LUCK
2020-10-23,653.0,664.99,652.0,660.94,1407496,False,LUCK
2020-10-22,657.97,661.0,648.02,650.42,455552,False,LUCK
2020-10-21,657.0,660.0,650.01,654.91,560922,False,LUCK
2020-10-20,639.5,655.9,639.5,653.76,689210,False,LUCK
2020-10-19,639.99,642.99,634.0,637.35,335978,False,LUCK
2020-10-16,641.0,645.0,635.5,638.46,437043,False,LUCK
2020-10-15,654.0,654.99,642.22,643.91,144878,False,LUCK
2020-10-14,649.97,654.0,645.0,648.02,363073,False,LUCK
2020-10-13,647.0,655.0,636.7,649.54,599539,False,LUCK
2020-10-12,656.0,657.95,644.5,646.81,509093,False,LUCK
2020-10-09,653.71,659.98,648.1,654.95,451269,False,LUCK
2020-10-08,645.0,656.0,645.0,653.75,747758,False,LUCK
2020-10-07,634.0,648.0,626.1,645.12,908292,False,LUCK
2020-10-06,634.0,635.0,620.0,629.31,986077,False,LUCK
2020-10-05,640.0,640.0,627.1,629.8,1020132,False,LUCK
2020-10-02,649.0,652.0,636.01,639.62,720755,False,LUCK
2020-10-01,646.0,655.0,636.11,648.13,764747,False,LUCK
2020-09-30,662.0,663.25,645.01,647.07,584111,False,LUCK
2020-09-29,643.0,665.0,635.01,656.41,981022,False,LUCK
2020-09-28,650.5,653.84,640.55,643.52,1122045,False,LUCK
2020-09-25,661.5,661.5,649.0,650.45,1413424,False,LUCK
2020-09-24,659.4,666.99,658.0,663.68,1068308,False,LUCK
2020-09-23,666.0,666.4,657.0,658.68,316777,False,LUCK
2020-09-22,663.55,666.0,659.2,662.51,532098,False,LUCK
2020-09-21,660.0,666.0,655.0,663.01,382915,False,LUCK
2020-09-18,663.0,663.95,659.25,661.38,428269,False,LUCK
2020-09-17,668.01,674.9,661.52,663.75,962428,False,LUCK
2020-09-16,656.61,664.0,650.0,662.04,740416,False,LUCK
2020-09-15,657.0,665.5,654.0,655.21,748773,False,LUCK
2020-09-14,659.0,662.0,653.0,657.22,336534,False,LUCK
2020-09-11,666.0,671.97,655.1,657.37,579702,False,LUCK
2020-09-10,651.0,674.99,647.0,666.3,1989820,False,LUCK
2020-09-09,639.49,653.89,633.5,644.77,1561632,False,LUCK
2020-09-08,630.12,651.0,628.5,639.34,2608425,False,LUCK
2020-09-07,616.0,632.0,616.0,628.46,1963396,False,LUCK
2020-09-04,619.94,622.0,612.1,614.44,931236,False,LUCK
2020-09-03,615.0,624.92,613.0,621.83,1238129,False,LUCK
2020-09-02,617.8,623.0,613.6,615.37,1523737,False,LUCK
2020-09-01,614.0,616.95,609.0,615.53,1097990,False,LUCK
2020-08-31,608.0,616.2,607.0,614.22,1046493,False,LUCK
2020-08-28,610.0,611.0,604.0,604.95,419742,False,LUCK
2020-08-27,605.2,618.5,605.2,609.35,1506793,False,LUCK
2020-08-26,610.0,610.0,603.05,607.57,578509,False,LUCK
2020-08-25,619.0,619.5,603.11,607.5,1592437,False,LUCK
2020-08-24,597.0,619.0,590.49,611.1,1816754,False,LUCK
2020-08-21,604.0,606.5,593.0,597.86,1170621,False,LUCK
2020-08-20,609.0,611.5,600.0,602.08,997489,False,LUCK
2020-08-19,609.97,615.92,606.1,612.18,963257,False,LUCK
2020-08-18,603.94,615.8,601.5,611.78,2171697,False,LUCK
2020-08-17,611.5,612.9,596.0,600.5,2129045,False,LUCK
2020-08-13,610.0,614.0,595.8,609.88,1879580,False,LUCK
2020-08-12,620.98,627.99,608.11,610.95,1726336,False,LUCK
2020-08-11,605.0,625.0,605.0,616.65,2910054,False,LUCK
2020-08-10,598.0,607.99,595.16,601.45,1579910,False,LUCK
2020-08-07,604.0,616.9,592.21,601.91,2422251,False,LUCK
2020-08-06,605.0,610.9,599.93,603.22,2265063,False,LUCK
2020-08-05,586.0,606.0,576.15,599.93,4073775,False,LUCK
2020-08-04,595.0,602.9,575.1,583.26,2642222,False,LUCK
2020-08-03,585.98,605.98,585.98,600.01,3541142,False,LUCK
2020-07-30,568.11,584.9,566.07,581.46,1413292,False,LUCK
2020-07-29,561.9,582.9,555.0,568.77,1954914,False,LUCK
2020-07-28,551.0,563.51,551.0,559.3,1592868,False,LUCK
2020-07-27,532.0,549.0,526.0,545.08,1089358,False,LUCK
2020-07-24,539.99,539.99,525.05,531.53,898199,False,LUCK
2020-07-23,558.99,558.99,538.0,540.38,920867,False,LUCK
2020-07-22,540.0,563.89,534.0,559.18,1981192,False,LUCK
2020-07-21,531.0,543.98,528.0,534.73,1153843,False,LUCK
2020-07-20,527.99,536.95,526.0,530.56,972392,False,LUCK
2020-07-17,525.55,530.0,521.26,525.84,421958,False,LUCK
2020-07-16,513.98,530.89,513.27,525.54,1402086,False,LUCK
2020-07-15,513.99,516.0,508.51,512.32,896411,False,LUCK
2020-07-14,516.0,519.0,510.0,512.39,887270,False,LUCK
2020-07-13,510.0,524.89,505.5,516.27,1856608,False,LUCK
2020-07-10,488.25,499.5,486.0,496.41,587912,False,LUCK
2020-07-09,492.0,494.63,487.13,488.93,674664,False,LUCK
2020-07-08,498.01,499.97,486.0,489.11,1098664,False,LUCK
2020-07-07,495.0,503.75,493.1,494.49,1093917,False,LUCK
2020-07-06,491.9,495.5,488.25,491.38,541663,False,LUCK
2020-07-03,491.15,493.85,485.01,489.76,506230,False,LUCK
2020-07-02,495.0,502.0,489.01,495.39,1339621,False,LUCK
2020-07-01,462.58,496.19,462.58,494.41,1923929,False,LUCK
2020-06-30,462.99,464.0,461.0,461.58,564207,False,LUCK
2020-06-29,452.99,461.75,445.0,460.23,695486,False,LUCK
2020-06-26,455.0,455.0,447.0,452.58,931211,False,LUCK
2020-06-25,446.0,446.9,440.0,441.76,401288,False,LUCK
2020-06-24,447.79,449.5,443.05,445.27,307778,False,LUCK
2020-06-23,445.0,450.0,444.16,447.79,310687,False,LUCK
2020-06-22,440.0,443.9,428.5,442.16,574274,False,LUCK
2020-06-19,445.5,448.8,436.0,439.56,273630,False,LUCK
2020-06-18,449.99,453.0,443.31,445.26,373705,False,LUCK
2020-06-17,458.94,459.0,446.5,448.28,316998,False,LUCK
2020-06-16,457.89,460.99,452.0,453.24,346356,False,LUCK
2020-06-15,471.96,471.96,451.05,456.03,693851,False,LUCK
2020-06-12,471.5,476.0,469.0,471.61,736409,False,LUCK
2020-06-11,467.55,478.49,466.01,475.97,758331,False,LUCK
2020-06-10,470.0,474.0,466.01,467.41,521415,False,LUCK
2020-06-09,458.0,469.9,454.5,467.28,1548360,False,LUCK
2020-06-08,453.48,458.8,452.1,457.8,370234,False,LUCK
2020-06-05,446.99,453.0,445.1,451.45,137300,False,LUCK
2020-06-04,450.0,451.0,445.01,446.16,185296,False,LUCK
2020-06-03,453.01,455.5,449.0,450.24,155505,False,LUCK
2020-06-02,454.1,457.0,452.0,452.9,406554,False,LUCK
2020-06-01,461.0,464.0,453.01,454.08,222059,False,LUCK
2020-05-29,448.1,462.0,448.1,460.33,930336,False,LUCK
2020-05-28,452.57,453.7,446.01,449.46,380605,False,LUCK
2020-05-21,456.0,458.85,451.2,452.57,540727,False,LUCK
2020-05-20,456.0,465.0,452.15,457.21,1147029,False,LUCK
2020-05-19,451.9,459.98,445.15,455.91,931273,False,LUCK
2020-05-18,465.97,466.0,449.0,450.71,430142,False,LUCK
2020-05-15,450.01,459.88,450.01,458.56,344859,False,LUCK
2020-05-14,457.0,458.78,449.15,451.95,431107,False,LUCK
2020-05-13,450.0,461.4,448.0,455.35,1412713,False,LUCK
2020-05-12,444.0,453.0,444.0,450.76,1562424,False,LUCK
2020-05-11,435.0,437.99,432.0,433.43,286408,False,LUCK
2020-05-08,443.12,446.0,432.01,435.15,711563,False,LUCK
2020-05-07,450.0,455.0,439.0,440.99,1308908,False,LUCK
2020-05-06,458.25,460.0,451.01,452.51,431139,False,LUCK
2020-05-05,468.0,468.0,458.0,460.86,1009749,False,LUCK
2020-05-04,463.0,465.0,457.0,461.52,915348,False,LUCK
2020-04-30,473.0,479.99,466.0,470.44,1339809,False,LUCK
2020-04-29,457.98,469.5,457.97,467.8,1249473,False,LUCK
2020-04-28,444.0,458.89,443.01,454.27,845611,False,LUCK
2020-04-27,445.0,445.0,428.15,442.63,1382491,False,LUCK
2020-04-24,458.0,462.48,453.5,456.06,594229,False,LUCK
2020-04-23,472.0,472.0,452.01,458.16,1280950,False,LUCK
2020-04-22,465.1,478.0,462.0,469.33,2506634,False,LUCK
2020-04-21,463.0,483.9,451.0,459.73,3356388,False,LUCK
2020-04-20,472.92,472.92,452.02,471.77,4725530,False,LUCK
2020-04-17,439.93,439.93,433.0,439.93,897063,False,LUCK
2020-04-16,412.0,412.98,404.5,409.24,893371,False,LUCK
2020-04-15,419.0,424.9,410.67,413.72,1561463,False,LUCK
2020-04-14,400.2,409.0,400.2,407.5,828354,False,LUCK
2020-04-13,406.0,411.94,396.0,399.51,843918,False,LUCK
2020-04-10,406.01,415.0,402.0,412.73,997913,False,LUCK
2020-04-09,406.0,416.0,406.0,409.94,1634291,False,LUCK
2020-04-08,407.9,407.9,395.57,398.37,1387641,False,LUCK
2020-04-07,393.01,414.9,393.01,409.43,1820300,False,LUCK
2020-04-06,420.0,425.0,384.19,391.52,3286853,False,LUCK
2020-04-03,400.0,415.0,400.0,410.73,3535350,False,LUCK
2020-04-02,361.0,391.76,353.0,391.76,5106471,False,LUCK
2020-04-01,368.75,373.68,362.0,364.43,1735956,False,LUCK
2020-03-31,354.0,378.5,345.02,370.7,1480451,False,LUCK
2020-03-30,333.0,356.23,321.0,353.93,1375298,False,LUCK
2020-03-27,310.0,333.57,305.0,331.38,1085735,False,LUCK
2020-03-26,315.0,329.99,305.0,310.3,1406101,False,LUCK
2020-03-25,358.0,360.0,318.9,318.9,1854927,False,LUCK
2020-03-24,344.75,353.0,344.75,344.75,541722,False,LUCK
2020-03-20,382.0,382.61,345.51,372.7,3065200,False,LUCK
2020-03-19,370.95,386.0,370.95,371.51,2335800,False,LUCK
2020-03-18,421.0,421.0,401.02,401.02,927400,False,LUCK
2020-03-17,461.0,472.0,427.0,433.53,4623300,False,LUCK
2020-03-16,478.0,480.4,461.61,461.61,1293100,False,LUCK
2020-03-13,495.0,512.0,480.86,499.03,3978100,False,LUCK
2020-03-12,550.06,552.98,516.15,517.05,1628100,False,LUCK
2020-03-11,559.0,573.98,550.25,555.0,1030300,False,LUCK
2020-03-10,578.0,583.0,556.0,559.74,1211200,False,LUCK
2020-03-09,518.05,566.83,496.0,566.47,1744400,False,LUCK
2020-03-06,529.1,550.0,526.0,529.75,1749800,False,LUCK
2020-03-05,509.0,540.72,509.0,536.75,2140000,False,LUCK
2020-03-04,507.0,516.9,500.0,505.35,946300,False,LUCK
2020-03-03,520.0,520.95,501.51,503.4,1067700,False,LUCK
2020-03-02,495.0,517.99,490.01,514.8,1451100,False,LUCK
2020-02-28,473.5,496.0,472.0,489.09,1250000,False,LUCK
2020-02-27,465.01,487.0,453.02,476.95,2328400,False,LUCK
2020-02-26,480.0,480.0,467.1,471.4,869300,False,LUCK
2020-02-25,476.5,483.89,472.51,478.35,1202100,False,LUCK
2020-02-24,490.25,490.25,472.5,476.81,410000,False,LUCK
2020-02-21,482.0,492.65,482.0,489.99,466000,False,LUCK
2020-02-20,487.99,488.9,483.0,483.67,218500,False,LUCK
2020-02-19,483.0,489.5,482.0,487.05,357500,False,LUCK
2020-02-18,484.0,487.01,479.05,481.36,234300,False,LUCK
2020-02-17,485.5,487.0,478.81,483.55,175800,False,LUCK
2020-02-14,486.0,488.79,481.0,484.76,165700,False,LUCK
2020-02-13,495.0,497.0,483.0,484.97,555000,False,LUCK
2020-02-12,480.0,495.0,472.1,492.27,1082200,False,LUCK
2020-02-11,462.0,479.45,460.5,471.96,757600,False,LUCK
2020-02-10,466.98,466.98,458.5,460.91,494600,False,LUCK
2020-02-07,477.0,477.01,466.5,468.81,471900,False,LUCK
2020-02-06,472.95,475.0,468.0,471.52,2325300,False,LUCK
2020-02-04,463.19,474.5,463.19,470.35,592700,False,LUCK
2020-02-03,466.0,471.9,457.0,460.14,888400,False,LUCK
2020-01-31,486.0,490.0,475.1,476.87,509400,False,LUCK
2020-01-30,474.1,490.0,468.8,487.35,832900,False,LUCK
2020-01-29,487.5,488.49,474.0,476.08,789500,False,LUCK
2020-01-28,492.49,497.0,485.25,489.54,503800,False,LUCK
2020-01-27,497.01,502.5,490.0,491.79,551200,False,LUCK
2020-01-24,491.0,498.49,485.5,496.42,630500,False,LUCK
2020-01-23,498.0,516.85,488.0,490.95,3036800,False,LUCK
2020-01-22,482.0,498.0,481.1,495.97,993700,False,LUCK
2020-01-21,484.0,485.0,477.55,481.17,149900,False,LUCK
2020-01-20,489.0,491.0,481.05,483.34,114100,False,LUCK
2020-01-17,486.01,492.0,485.5,489.16,227300,False,LUCK
2020-01-16,487.1,490.99,485.11,486.83,194200,False,LUCK
2020-01-15,488.0,491.55,485.0,486.09,352200,False,LUCK
2020-01-14,491.5,495.0,486.5,487.75,248400,False,LUCK
2020-01-13,494.0,494.99,487.01,489.91,261100,False,LUCK
2020-01-10,501.0,503.5,491.2,493.7,697300,False,LUCK
2020-01-09,500.0,500.0,490.0,498.43,1361200,False,LUCK
2020-01-08,466.01,487.5,465.0,477.03,2834900,False,LUCK
2020-01-07,452.0,467.36,452.0,466.02,1240100,False,LUCK
2020-01-06,458.99,459.0,443.0,445.11,1079700,False,LUCK
2020-01-03,468.0,475.9,459.0,463.46,1472500,False,LUCK
2020-01-02,440.01,458.82,440.01,458.82,949200,False,LUCK
2020-01-01,430.0,440.0,426.0,436.98,461600,False,LUCK
2019-12-31,432.09,434.0,426.15,428.4,461900,False,LUCK
2019-12-30,424.0,435.0,423.0,430.77,973500,False,LUCK
2019-12-27,424.89,426.9,418.35,420.5,803500,False,LUCK
2019-12-26,421.0,425.0,421.0,424.12,435800,False,LUCK
2019-12-24,415.1,422.0,410.0,421.26,478500,False,LUCK
2019-12-23,421.0,425.0,412.0,413.61,425200,False,LUCK
2019-12-20,417.01,419.0,413.07,417.33,724000,False,LUCK
2019-12-19,420.67,422.99,407.0,414.46,1989100,False,LUCK
2019-12-18,423.9,425.0,419.5,420.67,1010200,False,LUCK
2019-12-17,434.0,436.0,416.02,425.78,1319200,False,LUCK
2019-12-16,425.0,434.9,425.0,432.9,783100,False,LUCK
2019-12-13,417.0,430.0,417.0,424.52,566300,False,LUCK
2019-12-12,422.0,424.99,418.11,420.6,308400,False,LUCK
2019-12-11,430.52,432.85,421.8,424.19,577600,False,LUCK
2019-12-10,418.43,429.92,415.0,428.62,742600,False,LUCK
2019-12-09,431.2,437.0,415.2,418.43,801500,False,LUCK
2019-12-06,435.0,436.3,428.5,430.48,538000,False,LUCK
2019-12-05,428.0,438.5,426.0,435.25,1059000,False,LUCK
2019-12-04,416.01,430.0,413.0,427.67,1271800,False,LUCK
2019-12-03,431.5,431.5,415.03,416.0,749200,False,LUCK
2019-12-02,423.0,429.5,419.0,427.84,881500,False,LUCK
2019-11-29,417.5,428.89,417.5,420.29,1107700,False,LUCK
2019-11-28,407.5,420.0,406.0,416.48,1173400,False,LUCK
2019-11-27,406.97,409.49,397.3,406.26,962600,False,LUCK
2019-11-26,417.49,421.99,400.0,405.59,2706600,False,LUCK
2019-11-25,398.0,419.15,394.25,416.38,1663000,False,LUCK
2019-11-22,381.45,401.5,380.05,399.87,933800,False,LUCK
2019-11-21,400.99,404.0,382.0,383.51,1541100,False,LUCK
2019-11-20,410.5,413.64,400.04,402.09,544900,False,LUCK
2019-11-19,412.0,415.01,405.0,409.24,1146600,False,LUCK
2019-11-18,391.0,408.24,390.01,406.66,2250100,False,LUCK
2019-11-15,391.98,393.0,386.0,388.82,672000,False,LUCK
2019-11-14,396.0,398.1,388.1,389.99,1232600,False,LUCK
2019-11-13,389.0,395.98,382.0,393.13,1297800,False,LUCK
2019-11-12,403.0,404.99,388.02,389.5,2086900,False,LUCK
2019-11-11,388.42,398.0,387.51,396.17,1128100,False,LUCK
2019-11-08,379.12,388.0,376.2,383.88,952900,False,LUCK
2019-11-07,381.05,383.5,375.8,378.11,758600,False,LUCK
2019-11-06,378.49,388.5,378.49,381.43,2122000,False,LUCK
2019-11-05,383.0,386.0,372.15,374.54,2090200,False,LUCK
2019-11-04,365.8,380.82,365.1,379.83,3078200,False,LUCK
2019-11-01,352.0,366.0,349.6,362.69,4133600,False,LUCK
2019-10-31,346.0,354.95,346.0,351.62,1261400,False,LUCK
2019-10-30,351.1,351.88,342.0,345.26,1120600,False,LUCK
2019-10-29,355.0,358.7,348.3,350.42,987600,False,LUCK
2019-10-28,347.99,359.5,343.01,354.85,1257100,False,LUCK
2019-10-25,346.0,349.6,343.1,344.82,507100,False,LUCK
2019-10-24,346.14,350.99,342.0,345.05,554800,False,LUCK
2019-10-23,351.0,353.85,345.0,346.14,863100,False,LUCK
2019-10-22,351.7,353.49,342.0,349.4,756900,False,LUCK
2019-10-21,365.0,365.0,347.02,348.62,1360900,False,LUCK
2019-10-18,364.0,371.5,363.5,365.21,781700,False,LUCK
2019-10-17,370.0,371.0,362.0,362.93,420900,False,LUCK
2019-10-16,371.4,376.99,368.0,369.51,795400,False,LUCK
2019-10-15,375.0,378.5,369.01,371.8,1088700,False,LUCK
2019-10-14,388.0,388.95,372.11,374.39,709300,False,LUCK
2019-10-11,379.0,395.0,379.0,388.41,2433200,False,LUCK
2019-10-10,364.0,381.0,360.6,378.02,1461500,False,LUCK
2019-10-09,370.0,373.87,361.0,363.53,817700,False,LUCK
2019-10-08,376.5,381.3,368.55,371.77,1881700,False,LUCK
2019-10-07,363.53,381.7,359.01,376.47,2071700,False,LUCK
2019-10-04,361.45,365.5,355.6,363.53,2149800,False,LUCK
2019-10-03,354.0,368.45,351.0,362.42,2064400,False,LUCK
2019-10-02,349.6,355.97,347.0,352.66,1557200,False,LUCK
2019-10-01,341.0,352.39,339.0,349.38,1803500,False,LUCK
2019-09-30,348.9,350.1,341.0,342.13,653900,False,LUCK
2019-09-27,340.5,350.0,338.1,347.74,606600,False,LUCK
2019-09-26,342.25,343.49,336.8,339.46,505300,False,LUCK
2019-09-25,343.5,347.98,339.1,341.69,411800,False,LUCK
2019-09-24,340.05,345.0,336.05,343.63,707600,False,LUCK
2019-09-23,347.5,348.35,338.1,340.04,219900,False,LUCK
2019-09-20,353.99,353.99,344.0,346.57,675400,False,LUCK
2019-09-19,338.0,354.3,336.0,352.75,1585300,False,LUCK
2019-09-18,350.0,354.0,338.0,340.07,1147900,False,LUCK
2019-09-17,366.0,366.0,349.97,352.89,1303300,False,LUCK
2019-09-16,373.0,373.0,363.51,365.4,925800,False,LUCK
2019-09-13,362.0,374.53,355.0,373.4,1297400,False,LUCK
2019-09-12,342.0,356.7,342.0,356.7,669800,False,LUCK
2019-09-11,350.0,352.0,335.01,339.72,238100,False,LUCK
2019-09-06,351.9,353.0,342.0,349.98,294100,False,LUCK
2019-09-05,357.99,366.99,350.52,352.76,1101200,False,LUCK
2019-09-04,341.0,357.71,332.5,356.96,943200,False,LUCK
2019-09-03,351.05,353.35,337.5,340.68,233800,False,LUCK
2019-09-02,352.5,359.0,350.3,351.68,257900,False,LUCK
2019-08-30,352.0,356.5,347.0,350.03,327200,False,LUCK
2019-08-29,361.99,361.99,350.11,351.22,205600,False,LUCK
2019-08-28,361.5,367.9,358.01,360.55,414700,False,LUCK
2019-08-27,348.0,366.0,348.0,361.49,564200,False,LUCK
2019-08-26,365.0,367.0,349.11,350.19,212900,False,LUCK
2019-08-23,377.5,377.5,364.2,367.48,1208800,False,LUCK
2019-08-22,367.0,378.31,364.11,375.17,1292300,False,LUCK
2019-08-21,345.46,362.73,342.29,360.3,829000,False,LUCK
2019-08-20,341.48,349.0,336.0,345.46,676100,False,LUCK
2019-08-19,327.0,339.99,320.2,338.7,746300,False,LUCK
2019-08-16,337.0,346.0,329.22,329.29,676500,False,LUCK
2019-08-09,355.5,359.75,345.0,346.54,538500,False,LUCK
2019-08-08,361.5,362.0,348.5,352.71,519600,False,LUCK
2019-08-07,374.0,374.05,361.5,363.98,188500,False,LUCK
2019-08-06,374.6,381.9,374.0,374.58,138100,False,LUCK
2019-08-05,375.51,377.0,372.11,376.01,300800,False,LUCK
2019-08-02,376.28,380.0,373.51,379.61,253500,False,LUCK
2019-08-01,381.0,382.5,374.01,376.28,245100,False,LUCK
2019-07-31,375.5,379.0,372.1,377.94,284100,False,LUCK
2019-07-30,371.0,381.8,368.0,375.03,1213000,False,LUCK
2019-07-29,376.03,379.0,374.0,375.43,166400,False,LUCK
2019-07-26,379.0,383.5,378.5,380.63,124900,False,LUCK
2019-07-25,383.55,384.96,378.01,382.89,211500,False,LUCK
2019-07-24,390.0,390.0,383.5,385.57,413400,False,LUCK
2019-07-23,388.9,391.98,384.0,389.02,523100,False,LUCK
2019-07-22,385.0,389.8,381.0,386.14,276100,False,LUCK
2019-07-19,379.0,388.5,371.0,385.24,1340600,False,LUCK
2019-07-18,377.31,381.45,375.02,376.47,203400,False,LUCK
2019-07-17,382.0,390.3,376.15,379.65,445400,False,LUCK
2019-07-16,370.5,381.24,370.5,378.7,518700,False,LUCK
2019-07-15,383.0,383.0,369.25,370.2,373100,False,LUCK
2019-07-12,380.0,382.7,378.0,378.48,721300,False,LUCK
2019-07-11,382.0,382.5,379.03,380.83,98400,False,LUCK
2019-07-10,383.5,388.0,377.05,381.23,648100,False,LUCK
2019-07-09,377.0,384.0,375.01,378.85,441800,False,LUCK
2019-07-08,380.11,386.0,374.0,375.85,243600,False,LUCK
2019-07-05,383.0,383.0,375.55,378.52,428900,False,LUCK
2019-07-04,399.98,400.9,381.55,384.47,1104700,False,LUCK
2019-07-03,384.0,399.01,383.0,396.23,841100,False,LUCK
2019-07-02,377.95,386.0,376.51,383.66,358400,False,LUCK
2019-07-01,380.0,380.5,375.02,377.41,48200,False,LUCK
2019-06-28,373.1,385.0,368.0,380.47,606500,False,LUCK
2019-06-27,381.0,386.0,370.3,373.17,1163700,False,LUCK
2019-06-26,379.99,383.0,376.01,380.69,1214800,False,LUCK
2019-06-25,386.99,389.0,371.0,378.6,1496300,False,LUCK
2019-06-24,404.0,405.75,385.47,385.47,889900,False,LUCK
2019-06-21,405.01,409.5,404.2,405.75,289700,False,LUCK
2019-06-20,404.98,413.95,402.02,406.27,924200,False,LUCK
2019-06-19,401.0,405.8,400.0,401.42,154200,False,LUCK
2019-06-18,406.9,413.0,398.0,400.7,658300,False,LUCK
2019-06-17,419.0,419.0,407.0,408.69,689800,False,LUCK
2019-06-14,407.0,420.99,401.31,417.12,1621700,False,LUCK
2019-06-13,391.0,409.0,387.1,402.03,865400,False,LUCK
2019-06-12,367.01,401.5,367.01,390.41,1060800,False,LUCK
2019-06-11,383.25,392.0,378.0,386.08,707000,False,LUCK
2019-06-10,409.91,409.91,391.96,392.99,855800,False,LUCK
2019-06-03,422.0,425.0,410.0,412.58,298600,False,LUCK
2019-05-30,438.99,442.64,414.0,423.81,1919500,False,LUCK
2019-05-29,406.0,421.6,406.0,421.6,738000,False,LUCK
2019-05-28,405.0,407.99,392.05,401.53,1205100,False,LUCK
2019-05-27,405.0,409.9,402.0,404.99,666200,False,LUCK
2019-05-24,390.99,409.89,386.0,404.81,1133900,False,LUCK
2019-05-23,378.0,393.0,377.0,393.0,1181800,False,LUCK
2019-05-22,365.0,374.29,363.5,374.29,205300,False,LUCK
2019-05-21,345.99,362.5,339.5,356.47,921400,False,LUCK
2019-05-20,344.0,350.0,332.3,345.99,1214800,False,LUCK
2019-05-17,351.0,351.5,339.01,344.27,1494700,False,LUCK
2019-05-16,361.0,361.0,345.15,350.94,279900,False,LUCK
2019-05-15,360.0,368.0,358.0,360.07,303000,False,LUCK
2019-05-14,357.01,361.0,351.1,356.44,320600,False,LUCK
2019-05-13,368.01,375.0,353.5,357.32,1464500,False,LUCK
2019-05-10,362.0,367.6,362.0,364.99,346600,False,LUCK
2019-05-09,361.0,373.01,359.0,365.19,472000,False,LUCK
2019-05-08,360.0,363.0,353.5,358.91,864600,False,LUCK
2019-05-07,368.6,369.99,360.0,360.99,180800,False,LUCK
2019-05-06,382.1,382.1,366.82,368.59,464700,False,LUCK
2019-05-03,387.88,388.49,384.0,384.62,605100,False,LUCK
2019-05-02,388.0,391.4,385.07,387.11,520300,False,LUCK
2019-04-30,388.99,394.0,385.0,388.4,1027500,False,LUCK
2019-04-29,399.0,411.2,390.0,391.23,1408600,False,LUCK
2019-04-26,378.99,396.17,378.99,395.83,966300,False,LUCK
2019-04-25,376.0,381.5,374.25,377.31,338200,False,LUCK
2019-04-24,374.51,383.0,371.0,374.06,402100,False,LUCK
2019-04-23,381.0,382.49,367.5,373.59,784300,False,LUCK
2019-04-22,389.95,394.0,380.0,381.82,368200,False,LUCK
2019-04-19,387.03,397.0,385.0,388.22,408600,False,LUCK
2019-04-18,394.5,397.95,376.3,387.26,558800,False,LUCK
2019-04-17,398.51,399.0,391.02,394.01,292400,False,LUCK
2019-04-16,396.37,403.98,395.0,397.52,688200,False,LUCK
2019-04-15,401.0,409.0,392.5,396.9,1410500,False,LUCK
2019-04-12,378.5,396.44,375.05,396.05,717700,False,LUCK
2019-04-11,370.01,384.0,365.01,377.57,624500,False,LUCK
2019-04-10,389.85,390.0,369.34,369.63,786900,False,LUCK
2019-04-09,397.0,402.0,379.1,388.77,1091100,False,LUCK
2019-04-08,416.75,416.75,397.25,397.84,1009700,False,LUCK
2019-04-05,415.0,422.0,414.05,418.15,403600,False,LUCK
2019-04-04,426.0,427.0,416.5,417.74,283100,False,LUCK
2019-04-03,420.5,427.79,414.0,425.62,493500,False,LUCK
2019-04-02,417.0,423.5,414.0,418.76,664900,False,LUCK
2019-04-01,425.2,425.9,416.03,417.92,521000,False,LUCK
2019-03-29,424.99,432.9,418.53,428.24,639100,False,LUCK
2019-03-28,435.98,435.98,421.0,422.7,626800,False,LUCK
2019-03-27,421.4,439.0,417.0,436.0,1264900,False,LUCK
2019-03-26,417.87,423.0,413.0,419.66,405100,False,LUCK
2019-03-25,432.82,433.0,415.51,417.87,446200,False,LUCK
2019-03-22,433.65,436.5,427.51,429.82,270000,False,LUCK
2019-03-21,435.0,440.0,426.67,433.43,427600,False,LUCK
2019-03-20,434.01,440.0,433.3,434.92,344700,False,LUCK
2019-03-19,447.49,448.0,435.0,436.0,308800,False,LUCK
2019-03-18,437.16,448.0,433.0,445.45,796500,False,LUCK
2019-03-15,450.12,455.0,433.0,435.09,791300,False,LUCK
2019-03-14,461.0,462.0,453.01,454.13,334800,False,LUCK
2019-03-13,463.0,466.0,460.75,461.31,159800,False,LUCK
2019-03-12,462.0,464.7,457.0,463.76,276800,False,LUCK
2019-03-11,463.99,466.0,460.0,460.74,211500,False,LUCK
2019-03-08,467.0,467.25,456.57,459.95,449100,False,LUCK
2019-03-07,477.0,480.0,465.3,467.25,483400,False,LUCK
2019-03-06,469.74,483.0,469.74,473.36,508600,False,LUCK
2019-03-05,469.5,475.01,467.1,469.62,139700,False,LUCK
2019-03-04,469.0,473.0,467.66,472.14,155400,False,LUCK
2019-03-01,467.99,476.0,467.5,469.61,585500,False,LUCK
2019-02-28,468.9,475.0,460.0,466.74,649800,False,LUCK
2019-02-27,460.01,473.5,443.86,465.26,1459600,False,LUCK
2019-02-26,479.0,482.89,464.01,467.22,818300,False,LUCK
2019-02-25,489.0,493.0,481.81,482.75,324400,False,LUCK
2019-02-22,490.0,497.4,490.0,491.92,204400,False,LUCK
2019-02-21,489.0,497.5,486.1,494.35,791600,False,LUCK
2019-02-20,485.0,490.0,478.15,488.88,590300,False,LUCK
2019-02-19,479.26,484.0,475.0,481.74,627600,False,LUCK
2019-02-18,485.15,487.0,473.0,477.26,333800,False,LUCK
2019-02-15,487.0,492.55,482.02,485.41,353300,False,LUCK
2019-02-14,492.01,493.0,483.0,487.43,603200,False,LUCK
2019-02-13,502.8,508.0,490.1,493.33,1635200,False,LUCK
2019-02-12,478.99,499.5,475.52,496.54,932700,False,LUCK
2019-02-11,495.1,496.0,475.25,478.31,695800,False,LUCK
2019-02-08,498.75,506.89,489.0,491.18,725100,False,LUCK
2019-02-07,503.98,503.99,495.31,496.53,422400,False,LUCK
2019-02-06,504.99,513.0,502.3,503.81,1480900,False,LUCK
2019-02-04,482.0,504.94,482.0,503.54,1454300,False,LUCK
2019-02-01,465.1,484.0,465.1,480.91,856900,False,LUCK
2019-01-31,467.3,473.0,465.0,469.27,464200,False,LUCK
2019-01-30,472.0,473.97,467.05,467.82,174800,False,LUCK
2019-01-29,466.08,473.0,466.08,470.26,446400,False,LUCK
2019-01-28,464.0,471.4,464.0,468.46,300700,False,LUCK
2019-01-25,463.6,470.0,462.0,465.19,296600,False,LUCK
2019-01-24,478.0,478.0,460.0,468.36,821600,False,LUCK
2019-01-23,461.0,464.95,455.4,458.85,307100,False,LUCK
2019-01-22,455.0,461.99,453.2,459.22,321200,False,LUCK
2019-01-21,463.0,466.0,454.0,455.99,229900,False,LUCK
2019-01-18,467.0,467.4,461.5,463.44,312100,False,LUCK
2019-01-17,462.0,467.5,452.01,466.37,552800,False,LUCK
2019-01-16,469.2,469.2,460.02,461.15,239500,False,LUCK
2019-01-15,468.0,471.45,465.0,469.08,427400,False,LUCK
2019-01-14,462.0,471.0,461.0,467.68,388400,False,LUCK
2019-01-11,462.5,463.01,454.0,458.65,509700,False,LUCK
2019-01-10,462.01,464.5,459.01,462.36,372600,False,LUCK
2019-01-09,472.0,473.5,460.0,462.13,560200,False,LUCK
2019-01-08,466.0,475.0,463.0,470.39,1289100,False,LUCK
2019-01-07,447.97,463.79,446.99,461.29,1379700,False,LUCK
2019-01-04,442.0,452.0,433.8,441.71,1159300,False,LUCK
2019-01-03,437.01,445.89,436.11,442.2,863800,False,LUCK
2019-01-02,455.1,461.5,432.5,439.36,1525900,False,LUCK
2019-01-01,430.51,456.4,430.0,455.06,803800,False,LUCK
2018-12-31,458.0,458.0,432.79,434.67,2730300,False,LUCK
2018-12-28,465.73,465.73,450.0,455.56,618250,False,LUCK
2018-12-27,486.0,486.0,462.21,465.73,419700,False,LUCK
2018-12-26,487.0,488.88,481.0,482.59,297550,False,LUCK
2018-12-24,485.0,489.0,482.0,485.65,241000,False,LUCK
2018-12-21,485.0,500.0,480.0,486.88,899000,False,LUCK
2018-12-20,481.0,489.8,480.3,487.0,272400,False,LUCK
2018-12-19,476.0,483.95,476.0,481.02,283150,False,LUCK
2018-12-18,483.01,487.0,476.0,477.75,296600,False,LUCK
2018-12-17,485.0,489.0,481.15,484.34,309450,False,LUCK
2018-12-14,480.48,486.0,480.48,484.23,414650,False,LUCK
2018-12-13,477.99,482.0,473.5,478.41,375900,False,LUCK
2018-12-12,478.0,481.0,471.5,476.44,938200,False,LUCK
2018-12-11,476.1,489.99,472.0,482.2,956350,False,LUCK
2018-12-10,477.0,486.4,475.1,480.48,1037900,False,LUCK
2018-12-07,450.1,472.0,449.53,469.59,1274800,False,LUCK
2018-12-06,459.9,464.0,445.75,449.53,955050,False,LUCK
2018-12-05,464.0,465.0,446.01,459.01,1005200,False,LUCK
2018-12-04,445.77,472.49,445.77,462.52,3870350,False,LUCK
2018-12-03,475.01,475.01,469.23,469.23,751800,False,LUCK
2018-11-30,513.31,520.48,491.72,493.92,11189200,False,LUCK
2018-11-29,519.0,520.42,510.02,517.59,433350,False,LUCK
2018-11-28,521.0,523.48,514.01,515.04,1076200,False,LUCK
2018-11-27,522.0,525.0,517.0,519.2,631800,False,LUCK
2018-11-26,540.0,540.0,518.0,520.82,1546700,False,LUCK
2018-11-23,510.0,534.05,510.0,532.44,1609050,False,LUCK
2018-11-22,506.27,517.5,502.66,508.62,1277200,False,LUCK
2018-11-20,501.01,508.0,496.0,506.27,1143200,False,LUCK
2018-11-19,506.67,507.5,498.0,500.87,727300,False,LUCK
2018-11-16,500.0,510.0,496.0,506.67,2204300,False,LUCK
2018-11-15,485.9,505.0,480.01,497.17,1366600,False,LUCK
2018-11-14,452.0,492.25,452.0,482.48,2749000,False,LUCK
2018-11-13,469.01,474.4,457.5,468.81,594100,False,LUCK
2018-11-12,489.99,489.99,468.0,469.96,499900,False,LUCK
2018-11-09,480.0,491.01,477.0,488.03,480600,False,LUCK
2018-11-08,496.0,501.9,481.07,484.82,761700,False,LUCK
2018-11-07,488.99,495.09,481.0,494.37,1242350,False,LUCK
2018-11-06,483.99,485.0,464.0,471.52,446050,False,LUCK
2018-11-05,497.0,497.0,474.0,483.52,765650,False,LUCK
2018-11-02,487.0,508.0,487.0,498.08,1576150,False,LUCK
2018-11-01,495.0,495.0,485.01,486.53,778650,False,LUCK
2018-10-31,500.0,509.0,493.51,496.95,1513650,False,LUCK
2018-10-30,508.0,511.0,497.0,506.72,1098700,False,LUCK
2018-10-29,480.0,495.08,480.0,495.08,539450,False,LUCK
2018-10-26,446.3,471.51,442.0,471.51,561900,False,LUCK
2018-10-25,449.0,449.06,435.0,449.06,1145250,False,LUCK
2018-10-24,427.68,427.68,427.68,427.68,99400,False,LUCK
2018-10-23,424.85,425.0,403.61,407.32,687950,False,LUCK
2018-10-22,441.0,444.0,422.0,424.85,561350,False,LUCK
2018-10-19,420.0,437.0,410.5,434.93,410150,False,LUCK
2018-10-18,416.8,430.89,410.0,419.69,590300,False,LUCK
2018-10-17,399.9,415.66,395.0,414.71,512750,False,LUCK
2018-10-16,405.97,417.49,390.0,395.87,549750,False,LUCK
2018-10-15,406.0,416.9,404.61,409.51,663500,False,LUCK
2018-10-12,445.0,445.0,425.9,425.9,506500,False,LUCK
2018-10-11,466.0,467.0,446.08,448.31,457050,False,LUCK
2018-10-10,466.0,479.9,439.1,469.55,858750,False,LUCK
2018-10-09,458.0,475.0,451.12,460.45,480200,False,LUCK
2018-10-08,479.99,484.0,456.38,456.38,507900,False,LUCK
2018-10-05,491.01,494.99,470.35,480.4,488050,False,LUCK
2018-10-04,500.0,502.0,488.1,493.2,178150,False,LUCK
2018-10-03,500.1,504.99,498.21,500.83,106600,False,LUCK
2018-10-02,508.0,510.0,502.19,504.87,157150,False,LUCK
2018-10-01,502.69,510.87,502.36,507.2,85800,False,LUCK
2018-09-28,508.0,515.5,504.0,512.94,448200,False,LUCK
2018-09-27,496.11,510.75,489.93,507.98,400100,False,LUCK
2018-09-26,505.0,509.8,492.0,496.29,661550,False,LUCK
2018-09-25,496.0,509.0,494.0,502.36,154800,False,LUCK
2018-09-24,511.3,511.3,492.0,494.41,153500,False,LUCK
2018-09-19,518.0,518.0,507.0,511.32,243800,False,LUCK
2018-09-18,488.02,516.75,486.0,516.53,719700,False,LUCK
2018-09-17,501.11,502.0,486.7,492.15,148050,False,LUCK
2018-09-14,500.99,517.0,500.99,504.64,508800,False,LUCK
2018-09-13,481.0,504.0,476.0,498.1,409200,False,LUCK
2018-09-12,504.0,505.15,478.0,485.3,459700,False,LUCK
2018-09-11,507.7,516.01,505.01,507.99,261300,False,LUCK
2018-09-10,512.0,516.4,500.11,508.45,253200,False,LUCK
2018-09-07,524.03,533.75,508.0,512.04,297300,False,LUCK
2018-09-06,535.0,537.0,520.02,524.43,254800,False,LUCK
2018-09-05,543.02,543.02,530.0,539.16,252450,False,LUCK
2018-09-04,539.0,545.0,534.95,543.43,256150,False,LUCK
2018-09-03,540.78,540.95,528.0,537.42,350900,False,LUCK
2018-08-31,551.4,556.0,536.5,540.78,946500,False,LUCK
2018-08-30,570.0,573.0,546.0,551.49,964050,False,LUCK
2018-08-29,582.88,582.88,568.0,569.9,597700,False,LUCK
2018-08-28,584.0,590.0,577.8,579.58,491450,False,LUCK
2018-08-27,579.79,589.8,575.06,583.66,348500,False,LUCK
2018-08-24,578.0,582.0,572.0,577.95,327150,False,LUCK
2018-08-20,574.0,586.0,573.07,577.41,848300,False,LUCK
2018-08-17,561.99,575.0,558.44,570.57,520450,False,LUCK
2018-08-16,567.7,570.49,555.3,558.44,421300,False,LUCK
2018-08-15,561.01,579.5,561.01,568.66,685900,False,LUCK
2018-08-13,570.0,572.39,564.0,566.79,245550,False,LUCK
2018-08-10,560.0,576.85,560.0,570.58,1082300,False,LUCK
2018-08-09,551.98,565.0,545.01,562.68,1324250,False,LUCK
2018-08-08,561.95,562.99,545.0,548.54,893350,False,LUCK
2018-08-07,547.25,565.0,540.0,557.7,1016900,False,LUCK
2018-08-06,530.5,549.0,529.0,546.51,288100,False,LUCK
2018-08-03,535.0,535.5,528.5,532.5,225550,False,LUCK
2018-08-02,553.98,556.0,534.9,537.14,487300,False,LUCK
2018-08-01,546.25,559.98,545.01,553.75,843000,False,LUCK
2018-07-31,575.0,575.01,548.0,550.98,1288050,False,LUCK
2018-07-30,555.0,576.47,555.0,576.47,1348000,False,LUCK
2018-07-27,527.0,550.0,527.0,549.02,842600,False,LUCK
2018-07-26,524.0,528.6,515.5,525.48,535200,False,LUCK
2018-07-24,496.0,512.0,494.0,508.91,649300,False,LUCK
2018-07-23,501.01,504.48,490.02,491.5,399950,False,LUCK
2018-07-20,515.0,515.99,504.1,506.56,472250,False,LUCK
2018-07-19,510.0,521.45,510.0,517.66,1100950,False,LUCK
2018-07-18,482.94,500.9,479.1,497.47,647800,False,LUCK
2018-07-17,460.1,483.0,457.0,477.45,578600,False,LUCK
2018-07-16,485.0,489.0,461.02,462.71,303250,False,LUCK
2018-07-13,479.98,492.0,478.0,482.75,210250,False,LUCK
2018-07-12,480.21,487.0,474.1,480.71,96800,False,LUCK
2018-07-11,478.88,489.98,470.71,480.2,244050,False,LUCK
2018-07-10,467.0,479.0,454.25,473.41,314300,False,LUCK
2018-07-09,488.99,489.0,464.1,467.7,351050,False,LUCK
2018-07-06,484.5,491.99,480.0,484.3,184550,False,LUCK
2018-07-05,476.0,489.88,474.0,485.84,280550,False,LUCK
2018-07-04,491.0,491.0,469.76,471.96,645000,False,LUCK
2018-07-03,493.5,502.0,485.5,494.4,269200,False,LUCK
2018-07-02,510.94,516.8,489.12,494.13,427650,False,LUCK
2018-06-29,514.7,520.45,505.5,507.93,294300,False,LUCK
2018-06-28,492.16,513.76,482.0,511.76,840800,False,LUCK
2018-06-27,483.0,496.0,480.0,489.3,375000,False,LUCK
2018-06-26,475.0,493.5,475.0,477.77,426850,False,LUCK
2018-06-25,499.95,505.0,475.28,476.45,477350,False,LUCK
2018-06-22,515.05,523.0,500.0,500.29,321750,False,LUCK
2018-06-21,512.01,518.48,500.26,512.26,397100,False,LUCK
2018-06-20,536.99,536.99,515.0,518.48,421200,False,LUCK
2018-06-19,544.99,549.0,532.0,535.7,237400,False,LUCK
2018-06-14,549.0,555.0,540.0,542.02,306450,False,LUCK
2018-06-13,545.0,558.0,538.05,545.22,269300,False,LUCK
2018-06-12,562.58,565.0,543.0,546.89,141050,False,LUCK
2018-06-11,580.0,583.0,552.5,562.58,309950,False,LUCK
2018-06-07,569.9,586.0,563.01,579.15,691700,False,LUCK
2018-06-06,557.95,574.0,552.25,565.63,551350,False,LUCK
2018-06-05,549.99,556.0,546.6,552.94,911000,False,LUCK
2018-06-04,546.98,554.0,545.01,550.53,547400,False,LUCK
2018-06-01,543.0,547.0,540.2,545.56,37700,False,LUCK
2018-05-31,544.0,553.99,540.21,546.28,358850,False,LUCK
2018-05-30,554.94,555.99,542.0,543.49,145200,False,LUCK
2018-05-29,545.0,554.0,542.0,552.86,178250,False,LUCK
2018-05-28,535.0,554.9,530.0,539.74,694200,False,LUCK
2018-05-25,545.0,548.5,536.1,539.19,62700,False,LUCK
2018-05-24,560.0,561.0,545.5,546.82,144050,False,LUCK
2018-05-23,568.5,570.0,560.08,562.65,182300,False,LUCK
2018-05-22,565.0,572.0,558.0,569.55,320850,False,LUCK
2018-05-21,560.0,568.0,551.1,559.38,81950,False,LUCK
2018-05-18,567.99,569.68,554.0,556.83,130000,False,LUCK
2018-05-17,577.0,579.0,565.1,569.68,106050,False,LUCK
2018-05-16,590.0,595.0,581.0,581.98,75400,False,LUCK
2018-05-15,591.01,603.0,582.0,590.98,381400,False,LUCK
2018-05-14,619.56,619.56,595.01,601.06,187900,False,LUCK
2018-05-11,628.94,635.0,614.3,620.31,318650,False,LUCK
2018-05-10,629.99,639.87,620.05,626.69,436750,False,LUCK
2018-05-09,634.5,634.5,615.01,624.35,357500,False,LUCK
2018-05-08,630.0,639.75,624.0,633.14,195700,False,LUCK
2018-05-07,649.0,649.0,630.0,632.11,235750,False,LUCK
2018-05-04,657.0,660.0,645.05,649.06,216550,False,LUCK
2018-05-03,653.0,662.9,649.0,656.64,243350,False,LUCK
2018-05-02,658.0,660.0,651.01,653.36,69450,False,LUCK
2018-04-30,653.05,667.0,648.5,661.2,413850,False,LUCK
2018-04-27,665.0,665.99,650.1,651.64,203950,False,LUCK
2018-04-26,661.5,667.0,657.0,663.85,103400,False,LUCK
2018-04-25,664.0,674.45,659.0,660.55,74950,False,LUCK
2018-04-24,654.0,676.0,654.0,665.39,267850,False,LUCK
2018-04-23,652.0,658.0,644.5,650.48,179900,False,LUCK
2018-04-20,675.5,678.5,650.0,653.18,278450,False,LUCK
2018-04-19,678.02,681.0,663.01,667.0,224400,False,LUCK
2018-04-18,687.24,699.48,675.0,678.39,241800,False,LUCK
2018-04-17,674.0,694.99,668.6,687.55,284350,False,LUCK
2018-04-16,676.0,686.0,670.01,674.74,183400,False,LUCK
2018-04-13,696.0,707.0,681.0,684.77,624700,False,LUCK
2018-04-12,709.0,709.0,699.12,702.09,80950,False,LUCK
2018-04-11,705.0,713.88,705.0,709.77,120750,False,LUCK
2018-04-10,716.0,716.01,709.0,710.92,58550,False,LUCK
2018-04-09,716.85,720.5,710.0,711.31,68100,False,LUCK
2018-04-06,725.0,725.0,714.0,715.86,431150,False,LUCK
2018-04-05,714.5,723.85,713.5,717.16,120300,False,LUCK
2018-04-04,718.0,731.8,712.1,716.03,445950,False,LUCK
2018-04-03,723.0,729.9,712.0,722.02,508200,False,LUCK
2018-04-02,705.0,724.0,697.0,723.19,1251450,False,LUCK
2018-03-30,689.9,697.0,675.0,689.62,651450,False,LUCK
2018-03-29,681.01,689.99,681.0,688.4,559050,False,LUCK
2018-03-28,670.0,685.0,660.05,678.99,826850,False,LUCK
2018-03-27,665.1,684.0,665.0,669.25,508850,False,LUCK
2018-03-26,660.05,669.99,652.0,665.65,560400,False,LUCK
2018-03-22,644.88,669.99,641.5,661.53,806900,False,LUCK
2018-03-21,642.99,648.0,638.05,640.4,120900,False,LUCK
2018-03-20,630.0,644.0,630.0,641.93,170050,False,LUCK
2018-03-19,631.0,634.99,627.0,629.95,71150,False,LUCK
2018-03-16,636.0,636.0,623.0,626.64,322050,False,LUCK
2018-03-15,641.0,641.0,633.0,634.44,67100,False,LUCK
2018-03-14,644.5,645.0,638.0,639.0,125350,False,LUCK
2018-03-13,650.0,654.0,643.0,649.07,256150,False,LUCK
2018-03-12,635.0,653.0,634.0,649.39,342750,False,LUCK
2018-03-09,633.94,636.88,627.05,633.26,141750,False,LUCK
2018-03-08,631.08,642.0,628.01,629.91,255800,False,LUCK
2018-03-07,646.0,649.0,637.05,638.64,288750,False,LUCK
2018-03-06,654.99,671.0,646.0,648.63,375050,False,LUCK
2018-03-05,648.0,655.0,640.0,652.43,384900,False,LUCK
2018-03-02,639.0,648.85,632.01,643.99,297300,False,LUCK
2018-03-01,600.0,630.78,596.0,630.78,574450,False,LUCK
2018-02-28,591.0,603.0,589.99,600.75,375350,False,LUCK
2018-02-27,591.0,596.0,584.0,589.15,335550,False,LUCK
2018-02-26,608.94,608.94,582.5,590.26,331800,False,LUCK
2018-02-23,604.0,612.5,598.0,600.65,339050,False,LUCK
2018-02-22,592.0,610.0,580.0,603.15,420200,False,LUCK
2018-02-21,610.0,612.5,586.5,592.38,182750,False,LUCK
2018-02-20,604.88,606.12,592.0,601.29,303250,False,LUCK
2018-02-19,586.02,601.0,586.02,597.39,195650,False,LUCK
2018-02-16,574.0,590.0,574.0,586.02,100350,False,LUCK
2018-02-15,587.2,598.0,570.1,573.64,263500,False,LUCK
2018-02-14,603.0,603.0,585.0,586.94,322700,False,LUCK
2018-02-13,614.6,614.6,597.01,601.46,217550,False,LUCK
2018-02-12,611.5,618.5,605.0,608.31,251400,False,LUCK
2018-02-09,616.02,618.88,608.01,611.01,707500,False,LUCK
2018-02-08,630.12,638.0,618.0,619.98,222050,False,LUCK
2018-02-07,622.87,635.0,622.87,629.82,364750,False,LUCK
2018-02-06,628.5,628.5,601.13,616.45,266850,False,LUCK
2018-02-02,632.0,645.0,629.0,632.76,708500,False,LUCK
2018-02-01,614.95,640.99,613.0,635.04,411250,False,LUCK
2018-01-31,631.83,633.58,610.05,615.21,401650,False,LUCK
2018-01-30,639.52,643.01,625.06,631.83,219150,False,LUCK
2018-01-29,655.0,656.0,633.05,639.52,392500,False,LUCK
2018-01-26,662.0,669.0,639.95,658.49,302700,False,LUCK
2018-01-25,676.0,676.0,660.0,666.64,376250,False,LUCK
2018-01-24,655.0,678.25,645.01,677.64,742700,False,LUCK
2018-01-23,641.0,648.0,635.0,645.96,571800,False,LUCK
2018-01-22,621.5,641.0,620.25,638.49,547300,False,LUCK
2018-01-19,610.0,622.0,604.0,619.86,309650,False,LUCK
2018-01-18,613.9,619.9,594.5,607.38,805000,False,LUCK
2018-01-17,608.95,609.45,596.5,605.74,326350,False,LUCK
2018-01-16,586.4,609.67,580.0,600.52,1042550,False,LUCK
2018-01-15,575.0,585.0,571.0,580.64,438400,False,LUCK
2018-01-12,582.0,585.0,572.0,579.3,686150,False,LUCK
2018-01-11,584.25,590.0,571.81,579.36,615600,False,LUCK
2018-01-10,571.5,590.0,566.2,583.89,540650,False,LUCK
2018-01-09,572.14,576.0,559.99,570.57,509800,False,LUCK
2018-01-08,580.0,585.0,571.0,574.85,425200,False,LUCK
2018-01-05,559.99,578.0,559.99,574.9,476500,False,LUCK
2018-01-04,544.9,563.95,540.0,558.49,857900,False,LUCK
2018-01-03,540.48,552.0,535.0,543.19,656350,False,LUCK
2018-01-02,520.0,544.0,517.0,540.48,806950,False,LUCK
2018-01-01,515.0,528.0,507.0,522.93,129900,False,LUCK
2017-12-29,518.0,525.47,509.99,517.41,1226200,False,LUCK
2017-12-28,502.0,519.99,502.0,517.5,888650,False,LUCK
2017-12-27,478.8,500.38,478.8,500.25,1772150,False,LUCK
2017-12-26,476.0,492.0,460.05,476.56,743800,False,LUCK
2017-12-22,452.0,475.21,452.0,475.18,1372400,False,LUCK
2017-12-21,444.98,456.99,443.2,452.59,439600,False,LUCK
2017-12-20,452.0,459.0,440.51,447.01,324450,False,LUCK
2017-12-19,444.25,454.5,435.01,451.13,879150,False,LUCK
2017-12-18,454.99,455.0,443.07,445.8,593550,False,LUCK
2017-12-15,470.0,471.0,451.2,454.81,997000,False,LUCK
2017-12-14,471.99,473.98,465.0,468.88,74650,False,LUCK
2017-12-13,470.1,478.0,462.0,474.38,218850,False,LUCK
2017-12-12,470.5,473.01,463.0,469.17,311250,False,LUCK
2017-12-11,485.11,494.9,470.0,473.65,237250,False,LUCK
2017-12-08,490.0,500.0,489.0,493.18,231800,False,LUCK
2017-12-07,501.5,501.5,487.0,491.65,89750,False,LUCK
2017-12-06,502.0,505.0,499.0,503.41,147350,False,LUCK
2017-12-05,501.65,508.3,498.0,499.9,684250,False,LUCK
2017-12-04,493.0,501.1,492.0,500.77,213250,False,LUCK
2017-11-30,499.0,504.0,490.0,494.65,997000,False,LUCK
2017-11-29,493.0,496.5,492.0,494.52,143500,False,LUCK
2017-11-28,504.0,505.0,486.6,492.67,213650,False,LUCK
2017-11-27,505.0,508.5,498.0,504.81,148300,False,LUCK
2017-11-24,513.0,516.99,502.0,509.58,145700,False,LUCK
2017-11-23,511.0,516.0,505.15,513.24,151100,False,LUCK
2017-11-22,508.1,516.0,503.0,509.59,235350,False,LUCK
2017-11-21,506.0,516.0,505.0,506.51,275150,False,LUCK
2017-11-20,508.05,514.0,506.0,507.67,162850,False,LUCK
2017-11-17,518.9,518.9,504.99,511.46,214500,False,LUCK
2017-11-16,519.0,522.01,514.0,517.73,87750,False,LUCK
2017-11-15,517.0,528.14,515.0,517.8,547950,False,LUCK
2017-11-14,524.01,528.0,512.01,516.05,311400,False,LUCK
2017-11-13,515.0,522.0,510.0,514.51,84150,False,LUCK
2017-11-10,534.0,534.0,512.0,514.83,191200,False,LUCK
2017-11-09,537.0,542.0,527.0,531.74,466200,False,LUCK
2017-11-08,515.0,535.0,515.0,531.84,510100,False,LUCK
2017-11-07,513.0,520.5,513.0,517.13,787000,False,LUCK
2017-11-06,505.0,518.0,497.02,511.55,349000,False,LUCK
2017-11-03,495.0,515.0,488.99,510.36,276500,False,LUCK
2017-11-02,500.0,504.99,497.0,499.76,100850,False,LUCK
2017-11-01,486.83,505.0,486.83,502.9,374250,False,LUCK
2017-10-31,505.0,505.0,484.75,486.83,1038350,False,LUCK
2017-10-30,540.0,540.0,510.26,510.26,242600,False,LUCK
2017-10-27,540.0,542.0,530.0,537.11,74300,False,LUCK
2017-10-26,539.99,550.35,537.0,540.18,486000,False,LUCK
2017-10-25,525.09,539.0,518.0,536.93,218200,False,LUCK
2017-10-24,524.0,530.0,513.5,525.09,207850,False,LUCK
2017-10-23,550.0,552.0,521.02,523.71,284650,False,LUCK
2017-10-20,549.95,557.0,540.05,547.74,1357450,False,LUCK
2017-10-19,526.0,548.34,526.0,544.62,1720500,False,LUCK
2017-10-18,501.5,526.03,495.1,522.23,538250,False,LUCK
2017-10-17,513.98,520.0,498.0,500.99,298350,False,LUCK
2017-10-16,488.0,508.41,488.0,508.32,529600,False,LUCK
2017-10-13,490.0,498.0,480.5,484.2,584000,False,LUCK
2017-10-12,508.0,513.0,492.0,501.11,440300,False,LUCK
2017-10-11,510.0,517.0,495.07,507.21,409600,False,LUCK
2017-10-10,520.0,525.0,505.0,507.09,236900,False,LUCK
2017-10-09,527.01,530.0,520.0,521.09,260450,False,LUCK
2017-10-06,515.5,531.0,515.5,528.31,1726850,False,LUCK
2017-10-05,520.0,528.0,511.0,514.87,473650,False,LUCK
2017-10-04,519.0,531.0,503.0,516.29,381650,False,LUCK
2017-10-03,555.0,559.0,522.98,522.98,425500,False,LUCK
2017-10-02,563.99,570.0,548.0,550.5,105050,False,LUCK
2017-09-29,575.0,576.0,561.02,565.18,249050,False,LUCK
2017-09-28,571.08,580.11,570.1,572.25,173450,False,LUCK
2017-09-27,589.0,590.0,560.25,578.25,38200,False,LUCK
2017-09-26,594.51,599.0,584.0,587.63,115000,False,LUCK
2017-09-25,597.5,601.0,588.06,593.91,117600,False,LUCK
2017-09-22,597.45,601.0,590.0,592.37,50450,False,LUCK
2017-09-21,599.0,599.97,590.35,595.68,50150,False,LUCK
2017-09-20,602.0,605.0,596.25,599.59,343900,False,LUCK
2017-09-19,600.0,605.5,593.0,599.65,75550,False,LUCK
2017-09-18,615.0,624.89,598.54,600.08,212500,False,LUCK
2017-09-15,613.64,616.99,604.0,613.89,385600,False,LUCK
2017-09-14,599.0,610.0,598.0,607.22,363850,False,LUCK
2017-09-13,588.0,603.09,588.0,599.57,102200,False,LUCK
2017-09-12,592.99,595.0,575.25,584.68,179950,False,LUCK
2017-09-11,591.1,603.0,585.11,587.44,133850,False,LUCK
2017-09-08,580.0,598.0,580.0,596.15,171350,False,LUCK
2017-09-07,587.0,593.99,565.01,574.98,269900,False,LUCK
2017-09-06,608.94,617.0,590.0,592.18,205600,False,LUCK
2017-09-05,588.5,617.0,588.5,602.95,412300,False,LUCK
2017-08-31,615.0,617.98,590.15,597.0,343750,False,LUCK
2017-08-30,602.0,626.5,602.0,613.68,447150,False,LUCK
2017-08-29,614.99,615.0,590.01,602.78,218500,False,LUCK
2017-08-28,626.8,637.0,607.0,613.44,46550,False,LUCK
2017-08-25,614.0,625.0,592.5,620.64,346800,False,LUCK
2017-08-24,613.99,618.8,585.0,597.54,197250,False,LUCK
2017-08-23,603.0,614.0,603.0,609.19,187100,False,LUCK
2017-08-22,601.17,610.0,593.0,602.71,275900,False,LUCK
2017-08-21,657.0,657.0,623.82,623.87,139900,False,LUCK
2017-08-18,655.01,660.0,637.37,656.65,140850,False,LUCK
2017-08-17,662.0,674.9,652.0,657.06,179300,False,LUCK
2017-08-16,672.0,680.0,660.0,664.22,201900,False,LUCK
2017-08-15,702.0,704.3,668.0,672.65,362500,False,LUCK
2017-08-11,703.9,703.9,688.0,689.92,47000,False,LUCK
2017-08-10,687.99,710.0,687.99,698.26,133550,False,LUCK
2017-08-09,699.0,700.0,687.5,689.64,430000,False,LUCK
2017-08-08,700.6,701.9,695.0,697.1,246050,False,LUCK
2017-08-07,724.89,724.89,705.0,706.02,100250,False,LUCK
2017-08-04,727.95,730.0,720.0,720.17,361500,False,LUCK
2017-08-03,725.0,731.4,721.0,723.19,528650,False,LUCK
2017-08-02,706.0,727.4,705.99,722.22,856800,False,LUCK
2017-08-01,715.0,715.0,695.16,702.74,673100,False,LUCK
2017-07-31,716.0,729.9,705.0,707.85,839850,False,LUCK
2017-07-28,735.0,742.0,708.73,711.44,1550250,False,LUCK
2017-07-27,753.1,756.48,744.0,746.03,49600,False,LUCK
2017-07-26,755.01,757.0,751.0,752.53,115100,False,LUCK
2017-07-25,759.0,762.5,752.1,754.82,148250,False,LUCK
2017-07-24,761.0,765.5,752.0,758.16,70550,False,LUCK
2017-07-21,751.0,765.0,749.0,757.9,144650,False,LUCK
2017-07-20,760.7,779.0,760.0,760.73,240450,False,LUCK
2017-07-19,772.0,781.0,756.0,760.71,127500,False,LUCK
2017-07-18,746.26,775.0,746.0,771.72,141850,False,LUCK
2017-07-17,734.99,751.0,730.0,746.26,137000,False,LUCK
2017-07-14,722.5,749.0,719.99,735.0,246000,False,LUCK
2017-07-13,718.0,735.0,708.56,722.01,396100,False,LUCK
2017-07-12,730.0,737.0,706.0,715.86,466100,False,LUCK
2017-07-11,749.0,759.0,742.69,742.69,377750,False,LUCK
2017-07-10,748.0,788.5,721.0,781.77,414000,False,LUCK
2017-07-07,746.0,760.0,740.0,753.31,93600,False,LUCK
2017-07-06,773.0,774.0,742.0,752.81,322350,False,LUCK
2017-07-05,777.0,793.0,762.0,771.52,276100,False,LUCK
2017-07-04,794.2,804.0,775.0,787.99,210600,False,LUCK
2017-07-03,830.0,830.0,794.45,794.45,193550,False,LUCK
2017-06-30,840.0,849.49,835.0,836.26,169300,False,LUCK
2017-06-29,832.0,860.01,830.0,844.43,561000,False,LUCK
2017-06-22,807.0,834.9,807.0,831.75,432200,False,LUCK
2017-06-21,785.0,816.0,765.0,797.71,632900,False,LUCK
2017-06-20,816.0,816.98,777.1,788.41,636450,False,LUCK
2017-06-19,834.9,835.0,811.21,816.55,693300,False,LUCK
2017-06-16,820.0,830.0,818.0,825.79,381250,False,LUCK
2017-06-15,840.0,847.99,818.0,821.35,337600,False,LUCK
2017-06-14,857.0,860.0,842.0,846.15,222650,False,LUCK
2017-06-13,829.98,862.0,829.98,856.29,504350,False,LUCK
2017-06-12,845.0,846.0,820.0,826.33,324900,False,LUCK
2017-06-09,862.35,864.5,852.0,858.61,327000,False,LUCK
2017-06-08,860.1,868.5,859.0,862.31,299850,False,LUCK
2017-06-07,861.0,865.0,853.6,864.44,446050,False,LUCK
2017-06-06,852.5,865.0,839.99,859.08,764750,False,LUCK
2017-06-05,834.99,853.0,825.0,846.95,691900,False,LUCK
2017-06-02,807.0,830.0,794.52,818.58,1232750,False,LUCK
2017-06-01,864.0,866.0,816.26,819.09,3054550,False,LUCK
2017-05-31,899.0,900.0,856.52,859.22,7589000,False,LUCK
2017-05-30,929.99,933.9,881.0,901.6,1373600,False,LUCK
2017-05-29,950.0,954.0,918.0,925.72,1075250,False,LUCK
2017-05-26,963.24,969.0,945.02,952.45,431900,False,LUCK
2017-05-25,968.0,978.0,957.01,961.51,614600,False,LUCK
2017-05-24,959.0,972.0,954.99,963.4,674800,False,LUCK
2017-05-23,946.05,970.0,946.05,953.48,721600,False,LUCK
2017-05-22,944.99,957.5,942.5,945.87,576000,False,LUCK
2017-05-19,954.0,955.0,938.01,940.85,328150,False,LUCK
2017-05-18,973.9,973.9,950.0,951.7,376450,False,LUCK
2017-05-17,973.99,978.89,959.0,966.79,864350,False,LUCK
2017-05-16,1004.0,1005.0,968.0,969.49,582900,False,LUCK
2017-05-15,1000.0,1004.99,989.5,991.7,677050,False,LUCK
2017-05-12,988.0,1000.0,982.0,994.65,399800,False,LUCK
2017-05-11,975.0,990.0,973.0,987.94,156000,False,LUCK
2017-05-10,980.0,998.0,955.1,970.52,300350,False,LUCK
2017-05-09,971.0,1001.0,966.0,979.19,845800,False,LUCK
2017-05-08,945.0,965.0,940.0,959.96,1291050,False,LUCK
2017-05-05,904.0,942.99,902.99,937.21,356050,False,LUCK
2017-05-04,890.0,909.0,888.0,902.28,613200,False,LUCK
2017-05-03,885.0,902.0,880.0,884.06,567850,False,LUCK
2017-05-02,881.0,895.0,880.0,885.38,143500,False,LUCK
2017-04-28,877.0,887.0,876.0,881.99,483150,False,LUCK
2017-04-27,884.69,890.99,876.0,878.42,260000,False,LUCK
2017-04-26,890.0,890.0,875.0,884.69,467100,False,LUCK
2017-04-25,892.0,895.0,868.0,888.18,498900,False,LUCK
2017-04-24,895.0,903.85,890.0,891.98,394500,False,LUCK
2017-04-21,871.25,905.0,871.25,892.27,796350,False,LUCK
2017-04-20,859.0,897.34,857.0,869.99,738050,False,LUCK
2017-04-19,845.4,869.0,843.0,854.61,653700,False,LUCK
2017-04-18,858.0,858.0,850.0,853.17,343900,False,LUCK
2017-04-17,870.0,870.0,849.0,858.0,286350,False,LUCK
2017-04-14,855.0,870.0,855.0,867.3,76500,False,LUCK
2017-04-13,860.6,863.0,855.01,860.34,111050,False,LUCK
2017-04-12,872.0,872.0,861.0,863.59,148700,False,LUCK
2017-04-11,870.0,875.0,869.0,871.36,161100,False,LUCK
2017-04-10,861.0,875.0,861.0,865.68,268350,False,LUCK
2017-04-07,849.55,873.0,849.55,866.37,143000,False,LUCK
2017-04-06,844.99,851.0,844.0,849.55,222350,False,LUCK
2017-04-05,843.0,851.2,842.0,848.15,163900,False,LUCK
2017-04-04,836.0,847.0,836.0,840.19,244400,False,LUCK
2017-04-03,840.0,848.98,836.01,839.91,118350,False,LUCK
2017-03-31,843.99,843.99,828.99,837.39,251550,False,LUCK
2017-03-30,864.9,864.9,841.1,844.37,428850,False,LUCK
2017-03-29,871.85,876.5,852.0,854.61,235400,False,LUCK
2017-03-28,875.0,878.0,865.0,869.45,188750,False,LUCK
2017-03-27,884.9,889.0,870.0,878.33,403200,False,LUCK
2017-03-24,894.0,895.0,880.1,882.75,173150,False,LUCK
2017-03-22,890.01,897.0,890.0,893.42,82900,False,LUCK
2017-03-21,897.4,897.4,888.01,890.38,188750,False,LUCK
2017-03-20,890.0,895.0,886.0,893.34,150650,False,LUCK
2017-03-17,870.11,895.0,870.11,887.15,149100,False,LUCK
2017-03-16,875.0,876.01,872.11,874.56,140800,False,LUCK
2017-03-15,880.0,882.0,875.0,876.26,557550,False,LUCK
2017-03-14,889.0,889.0,865.2,875.14,1041550,False,LUCK
2017-03-13,890.0,890.0,876.0,880.89,76600,False,LUCK
2017-03-10,885.0,896.99,877.75,888.06,273400,False,LUCK
2017-03-09,875.0,890.0,874.99,886.52,258500,False,LUCK
2017-03-08,877.0,879.0,869.0,874.46,273700,False,LUCK
2017-03-07,877.0,886.0,872.25,878.84,109300,False,LUCK
2017-03-06,874.99,885.0,872.35,881.12,248400,False,LUCK
2017-03-03,875.0,875.0,867.7,870.89,1136200,False,LUCK
2017-03-02,870.0,889.99,865.1,876.76,397900,False,LUCK
2017-03-01,875.0,875.0,860.01,861.96,178800,False,LUCK
2017-02-28,878.0,878.0,866.01,870.08,102050,False,LUCK
2017-02-27,884.0,884.0,869.5,874.5,107800,False,LUCK
2017-02-24,871.13,910.0,865.0,877.55,481600,False,LUCK
2017-02-23,874.0,882.45,870.01,879.94,178950,False,LUCK
2017-02-22,870.0,884.0,870.0,878.43,441400,False,LUCK
2017-02-21,861.0,873.0,852.1,869.33,181200,False,LUCK
2017-02-20,865.0,872.99,861.51,864.94,151050,False,LUCK
2017-02-17,861.9,870.0,856.44,867.89,404350,False,LUCK
2017-02-16,854.72,865.0,853.5,861.14,397100,False,LUCK
2017-02-15,858.25,868.9,848.0,854.72,316850,False,LUCK
2017-02-14,861.0,866.0,861.0,863.68,398100,False,LUCK
2017-02-13,861.0,868.0,860.0,862.68,308250,False,LUCK
2017-02-10,854.0,863.0,853.01,860.56,334500,False,LUCK
2017-02-09,852.0,877.5,850.0,854.86,528350,False,LUCK
2017-02-08,861.0,864.0,850.0,854.44,97650,False,LUCK
2017-02-07,858.0,864.98,855.77,858.6,267200,False,LUCK
2017-02-06,855.0,863.0,854.0,859.41,201050,False,LUCK
2017-02-03,841.25,860.0,841.25,855.69,163900,False,LUCK
2017-02-02,840.15,862.0,840.0,852.46,313450,False,LUCK
2017-02-01,845.0,853.8,839.99,844.88,534950,False,LUCK
2017-01-31,854.0,855.99,829.5,836.11,506950,False,LUCK
2017-01-30,885.0,885.0,847.0,853.21,268150,False,LUCK
2017-01-27,894.99,901.0,872.0,880.71,211300,False,LUCK
2017-01-26,879.12,895.0,878.5,889.18,295550,False,LUCK
2017-01-25,879.5,885.0,877.0,879.12,149150,False,LUCK
2017-01-24,875.21,883.99,871.01,877.7,283650,False,LUCK
2017-01-23,871.5,880.9,871.5,875.22,130800,False,LUCK
2017-01-20,870.0,879.0,869.99,872.51,280900,False,LUCK
2017-01-19,857.1,874.0,857.1,866.93,317350,False,LUCK
2017-01-18,860.0,865.11,854.0,856.13,167100,False,LUCK
2017-01-17,882.0,882.0,849.01,853.71,310200,False,LUCK
2017-01-16,875.0,895.0,867.09,882.23,220400,False,LUCK
2017-01-13,881.67,885.0,875.0,876.78,171450,False,LUCK
2017-01-12,885.0,900.0,875.34,881.67,347950,False,LUCK
2017-01-11,874.0,895.95,871.0,886.87,441950,False,LUCK
2017-01-10,860.1,877.9,860.0,869.71,148550,False,LUCK
2017-01-09,855.11,876.0,855.11,863.95,283050,False,LUCK
2017-01-06,873.5,873.5,862.05,868.68,250600,False,LUCK
2017-01-05,870.9,877.98,866.01,872.45,270600,False,LUCK
2017-01-04,868.1,882.5,866.0,871.05,431900,False,LUCK
2017-01-03,846.0,875.0,846.0,871.32,402350,False,LUCK
2017-01-02,868.5,869.85,847.01,852.39,489750,False,LUCK
2016-12-30,845.0,873.0,845.0,866.26,587100,False,LUCK
2016-12-29,843.0,854.98,837.0,845.62,634850,False,LUCK
2016-12-28,836.5,853.0,835.5,840.29,423500,False,LUCK
2016-12-27,829.0,835.0,825.0,831.32,91350,False,LUCK
2016-12-26,819.38,835.05,817.12,824.28,170600,False,LUCK
2016-12-23,829.99,830.0,818.0,819.38,106400,False,LUCK
2016-12-22,820.0,834.0,820.0,823.54,200400,False,LUCK
2016-12-21,836.5,836.5,811.88,820.02,740500,False,LUCK
2016-12-20,828.0,841.0,823.95,830.07,280200,False,LUCK
2016-12-19,835.2,842.0,824.01,826.73,203750,False,LUCK
2016-12-16,845.25,865.0,822.0,833.91,784850,False,LUCK
2016-12-15,871.0,875.0,842.0,845.25,414650,False,LUCK
2016-12-14,865.0,882.99,848.0,871.64,537250,False,LUCK
2016-12-13,878.87,890.0,860.0,866.88,588500,False,LUCK
2016-12-09,856.08,856.08,852.1,856.08,684250,False,LUCK
2016-12-08,779.6,815.32,764.0,815.32,840900,False,LUCK
2016-12-07,746.89,781.0,746.89,776.5,1024150,False,LUCK
2016-12-06,741.9,763.8,740.2,746.67,1446150,False,LUCK
2016-12-05,730.0,745.0,730.0,739.13,186550,False,LUCK
2016-12-02,734.0,734.0,720.01,733.84,269550,False,LUCK
2016-12-01,734.0,736.0,727.0,730.93,125550,False,LUCK
2016-11-30,735.0,741.9,725.88,730.66,222700,False,LUCK
2016-11-29,735.49,748.0,730.0,739.34,139900,False,LUCK
2016-11-28,741.5,750.0,728.0,733.49,442200,False,LUCK
2016-11-25,735.0,752.9,729.0,740.46,318450,False,LUCK
2016-11-24,723.5,735.0,723.01,729.93,236950,False,LUCK
2016-11-23,732.9,732.9,720.0,726.01,280450,False,LUCK
2016-11-22,725.0,733.91,725.0,727.98,317550,False,LUCK
2016-11-21,737.99,737.99,723.5,726.04,192300,False,LUCK
2016-11-18,740.0,750.0,725.0,729.8,403350,False,LUCK
2016-11-17,716.99,746.95,712.1,737.88,731550,False,LUCK
2016-11-16,715.0,722.0,710.32,716.6,371250,False,LUCK
2016-11-15,714.0,717.0,710.25,713.98,142750,False,LUCK
2016-11-14,734.0,749.99,704.0,711.78,613050,False,LUCK
2016-11-11,700.0,737.0,698.08,726.68,934300,False,LUCK
2016-11-10,695.99,706.8,695.0,704.11,212550,False,LUCK
2016-11-09,691.5,697.0,680.0,691.96,222900,False,LUCK
2016-11-08,712.0,720.0,698.0,702.45,397800,False,LUCK
2016-11-07,712.99,712.99,706.0,710.23,121700,False,LUCK
2016-11-04,700.0,712.0,700.0,710.18,204450,False,LUCK
2016-11-03,700.0,705.0,696.6,700.41,298900,False,LUCK
2016-11-02,712.0,715.0,701.01,704.55,695100,False,LUCK
2016-11-01,671.0,705.08,670.0,705.08,364250,False,LUCK
2016-10-31,664.9,676.0,660.0,671.51,99100,False,LUCK
2016-10-28,655.0,668.0,654.0,666.21,82900,False,LUCK
2016-10-27,660.0,665.0,658.0,660.56,179000,False,LUCK
2016-10-26,665.01,676.0,654.0,659.33,212500,False,LUCK
2016-10-25,660.0,668.8,654.0,664.7,107350,False,LUCK
2016-10-24,662.0,671.0,660.5,661.59,76000,False,LUCK
2016-10-21,672.0,674.0,663.0,665.08,129800,False,LUCK
2016-10-20,674.99,685.0,664.9,670.01,254700,False,LUCK
2016-10-19,679.98,679.98,669.25,670.33,144650,False,LUCK
2016-10-18,684.6,684.6,671.1,672.99,152600,False,LUCK
2016-10-17,700.0,700.0,665.01,684.55,101700,False,LUCK
2016-10-14,699.89,707.0,696.0,698.44,191150,False,LUCK
2016-10-13,694.0,707.03,688.0,700.61,249150,False,LUCK
2016-10-10,706.0,706.0,692.5,694.21,200600,False,LUCK
2016-10-07,719.0,722.0,700.5,704.69,191850,False,LUCK
2016-10-06,716.0,723.0,714.0,720.26,152100,False,LUCK
2016-10-05,721.0,747.0,711.0,715.94,411400,False,LUCK
2016-10-04,718.1,720.0,708.0,714.57,404450,False,LUCK
2016-10-03,680.0,711.12,678.0,711.11,961500,False,LUCK
2016-09-30,686.99,689.98,675.0,677.26,264100,False,LUCK
2016-09-29,687.96,692.0,681.0,686.48,316450,False,LUCK
2016-09-28,681.0,688.0,675.0,685.23,154350,False,LUCK
2016-09-27,685.0,688.1,679.0,682.28,232100,False,LUCK
2016-09-26,681.2,690.0,677.5,685.78,272150,False,LUCK
2016-09-23,670.0,686.0,666.0,681.3,437700,False,LUCK
2016-09-22,655.01,670.0,655.01,667.41,84500,False,LUCK
2016-09-21,655.01,662.5,652.1,657.1,61550,False,LUCK
2016-09-20,655.0,662.5,655.0,658.45,76150,False,LUCK
2016-09-19,655.1,664.9,654.0,659.86,111450,False,LUCK
2016-09-16,650.0,668.0,650.0,660.32,181600,False,LUCK
2016-09-15,655.0,660.0,651.0,651.55,37350,False,LUCK
2016-09-09,665.0,665.0,651.0,656.61,209200,False,LUCK
2016-09-08,666.0,666.0,655.0,660.75,220950,False,LUCK
2016-09-07,665.0,668.5,656.1,662.55,229050,False,LUCK
2016-09-06,645.0,663.0,639.5,655.74,412450,False,LUCK
2016-09-05,663.0,664.9,642.0,644.73,414150,False,LUCK
2016-09-02,680.01,684.89,660.0,661.38,481250,False,LUCK
2016-09-01,690.05,693.99,677.0,680.52,227650,False,LUCK
2016-08-31,700.0,701.0,688.01,693.3,249250,False,LUCK
2016-08-30,700.0,705.0,696.1,697.64,81700,False,LUCK
2016-08-29,713.4,713.5,701.99,703.32,64800,False,LUCK
2016-08-26,703.88,712.0,700.6,707.75,204200,False,LUCK
2016-08-25,695.0,704.5,692.6,700.67,453550,False,LUCK
2016-08-24,696.0,698.0,691.01,693.14,49400,False,LUCK
2016-08-23,698.99,700.7,690.1,695.37,220900,False,LUCK
2016-08-22,697.0,700.0,689.35,698.77,77250,False,LUCK
2016-08-19,695.06,704.5,690.0,696.49,222950,False,LUCK
2016-08-18,715.0,715.0,701.0,703.14,99650,False,LUCK
2016-08-17,706.01,714.99,706.01,710.74,313300,False,LUCK
2016-08-16,699.54,723.0,699.54,705.85,436600,False,LUCK
2016-08-15,700.01,704.78,697.0,699.13,68000,False,LUCK
2016-08-12,702.0,711.0,695.1,699.52,128750,False,LUCK
2016-08-11,709.99,711.98,701.51,702.52,131950,False,LUCK
2016-08-10,687.0,706.99,687.0,705.36,582550,False,LUCK
2016-08-09,689.97,694.11,685.0,686.69,427850,False,LUCK
2016-08-08,692.0,694.0,682.01,689.6,188450,False,LUCK
2016-08-05,693.0,698.0,685.0,688.05,440450,False,LUCK
2016-08-04,705.01,711.5,691.0,695.34,354500,False,LUCK
2016-08-03,714.0,715.0,703.15,705.45,209500,False,LUCK
2016-08-02,740.0,740.0,704.98,712.14,764100,False,LUCK
2016-08-01,749.0,749.99,735.0,739.78,134450,False,LUCK
2016-07-29,735.0,744.5,735.0,742.14,249000,False,LUCK
2016-07-28,719.0,735.0,719.0,730.69,411250,False,LUCK
2016-07-27,685.0,720.0,685.0,718.9,404000,False,LUCK
2016-07-26,702.0,704.0,698.5,701.11,61550,False,LUCK
2016-07-25,705.0,712.0,698.0,701.65,158550,False,LUCK
2016-07-22,712.0,714.5,703.0,705.78,158300,False,LUCK
2016-07-21,685.5,709.0,685.5,707.2,847400,False,LUCK
2016-07-20,684.1,695.0,684.1,689.91,198450,False,LUCK
2016-07-19,691.99,692.47,685.39,689.99,132650,False,LUCK
2016-07-18,689.2,695.5,684.0,690.31,120400,False,LUCK
2016-07-15,693.0,694.98,682.0,688.31,320850,False,LUCK
2016-07-14,680.98,695.9,677.0,689.87,338400,False,LUCK
2016-07-13,688.0,688.95,677.5,680.87,533050,False,LUCK
2016-07-12,669.9,692.0,667.0,684.89,1327800,False,LUCK
2016-07-11,640.16,671.01,640.16,667.12,743600,False,LUCK
2016-07-04,646.0,656.0,640.3,644.71,167750,False,LUCK
2016-06-30,637.0,657.0,637.0,648.51,458400,False,LUCK
2016-06-29,620.0,638.99,620.0,636.45,149600,False,LUCK
2016-06-28,615.0,622.99,608.0,611.82,1075100,False,LUCK
2016-06-27,625.12,625.12,609.5,611.26,865400,False,LUCK
2016-06-24,613.4,633.0,605.0,625.37,984500,False,LUCK
2016-06-23,640.0,641.01,633.0,635.81,128100,False,LUCK
2016-06-22,648.0,662.0,638.0,642.11,401000,False,LUCK
2016-06-21,653.05,660.0,647.01,648.81,125000,False,LUCK
2016-06-20,664.99,664.99,650.25,652.01,224800,False,LUCK
2016-06-17,656.4,664.9,656.0,663.19,213700,False,LUCK
2016-06-16,652.0,666.25,651.1,659.43,877700,False,LUCK
2016-06-15,658.39,658.39,640.0,657.86,1732200,False,LUCK
2016-06-14,609.9,632.09,608.0,627.04,454400,False,LUCK
2016-06-13,610.0,610.0,599.0,603.29,400900,False,LUCK
2016-06-10,623.89,623.89,607.15,610.04,148200,False,LUCK
2016-06-09,621.0,623.0,618.05,619.6,249300,False,LUCK
2016-06-08,623.0,627.0,619.9,621.96,151700,False,LUCK
2016-06-07,613.35,627.0,612.0,625.08,157000,False,LUCK
2016-06-06,619.0,620.0,608.96,613.35,117400,False,LUCK
2016-06-03,614.95,624.9,610.1,619.49,512100,False,LUCK
2016-06-02,599.0,612.95,596.0,608.31,449500,False,LUCK
2016-06-01,595.25,599.5,592.0,596.07,131800,False,LUCK
2016-05-31,583.05,596.9,583.05,594.28,281100,False,LUCK
2016-05-30,596.2,600.0,582.25,583.81,417300,False,LUCK
2016-05-27,599.99,605.0,595.0,598.87,122100,False,LUCK
2016-05-26,597.25,599.0,595.0,597.48,115000,False,LUCK
2016-05-25,601.0,602.0,597.0,598.11,120300,False,LUCK
2016-05-24,605.5,605.5,600.0,602.3,39300,False,LUCK
2016-05-23,606.5,609.0,601.0,605.2,150600,False,LUCK
2016-05-20,602.5,606.95,601.99,602.36,91800,False,LUCK
2016-05-19,598.0,609.75,596.0,602.88,208700,False,LUCK
2016-05-18,596.9,599.0,592.06,596.53,276400,False,LUCK
2016-05-17,603.99,603.99,591.0,593.87,193600,False,LUCK
2016-05-16,600.21,603.99,598.99,601.04,54200,False,LUCK
2016-05-13,600.0,604.85,596.0,600.7,271800,False,LUCK
2016-05-12,615.0,615.11,599.01,600.63,928000,False,LUCK
2016-05-11,626.0,628.89,612.99,615.55,504700,False,LUCK
2016-05-10,615.0,628.9,609.0,624.07,417300,False,LUCK
2016-05-09,611.0,619.9,610.0,614.71,629500,False,LUCK
