date,open,high,low,close,volume,is_anomaly,symbol
2026-05-08,230.5,233.69,228.51,229.93,5009796,False,PPL
2026-05-07,233.73,237.09,230.3,234.88,7070913,False,PPL
2026-05-06,222.0,237.38,222.0,232.72,17196634,False,PPL
2026-05-05,208.0,218.0,205.51,215.97,6318068,False,PPL
2026-05-04,210.89,216.4,207.0,209.17,6457740,False,PPL
2026-04-30,215.9,216.0,202.1,206.64,7936437,False,PPL
2026-04-29,226.0,227.89,216.5,217.89,5253360,False,PPL
2026-04-28,226.0,228.45,225.0,225.47,2827974,False,PPL
2026-04-27,230.5,234.95,227.5,228.59,3699011,False,PPL
2026-04-24,225.97,234.2,223.01,232.0,4898935,False,PPL
2026-04-23,233.4,233.5,226.51,228.23,2782143,False,PPL
2026-04-22,238.0,239.65,233.15,234.04,4634600,False,PPL
2026-04-21,242.01,243.45,238.0,239.56,6228671,False,PPL
2026-04-20,235.0,246.88,232.0,239.77,15032761,False,PPL
2026-04-17,230.25,241.8,227.5,238.43,13606643,False,PPL
2026-04-16,225.1,231.0,225.07,228.28,11449484,False,PPL
2026-04-15,226.9,226.9,221.06,221.97,6856960,False,PPL
2026-04-14,219.0,220.48,218.0,218.7,3366537,False,PPL
2026-04-13,220.0,221.9,213.0,214.47,5881650,False,PPL
2026-04-10,225.0,227.0,222.65,224.47,6554328,False,PPL
2026-04-09,225.98,226.45,221.0,224.09,8698610,False,PPL
2026-04-08,227.83,227.83,221.0,227.83,10190331,False,PPL
2026-04-07,204.94,208.4,203.6,207.12,4851678,False,PPL
2026-04-06,201.09,209.25,199.5,207.65,8689659,False,PPL
2026-04-03,196.0,207.25,196.0,201.08,6832475,False,PPL
2026-04-02,203.99,204.0,198.02,201.21,4639788,False,PPL
2026-04-01,205.0,213.05,204.25,209.51,12063067,False,PPL
2026-03-31,197.0,203.5,195.11,198.18,6638718,False,PPL
2026-03-30,202.99,203.0,186.9,196.68,12435449,False,PPL
2026-03-27,207.98,209.35,201.12,204.68,9022230,False,PPL
2026-03-26,219.0,219.35,209.0,210.88,5094295,False,PPL
2026-03-25,217.0,222.0,216.8,220.45,7654744,False,PPL
2026-03-24,220.0,221.0,213.54,214.76,5723725,False,PPL
2026-03-19,216.49,216.49,210.5,213.83,5061334,False,PPL
2026-03-18,208.0,221.5,205.5,219.37,6977036,False,PPL
2026-03-17,204.0,207.33,200.1,206.57,3162497,False,PPL
2026-03-16,210.11,211.8,200.71,202.25,2014102,False,PPL
2026-03-13,209.48,212.0,206.2,209.5,2830883,False,PPL
2026-03-12,210.0,216.47,208.0,210.62,3524255,False,PPL
2026-03-11,224.87,224.87,213.06,214.74,4188514,False,PPL
2026-03-10,219.8,224.5,215.1,220.36,7999142,False,PPL
2026-03-09,213.5,213.5,194.06,204.77,12834557,False,PPL
2026-03-06,218.59,219.5,210.51,214.75,8520034,False,PPL
2026-03-05,205.07,222.0,205.0,218.4,14694443,False,PPL
2026-03-04,199.0,205.5,196.1,204.21,21869075,False,PPL
2026-03-03,195.0,205.0,191.11,199.56,12292894,False,PPL
2026-03-02,195.08,211.0,195.08,195.08,13764333,False,PPL
2026-02-27,217.95,220.99,214.55,216.75,4604802,False,PPL
2026-02-26,211.0,221.0,206.11,220.08,9738299,False,PPL
2026-02-25,220.6,221.5,212.0,213.51,4912692,False,PPL
2026-02-24,221.24,226.0,218.0,219.59,8211875,False,PPL
2026-02-23,228.87,233.25,219.8,221.25,4854882,False,PPL
2026-02-20,224.9,231.0,224.5,229.02,6429530,False,PPL
2026-02-19,237.0,237.0,220.0,223.74,7692389,False,PPL
2026-02-18,236.5,238.9,231.15,236.86,27579038,False,PPL
2026-02-17,232.51,237.6,230.01,234.94,8118106,False,PPL
2026-02-16,237.0,241.0,228.1,231.09,11761441,False,PPL
2026-02-13,234.0,238.0,228.97,236.27,12912392,False,PPL
2026-02-12,248.0,249.0,232.2,237.17,16498955,False,PPL
2026-02-11,252.7,254.74,246.97,248.39,2785382,False,PPL
2026-02-10,256.0,256.99,251.01,252.68,4729945,False,PPL
2026-02-09,265.56,265.56,247.2,253.84,17062278,False,PPL
2026-02-06,276.5,276.5,259.9,261.47,20337428,False,PPL
2026-02-04,277.01,279.33,273.65,275.26,2504197,False,PPL
2026-02-03,280.4,282.12,276.5,277.26,4693208,False,PPL
2026-02-02,275.15,282.0,273.8,279.32,5553735,False,PPL
2026-01-30,273.11,284.6,273.03,277.34,9291919,False,PPL
2026-01-29,282.0,284.2,270.5,272.15,13530951,False,PPL
2026-01-28,275.77,283.64,275.0,281.52,9438281,False,PPL
2026-01-27,268.5,276.0,266.05,273.56,8393339,False,PPL
2026-01-26,270.99,273.85,268.0,269.85,4548230,False,PPL
2026-01-23,275.2,276.01,269.25,271.97,4778757,False,PPL
2026-01-22,274.46,279.0,270.7,275.15,8394693,False,PPL
2026-01-21,271.5,278.39,271.3,273.74,14591993,False,PPL
2026-01-20,269.79,272.6,262.2,271.18,10697889,False,PPL
2026-01-19,266.5,269.99,263.01,264.75,10539970,False,PPL
2026-01-16,251.51,266.0,251.1,264.76,24058939,False,PPL
2026-01-15,247.5,253.9,244.0,249.88,14984930,False,PPL
2026-01-14,240.8,247.0,239.12,245.17,22568863,False,PPL
2026-01-13,238.0,241.23,234.25,240.06,10712254,False,PPL
2026-01-12,238.29,240.75,236.2,237.02,3857799,False,PPL
2026-01-09,242.7,244.0,238.5,240.29,7815863,False,PPL
2026-01-08,249.0,249.4,241.0,242.07,10772067,False,PPL
2026-01-07,240.8,250.48,240.8,246.55,16964989,False,PPL
2026-01-06,243.96,243.97,236.76,240.32,18835697,False,PPL
2026-01-05,244.4,252.5,240.01,243.12,12948732,False,PPL
2026-01-02,236.7,248.5,235.79,243.97,13641163,False,PPL
2026-01-01,235.55,239.7,235.1,236.73,7236560,False,PPL
2025-12-31,235.48,238.87,233.15,235.55,9144559,False,PPL
2025-12-30,230.79,235.62,229.61,234.76,9807967,False,PPL
2025-12-29,228.9,230.55,225.75,229.73,9686284,False,PPL
2025-12-26,221.02,228.4,220.5,227.36,9526463,False,PPL
2025-12-24,218.7,222.0,217.6,221.02,4271097,False,PPL
2025-12-23,219.05,219.49,215.7,217.17,3101795,False,PPL
2025-12-22,219.51,220.8,217.72,218.46,2314369,False,PPL
2025-12-19,221.5,224.0,218.01,219.33,5985255,False,PPL
2025-12-18,222.0,222.75,219.25,220.81,4695257,False,PPL
2025-12-17,224.99,225.75,220.9,221.4,6261232,False,PPL
2025-12-16,231.0,232.1,223.41,224.15,7154475,False,PPL
2025-12-15,224.01,230.79,224.01,228.98,18843356,False,PPL
2025-12-12,219.45,222.0,215.67,220.27,10127468,False,PPL
2025-12-11,220.0,220.0,215.81,217.04,7201014,False,PPL
2025-12-10,218.88,219.49,214.7,215.39,4677200,False,PPL
2025-12-09,221.5,222.0,217.8,218.73,6840762,False,PPL
2025-12-08,220.0,223.0,219.0,219.43,11858492,False,PPL
2025-12-05,213.48,218.9,211.0,217.34,19146182,False,PPL
2025-12-04,208.11,211.99,206.57,210.63,4984118,False,PPL
2025-12-03,209.0,209.99,206.0,209.14,8112515,False,PPL
2025-12-02,213.51,213.51,207.76,208.24,11028041,False,PPL
2025-12-01,212.0,215.5,208.05,213.17,18633041,False,PPL
2025-11-28,207.3,212.4,206.51,210.52,17027874,False,PPL
2025-11-27,199.85,207.0,199.02,205.42,12244212,False,PPL
2025-11-26,196.97,200.5,193.5,198.54,7589002,False,PPL
2025-11-25,200.0,200.24,196.5,197.12,2999769,False,PPL
2025-11-24,200.21,202.95,198.58,199.21,4937856,False,PPL
2025-11-21,202.99,205.25,200.4,201.54,6926256,False,PPL
2025-11-20,203.99,206.4,202.1,204.57,17861876,False,PPL
2025-11-19,194.25,203.45,192.0,201.02,21542517,False,PPL
2025-11-18,194.55,195.75,192.7,193.39,3701196,False,PPL
2025-11-17,195.0,198.3,193.4,194.6,10648032,False,PPL
2025-11-14,189.3,196.25,188.94,193.05,16062359,False,PPL
2025-11-13,188.5,189.95,186.88,188.94,3832066,False,PPL
2025-11-12,184.99,191.45,184.54,186.62,10397642,False,PPL
2025-11-11,190.48,190.5,183.0,183.66,7404040,False,PPL
2025-11-10,187.0,190.88,185.15,189.59,5776950,False,PPL
2025-11-07,183.55,187.25,183.04,186.19,2832884,False,PPL
2025-11-06,185.74,186.0,182.24,183.16,2613582,False,PPL
2025-11-05,187.67,189.0,183.0,184.54,3768039,False,PPL
2025-11-04,187.24,187.24,182.81,185.01,4273787,False,PPL
2025-11-03,189.0,191.0,186.9,187.24,5430158,False,PPL
2025-10-31,184.51,189.0,184.51,187.61,6491016,False,PPL
2025-10-30,187.03,187.7,181.5,182.92,5004185,False,PPL
2025-10-29,186.98,189.49,184.1,186.07,7181993,False,PPL
2025-10-28,191.45,193.0,186.0,186.88,4150514,False,PPL
2025-10-27,194.95,195.5,190.66,191.18,4779337,False,PPL
2025-10-24,195.05,198.6,193.65,195.09,9531929,False,PPL
2025-10-23,196.0,199.89,193.55,194.47,10901523,False,PPL
2025-10-22,188.68,198.98,187.0,194.73,19304493,False,PPL
2025-10-21,187.4,191.2,186.02,188.68,9705378,False,PPL
2025-10-20,183.05,187.0,182.6,185.46,5670242,False,PPL
2025-10-17,184.91,185.6,181.8,182.3,4784202,False,PPL
2025-10-16,185.25,188.1,183.6,186.12,6743646,False,PPL
2025-10-15,190.0,192.88,183.7,184.65,13517917,False,PPL
2025-10-14,183.48,189.5,182.7,188.39,11748831,False,PPL
2025-10-13,187.0,187.45,178.9,180.19,17452681,False,PPL
2025-10-10,193.12,193.5,189.0,189.89,6248787,False,PPL
2025-10-09,196.0,199.0,192.9,193.8,4742778,False,PPL
2025-10-08,197.43,201.75,195.0,195.64,6934556,False,PPL
2025-10-07,203.1,203.47,196.56,197.43,7937403,False,PPL
2025-10-06,201.9,203.35,197.03,202.72,5939913,False,PPL
2025-10-03,203.9,206.0,202.0,202.41,3969859,False,PPL
2025-10-02,205.0,206.48,202.4,203.44,5626743,False,PPL
2025-10-01,208.0,209.99,203.01,204.69,6827405,False,PPL
2025-09-30,208.17,211.75,206.75,207.58,9116953,False,PPL
2025-09-29,209.7,209.88,206.12,208.17,6828048,False,PPL
2025-09-26,205.0,212.35,202.51,208.82,17782680,False,PPL
2025-09-25,202.92,206.0,200.01,203.31,19064352,False,PPL
2025-09-24,195.41,205.3,194.2,200.52,38578188,False,PPL
2025-09-23,193.51,199.45,191.25,192.19,20927521,False,PPL
2025-09-22,191.0,193.9,189.5,192.75,11690566,False,PPL
2025-09-19,192.49,197.8,189.72,191.09,19520155,False,PPL
2025-09-18,193.49,193.49,190.0,191.74,7603706,False,PPL
2025-09-17,193.26,193.9,188.76,189.42,8463293,False,PPL
2025-09-16,190.5,192.74,189.6,192.0,5336128,False,PPL
2025-09-15,189.35,191.99,188.0,189.95,3542898,False,PPL
2025-09-12,192.01,192.5,188.0,189.31,5890943,False,PPL
2025-09-11,197.0,197.99,190.52,191.16,8635840,False,PPL
2025-09-10,191.53,199.8,191.5,196.06,27646279,False,PPL
2025-09-09,192.45,193.99,188.6,192.58,14851437,False,PPL
2025-09-08,189.89,191.51,187.9,190.51,12940376,False,PPL
2025-09-05,181.25,189.4,181.25,186.74,18214692,False,PPL
2025-09-04,181.0,182.99,180.23,180.89,5574117,False,PPL
2025-09-03,179.0,183.5,178.0,180.88,11055445,False,PPL
2025-09-02,180.5,181.0,178.25,178.56,4553947,False,PPL
2025-09-01,177.51,179.88,175.9,179.12,6553568,False,PPL
2025-08-29,178.49,181.98,176.5,177.31,8173971,False,PPL
2025-08-28,177.15,178.52,176.12,177.54,2453372,False,PPL
2025-08-27,179.0,179.0,175.8,176.67,4235219,False,PPL
2025-08-26,180.0,180.45,178.49,178.66,2939273,False,PPL
2025-08-25,180.5,181.0,178.12,178.52,2517419,False,PPL
2025-08-22,181.2,183.1,179.5,180.24,7565917,False,PPL
2025-08-21,181.01,183.85,176.01,180.13,12255013,False,PPL
2025-08-20,180.84,183.28,179.9,180.79,4564827,False,PPL
2025-08-19,183.88,183.99,180.11,180.84,5597497,False,PPL
2025-08-18,179.44,184.09,177.61,183.5,8167684,False,PPL
2025-08-15,182.99,184.4,178.1,179.44,5161306,False,PPL
2025-08-13,186.99,186.99,182.1,183.34,14261626,False,PPL
2025-08-12,190.25,190.9,185.5,187.3,16539375,False,PPL
2025-08-11,188.0,190.87,185.05,189.9,14489018,False,PPL
2025-08-08,190.9,193.49,186.51,188.23,21967632,False,PPL
2025-08-07,181.4,191.78,180.3,189.74,33121252,False,PPL
2025-08-06,178.75,181.64,176.6,180.33,9327089,False,PPL
2025-08-05,179.02,179.95,176.5,177.69,8099690,False,PPL
2025-08-04,185.0,186.3,179.0,179.97,15436821,False,PPL
2025-08-01,170.97,186.79,168.0,181.78,43041726,False,PPL
2025-07-31,170.0,173.5,168.11,169.81,21087934,False,PPL
2025-07-30,166.0,166.7,164.5,165.44,1888950,False,PPL
2025-07-29,168.49,168.9,165.25,165.8,1823166,False,PPL
2025-07-28,170.0,170.51,167.55,168.28,4612077,False,PPL
2025-07-25,166.03,168.18,165.21,167.31,3075713,False,PPL
2025-07-24,168.3,170.9,165.8,166.37,3923893,False,PPL
2025-07-23,168.5,172.26,167.5,168.15,6596758,False,PPL
2025-07-22,163.5,169.99,163.5,167.7,11239223,False,PPL
2025-07-21,163.01,164.5,161.13,163.1,2758846,False,PPL
2025-07-18,164.51,165.55,162.65,163.05,2846193,False,PPL
2025-07-17,164.44,167.24,162.75,163.96,9099762,False,PPL
2025-07-16,165.4,166.3,162.45,163.47,4372638,False,PPL
2025-07-15,168.76,169.81,165.0,165.47,4005017,False,PPL
2025-07-14,170.15,170.75,168.15,168.76,2441870,False,PPL
2025-07-11,169.99,171.5,169.6,169.94,3020038,False,PPL
2025-07-10,170.92,171.6,169.1,169.95,2249403,False,PPL
2025-07-09,172.67,173.6,170.0,170.92,2994146,False,PPL
2025-07-08,174.05,174.95,171.75,172.67,5419141,False,PPL
2025-07-07,172.07,174.0,171.11,173.5,3859123,False,PPL
2025-07-04,175.7,176.3,171.64,172.35,3850794,False,PPL
2025-07-03,173.89,175.8,172.75,175.09,11545075,False,PPL
2025-07-02,170.9,172.85,169.5,172.07,8211705,False,PPL
2025-07-01,170.15,171.9,168.6,169.86,3008775,False,PPL
2025-06-30,173.7,174.0,169.0,170.17,4616753,False,PPL
2025-06-27,168.11,175.9,167.55,171.2,11415124,False,PPL
2025-06-26,166.75,170.55,166.6,167.96,8561198,False,PPL
2025-06-25,167.25,169.3,165.99,166.64,4810323,False,PPL
2025-06-24,163.9,168.66,161.0,167.24,9849420,False,PPL
2025-06-23,161.0,162.35,151.3,153.33,5839530,False,PPL
2025-06-20,163.0,165.6,162.3,163.63,2457753,False,PPL
2025-06-19,167.9,167.9,161.4,162.42,3866933,False,PPL
2025-06-18,167.99,167.99,162.8,163.44,3761801,False,PPL
2025-06-17,166.9,168.8,165.65,167.42,4270851,False,PPL
2025-06-16,167.11,169.39,166.8,167.23,2302616,False,PPL
2025-06-13,168.0,171.0,166.1,167.09,4703098,False,PPL
2025-06-12,174.51,177.3,170.0,170.99,7250066,False,PPL
2025-06-11,168.0,177.0,168.0,174.37,14506340,False,PPL
2025-06-10,167.9,167.9,165.0,165.47,2153047,False,PPL
2025-06-05,168.48,168.8,166.0,166.55,1899901,False,PPL
2025-06-04,166.3,170.0,165.5,168.4,5665764,False,PPL
2025-06-03,163.5,166.15,163.0,165.33,2923919,False,PPL
2025-06-02,167.75,171.2,161.45,163.39,7625394,False,PPL
2025-05-30,168.26,168.89,166.0,166.35,3378953,False,PPL
2025-05-29,168.51,170.5,167.25,168.09,3075288,False,PPL
2025-05-27,166.9,169.0,165.26,167.46,4091914,False,PPL
2025-05-26,167.53,168.94,163.65,165.81,5383521,False,PPL
2025-05-23,170.07,171.45,166.6,169.04,2998829,False,PPL
2025-05-22,176.0,176.79,169.25,170.33,5966198,False,PPL
2025-05-21,173.8,175.98,172.25,175.29,3768908,False,PPL
2025-05-20,176.0,177.0,172.21,173.05,3476404,False,PPL
2025-05-19,174.4,177.99,172.6,175.75,8304279,False,PPL
2025-05-16,174.0,175.5,171.5,172.39,4626039,False,PPL
2025-05-15,170.0,178.0,170.0,173.25,16962449,False,PPL
2025-05-14,169.99,172.3,166.75,169.91,11785256,False,PPL
2025-05-13,160.0,168.03,158.01,168.03,19195618,False,PPL
2025-05-12,152.75,152.75,152.75,152.75,750845,False,PPL
2025-05-09,132.0,140.0,128.56,138.86,9179993,False,PPL
2025-05-08,147.1,149.25,130.75,131.91,12205184,False,PPL
2025-05-07,141.0,150.0,141.0,145.28,8361342,False,PPL
2025-05-06,149.75,154.95,148.5,151.8,7329525,False,PPL
2025-05-05,148.5,150.95,147.0,148.48,3143530,False,PPL
2025-05-02,151.9,153.02,149.15,150.83,4500222,False,PPL
2025-04-30,153.5,154.0,147.5,148.6,7166892,False,PPL
2025-04-29,160.25,161.5,154.0,157.1,5810849,False,PPL
2025-04-28,166.0,166.48,159.1,160.25,2025805,False,PPL
2025-04-25,167.0,168.0,159.0,164.05,6004748,False,PPL
2025-04-24,168.9,168.9,166.0,166.4,3762973,False,PPL
2025-04-23,171.0,172.49,168.75,169.82,3967268,False,PPL
2025-04-22,171.01,172.3,170.0,170.66,1728318,False,PPL
2025-04-21,171.0,172.0,169.5,170.81,2099090,False,PPL
2025-04-18,172.9,173.65,169.11,170.9,4135709,False,PPL
2025-04-17,169.68,171.99,169.1,171.74,3149647,False,PPL
2025-04-16,174.75,175.0,168.55,169.68,7933219,False,PPL
2025-04-15,171.5,174.85,170.5,172.71,6856730,False,PPL
2025-04-14,171.49,173.44,168.53,171.28,3761906,False,PPL
2025-04-11,173.88,173.88,168.4,169.6,4250714,False,PPL
2025-04-10,175.5,177.9,172.79,173.87,4253979,False,PPL
2025-04-09,173.8,173.9,164.11,168.77,5789175,False,PPL
2025-04-08,177.4,178.49,173.0,174.22,4802064,False,PPL
2025-04-07,184.0,184.0,167.33,174.79,8401012,False,PPL
2025-04-04,193.0,193.25,185.2,185.92,4523518,False,PPL
2025-04-03,189.87,192.49,188.05,191.8,4796657,False,PPL
2025-03-27,193.7,193.7,190.3,191.48,4400671,False,PPL
2025-03-26,194.0,194.4,185.63,193.3,15934134,False,PPL
2025-03-25,183.5,187.5,181.25,185.48,4550121,False,PPL
2025-03-24,191.38,192.38,183.25,184.5,4209721,False,PPL
2025-03-21,192.7,193.6,190.1,191.38,2607697,False,PPL
2025-03-20,191.88,193.8,190.1,192.27,7669794,False,PPL
2025-03-19,187.1,190.43,185.5,189.65,4237123,False,PPL
2025-03-18,186.0,190.0,185.6,187.05,7168874,False,PPL
2025-03-17,185.79,185.95,182.85,184.09,3753006,False,PPL
2025-03-14,186.0,186.15,182.1,183.08,2371832,False,PPL
2025-03-13,183.87,185.99,183.3,184.62,4259010,False,PPL
2025-03-12,186.5,188.5,183.01,184.23,7291302,False,PPL
2025-03-11,180.0,188.29,177.26,186.67,10010242,False,PPL
2025-03-10,183.48,185.2,180.2,181.48,4219714,False,PPL
2025-03-07,185.0,191.9,185.0,186.63,12810997,False,PPL
2025-03-06,171.48,184.99,170.9,183.99,16644912,False,PPL
2025-03-05,173.24,173.98,170.7,171.11,1151122,False,PPL
2025-03-04,171.0,173.5,171.0,172.75,1523997,False,PPL
2025-03-03,174.99,174.99,170.5,170.87,2127865,False,PPL
2025-02-28,174.98,175.99,171.0,173.29,4593938,False,PPL
2025-02-27,173.0,176.7,172.5,175.0,4966204,False,PPL
2025-02-26,176.2,177.0,172.01,172.86,2027867,False,PPL
2025-02-25,180.0,183.95,175.62,176.76,7935178,False,PPL
2025-02-24,171.0,180.0,169.6,178.06,5965581,False,PPL
2025-02-21,175.0,175.84,171.91,172.21,837321,False,PPL
2025-02-20,173.85,178.0,172.48,174.44,4254300,False,PPL
2025-02-19,175.55,176.5,171.99,173.65,1544507,False,PPL
2025-02-18,171.95,175.0,170.22,174.61,2556136,False,PPL
2025-02-17,173.62,175.2,170.02,170.54,1743077,False,PPL
2025-02-14,179.0,180.4,172.91,173.46,2861448,False,PPL
2025-02-13,183.9,186.0,177.1,178.84,4419469,False,PPL
2025-02-12,180.8,185.0,178.5,183.73,5241599,False,PPL
2025-02-11,174.4,182.75,172.7,180.41,9793093,False,PPL
2025-02-10,167.99,173.45,166.6,171.88,2574660,False,PPL
2025-02-07,167.49,169.94,166.8,168.09,4674257,False,PPL
2025-02-06,173.0,173.0,165.5,167.89,9081125,False,PPL
2025-02-04,176.0,177.1,170.65,172.28,2091906,False,PPL
2025-02-03,180.0,180.0,174.68,175.05,2275255,False,PPL
2025-01-31,180.0,182.5,178.0,178.91,3454910,False,PPL
2025-01-30,174.99,179.8,174.55,178.56,3565880,False,PPL
2025-01-29,174.0,176.1,170.5,174.25,3428136,False,PPL
2025-01-28,179.0,179.0,172.32,173.91,4648597,False,PPL
2025-01-27,182.99,183.1,177.0,177.92,3981139,False,PPL
2025-01-24,182.51,185.1,181.0,181.46,2228994,False,PPL
2025-01-23,183.0,185.5,181.03,182.35,3426908,False,PPL
2025-01-22,186.22,186.95,181.51,182.19,8082496,False,PPL
2025-01-21,190.35,190.7,184.0,185.93,2702438,False,PPL
2025-01-20,192.0,193.05,188.0,188.76,3295799,False,PPL
2025-01-17,187.9,192.0,185.5,190.6,5910869,False,PPL
2025-01-16,192.0,192.0,186.5,187.12,3562635,False,PPL
2025-01-15,193.0,195.0,189.6,190.86,5255518,False,PPL
2025-01-14,195.0,195.1,191.8,192.73,3315257,False,PPL
2025-01-13,197.0,198.99,191.95,194.3,5825285,False,PPL
2025-01-10,182.0,196.1,181.0,193.09,8800365,False,PPL
2025-01-09,183.0,187.0,180.5,183.57,5428776,False,PPL
2025-01-08,189.0,193.49,182.0,183.03,7135842,False,PPL
2025-01-07,191.5,191.9,180.0,189.03,15090927,False,PPL
2025-01-06,193.5,196.5,188.0,189.6,7124777,False,PPL
2025-01-03,198.24,198.25,190.01,193.01,4660650,False,PPL
2025-01-02,204.0,204.25,196.98,198.24,4894624,False,PPL
2025-01-01,202.0,206.5,199.0,203.13,5401092,False,PPL
2024-12-31,213.97,213.97,202.0,203.55,8660922,False,PPL
2024-12-30,194.0,199.5,193.9,198.96,4663184,False,PPL
2024-12-27,192.0,197.79,189.0,191.53,3963604,False,PPL
2024-12-26,200.35,201.6,188.5,191.66,6617599,False,PPL
2024-12-24,205.01,216.5,198.04,200.35,18478097,False,PPL
2024-12-23,194.0,205.38,193.2,203.34,12654689,False,PPL
2024-12-20,189.0,196.0,182.0,193.08,6581109,False,PPL
2024-12-19,196.76,200.5,186.5,190.32,12958658,False,PPL
2024-12-18,209.01,214.9,195.51,197.88,14054714,False,PPL
2024-12-17,211.7,215.2,202.5,205.85,7373271,False,PPL
2024-12-16,204.45,214.98,203.0,211.4,14037093,False,PPL
2024-12-13,203.0,204.89,195.0,201.45,13532441,False,PPL
2024-12-12,186.0,203.0,186.0,199.93,11138351,False,PPL
2024-12-11,174.8,187.47,174.8,185.41,14203556,False,PPL
2024-12-10,178.0,178.8,171.26,174.07,5471951,False,PPL
2024-12-09,174.57,179.1,172.25,176.26,8308524,False,PPL
2024-12-06,177.51,179.2,173.25,174.57,5483212,False,PPL
2024-12-05,169.99,177.7,167.25,175.5,12211804,False,PPL
2024-12-04,167.5,169.65,164.52,167.38,5335254,False,PPL
2024-12-03,167.0,168.85,162.9,166.56,4872039,False,PPL
2024-12-02,169.63,173.9,164.67,167.17,11429845,False,PPL
2024-11-29,164.25,170.97,161.25,168.02,11595055,False,PPL
2024-11-28,154.99,165.0,154.11,163.85,13297913,False,PPL
2024-11-27,150.01,153.95,149.0,152.67,4313776,False,PPL
2024-11-26,154.0,154.0,141.9,143.7,6980152,False,PPL
2024-11-25,156.0,156.0,152.5,154.07,2359325,False,PPL
2024-11-22,158.5,162.39,154.66,155.45,6522334,False,PPL
2024-11-21,155.9,159.85,154.0,157.92,5519695,False,PPL
2024-11-20,156.0,160.3,154.0,155.77,8034314,False,PPL
2024-11-19,154.74,157.5,153.8,155.82,4297229,False,PPL
2024-11-18,153.0,155.0,152.5,153.79,1819912,False,PPL
2024-11-15,152.5,155.89,151.03,152.68,4726511,False,PPL
2024-11-14,150.7,154.98,150.5,152.53,7079954,False,PPL
2024-11-13,151.5,152.95,149.15,150.06,3662335,False,PPL
2024-11-12,154.85,155.0,150.01,151.17,4370095,False,PPL
2024-11-11,150.9,155.5,150.45,154.16,10241549,False,PPL
2024-11-08,147.25,151.6,145.65,150.07,8609273,False,PPL
2024-11-07,147.25,149.0,145.15,147.62,6540226,False,PPL
2024-11-06,145.98,147.95,144.9,145.84,5906750,False,PPL
2024-11-05,149.1,149.24,144.3,147.09,7607170,False,PPL
2024-11-04,153.5,156.49,144.26,147.77,21689618,False,PPL
2024-11-01,142.25,153.4,140.5,151.9,21652690,False,PPL
2024-10-31,143.0,144.4,140.03,141.53,8653799,False,PPL
2024-10-30,140.97,146.3,140.8,143.0,15770976,False,PPL
2024-10-29,139.44,141.0,135.75,139.27,12415812,False,PPL
2024-10-28,136.44,144.21,136.22,138.51,11457053,False,PPL
2024-10-25,134.7,143.0,134.39,136.17,16490623,False,PPL
2024-10-24,131.5,136.5,131.5,133.37,7642857,False,PPL
2024-10-23,130.2,131.7,128.12,130.95,3130622,False,PPL
2024-10-22,129.5,131.81,129.5,130.17,2965363,False,PPL
2024-10-21,127.25,130.1,127.25,129.5,2433398,False,PPL
2024-10-18,131.45,131.7,127.5,128.65,3741919,False,PPL
2024-10-17,134.0,134.5,130.4,131.3,3455452,False,PPL
2024-10-16,129.0,134.0,129.0,133.05,9575211,False,PPL
2024-10-15,131.0,132.9,129.0,131.06,7285568,False,PPL
2024-10-14,131.5,133.0,129.5,130.47,3407579,False,PPL
2024-10-11,132.51,136.5,130.49,131.74,7589810,False,PPL
2024-10-10,126.06,134.65,124.9,132.25,23209702,False,PPL
2024-10-09,128.0,131.32,125.0,126.27,10469232,False,PPL
2024-10-08,126.7,130.5,126.7,128.12,21544867,False,PPL
2024-10-07,118.43,127.9,117.01,126.69,40779930,False,PPL
2024-10-04,111.0,119.55,111.0,118.6,21636537,False,PPL
2024-10-03,108.9,112.72,108.9,111.46,5753536,False,PPL
2024-10-02,108.49,109.75,107.5,108.89,2279840,False,PPL
2024-10-01,107.0,109.1,106.4,108.59,3126778,False,PPL
2024-09-30,107.7,108.0,106.4,106.82,1370058,False,PPL
2024-09-27,108.11,109.0,107.05,107.6,1512540,False,PPL
2024-09-26,110.1,110.74,107.41,107.78,3651625,False,PPL
2024-09-25,108.49,109.61,107.7,108.77,3972481,False,PPL
2024-09-24,110.46,110.59,106.8,107.99,4806350,False,PPL
2024-09-23,112.9,112.99,109.5,109.92,3329304,False,PPL
2024-09-20,116.9,117.45,110.15,113.24,15667189,False,PPL
2024-09-19,114.55,117.0,114.55,116.32,4523091,False,PPL
2024-09-18,114.51,115.01,114.01,114.51,1396232,False,PPL
2024-09-16,114.06,115.3,113.78,114.5,892091,False,PPL
2024-09-13,115.98,116.01,114.05,114.59,2868404,False,PPL
2024-09-12,112.94,113.9,112.5,113.41,1355776,False,PPL
2024-09-11,113.05,113.4,112.28,112.6,604730,False,PPL
2024-09-10,112.74,113.5,111.6,112.52,1356688,False,PPL
2024-09-09,113.5,114.0,112.01,112.3,523388,False,PPL
2024-09-06,113.2,113.35,112.01,112.44,511489,False,PPL
2024-09-05,113.1,113.63,112.3,113.01,1573922,False,PPL
2024-09-04,112.7,114.25,112.5,113.06,3432563,False,PPL
2024-09-03,111.55,112.55,111.45,112.18,872874,False,PPL
2024-09-02,111.1,113.25,111.0,111.5,2692949,False,PPL
2024-08-30,112.01,112.3,110.5,110.61,2002963,False,PPL
2024-08-29,112.47,112.6,111.61,111.82,986713,False,PPL
2024-08-28,113.4,113.48,111.7,111.87,871232,False,PPL
2024-08-27,113.5,115.2,111.95,112.12,2668306,False,PPL
2024-08-26,113.0,113.6,112.2,112.48,728553,False,PPL
2024-08-23,113.79,113.8,112.4,112.56,1185722,False,PPL
2024-08-22,112.9,114.4,112.5,112.97,1403197,False,PPL
2024-08-21,112.12,113.75,112.05,112.61,1213981,False,PPL
2024-08-20,111.51,112.85,111.21,112.49,526606,False,PPL
2024-08-19,112.01,113.1,111.11,111.94,845466,False,PPL
2024-08-16,112.5,113.34,111.01,111.11,783081,False,PPL
2024-08-15,112.43,113.28,112.0,112.4,902512,False,PPL
2024-08-13,112.42,113.29,111.5,111.9,1207129,False,PPL
2024-08-12,114.48,114.6,112.0,112.42,2429323,False,PPL
2024-08-09,115.44,115.9,113.01,113.92,4215892,False,PPL
2024-08-08,111.01,116.5,110.1,114.13,11665371,False,PPL
2024-08-07,112.2,112.99,110.25,110.64,2268140,False,PPL
2024-08-06,113.5,113.98,111.35,111.64,2473585,False,PPL
2024-08-05,113.8,117.4,110.8,111.58,7874158,False,PPL
2024-08-02,110.99,113.5,110.99,112.54,1012424,False,PPL
2024-08-01,112.39,112.39,110.13,110.71,1036491,False,PPL
2024-07-31,114.15,114.15,111.4,112.02,742400,False,PPL
2024-07-30,115.39,115.8,113.03,113.4,2010746,False,PPL
2024-07-29,113.37,116.49,113.0,114.04,3549943,False,PPL
2024-07-26,114.01,114.94,112.9,113.09,1722480,False,PPL
2024-07-25,115.99,116.6,114.4,114.77,919987,False,PPL
2024-07-24,116.3,116.8,115.26,115.7,1203909,False,PPL
2024-07-23,114.55,116.6,113.5,115.62,2345579,False,PPL
2024-07-22,117.18,117.57,114.0,114.5,3513210,False,PPL
2024-07-19,122.45,122.99,116.5,117.44,8630861,False,PPL
2024-07-18,120.46,122.89,120.03,122.36,4234149,False,PPL
2024-07-15,121.0,122.5,119.74,120.46,3728718,False,PPL
2024-07-12,119.89,120.49,116.0,118.69,2242184,False,PPL
2024-07-11,120.5,121.75,119.0,119.32,2412092,False,PPL
2024-07-10,123.15,123.5,119.6,120.82,2447648,False,PPL
2024-07-09,124.2,125.2,123.0,123.42,2742062,False,PPL
2024-07-08,122.4,124.7,121.4,123.79,2781992,False,PPL
2024-07-05,123.51,123.51,121.8,122.3,2425734,False,PPL
2024-07-04,125.0,125.9,122.8,123.26,4973280,False,PPL
2024-07-03,124.49,126.2,123.7,124.72,8358809,False,PPL
2024-07-02,121.0,125.22,121.0,123.75,10150735,False,PPL
2024-07-01,117.15,122.95,116.8,120.85,10582603,False,PPL
2024-06-28,117.5,118.75,116.62,117.11,1931469,False,PPL
2024-06-27,118.5,119.75,116.8,117.43,2463246,False,PPL
2024-06-26,116.97,119.65,115.7,118.44,11103476,False,PPL
2024-06-25,118.7,118.7,116.6,116.81,2854288,False,PPL
2024-06-24,119.67,120.47,118.11,118.31,3460930,False,PPL
2024-06-21,120.01,121.45,118.5,119.59,8520848,False,PPL
2024-06-20,120.25,120.7,117.5,119.22,7357322,False,PPL
2024-06-14,122.69,123.14,119.45,119.76,4235086,False,PPL
2024-06-13,116.51,123.13,116.12,122.85,15368916,False,PPL
2024-06-12,110.73,114.9,110.73,114.18,2299537,False,PPL
2024-06-11,113.47,113.67,109.73,111.82,3862308,False,PPL
2024-06-10,114.04,114.5,111.99,112.42,2982274,False,PPL
2024-06-07,116.85,116.85,113.4,114.42,7471203,False,PPL
2024-06-06,116.46,119.75,116.0,116.92,4436045,False,PPL
2024-06-05,117.51,117.77,116.01,116.31,2249474,False,PPL
2024-06-04,119.5,120.2,117.05,117.31,2818949,False,PPL
2024-06-03,120.25,120.44,117.75,119.35,6029798,False,PPL
2024-05-31,120.0,121.5,119.5,119.94,3446860,False,PPL
2024-05-30,118.49,120.0,117.2,119.42,5658625,False,PPL
2024-05-29,121.68,121.68,117.35,118.02,9507056,False,PPL
2024-05-27,124.02,124.2,120.85,121.23,4209486,False,PPL
2024-05-24,122.75,125.4,122.75,123.58,11784831,False,PPL
2024-05-23,122.13,123.2,121.3,122.28,4918689,False,PPL
2024-05-22,123.1,123.61,120.6,121.75,4054311,False,PPL
2024-05-21,122.51,124.1,122.1,122.73,3379929,False,PPL
2024-05-20,122.8,123.5,121.36,122.29,5249792,False,PPL
2024-05-17,122.9,124.8,122.62,123.5,4354540,False,PPL
2024-05-16,123.49,124.37,122.52,122.76,3814356,False,PPL
2024-05-15,126.01,126.49,122.7,123.06,9494603,False,PPL
2024-05-14,125.0,125.9,123.6,125.44,9789767,False,PPL
2024-05-13,122.5,126.7,121.45,124.27,12230801,False,PPL
2024-05-10,122.7,124.25,121.3,122.46,6754573,False,PPL
2024-05-09,122.26,122.74,120.55,121.51,5570014,False,PPL
2024-05-08,121.12,124.6,121.12,122.28,9279853,False,PPL
2024-05-07,125.0,125.75,121.75,122.12,11836660,False,PPL
2024-05-06,127.01,128.4,124.35,125.31,14348667,False,PPL
2024-05-03,117.8,125.35,117.1,124.33,26658354,False,PPL
2024-05-02,115.15,118.5,114.7,116.6,9249140,False,PPL
2024-04-30,112.26,119.25,111.21,114.91,23164949,False,PPL
2024-04-29,114.3,115.0,112.0,112.05,6241486,False,PPL
2024-04-26,113.81,115.2,113.0,114.05,5499839,False,PPL
2024-04-25,113.0,114.56,112.5,113.74,4801098,False,PPL
2024-04-24,113.48,114.35,113.02,113.33,4022391,False,PPL
2024-04-23,113.91,114.39,112.5,112.98,2784134,False,PPL
2024-04-22,114.0,115.15,112.8,113.4,7042817,False,PPL
2024-04-19,113.0,114.9,112.0,113.38,4931904,False,PPL
2024-04-18,112.52,114.01,111.52,112.61,4250356,False,PPL
2024-04-17,113.4,113.79,112.1,112.54,3641708,False,PPL
2024-04-16,114.25,116.9,113.51,113.99,9086389,False,PPL
2024-04-15,114.24,114.98,110.5,114.33,9377687,False,PPL
2024-04-09,112.72,114.24,111.5,112.66,3825764,False,PPL
2024-04-08,111.99,114.0,111.2,112.61,5332113,False,PPL
2024-04-04,114.83,114.83,108.7,110.17,21170581,False,PPL
2024-04-03,105.0,108.55,104.0,108.07,4928965,False,PPL
2024-04-02,105.98,105.98,103.6,104.53,1009245,False,PPL
2024-04-01,106.55,107.1,105.15,105.61,1168218,False,PPL
2024-03-29,107.75,108.7,105.8,106.15,1914920,False,PPL
2024-03-28,106.0,107.75,105.8,107.17,2576572,False,PPL
2024-03-27,107.88,107.9,105.51,105.79,2464631,False,PPL
2024-03-26,108.5,108.85,106.7,107.37,1672934,False,PPL
2024-03-25,109.0,110.8,106.0,107.78,4571263,False,PPL
2024-03-22,106.75,106.75,105.35,106.02,1112732,False,PPL
2024-03-21,109.7,110.0,106.1,106.62,2352350,False,PPL
2024-03-20,111.99,112.25,108.5,108.95,4202005,False,PPL
2024-03-19,111.0,112.4,110.11,111.09,1761518,False,PPL
2024-03-18,112.06,113.0,110.5,110.93,1545056,False,PPL
2024-03-15,114.88,114.88,111.01,111.62,2016604,False,PPL
2024-03-14,110.0,113.45,109.5,112.97,2631669,False,PPL
2024-03-13,111.0,112.3,107.02,108.52,3482193,False,PPL
2024-03-12,115.05,115.5,110.5,111.06,3232318,False,PPL
2024-03-11,116.0,116.0,114.25,114.62,2142642,False,PPL
2024-03-08,116.0,116.4,114.7,114.93,3220960,False,PPL
2024-03-07,114.05,115.98,113.52,115.3,4384060,False,PPL
2024-03-06,113.81,117.0,113.81,114.35,7916062,False,PPL
2024-03-05,118.0,118.99,113.3,114.2,6853016,False,PPL
2024-03-04,114.5,120.9,114.5,119.87,13808772,False,PPL
2024-03-01,113.87,114.0,112.01,113.07,4632027,False,PPL
2024-02-29,109.8,114.97,109.2,113.48,15985508,False,PPL
2024-02-28,107.0,109.44,106.24,108.34,6243665,False,PPL
2024-02-27,107.99,108.98,106.29,106.68,4562482,False,PPL
2024-02-26,109.11,111.6,107.4,108.21,11066294,False,PPL
2024-02-23,104.3,110.15,103.81,109.07,15411890,False,PPL
2024-02-22,105.5,105.98,103.5,104.26,3415808,False,PPL
2024-02-21,105.0,106.88,103.52,105.32,5836954,False,PPL
2024-02-20,103.99,106.38,101.45,102.39,7218710,False,PPL
2024-02-19,94.6,105.34,94.0,104.54,11550721,False,PPL
2024-02-16,100.1,103.5,95.6,98.23,11953769,False,PPL
2024-02-15,109.0,109.35,100.7,102.45,9737543,False,PPL
2024-02-14,105.0,108.18,104.01,107.37,15505464,False,PPL
2024-02-13,99.92,105.15,99.92,101.27,18646972,False,PPL
2024-02-12,112.0,113.0,108.02,108.02,12883624,False,PPL
2024-02-09,118.99,118.99,112.17,116.78,17861036,False,PPL
2024-02-07,120.99,122.69,119.5,121.27,14223153,False,PPL
2024-02-06,115.94,121.36,115.0,120.36,19900893,False,PPL
2024-02-02,116.49,117.38,112.01,114.34,18483443,False,PPL
2024-02-01,114.0,117.25,109.75,115.8,19781910,False,PPL
2024-01-31,115.88,116.89,113.7,114.05,5252850,False,PPL
2024-01-30,113.68,119.97,108.01,113.89,18157957,False,PPL
2024-01-29,117.89,117.89,113.01,113.68,7641946,False,PPL
2024-01-26,117.01,121.75,116.51,118.3,20139069,False,PPL
2024-01-25,126.7,126.8,118.12,118.28,27378044,False,PPL
2024-01-24,126.9,130.9,124.51,127.7,34477717,False,PPL
2024-01-23,131.01,131.24,125.02,126.67,27788195,False,PPL
2024-01-22,122.4,131.45,122.4,131.01,23338496,False,PPL
2024-01-19,123.6,124.88,120.51,122.28,6414455,False,PPL
2024-01-18,123.5,124.24,119.15,122.14,11124990,False,PPL
2024-01-17,126.0,128.7,121.41,123.63,16519053,False,PPL
2024-01-16,131.5,131.5,125.75,126.65,10704013,False,PPL
2024-01-15,135.38,137.4,130.75,132.12,12654467,False,PPL
2024-01-12,134.02,137.9,132.2,133.79,24740483,False,PPL
2024-01-11,127.4,135.9,126.5,132.63,19125010,False,PPL
2024-01-10,125.2,130.99,124.88,126.63,15931102,False,PPL
2024-01-09,127.1,127.5,124.75,125.41,7418243,False,PPL
2024-01-08,126.9,128.23,124.5,125.08,4561042,False,PPL
2024-01-05,127.98,129.99,122.5,127.43,11228730,False,PPL
2024-01-04,129.9,129.96,125.5,128.23,11891649,False,PPL
2024-01-03,127.0,130.74,125.11,129.59,24928592,False,PPL
2024-01-02,127.5,131.5,125.11,126.01,34951008,False,PPL
2024-01-01,117.01,123.66,116.5,123.66,7405974,False,PPL
2023-12-29,112.0,119.0,110.8,115.03,13683173,False,PPL
2023-12-28,112.5,114.2,109.05,111.04,10430061,False,PPL
2023-12-27,107.25,112.0,104.81,111.18,11154977,False,PPL
2023-12-26,116.6,116.74,108.99,108.99,19050579,False,PPL
2023-12-22,123.0,123.5,117.02,117.83,7362326,False,PPL
2023-12-21,124.01,124.49,119.8,122.81,14079720,False,PPL
2023-12-20,120.3,122.0,114.5,120.37,24173128,False,PPL
2023-12-19,121.8,124.54,115.01,118.64,24378331,False,PPL
2023-12-18,126.0,126.95,121.35,123.07,11710100,False,PPL
2023-12-15,125.0,127.8,122.6,126.26,20844934,False,PPL
2023-12-14,114.5,123.78,113.0,120.77,17322231,False,PPL
2023-12-13,116.5,119.49,110.25,115.14,17870916,False,PPL
2023-12-12,114.0,115.95,114.0,115.04,6735735,False,PPL
2023-12-11,113.0,115.0,111.5,113.96,8672394,False,PPL
2023-12-08,112.0,115.11,111.76,113.85,16604019,False,PPL
2023-12-07,108.99,112.5,108.5,110.71,15352002,False,PPL
2023-12-06,109.89,113.98,107.0,110.98,35324615,False,PPL
2023-12-05,100.5,107.54,98.3,107.36,26934622,False,PPL
2023-12-04,96.01,101.82,96.01,100.04,23518237,False,PPL
2023-12-01,92.44,95.1,91.5,94.72,9506132,False,PPL
2023-11-30,92.5,93.75,91.5,91.77,6286258,False,PPL
2023-11-29,93.27,95.24,91.2,92.12,14409867,False,PPL
2023-11-28,92.0,94.6,91.8,93.27,12452024,False,PPL
2023-11-27,91.5,92.9,90.49,91.58,7028494,False,PPL
2023-11-24,90.99,92.5,90.0,90.83,6139710,False,PPL
2023-11-23,92.55,93.6,89.88,90.53,7358871,False,PPL
2023-11-22,89.0,93.48,89.0,92.31,10655403,False,PPL
2023-11-21,90.81,92.15,88.8,89.48,5862888,False,PPL
2023-11-20,91.89,92.7,90.3,90.77,6097426,False,PPL
2023-11-17,93.49,94.74,91.0,91.88,16643997,False,PPL
2023-11-16,87.02,92.78,86.3,92.56,24336213,False,PPL
2023-11-15,84.0,86.99,83.55,86.31,19292737,False,PPL
2023-11-14,83.06,83.9,81.05,83.52,9040327,False,PPL
2023-11-13,81.9,83.5,81.55,82.67,9183312,False,PPL
2023-11-10,81.55,82.97,81.11,81.96,10555014,False,PPL
2023-11-08,80.11,81.7,80.11,80.62,4665469,False,PPL
2023-11-07,81.81,82.38,80.14,80.45,4243204,False,PPL
2023-11-06,82.5,82.55,80.7,81.42,3862892,False,PPL
2023-11-03,81.12,82.78,80.81,82.02,6010320,False,PPL
2023-11-02,81.1,84.2,80.5,81.37,5718084,False,PPL
2023-11-01,81.51,82.8,80.8,81.01,6350377,False,PPL
2023-10-31,83.0,83.65,80.9,81.11,7796581,False,PPL
2023-10-30,79.37,81.7,78.95,80.73,4802381,False,PPL
2023-10-27,80.85,81.45,78.51,79.26,4258249,False,PPL
2023-10-26,82.45,82.9,80.6,80.83,4518629,False,PPL
2023-10-25,82.65,83.89,81.95,82.46,8207368,False,PPL
2023-10-24,86.0,86.0,81.63,82.72,10255853,False,PPL
2023-10-23,83.01,87.0,82.81,85.22,24259049,False,PPL
2023-10-20,82.9,83.2,81.32,82.56,7552252,False,PPL
2023-10-19,77.14,83.29,77.13,82.95,18911504,False,PPL
2023-10-18,77.6,77.99,76.51,77.48,3589409,False,PPL
2023-10-17,79.75,80.12,77.3,77.7,3791020,False,PPL
2023-10-16,81.05,84.0,80.0,80.33,9554904,False,PPL
2023-10-13,76.86,81.89,76.21,80.62,15178339,False,PPL
2023-10-12,76.24,77.25,75.81,76.77,6826631,False,PPL
2023-10-11,74.56,75.99,74.15,75.75,7355736,False,PPL
2023-10-10,73.99,74.44,73.25,73.93,3084894,False,PPL
2023-10-09,72.1,74.7,71.75,73.72,6484440,False,PPL
2023-10-06,74.0,74.0,72.05,72.82,5713471,False,PPL
2023-10-05,74.55,74.85,73.06,73.82,4785992,False,PPL
2023-10-04,74.95,75.4,74.4,74.51,1990783,False,PPL
2023-10-03,75.99,76.3,74.3,75.16,3056591,False,PPL
2023-10-02,74.49,75.9,74.12,75.47,6591768,False,PPL
2023-09-28,74.84,74.88,73.7,74.07,5897086,False,PPL
2023-09-27,72.81,75.48,72.52,74.47,9115995,False,PPL
2023-09-26,74.46,74.46,72.76,72.97,2896927,False,PPL
2023-09-25,74.08,74.7,73.7,74.17,2907911,False,PPL
2023-09-22,72.4,74.74,72.0,74.08,6762444,False,PPL
2023-09-21,71.5,72.65,71.3,72.4,2382619,False,PPL
2023-09-20,73.4,73.48,71.12,71.62,6149595,False,PPL
2023-09-19,72.99,73.84,72.8,73.14,4000236,False,PPL
2023-09-18,72.98,73.08,72.3,72.71,1432531,False,PPL
2023-09-15,74.1,74.5,72.01,72.27,8044559,False,PPL
2023-09-14,73.24,73.48,72.59,72.91,1473435,False,PPL
2023-09-13,72.4,73.95,72.1,73.12,3202449,False,PPL
2023-09-12,73.11,73.11,71.5,72.33,4021971,False,PPL
2023-09-11,72.47,74.18,72.1,73.68,11683396,False,PPL
2023-09-08,70.12,72.45,69.9,72.01,7089082,False,PPL
2023-09-07,68.6,71.85,68.4,69.98,13140382,False,PPL
2023-09-06,67.5,69.7,67.11,68.69,3929670,False,PPL
2023-09-05,69.49,69.49,67.01,67.42,3642368,False,PPL
2023-09-04,68.0,69.25,67.6,68.9,3426833,False,PPL
2023-09-01,66.0,67.95,65.41,67.59,5284440,False,PPL
2023-08-31,69.85,70.44,64.4,66.05,12267446,False,PPL
2023-08-30,70.51,71.79,68.7,69.62,7881605,False,PPL
2023-08-29,73.5,73.5,70.63,71.24,8315062,False,PPL
2023-08-28,75.01,75.01,73.2,73.43,3787006,False,PPL
2023-08-25,75.92,75.92,74.5,75.15,2992875,False,PPL
2023-08-24,76.95,77.3,75.66,75.92,10213573,False,PPL
2023-08-23,76.25,76.78,74.7,76.24,8827889,False,PPL
2023-08-22,74.56,76.7,74.3,75.83,6484045,False,PPL
2023-08-21,76.0,76.3,74.16,74.43,6101632,False,PPL
2023-08-18,74.95,79.38,74.9,76.15,27990154,False,PPL
2023-08-17,72.9,74.5,72.2,74.23,7307763,False,PPL
2023-08-16,74.0,74.8,72.71,72.9,6077616,False,PPL
2023-08-15,72.97,75.37,71.82,74.06,13586629,False,PPL
2023-08-11,71.0,74.7,71.0,72.87,15365570,False,PPL
2023-08-10,75.4,75.71,70.01,70.67,13162106,False,PPL
2023-08-09,69.72,74.95,69.03,73.84,22796703,False,PPL
2023-08-08,74.0,74.0,69.4,69.72,15271642,False,PPL
2023-08-07,77.5,79.74,74.0,74.97,15328254,False,PPL
2023-08-04,75.51,77.1,75.51,76.38,8324141,False,PPL
2023-08-03,78.0,78.89,75.8,76.26,11564548,False,PPL
2023-08-02,76.21,78.45,75.76,77.97,16067758,False,PPL
2023-08-01,79.0,79.0,76.02,76.21,7148147,False,PPL
2023-07-31,74.1,78.08,74.0,77.6,24102714,False,PPL
2023-07-27,70.17,74.95,70.15,72.73,20567547,False,PPL
2023-07-26,70.64,70.71,69.73,69.86,2706309,False,PPL
2023-07-25,69.62,71.2,69.38,70.54,5958770,False,PPL
2023-07-24,70.0,70.49,69.2,69.73,2523215,False,PPL
2023-07-21,71.39,71.8,69.8,69.91,4796930,False,PPL
2023-07-20,69.19,71.48,68.99,70.97,11323426,False,PPL
2023-07-19,67.4,69.52,67.3,68.66,8961317,False,PPL
2023-07-18,68.5,68.6,66.8,67.06,2670286,False,PPL
2023-07-17,68.55,69.15,68.0,68.35,3601497,False,PPL
2023-07-14,69.4,69.85,68.1,68.33,2206447,False,PPL
2023-07-13,70.25,71.48,69.12,69.57,10306114,False,PPL
2023-07-12,68.97,70.15,68.41,69.49,12591221,False,PPL
2023-07-11,66.99,68.7,66.2,68.0,7295326,False,PPL
2023-07-10,66.8,67.5,66.03,66.39,5121219,False,PPL
2023-07-07,67.49,67.6,66.19,66.66,2651136,False,PPL
2023-07-06,65.0,68.0,64.85,67.24,14126634,False,PPL
2023-07-05,65.16,66.89,64.31,65.03,6083458,False,PPL
2023-07-04,68.0,68.0,65.1,65.67,14413155,False,PPL
2023-07-03,63.58,63.58,63.58,63.58,762271,False,PPL
2023-06-27,58.45,60.15,58.15,59.14,7545699,False,PPL
2023-06-26,58.0,59.3,57.55,58.79,6339034,False,PPL
2023-06-23,56.3,56.94,56.09,56.38,1489698,False,PPL
2023-06-22,56.76,57.3,56.06,56.36,1792169,False,PPL
2023-06-21,57.5,58.4,56.55,56.76,2398710,False,PPL
2023-06-20,56.1,57.8,56.0,57.5,5667316,False,PPL
2023-06-19,58.98,58.98,55.9,56.3,3360751,False,PPL
2023-06-16,59.0,59.79,58.35,58.5,1604432,False,PPL
2023-06-15,59.91,60.34,58.8,58.91,1110002,False,PPL
2023-06-14,60.4,60.6,60.0,60.05,1073014,False,PPL
2023-06-13,60.0,60.7,59.52,60.18,1655102,False,PPL
2023-06-12,62.0,62.0,59.8,60.1,2173607,False,PPL
2023-06-09,60.5,62.1,60.5,61.58,3751614,False,PPL
2023-06-08,61.25,62.62,60.35,60.54,3945300,False,PPL
2023-06-07,61.44,61.92,60.75,61.46,2375871,False,PPL
2023-06-06,61.9,63.18,61.05,61.28,10796581,False,PPL
2023-06-05,58.05,61.89,58.05,61.57,9434106,False,PPL
2023-06-02,57.8,58.3,57.8,58.06,821029,False,PPL
2023-06-01,57.7,58.87,57.3,58.07,1626005,False,PPL
2023-05-31,58.57,58.97,57.5,57.6,1976085,False,PPL
2023-05-30,57.25,59.33,57.25,58.52,4947319,False,PPL
2023-05-29,57.0,58.2,56.99,57.09,2750008,False,PPL
2023-05-26,58.49,58.77,56.69,56.82,3488612,False,PPL
2023-05-25,58.5,59.3,58.2,58.6,2574212,False,PPL
2023-05-24,58.48,59.18,58.05,58.35,1384652,False,PPL
2023-05-23,58.85,58.99,58.02,58.21,1247254,False,PPL
2023-05-22,60.49,60.49,58.7,58.83,2331028,False,PPL
2023-05-19,59.0,60.91,58.9,60.29,4526257,False,PPL
2023-05-18,59.59,59.99,58.8,59.06,2779634,False,PPL
2023-05-17,60.88,61.4,59.5,59.59,2885966,False,PPL
2023-05-16,60.0,61.38,59.6,60.87,8147822,False,PPL
2023-05-15,60.25,60.25,59.1,59.28,4325898,False,PPL
2023-05-12,62.0,62.0,59.85,60.49,2822108,False,PPL
2023-05-11,61.0,61.75,60.53,61.08,1457004,False,PPL
2023-05-10,61.3,62.29,60.51,60.72,2252281,False,PPL
2023-05-09,63.29,63.29,61.1,61.7,3287415,False,PPL
2023-05-08,65.09,65.15,63.01,63.29,1567777,False,PPL
2023-05-05,64.39,65.88,64.05,64.77,3983059,False,PPL
2023-05-04,65.6,65.7,64.22,64.39,1308027,False,PPL
2023-05-03,65.42,66.0,64.91,65.38,3661628,False,PPL
2023-05-02,66.58,66.98,65.5,65.66,1227511,False,PPL
2023-04-28,67.45,67.7,66.5,66.58,2022385,False,PPL
2023-04-27,67.9,68.21,66.8,67.45,2429262,False,PPL
2023-04-26,68.6,69.1,67.86,68.12,3113351,False,PPL
2023-04-20,68.0,68.48,67.1,68.2,2273610,False,PPL
2023-04-19,67.5,67.9,67.05,67.41,2938415,False,PPL
2023-04-18,67.0,67.86,66.5,67.33,2240434,False,PPL
2023-04-17,67.73,68.44,66.9,67.17,1698788,False,PPL
2023-04-13,67.99,68.75,66.75,67.22,3957408,False,PPL
2023-04-12,64.4,67.4,64.4,66.98,3773429,False,PPL
2023-04-11,65.0,65.25,63.9,64.85,2006499,False,PPL
2023-04-10,65.59,66.39,64.73,65.05,1906457,False,PPL
2023-04-07,68.5,69.3,65.3,66.07,5591512,False,PPL
2023-04-06,63.97,67.89,63.55,67.88,13574597,False,PPL
2023-04-05,63.8,64.05,62.5,63.16,3048626,False,PPL
2023-04-04,64.65,64.65,62.2,63.02,6695989,False,PPL
2023-04-03,63.89,64.77,63.3,64.38,2713355,False,PPL
2023-03-31,63.58,65.8,62.86,63.96,3139173,False,PPL
2023-03-30,63.05,64.15,63.05,63.72,2371780,False,PPL
2023-03-29,64.15,64.15,62.35,62.6,1488495,False,PPL
2023-03-28,64.29,65.0,63.5,63.71,1264561,False,PPL
2023-03-27,65.6,65.6,63.9,64.08,736689,False,PPL
2023-03-24,66.2,66.2,64.45,64.81,556505,False,PPL
2023-03-22,68.45,68.98,66.0,66.27,1683067,False,PPL
2023-03-21,66.9,69.18,66.51,68.35,4089371,False,PPL
2023-03-20,68.99,69.18,66.45,66.65,2752846,False,PPL
2023-03-17,70.25,70.25,68.72,69.18,2123583,False,PPL
2023-03-16,71.3,72.27,70.0,70.25,2018877,False,PPL
2023-03-15,71.11,72.25,70.76,71.11,1789547,False,PPL
2023-03-14,72.6,72.75,71.0,71.73,4891548,False,PPL
2023-03-13,70.99,73.5,70.5,72.91,10936425,False,PPL
2023-03-10,69.99,70.2,68.6,68.73,1598135,False,PPL
2023-03-09,70.5,70.73,70.03,70.41,2349244,False,PPL
2023-03-08,69.11,71.0,68.99,69.78,4500256,False,PPL
2023-03-07,71.0,71.48,68.55,69.11,4447315,False,PPL
2023-03-06,69.1,71.99,68.5,70.11,8005520,False,PPL
2023-03-03,61.66,67.68,61.55,67.68,6421254,False,PPL
2023-03-02,61.89,63.75,61.7,62.96,3486999,False,PPL
2023-03-01,62.7,62.98,60.46,61.89,4620269,False,PPL
2023-02-28,65.4,66.0,62.15,62.93,3540130,False,PPL
2023-02-27,66.62,67.4,65.0,65.77,2823739,False,PPL
2023-02-24,67.76,68.2,66.51,66.64,4157159,False,PPL
2023-02-23,70.0,70.0,67.51,67.83,4693330,False,PPL
2023-02-22,72.1,72.2,70.39,70.53,2807642,False,PPL
2023-02-21,72.48,72.48,71.4,71.89,1568994,False,PPL
2023-02-20,75.24,75.28,70.9,71.19,2746458,False,PPL
2023-02-17,75.47,75.95,73.81,75.18,3573598,False,PPL
2023-02-16,78.48,78.48,74.8,75.31,4152160,False,PPL
2023-02-15,76.5,78.17,75.91,77.54,5666093,False,PPL
2023-02-14,80.79,81.18,76.2,76.81,9660375,False,PPL
2023-02-13,79.0,81.9,77.91,79.99,12576392,False,PPL
2023-02-10,81.7,86.0,79.05,80.01,28035187,False,PPL
2023-02-09,81.5,85.0,80.71,83.84,16183849,False,PPL
2023-02-08,79.86,81.7,77.86,80.05,15889192,False,PPL
2023-02-07,83.0,85.6,80.25,81.12,31774289,False,PPL
2023-02-06,78.61,80.15,76.1,80.15,21833048,False,PPL
2023-02-03,75.5,75.9,73.9,74.56,3499066,False,PPL
2023-02-02,76.0,76.0,72.8,75.35,12289269,False,PPL
2023-02-01,78.24,80.9,76.12,76.63,9469438,False,PPL
2023-01-31,76.5,78.55,74.8,77.53,10194870,False,PPL
2023-01-30,79.65,80.0,75.55,76.26,5115060,False,PPL
2023-01-27,80.99,81.0,77.7,78.65,4523330,False,PPL
2023-01-26,80.75,81.78,78.81,80.26,7806490,False,PPL
2023-01-25,79.4,82.0,78.8,80.17,13282160,False,PPL
2023-01-24,74.5,79.5,74.5,78.15,13159970,False,PPL
2023-01-23,73.98,75.0,73.0,74.55,3852102,False,PPL
2023-01-20,74.0,76.25,72.5,72.92,8309230,False,PPL
2023-01-19,71.0,74.9,70.0,74.08,13642897,False,PPL
2023-01-18,68.3,70.5,66.25,69.86,6111954,False,PPL
2023-01-17,73.3,74.35,67.66,68.3,8640440,False,PPL
2023-01-16,75.7,75.7,71.51,73.14,6851446,False,PPL
2023-01-13,80.1,81.0,75.7,76.11,12902307,False,PPL
2023-01-12,83.25,84.15,81.13,81.68,8125800,False,PPL
2023-01-11,79.5,83.25,77.11,82.12,17774824,False,PPL
2023-01-10,81.0,81.9,76.3,78.23,9194984,False,PPL
2023-01-09,75.99,80.2,75.7,78.99,13970997,False,PPL
2023-01-06,71.6,76.66,71.1,76.05,10549556,False,PPL
2023-01-05,71.0,73.05,70.95,71.32,4499228,False,PPL
2023-01-04,72.0,72.3,69.85,70.06,4196964,False,PPL
2023-01-03,71.75,72.49,70.11,71.33,6624462,False,PPL
2023-01-02,69.0,73.25,69.0,71.37,14956006,False,PPL
2022-12-30,63.7,68.14,63.7,68.14,11900894,False,PPL
2022-12-29,62.2,64.29,62.2,63.39,6618729,False,PPL
2022-12-28,60.9,62.75,60.6,62.28,6188555,False,PPL
2022-12-27,62.3,64.5,60.5,61.11,12467526,False,PPL
2022-12-26,59.15,61.78,59.1,61.78,11055491,False,PPL
2022-12-23,54.5,58.15,54.25,57.47,6853755,False,PPL
2022-12-22,52.55,55.6,52.4,54.65,6362369,False,PPL
2022-12-21,52.99,54.04,50.51,51.73,2093916,False,PPL
2022-12-20,54.75,55.48,53.0,53.39,4035137,False,PPL
2022-12-19,55.21,56.9,54.5,55.06,3219583,False,PPL
2022-12-16,54.8,56.78,54.51,55.93,1463861,False,PPL
2022-12-15,57.19,57.2,53.16,54.94,2688390,False,PPL
2022-12-14,55.9,58.5,55.4,57.19,2504717,False,PPL
2022-12-13,56.25,56.44,55.7,55.83,902720,False,PPL
2022-12-12,56.1,56.5,55.79,56.3,913003,False,PPL
2022-12-09,55.0,57.15,54.9,56.04,3587853,False,PPL
2022-12-08,55.1,55.8,54.53,55.01,1035859,False,PPL
2022-12-07,54.61,55.18,54.5,54.74,702322,False,PPL
2022-12-06,55.05,55.05,53.9,54.76,834508,False,PPL
2022-12-05,55.99,56.2,54.6,54.79,580459,False,PPL
2022-12-02,55.76,56.49,55.55,55.86,576489,False,PPL
2022-12-01,56.62,56.9,55.86,56.0,973639,False,PPL
2022-11-30,56.97,56.99,55.9,56.49,772852,False,PPL
2022-11-29,55.81,57.24,55.75,56.65,1418046,False,PPL
2022-11-28,56.0,57.26,55.5,56.06,1804673,False,PPL
2022-11-25,58.25,58.9,57.11,57.33,2485413,False,PPL
2022-11-24,56.51,58.01,56.49,57.4,3318834,False,PPL
2022-11-23,56.84,57.1,56.4,56.56,817647,False,PPL
2022-11-22,57.35,57.5,56.4,56.52,881274,False,PPL
2022-11-21,56.6,57.64,56.2,57.07,1163517,False,PPL
2022-11-18,57.53,58.1,56.7,56.99,2650512,False,PPL
2022-11-17,58.5,59.3,57.6,57.94,1835427,False,PPL
2022-11-16,59.63,61.25,58.0,58.52,4114813,False,PPL
2022-11-15,57.04,60.9,57.0,59.63,8327900,False,PPL
2022-11-14,58.11,59.25,56.97,57.15,4940336,False,PPL
2022-11-11,55.76,59.7,55.01,58.98,10745242,False,PPL
2022-11-10,53.05,56.85,53.05,55.75,6723472,False,PPL
2022-11-08,53.0,53.79,52.5,53.48,981492,False,PPL
2022-11-07,53.0,53.55,52.8,52.84,924352,False,PPL
2022-11-04,52.46,52.65,51.91,52.26,649797,False,PPL
2022-11-03,53.49,54.4,53.0,53.12,1405357,False,PPL
2022-11-02,52.69,53.97,52.3,53.26,2916383,False,PPL
2022-11-01,51.73,52.72,51.5,52.42,1477729,False,PPL
2022-10-31,51.02,51.97,50.8,51.54,832728,False,PPL
2022-10-28,53.43,53.49,50.43,51.05,3886082,False,PPL
2022-10-27,54.48,54.48,52.5,53.2,3722534,False,PPL
2022-10-26,56.0,56.0,53.5,54.18,2631592,False,PPL
2022-10-25,56.58,57.2,56.1,56.17,925444,False,PPL
2022-10-24,57.32,57.57,56.6,56.69,704227,False,PPL
2022-10-21,56.35,57.0,55.13,56.69,1770367,False,PPL
2022-10-20,56.97,57.4,56.1,56.24,859912,False,PPL
2022-10-19,56.65,57.0,56.2,56.59,1201586,False,PPL
2022-10-18,57.37,57.57,56.0,56.39,1258927,False,PPL
2022-10-17,58.5,58.89,56.8,57.16,915860,False,PPL
2022-10-14,59.98,59.98,58.9,58.99,554895,False,PPL
2022-10-13,59.5,60.3,59.26,59.51,1128962,False,PPL
2022-10-12,59.23,59.67,58.7,59.31,1164193,False,PPL
2022-10-11,58.81,59.9,58.67,59.24,1468539,False,PPL
2022-10-10,58.97,60.02,58.6,58.78,1639391,False,PPL
2022-10-07,58.8,59.08,58.5,58.64,816085,False,PPL
2022-10-06,58.74,59.36,58.51,59.22,1638970,False,PPL
2022-10-05,59.4,59.94,58.05,58.3,1188777,False,PPL
2022-10-04,60.55,60.55,59.2,59.43,938701,False,PPL
2022-10-03,61.01,61.39,60.32,60.44,589556,False,PPL
2022-09-30,60.7,62.5,59.9,61.45,2276124,False,PPL
2022-09-29,61.1,61.98,60.21,61.32,1307118,False,PPL
2022-09-28,61.25,63.3,61.0,61.59,2105549,False,PPL
2022-09-27,58.95,62.9,58.25,60.95,4035556,False,PPL
2022-09-26,58.25,59.05,57.6,58.6,2634937,False,PPL
2022-09-23,60.19,60.25,56.13,58.27,2063762,False,PPL
2022-09-22,59.3,60.18,57.81,59.37,2579347,False,PPL
2022-09-21,60.25,60.95,59.0,59.92,1602466,False,PPL
2022-09-20,65.05,65.5,59.99,60.21,4767208,False,PPL
2022-09-19,65.15,65.65,64.58,64.85,779084,False,PPL
2022-09-16,65.75,65.75,64.51,65.08,1457907,False,PPL
2022-09-15,66.89,66.9,65.1,65.44,1507342,False,PPL
2022-09-14,66.1,66.9,65.86,66.57,697379,False,PPL
2022-09-13,66.1,66.5,65.99,66.06,448316,False,PPL
2022-09-12,66.9,67.32,65.95,66.0,826651,False,PPL
2022-09-09,67.49,67.49,66.49,66.71,1178327,False,PPL
2022-09-08,67.4,67.45,67.0,67.05,523353,False,PPL
2022-09-07,67.29,67.6,66.9,67.03,1235788,False,PPL
2022-09-06,66.7,67.4,66.7,67.17,375456,False,PPL
2022-09-05,68.4,68.4,66.81,66.85,1267801,False,PPL
2022-09-02,68.75,69.39,67.8,67.93,809258,False,PPL
2022-09-01,69.75,70.0,68.8,69.0,709208,False,PPL
2022-08-31,68.15,69.79,68.01,69.34,1065563,False,PPL
2022-08-30,70.0,70.79,68.01,68.16,1167459,False,PPL
2022-08-29,70.2,70.2,68.4,68.66,1011906,False,PPL
2022-08-26,70.39,71.12,69.6,69.72,2246127,False,PPL
2022-08-25,71.69,71.75,70.45,70.67,1136787,False,PPL
2022-08-24,72.0,72.69,71.3,71.42,512755,False,PPL
2022-08-23,71.3,72.55,71.17,72.24,1816969,False,PPL
2022-08-22,71.51,72.25,70.46,70.6,496274,False,PPL
2022-08-19,72.49,72.49,71.5,71.63,624024,False,PPL
2022-08-18,73.65,73.74,71.8,71.99,1997813,False,PPL
2022-08-17,74.0,74.1,72.9,73.2,1261195,False,PPL
2022-08-16,74.45,75.48,73.12,73.61,2718440,False,PPL
2022-08-15,75.49,75.49,73.75,74.31,3247219,False,PPL
2022-08-12,73.0,75.19,72.5,74.31,3289601,False,PPL
2022-08-11,73.75,73.75,72.4,72.63,1017468,False,PPL
2022-08-10,72.4,74.84,71.6,73.35,4032551,False,PPL
2022-08-05,69.3,70.55,69.3,70.32,1576695,False,PPL
2022-08-04,68.61,70.5,68.61,69.57,1556219,False,PPL
2022-08-03,68.68,70.25,68.2,69.26,1501332,False,PPL
2022-08-02,68.1,68.67,67.4,67.92,1007896,False,PPL
2022-08-01,68.74,69.0,68.0,68.05,331279,False,PPL
2022-07-29,69.5,69.7,68.25,68.45,1369663,False,PPL
2022-07-28,68.42,70.5,68.42,69.32,1610235,False,PPL
2022-07-27,68.43,69.6,67.5,68.29,994789,False,PPL
2022-07-26,67.99,68.7,67.5,67.94,941701,False,PPL
2022-07-25,69.5,69.5,67.0,67.87,794316,False,PPL
2022-07-22,68.06,69.7,67.21,68.33,1455537,False,PPL
2022-07-21,68.4,69.48,67.51,68.03,1020891,False,PPL
2022-07-20,66.7,69.2,65.75,68.64,2299770,False,PPL
2022-07-19,69.31,69.79,65.06,66.47,2756455,False,PPL
2022-07-18,69.95,70.2,68.51,69.31,847843,False,PPL
2022-07-15,72.0,72.45,70.71,70.95,1240827,False,PPL
2022-07-14,72.0,73.2,71.24,72.11,3371818,False,PPL
2022-07-13,68.95,71.94,67.91,71.32,3742956,False,PPL
2022-07-07,66.02,69.6,66.02,68.62,2833319,False,PPL
2022-07-06,66.0,66.46,65.98,66.12,341671,False,PPL
2022-07-05,67.05,67.05,66.1,66.2,253497,False,PPL
2022-07-04,67.0,67.4,66.55,66.71,210506,False,PPL
2022-07-01,67.5,67.51,66.55,67.02,532489,False,PPL
2022-06-30,66.4,68.9,65.28,67.51,6024940,False,PPL
2022-06-29,67.49,67.8,66.0,66.2,1513483,False,PPL
2022-06-28,68.4,69.05,66.56,67.25,3249218,False,PPL
2022-06-27,67.98,68.51,67.01,67.41,1333898,False,PPL
2022-06-24,71.25,71.55,66.19,67.57,3692046,False,PPL
2022-06-23,72.02,73.14,70.99,71.55,2174352,False,PPL
2022-06-22,72.62,72.9,71.25,72.01,901947,False,PPL
2022-06-21,71.39,72.09,70.0,71.88,1616351,False,PPL
2022-06-20,71.33,71.94,70.0,70.22,1155575,False,PPL
2022-06-17,69.88,72.3,69.88,71.01,2679386,False,PPL
2022-06-16,68.48,70.45,67.52,69.48,2462535,False,PPL
2022-06-15,66.83,68.5,66.7,68.06,1927029,False,PPL
2022-06-14,65.77,67.57,65.77,66.83,1159907,False,PPL
2022-06-13,68.9,69.0,65.65,66.02,1718183,False,PPL
2022-06-10,68.0,69.75,66.75,69.08,909931,False,PPL
2022-06-09,67.69,69.5,67.0,67.71,1958073,False,PPL
2022-06-08,67.25,67.8,66.65,67.15,599517,False,PPL
2022-06-07,67.0,68.3,67.0,67.58,1129828,False,PPL
2022-06-06,64.22,67.4,64.22,66.96,1871018,False,PPL
2022-06-03,66.5,66.79,64.71,64.91,2033954,False,PPL
2022-06-02,67.69,68.0,65.91,66.11,1062013,False,PPL
2022-06-01,68.6,69.1,67.25,67.47,712461,False,PPL
2022-05-31,68.59,69.25,68.11,68.72,2551060,False,PPL
2022-05-30,67.17,69.39,67.17,68.03,6220523,False,PPL
2022-05-27,67.9,69.09,66.0,66.69,4991546,False,PPL
2022-05-26,65.99,66.35,65.1,66.02,1659941,False,PPL
2022-05-25,67.53,67.53,65.15,65.67,2368043,False,PPL
2022-05-24,67.67,67.98,66.6,66.78,686840,False,PPL
2022-05-23,67.6,68.9,67.0,67.33,913157,False,PPL
2022-05-20,68.58,68.61,68.01,68.33,580366,False,PPL
2022-05-19,68.8,68.99,67.99,68.07,1148647,False,PPL
2022-05-18,68.78,69.74,68.51,68.86,1337956,False,PPL
2022-05-17,69.74,69.74,68.75,68.9,282862,False,PPL
2022-05-16,70.78,70.78,68.81,69.09,1595095,False,PPL
2022-05-13,69.5,72.25,69.5,71.36,2441652,False,PPL
2022-05-12,69.8,69.8,67.51,69.07,1846969,False,PPL
2022-05-11,69.97,70.0,68.3,69.63,1252571,False,PPL
2022-05-10,70.0,71.09,69.25,69.52,1287259,False,PPL
2022-05-09,72.6,72.6,69.81,70.03,1680965,False,PPL
2022-05-06,73.31,74.5,72.5,72.59,573220,False,PPL
2022-04-28,75.0,75.01,73.4,73.88,989948,False,PPL
2022-04-27,75.0,77.75,74.0,75.1,1364528,False,PPL
2022-04-26,76.98,76.98,75.0,75.09,905238,False,PPL
2022-04-25,76.99,77.98,76.3,76.49,832741,False,PPL
2022-04-22,75.45,76.9,74.75,76.14,1084383,False,PPL
2022-04-21,75.17,75.17,74.51,75.02,218493,False,PPL
2022-04-20,77.37,77.4,75.01,75.17,690457,False,PPL
2022-04-19,80.5,80.5,76.51,76.91,2758356,False,PPL
2022-04-18,73.49,79.0,73.49,79.0,5599264,False,PPL
2022-04-15,73.48,73.8,72.41,73.49,815950,False,PPL
2022-04-14,73.1,74.0,72.9,73.09,367308,False,PPL
2022-04-13,73.9,75.8,73.05,73.58,1986130,False,PPL
2022-04-12,74.5,74.6,73.05,73.79,1009600,False,PPL
2022-04-11,73.25,74.5,73.0,74.18,2327328,False,PPL
2022-04-08,70.0,71.5,70.0,71.23,1562270,False,PPL
2022-04-07,70.07,70.64,69.01,69.4,456600,False,PPL
2022-04-06,70.99,71.7,69.7,69.94,886501,False,PPL
2022-04-05,70.65,71.5,69.9,70.19,495096,False,PPL
2022-04-04,71.27,72.5,68.97,70.4,1340189,False,PPL
2022-04-01,73.97,73.99,72.5,73.18,774944,False,PPL
2022-03-31,73.49,74.0,72.35,72.8,1326293,False,PPL
2022-03-30,73.48,73.5,72.0,72.94,568832,False,PPL
2022-03-29,73.96,74.49,73.34,73.79,809493,False,PPL
2022-03-28,72.25,73.55,71.49,73.35,974453,False,PPL
2022-03-25,73.47,73.47,72.02,72.42,561585,False,PPL
2022-03-24,72.48,73.0,71.57,72.88,719066,False,PPL
2022-03-22,74.97,75.0,71.61,72.15,1549828,False,PPL
2022-03-21,73.65,75.5,73.06,73.35,1892503,False,PPL
2022-03-18,75.0,76.0,72.0,72.43,1605279,False,PPL
2022-03-17,78.0,78.1,76.6,76.85,211734,False,PPL
2022-03-16,77.98,78.88,77.65,77.96,387960,False,PPL
2022-03-15,79.89,79.89,77.26,78.08,800189,False,PPL
2022-03-14,81.2,81.28,78.75,79.13,1272137,False,PPL
2022-03-11,82.5,82.5,80.6,80.97,274219,False,PPL
2022-03-10,82.7,82.75,81.3,82.21,578446,False,PPL
2022-03-09,81.45,83.0,80.0,81.41,1079316,False,PPL
2022-03-08,84.35,85.59,81.55,82.32,1203280,False,PPL
2022-03-07,87.0,88.35,83.51,84.58,2414042,False,PPL
2022-03-04,87.5,88.5,86.6,87.08,1945741,False,PPL
2022-03-03,84.55,89.0,84.0,87.51,6786944,False,PPL
2022-03-02,81.5,84.5,81.5,84.22,2497732,False,PPL
2022-03-01,84.0,84.0,81.75,83.2,5462685,False,PPL
2022-02-28,77.85,78.5,75.6,78.14,1576426,False,PPL
2022-02-25,77.98,78.72,75.67,76.64,1157364,False,PPL
2022-02-24,79.0,80.0,76.5,78.2,1708243,False,PPL
2022-02-23,80.47,80.47,78.9,79.8,596782,False,PPL
2022-02-22,80.4,80.4,78.9,79.81,1160073,False,PPL
2022-02-21,81.89,81.89,80.2,80.33,719716,False,PPL
2022-02-18,80.0,81.7,79.6,81.3,653088,False,PPL
2022-02-17,80.98,81.98,79.6,80.14,516026,False,PPL
2022-02-16,81.49,81.49,80.01,80.29,211094,False,PPL
2022-02-15,81.56,81.98,80.3,80.62,1206676,False,PPL
2022-02-14,82.49,82.5,81.7,81.86,569286,False,PPL
2022-02-11,82.5,83.3,81.7,82.07,819408,False,PPL
2022-02-10,82.95,83.75,82.01,82.29,1824809,False,PPL
2022-02-09,82.0,83.98,81.5,82.97,1884474,False,PPL
2022-02-08,82.51,83.23,81.9,82.05,936692,False,PPL
2022-02-07,81.49,83.75,81.49,82.73,3294297,False,PPL
2022-02-04,82.3,83.6,81.1,81.38,2704294,False,PPL
2022-02-03,83.0,83.0,81.35,81.59,901647,False,PPL
2022-02-02,80.97,82.75,80.26,82.46,1810135,False,PPL
2022-02-01,79.4,81.0,79.17,80.72,784293,False,PPL
2022-01-31,79.3,80.0,78.75,79.61,728534,False,PPL
2022-01-28,79.27,79.6,78.5,78.59,1345330,False,PPL
2022-01-27,79.26,80.1,78.51,78.82,883770,False,PPL
2022-01-26,79.95,80.17,79.05,79.2,225326,False,PPL
2022-01-25,80.25,80.41,79.55,79.62,718641,False,PPL
2022-01-24,80.6,80.7,79.75,80.37,392963,False,PPL
2022-01-21,80.55,80.85,79.6,80.19,288538,False,PPL
2022-01-20,78.8,80.65,78.51,80.42,2160554,False,PPL
2022-01-19,80.6,81.2,78.61,79.5,2137137,False,PPL
2022-01-18,79.89,81.3,79.5,80.14,2291121,False,PPL
2022-01-17,79.7,80.0,78.7,79.45,592477,False,PPL
2022-01-14,79.2,79.9,78.41,79.62,1624511,False,PPL
2022-01-13,78.9,79.24,78.5,78.75,494736,False,PPL
2022-01-12,78.1,79.85,78.06,78.86,1668719,False,PPL
2022-01-11,78.88,78.88,77.91,78.04,1049225,False,PPL
2022-01-10,78.79,79.6,78.1,78.51,1016986,False,PPL
2022-01-07,78.87,78.87,78.03,78.59,307563,False,PPL
2022-01-06,79.38,79.38,78.01,78.18,465370,False,PPL
2022-01-05,79.51,80.2,79.0,79.06,902026,False,PPL
2022-01-04,79.19,80.15,79.1,79.62,923790,False,PPL
2022-01-03,79.25,79.79,78.6,78.94,451370,False,PPL
2021-12-31,78.15,79.98,77.65,79.04,1165125,False,PPL
2021-12-30,79.4,79.49,77.5,78.14,1163000,False,PPL
2021-12-29,78.6,79.59,78.6,78.82,585652,False,PPL
2021-12-28,78.9,80.1,78.85,79.15,690483,False,PPL
2021-12-27,80.65,80.65,78.56,78.82,317497,False,PPL
2021-12-24,80.51,81.25,79.41,79.87,516720,False,PPL
2021-12-23,80.9,82.0,80.4,80.48,1371492,False,PPL
2021-12-22,80.02,80.8,79.52,80.35,1747799,False,PPL
2021-12-21,82.19,82.5,79.75,79.91,1485506,False,PPL
2021-12-20,80.8,82.1,80.3,81.87,1980411,False,PPL
2021-12-17,80.1,81.99,78.8,81.22,2988951,False,PPL
2021-12-16,82.75,82.75,79.5,79.96,1848749,False,PPL
2021-12-15,78.95,83.74,77.51,82.13,4833867,False,PPL
2021-12-14,79.9,79.9,76.8,78.39,2145964,False,PPL
2021-12-13,81.5,81.6,78.45,78.6,1204911,False,PPL
2021-12-10,81.9,83.49,80.01,80.98,5103097,False,PPL
2021-12-09,79.0,82.9,78.3,81.6,9674939,False,PPL
2021-12-08,78.5,79.73,76.8,78.34,3480094,False,PPL
2021-12-07,74.9,79.9,74.5,77.98,5735564,False,PPL
2021-12-06,71.4,75.8,71.0,75.12,1985510,False,PPL
2021-12-03,72.0,73.1,70.02,71.37,1274226,False,PPL
2021-12-02,76.5,76.5,71.0,71.93,2332970,False,PPL
2021-12-01,76.9,77.0,76.2,76.7,833064,False,PPL
2021-11-30,75.49,78.5,74.15,75.8,10701446,False,PPL
2021-11-29,70.01,75.3,69.05,74.79,2674972,False,PPL
2021-11-26,71.9,72.0,70.01,70.45,1215837,False,PPL
2021-11-25,72.3,73.0,71.1,71.72,1109965,False,PPL
2021-11-24,73.99,74.79,71.51,72.61,2223977,False,PPL
2021-11-23,74.74,74.74,72.51,72.83,545032,False,PPL
2021-11-22,76.5,76.5,74.0,74.2,824444,False,PPL
2021-11-19,73.75,77.0,73.75,76.53,2117157,False,PPL
2021-11-18,74.1,74.8,73.89,74.22,325264,False,PPL
2021-11-17,75.75,75.99,74.01,74.68,608584,False,PPL
2021-11-16,72.05,76.89,72.05,75.75,2212363,False,PPL
2021-11-15,71.87,72.89,71.7,71.89,186943,False,PPL
2021-11-12,73.9,73.9,71.95,72.06,533352,False,PPL
2021-11-11,74.35,74.45,72.81,73.05,736151,False,PPL
2021-11-10,73.5,74.85,73.5,74.33,737552,False,PPL
2021-11-09,75.01,75.51,73.0,73.1,775921,False,PPL
2021-11-08,77.0,77.0,74.9,75.04,701246,False,PPL
2021-11-05,76.9,77.9,76.25,76.59,822891,False,PPL
2021-11-04,75.61,76.65,75.61,76.45,267419,False,PPL
2021-11-03,77.51,78.0,75.7,76.05,1203766,False,PPL
2021-11-02,78.99,79.49,77.61,78.18,887364,False,PPL
2021-11-01,76.01,79.1,76.01,78.43,2001847,False,PPL
2021-10-29,77.0,77.0,75.0,75.86,795518,False,PPL
2021-10-28,77.0,77.4,76.05,76.36,295273,False,PPL
2021-10-27,76.1,78.04,76.0,76.91,720223,False,PPL
2021-10-26,77.88,77.99,75.8,75.99,321401,False,PPL
2021-10-25,77.0,77.5,76.5,77.25,133411,False,PPL
2021-10-22,79.15,79.2,76.0,76.63,857815,False,PPL
2021-10-21,78.8,79.8,77.6,78.86,2080503,False,PPL
2021-10-20,77.01,78.1,77.01,77.52,1057270,False,PPL
2021-10-18,75.98,79.9,75.05,77.18,2939098,False,PPL
2021-10-15,73.0,75.99,72.32,75.39,2655843,False,PPL
2021-10-14,73.5,74.75,72.05,74.32,791489,False,PPL
2021-10-13,74.44,75.2,72.51,72.85,533056,False,PPL
2021-10-12,73.45,74.5,72.71,74.0,1591675,False,PPL
2021-10-11,72.21,73.9,72.2,73.21,1223575,False,PPL
2021-10-08,72.0,72.29,71.5,71.9,1393546,False,PPL
2021-10-07,72.0,72.95,71.6,71.78,545394,False,PPL
2021-10-06,72.25,74.48,71.4,71.79,2487247,False,PPL
2021-10-05,73.06,74.2,72.0,72.48,1597005,False,PPL
2021-10-04,74.01,74.01,72.5,72.9,1353750,False,PPL
2021-10-01,73.01,74.85,73.0,74.37,1221570,False,PPL
2021-09-30,72.5,76.4,71.05,74.91,3710507,False,PPL
2021-09-29,73.2,74.0,72.0,72.5,1551942,False,PPL
2021-09-28,74.01,74.77,72.53,73.43,2288793,False,PPL
2021-09-27,74.3,74.85,73.0,73.92,2227699,False,PPL
2021-09-24,74.0,74.9,72.9,74.08,1624501,False,PPL
2021-09-23,75.3,76.0,73.0,73.75,1008557,False,PPL
2021-09-22,76.21,76.35,74.52,75.45,1852143,False,PPL
2021-09-21,77.0,77.5,75.53,76.21,983630,False,PPL
2021-09-20,77.53,77.85,76.6,76.73,821236,False,PPL
2021-09-17,78.74,79.79,77.1,77.53,3791715,False,PPL
2021-09-16,77.69,79.1,76.75,78.3,1603562,False,PPL
2021-09-15,78.0,78.01,76.7,76.84,1273862,False,PPL
2021-09-14,78.3,78.55,77.25,77.64,1388186,False,PPL
2021-09-13,78.25,78.6,78.0,78.25,1618363,False,PPL
2021-09-10,79.5,79.6,77.89,78.16,2051518,False,PPL
2021-09-09,79.01,79.89,78.85,78.93,1257797,False,PPL
2021-09-08,80.0,80.79,79.0,79.05,779122,False,PPL
2021-09-07,80.12,80.8,79.8,79.91,855195,False,PPL
2021-09-06,80.11,81.25,80.1,80.37,574901,False,PPL
2021-09-03,81.01,81.7,80.04,80.25,487129,False,PPL
2021-09-02,81.6,81.9,80.55,80.84,588155,False,PPL
2021-09-01,83.02,83.02,81.8,81.96,502224,False,PPL
2021-08-31,81.47,83.39,80.7,81.76,1836548,False,PPL
2021-08-30,80.0,82.77,79.46,80.89,2647153,False,PPL
2021-08-27,80.0,80.0,78.84,79.46,1464611,False,PPL
2021-08-26,79.98,80.49,79.51,79.91,1029389,False,PPL
2021-08-25,80.67,81.25,79.8,79.96,1249772,False,PPL
2021-08-24,82.5,82.82,80.0,80.53,1952860,False,PPL
2021-08-23,79.15,84.3,79.15,82.41,6467587,False,PPL
2021-08-20,78.6,79.39,78.3,78.78,1645678,False,PPL
2021-08-17,78.51,79.4,78.28,78.97,1274509,False,PPL
2021-08-16,79.92,80.0,78.0,78.98,1099945,False,PPL
2021-08-13,80.4,80.45,79.79,79.92,661583,False,PPL
2021-08-12,81.5,81.5,80.0,80.06,1766577,False,PPL
2021-08-11,81.25,81.75,80.85,80.97,801530,False,PPL
2021-08-10,81.33,81.49,80.81,81.01,759770,False,PPL
2021-08-09,82.0,82.35,81.0,81.33,915738,False,PPL
2021-08-06,82.45,82.45,81.85,81.98,513318,False,PPL
2021-08-05,82.2,82.5,81.8,82.0,837770,False,PPL
2021-08-04,82.89,82.9,82.0,82.04,1113676,False,PPL
2021-08-03,82.6,82.82,82.2,82.64,1081259,False,PPL
2021-08-02,82.1,82.97,82.0,82.88,739018,False,PPL
2021-07-30,83.64,84.5,81.74,81.86,2026021,False,PPL
2021-07-29,83.02,83.75,82.6,82.97,907493,False,PPL
2021-07-28,84.0,84.0,83.0,83.16,821235,False,PPL
2021-07-27,83.9,84.2,83.55,83.65,459371,False,PPL
2021-07-26,85.97,85.97,83.0,83.23,2326707,False,PPL
2021-07-23,85.66,85.99,85.0,85.51,633670,False,PPL
2021-07-19,86.37,86.55,85.3,85.53,721314,False,PPL
2021-07-16,85.98,85.99,85.5,85.67,805963,False,PPL
2021-07-15,85.1,86.5,85.0,85.64,540481,False,PPL
2021-07-14,86.09,86.09,85.05,85.2,878629,False,PPL
2021-07-13,85.73,86.39,85.2,85.4,1501904,False,PPL
2021-07-12,86.05,86.71,85.7,86.02,970287,False,PPL
2021-07-09,87.0,87.0,85.66,86.05,1201597,False,PPL
2021-07-08,86.0,88.0,85.65,86.93,2999200,False,PPL
2021-07-07,85.55,86.15,85.15,85.55,723106,False,PPL
2021-07-06,87.0,87.6,86.0,86.34,800224,False,PPL
2021-07-05,87.8,88.1,86.7,86.87,870481,False,PPL
2021-07-02,88.64,89.0,87.75,87.84,1129266,False,PPL
2021-07-01,90.0,90.0,88.01,88.72,1146637,False,PPL
2021-06-30,85.4,87.45,85.4,86.83,2016040,False,PPL
2021-06-29,88.1,88.51,84.96,85.37,4741849,False,PPL
2021-06-28,89.0,89.2,87.7,87.92,3036796,False,PPL
2021-06-25,90.06,90.4,88.7,89.01,3255688,False,PPL
2021-06-24,90.49,90.5,90.0,90.26,974105,False,PPL
2021-06-23,90.6,91.0,89.9,90.19,2457730,False,PPL
2021-06-22,90.45,90.85,89.92,90.0,3139605,False,PPL
2021-06-21,91.1,91.1,90.0,90.05,1348709,False,PPL
2021-06-18,91.82,91.95,90.0,90.32,811842,False,PPL
2021-06-17,91.4,91.8,90.12,90.34,3676081,False,PPL
2021-06-16,93.01,93.45,91.09,91.25,3028766,False,PPL
2021-06-15,94.4,94.78,92.2,92.37,5856862,False,PPL
2021-06-14,91.69,95.0,90.8,94.38,32605159,False,PPL
2021-06-11,90.7,91.49,89.9,90.07,1100405,False,PPL
2021-06-10,91.48,92.0,90.5,90.68,1128960,False,PPL
2021-06-09,93.89,93.95,91.3,91.5,1054955,False,PPL
2021-06-08,93.0,93.25,92.02,92.99,957292,False,PPL
2021-06-07,95.31,95.4,92.75,93.21,1285387,False,PPL
2021-06-04,94.25,94.38,93.02,93.82,2134313,False,PPL
2021-06-03,94.0,94.7,93.5,93.68,1638260,False,PPL
2021-06-02,94.9,95.1,93.0,93.75,1806626,False,PPL
2021-06-01,93.0,95.45,92.9,94.87,3122184,False,PPL
2021-05-31,91.99,93.0,90.85,92.38,3576067,False,PPL
2021-05-28,87.74,93.74,87.3,90.67,7167197,False,PPL
2021-05-27,88.6,89.0,87.25,87.74,2146794,False,PPL
2021-05-26,85.51,88.61,85.51,88.1,2520745,False,PPL
2021-05-25,85.61,86.8,85.0,86.15,1711558,False,PPL
2021-05-24,85.5,86.79,85.25,85.54,2238764,False,PPL
2021-05-21,83.0,84.48,82.5,84.18,1694118,False,PPL
2021-05-20,82.6,82.74,82.0,82.18,889055,False,PPL
2021-05-19,83.0,84.5,82.5,82.62,1478838,False,PPL
2021-05-18,81.75,83.6,81.5,82.72,1392236,False,PPL
2021-05-17,83.01,83.04,81.0,81.35,1630053,False,PPL
2021-05-06,84.0,84.0,82.45,82.6,978077,False,PPL
2021-05-05,84.0,84.2,82.85,83.25,773759,False,PPL
2021-05-04,82.48,82.48,81.5,81.9,853256,False,PPL
2021-05-03,81.01,82.35,80.51,81.98,1468930,False,PPL
2021-04-30,82.51,82.98,80.81,81.17,1287003,False,PPL
2021-04-29,83.25,83.9,82.1,82.56,621736,False,PPL
2021-04-28,85.0,85.45,83.0,83.19,774603,False,PPL
2021-04-27,88.49,90.0,84.01,84.75,3402103,False,PPL
2021-04-26,82.0,88.55,82.0,88.55,4044318,False,PPL
2021-04-23,83.0,83.0,81.9,82.38,550890,False,PPL
2021-04-22,84.69,84.69,82.9,83.02,930198,False,PPL
2021-04-21,85.39,85.39,84.51,84.69,324755,False,PPL
2021-04-20,85.2,85.74,85.0,85.16,442103,False,PPL
2021-04-19,85.3,85.3,84.61,84.97,380605,False,PPL
2021-04-16,86.22,86.56,85.81,85.97,114048,False,PPL
2021-04-15,86.94,87.15,86.0,86.28,545138,False,PPL
2021-04-14,85.13,86.2,85.13,86.03,425711,False,PPL
2021-04-13,85.65,85.75,85.01,85.3,265197,False,PPL
2021-04-12,85.84,87.25,84.7,85.42,1207845,False,PPL
2021-04-09,85.87,85.9,83.97,85.39,245170,False,PPL
2021-04-08,85.24,85.58,84.8,85.47,724770,False,PPL
2021-04-07,86.49,86.49,84.49,84.71,1663898,False,PPL
2021-04-06,85.74,86.45,85.0,86.1,457749,False,PPL
2021-04-05,86.95,86.95,85.0,85.07,544381,False,PPL
2021-04-02,87.67,87.69,86.0,86.23,784557,False,PPL
2021-04-01,87.3,87.69,86.5,86.96,731613,False,PPL
2021-03-31,87.65,88.4,87.0,87.33,1350199,False,PPL
2021-03-30,87.6,88.4,87.01,87.45,1086778,False,PPL
2021-03-29,90.25,90.26,87.5,87.78,1273300,False,PPL
2021-03-26,91.0,91.2,90.01,90.22,1740784,False,PPL
2021-03-25,92.1,93.52,90.81,90.94,2235571,False,PPL
2021-03-24,91.48,92.25,90.25,91.69,5709474,False,PPL
2021-03-22,86.1,92.54,85.1,92.54,6280124,False,PPL
2021-03-19,85.21,87.0,85.0,86.09,1283108,False,PPL
2021-03-18,88.89,88.9,86.4,86.64,957735,False,PPL
2021-03-17,88.0,89.4,87.51,88.81,1410066,False,PPL
2021-03-16,88.03,88.15,87.1,87.29,859706,False,PPL
2021-03-15,88.0,88.88,87.6,88.01,2797170,False,PPL
2021-03-12,85.75,87.4,85.5,86.47,1912437,False,PPL
2021-03-11,86.06,87.0,85.0,85.39,2255427,False,PPL
2021-03-10,88.0,88.2,86.21,86.67,2104759,False,PPL
2021-03-09,90.35,90.35,87.22,87.7,1438359,False,PPL
2021-03-08,92.8,93.1,89.89,90.11,1697033,False,PPL
2021-03-05,90.28,91.35,89.75,90.89,1221128,False,PPL
2021-03-04,89.0,90.49,88.55,89.63,1155751,False,PPL
2021-03-03,91.13,91.49,90.1,90.69,1535193,False,PPL
2021-03-02,90.1,92.94,90.0,91.13,1811366,False,PPL
2021-03-01,91.0,91.0,89.3,90.72,804200,False,PPL
2021-02-26,91.0,91.15,90.0,90.42,1578046,False,PPL
2021-02-25,91.38,91.87,90.99,91.12,432628,False,PPL
2021-02-24,91.55,91.76,90.25,90.61,1464316,False,PPL
2021-02-23,92.0,93.45,91.52,91.76,1574167,False,PPL
2021-02-22,91.68,92.4,90.0,90.26,1437803,False,PPL
2021-02-19,91.02,92.49,91.02,91.84,1576776,False,PPL
2021-02-18,93.38,93.38,91.0,91.48,1037840,False,PPL
2021-02-17,93.35,94.25,92.2,92.4,1427970,False,PPL
2021-02-16,92.53,94.25,92.52,93.05,2049082,False,PPL
2021-02-15,91.5,92.5,91.5,92.13,1337434,False,PPL
2021-02-12,91.21,91.5,90.0,90.17,1660945,False,PPL
2021-02-11,93.5,93.5,91.11,91.54,2152802,False,PPL
2021-02-10,94.3,94.5,92.7,93.11,1305997,False,PPL
2021-02-09,95.2,95.2,94.01,94.33,1640487,False,PPL
2021-02-08,94.9,95.39,93.9,94.08,1469400,False,PPL
2021-02-04,95.11,96.25,93.83,94.1,4309099,False,PPL
2021-02-03,94.5,94.65,92.95,93.06,2278126,False,PPL
2021-02-02,93.2,94.79,91.98,93.39,4256963,False,PPL
2021-02-01,92.0,92.49,91.6,91.85,1164636,False,PPL
2021-01-29,92.35,93.25,91.45,91.67,4231095,False,PPL
2021-01-28,93.1,93.7,92.01,92.3,1889160,False,PPL
2021-01-27,94.29,94.3,93.1,93.27,996791,False,PPL
2021-01-26,93.12,94.08,92.92,93.99,1472687,False,PPL
2021-01-25,93.55,94.49,92.96,93.05,2354155,False,PPL
2021-01-22,94.0,94.39,92.91,93.41,948818,False,PPL
2021-01-21,93.5,94.7,93.5,94.23,866552,False,PPL
2021-01-20,95.49,95.5,92.8,93.4,3675333,False,PPL
2021-01-19,94.7,97.5,93.77,94.92,3484351,False,PPL
2021-01-18,97.0,97.1,94.5,94.92,2461937,False,PPL
2021-01-15,98.09,98.3,97.43,97.66,1419391,False,PPL
2021-01-14,98.9,98.9,97.39,97.7,1066735,False,PPL
2021-01-13,100.01,100.49,98.25,98.76,2392417,False,PPL
2021-01-12,97.4,99.26,97.1,99.04,1565484,False,PPL
2021-01-11,100.0,100.25,97.02,97.39,2440341,False,PPL
2021-01-08,98.85,99.0,97.75,98.38,1606516,False,PPL
2021-01-07,101.0,101.29,97.0,97.94,3469199,False,PPL
2021-01-06,101.0,102.0,99.5,99.85,5057218,False,PPL
2021-01-05,100.0,100.6,98.26,98.6,5339674,False,PPL
2021-01-04,102.99,104.3,100.2,102.21,12165562,False,PPL
2021-01-01,90.45,97.1,90.11,97.07,10771504,False,PPL
2020-12-31,90.0,90.85,89.49,90.33,1310897,False,PPL
2020-12-30,90.25,90.5,89.7,89.83,1220891,False,PPL
2020-12-29,91.5,91.65,89.02,89.47,1873784,False,PPL
2020-12-28,90.81,91.6,90.5,91.23,1139840,False,PPL
2020-12-24,91.65,92.03,90.4,90.54,1588490,False,PPL
2020-12-23,88.99,90.5,88.5,90.03,2623213,False,PPL
2020-12-22,91.55,92.49,89.0,89.52,3196629,False,PPL
2020-12-21,94.0,94.6,90.95,91.51,4531964,False,PPL
2020-12-18,96.8,96.8,95.3,95.46,1840657,False,PPL
2020-12-17,95.54,97.0,95.0,96.19,4271510,False,PPL
2020-12-16,93.09,94.6,92.2,94.0,3167290,False,PPL
2020-12-15,94.0,94.95,91.99,92.23,2551499,False,PPL
2020-12-14,91.75,94.49,91.5,94.07,3232182,False,PPL
2020-12-11,92.0,92.15,90.8,91.52,2812869,False,PPL
2020-12-10,90.06,90.35,89.16,89.76,983935,False,PPL
2020-12-09,89.05,90.49,89.05,90.06,1670051,False,PPL
2020-12-08,90.8,90.8,88.92,89.27,3174609,False,PPL
2020-12-07,92.7,92.7,90.4,90.53,2525039,False,PPL
2020-12-04,93.15,93.78,92.02,92.18,1936728,False,PPL
2020-12-03,92.0,93.25,91.2,91.38,1715726,False,PPL
2020-12-02,91.21,91.97,90.4,91.19,2874611,False,PPL
2020-12-01,91.3,93.2,90.81,92.08,2409531,False,PPL
2020-11-30,89.9,91.78,88.97,91.39,2071730,False,PPL
2020-11-27,91.1,91.74,89.0,90.15,2052059,False,PPL
2020-11-26,93.5,95.2,90.7,92.3,7760652,False,PPL
2020-11-25,87.0,90.33,86.9,90.18,5927938,False,PPL
2020-11-24,85.0,85.35,83.75,84.03,2135684,False,PPL
2020-11-23,84.0,84.0,81.52,83.35,1844458,False,PPL
2020-11-20,84.7,85.47,83.9,84.22,1090316,False,PPL
2020-11-19,85.4,86.2,84.25,84.56,935731,False,PPL
2020-11-18,86.25,86.65,84.85,85.44,1148821,False,PPL
2020-11-17,86.6,88.45,86.46,86.71,1903022,False,PPL
2020-11-16,87.0,87.59,85.1,85.39,1156126,False,PPL
2020-11-13,86.5,87.84,86.0,86.83,806176,False,PPL
2020-11-12,90.0,90.25,87.6,88.15,1580871,False,PPL
2020-11-11,89.53,90.99,89.3,90.83,4296142,False,PPL
2020-11-10,88.29,88.89,87.52,88.38,4473803,False,PPL
2020-11-09,86.0,86.0,84.0,84.31,607073,False,PPL
2020-11-06,86.5,86.5,84.5,84.87,1689521,False,PPL
2020-11-05,83.49,87.59,83.49,86.18,3546005,False,PPL
2020-11-04,82.4,83.5,81.87,82.19,2011086,False,PPL
2020-11-03,80.4,82.0,79.41,81.58,2702731,False,PPL
2020-11-02,81.01,81.4,76.85,78.85,5099072,False,PPL
2020-10-29,86.51,86.51,80.77,82.85,4658707,False,PPL
2020-10-28,86.09,88.89,85.75,87.31,2201890,False,PPL
2020-10-27,87.01,87.1,85.96,86.06,883272,False,PPL
2020-10-26,86.25,87.4,85.5,87.15,3606368,False,PPL
2020-10-23,87.0,87.9,85.0,85.51,2722579,False,PPL
2020-10-22,88.5,89.0,86.25,86.71,1339165,False,PPL
2020-10-21,88.0,89.51,88.0,88.91,1498747,False,PPL
2020-10-20,85.98,88.5,85.51,87.88,1632438,False,PPL
2020-10-19,85.0,86.54,84.0,85.46,930114,False,PPL
2020-10-16,85.6,86.5,84.51,85.03,1606999,False,PPL
2020-10-15,87.25,88.19,86.01,86.17,1880081,False,PPL
2020-10-14,86.29,86.8,85.51,86.52,912757,False,PPL
2020-10-13,88.0,88.24,86.26,86.64,1460076,False,PPL
2020-10-12,90.88,91.0,88.1,88.4,1544804,False,PPL
2020-10-09,89.0,91.5,88.84,90.55,2764937,False,PPL
2020-10-08,86.97,89.01,86.6,88.65,3525825,False,PPL
2020-10-07,87.01,87.51,85.56,86.46,2186669,False,PPL
2020-10-06,86.25,87.6,84.51,86.33,2387434,False,PPL
2020-10-05,89.6,89.6,85.51,86.27,2580233,False,PPL
2020-10-02,92.85,92.85,89.0,89.58,1494560,False,PPL
2020-10-01,91.65,96.49,90.15,92.96,1863008,False,PPL
2020-09-30,92.53,93.89,91.65,92.06,2054208,False,PPL
2020-09-29,92.01,93.45,91.61,92.96,1647417,False,PPL
2020-09-28,92.4,93.99,91.5,91.84,2772462,False,PPL
2020-09-25,92.38,94.23,92.02,92.42,3321817,False,PPL
2020-09-24,94.95,94.95,92.04,92.88,3700437,False,PPL
2020-09-23,96.0,96.37,94.85,95.08,1596563,False,PPL
2020-09-22,97.35,97.5,95.7,95.88,1893283,False,PPL
2020-09-21,98.35,98.98,97.7,97.86,1433403,False,PPL
2020-09-18,98.59,99.1,98.01,98.71,1564465,False,PPL
2020-09-17,99.25,99.5,98.0,98.12,1690981,False,PPL
2020-09-16,99.5,99.5,98.0,98.23,989466,False,PPL
2020-09-15,99.15,99.49,97.9,98.11,1929767,False,PPL
2020-09-14,100.5,100.99,98.71,98.9,2329736,False,PPL
2020-09-11,103.8,104.99,100.11,100.44,8570861,False,PPL
2020-09-10,102.0,103.9,102.0,103.11,7586126,False,PPL
2020-09-09,100.0,100.2,98.5,99.83,3419098,False,PPL
2020-09-08,100.5,102.13,100.5,101.16,3650067,False,PPL
2020-09-07,100.6,101.0,100.02,100.5,1882901,False,PPL
2020-09-04,101.0,101.6,100.5,101.18,2429762,False,PPL
2020-09-03,101.5,102.4,101.0,101.54,4495878,False,PPL
2020-09-02,101.19,101.88,100.7,101.16,2876730,False,PPL
2020-09-01,101.61,102.2,100.3,100.59,2844106,False,PPL
2020-08-31,99.75,102.4,99.75,101.49,4517481,False,PPL
2020-08-28,100.1,100.7,99.5,99.56,1426593,False,PPL
2020-08-27,101.1,101.1,99.8,100.46,2356462,False,PPL
2020-08-26,100.49,101.3,100.35,100.56,1929380,False,PPL
2020-08-25,99.47,100.4,99.1,99.98,2363016,False,PPL
2020-08-24,99.7,99.7,97.0,98.84,4658225,False,PPL
2020-08-21,103.5,103.51,99.77,100.26,5646954,False,PPL
2020-08-20,104.66,105.0,103.5,103.75,2571155,False,PPL
2020-08-19,104.49,106.05,104.0,104.85,6435841,False,PPL
2020-08-18,104.7,105.2,104.02,104.27,3625650,False,PPL
2020-08-17,103.27,105.49,103.01,104.03,7641788,False,PPL
2020-08-13,103.52,103.75,101.7,102.9,7330420,False,PPL
2020-08-12,104.74,105.4,102.0,102.63,8915839,False,PPL
2020-08-11,99.5,104.48,99.48,103.77,17083509,False,PPL
2020-08-10,100.0,100.25,98.6,98.86,3075239,False,PPL
2020-08-07,100.8,100.91,99.51,99.69,4505872,False,PPL
2020-08-06,100.7,102.45,100.21,100.4,14061362,False,PPL
2020-08-05,99.6,100.25,98.02,99.3,6719271,False,PPL
2020-08-04,99.05,100.89,98.51,98.8,8143233,False,PPL
2020-08-03,99.61,100.1,98.6,98.72,5654469,False,PPL
2020-07-30,99.4,100.3,98.6,99.57,7734839,False,PPL
2020-07-29,100.19,102.3,99.71,101.04,13088719,False,PPL
2020-07-28,99.99,100.5,99.25,99.79,7551507,False,PPL
2020-07-27,98.0,100.0,97.5,99.59,4194054,False,PPL
2020-07-24,98.75,98.75,97.01,98.0,3663647,False,PPL
2020-07-23,100.88,101.25,98.4,98.87,4217432,False,PPL
2020-07-22,101.3,101.99,100.09,100.56,7346304,False,PPL
2020-07-21,100.4,101.95,99.31,100.57,12112165,False,PPL
2020-07-20,100.5,101.2,99.65,100.0,8617167,False,PPL
2020-07-17,100.78,101.24,99.05,99.75,8295278,False,PPL
2020-07-16,98.6,100.89,98.26,100.16,19194559,False,PPL
2020-07-15,98.25,98.65,97.2,97.65,17338911,False,PPL
2020-07-14,95.38,98.4,94.63,96.61,23338305,False,PPL
2020-07-13,95.75,96.44,94.85,95.56,5883597,False,PPL
2020-07-10,94.8,95.1,94.11,94.71,1725949,False,PPL
2020-07-09,94.0,96.4,94.0,95.6,6420973,False,PPL
2020-07-08,91.97,93.89,91.61,93.26,4602051,False,PPL
2020-07-07,91.4,92.49,91.28,91.59,2633332,False,PPL
2020-07-06,90.49,91.5,90.0,91.09,2200598,False,PPL
2020-07-03,90.5,90.99,89.75,89.99,1535826,False,PPL
2020-07-02,90.0,91.6,89.4,90.19,5817993,False,PPL
2020-07-01,87.0,90.5,87.0,89.52,4442283,False,PPL
2020-06-30,87.8,88.2,86.2,86.78,2866626,False,PPL
2020-06-29,88.05,88.5,86.9,87.73,1665538,False,PPL
2020-06-26,88.69,88.69,86.8,87.02,1790865,False,PPL
2020-06-25,87.5,87.6,86.8,87.1,2312567,False,PPL
2020-06-24,90.3,90.4,88.6,88.95,2754420,False,PPL
2020-06-23,90.0,90.6,89.6,90.29,2520492,False,PPL
2020-06-22,90.4,90.5,88.0,89.49,2118583,False,PPL
2020-06-19,89.31,92.56,88.55,89.39,950977,False,PPL
2020-06-18,89.12,89.48,88.3,88.58,935042,False,PPL
2020-06-17,89.6,91.0,89.5,89.69,2177200,False,PPL
2020-06-16,89.88,89.88,88.5,89.49,1381338,False,PPL
2020-06-15,89.57,90.2,88.05,88.46,1918771,False,PPL
2020-06-12,91.55,91.9,90.9,91.04,2589785,False,PPL
2020-06-11,94.74,95.55,93.8,94.02,3149475,False,PPL
2020-06-10,95.2,95.45,94.4,95.03,1237315,False,PPL
2020-06-09,95.95,95.95,94.7,95.11,2403196,False,PPL
2020-06-08,97.49,97.68,96.25,96.67,3545675,False,PPL
2020-06-05,93.98,94.5,93.6,94.34,766672,False,PPL
2020-06-04,95.01,95.4,93.57,93.78,2372961,False,PPL
2020-06-03,96.5,98.1,95.5,95.68,6961021,False,PPL
2020-06-02,95.0,95.49,94.4,95.11,5138637,False,PPL
2020-06-01,94.7,94.8,93.6,94.36,2693813,False,PPL
2020-05-29,92.22,94.8,92.22,93.74,10532731,False,PPL
2020-05-28,93.0,93.0,91.75,92.13,2084403,False,PPL
2020-05-21,94.74,95.4,93.75,93.99,2076658,False,PPL
2020-05-20,95.81,95.81,93.1,93.83,1519176,False,PPL
2020-05-19,93.99,97.25,93.52,95.71,7249584,False,PPL
2020-05-18,95.6,95.6,92.9,93.21,3039943,False,PPL
2020-05-15,92.15,93.09,91.51,91.98,3056189,False,PPL
2020-05-14,91.04,91.04,89.6,90.54,1212775,False,PPL
2020-05-13,91.99,92.49,90.8,91.04,2943364,False,PPL
2020-05-12,89.11,90.1,87.7,89.23,1833818,False,PPL
2020-05-11,90.1,90.52,88.2,88.84,748717,False,PPL
2020-05-08,91.0,91.0,89.11,89.9,1523229,False,PPL
2020-05-07,91.45,91.66,89.6,89.97,2877448,False,PPL
2020-05-06,95.0,95.6,92.61,93.1,4625649,False,PPL
2020-05-05,95.51,95.9,93.5,93.79,5960632,False,PPL
2020-05-04,90.33,92.99,88.6,91.51,9368610,False,PPL
2020-04-30,89.0,91.35,87.91,91.33,17969061,False,PPL
2020-04-29,84.7,85.75,84.5,84.98,4805867,False,PPL
2020-04-28,82.0,83.0,81.61,82.51,1320399,False,PPL
2020-04-27,82.12,84.29,81.02,83.34,2777800,False,PPL
2020-04-24,84.2,85.3,82.8,83.43,4580395,False,PPL
2020-04-23,80.9,83.11,79.4,83.05,8230137,False,PPL
2020-04-22,75.51,78.26,74.0,77.32,5830748,False,PPL
2020-04-21,81.51,82.65,79.28,79.32,7654984,False,PPL
2020-04-20,87.65,87.95,84.01,85.7,4939189,False,PPL
2020-04-17,86.0,88.95,85.0,86.54,6928185,False,PPL
2020-04-16,81.6,82.99,80.25,82.75,1551289,False,PPL
2020-04-15,82.5,84.0,80.75,81.6,2589665,False,PPL
2020-04-14,84.5,85.24,82.8,83.95,1515682,False,PPL
2020-04-13,87.4,87.98,83.41,84.0,3436546,False,PPL
2020-04-10,85.24,87.1,84.5,86.45,2849189,False,PPL
2020-04-09,87.6,90.4,87.5,88.73,3640747,False,PPL
2020-04-08,85.0,86.25,83.8,85.18,2359111,False,PPL
2020-04-07,82.99,87.0,82.5,86.53,3479653,False,PPL
2020-04-06,85.5,85.5,81.02,81.64,7857552,False,PPL
2020-04-03,81.9,84.0,81.3,83.78,11355792,False,PPL
2020-04-02,74.1,78.16,73.5,78.14,10126840,False,PPL
2020-04-01,71.0,73.8,70.5,72.71,3133448,False,PPL
2020-03-31,70.5,73.27,69.51,71.81,4301000,False,PPL
2020-03-30,72.61,72.61,68.65,69.13,4335840,False,PPL
2020-03-27,73.5,75.8,71.61,74.09,1485240,False,PPL
2020-03-26,70.0,74.5,70.0,72.25,2261778,False,PPL
2020-03-25,77.7,77.7,70.02,71.14,2671023,False,PPL
2020-03-24,76.5,77.0,75.16,75.16,2114464,False,PPL
2020-03-20,80.0,81.25,76.15,81.25,7190900,False,PPL
2020-03-19,70.74,80.0,70.74,75.59,7439100,False,PPL
2020-03-18,80.1,80.11,76.47,76.47,2907800,False,PPL
2020-03-17,87.0,88.1,81.02,82.67,5687100,False,PPL
2020-03-16,90.99,91.0,86.93,86.93,7025100,False,PPL
2020-03-13,89.0,94.99,87.0,93.97,8779200,False,PPL
2020-03-12,93.1,95.4,91.65,92.64,6569200,False,PPL
2020-03-11,102.0,103.75,96.75,97.31,10329800,False,PPL
2020-03-10,96.78,101.75,96.78,98.25,23618400,False,PPL
2020-03-09,104.06,104.06,104.06,104.06,238400,False,PPL
2020-03-06,117.5,117.5,111.01,111.89,3360000,False,PPL
2020-03-05,116.4,119.7,116.4,119.09,4293900,False,PPL
2020-03-04,117.95,118.55,115.8,116.1,1052900,False,PPL
2020-03-03,118.49,121.0,116.75,118.35,2607100,False,PPL
2020-03-02,112.45,117.35,112.45,116.76,2440600,False,PPL
2020-02-28,113.0,114.1,110.4,110.87,2870800,False,PPL
2020-02-27,114.49,115.5,110.06,113.95,4977500,False,PPL
2020-02-26,118.02,119.5,116.51,117.7,1131400,False,PPL
2020-02-25,121.9,123.5,118.31,119.0,2123100,False,PPL
2020-02-24,128.0,128.0,121.8,122.54,1483900,False,PPL
2020-02-21,129.0,129.5,128.03,128.45,475500,False,PPL
2020-02-20,131.0,131.5,128.5,128.81,1164700,False,PPL
2020-02-19,129.49,131.2,128.9,129.69,3613800,False,PPL
2020-02-18,130.0,131.2,127.7,128.16,829300,False,PPL
2020-02-17,130.5,130.8,128.8,129.71,275800,False,PPL
2020-02-14,131.99,132.45,129.31,130.88,674800,False,PPL
2020-02-13,134.0,134.48,130.5,131.52,886500,False,PPL
2020-02-12,131.5,133.5,130.5,132.99,3240500,False,PPL
2020-02-11,128.21,130.99,127.05,129.68,1894100,False,PPL
2020-02-10,133.45,133.5,128.0,128.94,1778400,False,PPL
2020-02-07,132.12,134.5,130.25,131.64,2096200,False,PPL
2020-02-06,135.5,136.5,131.56,132.12,2414900,False,PPL
2020-02-04,135.53,135.53,132.8,133.76,1201100,False,PPL
2020-02-03,140.5,141.0,134.0,134.91,3052400,False,PPL
2020-01-31,145.9,145.95,142.3,142.5,931400,False,PPL
2020-01-30,146.15,146.25,144.01,145.12,683600,False,PPL
2020-01-29,147.4,148.74,145.35,146.16,669800,False,PPL
2020-01-28,147.2,147.25,146.0,146.87,266000,False,PPL
2020-01-27,149.0,149.49,147.0,148.36,682300,False,PPL
2020-01-24,147.0,151.48,146.1,149.87,2523200,False,PPL
2020-01-23,147.5,147.5,145.5,147.0,1300200,False,PPL
2020-01-22,147.0,148.0,142.4,146.78,4108500,False,PPL
2020-01-21,147.2,148.5,144.9,146.57,746200,False,PPL
2020-01-20,149.6,150.18,146.31,147.1,1040800,False,PPL
2020-01-17,149.49,149.99,147.5,148.8,940900,False,PPL
2020-01-16,148.6,149.9,146.85,148.92,1669800,False,PPL
2020-01-15,150.2,150.3,147.55,148.16,1054400,False,PPL
2020-01-14,151.97,152.25,149.1,149.99,1685700,False,PPL
2020-01-13,152.0,154.49,150.12,151.82,6835000,False,PPL
2020-01-10,143.01,149.14,143.01,149.14,3880500,False,PPL
2020-01-09,139.4,143.5,138.8,142.04,3528900,False,PPL
2020-01-08,138.0,140.0,136.62,137.07,1615400,False,PPL
2020-01-07,140.45,142.0,138.0,140.4,1777200,False,PPL
2020-01-06,141.99,142.5,139.0,139.98,2662600,False,PPL
2020-01-03,145.5,146.48,142.0,143.2,5020900,False,PPL
2020-01-02,139.0,144.5,138.1,142.79,8125900,False,PPL
2020-01-01,137.24,138.8,137.0,138.27,1287600,False,PPL
2019-12-31,138.01,138.6,136.62,137.14,1060700,False,PPL
2019-12-30,139.5,141.5,137.81,138.28,2113900,False,PPL
2019-12-27,140.0,140.5,136.4,138.21,2756900,False,PPL
2019-12-26,137.25,140.1,137.01,139.11,2974900,False,PPL
2019-12-24,134.02,137.09,131.0,136.17,3517400,False,PPL
2019-12-23,140.4,140.4,133.69,134.59,4704500,False,PPL
2019-12-20,138.1,142.79,135.25,140.72,5109100,False,PPL
2019-12-19,138.7,140.9,135.2,136.5,5418100,False,PPL
2019-12-18,145.0,148.0,138.0,140.33,7790600,False,PPL
2019-12-17,143.0,144.02,141.6,144.02,9122100,False,PPL
2019-12-16,134.0,137.17,133.51,137.17,5579000,False,PPL
2019-12-13,126.5,130.64,126.09,130.64,8893700,False,PPL
2019-12-12,122.86,125.0,122.2,124.42,4059400,False,PPL
2019-12-11,125.25,125.75,122.44,122.8,1515600,False,PPL
2019-12-10,124.79,125.75,122.1,124.99,2873500,False,PPL
2019-12-09,126.13,126.99,124.09,124.65,3529100,False,PPL
2019-12-06,124.0,126.5,122.52,124.96,7477400,False,PPL
2019-12-05,121.0,123.51,120.6,122.67,4600500,False,PPL
2019-12-04,118.6,119.9,117.9,119.1,1902500,False,PPL
2019-12-03,119.25,119.7,118.01,118.45,2395600,False,PPL
2019-12-02,120.0,120.0,116.6,118.42,3822700,False,PPL
2019-11-29,120.2,120.97,119.0,120.04,2598000,False,PPL
2019-11-28,118.68,120.0,118.25,119.04,2581600,False,PPL
2019-11-27,119.89,120.6,117.18,118.68,1736500,False,PPL
2019-11-26,122.1,122.9,118.11,119.59,1670900,False,PPL
2019-11-25,124.35,124.4,120.7,121.25,2066600,False,PPL
2019-11-22,120.25,124.89,119.25,123.02,1132100,False,PPL
2019-11-21,122.8,123.66,119.25,120.07,1286300,False,PPL
2019-11-20,124.51,124.85,122.33,122.99,3096400,False,PPL
2019-11-19,124.75,125.79,123.75,124.68,3425300,False,PPL
2019-11-18,123.99,125.0,123.1,124.18,5313700,False,PPL
2019-11-15,122.74,122.74,121.3,122.08,998300,False,PPL
2019-11-14,122.98,123.5,121.99,122.04,1678700,False,PPL
2019-11-13,121.9,124.0,120.25,122.33,3573100,False,PPL
2019-11-12,122.5,122.8,121.0,121.97,2645200,False,PPL
2019-11-11,119.8,122.0,119.3,121.73,4478700,False,PPL
2019-11-08,118.0,119.89,118.0,118.9,1617300,False,PPL
2019-11-07,118.9,118.9,116.6,117.59,1520000,False,PPL
2019-11-06,117.0,119.0,116.71,117.51,6498600,False,PPL
2019-11-05,116.8,117.7,115.7,115.98,2709900,False,PPL
2019-11-04,114.4,116.75,114.1,116.2,3897800,False,PPL
2019-11-01,115.51,115.9,113.51,113.95,1938700,False,PPL
2019-10-31,112.61,116.38,112.26,115.01,6292600,False,PPL
2019-10-30,112.49,114.5,111.01,112.49,2719000,False,PPL
2019-10-29,112.35,113.29,111.66,111.92,676900,False,PPL
2019-10-28,113.05,113.3,111.72,112.03,1135500,False,PPL
2019-10-25,113.65,114.55,112.3,112.68,1287600,False,PPL
2019-10-24,112.39,114.0,111.98,113.36,1663500,False,PPL
2019-10-23,110.88,112.2,110.48,111.54,772600,False,PPL
2019-10-22,110.07,110.85,109.0,109.87,623400,False,PPL
2019-10-21,112.97,112.97,108.3,110.0,1044700,False,PPL
2019-10-18,112.5,114.15,111.11,112.89,689000,False,PPL
2019-10-17,114.99,115.25,112.5,112.88,845100,False,PPL
2019-10-16,113.9,115.0,113.2,114.61,2331400,False,PPL
2019-10-15,136.5,137.0,135.0,136.26,1256700,False,PPL
2019-10-14,138.0,139.0,136.11,136.6,1697600,False,PPL
2019-10-11,137.47,138.6,136.5,137.08,3990100,False,PPL
2019-10-10,137.45,137.48,135.3,136.71,1297800,False,PPL
2019-10-09,136.75,138.0,135.55,136.96,1543900,False,PPL
2019-10-08,140.01,141.49,136.2,137.15,3597900,False,PPL
2019-10-07,135.94,142.74,135.25,140.01,3775400,False,PPL
2019-10-04,135.9,136.87,133.9,136.29,2020100,False,PPL
2019-10-03,134.0,136.5,132.25,135.2,2014900,False,PPL
2019-10-02,135.97,136.0,132.21,134.61,1264400,False,PPL
2019-10-01,136.02,137.0,135.01,135.68,1423200,False,PPL
2019-09-30,135.0,137.8,134.5,136.03,3090500,False,PPL
2019-09-27,130.74,134.49,129.35,133.68,2025600,False,PPL
2019-09-26,131.5,131.6,129.0,130.01,1349100,False,PPL
2019-09-25,130.4,132.0,127.11,129.56,3572900,False,PPL
2019-09-24,128.22,130.88,125.55,130.15,1760900,False,PPL
2019-09-23,131.5,131.5,128.0,128.28,1090600,False,PPL
2019-09-20,130.85,133.49,129.01,131.45,4222000,False,PPL
2019-09-19,126.95,130.4,126.26,129.81,2626500,False,PPL
2019-09-18,128.11,128.5,126.15,126.95,1488600,False,PPL
2019-09-17,131.4,132.4,129.5,131.11,2901700,False,PPL
2019-09-16,129.48,129.49,126.0,129.49,3125900,False,PPL
2019-09-13,123.49,124.47,120.12,123.33,1918300,False,PPL
2019-09-12,120.0,124.75,120.0,122.16,4973200,False,PPL
2019-09-11,114.95,118.9,114.7,118.9,3065900,False,PPL
2019-09-06,111.5,113.88,110.01,113.24,1751600,False,PPL
2019-09-05,112.25,114.9,110.5,111.34,2555300,False,PPL
2019-09-04,105.63,110.91,104.5,110.11,1155000,False,PPL
2019-09-03,108.26,109.24,104.8,105.63,1663500,False,PPL
2019-09-02,105.0,108.0,100.16,107.26,2659200,False,PPL
2019-08-30,106.95,108.5,103.1,103.4,2167900,False,PPL
2019-08-29,112.99,112.99,107.41,107.64,2196400,False,PPL
2019-08-28,112.52,114.73,112.4,113.06,1690200,False,PPL
2019-08-27,114.0,114.25,109.2,111.91,2846800,False,PPL
2019-08-26,119.5,119.5,113.53,113.67,1634500,False,PPL
2019-08-23,123.4,123.4,118.06,119.5,3351900,False,PPL
2019-08-22,119.2,124.0,118.99,123.35,6478000,False,PPL
2019-08-21,116.57,119.8,113.4,118.24,3088300,False,PPL
2019-08-20,113.5,117.5,112.85,116.56,5846900,False,PPL
2019-08-19,109.49,113.45,107.25,112.64,2599300,False,PPL
2019-08-16,113.4,114.95,107.73,108.25,6332500,False,PPL
2019-08-09,116.11,119.0,113.0,113.4,1175800,False,PPL
2019-08-08,119.25,119.9,115.5,117.25,1849500,False,PPL
2019-08-07,123.8,123.8,119.5,120.09,1795300,False,PPL
2019-08-06,125.0,127.25,123.75,124.36,2098500,False,PPL
2019-08-05,126.51,127.0,124.1,125.15,542700,False,PPL
2019-08-02,132.0,132.0,127.51,128.1,571000,False,PPL
2019-08-01,134.0,134.0,131.0,131.48,836800,False,PPL
2019-07-31,132.5,134.65,130.0,133.57,924300,False,PPL
2019-07-30,131.27,133.49,129.3,130.73,403900,False,PPL
2019-07-29,133.0,133.99,131.5,132.34,308700,False,PPL
2019-07-26,132.22,135.94,132.22,133.89,214100,False,PPL
2019-07-25,134.5,135.9,132.0,134.22,237400,False,PPL
2019-07-24,136.8,136.9,133.56,133.89,405500,False,PPL
2019-07-23,135.5,136.85,135.25,136.19,384100,False,PPL
2019-07-22,136.0,136.49,134.22,135.33,759100,False,PPL
2019-07-19,131.05,135.5,131.05,134.88,1194000,False,PPL
2019-07-18,135.11,138.79,131.54,132.3,502800,False,PPL
2019-07-17,139.0,140.9,137.25,137.63,372600,False,PPL
2019-07-16,140.25,140.5,135.2,138.49,1883400,False,PPL
2019-07-15,143.2,144.2,140.0,140.25,363800,False,PPL
2019-07-12,146.49,146.49,144.5,144.98,668800,False,PPL
2019-07-11,146.0,146.25,144.5,145.35,158400,False,PPL
2019-07-10,146.9,146.9,144.11,145.01,136800,False,PPL
2019-07-09,144.0,146.25,143.01,145.6,608100,False,PPL
2019-07-08,145.0,146.5,142.2,142.85,515100,False,PPL
2019-07-05,147.0,147.0,144.77,146.06,189100,False,PPL
2019-07-04,150.8,150.89,146.52,147.13,652700,False,PPL
2019-07-03,145.0,149.5,144.8,149.14,679400,False,PPL
2019-07-02,143.5,145.85,143.05,145.07,805800,False,PPL
2019-07-01,148.67,148.67,143.01,144.13,378600,False,PPL
2019-06-28,145.0,145.19,143.0,144.43,670100,False,PPL
2019-06-27,151.97,152.5,145.0,145.96,1026800,False,PPL
2019-06-26,151.81,153.5,147.9,149.65,757200,False,PPL
2019-06-25,152.69,152.7,150.1,150.49,455800,False,PPL
2019-06-24,155.2,156.1,151.95,152.22,1215100,False,PPL
2019-06-21,157.4,157.4,155.05,155.57,1424200,False,PPL
2019-06-20,156.49,157.0,155.0,155.12,1351900,False,PPL
2019-06-19,155.0,156.7,154.51,155.05,699200,False,PPL
2019-06-18,157.0,157.0,154.0,154.38,1154800,False,PPL
2019-06-17,159.0,159.0,156.56,156.76,533900,False,PPL
2019-06-14,157.02,161.45,157.02,158.76,1991700,False,PPL
2019-06-13,156.06,159.2,155.8,157.74,899300,False,PPL
2019-06-12,155.0,160.0,153.89,157.59,997200,False,PPL
2019-06-11,151.5,155.98,151.05,154.11,957400,False,PPL
2019-06-10,161.0,161.0,151.0,152.41,940400,False,PPL
2019-06-03,163.01,163.01,157.0,157.5,1808600,False,PPL
2019-05-30,164.99,166.85,163.11,164.28,1855000,False,PPL
2019-05-29,161.0,165.5,161.0,164.04,2510900,False,PPL
2019-05-28,163.0,163.0,158.6,159.57,1863700,False,PPL
2019-05-27,164.81,165.0,162.1,162.78,462400,False,PPL
2019-05-24,165.5,165.52,163.5,164.81,1133800,False,PPL
2019-05-23,169.9,170.88,162.14,168.82,2299200,False,PPL
2019-05-22,158.0,165.43,158.0,165.43,1032000,False,PPL
2019-05-21,158.0,159.48,153.5,157.56,2948800,False,PPL
2019-05-20,157.38,159.0,157.38,157.66,4735700,False,PPL
2019-05-17,170.5,170.5,164.5,165.66,874400,False,PPL
2019-05-16,169.9,173.0,164.0,170.5,1664300,False,PPL
2019-05-15,164.0,167.06,163.95,167.06,1808400,False,PPL
2019-05-14,156.0,159.94,155.31,159.11,1333800,False,PPL
2019-05-13,157.1,160.0,153.0,153.33,1723800,False,PPL
2019-05-10,157.9,157.9,155.03,156.38,171700,False,PPL
2019-05-09,155.75,160.25,155.75,157.99,557500,False,PPL
2019-05-08,160.01,160.01,155.16,156.56,739200,False,PPL
2019-05-07,160.01,162.0,159.0,159.3,286300,False,PPL
2019-05-06,164.05,165.0,159.72,160.23,536700,False,PPL
2019-05-03,169.0,169.01,164.21,165.21,422200,False,PPL
2019-05-02,170.3,172.0,169.56,169.87,848400,False,PPL
2019-04-30,170.6,172.89,168.33,169.48,679300,False,PPL
2019-04-29,176.5,176.5,171.02,171.93,544200,False,PPL
2019-04-26,176.0,177.4,174.51,175.86,361300,False,PPL
2019-04-25,177.4,177.9,173.3,175.95,771000,False,PPL
2019-04-24,177.0,179.0,174.56,176.76,459300,False,PPL
2019-04-23,178.0,178.9,173.52,176.49,865500,False,PPL
2019-04-22,181.99,181.99,177.2,178.32,683700,False,PPL
2019-04-19,177.0,183.9,175.66,180.22,1177700,False,PPL
2019-04-18,175.9,177.75,175.0,177.13,248900,False,PPL
2019-04-17,176.33,178.5,174.4,175.02,571200,False,PPL
2019-04-16,177.11,178.75,176.01,176.65,314300,False,PPL
2019-04-15,177.49,178.0,174.81,176.81,186800,False,PPL
2019-04-12,177.99,177.99,174.9,177.03,721500,False,PPL
2019-04-11,175.9,178.8,175.61,177.26,441700,False,PPL
2019-04-10,178.58,179.11,175.16,176.14,1929100,False,PPL
2019-04-09,178.6,180.0,177.26,178.08,1115100,False,PPL
2019-04-08,182.0,182.0,177.5,178.49,506600,False,PPL
2019-04-05,178.73,180.69,178.2,180.05,194700,False,PPL
2019-04-04,181.0,182.1,178.05,180.05,504400,False,PPL
2019-04-03,180.7,182.59,180.1,182.15,619800,False,PPL
2019-04-02,183.0,183.1,180.5,180.96,420500,False,PPL
2019-04-01,185.01,186.0,180.5,181.98,916800,False,PPL
2019-03-29,185.05,186.4,184.05,184.99,1445200,False,PPL
2019-03-28,191.5,191.6,185.01,185.84,754700,False,PPL
2019-03-27,186.49,192.7,186.0,191.51,1891300,False,PPL
2019-03-26,184.19,187.49,183.8,185.88,921200,False,PPL
2019-03-25,184.75,184.9,182.01,183.33,355900,False,PPL
2019-03-22,181.4,187.61,181.4,185.74,2304300,False,PPL
2019-03-21,178.3,181.48,177.0,178.68,824900,False,PPL
2019-03-20,176.98,178.79,176.0,178.32,134700,False,PPL
2019-03-19,178.74,178.74,176.6,177.14,179200,False,PPL
2019-03-18,175.0,177.98,172.5,177.38,708900,False,PPL
2019-03-15,178.98,178.98,175.2,176.04,575100,False,PPL
2019-03-14,179.0,181.75,178.0,178.42,306500,False,PPL
2019-03-13,178.02,179.5,177.08,178.07,219000,False,PPL
2019-03-12,176.28,180.5,174.0,178.23,1240100,False,PPL
2019-03-11,175.55,178.7,175.55,177.59,605600,False,PPL
2019-03-08,179.02,180.73,177.1,178.1,413100,False,PPL
2019-03-07,182.06,183.47,179.65,180.2,424000,False,PPL
2019-03-06,183.8,184.0,180.51,182.12,1316500,False,PPL
2019-03-05,184.35,185.5,182.1,182.85,371800,False,PPL
2019-03-04,186.0,186.9,181.1,184.35,461600,False,PPL
2019-03-01,184.14,189.98,184.14,186.0,1963200,False,PPL
2019-02-28,186.7,189.9,181.2,184.94,2577600,False,PPL
2019-02-27,183.0,186.4,178.0,185.04,2222600,False,PPL
2019-02-26,186.0,187.85,180.25,182.85,1602400,False,PPL
2019-02-25,189.92,191.0,187.9,188.12,638800,False,PPL
2019-02-22,189.0,191.5,188.32,189.92,431300,False,PPL
2019-02-21,190.01,191.51,189.1,189.96,1314100,False,PPL
2019-02-20,189.5,189.75,187.7,189.0,2090100,False,PPL
2019-02-19,190.0,190.8,188.51,189.36,268000,False,PPL
2019-02-18,192.49,192.95,189.01,190.06,881000,False,PPL
2019-02-15,189.5,191.9,188.51,189.78,1747000,False,PPL
2019-02-14,188.0,189.8,188.0,189.29,525500,False,PPL
2019-02-13,188.0,190.0,187.25,188.03,764200,False,PPL
2019-02-12,186.0,187.9,185.11,187.67,373700,False,PPL
2019-02-11,188.22,188.9,185.01,185.81,991600,False,PPL
2019-02-08,189.5,189.7,186.2,187.92,1442600,False,PPL
2019-02-07,191.75,192.72,188.12,189.52,545000,False,PPL
2019-02-06,193.9,193.9,190.11,191.71,883100,False,PPL
2019-02-04,191.8,194.7,191.17,193.79,1016500,False,PPL
2019-02-01,188.6,191.8,188.6,191.39,1185400,False,PPL
2019-01-31,190.51,191.5,188.0,189.29,1686700,False,PPL
2019-01-30,189.0,190.5,187.02,189.44,1158600,False,PPL
2019-01-29,184.25,191.0,183.0,188.68,2596700,False,PPL
2019-01-28,184.99,186.5,183.5,185.05,644800,False,PPL
2019-01-25,186.97,187.05,184.01,184.66,541000,False,PPL
2019-01-24,184.11,187.5,182.55,185.78,1899900,False,PPL
2019-01-23,183.0,185.22,181.41,182.9,1112500,False,PPL
2019-01-22,183.18,184.49,180.86,183.81,1250900,False,PPL
2019-01-21,180.0,185.87,180.0,182.74,3195000,False,PPL
2019-01-18,179.4,180.0,176.8,178.05,1317600,False,PPL
2019-01-17,179.5,179.5,175.25,178.82,2411200,False,PPL
2019-01-16,182.7,182.7,179.1,180.17,3351300,False,PPL
2019-01-15,175.0,183.39,175.0,183.14,5676500,False,PPL
2019-01-14,170.0,175.0,170.0,174.66,1084600,False,PPL
2019-01-11,172.7,173.0,165.0,171.88,1705500,False,PPL
2019-01-10,168.0,173.65,167.8,171.16,2485200,False,PPL
2019-01-09,168.0,170.0,163.55,165.71,1836900,False,PPL
2019-01-08,158.35,164.52,157.52,164.19,1367900,False,PPL
2019-01-07,151.25,157.58,151.25,156.69,2047800,False,PPL
2019-01-04,150.98,152.15,149.45,150.08,875000,False,PPL
2019-01-03,154.89,155.49,149.31,149.96,436100,False,PPL
2019-01-02,154.99,158.5,153.0,154.16,832100,False,PPL
2019-01-01,149.1,157.14,149.01,154.99,492500,False,PPL
2018-12-31,147.02,151.0,145.1,149.66,283800,False,PPL
2018-12-28,150.1,151.95,147.0,147.75,511400,False,PPL
2018-12-27,155.0,155.49,150.51,151.01,645000,False,PPL
2018-12-26,153.05,153.49,150.77,152.01,399900,False,PPL
2018-12-24,153.25,154.99,152.38,154.12,59800,False,PPL
2018-12-21,156.05,157.4,152.31,154.04,848000,False,PPL
2018-12-20,158.89,159.89,156.45,156.89,1718500,False,PPL
2018-12-19,160.98,160.98,157.0,158.37,1234800,False,PPL
2018-12-18,164.8,166.0,161.99,162.57,319900,False,PPL
2018-12-17,167.0,169.0,165.51,166.43,148500,False,PPL
2018-12-14,165.0,169.8,164.25,168.82,235800,False,PPL
2018-12-13,168.98,169.0,162.65,164.17,405400,False,PPL
2018-12-12,167.89,171.9,165.5,167.8,889300,False,PPL
2018-12-11,170.0,171.0,167.0,168.17,981700,False,PPL
2018-12-10,166.9,170.59,166.0,170.59,1526600,False,PPL
2018-12-07,167.9,167.9,160.13,162.47,503800,False,PPL
2018-12-06,172.0,175.68,164.2,166.58,862600,False,PPL
2018-12-05,173.02,173.02,167.0,171.91,578400,False,PPL
2018-12-04,170.9,174.0,169.01,173.0,343200,False,PPL
2018-12-03,174.0,174.59,166.5,169.22,929500,False,PPL
2018-11-30,162.97,170.92,162.97,169.31,1956800,False,PPL
2018-11-29,162.99,164.2,162.0,162.79,269100,False,PPL
2018-11-28,164.0,166.89,162.0,163.14,1130600,False,PPL
2018-11-27,165.13,166.0,163.1,165.03,277100,False,PPL
2018-11-26,162.5,164.3,161.5,163.57,941500,False,PPL
2018-11-23,166.01,166.89,163.0,163.67,589100,False,PPL
2018-11-22,170.5,170.5,166.0,166.62,1107900,False,PPL
2018-11-20,170.11,174.99,169.6,172.94,407800,False,PPL
2018-11-19,170.62,171.25,168.5,170.54,302400,False,PPL
2018-11-16,171.5,172.0,169.9,170.62,1417200,False,PPL
2018-11-15,170.5,172.0,167.5,171.47,711600,False,PPL
2018-11-14,173.5,173.5,167.0,169.37,1558800,False,PPL
2018-11-13,175.1,179.0,172.01,175.59,293800,False,PPL
2018-11-12,174.59,176.95,173.9,175.05,539900,False,PPL
2018-11-09,177.06,178.4,173.0,174.57,505300,False,PPL
2018-11-08,179.99,180.0,177.0,177.74,193600,False,PPL
2018-11-07,176.94,181.0,176.25,180.08,445900,False,PPL
2018-11-06,177.9,180.5,176.0,176.54,564500,False,PPL
2018-11-05,181.05,181.05,177.0,178.33,438500,False,PPL
2018-11-02,185.05,185.05,178.61,181.37,1536200,False,PPL
2018-11-01,186.8,187.7,184.0,185.98,509200,False,PPL
2018-10-31,189.95,190.0,185.0,186.79,1858900,False,PPL
2018-10-30,192.9,193.5,188.0,188.51,698100,False,PPL
2018-10-29,189.0,192.9,186.2,190.8,1446000,False,PPL
2018-10-26,182.8,189.9,180.02,189.19,1178000,False,PPL
2018-10-25,179.0,183.34,178.0,181.02,1325900,False,PPL
2018-10-24,179.21,179.21,172.75,178.48,1217500,False,PPL
2018-10-23,174.5,174.5,170.0,170.68,1681000,False,PPL
2018-10-22,177.16,178.5,174.01,174.43,760500,False,PPL
2018-10-19,182.12,182.12,177.5,178.51,960400,False,PPL
2018-10-18,181.8,184.0,179.0,182.84,243200,False,PPL
2018-10-17,176.9,182.0,175.01,181.4,594700,False,PPL
2018-10-16,172.6,178.68,172.6,176.5,1376600,False,PPL
2018-10-15,178.68,178.68,169.01,172.7,537100,False,PPL
2018-10-12,185.0,185.0,175.5,177.5,258400,False,PPL
2018-10-11,212.11,212.11,209.0,210.01,197600,False,PPL
2018-10-10,213.18,214.83,210.01,211.36,342500,False,PPL
2018-10-09,205.0,214.17,204.5,213.17,2095900,False,PPL
2018-10-08,208.0,211.89,203.0,204.01,1212100,False,PPL
2018-10-05,214.75,220.15,209.0,210.0,519000,False,PPL
2018-10-04,215.99,216.0,214.2,214.37,97000,False,PPL
2018-10-03,217.0,218.0,214.5,215.05,143200,False,PPL
2018-10-02,216.01,220.0,216.01,217.99,966100,False,PPL
2018-10-01,214.5,216.0,212.51,215.06,230700,False,PPL
2018-09-28,213.4,214.5,212.0,213.4,812100,False,PPL
2018-09-27,213.5,214.8,211.01,212.9,190300,False,PPL
2018-09-26,216.0,217.5,213.5,214.62,230600,False,PPL
2018-09-25,214.5,216.0,213.5,215.01,578100,False,PPL
2018-09-24,212.49,214.5,210.5,212.92,675300,False,PPL
2018-09-19,211.5,211.98,209.5,211.5,197300,False,PPL
2018-09-18,206.55,213.0,206.5,210.94,905500,False,PPL
2018-09-17,210.0,210.5,205.99,207.22,132900,False,PPL
2018-09-14,211.0,211.95,208.25,208.88,158800,False,PPL
2018-09-13,207.4,211.9,206.13,210.9,472700,False,PPL
2018-09-12,205.0,209.69,202.0,207.6,245000,False,PPL
2018-09-11,203.0,206.0,202.51,204.26,361900,False,PPL
2018-09-10,205.0,205.0,200.5,202.11,300300,False,PPL
2018-09-07,210.59,210.59,203.1,203.9,961500,False,PPL
2018-09-06,210.01,210.99,208.05,208.89,295200,False,PPL
2018-09-05,211.5,211.7,209.0,211.07,305700,False,PPL
2018-09-04,206.11,211.89,206.11,211.21,100700,False,PPL
2018-09-03,208.45,209.0,206.0,208.92,400400,False,PPL
2018-08-31,208.5,211.5,208.01,208.3,257000,False,PPL
2018-08-30,209.99,211.8,206.02,208.34,361200,False,PPL
2018-08-29,212.49,212.8,207.94,208.88,1518300,False,PPL
2018-08-28,212.05,212.75,211.1,211.67,201500,False,PPL
2018-08-27,210.2,213.25,210.1,211.95,1459500,False,PPL
2018-08-24,211.89,212.45,209.55,210.28,1400100,False,PPL
2018-08-20,212.9,213.05,210.4,211.3,344800,False,PPL
2018-08-17,212.0,213.0,210.11,212.22,539000,False,PPL
2018-08-16,210.5,212.85,209.15,211.06,119000,False,PPL
2018-08-15,214.9,214.9,211.25,211.42,229500,False,PPL
2018-08-13,213.99,214.0,210.5,213.37,372700,False,PPL
2018-08-10,213.0,213.9,211.0,212.45,351300,False,PPL
2018-08-09,210.11,213.0,210.0,212.25,306600,False,PPL
2018-08-08,212.97,213.9,211.0,212.41,395700,False,PPL
2018-08-07,211.0,212.89,210.0,211.13,325400,False,PPL
2018-08-06,209.8,212.74,208.5,210.59,162000,False,PPL
2018-08-03,206.15,211.0,206.15,209.16,1192800,False,PPL
2018-08-02,213.01,213.01,209.01,209.16,153400,False,PPL
2018-08-01,214.9,215.0,212.0,213.01,244500,False,PPL
2018-07-31,215.51,217.75,212.2,213.73,510900,False,PPL
2018-07-30,214.99,217.95,213.5,217.29,563500,False,PPL
2018-07-27,212.9,216.0,211.6,214.24,487800,False,PPL
2018-07-26,210.3,213.89,208.0,212.75,595000,False,PPL
2018-07-24,202.0,208.5,201.0,206.26,921900,False,PPL
2018-07-23,206.0,206.06,200.99,201.13,767200,False,PPL
2018-07-20,211.6,211.6,206.0,207.73,840800,False,PPL
2018-07-19,210.0,216.5,210.0,212.26,908900,False,PPL
2018-07-18,206.19,209.0,206.0,207.74,652200,False,PPL
2018-07-17,207.47,209.85,204.5,205.04,477400,False,PPL
2018-07-16,208.0,210.0,206.5,208.03,218700,False,PPL
2018-07-13,208.5,208.8,205.99,207.48,378400,False,PPL
2018-07-12,207.0,208.26,206.0,208.06,80200,False,PPL
2018-07-11,208.0,211.0,206.0,208.26,287300,False,PPL
2018-07-10,204.0,212.0,200.1,209.83,1937400,False,PPL
2018-07-09,205.5,206.0,198.9,204.06,691600,False,PPL
2018-07-06,204.0,206.0,204.0,205.08,77800,False,PPL
2018-07-05,209.0,210.0,204.9,205.97,732400,False,PPL
2018-07-04,210.25,211.0,206.0,206.9,178200,False,PPL
2018-07-03,213.2,214.0,210.52,211.22,91100,False,PPL
2018-07-02,216.35,216.37,212.0,213.96,65800,False,PPL
2018-06-29,218.02,218.02,213.3,214.9,509700,False,PPL
2018-06-28,218.0,218.9,216.0,217.35,678200,False,PPL
2018-06-27,214.5,218.0,212.0,217.37,893800,False,PPL
2018-06-26,210.5,214.9,209.01,210.73,811500,False,PPL
2018-06-25,211.1,215.99,206.5,208.17,700800,False,PPL
2018-06-22,217.05,219.89,212.02,212.76,1398200,False,PPL
2018-06-21,222.02,222.02,216.7,218.33,1070000,False,PPL
2018-06-20,222.03,224.37,219.66,222.93,690100,False,PPL
2018-06-19,220.5,224.0,220.0,222.96,319100,False,PPL
2018-06-14,216.78,224.5,216.7,221.17,921100,False,PPL
2018-06-13,214.6,219.0,214.6,217.23,515400,False,PPL
2018-06-12,217.97,218.1,215.35,217.59,295100,False,PPL
2018-06-11,218.0,218.75,216.51,217.74,727100,False,PPL
2018-06-07,218.09,218.2,215.11,216.11,447600,False,PPL
2018-06-06,218.2,218.2,216.02,217.21,201400,False,PPL
2018-06-05,216.45,219.0,216.0,218.2,2276600,False,PPL
2018-06-04,214.0,217.5,213.7,216.88,659700,False,PPL
2018-06-01,213.1,215.0,213.1,214.02,448700,False,PPL
2018-05-31,212.5,219.6,210.55,214.4,774600,False,PPL
2018-05-30,210.1,213.0,210.01,211.81,151200,False,PPL
2018-05-29,212.65,213.89,209.25,211.38,269700,False,PPL
2018-05-28,210.26,214.84,208.25,212.58,432000,False,PPL
2018-05-25,214.0,215.5,213.2,214.97,160300,False,PPL
2018-05-24,213.98,216.5,213.0,215.49,706300,False,PPL
2018-05-23,214.0,216.44,212.41,214.18,169600,False,PPL
2018-05-22,207.0,216.5,207.0,214.78,627500,False,PPL
2018-05-21,209.9,209.9,206.75,207.18,267300,False,PPL
2018-05-18,209.9,209.9,206.0,206.38,240700,False,PPL
2018-05-17,208.01,210.99,208.0,208.63,144000,False,PPL
2018-05-16,212.5,212.5,209.0,209.57,74100,False,PPL
2018-05-15,210.5,211.99,204.5,208.91,909600,False,PPL
2018-05-14,214.14,218.8,210.01,211.09,559800,False,PPL
2018-05-11,216.13,216.75,214.51,215.91,226300,False,PPL
2018-05-10,215.9,218.98,215.9,217.22,617200,False,PPL
2018-05-09,218.98,219.5,214.21,215.91,1508600,False,PPL
2018-05-08,214.5,217.8,214.5,216.1,190800,False,PPL
2018-05-07,213.0,218.09,211.75,216.66,2050400,False,PPL
2018-05-04,210.03,212.9,209.3,209.75,54800,False,PPL
2018-05-03,214.1,214.1,207.5,210.93,759100,False,PPL
2018-05-02,214.85,215.89,213.7,214.53,157000,False,PPL
2018-04-30,215.49,216.7,213.3,214.29,253600,False,PPL
2018-04-27,213.02,215.25,213.02,214.68,280200,False,PPL
2018-04-26,216.4,218.27,213.1,214.4,414800,False,PPL
2018-04-25,216.98,217.75,216.0,216.95,454200,False,PPL
2018-04-24,215.2,217.98,215.15,217.32,696900,False,PPL
2018-04-23,212.06,216.25,211.25,215.42,252700,False,PPL
2018-04-20,213.97,214.8,211.1,212.39,676600,False,PPL
2018-04-19,212.97,214.95,212.01,213.54,1270700,False,PPL
2018-04-18,213.0,213.0,211.25,211.42,415700,False,PPL
2018-04-17,212.05,213.7,211.11,213.08,457100,False,PPL
2018-04-16,214.97,215.0,211.55,212.67,158800,False,PPL
2018-04-13,216.02,216.9,214.5,214.98,799900,False,PPL
2018-04-12,217.4,217.74,214.51,216.59,875100,False,PPL
2018-04-11,216.7,218.0,215.5,215.96,2148700,False,PPL
2018-04-10,210.25,215.45,210.06,214.65,1901500,False,PPL
2018-04-09,210.1,212.0,209.01,210.24,504100,False,PPL
2018-04-06,214.9,216.49,212.75,213.06,462900,False,PPL
2018-04-05,212.13,214.9,212.0,213.81,666600,False,PPL
2018-04-04,212.95,215.89,211.5,212.06,1379300,False,PPL
2018-04-03,212.1,214.8,210.65,212.72,523100,False,PPL
2018-04-02,213.99,214.05,211.0,212.72,114500,False,PPL
2018-03-30,213.45,213.98,212.01,212.84,267800,False,PPL
2018-03-29,211.95,214.0,211.16,213.45,697100,False,PPL
2018-03-28,213.49,213.49,210.76,211.84,47700,False,PPL
2018-03-27,214.85,214.85,211.02,212.31,178100,False,PPL
2018-03-26,213.25,218.49,212.15,214.18,623600,False,PPL
2018-03-22,213.95,214.2,212.18,213.01,632000,False,PPL
2018-03-21,211.8,213.0,209.55,211.49,1256800,False,PPL
2018-03-20,202.59,210.69,202.0,208.85,2030400,False,PPL
2018-03-19,203.16,204.85,201.0,201.56,936700,False,PPL
2018-03-16,203.5,205.0,202.5,203.72,450500,False,PPL
2018-03-15,202.06,204.0,202.0,203.9,175200,False,PPL
2018-03-14,200.5,203.5,200.5,202.99,251900,False,PPL
2018-03-13,202.89,203.49,200.13,201.44,595600,False,PPL
2018-03-12,202.5,202.5,200.62,201.74,122200,False,PPL
2018-03-09,198.97,202.8,198.02,201.27,241500,False,PPL
2018-03-08,200.01,201.97,196.85,198.3,1118800,False,PPL
2018-03-07,201.5,203.02,199.05,201.07,117100,False,PPL
2018-03-06,203.5,204.2,202.0,202.25,129100,False,PPL
2018-03-05,204.1,204.5,202.0,202.85,33800,False,PPL
2018-03-02,202.5,205.25,200.03,204.02,453200,False,PPL
2018-03-01,204.9,204.9,201.0,202.64,121100,False,PPL
2018-02-28,199.99,204.5,199.99,203.91,285400,False,PPL
2018-02-27,197.05,202.89,197.0,199.05,385300,False,PPL
2018-02-26,203.0,203.0,196.1,196.65,1133300,False,PPL
2018-02-23,205.25,205.97,200.1,201.12,270800,False,PPL
2018-02-22,197.0,205.5,195.7,204.08,590700,False,PPL
2018-02-21,200.0,201.0,198.0,198.52,425500,False,PPL
2018-02-20,199.97,201.9,195.71,200.16,463600,False,PPL
2018-02-19,202.0,204.0,199.0,199.89,266700,False,PPL
2018-02-16,198.5,203.0,196.5,201.78,815300,False,PPL
2018-02-15,199.99,199.99,196.0,196.29,1159700,False,PPL
2018-02-14,196.51,199.49,196.08,198.56,607100,False,PPL
2018-02-13,198.0,200.57,197.01,198.71,575100,False,PPL
2018-02-12,196.0,199.0,196.0,197.27,376200,False,PPL
2018-02-09,196.01,198.5,195.7,197.6,316600,False,PPL
2018-02-08,203.01,203.01,198.05,198.82,889400,False,PPL
2018-02-07,205.98,206.51,203.5,204.31,441700,False,PPL
2018-02-06,207.49,207.49,200.66,205.83,343700,False,PPL
2018-02-02,207.79,210.0,207.35,208.79,1304400,False,PPL
2018-02-01,206.97,207.79,204.11,206.75,135700,False,PPL
2018-01-31,206.0,207.05,206.0,206.5,206400,False,PPL
2018-01-30,206.5,208.4,206.0,207.0,402900,False,PPL
2018-01-29,208.9,208.95,205.95,206.41,67200,False,PPL
2018-01-26,206.0,208.45,205.5,207.69,643200,False,PPL
2018-01-25,207.2,209.8,205.5,206.17,740800,False,PPL
2018-01-24,213.0,214.0,202.15,205.11,3182800,False,PPL
2018-01-23,212.83,213.98,210.0,211.96,568500,False,PPL
2018-01-22,213.59,214.0,212.0,213.05,598300,False,PPL
2018-01-19,213.1,214.25,212.31,213.01,793700,False,PPL
2018-01-18,213.25,216.0,211.11,213.06,688800,False,PPL
2018-01-17,211.3,212.98,209.5,212.47,462400,False,PPL
2018-01-16,208.5,212.3,208.5,210.33,734900,False,PPL
2018-01-15,210.51,211.65,207.0,207.52,378800,False,PPL
2018-01-12,213.75,214.0,210.15,210.75,575100,False,PPL
2018-01-11,215.0,217.49,212.03,212.66,1300400,False,PPL
2018-01-10,213.9,216.27,212.5,213.98,5260800,False,PPL
2018-01-09,215.19,215.19,210.25,211.42,472600,False,PPL
2018-01-08,215.95,215.95,212.06,213.69,595300,False,PPL
2018-01-05,215.01,216.19,213.05,214.88,421500,False,PPL
2018-01-04,218.03,219.5,215.1,216.1,455200,False,PPL
2018-01-03,213.5,216.5,211.51,215.8,1222200,False,PPL
2018-01-02,205.02,215.0,205.0,212.83,1799100,False,PPL
2018-01-01,205.0,207.98,204.5,207.1,457800,False,PPL
2017-12-29,201.5,207.5,201.0,205.91,1049500,False,PPL
2017-12-28,203.9,203.9,200.25,200.61,684700,False,PPL
2017-12-27,199.0,203.88,199.0,203.01,891000,False,PPL
2017-12-26,198.5,199.0,196.1,197.08,476100,False,PPL
2017-12-22,198.94,200.9,197.5,198.4,1055700,False,PPL
2017-12-21,198.55,200.1,198.5,198.94,356500,False,PPL
2017-12-20,197.9,199.25,197.5,198.67,115800,False,PPL
2017-12-19,199.0,199.45,197.0,197.55,525400,False,PPL
2017-12-18,203.49,201.93,199.0,199.06,194500,True,PPL
2017-12-15,198.05,205.01,196.1,201.56,1027200,False,PPL
2017-12-14,199.99,199.99,198.0,199.21,395800,False,PPL
2017-12-13,202.75,202.75,199.49,201.13,377300,False,PPL
2017-12-12,201.99,203.5,198.51,201.39,2247100,False,PPL
2017-12-11,194.26,203.51,194.26,200.81,2535100,False,PPL
2017-12-08,188.56,198.3,188.55,196.46,870300,False,PPL
2017-12-07,193.0,193.0,189.0,191.52,937300,False,PPL
2017-12-06,192.99,194.5,191.5,194.01,287000,False,PPL
2017-12-05,192.0,193.2,191.0,192.3,160600,False,PPL
2017-12-04,191.0,192.4,189.95,191.4,1339400,False,PPL
2017-11-30,189.0,191.99,188.0,189.09,2119400,False,PPL
2017-11-29,189.96,190.85,187.11,188.95,1669800,False,PPL
2017-11-28,195.0,195.0,188.02,189.15,387600,False,PPL
2017-11-27,194.01,195.5,193.51,193.98,253500,False,PPL
2017-11-24,197.37,198.0,195.15,195.7,226200,False,PPL
2017-11-23,198.95,200.0,194.35,196.21,427900,False,PPL
2017-11-22,198.5,202.0,197.5,197.75,1304900,False,PPL
2017-11-21,195.0,197.6,193.6,196.84,284600,False,PPL
2017-11-20,196.0,199.49,194.07,194.81,594800,False,PPL
2017-11-17,191.51,195.93,191.25,195.62,203700,False,PPL
2017-11-16,190.08,193.9,190.08,192.55,422300,False,PPL
2017-11-15,191.1,191.85,190.01,190.58,551700,False,PPL
2017-11-14,197.3,198.25,192.65,193.71,993200,False,PPL
2017-11-13,198.74,198.95,195.01,196.25,718600,False,PPL
2017-11-10,203.75,203.75,199.03,199.38,1440400,False,PPL
2017-11-09,197.01,204.0,197.0,201.94,4093300,False,PPL
2017-11-08,199.0,199.0,195.55,196.78,919300,False,PPL
2017-11-07,199.25,201.8,198.5,199.09,1496800,False,PPL
2017-11-06,197.0,198.95,195.01,197.36,1799600,False,PPL
2017-11-03,195.55,196.9,194.0,194.64,2075400,False,PPL
2017-11-02,186.3,195.29,186.0,194.89,2863300,False,PPL
2017-11-01,181.0,188.49,180.1,186.06,1867000,False,PPL
2017-10-31,178.49,182.25,176.6,179.74,1043700,False,PPL
2017-10-30,182.12,182.98,178.0,178.64,842500,False,PPL
2017-10-27,177.0,181.8,176.05,180.36,1010700,False,PPL
2017-10-26,179.0,180.2,177.14,178.53,116300,False,PPL
2017-10-25,178.99,179.95,178.05,179.41,146000,False,PPL
2017-10-24,177.79,178.99,174.0,177.88,119200,False,PPL
2017-10-23,181.9,182.0,177.0,177.29,187800,False,PPL
2017-10-20,180.0,183.0,177.45,182.13,722700,False,PPL
2017-10-19,174.49,180.0,174.0,179.36,557800,False,PPL
2017-10-18,173.95,175.0,172.02,174.57,338800,False,PPL
2017-10-17,171.02,175.0,171.01,173.23,374700,False,PPL
2017-10-16,168.0,172.5,168.0,171.9,330600,False,PPL
2017-10-13,165.1,168.94,163.6,168.02,420600,False,PPL
2017-10-12,167.99,170.5,162.6,166.55,525400,False,PPL
2017-10-11,172.19,174.5,170.02,170.53,165400,False,PPL
2017-10-10,173.47,173.49,169.02,171.33,88200,False,PPL
2017-10-09,173.0,174.0,172.0,172.55,59100,False,PPL
2017-10-06,168.82,174.0,168.82,173.06,234300,False,PPL
2017-10-05,167.1,171.29,166.0,168.82,1129500,False,PPL
2017-10-04,168.61,170.5,165.0,167.18,470800,False,PPL
2017-10-03,173.5,173.5,168.0,168.43,323800,False,PPL
2017-10-02,175.0,175.5,173.06,173.89,94300,False,PPL
2017-09-29,173.06,175.8,173.0,174.69,588800,False,PPL
2017-09-28,173.99,175.5,173.05,174.95,156900,False,PPL
2017-09-27,176.02,177.0,173.0,173.55,493800,False,PPL
2017-09-26,178.0,179.74,176.49,176.84,2035100,False,PPL
2017-09-25,175.45,175.5,173.01,174.66,173400,False,PPL
2017-09-22,177.55,177.55,174.0,175.19,1101200,False,PPL
2017-09-21,178.11,180.0,176.5,176.88,1579800,False,PPL
2017-09-20,180.4,180.4,177.5,179.13,852900,False,PPL
2017-09-19,178.1,179.6,177.51,178.98,441200,False,PPL
2017-09-18,178.0,179.88,176.1,177.94,221500,False,PPL
2017-09-15,178.98,182.05,176.75,178.12,2567900,False,PPL
2017-09-14,176.19,179.24,172.5,178.83,1697200,False,PPL
2017-09-13,171.5,175.99,170.62,175.41,430000,False,PPL
2017-09-12,171.67,173.98,170.0,170.93,119100,False,PPL
2017-09-11,173.0,174.0,171.0,171.67,136800,False,PPL
2017-09-08,171.8,173.5,171.51,172.78,363400,False,PPL
2017-09-07,170.0,171.98,169.5,171.08,597600,False,PPL
2017-09-06,168.4,171.35,167.3,169.58,751800,False,PPL
2017-09-05,165.61,169.5,165.25,167.16,755300,False,PPL
2017-08-31,168.98,169.55,162.98,165.15,861800,False,PPL
2017-08-30,168.98,170.95,166.01,167.46,271000,False,PPL
2017-08-29,169.35,170.01,166.25,168.37,256100,False,PPL
2017-08-28,171.01,174.0,168.0,169.35,217200,False,PPL
2017-08-25,171.05,173.5,169.95,172.58,413700,False,PPL
2017-08-24,175.0,175.99,173.0,173.86,1045800,False,PPL
2017-08-23,170.55,175.0,170.55,174.91,356400,False,PPL
2017-08-22,170.18,175.0,164.0,172.2,841400,False,PPL
2017-08-21,167.89,172.0,167.1,170.18,648100,False,PPL
2017-08-18,159.5,167.34,156.5,167.34,1381800,False,PPL
2017-08-17,164.1,164.1,159.0,159.38,900900,False,PPL
2017-08-16,164.0,166.5,162.75,163.04,1016100,False,PPL
2017-08-15,169.1,170.0,162.5,164.46,692800,False,PPL
2017-08-11,170.02,172.15,169.25,169.43,124800,False,PPL
2017-08-10,174.01,174.25,171.03,172.53,225000,False,PPL
2017-08-09,175.2,176.0,174.0,174.17,652800,False,PPL
2017-08-08,177.19,178.5,175.99,176.39,1813900,False,PPL
2017-08-07,177.75,177.75,175.06,176.05,106000,False,PPL
2017-08-04,177.0,178.0,175.7,177.16,213300,False,PPL
2017-08-03,178.75,178.75,176.75,177.18,379800,False,PPL
2017-08-02,179.79,179.79,178.0,178.51,376500,False,PPL
2017-08-01,179.8,180.51,178.99,179.98,1067900,False,PPL
2017-07-31,183.2,184.01,176.7,177.77,1558000,False,PPL
2017-07-28,176.0,185.0,171.25,180.06,2613400,False,PPL
2017-07-27,179.98,179.98,178.5,179.5,103000,False,PPL
2017-07-26,178.98,182.0,178.0,179.6,877400,False,PPL
2017-07-25,176.0,177.3,174.12,177.02,354100,False,PPL
2017-07-24,175.9,177.0,173.25,175.69,147200,False,PPL
2017-07-21,171.52,176.0,169.1,174.78,549500,False,PPL
2017-07-20,172.21,175.0,172.21,172.51,365900,False,PPL
2017-07-19,169.77,175.0,168.5,173.07,1080900,False,PPL
2017-07-18,167.0,171.25,165.61,170.77,551500,False,PPL
2017-07-17,167.0,167.99,164.94,166.1,186400,False,PPL
2017-07-14,166.0,169.0,163.5,167.94,428700,False,PPL
2017-07-13,167.0,167.1,162.0,165.31,586100,False,PPL
2017-07-12,162.0,167.0,161.9,165.91,1017700,False,PPL
2017-07-11,164.01,168.0,161.49,161.52,1548800,False,PPL
2017-07-10,170.0,170.4,162.0,169.98,1498500,False,PPL
2017-07-07,156.5,164.29,154.0,163.07,617200,False,PPL
2017-07-06,157.95,160.5,153.55,156.88,1107100,False,PPL
2017-07-05,150.01,159.53,149.01,158.57,1495600,False,PPL
2017-07-04,145.0,151.94,144.99,151.94,648900,False,PPL
2017-07-03,148.0,148.1,143.0,144.71,256400,False,PPL
2017-06-30,150.9,150.9,147.0,148.14,1082500,False,PPL
2017-06-29,147.0,151.25,147.0,150.0,1192900,False,PPL
2017-06-22,143.01,147.9,143.0,146.39,1247600,False,PPL
2017-06-21,141.0,150.45,137.8,143.73,1819400,False,PPL
2017-06-20,153.98,153.98,144.42,145.02,1060200,False,PPL
2017-06-19,151.01,152.5,149.27,152.02,1846500,False,PPL
2017-06-16,156.05,157.0,150.0,151.1,2766200,False,PPL
2017-06-15,159.99,162.0,156.0,157.25,543500,False,PPL
2017-06-14,162.01,163.0,159.11,159.87,1015700,False,PPL
2017-06-13,156.5,165.5,156.5,160.35,538600,False,PPL
2017-06-12,167.06,167.06,160.0,160.75,335300,False,PPL
2017-06-09,171.97,172.0,166.9,167.59,344400,False,PPL
2017-06-08,170.0,172.2,169.99,171.84,514600,False,PPL
2017-06-07,171.51,173.0,170.01,172.59,187900,False,PPL
2017-06-06,172.99,173.0,170.5,172.52,100800,False,PPL
2017-06-05,165.0,173.5,165.0,171.87,454900,False,PPL
2017-06-02,165.5,168.0,160.0,166.27,697200,False,PPL
2017-06-01,173.5,173.5,165.95,167.32,1133100,False,PPL
2017-05-31,181.01,181.01,173.35,174.68,924800,False,PPL
2017-05-30,183.8,185.2,181.0,182.47,157400,False,PPL
2017-05-29,183.0,184.0,182.0,183.12,196500,False,PPL
2017-05-26,184.5,185.0,177.5,183.49,255500,False,PPL
2017-05-25,185.49,187.5,184.0,186.49,1143300,False,PPL
2017-05-24,177.01,183.89,177.01,183.6,1102500,False,PPL
2017-05-23,175.0,178.4,175.0,175.58,689100,False,PPL
2017-05-22,172.01,176.25,172.01,175.39,450000,False,PPL
2017-05-19,170.0,171.3,167.0,171.03,457500,False,PPL
2017-05-18,173.1,173.1,169.0,169.23,122700,False,PPL
2017-05-17,173.01,174.2,170.75,173.57,359100,False,PPL
2017-05-16,174.0,176.0,170.0,173.97,929300,False,PPL
2017-05-15,168.0,175.0,168.0,173.01,687900,False,PPL
2017-05-12,166.98,167.5,164.5,167.34,343400,False,PPL
2017-05-11,163.25,166.2,163.25,165.58,431800,False,PPL
2017-05-10,162.26,165.0,161.0,164.4,448300,False,PPL
2017-05-09,162.11,164.75,161.6,162.71,989300,False,PPL
2017-05-08,158.95,163.0,158.95,161.88,989200,False,PPL
2017-05-05,157.0,159.25,156.5,158.04,559600,False,PPL
2017-05-04,160.59,162.6,159.5,161.25,306400,False,PPL
2017-05-03,158.7,160.4,156.5,159.31,156100,False,PPL
2017-05-02,158.8,159.5,156.5,157.07,495700,False,PPL
2017-04-28,165.97,166.5,157.8,158.78,1146000,False,PPL
2017-04-27,166.97,170.01,164.0,164.78,407800,False,PPL
2017-04-26,167.78,169.0,167.75,167.82,966400,False,PPL
2017-04-25,171.11,173.49,165.8,167.86,911000,False,PPL
2017-04-24,174.0,177.0,170.5,172.94,445400,False,PPL
2017-04-21,171.94,174.75,170.81,174.13,1615500,False,PPL
2017-04-20,163.0,174.15,161.01,169.24,1001000,False,PPL
2017-04-19,158.5,167.0,158.5,165.87,915400,False,PPL
2017-04-18,163.0,163.94,160.01,160.87,66400,False,PPL
2017-04-17,161.6,163.5,161.45,162.63,176600,False,PPL
2017-04-14,163.41,163.41,161.1,162.17,304300,False,PPL
2017-04-13,163.0,163.5,161.5,162.53,168300,False,PPL
2017-04-12,160.0,163.3,160.0,162.52,355000,False,PPL
2017-04-11,159.29,160.5,158.1,159.71,90000,False,PPL
2017-04-10,159.1,159.5,158.1,158.72,303700,False,PPL
2017-04-07,155.97,159.47,155.97,159.1,1523400,False,PPL
2017-04-06,154.52,156.0,153.1,155.69,416900,False,PPL
2017-04-05,155.1,155.9,154.5,155.01,129500,False,PPL
2017-04-04,154.01,157.0,154.0,154.65,500300,False,PPL
2017-04-03,155.01,155.01,153.0,154.05,973300,False,PPL
2017-03-31,152.0,155.2,152.0,154.91,1083500,False,PPL
2017-03-30,154.5,154.65,149.25,152.49,999300,False,PPL
2017-03-29,153.74,154.5,151.8,153.25,468700,False,PPL
2017-03-28,154.03,154.98,152.3,152.86,819100,False,PPL
2017-03-27,156.03,156.99,154.0,154.97,661600,False,PPL
2017-03-24,159.11,159.11,156.88,157.04,839500,False,PPL
2017-03-22,159.94,160.25,158.3,158.52,341200,False,PPL
2017-03-21,157.96,159.5,157.96,159.23,809300,False,PPL
2017-03-20,156.0,157.75,156.0,157.26,138600,False,PPL
2017-03-17,160.0,161.4,152.3,155.4,3367300,False,PPL
2017-03-16,160.1,160.65,159.55,160.28,840400,False,PPL
2017-03-15,161.99,162.0,157.5,159.57,626500,False,PPL
2017-03-14,161.5,164.0,160.61,161.23,996600,False,PPL
2017-03-13,164.5,165.1,162.0,163.69,1812900,False,PPL
2017-03-10,169.02,169.59,166.75,167.08,597700,False,PPL
2017-03-09,171.11,171.11,169.1,169.82,2145600,False,PPL
2017-03-08,172.06,172.6,172.06,172.5,271400,False,PPL
2017-03-07,172.51,172.51,171.0,172.03,88400,False,PPL
2017-03-06,172.97,173.5,172.5,173.26,234700,False,PPL
2017-03-03,173.21,173.5,171.81,172.26,432500,False,PPL
2017-03-02,173.69,174.01,173.0,173.64,279700,False,PPL
2017-03-01,174.0,174.5,172.5,173.0,299200,False,PPL
2017-02-28,174.75,175.39,173.75,174.59,408500,False,PPL
2017-02-27,175.03,176.0,174.5,175.0,455200,False,PPL
2017-02-24,177.9,178.0,176.0,176.15,246800,False,PPL
2017-02-23,177.1,178.0,175.0,177.57,150500,False,PPL
2017-02-22,177.0,178.5,176.03,177.52,1105500,False,PPL
2017-02-21,175.97,177.0,174.5,176.48,134500,False,PPL
2017-02-20,176.5,176.75,174.15,175.9,183900,False,PPL
2017-02-17,175.9,177.0,174.51,175.5,331300,False,PPL
2017-02-16,175.0,175.49,174.25,175.16,363300,False,PPL
2017-02-15,175.25,176.5,173.9,174.37,947900,False,PPL
2017-02-14,177.0,177.25,174.81,176.15,574700,False,PPL
2017-02-13,177.5,177.5,175.21,176.01,313200,False,PPL
2017-02-10,178.6,179.99,178.25,178.56,393500,False,PPL
2017-02-09,177.5,180.5,177.5,178.62,872400,False,PPL
2017-02-08,179.1,180.0,178.02,179.63,109700,False,PPL
2017-02-07,179.02,180.3,179.0,179.93,123100,False,PPL
2017-02-06,180.0,180.5,178.0,179.39,228000,False,PPL
2017-02-03,180.02,181.0,178.9,179.62,409800,False,PPL
2017-02-02,179.89,182.1,178.5,181.53,559900,False,PPL
2017-02-01,178.48,180.04,178.0,178.98,343200,False,PPL
2017-01-31,178.05,179.0,177.25,177.45,1762400,False,PPL
2017-01-30,178.31,180.54,178.0,178.33,574400,False,PPL
2017-01-27,178.96,181.75,177.5,178.05,1264500,False,PPL
2017-01-26,179.5,180.99,177.5,178.0,1526000,False,PPL
2017-01-25,180.5,181.85,179.2,180.07,381500,False,PPL
2017-01-24,179.0,180.8,177.5,179.73,1219300,False,PPL
2017-01-23,177.96,179.0,177.3,178.73,1036500,False,PPL
2017-01-20,176.8,178.75,176.52,177.05,237700,False,PPL
2017-01-19,179.0,179.5,176.0,177.98,1106100,False,PPL
2017-01-18,178.0,182.5,176.0,179.01,1208900,False,PPL
2017-01-17,180.11,180.52,177.8,179.92,1048200,False,PPL
2017-01-16,181.97,182.0,179.11,179.65,451700,False,PPL
2017-01-13,183.99,184.5,180.0,180.94,731400,False,PPL
2017-01-12,185.6,185.9,182.55,182.83,704500,False,PPL
2017-01-11,187.0,187.5,183.91,184.39,1264700,False,PPL
2017-01-10,191.0,191.0,187.52,188.4,882700,False,PPL
2017-01-09,192.11,193.49,190.95,191.56,864400,False,PPL
2017-01-06,193.0,193.8,192.5,192.85,516300,False,PPL
2017-01-05,191.99,194.0,191.61,193.27,871400,False,PPL
2017-01-04,191.0,194.25,188.5,192.52,1430600,False,PPL
2017-01-03,187.99,193.6,186.0,192.06,2363700,False,PPL
2017-01-02,188.01,188.99,186.5,186.99,690000,False,PPL
2016-12-30,188.9,191.3,187.85,188.18,708500,False,PPL
2016-12-29,192.0,192.0,189.01,189.73,727200,False,PPL
2016-12-28,190.0,193.9,189.0,192.06,1253100,False,PPL
2016-12-27,188.5,190.0,188.1,189.2,194800,False,PPL
2016-12-26,189.99,191.95,188.05,189.48,425800,False,PPL
2016-12-23,186.78,190.48,185.6,189.19,525500,False,PPL
2016-12-22,189.02,189.84,186.05,186.78,572900,False,PPL
2016-12-21,192.4,192.5,185.0,189.95,2644500,False,PPL
2016-12-20,193.0,193.0,190.1,191.13,680400,False,PPL
2016-12-19,193.09,194.87,192.0,193.32,1048200,False,PPL
2016-12-16,187.69,192.0,185.75,189.3,1485400,False,PPL
2016-12-15,183.5,190.0,180.5,186.21,2111900,False,PPL
2016-12-14,176.5,184.02,176.0,183.94,3416000,False,PPL
2016-12-13,175.28,175.42,171.05,175.26,3403700,False,PPL
2016-12-09,164.01,167.65,163.6,167.07,2651200,False,PPL
2016-12-08,162.45,164.0,161.1,163.58,1703300,False,PPL
2016-12-07,163.5,164.35,161.11,162.04,517100,False,PPL
2016-12-06,165.51,165.89,163.3,164.35,1559700,False,PPL
2016-12-05,159.99,166.75,158.0,165.22,2499400,False,PPL
2016-12-02,161.9,161.9,159.1,159.34,367600,False,PPL
2016-12-01,160.91,160.91,157.9,160.11,2993900,False,PPL
2016-11-30,156.0,156.0,151.0,153.25,1590900,False,PPL
2016-11-29,158.0,158.99,155.5,155.89,350600,False,PPL
2016-11-28,158.2,158.98,157.24,157.52,124900,False,PPL
2016-11-25,160.0,160.5,158.02,160.07,266500,False,PPL
2016-11-24,159.5,161.49,158.51,159.93,966700,False,PPL
2016-11-23,158.0,159.25,156.51,158.82,1207400,False,PPL
2016-11-22,156.49,158.7,156.2,156.94,1060400,False,PPL
2016-11-21,154.7,155.7,154.51,154.99,105400,False,PPL
2016-11-18,153.85,154.0,152.5,153.97,208800,False,PPL
2016-11-17,154.5,155.3,153.45,153.66,220100,False,PPL
2016-11-16,154.99,155.3,154.02,154.46,179100,False,PPL
2016-11-15,154.0,154.3,153.2,153.94,72900,False,PPL
2016-11-14,155.1,156.99,152.0,153.01,513200,False,PPL
2016-11-11,156.1,157.0,154.0,156.83,275300,False,PPL
2016-11-10,155.0,157.2,155.0,156.8,474300,False,PPL
2016-11-09,154.96,155.9,152.0,154.91,464100,False,PPL
2016-11-08,154.99,157.4,154.99,155.9,781700,False,PPL
2016-11-07,153.9,156.0,153.65,155.21,196800,False,PPL
2016-11-04,154.0,155.0,151.91,153.99,155800,False,PPL
2016-11-03,153.03,154.48,152.16,154.08,134600,False,PPL
2016-11-02,156.3,156.45,153.0,154.06,246200,False,PPL
2016-11-01,148.01,155.99,147.9,155.57,448000,False,PPL
2016-10-31,148.99,149.0,146.23,148.57,1158600,False,PPL
2016-10-28,148.0,150.5,147.1,148.38,417400,False,PPL
2016-10-27,153.56,153.56,149.0,150.08,655500,False,PPL
2016-10-26,155.84,155.84,153.5,153.84,467700,False,PPL
2016-10-25,157.0,157.01,154.7,155.56,902200,False,PPL
2016-10-24,160.0,160.0,157.42,157.59,97200,False,PPL
2016-10-21,162.25,162.25,159.22,160.12,156000,False,PPL
2016-10-20,155.3,162.7,155.3,162.05,1945100,False,PPL
2016-10-19,155.0,156.0,154.0,154.99,513400,False,PPL
2016-10-18,155.01,155.45,153.6,154.93,291200,False,PPL
2016-10-17,156.55,157.25,154.5,154.92,469800,False,PPL
2016-10-14,157.0,157.35,155.51,156.56,557200,False,PPL
2016-10-13,157.0,159.0,156.5,156.86,869500,False,PPL
2016-10-10,157.54,157.99,156.2,156.48,391300,False,PPL
2016-10-07,160.0,160.9,157.0,157.49,810500,False,PPL
2016-10-06,160.25,161.25,158.87,159.29,425900,False,PPL
2016-10-05,165.0,165.75,158.0,159.56,1835800,False,PPL
2016-10-04,164.0,164.4,162.62,164.03,320400,False,PPL
2016-10-03,164.0,166.0,163.0,163.59,252900,False,PPL
2016-09-30,164.2,164.2,162.52,163.67,387400,False,PPL
2016-09-29,166.0,166.58,162.52,163.26,1088900,False,PPL
2016-09-28,159.41,160.28,158.5,158.69,81000,False,PPL
2016-09-27,159.1,160.25,159.1,159.99,213200,False,PPL
2016-09-26,159.9,160.7,159.0,159.46,275500,False,PPL
2016-09-23,159.9,160.25,158.5,159.03,295400,False,PPL
2016-09-22,160.51,161.0,159.6,159.87,278000,False,PPL
2016-09-21,160.3,160.96,159.0,159.37,464600,False,PPL
2016-09-20,161.75,161.75,160.0,160.05,341000,False,PPL
2016-09-19,161.9,161.9,160.0,160.61,230500,False,PPL
2016-09-16,158.5,163.0,158.5,160.89,482600,False,PPL
2016-09-15,159.0,159.1,157.0,158.77,102500,False,PPL
2016-09-09,161.4,161.6,159.5,159.69,200900,False,PPL
2016-09-08,160.95,161.99,160.31,161.04,257500,False,PPL
2016-09-07,160.05,160.99,159.75,160.12,540000,False,PPL
2016-09-06,163.0,164.0,159.8,160.31,489800,False,PPL
2016-09-05,163.49,164.77,161.8,163.0,305000,False,PPL
2016-09-02,163.02,163.3,162.0,162.05,137300,False,PPL
2016-09-01,163.55,164.0,163.05,163.18,90300,False,PPL
2016-08-31,164.0,164.35,163.51,164.02,270200,False,PPL
2016-08-30,164.0,164.5,163.37,164.16,82800,False,PPL
2016-08-29,164.3,165.69,163.6,163.82,288100,False,PPL
2016-08-26,163.25,165.99,163.2,164.73,761100,False,PPL
2016-08-25,163.0,164.5,163.0,163.65,326200,False,PPL
2016-08-24,166.0,166.1,163.5,163.76,281200,False,PPL
2016-08-23,166.5,167.35,165.62,165.92,708800,False,PPL
2016-08-22,167.1,167.8,166.5,167.16,1583400,False,PPL
2016-08-19,169.0,169.2,167.5,167.96,725300,False,PPL
2016-08-18,166.1,168.4,166.1,167.21,675400,False,PPL
2016-08-17,166.5,167.29,166.02,166.38,182700,False,PPL
2016-08-16,168.5,168.5,166.5,166.94,756700,False,PPL
2016-08-15,166.0,168.0,166.0,166.92,485100,False,PPL
2016-08-12,165.0,166.0,163.26,164.24,1254300,False,PPL
2016-08-11,157.88,163.0,157.52,160.42,1203800,False,PPL
2016-08-10,158.1,159.5,157.55,158.5,1155700,False,PPL
2016-08-09,156.26,158.4,156.26,158.27,646400,False,PPL
2016-08-08,156.52,157.35,155.1,155.84,224100,False,PPL
2016-08-05,156.9,157.0,155.51,156.52,301000,False,PPL
2016-08-04,156.5,158.5,155.15,155.58,551600,False,PPL
2016-08-03,155.13,155.51,154.0,154.18,476500,False,PPL
2016-08-02,157.8,157.9,155.0,156.51,904200,False,PPL
2016-08-01,155.65,160.5,155.65,159.02,428700,False,PPL
2016-07-29,156.53,157.99,153.75,157.18,619200,False,PPL
2016-07-28,160.85,161.45,156.25,158.59,575600,False,PPL
2016-07-27,161.69,162.43,160.2,161.48,173300,False,PPL
2016-07-26,159.6,161.5,159.6,161.21,357300,False,PPL
2016-07-25,165.0,165.01,161.3,161.5,609200,False,PPL
2016-07-22,168.4,168.88,164.02,164.82,381900,False,PPL
2016-07-21,168.4,170.0,167.6,168.05,629300,False,PPL
2016-07-20,169.0,169.0,167.0,167.7,1118600,False,PPL
2016-07-19,169.78,171.78,168.12,168.6,615500,False,PPL
2016-07-18,169.5,169.9,168.5,169.33,193100,False,PPL
2016-07-15,169.99,171.7,168.41,169.27,939700,False,PPL
2016-07-14,170.7,171.99,168.65,169.73,798100,False,PPL
2016-07-13,169.5,171.99,167.2,171.45,2227500,False,PPL
2016-07-12,161.01,168.79,160.05,168.77,3097800,False,PPL
2016-07-11,156.0,164.0,155.0,160.76,1741900,False,PPL
2016-07-04,157.0,158.18,155.5,157.95,421300,False,PPL
2016-06-30,158.45,158.7,154.4,155.05,533400,False,PPL
2016-06-29,155.21,158.0,155.21,156.98,319900,False,PPL
2016-06-28,154.1,156.5,151.55,154.15,423500,False,PPL
2016-06-27,152.01,156.0,152.01,154.05,426400,False,PPL
2016-06-24,158.89,158.89,153.43,155.48,1443500,False,PPL
2016-06-23,160.9,162.0,159.5,161.5,1090100,False,PPL
2016-06-22,162.2,162.85,161.0,161.24,262500,False,PPL
2016-06-21,162.65,163.62,161.5,161.95,704000,False,PPL
2016-06-20,162.0,163.97,159.48,162.32,718300,False,PPL
2016-06-17,162.1,162.25,159.1,159.48,531500,False,PPL
2016-06-16,166.0,166.0,162.05,162.97,477000,False,PPL
2016-06-15,167.0,167.51,165.0,166.53,1489100,False,PPL
2016-06-14,164.75,166.75,163.25,164.91,1207100,False,PPL
2016-06-13,162.0,165.3,159.2,164.4,898300,False,PPL
2016-06-10,164.88,164.88,162.0,163.44,1368800,False,PPL
2016-06-09,164.8,165.72,163.82,164.22,634000,False,PPL
2016-06-08,165.99,166.5,162.72,163.14,950900,False,PPL
2016-06-07,159.5,165.0,158.37,164.14,1758000,False,PPL
2016-06-06,155.5,158.48,155.5,158.03,529400,False,PPL
2016-06-03,156.45,158.0,156.0,156.26,787000,False,PPL
2016-06-02,153.9,157.0,153.8,155.83,702200,False,PPL
2016-06-01,149.27,154.9,149.25,154.1,454600,False,PPL
2016-05-31,154.99,154.99,147.54,149.19,1062600,False,PPL
2016-05-30,156.9,156.9,153.85,154.34,539300,False,PPL
2016-05-27,154.5,156.0,153.71,155.38,605500,False,PPL
2016-05-26,155.7,156.0,154.0,154.25,569400,False,PPL
2016-05-25,157.0,157.25,154.0,154.4,2191200,False,PPL
2016-05-24,155.0,155.19,153.82,154.0,1543600,False,PPL
2016-05-23,156.8,156.86,153.5,155.24,1452800,False,PPL
2016-05-20,153.0,155.9,153.0,154.81,3341000,False,PPL
2016-05-19,147.0,150.0,146.52,149.16,764500,False,PPL
2016-05-18,149.45,149.45,147.5,148.04,398700,False,PPL
2016-05-17,147.5,149.99,146.88,148.14,2665000,False,PPL
2016-05-16,145.89,146.75,144.99,145.73,895500,False,PPL
2016-05-13,146.15,146.15,144.42,144.64,469500,False,PPL
2016-05-12,145.99,146.48,145.5,145.85,743600,False,PPL
2016-05-11,144.99,145.75,143.6,143.82,417000,False,PPL
2016-05-10,145.0,145.5,143.5,144.23,426600,False,PPL
2016-05-09,147.36,148.05,145.7,146.14,1047100,False,PPL
