date,open,high,low,close,volume,is_anomaly,symbol
2026-05-08,416.62,417.24,411.0,415.22,1458755,False,UBL
2026-05-07,416.5,423.75,413.0,421.71,3021667,False,UBL
2026-05-06,396.8,419.19,392.0,415.6,3739009,False,UBL
2026-05-05,380.0,387.0,380.0,385.11,1448268,False,UBL
2026-05-04,386.0,398.0,384.0,385.94,1096678,False,UBL
2026-04-30,380.01,389.7,370.26,381.23,3876233,False,UBL
2026-04-29,400.99,405.0,387.6,390.16,1411710,False,UBL
2026-04-28,402.0,405.0,396.0,400.67,3213382,False,UBL
2026-04-27,416.4,416.5,407.0,409.88,2099342,False,UBL
2026-04-24,405.05,419.01,402.05,416.31,3144070,False,UBL
2026-04-23,419.0,422.0,400.0,410.46,3574325,False,UBL
2026-04-22,445.0,445.0,422.01,425.2,5341027,False,UBL
2026-04-21,419.0,451.5,419.0,436.6,6379432,False,UBL
2026-04-20,404.31,420.99,395.01,415.84,8953976,False,UBL
2026-04-17,385.0,409.9,385.0,406.88,7693869,False,UBL
2026-04-16,375.0,384.49,373.0,381.38,4317842,False,UBL
2026-04-15,365.1,382.48,361.9,370.73,16139986,False,UBL
2026-04-14,350.0,359.0,350.0,355.93,2309702,False,UBL
2026-04-13,348.01,355.0,341.11,342.73,3704992,False,UBL
2026-04-10,360.01,368.0,355.0,360.34,5590841,False,UBL
2026-04-09,350.0,365.0,340.2,357.07,6749074,False,UBL
2026-04-08,346.65,346.65,346.65,346.65,3631740,False,UBL
2026-04-07,305.0,316.99,293.25,315.14,5563975,False,UBL
2026-04-06,327.0,328.75,294.1,306.1,14902528,False,UBL
2026-04-03,333.0,337.5,321.6,326.76,6694338,False,UBL
2026-04-02,340.0,344.0,336.6,340.62,2001736,False,UBL
2026-04-01,338.0,356.0,337.0,353.06,6032335,False,UBL
2026-03-31,340.0,344.98,328.0,331.95,2524630,False,UBL
2026-03-30,346.0,347.0,330.0,336.81,1633213,False,UBL
2026-03-27,350.0,354.5,339.0,344.45,2385166,False,UBL
2026-03-26,374.5,374.99,343.0,347.58,2917729,False,UBL
2026-03-25,372.02,376.88,369.4,374.01,1466624,False,UBL
2026-03-24,378.01,378.77,367.01,369.54,707600,False,UBL
2026-03-19,362.32,375.0,362.32,368.72,1169167,False,UBL
2026-03-18,365.0,387.0,365.0,382.07,1164731,False,UBL
2026-03-17,360.01,365.8,357.5,364.83,822144,False,UBL
2026-03-16,371.37,374.98,352.1,358.45,1020364,False,UBL
2026-03-13,365.22,376.0,362.56,371.37,688786,False,UBL
2026-03-12,373.98,373.98,362.5,365.22,1265998,False,UBL
2026-03-11,382.16,388.95,372.9,374.37,1198962,False,UBL
2026-03-10,397.47,397.47,379.4,381.49,2343117,False,UBL
2026-03-09,380.0,388.0,361.34,361.34,5325659,False,UBL
2026-03-06,418.0,418.0,399.01,401.49,2875618,False,UBL
2026-03-05,416.0,421.89,413.15,416.07,1102310,False,UBL
2026-03-04,420.0,420.0,403.7,412.85,2585696,False,UBL
2026-03-03,396.0,424.0,395.0,418.68,3163672,False,UBL
2026-03-02,395.82,415.0,395.82,396.03,3856859,False,UBL
2026-02-27,450.0,457.0,430.0,439.8,1416459,False,UBL
2026-02-26,450.1,457.99,443.0,451.19,1492825,False,UBL
2026-02-25,467.0,471.89,447.0,450.04,2942476,False,UBL
2026-02-24,470.1,479.98,459.99,461.46,1204649,False,UBL
2026-02-23,479.88,484.8,464.05,470.09,537586,False,UBL
2026-02-20,482.5,484.99,469.0,479.98,1053062,False,UBL
2026-02-19,490.5,490.5,465.0,477.65,1289120,False,UBL
2026-02-18,462.0,491.24,460.06,489.32,2275151,False,UBL
2026-02-17,463.0,468.5,446.18,455.57,2234597,False,UBL
2026-02-16,483.0,483.5,446.0,459.84,1629894,False,UBL
2026-02-13,488.0,488.0,478.02,479.98,1048900,False,UBL
2026-02-12,485.06,491.91,474.0,484.84,1814049,False,UBL
2026-02-11,491.99,491.99,482.9,485.06,643116,False,UBL
2026-02-10,491.99,492.0,483.01,487.77,775526,False,UBL
2026-02-09,494.01,502.0,482.0,487.99,2149906,False,UBL
2026-02-06,505.0,509.0,490.0,493.77,1551538,False,UBL
2026-02-04,499.99,506.5,498.0,503.14,1476748,False,UBL
2026-02-03,496.0,502.0,495.0,499.68,1740204,False,UBL
2026-02-02,487.5,497.03,483.5,495.26,2632185,False,UBL
2026-01-30,480.0,497.0,480.0,486.92,976817,False,UBL
2026-01-29,493.0,493.0,478.0,479.0,2002115,False,UBL
2026-01-28,484.8,498.0,484.05,492.91,2500629,False,UBL
2026-01-27,486.12,492.0,482.0,484.02,1168563,False,UBL
2026-01-26,484.0,491.9,484.0,485.12,687490,False,UBL
2026-01-23,486.76,490.25,480.0,483.73,1362851,False,UBL
2026-01-22,495.0,496.0,485.75,486.76,883788,False,UBL
2026-01-21,493.42,495.41,486.66,489.7,777549,False,UBL
2026-01-20,497.8,501.0,490.16,492.87,1696753,False,UBL
2026-01-19,483.0,510.0,482.0,494.78,4499136,False,UBL
2026-01-16,478.93,483.99,474.0,479.95,3087898,False,UBL
2026-01-15,483.98,487.0,470.5,474.19,2333328,False,UBL
2026-01-14,490.0,490.0,478.6,479.95,2436669,False,UBL
2026-01-13,480.41,493.0,470.01,490.01,2333866,False,UBL
2026-01-12,485.99,488.93,478.0,480.41,1109451,False,UBL
2026-01-09,489.0,491.8,483.92,485.99,1288885,False,UBL
2026-01-08,495.54,498.0,482.0,487.27,2485638,False,UBL
2026-01-07,505.0,511.0,486.5,495.54,5418336,False,UBL
2026-01-06,489.89,517.0,484.1,502.74,5763171,False,UBL
2026-01-05,467.5,494.9,467.49,487.8,2999424,False,UBL
2026-01-02,449.74,480.0,444.0,464.04,1899397,False,UBL
2026-01-01,425.0,450.0,424.99,443.1,2649686,False,UBL
2025-12-31,422.9,427.4,420.0,424.59,1375378,False,UBL
2025-12-30,419.0,427.9,417.0,422.98,2417653,False,UBL
2025-12-29,413.0,419.99,412.65,418.23,702417,False,UBL
2025-12-26,409.05,413.5,407.0,412.52,595929,False,UBL
2025-12-24,412.6,413.7,407.76,410.56,470620,False,UBL
2025-12-23,412.99,415.98,410.0,411.28,646393,False,UBL
2025-12-22,412.0,412.24,407.0,409.27,814554,False,UBL
2025-12-19,411.1,415.0,406.0,412.07,850712,False,UBL
2025-12-18,401.48,420.0,401.48,410.69,1976738,False,UBL
2025-12-17,393.5,405.0,390.11,401.47,3288808,False,UBL
2025-12-16,384.01,395.0,384.01,390.74,2173145,False,UBL
2025-12-15,380.3,384.79,378.01,382.3,818174,False,UBL
2025-12-12,375.2,384.1,375.2,379.66,1624782,False,UBL
2025-12-11,378.8,379.48,375.03,377.5,341707,False,UBL
2025-12-10,376.92,379.39,376.13,377.74,2397678,False,UBL
2025-12-09,376.02,378.9,375.01,376.91,931898,False,UBL
2025-12-08,375.2,377.0,373.73,375.57,1626241,False,UBL
2025-12-05,379.98,380.0,373.0,376.35,1262768,False,UBL
2025-12-04,375.11,377.55,372.72,373.9,101463,False,UBL
2025-12-03,377.11,378.5,374.0,374.83,557870,False,UBL
2025-12-02,379.9,381.9,377.0,378.38,1206966,False,UBL
2025-12-01,380.0,381.9,376.01,379.92,823294,False,UBL
2025-11-28,379.0,384.0,378.0,379.03,866697,False,UBL
2025-11-27,375.05,379.4,374.0,378.21,938937,False,UBL
2025-11-26,373.99,378.9,370.0,375.84,984447,False,UBL
2025-11-25,374.0,375.0,370.0,372.8,737146,False,UBL
2025-11-24,371.62,375.0,368.1,372.22,665345,False,UBL
2025-11-21,372.9,372.9,370.01,371.62,597534,False,UBL
2025-11-20,371.15,373.0,370.05,371.77,149272,False,UBL
2025-11-19,372.0,374.4,370.15,371.03,1084147,False,UBL
2025-11-18,375.0,375.0,369.78,371.45,582907,False,UBL
2025-11-17,376.14,378.5,372.0,373.52,530487,False,UBL
2025-11-14,373.5,376.98,370.21,376.14,421440,False,UBL
2025-11-13,372.01,374.1,370.2,372.04,272255,False,UBL
2025-11-12,370.0,371.7,367.0,371.01,223070,False,UBL
2025-11-11,373.0,376.4,368.0,369.13,1434105,False,UBL
2025-11-10,377.0,378.9,372.1,373.34,475435,False,UBL
2025-11-07,374.9,382.01,372.1,376.35,917817,False,UBL
2025-11-06,379.0,379.0,372.51,373.02,226204,False,UBL
2025-11-05,378.0,380.2,370.75,375.66,1050052,False,UBL
2025-11-04,382.1,382.6,376.5,377.38,603055,False,UBL
2025-11-03,386.9,386.9,378.81,380.03,884657,False,UBL
2025-10-31,363.0,392.22,363.0,384.87,1989479,False,UBL
2025-10-30,365.0,367.5,360.42,360.94,600391,False,UBL
2025-10-29,369.9,370.3,362.0,365.26,461895,False,UBL
2025-10-28,371.0,375.1,368.75,369.93,429566,False,UBL
2025-10-27,376.67,377.0,370.89,373.34,517756,False,UBL
2025-10-24,376.0,384.93,375.55,376.67,405190,False,UBL
2025-10-23,382.0,385.0,377.4,382.93,704295,False,UBL
2025-10-22,395.5,395.7,389.0,389.95,1646534,False,UBL
2025-10-21,396.0,397.9,390.51,394.33,1482326,False,UBL
2025-10-20,391.7,399.0,388.0,395.65,1517673,False,UBL
2025-10-17,389.67,392.1,386.0,387.03,516316,False,UBL
2025-10-16,389.99,393.68,389.0,389.67,1438265,False,UBL
2025-10-15,396.38,397.7,386.03,387.81,3125577,False,UBL
2025-10-14,377.0,393.1,377.0,391.37,1226376,False,UBL
2025-10-13,370.0,375.2,366.25,374.06,1704002,False,UBL
2025-10-10,377.5,380.5,370.06,376.09,899169,False,UBL
2025-10-09,384.88,387.9,374.0,377.95,910277,False,UBL
2025-10-08,395.85,397.87,380.0,382.8,1853359,False,UBL
2025-10-07,401.4,404.38,394.0,395.85,1245260,False,UBL
2025-10-06,403.98,410.3,397.0,401.29,1241178,False,UBL
2025-10-03,397.5,410.0,390.0,403.98,3195381,False,UBL
2025-10-02,386.0,398.99,386.0,397.51,1829417,False,UBL
2025-10-01,389.88,390.15,381.11,385.62,801293,False,UBL
2025-09-30,377.0,399.9,376.01,386.06,3302128,False,UBL
2025-09-29,373.0,380.1,373.0,375.27,1468862,False,UBL
2025-09-26,362.0,374.99,360.02,371.77,2718865,False,UBL
2025-09-25,363.16,364.8,360.2,360.89,814442,False,UBL
2025-09-24,362.0,364.0,360.0,363.09,2356481,False,UBL
2025-09-23,353.9,362.5,351.0,359.8,2865577,False,UBL
2025-09-22,361.0,362.4,350.2,351.83,1147898,False,UBL
2025-09-19,370.27,370.27,359.5,360.84,1399327,False,UBL
2025-09-18,366.0,370.39,365.0,368.61,571248,False,UBL
2025-09-17,368.0,369.9,364.5,365.81,287886,False,UBL
2025-09-16,366.25,370.4,365.3,367.1,1238767,False,UBL
2025-09-15,363.22,368.65,363.22,366.2,472944,False,UBL
2025-09-12,375.94,376.9,359.0,363.06,1468630,False,UBL
2025-09-11,375.52,378.5,374.41,374.97,446283,False,UBL
2025-09-10,379.4,379.4,374.26,375.52,986354,False,UBL
2025-09-09,379.98,384.19,376.02,378.58,1335407,False,UBL
2025-09-08,384.0,384.56,376.5,377.44,1191553,False,UBL
2025-09-05,385.0,385.15,381.0,382.38,893174,False,UBL
2025-09-04,387.0,389.0,383.0,384.19,655211,False,UBL
2025-09-03,383.0,387.0,381.2,383.69,863714,False,UBL
2025-09-02,381.99,383.0,380.5,382.15,367428,False,UBL
2025-09-01,381.1,383.0,379.62,380.19,508902,False,UBL
2025-08-29,380.1,383.98,375.0,380.84,1129866,False,UBL
2025-08-28,380.0,383.98,380.0,381.78,449342,False,UBL
2025-08-27,379.99,382.5,375.0,380.22,529210,False,UBL
2025-08-26,382.48,382.48,378.01,379.92,533252,False,UBL
2025-08-25,384.0,384.0,381.0,381.76,237136,False,UBL
2025-08-22,382.0,385.49,381.23,382.33,417219,False,UBL
2025-08-21,384.03,387.0,379.96,381.23,726587,False,UBL
2025-08-20,386.0,387.0,383.0,384.02,500917,False,UBL
2025-08-19,377.89,392.0,377.89,385.44,2697339,False,UBL
2025-08-18,374.52,379.51,372.0,377.89,600056,False,UBL
2025-08-15,380.08,382.61,365.1,374.52,404946,False,UBL
2025-08-13,381.35,384.0,376.11,379.61,691690,False,UBL
2025-08-12,385.0,385.85,380.57,381.39,297094,False,UBL
2025-08-11,380.0,385.0,379.0,382.62,737613,False,UBL
2025-08-08,381.01,384.5,379.0,381.14,677736,False,UBL
2025-08-07,380.0,385.78,378.0,380.78,1436336,False,UBL
2025-08-06,371.82,380.95,371.82,378.64,2359824,False,UBL
2025-08-05,368.0,375.11,367.2,371.82,975813,False,UBL
2025-08-04,369.0,370.89,366.0,368.03,800264,False,UBL
2025-08-01,366.0,369.0,365.0,368.56,563189,False,UBL
2025-07-31,368.1,369.75,365.86,366.68,997268,False,UBL
2025-07-30,355.0,367.99,355.0,365.85,1451582,False,UBL
2025-07-29,366.99,371.0,350.0,358.39,2194506,False,UBL
2025-07-28,369.0,371.0,363.2,364.95,1348301,False,UBL
2025-07-25,364.97,372.48,364.1,369.37,1477082,False,UBL
2025-07-24,366.0,369.75,363.14,366.75,1139833,False,UBL
2025-07-23,365.5,369.0,361.01,366.09,1067686,False,UBL
2025-07-22,370.0,371.97,360.0,366.02,1895384,False,UBL
2025-07-21,373.97,374.9,367.5,369.52,697674,False,UBL
2025-07-18,366.5,375.97,365.0,373.48,2788781,False,UBL
2025-07-17,360.99,374.0,360.0,373.1,1937340,False,UBL
2025-07-16,370.0,376.99,360.55,362.88,2562688,False,UBL
2025-07-15,363.0,380.0,362.0,370.06,4612685,False,UBL
2025-07-14,343.9,362.77,343.9,360.34,3934746,False,UBL
2025-07-11,334.0,344.5,329.5,341.71,6871072,False,UBL
2025-07-10,332.85,336.0,329.0,333.69,1555566,False,UBL
2025-07-09,330.04,332.9,327.0,330.09,1098739,False,UBL
2025-07-08,328.5,336.0,325.0,330.04,3515444,False,UBL
2025-07-07,328.5,338.44,326.02,329.07,5204344,False,UBL
2025-07-04,309.84,329.9,309.0,327.49,3748255,False,UBL
2025-07-03,307.0,312.5,304.01,309.84,2884914,False,UBL
2025-07-02,289.5,306.5,289.0,305.79,9197607,False,UBL
2025-07-01,276.0,291.9,275.95,289.82,4188933,False,UBL
2025-06-30,273.0,277.0,273.0,275.95,1848550,False,UBL
2025-06-27,270.5,277.0,268.5,272.99,3773073,False,UBL
2025-06-26,272.0,272.01,269.4,270.67,2312353,False,UBL
2025-06-25,274.85,274.85,267.1,271.09,1719096,False,UBL
2025-06-24,265.0,275.0,264.25,273.04,4642454,False,UBL
2025-06-23,259.99,265.94,258.5,261.81,3805211,False,UBL
2025-06-20,522.79,525.25,520.0,524.19,718562,False,UBL
2025-06-19,520.0,522.9,516.02,521.4,381538,False,UBL
2025-06-18,524.98,524.98,514.11,515.91,638125,False,UBL
2025-06-17,518.0,532.0,516.5,521.13,1375285,False,UBL
2025-06-16,520.0,521.99,514.6,516.46,596172,False,UBL
2025-06-13,510.1,523.5,510.1,517.63,1156413,False,UBL
2025-06-12,516.0,526.99,516.0,520.2,965451,False,UBL
2025-06-11,515.0,521.25,514.45,515.77,1854149,False,UBL
2025-06-10,514.99,515.0,511.1,513.05,1246865,False,UBL
2025-06-05,515.0,517.0,509.5,513.26,805913,False,UBL
2025-06-04,514.0,522.0,510.0,513.15,799020,False,UBL
2025-06-03,510.0,515.01,506.51,512.45,695473,False,UBL
2025-06-02,510.0,515.0,508.0,509.0,380916,False,UBL
2025-05-30,513.0,513.99,507.0,509.6,550714,False,UBL
2025-05-29,505.01,515.0,505.01,510.78,782913,False,UBL
2025-05-27,514.0,518.65,503.26,504.79,1020483,False,UBL
2025-05-26,517.0,521.0,512.12,513.95,253548,False,UBL
2025-05-23,514.0,524.0,511.0,516.57,351373,False,UBL
2025-05-22,516.0,530.0,515.0,516.07,976394,False,UBL
2025-05-21,510.01,521.9,510.01,515.74,766793,False,UBL
2025-05-20,515.53,517.88,505.5,509.51,185440,False,UBL
2025-05-19,518.79,519.89,511.0,515.57,428531,False,UBL
2025-05-16,518.0,535.5,511.0,518.79,1468869,False,UBL
2025-05-15,501.89,519.89,500.25,515.46,1753578,False,UBL
2025-05-14,493.99,510.98,490.06,499.83,2205841,False,UBL
2025-05-13,520.0,520.0,492.5,495.26,2054083,False,UBL
2025-05-12,501.44,501.44,501.44,501.44,378056,False,UBL
2025-05-09,451.0,464.8,434.01,455.85,2542931,False,UBL
2025-05-08,485.0,494.0,430.06,448.05,2983445,False,UBL
2025-05-07,460.0,487.99,460.0,477.84,2017389,False,UBL
2025-05-06,487.26,511.9,487.26,490.61,1609391,False,UBL
2025-05-05,502.0,510.0,483.0,487.26,1402293,False,UBL
2025-05-02,470.0,505.0,470.0,498.06,2001263,False,UBL
2025-04-30,465.05,484.0,428.01,461.04,5533339,False,UBL
2025-04-29,475.6,483.99,468.5,475.13,2716568,False,UBL
2025-04-28,500.0,504.9,477.77,480.28,1181100,False,UBL
2025-04-25,512.49,523.5,502.0,507.77,838859,False,UBL
2025-04-24,505.0,528.9,496.51,511.52,1395244,False,UBL
2025-04-23,530.2,547.97,516.0,518.74,1084032,False,UBL
2025-04-22,554.99,554.99,522.0,530.04,910369,False,UBL
2025-04-21,548.5,580.0,548.0,552.11,2677984,False,UBL
2025-04-18,498.0,544.72,496.0,542.77,3976638,False,UBL
2025-04-17,478.77,498.95,474.0,495.2,10968701,False,UBL
2025-04-16,481.0,519.0,449.0,479.18,8373095,False,UBL
2025-04-15,474.0,482.0,472.7,475.06,1131848,False,UBL
2025-04-14,444.99,479.0,444.98,472.64,1413079,False,UBL
2025-04-11,457.0,461.95,432.0,441.74,1117598,False,UBL
2025-04-10,465.0,470.5,456.0,457.92,1301134,False,UBL
2025-04-09,458.98,459.9,440.51,451.0,671384,False,UBL
2025-04-08,477.0,479.0,458.0,460.14,1508984,False,UBL
2025-04-07,482.0,482.0,436.1,476.93,3178664,False,UBL
2025-04-04,446.0,489.05,446.0,482.18,5855977,False,UBL
2025-04-03,411.0,451.98,406.0,444.59,1414936,False,UBL
2025-03-27,400.0,414.0,396.1,410.89,554546,False,UBL
2025-03-26,380.02,401.98,379.5,400.02,1608096,False,UBL
2025-03-25,383.0,383.75,376.64,378.14,430282,False,UBL
2025-03-24,383.5,385.97,380.0,381.07,222961,False,UBL
2025-03-21,384.81,386.0,381.66,382.43,255577,False,UBL
2025-03-20,389.98,390.48,383.5,384.81,273795,False,UBL
2025-03-19,385.2,390.0,383.99,387.54,671046,False,UBL
2025-03-18,389.0,389.01,384.99,385.9,1001456,False,UBL
2025-03-17,387.0,389.0,385.0,387.15,97682,False,UBL
2025-03-14,389.0,389.0,385.5,386.13,489766,False,UBL
2025-03-13,388.0,389.51,384.55,386.17,426948,False,UBL
2025-03-12,388.0,388.0,385.01,386.0,323480,False,UBL
2025-03-11,394.0,394.0,384.51,387.27,1390416,False,UBL
2025-03-10,395.0,404.85,395.0,403.3,825041,False,UBL
2025-03-07,397.0,398.0,394.01,395.47,945838,False,UBL
2025-03-06,398.0,398.0,394.01,395.89,374154,False,UBL
2025-03-05,397.0,399.0,390.2,394.52,477719,False,UBL
2025-03-04,390.8,398.0,390.8,396.75,136560,False,UBL
2025-03-03,401.0,401.0,388.0,390.87,1064472,False,UBL
2025-02-28,405.0,405.0,399.0,399.46,199390,False,UBL
2025-02-27,400.0,405.99,399.03,401.0,343451,False,UBL
2025-02-26,403.0,403.0,397.85,399.02,302616,False,UBL
2025-02-25,402.2,410.0,398.25,401.0,199975,False,UBL
2025-02-24,395.0,404.99,388.0,401.81,470254,False,UBL
2025-02-21,397.26,397.26,393.5,395.0,103200,False,UBL
2025-02-20,398.69,401.55,395.29,397.26,447297,False,UBL
2025-02-19,416.01,419.99,392.18,395.29,3036988,False,UBL
2025-02-18,410.0,414.9,410.0,414.56,389904,False,UBL
2025-02-17,409.98,412.89,408.56,411.41,545470,False,UBL
2025-02-14,407.1,410.0,406.0,408.56,68715,False,UBL
2025-02-13,413.75,413.75,407.05,408.38,235627,False,UBL
2025-02-12,412.95,416.0,409.05,412.52,130560,False,UBL
2025-02-11,412.23,420.0,412.0,412.79,268187,False,UBL
2025-02-10,412.99,416.0,407.1,412.23,388651,False,UBL
2025-02-07,412.0,413.0,405.01,410.79,1183543,False,UBL
2025-02-06,409.0,413.99,403.22,410.28,1615724,False,UBL
2025-02-04,415.0,417.0,406.0,411.17,495419,False,UBL
2025-02-03,412.01,417.5,410.6,414.02,639052,False,UBL
2025-01-31,395.0,413.99,393.01,410.21,1267359,False,UBL
2025-01-30,389.0,394.0,388.2,391.66,617513,False,UBL
2025-01-29,389.8,392.0,385.52,389.0,1270497,False,UBL
2025-01-28,385.51,392.65,385.05,388.09,1647962,False,UBL
2025-01-27,390.0,390.0,382.51,386.01,487346,False,UBL
2025-01-24,387.01,390.3,387.01,388.85,355831,False,UBL
2025-01-23,393.95,393.95,383.07,386.07,535365,False,UBL
2025-01-22,392.38,394.49,386.05,390.23,2609568,False,UBL
2025-01-21,397.1,397.1,392.0,392.38,522587,False,UBL
2025-01-20,398.0,398.0,395.99,396.98,266871,False,UBL
2025-01-17,385.0,397.7,382.5,396.61,2249881,False,UBL
2025-01-16,386.99,386.99,382.1,384.05,353645,False,UBL
2025-01-15,390.0,390.0,382.01,385.08,467871,False,UBL
2025-01-14,378.0,390.0,373.01,388.29,2510435,False,UBL
2025-01-13,370.0,378.0,369.0,375.92,1641184,False,UBL
2025-01-10,371.99,374.0,366.9,369.95,575123,False,UBL
2025-01-09,373.78,378.99,369.0,372.38,2182493,False,UBL
2025-01-08,382.75,387.0,370.16,373.78,643961,False,UBL
2025-01-07,385.0,388.4,378.0,382.97,460187,False,UBL
2025-01-06,388.16,390.0,382.31,385.42,544509,False,UBL
2025-01-03,388.89,389.9,380.01,388.15,891133,False,UBL
2025-01-02,388.36,390.0,384.1,387.75,1523011,False,UBL
2025-01-01,381.84,390.0,380.0,388.36,1518506,False,UBL
2024-12-31,380.0,383.0,375.0,382.23,1806809,False,UBL
2024-12-30,376.0,384.0,368.0,378.33,1997964,False,UBL
2024-12-27,376.0,377.49,371.0,373.41,347805,False,UBL
2024-12-26,363.11,375.49,350.0,374.87,2931860,False,UBL
2024-12-24,356.05,368.0,348.0,365.12,2507585,False,UBL
2024-12-23,350.0,362.49,348.0,355.46,2835857,False,UBL
2024-12-20,332.01,349.89,332.01,346.18,712715,False,UBL
2024-12-19,348.0,348.48,325.05,333.84,2345091,False,UBL
2024-12-18,352.51,360.0,346.01,349.64,1080769,False,UBL
2024-12-17,340.11,361.25,337.5,356.85,1810833,False,UBL
2024-12-16,346.0,346.0,330.0,341.39,2146066,False,UBL
2024-12-13,361.0,362.9,334.1,346.02,4946717,False,UBL
2024-12-12,367.0,367.0,359.1,361.64,1409947,False,UBL
2024-12-11,357.5,364.5,357.5,363.38,814630,False,UBL
2024-12-10,370.0,370.0,356.5,357.55,2957087,False,UBL
2024-12-09,366.11,371.0,348.0,367.3,3266009,False,UBL
2024-12-06,364.0,379.0,358.5,375.15,14056879,False,UBL
2024-12-05,348.0,363.0,345.0,360.09,2581424,False,UBL
2024-12-04,348.02,351.97,344.5,346.48,959830,False,UBL
2024-12-03,342.99,347.99,342.37,345.72,1354798,False,UBL
2024-12-02,341.0,344.89,340.0,342.37,972333,False,UBL
2024-11-29,337.0,341.22,335.0,339.45,665818,False,UBL
2024-11-28,348.01,350.5,331.57,335.52,2157257,False,UBL
2024-11-27,348.89,357.0,343.01,347.77,2656424,False,UBL
2024-11-26,346.0,380.62,339.01,343.0,5798098,False,UBL
2024-11-25,336.0,351.98,334.05,346.02,1632164,False,UBL
2024-11-22,334.8,356.0,331.51,335.77,3465164,False,UBL
2024-11-21,333.0,334.5,329.0,333.76,353620,False,UBL
2024-11-20,328.0,336.99,328.0,333.03,230743,False,UBL
2024-11-19,328.5,333.98,325.0,332.39,1085615,False,UBL
2024-11-18,331.0,336.0,325.0,326.43,628557,False,UBL
2024-11-15,326.0,341.0,326.0,330.57,1241097,False,UBL
2024-11-14,316.0,326.0,314.5,323.33,1080157,False,UBL
2024-11-13,313.0,316.99,311.05,315.7,413367,False,UBL
2024-11-12,313.0,316.0,310.6,314.25,337062,False,UBL
2024-11-11,313.25,313.95,312.05,313.42,373913,False,UBL
2024-11-08,315.5,316.0,312.0,313.03,315988,False,UBL
2024-11-07,314.0,318.0,310.94,315.18,480633,False,UBL
2024-11-06,320.0,320.0,312.3,313.15,259501,False,UBL
2024-11-05,322.68,322.68,310.0,318.88,2001385,False,UBL
2024-11-04,323.01,325.45,310.11,321.13,572900,False,UBL
2024-11-01,299.88,325.0,294.15,320.58,1120698,False,UBL
2024-10-31,317.0,318.0,308.0,311.92,1028949,False,UBL
2024-10-30,319.0,322.0,314.0,315.41,513819,False,UBL
2024-10-29,316.0,322.85,312.94,318.97,417220,False,UBL
2024-10-28,324.0,325.24,315.06,315.94,1407476,False,UBL
2024-10-25,311.85,321.0,309.5,315.98,1051763,False,UBL
2024-10-24,296.0,311.0,291.0,309.65,9883837,False,UBL
2024-10-23,296.0,299.95,293.5,293.98,2471709,False,UBL
2024-10-22,297.0,298.0,294.61,295.13,303310,False,UBL
2024-10-21,293.01,298.0,290.55,296.15,403252,False,UBL
2024-10-18,293.0,295.0,291.55,292.28,222654,False,UBL
2024-10-17,294.94,294.94,289.01,292.28,340633,False,UBL
2024-10-16,299.99,300.99,293.0,293.93,226678,False,UBL
2024-10-15,299.1,300.98,297.7,299.61,382107,False,UBL
2024-10-14,299.81,301.0,297.77,299.04,1283927,False,UBL
2024-10-11,297.85,300.0,297.0,299.81,966487,False,UBL
2024-10-10,299.0,300.0,297.0,297.85,454785,False,UBL
2024-10-09,298.99,301.3,297.95,298.08,1168462,False,UBL
2024-10-08,298.5,302.45,295.64,297.38,712118,False,UBL
2024-10-07,295.49,299.99,293.89,298.65,507155,False,UBL
2024-10-04,296.0,298.0,294.0,295.38,717652,False,UBL
2024-10-03,294.0,299.5,293.1,295.55,940403,False,UBL
2024-10-02,289.51,297.0,289.0,295.35,284874,False,UBL
2024-10-01,290.02,294.89,288.3,289.51,309206,False,UBL
2024-09-30,289.5,292.6,286.14,291.42,297166,False,UBL
2024-09-27,294.85,294.85,287.02,288.66,766485,False,UBL
2024-09-26,297.0,301.0,291.05,293.72,408343,False,UBL
2024-09-25,295.5,298.95,291.0,297.73,932622,False,UBL
2024-09-24,288.0,298.0,286.05,295.19,1072648,False,UBL
2024-09-23,278.0,290.0,277.98,288.05,1119977,False,UBL
2024-09-20,270.0,282.99,269.5,278.57,3085746,False,UBL
2024-09-19,264.1,277.0,264.1,270.67,1256457,False,UBL
2024-09-18,263.0,270.0,260.17,268.08,1053653,False,UBL
2024-09-16,264.0,265.99,260.0,262.34,218485,False,UBL
2024-09-13,269.5,270.0,261.11,263.88,953442,False,UBL
2024-09-12,257.15,267.49,257.05,265.88,1633395,False,UBL
2024-09-11,260.0,261.7,257.12,259.65,1135491,False,UBL
2024-09-10,256.97,260.5,254.01,259.98,525791,False,UBL
2024-09-09,260.0,261.99,254.0,255.05,435258,False,UBL
2024-09-06,261.0,261.99,258.02,259.96,422637,False,UBL
2024-09-05,253.11,263.98,251.5,261.04,1327601,False,UBL
2024-09-04,253.5,253.5,251.0,252.97,417734,False,UBL
2024-09-03,251.52,253.99,250.16,252.08,256823,False,UBL
2024-09-02,254.0,255.0,251.0,251.52,244392,False,UBL
2024-08-30,256.0,256.0,251.01,253.24,459865,False,UBL
2024-08-29,253.01,254.9,251.0,252.0,830315,False,UBL
2024-08-28,254.0,254.0,252.0,253.0,115297,False,UBL
2024-08-27,253.93,254.5,252.6,253.08,149117,False,UBL
2024-08-26,257.0,257.36,253.0,253.93,483077,False,UBL
2024-08-23,253.31,259.0,252.25,257.54,1111470,False,UBL
2024-08-22,255.0,255.0,252.0,253.32,510945,False,UBL
2024-08-21,251.0,254.99,250.5,253.59,595200,False,UBL
2024-08-20,246.0,255.0,244.05,251.06,840446,False,UBL
2024-08-19,246.0,248.0,244.0,245.56,475391,False,UBL
2024-08-16,250.9,250.9,244.99,245.49,245638,False,UBL
2024-08-15,250.0,252.0,248.05,249.32,356504,False,UBL
2024-08-13,248.56,251.0,246.05,249.99,138454,False,UBL
2024-08-12,251.02,254.0,248.52,249.96,414977,False,UBL
2024-08-09,244.0,252.5,238.5,251.86,1004368,False,UBL
2024-08-08,244.02,244.02,239.05,243.67,1351562,False,UBL
2024-08-07,254.5,256.0,250.5,251.14,875447,False,UBL
2024-08-06,252.9,255.2,252.56,253.07,1239836,False,UBL
2024-08-05,256.95,258.8,252.0,252.8,1083166,False,UBL
2024-08-02,254.89,259.95,254.2,256.65,883004,False,UBL
2024-08-01,261.99,261.99,252.1,253.6,565213,False,UBL
2024-07-31,266.01,275.0,259.0,259.93,2604068,False,UBL
2024-07-30,265.89,268.85,263.01,265.59,630553,False,UBL
2024-07-29,259.0,266.95,257.3,265.24,845098,False,UBL
2024-07-26,255.95,260.0,253.2,257.36,302866,False,UBL
2024-07-25,257.7,259.69,254.01,254.75,969448,False,UBL
2024-07-24,258.25,261.94,256.75,257.56,1303580,False,UBL
2024-07-23,257.0,262.84,257.0,259.59,454635,False,UBL
2024-07-22,261.0,261.0,255.11,257.76,775362,False,UBL
2024-07-19,265.01,268.0,259.0,261.14,2256312,False,UBL
2024-07-18,260.19,268.9,260.0,267.01,965496,False,UBL
2024-07-15,258.58,263.0,258.1,260.19,322315,False,UBL
2024-07-12,257.0,259.0,253.0,256.11,581807,False,UBL
2024-07-11,259.01,260.0,256.0,258.07,332189,False,UBL
2024-07-10,260.01,261.99,258.0,259.9,298774,False,UBL
2024-07-09,263.96,264.0,260.25,260.9,295153,False,UBL
2024-07-08,264.9,264.9,261.72,263.96,302831,False,UBL
2024-07-05,263.79,269.48,259.9,262.09,1554094,False,UBL
2024-07-04,262.0,264.5,260.51,262.42,569881,False,UBL
2024-07-03,262.7,262.98,258.16,261.72,715866,False,UBL
2024-07-02,260.0,262.0,259.51,261.02,473267,False,UBL
2024-07-01,256.95,266.6,255.0,259.09,1920439,False,UBL
2024-06-28,261.99,262.7,254.92,256.24,1531160,False,UBL
2024-06-27,259.0,263.0,258.0,260.2,516921,False,UBL
2024-06-26,258.95,259.8,256.0,257.15,521014,False,UBL
2024-06-25,261.4,261.4,256.8,257.58,1476823,False,UBL
2024-06-24,268.0,268.0,255.99,258.83,1689230,False,UBL
2024-06-21,270.0,282.03,260.55,265.65,2106556,False,UBL
2024-06-20,240.0,260.19,240.0,260.19,3194262,False,UBL
2024-06-14,234.5,240.3,231.0,239.81,1657876,False,UBL
2024-06-13,218.05,233.9,218.05,232.44,1922283,False,UBL
2024-06-12,216.1,220.5,216.1,219.04,638418,False,UBL
2024-06-11,217.0,219.49,217.0,218.56,403020,False,UBL
2024-06-10,217.5,217.99,212.53,215.87,649465,False,UBL
2024-06-07,221.38,221.38,206.0,216.9,1049677,False,UBL
2024-06-06,219.19,221.99,218.49,218.58,853358,False,UBL
2024-06-05,222.0,222.0,219.1,219.99,803153,False,UBL
2024-06-04,223.0,223.0,220.26,221.28,499092,False,UBL
2024-06-03,223.0,223.0,218.9,221.57,1168893,False,UBL
2024-05-31,220.01,223.8,218.01,223.33,661174,False,UBL
2024-05-30,222.9,222.98,218.01,221.33,1091586,False,UBL
2024-05-29,223.98,223.98,219.0,221.28,1671387,False,UBL
2024-05-27,221.75,221.75,217.0,221.26,2971497,False,UBL
2024-05-24,214.9,222.1,214.11,221.71,2645450,False,UBL
2024-05-23,216.02,218.35,212.11,214.06,1104945,False,UBL
2024-05-22,216.74,217.75,215.25,216.92,716766,False,UBL
2024-05-21,214.26,216.0,209.1,215.51,2974726,False,UBL
2024-05-20,214.89,214.89,211.75,212.26,2456232,False,UBL
2024-05-17,215.0,216.55,208.2,213.93,5154062,False,UBL
2024-05-16,205.1,215.0,205.01,214.54,2740285,False,UBL
2024-05-15,200.0,206.7,199.0,205.67,2962612,False,UBL
2024-05-14,196.98,200.0,196.2,199.7,962731,False,UBL
2024-05-13,195.0,197.0,194.5,196.29,367453,False,UBL
2024-05-10,195.01,196.0,193.0,195.01,251080,False,UBL
2024-05-09,195.11,195.9,193.5,194.36,183071,False,UBL
2024-05-08,196.96,197.0,193.7,194.97,538672,False,UBL
2024-05-07,197.6,197.9,195.51,196.43,169181,False,UBL
2024-05-06,195.85,197.96,195.35,196.88,295231,False,UBL
2024-05-03,193.93,194.55,191.5,194.22,284099,False,UBL
2024-05-02,194.0,194.0,191.25,192.05,600297,False,UBL
2024-04-30,200.0,200.9,193.1,193.65,1281960,False,UBL
2024-04-29,200.41,201.0,197.5,198.9,1250468,False,UBL
2024-04-26,200.38,203.25,198.13,200.47,1100319,False,UBL
2024-04-25,196.05,201.45,193.55,200.38,2590036,False,UBL
2024-04-24,205.5,208.92,205.0,205.67,1697458,False,UBL
2024-04-23,203.0,206.41,203.0,205.01,1072960,False,UBL
2024-04-22,198.0,204.74,198.0,202.65,1888627,False,UBL
2024-04-19,194.01,198.63,194.01,197.51,1439054,False,UBL
2024-04-18,195.5,195.9,191.66,194.8,1789956,False,UBL
2024-04-17,193.5,198.6,191.66,195.17,3439247,False,UBL
2024-04-16,192.57,195.92,192.0,192.92,1398950,False,UBL
2024-04-15,187.27,193.5,187.27,193.15,820119,False,UBL
2024-04-09,187.0,193.19,185.1,188.71,2029359,False,UBL
2024-04-08,182.0,186.47,182.0,185.77,471334,False,UBL
2024-04-04,181.5,181.8,180.0,181.32,304230,False,UBL
2024-04-03,181.99,182.0,181.0,181.03,240902,False,UBL
2024-04-02,181.01,182.2,180.51,181.27,297945,False,UBL
2024-04-01,182.0,183.11,181.5,181.91,557715,False,UBL
2024-03-29,181.93,182.94,180.64,182.28,4231135,False,UBL
2024-03-28,182.0,183.81,180.03,181.79,8739676,False,UBL
2024-03-27,178.62,183.0,178.62,181.51,2484510,False,UBL
2024-03-26,177.95,179.35,176.5,178.61,757753,False,UBL
2024-03-25,177.5,177.95,175.0,176.17,1364948,False,UBL
2024-03-22,179.0,179.0,174.69,176.14,631379,False,UBL
2024-03-21,180.98,181.0,178.13,178.76,405499,False,UBL
2024-03-20,180.75,181.99,179.4,180.02,4451128,False,UBL
2024-03-19,180.0,181.99,179.22,181.22,9031380,False,UBL
2024-03-18,179.0,180.0,178.6,179.78,282512,False,UBL
2024-03-15,179.25,180.79,177.6,178.34,241422,False,UBL
2024-03-14,181.0,181.0,178.52,179.65,880930,False,UBL
2024-03-13,181.99,181.99,180.0,180.46,1018444,False,UBL
2024-03-12,182.28,182.28,180.25,181.69,116022,False,UBL
2024-03-11,182.9,182.9,181.0,182.01,241680,False,UBL
2024-03-08,185.3,187.0,182.5,182.85,2152131,False,UBL
2024-03-07,185.0,187.49,184.0,184.97,939640,False,UBL
2024-03-06,195.2,196.91,195.0,195.5,2785770,False,UBL
2024-03-05,195.0,196.8,194.0,195.36,806734,False,UBL
2024-03-04,194.48,195.0,191.55,194.0,741062,False,UBL
2024-03-01,193.1,194.1,192.0,192.64,584076,False,UBL
2024-02-29,188.3,193.0,188.3,192.23,830766,False,UBL
2024-02-28,188.87,190.5,188.0,188.28,1204394,False,UBL
2024-02-27,190.99,190.99,188.11,188.28,979969,False,UBL
2024-02-26,188.99,192.1,188.99,190.59,1227411,False,UBL
2024-02-23,185.11,189.2,185.11,188.81,722636,False,UBL
2024-02-22,184.0,186.45,182.25,185.87,688257,False,UBL
2024-02-21,181.0,184.98,180.4,182.96,1964122,False,UBL
2024-02-20,181.0,181.0,178.76,179.13,518057,False,UBL
2024-02-19,180.65,181.99,179.51,180.03,794224,False,UBL
2024-02-16,181.0,183.3,180.5,181.86,511264,False,UBL
2024-02-15,187.0,187.0,180.85,182.06,931795,False,UBL
2024-02-14,187.6,187.9,185.6,185.99,929471,False,UBL
2024-02-13,181.5,188.79,180.3,186.4,1406257,False,UBL
2024-02-12,182.99,184.0,180.01,181.74,498070,False,UBL
2024-02-09,182.0,185.7,182.0,184.15,608053,False,UBL
2024-02-07,184.98,186.5,184.77,185.99,285861,False,UBL
2024-02-06,183.0,185.9,182.4,184.4,674476,False,UBL
2024-02-02,183.0,183.5,181.26,182.65,360928,False,UBL
2024-02-01,183.45,184.0,181.0,182.52,513382,False,UBL
2024-01-31,181.95,183.0,180.98,182.06,529567,False,UBL
2024-01-30,183.49,183.5,179.75,180.08,779939,False,UBL
2024-01-29,184.75,184.75,181.11,182.94,787771,False,UBL
2024-01-26,184.25,185.9,182.0,183.19,496419,False,UBL
2024-01-25,184.89,185.48,183.01,184.5,647546,False,UBL
2024-01-24,184.95,185.3,183.19,184.8,772934,False,UBL
2024-01-23,183.0,186.0,182.01,184.1,612716,False,UBL
2024-01-22,182.01,183.25,180.81,182.04,251534,False,UBL
2024-01-19,184.0,185.2,181.75,182.78,565293,False,UBL
2024-01-18,184.49,184.49,178.0,183.22,912688,False,UBL
2024-01-17,180.0,183.93,178.5,183.09,2997560,False,UBL
2024-01-16,180.98,180.98,178.95,179.4,661283,False,UBL
2024-01-15,180.25,181.98,179.4,179.79,156973,False,UBL
2024-01-12,181.0,182.5,180.0,180.19,341669,False,UBL
2024-01-11,179.6,180.48,178.21,179.75,233138,False,UBL
2024-01-10,180.79,180.79,178.2,178.6,420920,False,UBL
2024-01-09,181.0,181.99,178.6,179.62,610880,False,UBL
2024-01-08,184.9,184.9,178.9,179.42,639782,False,UBL
2024-01-05,185.85,185.89,180.11,183.65,383176,False,UBL
2024-01-04,185.09,185.85,182.55,184.68,759786,False,UBL
2024-01-03,185.9,187.18,182.5,185.08,495480,False,UBL
2024-01-02,186.96,186.96,183.75,184.99,646424,False,UBL
2024-01-01,176.48,184.9,176.48,184.32,720201,False,UBL
2023-12-29,174.85,178.8,174.11,177.84,427117,False,UBL
2023-12-28,172.8,177.79,172.2,174.57,902374,False,UBL
2023-12-27,169.9,174.44,165.55,171.67,825070,False,UBL
2023-12-26,170.0,171.5,165.15,169.14,775215,False,UBL
2023-12-22,173.99,173.99,170.05,170.74,600728,False,UBL
2023-12-21,175.0,175.0,170.5,173.46,351453,False,UBL
2023-12-20,173.48,174.0,170.11,173.5,654238,False,UBL
2023-12-19,175.0,178.0,170.25,173.04,1038049,False,UBL
2023-12-18,179.0,179.9,175.41,175.56,438082,False,UBL
2023-12-15,180.98,180.98,175.11,178.42,1280393,False,UBL
2023-12-14,181.5,183.98,175.0,179.39,1274988,False,UBL
2023-12-13,185.95,186.8,175.0,181.58,809724,False,UBL
2023-12-12,186.01,186.5,183.75,184.38,609660,False,UBL
2023-12-11,190.05,191.99,186.0,186.38,1036495,False,UBL
2023-12-08,184.9,191.5,184.5,190.05,3522859,False,UBL
2023-12-07,184.5,184.9,181.4,183.22,1395098,False,UBL
2023-12-06,182.5,184.0,181.01,182.86,590588,False,UBL
2023-12-05,180.05,182.5,180.0,181.41,306817,False,UBL
2023-12-04,184.0,184.6,180.01,180.75,511747,False,UBL
2023-12-01,183.88,183.88,178.1,181.94,604374,False,UBL
2023-11-30,185.0,188.99,180.0,181.53,2092879,False,UBL
2023-11-29,186.21,188.4,184.02,184.73,2294335,False,UBL
2023-11-28,172.02,184.92,172.02,184.91,4390794,False,UBL
2023-11-27,165.8,173.3,165.0,172.02,1927325,False,UBL
2023-11-24,165.0,167.5,163.51,165.15,1090353,False,UBL
2023-11-23,162.01,165.7,162.0,164.86,825468,False,UBL
2023-11-22,164.9,164.9,163.01,164.39,871776,False,UBL
2023-11-21,162.0,165.0,161.99,164.1,1517730,False,UBL
2023-11-20,158.12,162.5,158.12,161.43,962318,False,UBL
2023-11-17,159.25,160.0,158.0,158.84,700772,False,UBL
2023-11-16,156.0,159.1,156.0,158.92,992638,False,UBL
2023-11-15,158.04,159.2,155.0,158.0,1255007,False,UBL
2023-11-14,161.5,161.5,157.02,158.04,1034203,False,UBL
2023-11-13,159.72,161.0,159.62,160.52,1370793,False,UBL
2023-11-10,160.0,161.01,159.0,159.82,2376957,False,UBL
2023-11-08,158.0,161.35,156.75,159.82,8071765,False,UBL
2023-11-07,157.0,158.35,157.0,157.91,7678809,False,UBL
2023-11-06,155.26,157.2,155.0,156.73,390276,False,UBL
2023-11-03,156.96,158.0,155.0,156.06,1015949,False,UBL
2023-11-02,167.0,168.4,166.2,166.46,1209897,False,UBL
2023-11-01,168.3,169.5,166.0,167.0,1322108,False,UBL
2023-10-31,163.2,168.0,163.2,167.61,2232153,False,UBL
2023-10-30,161.0,163.7,159.99,163.13,2308002,False,UBL
2023-10-27,158.65,160.5,158.21,160.06,2640864,False,UBL
2023-10-26,158.48,159.85,158.0,158.48,3116506,False,UBL
2023-10-25,158.0,162.0,157.14,157.37,5561097,False,UBL
2023-10-24,158.79,158.79,150.0,157.8,704174,False,UBL
2023-10-23,159.0,159.4,157.33,157.61,515382,False,UBL
2023-10-20,159.8,160.0,158.0,158.37,510210,False,UBL
2023-10-19,155.02,159.2,155.02,158.75,658091,False,UBL
2023-10-18,153.51,157.85,153.51,156.41,1090749,False,UBL
2023-10-17,155.98,156.5,153.8,154.13,456163,False,UBL
2023-10-16,158.37,158.38,154.75,155.97,825199,False,UBL
2023-10-13,153.16,157.8,153.16,157.07,1152395,False,UBL
2023-10-12,152.98,155.0,152.6,154.76,1351661,False,UBL
2023-10-11,152.99,153.25,151.15,153.05,240518,False,UBL
2023-10-10,151.0,153.1,150.5,152.67,849528,False,UBL
2023-10-09,148.48,153.3,147.7,150.82,1305233,False,UBL
2023-10-06,148.25,148.99,148.0,148.44,182460,False,UBL
2023-10-05,148.4,149.25,147.5,148.45,682523,False,UBL
2023-10-04,144.5,148.99,144.5,147.29,887818,False,UBL
2023-10-03,145.5,145.97,143.5,144.0,661523,False,UBL
2023-10-02,144.9,146.0,142.11,144.5,258741,False,UBL
2023-09-28,144.49,144.49,143.31,143.6,205373,False,UBL
2023-09-27,146.98,147.0,143.6,144.21,300230,False,UBL
2023-09-26,146.0,147.1,145.01,146.01,326292,False,UBL
2023-09-25,146.8,147.5,145.4,145.91,311402,False,UBL
2023-09-22,146.75,147.99,146.0,146.89,968761,False,UBL
2023-09-21,140.51,146.66,140.51,146.08,1379989,False,UBL
2023-09-20,142.99,143.6,141.4,143.45,421166,False,UBL
2023-09-19,141.0,143.0,140.1,142.74,1244220,False,UBL
2023-09-18,139.99,141.75,138.8,140.5,1155364,False,UBL
2023-09-15,141.8,143.5,138.82,139.39,1066604,False,UBL
2023-09-14,142.0,142.5,139.11,141.92,175182,False,UBL
2023-09-13,142.5,142.89,141.03,141.52,422820,False,UBL
2023-09-12,138.99,146.4,138.0,141.72,4179712,False,UBL
2023-09-11,141.2,141.89,138.0,138.55,962373,False,UBL
2023-09-08,142.5,142.75,140.5,141.08,936821,False,UBL
2023-09-07,143.98,145.0,140.75,141.43,583034,False,UBL
2023-09-06,141.88,143.6,140.0,143.42,790466,False,UBL
2023-09-05,142.5,142.5,140.05,140.87,249598,False,UBL
2023-09-04,142.48,142.89,141.01,142.11,401698,False,UBL
2023-09-01,139.2,142.49,136.1,141.65,574015,False,UBL
2023-08-31,147.48,149.0,137.5,139.09,7219945,False,UBL
2023-08-30,146.28,147.75,146.02,146.46,1143095,False,UBL
2023-08-29,144.01,147.5,144.01,146.94,542710,False,UBL
2023-08-28,147.0,147.38,145.1,146.45,1437075,False,UBL
2023-08-25,147.0,147.99,146.0,146.86,291942,False,UBL
2023-08-24,143.57,147.25,143.57,146.34,2229931,False,UBL
2023-08-23,142.5,144.6,140.8,143.57,603399,False,UBL
2023-08-22,145.0,145.0,141.89,143.58,746802,False,UBL
2023-08-21,149.2,150.99,142.2,143.77,2020335,False,UBL
2023-08-18,151.0,152.0,149.0,149.09,921604,False,UBL
2023-08-17,149.83,152.5,147.6,150.87,641023,False,UBL
2023-08-16,151.0,151.0,149.0,149.83,1082515,False,UBL
2023-08-15,150.4,152.0,148.5,150.12,2800475,False,UBL
2023-08-11,146.9,154.5,146.9,150.3,2784583,False,UBL
2023-08-10,148.0,151.0,146.89,149.04,1548098,False,UBL
2023-08-09,141.05,147.47,141.01,146.43,969084,False,UBL
2023-08-08,140.5,142.5,140.0,141.58,640049,False,UBL
2023-08-07,142.66,145.42,139.9,140.32,1530950,False,UBL
2023-08-04,145.5,146.66,142.63,143.38,842918,False,UBL
2023-08-03,152.0,152.5,145.06,145.83,959295,False,UBL
2023-08-02,152.0,154.49,151.2,151.73,824565,False,UBL
2023-08-01,151.86,155.7,150.6,153.37,2723420,False,UBL
2023-07-31,150.0,153.2,150.0,151.86,2217659,False,UBL
2023-07-27,148.0,152.99,148.0,149.63,3638516,False,UBL
2023-07-26,156.5,159.58,155.95,158.09,11699667,False,UBL
2023-07-25,156.0,157.4,154.9,156.54,4489252,False,UBL
2023-07-24,154.0,157.1,153.95,155.91,2244184,False,UBL
2023-07-21,147.01,155.5,146.8,153.32,5339438,False,UBL
2023-07-20,143.35,147.3,142.02,146.79,4382505,False,UBL
2023-07-19,136.51,143.87,131.06,142.81,6961365,False,UBL
2023-07-18,132.75,135.5,131.5,135.02,1867172,False,UBL
2023-07-17,131.0,133.85,130.15,132.9,713747,False,UBL
2023-07-14,131.1,132.76,130.75,130.95,765791,False,UBL
2023-07-13,135.98,135.98,130.86,131.31,1479699,False,UBL
2023-07-12,135.0,136.6,134.03,134.96,2363330,False,UBL
2023-07-11,134.68,135.98,133.49,134.41,1108557,False,UBL
2023-07-10,131.55,134.75,131.55,134.12,1364905,False,UBL
2023-07-07,130.21,132.88,130.21,132.38,932212,False,UBL
2023-07-06,129.0,131.5,126.52,131.42,2008778,False,UBL
2023-07-05,128.49,132.65,127.5,128.46,2344670,False,UBL
2023-07-04,128.95,130.7,124.75,128.31,2793050,False,UBL
2023-07-03,126.36,126.36,126.36,126.36,1228586,False,UBL
2023-06-27,117.1,117.75,115.5,117.54,634357,False,UBL
2023-06-26,110.75,117.89,110.7,117.06,1653301,False,UBL
2023-06-23,110.95,111.15,109.61,109.74,518618,False,UBL
2023-06-22,110.79,110.81,109.55,110.54,374967,False,UBL
2023-06-21,111.0,112.4,109.4,110.15,785920,False,UBL
2023-06-20,111.5,112.69,110.13,110.74,942628,False,UBL
2023-06-19,115.48,115.48,111.0,111.72,1208956,False,UBL
2023-06-16,114.85,115.5,113.85,114.52,534597,False,UBL
2023-06-15,116.7,116.7,113.73,114.55,251731,False,UBL
2023-06-14,115.02,115.98,114.5,114.53,239221,False,UBL
2023-06-13,114.5,117.0,114.5,114.93,636805,False,UBL
2023-06-12,114.25,116.24,113.0,115.35,1143700,False,UBL
2023-06-09,116.89,117.0,115.15,115.84,278960,False,UBL
2023-06-08,116.8,117.49,115.5,115.69,205654,False,UBL
2023-06-07,117.44,117.84,116.21,116.57,388628,False,UBL
2023-06-06,118.75,118.75,116.4,117.06,264262,False,UBL
2023-06-05,119.84,119.99,117.02,117.39,368419,False,UBL
2023-06-02,115.45,121.0,115.02,119.84,1698732,False,UBL
2023-06-01,116.2,117.0,114.51,114.8,201795,False,UBL
2023-05-31,115.0,117.0,114.75,116.29,735000,False,UBL
2023-05-30,116.0,116.46,114.16,114.63,144904,False,UBL
2023-05-29,116.49,116.5,114.0,115.51,688678,False,UBL
2023-05-26,116.48,117.15,115.14,115.5,393642,False,UBL
2023-05-25,116.7,116.7,115.41,116.08,304026,False,UBL
2023-05-24,115.89,117.0,115.06,115.56,233095,False,UBL
2023-05-23,114.75,116.75,114.75,115.06,261576,False,UBL
2023-05-22,118.5,118.5,113.92,115.02,885273,False,UBL
2023-05-19,120.0,120.02,118.05,118.41,628112,False,UBL
2023-05-18,123.25,124.0,119.77,120.04,727209,False,UBL
2023-05-17,126.8,126.8,123.0,124.0,929495,False,UBL
2023-05-16,121.45,125.5,121.0,125.11,2277896,False,UBL
2023-05-15,119.1,121.49,118.81,121.08,1354487,False,UBL
2023-05-12,120.0,121.0,119.0,119.2,690402,False,UBL
2023-05-11,118.02,121.4,118.02,119.71,683255,False,UBL
2023-05-10,118.98,120.5,116.0,118.5,1546399,False,UBL
2023-05-09,128.45,131.49,126.9,130.25,3404727,False,UBL
2023-05-08,130.8,130.8,128.1,128.44,981364,False,UBL
2023-05-05,129.5,131.89,128.61,129.72,1428002,False,UBL
2023-05-04,128.99,133.0,128.99,129.64,2342705,False,UBL
2023-05-03,128.49,132.1,126.6,129.26,3858629,False,UBL
2023-05-02,122.78,129.99,122.78,128.46,3320248,False,UBL
2023-04-28,115.93,124.63,114.4,122.72,8107915,False,UBL
2023-04-27,113.48,116.8,112.6,115.94,3342329,False,UBL
2023-04-26,111.95,113.99,110.5,113.56,924959,False,UBL
2023-04-20,108.0,111.0,107.7,110.29,1975152,False,UBL
2023-04-19,107.05,108.4,107.05,107.96,263605,False,UBL
2023-04-18,106.85,109.0,106.2,108.02,464175,False,UBL
2023-04-17,106.4,106.8,104.9,106.31,739960,False,UBL
2023-04-13,106.0,106.85,105.55,106.44,685971,False,UBL
2023-04-12,105.8,106.29,105.0,106.0,798816,False,UBL
2023-04-11,105.99,105.99,104.29,104.62,104322,False,UBL
2023-04-10,106.95,106.95,105.0,105.24,206388,False,UBL
2023-04-07,106.5,106.95,105.62,105.94,156747,False,UBL
2023-04-06,106.99,106.99,105.8,106.08,342562,False,UBL
2023-04-05,106.95,106.95,105.8,105.99,191247,False,UBL
2023-04-04,104.21,106.66,104.21,106.14,258119,False,UBL
2023-04-03,106.95,106.95,105.15,105.99,232448,False,UBL
2023-03-31,104.25,107.0,104.25,106.56,1465208,False,UBL
2023-03-30,106.2,106.2,104.86,105.66,79105,False,UBL
2023-03-29,106.89,107.0,106.2,106.22,1424324,False,UBL
2023-03-28,107.2,107.3,106.1,106.71,912083,False,UBL
2023-03-27,107.5,107.5,104.1,106.8,697490,False,UBL
2023-03-24,106.5,106.5,105.43,105.87,63658,False,UBL
2023-03-22,106.0,107.74,105.23,106.72,378658,False,UBL
2023-03-21,106.99,106.99,105.1,106.37,569668,False,UBL
2023-03-20,107.15,108.49,105.11,106.53,496719,False,UBL
2023-03-17,117.6,117.8,115.8,116.15,867786,False,UBL
2023-03-16,117.11,117.75,116.81,117.27,1329971,False,UBL
2023-03-15,116.01,117.8,116.0,117.04,537807,False,UBL
2023-03-14,116.45,117.2,115.15,116.56,5283166,False,UBL
2023-03-13,115.25,116.86,115.25,115.84,3651796,False,UBL
2023-03-10,116.59,116.59,115.3,115.62,386192,False,UBL
2023-03-09,116.4,116.5,115.02,115.6,3861364,False,UBL
2023-03-08,116.0,116.4,115.26,115.42,4647641,False,UBL
2023-03-07,115.3,116.0,114.65,115.17,728911,False,UBL
2023-03-06,117.25,117.25,115.25,115.85,306335,False,UBL
2023-03-03,115.98,117.0,115.2,116.69,654735,False,UBL
2023-03-02,112.68,116.75,111.02,115.1,4668590,False,UBL
2023-03-01,113.0,113.25,110.5,111.75,1244724,False,UBL
2023-02-28,113.5,114.35,112.05,113.02,841706,False,UBL
2023-02-27,108.2,113.95,107.5,113.1,3352546,False,UBL
2023-02-24,109.5,109.5,107.1,107.7,996579,False,UBL
2023-02-23,112.5,112.5,108.51,108.92,2117131,False,UBL
2023-02-22,103.0,110.15,102.0,110.15,3579528,False,UBL
2023-02-21,103.75,103.75,102.05,102.47,253466,False,UBL
2023-02-20,104.65,104.65,102.0,102.19,224990,False,UBL
2023-02-17,103.95,103.99,102.0,103.01,219186,False,UBL
2023-02-16,102.01,104.24,102.01,103.87,194263,False,UBL
2023-02-15,103.77,104.0,101.05,103.33,488615,False,UBL
2023-02-14,104.49,104.49,101.05,101.47,187632,False,UBL
2023-02-13,104.0,104.89,103.0,103.32,520865,False,UBL
2023-02-10,103.61,107.9,102.5,103.53,730960,False,UBL
2023-02-09,103.5,106.99,103.0,106.05,1469118,False,UBL
2023-02-08,104.4,104.4,101.85,102.41,249714,False,UBL
2023-02-07,103.51,104.25,102.41,103.5,156346,False,UBL
2023-02-06,102.0,105.98,99.5,103.55,499709,False,UBL
2023-02-03,102.9,102.9,99.05,101.17,215360,False,UBL
2023-02-02,102.69,103.5,101.0,101.22,405219,False,UBL
2023-02-01,101.59,102.0,101.0,101.81,223712,False,UBL
2023-01-31,99.0,102.25,98.25,101.59,973364,False,UBL
2023-01-30,100.95,101.5,98.05,98.55,225929,False,UBL
2023-01-27,102.85,103.75,100.06,100.73,598035,False,UBL
2023-01-26,97.0,102.7,96.9,101.76,2417075,False,UBL
2023-01-25,93.0,97.5,92.35,96.57,1598302,False,UBL
2023-01-24,92.59,95.0,91.5,92.3,679177,False,UBL
2023-01-23,95.75,95.75,91.7,92.11,136764,False,UBL
2023-01-20,95.9,95.9,93.8,94.01,304561,False,UBL
2023-01-19,96.55,97.0,94.55,94.95,307107,False,UBL
2023-01-18,96.9,97.4,94.05,96.55,400133,False,UBL
2023-01-17,98.0,98.0,93.8,94.57,143077,False,UBL
2023-01-16,100.95,100.95,95.51,97.15,72013,False,UBL
2023-01-13,99.5,99.5,96.25,98.58,19231,False,UBL
2023-01-12,100.5,100.5,99.0,99.17,231003,False,UBL
2023-01-11,101.25,101.25,98.86,99.19,113011,False,UBL
2023-01-10,101.5,101.5,99.91,100.94,288131,False,UBL
2023-01-09,100.0,100.99,98.8,99.47,947381,False,UBL
2023-01-06,103.0,103.0,100.72,100.99,176702,False,UBL
2023-01-05,103.0,103.0,102.1,102.38,129658,False,UBL
2023-01-04,104.25,104.5,102.7,102.99,144134,False,UBL
2023-01-03,103.01,104.95,100.36,104.23,486041,False,UBL
2023-01-02,100.99,105.5,100.1,104.95,1070969,False,UBL
2022-12-30,99.0,101.75,97.37,100.75,382741,False,UBL
2022-12-29,99.0,99.9,96.75,98.78,337578,False,UBL
2022-12-28,100.4,100.8,96.51,97.47,984566,False,UBL
2022-12-27,104.0,104.6,99.0,100.49,831405,False,UBL
2022-12-26,103.0,103.59,101.6,102.86,181729,False,UBL
2022-12-23,104.35,104.8,102.01,102.57,74193,False,UBL
2022-12-22,101.5,104.79,100.5,103.93,859690,False,UBL
2022-12-21,102.0,104.97,100.0,101.27,508848,False,UBL
2022-12-20,105.45,112.85,100.11,105.5,1183080,False,UBL
2022-12-19,106.49,106.49,104.75,104.98,132978,False,UBL
2022-12-16,106.9,107.6,104.9,105.34,675775,False,UBL
2022-12-15,110.5,111.0,104.8,105.97,1811990,False,UBL
2022-12-14,110.99,111.25,109.9,110.56,607801,False,UBL
2022-12-13,110.8,111.0,109.8,110.96,379641,False,UBL
2022-12-12,110.63,111.0,109.75,110.27,2440654,False,UBL
2022-12-09,107.75,110.9,107.75,110.7,1136270,False,UBL
2022-12-08,108.44,108.44,107.61,108.28,1279004,False,UBL
2022-12-07,108.25,108.4,107.66,107.76,316915,False,UBL
2022-12-06,108.25,108.95,107.45,108.25,305637,False,UBL
2022-12-05,108.95,109.32,107.6,107.77,410456,False,UBL
2022-12-02,108.0,109.0,107.1,108.65,451477,False,UBL
2022-12-01,107.95,109.35,106.82,108.69,344954,False,UBL
2022-11-30,108.45,108.64,106.1,106.5,536748,False,UBL
2022-11-29,107.5,109.49,107.01,108.08,784545,False,UBL
2022-11-28,109.27,109.49,106.95,107.12,471499,False,UBL
2022-11-25,108.75,109.55,108.01,109.48,375379,False,UBL
2022-11-24,108.45,108.45,107.95,108.25,276362,False,UBL
2022-11-23,109.57,109.99,106.72,108.02,547676,False,UBL
2022-11-22,109.95,109.95,108.8,108.96,103044,False,UBL
2022-11-21,109.5,109.5,109.0,109.31,122442,False,UBL
2022-11-18,110.35,110.35,108.5,109.03,246085,False,UBL
2022-11-17,109.85,111.6,109.85,110.14,347226,False,UBL
2022-11-16,109.5,110.0,109.5,109.83,137035,False,UBL
2022-11-15,110.0,110.26,109.5,109.9,283783,False,UBL
2022-11-14,109.2,110.4,109.2,109.99,314074,False,UBL
2022-11-11,110.45,110.45,109.5,110.05,459870,False,UBL
2022-11-10,108.45,110.89,107.8,109.93,2180864,False,UBL
2022-11-08,107.94,108.7,107.8,107.99,699283,False,UBL
2022-11-07,108.45,108.8,106.5,107.93,328144,False,UBL
2022-11-04,107.05,108.23,106.2,108.0,264249,False,UBL
2022-11-03,107.9,108.2,106.5,107.89,336449,False,UBL
2022-11-02,107.9,109.0,106.37,106.68,1126023,False,UBL
2022-11-01,107.11,107.99,105.71,107.63,320913,False,UBL
2022-10-31,108.01,109.65,106.0,107.15,418931,False,UBL
2022-10-28,112.93,113.5,111.25,111.68,377111,False,UBL
2022-10-27,111.98,112.49,111.75,112.3,336951,False,UBL
2022-10-26,112.99,113.0,111.0,111.52,627292,False,UBL
2022-10-25,113.01,113.51,112.75,112.99,750672,False,UBL
2022-10-24,113.25,114.28,112.61,112.79,738529,False,UBL
2022-10-21,113.5,113.5,112.01,112.61,482122,False,UBL
2022-10-20,113.5,113.5,112.74,113.15,1262681,False,UBL
2022-10-19,113.13,115.77,113.0,114.12,1041058,False,UBL
2022-10-18,113.0,113.59,112.51,112.91,693079,False,UBL
2022-10-17,113.0,113.0,109.1,112.32,642979,False,UBL
2022-10-14,113.88,113.88,112.31,112.75,1047669,False,UBL
2022-10-13,112.85,112.98,112.01,112.58,242318,False,UBL
2022-10-12,111.05,112.5,111.0,112.22,524351,False,UBL
2022-10-11,113.4,113.4,110.99,111.37,322683,False,UBL
2022-10-10,114.48,114.48,111.8,112.94,542174,False,UBL
2022-10-07,111.25,113.5,111.24,112.94,712181,False,UBL
2022-10-06,112.0,113.5,112.0,113.03,311331,False,UBL
2022-10-05,112.61,113.9,111.5,112.09,218446,False,UBL
2022-10-04,114.78,114.8,112.6,112.95,352972,False,UBL
2022-10-03,114.1,115.0,113.5,114.01,287017,False,UBL
2022-09-30,113.02,115.0,112.6,114.89,109718,False,UBL
2022-09-29,117.95,117.95,112.91,113.26,748182,False,UBL
2022-09-28,117.13,117.95,116.41,116.79,535239,False,UBL
2022-09-27,115.0,116.99,114.2,116.55,374877,False,UBL
2022-09-26,114.08,116.0,114.0,114.42,227437,False,UBL
2022-09-23,116.3,116.3,113.95,114.08,180653,False,UBL
2022-09-22,115.01,116.49,114.49,115.45,153557,False,UBL
2022-09-21,117.24,117.24,115.15,115.63,89717,False,UBL
2022-09-20,118.7,118.7,115.65,115.99,305735,False,UBL
2022-09-19,118.0,118.0,116.06,117.26,137683,False,UBL
2022-09-16,118.0,118.9,116.9,117.85,1067864,False,UBL
2022-09-15,117.02,118.45,116.66,117.35,204057,False,UBL
2022-09-14,120.49,120.49,116.51,116.87,443465,False,UBL
2022-09-13,117.0,120.6,117.0,119.9,1469063,False,UBL
2022-09-12,116.48,116.9,115.75,116.5,181629,False,UBL
2022-09-09,117.65,117.65,115.5,115.86,251759,False,UBL
2022-09-08,115.3,117.29,115.3,115.53,142695,False,UBL
2022-09-07,115.55,117.79,115.55,116.78,236620,False,UBL
2022-09-06,117.5,117.5,115.0,117.01,390921,False,UBL
2022-09-05,116.94,117.0,115.6,116.72,280910,False,UBL
2022-09-02,117.49,117.49,116.0,116.62,228226,False,UBL
2022-09-01,117.45,117.45,115.0,116.89,157730,False,UBL
2022-08-31,117.38,117.8,115.0,116.71,829360,False,UBL
2022-08-30,118.01,118.01,116.0,116.68,838102,False,UBL
2022-08-29,116.99,118.0,114.22,117.33,883355,False,UBL
2022-08-26,117.49,117.49,115.8,116.61,286267,False,UBL
2022-08-25,117.47,117.7,115.14,116.95,841489,False,UBL
2022-08-24,115.0,117.7,115.0,116.58,1858709,False,UBL
2022-08-23,113.98,115.98,112.9,115.41,1101524,False,UBL
2022-08-22,117.5,117.5,113.11,113.59,639363,False,UBL
2022-08-19,118.6,120.5,115.4,115.91,532668,False,UBL
2022-08-18,121.5,121.5,118.5,119.14,123328,False,UBL
2022-08-17,121.0,121.25,119.27,120.86,171315,False,UBL
2022-08-16,120.5,121.45,119.9,120.5,461123,False,UBL
2022-08-15,119.0,121.74,118.27,120.47,825073,False,UBL
2022-08-12,121.5,122.7,120.61,122.27,603716,False,UBL
2022-08-11,121.0,122.98,120.0,120.51,366171,False,UBL
2022-08-10,120.65,122.8,119.5,121.06,1240160,False,UBL
2022-08-05,114.36,121.95,114.36,120.28,628010,False,UBL
2022-08-04,113.6,117.0,113.6,115.49,670583,False,UBL
2022-08-03,108.7,115.0,107.67,113.75,3963433,False,UBL
2022-08-02,109.75,109.75,107.16,108.02,494011,False,UBL
2022-08-01,110.02,110.94,108.05,108.91,206793,False,UBL
2022-07-29,111.98,111.98,110.0,110.33,3051581,False,UBL
2022-07-28,111.5,112.0,108.35,111.15,1625167,False,UBL
2022-07-27,111.95,111.95,107.5,109.16,1725777,False,UBL
2022-07-26,107.5,109.45,107.1,108.01,1988581,False,UBL
2022-07-25,110.0,110.0,107.51,108.06,112520,False,UBL
2022-07-22,112.1,112.1,109.55,110.0,607672,False,UBL
2022-07-21,111.3,113.0,110.75,111.45,186947,False,UBL
2022-07-20,112.0,113.0,111.1,112.0,757517,False,UBL
2022-07-19,114.5,114.9,110.4,111.1,321305,False,UBL
2022-07-18,114.5,115.0,113.51,114.32,219270,False,UBL
2022-07-15,118.4,118.96,115.2,115.46,497759,False,UBL
2022-07-14,115.5,117.7,115.5,117.22,552747,False,UBL
2022-07-13,114.0,115.51,113.1,115.26,710552,False,UBL
2022-07-07,114.0,115.0,113.81,114.0,281957,False,UBL
2022-07-06,113.95,114.0,113.1,113.85,90349,False,UBL
2022-07-05,113.88,113.95,112.51,113.37,118301,False,UBL
2022-07-04,114.99,115.38,112.75,113.01,1180326,False,UBL
2022-07-01,111.56,115.0,111.56,114.51,293888,False,UBL
2022-06-30,111.2,116.0,111.0,113.13,1306573,False,UBL
2022-06-29,114.89,114.89,110.0,111.57,1199217,False,UBL
2022-06-28,112.55,115.25,112.52,113.34,335877,False,UBL
2022-06-27,113.0,115.1,113.0,114.21,639704,False,UBL
2022-06-24,119.6,120.18,110.98,112.21,2429070,False,UBL
2022-06-23,120.9,120.9,119.7,119.97,1533425,False,UBL
2022-06-22,121.21,122.1,119.81,120.05,1560298,False,UBL
2022-06-21,119.0,122.89,119.0,120.39,1849402,False,UBL
2022-06-20,122.4,122.4,120.6,121.54,611805,False,UBL
2022-06-17,118.9,121.2,118.26,120.12,504517,False,UBL
2022-06-16,118.6,119.7,117.0,118.55,589426,False,UBL
2022-06-15,119.85,119.85,117.5,118.54,379555,False,UBL
2022-06-14,117.05,119.4,116.7,117.46,1242817,False,UBL
2022-06-13,124.5,124.5,118.5,118.99,1766437,False,UBL
2022-06-10,126.22,126.98,125.0,126.21,599375,False,UBL
2022-06-09,124.05,126.68,124.05,126.22,609891,False,UBL
2022-06-08,125.99,125.99,124.3,124.96,316051,False,UBL
2022-06-07,125.15,127.4,125.15,125.44,33170,False,UBL
2022-06-06,127.0,127.0,124.3,125.8,400820,False,UBL
2022-06-03,127.97,127.97,125.0,125.67,360443,False,UBL
2022-06-02,128.75,128.75,125.73,126.11,534445,False,UBL
2022-06-01,131.69,131.69,127.65,128.2,2525869,False,UBL
2022-05-31,131.75,131.99,129.99,131.11,4921434,False,UBL
2022-05-30,129.55,131.9,129.05,130.66,1346872,False,UBL
2022-05-27,130.0,132.55,129.1,129.64,1076420,False,UBL
2022-05-26,126.98,129.29,125.61,128.36,746138,False,UBL
2022-05-25,126.11,127.8,124.71,126.81,619401,False,UBL
2022-05-24,131.99,131.99,125.51,126.5,729695,False,UBL
2022-05-23,132.0,132.01,129.75,130.36,328867,False,UBL
2022-05-20,132.75,133.32,131.54,131.99,526762,False,UBL
2022-05-19,133.79,133.79,131.5,131.96,260252,False,UBL
2022-05-18,132.48,133.99,131.2,131.38,584372,False,UBL
2022-05-17,131.85,132.44,130.62,132.0,682832,False,UBL
2022-05-16,132.0,132.0,129.11,130.72,505504,False,UBL
2022-05-13,130.0,132.95,130.0,132.09,260862,False,UBL
2022-05-12,132.99,133.0,129.0,129.41,902207,False,UBL
2022-05-11,135.9,135.9,129.5,131.55,756369,False,UBL
2022-05-10,135.5,136.67,133.3,134.09,116552,False,UBL
2022-05-09,137.0,137.85,132.5,134.7,1266895,False,UBL
2022-05-06,137.95,139.0,137.1,137.32,328772,False,UBL
2022-04-28,138.49,138.49,135.5,137.39,130423,False,UBL
2022-04-27,139.8,139.8,136.0,137.18,135520,False,UBL
2022-04-26,142.4,142.4,140.55,141.65,428037,False,UBL
2022-04-25,143.74,143.74,140.9,141.22,1055552,False,UBL
2022-04-22,141.5,141.95,140.52,141.29,387589,False,UBL
2022-04-21,142.0,142.01,140.51,141.35,452199,False,UBL
2022-04-20,140.4,143.29,139.25,141.96,1746384,False,UBL
2022-04-19,142.5,142.5,139.15,140.07,522173,False,UBL
2022-04-18,141.11,141.9,139.5,140.51,526241,False,UBL
2022-04-15,142.0,142.5,141.35,142.08,32226,False,UBL
2022-04-14,142.0,142.9,141.15,141.96,265920,False,UBL
2022-04-13,144.94,144.94,141.08,141.49,436996,False,UBL
2022-04-12,142.02,144.2,142.01,143.94,849721,False,UBL
2022-04-11,142.0,144.2,142.0,143.36,1358852,False,UBL
2022-04-08,135.5,139.95,135.5,138.67,1701455,False,UBL
2022-04-07,137.49,137.49,132.3,133.14,3599394,False,UBL
2022-04-06,139.0,139.02,137.06,137.53,686761,False,UBL
2022-04-05,137.01,138.79,136.05,137.56,383815,False,UBL
2022-04-04,136.51,139.99,136.51,138.22,593447,False,UBL
2022-04-01,136.75,142.15,136.5,140.65,3714139,False,UBL
2022-03-31,136.51,137.5,135.95,136.39,2923383,False,UBL
2022-03-30,138.35,138.49,136.6,136.92,2722792,False,UBL
2022-03-29,138.0,139.49,136.8,137.92,738537,False,UBL
2022-03-28,137.45,138.5,136.0,137.82,2690686,False,UBL
2022-03-25,138.0,138.0,136.5,136.91,782991,False,UBL
2022-03-24,139.3,139.3,137.2,137.83,5341546,False,UBL
2022-03-22,139.98,140.0,138.61,138.99,4242170,False,UBL
2022-03-21,140.5,140.5,139.0,139.18,1838216,False,UBL
2022-03-18,142.99,142.99,139.25,140.28,2674075,False,UBL
2022-03-17,147.22,149.0,147.0,148.15,1261696,False,UBL
2022-03-16,146.85,148.95,146.01,147.22,1813245,False,UBL
2022-03-15,146.64,148.0,145.49,145.87,2075466,False,UBL
2022-03-14,149.9,149.9,146.0,146.64,791356,False,UBL
2022-03-11,148.99,149.0,145.05,148.87,270839,False,UBL
2022-03-10,145.74,149.0,144.4,148.03,913077,False,UBL
2022-03-09,143.51,147.0,143.51,144.88,396170,False,UBL
2022-03-08,144.0,147.49,143.2,144.21,617410,False,UBL
2022-03-07,147.5,148.8,142.98,144.88,807788,False,UBL
2022-03-04,147.02,149.25,147.02,148.65,527273,False,UBL
2022-03-03,146.82,149.05,146.5,148.03,437945,False,UBL
2022-03-02,149.0,149.0,145.39,146.82,633200,False,UBL
2022-03-01,148.9,150.2,148.0,148.57,640665,False,UBL
2022-02-28,150.67,150.67,147.1,148.29,238610,False,UBL
2022-02-25,149.5,149.99,147.15,148.92,346362,False,UBL
2022-02-24,146.1,149.97,146.0,148.52,2188665,False,UBL
2022-02-23,144.99,150.9,143.49,149.81,5367261,False,UBL
2022-02-22,145.0,145.8,142.5,144.94,984313,False,UBL
2022-02-21,143.55,144.9,143.36,143.76,92045,False,UBL
2022-02-18,143.75,145.88,143.0,145.1,601918,False,UBL
2022-02-17,141.16,143.98,141.16,143.23,538022,False,UBL
2022-02-16,142.8,143.95,142.8,143.23,135924,False,UBL
2022-02-15,142.98,143.5,142.0,143.05,360503,False,UBL
2022-02-14,144.0,144.0,142.51,142.98,235106,False,UBL
2022-02-11,140.45,143.99,140.45,143.52,1305115,False,UBL
2022-02-10,140.11,141.7,140.11,140.93,457438,False,UBL
2022-02-09,139.65,142.0,139.65,140.84,149870,False,UBL
2022-02-08,139.5,141.05,139.5,139.62,365027,False,UBL
2022-02-07,141.45,141.45,139.55,139.96,221399,False,UBL
2022-02-04,141.4,141.4,140.11,140.81,103938,False,UBL
2022-02-03,142.46,142.55,140.65,140.72,264918,False,UBL
2022-02-02,140.7,142.49,140.0,140.92,910491,False,UBL
2022-02-01,139.5,141.0,139.5,140.45,184019,False,UBL
2022-01-31,140.95,141.48,139.51,139.78,568851,False,UBL
2022-01-28,141.0,141.0,139.74,140.08,554581,False,UBL
2022-01-27,140.95,141.45,140.02,140.52,289718,False,UBL
2022-01-26,140.95,140.95,139.8,140.46,138173,False,UBL
2022-01-25,140.75,141.4,140.03,140.64,121962,False,UBL
2022-01-24,141.44,141.5,139.85,140.01,665691,False,UBL
2022-01-21,140.4,142.5,139.01,141.02,127590,False,UBL
2022-01-20,140.75,142.5,139.55,140.11,376981,False,UBL
2022-01-19,142.0,142.0,139.75,140.09,911793,False,UBL
2022-01-18,143.48,143.48,141.0,141.55,1802469,False,UBL
2022-01-17,142.1,142.95,141.9,142.18,327738,False,UBL
2022-01-14,142.85,143.2,142.02,142.13,1547436,False,UBL
2022-01-13,142.9,143.5,141.5,142.28,269803,False,UBL
2022-01-12,143.9,144.0,142.6,143.05,467159,False,UBL
2022-01-11,143.49,143.49,140.4,142.99,846620,False,UBL
2022-01-10,140.99,142.9,140.0,142.06,629891,False,UBL
2022-01-07,138.8,140.9,137.9,140.59,865771,False,UBL
2022-01-06,137.84,138.5,137.0,138.09,533097,False,UBL
2022-01-05,137.49,137.5,136.3,137.23,301979,False,UBL
2022-01-04,137.97,137.97,136.46,136.92,430685,False,UBL
2022-01-03,136.95,138.0,135.51,137.4,342216,False,UBL
2021-12-31,136.65,137.5,134.03,136.58,823280,False,UBL
2021-12-30,133.03,137.0,133.03,135.29,769544,False,UBL
2021-12-29,135.15,135.15,132.5,133.43,322747,False,UBL
2021-12-28,135.0,135.2,134.5,134.94,68151,False,UBL
2021-12-27,135.85,135.85,134.0,134.29,932292,False,UBL
2021-12-24,134.6,135.45,133.7,135.01,120984,False,UBL
2021-12-23,133.25,134.85,133.25,134.43,362658,False,UBL
2021-12-22,135.4,135.4,133.0,133.33,573905,False,UBL
2021-12-21,135.5,135.5,134.0,134.22,120692,False,UBL
2021-12-20,135.99,136.3,133.75,134.14,392961,False,UBL
2021-12-17,136.7,136.7,134.01,134.82,764216,False,UBL
2021-12-16,138.29,138.5,134.06,134.99,1440490,False,UBL
2021-12-15,138.87,138.94,136.55,137.61,1090914,False,UBL
2021-12-14,138.0,138.5,136.06,137.44,1024767,False,UBL
2021-12-13,141.0,142.5,136.0,137.25,5825167,False,UBL
2021-12-10,141.99,141.99,138.9,140.11,362793,False,UBL
2021-12-09,141.91,142.95,138.45,141.17,418338,False,UBL
2021-12-08,141.75,142.3,139.1,141.91,1140999,False,UBL
2021-12-07,142.0,142.0,139.25,139.96,311337,False,UBL
2021-12-06,144.75,145.0,139.1,140.84,1958728,False,UBL
2021-12-03,140.9,145.0,138.0,143.8,1937176,False,UBL
2021-12-02,142.13,143.9,137.11,139.84,1382287,False,UBL
2021-12-01,142.51,144.8,141.44,143.89,1819137,False,UBL
2021-11-30,144.5,146.9,138.01,141.25,20844716,False,UBL
2021-11-29,140.0,144.8,138.2,143.7,2397487,False,UBL
2021-11-26,139.5,141.78,138.06,140.46,3706110,False,UBL
2021-11-25,142.05,142.05,138.61,139.56,1641771,False,UBL
2021-11-24,141.0,142.82,137.01,142.04,1967508,False,UBL
2021-11-23,142.0,142.0,138.31,139.85,1588647,False,UBL
2021-11-22,142.5,145.0,139.51,141.04,4008696,False,UBL
2021-11-19,138.21,141.35,138.21,139.99,9707962,False,UBL
2021-11-18,138.7,139.5,137.0,138.79,1366743,False,UBL
2021-11-17,138.0,139.6,136.6,137.85,2906273,False,UBL
2021-11-16,134.5,137.25,134.5,137.05,1260174,False,UBL
2021-11-15,136.0,136.88,132.65,135.55,1894571,False,UBL
2021-11-12,134.9,137.0,133.5,133.84,1213978,False,UBL
2021-11-11,136.9,136.9,134.23,134.91,437342,False,UBL
2021-11-10,136.89,136.89,135.01,135.4,3771742,False,UBL
2021-11-09,139.24,139.24,134.9,135.52,4079560,False,UBL
2021-11-08,139.0,139.9,136.75,138.25,432720,False,UBL
2021-11-05,137.65,139.89,135.51,139.29,953663,False,UBL
2021-11-04,136.5,137.85,135.99,136.78,476272,False,UBL
2021-11-03,140.0,141.75,136.05,136.67,1912449,False,UBL
2021-11-02,140.48,140.5,139.0,140.06,4007890,False,UBL
2021-11-01,141.5,142.9,138.51,138.98,623264,False,UBL
2021-10-29,139.85,141.99,137.0,140.03,1112881,False,UBL
2021-10-28,139.01,142.5,138.01,142.32,1420966,False,UBL
2021-10-27,143.0,143.0,140.01,140.43,831425,False,UBL
2021-10-26,139.5,141.45,138.5,138.89,1419992,False,UBL
2021-10-25,142.25,142.5,140.0,142.05,464348,False,UBL
2021-10-22,138.65,143.0,138.5,142.25,2330869,False,UBL
2021-10-21,133.48,143.37,132.5,140.12,6530942,False,UBL
2021-10-20,128.99,135.0,128.1,133.37,2254113,False,UBL
2021-10-18,130.98,132.89,127.7,130.02,638094,False,UBL
2021-10-15,127.05,132.0,126.26,129.5,2167101,False,UBL
2021-10-14,122.19,128.5,122.1,127.84,1499969,False,UBL
2021-10-13,125.73,128.0,121.0,122.19,1418439,False,UBL
2021-10-12,123.99,127.49,121.6,125.73,1539298,False,UBL
2021-10-11,124.1,124.1,122.71,123.08,255409,False,UBL
2021-10-08,124.39,124.65,121.61,123.72,670597,False,UBL
2021-10-07,122.45,124.6,120.26,123.43,2340805,False,UBL
2021-10-06,120.9,122.49,119.0,121.92,1925997,False,UBL
2021-10-05,118.5,120.68,117.5,120.01,1526479,False,UBL
2021-10-04,115.15,118.95,115.15,118.37,756651,False,UBL
2021-10-01,118.0,119.45,117.05,117.83,506091,False,UBL
2021-09-30,117.33,119.0,116.0,118.56,2127141,False,UBL
2021-09-29,119.95,119.95,116.5,117.15,1638167,False,UBL
2021-09-28,119.0,120.0,118.5,119.21,2356727,False,UBL
2021-09-27,121.0,121.0,118.0,118.88,785387,False,UBL
2021-09-24,120.9,121.0,119.3,120.4,290086,False,UBL
2021-09-23,122.0,122.0,120.0,120.7,187765,False,UBL
2021-09-22,123.0,123.0,118.2,121.19,1245741,False,UBL
2021-09-21,124.5,126.01,120.55,122.88,1590233,False,UBL
2021-09-20,121.52,125.0,121.31,123.94,243827,False,UBL
2021-09-17,121.81,125.1,120.0,122.24,1250351,False,UBL
2021-09-16,123.9,125.0,121.57,123.65,519126,False,UBL
2021-09-15,121.49,123.99,120.0,123.34,823718,False,UBL
2021-09-14,121.69,123.74,119.5,120.75,960755,False,UBL
2021-09-13,116.9,123.2,115.98,121.69,6691583,False,UBL
2021-09-10,116.95,116.95,114.3,115.98,1371543,False,UBL
2021-09-09,115.0,116.34,113.05,115.97,6051665,False,UBL
2021-09-08,116.0,116.98,113.99,114.37,2674566,False,UBL
2021-09-07,116.75,116.75,114.8,115.58,2567351,False,UBL
2021-09-06,117.98,118.1,115.51,116.12,2785525,False,UBL
2021-09-03,118.5,119.18,116.91,117.65,1318202,False,UBL
2021-09-02,122.0,122.0,116.0,117.97,1204570,False,UBL
2021-09-01,121.0,122.16,120.8,121.53,400860,False,UBL
2021-08-31,122.75,122.75,120.0,120.93,1000063,False,UBL
2021-08-30,123.07,123.2,121.75,122.19,541611,False,UBL
2021-08-27,124.9,124.9,122.6,123.07,557378,False,UBL
2021-08-26,125.5,125.5,123.65,124.28,985594,False,UBL
2021-08-25,129.5,129.5,128.9,129.01,953606,False,UBL
2021-08-24,129.99,130.0,129.01,129.48,1195814,False,UBL
2021-08-23,129.33,130.0,129.25,129.7,1389752,False,UBL
2021-08-20,129.5,129.5,129.0,129.33,384815,False,UBL
2021-08-17,129.0,130.0,128.51,129.36,497083,False,UBL
2021-08-16,129.45,129.8,128.5,129.0,1042841,False,UBL
2021-08-13,129.0,129.88,128.6,129.51,229252,False,UBL
2021-08-12,129.5,129.6,128.2,129.2,405784,False,UBL
2021-08-11,128.64,130.5,127.7,128.67,693745,False,UBL
2021-08-10,127.9,128.95,127.12,127.69,710941,False,UBL
2021-08-09,128.4,130.49,125.1,127.47,2628408,False,UBL
2021-08-06,126.98,127.99,126.8,127.21,1405224,False,UBL
2021-08-05,126.5,127.0,126.01,126.85,1855411,False,UBL
2021-08-04,125.85,126.9,125.0,126.49,572045,False,UBL
2021-08-03,125.84,126.25,124.53,125.23,533014,False,UBL
2021-08-02,125.36,126.0,124.0,125.33,443239,False,UBL
2021-07-30,126.95,126.95,124.5,124.99,1071862,False,UBL
2021-07-29,127.48,127.48,125.45,126.19,360901,False,UBL
2021-07-28,127.5,127.79,126.53,127.01,542118,False,UBL
2021-07-27,125.0,128.0,124.16,127.49,912859,False,UBL
2021-07-26,127.88,127.88,124.5,125.18,805954,False,UBL
2021-07-23,127.1,127.88,126.05,127.38,209415,False,UBL
2021-07-19,127.0,127.55,125.51,127.21,264794,False,UBL
2021-07-16,125.7,127.99,125.05,126.64,1588242,False,UBL
2021-07-15,124.95,125.93,124.01,125.14,756088,False,UBL
2021-07-14,124.73,125.44,123.0,124.26,1750218,False,UBL
2021-07-13,124.4,124.95,123.25,124.03,331593,False,UBL
2021-07-12,124.77,125.05,123.5,123.92,266199,False,UBL
2021-07-09,124.27,125.88,124.03,124.56,1231132,False,UBL
2021-07-08,123.93,125.5,123.1,124.51,1429383,False,UBL
2021-07-07,123.99,124.16,123.0,123.25,1133329,False,UBL
2021-07-06,124.4,124.4,123.27,123.69,630792,False,UBL
2021-07-05,123.0,124.0,122.03,123.71,3404807,False,UBL
2021-07-02,122.95,123.79,122.6,123.0,549666,False,UBL
2021-07-01,122.5,124.0,122.5,122.59,576356,False,UBL
2021-06-30,123.0,123.59,120.11,122.2,3072941,False,UBL
2021-06-29,123.99,125.9,121.71,122.03,1449520,False,UBL
2021-06-28,127.8,127.8,121.99,122.59,658487,False,UBL
2021-06-25,129.89,129.89,126.0,126.28,831364,False,UBL
2021-06-24,128.0,129.99,126.75,129.38,494974,False,UBL
2021-06-23,129.69,129.69,126.9,127.58,443203,False,UBL
2021-06-22,127.3,128.99,126.8,128.03,186502,False,UBL
2021-06-21,128.0,129.5,127.0,127.44,2430333,False,UBL
2021-06-18,128.11,129.99,127.71,127.96,803360,False,UBL
2021-06-17,130.0,130.0,128.66,128.96,374182,False,UBL
2021-06-16,131.12,131.51,128.0,130.14,518174,False,UBL
2021-06-15,131.71,132.87,131.0,131.33,406030,False,UBL
2021-06-14,131.02,133.0,131.0,132.26,926573,False,UBL
2021-06-11,131.01,132.49,131.01,131.43,296337,False,UBL
2021-06-10,129.0,132.59,128.51,131.49,3301804,False,UBL
2021-06-09,131.5,131.5,129.0,129.34,940393,False,UBL
2021-06-08,131.0,131.0,130.0,130.48,401895,False,UBL
2021-06-07,130.01,132.0,130.01,130.99,626676,False,UBL
2021-06-04,129.92,131.0,129.0,130.6,693619,False,UBL
2021-06-03,129.88,130.0,128.5,129.17,766478,False,UBL
2021-06-02,130.5,130.5,129.0,129.54,951182,False,UBL
2021-06-01,129.85,131.3,129.2,129.34,1347909,False,UBL
2021-05-31,129.98,132.9,128.51,129.27,2985465,False,UBL
2021-05-28,129.5,130.1,127.0,129.22,5073323,False,UBL
2021-05-27,129.8,132.0,128.0,128.88,2730693,False,UBL
2021-05-26,128.0,129.5,127.5,128.56,481570,False,UBL
2021-05-25,124.49,129.11,124.0,127.19,10083686,False,UBL
2021-05-24,123.99,125.0,123.75,124.45,2260906,False,UBL
2021-05-21,121.99,124.44,121.99,123.84,4305757,False,UBL
2021-05-20,122.9,122.9,120.18,121.66,582934,False,UBL
2021-05-19,122.75,123.0,121.26,122.51,5776261,False,UBL
2021-05-18,123.5,123.5,121.75,122.0,916177,False,UBL
2021-05-17,123.05,125.0,122.25,122.63,1240537,False,UBL
2021-05-06,123.25,125.0,122.5,122.92,2009959,False,UBL
2021-05-05,125.8,125.8,123.02,124.7,1015570,False,UBL
2021-05-04,127.49,127.49,126.02,127.02,736377,False,UBL
2021-05-03,127.9,127.9,124.26,125.8,2441372,False,UBL
2021-04-30,127.1,129.0,124.0,126.21,5534376,False,UBL
2021-04-29,126.8,130.0,125.5,127.48,6573278,False,UBL
2021-04-28,128.0,130.0,126.72,126.97,4379202,False,UBL
2021-04-27,126.0,128.5,126.0,127.64,1841276,False,UBL
2021-04-26,123.75,129.5,123.5,126.71,3534963,False,UBL
2021-04-23,125.0,125.0,123.65,124.06,1351262,False,UBL
2021-04-22,122.01,126.0,122.01,124.05,4360280,False,UBL
2021-04-21,119.9,120.0,117.8,119.14,627753,False,UBL
2021-04-20,119.7,120.7,118.38,118.69,463937,False,UBL
2021-04-19,118.0,120.39,118.0,118.93,202487,False,UBL
2021-04-16,120.49,121.5,119.27,119.67,493567,False,UBL
2021-04-15,119.99,120.9,119.25,119.96,2424845,False,UBL
2021-04-14,119.54,120.0,118.88,119.45,1438080,False,UBL
2021-04-13,117.85,120.0,116.25,119.54,1600982,False,UBL
2021-04-12,118.5,118.88,116.21,117.07,819043,False,UBL
2021-04-09,117.0,119.49,116.5,118.44,629621,False,UBL
2021-04-08,115.26,119.4,114.5,117.21,572795,False,UBL
2021-04-07,117.95,117.95,113.9,114.28,1479482,False,UBL
2021-04-06,116.0,117.3,115.51,117.07,282103,False,UBL
2021-04-05,118.2,118.2,115.0,115.55,651263,False,UBL
2021-04-02,119.6,119.6,118.02,118.42,205134,False,UBL
2021-04-01,118.0,119.99,117.55,119.04,1072973,False,UBL
2021-03-31,117.0,119.89,117.0,118.94,1471450,False,UBL
2021-03-30,118.89,119.0,116.1,116.49,744932,False,UBL
2021-03-29,119.0,119.5,117.16,117.87,882516,False,UBL
2021-03-26,121.49,121.49,118.52,119.17,1523816,False,UBL
2021-03-25,120.88,123.5,120.11,121.11,1554704,False,UBL
2021-03-24,120.88,121.5,119.5,120.61,1768053,False,UBL
2021-03-22,120.92,122.15,119.6,120.52,955312,False,UBL
2021-03-19,123.9,123.9,119.4,120.92,1176702,False,UBL
2021-03-18,132.5,136.0,131.05,132.56,3517444,False,UBL
2021-03-17,127.4,132.9,127.4,132.4,2782816,False,UBL
2021-03-16,126.51,127.5,125.51,127.25,1154518,False,UBL
2021-03-15,125.54,127.4,125.1,126.24,1938399,False,UBL
2021-03-12,125.5,126.0,123.05,124.81,3182662,False,UBL
2021-03-11,126.95,126.95,123.0,123.58,1450761,False,UBL
2021-03-10,124.7,127.0,124.51,125.82,1852524,False,UBL
2021-03-09,122.2,126.25,121.3,124.8,2318519,False,UBL
2021-03-08,124.75,125.5,120.5,122.79,2039013,False,UBL
2021-03-05,122.2,124.75,122.1,123.93,2077258,False,UBL
2021-03-04,121.5,123.8,121.0,121.88,4335879,False,UBL
2021-03-03,126.0,126.74,124.2,124.6,4426349,False,UBL
2021-03-02,124.3,127.0,123.2,126.36,3403969,False,UBL
2021-03-01,127.5,129.5,123.0,124.11,2408336,False,UBL
2021-02-26,128.3,131.45,126.9,127.51,3514012,False,UBL
2021-02-25,124.97,130.6,122.85,127.86,4138841,False,UBL
2021-02-24,123.6,125.18,121.0,122.85,2005249,False,UBL
2021-02-23,123.16,123.99,121.99,123.34,1868389,False,UBL
2021-02-22,128.15,128.44,119.11,122.9,2411633,False,UBL
2021-02-19,129.35,129.35,127.0,128.15,2122505,False,UBL
2021-02-18,131.0,131.0,127.05,128.02,804549,False,UBL
2021-02-17,130.99,133.88,130.2,130.89,2920817,False,UBL
2021-02-16,130.0,131.0,129.55,130.03,3802866,False,UBL
2021-02-15,128.75,132.4,128.75,130.57,556571,False,UBL
2021-02-12,131.9,133.01,128.5,129.35,2544006,False,UBL
2021-02-11,134.99,134.99,130.52,131.13,1288644,False,UBL
2021-02-10,135.49,135.49,134.01,134.17,1589278,False,UBL
2021-02-09,138.55,139.13,134.9,135.56,5817665,False,UBL
2021-02-08,138.6,139.95,137.25,138.22,2106891,False,UBL
2021-02-04,139.5,144.75,138.25,138.73,5791539,False,UBL
2021-02-03,136.99,139.9,136.95,138.61,6060803,False,UBL
2021-02-02,136.3,136.9,134.62,136.57,1154465,False,UBL
2021-02-01,137.0,138.39,134.5,135.08,1694811,False,UBL
2021-01-29,138.1,139.99,136.2,136.79,3782391,False,UBL
2021-01-28,137.0,142.0,136.09,137.95,4293763,False,UBL
2021-01-27,138.25,142.0,135.0,136.09,2327398,False,UBL
2021-01-26,138.87,139.75,134.56,137.26,1636715,False,UBL
2021-01-25,138.5,141.49,137.9,138.16,1531249,False,UBL
2021-01-22,138.8,142.49,137.5,139.28,3739736,False,UBL
2021-01-21,138.95,140.0,138.01,138.79,3972280,False,UBL
2021-01-20,138.89,138.99,136.99,138.51,6072085,False,UBL
2021-01-19,142.0,144.5,138.32,139.27,2569186,False,UBL
2021-01-18,139.9,149.25,138.95,141.33,5329642,False,UBL
2021-01-15,139.97,140.49,136.9,138.84,1628181,False,UBL
2021-01-14,139.5,140.3,137.5,138.88,4942009,False,UBL
2021-01-13,143.15,143.15,138.5,139.03,2514574,False,UBL
2021-01-12,142.64,144.5,140.5,141.15,1494768,False,UBL
2021-01-11,144.0,147.0,141.25,141.64,1646822,False,UBL
2021-01-08,139.99,146.9,139.99,143.68,3092650,False,UBL
2021-01-07,132.4,140.0,132.01,139.32,4146663,False,UBL
2021-01-06,131.0,132.9,130.5,131.48,842040,False,UBL
2021-01-05,130.75,133.39,129.65,130.16,1173947,False,UBL
2021-01-04,130.5,131.9,128.5,130.14,1100394,False,UBL
2021-01-01,126.5,134.49,125.01,129.95,1735326,False,UBL
2020-12-31,124.75,127.49,123.6,125.86,442186,False,UBL
2020-12-30,123.95,124.5,122.65,124.29,821538,False,UBL
2020-12-29,125.51,126.4,120.0,121.74,910996,False,UBL
2020-12-28,125.55,127.4,125.5,125.91,418199,False,UBL
2020-12-24,126.0,127.5,126.0,126.71,2891857,False,UBL
2020-12-23,125.4,127.25,125.02,125.59,622377,False,UBL
2020-12-22,127.99,127.99,125.15,125.59,751570,False,UBL
2020-12-21,129.69,130.5,127.0,127.72,998298,False,UBL
2020-12-18,128.2,130.24,128.2,129.69,1238781,False,UBL
2020-12-17,129.8,129.8,127.1,128.91,2695219,False,UBL
2020-12-16,131.0,131.0,127.52,128.11,2430853,False,UBL
2020-12-15,129.8,131.25,128.57,129.7,1217596,False,UBL
2020-12-14,127.41,129.5,127.41,129.17,863568,False,UBL
2020-12-11,127.1,129.5,125.0,127.27,1970864,False,UBL
2020-12-10,125.65,127.85,125.65,126.08,1316464,False,UBL
2020-12-09,125.79,128.15,125.5,126.52,1156584,False,UBL
2020-12-08,124.78,125.8,124.05,125.53,818960,False,UBL
2020-12-07,123.55,125.9,123.5,124.32,915004,False,UBL
2020-12-04,122.88,124.89,122.2,123.99,2005232,False,UBL
2020-12-03,122.49,123.0,122.0,122.69,1081991,False,UBL
2020-12-02,122.49,123.0,121.5,121.87,800709,False,UBL
2020-12-01,121.51,122.0,120.5,121.73,4208758,False,UBL
2020-11-30,119.88,121.99,117.11,120.5,1432815,False,UBL
2020-11-27,120.14,121.0,118.25,118.67,730925,False,UBL
2020-11-26,122.0,122.0,119.8,120.19,1506844,False,UBL
2020-11-25,120.99,120.99,119.5,120.37,1570897,False,UBL
2020-11-24,118.98,119.9,118.11,119.12,527507,False,UBL
2020-11-23,119.3,119.3,116.75,118.1,1173609,False,UBL
2020-11-20,121.26,122.49,118.55,119.4,1046230,False,UBL
2020-11-19,121.0,122.5,120.0,121.97,526712,False,UBL
2020-11-18,120.01,122.25,119.76,120.94,724210,False,UBL
2020-11-17,117.71,122.7,117.0,121.02,1572946,False,UBL
2020-11-16,115.0,116.9,115.0,116.46,2365411,False,UBL
2020-11-13,113.55,115.14,112.1,114.48,637216,False,UBL
2020-11-12,117.01,117.24,112.0,113.81,960596,False,UBL
2020-11-11,117.42,118.39,116.02,116.95,412727,False,UBL
2020-11-10,118.5,118.55,116.51,117.42,4095044,False,UBL
2020-11-09,111.0,112.85,109.0,111.47,392479,False,UBL
2020-11-06,114.0,114.9,110.9,111.56,946159,False,UBL
2020-11-05,112.9,114.6,111.6,113.89,368819,False,UBL
2020-11-04,114.59,115.0,110.98,111.14,587235,False,UBL
2020-11-03,107.99,114.4,107.99,113.56,3165614,False,UBL
2020-11-02,108.0,108.0,106.01,106.46,1001019,False,UBL
2020-10-29,113.15,113.51,106.21,109.63,2456772,False,UBL
2020-10-28,117.95,117.95,114.0,114.62,1475084,False,UBL
2020-10-27,120.0,120.0,115.52,117.3,926750,False,UBL
2020-10-26,120.99,123.0,117.15,119.04,1481085,False,UBL
2020-10-23,122.95,123.49,121.01,121.76,1158958,False,UBL
2020-10-22,123.0,123.99,121.6,121.89,1215668,False,UBL
2020-10-21,122.0,123.51,121.7,123.08,2011142,False,UBL
2020-10-20,122.5,123.29,121.51,121.94,606709,False,UBL
2020-10-19,122.5,123.68,122.05,122.42,259361,False,UBL
2020-10-16,123.75,123.9,120.2,122.7,1090938,False,UBL
2020-10-15,123.5,123.9,121.15,122.26,422901,False,UBL
2020-10-14,123.0,123.0,121.06,122.79,209756,False,UBL
2020-10-13,122.3,123.99,120.5,122.3,1309179,False,UBL
2020-10-12,123.01,124.48,122.0,122.57,1776638,False,UBL
2020-10-09,121.49,123.5,119.5,122.88,812885,False,UBL
2020-10-08,119.7,121.5,117.5,120.78,1218871,False,UBL
2020-10-07,118.5,119.85,116.25,118.5,1590790,False,UBL
2020-10-06,117.0,117.15,114.85,116.87,920444,False,UBL
2020-10-05,116.0,117.49,114.55,116.47,802771,False,UBL
2020-10-02,117.11,119.11,116.5,116.83,2180416,False,UBL
2020-10-01,115.5,118.1,114.5,117.6,1922066,False,UBL
2020-09-30,119.1,119.99,114.83,115.11,4535306,False,UBL
2020-09-29,119.5,120.5,116.03,119.93,1655523,False,UBL
2020-09-28,123.5,123.5,118.15,119.07,1249111,False,UBL
2020-09-25,124.7,124.7,120.03,122.1,754363,False,UBL
2020-09-24,124.89,124.9,120.0,124.1,1693239,False,UBL
2020-09-23,124.5,125.98,124.1,124.33,172609,False,UBL
2020-09-22,125.99,125.99,124.25,125.02,1123946,False,UBL
2020-09-21,129.95,129.95,126.5,126.99,1680146,False,UBL
2020-09-18,126.98,129.79,126.5,128.93,1938857,False,UBL
2020-09-17,126.5,129.0,126.0,126.49,1114367,False,UBL
2020-09-16,127.3,127.35,125.5,125.92,1405839,False,UBL
2020-09-15,129.95,129.97,127.0,127.27,313236,False,UBL
2020-09-14,130.0,130.49,128.0,129.17,830533,False,UBL
2020-09-11,127.11,132.0,125.5,129.29,2290308,False,UBL
2020-09-10,124.05,127.0,124.0,126.51,1260263,False,UBL
2020-09-09,123.41,124.68,122.61,123.23,1111887,False,UBL
2020-09-08,126.19,126.19,124.06,124.68,504181,False,UBL
2020-09-07,126.35,126.5,124.75,125.22,366368,False,UBL
2020-09-04,127.0,129.5,124.6,125.4,1663708,False,UBL
2020-09-03,128.5,129.5,127.2,127.72,925916,False,UBL
2020-09-02,124.8,128.8,124.25,127.13,1465774,False,UBL
2020-09-01,126.42,126.5,123.1,124.06,630687,False,UBL
2020-08-31,126.1,126.89,123.5,124.82,1664929,False,UBL
2020-08-28,125.75,128.5,125.25,126.74,1272880,False,UBL
2020-08-27,125.9,127.3,124.3,125.51,3976977,False,UBL
2020-08-26,121.55,125.9,120.01,125.1,2305415,False,UBL
2020-08-25,118.5,121.0,118.5,120.71,950684,False,UBL
2020-08-24,118.98,118.98,117.5,118.2,283621,False,UBL
2020-08-21,118.6,119.4,117.1,118.6,867772,False,UBL
2020-08-20,118.0,119.65,117.65,118.53,764947,False,UBL
2020-08-19,118.4,120.0,117.65,118.17,1049616,False,UBL
2020-08-18,120.5,121.92,118.1,118.4,903355,False,UBL
2020-08-17,122.5,122.5,120.3,120.96,407163,False,UBL
2020-08-13,121.0,121.98,119.2,121.5,703194,False,UBL
2020-08-12,121.1,122.9,120.5,121.24,1852308,False,UBL
2020-08-11,115.5,121.15,115.1,119.22,2883903,False,UBL
2020-08-10,117.47,117.55,114.76,115.5,1158176,False,UBL
2020-08-07,120.98,120.98,115.7,116.49,2439756,False,UBL
2020-08-06,122.0,125.02,119.0,120.13,4096762,False,UBL
2020-08-05,123.5,124.24,120.35,120.96,3502398,False,UBL
2020-08-04,117.45,124.79,117.39,122.49,6918104,False,UBL
2020-08-03,114.0,117.0,113.52,116.09,3297252,False,UBL
2020-07-30,113.1,114.0,112.52,113.8,1862708,False,UBL
2020-07-29,114.56,114.97,112.8,113.12,1720816,False,UBL
2020-07-28,114.43,115.5,113.0,113.91,1902041,False,UBL
2020-07-27,111.49,114.9,110.0,113.91,4121041,False,UBL
2020-07-24,107.5,115.39,106.5,111.26,3532762,False,UBL
2020-07-23,107.1,109.23,107.0,107.34,1878278,False,UBL
2020-07-22,110.0,110.49,105.7,106.65,5223983,False,UBL
2020-07-21,111.74,111.74,109.2,109.7,1042410,False,UBL
2020-07-20,111.53,112.8,110.7,111.02,1394076,False,UBL
2020-07-17,112.89,113.0,111.41,111.83,771448,False,UBL
2020-07-16,111.8,112.7,111.5,112.31,579490,False,UBL
2020-07-15,111.9,112.05,111.0,111.7,2340094,False,UBL
2020-07-14,110.52,112.7,110.52,111.45,1196263,False,UBL
2020-07-13,111.19,112.25,110.5,110.84,1398258,False,UBL
2020-07-10,110.15,112.0,110.15,110.87,645445,False,UBL
2020-07-09,109.02,111.45,109.0,110.98,1793330,False,UBL
2020-07-08,106.3,109.9,106.3,109.31,2347739,False,UBL
2020-07-07,104.89,106.99,104.35,106.14,1757872,False,UBL
2020-07-06,105.4,105.5,103.35,104.74,1145849,False,UBL
2020-07-03,103.49,105.9,103.49,104.92,1890435,False,UBL
2020-07-02,101.7,104.9,101.46,103.02,7651323,False,UBL
2020-07-01,103.4,103.4,101.0,101.36,1339826,False,UBL
2020-06-30,100.52,107.0,100.25,103.36,1821084,False,UBL
2020-06-29,101.98,101.99,99.12,101.08,956089,False,UBL
2020-06-26,102.0,102.9,101.5,101.7,334490,False,UBL
2020-06-25,102.97,103.19,101.6,102.81,1461010,False,UBL
2020-06-24,103.9,103.98,102.5,102.76,1259237,False,UBL
2020-06-23,103.51,104.5,102.5,103.36,294589,False,UBL
2020-06-22,103.45,104.51,102.5,103.78,729350,False,UBL
2020-06-19,104.7,104.9,102.0,102.29,877308,False,UBL
2020-06-18,106.98,106.98,103.56,103.89,302466,False,UBL
2020-06-17,107.8,109.49,105.25,105.56,598773,False,UBL
2020-06-16,106.26,108.1,106.26,107.82,291505,False,UBL
2020-06-15,112.0,112.0,106.5,106.77,277368,False,UBL
2020-06-12,113.0,113.0,109.25,110.92,589005,False,UBL
2020-06-11,117.9,118.95,111.51,113.75,1269229,False,UBL
2020-06-10,111.5,117.35,111.5,116.71,2666433,False,UBL
2020-06-09,109.0,112.3,108.5,111.25,1997421,False,UBL
2020-06-08,105.19,109.74,105.0,108.51,1102899,False,UBL
2020-06-05,104.98,105.85,104.85,105.19,1086928,False,UBL
2020-06-04,107.5,107.5,104.91,105.39,941836,False,UBL
2020-06-03,108.0,109.35,106.75,107.56,2826935,False,UBL
2020-06-02,100.0,106.9,100.0,106.9,2751196,False,UBL
2020-06-01,96.05,99.6,95.51,99.45,2875297,False,UBL
2020-05-29,97.89,97.89,95.01,96.03,539074,False,UBL
2020-05-28,99.0,99.0,96.17,96.38,1060028,False,UBL
2020-05-21,99.05,99.9,98.5,98.98,412306,False,UBL
2020-05-20,100.0,100.05,98.71,99.2,198255,False,UBL
2020-05-19,100.0,100.45,99.0,99.76,350558,False,UBL
2020-05-18,101.66,102.0,98.8,99.61,750869,False,UBL
2020-05-15,102.01,103.0,101.1,101.66,576674,False,UBL
2020-05-14,103.66,104.0,103.0,103.39,114648,False,UBL
2020-05-13,104.5,104.75,103.1,103.66,432544,False,UBL
2020-05-12,104.9,106.0,104.04,105.87,609795,False,UBL
2020-05-11,105.01,106.5,104.06,104.5,308636,False,UBL
2020-05-08,105.1,107.9,104.7,105.0,313804,False,UBL
2020-05-07,105.99,108.2,104.01,106.16,782232,False,UBL
2020-05-06,105.66,106.66,104.51,105.04,598506,False,UBL
2020-05-05,107.0,107.55,105.1,105.64,782367,False,UBL
2020-05-04,107.1,107.1,105.5,105.93,393821,False,UBL
2020-04-30,104.1,108.0,104.0,107.03,820425,False,UBL
2020-04-29,103.5,104.35,102.5,103.93,960635,False,UBL
2020-04-28,104.45,104.45,100.71,102.14,1161306,False,UBL
2020-04-27,107.0,107.0,103.5,103.91,1215712,False,UBL
2020-04-24,107.45,107.79,105.5,107.06,479036,False,UBL
2020-04-23,105.5,107.0,102.5,106.02,1498770,False,UBL
2020-04-22,104.98,107.1,103.5,105.83,898269,False,UBL
2020-04-21,107.05,109.0,104.01,104.71,2080753,False,UBL
2020-04-20,107.02,108.9,105.0,108.19,1278664,False,UBL
2020-04-17,105.0,111.48,101.0,105.99,2195028,False,UBL
2020-04-16,106.99,107.45,103.1,104.84,1043292,False,UBL
2020-04-15,107.0,108.96,105.5,105.99,1165452,False,UBL
2020-04-14,106.5,108.99,106.11,106.91,434938,False,UBL
2020-04-13,113.0,113.0,105.51,106.59,574414,False,UBL
2020-04-10,109.8,112.4,107.5,111.38,466570,False,UBL
2020-04-09,107.47,111.49,107.47,109.85,1052859,False,UBL
2020-04-08,109.0,109.0,104.75,105.71,803962,False,UBL
2020-04-07,109.0,109.4,104.55,107.45,1222090,False,UBL
2020-04-06,112.76,112.76,106.0,107.62,1543485,False,UBL
2020-04-03,108.0,114.0,108.0,112.76,3325475,False,UBL
2020-04-02,103.0,110.0,101.0,106.96,3056556,False,UBL
2020-04-01,102.88,105.99,98.61,102.91,1506388,False,UBL
2020-03-31,94.96,100.82,94.0,100.81,3221544,False,UBL
2020-03-30,96.5,96.5,92.0,93.79,610971,False,UBL
2020-03-27,89.0,96.14,88.16,95.64,2848074,False,UBL
2020-03-26,89.5,95.99,87.5,89.44,3077693,False,UBL
2020-03-25,106.7,106.7,92.39,92.39,1575443,False,UBL
2020-03-24,99.88,100.0,99.88,99.88,298701,False,UBL
2020-03-20,110.0,111.5,103.5,107.97,3135300,False,UBL
2020-03-19,106.0,115.99,104.07,106.51,4083800,False,UBL
2020-03-18,120.0,121.99,112.26,112.5,2430700,False,UBL
2020-03-17,128.49,128.49,121.36,121.36,2100500,False,UBL
2020-03-16,138.0,138.0,131.2,131.2,1010700,False,UBL
2020-03-13,145.0,145.0,136.05,141.83,4047700,False,UBL
2020-03-12,153.02,155.99,148.01,150.29,918600,False,UBL
2020-03-11,152.5,157.0,152.5,155.19,1784900,False,UBL
2020-03-10,143.0,154.0,143.0,151.63,4792300,False,UBL
2020-03-09,154.02,154.02,148.27,148.27,1229500,False,UBL
2020-03-06,166.02,166.8,157.0,159.43,836300,False,UBL
2020-03-05,170.3,170.52,165.56,166.96,726200,False,UBL
2020-03-04,169.15,172.0,168.15,170.25,657200,False,UBL
2020-03-03,170.5,171.9,166.5,169.16,474800,False,UBL
2020-03-02,168.9,171.0,167.88,169.24,730500,False,UBL
2020-02-28,162.0,168.5,160.5,166.03,817600,False,UBL
2020-02-27,157.0,169.72,153.0,165.12,967800,False,UBL
2020-02-26,162.96,162.96,155.5,159.37,1958200,False,UBL
2020-02-25,167.0,169.5,162.13,162.95,1373300,False,UBL
2020-02-24,172.25,172.99,166.5,167.98,646200,False,UBL
2020-02-21,173.84,175.0,172.51,174.22,277400,False,UBL
2020-02-20,172.25,175.0,170.0,173.99,1348300,False,UBL
2020-02-19,167.79,173.5,166.25,170.83,3143200,False,UBL
2020-02-18,169.0,170.01,165.5,167.79,1223100,False,UBL
2020-02-17,168.12,171.9,166.12,168.82,512900,False,UBL
2020-02-14,171.0,171.0,167.0,169.73,186700,False,UBL
2020-02-13,169.0,170.98,166.01,169.4,1412400,False,UBL
2020-02-12,167.0,171.0,166.0,168.79,1004100,False,UBL
2020-02-11,169.9,170.0,163.0,166.71,534200,False,UBL
2020-02-10,166.01,169.74,165.0,166.9,819500,False,UBL
2020-02-07,171.95,171.99,168.01,169.08,199600,False,UBL
2020-02-06,172.95,172.95,169.0,170.63,592000,False,UBL
2020-02-04,166.06,173.25,166.06,171.37,483500,False,UBL
2020-02-03,169.8,169.8,165.11,167.23,2048600,False,UBL
2020-01-31,173.0,173.7,169.4,169.93,574100,False,UBL
2020-01-30,173.25,174.95,168.9,172.81,684300,False,UBL
2020-01-29,177.99,178.1,173.25,174.67,719400,False,UBL
2020-01-28,176.5,179.0,174.9,177.48,324100,False,UBL
2020-01-27,177.16,179.88,177.16,178.99,163400,False,UBL
2020-01-24,176.15,179.99,175.4,178.89,559600,False,UBL
2020-01-23,178.0,180.8,177.26,178.22,732700,False,UBL
2020-01-22,177.25,179.47,177.25,178.99,210700,False,UBL
2020-01-21,178.5,181.4,174.35,178.08,668000,False,UBL
2020-01-20,182.84,182.84,176.05,177.27,955700,False,UBL
2020-01-17,180.23,181.95,180.1,180.83,383400,False,UBL
2020-01-16,179.35,181.75,179.35,180.05,694800,False,UBL
2020-01-15,181.88,182.0,179.3,180.82,294800,False,UBL
2020-01-14,178.75,182.5,178.52,181.84,1398800,False,UBL
2020-01-13,182.5,182.99,177.88,178.74,2305000,False,UBL
2020-01-10,180.5,182.9,180.0,181.96,2349400,False,UBL
2020-01-09,179.0,181.85,178.6,179.86,1812000,False,UBL
2020-01-08,173.25,184.0,173.25,176.13,1140000,False,UBL
2020-01-07,175.0,179.99,174.01,176.72,822000,False,UBL
2020-01-06,170.5,179.0,170.1,174.53,991500,False,UBL
2020-01-03,180.0,180.5,172.0,175.28,1646100,False,UBL
2020-01-02,173.0,179.8,173.0,177.9,2818700,False,UBL
2020-01-01,165.98,172.7,163.11,171.24,572600,False,UBL
2019-12-31,167.9,167.9,163.13,164.5,958500,False,UBL
2019-12-30,170.49,170.49,167.0,167.81,206400,False,UBL
2019-12-27,169.95,172.5,167.0,169.96,855400,False,UBL
2019-12-26,165.0,170.0,165.0,169.42,699500,False,UBL
2019-12-24,164.94,165.99,162.5,164.26,1266100,False,UBL
2019-12-23,169.97,169.97,164.7,165.15,363300,False,UBL
2019-12-20,172.0,178.0,167.5,168.35,878100,False,UBL
2019-12-19,173.53,173.97,167.0,169.87,1653600,False,UBL
2019-12-18,175.0,175.0,170.0,173.53,732300,False,UBL
2019-12-17,172.0,174.0,170.0,172.73,951300,False,UBL
2019-12-16,169.1,173.98,169.0,171.34,799800,False,UBL
2019-12-13,170.0,172.0,166.11,169.09,650400,False,UBL
2019-12-12,166.99,168.99,163.51,167.8,564400,False,UBL
2019-12-11,168.45,169.0,165.0,166.92,1032700,False,UBL
2019-12-10,168.0,168.49,164.26,167.92,492100,False,UBL
2019-12-09,171.0,171.9,165.0,166.02,785100,False,UBL
2019-12-06,172.0,173.9,169.06,171.53,1778000,False,UBL
2019-12-05,173.75,177.99,171.0,171.82,2165700,False,UBL
2019-12-04,168.0,172.0,165.25,171.38,942100,False,UBL
2019-12-03,172.0,175.5,168.0,168.49,1541100,False,UBL
2019-12-02,167.0,171.66,164.01,171.66,2569000,False,UBL
2019-11-29,159.0,164.31,156.0,163.49,3275100,False,UBL
2019-11-28,155.5,157.8,155.0,156.49,653000,False,UBL
2019-11-27,153.64,155.0,151.99,154.55,1233300,False,UBL
2019-11-26,150.26,154.0,150.0,152.28,4278700,False,UBL
2019-11-25,150.94,152.0,149.51,151.86,769400,False,UBL
2019-11-22,149.88,151.25,146.01,150.1,960300,False,UBL
2019-11-21,148.3,148.99,146.25,147.04,472600,False,UBL
2019-11-20,151.3,151.5,147.8,148.14,1160300,False,UBL
2019-11-19,155.98,156.0,150.57,151.23,1668400,False,UBL
2019-11-18,149.0,154.0,148.5,153.44,2506800,False,UBL
2019-11-15,147.99,149.0,146.22,147.73,362900,False,UBL
2019-11-14,149.7,149.7,146.0,147.39,467800,False,UBL
2019-11-13,147.49,150.0,145.01,148.11,1276200,False,UBL
2019-11-12,149.85,148.85,146.07,146.93,613700,True,UBL
2019-11-11,144.29,148.9,144.29,148.41,941700,False,UBL
2019-11-08,140.98,143.9,140.15,143.21,809400,False,UBL
2019-11-07,141.0,141.9,140.0,140.39,1113500,False,UBL
2019-11-06,139.01,143.0,139.01,141.26,1062100,False,UBL
2019-11-05,144.97,144.97,140.1,141.32,952200,False,UBL
2019-11-04,139.5,145.86,139.0,143.05,1344000,False,UBL
2019-11-01,139.5,143.0,137.14,138.92,750500,False,UBL
2019-10-31,136.95,139.2,136.95,137.56,900500,False,UBL
2019-10-30,139.49,140.0,137.5,138.02,767500,False,UBL
2019-10-29,140.99,140.99,137.5,138.69,828000,False,UBL
2019-10-28,140.6,140.6,138.01,139.44,258700,False,UBL
2019-10-25,139.83,140.5,139.0,139.31,647100,False,UBL
2019-10-24,139.96,141.0,139.01,139.83,440600,False,UBL
2019-10-23,140.0,142.0,138.2,139.18,269100,False,UBL
2019-10-22,139.5,140.0,138.02,139.01,330400,False,UBL
2019-10-21,141.5,141.5,138.0,138.4,1623000,False,UBL
2019-10-18,143.0,142.0,139.16,141.0,1457800,True,UBL
2019-10-17,146.88,146.88,141.0,141.77,764000,False,UBL
2019-10-16,147.24,149.9,144.51,145.38,1421600,False,UBL
2019-10-15,148.0,148.0,145.1,146.74,453300,False,UBL
2019-10-14,148.91,149.0,146.01,147.01,1209900,False,UBL
2019-10-11,146.21,150.5,146.2,148.81,2108600,False,UBL
2019-10-10,143.0,147.95,142.9,146.02,2052500,False,UBL
2019-10-09,142.3,143.72,140.31,143.07,422500,False,UBL
2019-10-08,142.0,144.99,141.0,141.74,1203300,False,UBL
2019-10-07,140.49,143.0,137.23,142.32,1481800,False,UBL
2019-10-04,140.11,140.4,138.0,139.04,544600,False,UBL
2019-10-03,141.0,142.5,139.1,140.12,1853900,False,UBL
2019-10-02,138.99,142.99,137.2,140.14,1137700,False,UBL
2019-10-01,139.75,140.25,137.5,138.3,1155600,False,UBL
2019-09-30,139.45,140.75,138.0,138.23,238600,False,UBL
2019-09-27,137.0,139.9,135.0,138.97,491500,False,UBL
2019-09-26,135.25,136.6,133.99,134.69,380200,False,UBL
2019-09-25,138.0,138.0,134.51,135.1,458900,False,UBL
2019-09-24,140.0,140.75,136.55,138.5,1753600,False,UBL
2019-09-23,143.33,143.33,138.6,139.86,282400,False,UBL
2019-09-20,142.5,143.01,140.0,141.69,1573400,False,UBL
2019-09-19,142.0,144.0,140.55,141.64,1689200,False,UBL
2019-09-18,142.5,142.5,139.99,140.63,947500,False,UBL
2019-09-17,140.01,143.5,139.4,142.93,1127000,False,UBL
2019-09-16,136.0,140.5,135.25,140.17,1359300,False,UBL
2019-09-13,134.5,135.5,132.99,135.01,487500,False,UBL
2019-09-12,130.99,137.46,130.99,134.1,3405500,False,UBL
2019-09-11,129.9,131.49,128.2,130.92,1653700,False,UBL
2019-09-06,130.0,131.5,128.75,130.5,1012600,False,UBL
2019-09-05,132.95,133.89,129.25,129.82,329400,False,UBL
2019-09-04,133.0,135.5,128.15,132.22,1393000,False,UBL
2019-09-03,133.0,134.0,131.0,131.85,603900,False,UBL
2019-09-02,132.0,132.99,131.01,131.94,674900,False,UBL
2019-08-30,132.0,134.25,129.0,129.44,722500,False,UBL
2019-08-29,133.1,136.0,132.0,132.72,466900,False,UBL
2019-08-28,132.9,137.25,132.25,135.23,1200800,False,UBL
2019-08-27,132.0,133.0,127.02,132.53,932200,False,UBL
2019-08-26,132.0,132.5,130.13,130.53,1115900,False,UBL
2019-08-23,133.0,135.5,131.0,131.85,1202600,False,UBL
2019-08-22,133.5,136.49,133.0,135.4,1223900,False,UBL
2019-08-21,128.25,133.4,128.25,132.39,1898500,False,UBL
2019-08-20,121.4,127.16,120.49,127.16,1496200,False,UBL
2019-08-19,121.0,121.5,118.01,121.11,1829300,False,UBL
2019-08-16,120.01,120.97,119.0,119.67,752800,False,UBL
2019-08-09,124.9,126.0,122.0,123.36,2655200,False,UBL
2019-08-08,128.5,128.5,122.55,124.3,805700,False,UBL
2019-08-07,131.32,132.01,126.58,127.99,1918500,False,UBL
2019-08-06,137.85,138.0,132.8,133.2,968700,False,UBL
2019-08-05,141.21,143.74,136.62,136.8,441500,False,UBL
2019-08-02,147.24,147.24,142.06,143.81,524100,False,UBL
2019-08-01,148.0,148.0,145.5,146.05,124700,False,UBL
2019-07-31,146.0,146.5,144.11,145.61,66200,False,UBL
2019-07-30,146.0,148.0,144.97,145.69,101900,False,UBL
2019-07-29,145.21,151.0,145.21,146.5,96300,False,UBL
2019-07-26,150.0,150.0,148.05,149.08,691600,False,UBL
2019-07-25,149.48,150.9,148.17,149.59,326800,False,UBL
2019-07-24,149.5,150.1,148.5,149.02,1370500,False,UBL
2019-07-23,148.9,150.0,147.76,149.01,405400,False,UBL
2019-07-22,147.0,148.0,146.8,147.94,500700,False,UBL
2019-07-19,148.01,150.0,145.6,146.78,341000,False,UBL
2019-07-18,149.95,151.95,149.0,149.81,1450100,False,UBL
2019-07-17,151.0,151.1,149.5,149.81,589000,False,UBL
2019-07-16,149.0,152.99,147.0,150.32,784000,False,UBL
2019-07-15,148.5,149.9,146.2,148.0,635300,False,UBL
2019-07-12,148.0,149.94,148.0,149.25,560400,False,UBL
2019-07-11,147.0,149.75,147.0,148.25,149500,False,UBL
2019-07-10,146.98,147.5,146.0,146.96,614400,False,UBL
2019-07-09,149.0,149.0,146.35,146.83,220300,False,UBL
2019-07-08,150.0,150.0,148.25,148.69,1054200,False,UBL
2019-07-05,150.79,150.85,148.0,149.5,314100,False,UBL
2019-07-04,151.0,152.5,149.49,149.94,324000,False,UBL
2019-07-03,149.89,152.0,149.25,150.94,896200,False,UBL
2019-07-02,147.95,150.0,147.95,148.87,247300,False,UBL
2019-07-01,148.5,150.0,146.75,148.58,166000,False,UBL
2019-06-28,147.48,150.8,145.0,147.38,1670200,False,UBL
2019-06-27,147.01,149.99,144.0,147.43,733900,False,UBL
2019-06-26,151.5,151.5,147.9,148.0,452200,False,UBL
2019-06-25,152.9,152.9,149.05,150.49,937900,False,UBL
2019-06-24,152.2,152.2,151.0,151.49,421300,False,UBL
2019-06-21,153.0,153.25,151.02,152.43,231800,False,UBL
2019-06-20,152.98,154.9,152.57,153.03,405400,False,UBL
2019-06-19,152.76,153.94,152.0,152.57,219200,False,UBL
2019-06-18,152.5,154.84,152.5,153.14,242000,False,UBL
2019-06-17,154.95,155.0,152.5,153.01,247200,False,UBL
2019-06-14,158.0,158.0,154.01,154.38,183500,False,UBL
2019-06-13,155.0,157.5,154.6,155.64,936800,False,UBL
2019-06-12,153.0,155.0,153.0,154.69,964000,False,UBL
2019-06-11,153.95,154.99,153.95,154.5,825800,False,UBL
2019-06-10,155.0,156.84,154.0,154.76,2630700,False,UBL
2019-06-03,156.0,156.7,154.01,155.47,1788300,False,UBL
2019-05-30,157.75,159.49,157.5,158.82,2729200,False,UBL
2019-05-29,154.37,158.5,154.35,156.73,2618600,False,UBL
2019-05-28,154.45,156.0,152.0,154.37,1703400,False,UBL
2019-05-27,154.0,156.9,151.25,154.45,2211500,False,UBL
2019-05-24,155.0,156.5,153.02,154.06,3219300,False,UBL
2019-05-23,150.9,154.6,148.5,151.93,1689500,False,UBL
2019-05-22,148.0,151.0,147.3,147.93,591200,False,UBL
2019-05-21,147.5,149.25,145.5,146.38,439500,False,UBL
2019-05-20,145.0,148.0,141.03,146.95,1216300,False,UBL
2019-05-17,145.05,145.05,143.02,143.76,2701100,False,UBL
2019-05-16,148.2,148.25,143.48,145.63,1282600,False,UBL
2019-05-15,148.5,150.0,146.5,147.26,1061600,False,UBL
2019-05-14,148.0,149.89,146.0,147.28,813500,False,UBL
2019-05-13,145.99,150.5,145.0,145.11,2946400,False,UBL
2019-05-10,146.95,148.0,145.03,145.37,204100,False,UBL
2019-05-09,149.0,151.0,145.83,146.63,676900,False,UBL
2019-05-08,151.0,151.0,147.1,148.9,3023300,False,UBL
2019-05-07,143.4,149.5,143.0,147.9,1341000,False,UBL
2019-05-06,145.5,146.99,141.16,142.68,2398800,False,UBL
2019-05-03,147.75,147.75,145.3,146.26,933100,False,UBL
2019-05-02,148.95,149.0,146.25,146.85,86100,False,UBL
2019-04-30,145.5,149.4,145.5,147.92,1323100,False,UBL
2019-04-29,147.25,149.0,145.52,146.15,472100,False,UBL
2019-04-26,148.0,149.55,145.5,147.09,763100,False,UBL
2019-04-25,144.0,149.99,144.0,147.91,2213400,False,UBL
2019-04-24,139.5,144.68,139.5,143.29,3762200,False,UBL
2019-04-23,137.18,139.95,137.18,139.22,2138800,False,UBL
2019-04-22,142.49,142.49,137.5,138.98,404300,False,UBL
2019-04-19,137.5,143.85,136.5,139.87,3645200,False,UBL
2019-04-18,135.5,137.99,135.0,137.0,786100,False,UBL
2019-04-17,136.0,138.0,132.51,134.33,1905300,False,UBL
2019-04-16,134.1,137.25,134.1,135.99,1266800,False,UBL
2019-04-15,134.5,139.0,133.1,134.28,1918000,False,UBL
2019-04-12,135.4,137.95,133.28,134.3,782900,False,UBL
2019-04-11,134.0,135.54,133.3,133.85,146800,False,UBL
2019-04-10,134.0,135.94,131.5,133.86,314300,False,UBL
2019-04-09,131.85,136.89,130.0,134.62,368600,False,UBL
2019-04-08,132.55,132.55,130.02,131.08,968400,False,UBL
2019-04-05,133.01,133.9,131.6,132.72,531400,False,UBL
2019-04-04,137.0,137.0,132.0,132.8,616800,False,UBL
2019-04-03,137.99,138.49,135.14,136.43,278800,False,UBL
2019-04-02,139.0,139.75,136.05,137.8,281900,False,UBL
2019-04-01,139.25,139.99,137.5,138.98,209800,False,UBL
2019-03-29,138.0,140.0,136.4,139.53,864300,False,UBL
2019-03-28,140.02,140.95,137.07,137.83,353500,False,UBL
2019-03-27,137.5,142.0,137.5,140.65,604100,False,UBL
2019-03-26,137.0,137.9,136.0,137.25,149500,False,UBL
2019-03-25,137.0,137.95,135.25,137.03,214100,False,UBL
2019-03-22,137.2,137.75,136.4,137.27,140900,False,UBL
2019-03-21,135.99,137.4,135.02,136.82,336300,False,UBL
2019-03-20,136.75,136.75,133.1,136.39,244600,False,UBL
2019-03-19,139.0,139.0,134.5,135.49,601200,False,UBL
2019-03-18,134.99,138.88,133.51,137.71,363600,False,UBL
2019-03-15,139.98,139.98,136.6,137.4,549200,False,UBL
2019-03-14,139.9,140.5,138.5,138.93,319200,False,UBL
2019-03-13,138.0,140.39,138.0,140.01,203300,False,UBL
2019-03-12,139.1,139.94,137.5,138.65,475700,False,UBL
2019-03-11,140.9,140.9,137.99,139.2,643700,False,UBL
2019-03-08,137.95,138.0,136.55,137.44,203600,False,UBL
2019-03-07,140.25,140.9,137.5,138.15,530400,False,UBL
2019-03-06,141.2,141.2,138.75,139.97,496100,False,UBL
2019-03-05,141.98,142.15,139.9,140.43,424500,False,UBL
2019-03-04,139.89,142.0,139.1,141.49,875400,False,UBL
2019-03-01,136.39,140.0,136.39,139.25,1271000,False,UBL
2019-02-28,136.01,137.95,132.9,135.9,1006200,False,UBL
2019-02-27,133.98,136.49,128.99,134.83,2417000,False,UBL
2019-02-26,136.0,138.6,133.26,134.57,2443100,False,UBL
2019-02-25,138.0,140.4,136.75,137.21,4505600,False,UBL
2019-02-22,142.12,144.01,142.12,142.12,4037100,False,UBL
2019-02-21,157.98,158.98,149.6,149.6,5065300,False,UBL
2019-02-20,150.05,157.65,149.62,157.47,4544800,False,UBL
2019-02-19,153.0,153.0,150.0,150.15,404600,False,UBL
2019-02-18,153.95,154.51,150.02,151.77,980700,False,UBL
2019-02-15,148.0,153.9,148.0,153.73,1213900,False,UBL
2019-02-14,147.0,150.99,145.12,150.52,1795400,False,UBL
2019-02-13,149.98,151.1,145.05,146.27,2165100,False,UBL
2019-02-12,147.5,151.78,147.26,149.62,1022800,False,UBL
2019-02-11,155.0,155.0,148.0,148.84,1452200,False,UBL
2019-02-08,154.9,155.5,149.8,152.09,1346300,False,UBL
2019-02-07,156.0,156.95,153.99,154.29,936200,False,UBL
2019-02-06,157.5,157.62,155.75,155.98,2113700,False,UBL
2019-02-04,156.86,159.5,155.06,157.59,1535500,False,UBL
2019-02-01,152.98,157.0,152.98,156.67,2386600,False,UBL
2019-01-31,152.69,153.97,152.01,152.66,746900,False,UBL
2019-01-30,152.97,153.6,152.03,152.63,722400,False,UBL
2019-01-29,152.4,153.0,150.32,152.64,1290700,False,UBL
2019-01-28,153.3,154.8,151.32,152.74,977900,False,UBL
2019-01-25,148.0,153.8,148.0,153.14,3446300,False,UBL
2019-01-24,149.0,150.0,147.75,148.41,3252000,False,UBL
2019-01-23,145.0,147.8,145.0,146.65,3965900,False,UBL
2019-01-22,141.7,145.55,141.65,144.91,2486400,False,UBL
2019-01-21,139.68,143.89,139.68,142.29,1658900,False,UBL
2019-01-18,140.98,140.98,139.1,139.28,373400,False,UBL
2019-01-17,139.98,141.0,137.96,140.35,524700,False,UBL
2019-01-16,141.97,142.0,139.0,139.58,378900,False,UBL
2019-01-15,140.0,142.5,139.5,141.0,931300,False,UBL
2019-01-14,138.94,141.0,137.61,140.12,1333100,False,UBL
2019-01-11,138.1,138.98,135.65,137.92,967900,False,UBL
2019-01-10,137.99,139.98,136.08,138.34,427800,False,UBL
2019-01-09,138.0,139.49,136.0,136.8,610100,False,UBL
2019-01-08,138.7,141.39,136.3,137.76,2143100,False,UBL
2019-01-07,134.0,137.95,133.48,137.95,1357700,False,UBL
2019-01-04,131.52,134.49,129.0,131.39,907300,False,UBL
2019-01-03,131.0,134.0,128.61,131.56,498900,False,UBL
2019-01-02,129.0,135.08,127.5,129.71,2046300,False,UBL
2019-01-01,125.0,128.77,124.9,128.65,1058600,False,UBL
2018-12-31,129.0,129.0,121.85,122.64,12632400,False,UBL
2018-12-28,131.99,131.99,127.65,128.26,3164400,False,UBL
2018-12-27,136.67,137.08,131.5,132.76,796100,False,UBL
2018-12-26,138.1,138.5,135.52,135.79,536300,False,UBL
2018-12-24,139.01,139.4,137.0,138.07,108200,False,UBL
2018-12-21,137.52,140.0,135.4,139.4,566700,False,UBL
2018-12-20,139.0,140.9,137.98,138.77,506100,False,UBL
2018-12-19,137.2,141.4,137.0,138.67,283600,False,UBL
2018-12-18,138.65,138.65,137.2,137.81,494300,False,UBL
2018-12-17,139.51,139.75,137.85,138.65,246300,False,UBL
2018-12-14,137.9,141.75,137.0,140.05,519600,False,UBL
2018-12-13,137.7,138.3,134.9,136.42,607000,False,UBL
2018-12-12,140.0,141.48,136.11,137.02,1616900,False,UBL
2018-12-11,142.0,142.0,139.4,140.93,693800,False,UBL
2018-12-10,141.25,144.3,141.0,142.3,1203300,False,UBL
2018-12-07,141.0,141.0,137.51,140.02,977700,False,UBL
2018-12-06,142.8,142.9,139.0,139.96,1107300,False,UBL
2018-12-05,144.0,144.0,139.99,142.6,1686000,False,UBL
2018-12-04,140.5,145.4,140.0,143.92,3007700,False,UBL
2018-12-03,144.0,144.3,134.95,140.73,8530300,False,UBL
2018-11-30,144.5,151.02,139.68,141.53,52062300,False,UBL
2018-11-29,143.51,146.15,141.62,143.83,2788100,False,UBL
2018-11-28,146.0,146.95,143.62,143.94,2288000,False,UBL
2018-11-27,140.0,146.0,137.0,145.3,7008000,False,UBL
2018-11-26,141.0,144.0,139.0,139.91,2649700,False,UBL
2018-11-23,136.06,139.5,136.06,139.13,1035100,False,UBL
2018-11-22,139.75,140.0,136.5,137.34,1282800,False,UBL
2018-11-20,141.3,143.5,139.71,140.65,506300,False,UBL
2018-11-19,142.95,142.99,140.56,140.98,1814200,False,UBL
2018-11-16,140.74,143.88,139.5,142.55,3766400,False,UBL
2018-11-15,131.49,137.84,130.11,137.84,4687800,False,UBL
2018-11-14,131.0,136.25,130.24,131.28,9128400,False,UBL
2018-11-13,137.95,138.5,134.21,137.09,954400,False,UBL
2018-11-12,139.75,141.0,136.25,137.05,867800,False,UBL
2018-11-09,140.0,142.0,139.0,140.08,1455500,False,UBL
2018-11-08,146.99,146.99,140.15,141.31,941900,False,UBL
2018-11-07,147.95,150.0,146.05,147.5,1004100,False,UBL
2018-11-06,145.51,149.9,142.0,145.35,1422900,False,UBL
2018-11-05,151.0,151.1,147.0,148.44,621500,False,UBL
2018-11-02,147.55,154.48,145.0,151.2,2230900,False,UBL
2018-11-01,148.0,149.65,146.3,147.46,867600,False,UBL
2018-10-31,150.0,151.89,147.1,149.88,1572400,False,UBL
2018-10-30,150.97,152.7,149.0,151.44,3593700,False,UBL
2018-10-29,145.52,151.24,145.52,150.55,3103200,False,UBL
2018-10-26,138.25,145.0,138.1,144.04,5413800,False,UBL
2018-10-25,143.6,145.5,138.0,141.66,4673700,False,UBL
2018-10-24,140.0,142.83,139.0,142.83,4291200,False,UBL
2018-10-23,138.0,138.0,134.02,136.03,671800,False,UBL
2018-10-22,139.49,141.89,137.5,138.1,1356600,False,UBL
2018-10-19,135.1,139.99,134.5,139.14,2760600,False,UBL
2018-10-18,136.1,139.0,134.51,137.57,2579000,False,UBL
2018-10-17,134.99,138.95,133.55,136.94,2672200,False,UBL
2018-10-16,136.25,140.0,132.2,133.03,1275000,False,UBL
2018-10-15,139.78,139.78,133.02,136.88,2241600,False,UBL
2018-10-12,138.99,139.25,132.75,136.93,3368800,False,UBL
2018-10-11,140.02,142.5,139.0,139.58,2904700,False,UBL
2018-10-10,139.54,143.89,138.0,141.73,3443100,False,UBL
2018-10-09,138.0,142.5,135.0,137.79,5389200,False,UBL
2018-10-08,145.0,145.0,137.74,137.74,4057600,False,UBL
2018-10-05,151.0,151.0,144.3,144.98,1318400,False,UBL
2018-10-04,150.78,152.0,148.98,150.44,513600,False,UBL
2018-10-03,151.01,151.45,150.12,150.78,226000,False,UBL
2018-10-02,153.75,153.75,151.3,151.58,204200,False,UBL
2018-10-01,154.95,155.0,153.05,153.46,306400,False,UBL
2018-09-28,155.8,155.8,153.1,154.0,3359800,False,UBL
2018-09-27,154.5,156.89,153.25,153.97,805600,False,UBL
2018-09-26,153.05,155.99,151.56,154.79,961800,False,UBL
2018-09-25,154.4,155.0,153.25,153.47,974600,False,UBL
2018-09-24,153.75,156.0,153.12,153.87,1323500,False,UBL
2018-09-19,154.5,155.0,153.0,154.1,714500,False,UBL
2018-09-18,152.5,156.95,151.0,154.05,983100,False,UBL
2018-09-17,152.05,153.5,149.9,151.51,476300,False,UBL
2018-09-14,157.0,157.0,152.55,154.61,1130800,False,UBL
2018-09-13,154.99,157.0,152.99,156.21,706800,False,UBL
2018-09-12,157.0,157.0,153.7,154.0,484700,False,UBL
2018-09-11,158.5,158.5,155.5,156.34,869500,False,UBL
2018-09-10,161.0,161.0,156.01,157.14,169600,False,UBL
2018-09-07,160.0,160.0,157.25,157.91,252200,False,UBL
2018-09-06,158.0,162.6,157.56,160.52,1044500,False,UBL
2018-09-05,158.0,159.89,156.9,158.17,2564500,False,UBL
2018-09-04,159.0,160.49,156.05,157.65,522500,False,UBL
2018-09-03,158.2,159.25,157.05,158.2,473200,False,UBL
2018-08-31,160.0,160.0,157.3,158.03,1215600,False,UBL
2018-08-30,159.98,160.0,159.1,159.64,258200,False,UBL
2018-08-29,162.45,162.45,158.01,159.99,603300,False,UBL
2018-08-28,162.98,163.89,161.26,162.02,516000,False,UBL
2018-08-27,163.0,165.0,162.5,162.98,671500,False,UBL
2018-08-24,160.3,163.9,160.3,162.56,151100,False,UBL
2018-08-20,165.0,166.0,161.5,162.08,464900,False,UBL
2018-08-17,161.5,164.4,161.49,163.77,495900,False,UBL
2018-08-16,161.2,161.9,159.0,160.0,733600,False,UBL
2018-08-15,162.75,164.99,161.21,161.96,217800,False,UBL
2018-08-13,164.99,165.5,162.25,162.87,483600,False,UBL
2018-08-10,162.1,165.5,161.8,163.78,2527800,False,UBL
2018-08-09,165.89,165.89,160.2,161.63,604100,False,UBL
2018-08-08,163.4,166.5,163.4,163.77,1566800,False,UBL
2018-08-07,167.7,169.4,164.6,165.09,1191700,False,UBL
2018-08-06,165.5,168.5,164.5,166.98,737800,False,UBL
2018-08-03,164.0,166.0,161.51,165.24,2129300,False,UBL
2018-08-02,174.0,174.0,164.34,165.17,3742300,False,UBL
2018-08-01,176.0,176.99,171.02,172.98,856000,False,UBL
2018-07-31,183.89,183.89,175.08,175.4,1923300,False,UBL
2018-07-30,187.55,189.0,183.9,184.29,1935400,False,UBL
2018-07-27,181.6,188.0,180.01,186.03,2330100,False,UBL
2018-07-26,184.0,184.0,178.01,181.53,1876400,False,UBL
2018-07-24,175.5,179.0,172.75,176.48,1375500,False,UBL
2018-07-23,174.15,176.5,173.25,174.23,341200,False,UBL
2018-07-20,179.0,179.37,175.0,177.16,1196500,False,UBL
2018-07-19,177.0,180.0,175.12,179.1,2177800,False,UBL
2018-07-18,166.5,173.34,166.5,172.48,1476700,False,UBL
2018-07-17,164.0,166.2,161.0,165.09,365800,False,UBL
2018-07-16,165.0,166.85,159.03,164.82,2430100,False,UBL
2018-07-13,152.5,160.19,152.5,160.19,3184000,False,UBL
2018-07-12,153.0,154.0,150.65,152.57,4483700,False,UBL
2018-07-11,155.5,156.5,150.51,152.82,4058200,False,UBL
2018-07-10,153.0,159.75,148.52,155.27,3459300,False,UBL
2018-07-09,160.55,160.55,153.27,153.53,3602400,False,UBL
2018-07-06,160.5,162.5,159.99,161.33,701300,False,UBL
2018-07-05,160.3,162.45,158.61,161.05,1344700,False,UBL
2018-07-04,164.0,164.01,158.0,160.07,1517700,False,UBL
2018-07-03,167.05,167.05,164.11,164.79,553600,False,UBL
2018-07-02,170.0,170.5,166.49,167.2,437100,False,UBL
2018-06-29,169.0,170.49,168.2,168.98,942800,False,UBL
2018-06-28,170.01,171.9,167.99,169.28,993400,False,UBL
2018-06-27,170.01,174.0,167.75,170.7,1269400,False,UBL
2018-06-26,170.17,172.98,169.0,170.04,1374600,False,UBL
2018-06-25,169.0,173.0,168.0,170.17,1033400,False,UBL
2018-06-22,170.1,170.5,165.15,169.13,2969200,False,UBL
2018-06-21,174.0,174.0,168.0,168.73,1779000,False,UBL
2018-06-20,179.5,180.0,174.0,175.04,846700,False,UBL
2018-06-19,179.4,181.59,178.5,179.96,1605900,False,UBL
2018-06-14,180.0,181.85,178.0,179.86,1159300,False,UBL
2018-06-13,179.5,183.5,178.5,180.54,671300,False,UBL
2018-06-12,185.51,187.0,178.5,179.01,1668900,False,UBL
2018-06-11,182.47,187.0,182.47,185.43,2255600,False,UBL
2018-06-07,181.5,187.75,181.5,182.47,2143000,False,UBL
2018-06-06,173.49,181.83,173.3,181.67,5163200,False,UBL
2018-06-05,171.99,174.6,171.1,173.18,4286700,False,UBL
2018-06-04,169.49,173.75,167.89,171.1,2392900,False,UBL
2018-06-01,169.11,170.0,167.53,169.09,1700400,False,UBL
2018-05-31,169.4,171.0,167.06,169.12,2589500,False,UBL
2018-05-30,171.0,172.0,167.26,168.84,778000,False,UBL
2018-05-29,168.94,171.5,168.05,170.01,2247700,False,UBL
2018-05-28,172.99,173.51,167.5,169.39,1102300,False,UBL
2018-05-25,172.4,172.5,168.0,170.06,457000,False,UBL
2018-05-24,170.99,172.5,170.05,171.27,372900,False,UBL
2018-05-23,173.05,173.5,170.5,171.6,1039700,False,UBL
2018-05-22,170.15,175.0,170.0,172.76,3729300,False,UBL
2018-05-21,167.0,170.0,167.0,169.02,784400,False,UBL
2018-05-18,167.0,168.0,165.18,166.54,471800,False,UBL
2018-05-17,168.06,169.89,165.19,165.48,661600,False,UBL
2018-05-16,172.7,172.98,168.2,169.38,522700,False,UBL
2018-05-15,173.5,173.5,169.5,171.93,903900,False,UBL
2018-05-14,175.98,175.98,171.0,171.84,382800,False,UBL
2018-05-11,174.05,176.5,174.0,175.22,111600,False,UBL
2018-05-10,176.5,178.0,174.0,174.45,1167400,False,UBL
2018-05-09,178.5,179.79,173.1,175.9,913500,False,UBL
2018-05-08,182.0,182.0,179.0,180.15,906700,False,UBL
2018-05-07,186.0,186.0,180.54,181.75,568600,False,UBL
2018-05-04,193.0,193.0,184.2,186.1,1350500,False,UBL
2018-05-03,197.0,197.0,190.2,192.05,754400,False,UBL
2018-05-02,200.01,200.01,196.15,196.98,532500,False,UBL
2018-04-30,200.5,204.0,199.05,201.1,806700,False,UBL
2018-04-27,197.5,202.0,197.5,199.84,1849400,False,UBL
2018-04-26,198.0,199.7,195.99,197.01,1080400,False,UBL
2018-04-25,198.3,201.0,197.5,198.31,139100,False,UBL
2018-04-24,195.96,200.0,195.56,199.59,367200,False,UBL
2018-04-23,194.5,197.6,194.5,195.86,308200,False,UBL
2018-04-20,200.99,201.0,193.65,195.65,416900,False,UBL
2018-04-19,195.1,201.0,194.36,200.03,948600,False,UBL
2018-04-18,202.49,202.49,199.0,201.3,574800,False,UBL
2018-04-17,204.97,205.02,199.0,201.63,781200,False,UBL
2018-04-16,204.97,205.74,202.55,203.55,411800,False,UBL
2018-04-13,207.08,208.0,204.0,204.51,2546800,False,UBL
2018-04-12,206.11,208.45,205.5,208.01,363400,False,UBL
2018-04-11,210.0,212.0,205.5,206.37,1053300,False,UBL
2018-04-10,210.75,211.44,209.0,210.39,269700,False,UBL
2018-04-09,210.0,213.25,210.0,211.71,896300,False,UBL
2018-04-06,211.5,219.7,210.01,211.12,2211000,False,UBL
2018-04-05,206.8,215.4,206.0,211.43,1742100,False,UBL
2018-04-04,203.5,208.0,202.5,206.33,558900,False,UBL
2018-04-03,201.36,205.49,201.36,203.68,431200,False,UBL
2018-04-02,205.89,205.89,202.0,203.33,789800,False,UBL
2018-03-30,207.49,210.49,206.0,208.89,717000,False,UBL
2018-03-29,201.05,206.5,200.5,205.82,727800,False,UBL
2018-03-28,201.01,203.0,200.56,201.78,1727400,False,UBL
2018-03-27,201.0,203.75,199.06,202.62,622300,False,UBL
2018-03-26,195.52,203.5,195.0,201.87,698000,False,UBL
2018-03-22,196.82,198.99,195.25,198.24,740700,False,UBL
2018-03-21,195.79,199.01,194.2,196.82,1052300,False,UBL
2018-03-20,188.12,198.3,188.12,197.79,2525200,False,UBL
2018-03-19,188.5,190.2,187.0,188.86,350700,False,UBL
2018-03-16,190.77,191.01,188.0,188.93,756900,False,UBL
2018-03-15,192.2,192.5,190.12,190.77,188400,False,UBL
2018-03-14,193.02,193.97,191.75,193.15,1379600,False,UBL
2018-03-13,192.5,194.5,191.8,193.44,1027000,False,UBL
2018-03-12,188.5,193.9,188.5,192.35,1025400,False,UBL
2018-03-09,189.0,189.9,188.11,189.06,687500,False,UBL
2018-03-08,190.23,190.7,187.06,189.62,461100,False,UBL
2018-03-07,188.95,192.0,188.01,190.22,344700,False,UBL
2018-03-06,187.99,189.89,187.99,188.47,374500,False,UBL
2018-03-05,189.5,190.01,187.65,188.17,523100,False,UBL
2018-03-02,188.99,190.0,187.01,189.37,468400,False,UBL
2018-03-01,188.71,191.05,187.13,188.81,838600,False,UBL
2018-02-28,191.0,194.89,188.02,188.66,2174400,False,UBL
2018-02-27,194.0,194.0,187.11,190.71,1289400,False,UBL
2018-02-26,197.0,199.0,193.35,194.39,600100,False,UBL
2018-02-23,198.25,200.01,193.0,196.91,903600,False,UBL
2018-02-22,189.0,200.0,185.95,198.07,2633100,False,UBL
2018-02-21,201.9,202.5,191.95,192.73,3105900,False,UBL
2018-02-20,202.97,203.95,198.03,200.72,1245000,False,UBL
2018-02-19,203.11,205.0,201.5,202.34,323700,False,UBL
2018-02-16,197.15,206.0,196.5,203.55,926600,False,UBL
2018-02-15,197.0,197.5,195.11,197.2,358000,False,UBL
2018-02-14,192.1,197.5,191.6,196.97,849800,False,UBL
2018-02-13,190.9,194.0,189.55,193.45,921600,False,UBL
2018-02-12,196.0,197.0,188.52,189.59,544800,False,UBL
2018-02-09,191.5,197.5,189.0,196.34,708400,False,UBL
2018-02-08,194.45,197.5,192.0,192.22,332100,False,UBL
2018-02-07,190.5,195.0,190.5,194.24,1311100,False,UBL
2018-02-06,189.87,189.95,185.94,189.51,1263100,False,UBL
2018-02-02,190.97,194.78,188.98,190.17,1405100,False,UBL
2018-02-01,193.0,195.4,190.25,190.82,1526300,False,UBL
2018-01-31,201.99,203.5,192.1,193.63,3387500,False,UBL
2018-01-30,208.07,209.7,199.5,201.95,954400,False,UBL
2018-01-29,208.03,211.5,206.48,208.75,1428400,False,UBL
2018-01-26,210.0,210.99,202.0,203.17,656300,False,UBL
2018-01-25,212.11,213.75,210.21,210.62,367400,False,UBL
2018-01-24,212.6,214.88,209.11,213.14,2822800,False,UBL
2018-01-23,213.0,213.5,208.0,212.18,1045500,False,UBL
2018-01-22,212.01,216.4,210.52,213.8,610400,False,UBL
2018-01-19,210.5,214.5,208.55,213.89,1013300,False,UBL
2018-01-18,211.0,215.5,204.0,209.97,4103500,False,UBL
2018-01-17,208.0,210.5,206.01,209.83,1009500,False,UBL
2018-01-16,205.01,209.99,205.01,208.42,1498400,False,UBL
2018-01-15,210.01,210.75,205.5,206.56,1184700,False,UBL
2018-01-12,213.0,213.5,209.01,211.48,5063200,False,UBL
2018-01-11,215.0,216.98,209.6,213.91,3043100,False,UBL
2018-01-10,209.02,219.0,209.0,215.16,1570300,False,UBL
2018-01-09,211.5,214.0,205.99,210.38,1361700,False,UBL
2018-01-08,209.5,216.85,209.5,215.01,2047900,False,UBL
2018-01-05,201.5,212.0,201.5,210.42,2480200,False,UBL
2018-01-04,195.5,205.88,195.5,204.48,2886700,False,UBL
2018-01-03,195.5,197.99,194.06,196.08,396500,False,UBL
2018-01-02,189.99,197.01,189.0,195.49,1944700,False,UBL
2018-01-01,185.0,190.5,183.0,190.06,371100,False,UBL
2017-12-29,185.0,189.0,183.0,187.97,1329800,False,UBL
2017-12-28,183.01,186.5,182.5,185.49,707200,False,UBL
2017-12-27,178.3,184.0,178.3,182.18,1090500,False,UBL
2017-12-26,182.5,182.5,178.0,179.11,550300,False,UBL
2017-12-22,179.5,184.0,177.15,182.8,1552300,False,UBL
2017-12-21,174.25,180.5,172.6,179.86,1627300,False,UBL
2017-12-20,167.01,174.74,167.01,174.03,1173200,False,UBL
2017-12-19,163.11,168.27,163.0,166.42,942200,False,UBL
2017-12-18,165.49,166.24,163.99,164.36,241000,False,UBL
2017-12-15,164.01,169.5,162.01,164.99,2682600,False,UBL
2017-12-14,166.5,166.5,164.0,165.07,62300,False,UBL
2017-12-13,166.5,171.5,165.5,166.04,1703300,False,UBL
2017-12-12,168.5,168.5,162.2,167.24,754900,False,UBL
2017-12-11,168.0,171.5,167.0,167.99,653800,False,UBL
2017-12-08,165.49,171.55,163.76,168.18,1108200,False,UBL
2017-12-07,171.1,171.1,163.05,163.4,1173800,False,UBL
2017-12-06,173.01,174.0,171.06,171.55,182600,False,UBL
2017-12-05,177.0,177.0,173.0,173.45,211900,False,UBL
2017-12-04,174.0,177.95,174.0,176.93,792500,False,UBL
2017-11-30,168.0,176.98,168.0,175.53,2404300,False,UBL
2017-11-29,171.5,171.5,167.6,168.56,195200,False,UBL
2017-11-28,170.5,172.25,168.0,171.34,718800,False,UBL
2017-11-27,166.99,171.5,165.01,169.97,272300,False,UBL
2017-11-24,169.1,169.49,166.55,167.07,359200,False,UBL
2017-11-23,171.5,171.5,169.5,170.15,804300,False,UBL
2017-11-22,172.5,172.6,170.3,171.44,1006400,False,UBL
2017-11-21,170.0,173.94,170.0,171.56,1582500,False,UBL
2017-11-20,172.97,172.97,170.1,170.44,79100,False,UBL
2017-11-17,173.4,174.75,171.55,171.99,709600,False,UBL
2017-11-16,171.5,174.8,171.15,172.6,597400,False,UBL
2017-11-15,172.0,176.0,170.3,171.23,771900,False,UBL
2017-11-14,175.0,176.5,172.2,173.14,368400,False,UBL
2017-11-13,176.0,176.98,174.06,175.34,541500,False,UBL
2017-11-10,179.0,179.0,176.5,176.94,229800,False,UBL
2017-11-09,180.0,181.0,178.05,179.44,3178900,False,UBL
2017-11-08,180.45,180.99,179.65,180.44,872900,False,UBL
2017-11-07,180.5,181.9,179.41,179.66,688300,False,UBL
2017-11-06,182.89,182.89,180.5,180.52,391800,False,UBL
2017-11-03,181.79,182.0,180.7,181.83,955900,False,UBL
2017-11-02,180.1,183.5,180.1,181.79,461800,False,UBL
2017-11-01,179.0,182.0,178.1,181.77,2139600,False,UBL
2017-10-31,183.0,183.0,177.25,179.09,3409600,False,UBL
2017-10-30,189.0,189.0,182.0,182.76,2086800,False,UBL
2017-10-27,190.0,190.51,188.21,188.95,3252300,False,UBL
2017-10-26,191.47,191.8,188.05,190.07,1762000,False,UBL
2017-10-25,191.0,192.99,190.5,191.48,917600,False,UBL
2017-10-24,193.3,193.3,190.12,190.83,944400,False,UBL
2017-10-23,192.05,197.0,192.05,193.99,2306200,False,UBL
2017-10-20,191.1,196.0,189.5,193.69,328600,False,UBL
2017-10-19,192.5,193.1,188.99,192.01,630300,False,UBL
2017-10-18,191.5,194.5,190.25,192.82,501600,False,UBL
2017-10-17,191.0,192.5,190.1,191.98,1745600,False,UBL
2017-10-16,190.0,191.05,189.01,191.0,474400,False,UBL
2017-10-13,189.1,190.0,188.0,189.74,205400,False,UBL
2017-10-12,190.5,191.0,189.15,190.51,1337300,False,UBL
2017-10-11,190.5,191.5,189.13,190.78,594800,False,UBL
2017-10-10,190.5,191.65,189.05,190.78,819100,False,UBL
2017-10-09,191.97,192.0,190.0,191.46,507200,False,UBL
2017-10-06,188.49,191.45,185.65,189.98,504800,False,UBL
2017-10-05,187.49,189.35,183.03,186.15,405000,False,UBL
2017-10-04,185.01,189.6,181.0,187.11,713200,False,UBL
2017-10-03,187.0,187.0,185.0,185.88,376400,False,UBL
2017-10-02,189.99,189.99,186.0,186.92,153300,False,UBL
2017-09-29,190.1,192.75,186.01,190.17,808700,False,UBL
2017-09-28,190.51,192.5,190.0,191.84,1055100,False,UBL
2017-09-27,192.01,192.5,190.0,190.7,586400,False,UBL
2017-09-26,191.97,193.9,191.01,193.01,1113100,False,UBL
2017-09-25,194.52,194.52,189.11,191.65,877800,False,UBL
2017-09-22,188.55,195.0,188.55,194.52,826500,False,UBL
2017-09-21,191.11,193.5,189.0,190.17,481300,False,UBL
2017-09-20,190.49,194.7,190.49,193.07,713100,False,UBL
2017-09-19,190.49,190.95,188.5,190.25,439400,False,UBL
2017-09-18,190.5,190.5,188.0,189.66,261900,False,UBL
2017-09-15,190.95,191.5,188.0,189.65,2166900,False,UBL
2017-09-14,188.01,191.0,187.05,190.27,508900,False,UBL
2017-09-13,185.0,190.0,184.0,189.66,1112300,False,UBL
2017-09-12,184.5,188.99,183.0,184.31,1081500,False,UBL
2017-09-11,190.0,190.0,183.0,184.79,1193500,False,UBL
2017-09-08,195.5,200.5,190.0,191.78,2220200,False,UBL
2017-09-07,191.0,193.0,190.0,192.2,2464500,False,UBL
2017-09-06,192.5,195.0,187.06,190.15,824900,False,UBL
2017-09-05,186.13,192.0,184.5,191.11,1298100,False,UBL
2017-08-31,189.34,189.99,183.2,186.13,4020100,False,UBL
2017-08-30,186.0,192.1,186.0,189.66,1057500,False,UBL
2017-08-29,190.5,197.3,182.96,188.69,1409100,False,UBL
2017-08-28,197.01,198.0,192.0,192.58,818800,False,UBL
2017-08-25,197.5,199.0,193.01,198.66,403900,False,UBL
2017-08-24,198.0,199.99,196.0,197.81,1709100,False,UBL
2017-08-23,196.0,199.75,196.0,198.1,525000,False,UBL
2017-08-22,194.5,196.4,188.5,195.53,926200,False,UBL
2017-08-21,191.88,195.0,189.55,193.88,392800,False,UBL
2017-08-18,191.0,195.0,188.5,191.05,1701000,False,UBL
2017-08-17,198.45,198.45,190.05,191.58,474800,False,UBL
2017-08-16,194.0,199.0,194.0,195.22,1362100,False,UBL
2017-08-15,198.0,200.0,194.0,194.86,1396200,False,UBL
2017-08-11,199.0,199.98,196.5,197.35,452000,False,UBL
2017-08-10,200.5,201.0,198.5,199.05,2359600,False,UBL
2017-08-09,205.5,205.5,197.5,199.71,3434200,False,UBL
2017-08-08,210.5,210.5,206.22,206.64,624500,False,UBL
2017-08-07,212.5,212.5,209.0,209.77,655700,False,UBL
2017-08-04,213.71,214.87,211.15,212.23,251300,False,UBL
2017-08-03,214.5,215.0,213.0,213.71,794200,False,UBL
2017-08-02,212.05,215.2,212.05,214.71,969200,False,UBL
2017-08-01,209.75,213.2,206.5,211.89,1703600,False,UBL
2017-07-31,211.5,215.5,206.0,208.06,1584800,False,UBL
2017-07-28,204.51,212.5,203.52,209.78,2634900,False,UBL
2017-07-27,213.55,215.0,212.0,214.23,386700,False,UBL
2017-07-26,214.5,216.5,214.0,215.56,408500,False,UBL
2017-07-25,211.5,215.5,211.5,214.46,378000,False,UBL
2017-07-24,214.75,215.75,211.1,213.36,271500,False,UBL
2017-07-21,209.26,215.0,207.5,213.84,562800,False,UBL
2017-07-20,215.0,218.5,210.0,211.22,943100,False,UBL
2017-07-19,216.0,217.75,212.15,213.67,420000,False,UBL
2017-07-18,209.75,218.0,209.15,216.75,586500,False,UBL
2017-07-17,205.0,212.0,205.0,209.58,704600,False,UBL
2017-07-14,201.0,207.0,201.0,206.87,623400,False,UBL
2017-07-13,203.0,204.0,197.5,201.97,2022600,False,UBL
2017-07-12,204.0,208.01,196.01,202.32,1671600,False,UBL
2017-07-11,212.5,212.5,205.47,205.47,2625500,False,UBL
2017-07-10,214.5,219.7,212.5,216.28,1067400,False,UBL
2017-07-07,219.5,223.95,213.3,215.18,1590300,False,UBL
2017-07-06,225.99,225.99,217.0,221.12,1024800,False,UBL
2017-07-05,224.0,227.49,220.0,223.64,2624600,False,UBL
2017-07-04,224.0,232.5,220.15,225.21,839100,False,UBL
2017-07-03,232.0,235.99,223.75,223.75,1914300,False,UBL
2017-06-30,236.9,238.0,232.5,235.52,1152400,False,UBL
2017-06-29,225.9,237.5,221.0,235.75,4367100,False,UBL
2017-06-22,223.9,228.1,220.11,226.56,1999700,False,UBL
2017-06-21,216.01,226.0,216.0,224.38,2560800,False,UBL
2017-06-20,222.9,223.29,215.0,218.96,3078900,False,UBL
2017-06-19,221.9,224.5,220.0,223.29,975000,False,UBL
2017-06-16,225.9,227.5,221.03,222.02,1694200,False,UBL
2017-06-15,232.39,234.5,224.0,225.37,3067900,False,UBL
2017-06-14,235.9,238.85,229.91,232.99,1901000,False,UBL
2017-06-13,226.5,236.52,225.7,233.12,2514600,False,UBL
2017-06-12,232.99,232.99,224.01,225.26,845000,False,UBL
2017-06-09,237.01,237.01,231.0,232.87,187400,False,UBL
2017-06-08,236.0,242.49,233.99,237.18,2699900,False,UBL
2017-06-07,238.0,238.05,234.0,237.02,1178900,False,UBL
2017-06-06,233.0,237.75,232.0,235.11,2000600,False,UBL
2017-06-05,222.5,233.82,222.5,233.75,2599500,False,UBL
2017-06-02,225.75,227.99,217.55,222.69,3510900,False,UBL
2017-06-01,236.99,236.99,225.72,226.24,15870400,False,UBL
2017-05-31,249.97,252.0,237.01,237.6,21090000,False,UBL
2017-05-30,251.0,255.0,243.99,249.48,3126100,False,UBL
2017-05-29,254.01,258.98,248.0,250.24,1799600,False,UBL
2017-05-26,261.97,262.0,255.25,256.92,2241300,False,UBL
2017-05-25,264.5,266.98,258.2,259.67,1953400,False,UBL
2017-05-24,264.9,271.02,263.99,265.97,2349400,False,UBL
2017-05-23,260.0,265.5,258.5,263.01,3826500,False,UBL
2017-05-22,248.9,259.3,248.9,257.38,2158300,False,UBL
2017-05-19,251.0,253.0,246.02,247.66,2919100,False,UBL
2017-05-18,258.48,259.0,249.25,250.55,1925900,False,UBL
2017-05-17,261.0,261.95,256.75,258.56,3007800,False,UBL
2017-05-16,270.9,270.9,256.9,260.05,2050900,False,UBL
2017-05-15,266.98,273.5,266.5,267.04,3366600,False,UBL
2017-05-12,264.0,268.1,263.99,266.77,2348300,False,UBL
2017-05-11,268.95,269.0,263.0,264.87,3810900,False,UBL
2017-05-10,269.99,271.48,264.0,268.5,2002500,False,UBL
2017-05-09,282.0,283.0,268.5,270.55,1823000,False,UBL
2017-05-08,263.0,275.38,261.0,275.38,3048600,False,UBL
2017-05-05,250.0,263.24,250.0,262.27,1914100,False,UBL
2017-05-04,245.05,252.0,244.01,250.71,1381400,False,UBL
2017-05-03,245.1,247.49,243.89,246.35,627700,False,UBL
2017-05-02,245.14,248.0,243.0,245.64,266000,False,UBL
2017-04-28,247.0,250.0,245.01,248.14,3342200,False,UBL
2017-04-27,246.0,247.98,244.2,246.74,269800,False,UBL
2017-04-26,246.99,248.0,244.0,246.02,1024000,False,UBL
2017-04-25,246.0,247.0,245.0,245.93,1102600,False,UBL
2017-04-24,245.65,246.99,242.0,245.94,1275600,False,UBL
2017-04-21,242.0,247.0,238.72,245.65,2026400,False,UBL
2017-04-20,235.2,246.88,231.02,241.72,2294800,False,UBL
2017-04-19,230.0,236.99,227.88,235.13,470600,False,UBL
2017-04-18,233.05,235.95,230.0,232.15,946200,False,UBL
2017-04-17,230.61,235.0,230.61,232.91,393900,False,UBL
2017-04-14,234.01,234.89,230.1,232.0,245600,False,UBL
2017-04-13,238.1,238.1,234.49,235.45,502100,False,UBL
2017-04-12,238.0,239.98,238.0,238.62,180800,False,UBL
2017-04-11,239.63,239.89,234.0,238.81,370700,False,UBL
2017-04-10,235.97,239.0,233.0,237.74,796200,False,UBL
2017-04-07,227.0,235.5,226.3,234.81,885100,False,UBL
2017-04-06,233.7,233.7,225.0,226.48,902400,False,UBL
2017-04-05,229.5,232.0,229.0,230.03,561900,False,UBL
2017-04-04,234.0,237.1,229.0,230.58,1767800,False,UBL
2017-04-03,227.52,235.5,226.5,234.51,2355900,False,UBL
2017-03-31,224.5,230.0,221.98,227.63,1499000,False,UBL
2017-03-30,227.97,228.7,223.0,225.19,628100,False,UBL
2017-03-29,227.97,232.0,226.0,227.55,1963600,False,UBL
2017-03-28,227.97,229.0,223.51,226.99,1083100,False,UBL
2017-03-27,229.5,230.0,226.5,227.67,752600,False,UBL
2017-03-24,230.4,231.0,228.5,229.42,927700,False,UBL
2017-03-22,233.96,234.01,230.0,230.23,1174400,False,UBL
2017-03-21,233.99,234.0,232.0,232.34,467300,False,UBL
2017-03-20,233.0,235.98,232.11,233.84,258000,False,UBL
2017-03-17,230.0,236.0,229.01,233.61,1425600,False,UBL
2017-03-16,228.05,232.6,224.05,231.27,1471600,False,UBL
2017-03-15,239.0,240.0,224.76,229.43,1653500,False,UBL
2017-03-14,241.99,242.0,235.2,240.58,1532800,False,UBL
2017-03-13,243.11,245.89,240.15,240.84,740000,False,UBL
2017-03-10,251.78,251.78,244.5,245.63,1364300,False,UBL
2017-03-09,249.01,254.99,248.0,251.78,683800,False,UBL
2017-03-08,248.05,250.0,248.05,249.95,360500,False,UBL
2017-03-07,249.25,249.97,247.02,248.77,350200,False,UBL
2017-03-06,249.0,250.1,247.0,249.28,242400,False,UBL
2017-03-03,248.1,250.8,245.1,248.93,1165700,False,UBL
2017-03-02,244.97,248.01,244.0,247.59,917200,False,UBL
2017-03-01,244.8,246.5,243.15,244.09,136400,False,UBL
2017-02-28,243.51,245.0,242.5,244.73,428200,False,UBL
2017-02-27,246.02,247.0,242.11,246.04,431100,False,UBL
2017-02-24,247.1,249.7,245.0,248.5,136700,False,UBL
2017-02-23,248.5,250.0,242.0,248.9,818500,False,UBL
2017-02-22,245.05,249.99,245.05,248.86,1039600,False,UBL
2017-02-21,244.01,248.85,242.5,247.26,239600,False,UBL
2017-02-20,241.03,247.0,241.02,245.46,609900,False,UBL
2017-02-17,244.5,246.0,239.0,241.86,1968600,False,UBL
2017-02-16,240.0,246.95,238.06,245.51,608100,False,UBL
2017-02-15,240.6,242.5,239.0,239.7,618000,False,UBL
2017-02-14,243.5,246.0,239.11,241.86,780400,False,UBL
2017-02-13,240.01,250.5,238.5,243.85,1336900,False,UBL
2017-02-10,241.97,242.88,239.03,240.9,458900,False,UBL
2017-02-09,241.0,244.5,238.06,241.37,1040200,False,UBL
2017-02-08,244.88,244.88,240.2,241.59,477700,False,UBL
2017-02-07,236.0,245.0,236.0,244.88,805200,False,UBL
2017-02-06,232.01,236.9,232.01,235.58,547000,False,UBL
2017-02-03,232.0,234.9,231.0,233.36,1276800,False,UBL
2017-02-02,235.48,237.2,231.0,231.48,2042900,False,UBL
2017-02-01,235.05,240.0,233.25,234.87,1728500,False,UBL
2017-01-31,236.01,236.9,230.25,235.33,1925400,False,UBL
2017-01-30,240.98,241.5,235.0,235.96,623200,False,UBL
2017-01-27,242.6,247.0,238.2,240.23,1066200,False,UBL
2017-01-26,238.0,243.0,235.0,241.62,845200,False,UBL
2017-01-25,241.45,242.9,237.0,237.72,582100,False,UBL
2017-01-24,242.89,242.9,238.76,240.72,620600,False,UBL
2017-01-23,238.9,241.99,238.9,241.76,339000,False,UBL
2017-01-20,235.97,239.9,235.97,238.41,305100,False,UBL
2017-01-19,236.99,237.99,233.0,235.56,337000,False,UBL
2017-01-18,238.49,238.99,233.0,235.07,1042300,False,UBL
2017-01-17,239.0,239.0,235.02,237.0,697400,False,UBL
2017-01-16,249.1,249.1,237.5,238.36,1946300,False,UBL
2017-01-13,256.0,256.0,248.5,249.57,1094300,False,UBL
2017-01-12,254.0,257.0,252.9,256.35,682800,False,UBL
2017-01-11,245.0,253.5,245.0,252.52,1179300,False,UBL
2017-01-10,248.0,251.0,246.0,247.53,281400,False,UBL
2017-01-09,247.0,253.5,245.55,249.27,1032900,False,UBL
2017-01-06,247.01,248.8,246.5,247.75,604600,False,UBL
2017-01-05,247.0,248.0,244.55,246.82,712700,False,UBL
2017-01-04,247.01,250.99,246.0,247.08,895800,False,UBL
2017-01-03,243.0,250.0,239.0,249.48,749500,False,UBL
2017-01-02,237.0,244.0,236.08,243.59,385100,False,UBL
2016-12-30,232.7,240.0,232.57,238.9,882900,False,UBL
2016-12-29,234.97,235.49,232.01,233.22,916500,False,UBL
2016-12-28,232.5,235.55,232.0,234.77,849600,False,UBL
2016-12-27,231.99,233.5,230.75,231.21,1014600,False,UBL
2016-12-26,228.99,233.0,228.99,231.54,679700,False,UBL
2016-12-23,236.5,236.53,230.3,231.9,2482100,False,UBL
2016-12-22,239.0,239.0,235.0,237.14,904900,False,UBL
2016-12-21,241.99,242.0,234.0,236.79,1762800,False,UBL
2016-12-20,233.9,243.72,232.0,240.17,1758000,False,UBL
2016-12-19,232.0,236.5,231.3,232.12,2440100,False,UBL
2016-12-16,232.0,234.5,229.15,233.3,1654500,False,UBL
2016-12-15,230.0,235.49,227.99,230.57,1709800,False,UBL
2016-12-14,232.5,234.99,227.0,229.88,1294800,False,UBL
2016-12-13,227.0,235.49,224.02,231.38,1776700,False,UBL
2016-12-09,222.98,228.5,222.97,226.81,866600,False,UBL
2016-12-08,221.0,226.0,221.0,224.89,1786400,False,UBL
2016-12-07,218.5,222.49,217.0,220.33,335500,False,UBL
2016-12-06,215.26,220.0,215.26,219.45,538500,False,UBL
2016-12-05,215.0,218.0,215.0,217.5,651100,False,UBL
2016-12-02,213.77,215.76,208.0,214.67,157500,False,UBL
2016-12-01,210.0,213.9,209.97,211.09,1205100,False,UBL
2016-11-30,209.0,210.9,208.0,208.55,918100,False,UBL
2016-11-29,215.01,215.5,208.5,210.19,1067800,False,UBL
2016-11-28,212.7,217.0,212.7,215.2,217400,False,UBL
2016-11-25,214.49,215.99,212.75,214.37,93000,False,UBL
2016-11-24,214.5,218.0,213.05,214.18,601600,False,UBL
2016-11-23,208.35,215.0,208.35,213.96,811900,False,UBL
2016-11-22,210.0,210.0,208.52,209.07,1313900,False,UBL
2016-11-21,210.0,212.9,209.5,209.83,529600,False,UBL
2016-11-18,210.5,212.0,210.0,210.76,84400,False,UBL
2016-11-17,213.99,214.5,210.5,211.3,1314600,False,UBL
2016-11-16,214.9,215.0,212.1,212.9,525600,False,UBL
2016-11-15,214.2,215.2,211.1,212.64,496300,False,UBL
2016-11-14,221.5,223.0,213.11,215.05,1232400,False,UBL
2016-11-11,218.52,223.0,218.52,220.87,670500,False,UBL
2016-11-10,214.99,222.5,214.99,221.83,1260600,False,UBL
2016-11-09,210.0,215.0,206.0,213.93,478100,False,UBL
2016-11-08,218.5,218.5,211.3,214.09,1098100,False,UBL
2016-11-07,212.0,220.9,212.0,216.98,644400,False,UBL
2016-11-04,216.97,219.8,213.1,214.04,265700,False,UBL
2016-11-03,216.24,221.14,211.05,217.28,2087700,False,UBL
2016-11-02,210.0,216.26,210.0,213.3,2845300,False,UBL
2016-11-01,201.0,210.5,200.51,209.37,2417300,False,UBL
2016-10-31,199.97,203.01,199.01,201.48,710800,False,UBL
2016-10-28,199.0,202.0,197.9,199.8,616400,False,UBL
2016-10-27,200.01,200.99,199.45,199.61,894000,False,UBL
2016-10-26,201.1,203.5,199.5,200.2,564000,False,UBL
2016-10-25,200.1,203.0,198.0,202.22,555800,False,UBL
2016-10-24,202.5,202.5,199.9,200.16,801600,False,UBL
2016-10-21,205.51,206.9,203.0,203.72,507500,False,UBL
2016-10-20,204.95,208.0,204.95,205.67,995600,False,UBL
2016-10-19,200.26,205.0,198.51,203.69,750900,False,UBL
2016-10-18,200.55,201.99,199.0,200.0,1793000,False,UBL
2016-10-17,201.56,202.5,201.0,201.61,217300,False,UBL
2016-10-14,202.0,202.0,200.1,201.52,862600,False,UBL
2016-10-13,203.26,204.0,201.0,202.96,629300,False,UBL
2016-10-10,202.01,203.99,202.01,202.56,277600,False,UBL
2016-10-07,204.22,205.0,203.15,204.61,218200,False,UBL
2016-10-06,204.5,207.0,203.51,205.16,304200,False,UBL
2016-10-05,207.0,208.9,203.5,203.89,260600,False,UBL
2016-10-04,203.0,207.35,203.0,206.67,1559200,False,UBL
2016-10-03,199.21,205.0,199.21,203.65,1083200,False,UBL
2016-09-30,200.01,200.9,197.99,198.78,600400,False,UBL
2016-09-29,200.26,205.99,197.0,199.49,2562300,False,UBL
2016-09-28,200.15,202.8,200.0,202.03,447600,False,UBL
2016-09-27,198.26,201.5,198.26,200.74,1260800,False,UBL
2016-09-26,195.12,201.59,195.0,200.71,899500,False,UBL
2016-09-23,199.24,200.0,194.0,195.72,538200,False,UBL
2016-09-22,196.1,199.77,196.09,198.35,410600,False,UBL
2016-09-21,198.5,198.69,196.0,196.09,1406200,False,UBL
2016-09-20,201.25,202.45,198.08,200.0,1053300,False,UBL
2016-09-19,202.0,202.99,200.05,201.25,1375500,False,UBL
2016-09-16,203.15,203.98,198.0,202.07,494000,False,UBL
2016-09-15,208.01,208.01,202.5,203.17,1730200,False,UBL
2016-09-09,208.01,212.0,208.01,209.19,191600,False,UBL
2016-09-08,207.99,210.05,204.0,209.98,414400,False,UBL
2016-09-07,205.11,209.45,205.0,207.59,469100,False,UBL
2016-09-06,200.5,206.0,200.02,205.59,954500,False,UBL
2016-09-05,200.5,202.0,200.0,200.1,89100,False,UBL
2016-09-02,200.96,201.95,199.5,200.12,544300,False,UBL
2016-09-01,203.0,204.65,200.0,200.72,798900,False,UBL
2016-08-31,203.03,205.5,203.03,204.21,623400,False,UBL
2016-08-30,204.03,206.25,203.56,204.06,158300,False,UBL
2016-08-29,203.95,205.0,202.5,204.77,310700,False,UBL
2016-08-26,201.75,203.5,200.25,203.01,823800,False,UBL
2016-08-25,199.55,203.4,199.42,202.04,1202800,False,UBL
2016-08-24,201.5,202.0,199.0,199.41,146400,False,UBL
2016-08-23,201.5,202.8,199.01,200.63,311400,False,UBL
2016-08-22,198.07,201.0,195.55,200.1,300800,False,UBL
2016-08-19,199.99,201.0,198.6,199.81,724500,False,UBL
2016-08-18,206.0,206.25,198.5,199.96,774900,False,UBL
2016-08-17,206.49,207.0,205.25,205.91,409600,False,UBL
2016-08-16,205.75,209.92,204.97,206.45,1324000,False,UBL
2016-08-15,206.55,207.5,205.0,205.71,811500,False,UBL
2016-08-12,206.0,212.0,203.1,206.38,3603800,False,UBL
2016-08-11,200.0,207.17,196.12,205.58,4636000,False,UBL
2016-08-10,197.45,198.0,196.26,197.31,593700,False,UBL
2016-08-09,198.89,199.5,196.07,197.43,1883900,False,UBL
2016-08-08,190.97,199.2,190.6,197.72,3528200,False,UBL
2016-08-05,188.06,191.9,188.06,190.82,1282000,False,UBL
2016-08-04,189.5,190.0,188.61,189.4,1784800,False,UBL
2016-08-03,189.9,189.97,188.5,188.99,459500,False,UBL
2016-08-02,187.5,189.89,187.25,189.0,767300,False,UBL
2016-08-01,185.97,189.0,185.97,187.53,2021300,False,UBL
2016-07-29,186.01,187.1,184.5,185.38,340000,False,UBL
2016-07-28,187.5,189.1,186.0,187.3,2423200,False,UBL
2016-07-27,183.85,187.99,183.85,186.65,4149600,False,UBL
2016-07-26,179.5,183.5,179.0,183.03,1969000,False,UBL
2016-07-25,179.97,181.5,178.66,179.34,498100,False,UBL
2016-07-22,179.95,180.25,179.1,179.53,829000,False,UBL
2016-07-21,179.51,180.49,179.0,179.81,339100,False,UBL
2016-07-20,180.9,181.0,178.12,179.25,964800,False,UBL
2016-07-19,178.25,181.0,177.13,180.13,886000,False,UBL
2016-07-18,180.5,180.5,176.56,179.26,1633000,False,UBL
2016-07-15,180.51,182.0,179.56,180.74,1897600,False,UBL
2016-07-14,180.45,182.25,180.25,180.62,344800,False,UBL
2016-07-13,181.48,182.4,180.0,181.04,1327900,False,UBL
2016-07-12,177.99,181.5,177.99,181.12,1860300,False,UBL
2016-07-11,177.97,177.97,175.25,177.58,1357600,False,UBL
2016-07-04,176.97,179.0,175.0,177.1,1006000,False,UBL
2016-06-30,178.5,178.5,176.5,176.92,727300,False,UBL
2016-06-29,176.4,177.02,174.5,176.33,1099500,False,UBL
2016-06-28,167.5,174.5,167.5,173.32,2183500,False,UBL
2016-06-27,172.5,172.5,166.25,167.09,1024500,False,UBL
2016-06-24,170.04,174.8,166.33,171.07,3408300,False,UBL
2016-06-23,175.01,176.0,174.0,175.08,870200,False,UBL
2016-06-22,178.0,180.99,174.1,175.01,836200,False,UBL
2016-06-21,178.0,178.0,176.0,177.23,562700,False,UBL
2016-06-20,183.99,185.03,177.1,178.53,1136800,False,UBL
2016-06-17,184.99,187.75,180.05,184.11,2439300,False,UBL
2016-06-16,181.9,186.0,178.0,184.53,4429300,False,UBL
2016-06-15,179.88,179.88,176.01,179.84,4488200,False,UBL
2016-06-14,169.89,174.5,167.5,171.32,1889000,False,UBL
2016-06-13,164.38,168.9,163.0,167.43,382600,False,UBL
2016-06-10,168.1,168.5,161.52,164.38,2104700,False,UBL
2016-06-09,168.5,168.74,167.0,168.1,133300,False,UBL
2016-06-08,169.0,169.7,167.6,168.13,338400,False,UBL
2016-06-07,168.5,170.25,168.5,169.02,1379000,False,UBL
2016-06-06,168.17,173.0,168.17,169.92,316600,False,UBL
2016-06-03,168.0,173.0,165.13,172.36,1351400,False,UBL
2016-06-02,170.05,172.01,162.0,171.38,2440600,False,UBL
2016-06-01,168.01,171.0,168.01,170.12,534000,False,UBL
2016-05-31,167.9,170.0,166.1,169.29,1291100,False,UBL
2016-05-30,168.5,169.0,165.3,167.36,793200,False,UBL
2016-05-27,166.02,169.9,166.02,168.61,272300,False,UBL
2016-05-26,166.0,167.75,166.0,167.03,237400,False,UBL
2016-05-25,167.5,167.99,166.25,166.72,590100,False,UBL
2016-05-24,167.0,167.5,166.2,166.96,774400,False,UBL
2016-05-23,168.5,170.1,164.01,166.54,1693700,False,UBL
2016-05-20,171.9,171.9,170.62,171.01,274800,False,UBL
2016-05-19,171.5,173.5,169.25,171.41,2426900,False,UBL
2016-05-18,170.0,172.75,168.0,171.27,361400,False,UBL
2016-05-17,171.51,172.99,170.13,171.49,689600,False,UBL
2016-05-16,172.8,173.5,171.5,171.56,430800,False,UBL
2016-05-13,170.25,172.99,170.12,172.14,1093200,False,UBL
2016-05-12,173.0,173.9,169.25,170.11,994600,False,UBL
2016-05-11,175.0,175.05,172.5,173.06,1380600,False,UBL
2016-05-10,176.25,177.0,172.26,174.47,2337600,False,UBL
2016-05-09,173.0,178.0,172.5,177.36,5677800,False,UBL
